t_s,slider_z_mm,slider_velocity_mm_s,slider_accel_mm_s2,equivalent_mass_kg,nonlinear_force_N,empty_force_minusZ_N,upper_q_deg,upper_velocity_rad_s,upper_accel_rad_s2,lower_q_deg,lower_velocity_rad_s,lower_accel_rad_s2
0.0,-40.0,-0.0,-0.0,7.402662439005733,0.0,-3.715882082800836,105.00000000000006,-0.0,0.0,112.99999999999989,-0.0,0.0
0.001,-40.00000319040768,-0.009561638400000001,-19.0849536,7.402652042981901,1.4895494900822506e-07,-3.8571557054300767,104.99998968280455,-0.0005396660515054521,-1.077168654972856,112.9999789239648,-0.0011024329425144202,-2.200443796025483
0.002,-40.00002544664576,-0.038093414400000004,-37.9404288,7.402579521511097,2.364172685753124e-06,-3.996692898951249,104.99991771027855,-0.002150016668767349,-2.141374796639843,112.99983189847214,-0.004392042561366334,-4.374347966013569
0.003,-40.00008562426624,-0.0853663104,-56.56734720000001,7.402383443159747,1.1871973252357251e-05,-4.134455822863594,104.99972310778101,-0.00481810342299074,-3.192643708404499,112.99943436846303,-0.009842250694824115,-6.521613258965833
0.004,-40.00020235026432,-0.15115223039999998,-74.9666304,7.4020031496934156,3.721532172250487e-05,-4.270399345842141,104.99934564200049,-0.00853099463772823,-4.230983737069551,112.99866330579542,-0.017426314372463732,-8.642010290497716
0.005,-40.000394024,-0.235224,-93.13919999999999,7.401378785084148,9.010771043662612e-05,-4.404471413481453,104.99872582047327,-0.013275758827499385,-5.256387042046051,112.99739722235822,-0.027117198635120535,-10.73518545880371
0.006,-40.00067881811968,-0.3373553664,-111.0859776,7.400451336355992,0.00018528247644269695,-4.536613425569518,104.99780489202901,-0.01903944888232297,-6.268830338359474,112.99551619030281,-0.038887455308142645,-12.800666944552702
0.007,-40.00107467947776,-0.45732099839999996,-128.80788479999998,7.399162685658681,0.0003403356167670962,-4.666760625892107,104.99652484812144,-0.025809086993088034,-7.268275635671442,112.99290186904679,-0.05270910783859195,-14.837870847087606
0.008,-40.00159933005824,-0.5948964864,-146.30584319999997,7.3974556729266085,0.0005755604051243846,-4.794842507155286,104.9948284250014,-0.03357165031479114,-8.254670975301918,112.98943753869898,-0.06855354235622534,-16.846107502910545
0.009000000000000001,-40.00227026789632,-0.7498583424000002,-163.5807744,7.395274168438259,0.0009137723630373983,-4.920783233189015,104.99265910669045,-0.042314057366537344,-9.227951167008577,112.98500813954301,-0.08639140516082383,-18.82458802592132
0.01,-40.003104768,-0.921984,-180.6336,7.3925631545431045,0.001380123397981992,-5.044502080156497,104.98996112871238,-0.05202315516884725,-10.188038527056737,112.97950031720477,-0.10619250687458374,-20.772431102201672
0.011000000000000001,-40.00411988327168,-1.1110518144000001,-197.4652416,7.389268815769241,0.002001904192176174,-5.165913898040391,104.98667948254075,-0.06268570712023613,-11.134843618894573,112.97280247311403,-0.12792573352765932,-22.688670065274067
0.012,-40.00533244542976,-1.3168410624,-214.07662079999997,7.385338636467427,0.0028083342082536834,-5.28492959320845,104.98275992071952,-0.07428838161623777,-12.068265997533304,112.96480481985532,-0.15155896486736242,-24.572260270702657
0.013000000000000001,-40.00675906593024,-1.5391319424000003,-230.46865920000005,7.3807215050871715,0.003830338971714398,-5.401456632378521,104.97814896261461,-0.08681774141504017,-12.988194958520968,112.95539944098486,-0.17705900019678214,-26.42208678165311
0.014,-40.00841613688832,-1.7777055743999999,-246.6422784,7.375367824119507,0.005100314593313709,-5.51539956780857,104.97279390075332,-0.10026023375468414,-13.894510292190727,112.94448035487363,-0.20439149205650545,-28.23697236961099
0.015000000000000001,-40.010319832,-2.032344,-262.59839999999997,7.369229624681093,0.00665187980521036,-5.626660583034918,104.96664280770796,-0.11460218122735406,-14.787083043660393,112.93194358211778,-0.23352088806355903,-30.015685826916542
0.016,-40.01248610746368,-2.3028301824,-278.33794559999995,7.362260684657132,0.008519616099724708,-5.735140057976155,104.95964454348098,-0.12982977341666785,-15.665776278859681,112.91768721604052,-0.2644103812145487,-31.75695058016199
0.017,-40.01493070290176,-2.5889480064000003,-293.8618368,7.3544166492667795,0.01073879687522258,-5.840737151715777,104.9517487633469,-0.1459290593040487,-16.53044585666454,112.901611495792,-0.297021868945207,-33.45945358588538
0.018000000000000002,-40.017669142282244,-2.8904822784000004,-309.1709952,7.345655152867887,0.013345106805533297,-5.943350400781288,104.94290592610737,-0.16288594045024596,-17.380941207025895,112.8836188815373,-0.3313159212162194,-35.12185448246757
0.019,-40.02071673484032,-3.2072187263999994,-324.26634240000004,7.335935940778188,0.01637435295247361,-6.042878330257714,104.93306730271439,-0.18068616495786435,-18.217106114791875,112.86361413120908,-0.36725175786541975,-36.742794964790356
0.02,-40.024088576,-3.538944,-339.1488,7.325220989859076,0.01986216943007276,-6.139220074616682,104.92218498521702,-0.1993153222203674,-19.03877950873969,112.84150437828649,-0.4047872354294161,-38.32090834114414
0.021,-40.02779954829568,-3.8854456703999998,-353.8192896,7.313474626589742,0.023843717698289205,-6.232276004718887,104.91021189598624,-0.21875883846245026,-19.845796255156415,112.81719921005507,-0.4438788435938733,-39.85482922520599
0.022000000000000002,-40.031864322293764,-4.2465122304000005,-368.2787328,7.30066364135018,0.0283533848075103,-6.321948357062219,104.89710179717277,-0.23900197307592752,-20.63798795513646,112.79061074579076,-0.4844817113813123,-41.34320330973807
0.023,-40.036297357514236,-4.621933094399999,-382.5280512,7.286757397638422,0.03342448212715655,-6.408141861013237,104.88280930035165,-0.260029815754369,-21.41518374460003,112.76165371430929,-0.5265496231291436,-42.78469716312052
0.024,-40.04111290335232,-5.011498598399999,-396.5681664,7.271727934966542,0.039088947266678144,-6.49076435948016,104.8672898763082,-0.2818272844286397,-22.177211095880057,112.73024553031918,-0.570035044249288,-44.17800798502915
0.025,-40.046325,-5.415000000000002,-410.4,7.255550064215443,0.045377052030000586,-6.569727418271372,104.85049986491941,-0.3043791240042766,-22.923896619577867,112.69630636902127,-0.614889156695022,-45.52187325361505
0.026000000000000002,-40.05194747936768,-5.8322294784,-424.0244736000001,7.238201454277234,0.05231711933048881,-6.6449469192380075,104.83239648508449,-0.3276699059002595,-23.655066865248653,112.65975923840016,-0.6610619039913869,-46.81508019352543
0.027,-40.05799396600576,-6.262980134399999,-437.4425088,7.219662708880779,0.059935252029080385,-6.716343632232425,104.8129378446591,-0.3516840283872376,-24.370549119350045,112.6205300486674,-0.7085020456138476,-48.05647499212935
0.028,-40.06447787802624,-6.707045990399999,-450.6550271999999,7.199917432575641,0.06825507664057778,-6.783843760925255,104.79208295034728,-0.37640571772163517,-25.070172198768834,112.57854767832737,-0.7571572204266318,-49.24497169042293
0.029,-40.07141242802432,-7.164221990400001,-463.6629504,7.178952284945772,0.07729750478062869,-6.847379457619502,104.76979171750584,-0.40181903007033437,-25.75376723813553,112.53374403635777,-0.8069740188187726,-50.379560675358896
0.030000000000000002,-40.078810624,-7.634304,-476.46720000000005,7.156757022232325,0.08708051509820613,-6.906889302377418,104.7460249798157,-0.42790785421878014,-26.421168469042254,112.48605412001776,-0.8578980631031528,-51.45931670178414
0.031,-40.08668527027968,-8.117088806399998,-489.06869759999995,7.1333245256678195,0.09761895825645156,-6.962318742037944,104.72074449877637,-0.45465591505344793,-27.072213989200147,112.43541606782496,-0.9098740956733483,-52.48340637480196
0.032,-40.09504896843776,-8.612374118399998,-501.4683648,7.1086508159551105,0.10892438729075242,-7.013620485041641,104.69391297297841,-0.4820467778075846,-27.706746519503948,112.38177120727258,-0.9628460743455892,-53.451095027161955
0.033,-40.10391411821824,-9.119958566400001,-513.6671232,7.082735053467674,0.12100491539065109,-7.060754848396378,104.66549404711131,-0.5100638530571066,-28.324614146921046,112.32506409689286,-1.0167572742501962,-54.361752931196264
0.034,-40.113292918456324,-9.6396417024,-525.6658944,7.055579523896132,0.1338651028264704,-7.103690053599957,104.6354523206642,-0.5386904024514166,-28.925671051083558,112.26524256231203,-1.071550395579251,-55.21486079078201
0.035,-40.123197368,-10.171224,-537.4656,7.02718960921962,0.14750587437854867,-7.142402468878581,104.60375335627711,-0.5679095451617706,-29.509778212439812,112.20225772598079,-1.12716767644607,-56.01001446572534
0.036000000000000004,-40.13363926663168,-10.7145068544,-549.0671616,6.997573744037776,0.16192446823393442,-7.1768767956939525,104.5703636877031,-0.5977042650276783,-30.07680409981552,112.13606403031129,-1.1835510100683453,-56.74692888872766
0.037000000000000005,-40.144630215989764,-11.269292582400002,-560.4715008000001,6.966743357455121,0.17711441690023721,-7.20710619810302,104.5352508273412,-0.6280574183796811,-30.626625335243514,112.0666192539957,-1.2406420654511072,-57.42544114355623
0.038,-40.15618162049024,-11.8353844224,-571.6795391999999,6.934712800863511,0.1930655602577794,-7.233092374212651,104.4983832733024,-0.6589517425147053,-31.159127333945847,111.99388452132985,-1.2983824107187345,-58.04551268206079
0.039,-40.16830468824832,-12.4125865344,-582.6921983999999,6.9014992621178255,0.20976409043834165,-7.254845569644263,104.45973051597186,-0.6903698647981099,-31.674204917393375,111.91782430441542,-1.3567136382276221,-58.60723066708776
0.04,-40.181010432,-13.000704000000002,-593.5104000000001,6.8671226667414675,0.22719262779074406,-7.272384533595929,104.41926304403258,-0.7222943123644915,-32.171762897424045,111.83840641816397,-1.4155774905829392,-59.11080843796599
0.041,-40.19430967002368,-13.599542822400002,-604.1350656000001,6.83160556692984,0.2453303267793145,-7.285736418749706,104.37695234991654,-0.7547075223873178,-32.651716629473,111.75560200807513,-1.4749159866843629,-59.55658510489817
0.042,-40.20821302706176,-14.208909926400002,-614.5671168,6.794973019240959,0.2641530102697076,-7.2949366269078295,104.33277093465193,-0.787591852885567,-33.113992533054756,111.66938553081309,-1.534671546936898,-59.94502428811861
0.043000000000000003,-40.22273093524224,-14.828613158400003,-624.8074751999999,6.757252451968796,0.28363333029536775,-7.300028602839653,104.2866923120768,-0.8209295940337462,-33.55852857773947,111.57973472765329,-1.594787116783319,-60.27671202688819
0.044000000000000004,-40.23787363500032,-15.458461286400002,-634.8570623999999,6.718473523286439,0.3037409530743892,-7.301063579371213,104.23869101239093,-0.8547029799399342,-33.985274732979406,111.48663059091847,-1.655206287744235,-60.55235389213526
0.045000000000000005,-40.253651176,-16.098264000000004,-644.7168,6.678667971322392,0.3244427657666863,-7.298100277243316,104.1887425850204,-0.888894200854945,-34.39419338027127,111.39005732356982,-1.7158734151897936,-60.772771344672
0.046,-40.27007341805568,-16.7478319104,-654.3876096,6.637869457391372,0.34570310222994916,-7.29120456369117,104.13682360077121,-0.9234854157742383,-34.78525968627949,111.29000229216166,-1.7767337321126375,-60.93889738827441
0.047,-40.28715003205376,-17.4069765504,-663.8704128,6.596113403642169,0.36748398485341516,-7.28044907405515,104.08291165325053,-0.958458765392923,-35.15846193569734,111.18645597340799,-1.8377334582243594,-61.051771573410534
0.048,-40.304890500874244,-18.0755103744,-673.1661312,6.553436826408643,0.3897453794231447,-7.2659128010126075,104.0269853595365,-0.9937963853730334,-35.51380182278382,111.07941189464728,-1.898819903756363,-61.11253441293943
0.049,-40.32330412031232,-18.7532467584,-682.2756864000002,6.509878166555891,0.4124454599019273,-7.247680656222792,103.96902436008008,-1.0294804198813126,-35.85129470068496,110.96886656852547,-1.9599415674097085,-61.122421275616816
0.05,-40.3424,-19.440000000000005,-691.2,6.4654771181022275,0.43554087999043933,-7.225843009299126,103.90900931782427,-1.0654930353548897,-36.170969787824525,110.8548194222452,-2.0210482279660367,-61.08275582668624
0.051000000000000004,-40.362187064327685,-20.1355853184,-699.9399936000001,6.42027445637201,0.4589870483723022,-7.200495209069879,103.84692191652927,-1.101816434451667,-36.472870330834596,110.73727272175907,-2.082091029142508,-60.994943087203104
0.052000000000000005,-40.38267405336576,-20.839818854400004,-708.4965888000002,6.374311866891053,0.48273840463042966,-7.171737092056823,103.78274485829418,-1.138432870141752,-36.75705372368263,110.61623149130243,-2.143022557345741,-60.8604621850109
0.053000000000000005,-40.40386952378624,-21.552517670400007,-716.8707072000001,6.327631776182131,0.506748692952212,-7.13967248300248,103.716461860268,-1.1753246598960383,-37.023591582844794,110.49170342868109,-2.2037969120530314,-60.68085887052507
0.054,-40.42578184978432,-22.2734997504,-725.0632704000001,6.2802771855507045,0.5309712309112254,-7.104408692111555,103.64805765054629,-1.2124741999280002,-37.27256977856787,110.3636988167431,-2.264369768622019,-60.457737869701766
0.055,-40.448419224,-23.002584000000002,-733.0751999999999,6.232291508873156,0.5553591708177121,-7.066056013448953,103.57751796325131,-1.2498639794448867,-37.50408842245557,110.23223043147168,-2.324698433401447,-60.19275514485586
0.056,-40.47178965843968,-23.7395902464,-740.9074176,6.183718415313971,0.5798657513631809,-7.024727228663789,103.50482953279607,-1.2874765948648177,-37.71826181180708,110.09731344714248,-2.3847418910851066,-59.88761013142109
0.057,-40.49590098539776,-24.4843392384,-748.5608448,6.134601677805987,0.6044445375398115,-6.980537119893864,103.42998008733628,-1.3252947639568653,-37.91521833132575,109.9589653389903,-2.4444608443177556,-59.544038015412745
0.058,-40.52076085837824,-25.236652646400003,-756.0364032,6.0849850280296165,0.6290496470860872,-6.933601995355402,103.35295834141502,-1.3633013398618439,-38.095100313000636,109.81720578382627,-2.5038177456242416,-59.16380211235467
0.059000000000000004,-40.54637675301632,-25.996353062400004,-763.3350144000001,6.034912018527084,0.6536359619907405,-6.884039230749557,103.27375398780848,-1.4014793249524649,-38.25806385514348,109.67205655904324,-2.5627768217919846,-58.74868640388635
0.060000000000000005,-40.572755967999996,-26.763264000000003,-770.4576000000001,5.984425892485586,0.6781593238708162,-6.8319668292262286,103.19235768858353,-1.4398118844926031,-38.40427860173732,109.52354144043576,-2.6213040908904506,-58.300488283273666
0.061000000000000006,-40.59990562599168,-27.537209894400007,-777.4050816000001,5.93356946162143,0.702576712321339,-6.777503002246292,103.10876106537867,-1.4782823600565802,-38.53392748341659,109.3716860992503,-2.6793673721599074,-57.82101155572835
0.062,-40.62783267454976,-28.318016102399998,-784.1783808,5.882384992498273,0.7268464056086702,-6.720765773284074,103.02295668892475,-1.5168742826708828,-38.647206421556206,109.21651799886716,-2.7369362890450293,-57.312059733900895
0.063,-40.65654388705024,-29.1055089024,-790.7784192000001,5.830914101514756,0.7509281233420089,-6.661872605916446,102.93493806782061,-1.5555713856421716,-38.74432399709042,109.05806629149694,-2.7939822656861977,-56.77542966325427
0.064,-40.68604586360832,-29.8995154944,-797.2061184000002,5.779197658705744,0.7747831510048525,-6.60094005746419,102.84469963658445,-1.5943576170372158,-38.825501085818495,108.89636171525774,-2.850478517213498,-56.21290550635267
0.065,-40.716345032,-30.69986400000001,-803.4624000000001,5.727275700413287,0.7983744464563032,-6.538083458985584,102.75223674300013,-1.633217151782143,-38.89097046207521,108.73143649197708,-2.9064000342144563,-55.626253109494996
0.066,-40.74744764858368,-31.506383462400006,-809.5481856,5.675187350803014,0.8216667287193169,-6.473416622079993,102.6575456347824,-1.6721344033503738,-38.94097637275473,108.56332422604133,-2.9617235617672697,-55.01721476967067
0.067,-40.77935979922176,-32.318903846400005,-815.4643968,5.622970752127138,0.8446265495571711,-6.40705157264168,102.56062344558472,-1.7110940350106223,-38.97577408377215,108.3920598045925,-3.0164275734467,-54.387504414583816
0.068,-40.81208740020224,-33.137256038400004,-821.2119551999999,5.570663003568182,0.8672223484995345,-6.339098311414878,102.46146818037583,-1.7500809706084706,-38.995629401129925,108.21767929934836,-3.0704922407199446,-53.7388032035407
0.069,-40.84563619916032,-33.96127184640001,-826.7917824000002,5.518300108437993,0.8894244921152938,-6.269664600942117,102.36007870021272,-1.7890804048572482,-39.000818168825475,108.04021987029803,-3.1238993981553564,-53.07275555237168
0.07,-40.880011775999996,-34.790784,-832.2048,5.465916929454332,0.9112052984404969,-6.198855778269223,102.25645470643825,-1.828077813116184,-38.99162574588984,107.85971967150113,-3.1766325048678143,-52.3909655812997
0.07100000000000001,-40.91521954381568,-35.6256261504,-837.4519296000001,5.4135471517729385,0.9325390475572783,-6.1267745925739145,102.15059672433395,-1.8670589606361438,-38.96834646488897,107.67621775919301,-3.2286766026214946,-51.69499398080298
0.07200000000000001,-40.95126474981376,-36.4656328704,-842.5340928,5.361223253416032,0.9534019793844107,-6.053521066718968,102.04250608625881,-1.9060099112555722,-38.931283074243744,107.48975400237724,-3.2800182710041867,-50.986355287061244
0.07300000000000001,-40.98815247623424,-37.310639654400006,-847.4522112000002,5.308976482708008,0.9737722797831722,-5.979192381595186,101.93218491430548,-1.9449170355316505,-38.880746166738746,107.30036899605967,-3.3306455800771015,-50.26651555553806
0.07400000000000001,-41.02588764127232,-38.160482918400014,-852.2072064,5.256836842306741,0.9936300561059639,-5.903882782013176,101.81963610250776,-1.9837670182940543,-38.817053596587265,107.10810397725943,-3.3805480408916817,-49.53689041862912
0.075,-41.064475,-39.01499999999999,-856.7999999999998,5.204833079401618,1.012957303320162,-5.827683502822724,101.70486329863142,-2.022546865611024,-38.74052988740597,106.91300074390627,-3.4297165542492856,-48.7988435110989
0.076,-41.10391914528768,-39.8740291584,-861.2315135999999,5.152992681639709,1.031737861829464,-5.750682713884854,101.58787088558346,-2.0612439111598477,-38.65150563342539,106.71510157671608,-3.4781433580628036,-48.053685245213764
0.077,-41.144224508725756,-40.7374095744,-865.5026687999999,5.101341878335994,1.0499573680901229,-5.672965482489986,101.46866396247317,-2.099845821996114,-38.55031689622305,106.51444916411415,-3.525821973660141,-47.30267191605086
0.078,-41.18539536154624,-41.604981350399996,-869.6143871999999,5.049905646523704,1.067603199083023,-5.594613751804882,101.34724832536017,-2.1383406037184023,-38.437304599215246,106.3110865302572,-3.5727471513495233,-46.54700511638565
0.079,-41.22743581554432,-42.4765855104,-873.5675904,4.998707721405545,1.0846644116561688,-5.515706333939049,101.22363044772392,-2.1767166050272566,-38.31281392208257,106.10505696618915,-3.6189148155457076,-45.78783143982004
0.08,-41.270349824,-43.352064,-877.3631999999999,4.947770610774206,1.1011316776973472,-5.436318916243942,101.09781746068903,-2.2149625216794124,-38.17719369723247,105.89640396414566,-3.664322009734228,-45.026242450376564
0.081,-41.31414118259968,-44.23125968640001,-881.0021375999999,4.897115612983194,1.1169972160366064,-5.356524079496221,100.96981713304179,-2.253067399840381,-38.030795810323085,105.68517115501164,-3.7089668415294956,-44.26327489662126
0.082,-41.358813530357764,-45.1140163584,-884.4853247999998,4.846762838062468,1.1322547219125771,-5.276391326663397,100.83963785107117,-2.2910206388403695,-37.87397460678314,105.47140224891744,-3.752848428060027,-43.499911148464264
0.083,-41.404370350538244,-46.00017872640001,-887.8136831999999,4.796731231590982,1.1468992947692098,-5.19598712100816,100.70728859826939,-2.3288119933405134,-37.70708630616887,105.25514097895042,-3.795966841892921,-42.737079835086014
0.084,-41.45081497157632,-46.88959242240001,-890.9881343999999,4.747038600956397,1.1609273650797514,-5.115374932351369,100.57277893492456,-2.366431574918093,-37.530488426096355,105.03643104794439,-3.838323057687961,-41.97565666292631
0.085,-41.498150568,-47.782104,-894.0096,4.697701643652474,1.1743366208253725,-5.034615290383325,100.43611897763915,-2.4038698530811664,-37.34453921738164,104.81531607830057,-3.879918899751207,-41.2164653933188
0.08600000000000001,-41.54638016135168,-48.67756093440001,-896.8790015999999,4.648735977285769,1.187125934187029,-4.953765843985759,100.29731937880658,-2.44111765572459,-37.14959711191007,104.59183956478438,-3.920756990637861,-40.46027896013144
0.08700000000000001,-41.59550662110976,-49.5758116224,-899.5972608000001,4.600156170984774,1.1992952889420718,-4.8728814256017365,100.1563913060769,-2.4781661690408483,-36.94602018464142,104.36604483023355,-3.9608407009348867,-39.70782070865785
0.08800000000000001,-41.64553266561024,-50.476705382400006,-902.1652991999999,4.5519757779268675,1.2108457089926845,-4.792014119766478,100.01334642184327,-2.5150069369005124,-36.734165631041236,104.13797498410719,-4.00017410033572,-38.95976573797086
0.08900000000000001,-41.69646086296832,-51.380092454400014,-904.5840384,4.504207368720407,1.221779188391794,-4.711213334987163,99.86819686277848,-2.5516318597183316,-36.51438926111042,103.90767288379847,-4.038761910101994,-38.21674232997814
0.09000000000000001,-41.748293632,-52.285824000000005,-906.8543999999998,4.456862565401176,1.2320986231743147,-4.630525878233674,99.72095521945093,-2.588033192822094,-36.28704501106543,103.67518109862965,-4.0766094569911315,-37.47933344948719
0.091,-41.80103324314368,-53.19375210240001,-908.9773056,4.409952075823785,1.2418077452476428,-4.549996031373791,99.57163451604784,-2.624203544342394,-36.052484473603656,103.44054187644325,-4.113722628713362,-36.748078300682025
0.092,-41.85468181938176,-54.10372976640001,-910.9536767999999,4.3634857282494455,1.250911058545529,-4.469665628955326,99.42024819023247,-2.6601358726422943,-35.8110564475691,103.20379711270019,-4.150107830967746,-36.023473926514484
0.093,-41.90924133716224,-55.0156109184,-912.7844352000001,4.317472505951626,1.2594137776039682,-4.389574136803222,99.26681007316176,-2.6958234833066608,-35.5631065077183,102.96498832199369,-4.1857719460938485,-35.305976838610114
0.094,-41.96471362732032,-55.9292504064,-914.4705024,4.271920581680127,1.267321768676413,-4.309758730961375,99.11133436968804,-2.73126002571155,-35.30897659517087,102.72415661188502,-4.22072229336379,-34.596004666368685
0.095,-42.021100376,-56.84450400000001,-916.0128000000002,4.226837351842587,1.274641493468748,-4.230254376567268,98.95383563876916,-2.7664394891945965,-35.049004629018626,102.48134265896736,-4.254966590928715,-33.89393781499364
0.096,-42.078403125575676,-57.76122839040001,-917.4122496000001,4.1822294702793315,1.2813799555414234,-4.151093906301013,98.79432877410905,-2.8013561988477473,-34.783524139458336,102.23658668706211,-4.288512919423813,-33.200121123204745
0.097,-42.13662327557376,-58.679281190400005,-918.6697728,4.138102881523826,1.287544649397446,-4.072308098100489,98.63282898504931,-2.836004810954002,-34.51286392270924,101.9899284474533,-4.321369687227455,-32.5148655123674
0.098,-42.19576208359424,-59.59852093440001,-919.7862912,4.094462853455879,1.2931435122497121,-3.9939257518796785,98.46935177773227,-2.870380308090036,-34.237347717876546,101.74140720106536,-4.35354559736205,-31.838449619705756
0.099,-42.25582066623232,-60.518807078400016,-920.7627264,4.05131400926869,1.298184878439712,-3.9159737650288955,98.30391293655337,-2.9044779939166823,-33.9572939058261,101.49106170249051,-4.3850496160174215,-31.171121409151752
0.1,-42.3168,-61.44000000000002,-921.6000000000001,4.008660358683798,1.3026774364615261,-3.838477206513306,98.13652850592084,-2.938293487679303,-33.673015230046104,101.23893018577412,-4.4158909426715125,-30.513099754212952
0.101,-42.37870092224768,-62.36196099840001,-922.2990336000001,3.9665053283595126,1.3066301885298097,-3.7614593894196697,97.96721477233783,-2.9718227184399564,-33.38481853938509,100.98505035186668,-4.446078981777899,-29.864575988022544
0.10200000000000001,-42.44152413208576,-63.284552294400015,-922.8607488,3.92485179144935,1.3100524126182829,-3.684941941831603,97.79598824682247,-3.0050619190631775,-33.09300455247677,100.72945935765395,-4.475623315985203,-29.225715416458364
0.10300000000000001,-42.50527019130624,-64.20763703040002,-923.2860671999999,3.8837020962765916,1.312953626885476,-3.6089448759403338,97.6228656476791,-3.038007619976916,-32.79786764358738,100.47219380647873,-4.504533680849704,-28.596658790888213
0.10400000000000001,-42.56993952530432,-65.13107927040002,-923.5759104000001,3.8430580940998134,1.3153435563969909,-3.5334866553213002,97.44786388363258,-3.0706566427298845,-32.49969564955218,100.21328974006936,-4.532819940999282,-27.977523737715288
0.10500000000000001,-42.635532424,-66.05474400000003,-923.7312000000002,3.802921165952213,1.3172321020482631,-3.4585842603278114,97.27100003733744,-3.1030060933662535,-32.1987696974053,99.95278263179392,-4.56049206770442,-27.368406142460863
0.10600000000000001,-42.70204904275968,-66.97849712640001,-923.7528576000001,3.763292248544272,1.3186293115879135,-3.3842532515705295,97.09229134927108,-3.1350533556380986,-31.895364052249604,99.69070738115968,-4.58756011780968,-26.76938148663779
0.10700000000000001,-42.76948940331776,-67.90220547840002,-923.6418048000002,3.7241718592257933,1.3195453526401029,-3.3105078314671212,96.91175520202036,-3.166796084075671,-31.589745984860826,99.42709830948245,-4.614034213978024,-26.180506136127512
0.108,-42.837853394698236,-68.8257368064,-923.3989631999999,3.6855601200084362,1.3199904876231932,-3.237360903859325,96.72940910496845,-3.1982321969348697,-31.28217565847487,99.16198915665106,-4.639924526198813,-25.601818580197055
0.109,-42.907140774136316,-69.74895978240002,-923.0252544000001,3.6474567806547897,1.3199750504626973,-3.1648241317058448,96.54527067938912,-3.22935986904088,-30.972906034165884,98.89541307891616,-4.6652412545099144,-25.033340620662244
0.11,-42.977351168,-70.671744,-922.5216,3.6098612408440807,1.319509424997865,-3.092907992868671,96.35935764395353,-3.2601775245462026,-30.66218279418715,98.62740264763605,-4.68999461288403,-24.475078511035626
0.111,-43.04848407271168,-71.59395997440001,-921.8889216000002,3.5727725714279472,1.3186040249832496,-3.02162183401792,96.1716878006539,-3.290683829620752,-30.350244282616956,98.35798984891287,-4.714194814229148,-23.92702404579358
0.112,-43.12053885566976,-72.5154791424,-921.1281408000001,3.5361895347928347,1.3172692755896414,-2.9509739226865634,95.98227902114765,-3.3208776850909563,-30.03732146262561,98.08720608405797,-4.7378520564535105,-23.389155600149202
0.113,-43.193514756170245,-73.43617386240001,-920.2401792000002,3.500110604347846,1.3155155963118796,-2.880971497511162,95.79114923352425,-3.3507582190441343,-29.723637889659724,97.81508217082596,-4.760976509545816,-22.861439120944766
0.114,-43.26741088632832,-74.35591741440001,-919.2259584,3.4645339831590958,1.3133533851949182,-2.811620816698644,95.5983164094966,-3.380324779413742,-29.40940969982297,97.5416483453616,-4.783578303622244,-22.343829069465095
0.115,-43.342226232,-75.274584,-918.0864,3.429457621752988,1.3107930042933258,-2.74292720476183,95.40379855201722,-3.4095769265602645,-29.094845612721706,97.2669342648044,-4.805667517892627,-21.836269317139653
0.116,-43.417959653703676,-76.19204874240002,-916.8224256000001,3.394879235112311,1.3078447662836874,-2.674895097568589,95.20761368331945,-3.4385144258619005,-28.780146948034776,96.99096901050078,-4.827254170499224,-21.338693995235936
0.117,-43.494609887541756,-77.10818768640002,-915.4349568000001,3.3607963188898653,1.3045189221535558,-2.607528085750685,95.00977983338254,-3.4671372403283516,-28.46550765506406,96.71378109177395,-4.848348209182677,-20.85102829976079
0.11800000000000001,-43.57217554612224,-78.0228777984,-913.9249152,3.3272061648650615,1.3008256498949369,-2.540828956519243,94.81031502881903,-3.4954455232503556,-28.151114354520622,96.43539845020648,-4.868959502731051,-20.37318925287758
0.11900000000000001,-43.65065511948032,-78.93599696640003,-912.2932224000002,3.294105875669324,1.2967750441345214,-2.474799733933878,94.60923728218187,-3.5234396108968085,-27.83714639180519,96.15584846439096,-4.8890978331690755,-19.905086422219597
0.12000000000000001,-43.730046976,-79.84742400000002,-910.5408000000001,3.261492378806376,1.2923771066371252,-2.409441717672534,94.40656458168833,-3.551120015270599,-27.5237759010463,95.87515795510825,-4.908772888646278,-19.446622599534777
0.12100000000000001,-43.81034936333568,-80.75703863040002,-908.6685696000001,3.229362439993496,1.287641737622855,-2.34475552034851,94.20231488135718,-3.578487416933579,-27.211167879169206,95.59335319089406,-4.92799425698402,-18.997694440136563
0.12200000000000001,-43.89156040933376,-81.66472151040003,-906.6774528000001,3.1977126758497003,1.2825787278425145,-2.2807411034204708,93.99650609155466,-3.6055426579102976,-26.899480269278428,95.31045989395722,-4.9467714198430235,-18.5581930646607
0.12300000000000001,-43.97367812295424,-82.57035421440004,-904.5683712000002,3.166539565956552,1.2771977513595152,-2.217397811740285,93.78915606994445,-3.6322867346794796,-26.588864052651108,95.02650324641534,-4.965113747474431,-18.128004624641953
0.124,-44.05670039519232,-83.47381923839998,-902.3422463999999,3.1358394643169527,1.2715083589902416,-2.154724406782574,93.58028261283668,-3.6587207912615343,-26.279463348652897,94.74150789681529,-4.983030494018981,-17.70701083342768
0.125,-44.140625,-84.375,-900.0,3.1056086102367435,1.2655199723582222,-2.0927190985985518,93.36990344693011,-3.6848461124096636,-25.971415521905413,94.45549796690827,-5.000530793320424,-17.295089463937835
0.126,-44.22544959520768,-85.27378083840001,-897.5425536,3.075843138653418,1.2592418785206188,-2.0313795765355134,93.15803622144091,-3.710664116911445,-25.66485129605322,94.1684970586505,-5.017623655220689,-16.89211481476893
0.127,-44.31117172344576,-86.17004701440001,-894.9708288,3.0465390899356892,1.252683225128775,-1.9707030387621822,92.94469850061238,-3.736176351007277,-25.359894873497232,93.8805282614034,-5.034317962306003,-16.497958146115423
0.128,-44.39778881306624,-87.06368471040003,-892.2857472,3.01769241917693,1.2458530160871828,-1.9106862206386195,92.72990775659804,-3.7613844819312514,-25.05666406048382,93.5916141593079,-5.050622467074398,-16.112488086957825
0.129,-44.48529817906432,-87.95458103039999,-889.4882303999999,2.989299005004837,1.2387601076780146,-1.851325421968253,92.51368136271115,-3.7862902915795478,-24.7552703969597,93.30177683880962,-5.066545789496678,-15.735571014933633
0.13,-44.573697024,-88.84262400000001,-886.5792,2.961354657928959,1.2314132051207438,-1.7926165331682156,92.29603658703336,-3.8108956703108445,-24.455819290626145,93.01103789631313,-5.082096414944115,-15.367071410272175
0.131,-44.662982438919684,-89.7277025664,-883.5595775999999,2.933855128246985,1.2238208595386666,-1.7345550603929853,92.07699058637458,-3.8352026108826305,-24.158410154649193,92.71941844594511,-5.09728269245772,-15.006852185134719
0.132,-44.75315140427776,-90.60970659840001,-880.4302848,2.9067961135299516,1.2159914653062296,-1.6771361496450503,91.85656040057641,-3.859213202526868,-23.863136548505963,92.4269391274076,-5.112112833335111,-14.65477498966058
0.133,-44.84420079085824,-91.48852688640002,-877.1922432000001,2.8801732657057277,1.2079332577528856,-1.6203546099051849,91.63476294715092,-3.882929625167844,-23.570086321471933,92.1336201139032,-5.126594910012227,-14.310700495977486
0.134,-44.93612736069632,-92.36405514239999,-873.8463744000002,2.8539821977594606,1.1996543112011198,-1.5642049353137886,91.41161501624642,-3.906354143784619,-23.27934175827732,91.83948112011696,-5.140736855218639,-13.97448866138592
0.135,-45.028927768,-93.23618400000002,-870.3936000000002,2.828218490068898,1.1911625373177315,-1.5086813264336962,91.1871332659323,-3.9294891029200736,-22.990979726485563,91.54454141023896,-5.154546461386072,-13.645998971886591
0.136,-45.12259856007168,-94.10480701440001,-866.8348415999999,2.802877696391721,1.1824656837589773,-1.453777710623815,90.96133421779416,-3.952336921337961,-22.705071825170585,91.24881980601423,-5.168031380291085,-13.325090667170045
0.137,-45.21713617822976,-94.9698186624,-863.1710207999998,2.7779553495213714,1.1735713330915245,-1.3994877615519785,90.73423425283067,-3.9749000868291695,-22.42168453449369,90.95233469480645,-5.181199122913934,-13.011622948142488
0.138,-45.31253695873024,-95.83111434240003,-859.4030592,2.7534469666271484,1.1644869019723587,-1.3458049178745584,90.50584960764391,-3.9971811511678172,-22.140879365804118,90.65510403766454,-5.194057059496672,-12.705455168015256
0.139,-45.40879713368832,-96.68859037440002,-855.5318783999998,2.729348054293637,1.15521964057188,-1.2927224011094545,90.27619637091428,-4.019182725217582,-21.862713011910884,90.35714537738023,-5.206612419784528,-12.406447007939747
0.14,-45.505912832,-97.54214400000001,-851.5583999999998,2.7056541132738516,1.1457766322253893,-1.2402332327282475,90.04529048015144,-4.04090747418824,-21.587237497196185,90.0584758465267,-5.218872293435551,-12.11445863812471
0.14100000000000001,-45.60388008026368,-98.39167338240001,-847.4835456,2.682360642969966,1.1361647932991825,-1.1883302504926703,89.813147718713,-4.0623581130421185,-21.3145003272624,89.75911217546988,-5.230843630584531,-11.82935086532654
0.14200000000000002,-45.70269480370176,-99.23707760640004,-843.3082368,2.659463145654685,1.1263908732581258,-1.1370061240596145,89.57978371308175,-4.08353740204984,-21.04454463782736,89.45907070034276,-5.242533242547933,-11.550985267562062
0.14300000000000002,-45.80235282708224,-100.07825667840001,-839.0333952000001,2.6369571304459027,1.116461454922491,-1.086253369878425,89.34521393039365,-4.104448142494458,-20.77740934260239,89.15836737097604,-5.253947802657486,-11.279224316849351
0.14400000000000002,-45.90284987564032,-100.91511152640001,-834.6599423999999,2.614838117046594,1.1063829549023698,-1.0360643654033923,89.10945367620731,-4.125093172522888,-20.51312927990916,88.85701775877696,-5.265093847210857,-11.01393149074186
0.14500000000000002,-46.004181576,-101.74754400000003,-830.1887999999999,2.5931016392614428,1.0961616241987562,-0.9864313626439212,88.87251809250745,-4.145475363143215,-20.25173535781007,88.55503706455147,-5.275977776528564,-10.75497137337939
0.14600000000000002,-46.10634345709568,-102.57545687040002,-825.6208896,2.571743248301054,1.0858035489607512,-0.9373465010740614,88.63442215593307,-4.165597614366288,-19.993254697546732,88.25244012626219,-5.286605856106958,-10.502209746744327
0.14700000000000002,-46.20933095109376,-103.39875383040001,-820.9571327999998,2.5507585158842527,1.0753146513890974,-0.888801819922737,88.39518067622308,-4.185462851489862,-19.7377107750984,87.9492414267183,-5.2969842178578865,-10.255513672769705
0.14800000000000002,-46.31313939431424,-104.21733949440002,-816.1984511999998,2.5301430371483455,1.0647006907764807,-0.8407892698653081,88.15480829487038,-4.205074021523257,-19.4851235606909,87.64545510119198,-5.307118861426096,-10.01475156691508
0.149,-46.41776402815232,-105.03111939839998,-811.3457663999999,2.5098924333768555,1.0539672646756757,-0.7933007241366722,87.91331948397706,-4.22443408975044,-19.235509656101986,87.3410949449572,-5.317015655576203,-9.779793263786658
0.15,-46.5232,-105.83999999999997,-806.4,2.490002354553785,1.0431198101868935,-0.7463279890855946,87.67072854530258,-4.24354603642928,-18.98888242962593,87.03617442074759,-5.326680339641567,-9.550510075349269
0.151,-46.62944236416768,-106.64388867839997,-801.3620736,2.470468481753004,1.0321636053561023,-0.6998628141894736,87.42704960949719,-4.262412853624508,-18.745252148575076,86.73070666612932,-5.336118525027852,-9.326774842244134
0.152,-46.73648608280576,-107.44269373439998,-796.2329088,2.451286529370999,1.0211037706764154,-0.6538969015482664,87.18229663551287,-4.28103754217192,-18.504626109210594,86.4247045007866,-5.345335696764653,-9.108461978697406
0.153,-46.84432602682624,-108.23632439039999,-791.0134271999999,2.4324522472108594,1.0099452706850538,-0.6084219148758978,86.93648341018493,-4.299423108771194,-18.267008764007628,86.11818043371704,-5.354337215099059,-8.895447511474146
0.154,-46.95295697682432,-109.0246907904,-785.7045504,2.413961422424955,0.9986929156485508,-0.5634294880069713,86.68962354797613,-4.317572563204585,-18.032401846174537,85.81114667033471,-5.363128317125345,-8.687609113307282
0.155,-47.062373624,-109.80770399999997,-780.3072000000001,2.395809881323464,0.9873513633292957,-0.5189112329362034,86.44173049087685,-4.335488915678751,-17.800804491356125,85.50361511947867,-5.37171411844549,-8.484826131203615
0.156,-47.17257057107968,-110.5852760064,-774.8222976,2.3779934910555816,0.9759251208267208,-0.4748587474075818,86.19281750845408,-4.3531751742868545,-17.572213356463948,85.19559740032597,-5.380099614855635,-8.286979610004032
0.157,-47.28354233323776,-111.35731971839998,-769.2507648,2.3605081611698857,0.9644185464866823,-0.43126362206981494,85.94289769804234,-4.370634342588011,-17.346622735586543,84.88710484920703,-5.388289684053832,-8.093952311553892
0.158,-47.39528333901824,-112.12374896639999,-763.5935231999998,2.343349845060107,0.952835851872913,-0.38811744721422725,85.69198398507014,-4.387869417301212,-17.124024672942696,84.57814852632286,-5.396289087364937,-7.9056287298136745
0.159,-47.50778793125632,-112.88447850239999,-757.8514944,2.326514541302207,0.9411811037945861,-0.34541181911087837,85.44008912351521,-4.404883386110668,-16.90440907285072,84.26873922236311,-5.404102471478713,-7.7218951022226
0.16,-47.621050368,-113.63942399999999,-752.0255999999999,2.30999829488843,0.9294582263843103,-0.3031383459582353,85.18722569648246,-4.421679225579655,-16.687763806694797,83.95888746502396,-5.411734370197524,-7.542639417605933
0.161,-47.73506482343168,-114.3885020544,-746.1167615999998,2.2937971983637566,0.9176710032211093,-0.26128865346139624,84.93340611689845,-4.438259899169811,-16.474074816878222,83.64860352542604,-5.419189206190359,-7.367751420898298
0.162,-47.84982538878976,-115.13163018240002,-740.1259008,2.2779073928698828,0.9058230794931126,-0.21985439005338536,84.67864262831633,-4.454628355362865,-16.26332621776053,83.33789742443147,-5.426471292750046,-7.197122614938024
0.163,-47.96532607329024,-115.8687268224,-734.0539392,2.2623250691017,0.8939179641949527,-0.1788272317737478,84.42294730582546,-4.470787525881811,-16.055500393582854,83.02677893886036,-5.433584835550944,-7.0306462595703145
0.164,-48.08156080504832,-116.59971133439998,-727.9017983999998,2.247046468180958,0.8819590323550461,-0.13819888681821263,84.1663320570604,-4.486740324008501,-15.850578093391833,82.71525760760655,-5.4405339344044545,-6.868217368281716
0.165,-48.198523432,-117.32450399999999,-721.6703999999999,2.232067882451634,0.8699495272881426,-0.09796109977284176,83.90880862330337,-4.502489642994674,-15.648538522978651,82.40334273765284,-5.447322585010027,-6.70973270257301
0.166,-48.316207722823684,-118.04302602239999,-715.3606656,2.2173856562012952,0.8578925628687291,-0.058105655545716284,83.65038858067533,-4.518038354563421,-15.449359433855163,82.09104340998638,-5.4539546806995,-6.555090764263852
0.167,-48.43460736786176,-118.7551995264,-708.9735168,2.2029961863125846,0.8457911258210697,-0.018624383008795653,83.3910833414102,-4.533389307498181,-15.253017209293974,81.7783684854139,-5.460434014172767,-6.404191785909756
0.168,-48.55371598004224,-119.46094755839998,-702.5098751999999,2.188895922848757,0.8336480780218649,0.020490841637716084,83.13090415520772,-4.548545326316303,-15.059486947463586,81.46532661027813,-5.466764279223003,-6.256937719498943
0.169,-48.673527095800324,-120.16019408639998,-695.9706623999999,2.175081369577015,0.821466158811678,0.05924809176661866,82.86986211065972,-4.563509210024317,-14.868742541694226,81.15192622207555,-5.47294907244979,-6.1132322235853245
0.17,-48.794034176,-120.85286399999998,-689.3567999999999,2.1615490844332643,0.8092479873114982,0.09765538747897365,82.60796813674577,-4.578283730952045,-14.680756757913002,80.83817555497656,-5.478991894958652,-5.97298064900286
0.171,-48.91523060685568,-121.5388831104,-682.6692096,2.148295679931703,0.7969960647409278,0.13572069300220096,82.34523300439291,-4.592871633662758,-14.495501309291214,80.5240826452483,-5.484896154045645,-5.83609002329699
0.17200000000000001,-49.03710970085376,-122.21817815039998,-675.9088127999999,2.1353178235225387,0.7847127767347357,0.17345191432014248,82.08166732809622,-4.607275633936581,-14.312946928148326,80.20965533658187,-5.490665164865801,-5.702469033997591
0.17300000000000001,-49.159664697674245,-122.89067677439999,-669.0765311999997,2.122612237901003,0.7724003956546373,0.21085689702459615,81.81728156759536,-4.621498417824492,-14.133063435160741,79.89490128532415,-5.496302152084317,-5.57202801085073
0.17400000000000002,-49.28288876511232,-123.55630755839998,-662.1732863999997,2.11017570127064,0.7600610828933323,0.24794342437817435,81.55208602960353,-4.635542640770162,-13.955819805924959,79.57982796561565,-5.501810251509483,-5.444678907117122
0.17500000000000002,-49.406774999999996,-124.215,-655.1999999999998,2.0980050475637606,0.7476968911680147,0.28471921557867486,81.28609086958443,-4.649410926797084,-13.781184234927515,79.26444267443526,-5.5071925117065055,-5.320335280037252
0.17600000000000002,-49.531316429127685,-124.86668451839998,-648.1575935999997,2.0860971666218253,0.7353097668007278,0.32119192421546855,81.01930609357451,-4.663105867758371,-13.60912419697442,78.94875253655314,-5.512451895591391,-5.198912270556331
0.17700000000000002,-49.656506010165764,-125.51129245439999,-641.0469887999998,2.0744490043383945,0.7229015519830979,0.3573691369087615,80.75174156004633,-4.676630022646777,-13.439606506135506,78.63276450939307,-5.517591282004264,-5.080326582394132
0.17800000000000002,-49.782336632586244,-126.1487560704,-633.8691071999998,2.0630575627671406,0.7104739870230714,0.3932583721229283,80.48340698180941,-4.689985916962406,-13.27259737225972,78.31648538780476,-5.522613467261404,-4.964496460540769
0.17900000000000002,-49.90880111858432,-126.77900855040001,-626.6248703999998,2.0519199001973645,0.6980287125715441,0.4288670791453808,80.21431192794621,-4.703176042135742,-13.108062455117858,77.99992180874841,-5.527521166685568,-4.851341669249738
0.18000000000000002,-50.03589222400001,-127.401984,-619.3151999999998,2.0410331311993297,0.6855672718268159,0.46420263722278177,79.9444658257795,-4.716202855003709,-12.945966916230596,77.68308025589202,-5.532317016114069,-4.740783469597602
0.18100000000000002,-50.163602639239684,-128.0176174464,-611.9410175999999,2.030394426641595,0.6730911127149574,0.4992723548467496,79.67387796286799,-4.72906877733636,-12.786275468440113,77.36596706412269,-5.537003573384218,-4.6327445966722
0.182,-50.29192499019776,-128.6258448384,-604.5032448000001,2.020001013682496,0.6606015900443691,0.5340834691814288,79.40255748902806,-4.741776195412088,-12.628952423283257,77.04858842397383,-5.541583319795787,-4.527149236446981
0.183,-50.42085183917824,-129.22660304640002,-597.0028032000001,2.0098501757377862,0.6480999676328774,0.5686431456256473,79.13051341837834,-4.7543274596391,-12.47396173622514,76.73095038596905,-5.546058661550237,-4.423923002394506
0.184,-50.55037568581632,-129.81982986239998,-589.4406144,1.999939252426377,0.6355874204058654,0.6029584775026653,78.85775463140466,-4.7667248842211025,-12.321267049811762,76.41305886488443,-5.550431931166422,-4.32299291188793
0.185,-50.680488968,-130.40546400000002,-581.8176,1.99026563949604,0.623065036464059,0.6370364858707818,78.58428987704303,-4.778970746865107,-12.170831734799822,76.09491964393003,-5.5547053888726285,-4.224287362435305
0.186,-50.811184062791675,-130.9834450944,-574.1346816000001,1.9808267887308535,0.6105338191197036,0.6708841194483492,78.3101277747781,-4.791067288529383,-12.022618929322107,75.77653837885263,-5.55888122397476,-4.127736107787634
0.187,-50.942453287349764,-131.5537137024,-566.3927808000001,1.9716202078420801,0.5979946888999668,0.7045082546470256,78.03527681675496,-4.803016713209626,-11.8765915761461,75.4579206019606,-5.562961556200606,-4.033270233958387
0.188,-51.07428889985024,-132.11621130240002,-558.5928191999999,1.9626434603441338,0.5854484855165485,0.7379156957073105,77.75974536990245,-4.8148211877614475,-11.732712458082988,75.13907172607271,-5.566948437020095,-3.940822135188494
0.189,-51.20668310040832,-132.67088029440004,-550.7357183999999,1.9538941654171742,0.5728959698005033,0.7711131749307525,77.48354167806505,-4.826482841757368,-11.590944231604158,74.81999704839146,-5.570843850941474,-3.8503254898895065
0.19,-51.339628032,-133.21766399999998,-542.8224,1.9453699977578383,0.5603378256014924,0.804107353003346,77.20667386414259,-4.838003767376564,-11.45124945872057,74.50070175430332,-5.5746497167834725,-3.761715236591705
0.191,-51.47311578138368,-133.7565066624,-534.8537856,1.9370686874195455,0.5477746616506733,0.8369048194049886,76.92914993223505,-4.84938601932565,-11.313590637180605,74.18119092110656,-5.578367888923398,-3.6749275499247673
0.192,-51.607138380021766,-134.28735344640003,-526.8307967999999,1.9289880196437401,0.5352070133865785,0.8695120929000177,76.65097776979108,-4.860631614788822,-11.177930229041035,73.86146952166831,-5.582000158521251,-3.5898998166538725
0.193,-51.74168780500224,-134.8101504384,-518.7543552,1.9211258346834026,0.5226353447434242,0.9019356221041169,76.3721651497589,-4.871742533405799,-11.04423068766404,73.5415424280121,-5.585548254719905,-3.5065706117931583
0.194,-51.87675597996032,-135.3248446464,-510.6253824,1.9134800276200816,0.5100600499013361,0.9341817861231132,76.0927197327371,-4.882720717275998,-10.912454483193542,73.22141441483737,-5.589013845821457,-3.424879674815248
0.195,-52.012334775999996,-135.831384,-502.44479999999993,1.9060485481756648,0.49748145499809737,0.9662568952593344,75.81264906912504,-4.893568070987427,-10.782564126561997,72.90109016297234,-5.592398540439835,-3.3447678859751164
0.196,-52.148416012615684,-136.32971735040002,-494.2135295999999,1.8988294005200512,0.48489981980206653,0.998167191781491,75.53196060127063,-4.904286461668895,-10.654522192078648,72.5805742627613,-5.595703888629794,-3.2661772427633977
0.197,-52.28499145861377,-136.8197944704,-485.9324927999999,1.8918206430758306,0.472315339346014,1.029918850754175,75.25066166561464,-4.914877719064104,-10.528291338648206,72.25987121738815,-5.598931382992449,-3.189050836503238
0.198,-52.42205283303424,-137.30156605439998,-477.60261119999996,1.8850203883210597,0.45972814552164776,1.0615179809232966,74.96875949483004,-4.925343635626306,-10.403834329669317,71.93898544613708,-5.60208245975745,-3.113332829103438
0.199,-52.55959180607232,-137.7749837184,-469.2248064,1.878426802591127,0.44713830863470805,1.0929706256539669,74.68626121995531,-4.935685966632203,-10.281114051659268,71.61792128759191,-5.60515849984203,-3.038968429978901
0.2,-52.6976,-138.24000000000004,-460.7999999999999,1.8720381058807534,0.434545838920551,1.1242827639174964,74.40317387252104,-4.945906430313882,-10.160093531651764,71.29668300277558,-5.6081608298870425,-2.965903873147745
0.201,-52.83606899008768,-138.69656835840001,-452.3291135999999,1.8658525716470082,0.4219506880201758,1.1554603113243762,74.11950438666801,-4.9560067080075205,-10.040735953412593,70.97527477823074,-5.611090723270178,-2.8940863945143516
0.202,-52.97499030552576,-139.14464317440002,-443.81306879999994,1.8598685266143016,0.40935275041674063,1.186509121200265,73.83525960125671,-4.965988444317757,-9.92300467251722,70.65370072904308,-5.613949401096591,-2.8234642093451097
0.203,-53.11435543034624,-139.5841797504,-435.2527871999999,1.8540843505822193,0.39675186483262975,1.2174349857021665,73.55044626196671,-4.975853247296582,-9.806863230333075,70.33196490180842,-5.616738033167071,-2.753986489943747
0.20400000000000001,-53.25415580434432,-140.01513431039996,-426.6491903999999,1.8484984762370376,0.38414781558719446,1.2482436369721537,73.2650710233856,-4.985602688635678,-9.692275366948216,70.01007127754507,-5.619457738923996,-2.685603343531497
0.20500000000000002,-53.394382824000004,-140.437464,-418.0031999999999,1.843109388967738,0.3715403339153378,1.2789407483261255,72.97914045108647,-4.99523830387119,-9.579205033086524,69.68802377455255,-5.622109588375302,-2.618265790336455
0.20600000000000002,-53.53502784339969,-140.8511268864,-409.31573759999986,1.837915626687312,0.3589290992471246,1.309531935475248,72.69266102369329,-5.004761592599887,-9.467616401049291,69.36582625121807,-5.624694602996589,-2.5519257418964543
0.20700000000000002,-53.67608217515777,-141.25608195840005,-400.5877247999999,1.8329157796601114,0.34631374044868246,1.3400227577778694,72.40563913493372,-5.014174018705851,-9.357473874720714,69.04348250877187,-5.627213756611706,-2.4865359795776456
0.20800000000000002,-53.817537091338245,-141.6522891264,-391.82008319999983,1.8281084903359723,0.3336938370246364,1.3704187195198172,72.11808109567842,-5.023477010596657,-9.248742098674803,68.72099629399275,-5.629667976251902,-2.4220501333119575
0.20900000000000002,-53.95938382437632,-142.03970922240003,-383.01373439999986,1.8234924531918315,0.32106892028240996,1.4007252712211338,71.82999313596694,-5.032671961448281,-9.141385966419133,68.39837130186504,-5.6320581429938725,-2.3584226605542735
0.21000000000000002,-54.101613568,-142.41830400000003,-374.16959999999983,1.8190664145815072,0.3084384744586955,1.430947810967444,71.54138140701892,-5.041760229457789,-9.035370627810542,68.07561117818788,-5.634385092776834,-2.295608825461109
0.21100000000000002,-54.24421747815168,-142.78803613440002,-365.2886015999999,1.8148291725943284,0.29580193780848135,1.4610916857642202,71.25225198323096,-5.050743138103071,-8.93066149567602,67.75271952213879,-5.636649617198927,-2.23356467829068
0.21200000000000002,-54.38718667390977,-143.1488692224,-356.37166079999974,1.8107795769232444,0.28315870365699614,1.4911621929123868,70.9626108641583,-5.0596219764088035,-8.827224251671577,67.42969988879175,-5.638852464293097,-2.172247035024906
0.21300000000000002,-54.53051223841024,-143.5007677824,-347.4196991999998,1.8069165287430373,0.27050812141498815,1.521164581403784,70.67246397648098,-5.068397999217901,-8.725024851410298,67.10655579159155,-5.640994339282733,-2.1116134572127105
0.21400000000000002,-54.67418521976832,-143.8436972544,-338.4336383999998,1.8032389805992648,0.2578494975577551,1.5511040533351175,70.38181717595458,-5.077072427467737,-8.62402952889008,66.78329070478546,-5.643075905317225,-2.0516222320337967
0.215,-54.818196631999996,-144.17762400000004,-329.41440000000006,1.799745936308517,0.24518209656838044,1.580985765339141,70.09067624934464,-5.085646448470471,-8.52420480025026,66.45990806581324,-5.645097784187748,-1.9922323525816434
0.216,-54.962537455943675,-144.5025153024,-320.3629056000001,1.7964364508705697,0.23250514184562837,1.6108148300319005,69.79904691634536,-5.094121216196797,-8.42551746688519,66.13641127765689,-5.647060557023387,-1.933403498364024
0.217,-55.107198640181764,-144.81833936640004,-311.2800768,1.793309630392999,0.21981781657696436,1.6405963174749834,69.50693483148156,-5.102497851562497,-8.327934617942477,65.81280371115076,-5.648964764967902,-1.8750960160197554
0.218,-55.25217110196224,-145.12506531840003,-302.16683520000004,1.7903646320288211,0.20711926457720664,1.6703352566517875,69.21434558599441,-5.110777442717192,-8.231423632231554,65.48908870725377,-5.650810909837293,-1.8172709002484577
0.219,-55.397445728120324,-145.42266320640005,-293.02410240000006,1.7876006639276973,0.1944085910932874,1.7000366369569333,68.92128470971036,-5.118961045334734,-8.135952179568234,65.16526957928419,-5.652599454758439,-1.7598897749519153
0.22,-55.543013376000005,-145.71110400000003,-283.8528,1.785016985201238,0.18168486357565233,1.729705409698001,68.62775767289378,-5.127049682904641,-8.041488221579174,64.84134961511866,-5.6543308247889295,-1.7029148745835574
0.221,-55.68886487437568,-145.99035959040006,-274.6538496,1.7826129059029452,0.16894711241679322,1.7593464896089035,68.3337698880823,-5.135044347024115,-7.948000011990148,64.517332079356,-5.656005407518393,-1.6463090257035962
0.222,-55.83499102437376,-146.26040279040006,-265.4281728,1.7803877870232943,0.15619433165746172,1.7889647563742175,68.03932671190599,-5.142945997690058,-7.855456096419817,64.1932202154472,-5.657623553651464,-1.5900356287364552
0.223,-55.98138260039424,-146.52120733440006,-256.1766912,1.7783410405004987,0.1434254796610765,1.8185650561639368,67.74443344688935,-5.150755563590682,-7.763825311701223,63.86901724779246,-5.659185577572608,-1.5340586399273217
0.224,-56.12803035103232,-146.77274787840003,-246.90032639999998,1.7764721292474321,0.1306394797568771,1.8481522031781341,67.4490953432371,-5.158473942396177,-7.673076784751071,63.54472638380654,-5.660691757892997,-1.4783425534941372
0.225,-56.274925,-147.01500000000004,-237.59999999999997,1.7747805671952561,0.11783522085234685,1.877730981201134,67.15331760060282,-5.166102001048068,-7.58317993100714,63.22035081595307,-5.662142337979645,-1.422852383971672
0.226,-56.422057247047675,-147.24794019840004,-228.27663359999994,1.773265919354217,0.1050115580154666,1.9073061451648101,66.8571053698415,-5.173640576046763,-7.494104452452286,62.89589372374924,-5.663537526466977,-1.367553648743704
0.227,-56.56941776888576,-147.47154589440004,-218.93114879999996,1.771927801892141,0.09216731302733414,1.9368824227207502,66.56046375474543,-5.181090473736959,-7.405820335243483,62.571358275741446,-5.664877497751011,-1.3124123507595913
0.228,-56.71699722010624,-147.68579543040002,-209.56446719999997,1.7707658822311212,0.0793012749057057,1.9664645158210337,66.26339781376387,-5.188452470590466,-7.318297846963124,62.246747631453495,-5.666162392466365,-1.2573949614309177
0.229,-56.86478623410433,-147.8906680704,-200.17751039999993,1.7697798791628898,0.06641220040000138,1.9960571023074833,65.9659125617066,-5.195727313486104,-7.231507533509201,61.922064943307426,-5.66739231794624,-1.2024684037046578
0.23,-57.012775424,-148.08614400000002,-190.77119999999994,1.7689695629833981,0.053498814458342134,2.025664837509249,65.66801297143172,-5.202915719986333,-7.1454202156399695,61.597313358519166,-5.668567348665571,-1.1476000353079598
0.231,-57.16095538355968,-148.27220432640004,-181.34645759999995,1.7683347556470808,0.04055981066713131,2.0552923558487177,65.36970397551714,-5.210018378610226,-7.060006985188741,61.272496020968404,-5.669687526667477,-1.0927576321613248
0.232,-57.30931668811776,-148.44883107840005,-171.90420479999992,1.7678753309413453,0.027593851663790026,2.0849442724557,65.07099046791724,-5.217035949102534,-6.975239200962184,60.947616073045346,-5.670752861973257,-1.0379093719545072
0.233,-57.45784989549824,-148.61600720640004,-162.44536319999992,1.7675912146817763,0.014599569523139858,2.1146251847900026,64.77187730560387,-5.223969062698484,-6.891088484336725,60.622676657473896,-5.671763332975994,-0.9830238178820343
0.234,-57.60654554693632,-148.77371658240006,-152.9708543999999,1.7674823849285757,0.0015755661180056682,2.144339674272454,64.4723693101921,-5.230818322384017,-6.807526714565683,60.29768091911303,-5.672718886818001,-0.9280699025331058
0.23500000000000001,-57.755394168,-148.92194400000002,-143.48159999999987,1.7675488722247739,-0.011479586545402265,2.174092307924562,64.17247126955176,-5.237584303151202,-6.724526023809025,59.97263200673678,-5.6736194397522235,-0.8730169119318694
0.23600000000000002,-57.90438626951168,-149.06067517440002,-133.97852159999988,1.7677907598567297,-0.024567346016806116,2.2038876400170055,63.87218793940402,-5.244267552248558,-6.642058791898121,59.647533074794175,-5.674464877487752,-0.8178344697231772
0.23700000000000002,-58.053512348469766,-149.18989674240004,-124.46254079999986,1.7682081841374693,-0.03768919911531571,2.233730213727208,63.571524044903924,-5.250868589425991,-6.560097640846031,59.3223872851498,-5.675255055519595,-0.7624925214994884
0.23800000000000002,-58.20276288897024,-149.30959626240002,-114.93457919999985,1.7688013347133957,-0.05084666166648688,2.2636245628063008,63.270484282209104,-5.25738790717413,-6.478615429113868,58.99719780880572,-5.675989799442848,-0.7069613192646611
0.23900000000000002,-58.35212836312833,-149.41976221440004,-105.39555839999984,1.7695704548949445,-0.0640412782624376,2.2935752132558127,62.969073320034866,-5.263825970957812,-6.397585245643118,58.67196782760608,-5.676668905251394,-0.6512114060293626
0.24000000000000002,-58.501599232000004,-149.52038400000004,-95.84639999999983,1.7705158420117475,-0.07727462204448228,2.3235866850144746,62.66729580119621,-5.27018321944349,-6.316980403663052,58.346700535925,-5.677292139621258,-0.5952136005340791
0.24100000000000002,-58.65116594650368,-149.61145194240004,-86.2880255999998,1.771637847792871,-0.09054829450775466,2.353663493655576,62.36515634413672,-5.2764600647203235,-6.236774434282056,58.02139914233844,-5.677859240178752,-0.5389389820951203
0.24200000000000002,-58.800818948341764,-149.69295728640003,-76.72135679999982,1.7729368787727406,-0.10386392532726718,2.3838101520953336,62.0626595444453,-5.282656892514773,-6.1569410798707604,57.69606687128142,-5.678369915753525,-0.48235887556866075
0.24300000000000002,-58.950548670922245,-149.76489219840002,-67.14731519999981,1.7744133967233497,-0.11722317220488469,2.4140311723127947,61.75980997636063,-5.288774062398467,-6.077454287244778,57.370706964691074,-5.678823846616621,-0.4254448364285439
0.24400000000000002,-59.10034554028032,-149.82724976640003,-57.566822399999786,1.776067919113367,-0.13062772073667056,2.4443310670818352,61.456612194263926,-5.29481190798916,-5.99828820065397,57.04532268363644,-5.6792206847037,-0.36816863595321325
0.24500000000000002,-59.250199976000005,-149.88002400000002,-47.98079999999978,1.777901019594789,-0.14407928430007946,2.4747143517158277,61.15307073416034,-5.300770737144584,-5.919417154584983,56.71991730993588,-5.679560053823469,-0.3105022465172589
0.24600000000000002,-59.400102392135686,-149.92320983040005,-38.39016959999977,1.7799133285177768,-0.15757960396044762,2.5051855458256287,60.8491901151496,-5.306650832149006,-5.840815666382752,56.39449414776305,-5.67984154985146,-0.252417826982833
0.24700000000000003,-59.550043198133764,-149.95680311040002,-28.79585279999976,1.7821055334743625,-0.17113044839625824,2.535749175091558,60.54497484088611,-5.3124524498923265,-5.762458428696833,56.06905652524216,-5.680064740909263,-0.1938877081866739
0.248,-59.70001279975424,-149.9808006144,-19.198771200000017,1.7844783798716914,-0.18473361384264858,2.5664097730500703,60.2404294010289,-5.318175822041539,-5.684320301757701,55.743607796033345,-5.6802291675292835,-0.13488437851814594
0.249,-59.85000159999232,-149.99520003840001,-9.59984640000001,1.7870326715355354,-0.1983909240526115,2.597171882895884,59.93555827268214,-5.323821155204378,-5.606376305487301,55.418151340909034,-5.680334342805112,-0.07538046958375416
0.25,-60.0,-150.0,-0.0,1.7897692713447733,-0.21210423027536215,2.6280400593003432,59.630365921826346,-5.3293886310849965,-5.528601611448456,55.09269056932213,-5.680379752527609,-0.015348741953933343
0.251,-60.14999840000768,-149.99520003840001,9.59984640000001,1.7926891018976077,-0.22587541125132088,2.659018870246848,59.32485680474116,-5.334878406631518,-5.450971534636376,54.76722892096676,-5.680364855306788,0.04523792901246909
0.252,-60.29998720024576,-149.9808006144,19.198771200000017,1.795793146210283,-0.23970637322317884,2.690112898884214,59.019035369419576,-5.340290614175292,-5.373461525116117,54.44176986733254,-5.680289082679526,0.1064065672702994
0.253,-60.449956801866236,-149.9568031104,28.795852800000024,1.7990824484491008,-0.2535990499624959,2.721326745398877,58.71290605697456,-5.3456253615617415,-5.29604715950857,54.116316913252845,-5.6801518392032415,0.16818411012083223
0.254,-60.59989760786432,-149.9232098304,38.390169600000036,1.80255811469654,-0.267555402811257,2.752665028906859,58.406473303038624,-5.350882732272572,-5.218704132327147,53.79087359844843,-5.679952502535561,0.23059742217978285
0.255,-60.74980002400001,-149.880024,47.980800000000045,1.8062213137523448,-0.2815774207378667,2.7841323893665093,58.099741539156284,-5.35606278553929,-5.141408247167988,53.465443499066616,-5.679690423500035,0.29367330928435753
0.256,-60.89965445971968,-149.8272497664,57.56682240000004,1.8100732779704305,-0.29566712040697385,2.8157334895130113,57.79271519417067,-5.361165556447813,-5.064135407754464,53.14003022921738,-5.679364926137995,0.35743853234376144
0.257,-61.049451329077755,-149.7648921984,67.14731520000005,1.814115304132521,-0.30982654626260003,2.847473016815744,57.48539869560387,-5.366191056034057,-4.986861608838121,52.81463744250641,-5.678975307746576,0.42191982113657023
0.258,-61.19918105165824,-149.6929572864,76.72135680000007,1.818348754359445,-0.3240577706239379,2.8793556854595685,57.177796471032686,-5.371139271370364,-4.909562926956028,52.48926883356698,-5.678520838902972,0.48714388805993947
0.259,-61.34883405349632,-149.6114519424,86.28802560000008,1.8227750570610242,-0.33836289379326945,2.911386238351197,56.86991294945926,-5.376010165642596,-4.8322155110457565,52.163928139590425,-5.67800076347495,0.5531374418334085
0.26,-61.498400768,-149.52038400000004,95.8464000000001,1.8273957079255831,-0.3527440441753902,2.9435694491518363,56.56175256267762,-5.3808036782177915,-4.754795572917867,51.83861914185632,-5.677414298617716,0.6199272011615711
0.261,-61.647871636871685,-149.4197622144,105.39555840000008,1.8322122709500612,-0.3672033784079053,2.9759101243372856,56.253319746636805,-5.385519724702214,-4.6772793775854105,51.513345667263756,-5.676760634757084,0.687539908359589
0.262,-61.79723711102976,-149.3095962624,114.9345792000001,1.8372263795118076,-0.38174308150180003,3.0084131052868077,55.9446189428008,-5.390158196989655,-4.5996432334502675,51.188111589863325,-5.676038935559097,0.756002342944142
0.263,-61.94648765153025,-149.1898967424,124.46254080000011,1.8424397374831356,-0.39636536699162045,3.041083270402044,55.635654599505884,-5.394718963299867,-4.521863482345099,50.862920832391666,-5.675248337886023,0.8253413351942642
0.264,-62.095613730488324,-149.0606751744,133.97852160000014,1.8478541203897696,-0.41107247709459727,3.0739255372573324,55.32643117331646,-5.399201868206931,-4.443916489429327,50.537777367808836,-5.674387951738826,0.8955837796847712
0.265,-62.244605832,-148.921944,143.48160000000013,1.8534713766143458,-0.4258666828780714,3.1069448647828435,55.01695313037899,-5.403606732657502,-4.3657786329383,50.21268522083922,-5.673456860186127,0.9667566487954975
0.266,-62.39345445306368,-148.7737165824,152.97085440000012,1.8592934286461673,-0.4407502844344767,3.1401462554819473,54.70722494777563,-5.407933353978672,-4.2874262937825485,49.887648469517025,-5.672454119279635,1.0388870061995084
0.267,-62.54215010450176,-148.61600720639998,162.44536320000014,1.8653222743784552,-0.4557256110631898,3.1735347576843242,54.397251114877555,-5.4121815058753935,-4.20883584499552,49.562671246737054,-5.67137875795613,1.112002020333236
0.268,-62.69068331188224,-148.4488310784,171.90420480000014,1.8715599884543932,-0.4707950214584989,3.2071154678363456,54.08703613469867,-5.416350938417262,-4.129983641026719,49.23775774181128,-5.67022977792597,1.1861289778508182
0.269,-62.83904461644032,-148.2722043264,181.34645760000015,1.8780087236632712,-0.4859609039029164,3.2408935328303166,53.776584525250506,-5.4204413780145035,-4.050846006877308,48.912912202032444,-5.669006153548141,1.2612952970657076
0.27,-62.987224576,-148.08614400000002,190.7712000000002,1.884670712388127,-0.501225676465045,3.2748741523742098,53.46590082089875,-5.424452527383041,-3.971399227074609,48.58813893424501,-5.6677068316919,1.3375285413814595
0.271,-63.135213765895685,-147.8906680704,200.1775104000002,1.8915482681062854,-0.516591787201174,3.3090625814035937,53.15498957372204,-5.428384065498426,-3.8916195344819817,48.2634423064245,-5.666330731584952,1.4148564327140285
0.272,-63.28300277989376,-147.68579543039996,209.56446720000017,1.8986437869442712,-0.5320617143597429,3.343464132537476,52.843855354873845,-5.432235647538516,-3.811483098939677,47.938826749265885,-5.664876744648243,1.4933068649073702
0.273,-63.43058223111424,-147.47154589440004,218.9311488000002,1.9059597492886189,-0.5476379665877881,3.3780841785798774,52.53250275594784,-5.436006904814708,-3.730966015732534,47.61429675778191,-5.663343734317331,1.5729079171441906
0.274,-63.577942752952325,-147.2479401984,228.2766336000002,1.9134987214541317,-0.563323083138433,3.4129281550689847,52.22093639034761,-5.439697444691523,-3.6500442938792954,47.28985689291192,-5.661730535850322,1.6536878673530833
0.275,-63.725075000000004,-147.01500000000001,237.6000000000002,1.9212633574112266,-0.5791196340784753,3.4480015628757754,51.90916089466129,-5.4433068504944275,-3.5686938442390037,46.96551178314217,-5.660035956122447,1.735675205613199
0.276,-63.87196964896769,-146.77274787840003,246.90032640000024,1.9292564005740427,-0.5950302204950361,3.483309970854121,51.597180930041866,-5.44683468140564,-3.486890467428312,46.641266126138184,-5.6582587734071925,1.818898647557579
0.277,-64.01861739960577,-146.5212073344,256.1766912000003,1.937480685651026,-0.6110574747002366,3.5188590185443505,51.2850011835937,-5.450280472347759,-3.404609841544435,46.31712469039023,-5.656397737144045,1.9033871477753683
0.278,-64.16500897562625,-146.26040279039998,265.4281728000002,1.945939140559818,-0.6272040604327961,3.5546544189324214,50.972626369766154,-5.453643733855045,-3.321827509687264,45.99309231687222,-5.654451567692851,1.989169913213292
0.279,-64.31113512562433,-145.9903595904,274.6538496000002,1.9546347884082529,-0.6434726730553822,3.5907019612668094,50.66006123175496,-5.456923951932065,-3.238518867274088,45.669173920715295,-5.652418956074745,2.0762764165764
0.28,-64.456986624,-145.711104,283.85280000000023,1.963570749543438,-0.6598660397465336,3.627007513935374,50.34731054291197,-5.460120587899615,-3.1546591491402225,45.34537449289655,-5.650298563699686,2.1647364097273094
0.281,-64.60255427187968,-145.4226632064,293.02410240000034,1.9727502436708315,-0.6763869196858556,3.6635770274044837,50.03437910816409,-5.463233078227561,-3.0702234164181075,45.02169910194358,-5.648089022080621,2.2545799370832036
0.28200000000000003,-64.74782889803777,-145.1250653184,302.16683520000026,1.9821765920454166,-0.693038104231174,3.7004165372227504,49.7212717654425,-5.46626083435451,-2.9851865431870994,44.69815289565635,-5.645788932534213,2.34583734900958
0.28300000000000003,-64.89280135981825,-144.81833936639998,311.28007680000024,1.9918532197370522,-0.7098224170862685,3.737532167091852,49.40799338712203,-5.469203242493962,-2.899523202886554,44.374741102845775,-5.643396865868207,2.4385393152081
0.28400000000000003,-65.03746254405632,-144.50251530239998,320.36290560000026,2.001783657972207,-0.7267427144576843,3.7749301320069044,49.09454888147251,-5.472059663426788,-2.8132078544831067,44.05146903509134,-5.640911362055412,2.5327168380973273
0.28500000000000003,-65.181803368,-144.177624,329.4144000000003,2.011971546554315,-0.7438018851991113,3.812616741469019,48.780943194122116,-5.474829432279729,-2.7262147283838996,43.72834208851729,-5.638330929894275,2.6284012661827383
0.28600000000000003,-65.32581478023168,-143.8436972544,338.4336384000003,2.0224206363651005,-0.7610028509416885,3.8505984027726834,48.467181309534055,-5.477511858289685,-2.638517812086338,43.405365745588895,-5.63565404665614,2.725624307413181
0.28700000000000003,-65.46948776158976,-143.50076778239998,347.4196992000003,2.033134791949271,-0.778348566208552,3.8888816243707396,48.15326825249686,-5.480106224553515,-2.550090835555171,43.08254557692928,-5.632879157719112,2.824418042519598
0.28800000000000003,-65.61281332609025,-143.14886922239998,356.37166080000026,2.0441179941850782,-0.7958420185118049,3.927473019319783,47.83920908962988,-5.482611787763087,-2.4609072563165597,42.7598872431575,-5.6300046761886335,2.9248149383314885
0.28900000000000003,-65.75578252184832,-142.78803613440002,365.2886016000004,2.055374343043303,-0.8134862284300411,3.9663793088089165,47.525008930903894,-5.485027777925246,-2.3709402442591934,42.43739649674892,-5.627028982504729,3.026847861066086
0.29000000000000004,-65.89838643200001,-142.418304,374.16960000000034,2.0669080604373407,-0.8312842496644305,4.005607325774872,47.210672931178465,-5.487353398066461,-2.280162666131682,42.115079183918205,-5.623950424035976,3.130550089583801
0.29100000000000004,-66.04061617562368,-142.03970922239998,383.0137344000003,2.078723493167101,-0.8492391690712423,4.04516401860659,46.89620629175689,-5.489587823921805,-2.188547069724608,41.792941246526404,-5.62076731466027,3.235955328604039
0.29200000000000004,-66.18246290866176,-141.65228912639998,391.8200832000003,2.0908251159595914,-0.8673541066686576,4.085056454942493,46.581614261958805,-5.49173020360795,-2.0960656677267995,41.47098872401182,-5.617477934332372,3.3430977218727715
0.29300000000000004,-66.32391782484224,-141.2560819584,400.58772480000033,2.103217534609072,-0.8856322156154637,4.125291825563725,46.266902140712496,-5.493779657279855,-2.0026903212424525,41.14922775534653,-5.614080528638317,3.4520118652746437
0.29400000000000004,-66.46497215660033,-140.85112688639998,409.31573760000026,2.1159054892198013,-0.9040766821592197,4.165877448386741,45.95207527816742,-5.495735276770787,-1.9083925229575929,40.82766458101873,-5.610573308336737,3.5627328198795585
0.29500000000000004,-66.60561717600001,-140.437464,418.00320000000033,2.1288938575545275,-0.9226907255513171,4.206820772558811,45.63713907732737,-5.497596125215341,-1.813143379943039,40.50630554504151,-5.606954448887205,3.67529612491356
0.29600000000000004,-66.74584419565568,-140.0151343104,426.64919040000035,2.1421876584918906,-0.9414775979261565,4.248129382659984,45.322098995706135,-5.49936123665507,-1.7169135960800972,40.18515709698922,-5.60322208996561,3.7897378106429542
0.29700000000000004,-66.88564456965376,-139.58417975039998,435.2527872000004,2.1557920555960655,-0.9604405841416013,4.289811003015267,45.00696054700601,-5.501029615626344,-1.6196734540957678,39.864225794061824,-5.599374334966728,3.9060944111589144
0.298,-67.02500969447425,-139.14464317440002,443.81306879999994,2.1697123608020856,-0.9795830015776242,4.331873502120816,44.691729302820804,-5.502600236730046,-1.5213927971925898,39.54351830317841,-5.595409250494045,4.024402977049414
0.299,-67.16393100991232,-138.69656835840001,452.3291135999999,2.1839540382203455,-0.9989081998899911,4.3743248971881545,44.37641089436348,-5.504072044182691,-1.4220410102593313,39.22304140309992,-5.591324865836977,4.144701087943153
0.3,-67.3024,-138.24000000000004,460.79999999999995,2.198522708063935,-1.0184195607155462,4.417173358810378,44.06101101422054,-5.505443951348533,-1.3215870006467583,38.90280198658229,-5.587119172435623,4.2670268649093295
0.301,-67.44040819392768,-137.7749837184,469.2248063999999,2.2134241507025414,-1.0381204973255285,4.4604272157546125,43.745535418133684,-5.506714840252217,-1.2199991784926958,38.58280706256107,-5.5827901233331705,4.3914189826965
0.302,-67.57794716696574,-137.3015660544,477.60261119999996,2.228664310846819,-1.0580144542232213,4.504094959885018,43.42998992680967,-5.50788356107157,-1.1172454365815128,38.26306375836694,-5.578335632616208,4.5179166817899095
0.303,-67.71500854138624,-136.8197944704,485.9324928,2.244249301867141,-1.0781049066818311,4.5481852512207315,43.11438042775994,-5.5089489316099405,-1.013293129719731,37.94357932197416,-5.5737535748430105,4.646559780268079
0.304,-67.85158398738432,-136.32971735040005,494.2135295999999,2.260185410250888,-1.0983953602184737,4.592706923133335,42.79871287717166,-5.509909736747715,-0.9081090536116925,37.62436112428241,-5.569041784460118,4.777388685435888
0.305,-67.987665224,-135.831384,502.44479999999993,2.276479100202485,-1.1188893499998498,4.637668987688564,42.48299330180967,-5.510764727872436,-0.801659423218112,37.30541666143151,-5.5641980552074015,4.910444405209056
0.306,-68.12324402003969,-135.32484464639998,510.6253824,2.2931370183905218,-1.139590440174855,4.683080641137056,42.16722780095271,-5.5115126222870225,-0.6939098505784038,36.98675355715139,-5.55922013951187,5.045768559225598
0.307,-68.25831219499777,-134.8101504384,518.7543551999998,2.3101659988464185,-1.1605022231292301,4.728951269559084,41.8514225483638,-5.5121521025955165,-0.5848253220787569,36.66837956514663,-5.554105747870515,5.1834033896548455
0.308,-68.39286161997825,-134.2873534464,526.8307968,2.3275730680192885,-1.181628318657059,4.775290454668457,41.53558379429622,-5.512681816065845,-0.47437017514740276,36.35030257151688,-5.54885254822251,5.323391771674768
0.309,-68.52688421861632,-133.7565066624,534.8537855999999,2.345365449991652,-1.2029723730435213,4.822107979780713,41.21971786753728,-5.5131003739689355,-0.36250807435634513,36.03253059721335,-5.543458165311121,5.465777223584439
0.31,-68.66037196799999,-133.21766399999998,542.8224,2.363550571860957,-1.2245380580532137,4.869413835951125,40.903831177489934,-5.513406350893694,-0.249201986910915,35.715071800532385,-5.537920180035688,5.610603916517551
0.311,-68.79331689959167,-132.6708802944,550.7357184,2.382136069291808,-1.2463290698177738,4.917218228287912,40.5879302162951,-5.513598284037086,-0.13441415750522268,35.39793447964631,-5.532236128794118,5.757916683719195
0.312,-68.92571110014975,-132.11621130240002,558.5928191999999,2.401129792244117,-1.2683491276164431,4.96553158244647,40.272021560994816,-5.51367467246879,-0.018106082523626554,35.081127075172255,-5.526403502816322,5.907761029346158
0.313,-69.05754671265024,-131.55371370240002,566.3927808000001,2.420539810882412,-1.2906019725426954,5.014364551310352,39.9561118757384,-5.513633976369717,0.09976151643372688,34.76465817277928,-5.520419747489133,6.060183136747501
0.314,-69.18881593720833,-130.98344509440003,574.1346816,2.4403744216717103,-1.313091366049721,5.063728021865019,39.64020791403314,-5.513474616243701,0.21922871972317992,34.448536505834625,-5.5142822616731975,6.215229876180398
0.315,-69.31951103200001,-130.405464,581.8176,2.4606421536654843,-1.3358210883671437,5.113633122270452,39.32431652104101,-5.513194972101631,0.34033643755060083,34.13277095808924,-5.507988397012458,6.372948811911648
0.316,-69.44962431418368,-129.8198298624,589.4406144000001,2.481351774991469,-1.3587949367810406,5.1640912291389505,39.00844463592245,-5.512793382617385,0.46312643860641245,33.8173705664029,-5.5015354572368835,6.53338820865266
0.317,-69.57914816082176,-129.22660304640002,597.0028032000001,2.5025122995410407,-1.3820167237686616,5.215113975024493,38.69259929422995,-5.512268144254682,0.5876413794679429,33.50234452350973,-5.494920697459097,6.696597037272618
0.318,-69.70807500980223,-128.6258448384,604.5032448000001,2.524132993868195,-1.4054902749790381,5.2667132561302274,38.3767876303522,-5.51161751036417,0.7139248347910865,33.18770218082405,-5.488141323465673,6.862624979729954
0.319,-69.83639736076032,-128.0176174464,611.9410176000001,2.5462233843041897,-1.429219427050017,5.3189012402408675,38.0610168800107,-5.510839690249929,0.8420213283158162,32.87345305128673,-5.48119449100396,7.031522433158553
0.32,-69.96410777599999,-127.401984,619.3152000000001,2.5687932642940696,-1.4532080252517585,5.371690374886771,37.74529438281124,-5.509932848204512,0.9719763647102475,32.559606812253215,-5.474077305065212,7.203340513042246
0.321,-70.09119888141568,-126.77900855040001,626.6248704000002,2.5918527019614648,-1.4774599209463053,5.425093395746754,37.42962758485105,-5.508895102511752,1.1038364622767318,32.24617330842181,-5.46678681916507,7.3781310554043635
0.322,-70.21766336741376,-126.1487560704,633.8691072,2.615412047908126,-1.5019789688521101,5.479123335296789,37.11402404138421,-5.5077245244164095,1.2376491865457488,31.933162554803765,-5.459320034622367,7.555946617936964
0.323,-70.34349398983426,-125.51129245439999,641.0469888,2.639481943254795,-1.5267690241018745,5.533793531711802,36.79849141954739,-5.506419137059754,1.3734631847825227,31.620584739734742,-5.451673899837368,7.736840479988665
0.324,-70.46868357087232,-124.8666845184,648.1575936000002,2.6640733279301734,-1.5518339390814766,5.589117638027996,36.48303750114717,-5.504976914380189,1.5113282214306807,31.308450227927572,-5.443845309570606,7.920866641324356
0.325,-70.593225,-124.21499999999997,655.2,2.68919744921485,-1.5771775600370632,5.645109631573251,36.167670185511234,-5.503395779977976,1.6512952145183455,30.996769563565643,-5.4358311042236815,8.108079819564903
0.326,-70.71711123488767,-123.55630755840002,662.1732864000002,2.714865870547024,-1.6028037234365147,5.70178382367311,35.8523974924065,-5.501673605942996,1.793416273053051,30.68555347343882,-5.427628069123213,8.298535446212021
0.327,-70.84033530232576,-122.8906767744,669.0765312000001,2.7410904805972627,-1.628716252071178,5.759154869640224,35.53722756502434,-5.499808211644685,1.937744735427966,30.374812870118543,-5.419232933809618,8.492289661152043
0.328,-70.96289029914624,-122.21817815039999,675.9088128000001,2.7678835026192417,-1.6549189508824678,5.81723777905491,35.222168673037295,-5.4977973624829986,2.0843352088667686,30.064558855175097,-5.410642371332125,8.689399305533058
0.329,-71.08476939314431,-121.53888311040001,682.6692096000002,2.7952575040838132,-1.6814156024975895,5.876047926344823,34.90722921572779,-5.495638768599419,2.2332436099296444,29.7548027224339,-5.401852997551803,8.889921912897318
0.33,-71.205965824,-120.852864,689.3568000000001,2.823225406603639,-1.7082099624574891,5.935601061671625,34.59241772519213,-5.49333008354692,2.384527206105499,29.445555961272014,-5.39286137045437,9.093915698448555
0.331,-71.3264729041997,-120.16019408639998,695.9706624,2.8518004961557026,-1.735305754119372,5.995913322132612,34.27774286962194,-5.490868902917772,2.538244658513321,29.136830259953495,-5.383663989474736,9.301439546324222
0.332,-71.44628401995777,-119.4609475584,702.5098752000001,2.8809964336090994,-1.7627066632151795,6.057001243285345,33.963213456665514,-5.488252762928095,2.69445606573564,28.828637509003357,-5.374257294835293,9.512552994736911
0.333,-71.56539263213824,-118.7551995264,708.9735168000002,2.9108272655654854,-1.7904163320464765,6.118881771003236,33.6488384368712,-5.485479138957998,2.853223008804843,28.52098980461853,-5.364637666900226,9.72731621883996
0.334,-71.68379227717631,-118.04302602240001,715.3606656000002,2.9413074355195477,-1.818438353295058,6.181572273670064,33.334626907216034,-5.4825454440461545,3.0146085973641554,28.213899452115516,-5.35480142554815,9.945790011166025
0.335,-71.801476568,-117.32450399999999,721.6704000000002,2.972451795346855,-1.8467762634276519,6.245090554721296,33.02058811472183,-5.47944902733762,3.178677517021544,27.907378969413585,-5.344744829565574,10.168035759478087
0.336,-71.91843919495169,-116.59971133439997,727.9017984000002,3.004275617126336,-1.8754335356717895,6.309454865540015,32.70673146016203,-5.476187172483642,3.3454960779154277,27.601441090552147,-5.3344640760638695,10.394115421864022
0.337,-72.03467392670976,-115.86872682239998,734.0539392000001,3.0367946053047374,-1.904413572539134,6.374683918715174,32.393066501860645,-5.472757095992392,3.5151322645052474,27.296098769240047,-5.323955299922649,10.62409149889552
0.338,-72.15017461121025,-115.13163018239999,740.1259008000001,3.0700249092099803,-1.933719697870725,6.440796901669559,32.07960295958801,-5.469155945529212,3.6876557866038695,26.99136518243671,-5.313214573262474,10.858027002666002
0.339,-72.26493517656833,-114.38850205439999,746.1167616000001,3.103983135920454,-1.9633551483778362,6.507813490664807,31.76635071855514,-5.465380798165214,3.8631381316608397,26.68725373396238,-5.302237904950185,11.095985422509305
0.34,-72.378949632,-113.63942399999998,752.0256000000002,3.1386863634969644,-1.9933230646505895,6.575753865190416,31.453319833509898,-5.461428658572979,4.041652618305392,26.38377805813549,-5.291021240140267,11.33803068719208
0.341,-72.49221206874368,-112.88447850239999,757.8514944000001,3.1741521545838784,-2.023626481605119,6.644638722743405,31.140520532937945,-5.457296457168106,4.223274451153706,26.080952023435234,-5.279560459855889,11.58422712336285
0.342,-72.60471666098175,-112.12374896639999,763.5935232000003,3.21039857038558,-2.054268318338484,6.7144892940048635,30.827963223372137,-5.452981048195256,4.408080776883359,25.778789736187264,-5.267851380613409,11.834639410030167
0.343,-72.71645766676224,-111.35731971839999,769.2507648000002,3.247444185024223,-2.085251367359326,6.785327358419108,30.515658493812797,-5.4484792077575515,4.596150741569986,25.47730554426887,-5.255889754094552,12.089332528829306
0.34400000000000003,-72.82742942892033,-110.58527600639997,774.8222976000001,3.2853081002841353,-2.1165782831603224,6.8571752601807106,30.203617120262887,-5.443787631787974,4.787565549280693,25.176514040832387,-5.243671266870465,12.348371709829422
0.34500000000000003,-72.93762637600001,-109.80770399999997,780.3072000000002,3.3240099607479223,-2.1482515700971714,6.930055924633871,29.891850070380865,-5.438902933961564,4.9824085219099885,24.876430068041987,-5.231191540182369,12.611822372616633
0.34600000000000003,-73.04704302317569,-109.02469079039997,785.7045504000002,3.3635699693286765,-2.1802735695369413,7.003992875087974,29.58036850825494,-5.433821643547158,5.180765160240277,24.57706872082172,-5.218446129783544,12.879750062381259
0.34700000000000003,-73.15567397317378,-108.23632439039997,791.0134272000003,3.40400890320206,-2.2126464462369353,7.079010250052214,29.26918379930227,-5.428540203197479,5.382723206201497,24.278445350610696,-5.205430525847885,13.152220380722195
0.34800000000000003,-73.26351391719425,-107.44269373439998,796.2329088000002,3.4453481301413644,-2.2453721739134167,7.155132820891223,28.95830751529646,-5.423054966676361,5.588372706296859,23.980575569121335,-5.192140152950403,13.429298910870362
0.34900000000000003,-73.37055763583233,-106.64388867839997,801.3620736000001,3.4876096252578024,-2.278452519957667,7.232386009902571,28.647751439527084,-5.417362196522016,5.797806076153876,23.683475252096656,-5.178570370125421,13.711051137020522
0.35000000000000003,-73.4768,-105.83999999999997,806.4000000000003,3.5308159881472183,-2.3118890292547563,7.3107959088155035,28.337527572095286,-5.41145806164513,6.011118166150979,23.387160543061963,-5.164716471008506,13.997542357447987
0.35100000000000003,-73.58223597184768,-105.03111939839997,811.3457664000002,3.574990460443708,-2.345683007058859,7.3903892977092145,28.02764813534826,-5.405338634860948,6.228406328057368,23.091647857065443,-5.150573684068578,14.288837591073321
0.35200000000000004,-73.68686060568575,-104.21733949439997,816.1984512000001,3.620156943778909,-2.37983550087618,7.47119366434689,27.718125579457748,-5.398999890354099,6.449770482617225,22.796953884403273,-5.1361371729368095,14.585001477127165
0.35300000000000004,-73.79066904890624,-103.39875383039998,820.9571328000003,3.666340018144951,-2.414347281305285,7.5532372239202665,27.408972588145136,-5.392437701075517,6.675313187990874,22.503095594322428,-5.121402036839518,14.886098167551978
0.35400000000000004,-73.89365654290434,-102.57545687039998,825.6208896000002,3.713564960657112,-2.449218821781772,7.63654893919718,27.100202084558155,-5.385647836070443,6.905139708957051,22.21009023869599,-5.106363311142395,15.192191211767188
0.35500000000000004,-73.995818424,-101.74754399999996,830.1888000000001,3.7618577647108538,-2.4844502771725896,7.721158541062364,26.791827237302403,-5.378625957736956,7.139358086760872,21.917955355663622,-5.091015968013992,15.503343433409814
0.35600000000000004,-74.09715012435969,-100.91511152639998,834.6599424000002,3.8112451595259498,-2.5200414611628017,7.807096549439208,26.48386146663178,-5.371367619014365,7.37807920947747,21.62670877323021,-5.075354917216631,15.819616798651264
0.35700000000000004,-74.19764717291777,-100.07825667839998,839.0333952000001,3.8617546300682353,-2.555991822375379,7.894394294577101,26.176318450802416,-5.363868260501026,7.62141688274243,21.336368612815864,-5.059375007033356,16.141072275679672
0.35800000000000004,-74.29730519629823,-99.23707760639996,843.3082368000003,3.9134144373374418,-2.5923004191625005,7.98308393868605,25.86921213259376,-5.356123207501312,7.869487900678635,21.046953292748523,-5.043071025340016,16.46776968492407
0.35900000000000004,-74.39611991973632,-98.39167338239997,847.4835456000003,3.966253639006985,-2.6289658930047075,8.073198497896541,25.5625567260002,-5.348127667001708,8.12241211682553,20.758481531690126,-5.026437700831972,16.79976753958626
0.36000000000000004,-74.49408716800001,-97.54214399999996,851.5584000000001,4.020302110398449,-2.665986440451412,8.164771864518507,25.256366723099184,-5.339876724575935,8.380312514856897,20.470972351989047,-5.009469704415191,17.137122876038564
0.36100000000000004,-74.59120286631169,-96.68859037439998,855.5318784000002,4.075590565771026,-2.703359783535127,8.257838829569147,24.9506569010975,-5.3313653412196835,8.643315278837562,20.184445082946766,-4.992161650772325,17.47989107363154
0.36200000000000004,-74.68746304126978,-95.83111434239997,859.4030592000003,4.1321505799021505,-2.741083138588629,8.352435105534177,24.645442329561583,-5.322588350115382,8.911549862747592,19.898919363989886,-4.974508100114412,17.828125663451893
0.36300000000000004,-74.78286382177025,-94.96981866239994,863.1710208000002,4.1900146099320885,-2.7791531833927854,8.448597349321727,24.34073837783509,-5.313540453327927,9.185149058964797,19.61441514773664,-4.956503560129501,18.181878125562342
0.364,-74.87740143992833,-94.10480701440001,866.8348415999999,4.2492160174411575,-2.8175660225807606,8.546363185362196,24.036560722647472,-5.304216218432624,9.464249065361429,19.330952702945055,-4.938142488140082,18.541197674247982
0.365,-74.971072232,-93.23618399999998,870.3936,4.309789090723443,-2.8563171512222447,8.645771228800552,23.732925355918052,-5.294610075076841,9.748989550633013,19.04855261733201,-4.919419293481363,18.906131030793095
0.366,-75.06387263930367,-92.3640551424,873.8463744000002,4.371769067216172,-2.8954014165101043,8.746861108720301,23.429848592758578,-5.284716311477449,10.03951371743095,18.767235800248585,-4.900328340113332,19.27672218330588
0.367,-75.15579920914176,-91.4885268864,877.1922432000001,4.435192156038155,-2.9348129774699285,8.849673491330236,23.127347079678447,-5.2745290708563655,10.33596836282802,18.4870234851996,-4.880863949479518,19.653012133114448
0.368,-75.24684859572224,-90.60970659840001,880.4302848,4.500095560584841,-2.974545262612132,8.954250103036014,22.825437802996184,-5.264042347817185,10.638503935590784,18.207937232191444,-4.86102040362639,20.035038627253627
0.369,-75.33701756108033,-89.72770256640003,883.5595776000001,4.566517501121158,-3.014590925445508,9.060633753308968,22.524138097459154,-5.253249984666465,10.947274589676852,17.92999892989321,-4.840791948597386,20.4228358765718
0.37,-75.426302976,-88.84262400000001,886.5792,4.634497237305512,-3.0549417977698416,9.168868357253203,22.223465655076676,-5.242145667683524,11.262438233319095,17.65323079759577,-4.82017279811618,20.81643425899415
0.371,-75.51470182093568,-87.95458103039999,889.4882303999999,4.70407509057128,-3.0955888406662284,9.278998957760605,21.923438534167435,-5.230722923343783,11.584156572985279,17.37765538695061,-4.799157137574361,21.215860007488963
0.372,-75.60221118693377,-87.0636847104,892.2857472,4.775292466282938,-3.1365220931031703,9.391071747129704,21.624075168624863,-5.218975114500945,11.912595151435966,17.103295583471223,-4.777739128338933,21.62113488230096
0.373,-75.68882827655423,-86.17004701440001,894.9708288,4.848191875574934,-3.1777306180781153,9.505134088010161,21.325394377402333,-5.2068954365344435,12.247923379021351,16.83017460777863,-4.755912912395615,22.03227582703425
0.374,-75.77455040479231,-85.27378083840001,897.5425536,4.922816956771396,-3.2192024462157938,9.621234533518477,21.027415374219366,-5.194476913469415,12.590314557273615,16.558316016569883,-4.733672617344355,22.449294608190613
0.375,-75.859375,-84.375,900.0,4.999212496273266,-3.2609245167466945,9.739422846353127,20.730157777491456,-5.181712394077291,12.93994589376156,16.28774370329084,-4.711012361763673,22.872197437800562
0.376,-75.94329960480768,-83.47381923839998,902.3422463999999,5.077424448787887,-3.302882615792941,9.859750016718081,20.43364162048352,-5.16859454796636,13.296998507072551,16.018481898490254,-4.687926260960965,23.30098457881635
0.377,-76.02632187704577,-82.5703542144,904.5683712,5.157499956763203,-3.3450613118934336,9.982268278842716,20.137887361686634,-5.155115861672919,13.661657420677379,15.750555169832504,-4.66440843312623,23.735649932977353
0.378,-76.10843959066624,-81.66472151040001,906.6774528000001,5.239487368873766,-3.3874438887046416,10.107031125862779,19.842915895419676,-5.141268634764499,14.03411154432468,15.483988421746599,-4.640453005906681,24.176180610906986
0.379,-76.18965063666433,-80.75703863040002,908.6685696000001,5.323436257391765,-3.4300122748221757,10.234093322802247,19.548748562652214,-5.12704497596874,14.4145536414754,15.218806894684962,-4.6160541234203585,24.622556484250193
0.38,-76.269953024,-79.84742399999999,910.5408,5.409397434258356,-3.4727469706747427,10.363510917367735,19.25540716204942,-5.1124367993422855,14.803180281164828,14.955036163968536,-4.591205953726506,25.07474971972645
0.381,-76.34934488051967,-78.93599696639998,912.2932224,5.497422965654109,-3.515626972454341,10.495341248237597,18.962913961234,-5.097435820496485,15.200191772523176,14.692702138189388,-4.565902696771073,25.532724295037642
0.382,-76.42782445387776,-78.02287779839999,913.9249152,5.587566184847067,-3.5586296930572505,10.62964295049433,18.671291708262544,-5.082033552897988,15.6057920800379,14.431831057144281,-4.540138592825337,25.996435496651447
0.383,-76.50539011245823,-77.10818768639999,915.4349568000001,5.679881703076492,-3.6017308800251375,10.766475957813244,18.380563643311906,-5.066221304264469,16.02018871747226,14.172449489270832,-4.5139079314357,26.465829399566434
0.384,-76.58204034629632,-76.19204874239999,916.8224256000001,5.774425418208709,-3.6449045304935,10.905901500981333,18.090753510567414,-5.049990173078261,16.443592618169127,13.914584328554565,-4.487205060902799,26.94084232925935
0.385,-76.65777376800001,-75.27458399999999,918.0863999999999,5.871254520876042,-3.6881228031721554,11.047982102277267,17.801885570308503,-5.0333310452422575,16.87621797929083,13.658262790878522,-4.460024398307291,27.421400306125747
0.386,-76.73258911367168,-74.35591741439998,919.2259584,5.970427497785745,-3.7313559274074706,11.192781565197647,17.513984611179975,-5.0162345909058965,17.318282077327915,13.403512409781673,-4.432360440099875,27.90741847283779
0.387,-76.80648524382975,-73.4361738624,920.2401792,6.072004131857051,-3.7745721094004576,11.340364958964,17.227075962640022,-4.9986912614911185,17.770005052003413,13.150361031593873,-4.404207773272286,28.39880050517317
0.388,-76.87946114433024,-72.5154791424,921.1281408000001,6.176045498815486,-3.817737435685254,11.49079859719071,16.941185507572158,-4.980691286951494,18.231609655465498,12.898836809914231,-4.375561087125358,28.895438007009815
0.389,-76.95151592728831,-71.59395997439998,921.8889216000001,6.2826139598421875,-3.8608157740066575,11.644150010035077,16.656339695046775,-4.962224673300897,18.70332096341754,12.648968199397668,-4.346415185649721,29.397209890329865
0.39,-77.022648832,-70.67174399999999,922.5216,6.391773149842542,-3.9037686717740536,11.800487909087105,16.37256555321519,-4.943281200451627,19.185366044577847,12.400783948813642,-4.3167650005336,29.9039817412417
0.391,-77.09285922586369,-69.7489597824,923.0252544000001,6.503587960862549,-3.9465552523122067,11.959882144187713,16.08989070231809,-4.923850420405443,19.67797358459427,12.154313093342093,-4.2866056048110135,30.41560517320626
0.392,-77.16214660530179,-68.82573680639999,923.3989631999999,6.618124520144123,-3.9891321091793053,12.122403651290401,15.808343367786172,-4.903921655845223,20.18137346025111,11.909584946068222,-4.255932227162664,30.931917168839593
0.393,-77.23051059668225,-67.90220547839999,923.6418048,6.735450162270308,-4.0314531988773785,12.288124390401789,15.527952393408999,-4.883483999179068,20.695796259514623,11.66662908863911,-4.224740266880043,31.452739411868656
0.394,-77.29795095724032,-66.97849712639999,923.7528576000001,6.855633394809988,-4.073469732342644,12.457117272551587,15.248747254543607,-4.862526312093523,21.22147274265089,11.425475361043588,-4.193025309501798,31.977877611029175
0.395,-77.36446757600001,-66.05474399999999,923.7312,6.978743856826598,-4.115130065671119,12.629456074651369,14.97075807133374,-4.8410372256770895,21.758633239340085,11.186153850476984,-4.160783143129371,32.507120817922775
0.396,-77.4300604746957,-65.13107927039998,923.5759104000001,7.104852269570395,-4.156379590612895,12.80521534100517,14.694015621903487,-4.819005141180953,22.307506976375436,10.94869487925164,-4.128009775426861,33.040240741088695
0.397,-77.49472980869375,-64.20763703039997,923.2860671999999,7.234030378625064,-4.197160625452388,12.984470270131645,14.418551355487482,-4.796418231489074,22.8683213302061,10.713128991713308,-4.094701451307708,33.576991058795265
0.398,-77.55847586791425,-63.28455229439999,922.8607488,7.366350886730158,-4.237412306986228,13.16729658544949,14.14439740545395,-4.773264443375981,23.441300998243058,10.479486940124191,-4.060854671308133,34.117106733318565
0.399,-77.62129907775231,-62.36196099839998,922.2990336000001,7.501887376447429,-4.277070484411201,13.353770388261793,13.871586602176034,-4.749531500636133,24.026667082514145,10.247799669475436,-4.026466210644084,34.66030332974748
0.4,-77.6832,-61.439999999999976,921.6,7.64071422179064,-4.316067616052479,13.543967991357524,13.60015248569338,-4.725206908176842,24.624636078897204,10.01809830118532,-3.9915331389460973,35.20627634262979
0.401,-77.74417933376769,-60.51880707839998,920.7627264,7.782906487878469,-4.354332669978333,13.737965731419731,13.33012931811259,-4.700277957171547,25.235418764858508,9.790414115650615,-3.9560528406617466,35.75470053406811
0.402,-77.80423791640575,-59.59852093439998,919.7862912,7.928539817621606,-4.391791029688285,13.935839758303311,13.061552095677504,-4.6747317313795,25.85921897827535,9.564778533608202,-3.9200230361128665,36.30522928715854
0.403,-77.86337672442623,-58.679281190399976,918.6697727999998,8.077690304396981,-4.428364406202202,14.137665799109875,12.794456560441487,-4.648555114744286,26.496232279639123,9.341223096272024,-3.883441803189931,36.85749397896658
0.404,-77.92159687442432,-57.76122839039997,917.4122496000001,8.23043434960855,-4.463970758034248,14.343518894851044,12.528879211465798,-4.621734800391583,27.146644489657916,9.119779444210245,-3.8463075996617158,37.4111033775288
0.405,-77.97889962399996,-56.84450399999998,916.0128000000001,8.386848503982623,-4.498524220704438,14.553473107354655,12.264857315458807,-4.594257301155128,27.810630094030373,8.900479294926594,-3.8086192860740273,37.96564306766301
0.406,-78.03528637267969,-55.92925040639997,914.4705024,8.547009291394739,-4.531935047617921,14.767601193930677,12.002428916763895,-4.566108961768025,28.488350506969674,8.683354419112554,-3.7703761492062173,38.5206749106604
0.40700000000000003,-78.09075866283776,-55.01561091839997,912.7844352,8.710993013974704,-4.564109564327549,14.98597424717741,11.741632846600831,-4.537275972864176,29.179952184928297,8.468436615543236,-3.7315779260485678,39.07573654321564
0.40800000000000003,-78.14531818061826,-54.10372976639996,910.9536767999999,8.878875537200315,-4.594950138401563,15.20866129718162,11.482508731445002,-4.507744386945248,29.88556458187228,8.255757684581864,-3.6922248282591603,39.6303409212163
0.40900000000000003,-78.19896675685635,-53.19375210239998,908.9773056,9.05073205364327,-4.624355167314435,15.43572887323975,11.225097000435918,-4.47750013647445,30.605297937508183,8.045349400273546,-3.6523175670517705,40.1839759142718
0.41000000000000003,-78.25170636799999,-52.285823999999984,906.8544,9.22663682401015,-4.652219087003762,15.667240522121055,10.969438891681211,-4.446529054269607,31.33924088993698,7.837243481000371,-3.61185737846148,40.73610395708933
0.41100000000000003,-78.3035391370317,-51.38009245439998,904.5840384,9.40666289409467,-4.678432403949234,15.903256279796004,10.71557645732231,-4.414816896374853,32.087457904464046,7.631471558678995,-3.5708460489279408,41.2861617640132
0.41200000000000003,-78.35446733438977,-50.47670538239997,902.1652991999999,9.590881786247115,-4.702881753851335,16.143832093478892,10.463552567216837,-4.382349367598216,32.849986510664095,7.42806514648746,-3.529285941129524,41.833560113220805
0.41300000000000003,-78.40449337889022,-49.57581162239997,899.5972607999998,9.779363163977589,-4.725449990216509,16.389019190789334,10.213410911072685,-4.349112149911893,33.62683434030319,7.227055605102861,-3.487180019996079,42.377683707204795
0.41400000000000003,-78.45361983864831,-48.67756093439997,896.8790016,9.972174468319245,-4.746016306361866,16.63886339281746,9.965195998870982,-4.315090933916426,34.41797595947256,7.028474107447958,-3.444531878819965,42.91789111627244
0.41500000000000004,-78.50184943199999,-47.78210399999997,894.0096,10.169380524623577,-4.764456394568217,16.89340436790716,9.718953159393104,-4.280271453578166,35.22334948918667,6.832351601940218,-3.4013457653793537,43.45351481184045
0.41600000000000004,-78.5491850284237,-46.88959242239997,890.9881343999997,10.371043118518166,-4.780642646300802,17.152674823044755,9.474728536657295,-4.2446395244541,36.04285300987274,6.638718774245391,-3.357626607980566,43.98386129630075
0.41700000000000004,-78.5956296494618,-46.00017872639997,887.8136832,10.577220539839903,-4.794444397585561,17.416699629871506,9.232569084061746,-4.2081810856212885,36.87634074662101,6.4476060075447394,-3.313380041319339,44.5082113361691
0.41800000000000004,-78.64118646964225,-45.11401635839997,884.4853247999998,10.78796709347534,-4.805728223774813,17.6854948825413,8.99252255601261,-4.1708822455315975,37.72361903378809,6.259043341327205,-3.2686124320546703,45.02582030509818
0.41900000000000004,-78.68585881740033,-44.231259686399966,881.0021375999999,11.003332576183364,-4.814358288036538,17.95906688492312,8.754637496806819,-4.132729332011974,38.58444205962365,6.0730604287273895,-3.2233309039820144,45.53591864313769
0.42000000000000004,-78.72965017599999,-43.35206399999996,877.3631999999998,11.223361718658065,-4.820196747956093,18.237411065019604,8.518963226527934,-4.093708946628614,39.4585073940234,5.889686492436498,-3.177543362686462,46.03771243834369
0.42100000000000004,-78.77256418445566,-42.47658551039997,873.5675903999997,11.448093592318171,-4.82310422463903,18.520510814951553,8.28554982369513,-4.053808023629773,40.34545130533018,5.708950279217419,-3.1312585195508293,46.530384136481175
0.42200000000000004,-78.81460463845376,-41.60498135039997,869.6143871999999,11.677560980574402,-4.822940338623188,18.808336255451046,8.054448104399405,-4.013013893673495,41.24484387537325,5.53088001306631,-3.084485914987727,47.01309338411595
0.42300000000000004,-78.85577549127424,-40.73740957439996,865.5026687999998,11.911789714645515,-4.819564316747874,19.100842924533094,7.825709597647777,-3.9713143525357837,42.15618392564485,5.355503347069228,-3.0372359407597784,47.484978009853464
0.42400000000000004,-78.89608085471232,-39.87402915839996,861.2315135999999,12.150797974370233,-4.812835673869752,19.39797039089259,7.599386516621848,-3.9286977349804317,43.078893771698084,5.1828473140079385,-2.989519861247901,47.9451551478524
0.42500000000000004,-78.93552500000003,-39.014999999999965,856.7999999999998,12.394595554886584,-4.802614972933613,19.699640793604534,7.375531725553337,-3.885152993951261,44.012313827555616,5.012938275781655,-2.9413498335234083,48.392722507010575
0.42600000000000005,-78.9741123587277,-38.16048291839996,852.2072063999997,12.643183100545148,-4.788764666401917,20.00575731091719,7.154198701906979,-3.840669785223839,44.95569708711522,4.845801871716863,-2.8927389260769374,48.82675978839708
0.42700000000000005,-79.01184752376578,-37.310639654399964,847.4522111999999,12.89655130798155,-4.771150021394246,20.316202562325543,6.935441493552141,-3.7952385576242853,45.908203515256886,4.681462965844746,-2.8437011360552282,49.246330252583434
0.42800000000000005,-79.04873525018627,-36.465632870399965,842.5340927999999,13.154680100889358,-4.749640130064574,20.63083694970154,6.7193146706064555,-3.7488506488857163,46.86889438759828,4.519945593238787,-2.7942514048551716,49.650482437507065
0.42900000000000005,-79.08478045618429,-35.62562615039997,837.4519295999997,13.417537779734996,-4.724109005755859,20.94949694506112,6.5058732716238294,-3.7014983871720952,47.83672662454742,4.361272905509071,-2.7444056319249195,50.03825202639376
0.43,-79.11998822399998,-34.790784,832.2048000000001,13.685080150414967,-4.6944367642826625,21.271993334555127,6.295172743801766,-3.653175198249509,48.810547172473285,4.2054671155592915,-2.69418068662284,50.408663864069865
0.431,-79.15436380083968,-33.9612718464,826.7917824,13.957249636675517,-4.660510888296758,21.59810943048199,6.087268876892439,-3.603875718227067,49.78908749238339,4.052549441726673,-2.6435944179868063,50.760734118713884
0.432,-79.18791259979777,-33.137256038400004,821.2119551999999,14.233974382026028,-4.622227571103988,21.927599265551308,5.882217730493887,-3.5535959117280425,50.770958224345385,3.902540051422513,-2.592665662271064,51.0934725847565
0.433,-79.22064020077823,-32.31890384640001,815.4643968,14.515167347813797,-4.579493134473157,22.260185786226568,5.6800755544214745,-3.502333195276899,51.75464410399359,3.755458004409457,-2.5414142481117836,51.40588512122098
0.434,-79.25255235141631,-31.5063834624,809.5481856,14.800725415142484,-4.532225512957867,22.59555906475876,5.480898701866644,-3.4500865656090216,52.738499215606005,3.6113211958532254,-2.4898609991895535,51.69697621834152
0.435,-79.28365496799996,-30.699864000000005,803.4624000000001,15.090528499358754,-4.480355795016855,22.933374552435204,5.2847435350729235,-3.3968567325206886,53.72074267431806,3.470146299297694,-2.4380277342645504,51.96575168379948
0.436,-79.31395413639166,-29.899515494400003,797.2061184000002,15.3844386869126,-4.423829808802103,23.273251399582996,5.0916663232796555,-3.342646255781021,54.699454837834516,3.3319487097144824,-2.385937264469972,52.21122143840903
0.437,-79.34345611294974,-29.1055089024,790.7784192,15.682299405474152,-4.362609737895518,23.61477087091307,4.901723132721029,-3.287459685522475,55.67257415530419,3.1967424867902015,-2.3336133877597343,52.43240240956347
0.438,-79.37216732545026,-28.318016102399998,784.1783808000001,15.983934639282486,-4.296675749574594,23.95747488782957,4.714969708494538,-3.2313037054171434,56.63789476755482,3.0645402986138195,-2.2810808804194154,52.62832150926319
0.439,-79.40009437400832,-27.5372098944,777.4050816000001,16.28914820272681,-4.226027615386833,24.300864732239326,4.531461348169595,-3.1741872778267095,57.59306497838692,2.935353365938787,-2.2283654855627333,52.79801868207986
0.44,-79.42724403200002,-26.763264,770.4575999999998,16.597723086171815,-4.150686301020525,24.644399949139743,4.351252767039715,-3.1161217899950544,58.535586720742955,2.809191407188717,-2.1754938985519963,52.94055000702299
0.441,-79.45362324698365,-25.996353062399997,763.3350144000001,16.9094208888982,-4.070695499685835,24.98749748765887,4.174397954999636,-3.057121200223645,59.46281614400354,2.6860625843918466,-2.1224937492965696,53.05499083594228
0.442,-79.47923914162178,-25.236652646399996,756.0364032,17.223981354833754,-3.986123080625535,25.32953112224106,4.000950025069433,-2.997202182847358,60.371965449011235,2.5659734502154774,-2.0693935814027227,53.14043894990387
0.443,-79.5040990146022,-24.484339238399997,748.5608448,17.541122027308308,-3.8970624219718664,25.66983119707529,3.8309610536845944,-2.9363842706981207,61.26010609536546,2.4489288962903326,-2.016222828165883,53.19601771387111
0.444,-79.5282103415603,-23.739590246399995,740.9074176,17.860538039513337,-3.8036335951570663,26.00768473763755,3.6644819129208286,-2.8746899936264594,62.12417350066633,2.3349321029950554,-1.9630117854180205,53.22087920910349
0.445,-79.551580776,-23.00258399999999,733.0751999999998,18.181902057438542,-3.705984366483392,26.342335973073112,3.501562094940427,-2.8121450115294,62.960973343394244,2.2239844908912287,-1.909791581262265,53.21420732189224
0.446,-79.57421815021567,-22.2734997504,725.0632704000001,18.504864391977765,-3.604290980499423,26.672987312097632,3.3422495290075593,-2.748778240232315,63.76718956966751,2.1160856739770413,-1.8565941427499784,53.17522076669243
0.447,-79.59613047621379,-21.552517670399993,716.8707071999999,18.82905329639216,-3.498758689534841,26.99880081285711,3.186590391538769,-2.6846219684756187,64.53939418896519,2.011233414936339,-1.8034521595767683,53.10317602132087
0.448,-79.61732594663425,-20.83981885439999,708.4965888,19.154075464499005,-3.389621994310462,27.318900183735384,3.034628909750601,-2.6197119641825974,65.27405892484518,1.9094235825527914,-1.7503990448965094,52.99737015173602
0.449,-79.6378129356723,-20.135585318399997,699.9399935999999,19.47951674373376,-3.277144562049792,27.63237334729122,2.8864071595676672,-2.554087568130451,65.96756876363214,1.8106501114463074,-1.6974688933753102,52.857143504003375
0.45,-79.65759999999999,-19.43999999999999,691.1999999999999,19.804943075559855,-3.1616187910645337,27.93827559324871,2.7419648585713348,-2.4877917731156156,66.61623741699833,1.7149049642900054,-1.6446964366290355,52.68188224135927
0.451,-79.67669587968766,-18.753246758399992,682.2756864,20.129901673605623,-3.0433649944655756,28.23563333875019,2.601339154875449,-2.4208712867041693,67.216324683463,1.622178096652235,-1.5921169962101789,52.47102070486205
0.452,-79.69510949912572,-18.075510374399993,673.1661312,20.453922447367642,-2.922730180501688,28.523448504903424,2.4645644129188375,-2.353376575690795,67.76405565939442,1.5324574245958968,-1.5397664343310684,52.224043576943124
0.453,-79.71284996794623,-17.40697655039999,663.8704127999998,20.776519676300737,-2.8000864130497902,28.800703508041188,2.331671997279522,-2.285361890456377,68.25564171253325,1.4457287951624633,-1.4876811025302266,51.940487828228186
0.454,-79.72992658194431,-16.747831910399988,654.3876096,21.0971939356999,-2.675828742961692,29.066366852228043,2.20269005571135,-2.2168852675218265,68.68730309102874,1.361975959851241,-1.4358977885079303,51.61994442931436
0.455,-79.74634882400001,-16.09826399999999,644.7168,21.41543427197353,-2.550372709219666,29.31939929655334,2.0776433026936725,-2.1480085087440624,69.05529299927449,1.2811805511898144,-1.3844536613746747,51.262059810731145
0.456,-79.76212636499973,-15.458461286399986,634.8570623999998,21.730720620732637,-2.4241514180253216,29.558760556867085,1.9565528048772463,-2.0787971357886708,69.3559229293841,1.2033220624819152,-1.333386215571852,50.86653705606115
0.457,-79.77726906475773,-14.828613158399989,624.8074751999998,22.042526456712924,-2.297612217874304,29.783416487210978,1.8394357698756822,-2.009320318746928,69.58558899511705,1.1283778308007677,-1.2827332137382268,50.433136815153595
0.458,-79.79178697293823,-14.208909926399988,614.5671167999998,22.350321659960777,-2.1712129990992954,29.99234667162513,1.7263053399029546,-1.9396507780391274,69.74079897468161,1.0563230232756429,-1.2325326288079796,49.961677926497785
0.459,-79.80569032997631,-13.599542822399991,604.1350655999998,22.65357557797696,-2.045418156990352,30.18455234264079,1.6171703918199423,-1.869864659055929,69.81819973135318,0.9871306267169159,-1.1828225856352195,49.45203774007592
0.46,-79.81898956799999,-13.000703999999988,593.5103999999998,22.951760258956405,-1.9206942681392598,30.359064529247252,1.5120353451419508,-1.8000413793417078,69.81460464783771,0.9207714405866824,-1.133641302448379,48.90415213444304
0.461,-79.83169531175166,-12.412586534399987,582.6921983999997,23.24435382671096,-1.797505539669506,30.51495232470382,1.410899979588839,-1.7302634484983583,69.72702068287413,0.8572140733242267,-1.0850270324419633,48.31801522423131
0.462,-79.84381837950976,-11.83538442239999,571.6795391999997,23.530843963730774,-1.6763091001868347,30.651331153986305,1.3137592637216566,-1.6606162613924254,69.55267463827452,0.7964249420053843,-1.0370180058162717,47.6936787568322
0.463,-79.85536978401025,-11.269292582399988,560.4715007999996,23.810731465085055,-1.5575502091920943,30.767370912257412,1.2206031961709443,-1.5911878656661878,69.28903821246966,0.7383682753039809,-0.989652372575344,47.031251199553
0.464,-79.86636073336834,-10.714506854399989,549.0671615999998,24.083533822715992,-1.4416574679908232,30.86230384006215,1.131416660886243,-1.5220687049802157,68.93385141374105,0.6830061196999837,-0.9429681463910985,46.33089652109232
0.465,-79.87680263200001,-10.171223999999986,537.4655999999998,24.3487887971867,-1.3290381194674836,30.93543199829395,1.0461792977510656,-1.453351339838064,68.4851439133487,0.6302983488673147,-0.8970031498362436,45.59283267365541
0.466,-79.8867070815437,-9.639641702399985,525.6658943999997,24.606057932311266,-1.2200735262050877,30.986134206729638,0.9648653897808479,-1.38513014825672,67.941253936241,0.5802026761525287,-0.8517949612812552,44.81732978443866
0.467,-79.8960858817817,-9.119958566399987,513.6671231999998,24.85492996731218,-1.1151149161041718,31.01387231419887,0.8874437679887552,-1.3175010089347252,67.30084431494454,0.5326746700431607,-0.8073808637406271,44.004708067484664
0.468,-79.90495103156223,-8.612374118399988,501.4683647999997,25.09502410140191,-1.0144794817888205,31.01819667639207,0.8138777348291196,-1.2505609699273106,66.56291537042303,0.48766777250085,-0.7637977959418186,43.155335469052275
0.46900000000000003,-79.91331472972031,-8.117088806399986,489.06869759999967,25.32599306682544,-0.9184469146452413,30.998750728700504,0.7441250069712341,-1.1844079061487185,65.72681433128325,0.44513332003423317,-0.7210823058756719,42.26962506157098
0.47000000000000003,-79.92118937599997,-7.634303999999987,476.46719999999965,25.547525968754876,-0.827256446442026,30.955274556356578,0.6781376779204301,-1.119140169286531,64.79224105900559,0.4050205673499297,-0.6792705070718287,41.3480322030298
0.47100000000000003,-79.92858757197568,-7.164221990399986,463.6629503999996,25.759350853518324,-0.7411044612825933,30.887607381792023,0.6158622008321166,-1.0548562339104133,63.75924990995965,0.36727671342853596,-0.6383980378243559,40.39105148013499
0.47200000000000003,-79.93552212197378,-6.707045990399986,450.65502719999955,25.961236970876627,-0.6601427284814929,30.795688909434194,0.5572393916173107,-0.9916543436953927,62.62824763365379,0.3318469298480375,-0.5985000235741819,39.399213454863244
0.47300000000000003,-79.94200603399426,-6.262980134399987,437.44250879999964,26.152996701027554,-0.584477293192569,30.679559490274066,0.5022044522166531,-0.9296321617439611,61.399987278637006,0.29867439116501376,-0.5596110426347846,38.37308123505497
0.47400000000000003,-79.94805252063233,-5.832229478399987,424.02447359999957,26.33448712267975,-0.5141680467201343,30.53935909184713,0.45068701370028147,-0.868886428982648,60.075558150698235,0.2677003071619265,-0.5217650954263267,37.31324689042715
0.47500000000000003,-79.95367499999998,-5.414999999999988,410.3999999999996,26.50561120483565,-0.4492289829298852,30.375325083091784,0.40261119861342054,-0.8095126345285873,58.65637194038301,0.23886395675231564,-0.48499557736199334,36.22032773587351
0.47600000000000003,-79.95888709664767,-5.011498598399986,396.56816639999954,26.66631861155063,-0.38962913157645473,30.187788867021425,0.35789570177624863,-0.7516047017690484,57.14414520602753,0.21210272333145608,-0.44933525550819836,35.09496250411501
0.47700000000000004,-79.96370264248577,-4.621933094399987,382.52805119999954,26.8166061158103,-0.3352941442278298,29.97717141658166,0.316453888536995,-0.6952546936783074,55.540878462529705,0.18735213135572626,-0.4148162491182567,33.93780742969435
0.47800000000000004,-79.96813567770624,-4.246512230399987,368.2787327999995,26.95651762559447,-0.28610849430958873,29.74397778974543,0.2781939092775572,-0.6405525406171841,53.84883218303446,0.16454588392198136,-0.38147001411738457,32.74953226598476
0.47900000000000004,-79.97220045170437,-3.8854456703999873,353.8192895999995,27.08614383192767,-0.24191824008249163,29.488790718144728,0.2430188288001447,-0.5875857935281038,52.0705000689397,0.1436159011222437,-0.3493273315953534,31.530816256289928
0.48000000000000004,-79.975911424,-3.5389439999999874,339.1487999999995,27.205621495138658,-0.20253428850859542,29.21226337886373,0.21082676907003875,-0.5364394050630785,50.208579981917865,0.12449235894348967,-0.3184183003424943,30.28234407929337
0.48100000000000004,-79.97928326515971,-3.2072187263999874,324.2663423999994,27.31513239155867,-0.16773608926830463,28.915111471048572,0.18151106363901548,-0.4871955407743349,48.26594295915873,0.10710372847494509,-0.28877233344507713,29.004801788079213
0.48200000000000004,-79.98233085771778,-2.8904822783999875,309.1709951999994,27.414901948113858,-0.1372756818766906,28.598104727298583,0.15496042199344828,-0.4399334220658934,46.245600749051235,0.09137681519950012,-0.26041815893727027,27.698872760680985
0.48300000000000004,-79.98506929709818,-2.5889480063999883,293.86183679999937,27.505197596992183,-0.11088201503387783,28.262057994531652,0.13105910195213957,-0.39472920216526447,44.15067230934025,0.07723679812780108,-0.23338382448988532,26.365233678708677
0.48400000000000004,-79.9875138925363,-2.302830182399989,278.3379455999994,27.58632688626715,-0.08826545603471243,27.907822019877003,0.10968708820440426,-0.3516558759336773,41.984349703288615,0.06460726854871651,-0.2076967061001525,25.004550548996704
0.48500000000000004,-79.989680168,-2.032343999999989,262.5983999999993,27.65863538529141,-0.0691224091788602,27.536274074497292,0.0907202750435592,-0.3107832239055236,39.749863812507556,0.05341026817366584,-0.18338352073270997,23.61747478148616
0.48600000000000004,-79.99158386311169,-1.7777055743999894,246.64227839999933,27.722504425820294,-0.05313996549097141,27.148308542332938,0.07403065131577084,-0.27217779054211233,37.45045025881832,0.04356632643836834,-0.16047034284983142,22.204639334726917
0.48700000000000004,-79.99324093406976,-1.5391319423999896,230.46865919999928,27.77834872088444,-0.040000511437636846,26.744827591762565,0.059486485648219165,-0.23590289630826355,35.08931589272318,0.03499449675138297,-0.13898262475829845,20.76665493842179
0.48800000000000004,-79.99466755457028,-1.3168410623999904,214.07662079999923,27.826613903862345,-0.029386231420670553,26.326732036779987,0.046952510032405914,-0.20201868284358096,32.66960616451319,0.027612391468670942,-0.11894522069203599,19.304106400437572
0.48900000000000005,-79.99588011672833,-1.1110518143999908,197.46524159999925,27.86777402975748,-0.020983447299700947,25.89491248078359,0.03629009989644859,-0.17058219020715293,30.194373646926422,0.021336215384378448,-0.10038241454318149,17.81754900363458
0.49000000000000005,-79.99689523200001,-0.9219839999999916,180.63359999999923,27.902329079619822,-0.014486747703354699,25.450240821066718,0.027357448857413234,-0.14164746493091235,27.6665479272285,0.016080797527490656,-0.08331795114998539,16.30750499576905
0.49100000000000005,-79.99772973210364,-0.7498583423999923,163.5807743999992,27.930802507293578,-0.009602870078605382,24.9935621759914,0.02000973644144084,-0.11526569742539317,25.088907032963338,0.011759621070254009,-0.0677750710476963,14.774460173593534
0.49200000000000005,-79.99840066994177,-0.594896486399993,146.30584319999915,27.9537388656144,-0.006054308971468133,24.525687280250565,0.014099287120743213,-0.09148538714504681,22.46405050094939,0.00828485114400978,-0.05377654858858864,13.218860560164988
0.49300000000000005,-79.99892532052222,-0.4573209983999936,128.80788479999913,27.971701546542135,-0.003582634627888033,24.047385376797052,0.009475719140751111,-0.07035253383774993,19.794374144362802,0.005567360382445013,-0.041344733339274006,11.641109172237398
0.49400000000000005,-79.99932118188032,-0.33735536639999447,111.0859775999991,27.98527066709893,-0.0019515163932268841,23.559377617567186,0.005986081671522503,-0.051910853175530014,17.08204651924942,0.003516751993705114,-0.030501594667682517,10.041562872523423
0.49500000000000005,-79.999605976,-0.23522399999999524,93.13919999999908,27.995041129934606,-0.0009494553622369061,23.062330969068896,0.003474978957577615,-0.036202015087888374,14.328987040082698,0.0020413801956485253,-0.021268769438294303,8.420529299507658
0.496,-79.99979764973565,-0.15115223040000025,74.96663040000007,28.00162088462237,-0.00039224013444581686,22.55685260379015,0.0017846801924376776,-0.02326590319455269,11.536845644927372,0.0010483678263871537,-0.013667612742609301,6.778263865444548
0.497,-79.99991437573378,-0.08536631040000014,56.56734720000005,28.005629412887178,-0.00012514826413452968,22.04348474406092,0.0007552139625499714,-0.013140893857121576,8.706983864460009,0.00044362096394769053,-0.007719251602195197,5.114966811121626
0.498,-79.99997455335422,-0.03809341440000007,37.94042880000003,28.007696458424746,-2.4924018834955524e-05,21.522699911756014,0.00022444617587735505,-0.0058641535367860076,5.84045710585774,0.00013184038732407173,-0.003444641594108128,3.4307803039496627
0.499,-79.99999680959232,-0.009561638400000018,19.08495360000002,28.008461019728415,-1.5703898547672959e-06,20.994896524969256,2.8140447464169377e-05,-0.0014719533546919989,2.9379979221791523,1.652970550452174e-05,-0.0008646263629131433,1.7257855639256825
0.5,-80.0,-0.0,0.0,28.008570622311396,0.0,20.460394771378514,6.361109362927034e-14,-0.0,0.0,-3.81666561775622e-14,-0.0,0.0
0.501,-79.99999680959232,0.009561638400000017,19.084953600000016,28.008461019728415,-1.5703898547672952e-06,20.994896524969256,2.8140447464169377e-05,0.0014719533546919987,2.937997922179152,1.652970550452174e-05,0.0008646263629131431,1.7257855639256823
0.502,-79.99997455335424,0.03809341440000007,37.940428800000035,28.007696458425414,-2.4924018834956734e-05,21.522699911756263,0.0002244461757119662,0.005864153536786081,5.840457105857814,0.0001318403872350162,0.0034446415941081403,3.430780303949675
0.503,-79.99991437573377,0.08536631040000017,56.56734720000005,28.005629412886545,-0.00012514826413452393,22.043484744060674,0.0007552139627153603,0.013140893857121423,8.706983864459904,0.0004436209640367461,0.007719251602195171,5.114966811121606
0.504,-79.99979764973568,0.15115223040000025,74.96663040000007,28.001620884623307,-0.00039224013444584397,22.55685260379053,0.0017846801921959554,0.023265903194553104,11.536845644927576,0.0010483678262472092,0.013667612742609381,6.778263865444588
0.505,-79.999605976,0.2352240000000004,93.13920000000009,27.995041129934606,-0.0009494553622369478,23.062330969068924,0.003474978957577615,0.03620201508788917,14.328987040082854,0.0020413801956485253,0.02126876943829477,8.42052929950775
0.506,-79.99932118188032,0.33735536640000063,111.08597760000009,27.98527066709893,-0.0019515163932269557,23.559377617567215,0.005986081671522503,0.051910853175530965,17.082046519249573,0.003516751993705114,0.030501594667683075,10.041562872523514
0.507,-79.99892532052225,0.45732099840000073,128.80788480000012,27.97170154654325,-0.0035826346278884425,24.047385376797603,0.009475719140471222,0.07035253383775253,19.794374144363374,0.005567360382266902,0.04134473333927495,11.641109172237574
0.508,-79.99840066994176,0.594896486400001,146.30584320000014,27.953738865613786,-0.006054308971468021,24.525687280250295,0.014099287120895879,0.09148538714504699,22.46405050094928,0.008284851144137002,0.05377654858858909,13.218860560165012
0.509,-79.99772973210368,0.7498583424000013,163.58077440000014,27.930802507294825,-0.0096028700786065,24.993562175992054,0.020009736441122784,0.11526569742539727,25.088907032964073,0.011759621070037732,0.06777507104769771,14.774460173593747
0.51,-79.996895232,0.9219840000000016,180.63360000000014,27.90232907961966,-0.014486747703354843,25.450240821066654,0.027357448857451398,0.14164746493091346,27.666547927228557,0.01608079752755427,0.0833179511499861,16.3075049957691
0.511,-79.99588011672832,1.1110518144000021,197.46524160000018,27.867774029756873,-0.020983447299700416,25.894912480783283,0.03629009989660126,0.17058219020715265,30.19437364692621,0.021336215384480224,0.10038241454318211,17.81754900363459
0.512,-79.99466755457024,1.3168410624000024,214.07662080000017,27.826613903860824,-0.02938623142066778,26.326732036779177,0.04695251003280031,0.20201868284357696,32.6696061645124,0.027612391468912666,0.11894522069203592,19.30410640043747
0.513,-79.99324093406976,1.5391319424000027,230.4686592000002,27.77834872088444,-0.040000511437637526,26.744827591762586,0.059486485648219165,0.23590289630826555,35.08931589272331,0.03499449675138297,0.13898262475829964,20.76665493842187
0.514,-79.99158386311169,1.7777055744000032,246.64227840000015,27.722504425820294,-0.05313996549097222,27.148308542332963,0.07403065131577084,0.27217779054211444,37.45045025881844,0.04356632643836834,0.16047034284983266,22.20463933472699
0.515,-79.989680168,2.0323440000000037,262.59840000000025,27.65863538529141,-0.06912240917886121,27.53627407449732,0.0907202750435592,0.3107832239055258,39.74986381250769,0.05341026817366584,0.1833835207327113,23.61747478148624
0.516,-79.98751389253631,2.302830182400004,278.33794560000024,27.58632688626754,-0.08826545603471621,27.907822019877266,0.10968708820430248,0.3516558759336823,41.984349703289055,0.06460726854866562,0.20769670610015425,25.00455054899683
0.517,-79.98506929709824,2.5889480064000048,293.8618368000002,27.50519759699408,-0.11088201503389519,28.26205799453286,0.13105910195164341,0.39472920216528146,44.150672309341935,0.07723679812748303,0.2333838244898897,26.365233678709075
0.518,-79.98233085771776,2.890482278400005,309.1709952000002,27.414901948112878,-0.13727568187668204,28.59810472729798,0.15496042199370272,0.43993342206588776,46.24560074905051,0.09137681519967825,0.26041815893727,27.69887276068086
0.519,-79.97928326515968,3.207218726400005,324.26634240000027,27.315132391557697,-0.16773608926829417,28.915111471047965,0.18151106363926992,0.4871955407743284,48.265942959157975,0.10710372847509776,0.288772333445077,29.004801788079124
0.52,-79.975911424,3.538944000000006,339.1488000000003,27.205621495138658,-0.20253428850859753,29.212263378863753,0.21082676907003875,0.5364394050630814,50.20857998191797,0.12449235894348967,0.318418300342496,30.282344079293438
0.521,-79.97220045170432,3.8854456704000064,353.8192896000003,27.08614383192624,-0.2419182400824674,29.48879071814378,0.2430188288005391,0.5875857935280902,52.07050006893842,0.14361590112245998,0.34932733159535206,31.530816256289725
0.522,-79.96813567770624,4.246512230400008,368.2787328000003,26.95651762559447,-0.28610849430959145,29.743977789745443,0.2781939092775572,0.6405525406171871,53.84883218303457,0.16454588392198136,0.3814700141173864,32.74953226598482
0.523,-79.96370264248576,4.621933094400009,382.5280512000003,26.816606115809943,-0.33529414422782367,29.977171416581424,0.3164538885370968,0.6952546936783057,55.54087846252942,0.18735213135577716,0.4148162491182579,33.93780742969435
0.524,-79.95888709664769,5.011498598400008,396.56816640000034,26.666318611551123,-0.3896291315764729,30.187788867021787,0.3578957017761087,0.751604701769059,57.14414520602815,0.21210272333139246,0.4493352555082016,35.09496250411518
0.525,-79.953675,5.41500000000001,410.40000000000026,26.505611204836452,-0.4492289829299169,30.375325083092385,0.40261119861320427,0.8095126345286037,58.65637194038394,0.23886395675215027,0.48499557736199866,36.22032773587381
0.526,-79.94805252063232,5.832229478400011,424.02447360000036,26.334487122679192,-0.5141680467201164,30.53935909184674,0.4506870137004341,0.868886428982642,60.07555815069773,0.2677003071620283,0.5217650954263268,37.313246890427074
0.527,-79.94200603399425,6.262980134400011,437.44250880000027,26.152996701027103,-0.5844772931925525,30.679559490273743,0.5022044522167803,0.9296321617439561,61.39998727863658,0.2986743911650901,0.5596110426347848,38.373081235054904
0.528,-79.93552212197376,6.707045990400011,450.65502720000035,25.961236970876357,-0.6601427284814841,30.795688909434002,0.5572393916173871,0.9916543436953911,62.62824763365359,0.3318469298481138,0.5985000235741823,39.39921345486321
0.529,-79.92858757197568,7.164221990400011,463.66295040000034,25.759350853518324,-0.7411044612825985,30.887607381792037,0.6158622008321166,1.054856233910417,63.75924990995972,0.36727671342853596,0.6383980378243581,40.391051480135054
0.53,-79.921189376,7.634304000000013,476.4672000000004,25.547525968755725,-0.8272564464420888,30.95527455635723,0.6781376779201757,1.119140169286555,64.79224105900664,0.40502056734980246,0.6792705070718342,41.34803220303004
0.531,-79.91331472972033,8.117088806400012,489.0686976000004,25.325993066825838,-0.918446914645277,30.998750728700813,0.7441250069711195,1.1844079061487323,65.72681433128378,0.44513332003419503,0.7210823058756752,42.26962506157109
0.532,-79.90495103156223,8.612374118400014,501.46836480000036,25.09502410140191,-1.014479481788827,31.018196676392076,0.8138777348291196,1.2505609699273148,66.56291537042308,0.48766777250085,0.7637977959418212,43.155335469052325
0.533,-79.89608588178176,9.119958566400017,513.6671232000004,24.854929967313332,-1.1151149161042868,31.01387231419978,0.887443767988399,1.317501008934762,67.30084431494593,0.5326746700429571,0.8073808637406361,44.004708067485026
0.534,-79.88670708154368,9.639641702400016,525.6658944000003,24.606057932310566,-1.2200735262050235,30.98613420672909,0.9648653897810642,1.3851301482567038,67.94125393624023,0.5802026761526687,0.8517949612812531,44.81732978443846
0.535,-79.876802632,10.171224000000016,537.4656000000004,24.348788797186216,-1.329038119467437,30.93543199829358,1.0461792977512183,1.453351339838053,68.48514391334818,0.6302983488673911,0.8970031498362437,45.59283267365534
0.536,-79.86636073336832,10.714506854400016,549.0671616000004,24.083533822715708,-1.4416574679907963,30.862303840061934,1.131416660886332,1.5220687049802102,68.93385141374078,0.6830061197000473,0.9429681463910982,46.33089652109225
0.537,-79.85536978401024,11.26929258240002,560.4715008000004,23.81073146508474,-1.5575502091920606,30.767370912257178,1.2206031961710462,1.5911878656661809,69.28903821246938,0.7383682753040572,0.9896523725753437,47.03125119955292
0.538,-79.84381837950976,11.83538442240002,571.6795392000005,23.530843963730774,-1.676309100186844,30.651331153986312,1.3137592637216566,1.6606162613924296,69.55267463827458,0.7964249420053843,1.0370180058162743,47.69367875683225
0.539,-79.83169531175167,12.412586534400019,582.6921984000004,23.244353826711315,-1.797505539669574,30.51495232470412,1.4108999795887118,1.7302634484983774,69.72702068287455,0.8572140733241503,1.0850270324419693,48.31801522423147
0.54,-79.818989568,13.00070400000002,593.5104000000005,22.951760258956725,-1.9206942681393262,30.359064529247515,1.5120353451418362,1.800041379341726,69.81460464783808,0.9207714405866188,1.133641302448384,48.90415213444318
0.541,-79.80569032997631,13.599542822400023,604.1350656000004,22.65357557797696,-2.0454181569903622,30.184552342640796,1.6171703918199423,1.8698646590559336,69.81819973135319,0.9871306267169159,1.1828225856352224,49.45203774007596
0.542,-79.79178697293824,14.208909926400025,614.5671168000005,22.350321659961125,-2.171212999099377,29.99234667162541,1.7263053399028274,1.9396507780391485,69.74079897468197,1.0563230232755667,1.232532628807986,49.961677926497934
0.543,-79.77726906475776,14.828613158400021,624.8074752000003,22.042526456713436,-2.2976122178744243,29.783416487211387,1.8394357698754915,2.0093203187469575,69.58558899511755,1.1283778308006531,1.2827332137382355,50.43313681515382
0.544,-79.76212636499967,15.458461286400025,634.8570624000004,21.73072062073158,-2.4241514180250885,29.558760556866247,1.9565528048776535,2.078797135788622,69.35592292938313,1.2033220624821697,1.3333862155718428,50.86653705606077
0.545,-79.746348824,16.098264000000025,644.7168000000003,21.415434271973318,-2.5503727092196256,29.319399296553158,2.077643302693749,2.1480085087440557,69.05529299927427,1.2811805511898653,1.3844536613746752,51.262059810731074
0.546,-79.72992658194433,16.747831910400027,654.3876096000005,21.097193935700037,-2.675828742961741,29.066366852228143,2.202690055711299,2.216885267521839,68.68730309102882,1.3619759598512156,1.435897788507935,51.619944429314415
0.547,-79.71284996794624,17.406976550400028,663.8704128000004,20.776519676300897,-2.800086413049848,28.800703508041316,2.3316719972794586,2.2853618904563917,68.25564171253336,1.4457287951623998,1.4876811025302332,51.9404878282283
0.548,-79.69510949912576,18.075510374400032,673.1661312000005,20.453922447368395,-2.9227301805019237,28.52344850490401,2.4645644129185196,2.3533765756908465,67.76405565939493,1.5324574245956806,1.5397664343310842,52.224043576943465
0.549,-79.67669587968768,18.753246758400028,682.2756864000005,20.129901673606096,-3.0433649944657364,28.235633338750556,2.601339154875246,2.420871286704204,67.21632468346328,1.6221780966520822,1.592116996210191,52.471020704862305
0.55,-79.6576,19.44000000000003,691.2000000000004,19.80494307556016,-3.1616187910646483,27.938275593248942,2.7419648585712078,2.487791773115641,66.6162374169985,1.714904964289929,1.6446964366290435,52.681882241359396
0.551,-79.63781293567232,20.13558531840003,699.9399936000003,19.479516743734063,-3.277144562049906,27.63237334729145,2.8864071595675402,2.554087568130476,65.96756876363229,1.8106501114462057,1.6974688933753197,52.85714350400356
0.552,-79.61732594663424,20.839818854400036,708.4965888000004,19.1540754644987,-3.389621994310366,27.318900183735142,3.0346289097507415,2.619711964182581,65.27405892484497,1.9094235825528805,1.7503990448965077,52.99737015173589
0.553,-79.59613047621376,21.552517670400036,716.8707072000003,18.829053296391812,-3.4987586895347214,26.99880081285683,3.186590391538935,2.684621968475598,64.53939418896499,2.0112334149364792,1.8034521595767623,53.10317602132068
0.554,-79.57421815021569,22.273499750400035,725.0632704000005,18.50486439197802,-3.60429098049954,26.67298731209782,3.3422495290074323,2.74877824023234,63.767189569667565,2.116085673976965,1.8565941427499866,53.17522076669255
0.555,-79.551580776,23.002584000000038,733.0752000000003,18.181902057438542,-3.7059843664834067,26.342335973073112,3.501562094940427,2.812145011529406,62.960973343394215,2.2239844908912287,1.9097915812622688,53.214207321892246
0.556,-79.52821034156032,23.739590246400038,740.9074176000005,17.860538039513752,-3.8036335951572626,26.007684737637852,3.6644819129206123,2.8746899936265002,62.12417350066638,2.3349321029949155,1.9630117854180336,53.22087920910367
0.557,-79.50409901460223,24.484339238400036,748.5608448000004,17.541122027308734,-3.897062421972076,25.66983119707559,3.8309610536843657,2.9363842706981633,61.26010609536546,2.44892889629018,2.016222828165897,53.1960177138713
0.558,-79.47923914162176,25.23665264640004,756.0364032000004,17.223981354833587,-3.98612308062547,25.329531122240944,4.000950025069523,2.997202182847347,60.37196544901118,2.5659734502155156,2.0693935814027236,53.140438949903825
0.559,-79.45362324698368,25.996353062400043,763.3350144000005,16.90942088889855,-4.070695499686024,24.987497487659123,4.174397954999445,3.0571212002236843,59.46281614400347,2.6860625843917068,2.122493749296584,53.05499083594245
0.56,-79.427244032,26.763264000000042,770.4576000000003,16.597723086171605,-4.15068630102043,24.644399949139594,4.351252767039829,3.116121789995038,58.53558672074294,2.8091914071887807,2.175493898551995,52.94055000702292
0.561,-79.40009437400832,27.53720989440004,777.4050816000004,16.28914820272681,-4.226027615386847,24.30086473223932,4.531461348169595,3.1741872778267144,57.59306497838685,2.935353365938787,2.228365485562737,52.79801868207985
0.562,-79.37216732545023,28.318016102400044,784.1783808000004,15.983934639282156,-4.296675749574423,23.957474887829324,4.714969708494742,3.231303705417113,56.63789476755485,3.0645402986139723,2.2810808804194065,52.62832150926301
0.5630000000000001,-79.34345611294975,29.105508902400047,790.7784192000005,15.682299405474316,-4.362609737895626,23.614770870913173,4.901723132720928,3.287459685522498,55.672574155304055,3.196742486790125,2.3336133877597445,52.432402409563565
0.5640000000000001,-79.31395413639167,29.899515494400045,797.2061184000004,15.384438686912702,-4.423829808802176,23.273251399583053,5.091666323279592,3.342646255781038,54.69945483783438,3.3319487097144442,2.3859372644699794,52.21122143840906
0.5650000000000001,-79.283654968,30.699864000000048,803.4624000000003,15.090528499359046,-4.480355795017048,22.93337455243539,5.2847435350727325,3.396856732520729,53.72074267431781,3.47014629929758,2.4380277342645638,51.96575168379957
0.5660000000000001,-79.25255235141631,31.50638346240005,809.5481856000005,14.800725415142484,-4.532225512957882,22.595559064758753,5.480898701866644,3.450086565609027,52.738499215605934,3.6113211958532254,2.4898609991895575,51.69697621834152
0.5670000000000001,-79.22064020077823,32.31890384640005,815.4643968000004,14.515167347813797,-4.57949313447317,22.260185786226558,5.6800755544214745,3.5023331952769032,51.75464410399353,3.755458004409457,2.541414248111787,51.40588512122098
0.5680000000000001,-79.18791259979776,33.137256038400054,821.2119552000004,14.23397438202589,-4.622227571103909,21.927599265551205,5.8822177304939895,3.55359591172803,50.77095822434545,3.9025400514226147,2.5926656622710587,51.093472584756405
0.5690000000000001,-79.15436380083968,33.96127184640005,826.7917824000004,13.957249636675517,-4.660510888296774,21.598109430481983,6.087268876892439,3.603875718227073,49.789087492383324,4.052549441726673,2.6435944179868107,50.760734118713884
0.5700000000000001,-79.119988224,34.79078400000005,832.2048000000004,13.68508015041506,-4.69443676428274,21.271993334555184,6.29517274380169,3.653175198249527,48.81054717247311,4.205467115559215,2.6941806866228513,50.4086638640699
0.5710000000000001,-79.08478045618432,35.625626150400045,837.4519296000003,13.417537779735222,-4.724109005756045,20.949496945061245,6.505873271623651,3.701498387172137,47.83672662454701,4.361272905508918,2.744405631924941,50.038252026393835
0.5720000000000001,-79.04873525018624,36.46563287040006,842.5340928000003,13.15468010088913,-4.749640130064428,20.63083694970138,6.7193146706066464,3.7488506488856914,46.868894387598424,4.519945593238927,2.794251404855165,49.65048243750693
0.5730000000000001,-79.01184752376575,37.310639654400056,847.4522112000003,12.896551307981383,-4.771150021394143,20.31620256232543,6.935441493552282,3.795238557624269,45.908203515256986,4.681462965844886,2.843701136055222,49.246330252583334
0.5740000000000001,-78.97411235872768,38.16048291840006,852.2072064000002,12.643183100545068,-4.788764666401876,20.00575731091712,7.154198701907055,3.840669785223836,44.95569708711519,4.845801871716939,2.892738926076937,48.826759788397005
0.5750000000000001,-78.935525,39.01500000000006,856.8000000000002,12.39459555488639,-4.80261497293348,19.699640793604395,7.375531725553515,3.885152993951237,44.01231382755579,5.012938275781757,2.9413498335234056,48.392722507010475
0.5760000000000001,-78.89608085471232,39.874029158400056,861.2315136000003,12.150797974370233,-4.812835673869774,19.39797039089257,7.599386516621848,3.9286977349804406,43.07889377169794,5.1828473140079385,2.989519861247908,47.94515514785235
0.5770000000000001,-78.85577549127424,40.73740957440006,865.5026688000004,11.911789714645515,-4.8195643167479005,19.100842924533076,7.825709597647777,3.971314352535794,42.15618392564469,5.355503347069228,3.037235940759786,47.48497800985341
0.5780000000000001,-78.81460463845376,41.60498135040005,869.6143872000004,11.677560980574402,-4.8229403386232095,18.80833625545103,8.054448104399405,4.013013893673503,41.244843875373114,5.53088001306631,3.0844859149877335,47.01309338411589
0.5790000000000001,-78.77256418445567,42.47658551040006,873.5675904000002,11.448093592318243,-4.8231042246391125,18.520510814951585,8.285549823695053,4.053808023629795,40.34545130532988,5.708950279217343,3.1312585195508427,46.530384136481146
0.5800000000000001,-78.72965017599999,43.352064000000055,877.3632000000002,11.223361718658065,-4.820196747956115,18.237411065019586,8.518963226527934,4.093708946628624,39.45850739402325,5.889686492436498,3.1775433626864693,46.03771243834365
0.5810000000000001,-78.68585881740032,44.23125968640007,881.0021376000004,11.0033325761833,-4.814358288036501,17.959066884923068,8.754637496806895,4.132729332011971,38.58444205962367,6.073060428727466,3.2233309039820144,45.53591864313763
0.5820000000000001,-78.64118646964224,45.114016358400065,884.4853248000003,10.787967093475244,-4.805728223774745,17.685494882541235,8.99252255601271,4.170882245531586,37.723619033788204,6.259043341327281,3.26861243205467,45.02582030509812
0.5830000000000001,-78.59562964946176,46.00017872640006,887.8136832000001,10.57722053983968,-4.794444397585367,17.41669962987137,9.232569084062014,4.2081810856212485,36.87634074662149,6.447606007544905,3.3133800413193293,44.508211336169026
0.5840000000000001,-78.54918502842368,46.889592422400064,890.9881344000004,10.371043118518083,-4.78064264630074,17.152674823044695,9.474728536657398,4.24463952445409,36.04285300987285,6.638718774245468,3.3576266079805652,43.98386129630072
0.5850000000000001,-78.501849432,47.78210400000007,894.0096000000003,10.16938052462364,-4.764456394568296,16.893404367907177,9.718953159393028,4.280271453578188,35.223349489186326,6.832351601940142,3.401345765379369,43.45351481184038
0.5860000000000001,-78.45361983864832,48.67756093440006,896.8790016000004,9.972174468319285,-4.746016306361924,16.63886339281746,9.96519599887093,4.315090933916443,34.41797595947226,7.028474107447908,3.4445318788199755,42.91789111627237
0.5870000000000001,-78.40449337889024,49.57581162240007,899.5972608000002,9.779363163977628,-4.725449990216564,16.389019190789337,10.213410911072636,4.349112149911911,33.62683434030293,7.22705560510281,3.487180019996091,42.37768370720474
0.5880000000000001,-78.35446733438975,50.47670538240007,902.1652992000003,9.590881786247063,-4.702881753851298,16.143832093478853,10.463552567216913,4.382349367598212,32.84998651066415,7.42806514648751,3.529285941129526,41.83356011322077
0.5890000000000001,-78.30353913703168,51.380092454400085,904.5840384000004,9.406662894094582,-4.6784324039491665,15.903256279795938,10.715576457322424,4.41481689637484,32.08745790446418,7.6314715586791095,3.570846048927935,41.28616176401316
0.5900000000000001,-78.251706368,52.285824000000076,906.8544000000003,9.226636824010194,-4.652219087003826,15.667240522121059,10.969438891681147,4.446529054269626,31.33924088993666,7.837243481000333,3.611857378461491,40.736103957089256
0.5910000000000001,-78.19896675685632,53.19375210240007,908.9773056000001,9.050732053643186,-4.624355167314363,15.43572887323969,11.225097000436032,4.477500136474436,30.60529793750834,8.045349400273661,3.6523175670517642,40.18397591427177
0.5920000000000001,-78.14531818061823,54.103729766400086,910.9536768000003,8.87887553720024,-4.594950138401506,15.208661297181564,11.482508731445115,4.507744386945239,29.885564581872387,8.255757684581953,3.692224828259159,39.63034092121626
0.5930000000000001,-78.09075866283776,55.015610918400085,912.7844352000003,8.710993013974704,-4.564109564327568,14.985974247177394,11.741632846600831,4.537275972864185,29.17995218492814,8.468436615543236,3.7315779260485753,39.07573654321557
0.5940000000000001,-78.03528637267968,55.92925040640008,914.4705024000002,8.547009291394675,-4.531935047617865,14.767601193930634,12.002428916763996,4.566108961768014,28.488350506969795,8.683354419112606,3.7703761492062196,38.52067491066035
0.595,-77.97889962400001,56.84450399999998,916.0128000000001,8.38684850398272,-4.498524220704547,14.553473107354701,12.264857315458642,4.594257301155157,27.81063009402994,8.900479294926454,3.808619286074042,37.96564306766295
0.596,-77.92159687442432,57.76122839039997,917.4122495999999,8.23043434960855,-4.463970758034248,14.343518894851044,12.528879211465798,4.621734800391583,27.146644489657902,9.119779444210245,3.8463075996617158,37.41110337752879
0.597,-77.86337672442625,58.67928119039999,918.6697728,8.077690304397034,-4.428364406202265,14.1376657991099,12.794456560441384,4.648555114744303,26.496232279638868,9.341223096271948,3.8834418031899403,36.85749397896656
0.598,-77.80423791640577,59.59852093439999,919.7862912,7.92853981762164,-4.39179102968833,13.935839758303324,13.06155209567744,4.674731731379512,25.85921897827516,9.564778533608163,3.92002303611287,36.305229287158504
0.599,-77.74417933376768,60.51880707839998,920.7627264,7.782906487878421,-4.354332669978278,13.737965731419706,13.330129318112679,4.700277957171531,25.23541876485873,9.790414115650679,3.95605284066174,35.754700534068135
0.6,-77.6832,61.439999999999976,921.6,7.64071422179064,-4.316067616052479,13.543967991357524,13.60015248569338,4.725206908176842,24.624636078897204,10.01809830118532,3.9915331389460973,35.20627634262979
0.601,-77.62129907775233,62.36196099839997,922.2990336000001,7.50188737644748,-4.2770704844112615,13.353770388261818,13.871586602175933,4.7495315006361505,24.02666708251388,10.24779966947536,4.026466210644091,34.660303329747435
0.602,-77.55847586791424,63.28455229439999,922.8607488,7.366350886730122,-4.237412306986186,13.16729658544947,14.144397405454026,4.77326444337597,23.441300998243243,10.479486940124268,4.060854671308124,34.11710673331862
0.603,-77.49472980869376,64.20763703039998,923.2860671999999,7.234030378625113,-4.197160625452448,12.98447027013167,14.41855135548738,4.796418231489092,22.86832133020583,10.713128991713232,4.094701451307718,33.576991058795215
0.604,-77.43006047469568,65.1310792704,923.5759103999999,7.10485226957037,-4.156379590612871,12.805215341005152,14.694015621903526,4.819005141180946,22.3075069763755,10.948694879251677,4.128009775426857,33.040240741088695
0.605,-77.364467576,66.05474399999999,923.7312,6.978743856826588,-4.115130065671108,12.629456074651365,14.970758071333753,4.841037225677087,21.758633239340135,11.186153850477023,4.1607831431293665,32.5071208179228
0.606,-77.29795095724032,66.9784971264,923.7528576000002,6.855633394809988,-4.073469732342646,12.457117272551585,15.248747254543607,4.862526312093524,21.221472742650867,11.425475361043588,4.193025309501799,31.97787761102917
0.607,-77.23051059668224,67.90220547839998,923.6418048,6.735450162270275,-4.031453198877334,12.28812439040178,15.527952393409075,4.883483999179055,20.69579625951485,11.666629088639187,4.224740266880035,31.452739411868727
0.608,-77.16214660530176,68.8257368064,923.3989631999999,6.6181245201440735,-3.989132109179242,12.122403651290377,15.8083433677863,4.903921655845204,20.181373460251415,11.90958494606835,4.255932227162652,30.931917168839682
0.609,-77.09285922586368,69.7489597824,923.0252544000001,6.503587960862516,-3.946555252312161,11.959882144187693,16.089890702318165,4.923850420405429,19.677973584594483,12.154313093342195,4.286605604811003,30.415605173206348
0.61,-77.022648832,70.67174399999999,922.5216,6.391773149842542,-3.9037686717740536,11.800487909087105,16.37256555321519,4.943281200451627,19.185366044577847,12.400783948813642,4.3167650005336,29.9039817412417
0.611,-76.95151592728833,71.5939599744,921.8889216000001,6.28261395984221,-3.8608157740066864,11.644150010035089,16.656339695046725,4.962224673300906,18.703320963417383,12.648968199397592,4.346415185649731,29.397209890329776
0.612,-76.87946114433024,72.51547914239997,921.1281408,6.176045498815486,-3.817737435685251,11.490798597190711,16.941185507572158,4.980691286951492,18.23160965546552,12.898836809914231,4.375561087125356,28.895438007009833
0.613,-76.80648524382975,73.4361738624,920.2401792,6.072004131857051,-3.7745721094004576,11.340364958964,17.227075962640022,4.9986912614911185,17.770005052003413,13.150361031593873,4.404207773272286,28.39880050517317
0.614,-76.73258911367168,74.3559174144,919.2259584,5.970427497785745,-3.7313559274074715,11.192781565197643,17.513984611179975,5.016234590905897,17.318282077327893,13.403512409781673,4.432360440099876,27.907418472837783
0.615,-76.657773768,75.27458399999999,918.0863999999999,5.871254520876025,-3.688122803172132,11.04798210227726,17.801885570308553,5.03333104524225,16.87621797929095,13.658262790878572,4.460024398307285,27.421400306125804
0.616,-76.58204034629632,76.19204874239999,916.8224256000001,5.774425418208709,-3.6449045304935,10.905901500981333,18.090753510567414,5.049990173078261,16.443592618169127,13.914584328554565,4.487205060902799,26.94084232925935
0.617,-76.50539011245824,77.1081876864,915.4349568000001,5.679881703076504,-3.6017308800251553,10.766475957813247,18.380563643311866,5.0662213042644755,16.020188717472145,14.172449489270793,4.513907931435706,26.465829399566392
0.618,-76.42782445387776,78.02287779839999,913.9249152,5.587566184847067,-3.5586296930572505,10.62964295049433,18.671291708262544,5.082033552897988,15.6057920800379,14.431831057144281,4.540138592825337,25.996435496651447
0.619,-76.34934488051968,78.93599696640001,912.2932224,5.497422965654122,-3.5156269724543607,10.495341248237601,18.962913961233962,5.097435820496494,15.200191772523048,14.69270213818935,4.5659026967710785,25.532724295037585
0.62,-76.269953024,79.84742399999999,910.5408,5.409397434258356,-3.4727469706747427,10.363510917367735,19.25540716204942,5.1124367993422855,14.803180281164828,14.955036163968536,4.591205953726506,25.07474971972645
0.621,-76.18965063666433,80.7570386304,908.6685696,5.323436257391765,-3.430012274822175,10.234093322802247,19.548748562652214,5.127044975968739,14.4145536414754,15.218806894684962,4.616054123420358,24.622556484250197
0.622,-76.10843959066624,81.66472151040001,906.6774528000001,5.239487368873766,-3.3874438887046416,10.107031125862779,19.842915895419676,5.141268634764499,14.03411154432468,15.483988421746599,4.640453005906681,24.176180610906986
0.623,-76.02632187704576,82.5703542144,904.5683712,5.15749995676319,-3.3450613118934127,9.982268278842708,20.137887361686683,5.155115861672912,13.6616574206775,15.750555169832555,4.6644084331262246,23.735649932977406
0.624,-75.94329960480768,83.47381923839998,902.3422463999999,5.077424448787887,-3.302882615792941,9.859750016718081,20.43364162048352,5.16859454796636,13.296998507072551,16.018481898490254,4.687926260960965,23.30098457881635
0.625,-75.859375,84.375,900.0,4.999212496273266,-3.2609245167466945,9.739422846353127,20.730157777491456,5.181712394077291,12.93994589376156,16.28774370329084,4.711012361763673,22.872197437800562
0.626,-75.77455040479232,85.27378083840001,897.5425536,4.922816956771418,-3.2192024462158226,9.621234533518487,21.02741537421929,5.194476913469426,12.590314557273437,16.55831601656981,4.733672617344363,22.449294608190534
0.627,-75.68882827655423,86.17004701440001,894.9708288,4.848191875574934,-3.1777306180781153,9.505134088010161,21.325394377402333,5.2068954365344435,12.247923379021351,16.83017460777863,4.755912912395615,22.03227582703425
0.628,-75.60221118693376,87.06368471040003,892.2857472,4.775292466282936,-3.136522093103169,9.391071747129704,21.624075168624877,5.218975114500945,11.912595151435958,17.103295583471237,4.777739128338934,21.621134882300954
0.629,-75.51470182093568,87.95458103039999,889.4882303999999,4.70407509057128,-3.0955888406662284,9.278998957760605,21.923438534167435,5.230722923343783,11.584156572985279,17.37765538695061,4.799157137574361,21.215860007488963
0.63,-75.426302976,88.84262400000001,886.5792,4.634497237305512,-3.0549417977698416,9.168868357253203,22.223465655076676,5.242145667683524,11.262438233319095,17.65323079759577,4.82017279811618,20.81643425899415
0.631,-75.33701756108032,89.7277025664,883.5595775999999,4.566517501121154,-3.014590925445501,9.060633753308968,22.52413809745917,5.2532499846664615,10.947274589676901,17.929998929893248,4.8407919485973805,20.422835876571835
0.632,-75.24684859572224,90.60970659840001,880.4302848,4.500095560584841,-2.974545262612132,8.954250103036014,22.825437802996184,5.264042347817185,10.638503935590784,18.207937232191444,4.86102040362639,20.035038627253627
0.633,-75.15579920914176,91.48852688640002,877.1922432000001,4.435192156038155,-2.934812977469931,8.849673491330234,23.127347079678447,5.274529070856366,10.335968362827998,18.4870234851996,4.88086394947952,19.65301213311443
0.634,-75.06387263930368,92.36405514239999,873.8463744000002,4.371769067216183,-2.8954014165101225,8.746861108720308,23.429848592758514,5.284716311477456,10.039513717430808,18.767235800248574,4.900328340113333,19.276722183305864
0.635,-74.971072232,93.23618400000002,870.3936000000002,4.309789090723443,-2.856317151222248,8.645771228800552,23.732925355918052,5.294610075076844,9.748989550632992,19.04855261733201,4.919419293481365,18.906131030793087
0.636,-74.87740143992832,94.10480701440001,866.8348415999999,4.249216017441155,-2.817566022580756,8.546363185362194,24.036560722647486,5.304216218432624,9.46424906536145,19.330952702945094,4.938142488140078,18.541197674248043
0.637,-74.78286382177023,94.9698186624,863.1710207999998,4.190014609932071,-2.7791531833927636,8.448597349321712,24.34073837783517,5.313540453327918,9.18514905896491,19.614415147736693,4.956503560129498,18.181878125562363
0.638,-74.68746304126975,95.83111434240003,859.4030592,4.132150579902126,-2.7410831385885976,8.352435105534157,24.645442329561707,5.322588350115368,8.911549862747776,19.89891936398999,4.974508100114407,17.828125663451942
0.639,-74.59120286631168,96.68859037440002,855.5318783999998,4.075590565771016,-2.703359783535115,8.257838829569138,24.95065690109755,5.331365341219678,8.643315278837612,20.18444508294679,4.992161650772327,17.47989107363151
0.64,-74.494087168,97.54214400000001,851.5583999999998,4.020302110398439,-2.6659864404514,8.1647718645185,25.256366723099234,5.339876724575931,8.380312514856953,20.470972351989097,5.009469704415188,17.137122876038582
0.641,-74.39611991973632,98.39167338240001,847.4835456,3.966253639006985,-2.6289658930047097,8.073198497896538,25.5625567260002,5.348127667001711,8.122412116825473,20.758481531690126,5.026437700831973,16.799767539586213
0.642,-74.29730519629824,99.23707760640004,843.3082368,3.9134144373374475,-2.592300419162512,7.98308393868605,25.86921213259372,5.356123207501319,7.869487900678507,21.04695329274851,5.043071025340021,16.467769684924015
0.643,-74.19764717291775,100.07825667840001,839.0333952000001,3.8617546300682255,-2.5559918223753657,7.8943942945770935,26.176318450802466,5.363868260501021,7.6214168827425155,21.336368612815917,5.059375007033353,16.141072275679715
0.644,-74.09715012435967,100.91511152640001,834.6599423999999,3.811245159525946,-2.5200414611627973,7.807096549439205,26.48386146663179,5.371367619014364,7.37807920947747,21.626708773230224,5.07535491721663,15.819616798651253
0.645,-73.99581842399999,101.74754400000003,830.1887999999999,3.7618577647108453,-2.4844502771725785,7.721158541062355,26.791827237302467,5.378625957736952,7.139358086760929,21.917955355663686,5.09101596801399,15.503343433409842
0.646,-73.89365654290432,102.57545687040002,825.6208896,3.7135649606571075,-2.449218821781767,7.636548939197175,27.10020208455819,5.385647836070443,6.905139708957073,22.21009023869603,5.1063633111423945,15.192191211767202
0.647,-73.79066904890624,103.39875383040001,820.9571327999998,3.666340018144951,-2.414347281305287,7.553237223920264,27.408972588145136,5.392437701075518,6.675313187990838,22.503095594322428,5.121402036839519,14.886098167551946
0.648,-73.68686060568575,104.21733949440002,816.1984511999998,3.620156943778909,-2.3798355008761822,7.471193664346886,27.718125579457748,5.398999890354102,6.449770482617176,22.796953884403273,5.136137172936812,14.585001477127122
0.649,-73.58223597184768,105.03111939840004,811.3457663999999,3.574990460443708,-2.345683007058862,7.390389297709211,28.02764813534826,5.405338634860952,6.228406328057304,23.091647857065443,5.150573684068582,14.288837591073271
0.65,-73.4768,105.84000000000003,806.3999999999999,3.5308159881472183,-2.311889029254759,7.3107959088155,28.337527572095286,5.411458061645134,6.011118166150922,23.387160543061963,5.164716471008509,13.99754235744794
0.651,-73.37055763583231,106.64388867840002,801.3620735999999,3.487609625257792,-2.278452519957653,7.232386009902561,28.647751439527134,5.417362196522011,5.797806076153954,23.683475252096734,5.178570370125414,13.711051137020586
0.652,-73.26351391719425,107.44269373440002,796.2329087999999,3.4453481301413644,-2.245372173913419,7.15513282089122,28.95830751529646,5.4230549666763626,5.588372706296816,23.980575569121335,5.1921401529504045,13.429298910870326
0.653,-73.15567397317376,108.23632439040003,791.0134271999999,3.4040089032020564,-2.2126464462369326,7.079010250052206,29.269183799302297,5.428540203197478,5.382723206201476,24.278445350610724,5.205430525847885,13.152220380722174
0.654,-73.04704302317568,109.02469079040003,785.7045503999999,3.3635699693286663,-2.1802735695369275,7.003992875087965,29.580368508255013,5.4338216435471525,5.1807651602403695,24.5770687208218,5.21844612978354,12.879750062381305
0.655,-72.937626376,109.807704,780.3071999999997,3.324009960747915,-2.1482515700971603,6.930055924633864,29.891850070380915,5.438902933961558,4.982408521910045,24.876430068042037,5.231191540182367,12.611822372616658
0.656,-72.82742942892031,110.58527600640002,774.8222975999998,3.2853081002841282,-2.1165782831603144,6.857175260180704,30.203617120262937,5.443787631787971,4.787565549280735,25.176514040832412,5.243671266870465,12.348371709829419
0.657,-72.71645766676224,111.35731971840002,769.2507647999998,3.247444185024223,-2.0852513673593274,6.7853273584191065,30.515658493812797,5.448479207757553,4.596150741569943,25.47730554426887,5.255889754094553,12.089332528829281
0.658,-72.60471666098175,112.12374896640004,763.5935231999998,3.21039857038558,-2.0542683183384858,6.71448929400486,30.827963223372137,5.452981048195259,4.40808077688331,25.778789736187264,5.267851380613411,11.834639410030125
0.659,-72.49221206874367,112.88447850240004,757.8514943999999,3.174152154583876,-2.023626481605116,6.644638722743402,31.14052053293797,5.457296457168107,4.223274451153721,26.080952023435287,5.279560459855889,11.584227123362858
0.66,-72.378949632,113.63942400000002,752.0255999999997,3.1386863634969644,-1.9933230646505913,6.575753865190412,31.453319833509898,5.461428658572982,4.041652618305349,26.38377805813549,5.29102124014027,11.338030687192042
0.661,-72.26493517656832,114.38850205440002,746.1167615999998,3.1039831359204473,-1.963355148377827,6.5078134906648,31.76635071855519,5.465380798165208,3.8631381316609,26.68725373396243,5.302237904950181,11.09598542250935
0.662,-72.15017461121023,115.13163018240004,740.1259007999998,3.070024909209975,-1.9337196978707185,6.44079690166955,32.07960295958806,5.469155945529209,3.6876557866039015,26.99136518243676,5.313214573262473,10.85802700266603
0.663,-72.03467392670976,115.86872682240002,734.0539391999998,3.0367946053047374,-1.9044135725391356,6.3746839187151725,32.393066501860645,5.472757095992394,3.5151322645052083,27.296098769240047,5.323955299922651,10.624091498895492
0.664,-71.91843919495167,116.59971133440003,727.9017983999998,3.0042756171263334,-1.8754335356717877,6.309454865540012,32.70673146016207,5.476187172483642,3.345496077915417,27.60144109055216,5.334464076063872,10.394115421863994
0.665,-71.801476568,117.32450400000003,721.6703999999999,2.972451795346855,-1.846776263427653,6.245090554721293,33.02058811472183,5.479449027337622,3.178677517021505,27.907378969413585,5.344744829565576,10.168035759478059
0.666,-71.68379227717631,118.04302602240004,715.3606655999998,2.9413074355195477,-1.8184383532950594,6.181572273670061,33.334626907216034,5.482545444046155,3.01460859736412,28.213899452115516,5.354801425548151,9.945790011165993
0.667,-71.56539263213824,118.75519952640002,708.9735167999999,2.9108272655654854,-1.7904163320464779,6.118881771003235,33.6488384368712,5.4854791389579995,2.8532230088048145,28.52098980461853,5.364637666900228,9.727316218839938
0.668,-71.44628401995776,119.46094755840004,702.5098751999997,2.880996433609094,-1.7627066632151722,6.05700124328534,33.963213456665564,5.488252762928092,2.6944560657356895,28.828637509003432,5.37425729483529,9.51255299473696
0.669,-71.32647290419968,120.16019408640004,695.9706623999997,2.851800496155699,-1.7353057541193666,5.995913322132606,34.277742869621974,5.490868902917771,2.5382446585133493,29.13683025995356,5.383663989474735,9.301439546324257
0.67,-71.20596582399999,120.85286400000003,689.3567999999998,2.823225406603636,-1.708209962457486,5.93560106167162,34.592417725192156,5.493330083546919,2.3845272061055027,29.44555596127204,5.392861370454369,9.093915698448548
0.671,-71.08476939314431,121.53888311040004,682.6692095999997,2.7952575040838132,-1.6814156024975906,5.876047926344821,34.90722921572779,5.49563876859942,2.233243609929609,29.7548027224339,5.401852997551804,8.889921912897286
0.672,-70.96289029914624,122.21817815040004,675.9088127999999,2.7678835026192417,-1.6549189508824687,5.81723777905491,35.222168673037295,5.497797362483,2.0843352088667437,30.064558855175097,5.410642371332127,8.689399305533033
0.673,-70.84033530232576,122.89067677440002,669.0765311999997,2.7410904805972627,-1.6287162520711784,5.7591548696402235,35.53722756502434,5.499808211644686,1.9377447354279447,30.374812870118543,5.419232933809619,8.492289661152025
0.674,-70.71711123488768,123.55630755840004,662.1732863999997,2.714865870547027,-1.6028037234365207,5.701783823673112,35.852397492406446,5.501673605943,1.7934162730529692,30.68555347343877,5.427628069123217,8.298535446211943
0.675,-70.59322499999999,124.21500000000003,655.1999999999997,2.6891974492148463,-1.5771775600370586,5.645109631573246,36.167670185511284,5.503395779977974,1.6512952145183846,30.996769563565692,5.435831104223681,8.108079819564917
0.676,-70.46868357087232,124.86668451840002,648.1575935999996,2.6640733279301734,-1.5518339390814768,5.589117638027994,36.48303750114717,5.50497691438019,1.5113282214306487,31.308450227927572,5.443845309570606,7.920866641324331
0.677,-70.34349398983423,125.51129245440002,641.0469887999998,2.6394819432547885,-1.5267690241018645,5.533793531711796,36.79849141954747,5.506419137059749,1.373463184782615,31.620584739734845,5.4516738998373615,7.736840479988754
0.678,-70.21766336741375,126.14875607040005,633.8691071999998,2.615412047908123,-1.5019789688521064,5.4791233352967845,37.11402404138426,5.5077245244164095,1.2376491865457737,31.93316255480382,5.459320034622365,7.555946617936989
0.679,-70.09119888141568,126.77900855040004,626.6248703999996,2.5918527019614648,-1.477459920946306,5.425093395746751,37.42962758485105,5.508895102511754,1.1038364622766927,32.24617330842181,5.466786819165071,7.378131055404328
0.68,-69.96410777599999,127.40198400000003,619.3151999999997,2.5687932642940696,-1.4532080252517594,5.371690374886769,37.74529438281124,5.509932848204514,0.9719763647102155,32.559606812253215,5.4740773050652125,7.203340513042221
0.681,-69.83639736076032,128.01761744640004,611.9410175999997,2.5462233843041897,-1.4292194270500176,5.318901240240866,38.0610168800107,5.510839690249931,0.8420213283157878,32.87345305128673,5.4811944910039605,7.031522433158528
0.682,-69.70807500980223,128.62584483840004,604.5032447999996,2.524132993868195,-1.4054902749790386,5.266713256130226,38.3767876303522,5.511617510364172,0.7139248347910545,33.18770218082405,5.488141323465674,6.862624979729926
0.683,-69.57914816082175,129.22660304640004,597.0028031999997,2.5025122995410403,-1.382016723768661,5.215113975024489,38.692599294229964,5.512268144254683,0.5876413794679216,33.50234452350977,5.4949206974590945,6.696597037272635
0.684,-69.44962431418367,129.81982986240004,589.4406143999996,2.481351774991466,-1.3587949367810372,5.164091229138946,39.00844463592248,5.512793382617383,0.4631264386064231,33.81737056640295,5.5015354572368835,6.533388208652681
0.685,-69.319511032,130.40546400000002,581.8175999999996,2.4606421536654826,-1.3358210883671409,5.11363312227045,39.32431652104104,5.513194972101629,0.3403364375506186,34.13277095808926,5.507988397012459,6.372948811911648
0.686,-69.18881593720832,130.98344509440003,574.1346815999997,2.440374421671708,-1.3130913660497174,5.063728021865017,39.64020791403318,5.513474616243698,0.21922871972322255,34.44853650583463,5.5142822616731975,6.215229876180391
0.687,-69.05754671265024,131.55371370240005,566.3927807999994,2.420539810882412,-1.290601972542696,5.01436455131035,39.9561118757384,5.513633976369719,0.0997615164336878,34.76465817277928,5.520419747489134,6.060183136747465
0.6880000000000001,-68.92571110014975,132.11621130240002,558.5928191999994,2.401129792244117,-1.2683491276164431,4.965531582446468,40.272021560994816,5.51367467246879,-0.018106082523644318,35.081127075172255,5.526403502816322,5.9077610293461404
0.6890000000000001,-68.79331689959167,132.67088029440006,550.7357183999994,2.382136069291808,-1.2463290698177751,4.9172182282879096,40.5879302162951,5.513598284037089,-0.13441415750526886,35.39793447964631,5.53223612879412,5.757916683719159
0.6900000000000001,-68.66037196799999,133.21766400000004,542.8223999999996,2.363550571860957,-1.2245380580532144,4.869413835951122,40.903831177489934,5.513406350893697,-0.24920198691095408,35.715071800532385,5.537920180035691,5.610603916517519
0.6910000000000001,-68.52688421861632,133.75650666240006,534.8537855999996,2.345365449991652,-1.2029723730435222,4.822107979780712,41.21971786753728,5.513100373968938,-0.3625080743563771,36.03253059721335,5.543458165311123,5.465777223584411
0.6920000000000001,-68.39286161997823,134.28735344640003,526.8307967999995,2.327573068019285,-1.181628318657055,4.775290454668452,41.53558379429627,5.512681816065842,-0.474370175147385,36.35030257151691,5.548852548222508,5.323391771674785
0.6930000000000001,-68.25831219499776,134.81015043840003,518.7543551999996,2.3101659988464167,-1.1605022231292281,4.728951269559081,41.85142254836383,5.512152102595516,-0.5848253220787427,36.668379565146665,5.554105747870514,5.183403389654856
0.6940000000000001,-68.12324402003966,135.32484464640004,510.6253823999995,2.293137018390518,-1.13959044017485,4.68308064113705,42.16722780095277,5.51151262228702,-0.6939098505783612,36.98675355715144,5.5592201395118686,5.0457685592256105
0.6950000000000001,-67.987665224,135.831384,502.4447999999995,2.276479100202485,-1.1188893499998498,4.6376689876885635,42.48299330180967,5.510764727872436,-0.8016594232181298,37.30541666143151,5.5641980552074015,4.910444405209038
0.6960000000000001,-67.85158398738432,136.32971735040005,494.21352959999956,2.260185410250888,-1.0983953602184737,4.592706923133333,42.79871287717166,5.509909736747715,-0.9081090536117067,37.62436112428241,5.569041784460118,4.77738868543587
0.6970000000000001,-67.71500854138623,136.81979447040004,485.93249279999947,2.2442493018671392,-1.0781049066818285,4.548185251220728,43.11438042776,5.50894893160994,-1.0132931297197132,37.94357932197419,5.5737535748430105,4.6465597802680865
0.6980000000000001,-67.57794716696574,137.3015660544,477.6026111999995,2.228664310846819,-1.0580144542232213,4.504094959885017,43.42998992680967,5.50788356107157,-1.1172454365815305,38.26306375836694,5.578335632616208,4.517916681789892
0.6990000000000001,-67.44040819392767,137.77498371840005,469.22480639999947,2.213424150702539,-1.0381204973255256,4.460427215754608,43.74553541813374,5.506714840252216,-1.219999178492671,38.5828070625611,5.582790123333171,4.391418982696493
0.7000000000000001,-67.30239999999999,138.24000000000004,460.79999999999944,2.1985227080639325,-1.0184195607155422,4.417173358810374,44.06101101422059,5.50544395134853,-1.3215870006467156,38.90280198658233,5.587119172435621,4.267026864909344
0.7010000000000001,-67.16393100991232,138.69656835840001,452.3291135999994,2.1839540382203455,-0.9989081998899911,4.374324897188153,44.37641089436348,5.504072044182691,-1.422041010259349,39.22304140309992,5.591324865836977,4.144701087943131
0.7020000000000001,-67.02500969447422,139.14464317440004,443.8130687999995,2.1697123608020834,-0.97958300157762,4.3318735021208115,44.69172930282086,5.502600236730045,-1.5213927971925472,39.54351830317847,5.595409250494044,4.024402977049453
0.7030000000000001,-66.88564456965375,139.58417975039998,435.2527871999994,2.1557920555960646,-0.9604405841415988,4.289811003015263,45.006960547006045,5.501029615626343,-1.6196734540957607,39.86422579406185,5.5993743349667255,3.9060944111588984
0.7040000000000001,-66.74584419565566,140.01513431040001,426.6491903999994,2.142187658491889,-0.9414775979261545,4.248129382659981,45.322098995706156,5.499361236655069,-1.7169135960801114,40.185157096989265,5.603222089965608,3.789737810642958
0.7050000000000001,-66.605617176,140.43746400000006,418.00319999999937,2.128893857554527,-0.9226907255513163,4.206820772558807,45.63713907732738,5.497596125215343,-1.813143379943071,40.506305545041535,5.606954448887206,3.675296124913535
0.7060000000000001,-66.46497215660031,140.85112688640004,409.31573759999947,2.1159054892197995,-0.9040766821592181,4.165877448386737,45.95207527816745,5.495735276770787,-1.9083925229576053,40.82766458101877,5.610573308336736,3.5627328198795585
0.7070000000000001,-66.32391782484223,141.25608195840005,400.58772479999936,2.10321753460907,-0.8856322156154606,4.12529182556372,46.266902140712546,5.4937796572798545,-2.002690321242447,41.149227755346566,5.614080528638316,3.4520118652746365
0.7080000000000001,-66.18246290866175,141.6522891264,391.8200831999994,2.0908251159595914,-0.8673541066686563,4.08505645494249,46.581614261958826,5.4917302036079505,-2.096065667726821,41.47098872401185,5.6174779343323715,3.3430977218727698
0.7090000000000001,-66.04061617562367,142.03970922240003,383.01373439999935,2.0787234931670993,-0.8492391690712402,4.045164018606586,46.89620629175693,5.489587823921804,-2.18854706972461,41.79294124652643,5.62076731466027,3.2359553286040157
0.7100000000000001,-65.89838643199998,142.41830400000003,374.1695999999993,2.066908060437337,-0.8312842496644249,4.005607325774865,47.210672931178536,5.487353398066458,-2.280162666131641,42.11507918391828,5.623950424035973,3.1305500895838314
0.7110000000000001,-65.75578252184832,142.78803613440002,365.2886015999993,2.055374343043303,-0.8134862284300411,3.9663793088089143,47.525008930903894,5.485027777925246,-2.370940244259234,42.43739649674892,5.627028982504729,3.0268478610660434
0.7120000000000001,-65.61281332609023,143.14886922240004,356.37166079999935,2.0441179941850773,-0.7958420185118036,3.9274730193197795,47.839209089629904,5.482611787763087,-2.4609072563165793,42.75988724315752,5.630004676188637,2.9248149383314637
0.7130000000000001,-65.46948776158975,143.50076778240003,347.41969919999934,2.03313479194927,-0.7783485662085512,3.8888816243707365,48.153268252496886,5.480106224553516,-2.5500908355551957,43.08254557692929,5.632879157719115,2.8244180425195538
0.7140000000000001,-65.32581478023167,143.8436972544,338.43363839999927,2.022420636365099,-0.7610028509416865,3.85059840277268,48.46718130953408,5.477511858289683,-2.6385178120863504,43.40536574558894,5.635654046656138,2.725624307413179
0.7150000000000001,-65.18180336799999,144.17762400000004,329.41439999999926,2.011971546554314,-0.74380188519911,3.812616741469016,48.780943194122145,5.474829432279729,-2.7262147283839138,43.7283420885173,5.638330929894275,2.6284012661827205
0.7160000000000001,-65.03746254405631,144.5025153024,320.36290559999924,2.001783657972206,-0.7267427144576836,3.7749301320069013,49.094548881472534,5.472059663426788,-2.81320785448313,44.05146903509136,5.640911362055412,2.5327168380973006
0.7170000000000001,-64.89280135981822,144.8183393664,311.2800767999993,1.99185321973705,-0.709822417086265,3.737532167091846,49.4079933871221,5.46920324249396,-2.8995232028865345,44.37474110284584,5.643396865868208,2.4385393152081214
0.7180000000000001,-64.74782889803775,145.12506531840006,302.16683519999924,1.9821765920454153,-0.6930381042311725,3.700416537222747,49.72127176544254,5.466260834354511,-2.9851865431871136,44.69815289565637,5.645788932534214,2.3458373490095514
0.7190000000000001,-64.60255427187967,145.4226632064,293.0241023999992,1.9727502436708315,-0.6763869196858542,3.6635770274044788,50.034379108164124,5.463233078227561,-3.0702234164181252,45.021699101943625,5.648089022080619,2.254579937083202
0.7200000000000001,-64.456986624,145.71110400000003,283.8527999999992,1.963570749543438,-0.6598660397465339,3.6270075139353715,50.34731054291197,5.460120587899616,-3.154659149140267,45.34537449289655,5.650298563699687,2.164736409727265
0.7210000000000001,-64.3111351256243,145.99035959040003,274.6538495999992,1.9546347884082516,-0.6434726730553797,3.590701961266804,50.660061231755016,5.456923951932065,-3.238518867274081,45.66917392071536,5.652418956074744,2.0762764165764143
0.7220000000000001,-64.16500897562622,146.2604027904,265.42817279999923,1.9459391405598159,-0.6272040604327921,3.554654418932417,50.97262636976622,5.453643733855042,-3.3218275096872425,45.993092316872286,5.654451567692851,1.9891699132133205
0.7230000000000001,-64.01861739960574,146.52120733440006,256.1766911999992,1.937480685651025,-0.6110574747002339,3.5188590185443447,51.285001183593764,5.450280472347759,-3.404609841544426,46.317124690390294,5.6563977371440455,1.9033871477753772
0.7240000000000001,-63.871969648967664,146.77274787840003,246.90032639999922,1.9292564005740411,-0.5950302204950327,3.4833099708541164,51.59718093004193,5.4468346814056385,-3.4868904674282906,46.64126612613825,5.65825877340719,1.818898647557596
0.7250000000000001,-63.72507499999999,147.01500000000004,237.59999999999917,1.9212633574112257,-0.5791196340784733,3.4480015628757723,51.90916089466134,5.4433068504944275,-3.5686938442390037,46.9655117831422,5.660035956122448,1.7356752056131866
0.7260000000000001,-63.57794275295231,147.24794019840002,228.27663359999917,1.9134987214541306,-0.5633230831384317,3.4129281550689807,52.22093639034763,5.4396974446915225,-3.650044293879313,47.289856892911956,5.661730535850323,1.6536878673530673
0.727,-63.43058223111424,147.4715458944,218.9311488000002,1.9059597492886189,-0.5476379665877878,3.3780841785798774,52.53250275594784,5.4360069048147075,-3.7309660157325304,47.61429675778191,5.66334373431733,1.5729079171441933
0.728,-63.28300277989376,147.6857954304,209.56446720000022,1.8986437869442712,-0.532061714359743,3.343464132537476,52.843855354873845,5.4322356475385165,-3.8114830989396804,47.938826749265885,5.664876744648244,1.493306864907372
0.729,-63.135213765895685,147.89066807039995,200.1775104000002,1.8915482681062854,-0.5165917872011737,3.3090625814035945,53.15498957372204,5.428384065498424,-3.8916195344819746,48.2634423064245,5.666330731584949,1.414856432714033
0.73,-62.987224576,148.086144,190.7712000000002,1.884670712388127,-0.5012256764650449,3.2748741523742098,53.46590082089875,5.42445252738304,-3.9713992270746035,48.58813893424501,5.667706831691899,1.3375285413814613
0.731,-62.83904461644032,148.2722043264,181.34645760000015,1.8780087236632712,-0.4859609039029164,3.2408935328303166,53.776584525250506,5.4204413780145035,-4.050846006877308,48.912912202032444,5.669006153548141,1.2612952970657076
0.732,-62.690683311882246,148.4488310784,171.90420480000014,1.8715599884543939,-0.4707950214585003,3.207115467836347,54.08703613469864,5.416350938417263,-4.129983641026745,49.237757741811265,5.67022977792597,1.1861289778508022
0.733,-62.542150104501765,148.6160072064,162.44536320000014,1.8653222743784557,-0.4557256110631909,3.173534757684325,54.39725111487753,5.412181505875394,-4.208835844995547,49.56267124673703,5.6713787579561314,1.1120020203332155
0.734,-62.39345445306368,148.7737165824,152.97085440000012,1.8592934286461673,-0.4407502844344767,3.1401462554819473,54.70722494777563,5.407933353978672,-4.2874262937825485,49.887648469517025,5.672454119279635,1.0388870061995084
0.735,-62.244605832000005,148.921944,143.48160000000013,1.8534713766143458,-0.42586668287807183,3.1069448647828435,55.01695313037899,5.403606732657502,-4.365778632938309,50.21268522083921,5.673456860186127,0.9667566487954913
0.736,-62.095613730488324,149.0606751744,133.97852160000016,1.8478541203897696,-0.41107247709459727,3.0739255372573324,55.32643117331646,5.399201868206931,-4.443916489429326,50.537777367808836,5.674387951738826,0.8955837796847721
0.737,-61.94648765153024,149.1898967424,124.4625408000001,1.8424397374831347,-0.39636536699161995,3.041083270402043,55.6356545995059,5.394718963299864,-4.521863482345092,50.862920832391666,5.675248337886023,0.8253413351942633
0.738,-61.79723711102976,149.30959626240002,114.9345792000001,1.8372263795118076,-0.38174308150180014,3.0084131052868073,55.9446189428008,5.390158196989656,-4.599643233450269,51.188111589863325,5.676038935559098,0.7560023429441403
0.739,-61.647871636871685,149.4197622144,105.39555840000008,1.8322122709500612,-0.3672033784079053,2.9759101243372856,56.253319746636805,5.385519724702214,-4.6772793775854105,51.513345667263756,5.676760634757084,0.687539908359589
0.74,-61.49840076800001,149.520384,95.84640000000009,1.8273957079255838,-0.3527440441753913,2.9435694491518376,56.56175256267759,5.3808036782177915,-4.754795572917888,51.838619141856306,5.677414298617715,0.6199272011615573
0.741,-61.34883405349632,149.6114519424,86.28802560000008,1.8227750570610242,-0.33836289379326945,2.911386238351197,56.86991294945926,5.376010165642596,-4.8322155110457565,52.163928139590425,5.67800076347495,0.5531374418334085
0.742,-61.19918105165824,149.6929572864,76.72135680000007,1.818348754359445,-0.3240577706239379,2.8793556854595685,57.177796471032686,5.371139271370364,-4.909562926956028,52.48926883356698,5.678520838902972,0.48714388805993947
0.743,-61.049451329077755,149.76489219839996,67.14731520000005,1.814115304132521,-0.3098265462625999,2.847473016815744,57.48539869560387,5.366191056034055,-4.986861608838117,52.81463744250641,5.678975307746575,0.42191982113657067
0.744,-60.89965445971968,149.8272497664,57.56682240000005,1.8100732779704305,-0.29566712040697385,2.8157334895130113,57.79271519417067,5.361165556447813,-5.064135407754464,53.14003022921738,5.679364926137995,0.35743853234376144
0.745,-60.749800023999995,149.880024,47.980800000000045,1.8062213137523448,-0.28157742073786507,2.784132389366508,58.09974153915633,5.35606278553929,-5.141408247167959,53.465443499066645,5.679690423500035,0.2936733092843895
0.746,-60.59989760786432,149.9232098304,38.390169600000036,1.80255811469654,-0.267555402811257,2.752665028906859,58.406473303038624,5.350882732272572,-5.218704132327147,53.79087359844843,5.679952502535561,0.23059742217978285
0.747,-60.449956801866236,149.9568031104,28.795852800000024,1.7990824484491008,-0.2535990499624959,2.721326745398877,58.71290605697456,5.3456253615617415,-5.29604715950857,54.116316913252845,5.6801518392032415,0.16818411012083223
0.748,-60.299987200245766,149.9808006144,19.198771200000017,1.7957931462102834,-0.2397063732231803,2.6901128988842147,59.01903536941955,5.340290614175294,-5.37346152511615,54.441769867332525,5.680289082679525,0.10640656727028797
0.749,-60.14999840000768,149.99520003840001,9.59984640000001,1.7926891018976077,-0.22587541125132088,2.659018870246848,59.32485680474116,5.334878406631518,-5.450971534636376,54.76722892096676,5.680364855306788,0.04523792901246909
0.75,-60.0,150.0,0.0,1.7897692713447733,-0.21210423027536215,2.6280400593003432,59.630365921826346,5.3293886310849965,-5.528601611448456,55.09269056932213,5.680379752527609,-0.015348741953933343
0.751,-59.85000159999232,149.99520003840001,-9.59984640000001,1.7870326715355354,-0.1983909240526115,2.597171882895884,59.93555827268214,5.323821155204378,-5.606376305487301,55.418151340909034,5.680334342805112,-0.07538046958375416
0.752,-59.70001279975424,149.9808006144,-19.198771200000017,1.7844783798716914,-0.18473361384264858,2.5664097730500703,60.2404294010289,5.318175822041539,-5.684320301757701,55.743607796033345,5.6802291675292835,-0.13488437851814594
0.753,-59.550043198133764,149.9568031104,-28.795852800000024,1.7821055334743625,-0.17113044839625818,2.5357491750915573,60.54497484088611,5.312452449892326,-5.76245842869684,56.06905652524216,5.680064740909262,-0.19388770818668433
0.754,-59.40010239213568,149.9232098304,-38.390169600000036,1.7799133285177768,-0.15757960396044657,2.505185545825628,60.849190115149625,5.306650832149003,-5.840815666382737,56.394494147763055,5.679841549851458,-0.2524178269828341
0.755,-59.25019997599999,149.880024,-47.980800000000045,1.7779010195947886,-0.14407928430007863,2.4747143517158263,61.15307073416035,5.300770737144582,-5.91941715458498,56.71991730993591,5.679560053823468,-0.3105022465172407
0.756,-59.10034554028032,149.8272497664,-57.56682240000004,1.776067919113367,-0.1306277207366705,2.444331067081835,61.456612194263926,5.294811907989159,-5.998288200653979,57.04532268363644,5.679220684703699,-0.3681686359532237
0.757,-58.950548670922245,149.7648921984,-67.14731520000005,1.7744133967233497,-0.11722317220488464,2.4140311723127943,61.75980997636063,5.288774062398466,-6.077454287244785,57.370706964691074,5.67882384661662,-0.4254448364285546
0.758,-58.80081894834176,149.6929572864,-76.72135680000007,1.7729368787727406,-0.10386392532726657,2.3838101520953328,62.062659544445324,5.2826568925147726,-6.156941079870752,57.69606687128142,5.678369915753524,-0.48235887556867096
0.759,-58.65116594650368,149.6114519424,-86.28802560000008,1.771637847792871,-0.09054829450775466,2.353663493655575,62.36515634413672,5.276460064720323,-6.236774434282065,58.02139914233844,5.677859240178751,-0.5389389820951318
0.76,-58.501599232,149.52038400000004,-95.8464000000001,1.7705158420117475,-0.0772746220444819,2.3235866850144733,62.667295801196225,5.27018321944349,-6.316980403663054,58.34670053592502,5.677292139621258,-0.59521360053408
0.761,-58.352128363128315,149.4197622144,-105.39555840000008,1.769570454894945,-0.0640412782624368,2.2935752132558114,62.969073320034894,5.263825970957812,-6.397585245643111,58.67196782760611,5.676668905251393,-0.6512114060293555
0.762,-58.20276288897024,149.3095962624,-114.9345792000001,1.7688013347133957,-0.050846661666486846,2.2636245628063003,63.270484282209104,5.257387907174128,-6.478615429113875,58.99719780880572,5.675989799442846,-0.7069613192646731
0.763,-58.05351234846975,149.1898967424,-124.46254080000011,1.7682081841374693,-0.037689199115314806,2.233730213727206,63.571524044903946,5.25086858942599,-6.560097640846024,59.32238728514983,5.675255055519594,-0.7624925214994778
0.764,-57.904386269511676,149.0606751744,-133.97852160000014,1.767790759856731,-0.024567346016805092,2.2038876400170038,63.87218793940404,5.244267552248558,-6.642058791898112,59.6475330747942,5.674464877487752,-0.8178344697231559
0.765,-57.755394168,148.921944,-143.48160000000013,1.7675488722247739,-0.011479586545402268,2.1740923079245618,64.17247126955176,5.237584303151201,-6.724526023809033,59.97263200673678,5.673619439752223,-0.8730169119318818
0.766,-57.60654554693632,148.7737165824,-152.97085440000012,1.7674823849285757,0.0015755661180056682,2.1443396742724534,64.4723693101921,5.230818322384015,-6.807526714565691,60.29768091911303,5.672718886817999,-0.92806990253312
0.767,-57.45784989549824,148.61600720639998,-162.44536320000014,1.7675912146817763,0.014599569523139844,2.114625184790002,64.77187730560387,5.223969062698482,-6.891088484336732,60.622676657473896,5.671763332975992,-0.9830238178820467
0.768,-57.30931668811776,148.4488310784,-171.90420480000014,1.7678753309413453,0.027593851663790005,2.0849442724556995,65.07099046791724,5.217035949102532,-6.975239200962192,60.947616073045346,5.670752861973255,-1.0379093719545205
0.769,-57.16095538355968,148.2722043264,-181.34645760000015,1.7683347556470808,0.040559810667131296,2.0552923558487173,65.36970397551714,5.210018378610223,-7.060006985188748,61.272496020968404,5.6696875266674756,-1.0927576321613364
0.77,-57.012775424,148.08614400000002,-190.7712000000002,1.7689695629833981,0.053498814458342134,2.0256648375092485,65.66801297143172,5.202915719986333,-7.145420215639978,61.597313358519166,5.668567348665571,-1.1476000353079687
0.771,-56.864786234104315,147.8906680704,-200.1775104000002,1.7697798791628911,0.06641220040000283,1.9960571023074825,65.96591256170663,5.195727313486107,-7.2315075335091885,61.92206494330747,5.667392317946242,-1.202468403704625
0.772,-56.71699722010624,147.68579543039996,-209.56446720000017,1.7707658822311212,0.07930127490570564,1.9664645158210332,66.26339781376387,5.188452470590464,-7.318297846963132,62.246747631453495,5.666162392466363,-1.257394961430931
0.773,-56.56941776888576,147.47154589440004,-218.9311488000002,1.771927801892141,0.09216731302733414,1.9368824227207497,66.56046375474543,5.181090473736959,-7.405820335243492,62.571358275741446,5.664877497751011,-1.3124123507596002
0.774,-56.422057247047675,147.2479401984,-228.2766336000002,1.773265919354217,0.10501155801546652,1.9073061451648097,66.8571053698415,5.173640576046761,-7.494104452452296,62.89589372374924,5.663537526466976,-1.3675536487437192
0.775,-56.274924999999996,147.01500000000001,-237.6000000000002,1.7747805671952561,0.11783522085234688,1.8777309812011336,67.15331760060282,5.166102001048067,-7.583179931007148,63.22035081595308,5.6621423379796445,-1.4228523839716756
0.776,-56.12803035103231,146.77274787840003,-246.90032640000024,1.7764721292474321,0.1306394797568783,1.8481522031781328,67.44909534323713,5.158473942396177,-7.673076784751057,63.54472638380657,5.660691757892998,-1.4783425534941195
0.777,-55.981382600394234,146.5212073344,-256.1766912000003,1.7783410405004987,0.14342547966107666,1.8185650561639357,67.74443344688936,5.15075556359068,-7.7638253117012255,63.86901724779246,5.6591855775726065,-1.5340586399273395
0.778,-55.83499102437376,146.26040279039998,-265.4281728000002,1.7803877870232943,0.15619433165746155,1.788964756374217,68.03932671190599,5.142945997690055,-7.855456096419826,64.1932202154472,5.657623553651462,-1.5900356287364712
0.779,-55.68886487437567,145.9903595904,-274.6538496000002,1.7826129059029454,0.1689471124167947,1.759346489608902,68.33376988808233,5.135044347024113,-7.948000011990128,64.51733207935604,5.656005407518393,-1.6463090257035713
0.78,-55.543013376,145.711104,-283.85280000000023,1.7850169852012385,0.1816848635756528,1.729705409698,68.6277576728938,5.127049682904641,-8.041488221579174,64.84134961511867,5.654330824788928,-1.702914874583561
0.781,-55.397445728120324,145.4226632064,-293.02410240000034,1.7876006639276973,0.19440859109328723,1.7000366369569329,68.92128470971036,5.118961045334732,-8.135952179568244,65.16526957928419,5.652599454758437,-1.7598897749519349
0.782,-55.25217110196223,145.1250653184,-302.16683520000026,1.7903646320288216,0.2071192645772068,1.670335256651787,69.21434558599441,5.1107774427171915,-8.23142363223156,65.48908870725379,5.650810909837293,-1.817270900248456
0.783,-55.10719864018175,144.81833936639998,-311.28007680000024,1.793309630392999,0.21981781657696556,1.6405963174749822,69.50693483148159,5.102497851562495,-8.327934617942464,65.81280371115079,5.6489647649679,-1.8750960160197323
0.784,-54.962537455943675,144.50251530239998,-320.36290560000026,1.7964364508705697,0.23250514184562826,1.6108148300319,69.79904691634536,5.094121216196796,-8.425517466885196,66.13641127765689,5.647060557023386,-1.9334034983640347
0.785,-54.818196631999996,144.177624,-329.4144000000003,1.799745936308517,0.24518209656838033,1.5809857653391406,70.09067624934464,5.08564644847047,-8.524204800250269,66.45990806581324,5.645097784187747,-1.9922323525816577
0.786,-54.67418521976832,143.8436972544,-338.4336384000003,1.8032389805992648,0.2578494975577551,1.5511040533351166,70.38181717595458,5.077072427467737,-8.624029528890098,66.78329070478546,5.643075905317225,-2.051622232033816
0.787,-54.53051223841024,143.50076778239998,-347.4196992000003,1.8069165287430373,0.27050812141498803,1.521164581403783,70.67246397648098,5.0683979992179005,-8.725024851410318,67.10655579159155,5.640994339282731,-2.1116134572127354
0.788,-54.38718667390976,143.14886922239998,-356.37166080000026,1.8107795769232444,0.28315870365699597,1.4911621929123857,70.9626108641583,5.059621976408803,-8.827224251671597,67.42969988879175,5.638852464293096,-2.1722470350249328
0.789,-54.244217478151675,142.78803613440002,-365.2886016000004,1.8148291725943284,0.2958019378084814,1.4610916857642189,71.25225198323096,5.050743138103071,-8.930661495676038,67.7527195221388,5.636649617198926,-2.233564678290687
0.79,-54.10161356799999,142.418304,-374.16960000000034,1.8190664145815056,0.30843847445869577,1.4309478109674418,71.54138140701893,5.041760229457786,-9.035370627810547,68.0756111781879,5.6343850927768315,-2.295608825461114
0.791,-53.95938382437632,142.03970922239998,-383.0137344000003,1.8234924531918315,0.3210689202824097,1.4007252712211329,71.82999313596694,5.032671961448279,-9.14138596641915,68.39837130186504,5.63205814299387,-2.358422660554302
0.792,-53.81753709133824,141.65228912639998,-391.8200832000003,1.8281084903359723,0.3336938370246376,1.3704187195198156,72.11808109567845,5.023477010596655,-9.248742098674793,68.72099629399278,5.629667976251902,-2.422050133311954
0.793,-53.67608217515776,141.2560819584,-400.58772480000033,1.8329157796601114,0.34631374044868324,1.3400227577778683,72.40563913493374,5.014174018705847,-9.357473874720718,69.0434825087719,5.627213756611707,-2.4865359795776403
0.794,-53.53502784339967,140.85112688639998,-409.31573760000026,1.8379156266873125,0.3589290992471264,1.309531935475246,72.69266102369332,5.004761592599886,-9.467616401049279,69.36582625121811,5.62469460299659,-2.5519257418964205
0.795,-53.39438282399999,140.437464,-418.00320000000033,1.843109388967738,0.3715403339153389,1.2789407483261233,72.9791404510865,4.99523830387119,-9.579205033086522,69.68802377455258,5.622109588375302,-2.618265790336448
0.796,-53.25415580434432,140.0151343104,-426.64919040000035,1.8484984762370376,0.38414781558719463,1.248243636972153,73.2650710233856,4.98560268863568,-9.69227536694823,70.01007127754507,5.619457738923997,-2.685603343531511
0.797,-53.11435543034624,139.58417975039998,-435.2527872000004,1.8540843505822193,0.3967518648326296,1.2174349857021654,73.55044626196671,4.975853247296581,-9.806863230333095,70.33196490180842,5.616738033167069,-2.7539864899437756
0.798,-52.97499030552575,139.14464317440002,-443.8130688000004,1.8598685266143016,0.4093527504167418,1.1865091212002628,73.83525960125674,4.965988444317757,-9.923004672517216,70.65370072904311,5.613949401096592,-2.8234642093450972
0.799,-52.83606899008767,138.69656835839996,-452.3291136000003,1.8658525716470082,0.42195068802017677,1.1554603113243742,74.11950438666804,4.956006708007519,-10.04073595341259,70.97527477823077,5.611090723270178,-2.8940863945143587
0.8,-52.69759999999998,138.23999999999998,-460.8000000000004,1.8720381058807545,0.43454583892055304,1.1242827639174935,74.40317387252108,4.945906430313882,-10.160093531651759,71.29668300277562,5.608160829887042,-2.965903873147722
0.801,-52.55959180607232,137.77498371839997,-469.2248064000003,1.878426802591127,0.44713830863470794,1.092970625653966,74.68626121995531,4.935685966632202,-10.281114051659285,71.61792128759191,5.605158499842029,-3.0389684299789224
0.802,-52.422052833034236,137.30156605439998,-477.60261120000047,1.885020388321059,0.45972814552164837,1.0615179809232946,74.96875949483004,4.925343635626305,-10.403834329669323,71.9389854461371,5.602082459757451,-3.113332829103438
0.803,-52.284991458613746,136.81979447039998,-485.93249280000043,1.8918206430758329,0.47231533934601566,1.0299188507541728,75.25066166561467,4.914877719064105,-10.52829133864821,72.2598712173882,5.598931382992451,-3.189050836503206
0.804,-52.148416012615684,136.3297173504,-494.21352960000036,1.8988294005200512,0.48489981980206626,0.9981671917814899,75.53196060127063,4.904286461668894,-10.654522192078666,72.5805742627613,5.595703888629793,-3.2661772427634226
0.805,-52.01233477599999,135.83138399999999,-502.4448000000004,1.906048548175666,0.49748145499809815,0.9662568952593316,75.81264906912506,4.893568070987426,-10.782564126562004,72.90109016297237,5.592398540439834,-3.3447678859751235
0.806,-51.87675597996032,135.32484464639998,-510.62538240000043,1.9134800276200816,0.5100600499013359,0.9341817861231121,76.0927197327371,4.882720717275997,-10.91245448319356,73.22141441483737,5.589013845821456,-3.424879674815273
0.807,-51.74168780500223,134.81015043839997,-518.7543552000003,1.9211258346834035,0.5226353447434261,0.9019356221041146,76.37216514975894,4.871742533405799,-11.044230687664022,73.54154242801212,5.585548254719906,-3.506570611793144
0.808,-51.60713838002175,134.28735344639998,-526.8307968000005,1.9289880196437403,0.5352070133865794,0.8695120929000152,76.65097776979113,4.86063161478882,-11.177930229041028,73.86146952166833,5.582000158521249,-3.5898998166538973
0.809,-51.47311578138368,133.75650666239997,-534.8537856000004,1.9370686874195455,0.5477746616506731,0.8369048194049877,76.92914993223505,4.8493860193256495,-11.313590637180619,74.18119092110656,5.578367888923397,-3.674927549924792
0.81,-51.33962803199999,133.21766399999996,-542.8224000000004,1.9453699977578398,0.5603378256014937,0.8041073530033437,77.20667386414262,4.838003767376565,-11.451249458720568,74.50070175430335,5.5746497167834725,-3.7617152365917015
0.811,-51.20668310040831,132.6708802944,-550.7357184000005,1.9538941654171744,0.5728959698005038,0.7711131749307505,77.48354167806507,4.826482841757367,-11.590944231604173,74.81999704839147,5.570843850941474,-3.8503254898895207
0.812,-51.07428889985024,132.11621130239996,-558.5928192000003,1.9626434603441338,0.5854484855165479,0.7379156957073092,77.75974536990245,4.814821187761446,-11.732712458083009,75.13907172607271,5.566948437020092,-3.940822135188526
0.8130000000000001,-50.94245328734976,131.5537137024,-566.3927808000004,1.9716202078420804,0.597994688899968,0.7045082546470238,78.03527681675499,4.803016713209626,-11.87659157614609,75.45792060196061,5.562961556200608,-4.033270233958376
0.8140000000000001,-50.81118406279167,130.9834450944,-574.1346816000005,1.9808267887308535,0.6105338191197036,0.6708841194483484,78.3101277747781,4.791067288529383,-12.022618929322121,75.77653837885263,5.55888122397476,-4.127736107787648
0.8150000000000001,-50.68048896799999,130.40546399999994,-581.8176000000004,1.990265639496041,0.6230650364640595,0.6370364858707797,78.58428987704303,4.778970746865104,-12.170831734799837,76.09491964393004,5.554705388872627,-4.22428736243533
0.8160000000000001,-50.550375685816306,129.81982986239998,-589.4406144000005,1.9999392524263782,0.6355874204058678,0.6029584775026622,78.8577546314047,4.766724884221103,-12.321267049811757,76.41305886488448,5.5504319311664245,-4.322992911887884
0.8170000000000001,-50.42085183917824,129.22660304639996,-597.0028032000005,2.0098501757377862,0.6480999676328769,0.5686431456256462,79.13051341837834,4.754327459639098,-12.473961736225158,76.73095038596905,5.5460586615502345,-4.423923002394538
0.8180000000000001,-50.29192499019776,128.6258448384,-604.5032448000005,2.020001013682496,0.6606015900443691,0.5340834691814281,79.40255748902806,4.741776195412088,-12.628952423283272,77.04858842397383,5.541583319795787,-4.527149236447002
0.8190000000000001,-50.16360263923967,128.01761744639995,-611.9410176000005,2.0303944266415956,0.6730911127149585,0.4992723548467468,79.67387796286802,4.729068777336358,-12.78627546844012,77.36596706412271,5.537003573384217,-4.632744596672204
0.8200000000000001,-50.035892223999994,127.40198399999997,-619.3152000000005,2.0410331311993306,0.685567271826818,0.4642026372227778,79.94446582577953,4.716202855003708,-12.945966916230601,77.68308025589205,5.53231701611407,-4.7407834695975914
0.8210000000000001,-49.908801118584314,126.77900855039998,-626.6248704000005,2.051919900197365,0.6980287125715455,0.42886707914537775,80.21431192794624,4.703176042135742,-13.108062455117865,77.99992180874844,5.527521166685568,-4.851341669249752
0.8220000000000001,-49.78233663258623,126.14875607039994,-633.8691072000005,2.0630575627671415,0.7104739870230722,0.39325837212292597,80.48340698180942,4.689985916962404,-13.272597372259739,78.31648538780479,5.522613467261403,-4.964496460540772
0.8230000000000001,-49.65650601016575,125.51129245439996,-641.0469888000005,2.0744490043383963,0.7229015519830997,0.35736913690875843,80.75174156004634,4.676630022646779,-13.43960650613552,78.63276450939308,5.517591282004265,-5.0803265823941395
0.8240000000000001,-49.53131642912767,124.86668451839996,-648.1575936000005,2.086097166621826,0.7353097668007305,0.3211919242154651,81.01930609357456,4.663105867758371,-13.609124196974422,78.94875253655319,5.512451895591394,-5.1989122705562885
0.8250000000000001,-49.406774999999996,124.21499999999995,-655.2000000000005,2.0980050475637606,0.747696891168014,0.2847192155786731,81.28609086958443,4.649410926797082,-13.781184234927549,79.26444267443526,5.507192511706503,-5.320335280037302
0.8260000000000001,-49.28288876511232,123.55630755839995,-662.1732864000004,2.11017570127064,0.7600610828933321,0.24794342437817246,81.55208602960353,4.635542640770161,-13.955819805924989,79.57982796561565,5.5018102515094816,-5.444678907117165
0.8270000000000001,-49.15966469767423,122.89067677439996,-669.0765312000005,2.122612237901004,0.7724003956546391,0.2108568970245924,81.8172815675954,4.621498417824492,-14.13306343516074,79.89490128532418,5.496302152084316,-5.57202801085074
0.8280000000000001,-49.03710970085376,122.21817815039994,-675.9088128000005,2.1353178235225387,0.7847127767347353,0.1734519143201407,82.08166732809622,4.607275633936579,-14.31294692814836,80.20965533658187,5.490665164865799,-5.702469033997637
0.8290000000000001,-48.91523060685567,121.53888311039996,-682.6692096000005,2.148295679931703,0.7969960647409282,0.13572069300219888,82.34523300439291,4.5928716336627575,-14.495501309291228,80.52408264524831,5.484896154045645,-5.836090023297018
0.8300000000000001,-48.794034176,120.85286399999995,-689.3568000000005,2.1615490844332643,0.8092479873114978,0.09765538747897198,82.60796813674577,4.5782837309520446,-14.680756757913027,80.83817555497656,5.478991894958651,-5.972980649002896
0.8310000000000001,-48.67352709580031,120.16019408639993,-695.9706624000005,2.175081369577016,0.8214661588116798,0.059248091766614885,82.86986211065977,4.563509210024316,-14.86874254169423,81.15192622207559,5.47294907244979,-6.113232223585317
0.8320000000000001,-48.55371598004223,119.46094755839997,-702.5098752000006,2.1888959228487574,0.8336480780218662,0.02049084163771303,83.13090415520774,4.548545326316302,-15.059486947463595,81.46532661027815,5.466764279223004,-6.256937719498936
0.8330000000000001,-48.43460736786176,118.75519952639995,-708.9735168000004,2.2029961863125846,0.845791125821069,-0.018624383008796985,83.3910833414102,4.533389307498179,-15.253017209293999,81.7783684854139,5.4604340141727645,-6.404191785909791
0.8340000000000001,-48.31620772282366,118.04302602239997,-715.3606656000005,2.2173856562012966,0.857892562868732,-0.058105655545719365,83.65038858067537,4.518038354563421,-15.44935943385515,82.09104340998643,5.4539546806995025,-6.555090764263834
0.8350000000000001,-48.19852343199999,117.32450399999993,-721.6704000000005,2.232067882451636,0.8699495272881448,-0.0979610997728463,83.9088086233034,4.502489642994673,-15.648538522978654,82.40334273765288,5.447322585010028,-6.7097327025730245
0.8360000000000001,-48.08156080504832,116.59971133439994,-727.9017984000003,2.247046468180958,0.8819590323550455,-0.13819888681821463,84.1663320570604,4.486740324008499,-15.850578093391864,82.71525760760655,5.440533934404453,-6.8682173682817655
0.8370000000000001,-47.965326073290235,115.86872682239996,-734.0539392000005,2.2623250691017,0.8939179641949528,-0.1788272317737502,84.42294730582547,4.470787525881809,-16.05550039358288,83.02677893886037,5.433584835550943,-7.030646259570339
0.8380000000000001,-47.84982538878975,115.13163018239996,-740.1259008000005,2.2779073928698836,0.9058230794931131,-0.21985439005338803,84.67864262831634,4.454628355362863,-16.26332621776055,83.33789742443149,5.426471292750045,-7.197122614938049
0.8390000000000001,-47.735064823431664,114.38850205439995,-746.1167616000005,2.293797198363759,0.917671003221112,-0.26128865346140095,84.9334061168985,4.438259899169811,-16.47407481687823,83.64860352542608,5.419189206190359,-7.3677514208982835
0.8400000000000001,-47.621050367999985,113.63942399999993,-752.0256000000005,2.3099982948884312,0.9294582263843112,-0.3031383459582394,85.18722569648249,4.421679225579654,-16.687763806694818,83.95888746502398,5.411734370197524,-7.542639417605955
0.8410000000000001,-47.50778793125631,112.88447850239994,-757.8514944000005,2.326514541302207,0.9411811037945854,-0.3454118191108808,85.44008912351521,4.404883386110665,-16.904409072850754,84.26873922236312,5.40410247147871,-7.721895102222632
0.8420000000000001,-47.39528333901823,112.12374896639996,-763.5935232000004,2.343349845060109,0.9528358518729154,-0.3881174472142308,85.69198398507017,4.387869417301212,-17.124024672942703,84.5781485263229,5.39628908736494,-7.905628729813664
0.8430000000000001,-47.28354233323775,111.35731971839994,-769.2507648000004,2.360508161169888,0.9644185464866847,-0.4312636220698187,85.94289769804237,4.370634342588012,-17.346622735586557,84.88710484920706,5.3882896840538335,-8.09395231155387
0.8440000000000001,-47.17257057107968,110.58527600639994,-774.8222976000004,2.3779934910555816,0.9759251208267198,-0.4748587474075838,86.19281750845408,4.353175174286852,-17.572213356463976,85.19559740032597,5.380099614855633,-8.286979610004082
0.8450000000000001,-47.062373623999996,109.80770399999993,-780.3072000000006,2.3958098813234656,0.9873513633292973,-0.5189112329362073,86.44173049087688,4.33548891567875,-17.800804491356143,85.5036151194787,5.3717141184454915,-8.4848261312036
0.8460000000000001,-46.95295697682432,109.02469079039992,-785.7045504000005,2.413961422424955,0.9986929156485492,-0.5634294880069738,86.68962354797613,4.317572563204582,-18.032401846174572,85.81114667033471,5.363128317125342,-8.687609113307346
0.8470000000000001,-46.84432602682622,108.23632439039991,-791.0134272000004,2.4324522472108643,1.0099452706850587,-0.6084219148759044,86.93648341018498,4.299423108771195,-18.267008764007635,86.11818043371711,5.354337215099063,-8.895447511474085
0.8480000000000001,-46.73648608280574,107.44269373439995,-796.2329088000005,2.4512865293710027,1.02110377067642,-0.653896901548271,87.18229663551293,4.281037542171922,-18.504626109210577,86.42470450078665,5.345335696764656,-9.108461978697374
0.8490000000000001,-46.62944236416767,106.64388867839993,-801.3620736000005,2.470468481753005,1.032163605356102,-0.6998628141894763,87.42704960949719,4.262412853624506,-18.745252148575112,86.73070666612934,5.3361185250278504,-9.326774842244166
0.8500000000000001,-46.523199999999996,105.83999999999995,-806.4000000000004,2.4900023545537864,1.0431198101868953,-0.7463279890855977,87.67072854530261,4.243546036429279,-18.98888242962594,87.0361744207476,5.326680339641568,-9.550510075349266
0.8510000000000001,-46.41776402815231,105.03111939839994,-811.3457664000006,2.5098924333768555,1.0539672646756753,-0.7933007241366756,87.91331948397708,4.224434089750438,-19.235509656102018,87.3410949449572,5.3170156555762,-9.779793263786729
0.8520000000000001,-46.313139394314234,104.21733949439992,-816.1984512000004,2.5301430371483464,1.0647006907764796,-0.8407892698653122,88.15480829487039,4.205074021523252,-19.485123560690937,87.64545510119198,5.3071188614260905,-10.014751566915173
0.8530000000000001,-46.20933095109376,103.39875383039993,-820.9571328000004,2.5507585158842527,1.0753146513890957,-0.8888018199227399,88.39518067622308,4.185462851489858,-19.737710775098442,87.9492414267183,5.296984217857882,-10.255513672769784
0.8540000000000001,-46.106343457095676,102.57545687039993,-825.6208896000005,2.5717432483010563,1.0858035489607523,-0.9373465010740666,88.6344221559331,4.165597614366285,-19.993254697546764,88.25244012626221,5.286605856106957,-10.502209746744334
0.8550000000000001,-46.004181575999986,101.74754399999992,-830.1888000000004,2.5931016392614445,1.096161624198756,-0.9864313626439258,88.87251809250746,4.145475363143212,-20.251735357810112,88.5550370645515,5.275977776528561,-10.754971373379433
0.8560000000000001,-45.9028498756403,100.91511152639994,-834.6599424000004,2.6148381170465993,1.1063829549023754,-1.0360643654034012,89.10945367620738,4.125093172522889,-20.513129279909162,88.85701775877703,5.265093847210862,-11.013931490741818
0.8570000000000001,-45.80235282708224,100.07825667839994,-839.0333952000004,2.6369571304459027,1.1164614549224896,-1.0862533698784274,89.34521393039365,4.104448142494455,-20.777409342602425,89.15836737097604,5.253947802657483,-11.279224316849415
0.8580000000000001,-45.70269480370176,99.23707760639992,-843.3082368000005,2.659463145654685,1.1263908732581234,-1.1370061240596183,89.57978371308175,4.083537402049836,-21.044544637827414,89.45907070034276,5.2425332425479265,-11.550985267562154
0.859,-45.60388008026368,98.39167338240001,-847.4835456,2.682360642969966,1.1361647932991825,-1.1883302504926703,89.813147718713,4.0623581130421185,-21.3145003272624,89.75911217546988,5.230843630584531,-11.82935086532654
0.86,-45.505912832,97.54214400000001,-851.5583999999998,2.7056541132738516,1.1457766322253893,-1.2402332327282475,90.04529048015144,4.04090747418824,-21.587237497196185,90.0584758465267,5.218872293435551,-12.11445863812471
0.861,-45.40879713368832,96.68859037440004,-855.5318783999999,2.729348054293637,1.15521964057188,-1.2927224011094545,90.27619637091428,4.019182725217583,-21.862713011910884,90.35714537738023,5.206612419784529,-12.406447007939747
0.862,-45.31253695873024,95.83111434239999,-859.4030591999999,2.7534469666271484,1.1644869019723576,-1.3458049178745592,90.50584960764391,3.9971811511678155,-22.140879365804125,90.65510403766454,5.194057059496671,-12.705455168015277
0.863,-45.21713617822976,94.96981866240002,-863.1710208,2.7779553495213714,1.1735713330915247,-1.3994877615519785,90.73423425283067,3.97490008682917,-22.421684534493686,90.95233469480645,5.1811991229139345,-13.011622948142488
0.864,-45.12259856007167,94.10480701440001,-866.8348415999999,2.802877696391721,1.1824656837589773,-1.453777710623815,90.96133421779416,3.952336921337961,-22.705071825170585,91.24881980601423,5.168031380291085,-13.325090667170045
0.865,-45.02892776800001,93.23618399999998,-870.3936,2.828218490068896,1.1911625373177286,-1.5086813264336951,91.18713326593227,3.92948910292007,-22.990979726485577,91.54454141023896,5.1545464613860705,-13.645998971886605
0.866,-44.93612736069633,92.3640551424,-873.8463744000002,2.8539821977594575,1.1996543112011162,-1.5642049353137852,91.41161501624639,3.9063541437846183,-23.279341758277333,91.83948112011691,5.140736855218635,-13.974488661385983
0.867,-44.84420079085824,91.4885268864,-877.1922432000001,2.8801732657057277,1.207933257752885,-1.6203546099051858,91.63476294715092,3.8829296251678427,-23.57008632147194,92.1336201139032,5.1265949100122254,-14.310700495977507
0.868,-44.75315140427775,90.60970659840001,-880.4302848,2.906796113529957,1.2159914653062347,-1.6771361496450545,91.85656040057646,3.8592132025268717,-23.86313654850594,92.42693912740764,5.1121128333351145,-14.654774989660531
0.869,-44.66298243891967,89.72770256640003,-883.5595776000001,2.933855128246989,1.2238208595386733,-1.7345550603929891,92.0769905863746,3.8352026108826336,-24.158410154649168,92.71941844594517,5.097282692457728,-15.006852185134612
0.87,-44.573697024000005,88.84262400000001,-886.5792,2.961354657928956,1.2314132051207403,-1.7926165331682127,92.29603658703333,3.8108956703108428,-24.455819290626163,93.0110378963131,5.082096414944112,-15.367071410272217
0.871,-44.485298179064316,87.95458103039999,-889.4882303999999,2.989299005004839,1.2387601076780164,-1.8513254219682542,92.51368136271117,3.786290291579549,-24.755270396959695,93.30177683880963,5.066545789496679,-15.735571014933612
0.872,-44.397788813066235,87.0636847104,-892.2857472,3.017692419176932,1.2458530160871848,-1.9106862206386226,92.72990775659805,3.761384481931251,-25.056664060483822,93.59161415930792,5.050622467074401,-16.112488086957782
0.873,-44.311171723445774,86.17004701440001,-894.9708288,3.046539089935685,1.252683225128771,-1.9707030387621793,92.94469850061236,3.736176351007275,-25.35989487349724,93.88052826140337,5.034317962305996,-16.497958146115494
0.874,-44.22544959520769,85.27378083840001,-897.5425536,3.075843138653413,1.2592418785206143,-2.0313795765355107,93.15803622144088,3.7106641169114427,-25.664851296053232,94.16849705865046,5.017623655220684,-16.89211481476901
0.875,-44.140625,84.375,-900.0,3.1056086102367435,1.2655199723582222,-2.0927190985985518,93.36990344693011,3.6848461124096636,-25.971415521905413,94.45549796690827,5.000530793320424,-17.295089463937835
0.876,-44.056700395192316,83.47381923839998,-902.3422463999999,3.1358394643169567,1.2715083589902465,-2.1547244067825777,93.58028261283671,3.6587207912615356,-26.279463348652886,94.74150789681535,4.983030494018988,-17.70701083342759
0.877,-43.973678122954226,82.5703542144,-904.5683712,3.1665395659565574,1.2771977513595192,-2.2173978117402893,93.78915606994448,3.63228673467948,-26.588864052651097,95.02650324641537,4.965113747474434,-18.12800462464191
0.878,-43.89156040933377,81.66472151040001,-906.6774528000001,3.1977126758497,1.2825787278425134,-2.2807411034204708,93.99650609155465,3.6055426579102967,-26.899480269278442,95.31045989395722,4.946771419843023,-18.558193064660713
0.879,-43.810349363335675,80.75703863040002,-908.6685696000001,3.229362439993499,1.287641737622858,-2.3447555203485138,94.20231488135721,3.5784874169335805,-27.211167879169196,95.59335319089408,4.9279942569840225,-18.99769444013655
0.88,-43.730046976,79.84742399999999,-910.5408,3.261492378806376,1.2923771066371244,-2.4094417176725345,94.40656458168833,3.5511200152705977,-27.523775901046303,95.87515795510825,4.9087728886462765,-19.4466225995348
0.881,-43.650655119480334,78.93599696639998,-912.2932224,3.294105875669316,1.296775044134513,-2.4747997339338705,94.60923728218182,3.5234396108968027,-27.837146391805206,96.1558484643909,4.889097833169067,-19.90508642221971
0.882,-43.572175546122246,78.02287779839999,-913.9249152,3.327206164865058,1.3008256498949329,-2.54082895651924,94.810315028819,3.495445523250353,-28.15111435452063,96.43539845020645,4.868959502731046,-20.373189252877637
0.883,-43.49460988754176,77.10818768639999,-915.4349568000001,3.3607963188898617,1.3045189221535503,-2.6075280857506833,95.00977983338251,3.467137240328349,-28.465507655064076,96.71378109177391,4.848348209182671,-20.851028299760884
0.884,-43.417959653703676,76.19204874239999,-916.8224256000001,3.394879235112311,1.3078447662836863,-2.6748950975685895,95.20761368331945,3.438514425861899,-28.780146948034783,96.99096901050078,4.827254170499222,-21.338693995235964
0.885,-43.34222623199999,75.27458399999999,-918.0863999999999,3.4294576217529937,1.3107930042933311,-2.742927204761835,95.40379855201725,3.4095769265602662,-29.094845612721706,97.26693426480445,4.805667517892633,-21.836269317139575
0.886,-43.26741088632833,74.35591741439998,-919.2259584,3.4645339831590927,1.3133533851949148,-2.8116208166986416,95.59831640949659,3.380324779413739,-29.409409699822987,97.54164834536158,4.783578303622241,-22.343829069465137
0.887,-43.193514756170245,73.4361738624,-920.2401792,3.500110604347846,1.315515596311879,-2.8809714975111618,95.79114923352425,3.3507582190441334,-29.723637889659713,97.81508217082596,4.760976509545815,-22.861439120944766
0.888,-43.12053885566976,72.5154791424,-921.1281408000001,3.5361895347928347,1.3172692755896414,-2.9509739226865634,95.98227902114765,3.3208776850909563,-30.03732146262561,98.08720608405797,4.7378520564535105,-23.389155600149202
0.889,-43.04848407271169,71.59395997439998,-921.8889216000001,3.5727725714279446,1.3186040249832451,-3.0216218340179184,96.17168780065388,3.29068382962075,-30.350244282616963,98.35798984891284,4.714194814229143,-23.927024045793658
0.89,-42.97735116799999,70.67174399999999,-922.5216,3.6098612408440847,1.3195094249978678,-3.0929079928686747,96.35935764395354,3.260177524546203,-30.662182794187153,98.62740264763607,4.689994612884034,-24.475078511035612
0.891,-42.90714077413631,69.7489597824,-923.0252544000001,3.647456780654792,1.3199750504626997,-3.164824131705849,96.54527067938915,3.229359869040879,-30.972906034165884,98.89541307891619,4.665241254509916,-25.033340620662223
0.892,-42.83785339469822,68.82573680639999,-923.3989631999999,3.685560120008444,1.3199904876231985,-3.237360903859332,96.72940910496848,3.198232196934872,-31.282175658474873,99.1619891566511,4.639924526198818,-25.601818580196998
0.893,-42.76948940331775,67.90220547839999,-923.6418048,3.7241718592258026,1.3195453526401113,-3.3105078314671283,96.91175520202039,3.166796084075672,-31.589745984860826,99.42709830948252,4.614034213978032,-26.1805061361274
0.894,-42.702049042759676,66.97849712639999,-923.7528576000001,3.763292248544274,1.3186293115879144,-3.384253251570533,97.0922913492711,3.135053355638098,-31.89536405224961,99.6907073811597,4.587560117809679,-26.76938148663779
0.895,-42.63553242399999,66.05474399999999,-923.7312,3.802921165952214,1.3172321020482627,-3.458584260327813,97.27100003733744,3.1030060933662513,-32.198769697405304,99.95278263179394,4.560492067704419,-27.368406142460884
0.896,-42.5699395253043,65.13107927039998,-923.5759104000001,3.843058094099826,1.3153435563969995,-3.5334866553213145,97.44786388363264,3.070656642729886,-32.499695649552194,100.21328974006943,4.532819940999291,-27.97752373771523
0.897,-42.50527019130625,64.20763703039997,-923.2860671999999,3.88370209627658,1.312953626885463,-3.608944875940325,97.62286564767906,3.03800761997691,-32.7978676435874,100.47219380647866,4.504533680849689,-28.596658790888405
0.898,-42.441524132085746,63.28455229439999,-922.8607488,3.9248517914493624,1.3100524126182922,-3.684941941831619,97.79598824682253,3.0050619190631798,-33.093004552476785,100.72945935765402,4.475623315985212,-29.2257154164583
0.899,-42.37870092224768,62.36196099839998,-922.2990336000001,3.9665053283595126,1.3066301885298084,-3.76145938941967,97.96721477233783,2.971822718439955,-33.384818539385094,100.98505035186668,4.446078981777896,-29.864575988022573
0.9,-42.31679999999999,61.439999999999976,-921.6,4.008660358683803,1.3026774364615281,-3.838477206513313,98.13652850592086,2.9382934876793017,-33.67301523004612,101.23893018577414,4.415890942671513,-30.513099754212966
0.901,-42.25582066623231,60.51880707839998,-920.7627264,4.051314009268699,1.2981848784397179,-3.9159737650289053,98.30391293655342,2.904477993916683,-33.95729390582612,101.49106170249055,4.385049616017426,-31.171121409151716
0.902,-42.19576208359424,59.59852093439998,-919.7862912,4.094462853455879,1.2931435122497108,-3.9939257518796794,98.46935177773227,2.8703803080900347,-34.23734771787655,101.74140720106536,4.353545597362047,-31.838449619705777
0.903,-42.13662327557377,58.679281190399976,-918.6697727999998,4.138102881523821,1.2875446493974405,-4.072308098100485,98.6328289850493,2.8360048109539995,-34.51286392270924,101.98992844745327,4.321369687227449,-32.51486551236744
0.904,-42.078403125575676,57.76122839039997,-917.4122496000001,4.1822294702793315,1.281379955541422,-4.151093906301014,98.79432877410905,2.8013561988477456,-34.78352413945834,102.23658668706211,4.288512919423811,-33.20012112320479
0.905,-42.021100376000035,56.84450399999998,-916.0128000000001,4.226837351842558,1.2746414934687247,-4.230254376567241,98.95383563876906,2.7664394891945885,-35.049004629018626,102.48134265896722,4.2549665909286905,-33.893937814993855
0.906,-41.964713627320315,55.92925040639997,-914.4705024,4.271920581680136,1.2673217686764184,-4.309758730961385,99.11133436968805,2.73126002571155,-35.30897659517088,102.72415661188508,4.220722293363794,-34.59600466636865
0.907,-41.90924133716224,55.01561091839997,-912.7844352,4.317472505951626,1.2594137776039669,-4.389574136803222,99.26681007316176,2.695823483306659,-35.56310650771831,102.96498832199369,4.185771946093847,-35.305976838610135
0.908,-41.85468181938174,54.10372976639996,-910.9536767999999,4.363485728249467,1.2509110585455416,-4.469665628955348,99.42024819023254,2.6601358726422957,-35.811056447569136,103.20379711270029,4.150107830967758,-36.02347392651442
0.909,-41.80103324314366,53.19375210239998,-908.9773056,4.409952075823802,1.2418077452476548,-4.549996031373809,99.57163451604788,2.624203544342396,-36.052484473603684,103.44054187644333,4.113722628713374,-36.748078300681954
0.91,-41.74829363200001,52.285823999999984,-906.8544,4.456862565401167,1.2320986231743074,-4.630525878233668,99.72095521945091,2.5880331928220914,-36.287045011065445,103.67518109862961,4.076609456991123,-37.47933344948728
0.911,-41.6964608629683,51.38009245439998,-904.5840384,4.504207368720425,1.2217791883918039,-4.711213334987184,99.86819686277853,2.551631859718334,-36.51438926111045,103.90767288379854,4.038761910102002,-38.21674232997811
0.912,-41.64553266561023,50.47670538239997,-902.1652991999999,4.5519757779268755,1.210845708992688,-4.7920141197664865,100.0133464218433,2.5150069369005124,-36.734165631041265,104.13797498410722,4.000174100335721,-38.959765737970876
0.913,-41.59550662110978,49.57581162239997,-899.5972607999998,4.600156170984761,1.1992952889420623,-4.872881425601722,100.15639130607686,2.478166169040844,-36.9460201846414,104.3660448302335,3.9608407009348765,-39.707820708657906
0.914,-41.54638016135169,48.67756093439997,-896.8790016,4.648735977285757,1.1871259341870186,-4.9537658439857495,100.29731937880655,2.4411176557245864,-37.14959711191008,104.59183956478432,3.9207569906378485,-40.46027896013156
0.915,-41.498150568000014,47.78210399999997,-894.0096,4.69770164365246,1.1743366208253614,-5.03461529038331,100.43611897763911,2.403869853081162,-37.34453921738163,104.81531607830051,3.8799188997511957,-41.2164653933189
0.916,-41.45081497157631,46.88959242239997,-890.9881343999997,4.747038600956409,1.1609273650797578,-5.115374932351381,100.57277893492459,2.366431574918092,-37.53048842609636,105.03643104794445,3.8383230576879668,-41.97565666292629
0.917,-41.40437035053821,46.00017872639997,-887.8136832,4.796731231591023,1.146899294769233,-5.195987121008202,100.7072885982695,2.3288119933405174,-37.70708630616893,105.25514097895059,3.7959668418929438,-42.737079835085936
0.918,-41.35881353035776,45.11401635839997,-884.4853247999998,4.846762838062481,1.1322547219125825,-5.276391326663413,100.8396378510712,2.2910206388403695,-37.873974606783165,105.47140224891749,3.7528484280600316,-43.49991114846429
0.919,-41.31414118259967,44.231259686399966,-881.0021375999999,4.8971156129832085,1.1169972160366126,-5.356524079496236,100.9698171330418,2.25306739984038,-38.0307958103231,105.6851711550117,3.7089668415295014,-44.263274896621276
0.92,-41.27034982400001,43.35206399999996,-877.3631999999998,4.947770610774201,1.1011316776973432,-5.436318916243939,101.09781746068903,2.21496252167941,-38.177193697232475,105.89640396414565,3.6643220097342235,-45.026242450376614
0.921,-41.22743581554434,42.47658551039997,-873.5675903999997,4.9987077214055144,1.0846644116561512,-5.515706333939018,101.22363044772385,2.1767166050272513,-38.312813922082526,106.10505696618904,3.618914815545689,-45.787831439820124
0.922,-41.18539536154624,41.60498135039997,-869.6143871999999,5.049905646523704,1.0676031990830215,-5.594613751804884,101.34724832536017,2.138340603718401,-38.43730459921525,106.3110865302572,3.5727471513495206,-46.54700511638568
0.923,-41.144224508725756,40.73740957439996,-865.5026687999998,5.101341878335994,1.049957368090121,-5.672965482489988,101.46866396247317,2.0998458219961122,-38.55031689622306,106.51444916411415,3.5258219736601384,-47.3026719160509
0.924,-41.103919145287676,39.87402915839996,-861.2315135999999,5.152992681639718,1.031737861829467,-5.7506827138848635,101.58787088558347,2.061243911159847,-38.651505633425415,106.71510157671612,3.478143358062806,-48.053685245213785
0.925,-41.06447499999997,39.014999999999965,-856.7999999999998,5.204833079401658,1.0129573033201802,-5.8276835028227705,101.70486329863152,2.0225468656110275,-38.74052988740603,106.91300074390642,3.4297165542493033,-48.79884351109894
0.926,-41.02588764127231,38.16048291839996,-852.2072063999997,5.256836842306747,0.9936300561059639,-5.903882782013185,101.81963610250776,1.983767018294052,-38.81705359658727,107.10810397725946,3.3805480408916804,-49.53689041862917
0.927,-40.98815247623421,37.310639654399964,-847.4522111999999,5.30897648270805,0.9737722797831894,-5.979192381595229,101.93218491430557,1.944917035531652,-38.880746166738795,107.30036899605983,3.3306455800771184,-50.26651555553808
0.928,-40.95126474981374,36.465632870399965,-842.5340927999999,5.361223253416061,0.9534019793844223,-6.053521066719001,102.04250608625885,1.906009911255573,-38.93128307424379,107.48975400237735,3.280018271004198,-50.9863552870613
0.929,-40.9152195438157,35.62562615039997,-837.4519295999997,5.413547151772921,0.9325390475572681,-6.126774592573893,102.15059672433391,1.8670589606361399,-38.96834646488893,107.67621775919294,3.228676602621483,-51.69499398080299
0.93,-40.880011776,34.79078399999996,-832.2047999999999,5.465916929454327,0.9112052984404923,-6.19885577826922,102.25645470643822,1.8280778131161803,-38.991625745889834,107.85971967150111,3.1766325048678086,-52.39096558129977
0.931,-40.84563619916031,33.96127184639997,-826.7917823999998,5.518300108438001,0.889424492115295,-6.269664600942127,102.36007870021275,1.7890804048572464,-39.00081816882546,108.04021987029807,3.123899398155356,-53.0727555523717
0.932,-40.812087400202216,33.137256038399954,-821.2119551999998,5.570663003568214,0.8672223484995443,-6.339098311414918,102.46146818037592,1.7500809706084712,-38.99562940112998,108.21767929934846,3.070492240719953,-53.73880320354078
0.933,-40.77935979922174,32.31890384639996,-815.4643967999998,5.6229707521271735,0.8446265495571832,-6.407051572641717,102.56062344558477,1.7110940350106223,-38.97577408377219,108.39205980459263,3.016427573446712,-54.3875044145839
0.934,-40.74744764858367,31.506383462399956,-809.5481855999997,5.675187350803023,0.8216667287193172,-6.473416622080002,102.65754563478242,1.672134403350372,-38.94097637275475,108.56332422604135,2.961723561767268,-55.0172147696707
0.935,-40.716345032000014,30.699863999999955,-803.4623999999997,5.727275700413269,0.7983744464562939,-6.5380834589855645,102.7522367430001,1.6332171517821388,-38.890970462075174,108.73143649197701,2.9064000342144443,-55.626253109494996
0.936,-40.68604586360833,29.899515494399953,-797.2061183999997,5.779197658705734,0.7747831510048468,-6.600940057464179,102.84469963658442,1.5943576170372125,-38.825501085818466,108.89636171525771,2.8504785172134905,-56.21290550635267
0.937,-40.65654388705025,29.105508902399958,-790.7784191999997,5.830914101514745,0.7509281233420033,-6.661872605916432,102.9349380678206,1.5555713856421687,-38.74432399709039,109.05806629149691,2.7939822656861897,-56.77542966325426
0.9380000000000001,-40.62783267454978,28.31801610239996,-784.1783807999997,5.8823849924982365,0.726846405608657,-6.720765773284035,103.02295668892467,1.5168742826708779,-38.64720642155615,109.21651799886706,2.7369362890450133,-57.312059733900824
0.9390000000000001,-40.59990562599167,27.537209894399957,-777.4050815999997,5.933569461621456,0.7025767123213442,-6.777503002246318,103.1087610653787,1.4782823600565784,-38.53392748341659,109.37168609925038,2.679367372159912,-57.82101155572845
0.9400000000000001,-40.57275596799997,26.763263999999953,-770.4575999999994,5.984425892485636,0.6781593238708286,-6.831966829226284,103.1923576885836,1.4398118844926031,-38.40427860173735,109.52354144043592,2.6213040908904635,-58.30048828327385
0.9410000000000001,-40.54637675301628,25.996353062399958,-763.3350143999996,6.034912018527159,0.6536359619907586,-6.88403923074964,103.2737539878086,1.4014793249524669,-38.258063855143575,109.67205655904345,2.562776821792004,-58.74868640388661
0.9420000000000001,-40.52076085837826,25.23665264639996,-756.0364031999995,6.0849850280295685,0.6290496470860725,-6.93360199535535,103.35295834141493,1.3633013398618388,-38.095100313000565,109.81720578382614,2.503817745624222,-59.16380211235452
0.9430000000000001,-40.49590098539774,24.484339238399958,-748.5608447999996,6.134601677806036,0.6044445375398221,-6.980537119893916,103.42998008733635,1.3252947639568655,-37.91521833132579,109.95896533899044,2.4444608443177662,-59.54403801541292
0.9440000000000001,-40.47178965843968,23.739590246399956,-740.9074175999995,6.183718415313971,0.5798657513631789,-7.024727228663787,103.50482953279607,1.2874765948648152,-37.718261811807054,110.09731344714248,2.3847418910851026,-59.887610131421084
0.9450000000000001,-40.44841922400004,23.002583999999956,-733.0751999999995,6.23229150887307,0.5553591708176899,-7.066056013448858,103.57751796325118,1.2498639794448798,-37.50408842245545,110.23223043147144,2.3246984334014167,-60.19275514485552
0.9460000000000001,-40.42578184978431,22.273499750399957,-725.0632703999995,6.280277185550737,0.5309712309112306,-7.10440869211159,103.64805765054635,1.2124741999279995,-37.27256977856789,110.36369881674318,2.2643697686220245,-60.4577378697019
0.9470000000000001,-40.40386952378624,21.552517670399958,-716.8707071999994,6.327631776182131,0.5067486929522098,-7.139672483002478,103.716461860268,1.1753246598960356,-37.02359158284476,110.49170342868109,2.203796912053026,-60.68085887052504
0.9480000000000001,-40.38267405336573,20.839818854399955,-708.4965887999994,6.374311866891109,0.48273840463043804,-7.171737092056883,103.78274485829425,1.1384328701417514,-36.75705372368266,110.61623149130259,2.14302255734575,-60.86046218501114
0.9490000000000001,-40.362187064327635,20.135585318399954,-699.9399935999995,6.420274456372121,0.4589870483723203,-7.2004952090700005,103.84692191652941,1.1018164344516685,-36.472870330834695,110.73727272175937,2.082091029142531,-60.99494308720361
0.9500000000000001,-40.3424,19.439999999999955,-691.1999999999994,6.4654771181022275,0.435540879990437,-7.225843009299123,103.90900931782427,1.0654930353548868,-36.17096978782449,110.8548194222452,2.021048227966031,-61.082755826686224
0.9510000000000001,-40.32330412031232,18.753246758399953,-682.2756863999995,6.509878166555891,0.4124454599019254,-7.24768065622279,103.96902436008008,1.0294804198813101,-35.851294700684925,110.96886656852547,1.9599415674097038,-61.122421275616794
0.9520000000000001,-40.30489050087421,18.075510374399958,-673.1661311999994,6.553436826408735,0.38974537942315723,-7.265912801012705,104.0269853595366,0.9937963853730337,-35.51380182278388,111.0794118946475,1.8988199037563795,-61.1125344129399
0.9530000000000001,-40.28715003205381,17.406976550399957,-663.8704127999994,6.596113403642039,0.36748398485339445,-7.280449074055004,104.08291165325038,0.9584587653929164,-35.158461935697176,111.18645597340766,1.8377334582243263,-61.05177157340985
0.9540000000000001,-40.270073418055716,16.747831910399956,-654.3876095999995,6.63786945739128,0.34570310222993494,-7.291204563691068,104.1368236007711,0.923485415774233,-34.78525968627937,111.29000229216143,1.7767337321126138,-60.93889738827393
0.9550000000000001,-40.253651175999984,16.098263999999954,-644.7167999999992,6.678667971322436,0.3244427657666896,-7.298100277243361,104.18874258502046,0.8888942008549436,-34.39419338027128,111.39005732356993,1.715873415189797,-60.77277134467218
0.9560000000000001,-40.23787363500031,15.458461286399954,-634.8570623999993,6.71847352328646,0.30374095307438936,-7.301063579371233,104.23869101239096,0.8547029799399324,-33.985274732979406,111.48663059091851,1.655206287744233,-60.55235389213532
0.9570000000000001,-40.222730935242204,14.828613158399955,-624.8074751999993,6.757252451968885,0.2836333302953755,-7.300028602839747,104.28669231207691,0.8209295940337461,-33.558528577739544,111.5797347276535,1.5947871167833299,-60.276712026888646
0.9580000000000001,-40.20821302706175,14.208909926399956,-614.5671167999992,6.794973019240974,0.26415301026970717,-7.294936626907843,104.33277093465196,0.787591852885565,-33.11399253305475,111.66938553081312,1.5346715469368952,-59.945024288118645
0.9590000000000001,-40.19430967002367,13.599542822399957,-604.1350655999993,6.831605566929859,0.24533032677931488,-7.285736418749722,104.37695234991656,0.7547075223873156,-32.65171662947297,111.75560200807519,1.4749159866843615,-59.55658510489822
0.9600000000000001,-40.181010431999994,13.000703999999956,-593.5103999999992,6.867122666741489,0.22719262779074423,-7.272384533595949,104.41926304403259,0.7222943123644896,-32.171762897424024,111.83840641816404,1.415577490582938,-59.11080843796605
0.9610000000000001,-40.168304688248334,12.412586534399956,-582.6921983999991,6.901499262117779,0.20976409043833666,-7.254845569644211,104.45973051597181,0.6903698647981065,-31.674204917393297,111.91782430441532,1.3567136382276104,-58.60723066708747
0.9620000000000001,-40.15618162049022,11.835384422399958,-571.6795391999991,6.934712800863553,0.1930655602577811,-7.233092374212693,104.49838327330245,0.6589517425147037,-31.159127333945843,111.99388452132995,1.298382410718736,-58.04551268206098
0.9630000000000001,-40.144630215989736,11.269292582399954,-560.471500799999,6.9667433574552025,0.17711441690024107,-7.2071061981031,104.5352508273413,0.6280574183796802,-30.626625335243546,112.06661925399588,1.240642065451113,-57.42544114355659
0.9640000000000001,-40.133639266631654,10.714506854399954,-549.0671615999992,6.997573744037876,0.16192446823393875,-7.176876795694052,104.57036368770322,0.5977042650276777,-30.076804099815572,112.1360640303115,1.1835510100683526,-56.746928888728114
0.9650000000000001,-40.123197367999985,10.171223999999956,-537.465599999999,7.027189609219665,0.14750587437854965,-7.142402468878622,104.60375335627717,0.5679095451617692,-29.50977821243981,112.20225772598089,1.12716767644607,-56.01001446572548
0.9660000000000001,-40.11329291845633,9.639641702399956,-525.665894399999,7.055579523896106,0.13386510282646802,-7.103690053599923,104.63545232066416,0.5386904024514136,-28.92567105108348,112.26524256231197,1.0715503955792431,-55.2148607907818
0.9670000000000001,-40.10391411821823,9.119958566399958,-513.667123199999,7.082735053467721,0.12100491539065217,-7.060754848396422,104.66549404711137,0.5100638530571048,-28.324614146921032,112.32506409689296,1.016757274250197,-54.36175293119645
0.9680000000000001,-40.09504896843774,8.61237411839996,-501.468364799999,7.108650815955174,0.10892438729075396,-7.013620485041699,104.69391297297847,0.4820467778075831,-27.70674651950394,112.38177120727272,0.9628460743455917,-53.45109502716221
0.9690000000000001,-40.08668527027972,8.117088806399959,-489.0686975999989,7.133324525667692,0.09761895825644612,-6.96231874203781,104.72074449877623,0.45465591505344394,-27.072213989199987,112.43541606782469,0.9098740956733314,-52.48340637480122
0.9700000000000001,-40.07881062400001,7.634303999999961,-476.46719999999897,7.156757022232297,0.08708051509820432,-6.906889302377382,104.74602497981567,0.42790785421877764,-26.421168469042183,112.4860541200177,0.8578980631031455,-51.45931670178389
0.9710000000000001,-40.0714124280243,7.164221990399961,-463.6629503999989,7.178952284945819,0.07729750478062918,-6.847379457619541,104.76979171750587,0.4018190300703324,-25.75376723813549,112.53374403635789,0.8069740188187725,-50.37956067535905
0.9720000000000001,-40.06447787802621,6.707045990399962,-450.6550271999988,7.199917432575731,0.06825507664057917,-6.783843760925334,104.79208295034738,0.37640571772163417,-25.070172198768848,112.57854767832755,0.7571572204266346,-49.24497169042325
0.9730000000000001,-40.05799396600573,6.262980134399963,-437.4425087999989,7.219662708880864,0.059935252029081454,-6.716343632232499,104.8129378446592,0.3516840283872365,-24.370549119350056,112.62053004866759,0.7085020456138496,-48.056474992129644
0.9740000000000001,-40.05194747936772,5.832229478399961,-424.0244735999988,7.238201454277124,0.0523171193304861,-6.644946919237895,104.83239648508436,0.3276699059002562,-23.65506686524851,112.65975923839993,0.661061903991375,-46.815080193524814
0.9750000000000001,-40.04632500000001,5.4149999999999645,-410.3999999999989,7.255550064215406,0.04537705202999941,-6.569727418271329,104.85049986491936,0.304379124004274,-22.92389661957777,112.6963063690212,0.6148891566950155,-45.521873253614785
0.9760000000000001,-40.04111290335231,5.011498598399964,-396.56816639999874,7.271727934966584,0.0390889472666782,-6.490764359480192,104.86728987630823,0.2818272844286381,-22.17721109588002,112.73024553031928,0.5700350442492865,-44.17800798502922
0.9770000000000001,-40.03629735751428,4.6219330943999655,-382.52805119999874,7.286757397638285,0.03342448212715443,-6.408141861013103,104.88280930035151,0.2600298157543661,-21.41518374459988,112.761653714309,0.526549623129132,-42.78469716311979
0.9780000000000001,-40.03186432229375,4.246512230399967,-368.27873279999875,7.300663641350235,0.028353384807510384,-6.321948357062257,104.89710179717281,0.23900197307592594,-20.63798795513642,112.79061074579087,0.4844817113813112,-41.343203309738165
0.9790000000000001,-40.02779954829569,3.8854456703999674,-353.8192895999986,7.313474626589726,0.023843717698288684,-6.232276004718864,104.91021189598624,0.21875883846244834,-19.845796255156333,112.81719921005502,0.44387884359386887,-39.854829225205776
0.9800000000000001,-40.024088575999976,3.5389439999999683,-339.14879999999863,7.325220989859144,0.019862169430072865,-6.139220074616732,104.92218498521709,0.19931532222036605,-19.03877950873966,112.84150437828661,0.40478723542941514,-38.320908341144246
0.9810000000000001,-40.02071673484029,3.2072187263999696,-324.26634239999856,7.335935940778277,0.016374352952473793,-6.042878330257778,104.93306730271449,0.18068616495786316,-18.217106114791843,112.86361413120926,0.3672517578654196,-36.74279496479053
0.9820000000000001,-40.017669142282266,2.8904822783999706,-309.1709951999986,7.345655152867821,0.01334510680553272,-5.943350400781221,104.9429059261073,0.162885940450244,-17.38094120702578,112.88361888153716,0.3313159212162138,-35.12185448246718
0.9830000000000001,-40.014930702901744,2.5889480063999715,-293.8618367999985,7.354416649266829,0.010738796875222527,-5.840737151715805,104.95174876334696,0.1459290593040473,-16.53044585666448,112.9016114957921,0.29702186894520516,-33.45945358588537
0.9840000000000001,-40.01248610746369,2.302830182399973,-278.3379455999985,7.362260684657091,0.008519616099724398,-5.7351400579761105,104.95964454348092,0.12982977341666616,-15.665776278859576,112.91768721604045,0.2644103812145446,-31.756950580161703
0.9850000000000001,-40.01031983200005,2.032343999999974,-262.59839999999843,7.369229624680912,0.006651879805209765,-5.626660583034764,104.96664280770779,0.11460218122735205,-14.78708304366024,112.93194358211741,0.23352088806355167,-30.015685826915814
0.9860000000000001,-40.008416136888364,1.7777055743999757,-246.64227839999845,7.375367824119353,0.005100314593313292,-5.51539956780844,104.97279390075317,0.10026023375468239,-13.894510292190587,112.94448035487332,0.2043914920564993,-28.236972369610356
0.9870000000000001,-40.006759065930225,1.5391319423999772,-230.46865919999834,7.380721505087221,0.0038303389717143504,-5.401456632378546,104.97814896261465,0.086817741415039,-12.98819495852089,112.95539944098496,0.1770590001967804,-26.42208678165305
0.9880000000000001,-40.00533244542977,1.3168410623999784,-214.07662079999835,7.3853386364673845,0.0028083342082535516,-5.284929593208406,104.98275992071946,0.07428838161623647,-12.068265997533196,112.96480481985523,0.15155896486735929,-24.572260270702365
0.9890000000000001,-40.00411988327166,1.11105181439998,-197.46524159999828,7.389268815769279,0.0020019041921761297,-5.165913898040406,104.98667948254078,0.06268570712023507,-11.134843618894488,112.9728024731141,0.12792573352765751,-22.68867006527396
0.9900000000000001,-40.003104768000036,0.9219839999999816,-180.63359999999827,7.392563154542993,0.0013801233979818827,-5.044502080156402,104.98996112871227,0.052023155168846064,-10.188038527056609,112.97950031720453,0.10619250687458037,-20.772431102201228
0.991,-40.002270267896314,0.7498583424000013,-163.58077440000017,7.395274168438287,0.0009137723630374117,-4.9207832331890335,104.99265910669045,0.042314057366537414,-9.227951167008586,112.98500813954307,0.08639140516082426,-18.824588025921404
0.992,-40.00159933005825,0.594896486400001,-146.30584320000014,7.397455672926585,0.0005755604051243818,-4.794842507155271,104.99482842500139,0.033571650314791174,-8.254670975301922,112.98943753869892,0.06855354235622528,-16.846107502910524
0.993,-40.00107467947773,0.45732099840000073,-128.8078848000001,7.399162685658778,0.00034033561676710894,-4.666760625892172,104.99652484812152,0.025809086993088138,-7.268275635671465,112.99290186904699,0.052709107838592575,-14.83787084708777
0.994,-40.00067881811963,0.3373553664000006,-111.08597760000009,7.400451336356149,0.00018528247644270752,-4.5366134255696196,104.99780489202917,0.019039448882323083,-6.268830338359507,112.99551619030314,0.03888745530814333,-12.800666944552917
0.995,-40.00039402400001,0.2352240000000004,-93.13920000000009,7.401378785084127,9.01077104366258e-05,-4.404471413481439,104.99872582047323,0.013275758827499396,-5.256387042046051,112.99739722235819,0.027117198635120528,-10.735185458803699
0.996,-40.00020235026434,0.15115223040000025,-74.96663040000007,7.402003149693351,3.721532172250421e-05,-4.270399345842102,104.99934564200042,0.008530994637728226,-4.230983737069546,112.99866330579529,0.017426314372463655,-8.64201029049767
0.997,-40.00008562426621,0.08536631040000014,-56.56734720000005,7.402383443159824,1.18719732523576e-05,-4.1344558228636386,104.99972310778108,0.0048181034229907585,-3.1926437084045083,112.99943436846318,0.009842250694824207,-6.521613258965889
0.998,-40.00002544664577,0.03809341440000007,-37.94042880000003,7.402579521511046,2.36417268575309e-06,-3.9966928989512205,104.99991771027851,0.00215001666876735,-2.1413747966398415,112.99983189847202,0.0043920425613663185,-4.374347966013549
0.999,-40.00000319040768,0.009561638400000018,-19.08495360000002,7.402652042981901,1.4895494900822564e-07,-3.8571557054300776,104.99998968280455,0.0005396660515054531,-1.0771686549728574,112.9999789239648,0.0011024329425144224,-2.2004437960254855
1.0,-40.0,0.0,-0.0,7.402662439005733,0.0,-3.715882082800836,105.00000000000006,0.0,0.0,112.99999999999989,0.0,0.0
