kind,slider_z_mm,q_deg,dq_dx_rad_mm,d2q_dx2_rad_mm2,dx_dq_mm_rad,rod_angle_to_Z_deg,acute_transmission_angle_deg
upper,-80.0,6.361109362927034e-14,0.1539439533661883,-0.10035137862347894,6.495870595328212,31.224175797671357,17.592973829936206
upper,-79.96,0.34832923372643154,0.15007946079581158,-0.09302662926867433,6.663136945571356,31.324422442204746,18.04154970819596
upper,-79.92,0.6881239666255056,0.14649056266282204,-0.08654747314743218,6.826378312858995,31.422454855303982,18.47937685419427
upper,-79.88,1.0199791584160305,0.1431461398463836,-0.08078336863659474,6.98586773679782,31.518424965176926,18.907202155857746
upper,-79.84,1.3444240289293763,0.1400197774175427,-0.07562858294987254,7.141848233467572,31.612467972025375,19.325690033219534
upper,-79.8,1.6619317929942772,0.13708888833520638,-0.07099666403431487,7.294537231601328,31.7047048211678,19.73543464642686
upper,-79.76,1.9729276171735202,0.1343340287187027,-0.06681631140348084,7.444130199459838,31.795244224837404,20.13696987427571
upper,-79.72,2.2777951798701324,0.13173835709167922,-0.06302825277230133,7.5908036359075055,31.884184329435033,20.53077754156995
upper,-79.68,2.5768821231963597,0.1292872031392914,-0.05958285403869927,7.7347175568692625,31.971614101403226,20.917294256864377
upper,-79.64,2.8705046171623696,0.12696772069879825,-0.05643827087946481,7.876017577509092,32.05761448768461,21.29691713711176
upper,-79.6,3.158951206672323,0.1247686062061987,-0.05355900512229765,8.014836667705906,32.142259394029054,21.670008632966155
upper,-79.56,3.442486074421797,0.1226798684912634,-0.050914766958023806,8.151296641398133,32.22561651492917,22.036900621615757
upper,-79.52,3.7213518245518764,0.12069263920910936,-0.04847957059662079,8.285509427525422,32.30774804180012,22.397897898616787
upper,-79.48,3.995771870369553,0.11879901569469851,-0.04623100979736311,8.417578160495026,32.3887112705532,22.75328117318754
upper,-79.44,4.265952492856425,0.11699192988440854,-0.04414967322088151,8.547598120554378,32.46855912550431,23.103309650625516
upper,-79.4,4.532084623788851,0.11526503834437996,-0.042218669366385235,8.675657548581881,32.547340613284355,23.448223269337998
upper,-79.36,4.79434539719861,0.11361262950341912,-0.040423238059702535,8.801838355214773,32.62510121785783,23.78824464732123
upper,-79.32,5.052899504922512,0.11202954499766696,-0.03875043079519407,8.926216740600216,32.70188324572913,24.123580782916427
upper,-79.28,5.307900385650555,0.11051111265845798,-0.03718884622642801,9.048863738170542,32.777726128808084,24.45442454672342
upper,-79.24,5.559491271802667,0.10905308915999486,-0.03572841011207744,9.169845693530716,32.85266669111564,24.780955995183096
upper,-79.2,5.807806114469737,0.1076516107233422,-0.03436019131412604,9.289224687681974,32.92673938447204,25.103343531206562
upper,-79.16,6.052970403339669,0.10630315057269667,-0.033076247201186314,9.407058912295719,32.9999764974671,25.421744933071555
upper,-79.12,6.295101895818666,0.10500448207753828,-0.031869493165342586,9.523403003517238,33.072408341324646,25.73630826940809
upper,-79.08,6.534311267344665,0.10375264670395466,-0.030733592014767715,9.63830833977061,33.14406341571051,26.04717271531996
upper,-79.04,6.770702693055919,0.10254492605081211,-0.02966285982906046,9.75182330820044,33.2149685570679,26.354469282388603
upper,-79.0,7.004374369468526,0.10137881736944555,-0.028652185513553734,9.863993543698497,33.285149071680344,26.658321473413665
upper,-78.96,7.23541898355307,0.10025201206543004,-0.02769696180315492,9.97486214388739,33.35462885534171,26.958845871159557
upper,-78.92,7.463924135550954,0.09916237676245944,-0.026793025875892083,10.084469862954885,33.423430501245534,27.25615266906128
upper,-78.88,7.689972720985294,0.09810793657516084,-0.025936608064358824,10.192855286828873,33.49157539748165,27.550346150731723
upper,-78.84,7.913643276577035,0.09708686029267675,-0.025124287417247093,10.300054991843524,33.559083815337885,27.841525124179704
upper,-78.8,8.135010294150309,0.09609744722032691,-0.02435295307665963,10.406103688761423,33.625974989446476,28.12978331586156
upper,-78.76,8.354144506070856,0.09513811546446989,-0.023619770610402144,10.511034353770212,33.69226719067644,28.415209729012084
upper,-78.72,8.571113145313094,0.09420739147716028,-0.022922152580027097,10.614878347867649,33.75797779256018,28.69788897013806
upper,-78.68,8.785980182855134,0.09330390070359901,-0.022257732741484283,10.717665525868277,33.8231233319409,28.977901547060817
upper,-78.64,8.998806544773878,0.09242635919749995,-0.02162434337073061,10.819424336115677,33.88771956444506,29.255324141483715
upper,-78.6,9.209650311119036,0.09157356608820161,-0.0210199952855944,10.920181911850221,33.95178151530878,29.530229858692607
upper,-78.56,9.418566898403167,0.09074439679912437,-0.020442860200625693,11.019964155072211,34.01532352602634,29.8026884566943
upper,-78.52,9.625609227325633,0.08993779693060416,-0.019891255106164317,11.118795813639933,34.07835929723233,30.072766556822746
upper,-78.48,9.830827877165136,0.08915277673153466,-0.01936362840835776,11.216700552258684,34.140901928183204,30.340527837613127
upper,-78.44,10.034271228113814,0.08838840609399644,-0.01885854760500285,11.313701017942924,34.20296395316232,30.60603321354092
upper,-78.4,10.235985592682741,0.0876438100134046,-0.01837468830415925,11.409818900468338,34.2645573750963,30.869341000043825
upper,-78.36,10.436015337188685,0.08691816446385955,-0.017910824419522152,11.505074988275881,34.32569369664011,31.13050706609358
upper,-78.32,10.634402994219743,0.08621069264457223,-0.017465819399433733,11.599489220238382,34.38638394895935,31.389584975443878
upper,-78.28,10.831189366887015,0.0855206615585435,-0.017038618365813916,11.69308073365927,34.44663871841579,31.64662611756759
upper,-78.24,11.026413625582896,0.08484737888929965,-0.016628241055816388,11.785867908833103,34.50646817133953,31.901679829187206
upper,-78.2,11.22011339789275,0.0841901901454833,-0.01623377547310447,11.877868410464075,34.56588207705276,32.15479350721029
upper,-78.16,11.412324852245002,0.08354847604656519,-0.015854372167687085,11.969099226210382,34.62488982929434,32.406012713804124
upper,-78.12,11.603082775821612,0.08292165012599069,-0.015489239073600653,12.05957670259342,34.68350046617814,32.655381274264535
upper,-78.08,11.792420647205786,0.08230915653070117,-0.01513763684259407,12.14931657849029,34.741722688806846,32.902941368277425
upper,-78.04,11.98037070419186,0.08171046799830746,-0.014798874619641151,12.238334016404286,34.79956487864964,33.14873361510628
upper,-78.0,12.16696400714827,0.08112508399520421,-0.014472306212703663,12.32664363169246,34.85703511378333,33.39279715319638
upper,-77.96,12.352230498281914,0.08055252900071977,-0.014157326614902094,12.414259519909853,34.91414118408589,33.635169714632596
upper,-77.92,12.536199057125515,0.07999235092395007,-0.0138533688422045,12.501195282417878,34.970890605464476,33.87588769485477
upper,-77.88,12.718897552537435,0.0794441196413232,-0.013559901054064826,12.587464050389524,35.027290633191704,34.11498621799392
upper,-77.84,12.90035289147601,0.078907425644171,-0.013276423928202316,12.673078507331475,35.08334827441712,34.352499198157915
upper,-77.8,13.080591064793772,0.07838187878664922,-0.013002468263982925,12.758050910235772,35.139070299916476,34.588459396975026
upper,-77.76,13.259637190266167,0.07786710712533976,-0.012737592791747954,12.842393109459397,35.1944632551336,34.82289847766455
upper,-77.72,13.437515553060267,0.07736275584269528,-0.012481382167932454,12.926116567426051,35.249533470567314,35.05584705589238
upper,-77.68,13.614249643824087,0.0768684862472696,-0.012233445138033578,13.00923237623299,35.30428707154952,35.2873347476384
upper,-77.64,13.789862194567643,0.07638397484433838,-0.011993412851419177,13.09175127424153,35.358729987458176,35.517390214290614
upper,-77.6,13.964375212487965,0.07590891247113528,-0.011760937313682558,13.173683661720943,35.41286796040398,35.74604120515673
upper,-77.56,14.13781001188197,0.07544300349145588,-0.011535689963749308,13.25503961561197,35.466706553427606,35.973314597574365
upper,-77.52,14.310187244276804,0.07498596504487633,-0.01131736036427825,13.335828903469297,35.520251158240505,36.19923643478211
upper,-77.48,14.481526926897683,0.07453752634626316,-0.011105654995075216,13.416060996638288,35.57350700254004,36.423831961702504
upper,-77.44,14.651848469584584,0.07409742803164157,-0.010900296140282678,13.495745082716953,35.626479156927296,36.64712565877666
upper,-77.4,14.821170700258707,0.07366542154684176,-0.010701020861037334,13.574890077349632,35.67917254145346,36.869141273976965
upper,-77.36,14.989511889034926,0.07324126857565298,-0.010507580046109027,13.653504635396526,35.73159193181931,37.089901853119024
upper,-77.32,15.156889771064645,0.07282474050450916,-0.010319737533773616,13.73159716151796,35.783741965249384,37.309429768578816
upper,-77.28,15.323321568192,0.07241561792097558,-0.010137269298821599,13.809175820211355,35.83562714606204,37.52774674651882
upper,-77.24,15.488824009496904,0.07201369014354517,-0.009959962699192176,13.886248545334867,35.88725185095428,37.744873892715965
upper,-77.2,15.653413350793633,0.0716187547804624,-0.009787615777244822,13.962823049149133,35.938620334018715,37.96083171707713
upper,-77.16,15.81710539315017,0.07123061731547792,-0.00962003661114592,14.038906830907205,35.9897367315096,38.17564015692456
upper,-77.12,15.97991550048667,0.07084909071861589,-0.009457042712270266,14.114507185019466,36.040605066372606,38.38931859912407
upper,-77.08,16.14185861630933,0.07047399508018623,-0.009298460464890862,14.189631208819465,36.09122925255298,38.60188590112709
upper,-77.04,16.302949279629964,0.07010515726642202,-0.009144124604771124,14.264285809953753,36.14161309909472,38.81336041098946
upper,-77.0,16.4632016401204,0.0697424105952454,-0.008993877733575023,14.33847771341838,36.19176031404358,39.02375998642877
upper,-76.96,16.62262947254479,0.06938559453078946,-0.00884756986628769,14.412213468261854,36.24167450816469,39.233102012974264
upper,-76.92,16.78124619051257,0.06903455439540536,-0.008705058009083255,14.48549945397425,36.29135919848591,39.44140342126326
upper,-76.88,16.939064859590477,0.06868914109798445,-0.008566205765301349,14.558341886580134,36.34081781167667,39.64868070353193
upper,-76.84,17.096098209808734,0.06834921087751733,-0.008430882967395813,14.630746824451462,36.39005368727127,39.854949929344784
upper,-76.8,17.252358647597045,0.06801462506088557,-0.00829896533289867,14.702720173856967,36.439070080745864,40.06022676060769
upper,-76.76,17.407858267180117,0.06768524983396704,-0.008170334142611367,14.774267694261534,36.48787016645657,40.26452646590147
upper,-76.72,17.562608861463612,0.06736095602519485,-0.00804487593938149,14.845395003389985,36.53645704044679,40.46786393417519
upper,-76.68,17.71662193243682,0.06704161890078057,-0.007922482245961846,14.916107582067308,36.58483372313039,40.670253687831995
upper,-76.64,17.869908701119808,0.06672711797086232,-0.0078030493005692885,14.986410778848102,36.63300316185783,40.87170989524242
upper,-76.6,18.022480117076874,0.06641733680590037,-0.007686477808876359,15.056309814445349,36.680968233370905,41.072246382712564
upper,-76.56,18.17434686752135,0.06611216286268208,-0.007572672711267205,15.125809785970015,36.728731746152434,41.27187664593858
upper,-76.52,18.32551938603159,0.06581148731935027,-0.00746154296428513,15.194915670990683,36.77629644267613,41.4706138609725
upper,-76.48,18.47600786089853,0.06551520491890683,-0.00735300133528262,15.263632331422551,36.823665001561544,41.66847089472485
upper,-76.44,18.625822243124635,0.06522321382067992,-0.00724696420936148,15.331964517254995,36.87084003963969,41.865460315029104
upper,-76.4,18.774972254089878,0.06493541545928432,-0.00714335140776372,15.399916870124875,36.9178241139328,42.06159440028746
upper,-76.36,18.923467392903905,0.06465171441062773,-0.0070420860169350535,15.467493926744433,36.96461972355352,42.2568851487222
upper,-76.32,19.071316943457628,0.06437201826455531,-0.0069430942275455565,15.534700122189932,37.01122931152673,42.45134428724914
upper,-76.28,19.218529981191054,0.0640962375037437,-0.006846305182803004,15.60153979305872,37.05765526653847,42.64498327999432
upper,-76.24,19.36511537959008,0.06382428538848758,-0.006751650835446229,15.66801718050065,37.103899924615,42.837813336469864
upper,-76.2,19.511081816425353,0.06355607784704298,-0.0066590658128504844,15.734136433129915,37.14996557073557,43.02984541942571
upper,-76.16,19.65643777974656,0.06329153337121177,-0.006568487289718041,15.799901609823397,37.19585444038228,43.22109025239362
upper,-76.12,19.801191573642303,0.0630305729168764,-0.006479854867866965,15.865316682410333,37.24156872102952,43.41155832693661
upper,-76.08,19.945351323778286,0.06277311980920736,-0.006393110462664535,15.930385538259056,37.287110553576426,43.601259909619486
upper,-76.04,20.0889249827226,0.0625190996522887,-0.006308198195686044,15.995111982764964,37.33248203372443,43.79020504871182
upper,-76.0,20.231920335069308,0.06226844024291823,-0.006225064293207813,16.05949974174485,37.37768521330298,43.978403580637085
upper,-75.96,20.37434500236858,0.06202107148835814,-0.006143656990172274,16.123552463741426,37.422722101545375,44.165865136178745
upper,-75.92,20.516206447872932,0.06177692532782297,-0.0060639264392872,16.187273722242406,37.467594666317154,44.35259914645488
upper,-75.88,20.65751198110777,0.061535935657505605,-0.005985824624945041,16.25066701781805,37.51230483529947,44.53861484867202
upper,-75.84,20.798268762273377,0.06129803825895641,-0.005909305281670391,16.31373578018033,37.5568544971287,44.723921291666855
upper,-75.8,20.93848380648712,0.06106317073063697,-0.005834323816822255,16.376483370167907,37.60124550249518,44.90852734124708
upper,-75.76,21.078163987871683,0.06083127242248613,-0.005760837237297784,16.4389130816595,37.64547966520207,45.09244168533853
upper,-75.72,21.217316043497252,0.06060228437334068,-0.005688804079999744,16.501028143419397,37.689558763186646,45.27567283894869
upper,-75.68,21.35594657718276,0.06037614925106689,-0.00561818434584721,16.562831720877416,37.73348453950525,45.458229148952796
upper,-75.64,21.49406206316347,0.0601528112952634,-0.005548939437122169,16.624326917846695,37.77725870328375,45.640118798711995
upper,-75.6,21.631668849629545,0.059932216262407294,-0.0054810320979595106,16.685516778181515,37.82088293063477,45.8213498125291
upper,-75.56,21.768773162142008,0.0597143113733205,-0.005414426357799501,16.746404287378013,37.86435886554323,46.00193005995002
upper,-75.52,21.905381106930825,0.05949904526284128,-0.005349087477633998,16.8069923741201,37.90768812072159,46.1818672599172
upper,-75.48,22.041498674079556,0.05928636793159375,-0.005284981898888706,16.86728391177256,37.95087227843569,46.36116898478003
upper,-75.44,22.17713174060256,0.05907623069975054,-0.005222077194792829,16.927281719824123,37.99391289130299,46.539842664170344
upper,-75.4,22.312286073417653,0.05886858616269442,-0.005160342024098245,16.98698856528186,38.036811483063744,46.717895588746174
upper,-75.36,22.44696733221995,0.058663388148485304,-0.0050997460870175464,17.04640716401956,38.07956954932668,46.895334913811425
upper,-75.32,22.581181072259565,0.05846059167704834,-0.005040260083259733,17.105540182081334,38.122188558289935,47.07216766281428
upper,-75.28,22.714932747028044,0.05826015292099998,-0.004981855672048753,17.164390236942687,38.164669951438306,47.248400730731134
upper,-75.24,22.84822771085698,0.05806202916803532,-0.004924505434017712,17.222959898730622,38.20701514421793,47.42404088733969
upper,-75.2,22.98107122143152,0.05786617878480456,-0.004868182834878211,17.281251691404172,38.249225526688896,47.599094780385215
upper,-75.16,23.113468442223493,0.05767256118220785,-0.004812862190769637,17.33926809389736,38.29130246415723,47.773568938645504
upper,-75.12,23.245424444845867,0.057481136782045,-0.00475851863519994,17.397011541225528,38.33324729778633,47.94746977489698
upper,-75.08,23.376944211332894,0.05729186698495611,-0.004705128087493656,17.454484425557006,38.37506134518944,48.12080358878713
upper,-75.04,23.508032636347497,0.05710471413959678,-0.004652667222669048,17.51168909725079,38.416745901003154,48.293576569615446
upper,-75.0,23.63869452932027,0.056919641512989116,-0.004601113442669414,17.56862786586242,38.45830223744337,48.46579479902843
upper,-74.96,23.7689346165209,0.05673661326199945,-0.004550444848879775,17.625303001118173,38.499731604843646,48.63746425362933
upper,-74.92,23.898757543065905,0.0565555944058897,-0.004500640215862377,17.681716733859666,38.541035232177194,48.80859080750788
upper,-74.88,24.028167874865048,0.05637655079989575,-0.004451678966249269,17.737871256959714,38.582214327562944,48.979180234692784
upper,-74.84,24.157170100507454,0.05619944910978891,-0.004403541146733908,17.793768726210136,38.6232700787561,49.149238211528356
upper,-74.8,24.285768633091177,0.056024256787375916,-0.004356207405106194,17.849411261183075,38.664203653624014,49.31877031897997
upper,-74.76,24.413967811997463,0.05585094204689774,-0.004309658968279218,17.9048009460665,38.705016200607695,49.487782044869945
upper,-74.72,24.54177190461179,0.05567947384228848,-0.004263877621258632,17.95993983047486,38.74570884916971,49.65627878604628
upper,-74.68,24.66918510799388,0.05550982184525727,-0.004218845687008258,18.01482993023584,38.78628271022867,49.82426585048733
upper,-74.64,24.796211550498548,0.05534195642415798,-0.004174546007168059,18.06947322815422,38.826738876581224,49.99174845934456
upper,-74.6,24.922855293348494,0.055175848623614764,-0.004130961923583456,18.123871674753165,38.86707842331139,50.15873174892468
upper,-74.56,25.0491203321617,0.05501147014487009,-0.004088077260606454,18.17802718899436,38.90730240818833,50.32522077261481
upper,-74.52,25.17501059843462,0.05484879332682586,-0.0040458763081317765,18.231941658977437,38.947411872052506,50.49122050275191
upper,-74.48,25.300529960982026,0.05468779112774993,-0.0040043438053332945,18.285616942619125,38.98740783919072,50.656735832437526
upper,-74.44,25.42568222733672,0.05452843710761821,-0.003963464925066957,18.339054868313642,39.02729131770081,50.8217715773023
upper,-74.4,25.55047114510836,0.054370705411069475,-0.003923225258909736,18.392257235573908,39.06706329984553,50.986332477218674
upper,-74.36,25.67490040330487,0.05421457075094499,-0.0038836108028040806,18.445225815655277,39.106724762397015,51.15042319796668
upper,-74.32,25.798973633616054,0.054060008392391695,-0.0038446079432803825,18.49796235216157,39.146276666971275,51.314048332852124
upper,-74.28,25.922694411661745,0.05390699413750494,-0.003806203444230408,18.55046856163449,39.18571996035352,51.477212404280046
upper,-74.24,26.04606625820548,0.053755504310489526,-0.0037683844342065328,18.602746134126882,39.225055574814604,51.63991986528485
upper,-74.2,26.169092640334267,0.05360551574331931,-0.003731138394222968,18.654796733760126,39.264284428418655,51.8021751010177
upper,-74.16,26.29177697260667,0.05345700576187416,-0.0036944531460359085,18.706621999266662,39.303407425322476,51.96398243019393
upper,-74.12,26.414122618168932,0.0533099521725376,-0.0036583168408814487,18.758223544517563,39.342425456066664,52.12534610650038
upper,-74.08,26.53613288984166,0.05316433324923498,-0.003622717948650328,18.80960295903626,39.38133939785911,52.286270319965546
upper,-74.04,26.657811051176502,0.053020127720897314,-0.0035876452474805057,18.86076180849826,39.4201501148507,52.44675919829199
upper,-74.0,26.779160317485474,0.05287731475933229,-0.003553087813748636,18.911701635217973,39.458858458403924,52.60681680815419
upper,-73.96,26.900183856841867,0.05273587396748916,-0.0035190350124434063,18.962423958622253,39.4974652673541,52.76644715646075
upper,-73.92,27.02088479105566,0.05259578536810016,-0.0034854764879035075,19.012930275711966,39.53597136826403,52.925654191584464
upper,-73.88,27.14126619662292,0.052457029392686004,-0.003452402154904764,19.06322206151133,39.57437757567184,53.08444180455956
upper,-73.84,27.261331105650044,0.05231958687091146,-0.0034198021900813153,19.113300769505464,39.61268469233231,53.24281383024713
upper,-73.8,27.38108250675487,0.052183439020276584,-0.0033876670236661155,19.163167832067113,39.65089350945227,53.40077404847192
upper,-73.76,27.500523345943666,0.052048567436133425,-0.003355987331537701,19.21282466087193,39.689004806919584,53.558326185128024
upper,-73.72,27.619656527466063,0.05191495408201404,-0.00332475402755967,19.262272647303572,39.727019353526565,53.71547391325741
upper,-73.68,27.738484914648105,0.05178258128025976,-0.003293958256200847,19.311513162848332,39.76493790718759,53.872220854100476
upper,-73.64,27.857011330704175,0.05165143170293982,-0.0032635913854241394,19.36054755948001,39.80276121515131,54.028570578120274
upper,-73.6,27.975238559528144,0.05152148836304996,-0.0032336449998331004,19.409377170034887,39.840490014207376,54.18452660600029
upper,-73.56,28.093169346465054,0.051392734605979394,-0.003204110894065168,19.45800330857765,39.8781250308882,54.34009240961803
upper,-73.52,28.21080639906353,0.05126515410123754,-0.003174981066421617,19.50642727075817,39.915666981665666,54.495271412993965
upper,-73.48,28.328152387808977,0.05113873083443149,-0.003146247712724541,19.554650334159334,39.9531165731428,54.65006699321656
upper,-73.44,28.445209946839434,0.05101344909948401,-0.0031179032203913176,19.60267375863662,39.990474502241,54.804482481345204
upper,-73.4,28.56198167464328,0.05088929349108488,-0.0030899401627180034,19.65049878664923,40.02774145638252,54.9585211632906
upper,-73.36,28.67847013474018,0.050766248897366764,-0.0030623512933630422,19.69812664358327,40.06491811366865,55.11218628067361
upper,-73.32,28.794677856345402,0.05064430049279777,-0.003035129541023293,19.745558538067122,40.10200514305339,55.26548103166359
upper,-73.28,28.91060733501803,0.050523433731283394,-0.003008268004294687,19.792795662279268,40.139003204513216,55.41840857179603
upper,-73.24,29.02626103329392,0.05040363433947012,-0.0029817599467100797,19.839839192248863,40.17591294921263,55.57097201477132
upper,-73.2,29.141641381302943,0.050284888310244726,-0.0029555987919474935,19.88669028814898,40.21273501966574,55.723174433233474
upper,-73.16,29.25675077737222,0.05016718189642123,-0.0029297781192017675,19.933350094583187,40.249470049894185,55.8750188595312
upper,-73.12,29.371591588614503,0.050050501604610366,-0.0029042916587134534,19.97981974086521,40.286118665581185,56.0265082864605
upper,-73.08,29.486166151503244,0.049934834189264504,-0.0028791332874486685,20.026100341292214,40.32268148422208,56.177645667990106
upper,-73.04,29.600476772433595,0.049820166646892844,-0.0028542970249241925,20.072192995411577,40.35915911527127,56.32843391996964
upper,-73.0,29.714525728271134,0.049706486210440125,-0.002829777029172007,20.11809878828177,40.39555216028599,56.47887592082191
upper,-72.96,29.828315266887067,0.04959378034382495,-0.002805567592838219,20.1638187907269,40.431861213066405,56.62897451221824
upper,-72.92,29.941847607681595,0.04948203673663082,-0.002781663139410945,20.209354059585724,40.468086859792834,56.77873249973921
upper,-72.88,30.055124942095226,0.04937124329894584,-0.0027580582195724304,20.25470563795487,40.504229679159636,56.92815265351967
upper,-72.84,30.16814943410831,0.04926138815634599,-0.002734747507670678,20.299874555426577,40.54029024250618,57.077237708879274
upper,-72.8,30.280923220729296,0.049152459645017,-0.002711725798306057,20.344861828321108,40.57626911394478,57.22599036693886
upper,-72.76,30.393448412471813,0.04904444630701091,-0.0026889880030286574,20.389668459913878,40.612166850485785,57.374413295222396
upper,-72.72,30.505727093821527,0.04893733688563201,-0.002666529147142134,20.4342954406577,40.64798400215992,57.522509128246234
upper,-72.68,30.617761323691695,0.048831120320949335,-0.0026443443666103383,20.478743748399808,40.683721112137775,57.67028046809427
upper,-72.64,30.72955313586967,0.04872578574542997,-0.002622428905062597,20.523014348594486,40.71937871684686,57.81772988498132
upper,-72.6,30.84110453945246,0.04862132247969119,-0.002600778110894425,20.567108194510617,40.75495734608587,57.964859917803096
upper,-72.56,30.952417519273336,0.048517720028366074,-0.0025793874344598486,20.61102622743497,40.790457523136524,58.11167307467464
upper,-72.52,31.0634940363192,0.04841496807607964,-0.0025582524253521446,20.654769376871066,40.82587976487311,58.2581718334571
upper,-72.48,31.174336028138104,0.048313056483532686,-0.002537368729769926,20.698338560733497,40.86122458186938,58.40435864227228
upper,-72.44,31.28494540923888,0.04821197528368839,-0.0025167320879652014,20.74173468553841,40.89649247850338,58.55023592000704
upper,-72.4,31.395324071481227,0.04811171467806032,-0.0024963383317708207,20.784958646589565,40.93168395305984,58.69580605680586
upper,-72.36,31.505473884458315,0.04801226503309696,-0.0024761833822041467,20.828011328160756,40.96679949783059,58.8410714145537
upper,-72.32,31.615396695870206,0.04791361687666144,-0.0024562632471445754,20.870893603674006,41.00183959921259,58.986034327347596
upper,-72.28,31.72509433189016,0.047815760894602086,-0.002436574019081997,20.913606335874285,41.036804737804005,59.13069710195894
upper,-72.24,31.834568597523024,0.04771868792741172,-0.0024171118729338567,20.956150377000537,41.07169538849842,59.275062018286235
upper,-72.2,31.943821276955404,0.04762238896697358,-0.0023978730639285283,20.998526568952812,41.106512020576666,59.41913132979686
upper,-72.16,32.05285413389951,0.0475268551533896,-0.0023788539255523546,21.04073574345641,41.14125509779721,59.56290726396153
upper,-72.12,32.16166891192884,0.047432077771890645,-0.002360050867558576,21.082778722222102,41.17592507848425,59.706392022677875
upper,-72.08,32.270267334807734,0.047338048249824176,-0.0023414603740355925,21.12465631710353,41.21052241561426,59.84958778268679
upper,-72.04,32.37865110681329,0.04724475815371895,-0.0023230790015328962,21.166369330250944,41.24504755690061,59.99249669597869
upper,-72.0,32.48682191305156,0.04715219918642266,-0.0023049033772423754,21.207918554262196,41.27950094487659,60.13512089019294
upper,-71.96,32.594781419766115,0.04706036318431227,-0.0022869301972334244,21.24930477233022,41.31388301697649,60.27746246900738
upper,-71.92,32.70253127464148,0.04696924211457291,-0.0022691562247397247,21.29052875838793,41.34819420561531,60.419523512521586
upper,-71.88,32.81007310709974,0.04687882807254483,-0.0022515782884961655,21.331591277250006,41.38243493826675,60.56130607763127
upper,-71.84,32.91740852859103,0.046789113279135965,-0.0022341932811242053,21.372493084751756,41.41660563753949,60.70281219839532
upper,-71.8,33.02453913287879,0.04670009007829775,-0.0022169981575639102,21.413234927885405,41.45070672125223,60.84404388639581
upper,-71.76,33.131466496318545,0.04661175093456324,-0.002199989933551324,21.45381754493343,41.48473860250688,60.98500313109021
upper,-71.72,33.23819217813182,0.04652408843064469,-0.0021831656841394477,21.494241665599525,41.51870168976067,61.12569190015729
upper,-71.68,33.34471772067403,0.04643709526509007,-0.0021665225422616086,21.534508011136694,41.5525963868965,61.266112139835315
upper,-71.64,33.45104464969759,0.04635076424999558,-0.002150057697335629,21.574617294473097,41.58642309329214,61.40626577525453
upper,-71.6,33.5571744746093,0.04626508830877382,-0.0021337683939076316,21.61457022033518,41.620182203887936,61.546154710761996
upper,-71.56,33.66310868872314,0.04618006047397492,-0.00211765193033405,21.654367485368642,41.65387410925324,61.68578083024115
upper,-71.52,33.768848769507905,0.046095673885160005,-0.0021017056575007094,21.69400977825685,41.68749919565156,61.82514599742422
upper,-71.48,33.874396178830004,0.04601192178682499,-0.002085926977577715,21.733497779837116,41.721057845104426,61.96425205619923
upper,-71.44,33.979752363191814,0.04592879752637347,-0.0020703133428090228,21.772832163214698,41.75455043545406,62.10310083091066
upper,-71.4,34.08491875396495,0.04584629455213757,-0.0020548622543356252,21.81201359387452,41.787977340424746,62.24169412665446
upper,-71.36,34.18989676761965,0.04576440641144483,-0.0020395712610511616,21.85104272979095,41.82133892968319,62.380033729567636
upper,-71.32,34.29468780594926,0.045683126748730735,-0.0020244379584890854,21.889920221535277,41.85463556889755,62.518121407111614
upper,-71.28,34.39929325629076,0.045602449303694635,-0.002009459987740241,21.928646712381337,41.88786761979548,62.65595890835103
upper,-71.24,34.50371449174113,0.04552236790949871,-0.0019946350343999866,21.967222838409068,41.921035440221026,62.79354796422694
upper,-71.2,34.6079528713692,0.045442876491008394,-0.001979960827543934,22.005649228606075,41.95413938419041,62.930890287824425
upper,-71.16,34.7120097404243,0.045363969063073085,-0.001965435138731325,22.043926504967445,41.98717980194694,63.06798757463602
upper,-71.12,34.81588643054014,0.045285639728846375,-0.0019510557810353208,22.08205528259354,42.02015704001459,63.20484150281952
upper,-71.08,34.91958425993556,0.04520788267814442,-0.0019368206080992534,22.120036169786076,42.05307144125093,63.341453733451274
upper,-71.03999999999999,35.02310453361122,0.04513069218584156,-0.0019227275132181036,22.15786976814242,42.085923344898845,63.47782591077483
upper,-71.0,35.12644854354254,0.04505406261030238,-0.0019087744284444336,22.195556672648053,42.11871308663728,63.613959662444586
upper,-70.96,35.22961756886977,0.04497798839184852,-0.001894959323717927,22.233097471767604,42.15144099863136,63.74985659976592
upper,-70.92,35.33261287608359,0.04490246405126067,-0.0018812802060180244,22.270492747533844,42.18410740958115,63.885518317929524
upper,-70.88,35.435435719208094,0.04482748418831321,-0.0018677351185387087,22.30774307563541,42.21671264476992,64.02094639624278
upper,-70.84,35.53808733998008,0.04475304348034196,-0.0018543221398849656,22.34484902550272,42.249257026111245,64.15614239835614
upper,-70.8,35.640568968025335,0.044679136680843355,-0.0018410393832901488,22.381811160392463,42.28174087219548,64.29110787248561
upper,-70.76,35.742881821031396,0.04460575861810469,-0.001827884995853697,22.418630037470493,42.31416449833521,64.42584435163141
upper,-70.72,35.845027104917584,0.04453290419386437,-0.0018148571577985436,22.455306207893297,42.34652821661005,64.56035335379244
upper,-70.68,35.94700601400175,0.04446056838200151,-0.001801954081747665,22.491840216887987,42.37883233591049,64.694636382177
upper,-70.64,36.04881973116425,0.04438874622725405,-0.0017891740120191794,22.528232603830887,42.411077161981105,64.82869492541013
upper,-70.6,36.15046942800875,0.04431743284396478,-0.0017765152239394846,22.56448390232472,42.44326299746293,64.96253045773645
upper,-70.56,36.251956265020276,0.04424662341485455,-0.0017639760231738764,22.600594640274366,42.47539014193498,65.09614443922004
upper,-70.52,36.353281391720934,0.044176313189821584,-0.001751554745074087,22.636565339961514,42.507458891955345,65.22953831594106
upper,-70.48,36.45444594682205,0.04410649748476702,-0.0017392497540423956,22.672396518117726,42.539469541101155,65.36271352018801
upper,-70.44,36.5554510583744,0.04403717168044523,-0.0017270594429116693,22.708088685996415,42.571422380008265,65.49567147064745
upper,-70.4,36.656297843915475,0.043968331221338725,-0.0017149822323409625,22.74364234944354,42.60331769640989,65.62841357259016
upper,-70.36,36.75698741061424,0.04389997161455705,-0.0017030165702262231,22.77905800896701,42.6351557751748,65.76094121805383
upper,-70.32,36.85752085541344,0.043832088428758686,-0.0016911609311256277,22.81433615980501,42.666936898344815,65.89325578602306
upper,-70.28,36.95789926516945,0.043764677293096015,-0.0016794138156991858,22.849477291993022,42.69866134517154,66.02535864260578
upper,-70.24,37.058123716789744,0.04369773389618203,-0.0016677737501621403,22.884481890429846,42.73032939215263,66.15725114120714
upper,-70.2,37.15819527736801,0.043631253985078916,-0.0016562392857518435,22.91935043494238,42.761941313067354,66.28893462270015
upper,-70.16,37.25811500431694,0.04356523336430767,-0.0016448089982076738,22.954083400349344,42.79349737901155,66.42041041559327
upper,-70.12,37.357883945498784,0.04349966789487809,-0.001633481487263651,22.98868125652394,42.824997858431985,66.55167983619556
upper,-70.08,37.457503139353825,0.04343455349333901,-0.0016222553761533836,23.023144468455442,42.856443017160196,66.68274418877881
upper,-70.03999999999999,37.55697361502641,0.04336988613084802,-0.001611129311127017,23.057473496309747,42.8878331184457,66.8136047657369
upper,-70.0,37.65629639248921,0.04330566183226028,-0.0016001019609798303,23.091668795488918,42.91916842298861,66.9442628477426
upper,-69.96,37.755472482665255,0.0432418766752358,-0.0015891720165921584,23.12573081668979,42.9504491889719,67.07471970390196
upper,-69.92,37.854502887547866,0.04317852678936532,-0.0015783381904803644,23.159660005961474,42.981675672092855,67.2049765919055
upper,-69.88,37.953388600318746,0.0431156083553134,-0.0015675992163584958,23.193456804762068,43.01284812559425,67.3350347581778
upper,-69.84,38.05213060546399,0.04305311760397938,-0.0015569538487103956,23.22712165001427,43.04396680029479,67.46489543802356
upper,-69.8,38.15072987888846,0.042991050815674656,-0.001546400862371904,23.26065497416028,43.075031944619326,67.59455985577257
upper,-69.76,38.24918738802783,0.042929404319317105,-0.0015359390521229913,23.294057205215545,43.106043804628236,67.72402922492088
upper,-69.72,38.34750409195931,0.04286817449164112,-0.001525567232289414,23.327328766821886,43.13700262404666,67.85330474827073
upper,-69.68,38.44568094151014,0.04280735775642367,-0.00151528423635376,23.360470078299567,43.16790864429296,67.9823876180679
upper,-69.64,38.54371887936484,0.04274695058372557,-0.0015050889165755229,23.39348155469868,43.198762104507026,68.11127901613663
upper,-69.6,38.64161884017002,0.04268694948914798,-0.0014949801436200838,23.42636360684952,43.2295632415778,68.23998011401262
upper,-69.56,38.73938175063821,0.04262735103310339,-0.0014849568061962352,23.45911664141231,43.260312290170624,68.36849207307361
upper,-69.52,38.83700852964968,0.04256815182010093,-0.0014750178107020963,23.491741060926074,43.29100948275399,68.49681604466845
upper,-69.48,38.93450008835262,0.04250934849804585,-0.0014651620808791982,23.524237263856676,43.321655049625946,68.62495317024333
upper,-69.44,39.031857330261936,0.04245093775755244,-0.0014553885574744687,23.556605644644215,43.352249218940024,68.75290458146677
upper,-69.4,39.12908115135615,0.04239291633127061,-0.001445696197909985,23.588846593749494,43.382792216730806,68.88067140035174
upper,-69.36,39.22617244017324,0.04233528099322523,-0.001436083975960203,23.620960497699937,43.413284266938994,69.00825473937702
upper,-69.32,39.32313207790446,0.04227802855816843,-0.0014265508814365517,23.652947739134646,43.44372559143623,69.13565570160549
upper,-69.28,39.419960938487144,0.04222115588094429,-0.001417095919879126,23.68480869684884,43.4741164100494,69.2628753808013
upper,-69.24,39.51665988869589,0.042164659855865705,-0.0014077181122553477,23.716543745837566,43.50445694058464,69.38991486154532
upper,-69.2,39.61322978823199,0.042108537416103334,-0.0013984164946654162,23.74815325733863,43.534747398850826,69.51677521934762
upper,-69.16,39.70967148981232,0.042052785533085904,-0.0013891901180542818,23.77963759887509,43.56498799868295,69.64345752076007
upper,-69.12,39.80598583925583,0.041997401215912195,-0.0013800380479301298,23.810997134296844,43.59517895196486,69.76996282348549
upper,-69.08,39.90217367556963,0.04194238151077394,-0.001370959364089047,23.84223222382175,43.62532046865184,69.8962921764863
upper,-69.03999999999999,39.99823583103297,0.04188772350038987,-0.00136195316034585,23.873343224075963,43.65541275679271,70.02244662009046
upper,-69.0,40.09417313128065,0.04183342430345004,-0.0013530185442707982,23.904330488133844,43.68545602255172,70.14842718609717
upper,-68.96,40.1899863953847,0.041779481074070916,-0.0013441546369321357,23.93519436555706,43.71545047022998,70.27423489787948
upper,-68.92,40.28567643593479,0.041725891001260576,-0.0013353605726442836,23.965935202433165,43.745396302286615,70.3998707704862
upper,-68.88,40.381244059117975,0.04167265130839354,-0.0013266354987214824,23.996553341413726,43.77529371935967,70.52533581074243
upper,-68.84,40.47669006479648,0.04161975925269592,-0.0013179785752368734,24.02704912175159,43.80514292028654,70.6506310173478
upper,-68.8,40.57201524658494,0.041567212124739586,-0.0013093889747867432,24.057422879337853,43.834944102124275,70.775757380974
upper,-68.76,40.66722039192608,0.04151500724794604,-0.0013008658822599192,24.08767494673809,43.86469746016933,70.9007158843602
upper,-68.72,40.7623062821657,0.041463141978099013,-0.0012924084946120823,24.117805653228203,43.894403187977375,71.02550750240788
upper,-68.68,40.85727369262595,0.04141161370286649,-0.0012840160206449892,24.147815324829534,43.92406147738242,71.15013320227314
upper,-68.64,40.95212339267818,0.04136041984133099,-0.0012756876807903691,24.17770428434364,43.953672518515916,71.27459394345888
upper,-68.6,41.046856145814225,0.04130955784352871,-0.0012674227068984636,24.207472851386463,43.98323649982553,71.39889067790453
upper,-68.56,41.14147270971676,0.041259025189997016,-0.0012592203420310687,24.237121342421915,44.012753608093476,71.52302435007502
upper,-68.52,41.23597383632905,0.04120881939132977,-0.0012510798402589139,24.266650070795222,44.04222402845488,71.64699589704871
upper,-68.48,41.33036027192282,0.041158937987741326,-0.0012430004664634154,24.296059346765396,44.071647944415524,71.77080624860311
upper,-68.44,41.424632757166115,0.04110937854863767,-0.0012349814961424986,24.325349477537628,44.10102553786959,71.89445632730049
upper,-68.4,41.5187920271894,0.04106013867219582,-0.001227022215220589,24.35452076729486,44.130356989117026,72.01794704857122
upper,-68.36,41.61283881165119,0.04101121598495032,-0.001219121919862514,24.383573517229166,44.159642476880734,72.14127932079671
upper,-68.32,41.70677383480253,0.040962608141387385,-0.001211279916291321,24.41250802557248,44.188882178323325,72.26445404539066
upper,-68.28,41.80059781555053,0.040914312823546135,-0.0012034955206098772,24.44132458762698,44.21807626906392,72.38747211687922
upper,-68.24,41.89431146752125,0.04086632774062685,-0.0011957680586261444,24.470023495795047,44.24722492319445,72.5103344229805
upper,-68.2,41.9879154991212,0.04081865062860634,-0.0011880968656821098,24.49860503960865,44.276328313295835,72.63304184468183
upper,-68.16,42.08141061359867,0.040771279249859724,-0.0011804812864861707,24.52706950575853,44.30538661045394,72.75559525631739
upper,-68.12,42.17479750910333,0.04072421139278935,-0.0011729206749490388,24.555417178122703,44.33439998427519,72.8779955256433
upper,-68.08,42.26807687874598,0.04067744487145961,-0.0011654143940229159,24.583648337794855,44.363368602902234,73.00024351391303
upper,-68.03999999999999,42.36124941065652,0.04063097752523876,-0.0011579618155440324,24.611763263111985,44.39229263302895,73.12234007595026
upper,-68.0,42.45431578804171,0.04058480721844641,-0.0011505623200783203,24.63976222968197,44.42117223991565,73.24428606022218
upper,-67.96,42.5472766892421,0.04053893184000747,-0.0011432152967702424,24.667645510410562,44.45000758740385,73.36608230891073
upper,-67.92,42.640132787787664,0.04049334930311203,-0.0011359201431946878,24.69541337552799,44.47879883793087,73.48772965798332
upper,-67.88,42.73288475245341,0.04044805754488095,-0.001128676265211806,24.723066092615333,44.50754615254424,73.60922893726246
upper,-67.84,42.825533247313615,0.04040305452603737,-0.0011214830768248002,24.750603926630333,44.53624969091593,73.7305809704943
upper,-67.8,42.91807893179568,0.040358338230583754,-0.001114340000040533,24.778027139933005,44.56490961135629,73.85178657541677
upper,-67.76,43.01052246073292,0.04031390666548454,-0.0011072464647329397,24.805335992310752,44.59352607082791,73.97284656382558
upper,-67.72,43.10286448441712,0.04026975786035406,-0.0011002019085091187,24.83253074100326,44.622099224959186,74.09376174164107
upper,-67.68,43.19510564864982,0.040225889867149894,-0.0010932057765781187,24.859611640726953,44.650629228057795,74.2145329089724
upper,-67.64,43.28724659479337,0.04018230075987139,-0.0010862575216222848,24.886578943699107,44.67911623312384,74.33516086018204
upper,-67.6,43.37928795982099,0.040138988634263253,-0.001079356603671159,24.91343289966167,44.70756039186299,74.45564638394879
upper,-67.56,43.47123037636624,0.0400959516075241,-0.0010725024899778445,24.940173755904766,44.73596185469927,74.57599026333031
upper,-67.52,43.56307447277208,0.04005318781801995,-0.0010656946548977843,24.96680175728983,44.76432077078784,74.69619327582473
upper,-67.48,43.65482087313875,0.04001069542500263,-0.001058932579769936,24.99331714627238,44.79263728802737,74.8162561934309
upper,-67.44,43.7464701973716,0.039968472608332584,-0.0010522157528002085,25.019720162924642,44.82091155307256,74.93617978270896
upper,-67.4,43.838023061227766,0.039926517568206685,-0.0010455436689472098,25.046011044957645,44.849143711346144,75.05596480483868
upper,-67.36,43.92948007636276,0.03988482852489016,-0.0010389158298101547,25.072190027743233,44.87733390705104,75.17561201567857
upper,-67.32,44.02084185037576,0.03984340371845342,-0.0010323317435189851,25.09825734433555,44.905482283182046,75.2951221658226
upper,-67.28,44.112108986855056,0.03980224140851281,-0.0010257909246265515,25.124213225492433,44.93358898153764,75.4144960006575
upper,-67.24,44.203282085422494,0.03976133987397581,-0.001019292894002882,25.15005789969643,44.96165414273149,75.53373426041877
upper,-67.2,44.294361741777166,0.03972069741279059,-0.0010128371787314861,25.175791593175468,44.98967790620371,75.65283768024565
upper,-67.16,44.385348547739085,0.03968031234169933,-0.001006423312007593,25.20141452992339,45.01766041023223,75.77180699023614
upper,-67.12,44.47624309129173,0.039640182995995886,-0.0010000508330383626,25.226926931720055,45.045601791943746,75.89064291550027
upper,-67.08,44.56704595662443,0.039600307729287174,-0.00099371928694495,25.252329018151308,45.07350218732465,76.00934617621388
upper,-67.03999999999999,44.657757724174004,0.03956068491325862,-0.0009874282246664441,25.277621006628568,45.10136173123184,76.1279174876706
upper,-67.0,44.74837897066592,0.03952131293744333,-0.000981177202865595,25.302803112408213,45.12918055740327,76.24635756033395
upper,-66.96,44.838910269155036,0.03948219020899488,-0.0009749657838363091,25.32787554861075,45.15695879846852,76.36466709988836
upper,-66.92,44.929352189065526,0.0394433151524641,-0.0009687935354128983,25.352838526239545,45.18469658595903,76.48284680728932
upper,-66.88,45.01970529623081,0.03940468620957902,-0.0009626600308809697,25.377692254199616,45.21239405031843,76.60089737881403
upper,-66.84,45.109970152932306,0.039366301839028756,-0.0009565648488900341,25.40243693931581,45.24005132091246,76.71881950610951
upper,-66.8,45.200147317938345,0.03932816051625055,-0.0009505075733676766,25.427072786351044,45.26766852603901,76.83661387624217
upper,-66.76,45.2902373465422,0.039290260733220415,-0.0009444877934353494,25.451599998024122,45.295245792937905,76.95428117174491
upper,-66.72,45.38024079059971,0.03925260099824699,-0.0009385051033256965,25.47601877502741,45.322783247800544,77.071822070665
upper,-66.68,45.470158198566594,0.039215179835768756,-0.0009325591023014021,25.500329316044215,45.350281015779444,77.18923724661084
upper,-66.64,45.559990115535086,0.039177995786154406,-0.0009266493945755243,25.52453181776599,45.377739220997725,77.30652736879755
upper,-66.6,45.64973708327028,0.0391410474055064,-0.0009207755892332772,25.548626474909284,45.40515798655832,77.42369310209337
upper,-66.56,45.73939964024589,0.03910433326546765,-0.0009149373001552491,25.57261348023244,45.43253743455322,77.54073510706388
upper,-66.52,45.82897832167983,0.03906785195303116,-0.0009091341459419866,25.596493024552196,45.45987768607248,77.65765404001715
upper,-66.48,45.91847365956886,0.03903160207035283,-0.0009033657498399857,25.620265296759833,45.48717886121318,77.77445055304686
upper,-66.44,46.00788618272355,0.03899558223456689,-0.0008976317396689579,25.64393048383745,45.51444107908828,77.89112529407659
upper,-66.4,46.097216416801935,0.03895979107760459,-0.000891931747750472,25.667488770873668,45.5416644578352,78.00767890690192
upper,-66.36,46.18646488434363,0.038924227246015394,-0.0008862654108378082,25.690940341079433,45.568849114624626,78.12411203123307
upper,-66.32,46.27563210480284,0.038888889400791174,-0.0008806323700471191,25.714285375803392,45.59599516566879,78.24042530273645
upper,-66.28,46.3647185945814,0.03885377621719306,-0.0008750322707897866,25.73752405454719,45.623102726229924,78.3566193530761
upper,-66.24,46.45372486706136,0.03881888638458085,-0.0008694647627059779,25.760656554980603,45.65017191062859,78.47269480995477
upper,-66.2,46.542651432636774,0.03878421860624536,-0.0008639294995994155,25.783683052956274,45.6772028322517,78.58865229715327
upper,-66.16,46.63149879874591,0.03874977159924297,-0.0008584261393732388,25.806603722524557,45.70419560356073,78.70449243457142
upper,-66.12,46.720267469902204,0.03871554409423301,-0.0008529543439670518,25.82941873594792,45.73115033609952,78.82021583826652
upper,-66.08,46.80895794772549,0.03868153483531755,-0.0008475137792950413,25.85212826371528,45.75806714050224,78.93582312049254
upper,-66.03999999999999,46.8975707309725,0.03864774257988361,-0.0008421041151851908,25.874732474556126,45.784946126501104,79.0513148897384
upper,-66.0,46.98610631556717,0.03861416609844784,-0.0008367250253195556,25.897231535454463,45.81178740293397,79.1666917507659
upper,-65.96,47.07456519463068,0.03858080417450342,-0.0008313761871755586,25.919625611662646,45.838591077752014,79.2819543046475
upper,-65.92,47.16294785851074,0.0385476556043696,-0.0008260572819683444,25.941914866714853,45.865357258027025,79.39710314880256
upper,-65.88,47.25125479481113,0.03851471919704313,-0.0008207679945940778,25.96409946244065,45.89208604995895,79.5121388770349
upper,-65.84,47.33948648842035,0.038481993774052266,-0.0008155080135742694,25.98617955897811,45.91877755888302,79.62706207956816
upper,-65.8,47.42764342154032,0.0384494781693128,-0.0008102770310010178,26.008155314787015,45.94543188927701,79.74187334308212
upper,-65.76,47.515726073714475,0.03841717122898633,-0.0008050747424832229,26.030026886661688,45.972049144768306,79.85657325074753
upper,-65.72,47.60373492185582,0.038385071811340626,-0.0007999008470936901,26.051794429743815,45.99862942814089,79.97116238226154
upper,-65.68,47.69167044027445,0.038353178786612145,-0.0007947550473171569,26.073458097535,46.0251728413423,80.08564131388152
upper,-65.64,47.77953310070476,0.0383214910368706,-0.0007896370489991949,26.0950180419092,46.051679485490375,80.20001061845991
upper,-65.6,47.8673233723325,0.03829000745588546,-0.0007845465612959712,26.116474413125047,46.07814946088009,80.31427086547731
upper,-65.56,47.95504172182138,0.03825872694899459,-0.0007794832966248674,26.137827359837942,46.10458286699013,80.42842262107628
upper,-65.52,48.04268861333952,0.03822764843297472,-0.0007744469706159215,26.15907702911204,46.13097980248953,80.5424664480938
upper,-65.48,48.13026450858541,0.03819677083591395,-0.0007694373020640936,26.180223566432083,46.15734036524412,80.65640290609434
upper,-65.44,48.21776986681379,0.03816609309708602,-0.0007644540128823202,26.201267115715076,46.18366465232297,80.77023255140155
upper,-65.4,48.305205144861006,0.03813561416682664,-0.0007594968280553671,26.22220781932178,46.20995276000465,80.8839559371305
upper,-65.36,48.39257079717043,0.03810533300641136,-0.0007545654755944229,26.243045818068204,46.236204783783606,80.99757361321889
upper,-65.32,48.47986727581717,0.038075248587935595,-0.0007496596864924819,26.263781251236715,46.26242081837621,81.11108612645815
upper,-65.28,48.56709503053285,0.038045359894196065,-0.0007447791946804319,26.284414256587254,46.28860095772692,81.22449402052452
upper,-65.24,48.654254508730084,0.03801566591857423,-0.0007399237369838785,26.304944970368282,46.31474529501433,81.33779783600913
upper,-65.2,48.74134615552636,0.037986165664921356,-0.0007350930530806922,26.325373527327564,46.340853922657026,81.45099811044814
upper,-65.16,48.8283704137682,0.03795685814744524,-0.0007302868854592204,26.345700060722937,46.36692693231958,81.56409537835252
upper,-65.12,48.91532772405445,0.03792774239059864,-0.0007255049793772199,26.365924702332812,46.39296441491823,81.67709017123744
upper,-65.08,49.00221852475999,0.03789881742896925,-0.0007207470828214161,26.386047582466677,46.41896646062672,81.78998301765152
upper,-65.03999999999999,49.08904325205852,0.0378700823071714,-0.0007160129464677585,26.40606882997536,46.44493315888191,81.90277444320525
upper,-65.0,49.17580233994553,0.03784153607973929,-0.0007113023236422989,26.425988572261193,46.47086459838931,82.01546497059965
upper,-64.96,49.262496220261035,0.037813177811021614,-0.0007066149702826893,26.445806935288168,46.49676086712877,82.12805511965466
upper,-64.92,49.349125322711735,0.037785006575078085,-0.0007019506449003366,26.46552404359171,46.52262205235974,82.24054540733628
upper,-64.88,49.43569007489335,0.037757021455577036,-0.0006973091085431197,26.485140020288636,46.54844824062678,82.35293634778492
upper,-64.84,49.522190902312374,0.03772922154569477,-0.0006926901247587389,26.50465498708676,46.57423951776486,82.46522845234206
upper,-64.8,49.60862822840786,0.0377016059480163,-0.0006880934595586267,26.524069064294487,46.59999596890461,82.57742222957724
upper,-64.76,49.69500247457277,0.037674173774437485,-0.0006835188813824456,26.54338237083027,46.62571767847748,82.68951818531497
upper,-64.72,49.78131406017531,0.03764692414606865,-0.0006789661610631381,26.56259502423193,46.651404730220946,82.80151682266106
upper,-64.68,49.86756340257984,0.037619856193139505,-0.0006744350717925388,26.581707140665884,46.67705720718348,82.91341864202799
upper,-64.64,49.95375091716781,0.0375929690549054,-0.0006699253890875112,26.600718834936316,46.70267519172971,83.02522414116233
upper,-64.6,50.03987701735812,0.03756626187955517,-0.0006654368907566444,26.619630220494038,46.728258765545135,83.136933815168
upper,-64.56,50.12594211462765,0.03753973382411997,-0.0006609693568674389,26.63844140944552,46.753808009641226,83.24854815653369
upper,-64.52,50.21194661853146,0.037513384054383606,-0.0006565225697140224,26.657152512561595,46.77932300436016,83.3600676551564
upper,-64.48,50.297890936722546,0.03748721174479415,-0.0006520963137853687,26.67576363928614,46.804803829379544,83.47149279836701
upper,-64.44,50.38377547497189,0.03746121607837669,-0.0006476903757339943,26.69427489774467,46.83025056371724,83.58282407095393
upper,-64.4,50.46960063718764,0.037435396246647525,-0.0006433045443451619,26.712686394752765,46.8556632857359,83.69406195518835
upper,-64.36,50.55536682543489,0.03740975144952933,-0.0006389386105065287,26.730998235824458,46.881042073147626,83.8052069308473
upper,-64.32,50.64107443995451,0.03738428089526776,-0.0006345923671782885,26.74921052518048,46.906387003018494,83.91625947523775
upper,-64.28,50.72672387918228,0.03735898380034911,-0.0006302656093637542,26.76732336575641,46.93169815177305,84.02722006322024
upper,-64.24,50.812315539767766,0.037333859389419126,-0.0006259581340803871,26.785336859210762,46.95697559519871,84.13808916723129
upper,-64.2,50.89784981659266,0.037308906895203095,-0.0006216697403312846,26.8032511059329,46.982219408450185,84.2488672573077
upper,-64.16,50.983327102789545,0.03728412555842689,-0.0006174002290770733,26.821066205050954,47.00742966605376,84.35955480110806
upper,-64.12,51.06874778975982,0.037259514627739306,-0.0006131494032082537,26.838782254439536,47.03260644191158,84.47015226393624
upper,-64.08,51.15411226719204,0.03723507335963535,-0.0006089170675179366,26.856399350727454,47.0577498093059,84.58066010876269
upper,-64.03999999999999,51.239420923079635,0.03721080101838072,-0.0006047030286750086,26.873917589305265,47.08285984090319,84.69107879624758
upper,-64.0,51.32467414373861,0.03718669687593728,-0.0006005070951976879,26.891337064332774,47.10793660875832,84.80140878476182
upper,-63.96,51.40987231382536,0.03716276021188961,-0.0005963290774274694,26.908657868746424,47.132980184318576,84.91165053040876
upper,-63.92,51.495015816353735,0.0371389903133726,-0.0005921687875034723,26.925880094266617,47.15799063842773,85.02180448704621
upper,-63.879999999999995,51.58010503271247,0.03711538647500001,-0.0005880260393371533,26.94300383140493,47.18296804132997,85.13187110630723
upper,-63.84,51.6651403426821,0.037091947998794166,-0.0005839006485874005,26.960029169471213,47.20791246267383,85.24185083762067
upper,-63.8,51.75012212445204,0.03706867419411646,-0.0005797924326359868,26.97695619658067,47.232823971516076,85.35174412823294
upper,-63.76,51.835050754637116,0.037045564377598976,-0.0005757012105633913,26.993784999660807,47.25770263632555,85.4615514232274
upper,-63.72,51.919926608294354,0.037022617873077,-0.0005716268031249634,27.010515664458296,47.282548524986886,85.57127316554599
upper,-63.68,52.00475005893924,0.03699983401152249,-0.0005675690327274443,27.027148275545777,47.30736170480435,85.68090979600852
upper,-63.64,52.089521478562126,0.036977212130978515,-0.0005635277234058183,27.043682916328535,47.33214224250544,85.79046175333231
upper,-63.6,52.1742412376443,0.03695475157649452,-0.0005595027008005064,27.060119669051197,47.35689020424459,85.89992947415365
upper,-63.56,52.25890970517394,0.03693245170006264,-0.0005554937921348864,27.076458614804174,47.38160565560672,86.00931339304546
upper,-63.519999999999996,52.343527248662085,0.036910311860554754,-0.0005515008261931278,27.09269983353021,47.406288661610844,86.11861394253762
upper,-63.480000000000004,52.42809423415812,0.03688833142366057,-0.0005475236332983586,27.108843404030722,47.43093928671354,86.22783155313641
upper,-63.44,52.51261102626556,0.036866509761826385,-0.0005435620452911225,27.12488940397214,47.45555759481249,86.33696665334284
upper,-63.4,52.5970779881573,0.03684484625419494,-0.0005396158955081631,27.1408379098921,47.48014364924984,86.44601966967181
upper,-63.36,52.68149548159098,0.0368233402865459,-0.0005356850187614901,27.156688997205634,47.50469751281562,86.55499102667129
upper,-63.32,52.765863866924064,0.036801991251237294,-0.0005317692513177518,27.17244274021123,47.529219247751065,86.66388114693977
upper,-63.28,52.85018350312894,0.03678079854714772,-0.0005278684308778879,27.188099212096855,47.553708915752004,86.77269045114568
upper,-63.239999999999995,52.93445474780768,0.036759761579619424,-0.0005239823965570762,27.20365848494584,47.57816657797202,86.8814193580446
upper,-63.2,53.0186779572069,0.03673887976040205,-0.0005201109888649493,27.21912062974281,47.60259229502572,86.99006828449727
upper,-63.16,53.10285348623233,0.03671815250759731,-0.0005162540496860876,27.234485716379417,47.62698612699198,87.09863764548916
upper,-63.120000000000005,53.186981688463284,0.03669757924560438,-0.0005124114222607911,27.249753813660057,47.65134813341694,87.20712785414514
upper,-63.08,53.271062916167125,0.03667715940506597,-0.0005085829511660955,27.264924989307563,47.67567837331732,87.31553932174911
upper,-63.04,53.35509752031337,0.03665689242281532,-0.0005047684822970718,27.27999930996873,47.69997690518332,87.42387245776155
upper,-63.0,53.43908585058795,0.03663677774182383,-0.000500967862848363,27.294976841219842,47.724243786981745,87.53212766983437
upper,-62.96,53.52302825540715,0.03661681481114941,-0.00049718094129598,27.3098576475721,47.74847907615894,87.6403053638306
upper,-62.92,53.60692508193151,0.036597003085885565,-0.0004934075673793412,27.324641792477042,47.772682829643834,87.74840594383983
upper,-62.879999999999995,53.690776676079615,0.03657734202711132,-0.0004896475920835565,27.339329338331765,47.79685510385076,87.8564298121952
upper,-62.84,53.774583382541685,0.03655783110184164,-0.00048590086762194845,27.35392034648423,47.820995954682424,87.96437736948869
upper,-62.8,53.858345544793345,0.036538469782978644,-0.000482167247418795,27.368414877238443,47.845105437532744,88.07224901459087
upper,-62.76,53.94206350510869,0.03651925754926363,-0.000478446586092333,27.38281298985948,47.8691836072896,88.18004514466311
upper,-62.72,54.02573760457399,0.03650019388522948,-0.0004747387394379441,27.39711474257866,47.893230518337695,88.28776615517636
upper,-62.68,54.109368183100656,0.03648127828115406,-0.00047104356441160066,27.41132019259841,47.91724622456127,88.39541243992696
upper,-62.64,54.19295557943847,0.03646251023301401,-0.00046736091911350416,27.42542939609727,47.94123077934679,88.50298439105009
upper,-62.599999999999994,54.27650013118857,0.036443889242439374,-0.00046369066277195006,27.43944240823472,47.9651842355857,88.61048239903904
upper,-62.56,54.360002174816294,0.036425414816668784,-0.00046003265572740036,27.45335928315594,47.98910664567694,88.71790685275775
upper,-62.519999999999996,54.44346204566418,0.03640708646850522,-0.0004563867594167507,27.467180073996662,48.01299806152972,88.82525813945854
upper,-62.480000000000004,54.52688007796431,0.03638890371627256,-0.0004527528363578286,27.480904832887703,48.03685853456592,88.93253664479481
upper,-62.44,54.610256604851365,0.036370866083772595,-0.00044913075013405015,27.494533610959706,48.06068811572284,89.03974275283882
upper,-62.4,54.69359195837471,0.036352973100242714,-0.0004455203653793159,27.508066458347624,48.084486855455474,89.14687684609544
upper,-62.36,54.7768864695111,0.03633522430031419,-0.00044192154776306214,27.521503424195267,48.108254803739236,89.25393930551591
upper,-62.32,54.86014046817685,0.03631761922397106,-0.00043833416397552404,27.53484455665972,48.131992010072224,89.36093051051327
upper,-62.28,54.94335428324006,0.03630015741650959,-0.00043475808171317793,27.54808990291575,48.1556985234777,89.46785083898233
upper,-62.239999999999995,55.02652824253286,0.03628283842849826,-0.00043119316966435756,27.56123950916014,48.179374392506574,89.57470066730478
upper,-62.2,55.109662672863266,0.036265661815738474,-0.00042763929749506705,27.574293420615938,48.20301966523958,89.68148037036697
upper,-62.16,55.19275790002728,0.03624862713922562,-0.00042409633583494953,27.58725168153673,48.22663438928976,89.7881903215814
upper,-62.120000000000005,55.27581424882067,0.03623173396511091,-0.00042056415626344766,27.600114335210755,48.25021861180464,89.89483089289163
upper,-62.08,55.358832043050825,0.03621498186466356,-0.0004170426312961158,27.612881423965057,48.273772379468646,89.99859754508753
upper,-62.04,55.441811605548295,0.036198370414233724,-0.0004135316343711183,27.62555298916952,48.29729573850518,89.89209462368063
upper,-62.0,55.52475325817855,0.03618189919521575,-0.00041003103983587396,27.638129071240897,48.3207887346789,89.78565997487911
upper,-61.96,55.6076573218534,0.036165567794012136,-0.00040654072293387183,27.65060970964676,48.34425141329798,89.67929323258404
upper,-61.92,55.69052411654249,0.03614937580199796,-0.00040306055979164534,27.662994942909375,48.36768381921612,89.57299403197695
upper,-61.879999999999995,55.773353961284606,0.036133322815485765,-0.00039959042740589563,27.675284808609604,48.391085996834725,89.46676200961679
upper,-61.84,55.856147174198995,0.036117408435691056,-0.000396130203630773,27.68747934339067,48.414457990105056,89.36059680343205
upper,-61.8,55.938904072496506,0.03610163226869822,-0.0003926797671653079,27.69957858296192,48.43779984253023,89.25449805270912
upper,-61.76,56.02162497249081,0.036085993925426975,-0.00038923899754098507,27.711582562102528,48.46111159716728,89.1484653980773
upper,-61.72,56.10431018960932,0.03607049302159939,-0.0003858077751094706,27.723491314665132,48.484393296629136,89.04249848149684
upper,-61.68,56.186960038404266,0.03605512917770721,-0.000382385981030471,27.735304873579466,48.507644983086706,88.93659694624398
upper,-61.64,56.26957483256351,0.03603990201897986,-0.0003789734972597402,27.74702327085588,48.530866698270714,88.8307604369011
upper,-61.599999999999994,56.35215488492142,0.0360248111753528,-0.00037557020653722096,27.758646537588877,48.55405848347372,88.72498859933988
upper,-61.56,56.43470050746959,0.036009856281436416,-0.0003721759923753217,27.77017470396054,48.57722037955195,88.61928108071369
upper,-61.519999999999996,56.51721201136756,0.03599503697648532,-0.00036879073904732044,27.781607799243982,48.600352426927294,88.51363752944052
upper,-61.480000000000004,56.59968970695335,0.0359803529043682,-0.00036541433157591163,27.792945851806664,48.623454665589,88.40805759519327
upper,-61.44,56.68213390375408,0.035965803713538004,-0.0003620466557218652,27.804188889113764,48.64652713509566,88.30254092888546
upper,-61.4,56.7645449104964,0.0359513890570027,-0.0003586875979728229,27.81533693773141,48.66956987457687,88.19708718266199
upper,-61.36,56.8469230351169,0.03593710859229638,-0.00035533704553221185,27.82639002332992,48.692582922735134,88.0916960098832
upper,-61.32,56.929268584772444,0.035922961981450875,-0.00035199488630828317,27.837348170686994,48.715566317847525,87.98636706511537
upper,-61.28,57.01158186585051,0.03590894889096776,-0.00034866100890326094,27.84821140369084,48.73852009776744,87.88110000411757
upper,-61.239999999999995,57.09386318397929,0.035895068991790846,-0.0003453353026026238,27.858979745343255,48.76144429992634,87.77589448382966
upper,-61.2,57.17611284403789,0.035881321959279025,-0.00034201765736448496,27.869653217762696,48.78433896133532,87.67075016236213
upper,-61.16,57.25833115016652,0.03586770747317956,-0.0003387079638090882,27.8802318421873,48.80720411858696,87.56566669898157
upper,-61.120000000000005,57.340518405776294,0.03585422521760185,-0.0003354061132084294,27.890715638977795,48.83003980785672,87.46064375410207
upper,-61.08,57.422674913559476,0.03584087488099158,-0.00033211199747596056,27.901104627620455,48.85284606490472,87.35568098927106
upper,-61.04,57.50480097549913,0.035827656156105205,-0.00032882550915642463,27.91139882672998,48.87562292507724,87.25077806715875
upper,-61.0,57.586896892879125,0.03581456873998495,-0.00032554654141578207,27.921598254052302,48.8983704233083,87.14593465154782
upper,-60.96,57.668962966293925,0.035801612333934134,-0.000322274988031237,27.931702926467416,48.921088594121215,87.04115040731999
upper,-60.92,57.75099949565823,0.03578878664349292,-0.0003190107433813805,27.94171285999211,48.94377747163007,86.93642500044696
upper,-60.879999999999995,57.83300678021677,0.035776091378414476,-0.00031575370243641155,27.95162806978267,48.966437089541245,86.83175809797729
upper,-60.84,57.91498511855383,0.0357635262526415,-0.00031250376074847485,27.961448570137563,48.98906748115485,86.72714936802647
upper,-60.8,57.996934808602944,0.0357510909842831,-0.0003092608144420747,27.971174374500073,49.01166867936618,86.62259847976611
upper,-60.76,58.07885614765632,0.035738785295592136,-0.0003060247602046015,27.980805495460856,49.03424071666718,86.51810510341167
upper,-60.72,58.1607494323743,0.035726608912942846,-0.00030279549527693645,27.99034194476054,49.05678362514777,86.41366891021312
upper,-60.68,58.242614958794945,0.03571456156680895,-0.00029957291744414795,27.999783733292197,49.07929743649729,86.3092895724428
upper,-60.64,58.32445302234313,0.035702642991742015,-0.0002963569250262861,28.009130871103828,49.10178218200579,86.2049667633863
upper,-60.599999999999994,58.40626391784013,0.035690852926350256,-0.00029314741686924865,28.018383367400794,49.124237892565446,86.10070015732973
upper,-60.56,58.48804793951274,0.035679191113277706,-0.00028994429233574485,28.027541230548202,49.14666459867179,85.99648942955076
upper,-60.519999999999996,58.56980538100255,0.035667657299183704,-0.0002867474512963348,28.03660446807327,49.16906233042505,85.8923342563077
upper,-60.480000000000004,58.65153653537514,0.03565625123472272,-0.0002835567941205536,28.04557308666766,49.191431117531394,85.78823431482874
upper,-60.44,58.73324169512916,0.03564497267452463,-0.00028037222166811657,28.054447092189733,49.21377098930426,85.68418928330175
upper,-60.4,58.81492115220544,0.03563382137717529,-0.0002771936352802003,28.063226489666782,49.23608197466542,85.58019884086428
upper,-60.36,58.896575197996114,0.03562279710519737,-0.00027402093677079893,28.071911283297286,49.25836410214636,85.47626266759268
upper,-60.32,58.97820412335346,0.03561189962503173,-0.0002708540284181662,28.080501476453016,49.28061739988933,85.3723804444925
upper,-60.28,59.05980821859898,0.035601128707018904,-0.0002676928129563162,28.088997071681213,49.302841895648605,85.26855185348775
upper,-60.239999999999995,59.14138777353239,0.03559048412538112,-0.0002645371935666062,28.097398070706674,49.325037616791604,85.16477657741127
upper,-60.2,59.222943077440185,0.03557996565820454,-0.0002613870738693942,28.105704474433793,49.34720459029996,85.06105429999504
upper,-60.16,59.30447441910488,0.03556957308742185,-0.0002582423579157501,28.11391628294862,49.36934284277071,84.95738470585958
upper,-60.120000000000005,59.38598208681348,0.035559306198795236,-0.0002551029501792552,28.1220334955208,49.391452400417315,84.85376748050443
upper,-60.08,59.46746636836648,0.035549164781899616,-0.00025196875554784904,28.13005611060558,49.41353328907078,84.7502023102979
upper,-60.04,59.548927551086315,0.03553914863010625,-0.00024883967931576184,28.13798412584568,49.4355855341806,84.64668888246841
upper,-60.0,59.630365921826346,0.03552925754056664,-0.000245715627175487,28.145817538073196,49.45760916081591,84.5432268850929
upper,-59.96,59.71178176697928,0.03551949131419674,-0.0002425965052098372,28.153556343311465,49.47960419366641,84.43981600708948
upper,-59.92,59.79317537248587,0.03550984975566149,-0.00023948221988405113,28.16120053677686,49.50157065704339,84.33645593820593
upper,-59.879999999999995,59.874547023843476,0.035500332673359766,-0.00023637267803796192,28.16875011288055,49.52350857488064,84.23314636901114
upper,-59.84,59.95589700611459,0.035490939879409454,-0.00023326778687822504,28.176205065230278,49.545417970735436,84.1298869908852
upper,-59.8,60.037225603935404,0.035481671189632975,-0.00023016745397059886,28.18356538663206,49.56729886778952,84.02667749601031
upper,-59.76,60.118533101524186,0.03547252642354304,-0.0002270715872322915,28.190831069091885,49.5891512888499,83.92351757736115
upper,-59.72,60.199819782689794,0.0354635054043288,-0.0002239800949243499,28.19800210381731,49.6109752563498,83.82040692869562
upper,-59.68,60.28108593084004,0.0354546079588422,-0.00022089288564411277,28.20507848121911,49.63277079234957,83.71734524454564
upper,-59.64,60.36233182899019,0.03544583391758469,-0.00021780986831770416,28.21206019091286,49.654537918537436,83.61433222020766
upper,-59.599999999999994,60.443557759771096,0.03543718311469424,-0.00021473095219259463,28.218947221720455,49.676276656230414,83.51136755173374
upper,-59.56,60.52476400543766,0.035428655387932585,-0.00021165604683019495,28.22573956167164,49.69798702637512,83.40845093592249
upper,-59.519999999999996,60.60595084787722,0.03542025057867288,-0.0002085850620985056,28.2324371980055,49.719669049548514,83.30558207030947
upper,-59.480000000000004,60.687118568617485,0.03541196853188753,-0.00020551790816482113,28.239040117171875,49.74132274595871,83.20276065315903
upper,-59.44,60.768267448835225,0.035403809096136385,-0.00020245449548846056,28.245548304832823,49.76294813544579,83.09998638345424
upper,-59.4,60.84939776936403,0.03539577212355522,-0.00019939473481356935,28.25196174586396,49.784545237482426,82.99725896088876
upper,-59.36,60.93050981070278,0.03538785746984445,-0.0001963385371619421,28.258280424355842,49.806114071174704,82.89457808585776
upper,-59.32,61.01160385302374,0.03538006499425818,-0.00019328581382589796,28.264504323615284,49.82765465526279,82.79194345944872
upper,-59.28,61.09268017618065,0.03537239455959354,-0.0001902364763611999,28.270633426166636,49.84916700812161,82.68935478343292
upper,-59.239999999999995,61.17373905971686,0.03536484603218028,-0.0001871904365800065,28.276667713753056,49.87065114776154,82.58681176025682
upper,-59.2,61.25478078287333,0.035357419281870646,-0.00018414760654387538,28.28260716733773,49.89210709182903,82.48431409303289
upper,-59.16,61.33580562459692,0.03535011418202956,-0.0001811078985567853,28.28845176710507,49.913534857607274,82.38186148553102
upper,-59.120000000000005,61.41681386354816,0.03534293060952503,-0.00017807122515821905,28.294201492461887,49.9349344620168,82.27945364217021
upper,-59.08,61.497805778109445,0.035335868444718914,-0.00017503749911626,28.299856322038522,49.95630592161606,82.17709026800978
upper,-59.04,61.57878164639293,0.03532892757145786,-0.00017200663342074337,28.305416233689954,49.97764925260204,82.07477106874025
upper,-59.0,61.65974174624862,0.035322107877064655,-0.00016897854127642355,28.31088120449685,49.998964470810805,81.97249575067572
upper,-58.96,61.740686355272175,0.035315409252329656,-0.00016595313609618826,28.31625121076667,50.020251591718015,81.87026402074507
upper,-58.92,61.821615750813,0.03530883159150267,-0.0001629303314942958,28.321526228034614,50.04151063043953,81.76807558648268
upper,-58.879999999999995,61.90253020998209,0.035302374792285034,-0.0001599100412796473,28.326706231064648,50.062741601731844,81.66593015602129
upper,-58.84,61.98343000965981,0.035296038755821935,-0.00015689217944908938,28.33179119385045,50.083944519992606,81.56382743808278
upper,-58.8,62.06431542650414,0.03528982338669502,-0.0001538766601807351,28.33678108961634,50.10511939926112,81.46176714196996
upper,-58.76,62.145186736958095,0.03528372859291534,-0.00015086339782733243,28.34167589081816,50.12626625321878,81.35974897755838
upper,-58.72,62.22604421725789,0.03527775428591644,-0.00014785230690964008,28.346475569144133,50.14738509518946,81.25777265528782
upper,-58.68,62.30688814344068,0.03527190038054774,-0.00014484330210983736,28.351180095515765,50.16847593814008,81.15583788615444
upper,-58.64,62.387718791352334,0.035266166795068304,-0.00014183629826496034,28.35578944008857,50.189538794680864,81.05394438170214
upper,-58.599999999999994,62.46853643665534,0.035260553451140736,-0.00013883121036035737,28.360303572252874,50.21057367706579,80.95209185401407
upper,-58.56,62.549341354836436,0.03525506027382531,-0.00013582795352317235,28.364722460634617,50.23158059719299,80.85028001570579
upper,-58.519999999999996,62.63013382121468,0.03524968719157453,-0.00013282644301583737,28.369046073096005,50.2525595666051,80.74850857991551
upper,-58.480000000000004,62.710914110948835,0.03524443413622781,-0.00012982659422960922,28.37327437673622,50.27351059648951,80.64677726029696
upper,-58.44,62.791682499045514,0.035239301043006425,-0.0001268283226780943,28.377407337892123,50.294433697678855,80.54508577101089
upper,-58.4,62.87243926036659,0.03523428785050876,-0.00012383154399082716,28.38144492213884,50.31532888065113,80.44343382671751
upper,-58.36,62.953184669637146,0.03522939450070582,-0.00012083617390683493,28.385387094290394,50.336196155530146,80.34182114256795
upper,-58.32,63.03391900145316,0.03522462093893698,-0.00011784212826823811,28.38923381840027,50.35703553208569,80.24024743419635
upper,-58.28,63.11464253028914,0.035219967113905945,-0.0001148493230138629,28.392985057761983,50.37784701973383,80.13871241771223
upper,-58.239999999999995,63.1953555305059,0.03521543297767707,-0.00011185767417286583,28.396640774909578,50.39863062753716,80.03721580969211
upper,-58.2,63.276058276358235,0.035211018485671805,-0.00010886709785837417,28.400200931618144,50.419386364204975,79.93575732717198
upper,-58.16,63.356751042002664,0.035206723596665525,-0.00010587751026113603,28.403665488904267,50.44011423809356,79.83433668763904
upper,-58.120000000000005,63.43743410150499,0.03520254827278455,-0.00010288882764319182,28.40703440702644,50.46081425720625,79.73295360902401
upper,-58.08,63.518107728848115,0.03519849247950335,-9.990096633154357e-05,28.41030764548556,50.48148642919378,79.6316078096933
upper,-58.04,63.598772197939624,0.035194556185642156,-9.691384271184699e-05,28.413485163025193,50.50213076135426,79.53029900844136
upper,-58.0,63.67942778261947,0.035190739363364684,-9.392737322210456e-05,28.416566917632025,50.522747260633444,79.42902692448233
upper,-57.96,63.76007475666764,0.03518704198817622,-9.094147434636977e-05,28.41955286653611,50.54333593362477,79.32779127744284
upper,-57.92,63.840713393811846,0.03518346403892183,-8.795606260845837e-05,28.422442966211243,50.563896786569536,79.2265917873538
upper,-57.879999999999995,63.9213439677351,0.03518000549778495,-8.497105456566916e-05,28.42523717237518,50.58442982535693,79.1254281746432
upper,-57.84,64.00196675208338,0.035176666350286184,-8.198636680250608e-05,28.427935439989877,50.60493505552413,79.02430016012775
upper,-57.8,64.08258202047342,0.035173446585282285,-7.90019159244026e-05,28.430537723261743,50.625412482256394,78.92320746500539
upper,-57.76,64.16319004650009,0.03517034619496551,-7.601761855146356e-05,28.433043975641787,50.64586211038701,78.82214981084812
upper,-57.72,64.2437911037443,0.035167365174863054,-7.303339131218839e-05,28.43545414982583,50.666283944397414,78.72112691959356
upper,-57.68,64.32438546578045,0.035164503523837,-7.004915083721973e-05,28.437768197754558,50.686677988417145,78.62013851353764
upper,-57.64,64.40497340618424,0.0351617612440842,-6.70648137530701e-05,28.43998607061372,50.70704424622386,78.51918431532714
upper,-57.599999999999994,64.48555519854017,0.03515913834113666,-6.408029667586814e-05,28.44210771883413,50.727382721243295,78.41826404795177
upper,-57.56,64.56613111644918,0.03515663482386204,-6.10955162050947e-05,28.444133092091768,50.74769341654921,78.31737743473677
upper,-57.519999999999996,64.64670143353653,0.035154250704464464,-5.811038891731234e-05,28.44606213930777,50.76797633486337,78.21652419933531
upper,-57.480000000000004,64.72726642345907,0.03515198599848557,-5.5124831359907304e-05,28.447894808648435,50.78823147855542,78.11570406572073
upper,-57.44,64.80782635991329,0.03514984072480575,-5.213876004480772e-05,28.449631047525216,50.80845884964285,78.01491675817907
upper,-57.4,64.88838151664262,0.03514781490564579,-4.915209144222026e-05,28.45127080259462,50.82865844979083,77.9141620013018
upper,-57.36,64.9689321674453,0.03514590856656855,-4.6164741974341404e-05,28.452814019758158,50.84883028031212,77.8134395199778
upper,-57.32,65.04947858618202,0.03514412173648111,-4.317662800907199e-05,28.454260644162204,50.86897434216692,77.71274903938625
upper,-57.28,65.13002104678354,0.035142454447637,-4.0187665853722955e-05,28.455610620197888,50.889090635962724,77.61209028498892
upper,-57.239999999999995,65.21055982325838,0.03514090673563878,-3.719777174871409e-05,28.456863891500902,50.909179161954114,77.5114629825227
upper,-57.2,65.2910951897004,0.03513947863944083,-3.420686186126475e-05,28.458020400951312,50.92923992004261,77.41086685799222
upper,-57.16,65.37162742029675,0.03513817020135243,-3.1214852279063326e-05,28.459080090673332,50.94927290977642,77.3103016376621
upper,-57.120000000000005,65.45215678933525,0.03513698146704104,-2.822165900394597e-05,28.46004290203509,50.96927813035024,77.20976704804973
upper,-57.08,65.53268357121233,0.03513591248553585,-2.5227197945543563e-05,28.460908775648356,50.98925558060504,77.10926281591789
upper,-57.04,65.61320804044058,0.035134963309231645,-2.2231384914930297e-05,28.4616776513682,51.009205259027745,77.0087886682669
upper,-57.0,65.69373047165654,0.03513413399389282,-1.9234135618248733e-05,28.462349468292707,51.029127163751,76.90834433232774
upper,-56.96,65.77425113962849,0.035133424598657745,-1.6235365650324183e-05,28.46292416476259,51.049021292552894,76.80792953555388
upper,-56.92,65.85477031926396,0.035132835186043335,-1.3234990488269138e-05,28.463401678360825,51.06888764285657,76.70754400561475
upper,-56.879999999999995,65.93528828561784,0.03513236582194985,-1.023292548505426e-05,28.46378194591223,51.088726211730055,76.60718747038733
upper,-56.84,66.01580531389972,0.03513201657566605,-7.229085863087388e-06,28.464064903483028,51.108536995885736,76.50685965794979
upper,-56.8,66.09632167948205,0.035131787519874516,-4.223386707745566e-06,28.464250486380372,51.12831999168013,76.40656029657303
upper,-56.76,66.17683765790765,0.03513167873065725,-1.2157429609091775e-06,28.46433862915186,51.14807519511349,76.30628911471406
upper,-56.72,66.25735352489767,0.035131690287501564,1.7939305855319e-06,28.464329265585025,51.16780260182934,76.20604584100826
upper,-56.68,66.33786955635931,0.03513182227330621,4.805719296196692e-06,28.464222328706757,51.187502207114164,76.10583020426175
upper,-56.64,66.41838602839361,0.03513207477438775,7.819708698745e-06,28.46401775078276,51.20717400589689,76.00564193344474
upper,-56.599999999999994,66.4989032173035,0.03513244788048722,1.0835984490449104e-05,28.463715463316923,51.226817992748536,75.9054807576832
upper,-56.56,66.57942139960137,0.03513294168477707,1.3854632544764407e-05,28.463315397050714,51.2464341618817,75.80534640625213
upper,-56.519999999999996,66.65994085201719,0.0351335562838683,1.6875738917954127e-05,28.462817481962496,51.26602250715005,75.705238608568
upper,-56.480000000000004,66.74046185150621,0.03513429177781795,1.989938985571707e-05,28.46222164726686,51.285583022047895,75.60515709418111
upper,-56.44,66.82098467525707,0.03513514827013676,2.2925671799855743e-05,28.461527821413906,51.30511569970966,75.50510159276848
upper,-56.4,66.90150960069943,0.03513612586779719,2.595467139496554e-05,28.460735932088507,51.32462053290929,75.40507183412647
upper,-56.36,66.98203690551223,0.035137224681241655,2.8986475495161017e-05,28.459845906209537,51.344097514059825,75.3050675481632
upper,-56.32,67.06256686763145,0.035138444824391046,3.2021171170825077e-05,28.458857669929056,51.3635466352127,75.20508846489103
upper,-56.28,67.14309976525816,0.03513978641465347,3.505884571539392e-05,28.457771148631537,51.38296788805728,75.1051343144198
upper,-56.239999999999995,67.22363587686655,0.0351412495729334,3.8099586652173375e-05,28.456586266932952,51.40236126392018,75.00520482694849
upper,-56.2,67.30417548121184,0.0351428344236409,4.114348174118477e-05,28.455302948679947,51.4217267537647,74.90529973275866
upper,-56.16,67.3847188573385,0.03514454109470133,4.419061898605703e-05,28.453921116948884,51.441064348190146,74.80541876220654
upper,-56.120000000000005,67.46526628458811,0.03514636971756514,4.724108664093567e-05,28.45244069404496,51.46037403743122,74.70556164571586
upper,-56.08,67.54581804260766,0.035148320427218105,5.029497321744985e-05,28.450861601501202,51.479655811357354,74.6057281137702
upper,-56.04,67.62637441135753,0.035150393362191716,5.3352367491698605e-05,28.449183760077485,51.49890965947198,74.5059178969057
upper,-56.0,67.70693567111964,0.03515258866457392,5.6413358511287e-05,28.44740708975951,51.518135570911795,74.40613072570375
upper,-55.96,67.78750210250568,0.035154906480020114,5.94780356024006e-05,28.445531509757778,51.537333534446184,74.30636633078332
upper,-55.92,67.86807398646523,0.03515734695776443,6.25464883769155e-05,28.44355693850648,51.5565035384763,74.2066244427937
upper,-55.879999999999995,67.948651604294,0.03515991025063131,6.561880673955666e-05,28.441483293662408,51.575645571034435,74.10690479240678
upper,-55.84,68.02923523764207,0.03516259651504736,6.869508089509812e-05,28.43931049210383,51.59475961978317,74.00720711030999
upper,-55.8,68.10982516852219,0.03516540591105351,7.177540135560578e-05,28.437038449929307,51.613845672014605,73.90753112719842
upper,-55.76,68.19042167931805,0.03516833860231742,7.485985894772699e-05,28.43466708245652,51.63290371464956,73.80787657376763
upper,-55.72,68.27102505279255,0.03517139475614625,7.794854482002474e-05,28.43219630422102,51.65193373423666,73.708243180706
upper,-55.68,68.35163557209627,0.03517457454349965,8.104155045036598e-05,28.42962602897503,51.67093571695161,73.60863067868736
upper,-55.64,68.43225352077577,0.03517787813900309,8.413896765335192e-05,28.426956169686108,51.68990964859622,73.50903879836322
upper,-55.599999999999994,68.5128791827821,0.035181305720961516,8.72408885878028e-05,28.424186638535875,51.708855514597595,73.40946727035555
upper,-55.56,68.59351284247904,0.03518485747137319,9.034740576428938e-05,28.421317346918677,51.72777330000711,73.30991582524909
upper,-55.519999999999996,68.67415478465189,0.03518853357594399,9.345861205272789e-05,28.418348205440196,51.74666298949963,73.21038419358369
upper,-55.480000000000004,68.7548052945157,0.03519233422410188,9.65746006900144e-05,28.415279123916093,51.76552456737245,73.11087210584711
upper,-55.44,68.83546465772405,0.03519625960901182,9.96954652877282e-05,28.4121100113705,51.78435801754439,73.01137929246678
upper,-55.4,68.91613316037737,0.035200309927590795,0.00010282129983987742,28.408840776034687,51.803163323554756,72.9119054838031
upper,-55.36,68.99681108903181,0.03520448538052335,0.00010595219873071777,28.405471325345474,51.82194046856241,72.81245041014103
upper,-55.32,69.07749873070779,0.03520878617227735,0.0001090882567426217,28.402001565943753,51.84068943534468,72.71301380168276
upper,-55.28,69.15819637289863,0.035213212511120036,0.00011222956906400307,28.398431403672937,51.85941020629631,72.61359538854029
upper,-55.239999999999995,69.23890430357939,0.03521776460913444,0.00011537623129731874,28.394760743577393,51.878102763428494,72.51419490072732
upper,-55.2,69.31962281121551,0.035222442682236114,0.00011852833946711409,28.390989489900832,51.89676708836768,72.41481206815207
upper,-55.16,69.40035218477173,0.03522724695019017,0.0001216859900281514,28.38711754608464,51.91540316235451,72.31544662060895
upper,-55.120000000000005,69.4810927137209,0.035232177636628635,0.0001248492798735904,28.383144814766265,51.93401096624271,72.2160982877716
upper,-55.08,69.56184468805277,0.03523723496906817,0.00012801830634324302,28.379071197777478,51.95259048049794,72.11676679918449
upper,-55.04,69.64260839828307,0.03524241917892814,0.00013119316723189323,28.374896596142637,51.9711416851966,72.01745188425555
upper,-55.0,69.72338413546234,0.03524773050154888,0.00013437396079768902,28.37062091007696,51.98966456002468,71.91815327224819
upper,-54.96,69.80417219118503,0.035253169176210505,0.0001375607857706066,28.36624403898469,52.008159084276556,71.81887069227363
upper,-54.92,69.88497285759846,0.035258735446151865,0.0001407537413609818,28.361765881457323,52.02662523685374,71.71960387328303
upper,-54.879999999999995,69.96578642741204,0.03526442955859004,0.00014395292726812644,28.35718633527167,52.045062996263646,71.62035254405951
upper,-54.84,70.04661319390623,0.035270251764739954,0.0001471584436890039,28.352505297388056,52.06347234061829,71.52111643321066
upper,-54.8,70.12745345094199,0.035276202319834506,0.00015037039132700632,28.347722663948353,52.081853247633106,71.42189526916012
upper,-54.76,70.20830749296967,0.03528228148314502,0.00015358887140078022,28.34283833027402,52.10020569462549,71.32268878014008
upper,-54.72,70.28917561503862,0.035288489518002036,0.00015681398565316483,28.337852190864133,52.11852965851355,71.22349669418305
upper,-54.68,70.3700581128063,0.035294826691816425,0.0001600458363601855,28.33276413939336,52.13682511581478,71.12431873911413
upper,-54.64,70.45095528254778,0.03530129327610092,0.00016328452634014576,28.327574068709914,52.15509204264462,71.02515464254283
upper,-54.599999999999994,70.53186742116502,0.03530788954649196,0.00016653015896280008,28.322281870833475,52.17333041471506,70.92600413185515
upper,-54.56,70.61279482619652,0.035314615782771994,0.00016978283815861578,28.316887436953046,52.1915402073333,70.8268669342054
upper,-54.519999999999996,70.69373779582679,0.03532147226889204,0.0001730426684281217,28.311390657424823,52.20972139540021,70.72774277650824
upper,-54.480000000000004,70.77469662889577,0.0353284592929947,0.00017630975485134203,28.305791421770003,52.22787395340891,70.62863138543057
upper,-54.44,70.85567162490875,0.03533557714743752,0.00017958420309733807,28.300089618672562,52.24599785544333,70.52953248738314
upper,-54.4,70.93666308404583,0.03534282612881676,0.00018286611943382167,28.294285135977013,52.264093075176596,70.4304458085128
upper,-54.36,71.01767130717175,0.0353502065379915,0.0001861556107368827,28.288377860686104,52.28215958586959,70.33137107469386
upper,-54.32,71.09869659584568,0.03535771868010823,0.0001894527845008055,28.282367678958494,52.30019736036936,70.2323080115202
upper,-54.28,71.17973925233109,0.03536536286462572,0.00019275774884798454,28.276254476106395,52.31820637110752,70.13325634429663
upper,-54.239999999999995,71.26079957960562,0.03537313940534038,0.00019607061253894357,28.270038136593193,52.33618659009869,70.0342157980309
upper,-54.2,71.34187788137102,0.035381048620411915,0.00019939148498245073,28.263718544031036,52.35413798893884,69.93518609742534
upper,-54.16,71.4229744620634,0.0353890908323896,0.00020272047624575655,28.257295581178298,52.37206053880367,69.83616696686815
upper,-54.120000000000005,71.50408962686295,0.03539726636823869,0.00020605769706490926,28.250769129937147,52.3899542104469,69.73715813042536
upper,-54.08,71.58522368170443,0.03540557555936744,0.00020940325885520887,28.244139071351,52.407818974198584,69.63815931183224
upper,-54.04,71.6663769332872,0.03541401874165448,0.00021275727372175096,28.23740528560193,52.42565479996341,69.5391702344846
upper,-54.0,71.74754968908556,0.03542259625547662,0.00021611985447009366,28.230567652008055,52.44346165721894,69.44019062143072
upper,-53.96,71.82874225735908,0.03543130844573708,0.00021949111461703425,28.223626049020922,52.46123951501381,69.34122019536234
upper,-53.92,71.90995494716297,0.03544015566189416,0.00022287116840150485,28.21658035422278,52.47898834196598,69.24225867860625
upper,-53.879999999999995,71.99118806835868,0.03544913825799033,0.0002262601307955893,28.209430444323914,52.496708106260925,69.1433057931156
upper,-53.84,72.0724419316242,0.03545825659268181,0.00022965811751564952,28.20217619515983,52.51439877564967,69.04436126046137
upper,-53.8,72.15371684846495,0.035467511029268546,0.0002330652450335963,28.194817481688485,52.53206031744706,68.94542480182321
upper,-53.76,72.23501313122425,0.03547690193572465,0.00023648163058826303,28.187354177987473,52.54969269852984,68.84649613798112
upper,-53.72,72.31633109309415,0.03548642968472931,0.00023990739219691945,28.179786157251115,52.5672958853346,68.7475749893065
upper,-53.68,72.39767104812627,0.03549609465369819,0.0002433426486669156,28.172113291787554,52.58486984385598,68.648661075753
upper,-53.64,72.47903331124263,0.03550589722481524,0.00024678751960745184,28.164335453015823,52.60241453964462,68.54975411684799
upper,-53.599999999999994,72.56041819824667,0.035515837785065,0.00025024212544148936,28.15645251146283,52.61992993780516,68.45085383168342
upper,-53.56,72.6418260258342,0.03552591672626542,0.0002537065874177939,28.148464336760345,52.63741600299423,68.35195993890675
upper,-53.519999999999996,72.7232571116047,0.0355361344451011,0.00025718102762311966,28.140370797641914,52.65487269941835,68.2530721567122
upper,-53.480000000000004,72.80471177407229,0.035546491343157106,0.0002606655689945386,28.132171761939748,52.672299990831874,68.15419020283107
upper,-53.44,72.8861903326771,0.03555698782695316,0.0002641603353319073,28.12386709658159,52.6896978405349,68.0553137945232
upper,-53.4,72.96769310779673,0.035567624307978475,0.00026766545131048984,28.115456667587484,52.70706621137104,67.95644264856743
upper,-53.36,73.04922042075749,0.03557840120272699,0.0002711810424937216,28.106940340066565,52.724405065725385,67.85757648125235
upper,-53.32,73.130772593846,0.035589318932733156,0.0002747072353461304,28.098317978213778,52.74171436552219,67.75871500836703
upper,-53.28,73.21234995032073,0.03560037792460823,0.00027824415724640874,28.089589445306558,52.75899407222267,67.65985794519186
upper,-53.239999999999995,73.29395281442387,0.035611578610077174,0.0002817919365006548,28.08075460370143,52.776244146822776,67.56100500648857
upper,-53.2,73.37558151139275,0.03562292142601588,0.0002853507023557515,28.07181331483069,52.793464549850896,67.46215590649156
upper,-53.16,73.45723636747206,0.03563440681448923,0.0002889205850129388,28.062765439198838,52.81065524136553,67.36331035889764
upper,-53.120000000000005,73.5389177099255,0.035646035222789425,0.0002925017156415224,28.0536108363792,52.82781618095298,67.26446807685674
upper,-53.08,73.62062586704799,0.035657807103475075,0.00029609422639277465,28.044349365010273,52.84494732772486,67.16562877296238
upper,-53.04,73.70236116817765,0.03566972291441067,0.0002996982504139938,28.034980882792254,52.86204864031586,67.0667921592417
upper,-53.0,73.78412394370808,0.03568178311880677,0.0003033139218627424,28.025505246483345,52.879120076881186,66.96795794714593
upper,-52.96,73.86591452510066,0.03569398818526069,0.00030694137592126875,28.015922311896077,52.896161595094114,66.86912584754043
upper,-52.92,73.94773324489695,0.03570633858779775,0.0003105807488111016,28.006231933893634,52.91317315214352,66.77029557069476
upper,-52.879999999999995,74.02958043673112,0.035718834805913195,0.00031423217780783433,27.996433966386036,52.930154704731336,66.67146682627278
upper,-52.84,74.11145643534252,0.03573147732461459,0.00031789580125609257,27.98652826232637,52.94710620906995,66.57263932332276
upper,-52.8,74.19336157658857,0.03574426663446493,0.00032157175858470567,27.976514673706898,52.96402762087969,66.47381277026696
upper,-52.76,74.27529619745722,0.035757203231626324,0.000325260190322051,27.96639305155516,52.980918895386075,66.37498687489192
upper,-52.72,74.35726063608008,0.03577028761790421,0.0003289612381116163,27.956163245930036,52.997779987317294,66.27616134433786
upper,-52.68,74.43925523174532,0.035783520300792425,0.0003326750447277532,27.94582510591768,53.01461085090139,66.1773358850885
upper,-52.64,74.52128032491076,0.03579690179351857,0.00033640175409163723,27.935378479627566,53.03141143986362,66.07851020296084
upper,-52.599999999999994,74.60333625721705,0.03581043261509033,0.00034014151128743694,27.924823214188294,53.048181707423616,65.97968400309455
upper,-52.56,74.68542337150097,0.035824113290342297,0.0003438944625786952,27.914159155743477,53.06492160629265,65.88085698994159
upper,-52.519999999999996,74.76754201180893,0.035837944349983476,0.00034766075542492906,27.90338614944752,53.08163108867077,65.78202886725552
upper,-52.480000000000004,74.84969252341027,0.03585192633064544,0.0003514405384984414,27.892504039461386,53.098310106243886,65.68319933808105
upper,-52.44,74.93187525281125,0.0358660597749312,0.0003552339617013716,27.881512668948265,53.114958610181006,65.58436810474294
upper,-52.4,75.01409054776835,0.0358803452314647,0.0003590411761829482,27.870411880069252,53.13157655113117,65.48553486883571
upper,-52.36,75.09633875730248,0.03589478325494116,0.0003628623343570041,27.859201513978867,53.14816387922046,65.3866993312123
upper,-52.32,75.17862023171278,0.03590937440617786,0.00036669758991970605,27.84788141082067,53.164720544049125,65.28786119197332
upper,-52.28,75.26093532259077,0.03592411925216595,0.0003705470978675275,27.836451409722663,53.18124649468838,65.18902015045605
upper,-52.239999999999995,75.34328438283457,0.03593901836612268,0.0003744110145154752,27.824911348792806,53.197741679677456,65.09017590522322
upper,-52.2,75.42566776666312,0.03595407232754461,0.0003782894975155488,27.8132610651143,53.21420604702032,64.9913281540518
upper,-52.16,75.50808582963082,0.03596928172226144,0.00038218270587547147,27.801500394740955,53.23063954418266,64.89247659392176
upper,-52.120000000000005,75.59053892864188,0.03598464714249059,0.0003860907999776587,27.789629172692436,53.24704211808859,64.79362092100477
upper,-52.08,75.67302742196527,0.03600016918689261,0.0003900139415984684,27.777647232949462,53.263413715117444,64.6947608306525
upper,-52.04,75.75555166924936,0.036015848460627276,0.00039395229392770014,27.765554408448978,53.27975428110053,64.59589601738534
upper,-52.0,75.83811203153691,0.03603168557541059,0.00039790602158837725,27.753350531079192,53.29606376131768,64.49702617488065
upper,-51.96,75.9207088712803,0.036047681149572464,0.00040187529065680266,27.741035431674646,53.312342100494064,64.39815099596085
upper,-51.92,76.00334255235657,0.03606383580811526,0.00040586026868289117,27.728608940011178,53.32858924279665,64.299270172582
upper,-51.879999999999995,76.08601344008288,0.03608015018277312,0.0004098611247107941,27.716070884800843,53.34480513183086,64.20038339582148
upper,-51.84,76.168721901232,0.03609662491207225,0.0004138780292998118,27.70342109368672,53.36098971063697,64.10149035586626
upper,-51.8,76.25146830404795,0.03611326064139184,0.00041791115454560394,27.69065939323775,53.377142921686705,64.00259074200058
upper,-51.76,76.3342530182617,0.036130058023026,0.00042196067410170033,27.67778560894343,53.39326470687958,63.903684242593926
upper,-51.72,76.41707641510725,0.03614701771624651,0.0004260267632013212,27.66479956520849,53.40935500753931,63.80477054508864
upper,-51.68,76.49993886733752,0.03616414038736643,0.0004301095986795081,27.65170108534751,53.42541376441021,63.705849335987494
upper,-51.64,76.58284074924065,0.036181426709804634,0.00043420935899557254,27.638489991579426,53.441440917653374,63.60692030084118
upper,-51.599999999999994,76.66578243665636,0.03619887736415125,0.0004383262242558741,27.62516610502202,53.45743640684304,63.50798312423582
upper,-51.56,76.74876430699244,0.03621649303823396,0.0004424603762369215,27.61172924568633,53.47340017096273,63.409037489780076
upper,-51.519999999999996,76.83178673924148,0.036234274427185326,0.00044661199840881794,27.59817923247097,53.48933214840144,63.3100830800923
upper,-51.480000000000004,76.91485011399749,0.03625222223351093,0.0004507812759590311,27.584515883156456,53.50523227694974,63.211119576788
upper,-51.44,76.99795481347317,0.03627033716715869,0.0004549683958165444,27.570739014399326,53.52110049379588,63.11214666046615
upper,-51.4,77.08110122151685,0.036288619945588824,0.00045917354667632314,27.556848441726373,53.53693673552175,63.013164010696656
upper,-51.36,77.16428972362978,0.03630707129384517,0.00046339691902417234,27.542843979528627,53.552740938098864,62.91417130600657
upper,-51.32,77.24752070698368,0.036325691944627155,0.0004676387051619455,27.528725441055435,53.56851303688434,62.81516822386718
upper,-51.28,77.33079456043836,0.03634448263836306,0.0004718990992331384,27.514492638408335,53.584252966616724,62.71615444068013
upper,-51.239999999999995,77.4141116745595,0.03636344412328421,0.00047617829724885596,27.500145382534896,53.59996066141181,62.617129631763916
upper,-51.2,77.49747244163655,0.036382577155500105,0.0004804764971141683,27.48568348322257,53.61563605475843,62.51809347134025
upper,-51.16,77.58087725570103,0.03640188249907482,0.0004847938986548717,27.47110674909232,53.63127907951419,62.41904563252
upper,-51.120000000000005,77.66432651254465,0.03642136092610429,0.0004891307036446342,27.456414987592346,53.646889667901085,62.319985787289504
upper,-51.08,77.74782060973796,0.03644101321679481,0.0004934871158325721,27.441608004991565,53.66246775150122,62.22091360649606
upper,-51.04,77.831359946649,0.036460840159542665,0.0004978633409712279,27.426685606373127,53.67801326125225,62.12182875983398
upper,-51.0,77.9149449244621,0.03648084255101472,0.0005022595868449826,27.411647595627826,53.69352612744297,62.02273091583014
upper,-50.96,77.99857594619708,0.0365010211962304,0.0005066760632988992,27.396493775447404,53.70900627970877,61.92361974182937
upper,-50.92,78.0822534167282,0.03652137690864456,0.0005111129822679986,27.381223947317864,53.72445364702699,61.82449490398007
upper,-50.879999999999995,78.16597774280393,0.03654191051023182,0.000515570557807008,27.365837911512525,53.73986815771234,61.72535606721895
upper,-50.84,78.2497493330663,0.03656262283157182,0.0005200490061205336,27.350335467085255,53.755249739412086,61.626202895256824
upper,-50.8,78.33356859807091,0.036583514711935945,0.0005245485455937355,27.334716411863354,53.7705983191014,61.52703505056289
upper,-50.76,78.41743595030684,0.036604586999375084,0.0005290693968234483,27.318980542440542,53.78591382307844,61.42785219434993
upper,-50.72,78.50135180421685,0.03662584055080876,0.0005336117826498045,27.303127654169792,53.801196176959515,61.32865398655887
upper,-50.68,78.58531657621799,0.03664727623211553,0.0005381759281883434,27.28715754115605,53.816445305674115,61.229440085843116
upper,-50.64,78.66933068472201,0.036668894918224594,0.0005427620608626227,27.27106999624894,53.83166113345993,61.13021014955327
upper,-50.599999999999994,78.75339455015637,0.03669069749320882,0.0005473704104373421,27.254864811035347,53.84684358385779,61.03096383372106
upper,-50.56,78.83750859498512,0.03671268485037904,0.0005520012090519859,27.23854177583189,53.86199257970648,60.93170079304362
upper,-50.519999999999996,78.92167324373054,0.03673485789237974,0.0005566546912550136,27.22210067967731,53.87710804313765,60.83242068086705
upper,-50.480000000000004,79.00588892299412,0.03675721753128607,0.0005613310940385583,27.205541310324847,53.892189895570475,60.73312314917063
upper,-50.44,79.09015606147882,0.03677976468870239,0.0005660306568737179,27.188863454234365,53.907238057706365,60.63380784855004
upper,-50.4,79.17447509001063,0.03680250029586201,0.0005707536217463715,27.172066896564573,53.922252449523626,60.53447442820097
upper,-50.36,79.25884644156098,0.03682542529372862,0.0005755002331935953,27.155151421164994,53.93723299027194,60.43512253590232
upper,-50.32,79.34327055126899,0.036848540633099,0.0005802707383406467,27.138116810567944,53.95217959846688,60.33575181799936
upper,-50.28,79.42774785646428,0.03687184727470736,0.0005850653869385536,27.120962845980344,53.96709219188439,60.236361919386546
upper,-50.239999999999995,79.51227879668981,0.036895346189331095,0.0005898844314023057,27.103689307275474,53.98197068755505,60.13695248349036
upper,-50.2,79.59686381372497,0.036919038357898094,0.0005947281268496587,27.086295972984622,53.996815001758385,60.0375231522519
upper,-50.16,79.68150335160905,0.03694292477159575,0.0005995967311405859,27.068782620288594,54.01162505001708,59.93807356610909
upper,-50.120000000000005,79.76619785666473,0.036967006431981246,0.0006044905049173439,27.051149025009245,54.02640074709111,59.83860336397936
upper,-50.08,79.85094777752224,0.036991284351093875,0.0006094097116452302,27.0333949616007,54.04114200697187,59.73911218324112
upper,-50.04,79.93575356514322,0.037015759551568654,0.0006143546176539716,27.015520203140664,54.05584874287603,59.63959965971599
upper,-50.0,80.0206156728453,0.037040433066751775,0.0006193254921798189,26.997524521321534,54.07052086723959,59.54006542765035
upper,-49.96,80.10553455632683,0.03706530594081774,0.000624322607408326,26.97940768644139,54.08515829171168,59.440509119696706
upper,-49.92,80.19051067369163,0.03709037922888817,0.0006293462385178318,26.96116946739496,54.0997609271483,59.340930366895265
upper,-49.879999999999995,80.27554448547448,0.03711565399715242,0.0006343966637236755,26.94280963166436,54.114328683606054,59.241328798654685
upper,-49.84,80.3606364546663,0.03714113132298991,0.0006394741643231304,26.92432794530984,54.12886147033571,59.14170404273321
upper,-49.8,80.44578704674036,0.03716681229509444,0.0006445790247411166,26.905724172960284,54.14335919577579,59.042055725219086
upper,-49.76,80.53099672967787,0.03719269801360002,0.000649711532576631,26.886998077803774,54.15782176754597,58.94238347051138
upper,-49.72,80.61626597399476,0.037218789590208946,0.0006548719786500156,26.868149421577844,54.172249092440566,58.8426869012999
upper,-49.68,80.70159525276813,0.03724508814832158,0.0006600606570509728,26.849177964559715,54.18664107642161,58.74296563854548
upper,-49.64,80.78698504166326,0.03727159482316801,0.0006652778651874162,26.830083465556466,54.200997624612285,58.64321930145967
upper,-49.599999999999994,80.87243581896084,0.037298310761941865,0.0006705239038351425,26.810865681894942,54.2153186412899,58.54344750748449
upper,-49.56,80.95794806558457,0.03732523712393601,0.0006757990771883471,26.791524369411647,54.229604029878956,58.44364987227169
upper,-49.519999999999996,81.04352226512914,0.037352375080680296,0.0006811036929110069,26.772059282442477,54.243853692944114,58.34382600966199
upper,-49.480000000000004,81.12915890388818,0.03737972581608138,0.0006864380621891234,26.752470173812334,54.258067532183034,58.24397553166401
upper,-49.44,81.21485847088314,0.037407290526564704,0.0006918024997838912,26.732756794824585,54.272245448419184,58.144098048432895
upper,-49.4,81.30062145789181,0.037435070421218554,0.0006971973240857451,26.712918895250443,54.286387341594434,58.04419316824898
upper,-49.36,81.38644835947773,0.03746306672194032,0.0007026228571693702,26.69295622331815,54.30049311076171,57.94426049749578
upper,-49.32,81.47233967301963,0.03749128066358503,0.000708079424849644,26.67286852570208,54.31456265407745,57.84429964063817
upper,-49.28,81.55829589874129,0.03751971349411603,0.0007135673567385585,26.65265554751167,54.328595868794025,57.74431020019991
upper,-49.239999999999995,81.64431753974182,0.03754836647475805,0.0007190869863031283,26.63231703228026,54.34259265125202,57.64429177674138
upper,-49.2,81.73040510202611,0.0375772408801526,0.0007246386509243075,26.61185272195373,54.35655289687242,57.54424396883668
upper,-49.16,81.81655909453598,0.03760633799851569,0.0007302226919569508,26.59126235687904,54.37047650014876,57.44416637305048
upper,-49.120000000000005,81.90278002918114,0.03763565913179802,0.0007358394547908034,26.570545675792598,54.38436335463906,57.344058583915015
upper,-49.08,81.98906842087125,0.037665205595847615,0.0007414892889125919,26.54970241580852,54.398213352957804,57.24392019390617
upper,-49.04,82.07542478754756,0.037694978720574944,0.0007471725479691882,26.528732312406714,54.41202638676762,57.14375079342004
upper,-49.0,82.16184965021567,0.03772497985012065,0.0007528895898319119,26.50763509942078,54.425802346771086,57.04354997074846
upper,-48.96,82.24834353297814,0.0377552103430258,0.0007586407766619562,26.486410509025852,54.43954112270227,56.943317312054816
upper,-48.92,82.33490696306771,0.037785671572404776,0.0007644264749769956,26.465058271726186,54.45324260331816,56.84305240134936
upper,-48.879999999999995,82.42154047088098,0.037816364926120984,0.0007702470557189778,26.443578116342636,54.466906676390074,56.742754820464164
upper,-48.84,82.50824459001237,0.0378472918069651,0.0007761028943231264,26.42196976999999,54.48053322869493,56.64242414902791
upper,-48.8,82.59501985728852,0.037878453632836255,0.0007819943707881921,26.40023295811409,54.49412214600633,56.54205996444036
upper,-48.76,82.68186681280314,0.037909851836925995,0.0007879218697479645,26.378367404378842,54.50767331308562,56.441661841846475
upper,-48.72,82.76878599995224,0.03794148786790512,0.0007938857805440787,26.356372830753024,54.52118661367278,56.3412293541102
upper,-48.68,82.85577796546997,0.0379733631901135,0.0007998864973001511,26.33424895744693,54.534661930477256,56.24076207178798
upper,-48.64,82.94284325946454,0.03800547928375282,0.0008059244189972466,26.311995502908857,54.54809914516854,56.140259563102134
upper,-48.599999999999994,83.02998243545491,0.038037837645082465,0.000811999949550739,26.289612183811403,54.56149813836683,56.03972139391348
upper,-48.56,83.11719605040783,0.03807043978661839,0.0008181134978885723,26.26709871503759,54.574858789633325,55.93914712769408
upper,-48.519999999999996,83.20448466477531,0.03810328723733531,0.0008242654780309614,26.24445480966679,54.588180977460645,55.838536325499255
upper,-48.480000000000004,83.29184884253252,0.03813638154287185,0.0008304563091715487,26.221680178960558,54.60146457926293,55.737888545939775
upper,-48.44,83.37928915121631,0.0381697242657393,0.000836686415760081,26.198774532348096,54.61470947136586,55.63720334515305
upper,-48.4,83.46680616196406,0.03820331698553342,0.0008429562275865979,26.17573757741176,54.62791552899666,55.536480276774505
upper,-48.36,83.5544004495531,0.03823716129914982,0.0008492661798671968,26.15256901987215,54.64108262627373,55.435718891908394
upper,-48.32,83.64207259244064,0.03827125882100275,0.0008556167133313953,26.129268563573184,54.65421063619643,55.33491873909817
upper,-48.28,83.72982317280407,0.03830561118324736,0.0008620082743111168,26.105835910466865,54.667299430634465,55.234079364296676
upper,-48.239999999999995,83.81765277658202,0.03834022003600561,0.000868441314831357,26.08227076059793,54.680348880317325,55.13320031083587
upper,-48.2,83.90556199351569,0.03837508704759592,0.0008749162927025522,26.058572812088173,54.69335885482343,55.0322811193961
upper,-48.16,83.9935514171909,0.03841021390476637,0.0008814336716146876,26.0347417611207,54.70632922256928,54.93132132797504
upper,-48.120000000000005,84.08162164508049,0.03844560231293182,0.000887993921233183,26.0107773019239,54.719259850798316,54.83032047185642
upper,-48.08,84.16977327858748,0.03848125399641488,0.0008945975172966101,25.986679126755206,54.73215060556973,54.729278083578
upper,-48.04,84.25800692308867,0.03851717069869084,0.0009012449417162627,25.96244692588464,54.7450013517471,54.62819369289944
upper,-48.0,84.34632318797875,0.03855335418263657,0.0009079366826776242,25.93808038757816,54.75781195298681,54.52706682676964
upper,-47.96,84.43472268671516,0.03858980623078357,0.000914673234743791,25.913579198080747,54.77058227172644,54.42589700929362
upper,-47.92,84.52320603686327,0.03862652864557515,0.000921455098960865,25.88894304159933,54.78331216917285,54.3246837616991
upper,-47.88,84.61177386014253,0.03866352324962796,0.0009282827829654065,25.864171600285353,54.79600150529023,54.22342660230246
upper,-47.839999999999996,84.7004267824728,0.03870079188599769,0.0009351568010939272,25.839264554217284,54.80865013878791,54.122125046474494
upper,-47.8,84.78916543402163,0.038738336418449364,0.0009420776744945378,25.814221581382725,54.82125792710801,54.02077860660559
upper,-47.76,84.877990449252,0.03877615873173206,0.0009490459312407525,25.789042357660364,54.83382472641295,53.91938679207028
upper,-47.72,84.9669024669707,0.03881426073185824,0.0009560621064475183,25.76372655680166,54.84635039157279,53.81794910919175
upper,-47.68,85.05590213037746,0.038852644346387764,0.0009631267423895173,25.738273850412263,54.85883477615234,53.716465061205426
upper,-47.64,85.14499008711456,0.03889131152471665,0.0009702403886217799,25.712683907933233,54.87127773239816,53.6149341482225
upper,-47.6,85.23416698931739,0.038930264238370815,0.0009774036021027012,25.686956396621902,54.88367911122537,53.51335586719246
upper,-47.56,85.32343349366519,0.03896950448130461,0.0009846169473194436,25.661090981532602,54.89603876220416,53.41172971186588
upper,-47.519999999999996,85.41279026143322,0.039009034270204634,0.0009918809964158833,25.635087325496976,54.90835653354635,53.31005517275565
upper,-47.48,85.50223795854477,0.03904885564479849,0.0009991963293230375,25.608945089104168,54.920632272091495,53.20833173709896
upper,-47.44,85.59177725562473,0.03908897066816905,0.0010065635338921517,25.582663930680592,54.93286582329301,53.10655888881748
upper,-47.4,85.68140882805322,0.03912938142707383,0.0010139832060304017,25.556243506269553,54.945057031203945,53.004736108478035
upper,-47.36,85.77113335602026,0.039170090032270066,0.0010214559498393505,25.529683469610497,54.95720573846269,52.90286287325227
upper,-47.32,85.8609515245812,0.039211098618845294,0.0010289823777561787,25.502983472117986,54.96931178627834,52.800938656875694
upper,-47.28,85.95086402371292,0.039252409346553704,0.0010365631106977818,25.476143162860353,54.981375014416,52.698962929606296
upper,-47.24,86.04087154837063,0.039294024400158147,0.0010441987782077587,25.449162188538146,54.993395261181746,52.59693515818286
upper,-47.2,86.13097479854558,0.03933594598977821,0.001051890018606419,25.422040193462202,55.005372363407524,52.494854805782126
upper,-47.16,86.22117447932378,0.03937817635124447,0.00105963747914384,25.394776819531334,55.01730615643561,52.392721331975835
upper,-47.12,86.31147130094506,0.03942071774645862,0.0010674418161560405,25.36737170620988,55.029196474103074,52.29053419268711
upper,-47.08,86.40186597886343,0.039463572463760185,0.001075303695224382,25.339824490504768,55.04104314872596,52.188292840145834
upper,-47.04,86.49235923380802,0.039506742818299585,0.0010832237913382362,25.312134806942336,55.05284601108311,52.08599672284408
upper,-47.0,86.582951791845,0.039550231152417695,0.0010912027890610187,25.28430228754479,55.06460489039989,51.983645285490326
upper,-46.96,86.67364438444032,0.03959403983603226,0.001099241382699667,25.25632656180634,55.07631961433168,51.88123796896323
upper,-46.92,86.7644377485233,0.039638171267031036,0.0011073402764776314,25.228207256668973,55.087990008947024,51.778774210264885
upper,-46.88,86.85533262655134,0.03968262787167198,0.0011155001847114865,25.199943996497886,55.09961589871065,51.67625344247322
upper,-46.839999999999996,86.94632976657525,0.039727412104990596,0.0011237218319912355,25.171536403056542,55.111197106466165,51.573675094693805
upper,-46.8,87.0374299223057,0.039772526451214464,0.0011320059533643835,25.142984095481438,55.122733453418505,51.471038592011
upper,-46.76,87.12863385318077,0.039817973424185416,0.001140353294523926,25.11428669025633,55.13422475911617,51.36834335543826
upper,-46.72,87.21994232443404,0.03986375556778903,0.0011487646120002634,25.08544380118632,55.14567084143315,51.265588801868034
upper,-46.68,87.31135610716419,0.03990987545639218,0.0011572406733572278,25.05645503937133,55.15707151655064,51.1627743440204
upper,-46.64,87.40287597840523,0.03995633569528824,0.0011657822573922464,25.027320013179356,55.16842659893837,51.05989939039162
upper,-46.6,87.49450272119795,0.04000313892115056,0.001174390154340801,24.998038328219227,55.17973590133585,50.95696334520142
upper,-46.56,87.58623712466233,0.040050287802494165,0.0011830651660852513,24.968609587312983,55.1909992347331,50.853965608339806
upper,-46.519999999999996,87.67807998407113,0.04009778504014588,0.0011918081063681584,24.939033390467845,55.20221640835131,50.750905575312785
upper,-46.48,87.7700321009243,0.04014563336772296,0.00120061980101018,24.909309334847826,55.21338722962306,50.64778263718785
upper,-46.44,87.86209428302496,0.040193835552120846,0.0012095010881327261,24.879437014744777,55.22451150417235,50.544596180537916
upper,-46.4,87.95426734455602,0.040242394394009624,0.0012184528183854018,24.84941602154909,55.23558903579415,50.441345587385065
upper,-46.36,88.04655210615827,0.04029131272833977,0.001227475855178428,24.819245943719977,55.24661962643393,50.33803023514301
upper,-46.32,88.1389493950095,0.040340593424857345,0.0012365710749201299,24.78892636675526,55.25760307616662,50.2346494965591
upper,-46.28,88.23146004490478,0.040390239388628686,0.0012457393672596349,24.7584568731607,55.26853918317532,50.13120273965512
upper,-46.24,88.32408489633822,0.04044025356057515,0.0012549816353349293,24.727837042418827,55.27942774372982,50.02768932766718
upper,-46.2,88.41682479658547,0.04049063891801749,0.001264298796026349,24.697066450957404,55.29026855216456,49.92410861898517
upper,-46.16,88.50968059978807,0.04054139847523089,0.0012736917802157273,24.66614467211728,55.30106140085644,49.820459967090706
upper,-46.12,88.60265316703858,0.04059253528401024,0.0012831615330512814,24.6350712761198,55.311806080202196,49.71674272049444
upper,-46.08,88.69574336646731,0.04064405243424615,0.001292709014218409,24.603845830033745,55.32250237859548,49.61295622267244
upper,-46.04,88.78895207333036,0.040695953054512075,0.0013023351982165549,24.572467897741667,55.333150082403485,49.50909981200138
upper,-46.0,88.88228017009878,0.040748240312662345,0.001312041074642277,24.54093703990585,55.34374897594338,49.40517282169306
upper,-45.96,88.97572854654948,0.04080091741644195,0.0013218276484787158,24.509252813933543,55.354298841458146,49.3011745797276
upper,-45.92,89.06929809985725,0.040853987614107884,0.0013316959403915983,24.47741477394181,55.36479945909229,49.197104408785684
upper,-45.88,89.16298973468838,0.04090745419506241,0.0013416469870319535,24.445422470721766,55.37525060686697,49.092961626179864
upper,-45.839999999999996,89.2568043632957,0.04096132049049872,0.0013516818413457342,24.41327545170223,55.38565206065482,48.98874554378469
upper,-45.8,89.35074290561501,0.04101558987405897,0.0013618015728905028,24.38097326091286,55.39600359415432,48.884455467965886
upper,-45.76,89.44480628936329,0.04107026576250526,0.0013720072681594076,24.348515438946617,55.40630497886393,48.78009069950801
upper,-45.72,89.53899545013817,0.04112535161640368,0.0013823000309125786,24.315901522921685,55.416555984055535,48.6756505335415
upper,-45.68,89.63331133151925,0.041180850940821634,0.0013926809825162063,24.283131046442826,55.42675637674768,48.57113425946827
upper,-45.64,89.72775488517075,0.041236767286039096,0.0014031512622894693,24.250203539562005,55.43690592167835,48.466541160886116
upper,-45.6,89.82232707094605,0.04129310424827379,0.0014137120278595412,24.21711852873846,55.44700438127719,48.361870515511974
upper,-45.56,89.91702885699382,0.04134986547042067,0.001424364455524877,24.183875536798126,55.45705151563743,48.25712159510396
upper,-45.519999999999996,90.01186121986585,0.0414070546428063,0.0014351097406270243,24.150474082892327,55.46704708248722,48.15229366538216
upper,-45.48,90.10682514462654,0.041464675503958055,0.0014459490979311653,24.1169136824559,55.476990837160635,48.04738598594805
upper,-45.44,90.20192162496444,0.04152273184138888,0.0014568837620156571,24.083193847164544,55.48688253256807,47.94239781020271
upper,-45.4,90.2971516633053,0.041581227492397746,0.0014679149876707907,24.049314084891527,55.49672191916627,47.837328385263646
upper,-45.36,90.39251627092715,0.04164016634488627,0.001479044050307029,24.01527389966365,55.506508744927785,47.7321769518803
upper,-45.32,90.48801646807716,0.041699552338191836,0.0014902722463729944,23.981072791616487,55.51624275530991,47.62694274434814
upper,-45.28,90.58365328409063,0.04175938946393764,0.001501600893783466,23.94671025694892,55.52592369322329,47.521624990421294
upper,-45.24,90.6794277575117,0.04181968176690008,0.0015130313323576676,23.91218578787683,55.535551298999714,47.416222911223805
upper,-45.199999999999996,90.7753409362162,0.04188043334589394,0.0015245649242681305,23.877498872586102,55.54512531035958,47.31073572115945
upper,-45.16,90.87139387753646,0.04194164835467548,0.0015362030545004134,23.842648995184856,55.55464546237881,47.20516262781996
upper,-45.12,90.9675876483885,0.042003331002864616,0.001547947131324046,23.807635635654712,55.5641114874551,47.09950283189163
upper,-45.08,91.0639233254009,0.042065485556885676,0.0015597985867748985,23.772458269801444,55.57352311527368,46.99375552706063
upper,-45.04,91.16040199504619,0.042128116340927925,0.001571758877149415,23.737116369204696,55.58288007277253,46.887919899916504
upper,-45.0,91.25702475377432,0.042191227737926204,0.0015838294835109888,23.701609401166774,55.59218208410686,46.78199512985403
upper,-44.96,91.35379270814852,0.0422548241905618,0.0015960119122088215,23.665936828660712,55.60142887061318,46.675980388973535
upper,-44.92,91.45070697498326,0.04231891020228456,0.0016083076954096487,23.63009811027732,55.61062015077256,46.56987484197939
upper,-44.88,91.54776868148483,0.04238349033835637,0.0016207183916426807,23.594092700171423,55.61975564017347,46.46367764607693
upper,-44.839999999999996,91.6449789653942,0.04244856922691687,0.001633245586358171,23.55792004800705,55.62883505147381,46.35738795086723
upper,-44.8,91.74233897513221,0.042514151560071566,0.0016458908924999263,23.521579598901837,55.63785809436228,46.25100489824072
upper,-44.76,91.83984986994778,0.042580242095003454,0.001658655951092313,23.485070793370248,55.64682447551928,46.14452762226815
upper,-44.72,91.937512820068,0.04264684565510804,0.0016715424318419821,23.448393067266036,55.65573389857694,46.037955249090274
upper,-44.68,92.03532900685136,0.04271396713115302,0.001684552033754927,23.411545851723517,55.664586064078435,45.93128689680544
upper,-44.64,92.13329962294354,0.04278161148246285,0.0016976864857692249,23.374528573097873,55.673380669436746,45.82452167535493
upper,-44.6,92.23142587243585,0.04284978373812893,0.001710947547403924,23.337340652904444,55.682117408892594,45.717658686406786
upper,-44.56,92.32970897102655,0.04291848899824612,0.0017243370094246196,23.29998150775684,55.69079597347161,45.610697023237066
upper,-44.519999999999996,92.42815014618503,0.04298773243517617,0.0017378566945261292,23.262450549304067,55.699416050940805,45.503635770609364
upper,-44.48,92.5267506373189,0.04305751929483881,0.001751508458032846,23.224747184166446,55.707977325764276,45.39647400465204
upper,-44.44,92.62551169594407,0.04312785489803134,0.0017652941886172684,23.186870813870392,55.71647947905803,45.28921079273313
upper,-44.4,92.7244345858579,0.04319874464177716,0.0017792158090372578,23.148820834782036,55.72492218854406,45.18184519333325
upper,-44.36,92.82352058331554,0.043270194000704296,0.0017932752768925824,23.110596638039645,55.73330512850361,45.07437625591608
upper,-44.32,92.92277097720923,0.04334220852845442,0.0018074745854013382,23.072197609484853,55.7416279697296,44.9668030207964
upper,-44.28,93.02218706925125,0.04341479385912367,0.0018218157641968818,23.03362312959247,55.74989037947809,44.85912451900589
upper,-44.24,93.1217701741598,0.043487955708735315,0.0018363008801458186,22.994872573399274,55.75809202141899,44.75133977215642
upper,-44.199999999999996,93.22152161984859,0.043561699876745956,0.0018509320381877971,22.955945310431254,55.766232555585816,44.64344779230081
upper,-44.16,93.32144274761973,0.043636032247585554,0.0018657113821976986,22.916840704629635,55.77431163832447,44.53544758179102
upper,-44.12,93.42153491236037,0.04371095879223251,0.001880641095870967,22.87755811427548,55.782328922241135,44.42733813313373
upper,-44.08,93.52179948274285,0.04378648556982457,0.0018957234036327678,22.83809689191291,55.79028405614925,44.319118428843126
upper,-44.04,93.62223784142859,0.04386261872930655,0.0019109605715717161,22.798456384270917,55.79817668501535,44.21078744129128
upper,-44.0,93.7228513852759,0.04393936451111608,0.0019263549083989864,22.758635932183616,55.80600644990409,44.10234413255524
upper,-43.96,93.82364152555161,0.04401672924890806,0.001941908766433539,22.71863487050909,55.813772987922036,43.99378745426157
upper,-43.92,93.92460968814669,0.04409471937131909,0.001957624542614343,22.678452528046673,55.82147593216062,43.885116347427925
upper,-43.88,94.02575731379602,0.04417334140377304,0.0019735046795404144,22.638088227452624,55.82911491163773,43.77632974230146
upper,-43.839999999999996,94.1270858583024,0.04425260197032872,0.0019895516665395935,22.597541285154215,55.836689551238585,43.66742655819424
upper,-43.8,94.22859679276453,0.04433250779557084,0.0020057680407669105,22.55681101126221,55.844199471655024,43.55840570331566
upper,-43.76,94.3302916038099,0.04441306570654566,0.0020221563883335994,22.515896709481567,55.85164428932401,43.44926607460132
upper,-43.72,94.43217179383169,0.04449428263474228,0.002038719345467638,22.47479767702051,55.85902361636481,43.340006557538736
upper,-43.68,94.53423888123046,0.044576165618121125,0.0020554595997068987,22.433513204497775,55.866337060514894,43.23062602598987
upper,-43.64,94.63649440066062,0.044658721803190665,0.0020723798911259582,22.392042575848073,55.87358422506471,43.12112334200988
upper,-43.6,94.73893990328159,0.044741958447134064,0.002089483013597657,22.3503850682257,55.88076470879113,43.01149735566251
upper,-43.56,94.8415769570139,0.044825882919987,0.002106771816090574,22.308539951906205,55.8878781058896,42.901746904831725
upper,-43.519999999999996,94.94440714680044,0.04491050270686792,0.002124249204003551,22.26650649018621,55.89492400590502,42.79187081502975
upper,-43.48,95.04743207487269,0.044995825410262605,0.0021419181405385296,22.224283939281197,55.9019019936611,42.681867899201436
upper,-43.44,95.15065336102255,0.04508185875236455,0.0021597816481130168,22.181871548221153,55.90881164918852,42.57173695752415
upper,-43.4,95.25407264287934,0.04516861057747238,0.0021778428098133927,22.139268558744313,55.91565254765155,42.46147677720434
upper,-43.36,95.35769157619238,0.045256088854446326,0.0021961047708905133,22.096474205188677,55.92242425927318,42.35108613226967
upper,-43.32,95.46151183511951,0.04534430167922568,0.0022145707402990507,22.053487714381237,55.92912634925883,42.240563783356876
upper,-43.28,95.5655351125211,0.04543325727740817,0.002233243992281943,22.010308305525193,55.9357583777185,42.129908477495626
upper,-43.24,95.66976312026031,0.04552296400689423,0.0022521278680016354,21.966935190084612,55.94231989958728,42.01911894788762
upper,-43.199999999999996,95.77419758950946,0.04561343036059705,0.0022712257772195847,21.923367571666905,55.94881046454433,41.908193913681444
upper,-43.16,95.87884027106237,0.04570466496922094,0.0022905412000257313,21.879604645902855,55.95522961693014,41.7971320797427
upper,-43.12,95.98369293565379,0.04579667660411008,0.002310077688619717,21.835645600324057,55.96157689566214,41.68593213641928
upper,-43.08,96.08875737428475,0.04588947418016924,0.0023298388691455185,21.79148961423798,55.96785183414858,41.57459275930189
upper,-43.04,96.1940353985551,0.04598306675885928,0.002349828443581475,21.7471358586003,55.97405396020055,41.46311260897957
upper,-43.0,96.29952884100295,0.04607746355126923,0.0023700501916875693,21.702583495884603,55.98018279594226,41.35149033079001
upper,-42.96,96.40523955545108,0.04617267392126749,0.0023905079730119957,21.65783167994939,55.986237857719395,41.239724554564745
upper,-42.92,96.51116941736083,0.046268707388734495,0.0024112057289591288,21.612879555902182,55.99221865600554,41.12781389436885
upper,-42.88,96.61732032419346,0.046365573632879443,0.00243214748492104,21.5677262599608,55.9981246953067,41.015756948235044
upper,-42.839999999999996,96.72369419577919,0.046463282495643445,0.00245333735247483,21.522370919311683,56.003955474063744,40.9035522978923
upper,-42.8,96.830292974694,0.04656184398519203,0.002474779531648133,21.476812651965158,56.00971048455271,40.79119850848851
upper,-42.76,96.9371186266449,0.04666126827949966,0.002496478313255273,21.431050566607592,56.015389212783134,40.67869412830719
upper,-42.72,97.04417314086314,0.046761565730029174,0.002518438081306582,21.385083762450314,56.02099113839405,40.566037688478026
upper,-42.68,97.15145853050619,0.046862746865508995,0.002540663315493549,21.338911329075344,56.02651573454787,40.45322770268117
upper,-42.64,97.25897683306842,0.04696482239581144,0.0025631585937525834,21.292532346277646,56.03196246782183,40.340262666844986
upper,-42.6,97.36673011080076,0.04706780321593513,0.0025859285949102573,21.245945883903993,56.03733079809714,40.227141058837326
upper,-42.56,97.47472045113972,0.04717170041009489,0.0026089781014130378,21.199151001688225,56.04262017844577,40.11386133814974
upper,-42.519999999999996,97.58294996714575,0.04727652525592265,0.0026323120021446303,21.152146749082902,56.04783005501465,40.00042194557483
upper,-42.48,97.69142079795142,0.04738228922878266,0.0026559352953341685,21.104932165087202,56.05295986690724,39.88682130287656
upper,-42.44,97.80013510921984,0.047489004006205204,0.0026798530915587452,21.057506278070896,56.058009046062764,39.77305781245261
upper,-42.4,97.90909509361293,0.04759668147244207,0.0027040706168436645,21.00986810559447,56.06297701713235,39.65912985698995
upper,-42.36,98.01830297127077,0.047705333723148294,0.002728593215864279,20.96201665422508,56.067863197352715,39.545035799111744
upper,-42.32,98.12776099030134,0.047814973070193764,0.0027534263552531093,20.913950919348444,56.07266699641682,39.43077398101707
upper,-42.28,98.23747142728189,0.047925612046609584,0.0027785756270164086,20.86566988497632,56.077387816341705,39.31634272411163
upper,-42.24,98.34743658777157,0.0480372634116733,0.002804046752064268,20.8171725235496,56.08202505133318,39.201740328630464
upper,-42.199999999999996,98.45765880683581,0.04814994015613745,0.0028298455838586473,20.76845779573694,56.086578087647545,39.08696507325186
upper,-42.16,98.56814044958303,0.04826365550760676,0.0028559781121839573,20.71952465022861,56.091046303450085,38.972015214702104
upper,-42.12,98.67888391171384,0.04837842293606853,0.002882450467044914,20.670372023525594,56.09542906867021,38.85688898735118
upper,-42.08,98.78989162008287,0.048494256159581604,0.002909268922696643,20.62099883972378,56.09972574485343,38.74158460279892
upper,-42.04,98.90116603327408,0.04861116915012923,0.002936439901812276,20.571404010293005,56.10393568500959,38.626100249451554
upper,-42.0,99.01270964218963,0.0487291761396416,0.0029639699797934555,20.5215864338509,56.10805823345782,38.51043409208776
upper,-41.96,99.12452497065259,0.04884829162619353,0.002991865889229394,20.471544995931403,56.112092725667594,38.39458427141505
upper,-41.92,99.23661457602421,0.04896853038038386,0.003020134524510514,20.421278568747628,56.116038488096166,38.27854890361486
upper,-41.88,99.34898104983601,0.0490899074519023,0.003048782946602775,20.370786010949153,56.119894838022084,38.162326079877126
upper,-41.839999999999996,99.46162701843718,0.04921243817629086,0.0030778183879892765,20.320066167373337,56.12366108337464,38.045913865923396
upper,-41.8,99.57455514365745,0.049336138181906075,0.003107248257785824,20.26911786879071,56.12733652255929,37.929310301518484
upper,-41.76,99.68776812348658,0.04946102339708986,0.003137080147037721,20.217939931643976,56.13092044427886,37.81251339996979
upper,-41.72,99.80126869277011,0.0495871100575555,0.003167321834205008,20.166531157780827,56.13441212735026,37.69552114761485
upper,-41.68,99.91505962392262,0.049714414713997436,0.0031979812908441685,20.11489033417994,56.13781084051686,37.57833150329574
upper,-41.64,100.0291437276585,0.04984295423993204,0.0032290666874942634,20.06301623267031,56.141115842256106,37.460942397820624
upper,-41.6,100.14352385374092,0.04997274583977811,0.0032605863997761243,20.010907609643574,56.1443263805825,37.3433517334118
upper,-41.56,100.25820289174992,0.05010380705718597,0.003292549014713566,19.958563205759,56.1474416928455,37.22555738313982
upper,-41.519999999999996,100.37318377186948,0.05023615578362381,0.003324963337285921,19.90598174564114,56.15046100552254,37.107557190343215
upper,-41.48,100.48846946569469,0.05036981026723072,0.003357838397221713,19.85316193756985,56.15338353400671,36.98934896803382
upper,-41.44,100.60406298705989,0.05050478912194713,0.0033911834560439295,19.800102473162188,56.156208482389054,36.87093049828627
upper,-41.4,100.71996739288741,0.050641111336931444,0.003425008014377412,19.746802027046396,56.158935043235424,36.75229953161239
upper,-41.36,100.83618578405884,0.050778796286275095,0.003459321819529972,19.693259256527277,56.16156239735746,36.63345378631892
upper,-41.32,100.95272130630853,0.0509178637390261,0.0034941348733589063,19.639472801242995,56.164089713577766,36.51439094784891
upper,-41.28,101.06957715114059,0.05105833386953325,0.003529457440435492,19.585441282812887,56.16651614848902,36.395108668105614
upper,-41.24,101.18675655676992,0.0512002272681233,0.0035653000565205525,19.531163304475974,56.16884084620669,36.2756045647586
upper,-41.199999999999996,101.30426280908816,0.05134356495212323,0.003601673537364746,19.476637450720037,56.171062938115334,36.15587622053174
upper,-41.16,101.42209924265521,0.051488368377241654,0.0036385889878481734,19.421862286900694,56.173181542608205,36.03592118247181
upper,-41.12,101.54026924171741,0.05163465944932257,0.003676057811474334,19.366836358850424,56.175195764819954,35.91573696119786
upper,-41.08,101.65877624125298,0.051782460536486406,0.003714091720234465,19.31155819247698,56.177104696352124,35.79532103013013
upper,-41.04,101.77762372804573,0.05193179448167314,0.0037527027448589745,19.25602629335103,56.17890741499134,35.674670824698154
upper,-41.0,101.89681524178808,0.05208268461560367,0.0037919032454736194,19.20023914628252,56.18060298441984,35.5537837415273
upper,-40.96,102.01635437621428,0.05223515477017582,0.0038317059226790208,19.144195214885436,56.18219045391817,35.43265713760278
upper,-40.92,102.13624478026466,0.05238922929231211,0.0038721238290728914,19.08789294113066,56.183668858059704,35.31128832941087
upper,-40.88,102.25649015928242,0.05254493305827793,0.003913170381235688,19.03133074488635,56.18503721639678,35.18967459205602
upper,-40.839999999999996,102.37709427624372,0.05270229148848862,0.003954859372201219,18.97450702344551,56.18629453313817,35.067813158353324
upper,-40.8,102.49806095302202,0.05286133056282523,0.0039972049844348885,18.917420151040442,56.187439796817465,34.945701217895746
upper,-40.76,102.61939407168853,0.053022076836480456,0.004040221803343849,18.860068478343273,56.18847197995229,34.82333591609439
upper,-40.72,102.74109757584934,0.05318455745635548,0.004083924831343993,18.80245033195254,56.189390038693766,34.70071435319212
upper,-40.68,102.8631754720208,0.053348800178031563,0.004128329502510767,18.744564013864903,56.19019291246616,34.577833583248264
upper,-40.64,102.98563183104469,0.053514833383339525,0.004173451697841703,18.68640780093178,56.19087952359609,34.45469061309444
upper,-40.6,103.10847078954397,0.053682686098552375,0.004219307761160387,18.62797994430026,56.19144877693119,34.331282401260054
upper,-40.56,103.23169655142145,0.053852388013227837,0.004265914515693247,18.56927866883765,56.191899559447656,34.207605856866124
upper,-40.519999999999996,103.3553133894019,0.054023969499727466,0.004313289281352045,18.51030217253926,56.192230739846394,34.083657838486936
upper,-40.48,103.47932564662021,0.05419746163344222,0.004361449892757106,18.4510486259186,56.19244116813728,33.95943515297773
upper,-40.44,103.6037377382563,0.05437289621375395,0.0044104147180380315,18.391516171379592,56.19252967521122,33.834934554267704
upper,-40.4,103.72855415321924,0.05455030578576545,0.004460202678450918,18.33170292256993,56.19249507239938,33.710152742116605
upper,-40.36,103.85377945588196,0.054729723662832123,0.004510833268853249,18.27160696371498,56.19233615101942,33.58508636083384
upper,-40.32,103.97941828786858,0.05491118394993038,0.004562326579079927,18.21122634893156,56.192051681907806,33.45973199795883
upper,-40.28,104.10547536989625,0.05509472156790001,0.0046147033162665975,18.150559101520766,56.191640414938135,33.33408618290084
upper,-40.24,104.23195550367356,0.055280372278599076,0.004667984828168962,18.08960321323911,56.19110107852474,33.20814538553693
upper,-40.199999999999996,104.35886357385796,0.055468172711012835,0.00472219312752981,18.02835664354699,56.19043237911087,33.081906014766396
upper,-40.16,104.48620455007365,0.055658160388358316,0.004777350917548134,17.96681731883406,56.18963300064128,32.95536441702029
upper,-40.12,104.61398348899327,0.05585037375623157,0.0048334816185086685,17.904983131620025,56.18870160401817,32.82851687472378
upper,-40.08,104.74220553648503,0.05604485221184389,0.004890609395632913,17.84285193973036,56.187636826540185,32.70135960471
upper,-40.04,104.8708759298283,0.05624163613439749,0.004948759188216843,17.780421565445856,56.186437281323585,32.57388875658333
upper,-40.0,105.00000000000006,0.05644076691665385,0.005007956740124422,17.71768979462489,56.18510155670506,32.446100411030116
lower,-80.0,-3.81666561775622e-14,0.09042665101018808,-0.018874281742843266,11.058686668461638,33.55367392448556,31.238478934158135
lower,-79.96,0.2063848764581655,0.08968132147300077,-0.018395543493414962,11.150593942809568,33.612573688351304,31.50376357448208
lower,-79.92,0.41108322464552344,0.08895474734550735,-0.01793632196466953,11.241670960133472,33.67103964699538,31.766927881313517
lower,-79.88,0.6141371512508552,0.08824617012312116,-0.017495522473864527,11.33193654302276,33.729082089419585,32.02802425034305
lower,-79.84,0.8155870735618718,0.08755487351255457,-0.017072127975879783,11.421408767801019,33.78671089537563,32.28710297861012
lower,-79.8,1.0154718127520277,0.08688018046110203,-0.016665192440038883,11.51010500545311,33.84393555785304,32.544212380277685
lower,-79.76,1.2138286806513834,0.08622145043744037,-0.016273834884352745,11.598041959704323,33.90076520400051,32.7993988943245
lower,-79.72,1.4106935605504796,0.08557807693916114,-0.015897233993028486,11.685235702490912,33.95720861461262,33.052707184835704
lower,-79.68,1.606100982529917,0.08494948520503325,-0.015534623252429883,11.77170170703695,34.013274242300064,33.3041802345026
lower,-79.64,1.8000841937630463,0.08433513011241515,-0.015185286548715501,11.857454878732533,34.068970228450844,33.5538594318865
lower,-79.6,1.992675224194598,0.08373449424237044,-0.014848554177327061,11.942509583989231,34.12430441907902,33.80178465294623
lower,-79.56,2.183904947962474,0.08314708609690526,-0.014523799220506221,12.026879677232852,34.179284379649424,34.047994337284514
lower,-79.52,2.373803140894684,0.08257243845439581,-0.014210434254229276,12.110578526178479,34.23391740895777,34.29252555952507
lower,-79.48,2.5623985343828894,0.08201010685072667,-0.013907908350477229,12.193619035519392,34.28821055213879,34.535414096194295
lower,-79.44,2.749718865909026,0.0814596681749376,-0.01361570434469727,12.276013669150524,34.342170612868706,34.77669448845036
lower,-79.4,2.935790926474195,0.08092071936932074,-0.013333336341755772,12.357774471035256,34.39580416482186,35.016400100968674
lower,-79.36,3.1206406051598985,0.08039287622490732,-0.01306034743668477,12.43891308481609,34.4491175624369,35.25456317726942
lower,-79.32,3.304292931029762,0.07987577226418528,-0.012796307629160926,12.519440772260054,34.502116951042446,35.491214891744825
lower,-79.28,3.486772112563579,0.07936905770367876,-0.012540811912963806,12.599368430622679,34.55480827638834,35.72638539862453
lower,-79.24,3.668101574799242,0.07887239848973027,-0.012293478523691342,12.678706609007293,34.6071972936248,35.96010387809665
lower,-79.2,3.848303994342252,0.07838547540146285,-0.012053947329800864,12.757465523789344,34.65928957576763,36.192398579782505
lower,-79.16,4.027401332391812,0.07790798321545692,-0.011821878353616873,12.835655073170992,34.711090521685584,36.423296863750004
lower,-79.12,4.2054148659176285,0.07743962992719133,-0.011596950410344743,12.913284850924507,34.76260536364191,36.65282523923215
lower,-79.08,4.382365217113958,0.0769801360247422,-0.011378859854357447,12.990364159379894,34.81383917442065,36.88100940120723
lower,-79.04,4.558272381244307,0.07652923381064891,-0.011167319423119536,13.06690202170627,34.86479687406492,37.10787426498185
lower,-79.0,4.733155752984164,0.07608666676821497,-0.010962057170078225,13.142907193534041,34.915483236253,37.333443998909786
lower,-78.96,4.907034151358439,0.07565218896884682,-0.010762815478716813,13.218388173960106,34.96590289433545,37.557742055366504
lower,-78.92,5.079925843365088,0.07522556451732458,-0.010569350150729897,13.293353215976175,35.016060347055365,37.78079120009307
lower,-78.88,5.251848566368289,0.07480656703217016,-0.010381429561965607,13.367810336356639,35.06595996397177,38.00261354001267
lower,-78.84,5.422819549337639,0.0743949791585207,-0.010198833880391063,13.441767325039525,35.115605990604536,38.22323054961478
lower,-78.8,5.59285553300687,0.0739905921111283,-0.010021354340880176,13.515231754032666,35.165002553318544,38.44266309599803
lower,-78.76,5.761972789016786,0.07359320524531297,-0.009848792572115107,13.588210985873431,35.21415366396267,38.66093146265207
lower,-78.72,5.9301871381058175,0.07320262565386718,-0.009680959971326628,13.660712181669833,35.26306322427887,38.87805537205731
lower,-78.68,6.097513967403748,0.07281866778808159,-0.009517677122995153,13.73274230874727,35.31173503009472,39.09405400717109
lower,-78.64,6.263968246884013,0.0724411531012005,-0.009358773257982926,13.804308147925216,35.36017277531268,39.308946031869304
lower,-78.6,6.429564545022027,0.07206990971275935,-0.009204085749889325,13.875416300444714,35.40838005570777,39.52274961040241
lower,-78.56,6.594317043707558,0.07170477209237154,-0.009053459645703529,13.946073194567576,35.456360372544815,39.735482425925
lower,-78.52,6.758239552453044,0.07134558076164829,-0.008906747228088792,14.016285091865821,35.50411713602585,39.947161698151504
lower,-78.48,6.921345521938338,0.07099218201303599,-0.008763807606864052,14.086058093218973,35.55165366857687,40.15780420018782
lower,-78.44,7.083648056929679,0.07064442764444666,-0.00862450633745853,14.155398144535887,35.598973207983654,40.36742627458594
lower,-78.4,7.245159928607149,0.07030217470864622,-0.008488715064306103,14.224311042216073,35.64607891038438,40.57604384866415
lower,-78.36,7.405893586334293,0.06996528527643821,-0.00835631118731665,14.292802438365303,35.69297385312749,40.7836724491344
lower,-78.32,7.565861168899293,0.06963362621275716,-0.00822717754971958,14.360877845778422,35.7396610375017,40.99032721607361
lower,-78.28,7.725074515257482,0.0693070689648461,-0.008101202145714017,14.428542642702427,35.78614339134549,41.19602291627558
lower,-78.24,7.883545174801736,0.0689854893617555,-0.00797827784649015,14.495802077391435,35.83242377154242,41.400773956016764
lower,-78.2,8.041284417184539,0.06866876742445845,-0.007858302143303662,14.562661272464021,35.87850496640782,41.60459439326497
lower,-78.16,8.198303241717912,0.06835678718591913,-0.007741176906388388,14.629125229074411,35.924389697973574,41.8074979493641
lower,-78.12,8.354612386370368,0.06804943652050954,-0.007626808158593632,14.695198830905943,35.97008062417521,42.00949802021819
lower,-78.08,8.51022233638431,0.06774660698220104,-0.00751510586271635,14.760886847997101,36.01558034094722,42.210607687004156
lower,-78.04,8.665143332530961,0.06744819365100707,-0.0074059837215829614,14.826193940407608,36.06089138423061,42.410839726434176
lower,-78.0,8.819385379023544,0.0671540949871798,-0.007299358990005357,14.891124661733693,36.10601623189767,42.61020662059383
lower,-77.96,8.972958251103641,0.06686421269270691,-0.007195152297806535,14.955683462479072,36.15095730559769,42.80872056637395
lower,-77.92,9.125871502318805,0.06657845157967686,-0.007093287483169429,15.019874693289669,36.195716972527876,43.00639348451929
lower,-77.88,9.278134471506032,0.06629671944511543,-0.0069936914356211796,15.083702608058344,36.24029754713293,43.20323702831158
lower,-77.84,9.429756289494483,0.06601892695192249,-0.006896293948016167,15.14717136690571,36.28470129273674,43.39926259190384
lower,-77.8,9.580745885543479,0.06574498751555669,-0.006801027576926754,15.210285039043903,36.328930423109895,43.59448131832598
lower,-77.76,9.731111993525575,0.0654748171961483,-0.006707827510897291,15.27304760552775,36.3729871039753,43.788904107173494
lower,-77.72,9.880863157869426,0.06520833459573103,-0.006616631446053278,15.335462961899761,36.41687345445582,43.98254162199787
lower,-77.68,10.030007739272063,0.0649454607603115,-0.006527379468597133,15.397534920733136,36.46059154846574,44.17540429741044
lower,-77.64,10.178553920192426,0.06468611908650769,-0.006440013943753768,15.4592672140781,36.504143416049466,44.36750234591451
lower,-77.6,10.326509710135452,0.06443023523250821,-0.006354479410761522,15.520663495815564,36.54753104466915,44.55884576447722
lower,-77.56,10.4738829507373,0.06417773703311663,-0.006270722483531457,15.581727343922793,36.59075638044434,44.74944434085424
lower,-77.52,10.620681320660212,0.0639285544186619,-0.006188691756625185,15.642462262654918,36.63382132934535,44.93930765967819
lower,-77.48,10.766912340305465,0.06368261933756954,-0.006108337716225693,15.702871684645833,36.67672775834247,45.128445108320555
lower,-77.44,10.912583376353375,0.06343986568239837,-0.006029612655797167,15.762958972932596,36.719477496513214,45.316865882539204
lower,-77.4,11.057701646136966,0.0632002292191625,-0.005952470596151875,15.822727422906198,36.762072336109284,45.50457899191887
lower,-77.36,11.202274221858103,0.06296364751976603,-0.005876867209659875,15.882180264192481,36.804514033585214,45.691593265115934
lower,-77.32,11.346308034651203,0.06273005989739197,-0.005802759748356638,15.94132066246561,36.84680431059002,45.87791735491382
lower,-77.28,11.489809878502783,0.06249940734469144,-0.0057301069757183165,16.000151721197685,36.8889448549239,46.063559743099304
lower,-77.24,11.632786414032548,0.06227163247463252,-0.005658869101890927,16.05867648334686,36.930937321461286,46.248528745166446
lower,-77.2,11.77524417214096,0.062046679463874876,-0.005589007722173498,16.116897932986486,36.9727833330414,46.43283251485497
lower,-77.16,11.917189557530893,0.061824493998541966,-0.005520485758567404,16.17481899687822,37.01448448132835,46.616479048531865
lower,-77.12,12.058628852106649,0.06160502322227409,-0.0054532674042176675,16.23244254599091,37.05604232764135,46.799476189420616
lower,-77.08,12.199568218257411,0.06138821568644741,-0.005387318070581692,16.28977139696811,37.097458403756825,46.981831631686845
lower,-77.04,12.340013702027916,0.06117402130245563,-0.0053226043371728884,16.346808313545644,37.13873421268321,47.16355292438375
lower,-77.0,12.47997123618308,0.06096239129595151,-0.005259093903734716,16.403556007922045,37.17987122940995,47.34464747526564
lower,-76.96,12.61944664316906,0.06075327816295619,-0.005196755544711276,16.46001714208307,37.22087090163117,47.525122554472844
lower,-76.92,12.758445637976246,0.06054663562774522,-0.005135559065887644,16.516194329082666,37.26173465044576,47.70498529809462
lower,-76.88,12.896973830907775,0.060342418602427346,-0.005075475263081701,16.572090134281986,37.302463871034305,47.8842427116147
lower,-76.84,13.035036730256659,0.060140583148137715,-0.005016475882776628,16.627707076547786,37.34305993331376,48.06290167324304
lower,-76.8,13.172639744896616,0.05994108643776686,-0.004958533584588904,16.683047629412563,37.38352418257132,48.24096893714055
lower,-76.76,13.309788186788367,0.059743886720157645,-0.00490162190547464,16.738114222197048,37.423857940077525,48.41845113653851
lower,-76.72,13.446487273406122,0.059548943285699464,-0.004845715225581341,16.792909241097274,37.46406250368007,48.59535478675879
lower,-76.68,13.582742130086185,0.0593562164332579,-0.00479078873565896,16.84743503023703,37.50413914837859,48.77168628813738
lower,-76.64,13.718557792301914,0.0591656674383771,-0.004736818405948199,16.901693892687536,37.54408912688159,48.947451928856125
lower,-76.6,13.853939207866443,0.058977258522699465,-0.004683780956469898,16.95568809145503,37.583913670145705,49.12265788768476
lower,-76.56,13.988891239067295,0.05879095282454606,-0.004631653828642692,17.00941985043804,37.62361398789844,49.29731023663835
lower,-76.52,14.12341866473471,0.058606714370607084,-0.004580415158161195,17.06289135535515,37.66319126914475,49.47141494355206
lower,-76.48,14.25752618224575,0.058424508048693855,-0.004530043749070729,17.116104754644248,37.70264668265795,49.64497787457631
lower,-76.44,14.391218409468124,0.05824429958150358,-0.004480519048977552,17.16906216033485,37.741981377456,49.81800479659673
lower,-76.4,14.524499886644135,0.058066055501355004,-0.004431821125338238,17.22176564889386,37.781196483263145,49.99050137957989
lower,-76.36,14.65737507821837,0.05788974312585124,-0.004383930642773918,17.274217262046204,37.82029311095788,50.162473198848865
lower,-76.32,14.789848374610113,0.05771533053443084,-0.004336828841358947,17.326419007570905,37.85927235300743,50.33392573729015
lower,-76.28,14.921924093933498,0.057542786545768256,-0.004290497515835736,17.37837286007382,37.89813528388945,50.50486438749556
lower,-76.24,15.05360648366661,0.057372080695987863,-0.004244918995710648,17.430080761737685,37.936882960501435,50.67529445384065
lower,-76.2,15.184899722271417,0.05720318321765775,-0.004200076126188194,17.481544623050194,37.97551642255789,50.84522115450191
lower,-76.16,15.315807920766673,0.057036065019529555,-0.004155952249902889,17.532766323511147,38.01403669297626,51.014649623415565
lower,-76.12,15.446335124254913,0.056870697666994076,-0.004112531189410727,17.58374771231913,38.05244477825158,51.18358491217909
lower,-76.08,15.576485313405833,0.05670705336322223,-0.004069797230403832,17.63449060903872,38.090741668820364,51.35203199189882
lower,-76.04,15.706262405896823,0.05654510493096405,-0.004027735105614315,17.684996804248584,38.12892833941432,51.519995754983746
lower,-76.0,15.835670257812835,0.05638482579497765,-0.003986329979374613,17.735268060171478,38.167005749403856,51.6874810168893
lower,-75.96,15.964712665006383,0.05622618996506395,-0.003945567432803933,17.785306111286367,38.204974843132,51.854492517810996
lower,-75.92,16.09339336441944,0.056069172019681354,-0.0039054334495914307,17.83511266492362,38.24283655023901,52.02103492433107
lower,-75.88,16.22171603536877,0.05591374709011741,-0.003865914402348565,17.884689401843843,38.280591785978054,52.18711283101945
lower,-75.84,16.349684300794966,0.055759890845196225,-0.00382699703950482,17.934037976800507,38.318241451522,52.352730761989584
lower,-75.8,16.477301728477535,0.05560757947649892,-0.0037886684727215987,17.983160019087393,38.35578643426189,52.51789317241203
lower,-75.76,16.604571832216347,0.055456789684077884,-0.0037509161648010517,18.032057133071092,38.393227608097305,52.68260444998626
lower,-75.72,16.73149807298135,0.055307498662644915,-0.0037137279180673617,18.08073089870917,38.430565833718894,52.84686891637288
lower,-75.68,16.85808386003043,0.05515968408821544,-0.003677091863199541,18.129182872054272,38.4678019588831,53.01069082858616
lower,-75.64,16.98433255199808,0.055013324105190005,-0.0036409964484952545,18.17741458574504,38.50493681867984,53.17407438035055
lower,-75.6,17.110247457954014,0.054868397313857814,-0.003605430429547076,18.22542754948367,38.54197123579272,53.337023703419334
lower,-75.56,17.235831838434212,0.054724882758304644,-0.003570382859312551,18.273223250501115,38.578906020752655,53.49954286885948
lower,-75.52,17.361088906444817,0.05458275991471022,-0.003535843078561039,18.320803154010118,38.61574197218476,53.66163588830218
lower,-75.48,17.486021828438897,0.054442008680021345,-0.003501800706681116,18.36816870364615,38.65247987704854,53.82330671516006
lower,-75.44,17.610633725268507,0.05430260936098475,-0.003468245632832521,18.415321321897256,38.68912051087227,53.9845592458134
lower,-75.4,17.734927673111432,0.05416454266352796,-0.0034351680074282305,18.4622624105226,38.72566463798088,54.145397320764914
lower,-75.36,17.858906704374377,0.05402778968247399,-0.003402558233932254,18.508993350960438,38.76211301171833,54.30582472576532
lower,-75.32,17.982573808572567,0.05389233189157857,-0.003370406960959947,18.555515504725523,38.79846637466408,54.465845192909256
lower,-75.28,18.105931933187172,0.05375815113387708,-0.003338705074667855,18.601830213796624,38.83472545884418,54.62546240170397
lower,-75.24,18.228983984501006,0.053625229612330357,-0.0033074436914209966,18.64793880099423,38.87089098593701,54.784679980110646
lower,-75.2,18.351732828412622,0.05349354988075888,-0.0032766141507260963,18.693842570348664,38.90696366747377,54.94350150555902
lower,-75.16,18.474181291230785,0.05336309483505365,-0.0032462080084193928,18.739542807459333,38.94294420503414,55.10193050593755
lower,-75.12,18.596332160448057,0.0532338477046559,-0.0032162170300989727,18.78504077984464,38.97883329043681,55.259970460557476
lower,-75.08,18.718188185496302,0.05310579204429324,-0.003186633184790977,18.830337737283784,39.014631605925665,55.41762480109458
lower,-75.04,18.839752078482373,0.05297891172596623,-0.0031574486388407565,18.8754349121497,39.050339824350985,55.574896912505984
lower,-75.0,18.96102651490683,0.05285319093117352,-0.0031286557500192005,18.920333519734314,39.08595860934659,55.731790133926026
lower,-74.96,19.08201413436431,0.052728614143369566,-0.0031002470618360276,18.965034758565647,39.121488615502464,55.8883077595394
lower,-74.92,19.202717541226907,0.052605166140645726,-0.0030722152980515115,19.00953981071725,39.15693048853319,56.044453039432724
lower,-74.88,19.323139305311877,0.052482831988626126,-0.003044553357378485,19.05384984211058,39.19228486544257,56.20022918042707
lower,-74.84,19.443281962531945,0.052361597033573244,-0.003017254308367567,19.097966002809642,39.22755237468396,56.355639346888516
lower,-74.8,19.563148015531382,0.05224144689569309,-0.002990311384467749,19.14188942730915,39.26273363631714,56.510686661521156
lower,-74.76,19.68273993430594,0.05212236746263575,-0.002963717979255952,19.185621234815482,39.29782926216119,56.66537420613976
lower,-74.72,19.802060156808718,0.05200434488318261,-0.0029374676418285513,19.229162529521343,39.332839855943966,56.81970502242531
lower,-74.68,19.92111108954147,0.051887365561115374,-0.002911554072348789,19.272514400873813,39.367766013447955,56.97368211266204
lower,-74.64,20.0398951081323,0.05177141614925977,-0.0028859711177438912,19.31567792383632,39.4026083226528,57.12730844045772
lower,-74.6,20.15841455789969,0.05165648354369865,-0.002860712767546178,19.358654159144475,39.43736736387452,57.280586931446834
lower,-74.56,20.27667175440334,0.05154255487814894,-0.0028357731498726882,19.40144415355596,39.47204370990141,57.43352047397737
lower,-74.52,20.394668983982974,0.05142961751849585,-0.002811146527537777,19.44404894009499,39.50663792612708,57.586111919782674
lower,-74.48,20.512408504283727,0.05131765905748126,-0.0027868272942940713,19.48646953829077,39.54115057068007,57.73836408463642
lower,-74.44,20.62989254477063,0.05120666730953873,-0.0027628099711964203,19.52870695441101,39.575582194550975,57.890279748994224
lower,-74.4,20.747123307230506,0.051096630305772585,-0.0027390892030846625,19.57076218168982,39.60993334171629,58.041861658619425
lower,-74.36,20.864102966263275,0.05098753628907459,-0.0027156597551804065,19.612636200550764,39.644204549259776,58.19311252519568
lower,-74.32,20.98083366976155,0.05087937370937518,-0.002692516509793869,19.65432997882474,39.67839634749092,58.344035026925084
lower,-74.28,21.097317539380025,0.05077213121902391,-0.0026696544631364485,19.695844471963156,39.71250926006078,58.494631809113436
lower,-74.24,21.213556670994123,0.050665797668295424,-0.002647068722235297,19.73718062324634,39.746543804075436,58.64490548474217
lower,-74.2,21.329553135148586,0.050560362101016915,-0.002624754501946061,19.77833936398741,39.7805004902067,58.7948586350279
lower,-74.16,21.445308977496243,0.0504558137503131,-0.002602707122060238,19.81932161373167,39.81437982280059,58.944493809969444
lower,-74.12,21.56082621922696,0.050352142034465204,-0.00258092200450372,19.860128280451637,39.8481822999833,59.09381352888289
lower,-74.08,21.676106857487426,0.05024933655288013,-0.0025593946706231876,19.900760260737876,39.88190841376495,59.242820280924995
lower,-74.04,21.79115286579167,0.05014738708216639,-0.0025381207385572068,19.941218439985757,39.915558650141094,59.39151652560538
lower,-74.0,21.905966194422934,0.05004628357231371,-0.0025170959206890033,19.98150369257816,39.94913348919199,59.53990469328755
lower,-73.96,22.020548770826583,0.0499460161429729,-0.0024963160211780183,20.021616882064254,39.982633405179776,59.68798718567897
lower,-73.92,22.134902499994865,0.049846575079832804,-0.0024757769335673747,20.061558861334596,40.01605886664362,59.835766376311085
lower,-73.88,22.249029264843305,0.04974795083109173,-0.0024554746384646857,20.101330472792355,40.049410336492706,59.98324461100864
lower,-73.84,22.36293092657928,0.04965013400401994,-0.002435405201293502,20.14093254852111,40.0826882720975,60.13042420834942
lower,-73.8,22.47660932506273,0.04955311536161083,-0.0024155647701130187,20.18036591044904,40.11589312537886,60.277307460114194
lower,-73.76,22.590066279159167,0.04945688581931816,-0.0023959495735036453,20.219631370509664,40.149025342895364,60.423896631727146
lower,-73.72,22.70330358708563,0.049361436441876246,-0.0023765559185161,20.258729730799335,40.18208536592893,60.570193962687185
lower,-73.68,22.816323026748993,0.04926675844020132,-0.0023573801886819287,20.297661783731385,40.215073630568455,60.71620166699007
lower,-73.64,22.929126356077845,0.04917284316837088,-0.0023384188420832114,20.33642831218723,40.24799056779196,60.8619219335424
lower,-73.6,23.041715313346838,0.04907968212067953,-0.0023196684094796013,20.37503008966421,40.28083660354681,61.007356926566274
lower,-73.56,23.154091617494963,0.04898726692876835,-0.0023011254924905776,20.41346788042054,40.3136121588285,61.15250878599607
lower,-73.52,23.26625696843709,0.04889558935882583,-0.002282786761831117,20.451742439617334,40.34631764975768,61.29737962786741
lower,-73.48,23.378213047369112,0.0488046413088587,-0.0022646489555990194,20.489854513457647,40.37895348765578,61.441971544697495
lower,-73.44,23.489961517067076,0.048714414806029796,-0.0022467088776120503,20.52780483932287,40.41152007911891,61.58628660585862
lower,-73.4,23.60150402218007,0.04862490200406194,-0.0022289633957933604,20.56559414590622,40.444017826090494,61.73032685794317
lower,-73.36,23.712842189517517,0.04853609518070506,-0.0022114094406034306,20.60322315334378,40.47644712593227,61.87409432512239
lower,-73.32,23.82397762833048,0.048447986735265375,-0.0021940440035171367,20.640692573342747,40.50880837149398,62.01759100949706
lower,-73.28,23.934911930587404,0.048360569186194656,-0.0021768641355443766,20.67800310930722,40.541101951181595,62.16081889144161
lower,-73.24,24.045646671244782,0.04827383516873742,-0.00215986694579277,20.715155456461623,40.57332824902437,62.3037799299418
lower,-73.2,24.156183408511748,0.04818777743263544,-0.002143049600071237,20.75215030197148,40.605487644740336,62.446476062924695
lower,-73.16,24.266523684110286,0.04810238883988664,-0.0021264093195328838,20.788988325062082,40.637580513800714,62.5889092075836
lower,-73.12,24.376669023529736,0.04801766236255809,-0.002109943379356147,20.825670197134645,40.66960722749292,62.73108126069528
lower,-73.08,24.486620936276736,0.04793359108065059,-0.002093649107462785,20.86219658188037,40.701568152982496,62.87299409893184
lower,-73.04,24.596380916120058,0.047850168180014065,-0.0020775238832716485,20.898568135392207,40.73346365337372,63.014649579166395
lower,-73.0,24.7059504413311,0.04776738695031193,-0.0020615651364869984,20.934785506274586,40.76529408776915,63.156049538772876
lower,-72.96,24.815330974919185,0.047685240783033496,-0.0020457703459203728,20.970849335750906,40.79705981132792,63.29719579591971
lower,-72.92,24.924523964862978,0.04760372316955257,-0.0020301370383448048,21.006760257769123,40.828761175323024,63.43809014985863
lower,-72.88,25.03353084433705,0.04752282769923144,-0.002014662787380502,21.04251889910525,40.860398527197454,63.57873438120715
lower,-72.84,25.14235303193449,0.04744254805756872,-0.0019993452124108762,21.078125879464974,40.89197221061933,63.71913025222645
lower,-72.8,25.250991931884908,0.04736287802439014,-0.0019841819775281004,21.113581811583256,40.92348256553587,63.8592795070934
lower,-72.76,25.359448934268798,0.047283811472080654,-0.0019691707905071304,21.148887301322212,40.95492992822651,63.99918387216792
lower,-72.72,25.46772541522769,0.04720534236385717,-0.0019543094018074055,21.1840429477671,40.98631463135497,64.1388450562553
lower,-72.68,25.575822737170114,0.047127464752080905,-0.0019395956036013851,21.21904934332045,41.01763700402023,64.27826475086299
lower,-72.64,25.683742248974347,0.047050172776607654,-0.0019250272288289627,21.25390707379461,41.04889737180675,64.41744463045373
lower,-72.6,25.791485286186838,0.04697346066317561,-0.0019106021502771223,21.288616718502503,41.08009605683369,64.55638635269317
lower,-72.56,25.899053171217286,0.04689732272182963,-0.001896318279683974,21.32317885034667,41.11123337780311,64.69509155869302
lower,-72.52,26.006447213530247,0.04682175334538045,-0.0018821735668664093,21.35759403590687,41.14230965004756,64.83356187325043
lower,-72.48,26.113668709832787,0.04674674700789886,-0.0018681659988707667,21.39186283552583,41.173325185576445,64.97179890508184
lower,-72.44,26.220718944259282,0.046672298263242984,-0.0018542935991456694,21.425985803393687,41.204280293121876,65.10980424705379
lower,-72.4,26.327599188552405,0.04659840174361849,-0.0018405544267364928,21.45996348763071,41.23517527818347,65.24757947640852
lower,-72.36,26.434310702241426,0.04652505215817024,-0.0018269465755006945,21.493796430368764,41.26601044307253,65.38512615498655
lower,-72.32,26.54085473281646,0.04645224429160547,-0.0018134681733435506,21.52748516783102,41.29678608695513,65.52244582944422
lower,-72.28,26.647232515900377,0.046379973002846735,-0.0018001173814734992,21.561030230410474,41.32750250589482,65.65954003146784
lower,-72.24,26.753445275417562,0.04630823322371413,-0.0017868923936766056,21.594432142747067,41.35815999289429,65.79641027798448
lower,-72.2,26.85949422375905,0.046237019957636724,-0.0017737914356096593,21.62769142380326,41.38875883793635,65.93305807136805
lower,-72.16,26.965380561945558,0.046166328278391344,-0.0017608127641111806,21.66080858693848,41.4192993280243,66.0694848996425
lower,-72.12,27.071105479787132,0.04609615332886887,-0.001747954666529968,21.69378413998213,41.44978174722141,66.20569223668119
lower,-72.08,27.176670156040192,0.04602649031986696,-0.001735215460070594,21.726618585305385,41.48020637668985,66.34168154240267
lower,-72.04,27.282075758561753,0.04595733452890868,-0.0017225934911553771,21.759312419891693,41.510573494728874,66.47745426296325
lower,-72.0,27.387323444461156,0.04588868129908615,-0.0017100871348023478,21.791866135406128,41.54088337681237,66.61301183094616
lower,-71.96,27.49241436024887,0.04582052603792906,-0.001697694794018774,21.824280218263436,41.57113629562572,66.74835566554722
lower,-71.92,27.597349641983005,0.045752864216296915,-0.0016854148992097554,21.85655514969499,41.60133252110206,66.88348717275767
lower,-71.88,27.702130415413222,0.045685691367294605,-0.00167324590760148,21.88869140581461,41.631472320457895,67.01840774554374
lower,-71.84,27.80675779612197,0.045619003085211086,-0.0016611863026787569,21.92068945768311,41.661555958228064,67.15311876402266
lower,-71.8,27.911232889663935,0.045552795024479766,-0.001649234593636309,21.952549771372023,41.691583696300285,67.28762159563682
lower,-71.76,28.01555679170218,0.04548706289866114,-0.0016373893148436173,21.984272808025903,41.721555793948774,67.42191759532358
lower,-71.72,28.11973058814294,0.04542180247944604,-0.0016256490253227355,22.015859023923873,41.75147250786769,67.55600810568326
lower,-71.68,28.223755355267436,0.04535700959568,-0.0016140123082388725,22.047308870539922,41.78133409220368,67.68989445714377
lower,-71.64,28.327632159862052,0.045292680132407254,-0.0016024777704032656,22.078622794602357,41.81114079858809,67.82357796812278
lower,-71.6,28.431362059345734,0.04522881002993486,-0.0015910440417881133,22.1098012381521,41.84089287616856,67.95705994518691
lower,-71.56,28.53494610189577,0.045165395282915674,-0.0015797097750531231,22.14084463860015,41.87059057164001,68.09034168320842
lower,-71.52,28.638385326571377,0.0451024319394501,-0.0015684736450834284,22.171753428784005,41.900234129275304,68.2234244655193
lower,-71.48,28.741680763435,0.04503991610020616,-0.001557334348538536,22.2025280370232,41.92982379095521,68.35630956406283
lower,-71.44,28.844833433671965,0.04497784391755739,-0.0015462906034119986,22.233168887173882,41.959359796197965,68.48899823954255
lower,-71.4,28.947844349707808,0.0449162115947381,-0.0015353411486015382,22.263676398682502,41.98884238218833,68.62149174156878
lower,-71.36,29.05071451532418,0.044855015385015545,-0.0015244847434892734,22.2940509866387,42.01827178380619,68.75379130880302
lower,-71.32,29.15344492577224,0.044794251590878964,-0.0015137201675318977,22.32429306182717,42.047648233654584,68.88589816909945
lower,-71.28,29.25603656788478,0.044733916563244436,-0.0015030462198603845,22.354403030778858,42.07697196208746,69.01781353964485
lower,-71.24,29.358490420186403,0.04467400670067584,-0.0014924617188890896,22.384381295821218,42.10624319723682,69.14953862709584
lower,-71.2,29.46080745300136,0.044614518448621326,-0.0014819655019339688,22.414228255127608,42.135462165039414,69.2810746277134
lower,-71.16,29.562988628560873,0.0445554482986644,-0.0014715564248395567,22.443944302766134,42.16462908926324,69.4124227274967
lower,-71.12,29.665034901107305,0.04449679278779048,-0.0014612333616146921,22.473529828747367,42.193744191533206,69.54358410231312
lower,-71.08,29.766947216997945,0.04443854849766716,-0.0014509952040765127,22.502985219071586,42.222807691356856,69.67455991802743
lower,-71.03999999999999,29.868726514806234,0.04438071205393909,-0.0014408408615027002,22.532310855775087,42.25181980614925,69.80535133062806
lower,-71.0,29.970373725421883,0.04432328012553624,-0.001430769260291631,22.561507116975847,42.28078075125774,69.93595948635225
lower,-70.96,30.071889772149444,0.044266249423995735,-0.0014207793436302638,22.590574376918468,42.30969073998625,70.06638552180834
lower,-70.92,30.17327557080488,0.04420961670279698,-0.0014108700711696124,22.619513006018295,42.33854998361913,70.19663056409665
lower,-70.88,30.27453202981127,0.04415337875670926,-0.0014010404187074913,22.648323370905032,42.36735869144471,70.32669573092858
lower,-70.84,30.375660050292428,0.04409753242115219,-0.0013912893778784698,22.677005834465504,42.39611707077843,70.45658213074346
lower,-70.8,30.47666052616556,0.04404207457156839,-0.0013816159558507554,22.70556075588582,42.424825326985655,70.58629086282382
lower,-70.76,30.577534344232095,0.043987002122808004,-0.0013720191750298794,22.73398849069287,42.453483663504024,70.71582301740871
lower,-70.72,30.67828238426747,0.043932312028525045,-0.0013624980727689735,22.7622893907952,42.48209228186564,70.84517967580572
lower,-70.68,30.778905519109298,0.04387800128058519,-0.0013530517010855003,22.790463804523217,42.51065138171874,70.97436191050065
lower,-70.64,30.87940461474426,0.04382406690848472,-0.0013436791263842552,22.818512076668796,42.53916116084906,71.10337078526592
lower,-70.6,30.979780530393793,0.04377050597878053,-0.0013343794291864708,22.84643454852428,42.56762181520101,71.23220735526742
lower,-70.56,31.08003411859812,0.043717315594530834,-0.0013251517038649129,22.874231557920794,42.59603353889825,71.36087266716896
lower,-70.52,31.180166225299747,0.043664492894746075,-0.0013159950583847173,22.901903439266206,42.624396524264306,71.48936775923666
lower,-70.48,31.280177689924713,0.04361203505385061,-0.001306908614049975,22.929450523582197,42.65271096184253,71.61769366143987
lower,-70.44,31.380069345463568,0.04355993928115392,-0.0012978915052557578,22.956873138541013,42.68097704041597,71.74585139555217
lower,-70.4,31.479842018550407,0.04350820282033195,-0.0012889428792455773,22.984171608501534,42.70919494702685,71.87384197524992
lower,-70.36,31.5794965295413,0.04345682294891792,-0.0012800618958740565,23.011346254544826,42.73736486699578,72.00166640620967
lower,-70.32,31.679033692591144,0.04340579697780245,-0.0012712477273747267,23.038397394509218,42.76548698394066,72.12932568620444
lower,-70.28,31.778454315729554,0.04335512225074313,-0.0012624995581328258,23.06532534302471,42.79356147979532,72.25682080519753
lower,-70.24,31.877759200935838,0.043304796143882746,-0.0012538165844629206,23.092130411547046,42.82158853482786,72.38415274543632
lower,-70.2,31.976949144212384,0.04325481606527656,-0.001245198014391323,23.118812908391135,42.849568327658766,72.51132248154377
lower,-70.16,32.07602493565749,0.043205179454428144,-0.0012366430674430953,23.145373138764015,42.8775010352786,72.63833098060871
lower,-70.12,32.174987359536765,0.04315588378183355,-0.0012281509744335886,23.17181140479736,42.905386833065656,72.76517920227504
lower,-70.08,32.27383719435378,0.04310692654853376,-0.0012197209772643644,23.198128005579512,42.933225894803186,72.89186809882959
lower,-70.03999999999999,32.37257521291945,0.04305830528567542,-0.0012113523287234456,23.22432323718692,42.96101839269638,73.01839861528848
lower,-70.0,32.47120218242055,0.043010017554079134,-0.0012030442922897227,23.250397392715282,42.9887644973892,73.14477168948237
lower,-69.96,32.56971886448737,0.04296206094381568,-0.0011947961419414605,23.276350762310166,43.01646437798087,73.27098825214084
lower,-69.92,32.66812601526003,0.04291443307378997,-0.001186607161968823,23.302183633197078,43.04411820204211,73.39704922697476
lower,-69.88,32.76642438545438,0.042867131591332014,-0.00117847664679024,23.327896289711298,43.07172613563127,73.52295553075825
lower,-69.84,32.864614720426374,0.042820154171795625,-0.0011704039007726364,23.35348901332706,43.09928834331003,73.64870807340898
lower,-69.8,32.96269776023618,0.042773498518163804,-0.0011623882380553086,23.378962082686527,43.126804988159044,73.77430775806783
lower,-69.76,33.06067423971074,0.04272716236066153,-0.0011544289823774863,23.404315773628113,43.154276231793226,73.89975548117658
lower,-69.72,33.15854488850601,0.04268114345637493,-0.001146525466909378,23.429550359214623,43.181702234376935,74.02505213255557
lower,-69.68,33.25631043116785,0.04263543958887756,-0.0011386770340867072,23.454666109760787,43.209083154638805,74.15019859547927
lower,-69.64,33.35397158719267,0.04259004856786284,-0.0011308830354485734,23.479663292860618,43.23641914988654,74.27519574675183
lower,-69.6,33.451529071086426,0.04254496822878331,-0.001123142831478676,23.504542173414094,43.26371037602123,74.4000444567803
lower,-69.56,33.548983592423546,0.04250019643249584,-0.0011154557914496762,23.52930301365373,43.29095698755176,74.52474558964792
lower,-69.52,33.6463358559048,0.04245573106491311,-0.0011078212932707323,23.553946073170664,43.318159137608845,74.64930000318627
lower,-69.48,33.74358656141401,0.04241157003666127,-0.0011002387233381217,23.57847160894028,43.34531697795882,74.77370854904545
lower,-69.44,33.84073640407468,0.042367711282743276,-0.00109270747638881,23.602879875347632,43.372430659017375,74.89797207276467
lower,-69.4,33.937786074305215,0.04232415276220818,-0.0010852269553569824,23.627171124212406,43.399500329863024,75.02209141384087
lower,-69.36,34.03473625787378,0.04228089245782611,-0.0010777965712334154,23.65134560481355,43.42652613825034,75.14606740579674
lower,-69.32,34.13158763595223,0.04223792837576872,-0.0010704157429276481,23.675403563913548,43.45350823062307,75.26990087624793
lower,-69.28,34.228340885169416,0.04219525854529516,-0.0010630838971328693,23.699345245782396,43.48044675212705,75.39359264696905
lower,-69.24,34.324996677663876,0.04215288101844337,-0.001055800468193471,23.72317089222122,43.50734184662292,75.5171435339594
lower,-69.2,34.421555681135324,0.04211079386972669,-0.001048564897975232,23.746880742585496,43.534193656698655,75.64055434750664
lower,-69.16,34.51801855889631,0.0420689951958355,-0.0010413766357379964,23.770475033808086,43.561002323681954,75.76382589225088
lower,-69.12,34.6143859699222,0.04202748311534403,-0.0010342351380108923,23.793954000421806,43.58776798765242,75.88695896724724
lower,-69.08,34.710658568901486,0.04198625576842194,-0.0010271398684699286,23.817317874581825,43.61449078745364,76.00995436602777
lower,-69.03999999999999,34.806837006284596,0.04194531131655096,-0.0010200902978180174,23.840566886087593,43.641170860704946,76.13281287666216
lower,-69.0,34.90292192833247,0.041904647942246166,-0.0010130859036672866,23.863701262404597,43.66780834381315,76.25553528181825
lower,-68.96,34.99891397716469,0.041864263848781794,-0.0010061261704236552,23.88672122868581,43.69440337198416,76.37812235882149
lower,-68.92,35.09481379080644,0.04182415725992195,-0.0009992105891736677,23.90962700779272,43.72095607923419,76.50057487971324
lower,-68.88,35.190622003235376,0.041784326419655446,-0.0009923386575734472,23.93241882031626,43.74746659840115,76.62289361130917
lower,-68.84,35.286339244427545,0.04174476959193535,-0.0009855098797398178,23.95509688459724,43.77393506115554,76.7450793152557
lower,-68.8,35.381966140402994,0.04170548506042254,-0.000978723766143454,23.977661416746713,43.80036159801149,76.86713274808714
lower,-68.76,35.47750331327037,0.041666471128233844,-0.0009719798335041091,24.000112630665875,43.826746338337436,76.98905466128045
lower,-68.72,35.5729513812716,0.041627726117693935,-0.0009652776046877717,24.022450738065857,43.85308941036679,77.11084580131103
lower,-68.68,35.66831095882535,0.041589248370091675,-0.0009586166086058103,24.04467594848711,43.87939094120836,77.23250690970634
lower,-68.64,35.76358265657034,0.04155103624544017,-0.0009519963801159825,24.06678846931863,43.90565105685669,77.35403872309962
lower,-68.6,35.85876708140788,0.04151308812224096,-0.0009454164599253222,24.08878850581685,43.93186988220225,77.47544197328274
lower,-68.56,35.953864836544064,0.041475402397251865,-0.0009388763944948233,24.11067626112434,43.958047541041466,77.59671738725818
lower,-68.52,36.04887652153143,0.041437977485258744,-0.0009323757359459014,24.13245193628822,43.984184156086684,77.71786568729077
lower,-68.48,36.14380273230975,0.041400811818851,-0.00092591404196862,24.154115730278285,44.01027984897583,77.8388875909582
lower,-68.44,36.23864406124688,0.041363903848200455,-0.0009194908757315647,24.17566784000503,44.03633474028217,77.95978381120169
lower,-68.4,36.33340109717858,0.04132725204084418,-0.0009131058057934332,24.197108460337237,44.06234894952378,78.08055505637498
lower,-68.36,36.42807442544827,0.04129085488147049,-0.0009067584060162092,24.2184377841195,44.08832259517291,78.2012020302938
lower,-68.32,36.52266462794587,0.0412547108717086,-0.0009004482554799657,24.239656002189406,44.11425579466526,78.3217254322838
lower,-68.28,36.61717228314653,0.041218818529921604,-0.0008941749383991948,24.26076330339452,44.140148664409125,78.44212595722824
lower,-68.24,36.71159796614876,0.0411831763910026,-0.0008879380440406726,24.281759874609204,44.16600131979438,78.5624042956158
lower,-68.2,36.80594224871201,0.04114778300617438,-0.0008817371666428295,24.30264590075111,44.19181387520144,78.68256113358608
lower,-68.16,36.900205699293956,0.041112636942792075,-0.0008755719053365566,24.32342156479752,44.21758644400993,78.80259715297656
lower,-68.12,36.99438888308703,0.04107773678414907,-0.0008694418640674722,24.344087047801438,44.2433191386074,78.9225130313671
lower,-68.08,37.088492362055156,0.041043081129285806,-0.000863346651519541,24.364642528907552,44.26901207039792,79.0423094421257
lower,-68.03999999999999,37.18251669496914,0.041008668592801945,-0.000857285881040122,24.38508818536784,44.29466534981039,79.16198705445218
lower,-68.0,37.27646243744236,0.0409744978046712,-0.0008512591705663108,24.405424192557092,44.32027908630694,79.28154653342189
lower,-67.96,37.37033014196593,0.04094056741005916,-0.0008452661425526025,24.42565072398822,44.34585338839114,79.40098854002967
lower,-67.92,37.46412035794294,0.04090687606914412,-0.0008393064238998695,24.445767951327273,44.37138836361605,79.52031373123161
lower,-67.88,37.55783363172304,0.04087342245694057,-0.0008333796458855545,24.46577604440838,44.39688411859225,79.63952275998795
lower,-67.84,37.65147050663593,0.04084020526312552,-0.0008274854440951355,24.48567517124838,44.4223407589957,79.75861627530428
lower,-67.8,37.7450315230251,0.04080722319186748,-0.0008216234583547572,24.50546549806141,44.447758389575576,79.8775949222733
lower,-67.76,37.83851721828037,0.040774474961658286,-0.0008157933326650937,24.5251471892731,44.47313711416185,79.99645934211486
lower,-67.72,37.93192812687113,0.040741959305147256,-0.0008099947151363105,24.544720407534793,44.498477035673,80.11521017221679
lower,-67.68,38.02526478037802,0.04070967496897826,-0.000804227257924216,24.56418531373743,44.52377825612336,80.23384804617406
lower,-67.64,38.11852770752532,0.040677620713629,-0.0007984906171674745,24.58354206702534,44.54904087663063,80.35237359382852
lower,-67.6,38.211717434212034,0.04064579531325304,-0.0007927844529259464,24.602790824809823,44.57426499742304,80.47078744130762
lower,-67.56,38.3048344835433,0.04061419755552414,-0.0007871084291200696,24.62193174278252,44.59945071784664,80.5890902110626
lower,-67.52,38.39787937586129,0.040582826241483,-0.0007814622134712822,24.6409649749287,44.624598136372356,80.70728252190622
lower,-67.48,38.490852628775336,0.04055168018538646,-0.0007758454774434912,24.659890673540286,44.649707350602974,80.82536498905094
lower,-67.44,38.58375475719244,0.040520758214558875,-0.0007702578961855079,24.67870898922878,44.67477845728009,80.9433382241452
lower,-67.4,38.6765862733467,0.04049005916924592,-0.0007646991484745031,24.697420070937966,44.699811552290946,81.06120283531025
lower,-67.36,38.76934768682907,0.040459581902470516,-0.0007591689166603822,24.716024065956518,44.72480673067512,81.17895942717682
lower,-67.32,38.862039504616206,0.040429325279891085,-0.0007536668866111443,24.73452111993035,44.749764086631174,81.29660860092002
lower,-67.28,38.95466223109943,0.040399288179661846,-0.000748192747659126,24.752911376874916,44.77468371352329,81.41415095429532
lower,-67.24,39.047216368113226,0.04036946949229531,-0.0007427461925481721,24.771194979187293,44.79956570388767,81.53158708167346
lower,-67.2,39.13970241496325,0.04033986812052687,-0.0007373269173816894,24.789372067658096,44.82441014943897,81.64891757407486
lower,-67.16,39.23212086845442,0.04031048297918146,-0.0007319346215715606,24.80744278148329,44.84921714107657,81.76614301920362
lower,-67.12,39.32447222291822,0.04028131299504222,-0.0007265690077879211,24.82540725827579,44.873986768890866,81.88326400148175
lower,-67.08,39.4167569702402,0.04025235710672109,-0.0007212297819097513,24.843265634077017,44.898719122169396,82.00028110208217
lower,-67.03999999999999,39.508975599886696,0.04022361426453155,-0.0007159166529763179,24.86101804336817,44.92341428940285,82.11719489896224
lower,-67.0,39.60112859893169,0.040195083430363064,-0.0007106293331393809,24.878664619081434,44.94807235829116,82.23400596689548
lower,-66.96,39.693216452083185,0.04016676357755756,-0.0007053675376162038,24.896205492611102,44.97269341574934,82.35071487750513
lower,-66.92,39.785239641709154,0.04013865369078774,-0.0007001309846433429,24.913640793824403,44.99727754791337,82.46732219929514
lower,-66.88,39.87719864786359,0.04011075276593725,-0.00069491939543117,24.930970651072332,45.02182484014594,82.58382849768218
lower,-66.84,39.969093948311865,0.04008305980998255,-0.0006897324941191515,24.948195191200284,45.04633537704213,82.7002343350265
lower,-66.8,40.06092601855621,0.04005557384087666,-0.0006845700077318428,24.965314539558573,45.07080924243506,82.81654027066392
lower,-66.76,40.152695331860514,0.04002829388743469,-0.0006794316661356081,24.982328820012754,45.09524651940141,82.93274686093457
lower,-66.72,40.244402359275334,0.04000121898922094,-0.0006743172019960141,24.999238154953936,45.11964729026686,83.04885465921491
lower,-66.68,40.33604756966218,0.039974348196437824,-0.0006692263507359357,25.016042665308838,45.14401163661158,83.16486421594638
lower,-66.64,40.42763142971796,0.039947680569816346,-0.0006641588504943044,25.032742470549834,45.168339639275494,83.28077607866614
lower,-66.6,40.51915440399884,0.03992121518050835,-0.0006591144420855393,25.049337688704753,45.19263137836355,83.39659079203503
lower,-66.56,40.610616954944064,0.03989495110998022,-0.0006540928689596036,25.065828436366665,45.21688693325096,83.51230889786773
lower,-66.52,40.70201954289951,0.039868887449908325,-0.0006490938771627018,25.082214828703464,45.24110638258829,83.6279309351604
lower,-66.48,40.793362626140855,0.03984302330207589,-0.0006441172152986007,25.098496979467374,45.26528980430653,83.74345744011994
lower,-66.44,40.88464666089686,0.03981735777827146,-0.0006391626344905425,25.114675001004343,45.28943727562215,83.85888894619158
lower,-66.4,40.97587210137179,0.03979189000018892,-0.0006342298883437839,25.130749004263237,45.313548873041896,83.97422598408629
lower,-66.36,41.0670393997685,0.03976661909932887,-0.0006293187329086767,25.14671909880508,45.33762467236788,84.08946908180907
lower,-66.32,41.1581490063103,0.03974154421690167,-0.0006244289266443731,25.16258539281195,45.36166474870215,84.20461876468505
lower,-66.28,41.24920136926345,0.039716664503731666,-0.0006195602303830491,25.17834799309602,45.385669176451614,84.31967555538768
lower,-66.24,41.34019693495902,0.03969197912016306,-0.0006147124072947001,25.194007005108286,45.40963802933271,84.43463997396441
lower,-66.2,41.43113614781439,0.03966748723596714,-0.0006098852228524904,25.209562532947235,45.43357138037589,84.54951253786281
lower,-66.16,41.522019450355074,0.03964318803025069,-0.0006050784447985981,25.22501467936751,45.45746930193039,84.66429376195808
lower,-66.12,41.612847283235766,0.03961908069136602,-0.0006002918431106195,25.2403635457883,45.481331865668565,84.77898415857698
lower,-66.08,41.70362008526154,0.03959516441682219,-0.0005955251899684586,25.255609232301744,45.505159142590486,84.89358423752468
lower,-66.03999999999999,41.79433829340867,0.03957143841319755,-0.0005907782597217312,25.27075183768119,45.52895120302821,85.00809450610946
lower,-66.0,41.88500234284536,0.039547901896053624,-0.0005860508288576548,25.285791459389337,45.55270811665016,85.12251546916806
lower,-65.96,41.9756126669523,0.03952455408985018,-0.0005813426759694172,25.300728193586323,45.57642995246548,85.2368476290904
lower,-65.92,42.066169697342744,0.03950139422786172,-0.0005766535817250401,25.315562135137625,45.60011677882814,85.35109148584367
lower,-65.88,42.15667386388292,0.039478421552094994,-0.0005719833288366701,25.330293377621963,45.623768663441204,85.46524753699669
lower,-65.84,42.247125594711676,0.03945563531320791,-0.0005673317020303658,25.344922013339033,45.64738567336087,85.57931627774518
lower,-65.8,42.337525316260425,0.03943303477042953,-0.0005626984880162993,25.359448133317166,45.67096787500064,85.69329820093375
lower,-65.76,42.42787345327247,0.039410619191481366,-0.000558083475459424,25.373871827320862,45.694515334135176,85.80719379708037
lower,-65.72,42.51817042882268,0.03938838785249966,-0.0005534864549505429,25.388193183858327,45.718028115904424,85.9210035543997
lower,-65.68,42.6084166643364,0.03936634003795901,-0.0005489072189778314,25.402412290188764,45.74150628481742,86.0347279588265
lower,-65.64,42.69861257960867,0.039344475040596995,-0.00054434556189875,25.416529232329705,45.764949904756186,86.14836749403756
lower,-65.6,42.78875859282292,0.039322792161340006,-0.0005398012799123799,25.43054409506415,45.7883590389795,86.26192264147508
lower,-65.56,42.87885512056978,0.03930129070923005,-0.0005352741710321452,25.444456961947722,45.811733750126706,86.37539388036923
lower,-65.52,42.968902577865585,0.03927997000135279,-0.0005307640350589364,25.458267915315623,45.8350741002214,86.48878168775964
lower,-65.48,43.05890137817061,0.039258829362766534,-0.0005262706735546163,25.471977036289573,45.85838015067506,86.60208653851808
lower,-65.44,43.148851933407485,0.039237868126432304,-0.0005217938898158949,25.485584404784653,45.881651962290725,86.71530890537105
lower,-65.4,43.23875465397889,0.03921708563314505,-0.0005173334888485972,25.499090099515996,45.90488959526648,86.82844925891804
lower,-65.36,43.32860994878584,0.03919648123146568,-0.0005128892773422597,25.51249419800551,45.928093109199054,86.94150806765737
lower,-65.32,43.41841822524504,0.03917605427765426,-0.0005084610636451191,25.525796776588415,45.95126256308722,87.05448579800512
lower,-65.28,43.50817988930668,0.039155804135604225,-0.0005040486577394296,25.538997910419717,45.974398015335254,87.16738291431459
lower,-65.24,43.59789534547181,0.03913573017677738,-0.0004996518712171239,25.55209767348066,45.997499523756346,87.28019987890073
lower,-65.2,43.687564996809485,0.039115831780140074,-0.0004952705172558287,25.565096138585016,46.02056714557585,87.39293715205795
lower,-65.16,43.77718924497416,0.03909610833210025,-0.0004909044105951851,25.57799337738534,46.0436009374347,87.50559519208137
lower,-65.12,43.86676849022231,0.039076559226445415,-0.0004865533675135259,25.590789460379124,46.066600955392516,87.61817445528736
lower,-65.08,43.95630313142967,0.039057183864281524,-0.0004822172058048341,25.603484456914913,46.08956725493091,87.73067539603349
lower,-65.03999999999999,44.04579356610761,0.039037981653972875,-0.0004778957447560515,25.61607843519826,46.112499890956634,87.84309846673699
lower,-65.0,44.135240190419836,0.03901895201108278,-0.00047358880512467016,25.628571462297707,46.135398917804636,87.95544411789736
lower,-64.96,44.22464339919889,0.03900009435831523,-0.00046929620911663044,25.6409636041506,46.15826438924121,88.06771279811261
lower,-64.92,44.31400358596228,0.03898140812545735,-0.00046501778036452183,25.653254925568895,46.18109635846699,88.17990495410176
lower,-64.88,44.40332114292888,0.03896289274932277,-0.00046075334390606427,25.665445490244856,46.203894878119975,88.29202103072176
lower,-64.84,44.49259646103468,0.03894454767369593,-0.0004565027261628889,25.677535360756643,46.22666000027843,88.40406147098574
lower,-64.8,44.58182992994898,0.03892637234927699,-0.00045226575491957686,25.689524598573946,46.24939177646385,88.5160267160855
lower,-64.76,44.67102193808995,0.03890836623362792,-0.00044804225930299857,25.70141326406337,46.272090257643804,88.6279172054063
lower,-64.72,44.760172872640496,0.03889052879111899,-0.00044383206976189663,25.71320141649396,46.29475549423481,88.73973337654819
lower,-64.68,44.84928311956357,0.03887285949287652,-0.0004396350180467591,25.724889114042426,46.31738753610505,88.85147566534195
lower,-64.64,44.93835306361791,0.038855357816731044,-0.000435450937189926,25.736476413798506,46.33998643257722,88.96314450586782
lower,-64.6,45.027383088373014,0.03883802324716651,-0.000431279661485975,25.747963371770126,46.36255223243117,89.07474033047698
lower,-64.56,45.11637357622447,0.03882085527527018,-0.00042712102647234437,25.75935004288852,46.38508498390663,89.1862635698033
lower,-64.52,45.205324908409196,0.03880385339868323,-0.00042297486891019223,25.77063648101335,46.40758473470585,89.29771465278847
lower,-64.48,45.29423746502008,0.038787017121552324,-0.00041884102676552907,25.781822738937606,46.43005153199614,89.40909400668822
lower,-64.44,45.38311162502117,0.03877034595448158,-0.00041471933919054,25.792908868392676,46.45248542241261,89.52040205710666
lower,-64.4,45.471947766262055,0.03875383941448572,-0.0004106096465051925,25.803894920053054,46.47488645206042,89.63163922799593
lower,-64.36,45.560746265492924,0.03873749702494355,-0.00040651179017901627,25.814780943541287,46.497254666517584,89.74280594168431
lower,-64.32,45.649507498378746,0.03872131831555243,-0.00040242561281315567,25.825566987432598,46.519590110837214,89.85390261888351
lower,-64.28,45.738231839513794,0.03870530282228332,-0.0003983509581226129,25.836253099259633,46.541892829550015,89.96492967873684
lower,-64.24,45.82691966243619,0.03868945008733661,-0.00039428767091870693,25.846839325517024,46.56416286666672,89.92411246121972
lower,-64.2,45.915571339641744,0.038673759659098604,-0.0003902355970917645,25.857325711665958,46.58640026568036,89.8132233850062
lower,-64.16,46.00418724259848,0.03865823109209868,-0.0003861945835939901,25.867712302138656,46.60860506956867,89.7024026781605
lower,-64.12,46.092767741760305,0.03864286394696719,-0.00038216447842256735,25.87799914034278,46.63077732079626,89.59164992777201
lower,-64.08,46.18131320658127,0.03862765779039397,-0.00037814513060293264,25.888186268665837,46.652917061317034,89.48096472242939
lower,-64.03999999999999,46.26982400552917,0.038612612195087534,-0.00037413639017226896,25.89827372847943,46.67502433257625,89.37034665222292
lower,-64.0,46.358300506099354,0.038597726739734994,-0.0003701381081631788,25.908261560143526,46.697099175512776,89.25979530871548
lower,-63.96,46.44674307482848,0.03858300100896246,-0.00036615013658754177,25.918149803010646,46.71914163056125,89.1493102849377
lower,-63.92,46.53515207730796,0.0385684345932963,-0.00036217232842057005,25.92793849542997,46.74115173765421,89.03889117536544
lower,-63.879999999999995,46.623527878197564,0.038554027089124816,-0.00035820453758503355,25.937627674751425,46.76312953622413,88.92853757590542
lower,-63.84,46.711870841238564,0.038539778098660764,-0.00035424661893567545,25.94721737732967,46.785075065205525,88.81824908388322
lower,-63.8,46.80018132926741,0.038525687229904265,-0.000350298428243782,25.956707638528087,46.80698836303698,88.70802529802309
lower,-63.76,46.888459704228616,0.03851175409660657,-0.0003463598221819492,25.966098492722615,46.82886946766307,88.59786581843593
lower,-63.72,46.97670632718807,0.03849797831823424,-0.0003424306583089962,25.975389973305653,46.850718416536424,88.48777024660306
lower,-63.68,47.06492155834608,0.03848435951993399,-0.0003385107950550547,25.984582112689797,46.87253524661956,88.37773818536192
lower,-63.64,47.15310575705031,0.03847089733249814,-0.0003346000917068148,25.993674942311625,46.89431999438689,88.26776923889021
lower,-63.6,47.24125928180872,0.03845759139233069,-0.0003306984083929318,26.00266849263531,46.91607269582649,88.15786301269195
lower,-63.56,47.32938249030232,0.03844444134141386,-0.00032680560606959024,26.011562793156283,46.93779338644198,88.04801911358317
lower,-63.519999999999996,47.41747573939805,0.03843144682727533,-0.00032292154650621034,26.020357872404794,46.95948210125437,87.938237149675
lower,-63.480000000000004,47.50553938516122,0.038418607502956,-0.0003190460922713224,26.029053757949406,46.98113887480377,87.82851673036228
lower,-63.44,47.59357378286844,0.03840592302697821,-0.00031517910671855984,26.037650476400493,47.002763741151185,87.71885746630777
lower,-63.4,47.681579287019815,0.03839339306331475,-0.00031132045397282685,26.046148053413635,47.024356733880246,87.60925896942763
lower,-63.36,47.769556251351624,0.03838101728135818,-0.00030746999891658264,26.054546513692955,47.04591788609885,87.49972085287702
lower,-63.32,47.857505028848614,0.03836879535589087,-0.0003036276071762735,26.062845880994466,47.06744723044089,87.39024273103803
lower,-63.28,47.94542597175633,0.03835672696705543,-0.00029979314510890023,26.07104617812931,47.08894479906785,87.28082421950336
lower,-63.239999999999995,48.033319431593384,0.03834481180032585,-0.00029596647978871504,26.07914742696696,47.11041062367041,87.17146493506382
lower,-63.2,48.12118575916361,0.03833304954647897,-0.00029214747899404726,26.087149648438384,47.13184473547002,87.06216449569389
lower,-63.16,48.20902530456821,0.03832143990156669,-0.0002883360111942607,26.095052862539156,47.153247165220485,86.95292252053893
lower,-63.120000000000005,48.29683841721782,0.038309982566888494,-0.0002845319455368287,26.102857088332506,47.174617943209476,86.84373862990014
lower,-63.08,48.38462544584453,0.03829867724896463,-0.000280735151834535,26.11056234395234,47.195957099259985,86.73461244522284
lower,-63.04,48.47238673851366,0.03828752365950974,-0.00027694550055279763,26.11816864660619,47.217264662731836,86.62554358908193
lower,-63.0,48.560122642635896,0.038276521515407,-0.00027316286279709654,26.125676012578143,47.23854066252311,86.51653168516849
lower,-62.96,48.64783350497886,0.038265670538682794,-0.0002693871103005319,26.133084457231693,47.25978512707157,86.407576358277
lower,-62.92,48.73551967167906,0.0382549704564818,-0.0002656181154114791,26.140393995012566,47.28099808435602,86.2986772342923
lower,-62.879999999999995,48.82318148825345,0.03824442100104268,-0.000261855751081364,26.1476046394515,47.30217956189772,86.18983394017629
lower,-62.84,48.9108192996111,0.038234021909674204,-0.00025809989085254367,26.15471640316694,47.3233295867616,86.08104610395476
lower,-62.8,48.99843345006498,0.038223772924731766,-0.0002543504088462775,26.161729297867772,47.34444818555777,85.97231335470462
lower,-62.76,49.08602428334315,0.038213673793594596,-0.00025060717975082856,26.168643334355902,47.36553538444259,85.86363532254175
lower,-62.72,49.173592142600576,0.03820372426864321,-0.0002468700788096357,26.17545852252887,47.38659120912004,85.75501163860692
lower,-62.68,49.261137370430355,0.038193924107237515,-0.00024313898180960416,26.182174871382387,47.40761568484294,85.6464419350541
lower,-62.64,49.34866030887522,0.03818427307169522,-0.00023941376506947948,26.18879238901285,47.4286088364141,85.5379258450381
lower,-62.599999999999994,49.43616129943885,0.038174770929270865,-0.00023569430542832106,26.195311082619767,47.449570688187585,85.42946300270093
lower,-62.56,49.52364068309708,0.03816541745213521,-0.0002319804802340689,26.20173095850819,47.470501264069796,85.32105304316048
lower,-62.519999999999996,49.61109880030932,0.03815621241735512,-0.00022827216733218648,26.208052022091067,47.49140058752064,85.21269560249748
lower,-62.480000000000004,49.698535991029516,0.03814715560687386,-0.00022456924505441438,26.214274277891555,47.512268681554545,85.10439031774337
lower,-62.44,49.78595259471756,0.03813824680749189,-0.0002208715922075786,26.220397729545333,47.533105568741696,84.99613682686828
lower,-62.4,49.87334895035018,0.038129485810848095,-0.00021717908806251045,26.226422379802806,47.55391127120895,84.88793476876829
lower,-62.36,49.96072539643215,0.03812087241340141,-0.0002134916123430264,26.2323482305313,47.57468581064092,84.77978378325443
lower,-62.32,50.04808227100727,0.03811240641641296,-0.00020980904521499918,26.23817528271723,47.59542920828097,84.67168351103922
lower,-62.28,50.13541991166933,0.038104087625928554,-0.00020613126727549917,26.243903536468185,47.61614148493219,84.5636335937259
lower,-62.239999999999995,50.22273865557311,0.03809591585276168,-0.00020245815954201112,26.249532991015023,47.636822660958366,84.4556336737959
lower,-62.2,50.31003883944518,0.038087890912476934,-0.00019878960344173294,26.255063644713847,47.657472756284875,84.34768339459738
lower,-62.16,50.39732079959493,0.038080012625373735,-0.00019512548080092516,26.260495495048055,47.67809179039965,84.2397824003328
lower,-62.120000000000005,50.48458487192526,0.038072280816470704,-0.00019146567383435437,26.26582853863022,47.69867978235399,84.13193033604821
lower,-62.08,50.57183139194348,0.03806469531549025,-0.0001878100651347837,26.271062771204022,47.719236750763514,84.02412684762045
lower,-62.04,50.65906069477198,0.038057255956843714,-0.00018415853766254173,26.276198187646088,47.739762713808865,83.91637158174657
lower,-62.0,50.74627311515905,0.0380499625796168,-0.00018051097473514483,26.281234781967846,47.76025768923666,83.80866418593176
lower,-61.96,50.83346898748951,0.0380428150275556,-0.00017686726001698932,26.28617254731725,47.780721694360174,83.70100430847764
lower,-61.92,50.9206486457954,0.038035813149052786,-0.00017322727750909947,26.291011475980582,47.80115474606016,83.59339159847188
lower,-61.879999999999995,51.00781242376663,0.038028956797134514,-0.00016959091153893264,26.295751559384087,47.82155686078556,83.48582570577516
lower,-61.84,51.09496065476155,0.03802224582944739,-0.0001659580467502438,26.300392788095703,47.84192805455429,83.37830628101162
lower,-61.8,51.182093671817555,0.038015680108246186,-0.00016232856809300205,26.30493515182659,47.862268342953804,83.27083297555619
lower,-61.76,51.26921180766161,0.03800925950038171,-0.0001587023608133609,26.30937863943278,47.88257774114188,83.16340544152389
lower,-61.72,51.356315394720795,0.038002983877289113,-0.00015507931044367898,26.313723238916722,47.90285626384725,83.05602333175938
lower,-61.68,51.44340476513276,0.037996853114976754,-0.0001514593027925912,26.317968937428724,47.92310392537018,82.9486862998245
lower,-61.64,51.53048025075626,0.03799086709401524,-0.0001478422239351248,26.32211572126848,47.94332073958312,82.84139399998809
lower,-61.599999999999994,51.617542183181506,0.037985025699527046,-0.0001442279602028655,26.326163575886458,47.96350671993126,82.7341460872147
lower,-61.56,51.70459089374064,0.037979328821176404,-0.0001406163981741655,26.330112485885294,47.98366187943307,82.6269422171538
lower,-61.519999999999996,51.7916267135182,0.03797377635315963,-0.00013700742466438872,26.33396243502115,48.003786230680916,82.51978204612836
lower,-61.480000000000004,51.8786499733613,0.03796836819419586,-0.000133400926716212,26.337713406205005,48.02387978584145,82.41266523112466
lower,-61.44,51.96566100389024,0.03796310424751813,-0.00012979679158994442,26.34136538150396,48.04394255665621,82.30559142978097
lower,-61.4,52.052660135508624,0.03795798442086488,-0.00012619490675390554,26.344918342142435,48.06397455444202,82.19856030037681
lower,-61.36,52.139647698413775,0.03795300862647182,-0.00012259515987482359,26.34837226850339,48.08397579009146,82.09157150182216
lower,-61.32,52.22662402260706,0.037948176781064144,-0.00011899743880827493,26.351727140129498,48.103946274073316,81.98462469364705
lower,-61.28,52.3135894379041,0.03794348880584926,-0.00011540163158915764,26.354982935724216,48.1238860164329,81.87771953599052
lower,-61.239999999999995,52.40054427394509,0.03793894462650972,-0.0001118076264221913,26.358139633152923,48.143795026792525,81.77085568958978
lower,-61.2,52.487488860204934,0.03793454417319666,-0.00010821531167245456,26.361197209443947,48.16367331435178,81.66403281577067
lower,-61.16,52.574423526003756,0.03793028738052354,-0.00010462457585593295,26.36415564078959,48.183520887887966,81.55725057643568
lower,-61.120000000000005,52.6613486005167,0.03792617418756036,-0.00010103530763012387,26.367014902547066,48.20333775575626,81.4505086340544
lower,-61.08,52.748264412784586,0.037922204537828116,-9.74473957846308e-05,26.369774969239486,48.22312392589014,81.3438066516527
lower,-61.04,52.83517129172375,0.03791837837929374,-9.386072923180823e-05,26.372435814556734,48.24287940580162,81.23714429280199
lower,-61.0,52.922069566136415,0.03791469566436538,-9.027519699741624e-05,26.374997411356333,48.26260420258141,81.13052122160956
lower,-60.96,53.008959564720804,0.03791115634988801,-8.669068821129592e-05,26.377459731664292,48.28229832289929,81.02393710270734
lower,-60.92,53.09584161608133,0.03790776039713953,-8.310709209806625e-05,26.379822746675867,48.30196177300418,80.91739160124192
lower,-60.879999999999995,53.18271604873874,0.03790450777182709,-7.952429796783592e-05,26.382086426756345,48.321594558724385,80.81088438286422
lower,-60.84,53.26958319114021,0.037901398444083884,-7.594219520693529e-05,26.384250741441768,48.34119668546774,80.70441511371946
lower,-60.8,53.356443371669634,0.03789843238846626,-7.236067326865244e-05,26.386315659439592,48.36076815822179,80.59798346043598
lower,-60.76,53.44329691865757,0.037895609583951294,-6.877962166399529e-05,26.38828114862936,48.38030898155382,80.49158909011601
lower,-60.72,53.5301441603915,0.03789293001393459,-6.519892995245507e-05,26.390147176063294,48.399819159610985,80.38523167032488
lower,-60.68,53.6169854251259,0.03789039366622855,-6.161848773278221e-05,26.39191370796691,48.41929869612045,80.27891086908107
lower,-60.64,53.703821041092354,0.03788800053306104,-5.8038184633771544e-05,26.39358070973951,48.43874759438932,80.1726263548457
lower,-60.599999999999994,53.790651336509775,0.03788575061107425,-5.445791030505047e-05,26.395148145954735,48.458165857304785,80.06637779651282
lower,-60.56,53.87747663959431,0.037883643901324204,-5.087755440788132e-05,26.396615980361,48.47755348733401,79.9601648633991
lower,-60.519999999999996,53.96429727856972,0.03788168040928035,-4.729700660595154e-05,26.397984175881952,48.49691048652426,79.85398722523344
lower,-60.480000000000004,54.051113581677235,0.0378798601448257,-4.371615655618488e-05,26.39925269461687,48.51623685650271,79.74784455214743
lower,-60.44,54.137925877185886,0.037878183122257277,-4.0134893899536124e-05,26.400421497841023,48.535532598476514,79.64173651466501
lower,-60.4,54.22473449340248,0.03787664936028693,-3.655310825179732e-05,26.40149054600601,48.55479771323267,79.53566278369226
lower,-60.36,54.31153975868178,0.037875258882042566,-3.2970689194395365e-05,26.402459798740026,48.57403220113788,79.42962303050778
lower,-60.32,54.398342001436625,0.03787401171506965,-2.938752626518547e-05,26.40332921484816,48.59323606213853,79.32361692675224
lower,-60.28,54.485141550148036,0.03787290789133315,-2.5803508949244453e-05,26.40409875231261,48.61240929576046,79.2176441444189
lower,-60.239999999999995,54.57193873337537,0.037871947447219854,-2.221852666965058e-05,26.40476836829285,48.631551901108786,79.1117043558433
lower,-60.2,54.658733879766416,0.03787113042354104,-1.8632468778260022e-05,26.405338019125804,48.65066387686778,79.0057972336932
lower,-60.16,54.74552731806762,0.037870456865535425,-1.5045224546469755e-05,26.40580766032598,48.66974522130067,78.89992245095914
lower,-60.120000000000005,54.832319377134134,0.03786992682287272,-1.1456683155974361e-05,26.406177246585514,48.68879593224928,78.794079680944
lower,-60.08,54.919110385940094,0.03786954034965725,-7.866733689500924e-06,26.40644673177426,48.707816007133914,78.68826859725344
lower,-60.04,55.00590067358859,0.037869297504432194,-4.275265121543613e-06,26.406616068939773,48.72680544295301,78.58248887378582
lower,-60.0,55.09269056932213,0.03786919835018406,-6.821663090637042e-07,26.406685210307323,48.74576423628286,78.47674018472246
lower,-59.96,55.179480402532555,0.037869242954347605,2.9126740178089107e-06,26.406654107279806,48.7646923832773,78.3710222045176
lower,-59.92,55.26627050277144,0.037869431388811034,6.509367265108345e-06,26.406522710437677,48.78358987966737,78.26533460788859
lower,-59.879999999999995,55.35306119976017,0.0378697637299217,1.0108024984373967e-05,26.406290969538816,48.802456720760894,78.15967706980635
lower,-59.84,55.4398528234002,0.037870240058492086,1.3708758882020558e-05,26.405958833518362,48.821292901442185,78.05404926548503
lower,-59.8,55.52664570378344,0.03787086045980618,1.7311680828736227e-05,26.405526250488528,48.84009841617156,77.9484508703724
lower,-59.76,55.6134401712022,0.03787162502362621,2.091690286888756e-05,26.40499316773838,48.85887325898496,77.84288156014027
lower,-59.72,55.70023655615982,0.03787253384419988,2.452453722997712e-05,26.404359531733537,48.877617423493476,77.7373410106741
lower,-59.68,55.78703518938069,0.03787358702026773,2.8134696332103908e-05,26.40362528811592,48.896330902882895,77.63182889806382
lower,-59.64,55.873836401820675,0.03787478465507119,3.174749279747237e-05,26.40279038170337,48.91501368991316,77.52634489859362
lower,-59.599999999999994,55.96064052467743,0.037876126856360735,3.536303945992303e-05,26.401854756489307,48.9336657769179,77.42088868873205
lower,-59.56,56.0474478894007,0.03787761373640458,3.898144937449642e-05,26.400818355642325,48.95228715580385,77.31545994512284
lower,-59.519999999999996,56.134258827702794,0.03787924541199776,4.2602835827040314e-05,26.399681121505736,48.970877818050354,77.21005834457424
lower,-59.480000000000004,56.221073671568746,0.037881022004471486,4.622731234383411e-05,26.3984429955971,48.98943775470867,77.10468356405
lower,-59.44,56.30789275326705,0.03788294363970302,4.98549927012787e-05,26.39710391860772,49.00796695640146,76.99933528065894
lower,-59.4,56.394716405359745,0.037885010448125825,5.348599093559481e-05,26.395663830402086,49.026465413322114,76.89401317164555
lower,-59.36,56.48154496071314,0.03788722256474018,5.712042135258869e-05,26.394122670017303,49.04493311523411,76.78871691438016
lower,-59.32,56.56837875250813,0.03788958012912414,6.0758398537442167e-05,26.39248037566248,49.06337005147032,76.68344618634897
lower,-59.28,56.655218114250786,0.037892083285444945,6.440003736455873e-05,26.39073688471804,49.08177621093235,76.57820066514424
lower,-59.239999999999995,56.74206337978286,0.03789473218247071,6.804545300744768e-05,26.388892133735105,49.10015158208977,76.47298002845477
lower,-59.2,56.82891488329228,0.03789752697358271,7.16947609486574e-05,26.386946058434674,49.11849615297938,76.36778395405575
lower,-59.16,56.91577295932388,0.03790046781678779,7.534807698976519e-05,26.384898593706957,49.136809911204494,76.26261211979906
lower,-59.120000000000005,57.00263794278985,0.037903554874731474,7.900551726140468e-05,26.382749673610512,49.15509284393405,76.15746420360348
lower,-59.08,57.08951016898056,0.03790678831471122,8.266719823336208e-05,26.38049923137146,49.17334493790191,76.05233988344492
lower,-59.04,57.17638997357505,0.03791016830869025,8.633323672470686e-05,26.378147199382582,49.19156617940591,75.94723883734643
lower,-59.0,57.26327769265188,0.03791369503331168,9.000374991400119e-05,26.375693509202453,49.20975655430711,75.84216074336838
lower,-58.96,57.3501736626998,0.037917368669913146,9.367885534954715e-05,26.37313809155446,49.22791604802881,75.73710527959881
lower,-58.92,57.43707822062858,0.03792118940454179,9.735867095970827e-05,26.370480876325857,49.24604464555568,75.63207212414316
lower,-58.879999999999995,57.52399170377977,0.03792515742796966,0.00010104331506328334,26.36772179256674,49.26414233143287,75.52706095511478
lower,-58.84,57.61091444993752,0.03792927293570952,0.00010473290637994445,26.364860768489013,49.282209089764976,75.4220714506249
lower,-58.8,57.69784679733962,0.037933536128031124,0.00010842756404075117,26.361897731465284,49.30024490421513,75.31710328877267
lower,-58.76,57.78478908468821,0.037937947209977875,0.00011212740759871142,26.358832608027743,49.31824975800394,75.21215614763527
lower,-58.72,57.87174165116089,0.037942506391383926,0.00011583255703943014,26.35566532386702,49.336223633908475,75.10722970525799
lower,-58.68,57.95870483642168,0.03794721388689165,0.00011954313279181966,26.352395803830973,49.35416651426128,75.00232363964449
lower,-58.64,58.04567898063199,0.03795206991596966,0.00012325925573887893,26.34902397192347,49.37207838094918,74.89743762874623
lower,-58.599999999999994,58.132664424461865,0.037957074702931116,0.0001269810472285614,26.345549751303096,49.38995921541227,74.79257135045327
lower,-58.56,58.21966150910085,0.03796222847695261,0.0001307086290846979,26.341973064281873,49.40780899864275,74.68772448258379
lower,-58.519999999999996,58.30667057626951,0.03796753147209337,0.0001344421236180242,26.33829383232389,49.42562771118379,74.58289670287414
lower,-58.480000000000004,58.39369196823031,0.03797298392731497,0.0001381816536372624,26.334511976043935,49.44341533312836,74.47808768896874
lower,-58.44,58.480726027799065,0.03797858608650151,0.000141927342460303,26.33062741520606,49.46117184411797,74.37329711841038
lower,-58.4,58.56777309835614,0.03798433819848013,0.0001456793139254634,26.326640068722146,49.478897223341534,74.26852466862971
lower,-58.36,58.65483352385793,0.037990240517042126,0.0001494376924028362,26.322549854650376,49.49659144953405,74.16377001693544
lower,-58.32,58.74190764884816,0.03799629330096445,0.00015320260280572408,26.318356690193706,49.51425450097534,74.05903284050387
lower,-58.28,58.82899581846931,0.03800249681403159,0.0001569741706021623,26.314060491698324,49.53188635548876,73.95431281636934
lower,-58.239999999999995,58.91609837847425,0.03800885132505807,0.00016075252182654398,26.30966117465199,49.549486990439895,73.84960962141325
lower,-58.2,59.00321567523762,0.03801535710791132,0.00016453778309132434,26.305158653682398,49.56705638273509,73.7449229323547
lower,-58.16,59.090348055767656,0.03802201444153501,0.0001683300815988432,26.300552842555504,49.58459450882024,73.6402524257395
lower,-58.120000000000005,59.17749586771758,0.038028823609972916,0.00017212954515321926,26.295843654173773,49.60210134467922,73.5355977779306
lower,-58.08,59.26465945939759,0.038035784902393184,0.000175936302172376,26.291031000574428,49.61957686583258,73.43095866509722
lower,-58.04,59.35183917978642,0.0380428986131132,0.000179750481700146,26.286114792927606,49.63702104733599,73.32633476320498
lower,-58.0,59.4390353785433,0.038050165041624784,0.0001835722134184976,26.281094941534555,49.65443386377883,73.22172574800527
lower,-57.96,59.526248406019775,0.03805758449262001,0.00018740162765985998,26.275971355825703,49.671815289282584,73.11713129502505
lower,-57.92,59.613478613271674,0.03806515727601752,0.00019123885541956487,26.270743944358735,49.689165297499365,73.01255107955639
lower,-57.879999999999995,59.70072635207114,0.03807288370698914,0.00019508402836840042,26.265412614816654,49.70648386161038,72.9079847766459
lower,-57.84,59.78799197491866,0.03808076410598732,0.00019893727886527592,26.259977274005728,49.723770954324216,72.80343206108455
lower,-57.8,59.87527583505528,0.03808879879877281,0.000202798739970013,26.25443782785345,49.74102654787535,72.69889260739676
lower,-57.76,59.962578286474645,0.03809698811644302,0.00020666854545624554,26.248794181406446,49.758250614022344,72.59436608983037
lower,-57.72,60.04989968393547,0.03810533239546074,0.00021054682982445577,26.24304623882835,49.77544312404635,72.48985218234562
lower,-57.68,60.13724038297367,0.0381138319776836,0.00021443372831512307,26.237193903397582,49.792604048749226,72.3853505586045
lower,-57.64,60.224600739914905,0.038122487210393824,0.00021832937692201169,26.23123707750519,49.80973335845191,72.28086089196059
lower,-57.599999999999994,60.311981111886986,0.03813129844632871,0.000222233912405582,26.225175662652532,49.82683102299259,72.17638285544781
lower,-57.56,60.39938185683238,0.03814026604371149,0.00022614747230653655,26.21900955944901,49.84389701172499,72.07191612177004
lower,-57.519999999999996,60.486803333520925,0.038149390366282905,0.000230070194959506,26.212738667609678,49.86093129351643,71.96746036329
lower,-57.480000000000004,60.574245901562364,0.03815867178333314,0.00023400221950686578,26.206362885952906,49.87793383674606,71.86301525201898
lower,-57.44,60.661709921419295,0.038168110669734516,0.0002379436859127084,26.19988211239788,49.89490460930297,71.75858045960514
lower,-57.4,60.74919575441976,0.03817770740597456,0.00024189473497693794,26.193296243962166,49.911843578584204,71.65415565732344
lower,-57.36,60.836703762770355,0.038187462378189735,0.0002458555083495366,26.186605176759187,49.92875071149292,71.54974051606415
lower,-57.32,60.924234309569115,0.03819737597819977,0.00024982614854496293,26.179808805995624,49.945625974436325,71.44533470632197
lower,-57.28,61.011787758818635,0.03820744860354249,0.0002538067989567148,26.172907025968826,49.962469333323746,71.34093789818499
lower,-57.239999999999995,61.09936447543915,0.03821768065750929,0.00025779760387203846,26.165899730064147,49.9792807535645,71.23654976132377
lower,-57.2,61.186964825281805,0.03822807254918117,0.00026179870848680535,26.15878681075224,49.99606020006594,71.13216996497964
lower,-57.16,61.27458917514201,0.038238624693465395,0.0002658102589205498,26.151568159586297,50.012807637231276,71.0277981779541
lower,-57.120000000000005,61.362237892772704,0.03824933751113274,0.0002698324022316643,26.144243667199277,50.02952302895745,70.92343406859726
lower,-57.08,61.449911346897984,0.03826021142885537,0.000273865286432775,26.136813223301026,50.046206338633034,70.81907730479641
lower,-57.04,61.53760990722656,0.03827124687924523,0.0002779090605062786,26.12927671667544,50.062857529135954,70.71472755396489
lower,-57.0,61.62533394446546,0.03828244430089329,0.0002819638744200631,26.121634035177472,50.07947656283131,70.61038448303063
lower,-56.96,61.71308383033386,0.03829380413840918,0.0002860298791434034,26.113885065730177,50.09606340156913,70.50604775842442
lower,-56.92,61.80085993757669,0.03830532684246159,0.0002901072266630317,26.10602969432169,50.11261800668203,70.40171704606868
lower,-56.879999999999995,61.88866263997889,0.03831701286981932,0.0002941960699994115,26.09806780600211,50.12914033898293,70.29739201136557
lower,-56.84,61.9764923123791,0.03832886268339289,0.000298296563223176,26.089999284880413,50.145630358762666,70.19307231918565
lower,-56.8,62.06434933068413,0.03834087675227702,0.00030240886147178827,26.0818240141212,50.162088025787604,70.08875763385566
lower,-56.76,62.15223407188283,0.03835305555179343,0.0003065331209663642,26.07354187594159,50.17851329929725,69.98444761914735
lower,-56.72,62.240146914060695,0.038365399563534734,0.00031066949902872553,26.065152751607798,50.19490613800168,69.88014193826503
lower,-56.68,62.32808823641415,0.03837790927540866,0.0003148181540986391,26.056656521431925,50.2112665000792,69.77584025383403
lower,-56.64,62.41605841926505,0.038390585181683215,0.0003189792457512636,26.04805306476851,50.22759434317364,69.67154222788871
lower,-56.599999999999994,62.50405784407546,0.038403427783032386,0.00032315293471482344,26.03934226001111,50.24388962439195,69.56724752186001
lower,-56.56,62.592086893462216,0.03841643758658267,0.00032733938288847554,26.03052398458883,50.26015230030146,69.46295579656369
lower,-56.519999999999996,62.680145951211884,0.038429615105960234,0.0003315387533604132,26.021598114962778,50.27638232692734,69.35866671218821
lower,-56.480000000000004,62.76823540229557,0.03844296086133888,0.00033575121042618035,26.012564526622477,50.29257965974982,69.254379928282
lower,-56.44,62.856355632884274,0.03845647537948865,0.00033997691960723186,26.00342309408223,50.30874425370161,69.1500951037415
lower,-56.4,62.944507030363646,0.038470159193825314,0.00034421604766969696,25.994173690877417,50.32487606316499,69.04581189679875
lower,-56.36,63.03268998334968,0.038484012844460486,0.00034846876264341234,25.984816189560732,50.34097504196916,68.94152996500854
lower,-56.32,63.12090488170381,0.03849803687825253,0.00035273523384116585,25.975350461698426,50.357041143387335,68.83724896523624
lower,-56.28,63.209152116548644,0.03851223184885837,0.000357015631878209,25.96577637786638,50.373074320133895,68.73296855364485
lower,-56.239999999999995,63.297432080283464,0.038526598316785884,0.00036131012869200046,25.956093807646237,50.389074524361476,68.62868838568245
lower,-56.2,63.38574516660003,0.03854113684944721,0.00036561889756221445,25.946302619621427,50.40504170765804,68.52440811606934
lower,-56.16,63.474091770498596,0.03855584802121289,0.00036994211313101405,25.936402681373107,50.420975821043896,68.4201273987849
lower,-56.120000000000005,63.562472288303624,0.038570732413466716,0.00037427995142356226,25.92639385947612,50.43687681496861,68.31584588705518
lower,-56.08,63.65088711768028,0.03858579061466151,0.0003786325898688397,25.91627601949481,50.45274463930808,68.21156323333904
lower,-56.04,63.73933665765034,0.038601023220375674,0.00038300020732069705,25.906049025978845,50.46857924336123,68.10727908931582
lower,-56.0,63.827821308608925,0.0386164308333706,0.00038738298407922157,25.895712742458954,50.48438057584711,68.00299310587137
lower,-55.96,63.916341472340754,0.03863201406364901,0.00039178110191235687,25.885267031442588,50.50014858490144,67.89870493308521
lower,-55.92,64.00489755203701,0.038647773528514014,0.00039619474407783667,25.874711754409553,50.51588321807358,67.79441422021681
lower,-55.879999999999995,64.093489952312,0.03866370985262924,0.0004006240953453964,25.864046771807573,50.531584422323206,67.69012061569221
lower,-55.84,64.18211907922012,0.038679823668079705,0.0004050693420192898,25.853271943047766,50.54725214401692,67.58582376709037
lower,-55.8,64.27078534027308,0.03869611561443365,0.0004095306719611206,25.842387126500107,50.56288632892502,67.48152332112933
lower,-55.76,64.35948914445686,0.038712586338805345,0.00041400827461296415,25.831392179488766,50.57848692221793,67.37721892365263
lower,-55.72,64.44823090224935,0.03872923649591873,0.00041850234102083203,25.820286958287433,50.5940538684629,67.27291021961513
lower,-55.68,64.53701102563763,0.03874606674817201,0.00042301306385843473,25.809071318114597,50.609587111620485,67.1685968530693
lower,-55.64,64.62582992813584,0.03876307776570339,0.00042754063745129505,25.797745113128638,50.62508659504089,67.06427846715067
lower,-55.599999999999994,64.71468802480284,0.03878027022645746,0.00043208525780117794,25.78630819642303,50.640552261460535,66.95995470406403
lower,-55.56,64.80358573226019,0.03879764481625284,0.00043664712261087476,25.774760420021344,50.65598405299835,66.85562520506888
lower,-55.519999999999996,64.89252346871046,0.03881520222885074,0.00044122643130933554,25.763101634872214,50.67138191115208,66.75128961046482
lower,-55.480000000000004,64.98150165395522,0.0388329431660244,0.0004458233850771352,25.75133169084431,50.6867457767946,66.64694755957755
lower,-55.44,65.07052070941376,0.038850868337629796,0.00045043818687233336,25.73945043672112,50.70207559017014,66.54259869074352
lower,-55.4,65.15958105814147,0.03886897846167723,0.0004550710414566704,25.727457720195748,50.71737129089041,66.43824264129552
lower,-55.36,65.24868312484872,0.03888727426440392,0.00045972215542215635,25.715353387865648,50.7326328179308,66.33387904754785
lower,-55.32,65.3378273359199,0.038905756480347886,0.000464391737218039,25.70313728522721,50.74786010962641,66.22950754478109
lower,-55.28,65.42701411943229,0.03892442585242271,0.0004690799971781508,25.690809256670352,50.76305310366804,66.12512776722707
lower,-55.239999999999995,65.51624390517554,0.03894328313199343,0.00047378714754866343,25.67836914547302,50.778211737098324,66.02073934805351
lower,-55.2,65.60551712467102,0.03896232907895368,0.0004785134025162332,25.6658167937956,50.793335946307444,65.91634191934894
lower,-55.16,65.69483421119159,0.03898156446180387,0.0004832589782365751,25.653152042675227,50.80842566702917,65.81193511210664
lower,-55.120000000000005,65.78419559978117,0.03900099005773046,0.0004880240928634286,25.64037473202012,50.82348083433657,65.70751855620966
lower,-55.08,65.87360172727503,0.039020606652686536,0.0004928089665779808,25.62748470060372,50.838501382637865,65.60309188041448
lower,-55.04,65.96305303231978,0.03904041504147345,0.0004976138216186944,25.614481786058857,50.8534872456721,65.49865471233554
lower,-55.0,66.05254995539374,0.039060416027823786,0.0005024388823115997,25.601365824871735,50.86843835650476,65.39420667842889
lower,-54.96,66.14209293882769,0.03908061042448538,0.0005072843751010261,25.58813665237595,50.883354647523454,65.28974740397626
lower,-54.92,66.23168242682539,0.03910099905330676,0.0005121505285807982,25.574794102746342,50.89823605043343,65.18527651306859
lower,-54.879999999999995,66.32131886548473,0.03912158274532373,0.0005170375735258956,25.56133800899279,50.91308249625303,65.08079362858965
lower,-54.84,66.4110027028187,0.03914236234084722,0.000521945742924587,25.547768202953982,50.92789391530918,64.97629837219952
lower,-54.8,66.50073438877702,0.03916333868955251,0.00052687527201107,25.534084515291006,50.94267023723274,64.87179036431766
lower,-54.76,66.59051437526738,0.03918451265056976,0.0005318263982985707,25.520286775480912,50.95741139095379,64.76726922410624
lower,-54.72,66.68034311617747,0.03920588509257572,0.0005367993616129836,25.50637481181024,50.97211730469696,64.662734569453
lower,-54.68,66.77022106739679,0.03922745689388707,0.0005417944041269987,25.49234845136833,50.986787905976556,64.55818601695402
lower,-54.64,66.86014868683901,0.039249228942554865,0.0005468117703947711,25.47820752004069,51.001423121591735,64.45362318189665
lower,-54.599999999999994,66.95012643446428,0.03927120213646056,0.0005518517073871154,25.46395184250217,51.01602287762156,64.34904567824155
lower,-54.56,67.04015477230185,0.03929337738341337,0.0005569144645272416,25.449581242210115,51.03058709942002,64.24445311860555
lower,-54.519999999999996,67.13023416447308,0.03931575560124907,0.0005620002937270573,25.4350955413974,51.045115711611025,64.13984511424331
lower,-54.480000000000004,67.22036507721437,0.03933833771793035,0.0005671094494240212,25.42049456106534,51.05960863808317,64.03522127502984
lower,-54.44,67.31054797890063,0.03936112467164848,0.0005722421886185824,25.40577812097662,51.07406580198469,63.93058120944208
lower,-54.4,67.4007833400686,0.03938411741092666,0.0005773987709122002,25.390946039648,51.088487125718125,63.82592452454065
lower,-54.36,67.49107163344102,0.03940731689472479,0.0005825794585459728,25.375998134343007,51.10287253093508,63.7212508259513
lower,-54.32,67.58141333395034,0.03943072409254592,0.0005877845164398644,25.36093422106449,51.11722193853072,63.61655971784633
lower,-54.28,67.67180891876316,0.03945433998454407,0.0005930142122325593,25.34575411454715,51.13153526863852,63.511850802925714
lower,-54.239999999999995,67.7622588673048,0.039478165561633916,0.0005982688163219545,25.330457628249842,51.145812440624525,63.40712368239806
lower,-54.2,67.85276366128384,0.03950220182560183,0.000603548601906283,25.31504457434797,51.16005337308196,63.3023779559616
lower,-54.16,67.94332378471758,0.03952644978921893,0.0006088538450259236,25.299514763725526,51.174257983825406,63.19761322178443
lower,-54.120000000000005,68.03393972395699,0.03955091047635541,0.0006141848246058548,25.283868005967314,51.188426189885234,63.092829076485174
lower,-54.08,68.12461196771244,0.039575584922096924,0.0006195418224988078,25.26810410935083,51.20255790750165,62.98802511511331
lower,-54.04,68.21534100707949,0.03960047417286248,0.0006249251235291152,25.252222880838197,51.21665305211893,62.883200931128975
lower,-54.0,68.30612733556498,0.03962557928652425,0.0006303350155372696,25.236224126067906,51.230711538379374,62.77835611638305
lower,-53.96,68.39697144911358,0.03965090133252913,0.0006357717894252212,25.220107649346467,51.24473328011741,62.673490261096404
lower,-53.92,68.4878738461342,0.03967644139202206,0.0006412357392023893,25.203873253640005,51.258718190353356,62.568602953839836
lower,-53.879999999999995,68.57883502752718,0.03970220055797128,0.0006467271620324582,25.18752074056568,51.272666181287306,62.4636937815129
lower,-53.84,68.66985549671129,0.03972817993529546,0.0006522463582809205,25.171049910383037,51.286577164292865,62.35876232932323
lower,-53.8,68.76093575965157,0.03975438064099273,0.000657793631563423,25.15446056198521,51.30045104991083,62.25380818076502
lower,-53.76,68.85207632488691,0.039780803804271694,0.0006633692887949028,25.13775249289003,51.31428774784271,62.14883091759779
lower,-53.72,68.94327770355822,0.03980745056668433,0.0006689736402395367,25.120925499231053,51.32808716694425,62.04383011982492
lower,-53.68,69.0345404094371,0.03983432208226103,0.0006746069995615454,25.103979375748402,51.34184921521892,61.9388053656714
lower,-53.64,69.1258649589542,0.03986141951764761,0.0006802696838768147,25.086913915779544,51.3555737998111,61.83375623156209
lower,-53.599999999999994,69.2172518712287,0.039888744052244435,0.0006859620138054196,25.069728911249904,51.369260826999465,61.72868229209922
lower,-53.56,69.30870166809743,0.03991629687834764,0.0006916843135249985,25.05242415266342,51.38291020219005,61.62358312003994
lower,-53.519999999999996,69.40021487414468,0.039944079201292546,0.0006974369108250603,25.03499942909289,51.39652182990935,61.51845828627338
lower,-53.480000000000004,69.49179201673225,0.03997209223959915,0.0007032201371621846,25.017454528170283,51.41009561379733,61.41330735979781
lower,-53.44,69.58343362602989,0.04000033722512006,0.0007090343277161889,24.999789236076836,51.423631456600276,61.30812990769725
lower,-53.4,69.67514023504584,0.040028815403190435,0.0007148798214472244,24.982003337533104,51.437129260163616,61.20292549511795
lower,-53.36,69.76691237965818,0.04005752803278044,0.0007207569611538759,24.96409661578882,51.45058892542459,61.09769368524463
lower,-53.32,69.85875059864601,0.040086476386649944,0.0007266660935322417,24.946068852612633,51.46401035240495,60.99243403927646
lower,-53.28,69.95065543372135,0.04011566175150558,0.0007326075692360379,24.92791982828176,51.477393440203365,60.8871461164027
lower,-53.239999999999995,70.0426274295613,0.04014508542816033,0.0007385817429377482,24.909649321571404,51.49073808698791,60.78182947377817
lower,-53.2,70.1346671338405,0.04017474873169545,0.000744588973390814,24.89125710974417,51.504044189988385,60.67648366649849
lower,-53.16,70.22677509726404,0.04020465299162503,0.0007506296234929337,24.8727429685392,51.51731164548856,60.57110824757481
lower,-53.120000000000005,70.31895187360072,0.04023479955206306,0.0007567040603504418,24.85410667216123,51.53054034881816,60.465702767908525
lower,-53.08,70.41119801971676,0.04026518977189295,0.0007628126553438333,24.83534799326957,51.5437301943451,60.36026677626552
lower,-53.04,70.50351409560976,0.04029582502494002,0.000768955784194422,24.81646670296679,51.556881075467224,60.25479981925043
lower,-53.0,70.59590066444318,0.04032670670014635,0.0007751338270321912,24.79746257078739,51.56999288460418,60.14930144128005
lower,-52.96,70.6883582925812,0.040357836201748515,0.00078134716846483,24.778335364686242,51.583065513189155,60.04377118455702
lower,-52.92,70.780887549624,0.040389214949458144,0.0007875961976479986,24.75908485102694,51.59609885166042,59.93820858904298
lower,-52.879999999999995,70.87348900844341,0.040420844378645286,0.0007938813083568443,24.73971079456988,51.609092789452795,59.83261319243119
lower,-52.84,70.96616324521891,0.04045272594052449,0.0008002028990587831,24.720212958460387,51.622047214989095,59.7269845301194
lower,-52.8,71.0589108394744,0.040484861102344186,0.000806561372987613,24.700591104216414,51.63496201567134,59.62132213518167
lower,-52.76,71.15173237411489,0.04051725134757868,0.0008129571382189115,24.680844991716356,51.647837077871884,59.515625538340636
lower,-52.72,71.24462843546412,0.040549898176123436,0.0008193906077468365,24.660974379186463,51.660672286924466,59.40989426793882
lower,-52.68,71.33759961330234,0.04058280310449334,0.0008258621995622913,24.640979023188265,51.673467527115186,59.304127849909854
lower,-52.64,71.43064650090466,0.0406159676660242,0.0008323723367325033,24.620858678605693,51.68622268167313,59.1983258077496
lower,-52.599999999999994,71.5237696950797,0.04064939341107734,0.0008389214474820613,24.600613098632138,51.69893763276116,59.092487662486555
lower,-52.56,71.61696979620902,0.04068308190724764,0.0008455099652754289,24.580242034757234,51.71161226146644,58.98661293265193
lower,-52.519999999999996,71.7102474082868,0.04071703473957473,0.0008521383289009595,24.559745236753567,51.72424644779085,58.88070113424974
lower,-52.480000000000004,71.80360313896007,0.04075125351075767,0.0008588069825564636,24.53912245266311,51.73684007064123,58.77475178072608
lower,-52.44,71.89703759956942,0.040785739841373084,0.0008655163759363413,24.51837342878354,51.74939300781957,58.66876438293841
lower,-52.4,71.99055140519016,0.04082049537009678,0.0008722669643203327,24.497497909654328,51.76190513601306,58.562738449124176
lower,-52.36,72.0841451746742,0.040855521753928946,0.000879059208663904,24.47649563804269,51.774376330783944,58.45667348486926
lower,-52.32,72.17781953069218,0.04089082066842306,0.0008858935756903254,24.455366354929275,51.78680646655929,58.3505689930759
lower,-52.28,72.27157509977633,0.04092639380791842,0.0008927705379844516,24.434109799493754,51.79919541662062,58.24442447393045
lower,-52.239999999999995,72.3654125123638,0.04096224288577659,0.0008996905740882724,24.41272570910008,51.81154305309338,58.13823942487021
lower,-52.2,72.45933240284043,0.04099836963462151,0.0009066541685982331,24.391213819281717,51.823849246936305,58.032013340550655
lower,-52.16,72.55333540958532,0.04103477580658375,0.0009136618122644126,24.369573863726504,51.83611386793052,57.92574571281154
lower,-52.120000000000005,72.64742217501569,0.04107146317354864,0.0009207140020915561,24.347805574261415,51.84833678466873,57.819436030642976
lower,-52.08,72.74159334563258,0.0411084335274085,0.0009278112414420287,24.325908680837067,51.86051786454401,57.713083780150825
lower,-52.04,72.8358495720668,0.041145688680319065,0.0009349540401407178,24.30388291151202,51.87265697373854,57.60668844452207
lower,-52.0,72.93019150912588,0.04118323046496003,0.0009421429145819456,24.2817279924369,51.88475397721232,57.500249503989224
lower,-51.96,73.02461981584126,0.04122106073480014,0.0009493783878384203,24.259443647838204,51.896808738691455,57.3937664357947
lower,-51.92,73.11913515551635,0.04125918136436641,0.000956660989772274,24.23702960000201,51.90882112065657,57.287238714154476
lower,-51.879999999999995,73.213738195775,0.04129759424951803,0.0009639912571482384,24.214485569257356,51.920790984330786,57.18066581022162
lower,-51.84,73.30842960861074,0.04133630130772475,0.0009713697337490085,24.19181127395944,51.932718189667824,57.07404719204885
lower,-51.8,73.40321007043676,0.04137530447834998,0.0009787969704928457,24.169006430472542,51.94460259533965,56.967382324551
lower,-51.76,73.49808026213616,0.041414605722938466,0.0009862735255534384,24.146070753152824,51.95644405872424,56.860670669466984
lower,-51.72,73.59304086911338,0.04145420702550915,0.0009937999644821364,24.123003954330684,51.96824243589285,56.75391168532117
lower,-51.68,73.68809258134591,0.0414941103928526,0.001001376860332549,24.099805744293075,51.979997581597466,56.64710482738402
lower,-51.64,73.7832360934368,0.04153431785483369,0.0010090047937875862,24.07647583126544,51.991709349257775,56.54024954763282
lower,-51.599999999999994,73.87847210466802,0.04157483146469939,0.0010166843532890238,24.05301392139343,52.003377590948126,56.43334529471125
lower,-51.56,73.9738013190542,0.04161565329939163,0.0010244161351695815,24.029419718724412,52.015002157384274,56.32639151388891
lower,-51.519999999999996,74.06922444539764,0.04165678545986584,0.0010322007437876765,24.005692925188583,52.026582897909876,56.21938764701989
lower,-51.480000000000004,74.1647421973432,0.04169823007141441,0.0010400387916647818,23.98183324058003,52.03811966048291,56.1123331325013
lower,-51.44,74.26035529343507,0.04173998928399637,0.0010479308996256017,23.957840362537237,52.04961229166178,56.00522740523055
lower,-51.4,74.35606445717313,0.04178206527257204,0.0010558776969409706,23.933713986523614,52.06106063659135,55.8980698965629
lower,-51.36,74.45187041707104,0.041824460237443996,0.0010638798214736777,23.909453805807505,52.072464538988626,55.790860034267745
lower,-51.32,74.5477739067144,0.04186717640460359,0.0010719379198271908,23.88505951144207,52.083823841128385,55.68359724248462
lower,-51.28,74.64377566482032,0.0419102160260837,0.0010800526474974055,23.860530792244763,52.09513838382856,55.576280941678526
lower,-51.239999999999995,74.73987643529733,0.041953581380317434,0.0010882246690274494,23.835867334776598,52.10640800643528,55.46891054859479
lower,-51.2,74.83607696730623,0.04199727477250317,0.0010964546581656287,23.8110688233211,52.11763254680793,55.36148547621324
lower,-51.16,74.93237801532217,0.04204129853497608,0.0011047432980266338,23.786134939862865,52.12881184130385,55.25400513370137
lower,-51.120000000000005,75.02878033919691,0.042085655027585905,0.0011130912812559739,23.761065364065963,52.139945724762775,55.14646892636772
lower,-51.08,75.12528470422261,0.04213034663808168,0.0011214993101978546,23.735859773251867,52.151034030491154,55.03887625561364
lower,-51.04,75.22189188119596,0.04217537578250296,0.0011299680970664578,23.710517842377207,52.16207659024624,54.93122651888522
lower,-51.0,75.31860264648368,0.04222074490557827,0.001138498364120794,23.68503924401103,52.173073234219835,54.823519109623874
lower,-50.96,75.41541778208867,0.04226645648113025,0.001147090843843155,23.65942364831193,52.18402379102196,54.71575341721676
lower,-50.92,75.5123380757171,0.0423125130124884,0.0011557462791212923,23.63367072300464,52.19492808766413,54.607928826946186
lower,-50.879999999999995,75.60936432084662,0.04235891703290896,0.001164465423434388,23.607780133356393,52.20578594954251,54.500044719938245
lower,-50.84,75.70649731679529,0.04240567110600221,0.0011732490410428973,23.581751542152986,52.216597200420736,54.39210047311138
lower,-50.8,75.80373786879186,0.04245277782616784,0.0011820979071824327,23.555584609674263,52.2273616624125,54.28409545912305
lower,-50.76,75.90108678804654,0.04250023981903763,0.0011910128082616587,23.529278993669543,52.23807915596398,54.17602904631686
lower,-50.72,75.9985448918234,0.042548059741926596,0.0011999945420644287,23.502834349332414,52.24874949983585,54.06790059866816
lower,-50.68,76.09611300351331,0.04259624028429206,0.0012090439179561828,23.47625032927527,52.259372511085104,53.95970947572897
lower,-50.64,76.19379195270825,0.042644784168201055,0.0012181617570947339,23.449526583503506,52.26994800504666,53.851455032572474
lower,-50.599999999999994,76.29158257527651,0.04269369414880638,0.001227348892645563,23.422662759389205,52.28047579531457,53.74313661973631
lower,-50.56,76.38948571343897,0.042742973014831216,0.0012366061700017144,23.39565850164456,52.29095569372308,53.63475358316534
lower,-50.519999999999996,76.48750221584707,0.04279262358906288,0.0012459344470084584,23.368513452294714,52.30138751032725,53.52630526415307
lower,-50.480000000000004,76.58563293766072,0.042842648728855195,0.00125533459419271,23.341227250650455,52.31177105338349,53.41779099928317
lower,-50.44,76.6838787406288,0.04289305132664071,0.001264807494997521,23.313799533280203,52.32210612932957,53.30921012036904
lower,-50.4,76.7822404931697,0.04294383431045196,0.001274354046021581,23.286229933981772,52.33239254276453,53.200561954393166
lower,-50.36,76.8807190704537,0.04299500064445263,0.0012839751572639713,23.25851808375362,52.34263009642813,53.09184582344559
lower,-50.32,76.97931535448635,0.04304655332947848,0.0012936717523742644,23.23066361076568,52.35281859118014,52.98306104466092
lower,-50.28,77.07803023419318,0.04309849540358857,0.0013034447689081105,23.202666140329704,52.36295782597912,52.874206930155104
lower,-50.239999999999995,77.17686460550566,0.04315082994262666,0.0013132951585884468,23.17452529486918,52.37304759786108,52.76528278696067
lower,-50.2,77.2758193714483,0.043203560060793164,0.0013232238875724703,23.14624069388881,52.38308770191763,52.65628791696145
lower,-50.16,77.37489544222755,0.04325668891122805,0.0013332319367245502,23.117811953943427,52.393077931273986,52.54722161682585
lower,-50.120000000000005,77.47409373532123,0.04331021968660459,0.0013433203018951656,23.089238688606557,52.40301807706642,52.438083177939745
lower,-50.08,77.57341517557039,0.04336415561973462,0.0013534899942061391,23.060520508438298,52.412907928419536,52.32887188633748
lower,-50.04,77.67286069527148,0.04341849998418504,0.0013637420403421702,23.03165702095293,52.4227472724231,52.219587022632815
lower,-50.0,77.7724312342709,0.04347325609490642,0.0013740774828490047,23.0026478305858,52.43253589410856,52.11022786194793
lower,-49.96,77.87212774006026,0.0435284273088734,0.0013844973804382633,22.973492538659833,52.44227357642512,52.000793673842
lower,-49.92,77.97195116787368,0.04358401702573763,0.0013950028082992177,22.94419074335142,52.45196010021559,51.891283722238136
lower,-49.879999999999995,78.07190248078618,0.04364002868849317,0.0014055948584176141,22.91474203965581,52.46159524419161,51.78169726534961
lower,-49.84,78.17198264981378,0.04369646578415482,0.001416274639901772,22.885146019351964,52.471178784908766,51.672033555604834
lower,-49.8,78.27219265401546,0.0437533318444498,0.0014270432793161692,22.855402270966753,52.48071049674113,51.56229183957082
lower,-49.76,78.37253348059599,0.04381063044652262,0.00143790192102263,22.825510379738738,52.490190151855415,51.45247135787599
lower,-49.72,78.47300612501125,0.04386836521365405,0.0014488517275294327,22.795469927581195,52.49961752018475,51.342571345131404
lower,-49.68,78.5736115910746,0.04392653981599408,0.0014598938798484472,22.76528049304467,52.50899236940206,51.23259102985077
lower,-49.64,78.6743508910651,0.04398515797130928,0.001471029577860573,22.734941651278866,52.51831446489295,51.122529634369336
lower,-49.599999999999994,78.77522504583776,0.0440442234457451,0.0014822600406896973,22.704452973993916,52.52758356972823,51.0123863747614
lower,-49.56,78.87623508493493,0.04410374005460311,0.0014935865070853634,22.67381402942107,52.5367994446359,50.90216046075657
lower,-49.519999999999996,78.97738204670027,0.04416371166313396,0.0015050102358144613,22.64302438227262,52.54596184797278,50.79185109565436
lower,-49.480000000000004,79.0786669783938,0.04422414218734593,0.00151653250606209,22.612083593701335,52.55507053569558,50.68145747623803
lower,-49.44,79.18009093630941,0.044285035594829915,0.0015281546178419292,22.580991221259076,52.56412526133165,50.57097879268633
lower,-49.4,79.28165498589392,0.04434639590560092,0.0015398778924163204,22.549746818854803,52.57312577594902,50.46041422848445
lower,-49.36,79.38336020186821,0.04440822719295653,0.0015517036727263546,22.518349936711893,52.58207182812622,50.34976296033298
lower,-49.32,79.48520766835044,0.04447053358435295,0.0015636333238322456,22.486800121324656,52.5909631639213,50.23902415805566
lower,-49.28,79.587198478981,0.04453331926229856,0.001575668233364232,22.455096915414288,52.59979952684066,50.128196984505735
lower,-49.239999999999995,79.68933373704996,0.04459658846526615,0.0015878098119843777,22.42323985788387,52.608580657807074,50.01728059547034
lower,-49.2,79.79161455562617,0.044660345488623375,0.001600059493859473,22.39122848377285,52.61730629512738,49.90627413957385
lower,-49.16,79.89404205768895,0.04472459468558284,0.0016124187371454673,22.35906232421049,52.62597617445952,49.795176758178926
lower,-49.120000000000005,79.9966173762615,0.04478934046817126,0.0016248890244836126,22.326740906368826,52.63459002877908,49.68398758528684
lower,-49.08,80.09934165454716,0.04485458730821935,0.0016374718635088269,22.294263753414484,52.64314758834523,49.572705747434995
lower,-49.04,80.20221604606726,0.04492033973837155,0.0016501687873704148,22.261630384460044,52.651648580666134,49.461330363594
lower,-49.0,80.30524171480207,0.0449866023531176,0.001662981355265717,22.228840314514205,52.66009273046371,49.349860545061624
lower,-48.96,80.40841983533332,0.0450533798098451,0.0016759111529868482,22.195893054431384,52.668479759637854,49.23829539535621
lower,-48.92,80.51175159298987,0.045120676829914524,0.0016889597934810615,22.162788110860312,52.67680938723003,49.12663401010749
lower,-48.879999999999995,80.61523818399557,0.045188498199756996,0.001702128917425057,22.129524986191676,52.68508132938617,49.01487547694564
lower,-48.84,80.71888081561944,0.04525684877199494,0.0017154201938136054,22.096103178505054,52.69329529931906,48.90301887538887
lower,-48.8,80.82268070632904,0.0453257334665871,0.001728835320563008,22.062522181514677,52.701451007269995,48.79106327672837
lower,-48.76,80.92663908594565,0.04539515727199748,0.0017423760251296845,22.02878148451446,52.70954816046975,48.67900774391199
lower,-48.72,81.03075719580313,0.04546512524638974,0.0017560440651444723,21.99488057232191,52.717586463098925,48.566851331425354
lower,-48.68,81.13503628890876,0.04553564251884709,0.001769841229062993,21.960818925221105,52.7255656162476,48.45459308517102
lower,-48.64,81.23947763010725,0.045606714290618494,0.0017837693368325832,21.92659601890471,52.73348531787422,48.342232042345934
lower,-48.599999999999994,81.34408249624761,0.04567834583639207,0.0017978302405763321,21.89221132441484,52.7413452627638,48.22976723131598
lower,-48.56,81.44885217635294,0.045750542505595994,0.0018120258252946537,21.857664308083006,52.74914514248543,48.11719767148903
lower,-48.519999999999996,81.5537879717933,0.04582330972372803,0.0018263580095849818,21.822954431468844,52.756884645348926,48.00452237318516
lower,-48.480000000000004,81.65889119646137,0.04589665299371392,0.0018408287463800518,21.78808115129793,52.764563456360776,47.89174033750526
lower,-48.44,81.76416317695187,0.04597057789729621,0.0018554400237054747,21.753043919398188,52.77218125717932,47.77885055619621
lower,-48.4,81.86960525274345,0.04604509009645308,0.0018701938654569555,21.717842182635483,52.779737726069065,47.66585201151488
lower,-48.36,81.97521877638448,0.04612019533484931,0.001885092332197993,21.682475382847755,52.78723253785419,47.55274367608872
lower,-48.32,82.08100511368174,0.04619589943931908,0.0019001375219784922,21.646942956778155,52.79466536387127,47.43952451277439
lower,-48.28,82.18696564389303,0.04627220832138239,0.0019153315711750727,21.61124433600676,52.80203587192102,47.32619347451333
lower,-48.239999999999995,82.29310175992275,0.04634912797879504,0.001930676655353592,21.575378946881266,52.809343726219375,47.212749504185275
lower,-48.2,82.3994148685215,0.04642666449713408,0.0019461749901547166,21.539346210446155,52.81658858734733,47.099191534458555
lower,-48.16,82.50590639048927,0.04650482405141875,0.0019618288322031385,21.503145542370724,52.82377011220024,46.985518487637876
lower,-48.120000000000005,82.61257776088208,0.046583612907768454,0.0019776404800412074,21.46677635287572,52.83088795393593,46.87172927550939
lower,-48.08,82.71943042922298,0.046663037425098676,0.001993612275087783,21.43023804665852,52.83794176192191,46.75782279918251
lower,-48.04,82.82646585971648,0.04674310405685541,0.0020097466026229834,21.3935300228171,52.84493118168167,46.643797948929254
lower,-48.0,82.9336855314673,0.04682381935278998,0.0020260458927997844,21.356651674772348,52.851855854839854,46.529653604020254
lower,-47.96,83.04109093870328,0.0469051899607746,0.002042512621683216,21.319602390189015,52.8587154190665,46.415388632557615
lower,-47.92,83.14868359100215,0.04698722262865995,0.002059149312318028,21.28238155089524,52.86550950802026,46.301001891305
lower,-47.88,83.25646501352304,0.04706992420617647,0.002075958535825814,21.244988532800335,52.8722377512904,46.18649222551395
lower,-47.839999999999996,83.3644367472421,0.04715330164687964,0.0020929429125324285,21.2074227058112,52.878899774337825,46.071858468747486
lower,-47.8,83.4726003491926,0.04723736201014134,0.002110105113126736,21.16968343374702,52.885495198434946,45.95709944269985
lower,-47.76,83.58095739271006,0.04732211246318808,0.0021274478598517026,21.13177007425231,52.89202364060438,45.842213957012945
lower,-47.72,83.68950946768159,0.047407560283187496,0.0021449739277288205,21.09368197870831,52.89848471355653,45.72720080908927
lower,-47.68,83.79825818080032,0.04749371285938459,0.002162686145816993,21.05541849214266,52.90487802562583,45.612058783901254
lower,-47.64,83.90720515582485,0.04758057769528901,0.0021805873985070064,21.016978953137233,52.91120318070586,45.49678665379668
lower,-47.6,84.01635203384363,0.04766816241091477,0.0021986806268527175,20.978362693734258,52.917459778183265,45.381383178300496
lower,-47.56,84.12570047354454,0.04775647474507404,0.002216968829940196,20.939569039340526,52.92364741287019,45.26584710391266
lower,-47.519999999999996,84.23525215148996,0.04784552255772651,0.0022354550662960684,20.900597308629692,52.929765674935524,45.15017716390192
lower,-47.48,84.34500876239694,0.047935313832385806,0.002254142455336341,20.861446813442686,52.935814149834734,45.034372078095714
lower,-47.44,84.4549720194235,0.04802585667858475,0.002273034178857105,20.82211685868606,52.94179241823837,44.91843055266553
lower,-47.4,84.56514365446006,0.048117159334401145,0.002292133482568464,20.782606742228328,52.94770005595908,44.80235127990826
lower,-47.36,84.67552541842707,0.04820923016904565,0.0023114436776731557,20.742915754794264,52.953536633877206,44.686132938023114
lower,-47.32,84.78611908157865,0.04830207768551392,0.0023309681424914133,20.70304317985696,52.95930171786483,44.56977419088391
lower,-47.28,84.89692643381224,0.0483957105233046,0.0023507103241335973,20.662988293527736,52.96499486870841,44.45327368780675
lower,-47.24,85.00794928498462,0.048490137461205125,0.0023706737402222114,20.622750364443842,52.9706156420297,44.33663006331309
lower,-47.2,85.11918946523434,0.048585367420147504,0.0023908619806650364,20.582328653653803,52.97616358820516,44.219841936887896
lower,-47.16,85.230648825311,0.048681409466136194,0.0024112787094811364,20.541722414500363,52.98163825228371,44.10290791273269
lower,-47.12,85.34232923691097,0.048778272813249826,0.0024319276666815094,20.500930892501103,52.98703917390276,43.98582657951368
lower,-47.08,85.4542325930204,0.04887596682671954,0.0024528126702063444,20.45995332522649,52.992365887202496,43.8685965101045
lower,-47.04,85.5663608082651,0.04897450102608576,0.002473937617920805,20.418788942175446,52.997617920738506,43.75121626132379
lower,-47.0,85.67871581926808,0.0490738850884363,0.0024953064896714615,20.3774369646482,53.0027947973924,43.63368437366691
lower,-46.96,85.79129958501423,0.04917412885172757,0.002516923349405394,20.3358966056166,53.00789603428075,43.51599937103241
lower,-46.92,85.90411408722301,0.04927524231819224,0.0025387923473543144,20.29416706959153,53.012921142661995,43.398159760442404
lower,-46.88,86.0171613307288,0.04937723565783529,0.0025609177222858785,20.252247552487635,53.017869627841385,43.2801640317572
lower,-46.839999999999996,86.13044334386973,0.04948011921202179,0.002583303803824751,20.210137241485018,53.02274098907405,43.1620106573836
lower,-46.8,86.24396217888429,0.049583903497158535,0.002605955014845698,20.16783531488815,53.02753471946576,43.04369809197734
lower,-46.76,86.35771991231707,0.04968859920847342,0.0026288758739416,20.125340941981506,53.03225030587184,42.92522477213849
lower,-46.72,86.47171864543297,0.049794217223894766,0.002652070997968805,20.08265328288221,53.036887228793624,42.80658911610081
lower,-46.68,86.58596050464033,0.04990076860803391,0.0026755451046728096,20.039771488389505,53.04144496227297,42.687789523414104
lower,-46.64,86.7004476419236,0.050008264616274924,0.002699303015397172,19.996694699830783,53.045922973784236,42.56882437461955
lower,-46.6,86.81518223528522,0.0501167166989739,0.0027233496578786755,19.95342204890438,53.05032072412402,42.44969203091815
lower,-46.56,86.93016648919746,0.050226136505772255,0.002747690069131982,19.909952657518755,53.05463766729848,42.330390833831444
lower,-46.519999999999996,87.04540263506428,0.050336535890027095,0.0027723293984270713,19.866285637628167,53.05887325040816,42.210919104854966
lower,-46.48,87.16089293169311,0.05044792691336233,0.002797272910362845,19.82242009106476,53.06302691353019,42.09127514510409
lower,-46.44,87.27663966577788,0.05056032185034524,0.0028225259880407,19.77835510936669,53.06709808959805,41.971457234951465
lower,-46.4,87.39264515239222,0.05067373319329158,0.002848094136341606,19.73408977360256,53.07108620427844,41.851463633656735
lower,-46.36,87.50891173549438,0.05078817365720429,0.002873982985310785,19.68962315419173,53.07499067584553,41.73129257898748
lower,-46.32,87.62544178844318,0.050903656184849336,0.0029001982936539355,19.644954310720692,53.078810915052294,41.61094228683192
lower,-46.28,87.74223771452603,0.05102019395197418,0.0029267459523494017,19.600082291755104,53.08254632499896,41.49041095080241
lower,-46.24,87.8593019474991,0.05113780037267293,0.0029536319883806867,19.55500613464753,53.08619630099843,41.369696741829856
lower,-46.2,87.97663695213973,0.05125648910490314,0.0029808625685938785,19.50972486534083,53.08976023043865,41.24879780774903
lower,-46.16,88.09424522481179,0.05137627405615972,0.0030084440036850157,19.464237498166835,53.09323749264177,41.127712272873836
lower,-46.12,88.21212929404437,0.05149716938931089,0.003036382752322285,19.418543035640457,53.09662745872013,41.00643823756289
lower,-46.08,88.3302917211238,0.05161918952860188,0.003064685425408463,19.37264046824885,53.09992949142873,40.88497377777487
lower,-46.04,88.4487351006997,0.05174234916583187,0.0030933587904890545,19.326528774235697,53.10314294501442,40.763316944613294
lower,-46.0,88.56746206140548,0.05186666326671051,0.0031224097763119735,19.2802069193803,53.10626716506146,40.64146576386046
lower,-45.96,88.68647526649355,0.051992147077399714,0.003151845477544721,19.233673856771468,53.109301488333365,40.51941823550049
lower,-45.92,88.80577741448573,0.05211881613124763,0.0031816731596554866,19.18692852657591,53.112245242611195,40.39717233323047
lower,-45.88,88.92537123983936,0.052246686255721014,0.0032119002639646333,19.13996985580114,53.11509774652769,40.27472600396034
lower,-45.839999999999996,89.04525951362945,0.05237577357954327,0.0032425344128735887,19.092796758052586,53.11785830939773,40.15207716730021
lower,-45.8,89.16544504424756,0.05250609454004546,0.0032735834152783226,19.045408133284752,53.12052623104444,40.02922371503539
lower,-45.76,89.2859306781177,0.05263766589073748,0.003305055272174931,18.997802867546365,53.123100801621206,39.90616351058849
lower,-45.72,89.4067193004298,0.05277050470910743,0.003336958182465296,18.94997983271921,53.12558130142932,39.782894388468264
lower,-45.68,89.52781383589145,0.05290462840465752,0.0033693005489710687,18.901937886250494,53.1279670007312,39.659414153704724
lower,-45.64,89.64921724949822,0.0530400547271847,0.0034020909846646423,18.85367587087855,53.13025715955885,39.535720581270326
lower,-45.6,89.77093254732324,0.05317680177531504,0.003435338319126214,18.805192614351725,53.13245102751771,39.41181141548643
lower,-45.56,89.89296277732682,0.05331488800530114,0.0034690516052364555,18.756486929140117,53.13454784358559,39.28768436941499
lower,-45.519999999999996,90.01531103018624,0.05345433224009202,0.003503240126114713,18.70755761214011,53.136546835906444,39.16333712423471
lower,-45.48,90.13798044014698,0.053595153678685746,0.003537913402313276,18.658403444371313,53.13844722157909,39.038767328601324
lower,-45.44,90.26097418589545,0.053737371905775,0.003573081199278588,18.609023190665802,53.14024820644051,38.91397259799144
lower,-45.4,90.38429549145438,0.05388100690169684,0.0036087535350909686,18.559415599349308,53.1419489848435,38.78895051402951
lower,-45.36,90.50794762710107,0.05402607905269734,0.003644940688494774,18.509579401914294,53.14354873942887,38.66369862379743
lower,-45.32,90.63193391031,0.054172609161524145,0.003681653207231879,18.45951331268433,53.14504664089146,38.53821443912593
lower,-45.28,90.75625770671964,0.054320618458358116,0.003718901916691514,18.409216028469825,53.14644184774031,38.41249543586744
lower,-45.24,90.88092243112509,0.05447012861209778,0.0037566979288905606,18.358686228214644,53.147733506052475,38.28653905314984
lower,-45.199999999999996,91.00593154849663,0.054621161742009705,0.0037950526517988616,18.307922572633412,53.14892074922034,38.16034269261041
lower,-45.16,91.1312885750257,0.05477374042975899,0.0038339777990249566,18.256923703839156,53.150002697692294,38.0339037176094
lower,-45.12,91.25699707919891,0.05492788773183512,0.0038734853998785364,18.20568824496085,53.15097845870655,37.907219452421934
lower,-45.08,91.38306068290065,0.05508362719238744,0.003913587809826296,18.15421479975088,53.15184712601775,37.780287181409
lower,-45.04,91.50948306254601,0.05524098285648754,0.003954297721359394,18.102501952181672,53.15260777961626,37.65310414816513
lower,-45.0,91.63626795024447,0.05539997928383483,0.003995628175291131,18.050548266031395,53.15325948543992,37.52566755464301
lower,-44.96,91.76341913499525,0.0555606415629225,0.004037592572504541,17.99835228445839,53.153801295077834,37.397974560254326
lower,-44.92,91.89094046391614,0.05572299532568346,0.004080204686170963,17.94591252956366,53.15423224546608,37.27002228094517
lower,-44.88,92.01883584350615,0.0558870667626342,0.004123478674461223,17.893227501941375,53.154551358575134,37.14180778824611
lower,-44.839999999999996,92.14710924094352,0.0560528826385376,0.004167429093772608,17.84029568021677,53.15475764108845,37.01332810829543
lower,-44.8,92.27576468542017,0.056220470308605414,0.004212070912495922,17.787115520571064,53.154850084072166,36.88458022083505
lower,-44.76,92.40480626951425,0.056389857735262894,0.004257419525348279,17.73368545625287,53.15482766263557,36.755561058177584
lower,-44.72,92.53423815060133,0.05656107350549826,0.00430349076829845,17.6800038970758,53.15468933558179,36.62626750414427
lower,-44.68,92.66406455230626,0.05673414684882145,0.004350300934113324,17.626069228901663,53.15443404504882,36.49669639297231
lower,-44.64,92.79428976599708,0.05690910765585797,0.0043978667885555605,17.57187981310869,53.15406071613999,36.36684450819033
lower,-44.6,92.92491815232192,0.057085986497603936,0.004446205587263917,17.51743398604442,53.153568256543956,36.23670858146152
lower,-44.56,93.0559541427911,0.057264814645370456,0.0044953350933497555,17.4627300584626,53.15295555614362,36.10628529139269
lower,-44.519999999999996,93.18740224140574,0.05744562409144723,0.004545273595745103,17.407766314943466,53.152221486613634,35.97557126230802
lower,-44.48,93.3192670263343,0.05762844757051503,0.0045960399283392645,17.352541013297035,53.151364901006076,35.84456306298702
lower,-44.44,93.4515531516396,0.05781331858184087,0.004647653489943741,17.29705238394842,53.15038463332387,35.713257205363924
lower,-44.4,93.58426534905709,0.05800027141228831,0.004700134265126625,17.241298629304925,53.14927949808146,35.581650143188845
lower,-44.36,93.7174084298271,0.05818934116017964,0.0047535028459608384,17.185277923103964,53.14804828985246,35.44973827064782
lower,-44.32,93.8509872865829,0.05838056376004708,0.00480778045473255,17.12898840974114,53.14668978280341,35.31751792094108
lower,-44.28,93.98500689529625,0.058573976008312045,0.0048629889676590635,17.072428203577868,53.14520273021365,35.1849853648175
lower,-44.24,94.11947231728307,0.05876961558993448,0.004919150939668274,17.015595388227634,53.14358586398019,35.05213680906412
lower,-44.199999999999996,94.25438870127142,0.05896752110607531,0.004976289630294949,16.95848801582015,53.14183789410766,34.9189683949483
lower,-44.16,94.38976128553384,0.059167732102818116,0.0050344290307521725,16.901104106242578,53.13995750818217,34.78547619661138
lower,-44.12,94.52559540008707,0.05937028910099836,0.005093593892240109,16.843441646356816,53.1379433708289,34.65165621941142
lower,-44.08,94.66189646896116,0.05957523362719044,0.00515380975555747,16.785498589192187,53.13579412315247,34.51750439821375
lower,-44.04,94.79867001254124,0.05978260824590672,0.0052151029820857045,16.72727285311225,53.13350838215983,34.38301659562633
lower,-44.0,94.93592164998427,0.059992456593064535,0.005277500786219504,16.668762320954958,53.13108474016446,34.24818860017868
lower,-43.96,95.07365710171429,0.060204823410780615,0.005341031269322324,16.609964839145004,53.12852176417162,34.113016124441494
lower,-43.92,95.21188219199863,0.06041975458355537,0.00540572345528998,16.55087821677735,53.125817995243615,33.97749480308515
lower,-43.88,95.35060285160915,0.060637297175914005,0.005471607327811201,16.49150022467054,53.12297194784438,33.84162019087387
lower,-43.839999999999996,95.48982512057106,0.060857499471572776,0.005538713869418749,16.43182859438895,53.11998210916256,33.70538776059377
lower,-43.8,95.6295551510035,0.06108041101420517,0.005607075102431484,16.37186101723243,53.11684693841218,33.56879290091171
lower,-43.76,95.76979921005561,0.06130608264988549,0.005676724131893687,16.311595143192008,53.11356486610999,33.43183091416181
lower,-43.72,95.91056368294156,0.061534566571291444,0.005747695190624739,16.251028579870482,53.11013429332858,33.29449701405725
lower,-43.68,96.05185507607929,0.061765916363753205,0.005820023686499906,16.1901588913662,53.10655359092416,33.156786323323956
lower,-43.64,96.19368002033666,0.06200018705324032,0.005893746252090527,16.12898359711863,53.10282109873809,33.01869387125263
lower,-43.6,96.33604527439027,0.0622374351563837,0.005968900796800576,16.067500170714055,53.09893512477094,32.88021459116619
lower,-43.56,96.47895772820102,0.06247771873263555,0.006045526561645483,16.005706038649663,53.09489394432787,32.74134331779851
lower,-43.519999999999996,96.622424406612,0.06272109743867572,0.006123664176828917,15.943598579054356,53.09069579913436,32.602074784581035
lower,-43.48,96.7664524730735,0.06296763258517972,0.006203355722283632,15.881175120364354,53.08633889642072,32.462403620833165
lower,-43.44,96.91104923350133,0.06321738719607106,0.006284644791353977,15.81843293995152,53.08182140797415,32.322324348851915
lower,-43.4,97.05622214027345,0.06347042607038628,0.006367576557809406,15.755369262702573,53.07714146915696,32.181831380896995
lower,-43.36,97.20197879637188,0.06372681584689091,0.006452197846391813,15.691981259546765,53.07229717788944,32.04091901606607
lower,-43.32,97.34832695967582,0.06398662507159143,0.0065385572071132905,15.62826604592991,53.06728659359579,31.899581437055787
lower,-43.28,97.49527454741292,0.06424992426829798,0.006626704993536232,15.564220680232259,53.06210773611138,31.757812706803094
lower,-43.24,97.64282964077604,0.064516786012402,0.006716693445284102,15.499842162127713,53.05675858454981,31.615606765001537
lower,-43.199999999999996,97.79100048971291,0.06478728500804348,0.006808576775048799,15.435127430881657,53.05123707612771,31.472957424486772
lower,-43.16,97.9397955178966,0.06506149816885298,0.006902411260379647,15.37007336358467,53.04554110494542,31.329858367485375
lower,-43.12,98.08922332788548,0.06533950470246593,0.006998255340559855,15.304676773319034,53.039668520721605,31.186303141720312
lower,-43.08,98.23929270648131,0.06562138619901925,0.007096169718898404,15.238934407254956,53.0336171274795,31.04228515636658
lower,-43.04,98.39001263029496,0.06590722672385384,0.0071962174707896585,15.17284294467316,53.02738468218252,30.897797677849912
lower,-43.0,98.54139227152947,0.06619711291466063,0.00729846415791908,15.106398994910405,53.02096889331705,30.75283382548087
lower,-42.96,98.69344100399142,0.06649113408332524,0.007402977949022039,15.039599095224059,53.0143674194195,30.607386566916475
lower,-42.92,98.84616840934102,0.06678938232274066,0.00750982974763307,14.972439708572015,53.00757786754532,30.461448713441044
lower,-42.88,98.99958428359318,0.06709195261887782,0.007619093327296862,14.904917221303641,53.000597791676874,30.315012915057338
lower,-42.839999999999996,99.15369864388161,0.06739894296842218,0.0077308454747480465,14.837027940757483,52.993424691067204,30.168071655378576
lower,-42.8,99.3085217354992,0.06771045450230558,0.00784516614160666,14.76876809276106,52.98605600851671,30.02061724631149
lower,-42.76,99.4640640392289,0.06802659161548688,0.007962138605179157,14.700133819027629,52.97848912857903,29.872641822519476
lower,-42.72,99.62033627897907,0.06834746210335617,0.008081849639000724,14.631121174445124,52.97072137569286,29.724137335655474
lower,-42.68,99.77734942973986,0.06867317730516764,0.008204389693806827,14.561726124251283,52.96275001223575,29.57509554835178
lower,-42.64,99.93511472587647,0.06900385225493183,0.008329853089676102,14.491944541089417,52.95457223649586,29.425508027955054
lower,-42.6,100.09364366977739,0.0693396058402303,0.008458338220148106,14.421772201938417,52.94618518055751,29.275366139992485
lower,-42.56,100.25294804087613,0.0696805609694492,0.008589947769185159,14.351204784910395,52.9375859080959,29.124661041355363
lower,-42.519999999999996,100.41303990506631,0.07002684474796342,0.008724788941919493,14.28023786590903,52.9287714120762,28.973383673184866
lower,-42.48,100.57393162453138,0.07037858866384304,0.008862973710206327,14.208866915141046,52.919738612351914,28.821524753444095
lower,-42.44,100.73563586801144,0.07073592878369693,0.009004619074089833,14.137087293472819,52.91048435315699,28.669074769158957
lower,-42.4,100.89816562153125,0.07109900595931277,0.009149847340383406,14.064894248623695,52.90100540048605,28.5160239683101
lower,-42.36,101.0615341996146,0.07146796604580391,0.009298786419669596,13.992282911187074,52.891298439356284,28.362362351356513
lower,-42.32,101.22575525701276,0.07184296013202827,0.009451570143139399,13.919248290469458,52.88136007094474,28.2080796623699
lower,-42.28,101.3908428009759,0.07222414478410351,0.009608338600815525,13.845785270137243,52.87118680959361,28.053165379757885
lower,-42.24,101.55681120409821,0.07261168230290573,0.009769238502841757,13.771888603660441,52.86077507967641,27.89760870655278
lower,-42.199999999999996,101.72367521777035,0.07300574099651234,0.009934423565672902,13.697552909541352,52.85012121231665,27.74139856024039
lower,-42.16,101.8914499862742,0.07340649546862271,0.010104054925165694,13.622772666315962,52.83922144195083,27.584523562102365
lower,-42.12,102.0601510615582,0.07381412692407745,0.010278301578756532,13.547542207314379,52.82807190272618,27.426972026043014
lower,-42.08,102.22979441873343,0.07422882349268516,0.010457340859113833,13.471855715166285,52.81666862472366,27.268731946870297
lower,-42.04,102.40039647233421,0.07465078057266848,0.010641358941878867,13.395707216035795,52.805007529995656,27.109790987997524
lower,-42.0,102.57197409338946,0.07508020119514845,0.010830551390356496,13.319090573569458,52.793084428406964,26.950136468530975
lower,-41.96,102.7445446273552,0.07551729641120748,0.011025123740293342,13.241999482539612,52.78089501326714,26.78975534970505
lower,-41.92,102.91812591296151,0.07596228570320225,0.01122529212818579,13.164427462164216,52.76843485674132,26.62863422062456
lower,-41.88,103.09273630203153,0.07641539742214133,0.011431283966898999,13.086367849082865,52.7556994050253,26.466759283270566
lower,-41.839999999999996,103.26839468033477,0.07687686925310316,0.011643338672755394,13.00781378996693,52.74268397327032,26.304116336722306
lower,-41.8,103.44512048954093,0.07734694871084127,0.01186170844866875,12.928758233740586,52.729383740241026,26.140690760545453
lower,-41.76,103.62293375034706,0.07782589366792132,0.012086659128369374,12.849193923386775,52.71579374268965,25.976467497290688
lower,-41.72,103.80185508685392,0.07831397291793778,0.012318471087282205,12.769113387311634,52.70190886942744,25.81143103404603
lower,-41.68,103.98190575227662,0.07881146677660258,0.012557440226206161,12.688508930237019,52.68772385507332,25.645565382977445
lower,-41.64,104.16310765607895,0.07931866772374802,0.01280387903458893,12.607372623589843,52.67323327345788,25.47885406079057
lower,-41.6,104.34548339262899,0.0798358810895768,0.01305811774092198,12.525696295353567,52.65843153065944,25.31128006703896
lower,-41.56,104.52905627148178,0.08036342578880767,0.013320505558595264,12.443471519344705,52.64331285764634,25.142825861199274
lower,-41.519999999999996,104.71385034940324,0.0809016351067178,0.013591412036469047,12.36068960387382,52.62787130249822,24.973473338425915
lower,-41.48,104.89989046425892,0.08145085754147043,0.013871228524448512,12.277341579747683,52.612100722176265,24.803203803892213
lower,-41.44,105.08720227090267,0.08201145770755656,0.014160369765510633,12.193418187564536,52.59599477381003,24.631997945614692
lower,-41.4,105.27581227921054,0.08258381730565445,0.014459275626936737,12.108909864251707,52.579546905465584,24.45983580565128
lower,-41.36,105.46574789441937,0.08316833616475935,0.014768412984987623,12.02380672878877,52.56275034635688,24.286696749551158
lower,-41.32,105.65703745994247,0.08376543336302987,0.01508827777892533,11.93809856705586,52.54559809645843,24.112559433926492
lower,-41.28,105.84971030285108,0.08437554843447535,0.015419397252183557,11.851774815740407,52.528082915474045,23.937401772002275
lower,-41.24,106.04379678222718,0.0849991426693627,0.01576233240063861,11.764824545229706,52.51019731111213,23.76120089698808
lower,-41.199999999999996,106.23932834061236,0.08563670051706412,0.016117680650376796,11.677236441410283,52.49193352661328,23.583933123101747
lower,-41.16,106.43633755879794,0.08628873110101966,0.016486078790139896,11.588998786287439,52.473283527471196,23.40557390405825
lower,-41.12,106.63485821422637,0.08695576985655977,0.016868206186809075,11.50009943732977,52.454238987281954,23.22609778881907
lower,-41.08,106.83492534329768,0.08763838030353294,0.017264788315917188,11.410525805435125,52.43479127265085,23.04547837437887
lower,-41.04,107.03657530790593,0.08833715596704982,0.017676600643342547,11.320264831403502,52.41493142707853,22.863688255342932
lower,-41.0,107.2398458665613,0.08905272246119242,0.01810447289911079,11.229302960791369,52.394650153740976,22.68069897002512
lower,-40.96,107.4447762504901,0.08978573975228117,0.018549293789721418,11.137626117009223,52.373937797068855,22.496480942768446
lower,-40.92,107.65140724514512,0.09053690462027279,0.019012016201742418,11.045219672510015,52.35278432302213,22.311003422160137
lower,-40.88,107.85978127760379,0.0913069533391148,0.019493662956722523,10.95206841790013,52.33117929794534,22.12423441477827
lower,-40.839999999999996,108.0699425103822,0.09209666459944964,0.019995333185926417,10.858156528786775,52.309111865876105,21.936140614069075
lower,-40.8,108.28193694225001,0.09290686269999104,0.020518209403206207,10.763467530155836,52.28657072416679,21.746687323910585
lower,-40.76,108.49581251669545,0.09373842103725372,0.02106356536572942,10.66798425805122,52.26354409726252,21.55583837636943
lower,-40.72,108.71161923876144,0.09459226592716045,0.021632774825575254,10.57168881830188,52.24001970846292,21.36355604310304
lower,-40.68,108.9294093010565,0.09546938079647813,0.022227321290747323,10.474562542013366,52.21598474947385,21.169800939797057
lower,-40.64,109.14923721983608,0.09637081078712906,0.022848808932350285,10.376585937508336,52.19142584753431,20.974531922957006
lower,-40.6,109.37115998215515,0.09729766782230669,0.023498974796055075,10.277738638363722,52.16632902987788,20.777705978294367
lower,-40.56,109.59523720521369,0.09825113619014687,0.024179702501166897,10.177999347149383,52.14067968525908,20.579278099854626
lower,-40.519999999999996,109.82153130915137,0.09923247870860724,0.024893037640358134,10.077345774425988,52.114462522243336,20.379201158932695
lower,-40.48,110.05010770470643,0.10024304354442501,0.025641205128390198,9.975754572503847,52.0876615239203,20.177425761700654
lower,-40.44,110.28103499733014,0.10128427176976053,0.026426628790046765,9.873201263402482,52.06025989865872,19.973900094338536
lower,-40.4,110.51438520955602,0.10235770575272127,0.02725195352747479,9.769660160377462,52.032240026470696,19.768569754300668
lower,-40.36,110.75023402365844,0.10346499849272003,0.028120070466904616,9.665104282298536,52.003583400497234,19.561377566171732
lower,-40.32,110.98866104690981,0.10460792402902,0.029034145556495392,9.559505260065988,51.97427056306058,19.352263380356998
lower,-40.28,111.2297501020623,0.10578838907135601,0.02999765217351757,9.452833234141448,51.944281035653674,19.14116385261142
lower,-40.24,111.47358954604793,0.1070084460258807,0.031014408403663398,9.345056742139246,51.91359324214799,18.92801220213148
lower,-40.199999999999996,111.72027262032117,0.10827030761864888,0.032088619782237066,9.236142595273797,51.88218442439876,18.712737945607472
lower,-40.16,111.96989783676894,0.10957636335343679,0.03322492844174715,9.126055742281903,51.850030549306304,18.495266604252162
lower,-40.12,112.22256940370264,0.11092919808213512,0.03442846979989009,9.014759119231815,51.817106206250564,18.275519380374195
lower,-40.08,112.47839769713896,0.11233161301580852,0.03570493815487981,8.902213483387523,51.78338449365101,18.053412799537423
lower,-40.04,112.73749978339582,0.11378664956474753,0.037060662842860824,8.788377229008525,51.74883689320697,17.828858313724613
lower,-40.0,112.99999999999989,0.11529761646890775,0.0385026969693461,8.673206182624508,51.71343313014174,17.60176186018576
