P_mean_each_N,epsilon,family,mu,J1_W_N,base_W_N,box_W_N,total_upper_N,upper_min_each_N,upper_max_each_N,upper_COP_y_min_mm,upper_COP_y_max_mm,compression_field_exists,upper_contact_length_min_mm,upper_peak_pressure_MPa,lower_uniform_pressure_max_MPa,required_tangential_force_each_bound_N,available_friction_each_min_N,friction_sufficient_for_this_field,required_mu
500.0,0.0,pitch,0.1,0.0,0.0,0.0,1000.0,461.3333333333333,538.6666666666666,-50.8,160.8,False,0,,0.07936507936507936,373.8666666666667,46.13333333333333,False,0.8104046242774567
500.0,0.0,pitch,0.2,0.0,0.0,0.0,1000.0,461.3333333333333,538.6666666666666,-50.8,160.8,False,0,,0.07936507936507936,373.8666666666667,92.26666666666667,False,0.8104046242774567
500.0,0.0,pitch,0.3,0.0,0.0,0.0,1000.0,461.3333333333333,538.6666666666666,-50.8,160.8,False,0,,0.07936507936507936,373.8666666666667,138.39999999999998,False,0.8104046242774567
500.0,0.0,pitch,0.4,0.0,0.0,0.0,1000.0,461.3333333333333,538.6666666666666,-50.8,160.8,False,0,,0.07936507936507936,373.8666666666667,184.53333333333333,False,0.8104046242774567
500.0,0.0,pitch,0.1,0.0,0.0,29.41995,1029.41995,476.0433083333333,553.3766416666666,-43.77524425284356,161.77740702421787,False,0,,0.07936507936507936,369.1834961685624,47.604330833333336,False,0.7755250199001937
500.0,0.0,pitch,0.2,0.0,0.0,29.41995,1029.41995,476.0433083333333,553.3766416666666,-43.77524425284356,161.77740702421787,False,0,,0.07936507936507936,369.1834961685624,95.20866166666667,False,0.7755250199001937
500.0,0.0,pitch,0.3,0.0,0.0,29.41995,1029.41995,476.0433083333333,553.3766416666666,-43.77524425284356,161.77740702421787,False,0,,0.07936507936507936,369.1834961685624,142.81299249999998,False,0.7755250199001937
500.0,0.0,pitch,0.4,0.0,0.0,29.41995,1029.41995,476.0433083333333,553.3766416666666,-43.77524425284356,161.77740702421787,False,0,,0.07936507936507936,369.1834961685624,190.41732333333334,False,0.7755250199001937
500.0,0.0,pitch,0.1,0.0,100.0,0.0,1100.0,426.0,674.0,-50.0,172.54545454545453,False,0,,0.07936507936507936,373.3333333333333,42.6,False,0.8763693270735524
500.0,0.0,pitch,0.2,0.0,100.0,0.0,1100.0,426.0,674.0,-50.0,172.54545454545453,False,0,,0.07936507936507936,373.3333333333333,85.2,False,0.8763693270735524
500.0,0.0,pitch,0.3,0.0,100.0,0.0,1100.0,426.0,674.0,-50.0,172.54545454545453,False,0,,0.07936507936507936,373.3333333333333,127.8,False,0.8763693270735524
500.0,0.0,pitch,0.4,0.0,100.0,0.0,1100.0,426.0,674.0,-50.0,172.54545454545453,False,0,,0.07936507936507936,373.3333333333333,170.4,False,0.8763693270735524
500.0,0.0,pitch,0.1,0.0,100.0,29.41995,1129.41995,440.709975,688.709975,-43.61806230711615,173.13036683122164,False,0,,0.07936507936507936,369.0787082047441,44.070997500000004,False,0.8374639312503515
500.0,0.0,pitch,0.2,0.0,100.0,29.41995,1129.41995,440.709975,688.709975,-43.61806230711615,173.13036683122164,False,0,,0.07936507936507936,369.0787082047441,88.14199500000001,False,0.8374639312503515
500.0,0.0,pitch,0.3,0.0,100.0,29.41995,1129.41995,440.709975,688.709975,-43.61806230711615,173.13036683122164,False,0,,0.07936507936507936,369.0787082047441,132.21299249999998,False,0.8374639312503515
500.0,0.0,pitch,0.4,0.0,100.0,29.41995,1129.41995,440.709975,688.709975,-43.61806230711615,173.13036683122164,False,0,,0.07936507936507936,369.0787082047441,176.28399000000002,False,0.8374639312503515
500.0,0.0,pitch,0.1,500.0,0.0,0.0,1500.0,711.3333333333334,788.6666666666666,11.133333333333333,152.2,True,0.3999999999999986,91.70542635658921,0.07936507936507936,332.5777777777778,71.13333333333334,False,0.46754139331458916
500.0,0.0,pitch,0.2,500.0,0.0,0.0,1500.0,711.3333333333334,788.6666666666666,11.133333333333333,152.2,True,0.3999999999999986,91.70542635658921,0.07936507936507936,332.5777777777778,142.26666666666668,False,0.46754139331458916
500.0,0.0,pitch,0.3,500.0,0.0,0.0,1500.0,711.3333333333334,788.6666666666666,11.133333333333333,152.2,True,0.3999999999999986,91.70542635658921,0.07936507936507936,332.5777777777778,213.4,False,0.46754139331458916
500.0,0.0,pitch,0.4,500.0,0.0,0.0,1500.0,711.3333333333334,788.6666666666666,11.133333333333333,152.2,True,0.3999999999999986,91.70542635658921,0.07936507936507936,332.5777777777778,284.53333333333336,False,0.46754139331458916
500.0,0.0,pitch,0.1,500.0,0.0,29.41995,1529.41995,726.0433083333334,803.3766416666666,14.670195880470892,153.0233015791379,True,11.010587641412677,3.393674946631861,0.07936507936507936,330.2198694130194,72.60433083333334,False,0.4548211733691957
500.0,0.0,pitch,0.2,500.0,0.0,29.41995,1529.41995,726.0433083333334,803.3766416666666,14.670195880470892,153.0233015791379,True,11.010587641412677,3.393674946631861,0.07936507936507936,330.2198694130194,145.20866166666667,False,0.4548211733691957
500.0,0.0,pitch,0.3,500.0,0.0,29.41995,1529.41995,726.0433083333334,803.3766416666666,14.670195880470892,153.0233015791379,True,11.010587641412677,3.393674946631861,0.07936507936507936,330.2198694130194,217.8129925,False,0.4548211733691957
500.0,0.0,pitch,0.4,500.0,0.0,29.41995,1529.41995,726.0433083333334,803.3766416666666,14.670195880470892,153.0233015791379,True,11.010587641412677,3.393674946631861,0.07936507936507936,330.2198694130194,290.41732333333334,False,0.4548211733691957
500.0,0.0,pitch,0.1,500.0,100.0,0.0,1600.0,676.0,924.0,7.8125,160.8125,False,0,,0.07936507936507936,334.7916666666667,67.60000000000001,False,0.4952539447731756
500.0,0.0,pitch,0.2,500.0,100.0,0.0,1600.0,676.0,924.0,7.8125,160.8125,False,0,,0.07936507936507936,334.7916666666667,135.20000000000002,False,0.4952539447731756
500.0,0.0,pitch,0.3,500.0,100.0,0.0,1600.0,676.0,924.0,7.8125,160.8125,False,0,,0.07936507936507936,334.7916666666667,202.79999999999998,False,0.4952539447731756
500.0,0.0,pitch,0.4,500.0,100.0,0.0,1600.0,676.0,924.0,7.8125,160.8125,False,0,,0.07936507936507936,334.7916666666667,270.40000000000003,False,0.4952539447731756
500.0,0.0,pitch,0.1,500.0,100.0,29.41995,1629.41995,690.709975,938.709975,11.192259091954776,161.42977152697804,False,0.5767772758643286,75.69807427718001,0.07936507936507936,332.53849393869683,69.0709975,False,0.4814444643552409
500.0,0.0,pitch,0.2,500.0,100.0,29.41995,1629.41995,690.709975,938.709975,11.192259091954776,161.42977152697804,False,0.5767772758643286,75.69807427718001,0.07936507936507936,332.53849393869683,138.141995,False,0.4814444643552409
500.0,0.0,pitch,0.3,500.0,100.0,29.41995,1629.41995,690.709975,938.709975,11.192259091954776,161.42977152697804,False,0.5767772758643286,75.69807427718001,0.07936507936507936,332.53849393869683,207.21299249999998,False,0.4814444643552409
500.0,0.0,pitch,0.4,500.0,100.0,29.41995,1629.41995,690.709975,938.709975,11.192259091954776,161.42977152697804,False,0.5767772758643286,75.69807427718001,0.07936507936507936,332.53849393869683,276.28399,False,0.4814444643552409
500.0,0.1,pitch,0.1,0.0,0.0,0.0,1000.0,404.6666666666667,595.3333333333334,-50.8,160.8,False,0,,0.0873015873015873,373.8666666666667,40.46666666666667,False,0.9238879736408566
500.0,0.1,pitch,0.2,0.0,0.0,0.0,1000.0,404.6666666666667,595.3333333333334,-50.8,160.8,False,0,,0.0873015873015873,373.8666666666667,80.93333333333334,False,0.9238879736408566
500.0,0.1,pitch,0.3,0.0,0.0,0.0,1000.0,404.6666666666667,595.3333333333334,-50.8,160.8,False,0,,0.0873015873015873,373.8666666666667,121.4,False,0.9238879736408566
500.0,0.1,pitch,0.4,0.0,0.0,0.0,1000.0,404.6666666666667,595.3333333333334,-50.8,160.8,False,0,,0.0873015873015873,373.8666666666667,161.86666666666667,False,0.9238879736408566
500.0,0.1,pitch,0.1,0.0,0.0,29.41995,1029.41995,419.37664166666667,610.0433083333334,-43.77524425284356,161.77740702421787,False,0,,0.0873015873015873,369.1834961685624,41.93766416666667,False,0.8803148756720711
500.0,0.1,pitch,0.2,0.0,0.0,29.41995,1029.41995,419.37664166666667,610.0433083333334,-43.77524425284356,161.77740702421787,False,0,,0.0873015873015873,369.1834961685624,83.87532833333334,False,0.8803148756720711
500.0,0.1,pitch,0.3,0.0,0.0,29.41995,1029.41995,419.37664166666667,610.0433083333334,-43.77524425284356,161.77740702421787,False,0,,0.0873015873015873,369.1834961685624,125.8129925,False,0.8803148756720711
500.0,0.1,pitch,0.4,0.0,0.0,29.41995,1029.41995,419.37664166666667,610.0433083333334,-43.77524425284356,161.77740702421787,False,0,,0.0873015873015873,369.1834961685624,167.75065666666669,False,0.8803148756720711
500.0,0.1,pitch,0.1,0.0,100.0,0.0,1100.0,369.33333333333337,730.6666666666666,-50.0,172.54545454545453,False,0,,0.0873015873015873,373.3333333333333,36.93333333333334,False,1.0108303249097472
500.0,0.1,pitch,0.2,0.0,100.0,0.0,1100.0,369.33333333333337,730.6666666666666,-50.0,172.54545454545453,False,0,,0.0873015873015873,373.3333333333333,73.86666666666667,False,1.0108303249097472
500.0,0.1,pitch,0.3,0.0,100.0,0.0,1100.0,369.33333333333337,730.6666666666666,-50.0,172.54545454545453,False,0,,0.0873015873015873,373.3333333333333,110.80000000000001,False,1.0108303249097472
500.0,0.1,pitch,0.4,0.0,100.0,0.0,1100.0,369.33333333333337,730.6666666666666,-50.0,172.54545454545453,False,0,,0.0873015873015873,373.3333333333333,147.73333333333335,False,1.0108303249097472
500.0,0.1,pitch,0.1,0.0,100.0,29.41995,1129.41995,384.04330833333336,745.3766416666666,-43.61806230711615,173.13036683122164,False,0,,0.0873015873015873,369.0787082047441,38.40433083333334,False,0.961034081823916
500.0,0.1,pitch,0.2,0.0,100.0,29.41995,1129.41995,384.04330833333336,745.3766416666666,-43.61806230711615,173.13036683122164,False,0,,0.0873015873015873,369.0787082047441,76.80866166666668,False,0.961034081823916
500.0,0.1,pitch,0.3,0.0,100.0,29.41995,1129.41995,384.04330833333336,745.3766416666666,-43.61806230711615,173.13036683122164,False,0,,0.0873015873015873,369.0787082047441,115.2129925,False,0.961034081823916
500.0,0.1,pitch,0.4,0.0,100.0,29.41995,1129.41995,384.04330833333336,745.3766416666666,-43.61806230711615,173.13036683122164,False,0,,0.0873015873015873,369.0787082047441,153.61732333333336,False,0.961034081823916
500.0,0.1,pitch,0.1,500.0,0.0,0.0,1500.0,654.6666666666666,845.3333333333334,11.133333333333333,152.2,True,0.3999999999999986,98.29457364341124,0.0873015873015873,332.5777777777778,65.46666666666667,False,0.508010862186015
500.0,0.1,pitch,0.2,500.0,0.0,0.0,1500.0,654.6666666666666,845.3333333333334,11.133333333333333,152.2,True,0.3999999999999986,98.29457364341124,0.0873015873015873,332.5777777777778,130.93333333333334,False,0.508010862186015
500.0,0.1,pitch,0.3,500.0,0.0,0.0,1500.0,654.6666666666666,845.3333333333334,11.133333333333333,152.2,True,0.3999999999999986,98.29457364341124,0.0873015873015873,332.5777777777778,196.39999999999998,False,0.508010862186015
500.0,0.1,pitch,0.4,500.0,0.0,0.0,1500.0,654.6666666666666,845.3333333333334,11.133333333333333,152.2,True,0.3999999999999986,98.29457364341124,0.0873015873015873,332.5777777777778,261.8666666666667,False,0.508010862186015
500.0,0.1,pitch,0.1,500.0,0.0,29.41995,1529.41995,669.3766416666666,860.0433083333334,14.670195880470892,153.0233015791379,True,11.010587641412677,3.633049901045331,0.0873015873015873,330.2198694130194,66.93766416666666,False,0.4933244586946028
500.0,0.1,pitch,0.2,500.0,0.0,29.41995,1529.41995,669.3766416666666,860.0433083333334,14.670195880470892,153.0233015791379,True,11.010587641412677,3.633049901045331,0.0873015873015873,330.2198694130194,133.87532833333333,False,0.4933244586946028
500.0,0.1,pitch,0.3,500.0,0.0,29.41995,1529.41995,669.3766416666666,860.0433083333334,14.670195880470892,153.0233015791379,True,11.010587641412677,3.633049901045331,0.0873015873015873,330.2198694130194,200.81299249999998,False,0.4933244586946028
500.0,0.1,pitch,0.4,500.0,0.0,29.41995,1529.41995,669.3766416666666,860.0433083333334,14.670195880470892,153.0233015791379,True,11.010587641412677,3.633049901045331,0.0873015873015873,330.2198694130194,267.75065666666666,False,0.4933244586946028
500.0,0.1,pitch,0.1,500.0,100.0,0.0,1600.0,619.3333333333334,980.6666666666666,7.8125,160.8125,False,0,,0.0873015873015873,334.7916666666667,61.93333333333334,False,0.5405678148546824
500.0,0.1,pitch,0.2,500.0,100.0,0.0,1600.0,619.3333333333334,980.6666666666666,7.8125,160.8125,False,0,,0.0873015873015873,334.7916666666667,123.86666666666667,False,0.5405678148546824
500.0,0.1,pitch,0.3,500.0,100.0,0.0,1600.0,619.3333333333334,980.6666666666666,7.8125,160.8125,False,0,,0.0873015873015873,334.7916666666667,185.8,False,0.5405678148546824
500.0,0.1,pitch,0.4,500.0,100.0,0.0,1600.0,619.3333333333334,980.6666666666666,7.8125,160.8125,False,0,,0.0873015873015873,334.7916666666667,247.73333333333335,False,0.5405678148546824
500.0,0.1,pitch,0.1,500.0,100.0,29.41995,1629.41995,634.0433083333334,995.3766416666666,11.192259091954776,161.42977152697804,False,0.5767772758643286,80.26770457473117,0.0873015873015873,332.53849393869683,63.40433083333334,False,0.5244728389497844
500.0,0.1,pitch,0.2,500.0,100.0,29.41995,1629.41995,634.0433083333334,995.3766416666666,11.192259091954776,161.42977152697804,False,0.5767772758643286,80.26770457473117,0.0873015873015873,332.53849393869683,126.80866166666668,False,0.5244728389497844
500.0,0.1,pitch,0.3,500.0,100.0,29.41995,1629.41995,634.0433083333334,995.3766416666666,11.192259091954776,161.42977152697804,False,0.5767772758643286,80.26770457473117,0.0873015873015873,332.53849393869683,190.2129925,False,0.5244728389497844
500.0,0.1,pitch,0.4,500.0,100.0,29.41995,1629.41995,634.0433083333334,995.3766416666666,11.192259091954776,161.42977152697804,False,0.5767772758643286,80.26770457473117,0.0873015873015873,332.53849393869683,253.61732333333336,False,0.5244728389497844
500.0,0.2,pitch,0.1,0.0,0.0,0.0,1000.0,348.0,652.0,-50.8,160.8,False,0,,0.09523809523809523,373.8666666666667,34.800000000000004,False,1.0743295019157089
500.0,0.2,pitch,0.2,0.0,0.0,0.0,1000.0,348.0,652.0,-50.8,160.8,False,0,,0.09523809523809523,373.8666666666667,69.60000000000001,False,1.0743295019157089
500.0,0.2,pitch,0.3,0.0,0.0,0.0,1000.0,348.0,652.0,-50.8,160.8,False,0,,0.09523809523809523,373.8666666666667,104.39999999999999,False,1.0743295019157089
500.0,0.2,pitch,0.4,0.0,0.0,0.0,1000.0,348.0,652.0,-50.8,160.8,False,0,,0.09523809523809523,373.8666666666667,139.20000000000002,False,1.0743295019157089
500.0,0.2,pitch,0.1,0.0,0.0,29.41995,1029.41995,362.709975,666.709975,-43.77524425284356,161.77740702421787,False,0,,0.09523809523809523,369.1834961685624,36.2709975,False,1.0178476513323418
500.0,0.2,pitch,0.2,0.0,0.0,29.41995,1029.41995,362.709975,666.709975,-43.77524425284356,161.77740702421787,False,0,,0.09523809523809523,369.1834961685624,72.541995,False,1.0178476513323418
500.0,0.2,pitch,0.3,0.0,0.0,29.41995,1029.41995,362.709975,666.709975,-43.77524425284356,161.77740702421787,False,0,,0.09523809523809523,369.1834961685624,108.8129925,False,1.0178476513323418
500.0,0.2,pitch,0.4,0.0,0.0,29.41995,1029.41995,362.709975,666.709975,-43.77524425284356,161.77740702421787,False,0,,0.09523809523809523,369.1834961685624,145.08399,False,1.0178476513323418
500.0,0.2,pitch,0.1,0.0,100.0,0.0,1100.0,312.66666666666663,787.3333333333334,-50.0,172.54545454545453,False,0,,0.09523809523809523,373.3333333333333,31.266666666666666,False,1.1940298507462688
500.0,0.2,pitch,0.2,0.0,100.0,0.0,1100.0,312.66666666666663,787.3333333333334,-50.0,172.54545454545453,False,0,,0.09523809523809523,373.3333333333333,62.53333333333333,False,1.1940298507462688
500.0,0.2,pitch,0.3,0.0,100.0,0.0,1100.0,312.66666666666663,787.3333333333334,-50.0,172.54545454545453,False,0,,0.09523809523809523,373.3333333333333,93.79999999999998,False,1.1940298507462688
500.0,0.2,pitch,0.4,0.0,100.0,0.0,1100.0,312.66666666666663,787.3333333333334,-50.0,172.54545454545453,False,0,,0.09523809523809523,373.3333333333333,125.06666666666666,False,1.1940298507462688
500.0,0.2,pitch,0.1,0.0,100.0,29.41995,1129.41995,327.3766416666666,802.0433083333334,-43.61806230711615,173.13036683122164,False,0,,0.09523809523809523,369.0787082047441,32.73766416666666,False,1.1273825350696167
500.0,0.2,pitch,0.2,0.0,100.0,29.41995,1129.41995,327.3766416666666,802.0433083333334,-43.61806230711615,173.13036683122164,False,0,,0.09523809523809523,369.0787082047441,65.47532833333332,False,1.1273825350696167
500.0,0.2,pitch,0.3,0.0,100.0,29.41995,1129.41995,327.3766416666666,802.0433083333334,-43.61806230711615,173.13036683122164,False,0,,0.09523809523809523,369.0787082047441,98.21299249999998,False,1.1273825350696167
500.0,0.2,pitch,0.4,0.0,100.0,29.41995,1129.41995,327.3766416666666,802.0433083333334,-43.61806230711615,173.13036683122164,False,0,,0.09523809523809523,369.0787082047441,130.95065666666665,False,1.1273825350696167
500.0,0.2,pitch,0.1,500.0,0.0,0.0,1500.0,598.0,902.0,11.133333333333333,152.2,True,0.3999999999999986,104.88372093023327,0.09523809523809523,332.5777777777778,59.800000000000004,False,0.5561501300631736
500.0,0.2,pitch,0.2,500.0,0.0,0.0,1500.0,598.0,902.0,11.133333333333333,152.2,True,0.3999999999999986,104.88372093023327,0.09523809523809523,332.5777777777778,119.60000000000001,False,0.5561501300631736
500.0,0.2,pitch,0.3,500.0,0.0,0.0,1500.0,598.0,902.0,11.133333333333333,152.2,True,0.3999999999999986,104.88372093023327,0.09523809523809523,332.5777777777778,179.4,False,0.5561501300631736
500.0,0.2,pitch,0.4,500.0,0.0,0.0,1500.0,598.0,902.0,11.133333333333333,152.2,True,0.3999999999999986,104.88372093023327,0.09523809523809523,332.5777777777778,239.20000000000002,False,0.5561501300631736
500.0,0.2,pitch,0.1,500.0,0.0,29.41995,1529.41995,612.709975,916.709975,14.670195880470892,153.0233015791379,True,11.010587641412677,3.872424855458802,0.09523809523809523,330.2198694130194,61.2709975,False,0.5389497199111528
500.0,0.2,pitch,0.2,500.0,0.0,29.41995,1529.41995,612.709975,916.709975,14.670195880470892,153.0233015791379,True,11.010587641412677,3.872424855458802,0.09523809523809523,330.2198694130194,122.541995,False,0.5389497199111528
500.0,0.2,pitch,0.3,500.0,0.0,29.41995,1529.41995,612.709975,916.709975,14.670195880470892,153.0233015791379,True,11.010587641412677,3.872424855458802,0.09523809523809523,330.2198694130194,183.81299249999998,False,0.5389497199111528
500.0,0.2,pitch,0.4,500.0,0.0,29.41995,1529.41995,612.709975,916.709975,14.670195880470892,153.0233015791379,True,11.010587641412677,3.872424855458802,0.09523809523809523,330.2198694130194,245.08399,False,0.5389497199111528
500.0,0.2,pitch,0.1,500.0,100.0,0.0,1600.0,562.6666666666666,1037.3333333333333,7.8125,160.8125,False,0,,0.09523809523809523,334.7916666666667,56.266666666666666,False,0.5950088862559243
500.0,0.2,pitch,0.2,500.0,100.0,0.0,1600.0,562.6666666666666,1037.3333333333333,7.8125,160.8125,False,0,,0.09523809523809523,334.7916666666667,112.53333333333333,False,0.5950088862559243
500.0,0.2,pitch,0.3,500.0,100.0,0.0,1600.0,562.6666666666666,1037.3333333333333,7.8125,160.8125,False,0,,0.09523809523809523,334.7916666666667,168.79999999999998,False,0.5950088862559243
500.0,0.2,pitch,0.4,500.0,100.0,0.0,1600.0,562.6666666666666,1037.3333333333333,7.8125,160.8125,False,0,,0.09523809523809523,334.7916666666667,225.06666666666666,False,0.5950088862559243
500.0,0.2,pitch,0.1,500.0,100.0,29.41995,1629.41995,577.3766416666666,1052.0433083333332,11.192259091954776,161.42977152697804,False,0.5767772758643286,84.83733487228233,0.09523809523809523,332.53849393869683,57.73766416666666,False,0.5759472585845953
500.0,0.2,pitch,0.2,500.0,100.0,29.41995,1629.41995,577.3766416666666,1052.0433083333332,11.192259091954776,161.42977152697804,False,0.5767772758643286,84.83733487228233,0.09523809523809523,332.53849393869683,115.47532833333332,False,0.5759472585845953
500.0,0.2,pitch,0.3,500.0,100.0,29.41995,1629.41995,577.3766416666666,1052.0433083333332,11.192259091954776,161.42977152697804,False,0.5767772758643286,84.83733487228233,0.09523809523809523,332.53849393869683,173.21299249999998,False,0.5759472585845953
500.0,0.2,pitch,0.4,500.0,100.0,29.41995,1629.41995,577.3766416666666,1052.0433083333332,11.192259091954776,161.42977152697804,False,0.5767772758643286,84.83733487228233,0.09523809523809523,332.53849393869683,230.95065666666665,False,0.5759472585845953
500.0,0.0,roll,0.1,0.0,0.0,0.0,1000.0,-205.33333333333337,1205.3333333333335,49.2,60.8,False,114.60000000000001,0.48919734296575884,0.07936507936507936,307.2,0.0,False,
500.0,0.0,roll,0.2,0.0,0.0,0.0,1000.0,-205.33333333333337,1205.3333333333335,49.2,60.8,False,114.60000000000001,0.48919734296575884,0.07936507936507936,307.2,0.0,False,
500.0,0.0,roll,0.3,0.0,0.0,0.0,1000.0,-205.33333333333337,1205.3333333333335,49.2,60.8,False,114.60000000000001,0.48919734296575884,0.07936507936507936,307.2,0.0,False,
500.0,0.0,roll,0.4,0.0,0.0,0.0,1000.0,-205.33333333333337,1205.3333333333335,49.2,60.8,False,114.60000000000001,0.48919734296575884,0.07936507936507936,307.2,0.0,False,
500.0,0.0,roll,0.1,0.0,0.0,29.41995,1029.41995,-190.62335833333339,1220.0433083333332,53.36684047166562,64.63532229970869,False,127.10052141499685,0.44646709357166564,0.07936507936507936,304.4221063522229,0.0,False,
500.0,0.0,roll,0.2,0.0,0.0,29.41995,1029.41995,-190.62335833333339,1220.0433083333332,53.36684047166562,64.63532229970869,False,127.10052141499685,0.44646709357166564,0.07936507936507936,304.4221063522229,0.0,False,
500.0,0.0,roll,0.3,0.0,0.0,29.41995,1029.41995,-190.62335833333339,1220.0433083333332,53.36684047166562,64.63532229970869,False,127.10052141499685,0.44646709357166564,0.07936507936507936,304.4221063522229,0.0,False,
500.0,0.0,roll,0.4,0.0,0.0,29.41995,1029.41995,-190.62335833333339,1220.0433083333332,53.36684047166562,64.63532229970869,False,127.10052141499685,0.44646709357166564,0.07936507936507936,304.4221063522229,0.0,False,
500.0,0.0,roll,0.1,0.0,100.0,0.0,1100.0,-240.66666666666663,1340.6666666666665,40.90909090909091,81.63636363636364,False,89.72727272727272,0.6949569205877965,0.07936507936507936,312.72727272727275,0.0,False,
500.0,0.0,roll,0.2,0.0,100.0,0.0,1100.0,-240.66666666666663,1340.6666666666665,40.90909090909091,81.63636363636364,False,89.72727272727272,0.6949569205877965,0.07936507936507936,312.72727272727275,0.0,False,
500.0,0.0,roll,0.3,0.0,100.0,0.0,1100.0,-240.66666666666663,1340.6666666666665,40.90909090909091,81.63636363636364,False,89.72727272727272,0.6949569205877965,0.07936507936507936,312.72727272727275,0.0,False,
500.0,0.0,roll,0.4,0.0,100.0,0.0,1100.0,-240.66666666666663,1340.6666666666665,40.90909090909091,81.63636363636364,False,89.72727272727272,0.6949569205877965,0.07936507936507936,312.72727272727275,0.0,False,
500.0,0.0,roll,0.1,0.0,100.0,29.41995,1129.41995,-225.95669166666664,1355.3766416666667,44.92296266769504,84.58934185641046,False,101.76888800308512,0.6194503572555168,0.07936507936507936,310.05135822153665,0.0,False,
500.0,0.0,roll,0.2,0.0,100.0,29.41995,1129.41995,-225.95669166666664,1355.3766416666667,44.92296266769504,84.58934185641046,False,101.76888800308512,0.6194503572555168,0.07936507936507936,310.05135822153665,0.0,False,
500.0,0.0,roll,0.3,0.0,100.0,29.41995,1129.41995,-225.95669166666664,1355.3766416666667,44.92296266769504,84.58934185641046,False,101.76888800308512,0.6194503572555168,0.07936507936507936,310.05135822153665,0.0,False,
500.0,0.0,roll,0.4,0.0,100.0,29.41995,1129.41995,-225.95669166666664,1355.3766416666667,44.92296266769504,84.58934185641046,False,101.76888800308512,0.6194503572555168,0.07936507936507936,310.05135822153665,0.0,False,
500.0,0.0,roll,0.1,500.0,0.0,0.0,1500.0,44.66666666666663,1455.3333333333335,77.8,85.53333333333333,True,148.0,0.2954326419442699,0.07936507936507936,288.1333333333333,4.466666666666663,False,6.450746268656721
500.0,0.0,roll,0.2,500.0,0.0,0.0,1500.0,44.66666666666663,1455.3333333333335,77.8,85.53333333333333,True,148.0,0.2954326419442699,0.07936507936507936,288.1333333333333,8.933333333333326,False,6.450746268656721
500.0,0.0,roll,0.3,500.0,0.0,0.0,1500.0,44.66666666666663,1455.3333333333335,77.8,85.53333333333333,True,148.0,0.2954326419442699,0.07936507936507936,288.1333333333333,13.399999999999988,False,6.450746268656721
500.0,0.0,roll,0.4,500.0,0.0,0.0,1500.0,44.66666666666663,1455.3333333333335,77.8,85.53333333333333,True,148.0,0.2954326419442699,0.07936507936507936,288.1333333333333,17.866666666666653,False,6.450746268656721
500.0,0.0,roll,0.1,500.0,0.0,29.41995,1529.41995,59.376641666666615,1470.0433083333332,80.05446133352713,87.63903612608165,True,148.0,0.2773066252843767,0.07936507936507936,286.6303591109819,5.937664166666662,False,4.827325208456392
500.0,0.0,roll,0.2,500.0,0.0,29.41995,1529.41995,59.376641666666615,1470.0433083333332,80.05446133352713,87.63903612608165,True,148.0,0.2773066252843767,0.07936507936507936,286.6303591109819,11.875328333333323,False,4.827325208456392
500.0,0.0,roll,0.3,500.0,0.0,29.41995,1529.41995,59.376641666666615,1470.0433083333332,80.05446133352713,87.63903612608165,True,148.0,0.2773066252843767,0.07936507936507936,286.6303591109819,17.812992499999982,False,4.827325208456392
500.0,0.0,roll,0.4,500.0,0.0,29.41995,1529.41995,59.376641666666615,1470.0433083333332,80.05446133352713,87.63903612608165,True,148.0,0.2773066252843767,0.07936507936507936,286.6303591109819,23.750656666666647,False,4.827325208456392
500.0,0.0,roll,0.1,500.0,100.0,0.0,1600.0,9.333333333333371,1590.6666666666665,70.3125,98.3125,True,148.0,0.398776231448293,0.07936507936507936,293.125,0.9333333333333371,False,31.406249999999872
500.0,0.0,roll,0.2,500.0,100.0,0.0,1600.0,9.333333333333371,1590.6666666666665,70.3125,98.3125,True,148.0,0.398776231448293,0.07936507936507936,293.125,1.8666666666666742,False,31.406249999999872
500.0,0.0,roll,0.3,500.0,100.0,0.0,1600.0,9.333333333333371,1590.6666666666665,70.3125,98.3125,True,148.0,0.398776231448293,0.07936507936507936,293.125,2.8000000000000114,False,31.406249999999872
500.0,0.0,roll,0.4,500.0,100.0,0.0,1600.0,9.333333333333371,1590.6666666666665,70.3125,98.3125,True,148.0,0.398776231448293,0.07936507936507936,293.125,3.7333333333333485,False,31.406249999999872
500.0,0.0,roll,0.1,500.0,100.0,29.41995,1629.41995,24.043308333333357,1605.3766416666667,72.56379194939892,100.0582386695339,True,148.0,0.4062554261247129,0.07936507936507936,291.6241387004007,2.404330833333336,False,12.129118616180472
500.0,0.0,roll,0.2,500.0,100.0,29.41995,1629.41995,24.043308333333357,1605.3766416666667,72.56379194939892,100.0582386695339,True,148.0,0.4062554261247129,0.07936507936507936,291.6241387004007,4.808661666666672,False,12.129118616180472
500.0,0.0,roll,0.3,500.0,100.0,29.41995,1629.41995,24.043308333333357,1605.3766416666667,72.56379194939892,100.0582386695339,True,148.0,0.4062554261247129,0.07936507936507936,291.6241387004007,7.212992500000007,False,12.129118616180472
500.0,0.0,roll,0.4,500.0,100.0,29.41995,1629.41995,24.043308333333357,1605.3766416666667,72.56379194939892,100.0582386695339,True,148.0,0.4062554261247129,0.07936507936507936,291.6241387004007,9.617323333333344,False,12.129118616180472
500.0,0.1,roll,0.1,0.0,0.0,0.0,1000.0,-262.0,1262.0,49.2,60.8,False,114.60000000000001,0.5121961118551889,0.0873015873015873,307.2,0.0,False,
500.0,0.1,roll,0.2,0.0,0.0,0.0,1000.0,-262.0,1262.0,49.2,60.8,False,114.60000000000001,0.5121961118551889,0.0873015873015873,307.2,0.0,False,
500.0,0.1,roll,0.3,0.0,0.0,0.0,1000.0,-262.0,1262.0,49.2,60.8,False,114.60000000000001,0.5121961118551889,0.0873015873015873,307.2,0.0,False,
500.0,0.1,roll,0.4,0.0,0.0,0.0,1000.0,-262.0,1262.0,49.2,60.8,False,114.60000000000001,0.5121961118551889,0.0873015873015873,307.2,0.0,False,
500.0,0.1,roll,0.1,0.0,0.0,29.41995,1029.41995,-247.290025,1276.709975,53.36684047166562,64.63532229970869,False,127.10052141499685,0.467203900040956,0.0873015873015873,304.4221063522229,0.0,False,
500.0,0.1,roll,0.2,0.0,0.0,29.41995,1029.41995,-247.290025,1276.709975,53.36684047166562,64.63532229970869,False,127.10052141499685,0.467203900040956,0.0873015873015873,304.4221063522229,0.0,False,
500.0,0.1,roll,0.3,0.0,0.0,29.41995,1029.41995,-247.290025,1276.709975,53.36684047166562,64.63532229970869,False,127.10052141499685,0.467203900040956,0.0873015873015873,304.4221063522229,0.0,False,
500.0,0.1,roll,0.4,0.0,0.0,29.41995,1029.41995,-247.290025,1276.709975,53.36684047166562,64.63532229970869,False,127.10052141499685,0.467203900040956,0.0873015873015873,304.4221063522229,0.0,False,
500.0,0.1,roll,0.1,0.0,100.0,0.0,1100.0,-297.33333333333337,1397.3333333333335,40.90909090909091,81.63636363636364,False,89.72727272727272,0.7243310320994638,0.0873015873015873,312.72727272727275,0.0,False,
500.0,0.1,roll,0.2,0.0,100.0,0.0,1100.0,-297.33333333333337,1397.3333333333335,40.90909090909091,81.63636363636364,False,89.72727272727272,0.7243310320994638,0.0873015873015873,312.72727272727275,0.0,False,
500.0,0.1,roll,0.3,0.0,100.0,0.0,1100.0,-297.33333333333337,1397.3333333333335,40.90909090909091,81.63636363636364,False,89.72727272727272,0.7243310320994638,0.0873015873015873,312.72727272727275,0.0,False,
500.0,0.1,roll,0.4,0.0,100.0,0.0,1100.0,-297.33333333333337,1397.3333333333335,40.90909090909091,81.63636363636364,False,89.72727272727272,0.7243310320994638,0.0873015873015873,312.72727272727275,0.0,False,
500.0,0.1,roll,0.1,0.0,100.0,29.41995,1129.41995,-282.6233583333334,1412.0433083333332,44.92296266769504,84.58934185641046,False,101.76888800308512,0.6453488314006679,0.0873015873015873,310.05135822153665,0.0,False,
500.0,0.1,roll,0.2,0.0,100.0,29.41995,1129.41995,-282.6233583333334,1412.0433083333332,44.92296266769504,84.58934185641046,False,101.76888800308512,0.6453488314006679,0.0873015873015873,310.05135822153665,0.0,False,
500.0,0.1,roll,0.3,0.0,100.0,29.41995,1129.41995,-282.6233583333334,1412.0433083333332,44.92296266769504,84.58934185641046,False,101.76888800308512,0.6453488314006679,0.0873015873015873,310.05135822153665,0.0,False,
500.0,0.1,roll,0.4,0.0,100.0,29.41995,1129.41995,-282.6233583333334,1412.0433083333332,44.92296266769504,84.58934185641046,False,101.76888800308512,0.6453488314006679,0.0873015873015873,310.05135822153665,0.0,False,
500.0,0.1,roll,0.1,500.0,0.0,0.0,1500.0,-12.0,1512.0,77.8,85.53333333333333,False,148.0,0.30693597431498126,0.0873015873015873,288.1333333333333,0.0,False,
500.0,0.1,roll,0.2,500.0,0.0,0.0,1500.0,-12.0,1512.0,77.8,85.53333333333333,False,148.0,0.30693597431498126,0.0873015873015873,288.1333333333333,0.0,False,
500.0,0.1,roll,0.3,500.0,0.0,0.0,1500.0,-12.0,1512.0,77.8,85.53333333333333,False,148.0,0.30693597431498126,0.0873015873015873,288.1333333333333,0.0,False,
500.0,0.1,roll,0.4,500.0,0.0,0.0,1500.0,-12.0,1512.0,77.8,85.53333333333333,False,148.0,0.30693597431498126,0.0873015873015873,288.1333333333333,0.0,False,
500.0,0.1,roll,0.1,500.0,0.0,29.41995,1529.41995,2.709974999999986,1526.709975,80.05446133352713,87.63903612608165,True,148.0,0.2879961349133576,0.0873015873015873,286.6303591109819,0.2709974999999986,False,105.76863591397831
500.0,0.1,roll,0.2,500.0,0.0,29.41995,1529.41995,2.709974999999986,1526.709975,80.05446133352713,87.63903612608165,True,148.0,0.2879961349133576,0.0873015873015873,286.6303591109819,0.5419949999999972,False,105.76863591397831
500.0,0.1,roll,0.3,500.0,0.0,29.41995,1529.41995,2.709974999999986,1526.709975,80.05446133352713,87.63903612608165,True,148.0,0.2879961349133576,0.0873015873015873,286.6303591109819,0.8129924999999957,False,105.76863591397831
500.0,0.1,roll,0.4,500.0,0.0,29.41995,1529.41995,2.709974999999986,1526.709975,80.05446133352713,87.63903612608165,True,148.0,0.2879961349133576,0.0873015873015873,286.6303591109819,1.0839899999999945,False,105.76863591397831
500.0,0.1,roll,0.1,500.0,100.0,0.0,1600.0,-47.33333333333337,1647.3333333333335,70.3125,98.3125,False,148.0,0.412982425779016,0.0873015873015873,293.125,0.0,False,
500.0,0.1,roll,0.2,500.0,100.0,0.0,1600.0,-47.33333333333337,1647.3333333333335,70.3125,98.3125,False,148.0,0.412982425779016,0.0873015873015873,293.125,0.0,False,
500.0,0.1,roll,0.3,500.0,100.0,0.0,1600.0,-47.33333333333337,1647.3333333333335,70.3125,98.3125,False,148.0,0.412982425779016,0.0873015873015873,293.125,0.0,False,
500.0,0.1,roll,0.4,500.0,100.0,0.0,1600.0,-47.33333333333337,1647.3333333333335,70.3125,98.3125,False,148.0,0.412982425779016,0.0873015873015873,293.125,0.0,False,
500.0,0.1,roll,0.1,500.0,100.0,29.41995,1629.41995,-32.623358333333385,1662.0433083333332,72.56379194939892,100.0582386695339,False,148.0,0.420595450899107,0.0873015873015873,291.6241387004007,0.0,False,
500.0,0.1,roll,0.2,500.0,100.0,29.41995,1629.41995,-32.623358333333385,1662.0433083333332,72.56379194939892,100.0582386695339,False,148.0,0.420595450899107,0.0873015873015873,291.6241387004007,0.0,False,
500.0,0.1,roll,0.3,500.0,100.0,29.41995,1629.41995,-32.623358333333385,1662.0433083333332,72.56379194939892,100.0582386695339,False,148.0,0.420595450899107,0.0873015873015873,291.6241387004007,0.0,False,
500.0,0.1,roll,0.4,500.0,100.0,29.41995,1629.41995,-32.623358333333385,1662.0433083333332,72.56379194939892,100.0582386695339,False,148.0,0.420595450899107,0.0873015873015873,291.6241387004007,0.0,False,
500.0,0.2,roll,0.1,0.0,0.0,0.0,1000.0,-318.66666666666663,1318.6666666666665,49.2,60.8,False,114.60000000000001,0.5351948807446189,0.09523809523809523,307.2,0.0,False,
500.0,0.2,roll,0.2,0.0,0.0,0.0,1000.0,-318.66666666666663,1318.6666666666665,49.2,60.8,False,114.60000000000001,0.5351948807446189,0.09523809523809523,307.2,0.0,False,
500.0,0.2,roll,0.3,0.0,0.0,0.0,1000.0,-318.66666666666663,1318.6666666666665,49.2,60.8,False,114.60000000000001,0.5351948807446189,0.09523809523809523,307.2,0.0,False,
500.0,0.2,roll,0.4,0.0,0.0,0.0,1000.0,-318.66666666666663,1318.6666666666665,49.2,60.8,False,114.60000000000001,0.5351948807446189,0.09523809523809523,307.2,0.0,False,
500.0,0.2,roll,0.1,0.0,0.0,29.41995,1029.41995,-303.95669166666664,1333.3766416666667,53.36684047166562,64.63532229970869,False,127.10052141499685,0.4879407065102464,0.09523809523809523,304.4221063522229,0.0,False,
500.0,0.2,roll,0.2,0.0,0.0,29.41995,1029.41995,-303.95669166666664,1333.3766416666667,53.36684047166562,64.63532229970869,False,127.10052141499685,0.4879407065102464,0.09523809523809523,304.4221063522229,0.0,False,
500.0,0.2,roll,0.3,0.0,0.0,29.41995,1029.41995,-303.95669166666664,1333.3766416666667,53.36684047166562,64.63532229970869,False,127.10052141499685,0.4879407065102464,0.09523809523809523,304.4221063522229,0.0,False,
500.0,0.2,roll,0.4,0.0,0.0,29.41995,1029.41995,-303.95669166666664,1333.3766416666667,53.36684047166562,64.63532229970869,False,127.10052141499685,0.4879407065102464,0.09523809523809523,304.4221063522229,0.0,False,
500.0,0.2,roll,0.1,0.0,100.0,0.0,1100.0,-354.0,1454.0,40.90909090909091,81.63636363636364,False,89.72727272727272,0.753705143611131,0.09523809523809523,312.72727272727275,0.0,False,
500.0,0.2,roll,0.2,0.0,100.0,0.0,1100.0,-354.0,1454.0,40.90909090909091,81.63636363636364,False,89.72727272727272,0.753705143611131,0.09523809523809523,312.72727272727275,0.0,False,
500.0,0.2,roll,0.3,0.0,100.0,0.0,1100.0,-354.0,1454.0,40.90909090909091,81.63636363636364,False,89.72727272727272,0.753705143611131,0.09523809523809523,312.72727272727275,0.0,False,
500.0,0.2,roll,0.4,0.0,100.0,0.0,1100.0,-354.0,1454.0,40.90909090909091,81.63636363636364,False,89.72727272727272,0.753705143611131,0.09523809523809523,312.72727272727275,0.0,False,
500.0,0.2,roll,0.1,0.0,100.0,29.41995,1129.41995,-339.290025,1468.709975,44.92296266769504,84.58934185641046,False,101.76888800308512,0.671247305545819,0.09523809523809523,310.05135822153665,0.0,False,
500.0,0.2,roll,0.2,0.0,100.0,29.41995,1129.41995,-339.290025,1468.709975,44.92296266769504,84.58934185641046,False,101.76888800308512,0.671247305545819,0.09523809523809523,310.05135822153665,0.0,False,
500.0,0.2,roll,0.3,0.0,100.0,29.41995,1129.41995,-339.290025,1468.709975,44.92296266769504,84.58934185641046,False,101.76888800308512,0.671247305545819,0.09523809523809523,310.05135822153665,0.0,False,
500.0,0.2,roll,0.4,0.0,100.0,29.41995,1129.41995,-339.290025,1468.709975,44.92296266769504,84.58934185641046,False,101.76888800308512,0.671247305545819,0.09523809523809523,310.05135822153665,0.0,False,
500.0,0.2,roll,0.1,500.0,0.0,0.0,1500.0,-68.66666666666663,1568.6666666666665,77.8,85.53333333333333,False,148.0,0.31843930668569265,0.09523809523809523,288.1333333333333,0.0,False,
500.0,0.2,roll,0.2,500.0,0.0,0.0,1500.0,-68.66666666666663,1568.6666666666665,77.8,85.53333333333333,False,148.0,0.31843930668569265,0.09523809523809523,288.1333333333333,0.0,False,
500.0,0.2,roll,0.3,500.0,0.0,0.0,1500.0,-68.66666666666663,1568.6666666666665,77.8,85.53333333333333,False,148.0,0.31843930668569265,0.09523809523809523,288.1333333333333,0.0,False,
500.0,0.2,roll,0.4,500.0,0.0,0.0,1500.0,-68.66666666666663,1568.6666666666665,77.8,85.53333333333333,False,148.0,0.31843930668569265,0.09523809523809523,288.1333333333333,0.0,False,
500.0,0.2,roll,0.1,500.0,0.0,29.41995,1529.41995,-53.95669166666664,1583.3766416666667,80.05446133352713,87.63903612608165,False,148.0,0.2986856445423385,0.09523809523809523,286.6303591109819,0.0,False,
500.0,0.2,roll,0.2,500.0,0.0,29.41995,1529.41995,-53.95669166666664,1583.3766416666667,80.05446133352713,87.63903612608165,False,148.0,0.2986856445423385,0.09523809523809523,286.6303591109819,0.0,False,
500.0,0.2,roll,0.3,500.0,0.0,29.41995,1529.41995,-53.95669166666664,1583.3766416666667,80.05446133352713,87.63903612608165,False,148.0,0.2986856445423385,0.09523809523809523,286.6303591109819,0.0,False,
500.0,0.2,roll,0.4,500.0,0.0,29.41995,1529.41995,-53.95669166666664,1583.3766416666667,80.05446133352713,87.63903612608165,False,148.0,0.2986856445423385,0.09523809523809523,286.6303591109819,0.0,False,
500.0,0.2,roll,0.1,500.0,100.0,0.0,1600.0,-104.0,1704.0,70.3125,98.3125,False,148.0,0.4271886201097389,0.09523809523809523,293.125,0.0,False,
500.0,0.2,roll,0.2,500.0,100.0,0.0,1600.0,-104.0,1704.0,70.3125,98.3125,False,148.0,0.4271886201097389,0.09523809523809523,293.125,0.0,False,
500.0,0.2,roll,0.3,500.0,100.0,0.0,1600.0,-104.0,1704.0,70.3125,98.3125,False,148.0,0.4271886201097389,0.09523809523809523,293.125,0.0,False,
500.0,0.2,roll,0.4,500.0,100.0,0.0,1600.0,-104.0,1704.0,70.3125,98.3125,False,148.0,0.4271886201097389,0.09523809523809523,293.125,0.0,False,
500.0,0.2,roll,0.1,500.0,100.0,29.41995,1629.41995,-89.29002500000001,1718.709975,72.56379194939892,100.0582386695339,False,148.0,0.4349354756735012,0.09523809523809523,291.6241387004007,0.0,False,
500.0,0.2,roll,0.2,500.0,100.0,29.41995,1629.41995,-89.29002500000001,1718.709975,72.56379194939892,100.0582386695339,False,148.0,0.4349354756735012,0.09523809523809523,291.6241387004007,0.0,False,
500.0,0.2,roll,0.3,500.0,100.0,29.41995,1629.41995,-89.29002500000001,1718.709975,72.56379194939892,100.0582386695339,False,148.0,0.4349354756735012,0.09523809523809523,291.6241387004007,0.0,False,
500.0,0.2,roll,0.4,500.0,100.0,29.41995,1629.41995,-89.29002500000001,1718.709975,72.56379194939892,100.0582386695339,False,148.0,0.4349354756735012,0.09523809523809523,291.6241387004007,0.0,False,
1000.0,0.0,pitch,0.1,0.0,0.0,0.0,2000.0,961.3333333333334,1038.6666666666667,2.1,107.9,False,148.0,0.31473009779106575,0.15873015873015872,338.6,96.13333333333334,False,0.35221914008321775
1000.0,0.0,pitch,0.2,0.0,0.0,0.0,2000.0,961.3333333333334,1038.6666666666667,2.1,107.9,False,148.0,0.31473009779106575,0.15873015873015872,338.6,192.26666666666668,False,0.35221914008321775
1000.0,0.0,pitch,0.3,0.0,0.0,0.0,2000.0,961.3333333333334,1038.6666666666667,2.1,107.9,False,148.0,0.31473009779106575,0.15873015873015872,338.6,288.4,False,0.35221914008321775
1000.0,0.0,pitch,0.4,0.0,0.0,0.0,2000.0,961.3333333333334,1038.6666666666667,2.1,107.9,False,148.0,0.31473009779106575,0.15873015873015872,338.6,384.53333333333336,False,0.35221914008321775
1000.0,0.0,pitch,0.1,0.0,0.0,29.41995,2029.41995,976.0433083333334,1053.3766416666667,4.896418925023378,109.162665051164,False,148.0,0.327660302842145,0.15873015873015872,336.7357207166511,97.60433083333334,False,0.3450007984703593
1000.0,0.0,pitch,0.2,0.0,0.0,29.41995,2029.41995,976.0433083333334,1053.3766416666667,4.896418925023378,109.162665051164,False,148.0,0.327660302842145,0.15873015873015872,336.7357207166511,195.20866166666667,False,0.3450007984703593
1000.0,0.0,pitch,0.3,0.0,0.0,29.41995,2029.41995,976.0433083333334,1053.3766416666667,4.896418925023378,109.162665051164,False,148.0,0.327660302842145,0.15873015873015872,336.7357207166511,292.8129925,False,0.3450007984703593
1000.0,0.0,pitch,0.4,0.0,0.0,29.41995,2029.41995,976.0433083333334,1053.3766416666667,4.896418925023378,109.162665051164,False,148.0,0.327660302842145,0.15873015873015872,336.7357207166511,390.41732333333334,False,0.3450007984703593
1000.0,0.0,pitch,0.1,0.0,100.0,0.0,2100.0,926.0,1174.0,0.0,116.57142857142857,False,127.28571428571429,0.4289927700780414,0.15873015873015872,340.0,92.60000000000001,False,0.367170626349892
1000.0,0.0,pitch,0.2,0.0,100.0,0.0,2100.0,926.0,1174.0,0.0,116.57142857142857,False,127.28571428571429,0.4289927700780414,0.15873015873015872,340.0,185.20000000000002,False,0.367170626349892
1000.0,0.0,pitch,0.3,0.0,100.0,0.0,2100.0,926.0,1174.0,0.0,116.57142857142857,False,127.28571428571429,0.4289927700780414,0.15873015873015872,340.0,277.8,False,0.367170626349892
1000.0,0.0,pitch,0.4,0.0,100.0,0.0,2100.0,926.0,1174.0,0.0,116.57142857142857,False,127.28571428571429,0.4289927700780414,0.15873015873015872,340.0,370.40000000000003,False,0.367170626349892
1000.0,0.0,pitch,0.1,0.0,100.0,29.41995,2129.41995,940.709975,1188.709975,2.69410937471493,117.65499344081941,False,124.03501967754177,0.4457518222696137,0.15873015873015872,338.2039270835234,94.0709975,False,0.35951986911111833
1000.0,0.0,pitch,0.2,0.0,100.0,29.41995,2129.41995,940.709975,1188.709975,2.69410937471493,117.65499344081941,False,124.03501967754177,0.4457518222696137,0.15873015873015872,338.2039270835234,188.141995,False,0.35951986911111833
1000.0,0.0,pitch,0.3,0.0,100.0,29.41995,2129.41995,940.709975,1188.709975,2.69410937471493,117.65499344081941,False,124.03501967754177,0.4457518222696137,0.15873015873015872,338.2039270835234,282.2129925,False,0.35951986911111833
1000.0,0.0,pitch,0.4,0.0,100.0,29.41995,2129.41995,940.709975,1188.709975,2.69410937471493,117.65499344081941,False,124.03501967754177,0.4457518222696137,0.15873015873015872,338.2039270835234,376.28399,False,0.35951986911111833
1000.0,0.0,pitch,0.1,500.0,0.0,0.0,2500.0,1211.3333333333333,1288.6666666666667,28.68,113.32,True,53.03999999999999,1.1300524980415543,0.15873015873015872,320.88,121.13333333333333,False,0.26489818381948266
1000.0,0.0,pitch,0.2,500.0,0.0,0.0,2500.0,1211.3333333333333,1288.6666666666667,28.68,113.32,True,53.03999999999999,1.1300524980415543,0.15873015873015872,320.88,242.26666666666665,False,0.26489818381948266
1000.0,0.0,pitch,0.3,500.0,0.0,0.0,2500.0,1211.3333333333333,1288.6666666666667,28.68,113.32,True,53.03999999999999,1.1300524980415543,0.15873015873015872,320.88,363.4,True,0.26489818381948266
1000.0,0.0,pitch,0.4,500.0,0.0,0.0,2500.0,1211.3333333333333,1288.6666666666667,28.68,113.32,True,53.03999999999999,1.1300524980415543,0.15873015873015872,320.88,484.5333333333333,True,0.26489818381948266
1000.0,0.0,pitch,0.1,500.0,0.0,29.41995,2529.41995,1226.0433083333332,1303.3766416666667,30.61448544754302,114.27002868780251,True,58.84345634262907,1.03022788170122,0.15873015873015872,319.59034303497134,122.60433083333334,False,0.26066807009404763
1000.0,0.0,pitch,0.2,500.0,0.0,29.41995,2529.41995,1226.0433083333332,1303.3766416666667,30.61448544754302,114.27002868780251,True,58.84345634262907,1.03022788170122,0.15873015873015872,319.59034303497134,245.20866166666667,False,0.26066807009404763
1000.0,0.0,pitch,0.3,500.0,0.0,29.41995,2529.41995,1226.0433083333332,1303.3766416666667,30.61448544754302,114.27002868780251,True,58.84345634262907,1.03022788170122,0.15873015873015872,319.59034303497134,367.81299249999995,True,0.26066807009404763
1000.0,0.0,pitch,0.4,500.0,0.0,29.41995,2529.41995,1226.0433083333332,1303.3766416666667,30.61448544754302,114.27002868780251,True,58.84345634262907,1.03022788170122,0.15873015873015872,319.59034303497134,490.41732333333334,True,0.26066807009404763
1000.0,0.0,pitch,0.1,500.0,100.0,0.0,2600.0,1176.0,1424.0,25.96153846153846,120.11538461538461,True,44.88461538461538,1.4756182618919513,0.15873015873015872,322.6923076923077,117.60000000000001,False,0.27439822082679227
1000.0,0.0,pitch,0.2,500.0,100.0,0.0,2600.0,1176.0,1424.0,25.96153846153846,120.11538461538461,True,44.88461538461538,1.4756182618919513,0.15873015873015872,322.6923076923077,235.20000000000002,False,0.27439822082679227
1000.0,0.0,pitch,0.3,500.0,100.0,0.0,2600.0,1176.0,1424.0,25.96153846153846,120.11538461538461,True,44.88461538461538,1.4756182618919513,0.15873015873015872,322.6923076923077,352.8,True,0.27439822082679227
1000.0,0.0,pitch,0.4,500.0,100.0,0.0,2600.0,1176.0,1424.0,25.96153846153846,120.11538461538461,True,44.88461538461538,1.4756182618919513,0.15873015873015872,322.6923076923077,470.40000000000003,True,0.27439822082679227
1000.0,0.0,pitch,0.1,500.0,100.0,29.41995,2629.41995,1190.709975,1438.709975,27.85286931819316,120.95325063993677,True,50.558607954579486,1.323547971957061,0.15873015873015872,321.43142045453794,119.0709975,False,0.26994938079236125
1000.0,0.0,pitch,0.2,500.0,100.0,29.41995,2629.41995,1190.709975,1438.709975,27.85286931819316,120.95325063993677,True,50.558607954579486,1.323547971957061,0.15873015873015872,321.43142045453794,238.141995,False,0.26994938079236125
1000.0,0.0,pitch,0.3,500.0,100.0,29.41995,2629.41995,1190.709975,1438.709975,27.85286931819316,120.95325063993677,True,50.558607954579486,1.323547971957061,0.15873015873015872,321.43142045453794,357.2129925,True,0.26994938079236125
1000.0,0.0,pitch,0.4,500.0,100.0,29.41995,2629.41995,1190.709975,1438.709975,27.85286931819316,120.95325063993677,True,50.558607954579486,1.323547971957061,0.15873015873015872,321.43142045453794,476.28399,True,0.26994938079236125
1000.0,0.1,pitch,0.1,0.0,0.0,0.0,2000.0,848.0,1152.0,2.1,107.9,False,148.0,0.34907163606095104,0.1746031746031746,338.6,84.80000000000001,False,0.3992924528301887
1000.0,0.1,pitch,0.2,0.0,0.0,0.0,2000.0,848.0,1152.0,2.1,107.9,False,148.0,0.34907163606095104,0.1746031746031746,338.6,169.60000000000002,False,0.3992924528301887
1000.0,0.1,pitch,0.3,0.0,0.0,0.0,2000.0,848.0,1152.0,2.1,107.9,False,148.0,0.34907163606095104,0.1746031746031746,338.6,254.39999999999998,False,0.3992924528301887
1000.0,0.1,pitch,0.4,0.0,0.0,0.0,2000.0,848.0,1152.0,2.1,107.9,False,148.0,0.34907163606095104,0.1746031746031746,338.6,339.20000000000005,False,0.3992924528301887
1000.0,0.1,pitch,0.1,0.0,0.0,29.41995,2029.41995,862.709975,1166.709975,4.896418925023378,109.162665051164,False,148.0,0.36291344293774686,0.1746031746031746,336.7357207166511,86.27099750000001,False,0.39032320301692475
1000.0,0.1,pitch,0.2,0.0,0.0,29.41995,2029.41995,862.709975,1166.709975,4.896418925023378,109.162665051164,False,148.0,0.36291344293774686,0.1746031746031746,336.7357207166511,172.54199500000001,False,0.39032320301692475
1000.0,0.1,pitch,0.3,0.0,0.0,29.41995,2029.41995,862.709975,1166.709975,4.896418925023378,109.162665051164,False,148.0,0.36291344293774686,0.1746031746031746,336.7357207166511,258.8129925,False,0.39032320301692475
1000.0,0.1,pitch,0.4,0.0,0.0,29.41995,2029.41995,862.709975,1166.709975,4.896418925023378,109.162665051164,False,148.0,0.36291344293774686,0.1746031746031746,336.7357207166511,345.08399000000003,False,0.39032320301692475
1000.0,0.1,pitch,0.1,0.0,100.0,0.0,2100.0,812.6666666666666,1287.3333333333333,0.0,116.57142857142857,False,127.28571428571429,0.47040604146547293,0.1746031746031746,340.0,81.26666666666667,False,0.41837571780147664
1000.0,0.1,pitch,0.2,0.0,100.0,0.0,2100.0,812.6666666666666,1287.3333333333333,0.0,116.57142857142857,False,127.28571428571429,0.47040604146547293,0.1746031746031746,340.0,162.53333333333333,False,0.41837571780147664
1000.0,0.1,pitch,0.3,0.0,100.0,0.0,2100.0,812.6666666666666,1287.3333333333333,0.0,116.57142857142857,False,127.28571428571429,0.47040604146547293,0.1746031746031746,340.0,243.79999999999998,False,0.41837571780147664
1000.0,0.1,pitch,0.4,0.0,100.0,0.0,2100.0,812.6666666666666,1287.3333333333333,0.0,116.57142857142857,False,127.28571428571429,0.47040604146547293,0.1746031746031746,340.0,325.06666666666666,False,0.41837571780147664
1000.0,0.1,pitch,0.1,0.0,100.0,29.41995,2129.41995,827.3766416666666,1302.0433083333332,2.69410937471493,117.65499344081941,False,124.03501967754177,0.4882504476026962,0.1746031746031746,338.2039270835234,82.73766416666666,False,0.4087665883366562
1000.0,0.1,pitch,0.2,0.0,100.0,29.41995,2129.41995,827.3766416666666,1302.0433083333332,2.69410937471493,117.65499344081941,False,124.03501967754177,0.4882504476026962,0.1746031746031746,338.2039270835234,165.47532833333332,False,0.4087665883366562
1000.0,0.1,pitch,0.3,0.0,100.0,29.41995,2129.41995,827.3766416666666,1302.0433083333332,2.69410937471493,117.65499344081941,False,124.03501967754177,0.4882504476026962,0.1746031746031746,338.2039270835234,248.21299249999998,False,0.4087665883366562
1000.0,0.1,pitch,0.4,0.0,100.0,29.41995,2129.41995,827.3766416666666,1302.0433083333332,2.69410937471493,117.65499344081941,False,124.03501967754177,0.4882504476026962,0.1746031746031746,338.2039270835234,330.95065666666665,False,0.4087665883366562
1000.0,0.1,pitch,0.1,500.0,0.0,0.0,2500.0,1098.0,1402.0,28.68,113.32,True,53.03999999999999,1.2294363183556072,0.1746031746031746,320.88,109.80000000000001,False,0.2922404371584699
1000.0,0.1,pitch,0.2,500.0,0.0,0.0,2500.0,1098.0,1402.0,28.68,113.32,True,53.03999999999999,1.2294363183556072,0.1746031746031746,320.88,219.60000000000002,False,0.2922404371584699
1000.0,0.1,pitch,0.3,500.0,0.0,0.0,2500.0,1098.0,1402.0,28.68,113.32,True,53.03999999999999,1.2294363183556072,0.1746031746031746,320.88,329.4,True,0.2922404371584699
1000.0,0.1,pitch,0.4,500.0,0.0,0.0,2500.0,1098.0,1402.0,28.68,113.32,True,53.03999999999999,1.2294363183556072,0.1746031746031746,320.88,439.20000000000005,True,0.2922404371584699
1000.0,0.1,pitch,0.1,500.0,0.0,29.41995,2529.41995,1112.709975,1416.709975,30.61448544754302,114.27002868780251,True,58.84345634262907,1.1198099381794109,0.1746031746031746,319.59034303497134,111.27099750000001,False,0.28721800847967716
1000.0,0.1,pitch,0.2,500.0,0.0,29.41995,2529.41995,1112.709975,1416.709975,30.61448544754302,114.27002868780251,True,58.84345634262907,1.1198099381794109,0.1746031746031746,319.59034303497134,222.54199500000001,False,0.28721800847967716
1000.0,0.1,pitch,0.3,500.0,0.0,29.41995,2529.41995,1112.709975,1416.709975,30.61448544754302,114.27002868780251,True,58.84345634262907,1.1198099381794109,0.1746031746031746,319.59034303497134,333.8129925,True,0.28721800847967716
1000.0,0.1,pitch,0.4,500.0,0.0,29.41995,2529.41995,1112.709975,1416.709975,30.61448544754302,114.27002868780251,True,58.84345634262907,1.1198099381794109,0.1746031746031746,319.59034303497134,445.08399000000003,True,0.28721800847967716
1000.0,0.1,pitch,0.1,500.0,100.0,0.0,2600.0,1062.6666666666667,1537.3333333333333,25.96153846153846,120.11538461538461,True,44.88461538461538,1.5930597902260486,0.1746031746031746,322.6923076923077,106.26666666666668,False,0.30366277386352664
1000.0,0.1,pitch,0.2,500.0,100.0,0.0,2600.0,1062.6666666666667,1537.3333333333333,25.96153846153846,120.11538461538461,True,44.88461538461538,1.5930597902260486,0.1746031746031746,322.6923076923077,212.53333333333336,False,0.30366277386352664
1000.0,0.1,pitch,0.3,500.0,100.0,0.0,2600.0,1062.6666666666667,1537.3333333333333,25.96153846153846,120.11538461538461,True,44.88461538461538,1.5930597902260486,0.1746031746031746,322.6923076923077,318.8,False,0.30366277386352664
1000.0,0.1,pitch,0.4,500.0,100.0,0.0,2600.0,1062.6666666666667,1537.3333333333333,25.96153846153846,120.11538461538461,True,44.88461538461538,1.5930597902260486,0.1746031746031746,322.6923076923077,425.0666666666667,True,0.30366277386352664
1000.0,0.1,pitch,0.1,500.0,100.0,29.41995,2629.41995,1077.3766416666667,1552.0433083333332,27.85286931819316,120.95325063993677,True,50.558607954579486,1.427809502143829,0.1746031746031746,321.43142045453794,107.73766416666668,False,0.2983463795514389
1000.0,0.1,pitch,0.2,500.0,100.0,29.41995,2629.41995,1077.3766416666667,1552.0433083333332,27.85286931819316,120.95325063993677,True,50.558607954579486,1.427809502143829,0.1746031746031746,321.43142045453794,215.47532833333335,False,0.2983463795514389
1000.0,0.1,pitch,0.3,500.0,100.0,29.41995,2629.41995,1077.3766416666667,1552.0433083333332,27.85286931819316,120.95325063993677,True,50.558607954579486,1.427809502143829,0.1746031746031746,321.43142045453794,323.2129925,True,0.2983463795514389
1000.0,0.1,pitch,0.4,500.0,100.0,29.41995,2629.41995,1077.3766416666667,1552.0433083333332,27.85286931819316,120.95325063993677,True,50.558607954579486,1.427809502143829,0.1746031746031746,321.43142045453794,430.9506566666667,True,0.2983463795514389
1000.0,0.2,pitch,0.1,0.0,0.0,0.0,2000.0,734.6666666666667,1265.3333333333333,2.1,107.9,False,148.0,0.3834131743308362,0.19047619047619047,338.6,73.46666666666668,False,0.4608892921960072
1000.0,0.2,pitch,0.2,0.0,0.0,0.0,2000.0,734.6666666666667,1265.3333333333333,2.1,107.9,False,148.0,0.3834131743308362,0.19047619047619047,338.6,146.93333333333337,False,0.4608892921960072
1000.0,0.2,pitch,0.3,0.0,0.0,0.0,2000.0,734.6666666666667,1265.3333333333333,2.1,107.9,False,148.0,0.3834131743308362,0.19047619047619047,338.6,220.4,False,0.4608892921960072
1000.0,0.2,pitch,0.4,0.0,0.0,0.0,2000.0,734.6666666666667,1265.3333333333333,2.1,107.9,False,148.0,0.3834131743308362,0.19047619047619047,338.6,293.86666666666673,False,0.4608892921960072
1000.0,0.2,pitch,0.1,0.0,0.0,29.41995,2029.41995,749.3766416666667,1280.0433083333332,4.896418925023378,109.162665051164,False,148.0,0.39816658303334884,0.19047619047619047,336.7357207166511,74.93766416666668,False,0.4493544394014297
1000.0,0.2,pitch,0.2,0.0,0.0,29.41995,2029.41995,749.3766416666667,1280.0433083333332,4.896418925023378,109.162665051164,False,148.0,0.39816658303334884,0.19047619047619047,336.7357207166511,149.87532833333336,False,0.4493544394014297
1000.0,0.2,pitch,0.3,0.0,0.0,29.41995,2029.41995,749.3766416666667,1280.0433083333332,4.896418925023378,109.162665051164,False,148.0,0.39816658303334884,0.19047619047619047,336.7357207166511,224.8129925,False,0.4493544394014297
1000.0,0.2,pitch,0.4,0.0,0.0,29.41995,2029.41995,749.3766416666667,1280.0433083333332,4.896418925023378,109.162665051164,False,148.0,0.39816658303334884,0.19047619047619047,336.7357207166511,299.7506566666667,False,0.4493544394014297
1000.0,0.2,pitch,0.1,0.0,100.0,0.0,2100.0,699.3333333333333,1400.6666666666667,0.0,116.57142857142857,False,127.28571428571429,0.5118193128529046,0.19047619047619047,340.0,69.93333333333332,False,0.48617731172545287
1000.0,0.2,pitch,0.2,0.0,100.0,0.0,2100.0,699.3333333333333,1400.6666666666667,0.0,116.57142857142857,False,127.28571428571429,0.5118193128529046,0.19047619047619047,340.0,139.86666666666665,False,0.48617731172545287
1000.0,0.2,pitch,0.3,0.0,100.0,0.0,2100.0,699.3333333333333,1400.6666666666667,0.0,116.57142857142857,False,127.28571428571429,0.5118193128529046,0.19047619047619047,340.0,209.79999999999998,False,0.48617731172545287
1000.0,0.2,pitch,0.4,0.0,100.0,0.0,2100.0,699.3333333333333,1400.6666666666667,0.0,116.57142857142857,False,127.28571428571429,0.5118193128529046,0.19047619047619047,340.0,279.7333333333333,False,0.48617731172545287
1000.0,0.2,pitch,0.1,0.0,100.0,29.41995,2129.41995,714.0433083333332,1415.3766416666667,2.69410937471493,117.65499344081941,False,124.03501967754177,0.5307490729357788,0.19047619047619047,338.2039270835234,71.40433083333333,False,0.4736462384514657
1000.0,0.2,pitch,0.2,0.0,100.0,29.41995,2129.41995,714.0433083333332,1415.3766416666667,2.69410937471493,117.65499344081941,False,124.03501967754177,0.5307490729357788,0.19047619047619047,338.2039270835234,142.80866166666667,False,0.4736462384514657
1000.0,0.2,pitch,0.3,0.0,100.0,29.41995,2129.41995,714.0433083333332,1415.3766416666667,2.69410937471493,117.65499344081941,False,124.03501967754177,0.5307490729357788,0.19047619047619047,338.2039270835234,214.21299249999996,False,0.4736462384514657
1000.0,0.2,pitch,0.4,0.0,100.0,29.41995,2129.41995,714.0433083333332,1415.3766416666667,2.69410937471493,117.65499344081941,False,124.03501967754177,0.5307490729357788,0.19047619047619047,338.2039270835234,285.61732333333333,False,0.4736462384514657
1000.0,0.2,pitch,0.1,500.0,0.0,0.0,2500.0,984.6666666666667,1515.3333333333333,28.68,113.32,True,53.03999999999999,1.32882013866966,0.19047619047619047,320.88,98.46666666666668,False,0.3258767772511848
1000.0,0.2,pitch,0.2,500.0,0.0,0.0,2500.0,984.6666666666667,1515.3333333333333,28.68,113.32,True,53.03999999999999,1.32882013866966,0.19047619047619047,320.88,196.93333333333337,False,0.3258767772511848
1000.0,0.2,pitch,0.3,500.0,0.0,0.0,2500.0,984.6666666666667,1515.3333333333333,28.68,113.32,True,53.03999999999999,1.32882013866966,0.19047619047619047,320.88,295.40000000000003,False,0.3258767772511848
1000.0,0.2,pitch,0.4,500.0,0.0,0.0,2500.0,984.6666666666667,1515.3333333333333,28.68,113.32,True,53.03999999999999,1.32882013866966,0.19047619047619047,320.88,393.86666666666673,True,0.3258767772511848
1000.0,0.2,pitch,0.1,500.0,0.0,29.41995,2529.41995,999.3766416666667,1530.0433083333332,30.61448544754302,114.27002868780251,True,58.84345634262907,1.2093919946576017,0.19047619047619047,319.59034303497134,99.93766416666668,False,0.31978968660102813
1000.0,0.2,pitch,0.2,500.0,0.0,29.41995,2529.41995,999.3766416666667,1530.0433083333332,30.61448544754302,114.27002868780251,True,58.84345634262907,1.2093919946576017,0.19047619047619047,319.59034303497134,199.87532833333336,False,0.31978968660102813
1000.0,0.2,pitch,0.3,500.0,0.0,29.41995,2529.41995,999.3766416666667,1530.0433083333332,30.61448544754302,114.27002868780251,True,58.84345634262907,1.2093919946576017,0.19047619047619047,319.59034303497134,299.8129925,False,0.31978968660102813
1000.0,0.2,pitch,0.4,500.0,0.0,29.41995,2529.41995,999.3766416666667,1530.0433083333332,30.61448544754302,114.27002868780251,True,58.84345634262907,1.2093919946576017,0.19047619047619047,319.59034303497134,399.7506566666667,True,0.31978968660102813
1000.0,0.2,pitch,0.1,500.0,100.0,0.0,2600.0,949.3333333333333,1650.6666666666667,25.96153846153846,120.11538461538461,True,44.88461538461538,1.7105013185601456,0.19047619047619047,322.6923076923077,94.93333333333334,False,0.3399146499567848
1000.0,0.2,pitch,0.2,500.0,100.0,0.0,2600.0,949.3333333333333,1650.6666666666667,25.96153846153846,120.11538461538461,True,44.88461538461538,1.7105013185601456,0.19047619047619047,322.6923076923077,189.86666666666667,False,0.3399146499567848
1000.0,0.2,pitch,0.3,500.0,100.0,0.0,2600.0,949.3333333333333,1650.6666666666667,25.96153846153846,120.11538461538461,True,44.88461538461538,1.7105013185601456,0.19047619047619047,322.6923076923077,284.79999999999995,False,0.3399146499567848
1000.0,0.2,pitch,0.4,500.0,100.0,0.0,2600.0,949.3333333333333,1650.6666666666667,25.96153846153846,120.11538461538461,True,44.88461538461538,1.7105013185601456,0.19047619047619047,322.6923076923077,379.73333333333335,True,0.3399146499567848
1000.0,0.2,pitch,0.1,500.0,100.0,29.41995,2629.41995,964.0433083333332,1665.3766416666667,27.85286931819316,120.95325063993677,True,50.558607954579486,1.5320710323305973,0.19047619047619047,321.43142045453794,96.40433083333333,False,0.3334201043418248
1000.0,0.2,pitch,0.2,500.0,100.0,29.41995,2629.41995,964.0433083333332,1665.3766416666667,27.85286931819316,120.95325063993677,True,50.558607954579486,1.5320710323305973,0.19047619047619047,321.43142045453794,192.80866166666667,False,0.3334201043418248
1000.0,0.2,pitch,0.3,500.0,100.0,29.41995,2629.41995,964.0433083333332,1665.3766416666667,27.85286931819316,120.95325063993677,True,50.558607954579486,1.5320710323305973,0.19047619047619047,321.43142045453794,289.2129925,False,0.3334201043418248
1000.0,0.2,pitch,0.4,500.0,100.0,29.41995,2629.41995,964.0433083333332,1665.3766416666667,27.85286931819316,120.95325063993677,True,50.558607954579486,1.5320710323305973,0.19047619047619047,321.43142045453794,385.61732333333333,True,0.3334201043418248
1000.0,0.0,roll,0.1,0.0,0.0,0.0,2000.0,294.66666666666663,1705.3333333333335,52.1,57.9,True,123.30000000000001,0.643291398680976,0.15873015873015872,305.26666666666665,29.466666666666665,False,1.0359728506787331
1000.0,0.0,roll,0.2,0.0,0.0,0.0,2000.0,294.66666666666663,1705.3333333333335,52.1,57.9,True,123.30000000000001,0.643291398680976,0.15873015873015872,305.26666666666665,58.93333333333333,False,1.0359728506787331
1000.0,0.0,roll,0.3,0.0,0.0,0.0,2000.0,294.66666666666663,1705.3333333333335,52.1,57.9,True,123.30000000000001,0.643291398680976,0.15873015873015872,305.26666666666665,88.39999999999999,False,1.0359728506787331
1000.0,0.0,roll,0.4,0.0,0.0,0.0,2000.0,294.66666666666663,1705.3333333333335,52.1,57.9,True,123.30000000000001,0.643291398680976,0.15873015873015872,305.26666666666665,117.86666666666666,False,1.0359728506787331
1000.0,0.0,roll,0.1,0.0,0.0,29.41995,2029.41995,309.3766416666666,1720.0433083333332,54.171582500704204,59.88750147548318,True,129.5147475021126,0.6177058279774689,0.15873015873015872,303.8856116661972,30.937664166666664,False,0.9822513103416978
1000.0,0.0,roll,0.2,0.0,0.0,29.41995,2029.41995,309.3766416666666,1720.0433083333332,54.171582500704204,59.88750147548318,True,129.5147475021126,0.6177058279774689,0.15873015873015872,303.8856116661972,61.87532833333333,False,0.9822513103416978
1000.0,0.0,roll,0.3,0.0,0.0,29.41995,2029.41995,309.3766416666666,1720.0433083333332,54.171582500704204,59.88750147548318,True,129.5147475021126,0.6177058279774689,0.15873015873015872,303.8856116661972,92.81299249999998,False,0.9822513103416978
1000.0,0.0,roll,0.4,0.0,0.0,29.41995,2029.41995,309.3766416666666,1720.0433083333332,54.171582500704204,59.88750147548318,True,129.5147475021126,0.6177058279774689,0.15873015873015872,303.8856116661972,123.75065666666666,False,0.9822513103416978
1000.0,0.0,roll,0.1,0.0,100.0,0.0,2100.0,259.33333333333337,1840.6666666666665,47.61904761904762,68.95238095238095,True,109.85714285714286,0.7793066602151186,0.15873015873015872,308.25396825396825,25.933333333333337,False,1.188639980413759
1000.0,0.0,roll,0.2,0.0,100.0,0.0,2100.0,259.33333333333337,1840.6666666666665,47.61904761904762,68.95238095238095,True,109.85714285714286,0.7793066602151186,0.15873015873015872,308.25396825396825,51.866666666666674,False,1.188639980413759
1000.0,0.0,roll,0.3,0.0,100.0,0.0,2100.0,259.33333333333337,1840.6666666666665,47.61904761904762,68.95238095238095,True,109.85714285714286,0.7793066602151186,0.15873015873015872,308.25396825396825,77.80000000000001,False,1.188639980413759
1000.0,0.0,roll,0.4,0.0,100.0,0.0,2100.0,259.33333333333337,1840.6666666666665,47.61904761904762,68.95238095238095,True,109.85714285714286,0.7793066602151186,0.15873015873015872,308.25396825396825,103.73333333333335,False,1.188639980413759
1000.0,0.0,roll,0.1,0.0,100.0,29.41995,2129.41995,274.04330833333336,1855.3766416666667,49.655254826554994,70.69384798897934,True,115.96576447966498,0.7441557288196772,0.15873015873015872,306.89649678229665,27.404330833333336,False,1.1198831989322002
1000.0,0.0,roll,0.2,0.0,100.0,29.41995,2129.41995,274.04330833333336,1855.3766416666667,49.655254826554994,70.69384798897934,True,115.96576447966498,0.7441557288196772,0.15873015873015872,306.89649678229665,54.80866166666667,False,1.1198831989322002
1000.0,0.0,roll,0.3,0.0,100.0,29.41995,2129.41995,274.04330833333336,1855.3766416666667,49.655254826554994,70.69384798897934,True,115.96576447966498,0.7441557288196772,0.15873015873015872,306.89649678229665,82.2129925,False,1.1198831989322002
1000.0,0.0,roll,0.4,0.0,100.0,29.41995,2129.41995,274.04330833333336,1855.3766416666667,49.655254826554994,70.69384798897934,True,115.96576447966498,0.7441557288196772,0.15873015873015872,306.89649678229665,109.61732333333335,False,1.1198831989322002
1000.0,0.0,roll,0.1,500.0,0.0,0.0,2500.0,544.6666666666666,1955.3333333333335,68.68,73.32,True,148.0,0.5105317636932972,0.15873015873015872,294.21333333333337,54.46666666666667,False,0.540171358629131
1000.0,0.0,roll,0.2,500.0,0.0,0.0,2500.0,544.6666666666666,1955.3333333333335,68.68,73.32,True,148.0,0.5105317636932972,0.15873015873015872,294.21333333333337,108.93333333333334,False,0.540171358629131
1000.0,0.0,roll,0.3,500.0,0.0,0.0,2500.0,544.6666666666666,1955.3333333333335,68.68,73.32,True,148.0,0.5105317636932972,0.15873015873015872,294.21333333333337,163.39999999999998,False,0.540171358629131
1000.0,0.0,roll,0.4,500.0,0.0,0.0,2500.0,544.6666666666666,1955.3333333333335,68.68,73.32,True,148.0,0.5105317636932972,0.15873015873015872,294.21333333333337,217.86666666666667,False,0.540171358629131
1000.0,0.0,roll,0.1,500.0,0.0,29.41995,2529.41995,559.3766416666666,1970.0433083333332,70.14924123216471,74.73527290318083,True,148.0,0.49593388192749355,0.15873015873015872,293.2338391785569,55.937664166666664,False,0.5242153807224853
1000.0,0.0,roll,0.2,500.0,0.0,29.41995,2529.41995,559.3766416666666,1970.0433083333332,70.14924123216471,74.73527290318083,True,148.0,0.49593388192749355,0.15873015873015872,293.2338391785569,111.87532833333333,False,0.5242153807224853
1000.0,0.0,roll,0.3,500.0,0.0,29.41995,2529.41995,559.3766416666666,1970.0433083333332,70.14924123216471,74.73527290318083,True,148.0,0.49593388192749355,0.15873015873015872,293.2338391785569,167.81299249999998,False,0.5242153807224853
1000.0,0.0,roll,0.4,500.0,0.0,29.41995,2529.41995,559.3766416666666,1970.0433083333332,70.14924123216471,74.73527290318083,True,148.0,0.49593388192749355,0.15873015873015872,293.2338391785569,223.75065666666666,False,0.5242153807224853
1000.0,0.0,roll,0.1,500.0,100.0,0.0,2600.0,509.33333333333337,2090.6666666666665,64.42307692307692,81.65384615384616,True,148.0,0.6025612713230564,0.15873015873015872,297.05128205128204,50.93333333333334,False,0.5832158679017317
1000.0,0.0,roll,0.2,500.0,100.0,0.0,2600.0,509.33333333333337,2090.6666666666665,64.42307692307692,81.65384615384616,True,148.0,0.6025612713230564,0.15873015873015872,297.05128205128204,101.86666666666667,False,0.5832158679017317
1000.0,0.0,roll,0.3,500.0,100.0,0.0,2600.0,509.33333333333337,2090.6666666666665,64.42307692307692,81.65384615384616,True,148.0,0.6025612713230564,0.15873015873015872,297.05128205128204,152.8,False,0.5832158679017317
1000.0,0.0,roll,0.4,500.0,100.0,0.0,2600.0,509.33333333333337,2090.6666666666665,64.42307692307692,81.65384615384616,True,148.0,0.6025612713230564,0.15873015873015872,297.05128205128204,203.73333333333335,False,0.5832158679017317
1000.0,0.0,roll,0.1,500.0,100.0,29.41995,2629.41995,524.0433083333334,2105.3766416666667,65.88407083851327,82.92204911961667,True,148.0,0.5872062524512457,0.15873015873015872,296.0772861076578,52.40433083333334,False,0.5649862929254866
1000.0,0.0,roll,0.2,500.0,100.0,29.41995,2629.41995,524.0433083333334,2105.3766416666667,65.88407083851327,82.92204911961667,True,148.0,0.5872062524512457,0.15873015873015872,296.0772861076578,104.80866166666668,False,0.5649862929254866
1000.0,0.0,roll,0.3,500.0,100.0,29.41995,2629.41995,524.0433083333334,2105.3766416666667,65.88407083851327,82.92204911961667,True,148.0,0.5872062524512457,0.15873015873015872,296.0772861076578,157.2129925,False,0.5649862929254866
1000.0,0.0,roll,0.4,500.0,100.0,29.41995,2629.41995,524.0433083333334,2105.3766416666667,65.88407083851327,82.92204911961667,True,148.0,0.5872062524512457,0.15873015873015872,296.0772861076578,209.61732333333336,False,0.5649862929254866
1000.0,0.1,roll,0.1,0.0,0.0,0.0,2000.0,181.33333333333337,1818.6666666666665,52.1,57.9,True,123.30000000000001,0.6860433681007436,0.1746031746031746,305.26666666666665,18.133333333333336,False,1.6834558823529406
1000.0,0.1,roll,0.2,0.0,0.0,0.0,2000.0,181.33333333333337,1818.6666666666665,52.1,57.9,True,123.30000000000001,0.6860433681007436,0.1746031746031746,305.26666666666665,36.26666666666667,False,1.6834558823529406
1000.0,0.1,roll,0.3,0.0,0.0,0.0,2000.0,181.33333333333337,1818.6666666666665,52.1,57.9,True,123.30000000000001,0.6860433681007436,0.1746031746031746,305.26666666666665,54.40000000000001,False,1.6834558823529406
1000.0,0.1,roll,0.4,0.0,0.0,0.0,2000.0,181.33333333333337,1818.6666666666665,52.1,57.9,True,123.30000000000001,0.6860433681007436,0.1746031746031746,305.26666666666665,72.53333333333335,False,1.6834558823529406
1000.0,0.1,roll,0.1,0.0,0.0,29.41995,2029.41995,196.04330833333336,1833.3766416666667,54.171582500704204,59.88750147548318,True,129.5147475021126,0.6584063499730152,0.1746031746031746,303.8856116661972,19.604330833333336,False,1.5500942840114647
1000.0,0.1,roll,0.2,0.0,0.0,29.41995,2029.41995,196.04330833333336,1833.3766416666667,54.171582500704204,59.88750147548318,True,129.5147475021126,0.6584063499730152,0.1746031746031746,303.8856116661972,39.20866166666667,False,1.5500942840114647
1000.0,0.1,roll,0.3,0.0,0.0,29.41995,2029.41995,196.04330833333336,1833.3766416666667,54.171582500704204,59.88750147548318,True,129.5147475021126,0.6584063499730152,0.1746031746031746,303.8856116661972,58.81299250000001,False,1.5500942840114647
1000.0,0.1,roll,0.4,0.0,0.0,29.41995,2029.41995,196.04330833333336,1833.3766416666667,54.171582500704204,59.88750147548318,True,129.5147475021126,0.6584063499730152,0.1746031746031746,303.8856116661972,78.41732333333334,False,1.5500942840114647
1000.0,0.1,roll,0.1,0.0,100.0,0.0,2100.0,146.0,1954.0,47.61904761904762,68.95238095238095,True,109.85714285714286,0.82729004747936,0.1746031746031746,308.25396825396825,14.600000000000001,False,2.111328549684714
1000.0,0.1,roll,0.2,0.0,100.0,0.0,2100.0,146.0,1954.0,47.61904761904762,68.95238095238095,True,109.85714285714286,0.82729004747936,0.1746031746031746,308.25396825396825,29.200000000000003,False,2.111328549684714
1000.0,0.1,roll,0.3,0.0,100.0,0.0,2100.0,146.0,1954.0,47.61904761904762,68.95238095238095,True,109.85714285714286,0.82729004747936,0.1746031746031746,308.25396825396825,43.8,False,2.111328549684714
1000.0,0.1,roll,0.4,0.0,100.0,0.0,2100.0,146.0,1954.0,47.61904761904762,68.95238095238095,True,109.85714285714286,0.82729004747936,0.1746031746031746,308.25396825396825,58.400000000000006,False,2.111328549684714
1000.0,0.1,roll,0.1,0.0,100.0,29.41995,2129.41995,160.709975,1968.709975,49.655254826554994,70.69384798897934,True,115.96576447966498,0.7896115394471466,0.1746031746031746,306.89649678229665,16.0709975,False,1.909629422705695
1000.0,0.1,roll,0.2,0.0,100.0,29.41995,2129.41995,160.709975,1968.709975,49.655254826554994,70.69384798897934,True,115.96576447966498,0.7896115394471466,0.1746031746031746,306.89649678229665,32.141995,False,1.909629422705695
1000.0,0.1,roll,0.3,0.0,100.0,29.41995,2129.41995,160.709975,1968.709975,49.655254826554994,70.69384798897934,True,115.96576447966498,0.7896115394471466,0.1746031746031746,306.89649678229665,48.21299249999999,False,1.909629422705695
1000.0,0.1,roll,0.4,0.0,100.0,29.41995,2129.41995,160.709975,1968.709975,49.655254826554994,70.69384798897934,True,115.96576447966498,0.7896115394471466,0.1746031746031746,306.89649678229665,64.28399,False,1.909629422705695
1000.0,0.1,roll,0.1,500.0,0.0,0.0,2500.0,431.33333333333337,2068.6666666666665,68.68,73.32,True,148.0,0.5401227626117631,0.1746031746031746,294.21333333333337,43.13333333333334,False,0.6821020092735703
1000.0,0.1,roll,0.2,500.0,0.0,0.0,2500.0,431.33333333333337,2068.6666666666665,68.68,73.32,True,148.0,0.5401227626117631,0.1746031746031746,294.21333333333337,86.26666666666668,False,0.6821020092735703
1000.0,0.1,roll,0.3,500.0,0.0,0.0,2500.0,431.33333333333337,2068.6666666666665,68.68,73.32,True,148.0,0.5401227626117631,0.1746031746031746,294.21333333333337,129.4,False,0.6821020092735703
1000.0,0.1,roll,0.4,500.0,0.0,0.0,2500.0,431.33333333333337,2068.6666666666665,68.68,73.32,True,148.0,0.5401227626117631,0.1746031746031746,294.21333333333337,172.53333333333336,False,0.6821020092735703
1000.0,0.1,roll,0.1,500.0,0.0,29.41995,2529.41995,446.04330833333336,2083.3766416666667,70.14924123216471,74.73527290318083,True,148.0,0.5244641379447246,0.1746031746031746,293.2338391785569,44.604330833333336,False,0.6574111385601593
1000.0,0.1,roll,0.2,500.0,0.0,29.41995,2529.41995,446.04330833333336,2083.3766416666667,70.14924123216471,74.73527290318083,True,148.0,0.5244641379447246,0.1746031746031746,293.2338391785569,89.20866166666667,False,0.6574111385601593
1000.0,0.1,roll,0.3,500.0,0.0,29.41995,2529.41995,446.04330833333336,2083.3766416666667,70.14924123216471,74.73527290318083,True,148.0,0.5244641379447246,0.1746031746031746,293.2338391785569,133.8129925,False,0.6574111385601593
1000.0,0.1,roll,0.4,500.0,0.0,29.41995,2529.41995,446.04330833333336,2083.3766416666667,70.14924123216471,74.73527290318083,True,148.0,0.5244641379447246,0.1746031746031746,293.2338391785569,178.41732333333334,False,0.6574111385601593
1000.0,0.1,roll,0.1,500.0,100.0,0.0,2600.0,396.0,2204.0,64.42307692307692,81.65384615384616,True,148.0,0.6352256259547272,0.1746031746031746,297.05128205128204,39.6,False,0.7501295001295001
1000.0,0.1,roll,0.2,500.0,100.0,0.0,2600.0,396.0,2204.0,64.42307692307692,81.65384615384616,True,148.0,0.6352256259547272,0.1746031746031746,297.05128205128204,79.2,False,0.7501295001295001
1000.0,0.1,roll,0.3,500.0,100.0,0.0,2600.0,396.0,2204.0,64.42307692307692,81.65384615384616,True,148.0,0.6352256259547272,0.1746031746031746,297.05128205128204,118.8,False,0.7501295001295001
1000.0,0.1,roll,0.4,500.0,100.0,0.0,2600.0,396.0,2204.0,64.42307692307692,81.65384615384616,True,148.0,0.6352256259547272,0.1746031746031746,297.05128205128204,158.4,False,0.7501295001295001
1000.0,0.1,roll,0.1,500.0,100.0,29.41995,2629.41995,410.709975,2218.7099749999998,65.88407083851327,82.92204911961667,True,148.0,0.6188158184678003,0.1746031746031746,296.0772861076578,41.070997500000004,False,0.720891393270051
1000.0,0.1,roll,0.2,500.0,100.0,29.41995,2629.41995,410.709975,2218.7099749999998,65.88407083851327,82.92204911961667,True,148.0,0.6188158184678003,0.1746031746031746,296.0772861076578,82.14199500000001,False,0.720891393270051
1000.0,0.1,roll,0.3,500.0,100.0,29.41995,2629.41995,410.709975,2218.7099749999998,65.88407083851327,82.92204911961667,True,148.0,0.6188158184678003,0.1746031746031746,296.0772861076578,123.21299249999998,False,0.720891393270051
1000.0,0.1,roll,0.4,500.0,100.0,29.41995,2629.41995,410.709975,2218.7099749999998,65.88407083851327,82.92204911961667,True,148.0,0.6188158184678003,0.1746031746031746,296.0772861076578,164.28399000000002,False,0.720891393270051
1000.0,0.2,roll,0.1,0.0,0.0,0.0,2000.0,68.0,1932.0,52.1,57.9,True,123.30000000000001,0.7287953375205114,0.19047619047619047,305.26666666666665,6.800000000000001,False,4.48921568627451
1000.0,0.2,roll,0.2,0.0,0.0,0.0,2000.0,68.0,1932.0,52.1,57.9,True,123.30000000000001,0.7287953375205114,0.19047619047619047,305.26666666666665,13.600000000000001,False,4.48921568627451
1000.0,0.2,roll,0.3,0.0,0.0,0.0,2000.0,68.0,1932.0,52.1,57.9,True,123.30000000000001,0.7287953375205114,0.19047619047619047,305.26666666666665,20.4,False,4.48921568627451
1000.0,0.2,roll,0.4,0.0,0.0,0.0,2000.0,68.0,1932.0,52.1,57.9,True,123.30000000000001,0.7287953375205114,0.19047619047619047,305.26666666666665,27.200000000000003,False,4.48921568627451
1000.0,0.2,roll,0.1,0.0,0.0,29.41995,2029.41995,82.70997499999999,1946.709975,54.171582500704204,59.88750147548318,True,129.5147475021126,0.6991068719685615,0.19047619047619047,303.8856116661972,8.270997499999998,False,3.674110790943864
1000.0,0.2,roll,0.2,0.0,0.0,29.41995,2029.41995,82.70997499999999,1946.709975,54.171582500704204,59.88750147548318,True,129.5147475021126,0.6991068719685615,0.19047619047619047,303.8856116661972,16.541994999999996,False,3.674110790943864
1000.0,0.2,roll,0.3,0.0,0.0,29.41995,2029.41995,82.70997499999999,1946.709975,54.171582500704204,59.88750147548318,True,129.5147475021126,0.6991068719685615,0.19047619047619047,303.8856116661972,24.812992499999996,False,3.674110790943864
1000.0,0.2,roll,0.4,0.0,0.0,29.41995,2029.41995,82.70997499999999,1946.709975,54.171582500704204,59.88750147548318,True,129.5147475021126,0.6991068719685615,0.19047619047619047,303.8856116661972,33.08398999999999,False,3.674110790943864
1000.0,0.2,roll,0.1,0.0,100.0,0.0,2100.0,32.66666666666663,2067.3333333333335,47.61904761904762,68.95238095238095,True,109.85714285714286,0.8752734347436014,0.19047619047619047,308.25396825396825,3.266666666666663,False,9.436345966958223
1000.0,0.2,roll,0.2,0.0,100.0,0.0,2100.0,32.66666666666663,2067.3333333333335,47.61904761904762,68.95238095238095,True,109.85714285714286,0.8752734347436014,0.19047619047619047,308.25396825396825,6.533333333333326,False,9.436345966958223
1000.0,0.2,roll,0.3,0.0,100.0,0.0,2100.0,32.66666666666663,2067.3333333333335,47.61904761904762,68.95238095238095,True,109.85714285714286,0.8752734347436014,0.19047619047619047,308.25396825396825,9.799999999999988,False,9.436345966958223
1000.0,0.2,roll,0.4,0.0,100.0,0.0,2100.0,32.66666666666663,2067.3333333333335,47.61904761904762,68.95238095238095,True,109.85714285714286,0.8752734347436014,0.19047619047619047,308.25396825396825,13.066666666666652,False,9.436345966958223
1000.0,0.2,roll,0.1,0.0,100.0,29.41995,2129.41995,47.376641666666615,2082.0433083333332,49.655254826554994,70.69384798897934,True,115.96576447966498,0.8350673500746159,0.19047619047619047,306.89649678229665,4.7376641666666615,False,6.477801844663543
1000.0,0.2,roll,0.2,0.0,100.0,29.41995,2129.41995,47.376641666666615,2082.0433083333332,49.655254826554994,70.69384798897934,True,115.96576447966498,0.8350673500746159,0.19047619047619047,306.89649678229665,9.475328333333323,False,6.477801844663543
1000.0,0.2,roll,0.3,0.0,100.0,29.41995,2129.41995,47.376641666666615,2082.0433083333332,49.655254826554994,70.69384798897934,True,115.96576447966498,0.8350673500746159,0.19047619047619047,306.89649678229665,14.212992499999984,False,6.477801844663543
1000.0,0.2,roll,0.4,0.0,100.0,29.41995,2129.41995,47.376641666666615,2082.0433083333332,49.655254826554994,70.69384798897934,True,115.96576447966498,0.8350673500746159,0.19047619047619047,306.89649678229665,18.950656666666646,False,6.477801844663543
1000.0,0.2,roll,0.1,500.0,0.0,0.0,2500.0,318.0,2182.0,68.68,73.32,True,148.0,0.5697137615302291,0.19047619047619047,294.21333333333337,31.8,False,0.9251991614255767
1000.0,0.2,roll,0.2,500.0,0.0,0.0,2500.0,318.0,2182.0,68.68,73.32,True,148.0,0.5697137615302291,0.19047619047619047,294.21333333333337,63.6,False,0.9251991614255767
1000.0,0.2,roll,0.3,500.0,0.0,0.0,2500.0,318.0,2182.0,68.68,73.32,True,148.0,0.5697137615302291,0.19047619047619047,294.21333333333337,95.39999999999999,False,0.9251991614255767
1000.0,0.2,roll,0.4,500.0,0.0,0.0,2500.0,318.0,2182.0,68.68,73.32,True,148.0,0.5697137615302291,0.19047619047619047,294.21333333333337,127.2,False,0.9251991614255767
1000.0,0.2,roll,0.1,500.0,0.0,29.41995,2529.41995,332.709975,2196.7099749999998,70.14924123216471,74.73527290318083,True,148.0,0.5529943939619554,0.19047619047619047,293.2338391785569,33.2709975,False,0.8813497075900922
1000.0,0.2,roll,0.2,500.0,0.0,29.41995,2529.41995,332.709975,2196.7099749999998,70.14924123216471,74.73527290318083,True,148.0,0.5529943939619554,0.19047619047619047,293.2338391785569,66.541995,False,0.8813497075900922
1000.0,0.2,roll,0.3,500.0,0.0,29.41995,2529.41995,332.709975,2196.7099749999998,70.14924123216471,74.73527290318083,True,148.0,0.5529943939619554,0.19047619047619047,293.2338391785569,99.8129925,False,0.8813497075900922
1000.0,0.2,roll,0.4,500.0,0.0,29.41995,2529.41995,332.709975,2196.7099749999998,70.14924123216471,74.73527290318083,True,148.0,0.5529943939619554,0.19047619047619047,293.2338391785569,133.08399,False,0.8813497075900922
1000.0,0.2,roll,0.1,500.0,100.0,0.0,2600.0,282.66666666666663,2317.3333333333335,64.42307692307692,81.65384615384616,True,148.0,0.6678899805863979,0.19047619047619047,297.05128205128204,28.266666666666666,False,1.050888969521045
1000.0,0.2,roll,0.2,500.0,100.0,0.0,2600.0,282.66666666666663,2317.3333333333335,64.42307692307692,81.65384615384616,True,148.0,0.6678899805863979,0.19047619047619047,297.05128205128204,56.53333333333333,False,1.050888969521045
1000.0,0.2,roll,0.3,500.0,100.0,0.0,2600.0,282.66666666666663,2317.3333333333335,64.42307692307692,81.65384615384616,True,148.0,0.6678899805863979,0.19047619047619047,297.05128205128204,84.79999999999998,False,1.050888969521045
1000.0,0.2,roll,0.4,500.0,100.0,0.0,2600.0,282.66666666666663,2317.3333333333335,64.42307692307692,81.65384615384616,True,148.0,0.6678899805863979,0.19047619047619047,297.05128205128204,113.06666666666666,False,1.050888969521045
1000.0,0.2,roll,0.1,500.0,100.0,29.41995,2629.41995,297.3766416666666,2332.0433083333332,65.88407083851327,82.92204911961667,True,148.0,0.6504253844843548,0.19047619047619047,296.0772861076578,29.73766416666666,False,0.9956306065206518
1000.0,0.2,roll,0.2,500.0,100.0,29.41995,2629.41995,297.3766416666666,2332.0433083333332,65.88407083851327,82.92204911961667,True,148.0,0.6504253844843548,0.19047619047619047,296.0772861076578,59.47532833333332,False,0.9956306065206518
1000.0,0.2,roll,0.3,500.0,100.0,29.41995,2629.41995,297.3766416666666,2332.0433083333332,65.88407083851327,82.92204911961667,True,148.0,0.6504253844843548,0.19047619047619047,296.0772861076578,89.21299249999998,False,0.9956306065206518
1000.0,0.2,roll,0.4,500.0,100.0,29.41995,2629.41995,297.3766416666666,2332.0433083333332,65.88407083851327,82.92204911961667,True,148.0,0.6504253844843548,0.19047619047619047,296.0772861076578,118.95065666666665,False,0.9956306065206518
1500.0,0.0,pitch,0.1,0.0,0.0,0.0,3000.0,1461.3333333333333,1538.6666666666667,19.733333333333334,90.26666666666667,True,26.200000000000003,2.731522575300313,0.23809523809523808,326.84444444444443,146.13333333333333,False,0.22366180048661802
1500.0,0.0,pitch,0.2,0.0,0.0,0.0,3000.0,1461.3333333333333,1538.6666666666667,19.733333333333334,90.26666666666667,True,26.200000000000003,2.731522575300313,0.23809523809523808,326.84444444444443,292.26666666666665,False,0.22366180048661802
1500.0,0.0,pitch,0.3,0.0,0.0,0.0,3000.0,1461.3333333333333,1538.6666666666667,19.733333333333334,90.26666666666667,True,26.200000000000003,2.731522575300313,0.23809523809523808,326.84444444444443,438.4,True,0.22366180048661802
1500.0,0.0,pitch,0.4,0.0,0.0,0.0,3000.0,1461.3333333333333,1538.6666666666667,19.733333333333334,90.26666666666667,True,26.200000000000003,2.731522575300313,0.23809523809523808,326.84444444444443,584.5333333333333,True,0.22366180048661802
1500.0,0.0,pitch,0.1,0.0,0.0,29.41995,3029.41995,1476.0433083333332,1553.3766416666667,21.435420417694154,91.28377538082826,True,31.30626125308246,2.307847486881727,0.23809523809523808,325.7097197215372,147.60433083333334,False,0.22066406716027234
1500.0,0.0,pitch,0.2,0.0,0.0,29.41995,3029.41995,1476.0433083333332,1553.3766416666667,21.435420417694154,91.28377538082826,True,31.30626125308246,2.307847486881727,0.23809523809523808,325.7097197215372,295.20866166666667,False,0.22066406716027234
1500.0,0.0,pitch,0.3,0.0,0.0,29.41995,3029.41995,1476.0433083333332,1553.3766416666667,21.435420417694154,91.28377538082826,True,31.30626125308246,2.307847486881727,0.23809523809523808,325.7097197215372,442.81299249999995,True,0.22066406716027234
1500.0,0.0,pitch,0.4,0.0,0.0,29.41995,3029.41995,1476.0433083333332,1553.3766416666667,21.435420417694154,91.28377538082826,True,31.30626125308246,2.307847486881727,0.23809523809523808,325.7097197215372,590.4173233333333,True,0.22066406716027234
1500.0,0.0,pitch,0.1,0.0,100.0,0.0,3100.0,1426.0,1674.0,17.741935483870968,96.70967741935483,True,20.225806451612904,3.8495604762434628,0.23809523809523808,328.1720430107527,142.6,False,0.23013467251805939
1500.0,0.0,pitch,0.2,0.0,100.0,0.0,3100.0,1426.0,1674.0,17.741935483870968,96.70967741935483,True,20.225806451612904,3.8495604762434628,0.23809523809523808,328.1720430107527,285.2,False,0.23013467251805939
1500.0,0.0,pitch,0.3,0.0,100.0,0.0,3100.0,1426.0,1674.0,17.741935483870968,96.70967741935483,True,20.225806451612904,3.8495604762434628,0.23809523809523808,328.1720430107527,427.8,True,0.23013467251805939
1500.0,0.0,pitch,0.4,0.0,100.0,0.0,3100.0,1426.0,1674.0,17.741935483870968,96.70967741935483,True,20.225806451612904,3.8495604762434628,0.23809523809523808,328.1720430107527,570.4,True,0.23013467251805939
1500.0,0.0,pitch,0.1,0.0,100.0,29.41995,3129.41995,1440.709975,1688.709975,19.40835401461539,97.6337133180224,True,25.225062043846172,3.1137544820890346,0.23809523809523808,327.06109732358976,144.0709975,False,0.22701383553868276
1500.0,0.0,pitch,0.2,0.0,100.0,29.41995,3129.41995,1440.709975,1688.709975,19.40835401461539,97.6337133180224,True,25.225062043846172,3.1137544820890346,0.23809523809523808,327.06109732358976,288.141995,False,0.22701383553868276
1500.0,0.0,pitch,0.3,0.0,100.0,29.41995,3129.41995,1440.709975,1688.709975,19.40835401461539,97.6337133180224,True,25.225062043846172,3.1137544820890346,0.23809523809523808,327.06109732358976,432.2129925,True,0.22701383553868276
1500.0,0.0,pitch,0.4,0.0,100.0,29.41995,3129.41995,1440.709975,1688.709975,19.40835401461539,97.6337133180224,True,25.225062043846172,3.1137544820890346,0.23809523809523808,327.06109732358976,576.28399,True,0.22701383553868276
1500.0,0.0,pitch,0.1,500.0,0.0,0.0,3500.0,1711.3333333333333,1788.6666666666667,36.2,96.65714285714286,True,75.60000000000001,1.1004470694393174,0.23809523809523808,315.8666666666667,171.13333333333333,False,0.18457343202181536
1500.0,0.0,pitch,0.2,500.0,0.0,0.0,3500.0,1711.3333333333333,1788.6666666666667,36.2,96.65714285714286,True,75.60000000000001,1.1004470694393174,0.23809523809523808,315.8666666666667,342.26666666666665,True,0.18457343202181536
1500.0,0.0,pitch,0.3,500.0,0.0,0.0,3500.0,1711.3333333333333,1788.6666666666667,36.2,96.65714285714286,True,75.60000000000001,1.1004470694393174,0.23809523809523808,315.8666666666667,513.4,True,0.18457343202181536
1500.0,0.0,pitch,0.4,500.0,0.0,0.0,3500.0,1711.3333333333333,1788.6666666666667,36.2,96.65714285714286,True,75.60000000000001,1.1004470694393174,0.23809523809523808,315.8666666666667,684.5333333333333,True,0.18457343202181536
1500.0,0.0,pitch,0.1,500.0,0.0,29.41995,3529.41995,1726.0433083333332,1803.3766416666667,37.52369854712245,97.47689283900603,True,79.57109564136735,1.0541262836366794,0.23809523809523808,314.984200968585,172.60433083333334,False,0.18248916434937756
1500.0,0.0,pitch,0.2,500.0,0.0,29.41995,3529.41995,1726.0433083333332,1803.3766416666667,37.52369854712245,97.47689283900603,True,79.57109564136735,1.0541262836366794,0.23809523809523808,314.984200968585,345.20866166666667,True,0.18248916434937756
1500.0,0.0,pitch,0.3,500.0,0.0,29.41995,3529.41995,1726.0433083333332,1803.3766416666667,37.52369854712245,97.47689283900603,True,79.57109564136735,1.0541262836366794,0.23809523809523808,314.984200968585,517.8129925,True,0.18248916434937756
1500.0,0.0,pitch,0.4,500.0,0.0,29.41995,3529.41995,1726.0433083333332,1803.3766416666667,37.52369854712245,97.47689283900603,True,79.57109564136735,1.0541262836366794,0.23809523809523808,314.984200968585,690.4173233333333,True,0.18248916434937756
1500.0,0.0,pitch,0.1,500.0,100.0,0.0,3600.0,1676.0,1924.0,34.02777777777778,102.02777777777777,True,69.08333333333334,1.2953684742054026,0.23809523809523808,317.3148148148148,167.60000000000002,False,0.18932864845752673
1500.0,0.0,pitch,0.2,500.0,100.0,0.0,3600.0,1676.0,1924.0,34.02777777777778,102.02777777777777,True,69.08333333333334,1.2953684742054026,0.23809523809523808,317.3148148148148,335.20000000000005,True,0.18932864845752673
1500.0,0.0,pitch,0.3,500.0,100.0,0.0,3600.0,1676.0,1924.0,34.02777777777778,102.02777777777777,True,69.08333333333334,1.2953684742054026,0.23809523809523808,317.3148148148148,502.79999999999995,True,0.18932864845752673
1500.0,0.0,pitch,0.4,500.0,100.0,0.0,3600.0,1676.0,1924.0,34.02777777777778,102.02777777777777,True,69.08333333333334,1.2953684742054026,0.23809523809523808,317.3148148148148,670.4000000000001,True,0.18932864845752673
1500.0,0.0,pitch,0.1,500.0,100.0,29.41995,3629.41995,1690.709975,1938.709975,35.33261292896128,102.78140732928964,True,72.99783878688385,1.2352770777228308,0.23809523809523808,316.4449247140258,169.0709975,False,0.18716688810807175
1500.0,0.0,pitch,0.2,500.0,100.0,29.41995,3629.41995,1690.709975,1938.709975,35.33261292896128,102.78140732928964,True,72.99783878688385,1.2352770777228308,0.23809523809523808,316.4449247140258,338.141995,True,0.18716688810807175
1500.0,0.0,pitch,0.3,500.0,100.0,29.41995,3629.41995,1690.709975,1938.709975,35.33261292896128,102.78140732928964,True,72.99783878688385,1.2352770777228308,0.23809523809523808,316.4449247140258,507.2129925,True,0.18716688810807175
1500.0,0.0,pitch,0.4,500.0,100.0,29.41995,3629.41995,1690.709975,1938.709975,35.33261292896128,102.78140732928964,True,72.99783878688385,1.2352770777228308,0.23809523809523808,316.4449247140258,676.28399,True,0.18716688810807175
1500.0,0.1,pitch,0.1,0.0,0.0,0.0,3000.0,1291.3333333333333,1708.6666666666667,19.733333333333334,90.26666666666667,True,26.200000000000003,3.033315580803598,0.2619047619047619,326.84444444444443,129.13333333333333,False,0.2531061779383927
1500.0,0.1,pitch,0.2,0.0,0.0,0.0,3000.0,1291.3333333333333,1708.6666666666667,19.733333333333334,90.26666666666667,True,26.200000000000003,3.033315580803598,0.2619047619047619,326.84444444444443,258.26666666666665,False,0.2531061779383927
1500.0,0.1,pitch,0.3,0.0,0.0,0.0,3000.0,1291.3333333333333,1708.6666666666667,19.733333333333334,90.26666666666667,True,26.200000000000003,3.033315580803598,0.2619047619047619,326.84444444444443,387.4,True,0.2531061779383927
1500.0,0.1,pitch,0.4,0.0,0.0,0.0,3000.0,1291.3333333333333,1708.6666666666667,19.733333333333334,90.26666666666667,True,26.200000000000003,3.033315580803598,0.2619047619047619,326.84444444444443,516.5333333333333,True,0.2531061779383927
1500.0,0.1,pitch,0.1,0.0,0.0,29.41995,3029.41995,1306.0433083333332,1723.3766416666667,21.435420417694154,91.28377538082826,True,31.30626125308246,2.560416028371411,0.2619047619047619,325.7097197215372,130.60433083333334,False,0.24938661500986642
1500.0,0.1,pitch,0.2,0.0,0.0,29.41995,3029.41995,1306.0433083333332,1723.3766416666667,21.435420417694154,91.28377538082826,True,31.30626125308246,2.560416028371411,0.2619047619047619,325.7097197215372,261.20866166666667,False,0.24938661500986642
1500.0,0.1,pitch,0.3,0.0,0.0,29.41995,3029.41995,1306.0433083333332,1723.3766416666667,21.435420417694154,91.28377538082826,True,31.30626125308246,2.560416028371411,0.2619047619047619,325.7097197215372,391.81299249999995,True,0.24938661500986642
1500.0,0.1,pitch,0.4,0.0,0.0,29.41995,3029.41995,1306.0433083333332,1723.3766416666667,21.435420417694154,91.28377538082826,True,31.30626125308246,2.560416028371411,0.2619047619047619,325.7097197215372,522.4173233333333,True,0.24938661500986642
1500.0,0.1,pitch,0.1,0.0,100.0,0.0,3100.0,1256.0,1844.0,17.741935483870968,96.70967741935483,True,20.225806451612904,4.24049553058121,0.2619047619047619,328.1720430107527,125.60000000000001,False,0.2612834737346757
1500.0,0.1,pitch,0.2,0.0,100.0,0.0,3100.0,1256.0,1844.0,17.741935483870968,96.70967741935483,True,20.225806451612904,4.24049553058121,0.2619047619047619,328.1720430107527,251.20000000000002,False,0.2612834737346757
1500.0,0.1,pitch,0.3,0.0,100.0,0.0,3100.0,1256.0,1844.0,17.741935483870968,96.70967741935483,True,20.225806451612904,4.24049553058121,0.2619047619047619,328.1720430107527,376.8,True,0.2612834737346757
1500.0,0.1,pitch,0.4,0.0,100.0,0.0,3100.0,1256.0,1844.0,17.741935483870968,96.70967741935483,True,20.225806451612904,4.24049553058121,0.2619047619047619,328.1720430107527,502.40000000000003,True,0.2612834737346757
1500.0,0.1,pitch,0.1,0.0,100.0,29.41995,3129.41995,1270.709975,1858.709975,19.40835401461539,97.6337133180224,True,25.225062043846172,3.427211659337682,0.2619047619047619,327.06109732358976,127.0709975,False,0.2573845360138845
1500.0,0.1,pitch,0.2,0.0,100.0,29.41995,3129.41995,1270.709975,1858.709975,19.40835401461539,97.6337133180224,True,25.225062043846172,3.427211659337682,0.2619047619047619,327.06109732358976,254.141995,False,0.2573845360138845
1500.0,0.1,pitch,0.3,0.0,100.0,29.41995,3129.41995,1270.709975,1858.709975,19.40835401461539,97.6337133180224,True,25.225062043846172,3.427211659337682,0.2619047619047619,327.06109732358976,381.2129925,True,0.2573845360138845
1500.0,0.1,pitch,0.4,0.0,100.0,29.41995,3129.41995,1270.709975,1858.709975,19.40835401461539,97.6337133180224,True,25.225062043846172,3.427211659337682,0.2619047619047619,327.06109732358976,508.28399,True,0.2573845360138845
1500.0,0.1,pitch,0.1,500.0,0.0,0.0,3500.0,1541.3333333333333,1958.6666666666667,36.2,96.65714285714286,True,75.60000000000001,1.2050367089126777,0.2619047619047619,315.8666666666667,154.13333333333333,False,0.20493079584775087
1500.0,0.1,pitch,0.2,500.0,0.0,0.0,3500.0,1541.3333333333333,1958.6666666666667,36.2,96.65714285714286,True,75.60000000000001,1.2050367089126777,0.2619047619047619,315.8666666666667,308.26666666666665,False,0.20493079584775087
1500.0,0.1,pitch,0.3,500.0,0.0,0.0,3500.0,1541.3333333333333,1958.6666666666667,36.2,96.65714285714286,True,75.60000000000001,1.2050367089126777,0.2619047619047619,315.8666666666667,462.4,True,0.20493079584775087
1500.0,0.1,pitch,0.4,500.0,0.0,0.0,3500.0,1541.3333333333333,1958.6666666666667,36.2,96.65714285714286,True,75.60000000000001,1.2050367089126777,0.2619047619047619,315.8666666666667,616.5333333333333,True,0.20493079584775087
1500.0,0.1,pitch,0.1,500.0,0.0,29.41995,3529.41995,1556.0433083333332,1973.3766416666667,37.52369854712245,97.47689283900603,True,79.57109564136735,1.1534962455613378,0.2619047619047619,314.984200968585,155.60433083333334,False,0.20242637160656043
1500.0,0.1,pitch,0.2,500.0,0.0,29.41995,3529.41995,1556.0433083333332,1973.3766416666667,37.52369854712245,97.47689283900603,True,79.57109564136735,1.1534962455613378,0.2619047619047619,314.984200968585,311.20866166666667,False,0.20242637160656043
1500.0,0.1,pitch,0.3,500.0,0.0,29.41995,3529.41995,1556.0433083333332,1973.3766416666667,37.52369854712245,97.47689283900603,True,79.57109564136735,1.1534962455613378,0.2619047619047619,314.984200968585,466.81299249999995,True,0.20242637160656043
1500.0,0.1,pitch,0.4,500.0,0.0,29.41995,3529.41995,1556.0433083333332,1973.3766416666667,37.52369854712245,97.47689283900603,True,79.57109564136735,1.1534962455613378,0.2619047619047619,314.984200968585,622.4173233333333,True,0.20242637160656043
1500.0,0.1,pitch,0.1,500.0,100.0,0.0,3600.0,1506.0,2094.0,34.02777777777778,102.02777777777777,True,69.08333333333334,1.4098241086206411,0.2619047619047619,317.3148148148148,150.6,False,0.21070040824356892
1500.0,0.1,pitch,0.2,500.0,100.0,0.0,3600.0,1506.0,2094.0,34.02777777777778,102.02777777777777,True,69.08333333333334,1.4098241086206411,0.2619047619047619,317.3148148148148,301.2,False,0.21070040824356892
1500.0,0.1,pitch,0.3,500.0,100.0,0.0,3600.0,1506.0,2094.0,34.02777777777778,102.02777777777777,True,69.08333333333334,1.4098241086206411,0.2619047619047619,317.3148148148148,451.8,True,0.21070040824356892
1500.0,0.1,pitch,0.4,500.0,100.0,0.0,3600.0,1506.0,2094.0,34.02777777777778,102.02777777777777,True,69.08333333333334,1.4098241086206411,0.2619047619047619,317.3148148148148,602.4,True,0.21070040824356892
1500.0,0.1,pitch,0.1,500.0,100.0,29.41995,3629.41995,1520.709975,2108.7099749999998,35.33261292896128,102.78140732928964,True,72.99783878688385,1.343595034467692,0.2619047619047619,316.4449247140258,152.0709975,False,0.20809025383951057
1500.0,0.1,pitch,0.2,500.0,100.0,29.41995,3629.41995,1520.709975,2108.7099749999998,35.33261292896128,102.78140732928964,True,72.99783878688385,1.343595034467692,0.2619047619047619,316.4449247140258,304.141995,False,0.20809025383951057
1500.0,0.1,pitch,0.3,500.0,100.0,29.41995,3629.41995,1520.709975,2108.7099749999998,35.33261292896128,102.78140732928964,True,72.99783878688385,1.343595034467692,0.2619047619047619,316.4449247140258,456.2129925,True,0.20809025383951057
1500.0,0.1,pitch,0.4,500.0,100.0,29.41995,3629.41995,1520.709975,2108.7099749999998,35.33261292896128,102.78140732928964,True,72.99783878688385,1.343595034467692,0.2619047619047619,316.4449247140258,608.28399,True,0.20809025383951057
1500.0,0.2,pitch,0.1,0.0,0.0,0.0,3000.0,1121.3333333333333,1878.6666666666667,19.733333333333334,90.26666666666667,True,26.200000000000003,3.3351085863068817,0.2857142857142857,326.84444444444443,112.13333333333333,False,0.29147839873166864
1500.0,0.2,pitch,0.2,0.0,0.0,0.0,3000.0,1121.3333333333333,1878.6666666666667,19.733333333333334,90.26666666666667,True,26.200000000000003,3.3351085863068817,0.2857142857142857,326.84444444444443,224.26666666666665,False,0.29147839873166864
1500.0,0.2,pitch,0.3,0.0,0.0,0.0,3000.0,1121.3333333333333,1878.6666666666667,19.733333333333334,90.26666666666667,True,26.200000000000003,3.3351085863068817,0.2857142857142857,326.84444444444443,336.4,True,0.29147839873166864
1500.0,0.2,pitch,0.4,0.0,0.0,0.0,3000.0,1121.3333333333333,1878.6666666666667,19.733333333333334,90.26666666666667,True,26.200000000000003,3.3351085863068817,0.2857142857142857,326.84444444444443,448.5333333333333,True,0.29147839873166864
1500.0,0.2,pitch,0.1,0.0,0.0,29.41995,3029.41995,1136.0433083333332,1893.3766416666667,21.435420417694154,91.28377538082826,True,31.30626125308246,2.812984569861095,0.2857142857142857,325.7097197215372,113.60433083333334,False,0.2867053723500907
1500.0,0.2,pitch,0.2,0.0,0.0,29.41995,3029.41995,1136.0433083333332,1893.3766416666667,21.435420417694154,91.28377538082826,True,31.30626125308246,2.812984569861095,0.2857142857142857,325.7097197215372,227.20866166666667,False,0.2867053723500907
1500.0,0.2,pitch,0.3,0.0,0.0,29.41995,3029.41995,1136.0433083333332,1893.3766416666667,21.435420417694154,91.28377538082826,True,31.30626125308246,2.812984569861095,0.2857142857142857,325.7097197215372,340.81299249999995,True,0.2867053723500907
1500.0,0.2,pitch,0.4,0.0,0.0,29.41995,3029.41995,1136.0433083333332,1893.3766416666667,21.435420417694154,91.28377538082826,True,31.30626125308246,2.812984569861095,0.2857142857142857,325.7097197215372,454.41732333333334,True,0.2867053723500907
1500.0,0.2,pitch,0.1,0.0,100.0,0.0,3100.0,1086.0,2014.0,17.741935483870968,96.70967741935483,True,20.225806451612904,4.631430584918957,0.2857142857142857,328.1720430107527,108.60000000000001,False,0.30218420166735976
1500.0,0.2,pitch,0.2,0.0,100.0,0.0,3100.0,1086.0,2014.0,17.741935483870968,96.70967741935483,True,20.225806451612904,4.631430584918957,0.2857142857142857,328.1720430107527,217.20000000000002,False,0.30218420166735976
1500.0,0.2,pitch,0.3,0.0,100.0,0.0,3100.0,1086.0,2014.0,17.741935483870968,96.70967741935483,True,20.225806451612904,4.631430584918957,0.2857142857142857,328.1720430107527,325.8,False,0.30218420166735976
1500.0,0.2,pitch,0.4,0.0,100.0,0.0,3100.0,1086.0,2014.0,17.741935483870968,96.70967741935483,True,20.225806451612904,4.631430584918957,0.2857142857142857,328.1720430107527,434.40000000000003,True,0.30218420166735976
1500.0,0.2,pitch,0.1,0.0,100.0,29.41995,3129.41995,1100.709975,2028.709975,19.40835401461539,97.6337133180224,True,25.225062043846172,3.740668836586331,0.2857142857142857,327.06109732358976,110.0709975,False,0.29713648894986144
1500.0,0.2,pitch,0.2,0.0,100.0,29.41995,3129.41995,1100.709975,2028.709975,19.40835401461539,97.6337133180224,True,25.225062043846172,3.740668836586331,0.2857142857142857,327.06109732358976,220.141995,False,0.29713648894986144
1500.0,0.2,pitch,0.3,0.0,100.0,29.41995,3129.41995,1100.709975,2028.709975,19.40835401461539,97.6337133180224,True,25.225062043846172,3.740668836586331,0.2857142857142857,327.06109732358976,330.2129925,True,0.29713648894986144
1500.0,0.2,pitch,0.4,0.0,100.0,29.41995,3129.41995,1100.709975,2028.709975,19.40835401461539,97.6337133180224,True,25.225062043846172,3.740668836586331,0.2857142857142857,327.06109732358976,440.28399,True,0.29713648894986144
1500.0,0.2,pitch,0.1,500.0,0.0,0.0,3500.0,1371.3333333333333,2128.6666666666665,36.2,96.65714285714286,True,75.60000000000001,1.309626348386038,0.2857142857142857,315.8666666666667,137.13333333333333,False,0.23033543996110842
1500.0,0.2,pitch,0.2,500.0,0.0,0.0,3500.0,1371.3333333333333,2128.6666666666665,36.2,96.65714285714286,True,75.60000000000001,1.309626348386038,0.2857142857142857,315.8666666666667,274.26666666666665,False,0.23033543996110842
1500.0,0.2,pitch,0.3,500.0,0.0,0.0,3500.0,1371.3333333333333,2128.6666666666665,36.2,96.65714285714286,True,75.60000000000001,1.309626348386038,0.2857142857142857,315.8666666666667,411.4,True,0.23033543996110842
1500.0,0.2,pitch,0.4,500.0,0.0,0.0,3500.0,1371.3333333333333,2128.6666666666665,36.2,96.65714285714286,True,75.60000000000001,1.309626348386038,0.2857142857142857,315.8666666666667,548.5333333333333,True,0.23033543996110842
1500.0,0.2,pitch,0.1,500.0,0.0,29.41995,3529.41995,1386.0433083333332,2143.3766416666667,37.52369854712245,97.47689283900603,True,79.57109564136735,1.2528662074859964,0.2857142857142857,314.984200968585,138.60433083333334,False,0.22725422724874456
1500.0,0.2,pitch,0.2,500.0,0.0,29.41995,3529.41995,1386.0433083333332,2143.3766416666667,37.52369854712245,97.47689283900603,True,79.57109564136735,1.2528662074859964,0.2857142857142857,314.984200968585,277.20866166666667,False,0.22725422724874456
1500.0,0.2,pitch,0.3,500.0,0.0,29.41995,3529.41995,1386.0433083333332,2143.3766416666667,37.52369854712245,97.47689283900603,True,79.57109564136735,1.2528662074859964,0.2857142857142857,314.984200968585,415.81299249999995,True,0.22725422724874456
1500.0,0.2,pitch,0.4,500.0,0.0,29.41995,3529.41995,1386.0433083333332,2143.3766416666667,37.52369854712245,97.47689283900603,True,79.57109564136735,1.2528662074859964,0.2857142857142857,314.984200968585,554.4173233333333,True,0.22725422724874456
1500.0,0.2,pitch,0.1,500.0,100.0,0.0,3600.0,1336.0,2264.0,34.02777777777778,102.02777777777777,True,69.08333333333334,1.5242797430358794,0.2857142857142857,317.3148148148148,133.6,False,0.2375110889332446
1500.0,0.2,pitch,0.2,500.0,100.0,0.0,3600.0,1336.0,2264.0,34.02777777777778,102.02777777777777,True,69.08333333333334,1.5242797430358794,0.2857142857142857,317.3148148148148,267.2,False,0.2375110889332446
1500.0,0.2,pitch,0.3,500.0,100.0,0.0,3600.0,1336.0,2264.0,34.02777777777778,102.02777777777777,True,69.08333333333334,1.5242797430358794,0.2857142857142857,317.3148148148148,400.8,True,0.2375110889332446
1500.0,0.2,pitch,0.4,500.0,100.0,0.0,3600.0,1336.0,2264.0,34.02777777777778,102.02777777777777,True,69.08333333333334,1.5242797430358794,0.2857142857142857,317.3148148148148,534.4,True,0.2375110889332446
1500.0,0.2,pitch,0.1,500.0,100.0,29.41995,3629.41995,1350.709975,2278.7099749999998,35.33261292896128,102.78140732928964,True,72.99783878688385,1.4519129912125532,0.2857142857142857,316.4449247140258,135.0709975,False,0.23428043811849822
1500.0,0.2,pitch,0.2,500.0,100.0,29.41995,3629.41995,1350.709975,2278.7099749999998,35.33261292896128,102.78140732928964,True,72.99783878688385,1.4519129912125532,0.2857142857142857,316.4449247140258,270.141995,False,0.23428043811849822
1500.0,0.2,pitch,0.3,500.0,100.0,29.41995,3629.41995,1350.709975,2278.7099749999998,35.33261292896128,102.78140732928964,True,72.99783878688385,1.4519129912125532,0.2857142857142857,316.4449247140258,405.2129925,True,0.23428043811849822
1500.0,0.2,pitch,0.4,500.0,100.0,29.41995,3629.41995,1350.709975,2278.7099749999998,35.33261292896128,102.78140732928964,True,72.99783878688385,1.4519129912125532,0.2857142857142857,316.4449247140258,540.28399,True,0.23428043811849822
1500.0,0.0,roll,0.1,0.0,0.0,0.0,3000.0,794.6666666666666,2205.3333333333335,53.06666666666667,56.93333333333333,True,126.20000000000002,0.8127863978672957,0.23809523809523808,304.62222222222226,79.46666666666667,False,0.3833333333333334
1500.0,0.0,roll,0.2,0.0,0.0,0.0,3000.0,794.6666666666666,2205.3333333333335,53.06666666666667,56.93333333333333,True,126.20000000000002,0.8127863978672957,0.23809523809523808,304.62222222222226,158.93333333333334,False,0.3833333333333334
1500.0,0.0,roll,0.3,0.0,0.0,0.0,3000.0,794.6666666666666,2205.3333333333335,53.06666666666667,56.93333333333333,True,126.20000000000002,0.8127863978672957,0.23809523809523808,304.62222222222226,238.39999999999998,False,0.3833333333333334
1500.0,0.0,roll,0.4,0.0,0.0,0.0,3000.0,794.6666666666666,2205.3333333333335,53.06666666666667,56.93333333333333,True,126.20000000000002,0.8127863978672957,0.23809523809523808,304.62222222222226,317.8666666666667,True,0.3833333333333334
1500.0,0.0,roll,0.1,0.0,0.0,29.41995,3029.41995,809.3766416666666,2220.0433083333332,54.4450399654891,58.27415583303332,True,130.3351198964673,0.7922486922680342,0.23809523809523808,303.7033066896739,80.93766416666666,False,0.37523112362655875
1500.0,0.0,roll,0.2,0.0,0.0,29.41995,3029.41995,809.3766416666666,2220.0433083333332,54.4450399654891,58.27415583303332,True,130.3351198964673,0.7922486922680342,0.23809523809523808,303.7033066896739,161.87532833333333,False,0.37523112362655875
1500.0,0.0,roll,0.3,0.0,0.0,29.41995,3029.41995,809.3766416666666,2220.0433083333332,54.4450399654891,58.27415583303332,True,130.3351198964673,0.7922486922680342,0.23809523809523808,303.7033066896739,242.81299249999998,False,0.37523112362655875
1500.0,0.0,roll,0.4,0.0,0.0,29.41995,3029.41995,809.3766416666666,2220.0433083333332,54.4450399654891,58.27415583303332,True,130.3351198964673,0.7922486922680342,0.23809523809523808,303.7033066896739,323.75065666666666,True,0.37523112362655875
1500.0,0.0,roll,0.1,0.0,100.0,0.0,3100.0,759.3333333333334,2340.6666666666665,50.0,64.45161290322581,True,117.0,0.9304975816603723,0.23809523809523808,306.6666666666667,75.93333333333334,False,0.4038630377524144
1500.0,0.0,roll,0.2,0.0,100.0,0.0,3100.0,759.3333333333334,2340.6666666666665,50.0,64.45161290322581,True,117.0,0.9304975816603723,0.23809523809523808,306.6666666666667,151.86666666666667,False,0.4038630377524144
1500.0,0.0,roll,0.3,0.0,100.0,0.0,3100.0,759.3333333333334,2340.6666666666665,50.0,64.45161290322581,True,117.0,0.9304975816603723,0.23809523809523808,306.6666666666667,227.8,False,0.4038630377524144
1500.0,0.0,roll,0.4,0.0,100.0,0.0,3100.0,759.3333333333334,2340.6666666666665,50.0,64.45161290322581,True,117.0,0.9304975816603723,0.23809523809523808,306.6666666666667,303.73333333333335,False,0.4038630377524144
1500.0,0.0,roll,0.1,0.0,100.0,29.41995,3129.41995,774.0433083333334,2355.3766416666667,51.36315765162806,65.67890968100973,True,121.08947295488417,0.9047227580121835,0.23809523809523808,305.7578948989146,77.40433083333335,False,0.3950139373432104
1500.0,0.0,roll,0.2,0.0,100.0,29.41995,3129.41995,774.0433083333334,2355.3766416666667,51.36315765162806,65.67890968100973,True,121.08947295488417,0.9047227580121835,0.23809523809523808,305.7578948989146,154.8086616666667,False,0.3950139373432104
1500.0,0.0,roll,0.3,0.0,100.0,29.41995,3129.41995,774.0433083333334,2355.3766416666667,51.36315765162806,65.67890968100973,True,121.08947295488417,0.9047227580121835,0.23809523809523808,305.7578948989146,232.21299249999998,False,0.3950139373432104
1500.0,0.0,roll,0.4,0.0,100.0,29.41995,3129.41995,774.0433083333334,2355.3766416666667,51.36315765162806,65.67890968100973,True,121.08947295488417,0.9047227580121835,0.23809523809523808,305.7578948989146,309.6173233333334,True,0.3950139373432104
1500.0,0.0,roll,0.1,500.0,0.0,0.0,3500.0,1044.6666666666665,2455.3333333333335,64.77142857142857,68.08571428571429,True,148.0,0.7022150012093444,0.23809523809523808,296.81904761904764,104.46666666666665,False,0.28412799708268766
1500.0,0.0,roll,0.2,500.0,0.0,0.0,3500.0,1044.6666666666665,2455.3333333333335,64.77142857142857,68.08571428571429,True,148.0,0.7022150012093444,0.23809523809523808,296.81904761904764,208.9333333333333,False,0.28412799708268766
1500.0,0.0,roll,0.3,500.0,0.0,0.0,3500.0,1044.6666666666665,2455.3333333333335,64.77142857142857,68.08571428571429,True,148.0,0.7022150012093444,0.23809523809523808,296.81904761904764,313.3999999999999,True,0.28412799708268766
1500.0,0.0,roll,0.4,500.0,0.0,0.0,3500.0,1044.6666666666665,2455.3333333333335,64.77142857142857,68.08571428571429,True,148.0,0.7022150012093444,0.23809523809523808,296.81904761904764,417.8666666666666,True,0.28412799708268766
1500.0,0.0,roll,0.1,500.0,0.0,29.41995,3529.41995,1059.3766416666667,2470.0433083333332,65.85696617088595,69.14362521524252,True,148.0,0.6893411687555675,0.23809523809523808,296.09535588607605,105.93766416666668,False,0.2794996078262056
1500.0,0.0,roll,0.2,500.0,0.0,29.41995,3529.41995,1059.3766416666667,2470.0433083333332,65.85696617088595,69.14362521524252,True,148.0,0.6893411687555675,0.23809523809523808,296.09535588607605,211.87532833333336,False,0.2794996078262056
1500.0,0.0,roll,0.3,500.0,0.0,29.41995,3529.41995,1059.3766416666667,2470.0433083333332,65.85696617088595,69.14362521524252,True,148.0,0.6893411687555675,0.23809523809523808,296.09535588607605,317.8129925,True,0.2794996078262056
1500.0,0.0,roll,0.4,500.0,0.0,29.41995,3529.41995,1059.3766416666667,2470.0433083333332,65.85696617088595,69.14362521524252,True,148.0,0.6893411687555675,0.23809523809523808,296.09535588607605,423.7506566666667,True,0.2794996078262056
1500.0,0.0,roll,0.1,500.0,100.0,0.0,3600.0,1009.3333333333334,2590.6666666666665,61.80555555555556,74.25,True,148.0,0.7898664692347911,0.23809523809523808,298.7962962962963,100.93333333333334,False,0.2960333186555115
1500.0,0.0,roll,0.2,500.0,100.0,0.0,3600.0,1009.3333333333334,2590.6666666666665,61.80555555555556,74.25,True,148.0,0.7898664692347911,0.23809523809523808,298.7962962962963,201.86666666666667,False,0.2960333186555115
1500.0,0.0,roll,0.3,500.0,100.0,0.0,3600.0,1009.3333333333334,2590.6666666666665,61.80555555555556,74.25,True,148.0,0.7898664692347911,0.23809523809523808,298.7962962962963,302.8,True,0.2960333186555115
1500.0,0.0,roll,0.4,500.0,100.0,0.0,3600.0,1009.3333333333334,2590.6666666666665,61.80555555555556,74.25,True,148.0,0.7898664692347911,0.23809523809523808,298.7962962962963,403.73333333333335,True,0.2960333186555115
1500.0,0.0,roll,0.1,500.0,100.0,29.41995,3629.41995,1024.0433083333332,2605.3766416666667,62.885225020598675,75.22879523765224,True,148.0,0.7764320968973984,0.23809523809523808,298.07651665293423,102.40433083333333,False,0.29107803764477924
1500.0,0.0,roll,0.2,500.0,100.0,29.41995,3629.41995,1024.0433083333332,2605.3766416666667,62.885225020598675,75.22879523765224,True,148.0,0.7764320968973984,0.23809523809523808,298.07651665293423,204.80866166666667,False,0.29107803764477924
1500.0,0.0,roll,0.3,500.0,100.0,29.41995,3629.41995,1024.0433083333332,2605.3766416666667,62.885225020598675,75.22879523765224,True,148.0,0.7764320968973984,0.23809523809523808,298.07651665293423,307.2129925,True,0.29107803764477924
1500.0,0.0,roll,0.4,500.0,100.0,29.41995,3629.41995,1024.0433083333332,2605.3766416666667,62.885225020598675,75.22879523765224,True,148.0,0.7764320968973984,0.23809523809523808,298.07651665293423,409.61732333333333,True,0.29107803764477924
1500.0,0.1,roll,0.1,0.0,0.0,0.0,3000.0,624.6666666666666,2375.3333333333335,53.06666666666667,56.93333333333333,True,126.20000000000002,0.875440730230101,0.2619047619047619,304.62222222222226,62.46666666666667,False,0.48765563856278915
1500.0,0.1,roll,0.2,0.0,0.0,0.0,3000.0,624.6666666666666,2375.3333333333335,53.06666666666667,56.93333333333333,True,126.20000000000002,0.875440730230101,0.2619047619047619,304.62222222222226,124.93333333333334,False,0.48765563856278915
1500.0,0.1,roll,0.3,0.0,0.0,0.0,3000.0,624.6666666666666,2375.3333333333335,53.06666666666667,56.93333333333333,True,126.20000000000002,0.875440730230101,0.2619047619047619,304.62222222222226,187.39999999999998,False,0.48765563856278915
1500.0,0.1,roll,0.4,0.0,0.0,0.0,3000.0,624.6666666666666,2375.3333333333335,53.06666666666667,56.93333333333333,True,126.20000000000002,0.875440730230101,0.2619047619047619,304.62222222222226,249.86666666666667,False,0.48765563856278915
1500.0,0.1,roll,0.1,0.0,0.0,29.41995,3029.41995,639.3766416666666,2390.0433083333332,54.4450399654891,58.27415583303332,True,130.3351198964673,0.8529152014212619,0.2619047619047619,303.7033066896739,63.937664166666664,False,0.4749990645545149
1500.0,0.1,roll,0.2,0.0,0.0,29.41995,3029.41995,639.3766416666666,2390.0433083333332,54.4450399654891,58.27415583303332,True,130.3351198964673,0.8529152014212619,0.2619047619047619,303.7033066896739,127.87532833333333,False,0.4749990645545149
1500.0,0.1,roll,0.3,0.0,0.0,29.41995,3029.41995,639.3766416666666,2390.0433083333332,54.4450399654891,58.27415583303332,True,130.3351198964673,0.8529152014212619,0.2619047619047619,303.7033066896739,191.81299249999998,False,0.4749990645545149
1500.0,0.1,roll,0.4,0.0,0.0,29.41995,3029.41995,639.3766416666666,2390.0433083333332,54.4450399654891,58.27415583303332,True,130.3351198964673,0.8529152014212619,0.2619047619047619,303.7033066896739,255.75065666666666,False,0.4749990645545149
1500.0,0.1,roll,0.1,0.0,100.0,0.0,3100.0,589.3333333333334,2510.6666666666665,50.0,64.45161290322581,True,117.0,0.9980785794739282,0.2619047619047619,306.6666666666667,58.93333333333334,False,0.5203619909502263
1500.0,0.1,roll,0.2,0.0,100.0,0.0,3100.0,589.3333333333334,2510.6666666666665,50.0,64.45161290322581,True,117.0,0.9980785794739282,0.2619047619047619,306.6666666666667,117.86666666666667,False,0.5203619909502263
1500.0,0.1,roll,0.3,0.0,100.0,0.0,3100.0,589.3333333333334,2510.6666666666665,50.0,64.45161290322581,True,117.0,0.9980785794739282,0.2619047619047619,306.6666666666667,176.8,False,0.5203619909502263
1500.0,0.1,roll,0.4,0.0,100.0,0.0,3100.0,589.3333333333334,2510.6666666666665,50.0,64.45161290322581,True,117.0,0.9980785794739282,0.2619047619047619,306.6666666666667,235.73333333333335,False,0.5203619909502263
1500.0,0.1,roll,0.1,0.0,100.0,29.41995,3129.41995,604.0433083333334,2525.3766416666667,51.36315765162806,65.67890968100973,True,121.08947295488417,0.9700213884483077,0.2619047619047619,305.7578948989146,60.40433083333334,False,0.5061853855190565
1500.0,0.1,roll,0.2,0.0,100.0,29.41995,3129.41995,604.0433083333334,2525.3766416666667,51.36315765162806,65.67890968100973,True,121.08947295488417,0.9700213884483077,0.2619047619047619,305.7578948989146,120.80866166666668,False,0.5061853855190565
1500.0,0.1,roll,0.3,0.0,100.0,29.41995,3129.41995,604.0433083333334,2525.3766416666667,51.36315765162806,65.67890968100973,True,121.08947295488417,0.9700213884483077,0.2619047619047619,305.7578948989146,181.2129925,False,0.5061853855190565
1500.0,0.1,roll,0.4,0.0,100.0,29.41995,3129.41995,604.0433083333334,2525.3766416666667,51.36315765162806,65.67890968100973,True,121.08947295488417,0.9700213884483077,0.2619047619047619,305.7578948989146,241.61732333333336,False,0.5061853855190565
1500.0,0.1,roll,0.1,500.0,0.0,0.0,3500.0,874.6666666666666,2625.3333333333335,64.77142857142857,68.08571428571429,True,148.0,0.7508342858437139,0.2619047619047619,296.81904761904764,87.46666666666667,False,0.3393510452961673
1500.0,0.1,roll,0.2,500.0,0.0,0.0,3500.0,874.6666666666666,2625.3333333333335,64.77142857142857,68.08571428571429,True,148.0,0.7508342858437139,0.2619047619047619,296.81904761904764,174.93333333333334,False,0.3393510452961673
1500.0,0.1,roll,0.3,500.0,0.0,0.0,3500.0,874.6666666666666,2625.3333333333335,64.77142857142857,68.08571428571429,True,148.0,0.7508342858437139,0.2619047619047619,296.81904761904764,262.4,False,0.3393510452961673
1500.0,0.1,roll,0.4,500.0,0.0,0.0,3500.0,874.6666666666666,2625.3333333333335,64.77142857142857,68.08571428571429,True,148.0,0.7508342858437139,0.2619047619047619,296.81904761904764,349.8666666666667,True,0.3393510452961673
1500.0,0.1,roll,0.1,500.0,0.0,29.41995,3529.41995,889.3766416666666,2640.0433083333332,65.85696617088595,69.14362521524252,True,148.0,0.7367848707720798,0.2619047619047619,296.09535588607605,88.93766416666666,False,0.33292459236527927
1500.0,0.1,roll,0.2,500.0,0.0,29.41995,3529.41995,889.3766416666666,2640.0433083333332,65.85696617088595,69.14362521524252,True,148.0,0.7367848707720798,0.2619047619047619,296.09535588607605,177.87532833333333,False,0.33292459236527927
1500.0,0.1,roll,0.3,500.0,0.0,29.41995,3529.41995,889.3766416666666,2640.0433083333332,65.85696617088595,69.14362521524252,True,148.0,0.7367848707720798,0.2619047619047619,296.09535588607605,266.81299249999995,False,0.33292459236527927
1500.0,0.1,roll,0.4,500.0,0.0,29.41995,3529.41995,889.3766416666666,2640.0433083333332,65.85696617088595,69.14362521524252,True,148.0,0.7367848707720798,0.2619047619047619,296.09535588607605,355.75065666666666,True,0.33292459236527927
1500.0,0.1,roll,0.1,500.0,100.0,0.0,3600.0,839.3333333333334,2760.6666666666665,61.80555555555556,74.25,True,148.0,0.841697645162447,0.2619047619047619,298.7962962962963,83.93333333333334,False,0.35599241020210043
1500.0,0.1,roll,0.2,500.0,100.0,0.0,3600.0,839.3333333333334,2760.6666666666665,61.80555555555556,74.25,True,148.0,0.841697645162447,0.2619047619047619,298.7962962962963,167.86666666666667,False,0.35599241020210043
1500.0,0.1,roll,0.3,500.0,100.0,0.0,3600.0,839.3333333333334,2760.6666666666665,61.80555555555556,74.25,True,148.0,0.841697645162447,0.2619047619047619,298.7962962962963,251.8,False,0.35599241020210043
1500.0,0.1,roll,0.4,500.0,100.0,0.0,3600.0,839.3333333333334,2760.6666666666665,61.80555555555556,74.25,True,148.0,0.841697645162447,0.2619047619047619,298.7962962962963,335.73333333333335,True,0.35599241020210043
1500.0,0.1,roll,0.1,500.0,100.0,29.41995,3629.41995,854.0433083333334,2775.3766416666667,62.885225020598675,75.22879523765224,True,148.0,0.827094045101602,0.2619047619047619,298.07651665293423,85.40433083333335,False,0.34901803426647177
1500.0,0.1,roll,0.2,500.0,100.0,29.41995,3629.41995,854.0433083333334,2775.3766416666667,62.885225020598675,75.22879523765224,True,148.0,0.827094045101602,0.2619047619047619,298.07651665293423,170.8086616666667,False,0.34901803426647177
1500.0,0.1,roll,0.3,500.0,100.0,29.41995,3629.41995,854.0433083333334,2775.3766416666667,62.885225020598675,75.22879523765224,True,148.0,0.827094045101602,0.2619047619047619,298.07651665293423,256.2129925,False,0.34901803426647177
1500.0,0.1,roll,0.4,500.0,100.0,29.41995,3629.41995,854.0433083333334,2775.3766416666667,62.885225020598675,75.22879523765224,True,148.0,0.827094045101602,0.2619047619047619,298.07651665293423,341.6173233333334,True,0.34901803426647177
1500.0,0.2,roll,0.1,0.0,0.0,0.0,3000.0,454.66666666666674,2545.333333333333,53.06666666666667,56.93333333333333,True,126.20000000000002,0.9380950625929063,0.2857142857142857,304.62222222222226,45.466666666666676,False,0.6699902248289344
1500.0,0.2,roll,0.2,0.0,0.0,0.0,3000.0,454.66666666666674,2545.333333333333,53.06666666666667,56.93333333333333,True,126.20000000000002,0.9380950625929063,0.2857142857142857,304.62222222222226,90.93333333333335,False,0.6699902248289344
1500.0,0.2,roll,0.3,0.0,0.0,0.0,3000.0,454.66666666666674,2545.333333333333,53.06666666666667,56.93333333333333,True,126.20000000000002,0.9380950625929063,0.2857142857142857,304.62222222222226,136.4,False,0.6699902248289344
1500.0,0.2,roll,0.4,0.0,0.0,0.0,3000.0,454.66666666666674,2545.333333333333,53.06666666666667,56.93333333333333,True,126.20000000000002,0.9380950625929063,0.2857142857142857,304.62222222222226,181.8666666666667,False,0.6699902248289344
1500.0,0.2,roll,0.1,0.0,0.0,29.41995,3029.41995,469.3766416666667,2560.0433083333332,54.4450399654891,58.27415583303332,True,130.3351198964673,0.9135817105744893,0.2857142857142857,303.7033066896739,46.93766416666668,False,0.6470354076659663
1500.0,0.2,roll,0.2,0.0,0.0,29.41995,3029.41995,469.3766416666667,2560.0433083333332,54.4450399654891,58.27415583303332,True,130.3351198964673,0.9135817105744893,0.2857142857142857,303.7033066896739,93.87532833333336,False,0.6470354076659663
1500.0,0.2,roll,0.3,0.0,0.0,29.41995,3029.41995,469.3766416666667,2560.0433083333332,54.4450399654891,58.27415583303332,True,130.3351198964673,0.9135817105744893,0.2857142857142857,303.7033066896739,140.8129925,False,0.6470354076659663
1500.0,0.2,roll,0.4,0.0,0.0,29.41995,3029.41995,469.3766416666667,2560.0433083333332,54.4450399654891,58.27415583303332,True,130.3351198964673,0.9135817105744893,0.2857142857142857,303.7033066896739,187.7506566666667,False,0.6470354076659663
1500.0,0.2,roll,0.1,0.0,100.0,0.0,3100.0,419.33333333333326,2680.666666666667,50.0,64.45161290322581,True,117.0,1.0656595772874844,0.2857142857142857,306.6666666666667,41.93333333333333,False,0.7313195548489668
1500.0,0.2,roll,0.2,0.0,100.0,0.0,3100.0,419.33333333333326,2680.666666666667,50.0,64.45161290322581,True,117.0,1.0656595772874844,0.2857142857142857,306.6666666666667,83.86666666666666,False,0.7313195548489668
1500.0,0.2,roll,0.3,0.0,100.0,0.0,3100.0,419.33333333333326,2680.666666666667,50.0,64.45161290322581,True,117.0,1.0656595772874844,0.2857142857142857,306.6666666666667,125.79999999999997,False,0.7313195548489668
1500.0,0.2,roll,0.4,0.0,100.0,0.0,3100.0,419.33333333333326,2680.666666666667,50.0,64.45161290322581,True,117.0,1.0656595772874844,0.2857142857142857,306.6666666666667,167.73333333333332,False,0.7313195548489668
1500.0,0.2,roll,0.1,0.0,100.0,29.41995,3129.41995,434.04330833333324,2695.3766416666667,51.36315765162806,65.67890968100973,True,121.08947295488417,1.035320018884432,0.2857142857142857,305.7578948989146,43.404330833333326,False,0.7044409832580601
1500.0,0.2,roll,0.2,0.0,100.0,29.41995,3129.41995,434.04330833333324,2695.3766416666667,51.36315765162806,65.67890968100973,True,121.08947295488417,1.035320018884432,0.2857142857142857,305.7578948989146,86.80866166666665,False,0.7044409832580601
1500.0,0.2,roll,0.3,0.0,100.0,29.41995,3129.41995,434.04330833333324,2695.3766416666667,51.36315765162806,65.67890968100973,True,121.08947295488417,1.035320018884432,0.2857142857142857,305.7578948989146,130.21299249999996,False,0.7044409832580601
1500.0,0.2,roll,0.4,0.0,100.0,29.41995,3129.41995,434.04330833333324,2695.3766416666667,51.36315765162806,65.67890968100973,True,121.08947295488417,1.035320018884432,0.2857142857142857,305.7578948989146,173.6173233333333,False,0.7044409832580601
1500.0,0.2,roll,0.1,500.0,0.0,0.0,3500.0,704.6666666666667,2795.333333333333,64.77142857142857,68.08571428571429,True,148.0,0.7994535704780833,0.2857142857142857,296.81904761904764,70.46666666666668,False,0.42121908365995403
1500.0,0.2,roll,0.2,500.0,0.0,0.0,3500.0,704.6666666666667,2795.333333333333,64.77142857142857,68.08571428571429,True,148.0,0.7994535704780833,0.2857142857142857,296.81904761904764,140.93333333333337,False,0.42121908365995403
1500.0,0.2,roll,0.3,500.0,0.0,0.0,3500.0,704.6666666666667,2795.333333333333,64.77142857142857,68.08571428571429,True,148.0,0.7994535704780833,0.2857142857142857,296.81904761904764,211.4,False,0.42121908365995403
1500.0,0.2,roll,0.4,500.0,0.0,0.0,3500.0,704.6666666666667,2795.333333333333,64.77142857142857,68.08571428571429,True,148.0,0.7994535704780833,0.2857142857142857,296.81904761904764,281.86666666666673,False,0.42121908365995403
1500.0,0.2,roll,0.1,500.0,0.0,29.41995,3529.41995,719.3766416666667,2810.0433083333332,65.85696617088595,69.14362521524252,True,148.0,0.7842285727885918,0.2857142857142857,296.09535588607605,71.93766416666668,False,0.4115999029382942
1500.0,0.2,roll,0.2,500.0,0.0,29.41995,3529.41995,719.3766416666667,2810.0433083333332,65.85696617088595,69.14362521524252,True,148.0,0.7842285727885918,0.2857142857142857,296.09535588607605,143.87532833333336,False,0.4115999029382942
1500.0,0.2,roll,0.3,500.0,0.0,29.41995,3529.41995,719.3766416666667,2810.0433083333332,65.85696617088595,69.14362521524252,True,148.0,0.7842285727885918,0.2857142857142857,296.09535588607605,215.8129925,False,0.4115999029382942
1500.0,0.2,roll,0.4,500.0,0.0,29.41995,3529.41995,719.3766416666667,2810.0433083333332,65.85696617088595,69.14362521524252,True,148.0,0.7842285727885918,0.2857142857142857,296.09535588607605,287.7506566666667,False,0.4115999029382942
1500.0,0.2,roll,0.1,500.0,100.0,0.0,3600.0,669.3333333333333,2930.666666666667,61.80555555555556,74.25,True,148.0,0.8935288210901033,0.2857142857142857,298.7962962962963,66.93333333333332,False,0.44640880920761405
1500.0,0.2,roll,0.2,500.0,100.0,0.0,3600.0,669.3333333333333,2930.666666666667,61.80555555555556,74.25,True,148.0,0.8935288210901033,0.2857142857142857,298.7962962962963,133.86666666666665,False,0.44640880920761405
1500.0,0.2,roll,0.3,500.0,100.0,0.0,3600.0,669.3333333333333,2930.666666666667,61.80555555555556,74.25,True,148.0,0.8935288210901033,0.2857142857142857,298.7962962962963,200.79999999999998,False,0.44640880920761405
1500.0,0.2,roll,0.4,500.0,100.0,0.0,3600.0,669.3333333333333,2930.666666666667,61.80555555555556,74.25,True,148.0,0.8935288210901033,0.2857142857142857,298.7962962962963,267.7333333333333,False,0.44640880920761405
1500.0,0.2,roll,0.1,500.0,100.0,29.41995,3629.41995,684.0433083333332,2945.3766416666667,62.885225020598675,75.22879523765224,True,148.0,0.8777559933058052,0.2857142857142857,298.07651665293423,68.40433083333333,False,0.4357567905739705
1500.0,0.2,roll,0.2,500.0,100.0,29.41995,3629.41995,684.0433083333332,2945.3766416666667,62.885225020598675,75.22879523765224,True,148.0,0.8777559933058052,0.2857142857142857,298.07651665293423,136.80866166666667,False,0.4357567905739705
1500.0,0.2,roll,0.3,500.0,100.0,29.41995,3629.41995,684.0433083333332,2945.3766416666667,62.885225020598675,75.22879523765224,True,148.0,0.8777559933058052,0.2857142857142857,298.07651665293423,205.21299249999996,False,0.4357567905739705
1500.0,0.2,roll,0.4,500.0,100.0,29.41995,3629.41995,684.0433083333332,2945.3766416666667,62.885225020598675,75.22879523765224,True,148.0,0.8777559933058052,0.2857142857142857,298.07651665293423,273.61732333333333,False,0.4357567905739705
2000.0,0.0,pitch,0.1,0.0,0.0,0.0,4000.0,1961.3333333333333,2038.6666666666667,28.55,81.45,True,52.650000000000006,1.800982059379992,0.31746031746031744,320.96666666666664,196.13333333333333,False,0.1636471787899388
2000.0,0.0,pitch,0.2,0.0,0.0,0.0,4000.0,1961.3333333333333,2038.6666666666667,28.55,81.45,True,52.650000000000006,1.800982059379992,0.31746031746031744,320.96666666666664,392.26666666666665,True,0.1636471787899388
2000.0,0.0,pitch,0.3,0.0,0.0,0.0,4000.0,1961.3333333333333,2038.6666666666667,28.55,81.45,True,52.650000000000006,1.800982059379992,0.31746031746031744,320.96666666666664,588.4,True,0.1636471787899388
2000.0,0.0,pitch,0.4,0.0,0.0,0.0,4000.0,1961.3333333333333,2038.6666666666667,28.55,81.45,True,52.650000000000006,1.800982059379992,0.31746031746031744,320.96666666666664,784.5333333333333,True,0.1636471787899388
2000.0,0.0,pitch,0.1,0.0,0.0,29.41995,4029.41995,1976.0433083333332,2053.3766416666667,29.765299159249956,82.2790610966226,True,56.29589747774986,1.6964982279183813,0.31746031746031744,320.1564672271667,197.60433083333334,False,0.1620189526601005
2000.0,0.0,pitch,0.2,0.0,0.0,29.41995,4029.41995,1976.0433083333332,2053.3766416666667,29.765299159249956,82.2790610966226,True,56.29589747774986,1.6964982279183813,0.31746031746031744,320.1564672271667,395.20866166666667,True,0.1620189526601005
2000.0,0.0,pitch,0.3,0.0,0.0,29.41995,4029.41995,1976.0433083333332,2053.3766416666667,29.765299159249956,82.2790610966226,True,56.29589747774986,1.6964982279183813,0.31746031746031744,320.1564672271667,592.8129925,True,0.1620189526601005
2000.0,0.0,pitch,0.4,0.0,0.0,29.41995,4029.41995,1976.0433083333332,2053.3766416666667,29.765299159249956,82.2790610966226,True,56.29589747774986,1.6964982279183813,0.31746031746031744,320.1564672271667,790.4173233333333,True,0.1620189526601005
2000.0,0.0,pitch,0.1,0.0,100.0,0.0,4100.0,1926.0,2174.0,26.829268292682926,86.53658536585365,True,47.48780487804878,2.129310447796849,0.31746031746031744,322.1138211382114,192.60000000000002,False,0.16724497463043167
2000.0,0.0,pitch,0.2,0.0,100.0,0.0,4100.0,1926.0,2174.0,26.829268292682926,86.53658536585365,True,47.48780487804878,2.129310447796849,0.31746031746031744,322.1138211382114,385.20000000000005,True,0.16724497463043167
2000.0,0.0,pitch,0.3,0.0,100.0,0.0,4100.0,1926.0,2174.0,26.829268292682926,86.53658536585365,True,47.48780487804878,2.129310447796849,0.31746031746031744,322.1138211382114,577.8,True,0.16724497463043167
2000.0,0.0,pitch,0.4,0.0,100.0,0.0,4100.0,1926.0,2174.0,26.829268292682926,86.53658536585365,True,47.48780487804878,2.129310447796849,0.31746031746031744,322.1138211382114,770.4000000000001,True,0.16724497463043167
2000.0,0.0,pitch,0.1,0.0,100.0,29.41995,4129.41995,1940.7099750000002,2188.709975,28.02739649911363,87.30933027288735,True,51.08218949734089,1.992875891875928,0.31746031746031744,321.3150690005909,194.07099750000003,False,0.16556573271624
2000.0,0.0,pitch,0.2,0.0,100.0,29.41995,4129.41995,1940.7099750000002,2188.709975,28.02739649911363,87.30933027288735,True,51.08218949734089,1.992875891875928,0.31746031746031744,321.3150690005909,388.14199500000007,True,0.16556573271624
2000.0,0.0,pitch,0.3,0.0,100.0,29.41995,4129.41995,1940.7099750000002,2188.709975,28.02739649911363,87.30933027288735,True,51.08218949734089,1.992875891875928,0.31746031746031744,321.3150690005909,582.2129925,True,0.16556573271624
2000.0,0.0,pitch,0.4,0.0,100.0,29.41995,4129.41995,1940.7099750000002,2188.709975,28.02739649911363,87.30933027288735,True,51.08218949734089,1.992875891875928,0.31746031746031744,321.3150690005909,776.2839900000001,True,0.16556573271624
2000.0,0.0,pitch,0.1,500.0,0.0,0.0,4500.0,2211.3333333333335,2288.6666666666665,40.37777777777778,87.4,True,88.13333333333334,1.207824649051824,0.31746031746031744,313.08148148148143,221.13333333333335,False,0.1415804106789937
2000.0,0.0,pitch,0.2,500.0,0.0,0.0,4500.0,2211.3333333333335,2288.6666666666665,40.37777777777778,87.4,True,88.13333333333334,1.207824649051824,0.31746031746031744,313.08148148148143,442.2666666666667,True,0.1415804106789937
2000.0,0.0,pitch,0.3,500.0,0.0,0.0,4500.0,2211.3333333333335,2288.6666666666665,40.37777777777778,87.4,True,88.13333333333334,1.207824649051824,0.31746031746031744,313.08148148148143,663.4,True,0.1415804106789937
2000.0,0.0,pitch,0.4,500.0,0.0,0.0,4500.0,2211.3333333333335,2288.6666666666665,40.37777777777778,87.4,True,88.13333333333334,1.207824649051824,0.31746031746031744,313.08148148148143,884.5333333333334,True,0.1415804106789937
2000.0,0.0,pitch,0.1,500.0,0.0,29.41995,4529.4199499999995,2226.0433083333332,2303.3766416666663,41.38209579131651,88.09889448427056,True,91.14628737394952,1.1754049492688559,0.31746031746031744,312.4119361391223,222.60433083333334,False,0.14034405124535923
2000.0,0.0,pitch,0.2,500.0,0.0,29.41995,4529.4199499999995,2226.0433083333332,2303.3766416666663,41.38209579131651,88.09889448427056,True,91.14628737394952,1.1754049492688559,0.31746031746031744,312.4119361391223,445.20866166666667,True,0.14034405124535923
2000.0,0.0,pitch,0.3,500.0,0.0,29.41995,4529.4199499999995,2226.0433083333332,2303.3766416666663,41.38209579131651,88.09889448427056,True,91.14628737394952,1.1754049492688559,0.31746031746031744,312.4119361391223,667.8129925,True,0.14034405124535923
2000.0,0.0,pitch,0.4,500.0,0.0,29.41995,4529.4199499999995,2226.0433083333332,2303.3766416666663,41.38209579131651,88.09889448427056,True,91.14628737394952,1.1754049492688559,0.31746031746031744,312.4119361391223,890.4173233333333,True,0.14034405124535923
2000.0,0.0,pitch,0.1,500.0,100.0,0.0,4600.0,2176.0,2424.0,38.58695652173913,91.80434782608695,True,82.7608695652174,1.3622885626844061,0.31746031746031744,314.27536231884056,217.60000000000002,False,0.144428015771526
2000.0,0.0,pitch,0.2,500.0,100.0,0.0,4600.0,2176.0,2424.0,38.58695652173913,91.80434782608695,True,82.7608695652174,1.3622885626844061,0.31746031746031744,314.27536231884056,435.20000000000005,True,0.144428015771526
2000.0,0.0,pitch,0.3,500.0,100.0,0.0,4600.0,2176.0,2424.0,38.58695652173913,91.80434782608695,True,82.7608695652174,1.3622885626844061,0.31746031746031744,314.27536231884056,652.8,True,0.144428015771526
2000.0,0.0,pitch,0.4,500.0,100.0,0.0,4600.0,2176.0,2424.0,38.58695652173913,91.80434782608695,True,82.7608695652174,1.3622885626844061,0.31746031746031744,314.27536231884056,870.4000000000001,True,0.144428015771526
2000.0,0.0,pitch,0.1,500.0,100.0,29.41995,4629.4199499999995,2190.7099749999998,2438.7099749999998,39.58096094738608,92.46015588842832,True,85.74288284215825,1.3228896343389778,0.31746031746031744,313.6126927017426,219.07099749999998,False,0.14315573320094216
2000.0,0.0,pitch,0.2,500.0,100.0,29.41995,4629.4199499999995,2190.7099749999998,2438.7099749999998,39.58096094738608,92.46015588842832,True,85.74288284215825,1.3228896343389778,0.31746031746031744,313.6126927017426,438.14199499999995,True,0.14315573320094216
2000.0,0.0,pitch,0.3,500.0,100.0,29.41995,4629.4199499999995,2190.7099749999998,2438.7099749999998,39.58096094738608,92.46015588842832,True,85.74288284215825,1.3228896343389778,0.31746031746031744,313.6126927017426,657.2129924999999,True,0.14315573320094216
2000.0,0.0,pitch,0.4,500.0,100.0,29.41995,4629.4199499999995,2190.7099749999998,2438.7099749999998,39.58096094738608,92.46015588842832,True,85.74288284215825,1.3228896343389778,0.31746031746031744,313.6126927017426,876.2839899999999,True,0.14315573320094216
2000.0,0.1,pitch,0.1,0.0,0.0,0.0,4000.0,1734.6666666666667,2265.3333333333335,28.55,81.45,True,52.650000000000006,2.0012220529016393,0.3492063492063492,320.96666666666664,173.4666666666667,False,0.18503074558032281
2000.0,0.1,pitch,0.2,0.0,0.0,0.0,4000.0,1734.6666666666667,2265.3333333333335,28.55,81.45,True,52.650000000000006,2.0012220529016393,0.3492063492063492,320.96666666666664,346.9333333333334,True,0.18503074558032281
2000.0,0.1,pitch,0.3,0.0,0.0,0.0,4000.0,1734.6666666666667,2265.3333333333335,28.55,81.45,True,52.650000000000006,2.0012220529016393,0.3492063492063492,320.96666666666664,520.4,True,0.18503074558032281
2000.0,0.1,pitch,0.4,0.0,0.0,0.0,4000.0,1734.6666666666667,2265.3333333333335,28.55,81.45,True,52.650000000000006,2.0012220529016393,0.3492063492063492,320.96666666666664,693.8666666666668,True,0.18503074558032281
2000.0,0.1,pitch,0.1,0.0,0.0,29.41995,4029.41995,1749.3766416666667,2280.0433083333332,29.765299159249956,82.2790610966226,True,56.29589747774986,1.883770056439839,0.3492063492063492,320.1564672271667,174.93766416666668,False,0.18301174235534956
2000.0,0.1,pitch,0.2,0.0,0.0,29.41995,4029.41995,1749.3766416666667,2280.0433083333332,29.765299159249956,82.2790610966226,True,56.29589747774986,1.883770056439839,0.3492063492063492,320.1564672271667,349.87532833333336,True,0.18301174235534956
2000.0,0.1,pitch,0.3,0.0,0.0,29.41995,4029.41995,1749.3766416666667,2280.0433083333332,29.765299159249956,82.2790610966226,True,56.29589747774986,1.883770056439839,0.3492063492063492,320.1564672271667,524.8129925,True,0.18301174235534956
2000.0,0.1,pitch,0.4,0.0,0.0,29.41995,4029.41995,1749.3766416666667,2280.0433083333332,29.765299159249956,82.2790610966226,True,56.29589747774986,1.883770056439839,0.3492063492063492,320.1564672271667,699.7506566666667,True,0.18301174235534956
2000.0,0.1,pitch,0.1,0.0,100.0,0.0,4100.0,1699.3333333333333,2400.6666666666665,26.829268292682926,86.53658536585365,True,47.48780487804878,2.351317670198238,0.3492063492063492,322.1138211382114,169.93333333333334,False,0.18955305284712323
2000.0,0.1,pitch,0.2,0.0,100.0,0.0,4100.0,1699.3333333333333,2400.6666666666665,26.829268292682926,86.53658536585365,True,47.48780487804878,2.351317670198238,0.3492063492063492,322.1138211382114,339.8666666666667,True,0.18955305284712323
2000.0,0.1,pitch,0.3,0.0,100.0,0.0,4100.0,1699.3333333333333,2400.6666666666665,26.829268292682926,86.53658536585365,True,47.48780487804878,2.351317670198238,0.3492063492063492,322.1138211382114,509.79999999999995,True,0.18955305284712323
2000.0,0.1,pitch,0.4,0.0,100.0,0.0,4100.0,1699.3333333333333,2400.6666666666665,26.829268292682926,86.53658536585365,True,47.48780487804878,2.351317670198238,0.3492063492063492,322.1138211382114,679.7333333333333,True,0.18955305284712323
2000.0,0.1,pitch,0.1,0.0,100.0,29.41995,4129.41995,1714.0433083333335,2415.3766416666667,28.02739649911363,87.30933027288735,True,51.08218949734089,2.199261635373934,0.3492063492063492,321.3150690005909,171.40433083333335,False,0.18746029778735562
2000.0,0.1,pitch,0.2,0.0,100.0,29.41995,4129.41995,1714.0433083333335,2415.3766416666667,28.02739649911363,87.30933027288735,True,51.08218949734089,2.199261635373934,0.3492063492063492,321.3150690005909,342.8086616666667,True,0.18746029778735562
2000.0,0.1,pitch,0.3,0.0,100.0,29.41995,4129.41995,1714.0433083333335,2415.3766416666667,28.02739649911363,87.30933027288735,True,51.08218949734089,2.199261635373934,0.3492063492063492,321.3150690005909,514.2129925,True,0.18746029778735562
2000.0,0.1,pitch,0.4,0.0,100.0,29.41995,4129.41995,1714.0433083333335,2415.3766416666667,28.02739649911363,87.30933027288735,True,51.08218949734089,2.199261635373934,0.3492063492063492,321.3150690005909,685.6173233333334,True,0.18746029778735562
2000.0,0.1,pitch,0.1,500.0,0.0,0.0,4500.0,1984.6666666666667,2515.3333333333335,40.37777777777778,87.4,True,88.13333333333334,1.3274460823980578,0.3492063492063492,313.08148148148143,198.4666666666667,False,0.15775015862352104
2000.0,0.1,pitch,0.2,500.0,0.0,0.0,4500.0,1984.6666666666667,2515.3333333333335,40.37777777777778,87.4,True,88.13333333333334,1.3274460823980578,0.3492063492063492,313.08148148148143,396.9333333333334,True,0.15775015862352104
2000.0,0.1,pitch,0.3,500.0,0.0,0.0,4500.0,1984.6666666666667,2515.3333333333335,40.37777777777778,87.4,True,88.13333333333334,1.3274460823980578,0.3492063492063492,313.08148148148143,595.4,True,0.15775015862352104
2000.0,0.1,pitch,0.4,500.0,0.0,0.0,4500.0,1984.6666666666667,2515.3333333333335,40.37777777777778,87.4,True,88.13333333333334,1.3274460823980578,0.3492063492063492,313.08148148148143,793.8666666666668,True,0.15775015862352104
2000.0,0.1,pitch,0.1,500.0,0.0,29.41995,4529.4199499999995,1999.3766416666665,2530.0433083333332,41.38209579131651,88.09889448427056,True,91.14628737394952,1.2910721471620739,0.3492063492063492,312.4119361391223,199.93766416666665,False,0.1562546693947059
2000.0,0.1,pitch,0.2,500.0,0.0,29.41995,4529.4199499999995,1999.3766416666665,2530.0433083333332,41.38209579131651,88.09889448427056,True,91.14628737394952,1.2910721471620739,0.3492063492063492,312.4119361391223,399.8753283333333,True,0.1562546693947059
2000.0,0.1,pitch,0.3,500.0,0.0,29.41995,4529.4199499999995,1999.3766416666665,2530.0433083333332,41.38209579131651,88.09889448427056,True,91.14628737394952,1.2910721471620739,0.3492063492063492,312.4119361391223,599.8129925,True,0.1562546693947059
2000.0,0.1,pitch,0.4,500.0,0.0,29.41995,4529.4199499999995,1999.3766416666665,2530.0433083333332,41.38209579131651,88.09889448427056,True,91.14628737394952,1.2910721471620739,0.3492063492063492,312.4119361391223,799.7506566666666,True,0.1562546693947059
2000.0,0.1,pitch,0.1,500.0,100.0,0.0,4600.0,1949.3333333333333,2650.6666666666665,38.58695652173913,91.80434782608695,True,82.7608695652174,1.4896752819673262,0.3492063492063492,314.27536231884056,194.93333333333334,False,0.16122197109379646
2000.0,0.1,pitch,0.2,500.0,100.0,0.0,4600.0,1949.3333333333333,2650.6666666666665,38.58695652173913,91.80434782608695,True,82.7608695652174,1.4896752819673262,0.3492063492063492,314.27536231884056,389.8666666666667,True,0.16122197109379646
2000.0,0.1,pitch,0.3,500.0,100.0,0.0,4600.0,1949.3333333333333,2650.6666666666665,38.58695652173913,91.80434782608695,True,82.7608695652174,1.4896752819673262,0.3492063492063492,314.27536231884056,584.8,True,0.16122197109379646
2000.0,0.1,pitch,0.4,500.0,100.0,0.0,4600.0,1949.3333333333333,2650.6666666666665,38.58695652173913,91.80434782608695,True,82.7608695652174,1.4896752819673262,0.3492063492063492,314.27536231884056,779.7333333333333,True,0.16122197109379646
2000.0,0.1,pitch,0.1,500.0,100.0,29.41995,4629.4199499999995,1964.043308333333,2665.3766416666663,39.58096094738608,92.46015588842832,True,85.74288284215825,1.4458460280296634,0.3492063492063492,313.6126927017426,196.40433083333332,False,0.15967707604567596
2000.0,0.1,pitch,0.2,500.0,100.0,29.41995,4629.4199499999995,1964.043308333333,2665.3766416666663,39.58096094738608,92.46015588842832,True,85.74288284215825,1.4458460280296634,0.3492063492063492,313.6126927017426,392.80866166666664,True,0.15967707604567596
2000.0,0.1,pitch,0.3,500.0,100.0,29.41995,4629.4199499999995,1964.043308333333,2665.3766416666663,39.58096094738608,92.46015588842832,True,85.74288284215825,1.4458460280296634,0.3492063492063492,313.6126927017426,589.2129924999999,True,0.15967707604567596
2000.0,0.1,pitch,0.4,500.0,100.0,29.41995,4629.4199499999995,1964.043308333333,2665.3766416666663,39.58096094738608,92.46015588842832,True,85.74288284215825,1.4458460280296634,0.3492063492063492,313.6126927017426,785.6173233333333,True,0.15967707604567596
2000.0,0.2,pitch,0.1,0.0,0.0,0.0,4000.0,1508.0,2492.0,28.55,81.45,True,52.650000000000006,2.2014620464232864,0.38095238095238093,320.96666666666664,150.8,False,0.21284261715296196
2000.0,0.2,pitch,0.2,0.0,0.0,0.0,4000.0,1508.0,2492.0,28.55,81.45,True,52.650000000000006,2.2014620464232864,0.38095238095238093,320.96666666666664,301.6,False,0.21284261715296196
2000.0,0.2,pitch,0.3,0.0,0.0,0.0,4000.0,1508.0,2492.0,28.55,81.45,True,52.650000000000006,2.2014620464232864,0.38095238095238093,320.96666666666664,452.4,True,0.21284261715296196
2000.0,0.2,pitch,0.4,0.0,0.0,0.0,4000.0,1508.0,2492.0,28.55,81.45,True,52.650000000000006,2.2014620464232864,0.38095238095238093,320.96666666666664,603.2,True,0.21284261715296196
2000.0,0.2,pitch,0.1,0.0,0.0,29.41995,4029.41995,1522.709975,2506.7099749999998,29.765299159249956,82.2790610966226,True,56.29589747774986,2.0710418849612964,0.38095238095238093,320.1564672271667,152.2709975,False,0.2102543967554732
2000.0,0.2,pitch,0.2,0.0,0.0,29.41995,4029.41995,1522.709975,2506.7099749999998,29.765299159249956,82.2790610966226,True,56.29589747774986,2.0710418849612964,0.38095238095238093,320.1564672271667,304.541995,False,0.2102543967554732
2000.0,0.2,pitch,0.3,0.0,0.0,29.41995,4029.41995,1522.709975,2506.7099749999998,29.765299159249956,82.2790610966226,True,56.29589747774986,2.0710418849612964,0.38095238095238093,320.1564672271667,456.8129925,True,0.2102543967554732
2000.0,0.2,pitch,0.4,0.0,0.0,29.41995,4029.41995,1522.709975,2506.7099749999998,29.765299159249956,82.2790610966226,True,56.29589747774986,2.0710418849612964,0.38095238095238093,320.1564672271667,609.08399,True,0.2102543967554732
2000.0,0.2,pitch,0.1,0.0,100.0,0.0,4100.0,1472.6666666666665,2627.3333333333335,26.829268292682926,86.53658536585365,True,47.48780487804878,2.5733248925996275,0.38095238095238093,322.1138211382114,147.26666666666665,False,0.21872826242974971
2000.0,0.2,pitch,0.2,0.0,100.0,0.0,4100.0,1472.6666666666665,2627.3333333333335,26.829268292682926,86.53658536585365,True,47.48780487804878,2.5733248925996275,0.38095238095238093,322.1138211382114,294.5333333333333,False,0.21872826242974971
2000.0,0.2,pitch,0.3,0.0,100.0,0.0,4100.0,1472.6666666666665,2627.3333333333335,26.829268292682926,86.53658536585365,True,47.48780487804878,2.5733248925996275,0.38095238095238093,322.1138211382114,441.79999999999995,True,0.21872826242974971
2000.0,0.2,pitch,0.4,0.0,100.0,0.0,4100.0,1472.6666666666665,2627.3333333333335,26.829268292682926,86.53658536585365,True,47.48780487804878,2.5733248925996275,0.38095238095238093,322.1138211382114,589.0666666666666,True,0.21872826242974971
2000.0,0.2,pitch,0.1,0.0,100.0,29.41995,4129.41995,1487.3766416666667,2642.0433083333337,28.02739649911363,87.30933027288735,True,51.08218949734089,2.4056473788719392,0.38095238095238093,321.3150690005909,148.7376641666667,False,0.21602804562033737
2000.0,0.2,pitch,0.2,0.0,100.0,29.41995,4129.41995,1487.3766416666667,2642.0433083333337,28.02739649911363,87.30933027288735,True,51.08218949734089,2.4056473788719392,0.38095238095238093,321.3150690005909,297.4753283333334,False,0.21602804562033737
2000.0,0.2,pitch,0.3,0.0,100.0,29.41995,4129.41995,1487.3766416666667,2642.0433083333337,28.02739649911363,87.30933027288735,True,51.08218949734089,2.4056473788719392,0.38095238095238093,321.3150690005909,446.2129925,True,0.21602804562033737
2000.0,0.2,pitch,0.4,0.0,100.0,29.41995,4129.41995,1487.3766416666667,2642.0433083333337,28.02739649911363,87.30933027288735,True,51.08218949734089,2.4056473788719392,0.38095238095238093,321.3150690005909,594.9506566666668,True,0.21602804562033737
2000.0,0.2,pitch,0.1,500.0,0.0,0.0,4500.0,1758.0,2742.0,40.37777777777778,87.4,True,88.13333333333334,1.4470675157442916,0.38095238095238093,313.08148148148143,175.8,False,0.17808957990983015
2000.0,0.2,pitch,0.2,500.0,0.0,0.0,4500.0,1758.0,2742.0,40.37777777777778,87.4,True,88.13333333333334,1.4470675157442916,0.38095238095238093,313.08148148148143,351.6,True,0.17808957990983015
2000.0,0.2,pitch,0.3,500.0,0.0,0.0,4500.0,1758.0,2742.0,40.37777777777778,87.4,True,88.13333333333334,1.4470675157442916,0.38095238095238093,313.08148148148143,527.4,True,0.17808957990983015
2000.0,0.2,pitch,0.4,500.0,0.0,0.0,4500.0,1758.0,2742.0,40.37777777777778,87.4,True,88.13333333333334,1.4470675157442916,0.38095238095238093,313.08148148148143,703.2,True,0.17808957990983015
2000.0,0.2,pitch,0.1,500.0,0.0,29.41995,4529.4199499999995,1772.7099749999998,2756.7099749999998,41.38209579131651,88.09889448427056,True,91.14628737394952,1.4067393450552914,0.38095238095238093,312.4119361391223,177.2709975,False,0.17623409387038755
2000.0,0.2,pitch,0.2,500.0,0.0,29.41995,4529.4199499999995,1772.7099749999998,2756.7099749999998,41.38209579131651,88.09889448427056,True,91.14628737394952,1.4067393450552914,0.38095238095238093,312.4119361391223,354.541995,True,0.17623409387038755
2000.0,0.2,pitch,0.3,500.0,0.0,29.41995,4529.4199499999995,1772.7099749999998,2756.7099749999998,41.38209579131651,88.09889448427056,True,91.14628737394952,1.4067393450552914,0.38095238095238093,312.4119361391223,531.8129925,True,0.17623409387038755
2000.0,0.2,pitch,0.4,500.0,0.0,29.41995,4529.4199499999995,1772.7099749999998,2756.7099749999998,41.38209579131651,88.09889448427056,True,91.14628737394952,1.4067393450552914,0.38095238095238093,312.4119361391223,709.08399,True,0.17623409387038755
2000.0,0.2,pitch,0.1,500.0,100.0,0.0,4600.0,1722.6666666666665,2877.3333333333335,38.58695652173913,91.80434782608695,True,82.7608695652174,1.6170620012502466,0.38095238095238093,314.27536231884056,172.26666666666665,False,0.18243538834298023
2000.0,0.2,pitch,0.2,500.0,100.0,0.0,4600.0,1722.6666666666665,2877.3333333333335,38.58695652173913,91.80434782608695,True,82.7608695652174,1.6170620012502466,0.38095238095238093,314.27536231884056,344.5333333333333,True,0.18243538834298023
2000.0,0.2,pitch,0.3,500.0,100.0,0.0,4600.0,1722.6666666666665,2877.3333333333335,38.58695652173913,91.80434782608695,True,82.7608695652174,1.6170620012502466,0.38095238095238093,314.27536231884056,516.8,True,0.18243538834298023
2000.0,0.2,pitch,0.4,500.0,100.0,0.0,4600.0,1722.6666666666665,2877.3333333333335,38.58695652173913,91.80434782608695,True,82.7608695652174,1.6170620012502466,0.38095238095238093,314.27536231884056,689.0666666666666,True,0.18243538834298023
2000.0,0.2,pitch,0.1,500.0,100.0,29.41995,4629.4199499999995,1737.3766416666663,2892.0433083333332,39.58096094738608,92.46015588842832,True,85.74288284215825,1.568802421720349,0.38095238095238093,313.6126927017426,173.73766416666663,False,0.1805093295146951
2000.0,0.2,pitch,0.2,500.0,100.0,29.41995,4629.4199499999995,1737.3766416666663,2892.0433083333332,39.58096094738608,92.46015588842832,True,85.74288284215825,1.568802421720349,0.38095238095238093,313.6126927017426,347.47532833333327,True,0.1805093295146951
2000.0,0.2,pitch,0.3,500.0,100.0,29.41995,4629.4199499999995,1737.3766416666663,2892.0433083333332,39.58096094738608,92.46015588842832,True,85.74288284215825,1.568802421720349,0.38095238095238093,313.6126927017426,521.2129924999998,True,0.1805093295146951
2000.0,0.2,pitch,0.4,500.0,100.0,29.41995,4629.4199499999995,1737.3766416666663,2892.0433083333332,39.58096094738608,92.46015588842832,True,85.74288284215825,1.568802421720349,0.38095238095238093,313.6126927017426,694.9506566666665,True,0.1805093295146951
2000.0,0.0,roll,0.1,0.0,0.0,0.0,4000.0,1294.6666666666665,2705.3333333333335,53.55,56.45,True,127.64999999999998,0.9857380130383167,0.31746031746031744,304.3,129.46666666666667,False,0.23504119464469622
2000.0,0.0,roll,0.2,0.0,0.0,0.0,4000.0,1294.6666666666665,2705.3333333333335,53.55,56.45,True,127.64999999999998,0.9857380130383167,0.31746031746031744,304.3,258.93333333333334,False,0.23504119464469622
2000.0,0.0,roll,0.3,0.0,0.0,0.0,4000.0,1294.6666666666665,2705.3333333333335,53.55,56.45,True,127.64999999999998,0.9857380130383167,0.31746031746031744,304.3,388.3999999999999,True,0.23504119464469622
2000.0,0.0,roll,0.4,0.0,0.0,0.0,4000.0,1294.6666666666665,2705.3333333333335,53.55,56.45,True,127.64999999999998,0.9857380130383167,0.31746031746031744,304.3,517.8666666666667,True,0.23504119464469622
2000.0,0.0,roll,0.1,0.0,0.0,29.41995,4029.41995,1309.3766416666667,2720.0433083333332,54.58276699354705,57.461593262325515,True,130.74830098064115,0.9676121318531999,0.31746031746031744,303.61148867096864,130.93766416666668,False,0.23187483189291552
2000.0,0.0,roll,0.2,0.0,0.0,29.41995,4029.41995,1309.3766416666667,2720.0433083333332,54.58276699354705,57.461593262325515,True,130.74830098064115,0.9676121318531999,0.31746031746031744,303.61148867096864,261.87532833333336,False,0.23187483189291552
2000.0,0.0,roll,0.3,0.0,0.0,29.41995,4029.41995,1309.3766416666667,2720.0433083333332,54.58276699354705,57.461593262325515,True,130.74830098064115,0.9676121318531999,0.31746031746031744,303.61148867096864,392.8129925,True,0.23187483189291552
2000.0,0.0,roll,0.4,0.0,0.0,29.41995,4029.41995,1309.3766416666667,2720.0433083333332,54.58276699354705,57.461593262325515,True,130.74830098064115,0.9676121318531999,0.31746031746031744,303.61148867096864,523.7506566666667,True,0.23187483189291552
2000.0,0.0,roll,0.1,0.0,100.0,0.0,4100.0,1259.3333333333335,2840.6666666666665,51.21951219512195,62.146341463414636,True,120.65853658536585,1.0950243119704526,0.31746031746031744,305.8536585365854,125.93333333333335,False,0.24286950122015777
2000.0,0.0,roll,0.2,0.0,100.0,0.0,4100.0,1259.3333333333335,2840.6666666666665,51.21951219512195,62.146341463414636,True,120.65853658536585,1.0950243119704526,0.31746031746031744,305.8536585365854,251.8666666666667,False,0.24286950122015777
2000.0,0.0,roll,0.3,0.0,100.0,0.0,4100.0,1259.3333333333335,2840.6666666666665,51.21951219512195,62.146341463414636,True,120.65853658536585,1.0950243119704526,0.31746031746031744,305.8536585365854,377.8,True,0.24286950122015777
2000.0,0.0,roll,0.4,0.0,100.0,0.0,4100.0,1259.3333333333335,2840.6666666666665,51.21951219512195,62.146341463414636,True,120.65853658536585,1.0950243119704526,0.31746031746031744,305.8536585365854,503.7333333333334,True,0.24286950122015777
2000.0,0.0,roll,0.1,0.0,100.0,29.41995,4129.41995,1274.0433083333337,2855.3766416666667,52.243872713890475,63.092854058110504,True,123.73161814167142,1.0733571409323108,0.31746031746031744,305.170751524073,127.40433083333338,False,0.23952933901696677
2000.0,0.0,roll,0.2,0.0,100.0,29.41995,4129.41995,1274.0433083333337,2855.3766416666667,52.243872713890475,63.092854058110504,True,123.73161814167142,1.0733571409323108,0.31746031746031744,305.170751524073,254.80866166666675,False,0.23952933901696677
2000.0,0.0,roll,0.3,0.0,100.0,29.41995,4129.41995,1274.0433083333337,2855.3766416666667,52.243872713890475,63.092854058110504,True,123.73161814167142,1.0733571409323108,0.31746031746031744,305.170751524073,382.2129925000001,True,0.23952933901696677
2000.0,0.0,roll,0.4,0.0,100.0,29.41995,4129.41995,1274.0433083333337,2855.3766416666667,52.243872713890475,63.092854058110504,True,123.73161814167142,1.0733571409323108,0.31746031746031744,305.170751524073,509.6173233333335,True,0.23952933901696677
2000.0,0.0,roll,0.1,500.0,0.0,0.0,4500.0,1544.6666666666665,2955.3333333333335,62.6,65.17777777777778,True,148.0,0.8860929439810645,0.31746031746031744,298.26666666666665,154.46666666666667,False,0.19309451877427708
2000.0,0.0,roll,0.2,500.0,0.0,0.0,4500.0,1544.6666666666665,2955.3333333333335,62.6,65.17777777777778,True,148.0,0.8860929439810645,0.31746031746031744,298.26666666666665,308.93333333333334,True,0.19309451877427708
2000.0,0.0,roll,0.3,500.0,0.0,0.0,4500.0,1544.6666666666665,2955.3333333333335,62.6,65.17777777777778,True,148.0,0.8860929439810645,0.31746031746031744,298.26666666666665,463.3999999999999,True,0.19309451877427708
2000.0,0.0,roll,0.4,500.0,0.0,0.0,4500.0,1544.6666666666665,2955.3333333333335,62.6,65.17777777777778,True,148.0,0.8860929439810645,0.31746031746031744,298.26666666666665,617.8666666666667,True,0.19309451877427708
2000.0,0.0,roll,0.1,500.0,0.0,29.41995,4529.4199499999995,1559.3766416666663,2970.0433083333332,63.459977971351506,66.02101230423557,True,148.0,0.8742325914334153,0.31746031746031744,297.693348019099,155.93766416666665,False,0.19090535286005278
2000.0,0.0,roll,0.2,500.0,0.0,29.41995,4529.4199499999995,1559.3766416666663,2970.0433083333332,63.459977971351506,66.02101230423557,True,148.0,0.8742325914334153,0.31746031746031744,297.693348019099,311.8753283333333,True,0.19090535286005278
2000.0,0.0,roll,0.3,500.0,0.0,29.41995,4529.4199499999995,1559.3766416666663,2970.0433083333332,63.459977971351506,66.02101230423557,True,148.0,0.8742325914334153,0.31746031746031744,297.693348019099,467.81299249999984,True,0.19090535286005278
2000.0,0.0,roll,0.4,500.0,0.0,29.41995,4529.4199499999995,1559.3766416666663,2970.0433083333332,63.459977971351506,66.02101230423557,True,148.0,0.8742325914334153,0.31746031746031744,297.693348019099,623.7506566666666,True,0.19090535286005278
2000.0,0.0,roll,0.1,500.0,100.0,0.0,4600.0,1509.3333333333335,3090.6666666666665,60.32608695652174,70.06521739130434,True,147.97826086956522,0.9714395691621598,0.31746031746031744,299.78260869565213,150.93333333333337,False,0.19861921954217232
2000.0,0.0,roll,0.2,500.0,100.0,0.0,4600.0,1509.3333333333335,3090.6666666666665,60.32608695652174,70.06521739130434,True,147.97826086956522,0.9714395691621598,0.31746031746031744,299.78260869565213,301.86666666666673,True,0.19861921954217232
2000.0,0.0,roll,0.3,500.0,100.0,0.0,4600.0,1509.3333333333335,3090.6666666666665,60.32608695652174,70.06521739130434,True,147.97826086956522,0.9714395691621598,0.31746031746031744,299.78260869565213,452.8,True,0.19861921954217232
2000.0,0.0,roll,0.4,500.0,100.0,0.0,4600.0,1509.3333333333335,3090.6666666666665,60.32608695652174,70.06521739130434,True,147.97826086956522,0.9714395691621598,0.31746031746031744,299.78260869565213,603.7333333333335,True,0.19861921954217232
2000.0,0.0,roll,0.1,500.0,100.0,29.41995,4629.4199499999995,1524.0433083333332,3105.3766416666663,61.18193927297523,70.85917756283916,True,148.0,0.9591324931154892,0.31746031746031744,299.2120404846832,152.40433083333332,False,0.19632778074521792
2000.0,0.0,roll,0.2,500.0,100.0,29.41995,4629.4199499999995,1524.0433083333332,3105.3766416666663,61.18193927297523,70.85917756283916,True,148.0,0.9591324931154892,0.31746031746031744,299.2120404846832,304.80866166666664,True,0.19632778074521792
2000.0,0.0,roll,0.3,500.0,100.0,29.41995,4629.4199499999995,1524.0433083333332,3105.3766416666663,61.18193927297523,70.85917756283916,True,148.0,0.9591324931154892,0.31746031746031744,299.2120404846832,457.2129925,True,0.19632778074521792
2000.0,0.0,roll,0.4,500.0,100.0,29.41995,4629.4199499999995,1524.0433083333332,3105.3766416666663,61.18193927297523,70.85917756283916,True,148.0,0.9591324931154892,0.31746031746031744,299.2120404846832,609.6173233333333,True,0.19632778074521792
2000.0,0.1,roll,0.1,0.0,0.0,0.0,4000.0,1068.0,2932.0,53.55,56.45,True,127.64999999999998,1.0683281866295014,0.3492063492063492,304.3,106.80000000000001,False,0.2849250936329588
2000.0,0.1,roll,0.2,0.0,0.0,0.0,4000.0,1068.0,2932.0,53.55,56.45,True,127.64999999999998,1.0683281866295014,0.3492063492063492,304.3,213.60000000000002,False,0.2849250936329588
2000.0,0.1,roll,0.3,0.0,0.0,0.0,4000.0,1068.0,2932.0,53.55,56.45,True,127.64999999999998,1.0683281866295014,0.3492063492063492,304.3,320.4,True,0.2849250936329588
2000.0,0.1,roll,0.4,0.0,0.0,0.0,4000.0,1068.0,2932.0,53.55,56.45,True,127.64999999999998,1.0683281866295014,0.3492063492063492,304.3,427.20000000000005,True,0.2849250936329588
2000.0,0.1,roll,0.1,0.0,0.0,29.41995,4029.41995,1082.709975,2946.7099749999998,54.58276699354705,57.461593262325515,True,130.74830098064115,1.0482451923200866,0.3492063492063492,303.61148867096864,108.27099750000001,False,0.2804181135127795
2000.0,0.1,roll,0.2,0.0,0.0,29.41995,4029.41995,1082.709975,2946.7099749999998,54.58276699354705,57.461593262325515,True,130.74830098064115,1.0482451923200866,0.3492063492063492,303.61148867096864,216.54199500000001,False,0.2804181135127795
2000.0,0.1,roll,0.3,0.0,0.0,29.41995,4029.41995,1082.709975,2946.7099749999998,54.58276699354705,57.461593262325515,True,130.74830098064115,1.0482451923200866,0.3492063492063492,303.61148867096864,324.8129925,True,0.2804181135127795
2000.0,0.1,roll,0.4,0.0,0.0,29.41995,4029.41995,1082.709975,2946.7099749999998,54.58276699354705,57.461593262325515,True,130.74830098064115,1.0482451923200866,0.3492063492063492,303.61148867096864,433.08399000000003,True,0.2804181135127795
2000.0,0.1,roll,0.1,0.0,100.0,0.0,4100.0,1032.6666666666665,3067.3333333333335,51.21951219512195,62.146341463414636,True,120.65853658536585,1.1824001078094468,0.3492063492063492,305.8536585365854,103.26666666666665,False,0.2961784943866224
2000.0,0.1,roll,0.2,0.0,100.0,0.0,4100.0,1032.6666666666665,3067.3333333333335,51.21951219512195,62.146341463414636,True,120.65853658536585,1.1824001078094468,0.3492063492063492,305.8536585365854,206.5333333333333,False,0.2961784943866224
2000.0,0.1,roll,0.3,0.0,100.0,0.0,4100.0,1032.6666666666665,3067.3333333333335,51.21951219512195,62.146341463414636,True,120.65853658536585,1.1824001078094468,0.3492063492063492,305.8536585365854,309.79999999999995,True,0.2961784943866224
2000.0,0.1,roll,0.4,0.0,100.0,0.0,4100.0,1032.6666666666665,3067.3333333333335,51.21951219512195,62.146341463414636,True,120.65853658536585,1.1824001078094468,0.3492063492063492,305.8536585365854,413.0666666666666,True,0.2961784943866224
2000.0,0.1,roll,0.1,0.0,100.0,29.41995,4129.41995,1047.3766416666667,3082.0433083333337,52.243872713890475,63.092854058110504,True,123.73161814167142,1.158562812831336,0.3492063492063492,305.170751524073,104.73766416666668,False,0.2913667723565629
2000.0,0.1,roll,0.2,0.0,100.0,29.41995,4129.41995,1047.3766416666667,3082.0433083333337,52.243872713890475,63.092854058110504,True,123.73161814167142,1.158562812831336,0.3492063492063492,305.170751524073,209.47532833333335,False,0.2913667723565629
2000.0,0.1,roll,0.3,0.0,100.0,29.41995,4129.41995,1047.3766416666667,3082.0433083333337,52.243872713890475,63.092854058110504,True,123.73161814167142,1.158562812831336,0.3492063492063492,305.170751524073,314.2129925,True,0.2913667723565629
2000.0,0.1,roll,0.4,0.0,100.0,29.41995,4129.41995,1047.3766416666667,3082.0433083333337,52.243872713890475,63.092854058110504,True,123.73161814167142,1.158562812831336,0.3492063492063492,305.170751524073,418.9506566666667,True,0.2913667723565629
2000.0,0.1,roll,0.1,500.0,0.0,0.0,4500.0,1318.0,3182.0,62.6,65.17777777777778,True,148.0,0.9540540540540541,0.3492063492063492,298.26666666666665,131.8,False,0.22630247850278198
2000.0,0.1,roll,0.2,500.0,0.0,0.0,4500.0,1318.0,3182.0,62.6,65.17777777777778,True,148.0,0.9540540540540541,0.3492063492063492,298.26666666666665,263.6,False,0.22630247850278198
2000.0,0.1,roll,0.3,500.0,0.0,0.0,4500.0,1318.0,3182.0,62.6,65.17777777777778,True,148.0,0.9540540540540541,0.3492063492063492,298.26666666666665,395.4,True,0.22630247850278198
2000.0,0.1,roll,0.4,500.0,0.0,0.0,4500.0,1318.0,3182.0,62.6,65.17777777777778,True,148.0,0.9540540540540541,0.3492063492063492,298.26666666666665,527.2,True,0.22630247850278198
2000.0,0.1,roll,0.1,500.0,0.0,29.41995,4529.4199499999995,1332.7099749999998,3196.7099749999998,63.459977971351506,66.02101230423557,True,148.0,0.9409519509914321,0.3492063492063492,297.693348019099,133.2709975,False,0.22337444275458287
2000.0,0.1,roll,0.2,500.0,0.0,29.41995,4529.4199499999995,1332.7099749999998,3196.7099749999998,63.459977971351506,66.02101230423557,True,148.0,0.9409519509914321,0.3492063492063492,297.693348019099,266.541995,False,0.22337444275458287
2000.0,0.1,roll,0.3,500.0,0.0,29.41995,4529.4199499999995,1332.7099749999998,3196.7099749999998,63.459977971351506,66.02101230423557,True,148.0,0.9409519509914321,0.3492063492063492,297.693348019099,399.8129924999999,True,0.22337444275458287
2000.0,0.1,roll,0.4,500.0,0.0,29.41995,4529.4199499999995,1332.7099749999998,3196.7099749999998,63.459977971351506,66.02101230423557,True,148.0,0.9409519509914321,0.3492063492063492,297.693348019099,533.08399,True,0.22337444275458287
2000.0,0.1,roll,0.1,500.0,100.0,0.0,4600.0,1282.6666666666665,3317.3333333333335,60.32608695652174,70.06521739130434,True,147.97826086956522,1.0426840587038193,0.3492063492063492,299.78260869565213,128.26666666666665,False,0.23371825002259783
2000.0,0.1,roll,0.2,500.0,100.0,0.0,4600.0,1282.6666666666665,3317.3333333333335,60.32608695652174,70.06521739130434,True,147.97826086956522,1.0426840587038193,0.3492063492063492,299.78260869565213,256.5333333333333,False,0.23371825002259783
2000.0,0.1,roll,0.3,500.0,100.0,0.0,4600.0,1282.6666666666665,3317.3333333333335,60.32608695652174,70.06521739130434,True,147.97826086956522,1.0426840587038193,0.3492063492063492,299.78260869565213,384.79999999999995,True,0.23371825002259783
2000.0,0.1,roll,0.4,500.0,100.0,0.0,4600.0,1282.6666666666665,3317.3333333333335,60.32608695652174,70.06521739130434,True,147.97826086956522,1.0426840587038193,0.3492063492063492,299.78260869565213,513.0666666666666,True,0.23371825002259783
2000.0,0.1,roll,0.1,500.0,100.0,29.41995,4629.4199499999995,1297.3766416666663,3332.0433083333332,61.18193927297523,70.85917756283916,True,148.0,1.0291411877740206,0.3492063492063492,299.2120404846832,129.73766416666663,False,0.23062850900437243
2000.0,0.1,roll,0.2,500.0,100.0,29.41995,4629.4199499999995,1297.3766416666663,3332.0433083333332,61.18193927297523,70.85917756283916,True,148.0,1.0291411877740206,0.3492063492063492,299.2120404846832,259.47532833333327,False,0.23062850900437243
2000.0,0.1,roll,0.3,500.0,100.0,29.41995,4629.4199499999995,1297.3766416666663,3332.0433083333332,61.18193927297523,70.85917756283916,True,148.0,1.0291411877740206,0.3492063492063492,299.2120404846832,389.21299249999987,True,0.23062850900437243
2000.0,0.1,roll,0.4,500.0,100.0,29.41995,4629.4199499999995,1297.3766416666663,3332.0433083333332,61.18193927297523,70.85917756283916,True,148.0,1.0291411877740206,0.3492063492063492,299.2120404846832,518.9506566666665,True,0.23062850900437243
2000.0,0.2,roll,0.1,0.0,0.0,0.0,4000.0,841.3333333333333,3158.666666666667,53.55,56.45,True,127.64999999999998,1.150918360220686,0.38095238095238093,304.3,84.13333333333333,False,0.36168779714738514
2000.0,0.2,roll,0.2,0.0,0.0,0.0,4000.0,841.3333333333333,3158.666666666667,53.55,56.45,True,127.64999999999998,1.150918360220686,0.38095238095238093,304.3,168.26666666666665,False,0.36168779714738514
2000.0,0.2,roll,0.3,0.0,0.0,0.0,4000.0,841.3333333333333,3158.666666666667,53.55,56.45,True,127.64999999999998,1.150918360220686,0.38095238095238093,304.3,252.39999999999998,False,0.36168779714738514
2000.0,0.2,roll,0.4,0.0,0.0,0.0,4000.0,841.3333333333333,3158.666666666667,53.55,56.45,True,127.64999999999998,1.150918360220686,0.38095238095238093,304.3,336.5333333333333,True,0.36168779714738514
2000.0,0.2,roll,0.1,0.0,0.0,29.41995,4029.41995,856.0433083333332,3173.3766416666667,54.58276699354705,57.461593262325515,True,130.74830098064115,1.1288782527869734,0.38095238095238093,303.61148867096864,85.60433083333334,False,0.35466837450325106
2000.0,0.2,roll,0.2,0.0,0.0,29.41995,4029.41995,856.0433083333332,3173.3766416666667,54.58276699354705,57.461593262325515,True,130.74830098064115,1.1288782527869734,0.38095238095238093,303.61148867096864,171.20866166666667,False,0.35466837450325106
2000.0,0.2,roll,0.3,0.0,0.0,29.41995,4029.41995,856.0433083333332,3173.3766416666667,54.58276699354705,57.461593262325515,True,130.74830098064115,1.1288782527869734,0.38095238095238093,303.61148867096864,256.81299249999995,False,0.35466837450325106
2000.0,0.2,roll,0.4,0.0,0.0,29.41995,4029.41995,856.0433083333332,3173.3766416666667,54.58276699354705,57.461593262325515,True,130.74830098064115,1.1288782527869734,0.38095238095238093,303.61148867096864,342.41732333333334,True,0.35466837450325106
2000.0,0.2,roll,0.1,0.0,100.0,0.0,4100.0,806.0,3294.0,51.21951219512195,62.146341463414636,True,120.65853658536585,1.2697759036484408,0.38095238095238093,305.8536585365854,80.60000000000001,False,0.37947104036797197
2000.0,0.2,roll,0.2,0.0,100.0,0.0,4100.0,806.0,3294.0,51.21951219512195,62.146341463414636,True,120.65853658536585,1.2697759036484408,0.38095238095238093,305.8536585365854,161.20000000000002,False,0.37947104036797197
2000.0,0.2,roll,0.3,0.0,100.0,0.0,4100.0,806.0,3294.0,51.21951219512195,62.146341463414636,True,120.65853658536585,1.2697759036484408,0.38095238095238093,305.8536585365854,241.79999999999998,False,0.37947104036797197
2000.0,0.2,roll,0.4,0.0,100.0,0.0,4100.0,806.0,3294.0,51.21951219512195,62.146341463414636,True,120.65853658536585,1.2697759036484408,0.38095238095238093,305.8536585365854,322.40000000000003,True,0.37947104036797197
2000.0,0.2,roll,0.1,0.0,100.0,29.41995,4129.41995,820.7099750000002,3308.709975,52.243872713890475,63.092854058110504,True,123.73161814167142,1.2437684847303612,0.38095238095238093,305.170751524073,82.07099750000003,False,0.3718375075483552
2000.0,0.2,roll,0.2,0.0,100.0,29.41995,4129.41995,820.7099750000002,3308.709975,52.243872713890475,63.092854058110504,True,123.73161814167142,1.2437684847303612,0.38095238095238093,305.170751524073,164.14199500000007,False,0.3718375075483552
2000.0,0.2,roll,0.3,0.0,100.0,29.41995,4129.41995,820.7099750000002,3308.709975,52.243872713890475,63.092854058110504,True,123.73161814167142,1.2437684847303612,0.38095238095238093,305.170751524073,246.21299250000004,False,0.3718375075483552
2000.0,0.2,roll,0.4,0.0,100.0,29.41995,4129.41995,820.7099750000002,3308.709975,52.243872713890475,63.092854058110504,True,123.73161814167142,1.2437684847303612,0.38095238095238093,305.170751524073,328.28399000000013,True,0.3718375075483552
2000.0,0.2,roll,0.1,500.0,0.0,0.0,4500.0,1091.3333333333333,3408.666666666667,62.6,65.17777777777778,True,148.0,1.0220151641270434,0.38095238095238093,298.26666666666665,109.13333333333333,False,0.2733048259010385
2000.0,0.2,roll,0.2,500.0,0.0,0.0,4500.0,1091.3333333333333,3408.666666666667,62.6,65.17777777777778,True,148.0,1.0220151641270434,0.38095238095238093,298.26666666666665,218.26666666666665,False,0.2733048259010385
2000.0,0.2,roll,0.3,500.0,0.0,0.0,4500.0,1091.3333333333333,3408.666666666667,62.6,65.17777777777778,True,148.0,1.0220151641270434,0.38095238095238093,298.26666666666665,327.4,True,0.2733048259010385
2000.0,0.2,roll,0.4,500.0,0.0,0.0,4500.0,1091.3333333333333,3408.666666666667,62.6,65.17777777777778,True,148.0,1.0220151641270434,0.38095238095238093,298.26666666666665,436.5333333333333,True,0.2733048259010385
2000.0,0.2,roll,0.1,500.0,0.0,29.41995,4529.4199499999995,1106.043308333333,3423.3766416666667,63.459977971351506,66.02101230423557,True,148.0,1.0076713105494493,0.38095238095238093,297.693348019099,110.60433083333331,False,0.26915161981105884
2000.0,0.2,roll,0.2,500.0,0.0,29.41995,4529.4199499999995,1106.043308333333,3423.3766416666667,63.459977971351506,66.02101230423557,True,148.0,1.0076713105494493,0.38095238095238093,297.693348019099,221.20866166666661,False,0.26915161981105884
2000.0,0.2,roll,0.3,500.0,0.0,29.41995,4529.4199499999995,1106.043308333333,3423.3766416666667,63.459977971351506,66.02101230423557,True,148.0,1.0076713105494493,0.38095238095238093,297.693348019099,331.8129924999999,True,0.26915161981105884
2000.0,0.2,roll,0.4,500.0,0.0,29.41995,4529.4199499999995,1106.043308333333,3423.3766416666667,63.459977971351506,66.02101230423557,True,148.0,1.0076713105494493,0.38095238095238093,297.693348019099,442.41732333333323,True,0.26915161981105884
2000.0,0.2,roll,0.1,500.0,100.0,0.0,4600.0,1056.0,3544.0,60.32608695652174,70.06521739130434,True,147.97826086956522,1.1139285482454793,0.38095238095238093,299.78260869565213,105.60000000000001,False,0.28388504611330695
2000.0,0.2,roll,0.2,500.0,100.0,0.0,4600.0,1056.0,3544.0,60.32608695652174,70.06521739130434,True,147.97826086956522,1.1139285482454793,0.38095238095238093,299.78260869565213,211.20000000000002,False,0.28388504611330695
2000.0,0.2,roll,0.3,500.0,100.0,0.0,4600.0,1056.0,3544.0,60.32608695652174,70.06521739130434,True,147.97826086956522,1.1139285482454793,0.38095238095238093,299.78260869565213,316.8,True,0.28388504611330695
2000.0,0.2,roll,0.4,500.0,100.0,0.0,4600.0,1056.0,3544.0,60.32608695652174,70.06521739130434,True,147.97826086956522,1.1139285482454793,0.38095238095238093,299.78260869565213,422.40000000000003,True,0.28388504611330695
2000.0,0.2,roll,0.1,500.0,100.0,29.41995,4629.4199499999995,1070.7099749999998,3558.7099749999998,61.18193927297523,70.85917756283916,True,148.0,1.099149882432552,0.38095238095238093,299.2120404846832,107.07099749999998,False,0.27945199677875726
2000.0,0.2,roll,0.2,500.0,100.0,29.41995,4629.4199499999995,1070.7099749999998,3558.7099749999998,61.18193927297523,70.85917756283916,True,148.0,1.099149882432552,0.38095238095238093,299.2120404846832,214.14199499999995,False,0.27945199677875726
2000.0,0.2,roll,0.3,500.0,100.0,29.41995,4629.4199499999995,1070.7099749999998,3558.7099749999998,61.18193927297523,70.85917756283916,True,148.0,1.099149882432552,0.38095238095238093,299.2120404846832,321.2129924999999,True,0.27945199677875726
2000.0,0.2,roll,0.4,500.0,100.0,29.41995,4629.4199499999995,1070.7099749999998,3558.7099749999998,61.18193927297523,70.85917756283916,True,148.0,1.099149882432552,0.38095238095238093,299.2120404846832,428.2839899999999,True,0.27945199677875726
2500.0,0.0,pitch,0.1,0.0,0.0,0.0,5000.0,2461.3333333333335,2538.6666666666665,33.84,76.16,True,68.52000000000001,1.7232562664892723,0.3968253968253968,317.44,246.13333333333335,False,0.12897074756229684
2500.0,0.0,pitch,0.2,0.0,0.0,0.0,5000.0,2461.3333333333335,2538.6666666666665,33.84,76.16,True,68.52000000000001,1.7232562664892723,0.3968253968253968,317.44,492.2666666666667,True,0.12897074756229684
2500.0,0.0,pitch,0.3,0.0,0.0,0.0,5000.0,2461.3333333333335,2538.6666666666665,33.84,76.16,True,68.52000000000001,1.7232562664892723,0.3968253968253968,317.44,738.4,True,0.12897074756229684
2500.0,0.0,pitch,0.4,0.0,0.0,0.0,5000.0,2461.3333333333335,2538.6666666666665,33.84,76.16,True,68.52000000000001,1.7232562664892723,0.3968253968253968,317.44,984.5333333333334,True,0.12897074756229684
2500.0,0.0,pitch,0.1,0.0,0.0,29.41995,5029.41995,2476.0433083333337,2553.3766416666667,34.782716891636774,76.8551630392288,True,71.34815067491033,1.6645379472369224,0.3968253968253968,316.8115220722421,247.6043308333334,False,0.12795071920026038
2500.0,0.0,pitch,0.2,0.0,0.0,29.41995,5029.41995,2476.0433083333337,2553.3766416666667,34.782716891636774,76.8551630392288,True,71.34815067491033,1.6645379472369224,0.3968253968253968,316.8115220722421,495.2086616666668,True,0.12795071920026038
2500.0,0.0,pitch,0.3,0.0,0.0,29.41995,5029.41995,2476.0433083333337,2553.3766416666667,34.782716891636774,76.8551630392288,True,71.34815067491033,1.6645379472369224,0.3968253968253968,316.8115220722421,742.8129925000001,True,0.12795071920026038
2500.0,0.0,pitch,0.4,0.0,0.0,29.41995,5029.41995,2476.0433083333337,2553.3766416666667,34.782716891636774,76.8551630392288,True,71.34815067491033,1.6645379472369224,0.3968253968253968,316.8115220722421,990.4173233333336,True,0.12795071920026038
2500.0,0.0,pitch,0.1,0.0,100.0,0.0,5100.0,2426.0,2674.0,32.35294117647059,80.3529411764706,True,64.05882352941177,1.941529459499861,0.3968253968253968,318.4313725490196,242.60000000000002,False,0.13125777928648788
2500.0,0.0,pitch,0.2,0.0,100.0,0.0,5100.0,2426.0,2674.0,32.35294117647059,80.3529411764706,True,64.05882352941177,1.941529459499861,0.3968253968253968,318.4313725490196,485.20000000000005,True,0.13125777928648788
2500.0,0.0,pitch,0.3,0.0,100.0,0.0,5100.0,2426.0,2674.0,32.35294117647059,80.3529411764706,True,64.05882352941177,1.941529459499861,0.3968253968253968,318.4313725490196,727.8,True,0.13125777928648788
2500.0,0.0,pitch,0.4,0.0,100.0,0.0,5100.0,2426.0,2674.0,32.35294117647059,80.3529411764706,True,64.05882352941177,1.941529459499861,0.3968253968253968,318.4313725490196,970.4000000000001,True,0.13125777928648788
2500.0,0.0,pitch,0.1,0.0,100.0,29.41995,5129.41995,2440.709975,2688.709975,33.285808515249364,81.01050300044159,True,66.8574255457481,1.8704919743193718,0.3968253968253968,317.8094609898337,244.07099750000003,False,0.13021189090270083
2500.0,0.0,pitch,0.2,0.0,100.0,29.41995,5129.41995,2440.709975,2688.709975,33.285808515249364,81.01050300044159,True,66.8574255457481,1.8704919743193718,0.3968253968253968,317.8094609898337,488.14199500000007,True,0.13021189090270083
2500.0,0.0,pitch,0.3,0.0,100.0,29.41995,5129.41995,2440.709975,2688.709975,33.285808515249364,81.01050300044159,True,66.8574255457481,1.8704919743193718,0.3968253968253968,317.8094609898337,732.2129925,True,0.13021189090270083
2500.0,0.0,pitch,0.4,0.0,100.0,29.41995,5129.41995,2440.709975,2688.709975,33.285808515249364,81.01050300044159,True,66.8574255457481,1.8704919743193718,0.3968253968253968,317.8094609898337,976.2839900000001,True,0.13021189090270083
2500.0,0.0,pitch,0.1,500.0,0.0,0.0,5500.0,2711.3333333333335,2788.6666666666665,43.03636363636364,81.50909090909092,True,96.10909090909092,1.3495645950836932,0.3968253968253968,311.30909090909086,271.1333333333334,False,0.11481771240807383
2500.0,0.0,pitch,0.2,500.0,0.0,0.0,5500.0,2711.3333333333335,2788.6666666666665,43.03636363636364,81.50909090909092,True,96.10909090909092,1.3495645950836932,0.3968253968253968,311.30909090909086,542.2666666666668,True,0.11481771240807383
2500.0,0.0,pitch,0.3,500.0,0.0,0.0,5500.0,2711.3333333333335,2788.6666666666665,43.03636363636364,81.50909090909092,True,96.10909090909092,1.3495645950836932,0.3968253968253968,311.30909090909086,813.4,True,0.11481771240807383
2500.0,0.0,pitch,0.4,500.0,0.0,0.0,5500.0,2711.3333333333335,2788.6666666666665,43.03636363636364,81.50909090909092,True,96.10909090909092,1.3495645950836932,0.3968253968253968,311.30909090909086,1084.5333333333335,True,0.11481771240807383
2500.0,0.0,pitch,0.1,500.0,0.0,29.41995,5529.4199499999995,2726.0433083333332,2803.3766416666663,43.844904608846,82.11293306633367,True,98.534713826538,1.3232860397793402,0.3968253968253968,310.7700635941027,272.60433083333334,False,0.1140004132157766
2500.0,0.0,pitch,0.2,500.0,0.0,29.41995,5529.4199499999995,2726.0433083333332,2803.3766416666663,43.844904608846,82.11293306633367,True,98.534713826538,1.3232860397793402,0.3968253968253968,310.7700635941027,545.2086616666667,True,0.1140004132157766
2500.0,0.0,pitch,0.3,500.0,0.0,29.41995,5529.4199499999995,2726.0433083333332,2803.3766416666663,43.844904608846,82.11293306633367,True,98.534713826538,1.3232860397793402,0.3968253968253968,310.7700635941027,817.8129925,True,0.1140004132157766
2500.0,0.0,pitch,0.4,500.0,0.0,29.41995,5529.4199499999995,2726.0433083333332,2803.3766416666663,43.844904608846,82.11293306633367,True,98.534713826538,1.3232860397793402,0.3968253968253968,310.7700635941027,1090.4173233333333,True,0.1140004132157766
2500.0,0.0,pitch,0.1,500.0,100.0,0.0,5600.0,2676.0,2924.0,41.517857142857146,85.23214285714286,True,91.55357142857144,1.4854690852350303,0.3968253968253968,312.3214285714286,267.6,False,0.11671204356181936
2500.0,0.0,pitch,0.2,500.0,100.0,0.0,5600.0,2676.0,2924.0,41.517857142857146,85.23214285714286,True,91.55357142857144,1.4854690852350303,0.3968253968253968,312.3214285714286,535.2,True,0.11671204356181936
2500.0,0.0,pitch,0.3,500.0,100.0,0.0,5600.0,2676.0,2924.0,41.517857142857146,85.23214285714286,True,91.55357142857144,1.4854690852350303,0.3968253968253968,312.3214285714286,802.8,True,0.11671204356181936
2500.0,0.0,pitch,0.4,500.0,100.0,0.0,5600.0,2676.0,2924.0,41.517857142857146,85.23214285714286,True,91.55357142857144,1.4854690852350303,0.3968253968253968,312.3214285714286,1070.4,True,0.11671204356181936
2500.0,0.0,pitch,0.1,500.0,100.0,29.41995,5629.4199499999995,2690.7099749999998,2938.7099749999998,42.31997121657268,85.80580140410382,True,93.95991364971805,1.4547074339944444,0.3968253968253968,311.7866858556182,269.0709975,False,0.1158752480767156
2500.0,0.0,pitch,0.2,500.0,100.0,29.41995,5629.4199499999995,2690.7099749999998,2938.7099749999998,42.31997121657268,85.80580140410382,True,93.95991364971805,1.4547074339944444,0.3968253968253968,311.7866858556182,538.141995,True,0.1158752480767156
2500.0,0.0,pitch,0.3,500.0,100.0,29.41995,5629.4199499999995,2690.7099749999998,2938.7099749999998,42.31997121657268,85.80580140410382,True,93.95991364971805,1.4547074339944444,0.3968253968253968,311.7866858556182,807.2129924999999,True,0.1158752480767156
2500.0,0.0,pitch,0.4,500.0,100.0,29.41995,5629.4199499999995,2690.7099749999998,2938.7099749999998,42.31997121657268,85.80580140410382,True,93.95991364971805,1.4547074339944444,0.3968253968253968,311.7866858556182,1076.28399,True,0.1158752480767156
2500.0,0.1,pitch,0.1,0.0,0.0,0.0,5000.0,2178.0,2822.0,33.84,76.16,True,68.52000000000001,1.9155839748028072,0.4365079365079365,317.44,217.8,False,0.1457483930211203
2500.0,0.1,pitch,0.2,0.0,0.0,0.0,5000.0,2178.0,2822.0,33.84,76.16,True,68.52000000000001,1.9155839748028072,0.4365079365079365,317.44,435.6,True,0.1457483930211203
2500.0,0.1,pitch,0.3,0.0,0.0,0.0,5000.0,2178.0,2822.0,33.84,76.16,True,68.52000000000001,1.9155839748028072,0.4365079365079365,317.44,653.4,True,0.1457483930211203
2500.0,0.1,pitch,0.4,0.0,0.0,0.0,5000.0,2178.0,2822.0,33.84,76.16,True,68.52000000000001,1.9155839748028072,0.4365079365079365,317.44,871.2,True,0.1457483930211203
2500.0,0.1,pitch,0.1,0.0,0.0,29.41995,5029.41995,2192.709975,2836.709975,34.782716891636774,76.8551630392288,True,71.34815067491033,1.8492420278470674,0.4365079365079365,316.8115220722421,219.27099750000002,False,0.14448400640501582
2500.0,0.1,pitch,0.2,0.0,0.0,29.41995,5029.41995,2192.709975,2836.709975,34.782716891636774,76.8551630392288,True,71.34815067491033,1.8492420278470674,0.4365079365079365,316.8115220722421,438.54199500000004,True,0.14448400640501582
2500.0,0.1,pitch,0.3,0.0,0.0,29.41995,5029.41995,2192.709975,2836.709975,34.782716891636774,76.8551630392288,True,71.34815067491033,1.8492420278470674,0.4365079365079365,316.8115220722421,657.8129925000001,True,0.14448400640501582
2500.0,0.1,pitch,0.4,0.0,0.0,29.41995,5029.41995,2192.709975,2836.709975,34.782716891636774,76.8551630392288,True,71.34815067491033,1.8492420278470674,0.4365079365079365,316.8115220722421,877.0839900000001,True,0.14448400640501582
2500.0,0.1,pitch,0.1,0.0,100.0,0.0,5100.0,2142.6666666666665,2957.3333333333335,32.35294117647059,80.3529411764706,True,64.05882352941177,2.147251229703661,0.4365079365079365,318.4313725490196,214.26666666666665,False,0.14861451736886416
2500.0,0.1,pitch,0.2,0.0,100.0,0.0,5100.0,2142.6666666666665,2957.3333333333335,32.35294117647059,80.3529411764706,True,64.05882352941177,2.147251229703661,0.4365079365079365,318.4313725490196,428.5333333333333,True,0.14861451736886416
2500.0,0.1,pitch,0.3,0.0,100.0,0.0,5100.0,2142.6666666666665,2957.3333333333335,32.35294117647059,80.3529411764706,True,64.05882352941177,2.147251229703661,0.4365079365079365,318.4313725490196,642.8,True,0.14861451736886416
2500.0,0.1,pitch,0.4,0.0,100.0,0.0,5100.0,2142.6666666666665,2957.3333333333335,32.35294117647059,80.3529411764706,True,64.05882352941177,2.147251229703661,0.4365079365079365,318.4313725490196,857.0666666666666,True,0.14861451736886416
2500.0,0.1,pitch,0.1,0.0,100.0,29.41995,5129.41995,2157.3766416666667,2972.0433083333337,33.285808515249364,81.01050300044159,True,66.8574255457481,2.0676023845104727,0.4365079365079365,317.8094609898337,215.7376641666667,False,0.14731292387791506
2500.0,0.1,pitch,0.2,0.0,100.0,29.41995,5129.41995,2157.3766416666667,2972.0433083333337,33.285808515249364,81.01050300044159,True,66.8574255457481,2.0676023845104727,0.4365079365079365,317.8094609898337,431.4753283333334,True,0.14731292387791506
2500.0,0.1,pitch,0.3,0.0,100.0,29.41995,5129.41995,2157.3766416666667,2972.0433083333337,33.285808515249364,81.01050300044159,True,66.8574255457481,2.0676023845104727,0.4365079365079365,317.8094609898337,647.2129925,True,0.14731292387791506
2500.0,0.1,pitch,0.4,0.0,100.0,29.41995,5129.41995,2157.3766416666667,2972.0433083333337,33.285808515249364,81.01050300044159,True,66.8574255457481,2.0676023845104727,0.4365079365079365,317.8094609898337,862.9506566666668,True,0.14731292387791506
2500.0,0.1,pitch,0.1,500.0,0.0,0.0,5500.0,2428.0,3072.0,43.03636363636364,81.50909090909092,True,96.10909090909092,1.4866826808858853,0.4365079365079365,311.30909090909086,242.8,False,0.12821626478957612
2500.0,0.1,pitch,0.2,500.0,0.0,0.0,5500.0,2428.0,3072.0,43.03636363636364,81.50909090909092,True,96.10909090909092,1.4866826808858853,0.4365079365079365,311.30909090909086,485.6,True,0.12821626478957612
2500.0,0.1,pitch,0.3,500.0,0.0,0.0,5500.0,2428.0,3072.0,43.03636363636364,81.50909090909092,True,96.10909090909092,1.4866826808858853,0.4365079365079365,311.30909090909086,728.4,True,0.12821626478957612
2500.0,0.1,pitch,0.4,500.0,0.0,0.0,5500.0,2428.0,3072.0,43.03636363636364,81.50909090909092,True,96.10909090909092,1.4866826808858853,0.4365079365079365,311.30909090909086,971.2,True,0.12821626478957612
2500.0,0.1,pitch,0.1,500.0,0.0,29.41995,5529.4199499999995,2442.7099749999998,3086.7099749999998,43.844904608846,82.11293306633367,True,98.534713826538,1.4570286981975977,0.4365079365079365,310.7700635941027,244.2709975,False,0.12722347997702949
2500.0,0.1,pitch,0.2,500.0,0.0,29.41995,5529.4199499999995,2442.7099749999998,3086.7099749999998,43.844904608846,82.11293306633367,True,98.534713826538,1.4570286981975977,0.4365079365079365,310.7700635941027,488.541995,True,0.12722347997702949
2500.0,0.1,pitch,0.3,500.0,0.0,29.41995,5529.4199499999995,2442.7099749999998,3086.7099749999998,43.844904608846,82.11293306633367,True,98.534713826538,1.4570286981975977,0.4365079365079365,310.7700635941027,732.8129925,True,0.12722347997702949
2500.0,0.1,pitch,0.4,500.0,0.0,29.41995,5529.4199499999995,2442.7099749999998,3086.7099749999998,43.844904608846,82.11293306633367,True,98.534713826538,1.4570286981975977,0.4365079365079365,310.7700635941027,977.08399,True,0.12722347997702949
2500.0,0.1,pitch,0.1,500.0,100.0,0.0,5600.0,2392.6666666666665,3207.3333333333335,41.517857142857146,85.23214285714286,True,91.55357142857144,1.629409888067882,0.4365079365079365,312.3214285714286,239.26666666666665,False,0.13053277872865504
2500.0,0.1,pitch,0.2,500.0,100.0,0.0,5600.0,2392.6666666666665,3207.3333333333335,41.517857142857146,85.23214285714286,True,91.55357142857144,1.629409888067882,0.4365079365079365,312.3214285714286,478.5333333333333,True,0.13053277872865504
2500.0,0.1,pitch,0.3,500.0,100.0,0.0,5600.0,2392.6666666666665,3207.3333333333335,41.517857142857146,85.23214285714286,True,91.55357142857144,1.629409888067882,0.4365079365079365,312.3214285714286,717.8,True,0.13053277872865504
2500.0,0.1,pitch,0.4,500.0,100.0,0.0,5600.0,2392.6666666666665,3207.3333333333335,41.517857142857146,85.23214285714286,True,91.55357142857144,1.629409888067882,0.4365079365079365,312.3214285714286,957.0666666666666,True,0.13053277872865504
2500.0,0.1,pitch,0.1,500.0,100.0,29.41995,5629.4199499999995,2407.3766416666663,3222.0433083333332,42.31997121657268,85.80580140410382,True,93.95991364971805,1.5949618686970135,0.4365079365079365,311.7866858556182,240.73766416666663,False,0.12951304771311695
2500.0,0.1,pitch,0.2,500.0,100.0,29.41995,5629.4199499999995,2407.3766416666663,3222.0433083333332,42.31997121657268,85.80580140410382,True,93.95991364971805,1.5949618686970135,0.4365079365079365,311.7866858556182,481.47532833333327,True,0.12951304771311695
2500.0,0.1,pitch,0.3,500.0,100.0,29.41995,5629.4199499999995,2407.3766416666663,3222.0433083333332,42.31997121657268,85.80580140410382,True,93.95991364971805,1.5949618686970135,0.4365079365079365,311.7866858556182,722.2129924999998,True,0.12951304771311695
2500.0,0.1,pitch,0.4,500.0,100.0,29.41995,5629.4199499999995,2407.3766416666663,3222.0433083333332,42.31997121657268,85.80580140410382,True,93.95991364971805,1.5949618686970135,0.4365079365079365,311.7866858556182,962.9506566666665,True,0.12951304771311695
2500.0,0.2,pitch,0.1,0.0,0.0,0.0,5000.0,1894.6666666666665,3105.3333333333335,33.84,76.16,True,68.52000000000001,2.107911683116342,0.47619047619047616,317.44,189.46666666666667,False,0.16754398311048557
2500.0,0.2,pitch,0.2,0.0,0.0,0.0,5000.0,1894.6666666666665,3105.3333333333335,33.84,76.16,True,68.52000000000001,2.107911683116342,0.47619047619047616,317.44,378.93333333333334,True,0.16754398311048557
2500.0,0.2,pitch,0.3,0.0,0.0,0.0,5000.0,1894.6666666666665,3105.3333333333335,33.84,76.16,True,68.52000000000001,2.107911683116342,0.47619047619047616,317.44,568.4,True,0.16754398311048557
2500.0,0.2,pitch,0.4,0.0,0.0,0.0,5000.0,1894.6666666666665,3105.3333333333335,33.84,76.16,True,68.52000000000001,2.107911683116342,0.47619047619047616,317.44,757.8666666666667,True,0.16754398311048557
2500.0,0.2,pitch,0.1,0.0,0.0,29.41995,5029.41995,1909.3766416666667,3120.0433083333337,34.782716891636774,76.8551630392288,True,71.34815067491033,2.033946108457213,0.47619047619047616,316.8115220722421,190.93766416666668,False,0.16592405875233815
2500.0,0.2,pitch,0.2,0.0,0.0,29.41995,5029.41995,1909.3766416666667,3120.0433083333337,34.782716891636774,76.8551630392288,True,71.34815067491033,2.033946108457213,0.47619047619047616,316.8115220722421,381.87532833333336,True,0.16592405875233815
2500.0,0.2,pitch,0.3,0.0,0.0,29.41995,5029.41995,1909.3766416666667,3120.0433083333337,34.782716891636774,76.8551630392288,True,71.34815067491033,2.033946108457213,0.47619047619047616,316.8115220722421,572.8129925,True,0.16592405875233815
2500.0,0.2,pitch,0.4,0.0,0.0,29.41995,5029.41995,1909.3766416666667,3120.0433083333337,34.782716891636774,76.8551630392288,True,71.34815067491033,2.033946108457213,0.47619047619047616,316.8115220722421,763.7506566666667,True,0.16592405875233815
2500.0,0.2,pitch,0.1,0.0,100.0,0.0,5100.0,1859.3333333333335,3240.6666666666665,32.35294117647059,80.3529411764706,True,64.05882352941177,2.3529729999074602,0.47619047619047616,318.4313725490196,185.93333333333337,False,0.17126104654841498
2500.0,0.2,pitch,0.2,0.0,100.0,0.0,5100.0,1859.3333333333335,3240.6666666666665,32.35294117647059,80.3529411764706,True,64.05882352941177,2.3529729999074602,0.47619047619047616,318.4313725490196,371.86666666666673,True,0.17126104654841498
2500.0,0.2,pitch,0.3,0.0,100.0,0.0,5100.0,1859.3333333333335,3240.6666666666665,32.35294117647059,80.3529411764706,True,64.05882352941177,2.3529729999074602,0.47619047619047616,318.4313725490196,557.8000000000001,True,0.17126104654841498
2500.0,0.2,pitch,0.4,0.0,100.0,0.0,5100.0,1859.3333333333335,3240.6666666666665,32.35294117647059,80.3529411764706,True,64.05882352941177,2.3529729999074602,0.47619047619047616,318.4313725490196,743.7333333333335,True,0.17126104654841498
2500.0,0.2,pitch,0.1,0.0,100.0,29.41995,5129.41995,1874.0433083333337,3255.3766416666667,33.285808515249364,81.01050300044159,True,66.8574255457481,2.2647127947015737,0.47619047619047616,317.8094609898337,187.40433083333338,False,0.1695849074440415
2500.0,0.2,pitch,0.2,0.0,100.0,29.41995,5129.41995,1874.0433083333337,3255.3766416666667,33.285808515249364,81.01050300044159,True,66.8574255457481,2.2647127947015737,0.47619047619047616,317.8094609898337,374.80866166666675,True,0.1695849074440415
2500.0,0.2,pitch,0.3,0.0,100.0,29.41995,5129.41995,1874.0433083333337,3255.3766416666667,33.285808515249364,81.01050300044159,True,66.8574255457481,2.2647127947015737,0.47619047619047616,317.8094609898337,562.2129925,True,0.1695849074440415
2500.0,0.2,pitch,0.4,0.0,100.0,29.41995,5129.41995,1874.0433083333337,3255.3766416666667,33.285808515249364,81.01050300044159,True,66.8574255457481,2.2647127947015737,0.47619047619047616,317.8094609898337,749.6173233333335,True,0.1695849074440415
2500.0,0.2,pitch,0.1,500.0,0.0,0.0,5500.0,2144.6666666666665,3355.3333333333335,43.03636363636364,81.50909090909092,True,96.10909090909092,1.6238007666880772,0.47619047619047616,311.30909090909086,214.46666666666667,False,0.14515500042388446
2500.0,0.2,pitch,0.2,500.0,0.0,0.0,5500.0,2144.6666666666665,3355.3333333333335,43.03636363636364,81.50909090909092,True,96.10909090909092,1.6238007666880772,0.47619047619047616,311.30909090909086,428.93333333333334,True,0.14515500042388446
2500.0,0.2,pitch,0.3,500.0,0.0,0.0,5500.0,2144.6666666666665,3355.3333333333335,43.03636363636364,81.50909090909092,True,96.10909090909092,1.6238007666880772,0.47619047619047616,311.30909090909086,643.4,True,0.14515500042388446
2500.0,0.2,pitch,0.4,500.0,0.0,0.0,5500.0,2144.6666666666665,3355.3333333333335,43.03636363636364,81.50909090909092,True,96.10909090909092,1.6238007666880772,0.47619047619047616,311.30909090909086,857.8666666666667,True,0.14515500042388446
2500.0,0.2,pitch,0.1,500.0,0.0,29.41995,5529.4199499999995,2159.3766416666663,3370.0433083333332,43.844904608846,82.11293306633367,True,98.534713826538,1.5907713566158552,0.47619047619047616,310.7700635941027,215.93766416666665,False,0.1439165625845808
2500.0,0.2,pitch,0.2,500.0,0.0,29.41995,5529.4199499999995,2159.3766416666663,3370.0433083333332,43.844904608846,82.11293306633367,True,98.534713826538,1.5907713566158552,0.47619047619047616,310.7700635941027,431.8753283333333,True,0.1439165625845808
2500.0,0.2,pitch,0.3,500.0,0.0,29.41995,5529.4199499999995,2159.3766416666663,3370.0433083333332,43.844904608846,82.11293306633367,True,98.534713826538,1.5907713566158552,0.47619047619047616,310.7700635941027,647.8129924999998,True,0.1439165625845808
2500.0,0.2,pitch,0.4,500.0,0.0,29.41995,5529.4199499999995,2159.3766416666663,3370.0433083333332,43.844904608846,82.11293306633367,True,98.534713826538,1.5907713566158552,0.47619047619047616,310.7700635941027,863.7506566666666,True,0.1439165625845808
2500.0,0.2,pitch,0.1,500.0,100.0,0.0,5600.0,2109.3333333333335,3490.6666666666665,41.517857142857146,85.23214285714286,True,91.55357142857144,1.7733506909007337,0.47619047619047616,312.3214285714286,210.93333333333337,False,0.14806641683221963
2500.0,0.2,pitch,0.2,500.0,100.0,0.0,5600.0,2109.3333333333335,3490.6666666666665,41.517857142857146,85.23214285714286,True,91.55357142857144,1.7733506909007337,0.47619047619047616,312.3214285714286,421.86666666666673,True,0.14806641683221963
2500.0,0.2,pitch,0.3,500.0,100.0,0.0,5600.0,2109.3333333333335,3490.6666666666665,41.517857142857146,85.23214285714286,True,91.55357142857144,1.7733506909007337,0.47619047619047616,312.3214285714286,632.8000000000001,True,0.14806641683221963
2500.0,0.2,pitch,0.4,500.0,100.0,0.0,5600.0,2109.3333333333335,3490.6666666666665,41.517857142857146,85.23214285714286,True,91.55357142857144,1.7733506909007337,0.47619047619047616,312.3214285714286,843.7333333333335,True,0.14806641683221963
2500.0,0.2,pitch,0.1,500.0,100.0,29.41995,5629.4199499999995,2124.0433083333332,3505.3766416666663,42.31997121657268,85.80580140410382,True,93.95991364971805,1.7352163033995827,0.47619047619047616,311.7866858556182,212.40433083333335,False,0.14678923194850813
2500.0,0.2,pitch,0.2,500.0,100.0,29.41995,5629.4199499999995,2124.0433083333332,3505.3766416666663,42.31997121657268,85.80580140410382,True,93.95991364971805,1.7352163033995827,0.47619047619047616,311.7866858556182,424.8086616666667,True,0.14678923194850813
2500.0,0.2,pitch,0.3,500.0,100.0,29.41995,5629.4199499999995,2124.0433083333332,3505.3766416666663,42.31997121657268,85.80580140410382,True,93.95991364971805,1.7352163033995827,0.47619047619047616,311.7866858556182,637.2129924999999,True,0.14678923194850813
2500.0,0.2,pitch,0.4,500.0,100.0,29.41995,5629.4199499999995,2124.0433083333332,3505.3766416666663,42.31997121657268,85.80580140410382,True,93.95991364971805,1.7352163033995827,0.47619047619047616,311.7866858556182,849.6173233333334,True,0.14678923194850813
2500.0,0.0,roll,0.1,0.0,0.0,0.0,5000.0,1794.6666666666665,3205.3333333333335,53.84,56.16,True,128.52,1.160016116696463,0.3968253968253968,304.1066666666667,179.46666666666667,False,0.1694502228826152
2500.0,0.0,roll,0.2,0.0,0.0,0.0,5000.0,1794.6666666666665,3205.3333333333335,53.84,56.16,True,128.52,1.160016116696463,0.3968253968253968,304.1066666666667,358.93333333333334,True,0.1694502228826152
2500.0,0.0,roll,0.3,0.0,0.0,0.0,5000.0,1794.6666666666665,3205.3333333333335,53.84,56.16,True,128.52,1.160016116696463,0.3968253968253968,304.1066666666667,538.4,True,0.1694502228826152
2500.0,0.0,roll,0.4,0.0,0.0,0.0,5000.0,1794.6666666666665,3205.3333333333335,53.84,56.16,True,128.52,1.160016116696463,0.3968253968253968,304.1066666666667,717.8666666666667,True,0.1694502228826152
2500.0,0.0,roll,0.1,0.0,0.0,29.41995,5029.41995,1809.3766416666667,3220.0433083333337,54.665725468003515,56.97215446286206,True,130.99717640401053,1.143302934558253,0.3968253968253968,303.556183021331,180.93766416666668,False,0.16776837725821253
2500.0,0.0,roll,0.2,0.0,0.0,29.41995,5029.41995,1809.3766416666667,3220.0433083333337,54.665725468003515,56.97215446286206,True,130.99717640401053,1.143302934558253,0.3968253968253968,303.556183021331,361.87532833333336,True,0.16776837725821253
2500.0,0.0,roll,0.3,0.0,0.0,29.41995,5029.41995,1809.3766416666667,3220.0433083333337,54.665725468003515,56.97215446286206,True,130.99717640401053,1.143302934558253,0.3968253968253968,303.556183021331,542.8129925,True,0.16776837725821253
2500.0,0.0,roll,0.4,0.0,0.0,29.41995,5029.41995,1809.3766416666667,3220.0433083333337,54.665725468003515,56.97215446286206,True,130.99717640401053,1.143302934558253,0.3968253968253968,303.556183021331,723.7506566666667,True,0.16776837725821253
2500.0,0.0,roll,0.1,0.0,100.0,0.0,5100.0,1759.3333333333335,3340.6666666666665,51.96078431372549,60.745098039215684,True,122.88235294117646,1.2644602031312044,0.3968253968253968,305.35947712418306,175.93333333333337,False,0.1735654473991188
2500.0,0.0,roll,0.2,0.0,100.0,0.0,5100.0,1759.3333333333335,3340.6666666666665,51.96078431372549,60.745098039215684,True,122.88235294117646,1.2644602031312044,0.3968253968253968,305.35947712418306,351.86666666666673,True,0.1735654473991188
2500.0,0.0,roll,0.3,0.0,100.0,0.0,5100.0,1759.3333333333335,3340.6666666666665,51.96078431372549,60.745098039215684,True,122.88235294117646,1.2644602031312044,0.3968253968253968,305.35947712418306,527.8000000000001,True,0.1735654473991188
2500.0,0.0,roll,0.4,0.0,100.0,0.0,5100.0,1759.3333333333335,3340.6666666666665,51.96078431372549,60.745098039215684,True,122.88235294117646,1.2644602031312044,0.3968253968253968,305.35947712418306,703.7333333333335,True,0.1735654473991188
2500.0,0.0,roll,0.1,0.0,100.0,29.41995,5129.41995,1774.0433083333337,3355.3766416666667,52.781190249396516,61.51512126629444,True,125.34357074818956,1.2450900266634968,0.3968253968253968,304.8125398337356,177.40433083333338,False,0.17181798121946576
2500.0,0.0,roll,0.2,0.0,100.0,29.41995,5129.41995,1774.0433083333337,3355.3766416666667,52.781190249396516,61.51512126629444,True,125.34357074818956,1.2450900266634968,0.3968253968253968,304.8125398337356,354.80866166666675,True,0.17181798121946576
2500.0,0.0,roll,0.3,0.0,100.0,29.41995,5129.41995,1774.0433083333337,3355.3766416666667,52.781190249396516,61.51512126629444,True,125.34357074818956,1.2450900266634968,0.3968253968253968,304.8125398337356,532.2129925,True,0.17181798121946576
2500.0,0.0,roll,0.4,0.0,100.0,29.41995,5129.41995,1774.0433083333337,3355.3766416666667,52.781190249396516,61.51512126629444,True,125.34357074818956,1.2450900266634968,0.3968253968253968,304.8125398337356,709.6173233333335,True,0.17181798121946576
2500.0,0.0,roll,0.1,500.0,0.0,0.0,5500.0,2044.6666666666665,3455.3333333333335,61.21818181818182,63.32727272727273,True,148.0,1.0664230255053635,0.3968253968253968,299.1878787878788,204.46666666666667,False,0.14632599223404572
2500.0,0.0,roll,0.2,500.0,0.0,0.0,5500.0,2044.6666666666665,3455.3333333333335,61.21818181818182,63.32727272727273,True,148.0,1.0664230255053635,0.3968253968253968,299.1878787878788,408.93333333333334,True,0.14632599223404572
2500.0,0.0,roll,0.3,500.0,0.0,0.0,5500.0,2044.6666666666665,3455.3333333333335,61.21818181818182,63.32727272727273,True,148.0,1.0664230255053635,0.3968253968253968,299.1878787878788,613.4,True,0.14632599223404572
2500.0,0.0,roll,0.4,500.0,0.0,0.0,5500.0,2044.6666666666665,3455.3333333333335,61.21818181818182,63.32727272727273,True,148.0,1.0664230255053635,0.3968253968253968,299.1878787878788,817.8666666666667,True,0.14632599223404572
2500.0,0.0,roll,0.1,500.0,0.0,29.41995,5529.4199499999995,2059.3766416666663,3470.0433083333332,61.92998422013507,64.02785345504459,True,148.0,1.0552284523945097,0.3968253968253968,298.71334385324326,205.93766416666665,False,0.14505037000492182
2500.0,0.0,roll,0.2,500.0,0.0,29.41995,5529.4199499999995,2059.3766416666663,3470.0433083333332,61.92998422013507,64.02785345504459,True,148.0,1.0552284523945097,0.3968253968253968,298.71334385324326,411.8753283333333,True,0.14505037000492182
2500.0,0.0,roll,0.3,500.0,0.0,29.41995,5529.4199499999995,2059.3766416666663,3470.0433083333332,61.92998422013507,64.02785345504459,True,148.0,1.0552284523945097,0.3968253968253968,298.71334385324326,617.8129924999998,True,0.14505037000492182
2500.0,0.0,roll,0.4,500.0,0.0,29.41995,5529.4199499999995,2059.3766416666663,3470.0433083333332,61.92998422013507,64.02785345504459,True,148.0,1.0552284523945097,0.3968253968253968,298.71334385324326,823.7506566666666,True,0.14505037000492182
2500.0,0.0,roll,0.1,500.0,100.0,0.0,5600.0,2009.3333333333335,3590.6666666666665,59.375,67.375,True,145.125,1.1507855430696607,0.3968253968253968,300.41666666666663,200.93333333333337,False,0.14951061712010613
2500.0,0.0,roll,0.2,500.0,100.0,0.0,5600.0,2009.3333333333335,3590.6666666666665,59.375,67.375,True,145.125,1.1507855430696607,0.3968253968253968,300.41666666666663,401.86666666666673,True,0.14951061712010613
2500.0,0.0,roll,0.3,500.0,100.0,0.0,5600.0,2009.3333333333335,3590.6666666666665,59.375,67.375,True,145.125,1.1507855430696607,0.3968253968253968,300.41666666666663,602.8000000000001,True,0.14951061712010613
2500.0,0.0,roll,0.4,500.0,100.0,0.0,5600.0,2009.3333333333335,3590.6666666666665,59.375,67.375,True,145.125,1.1507855430696607,0.3968253968253968,300.41666666666663,803.7333333333335,True,0.14951061712010613
2500.0,0.0,roll,0.1,500.0,100.0,29.41995,5629.4199499999995,2024.0433083333332,3605.3766416666663,60.083790737622984,68.04198188305351,True,147.25137221286894,1.1388140857477869,0.3968253968253968,299.94413950825134,202.40433083333335,False,0.14819057392365564
2500.0,0.0,roll,0.2,500.0,100.0,29.41995,5629.4199499999995,2024.0433083333332,3605.3766416666663,60.083790737622984,68.04198188305351,True,147.25137221286894,1.1388140857477869,0.3968253968253968,299.94413950825134,404.8086616666667,True,0.14819057392365564
2500.0,0.0,roll,0.3,500.0,100.0,29.41995,5629.4199499999995,2024.0433083333332,3605.3766416666663,60.083790737622984,68.04198188305351,True,147.25137221286894,1.1388140857477869,0.3968253968253968,299.94413950825134,607.2129924999999,True,0.14819057392365564
2500.0,0.0,roll,0.4,500.0,100.0,29.41995,5629.4199499999995,2024.0433083333332,3605.3766416666663,60.083790737622984,68.04198188305351,True,147.25137221286894,1.1388140857477869,0.3968253968253968,299.94413950825134,809.6173233333334,True,0.14819057392365564
2500.0,0.1,roll,0.1,0.0,0.0,0.0,5000.0,1511.3333333333335,3488.6666666666665,53.84,56.16,True,128.52,1.262554978925248,0.4365079365079365,304.1066666666667,151.13333333333335,False,0.2012174680194089
2500.0,0.1,roll,0.2,0.0,0.0,0.0,5000.0,1511.3333333333335,3488.6666666666665,53.84,56.16,True,128.52,1.262554978925248,0.4365079365079365,304.1066666666667,302.2666666666667,False,0.2012174680194089
2500.0,0.1,roll,0.3,0.0,0.0,0.0,5000.0,1511.3333333333335,3488.6666666666665,53.84,56.16,True,128.52,1.262554978925248,0.4365079365079365,304.1066666666667,453.40000000000003,True,0.2012174680194089
2500.0,0.1,roll,0.4,0.0,0.0,0.0,5000.0,1511.3333333333335,3488.6666666666665,53.84,56.16,True,128.52,1.262554978925248,0.4365079365079365,304.1066666666667,604.5333333333334,True,0.2012174680194089
2500.0,0.1,roll,0.1,0.0,0.0,29.41995,5029.41995,1526.0433083333337,3503.3766416666667,54.665725468003515,56.97215446286206,True,130.99717640401053,1.2439027714051176,0.4365079365079365,303.556183021331,152.60433083333336,False,0.19891714826419932
2500.0,0.1,roll,0.2,0.0,0.0,29.41995,5029.41995,1526.0433083333337,3503.3766416666667,54.665725468003515,56.97215446286206,True,130.99717640401053,1.2439027714051176,0.4365079365079365,303.556183021331,305.2086616666667,True,0.19891714826419932
2500.0,0.1,roll,0.3,0.0,0.0,29.41995,5029.41995,1526.0433083333337,3503.3766416666667,54.665725468003515,56.97215446286206,True,130.99717640401053,1.2439027714051176,0.4365079365079365,303.556183021331,457.8129925000001,True,0.19891714826419932
2500.0,0.1,roll,0.4,0.0,0.0,29.41995,5029.41995,1526.0433083333337,3503.3766416666667,54.665725468003515,56.97215446286206,True,130.99717640401053,1.2439027714051176,0.4365079365079365,303.556183021331,610.4173233333335,True,0.19891714826419932
2500.0,0.1,roll,0.1,0.0,100.0,0.0,5100.0,1476.0,3624.0,51.96078431372549,60.745098039215684,True,122.88235294117646,1.3717033853963734,0.4365079365079365,305.35947712418306,147.6,False,0.20688311458277986
2500.0,0.1,roll,0.2,0.0,100.0,0.0,5100.0,1476.0,3624.0,51.96078431372549,60.745098039215684,True,122.88235294117646,1.3717033853963734,0.4365079365079365,305.35947712418306,295.2,False,0.20688311458277986
2500.0,0.1,roll,0.3,0.0,100.0,0.0,5100.0,1476.0,3624.0,51.96078431372549,60.745098039215684,True,122.88235294117646,1.3717033853963734,0.4365079365079365,305.35947712418306,442.8,True,0.20688311458277986
2500.0,0.1,roll,0.4,0.0,100.0,0.0,5100.0,1476.0,3624.0,51.96078431372549,60.745098039215684,True,122.88235294117646,1.3717033853963734,0.4365079365079365,305.35947712418306,590.4,True,0.20688311458277986
2500.0,0.1,roll,0.1,0.0,100.0,29.41995,5129.41995,1490.7099750000002,3638.709975,52.781190249396516,61.51512126629444,True,125.34357074818956,1.3502274062273687,0.4365079365079365,304.8125398337356,149.07099750000003,False,0.20447474354207335
2500.0,0.1,roll,0.2,0.0,100.0,29.41995,5129.41995,1490.7099750000002,3638.709975,52.781190249396516,61.51512126629444,True,125.34357074818956,1.3502274062273687,0.4365079365079365,304.8125398337356,298.14199500000007,False,0.20447474354207335
2500.0,0.1,roll,0.3,0.0,100.0,29.41995,5129.41995,1490.7099750000002,3638.709975,52.781190249396516,61.51512126629444,True,125.34357074818956,1.3502274062273687,0.4365079365079365,304.8125398337356,447.21299250000004,True,0.20447474354207335
2500.0,0.1,roll,0.4,0.0,100.0,29.41995,5129.41995,1490.7099750000002,3638.709975,52.781190249396516,61.51512126629444,True,125.34357074818956,1.3502274062273687,0.4365079365079365,304.8125398337356,596.2839900000001,True,0.20447474354207335
2500.0,0.1,roll,0.1,500.0,0.0,0.0,5500.0,1761.3333333333335,3738.6666666666665,61.21818181818182,63.32727272727273,True,148.0,1.1538684790727531,0.4365079365079365,299.1878787878788,176.13333333333335,False,0.1698644277751015
2500.0,0.1,roll,0.2,500.0,0.0,0.0,5500.0,1761.3333333333335,3738.6666666666665,61.21818181818182,63.32727272727273,True,148.0,1.1538684790727531,0.4365079365079365,299.1878787878788,352.2666666666667,True,0.1698644277751015
2500.0,0.1,roll,0.3,500.0,0.0,0.0,5500.0,1761.3333333333335,3738.6666666666665,61.21818181818182,63.32727272727273,True,148.0,1.1538684790727531,0.4365079365079365,299.1878787878788,528.4,True,0.1698644277751015
2500.0,0.1,roll,0.4,500.0,0.0,0.0,5500.0,1761.3333333333335,3738.6666666666665,61.21818181818182,63.32727272727273,True,148.0,1.1538684790727531,0.4365079365079365,299.1878787878788,704.5333333333334,True,0.1698644277751015
2500.0,0.1,roll,0.1,500.0,0.0,29.41995,5529.4199499999995,1776.0433083333332,3753.3766416666663,61.92998422013507,64.02785345504459,True,148.0,1.1413891622989378,0.4365079365079365,298.71334385324326,177.60433083333334,False,0.1681903489918613
2500.0,0.1,roll,0.2,500.0,0.0,29.41995,5529.4199499999995,1776.0433083333332,3753.3766416666663,61.92998422013507,64.02785345504459,True,148.0,1.1413891622989378,0.4365079365079365,298.71334385324326,355.20866166666667,True,0.1681903489918613
2500.0,0.1,roll,0.3,500.0,0.0,29.41995,5529.4199499999995,1776.0433083333332,3753.3766416666663,61.92998422013507,64.02785345504459,True,148.0,1.1413891622989378,0.4365079365079365,298.71334385324326,532.8129925,True,0.1681903489918613
2500.0,0.1,roll,0.4,500.0,0.0,29.41995,5529.4199499999995,1776.0433083333332,3753.3766416666663,61.92998422013507,64.02785345504459,True,148.0,1.1413891622989378,0.4365079365079365,298.71334385324326,710.4173233333333,True,0.1681903489918613
2500.0,0.1,roll,0.1,500.0,100.0,0.0,5600.0,1726.0,3874.0,59.375,67.375,True,145.125,1.2415920517597099,0.4365079365079365,300.41666666666663,172.60000000000002,False,0.17405368868288912
2500.0,0.1,roll,0.2,500.0,100.0,0.0,5600.0,1726.0,3874.0,59.375,67.375,True,145.125,1.2415920517597099,0.4365079365079365,300.41666666666663,345.20000000000005,True,0.17405368868288912
2500.0,0.1,roll,0.3,500.0,100.0,0.0,5600.0,1726.0,3874.0,59.375,67.375,True,145.125,1.2415920517597099,0.4365079365079365,300.41666666666663,517.8,True,0.17405368868288912
2500.0,0.1,roll,0.4,500.0,100.0,0.0,5600.0,1726.0,3874.0,59.375,67.375,True,145.125,1.2415920517597099,0.4365079365079365,300.41666666666663,690.4000000000001,True,0.17405368868288912
2500.0,0.1,roll,0.1,500.0,100.0,29.41995,5629.4199499999995,1740.7099749999998,3888.7099749999998,60.083790737622984,68.04198188305351,True,147.25137221286894,1.2283093099728806,0.4365079365079365,299.94413950825134,174.07099749999998,False,0.1723113808825341
2500.0,0.1,roll,0.2,500.0,100.0,29.41995,5629.4199499999995,1740.7099749999998,3888.7099749999998,60.083790737622984,68.04198188305351,True,147.25137221286894,1.2283093099728806,0.4365079365079365,299.94413950825134,348.14199499999995,True,0.1723113808825341
2500.0,0.1,roll,0.3,500.0,100.0,29.41995,5629.4199499999995,1740.7099749999998,3888.7099749999998,60.083790737622984,68.04198188305351,True,147.25137221286894,1.2283093099728806,0.4365079365079365,299.94413950825134,522.2129924999999,True,0.1723113808825341
2500.0,0.1,roll,0.4,500.0,100.0,29.41995,5629.4199499999995,1740.7099749999998,3888.7099749999998,60.083790737622984,68.04198188305351,True,147.25137221286894,1.2283093099728806,0.4365079365079365,299.94413950825134,696.2839899999999,True,0.1723113808825341
2500.0,0.2,roll,0.1,0.0,0.0,0.0,5000.0,1228.0,3772.0,53.84,56.16,True,128.52,1.3650938411540325,0.47619047619047616,304.1066666666667,122.80000000000001,False,0.2476438653637351
2500.0,0.2,roll,0.2,0.0,0.0,0.0,5000.0,1228.0,3772.0,53.84,56.16,True,128.52,1.3650938411540325,0.47619047619047616,304.1066666666667,245.60000000000002,False,0.2476438653637351
2500.0,0.2,roll,0.3,0.0,0.0,0.0,5000.0,1228.0,3772.0,53.84,56.16,True,128.52,1.3650938411540325,0.47619047619047616,304.1066666666667,368.4,True,0.2476438653637351
2500.0,0.2,roll,0.4,0.0,0.0,0.0,5000.0,1228.0,3772.0,53.84,56.16,True,128.52,1.3650938411540325,0.47619047619047616,304.1066666666667,491.20000000000005,True,0.2476438653637351
2500.0,0.2,roll,0.1,0.0,0.0,29.41995,5029.41995,1242.7099750000002,3786.709975,54.665725468003515,56.97215446286206,True,130.99717640401053,1.3445026082519826,0.47619047619047616,303.556183021331,124.27099750000002,False,0.24426953120846312
2500.0,0.2,roll,0.2,0.0,0.0,29.41995,5029.41995,1242.7099750000002,3786.709975,54.665725468003515,56.97215446286206,True,130.99717640401053,1.3445026082519826,0.47619047619047616,303.556183021331,248.54199500000004,False,0.24426953120846312
2500.0,0.2,roll,0.3,0.0,0.0,29.41995,5029.41995,1242.7099750000002,3786.709975,54.665725468003515,56.97215446286206,True,130.99717640401053,1.3445026082519826,0.47619047619047616,303.556183021331,372.81299250000006,True,0.24426953120846312
2500.0,0.2,roll,0.4,0.0,0.0,29.41995,5029.41995,1242.7099750000002,3786.709975,54.665725468003515,56.97215446286206,True,130.99717640401053,1.3445026082519826,0.47619047619047616,303.556183021331,497.0839900000001,True,0.24426953120846312
2500.0,0.2,roll,0.1,0.0,100.0,0.0,5100.0,1192.6666666666667,3907.333333333333,51.96078431372549,60.745098039215684,True,122.88235294117646,1.478946567661542,0.47619047619047616,305.35947712418306,119.26666666666668,False,0.25603086399456376
2500.0,0.2,roll,0.2,0.0,100.0,0.0,5100.0,1192.6666666666667,3907.333333333333,51.96078431372549,60.745098039215684,True,122.88235294117646,1.478946567661542,0.47619047619047616,305.35947712418306,238.53333333333336,False,0.25603086399456376
2500.0,0.2,roll,0.3,0.0,100.0,0.0,5100.0,1192.6666666666667,3907.333333333333,51.96078431372549,60.745098039215684,True,122.88235294117646,1.478946567661542,0.47619047619047616,305.35947712418306,357.8,True,0.25603086399456376
2500.0,0.2,roll,0.4,0.0,100.0,0.0,5100.0,1192.6666666666667,3907.333333333333,51.96078431372549,60.745098039215684,True,122.88235294117646,1.478946567661542,0.47619047619047616,305.35947712418306,477.0666666666667,True,0.25603086399456376
2500.0,0.2,roll,0.1,0.0,100.0,29.41995,5129.41995,1207.376641666667,3922.0433083333337,52.781190249396516,61.51512126629444,True,125.34357074818956,1.4553647857912404,0.47619047619047616,304.8125398337356,120.7376641666667,False,0.25245853639587673
2500.0,0.2,roll,0.2,0.0,100.0,29.41995,5129.41995,1207.376641666667,3922.0433083333337,52.781190249396516,61.51512126629444,True,125.34357074818956,1.4553647857912404,0.47619047619047616,304.8125398337356,241.4753283333334,False,0.25245853639587673
2500.0,0.2,roll,0.3,0.0,100.0,29.41995,5129.41995,1207.376641666667,3922.0433083333337,52.781190249396516,61.51512126629444,True,125.34357074818956,1.4553647857912404,0.47619047619047616,304.8125398337356,362.2129925000001,True,0.25245853639587673
2500.0,0.2,roll,0.4,0.0,100.0,29.41995,5129.41995,1207.376641666667,3922.0433083333337,52.781190249396516,61.51512126629444,True,125.34357074818956,1.4553647857912404,0.47619047619047616,304.8125398337356,482.9506566666668,True,0.25245853639587673
2500.0,0.2,roll,0.1,500.0,0.0,0.0,5500.0,1478.0,4022.0,61.21818181818182,63.32727272727273,True,148.0,1.2413139326401423,0.47619047619047616,299.1878787878788,147.8,False,0.20242752286054044
2500.0,0.2,roll,0.2,500.0,0.0,0.0,5500.0,1478.0,4022.0,61.21818181818182,63.32727272727273,True,148.0,1.2413139326401423,0.47619047619047616,299.1878787878788,295.6,False,0.20242752286054044
2500.0,0.2,roll,0.3,500.0,0.0,0.0,5500.0,1478.0,4022.0,61.21818181818182,63.32727272727273,True,148.0,1.2413139326401423,0.47619047619047616,299.1878787878788,443.4,True,0.20242752286054044
2500.0,0.2,roll,0.4,500.0,0.0,0.0,5500.0,1478.0,4022.0,61.21818181818182,63.32727272727273,True,148.0,1.2413139326401423,0.47619047619047616,299.1878787878788,591.2,True,0.20242752286054044
2500.0,0.2,roll,0.1,500.0,0.0,29.41995,5529.4199499999995,1492.7099749999998,4036.7099749999998,61.92998422013507,64.02785345504459,True,148.0,1.2275498722033662,0.47619047619047616,298.71334385324326,149.2709975,False,0.20011479045234043
2500.0,0.2,roll,0.2,500.0,0.0,29.41995,5529.4199499999995,1492.7099749999998,4036.7099749999998,61.92998422013507,64.02785345504459,True,148.0,1.2275498722033662,0.47619047619047616,298.71334385324326,298.541995,False,0.20011479045234043
2500.0,0.2,roll,0.3,500.0,0.0,29.41995,5529.4199499999995,1492.7099749999998,4036.7099749999998,61.92998422013507,64.02785345504459,True,148.0,1.2275498722033662,0.47619047619047616,298.71334385324326,447.8129924999999,True,0.20011479045234043
2500.0,0.2,roll,0.4,500.0,0.0,29.41995,5529.4199499999995,1492.7099749999998,4036.7099749999998,61.92998422013507,64.02785345504459,True,148.0,1.2275498722033662,0.47619047619047616,298.71334385324326,597.08399,True,0.20011479045234043
2500.0,0.2,roll,0.1,500.0,100.0,0.0,5600.0,1442.6666666666667,4157.333333333333,59.375,67.375,True,145.125,1.3323985604497595,0.47619047619047616,300.41666666666663,144.26666666666668,False,0.20823706099815154
2500.0,0.2,roll,0.2,500.0,100.0,0.0,5600.0,1442.6666666666667,4157.333333333333,59.375,67.375,True,145.125,1.3323985604497595,0.47619047619047616,300.41666666666663,288.53333333333336,False,0.20823706099815154
2500.0,0.2,roll,0.3,500.0,100.0,0.0,5600.0,1442.6666666666667,4157.333333333333,59.375,67.375,True,145.125,1.3323985604497595,0.47619047619047616,300.41666666666663,432.8,True,0.20823706099815154
2500.0,0.2,roll,0.4,500.0,100.0,0.0,5600.0,1442.6666666666667,4157.333333333333,59.375,67.375,True,145.125,1.3323985604497595,0.47619047619047616,300.41666666666663,577.0666666666667,True,0.20823706099815154
2500.0,0.2,roll,0.1,500.0,100.0,29.41995,5629.4199499999995,1457.3766416666665,4172.043308333333,60.083790737622984,68.04198188305351,True,147.25137221286894,1.3178045341979738,0.47619047619047616,299.94413950825134,145.73766416666666,False,0.2058109969192542
2500.0,0.2,roll,0.2,500.0,100.0,29.41995,5629.4199499999995,1457.3766416666665,4172.043308333333,60.083790737622984,68.04198188305351,True,147.25137221286894,1.3178045341979738,0.47619047619047616,299.94413950825134,291.4753283333333,False,0.2058109969192542
2500.0,0.2,roll,0.3,500.0,100.0,29.41995,5629.4199499999995,1457.3766416666665,4172.043308333333,60.083790737622984,68.04198188305351,True,147.25137221286894,1.3178045341979738,0.47619047619047616,299.94413950825134,437.2129924999999,True,0.2058109969192542
2500.0,0.2,roll,0.4,500.0,100.0,29.41995,5629.4199499999995,1457.3766416666665,4172.043308333333,60.083790737622984,68.04198188305351,True,147.25137221286894,1.3178045341979738,0.47619047619047616,299.94413950825134,582.9506566666666,True,0.2058109969192542
3000.0,0.0,pitch,0.1,0.0,0.0,0.0,6000.0,2961.3333333333335,3038.6666666666665,37.36666666666667,72.63333333333334,True,79.1,1.7867678044669195,0.47619047619047616,315.08888888888885,296.1333333333334,False,0.1064010205613087
3000.0,0.0,pitch,0.2,0.0,0.0,0.0,6000.0,2961.3333333333335,3038.6666666666665,37.36666666666667,72.63333333333334,True,79.1,1.7867678044669195,0.47619047619047616,315.08888888888885,592.2666666666668,True,0.1064010205613087
3000.0,0.0,pitch,0.3,0.0,0.0,0.0,6000.0,2961.3333333333335,3038.6666666666665,37.36666666666667,72.63333333333334,True,79.1,1.7867678044669195,0.47619047619047616,315.08888888888885,888.4,True,0.1064010205613087
3000.0,0.0,pitch,0.4,0.0,0.0,0.0,6000.0,2961.3333333333335,3038.6666666666665,37.36666666666667,72.63333333333334,True,79.1,1.7867678044669195,0.47619047619047616,315.08888888888885,1184.5333333333335,True,0.1064010205613087
3000.0,0.0,pitch,0.1,0.0,0.0,29.41995,6029.41995,2976.0433083333337,3053.3766416666667,38.13582270878312,73.23040921208349,True,81.40746812634936,1.7445269025764862,0.47619047619047616,314.5761181941446,297.6043308333334,False,0.10570280254769408
3000.0,0.0,pitch,0.2,0.0,0.0,29.41995,6029.41995,2976.0433083333337,3053.3766416666667,38.13582270878312,73.23040921208349,True,81.40746812634936,1.7445269025764862,0.47619047619047616,314.5761181941446,595.2086616666668,True,0.10570280254769408
3000.0,0.0,pitch,0.3,0.0,0.0,29.41995,6029.41995,2976.0433083333337,3053.3766416666667,38.13582270878312,73.23040921208349,True,81.40746812634936,1.7445269025764862,0.47619047619047616,314.5761181941446,892.8129925000001,True,0.10570280254769408
3000.0,0.0,pitch,0.4,0.0,0.0,29.41995,6029.41995,2976.0433083333337,3053.3766416666667,38.13582270878312,73.23040921208349,True,81.40746812634936,1.7445269025764862,0.47619047619047616,314.5761181941446,1190.4173233333336,True,0.10570280254769408
3000.0,0.0,pitch,0.1,0.0,100.0,0.0,6100.0,2926.0,3174.0,36.0655737704918,76.19672131147541,True,75.19672131147541,1.9632226565470667,0.47619047619047616,315.95628415300547,292.6,False,0.10798232541114336
3000.0,0.0,pitch,0.2,0.0,100.0,0.0,6100.0,2926.0,3174.0,36.0655737704918,76.19672131147541,True,75.19672131147541,1.9632226565470667,0.47619047619047616,315.95628415300547,585.2,True,0.10798232541114336
3000.0,0.0,pitch,0.3,0.0,100.0,0.0,6100.0,2926.0,3174.0,36.0655737704918,76.19672131147541,True,75.19672131147541,1.9632226565470667,0.47619047619047616,315.95628415300547,877.8,True,0.10798232541114336
3000.0,0.0,pitch,0.4,0.0,100.0,0.0,6100.0,2926.0,3174.0,36.0655737704918,76.19672131147541,True,75.19672131147541,1.9632226565470667,0.47619047619047616,315.95628415300547,1170.4,True,0.10798232541114336
3000.0,0.0,pitch,0.1,0.0,100.0,29.41995,6129.41995,2940.709975,3188.709975,36.82842619553258,76.76695251562914,True,77.48527858659773,1.9140679954413686,0.47619047619047616,315.4477158696449,294.07099750000003,False,0.10726923720848905
3000.0,0.0,pitch,0.2,0.0,100.0,29.41995,6129.41995,2940.709975,3188.709975,36.82842619553258,76.76695251562914,True,77.48527858659773,1.9140679954413686,0.47619047619047616,315.4477158696449,588.1419950000001,True,0.10726923720848905
3000.0,0.0,pitch,0.3,0.0,100.0,29.41995,6129.41995,2940.709975,3188.709975,36.82842619553258,76.76695251562914,True,77.48527858659773,1.9140679954413686,0.47619047619047616,315.4477158696449,882.2129925,True,0.10726923720848905
3000.0,0.0,pitch,0.4,0.0,100.0,29.41995,6129.41995,2940.709975,3188.709975,36.82842619553258,76.76695251562914,True,77.48527858659773,1.9140679954413686,0.47619047619047616,315.4477158696449,1176.2839900000001,True,0.10726923720848905
3000.0,0.0,pitch,0.1,500.0,0.0,0.0,6500.0,3211.3333333333335,3288.6666666666665,44.87692307692308,77.43076923076923,True,101.63076923076923,1.5050682137685496,0.47619047619047616,310.0820512820512,321.1333333333334,True,0.0965586624295364
3000.0,0.0,pitch,0.2,500.0,0.0,0.0,6500.0,3211.3333333333335,3288.6666666666665,44.87692307692308,77.43076923076923,True,101.63076923076923,1.5050682137685496,0.47619047619047616,310.0820512820512,642.2666666666668,True,0.0965586624295364
3000.0,0.0,pitch,0.3,500.0,0.0,0.0,6500.0,3211.3333333333335,3288.6666666666665,44.87692307692308,77.43076923076923,True,101.63076923076923,1.5050682137685496,0.47619047619047616,310.0820512820512,963.4,True,0.0965586624295364
3000.0,0.0,pitch,0.4,500.0,0.0,0.0,6500.0,3211.3333333333335,3288.6666666666665,44.87692307692308,77.43076923076923,True,101.63076923076923,1.5050682137685496,0.47619047619047616,310.0820512820512,1284.5333333333335,True,0.0965586624295364
3000.0,0.0,pitch,0.1,500.0,0.0,29.41995,6529.4199499999995,3226.0433083333332,3303.3766416666663,45.55334050002405,77.96050708149045,True,103.66002150007215,1.4822052221327342,0.47619047619047616,309.6311063333173,322.60433083333334,True,0.09597859567895312
3000.0,0.0,pitch,0.2,500.0,0.0,29.41995,6529.4199499999995,3226.0433083333332,3303.3766416666663,45.55334050002405,77.96050708149045,True,103.66002150007215,1.4822052221327342,0.47619047619047616,309.6311063333173,645.2086616666667,True,0.09597859567895312
3000.0,0.0,pitch,0.3,500.0,0.0,29.41995,6529.4199499999995,3226.0433083333332,3303.3766416666663,45.55334050002405,77.96050708149045,True,103.66002150007215,1.4822052221327342,0.47619047619047616,309.6311063333173,967.8129925,True,0.09597859567895312
3000.0,0.0,pitch,0.4,500.0,0.0,29.41995,6529.4199499999995,3226.0433083333332,3303.3766416666663,45.55334050002405,77.96050708149045,True,103.66002150007215,1.4822052221327342,0.47619047619047616,309.6311063333173,1290.4173233333333,True,0.09597859567895312
3000.0,0.0,pitch,0.1,500.0,100.0,0.0,6600.0,3176.0,3424.0,43.56060606060606,80.65151515151516,True,97.68181818181819,1.6303526789096066,0.47619047619047616,310.95959595959596,317.6,True,0.09790919268249243
3000.0,0.0,pitch,0.2,500.0,100.0,0.0,6600.0,3176.0,3424.0,43.56060606060606,80.65151515151516,True,97.68181818181819,1.6303526789096066,0.47619047619047616,310.95959595959596,635.2,True,0.09790919268249243
3000.0,0.0,pitch,0.3,500.0,100.0,0.0,6600.0,3176.0,3424.0,43.56060606060606,80.65151515151516,True,97.68181818181819,1.6303526789096066,0.47619047619047616,310.95959595959596,952.8,True,0.09790919268249243
3000.0,0.0,pitch,0.4,500.0,100.0,0.0,6600.0,3176.0,3424.0,43.56060606060606,80.65151515151516,True,97.68181818181819,1.6303526789096066,0.47619047619047616,310.95959595959596,1270.4,True,0.09790919268249243
3000.0,0.0,pitch,0.1,500.0,100.0,29.41995,6629.4199499999995,3190.7099749999998,3438.7099749999998,44.2326617504447,81.15896930771447,True,99.6979852513341,1.6042450450127737,0.47619047619047616,310.5115588330369,319.0709975,True,0.0973173874360163
3000.0,0.0,pitch,0.2,500.0,100.0,29.41995,6629.4199499999995,3190.7099749999998,3438.7099749999998,44.2326617504447,81.15896930771447,True,99.6979852513341,1.6042450450127737,0.47619047619047616,310.5115588330369,638.141995,True,0.0973173874360163
3000.0,0.0,pitch,0.3,500.0,100.0,29.41995,6629.4199499999995,3190.7099749999998,3438.7099749999998,44.2326617504447,81.15896930771447,True,99.6979852513341,1.6042450450127737,0.47619047619047616,310.5115588330369,957.2129924999999,True,0.0973173874360163
3000.0,0.0,pitch,0.4,500.0,100.0,29.41995,6629.4199499999995,3190.7099749999998,3438.7099749999998,44.2326617504447,81.15896930771447,True,99.6979852513341,1.6042450450127737,0.47619047619047616,310.5115588330369,1276.28399,True,0.0973173874360163
3000.0,0.1,pitch,0.1,0.0,0.0,0.0,6000.0,2621.3333333333335,3378.6666666666665,37.36666666666667,72.63333333333334,True,79.1,1.9866913631062637,0.5238095238095238,315.08888888888885,262.1333333333334,False,0.12020176330959645
3000.0,0.1,pitch,0.2,0.0,0.0,0.0,6000.0,2621.3333333333335,3378.6666666666665,37.36666666666667,72.63333333333334,True,79.1,1.9866913631062637,0.5238095238095238,315.08888888888885,524.2666666666668,True,0.12020176330959645
3000.0,0.1,pitch,0.3,0.0,0.0,0.0,6000.0,2621.3333333333335,3378.6666666666665,37.36666666666667,72.63333333333334,True,79.1,1.9866913631062637,0.5238095238095238,315.08888888888885,786.4,True,0.12020176330959645
3000.0,0.1,pitch,0.4,0.0,0.0,0.0,6000.0,2621.3333333333335,3378.6666666666665,37.36666666666667,72.63333333333334,True,79.1,1.9866913631062637,0.5238095238095238,315.08888888888885,1048.5333333333335,True,0.12020176330959645
3000.0,0.1,pitch,0.1,0.0,0.0,29.41995,6029.41995,2636.0433083333337,3393.3766416666667,38.13582270878312,73.23040921208349,True,81.40746812634936,1.9387836931675888,0.5238095238095238,314.5761181941446,263.6043308333334,False,0.11933647569433853
3000.0,0.1,pitch,0.2,0.0,0.0,29.41995,6029.41995,2636.0433083333337,3393.3766416666667,38.13582270878312,73.23040921208349,True,81.40746812634936,1.9387836931675888,0.5238095238095238,314.5761181941446,527.2086616666668,True,0.11933647569433853
3000.0,0.1,pitch,0.3,0.0,0.0,29.41995,6029.41995,2636.0433083333337,3393.3766416666667,38.13582270878312,73.23040921208349,True,81.40746812634936,1.9387836931675888,0.5238095238095238,314.5761181941446,790.8129925000001,True,0.11933647569433853
3000.0,0.1,pitch,0.4,0.0,0.0,29.41995,6029.41995,2636.0433083333337,3393.3766416666667,38.13582270878312,73.23040921208349,True,81.40746812634936,1.9387836931675888,0.5238095238095238,314.5761181941446,1054.4173233333336,True,0.11933647569433853
3000.0,0.1,pitch,0.1,0.0,100.0,0.0,6100.0,2586.0,3514.0,36.0655737704918,76.19672131147541,True,75.19672131147541,2.1735237602729653,0.5238095238095238,315.95628415300547,258.6,False,0.12217953756883429
3000.0,0.1,pitch,0.2,0.0,100.0,0.0,6100.0,2586.0,3514.0,36.0655737704918,76.19672131147541,True,75.19672131147541,2.1735237602729653,0.5238095238095238,315.95628415300547,517.2,True,0.12217953756883429
3000.0,0.1,pitch,0.3,0.0,100.0,0.0,6100.0,2586.0,3514.0,36.0655737704918,76.19672131147541,True,75.19672131147541,2.1735237602729653,0.5238095238095238,315.95628415300547,775.8,True,0.12217953756883429
3000.0,0.1,pitch,0.4,0.0,100.0,0.0,6100.0,2586.0,3514.0,36.0655737704918,76.19672131147541,True,75.19672131147541,2.1735237602729653,0.5238095238095238,315.95628415300547,1034.4,True,0.12217953756883429
3000.0,0.1,pitch,0.1,0.0,100.0,29.41995,6129.41995,2600.709975,3528.709975,36.82842619553258,76.76695251562914,True,77.48527858659773,2.118157775807821,0.5238095238095238,315.4477158696449,260.07099750000003,False,0.121292923433204
3000.0,0.1,pitch,0.2,0.0,100.0,29.41995,6129.41995,2600.709975,3528.709975,36.82842619553258,76.76695251562914,True,77.48527858659773,2.118157775807821,0.5238095238095238,315.4477158696449,520.1419950000001,True,0.121292923433204
3000.0,0.1,pitch,0.3,0.0,100.0,29.41995,6129.41995,2600.709975,3528.709975,36.82842619553258,76.76695251562914,True,77.48527858659773,2.118157775807821,0.5238095238095238,315.4477158696449,780.2129925,True,0.121292923433204
3000.0,0.1,pitch,0.4,0.0,100.0,29.41995,6129.41995,2600.709975,3528.709975,36.82842619553258,76.76695251562914,True,77.48527858659773,2.118157775807821,0.5238095238095238,315.4477158696449,1040.2839900000001,True,0.121292923433204
3000.0,0.1,pitch,0.1,500.0,0.0,0.0,6500.0,2871.3333333333335,3628.6666666666665,44.87692307692308,77.43076923076923,True,101.63076923076923,1.6606702387071186,0.5238095238095238,310.0820512820512,287.1333333333334,False,0.10799235591434335
3000.0,0.1,pitch,0.2,500.0,0.0,0.0,6500.0,2871.3333333333335,3628.6666666666665,44.87692307692308,77.43076923076923,True,101.63076923076923,1.6606702387071186,0.5238095238095238,310.0820512820512,574.2666666666668,True,0.10799235591434335
3000.0,0.1,pitch,0.3,500.0,0.0,0.0,6500.0,2871.3333333333335,3628.6666666666665,44.87692307692308,77.43076923076923,True,101.63076923076923,1.6606702387071186,0.5238095238095238,310.0820512820512,861.4,True,0.10799235591434335
3000.0,0.1,pitch,0.4,500.0,0.0,0.0,6500.0,2871.3333333333335,3628.6666666666665,44.87692307692308,77.43076923076923,True,101.63076923076923,1.6606702387071186,0.5238095238095238,310.0820512820512,1148.5333333333335,True,0.10799235591434335
3000.0,0.1,pitch,0.1,500.0,0.0,29.41995,6529.4199499999995,2886.0433083333332,3643.3766416666663,45.55334050002405,77.96050708149045,True,103.66002150007215,1.6347611762944945,0.5238095238095238,309.6311063333173,288.60433083333334,False,0.10728567566511216
3000.0,0.1,pitch,0.2,500.0,0.0,29.41995,6529.4199499999995,2886.0433083333332,3643.3766416666663,45.55334050002405,77.96050708149045,True,103.66002150007215,1.6347611762944945,0.5238095238095238,309.6311063333173,577.2086616666667,True,0.10728567566511216
3000.0,0.1,pitch,0.3,500.0,0.0,29.41995,6529.4199499999995,2886.0433083333332,3643.3766416666663,45.55334050002405,77.96050708149045,True,103.66002150007215,1.6347611762944945,0.5238095238095238,309.6311063333173,865.8129925,True,0.10728567566511216
3000.0,0.1,pitch,0.4,500.0,0.0,29.41995,6529.4199499999995,2886.0433083333332,3643.3766416666663,45.55334050002405,77.96050708149045,True,103.66002150007215,1.6347611762944945,0.5238095238095238,309.6311063333173,1154.4173233333333,True,0.10728567566511216
3000.0,0.1,pitch,0.1,500.0,100.0,0.0,6600.0,2836.0,3764.0,43.56060606060606,80.65151515151516,True,97.68181818181819,1.7922451762312377,0.5238095238095238,310.95959595959596,283.6,False,0.10964724822270662
3000.0,0.1,pitch,0.2,500.0,100.0,0.0,6600.0,2836.0,3764.0,43.56060606060606,80.65151515151516,True,97.68181818181819,1.7922451762312377,0.5238095238095238,310.95959595959596,567.2,True,0.10964724822270662
3000.0,0.1,pitch,0.3,500.0,100.0,0.0,6600.0,2836.0,3764.0,43.56060606060606,80.65151515151516,True,97.68181818181819,1.7922451762312377,0.5238095238095238,310.95959595959596,850.8,True,0.10964724822270662
3000.0,0.1,pitch,0.4,500.0,100.0,0.0,6600.0,2836.0,3764.0,43.56060606060606,80.65151515151516,True,97.68181818181819,1.7922451762312377,0.5238095238095238,310.95959595959596,1134.4,True,0.10964724822270662
3000.0,0.1,pitch,0.1,500.0,100.0,29.41995,6629.4199499999995,2850.7099749999998,3778.7099749999998,44.2326617504447,81.15896930771447,True,99.6979852513341,1.7628636314215744,0.5238095238095238,310.5115588330369,285.0709975,False,0.10892428958264577
3000.0,0.1,pitch,0.2,500.0,100.0,29.41995,6629.4199499999995,2850.7099749999998,3778.7099749999998,44.2326617504447,81.15896930771447,True,99.6979852513341,1.7628636314215744,0.5238095238095238,310.5115588330369,570.141995,True,0.10892428958264577
3000.0,0.1,pitch,0.3,500.0,100.0,29.41995,6629.4199499999995,2850.7099749999998,3778.7099749999998,44.2326617504447,81.15896930771447,True,99.6979852513341,1.7628636314215744,0.5238095238095238,310.5115588330369,855.2129924999999,True,0.10892428958264577
3000.0,0.1,pitch,0.4,500.0,100.0,29.41995,6629.4199499999995,2850.7099749999998,3778.7099749999998,44.2326617504447,81.15896930771447,True,99.6979852513341,1.7628636314215744,0.5238095238095238,310.5115588330369,1140.28399,True,0.10892428958264577
3000.0,0.2,pitch,0.1,0.0,0.0,0.0,6000.0,2281.3333333333335,3718.6666666666665,37.36666666666667,72.63333333333334,True,79.1,2.186614921745607,0.5714285714285714,315.08888888888885,228.13333333333335,False,0.1381161114358075
3000.0,0.2,pitch,0.2,0.0,0.0,0.0,6000.0,2281.3333333333335,3718.6666666666665,37.36666666666667,72.63333333333334,True,79.1,2.186614921745607,0.5714285714285714,315.08888888888885,456.2666666666667,True,0.1381161114358075
3000.0,0.2,pitch,0.3,0.0,0.0,0.0,6000.0,2281.3333333333335,3718.6666666666665,37.36666666666667,72.63333333333334,True,79.1,2.186614921745607,0.5714285714285714,315.08888888888885,684.4,True,0.1381161114358075
3000.0,0.2,pitch,0.4,0.0,0.0,0.0,6000.0,2281.3333333333335,3718.6666666666665,37.36666666666667,72.63333333333334,True,79.1,2.186614921745607,0.5714285714285714,315.08888888888885,912.5333333333334,True,0.1381161114358075
3000.0,0.2,pitch,0.1,0.0,0.0,29.41995,6029.41995,2296.0433083333337,3733.3766416666667,38.13582270878312,73.23040921208349,True,81.40746812634936,2.133040483758691,0.5714285714285714,314.5761181941446,229.6043308333334,False,0.13700792012607596
3000.0,0.2,pitch,0.2,0.0,0.0,29.41995,6029.41995,2296.0433083333337,3733.3766416666667,38.13582270878312,73.23040921208349,True,81.40746812634936,2.133040483758691,0.5714285714285714,314.5761181941446,459.2086616666668,True,0.13700792012607596
3000.0,0.2,pitch,0.3,0.0,0.0,29.41995,6029.41995,2296.0433083333337,3733.3766416666667,38.13582270878312,73.23040921208349,True,81.40746812634936,2.133040483758691,0.5714285714285714,314.5761181941446,688.8129925000001,True,0.13700792012607596
3000.0,0.2,pitch,0.4,0.0,0.0,29.41995,6029.41995,2296.0433083333337,3733.3766416666667,38.13582270878312,73.23040921208349,True,81.40746812634936,2.133040483758691,0.5714285714285714,314.5761181941446,918.4173233333336,True,0.13700792012607596
3000.0,0.2,pitch,0.1,0.0,100.0,0.0,6100.0,2246.0,3854.0,36.0655737704918,76.19672131147541,True,75.19672131147541,2.383824863998864,0.5714285714285714,315.95628415300547,224.60000000000002,False,0.1406751042533417
3000.0,0.2,pitch,0.2,0.0,100.0,0.0,6100.0,2246.0,3854.0,36.0655737704918,76.19672131147541,True,75.19672131147541,2.383824863998864,0.5714285714285714,315.95628415300547,449.20000000000005,True,0.1406751042533417
3000.0,0.2,pitch,0.3,0.0,100.0,0.0,6100.0,2246.0,3854.0,36.0655737704918,76.19672131147541,True,75.19672131147541,2.383824863998864,0.5714285714285714,315.95628415300547,673.8,True,0.1406751042533417
3000.0,0.2,pitch,0.4,0.0,100.0,0.0,6100.0,2246.0,3854.0,36.0655737704918,76.19672131147541,True,75.19672131147541,2.383824863998864,0.5714285714285714,315.95628415300547,898.4000000000001,True,0.1406751042533417
3000.0,0.2,pitch,0.1,0.0,100.0,29.41995,6129.41995,2260.709975,3868.709975,36.82842619553258,76.76695251562914,True,77.48527858659773,2.3222475561742733,0.5714285714285714,315.4477158696449,226.07099750000003,False,0.1395348007298658
3000.0,0.2,pitch,0.2,0.0,100.0,29.41995,6129.41995,2260.709975,3868.709975,36.82842619553258,76.76695251562914,True,77.48527858659773,2.3222475561742733,0.5714285714285714,315.4477158696449,452.14199500000007,True,0.1395348007298658
3000.0,0.2,pitch,0.3,0.0,100.0,29.41995,6129.41995,2260.709975,3868.709975,36.82842619553258,76.76695251562914,True,77.48527858659773,2.3222475561742733,0.5714285714285714,315.4477158696449,678.2129925,True,0.1395348007298658
3000.0,0.2,pitch,0.4,0.0,100.0,29.41995,6129.41995,2260.709975,3868.709975,36.82842619553258,76.76695251562914,True,77.48527858659773,2.3222475561742733,0.5714285714285714,315.4477158696449,904.2839900000001,True,0.1395348007298658
3000.0,0.2,pitch,0.1,500.0,0.0,0.0,6500.0,2531.3333333333335,3968.6666666666665,44.87692307692308,77.43076923076923,True,101.63076923076923,1.8162722636456878,0.5714285714285714,310.0820512820512,253.13333333333335,False,0.12249751828366522
3000.0,0.2,pitch,0.2,500.0,0.0,0.0,6500.0,2531.3333333333335,3968.6666666666665,44.87692307692308,77.43076923076923,True,101.63076923076923,1.8162722636456878,0.5714285714285714,310.0820512820512,506.2666666666667,True,0.12249751828366522
3000.0,0.2,pitch,0.3,500.0,0.0,0.0,6500.0,2531.3333333333335,3968.6666666666665,44.87692307692308,77.43076923076923,True,101.63076923076923,1.8162722636456878,0.5714285714285714,310.0820512820512,759.4,True,0.12249751828366522
3000.0,0.2,pitch,0.4,500.0,0.0,0.0,6500.0,2531.3333333333335,3968.6666666666665,44.87692307692308,77.43076923076923,True,101.63076923076923,1.8162722636456878,0.5714285714285714,310.0820512820512,1012.5333333333334,True,0.12249751828366522
3000.0,0.2,pitch,0.1,500.0,0.0,29.41995,6529.4199499999995,2546.0433083333332,3983.3766416666663,45.55334050002405,77.96050708149045,True,103.66002150007215,1.7873171304562547,0.5714285714285714,309.6311063333173,254.60433083333334,False,0.12161266280109158
3000.0,0.2,pitch,0.2,500.0,0.0,29.41995,6529.4199499999995,2546.0433083333332,3983.3766416666663,45.55334050002405,77.96050708149045,True,103.66002150007215,1.7873171304562547,0.5714285714285714,309.6311063333173,509.20866166666667,True,0.12161266280109158
3000.0,0.2,pitch,0.3,500.0,0.0,29.41995,6529.4199499999995,2546.0433083333332,3983.3766416666663,45.55334050002405,77.96050708149045,True,103.66002150007215,1.7873171304562547,0.5714285714285714,309.6311063333173,763.8129925,True,0.12161266280109158
3000.0,0.2,pitch,0.4,500.0,0.0,29.41995,6529.4199499999995,2546.0433083333332,3983.3766416666663,45.55334050002405,77.96050708149045,True,103.66002150007215,1.7873171304562547,0.5714285714285714,309.6311063333173,1018.4173233333333,True,0.12161266280109158
3000.0,0.2,pitch,0.1,500.0,100.0,0.0,6600.0,2496.0,4104.0,43.56060606060606,80.65151515151516,True,97.68181818181819,1.954137673552869,0.5714285714285714,310.95959595959596,249.60000000000002,False,0.12458317145817145
3000.0,0.2,pitch,0.2,500.0,100.0,0.0,6600.0,2496.0,4104.0,43.56060606060606,80.65151515151516,True,97.68181818181819,1.954137673552869,0.5714285714285714,310.95959595959596,499.20000000000005,True,0.12458317145817145
3000.0,0.2,pitch,0.3,500.0,100.0,0.0,6600.0,2496.0,4104.0,43.56060606060606,80.65151515151516,True,97.68181818181819,1.954137673552869,0.5714285714285714,310.95959595959596,748.8,True,0.12458317145817145
3000.0,0.2,pitch,0.4,500.0,100.0,0.0,6600.0,2496.0,4104.0,43.56060606060606,80.65151515151516,True,97.68181818181819,1.954137673552869,0.5714285714285714,310.95959595959596,998.4000000000001,True,0.12458317145817145
3000.0,0.2,pitch,0.1,500.0,100.0,29.41995,6629.4199499999995,2510.7099749999998,4118.709975,44.2326617504447,81.15896930771447,True,99.6979852513341,1.921482217830375,0.5714285714285714,310.5115588330369,251.07099749999998,False,0.12367480191854374
3000.0,0.2,pitch,0.2,500.0,100.0,29.41995,6629.4199499999995,2510.7099749999998,4118.709975,44.2326617504447,81.15896930771447,True,99.6979852513341,1.921482217830375,0.5714285714285714,310.5115588330369,502.14199499999995,True,0.12367480191854374
3000.0,0.2,pitch,0.3,500.0,100.0,29.41995,6629.4199499999995,2510.7099749999998,4118.709975,44.2326617504447,81.15896930771447,True,99.6979852513341,1.921482217830375,0.5714285714285714,310.5115588330369,753.2129924999999,True,0.12367480191854374
3000.0,0.2,pitch,0.4,500.0,100.0,29.41995,6629.4199499999995,2510.7099749999998,4118.709975,44.2326617504447,81.15896930771447,True,99.6979852513341,1.921482217830375,0.5714285714285714,310.5115588330369,1004.2839899999999,True,0.12367480191854374
3000.0,0.0,roll,0.1,0.0,0.0,0.0,6000.0,2294.6666666666665,3705.3333333333335,54.03333333333333,55.96666666666667,True,129.1,1.3349425660055605,0.47619047619047616,303.97777777777776,229.46666666666667,False,0.13247143133836917
3000.0,0.0,roll,0.2,0.0,0.0,0.0,6000.0,2294.6666666666665,3705.3333333333335,54.03333333333333,55.96666666666667,True,129.1,1.3349425660055605,0.47619047619047616,303.97777777777776,458.93333333333334,True,0.13247143133836917
3000.0,0.0,roll,0.3,0.0,0.0,0.0,6000.0,2294.6666666666665,3705.3333333333335,54.03333333333333,55.96666666666667,True,129.1,1.3349425660055605,0.47619047619047616,303.97777777777776,688.4,True,0.13247143133836917
3000.0,0.0,roll,0.4,0.0,0.0,0.0,6000.0,2294.6666666666665,3705.3333333333335,54.03333333333333,55.96666666666667,True,129.1,1.3349425660055605,0.47619047619047616,303.97777777777776,917.8666666666667,True,0.13247143133836917
3000.0,0.0,roll,0.1,0.0,0.0,29.41995,6029.41995,2309.3766416666667,3720.0433083333337,54.721166046826774,56.64506587403984,True,131.16349814048033,1.3191571786971032,0.47619047619047616,303.51922263544884,230.93766416666668,False,0.13142906928183026
3000.0,0.0,roll,0.2,0.0,0.0,29.41995,6029.41995,2309.3766416666667,3720.0433083333337,54.721166046826774,56.64506587403984,True,131.16349814048033,1.3191571786971032,0.47619047619047616,303.51922263544884,461.87532833333336,True,0.13142906928183026
3000.0,0.0,roll,0.3,0.0,0.0,29.41995,6029.41995,2309.3766416666667,3720.0433083333337,54.721166046826774,56.64506587403984,True,131.16349814048033,1.3191571786971032,0.47619047619047616,303.51922263544884,692.8129925,True,0.13142906928183026
3000.0,0.0,roll,0.4,0.0,0.0,29.41995,6029.41995,2309.3766416666667,3720.0433083333337,54.721166046826774,56.64506587403984,True,131.16349814048033,1.3191571786971032,0.47619047619047616,303.51922263544884,923.7506566666667,True,0.13142906928183026
3000.0,0.0,roll,0.1,0.0,100.0,0.0,6100.0,2259.3333333333335,3840.6666666666665,52.459016393442624,59.80327868852459,True,124.37704918032787,1.436242941056867,0.47619047619047616,305.0273224043716,225.93333333333337,False,0.1350076670423598
3000.0,0.0,roll,0.2,0.0,100.0,0.0,6100.0,2259.3333333333335,3840.6666666666665,52.459016393442624,59.80327868852459,True,124.37704918032787,1.436242941056867,0.47619047619047616,305.0273224043716,451.86666666666673,True,0.1350076670423598
3000.0,0.0,roll,0.3,0.0,100.0,0.0,6100.0,2259.3333333333335,3840.6666666666665,52.459016393442624,59.80327868852459,True,124.37704918032787,1.436242941056867,0.47619047619047616,305.0273224043716,677.8000000000001,True,0.1350076670423598
3000.0,0.0,roll,0.4,0.0,100.0,0.0,6100.0,2259.3333333333335,3840.6666666666665,52.459016393442624,59.80327868852459,True,124.37704918032787,1.436242941056867,0.47619047619047616,305.0273224043716,903.7333333333335,True,0.1350076670423598
3000.0,0.0,roll,0.1,0.0,100.0,29.41995,6129.41995,2274.0433083333337,3855.3766416666667,53.14318367923215,60.45219503192957,True,126.42955103769646,1.418338057255169,0.47619047619047616,304.5712108805119,227.40433083333338,False,0.1339337776745047
3000.0,0.0,roll,0.2,0.0,100.0,29.41995,6129.41995,2274.0433083333337,3855.3766416666667,53.14318367923215,60.45219503192957,True,126.42955103769646,1.418338057255169,0.47619047619047616,304.5712108805119,454.80866166666675,True,0.1339337776745047
3000.0,0.0,roll,0.3,0.0,100.0,29.41995,6129.41995,2274.0433083333337,3855.3766416666667,53.14318367923215,60.45219503192957,True,126.42955103769646,1.418338057255169,0.47619047619047616,304.5712108805119,682.2129925,True,0.1339337776745047
3000.0,0.0,roll,0.4,0.0,100.0,29.41995,6129.41995,2274.0433083333337,3855.3766416666667,53.14318367923215,60.45219503192957,True,126.42955103769646,1.418338057255169,0.47619047619047616,304.5712108805119,909.6173233333335,True,0.1339337776745047
3000.0,0.0,roll,0.1,500.0,0.0,0.0,6500.0,2544.6666666666665,3955.3333333333335,60.261538461538464,62.04615384615385,True,147.7846153846154,1.2448453566650044,0.47619047619047616,299.82564102564106,254.46666666666667,False,0.11782511436690113
3000.0,0.0,roll,0.2,500.0,0.0,0.0,6500.0,2544.6666666666665,3955.3333333333335,60.261538461538464,62.04615384615385,True,147.7846153846154,1.2448453566650044,0.47619047619047616,299.82564102564106,508.93333333333334,True,0.11782511436690113
3000.0,0.0,roll,0.3,500.0,0.0,0.0,6500.0,2544.6666666666665,3955.3333333333335,60.261538461538464,62.04615384615385,True,147.7846153846154,1.2448453566650044,0.47619047619047616,299.82564102564106,763.4,True,0.11782511436690113
3000.0,0.0,roll,0.4,500.0,0.0,0.0,6500.0,2544.6666666666665,3955.3333333333335,60.261538461538464,62.04615384615385,True,147.7846153846154,1.2448453566650044,0.47619047619047616,299.82564102564106,1017.8666666666667,True,0.11782511436690113
3000.0,0.0,roll,0.1,500.0,0.0,29.41995,6529.4199499999995,2559.3766416666663,3970.0433083333332,60.868636616028965,62.64521096548554,True,148.0,1.2341186020757584,0.47619047619047616,299.42090892264736,255.93766416666665,False,0.11698977948304805
3000.0,0.0,roll,0.2,500.0,0.0,29.41995,6529.4199499999995,2559.3766416666663,3970.0433083333332,60.868636616028965,62.64521096548554,True,148.0,1.2341186020757584,0.47619047619047616,299.42090892264736,511.8753283333333,True,0.11698977948304805
3000.0,0.0,roll,0.3,500.0,0.0,29.41995,6529.4199499999995,2559.3766416666663,3970.0433083333332,60.868636616028965,62.64521096548554,True,148.0,1.2341186020757584,0.47619047619047616,299.42090892264736,767.8129924999998,True,0.11698977948304805
3000.0,0.0,roll,0.4,500.0,0.0,29.41995,6529.4199499999995,2559.3766416666663,3970.0433083333332,60.868636616028965,62.64521096548554,True,148.0,1.2341186020757584,0.47619047619047616,299.42090892264736,1023.7506566666666,True,0.11698977948304805
3000.0,0.0,roll,0.1,500.0,100.0,0.0,6600.0,2509.3333333333335,4090.6666666666665,58.71212121212121,65.5,True,143.13636363636363,1.3292468877778354,0.47619047619047616,300.85858585858585,250.93333333333337,False,0.1198958232698934
3000.0,0.0,roll,0.2,500.0,100.0,0.0,6600.0,2509.3333333333335,4090.6666666666665,58.71212121212121,65.5,True,143.13636363636363,1.3292468877778354,0.47619047619047616,300.85858585858585,501.86666666666673,True,0.1198958232698934
3000.0,0.0,roll,0.3,500.0,100.0,0.0,6600.0,2509.3333333333335,4090.6666666666665,58.71212121212121,65.5,True,143.13636363636363,1.3292468877778354,0.47619047619047616,300.85858585858585,752.8000000000001,True,0.1198958232698934
3000.0,0.0,roll,0.4,500.0,100.0,0.0,6600.0,2509.3333333333335,4090.6666666666665,58.71212121212121,65.5,True,143.13636363636363,1.3292468877778354,0.47619047619047616,300.85858585858585,1003.7333333333335,True,0.1198958232698934
3000.0,0.0,roll,0.1,500.0,100.0,29.41995,6629.4199499999995,2524.0433083333332,4105.376641666667,59.3169377133817,66.07469334477747,True,144.9508131401451,1.317327903435607,0.47619047619047616,300.45537485774554,252.40433083333335,False,0.11903732945697398
3000.0,0.0,roll,0.2,500.0,100.0,29.41995,6629.4199499999995,2524.0433083333332,4105.376641666667,59.3169377133817,66.07469334477747,True,144.9508131401451,1.317327903435607,0.47619047619047616,300.45537485774554,504.8086616666667,True,0.11903732945697398
3000.0,0.0,roll,0.3,500.0,100.0,29.41995,6629.4199499999995,2524.0433083333332,4105.376641666667,59.3169377133817,66.07469334477747,True,144.9508131401451,1.317327903435607,0.47619047619047616,300.45537485774554,757.2129924999999,True,0.11903732945697398
3000.0,0.0,roll,0.4,500.0,100.0,29.41995,6629.4199499999995,2524.0433083333332,4105.376641666667,59.3169377133817,66.07469334477747,True,144.9508131401451,1.317327903435607,0.47619047619047616,300.45537485774554,1009.6173233333334,True,0.11903732945697398
3000.0,0.1,roll,0.1,0.0,0.0,0.0,6000.0,1954.6666666666667,4045.333333333333,54.03333333333333,55.96666666666667,True,129.1,1.4574363962795502,0.5238095238095238,303.97777777777776,195.4666666666667,False,0.1555138699408822
3000.0,0.1,roll,0.2,0.0,0.0,0.0,6000.0,1954.6666666666667,4045.333333333333,54.03333333333333,55.96666666666667,True,129.1,1.4574363962795502,0.5238095238095238,303.97777777777776,390.9333333333334,True,0.1555138699408822
3000.0,0.1,roll,0.3,0.0,0.0,0.0,6000.0,1954.6666666666667,4045.333333333333,54.03333333333333,55.96666666666667,True,129.1,1.4574363962795502,0.5238095238095238,303.97777777777776,586.4,True,0.1555138699408822
3000.0,0.1,roll,0.4,0.0,0.0,0.0,6000.0,1954.6666666666667,4045.333333333333,54.03333333333333,55.96666666666667,True,129.1,1.4574363962795502,0.5238095238095238,303.97777777777776,781.8666666666668,True,0.1555138699408822
3000.0,0.1,roll,0.1,0.0,0.0,29.41995,6029.41995,1969.376641666667,4060.0433083333337,54.721166046826774,56.64506587403984,True,131.16349814048033,1.4397239042920156,0.5238095238095238,303.51922263544884,196.9376641666667,False,0.15411943871670128
3000.0,0.1,roll,0.2,0.0,0.0,29.41995,6029.41995,1969.376641666667,4060.0433083333337,54.721166046826774,56.64506587403984,True,131.16349814048033,1.4397239042920156,0.5238095238095238,303.51922263544884,393.8753283333334,True,0.15411943871670128
3000.0,0.1,roll,0.3,0.0,0.0,29.41995,6029.41995,1969.376641666667,4060.0433083333337,54.721166046826774,56.64506587403984,True,131.16349814048033,1.4397239042920156,0.5238095238095238,303.51922263544884,590.8129925000001,True,0.15411943871670128
3000.0,0.1,roll,0.4,0.0,0.0,29.41995,6029.41995,1969.376641666667,4060.0433083333337,54.721166046826774,56.64506587403984,True,131.16349814048033,1.4397239042920156,0.5238095238095238,303.51922263544884,787.7506566666668,True,0.15411943871670128
3000.0,0.1,roll,0.1,0.0,100.0,0.0,6100.0,1919.3333333333333,4180.666666666667,52.459016393442624,59.80327868852459,True,124.37704918032787,1.563388210964696,0.5238095238095238,305.0273224043716,191.93333333333334,False,0.15892357888383377
3000.0,0.1,roll,0.2,0.0,100.0,0.0,6100.0,1919.3333333333333,4180.666666666667,52.459016393442624,59.80327868852459,True,124.37704918032787,1.563388210964696,0.5238095238095238,305.0273224043716,383.8666666666667,True,0.15892357888383377
3000.0,0.1,roll,0.3,0.0,100.0,0.0,6100.0,1919.3333333333333,4180.666666666667,52.459016393442624,59.80327868852459,True,124.37704918032787,1.563388210964696,0.5238095238095238,305.0273224043716,575.8,True,0.15892357888383377
3000.0,0.1,roll,0.4,0.0,100.0,0.0,6100.0,1919.3333333333333,4180.666666666667,52.459016393442624,59.80327868852459,True,124.37704918032787,1.563388210964696,0.5238095238095238,305.0273224043716,767.7333333333333,True,0.15892357888383377
3000.0,0.1,roll,0.1,0.0,100.0,29.41995,6129.41995,1934.0433083333335,4195.376641666667,53.14318367923215,60.45219503192957,True,126.42955103769646,1.5434192060734304,0.5238095238095238,304.5712108805119,193.40433083333335,False,0.1574790024443542
3000.0,0.1,roll,0.2,0.0,100.0,29.41995,6129.41995,1934.0433083333335,4195.376641666667,53.14318367923215,60.45219503192957,True,126.42955103769646,1.5434192060734304,0.5238095238095238,304.5712108805119,386.8086616666667,True,0.1574790024443542
3000.0,0.1,roll,0.3,0.0,100.0,29.41995,6129.41995,1934.0433083333335,4195.376641666667,53.14318367923215,60.45219503192957,True,126.42955103769646,1.5434192060734304,0.5238095238095238,304.5712108805119,580.2129925,True,0.1574790024443542
3000.0,0.1,roll,0.4,0.0,100.0,29.41995,6129.41995,1934.0433083333335,4195.376641666667,53.14318367923215,60.45219503192957,True,126.42955103769646,1.5434192060734304,0.5238095238095238,304.5712108805119,773.6173233333334,True,0.1574790024443542
3000.0,0.1,roll,0.1,500.0,0.0,0.0,6500.0,2204.666666666667,4295.333333333333,60.261538461538464,62.04615384615385,True,147.7846153846154,1.3518521208482424,0.5238095238095238,299.82564102564106,220.4666666666667,False,0.13599590611988555
3000.0,0.1,roll,0.2,500.0,0.0,0.0,6500.0,2204.666666666667,4295.333333333333,60.261538461538464,62.04615384615385,True,147.7846153846154,1.3518521208482424,0.5238095238095238,299.82564102564106,440.9333333333334,True,0.13599590611988555
3000.0,0.1,roll,0.3,500.0,0.0,0.0,6500.0,2204.666666666667,4295.333333333333,60.261538461538464,62.04615384615385,True,147.7846153846154,1.3518521208482424,0.5238095238095238,299.82564102564106,661.4000000000001,True,0.13599590611988555
3000.0,0.1,roll,0.4,500.0,0.0,0.0,6500.0,2204.666666666667,4295.333333333333,60.261538461538464,62.04615384615385,True,147.7846153846154,1.3518521208482424,0.5238095238095238,299.82564102564106,881.8666666666668,True,0.13599590611988555
3000.0,0.1,roll,0.1,500.0,0.0,29.41995,6529.4199499999995,2219.3766416666667,4310.043308333333,60.868636616028965,62.64521096548554,True,148.0,1.3398102261003613,0.5238095238095238,299.42090892264736,221.93766416666668,False,0.13491216556095398
3000.0,0.1,roll,0.2,500.0,0.0,29.41995,6529.4199499999995,2219.3766416666667,4310.043308333333,60.868636616028965,62.64521096548554,True,148.0,1.3398102261003613,0.5238095238095238,299.42090892264736,443.87532833333336,True,0.13491216556095398
3000.0,0.1,roll,0.3,500.0,0.0,29.41995,6529.4199499999995,2219.3766416666667,4310.043308333333,60.868636616028965,62.64521096548554,True,148.0,1.3398102261003613,0.5238095238095238,299.42090892264736,665.8129925,True,0.13491216556095398
3000.0,0.1,roll,0.4,500.0,0.0,29.41995,6529.4199499999995,2219.3766416666667,4310.043308333333,60.868636616028965,62.64521096548554,True,148.0,1.3398102261003613,0.5238095238095238,299.42090892264736,887.7506566666667,True,0.13491216556095398
3000.0,0.1,roll,0.1,500.0,100.0,0.0,6600.0,2169.333333333333,4430.666666666667,58.71212121212121,65.5,True,143.13636363636363,1.439728620627688,0.5238095238095238,300.85858585858585,216.9333333333333,False,0.13868711702147477
3000.0,0.1,roll,0.2,500.0,100.0,0.0,6600.0,2169.333333333333,4430.666666666667,58.71212121212121,65.5,True,143.13636363636363,1.439728620627688,0.5238095238095238,300.85858585858585,433.8666666666666,True,0.13868711702147477
3000.0,0.1,roll,0.3,500.0,100.0,0.0,6600.0,2169.333333333333,4430.666666666667,58.71212121212121,65.5,True,143.13636363636363,1.439728620627688,0.5238095238095238,300.85858585858585,650.7999999999998,True,0.13868711702147477
3000.0,0.1,roll,0.4,500.0,100.0,0.0,6600.0,2169.333333333333,4430.666666666667,58.71212121212121,65.5,True,143.13636363636363,1.439728620627688,0.5238095238095238,300.85858585858585,867.7333333333332,True,0.13868711702147477
3000.0,0.1,roll,0.1,500.0,100.0,29.41995,6629.4199499999995,2184.043308333333,4445.376641666667,59.3169377133817,66.07469334477747,True,144.9508131401451,1.4264266600813007,0.5238095238095238,300.45537485774554,218.4043308333333,False,0.13756841437683134
3000.0,0.1,roll,0.2,500.0,100.0,29.41995,6629.4199499999995,2184.043308333333,4445.376641666667,59.3169377133817,66.07469334477747,True,144.9508131401451,1.4264266600813007,0.5238095238095238,300.45537485774554,436.8086616666666,True,0.13756841437683134
3000.0,0.1,roll,0.3,500.0,100.0,29.41995,6629.4199499999995,2184.043308333333,4445.376641666667,59.3169377133817,66.07469334477747,True,144.9508131401451,1.4264266600813007,0.5238095238095238,300.45537485774554,655.2129924999998,True,0.13756841437683134
3000.0,0.1,roll,0.4,500.0,100.0,29.41995,6629.4199499999995,2184.043308333333,4445.376641666667,59.3169377133817,66.07469334477747,True,144.9508131401451,1.4264266600813007,0.5238095238095238,300.45537485774554,873.6173233333332,True,0.13756841437683134
3000.0,0.2,roll,0.1,0.0,0.0,0.0,6000.0,1614.6666666666667,4385.333333333333,54.03333333333333,55.96666666666667,True,129.1,1.5799302265535404,0.5714285714285714,303.97777777777776,161.4666666666667,False,0.18826039086154692
3000.0,0.2,roll,0.2,0.0,0.0,0.0,6000.0,1614.6666666666667,4385.333333333333,54.03333333333333,55.96666666666667,True,129.1,1.5799302265535404,0.5714285714285714,303.97777777777776,322.9333333333334,True,0.18826039086154692
3000.0,0.2,roll,0.3,0.0,0.0,0.0,6000.0,1614.6666666666667,4385.333333333333,54.03333333333333,55.96666666666667,True,129.1,1.5799302265535404,0.5714285714285714,303.97777777777776,484.4,True,0.18826039086154692
3000.0,0.2,roll,0.4,0.0,0.0,0.0,6000.0,1614.6666666666667,4385.333333333333,54.03333333333333,55.96666666666667,True,129.1,1.5799302265535404,0.5714285714285714,303.97777777777776,645.8666666666668,True,0.18826039086154692
3000.0,0.2,roll,0.1,0.0,0.0,29.41995,6029.41995,1629.376641666667,4400.043308333334,54.721166046826774,56.64506587403984,True,131.16349814048033,1.5602906298869281,0.5714285714285714,303.51922263544884,162.9376641666667,False,0.18627935056500086
3000.0,0.2,roll,0.2,0.0,0.0,29.41995,6029.41995,1629.376641666667,4400.043308333334,54.721166046826774,56.64506587403984,True,131.16349814048033,1.5602906298869281,0.5714285714285714,303.51922263544884,325.8753283333334,True,0.18627935056500086
3000.0,0.2,roll,0.3,0.0,0.0,29.41995,6029.41995,1629.376641666667,4400.043308333334,54.721166046826774,56.64506587403984,True,131.16349814048033,1.5602906298869281,0.5714285714285714,303.51922263544884,488.81299250000006,True,0.18627935056500086
3000.0,0.2,roll,0.4,0.0,0.0,29.41995,6029.41995,1629.376641666667,4400.043308333334,54.721166046826774,56.64506587403984,True,131.16349814048033,1.5602906298869281,0.5714285714285714,303.51922263544884,651.7506566666668,True,0.18627935056500086
3000.0,0.2,roll,0.1,0.0,100.0,0.0,6100.0,1579.3333333333333,4520.666666666667,52.459016393442624,59.80327868852459,True,124.37704918032787,1.6905334808725248,0.5714285714285714,305.0273224043716,157.93333333333334,False,0.19313675964818802
3000.0,0.2,roll,0.2,0.0,100.0,0.0,6100.0,1579.3333333333333,4520.666666666667,52.459016393442624,59.80327868852459,True,124.37704918032787,1.6905334808725248,0.5714285714285714,305.0273224043716,315.8666666666667,True,0.19313675964818802
3000.0,0.2,roll,0.3,0.0,100.0,0.0,6100.0,1579.3333333333333,4520.666666666667,52.459016393442624,59.80327868852459,True,124.37704918032787,1.6905334808725248,0.5714285714285714,305.0273224043716,473.79999999999995,True,0.19313675964818802
3000.0,0.2,roll,0.4,0.0,100.0,0.0,6100.0,1579.3333333333333,4520.666666666667,52.459016393442624,59.80327868852459,True,124.37704918032787,1.6905334808725248,0.5714285714285714,305.0273224043716,631.7333333333333,True,0.19313675964818802
3000.0,0.2,roll,0.1,0.0,100.0,29.41995,6129.41995,1594.0433083333335,4535.376641666667,53.14318367923215,60.45219503192957,True,126.42955103769646,1.6685003548916917,0.5714285714285714,304.5712108805119,159.40433083333335,False,0.19106834129805364
3000.0,0.2,roll,0.2,0.0,100.0,29.41995,6129.41995,1594.0433083333335,4535.376641666667,53.14318367923215,60.45219503192957,True,126.42955103769646,1.6685003548916917,0.5714285714285714,304.5712108805119,318.8086616666667,True,0.19106834129805364
3000.0,0.2,roll,0.3,0.0,100.0,29.41995,6129.41995,1594.0433083333335,4535.376641666667,53.14318367923215,60.45219503192957,True,126.42955103769646,1.6685003548916917,0.5714285714285714,304.5712108805119,478.21299250000004,True,0.19106834129805364
3000.0,0.2,roll,0.4,0.0,100.0,29.41995,6129.41995,1594.0433083333335,4535.376641666667,53.14318367923215,60.45219503192957,True,126.42955103769646,1.6685003548916917,0.5714285714285714,304.5712108805119,637.6173233333334,True,0.19106834129805364
3000.0,0.2,roll,0.1,500.0,0.0,0.0,6500.0,1864.6666666666667,4635.333333333333,60.261538461538464,62.04615384615385,True,147.7846153846154,1.4588588850314808,0.5714285714285714,299.82564102564106,186.4666666666667,False,0.16079315750391904
3000.0,0.2,roll,0.2,500.0,0.0,0.0,6500.0,1864.6666666666667,4635.333333333333,60.261538461538464,62.04615384615385,True,147.7846153846154,1.4588588850314808,0.5714285714285714,299.82564102564106,372.9333333333334,True,0.16079315750391904
3000.0,0.2,roll,0.3,500.0,0.0,0.0,6500.0,1864.6666666666667,4635.333333333333,60.261538461538464,62.04615384615385,True,147.7846153846154,1.4588588850314808,0.5714285714285714,299.82564102564106,559.4,True,0.16079315750391904
3000.0,0.2,roll,0.4,500.0,0.0,0.0,6500.0,1864.6666666666667,4635.333333333333,60.261538461538464,62.04615384615385,True,147.7846153846154,1.4588588850314808,0.5714285714285714,299.82564102564106,745.8666666666668,True,0.16079315750391904
3000.0,0.2,roll,0.1,500.0,0.0,29.41995,6529.4199499999995,1879.3766416666665,4650.043308333333,60.868636616028965,62.64521096548554,True,148.0,1.4455018501249643,0.5714285714285714,299.42090892264736,187.93766416666665,False,0.15931926697626467
3000.0,0.2,roll,0.2,500.0,0.0,29.41995,6529.4199499999995,1879.3766416666665,4650.043308333333,60.868636616028965,62.64521096548554,True,148.0,1.4455018501249643,0.5714285714285714,299.42090892264736,375.8753283333333,True,0.15931926697626467
3000.0,0.2,roll,0.3,500.0,0.0,29.41995,6529.4199499999995,1879.3766416666665,4650.043308333333,60.868636616028965,62.64521096548554,True,148.0,1.4455018501249643,0.5714285714285714,299.42090892264736,563.8129925,True,0.15931926697626467
3000.0,0.2,roll,0.4,500.0,0.0,29.41995,6529.4199499999995,1879.3766416666665,4650.043308333333,60.868636616028965,62.64521096548554,True,148.0,1.4455018501249643,0.5714285714285714,299.42090892264736,751.7506566666666,True,0.15931926697626467
3000.0,0.2,roll,0.1,500.0,100.0,0.0,6600.0,1829.3333333333333,4770.666666666667,58.71212121212121,65.5,True,143.13636363636363,1.5502103534775409,0.5714285714285714,300.85858585858585,182.93333333333334,False,0.1644635126777984
3000.0,0.2,roll,0.2,500.0,100.0,0.0,6600.0,1829.3333333333333,4770.666666666667,58.71212121212121,65.5,True,143.13636363636363,1.5502103534775409,0.5714285714285714,300.85858585858585,365.8666666666667,True,0.1644635126777984
3000.0,0.2,roll,0.3,500.0,100.0,0.0,6600.0,1829.3333333333333,4770.666666666667,58.71212121212121,65.5,True,143.13636363636363,1.5502103534775409,0.5714285714285714,300.85858585858585,548.8,True,0.1644635126777984
3000.0,0.2,roll,0.4,500.0,100.0,0.0,6600.0,1829.3333333333333,4770.666666666667,58.71212121212121,65.5,True,143.13636363636363,1.5502103534775409,0.5714285714285714,300.85858585858585,731.7333333333333,True,0.1644635126777984
3000.0,0.2,roll,0.1,500.0,100.0,29.41995,6629.4199499999995,1844.043308333333,4785.376641666667,59.3169377133817,66.07469334477747,True,144.9508131401451,1.535525416726994,0.5714285714285714,300.45537485774554,184.40433083333332,False,0.16293292760531772
3000.0,0.2,roll,0.2,500.0,100.0,29.41995,6629.4199499999995,1844.043308333333,4785.376641666667,59.3169377133817,66.07469334477747,True,144.9508131401451,1.535525416726994,0.5714285714285714,300.45537485774554,368.80866166666664,True,0.16293292760531772
3000.0,0.2,roll,0.3,500.0,100.0,29.41995,6629.4199499999995,1844.043308333333,4785.376641666667,59.3169377133817,66.07469334477747,True,144.9508131401451,1.535525416726994,0.5714285714285714,300.45537485774554,553.2129924999999,True,0.16293292760531772
3000.0,0.2,roll,0.4,500.0,100.0,29.41995,6629.4199499999995,1844.043308333333,4785.376641666667,59.3169377133817,66.07469334477747,True,144.9508131401451,1.535525416726994,0.5714285714285714,300.45537485774554,737.6173233333333,True,0.16293292760531772
4000.0,0.0,pitch,0.1,0.0,0.0,0.0,8000.0,3961.3333333333335,4038.6666666666665,41.775,68.225,True,92.32499999999999,2.034605591554943,0.6349206349206349,312.15,396.1333333333334,True,0.07879922584988218
4000.0,0.0,pitch,0.2,0.0,0.0,0.0,8000.0,3961.3333333333335,4038.6666666666665,41.775,68.225,True,92.32499999999999,2.034605591554943,0.6349206349206349,312.15,792.2666666666668,True,0.07879922584988218
4000.0,0.0,pitch,0.3,0.0,0.0,0.0,8000.0,3961.3333333333335,4038.6666666666665,41.775,68.225,True,92.32499999999999,2.034605591554943,0.6349206349206349,312.15,1188.4,True,0.07879922584988218
4000.0,0.0,pitch,0.4,0.0,0.0,0.0,8000.0,3961.3333333333335,4038.6666666666665,41.775,68.225,True,92.32499999999999,2.034605591554943,0.6349206349206349,312.15,1584.5333333333335,True,0.07879922584988218
4000.0,0.0,pitch,0.1,0.0,0.0,29.41995,8029.41995,3976.0433083333337,4053.3766416666667,42.336419363642825,68.68950605205298,True,94.00925809092848,2.005431698457615,0.6349206349206349,311.77572042423816,397.6043308333334,True,0.07841356249082895
4000.0,0.0,pitch,0.2,0.0,0.0,29.41995,8029.41995,3976.0433083333337,4053.3766416666667,42.336419363642825,68.68950605205298,True,94.00925809092848,2.005431698457615,0.6349206349206349,311.77572042423816,795.2086616666668,True,0.07841356249082895
4000.0,0.0,pitch,0.3,0.0,0.0,29.41995,8029.41995,3976.0433083333337,4053.3766416666667,42.336419363642825,68.68950605205298,True,94.00925809092848,2.005431698457615,0.6349206349206349,311.77572042423816,1192.8129925,True,0.07841356249082895
4000.0,0.0,pitch,0.4,0.0,0.0,29.41995,8029.41995,3976.0433083333337,4053.3766416666667,42.336419363642825,68.68950605205298,True,94.00925809092848,2.005431698457615,0.6349206349206349,311.77572042423816,1590.4173233333336,True,0.07841356249082895
4000.0,0.0,pitch,0.1,0.0,100.0,0.0,8100.0,3926.0,4174.0,40.74074074074074,70.96296296296296,True,89.22222222222223,2.175910104549798,0.6349206349206349,312.8395061728395,392.6,True,0.0796840311189097
4000.0,0.0,pitch,0.2,0.0,100.0,0.0,8100.0,3926.0,4174.0,40.74074074074074,70.96296296296296,True,89.22222222222223,2.175910104549798,0.6349206349206349,312.8395061728395,785.2,True,0.0796840311189097
4000.0,0.0,pitch,0.3,0.0,100.0,0.0,8100.0,3926.0,4174.0,40.74074074074074,70.96296296296296,True,89.22222222222223,2.175910104549798,0.6349206349206349,312.8395061728395,1177.8,True,0.0796840311189097
4000.0,0.0,pitch,0.4,0.0,100.0,0.0,8100.0,3926.0,4174.0,40.74074074074074,70.96296296296296,True,89.22222222222223,2.175910104549798,0.6349206349206349,312.8395061728395,1570.4,True,0.0796840311189097
4000.0,0.0,pitch,0.1,0.0,100.0,29.41995,8129.41995,3940.709975,4188.709975,41.29899701515604,71.41184657953363,True,90.89699104546813,2.1433461936048896,0.6349206349206349,312.4673353232293,394.07099750000003,True,0.07929214210270048
4000.0,0.0,pitch,0.2,0.0,100.0,29.41995,8129.41995,3940.709975,4188.709975,41.29899701515604,71.41184657953363,True,90.89699104546813,2.1433461936048896,0.6349206349206349,312.4673353232293,788.1419950000001,True,0.07929214210270048
4000.0,0.0,pitch,0.3,0.0,100.0,29.41995,8129.41995,3940.709975,4188.709975,41.29899701515604,71.41184657953363,True,90.89699104546813,2.1433461936048896,0.6349206349206349,312.4673353232293,1182.2129925,True,0.07929214210270048
4000.0,0.0,pitch,0.4,0.0,100.0,29.41995,8129.41995,3940.709975,4188.709975,41.29899701515604,71.41184657953363,True,90.89699104546813,2.1433461936048896,0.6349206349206349,312.4673353232293,1576.2839900000001,True,0.07929214210270048
4000.0,0.0,pitch,0.1,500.0,0.0,0.0,8500.0,4211.333333333333,4288.666666666667,47.258823529411764,72.15294117647059,True,108.7764705882353,1.833786913092106,0.6349206349206349,308.49411764705883,421.1333333333333,True,0.07325331272290458
4000.0,0.0,pitch,0.2,500.0,0.0,0.0,8500.0,4211.333333333333,4288.666666666667,47.258823529411764,72.15294117647059,True,108.7764705882353,1.833786913092106,0.6349206349206349,308.49411764705883,842.2666666666667,True,0.07325331272290458
4000.0,0.0,pitch,0.3,500.0,0.0,0.0,8500.0,4211.333333333333,4288.666666666667,47.258823529411764,72.15294117647059,True,108.7764705882353,1.833786913092106,0.6349206349206349,308.49411764705883,1263.3999999999999,True,0.07325331272290458
4000.0,0.0,pitch,0.4,500.0,0.0,0.0,8500.0,4211.333333333333,4288.666666666667,47.258823529411764,72.15294117647059,True,108.7764705882353,1.833786913092106,0.6349206349206349,308.49411764705883,1684.5333333333333,True,0.07325331272290458
4000.0,0.0,pitch,0.1,500.0,0.0,29.41995,8529.41995,4226.043308333333,4303.376641666667,47.76841715361899,72.57666920832055,True,110.30525146085697,1.8145741063996677,0.6349206349206349,308.154388564254,422.6043308333333,True,0.07291794382622736
4000.0,0.0,pitch,0.2,500.0,0.0,29.41995,8529.41995,4226.043308333333,4303.376641666667,47.76841715361899,72.57666920832055,True,110.30525146085697,1.8145741063996677,0.6349206349206349,308.154388564254,845.2086616666666,True,0.07291794382622736
4000.0,0.0,pitch,0.3,500.0,0.0,29.41995,8529.41995,4226.043308333333,4303.376641666667,47.76841715361899,72.57666920832055,True,110.30525146085697,1.8145741063996677,0.6349206349206349,308.154388564254,1267.8129924999998,True,0.07291794382622736
4000.0,0.0,pitch,0.4,500.0,0.0,29.41995,8529.41995,4226.043308333333,4303.376641666667,47.76841715361899,72.57666920832055,True,110.30525146085697,1.8145741063996677,0.6349206349206349,308.154388564254,1690.4173233333331,True,0.07291794382622736
4000.0,0.0,pitch,0.1,500.0,100.0,0.0,8600.0,4176.0,4424.0,46.22093023255814,74.68604651162791,True,105.66279069767441,1.947397380873776,0.6349206349206349,309.18604651162786,417.6,True,0.0740388042412902
4000.0,0.0,pitch,0.2,500.0,100.0,0.0,8600.0,4176.0,4424.0,46.22093023255814,74.68604651162791,True,105.66279069767441,1.947397380873776,0.6349206349206349,309.18604651162786,835.2,True,0.0740388042412902
4000.0,0.0,pitch,0.3,500.0,100.0,0.0,8600.0,4176.0,4424.0,46.22093023255814,74.68604651162791,True,105.66279069767441,1.947397380873776,0.6349206349206349,309.18604651162786,1252.8,True,0.0740388042412902
4000.0,0.0,pitch,0.4,500.0,100.0,0.0,8600.0,4176.0,4424.0,46.22093023255814,74.68604651162791,True,105.66279069767441,1.947397380873776,0.6349206349206349,309.18604651162786,1670.4,True,0.0740388042412902
4000.0,0.0,pitch,0.1,500.0,100.0,29.41995,8629.41995,4190.709975,4438.709975,46.728157000865394,75.09622825228247,True,107.18447100259618,1.9261337469229605,0.6349206349206349,308.8478953327564,419.0709975,True,0.07369822707255146
4000.0,0.0,pitch,0.2,500.0,100.0,29.41995,8629.41995,4190.709975,4438.709975,46.728157000865394,75.09622825228247,True,107.18447100259618,1.9261337469229605,0.6349206349206349,308.8478953327564,838.141995,True,0.07369822707255146
4000.0,0.0,pitch,0.3,500.0,100.0,29.41995,8629.41995,4190.709975,4438.709975,46.728157000865394,75.09622825228247,True,107.18447100259618,1.9261337469229605,0.6349206349206349,308.8478953327564,1257.2129925,True,0.07369822707255146
4000.0,0.0,pitch,0.4,500.0,100.0,29.41995,8629.41995,4190.709975,4438.709975,46.728157000865394,75.09622825228247,True,107.18447100259618,1.9261337469229605,0.6349206349206349,308.8478953327564,1676.28399,True,0.07369822707255146
4000.0,0.1,pitch,0.1,0.0,0.0,0.0,8000.0,3508.0,4492.0,41.775,68.225,True,92.32499999999999,2.2629865427364155,0.6984126984126984,312.15,350.8,True,0.08898232611174457
4000.0,0.1,pitch,0.2,0.0,0.0,0.0,8000.0,3508.0,4492.0,41.775,68.225,True,92.32499999999999,2.2629865427364155,0.6984126984126984,312.15,701.6,True,0.08898232611174457
4000.0,0.1,pitch,0.3,0.0,0.0,0.0,8000.0,3508.0,4492.0,41.775,68.225,True,92.32499999999999,2.2629865427364155,0.6984126984126984,312.15,1052.3999999999999,True,0.08898232611174457
4000.0,0.1,pitch,0.4,0.0,0.0,0.0,8000.0,3508.0,4492.0,41.775,68.225,True,92.32499999999999,2.2629865427364155,0.6984126984126984,312.15,1403.2,True,0.08898232611174457
4000.0,0.1,pitch,0.1,0.0,0.0,29.41995,8029.41995,3522.709975,4506.709975,42.336419363642825,68.68950605205298,True,94.00925809092848,2.2297210051281895,0.6984126984126984,311.77572042423816,352.2709975,True,0.08850451006096184
4000.0,0.1,pitch,0.2,0.0,0.0,29.41995,8029.41995,3522.709975,4506.709975,42.336419363642825,68.68950605205298,True,94.00925809092848,2.2297210051281895,0.6984126984126984,311.77572042423816,704.541995,True,0.08850451006096184
4000.0,0.1,pitch,0.3,0.0,0.0,29.41995,8029.41995,3522.709975,4506.709975,42.336419363642825,68.68950605205298,True,94.00925809092848,2.2297210051281895,0.6984126984126984,311.77572042423816,1056.8129925,True,0.08850451006096184
4000.0,0.1,pitch,0.4,0.0,0.0,29.41995,8029.41995,3522.709975,4506.709975,42.336419363642825,68.68950605205298,True,94.00925809092848,2.2297210051281895,0.6984126984126984,311.77572042423816,1409.08399,True,0.08850451006096184
4000.0,0.1,pitch,0.1,0.0,100.0,0.0,8100.0,3472.6666666666665,4627.333333333333,40.74074074074074,70.96296296296296,True,89.22222222222223,2.412233195285122,0.6984126984126984,312.8395061728395,347.26666666666665,True,0.09008624673819529
4000.0,0.1,pitch,0.2,0.0,100.0,0.0,8100.0,3472.6666666666665,4627.333333333333,40.74074074074074,70.96296296296296,True,89.22222222222223,2.412233195285122,0.6984126984126984,312.8395061728395,694.5333333333333,True,0.09008624673819529
4000.0,0.1,pitch,0.3,0.0,100.0,0.0,8100.0,3472.6666666666665,4627.333333333333,40.74074074074074,70.96296296296296,True,89.22222222222223,2.412233195285122,0.6984126984126984,312.8395061728395,1041.8,True,0.09008624673819529
4000.0,0.1,pitch,0.4,0.0,100.0,0.0,8100.0,3472.6666666666665,4627.333333333333,40.74074074074074,70.96296296296296,True,89.22222222222223,2.412233195285122,0.6984126984126984,312.8395061728395,1389.0666666666666,True,0.09008624673819529
4000.0,0.1,pitch,0.1,0.0,100.0,29.41995,8129.41995,3487.3766416666667,4642.043308333334,41.29899701515604,71.41184657953363,True,90.89699104546813,2.375315052808186,0.6984126984126984,312.4673353232293,348.7376641666667,True,0.08959953782735
4000.0,0.1,pitch,0.2,0.0,100.0,29.41995,8129.41995,3487.3766416666667,4642.043308333334,41.29899701515604,71.41184657953363,True,90.89699104546813,2.375315052808186,0.6984126984126984,312.4673353232293,697.4753283333334,True,0.08959953782735
4000.0,0.1,pitch,0.3,0.0,100.0,29.41995,8129.41995,3487.3766416666667,4642.043308333334,41.29899701515604,71.41184657953363,True,90.89699104546813,2.375315052808186,0.6984126984126984,312.4673353232293,1046.2129925,True,0.08959953782735
4000.0,0.1,pitch,0.4,0.0,100.0,29.41995,8129.41995,3487.3766416666667,4642.043308333334,41.29899701515604,71.41184657953363,True,90.89699104546813,2.375315052808186,0.6984126984126984,312.4673353232293,1394.9506566666669,True,0.08959953782735
4000.0,0.1,pitch,0.1,500.0,0.0,0.0,8500.0,3758.0,4742.0,47.258823529411764,72.15294117647059,True,108.7764705882353,2.0276272831997746,0.6984126984126984,308.49411764705883,375.8,True,0.08208997276398586
4000.0,0.1,pitch,0.2,500.0,0.0,0.0,8500.0,3758.0,4742.0,47.258823529411764,72.15294117647059,True,108.7764705882353,2.0276272831997746,0.6984126984126984,308.49411764705883,751.6,True,0.08208997276398586
4000.0,0.1,pitch,0.3,500.0,0.0,0.0,8500.0,3758.0,4742.0,47.258823529411764,72.15294117647059,True,108.7764705882353,2.0276272831997746,0.6984126984126984,308.49411764705883,1127.3999999999999,True,0.08208997276398586
4000.0,0.1,pitch,0.4,500.0,0.0,0.0,8500.0,3758.0,4742.0,47.258823529411764,72.15294117647059,True,108.7764705882353,2.0276272831997746,0.6984126984126984,308.49411764705883,1503.2,True,0.08208997276398586
4000.0,0.1,pitch,0.1,500.0,0.0,29.41995,8529.41995,3772.7099749999998,4756.709975,47.76841715361899,72.57666920832055,True,110.30525146085697,2.0057279366895324,0.6984126984126984,308.154388564254,377.2709975,True,0.081679850984107
4000.0,0.1,pitch,0.2,500.0,0.0,29.41995,8529.41995,3772.7099749999998,4756.709975,47.76841715361899,72.57666920832055,True,110.30525146085697,2.0057279366895324,0.6984126984126984,308.154388564254,754.541995,True,0.081679850984107
4000.0,0.1,pitch,0.3,500.0,0.0,29.41995,8529.41995,3772.7099749999998,4756.709975,47.76841715361899,72.57666920832055,True,110.30525146085697,2.0057279366895324,0.6984126984126984,308.154388564254,1131.8129924999998,True,0.081679850984107
4000.0,0.1,pitch,0.4,500.0,0.0,29.41995,8529.41995,3772.7099749999998,4756.709975,47.76841715361899,72.57666920832055,True,110.30525146085697,2.0057279366895324,0.6984126984126984,308.154388564254,1509.08399,True,0.081679850984107
4000.0,0.1,pitch,0.1,500.0,100.0,0.0,8600.0,3722.6666666666665,4877.333333333333,46.22093023255814,74.68604651162791,True,105.66279069767441,2.1469498551043618,0.6984126984126984,309.18604651162786,372.26666666666665,True,0.08305499100419804
4000.0,0.1,pitch,0.2,500.0,100.0,0.0,8600.0,3722.6666666666665,4877.333333333333,46.22093023255814,74.68604651162791,True,105.66279069767441,2.1469498551043618,0.6984126984126984,309.18604651162786,744.5333333333333,True,0.08305499100419804
4000.0,0.1,pitch,0.3,500.0,100.0,0.0,8600.0,3722.6666666666665,4877.333333333333,46.22093023255814,74.68604651162791,True,105.66279069767441,2.1469498551043618,0.6984126984126984,309.18604651162786,1116.8,True,0.08305499100419804
4000.0,0.1,pitch,0.4,500.0,100.0,0.0,8600.0,3722.6666666666665,4877.333333333333,46.22093023255814,74.68604651162791,True,105.66279069767441,2.1469498551043618,0.6984126984126984,309.18604651162786,1489.0666666666666,True,0.08305499100419804
4000.0,0.1,pitch,0.1,500.0,100.0,29.41995,8629.41995,3737.3766416666663,4892.043308333333,46.728157000865394,75.09622825228247,True,107.18447100259618,2.1228532074996584,0.6984126984126984,308.8478953327564,373.73766416666666,True,0.08263761588530373
4000.0,0.1,pitch,0.2,500.0,100.0,29.41995,8629.41995,3737.3766416666663,4892.043308333333,46.728157000865394,75.09622825228247,True,107.18447100259618,2.1228532074996584,0.6984126984126984,308.8478953327564,747.4753283333333,True,0.08263761588530373
4000.0,0.1,pitch,0.3,500.0,100.0,29.41995,8629.41995,3737.3766416666663,4892.043308333333,46.728157000865394,75.09622825228247,True,107.18447100259618,2.1228532074996584,0.6984126984126984,308.8478953327564,1121.2129925,True,0.08263761588530373
4000.0,0.1,pitch,0.4,500.0,100.0,29.41995,8629.41995,3737.3766416666663,4892.043308333333,46.728157000865394,75.09622825228247,True,107.18447100259618,2.1228532074996584,0.6984126984126984,308.8478953327564,1494.9506566666666,True,0.08263761588530373
4000.0,0.2,pitch,0.1,0.0,0.0,0.0,8000.0,3054.6666666666665,4945.333333333333,41.775,68.225,True,92.32499999999999,2.491367493917888,0.7619047619047619,312.15,305.46666666666664,False,0.10218790920995198
4000.0,0.2,pitch,0.2,0.0,0.0,0.0,8000.0,3054.6666666666665,4945.333333333333,41.775,68.225,True,92.32499999999999,2.491367493917888,0.7619047619047619,312.15,610.9333333333333,True,0.10218790920995198
4000.0,0.2,pitch,0.3,0.0,0.0,0.0,8000.0,3054.6666666666665,4945.333333333333,41.775,68.225,True,92.32499999999999,2.491367493917888,0.7619047619047619,312.15,916.4,True,0.10218790920995198
4000.0,0.2,pitch,0.4,0.0,0.0,0.0,8000.0,3054.6666666666665,4945.333333333333,41.775,68.225,True,92.32499999999999,2.491367493917888,0.7619047619047619,312.15,1221.8666666666666,True,0.10218790920995198
4000.0,0.2,pitch,0.1,0.0,0.0,29.41995,8029.41995,3069.3766416666667,4960.043308333334,42.336419363642825,68.68950605205298,True,94.00925809092848,2.4540103117987644,0.7619047619047619,311.77572042423816,306.9376641666667,False,0.101576234142104
4000.0,0.2,pitch,0.2,0.0,0.0,29.41995,8029.41995,3069.3766416666667,4960.043308333334,42.336419363642825,68.68950605205298,True,94.00925809092848,2.4540103117987644,0.7619047619047619,311.77572042423816,613.8753283333334,True,0.101576234142104
4000.0,0.2,pitch,0.3,0.0,0.0,29.41995,8029.41995,3069.3766416666667,4960.043308333334,42.336419363642825,68.68950605205298,True,94.00925809092848,2.4540103117987644,0.7619047619047619,311.77572042423816,920.8129925,True,0.101576234142104
4000.0,0.2,pitch,0.4,0.0,0.0,29.41995,8029.41995,3069.3766416666667,4960.043308333334,42.336419363642825,68.68950605205298,True,94.00925809092848,2.4540103117987644,0.7619047619047619,311.77572042423816,1227.7506566666668,True,0.101576234142104
4000.0,0.2,pitch,0.1,0.0,100.0,0.0,8100.0,3019.333333333333,5080.666666666667,40.74074074074074,70.96296296296296,True,89.22222222222223,2.648556286020446,0.7619047619047619,312.8395061728395,301.93333333333334,False,0.10361211288568321
4000.0,0.2,pitch,0.2,0.0,100.0,0.0,8100.0,3019.333333333333,5080.666666666667,40.74074074074074,70.96296296296296,True,89.22222222222223,2.648556286020446,0.7619047619047619,312.8395061728395,603.8666666666667,True,0.10361211288568321
4000.0,0.2,pitch,0.3,0.0,100.0,0.0,8100.0,3019.333333333333,5080.666666666667,40.74074074074074,70.96296296296296,True,89.22222222222223,2.648556286020446,0.7619047619047619,312.8395061728395,905.7999999999998,True,0.10361211288568321
4000.0,0.2,pitch,0.4,0.0,100.0,0.0,8100.0,3019.333333333333,5080.666666666667,40.74074074074074,70.96296296296296,True,89.22222222222223,2.648556286020446,0.7619047619047619,312.8395061728395,1207.7333333333333,True,0.10361211288568321
4000.0,0.2,pitch,0.1,0.0,100.0,29.41995,8129.41995,3034.0433083333337,5095.376641666667,41.29899701515604,71.41184657953363,True,90.89699104546813,2.6072839120114817,0.7619047619047619,312.4673353232293,303.4043308333334,False,0.10298710452319629
4000.0,0.2,pitch,0.2,0.0,100.0,29.41995,8129.41995,3034.0433083333337,5095.376641666667,41.29899701515604,71.41184657953363,True,90.89699104546813,2.6072839120114817,0.7619047619047619,312.4673353232293,606.8086616666668,True,0.10298710452319629
4000.0,0.2,pitch,0.3,0.0,100.0,29.41995,8129.41995,3034.0433083333337,5095.376641666667,41.29899701515604,71.41184657953363,True,90.89699104546813,2.6072839120114817,0.7619047619047619,312.4673353232293,910.2129925,True,0.10298710452319629
4000.0,0.2,pitch,0.4,0.0,100.0,29.41995,8129.41995,3034.0433083333337,5095.376641666667,41.29899701515604,71.41184657953363,True,90.89699104546813,2.6072839120114817,0.7619047619047619,312.4673353232293,1213.6173233333336,True,0.10298710452319629
4000.0,0.2,pitch,0.1,500.0,0.0,0.0,8500.0,3304.6666666666665,5195.333333333333,47.258823529411764,72.15294117647059,True,108.7764705882353,2.221467653307443,0.7619047619047619,308.49411764705883,330.4666666666667,True,0.09335105436162765
4000.0,0.2,pitch,0.2,500.0,0.0,0.0,8500.0,3304.6666666666665,5195.333333333333,47.258823529411764,72.15294117647059,True,108.7764705882353,2.221467653307443,0.7619047619047619,308.49411764705883,660.9333333333334,True,0.09335105436162765
4000.0,0.2,pitch,0.3,500.0,0.0,0.0,8500.0,3304.6666666666665,5195.333333333333,47.258823529411764,72.15294117647059,True,108.7764705882353,2.221467653307443,0.7619047619047619,308.49411764705883,991.3999999999999,True,0.09335105436162765
4000.0,0.2,pitch,0.4,500.0,0.0,0.0,8500.0,3304.6666666666665,5195.333333333333,47.258823529411764,72.15294117647059,True,108.7764705882353,2.221467653307443,0.7619047619047619,308.49411764705883,1321.8666666666668,True,0.09335105436162765
4000.0,0.2,pitch,0.1,500.0,0.0,29.41995,8529.41995,3319.3766416666663,5210.043308333333,47.76841715361899,72.57666920832055,True,110.30525146085697,2.1968817669793963,0.7619047619047619,308.154388564254,331.93766416666665,True,0.09283501748374329
4000.0,0.2,pitch,0.2,500.0,0.0,29.41995,8529.41995,3319.3766416666663,5210.043308333333,47.76841715361899,72.57666920832055,True,110.30525146085697,2.1968817669793963,0.7619047619047619,308.154388564254,663.8753283333333,True,0.09283501748374329
4000.0,0.2,pitch,0.3,500.0,0.0,29.41995,8529.41995,3319.3766416666663,5210.043308333333,47.76841715361899,72.57666920832055,True,110.30525146085697,2.1968817669793963,0.7619047619047619,308.154388564254,995.8129924999998,True,0.09283501748374329
4000.0,0.2,pitch,0.4,500.0,0.0,29.41995,8529.41995,3319.3766416666663,5210.043308333333,47.76841715361899,72.57666920832055,True,110.30525146085697,2.1968817669793963,0.7619047619047619,308.154388564254,1327.7506566666666,True,0.09283501748374329
4000.0,0.2,pitch,0.1,500.0,100.0,0.0,8600.0,3269.333333333333,5330.666666666667,46.22093023255814,74.68604651162791,True,105.66279069767441,2.346502329334948,0.7619047619047619,309.18604651162786,326.93333333333334,True,0.09457158845176221
4000.0,0.2,pitch,0.2,500.0,100.0,0.0,8600.0,3269.333333333333,5330.666666666667,46.22093023255814,74.68604651162791,True,105.66279069767441,2.346502329334948,0.7619047619047619,309.18604651162786,653.8666666666667,True,0.09457158845176221
4000.0,0.2,pitch,0.3,500.0,100.0,0.0,8600.0,3269.333333333333,5330.666666666667,46.22093023255814,74.68604651162791,True,105.66279069767441,2.346502329334948,0.7619047619047619,309.18604651162786,980.7999999999998,True,0.09457158845176221
4000.0,0.2,pitch,0.4,500.0,100.0,0.0,8600.0,3269.333333333333,5330.666666666667,46.22093023255814,74.68604651162791,True,105.66279069767441,2.346502329334948,0.7619047619047619,309.18604651162786,1307.7333333333333,True,0.09457158845176221
4000.0,0.2,pitch,0.1,500.0,100.0,29.41995,8629.41995,3284.043308333333,5345.376641666667,46.728157000865394,75.09622825228247,True,107.18447100259618,2.319572668076357,0.7619047619047619,308.8478953327564,328.4043308333333,True,0.0940450129110807
4000.0,0.2,pitch,0.2,500.0,100.0,29.41995,8629.41995,3284.043308333333,5345.376641666667,46.728157000865394,75.09622825228247,True,107.18447100259618,2.319572668076357,0.7619047619047619,308.8478953327564,656.8086616666666,True,0.0940450129110807
4000.0,0.2,pitch,0.3,500.0,100.0,29.41995,8629.41995,3284.043308333333,5345.376641666667,46.728157000865394,75.09622825228247,True,107.18447100259618,2.319572668076357,0.7619047619047619,308.8478953327564,985.2129924999998,True,0.0940450129110807
4000.0,0.2,pitch,0.4,500.0,100.0,29.41995,8629.41995,3284.043308333333,5345.376641666667,46.728157000865394,75.09622825228247,True,107.18447100259618,2.319572668076357,0.7619047619047619,308.8478953327564,1313.6173233333332,True,0.0940450129110807
4000.0,0.0,roll,0.1,0.0,0.0,0.0,8000.0,3294.6666666666665,4705.333333333333,54.275,55.725,True,129.825,1.6857516901852079,0.6349206349206349,303.81666666666666,329.4666666666667,True,0.0922146904087414
4000.0,0.0,roll,0.2,0.0,0.0,0.0,8000.0,3294.6666666666665,4705.333333333333,54.275,55.725,True,129.825,1.6857516901852079,0.6349206349206349,303.81666666666666,658.9333333333334,True,0.0922146904087414
4000.0,0.0,roll,0.3,0.0,0.0,0.0,8000.0,3294.6666666666665,4705.333333333333,54.275,55.725,True,129.825,1.6857516901852079,0.6349206349206349,303.81666666666666,988.3999999999999,True,0.0922146904087414
4000.0,0.0,roll,0.4,0.0,0.0,0.0,8000.0,3294.6666666666665,4705.333333333333,54.275,55.725,True,129.825,1.6857516901852079,0.6349206349206349,303.81666666666666,1317.8666666666668,True,0.0922146904087414
4000.0,0.0,roll,0.1,0.0,0.0,29.41995,8029.41995,3309.3766416666667,4720.043308333334,54.790619121870684,56.23530629382512,True,131.37185736561204,1.6711105594787885,0.6349206349206349,303.4729205854195,330.9376641666667,True,0.09170093145776982
4000.0,0.0,roll,0.2,0.0,0.0,29.41995,8029.41995,3309.3766416666667,4720.043308333334,54.790619121870684,56.23530629382512,True,131.37185736561204,1.6711105594787885,0.6349206349206349,303.4729205854195,661.8753283333334,True,0.09170093145776982
4000.0,0.0,roll,0.3,0.0,0.0,29.41995,8029.41995,3309.3766416666667,4720.043308333334,54.790619121870684,56.23530629382512,True,131.37185736561204,1.6711105594787885,0.6349206349206349,303.4729205854195,992.8129925,True,0.09170093145776982
4000.0,0.0,roll,0.4,0.0,0.0,29.41995,8029.41995,3309.3766416666667,4720.043308333334,54.790619121870684,56.23530629382512,True,131.37185736561204,1.6711105594787885,0.6349206349206349,303.4729205854195,1323.7506566666668,True,0.09170093145776982
4000.0,0.0,roll,0.1,0.0,100.0,0.0,8100.0,3259.3333333333335,4840.666666666667,53.08641975308642,58.617283950617285,True,126.25925925925924,1.7832140640029475,0.6349206349206349,304.60905349794234,325.9333333333334,True,0.09345747192614308
4000.0,0.0,roll,0.2,0.0,100.0,0.0,8100.0,3259.3333333333335,4840.666666666667,53.08641975308642,58.617283950617285,True,126.25925925925924,1.7832140640029475,0.6349206349206349,304.60905349794234,651.8666666666668,True,0.09345747192614308
4000.0,0.0,roll,0.3,0.0,100.0,0.0,8100.0,3259.3333333333335,4840.666666666667,53.08641975308642,58.617283950617285,True,126.25925925925924,1.7832140640029475,0.6349206349206349,304.60905349794234,977.8,True,0.09345747192614308
4000.0,0.0,roll,0.4,0.0,100.0,0.0,8100.0,3259.3333333333335,4840.666666666667,53.08641975308642,58.617283950617285,True,126.25925925925924,1.7832140640029475,0.6349206349206349,304.60905349794234,1303.7333333333336,True,0.09345747192614308
4000.0,0.0,roll,0.1,0.0,100.0,29.41995,8129.41995,3274.0433083333337,4855.376641666667,53.59999765419917,59.1108459404905,True,127.79999296259751,1.7670695159703111,0.6349206349206349,304.2666682305339,327.4043308333334,True,0.0929330004450742
4000.0,0.0,roll,0.2,0.0,100.0,29.41995,8129.41995,3274.0433083333337,4855.376641666667,53.59999765419917,59.1108459404905,True,127.79999296259751,1.7670695159703111,0.6349206349206349,304.2666682305339,654.8086616666668,True,0.0929330004450742
4000.0,0.0,roll,0.3,0.0,100.0,29.41995,8129.41995,3274.0433083333337,4855.376641666667,53.59999765419917,59.1108459404905,True,127.79999296259751,1.7670695159703111,0.6349206349206349,304.2666682305339,982.2129925,True,0.0929330004450742
4000.0,0.0,roll,0.4,0.0,100.0,29.41995,8129.41995,3274.0433083333337,4855.376641666667,53.59999765419917,59.1108459404905,True,127.79999296259751,1.7670695159703111,0.6349206349206349,304.2666682305339,1309.6173233333336,True,0.0929330004450742
4000.0,0.0,roll,0.1,500.0,0.0,0.0,8500.0,3544.6666666666665,4955.333333333333,59.023529411764706,60.38823529411765,True,144.0705882352941,1.599775658433635,0.6349206349206349,300.65098039215684,354.4666666666667,True,0.0848178428791114
4000.0,0.0,roll,0.2,500.0,0.0,0.0,8500.0,3544.6666666666665,4955.333333333333,59.023529411764706,60.38823529411765,True,144.0705882352941,1.599775658433635,0.6349206349206349,300.65098039215684,708.9333333333334,True,0.0848178428791114
4000.0,0.0,roll,0.3,500.0,0.0,0.0,8500.0,3544.6666666666665,4955.333333333333,59.023529411764706,60.38823529411765,True,144.0705882352941,1.599775658433635,0.6349206349206349,300.65098039215684,1063.3999999999999,True,0.0848178428791114
4000.0,0.0,roll,0.4,500.0,0.0,0.0,8500.0,3544.6666666666665,4955.333333333333,59.023529411764706,60.38823529411765,True,144.0705882352941,1.599775658433635,0.6349206349206349,300.65098039215684,1417.8666666666668,True,0.0848178428791114
4000.0,0.0,roll,0.1,500.0,0.0,29.41995,8529.41995,3559.3766416666663,4970.043308333333,59.49254383353466,60.85254252840488,True,145.477631500604,1.589005833091254,0.6349206349206349,300.3383041109769,355.93766416666665,True,0.0843794670659929
4000.0,0.0,roll,0.2,500.0,0.0,29.41995,8529.41995,3559.3766416666663,4970.043308333333,59.49254383353466,60.85254252840488,True,145.477631500604,1.589005833091254,0.6349206349206349,300.3383041109769,711.8753283333333,True,0.0843794670659929
4000.0,0.0,roll,0.3,500.0,0.0,29.41995,8529.41995,3559.3766416666663,4970.043308333333,59.49254383353466,60.85254252840488,True,145.477631500604,1.589005833091254,0.6349206349206349,300.3383041109769,1067.8129924999998,True,0.0843794670659929
4000.0,0.0,roll,0.4,500.0,0.0,29.41995,8529.41995,3559.3766416666663,4970.043308333333,59.49254383353466,60.85254252840488,True,145.477631500604,1.589005833091254,0.6349206349206349,300.3383041109769,1423.7506566666666,True,0.0843794670659929
4000.0,0.0,roll,0.1,500.0,100.0,0.0,8600.0,3509.3333333333335,5090.666666666667,57.848837209302324,63.05813953488372,True,140.54651162790697,1.6846749951738784,0.6349206349206349,301.4341085271318,350.9333333333334,True,0.08589497773379515
4000.0,0.0,roll,0.2,500.0,100.0,0.0,8600.0,3509.3333333333335,5090.666666666667,57.848837209302324,63.05813953488372,True,140.54651162790697,1.6846749951738784,0.6349206349206349,301.4341085271318,701.8666666666668,True,0.08589497773379515
4000.0,0.0,roll,0.3,500.0,100.0,0.0,8600.0,3509.3333333333335,5090.666666666667,57.848837209302324,63.05813953488372,True,140.54651162790697,1.6846749951738784,0.6349206349206349,301.4341085271318,1052.8,True,0.08589497773379515
4000.0,0.0,roll,0.4,500.0,100.0,0.0,8600.0,3509.3333333333335,5090.666666666667,57.848837209302324,63.05813953488372,True,140.54651162790697,1.6846749951738784,0.6349206349206349,301.4341085271318,1403.7333333333336,True,0.08589497773379515
4000.0,0.0,roll,0.1,500.0,100.0,29.41995,8629.41995,3524.0433083333332,5105.376641666667,58.31642140095407,63.5079638521938,True,141.9492642028622,1.6728468443683733,0.6349206349206349,301.1223857326973,352.40433083333335,True,0.08544798102243262
4000.0,0.0,roll,0.2,500.0,100.0,29.41995,8629.41995,3524.0433083333332,5105.376641666667,58.31642140095407,63.5079638521938,True,141.9492642028622,1.6728468443683733,0.6349206349206349,301.1223857326973,704.8086616666667,True,0.08544798102243262
4000.0,0.0,roll,0.3,500.0,100.0,29.41995,8629.41995,3524.0433083333332,5105.376641666667,58.31642140095407,63.5079638521938,True,141.9492642028622,1.6728468443683733,0.6349206349206349,301.1223857326973,1057.2129925,True,0.08544798102243262
4000.0,0.0,roll,0.4,500.0,100.0,29.41995,8629.41995,3524.0433083333332,5105.376641666667,58.31642140095407,63.5079638521938,True,141.9492642028622,1.6728468443683733,0.6349206349206349,301.1223857326973,1409.6173233333334,True,0.08544798102243262
4000.0,0.1,roll,0.1,0.0,0.0,0.0,8000.0,2841.333333333333,5158.666666666667,54.275,55.725,True,129.825,1.848164717859612,0.6984126984126984,303.81666666666666,284.1333333333333,False,0.10692749882684187
4000.0,0.1,roll,0.2,0.0,0.0,0.0,8000.0,2841.333333333333,5158.666666666667,54.275,55.725,True,129.825,1.848164717859612,0.6984126984126984,303.81666666666666,568.2666666666667,True,0.10692749882684187
4000.0,0.1,roll,0.3,0.0,0.0,0.0,8000.0,2841.333333333333,5158.666666666667,54.275,55.725,True,129.825,1.848164717859612,0.6984126984126984,303.81666666666666,852.3999999999999,True,0.10692749882684187
4000.0,0.1,roll,0.4,0.0,0.0,0.0,8000.0,2841.333333333333,5158.666666666667,54.275,55.725,True,129.825,1.848164717859612,0.6984126984126984,303.81666666666666,1136.5333333333333,True,0.10692749882684187
4000.0,0.1,roll,0.1,0.0,0.0,29.41995,8029.41995,2856.0433083333337,5173.376641666667,54.790619121870684,56.23530629382512,True,131.37185736561204,1.8316112309365153,0.6984126984126984,303.4729205854195,285.6043308333334,False,0.10625641414468379
4000.0,0.1,roll,0.2,0.0,0.0,29.41995,8029.41995,2856.0433083333337,5173.376641666667,54.790619121870684,56.23530629382512,True,131.37185736561204,1.8316112309365153,0.6984126984126984,303.4729205854195,571.2086616666668,True,0.10625641414468379
4000.0,0.1,roll,0.3,0.0,0.0,29.41995,8029.41995,2856.0433083333337,5173.376641666667,54.790619121870684,56.23530629382512,True,131.37185736561204,1.8316112309365153,0.6984126984126984,303.4729205854195,856.8129925000001,True,0.10625641414468379
4000.0,0.1,roll,0.4,0.0,0.0,29.41995,8029.41995,2856.0433083333337,5173.376641666667,54.790619121870684,56.23530629382512,True,131.37185736561204,1.8316112309365153,0.6984126984126984,303.4729205854195,1142.4173233333336,True,0.10625641414468379
4000.0,0.1,roll,0.1,0.0,100.0,0.0,8100.0,2806.0,5294.0,53.08641975308642,58.617283950617285,True,126.25925925925924,1.9502138661682142,0.6984126984126984,304.60905349794234,280.6,False,0.10855632697717119
4000.0,0.1,roll,0.2,0.0,100.0,0.0,8100.0,2806.0,5294.0,53.08641975308642,58.617283950617285,True,126.25925925925924,1.9502138661682142,0.6984126984126984,304.60905349794234,561.2,True,0.10855632697717119
4000.0,0.1,roll,0.3,0.0,100.0,0.0,8100.0,2806.0,5294.0,53.08641975308642,58.617283950617285,True,126.25925925925924,1.9502138661682142,0.6984126984126984,304.60905349794234,841.8,True,0.10855632697717119
4000.0,0.1,roll,0.4,0.0,100.0,0.0,8100.0,2806.0,5294.0,53.08641975308642,58.617283950617285,True,126.25925925925924,1.9502138661682142,0.6984126984126984,304.60905349794234,1122.4,True,0.10855632697717119
4000.0,0.1,roll,0.1,0.0,100.0,29.41995,8129.41995,2820.709975,5308.709975,53.59999765419917,59.1108459404905,True,127.79999296259751,1.9320559985908567,0.6984126984126984,304.2666682305339,282.07099750000003,False,0.10786882413550294
4000.0,0.1,roll,0.2,0.0,100.0,29.41995,8129.41995,2820.709975,5308.709975,53.59999765419917,59.1108459404905,True,127.79999296259751,1.9320559985908567,0.6984126984126984,304.2666682305339,564.1419950000001,True,0.10786882413550294
4000.0,0.1,roll,0.3,0.0,100.0,29.41995,8129.41995,2820.709975,5308.709975,53.59999765419917,59.1108459404905,True,127.79999296259751,1.9320559985908567,0.6984126984126984,304.2666682305339,846.2129925,True,0.10786882413550294
4000.0,0.1,roll,0.4,0.0,100.0,29.41995,8129.41995,2820.709975,5308.709975,53.59999765419917,59.1108459404905,True,127.79999296259751,1.9320559985908567,0.6984126984126984,304.2666682305339,1128.2839900000001,True,0.10786882413550294
4000.0,0.1,roll,0.1,500.0,0.0,0.0,8500.0,3091.333333333333,5408.666666666667,59.023529411764706,60.38823529411765,True,144.0705882352941,1.7461294116604442,0.6984126984126984,300.65098039215684,309.1333333333333,True,0.09725608595821335
4000.0,0.1,roll,0.2,500.0,0.0,0.0,8500.0,3091.333333333333,5408.666666666667,59.023529411764706,60.38823529411765,True,144.0705882352941,1.7461294116604442,0.6984126984126984,300.65098039215684,618.2666666666667,True,0.09725608595821335
4000.0,0.1,roll,0.3,500.0,0.0,0.0,8500.0,3091.333333333333,5408.666666666667,59.023529411764706,60.38823529411765,True,144.0705882352941,1.7461294116604442,0.6984126984126984,300.65098039215684,927.3999999999999,True,0.09725608595821335
4000.0,0.1,roll,0.4,500.0,0.0,0.0,8500.0,3091.333333333333,5408.666666666667,59.023529411764706,60.38823529411765,True,144.0705882352941,1.7461294116604442,0.6984126984126984,300.65098039215684,1236.5333333333333,True,0.09725608595821335
4000.0,0.1,roll,0.1,500.0,0.0,29.41995,8529.41995,3106.043308333333,5423.376641666667,59.49254383353466,60.85254252840488,True,145.477631500604,1.7339440693021033,0.6984126984126984,300.3383041109769,310.6043308333333,True,0.0966948217705744
4000.0,0.1,roll,0.2,500.0,0.0,29.41995,8529.41995,3106.043308333333,5423.376641666667,59.49254383353466,60.85254252840488,True,145.477631500604,1.7339440693021033,0.6984126984126984,300.3383041109769,621.2086616666666,True,0.0966948217705744
4000.0,0.1,roll,0.3,500.0,0.0,29.41995,8529.41995,3106.043308333333,5423.376641666667,59.49254383353466,60.85254252840488,True,145.477631500604,1.7339440693021033,0.6984126984126984,300.3383041109769,931.8129924999998,True,0.0966948217705744
4000.0,0.1,roll,0.4,500.0,0.0,29.41995,8529.41995,3106.043308333333,5423.376641666667,59.49254383353466,60.85254252840488,True,145.477631500604,1.7339440693021033,0.6984126984126984,300.3383041109769,1242.4173233333331,True,0.0966948217705744
4000.0,0.1,roll,0.1,500.0,100.0,0.0,8600.0,3056.0,5544.0,57.848837209302324,63.05813953488372,True,140.54651162790697,1.83469843633656,0.6984126984126984,301.4341085271318,305.6,True,0.09863681561751694
4000.0,0.1,roll,0.2,500.0,100.0,0.0,8600.0,3056.0,5544.0,57.848837209302324,63.05813953488372,True,140.54651162790697,1.83469843633656,0.6984126984126984,301.4341085271318,611.2,True,0.09863681561751694
4000.0,0.1,roll,0.3,500.0,100.0,0.0,8600.0,3056.0,5544.0,57.848837209302324,63.05813953488372,True,140.54651162790697,1.83469843633656,0.6984126984126984,301.4341085271318,916.8,True,0.09863681561751694
4000.0,0.1,roll,0.4,500.0,100.0,0.0,8600.0,3056.0,5544.0,57.848837209302324,63.05813953488372,True,140.54651162790697,1.83469843633656,0.6984126984126984,301.4341085271318,1222.4,True,0.09863681561751694
4000.0,0.1,roll,0.1,500.0,100.0,29.41995,8629.41995,3070.7099749999998,5558.709975,58.31642140095407,63.5079638521938,True,141.9492642028622,1.8213877433736412,0.6984126984126984,301.1223857326973,307.0709975,True,0.09806278944747862
4000.0,0.1,roll,0.2,500.0,100.0,29.41995,8629.41995,3070.7099749999998,5558.709975,58.31642140095407,63.5079638521938,True,141.9492642028622,1.8213877433736412,0.6984126984126984,301.1223857326973,614.141995,True,0.09806278944747862
4000.0,0.1,roll,0.3,500.0,100.0,29.41995,8629.41995,3070.7099749999998,5558.709975,58.31642140095407,63.5079638521938,True,141.9492642028622,1.8213877433736412,0.6984126984126984,301.1223857326973,921.2129924999999,True,0.09806278944747862
4000.0,0.1,roll,0.4,500.0,100.0,29.41995,8629.41995,3070.7099749999998,5558.709975,58.31642140095407,63.5079638521938,True,141.9492642028622,1.8213877433736412,0.6984126984126984,301.1223857326973,1228.28399,True,0.09806278944747862
4000.0,0.2,roll,0.1,0.0,0.0,0.0,8000.0,2388.0,5612.0,54.275,55.725,True,129.825,2.0105777455340155,0.7619047619047619,303.81666666666666,238.8,False,0.12722640982691233
4000.0,0.2,roll,0.2,0.0,0.0,0.0,8000.0,2388.0,5612.0,54.275,55.725,True,129.825,2.0105777455340155,0.7619047619047619,303.81666666666666,477.6,True,0.12722640982691233
4000.0,0.2,roll,0.3,0.0,0.0,0.0,8000.0,2388.0,5612.0,54.275,55.725,True,129.825,2.0105777455340155,0.7619047619047619,303.81666666666666,716.4,True,0.12722640982691233
4000.0,0.2,roll,0.4,0.0,0.0,0.0,8000.0,2388.0,5612.0,54.275,55.725,True,129.825,2.0105777455340155,0.7619047619047619,303.81666666666666,955.2,True,0.12722640982691233
4000.0,0.2,roll,0.1,0.0,0.0,29.41995,8029.41995,2402.709975,5626.709975,54.790619121870684,56.23530629382512,True,131.37185736561204,1.992111902394242,0.7619047619047619,303.4729205854195,240.27099750000002,False,0.12630443280422118
4000.0,0.2,roll,0.2,0.0,0.0,29.41995,8029.41995,2402.709975,5626.709975,54.790619121870684,56.23530629382512,True,131.37185736561204,1.992111902394242,0.7619047619047619,303.4729205854195,480.54199500000004,True,0.12630443280422118
4000.0,0.2,roll,0.3,0.0,0.0,29.41995,8029.41995,2402.709975,5626.709975,54.790619121870684,56.23530629382512,True,131.37185736561204,1.992111902394242,0.7619047619047619,303.4729205854195,720.8129925000001,True,0.12630443280422118
4000.0,0.2,roll,0.4,0.0,0.0,29.41995,8029.41995,2402.709975,5626.709975,54.790619121870684,56.23530629382512,True,131.37185736561204,1.992111902394242,0.7619047619047619,303.4729205854195,961.0839900000001,True,0.12630443280422118
4000.0,0.2,roll,0.1,0.0,100.0,0.0,8100.0,2352.666666666667,5747.333333333333,53.08641975308642,58.617283950617285,True,126.25925925925924,2.1172136683334815,0.7619047619047619,304.60905349794234,235.2666666666667,False,0.12947395303114578
4000.0,0.2,roll,0.2,0.0,100.0,0.0,8100.0,2352.666666666667,5747.333333333333,53.08641975308642,58.617283950617285,True,126.25925925925924,2.1172136683334815,0.7619047619047619,304.60905349794234,470.5333333333334,True,0.12947395303114578
4000.0,0.2,roll,0.3,0.0,100.0,0.0,8100.0,2352.666666666667,5747.333333333333,53.08641975308642,58.617283950617285,True,126.25925925925924,2.1172136683334815,0.7619047619047619,304.60905349794234,705.8000000000001,True,0.12947395303114578
4000.0,0.2,roll,0.4,0.0,100.0,0.0,8100.0,2352.666666666667,5747.333333333333,53.08641975308642,58.617283950617285,True,126.25925925925924,2.1172136683334815,0.7619047619047619,304.60905349794234,941.0666666666668,True,0.12947395303114578
4000.0,0.2,roll,0.1,0.0,100.0,29.41995,8129.41995,2367.3766416666667,5762.043308333334,53.59999765419917,59.1108459404905,True,127.79999296259751,2.097042481211403,0.7619047619047619,304.2666682305339,236.7376641666667,False,0.1285248248526799
4000.0,0.2,roll,0.2,0.0,100.0,29.41995,8129.41995,2367.3766416666667,5762.043308333334,53.59999765419917,59.1108459404905,True,127.79999296259751,2.097042481211403,0.7619047619047619,304.2666682305339,473.4753283333334,True,0.1285248248526799
4000.0,0.2,roll,0.3,0.0,100.0,29.41995,8129.41995,2367.3766416666667,5762.043308333334,53.59999765419917,59.1108459404905,True,127.79999296259751,2.097042481211403,0.7619047619047619,304.2666682305339,710.2129925,True,0.1285248248526799
4000.0,0.2,roll,0.4,0.0,100.0,29.41995,8129.41995,2367.3766416666667,5762.043308333334,53.59999765419917,59.1108459404905,True,127.79999296259751,2.097042481211403,0.7619047619047619,304.2666682305339,946.9506566666668,True,0.1285248248526799
4000.0,0.2,roll,0.1,500.0,0.0,0.0,8500.0,2638.0,5862.0,59.023529411764706,60.38823529411765,True,144.0705882352941,1.8924831648872535,0.7619047619047619,300.65098039215684,263.8,False,0.11396928748754998
4000.0,0.2,roll,0.2,500.0,0.0,0.0,8500.0,2638.0,5862.0,59.023529411764706,60.38823529411765,True,144.0705882352941,1.8924831648872535,0.7619047619047619,300.65098039215684,527.6,True,0.11396928748754998
4000.0,0.2,roll,0.3,500.0,0.0,0.0,8500.0,2638.0,5862.0,59.023529411764706,60.38823529411765,True,144.0705882352941,1.8924831648872535,0.7619047619047619,300.65098039215684,791.4,True,0.11396928748754998
4000.0,0.2,roll,0.4,500.0,0.0,0.0,8500.0,2638.0,5862.0,59.023529411764706,60.38823529411765,True,144.0705882352941,1.8924831648872535,0.7619047619047619,300.65098039215684,1055.2,True,0.11396928748754998
4000.0,0.2,roll,0.1,500.0,0.0,29.41995,8529.41995,2652.7099749999998,5876.709975,59.49254383353466,60.85254252840488,True,145.477631500604,1.878882305512953,0.7619047619047619,300.3383041109769,265.27099749999996,False,0.1132194272805782
4000.0,0.2,roll,0.2,500.0,0.0,29.41995,8529.41995,2652.7099749999998,5876.709975,59.49254383353466,60.85254252840488,True,145.477631500604,1.878882305512953,0.7619047619047619,300.3383041109769,530.5419949999999,True,0.1132194272805782
4000.0,0.2,roll,0.3,500.0,0.0,29.41995,8529.41995,2652.7099749999998,5876.709975,59.49254383353466,60.85254252840488,True,145.477631500604,1.878882305512953,0.7619047619047619,300.3383041109769,795.8129925,True,0.1132194272805782
4000.0,0.2,roll,0.4,500.0,0.0,29.41995,8529.41995,2652.7099749999998,5876.709975,59.49254383353466,60.85254252840488,True,145.477631500604,1.878882305512953,0.7619047619047619,300.3383041109769,1061.0839899999999,True,0.1132194272805782
4000.0,0.2,roll,0.1,500.0,100.0,0.0,8600.0,2602.666666666667,5997.333333333333,57.848837209302324,63.05813953488372,True,140.54651162790697,1.9847218774992417,0.7619047619047619,301.4341085271318,260.2666666666667,False,0.11581740850171558
4000.0,0.2,roll,0.2,500.0,100.0,0.0,8600.0,2602.666666666667,5997.333333333333,57.848837209302324,63.05813953488372,True,140.54651162790697,1.9847218774992417,0.7619047619047619,301.4341085271318,520.5333333333334,True,0.11581740850171558
4000.0,0.2,roll,0.3,500.0,100.0,0.0,8600.0,2602.666666666667,5997.333333333333,57.848837209302324,63.05813953488372,True,140.54651162790697,1.9847218774992417,0.7619047619047619,301.4341085271318,780.8000000000001,True,0.11581740850171558
4000.0,0.2,roll,0.4,500.0,100.0,0.0,8600.0,2602.666666666667,5997.333333333333,57.848837209302324,63.05813953488372,True,140.54651162790697,1.9847218774992417,0.7619047619047619,301.4341085271318,1041.0666666666668,True,0.11581740850171558
4000.0,0.2,roll,0.1,500.0,100.0,29.41995,8629.41995,2617.3766416666667,6012.043308333333,58.31642140095407,63.5079638521938,True,141.9492642028622,1.969928642378909,0.7619047619047619,301.1223857326973,261.73766416666666,False,0.11504740316661174
4000.0,0.2,roll,0.2,500.0,100.0,29.41995,8629.41995,2617.3766416666667,6012.043308333333,58.31642140095407,63.5079638521938,True,141.9492642028622,1.969928642378909,0.7619047619047619,301.1223857326973,523.4753283333333,True,0.11504740316661174
4000.0,0.2,roll,0.3,500.0,100.0,29.41995,8629.41995,2617.3766416666667,6012.043308333333,58.31642140095407,63.5079638521938,True,141.9492642028622,1.969928642378909,0.7619047619047619,301.1223857326973,785.2129925,True,0.11504740316661174
4000.0,0.2,roll,0.4,500.0,100.0,29.41995,8629.41995,2617.3766416666667,6012.043308333333,58.31642140095407,63.5079638521938,True,141.9492642028622,1.969928642378909,0.7619047619047619,301.1223857326973,1046.9506566666666,True,0.11504740316661174
