ISO-10303-21;
HEADER;
FILE_DESCRIPTION(('Open CASCADE Model'),'2;1');
FILE_NAME('Open CASCADE Shape Model','2026-10-08T11:01:35',('Author'),(
    'Open CASCADE'),'Open CASCADE STEP processor 7.9','Open CASCADE 7.9'
  ,'Unknown');
FILE_SCHEMA(('AUTOMOTIVE_DESIGN { 1 0 10303 214 1 1 1 1 }'));
ENDSEC;
DATA;
#1 = APPLICATION_PROTOCOL_DEFINITION('international standard',
  'automotive_design',2000,#2);
#2 = APPLICATION_CONTEXT(
  'core data for automotive mechanical design processes');
#3 = SHAPE_DEFINITION_REPRESENTATION(#4,#10);
#4 = PRODUCT_DEFINITION_SHAPE('','',#5);
#5 = PRODUCT_DEFINITION('design','',#6,#9);
#6 = PRODUCT_DEFINITION_FORMATION('','',#7);
#7 = PRODUCT('Open CASCADE STEP translator 7.9 469',
  'Open CASCADE STEP translator 7.9 469','',(#8));
#8 = PRODUCT_CONTEXT('',#2,'mechanical');
#9 = PRODUCT_DEFINITION_CONTEXT('part definition',#2,'design');
#10 = ADVANCED_BREP_SHAPE_REPRESENTATION('',(#11,#15),#4243);
#11 = AXIS2_PLACEMENT_3D('',#12,#13,#14);
#12 = CARTESIAN_POINT('',(0.,0.,0.));
#13 = DIRECTION('',(0.,0.,1.));
#14 = DIRECTION('',(1.,0.,-0.));
#15 = MANIFOLD_SOLID_BREP('',#16);
#16 = CLOSED_SHELL('',(#17,#238,#415,#522,#589,#1201,#1271,#1724,#1751,
    #1803,#1883,#1918,#1968,#1996,#2024,#2051,#2078,#2103,#2133,#2167,
    #2953,#3022,#3048,#3207,#3262,#3297,#3459,#3532,#3605,#3637,#3694,
    #3859,#3886,#3913,#3938,#3963,#3990,#4016,#4067,#4100,#4146,#4173,
    #4199,#4230));
#17 = ADVANCED_FACE('',(#18),#32,.F.);
#18 = FACE_BOUND('',#19,.F.);
#19 = EDGE_LOOP('',(#20,#55,#83,#111,#139,#165,#191,#217));
#20 = ORIENTED_EDGE('',*,*,#21,.F.);
#21 = EDGE_CURVE('',#22,#24,#26,.T.);
#22 = VERTEX_POINT('',#23);
#23 = CARTESIAN_POINT('',(48.657980479274,80.25,0.));
#24 = VERTEX_POINT('',#25);
#25 = CARTESIAN_POINT('',(42.139047191899,80.25,24.328990239637));
#26 = SURFACE_CURVE('',#27,(#31,#43),.PCURVE_S1.);
#27 = LINE('',#28,#29);
#28 = CARTESIAN_POINT('',(48.657980479274,80.25,0.));
#29 = VECTOR('',#30,1.);
#30 = DIRECTION('',(-0.258819045103,0.,0.965925826289));
#31 = PCURVE('',#32,#37);
#32 = PLANE('',#33);
#33 = AXIS2_PLACEMENT_3D('',#34,#35,#36);
#34 = CARTESIAN_POINT('',(48.657980479274,80.25,0.));
#35 = DIRECTION('',(-0.965925826289,0.,-0.258819045103));
#36 = DIRECTION('',(-0.258819045103,0.,0.965925826289));
#37 = DEFINITIONAL_REPRESENTATION('',(#38),#42);
#38 = LINE('',#39,#40);
#39 = CARTESIAN_POINT('',(0.,0.));
#40 = VECTOR('',#41,1.);
#41 = DIRECTION('',(1.,0.));
#42 = ( GEOMETRIC_REPRESENTATION_CONTEXT(2) 
PARAMETRIC_REPRESENTATION_CONTEXT() REPRESENTATION_CONTEXT('2D SPACE',''
  ) );
#43 = PCURVE('',#44,#49);
#44 = PLANE('',#45);
#45 = AXIS2_PLACEMENT_3D('',#46,#47,#48);
#46 = CARTESIAN_POINT('',(7.522784654768E-16,80.25,-3.962230512022E-16)
  );
#47 = DIRECTION('',(-0.,-1.,-0.));
#48 = DIRECTION('',(0.,0.,-1.));
#49 = DEFINITIONAL_REPRESENTATION('',(#50),#54);
#50 = LINE('',#51,#52);
#51 = CARTESIAN_POINT('',(-3.962230512022E-16,48.657980479274));
#52 = VECTOR('',#53,1.);
#53 = DIRECTION('',(-0.965925826289,-0.258819045103));
#54 = ( GEOMETRIC_REPRESENTATION_CONTEXT(2) 
PARAMETRIC_REPRESENTATION_CONTEXT() REPRESENTATION_CONTEXT('2D SPACE',''
  ) );
#55 = ORIENTED_EDGE('',*,*,#56,.T.);
#56 = EDGE_CURVE('',#22,#57,#59,.T.);
#57 = VERTEX_POINT('',#58);
#58 = CARTESIAN_POINT('',(48.657980479274,44.25,0.));
#59 = SURFACE_CURVE('',#60,(#64,#71),.PCURVE_S1.);
#60 = LINE('',#61,#62);
#61 = CARTESIAN_POINT('',(48.657980479274,80.25,0.));
#62 = VECTOR('',#63,1.);
#63 = DIRECTION('',(-0.,-1.,-0.));
#64 = PCURVE('',#32,#65);
#65 = DEFINITIONAL_REPRESENTATION('',(#66),#70);
#66 = LINE('',#67,#68);
#67 = CARTESIAN_POINT('',(0.,0.));
#68 = VECTOR('',#69,1.);
#69 = DIRECTION('',(0.,-1.));
#70 = ( GEOMETRIC_REPRESENTATION_CONTEXT(2) 
PARAMETRIC_REPRESENTATION_CONTEXT() REPRESENTATION_CONTEXT('2D SPACE',''
  ) );
#71 = PCURVE('',#72,#77);
#72 = PLANE('',#73);
#73 = AXIS2_PLACEMENT_3D('',#74,#75,#76);
#74 = CARTESIAN_POINT('',(42.139047191898,80.25,-24.32899023963));
#75 = DIRECTION('',(-0.965925826289,0.,0.258819045103));
#76 = DIRECTION('',(0.258819045103,0.,0.965925826289));
#77 = DEFINITIONAL_REPRESENTATION('',(#78),#82);
#78 = LINE('',#79,#80);
#79 = CARTESIAN_POINT('',(25.187224088526,0.));
#80 = VECTOR('',#81,1.);
#81 = DIRECTION('',(0.,-1.));
#82 = ( GEOMETRIC_REPRESENTATION_CONTEXT(2) 
PARAMETRIC_REPRESENTATION_CONTEXT() REPRESENTATION_CONTEXT('2D SPACE',''
  ) );
#83 = ORIENTED_EDGE('',*,*,#84,.T.);
#84 = EDGE_CURVE('',#57,#85,#87,.T.);
#85 = VERTEX_POINT('',#86);
#86 = CARTESIAN_POINT('',(42.139047191899,44.25,24.328990239637));
#87 = SURFACE_CURVE('',#88,(#92,#99),.PCURVE_S1.);
#88 = LINE('',#89,#90);
#89 = CARTESIAN_POINT('',(48.657980479274,44.25,0.));
#90 = VECTOR('',#91,1.);
#91 = DIRECTION('',(-0.258819045103,0.,0.965925826289));
#92 = PCURVE('',#32,#93);
#93 = DEFINITIONAL_REPRESENTATION('',(#94),#98);
#94 = LINE('',#95,#96);
#95 = CARTESIAN_POINT('',(0.,-36.));
#96 = VECTOR('',#97,1.);
#97 = DIRECTION('',(1.,0.));
#98 = ( GEOMETRIC_REPRESENTATION_CONTEXT(2) 
PARAMETRIC_REPRESENTATION_CONTEXT() REPRESENTATION_CONTEXT('2D SPACE',''
  ) );
#99 = PCURVE('',#100,#105);
#100 = PLANE('',#101);
#101 = AXIS2_PLACEMENT_3D('',#102,#103,#104);
#102 = CARTESIAN_POINT('',(7.522784654768E-16,44.25,-3.962230512022E-16)
  );
#103 = DIRECTION('',(-0.,-1.,-0.));
#104 = DIRECTION('',(0.,0.,-1.));
#105 = DEFINITIONAL_REPRESENTATION('',(#106),#110);
#106 = LINE('',#107,#108);
#107 = CARTESIAN_POINT('',(-3.962230512022E-16,48.657980479274));
#108 = VECTOR('',#109,1.);
#109 = DIRECTION('',(-0.965925826289,-0.258819045103));
#110 = ( GEOMETRIC_REPRESENTATION_CONTEXT(2) 
PARAMETRIC_REPRESENTATION_CONTEXT() REPRESENTATION_CONTEXT('2D SPACE',''
  ) );
#111 = ORIENTED_EDGE('',*,*,#112,.F.);
#112 = EDGE_CURVE('',#113,#85,#115,.T.);
#113 = VERTEX_POINT('',#114);
#114 = CARTESIAN_POINT('',(42.139047191899,49.25,24.328990239637));
#115 = SURFACE_CURVE('',#116,(#120,#127),.PCURVE_S1.);
#116 = LINE('',#117,#118);
#117 = CARTESIAN_POINT('',(42.139047191899,80.25,24.328990239637));
#118 = VECTOR('',#119,1.);
#119 = DIRECTION('',(-0.,-1.,-0.));
#120 = PCURVE('',#32,#121);
#121 = DEFINITIONAL_REPRESENTATION('',(#122),#126);
#122 = LINE('',#123,#124);
#123 = CARTESIAN_POINT('',(25.187224088526,0.));
#124 = VECTOR('',#125,1.);
#125 = DIRECTION('',(0.,-1.));
#126 = ( GEOMETRIC_REPRESENTATION_CONTEXT(2) 
PARAMETRIC_REPRESENTATION_CONTEXT() REPRESENTATION_CONTEXT('2D SPACE',''
  ) );
#127 = PCURVE('',#128,#133);
#128 = PLANE('',#129);
#129 = AXIS2_PLACEMENT_3D('',#130,#131,#132);
#130 = CARTESIAN_POINT('',(42.139047191899,80.25,24.328990239637));
#131 = DIRECTION('',(-0.707106781187,0.,-0.707106781187));
#132 = DIRECTION('',(-0.707106781187,0.,0.707106781187));
#133 = DEFINITIONAL_REPRESENTATION('',(#134),#138);
#134 = LINE('',#135,#136);
#135 = CARTESIAN_POINT('',(0.,0.));
#136 = VECTOR('',#137,1.);
#137 = DIRECTION('',(0.,-1.));
#138 = ( GEOMETRIC_REPRESENTATION_CONTEXT(2) 
PARAMETRIC_REPRESENTATION_CONTEXT() REPRESENTATION_CONTEXT('2D SPACE',''
  ) );
#139 = ORIENTED_EDGE('',*,*,#140,.F.);
#140 = EDGE_CURVE('',#141,#113,#143,.T.);
#141 = VERTEX_POINT('',#142);
#142 = CARTESIAN_POINT('',(43.210843961623,49.25,20.328990239637));
#143 = SURFACE_CURVE('',#144,(#148,#154),.PCURVE_S1.);
#144 = LINE('',#145,#146);
#145 = CARTESIAN_POINT('',(45.588020248113,49.25,11.457247559909));
#146 = VECTOR('',#147,1.);
#147 = DIRECTION('',(-0.258819045103,0.,0.965925826289));
#148 = PCURVE('',#32,#149);
#149 = DEFINITIONAL_REPRESENTATION('',(#150),#153);
#150 = B_SPLINE_CURVE_WITH_KNOTS('',1,(#151,#152),.UNSPECIFIED.,.F.,.F.,
  (2,2),(4.453982365241,13.32580859669),.PIECEWISE_BEZIER_KNOTS.);
#151 = CARTESIAN_POINT('',(16.315397857077,-31.));
#152 = CARTESIAN_POINT('',(25.187224088526,-31.));
#153 = ( GEOMETRIC_REPRESENTATION_CONTEXT(2) 
PARAMETRIC_REPRESENTATION_CONTEXT() REPRESENTATION_CONTEXT('2D SPACE',''
  ) );
#154 = PCURVE('',#155,#160);
#155 = PLANE('',#156);
#156 = AXIS2_PLACEMENT_3D('',#157,#158,#159);
#157 = CARTESIAN_POINT('',(37.239092362731,49.25,21.5));
#158 = DIRECTION('',(-0.,-1.,-0.));
#159 = DIRECTION('',(0.,0.,-1.));
#160 = DEFINITIONAL_REPRESENTATION('',(#161),#164);
#161 = B_SPLINE_CURVE_WITH_KNOTS('',1,(#162,#163),.UNSPECIFIED.,.F.,.F.,
  (2,2),(4.453982365241,13.32580859669),.PIECEWISE_BEZIER_KNOTS.);
#162 = CARTESIAN_POINT('',(5.740535843668,7.196152422707));
#163 = CARTESIAN_POINT('',(-2.828990239637,4.899954829168));
#164 = ( GEOMETRIC_REPRESENTATION_CONTEXT(2) 
PARAMETRIC_REPRESENTATION_CONTEXT() REPRESENTATION_CONTEXT('2D SPACE',''
  ) );
#165 = ORIENTED_EDGE('',*,*,#166,.T.);
#166 = EDGE_CURVE('',#141,#167,#169,.T.);
#167 = VERTEX_POINT('',#168);
#168 = CARTESIAN_POINT('',(43.210843961623,67.25,20.328990239637));
#169 = SURFACE_CURVE('',#170,(#174,#180),.PCURVE_S1.);
#170 = LINE('',#171,#172);
#171 = CARTESIAN_POINT('',(43.210843961623,73.75,20.328990239637));
#172 = VECTOR('',#173,1.);
#173 = DIRECTION('',(0.,1.,0.));
#174 = PCURVE('',#32,#175);
#175 = DEFINITIONAL_REPRESENTATION('',(#176),#179);
#176 = B_SPLINE_CURVE_WITH_KNOTS('',1,(#177,#178),.UNSPECIFIED.,.F.,.F.,
  (2,2),(-24.5,-6.5),.PIECEWISE_BEZIER_KNOTS.);
#177 = CARTESIAN_POINT('',(21.046119366885,-31.));
#178 = CARTESIAN_POINT('',(21.046119366885,-13.));
#179 = ( GEOMETRIC_REPRESENTATION_CONTEXT(2) 
PARAMETRIC_REPRESENTATION_CONTEXT() REPRESENTATION_CONTEXT('2D SPACE',''
  ) );
#180 = PCURVE('',#181,#186);
#181 = PLANE('',#182);
#182 = AXIS2_PLACEMENT_3D('',#183,#184,#185);
#183 = CARTESIAN_POINT('',(34.042939940024,67.25,15.035898384862));
#184 = DIRECTION('',(-0.5,0.,0.866025403784));
#185 = DIRECTION('',(0.866025403784,0.,0.5));
#186 = DEFINITIONAL_REPRESENTATION('',(#187),#190);
#187 = B_SPLINE_CURVE_WITH_KNOTS('',1,(#188,#189),.UNSPECIFIED.,.F.,.F.,
  (2,2),(-24.5,-6.5),.PIECEWISE_BEZIER_KNOTS.);
#188 = CARTESIAN_POINT('',(10.586183709549,-18.));
#189 = CARTESIAN_POINT('',(10.586183709549,0.));
#190 = ( GEOMETRIC_REPRESENTATION_CONTEXT(2) 
PARAMETRIC_REPRESENTATION_CONTEXT() REPRESENTATION_CONTEXT('2D SPACE',''
  ) );
#191 = ORIENTED_EDGE('',*,*,#192,.T.);
#192 = EDGE_CURVE('',#167,#193,#195,.T.);
#193 = VERTEX_POINT('',#194);
#194 = CARTESIAN_POINT('',(42.139047191899,67.25,24.328990239637));
#195 = SURFACE_CURVE('',#196,(#200,#206),.PCURVE_S1.);
#196 = LINE('',#197,#198);
#197 = CARTESIAN_POINT('',(45.588020248113,67.25,11.457247559909));
#198 = VECTOR('',#199,1.);
#199 = DIRECTION('',(-0.258819045103,0.,0.965925826289));
#200 = PCURVE('',#32,#201);
#201 = DEFINITIONAL_REPRESENTATION('',(#202),#205);
#202 = B_SPLINE_CURVE_WITH_KNOTS('',1,(#203,#204),.UNSPECIFIED.,.F.,.F.,
  (2,2),(4.453982365241,13.32580859669),.PIECEWISE_BEZIER_KNOTS.);
#203 = CARTESIAN_POINT('',(16.315397857077,-13.));
#204 = CARTESIAN_POINT('',(25.187224088526,-13.));
#205 = ( GEOMETRIC_REPRESENTATION_CONTEXT(2) 
PARAMETRIC_REPRESENTATION_CONTEXT() REPRESENTATION_CONTEXT('2D SPACE',''
  ) );
#206 = PCURVE('',#207,#212);
#207 = PLANE('',#208);
#208 = AXIS2_PLACEMENT_3D('',#209,#210,#211);
#209 = CARTESIAN_POINT('',(37.239092362731,67.25,21.5));
#210 = DIRECTION('',(-0.,-1.,-0.));
#211 = DIRECTION('',(0.,0.,-1.));
#212 = DEFINITIONAL_REPRESENTATION('',(#213),#216);
#213 = B_SPLINE_CURVE_WITH_KNOTS('',1,(#214,#215),.UNSPECIFIED.,.F.,.F.,
  (2,2),(4.453982365241,13.32580859669),.PIECEWISE_BEZIER_KNOTS.);
#214 = CARTESIAN_POINT('',(5.740535843668,7.196152422707));
#215 = CARTESIAN_POINT('',(-2.828990239637,4.899954829168));
#216 = ( GEOMETRIC_REPRESENTATION_CONTEXT(2) 
PARAMETRIC_REPRESENTATION_CONTEXT() REPRESENTATION_CONTEXT('2D SPACE',''
  ) );
#217 = ORIENTED_EDGE('',*,*,#218,.F.);
#218 = EDGE_CURVE('',#24,#193,#219,.T.);
#219 = SURFACE_CURVE('',#220,(#224,#231),.PCURVE_S1.);
#220 = LINE('',#221,#222);
#221 = CARTESIAN_POINT('',(42.139047191899,80.25,24.328990239637));
#222 = VECTOR('',#223,1.);
#223 = DIRECTION('',(-0.,-1.,-0.));
#224 = PCURVE('',#32,#225);
#225 = DEFINITIONAL_REPRESENTATION('',(#226),#230);
#226 = LINE('',#227,#228);
#227 = CARTESIAN_POINT('',(25.187224088526,0.));
#228 = VECTOR('',#229,1.);
#229 = DIRECTION('',(0.,-1.));
#230 = ( GEOMETRIC_REPRESENTATION_CONTEXT(2) 
PARAMETRIC_REPRESENTATION_CONTEXT() REPRESENTATION_CONTEXT('2D SPACE',''
  ) );
#231 = PCURVE('',#128,#232);
#232 = DEFINITIONAL_REPRESENTATION('',(#233),#237);
#233 = LINE('',#234,#235);
#234 = CARTESIAN_POINT('',(0.,0.));
#235 = VECTOR('',#236,1.);
#236 = DIRECTION('',(0.,-1.));
#237 = ( GEOMETRIC_REPRESENTATION_CONTEXT(2) 
PARAMETRIC_REPRESENTATION_CONTEXT() REPRESENTATION_CONTEXT('2D SPACE',''
  ) );
#238 = ADVANCED_FACE('',(#239),#72,.F.);
#239 = FACE_BOUND('',#240,.F.);
#240 = EDGE_LOOP('',(#241,#264,#292,#318,#344,#370,#393,#414));
#241 = ORIENTED_EDGE('',*,*,#242,.F.);
#242 = EDGE_CURVE('',#243,#22,#245,.T.);
#243 = VERTEX_POINT('',#244);
#244 = CARTESIAN_POINT('',(42.139047191898,80.25,-24.32899023963));
#245 = SURFACE_CURVE('',#246,(#250,#257),.PCURVE_S1.);
#246 = LINE('',#247,#248);
#247 = CARTESIAN_POINT('',(42.139047191898,80.25,-24.32899023963));
#248 = VECTOR('',#249,1.);
#249 = DIRECTION('',(0.258819045103,0.,0.965925826289));
#250 = PCURVE('',#72,#251);
#251 = DEFINITIONAL_REPRESENTATION('',(#252),#256);
#252 = LINE('',#253,#254);
#253 = CARTESIAN_POINT('',(0.,0.));
#254 = VECTOR('',#255,1.);
#255 = DIRECTION('',(1.,0.));
#256 = ( GEOMETRIC_REPRESENTATION_CONTEXT(2) 
PARAMETRIC_REPRESENTATION_CONTEXT() REPRESENTATION_CONTEXT('2D SPACE',''
  ) );
#257 = PCURVE('',#44,#258);
#258 = DEFINITIONAL_REPRESENTATION('',(#259),#263);
#259 = LINE('',#260,#261);
#260 = CARTESIAN_POINT('',(24.328990239637,42.139047191898));
#261 = VECTOR('',#262,1.);
#262 = DIRECTION('',(-0.965925826289,0.258819045103));
#263 = ( GEOMETRIC_REPRESENTATION_CONTEXT(2) 
PARAMETRIC_REPRESENTATION_CONTEXT() REPRESENTATION_CONTEXT('2D SPACE',''
  ) );
#264 = ORIENTED_EDGE('',*,*,#265,.T.);
#265 = EDGE_CURVE('',#243,#266,#268,.T.);
#266 = VERTEX_POINT('',#267);
#267 = CARTESIAN_POINT('',(42.139047191898,67.25,-24.32899023963));
#268 = SURFACE_CURVE('',#269,(#273,#280),.PCURVE_S1.);
#269 = LINE('',#270,#271);
#270 = CARTESIAN_POINT('',(42.139047191898,80.25,-24.32899023963));
#271 = VECTOR('',#272,1.);
#272 = DIRECTION('',(-0.,-1.,-0.));
#273 = PCURVE('',#72,#274);
#274 = DEFINITIONAL_REPRESENTATION('',(#275),#279);
#275 = LINE('',#276,#277);
#276 = CARTESIAN_POINT('',(0.,0.));
#277 = VECTOR('',#278,1.);
#278 = DIRECTION('',(0.,-1.));
#279 = ( GEOMETRIC_REPRESENTATION_CONTEXT(2) 
PARAMETRIC_REPRESENTATION_CONTEXT() REPRESENTATION_CONTEXT('2D SPACE',''
  ) );
#280 = PCURVE('',#281,#286);
#281 = PLANE('',#282);
#282 = AXIS2_PLACEMENT_3D('',#283,#284,#285);
#283 = CARTESIAN_POINT('',(24.328990239637,80.25,-42.13904719189));
#284 = DIRECTION('',(-0.707106781187,0.,0.707106781187));
#285 = DIRECTION('',(0.707106781187,0.,0.707106781187));
#286 = DEFINITIONAL_REPRESENTATION('',(#287),#291);
#287 = LINE('',#288,#289);
#288 = CARTESIAN_POINT('',(25.187224088526,0.));
#289 = VECTOR('',#290,1.);
#290 = DIRECTION('',(0.,-1.));
#291 = ( GEOMETRIC_REPRESENTATION_CONTEXT(2) 
PARAMETRIC_REPRESENTATION_CONTEXT() REPRESENTATION_CONTEXT('2D SPACE',''
  ) );
#292 = ORIENTED_EDGE('',*,*,#293,.T.);
#293 = EDGE_CURVE('',#266,#294,#296,.T.);
#294 = VERTEX_POINT('',#295);
#295 = CARTESIAN_POINT('',(43.210843961623,67.25,-20.32899023963));
#296 = SURFACE_CURVE('',#297,(#301,#307),.PCURVE_S1.);
#297 = LINE('',#298,#299);
#298 = CARTESIAN_POINT('',(42.328553604425,67.25,-23.62174267972));
#299 = VECTOR('',#300,1.);
#300 = DIRECTION('',(0.258819045103,-0.,0.965925826289));
#301 = PCURVE('',#72,#302);
#302 = DEFINITIONAL_REPRESENTATION('',(#303),#306);
#303 = B_SPLINE_CURVE_WITH_KNOTS('',1,(#304,#305),.UNSPECIFIED.,.F.,.F.,
  (2,2),(-0.732196552427,8.139629679021),.PIECEWISE_BEZIER_KNOTS.);
#304 = CARTESIAN_POINT('',(0.,-13.));
#305 = CARTESIAN_POINT('',(8.871826231448,-13.));
#306 = ( GEOMETRIC_REPRESENTATION_CONTEXT(2) 
PARAMETRIC_REPRESENTATION_CONTEXT() REPRESENTATION_CONTEXT('2D SPACE',''
  ) );
#307 = PCURVE('',#308,#313);
#308 = PLANE('',#309);
#309 = AXIS2_PLACEMENT_3D('',#310,#311,#312);
#310 = CARTESIAN_POINT('',(37.239092362731,67.25,-21.5));
#311 = DIRECTION('',(-0.,-1.,-0.));
#312 = DIRECTION('',(0.,0.,-1.));
#313 = DEFINITIONAL_REPRESENTATION('',(#314),#317);
#314 = B_SPLINE_CURVE_WITH_KNOTS('',1,(#315,#316),.UNSPECIFIED.,.F.,.F.,
  (2,2),(-0.732196552427,8.139629679021),.PIECEWISE_BEZIER_KNOTS.);
#315 = CARTESIAN_POINT('',(2.828990239637,4.899954829168));
#316 = CARTESIAN_POINT('',(-5.740535843668,7.196152422707));
#317 = ( GEOMETRIC_REPRESENTATION_CONTEXT(2) 
PARAMETRIC_REPRESENTATION_CONTEXT() REPRESENTATION_CONTEXT('2D SPACE',''
  ) );
#318 = ORIENTED_EDGE('',*,*,#319,.T.);
#319 = EDGE_CURVE('',#294,#320,#322,.T.);
#320 = VERTEX_POINT('',#321);
#321 = CARTESIAN_POINT('',(43.210843961623,49.25,-20.32899023963));
#322 = SURFACE_CURVE('',#323,(#327,#333),.PCURVE_S1.);
#323 = LINE('',#324,#325);
#324 = CARTESIAN_POINT('',(43.210843961623,73.75,-20.32899023963));
#325 = VECTOR('',#326,1.);
#326 = DIRECTION('',(-0.,-1.,0.));
#327 = PCURVE('',#72,#328);
#328 = DEFINITIONAL_REPRESENTATION('',(#329),#332);
#329 = B_SPLINE_CURVE_WITH_KNOTS('',1,(#330,#331),.UNSPECIFIED.,.F.,.F.,
  (2,2),(6.5,24.5),.PIECEWISE_BEZIER_KNOTS.);
#330 = CARTESIAN_POINT('',(4.14110472164,-13.));
#331 = CARTESIAN_POINT('',(4.14110472164,-31.));
#332 = ( GEOMETRIC_REPRESENTATION_CONTEXT(2) 
PARAMETRIC_REPRESENTATION_CONTEXT() REPRESENTATION_CONTEXT('2D SPACE',''
  ) );
#333 = PCURVE('',#334,#339);
#334 = PLANE('',#335);
#335 = AXIS2_PLACEMENT_3D('',#336,#337,#338);
#336 = CARTESIAN_POINT('',(44.435244785437,67.25,-21.03589838486));
#337 = DIRECTION('',(-0.5,0.,-0.866025403784));
#338 = DIRECTION('',(-0.866025403784,-0.,0.5));
#339 = DEFINITIONAL_REPRESENTATION('',(#340),#343);
#340 = B_SPLINE_CURVE_WITH_KNOTS('',1,(#341,#342),.UNSPECIFIED.,.F.,.F.,
  (2,2),(6.5,24.5),.PIECEWISE_BEZIER_KNOTS.);
#341 = CARTESIAN_POINT('',(1.413816290451,0.));
#342 = CARTESIAN_POINT('',(1.413816290451,-18.));
#343 = ( GEOMETRIC_REPRESENTATION_CONTEXT(2) 
PARAMETRIC_REPRESENTATION_CONTEXT() REPRESENTATION_CONTEXT('2D SPACE',''
  ) );
#344 = ORIENTED_EDGE('',*,*,#345,.F.);
#345 = EDGE_CURVE('',#346,#320,#348,.T.);
#346 = VERTEX_POINT('',#347);
#347 = CARTESIAN_POINT('',(42.139047191898,49.25,-24.32899023963));
#348 = SURFACE_CURVE('',#349,(#353,#359),.PCURVE_S1.);
#349 = LINE('',#350,#351);
#350 = CARTESIAN_POINT('',(42.328553604425,49.25,-23.62174267972));
#351 = VECTOR('',#352,1.);
#352 = DIRECTION('',(0.258819045103,-0.,0.965925826289));
#353 = PCURVE('',#72,#354);
#354 = DEFINITIONAL_REPRESENTATION('',(#355),#358);
#355 = B_SPLINE_CURVE_WITH_KNOTS('',1,(#356,#357),.UNSPECIFIED.,.F.,.F.,
  (2,2),(-0.732196552427,8.139629679021),.PIECEWISE_BEZIER_KNOTS.);
#356 = CARTESIAN_POINT('',(0.,-31.));
#357 = CARTESIAN_POINT('',(8.871826231448,-31.));
#358 = ( GEOMETRIC_REPRESENTATION_CONTEXT(2) 
PARAMETRIC_REPRESENTATION_CONTEXT() REPRESENTATION_CONTEXT('2D SPACE',''
  ) );
#359 = PCURVE('',#360,#365);
#360 = PLANE('',#361);
#361 = AXIS2_PLACEMENT_3D('',#362,#363,#364);
#362 = CARTESIAN_POINT('',(37.239092362731,49.25,-21.5));
#363 = DIRECTION('',(-0.,-1.,-0.));
#364 = DIRECTION('',(0.,0.,-1.));
#365 = DEFINITIONAL_REPRESENTATION('',(#366),#369);
#366 = B_SPLINE_CURVE_WITH_KNOTS('',1,(#367,#368),.UNSPECIFIED.,.F.,.F.,
  (2,2),(-0.732196552427,8.139629679021),.PIECEWISE_BEZIER_KNOTS.);
#367 = CARTESIAN_POINT('',(2.828990239637,4.899954829168));
#368 = CARTESIAN_POINT('',(-5.740535843668,7.196152422707));
#369 = ( GEOMETRIC_REPRESENTATION_CONTEXT(2) 
PARAMETRIC_REPRESENTATION_CONTEXT() REPRESENTATION_CONTEXT('2D SPACE',''
  ) );
#370 = ORIENTED_EDGE('',*,*,#371,.T.);
#371 = EDGE_CURVE('',#346,#372,#374,.T.);
#372 = VERTEX_POINT('',#373);
#373 = CARTESIAN_POINT('',(42.139047191898,44.25,-24.32899023963));
#374 = SURFACE_CURVE('',#375,(#379,#386),.PCURVE_S1.);
#375 = LINE('',#376,#377);
#376 = CARTESIAN_POINT('',(42.139047191898,80.25,-24.32899023963));
#377 = VECTOR('',#378,1.);
#378 = DIRECTION('',(-0.,-1.,-0.));
#379 = PCURVE('',#72,#380);
#380 = DEFINITIONAL_REPRESENTATION('',(#381),#385);
#381 = LINE('',#382,#383);
#382 = CARTESIAN_POINT('',(0.,0.));
#383 = VECTOR('',#384,1.);
#384 = DIRECTION('',(0.,-1.));
#385 = ( GEOMETRIC_REPRESENTATION_CONTEXT(2) 
PARAMETRIC_REPRESENTATION_CONTEXT() REPRESENTATION_CONTEXT('2D SPACE',''
  ) );
#386 = PCURVE('',#281,#387);
#387 = DEFINITIONAL_REPRESENTATION('',(#388),#392);
#388 = LINE('',#389,#390);
#389 = CARTESIAN_POINT('',(25.187224088526,0.));
#390 = VECTOR('',#391,1.);
#391 = DIRECTION('',(0.,-1.));
#392 = ( GEOMETRIC_REPRESENTATION_CONTEXT(2) 
PARAMETRIC_REPRESENTATION_CONTEXT() REPRESENTATION_CONTEXT('2D SPACE',''
  ) );
#393 = ORIENTED_EDGE('',*,*,#394,.T.);
#394 = EDGE_CURVE('',#372,#57,#395,.T.);
#395 = SURFACE_CURVE('',#396,(#400,#407),.PCURVE_S1.);
#396 = LINE('',#397,#398);
#397 = CARTESIAN_POINT('',(42.139047191898,44.25,-24.32899023963));
#398 = VECTOR('',#399,1.);
#399 = DIRECTION('',(0.258819045103,0.,0.965925826289));
#400 = PCURVE('',#72,#401);
#401 = DEFINITIONAL_REPRESENTATION('',(#402),#406);
#402 = LINE('',#403,#404);
#403 = CARTESIAN_POINT('',(0.,-36.));
#404 = VECTOR('',#405,1.);
#405 = DIRECTION('',(1.,0.));
#406 = ( GEOMETRIC_REPRESENTATION_CONTEXT(2) 
PARAMETRIC_REPRESENTATION_CONTEXT() REPRESENTATION_CONTEXT('2D SPACE',''
  ) );
#407 = PCURVE('',#100,#408);
#408 = DEFINITIONAL_REPRESENTATION('',(#409),#413);
#409 = LINE('',#410,#411);
#410 = CARTESIAN_POINT('',(24.328990239637,42.139047191898));
#411 = VECTOR('',#412,1.);
#412 = DIRECTION('',(-0.965925826289,0.258819045103));
#413 = ( GEOMETRIC_REPRESENTATION_CONTEXT(2) 
PARAMETRIC_REPRESENTATION_CONTEXT() REPRESENTATION_CONTEXT('2D SPACE',''
  ) );
#414 = ORIENTED_EDGE('',*,*,#56,.F.);
#415 = ADVANCED_FACE('',(#416),#308,.T.);
#416 = FACE_BOUND('',#417,.T.);
#417 = EDGE_LOOP('',(#418,#453,#481,#500,#501));
#418 = ORIENTED_EDGE('',*,*,#419,.T.);
#419 = EDGE_CURVE('',#420,#422,#424,.T.);
#420 = VERTEX_POINT('',#421);
#421 = CARTESIAN_POINT('',(40.469078491693,67.25,-18.74603120751));
#422 = VERTEX_POINT('',#423);
#423 = CARTESIAN_POINT('',(36.469078491693,67.25,-25.67423443779));
#424 = SURFACE_CURVE('',#425,(#430,#441),.PCURVE_S1.);
#425 = CIRCLE('',#426,44.6);
#426 = AXIS2_PLACEMENT_3D('',#427,#428,#429);
#427 = CARTESIAN_POINT('',(3.009113861907E-15,67.25,1.128417698215E-15)
  );
#428 = DIRECTION('',(-0.,1.,0.));
#429 = DIRECTION('',(1.,0.,0.));
#430 = PCURVE('',#308,#431);
#431 = DEFINITIONAL_REPRESENTATION('',(#432),#440);
#432 = ( BOUNDED_CURVE() B_SPLINE_CURVE(2,(#433,#434,#435,#436,#437,#438
,#439),.UNSPECIFIED.,.T.,.F.) B_SPLINE_CURVE_WITH_KNOTS((1,2,2,2,2,1),(
    -2.094395102393,0.,2.094395102393,4.188790204786,6.28318530718,
8.377580409573),.UNSPECIFIED.) CURVE() GEOMETRIC_REPRESENTATION_ITEM() 
RATIONAL_B_SPLINE_CURVE((1.,0.5,1.,0.5,1.,0.5,1.)) REPRESENTATION_ITEM(
  '') );
#433 = CARTESIAN_POINT('',(-21.5,7.360907637269));
#434 = CARTESIAN_POINT('',(55.749466017572,7.360907637269));
#435 = CARTESIAN_POINT('',(17.124733008786,-59.53909236273));
#436 = CARTESIAN_POINT('',(-21.5,-126.4390923627));
#437 = CARTESIAN_POINT('',(-60.12473300878,-59.53909236273));
#438 = CARTESIAN_POINT('',(-98.74946601757,7.360907637269));
#439 = CARTESIAN_POINT('',(-21.5,7.360907637269));
#440 = ( GEOMETRIC_REPRESENTATION_CONTEXT(2) 
PARAMETRIC_REPRESENTATION_CONTEXT() REPRESENTATION_CONTEXT('2D SPACE',''
  ) );
#441 = PCURVE('',#442,#447);
#442 = CYLINDRICAL_SURFACE('',#443,44.6);
#443 = AXIS2_PLACEMENT_3D('',#444,#445,#446);
#444 = CARTESIAN_POINT('',(3.009113861907E-15,80.25,1.128417698215E-15)
  );
#445 = DIRECTION('',(-0.,1.,-0.));
#446 = DIRECTION('',(1.,0.,0.));
#447 = DEFINITIONAL_REPRESENTATION('',(#448),#452);
#448 = LINE('',#449,#450);
#449 = CARTESIAN_POINT('',(-6.28318530718,-13.));
#450 = VECTOR('',#451,1.);
#451 = DIRECTION('',(1.,-0.));
#452 = ( GEOMETRIC_REPRESENTATION_CONTEXT(2) 
PARAMETRIC_REPRESENTATION_CONTEXT() REPRESENTATION_CONTEXT('2D SPACE',''
  ) );
#453 = ORIENTED_EDGE('',*,*,#454,.T.);
#454 = EDGE_CURVE('',#422,#455,#457,.T.);
#455 = VERTEX_POINT('',#456);
#456 = CARTESIAN_POINT('',(39.210843961623,67.25,-27.25719346991));
#457 = SURFACE_CURVE('',#458,(#462,#469),.PCURVE_S1.);
#458 = LINE('',#459,#460);
#459 = CARTESIAN_POINT('',(30.042939940024,67.25,-21.96410161513));
#460 = VECTOR('',#461,1.);
#461 = DIRECTION('',(0.866025403784,0.,-0.5));
#462 = PCURVE('',#308,#463);
#463 = DEFINITIONAL_REPRESENTATION('',(#464),#468);
#464 = LINE('',#465,#466);
#465 = CARTESIAN_POINT('',(0.464101615138,-7.196152422707));
#466 = VECTOR('',#467,1.);
#467 = DIRECTION('',(0.5,0.866025403784));
#468 = ( GEOMETRIC_REPRESENTATION_CONTEXT(2) 
PARAMETRIC_REPRESENTATION_CONTEXT() REPRESENTATION_CONTEXT('2D SPACE',''
  ) );
#469 = PCURVE('',#470,#475);
#470 = PLANE('',#471);
#471 = AXIS2_PLACEMENT_3D('',#472,#473,#474);
#472 = CARTESIAN_POINT('',(30.042939940024,67.25,-21.96410161513));
#473 = DIRECTION('',(0.5,-0.,0.866025403784));
#474 = DIRECTION('',(0.866025403784,0.,-0.5));
#475 = DEFINITIONAL_REPRESENTATION('',(#476),#480);
#476 = LINE('',#477,#478);
#477 = CARTESIAN_POINT('',(0.,0.));
#478 = VECTOR('',#479,1.);
#479 = DIRECTION('',(1.,0.));
#480 = ( GEOMETRIC_REPRESENTATION_CONTEXT(2) 
PARAMETRIC_REPRESENTATION_CONTEXT() REPRESENTATION_CONTEXT('2D SPACE',''
  ) );
#481 = ORIENTED_EDGE('',*,*,#482,.T.);
#482 = EDGE_CURVE('',#455,#266,#483,.T.);
#483 = SURFACE_CURVE('',#484,(#488,#494),.PCURVE_S1.);
#484 = LINE('',#485,#486);
#485 = CARTESIAN_POINT('',(32.716277568385,67.25,-33.75175986315));
#486 = VECTOR('',#487,1.);
#487 = DIRECTION('',(0.707106781187,-0.,0.707106781187));
#488 = PCURVE('',#308,#489);
#489 = DEFINITIONAL_REPRESENTATION('',(#490),#493);
#490 = B_SPLINE_CURVE_WITH_KNOTS('',1,(#491,#492),.UNSPECIFIED.,.F.,.F.,
  (2,2),(8.18498478872,13.32580859669),.PIECEWISE_BEZIER_KNOTS.);
#491 = CARTESIAN_POINT('',(6.464101615138,1.264843453667));
#492 = CARTESIAN_POINT('',(2.828990239637,4.899954829168));
#493 = ( GEOMETRIC_REPRESENTATION_CONTEXT(2) 
PARAMETRIC_REPRESENTATION_CONTEXT() REPRESENTATION_CONTEXT('2D SPACE',''
  ) );
#494 = PCURVE('',#281,#495);
#495 = DEFINITIONAL_REPRESENTATION('',(#496),#499);
#496 = B_SPLINE_CURVE_WITH_KNOTS('',1,(#497,#498),.UNSPECIFIED.,.F.,.F.,
  (2,2),(8.18498478872,13.32580859669),.PIECEWISE_BEZIER_KNOTS.);
#497 = CARTESIAN_POINT('',(20.046400280556,-13.));
#498 = CARTESIAN_POINT('',(25.187224088526,-13.));
#499 = ( GEOMETRIC_REPRESENTATION_CONTEXT(2) 
PARAMETRIC_REPRESENTATION_CONTEXT() REPRESENTATION_CONTEXT('2D SPACE',''
  ) );
#500 = ORIENTED_EDGE('',*,*,#293,.T.);
#501 = ORIENTED_EDGE('',*,*,#502,.T.);
#502 = EDGE_CURVE('',#294,#420,#503,.T.);
#503 = SURFACE_CURVE('',#504,(#508,#515),.PCURVE_S1.);
#504 = LINE('',#505,#506);
#505 = CARTESIAN_POINT('',(44.435244785437,67.25,-21.03589838486));
#506 = VECTOR('',#507,1.);
#507 = DIRECTION('',(-0.866025403784,-0.,0.5));
#508 = PCURVE('',#308,#509);
#509 = DEFINITIONAL_REPRESENTATION('',(#510),#514);
#510 = LINE('',#511,#512);
#511 = CARTESIAN_POINT('',(-0.464101615138,7.196152422707));
#512 = VECTOR('',#513,1.);
#513 = DIRECTION('',(-0.5,-0.866025403784));
#514 = ( GEOMETRIC_REPRESENTATION_CONTEXT(2) 
PARAMETRIC_REPRESENTATION_CONTEXT() REPRESENTATION_CONTEXT('2D SPACE',''
  ) );
#515 = PCURVE('',#334,#516);
#516 = DEFINITIONAL_REPRESENTATION('',(#517),#521);
#517 = LINE('',#518,#519);
#518 = CARTESIAN_POINT('',(0.,0.));
#519 = VECTOR('',#520,1.);
#520 = DIRECTION('',(1.,0.));
#521 = ( GEOMETRIC_REPRESENTATION_CONTEXT(2) 
PARAMETRIC_REPRESENTATION_CONTEXT() REPRESENTATION_CONTEXT('2D SPACE',''
  ) );
#522 = ADVANCED_FACE('',(#523),#470,.T.);
#523 = FACE_BOUND('',#524,.T.);
#524 = EDGE_LOOP('',(#525,#526,#547,#570));
#525 = ORIENTED_EDGE('',*,*,#454,.F.);
#526 = ORIENTED_EDGE('',*,*,#527,.F.);
#527 = EDGE_CURVE('',#528,#422,#530,.T.);
#528 = VERTEX_POINT('',#529);
#529 = CARTESIAN_POINT('',(36.469078491693,49.25,-25.67423443779));
#530 = SURFACE_CURVE('',#531,(#535,#541),.PCURVE_S1.);
#531 = LINE('',#532,#533);
#532 = CARTESIAN_POINT('',(36.469078491693,80.25,-25.67423443779));
#533 = VECTOR('',#534,1.);
#534 = DIRECTION('',(-0.,1.,-0.));
#535 = PCURVE('',#470,#536);
#536 = DEFINITIONAL_REPRESENTATION('',(#537),#540);
#537 = B_SPLINE_CURVE_WITH_KNOTS('',1,(#538,#539),.UNSPECIFIED.,.F.,.F.,
  (2,2),(-32.8,-11.2),.PIECEWISE_BEZIER_KNOTS.);
#538 = CARTESIAN_POINT('',(7.420265645311,-19.8));
#539 = CARTESIAN_POINT('',(7.420265645311,1.8));
#540 = ( GEOMETRIC_REPRESENTATION_CONTEXT(2) 
PARAMETRIC_REPRESENTATION_CONTEXT() REPRESENTATION_CONTEXT('2D SPACE',''
  ) );
#541 = PCURVE('',#442,#542);
#542 = DEFINITIONAL_REPRESENTATION('',(#543),#546);
#543 = B_SPLINE_CURVE_WITH_KNOTS('',1,(#544,#545),.UNSPECIFIED.,.F.,.F.,
  (2,2),(-32.8,-11.2),.PIECEWISE_BEZIER_KNOTS.);
#544 = CARTESIAN_POINT('',(-5.669779762505,-32.8));
#545 = CARTESIAN_POINT('',(-5.669779762505,-11.2));
#546 = ( GEOMETRIC_REPRESENTATION_CONTEXT(2) 
PARAMETRIC_REPRESENTATION_CONTEXT() REPRESENTATION_CONTEXT('2D SPACE',''
  ) );
#547 = ORIENTED_EDGE('',*,*,#548,.T.);
#548 = EDGE_CURVE('',#528,#549,#551,.T.);
#549 = VERTEX_POINT('',#550);
#550 = CARTESIAN_POINT('',(39.210843961623,49.25,-27.25719346991));
#551 = SURFACE_CURVE('',#552,(#556,#563),.PCURVE_S1.);
#552 = LINE('',#553,#554);
#553 = CARTESIAN_POINT('',(30.042939940024,49.25,-21.96410161513));
#554 = VECTOR('',#555,1.);
#555 = DIRECTION('',(0.866025403784,0.,-0.5));
#556 = PCURVE('',#470,#557);
#557 = DEFINITIONAL_REPRESENTATION('',(#558),#562);
#558 = LINE('',#559,#560);
#559 = CARTESIAN_POINT('',(0.,-18.));
#560 = VECTOR('',#561,1.);
#561 = DIRECTION('',(1.,0.));
#562 = ( GEOMETRIC_REPRESENTATION_CONTEXT(2) 
PARAMETRIC_REPRESENTATION_CONTEXT() REPRESENTATION_CONTEXT('2D SPACE',''
  ) );
#563 = PCURVE('',#360,#564);
#564 = DEFINITIONAL_REPRESENTATION('',(#565),#569);
#565 = LINE('',#566,#567);
#566 = CARTESIAN_POINT('',(0.464101615138,-7.196152422707));
#567 = VECTOR('',#568,1.);
#568 = DIRECTION('',(0.5,0.866025403784));
#569 = ( GEOMETRIC_REPRESENTATION_CONTEXT(2) 
PARAMETRIC_REPRESENTATION_CONTEXT() REPRESENTATION_CONTEXT('2D SPACE',''
  ) );
#570 = ORIENTED_EDGE('',*,*,#571,.T.);
#571 = EDGE_CURVE('',#549,#455,#572,.T.);
#572 = SURFACE_CURVE('',#573,(#577,#583),.PCURVE_S1.);
#573 = LINE('',#574,#575);
#574 = CARTESIAN_POINT('',(39.210843961623,73.75,-27.25719346991));
#575 = VECTOR('',#576,1.);
#576 = DIRECTION('',(0.,1.,0.));
#577 = PCURVE('',#470,#578);
#578 = DEFINITIONAL_REPRESENTATION('',(#579),#582);
#579 = B_SPLINE_CURVE_WITH_KNOTS('',1,(#580,#581),.UNSPECIFIED.,.F.,.F.,
  (2,2),(-24.5,-6.5),.PIECEWISE_BEZIER_KNOTS.);
#580 = CARTESIAN_POINT('',(10.586183709549,-18.));
#581 = CARTESIAN_POINT('',(10.586183709549,0.));
#582 = ( GEOMETRIC_REPRESENTATION_CONTEXT(2) 
PARAMETRIC_REPRESENTATION_CONTEXT() REPRESENTATION_CONTEXT('2D SPACE',''
  ) );
#583 = PCURVE('',#281,#584);
#584 = DEFINITIONAL_REPRESENTATION('',(#585),#588);
#585 = B_SPLINE_CURVE_WITH_KNOTS('',1,(#586,#587),.UNSPECIFIED.,.F.,.F.,
  (2,2),(-24.5,-6.5),.PIECEWISE_BEZIER_KNOTS.);
#586 = CARTESIAN_POINT('',(21.046119366885,-31.));
#587 = CARTESIAN_POINT('',(21.046119366885,-13.));
#588 = ( GEOMETRIC_REPRESENTATION_CONTEXT(2) 
PARAMETRIC_REPRESENTATION_CONTEXT() REPRESENTATION_CONTEXT('2D SPACE',''
  ) );
#589 = ADVANCED_FACE('',(#590,#1150),#442,.F.);
#590 = FACE_BOUND('',#591,.T.);
#591 = EDGE_LOOP('',(#592,#618,#646,#670,#696,#1013,#1034,#1067,#1093,
    #1126));
#592 = ORIENTED_EDGE('',*,*,#593,.T.);
#593 = EDGE_CURVE('',#594,#596,#598,.T.);
#594 = VERTEX_POINT('',#595);
#595 = CARTESIAN_POINT('',(0.2,44.25,-44.59955156725));
#596 = VERTEX_POINT('',#597);
#597 = CARTESIAN_POINT('',(44.6,44.25,1.128417698215E-15));
#598 = SURFACE_CURVE('',#599,(#604,#611),.PCURVE_S1.);
#599 = CIRCLE('',#600,44.6);
#600 = AXIS2_PLACEMENT_3D('',#601,#602,#603);
#601 = CARTESIAN_POINT('',(3.009113861907E-15,44.25,1.128417698215E-15)
  );
#602 = DIRECTION('',(0.,-1.,0.));
#603 = DIRECTION('',(1.,0.,0.));
#604 = PCURVE('',#442,#605);
#605 = DEFINITIONAL_REPRESENTATION('',(#606),#610);
#606 = LINE('',#607,#608);
#607 = CARTESIAN_POINT('',(-0.,-36.));
#608 = VECTOR('',#609,1.);
#609 = DIRECTION('',(-1.,0.));
#610 = ( GEOMETRIC_REPRESENTATION_CONTEXT(2) 
PARAMETRIC_REPRESENTATION_CONTEXT() REPRESENTATION_CONTEXT('2D SPACE',''
  ) );
#611 = PCURVE('',#100,#612);
#612 = DEFINITIONAL_REPRESENTATION('',(#613),#617);
#613 = CIRCLE('',#614,44.6);
#614 = AXIS2_PLACEMENT_2D('',#615,#616);
#615 = CARTESIAN_POINT('',(-1.524640749417E-15,2.25683539643E-15));
#616 = DIRECTION('',(0.,1.));
#617 = ( GEOMETRIC_REPRESENTATION_CONTEXT(2) 
PARAMETRIC_REPRESENTATION_CONTEXT() REPRESENTATION_CONTEXT('2D SPACE',''
  ) );
#618 = ORIENTED_EDGE('',*,*,#619,.F.);
#619 = EDGE_CURVE('',#620,#596,#622,.T.);
#620 = VERTEX_POINT('',#621);
#621 = CARTESIAN_POINT('',(44.6,80.25,1.128417698215E-15));
#622 = SURFACE_CURVE('',#623,(#627,#634),.PCURVE_S1.);
#623 = LINE('',#624,#625);
#624 = CARTESIAN_POINT('',(44.6,80.25,1.128417698215E-15));
#625 = VECTOR('',#626,1.);
#626 = DIRECTION('',(-0.,-1.,-0.));
#627 = PCURVE('',#442,#628);
#628 = DEFINITIONAL_REPRESENTATION('',(#629),#633);
#629 = LINE('',#630,#631);
#630 = CARTESIAN_POINT('',(-6.28318530718,0.));
#631 = VECTOR('',#632,1.);
#632 = DIRECTION('',(-0.,-1.));
#633 = ( GEOMETRIC_REPRESENTATION_CONTEXT(2) 
PARAMETRIC_REPRESENTATION_CONTEXT() REPRESENTATION_CONTEXT('2D SPACE',''
  ) );
#634 = PCURVE('',#635,#640);
#635 = CYLINDRICAL_SURFACE('',#636,44.6);
#636 = AXIS2_PLACEMENT_3D('',#637,#638,#639);
#637 = CARTESIAN_POINT('',(3.009113861907E-15,80.25,1.128417698215E-15)
  );
#638 = DIRECTION('',(-0.,1.,-0.));
#639 = DIRECTION('',(1.,0.,0.));
#640 = DEFINITIONAL_REPRESENTATION('',(#641),#645);
#641 = LINE('',#642,#643);
#642 = CARTESIAN_POINT('',(-0.,0.));
#643 = VECTOR('',#644,1.);
#644 = DIRECTION('',(-0.,-1.));
#645 = ( GEOMETRIC_REPRESENTATION_CONTEXT(2) 
PARAMETRIC_REPRESENTATION_CONTEXT() REPRESENTATION_CONTEXT('2D SPACE',''
  ) );
#646 = ORIENTED_EDGE('',*,*,#647,.F.);
#647 = EDGE_CURVE('',#648,#620,#650,.T.);
#648 = VERTEX_POINT('',#649);
#649 = CARTESIAN_POINT('',(0.199999999999,80.25,-44.59955156725));
#650 = SURFACE_CURVE('',#651,(#656,#663),.PCURVE_S1.);
#651 = CIRCLE('',#652,44.6);
#652 = AXIS2_PLACEMENT_3D('',#653,#654,#655);
#653 = CARTESIAN_POINT('',(3.009113861907E-15,80.25,1.128417698215E-15)
  );
#654 = DIRECTION('',(0.,-1.,0.));
#655 = DIRECTION('',(1.,0.,0.));
#656 = PCURVE('',#442,#657);
#657 = DEFINITIONAL_REPRESENTATION('',(#658),#662);
#658 = LINE('',#659,#660);
#659 = CARTESIAN_POINT('',(-0.,0.));
#660 = VECTOR('',#661,1.);
#661 = DIRECTION('',(-1.,0.));
#662 = ( GEOMETRIC_REPRESENTATION_CONTEXT(2) 
PARAMETRIC_REPRESENTATION_CONTEXT() REPRESENTATION_CONTEXT('2D SPACE',''
  ) );
#663 = PCURVE('',#44,#664);
#664 = DEFINITIONAL_REPRESENTATION('',(#665),#669);
#665 = CIRCLE('',#666,44.6);
#666 = AXIS2_PLACEMENT_2D('',#667,#668);
#667 = CARTESIAN_POINT('',(-1.524640749417E-15,2.25683539643E-15));
#668 = DIRECTION('',(0.,1.));
#669 = ( GEOMETRIC_REPRESENTATION_CONTEXT(2) 
PARAMETRIC_REPRESENTATION_CONTEXT() REPRESENTATION_CONTEXT('2D SPACE',''
  ) );
#670 = ORIENTED_EDGE('',*,*,#671,.F.);
#671 = EDGE_CURVE('',#672,#648,#674,.T.);
#672 = VERTEX_POINT('',#673);
#673 = CARTESIAN_POINT('',(0.2,73.191304154081,-44.59955154098));
#674 = SURFACE_CURVE('',#675,(#679,#685),.PCURVE_S1.);
#675 = LINE('',#676,#677);
#676 = CARTESIAN_POINT('',(0.2,80.25,-44.59955156725));
#677 = VECTOR('',#678,1.);
#678 = DIRECTION('',(-0.,1.,-0.));
#679 = PCURVE('',#442,#680);
#680 = DEFINITIONAL_REPRESENTATION('',(#681),#684);
#681 = B_SPLINE_CURVE_WITH_KNOTS('',1,(#682,#683),.UNSPECIFIED.,.F.,.F.,
  (2,2),(-36.0000006,6.000000070117E-07),.PIECEWISE_BEZIER_KNOTS.);
#682 = CARTESIAN_POINT('',(-4.716873300347,-36.0000006));
#683 = CARTESIAN_POINT('',(-4.716873300347,6.000000070117E-07));
#684 = ( GEOMETRIC_REPRESENTATION_CONTEXT(2) 
PARAMETRIC_REPRESENTATION_CONTEXT() REPRESENTATION_CONTEXT('2D SPACE',''
  ) );
#685 = PCURVE('',#686,#691);
#686 = PLANE('',#687);
#687 = AXIS2_PLACEMENT_3D('',#688,#689,#690);
#688 = CARTESIAN_POINT('',(0.2,80.25,200.));
#689 = DIRECTION('',(1.,-0.,0.));
#690 = DIRECTION('',(0.,-0.,-1.));
#691 = DEFINITIONAL_REPRESENTATION('',(#692),#695);
#692 = B_SPLINE_CURVE_WITH_KNOTS('',1,(#693,#694),.UNSPECIFIED.,.F.,.F.,
  (2,2),(-36.0000006,6.000000070117E-07),.PIECEWISE_BEZIER_KNOTS.);
#693 = CARTESIAN_POINT('',(244.59955156725,-36.0000006));
#694 = CARTESIAN_POINT('',(244.59955156725,6.000000070117E-07));
#695 = ( GEOMETRIC_REPRESENTATION_CONTEXT(2) 
PARAMETRIC_REPRESENTATION_CONTEXT() REPRESENTATION_CONTEXT('2D SPACE',''
  ) );
#696 = ORIENTED_EDGE('',*,*,#697,.T.);
#697 = EDGE_CURVE('',#672,#698,#700,.T.);
#698 = VERTEX_POINT('',#699);
#699 = CARTESIAN_POINT('',(0.2,71.308695848197,-44.59955156358));
#700 = SURFACE_CURVE('',#701,(#774,#891),.PCURVE_S1.);
#701 = B_SPLINE_CURVE_WITH_KNOTS('',8,(#702,#703,#704,#705,#706,#707,
    #708,#709,#710,#711,#712,#713,#714,#715,#716,#717,#718,#719,#720,
    #721,#722,#723,#724,#725,#726,#727,#728,#729,#730,#731,#732,#733,
    #734,#735,#736,#737,#738,#739,#740,#741,#742,#743,#744,#745,#746,
    #747,#748,#749,#750,#751,#752,#753,#754,#755,#756,#757,#758,#759,
    #760,#761,#762,#763,#764,#765,#766,#767,#768,#769,#770,#771,#772,
    #773),.UNSPECIFIED.,.F.,.F.,(9,7,7,7,7,7,7,7,7,7,9),(0.524054018674,
    0.84318363035,0.931205658026,0.968329175969,1.,1.023996354885,
    1.042134382004,1.07370040127,1.114299423606,1.268922676845,
    1.47853248112),.UNSPECIFIED.);
#702 = CARTESIAN_POINT('',(0.2,73.191304154081,-44.59955154098));
#703 = CARTESIAN_POINT('',(0.46569033855,73.185734309055,-44.59836009002
    ));
#704 = CARTESIAN_POINT('',(0.725219229678,73.17179804264,-44.59538751069
    ));
#705 = CARTESIAN_POINT('',(0.982888168864,73.14988353951,-44.59076102474
    ));
#706 = CARTESIAN_POINT('',(1.242482531655,73.119175374712,
    -44.58443838271));
#707 = CARTESIAN_POINT('',(1.505390937979,73.077970233219,
    -44.57628176535));
#708 = CARTESIAN_POINT('',(1.769696863269,73.023834552993,
    -44.56619776779));
#709 = CARTESIAN_POINT('',(2.028955648923,72.953822070446,
    -44.55447639283));
#710 = CARTESIAN_POINT('',(2.335888670808,72.840457880086,
    -44.53883741903));
#711 = CARTESIAN_POINT('',(2.40075925478,72.814539813216,-44.53541891294
    ));
#712 = CARTESIAN_POINT('',(2.464756745011,72.786823667541,
    -44.53194034118));
#713 = CARTESIAN_POINT('',(2.528121053775,72.756898399716,
    -44.52839227566));
#714 = CARTESIAN_POINT('',(2.590690397335,72.724347031825,
    -44.52478573333));
#715 = CARTESIAN_POINT('',(2.651871795682,72.688763567637,
    -44.52115950332));
#716 = CARTESIAN_POINT('',(2.710611572276,72.649769908867,-44.517587474)
  );
#717 = CARTESIAN_POINT('',(2.788458613699,72.589008273125,
    -44.51275136287));
#718 = CARTESIAN_POINT('',(2.810933721173,72.570246902763,
    -44.51134150609));
#719 = CARTESIAN_POINT('',(2.832721347468,72.550670149265,
    -44.50996175931));
#720 = CARTESIAN_POINT('',(2.853705280576,72.530205522124,
    -44.50862086073));
#721 = CARTESIAN_POINT('',(2.873722925211,72.508786551398,
    -44.50733091719));
#722 = CARTESIAN_POINT('',(2.89256530282,72.486352787718,-44.50610740421
    ));
#723 = CARTESIAN_POINT('',(2.909977051576,72.462849802282,
    -44.50496916597));
#724 = CARTESIAN_POINT('',(2.939032818159,72.417224841851,
    -44.50305906109));
#725 = CARTESIAN_POINT('',(2.951270460883,72.395215176161,
    -44.50224992434));
#726 = CARTESIAN_POINT('',(2.962011078111,72.372347409403,
    -44.50153601451));
#727 = CARTESIAN_POINT('',(2.970957347257,72.348763478497,
    -44.50093874008));
#728 = CARTESIAN_POINT('',(2.977872478786,72.324601466996,
    -44.50047558479));
#729 = CARTESIAN_POINT('',(2.982579795417,72.299997034423,
    -44.50015978382));
#730 = CARTESIAN_POINT('',(2.98496231132,72.275084845604,-44.5));
#731 = CARTESIAN_POINT('',(2.98496231132,72.230993710275,-44.5));
#732 = CARTESIAN_POINT('',(2.983594705779,72.212045466252,
    -44.50009181298));
#733 = CARTESIAN_POINT('',(2.980873796845,72.193228670357,
    -44.50027433807));
#734 = CARTESIAN_POINT('',(2.976840222262,72.174617781229,
    -44.50054458538));
#735 = CARTESIAN_POINT('',(2.971560955371,72.156288313726,
    -44.50089767602));
#736 = CARTESIAN_POINT('',(2.965129305111,72.138316838926,
    -44.50132684207));
#737 = CARTESIAN_POINT('',(2.957664916017,72.120780984119,-44.5018234266
    ));
#738 = CARTESIAN_POINT('',(2.943001420124,72.090893422097,
    -44.50279522301));
#739 = CARTESIAN_POINT('',(2.936167288123,72.078290499884,
    -44.50324712225));
#740 = CARTESIAN_POINT('',(2.928851924577,72.065950294651,
    -44.50372958095));
#741 = CARTESIAN_POINT('',(2.921094383679,72.053872090205,
    -44.50423971783));
#742 = CARTESIAN_POINT('',(2.91293222146,72.042054825689,-44.50477477073
    ));
#743 = CARTESIAN_POINT('',(2.904401495787,72.030497095578,
    -44.50533209664));
#744 = CARTESIAN_POINT('',(2.895536766365,72.019197149685,
    -44.50590917167));
#745 = CARTESIAN_POINT('',(2.870419868873,71.988932323455,
    -44.50753807264));
#746 = CARTESIAN_POINT('',(2.85353562879,71.970460112028,-44.50862644657
    ));
#747 = CARTESIAN_POINT('',(2.835864903332,71.952701187833,
    -44.50975796787));
#748 = CARTESIAN_POINT('',(2.817530842245,71.935617885104,
    -44.51092355828));
#749 = CARTESIAN_POINT('',(2.798633216171,71.919169943347,
    -44.51211580624));
#750 = CARTESIAN_POINT('',(2.779248416648,71.903314507343,
    -44.51332896697));
#751 = CARTESIAN_POINT('',(2.759429456111,71.888006127147,
    -44.51455896237));
#752 = CARTESIAN_POINT('',(2.713195280801,71.854149506667,-44.5174039055
    ));
#753 = CARTESIAN_POINT('',(2.686509016682,71.835923053904,
    -44.51902857125));
#754 = CARTESIAN_POINT('',(2.659279023781,71.818467626911,-44.5206676632
    ));
#755 = CARTESIAN_POINT('',(2.63160814019,71.801732122708,-44.52231372688
    ));
#756 = CARTESIAN_POINT('',(2.60357019925,71.785664115151,-44.5239614024)
  );
#757 = CARTESIAN_POINT('',(2.575210034942,71.770209861859,
    -44.52560725816));
#758 = CARTESIAN_POINT('',(2.546543487283,71.755314311147,
    -44.52724962476));
#759 = CARTESIAN_POINT('',(2.407162583864,71.686103933086,
    -44.53512988942));
#760 = CARTESIAN_POINT('',(2.290868623725,71.63794596151,-44.54139131311
    ));
#761 = CARTESIAN_POINT('',(2.17182984272,71.595664787285,-44.5474346498)
  );
#762 = CARTESIAN_POINT('',(2.05195445658,71.558447953785,-44.55314209233
    ));
#763 = CARTESIAN_POINT('',(1.932045874656,71.525500539475,
    -44.55847877165));
#764 = CARTESIAN_POINT('',(1.811946218985,71.496093559474,
    -44.56345905947));
#765 = CARTESIAN_POINT('',(1.690682069107,71.469613183906,
    -44.56811647839));
#766 = CARTESIAN_POINT('',(1.398421609666,71.413072713341,
    -44.57838871135));
#767 = CARTESIAN_POINT('',(1.228288140256,71.385709562248,
    -44.58364229935));
#768 = CARTESIAN_POINT('',(1.057290645069,71.363034607892,-44.5881709339
    ));
#769 = CARTESIAN_POINT('',(0.886041073561,71.344637163471,
    -44.59195005235));
#770 = CARTESIAN_POINT('',(0.714784173591,71.330189913809,
    -44.59497646659));
#771 = CARTESIAN_POINT('',(0.543497038913,71.319456790997,-44.5972532043
    ));
#772 = CARTESIAN_POINT('',(0.371988734542,71.31230137914,-44.59878030395
    ));
#773 = CARTESIAN_POINT('',(0.2,71.308695848197,-44.59955156358));
#774 = PCURVE('',#442,#775);
#775 = DEFINITIONAL_REPRESENTATION('',(#776),#890);
#776 = B_SPLINE_CURVE_WITH_KNOTS('',3,(#777,#778,#779,#780,#781,#782,
    #783,#784,#785,#786,#787,#788,#789,#790,#791,#792,#793,#794,#795,
    #796,#797,#798,#799,#800,#801,#802,#803,#804,#805,#806,#807,#808,
    #809,#810,#811,#812,#813,#814,#815,#816,#817,#818,#819,#820,#821,
    #822,#823,#824,#825,#826,#827,#828,#829,#830,#831,#832,#833,#834,
    #835,#836,#837,#838,#839,#840,#841,#842,#843,#844,#845,#846,#847,
    #848,#849,#850,#851,#852,#853,#854,#855,#856,#857,#858,#859,#860,
    #861,#862,#863,#864,#865,#866,#867,#868,#869,#870,#871,#872,#873,
    #874,#875,#876,#877,#878,#879,#880,#881,#882,#883,#884,#885,#886,
    #887,#888,#889),.UNSPECIFIED.,.F.,.F.,(4,1,1,1,1,1,1,1,1,1,1,1,1,1,1
    ,1,1,1,1,1,1,1,1,1,1,1,1,1,1,1,1,1,1,1,1,1,1,1,1,1,1,1,1,1,1,1,1,1,1
    ,1,1,1,1,1,1,1,1,1,1,1,1,1,1,1,1,1,1,1,1,1,1,1,1,1,1,1,1,1,1,1,1,1,1
    ,1,1,1,1,1,1,1,1,1,1,1,1,1,1,1,1,1,1,1,1,1,1,1,1,1,1,1,4),(
    0.524054018674,0.532731095605,0.541408172536,0.550085249468,
    0.558762326399,0.56743940333,0.576116480262,0.584793557193,
    0.593470634124,0.602147711056,0.610824787987,0.619501864918,
    0.62817894185,0.636856018781,0.645533095712,0.654210172644,
    0.662887249575,0.671564326506,0.680241403438,0.688918480369,
    0.6975955573,0.706272634232,0.714949711163,0.723626788094,
    0.732303865026,0.740980941957,0.749658018888,0.75833509582,
    0.767012172751,0.775689249682,0.784366326614,0.793043403545,
    0.801720480476,0.810397557408,0.819074634339,0.82775171127,
    0.836428788202,0.845105865133,0.853782942064,0.862460018996,
    0.871137095927,0.879814172858,0.88849124979,0.897168326721,
    0.905845403652,0.914522480584,0.923199557515,0.931876634446,
    0.940553711377,0.949230788309,0.95790786524,0.966584942171,
    0.975262019103,0.983939096034,0.992616172965,1.001293249897,
    1.009970326828,1.018647403759,1.027324480691,1.036001557622,
    1.044678634553,1.053355711485,1.062032788416,1.070709865347,
    1.079386942279,1.08806401921,1.096741096141,1.105418173073,
    1.114095250004,1.122772326935,1.131449403867,1.140126480798,
    1.148803557729,1.157480634661,1.166157711592,1.174834788523,
    1.183511865455,1.192188942386,1.200866019317,1.209543096249,
    1.21822017318,1.226897250111,1.235574327043,1.244251403974,
    1.252928480905,1.261605557837,1.270282634768,1.278959711699,
    1.287636788631,1.296313865562,1.304990942493,1.313668019425,
    1.322345096356,1.331022173287,1.339699250219,1.34837632715,
    1.357053404081,1.365730481013,1.374407557944,1.383084634875,
    1.391761711807,1.400438788738,1.409115865669,1.4177929426,
    1.426470019532,1.435147096463,1.443824173394,1.452501250326,
    1.461178327257,1.469855404188,1.47853248112),.QUASI_UNIFORM_KNOTS.);
#777 = CARTESIAN_POINT('',(-4.716873300349,-7.058695845919));
#778 = CARTESIAN_POINT('',(-4.717305235992,-7.059099783182));
#779 = CARTESIAN_POINT('',(-4.718167208126,-7.060022775522));
#780 = CARTESIAN_POINT('',(-4.71945509947,-7.061751717997));
#781 = CARTESIAN_POINT('',(-4.720738561576,-7.063823802714));
#782 = CARTESIAN_POINT('',(-4.722018207489,-7.066239160794));
#783 = CARTESIAN_POINT('',(-4.723294629293,-7.068998832554));
#784 = CARTESIAN_POINT('',(-4.724568392464,-7.072104875214));
#785 = CARTESIAN_POINT('',(-4.725840032866,-7.07556029992));
#786 = CARTESIAN_POINT('',(-4.727110053191,-7.079369055554));
#787 = CARTESIAN_POINT('',(-4.728378919677,-7.083536000927));
#788 = CARTESIAN_POINT('',(-4.729647058862,-7.08806688089));
#789 = CARTESIAN_POINT('',(-4.730914854433,-7.092968302073));
#790 = CARTESIAN_POINT('',(-4.732182644133,-7.098247709287));
#791 = CARTESIAN_POINT('',(-4.733450716711,-7.103913362181));
#792 = CARTESIAN_POINT('',(-4.734719308926,-7.109974312146));
#793 = CARTESIAN_POINT('',(-4.735988602559,-7.116440379349));
#794 = CARTESIAN_POINT('',(-4.737258721452,-7.123322129795));
#795 = CARTESIAN_POINT('',(-4.738529728542,-7.130630852341));
#796 = CARTESIAN_POINT('',(-4.739801622883,-7.138378535545));
#797 = CARTESIAN_POINT('',(-4.741074336646,-7.146577844262));
#798 = CARTESIAN_POINT('',(-4.742347732085,-7.155242095897));
#799 = CARTESIAN_POINT('',(-4.743621598452,-7.164385236211));
#800 = CARTESIAN_POINT('',(-4.744895648857,-7.174021814588));
#801 = CARTESIAN_POINT('',(-4.746169517047,-7.184166958664));
#802 = CARTESIAN_POINT('',(-4.747442754114,-7.194836348226));
#803 = CARTESIAN_POINT('',(-4.748714825094,-7.206046188287));
#804 = CARTESIAN_POINT('',(-4.749985105472,-7.21781318123));
#805 = CARTESIAN_POINT('',(-4.751252877552,-7.230154497938));
#806 = CARTESIAN_POINT('',(-4.752517326712,-7.243087747827));
#807 = CARTESIAN_POINT('',(-4.7537775375,-7.256630947574));
#808 = CARTESIAN_POINT('',(-4.755032489606,-7.270802488922));
#809 = CARTESIAN_POINT('',(-4.756281053566,-7.285621103636));
#810 = CARTESIAN_POINT('',(-4.757521986668,-7.301105832372));
#811 = CARTESIAN_POINT('',(-4.758753927249,-7.317275971772));
#812 = CARTESIAN_POINT('',(-4.759975394092,-7.334151095199));
#813 = CARTESIAN_POINT('',(-4.761184765846,-7.351750790538));
#814 = CARTESIAN_POINT('',(-4.762380333956,-7.370095445421));
#815 = CARTESIAN_POINT('',(-4.76356008021,-7.389203114416));
#816 = CARTESIAN_POINT('',(-4.764722435682,-7.409100246448));
#817 = CARTESIAN_POINT('',(-4.765871331035,-7.429920856372));
#818 = CARTESIAN_POINT('',(-4.767008720283,-7.451792824324));
#819 = CARTESIAN_POINT('',(-4.768135300151,-7.47484755223));
#820 = CARTESIAN_POINT('',(-4.76925026717,-7.499216135692));
#821 = CARTESIAN_POINT('',(-4.770351318755,-7.525028670492));
#822 = CARTESIAN_POINT('',(-4.771434640455,-7.55241450525));
#823 = CARTESIAN_POINT('',(-4.77249470438,-7.581495574869));
#824 = CARTESIAN_POINT('',(-4.773524836622,-7.612406464641));
#825 = CARTESIAN_POINT('',(-4.774514897347,-7.64521447095));
#826 = CARTESIAN_POINT('',(-4.775459855649,-7.680216947446));
#827 = CARTESIAN_POINT('',(-4.776353203509,-7.717841194199));
#828 = CARTESIAN_POINT('',(-4.77717938177,-7.758367432201));
#829 = CARTESIAN_POINT('',(-4.777917238332,-7.80198290369));
#830 = CARTESIAN_POINT('',(-4.778545672422,-7.849212712924));
#831 = CARTESIAN_POINT('',(-4.779028000742,-7.900070289361));
#832 = CARTESIAN_POINT('',(-4.779321836772,-7.953280654959));
#833 = CARTESIAN_POINT('',(-4.779401631594,-8.00823784529));
#834 = CARTESIAN_POINT('',(-4.779255370629,-8.062903007496));
#835 = CARTESIAN_POINT('',(-4.778899425137,-8.115739779016));
#836 = CARTESIAN_POINT('',(-4.77836914857,-8.165457302255));
#837 = CARTESIAN_POINT('',(-4.777702564674,-8.211704194618));
#838 = CARTESIAN_POINT('',(-4.776929789802,-8.254626846788));
#839 = CARTESIAN_POINT('',(-4.776075863746,-8.294421963581));
#840 = CARTESIAN_POINT('',(-4.775159019416,-8.331395158977));
#841 = CARTESIAN_POINT('',(-4.774193566752,-8.365819987465));
#842 = CARTESIAN_POINT('',(-4.773187730136,-8.398032998333));
#843 = CARTESIAN_POINT('',(-4.772148833494,-8.428266201127));
#844 = CARTESIAN_POINT('',(-4.771084471591,-8.45667183299));
#845 = CARTESIAN_POINT('',(-4.769999095977,-8.483432007368));
#846 = CARTESIAN_POINT('',(-4.76889607832,-8.508705643395));
#847 = CARTESIAN_POINT('',(-4.767772548686,-8.532742205577));
#848 = CARTESIAN_POINT('',(-4.766628894081,-8.555666385503));
#849 = CARTESIAN_POINT('',(-4.765469608844,-8.577504342172));
#850 = CARTESIAN_POINT('',(-4.764297523296,-8.598308822025));
#851 = CARTESIAN_POINT('',(-4.763115363271,-8.618125455735));
#852 = CARTESIAN_POINT('',(-4.761925347616,-8.637001561179));
#853 = CARTESIAN_POINT('',(-4.760729311438,-8.654983556246));
#854 = CARTESIAN_POINT('',(-4.759528688511,-8.672117423037));
#855 = CARTESIAN_POINT('',(-4.758324531456,-8.688448353593));
#856 = CARTESIAN_POINT('',(-4.757117521756,-8.704020615001));
#857 = CARTESIAN_POINT('',(-4.755907982822,-8.71887735241));
#858 = CARTESIAN_POINT('',(-4.754695891118,-8.73306041791));
#859 = CARTESIAN_POINT('',(-4.753480892165,-8.746610154989));
#860 = CARTESIAN_POINT('',(-4.752262299058,-8.759565331721));
#861 = CARTESIAN_POINT('',(-4.751039156217,-8.771962520352));
#862 = CARTESIAN_POINT('',(-4.749810059801,-8.783837539512));
#863 = CARTESIAN_POINT('',(-4.74857388638,-8.795219196397));
#864 = CARTESIAN_POINT('',(-4.747327132026,-8.806151763385));
#865 = CARTESIAN_POINT('',(-4.74607442205,-8.816605763512));
#866 = CARTESIAN_POINT('',(-4.744818734925,-8.826572013479));
#867 = CARTESIAN_POINT('',(-4.743559909761,-8.83606698777));
#868 = CARTESIAN_POINT('',(-4.74229856573,-8.845099795381));
#869 = CARTESIAN_POINT('',(-4.741035054191,-8.853681020597));
#870 = CARTESIAN_POINT('',(-4.739769741797,-8.861820346272));
#871 = CARTESIAN_POINT('',(-4.738502936971,-8.869527182754));
#872 = CARTESIAN_POINT('',(-4.737234911929,-8.876810491389));
#873 = CARTESIAN_POINT('',(-4.735965899109,-8.883678823762));
#874 = CARTESIAN_POINT('',(-4.734696094453,-8.890140303067));
#875 = CARTESIAN_POINT('',(-4.733425658851,-8.896202620912));
#876 = CARTESIAN_POINT('',(-4.732154720074,-8.901873029925));
#877 = CARTESIAN_POINT('',(-4.730883374584,-8.907158337416));
#878 = CARTESIAN_POINT('',(-4.729611689363,-8.912064898683));
#879 = CARTESIAN_POINT('',(-4.728339703746,-8.916598610353));
#880 = CARTESIAN_POINT('',(-4.727067431245,-8.920764903632));
#881 = CARTESIAN_POINT('',(-4.725794861383,-8.92456873755));
#882 = CARTESIAN_POINT('',(-4.724521961512,-8.928014592018));
#883 = CARTESIAN_POINT('',(-4.723248678654,-8.931106461283));
#884 = CARTESIAN_POINT('',(-4.721974941294,-8.93384784569));
#885 = CARTESIAN_POINT('',(-4.720700661305,-8.936241749476));
#886 = CARTESIAN_POINT('',(-4.71942573543,-8.938290655821));
#887 = CARTESIAN_POINT('',(-4.718150048355,-8.939996586509));
#888 = CARTESIAN_POINT('',(-4.717298996051,-8.940906092543));
#889 = CARTESIAN_POINT('',(-4.716873300347,-8.941304151803));
#890 = ( GEOMETRIC_REPRESENTATION_CONTEXT(2) 
PARAMETRIC_REPRESENTATION_CONTEXT() REPRESENTATION_CONTEXT('2D SPACE',''
  ) );
#891 = PCURVE('',#892,#897);
#892 = CYLINDRICAL_SURFACE('',#893,4.5);
#893 = AXIS2_PLACEMENT_3D('',#894,#895,#896);
#894 = CARTESIAN_POINT('',(-6.,72.25,-49.));
#895 = DIRECTION('',(1.,0.,0.));
#896 = DIRECTION('',(-0.,0.,1.));
#897 = DEFINITIONAL_REPRESENTATION('',(#898),#1012);
#898 = B_SPLINE_CURVE_WITH_KNOTS('',3,(#899,#900,#901,#902,#903,#904,
    #905,#906,#907,#908,#909,#910,#911,#912,#913,#914,#915,#916,#917,
    #918,#919,#920,#921,#922,#923,#924,#925,#926,#927,#928,#929,#930,
    #931,#932,#933,#934,#935,#936,#937,#938,#939,#940,#941,#942,#943,
    #944,#945,#946,#947,#948,#949,#950,#951,#952,#953,#954,#955,#956,
    #957,#958,#959,#960,#961,#962,#963,#964,#965,#966,#967,#968,#969,
    #970,#971,#972,#973,#974,#975,#976,#977,#978,#979,#980,#981,#982,
    #983,#984,#985,#986,#987,#988,#989,#990,#991,#992,#993,#994,#995,
    #996,#997,#998,#999,#1000,#1001,#1002,#1003,#1004,#1005,#1006,#1007,
    #1008,#1009,#1010,#1011),.UNSPECIFIED.,.F.,.F.,(4,1,1,1,1,1,1,1,1,1,
    1,1,1,1,1,1,1,1,1,1,1,1,1,1,1,1,1,1,1,1,1,1,1,1,1,1,1,1,1,1,1,1,1,1,
    1,1,1,1,1,1,1,1,1,1,1,1,1,1,1,1,1,1,1,1,1,1,1,1,1,1,1,1,1,1,1,1,1,1,
    1,1,1,1,1,1,1,1,1,1,1,1,1,1,1,1,1,1,1,1,1,1,1,1,1,1,1,1,1,1,1,1,4),(
    0.524054018674,0.532731095605,0.541408172536,0.550085249468,
    0.558762326399,0.56743940333,0.576116480262,0.584793557193,
    0.593470634124,0.602147711056,0.610824787987,0.619501864918,
    0.62817894185,0.636856018781,0.645533095712,0.654210172644,
    0.662887249575,0.671564326506,0.680241403438,0.688918480369,
    0.6975955573,0.706272634232,0.714949711163,0.723626788094,
    0.732303865026,0.740980941957,0.749658018888,0.75833509582,
    0.767012172751,0.775689249682,0.784366326614,0.793043403545,
    0.801720480476,0.810397557408,0.819074634339,0.82775171127,
    0.836428788202,0.845105865133,0.853782942064,0.862460018996,
    0.871137095927,0.879814172858,0.88849124979,0.897168326721,
    0.905845403652,0.914522480584,0.923199557515,0.931876634446,
    0.940553711377,0.949230788309,0.95790786524,0.966584942171,
    0.975262019103,0.983939096034,0.992616172965,1.001293249897,
    1.009970326828,1.018647403759,1.027324480691,1.036001557622,
    1.044678634553,1.053355711485,1.062032788416,1.070709865347,
    1.079386942279,1.08806401921,1.096741096141,1.105418173073,
    1.114095250004,1.122772326935,1.131449403867,1.140126480798,
    1.148803557729,1.157480634661,1.166157711592,1.174834788523,
    1.183511865455,1.192188942386,1.200866019317,1.209543096249,
    1.21822017318,1.226897250111,1.235574327043,1.244251403974,
    1.252928480905,1.261605557837,1.270282634768,1.278959711699,
    1.287636788631,1.296313865562,1.304990942493,1.313668019425,
    1.322345096356,1.331022173287,1.339699250219,1.34837632715,
    1.357053404081,1.365730481013,1.374407557944,1.383084634875,
    1.391761711807,1.400438788738,1.409115865669,1.4177929426,
    1.426470019532,1.435147096463,1.443824173394,1.452501250326,
    1.461178327257,1.469855404188,1.47853248112),.QUASI_UNIFORM_KNOTS.);
#899 = CARTESIAN_POINT('',(6.07245030316,6.2));
#900 = CARTESIAN_POINT('',(6.072542097415,6.219264136058));
#901 = CARTESIAN_POINT('',(6.072751842105,6.257707594527));
#902 = CARTESIAN_POINT('',(6.073144703448,6.315146375361));
#903 = CARTESIAN_POINT('',(6.073615492661,6.372387096108));
#904 = CARTESIAN_POINT('',(6.074164216003,6.429457009066));
#905 = CARTESIAN_POINT('',(6.074791082841,6.486382431982));
#906 = CARTESIAN_POINT('',(6.075496529533,6.543188496116));
#907 = CARTESIAN_POINT('',(6.076281205091,6.599899011979));
#908 = CARTESIAN_POINT('',(6.077145967278,6.656536310158));
#909 = CARTESIAN_POINT('',(6.07809187608,6.713121094709));
#910 = CARTESIAN_POINT('',(6.079120188014,6.769672298382));
#911 = CARTESIAN_POINT('',(6.08023235034,6.826206941835));
#912 = CARTESIAN_POINT('',(6.081429995374,6.882739995576));
#913 = CARTESIAN_POINT('',(6.08271493485,6.93928424425));
#914 = CARTESIAN_POINT('',(6.084089154298,6.995850152692));
#915 = CARTESIAN_POINT('',(6.085554807443,7.052445733205));
#916 = CARTESIAN_POINT('',(6.08711421059,7.1090764135));
#917 = CARTESIAN_POINT('',(6.088769836976,7.165744904787));
#918 = CARTESIAN_POINT('',(6.090524311091,7.222451069438));
#919 = CARTESIAN_POINT('',(6.092380402927,7.279191787709));
#920 = CARTESIAN_POINT('',(6.094341022164,7.335960822979));
#921 = CARTESIAN_POINT('',(6.096409212253,7.392748684954));
#922 = CARTESIAN_POINT('',(6.098588144403,7.449542490328));
#923 = CARTESIAN_POINT('',(6.100881111443,7.506325820342));
#924 = CARTESIAN_POINT('',(6.103291521559,7.563078574737));
#925 = CARTESIAN_POINT('',(6.10582289188,7.619776821552));
#926 = CARTESIAN_POINT('',(6.108478841915,7.676392642259));
#927 = CARTESIAN_POINT('',(6.111263086809,7.732893971677));
#928 = CARTESIAN_POINT('',(6.114179430447,7.789244432257));
#929 = CARTESIAN_POINT('',(6.117231758329,7.845403161803));
#930 = CARTESIAN_POINT('',(6.120424030349,7.901324635651));
#931 = CARTESIAN_POINT('',(6.123760273041,7.956958477042));
#932 = CARTESIAN_POINT('',(6.127244572829,8.012249276636));
#933 = CARTESIAN_POINT('',(6.13088106453,8.067136340544));
#934 = CARTESIAN_POINT('',(6.134673936556,8.121553665367));
#935 = CARTESIAN_POINT('',(6.138627372725,8.175429023841));
#936 = CARTESIAN_POINT('',(6.142745729613,8.22868632514));
#937 = CARTESIAN_POINT('',(6.14703283376,8.281235707011));
#938 = CARTESIAN_POINT('',(6.151494393629,8.333007349277));
#939 = CARTESIAN_POINT('',(6.156160210301,8.38417637902));
#940 = CARTESIAN_POINT('',(6.161058644114,8.434829854369));
#941 = CARTESIAN_POINT('',(6.16621878614,8.48499882967));
#942 = CARTESIAN_POINT('',(6.171669601045,8.534647553716));
#943 = CARTESIAN_POINT('',(6.177439777844,8.58367353888));
#944 = CARTESIAN_POINT('',(6.183557792621,8.631907013558));
#945 = CARTESIAN_POINT('',(6.190050432533,8.679101970496));
#946 = CARTESIAN_POINT('',(6.196947282234,8.724961448256));
#947 = CARTESIAN_POINT('',(6.204262921817,8.769034284235));
#948 = CARTESIAN_POINT('',(6.212063234421,8.81109684715));
#949 = CARTESIAN_POINT('',(6.22044298512,8.850859765239));
#950 = CARTESIAN_POINT('',(6.229464130765,8.887630923492));
#951 = CARTESIAN_POINT('',(6.239168044926,8.920469427923));
#952 = CARTESIAN_POINT('',(6.249671419908,8.948436777867));
#953 = CARTESIAN_POINT('',(6.260977382086,8.969901141198));
#954 = CARTESIAN_POINT('',(6.272803297718,8.982976950611));
#955 = CARTESIAN_POINT('',(6.285015895076,8.986527803933));
#956 = CARTESIAN_POINT('',(6.297163869675,8.980019211223));
#957 = CARTESIAN_POINT('',(6.308907529469,8.964179389298));
#958 = CARTESIAN_POINT('',(6.319961183955,8.940581017456));
#959 = CARTESIAN_POINT('',(6.330247280499,8.910915486779));
#960 = CARTESIAN_POINT('',(6.339798487511,8.876522415809));
#961 = CARTESIAN_POINT('',(6.348658380284,8.838515613743));
#962 = CARTESIAN_POINT('',(6.356894627355,8.797706117389));
#963 = CARTESIAN_POINT('',(6.364567695555,8.754730461295));
#964 = CARTESIAN_POINT('',(6.371752111911,8.709954439945));
#965 = CARTESIAN_POINT('',(6.378499146557,8.663703825803));
#966 = CARTESIAN_POINT('',(6.384842294723,8.616316536649));
#967 = CARTESIAN_POINT('',(6.390821756525,8.567990623215));
#968 = CARTESIAN_POINT('',(6.396472600492,8.518876104635));
#969 = CARTESIAN_POINT('',(6.401850217401,8.468845093553));
#970 = CARTESIAN_POINT('',(6.406982179065,8.41791470886));
#971 = CARTESIAN_POINT('',(6.411874021571,8.366285012412));
#972 = CARTESIAN_POINT('',(6.416537239823,8.314082007877));
#973 = CARTESIAN_POINT('',(6.420981751217,8.261427077992));
#974 = CARTESIAN_POINT('',(6.425217867454,8.208419054712));
#975 = CARTESIAN_POINT('',(6.429255717568,8.155139701151));
#976 = CARTESIAN_POINT('',(6.433105352929,8.101652921861));
#977 = CARTESIAN_POINT('',(6.436776668591,8.048005656376));
#978 = CARTESIAN_POINT('',(6.440279373215,7.994228319773));
#979 = CARTESIAN_POINT('',(6.443622944663,7.940335380299));
#980 = CARTESIAN_POINT('',(6.446816591028,7.886325850139));
#981 = CARTESIAN_POINT('',(6.449869201294,7.83218399494));
#982 = CARTESIAN_POINT('',(6.452789329324,7.777879263602));
#983 = CARTESIAN_POINT('',(6.455585052542,7.723369126651));
#984 = CARTESIAN_POINT('',(6.458264296333,7.668591068396));
#985 = CARTESIAN_POINT('',(6.460833418946,7.613495063819));
#986 = CARTESIAN_POINT('',(6.463302286944,7.557924971125));
#987 = CARTESIAN_POINT('',(6.465664121222,7.502086982746));
#988 = CARTESIAN_POINT('',(6.467916718653,7.446113925533));
#989 = CARTESIAN_POINT('',(6.470063679252,7.389998699417));
#990 = CARTESIAN_POINT('',(6.472106946078,7.333768978855));
#991 = CARTESIAN_POINT('',(6.474048802235,7.277440504772));
#992 = CARTESIAN_POINT('',(6.475891333807,7.221029703018));
#993 = CARTESIAN_POINT('',(6.477636571743,7.164550406334));
#994 = CARTESIAN_POINT('',(6.479286451792,7.108014835789));
#995 = CARTESIAN_POINT('',(6.48084282315,7.051433440898));
#996 = CARTESIAN_POINT('',(6.482307444032,6.994815045569));
#997 = CARTESIAN_POINT('',(6.483681980721,6.938166912116));
#998 = CARTESIAN_POINT('',(6.48496800567,6.881494827228));
#999 = CARTESIAN_POINT('',(6.486166995837,6.824803182074));
#1000 = CARTESIAN_POINT('',(6.487280330952,6.768095053984));
#1001 = CARTESIAN_POINT('',(6.48830929179,6.71137228772));
#1002 = CARTESIAN_POINT('',(6.489255058433,6.654635576859));
#1003 = CARTESIAN_POINT('',(6.490118708547,6.597884545185));
#1004 = CARTESIAN_POINT('',(6.490901215616,6.541117827995));
#1005 = CARTESIAN_POINT('',(6.491603447295,6.484333153772));
#1006 = CARTESIAN_POINT('',(6.492226163389,6.427527424522));
#1007 = CARTESIAN_POINT('',(6.492770015185,6.370696801151));
#1008 = CARTESIAN_POINT('',(6.493235539796,6.31383677005));
#1009 = CARTESIAN_POINT('',(6.493623173127,6.256942279858));
#1010 = CARTESIAN_POINT('',(6.493829853302,6.218985837524));
#1011 = CARTESIAN_POINT('',(6.493920311755,6.2));
#1012 = ( GEOMETRIC_REPRESENTATION_CONTEXT(2) 
PARAMETRIC_REPRESENTATION_CONTEXT() REPRESENTATION_CONTEXT('2D SPACE',''
  ) );
#1013 = ORIENTED_EDGE('',*,*,#1014,.F.);
#1014 = EDGE_CURVE('',#1015,#698,#1017,.T.);
#1015 = VERTEX_POINT('',#1016);
#1016 = CARTESIAN_POINT('',(0.2,67.25,-44.59955156725));
#1017 = SURFACE_CURVE('',#1018,(#1022,#1028),.PCURVE_S1.);
#1018 = LINE('',#1019,#1020);
#1019 = CARTESIAN_POINT('',(0.2,80.25,-44.59955156725));
#1020 = VECTOR('',#1021,1.);
#1021 = DIRECTION('',(-0.,1.,-0.));
#1022 = PCURVE('',#442,#1023);
#1023 = DEFINITIONAL_REPRESENTATION('',(#1024),#1027);
#1024 = B_SPLINE_CURVE_WITH_KNOTS('',1,(#1025,#1026),.UNSPECIFIED.,.F.,
  .F.,(2,2),(-36.0000006,6.000000070117E-07),.PIECEWISE_BEZIER_KNOTS.);
#1025 = CARTESIAN_POINT('',(-4.716873300347,-36.0000006));
#1026 = CARTESIAN_POINT('',(-4.716873300347,6.000000070117E-07));
#1027 = ( GEOMETRIC_REPRESENTATION_CONTEXT(2) 
PARAMETRIC_REPRESENTATION_CONTEXT() REPRESENTATION_CONTEXT('2D SPACE',''
  ) );
#1028 = PCURVE('',#686,#1029);
#1029 = DEFINITIONAL_REPRESENTATION('',(#1030),#1033);
#1030 = B_SPLINE_CURVE_WITH_KNOTS('',1,(#1031,#1032),.UNSPECIFIED.,.F.,
  .F.,(2,2),(-36.0000006,6.000000070117E-07),.PIECEWISE_BEZIER_KNOTS.);
#1031 = CARTESIAN_POINT('',(244.59955156725,-36.0000006));
#1032 = CARTESIAN_POINT('',(244.59955156725,6.000000070117E-07));
#1033 = ( GEOMETRIC_REPRESENTATION_CONTEXT(2) 
PARAMETRIC_REPRESENTATION_CONTEXT() REPRESENTATION_CONTEXT('2D SPACE',''
  ) );
#1034 = ORIENTED_EDGE('',*,*,#1035,.F.);
#1035 = EDGE_CURVE('',#1036,#1015,#1038,.T.);
#1036 = VERTEX_POINT('',#1037);
#1037 = CARTESIAN_POINT('',(4.,67.25,-44.42026564531));
#1038 = SURFACE_CURVE('',#1039,(#1044,#1051),.PCURVE_S1.);
#1039 = CIRCLE('',#1040,44.6);
#1040 = AXIS2_PLACEMENT_3D('',#1041,#1042,#1043);
#1041 = CARTESIAN_POINT('',(3.009113861907E-15,67.25,1.128417698215E-15)
  );
#1042 = DIRECTION('',(-0.,1.,0.));
#1043 = DIRECTION('',(1.,0.,0.));
#1044 = PCURVE('',#442,#1045);
#1045 = DEFINITIONAL_REPRESENTATION('',(#1046),#1050);
#1046 = LINE('',#1047,#1048);
#1047 = CARTESIAN_POINT('',(-6.28318530718,-13.));
#1048 = VECTOR('',#1049,1.);
#1049 = DIRECTION('',(1.,-0.));
#1050 = ( GEOMETRIC_REPRESENTATION_CONTEXT(2) 
PARAMETRIC_REPRESENTATION_CONTEXT() REPRESENTATION_CONTEXT('2D SPACE',''
  ) );
#1051 = PCURVE('',#1052,#1057);
#1052 = PLANE('',#1053);
#1053 = AXIS2_PLACEMENT_3D('',#1054,#1055,#1056);
#1054 = CARTESIAN_POINT('',(-8.260059303211E-15,67.25,-43.));
#1055 = DIRECTION('',(-0.,-1.,-0.));
#1056 = DIRECTION('',(0.,0.,-1.));
#1057 = DEFINITIONAL_REPRESENTATION('',(#1058),#1066);
#1058 = ( BOUNDED_CURVE() B_SPLINE_CURVE(2,(#1059,#1060,#1061,#1062,
#1063,#1064,#1065),.UNSPECIFIED.,.T.,.F.) B_SPLINE_CURVE_WITH_KNOTS((1,2
    ,2,2,2,1),(-2.094395102393,0.,2.094395102393,4.188790204786,
6.28318530718,8.377580409573),.UNSPECIFIED.) CURVE() 
GEOMETRIC_REPRESENTATION_ITEM() RATIONAL_B_SPLINE_CURVE((1.,0.5,1.,0.5,
1.,0.5,1.)) REPRESENTATION_ITEM('') );
#1059 = CARTESIAN_POINT('',(-43.,44.6));
#1060 = CARTESIAN_POINT('',(34.249466017572,44.6));
#1061 = CARTESIAN_POINT('',(-4.375266991214,-22.3));
#1062 = CARTESIAN_POINT('',(-43.,-89.2));
#1063 = CARTESIAN_POINT('',(-81.62473300878,-22.3));
#1064 = CARTESIAN_POINT('',(-120.2494660175,44.6));
#1065 = CARTESIAN_POINT('',(-43.,44.6));
#1066 = ( GEOMETRIC_REPRESENTATION_CONTEXT(2) 
PARAMETRIC_REPRESENTATION_CONTEXT() REPRESENTATION_CONTEXT('2D SPACE',''
  ) );
#1067 = ORIENTED_EDGE('',*,*,#1068,.F.);
#1068 = EDGE_CURVE('',#1069,#1036,#1071,.T.);
#1069 = VERTEX_POINT('',#1070);
#1070 = CARTESIAN_POINT('',(4.,49.25,-44.42026564531));
#1071 = SURFACE_CURVE('',#1072,(#1076,#1082),.PCURVE_S1.);
#1072 = LINE('',#1073,#1074);
#1073 = CARTESIAN_POINT('',(4.,80.25,-44.42026564531));
#1074 = VECTOR('',#1075,1.);
#1075 = DIRECTION('',(-0.,1.,-0.));
#1076 = PCURVE('',#442,#1077);
#1077 = DEFINITIONAL_REPRESENTATION('',(#1078),#1081);
#1078 = B_SPLINE_CURVE_WITH_KNOTS('',1,(#1079,#1080),.UNSPECIFIED.,.F.,
  .F.,(2,2),(-32.8,-11.2),.PIECEWISE_BEZIER_KNOTS.);
#1079 = CARTESIAN_POINT('',(-4.802195749461,-32.8));
#1080 = CARTESIAN_POINT('',(-4.802195749461,-11.2));
#1081 = ( GEOMETRIC_REPRESENTATION_CONTEXT(2) 
PARAMETRIC_REPRESENTATION_CONTEXT() REPRESENTATION_CONTEXT('2D SPACE',''
  ) );
#1082 = PCURVE('',#1083,#1088);
#1083 = PLANE('',#1084);
#1084 = AXIS2_PLACEMENT_3D('',#1085,#1086,#1087);
#1085 = CARTESIAN_POINT('',(4.,67.25,-49.));
#1086 = DIRECTION('',(-1.,0.,1.836970198721E-16));
#1087 = DIRECTION('',(1.836970198721E-16,0.,1.));
#1088 = DEFINITIONAL_REPRESENTATION('',(#1089),#1092);
#1089 = B_SPLINE_CURVE_WITH_KNOTS('',1,(#1090,#1091),.UNSPECIFIED.,.F.,
  .F.,(2,2),(-32.8,-11.2),.PIECEWISE_BEZIER_KNOTS.);
#1090 = CARTESIAN_POINT('',(4.579734354689,-19.8));
#1091 = CARTESIAN_POINT('',(4.579734354689,1.8));
#1092 = ( GEOMETRIC_REPRESENTATION_CONTEXT(2) 
PARAMETRIC_REPRESENTATION_CONTEXT() REPRESENTATION_CONTEXT('2D SPACE',''
  ) );
#1093 = ORIENTED_EDGE('',*,*,#1094,.T.);
#1094 = EDGE_CURVE('',#1069,#1095,#1097,.T.);
#1095 = VERTEX_POINT('',#1096);
#1096 = CARTESIAN_POINT('',(0.2,49.25,-44.59955156725));
#1097 = SURFACE_CURVE('',#1098,(#1103,#1110),.PCURVE_S1.);
#1098 = CIRCLE('',#1099,44.6);
#1099 = AXIS2_PLACEMENT_3D('',#1100,#1101,#1102);
#1100 = CARTESIAN_POINT('',(3.009113861907E-15,49.25,1.128417698215E-15)
  );
#1101 = DIRECTION('',(-0.,1.,0.));
#1102 = DIRECTION('',(1.,0.,0.));
#1103 = PCURVE('',#442,#1104);
#1104 = DEFINITIONAL_REPRESENTATION('',(#1105),#1109);
#1105 = LINE('',#1106,#1107);
#1106 = CARTESIAN_POINT('',(-6.28318530718,-31.));
#1107 = VECTOR('',#1108,1.);
#1108 = DIRECTION('',(1.,-0.));
#1109 = ( GEOMETRIC_REPRESENTATION_CONTEXT(2) 
PARAMETRIC_REPRESENTATION_CONTEXT() REPRESENTATION_CONTEXT('2D SPACE',''
  ) );
#1110 = PCURVE('',#1111,#1116);
#1111 = PLANE('',#1112);
#1112 = AXIS2_PLACEMENT_3D('',#1113,#1114,#1115);
#1113 = CARTESIAN_POINT('',(-8.260059303211E-15,49.25,-43.));
#1114 = DIRECTION('',(-0.,-1.,-0.));
#1115 = DIRECTION('',(0.,0.,-1.));
#1116 = DEFINITIONAL_REPRESENTATION('',(#1117),#1125);
#1117 = ( BOUNDED_CURVE() B_SPLINE_CURVE(2,(#1118,#1119,#1120,#1121,
#1122,#1123,#1124),.UNSPECIFIED.,.T.,.F.) B_SPLINE_CURVE_WITH_KNOTS((1,2
    ,2,2,2,1),(-2.094395102393,0.,2.094395102393,4.188790204786,
6.28318530718,8.377580409573),.UNSPECIFIED.) CURVE() 
GEOMETRIC_REPRESENTATION_ITEM() RATIONAL_B_SPLINE_CURVE((1.,0.5,1.,0.5,
1.,0.5,1.)) REPRESENTATION_ITEM('') );
#1118 = CARTESIAN_POINT('',(-43.,44.6));
#1119 = CARTESIAN_POINT('',(34.249466017572,44.6));
#1120 = CARTESIAN_POINT('',(-4.375266991214,-22.3));
#1121 = CARTESIAN_POINT('',(-43.,-89.2));
#1122 = CARTESIAN_POINT('',(-81.62473300878,-22.3));
#1123 = CARTESIAN_POINT('',(-120.2494660175,44.6));
#1124 = CARTESIAN_POINT('',(-43.,44.6));
#1125 = ( GEOMETRIC_REPRESENTATION_CONTEXT(2) 
PARAMETRIC_REPRESENTATION_CONTEXT() REPRESENTATION_CONTEXT('2D SPACE',''
  ) );
#1126 = ORIENTED_EDGE('',*,*,#1127,.F.);
#1127 = EDGE_CURVE('',#594,#1095,#1128,.T.);
#1128 = SURFACE_CURVE('',#1129,(#1133,#1139),.PCURVE_S1.);
#1129 = LINE('',#1130,#1131);
#1130 = CARTESIAN_POINT('',(0.2,80.25,-44.59955156725));
#1131 = VECTOR('',#1132,1.);
#1132 = DIRECTION('',(-0.,1.,-0.));
#1133 = PCURVE('',#442,#1134);
#1134 = DEFINITIONAL_REPRESENTATION('',(#1135),#1138);
#1135 = B_SPLINE_CURVE_WITH_KNOTS('',1,(#1136,#1137),.UNSPECIFIED.,.F.,
  .F.,(2,2),(-36.0000006,6.000000070117E-07),.PIECEWISE_BEZIER_KNOTS.);
#1136 = CARTESIAN_POINT('',(-4.716873300347,-36.0000006));
#1137 = CARTESIAN_POINT('',(-4.716873300347,6.000000070117E-07));
#1138 = ( GEOMETRIC_REPRESENTATION_CONTEXT(2) 
PARAMETRIC_REPRESENTATION_CONTEXT() REPRESENTATION_CONTEXT('2D SPACE',''
  ) );
#1139 = PCURVE('',#1140,#1145);
#1140 = PLANE('',#1141);
#1141 = AXIS2_PLACEMENT_3D('',#1142,#1143,#1144);
#1142 = CARTESIAN_POINT('',(0.2,80.25,200.));
#1143 = DIRECTION('',(1.,-0.,0.));
#1144 = DIRECTION('',(0.,-0.,-1.));
#1145 = DEFINITIONAL_REPRESENTATION('',(#1146),#1149);
#1146 = B_SPLINE_CURVE_WITH_KNOTS('',1,(#1147,#1148),.UNSPECIFIED.,.F.,
  .F.,(2,2),(-36.0000006,6.000000070117E-07),.PIECEWISE_BEZIER_KNOTS.);
#1147 = CARTESIAN_POINT('',(244.59955156725,-36.0000006));
#1148 = CARTESIAN_POINT('',(244.59955156725,6.000000070117E-07));
#1149 = ( GEOMETRIC_REPRESENTATION_CONTEXT(2) 
PARAMETRIC_REPRESENTATION_CONTEXT() REPRESENTATION_CONTEXT('2D SPACE',''
  ) );
#1150 = FACE_BOUND('',#1151,.T.);
#1151 = EDGE_LOOP('',(#1152,#1180,#1181,#1182));
#1152 = ORIENTED_EDGE('',*,*,#1153,.T.);
#1153 = EDGE_CURVE('',#1154,#528,#1156,.T.);
#1154 = VERTEX_POINT('',#1155);
#1155 = CARTESIAN_POINT('',(40.469078491693,49.25,-18.74603120751));
#1156 = SURFACE_CURVE('',#1157,(#1162,#1169),.PCURVE_S1.);
#1157 = CIRCLE('',#1158,44.6);
#1158 = AXIS2_PLACEMENT_3D('',#1159,#1160,#1161);
#1159 = CARTESIAN_POINT('',(3.009113861907E-15,49.25,1.128417698215E-15)
  );
#1160 = DIRECTION('',(-0.,1.,0.));
#1161 = DIRECTION('',(1.,0.,0.));
#1162 = PCURVE('',#442,#1163);
#1163 = DEFINITIONAL_REPRESENTATION('',(#1164),#1168);
#1164 = LINE('',#1165,#1166);
#1165 = CARTESIAN_POINT('',(-6.28318530718,-31.));
#1166 = VECTOR('',#1167,1.);
#1167 = DIRECTION('',(1.,-0.));
#1168 = ( GEOMETRIC_REPRESENTATION_CONTEXT(2) 
PARAMETRIC_REPRESENTATION_CONTEXT() REPRESENTATION_CONTEXT('2D SPACE',''
  ) );
#1169 = PCURVE('',#360,#1170);
#1170 = DEFINITIONAL_REPRESENTATION('',(#1171),#1179);
#1171 = ( BOUNDED_CURVE() B_SPLINE_CURVE(2,(#1172,#1173,#1174,#1175,
#1176,#1177,#1178),.UNSPECIFIED.,.T.,.F.) B_SPLINE_CURVE_WITH_KNOTS((1,2
    ,2,2,2,1),(-2.094395102393,0.,2.094395102393,4.188790204786,
6.28318530718,8.377580409573),.UNSPECIFIED.) CURVE() 
GEOMETRIC_REPRESENTATION_ITEM() RATIONAL_B_SPLINE_CURVE((1.,0.5,1.,0.5,
1.,0.5,1.)) REPRESENTATION_ITEM('') );
#1172 = CARTESIAN_POINT('',(-21.5,7.360907637269));
#1173 = CARTESIAN_POINT('',(55.749466017572,7.360907637269));
#1174 = CARTESIAN_POINT('',(17.124733008786,-59.53909236273));
#1175 = CARTESIAN_POINT('',(-21.5,-126.4390923627));
#1176 = CARTESIAN_POINT('',(-60.12473300878,-59.53909236273));
#1177 = CARTESIAN_POINT('',(-98.74946601757,7.360907637269));
#1178 = CARTESIAN_POINT('',(-21.5,7.360907637269));
#1179 = ( GEOMETRIC_REPRESENTATION_CONTEXT(2) 
PARAMETRIC_REPRESENTATION_CONTEXT() REPRESENTATION_CONTEXT('2D SPACE',''
  ) );
#1180 = ORIENTED_EDGE('',*,*,#527,.T.);
#1181 = ORIENTED_EDGE('',*,*,#419,.F.);
#1182 = ORIENTED_EDGE('',*,*,#1183,.F.);
#1183 = EDGE_CURVE('',#1154,#420,#1184,.T.);
#1184 = SURFACE_CURVE('',#1185,(#1189,#1195),.PCURVE_S1.);
#1185 = LINE('',#1186,#1187);
#1186 = CARTESIAN_POINT('',(40.469078491693,80.25,-18.74603120751));
#1187 = VECTOR('',#1188,1.);
#1188 = DIRECTION('',(-0.,1.,-0.));
#1189 = PCURVE('',#442,#1190);
#1190 = DEFINITIONAL_REPRESENTATION('',(#1191),#1194);
#1191 = B_SPLINE_CURVE_WITH_KNOTS('',1,(#1192,#1193),.UNSPECIFIED.,.F.,
  .F.,(2,2),(-32.8,-11.2),.PIECEWISE_BEZIER_KNOTS.);
#1192 = CARTESIAN_POINT('',(-5.849393300658,-32.8));
#1193 = CARTESIAN_POINT('',(-5.849393300658,-11.2));
#1194 = ( GEOMETRIC_REPRESENTATION_CONTEXT(2) 
PARAMETRIC_REPRESENTATION_CONTEXT() REPRESENTATION_CONTEXT('2D SPACE',''
  ) );
#1195 = PCURVE('',#334,#1196);
#1196 = DEFINITIONAL_REPRESENTATION('',(#1197),#1200);
#1197 = B_SPLINE_CURVE_WITH_KNOTS('',1,(#1198,#1199),.UNSPECIFIED.,.F.,
  .F.,(2,2),(-32.8,-11.2),.PIECEWISE_BEZIER_KNOTS.);
#1198 = CARTESIAN_POINT('',(4.579734354689,-19.8));
#1199 = CARTESIAN_POINT('',(4.579734354689,1.8));
#1200 = ( GEOMETRIC_REPRESENTATION_CONTEXT(2) 
PARAMETRIC_REPRESENTATION_CONTEXT() REPRESENTATION_CONTEXT('2D SPACE',''
  ) );
#1201 = ADVANCED_FACE('',(#1202),#1140,.F.);
#1202 = FACE_BOUND('',#1203,.F.);
#1203 = EDGE_LOOP('',(#1204,#1225,#1251,#1270));
#1204 = ORIENTED_EDGE('',*,*,#1205,.F.);
#1205 = EDGE_CURVE('',#1206,#594,#1208,.T.);
#1206 = VERTEX_POINT('',#1207);
#1207 = CARTESIAN_POINT('',(0.2,44.25,-48.60439064078));
#1208 = SURFACE_CURVE('',#1209,(#1213,#1219),.PCURVE_S1.);
#1209 = LINE('',#1210,#1211);
#1210 = CARTESIAN_POINT('',(0.2,44.25,100.));
#1211 = VECTOR('',#1212,1.);
#1212 = DIRECTION('',(-0.,0.,1.));
#1213 = PCURVE('',#1140,#1214);
#1214 = DEFINITIONAL_REPRESENTATION('',(#1215),#1218);
#1215 = B_SPLINE_CURVE_WITH_KNOTS('',1,(#1216,#1217),.UNSPECIFIED.,.F.,
  .F.,(2,2),(-148.6579804792,-51.34201952072),.PIECEWISE_BEZIER_KNOTS.);
#1216 = CARTESIAN_POINT('',(248.65798047927,-36.));
#1217 = CARTESIAN_POINT('',(151.34201952072,-36.));
#1218 = ( GEOMETRIC_REPRESENTATION_CONTEXT(2) 
PARAMETRIC_REPRESENTATION_CONTEXT() REPRESENTATION_CONTEXT('2D SPACE',''
  ) );
#1219 = PCURVE('',#100,#1220);
#1220 = DEFINITIONAL_REPRESENTATION('',(#1221),#1224);
#1221 = B_SPLINE_CURVE_WITH_KNOTS('',1,(#1222,#1223),.UNSPECIFIED.,.F.,
  .F.,(2,2),(-148.6579804792,-51.34201952072),.PIECEWISE_BEZIER_KNOTS.);
#1222 = CARTESIAN_POINT('',(48.657980479274,0.2));
#1223 = CARTESIAN_POINT('',(-48.65798047927,0.2));
#1224 = ( GEOMETRIC_REPRESENTATION_CONTEXT(2) 
PARAMETRIC_REPRESENTATION_CONTEXT() REPRESENTATION_CONTEXT('2D SPACE',''
  ) );
#1225 = ORIENTED_EDGE('',*,*,#1226,.T.);
#1226 = EDGE_CURVE('',#1206,#1227,#1229,.T.);
#1227 = VERTEX_POINT('',#1228);
#1228 = CARTESIAN_POINT('',(0.2,49.25,-48.60439064078));
#1229 = SURFACE_CURVE('',#1230,(#1234,#1240),.PCURVE_S1.);
#1230 = LINE('',#1231,#1232);
#1231 = CARTESIAN_POINT('',(0.2,80.25,-48.60439064078));
#1232 = VECTOR('',#1233,1.);
#1233 = DIRECTION('',(0.,1.,0.));
#1234 = PCURVE('',#1140,#1235);
#1235 = DEFINITIONAL_REPRESENTATION('',(#1236),#1239);
#1236 = B_SPLINE_CURVE_WITH_KNOTS('',1,(#1237,#1238),.UNSPECIFIED.,.F.,
  .F.,(2,2),(-36.,0.),.PIECEWISE_BEZIER_KNOTS.);
#1237 = CARTESIAN_POINT('',(248.60439064078,-36.));
#1238 = CARTESIAN_POINT('',(248.60439064078,0.));
#1239 = ( GEOMETRIC_REPRESENTATION_CONTEXT(2) 
PARAMETRIC_REPRESENTATION_CONTEXT() REPRESENTATION_CONTEXT('2D SPACE',''
  ) );
#1240 = PCURVE('',#1241,#1246);
#1241 = PLANE('',#1242);
#1242 = AXIS2_PLACEMENT_3D('',#1243,#1244,#1245);
#1243 = CARTESIAN_POINT('',(-8.938326007038E-15,80.25,-48.65798047927));
#1244 = DIRECTION('',(-0.258819045103,0.,0.965925826289));
#1245 = DIRECTION('',(0.965925826289,0.,0.258819045103));
#1246 = DEFINITIONAL_REPRESENTATION('',(#1247),#1250);
#1247 = B_SPLINE_CURVE_WITH_KNOTS('',1,(#1248,#1249),.UNSPECIFIED.,.F.,
  .F.,(2,2),(-36.,0.),.PIECEWISE_BEZIER_KNOTS.);
#1248 = CARTESIAN_POINT('',(0.207055236082,-36.));
#1249 = CARTESIAN_POINT('',(0.207055236082,0.));
#1250 = ( GEOMETRIC_REPRESENTATION_CONTEXT(2) 
PARAMETRIC_REPRESENTATION_CONTEXT() REPRESENTATION_CONTEXT('2D SPACE',''
  ) );
#1251 = ORIENTED_EDGE('',*,*,#1252,.T.);
#1252 = EDGE_CURVE('',#1227,#1095,#1253,.T.);
#1253 = SURFACE_CURVE('',#1254,(#1258,#1264),.PCURVE_S1.);
#1254 = LINE('',#1255,#1256);
#1255 = CARTESIAN_POINT('',(0.2,49.25,78.5));
#1256 = VECTOR('',#1257,1.);
#1257 = DIRECTION('',(-0.,0.,1.));
#1258 = PCURVE('',#1140,#1259);
#1259 = DEFINITIONAL_REPRESENTATION('',(#1260),#1263);
#1260 = B_SPLINE_CURVE_WITH_KNOTS('',1,(#1261,#1262),.UNSPECIFIED.,.F.,
  .F.,(2,2),(-127.1579804792,-122.9202656453),.PIECEWISE_BEZIER_KNOTS.);
#1261 = CARTESIAN_POINT('',(248.65798047927,-31.));
#1262 = CARTESIAN_POINT('',(244.42026564531,-31.));
#1263 = ( GEOMETRIC_REPRESENTATION_CONTEXT(2) 
PARAMETRIC_REPRESENTATION_CONTEXT() REPRESENTATION_CONTEXT('2D SPACE',''
  ) );
#1264 = PCURVE('',#1111,#1265);
#1265 = DEFINITIONAL_REPRESENTATION('',(#1266),#1269);
#1266 = B_SPLINE_CURVE_WITH_KNOTS('',1,(#1267,#1268),.UNSPECIFIED.,.F.,
  .F.,(2,2),(-127.1579804792,-122.9202656453),.PIECEWISE_BEZIER_KNOTS.);
#1267 = CARTESIAN_POINT('',(5.657980479274,0.2));
#1268 = CARTESIAN_POINT('',(1.420265645311,0.2));
#1269 = ( GEOMETRIC_REPRESENTATION_CONTEXT(2) 
PARAMETRIC_REPRESENTATION_CONTEXT() REPRESENTATION_CONTEXT('2D SPACE',''
  ) );
#1270 = ORIENTED_EDGE('',*,*,#1127,.F.);
#1271 = ADVANCED_FACE('',(#1272),#1241,.F.);
#1272 = FACE_BOUND('',#1273,.F.);
#1273 = EDGE_LOOP('',(#1274,#1299,#1320,#1353,#1379,#1411,#1437,#1471,
    #1500,#1521,#1548,#1569,#1597,#1618,#1639,#1660,#1679,#1680,#1703));
#1274 = ORIENTED_EDGE('',*,*,#1275,.F.);
#1275 = EDGE_CURVE('',#1276,#1278,#1280,.T.);
#1276 = VERTEX_POINT('',#1277);
#1277 = CARTESIAN_POINT('',(0.2,80.25,-48.60439064078));
#1278 = VERTEX_POINT('',#1279);
#1279 = CARTESIAN_POINT('',(24.328990239637,80.25,-42.13904719189));
#1280 = SURFACE_CURVE('',#1281,(#1285,#1292),.PCURVE_S1.);
#1281 = LINE('',#1282,#1283);
#1282 = CARTESIAN_POINT('',(-8.938326007038E-15,80.25,-48.65798047927));
#1283 = VECTOR('',#1284,1.);
#1284 = DIRECTION('',(0.965925826289,0.,0.258819045103));
#1285 = PCURVE('',#1241,#1286);
#1286 = DEFINITIONAL_REPRESENTATION('',(#1287),#1291);
#1287 = LINE('',#1288,#1289);
#1288 = CARTESIAN_POINT('',(0.,0.));
#1289 = VECTOR('',#1290,1.);
#1290 = DIRECTION('',(1.,0.));
#1291 = ( GEOMETRIC_REPRESENTATION_CONTEXT(2) 
PARAMETRIC_REPRESENTATION_CONTEXT() REPRESENTATION_CONTEXT('2D SPACE',''
  ) );
#1292 = PCURVE('',#44,#1293);
#1293 = DEFINITIONAL_REPRESENTATION('',(#1294),#1298);
#1294 = LINE('',#1295,#1296);
#1295 = CARTESIAN_POINT('',(48.657980479274,-9.690604472514E-15));
#1296 = VECTOR('',#1297,1.);
#1297 = DIRECTION('',(-0.258819045103,0.965925826289));
#1298 = ( GEOMETRIC_REPRESENTATION_CONTEXT(2) 
PARAMETRIC_REPRESENTATION_CONTEXT() REPRESENTATION_CONTEXT('2D SPACE',''
  ) );
#1299 = ORIENTED_EDGE('',*,*,#1300,.F.);
#1300 = EDGE_CURVE('',#1301,#1276,#1303,.T.);
#1301 = VERTEX_POINT('',#1302);
#1302 = CARTESIAN_POINT('',(0.2,76.732576629005,-48.60439064078));
#1303 = SURFACE_CURVE('',#1304,(#1308,#1314),.PCURVE_S1.);
#1304 = LINE('',#1305,#1306);
#1305 = CARTESIAN_POINT('',(0.2,80.25,-48.60439064078));
#1306 = VECTOR('',#1307,1.);
#1307 = DIRECTION('',(0.,1.,0.));
#1308 = PCURVE('',#1241,#1309);
#1309 = DEFINITIONAL_REPRESENTATION('',(#1310),#1313);
#1310 = B_SPLINE_CURVE_WITH_KNOTS('',1,(#1311,#1312),.UNSPECIFIED.,.F.,
  .F.,(2,2),(-36.,0.),.PIECEWISE_BEZIER_KNOTS.);
#1311 = CARTESIAN_POINT('',(0.207055236082,-36.));
#1312 = CARTESIAN_POINT('',(0.207055236082,0.));
#1313 = ( GEOMETRIC_REPRESENTATION_CONTEXT(2) 
PARAMETRIC_REPRESENTATION_CONTEXT() REPRESENTATION_CONTEXT('2D SPACE',''
  ) );
#1314 = PCURVE('',#686,#1315);
#1315 = DEFINITIONAL_REPRESENTATION('',(#1316),#1319);
#1316 = B_SPLINE_CURVE_WITH_KNOTS('',1,(#1317,#1318),.UNSPECIFIED.,.F.,
  .F.,(2,2),(-36.,0.),.PIECEWISE_BEZIER_KNOTS.);
#1317 = CARTESIAN_POINT('',(248.60439064078,-36.));
#1318 = CARTESIAN_POINT('',(248.60439064078,0.));
#1319 = ( GEOMETRIC_REPRESENTATION_CONTEXT(2) 
PARAMETRIC_REPRESENTATION_CONTEXT() REPRESENTATION_CONTEXT('2D SPACE',''
  ) );
#1320 = ORIENTED_EDGE('',*,*,#1321,.F.);
#1321 = EDGE_CURVE('',#1322,#1301,#1324,.T.);
#1322 = VERTEX_POINT('',#1323);
#1323 = CARTESIAN_POINT('',(6.,76.305688928514,-47.05028532468));
#1324 = SURFACE_CURVE('',#1325,(#1330,#1337),.PCURVE_S1.);
#1325 = ELLIPSE('',#1326,17.386664873203,4.5);
#1326 = AXIS2_PLACEMENT_3D('',#1327,#1328,#1329);
#1327 = CARTESIAN_POINT('',(-1.27643422853,72.25,-49.));
#1328 = DIRECTION('',(-0.258819045103,0.,0.965925826289));
#1329 = DIRECTION('',(0.965925826289,0.,0.258819045103));
#1330 = PCURVE('',#1241,#1331);
#1331 = DEFINITIONAL_REPRESENTATION('',(#1332),#1336);
#1332 = ELLIPSE('',#1333,17.386664873203,4.5);
#1333 = AXIS2_PLACEMENT_2D('',#1334,#1335);
#1334 = CARTESIAN_POINT('',(-1.321461952657,-8.));
#1335 = DIRECTION('',(1.,0.));
#1336 = ( GEOMETRIC_REPRESENTATION_CONTEXT(2) 
PARAMETRIC_REPRESENTATION_CONTEXT() REPRESENTATION_CONTEXT('2D SPACE',''
  ) );
#1337 = PCURVE('',#1338,#1343);
#1338 = CYLINDRICAL_SURFACE('',#1339,4.5);
#1339 = AXIS2_PLACEMENT_3D('',#1340,#1341,#1342);
#1340 = CARTESIAN_POINT('',(-6.,72.25,-49.));
#1341 = DIRECTION('',(1.,0.,0.));
#1342 = DIRECTION('',(-0.,0.,1.));
#1343 = DEFINITIONAL_REPRESENTATION('',(#1344),#1352);
#1344 = B_SPLINE_CURVE_WITH_KNOTS('',6,(#1345,#1346,#1347,#1348,#1349,
    #1350,#1351),.UNSPECIFIED.,.F.,.F.,(7,7),(1.122678504084,
    1.639711710385),.PIECEWISE_BEZIER_KNOTS.);
#1345 = CARTESIAN_POINT('',(5.160506803096,12.0000006));
#1346 = CARTESIAN_POINT('',(5.074334602046,10.695694989246));
#1347 = CARTESIAN_POINT('',(4.988162400996,9.326550869906));
#1348 = CARTESIAN_POINT('',(4.901990199945,7.910000451614));
#1349 = CARTESIAN_POINT('',(4.815817998895,6.464926592005));
#1350 = CARTESIAN_POINT('',(4.729645797845,5.010861377371));
#1351 = CARTESIAN_POINT('',(4.643473596795,3.567100976036));
#1352 = ( GEOMETRIC_REPRESENTATION_CONTEXT(2) 
PARAMETRIC_REPRESENTATION_CONTEXT() REPRESENTATION_CONTEXT('2D SPACE',''
  ) );
#1353 = ORIENTED_EDGE('',*,*,#1354,.F.);
#1354 = EDGE_CURVE('',#1355,#1322,#1357,.T.);
#1355 = VERTEX_POINT('',#1356);
#1356 = CARTESIAN_POINT('',(6.,75.457422307606,-47.05028532468));
#1357 = SURFACE_CURVE('',#1358,(#1362,#1368),.PCURVE_S1.);
#1358 = LINE('',#1359,#1360);
#1359 = CARTESIAN_POINT('',(6.,76.25,-47.05028532468));
#1360 = VECTOR('',#1361,1.);
#1361 = DIRECTION('',(0.,1.,-0.));
#1362 = PCURVE('',#1241,#1363);
#1363 = DEFINITIONAL_REPRESENTATION('',(#1364),#1367);
#1364 = B_SPLINE_CURVE_WITH_KNOTS('',1,(#1365,#1366),.UNSPECIFIED.,.F.,
  .F.,(2,2),(-8.5,0.5),.PIECEWISE_BEZIER_KNOTS.);
#1365 = CARTESIAN_POINT('',(6.211657082461,-12.5));
#1366 = CARTESIAN_POINT('',(6.211657082461,-3.5));
#1367 = ( GEOMETRIC_REPRESENTATION_CONTEXT(2) 
PARAMETRIC_REPRESENTATION_CONTEXT() REPRESENTATION_CONTEXT('2D SPACE',''
  ) );
#1368 = PCURVE('',#1369,#1374);
#1369 = PLANE('',#1370);
#1370 = AXIS2_PLACEMENT_3D('',#1371,#1372,#1373);
#1371 = CARTESIAN_POINT('',(6.,72.25,-49.));
#1372 = DIRECTION('',(1.,0.,0.));
#1373 = DIRECTION('',(-0.,0.,1.));
#1374 = DEFINITIONAL_REPRESENTATION('',(#1375),#1378);
#1375 = B_SPLINE_CURVE_WITH_KNOTS('',1,(#1376,#1377),.UNSPECIFIED.,.F.,
  .F.,(2,2),(-8.5,0.5),.PIECEWISE_BEZIER_KNOTS.);
#1376 = CARTESIAN_POINT('',(1.949714675313,4.5));
#1377 = CARTESIAN_POINT('',(1.949714675313,-4.5));
#1378 = ( GEOMETRIC_REPRESENTATION_CONTEXT(2) 
PARAMETRIC_REPRESENTATION_CONTEXT() REPRESENTATION_CONTEXT('2D SPACE',''
  ) );
#1379 = ORIENTED_EDGE('',*,*,#1380,.F.);
#1380 = EDGE_CURVE('',#1381,#1355,#1383,.T.);
#1381 = VERTEX_POINT('',#1382);
#1382 = CARTESIAN_POINT('',(6.503524367105,75.371417599897,
    -46.91536637715));
#1383 = SURFACE_CURVE('',#1384,(#1389,#1396),.PCURVE_S1.);
#1384 = ELLIPSE('',#1385,14.50250450317,3.753524367105);
#1385 = AXIS2_PLACEMENT_3D('',#1386,#1387,#1388);
#1386 = CARTESIAN_POINT('',(-1.27643422853,72.25,-49.));
#1387 = DIRECTION('',(-0.258819045103,0.,0.965925826289));
#1388 = DIRECTION('',(0.965925826289,0.,0.258819045103));
#1389 = PCURVE('',#1241,#1390);
#1390 = DEFINITIONAL_REPRESENTATION('',(#1391),#1395);
#1391 = ELLIPSE('',#1392,14.50250450317,3.753524367105);
#1392 = AXIS2_PLACEMENT_2D('',#1393,#1394);
#1393 = CARTESIAN_POINT('',(-1.321461952657,-8.));
#1394 = DIRECTION('',(1.,0.));
#1395 = ( GEOMETRIC_REPRESENTATION_CONTEXT(2) 
PARAMETRIC_REPRESENTATION_CONTEXT() REPRESENTATION_CONTEXT('2D SPACE',''
  ) );
#1396 = PCURVE('',#1397,#1402);
#1397 = CYLINDRICAL_SURFACE('',#1398,3.753524367105);
#1398 = AXIS2_PLACEMENT_3D('',#1399,#1400,#1401);
#1399 = CARTESIAN_POINT('',(5.996475632895,72.25,-49.));
#1400 = DIRECTION('',(1.,0.,0.));
#1401 = DIRECTION('',(-0.,0.,1.));
#1402 = DEFINITIONAL_REPRESENTATION('',(#1403),#1410);
#1403 = B_SPLINE_CURVE_WITH_KNOTS('',5,(#1404,#1405,#1406,#1407,#1408,
    #1409),.UNSPECIFIED.,.F.,.F.,(6,6),(0.981974323277,1.02490195516),
  .PIECEWISE_BEZIER_KNOTS.);
#1404 = CARTESIAN_POINT('',(5.301210983903,0.507069134211));
#1405 = CARTESIAN_POINT('',(5.292625457526,0.407053972564));
#1406 = CARTESIAN_POINT('',(5.28403993115,0.30632197082));
#1407 = CARTESIAN_POINT('',(5.275454404773,0.20488848781));
#1408 = CARTESIAN_POINT('',(5.266868878396,0.102769102572));
#1409 = CARTESIAN_POINT('',(5.25828335202,-2.040000001191E-05));
#1410 = ( GEOMETRIC_REPRESENTATION_CONTEXT(2) 
PARAMETRIC_REPRESENTATION_CONTEXT() REPRESENTATION_CONTEXT('2D SPACE',''
  ) );
#1411 = ORIENTED_EDGE('',*,*,#1412,.F.);
#1412 = EDGE_CURVE('',#1413,#1381,#1415,.T.);
#1413 = VERTEX_POINT('',#1414);
#1414 = CARTESIAN_POINT('',(6.503524367105,74.544406820616,
    -46.91536637715));
#1415 = SURFACE_CURVE('',#1416,(#1420,#1426),.PCURVE_S1.);
#1416 = LINE('',#1417,#1418);
#1417 = CARTESIAN_POINT('',(6.503524367105,76.25,-46.91536637715));
#1418 = VECTOR('',#1419,1.);
#1419 = DIRECTION('',(0.,1.,-0.));
#1420 = PCURVE('',#1241,#1421);
#1421 = DEFINITIONAL_REPRESENTATION('',(#1422),#1425);
#1422 = B_SPLINE_CURVE_WITH_KNOTS('',1,(#1423,#1424),.UNSPECIFIED.,.F.,
  .F.,(2,2),(-7.753524367105,-0.246475632895),.PIECEWISE_BEZIER_KNOTS.);
#1423 = CARTESIAN_POINT('',(6.732943865981,-11.7535243671));
#1424 = CARTESIAN_POINT('',(6.732943865981,-4.246475632895));
#1425 = ( GEOMETRIC_REPRESENTATION_CONTEXT(2) 
PARAMETRIC_REPRESENTATION_CONTEXT() REPRESENTATION_CONTEXT('2D SPACE',''
  ) );
#1426 = PCURVE('',#1427,#1432);
#1427 = PLANE('',#1428);
#1428 = AXIS2_PLACEMENT_3D('',#1429,#1430,#1431);
#1429 = CARTESIAN_POINT('',(6.503524367105,72.25,-49.));
#1430 = DIRECTION('',(1.,0.,0.));
#1431 = DIRECTION('',(-0.,0.,1.));
#1432 = DEFINITIONAL_REPRESENTATION('',(#1433),#1436);
#1433 = B_SPLINE_CURVE_WITH_KNOTS('',1,(#1434,#1435),.UNSPECIFIED.,.F.,
  .F.,(2,2),(-7.753524367105,-0.246475632895),.PIECEWISE_BEZIER_KNOTS.);
#1434 = CARTESIAN_POINT('',(2.084633622848,3.753524367105));
#1435 = CARTESIAN_POINT('',(2.084633622848,-3.753524367105));
#1436 = ( GEOMETRIC_REPRESENTATION_CONTEXT(2) 
PARAMETRIC_REPRESENTATION_CONTEXT() REPRESENTATION_CONTEXT('2D SPACE',''
  ) );
#1437 = ORIENTED_EDGE('',*,*,#1438,.F.);
#1438 = EDGE_CURVE('',#1439,#1413,#1441,.T.);
#1439 = VERTEX_POINT('',#1440);
#1440 = CARTESIAN_POINT('',(10.292923274933,72.25,-45.9));
#1441 = SURFACE_CURVE('',#1442,(#1447,#1454),.PCURVE_S1.);
#1442 = ELLIPSE('',#1443,11.977480245984,3.1);
#1443 = AXIS2_PLACEMENT_3D('',#1444,#1445,#1446);
#1444 = CARTESIAN_POINT('',(-1.27643422853,72.25,-49.));
#1445 = DIRECTION('',(-0.258819045103,0.,0.965925826289));
#1446 = DIRECTION('',(0.965925826289,0.,0.258819045103));
#1447 = PCURVE('',#1241,#1448);
#1448 = DEFINITIONAL_REPRESENTATION('',(#1449),#1453);
#1449 = ELLIPSE('',#1450,11.977480245984,3.1);
#1450 = AXIS2_PLACEMENT_2D('',#1451,#1452);
#1451 = CARTESIAN_POINT('',(-1.321461952657,-8.));
#1452 = DIRECTION('',(1.,0.));
#1453 = ( GEOMETRIC_REPRESENTATION_CONTEXT(2) 
PARAMETRIC_REPRESENTATION_CONTEXT() REPRESENTATION_CONTEXT('2D SPACE',''
  ) );
#1454 = PCURVE('',#1455,#1460);
#1455 = CYLINDRICAL_SURFACE('',#1456,3.1);
#1456 = AXIS2_PLACEMENT_3D('',#1457,#1458,#1459);
#1457 = CARTESIAN_POINT('',(6.5,72.25,-49.));
#1458 = DIRECTION('',(1.,0.,0.));
#1459 = DIRECTION('',(-0.,0.,1.));
#1460 = DEFINITIONAL_REPRESENTATION('',(#1461),#1470);
#1461 = B_SPLINE_CURVE_WITH_KNOTS('',7,(#1462,#1463,#1464,#1465,#1466,
    #1467,#1468,#1469),.UNSPECIFIED.,.F.,.F.,(8,8),(6.085107397042E-19,
    0.833265489483),.PIECEWISE_BEZIER_KNOTS.);
#1462 = CARTESIAN_POINT('',(6.28318530718,3.792923274933));
#1463 = CARTESIAN_POINT('',(6.164147380111,3.792923274933));
#1464 = CARTESIAN_POINT('',(6.045109453042,3.601662040051));
#1465 = CARTESIAN_POINT('',(5.926071525973,3.21914034018));
#1466 = CARTESIAN_POINT('',(5.807033598904,2.651995063966));
#1467 = CARTESIAN_POINT('',(5.687995671835,1.913514459949));
#1468 = CARTESIAN_POINT('',(5.568957744766,1.022827426871));
#1469 = CARTESIAN_POINT('',(5.449919817697,3.524367104938E-03));
#1470 = ( GEOMETRIC_REPRESENTATION_CONTEXT(2) 
PARAMETRIC_REPRESENTATION_CONTEXT() REPRESENTATION_CONTEXT('2D SPACE',''
  ) );
#1471 = ORIENTED_EDGE('',*,*,#1472,.F.);
#1472 = EDGE_CURVE('',#1473,#1439,#1475,.T.);
#1473 = VERTEX_POINT('',#1474);
#1474 = CARTESIAN_POINT('',(6.503524367105,69.955593179384,
    -46.91536637715));
#1475 = SURFACE_CURVE('',#1476,(#1481,#1488),.PCURVE_S1.);
#1476 = ELLIPSE('',#1477,11.977480245984,3.1);
#1477 = AXIS2_PLACEMENT_3D('',#1478,#1479,#1480);
#1478 = CARTESIAN_POINT('',(-1.27643422853,72.25,-49.));
#1479 = DIRECTION('',(-0.258819045103,0.,0.965925826289));
#1480 = DIRECTION('',(0.965925826289,0.,0.258819045103));
#1481 = PCURVE('',#1241,#1482);
#1482 = DEFINITIONAL_REPRESENTATION('',(#1483),#1487);
#1483 = ELLIPSE('',#1484,11.977480245984,3.1);
#1484 = AXIS2_PLACEMENT_2D('',#1485,#1486);
#1485 = CARTESIAN_POINT('',(-1.321461952657,-8.));
#1486 = DIRECTION('',(1.,0.));
#1487 = ( GEOMETRIC_REPRESENTATION_CONTEXT(2) 
PARAMETRIC_REPRESENTATION_CONTEXT() REPRESENTATION_CONTEXT('2D SPACE',''
  ) );
#1488 = PCURVE('',#1455,#1489);
#1489 = DEFINITIONAL_REPRESENTATION('',(#1490),#1499);
#1490 = B_SPLINE_CURVE_WITH_KNOTS('',7,(#1491,#1492,#1493,#1494,#1495,
    #1496,#1497,#1498),.UNSPECIFIED.,.F.,.F.,(8,8),(5.449919817697,
    6.28318530718),.PIECEWISE_BEZIER_KNOTS.);
#1491 = CARTESIAN_POINT('',(7.116450796662,3.524367104934E-03));
#1492 = CARTESIAN_POINT('',(6.997412869593,1.022827426871));
#1493 = CARTESIAN_POINT('',(6.878374942524,1.91351445995));
#1494 = CARTESIAN_POINT('',(6.759337015456,2.651995063965));
#1495 = CARTESIAN_POINT('',(6.640299088386,3.219140340182));
#1496 = CARTESIAN_POINT('',(6.521261161318,3.601662040051));
#1497 = CARTESIAN_POINT('',(6.402223234249,3.792923274933));
#1498 = CARTESIAN_POINT('',(6.28318530718,3.792923274933));
#1499 = ( GEOMETRIC_REPRESENTATION_CONTEXT(2) 
PARAMETRIC_REPRESENTATION_CONTEXT() REPRESENTATION_CONTEXT('2D SPACE',''
  ) );
#1500 = ORIENTED_EDGE('',*,*,#1501,.F.);
#1501 = EDGE_CURVE('',#1502,#1473,#1504,.T.);
#1502 = VERTEX_POINT('',#1503);
#1503 = CARTESIAN_POINT('',(6.503524367105,69.128582400103,
    -46.91536637715));
#1504 = SURFACE_CURVE('',#1505,(#1509,#1515),.PCURVE_S1.);
#1505 = LINE('',#1506,#1507);
#1506 = CARTESIAN_POINT('',(6.503524367105,76.25,-46.91536637715));
#1507 = VECTOR('',#1508,1.);
#1508 = DIRECTION('',(0.,1.,-0.));
#1509 = PCURVE('',#1241,#1510);
#1510 = DEFINITIONAL_REPRESENTATION('',(#1511),#1514);
#1511 = B_SPLINE_CURVE_WITH_KNOTS('',1,(#1512,#1513),.UNSPECIFIED.,.F.,
  .F.,(2,2),(-7.753524367105,-0.246475632895),.PIECEWISE_BEZIER_KNOTS.);
#1512 = CARTESIAN_POINT('',(6.732943865981,-11.7535243671));
#1513 = CARTESIAN_POINT('',(6.732943865981,-4.246475632895));
#1514 = ( GEOMETRIC_REPRESENTATION_CONTEXT(2) 
PARAMETRIC_REPRESENTATION_CONTEXT() REPRESENTATION_CONTEXT('2D SPACE',''
  ) );
#1515 = PCURVE('',#1427,#1516);
#1516 = DEFINITIONAL_REPRESENTATION('',(#1517),#1520);
#1517 = B_SPLINE_CURVE_WITH_KNOTS('',1,(#1518,#1519),.UNSPECIFIED.,.F.,
  .F.,(2,2),(-7.753524367105,-0.246475632895),.PIECEWISE_BEZIER_KNOTS.);
#1518 = CARTESIAN_POINT('',(2.084633622848,3.753524367105));
#1519 = CARTESIAN_POINT('',(2.084633622848,-3.753524367105));
#1520 = ( GEOMETRIC_REPRESENTATION_CONTEXT(2) 
PARAMETRIC_REPRESENTATION_CONTEXT() REPRESENTATION_CONTEXT('2D SPACE',''
  ) );
#1521 = ORIENTED_EDGE('',*,*,#1522,.F.);
#1522 = EDGE_CURVE('',#1523,#1502,#1525,.T.);
#1523 = VERTEX_POINT('',#1524);
#1524 = CARTESIAN_POINT('',(6.,69.042577692394,-47.05028532468));
#1525 = SURFACE_CURVE('',#1526,(#1531,#1538),.PCURVE_S1.);
#1526 = ELLIPSE('',#1527,14.50250450317,3.753524367105);
#1527 = AXIS2_PLACEMENT_3D('',#1528,#1529,#1530);
#1528 = CARTESIAN_POINT('',(-1.27643422853,72.25,-49.));
#1529 = DIRECTION('',(-0.258819045103,0.,0.965925826289));
#1530 = DIRECTION('',(0.965925826289,0.,0.258819045103));
#1531 = PCURVE('',#1241,#1532);
#1532 = DEFINITIONAL_REPRESENTATION('',(#1533),#1537);
#1533 = ELLIPSE('',#1534,14.50250450317,3.753524367105);
#1534 = AXIS2_PLACEMENT_2D('',#1535,#1536);
#1535 = CARTESIAN_POINT('',(-1.321461952657,-8.));
#1536 = DIRECTION('',(1.,0.));
#1537 = ( GEOMETRIC_REPRESENTATION_CONTEXT(2) 
PARAMETRIC_REPRESENTATION_CONTEXT() REPRESENTATION_CONTEXT('2D SPACE',''
  ) );
#1538 = PCURVE('',#1397,#1539);
#1539 = DEFINITIONAL_REPRESENTATION('',(#1540),#1547);
#1540 = B_SPLINE_CURVE_WITH_KNOTS('',5,(#1541,#1542,#1543,#1544,#1545,
    #1546),.UNSPECIFIED.,.F.,.F.,(6,6),(5.25828335202,5.301210983903),
  .PIECEWISE_BEZIER_KNOTS.);
#1541 = CARTESIAN_POINT('',(1.02490195516,-2.040000001191E-05));
#1542 = CARTESIAN_POINT('',(1.016316428783,0.102769102572));
#1543 = CARTESIAN_POINT('',(1.007730902407,0.20488848781));
#1544 = CARTESIAN_POINT('',(0.99914537603,0.30632197082));
#1545 = CARTESIAN_POINT('',(0.990559849653,0.407053972564));
#1546 = CARTESIAN_POINT('',(0.981974323277,0.507069134211));
#1547 = ( GEOMETRIC_REPRESENTATION_CONTEXT(2) 
PARAMETRIC_REPRESENTATION_CONTEXT() REPRESENTATION_CONTEXT('2D SPACE',''
  ) );
#1548 = ORIENTED_EDGE('',*,*,#1549,.F.);
#1549 = EDGE_CURVE('',#1550,#1523,#1552,.T.);
#1550 = VERTEX_POINT('',#1551);
#1551 = CARTESIAN_POINT('',(6.,68.194311071486,-47.05028532468));
#1552 = SURFACE_CURVE('',#1553,(#1557,#1563),.PCURVE_S1.);
#1553 = LINE('',#1554,#1555);
#1554 = CARTESIAN_POINT('',(6.,76.25,-47.05028532468));
#1555 = VECTOR('',#1556,1.);
#1556 = DIRECTION('',(0.,1.,-0.));
#1557 = PCURVE('',#1241,#1558);
#1558 = DEFINITIONAL_REPRESENTATION('',(#1559),#1562);
#1559 = B_SPLINE_CURVE_WITH_KNOTS('',1,(#1560,#1561),.UNSPECIFIED.,.F.,
  .F.,(2,2),(-8.5,0.5),.PIECEWISE_BEZIER_KNOTS.);
#1560 = CARTESIAN_POINT('',(6.211657082461,-12.5));
#1561 = CARTESIAN_POINT('',(6.211657082461,-3.5));
#1562 = ( GEOMETRIC_REPRESENTATION_CONTEXT(2) 
PARAMETRIC_REPRESENTATION_CONTEXT() REPRESENTATION_CONTEXT('2D SPACE',''
  ) );
#1563 = PCURVE('',#1369,#1564);
#1564 = DEFINITIONAL_REPRESENTATION('',(#1565),#1568);
#1565 = B_SPLINE_CURVE_WITH_KNOTS('',1,(#1566,#1567),.UNSPECIFIED.,.F.,
  .F.,(2,2),(-8.5,0.5),.PIECEWISE_BEZIER_KNOTS.);
#1566 = CARTESIAN_POINT('',(1.949714675313,4.5));
#1567 = CARTESIAN_POINT('',(1.949714675313,-4.5));
#1568 = ( GEOMETRIC_REPRESENTATION_CONTEXT(2) 
PARAMETRIC_REPRESENTATION_CONTEXT() REPRESENTATION_CONTEXT('2D SPACE',''
  ) );
#1569 = ORIENTED_EDGE('',*,*,#1570,.F.);
#1570 = EDGE_CURVE('',#1571,#1550,#1573,.T.);
#1571 = VERTEX_POINT('',#1572);
#1572 = CARTESIAN_POINT('',(0.2,67.767423370995,-48.60439064078));
#1573 = SURFACE_CURVE('',#1574,(#1579,#1586),.PCURVE_S1.);
#1574 = ELLIPSE('',#1575,17.386664873203,4.5);
#1575 = AXIS2_PLACEMENT_3D('',#1576,#1577,#1578);
#1576 = CARTESIAN_POINT('',(-1.27643422853,72.25,-49.));
#1577 = DIRECTION('',(-0.258819045103,0.,0.965925826289));
#1578 = DIRECTION('',(0.965925826289,0.,0.258819045103));
#1579 = PCURVE('',#1241,#1580);
#1580 = DEFINITIONAL_REPRESENTATION('',(#1581),#1585);
#1581 = ELLIPSE('',#1582,17.386664873203,4.5);
#1582 = AXIS2_PLACEMENT_2D('',#1583,#1584);
#1583 = CARTESIAN_POINT('',(-1.321461952657,-8.));
#1584 = DIRECTION('',(1.,0.));
#1585 = ( GEOMETRIC_REPRESENTATION_CONTEXT(2) 
PARAMETRIC_REPRESENTATION_CONTEXT() REPRESENTATION_CONTEXT('2D SPACE',''
  ) );
#1586 = PCURVE('',#1338,#1587);
#1587 = DEFINITIONAL_REPRESENTATION('',(#1588),#1596);
#1588 = B_SPLINE_CURVE_WITH_KNOTS('',6,(#1589,#1590,#1591,#1592,#1593,
    #1594,#1595),.UNSPECIFIED.,.F.,.F.,(7,7),(4.643473596795,
    5.160506803096),.PIECEWISE_BEZIER_KNOTS.);
#1589 = CARTESIAN_POINT('',(1.639711710385,3.567100976036));
#1590 = CARTESIAN_POINT('',(1.553539509335,5.010861377371));
#1591 = CARTESIAN_POINT('',(1.467367308284,6.464926592005));
#1592 = CARTESIAN_POINT('',(1.381195107234,7.910000451614));
#1593 = CARTESIAN_POINT('',(1.295022906184,9.326550869906));
#1594 = CARTESIAN_POINT('',(1.208850705134,10.695694989246));
#1595 = CARTESIAN_POINT('',(1.122678504084,12.0000006));
#1596 = ( GEOMETRIC_REPRESENTATION_CONTEXT(2) 
PARAMETRIC_REPRESENTATION_CONTEXT() REPRESENTATION_CONTEXT('2D SPACE',''
  ) );
#1597 = ORIENTED_EDGE('',*,*,#1598,.F.);
#1598 = EDGE_CURVE('',#1599,#1571,#1601,.T.);
#1599 = VERTEX_POINT('',#1600);
#1600 = CARTESIAN_POINT('',(0.2,67.25,-48.60439064078));
#1601 = SURFACE_CURVE('',#1602,(#1606,#1612),.PCURVE_S1.);
#1602 = LINE('',#1603,#1604);
#1603 = CARTESIAN_POINT('',(0.2,80.25,-48.60439064078));
#1604 = VECTOR('',#1605,1.);
#1605 = DIRECTION('',(0.,1.,0.));
#1606 = PCURVE('',#1241,#1607);
#1607 = DEFINITIONAL_REPRESENTATION('',(#1608),#1611);
#1608 = B_SPLINE_CURVE_WITH_KNOTS('',1,(#1609,#1610),.UNSPECIFIED.,.F.,
  .F.,(2,2),(-36.,0.),.PIECEWISE_BEZIER_KNOTS.);
#1609 = CARTESIAN_POINT('',(0.207055236082,-36.));
#1610 = CARTESIAN_POINT('',(0.207055236082,0.));
#1611 = ( GEOMETRIC_REPRESENTATION_CONTEXT(2) 
PARAMETRIC_REPRESENTATION_CONTEXT() REPRESENTATION_CONTEXT('2D SPACE',''
  ) );
#1612 = PCURVE('',#686,#1613);
#1613 = DEFINITIONAL_REPRESENTATION('',(#1614),#1617);
#1614 = B_SPLINE_CURVE_WITH_KNOTS('',1,(#1615,#1616),.UNSPECIFIED.,.F.,
  .F.,(2,2),(-36.,0.),.PIECEWISE_BEZIER_KNOTS.);
#1615 = CARTESIAN_POINT('',(248.60439064078,-36.));
#1616 = CARTESIAN_POINT('',(248.60439064078,0.));
#1617 = ( GEOMETRIC_REPRESENTATION_CONTEXT(2) 
PARAMETRIC_REPRESENTATION_CONTEXT() REPRESENTATION_CONTEXT('2D SPACE',''
  ) );
#1618 = ORIENTED_EDGE('',*,*,#1619,.T.);
#1619 = EDGE_CURVE('',#1599,#1620,#1622,.T.);
#1620 = VERTEX_POINT('',#1621);
#1621 = CARTESIAN_POINT('',(4.,67.25,-47.58618370954));
#1622 = SURFACE_CURVE('',#1623,(#1627,#1633),.PCURVE_S1.);
#1623 = LINE('',#1624,#1625);
#1624 = CARTESIAN_POINT('',(0.707247559909,67.25,-48.46847406674));
#1625 = VECTOR('',#1626,1.);
#1626 = DIRECTION('',(0.965925826289,-0.,0.258819045103));
#1627 = PCURVE('',#1241,#1628);
#1628 = DEFINITIONAL_REPRESENTATION('',(#1629),#1632);
#1629 = B_SPLINE_CURVE_WITH_KNOTS('',1,(#1630,#1631),.UNSPECIFIED.,.F.,
  .F.,(2,2),(-0.732196552427,3.408908169213),.PIECEWISE_BEZIER_KNOTS.);
#1630 = CARTESIAN_POINT('',(-9.103828801926E-15,-13.));
#1631 = CARTESIAN_POINT('',(4.14110472164,-13.));
#1632 = ( GEOMETRIC_REPRESENTATION_CONTEXT(2) 
PARAMETRIC_REPRESENTATION_CONTEXT() REPRESENTATION_CONTEXT('2D SPACE',''
  ) );
#1633 = PCURVE('',#1052,#1634);
#1634 = DEFINITIONAL_REPRESENTATION('',(#1635),#1638);
#1635 = B_SPLINE_CURVE_WITH_KNOTS('',1,(#1636,#1637),.UNSPECIFIED.,.F.,
  .F.,(2,2),(-0.732196552427,3.408908169213),.PIECEWISE_BEZIER_KNOTS.);
#1636 = CARTESIAN_POINT('',(5.657980479274,-7.794707999918E-15));
#1637 = CARTESIAN_POINT('',(4.586183709549,4.));
#1638 = ( GEOMETRIC_REPRESENTATION_CONTEXT(2) 
PARAMETRIC_REPRESENTATION_CONTEXT() REPRESENTATION_CONTEXT('2D SPACE',''
  ) );
#1639 = ORIENTED_EDGE('',*,*,#1640,.T.);
#1640 = EDGE_CURVE('',#1620,#1641,#1643,.T.);
#1641 = VERTEX_POINT('',#1642);
#1642 = CARTESIAN_POINT('',(4.,49.25,-47.58618370954));
#1643 = SURFACE_CURVE('',#1644,(#1648,#1654),.PCURVE_S1.);
#1644 = LINE('',#1645,#1646);
#1645 = CARTESIAN_POINT('',(4.,73.75,-47.58618370954));
#1646 = VECTOR('',#1647,1.);
#1647 = DIRECTION('',(0.,-1.,0.));
#1648 = PCURVE('',#1241,#1649);
#1649 = DEFINITIONAL_REPRESENTATION('',(#1650),#1653);
#1650 = B_SPLINE_CURVE_WITH_KNOTS('',1,(#1651,#1652),.UNSPECIFIED.,.F.,
  .F.,(2,2),(6.5,24.5),.PIECEWISE_BEZIER_KNOTS.);
#1651 = CARTESIAN_POINT('',(4.14110472164,-13.));
#1652 = CARTESIAN_POINT('',(4.14110472164,-31.));
#1653 = ( GEOMETRIC_REPRESENTATION_CONTEXT(2) 
PARAMETRIC_REPRESENTATION_CONTEXT() REPRESENTATION_CONTEXT('2D SPACE',''
  ) );
#1654 = PCURVE('',#1083,#1655);
#1655 = DEFINITIONAL_REPRESENTATION('',(#1656),#1659);
#1656 = B_SPLINE_CURVE_WITH_KNOTS('',1,(#1657,#1658),.UNSPECIFIED.,.F.,
  .F.,(2,2),(6.5,24.5),.PIECEWISE_BEZIER_KNOTS.);
#1657 = CARTESIAN_POINT('',(1.413816290451,0.));
#1658 = CARTESIAN_POINT('',(1.413816290451,-18.));
#1659 = ( GEOMETRIC_REPRESENTATION_CONTEXT(2) 
PARAMETRIC_REPRESENTATION_CONTEXT() REPRESENTATION_CONTEXT('2D SPACE',''
  ) );
#1660 = ORIENTED_EDGE('',*,*,#1661,.F.);
#1661 = EDGE_CURVE('',#1227,#1641,#1662,.T.);
#1662 = SURFACE_CURVE('',#1663,(#1667,#1673),.PCURVE_S1.);
#1663 = LINE('',#1664,#1665);
#1664 = CARTESIAN_POINT('',(0.707247559909,49.25,-48.46847406674));
#1665 = VECTOR('',#1666,1.);
#1666 = DIRECTION('',(0.965925826289,-0.,0.258819045103));
#1667 = PCURVE('',#1241,#1668);
#1668 = DEFINITIONAL_REPRESENTATION('',(#1669),#1672);
#1669 = B_SPLINE_CURVE_WITH_KNOTS('',1,(#1670,#1671),.UNSPECIFIED.,.F.,
  .F.,(2,2),(-0.732196552427,3.408908169213),.PIECEWISE_BEZIER_KNOTS.);
#1670 = CARTESIAN_POINT('',(-9.103828801926E-15,-31.));
#1671 = CARTESIAN_POINT('',(4.14110472164,-31.));
#1672 = ( GEOMETRIC_REPRESENTATION_CONTEXT(2) 
PARAMETRIC_REPRESENTATION_CONTEXT() REPRESENTATION_CONTEXT('2D SPACE',''
  ) );
#1673 = PCURVE('',#1111,#1674);
#1674 = DEFINITIONAL_REPRESENTATION('',(#1675),#1678);
#1675 = B_SPLINE_CURVE_WITH_KNOTS('',1,(#1676,#1677),.UNSPECIFIED.,.F.,
  .F.,(2,2),(-0.732196552427,3.408908169213),.PIECEWISE_BEZIER_KNOTS.);
#1676 = CARTESIAN_POINT('',(5.657980479274,-7.794707999918E-15));
#1677 = CARTESIAN_POINT('',(4.586183709549,4.));
#1678 = ( GEOMETRIC_REPRESENTATION_CONTEXT(2) 
PARAMETRIC_REPRESENTATION_CONTEXT() REPRESENTATION_CONTEXT('2D SPACE',''
  ) );
#1679 = ORIENTED_EDGE('',*,*,#1226,.F.);
#1680 = ORIENTED_EDGE('',*,*,#1681,.T.);
#1681 = EDGE_CURVE('',#1206,#1682,#1684,.T.);
#1682 = VERTEX_POINT('',#1683);
#1683 = CARTESIAN_POINT('',(24.328990239637,44.25,-42.13904719189));
#1684 = SURFACE_CURVE('',#1685,(#1689,#1696),.PCURVE_S1.);
#1685 = LINE('',#1686,#1687);
#1686 = CARTESIAN_POINT('',(-8.938326007038E-15,44.25,-48.65798047927));
#1687 = VECTOR('',#1688,1.);
#1688 = DIRECTION('',(0.965925826289,0.,0.258819045103));
#1689 = PCURVE('',#1241,#1690);
#1690 = DEFINITIONAL_REPRESENTATION('',(#1691),#1695);
#1691 = LINE('',#1692,#1693);
#1692 = CARTESIAN_POINT('',(0.,-36.));
#1693 = VECTOR('',#1694,1.);
#1694 = DIRECTION('',(1.,0.));
#1695 = ( GEOMETRIC_REPRESENTATION_CONTEXT(2) 
PARAMETRIC_REPRESENTATION_CONTEXT() REPRESENTATION_CONTEXT('2D SPACE',''
  ) );
#1696 = PCURVE('',#100,#1697);
#1697 = DEFINITIONAL_REPRESENTATION('',(#1698),#1702);
#1698 = LINE('',#1699,#1700);
#1699 = CARTESIAN_POINT('',(48.657980479274,-9.690604472514E-15));
#1700 = VECTOR('',#1701,1.);
#1701 = DIRECTION('',(-0.258819045103,0.965925826289));
#1702 = ( GEOMETRIC_REPRESENTATION_CONTEXT(2) 
PARAMETRIC_REPRESENTATION_CONTEXT() REPRESENTATION_CONTEXT('2D SPACE',''
  ) );
#1703 = ORIENTED_EDGE('',*,*,#1704,.F.);
#1704 = EDGE_CURVE('',#1278,#1682,#1705,.T.);
#1705 = SURFACE_CURVE('',#1706,(#1710,#1717),.PCURVE_S1.);
#1706 = LINE('',#1707,#1708);
#1707 = CARTESIAN_POINT('',(24.328990239637,80.25,-42.13904719189));
#1708 = VECTOR('',#1709,1.);
#1709 = DIRECTION('',(-0.,-1.,-0.));
#1710 = PCURVE('',#1241,#1711);
#1711 = DEFINITIONAL_REPRESENTATION('',(#1712),#1716);
#1712 = LINE('',#1713,#1714);
#1713 = CARTESIAN_POINT('',(25.187224088526,0.));
#1714 = VECTOR('',#1715,1.);
#1715 = DIRECTION('',(0.,-1.));
#1716 = ( GEOMETRIC_REPRESENTATION_CONTEXT(2) 
PARAMETRIC_REPRESENTATION_CONTEXT() REPRESENTATION_CONTEXT('2D SPACE',''
  ) );
#1717 = PCURVE('',#281,#1718);
#1718 = DEFINITIONAL_REPRESENTATION('',(#1719),#1723);
#1719 = LINE('',#1720,#1721);
#1720 = CARTESIAN_POINT('',(0.,0.));
#1721 = VECTOR('',#1722,1.);
#1722 = DIRECTION('',(0.,-1.));
#1723 = ( GEOMETRIC_REPRESENTATION_CONTEXT(2) 
PARAMETRIC_REPRESENTATION_CONTEXT() REPRESENTATION_CONTEXT('2D SPACE',''
  ) );
#1724 = ADVANCED_FACE('',(#1725),#1455,.F.);
#1725 = FACE_BOUND('',#1726,.F.);
#1726 = EDGE_LOOP('',(#1727,#1728,#1729));
#1727 = ORIENTED_EDGE('',*,*,#1472,.T.);
#1728 = ORIENTED_EDGE('',*,*,#1438,.T.);
#1729 = ORIENTED_EDGE('',*,*,#1730,.T.);
#1730 = EDGE_CURVE('',#1413,#1473,#1731,.T.);
#1731 = SURFACE_CURVE('',#1732,(#1737,#1744),.PCURVE_S1.);
#1732 = CIRCLE('',#1733,3.1);
#1733 = AXIS2_PLACEMENT_3D('',#1734,#1735,#1736);
#1734 = CARTESIAN_POINT('',(6.503524367105,72.25,-49.));
#1735 = DIRECTION('',(1.,0.,0.));
#1736 = DIRECTION('',(-0.,0.740131232457,0.672462458983));
#1737 = PCURVE('',#1455,#1738);
#1738 = DEFINITIONAL_REPRESENTATION('',(#1739),#1743);
#1739 = LINE('',#1740,#1741);
#1740 = CARTESIAN_POINT('',(5.449919817697,3.524367105408E-03));
#1741 = VECTOR('',#1742,1.);
#1742 = DIRECTION('',(1.,0.));
#1743 = ( GEOMETRIC_REPRESENTATION_CONTEXT(2) 
PARAMETRIC_REPRESENTATION_CONTEXT() REPRESENTATION_CONTEXT('2D SPACE',''
  ) );
#1744 = PCURVE('',#1427,#1745);
#1745 = DEFINITIONAL_REPRESENTATION('',(#1746),#1750);
#1746 = CIRCLE('',#1747,3.1);
#1747 = AXIS2_PLACEMENT_2D('',#1748,#1749);
#1748 = CARTESIAN_POINT('',(-1.42108547152E-14,-1.42108547152E-14));
#1749 = DIRECTION('',(0.672462458983,-0.740131232457));
#1750 = ( GEOMETRIC_REPRESENTATION_CONTEXT(2) 
PARAMETRIC_REPRESENTATION_CONTEXT() REPRESENTATION_CONTEXT('2D SPACE',''
  ) );
#1751 = ADVANCED_FACE('',(#1752),#1427,.F.);
#1752 = FACE_BOUND('',#1753,.F.);
#1753 = EDGE_LOOP('',(#1754,#1778,#1800,#1801,#1802));
#1754 = ORIENTED_EDGE('',*,*,#1755,.T.);
#1755 = EDGE_CURVE('',#1381,#1756,#1758,.T.);
#1756 = VERTEX_POINT('',#1757);
#1757 = CARTESIAN_POINT('',(6.503524367105,72.25,-45.24647563289));
#1758 = SURFACE_CURVE('',#1759,(#1764,#1771),.PCURVE_S1.);
#1759 = CIRCLE('',#1760,3.753524367105);
#1760 = AXIS2_PLACEMENT_3D('',#1761,#1762,#1763);
#1761 = CARTESIAN_POINT('',(6.503524367105,72.25,-49.));
#1762 = DIRECTION('',(1.,0.,0.));
#1763 = DIRECTION('',(-0.,0.,1.));
#1764 = PCURVE('',#1427,#1765);
#1765 = DEFINITIONAL_REPRESENTATION('',(#1766),#1770);
#1766 = CIRCLE('',#1767,3.753524367105);
#1767 = AXIS2_PLACEMENT_2D('',#1768,#1769);
#1768 = CARTESIAN_POINT('',(0.,0.));
#1769 = DIRECTION('',(1.,0.));
#1770 = ( GEOMETRIC_REPRESENTATION_CONTEXT(2) 
PARAMETRIC_REPRESENTATION_CONTEXT() REPRESENTATION_CONTEXT('2D SPACE',''
  ) );
#1771 = PCURVE('',#1397,#1772);
#1772 = DEFINITIONAL_REPRESENTATION('',(#1773),#1777);
#1773 = LINE('',#1774,#1775);
#1774 = CARTESIAN_POINT('',(0.,0.507048734211));
#1775 = VECTOR('',#1776,1.);
#1776 = DIRECTION('',(1.,0.));
#1777 = ( GEOMETRIC_REPRESENTATION_CONTEXT(2) 
PARAMETRIC_REPRESENTATION_CONTEXT() REPRESENTATION_CONTEXT('2D SPACE',''
  ) );
#1778 = ORIENTED_EDGE('',*,*,#1779,.T.);
#1779 = EDGE_CURVE('',#1756,#1502,#1780,.T.);
#1780 = SURFACE_CURVE('',#1781,(#1786,#1793),.PCURVE_S1.);
#1781 = CIRCLE('',#1782,3.753524367105);
#1782 = AXIS2_PLACEMENT_3D('',#1783,#1784,#1785);
#1783 = CARTESIAN_POINT('',(6.503524367105,72.25,-49.));
#1784 = DIRECTION('',(1.,0.,0.));
#1785 = DIRECTION('',(-0.,0.,1.));
#1786 = PCURVE('',#1427,#1787);
#1787 = DEFINITIONAL_REPRESENTATION('',(#1788),#1792);
#1788 = CIRCLE('',#1789,3.753524367105);
#1789 = AXIS2_PLACEMENT_2D('',#1790,#1791);
#1790 = CARTESIAN_POINT('',(0.,0.));
#1791 = DIRECTION('',(1.,0.));
#1792 = ( GEOMETRIC_REPRESENTATION_CONTEXT(2) 
PARAMETRIC_REPRESENTATION_CONTEXT() REPRESENTATION_CONTEXT('2D SPACE',''
  ) );
#1793 = PCURVE('',#1397,#1794);
#1794 = DEFINITIONAL_REPRESENTATION('',(#1795),#1799);
#1795 = LINE('',#1796,#1797);
#1796 = CARTESIAN_POINT('',(0.,0.507048734211));
#1797 = VECTOR('',#1798,1.);
#1798 = DIRECTION('',(1.,0.));
#1799 = ( GEOMETRIC_REPRESENTATION_CONTEXT(2) 
PARAMETRIC_REPRESENTATION_CONTEXT() REPRESENTATION_CONTEXT('2D SPACE',''
  ) );
#1800 = ORIENTED_EDGE('',*,*,#1501,.T.);
#1801 = ORIENTED_EDGE('',*,*,#1730,.F.);
#1802 = ORIENTED_EDGE('',*,*,#1412,.T.);
#1803 = ADVANCED_FACE('',(#1804),#1397,.F.);
#1804 = FACE_BOUND('',#1805,.F.);
#1805 = EDGE_LOOP('',(#1806,#1829,#1830,#1831,#1853,#1854,#1855,#1856));
#1806 = ORIENTED_EDGE('',*,*,#1807,.T.);
#1807 = EDGE_CURVE('',#1808,#1756,#1810,.T.);
#1808 = VERTEX_POINT('',#1809);
#1809 = CARTESIAN_POINT('',(5.996475632895,72.25,-45.24647563289));
#1810 = SEAM_CURVE('',#1811,(#1815,#1822),.PCURVE_S1.);
#1811 = LINE('',#1812,#1813);
#1812 = CARTESIAN_POINT('',(5.996475632895,72.25,-45.24647563289));
#1813 = VECTOR('',#1814,1.);
#1814 = DIRECTION('',(1.,0.,0.));
#1815 = PCURVE('',#1397,#1816);
#1816 = DEFINITIONAL_REPRESENTATION('',(#1817),#1821);
#1817 = LINE('',#1818,#1819);
#1818 = CARTESIAN_POINT('',(6.28318530718,-0.));
#1819 = VECTOR('',#1820,1.);
#1820 = DIRECTION('',(0.,1.));
#1821 = ( GEOMETRIC_REPRESENTATION_CONTEXT(2) 
PARAMETRIC_REPRESENTATION_CONTEXT() REPRESENTATION_CONTEXT('2D SPACE',''
  ) );
#1822 = PCURVE('',#1397,#1823);
#1823 = DEFINITIONAL_REPRESENTATION('',(#1824),#1828);
#1824 = LINE('',#1825,#1826);
#1825 = CARTESIAN_POINT('',(0.,-0.));
#1826 = VECTOR('',#1827,1.);
#1827 = DIRECTION('',(0.,1.));
#1828 = ( GEOMETRIC_REPRESENTATION_CONTEXT(2) 
PARAMETRIC_REPRESENTATION_CONTEXT() REPRESENTATION_CONTEXT('2D SPACE',''
  ) );
#1829 = ORIENTED_EDGE('',*,*,#1755,.F.);
#1830 = ORIENTED_EDGE('',*,*,#1380,.T.);
#1831 = ORIENTED_EDGE('',*,*,#1832,.F.);
#1832 = EDGE_CURVE('',#1523,#1355,#1833,.T.);
#1833 = SURFACE_CURVE('',#1834,(#1839,#1846),.PCURVE_S1.);
#1834 = CIRCLE('',#1835,3.753524367105);
#1835 = AXIS2_PLACEMENT_3D('',#1836,#1837,#1838);
#1836 = CARTESIAN_POINT('',(6.,72.25,-49.));
#1837 = DIRECTION('',(1.,0.,0.));
#1838 = DIRECTION('',(-0.,0.,1.));
#1839 = PCURVE('',#1397,#1840);
#1840 = DEFINITIONAL_REPRESENTATION('',(#1841),#1845);
#1841 = LINE('',#1842,#1843);
#1842 = CARTESIAN_POINT('',(0.,3.524367105408E-03));
#1843 = VECTOR('',#1844,1.);
#1844 = DIRECTION('',(1.,0.));
#1845 = ( GEOMETRIC_REPRESENTATION_CONTEXT(2) 
PARAMETRIC_REPRESENTATION_CONTEXT() REPRESENTATION_CONTEXT('2D SPACE',''
  ) );
#1846 = PCURVE('',#1369,#1847);
#1847 = DEFINITIONAL_REPRESENTATION('',(#1848),#1852);
#1848 = CIRCLE('',#1849,3.753524367105);
#1849 = AXIS2_PLACEMENT_2D('',#1850,#1851);
#1850 = CARTESIAN_POINT('',(1.42108547152E-14,1.42108547152E-14));
#1851 = DIRECTION('',(1.,0.));
#1852 = ( GEOMETRIC_REPRESENTATION_CONTEXT(2) 
PARAMETRIC_REPRESENTATION_CONTEXT() REPRESENTATION_CONTEXT('2D SPACE',''
  ) );
#1853 = ORIENTED_EDGE('',*,*,#1522,.T.);
#1854 = ORIENTED_EDGE('',*,*,#1779,.F.);
#1855 = ORIENTED_EDGE('',*,*,#1807,.F.);
#1856 = ORIENTED_EDGE('',*,*,#1857,.T.);
#1857 = EDGE_CURVE('',#1808,#1808,#1858,.T.);
#1858 = SURFACE_CURVE('',#1859,(#1864,#1871),.PCURVE_S1.);
#1859 = CIRCLE('',#1860,3.753524367105);
#1860 = AXIS2_PLACEMENT_3D('',#1861,#1862,#1863);
#1861 = CARTESIAN_POINT('',(5.996475632895,72.25,-49.));
#1862 = DIRECTION('',(1.,0.,0.));
#1863 = DIRECTION('',(-0.,0.,1.));
#1864 = PCURVE('',#1397,#1865);
#1865 = DEFINITIONAL_REPRESENTATION('',(#1866),#1870);
#1866 = LINE('',#1867,#1868);
#1867 = CARTESIAN_POINT('',(0.,0.));
#1868 = VECTOR('',#1869,1.);
#1869 = DIRECTION('',(1.,0.));
#1870 = ( GEOMETRIC_REPRESENTATION_CONTEXT(2) 
PARAMETRIC_REPRESENTATION_CONTEXT() REPRESENTATION_CONTEXT('2D SPACE',''
  ) );
#1871 = PCURVE('',#1872,#1877);
#1872 = PLANE('',#1873);
#1873 = AXIS2_PLACEMENT_3D('',#1874,#1875,#1876);
#1874 = CARTESIAN_POINT('',(5.996475632895,72.25,-49.));
#1875 = DIRECTION('',(1.,0.,0.));
#1876 = DIRECTION('',(-0.,0.,1.));
#1877 = DEFINITIONAL_REPRESENTATION('',(#1878),#1882);
#1878 = CIRCLE('',#1879,3.753524367105);
#1879 = AXIS2_PLACEMENT_2D('',#1880,#1881);
#1880 = CARTESIAN_POINT('',(0.,0.));
#1881 = DIRECTION('',(1.,0.));
#1882 = ( GEOMETRIC_REPRESENTATION_CONTEXT(2) 
PARAMETRIC_REPRESENTATION_CONTEXT() REPRESENTATION_CONTEXT('2D SPACE',''
  ) );
#1883 = ADVANCED_FACE('',(#1884,#1887),#1872,.T.);
#1884 = FACE_BOUND('',#1885,.T.);
#1885 = EDGE_LOOP('',(#1886));
#1886 = ORIENTED_EDGE('',*,*,#1857,.T.);
#1887 = FACE_BOUND('',#1888,.T.);
#1888 = EDGE_LOOP('',(#1889));
#1889 = ORIENTED_EDGE('',*,*,#1890,.F.);
#1890 = EDGE_CURVE('',#1891,#1891,#1893,.T.);
#1891 = VERTEX_POINT('',#1892);
#1892 = CARTESIAN_POINT('',(5.996475632895,72.25,-47.25));
#1893 = SURFACE_CURVE('',#1894,(#1899,#1906),.PCURVE_S1.);
#1894 = CIRCLE('',#1895,1.75);
#1895 = AXIS2_PLACEMENT_3D('',#1896,#1897,#1898);
#1896 = CARTESIAN_POINT('',(5.996475632895,72.25,-49.));
#1897 = DIRECTION('',(1.,0.,0.));
#1898 = DIRECTION('',(-0.,0.,1.));
#1899 = PCURVE('',#1872,#1900);
#1900 = DEFINITIONAL_REPRESENTATION('',(#1901),#1905);
#1901 = CIRCLE('',#1902,1.75);
#1902 = AXIS2_PLACEMENT_2D('',#1903,#1904);
#1903 = CARTESIAN_POINT('',(-1.42108547152E-14,-1.42108547152E-14));
#1904 = DIRECTION('',(1.,0.));
#1905 = ( GEOMETRIC_REPRESENTATION_CONTEXT(2) 
PARAMETRIC_REPRESENTATION_CONTEXT() REPRESENTATION_CONTEXT('2D SPACE',''
  ) );
#1906 = PCURVE('',#1907,#1912);
#1907 = CYLINDRICAL_SURFACE('',#1908,1.75);
#1908 = AXIS2_PLACEMENT_3D('',#1909,#1910,#1911);
#1909 = CARTESIAN_POINT('',(-7.,72.25,-49.));
#1910 = DIRECTION('',(1.,0.,0.));
#1911 = DIRECTION('',(-0.,0.,1.));
#1912 = DEFINITIONAL_REPRESENTATION('',(#1913),#1917);
#1913 = LINE('',#1914,#1915);
#1914 = CARTESIAN_POINT('',(0.,12.996475632895));
#1915 = VECTOR('',#1916,1.);
#1916 = DIRECTION('',(1.,0.));
#1917 = ( GEOMETRIC_REPRESENTATION_CONTEXT(2) 
PARAMETRIC_REPRESENTATION_CONTEXT() REPRESENTATION_CONTEXT('2D SPACE',''
  ) );
#1918 = ADVANCED_FACE('',(#1919),#1907,.F.);
#1919 = FACE_BOUND('',#1920,.F.);
#1920 = EDGE_LOOP('',(#1921,#1945,#1966,#1967));
#1921 = ORIENTED_EDGE('',*,*,#1922,.T.);
#1922 = EDGE_CURVE('',#1923,#1923,#1925,.T.);
#1923 = VERTEX_POINT('',#1924);
#1924 = CARTESIAN_POINT('',(0.2,72.25,-47.25));
#1925 = SURFACE_CURVE('',#1926,(#1931,#1938),.PCURVE_S1.);
#1926 = CIRCLE('',#1927,1.75);
#1927 = AXIS2_PLACEMENT_3D('',#1928,#1929,#1930);
#1928 = CARTESIAN_POINT('',(0.2,72.25,-49.));
#1929 = DIRECTION('',(1.,0.,0.));
#1930 = DIRECTION('',(-0.,0.,1.));
#1931 = PCURVE('',#1907,#1932);
#1932 = DEFINITIONAL_REPRESENTATION('',(#1933),#1937);
#1933 = LINE('',#1934,#1935);
#1934 = CARTESIAN_POINT('',(0.,7.2));
#1935 = VECTOR('',#1936,1.);
#1936 = DIRECTION('',(1.,0.));
#1937 = ( GEOMETRIC_REPRESENTATION_CONTEXT(2) 
PARAMETRIC_REPRESENTATION_CONTEXT() REPRESENTATION_CONTEXT('2D SPACE',''
  ) );
#1938 = PCURVE('',#686,#1939);
#1939 = DEFINITIONAL_REPRESENTATION('',(#1940),#1944);
#1940 = CIRCLE('',#1941,1.75);
#1941 = AXIS2_PLACEMENT_2D('',#1942,#1943);
#1942 = CARTESIAN_POINT('',(249.,-8.));
#1943 = DIRECTION('',(-1.,0.));
#1944 = ( GEOMETRIC_REPRESENTATION_CONTEXT(2) 
PARAMETRIC_REPRESENTATION_CONTEXT() REPRESENTATION_CONTEXT('2D SPACE',''
  ) );
#1945 = ORIENTED_EDGE('',*,*,#1946,.T.);
#1946 = EDGE_CURVE('',#1923,#1891,#1947,.T.);
#1947 = SEAM_CURVE('',#1948,(#1952,#1959),.PCURVE_S1.);
#1948 = LINE('',#1949,#1950);
#1949 = CARTESIAN_POINT('',(-7.,72.25,-47.25));
#1950 = VECTOR('',#1951,1.);
#1951 = DIRECTION('',(1.,0.,0.));
#1952 = PCURVE('',#1907,#1953);
#1953 = DEFINITIONAL_REPRESENTATION('',(#1954),#1958);
#1954 = LINE('',#1955,#1956);
#1955 = CARTESIAN_POINT('',(0.,-0.));
#1956 = VECTOR('',#1957,1.);
#1957 = DIRECTION('',(0.,1.));
#1958 = ( GEOMETRIC_REPRESENTATION_CONTEXT(2) 
PARAMETRIC_REPRESENTATION_CONTEXT() REPRESENTATION_CONTEXT('2D SPACE',''
  ) );
#1959 = PCURVE('',#1907,#1960);
#1960 = DEFINITIONAL_REPRESENTATION('',(#1961),#1965);
#1961 = LINE('',#1962,#1963);
#1962 = CARTESIAN_POINT('',(6.28318530718,-0.));
#1963 = VECTOR('',#1964,1.);
#1964 = DIRECTION('',(0.,1.));
#1965 = ( GEOMETRIC_REPRESENTATION_CONTEXT(2) 
PARAMETRIC_REPRESENTATION_CONTEXT() REPRESENTATION_CONTEXT('2D SPACE',''
  ) );
#1966 = ORIENTED_EDGE('',*,*,#1890,.F.);
#1967 = ORIENTED_EDGE('',*,*,#1946,.F.);
#1968 = ADVANCED_FACE('',(#1969),#1369,.T.);
#1969 = FACE_BOUND('',#1970,.T.);
#1970 = EDGE_LOOP('',(#1971,#1972,#1994,#1995));
#1971 = ORIENTED_EDGE('',*,*,#1549,.F.);
#1972 = ORIENTED_EDGE('',*,*,#1973,.T.);
#1973 = EDGE_CURVE('',#1550,#1322,#1974,.T.);
#1974 = SURFACE_CURVE('',#1975,(#1980,#1987),.PCURVE_S1.);
#1975 = CIRCLE('',#1976,4.5);
#1976 = AXIS2_PLACEMENT_3D('',#1977,#1978,#1979);
#1977 = CARTESIAN_POINT('',(6.,72.25,-49.));
#1978 = DIRECTION('',(1.,0.,0.));
#1979 = DIRECTION('',(-0.,0.,1.));
#1980 = PCURVE('',#1369,#1981);
#1981 = DEFINITIONAL_REPRESENTATION('',(#1982),#1986);
#1982 = CIRCLE('',#1983,4.5);
#1983 = AXIS2_PLACEMENT_2D('',#1984,#1985);
#1984 = CARTESIAN_POINT('',(0.,0.));
#1985 = DIRECTION('',(1.,0.));
#1986 = ( GEOMETRIC_REPRESENTATION_CONTEXT(2) 
PARAMETRIC_REPRESENTATION_CONTEXT() REPRESENTATION_CONTEXT('2D SPACE',''
  ) );
#1987 = PCURVE('',#1338,#1988);
#1988 = DEFINITIONAL_REPRESENTATION('',(#1989),#1993);
#1989 = LINE('',#1990,#1991);
#1990 = CARTESIAN_POINT('',(0.,12.));
#1991 = VECTOR('',#1992,1.);
#1992 = DIRECTION('',(1.,0.));
#1993 = ( GEOMETRIC_REPRESENTATION_CONTEXT(2) 
PARAMETRIC_REPRESENTATION_CONTEXT() REPRESENTATION_CONTEXT('2D SPACE',''
  ) );
#1994 = ORIENTED_EDGE('',*,*,#1354,.F.);
#1995 = ORIENTED_EDGE('',*,*,#1832,.F.);
#1996 = ADVANCED_FACE('',(#1997),#1338,.T.);
#1997 = FACE_BOUND('',#1998,.T.);
#1998 = EDGE_LOOP('',(#1999,#2000,#2001,#2023));
#1999 = ORIENTED_EDGE('',*,*,#1973,.F.);
#2000 = ORIENTED_EDGE('',*,*,#1570,.F.);
#2001 = ORIENTED_EDGE('',*,*,#2002,.T.);
#2002 = EDGE_CURVE('',#1571,#1301,#2003,.T.);
#2003 = SURFACE_CURVE('',#2004,(#2009,#2016),.PCURVE_S1.);
#2004 = CIRCLE('',#2005,4.5);
#2005 = AXIS2_PLACEMENT_3D('',#2006,#2007,#2008);
#2006 = CARTESIAN_POINT('',(0.2,72.25,-49.));
#2007 = DIRECTION('',(1.,0.,0.));
#2008 = DIRECTION('',(-0.,0.,1.));
#2009 = PCURVE('',#1338,#2010);
#2010 = DEFINITIONAL_REPRESENTATION('',(#2011),#2015);
#2011 = LINE('',#2012,#2013);
#2012 = CARTESIAN_POINT('',(0.,6.2));
#2013 = VECTOR('',#2014,1.);
#2014 = DIRECTION('',(1.,0.));
#2015 = ( GEOMETRIC_REPRESENTATION_CONTEXT(2) 
PARAMETRIC_REPRESENTATION_CONTEXT() REPRESENTATION_CONTEXT('2D SPACE',''
  ) );
#2016 = PCURVE('',#686,#2017);
#2017 = DEFINITIONAL_REPRESENTATION('',(#2018),#2022);
#2018 = CIRCLE('',#2019,4.5);
#2019 = AXIS2_PLACEMENT_2D('',#2020,#2021);
#2020 = CARTESIAN_POINT('',(249.,-8.));
#2021 = DIRECTION('',(-1.,0.));
#2022 = ( GEOMETRIC_REPRESENTATION_CONTEXT(2) 
PARAMETRIC_REPRESENTATION_CONTEXT() REPRESENTATION_CONTEXT('2D SPACE',''
  ) );
#2023 = ORIENTED_EDGE('',*,*,#1321,.F.);
#2024 = ADVANCED_FACE('',(#2025),#1111,.F.);
#2025 = FACE_BOUND('',#2026,.F.);
#2026 = EDGE_LOOP('',(#2027,#2048,#2049,#2050));
#2027 = ORIENTED_EDGE('',*,*,#2028,.T.);
#2028 = EDGE_CURVE('',#1641,#1069,#2029,.T.);
#2029 = SURFACE_CURVE('',#2030,(#2034,#2041),.PCURVE_S1.);
#2030 = LINE('',#2031,#2032);
#2031 = CARTESIAN_POINT('',(4.,49.25,-49.));
#2032 = VECTOR('',#2033,1.);
#2033 = DIRECTION('',(1.836970198721E-16,0.,1.));
#2034 = PCURVE('',#1111,#2035);
#2035 = DEFINITIONAL_REPRESENTATION('',(#2036),#2040);
#2036 = LINE('',#2037,#2038);
#2037 = CARTESIAN_POINT('',(6.,4.));
#2038 = VECTOR('',#2039,1.);
#2039 = DIRECTION('',(-1.,1.836970198721E-16));
#2040 = ( GEOMETRIC_REPRESENTATION_CONTEXT(2) 
PARAMETRIC_REPRESENTATION_CONTEXT() REPRESENTATION_CONTEXT('2D SPACE',''
  ) );
#2041 = PCURVE('',#1083,#2042);
#2042 = DEFINITIONAL_REPRESENTATION('',(#2043),#2047);
#2043 = LINE('',#2044,#2045);
#2044 = CARTESIAN_POINT('',(0.,-18.));
#2045 = VECTOR('',#2046,1.);
#2046 = DIRECTION('',(1.,0.));
#2047 = ( GEOMETRIC_REPRESENTATION_CONTEXT(2) 
PARAMETRIC_REPRESENTATION_CONTEXT() REPRESENTATION_CONTEXT('2D SPACE',''
  ) );
#2048 = ORIENTED_EDGE('',*,*,#1094,.T.);
#2049 = ORIENTED_EDGE('',*,*,#1252,.F.);
#2050 = ORIENTED_EDGE('',*,*,#1661,.T.);
#2051 = ADVANCED_FACE('',(#2052),#1083,.T.);
#2052 = FACE_BOUND('',#2053,.T.);
#2053 = EDGE_LOOP('',(#2054,#2075,#2076,#2077));
#2054 = ORIENTED_EDGE('',*,*,#2055,.F.);
#2055 = EDGE_CURVE('',#1620,#1036,#2056,.T.);
#2056 = SURFACE_CURVE('',#2057,(#2061,#2068),.PCURVE_S1.);
#2057 = LINE('',#2058,#2059);
#2058 = CARTESIAN_POINT('',(4.,67.25,-49.));
#2059 = VECTOR('',#2060,1.);
#2060 = DIRECTION('',(1.836970198721E-16,0.,1.));
#2061 = PCURVE('',#1083,#2062);
#2062 = DEFINITIONAL_REPRESENTATION('',(#2063),#2067);
#2063 = LINE('',#2064,#2065);
#2064 = CARTESIAN_POINT('',(0.,0.));
#2065 = VECTOR('',#2066,1.);
#2066 = DIRECTION('',(1.,0.));
#2067 = ( GEOMETRIC_REPRESENTATION_CONTEXT(2) 
PARAMETRIC_REPRESENTATION_CONTEXT() REPRESENTATION_CONTEXT('2D SPACE',''
  ) );
#2068 = PCURVE('',#1052,#2069);
#2069 = DEFINITIONAL_REPRESENTATION('',(#2070),#2074);
#2070 = LINE('',#2071,#2072);
#2071 = CARTESIAN_POINT('',(6.,4.));
#2072 = VECTOR('',#2073,1.);
#2073 = DIRECTION('',(-1.,1.836970198721E-16));
#2074 = ( GEOMETRIC_REPRESENTATION_CONTEXT(2) 
PARAMETRIC_REPRESENTATION_CONTEXT() REPRESENTATION_CONTEXT('2D SPACE',''
  ) );
#2075 = ORIENTED_EDGE('',*,*,#1640,.T.);
#2076 = ORIENTED_EDGE('',*,*,#2028,.T.);
#2077 = ORIENTED_EDGE('',*,*,#1068,.T.);
#2078 = ADVANCED_FACE('',(#2079),#1052,.T.);
#2079 = FACE_BOUND('',#2080,.T.);
#2080 = EDGE_LOOP('',(#2081,#2082,#2083,#2102));
#2081 = ORIENTED_EDGE('',*,*,#2055,.T.);
#2082 = ORIENTED_EDGE('',*,*,#1035,.T.);
#2083 = ORIENTED_EDGE('',*,*,#2084,.F.);
#2084 = EDGE_CURVE('',#1599,#1015,#2085,.T.);
#2085 = SURFACE_CURVE('',#2086,(#2090,#2096),.PCURVE_S1.);
#2086 = LINE('',#2087,#2088);
#2087 = CARTESIAN_POINT('',(0.2,67.25,78.5));
#2088 = VECTOR('',#2089,1.);
#2089 = DIRECTION('',(-0.,0.,1.));
#2090 = PCURVE('',#1052,#2091);
#2091 = DEFINITIONAL_REPRESENTATION('',(#2092),#2095);
#2092 = B_SPLINE_CURVE_WITH_KNOTS('',1,(#2093,#2094),.UNSPECIFIED.,.F.,
  .F.,(2,2),(-127.1579804792,-122.9202656453),.PIECEWISE_BEZIER_KNOTS.);
#2093 = CARTESIAN_POINT('',(5.657980479274,0.2));
#2094 = CARTESIAN_POINT('',(1.420265645311,0.2));
#2095 = ( GEOMETRIC_REPRESENTATION_CONTEXT(2) 
PARAMETRIC_REPRESENTATION_CONTEXT() REPRESENTATION_CONTEXT('2D SPACE',''
  ) );
#2096 = PCURVE('',#686,#2097);
#2097 = DEFINITIONAL_REPRESENTATION('',(#2098),#2101);
#2098 = B_SPLINE_CURVE_WITH_KNOTS('',1,(#2099,#2100),.UNSPECIFIED.,.F.,
  .F.,(2,2),(-127.1579804792,-122.9202656453),.PIECEWISE_BEZIER_KNOTS.);
#2099 = CARTESIAN_POINT('',(248.65798047927,-13.));
#2100 = CARTESIAN_POINT('',(244.42026564531,-13.));
#2101 = ( GEOMETRIC_REPRESENTATION_CONTEXT(2) 
PARAMETRIC_REPRESENTATION_CONTEXT() REPRESENTATION_CONTEXT('2D SPACE',''
  ) );
#2102 = ORIENTED_EDGE('',*,*,#1619,.T.);
#2103 = ADVANCED_FACE('',(#2104),#892,.T.);
#2104 = FACE_BOUND('',#2105,.T.);
#2105 = EDGE_LOOP('',(#2106,#2107));
#2106 = ORIENTED_EDGE('',*,*,#697,.F.);
#2107 = ORIENTED_EDGE('',*,*,#2108,.F.);
#2108 = EDGE_CURVE('',#698,#672,#2109,.T.);
#2109 = SURFACE_CURVE('',#2110,(#2115,#2122),.PCURVE_S1.);
#2110 = CIRCLE('',#2111,4.5);
#2111 = AXIS2_PLACEMENT_3D('',#2112,#2113,#2114);
#2112 = CARTESIAN_POINT('',(0.2,72.25,-49.));
#2113 = DIRECTION('',(-1.,2.064040925956E-16,1.853492115794E-34));
#2114 = DIRECTION('',(-4.317533990226E-17,-0.209178700671,0.977877431576
    ));
#2115 = PCURVE('',#892,#2116);
#2116 = DEFINITIONAL_REPRESENTATION('',(#2117),#2121);
#2117 = LINE('',#2118,#2119);
#2118 = CARTESIAN_POINT('',(6.493920311755,6.2));
#2119 = VECTOR('',#2120,1.);
#2120 = DIRECTION('',(-1.,-0.));
#2121 = ( GEOMETRIC_REPRESENTATION_CONTEXT(2) 
PARAMETRIC_REPRESENTATION_CONTEXT() REPRESENTATION_CONTEXT('2D SPACE',''
  ) );
#2122 = PCURVE('',#686,#2123);
#2123 = DEFINITIONAL_REPRESENTATION('',(#2124),#2132);
#2124 = ( BOUNDED_CURVE() B_SPLINE_CURVE(2,(#2125,#2126,#2127,#2128,
#2129,#2130,#2131),.UNSPECIFIED.,.T.,.F.) B_SPLINE_CURVE_WITH_KNOTS((1,2
    ,2,2,2,1),(-2.094395102393,0.,2.094395102393,4.188790204786,
6.28318530718,8.377580409573),.UNSPECIFIED.) CURVE() 
GEOMETRIC_REPRESENTATION_ITEM() RATIONAL_B_SPLINE_CURVE((1.,0.5,1.,0.5,
1.,0.5,1.)) REPRESENTATION_ITEM('') );
#2125 = CARTESIAN_POINT('',(244.5995515579,-8.941304153018));
#2126 = CARTESIAN_POINT('',(242.9691649395,-1.319503875227));
#2127 = CARTESIAN_POINT('',(250.38503091184,-3.718447784596));
#2128 = CARTESIAN_POINT('',(257.80089688418,-6.117391693964));
#2129 = CARTESIAN_POINT('',(252.01541753024,-11.34024806238));
#2130 = CARTESIAN_POINT('',(246.22993817631,-16.5631044308));
#2131 = CARTESIAN_POINT('',(244.5995515579,-8.941304153018));
#2132 = ( GEOMETRIC_REPRESENTATION_CONTEXT(2) 
PARAMETRIC_REPRESENTATION_CONTEXT() REPRESENTATION_CONTEXT('2D SPACE',''
  ) );
#2133 = ADVANCED_FACE('',(#2134,#2164),#686,.F.);
#2134 = FACE_BOUND('',#2135,.F.);
#2135 = EDGE_LOOP('',(#2136,#2157,#2158,#2159,#2160,#2161,#2162,#2163));
#2136 = ORIENTED_EDGE('',*,*,#2137,.F.);
#2137 = EDGE_CURVE('',#648,#1276,#2138,.T.);
#2138 = SURFACE_CURVE('',#2139,(#2143,#2150),.PCURVE_S1.);
#2139 = LINE('',#2140,#2141);
#2140 = CARTESIAN_POINT('',(0.2,80.25,200.));
#2141 = VECTOR('',#2142,1.);
#2142 = DIRECTION('',(0.,-0.,-1.));
#2143 = PCURVE('',#686,#2144);
#2144 = DEFINITIONAL_REPRESENTATION('',(#2145),#2149);
#2145 = LINE('',#2146,#2147);
#2146 = CARTESIAN_POINT('',(0.,0.));
#2147 = VECTOR('',#2148,1.);
#2148 = DIRECTION('',(1.,0.));
#2149 = ( GEOMETRIC_REPRESENTATION_CONTEXT(2) 
PARAMETRIC_REPRESENTATION_CONTEXT() REPRESENTATION_CONTEXT('2D SPACE',''
  ) );
#2150 = PCURVE('',#44,#2151);
#2151 = DEFINITIONAL_REPRESENTATION('',(#2152),#2156);
#2152 = LINE('',#2153,#2154);
#2153 = CARTESIAN_POINT('',(-200.,0.2));
#2154 = VECTOR('',#2155,1.);
#2155 = DIRECTION('',(1.,0.));
#2156 = ( GEOMETRIC_REPRESENTATION_CONTEXT(2) 
PARAMETRIC_REPRESENTATION_CONTEXT() REPRESENTATION_CONTEXT('2D SPACE',''
  ) );
#2157 = ORIENTED_EDGE('',*,*,#671,.F.);
#2158 = ORIENTED_EDGE('',*,*,#2108,.F.);
#2159 = ORIENTED_EDGE('',*,*,#1014,.F.);
#2160 = ORIENTED_EDGE('',*,*,#2084,.F.);
#2161 = ORIENTED_EDGE('',*,*,#1598,.T.);
#2162 = ORIENTED_EDGE('',*,*,#2002,.T.);
#2163 = ORIENTED_EDGE('',*,*,#1300,.T.);
#2164 = FACE_BOUND('',#2165,.F.);
#2165 = EDGE_LOOP('',(#2166));
#2166 = ORIENTED_EDGE('',*,*,#1922,.F.);
#2167 = ADVANCED_FACE('',(#2168,#2848),#635,.F.);
#2168 = FACE_BOUND('',#2169,.T.);
#2169 = EDGE_LOOP('',(#2170,#2194,#2195,#2219,#2245,#2278,#2304,#2337,
    #2363,#2829));
#2170 = ORIENTED_EDGE('',*,*,#2171,.F.);
#2171 = EDGE_CURVE('',#620,#2172,#2174,.T.);
#2172 = VERTEX_POINT('',#2173);
#2173 = CARTESIAN_POINT('',(0.199999999999,80.25,44.599551567252));
#2174 = SURFACE_CURVE('',#2175,(#2180,#2187),.PCURVE_S1.);
#2175 = CIRCLE('',#2176,44.6);
#2176 = AXIS2_PLACEMENT_3D('',#2177,#2178,#2179);
#2177 = CARTESIAN_POINT('',(3.009113861907E-15,80.25,1.128417698215E-15)
  );
#2178 = DIRECTION('',(0.,-1.,0.));
#2179 = DIRECTION('',(1.,0.,0.));
#2180 = PCURVE('',#635,#2181);
#2181 = DEFINITIONAL_REPRESENTATION('',(#2182),#2186);
#2182 = LINE('',#2183,#2184);
#2183 = CARTESIAN_POINT('',(-0.,0.));
#2184 = VECTOR('',#2185,1.);
#2185 = DIRECTION('',(-1.,0.));
#2186 = ( GEOMETRIC_REPRESENTATION_CONTEXT(2) 
PARAMETRIC_REPRESENTATION_CONTEXT() REPRESENTATION_CONTEXT('2D SPACE',''
  ) );
#2187 = PCURVE('',#44,#2188);
#2188 = DEFINITIONAL_REPRESENTATION('',(#2189),#2193);
#2189 = CIRCLE('',#2190,44.6);
#2190 = AXIS2_PLACEMENT_2D('',#2191,#2192);
#2191 = CARTESIAN_POINT('',(-1.524640749417E-15,2.25683539643E-15));
#2192 = DIRECTION('',(0.,1.));
#2193 = ( GEOMETRIC_REPRESENTATION_CONTEXT(2) 
PARAMETRIC_REPRESENTATION_CONTEXT() REPRESENTATION_CONTEXT('2D SPACE',''
  ) );
#2194 = ORIENTED_EDGE('',*,*,#619,.T.);
#2195 = ORIENTED_EDGE('',*,*,#2196,.T.);
#2196 = EDGE_CURVE('',#596,#2197,#2199,.T.);
#2197 = VERTEX_POINT('',#2198);
#2198 = CARTESIAN_POINT('',(0.2,44.25,44.599551567252));
#2199 = SURFACE_CURVE('',#2200,(#2205,#2212),.PCURVE_S1.);
#2200 = CIRCLE('',#2201,44.6);
#2201 = AXIS2_PLACEMENT_3D('',#2202,#2203,#2204);
#2202 = CARTESIAN_POINT('',(3.009113861907E-15,44.25,1.128417698215E-15)
  );
#2203 = DIRECTION('',(0.,-1.,0.));
#2204 = DIRECTION('',(1.,0.,0.));
#2205 = PCURVE('',#635,#2206);
#2206 = DEFINITIONAL_REPRESENTATION('',(#2207),#2211);
#2207 = LINE('',#2208,#2209);
#2208 = CARTESIAN_POINT('',(-0.,-36.));
#2209 = VECTOR('',#2210,1.);
#2210 = DIRECTION('',(-1.,0.));
#2211 = ( GEOMETRIC_REPRESENTATION_CONTEXT(2) 
PARAMETRIC_REPRESENTATION_CONTEXT() REPRESENTATION_CONTEXT('2D SPACE',''
  ) );
#2212 = PCURVE('',#100,#2213);
#2213 = DEFINITIONAL_REPRESENTATION('',(#2214),#2218);
#2214 = CIRCLE('',#2215,44.6);
#2215 = AXIS2_PLACEMENT_2D('',#2216,#2217);
#2216 = CARTESIAN_POINT('',(-1.524640749417E-15,2.25683539643E-15));
#2217 = DIRECTION('',(0.,1.));
#2218 = ( GEOMETRIC_REPRESENTATION_CONTEXT(2) 
PARAMETRIC_REPRESENTATION_CONTEXT() REPRESENTATION_CONTEXT('2D SPACE',''
  ) );
#2219 = ORIENTED_EDGE('',*,*,#2220,.T.);
#2220 = EDGE_CURVE('',#2197,#2221,#2223,.T.);
#2221 = VERTEX_POINT('',#2222);
#2222 = CARTESIAN_POINT('',(0.2,49.25,44.599551567252));
#2223 = SURFACE_CURVE('',#2224,(#2228,#2234),.PCURVE_S1.);
#2224 = LINE('',#2225,#2226);
#2225 = CARTESIAN_POINT('',(0.2,80.25,44.599551567252));
#2226 = VECTOR('',#2227,1.);
#2227 = DIRECTION('',(-0.,1.,-0.));
#2228 = PCURVE('',#635,#2229);
#2229 = DEFINITIONAL_REPRESENTATION('',(#2230),#2233);
#2230 = B_SPLINE_CURVE_WITH_KNOTS('',1,(#2231,#2232),.UNSPECIFIED.,.F.,
  .F.,(2,2),(-36.0000006,6.000000070117E-07),.PIECEWISE_BEZIER_KNOTS.);
#2231 = CARTESIAN_POINT('',(-1.566312006833,-36.0000006));
#2232 = CARTESIAN_POINT('',(-1.566312006833,6.000000070117E-07));
#2233 = ( GEOMETRIC_REPRESENTATION_CONTEXT(2) 
PARAMETRIC_REPRESENTATION_CONTEXT() REPRESENTATION_CONTEXT('2D SPACE',''
  ) );
#2234 = PCURVE('',#2235,#2240);
#2235 = PLANE('',#2236);
#2236 = AXIS2_PLACEMENT_3D('',#2237,#2238,#2239);
#2237 = CARTESIAN_POINT('',(0.2,80.25,200.));
#2238 = DIRECTION('',(1.,-0.,0.));
#2239 = DIRECTION('',(0.,-0.,-1.));
#2240 = DEFINITIONAL_REPRESENTATION('',(#2241),#2244);
#2241 = B_SPLINE_CURVE_WITH_KNOTS('',1,(#2242,#2243),.UNSPECIFIED.,.F.,
  .F.,(2,2),(-36.0000006,6.000000070117E-07),.PIECEWISE_BEZIER_KNOTS.);
#2242 = CARTESIAN_POINT('',(155.40044843274,-36.0000006));
#2243 = CARTESIAN_POINT('',(155.40044843274,6.000000070117E-07));
#2244 = ( GEOMETRIC_REPRESENTATION_CONTEXT(2) 
PARAMETRIC_REPRESENTATION_CONTEXT() REPRESENTATION_CONTEXT('2D SPACE',''
  ) );
#2245 = ORIENTED_EDGE('',*,*,#2246,.T.);
#2246 = EDGE_CURVE('',#2221,#2247,#2249,.T.);
#2247 = VERTEX_POINT('',#2248);
#2248 = CARTESIAN_POINT('',(4.,49.25,44.420265645311));
#2249 = SURFACE_CURVE('',#2250,(#2255,#2262),.PCURVE_S1.);
#2250 = CIRCLE('',#2251,44.6);
#2251 = AXIS2_PLACEMENT_3D('',#2252,#2253,#2254);
#2252 = CARTESIAN_POINT('',(3.009113861907E-15,49.25,1.128417698215E-15)
  );
#2253 = DIRECTION('',(-0.,1.,0.));
#2254 = DIRECTION('',(1.,0.,0.));
#2255 = PCURVE('',#635,#2256);
#2256 = DEFINITIONAL_REPRESENTATION('',(#2257),#2261);
#2257 = LINE('',#2258,#2259);
#2258 = CARTESIAN_POINT('',(-6.28318530718,-31.));
#2259 = VECTOR('',#2260,1.);
#2260 = DIRECTION('',(1.,-0.));
#2261 = ( GEOMETRIC_REPRESENTATION_CONTEXT(2) 
PARAMETRIC_REPRESENTATION_CONTEXT() REPRESENTATION_CONTEXT('2D SPACE',''
  ) );
#2262 = PCURVE('',#2263,#2268);
#2263 = PLANE('',#2264);
#2264 = AXIS2_PLACEMENT_3D('',#2265,#2266,#2267);
#2265 = CARTESIAN_POINT('',(2.620126338115E-15,49.25,43.));
#2266 = DIRECTION('',(-0.,-1.,-0.));
#2267 = DIRECTION('',(0.,0.,-1.));
#2268 = DEFINITIONAL_REPRESENTATION('',(#2269),#2277);
#2269 = ( BOUNDED_CURVE() B_SPLINE_CURVE(2,(#2270,#2271,#2272,#2273,
#2274,#2275,#2276),.UNSPECIFIED.,.T.,.F.) B_SPLINE_CURVE_WITH_KNOTS((1,2
    ,2,2,2,1),(-2.094395102393,0.,2.094395102393,4.188790204786,
6.28318530718,8.377580409573),.UNSPECIFIED.) CURVE() 
GEOMETRIC_REPRESENTATION_ITEM() RATIONAL_B_SPLINE_CURVE((1.,0.5,1.,0.5,
1.,0.5,1.)) REPRESENTATION_ITEM('') );
#2270 = CARTESIAN_POINT('',(43.,44.6));
#2271 = CARTESIAN_POINT('',(120.24946601757,44.6));
#2272 = CARTESIAN_POINT('',(81.624733008786,-22.3));
#2273 = CARTESIAN_POINT('',(43.,-89.2));
#2274 = CARTESIAN_POINT('',(4.375266991214,-22.3));
#2275 = CARTESIAN_POINT('',(-34.24946601757,44.6));
#2276 = CARTESIAN_POINT('',(43.,44.6));
#2277 = ( GEOMETRIC_REPRESENTATION_CONTEXT(2) 
PARAMETRIC_REPRESENTATION_CONTEXT() REPRESENTATION_CONTEXT('2D SPACE',''
  ) );
#2278 = ORIENTED_EDGE('',*,*,#2279,.T.);
#2279 = EDGE_CURVE('',#2247,#2280,#2282,.T.);
#2280 = VERTEX_POINT('',#2281);
#2281 = CARTESIAN_POINT('',(4.,67.25,44.420265645311));
#2282 = SURFACE_CURVE('',#2283,(#2287,#2293),.PCURVE_S1.);
#2283 = LINE('',#2284,#2285);
#2284 = CARTESIAN_POINT('',(4.,80.25,44.420265645311));
#2285 = VECTOR('',#2286,1.);
#2286 = DIRECTION('',(-0.,1.,-0.));
#2287 = PCURVE('',#635,#2288);
#2288 = DEFINITIONAL_REPRESENTATION('',(#2289),#2292);
#2289 = B_SPLINE_CURVE_WITH_KNOTS('',1,(#2290,#2291),.UNSPECIFIED.,.F.,
  .F.,(2,2),(-32.8,-11.2),.PIECEWISE_BEZIER_KNOTS.);
#2290 = CARTESIAN_POINT('',(-1.480989557719,-32.8));
#2291 = CARTESIAN_POINT('',(-1.480989557719,-11.2));
#2292 = ( GEOMETRIC_REPRESENTATION_CONTEXT(2) 
PARAMETRIC_REPRESENTATION_CONTEXT() REPRESENTATION_CONTEXT('2D SPACE',''
  ) );
#2293 = PCURVE('',#2294,#2299);
#2294 = PLANE('',#2295);
#2295 = AXIS2_PLACEMENT_3D('',#2296,#2297,#2298);
#2296 = CARTESIAN_POINT('',(4.,67.25,37.));
#2297 = DIRECTION('',(-1.,0.,6.123233995737E-17));
#2298 = DIRECTION('',(6.123233995737E-17,0.,1.));
#2299 = DEFINITIONAL_REPRESENTATION('',(#2300),#2303);
#2300 = B_SPLINE_CURVE_WITH_KNOTS('',1,(#2301,#2302),.UNSPECIFIED.,.F.,
  .F.,(2,2),(-32.8,-11.2),.PIECEWISE_BEZIER_KNOTS.);
#2301 = CARTESIAN_POINT('',(7.420265645311,-19.8));
#2302 = CARTESIAN_POINT('',(7.420265645311,1.8));
#2303 = ( GEOMETRIC_REPRESENTATION_CONTEXT(2) 
PARAMETRIC_REPRESENTATION_CONTEXT() REPRESENTATION_CONTEXT('2D SPACE',''
  ) );
#2304 = ORIENTED_EDGE('',*,*,#2305,.F.);
#2305 = EDGE_CURVE('',#2306,#2280,#2308,.T.);
#2306 = VERTEX_POINT('',#2307);
#2307 = CARTESIAN_POINT('',(0.2,67.25,44.599551567252));
#2308 = SURFACE_CURVE('',#2309,(#2314,#2321),.PCURVE_S1.);
#2309 = CIRCLE('',#2310,44.6);
#2310 = AXIS2_PLACEMENT_3D('',#2311,#2312,#2313);
#2311 = CARTESIAN_POINT('',(3.009113861907E-15,67.25,1.128417698215E-15)
  );
#2312 = DIRECTION('',(-0.,1.,0.));
#2313 = DIRECTION('',(1.,0.,0.));
#2314 = PCURVE('',#635,#2315);
#2315 = DEFINITIONAL_REPRESENTATION('',(#2316),#2320);
#2316 = LINE('',#2317,#2318);
#2317 = CARTESIAN_POINT('',(-6.28318530718,-13.));
#2318 = VECTOR('',#2319,1.);
#2319 = DIRECTION('',(1.,-0.));
#2320 = ( GEOMETRIC_REPRESENTATION_CONTEXT(2) 
PARAMETRIC_REPRESENTATION_CONTEXT() REPRESENTATION_CONTEXT('2D SPACE',''
  ) );
#2321 = PCURVE('',#2322,#2327);
#2322 = PLANE('',#2323);
#2323 = AXIS2_PLACEMENT_3D('',#2324,#2325,#2326);
#2324 = CARTESIAN_POINT('',(2.620126338115E-15,67.25,43.));
#2325 = DIRECTION('',(-0.,-1.,-0.));
#2326 = DIRECTION('',(0.,0.,-1.));
#2327 = DEFINITIONAL_REPRESENTATION('',(#2328),#2336);
#2328 = ( BOUNDED_CURVE() B_SPLINE_CURVE(2,(#2329,#2330,#2331,#2332,
#2333,#2334,#2335),.UNSPECIFIED.,.T.,.F.) B_SPLINE_CURVE_WITH_KNOTS((1,2
    ,2,2,2,1),(-2.094395102393,0.,2.094395102393,4.188790204786,
6.28318530718,8.377580409573),.UNSPECIFIED.) CURVE() 
GEOMETRIC_REPRESENTATION_ITEM() RATIONAL_B_SPLINE_CURVE((1.,0.5,1.,0.5,
1.,0.5,1.)) REPRESENTATION_ITEM('') );
#2329 = CARTESIAN_POINT('',(43.,44.6));
#2330 = CARTESIAN_POINT('',(120.24946601757,44.6));
#2331 = CARTESIAN_POINT('',(81.624733008786,-22.3));
#2332 = CARTESIAN_POINT('',(43.,-89.2));
#2333 = CARTESIAN_POINT('',(4.375266991214,-22.3));
#2334 = CARTESIAN_POINT('',(-34.24946601757,44.6));
#2335 = CARTESIAN_POINT('',(43.,44.6));
#2336 = ( GEOMETRIC_REPRESENTATION_CONTEXT(2) 
PARAMETRIC_REPRESENTATION_CONTEXT() REPRESENTATION_CONTEXT('2D SPACE',''
  ) );
#2337 = ORIENTED_EDGE('',*,*,#2338,.T.);
#2338 = EDGE_CURVE('',#2306,#2339,#2341,.T.);
#2339 = VERTEX_POINT('',#2340);
#2340 = CARTESIAN_POINT('',(0.2,71.30869584592,44.599551540983));
#2341 = SURFACE_CURVE('',#2342,(#2346,#2352),.PCURVE_S1.);
#2342 = LINE('',#2343,#2344);
#2343 = CARTESIAN_POINT('',(0.2,80.25,44.599551567252));
#2344 = VECTOR('',#2345,1.);
#2345 = DIRECTION('',(-0.,1.,-0.));
#2346 = PCURVE('',#635,#2347);
#2347 = DEFINITIONAL_REPRESENTATION('',(#2348),#2351);
#2348 = B_SPLINE_CURVE_WITH_KNOTS('',1,(#2349,#2350),.UNSPECIFIED.,.F.,
  .F.,(2,2),(-36.0000006,6.000000070117E-07),.PIECEWISE_BEZIER_KNOTS.);
#2349 = CARTESIAN_POINT('',(-1.566312006833,-36.0000006));
#2350 = CARTESIAN_POINT('',(-1.566312006833,6.000000070117E-07));
#2351 = ( GEOMETRIC_REPRESENTATION_CONTEXT(2) 
PARAMETRIC_REPRESENTATION_CONTEXT() REPRESENTATION_CONTEXT('2D SPACE',''
  ) );
#2352 = PCURVE('',#2353,#2358);
#2353 = PLANE('',#2354);
#2354 = AXIS2_PLACEMENT_3D('',#2355,#2356,#2357);
#2355 = CARTESIAN_POINT('',(0.2,80.25,200.));
#2356 = DIRECTION('',(1.,-0.,0.));
#2357 = DIRECTION('',(0.,-0.,-1.));
#2358 = DEFINITIONAL_REPRESENTATION('',(#2359),#2362);
#2359 = B_SPLINE_CURVE_WITH_KNOTS('',1,(#2360,#2361),.UNSPECIFIED.,.F.,
  .F.,(2,2),(-36.0000006,6.000000070117E-07),.PIECEWISE_BEZIER_KNOTS.);
#2360 = CARTESIAN_POINT('',(155.40044843274,-36.0000006));
#2361 = CARTESIAN_POINT('',(155.40044843274,6.000000070117E-07));
#2362 = ( GEOMETRIC_REPRESENTATION_CONTEXT(2) 
PARAMETRIC_REPRESENTATION_CONTEXT() REPRESENTATION_CONTEXT('2D SPACE',''
  ) );
#2363 = ORIENTED_EDGE('',*,*,#2364,.T.);
#2364 = EDGE_CURVE('',#2339,#2365,#2367,.T.);
#2365 = VERTEX_POINT('',#2366);
#2366 = CARTESIAN_POINT('',(0.2,73.191304151803,44.599551563587));
#2367 = SURFACE_CURVE('',#2368,(#2518,#2671),.PCURVE_S1.);
#2368 = B_SPLINE_CURVE_WITH_KNOTS('',8,(#2369,#2370,#2371,#2372,#2373,
    #2374,#2375,#2376,#2377,#2378,#2379,#2380,#2381,#2382,#2383,#2384,
    #2385,#2386,#2387,#2388,#2389,#2390,#2391,#2392,#2393,#2394,#2395,
    #2396,#2397,#2398,#2399,#2400,#2401,#2402,#2403,#2404,#2405,#2406,
    #2407,#2408,#2409,#2410,#2411,#2412,#2413,#2414,#2415,#2416,#2417,
    #2418,#2419,#2420,#2421,#2422,#2423,#2424,#2425,#2426,#2427,#2428,
    #2429,#2430,#2431,#2432,#2433,#2434,#2435,#2436,#2437,#2438,#2439,
    #2440,#2441,#2442,#2443,#2444,#2445,#2446,#2447,#2448,#2449,#2450,
    #2451,#2452,#2453,#2454,#2455,#2456,#2457,#2458,#2459,#2460,#2461,
    #2462,#2463,#2464,#2465,#2466,#2467,#2468,#2469,#2470,#2471,#2472,
    #2473,#2474,#2475,#2476,#2477,#2478,#2479,#2480,#2481,#2482,#2483,
    #2484,#2485,#2486,#2487,#2488,#2489,#2490,#2491,#2492,#2493,#2494,
    #2495,#2496,#2497,#2498,#2499,#2500,#2501,#2502,#2503,#2504,#2505,
    #2506,#2507,#2508,#2509,#2510,#2511,#2512,#2513,#2514,#2515,#2516,
    #2517),.UNSPECIFIED.,.T.,.F.,(9,7,7,7,7,7,7,7,7,7,7,7,7,7,7,7,7,7,7,
    7,7,9),(0.,0.167994156759,0.210801750036,0.228582604159,
    0.237569377555,0.251325795756,0.263811883049,0.279568309647,
    0.299278103667,0.375196672735,0.490715632789,0.665112954653,
    0.709110321304,0.727666324539,0.737026474451,0.743571381562,
    0.75566162451,0.76480023097,0.780704373234,0.801159695977,
    0.879064738183,1.),.UNSPECIFIED.);
#2369 = CARTESIAN_POINT('',(5.329070518201E-15,73.193398113206,44.6));
#2370 = CARTESIAN_POINT('',(-0.295823101759,73.193398113206,44.6));
#2371 = CARTESIAN_POINT('',(-0.581326285149,73.182938382227,
    44.597756903262));
#2372 = CARTESIAN_POINT('',(-0.862086720211,73.163302885643,
    44.5935493209));
#2373 = CARTESIAN_POINT('',(-1.144153184136,73.133897253164,
    44.587383149588));
#2374 = CARTESIAN_POINT('',(-1.430599094618,73.092787159133,
    44.579077210638));
#2375 = CARTESIAN_POINT('',(-1.720125008926,73.03692462347,
    44.568418204157));
#2376 = CARTESIAN_POINT('',(-2.005331702139,72.962434142246,
    44.555673529738));
#2377 = CARTESIAN_POINT('',(-2.335468502838,72.840641643554,
    44.538860481899));
#2378 = CARTESIAN_POINT('',(-2.400978063494,72.814479088969,
    44.535408704315));
#2379 = CARTESIAN_POINT('',(-2.465598047928,72.78648494003,
    44.531895684627));
#2380 = CARTESIAN_POINT('',(-2.529581125892,72.756233705608,
    44.528311366364));
#2381 = CARTESIAN_POINT('',(-2.592759751549,72.723293781496,
    44.524667059689));
#2382 = CARTESIAN_POINT('',(-2.654515149639,72.687245338654,
    44.521003167824));
#2383 = CARTESIAN_POINT('',(-2.713746301644,72.647698211458,
    44.517396913471));
#2384 = CARTESIAN_POINT('',(-2.7917225829,72.586287673392,
    44.512546666167));
#2385 = CARTESIAN_POINT('',(-2.813987080829,72.567528344031,
    44.51114838872));
#2386 = CARTESIAN_POINT('',(-2.835559557635,72.547955014966,
    44.509780804812));
#2387 = CARTESIAN_POINT('',(-2.856321746986,72.527496865877,
    44.508452788543));
#2388 = CARTESIAN_POINT('',(-2.876109984317,72.506089039032,
    44.5071765162));
#2389 = CARTESIAN_POINT('',(-2.894715206833,72.483672639288,
    44.505967466257));
#2390 = CARTESIAN_POINT('',(-2.911882953507,72.460194734089,
    44.504844419376));
#2391 = CARTESIAN_POINT('',(-2.935112181224,72.423181940778,
    44.503316478307));
#2392 = CARTESIAN_POINT('',(-2.942474654591,72.410460387968,
    44.502830609507));
#2393 = CARTESIAN_POINT('',(-2.949346859102,72.397458267185,
    44.502375748386));
#2394 = CARTESIAN_POINT('',(-2.955677801437,72.384190129158,
    44.501955593368));
#2395 = CARTESIAN_POINT('',(-2.961419421039,72.3706705032,
    44.501573644927));
#2396 = CARTESIAN_POINT('',(-2.966526590108,72.356913897205,
    44.50123320558));
#2397 = CARTESIAN_POINT('',(-2.970957113602,72.34293479765,
    44.500937379893));
#2398 = CARTESIAN_POINT('',(-2.980357841926,72.307030857783,
    44.500308983314));
#2399 = CARTESIAN_POINT('',(-2.984359652252,72.284852520405,
    44.500040595263));
#2400 = CARTESIAN_POINT('',(-2.986511454847,72.262387951055,
    44.499896011018));
#2401 = CARTESIAN_POINT('',(-2.986722053661,72.239809261404,
    44.499881850795));
#2402 = CARTESIAN_POINT('',(-2.984974814,72.217287206878,44.499999287507
    ));
#2403 = CARTESIAN_POINT('',(-2.981327714555,72.194993012351,
    44.500244079938));
#2404 = CARTESIAN_POINT('',(-2.975913399443,72.17310019783,
    44.500606605917));
#2405 = CARTESIAN_POINT('',(-2.962609087874,72.132440824167,
    44.501494218077));
#2406 = CARTESIAN_POINT('',(-2.954994965077,72.113575511312,
    44.502001239429));
#2407 = CARTESIAN_POINT('',(-2.946213306029,72.095203435349,
    44.502584311147));
#2408 = CARTESIAN_POINT('',(-2.936379978597,72.077336658604,
    44.503234877807));
#2409 = CARTESIAN_POINT('',(-2.925610274326,72.059986335957,
    44.503944476966));
#2410 = CARTESIAN_POINT('',(-2.914018908438,72.043162714847,
    44.504704739153));
#2411 = CARTESIAN_POINT('',(-2.901720019835,72.026875135269,
    44.505507387877));
#2412 = CARTESIAN_POINT('',(-2.87255744464,71.991265511113,
    44.507400278453));
#2413 = CARTESIAN_POINT('',(-2.855283371747,71.972194539935,
    44.508514619465));
#2414 = CARTESIAN_POINT('',(-2.837166740437,71.953881268908,
    44.509675400067));
#2415 = CARTESIAN_POINT('',(-2.818343188288,71.936284943649,
    44.510872622885));
#2416 = CARTESIAN_POINT('',(-2.798922202433,71.91936190272,
    44.512098155762));
#2417 = CARTESIAN_POINT('',(-2.778987119567,71.90306557763,
    44.513345731758));
#2418 = CARTESIAN_POINT('',(-2.75859512594,71.887346492833,
    44.514610949148));
#2419 = CARTESIAN_POINT('',(-2.711736079869,71.853145729914,
    44.517492833054));
#2420 = CARTESIAN_POINT('',(-2.685023897613,71.834957133803,
    44.5191181922));
#2421 = CARTESIAN_POINT('',(-2.657771578488,71.817536888225,
    44.520757707408));
#2422 = CARTESIAN_POINT('',(-2.630081163113,71.800834095497,
    44.522403982908));
#2423 = CARTESIAN_POINT('',(-2.602025870156,71.784796556247,
    44.524051703216));
#2424 = CARTESIAN_POINT('',(-2.573650101671,71.769370776217,
    44.52569746775));
#2425 = CARTESIAN_POINT('',(-2.544969448436,71.754501973077,
    44.527339625435));
#2426 = CARTESIAN_POINT('',(-2.40427273223,71.68479156488,
    44.535289253518));
#2427 = CARTESIAN_POINT('',(-2.286551329409,71.636235197303,
    44.54161973481));
#2428 = CARTESIAN_POINT('',(-2.166052554133,71.593662895076,
    44.547724430922));
#2429 = CARTESIAN_POINT('',(-2.044735182448,71.556241813861,
    44.553482845343));
#2430 = CARTESIAN_POINT('',(-1.923417636151,71.523157726662,
    44.558860109244));
#2431 = CARTESIAN_POINT('',(-1.801927413855,71.493665306498,
    44.563871821932));
#2432 = CARTESIAN_POINT('',(-1.679253016109,71.467139315507,
    44.568552729837));
#2433 = CARTESIAN_POINT('',(-1.362652314117,71.406588705195,
    44.579588620932));
#2434 = CARTESIAN_POINT('',(-1.169124660101,71.37667020986,
    44.585397578497));
#2435 = CARTESIAN_POINT('',(-0.974664337802,71.352673629212,
    44.590259837284));
#2436 = CARTESIAN_POINT('',(-0.780065605826,71.334025889724,
    44.59414798942));
#2437 = CARTESIAN_POINT('',(-0.585550613259,71.320291815604,
    44.597064737028));
#2438 = CARTESIAN_POINT('',(-0.390952615744,71.311188675057,
    44.599016586699));
#2439 = CARTESIAN_POINT('',(-0.195899840458,71.306601886794,44.6));
#2440 = CARTESIAN_POINT('',(0.295747187417,71.306601886794,44.6));
#2441 = CARTESIAN_POINT('',(0.581208893047,71.317056138252,
    44.597758105916));
#2442 = CARTESIAN_POINT('',(0.862096108183,71.336685947507,
    44.593551653634));
#2443 = CARTESIAN_POINT('',(1.144463663549,71.366113391793,
    44.587380735972));
#2444 = CARTESIAN_POINT('',(1.43129489379,71.407290153891,
    44.579060478438));
#2445 = CARTESIAN_POINT('',(1.72115912278,71.463265820626,44.5683801903)
  );
#2446 = CARTESIAN_POINT('',(2.006510977025,71.537888101234,
    44.555620002711));
#2447 = CARTESIAN_POINT('',(2.335888670792,71.659542119908,
    44.538837419033));
#2448 = CARTESIAN_POINT('',(2.400759254764,71.685460186777,
    44.535418912944));
#2449 = CARTESIAN_POINT('',(2.464756744994,71.713176332451,
    44.531940341188));
#2450 = CARTESIAN_POINT('',(2.528121053758,71.743101600276,
    44.528392275666));
#2451 = CARTESIAN_POINT('',(2.590690397319,71.775652968167,
    44.524785733337));
#2452 = CARTESIAN_POINT('',(2.651871795667,71.811236432353,
    44.521159503322));
#2453 = CARTESIAN_POINT('',(2.710611572261,71.850230091122,
    44.517587474008));
#2454 = CARTESIAN_POINT('',(2.788458613685,71.910991726864,
    44.512751362878));
#2455 = CARTESIAN_POINT('',(2.810933721159,71.929753097225,
    44.511341506093));
#2456 = CARTESIAN_POINT('',(2.832721347456,71.949329850723,
    44.509961759317));
#2457 = CARTESIAN_POINT('',(2.853705280564,71.969794477865,
    44.508620860734));
#2458 = CARTESIAN_POINT('',(2.873722925201,71.99121344859,
    44.507330917195));
#2459 = CARTESIAN_POINT('',(2.892565302811,72.01364721227,
    44.506107404216));
#2460 = CARTESIAN_POINT('',(2.909977051567,72.037150197707,
    44.504969165977));
#2461 = CARTESIAN_POINT('',(2.933565527099,72.074190117462,
    44.503418476814));
#2462 = CARTESIAN_POINT('',(2.941041690969,72.086906244676,
    44.50292536491));
#2463 = CARTESIAN_POINT('',(2.948031093254,72.099905386898,
    44.502462968765));
#2464 = CARTESIAN_POINT('',(2.954482619695,72.113173736264,
    44.502034996004));
#2465 = CARTESIAN_POINT('',(2.960347866494,72.126697484925,
    44.501644972723));
#2466 = CARTESIAN_POINT('',(2.96558114032,72.140462825043,44.50129624349
    ));
#2467 = CARTESIAN_POINT('',(2.970139458305,72.154455948796,
    44.500991971343));
#2468 = CARTESIAN_POINT('',(2.976669755583,72.178597093011,
    44.500555551808));
#2469 = CARTESIAN_POINT('',(2.979005648216,72.188629753033,
    44.500399254323));
#2470 = CARTESIAN_POINT('',(2.980974149281,72.198744915389,
    44.500267412417));
#2471 = CARTESIAN_POINT('',(2.982562313736,72.208926548378,
    44.500160966251));
#2472 = CARTESIAN_POINT('',(2.983760328158,72.219158701653,
    44.500080629066));
#2473 = CARTESIAN_POINT('',(2.984561510746,72.229425506219,
    44.500026887182));
#2474 = CARTESIAN_POINT('',(2.98496231132,72.239711174431,44.5));
#2475 = CARTESIAN_POINT('',(2.98496231132,72.269006289725,44.5));
#2476 = CARTESIAN_POINT('',(2.983594705779,72.287954533748,
    44.500091812982));
#2477 = CARTESIAN_POINT('',(2.980873796845,72.306771329643,
    44.500274338073));
#2478 = CARTESIAN_POINT('',(2.976840222262,72.325382218771,
    44.500544585388));
#2479 = CARTESIAN_POINT('',(2.971560955371,72.343711686274,
    44.500897676026));
#2480 = CARTESIAN_POINT('',(2.965129305111,72.361683161074,
    44.501326842073));
#2481 = CARTESIAN_POINT('',(2.957664916017,72.379219015881,
    44.501823426603));
#2482 = CARTESIAN_POINT('',(2.943001417553,72.409106583142,
    44.502795223189));
#2483 = CARTESIAN_POINT('',(2.936167287579,72.421709502399,
    44.503247122292));
#2484 = CARTESIAN_POINT('',(2.928851926632,72.434049703068,
    44.503729580823));
#2485 = CARTESIAN_POINT('',(2.921094386559,72.446127905337,
    44.504239717646));
#2486 = CARTESIAN_POINT('',(2.912932222712,72.457945171469,
    44.504774770653));
#2487 = CARTESIAN_POINT('',(2.904401493957,72.469502905807,
    44.505332096761));
#2488 = CARTESIAN_POINT('',(2.895536762669,72.480802854768,
    44.505909171916));
#2489 = CARTESIAN_POINT('',(2.870419856718,72.511067691192,
    44.507538073435));
#2490 = CARTESIAN_POINT('',(2.85353562534,72.529539894859,
    44.508626446819));
#2491 = CARTESIAN_POINT('',(2.835864911628,72.547298806605,
    44.509757967369));
#2492 = CARTESIAN_POINT('',(2.817530854808,72.564382103029,
    44.510923557487));
#2493 = CARTESIAN_POINT('',(2.798633222304,72.580830048571,
    44.512115805844));
#2494 = CARTESIAN_POINT('',(2.779248409737,72.596685495512,
    44.513328967382));
#2495 = CARTESIAN_POINT('',(2.759429440928,72.611993883972,
    44.51455896331));
#2496 = CARTESIAN_POINT('',(2.7131952808,72.645850493333,44.517403905504
    ));
#2497 = CARTESIAN_POINT('',(2.686509016682,72.664076946096,
    44.519028571256));
#2498 = CARTESIAN_POINT('',(2.659279023781,72.681532373089,
    44.520667663201));
#2499 = CARTESIAN_POINT('',(2.63160814019,72.698267877292,
    44.522313726889));
#2500 = CARTESIAN_POINT('',(2.60357019925,72.714335884849,
    44.523961402403));
#2501 = CARTESIAN_POINT('',(2.575210034942,72.729790138141,
    44.525607258167));
#2502 = CARTESIAN_POINT('',(2.546543487283,72.744685688853,
    44.527249624762));
#2503 = CARTESIAN_POINT('',(2.407162583865,72.813896066914,
    44.535129889423));
#2504 = CARTESIAN_POINT('',(2.290868623725,72.86205403849,
    44.541391313114));
#2505 = CARTESIAN_POINT('',(2.17182984272,72.904335212715,44.5474346498)
  );
#2506 = CARTESIAN_POINT('',(2.05195445658,72.941552046215,
    44.553142092333));
#2507 = CARTESIAN_POINT('',(1.932045874656,72.974499460525,
    44.558478771654));
#2508 = CARTESIAN_POINT('',(1.811946218984,73.003906440526,
    44.563459059471));
#2509 = CARTESIAN_POINT('',(1.690682069107,73.030386816094,
    44.568116478397));
#2510 = CARTESIAN_POINT('',(1.374013936533,73.091649175234,
    44.579246580748));
#2511 = CARTESIAN_POINT('',(1.178868053685,73.122123279352,
    44.585153234406));
#2512 = CARTESIAN_POINT('',(0.982794431325,73.146542381813,
    44.590096499352));
#2513 = CARTESIAN_POINT('',(0.786610275253,73.165506599858,
    44.594048750859));
#2514 = CARTESIAN_POINT('',(0.590526208831,73.179470859903,
    44.597013849462));
#2515 = CARTESIAN_POINT('',(0.394342307564,73.188729238984,
    44.598998994161));
#2516 = CARTESIAN_POINT('',(0.197644309294,73.193398113206,44.6));
#2517 = CARTESIAN_POINT('',(5.329070518201E-15,73.193398113206,44.6));
#2518 = PCURVE('',#635,#2519);
#2519 = DEFINITIONAL_REPRESENTATION('',(#2520),#2670);
#2520 = B_SPLINE_CURVE_WITH_KNOTS('',8,(#2521,#2522,#2523,#2524,#2525,
    #2526,#2527,#2528,#2529,#2530,#2531,#2532,#2533,#2534,#2535,#2536,
    #2537,#2538,#2539,#2540,#2541,#2542,#2543,#2544,#2545,#2546,#2547,
    #2548,#2549,#2550,#2551,#2552,#2553,#2554,#2555,#2556,#2557,#2558,
    #2559,#2560,#2561,#2562,#2563,#2564,#2565,#2566,#2567,#2568,#2569,
    #2570,#2571,#2572,#2573,#2574,#2575,#2576,#2577,#2578,#2579,#2580,
    #2581,#2582,#2583,#2584,#2585,#2586,#2587,#2588,#2589,#2590,#2591,
    #2592,#2593,#2594,#2595,#2596,#2597,#2598,#2599,#2600,#2601,#2602,
    #2603,#2604,#2605,#2606,#2607,#2608,#2609,#2610,#2611,#2612,#2613,
    #2614,#2615,#2616,#2617,#2618,#2619,#2620,#2621,#2622,#2623,#2624,
    #2625,#2626,#2627,#2628,#2629,#2630,#2631,#2632,#2633,#2634,#2635,
    #2636,#2637,#2638,#2639,#2640,#2641,#2642,#2643,#2644,#2645,#2646,
    #2647,#2648,#2649,#2650,#2651,#2652,#2653,#2654,#2655,#2656,#2657,
    #2658,#2659,#2660,#2661,#2662,#2663,#2664,#2665,#2666,#2667,#2668,
    #2669),.UNSPECIFIED.,.T.,.F.,(9,7,7,7,7,7,7,7,7,7,7,7,7,7,7,7,7,7,7,
    7,7,9),(0.,0.167994156759,0.210801750036,0.228582604159,
    0.237569377555,0.251325795756,0.263811883049,0.279568309647,
    0.299278103667,0.375196672735,0.490715632789,0.665112954653,
    0.709110321304,0.727666324539,0.737026474451,0.743571381562,
    0.75566162451,0.76480023097,0.780704373234,0.801159695977,
    0.879064738183,1.),.UNSPECIFIED.);
#2521 = CARTESIAN_POINT('',(-1.570796326795,-7.056601886794));
#2522 = CARTESIAN_POINT('',(-1.577429131767,-7.056601886794));
#2523 = CARTESIAN_POINT('',(-1.58383054931,-7.067061617773));
#2524 = CARTESIAN_POINT('',(-1.590126066713,-7.086697114357));
#2525 = CARTESIAN_POINT('',(-1.596451640027,-7.116102746836));
#2526 = CARTESIAN_POINT('',(-1.602876526751,-7.157212840867));
#2527 = CARTESIAN_POINT('',(-1.60937220415,-7.21307537653));
#2528 = CARTESIAN_POINT('',(-1.615773230667,-7.287565857754));
#2529 = CARTESIAN_POINT('',(-1.623184994049,-7.409358356446));
#2530 = CARTESIAN_POINT('',(-1.624655853906,-7.435520911031));
#2531 = CARTESIAN_POINT('',(-1.626106868222,-7.46351505997));
#2532 = CARTESIAN_POINT('',(-1.627543711471,-7.493766294392));
#2533 = CARTESIAN_POINT('',(-1.628962623766,-7.526706218504));
#2534 = CARTESIAN_POINT('',(-1.630349706299,-7.562754661346));
#2535 = CARTESIAN_POINT('',(-1.63168021678,-7.602301788542));
#2536 = CARTESIAN_POINT('',(-1.633431942837,-7.663712326608));
#2537 = CARTESIAN_POINT('',(-1.633932130236,-7.682471655969));
#2538 = CARTESIAN_POINT('',(-1.634416788894,-7.702044985034));
#2539 = CARTESIAN_POINT('',(-1.634883260026,-7.722503134123));
#2540 = CARTESIAN_POINT('',(-1.635327864235,-7.743910960968));
#2541 = CARTESIAN_POINT('',(-1.635745901519,-7.766327360712));
#2542 = CARTESIAN_POINT('',(-1.636131651263,-7.789805265911));
#2543 = CARTESIAN_POINT('',(-1.636653611463,-7.826818059222));
#2544 = CARTESIAN_POINT('',(-1.636819048407,-7.839539612032));
#2545 = CARTESIAN_POINT('',(-1.636973470854,-7.852541732815));
#2546 = CARTESIAN_POINT('',(-1.637115732484,-7.865809870842));
#2547 = CARTESIAN_POINT('',(-1.637244752878,-7.8793294968));
#2548 = CARTESIAN_POINT('',(-1.637359517522,-7.893086102795));
#2549 = CARTESIAN_POINT('',(-1.637459077806,-7.90706520235));
#2550 = CARTESIAN_POINT('',(-1.637670326856,-7.942969142217));
#2551 = CARTESIAN_POINT('',(-1.637760255111,-7.965147479595));
#2552 = CARTESIAN_POINT('',(-1.637808610593,-7.987612048945));
#2553 = CARTESIAN_POINT('',(-1.6378133432,-8.010190738596));
#2554 = CARTESIAN_POINT('',(-1.637774079035,-8.032712793122));
#2555 = CARTESIAN_POINT('',(-1.637692121517,-8.055006987649));
#2556 = CARTESIAN_POINT('',(-1.637570452497,-8.07689980217));
#2557 = CARTESIAN_POINT('',(-1.637271486405,-8.117559175833));
#2558 = CARTESIAN_POINT('',(-1.63710038808,-8.136424488688));
#2559 = CARTESIAN_POINT('',(-1.636903056366,-8.154796564651));
#2560 = CARTESIAN_POINT('',(-1.63668209619,-8.172663341396));
#2561 = CARTESIAN_POINT('',(-1.636440099436,-8.190013664043));
#2562 = CARTESIAN_POINT('',(-1.636179644941,-8.206837285153));
#2563 = CARTESIAN_POINT('',(-1.6359032985,-8.223124864731));
#2564 = CARTESIAN_POINT('',(-1.635248053148,-8.258734488887));
#2565 = CARTESIAN_POINT('',(-1.634859937078,-8.277805460065));
#2566 = CARTESIAN_POINT('',(-1.63445290171,-8.296118731092));
#2567 = CARTESIAN_POINT('',(-1.634029996265,-8.313715056351));
#2568 = CARTESIAN_POINT('',(-1.633593682128,-8.33063809728));
#2569 = CARTESIAN_POINT('',(-1.633145832848,-8.34693442237));
#2570 = CARTESIAN_POINT('',(-1.632687734135,-8.362653507167));
#2571 = CARTESIAN_POINT('',(-1.631635097768,-8.396854270086));
#2572 = CARTESIAN_POINT('',(-1.631035062344,-8.415042866197));
#2573 = CARTESIAN_POINT('',(-1.63042291927,-8.432463111775));
#2574 = CARTESIAN_POINT('',(-1.629800961953,-8.449165904503));
#2575 = CARTESIAN_POINT('',(-1.629170835884,-8.465203443753));
#2576 = CARTESIAN_POINT('',(-1.628533538987,-8.480629223783));
#2577 = CARTESIAN_POINT('',(-1.627889421969,-8.495498026923));
#2578 = CARTESIAN_POINT('',(-1.624729755563,-8.56520843512));
#2579 = CARTESIAN_POINT('',(-1.622086458393,-8.613764802697));
#2580 = CARTESIAN_POINT('',(-1.619381248914,-8.656337104924));
#2581 = CARTESIAN_POINT('',(-1.616658093313,-8.693758186139));
#2582 = CARTESIAN_POINT('',(-1.613935324367,-8.726842273338));
#2583 = CARTESIAN_POINT('',(-1.611209033012,-8.756334693502));
#2584 = CARTESIAN_POINT('',(-1.608456499318,-8.782860684493));
#2585 = CARTESIAN_POINT('',(-1.60135351759,-8.843411294805));
#2586 = CARTESIAN_POINT('',(-1.59701242939,-8.87332979014));
#2587 = CARTESIAN_POINT('',(-1.592651060006,-8.897326370788));
#2588 = CARTESIAN_POINT('',(-1.588287098895,-8.915974110276));
#2589 = CARTESIAN_POINT('',(-1.583925394198,-8.929708184396));
#2590 = CARTESIAN_POINT('',(-1.579562080005,-8.938811324943));
#2591 = CARTESIAN_POINT('',(-1.575188699899,-8.943398113206));
#2592 = CARTESIAN_POINT('',(-1.564165223938,-8.943398113206));
#2593 = CARTESIAN_POINT('',(-1.557764736442,-8.932943861748));
#2594 = CARTESIAN_POINT('',(-1.551466376645,-8.913314052493));
#2595 = CARTESIAN_POINT('',(-1.54513405293,-8.883886608207));
#2596 = CARTESIAN_POINT('',(-1.538700523424,-8.842709846109));
#2597 = CARTESIAN_POINT('',(-1.532197248737,-8.786734179374));
#2598 = CARTESIAN_POINT('',(-1.525792954965,-8.712111898766));
#2599 = CARTESIAN_POINT('',(-1.518398224627,-8.590457880092));
#2600 = CARTESIAN_POINT('',(-1.516941710955,-8.564539813223));
#2601 = CARTESIAN_POINT('',(-1.515504675138,-8.536823667549));
#2602 = CARTESIAN_POINT('',(-1.514081729256,-8.506898399724));
#2603 = CARTESIAN_POINT('',(-1.512676503992,-8.474347031833));
#2604 = CARTESIAN_POINT('',(-1.511302318771,-8.438763567647));
#2605 = CARTESIAN_POINT('',(-1.509982851904,-8.399769908878));
#2606 = CARTESIAN_POINT('',(-1.508234037683,-8.339008273136));
#2607 = CARTESIAN_POINT('',(-1.507729121111,-8.320246902775));
#2608 = CARTESIAN_POINT('',(-1.507239630887,-8.300670149277));
#2609 = CARTESIAN_POINT('',(-1.506768179627,-8.280205522135));
#2610 = CARTESIAN_POINT('',(-1.506318422695,-8.25878655141));
#2611 = CARTESIAN_POINT('',(-1.505895058198,-8.23635278773));
#2612 = CARTESIAN_POINT('',(-1.50550382699,-8.212849802293));
#2613 = CARTESIAN_POINT('',(-1.504973795798,-8.175809882538));
#2614 = CARTESIAN_POINT('',(-1.504805804578,-8.163093755324));
#2615 = CARTESIAN_POINT('',(-1.504648748958,-8.150094613102));
#2616 = CARTESIAN_POINT('',(-1.504503777976,-8.136826263736));
#2617 = CARTESIAN_POINT('',(-1.504371979767,-8.123302515075));
#2618 = CARTESIAN_POINT('',(-1.504254381561,-8.109537174957));
#2619 = CARTESIAN_POINT('',(-1.504151949679,-8.095544051204));
#2620 = CARTESIAN_POINT('',(-1.504005203849,-8.071402906989));
#2621 = CARTESIAN_POINT('',(-1.503952712463,-8.061370246967));
#2622 = CARTESIAN_POINT('',(-1.503908476786,-8.051255084611));
#2623 = CARTESIAN_POINT('',(-1.503872787824,-8.041073451622));
#2624 = CARTESIAN_POINT('',(-1.503845866186,-8.030841298347));
#2625 = CARTESIAN_POINT('',(-1.503827862082,-8.020574493781));
#2626 = CARTESIAN_POINT('',(-1.503818855324,-8.010288825569));
#2627 = CARTESIAN_POINT('',(-1.503818855324,-7.980993710275));
#2628 = CARTESIAN_POINT('',(-1.503849588151,-7.962045466252));
#2629 = CARTESIAN_POINT('',(-1.503910732191,-7.943228670357));
#2630 = CARTESIAN_POINT('',(-1.504001373839,-7.924617781229));
#2631 = CARTESIAN_POINT('',(-1.5041200075,-7.906288313726));
#2632 = CARTESIAN_POINT('',(-1.504264535587,-7.888316838926));
#2633 = CARTESIAN_POINT('',(-1.504432268524,-7.870780984119));
#2634 = CARTESIAN_POINT('',(-1.504761767744,-7.840893416858));
#2635 = CARTESIAN_POINT('',(-1.504915333983,-7.828290497601));
#2636 = CARTESIAN_POINT('',(-1.505079711851,-7.815950296932));
#2637 = CARTESIAN_POINT('',(-1.505254023398,-7.803872094663));
#2638 = CARTESIAN_POINT('',(-1.505437424336,-7.792054828531));
#2639 = CARTESIAN_POINT('',(-1.505629104033,-7.780497094193));
#2640 = CARTESIAN_POINT('',(-1.505828285521,-7.769197145232));
#2641 = CARTESIAN_POINT('',(-1.506392627896,-7.738932308808));
#2642 = CARTESIAN_POINT('',(-1.506771983777,-7.720460105141));
#2643 = CARTESIAN_POINT('',(-1.507168999508,-7.702701193395));
#2644 = CARTESIAN_POINT('',(-1.507580906841,-7.685617896971));
#2645 = CARTESIAN_POINT('',(-1.508005462899,-7.669169951429));
#2646 = CARTESIAN_POINT('',(-1.508440950183,-7.653314504488));
#2647 = CARTESIAN_POINT('',(-1.508886176567,-7.638006116028));
#2648 = CARTESIAN_POINT('',(-1.509924777617,-7.604149506667));
#2649 = CARTESIAN_POINT('',(-1.510524232047,-7.585923053904));
#2650 = CARTESIAN_POINT('',(-1.511135874868,-7.568467626911));
#2651 = CARTESIAN_POINT('',(-1.511757394743,-7.551732122708));
#2652 = CARTESIAN_POINT('',(-1.512387132364,-7.535664115151));
#2653 = CARTESIAN_POINT('',(-1.513024080098,-7.520209861859));
#2654 = CARTESIAN_POINT('',(-1.513667881634,-7.505314311147));
#2655 = CARTESIAN_POINT('',(-1.516798004759,-7.436103933086));
#2656 = CARTESIAN_POINT('',(-1.519409259863,-7.38794596151));
#2657 = CARTESIAN_POINT('',(-1.522081707176,-7.345664787285));
#2658 = CARTESIAN_POINT('',(-1.524772514447,-7.308447953785));
#2659 = CARTESIAN_POINT('',(-1.527463683885,-7.275500539475));
#2660 = CARTESIAN_POINT('',(-1.530158794833,-7.246093559474));
#2661 = CARTESIAN_POINT('',(-1.532879712148,-7.219613183906));
#2662 = CARTESIAN_POINT('',(-1.53998427874,-7.158350824766));
#2663 = CARTESIAN_POINT('',(-1.54436169839,-7.127876720648));
#2664 = CARTESIAN_POINT('',(-1.548759272279,-7.103457618187));
#2665 = CARTESIAN_POINT('',(-1.553158799906,-7.084493400143));
#2666 = CARTESIAN_POINT('',(-1.557555695404,-7.070529140097));
#2667 = CARTESIAN_POINT('',(-1.561954571607,-7.061270761016));
#2668 = CARTESIAN_POINT('',(-1.566364840039,-7.056601886794));
#2669 = CARTESIAN_POINT('',(-1.570796326795,-7.056601886794));
#2670 = ( GEOMETRIC_REPRESENTATION_CONTEXT(2) 
PARAMETRIC_REPRESENTATION_CONTEXT() REPRESENTATION_CONTEXT('2D SPACE',''
  ) );
#2671 = PCURVE('',#2672,#2677);
#2672 = CYLINDRICAL_SURFACE('',#2673,4.5);
#2673 = AXIS2_PLACEMENT_3D('',#2674,#2675,#2676);
#2674 = CARTESIAN_POINT('',(-6.,72.25,49.));
#2675 = DIRECTION('',(1.,0.,0.));
#2676 = DIRECTION('',(-0.,0.,1.));
#2677 = DEFINITIONAL_REPRESENTATION('',(#2678),#2828);
#2678 = B_SPLINE_CURVE_WITH_KNOTS('',8,(#2679,#2680,#2681,#2682,#2683,
    #2684,#2685,#2686,#2687,#2688,#2689,#2690,#2691,#2692,#2693,#2694,
    #2695,#2696,#2697,#2698,#2699,#2700,#2701,#2702,#2703,#2704,#2705,
    #2706,#2707,#2708,#2709,#2710,#2711,#2712,#2713,#2714,#2715,#2716,
    #2717,#2718,#2719,#2720,#2721,#2722,#2723,#2724,#2725,#2726,#2727,
    #2728,#2729,#2730,#2731,#2732,#2733,#2734,#2735,#2736,#2737,#2738,
    #2739,#2740,#2741,#2742,#2743,#2744,#2745,#2746,#2747,#2748,#2749,
    #2750,#2751,#2752,#2753,#2754,#2755,#2756,#2757,#2758,#2759,#2760,
    #2761,#2762,#2763,#2764,#2765,#2766,#2767,#2768,#2769,#2770,#2771,
    #2772,#2773,#2774,#2775,#2776,#2777,#2778,#2779,#2780,#2781,#2782,
    #2783,#2784,#2785,#2786,#2787,#2788,#2789,#2790,#2791,#2792,#2793,
    #2794,#2795,#2796,#2797,#2798,#2799,#2800,#2801,#2802,#2803,#2804,
    #2805,#2806,#2807,#2808,#2809,#2810,#2811,#2812,#2813,#2814,#2815,
    #2816,#2817,#2818,#2819,#2820,#2821,#2822,#2823,#2824,#2825,#2826,
    #2827),.UNSPECIFIED.,.F.,.F.,(9,7,7,7,7,7,7,7,7,7,7,7,7,7,7,7,7,7,7,
    7,7,9),(0.,0.167994156759,0.210801750036,0.228582604159,
    0.237569377555,0.251325795756,0.263811883049,0.279568309647,
    0.299278103667,0.375196672735,0.490715632789,0.665112954653,
    0.709110321304,0.727666324539,0.737026474451,0.743571381562,
    0.75566162451,0.76480023097,0.780704373234,0.801159695977,
    0.879064738183,1.),.UNSPECIFIED.);
#2679 = CARTESIAN_POINT('',(3.352803533949,6.));
#2680 = CARTESIAN_POINT('',(3.352803533949,5.704176898241));
#2681 = CARTESIAN_POINT('',(3.350426291779,5.418673714851));
#2682 = CARTESIAN_POINT('',(3.34596384867,5.137913279789));
#2683 = CARTESIAN_POINT('',(3.33928705053,4.855846815865));
#2684 = CARTESIAN_POINT('',(3.329967853309,4.569400905381));
#2685 = CARTESIAN_POINT('',(3.317330976253,4.279874991074));
#2686 = CARTESIAN_POINT('',(3.300545742169,3.994668297861));
#2687 = CARTESIAN_POINT('',(3.273224072286,3.664531497162));
#2688 = CARTESIAN_POINT('',(3.267359932378,3.599021936506));
#2689 = CARTESIAN_POINT('',(3.261090392035,3.534401952072));
#2690 = CARTESIAN_POINT('',(3.254321178225,3.470418874108));
#2691 = CARTESIAN_POINT('',(3.246957071738,3.407240248451));
#2692 = CARTESIAN_POINT('',(3.2389057514,3.345484850361));
#2693 = CARTESIAN_POINT('',(3.230081638287,3.286253698356));
#2694 = CARTESIAN_POINT('',(3.21639235423,3.2082774171));
#2695 = CARTESIAN_POINT('',(3.212212070139,3.186012919171));
#2696 = CARTESIAN_POINT('',(3.207851916044,3.164440442365));
#2697 = CARTESIAN_POINT('',(3.203296228462,3.143678253014));
#2698 = CARTESIAN_POINT('',(3.198530652046,3.123890015683));
#2699 = CARTESIAN_POINT('',(3.19354213959,3.105284793167));
#2700 = CARTESIAN_POINT('',(3.188318952023,3.088117046493));
#2701 = CARTESIAN_POINT('',(3.180086881427,3.064887818776));
#2702 = CARTESIAN_POINT('',(3.177257822458,3.057525345409));
#2703 = CARTESIAN_POINT('',(3.174366719806,3.050653140898));
#2704 = CARTESIAN_POINT('',(3.171416799443,3.044322198563));
#2705 = CARTESIAN_POINT('',(3.168411275019,3.038580578961));
#2706 = CARTESIAN_POINT('',(3.165353347857,3.033473409892));
#2707 = CARTESIAN_POINT('',(3.162246206957,3.029042886398));
#2708 = CARTESIAN_POINT('',(3.154266331714,3.019642158074));
#2709 = CARTESIAN_POINT('',(3.14933752346,3.015640347748));
#2710 = CARTESIAN_POINT('',(3.144345427922,3.013488545153));
#2711 = CARTESIAN_POINT('',(3.139328109331,3.013277946339));
#2712 = CARTESIAN_POINT('',(3.134323307624,3.015025186));
#2713 = CARTESIAN_POINT('',(3.129368873595,3.018672285445));
#2714 = CARTESIAN_POINT('',(3.124503204055,3.024086600557));
#2715 = CARTESIAN_POINT('',(3.115465634946,3.037390912126));
#2716 = CARTESIAN_POINT('',(3.111271880934,3.045005034923));
#2717 = CARTESIAN_POINT('',(3.107187220663,3.053786693971));
#2718 = CARTESIAN_POINT('',(3.103214279809,3.063620021403));
#2719 = CARTESIAN_POINT('',(3.099355504016,3.074389725674));
#2720 = CARTESIAN_POINT('',(3.095613158891,3.085981091562));
#2721 = CARTESIAN_POINT('',(3.091989330009,3.098279980165));
#2722 = CARTESIAN_POINT('',(3.084064908101,3.12744255536));
#2723 = CARTESIAN_POINT('',(3.079819734992,3.144716628253));
#2724 = CARTESIAN_POINT('',(3.075742033249,3.162833259563));
#2725 = CARTESIAN_POINT('',(3.071822787941,3.181656811712));
#2726 = CARTESIAN_POINT('',(3.068052339537,3.201077797567));
#2727 = CARTESIAN_POINT('',(3.064420383901,3.221012880433));
#2728 = CARTESIAN_POINT('',(3.0609159723,3.24140487406));
#2729 = CARTESIAN_POINT('',(3.053288868457,3.288263920131));
#2730 = CARTESIAN_POINT('',(3.04923090329,3.314976102387));
#2731 = CARTESIAN_POINT('',(3.045342701077,3.342228421512));
#2732 = CARTESIAN_POINT('',(3.041613052816,3.369918836887));
#2733 = CARTESIAN_POINT('',(3.038030450974,3.397974129844));
#2734 = CARTESIAN_POINT('',(3.034583085136,3.426349898329));
#2735 = CARTESIAN_POINT('',(3.031258837648,3.455030551564));
#2736 = CARTESIAN_POINT('',(3.01566723244,3.59572726777));
#2737 = CARTESIAN_POINT('',(3.004786998481,3.713448670591));
#2738 = CARTESIAN_POINT('',(2.99523087497,3.833947445867));
#2739 = CARTESIAN_POINT('',(2.98681785913,3.955264817552));
#2740 = CARTESIAN_POINT('',(2.979369766432,4.076582363849));
#2741 = CARTESIAN_POINT('',(2.972722226704,4.198072586145));
#2742 = CARTESIAN_POINT('',(2.966736557725,4.320746983891));
#2743 = CARTESIAN_POINT('',(2.953059204538,4.637347685883));
#2744 = CARTESIAN_POINT('',(2.946286922289,4.830875339899));
#2745 = CARTESIAN_POINT('',(2.940846223797,5.025335662198));
#2746 = CARTESIAN_POINT('',(2.936613188812,5.219934394174));
#2747 = CARTESIAN_POINT('',(2.933493101572,5.414449386741));
#2748 = CARTESIAN_POINT('',(2.931424239725,5.609047384256));
#2749 = CARTESIAN_POINT('',(2.930381773231,5.804100159542));
#2750 = CARTESIAN_POINT('',(2.930381773231,6.295747187417));
#2751 = CARTESIAN_POINT('',(2.93275776715,6.581208893047));
#2752 = CARTESIAN_POINT('',(2.937218929259,6.862096108181));
#2753 = CARTESIAN_POINT('',(2.943900671087,7.144463663552));
#2754 = CARTESIAN_POINT('',(2.953235047372,7.431294893788));
#2755 = CARTESIAN_POINT('',(2.965897459069,7.72115912278));
#2756 = CARTESIAN_POINT('',(2.982712128477,8.006510977025));
#2757 = CARTESIAN_POINT('',(3.010002388463,8.335888670792));
#2758 = CARTESIAN_POINT('',(3.015811702541,8.400759254764));
#2759 = CARTESIAN_POINT('',(3.022018995147,8.464756744994));
#2760 = CARTESIAN_POINT('',(3.028715334883,8.528121053758));
#2761 = CARTESIAN_POINT('',(3.035992715717,8.590690397319));
#2762 = CARTESIAN_POINT('',(3.043940420572,8.651871795667));
#2763 = CARTESIAN_POINT('',(3.052641384922,8.710611572261));
#2764 = CARTESIAN_POINT('',(3.066186671285,8.788458613685));
#2765 = CARTESIAN_POINT('',(3.070367600061,8.810933721159));
#2766 = CARTESIAN_POINT('',(3.074728702508,8.832721347456));
#2767 = CARTESIAN_POINT('',(3.079286012505,8.853705280564));
#2768 = CARTESIAN_POINT('',(3.084054242004,8.873722925201));
#2769 = CARTESIAN_POINT('',(3.089046781041,8.892565302811));
#2770 = CARTESIAN_POINT('',(3.094275697726,8.909977051567));
#2771 = CARTESIAN_POINT('',(3.102514001196,8.933565527099));
#2772 = CARTESIAN_POINT('',(3.105341917352,8.941041690969));
#2773 = CARTESIAN_POINT('',(3.108232417581,8.948031093254));
#2774 = CARTESIAN_POINT('',(3.111182440334,8.954482619695));
#2775 = CARTESIAN_POINT('',(3.114188931647,8.960347866494));
#2776 = CARTESIAN_POINT('',(3.117248845146,8.96558114032));
#2777 = CARTESIAN_POINT('',(3.12035914204,8.970139458305));
#2778 = CARTESIAN_POINT('',(3.125724717296,8.976669755583));
#2779 = CARTESIAN_POINT('',(3.12795446028,8.979005648216));
#2780 = CARTESIAN_POINT('',(3.130202452841,8.980974149281));
#2781 = CARTESIAN_POINT('',(3.132465146993,8.982562313736));
#2782 = CARTESIAN_POINT('',(3.134739014002,8.983760328158));
#2783 = CARTESIAN_POINT('',(3.137020544385,8.984561510746));
#2784 = CARTESIAN_POINT('',(3.139306247908,8.98496231132));
#2785 = CARTESIAN_POINT('',(3.145816273529,8.98496231132));
#2786 = CARTESIAN_POINT('',(3.15002698643,8.983594705779));
#2787 = CARTESIAN_POINT('',(3.154208611849,8.980873796845));
#2788 = CARTESIAN_POINT('',(3.158344714616,8.976840222262));
#2789 = CARTESIAN_POINT('',(3.162418604836,8.971560955371));
#2790 = CARTESIAN_POINT('',(3.166413337888,8.965129305111));
#2791 = CARTESIAN_POINT('',(3.170311714426,8.957664916017));
#2792 = CARTESIAN_POINT('',(3.176956906005,8.943001417553));
#2793 = CARTESIAN_POINT('',(3.17975933951,8.936167287579));
#2794 = CARTESIAN_POINT('',(3.182503677735,8.928851926632));
#2795 = CARTESIAN_POINT('',(3.185190089407,8.921094386559));
#2796 = CARTESIAN_POINT('',(3.187818815136,8.912932222712));
#2797 = CARTESIAN_POINT('',(3.190390167418,8.904401493957));
#2798 = CARTESIAN_POINT('',(3.192904530629,8.895536762669));
#2799 = CARTESIAN_POINT('',(3.199639783908,8.870419856718));
#2800 = CARTESIAN_POINT('',(3.203751792317,8.85353562534));
#2801 = CARTESIAN_POINT('',(3.207706146053,8.835864911628));
#2802 = CARTESIAN_POINT('',(3.211511178894,8.817530854808));
#2803 = CARTESIAN_POINT('',(3.215175798595,8.798633222304));
#2804 = CARTESIAN_POINT('',(3.218709486888,8.779248409737));
#2805 = CARTESIAN_POINT('',(3.222122299486,8.759429440928));
#2806 = CARTESIAN_POINT('',(3.229672505741,8.7131952808));
#2807 = CARTESIAN_POINT('',(3.233738836165,8.686509016682));
#2808 = CARTESIAN_POINT('',(3.237634812914,8.659279023781));
#2809 = CARTESIAN_POINT('',(3.241371690395,8.63160814019));
#2810 = CARTESIAN_POINT('',(3.244961026257,8.60357019925));
#2811 = CARTESIAN_POINT('',(3.248414685785,8.575210034942));
#2812 = CARTESIAN_POINT('',(3.251744846292,8.546543487283));
#2813 = CARTESIAN_POINT('',(3.267224303013,8.407162583865));
#2814 = CARTESIAN_POINT('',(3.278014804461,8.290868623725));
#2815 = CARTESIAN_POINT('',(3.287504979002,8.17182984272));
#2816 = CARTESIAN_POINT('',(3.295871419946,8.05195445658));
#2817 = CARTESIAN_POINT('',(3.303288091136,7.932045874656));
#2818 = CARTESIAN_POINT('',(3.309915747647,7.811946218984));
#2819 = CARTESIAN_POINT('',(3.31589052684,7.690682069107));
#2820 = CARTESIAN_POINT('',(3.32972723919,7.374013936533));
#2821 = CARTESIAN_POINT('',(3.336624837612,7.178868053685));
#2822 = CARTESIAN_POINT('',(3.342161123101,6.982794431325));
#2823 = CARTESIAN_POINT('',(3.346465914948,6.786610275253));
#2824 = CARTESIAN_POINT('',(3.349638269979,6.590526208831));
#2825 = CARTESIAN_POINT('',(3.351742409087,6.394342307564));
#2826 = CARTESIAN_POINT('',(3.352803533949,6.197644309294));
#2827 = CARTESIAN_POINT('',(3.352803533949,6.));
#2828 = ( GEOMETRIC_REPRESENTATION_CONTEXT(2) 
PARAMETRIC_REPRESENTATION_CONTEXT() REPRESENTATION_CONTEXT('2D SPACE',''
  ) );
#2829 = ORIENTED_EDGE('',*,*,#2830,.T.);
#2830 = EDGE_CURVE('',#2365,#2172,#2831,.T.);
#2831 = SURFACE_CURVE('',#2832,(#2836,#2842),.PCURVE_S1.);
#2832 = LINE('',#2833,#2834);
#2833 = CARTESIAN_POINT('',(0.2,80.25,44.599551567252));
#2834 = VECTOR('',#2835,1.);
#2835 = DIRECTION('',(-0.,1.,-0.));
#2836 = PCURVE('',#635,#2837);
#2837 = DEFINITIONAL_REPRESENTATION('',(#2838),#2841);
#2838 = B_SPLINE_CURVE_WITH_KNOTS('',1,(#2839,#2840),.UNSPECIFIED.,.F.,
  .F.,(2,2),(-36.0000006,6.000000070117E-07),.PIECEWISE_BEZIER_KNOTS.);
#2839 = CARTESIAN_POINT('',(-1.566312006833,-36.0000006));
#2840 = CARTESIAN_POINT('',(-1.566312006833,6.000000070117E-07));
#2841 = ( GEOMETRIC_REPRESENTATION_CONTEXT(2) 
PARAMETRIC_REPRESENTATION_CONTEXT() REPRESENTATION_CONTEXT('2D SPACE',''
  ) );
#2842 = PCURVE('',#2353,#2843);
#2843 = DEFINITIONAL_REPRESENTATION('',(#2844),#2847);
#2844 = B_SPLINE_CURVE_WITH_KNOTS('',1,(#2845,#2846),.UNSPECIFIED.,.F.,
  .F.,(2,2),(-36.0000006,6.000000070117E-07),.PIECEWISE_BEZIER_KNOTS.);
#2845 = CARTESIAN_POINT('',(155.40044843274,-36.0000006));
#2846 = CARTESIAN_POINT('',(155.40044843274,6.000000070117E-07));
#2847 = ( GEOMETRIC_REPRESENTATION_CONTEXT(2) 
PARAMETRIC_REPRESENTATION_CONTEXT() REPRESENTATION_CONTEXT('2D SPACE',''
  ) );
#2848 = FACE_BOUND('',#2849,.T.);
#2849 = EDGE_LOOP('',(#2850,#2873,#2901,#2927));
#2850 = ORIENTED_EDGE('',*,*,#2851,.T.);
#2851 = EDGE_CURVE('',#2852,#2854,#2856,.T.);
#2852 = VERTEX_POINT('',#2853);
#2853 = CARTESIAN_POINT('',(40.469078491693,49.25,18.746031207518));
#2854 = VERTEX_POINT('',#2855);
#2855 = CARTESIAN_POINT('',(40.469078491693,67.25,18.746031207518));
#2856 = SURFACE_CURVE('',#2857,(#2861,#2867),.PCURVE_S1.);
#2857 = LINE('',#2858,#2859);
#2858 = CARTESIAN_POINT('',(40.469078491693,80.25,18.746031207518));
#2859 = VECTOR('',#2860,1.);
#2860 = DIRECTION('',(-0.,1.,-0.));
#2861 = PCURVE('',#635,#2862);
#2862 = DEFINITIONAL_REPRESENTATION('',(#2863),#2866);
#2863 = B_SPLINE_CURVE_WITH_KNOTS('',1,(#2864,#2865),.UNSPECIFIED.,.F.,
  .F.,(2,2),(-32.8,-11.2),.PIECEWISE_BEZIER_KNOTS.);
#2864 = CARTESIAN_POINT('',(-0.433792006522,-32.8));
#2865 = CARTESIAN_POINT('',(-0.433792006522,-11.2));
#2866 = ( GEOMETRIC_REPRESENTATION_CONTEXT(2) 
PARAMETRIC_REPRESENTATION_CONTEXT() REPRESENTATION_CONTEXT('2D SPACE',''
  ) );
#2867 = PCURVE('',#181,#2868);
#2868 = DEFINITIONAL_REPRESENTATION('',(#2869),#2872);
#2869 = B_SPLINE_CURVE_WITH_KNOTS('',1,(#2870,#2871),.UNSPECIFIED.,.F.,
  .F.,(2,2),(-32.8,-11.2),.PIECEWISE_BEZIER_KNOTS.);
#2870 = CARTESIAN_POINT('',(7.420265645311,-19.8));
#2871 = CARTESIAN_POINT('',(7.420265645311,1.8));
#2872 = ( GEOMETRIC_REPRESENTATION_CONTEXT(2) 
PARAMETRIC_REPRESENTATION_CONTEXT() REPRESENTATION_CONTEXT('2D SPACE',''
  ) );
#2873 = ORIENTED_EDGE('',*,*,#2874,.F.);
#2874 = EDGE_CURVE('',#2875,#2854,#2877,.T.);
#2875 = VERTEX_POINT('',#2876);
#2876 = CARTESIAN_POINT('',(36.469078491693,67.25,25.674234437793));
#2877 = SURFACE_CURVE('',#2878,(#2883,#2890),.PCURVE_S1.);
#2878 = CIRCLE('',#2879,44.6);
#2879 = AXIS2_PLACEMENT_3D('',#2880,#2881,#2882);
#2880 = CARTESIAN_POINT('',(3.009113861907E-15,67.25,1.128417698215E-15)
  );
#2881 = DIRECTION('',(-0.,1.,0.));
#2882 = DIRECTION('',(1.,0.,0.));
#2883 = PCURVE('',#635,#2884);
#2884 = DEFINITIONAL_REPRESENTATION('',(#2885),#2889);
#2885 = LINE('',#2886,#2887);
#2886 = CARTESIAN_POINT('',(-6.28318530718,-13.));
#2887 = VECTOR('',#2888,1.);
#2888 = DIRECTION('',(1.,-0.));
#2889 = ( GEOMETRIC_REPRESENTATION_CONTEXT(2) 
PARAMETRIC_REPRESENTATION_CONTEXT() REPRESENTATION_CONTEXT('2D SPACE',''
  ) );
#2890 = PCURVE('',#207,#2891);
#2891 = DEFINITIONAL_REPRESENTATION('',(#2892),#2900);
#2892 = ( BOUNDED_CURVE() B_SPLINE_CURVE(2,(#2893,#2894,#2895,#2896,
#2897,#2898,#2899),.UNSPECIFIED.,.T.,.F.) B_SPLINE_CURVE_WITH_KNOTS((1,2
    ,2,2,2,1),(-2.094395102393,0.,2.094395102393,4.188790204786,
6.28318530718,8.377580409573),.UNSPECIFIED.) CURVE() 
GEOMETRIC_REPRESENTATION_ITEM() RATIONAL_B_SPLINE_CURVE((1.,0.5,1.,0.5,
1.,0.5,1.)) REPRESENTATION_ITEM('') );
#2893 = CARTESIAN_POINT('',(21.5,7.360907637269));
#2894 = CARTESIAN_POINT('',(98.749466017572,7.360907637269));
#2895 = CARTESIAN_POINT('',(60.124733008786,-59.53909236273));
#2896 = CARTESIAN_POINT('',(21.5,-126.4390923627));
#2897 = CARTESIAN_POINT('',(-17.12473300878,-59.53909236273));
#2898 = CARTESIAN_POINT('',(-55.74946601757,7.360907637269));
#2899 = CARTESIAN_POINT('',(21.5,7.360907637269));
#2900 = ( GEOMETRIC_REPRESENTATION_CONTEXT(2) 
PARAMETRIC_REPRESENTATION_CONTEXT() REPRESENTATION_CONTEXT('2D SPACE',''
  ) );
#2901 = ORIENTED_EDGE('',*,*,#2902,.F.);
#2902 = EDGE_CURVE('',#2903,#2875,#2905,.T.);
#2903 = VERTEX_POINT('',#2904);
#2904 = CARTESIAN_POINT('',(36.469078491693,49.25,25.674234437793));
#2905 = SURFACE_CURVE('',#2906,(#2910,#2916),.PCURVE_S1.);
#2906 = LINE('',#2907,#2908);
#2907 = CARTESIAN_POINT('',(36.469078491693,80.25,25.674234437793));
#2908 = VECTOR('',#2909,1.);
#2909 = DIRECTION('',(-0.,1.,-0.));
#2910 = PCURVE('',#635,#2911);
#2911 = DEFINITIONAL_REPRESENTATION('',(#2912),#2915);
#2912 = B_SPLINE_CURVE_WITH_KNOTS('',1,(#2913,#2914),.UNSPECIFIED.,.F.,
  .F.,(2,2),(-32.8,-11.2),.PIECEWISE_BEZIER_KNOTS.);
#2913 = CARTESIAN_POINT('',(-0.613405544675,-32.8));
#2914 = CARTESIAN_POINT('',(-0.613405544675,-11.2));
#2915 = ( GEOMETRIC_REPRESENTATION_CONTEXT(2) 
PARAMETRIC_REPRESENTATION_CONTEXT() REPRESENTATION_CONTEXT('2D SPACE',''
  ) );
#2916 = PCURVE('',#2917,#2922);
#2917 = PLANE('',#2918);
#2918 = AXIS2_PLACEMENT_3D('',#2919,#2920,#2921);
#2919 = CARTESIAN_POINT('',(40.435244785438,67.25,27.964101615138));
#2920 = DIRECTION('',(0.5,0.,-0.866025403784));
#2921 = DIRECTION('',(-0.866025403784,0.,-0.5));
#2922 = DEFINITIONAL_REPRESENTATION('',(#2923),#2926);
#2923 = B_SPLINE_CURVE_WITH_KNOTS('',1,(#2924,#2925),.UNSPECIFIED.,.F.,
  .F.,(2,2),(-32.8,-11.2),.PIECEWISE_BEZIER_KNOTS.);
#2924 = CARTESIAN_POINT('',(4.579734354689,-19.8));
#2925 = CARTESIAN_POINT('',(4.579734354689,1.8));
#2926 = ( GEOMETRIC_REPRESENTATION_CONTEXT(2) 
PARAMETRIC_REPRESENTATION_CONTEXT() REPRESENTATION_CONTEXT('2D SPACE',''
  ) );
#2927 = ORIENTED_EDGE('',*,*,#2928,.T.);
#2928 = EDGE_CURVE('',#2903,#2852,#2929,.T.);
#2929 = SURFACE_CURVE('',#2930,(#2935,#2942),.PCURVE_S1.);
#2930 = CIRCLE('',#2931,44.6);
#2931 = AXIS2_PLACEMENT_3D('',#2932,#2933,#2934);
#2932 = CARTESIAN_POINT('',(3.009113861907E-15,49.25,1.128417698215E-15)
  );
#2933 = DIRECTION('',(-0.,1.,0.));
#2934 = DIRECTION('',(1.,0.,0.));
#2935 = PCURVE('',#635,#2936);
#2936 = DEFINITIONAL_REPRESENTATION('',(#2937),#2941);
#2937 = LINE('',#2938,#2939);
#2938 = CARTESIAN_POINT('',(-6.28318530718,-31.));
#2939 = VECTOR('',#2940,1.);
#2940 = DIRECTION('',(1.,-0.));
#2941 = ( GEOMETRIC_REPRESENTATION_CONTEXT(2) 
PARAMETRIC_REPRESENTATION_CONTEXT() REPRESENTATION_CONTEXT('2D SPACE',''
  ) );
#2942 = PCURVE('',#155,#2943);
#2943 = DEFINITIONAL_REPRESENTATION('',(#2944),#2952);
#2944 = ( BOUNDED_CURVE() B_SPLINE_CURVE(2,(#2945,#2946,#2947,#2948,
#2949,#2950,#2951),.UNSPECIFIED.,.T.,.F.) B_SPLINE_CURVE_WITH_KNOTS((1,2
    ,2,2,2,1),(-2.094395102393,0.,2.094395102393,4.188790204786,
6.28318530718,8.377580409573),.UNSPECIFIED.) CURVE() 
GEOMETRIC_REPRESENTATION_ITEM() RATIONAL_B_SPLINE_CURVE((1.,0.5,1.,0.5,
1.,0.5,1.)) REPRESENTATION_ITEM('') );
#2945 = CARTESIAN_POINT('',(21.5,7.360907637269));
#2946 = CARTESIAN_POINT('',(98.749466017572,7.360907637269));
#2947 = CARTESIAN_POINT('',(60.124733008786,-59.53909236273));
#2948 = CARTESIAN_POINT('',(21.5,-126.4390923627));
#2949 = CARTESIAN_POINT('',(-17.12473300878,-59.53909236273));
#2950 = CARTESIAN_POINT('',(-55.74946601757,7.360907637269));
#2951 = CARTESIAN_POINT('',(21.5,7.360907637269));
#2952 = ( GEOMETRIC_REPRESENTATION_CONTEXT(2) 
PARAMETRIC_REPRESENTATION_CONTEXT() REPRESENTATION_CONTEXT('2D SPACE',''
  ) );
#2953 = ADVANCED_FACE('',(#2954),#2917,.T.);
#2954 = FACE_BOUND('',#2955,.T.);
#2955 = EDGE_LOOP('',(#2956,#2979,#3000,#3021));
#2956 = ORIENTED_EDGE('',*,*,#2957,.F.);
#2957 = EDGE_CURVE('',#2958,#2875,#2960,.T.);
#2958 = VERTEX_POINT('',#2959);
#2959 = CARTESIAN_POINT('',(39.210843961623,67.25,27.257193469912));
#2960 = SURFACE_CURVE('',#2961,(#2965,#2972),.PCURVE_S1.);
#2961 = LINE('',#2962,#2963);
#2962 = CARTESIAN_POINT('',(40.435244785438,67.25,27.964101615138));
#2963 = VECTOR('',#2964,1.);
#2964 = DIRECTION('',(-0.866025403784,0.,-0.5));
#2965 = PCURVE('',#2917,#2966);
#2966 = DEFINITIONAL_REPRESENTATION('',(#2967),#2971);
#2967 = LINE('',#2968,#2969);
#2968 = CARTESIAN_POINT('',(0.,0.));
#2969 = VECTOR('',#2970,1.);
#2970 = DIRECTION('',(1.,0.));
#2971 = ( GEOMETRIC_REPRESENTATION_CONTEXT(2) 
PARAMETRIC_REPRESENTATION_CONTEXT() REPRESENTATION_CONTEXT('2D SPACE',''
  ) );
#2972 = PCURVE('',#207,#2973);
#2973 = DEFINITIONAL_REPRESENTATION('',(#2974),#2978);
#2974 = LINE('',#2975,#2976);
#2975 = CARTESIAN_POINT('',(-6.464101615138,3.196152422707));
#2976 = VECTOR('',#2977,1.);
#2977 = DIRECTION('',(0.5,-0.866025403784));
#2978 = ( GEOMETRIC_REPRESENTATION_CONTEXT(2) 
PARAMETRIC_REPRESENTATION_CONTEXT() REPRESENTATION_CONTEXT('2D SPACE',''
  ) );
#2979 = ORIENTED_EDGE('',*,*,#2980,.T.);
#2980 = EDGE_CURVE('',#2958,#2981,#2983,.T.);
#2981 = VERTEX_POINT('',#2982);
#2982 = CARTESIAN_POINT('',(39.210843961623,49.25,27.257193469912));
#2983 = SURFACE_CURVE('',#2984,(#2988,#2994),.PCURVE_S1.);
#2984 = LINE('',#2985,#2986);
#2985 = CARTESIAN_POINT('',(39.210843961623,73.75,27.257193469912));
#2986 = VECTOR('',#2987,1.);
#2987 = DIRECTION('',(0.,-1.,-0.));
#2988 = PCURVE('',#2917,#2989);
#2989 = DEFINITIONAL_REPRESENTATION('',(#2990),#2993);
#2990 = B_SPLINE_CURVE_WITH_KNOTS('',1,(#2991,#2992),.UNSPECIFIED.,.F.,
  .F.,(2,2),(6.5,24.5),.PIECEWISE_BEZIER_KNOTS.);
#2991 = CARTESIAN_POINT('',(1.413816290451,0.));
#2992 = CARTESIAN_POINT('',(1.413816290451,-18.));
#2993 = ( GEOMETRIC_REPRESENTATION_CONTEXT(2) 
PARAMETRIC_REPRESENTATION_CONTEXT() REPRESENTATION_CONTEXT('2D SPACE',''
  ) );
#2994 = PCURVE('',#128,#2995);
#2995 = DEFINITIONAL_REPRESENTATION('',(#2996),#2999);
#2996 = B_SPLINE_CURVE_WITH_KNOTS('',1,(#2997,#2998),.UNSPECIFIED.,.F.,
  .F.,(2,2),(6.5,24.5),.PIECEWISE_BEZIER_KNOTS.);
#2997 = CARTESIAN_POINT('',(4.14110472164,-13.));
#2998 = CARTESIAN_POINT('',(4.14110472164,-31.));
#2999 = ( GEOMETRIC_REPRESENTATION_CONTEXT(2) 
PARAMETRIC_REPRESENTATION_CONTEXT() REPRESENTATION_CONTEXT('2D SPACE',''
  ) );
#3000 = ORIENTED_EDGE('',*,*,#3001,.T.);
#3001 = EDGE_CURVE('',#2981,#2903,#3002,.T.);
#3002 = SURFACE_CURVE('',#3003,(#3007,#3014),.PCURVE_S1.);
#3003 = LINE('',#3004,#3005);
#3004 = CARTESIAN_POINT('',(40.435244785438,49.25,27.964101615138));
#3005 = VECTOR('',#3006,1.);
#3006 = DIRECTION('',(-0.866025403784,0.,-0.5));
#3007 = PCURVE('',#2917,#3008);
#3008 = DEFINITIONAL_REPRESENTATION('',(#3009),#3013);
#3009 = LINE('',#3010,#3011);
#3010 = CARTESIAN_POINT('',(-0.,-18.));
#3011 = VECTOR('',#3012,1.);
#3012 = DIRECTION('',(1.,0.));
#3013 = ( GEOMETRIC_REPRESENTATION_CONTEXT(2) 
PARAMETRIC_REPRESENTATION_CONTEXT() REPRESENTATION_CONTEXT('2D SPACE',''
  ) );
#3014 = PCURVE('',#155,#3015);
#3015 = DEFINITIONAL_REPRESENTATION('',(#3016),#3020);
#3016 = LINE('',#3017,#3018);
#3017 = CARTESIAN_POINT('',(-6.464101615138,3.196152422707));
#3018 = VECTOR('',#3019,1.);
#3019 = DIRECTION('',(0.5,-0.866025403784));
#3020 = ( GEOMETRIC_REPRESENTATION_CONTEXT(2) 
PARAMETRIC_REPRESENTATION_CONTEXT() REPRESENTATION_CONTEXT('2D SPACE',''
  ) );
#3021 = ORIENTED_EDGE('',*,*,#2902,.T.);
#3022 = ADVANCED_FACE('',(#3023),#2672,.T.);
#3023 = FACE_BOUND('',#3024,.T.);
#3024 = EDGE_LOOP('',(#3025,#3026));
#3025 = ORIENTED_EDGE('',*,*,#2364,.F.);
#3026 = ORIENTED_EDGE('',*,*,#3027,.T.);
#3027 = EDGE_CURVE('',#2339,#2365,#3028,.T.);
#3028 = SURFACE_CURVE('',#3029,(#3034,#3041),.PCURVE_S1.);
#3029 = CIRCLE('',#3030,4.5);
#3030 = AXIS2_PLACEMENT_3D('',#3031,#3032,#3033);
#3031 = CARTESIAN_POINT('',(0.2,72.25,49.));
#3032 = DIRECTION('',(1.,0.,0.));
#3033 = DIRECTION('',(-0.,0.,1.));
#3034 = PCURVE('',#2672,#3035);
#3035 = DEFINITIONAL_REPRESENTATION('',(#3036),#3040);
#3036 = LINE('',#3037,#3038);
#3037 = CARTESIAN_POINT('',(0.,6.2));
#3038 = VECTOR('',#3039,1.);
#3039 = DIRECTION('',(1.,0.));
#3040 = ( GEOMETRIC_REPRESENTATION_CONTEXT(2) 
PARAMETRIC_REPRESENTATION_CONTEXT() REPRESENTATION_CONTEXT('2D SPACE',''
  ) );
#3041 = PCURVE('',#2353,#3042);
#3042 = DEFINITIONAL_REPRESENTATION('',(#3043),#3047);
#3043 = CIRCLE('',#3044,4.5);
#3044 = AXIS2_PLACEMENT_2D('',#3045,#3046);
#3045 = CARTESIAN_POINT('',(151.,-8.));
#3046 = DIRECTION('',(-1.,0.));
#3047 = ( GEOMETRIC_REPRESENTATION_CONTEXT(2) 
PARAMETRIC_REPRESENTATION_CONTEXT() REPRESENTATION_CONTEXT('2D SPACE',''
  ) );
#3048 = ADVANCED_FACE('',(#3049,#3176),#2353,.F.);
#3049 = FACE_BOUND('',#3050,.F.);
#3050 = EDGE_LOOP('',(#3051,#3074,#3100,#3133,#3154,#3173,#3174,#3175));
#3051 = ORIENTED_EDGE('',*,*,#3052,.F.);
#3052 = EDGE_CURVE('',#3053,#2172,#3055,.T.);
#3053 = VERTEX_POINT('',#3054);
#3054 = CARTESIAN_POINT('',(0.2,80.25,48.604390640788));
#3055 = SURFACE_CURVE('',#3056,(#3060,#3067),.PCURVE_S1.);
#3056 = LINE('',#3057,#3058);
#3057 = CARTESIAN_POINT('',(0.2,80.25,200.));
#3058 = VECTOR('',#3059,1.);
#3059 = DIRECTION('',(0.,-0.,-1.));
#3060 = PCURVE('',#2353,#3061);
#3061 = DEFINITIONAL_REPRESENTATION('',(#3062),#3066);
#3062 = LINE('',#3063,#3064);
#3063 = CARTESIAN_POINT('',(0.,0.));
#3064 = VECTOR('',#3065,1.);
#3065 = DIRECTION('',(1.,0.));
#3066 = ( GEOMETRIC_REPRESENTATION_CONTEXT(2) 
PARAMETRIC_REPRESENTATION_CONTEXT() REPRESENTATION_CONTEXT('2D SPACE',''
  ) );
#3067 = PCURVE('',#44,#3068);
#3068 = DEFINITIONAL_REPRESENTATION('',(#3069),#3073);
#3069 = LINE('',#3070,#3071);
#3070 = CARTESIAN_POINT('',(-200.,0.2));
#3071 = VECTOR('',#3072,1.);
#3072 = DIRECTION('',(1.,0.));
#3073 = ( GEOMETRIC_REPRESENTATION_CONTEXT(2) 
PARAMETRIC_REPRESENTATION_CONTEXT() REPRESENTATION_CONTEXT('2D SPACE',''
  ) );
#3074 = ORIENTED_EDGE('',*,*,#3075,.T.);
#3075 = EDGE_CURVE('',#3053,#3076,#3078,.T.);
#3076 = VERTEX_POINT('',#3077);
#3077 = CARTESIAN_POINT('',(0.2,76.732576629005,48.604390640788));
#3078 = SURFACE_CURVE('',#3079,(#3083,#3089),.PCURVE_S1.);
#3079 = LINE('',#3080,#3081);
#3080 = CARTESIAN_POINT('',(0.2,80.25,48.604390640788));
#3081 = VECTOR('',#3082,1.);
#3082 = DIRECTION('',(0.,-1.,0.));
#3083 = PCURVE('',#2353,#3084);
#3084 = DEFINITIONAL_REPRESENTATION('',(#3085),#3088);
#3085 = B_SPLINE_CURVE_WITH_KNOTS('',1,(#3086,#3087),.UNSPECIFIED.,.F.,
  .F.,(2,2),(0.,36.),.PIECEWISE_BEZIER_KNOTS.);
#3086 = CARTESIAN_POINT('',(151.39560935921,0.));
#3087 = CARTESIAN_POINT('',(151.39560935921,-36.));
#3088 = ( GEOMETRIC_REPRESENTATION_CONTEXT(2) 
PARAMETRIC_REPRESENTATION_CONTEXT() REPRESENTATION_CONTEXT('2D SPACE',''
  ) );
#3089 = PCURVE('',#3090,#3095);
#3090 = PLANE('',#3091);
#3091 = AXIS2_PLACEMENT_3D('',#3092,#3093,#3094);
#3092 = CARTESIAN_POINT('',(24.328990239637,80.25,42.139047191899));
#3093 = DIRECTION('',(-0.258819045103,0.,-0.965925826289));
#3094 = DIRECTION('',(-0.965925826289,0.,0.258819045103));
#3095 = DEFINITIONAL_REPRESENTATION('',(#3096),#3099);
#3096 = B_SPLINE_CURVE_WITH_KNOTS('',1,(#3097,#3098),.UNSPECIFIED.,.F.,
  .F.,(2,2),(0.,36.),.PIECEWISE_BEZIER_KNOTS.);
#3097 = CARTESIAN_POINT('',(24.980168852444,0.));
#3098 = CARTESIAN_POINT('',(24.980168852444,-36.));
#3099 = ( GEOMETRIC_REPRESENTATION_CONTEXT(2) 
PARAMETRIC_REPRESENTATION_CONTEXT() REPRESENTATION_CONTEXT('2D SPACE',''
  ) );
#3100 = ORIENTED_EDGE('',*,*,#3101,.F.);
#3101 = EDGE_CURVE('',#3102,#3076,#3104,.T.);
#3102 = VERTEX_POINT('',#3103);
#3103 = CARTESIAN_POINT('',(0.2,67.767423370995,48.604390640788));
#3104 = SURFACE_CURVE('',#3105,(#3110,#3121),.PCURVE_S1.);
#3105 = CIRCLE('',#3106,4.5);
#3106 = AXIS2_PLACEMENT_3D('',#3107,#3108,#3109);
#3107 = CARTESIAN_POINT('',(0.2,72.25,49.));
#3108 = DIRECTION('',(-1.,-4.953503828317E-16,-4.636077388007E-33));
#3109 = DIRECTION('',(4.93432455389E-16,-0.996128139779,
    -8.791319093607E-02));
#3110 = PCURVE('',#2353,#3111);
#3111 = DEFINITIONAL_REPRESENTATION('',(#3112),#3120);
#3112 = ( BOUNDED_CURVE() B_SPLINE_CURVE(2,(#3113,#3114,#3115,#3116,
#3117,#3118,#3119),.UNSPECIFIED.,.T.,.F.) B_SPLINE_CURVE_WITH_KNOTS((1,2
    ,2,2,2,1),(-2.094395102393,0.,2.094395102393,4.188790204786,
6.28318530718,8.377580409573),.UNSPECIFIED.) CURVE() 
GEOMETRIC_REPRESENTATION_ITEM() RATIONAL_B_SPLINE_CURVE((1.,0.5,1.,0.5,
1.,0.5,1.)) REPRESENTATION_ITEM('') );
#3113 = CARTESIAN_POINT('',(151.39560935921,-12.482576629));
#3114 = CARTESIAN_POINT('',(143.63155888895,-13.16779213911));
#3115 = CARTESIAN_POINT('',(146.92017008526,-6.10131944055));
#3116 = CARTESIAN_POINT('',(150.20878128157,0.96515325801));
#3117 = CARTESIAN_POINT('',(154.68422055552,-5.416103930445));
#3118 = CARTESIAN_POINT('',(159.15965982947,-11.7973611189));
#3119 = CARTESIAN_POINT('',(151.39560935921,-12.482576629));
#3120 = ( GEOMETRIC_REPRESENTATION_CONTEXT(2) 
PARAMETRIC_REPRESENTATION_CONTEXT() REPRESENTATION_CONTEXT('2D SPACE',''
  ) );
#3121 = PCURVE('',#3122,#3127);
#3122 = CYLINDRICAL_SURFACE('',#3123,4.5);
#3123 = AXIS2_PLACEMENT_3D('',#3124,#3125,#3126);
#3124 = CARTESIAN_POINT('',(-6.,72.25,49.));
#3125 = DIRECTION('',(1.,0.,0.));
#3126 = DIRECTION('',(-0.,0.,1.));
#3127 = DEFINITIONAL_REPRESENTATION('',(#3128),#3132);
#3128 = LINE('',#3129,#3130);
#3129 = CARTESIAN_POINT('',(7.942008463456,6.2));
#3130 = VECTOR('',#3131,1.);
#3131 = DIRECTION('',(-1.,-0.));
#3132 = ( GEOMETRIC_REPRESENTATION_CONTEXT(2) 
PARAMETRIC_REPRESENTATION_CONTEXT() REPRESENTATION_CONTEXT('2D SPACE',''
  ) );
#3133 = ORIENTED_EDGE('',*,*,#3134,.T.);
#3134 = EDGE_CURVE('',#3102,#3135,#3137,.T.);
#3135 = VERTEX_POINT('',#3136);
#3136 = CARTESIAN_POINT('',(0.2,67.25,48.604390640788));
#3137 = SURFACE_CURVE('',#3138,(#3142,#3148),.PCURVE_S1.);
#3138 = LINE('',#3139,#3140);
#3139 = CARTESIAN_POINT('',(0.2,80.25,48.604390640788));
#3140 = VECTOR('',#3141,1.);
#3141 = DIRECTION('',(0.,-1.,0.));
#3142 = PCURVE('',#2353,#3143);
#3143 = DEFINITIONAL_REPRESENTATION('',(#3144),#3147);
#3144 = B_SPLINE_CURVE_WITH_KNOTS('',1,(#3145,#3146),.UNSPECIFIED.,.F.,
  .F.,(2,2),(0.,36.),.PIECEWISE_BEZIER_KNOTS.);
#3145 = CARTESIAN_POINT('',(151.39560935921,0.));
#3146 = CARTESIAN_POINT('',(151.39560935921,-36.));
#3147 = ( GEOMETRIC_REPRESENTATION_CONTEXT(2) 
PARAMETRIC_REPRESENTATION_CONTEXT() REPRESENTATION_CONTEXT('2D SPACE',''
  ) );
#3148 = PCURVE('',#3090,#3149);
#3149 = DEFINITIONAL_REPRESENTATION('',(#3150),#3153);
#3150 = B_SPLINE_CURVE_WITH_KNOTS('',1,(#3151,#3152),.UNSPECIFIED.,.F.,
  .F.,(2,2),(0.,36.),.PIECEWISE_BEZIER_KNOTS.);
#3151 = CARTESIAN_POINT('',(24.980168852444,0.));
#3152 = CARTESIAN_POINT('',(24.980168852444,-36.));
#3153 = ( GEOMETRIC_REPRESENTATION_CONTEXT(2) 
PARAMETRIC_REPRESENTATION_CONTEXT() REPRESENTATION_CONTEXT('2D SPACE',''
  ) );
#3154 = ORIENTED_EDGE('',*,*,#3155,.F.);
#3155 = EDGE_CURVE('',#2306,#3135,#3156,.T.);
#3156 = SURFACE_CURVE('',#3157,(#3161,#3167),.PCURVE_S1.);
#3157 = LINE('',#3158,#3159);
#3158 = CARTESIAN_POINT('',(0.2,67.25,121.5));
#3159 = VECTOR('',#3160,1.);
#3160 = DIRECTION('',(-0.,0.,1.));
#3161 = PCURVE('',#2353,#3162);
#3162 = DEFINITIONAL_REPRESENTATION('',(#3163),#3166);
#3163 = B_SPLINE_CURVE_WITH_KNOTS('',1,(#3164,#3165),.UNSPECIFIED.,.F.,
  .F.,(2,2),(-77.07973435468,-72.84201952072),.PIECEWISE_BEZIER_KNOTS.);
#3164 = CARTESIAN_POINT('',(155.57973435468,-13.));
#3165 = CARTESIAN_POINT('',(151.34201952072,-13.));
#3166 = ( GEOMETRIC_REPRESENTATION_CONTEXT(2) 
PARAMETRIC_REPRESENTATION_CONTEXT() REPRESENTATION_CONTEXT('2D SPACE',''
  ) );
#3167 = PCURVE('',#2322,#3168);
#3168 = DEFINITIONAL_REPRESENTATION('',(#3169),#3172);
#3169 = B_SPLINE_CURVE_WITH_KNOTS('',1,(#3170,#3171),.UNSPECIFIED.,.F.,
  .F.,(2,2),(-77.07973435468,-72.84201952072),.PIECEWISE_BEZIER_KNOTS.);
#3170 = CARTESIAN_POINT('',(-1.420265645311,0.2));
#3171 = CARTESIAN_POINT('',(-5.657980479274,0.2));
#3172 = ( GEOMETRIC_REPRESENTATION_CONTEXT(2) 
PARAMETRIC_REPRESENTATION_CONTEXT() REPRESENTATION_CONTEXT('2D SPACE',''
  ) );
#3173 = ORIENTED_EDGE('',*,*,#2338,.T.);
#3174 = ORIENTED_EDGE('',*,*,#3027,.T.);
#3175 = ORIENTED_EDGE('',*,*,#2830,.T.);
#3176 = FACE_BOUND('',#3177,.F.);
#3177 = EDGE_LOOP('',(#3178));
#3178 = ORIENTED_EDGE('',*,*,#3179,.F.);
#3179 = EDGE_CURVE('',#3180,#3180,#3182,.T.);
#3180 = VERTEX_POINT('',#3181);
#3181 = CARTESIAN_POINT('',(0.2,72.25,50.75));
#3182 = SURFACE_CURVE('',#3183,(#3188,#3195),.PCURVE_S1.);
#3183 = CIRCLE('',#3184,1.75);
#3184 = AXIS2_PLACEMENT_3D('',#3185,#3186,#3187);
#3185 = CARTESIAN_POINT('',(0.2,72.25,49.));
#3186 = DIRECTION('',(1.,0.,0.));
#3187 = DIRECTION('',(-0.,0.,1.));
#3188 = PCURVE('',#2353,#3189);
#3189 = DEFINITIONAL_REPRESENTATION('',(#3190),#3194);
#3190 = CIRCLE('',#3191,1.75);
#3191 = AXIS2_PLACEMENT_2D('',#3192,#3193);
#3192 = CARTESIAN_POINT('',(151.,-8.));
#3193 = DIRECTION('',(-1.,0.));
#3194 = ( GEOMETRIC_REPRESENTATION_CONTEXT(2) 
PARAMETRIC_REPRESENTATION_CONTEXT() REPRESENTATION_CONTEXT('2D SPACE',''
  ) );
#3195 = PCURVE('',#3196,#3201);
#3196 = CYLINDRICAL_SURFACE('',#3197,1.75);
#3197 = AXIS2_PLACEMENT_3D('',#3198,#3199,#3200);
#3198 = CARTESIAN_POINT('',(-7.,72.25,49.));
#3199 = DIRECTION('',(1.,0.,0.));
#3200 = DIRECTION('',(-0.,0.,1.));
#3201 = DEFINITIONAL_REPRESENTATION('',(#3202),#3206);
#3202 = LINE('',#3203,#3204);
#3203 = CARTESIAN_POINT('',(0.,7.2));
#3204 = VECTOR('',#3205,1.);
#3205 = DIRECTION('',(1.,0.));
#3206 = ( GEOMETRIC_REPRESENTATION_CONTEXT(2) 
PARAMETRIC_REPRESENTATION_CONTEXT() REPRESENTATION_CONTEXT('2D SPACE',''
  ) );
#3207 = ADVANCED_FACE('',(#3208),#3196,.F.);
#3208 = FACE_BOUND('',#3209,.F.);
#3209 = EDGE_LOOP('',(#3210,#3211,#3234,#3261));
#3210 = ORIENTED_EDGE('',*,*,#3179,.T.);
#3211 = ORIENTED_EDGE('',*,*,#3212,.T.);
#3212 = EDGE_CURVE('',#3180,#3213,#3215,.T.);
#3213 = VERTEX_POINT('',#3214);
#3214 = CARTESIAN_POINT('',(5.996475632895,72.25,50.75));
#3215 = SEAM_CURVE('',#3216,(#3220,#3227),.PCURVE_S1.);
#3216 = LINE('',#3217,#3218);
#3217 = CARTESIAN_POINT('',(-7.,72.25,50.75));
#3218 = VECTOR('',#3219,1.);
#3219 = DIRECTION('',(1.,0.,0.));
#3220 = PCURVE('',#3196,#3221);
#3221 = DEFINITIONAL_REPRESENTATION('',(#3222),#3226);
#3222 = LINE('',#3223,#3224);
#3223 = CARTESIAN_POINT('',(0.,-0.));
#3224 = VECTOR('',#3225,1.);
#3225 = DIRECTION('',(0.,1.));
#3226 = ( GEOMETRIC_REPRESENTATION_CONTEXT(2) 
PARAMETRIC_REPRESENTATION_CONTEXT() REPRESENTATION_CONTEXT('2D SPACE',''
  ) );
#3227 = PCURVE('',#3196,#3228);
#3228 = DEFINITIONAL_REPRESENTATION('',(#3229),#3233);
#3229 = LINE('',#3230,#3231);
#3230 = CARTESIAN_POINT('',(6.28318530718,-0.));
#3231 = VECTOR('',#3232,1.);
#3232 = DIRECTION('',(0.,1.));
#3233 = ( GEOMETRIC_REPRESENTATION_CONTEXT(2) 
PARAMETRIC_REPRESENTATION_CONTEXT() REPRESENTATION_CONTEXT('2D SPACE',''
  ) );
#3234 = ORIENTED_EDGE('',*,*,#3235,.F.);
#3235 = EDGE_CURVE('',#3213,#3213,#3236,.T.);
#3236 = SURFACE_CURVE('',#3237,(#3242,#3249),.PCURVE_S1.);
#3237 = CIRCLE('',#3238,1.75);
#3238 = AXIS2_PLACEMENT_3D('',#3239,#3240,#3241);
#3239 = CARTESIAN_POINT('',(5.996475632895,72.25,49.));
#3240 = DIRECTION('',(1.,0.,0.));
#3241 = DIRECTION('',(-0.,0.,1.));
#3242 = PCURVE('',#3196,#3243);
#3243 = DEFINITIONAL_REPRESENTATION('',(#3244),#3248);
#3244 = LINE('',#3245,#3246);
#3245 = CARTESIAN_POINT('',(0.,12.996475632895));
#3246 = VECTOR('',#3247,1.);
#3247 = DIRECTION('',(1.,0.));
#3248 = ( GEOMETRIC_REPRESENTATION_CONTEXT(2) 
PARAMETRIC_REPRESENTATION_CONTEXT() REPRESENTATION_CONTEXT('2D SPACE',''
  ) );
#3249 = PCURVE('',#3250,#3255);
#3250 = PLANE('',#3251);
#3251 = AXIS2_PLACEMENT_3D('',#3252,#3253,#3254);
#3252 = CARTESIAN_POINT('',(5.996475632895,72.25,49.));
#3253 = DIRECTION('',(1.,0.,0.));
#3254 = DIRECTION('',(-0.,0.,1.));
#3255 = DEFINITIONAL_REPRESENTATION('',(#3256),#3260);
#3256 = CIRCLE('',#3257,1.75);
#3257 = AXIS2_PLACEMENT_2D('',#3258,#3259);
#3258 = CARTESIAN_POINT('',(1.42108547152E-14,-1.42108547152E-14));
#3259 = DIRECTION('',(1.,0.));
#3260 = ( GEOMETRIC_REPRESENTATION_CONTEXT(2) 
PARAMETRIC_REPRESENTATION_CONTEXT() REPRESENTATION_CONTEXT('2D SPACE',''
  ) );
#3261 = ORIENTED_EDGE('',*,*,#3212,.F.);
#3262 = ADVANCED_FACE('',(#3263,#3294),#3250,.T.);
#3263 = FACE_BOUND('',#3264,.T.);
#3264 = EDGE_LOOP('',(#3265));
#3265 = ORIENTED_EDGE('',*,*,#3266,.T.);
#3266 = EDGE_CURVE('',#3267,#3267,#3269,.T.);
#3267 = VERTEX_POINT('',#3268);
#3268 = CARTESIAN_POINT('',(5.996475632895,72.25,52.753524367105));
#3269 = SURFACE_CURVE('',#3270,(#3275,#3282),.PCURVE_S1.);
#3270 = CIRCLE('',#3271,3.753524367105);
#3271 = AXIS2_PLACEMENT_3D('',#3272,#3273,#3274);
#3272 = CARTESIAN_POINT('',(5.996475632895,72.25,49.));
#3273 = DIRECTION('',(1.,0.,0.));
#3274 = DIRECTION('',(-0.,0.,1.));
#3275 = PCURVE('',#3250,#3276);
#3276 = DEFINITIONAL_REPRESENTATION('',(#3277),#3281);
#3277 = CIRCLE('',#3278,3.753524367105);
#3278 = AXIS2_PLACEMENT_2D('',#3279,#3280);
#3279 = CARTESIAN_POINT('',(0.,0.));
#3280 = DIRECTION('',(1.,0.));
#3281 = ( GEOMETRIC_REPRESENTATION_CONTEXT(2) 
PARAMETRIC_REPRESENTATION_CONTEXT() REPRESENTATION_CONTEXT('2D SPACE',''
  ) );
#3282 = PCURVE('',#3283,#3288);
#3283 = CYLINDRICAL_SURFACE('',#3284,3.753524367105);
#3284 = AXIS2_PLACEMENT_3D('',#3285,#3286,#3287);
#3285 = CARTESIAN_POINT('',(5.996475632895,72.25,49.));
#3286 = DIRECTION('',(1.,0.,0.));
#3287 = DIRECTION('',(-0.,0.,1.));
#3288 = DEFINITIONAL_REPRESENTATION('',(#3289),#3293);
#3289 = LINE('',#3290,#3291);
#3290 = CARTESIAN_POINT('',(0.,0.));
#3291 = VECTOR('',#3292,1.);
#3292 = DIRECTION('',(1.,0.));
#3293 = ( GEOMETRIC_REPRESENTATION_CONTEXT(2) 
PARAMETRIC_REPRESENTATION_CONTEXT() REPRESENTATION_CONTEXT('2D SPACE',''
  ) );
#3294 = FACE_BOUND('',#3295,.T.);
#3295 = EDGE_LOOP('',(#3296));
#3296 = ORIENTED_EDGE('',*,*,#3235,.F.);
#3297 = ADVANCED_FACE('',(#3298),#3283,.F.);
#3298 = FACE_BOUND('',#3299,.F.);
#3299 = EDGE_LOOP('',(#3300,#3331,#3358,#3387,#3408,#3409,#3410,#3434));
#3300 = ORIENTED_EDGE('',*,*,#3301,.F.);
#3301 = EDGE_CURVE('',#3302,#3304,#3306,.T.);
#3302 = VERTEX_POINT('',#3303);
#3303 = CARTESIAN_POINT('',(6.503524367105,69.128582400103,
    46.915366377152));
#3304 = VERTEX_POINT('',#3305);
#3305 = CARTESIAN_POINT('',(6.503524367105,75.371417599897,
    46.915366377152));
#3306 = SURFACE_CURVE('',#3307,(#3312,#3319),.PCURVE_S1.);
#3307 = CIRCLE('',#3308,3.753524367105);
#3308 = AXIS2_PLACEMENT_3D('',#3309,#3310,#3311);
#3309 = CARTESIAN_POINT('',(6.503524367105,72.25,49.));
#3310 = DIRECTION('',(1.,0.,0.));
#3311 = DIRECTION('',(-0.,0.,1.));
#3312 = PCURVE('',#3283,#3313);
#3313 = DEFINITIONAL_REPRESENTATION('',(#3314),#3318);
#3314 = LINE('',#3315,#3316);
#3315 = CARTESIAN_POINT('',(0.,0.507048734211));
#3316 = VECTOR('',#3317,1.);
#3317 = DIRECTION('',(1.,0.));
#3318 = ( GEOMETRIC_REPRESENTATION_CONTEXT(2) 
PARAMETRIC_REPRESENTATION_CONTEXT() REPRESENTATION_CONTEXT('2D SPACE',''
  ) );
#3319 = PCURVE('',#3320,#3325);
#3320 = PLANE('',#3321);
#3321 = AXIS2_PLACEMENT_3D('',#3322,#3323,#3324);
#3322 = CARTESIAN_POINT('',(6.503524367105,72.25,49.));
#3323 = DIRECTION('',(1.,0.,0.));
#3324 = DIRECTION('',(-0.,0.,1.));
#3325 = DEFINITIONAL_REPRESENTATION('',(#3326),#3330);
#3326 = CIRCLE('',#3327,3.753524367105);
#3327 = AXIS2_PLACEMENT_2D('',#3328,#3329);
#3328 = CARTESIAN_POINT('',(0.,0.));
#3329 = DIRECTION('',(1.,0.));
#3330 = ( GEOMETRIC_REPRESENTATION_CONTEXT(2) 
PARAMETRIC_REPRESENTATION_CONTEXT() REPRESENTATION_CONTEXT('2D SPACE',''
  ) );
#3331 = ORIENTED_EDGE('',*,*,#3332,.T.);
#3332 = EDGE_CURVE('',#3302,#3333,#3335,.T.);
#3333 = VERTEX_POINT('',#3334);
#3334 = CARTESIAN_POINT('',(6.,69.042577692394,47.050285324687));
#3335 = SURFACE_CURVE('',#3336,(#3341,#3351),.PCURVE_S1.);
#3336 = ELLIPSE('',#3337,14.50250450317,3.753524367105);
#3337 = AXIS2_PLACEMENT_3D('',#3338,#3339,#3340);
#3338 = CARTESIAN_POINT('',(-1.27643422853,72.25,49.));
#3339 = DIRECTION('',(-0.258819045103,0.,-0.965925826289));
#3340 = DIRECTION('',(0.965925826289,0.,-0.258819045103));
#3341 = PCURVE('',#3283,#3342);
#3342 = DEFINITIONAL_REPRESENTATION('',(#3343),#3350);
#3343 = B_SPLINE_CURVE_WITH_KNOTS('',5,(#3344,#3345,#3346,#3347,#3348,
    #3349),.UNSPECIFIED.,.F.,.F.,(6,6),(0.981974323277,1.02490195516),
  .PIECEWISE_BEZIER_KNOTS.);
#3344 = CARTESIAN_POINT('',(2.159618330313,0.507069134211));
#3345 = CARTESIAN_POINT('',(2.151032803936,0.407053972564));
#3346 = CARTESIAN_POINT('',(2.14244727756,0.30632197082));
#3347 = CARTESIAN_POINT('',(2.133861751183,0.20488848781));
#3348 = CARTESIAN_POINT('',(2.125276224807,0.102769102572));
#3349 = CARTESIAN_POINT('',(2.11669069843,-2.040000000747E-05));
#3350 = ( GEOMETRIC_REPRESENTATION_CONTEXT(2) 
PARAMETRIC_REPRESENTATION_CONTEXT() REPRESENTATION_CONTEXT('2D SPACE',''
  ) );
#3351 = PCURVE('',#3090,#3352);
#3352 = DEFINITIONAL_REPRESENTATION('',(#3353),#3357);
#3353 = ELLIPSE('',#3354,14.50250450317,3.753524367105);
#3354 = AXIS2_PLACEMENT_2D('',#3355,#3356);
#3355 = CARTESIAN_POINT('',(26.508686041183,-8.));
#3356 = DIRECTION('',(-1.,0.));
#3357 = ( GEOMETRIC_REPRESENTATION_CONTEXT(2) 
PARAMETRIC_REPRESENTATION_CONTEXT() REPRESENTATION_CONTEXT('2D SPACE',''
  ) );
#3358 = ORIENTED_EDGE('',*,*,#3359,.F.);
#3359 = EDGE_CURVE('',#3360,#3333,#3362,.T.);
#3360 = VERTEX_POINT('',#3361);
#3361 = CARTESIAN_POINT('',(6.,72.25,52.753524367105));
#3362 = SURFACE_CURVE('',#3363,(#3368,#3375),.PCURVE_S1.);
#3363 = CIRCLE('',#3364,3.753524367105);
#3364 = AXIS2_PLACEMENT_3D('',#3365,#3366,#3367);
#3365 = CARTESIAN_POINT('',(6.,72.25,49.));
#3366 = DIRECTION('',(1.,0.,0.));
#3367 = DIRECTION('',(-0.,0.,1.));
#3368 = PCURVE('',#3283,#3369);
#3369 = DEFINITIONAL_REPRESENTATION('',(#3370),#3374);
#3370 = LINE('',#3371,#3372);
#3371 = CARTESIAN_POINT('',(0.,3.524367105408E-03));
#3372 = VECTOR('',#3373,1.);
#3373 = DIRECTION('',(1.,0.));
#3374 = ( GEOMETRIC_REPRESENTATION_CONTEXT(2) 
PARAMETRIC_REPRESENTATION_CONTEXT() REPRESENTATION_CONTEXT('2D SPACE',''
  ) );
#3375 = PCURVE('',#3376,#3381);
#3376 = PLANE('',#3377);
#3377 = AXIS2_PLACEMENT_3D('',#3378,#3379,#3380);
#3378 = CARTESIAN_POINT('',(6.,72.25,49.));
#3379 = DIRECTION('',(1.,0.,0.));
#3380 = DIRECTION('',(-0.,0.,1.));
#3381 = DEFINITIONAL_REPRESENTATION('',(#3382),#3386);
#3382 = CIRCLE('',#3383,3.753524367105);
#3383 = AXIS2_PLACEMENT_2D('',#3384,#3385);
#3384 = CARTESIAN_POINT('',(-1.42108547152E-14,1.42108547152E-14));
#3385 = DIRECTION('',(1.,0.));
#3386 = ( GEOMETRIC_REPRESENTATION_CONTEXT(2) 
PARAMETRIC_REPRESENTATION_CONTEXT() REPRESENTATION_CONTEXT('2D SPACE',''
  ) );
#3387 = ORIENTED_EDGE('',*,*,#3388,.F.);
#3388 = EDGE_CURVE('',#3267,#3360,#3389,.T.);
#3389 = SEAM_CURVE('',#3390,(#3394,#3401),.PCURVE_S1.);
#3390 = LINE('',#3391,#3392);
#3391 = CARTESIAN_POINT('',(5.996475632895,72.25,52.753524367105));
#3392 = VECTOR('',#3393,1.);
#3393 = DIRECTION('',(1.,0.,0.));
#3394 = PCURVE('',#3283,#3395);
#3395 = DEFINITIONAL_REPRESENTATION('',(#3396),#3400);
#3396 = LINE('',#3397,#3398);
#3397 = CARTESIAN_POINT('',(6.28318530718,-0.));
#3398 = VECTOR('',#3399,1.);
#3399 = DIRECTION('',(0.,1.));
#3400 = ( GEOMETRIC_REPRESENTATION_CONTEXT(2) 
PARAMETRIC_REPRESENTATION_CONTEXT() REPRESENTATION_CONTEXT('2D SPACE',''
  ) );
#3401 = PCURVE('',#3283,#3402);
#3402 = DEFINITIONAL_REPRESENTATION('',(#3403),#3407);
#3403 = LINE('',#3404,#3405);
#3404 = CARTESIAN_POINT('',(0.,-0.));
#3405 = VECTOR('',#3406,1.);
#3406 = DIRECTION('',(0.,1.));
#3407 = ( GEOMETRIC_REPRESENTATION_CONTEXT(2) 
PARAMETRIC_REPRESENTATION_CONTEXT() REPRESENTATION_CONTEXT('2D SPACE',''
  ) );
#3408 = ORIENTED_EDGE('',*,*,#3266,.T.);
#3409 = ORIENTED_EDGE('',*,*,#3388,.T.);
#3410 = ORIENTED_EDGE('',*,*,#3411,.F.);
#3411 = EDGE_CURVE('',#3412,#3360,#3414,.T.);
#3412 = VERTEX_POINT('',#3413);
#3413 = CARTESIAN_POINT('',(6.,75.457422307606,47.050285324687));
#3414 = SURFACE_CURVE('',#3415,(#3420,#3427),.PCURVE_S1.);
#3415 = CIRCLE('',#3416,3.753524367105);
#3416 = AXIS2_PLACEMENT_3D('',#3417,#3418,#3419);
#3417 = CARTESIAN_POINT('',(6.,72.25,49.));
#3418 = DIRECTION('',(1.,0.,0.));
#3419 = DIRECTION('',(-0.,0.,1.));
#3420 = PCURVE('',#3283,#3421);
#3421 = DEFINITIONAL_REPRESENTATION('',(#3422),#3426);
#3422 = LINE('',#3423,#3424);
#3423 = CARTESIAN_POINT('',(0.,3.524367105408E-03));
#3424 = VECTOR('',#3425,1.);
#3425 = DIRECTION('',(1.,0.));
#3426 = ( GEOMETRIC_REPRESENTATION_CONTEXT(2) 
PARAMETRIC_REPRESENTATION_CONTEXT() REPRESENTATION_CONTEXT('2D SPACE',''
  ) );
#3427 = PCURVE('',#3376,#3428);
#3428 = DEFINITIONAL_REPRESENTATION('',(#3429),#3433);
#3429 = CIRCLE('',#3430,3.753524367105);
#3430 = AXIS2_PLACEMENT_2D('',#3431,#3432);
#3431 = CARTESIAN_POINT('',(-1.42108547152E-14,1.42108547152E-14));
#3432 = DIRECTION('',(1.,0.));
#3433 = ( GEOMETRIC_REPRESENTATION_CONTEXT(2) 
PARAMETRIC_REPRESENTATION_CONTEXT() REPRESENTATION_CONTEXT('2D SPACE',''
  ) );
#3434 = ORIENTED_EDGE('',*,*,#3435,.T.);
#3435 = EDGE_CURVE('',#3412,#3304,#3436,.T.);
#3436 = SURFACE_CURVE('',#3437,(#3442,#3452),.PCURVE_S1.);
#3437 = ELLIPSE('',#3438,14.50250450317,3.753524367105);
#3438 = AXIS2_PLACEMENT_3D('',#3439,#3440,#3441);
#3439 = CARTESIAN_POINT('',(-1.27643422853,72.25,49.));
#3440 = DIRECTION('',(-0.258819045103,0.,-0.965925826289));
#3441 = DIRECTION('',(0.965925826289,0.,-0.258819045103));
#3442 = PCURVE('',#3283,#3443);
#3443 = DEFINITIONAL_REPRESENTATION('',(#3444),#3451);
#3444 = B_SPLINE_CURVE_WITH_KNOTS('',5,(#3445,#3446,#3447,#3448,#3449,
    #3450),.UNSPECIFIED.,.F.,.F.,(6,6),(5.25828335202,5.301210983903),
  .PIECEWISE_BEZIER_KNOTS.);
#3445 = CARTESIAN_POINT('',(4.16649460875,-2.040000001458E-05));
#3446 = CARTESIAN_POINT('',(4.157909082373,0.102769102572));
#3447 = CARTESIAN_POINT('',(4.149323555996,0.20488848781));
#3448 = CARTESIAN_POINT('',(4.14073802962,0.30632197082));
#3449 = CARTESIAN_POINT('',(4.132152503243,0.407053972564));
#3450 = CARTESIAN_POINT('',(4.123566976867,0.507069134211));
#3451 = ( GEOMETRIC_REPRESENTATION_CONTEXT(2) 
PARAMETRIC_REPRESENTATION_CONTEXT() REPRESENTATION_CONTEXT('2D SPACE',''
  ) );
#3452 = PCURVE('',#3090,#3453);
#3453 = DEFINITIONAL_REPRESENTATION('',(#3454),#3458);
#3454 = ELLIPSE('',#3455,14.50250450317,3.753524367105);
#3455 = AXIS2_PLACEMENT_2D('',#3456,#3457);
#3456 = CARTESIAN_POINT('',(26.508686041183,-8.));
#3457 = DIRECTION('',(-1.,0.));
#3458 = ( GEOMETRIC_REPRESENTATION_CONTEXT(2) 
PARAMETRIC_REPRESENTATION_CONTEXT() REPRESENTATION_CONTEXT('2D SPACE',''
  ) );
#3459 = ADVANCED_FACE('',(#3460),#3376,.T.);
#3460 = FACE_BOUND('',#3461,.T.);
#3461 = EDGE_LOOP('',(#3462,#3483,#3511,#3530,#3531));
#3462 = ORIENTED_EDGE('',*,*,#3463,.F.);
#3463 = EDGE_CURVE('',#3464,#3412,#3466,.T.);
#3464 = VERTEX_POINT('',#3465);
#3465 = CARTESIAN_POINT('',(6.,76.305688928514,47.050285324687));
#3466 = SURFACE_CURVE('',#3467,(#3471,#3477),.PCURVE_S1.);
#3467 = LINE('',#3468,#3469);
#3468 = CARTESIAN_POINT('',(6.,76.25,47.050285324687));
#3469 = VECTOR('',#3470,1.);
#3470 = DIRECTION('',(0.,-1.,-0.));
#3471 = PCURVE('',#3376,#3472);
#3472 = DEFINITIONAL_REPRESENTATION('',(#3473),#3476);
#3473 = B_SPLINE_CURVE_WITH_KNOTS('',1,(#3474,#3475),.UNSPECIFIED.,.F.,
  .F.,(2,2),(-0.5,8.5),.PIECEWISE_BEZIER_KNOTS.);
#3474 = CARTESIAN_POINT('',(-1.949714675313,-4.5));
#3475 = CARTESIAN_POINT('',(-1.949714675313,4.5));
#3476 = ( GEOMETRIC_REPRESENTATION_CONTEXT(2) 
PARAMETRIC_REPRESENTATION_CONTEXT() REPRESENTATION_CONTEXT('2D SPACE',''
  ) );
#3477 = PCURVE('',#3090,#3478);
#3478 = DEFINITIONAL_REPRESENTATION('',(#3479),#3482);
#3479 = B_SPLINE_CURVE_WITH_KNOTS('',1,(#3480,#3481),.UNSPECIFIED.,.F.,
  .F.,(2,2),(-0.5,8.5),.PIECEWISE_BEZIER_KNOTS.);
#3480 = CARTESIAN_POINT('',(18.975567006065,-3.5));
#3481 = CARTESIAN_POINT('',(18.975567006065,-12.5));
#3482 = ( GEOMETRIC_REPRESENTATION_CONTEXT(2) 
PARAMETRIC_REPRESENTATION_CONTEXT() REPRESENTATION_CONTEXT('2D SPACE',''
  ) );
#3483 = ORIENTED_EDGE('',*,*,#3484,.F.);
#3484 = EDGE_CURVE('',#3485,#3464,#3487,.T.);
#3485 = VERTEX_POINT('',#3486);
#3486 = CARTESIAN_POINT('',(6.,68.194311071486,47.050285324687));
#3487 = SURFACE_CURVE('',#3488,(#3493,#3504),.PCURVE_S1.);
#3488 = CIRCLE('',#3489,4.5);
#3489 = AXIS2_PLACEMENT_3D('',#3490,#3491,#3492);
#3490 = CARTESIAN_POINT('',(6.,72.25,49.));
#3491 = DIRECTION('',(-1.,-0.,0.));
#3492 = DIRECTION('',(0.,-0.901264206336,-0.433269927847));
#3493 = PCURVE('',#3376,#3494);
#3494 = DEFINITIONAL_REPRESENTATION('',(#3495),#3503);
#3495 = ( BOUNDED_CURVE() B_SPLINE_CURVE(2,(#3496,#3497,#3498,#3499,
#3500,#3501,#3502),.UNSPECIFIED.,.T.,.F.) B_SPLINE_CURVE_WITH_KNOTS((1,2
    ,2,2,2,1),(-2.094395102393,0.,2.094395102393,4.188790204786,
6.28318530718,8.377580409573),.UNSPECIFIED.) CURVE() 
GEOMETRIC_REPRESENTATION_ITEM() RATIONAL_B_SPLINE_CURVE((1.,0.5,1.,0.5,
1.,0.5,1.)) REPRESENTATION_ITEM('') );
#3496 = CARTESIAN_POINT('',(-1.949714675313,4.055688928514));
#3497 = CARTESIAN_POINT('',(5.074944608568,7.432693806418));
#3498 = CARTESIAN_POINT('',(4.487186979597,-0.339342025305));
#3499 = CARTESIAN_POINT('',(3.899429350626,-8.111377857028));
#3500 = CARTESIAN_POINT('',(-2.537472304284,-3.716346903209));
#3501 = CARTESIAN_POINT('',(-8.974373959193,0.678684050609));
#3502 = CARTESIAN_POINT('',(-1.949714675313,4.055688928514));
#3503 = ( GEOMETRIC_REPRESENTATION_CONTEXT(2) 
PARAMETRIC_REPRESENTATION_CONTEXT() REPRESENTATION_CONTEXT('2D SPACE',''
  ) );
#3504 = PCURVE('',#3122,#3505);
#3505 = DEFINITIONAL_REPRESENTATION('',(#3506),#3510);
#3506 = LINE('',#3507,#3508);
#3507 = CARTESIAN_POINT('',(8.302099417045,12.));
#3508 = VECTOR('',#3509,1.);
#3509 = DIRECTION('',(-1.,-0.));
#3510 = ( GEOMETRIC_REPRESENTATION_CONTEXT(2) 
PARAMETRIC_REPRESENTATION_CONTEXT() REPRESENTATION_CONTEXT('2D SPACE',''
  ) );
#3511 = ORIENTED_EDGE('',*,*,#3512,.F.);
#3512 = EDGE_CURVE('',#3333,#3485,#3513,.T.);
#3513 = SURFACE_CURVE('',#3514,(#3518,#3524),.PCURVE_S1.);
#3514 = LINE('',#3515,#3516);
#3515 = CARTESIAN_POINT('',(6.,76.25,47.050285324687));
#3516 = VECTOR('',#3517,1.);
#3517 = DIRECTION('',(0.,-1.,-0.));
#3518 = PCURVE('',#3376,#3519);
#3519 = DEFINITIONAL_REPRESENTATION('',(#3520),#3523);
#3520 = B_SPLINE_CURVE_WITH_KNOTS('',1,(#3521,#3522),.UNSPECIFIED.,.F.,
  .F.,(2,2),(-0.5,8.5),.PIECEWISE_BEZIER_KNOTS.);
#3521 = CARTESIAN_POINT('',(-1.949714675313,-4.5));
#3522 = CARTESIAN_POINT('',(-1.949714675313,4.5));
#3523 = ( GEOMETRIC_REPRESENTATION_CONTEXT(2) 
PARAMETRIC_REPRESENTATION_CONTEXT() REPRESENTATION_CONTEXT('2D SPACE',''
  ) );
#3524 = PCURVE('',#3090,#3525);
#3525 = DEFINITIONAL_REPRESENTATION('',(#3526),#3529);
#3526 = B_SPLINE_CURVE_WITH_KNOTS('',1,(#3527,#3528),.UNSPECIFIED.,.F.,
  .F.,(2,2),(-0.5,8.5),.PIECEWISE_BEZIER_KNOTS.);
#3527 = CARTESIAN_POINT('',(18.975567006065,-3.5));
#3528 = CARTESIAN_POINT('',(18.975567006065,-12.5));
#3529 = ( GEOMETRIC_REPRESENTATION_CONTEXT(2) 
PARAMETRIC_REPRESENTATION_CONTEXT() REPRESENTATION_CONTEXT('2D SPACE',''
  ) );
#3530 = ORIENTED_EDGE('',*,*,#3359,.F.);
#3531 = ORIENTED_EDGE('',*,*,#3411,.F.);
#3532 = ADVANCED_FACE('',(#3533),#3320,.F.);
#3533 = FACE_BOUND('',#3534,.F.);
#3534 = EDGE_LOOP('',(#3535,#3556,#3557,#3578));
#3535 = ORIENTED_EDGE('',*,*,#3536,.T.);
#3536 = EDGE_CURVE('',#3537,#3302,#3539,.T.);
#3537 = VERTEX_POINT('',#3538);
#3538 = CARTESIAN_POINT('',(6.503524367105,69.955593179384,
    46.915366377152));
#3539 = SURFACE_CURVE('',#3540,(#3544,#3550),.PCURVE_S1.);
#3540 = LINE('',#3541,#3542);
#3541 = CARTESIAN_POINT('',(6.503524367105,76.25,46.915366377152));
#3542 = VECTOR('',#3543,1.);
#3543 = DIRECTION('',(0.,-1.,-0.));
#3544 = PCURVE('',#3320,#3545);
#3545 = DEFINITIONAL_REPRESENTATION('',(#3546),#3549);
#3546 = B_SPLINE_CURVE_WITH_KNOTS('',1,(#3547,#3548),.UNSPECIFIED.,.F.,
  .F.,(2,2),(0.246475632895,7.753524367105),.PIECEWISE_BEZIER_KNOTS.);
#3547 = CARTESIAN_POINT('',(-2.084633622848,-3.753524367105));
#3548 = CARTESIAN_POINT('',(-2.084633622848,3.753524367105));
#3549 = ( GEOMETRIC_REPRESENTATION_CONTEXT(2) 
PARAMETRIC_REPRESENTATION_CONTEXT() REPRESENTATION_CONTEXT('2D SPACE',''
  ) );
#3550 = PCURVE('',#3090,#3551);
#3551 = DEFINITIONAL_REPRESENTATION('',(#3552),#3555);
#3552 = B_SPLINE_CURVE_WITH_KNOTS('',1,(#3553,#3554),.UNSPECIFIED.,.F.,
  .F.,(2,2),(0.246475632895,7.753524367105),.PIECEWISE_BEZIER_KNOTS.);
#3553 = CARTESIAN_POINT('',(18.454280222545,-4.246475632895));
#3554 = CARTESIAN_POINT('',(18.454280222545,-11.7535243671));
#3555 = ( GEOMETRIC_REPRESENTATION_CONTEXT(2) 
PARAMETRIC_REPRESENTATION_CONTEXT() REPRESENTATION_CONTEXT('2D SPACE',''
  ) );
#3556 = ORIENTED_EDGE('',*,*,#3301,.T.);
#3557 = ORIENTED_EDGE('',*,*,#3558,.T.);
#3558 = EDGE_CURVE('',#3304,#3559,#3561,.T.);
#3559 = VERTEX_POINT('',#3560);
#3560 = CARTESIAN_POINT('',(6.503524367105,74.544406820616,
    46.915366377152));
#3561 = SURFACE_CURVE('',#3562,(#3566,#3572),.PCURVE_S1.);
#3562 = LINE('',#3563,#3564);
#3563 = CARTESIAN_POINT('',(6.503524367105,76.25,46.915366377152));
#3564 = VECTOR('',#3565,1.);
#3565 = DIRECTION('',(0.,-1.,-0.));
#3566 = PCURVE('',#3320,#3567);
#3567 = DEFINITIONAL_REPRESENTATION('',(#3568),#3571);
#3568 = B_SPLINE_CURVE_WITH_KNOTS('',1,(#3569,#3570),.UNSPECIFIED.,.F.,
  .F.,(2,2),(0.246475632895,7.753524367105),.PIECEWISE_BEZIER_KNOTS.);
#3569 = CARTESIAN_POINT('',(-2.084633622848,-3.753524367105));
#3570 = CARTESIAN_POINT('',(-2.084633622848,3.753524367105));
#3571 = ( GEOMETRIC_REPRESENTATION_CONTEXT(2) 
PARAMETRIC_REPRESENTATION_CONTEXT() REPRESENTATION_CONTEXT('2D SPACE',''
  ) );
#3572 = PCURVE('',#3090,#3573);
#3573 = DEFINITIONAL_REPRESENTATION('',(#3574),#3577);
#3574 = B_SPLINE_CURVE_WITH_KNOTS('',1,(#3575,#3576),.UNSPECIFIED.,.F.,
  .F.,(2,2),(0.246475632895,7.753524367105),.PIECEWISE_BEZIER_KNOTS.);
#3575 = CARTESIAN_POINT('',(18.454280222545,-4.246475632895));
#3576 = CARTESIAN_POINT('',(18.454280222545,-11.7535243671));
#3577 = ( GEOMETRIC_REPRESENTATION_CONTEXT(2) 
PARAMETRIC_REPRESENTATION_CONTEXT() REPRESENTATION_CONTEXT('2D SPACE',''
  ) );
#3578 = ORIENTED_EDGE('',*,*,#3579,.F.);
#3579 = EDGE_CURVE('',#3537,#3559,#3580,.T.);
#3580 = SURFACE_CURVE('',#3581,(#3586,#3593),.PCURVE_S1.);
#3581 = CIRCLE('',#3582,3.1);
#3582 = AXIS2_PLACEMENT_3D('',#3583,#3584,#3585);
#3583 = CARTESIAN_POINT('',(6.503524367105,72.25,49.));
#3584 = DIRECTION('',(1.,0.,0.));
#3585 = DIRECTION('',(-0.,0.,1.));
#3586 = PCURVE('',#3320,#3587);
#3587 = DEFINITIONAL_REPRESENTATION('',(#3588),#3592);
#3588 = CIRCLE('',#3589,3.1);
#3589 = AXIS2_PLACEMENT_2D('',#3590,#3591);
#3590 = CARTESIAN_POINT('',(1.42108547152E-14,-1.42108547152E-14));
#3591 = DIRECTION('',(1.,0.));
#3592 = ( GEOMETRIC_REPRESENTATION_CONTEXT(2) 
PARAMETRIC_REPRESENTATION_CONTEXT() REPRESENTATION_CONTEXT('2D SPACE',''
  ) );
#3593 = PCURVE('',#3594,#3599);
#3594 = CYLINDRICAL_SURFACE('',#3595,3.1);
#3595 = AXIS2_PLACEMENT_3D('',#3596,#3597,#3598);
#3596 = CARTESIAN_POINT('',(6.5,72.25,49.));
#3597 = DIRECTION('',(1.,0.,0.));
#3598 = DIRECTION('',(-0.,0.,1.));
#3599 = DEFINITIONAL_REPRESENTATION('',(#3600),#3604);
#3600 = LINE('',#3601,#3602);
#3601 = CARTESIAN_POINT('',(0.,3.524367105408E-03));
#3602 = VECTOR('',#3603,1.);
#3603 = DIRECTION('',(1.,0.));
#3604 = ( GEOMETRIC_REPRESENTATION_CONTEXT(2) 
PARAMETRIC_REPRESENTATION_CONTEXT() REPRESENTATION_CONTEXT('2D SPACE',''
  ) );
#3605 = ADVANCED_FACE('',(#3606),#3594,.F.);
#3606 = FACE_BOUND('',#3607,.F.);
#3607 = EDGE_LOOP('',(#3608,#3609));
#3608 = ORIENTED_EDGE('',*,*,#3579,.T.);
#3609 = ORIENTED_EDGE('',*,*,#3610,.T.);
#3610 = EDGE_CURVE('',#3559,#3537,#3611,.T.);
#3611 = SURFACE_CURVE('',#3612,(#3617,#3630),.PCURVE_S1.);
#3612 = ELLIPSE('',#3613,11.977480245984,3.1);
#3613 = AXIS2_PLACEMENT_3D('',#3614,#3615,#3616);
#3614 = CARTESIAN_POINT('',(-1.27643422853,72.25,49.));
#3615 = DIRECTION('',(-0.258819045103,0.,-0.965925826289));
#3616 = DIRECTION('',(0.965925826289,0.,-0.258819045103));
#3617 = PCURVE('',#3594,#3618);
#3618 = DEFINITIONAL_REPRESENTATION('',(#3619),#3629);
#3619 = B_SPLINE_CURVE_WITH_KNOTS('',8,(#3620,#3621,#3622,#3623,#3624,
    #3625,#3626,#3627,#3628),.UNSPECIFIED.,.F.,.F.,(9,9),(5.449505924683
    ,7.116864689676),.PIECEWISE_BEZIER_KNOTS.);
#3620 = CARTESIAN_POINT('',(3.975272036086,-2.039999999059E-05));
#3621 = CARTESIAN_POINT('',(3.766852190462,1.785316953985));
#3622 = CARTESIAN_POINT('',(3.558432344838,3.184599136509));
#3623 = CARTESIAN_POINT('',(3.350012499209,4.079649397889));
#3624 = CARTESIAN_POINT('',(3.141592653591,4.388072040965));
#3625 = CARTESIAN_POINT('',(2.933172807957,4.079649397882));
#3626 = CARTESIAN_POINT('',(2.724752962341,3.184599136509));
#3627 = CARTESIAN_POINT('',(2.516333116717,1.785316953985));
#3628 = CARTESIAN_POINT('',(2.307913271093,-2.039999998615E-05));
#3629 = ( GEOMETRIC_REPRESENTATION_CONTEXT(2) 
PARAMETRIC_REPRESENTATION_CONTEXT() REPRESENTATION_CONTEXT('2D SPACE',''
  ) );
#3630 = PCURVE('',#3090,#3631);
#3631 = DEFINITIONAL_REPRESENTATION('',(#3632),#3636);
#3632 = ELLIPSE('',#3633,11.977480245984,3.1);
#3633 = AXIS2_PLACEMENT_2D('',#3634,#3635);
#3634 = CARTESIAN_POINT('',(26.508686041183,-8.));
#3635 = DIRECTION('',(-1.,0.));
#3636 = ( GEOMETRIC_REPRESENTATION_CONTEXT(2) 
PARAMETRIC_REPRESENTATION_CONTEXT() REPRESENTATION_CONTEXT('2D SPACE',''
  ) );
#3637 = ADVANCED_FACE('',(#3638),#3122,.T.);
#3638 = FACE_BOUND('',#3639,.T.);
#3639 = EDGE_LOOP('',(#3640,#3641,#3667,#3668));
#3640 = ORIENTED_EDGE('',*,*,#3484,.T.);
#3641 = ORIENTED_EDGE('',*,*,#3642,.F.);
#3642 = EDGE_CURVE('',#3076,#3464,#3643,.T.);
#3643 = SURFACE_CURVE('',#3644,(#3649,#3660),.PCURVE_S1.);
#3644 = ELLIPSE('',#3645,17.386664873203,4.5);
#3645 = AXIS2_PLACEMENT_3D('',#3646,#3647,#3648);
#3646 = CARTESIAN_POINT('',(-1.27643422853,72.25,49.));
#3647 = DIRECTION('',(-0.258819045103,0.,-0.965925826289));
#3648 = DIRECTION('',(0.965925826289,0.,-0.258819045103));
#3649 = PCURVE('',#3122,#3650);
#3650 = DEFINITIONAL_REPRESENTATION('',(#3651),#3659);
#3651 = B_SPLINE_CURVE_WITH_KNOTS('',6,(#3652,#3653,#3654,#3655,#3656,
    #3657,#3658),.UNSPECIFIED.,.F.,.F.,(7,7),(4.800415809866,
    5.160506763456),.PIECEWISE_BEZIER_KNOTS.);
#3652 = CARTESIAN_POINT('',(4.624362150903,6.200000010655));
#3653 = CARTESIAN_POINT('',(4.564346991972,7.204005842399));
#3654 = CARTESIAN_POINT('',(4.50433183304,8.201630232216));
#3655 = CARTESIAN_POINT('',(4.444316674108,9.186363896712));
#3656 = CARTESIAN_POINT('',(4.384301515177,10.151766659475));
#3657 = CARTESIAN_POINT('',(4.324286356245,11.091608325395));
#3658 = CARTESIAN_POINT('',(4.264271197314,12.));
#3659 = ( GEOMETRIC_REPRESENTATION_CONTEXT(2) 
PARAMETRIC_REPRESENTATION_CONTEXT() REPRESENTATION_CONTEXT('2D SPACE',''
  ) );
#3660 = PCURVE('',#3090,#3661);
#3661 = DEFINITIONAL_REPRESENTATION('',(#3662),#3666);
#3662 = ELLIPSE('',#3663,17.386664873203,4.5);
#3663 = AXIS2_PLACEMENT_2D('',#3664,#3665);
#3664 = CARTESIAN_POINT('',(26.508686041183,-8.));
#3665 = DIRECTION('',(-1.,0.));
#3666 = ( GEOMETRIC_REPRESENTATION_CONTEXT(2) 
PARAMETRIC_REPRESENTATION_CONTEXT() REPRESENTATION_CONTEXT('2D SPACE',''
  ) );
#3667 = ORIENTED_EDGE('',*,*,#3101,.F.);
#3668 = ORIENTED_EDGE('',*,*,#3669,.F.);
#3669 = EDGE_CURVE('',#3485,#3102,#3670,.T.);
#3670 = SURFACE_CURVE('',#3671,(#3676,#3687),.PCURVE_S1.);
#3671 = ELLIPSE('',#3672,17.386664873203,4.5);
#3672 = AXIS2_PLACEMENT_3D('',#3673,#3674,#3675);
#3673 = CARTESIAN_POINT('',(-1.27643422853,72.25,49.));
#3674 = DIRECTION('',(-0.258819045103,0.,-0.965925826289));
#3675 = DIRECTION('',(0.965925826289,0.,-0.258819045103));
#3676 = PCURVE('',#3122,#3677);
#3677 = DEFINITIONAL_REPRESENTATION('',(#3678),#3686);
#3678 = B_SPLINE_CURVE_WITH_KNOTS('',6,(#3679,#3680,#3681,#3682,#3683,
    #3684,#3685),.UNSPECIFIED.,.F.,.F.,(7,7),(1.122678543724,
    1.482769497313),.PIECEWISE_BEZIER_KNOTS.);
#3679 = CARTESIAN_POINT('',(8.302099417045,12.));
#3680 = CARTESIAN_POINT('',(8.242084258114,11.091608325395));
#3681 = CARTESIAN_POINT('',(8.182069099182,10.151766659475));
#3682 = CARTESIAN_POINT('',(8.122053940251,9.186363896712));
#3683 = CARTESIAN_POINT('',(8.062038781319,8.201630232216));
#3684 = CARTESIAN_POINT('',(8.002023622388,7.204005842399));
#3685 = CARTESIAN_POINT('',(7.942008463456,6.200000010655));
#3686 = ( GEOMETRIC_REPRESENTATION_CONTEXT(2) 
PARAMETRIC_REPRESENTATION_CONTEXT() REPRESENTATION_CONTEXT('2D SPACE',''
  ) );
#3687 = PCURVE('',#3090,#3688);
#3688 = DEFINITIONAL_REPRESENTATION('',(#3689),#3693);
#3689 = ELLIPSE('',#3690,17.386664873203,4.5);
#3690 = AXIS2_PLACEMENT_2D('',#3691,#3692);
#3691 = CARTESIAN_POINT('',(26.508686041183,-8.));
#3692 = DIRECTION('',(-1.,0.));
#3693 = ( GEOMETRIC_REPRESENTATION_CONTEXT(2) 
PARAMETRIC_REPRESENTATION_CONTEXT() REPRESENTATION_CONTEXT('2D SPACE',''
  ) );
#3694 = ADVANCED_FACE('',(#3695),#3090,.F.);
#3695 = FACE_BOUND('',#3696,.F.);
#3696 = EDGE_LOOP('',(#3697,#3720,#3743,#3766,#3787,#3808,#3829,#3848,
    #3849,#3850,#3851,#3852,#3853,#3854,#3855,#3856,#3857,#3858));
#3697 = ORIENTED_EDGE('',*,*,#3698,.F.);
#3698 = EDGE_CURVE('',#3699,#3053,#3701,.T.);
#3699 = VERTEX_POINT('',#3700);
#3700 = CARTESIAN_POINT('',(24.328990239637,80.25,42.139047191899));
#3701 = SURFACE_CURVE('',#3702,(#3706,#3713),.PCURVE_S1.);
#3702 = LINE('',#3703,#3704);
#3703 = CARTESIAN_POINT('',(24.328990239637,80.25,42.139047191899));
#3704 = VECTOR('',#3705,1.);
#3705 = DIRECTION('',(-0.965925826289,0.,0.258819045103));
#3706 = PCURVE('',#3090,#3707);
#3707 = DEFINITIONAL_REPRESENTATION('',(#3708),#3712);
#3708 = LINE('',#3709,#3710);
#3709 = CARTESIAN_POINT('',(0.,0.));
#3710 = VECTOR('',#3711,1.);
#3711 = DIRECTION('',(1.,0.));
#3712 = ( GEOMETRIC_REPRESENTATION_CONTEXT(2) 
PARAMETRIC_REPRESENTATION_CONTEXT() REPRESENTATION_CONTEXT('2D SPACE',''
  ) );
#3713 = PCURVE('',#44,#3714);
#3714 = DEFINITIONAL_REPRESENTATION('',(#3715),#3719);
#3715 = LINE('',#3716,#3717);
#3716 = CARTESIAN_POINT('',(-42.13904719189,24.328990239637));
#3717 = VECTOR('',#3718,1.);
#3718 = DIRECTION('',(-0.258819045103,-0.965925826289));
#3719 = ( GEOMETRIC_REPRESENTATION_CONTEXT(2) 
PARAMETRIC_REPRESENTATION_CONTEXT() REPRESENTATION_CONTEXT('2D SPACE',''
  ) );
#3720 = ORIENTED_EDGE('',*,*,#3721,.T.);
#3721 = EDGE_CURVE('',#3699,#3722,#3724,.T.);
#3722 = VERTEX_POINT('',#3723);
#3723 = CARTESIAN_POINT('',(24.328990239637,44.25,42.139047191899));
#3724 = SURFACE_CURVE('',#3725,(#3729,#3736),.PCURVE_S1.);
#3725 = LINE('',#3726,#3727);
#3726 = CARTESIAN_POINT('',(24.328990239637,80.25,42.139047191899));
#3727 = VECTOR('',#3728,1.);
#3728 = DIRECTION('',(-0.,-1.,-0.));
#3729 = PCURVE('',#3090,#3730);
#3730 = DEFINITIONAL_REPRESENTATION('',(#3731),#3735);
#3731 = LINE('',#3732,#3733);
#3732 = CARTESIAN_POINT('',(0.,0.));
#3733 = VECTOR('',#3734,1.);
#3734 = DIRECTION('',(0.,-1.));
#3735 = ( GEOMETRIC_REPRESENTATION_CONTEXT(2) 
PARAMETRIC_REPRESENTATION_CONTEXT() REPRESENTATION_CONTEXT('2D SPACE',''
  ) );
#3736 = PCURVE('',#128,#3737);
#3737 = DEFINITIONAL_REPRESENTATION('',(#3738),#3742);
#3738 = LINE('',#3739,#3740);
#3739 = CARTESIAN_POINT('',(25.187224088526,0.));
#3740 = VECTOR('',#3741,1.);
#3741 = DIRECTION('',(0.,-1.));
#3742 = ( GEOMETRIC_REPRESENTATION_CONTEXT(2) 
PARAMETRIC_REPRESENTATION_CONTEXT() REPRESENTATION_CONTEXT('2D SPACE',''
  ) );
#3743 = ORIENTED_EDGE('',*,*,#3744,.T.);
#3744 = EDGE_CURVE('',#3722,#3745,#3747,.T.);
#3745 = VERTEX_POINT('',#3746);
#3746 = CARTESIAN_POINT('',(0.2,44.25,48.604390640788));
#3747 = SURFACE_CURVE('',#3748,(#3752,#3759),.PCURVE_S1.);
#3748 = LINE('',#3749,#3750);
#3749 = CARTESIAN_POINT('',(24.328990239637,44.25,42.139047191899));
#3750 = VECTOR('',#3751,1.);
#3751 = DIRECTION('',(-0.965925826289,0.,0.258819045103));
#3752 = PCURVE('',#3090,#3753);
#3753 = DEFINITIONAL_REPRESENTATION('',(#3754),#3758);
#3754 = LINE('',#3755,#3756);
#3755 = CARTESIAN_POINT('',(0.,-36.));
#3756 = VECTOR('',#3757,1.);
#3757 = DIRECTION('',(1.,0.));
#3758 = ( GEOMETRIC_REPRESENTATION_CONTEXT(2) 
PARAMETRIC_REPRESENTATION_CONTEXT() REPRESENTATION_CONTEXT('2D SPACE',''
  ) );
#3759 = PCURVE('',#100,#3760);
#3760 = DEFINITIONAL_REPRESENTATION('',(#3761),#3765);
#3761 = LINE('',#3762,#3763);
#3762 = CARTESIAN_POINT('',(-42.13904719189,24.328990239637));
#3763 = VECTOR('',#3764,1.);
#3764 = DIRECTION('',(-0.258819045103,-0.965925826289));
#3765 = ( GEOMETRIC_REPRESENTATION_CONTEXT(2) 
PARAMETRIC_REPRESENTATION_CONTEXT() REPRESENTATION_CONTEXT('2D SPACE',''
  ) );
#3766 = ORIENTED_EDGE('',*,*,#3767,.F.);
#3767 = EDGE_CURVE('',#3768,#3745,#3770,.T.);
#3768 = VERTEX_POINT('',#3769);
#3769 = CARTESIAN_POINT('',(0.2,49.25,48.604390640788));
#3770 = SURFACE_CURVE('',#3771,(#3775,#3781),.PCURVE_S1.);
#3771 = LINE('',#3772,#3773);
#3772 = CARTESIAN_POINT('',(0.2,80.25,48.604390640788));
#3773 = VECTOR('',#3774,1.);
#3774 = DIRECTION('',(0.,-1.,0.));
#3775 = PCURVE('',#3090,#3776);
#3776 = DEFINITIONAL_REPRESENTATION('',(#3777),#3780);
#3777 = B_SPLINE_CURVE_WITH_KNOTS('',1,(#3778,#3779),.UNSPECIFIED.,.F.,
  .F.,(2,2),(0.,36.),.PIECEWISE_BEZIER_KNOTS.);
#3778 = CARTESIAN_POINT('',(24.980168852444,0.));
#3779 = CARTESIAN_POINT('',(24.980168852444,-36.));
#3780 = ( GEOMETRIC_REPRESENTATION_CONTEXT(2) 
PARAMETRIC_REPRESENTATION_CONTEXT() REPRESENTATION_CONTEXT('2D SPACE',''
  ) );
#3781 = PCURVE('',#2235,#3782);
#3782 = DEFINITIONAL_REPRESENTATION('',(#3783),#3786);
#3783 = B_SPLINE_CURVE_WITH_KNOTS('',1,(#3784,#3785),.UNSPECIFIED.,.F.,
  .F.,(2,2),(0.,36.),.PIECEWISE_BEZIER_KNOTS.);
#3784 = CARTESIAN_POINT('',(151.39560935921,0.));
#3785 = CARTESIAN_POINT('',(151.39560935921,-36.));
#3786 = ( GEOMETRIC_REPRESENTATION_CONTEXT(2) 
PARAMETRIC_REPRESENTATION_CONTEXT() REPRESENTATION_CONTEXT('2D SPACE',''
  ) );
#3787 = ORIENTED_EDGE('',*,*,#3788,.F.);
#3788 = EDGE_CURVE('',#3789,#3768,#3791,.T.);
#3789 = VERTEX_POINT('',#3790);
#3790 = CARTESIAN_POINT('',(4.,49.25,47.586183709549));
#3791 = SURFACE_CURVE('',#3792,(#3796,#3802),.PCURVE_S1.);
#3792 = LINE('',#3793,#3794);
#3793 = CARTESIAN_POINT('',(12.871742679728,49.25,45.20900742306));
#3794 = VECTOR('',#3795,1.);
#3795 = DIRECTION('',(-0.965925826289,0.,0.258819045103));
#3796 = PCURVE('',#3090,#3797);
#3797 = DEFINITIONAL_REPRESENTATION('',(#3798),#3801);
#3798 = B_SPLINE_CURVE_WITH_KNOTS('',1,(#3799,#3800),.UNSPECIFIED.,.F.,
  .F.,(2,2),(9.18470387505,13.32580859669),.PIECEWISE_BEZIER_KNOTS.);
#3799 = CARTESIAN_POINT('',(21.046119366885,-31.));
#3800 = CARTESIAN_POINT('',(25.187224088526,-31.));
#3801 = ( GEOMETRIC_REPRESENTATION_CONTEXT(2) 
PARAMETRIC_REPRESENTATION_CONTEXT() REPRESENTATION_CONTEXT('2D SPACE',''
  ) );
#3802 = PCURVE('',#2263,#3803);
#3803 = DEFINITIONAL_REPRESENTATION('',(#3804),#3807);
#3804 = B_SPLINE_CURVE_WITH_KNOTS('',1,(#3805,#3806),.UNSPECIFIED.,.F.,
  .F.,(2,2),(9.18470387505,13.32580859669),.PIECEWISE_BEZIER_KNOTS.);
#3805 = CARTESIAN_POINT('',(-4.586183709549,4.));
#3806 = CARTESIAN_POINT('',(-5.657980479274,-5.876878951515E-15));
#3807 = ( GEOMETRIC_REPRESENTATION_CONTEXT(2) 
PARAMETRIC_REPRESENTATION_CONTEXT() REPRESENTATION_CONTEXT('2D SPACE',''
  ) );
#3808 = ORIENTED_EDGE('',*,*,#3809,.T.);
#3809 = EDGE_CURVE('',#3789,#3810,#3812,.T.);
#3810 = VERTEX_POINT('',#3811);
#3811 = CARTESIAN_POINT('',(4.,67.25,47.586183709549));
#3812 = SURFACE_CURVE('',#3813,(#3817,#3823),.PCURVE_S1.);
#3813 = LINE('',#3814,#3815);
#3814 = CARTESIAN_POINT('',(4.,73.75,47.586183709549));
#3815 = VECTOR('',#3816,1.);
#3816 = DIRECTION('',(0.,1.,0.));
#3817 = PCURVE('',#3090,#3818);
#3818 = DEFINITIONAL_REPRESENTATION('',(#3819),#3822);
#3819 = B_SPLINE_CURVE_WITH_KNOTS('',1,(#3820,#3821),.UNSPECIFIED.,.F.,
  .F.,(2,2),(-24.5,-6.5),.PIECEWISE_BEZIER_KNOTS.);
#3820 = CARTESIAN_POINT('',(21.046119366885,-31.));
#3821 = CARTESIAN_POINT('',(21.046119366885,-13.));
#3822 = ( GEOMETRIC_REPRESENTATION_CONTEXT(2) 
PARAMETRIC_REPRESENTATION_CONTEXT() REPRESENTATION_CONTEXT('2D SPACE',''
  ) );
#3823 = PCURVE('',#2294,#3824);
#3824 = DEFINITIONAL_REPRESENTATION('',(#3825),#3828);
#3825 = B_SPLINE_CURVE_WITH_KNOTS('',1,(#3826,#3827),.UNSPECIFIED.,.F.,
  .F.,(2,2),(-24.5,-6.5),.PIECEWISE_BEZIER_KNOTS.);
#3826 = CARTESIAN_POINT('',(10.586183709549,-18.));
#3827 = CARTESIAN_POINT('',(10.586183709549,0.));
#3828 = ( GEOMETRIC_REPRESENTATION_CONTEXT(2) 
PARAMETRIC_REPRESENTATION_CONTEXT() REPRESENTATION_CONTEXT('2D SPACE',''
  ) );
#3829 = ORIENTED_EDGE('',*,*,#3830,.T.);
#3830 = EDGE_CURVE('',#3810,#3135,#3831,.T.);
#3831 = SURFACE_CURVE('',#3832,(#3836,#3842),.PCURVE_S1.);
#3832 = LINE('',#3833,#3834);
#3833 = CARTESIAN_POINT('',(12.871742679728,67.25,45.20900742306));
#3834 = VECTOR('',#3835,1.);
#3835 = DIRECTION('',(-0.965925826289,0.,0.258819045103));
#3836 = PCURVE('',#3090,#3837);
#3837 = DEFINITIONAL_REPRESENTATION('',(#3838),#3841);
#3838 = B_SPLINE_CURVE_WITH_KNOTS('',1,(#3839,#3840),.UNSPECIFIED.,.F.,
  .F.,(2,2),(9.18470387505,13.32580859669),.PIECEWISE_BEZIER_KNOTS.);
#3839 = CARTESIAN_POINT('',(21.046119366885,-13.));
#3840 = CARTESIAN_POINT('',(25.187224088526,-13.));
#3841 = ( GEOMETRIC_REPRESENTATION_CONTEXT(2) 
PARAMETRIC_REPRESENTATION_CONTEXT() REPRESENTATION_CONTEXT('2D SPACE',''
  ) );
#3842 = PCURVE('',#2322,#3843);
#3843 = DEFINITIONAL_REPRESENTATION('',(#3844),#3847);
#3844 = B_SPLINE_CURVE_WITH_KNOTS('',1,(#3845,#3846),.UNSPECIFIED.,.F.,
  .F.,(2,2),(9.18470387505,13.32580859669),.PIECEWISE_BEZIER_KNOTS.);
#3845 = CARTESIAN_POINT('',(-4.586183709549,4.));
#3846 = CARTESIAN_POINT('',(-5.657980479274,-5.876878951515E-15));
#3847 = ( GEOMETRIC_REPRESENTATION_CONTEXT(2) 
PARAMETRIC_REPRESENTATION_CONTEXT() REPRESENTATION_CONTEXT('2D SPACE',''
  ) );
#3848 = ORIENTED_EDGE('',*,*,#3134,.F.);
#3849 = ORIENTED_EDGE('',*,*,#3669,.F.);
#3850 = ORIENTED_EDGE('',*,*,#3512,.F.);
#3851 = ORIENTED_EDGE('',*,*,#3332,.F.);
#3852 = ORIENTED_EDGE('',*,*,#3536,.F.);
#3853 = ORIENTED_EDGE('',*,*,#3610,.F.);
#3854 = ORIENTED_EDGE('',*,*,#3558,.F.);
#3855 = ORIENTED_EDGE('',*,*,#3435,.F.);
#3856 = ORIENTED_EDGE('',*,*,#3463,.F.);
#3857 = ORIENTED_EDGE('',*,*,#3642,.F.);
#3858 = ORIENTED_EDGE('',*,*,#3075,.F.);
#3859 = ADVANCED_FACE('',(#3860),#2322,.T.);
#3860 = FACE_BOUND('',#3861,.T.);
#3861 = EDGE_LOOP('',(#3862,#3863,#3864,#3885));
#3862 = ORIENTED_EDGE('',*,*,#3155,.F.);
#3863 = ORIENTED_EDGE('',*,*,#2305,.T.);
#3864 = ORIENTED_EDGE('',*,*,#3865,.T.);
#3865 = EDGE_CURVE('',#2280,#3810,#3866,.T.);
#3866 = SURFACE_CURVE('',#3867,(#3871,#3878),.PCURVE_S1.);
#3867 = LINE('',#3868,#3869);
#3868 = CARTESIAN_POINT('',(4.,67.25,37.));
#3869 = VECTOR('',#3870,1.);
#3870 = DIRECTION('',(6.123233995737E-17,0.,1.));
#3871 = PCURVE('',#2322,#3872);
#3872 = DEFINITIONAL_REPRESENTATION('',(#3873),#3877);
#3873 = LINE('',#3874,#3875);
#3874 = CARTESIAN_POINT('',(6.,4.));
#3875 = VECTOR('',#3876,1.);
#3876 = DIRECTION('',(-1.,6.123233995737E-17));
#3877 = ( GEOMETRIC_REPRESENTATION_CONTEXT(2) 
PARAMETRIC_REPRESENTATION_CONTEXT() REPRESENTATION_CONTEXT('2D SPACE',''
  ) );
#3878 = PCURVE('',#2294,#3879);
#3879 = DEFINITIONAL_REPRESENTATION('',(#3880),#3884);
#3880 = LINE('',#3881,#3882);
#3881 = CARTESIAN_POINT('',(0.,0.));
#3882 = VECTOR('',#3883,1.);
#3883 = DIRECTION('',(1.,0.));
#3884 = ( GEOMETRIC_REPRESENTATION_CONTEXT(2) 
PARAMETRIC_REPRESENTATION_CONTEXT() REPRESENTATION_CONTEXT('2D SPACE',''
  ) );
#3885 = ORIENTED_EDGE('',*,*,#3830,.T.);
#3886 = ADVANCED_FACE('',(#3887),#2294,.T.);
#3887 = FACE_BOUND('',#3888,.T.);
#3888 = EDGE_LOOP('',(#3889,#3890,#3891,#3912));
#3889 = ORIENTED_EDGE('',*,*,#3865,.F.);
#3890 = ORIENTED_EDGE('',*,*,#2279,.F.);
#3891 = ORIENTED_EDGE('',*,*,#3892,.T.);
#3892 = EDGE_CURVE('',#2247,#3789,#3893,.T.);
#3893 = SURFACE_CURVE('',#3894,(#3898,#3905),.PCURVE_S1.);
#3894 = LINE('',#3895,#3896);
#3895 = CARTESIAN_POINT('',(4.,49.25,37.));
#3896 = VECTOR('',#3897,1.);
#3897 = DIRECTION('',(6.123233995737E-17,0.,1.));
#3898 = PCURVE('',#2294,#3899);
#3899 = DEFINITIONAL_REPRESENTATION('',(#3900),#3904);
#3900 = LINE('',#3901,#3902);
#3901 = CARTESIAN_POINT('',(0.,-18.));
#3902 = VECTOR('',#3903,1.);
#3903 = DIRECTION('',(1.,0.));
#3904 = ( GEOMETRIC_REPRESENTATION_CONTEXT(2) 
PARAMETRIC_REPRESENTATION_CONTEXT() REPRESENTATION_CONTEXT('2D SPACE',''
  ) );
#3905 = PCURVE('',#2263,#3906);
#3906 = DEFINITIONAL_REPRESENTATION('',(#3907),#3911);
#3907 = LINE('',#3908,#3909);
#3908 = CARTESIAN_POINT('',(6.,4.));
#3909 = VECTOR('',#3910,1.);
#3910 = DIRECTION('',(-1.,6.123233995737E-17));
#3911 = ( GEOMETRIC_REPRESENTATION_CONTEXT(2) 
PARAMETRIC_REPRESENTATION_CONTEXT() REPRESENTATION_CONTEXT('2D SPACE',''
  ) );
#3912 = ORIENTED_EDGE('',*,*,#3809,.T.);
#3913 = ADVANCED_FACE('',(#3914),#2263,.F.);
#3914 = FACE_BOUND('',#3915,.F.);
#3915 = EDGE_LOOP('',(#3916,#3935,#3936,#3937));
#3916 = ORIENTED_EDGE('',*,*,#3917,.F.);
#3917 = EDGE_CURVE('',#2221,#3768,#3918,.T.);
#3918 = SURFACE_CURVE('',#3919,(#3923,#3929),.PCURVE_S1.);
#3919 = LINE('',#3920,#3921);
#3920 = CARTESIAN_POINT('',(0.2,49.25,121.5));
#3921 = VECTOR('',#3922,1.);
#3922 = DIRECTION('',(-0.,0.,1.));
#3923 = PCURVE('',#2263,#3924);
#3924 = DEFINITIONAL_REPRESENTATION('',(#3925),#3928);
#3925 = B_SPLINE_CURVE_WITH_KNOTS('',1,(#3926,#3927),.UNSPECIFIED.,.F.,
  .F.,(2,2),(-77.07973435468,-72.84201952072),.PIECEWISE_BEZIER_KNOTS.);
#3926 = CARTESIAN_POINT('',(-1.420265645311,0.2));
#3927 = CARTESIAN_POINT('',(-5.657980479274,0.2));
#3928 = ( GEOMETRIC_REPRESENTATION_CONTEXT(2) 
PARAMETRIC_REPRESENTATION_CONTEXT() REPRESENTATION_CONTEXT('2D SPACE',''
  ) );
#3929 = PCURVE('',#2235,#3930);
#3930 = DEFINITIONAL_REPRESENTATION('',(#3931),#3934);
#3931 = B_SPLINE_CURVE_WITH_KNOTS('',1,(#3932,#3933),.UNSPECIFIED.,.F.,
  .F.,(2,2),(-77.07973435468,-72.84201952072),.PIECEWISE_BEZIER_KNOTS.);
#3932 = CARTESIAN_POINT('',(155.57973435468,-31.));
#3933 = CARTESIAN_POINT('',(151.34201952072,-31.));
#3934 = ( GEOMETRIC_REPRESENTATION_CONTEXT(2) 
PARAMETRIC_REPRESENTATION_CONTEXT() REPRESENTATION_CONTEXT('2D SPACE',''
  ) );
#3935 = ORIENTED_EDGE('',*,*,#2246,.T.);
#3936 = ORIENTED_EDGE('',*,*,#3892,.T.);
#3937 = ORIENTED_EDGE('',*,*,#3788,.T.);
#3938 = ADVANCED_FACE('',(#3939),#2235,.F.);
#3939 = FACE_BOUND('',#3940,.F.);
#3940 = EDGE_LOOP('',(#3941,#3960,#3961,#3962));
#3941 = ORIENTED_EDGE('',*,*,#3942,.F.);
#3942 = EDGE_CURVE('',#2197,#3745,#3943,.T.);
#3943 = SURFACE_CURVE('',#3944,(#3948,#3954),.PCURVE_S1.);
#3944 = LINE('',#3945,#3946);
#3945 = CARTESIAN_POINT('',(0.2,44.25,100.));
#3946 = VECTOR('',#3947,1.);
#3947 = DIRECTION('',(-0.,0.,1.));
#3948 = PCURVE('',#2235,#3949);
#3949 = DEFINITIONAL_REPRESENTATION('',(#3950),#3953);
#3950 = B_SPLINE_CURVE_WITH_KNOTS('',1,(#3951,#3952),.UNSPECIFIED.,.F.,
  .F.,(2,2),(-148.6579804792,-51.34201952072),.PIECEWISE_BEZIER_KNOTS.);
#3951 = CARTESIAN_POINT('',(248.65798047927,-36.));
#3952 = CARTESIAN_POINT('',(151.34201952072,-36.));
#3953 = ( GEOMETRIC_REPRESENTATION_CONTEXT(2) 
PARAMETRIC_REPRESENTATION_CONTEXT() REPRESENTATION_CONTEXT('2D SPACE',''
  ) );
#3954 = PCURVE('',#100,#3955);
#3955 = DEFINITIONAL_REPRESENTATION('',(#3956),#3959);
#3956 = B_SPLINE_CURVE_WITH_KNOTS('',1,(#3957,#3958),.UNSPECIFIED.,.F.,
  .F.,(2,2),(-148.6579804792,-51.34201952072),.PIECEWISE_BEZIER_KNOTS.);
#3957 = CARTESIAN_POINT('',(48.657980479274,0.2));
#3958 = CARTESIAN_POINT('',(-48.65798047927,0.2));
#3959 = ( GEOMETRIC_REPRESENTATION_CONTEXT(2) 
PARAMETRIC_REPRESENTATION_CONTEXT() REPRESENTATION_CONTEXT('2D SPACE',''
  ) );
#3960 = ORIENTED_EDGE('',*,*,#2220,.T.);
#3961 = ORIENTED_EDGE('',*,*,#3917,.T.);
#3962 = ORIENTED_EDGE('',*,*,#3767,.T.);
#3963 = ADVANCED_FACE('',(#3964),#334,.T.);
#3964 = FACE_BOUND('',#3965,.T.);
#3965 = EDGE_LOOP('',(#3966,#3967,#3968,#3989));
#3966 = ORIENTED_EDGE('',*,*,#502,.F.);
#3967 = ORIENTED_EDGE('',*,*,#319,.T.);
#3968 = ORIENTED_EDGE('',*,*,#3969,.T.);
#3969 = EDGE_CURVE('',#320,#1154,#3970,.T.);
#3970 = SURFACE_CURVE('',#3971,(#3975,#3982),.PCURVE_S1.);
#3971 = LINE('',#3972,#3973);
#3972 = CARTESIAN_POINT('',(44.435244785437,49.25,-21.03589838486));
#3973 = VECTOR('',#3974,1.);
#3974 = DIRECTION('',(-0.866025403784,-0.,0.5));
#3975 = PCURVE('',#334,#3976);
#3976 = DEFINITIONAL_REPRESENTATION('',(#3977),#3981);
#3977 = LINE('',#3978,#3979);
#3978 = CARTESIAN_POINT('',(0.,-18.));
#3979 = VECTOR('',#3980,1.);
#3980 = DIRECTION('',(1.,0.));
#3981 = ( GEOMETRIC_REPRESENTATION_CONTEXT(2) 
PARAMETRIC_REPRESENTATION_CONTEXT() REPRESENTATION_CONTEXT('2D SPACE',''
  ) );
#3982 = PCURVE('',#360,#3983);
#3983 = DEFINITIONAL_REPRESENTATION('',(#3984),#3988);
#3984 = LINE('',#3985,#3986);
#3985 = CARTESIAN_POINT('',(-0.464101615138,7.196152422707));
#3986 = VECTOR('',#3987,1.);
#3987 = DIRECTION('',(-0.5,-0.866025403784));
#3988 = ( GEOMETRIC_REPRESENTATION_CONTEXT(2) 
PARAMETRIC_REPRESENTATION_CONTEXT() REPRESENTATION_CONTEXT('2D SPACE',''
  ) );
#3989 = ORIENTED_EDGE('',*,*,#1183,.T.);
#3990 = ADVANCED_FACE('',(#3991),#360,.F.);
#3991 = FACE_BOUND('',#3992,.F.);
#3992 = EDGE_LOOP('',(#3993,#3994,#3995,#4014,#4015));
#3993 = ORIENTED_EDGE('',*,*,#1153,.T.);
#3994 = ORIENTED_EDGE('',*,*,#548,.T.);
#3995 = ORIENTED_EDGE('',*,*,#3996,.T.);
#3996 = EDGE_CURVE('',#549,#346,#3997,.T.);
#3997 = SURFACE_CURVE('',#3998,(#4002,#4008),.PCURVE_S1.);
#3998 = LINE('',#3999,#4000);
#3999 = CARTESIAN_POINT('',(32.716277568385,49.25,-33.75175986315));
#4000 = VECTOR('',#4001,1.);
#4001 = DIRECTION('',(0.707106781187,-0.,0.707106781187));
#4002 = PCURVE('',#360,#4003);
#4003 = DEFINITIONAL_REPRESENTATION('',(#4004),#4007);
#4004 = B_SPLINE_CURVE_WITH_KNOTS('',1,(#4005,#4006),.UNSPECIFIED.,.F.,
  .F.,(2,2),(8.18498478872,13.32580859669),.PIECEWISE_BEZIER_KNOTS.);
#4005 = CARTESIAN_POINT('',(6.464101615138,1.264843453667));
#4006 = CARTESIAN_POINT('',(2.828990239637,4.899954829168));
#4007 = ( GEOMETRIC_REPRESENTATION_CONTEXT(2) 
PARAMETRIC_REPRESENTATION_CONTEXT() REPRESENTATION_CONTEXT('2D SPACE',''
  ) );
#4008 = PCURVE('',#281,#4009);
#4009 = DEFINITIONAL_REPRESENTATION('',(#4010),#4013);
#4010 = B_SPLINE_CURVE_WITH_KNOTS('',1,(#4011,#4012),.UNSPECIFIED.,.F.,
  .F.,(2,2),(8.18498478872,13.32580859669),.PIECEWISE_BEZIER_KNOTS.);
#4011 = CARTESIAN_POINT('',(20.046400280556,-31.));
#4012 = CARTESIAN_POINT('',(25.187224088526,-31.));
#4013 = ( GEOMETRIC_REPRESENTATION_CONTEXT(2) 
PARAMETRIC_REPRESENTATION_CONTEXT() REPRESENTATION_CONTEXT('2D SPACE',''
  ) );
#4014 = ORIENTED_EDGE('',*,*,#345,.T.);
#4015 = ORIENTED_EDGE('',*,*,#3969,.T.);
#4016 = ADVANCED_FACE('',(#4017),#281,.F.);
#4017 = FACE_BOUND('',#4018,.F.);
#4018 = EDGE_LOOP('',(#4019,#4040,#4041,#4062,#4063,#4064,#4065,#4066));
#4019 = ORIENTED_EDGE('',*,*,#4020,.F.);
#4020 = EDGE_CURVE('',#1278,#243,#4021,.T.);
#4021 = SURFACE_CURVE('',#4022,(#4026,#4033),.PCURVE_S1.);
#4022 = LINE('',#4023,#4024);
#4023 = CARTESIAN_POINT('',(24.328990239637,80.25,-42.13904719189));
#4024 = VECTOR('',#4025,1.);
#4025 = DIRECTION('',(0.707106781187,0.,0.707106781187));
#4026 = PCURVE('',#281,#4027);
#4027 = DEFINITIONAL_REPRESENTATION('',(#4028),#4032);
#4028 = LINE('',#4029,#4030);
#4029 = CARTESIAN_POINT('',(0.,0.));
#4030 = VECTOR('',#4031,1.);
#4031 = DIRECTION('',(1.,0.));
#4032 = ( GEOMETRIC_REPRESENTATION_CONTEXT(2) 
PARAMETRIC_REPRESENTATION_CONTEXT() REPRESENTATION_CONTEXT('2D SPACE',''
  ) );
#4033 = PCURVE('',#44,#4034);
#4034 = DEFINITIONAL_REPRESENTATION('',(#4035),#4039);
#4035 = LINE('',#4036,#4037);
#4036 = CARTESIAN_POINT('',(42.139047191899,24.328990239637));
#4037 = VECTOR('',#4038,1.);
#4038 = DIRECTION('',(-0.707106781187,0.707106781187));
#4039 = ( GEOMETRIC_REPRESENTATION_CONTEXT(2) 
PARAMETRIC_REPRESENTATION_CONTEXT() REPRESENTATION_CONTEXT('2D SPACE',''
  ) );
#4040 = ORIENTED_EDGE('',*,*,#1704,.T.);
#4041 = ORIENTED_EDGE('',*,*,#4042,.T.);
#4042 = EDGE_CURVE('',#1682,#372,#4043,.T.);
#4043 = SURFACE_CURVE('',#4044,(#4048,#4055),.PCURVE_S1.);
#4044 = LINE('',#4045,#4046);
#4045 = CARTESIAN_POINT('',(24.328990239637,44.25,-42.13904719189));
#4046 = VECTOR('',#4047,1.);
#4047 = DIRECTION('',(0.707106781187,0.,0.707106781187));
#4048 = PCURVE('',#281,#4049);
#4049 = DEFINITIONAL_REPRESENTATION('',(#4050),#4054);
#4050 = LINE('',#4051,#4052);
#4051 = CARTESIAN_POINT('',(0.,-36.));
#4052 = VECTOR('',#4053,1.);
#4053 = DIRECTION('',(1.,0.));
#4054 = ( GEOMETRIC_REPRESENTATION_CONTEXT(2) 
PARAMETRIC_REPRESENTATION_CONTEXT() REPRESENTATION_CONTEXT('2D SPACE',''
  ) );
#4055 = PCURVE('',#100,#4056);
#4056 = DEFINITIONAL_REPRESENTATION('',(#4057),#4061);
#4057 = LINE('',#4058,#4059);
#4058 = CARTESIAN_POINT('',(42.139047191899,24.328990239637));
#4059 = VECTOR('',#4060,1.);
#4060 = DIRECTION('',(-0.707106781187,0.707106781187));
#4061 = ( GEOMETRIC_REPRESENTATION_CONTEXT(2) 
PARAMETRIC_REPRESENTATION_CONTEXT() REPRESENTATION_CONTEXT('2D SPACE',''
  ) );
#4062 = ORIENTED_EDGE('',*,*,#371,.F.);
#4063 = ORIENTED_EDGE('',*,*,#3996,.F.);
#4064 = ORIENTED_EDGE('',*,*,#571,.T.);
#4065 = ORIENTED_EDGE('',*,*,#482,.T.);
#4066 = ORIENTED_EDGE('',*,*,#265,.F.);
#4067 = ADVANCED_FACE('',(#4068),#100,.T.);
#4068 = FACE_BOUND('',#4069,.T.);
#4069 = EDGE_LOOP('',(#4070,#4071,#4072,#4093,#4094,#4095,#4096,#4097,
    #4098,#4099));
#4070 = ORIENTED_EDGE('',*,*,#394,.T.);
#4071 = ORIENTED_EDGE('',*,*,#84,.T.);
#4072 = ORIENTED_EDGE('',*,*,#4073,.T.);
#4073 = EDGE_CURVE('',#85,#3722,#4074,.T.);
#4074 = SURFACE_CURVE('',#4075,(#4079,#4086),.PCURVE_S1.);
#4075 = LINE('',#4076,#4077);
#4076 = CARTESIAN_POINT('',(42.139047191899,44.25,24.328990239637));
#4077 = VECTOR('',#4078,1.);
#4078 = DIRECTION('',(-0.707106781187,0.,0.707106781187));
#4079 = PCURVE('',#100,#4080);
#4080 = DEFINITIONAL_REPRESENTATION('',(#4081),#4085);
#4081 = LINE('',#4082,#4083);
#4082 = CARTESIAN_POINT('',(-24.32899023963,42.139047191899));
#4083 = VECTOR('',#4084,1.);
#4084 = DIRECTION('',(-0.707106781187,-0.707106781187));
#4085 = ( GEOMETRIC_REPRESENTATION_CONTEXT(2) 
PARAMETRIC_REPRESENTATION_CONTEXT() REPRESENTATION_CONTEXT('2D SPACE',''
  ) );
#4086 = PCURVE('',#128,#4087);
#4087 = DEFINITIONAL_REPRESENTATION('',(#4088),#4092);
#4088 = LINE('',#4089,#4090);
#4089 = CARTESIAN_POINT('',(0.,-36.));
#4090 = VECTOR('',#4091,1.);
#4091 = DIRECTION('',(1.,0.));
#4092 = ( GEOMETRIC_REPRESENTATION_CONTEXT(2) 
PARAMETRIC_REPRESENTATION_CONTEXT() REPRESENTATION_CONTEXT('2D SPACE',''
  ) );
#4093 = ORIENTED_EDGE('',*,*,#3744,.T.);
#4094 = ORIENTED_EDGE('',*,*,#3942,.F.);
#4095 = ORIENTED_EDGE('',*,*,#2196,.F.);
#4096 = ORIENTED_EDGE('',*,*,#593,.F.);
#4097 = ORIENTED_EDGE('',*,*,#1205,.F.);
#4098 = ORIENTED_EDGE('',*,*,#1681,.T.);
#4099 = ORIENTED_EDGE('',*,*,#4042,.T.);
#4100 = ADVANCED_FACE('',(#4101),#155,.F.);
#4101 = FACE_BOUND('',#4102,.F.);
#4102 = EDGE_LOOP('',(#4103,#4104,#4125,#4126,#4145));
#4103 = ORIENTED_EDGE('',*,*,#2928,.T.);
#4104 = ORIENTED_EDGE('',*,*,#4105,.T.);
#4105 = EDGE_CURVE('',#2852,#141,#4106,.T.);
#4106 = SURFACE_CURVE('',#4107,(#4111,#4118),.PCURVE_S1.);
#4107 = LINE('',#4108,#4109);
#4108 = CARTESIAN_POINT('',(34.042939940024,49.25,15.035898384862));
#4109 = VECTOR('',#4110,1.);
#4110 = DIRECTION('',(0.866025403784,0.,0.5));
#4111 = PCURVE('',#155,#4112);
#4112 = DEFINITIONAL_REPRESENTATION('',(#4113),#4117);
#4113 = LINE('',#4114,#4115);
#4114 = CARTESIAN_POINT('',(6.464101615138,-3.196152422707));
#4115 = VECTOR('',#4116,1.);
#4116 = DIRECTION('',(-0.5,0.866025403784));
#4117 = ( GEOMETRIC_REPRESENTATION_CONTEXT(2) 
PARAMETRIC_REPRESENTATION_CONTEXT() REPRESENTATION_CONTEXT('2D SPACE',''
  ) );
#4118 = PCURVE('',#181,#4119);
#4119 = DEFINITIONAL_REPRESENTATION('',(#4120),#4124);
#4120 = LINE('',#4121,#4122);
#4121 = CARTESIAN_POINT('',(0.,-18.));
#4122 = VECTOR('',#4123,1.);
#4123 = DIRECTION('',(1.,0.));
#4124 = ( GEOMETRIC_REPRESENTATION_CONTEXT(2) 
PARAMETRIC_REPRESENTATION_CONTEXT() REPRESENTATION_CONTEXT('2D SPACE',''
  ) );
#4125 = ORIENTED_EDGE('',*,*,#140,.T.);
#4126 = ORIENTED_EDGE('',*,*,#4127,.T.);
#4127 = EDGE_CURVE('',#113,#2981,#4128,.T.);
#4128 = SURFACE_CURVE('',#4129,(#4133,#4139),.PCURVE_S1.);
#4129 = LINE('',#4130,#4131);
#4130 = CARTESIAN_POINT('',(41.621306044516,49.25,24.84673138702));
#4131 = VECTOR('',#4132,1.);
#4132 = DIRECTION('',(-0.707106781187,0.,0.707106781187));
#4133 = PCURVE('',#155,#4134);
#4134 = DEFINITIONAL_REPRESENTATION('',(#4135),#4138);
#4135 = B_SPLINE_CURVE_WITH_KNOTS('',1,(#4136,#4137),.UNSPECIFIED.,.F.,
  .F.,(2,2),(-0.732196552427,4.408627255543),.PIECEWISE_BEZIER_KNOTS.);
#4136 = CARTESIAN_POINT('',(-2.828990239637,4.899954829168));
#4137 = CARTESIAN_POINT('',(-6.464101615138,1.264843453667));
#4138 = ( GEOMETRIC_REPRESENTATION_CONTEXT(2) 
PARAMETRIC_REPRESENTATION_CONTEXT() REPRESENTATION_CONTEXT('2D SPACE',''
  ) );
#4139 = PCURVE('',#128,#4140);
#4140 = DEFINITIONAL_REPRESENTATION('',(#4141),#4144);
#4141 = B_SPLINE_CURVE_WITH_KNOTS('',1,(#4142,#4143),.UNSPECIFIED.,.F.,
  .F.,(2,2),(-0.732196552427,4.408627255543),.PIECEWISE_BEZIER_KNOTS.);
#4142 = CARTESIAN_POINT('',(0.,-31.));
#4143 = CARTESIAN_POINT('',(5.14082380797,-31.));
#4144 = ( GEOMETRIC_REPRESENTATION_CONTEXT(2) 
PARAMETRIC_REPRESENTATION_CONTEXT() REPRESENTATION_CONTEXT('2D SPACE',''
  ) );
#4145 = ORIENTED_EDGE('',*,*,#3001,.T.);
#4146 = ADVANCED_FACE('',(#4147),#181,.T.);
#4147 = FACE_BOUND('',#4148,.T.);
#4148 = EDGE_LOOP('',(#4149,#4170,#4171,#4172));
#4149 = ORIENTED_EDGE('',*,*,#4150,.F.);
#4150 = EDGE_CURVE('',#2854,#167,#4151,.T.);
#4151 = SURFACE_CURVE('',#4152,(#4156,#4163),.PCURVE_S1.);
#4152 = LINE('',#4153,#4154);
#4153 = CARTESIAN_POINT('',(34.042939940024,67.25,15.035898384862));
#4154 = VECTOR('',#4155,1.);
#4155 = DIRECTION('',(0.866025403784,0.,0.5));
#4156 = PCURVE('',#181,#4157);
#4157 = DEFINITIONAL_REPRESENTATION('',(#4158),#4162);
#4158 = LINE('',#4159,#4160);
#4159 = CARTESIAN_POINT('',(0.,0.));
#4160 = VECTOR('',#4161,1.);
#4161 = DIRECTION('',(1.,0.));
#4162 = ( GEOMETRIC_REPRESENTATION_CONTEXT(2) 
PARAMETRIC_REPRESENTATION_CONTEXT() REPRESENTATION_CONTEXT('2D SPACE',''
  ) );
#4163 = PCURVE('',#207,#4164);
#4164 = DEFINITIONAL_REPRESENTATION('',(#4165),#4169);
#4165 = LINE('',#4166,#4167);
#4166 = CARTESIAN_POINT('',(6.464101615138,-3.196152422707));
#4167 = VECTOR('',#4168,1.);
#4168 = DIRECTION('',(-0.5,0.866025403784));
#4169 = ( GEOMETRIC_REPRESENTATION_CONTEXT(2) 
PARAMETRIC_REPRESENTATION_CONTEXT() REPRESENTATION_CONTEXT('2D SPACE',''
  ) );
#4170 = ORIENTED_EDGE('',*,*,#2851,.F.);
#4171 = ORIENTED_EDGE('',*,*,#4105,.T.);
#4172 = ORIENTED_EDGE('',*,*,#166,.T.);
#4173 = ADVANCED_FACE('',(#4174),#207,.T.);
#4174 = FACE_BOUND('',#4175,.T.);
#4175 = EDGE_LOOP('',(#4176,#4177,#4178,#4179,#4198));
#4176 = ORIENTED_EDGE('',*,*,#2874,.T.);
#4177 = ORIENTED_EDGE('',*,*,#4150,.T.);
#4178 = ORIENTED_EDGE('',*,*,#192,.T.);
#4179 = ORIENTED_EDGE('',*,*,#4180,.T.);
#4180 = EDGE_CURVE('',#193,#2958,#4181,.T.);
#4181 = SURFACE_CURVE('',#4182,(#4186,#4192),.PCURVE_S1.);
#4182 = LINE('',#4183,#4184);
#4183 = CARTESIAN_POINT('',(41.621306044516,67.25,24.84673138702));
#4184 = VECTOR('',#4185,1.);
#4185 = DIRECTION('',(-0.707106781187,0.,0.707106781187));
#4186 = PCURVE('',#207,#4187);
#4187 = DEFINITIONAL_REPRESENTATION('',(#4188),#4191);
#4188 = B_SPLINE_CURVE_WITH_KNOTS('',1,(#4189,#4190),.UNSPECIFIED.,.F.,
  .F.,(2,2),(-0.732196552427,4.408627255543),.PIECEWISE_BEZIER_KNOTS.);
#4189 = CARTESIAN_POINT('',(-2.828990239637,4.899954829168));
#4190 = CARTESIAN_POINT('',(-6.464101615138,1.264843453667));
#4191 = ( GEOMETRIC_REPRESENTATION_CONTEXT(2) 
PARAMETRIC_REPRESENTATION_CONTEXT() REPRESENTATION_CONTEXT('2D SPACE',''
  ) );
#4192 = PCURVE('',#128,#4193);
#4193 = DEFINITIONAL_REPRESENTATION('',(#4194),#4197);
#4194 = B_SPLINE_CURVE_WITH_KNOTS('',1,(#4195,#4196),.UNSPECIFIED.,.F.,
  .F.,(2,2),(-0.732196552427,4.408627255543),.PIECEWISE_BEZIER_KNOTS.);
#4195 = CARTESIAN_POINT('',(0.,-13.));
#4196 = CARTESIAN_POINT('',(5.14082380797,-13.));
#4197 = ( GEOMETRIC_REPRESENTATION_CONTEXT(2) 
PARAMETRIC_REPRESENTATION_CONTEXT() REPRESENTATION_CONTEXT('2D SPACE',''
  ) );
#4198 = ORIENTED_EDGE('',*,*,#2957,.T.);
#4199 = ADVANCED_FACE('',(#4200),#128,.F.);
#4200 = FACE_BOUND('',#4201,.F.);
#4201 = EDGE_LOOP('',(#4202,#4223,#4224,#4225,#4226,#4227,#4228,#4229));
#4202 = ORIENTED_EDGE('',*,*,#4203,.F.);
#4203 = EDGE_CURVE('',#24,#3699,#4204,.T.);
#4204 = SURFACE_CURVE('',#4205,(#4209,#4216),.PCURVE_S1.);
#4205 = LINE('',#4206,#4207);
#4206 = CARTESIAN_POINT('',(42.139047191899,80.25,24.328990239637));
#4207 = VECTOR('',#4208,1.);
#4208 = DIRECTION('',(-0.707106781187,0.,0.707106781187));
#4209 = PCURVE('',#128,#4210);
#4210 = DEFINITIONAL_REPRESENTATION('',(#4211),#4215);
#4211 = LINE('',#4212,#4213);
#4212 = CARTESIAN_POINT('',(0.,0.));
#4213 = VECTOR('',#4214,1.);
#4214 = DIRECTION('',(1.,0.));
#4215 = ( GEOMETRIC_REPRESENTATION_CONTEXT(2) 
PARAMETRIC_REPRESENTATION_CONTEXT() REPRESENTATION_CONTEXT('2D SPACE',''
  ) );
#4216 = PCURVE('',#44,#4217);
#4217 = DEFINITIONAL_REPRESENTATION('',(#4218),#4222);
#4218 = LINE('',#4219,#4220);
#4219 = CARTESIAN_POINT('',(-24.32899023963,42.139047191899));
#4220 = VECTOR('',#4221,1.);
#4221 = DIRECTION('',(-0.707106781187,-0.707106781187));
#4222 = ( GEOMETRIC_REPRESENTATION_CONTEXT(2) 
PARAMETRIC_REPRESENTATION_CONTEXT() REPRESENTATION_CONTEXT('2D SPACE',''
  ) );
#4223 = ORIENTED_EDGE('',*,*,#218,.T.);
#4224 = ORIENTED_EDGE('',*,*,#4180,.T.);
#4225 = ORIENTED_EDGE('',*,*,#2980,.T.);
#4226 = ORIENTED_EDGE('',*,*,#4127,.F.);
#4227 = ORIENTED_EDGE('',*,*,#112,.T.);
#4228 = ORIENTED_EDGE('',*,*,#4073,.T.);
#4229 = ORIENTED_EDGE('',*,*,#3721,.F.);
#4230 = ADVANCED_FACE('',(#4231),#44,.F.);
#4231 = FACE_BOUND('',#4232,.F.);
#4232 = EDGE_LOOP('',(#4233,#4234,#4235,#4236,#4237,#4238,#4239,#4240,
    #4241,#4242));
#4233 = ORIENTED_EDGE('',*,*,#242,.T.);
#4234 = ORIENTED_EDGE('',*,*,#21,.T.);
#4235 = ORIENTED_EDGE('',*,*,#4203,.T.);
#4236 = ORIENTED_EDGE('',*,*,#3698,.T.);
#4237 = ORIENTED_EDGE('',*,*,#3052,.T.);
#4238 = ORIENTED_EDGE('',*,*,#2171,.F.);
#4239 = ORIENTED_EDGE('',*,*,#647,.F.);
#4240 = ORIENTED_EDGE('',*,*,#2137,.T.);
#4241 = ORIENTED_EDGE('',*,*,#1275,.T.);
#4242 = ORIENTED_EDGE('',*,*,#4020,.T.);
#4243 = ( GEOMETRIC_REPRESENTATION_CONTEXT(3) 
GLOBAL_UNCERTAINTY_ASSIGNED_CONTEXT((#4247)) 
GLOBAL_UNIT_ASSIGNED_CONTEXT((#4244,#4245,#4246)) REPRESENTATION_CONTEXT
('Context #1','3D Context with UNIT and UNCERTAINTY') );
#4244 = ( LENGTH_UNIT() NAMED_UNIT(*) SI_UNIT(.MILLI.,.METRE.) );
#4245 = ( NAMED_UNIT(*) PLANE_ANGLE_UNIT() SI_UNIT($,.RADIAN.) );
#4246 = ( NAMED_UNIT(*) SI_UNIT($,.STERADIAN.) SOLID_ANGLE_UNIT() );
#4247 = UNCERTAINTY_MEASURE_WITH_UNIT(LENGTH_MEASURE(2.E-06),#4244,
  'distance_accuracy_value','confusion accuracy');
#4248 = PRODUCT_RELATED_PRODUCT_CATEGORY('part',$,(#7));
ENDSEC;
END-ISO-10303-21;
