t_s,R_m,h_m,Rdot_m_s,Rddot_m_s2,hdot_m_s,hddot_m_s2,F_R_N,F_h_N,kinetic_J,dU_dR_N
0.0,0.031,0.09600000000000002,0.0,-0.0,-0.0,0.0,0.297939686886072,-1.021507497895104,0.0,0.297939686886072
0.001,0.031000011674051774,0.09599999659506747,3.496420883480646e-05,0.06969671754842748,-1.0197898856997111e-05,-0.0203282322990454,0.35376678162290875,-1.2129141311294591,4.896086327043871e-10,0.2979398216735346
0.002,0.0310000929291881,0.09599997289560468,0.00013893090442292316,0.1380058508216039,-4.052165971763628e-05,-0.04025206961026768,0.40848323879499926,-1.4005089180168593,7.730354458203347e-09,0.297940759837807
0.003,0.031000312074990544,0.09599990897757738,0.00031051517292640337,0.20493277902660711,-9.056802072582925e-05,-0.05977387323064399,0.4620941854061288,-1.5843037613026714,3.8616010718925245e-08,0.297943290078393
0.004,0.031000736038854566,0.09599978531893909,0.0005483375939148951,0.2704831089763434,-0.00015993636002811516,-0.07889655550799714,0.5146049328770437,-1.7643094457128472,1.2041980970738309e-07,0.2979481851469175
0.005,0.031001430371595938,0.09599958279672192,0.000851024465594257,0.3346626703435108,-0.0002482292279157274,-0.09762354219633995,0.566020971942678,-1.9405357669089374,2.9005891003949334e-07,0.29795620192371985
0.006,0.03100245925328004,0.0959992826836138,0.0012172080253142314,0.3974775109646795,-0.0003550528418421734,-0.11595873585294113,0.6163479676389318,-2.1129916569706273,5.933788606634332e-07,0.29796808150119924
0.007,0.03100388549926928,0.09599886664405896,0.0016455266654050787,0.45893389219406233,-0.0004800175453618235,-0.13390648028429064,0.6655917543793073,-2.281685306480475,1.0844580862702094e-06,0.29798454927352924
0.008,0.03100577056648412,0.09599831672991696,0.0021346251443926504,0.5190382843065514,-0.000622738232041085,-0.151471526045956,0.713758331121485,-2.446624283268893,1.8249323972084347e-06,0.298006315032377
0.009000000000000001,0.031008174559872877,0.09599761537571488,0.0026831547936409556,0.577797361949598,-0.0007828347353976754,-0.1686589969992513,0.760853856623704,-2.6078156478621706,2.8833395062789376e-06,0.29803407306826546
0.01,0.03101115623908611,0.09599674539352628,0.003289773719470855,0.6352179996435168,-0.0009599321859254605,-0.18547435792570005,0.80688464479062,-2.7652660656623502,4.334483514882303e-06,0.2980685022772376
0.011000000000000001,0.03101477302535069,0.09599568996750889,0.003953147000803094,0.6913072673297961,-0.0011536613362623702,-0.20192338319844497,0.8518571601081307,-2.918981915875045,6.258819311900976e-06,0.2981102662724876
0.012,0.031019081008539402,0.09599443264813283,0.004671946882373484,0.7460724259670021,-0.0013636588555572024,-0.21801212650804777,0.8957780131664976,-3.068969397189809,8.741856810403112e-06,0.2981600135006374
0.013000000000000001,0.031024134954431536,0.09599295734612937,0.005444852963567602,0.7995209231738618,-0.001589567594087751,-0.23374689163852275,0.9386539562709404,-3.2152346302073287,1.187358492974321e-05,0.29821837736235113
0.014,0.031029988312160146,0.09599124832618945,0.006270552382922,0.8516603889191188,-0.0018310368191777934,-0.2491342042879562,0.9804918791387491,-3.357783756598595,1.574791521388951e-05,0.2982859763369884
0.015000000000000001,0.031036693221841667,0.09598929020044028,0.007147739998338488,0.9024986312577512,-0.0020877224234541122,-0.2641807849266761,1.021298804681831,-3.496623034973146,2.046214496081469e-05,0.29836341411101236
0.016,0.03104430052238362,0.09598706792172702,0.00807511856305764,0.952043632113152,-0.002359287106477046,-0.27889352268464873,1.0610818848735106,-3.6317589334266294,2.6116439722528204e-05,0.2984512797098784
0.017,0.031052859759466173,0.09598456677672576,0.0090513988974373,1.0003035431048644,-0.00264540053076913,-0.2932794502585854,1.0998483966982955,-3.7631982187320214,3.281333502078995e-05,0.29855014763314086
0.018000000000000002,0.03106241919369343,0.09598177237891281,0.010075300056581433,1.0472866814214774,-0.0029457394532563215,-0.3073457198281457,1.1376057381832383,-3.890948042134129,4.06572571097089e-05,0.2986605779925276
0.019,0.03107302580891029,0.09597867066141445,0.011145549493864284,1.0930015257382841,-0.0032599878331251724,-0.3210995799696076,1.1743614245094638,-4.015016021703239,4.975406260328068e-05,0.2987831166527434
0.02,0.03108472532068076,0.09597524786976024,0.012260883220394415,1.1374567121793062,-0.003587836917087205,-0.3345483535544468,1.2101230842023445,-4.135410321201017,6.0210596773438244e-05,0.29891829537477127
0.021,0.031097562184923752,0.0959714905545618,0.013420045960462786,1.1806610303232943,-0.0039289853030287725,-0.34769941661941944,1.2448984553987776,-4.25213972541001,7.213427031236278e-05,0.2990666319614568
0.022000000000000002,0.03111157960670237,0.0959673855641386,0.014621791303018659,1.2226234192533165,-0.004283138983010877,-0.3605601781939683,1.2786953821899611,-4.3652137118773044,8.563265434161156e-05,0.29922863040516473
0.023,0.031126819549162604,0.0959629200371104,0.015864881849216736,1.2633529636495462,-0.004650011366568884,-0.3731380610700684,1.311521811038034,-4.4746425190229555,0.00010081309344004997,0.2994047810373127
0.024,0.031143322742617732,0.0959580813949761,0.0171480893560785,1.3028588899248652,-0.005029323285246842,-0.3854404834989974,1.34338578726492,-4.5804372105648135,0.00011778233645260711,0.29959556067959225
0.025,0.031161128693774416,0.0959528573346968,0.018470194876310422,1.3411505624029039,-0.005420802979285392,-0.3974748417989437,1.3742954516116992,-4.682609736213167,0.0001366461848324976,0.2998014327967008
0.026000000000000002,0.031180275695096675,0.095947235821301,0.01982998889432129,1.3782374795381342,-0.00582418606736577,-0.4092484938568557,1.404259036866805,-4.781172988591308,0.00015750915826074298,0.30002284765041276
0.027,0.031200800834304078,0.09594120508052792,0.021226271458480443,1.4141292701776422,-0.006239215500295717,-0.42076874350748533,1.4332848645613638,-4.876140856341462,0.00018047417727857677,0.30026024245483246
0.028,0.031222740004000216,0.09593475359152495,0.02265785230965854,1.4488356898642083,-0.006665641499505768,-0.43204282577217834,1.4613813417299695,-4.967528273379748,0.00020564226266060555,0.3005140415326734
0.029,0.031246127911428043,0.09592787007961372,0.02412355100609183,1.482366617180316,-0.007103221481206813,-0.44307789293961813,1.4885569577352091,-5.055351264268523,0.0002331122512494124,0.3007846564724239
0.030000000000000002,0.03127099808834803,0.09592054350913898,0.025622197044610787,1.5147320501327315,-0.0075517199670418166,-0.45388100147042454,1.5148202811542588,-5.139626985680071,0.0002629805279656159,0.3010724862862581
0.031,0.031297382901035974,0.09591276307641314,0.02715262997827346,1.5459421025772768,-0.008010908482046476,-0.4644590997072602,1.5401799567258863,-5.220373763931434,0.00029534077370121556,0.3013779175685693
0.032,0.03132531356039651,0.09590451820276884,0.028713699530443518,1.5760070006834395,-0.008480565440714986,-0.47481901637187524,1.5646447023562173,-5.297611128576934,0.0003302837287983579,0.3017013246549998
0.033,0.031354820132189015,0.09589579852773118,0.030304265705352662,1.604937079438455,-0.008960476021948492,-0.4849674498303484,1.5882233061816495,-5.371359842051821,0.00036789697181042395,0.302043069781854
0.034,0.03138593154736228,0.09588659390232018,0.031923198895186786,1.632742779190506,-0.009450432033645076,-0.494910958107645,1.6109246236873194,-5.441641925368043,0.00040826471323756626,0.302403503245787
0.035,0.0314186756124946,0.09587689438249346,0.03356937998373462,1.6594346422306758,-0.009950231767670997,-0.504655949632502,1.63275757487956,-5.508480679870861,0.00045146760392447395,0.302782963563666
0.036000000000000004,0.03145307902033576,0.09586669022273864,0.03524170044663766,1.68502330941331,-0.010459679845934064,-0.5142086746935816,1.6537311415108225,-5.571900705073258,0.0004975825578042467,0.3031817776325079
0.037000000000000005,0.03148916736044764,0.09585597186982357,0.036939062448279485,1.7095195168144288,-0.01097858705826085,-0.5235752175877859,1.6738543643555697,-5.631927912593364,0.0005466825886687508,0.3036002608894033
0.038,0.031526965129939986,0.09584472995671274,0.03866037893535223,1.7329340924278462,-0.011506770192760269,-0.5327614894416123,1.6931363405356783,-5.688589536228745,0.0005988366606427317,0.30403871747134015
0.039,0.031566495744298144,0.09583295529665668,0.04040457372713847,1.7552779528986515,-0.012044051859337252,-0.5417732216864357,1.711586220893947,-5.741914138210064,0.0006541095520362776,0.30449744037484744
0.04,0.03160778154829943,0.09582063887746095,0.04217058160254401,1.776562100293695,-0.012590260307000379,-0.5506159601686319,1.729213207414308,-5.791931611685283,0.0007125617322478245,0.30497671161538203
0.041,0.03165084382701495,0.0958077718559408,0.04395734838392066,1.796797618908759,-0.013145229235589466,-0.5592950598755219,1.7460265506874393,-5.83867317949449,0.0007742492513880411,0.3054768023863885
0.042,0.0316957028168936,0.09579434555256655,0.04576383101771374,1.81599567211206,-0.013708797602528916,-0.5678156802581784,1.7620355474204545,-5.882171389303967,0.0008392236422932117,0.3059979732179621
0.043000000000000003,0.031742377716925244,0.09578035144630448,0.047588997651971325,1.8341674992237513,-0.014280809425194519,-0.5761827811322424,1.777249537989442,-5.922460105176752,0.0009075318345955269,0.3065404741350542
0.044000000000000004,0.03179088669987964,0.09576578116965734,0.04943182771075076,1.8513244124310917,-0.014861113579462156,-0.5844011191379924,1.7916779040336315,-5.959574495665407,0.0009792160805167365,0.30710454481515626
0.045000000000000005,0.03184124692361853,0.09575062650390788,0.05129131196545815,1.8674777937389497,-0.015449563594988627,-0.5924752447410633,1.8053300660900378,-5.993551018520758,0.0010543138920510095,0.3076904147454118
0.046,0.03189347454247732,0.09573487937456869,0.05316645260315573,1.882639091955315,-0.0160460174477556,-0.6004094997553211,1.8182154812674525,-6.024427402118475,0.001132857989202526,0.3082983033790955
0.047,0.0319475847187136,0.09571853184704048,0.05505626329187234,1.896819819711493,-0.016650337350390034,-0.6082080153695887,1.83034364095872,-6.052242623712783,0.0012148762589433428,0.3089284202914146
0.048,0.03200359163401959,0.09570157612248102,0.05695976924295102,1.9100315505166534,-0.017262389540755582,-0.6158747106600662,1.8417240685902552,-6.077036884633882,0.0013003917245573348,0.3095809653345827
0.049,0.032061508501095425,0.09568400453388623,0.05887600727046846,1.9222859158464214,-0.017882044069291853,-0.623413291570484,1.8523663174078255,-6.098851582552491,0.0013894225250366057,0.31025612879212083
0.05,0.03212134757528031,0.09566580954238416,0.06080402584775975,1.9335946022651824,-0.018509174585560204,-0.6308272503422131,1.8622799682976439,-6.1177292809412425,0.0014819819041975773,0.3109540915323433
0.051000000000000004,0.03218312016623891,0.09564698373374281,0.06274288516108224,1.9439693485817968,-0.019143658124437333,-0.6381198653767675,1.8714746276418799,-6.133713675868564,0.0015780782091850867,0.31167502516098755
0.052000000000000005,0.03224683664969991,0.09562751981509178,0.06469165716045167,1.953421943038398,-0.019785374892380334,-0.6452942015133414,1.8799599252077126,-6.146849560265984,0.0016777148980341476,0.3124190921729503
0.053000000000000005,0.03231250647924401,0.09560741061185728,0.06664942560768353,1.9619642205319738,-0.020434208054169612,-0.6523531107042503,1.8877455120691224,-6.157182785814709,0.001780890555960669,0.3131864461030915
0.054,0.03238013819813864,0.09558664906491009,0.06861528612167223,1.9696080598684236,-0.02109004352051925,-0.6592992330713798,1.8948410585606277,-6.164760222601414,0.001887598920054204,0.31397723167607516
0.055,0.03244973945121646,0.09556522822792538,0.07058834622094047,1.9763653810487711,-0.02175276973692721,-0.6661349983269701,1.9012562522622287,-6.16962971669703,0.001997828912047916,0.31479158495520854
0.056,0.0325213169967952,0.09554314126495284,0.07256772536349072,1.9822481425872518,-0.02242227747412176,-0.6728626275423311,1.907000796014853,-6.171840045815167,0.002111564678843174,0.3156296334902524
0.057,0.03259487671863595,0.09552038144819534,0.07455255498399072,1.9872683388609549,-0.023098459620443847,-0.6794841352483196,1.9120844059656368,-6.171440873209414,0.002228785640468733,0.3164914964641721
0.058,0.03267042363793731,0.09549694215599436,0.07654197852832408,1.991437997490734,-0.02378121097648909,-0.6860013318516732,1.9165168096424043,-6.168482699970482,0.0023494665451570737,0.31737728483879646
0.059000000000000004,0.03274796192536276,0.0954728168710192,0.07853515148553755,1.9947691767530857,-0.02447042805231758,-0.6924158263515607,1.920307744056753,-6.163016815885437,0.0024735775312234483,0.31828710149936246
0.060000000000000005,0.03282749491309876,0.09544799917865784,0.08053124141721527,1.9972739630227048,-0.025166008867523893,-0.6987290293409819,1.9234669538351699,-6.155095249021756,0.0026010841954361478,0.31922104139791463
0.061000000000000006,0.03290902510694095,0.09542248276560601,0.082529427984311,1.9989644682454262,-0.025867852754444694,-0.7049421562779155,1.926004189377658,-6.144770714199039,0.002731947667569855,0.3201791916955376
0.062,0.03299255419840579,0.09539626141865148,0.08452890297146823,1.9998528274412646,-0.026575860164766017,-0.7110562310113971,1.9279292050433525,-6.132096560510489,0.0028661246908372805,0.321161631903393
0.063,0.03307808307686546,0.09536932902364985,0.0865288703088584,1.9999511962372687,-0.027289932479778244,-0.7170720895479978,1.9292517573626669,-6.117126718055107,0.0030035677078979256,0.32216843402254275
0.064,0.03316561184170326,0.09534167956468825,0.08852854609156655,1.9992717484299016,-0.028009971824511617,-0.722990384044445,1.9299816032755115,-6.099915644039771,0.0031442249521465037,0.3231996626825312
0.065,0.03325513981448717,0.09531330712343285,0.09052715859655427,1.9978266735766785,-0.028735880885971694,-0.7288115870124345,1.9301284983951705,-6.080518268408055,0.0032880405439875055,0.3242553752787065
0.066,0.033346665551159275,0.09528420587865591,0.09252394829722851,1.9956281746167688,-0.029467562735680047,-0.7345359957219628,1.9297021952974354,-6.058989939149709,0.003434954591806318,0.3253356221082623
0.067,0.03344018685423844,0.0952543701059382,0.09451816787564557,1.9926884655203014,-0.030204920656711848,-0.7401637367898083,1.9287124418346266,-6.0353863674415225,0.0035849032973516034,0.32644044650497434
0.068,0.03353570078503415,0.09522379417754193,0.09650908223237861,1.9890197689660933,-0.03094785797540924,-0.7456947709400911,1.927168979474156,-6.0097635727663326,0.00373781906524784,0.32756988497261946
0.069,0.03363320367586895,0.09519247256244966,0.09849596849407691,1.9846343140475324,-0.031696277897935755,-0.751128897924131,1.9250815416612952,-5.982177828152769,0.0038936306163613534,0.3287239673170512
0.07,0.033732691142307356,0.09516039982656412,0.10047811601874496,1.9795443340063459,-0.03245008335182516,-0.7564657615871373,1.9224598522058423,-5.952685605673593,0.004052263104747746,0.3299027167769196
0.07100000000000001,0.03383415809538894,0.0951275706330639,0.10245482639876928,1.9737620639939955,-0.03320917683266533,-0.7617048550695596,1.9193136236924073,-5.921343522335541,0.004213638237913229,0.33110615015301537
0.07200000000000001,0.03393759875386327,0.09509397974290991,0.10442541346172021,1.967299738860426,-0.03397346025604578,-0.7668455261312292,1.915652555914023,-5.888208286488102,0.004377674400127086,0.33233427793622067
0.07300000000000001,0.03404300665642458,0.0950596220154971,0.1063892032689561,1.960169590969922,-0.03474283481488596,-0.7718869825867396,1.9114863343288468,-5.853336644873059,0.004544286778527393,0.33358710443405404
0.07400000000000001,0.034150374673943974,0.09502449240944627,0.10834553411205682,1.9523838480437983,-0.03551720084224983,-0.7768282978408024,1.9068246285396944,-5.816785330430638,0.004713387491766972,0.3348646278957898
0.075,0.034259695021696936,0.09498858598353013,0.11029375650711305,1.9439547310296834,-0.036296457679741156,-0.7816684165126361,1.9016770907961864,-5.778611010971952,0.0048848857209515964,0.3361668406361402
0.076,0.034370959271584144,0.09495189789772825,0.11223323318689847,1.9348944519971372,-0.0370805035515634,-0.7864061601387439,1.896053354519291,-5.738870238821029,0.00505868784262758,0.33749372915748566
0.077,0.03448415836434333,0.09491442341440501,0.11416333909095017,1.9252152120593529,-0.03786923544431705,-0.7910402329437417,1.8899630328480541,-5.697619401523257,0.005234697563580953,0.3388452742706383
0.078,0.03459928262175023,0.09487615789960487,0.116083461353584,1.9149291993206998,-0.03866254899259783,-0.7955692276692108,1.8834157172083337,-5.654914673710337,0.005412816057215739,0.34022145121412795
0.079,0.03471632175880654,0.09483709682445925,0.11799299928987018,1.904048586849856,-0.03946033837044856,-0.799991631450841,1.87642097590334,-5.6108119702052,0.0055929421012840715,0.34162222977199663
0.08,0.034835264895912814,0.09479723576669871,0.11989136437959476,1.892585530678295,-0.04026249618870847,-0.8043058317344544,1.8689883527258213,-5.565366900443484,0.00577497221674621,0.3430475743900927
0.081,0.034956100571024294,0.09475657041226525,0.12177798024923214,1.8805521678238852,-0.04106891339829403,-0.8085101222217747,1.8611273655917187,-5.5186347242814655,0.005958800807543982,0.3444974442908497
0.082,0.03507881675178781,0.09471509655701787,0.12365228265195355,1.8679606143393586,-0.04187947919943691,-0.8126027088371395,1.852847505195128,-5.470670309253403,0.006144320301076448,0.3459717935865455
0.083,0.035203400847657634,0.09467281010852634,0.12551371944569656,1.8548229633854267,-0.04269408095689538,-0.8165817157066261,1.8441582336844196,-5.421528089334689,0.006331421289172237,0.3474705713910268
0.084,0.03532983972198854,0.0946297070879464,0.12736175056931975,1.8411512833282984,-0.04351260412114785,-0.8204451911413776,1.8350689833593652,-5.371262025260401,0.0065199926693583305,0.34899372192989586
0.085,0.03545811970410394,0.09458578363197115,0.1291958480168669,1.82695761586138,-0.0443349321555681,-0.8241911136171934,1.825589155389116,-5.319925566442324,0.006709921786230655,0.3505411846491462
0.08600000000000001,0.03558822660133748,0.0945410359948519,0.13101549580996533,1.812253974150924,-0.04516094646957564,-0.8278173977427675,1.8157281185509042,-5.267571614521071,0.006901094572737455,0.3521128943222457
0.08700000000000001,0.035720145711046015,0.09449546055048316,0.13282018996838116,1.7970523410054093,-0.04599052635774494,-0.8313219002092155,1.805495207989321,-5.214252488583649,0.0070933956911918145,0.3537087811556566
0.08800000000000001,0.035853861832592294,0.09444905379454543,0.13460943847875625,1.7813646670684198,-0.04682354894485234,-0.8347024257138467,1.7948997239960292,-5.160019892070613,0.007286708673835445,0.35532877089278975
0.08900000000000001,0.03598935927929545,0.09440181234670003,0.13638276126154927,1.765202869034814,-0.04765988913683078,-0.8379567328514066,1.783950930809785,-5.104924881391114,0.007480916062781295,0.3569727849163875
0.09000000000000001,0.03612662189034754,0.09435373295282995,0.1381396901362049,1.7485788278899639,-0.04849941957759691,-0.8410825399663023,1.7726580554366262,-5.049017836258327,0.007675899549168229,0.358640740349332
0.091,0.03626563304269438,0.09430481248732114,0.1398797687845732,1.731504387171845,-0.04934201061170816,-0.8440775309595947,1.7610302864900964,-4.9923484317522755,0.007871540111366503,0.3603325501538751
0.092,0.03640637566287897,0.09425504795537802,0.14160255271260316,1.7139913512557674,-0.05018753025280206,-0.8469393610448248,1.7490767730513666,-4.9349656121117444,0.008067718152078433,0.3620481232292906
0.093,0.036548832238845676,0.09420443649536783,0.14330760921033123,1.696051483661552,-0.05103584415776282,-0.8496656624470013,1.736806623549127,-4.876917566252003,0.008264313634184103,0.363787364507944
0.094,0.036692984831703676,0.09415297538118797,0.14499451731018898,1.6776965053829167,-0.05188681560655691,-0.8522540500393472,1.7242289046591024,-4.818251705000172,0.008461206215187676,0.3655501750497845
0.095,0.03683881508744777,0.0941006620246506,0.14666286774365087,1.6589380932389006,-0.052740305487671585,-0.8547021269126669,1.7113526402230654,-4.75901464003568,0.00865827538012522,0.3673364521352549
0.096,0.03698630424863505,0.09404749397787913,0.14831226289624427,1.6397878782470987,-0.05359617228908724,-0.8570074898724422,1.6981868101871964,-4.699252164518842,0.008855400572800582,0.36914608935662613
0.097,0.03713543316601585,0.09399346893571099,0.14994231676094383,1.6202574440185245,-0.05445427209470891,-0.8591677348590343,1.684740349559663,-4.6390092353867605,0.009052461325221323,0.37097897670775687
0.098,0.03728618231011716,0.09393858473810116,0.15155265488997105,1.600358325173895,-0.05531445858617744,-0.8611804622865961,1.6710221473872604,-4.578329957291928,0.009249337385112086,0.3728350006722819
0.099,0.03743853178277715,0.09388283937252137,0.15314291434502111,1.5801020057811495,-0.05617658304997733,-0.8630432822965596,1.657041045750983,-4.517257568155516,0.009445908841388347,0.3747140443102356
0.1,0.0375924613286291,0.09382623097634958,0.15471274364593762,1.559499917814006,-0.057040494389753706,-0.864753819921789,1.6428058387803643,-4.4558344263041985,0.00964205624747871,0.3766159873431149
0.101,0.037747950346533235,0.09376875783924442,0.1562618027178564,1.5385634396313694,-0.057906039143747264,-0.8663097201577288,1.6283252716864416,-4.394101999156366,0.009837660742389395,0.378540706237391
0.10200000000000001,0.037904977900955,0.09371041840549985,0.1577897628368388,1.5173038944774044,-0.05877306150725227,-0.8677086529370952,1.6136080398131893,-4.332100853421119,0.010032604169409707,0.3804880742864746
0.10300000000000001,0.03806352273328812,0.0936512112763748,0.1592963065740158,1.4957325490020899,-0.05964140335999986,-0.8689483180048936,1.5986627877072617,-4.269870646770899,0.010226769192362758,0.38245796169114676
0.10400000000000001,0.03822356327312118,0.09359113521239301,0.16078112773826242,1.4738606118020687,-0.060510904298365135,-0.8700264496907435,1.5834981082058823,-4.207450120946638,0.010420039409310638,0.38445023563846464
0.10500000000000001,0.03838507764944607,0.09353018913560837,0.16224393131742326,1.4516992319816235,-0.06138140167229412,-0.8709408215757202,1.5681225415427176,-4.1448770962523875,0.010612299463628601,0.3864647603791517
0.10600000000000001,0.038548043701807005,0.09346837213183089,0.16368443341810887,1.4292594977335935,-0.062252730626843694,-0.871689251051111,1.5525445744715682,-4.082188467394819,0.01080343515236781,0.3885013973034878
0.10700000000000001,0.03871243899138856,0.09340568345280897,0.165102361204083,1.4065524349400589,-0.06312472414822522,-0.8722696037666937,1.5367726394076922,-4.019420200621572,0.010993333531831241,0.39056000501570987
0.108,0.038878240812041456,0.09334212251836341,0.1664974528332605,1.3835890057926308,-0.06399721311424032,-0.8726797979663357,1.520815113586604,-3.95660733211134,0.011181883020292405,0.3926404394069382
0.109,0.03904542620124466,0.09327768891846874,0.16786945739333498,1.3603801074321655,-0.06487002634899515,-0.872917808708892,1.5046803182401534,-3.8937839675676007,0.011368973497791248,0.39474255372664635
0.11,0.03921397195100238,0.09321238241527793,0.1692181348360559,1.3369365706077472,-0.06574299068177718,-0.872981671972572,1.4883765177897066,-3.8309832829672184,0.011554496402946694,0.39686619865268696
0.111,0.039383854618674705,0.09314620294508599,0.17054325591017447,1.3132691583547706,-0.06661593100997762,-0.8728694886411137,1.4719119190562449,-3.7682375264146217,0.011738344826729896,0.39901122235989506
0.112,0.039555050537740555,0.09307915062022878,0.17184460209307667,1.2893885646919585,-0.06748867036594036,-0.8725794283702721,1.455294670487177,-3.705578021051882,0.011920413603147,0.40117747058728637
0.113,0.03972753582849159,0.0930112257309131,0.17312196552112297,1.2653054133371666,-0.06836102998761662,-0.8721097333332983,1.4385328613996933,-3.6430351689749725,0.012100599396784916,0.40336478670386955
0.114,0.039901286408655805,0.0929424287469741,0.1743751489187132,1.2410302564418119,-0.06923282939290452,-0.8714587218442387,1.4216345212404384,-3.5806384561063647,0.012278800787178096,0.4055730117730953
0.115,0.040076278003949584,0.09287276031955681,0.17560396552609506,1.216573573343769,-0.07010388645755014,-0.8706247918580314,1.4046076188613155,-3.5184164579743977,0.012454918349958832,0.40780198461596184
0.116,0.040252486158556956,0.09280222128271783,0.17680823902593454,1.1919457693385898,-0.07097401749648681,-0.8696064243465327,1.387460061811212,-3.456396846350112,0.012628854734757954,0.4100515418728031
0.117,0.04042988624553473,0.09273081265494405,0.17798780346866683,1.1671571744688953,-0.07184303734848801,-0.8684021865497376,1.3701996956434401,-3.3946063966927245,0.01280051473982721,0.41232151806378037
0.11800000000000001,0.040608453477142537,0.09265853564058525,0.17914250319664565,1.1422180423317931,-0.07271075946400907,-0.867010735101596,1.3528343032386756,-3.333070996355452,0.012969805383358774,0.414611745648106
0.11900000000000001,0.04078816291509621,0.09258539163119714,0.1802721927671089,1.1171385489041774,-0.07357699599609133,-0.8654308190299513,1.3353716041431842,-3.271815653504147,0.013136635971481564,0.4169220550820213
0.12000000000000001,0.0409689894807438,0.09251138220679209,0.18137673687397843,1.0919287913857718,-0.07444155789420374,-0.8636612826302588,1.3178192539221163,-3.210864506701911,0.01330091816291805,0.4192522748755615
0.12100000000000001,0.041150907965162534,0.09243650913699468,0.18245601026851171,1.0665987870597742,-0.07530425500089426,-0.8617010682128414,1.3001848435276415,-3.1502408351138396,0.013462566030289329,0.42160223164812843
0.12200000000000001,0.04133389303917614,0.09236077438209905,0.1835098976788231,1.0411584721709726,-0.07616489615112608,-0.8595492187235796,1.2824758986817153,-3.0899670692869274,0.01362149611806008,0.42397175018290933
0.12300000000000001,0.04151791926329088,0.0922841800940259,0.18453829372829145,1.015617700821194,-0.07702328927417032,-0.8572048802380006,1.264699879273231,-3.030064802461297,0.01377762749711884,0.4263606534801626
0.124,0.04170296109754966,0.09220672861717609,0.18554110285287234,0.9899862438819552,-0.0778792414979303,-0.8546673043288716,1.24686417876934,-2.970554802369929,0.01393088181599284,0.4287687628094088
0.125,0.041888992911302755,0.09212842248917891,0.18651823921733093,0.9642737879241942,-0.07873255925556986,-0.8519358503074685,1.2289761236407095,-2.911457023485357,0.014081183348700156,0.4311958977605561
0.126,0.042075988992894324,0.09204926444153264,0.1874696266304135,0.9384899341649485,-0.07958304839431994,-0.8490099873387942,1.2110429728004748,-2.852790619672908,0.014228459039245696,0.4336418762939926
0.127,0.04226392355926351,0.09196925740013515,0.1883951984589738,0.9126441974308614,-0.08043051428633755,-0.845889296431106,1.1930719170566562,-2.7945739572113837,0.014372638542770728,0.43610651478967966
0.128,0.04245277076545919,0.09188840448570282,0.18929489754107146,0.8867460051383967,-0.0812747619414915,-0.8425734723001872,1.1750700785778023,-2.736824628143376,0.01451365426336937,0.43858962809528285
0.129,0.042642504714067345,0.0918067090140756,0.19016867609805885,0.8608046962906395,-0.08211559612195027,-0.83906232510888,1.1570445103716167,-2.6795594639186944,0.014651441388588371,0.44109102957337437
0.13,0.04283309946454992,0.09172417449640675,0.1910164956456728,0.834829520490572,-0.08295282145844682,-0.8353557820824584,1.1390021957763279,-2.6227945492957847,0.014785937920630005,0.4436105311477422
0.131,0.04302452904249438,0.09164080463923549,0.19183832690414812,0.808829636970708,-0.08378624256809736,-0.831453889000497,1.1209500479645578,-2.566545236467316,0.0149170847042809,0.44614794334884667
0.132,0.04321676744877288,0.0915566033444411,0.19263414970736875,0.7828141136389807,-0.08461566417365045,-0.8273568115659491,1.1028949094594487,-2.5108261593775385,0.015044825451592572,0.44870307535845855
0.133,0.04340978866861007,0.09147157470907712,0.19340395291107268,0.7567919261407684,-0.08544089122404386,-0.8230648366522006,1.0848435516627952,-2.455651248200332,0.015169106763342353,0.45127573505352053
0.134,0.043603566680558634,0.09138572302508434,0.19414773430012722,0.7307719569369583,-0.08626172901614815,-0.8185783734289303,1.0668026743949395,-2.4010337439482763,0.01528987814730639,0.4538657290492689
0.135,0.04379807546538176,0.09129905277888165,0.19486550049489024,0.7047629943979465,-0.08707798331757569,-0.8138979543676503,1.048778905446183,-2.3469862131844264,0.015407092033378903,0.4564728627416571
0.136,0.043993289014841355,0.09121156865083337,0.19555726685667307,0.6787737319134677,-0.0878894604904354,-0.8090242361278464,1.030778800139457,-2.2935205628098,0.015520703785574535,0.4590969403491215
0.137,0.04418918134039141,0.09112327551459262,0.19622305739232151,0.6528127670181634,-0.0886959676159145,-0.8039580003246879,1.0128088409040177,-2.240648054900986,0.015630671710953475,0.46173776495372987
0.138,0.044385726481775405,0.0910341784363196,0.19686290465793002,0.6268886005327902,-0.08949731261956897,-0.7987001541793083,0.9948754368598979,-2.1883793215735308,0.015736957065511044,0.4643951385417555
0.139,0.04458289851552716,0.09094428267377434,0.19747684966170478,0.6010096357209759,-0.09029330439720631,-0.7932517310526981,0.9769849234128836,-2.1367243798481197,0.015839524057076032,0.46706886204371995
0.14,0.04478067156337394,0.09085359367528331,0.1980649417659916,0.5751841774614332,-0.09108375294124407,-0.7876138908642858,0.9591435618597485,-2.0856926464978187,0.015938339845264417,0.4697587353739439
0.14100000000000001,0.04497901980054126,0.09076211707857947,0.19862723858848327,0.5494204314355443,-0.09186846946742987,-0.7817879203963093,0.9413575390035083,-2.0352929528558987,0.016033374538537006,0.47246455746965355
0.14200000000000002,0.04517791746395861,0.09066985870951547,0.19916380590262264,0.5237265033302297,-0.09264726654180953,-0.7757752334851146,0.9236329667784395,-1.9855335595649808,0.016124601188411875,0.4751861263296857
0.14300000000000002,0.04537733886036494,0.09057682458064979,0.19967471753721575,0.4981103980560203,-0.09341995820782992,-0.7695773711005356,0.9059758818846115,-1.9364221712494591,0.016211995780884246,0.4779232390528323
0.14400000000000002,0.04557725837431362,0.09048302088970585,0.20016005527527078,0.47258001898025326,-0.09418636011346597,-0.7631960013145369,0.8883922454316886,-1.887965951094286,0.01629553722510856,0.4806756918758734
0.14500000000000002,0.04577765047607563,0.0903884540179038,0.20061990875207797,0.4471431671753101,-0.09494628963826153,-0.7566329191603278,0.8708879425917462,-1.8401715353143537,0.016375207339399116,0.4834432802113404
0.14600000000000002,0.0459784897294407,0.09029313052816566,0.20105437535254472,0.4218075406818282,-0.09569956602017489,-0.7498900463831543,0.853468782260858,-1.7930450474997903,0.016450990834607424,0.4862257986850564
0.14700000000000002,0.04617975079941518,0.09019705716319357,0.2014635601078018,0.39658073378680797,-0.09644601048212154,-0.742969431084022,0.8361404967292074,-1.7465921128235609,0.016522875294936117,0.4890230411734975
0.14800000000000002,0.04638140845981634,0.0901002408434216,0.201847575591095,0.3714702363165492,-0.09718544635810783,-0.7358732472575966,0.8189087413594761,-1.700817872098762,0.016590851156250707,0.49183480084102316
0.149,0.0465834376007621,0.090002688664842,0.20220654181297687,0.3464834329443474,-0.09791769921884967,-0.7286037942255422,0.8017790942732637,-1.655726995674011,0.016654911681951896,0.494660870177017
0.15,0.046785813236055664,0.0899044078967058,0.20254058611581388,0.32162760251288774,-0.09864259699677332,-0.7211634959665927,0.7847570560453013,-1.6113236971562617,0.0167150529364727,0.49750104103298826
0.151,0.04698851051046429,0.08980540597909892,0.20284984306762308,0.2969099173712685,-0.09935997011029492,-0.7135549003446318,0.7678480494052122,-1.5676117469512942,0.01677127375646564,0.5003551046596775
0.152,0.04719150470689161,0.08970569052039441,0.2031344543552529,0.2723374427266021,-0.10006965158727757,-0.7057806782360916,0.7510574189465828,-1.5245944856130111,0.016823575719746606,0.5032228517442116
0.153,0.04739477125344277,0.08960526929458164,0.2033945686769234,0.2479171360101341,-0.10077147718756632,-0.6978436225579832,0.7343904308431104,-1.4822748369935033,0.016871963112063217,0.5061040724473562
0.154,0.047598285730381815,0.08950415023847344,0.20363034163413904,0.22365584625781848,-0.10146528552450161,-0.6897466471978684,0.7178522725715841,-1.4406553211866377,0.016916442891756114,0.5089985564409093
0.155,0.04780202387698065,0.08940234144879236,0.20384193562299002,0.1995603135053086,-0.10215091818531462,-0.6814927858471165,0.7014480526414761,-1.3997380672587159,0.016957024652383107,0.5119060929452806
0.156,0.04800596159825907,0.0892998511791371,0.2040295197248553,0.17563716819730502,-0.10282821985030781,-0.6730851907387696,0.6851828003309065,-1.3595248257604433,0.016993720583376414,0.5148264707673055
0.157,0.04821007497161513,0.08919668783683025,0.2041932695965223,0.1518929306112179,-0.1034970384107264,-0.6645271312913729,0.6690614654287604,-1.3200169810151798,0.017026545428804364,0.517759478338336
0.158,0.04841434025334536,0.08909285997964919,0.20433336735973745,0.1283340102950983,-0.10415722508522694,-0.6558219926601132,0.6530889179827277,-1.2812155631790694,0.017055516444309537,0.5207049037526519
0.159,0.04861873388505431,0.08898837631244094,0.2044500014902018,0.10496670551979598,-0.10480863453485166,-0.6469732741966334,0.6372699480530505,-1.2431212600692947,0.01708065335229574,0.5236625348062405
0.16,0.04882323249995277,0.08888324568362292,0.20454336670602546,0.0817972027453034,-0.10545112497641705,-0.6379845878188907,0.6216092654717569,-1.2057344287572795,0.017101978295437015,0.5266321590359864
0.161,0.04902781292904411,0.08877747708157133,0.20461366385565627,0.05883157610125269,-0.10608455829422819,-0.6288596562924329,0.6061114996071708,-1.169055106924237,0.017119515788582233,0.5296135637593136
0.162,0.04923245220719847,0.08867107963089832,0.2046610998052953,0.03607578688152587,-0.10670880015003074,-0.6196023114244884,0.5907811991334859,-1.1330830239769645,0.017133292669129035,0.5326065361143256
0.163,0.049437127579113976,0.08856406258862053,0.20468588732581425,0.013535683052950664,-0.1073237200911137,-0.6102164921722539,0.5756228318052018,-1.0978176119223173,0.017143338045941477,0.5356108631004853
0.164,0.049641816505164645,0.08845643534022017,0.20468824497918872,-0.008783001221948843,-0.10792919165647837,-0.6007062426668004,0.5606407842362174,-1.0632580159992255,0.017149683246885723,0.5386263316198732
0.165,0.04984649666713452,0.08834820739560116,0.2046683970044612,-0.03087464604817366,-0.1085250924809895,-0.5910757101540058,0.5458393616833893,-1.029403105067587,0.01715236176505845,0.5416527285190684
0.166,0.050051145973837544,0.08823938838494198,0.2046265732032475,-0.05273374624746937,-0.10911130439742657,-0.5813291428539475,0.5312227878343606,-0.9962514817537531,0.017151409203782508,0.5446898406316927
0.167,0.05025574256662269,0.08812998805444766,0.20456300882480152,-0.07435491179355776,-0.10968771353635436,-0.5714708877402048,0.5167952045994807,-0.9638014923527446,0.017146863220444713,0.5477374548216537
0.168,0.05046026482476394,0.08802001626200302,0.20447794445065115,-0.09573286823341501,-0.11025421042373292,-0.5615053882405127,0.5025606719076222,-0.9320512364876399,0.01713876346925019,0.5507953580271285
0.169,0.05066469137073475,0.08790948297272944,0.20437162587882063,-0.11686245709459389,-0.11081069007619032,-0.5514371818602617,0.48852316750573915,-0.9009985765269756,0.017127151542967997,0.5538633373053254
0.17,0.05086900107536644,0.08779839825444749,0.20424430400765164,-0.13773863627862043,-0.11135705209388017,-0.5412708977303134,0.4746865867619796,-0.8706411467612517,0.01711207091374204,0.556941179878058
0.171,0.051073173062890234,0.08768677227304816,0.2040962347192388,-0.15835648044046594,-0.11189320075084985,-0.5310112540806523,0.46105474247220135,-0.8409763623399601,0.01709356687304172,0.5600286731781678
0.17200000000000001,0.05127718671586269,0.08757461528777465,0.20392767876249204,-0.17871118135411157,-0.1124190450828467,-0.5206630556413957,0.44763136466973147,-0.812001427970797,0.017071686470825655,0.5631256048968343
0.17300000000000001,0.05148102167997379,0.08746193764641802,0.20373890163584077,-0.19879804826420364,-0.11293449897248843,-0.5102311909727065,0.43442010043821977,-0.7837133463829835,0.017046478453992153,0.5662317630317963
0.17400000000000002,0.051684657868737695,0.0873487497804288,0.20353017346959304,-0.2186125082238107,-0.1134394812317293,-0.49972062972518694,0.42142451372744516,-0.7561089265568238,0.01701799320418907,0.569346935936526
0.17500000000000002,0.051888075468065675,0.08723506219994755,0.20330176890796423,-0.23815010641828024,-0.11393391568155241,-0.4891364198323375,0.4086480851719414,-0.7291847917218545,0.0169862826750557,0.5724709123703796
0.17600000000000002,0.05209125494072091,0.08712088548875721,0.20305396699078837,-0.2574065064751944,-0.11441773122882107,-0.4784836846367029,0.3960942119123133,-0.7029373871261118,0.016951400328968306,0.5756034815497585
0.17700000000000002,0.052294177030654816,0.08700623029915999,0.20278705103492686,-0.2763774907604212,-0.11489086194022392,-0.4677676199513517,0.3837662074191281,-0.6773629875792312,0.01691340107336061,0.5787444332003046
0.17800000000000002,0.052496822767224664,0.08689110734678177,0.20250130851538808,-0.29505896066025655,-0.11535324711324996,-0.4569934910583617,0.3716673013192669,-0.6524577047722269,0.016872341196689886,0.5818935576101592
0.17900000000000002,0.05269917346929216,0.08677552740530713,0.20219703094617142,-0.31344693684964525,-0.11580483134413098,-0.44616662964600984,0.35980063922464073,-0.6282174943769646,0.016828278304118118,0.5850506456843088
0.18000000000000002,0.052901210749202746,0.0866595013011479,0.20187451376085058,-0.33153755954647396,-0.11624556459269164,-0.43529243068640733,0.3481692825631721,-0.6046381629284414,0.016781271252977636,0.5882154890000406
0.18100000000000002,0.05310291651664542,0.08654303990804843,0.2015340561929091,-0.3493270887519171,-0.11667540224404802,-0.4243763492553419,0.336776208411966,-0.5817153744931218,0.016731380088089075,0.5913878798635314
0.182,0.05330427298239263,0.0864261541416308,0.20117596115584277,-0.3668119044768233,-0.11709430516709758,-0.41342389729613005,0.3256243093325916,-0.5594446571266616,0.016678665976999078,0.5945676113675855
0.183,0.05350526266192031,0.08630885495388316,0.20080053512304266,-0.3839885069541277,-0.11750223976974618,-0.4024406403293111,0.31471639320840755,-0.5378214091244352,0.016623191145204136,0.5977544774505441
0.184,0.05370586837890758,0.08619115332759449,0.20040808800747262,-0.4008535168372517,-0.1178991780508182,-0.39143219411006713,0.3040551830838931,-0.5168409050683977,0.016565018811425698,0.600948272956379
0.185,0.05390607326861613,0.08607306027073912,0.19999893304115543,-0.4174036753844906,-0.11828509764859882,-0.3804042212352656,0.29364331700592056,-0.49649830167380826,0.01650421312300109,0.6041487936959855
0.186,0.05410586078114891,0.08595458681081439,0.19957338665448152,-0.43363584462934335,-0.11865998188595908,-0.36936242770208694,0.28348334786695517,-0.4767886434394718,0.01644083909145329,0.60735583650969
0.187,0.05430521468458809,0.08583574398913502,0.19913176835535448,-0.4495470075367642,-0.11902381981201582,-0.3583125594202225,0.27357774325014994,-0.45770686810515027,0.016374962528301777,0.6105691993309752
0.188,0.0545041190680121,0.0857165428550874,0.1986744006081876,-0.46513426814530284,-0.11937660624028205,-0.3472603986796811,0.26392888527633324,-0.4392478119198602,0.016306649981175318,0.613788681251439
0.189,0.05470255834439156,0.08559699446034766,0.19820160871276477,-0.48039485169509866,-0.1197183417832632,-0.336211760576273,0.2545390704528884,-0.4214062147247954,0.016235968670286406,0.6170140825869898
0.19,0.05490051725336404,0.08547710985306689,0.1977137206829809,-0.4953261047416931,-0.12004903288345882,-0.32517248939689614,0.24541050952453836,-0.40417672485463363,0.016162986425325866,0.6202452049452787
0.191,0.05509798086388749,0.08535690007202708,0.19721106712547565,-0.5099254952556216,-0.12036869184073057,-0.31414845496678884,0.23654532732606492,-0.38755390386101135,0.016087771622834725,0.6234818512943785
0.192,0.05529493457677228,0.08523637614077166,0.1966939811181744,-0.5241906127077414,-0.12067733683599903,-0.3031455489609519,0.22794556263700072,-0.37153223106195576,0.01601039312410927,0.6267238260327006
0.193,0.05549136412709171,0.08511554906171417,0.19616279808875145,-0.5381191681402527,-0.12097499195123501,-0.29216968118200043,0.21961316803834363,-0.3561061079210665,0.015930920213693724,0.6299709350601514
0.194,0.05568725558647094,0.08499442981022867,0.19561785569302895,-0.5517089942233679,-0.12126168718571317,-0.28122677580674216,0.21155000977136174,-0.3412698622602438,0.015849422538513642,0.6332229858505237
0.195,0.05588259536525438,0.08487302932872597,0.1950594936933266,-0.5649580452975745,-0.12153745846849721,-0.2703227676038262,0.20375786759856596,-0.32701775230975494,0.015765970047701656,0.6364797875251135
0.196,0.056077370214551274,0.0847513585207191,0.1944880538367763,-0.5778643974014481,-0.12180234766712936,-0.2594635981248602,0.19623843466693663,-0.3133439705994082,0.01568063293316581,0.6397411509275515
0.197,0.05627156722815972,0.08462942824488218,0.19390387973361614,-0.5904262482849497,-0.12205640259249882,-0.2486552118714282,0.18899331737352248,-0.30024264769462267,0.015593481570949074,0.6430068886998426
0.198,0.05646517384436886,0.08450724930910612,0.19330731673547866,-0.6026419174081634,-0.12229967699986614,-0.23790355244049632,0.18202403523351218,-0.28770785578111524,0.015504586463427356,0.6462768153595897
0.199,0.05665817784763948,0.08438483246455546,0.192698711813687,-0.6145098459254076,-0.12253223058602318,-0.22721455865072937,0.17533202075092652,-0.2757336121019579,0.015414018182391407,0.6495507473783957
0.2,0.05685056737016283,0.08426218839972978,0.19207841343757517,-0.6260285966546537,-0.12275412898257104,-0.21659416065230463,0.16891861929207264,-0.2643138822507046,0.015321847313056886,0.6528285032614127
0.201,0.05704233089329781,0.08413932773453393,0.1914467714528456,-0.6371968540322025,-0.1229654437453006,-0.20604827602282427,0.16278508896191524,-0.2534425833242598,0.01522814439904485,0.6561099036280257
0.202,0.05723345724888655,0.08401626101436077,0.19080413695997966,-0.6480134240525335,-0.12316625233966302,-0.19558280585199855,0.15693260048355162,-0.24311358693916138,0.015132979888373496,0.6593947712936401
0.203,0.0574239356204484,0.08389299870419038,0.19015086219271585,-0.6584772341932705,-0.12335663812232059,-0.18520363081779811,0.15136223708096874,-0.23332072211488566,0.01503642408050039,0.6626829313525489
0.20400000000000001,0.05761375554425247,0.08376955118270979,0.1894873003966104,-0.6685873333251856,-0.1235366903187705,-0.17491660725681546,0.14607499436529103,-0.2240577780277751,0.01493854707445256,0.6659742112618485
0.20500000000000002,0.0578029069102688,0.08364592873645683,0.18881380570769515,-0.6783428916071715,-0.12370650399703732,-0.16472756323161525,0.141071780224735,-0.2153185066391473,0.014839418718080184,0.6692684409263732
0.20600000000000002,0.057991379962998156,0.08352214155399254,0.18813073303124858,-0.6877432003660948,-0.12386618003743245,-0.15464229459790296,0.13635341471850626,-0.20709662520111857,0.014739108558468205,0.672565452784609
0.20700000000000002,0.058179165302180744,0.08339819972010555,0.18743843792069398,-0.6967876719614674,-0.12401582509838172,-0.14466656107434117,0.13192062997487497,-0.19938581864361685,0.014637685793537853,0.6758650818955549
0.20800000000000002,0.058366253883383866,0.08327411321005276,0.18673727645664093,-0.7054758396348356,-0.12415555157832549,-0.13480608231792368,0.12777407009370334,-0.19217974184606257,0.014535219224868967,0.6791671660264889
0.20900000000000002,0.05855263701846868,0.08314989188383991,0.18602760512608504,-0.713807357343818,-0.12428547757369833,-0.12506653400780293,0.12391429105368634,-0.18547202179711592,0.014431777211771834,0.6824715457415966
0.21000000000000002,0.058738306375936286,0.0830255454805463,0.18530978070178108,-0.7217819995806908,-0.12440572683299732,-0.11545354394052232,0.12034176062460467,-0.17925625964589234,0.014327427626635527,0.6857780644914198
0.21100000000000002,0.05892325398115318,0.08290108361269735,0.1845841601218058,-0.729399661175444,-0.12451642870695316,-0.10597268813961785,0.11705685828487888,-0.17352603264797187,0.014222237811578293,0.6890865687030734
0.21200000000000002,0.059107472216456555,0.08277651576068877,0.18385110036932478,-0.7366603570832045,-0.12461771809481899,-0.09662948698257595,0.1140598751447528,-0.16827489600953008,0.01411627453642313,0.6923969078711883
0.21300000000000002,0.05929095382113924,0.08265185126726668,0.18311095835258054,-0.7435642221559406,-0.12470973538679617,-0.08742940134815458,0.11135101387542179,-0.16349638463284524,0.014009603958020604,0.6957089346495213
0.21400000000000002,0.05947369189131497,0.08252709933206684,0.18236409078511623,-0.7501115108983474,-0.12479262640261901,-0.07837782878708788,0.10893038864445248,-0.15918401476642072,0.013902291580938498,0.6990225049431822
0.215,0.05965567987966382,0.08240226900621765,0.18161085406625177,-0.7563025972078037,-0.12486654232632265,-0.06948009971920899,0.10679802505784963,-0.15533128556292455,0.01379440221953654,0.7023374780014187
0.216,0.05983691159505841,0.08227736918700984,0.1808516041618273,-0.7621379740983207,-0.12493163963722308,-0.06074147366001481,0.10495386010912544,-0.1519316805480874,0.013685999961442288,0.7056537165109054
0.217,0.060017381202070876,0.08215240861263738,0.18008669648523212,-0.7676182534083483,-0.12498808003713958,-0.05216713547974594,0.10339774213576092,-0.14897866900370071,0.01357714813244293,0.7089710866894683
0.218,0.06019708322036102,0.08202739585701291,0.17931648577873252,-0.772744165492358,-0.12503603037389344,-0.04376219169798079,0.1021294307834335,-0.1464657072677774,0.013467909262805134,0.7122894583801882
0.219,0.06037601252394605,0.08190233932466147,0.17854132599511696,-0.777516558896075,-0.1250756625611207,-0.035531666816811636,0.10114859697842216,-0.14438623995494074,0.013358345055034105,0.7156087051458165
0.22,0.06055416434035204,0.08177724724569635,0.17776157017967403,-0.7819364000152542,-0.1251071534944385,-0.027480499695607508,0.10045482290858998,-0.14273370110004027,0.01324851635308065,0.7189287043634334
0.221,0.060731534249647515,0.08165212767088055,0.17697757035252,-0.7860047727378846,-0.12513068496400795,-0.019613539970379845,0.10004760201336704,-0.1415015152279756,0.013138483113003396,0.7222493373192825
0.222,0.060908118183359714,0.08152698846677735,0.17618967739129218,-0.7897228780697014,-0.1251464435635405,-0.01193554452073653,0.09992633898316405,-0.14068309835267115,0.013028304375091488,0.7255704893037124
0.223,0.06108391242327345,0.0814018373109938,0.17539824091422587,-0.7930920337428887,-0.12515462059579566,-0.004451173987391921,0.10009034976864517,-0.1402718589080978,0.012918038237451315,0.7288920497061447
0.224,0.06125891360011357,0.08127668168752034,0.1746036091636302,-0.7961136738078487,-0.12515541197462332,0.0028350106568439948,0.100538861600315,-0.14026119861422434,0.012807741831058927,0.7322139121100073
0.225,0.06143311869211082,0.08115152888217012,0.1738061288897813,-0.7987893482079138,-0.12514901812360427,0.009918551479690119,0.10127101301885877,-0.14064451328072128,0.012697471296278082,0.735535974387542
0.226,0.06160652502345205,0.08102638597812128,0.1730061452352491,-0.8011207223368697,-0.12513564387134843,0.016795096902781026,0.10228585391670986,-0.14141519355124,0.012587281760842058,0.738858138794424
0.227,0.06177913026261474,0.0809012598515658,0.1722040016196755,-0.8031095765791635,-0.12511549834350966,0.023460404953005276,0.10358234559129242,-0.14256662559101746,0.012477227319295646,0.7421803120641002
0.228,0.06195093242058672,0.08077615716746755,0.17140003962502065,-0.8047578058326617,-0.12508879485158178,0.02991034644904078,0.10515936081042032,-0.1440921917205597,0.01236736101389181,0.7455024055017799
0.229,0.06212192984897137,0.08065108437543361,0.17059459888129552,-0.806067419013825,-0.1250557507785417,0.03614090812038451,0.10701568389031757,-0.14598527099809985,0.012257734816936023,0.7488243350779858
0.23,0.0622921212379786,0.0805260477057011,0.16978801695279822,-0.807040538545157,-0.12501658746140779,0.042148195656238396,0.1091500107867428,-0.1482392397535125,0.012148399614569365,0.7521460215215879
0.231,0.06246150561430262,0.08040105316524318,0.16898062922487161,-0.8076793998247932,-0.12497153007078651,0.047928436681689224,0.11156094919969395,-0.15084747207632213,0.012039405191979812,0.755467390412239
0.232,0.06263008233888648,0.08027610653399692,0.16817276879120036,-0.8079863506780816,-0.12492080748747914,0.05347798365868639,0.11424701869217369,-0.15380334026041756,0.011930800220029496,0.7587883722721217
0.233,0.06279785110457435,0.08015121336121593,0.16736476634166533,-0.80796385079101,-0.12486465217622694,0.05879331670940402,0.11720665082350368,-0.15710021520806033,0.011822632243284007,0.7621089026569299
0.234,0.06296481193365187,0.08002637896195082,0.16655695005077423,-0.8076144711253379,-0.12480330005667241,0.06387104635966279,0.12043818929765715,-0.160731466795722,0.011714947669428275,0.7654289222459901
0.23500000000000001,0.06313096517527525,0.07990160841365984,0.1657496454666856,-0.8069408933152727,-0.12473699037161814,0.06870791620017602,0.1239398901271066,-0.16469046420429034,0.011607791760051733,0.7687483769314469
0.23600000000000002,0.06329631150278962,0.07977690655295279,0.16494317540084594,-0.8059459090455466,-0.12466596555266607,0.07330080546348328,0.1277099218126515,-0.16897057621611636,0.011501208622784129,0.7720672179064162
0.23700000000000002,0.06346085191093752,0.07965227797247035,0.16413785981825788,-0.8046324194107313,-0.12459047108332348,0.07764673151452917,0.13174636553971286,-0.17356517148137512,0.01139524120476166,0.775385401752029
0.23800000000000002,0.06362458771295776,0.07952772701790171,0.16333401572839873,-0.803003434255635,-0.12451075535966184,0.08174285225296762,0.13604721539156206,-0.1784676187561649,0.011289931287401555,0.7787028905232716
0.23900000000000002,0.06378752053757565,0.07940325778514268,0.16253195707680768,-0.8010620714966248,-0.12442706954861822,0.0855864684253751,0.14061037857995085,-0.18367128711474215,0.01118531948246179,0.7820196518335405
0.24000000000000002,0.06394965232588519,0.07927887411759656,0.16173199463736188,-0.7988115564237023,-0.12433966744403076,0.08917502584566717,0.14543367569361232,-0.18916954613827328,0.011081445229361202,0.7853356589378239
0.24100000000000002,0.06411098532812376,0.07915457960362018,0.1609344359052597,-0.7962552209831762,-0.12424880532049967,0.09250611752215498,0.1505148409650775,-0.1949557660824292,0.010978346793733678,0.7886508908144217
0.24200000000000002,0.06427152210034034,0.07903037757411707,0.16013958499073133,-0.7933965030407568,-0.12415474178516912,0.09557748568978885,0.155851522556269,-0.20102331802614948,0.010876061267188908,0.7919653322451241
0.24300000000000002,0.06443126550095761,0.07890627110027984,0.1593477425134959,-0.7902389456249034,-0.124057737627524,0.09838702374627528,0.1614412828633004,-0.20736557400384287,0.010774624568250618,0.7952789738937552
0.24400000000000002,0.06459021868722903,0.07878226299148372,0.15855920549798547,-0.7867861961502551,-0.12395805566730005,0.1009327780908883,0.16728159884091964,-0.21397590712328304,0.010674071444442174,0.7985918123830059
0.24500000000000002,0.06474838511159145,0.07865835579333319,0.1577742672693555,-0.7830420056209607,-0.12385596060060342,0.10321294986493845,0.1733698623470129,-0.220847691671415,0.010574435475487814,0.8019038503694633
0.24600000000000002,0.06490576851791431,0.07853455178586309,0.15699321735030217,-0.7790102278137401,-0.12375171884434033,0.10522589659300485,0.17970338050758206,-0.2279743032102632,0.010475749077596904,0.8052150966167658
0.24700000000000003,0.06506237293764573,0.07841085298189646,0.15621634135870646,-0.7746948184404832,-0.12364559837905392,0.10697013372418418,0.18627937610258827,-0.23534911866509625,0.01037804350879711,0.8085255660667853
0.248,0.06521820268585703,0.07828726112555999,0.15544392090612685,-0.7700998342902163,-0.12353786859027185,0.10844433607275916,0.1930949879730518,-0.2429655164069763,0.010281348875281574,0.8118352799087736
0.249,0.06537326235718594,0.07816377769095896,0.1546762334971593,-0.7652294323502392,-0.12342880010846242,0.10964733915785041,0.20014727144977817,-0.2508168763317881,0.010185694138733686,0.815144265646383
0.25,0.06552755682167968,0.07804040388101295,0.1539135524296875,-0.76008786890625,-0.12331866464770201,0.11057814044176117,0.20743319880405975,-0.25889657993779924,0.010091107124592468,0.8184525571624822
0.251,0.06568109122053883,0.07791714062645325,0.15315614669604313,-0.7546794986212673,-0.12320773484315545,0.11123590046689186,0.2149496597207059,-0.26719801040379115,0.009997614531220224,0.8217601947817008
0.252,0.06583387096176267,0.07779398858498361,0.15240428088509794,-0.749008773593148,-0.12309628408746918,0.11161994389126045,0.22269346179372118,-0.27571455266975065,0.009905241939933336,0.8250672253306157
0.253,0.06598590171569717,0.07767094814060492,0.15165821508530927,-0.743080242390517,-0.12298458636618048,0.1117297604228204,0.2306613310449369,-0.2844395935220739,0.009814013825856288,0.8283737021955151
0.254,0.0661371894104865,0.07754801940310503,0.15091820478874032,-0.7368985490668996,-0.12287291609224213,0.11156500565294614,0.5425127388797547,-0.6663392652396292,0.009744958768394488,0.8314463159756513
0.255,0.06628774022742911,0.07742520220771433,0.15018450079607729,-0.7304684321528591,-0.12276154793976421,0.1111255017896014,0.8727251741070962,-1.0676779236260225,0.009726203826575231,0.833970208378885
0.256,0.06643756059623927,0.0773024961149281,0.14945734912266553,-0.7237947236259369,-0.12265075667707244,0.11041123829088934,1.1993396176713325,-1.4614677056326424,0.009756290662651556,0.835966350158688
0.257,0.06658665719021511,0.07717990041049591,0.14873699090558706,-0.7168823478581878,-0.12254081699918246,0.10942237239983305,1.5305649549169278,-1.8577616124544702,0.009834922714371643,0.837450038107155
0.258,0.06673503692131445,0.077057414105579,0.14802366231180145,-0.7097363205411006,-0.12243200335978832,0.1081592295814146,1.872883844140103,-2.2643681234189232,0.009962893445490893,0.838425683632582
0.259,0.06688270693513908,0.07693503593707575,0.14731759444737366,-0.7023617475876937,-0.12232458980286208,0.10662230386304833,2.2312645974631042,-2.6871500947077873,0.0101418286575657,0.8388847492803176
0.26,0.06702967460582902,0.07681276436811564,0.14661901326781093,-0.6947638240115711,-0.12221884979396122,0.10481225807984146,2.6093537932592517,-3.1302935601116593,0.010373964947002809,0.8388042563962268
0.261,0.06717594753086764,0.07669059758872222,0.14592813948953243,-0.6869478327827249,-0.1221150560513373,0.10272992402615311,3.0096509305914885,-3.596548820560822,0.01066196050665879,0.8381457891886268
0.262,0.06732153352579866,0.07656853351664482,0.14524518850249463,-0.6789191436598577,-0.1220134803769392,0.10037630251511065,3.4336663829506775,-4.087446071578578,0.011008734780479984,0.8368549275837736
0.263,0.06746644061885657,0.07644656979835945,0.14457037028399633,-0.6706832119990158,-0.12191439348740224,0.09775256334792348,3.8820638533760707,-4.603487682581875,0.011417333771344216,0.8348610478937457
0.264,0.0676106770455114,0.07632470381023845,0.14390388931368703,-0.6622455775382956,-0.12181806484511272,0.09486004519495805,4.354788476606826,-5.1443191099689365,0.011890818076564343,0.8320774364522089
0.265,0.06775425124292901,0.07620293265988934,0.14324594448980257,-0.6536118631584077,-0.12172476248943367,0.09170025539072185,4.851181656927726,-5.708880297864942,0.012432170982732927,0.8284016670490022
0.266,0.0678971718443484,0.07608125318766192,0.14259672904665227,-0.6447877736188621,-0.12163475286817856,0.0882748696450234,5.370083673402416,-6.2955392967658055,0.013044224192128986,0.8237161982340667
0.267,0.06803944767337701,0.07595966196832406,0.14195643047338233,-0.6357790942695443,-0.12154830066941436,0.08458573167273709,5.909925027702851,-6.9022097115102685,0.013729598977258608,0.8178891513878228
0.268,0.06818108773820541,0.07583815531290546,0.14132523043404013,-0.6265916897374545,-0.12146566865367435,0.08063485274473742,6.468807454137973,-7.5264534762994595,0.014490660768823842,0.8107752348915752
0.269,0.06832210122574296,0.07571672927070867,0.14070330468896397,-0.6172315025883628,-0.1213871174866589,0.076424411162695,7.044575457074535,-8.16557034604676,0.015329485376120697,0.8022167837989799
0.27,0.06846249749567519,0.07559537963148755,0.14009082301752418,-0.6077045519631468,-0.12131290557249755,0.07195675166056292,7.63487918797771,-8.816675390269808,0.016247835218199023,0.7920448881289206
0.271,0.06860228607444485,0.07547410192779178,0.1394879491422405,-0.5980169321885717,-0.1212432888876457,0.06723438473570792,8.237229422989898,-9.476765678071777,0.017247144109764818,0.7800805862912188
0.272,0.06874147664915772,0.07535289143747738,0.13889484065430133,-0.588174811362265,-0.12117852081548366,0.06225998591275528,8.849045352454297,-10.142777250461188,0.018328509298443162,0.7661361032389221
0.273,0.06888007906141458,0.07523174318638222,0.13831164894051146,-0.5781844299116383,-0.12111885198168428,0.057036394943324076,9.467695846196454,-10.811633389265326,0.019492689590354977,0.7500161157333923
0.274,0.06901810330107092,0.07511065195116556,0.13773851911169369,-0.5680520991265099,-0.12106453009041171,0.05156661494494441,10.090534812780707,-11.480285110093384,0.020740108529688762,0.731519029629381
0.275,0.06915555949992581,0.07498961226231123,0.1371755899325711,-0.5577841996651746,-0.12101579976141,0.04585381148254791,10.71493122740475,-12.14574473006027,0.022070861715750942,0.7104382563550186
0.276,0.06929245792534132,0.074868618407293,0.13662299375315676,-0.5473871800336658,-0.12097290236803752,0.03990131159599675,11.338294361614171,-12.805113289135639,0.02348472744853912,0.68656347779272
0.277,0.06942880897379419,0.07474766443390163,0.1360808564416777,-0.5368675550379532,-0.12093607587629973,0.03371260277722615,11.958094708616182,-13.455602536861258,0.0249811799918642,0.6596818905795309
0.278,0.0695646231643611,0.0746267441537322,0.13554929731906004,-0.5262319042088182,-0.12090555468492765,0.027291331900633653,12.571881060625348,-14.094552133583678,0.026559404832072298,0.6295794224542962
0.279,0.06969991113213932,0.07450585114583096,0.13502842909500348,-0.51548687019914,-0.12088156946654877,0.020641304110420644,13.177294159374782,-14.719442657100219,0.028218315391138955,0.5960419147010907
0.28,0.06983468362160417,0.07438497876050028,0.13451835780567198,-0.5046391571533366,-0.1208643470099899,0.013766481668661401,13.772077307615156,-15.327904951491004,0.02995657072587724,0.5588562659877349
0.281,0.06996895147990503,0.07426412012326092,0.1340191827530292,-0.49369552904868164,-0.12085411006375017,0.0066709827679106715,14.354084298072067,-15.917726304723518,0.03177259381082822,0.5178115339902294
0.28200000000000003,0.0701027256501015,0.07414326813897006,0.13353099644584696,-0.4826628080082385,-0.12085107718067764,-0.0006409196877776302,14.921284986870106,-16.486853895149117,0.033664590061600316,0.47269999214088265
0.28300000000000003,0.07023601716434137,0.07402241549609412,0.13305388454241462,-0.4715478725851322,-0.1208554625638788,-0.008164799329530126,15.471768810807824,-17.033395904070805,0.03563056580852651,0.42331813965417636
0.28400000000000003,0.07036883713698233,0.07390155467113498,0.13258792579497933,-0.4603576560178893,-0.12086747591388769,-0.015896077594100888,16.0037465220106,-17.555620651942423,0.037668346477997064,0.36946766368131956
0.28500000000000003,0.07050119675765872,0.07378067793320855,0.13213319199594478,-0.44909914445656346,-0.12088732227711438,-0.023830025014151768,16.51555038932762,-18.05195407926458,0.039775594281152134,0.31095635303330893
0.28600000000000003,0.07063310728429567,0.07365977734877396,0.13168974792585905,-0.4377793751593699,-0.12091520189559363,-0.03196176252441618,17.00563309331482,-18.520975859693667,0.0419498252472584,0.2475989634046311
0.28700000000000003,0.07076458003607193,0.07353884478651268,0.1312576513032204,-0.4264054346595475,-0.12095131005804442,-0.040286262779795634,17.472565520663245,-18.961414402070414,0.044188425472381145,0.17921803443466888
0.28800000000000003,0.07089562638633348,0.07341787192235566,0.1308369527361316,-0.4149844569021592,-0.12099583695225334,-0.04879835148146777,17.915033644443692,-19.37214096985206,0.04648866648337268,0.10564465927101258
0.28900000000000003,0.0710262577554598,0.0732968502446575,0.13042769567583193,-0.4035236213505499,-0.12104896751878524,-0.05749270870707618,18.3318346584477,-19.752163120603534,0.048847719643003766,0.026719207556728186
0.29000000000000004,0.07115648560368451,0.07317577105951634,0.13002991637213876,-0.39203015106216393,-0.12111088130602546,-0.06636387024113777,18.721872517153066,-20.100617644619028,0.051262669544654645,-0.05770799703952867
0.29100000000000004,0.07128632142387248,0.07305462549623792,0.12964364383082833,-0.3805113107334368,-0.12118175232655022,-0.07540622890181309,19.0841530173486,-20.416763160241082,0.053730526364645294,-0.1477760434902795
0.29200000000000004,0.07141577673425537,0.07293340451294267,0.1292688997729872,-0.3689744047134597,-0.12126174891482099,-0.08461403586025834,19.4177785431506,-20.699972503875063,0.056248237157307986,-0.24361284291697893
0.29300000000000004,0.07154486307112731,0.07281209890231437,0.12890569859636594,-0.3574267749861265,-0.12135103358619237,-0.09398140194882021,19.721942582957755,-20.949725034916007,0.05881269609255344,-0.3453345795305681
0.29400000000000004,0.07167359198150326,0.07269069929748931,0.12855404733876666,-0.34587579912045724,-0.1214497628972217,-0.1035022989544197,19.995924114760758,-21.165598959684296,0.06142075364822432,-0.45304520157987005
0.29500000000000004,0.07180197501574148,0.07256919617808431,0.12821394564349586,-0.3343288881887949,-0.12155808730726257,-0.113170560893542,20.239081945071508,-21.347263763869876,0.0640692247801404,-0.5668359508964642
0.29600000000000004,0.07193002372013269,0.07244757987636266,0.12788538572691555,-0.322793484652578,-0.12167615104132287,-0.12297988526533543,20.450849076510295,-21.49447282980081,0.06675489610169226,-0.686784929666675
0.29700000000000004,0.07205774962945775,0.07232584058353646,0.1275683523481251,-0.3112770602153722,-0.12180409195416388,-0.13292383427943716,20.63072716971761,-21.60705630296031,0.06947453211226796,-0.8129567031241695
0.298,0.07218516425951621,0.07220396835620438,0.12726282278080608,-0.29978711364285365,-0.1219420413956125,-0.14299583605523325,20.778281156683633,-21.68491426147253,0.07222488051990339,-0.9454019369398041
0.299,0.07231227909962767,0.07208195312292334,0.12696876678726424,-0.2883311685494353,-0.12209012407705808,-0.1531891857893939,20.89313405475658,-21.72801023266319,0.0750026767084861,-1.084157068183178
0.3,0.07243910560510837,0.07195978469091337,0.12668614659470134,-0.2769167711512168,-0.12224845793909848,-0.1634970468886403,20.974962023441776,-21.736365092178225,0.07780464740374206,-1.2292440088411563
0.301,0.07256565518972512,0.07183745275289397,0.12641491687375125,-0.2655514879849397,-0.12241715402030136,-0.1739124520648539,21.023489699588666,-21.710051373428623,0.08062751359525394,-1.3806698809997864
0.302,0.07269193921812907,0.07171494689405135,0.12615502471931409,-0.25424290359262935,-0.12259631632704018,-0.18442830438976976,21.038485840627892,-21.6491880082367,0.0834679927739788,-1.5384267829236624
0.303,0.07281796899827123,0.07159225659913536,0.12590640963372302,-0.24299861817160065,-0.12278604170436326,-0.19503737830665857,21.019759300121656,-21.55393551341537,0.0863228005462767,-1.7024915853999982
0.304,0.07294375577380255,0.07146937125968483,0.12566900351227853,-0.23182624518950176,-0.12298641970785269,-0.20573232059657315,20.96715535497902,-21.424491632543297,0.08918865168644231,-1.8728257578516998
0.305,0.07306931071646067,0.07134628018138081,0.12544273063118513,-0.22073340896406612,-0.12319753247642513,-0.21650565129690286,20.88055239922302,-21.261087437342198,0.0920622606901755,-2.0493752238607774
0.306,0.07319464491844571,0.07122297259152643,0.1252275076379265,-0.20972774220724585,-0.12341945460602695,-0.22734976457016923,20.759859015137074,-21.063983888755605,0.09494034189146786,-2.232070245880588
0.307,0.0733197693847879,0.07109943764665265,0.12502324354411387,-0.19881688353338958,-0.12365225302417238,-0.23825692952118718,20.605011428926133,-20.833468854015035,0.09781960920505493,-2.4208253390512238
0.308,0.07344469502570905,0.07097566444024912,0.12482983972084488,-0.18800847493113323,-0.123895986865272,-0.24921929096092094,20.41597135466915,-20.569854572610534,0.10069677555592886,-2.6155392141623315
0.309,0.07356943264898086,0.07085164201061932,0.12464718989660847,-0.1773101591986593,-0.12415070734669838,-0.2602288701155776,20.19272422727797,-20.273475561106412,0.10356855205651919,-2.8160947499358437
0.31,0.07369399295228228,0.07072735934885924,0.1244751801577731,-0.1667295773419931,-0.12441645764553216,-0.2712775652796964,19.93527782238676,-19.944686944122783,0.10643164699100995,-3.022358994919198
0.311,0.0738183865155588,0.07060280540695901,0.12431368895169535,-0.156274365935984,-0.1246932727759338,-0.2823571524122323,19.64366125854219,-19.583863196493077,0.10928276466496785,-3.23418319939417
0.312,0.07394262379338602,0.07047796910602704,0.12416258709248616,-0.14595215444763052,-0.12498117946708126,-0.29345928567486024,19.317924374727642,-19.191397279579515,0.11211860417696966,-3.45140287780767
0.313,0.07406671510734045,0.07035283934463563,0.12402173776947303,-0.13577056252140116,-0.12528019604161825,-0.30457549791198757,18.958137474104277,-18.767700152942783,0.11493585816733429,-3.6738379023265755
0.314,0.07419067063838006,0.07022740500728825,0.12389099655839567,-0.1257371972261961,-0.1255903322945521,-0.3156972010722079,18.564391422871473,-18.313200640997493,0.11773121159732791,-3.9012926281999367
0.315,0.07431450041923751,0.07010165497300741,0.12377021143537428,-0.1158596502636053,-0.12591158937254468,-0.32681568657120263,18.13679809131657,-17.828345632911436,0.12050134061040066,-4.133556051682612
0.316,0.07443821432682862,0.06997557812404338,0.12365922279368906,-0.10614549513709318,-0.1262439596535363,-0.3379221255963748,17.675491122422887,-17.313600592805383,0.12324291152508708,-4.370402001331622
0.317,0.07456182207467914,0.06984916335470288,0.12355786346340998,-0.09660228428176729,-0.12658742662664574,-0.3490075693537757,17.180627011818515,-16.769450356258456,0.12595258000720888,-4.611589363529496
0.318,0.07468533320537254,0.06972239958029783,0.12346595873391705,-0.08723754615435694,-0.12694196477228895,-0.36006294925819265,16.652386481365117,-16.19640018820855,0.1286269904669209,-4.856862343117491
0.319,0.07480875708302182,0.06959527574621403,0.12338332637935019,-0.07805878228304675,-0.12730753944245904,-0.3710790770675495,16.0909761272949,-15.594977076543918,0.13126277572397452,-5.105950760032691
0.32,0.07493210288576817,0.06946778083709933,0.12330977668702989,-0.06907346427679377,-0.12768410674111438,-0.3820466449631141,15.496630322490875,-14.965731234994019,0.1338565569823151,-5.358570382839881
0.321,0.07505537959830973,0.06933990388617144,0.12324511248888866,-0.060289030793764985,-0.12807161340461998,-0.392956225577295,14.869613351270829,-14.309237788344639,0.1364049441527788,-5.614423300026594
0.322,0.07517859600446306,0.06921163398464533,0.12318912919595493,-0.05171288446851667,-0.12846999668219147,-0.4037982719711777,14.21022175386696,-13.626098612509322,0.1389045365602081,-5.87319832988961
0.323,0.07530176067976085,0.06908296029128015,0.12314161483593031,-0.04335238879755088,-0.1288791842162926,-0.4145631175642621,13.518786856686924,-12.916944301582005,0.1413519240687693,-6.134571469784143
0.324,0.07542488198408868,0.06895387204204582,0.12310235009390233,-0.03521486498286401,-0.12929909392293962,-0.4252409760192395,12.795677463403232,-12.182436233677738,0.14374368865658535,-6.398206385428759
0.325,0.07554796805436403,0.06882435855990943,0.12307110835623483,-0.027307588733120763,-0.12972963387186923,-0.43582194108499145,12.0413026809351,-11.423268707127137,0.1460764064680345,-6.6637549408628045
0.326,0.07567102679726087,0.06869440926474144,0.12304765575767856,-0.01963778702205252,-0.1301707021665302,-0.4462959864013992,11.256114853469454,-10.6401711184341,0.14834665036916156,-6.93085776953812
0.327,0.07579406588198301,0.06856401368334207,0.1230317512317449,-0.012212634803720212,-0.13062218682386262,-0.45665296526988947,10.440612576812905,-9.833910153330931,0.15055099302861416,-7.199144886890972
0.328,0.07591709273308934,0.06843316145958808,0.1230231465643858,-0.005039251684238339,-0.13108396565383168,-0.46688261039408363,9.595343764583694,-9.005291962278529,0.15268601054333777,-7.468236344585682
0.329,0.07604011452337457,0.06830184236470001,0.12302158645102448,0.001875301450424425,-0.1315559061386897,-0.4769745335953144,8.720908737036405,-8.155164291854609,0.1547482866249482,-7.7377429264488615
0.33,0.07616313816680857,0.06817004630763046,0.1230268085569798,0.00852402585095189,-0.13203786531194286,-0.48691822550816943,7.81796330268136,-7.284418543666627,0.15673441735920957,-8.00726688592076
0.331,0.07628617031153799,0.06803776334557339,0.1230385435813301,0.014899988365903826,-0.13252968963700662,-0.4967030552617136,6.887221802313535,-6.393991732714513,0.1586410165474191,-8.276402724640938
0.332,0.0764092173329533,0.06790498369459513,0.12305651532426011,0.020996324948036407,-0.13303121488553607,-0.5063182701524135,5.9294600846132255,-5.48486831751943,0.16046472163469266,-8.54473801155918
0.333,0.07653228532682513,0.06777169774038702,0.12308044075793759,0.02680624420612533,-0.13354226601542976,-0.5157529953153236,4.945518382129924,-4.558081874832822,0.1622022002261919,-8.811854241720738
0.334,0.07665538010251313,0.06763789604914035,0.12311003010096416,0.0323230310026981,-0.1340626570485052,-0.5249962334005182,3.936304056226046,-3.614716592355791,0.16385015718820695,-9.077327733618567
0.335,0.07677850717625115,0.06750356937854368,0.12314498689644723,0.037540050098069516,-0.13459219094785732,-0.5340368642622676,2.9027941794434255,-2.655908553633176,0.1654053423267318,-9.340730563735614
0.336,0.07690167176451229,0.06736870868890311,0.1231850080937393,0.04245074984109725,-0.13513065949491535,-0.5428636446689628,1.8460379237714495,-1.6828467901445594,0.16686455863174554,-9.601631536621166
0.337,0.07702487877745758,0.06723330515438546,0.12322978413389145,0.0470486659070546,-0.13567784316622386,-0.5514652080423018,0.7671587234618098,-0.6967740766103576,0.1682246710708334,-9.859597188555123
0.338,0.07714813281247197,0.06709735017438483,0.12327899903886855,0.05132742508304659,-0.13623351100998135,-0.5598300642348191,-0.33264381865163806,0.3010125533418597,0.16948261591109712,-10.114192822559156
0.339,0.07727143814779144,0.06696083538501288,0.12333233050457364,0.055280749101367495,-0.13679742052237914,-0.5679465993553554,-1.45209231188554,1.3091615927313478,0.17063541054347636,-10.364983572213049
0.34,0.07739479873622504,0.06682375267071261,0.12338944999773009,0.05890245852123335,-0.13736931752379453,-0.5758030756526966,-2.5898302753979596,2.326267168164912,0.17168016377871578,-10.611535491433756
0.341,0.07751821819897577,0.06668609417599623,0.12345002285666959,0.06218647665929304,-0.1379489360349004,-0.5833876314681437,-3.7444211819006465,3.3508694867620137,0.17261408657921773,-10.853416667073931
0.342,0.07764169981956426,0.06654785231730671,0.12351370839607535,0.06512683356935249,-0.13853599815276751,-0.590688281268452,-4.914347875425298,4.381455639947161,0.17343450318600998,-11.090198350901268
0.343,0.07776524653785913,0.06640901979500334,0.12358016001572975,0.06771767007172219,-0.139130213927044,-0.5976929157711582,-6.098012389941073,5.416460779122956,0.17413886259500508,-11.321456107231265
0.34400000000000003,0.07788886094421821,0.06626958960547101,0.12364902531331642,0.06995324183263463,-0.13973128123631234,-0.6043893021750266,-7.293736194181518,6.454269676220739,0.17472475033171161,-11.54677097220944
0.34500000000000003,0.0780125452737444,0.06612955505335302,0.12371994620132686,0.07182792349414184,-0.14033888566473415,-0.6107650845089724,-8.499760886378402,7.49321867995374,0.17518990046856914,-11.765730620474304
0.34600000000000003,0.07813630140066088,0.0659889097639069,0.12379255902812243,0.07333621285493129,-0.14095270037911023,-0.6168077841135671,-9.714249360734966,8.53159807629274,0.17553220782420453,-11.977930534689069
0.34700000000000003,0.07826013083280908,0.06584764769548311,0.1238664947032027,0.07447273510250448,-0.1415723860064929,-0.6225048002699325,-10.93528746536287,9.567654859219841,0.17574974027913887,-12.182975173203072
0.34800000000000003,0.0783840347062743,0.06570576315212567,0.123941378826732,0.0752322470971357,-0.14219759051250877,-0.6278434109915898,-12.160886169101737,10.599595915240322,0.17584075113790554,-12.380479130906222
0.34900000000000003,0.0785080137801429,0.06556325079629406,0.12401683182337582,0.07560964170807279,-0.1428279490805608,-0.6328107739956167,-13.388984252091808,11.625591622413692,0.17580369146317304,-12.570068288166622
0.35000000000000003,0.07863206843139559,0.06542010566170539,0.12409246908049999,0.07559995220239864,-0.14346308399209876,-0.6373939278702453,-14.617451532214309,12.643779861841761,0.17563722230339382,-12.751380942600894
0.35100000000000003,0.07875619864994103,0.06527632316629572,0.12416790109078486,0.07519835668702252,-0.14410260450816262,-0.6415797934569031,-15.844092636538457,13.65227043662144,0.17534022673172767,-12.92406891832024
0.35200000000000004,0.07888040403379432,0.06513189912529907,0.12424273359930847,0.07440018260422458,-0.1447461067524232,-0.6453551754655096,-17.066651323731744,14.649149890252163,0.17491182161061603,-13.087798647225437
0.35300000000000004,0.07900468378440476,0.0649868297644426,0.12431656775515232,0.07320091128121953,-0.1453931735959627,-0.6487067643427777,-18.282815360009327,15.632486713397196,0.17435136899342646,-13.242252216894057
0.35400000000000004,0.0791290367021377,0.06484111173325588,0.12438900026758355,0.07159618253418823,-0.14604337454405925,-0.6516211384141524,-19.49022194762909,16.60033692475039,0.173658487072113,-13.387128379614968
0.35500000000000004,0.07925346118191459,0.0646947421184925,0.124459623566869,0.06958179932722736,-0.1466962656252581,-0.6540847663209691,-20.68646370119289,17.55075000857328,0.1728330605779171,-13.52214351718018
0.35600000000000004,0.07937795520901646,0.06454771845766105,0.12452802596977541,0.06715373248667388,-0.1473513892830379,-0.6560840097754004,-21.8690951631202,18.481775188271072,0.17187525054078348,-13.64703255614555
0.35700000000000004,0.07950251635505506,0.0644000387526633,0.12459379184981237,0.06430812547127487,-0.1480082742704003,-0.6576051266567622,-23.03563984561428,19.39146801217512,0.17078550331247544,-13.761549828417742
0.35800000000000004,0.07962714177411677,0.06425170148353591,0.12465650181227295,0.06104129919865285,-0.14866643554773626,-0.6586342744737693,-24.183597782286906,20.277897224534833,0.1695645587583603,-13.865469872218533
0.35900000000000004,0.0797518281990839,0.06410270562229267,0.12471573287412967,0.057349756928536826,-0.1493253741843492,-0.6591575142184182,-25.310453568357097,21.139151891608854,0.16821345752357142,-13.958588168717867
0.36000000000000004,0.07987657193813837,0.06395305064686312,0.12477105864884191,0.053230189203222415,-0.149984577264038,-0.6591608146382442,-26.413684864015195,21.973348749706904,0.1667335472807614,-14.040721809912279
0.36100000000000004,0.08000136887145266,0.06380273655512343,0.12482204953613284,0.04867947884574171,-0.15064351779517346,-0.6586300569548553,-27.490771331187556,22.778639739106886,0.16512648786898823,-14.111710093656864
0.36200000000000004,0.08012621444807308,0.06365176387901474,0.12486827291679332,0.043694706016201824,-0.15130165462572864,-0.6575510400577609,-28.539203969563857,23.553219684971896,0.16339425523645856,-14.171415042132237
0.36300000000000004,0.08025110368300034,0.06350013369874376,0.12490929335257171,0.03827315332677373,-0.15195843236375295,-0.6559094862037124,-29.556494813403706,24.295334083755936,0.16153914410390316,-14.219721840443047
0.364,0.08037603115447256,0.0633478476570601,0.12494467279120798,0.03241231101581061,-0.15261328130381116,-0.6536910472529829,-30.540186946346005,25.0032869511353,0.15956376927031915,-14.256539192496456
0.365,0.08050099100145601,0.06319490797360368,0.12497397077667172,0.02610988218156942,-0.15326561735994154,-0.6508813114752247,-31.487864787251773,25.675448685272528,0.15747106548866732,-14.281799591796219
0.366,0.08062597692134861,0.06304131745931596,0.12499674466466403,0.019363788076028263,-0.15391484200571778,-0.6474658109588123,-32.39716459603993,26.3102638972261,0.15526428584589552,-14.295459505304327
0.367,0.08075098216790162,0.06288707953090719,0.12501254984344323,0.012172173459272684,-0.1545603422220369,-0.6434300296588338,-33.265785144584584,26.90625915860403,0.15294699858933683,-14.297499469065166
0.368,0.08087599954936488,0.06273219822537167,0.12502093996003566,0.0045334120149479115,-0.1552014904532899,-0.638759412120206,-34.091498494055685,27.462050615137212,0.1505230823501051,-14.287924094849902
0.369,0.08100102142686093,0.0625766782145424,0.12502146715189275,-0.0035538881727387576,-0.15583764457260887,-0.6334393729136677,-34.8721608166532,27.976351413752262,0.14799671972355885,-14.266761987657674
0.37,0.08112603971299355,0.062420524819675756,0.12501368228405554,-0.01209087907996751,-0.15646814785692176,-0.6274553068237279,-35.605723196545945,28.447978889973875,0.14537238917717055,-14.234065574497237
0.371,0.08125104587069629,0.06226374402605571,0.1249971351918902,-0.021078467141715157,-0.15709232897258912,-0.6207925998289843,-36.290242342027064,28.875861462110777,0.1426548552672033,-14.189910845464508
0.372,0.08137603091232644,0.0621063424976069,0.12497137492945615,-0.030517307587129,-0.1577095019724339,-0.6134366409165062,-36.923891138471724,29.259045178691455,0.1398491571573793,-14.134397008719157
0.373,0.08150098539901036,0.06194832759150455,0.12493595002357058,-0.04040779871136005,-0.15831896630502085,-0.605372834773327,-37.50496896968288,29.59669986604293,0.1369605954451632,-14.067646061542442
0.374,0.08162589944024559,0.06178970737276873,0.12489040873363336,-0.05075007608335131,-0.158920006837084,-0.5965866153993835,-38.031911733667236,29.888124823757536,0.13399471731430646,-13.989802280221777
0.375,0.08175076269376583,0.06163049062882903,0.12483429931727599,-0.061544006689086946,-0.15951189389004738,-0.5870634606875043,-38.50330147784512,30.132754017087958,0.1309573000457842,-13.901031632048486
0.376,0.08187556436567439,0.061470686884045465,0.12476717030190033,-0.07278918300977714,-0.16009388329162827,-0.5767889080173392,-38.91787557819303,30.330160717055293,0.12785433293314627,-13.80152111322843
0.377,0.0820002932108523,0.0613103064141696,0.12468857076217135,-0.08448491703448537,-0.1606652164435616,-0.5657485709113044,-39.27453538689282,30.480061541262323,0.1246919976624241,-13.691478016983975
0.378,0.08212493753364666,0.061149360260729764,0.12459805060353044,-0.09663023420667537,-0.1612251204065309,-0.5539281568018033,-39.57235427373689,30.582319851070636,0.12147664723102644,-13.57112913656513
0.379,0.08224948518884592,0.06098786024532172,0.12449516085179577,-0.10922386730416038,-0.1617728080034452,-0.5413134859601331,-39.81058498785693,30.636948463933344,0.11821478349431445,-13.440719908281995
0.38,0.08237392358294746,0.06082581898378698,0.12437945394891539,-0.12226425025194407,-0.16230747794224418,-0.5278905116384371,-39.98866626831576,30.644111643262686,0.1149130334427025,-13.300513500016292
0.381,0.08249823967572423,0.06066324990025764,0.12425048405494235,-0.1357495118674323,-0.16282831495947608,-0.5136453414771269,-40.10622863476388,30.604126332252477,0.11157812432595965,-13.150789850961086
0.382,0.08262241998209645,0.060500167241046954,0.12410780735629773,-0.14967746953748007,-0.1633344899859363,-0.49856426023098016,-40.163099292713106,30.51746260254698,0.10821685775479264,-12.99184466857323
0.383,0.08274645057431482,0.0603365860883624,0.12395098238039126,-0.16404562282676632,-0.16382516033571495,-0.48263375386788854,-40.159306092045675,30.384743293540996,0.10483608292257642,-12.823988388898917
0.384,0.08287031708446142,0.060172522373817705,0.12377957031666828,-0.17885114701695487,-0.16429946992005143,-0.4658405350948338,-40.095080482146585,30.206742823378082,0.10144266910212782,-12.647545106547852
0.385,0.08299400470727497,0.060007992891717946,0.12359313534415207,-0.1940908865761151,-0.1647565494874516,-0.44817157036611793,-39.970859412526806,29.98438515836213,0.09804347758349181,-12.462851480644103
0.386,0.083117498203307,0.05984301531209054,0.12339124496555208,-0.20976134855787162,-0.1651955168915783,-0.42961410842915554,-39.7872861339768,29.718740933473406,0.09464533322870078,-12.270255623072094
0.387,0.0832407819024152,0.05967760819343416,0.12317347034800831,-0.2258586959297427,-0.16561547738847793,-0.41015571046320437,-39.54520986213918,29.411023722948507,0.09125499582821582,-12.07011597526648
0.388,0.0833638397076012,0.059511790995154766,0.12293938667054272,-0.2423787408301304,-0.1660155239647666,-0.38978428186627745,-39.24568427288151,29.062585466391628,0.08787913145105876,-11.862800179662083
0.389,0.08348665509919884,0.059345584089657524,0.12268857347829015,-0.2593169377534263,-0.1663947376984497,-0.36848810574507973,-38.889964806957124,28.67491106259265,0.08452428398644751,-11.648683951733481
0.39,0.08360921113942035,0.05917900877406069,0.12242061504357962,-0.2766683766626806,-0.16675218815410517,-0.3462558781621457,-38.47950477010446,28.24961215006746,0.08119684707880863,-11.428149958309533
0.391,0.08373149047726691,0.059012087281496525,0.12213510073393995,-0.29442777602930054,-0.1670869338142153,-0.3230767451933753,-38.01595022391217,27.788420100261238,0.07790303666034461,-11.201586707555794
0.392,0.08385347535381081,0.05884484279196189,0.12183162538710188,-0.31258947579920915,-0.16739802254848263,-0.298940341847873,-37.501133672386885,27.293178256288098,0.07464886428568891,-10.969387455677763
0.393,0.08397514760785604,0.05867729944267995,0.12150978969307172,-0.33114743028494636,-0.16768449212301786,-0.2738368329002522,-36.93706655914338,26.765833456965293,0.07144011147157292,-10.731949135018617
0.394,0.08409648868198465,0.05850948233793168,0.12116920058334933,-0.35009520098311975,-0.16794537075133661,-0.24775695568356287,-36.32593060039278,26.208426892652472,0.06828230524072705,-10.489671307809411
0.395,0.08421747962899577,0.05834141755831494,0.12080947162736703,-0.36942594931668293,-0.1681796776891483,-0.22069206488837279,-35.670067989354735,25.6230843459647,0.065180695063462,-10.242955149386729
0.396,0.08433810111874486,0.05817313216938588,0.12043022343622325,-0.3891324293014641,-0.16838642387496483,-0.1926341794105766,-34.97197051824958,25.012005876704105,0.062140231382451894,-9.992202464226315
0.397,0.08445833344539033,0.05800465422963579,0.12003108407378855,-0.40920698013638107,-0.1685646126185992,-0.16357603128696974,-34.2342676745362,24.377455016281605,0.05916554589621818,-9.7378147376601
0.398,0.08457815653505489,0.05783601279775503,0.11961168947525914,-0.4296415187167997,-0.16871324033965607,-0.13351111675344074,-33.459713778430746,23.72174754239485,0.05626093376471065,-9.480192225654676
0.399,0.08469754995390935,0.057667237939132206,0.11917168387323612,-0.4504275320704458,-0.16883129735815663,-0.10243374945604988,-32.651174238845314,23.04723990971356,0.053430337886252545,-9.219733084536799
0.4,0.08481649291668619,0.057498360731536,0.1187107202314076,-0.47155606971531333,-0.16891776873946052,-0.07033911583979924,-31.81161101460912,22.3563174167327,0.05067733537909378,-8.956832542066731
0.401,0.08493496429563072,0.057329413269923864,0.1182284606859123,-0.4930177359390002,-0.16897163519567396,-0.03722333273389855,-30.94406737703621,21.651382192706695,0.048005126382973794,-8.691882110785198
0.402,0.08505294262989739,0.05716042867032026,0.11772457699446309,-0.5148026819988917,-0.16899187404574614,-0.0030835071455255214,-30.051652078464713,20.934841091615727,0.045416525276633715,-8.425268844104501
0.403,0.08517040613539927,0.05699144107270443,0.11719875099331034,-0.5369005982426155,-0.16897746023646654,0.03208220173347498,-29.13752303917841,20.209093582373292,0.042913954386285105,-8.157374635182556
0.404,0.08528733271511828,0.05682248564284589,0.11665067506212501,-0.5593007061481958,-0.1689273674265736,0.06827451831093123,-28.20487067201085,19.476519725911714,0.04049944023787205,-7.88857555821722
0.405,0.08540369996988444,0.05665359857302332,0.11608005259688164,-0.5819917502833158,-0.16884056913617834,0.1054929841829444,-27.256900969800512,18.739468330330773,0.03817461238277491,-7.6192412514307915
0.406,0.08551948520963193,0.05648481708156042,0.11548659849082317,-0.6049619901831146,-0.16871603996368853,0.14373588955014782,-26.296818485605222,18.000245374931527,0.03594070480266786,-7.349734340686546
0.40700000000000003,0.08563466546514031,0.05631617941111017,0.11487003962358869,-0.6281991921459203,-0.16855275687238852,0.18300020249614124,-25.327809339085515,17.261102792653624,0.033798559874828576,-7.080409902392977
0.40800000000000003,0.08574921750026887,0.05614772482561692,0.11423011535858676,-0.6516906209463461,-0.16834970054879053,0.2232814961747338,-24.35302438464469,16.52422769817885,0.031748634854611976,-6.811614964111098
0.40900000000000003,0.0858631178246925,0.055979493605883314,0.11356657804869726,-0.675423031465139,-0.1681058568348199,0.2645738739657054,-23.37556267768089,15.79173214574874,0.02979101080733492,-6.54368804108558
0.41000000000000003,0.08597634270714762,0.05581152704366718,0.1128791935503852,-0.6993826602352025,-0.167820218235831,0.3068698926729837,-22.398455374609824,15.065643496585748,0.027925403897807496,-6.276958706775066
0.41100000000000003,0.08608886818919628,0.05564386743423185,0.11216774174631086,-0.7235552169031914,-0.16749178550636612,0.3501604838543323,-21.42465020010868,14.347895470727412,0.026151178922503283,-6.011747195360268
0.41200000000000003,0.08620067009951726,0.05547655806727105,0.11143201707652045,-0.7479258756060769,-0.1671195693154763,0.39443487338791816,-20.45699661128082,13.640319952113853,0.02446736494719419,-5.748364034158253
0.41300000000000003,0.08631172406873268,0.05530964321612779,0.11067182907830318,-0.7724792662620791,-0.16670259199330717,0.4396804993984874,-19.498231783152676,12.944639608968094,0.022872672892115118,-5.487109703868747
0.41400000000000003,0.08642200554477876,0.05514316812522567,0.10988700293480065,-0.7971994657753769,-0.16623988936051984,0.48588292868433625,-18.550967533103233,12.262461383938039,0.021365514887658865,-5.228274324620735
0.41500000000000004,0.08653148980882969,0.05497717899562858,0.10907738003245449,-0.8220699891539641,-0.165730512641969,0.5330257718056947,-17.617678293526588,11.595270900199232,0.01994402520650833,-4.972137365869875
0.41600000000000004,0.08664015199178338,0.05481172296864401,0.1082428185273801,-0.8470737805400678,-0.1651735304658873,0.5810905970157103,-16.700690232317122,10.944427820848906,0.018606082563266405,-4.718967378319713
0.41700000000000004,0.08674796709131806,0.054646848107384106,0.10738319392075381,-0.8721932041524959,-0.16456803094963363,0.6300568432366785,-15.802171609723548,10.311162189546462,0.01734933356026085,-4.4690217461957715
0.41800000000000004,0.08685490998952881,0.05448260337619728,0.10649839964330224,-0.8974100351403191,-0.16391312387284993,0.6799017323066117,-14.924124447854563,9.696571770585694,0.01617121704848146,-4.222546458386884
0.41900000000000004,0.0869609554711532,0.05431903861788268,0.10558834764898217,-0.9227054503472503,-0.16320794293863367,0.7306001807445119,-14.068377575774077,9.10162039654229,0.015068989165714898,-3.9797758971791115
0.42000000000000004,0.08706607824239523,0.05415620452859935,0.10465296901794115,-0.9480600189861186,-0.16245164812307317,0.7821247113067634,-13.23658109884966,8.527137321450361,0.014039748809993216,-3.740932643538123
0.42100000000000004,0.08717025295035685,0.05399415263038162,0.10369221456884904,-0.9734536932228071,-0.16164342811320856,0.8344453646317378,-12.430202325989079,7.973817567256503,0.013080463305538645,-3.506227298140681
0.42200000000000004,0.08727345420308667,0.053832935241172344,0.10270605548069076,-0.998865798669035,-0.16078250283317042,0.8875296112949396,-11.650523172807215,7.442223241212971,0.012187994020495719,-3.275858317609055
0.42300000000000004,0.08737565659025508,0.05367260544228636,0.10169448392411233,-1.0242750247833479,-0.159868126057914,0.9413422646225442,-10.898639042822756,6.9327857920442275,0.011359121700877012,-3.0500118656601396
0.42400000000000004,0.08747683470446561,0.053513217043216495,0.10065751370241206,-1.0496594151797043,-0.15889958811360683,0.9958453946369884,-10.175459172696952,6.445809163279832,0.01059057129322579,-2.8288616791348846
0.42500000000000004,0.08757696316321217,0.053354824543696645,0.09959518090226957,-1.0749963578430006,-0.1578762186633384,1.0509982435339014,-9.481708411536193,5.981473793233234,0.009879036039412956,-2.612568949122494
0.42600000000000005,0.08767601663149184,0.053197483092937016,0.098507544554306,-1.100262575250928,-0.15679738957641204,1.1067571431152334,-8.81793038860496,5.5398414028376495,0.009221200640554546,-2.401282217628803
0.42700000000000005,0.08777396984508326,0.05304124844594928,0.09739468730356975,-1.1254341144015019,-0.1556625178790391,1.1630754346282717,-8.184492008675994,5.120860505050983,0.008613763303055244,-2.1951372904577457
0.42800000000000005,0.08787079763450045,0.05288617691688136,0.0962567160900418,-1.150486336745638,-0.1544710687837944,1.2199033914844484,-7.581589199904007,4.724372562916121,0.008053456497991269,-1.9942571671730716
0.42900000000000005,0.08796647494963221,0.052732325329284735,0.09509376283925637,-1.1753939080241247,-0.15322255879470692,1.277188145354816,-7.009253825768567,4.350118717706808,0.007537066285149778,-1.7987519891812394
0.43,0.08806097688507722,0.05257975096324023,0.09390598516313267,-1.2001307880083496,-0.15191655888435168,1.334873616160643,-6.467361660501324,3.997747003985149,0.007061450074715339,-1.608719007123181
0.431,0.0881542787061852,0.052428511499272384,0.09269356707111401,-1.2246702201441373,-0.1505526977387801,1.3929004464973405,-5.955641316681692,3.6668199649080915,0.0066235527224805255,-1.424242568879107
0.432,0.08824635587581421,0.05227866495898722,0.09145671969171258,-1.2489847210980423,-0.14913066506557845,1.4512059410473857,-5.4736840045274375,3.3568225787965305,0.0062204208781848815,-1.2453941295757336
0.433,0.088337184081815,0.052130269642372114,0.09019568200455601,-1.27304607020544,-0.14765021495978206,1.509724011552892,-5.020953994964993,3.0671704068478522,0.005849215530762343,-1.0722322850359711
0.434,0.08842673926525246,0.05198338406170355,0.08891072158303583,-1.2968252988197855,-0.1461111693217948,1.5683851279302574,-4.596799652968521,2.7972178719475562,0.0055072227185148466,-0.9048028301302578
0.435,0.08851499764937523,0.051838066872013575,0.08760213534765625,-1.3202926795623446,-0.14451342132087663,1.6271162761176212,-4.200464903983976,2.5462665797998563,0.005191862396129452,-0.7431388434716131
0.436,0.08860193576934391,0.05169437679807274,0.08627025033018303,-1.3434177154717735,-0.14285693889716974,1.6858409232502902,-3.831100994572137,2.313573596028519,0.004900695473642956,-0.5872607998473607
0.437,0.08868753050272903,0.05155237255785504,0.08491542444869353,-1.3661691290528595,-0.1411417682946376,1.744478990759112,-3.487778408729088,2.098359596444646,0.004631429064564514,-0.4371767116980947
0.438,0.08877175910078935,0.0514121127824578,0.08353804729362817,-1.3885148512237726,-0.13936803761669653,1.8029468359818122,-3.16949880366413,1.899816812272254,0.004381920001056,-0.29288230084166567
0.439,0.08885459922054201,0.05127365593245824,0.0821385409249462,-1.4104220101611475,-0.13753596039573937,1.8611572428668812,-2.8752068330805054,1.7171166976777372,0.004150176693034444,-0.15436120149701105
0.44,0.08893602895763514,0.05113706021069746,0.08071736068048739,-1.431856920042346,-0.13564583916717174,1.919019422333366,-2.6038017321329816,1.5494172533669603,0.003934359425033807,-0.02158519549377247
0.441,0.08901602688003477,0.051002383471492184,0.07927499599564335,-1.4527850696841984,-0.1336980690380352,1.9764390228273285,-2.3541485461043083,1.3958699471753515,0.003732779199419589,0.10548551964052322
0.442,0.08909457206253686,0.050869683126285044,0.077811971234442,-1.4731711110775785,-0.1316931412397604,2.033318151586541,-2.1250888943012267,1.2556261803562707,0.0035438952469135274,0.22690202923888148
0.443,0.08917164412211635,0.0507390160457545,0.07632884653214993,-1.4929788478171122,-0.12963164665410198,2.08955540708859,-1.9154511715338893,1.1278432565309904,0.003366311335231687,0.34272636645648114
0.444,0.08924722325412449,0.050610438458416965,0.07482621864949773,-1.5121712234253513,-0.12751427930085205,2.14504592311383,-1.724060101605533,1.0116898188574,0.003198771013896896,0.453031143642158
0.445,0.0893212902693463,0.05048400584576526,0.07330472183863429,-1.5307103095707264,-0.12534183977552227,2.1996814248031478,-1.5497455702669347,0.906350729752562,0.0030401519379376196,0.557899150388343
0.446,0.08939382663192995,0.0503597728339995,0.07176502872091628,-1.5485572941785928,-0.12311523862483466,2.2533502970311092,-1.3913506788364023,0.81103137631753,0.002889459415267061,0.6574229187984818
0.447,0.08946481449819974,0.05023779308241865,0.07020785117664066,-1.5656724694346846,-0.12083549964757309,2.305937665347601,-1.2477389738866702,0.7249613933109522,0.002745819322136005,0.7517042567878132
0.448,0.08953423675636502,0.05011811916855388,0.06863394124682767,-1.58201521968028,-0.11850376310813186,2.3573254896654947,-1.117800822788774,0.6473978039578036,0.0026084705283075313,0.8408537505121708
0.449,0.08960207706713678,0.050000802470137454,0.06704409204716295,-1.597544009198391,-0.11612128884995987,2.4073926707882003,-1.0004589192078708,0.5776275869228852,0.0024767569686917528,0.9249902372982768
0.45,0.08966831990526448,0.04988589304401334,0.06543913869420849,-1.612216369890286,-0.1136894592960535,2.456015169779345,-0.8946729166024643,0.5149696852989872,0.002350119491323767,1.0042402507245596
0.451,0.08973295060200513,0.04977343950210936,0.06381995924399204,-1.625988888841633,-0.11120978232369418,2.5030661400774292,-0.7994432011333332,0.4587764803433621,0.0022280876030199978,1.0787374397702068
0.452,0.08979595538853721,0.049663488884602744,0.062187475643085875,-1.6388171957775757,-0.10868389400077891,2.5484160721516447,-0.7138138279015309,0.40843475884298197,0.002110271224084325,1.1486219642106725
0.453,0.08985732144033212,0.04955608653042353,0.06054265469228634,-1.6506559504060387,-0.10611356117135273,2.5919329503814357,-0.6368746558909049,0.3633662083172192,0.0019963525523509374,1.2140398686870069
0.454,0.08991703692249542,0.04945127594525312,0.05888650902300627,-1.6614588296485435,-0.1035006838783257,2.633482421722459,-0.5677627272015264,0.32302747871292786,0.0018860781249508468,1.2751424381109229
0.455,0.08997509103609105,0.04934909866718617,0.05722009808649309,-1.6711785147578484,-0.10084729761186058,2.672927975596224,-0.5056629449643386,0.28690985276497377,0.0017792511537799314,1.3320855372877745
0.456,0.09003147406546112,0.049249594130235934,0.05554452915598615,-1.6797666783216803,-0.09815557537254165,2.7101311343104215,-0.44980811160474765,0.25453856976338596,0.0016757241980293988,1.3850289378404417
0.457,0.09008617742655446,0.049152799525873175,0.05386095834192772,-1.687173971151859,-0.09542782953919755,2.744951653183083,-0.3994783947834153,0.22547184908037485,0.0015753922246017976,1.434135635699647
0.458,0.09013919371627685,0.04905874966279899,0.052170591620342294,-1.6933500090580944,-0.09266651353214296,2.7772477294069624,-0.3540002923419696,0.1992996604846755,0.0014781860950442488,1.4795711625862027
0.459,0.09019051676287639,0.04896747682515993,0.05047468587450008,-1.6982433595057351,-0.08987422326363956,2.8068762185523823,-0.3127451699091015,0.1756422880409525,0.0013840665060261886,1.5215028950489675
0.46,0.09024014167737708,0.048879010629422286,0.048774549949981184,-1.701801528156753,-0.08705369836854564,2.8336928574682174,-0.2751274455131103,0.15414873331376552,0.0012930183995807747,1.5600993647351689
0.461,0.09028806490607437,0.04879337788012785,0.0470715457232574,-1.7039709452932374,-0.08420782320943451,2.8575524922032223,-0.24060249466745343,0.13449500173755746,0.0012050458494911747,1.5955295736580837
0.462,0.09033428428410598,0.04871060242475926,0.045367089183909574,-1.7046969521226762,-0.081339627651906,2.8783093094347456,-0.20866434705354298,0.11638231346217034,0.0011201674214710742,1.6279623182879954
0.463,0.09037879909011179,0.048630705007946175,0.04366265153059903,-1.7039237869642831,-0.07845228760739494,2.8958170697605135,-0.1788432422557471,0.09953527683339514,0.0010384119972592222,1.6575655263260072
0.464,0.09042161010199681,0.048553703125245255,0.04195976028091262,-1.7015945713156668,-0.07554912534248985,2.909929341083025,-0.1507031071726217,0.08370005902630201,0.0009598150464773584,1.68450561002553
0.465,0.09046271965381074,0.04847961087672746,0.040260000395201063,-1.697651295799073,-0.07263360955560286,2.920499730196328,-0.12383901192404845,0.06864258432849568,0.0008844153251074825,1.7089468399015915
0.466,0.09050213169375855,0.04840843882060377,0.03856501541453165,-1.6920348059864958,-0.0697093552237818,2.92738211057325,-0.09787465449895794,0.054146786286104746,0.0008122519757100857,1.7310507426144643
0.467,0.09053985184335615,0.04834019382711716,0.03687650861287672,-1.6846847881029008,-0.06678012322450778,2.9304308442483484,-0.0724599172595577,0.040012935494700995,0.0007433620019784457,1.7509755267291913
0.468,0.09057588745774535,0.04827487893292248,0.03519624416366007,-1.6755397546068238,-0.06384981973947379,2.9295009955993434,-0.04726853095322081,0.026056060353425746,0.0006777780888257065,1.768875539937458
0.46900000000000003,0.09061024768718254,0.04821249319616783,0.03352604832078454,-1.6645370296476047,-0.060922495449578805,2.924448534748442,-0.021995874300163365,0.012104473712103632,0.0006155267388276094,1.7849007611819578
0.47000000000000003,0.09064294353971587,0.048153031552480456,0.031867810614264226,-1.6516127343985034,-0.05800234453268696,2.9151305282356157,0.0036430702682967997,-0.002001585872086833,0.0005566266963726126,1.7991963309462222
0.47100000000000003,0.09067398794506525,0.048096484672048086,0.030223485060586017,-1.6367017722649584,-0.0550937034780767,2.9014053145590286,0.029915591355433646,-0.016411193499985575,0.0005010876321681899,1.8119021227644394
0.47200000000000003,0.09070339581972016,0.04804283881797052,0.028595091387925552,-1.6197378139672276,-0.05220104973393507,2.883132662133946,0.057072947215637715,-0.03126385675628416,0.00044890906267604203,1.823152358767146
0.47300000000000003,0.09073118413327029,0.047992075706039486,0.026984716276343784,-1.6006532824966648,-0.04932900020671643,2.860173907190587,0.08535188777363234,-0.04669051603661351,0.00040007948145702086,1.8330752718093195
0.47400000000000003,0.09075737197598367,0.047944172366084684,0.0253945146130906,-1.5793793379448715,-0.04648230963367316,2.8323920691132263,0.11497600499538363,-0.0628144311679144,0.000354575682159858,1.8417928164284998
0.47500000000000003,0.09078198062764799,0.04789910100500046,0.0238267107631433,-1.555845862204966,-0.04366586885237089,2.79965194071722,0.14615692115855627,-0.07975196138316107,0.00031236225585581706,1.8494204305529056
0.47600000000000003,0.0908050336276899,0.04785682887154402,0.022283599855107982,-1.5299814435442076,-0.0408847029934981,2.761820150966205,0.17909532829216035,-0.09761324748320595,0.00027339124848567957,1.8560668495232955
0.47700000000000004,0.09082655684658805,0.04781731812296711,0.020767549082613024,-1.5017133610472213,-0.038143969625773794,2.7187651976479565,0.2139818948749943,-0.11650280629429469,0.00023760196724292442,1.861833973609638
0.47800000000000004,0.09084657855859538,0.04778052569351381,0.01928099902132425,-1.4709675689290331,-0.0354489568842247,2.670357447552129,0.25099805780554885,-0.13652004832494014,0.0002049209276814954,1.8668167897947616
0.47900000000000004,0.09086512951578612,0.04774640316478439,0.017826464961712602,-1.4376686807171801,-0.03280508161554569,2.616469101725157,0.29031671871777553,-0.1577597298696954,0.00017526193614057374,1.8711033481639379
0.48000000000000004,0.09088224302344372,0.04771489663793038,0.01640653825770537,-1.401739953302093,-0.030217887576663306,2.556974123414128,0.33210286397876576,-0.1803123507405275,0.00014852630467315306,1.8747747927830427
0.48100000000000004,0.09089795501680513,0.047685946607608665,0.015023887691353316,-1.3631032708549975,-0.027693043724991272,2.491748126350436,0.3765141272490986,-0.20426450837881496,0.00012460319801884756,1.8779054464700977
0.48200000000000004,0.09091230413917814,0.04765948783758219,0.013681260853646402,-1.3216791286125478,-0.025236342641197194,2.4206682210623085,0.42370131241512143,-0.22969921836933066,0.00010337011425966021,1.880562948367265
0.48300000000000004,0.09092533182144745,0.04763544923781409,0.012381485541611868,-1.2773866165274166,-0.02285369912759184,2.343612816939615,0.47380889312661933,-0.25669621040261437,8.469350264053162e-05,1.882808442704126
0.48400000000000004,0.09093708236298603,0.04761375374285683,0.011127471171829066,-1.2301434027840639,-0.020551149027515724,2.2604613778014073,0.5269755032120811,-0.28533220757639516,6.842952363676615e-05,1.8846968166102736
0.48500000000000004,0.09094760301398844,0.04759431819129143,0.00992221021049626,-1.1798657171788853,-0.018334848313337915,2.171094128732284,0.5833344300155778,-0.31568119565101904,5.4424957729984335e-05,1.8862769842870764
0.48600000000000004,0.09095694405924228,0.04757705320592405,0.008768779620185409,-1.12646833436398,-0.016211072492914223,2.0753917119538583,0.6430141203181812,-0.3478146875354517,4.251827054216342e-05,1.8875922142863693
0.48700000000000004,0.09096515890335512,0.04756186307439487,0.00767034232342172,-1.069864556953717,-0.014186216386594022,1.9732347894778017,0.7061387060773772,-0.38180198693077777,3.254084300710165e-05,1.8886804960692078
0.48800000000000004,0.09097230415745314,0.04754864562980271,0.0066301486832255375,-1.0099661984933366,-0.012266794329137961,1.8645035902423301,0.7728285548298643,-0.4177104537403949,2.4318376165832505e-05,1.8895749414311838
0.48900000000000005,0.09097843972736913,0.047537292130891085,0.005651538000754971,-0.9466835662887726,-0.010459440853242331,1.749077399359487,0.8432008473305277,-0.4556057726049517,1.7672480992748594e-05,1.8903042157832317
0.49000000000000005,0.09098362890333658,0.04752768714128595,0.004737940030188397,-0.8799254440969112,-0.00877091191378938,1.6268339869905384,0.9173701828969049,-0.49555222475956445,1.2422464426597268e-05,1.8908929936678642
0.49100000000000005,0.09098793845120737,0.047519708407212966,0.0038928765109868526,-0.8095990746754783,-0.007208086714498239,1.4976489742155996,0.9954492110293217,-0.5376129623554611,8.387323526650266e-06,1.8913624322705074
0.49200000000000005,0.09099143870521051,0.047513226733060174,0.003119962717677015,-0.7356101421917611,-0.005777970201379701,1.361395133064744,1.0775492861967622,-0.5818502834422024,5.387960427616757e-06,1.8917306560524767
0.49300000000000005,0.09099420366226942,0.047508105854086144,0.002422909027296419,-0.6578627544893523,-0.004487696290352835,1.2179416176246463,1.163781141215035,-0.6283259049657172,3.249631552346805e-06,1.8920132449844098
0.49400000000000005,0.09099631107789558,0.047504202305503826,0.0018055225046432278,-0.5762594252121167,-0.0033445318996193083,1.0671531228200195,1.2542555733789817,-0.6771012303897337,1.8046453810427498e-06,1.8922237181938173
0.49500000000000005,0.09099784256367642,0.04750136528709907,0.001271708505473778,-0.4907010557845643,-0.0023558818609780634,0.9088889670844813,1.3490841364143202,-0.7282376078763029,8.953239889676022e-07,1.892374004153544
0.496,0.09099888368637536,0.04749943652246606,0.0008254722977919026,-0.40108691724782863,-0.0015292947882730654,0.7430020946724777,1.4483798303494344,-0.781796574343986,3.7724456903521377e-07,1.8924748878242754
0.497,0.09099952406866234,0.04749825011186117,0.000470920701374704,-0.3073146319504026,-0.000872469985682822,0.5693379928124056,1.552257780530823,-0.8378400801373368,1.2277826760757036e-07,1.89253642441677
0.498,0.09099985749149297,0.04749763237759257,0.00021226374568076553,-0.20928015509288864,-0.0003932654836776652,0.3877335182505113,1.660835896174997,-0.8964306884662339,2.494489739908875e-08,1.8925683086496012
0.499,0.09099998199815493,0.047497401700771075,5.381634628674435e-05,-0.10687775612584867,-9.970729629117992e-05,0.1980156269723093,1.774235498024519,-0.9576317431883691,1.603467043320893e-09,1.8925801875353851
0.5,0.091,0.0474973683481517,0.0,-0.0,-0.0,0.0,1.8925819038196714,-1.021507497895104,0.0,1.8925819038196714
0.501,0.09099998199815493,0.047497401700771075,-5.381634628674435e-05,-0.10687775612584867,9.970729629117992e-05,0.1980156269723093,1.774235498024519,-0.9576317431883691,1.603467043320893e-09,1.8925801875353851
0.502,0.09099985749149297,0.04749763237759257,-0.00021226374568076553,-0.20928015509288864,0.0003932654836776652,0.3877335182505113,1.660835896174997,-0.8964306884662339,2.494489739908875e-08,1.8925683086496012
0.503,0.09099952406866234,0.04749825011186117,-0.000470920701374704,-0.3073146319504026,0.000872469985682822,0.5693379928124056,1.552257780530823,-0.8378400801373368,1.2277826760757036e-07,1.89253642441677
0.504,0.09099888368637536,0.04749943652246606,-0.0008254722977919026,-0.40108691724782863,0.0015292947882730654,0.7430020946724777,1.4483798303494344,-0.781796574343986,3.7724456903521377e-07,1.8924748878242754
0.505,0.09099784256367642,0.04750136528709907,-0.001271708505473805,-0.49070105578456913,0.0023558818609781137,0.9088889670844902,1.349084136414315,-0.7282376078763,8.953239889676403e-07,1.892374004153544
0.506,0.09099631107789558,0.047504202305503826,-0.0018055225046432592,-0.5762594252121214,0.0033445318996193664,1.0671531228200282,1.2542555733789766,-0.6771012303897309,1.8046453810428125e-06,1.8922237181938173
0.507,0.09099420366226942,0.047508105854086144,-0.0024229090272964555,-0.6578627544893569,0.0044876962903529025,1.217941617624655,1.1637811412150296,-0.6283259049657143,3.2496315523469026e-06,1.8920132449844098
0.508,0.09099143870521051,0.047513226733060174,-0.003119962717677057,-0.7356101421917653,0.005777970201379779,1.3613951330647518,1.0775492861967573,-0.5818502834421997,5.387960427616903e-06,1.8917306560524767
0.509,0.09098793845120737,0.047519708407212966,-0.0038928765109868973,-0.8095990746754824,0.0072080867144983215,1.4976489742156072,0.9954492110293172,-0.5376129623554586,8.38732352665046e-06,1.8913624322705074
0.51,0.09098362890333658,0.04752768714128595,-0.004737940030188446,-0.879925444096915,0.00877091191378947,1.6268339869905455,0.9173701828969006,-0.4955522247595622,1.2422464426597522e-05,1.8908929936678642
0.511,0.09097843972736913,0.047537292130891085,-0.005651538000755021,-0.9466835662887763,0.010459440853242425,1.7490773993594937,0.8432008473305237,-0.45560577260494955,1.767248099274891e-05,1.8903042157832317
0.512,0.09097230415745314,0.04754864562980271,-0.006630148683225595,-1.0099661984933401,0.012266794329138067,1.8645035902423368,0.7728285548298608,-0.41771045374039295,2.4318376165832925e-05,1.8895749414311838
0.513,0.09096515890335512,0.04756186307439487,-0.007670342323421781,-1.0698645569537204,0.014186216386594135,1.973234789477808,0.7061387060773736,-0.3818019869307758,3.2540843007102164e-05,1.8886804960692078
0.514,0.09095694405924228,0.04757705320592405,-0.008768779620185472,-1.1264683343639832,0.016211072492914338,2.075391711953864,0.6430141203181778,-0.34781468753544986,4.2518270542164025e-05,1.8875922142863693
0.515,0.09094760301398842,0.04759431819129146,-0.009922210210496328,-1.1798657171788882,0.018334848313338026,2.171094128732288,0.5833344300155732,-0.31568119565101677,5.442495772998505e-05,1.8862769842870744
0.516,0.09093708236298603,0.04761375374285683,-0.011127471171829134,-1.2301434027840663,0.02055114902751585,2.2604613778014118,0.5269755032120784,-0.2853322075763937,6.842952363676698e-05,1.8846968166102736
0.517,0.09092533182144745,0.04763544923781409,-0.012381485541611942,-1.2773866165274197,0.02285369912759198,2.34361281693962,0.473808893126616,-0.25669621040261253,8.469350264053264e-05,1.882808442704126
0.518,0.09091230413917814,0.04765948783758219,-0.013681260853646475,-1.3216791286125502,0.02523634264119733,2.420668221062313,0.42370131241511877,-0.22969921836932922,0.00010337011425966131,1.880562948367265
0.519,0.09089795501680513,0.047685946607608665,-0.015023887691353394,-1.3631032708549997,0.027693043724991418,2.4917481263504397,0.37651412724909616,-0.20426450837881363,0.00012460319801884886,1.8779054464700977
0.52,0.0908822430234437,0.0477148966379304,-0.01640653825770545,-1.401739953302095,0.030217887576663435,2.5569741234141303,0.3321028639787613,-0.1803123507405252,0.00014852630467315447,1.87477479278304
0.521,0.09086512951578612,0.04774640316478439,-0.017826464961712682,-1.437668680717182,0.03280508161554584,2.6164691017251602,0.29031671871777354,-0.1577597298696943,0.00017526193614057534,1.8711033481639379
0.522,0.09084657855859538,0.04778052569351381,-0.01928099902132433,-1.4709675689290347,0.03544895688422484,2.670357447552131,0.25099805780554707,-0.1365200483249392,0.00020492092768149714,1.8668167897947616
0.523,0.09082655684658805,0.04781731812296711,-0.020767549082613104,-1.5017133610472229,0.03814396962577394,2.718765197647959,0.21398189487499253,-0.11650280629429371,0.00023760196724292623,1.861833973609638
0.524,0.0908050336276899,0.04785682887154402,-0.022283599855108062,-1.5299814435442094,0.040884702993498244,2.7618201509662077,0.17909532829215835,-0.09761324748320487,0.0002733912484856815,1.8560668495232955
0.525,0.09078198062764799,0.04789910100500046,-0.023826710763143376,-1.555845862204967,0.04366586885237104,2.799651940717221,0.1461569211585554,-0.07975196138316058,0.00031236225585581906,1.8494204305529056
0.526,0.09075737197598367,0.047944172366084684,-0.02539451461309069,-1.5793793379448728,0.04648230963367333,2.8323920691132285,0.1149760049953823,-0.06281443116791367,0.0003545756821598605,1.8417928164284998
0.527,0.09073118413327028,0.047992075706039514,-0.026984716276343874,-1.600653282496666,0.04932900020671655,2.8601739071905863,0.08535188777362701,-0.04669051603661063,0.0004000794814570234,1.8330752718093146
0.528,0.09070339581972016,0.04804283881797052,-0.02859509138792565,-1.619737813967229,0.05220104973393525,2.8831326621339484,0.057072947215636605,-0.031263856756283556,0.0004489090626760451,1.823152358767146
0.529,0.09067398794506525,0.048096484672048086,-0.030223485060586107,-1.6367017722649595,0.05509370347807686,2.9014053145590304,0.029915591355432314,-0.016411193499984846,0.0005010876321681928,1.8119021227644394
0.53,0.09064294353971587,0.048153031552480456,-0.03186781061426432,-1.6516127343985045,0.05800234453268714,2.9151305282356175,0.0036430702682959115,-0.0020015858720863447,0.000556626696372616,1.7991963309462222
0.531,0.09061024768718254,0.04821249319616783,-0.03352604832078463,-1.6645370296476054,0.06092249544957897,2.9244485347484424,-0.02199587430016403,0.012104473712103998,0.0006155267388276128,1.7849007611819578
0.532,0.09057588745774535,0.04827487893292248,-0.03519624416366017,-1.6755397546068245,0.06384981973947396,2.9295009955993443,-0.04726853095322148,0.026056060353426114,0.0006777780888257102,1.768875539937458
0.533,0.09053985184335615,0.04834019382711716,-0.03687650861287681,-1.684684788102901,0.06678012322450795,2.9304308442483484,-0.07245991725955792,0.04001293549470111,0.0007433620019784494,1.7509755267291913
0.534,0.09050213169375855,0.04840843882060377,-0.03856501541453175,-1.6920348059864958,0.06970935522378198,2.927382110573249,-0.09787465449895794,0.054146786286104746,0.0008122519757100899,1.7310507426144643
0.535,0.09046271965381072,0.04847961087672748,-0.04026000039520116,-1.6976512957990728,0.072633609555603,2.920499730196325,-0.12383901192405622,0.06864258432850004,0.0008844153251074868,1.7089468399015837
0.536,0.09042161010199681,0.048553703125245255,-0.0419597602809127,-1.7015945713156673,0.07554912534249,2.909929341083025,-0.15070310717262214,0.08370005902630226,0.0009598150464773621,1.68450561002553
0.537,0.09037879909011179,0.048630705007946175,-0.043662651530599124,-1.7039237869642836,0.0784522876073951,2.895817069760513,-0.17884324225574733,0.09953527683339526,0.0010384119972592267,1.6575655263260072
0.538,0.09033428428410598,0.04871060242475926,-0.04536708918390966,-1.7046969521226756,0.08133962765190615,2.878309309434744,-0.2086643470535423,0.11638231346216998,0.0011201674214710783,1.6279623182879954
0.539,0.09028806490607437,0.04879337788012785,-0.047071545723257495,-1.7039709452932372,0.08420782320943469,2.857552492203221,-0.2406024946674532,0.13449500173755735,0.0012050458494911797,1.5955295736580837
0.54,0.09024014167737708,0.048879010629422286,-0.048774549949981275,-1.701801528156752,0.08705369836854579,2.8336928574682148,-0.2751274455131092,0.1541487333137649,0.0012930183995807794,1.5600993647351689
0.541,0.09019051676287639,0.04896747682515993,-0.05047468587450017,-1.6982433595057345,0.08987422326363972,2.8068762185523806,-0.3127451699091006,0.175642288040952,0.0013840665060261936,1.5215028950489675
0.542,0.09013919371627685,0.04905874966279899,-0.05217059162034239,-1.6933500090580942,0.09266651353214314,2.777247729406961,-0.3540002923419694,0.19929966048467537,0.0014781860950442542,1.4795711625862027
0.543,0.09008617742655446,0.049152799525873175,-0.05386095834192782,-1.6871739711518587,0.09542782953919773,2.7449516531830818,-0.39947839478341485,0.2254718490803746,0.0015753922246018032,1.434135635699647
0.544,0.09003147406546112,0.049249594130235934,-0.05554452915598624,-1.6797666783216798,0.0981555753725418,2.7101311343104197,-0.4498081116047472,0.2545385697633857,0.0016757241980294043,1.3850289378404417
0.545,0.08997509103609105,0.04934909866718617,-0.05722009808649317,-1.6711785147578477,0.10084729761186073,2.6729279755962216,-0.505662944964338,0.2869098527649734,0.0017792511537799366,1.3320855372877745
0.546,0.08991703692249542,0.04945127594525312,-0.058886509023006364,-1.661458829648543,0.10350068387832587,2.6334824217224573,-0.5677627272015262,0.32302747871292775,0.001886078124950853,1.2751424381109229
0.547,0.08985732144033212,0.04955608653042353,-0.06054265469228643,-1.6506559504060374,0.10611356117135289,2.591932950381432,-0.6368746558909038,0.36336620831721855,0.0019963525523509435,1.2140398686870069
0.548,0.08979595538853721,0.049663488884602744,-0.06218747564308595,-1.6388171957775748,0.10868389400077905,2.548416072151642,-0.71381382790153,0.4084347588429814,0.00211027122408433,1.1486219642106725
0.549,0.08973295060200512,0.04977343950210938,-0.06381995924399213,-1.6259888888416318,0.11120978232369425,2.5030661400774252,-0.7994432011333541,0.45877648034337437,0.0022280876030200056,1.0787374397701912
0.55,0.08966831990526448,0.04988589304401334,-0.06543913869420859,-1.6122163698902852,0.11368945929605366,2.4560151697793424,-0.8946729166024636,0.5149696852989868,0.0023501194913237737,1.0042402507245596
0.551,0.08960207706713678,0.050000802470137454,-0.06704409204716305,-1.5975440091983906,0.11612128884996004,2.4073926707881985,-1.0004589192078708,0.5776275869228852,0.00247675696869176,0.9249902372982768
0.552,0.08953423675636502,0.05011811916855388,-0.06863394124682777,-1.5820152196802788,0.11850376310813203,2.357325489665492,-1.117800822788773,0.647397803957803,0.002608470528307539,0.8408537505121708
0.553,0.08946481449819974,0.05023779308241865,-0.07020785117664076,-1.5656724694346837,0.12083549964757326,2.305937665347599,-1.24773897388667,0.7249613933109521,0.0027458193221360128,0.7517042567878132
0.554,0.08939382663192995,0.0503597728339995,-0.07176502872091636,-1.5485572941785917,0.1231152386248348,2.253350297031106,-1.3913506788364018,0.8110313763175296,0.0028894594152670673,0.6574229187984818
0.555,0.0893212902693463,0.05048400584576526,-0.07330472183863437,-1.5307103095707255,0.12534183977552243,2.199681424803145,-1.5497455702669343,0.9063507297525617,0.003040151937937626,0.557899150388343
0.556,0.08924722325412449,0.050610438458416965,-0.07482621864949782,-1.5121712234253504,0.12751427930085218,2.1450459231138272,-1.724060101605533,1.0116898188574,0.0031987710138969036,0.453031143642158
0.557,0.08917164412211635,0.0507390160457545,-0.07632884653215001,-1.4929788478171109,0.12963164665410212,2.0895554070885867,-1.9154511715338889,1.1278432565309902,0.003366311335231694,0.34272636645648114
0.558,0.08909457206253686,0.050869683126285044,-0.07781197123444208,-1.4731711110775776,0.13169314123976053,2.033318151586539,-2.1250888943012267,1.2556261803562707,0.0035438952469135352,0.22690202923888148
0.559,0.08901602688003477,0.051002383471492184,-0.07927499599564343,-1.4527850696841973,0.13369806903803533,1.9764390228273254,-2.354148546104309,1.3958699471753517,0.0037327791994195966,0.10548551964052322
0.56,0.08893602895763514,0.05113706021069746,-0.08071736068048749,-1.4318569200423454,0.1356458391671719,1.919019422333364,-2.6038017321329825,1.549417253366961,0.003934359425033817,-0.02158519549377247
0.561,0.08885459922054201,0.05127365593245824,-0.08213854092494628,-1.4104220101611464,0.1375359603957395,1.8611572428668786,-2.8752068330805063,1.7171166976777377,0.004150176693034452,-0.15436120149701105
0.562,0.08877175910078935,0.0514121127824578,-0.08353804729362824,-1.388514851223771,0.13936803761669664,1.8029468359818088,-3.16949880366413,1.899816812272254,0.004381920001056007,-0.29288230084166567
0.5630000000000001,0.08868753050272903,0.05155237255785504,-0.0849154244486936,-1.3661691290528584,0.1411417682946377,1.7444789907591092,-3.4877784087290884,2.098359596444646,0.0046314290645645215,-0.4371767116980947
0.5640000000000001,0.08860193576934391,0.05169437679807274,-0.08627025033018312,-1.3434177154717724,0.1428569388971699,1.6858409232502873,-3.8311009945721395,2.31357359602852,0.004900695473642966,-0.5872607998473607
0.5650000000000001,0.08851499764937523,0.051838066872013575,-0.0876021353476563,-1.3202926795623435,0.14451342132087672,1.6271162761176188,-4.200464903983978,2.546266579799857,0.0051918623961294584,-0.7431388434716131
0.5660000000000001,0.08842673926525246,0.05198338406170355,-0.0889107215830359,-1.2968252988197846,0.1461111693217949,1.5683851279302552,-4.596799652968523,2.797217871947557,0.005507222718514855,-0.9048028301302578
0.5670000000000001,0.088337184081815,0.052130269642372114,-0.09019568200455606,-1.2730460702054391,0.14765021495978214,1.5097240115528896,-5.0209539949649935,3.0671704068478527,0.005849215530762351,-1.0722322850359711
0.5680000000000001,0.08824635587581421,0.05227866495898722,-0.09145671969171264,-1.2489847210980405,0.14913066506557854,1.4512059410473817,-5.473684004527438,3.356822578796531,0.006220420878184889,-1.2453941295757336
0.5690000000000001,0.08815427870618518,0.05242851149927241,-0.09269356707111406,-1.2246702201441364,0.1505526977387801,1.3929004464973378,-5.9556413166817626,3.666819964908137,0.006623552722480568,-1.4242425688791336
0.5700000000000001,0.08806097688507722,0.05257975096324023,-0.09390598516313274,-1.2001307880083483,0.1519165588843518,1.33487361616064,-6.467361660501327,3.9977470039851504,0.00706145007471535,-1.608719007123181
0.5710000000000001,0.0879664749496322,0.05273232532928476,-0.0950937628392565,-1.175393908024122,0.153222558794707,1.2771881453548097,-7.009253825768643,4.3501187177068585,0.007537066285149841,-1.798751989181266
0.5720000000000001,0.08787079763450044,0.052886176916881376,-0.09625671609004194,-1.1504863367456353,0.15447106878379457,1.2199033914844422,-7.581589199904087,4.724372562916173,0.008053456497991338,-1.9942571671730978
0.5730000000000001,0.08777396984508325,0.0530412484459493,-0.09739468730356987,-1.1254341144014983,0.15566251787903923,1.1630754346282641,-8.184492008676076,5.120860505051037,0.008613763303055319,-2.1951372904577737
0.5740000000000001,0.08767601663149183,0.05319748309293704,-0.09850754455430613,-1.1002625752509247,0.15679738957641215,1.1067571431152263,-8.817930388605049,5.539841402837709,0.009221200640554627,-2.4012822176288324
0.5750000000000001,0.08757696316321216,0.05335482454369666,-0.09959518090226967,-1.0749963578429973,0.15787621866333848,1.0509982435338947,-9.48170841153628,5.981473793233292,0.009879036039413038,-2.612568949122522
0.5760000000000001,0.0874768347044656,0.05351321704321652,-0.10065751370241219,-1.0496594151797016,0.1588995881136069,0.9958453946369824,-10.175459172697046,6.445809163279896,0.010590571293225888,-2.828861679134914
0.5770000000000001,0.08737565659025508,0.05367260544228636,-0.10169448392411247,-1.0242750247833456,0.15986812605791423,0.9413422646225389,-10.898639042822765,6.932785792044233,0.011359121700877042,-3.0500118656601396
0.5780000000000001,0.08727345420308666,0.053832935241172365,-0.10270605548069088,-0.998865798669032,0.1607825028331705,0.887529611294933,-11.65052317280732,7.442223241213042,0.012187994020495833,-3.2758583176090865
0.5790000000000001,0.08717025295035685,0.05399415263038162,-0.10369221456884914,-0.9734536932228042,0.1616434281132087,0.834445364631732,-12.430202325989084,7.973817567256506,0.013080463305538668,-3.506227298140681
0.5800000000000001,0.08706607824239522,0.05415620452859937,-0.10465296901794124,-0.9480600189861158,0.16245164812307325,0.7821247113067582,-13.236581098849765,8.527137321450432,0.014039748809993343,-3.740932643538154
0.5810000000000001,0.08696095547115319,0.05431903861788271,-0.10558834764898224,-0.9227054503472479,0.1632079429386337,0.7306001807445076,-14.068377575774182,9.101620396542362,0.015068989165715023,-3.979775897179144
0.5820000000000001,0.0868549099895288,0.0544826033761973,-0.10649839964330234,-0.8974100351403164,0.16391312387285,0.6799017323066066,-14.924124447854673,9.69657177058577,0.0161712170484816,-4.222546458386915
0.5830000000000001,0.08674796709131805,0.05464684810738413,-0.1073831939207539,-0.872193204152493,0.16456803094963368,0.6300568432366727,-15.802171609723661,10.311162189546542,0.017349333560261006,-4.469021746195805
0.5840000000000001,0.08664015199178336,0.05481172296864403,-0.10824281852738016,-0.8470737805400647,0.1651735304658873,0.5810905970157049,-16.700690232317232,10.944427820848986,0.01860608256326656,-4.7189673783197446
0.5850000000000001,0.08653148980882967,0.0549771789956286,-0.10907738003245457,-0.822069989153961,0.16573051264196903,0.5330257718056889,-17.617678293526698,11.59527090019931,0.019944025206508495,-4.972137365869907
0.5860000000000001,0.08642200554477875,0.05514316812522569,-0.10988700293480075,-0.7971994657753744,0.1662398893605199,0.48588292868433136,-18.55096753310336,12.26246138393813,0.021365514887659053,-5.228274324620768
0.5870000000000001,0.08631172406873266,0.05530964321612781,-0.11067182907830327,-0.7724792662620763,0.1667025919933072,0.4396804993984822,-19.498231783152796,12.944639608968183,0.022872672892115312,-5.487109703868781
0.5880000000000001,0.08620067009951726,0.05547655806727105,-0.11143201707652049,-0.7479258756060737,0.1671195693154764,0.3944348733879127,-20.456996611280818,13.640319952113849,0.024467364947194207,-5.748364034158253
0.5890000000000001,0.08608886818919627,0.05564386743423188,-0.11216774174631097,-0.7235552169031884,0.16749178550636618,0.35016048385432663,-21.424650200108807,14.347895470727506,0.0261511789225035,-6.0117471953603
0.5900000000000001,0.08597634270714762,0.05581152704366718,-0.11287919355038528,-0.6993826602351993,0.1678202182358311,0.30686989267297804,-22.398455374609828,15.06564349658575,0.027925403897807538,-6.276958706775066
0.5910000000000001,0.08586311782469248,0.055979493605883335,-0.1135665780486973,-0.6754230314651359,0.16810585683481988,0.26457387396570065,-23.375562677681,15.791732145748824,0.029791010807335126,-6.543688041085613
0.5920000000000001,0.08574921750026886,0.05614772482561694,-0.11423011535858683,-0.6516906209463432,0.16834970054879053,0.22328149617472903,-24.353024384644804,16.524227698178937,0.031748634854612205,-6.811614964111131
0.5930000000000001,0.0856346654651403,0.05631617941111019,-0.11487003962358878,-0.628199192145918,0.16855275687238855,0.1830002024961368,-25.327809339085643,17.261102792653723,0.03379855987482885,-7.0804099023930105
0.5940000000000001,0.08551948520963192,0.05648481708156044,-0.11548659849082325,-0.6049619901831118,0.16871603996368853,0.14373588955014305,-26.296818485605336,18.000245374931616,0.03594070480266813,-7.349734340686579
0.595,0.08540369996988444,0.05665359857302332,-0.11608005259688164,-0.5819917502833158,0.16884056913617834,0.1054929841829444,-27.256900969800512,18.739468330330773,0.03817461238277491,-7.6192412514307915
0.596,0.08528733271511828,0.05682248564284589,-0.11665067506212501,-0.5593007061481958,0.1689273674265736,0.06827451831093123,-28.20487067201085,19.476519725911714,0.04049944023787205,-7.88857555821722
0.597,0.08517040613539927,0.05699144107270443,-0.11719875099331034,-0.5369005982426155,0.16897746023646654,0.03208220173347498,-29.13752303917841,20.209093582373292,0.042913954386285105,-8.157374635182556
0.598,0.08505294262989739,0.05716042867032026,-0.11772457699446309,-0.5148026819988917,0.16899187404574614,-0.0030835071455255214,-30.051652078464713,20.934841091615727,0.045416525276633715,-8.425268844104501
0.599,0.08493496429563072,0.057329413269923864,-0.1182284606859123,-0.4930177359390002,0.16897163519567396,-0.03722333273389855,-30.94406737703621,21.651382192706695,0.048005126382973794,-8.691882110785198
0.6,0.08481649291668619,0.057498360731536,-0.1187107202314076,-0.47155606971531333,0.16891776873946052,-0.07033911583979924,-31.81161101460912,22.3563174167327,0.05067733537909378,-8.956832542066731
0.601,0.08469754995390935,0.057667237939132206,-0.11917168387323612,-0.4504275320704458,0.16883129735815663,-0.10243374945604988,-32.651174238845314,23.04723990971356,0.053430337886252545,-9.219733084536799
0.602,0.08457815653505489,0.05783601279775503,-0.11961168947525914,-0.4296415187167997,0.16871324033965607,-0.13351111675344074,-33.459713778430746,23.72174754239485,0.05626093376471065,-9.480192225654676
0.603,0.08445833344539033,0.05800465422963579,-0.12003108407378855,-0.40920698013638107,0.1685646126185992,-0.16357603128696974,-34.2342676745362,24.377455016281605,0.05916554589621818,-9.7378147376601
0.604,0.08433810111874486,0.05817313216938588,-0.12043022343622325,-0.3891324293014641,0.16838642387496483,-0.1926341794105766,-34.97197051824958,25.012005876704105,0.062140231382451894,-9.992202464226315
0.605,0.08421747962899577,0.05834141755831494,-0.12080947162736703,-0.36942594931668293,0.1681796776891483,-0.22069206488837279,-35.670067989354735,25.6230843459647,0.065180695063462,-10.242955149386729
0.606,0.08409648868198465,0.05850948233793168,-0.12116920058334933,-0.35009520098311975,0.16794537075133661,-0.24775695568356287,-36.32593060039278,26.208426892652472,0.06828230524072705,-10.489671307809411
0.607,0.08397514760785604,0.05867729944267995,-0.12150978969307172,-0.33114743028494636,0.16768449212301786,-0.2738368329002522,-36.93706655914338,26.765833456965293,0.07144011147157292,-10.731949135018617
0.608,0.08385347535381081,0.05884484279196189,-0.12183162538710188,-0.31258947579920915,0.16739802254848263,-0.298940341847873,-37.501133672386885,27.293178256288098,0.07464886428568891,-10.969387455677763
0.609,0.08373149047726691,0.059012087281496525,-0.12213510073393995,-0.29442777602930054,0.1670869338142153,-0.3230767451933753,-38.01595022391217,27.788420100261238,0.07790303666034461,-11.201586707555794
0.61,0.08360921113942035,0.05917900877406069,-0.12242061504357962,-0.2766683766626806,0.16675218815410517,-0.3462558781621457,-38.47950477010446,28.24961215006746,0.08119684707880863,-11.428149958309533
0.611,0.08348665509919884,0.059345584089657524,-0.12268857347829015,-0.2593169377534263,0.1663947376984497,-0.36848810574507973,-38.889964806957124,28.67491106259265,0.08452428398644751,-11.648683951733481
0.612,0.0833638397076012,0.059511790995154766,-0.12293938667054272,-0.2423787408301304,0.1660155239647666,-0.38978428186627745,-39.24568427288151,29.062585466391628,0.08787913145105876,-11.862800179662083
0.613,0.0832407819024152,0.05967760819343416,-0.12317347034800831,-0.2258586959297427,0.16561547738847793,-0.41015571046320437,-39.54520986213918,29.411023722948507,0.09125499582821582,-12.07011597526648
0.614,0.083117498203307,0.05984301531209054,-0.12339124496555208,-0.20976134855787162,0.1651955168915783,-0.42961410842915554,-39.7872861339768,29.718740933473406,0.09464533322870078,-12.270255623072094
0.615,0.08299400470727497,0.060007992891717946,-0.12359313534415207,-0.1940908865761151,0.1647565494874516,-0.44817157036611793,-39.970859412526806,29.98438515836213,0.09804347758349181,-12.462851480644103
0.616,0.08287031708446142,0.060172522373817705,-0.12377957031666828,-0.17885114701695487,0.16429946992005143,-0.4658405350948338,-40.095080482146585,30.206742823378082,0.10144266910212782,-12.647545106547852
0.617,0.08274645057431482,0.0603365860883624,-0.12395098238039126,-0.16404562282676632,0.16382516033571495,-0.48263375386788854,-40.159306092045675,30.384743293540996,0.10483608292257642,-12.823988388898917
0.618,0.08262241998209645,0.060500167241046954,-0.12410780735629773,-0.14967746953748007,0.1633344899859363,-0.49856426023098016,-40.163099292713106,30.51746260254698,0.10821685775479264,-12.99184466857323
0.619,0.08249823967572423,0.06066324990025764,-0.12425048405494235,-0.1357495118674323,0.16282831495947608,-0.5136453414771269,-40.10622863476388,30.604126332252477,0.11157812432595965,-13.150789850961086
0.62,0.08237392358294746,0.06082581898378698,-0.12437945394891539,-0.12226425025194407,0.16230747794224418,-0.5278905116384371,-39.98866626831576,30.644111643262686,0.1149130334427025,-13.300513500016292
0.621,0.08224948518884592,0.06098786024532172,-0.12449516085179577,-0.10922386730416038,0.1617728080034452,-0.5413134859601331,-39.81058498785693,30.636948463933344,0.11821478349431445,-13.440719908281995
0.622,0.08212493753364666,0.061149360260729764,-0.12459805060353044,-0.09663023420667537,0.1612251204065309,-0.5539281568018033,-39.57235427373689,30.582319851070636,0.12147664723102644,-13.57112913656513
0.623,0.0820002932108523,0.0613103064141696,-0.12468857076217135,-0.08448491703448537,0.1606652164435616,-0.5657485709113044,-39.27453538689282,30.480061541262323,0.1246919976624241,-13.691478016983975
0.624,0.08187556436567439,0.061470686884045465,-0.12476717030190033,-0.07278918300977714,0.16009388329162827,-0.5767889080173392,-38.91787557819303,30.330160717055293,0.12785433293314627,-13.80152111322843
0.625,0.08175076269376583,0.06163049062882903,-0.12483429931727599,-0.061544006689086946,0.15951189389004738,-0.5870634606875043,-38.50330147784512,30.132754017087958,0.1309573000457842,-13.901031632048486
0.626,0.08162589944024559,0.06178970737276873,-0.12489040873363336,-0.05075007608335131,0.158920006837084,-0.5965866153993835,-38.031911733667236,29.888124823757536,0.13399471731430646,-13.989802280221777
0.627,0.08150098539901036,0.06194832759150455,-0.12493595002357058,-0.04040779871136005,0.15831896630502085,-0.605372834773327,-37.50496896968288,29.59669986604293,0.1369605954451632,-14.067646061542442
0.628,0.08137603091232644,0.0621063424976069,-0.12497137492945615,-0.030517307587129,0.1577095019724339,-0.6134366409165062,-36.923891138471724,29.259045178691455,0.1398491571573793,-14.134397008719157
0.629,0.08125104587069629,0.06226374402605571,-0.1249971351918902,-0.021078467141715157,0.15709232897258912,-0.6207925998289843,-36.290242342027064,28.875861462110777,0.1426548552672033,-14.189910845464508
0.63,0.08112603971299355,0.062420524819675756,-0.12501368228405554,-0.01209087907996751,0.15646814785692176,-0.6274553068237279,-35.605723196545945,28.447978889973875,0.14537238917717055,-14.234065574497237
0.631,0.08100102142686093,0.0625766782145424,-0.12502146715189275,-0.0035538881727387576,0.15583764457260887,-0.6334393729136677,-34.8721608166532,27.976351413752262,0.14799671972355885,-14.266761987657674
0.632,0.08087599954936488,0.06273219822537167,-0.12502093996003566,0.0045334120149479115,0.1552014904532899,-0.638759412120206,-34.091498494055685,27.462050615137212,0.1505230823501051,-14.287924094849902
0.633,0.08075098216790162,0.06288707953090719,-0.12501254984344323,0.012172173459272684,0.1545603422220369,-0.6434300296588338,-33.265785144584584,26.90625915860403,0.15294699858933683,-14.297499469065166
0.634,0.08062597692134861,0.06304131745931596,-0.12499674466466403,0.019363788076028263,0.15391484200571778,-0.6474658109588123,-32.39716459603993,26.3102638972261,0.15526428584589552,-14.295459505304327
0.635,0.08050099100145601,0.06319490797360368,-0.12497397077667172,0.02610988218156942,0.15326561735994154,-0.6508813114752247,-31.487864787251773,25.675448685272528,0.15747106548866732,-14.281799591796219
0.636,0.08037603115447256,0.0633478476570601,-0.12494467279120798,0.03241231101581061,0.15261328130381116,-0.6536910472529829,-30.540186946346005,25.0032869511353,0.15956376927031915,-14.256539192496456
0.637,0.08025110368300033,0.06350013369874379,-0.12490929335257174,0.03827315332677424,0.15195843236375287,-0.6559094862037125,-29.55649481340361,24.295334083755872,0.16153914410390344,-14.219721840443045
0.638,0.08012621444807308,0.06365176387901474,-0.12486827291679331,0.04369470601620214,0.15130165462572864,-0.657551040057761,-28.539203969563843,23.553219684971882,0.16339425523645856,-14.171415042132237
0.639,0.08000136887145265,0.06380273655512345,-0.12482204953613282,0.04867947884574194,0.15064351779517338,-0.658630056954855,-27.49077133118745,22.778639739106808,0.16512648786898845,-14.111710093656859
0.64,0.07987657193813835,0.06395305064686313,-0.1247710586488419,0.05323018920322226,0.1499845772640379,-0.6591608146382435,-26.41368486401509,21.973348749706823,0.16673354728076145,-14.040721809912275
0.641,0.0797518281990839,0.06410270562229267,-0.12471573287412967,0.057349756928536375,0.1493253741843492,-0.6591575142184176,-25.310453568357104,21.13915189160886,0.16821345752357142,-13.958588168717867
0.642,0.07962714177411677,0.06425170148353591,-0.12465650181227295,0.06104129919865339,0.14866643554773626,-0.65863427447377,-24.183597782286895,20.277897224534826,0.1695645587583603,-13.865469872218533
0.643,0.07950251635505506,0.0644000387526633,-0.12459379184981234,0.06430812547127492,0.14800827427040025,-0.657605126656762,-23.035639845614277,19.39146801217512,0.17078550331247538,-13.761549828417742
0.644,0.07937795520901646,0.06454771845766105,-0.12452802596977543,0.06715373248667342,0.14735138928303793,-0.6560840097754,-21.869095163120214,18.481775188271087,0.1718752505407835,-13.64703255614555
0.645,0.07925346118191459,0.0646947421184925,-0.12445962356686899,0.06958179932722683,0.14669626562525806,-0.6540847663209682,-20.6864637011929,17.55075000857329,0.17283306057791709,-13.52214351718018
0.646,0.0791290367021377,0.06484111173325588,-0.12438900026758354,0.07159618253418903,0.14604337454405922,-0.6516211384141531,-19.490221947629074,16.600336924750376,0.17365848707211295,-13.387128379614968
0.647,0.07900468378440476,0.0649868297644426,-0.12431656775515232,0.07320091128121985,0.1453931735959627,-0.6487067643427782,-18.28281536000932,15.63248671339719,0.17435136899342646,-13.242252216894057
0.648,0.0788804040337943,0.06513189912529908,-0.12424273359930849,0.07440018260422461,0.14474610675242316,-0.6453551754655096,-17.066651323731612,14.649149890252056,0.174911821610616,-13.087798647225423
0.649,0.07875619864994103,0.06527632316629572,-0.12416790109078484,0.07519835668702302,0.1441026045081626,-0.6415797934569034,-15.844092636538445,13.652270436621428,0.1753402267317276,-12.92406891832024
0.65,0.07863206843139559,0.06542010566170539,-0.12409246908050002,0.07559995220239887,0.14346308399209878,-0.6373939278702458,-14.617451532214305,12.643779861841757,0.1756372223033939,-12.751380942600894
0.651,0.07850801378014288,0.06556325079629408,-0.12401683182337583,0.07560964170807236,0.14282794908056073,-0.6328107739956157,-13.388984252091682,11.625591622413587,0.1758036914631732,-12.570068288166604
0.652,0.07838403470627428,0.06570576315212569,-0.12394137882673198,0.0752322470971357,0.1421975905125087,-0.6278434109915894,-12.1608861691016,10.599595915240208,0.17584075113790548,-12.3804791309062
0.653,0.07826013083280907,0.06584764769548312,-0.1238664947032027,0.07447273510250438,0.14157238600649286,-0.6225048002699319,-10.93528746536274,9.567654859219731,0.17574974027913895,-12.182975173203054
0.654,0.07813630140066088,0.0659889097639069,-0.12379255902812242,0.07333621285493114,0.14095270037911023,-0.6168077841135667,-9.71424936073497,8.531598076292743,0.17553220782420448,-11.977930534689069
0.655,0.0780125452737444,0.06612955505335302,-0.12371994620132687,0.07182792349414172,0.14033888566473418,-0.6107650845089723,-8.499760886378404,7.493218679953741,0.17518990046856917,-11.765730620474304
0.656,0.0778888609442182,0.06626958960547102,-0.1236490253133164,0.06995324183263475,0.13973128123631226,-0.6043893021750261,-7.293736194181379,6.454269676220619,0.1747247503317115,-11.54677097220942
0.657,0.07776524653785913,0.06640901979500334,-0.12358016001572973,0.06771767007172164,0.13913021392704397,-0.5976929157711576,-6.098012389941086,5.416460779122969,0.17413886259500505,-11.321456107231265
0.658,0.07764169981956424,0.06654785231730671,-0.12351370839607535,0.06512683356935217,0.13853599815276751,-0.5906882812684516,-4.914347875425159,4.381455639947037,0.17343450318600992,-11.090198350901236
0.659,0.07751821819897575,0.06668609417599625,-0.12345002285666959,0.06218647665929315,0.13794893603490035,-0.5833876314681433,-3.744421181900509,3.3508694867618916,0.17261408657921762,-10.853416667073908
0.66,0.07739479873622503,0.06682375267071264,-0.1233894499977301,0.058902458521233186,0.13736931752379444,-0.5758030756526958,-2.5898302753978193,2.3262671681647875,0.1716801637787157,-10.611535491433724
0.661,0.07727143814779143,0.06696083538501289,-0.12333233050457364,0.05528074910136742,0.1367974205223791,-0.567946599355355,-1.452092311885405,1.3091615927312266,0.17063541054347636,-10.36498357221302
0.662,0.07714813281247196,0.06709735017438484,-0.12327899903886853,0.05132742508304604,0.1362335110099813,-0.5598300642348181,-0.33264381865151194,0.30101255334174576,0.16948261591109692,-10.114192822559122
0.663,0.07702487877745756,0.06723330515438547,-0.12322978413389142,0.04704866590705474,0.13567784316622378,-0.5514652080423014,0.7671587234619501,-0.6967740766104854,0.16822467107083322,-9.859597188555089
0.664,0.07690167176451228,0.06736870868890313,-0.12318500809373929,0.04245074984109677,0.1351306594949153,-0.5428636446689619,1.8460379237715632,-1.6828467901446635,0.16686455863174526,-9.60163153662114
0.665,0.07677850717625115,0.06750356937854368,-0.12314498689644722,0.03754005009806939,0.1345921909478573,-0.5340368642622674,2.902794179443422,-2.6559085536331724,0.16540534232673174,-9.340730563735614
0.666,0.07665538010251313,0.06763789604914035,-0.12311003010096418,0.032323031002697206,0.13406265704850523,-0.5249962334005173,3.936304056226028,-3.614716592355775,0.16385015718820697,-9.077327733618567
0.667,0.07653228532682513,0.06777169774038702,-0.12308044075793759,0.026806244206125016,0.13354226601542976,-0.5157529953153233,4.945518382129919,-4.5580818748328165,0.1622022002261919,-8.811854241720738
0.668,0.07640921733295329,0.06790498369459515,-0.12305651532426012,0.020996324948035702,0.13303121488553604,-0.5063182701524125,5.92946008461335,-5.484868317519547,0.16046472163469258,-8.544738011559144
0.669,0.07628617031153798,0.0680377633455734,-0.1230385435813301,0.014899988365903429,0.13252968963700656,-0.4967030552617128,6.887221802313643,-6.393991732714617,0.15864101654741897,-8.27640272464091
0.67,0.07616313816680857,0.06817004630763046,-0.1230268085569798,0.008524025850951371,0.13203786531194286,-0.4869182255081689,7.817963302681349,-7.284418543666617,0.15673441735920957,-8.00726688592076
0.671,0.07604011452337456,0.06830184236470002,-0.12302158645102446,0.001875301450423643,0.13155590613868962,-0.4769745335953131,8.72090873703651,-8.155164291854712,0.15474828662494805,-7.737742926448828
0.672,0.07591709273308933,0.0684331614595881,-0.1230231465643858,-0.005039251684238435,0.13108396565383162,-0.4668826103940833,9.59534376458381,-9.005291962278642,0.1526860105433377,-7.46823634458566
0.673,0.07579406588198301,0.06856401368334207,-0.1230317512317449,-0.012212634803720064,0.13062218682386262,-0.45665296526988963,10.440612576812908,-9.833910153330933,0.15055099302861416,-7.199144886890972
0.674,0.07567102679726087,0.06869440926474144,-0.12304765575767858,-0.019637787022052666,0.1301707021665302,-0.44629598640139917,11.256114853469457,-10.640171118434104,0.1483466503691616,-6.93085776953812
0.675,0.07554796805436402,0.06882435855990944,-0.12307110835623485,-0.027307588733120947,0.1297296338718692,-0.43582194108499117,12.041302680935196,-11.423268707127233,0.1460764064680343,-6.6637549408627805
0.676,0.07542488198408867,0.06895387204204584,-0.12310235009390233,-0.035214864982864504,0.12929909392293956,-0.42524097601923866,12.795677463403326,-12.182436233677832,0.14374368865658504,-6.398206385428722
0.677,0.07530176067976085,0.06908296029128015,-0.12314161483593032,-0.04335238879755088,0.12887918421629263,-0.41456311756426223,13.518786856686928,-12.916944301582008,0.14135192406876937,-6.134571469784143
0.678,0.07517859600446306,0.06921163398464533,-0.12318912919595496,-0.05171288446851696,0.1284699966821915,-0.4037982719711776,14.210221753866964,-13.626098612509326,0.13890453656020818,-5.87319832988961
0.679,0.07505537959830971,0.06933990388617145,-0.12324511248888864,-0.06028903079376576,0.12807161340461992,-0.3929562255772938,14.869613351270894,-14.309237788344706,0.13640494415277854,-5.614423300026575
0.68,0.07493210288576815,0.06946778083709934,-0.1233097766870299,-0.06907346427679438,0.12768410674111433,-0.38204664496311336,15.496630322490955,-14.965731234994102,0.13385655698231488,-5.358570382839852
0.681,0.0748087570830218,0.06959527574621405,-0.12338332637935022,-0.0780587822830472,0.127307539442459,-0.37107907706754906,16.09097612729499,-15.59497707654401,0.13126277572397424,-5.105950760032655
0.682,0.07468533320537254,0.06972239958029783,-0.12346595873391707,-0.08723754615435757,0.12694196477228897,-0.3600629492581921,16.65238648136511,-16.196400188208543,0.12862699046692094,-4.856862343117491
0.683,0.07456182207467914,0.06984916335470288,-0.12355786346340998,-0.09660228428176809,0.12658742662664574,-0.34900756935377486,17.180627011818505,-16.769450356258446,0.12595258000720888,-4.611589363529496
0.684,0.07443821432682862,0.06997557812404338,-0.12365922279368903,-0.1061454951370938,0.12624395965353627,-0.33792212559637397,17.675491122422866,-17.313600592805365,0.12324291152508703,-4.370402001331622
0.685,0.0743145004192375,0.07010165497300742,-0.12377021143537428,-0.11585965026360576,0.12591158937254462,-0.3268156865712019,18.136798091316614,-17.828345632911486,0.12050134061040031,-4.133556051682592
0.686,0.07419067063838004,0.07022740500728826,-0.12389099655839568,-0.12573719722619678,0.12559033229455205,-0.3156972010722071,18.56439142287153,-18.313200640997557,0.11773121159732762,-3.901292628199907
0.687,0.07406671510734043,0.07035283934463565,-0.12402173776947305,-0.1357705625214017,0.1252801960416182,-0.3045754979119866,18.95813747410433,-18.767700152942844,0.11493585816733402,-3.673837902326551
0.6880000000000001,0.07394262379338601,0.07047796910602705,-0.12416258709248619,-0.1459521544476313,0.12498117946708123,-0.29345928567485946,19.317924374727692,-19.191397279579572,0.11211860417696934,-3.45140287780764
0.6890000000000001,0.0738183865155588,0.07060280540695901,-0.12431368895169535,-0.15627436593598448,0.1246932727759338,-0.2823571524122318,19.64366125854218,-19.58386319649307,0.10928276466496785,-3.23418319939417
0.6900000000000001,0.07369399295228228,0.07072735934885924,-0.12447518015777313,-0.1667295773419939,0.12441645764553219,-0.2712775652796958,19.935277822386762,-19.944686944122786,0.10643164699100999,-3.022358994919198
0.6910000000000001,0.07356943264898085,0.07085164201061933,-0.12464718989660849,-0.17731015919866017,0.12415070734669834,-0.2602288701155767,20.192724227277996,-20.273475561106448,0.1035685520565188,-2.8160947499358078
0.6920000000000001,0.07344469502570905,0.07097566444024912,-0.12482983972084488,-0.1880084749311338,0.123895986865272,-0.2492192909609204,20.415971354669143,-20.569854572610527,0.10069677555592886,-2.6155392141623315
0.6930000000000001,0.0733197693847879,0.07109943764665265,-0.12502324354411387,-0.19881688353339047,0.12365225302417238,-0.2382569295211863,20.605011428926122,-20.833468854015024,0.09781960920505493,-2.4208253390512238
0.6940000000000001,0.07319464491844571,0.07122297259152643,-0.1252275076379265,-0.20972774220724635,0.12341945460602695,-0.22734976457016873,20.759859015137067,-21.063983888755597,0.09494034189146786,-2.232070245880588
0.6950000000000001,0.07306931071646067,0.07134628018138081,-0.12544273063118513,-0.2207334089640669,0.12319753247642513,-0.2165056512969021,20.880552399223014,-21.26108743734219,0.0920622606901755,-2.0493752238607774
0.6960000000000001,0.07294375577380255,0.07146937125968483,-0.12566900351227855,-0.23182624518950232,0.12298641970785272,-0.20573232059657284,20.967155354979027,-21.424491632543305,0.08918865168644234,-1.8728257578516998
0.6970000000000001,0.07281796899827123,0.07159225659913536,-0.12590640963372304,-0.24299861817160132,0.12278604170436329,-0.19503737830665807,21.019759300121656,-21.55393551341537,0.08632280054627672,-1.7024915853999982
0.6980000000000001,0.07269193921812907,0.07171494689405135,-0.1261550247193141,-0.25424290359262985,0.12259631632704021,-0.1844283043897695,21.038485840627892,-21.6491880082367,0.08346799277397883,-1.5384267829236624
0.6990000000000001,0.07256565518972512,0.07183745275289397,-0.12641491687375125,-0.26555148798493994,0.12241715402030136,-0.17391245206485367,21.023489699588662,-21.71005137342862,0.08062751359525394,-1.3806698809997864
0.7000000000000001,0.07243910560510836,0.07195978469091338,-0.12668614659470132,-0.27691677115121716,0.12224845793909841,-0.16349704688863964,20.974962023441773,-21.73636509217823,0.07780464740374168,-1.2292440088411292
0.7010000000000001,0.07231227909962767,0.07208195312292334,-0.12696876678726424,-0.288331168549436,0.12209012407705808,-0.15318918578939317,20.893134054756572,-21.728010232663184,0.0750026767084861,-1.084157068183178
0.7020000000000001,0.0721851642595162,0.07220396835620439,-0.1272628227808061,-0.2997871136428542,0.12194204139561249,-0.14299583605523275,20.778281156683597,-21.684914261472503,0.07222488051990304,-0.9454019369397981
0.7030000000000001,0.07205774962945774,0.07232584058353647,-0.12756835234812514,-0.3112770602153736,0.12180409195416386,-0.13292383427943588,20.630727169717613,-21.60705630296032,0.06947453211226767,-0.8129567031241328
0.7040000000000001,0.07193002372013266,0.07244757987636269,-0.1278853857269156,-0.32279348465257973,0.12167615104132282,-0.12297988526533388,20.450849076510266,-21.494472829800795,0.06675489610169166,-0.6867849296666395
0.7050000000000001,0.07180197501574147,0.07256919617808433,-0.1282139456434959,-0.3343288881887963,0.12155808730726256,-0.11317056089354072,20.239081945071476,-21.347263763869847,0.0640692247801401,-0.5668359508964531
0.7060000000000001,0.07167359198150325,0.07269069929748932,-0.1285540473387667,-0.3458757991204582,0.1214497628972217,-0.10350229895441909,19.995924114760754,-21.165598959684303,0.06142075364822408,-0.4530452015798472
0.7070000000000001,0.0715448630711273,0.07281209890231438,-0.128905698596366,-0.35742677498612785,0.12135103358619237,-0.09398140194881921,19.72194258295772,-20.949725034915975,0.058812696092553164,-0.3453345795305577
0.7080000000000001,0.07141577673425535,0.07293340451294267,-0.12926889977298722,-0.36897440471346077,0.121261748914821,-0.08461403586025751,19.41777854315058,-20.699972503875046,0.056248237157307715,-0.2436128429169614
0.7090000000000001,0.07128632142387248,0.07305462549623792,-0.12964364383082838,-0.38051131073343786,0.12118175232655028,-0.07540622890181248,19.084153017348616,-20.4167631602411,0.05373052636464534,-0.1477760434902795
0.7100000000000001,0.07115648560368448,0.07317577105951635,-0.13002991637213882,-0.392030151062165,0.12111088130602544,-0.0663638702411371,18.721872517152992,-20.10061764461896,0.0512626695446541,-0.05770799703950835
0.7110000000000001,0.07102625775545979,0.07329685024465751,-0.13042769567583196,-0.40352362135055103,0.12104896751878523,-0.05749270870707529,18.331834658447665,-19.7521631206035,0.04884771964300348,0.026719207556748947
0.7120000000000001,0.07089562638633347,0.07341787192235566,-0.13083695273613163,-0.4149844569021604,0.12099583695225334,-0.04879835148146694,17.91503364444362,-19.37214096985199,0.04648866648337243,0.10564465927099909
0.7130000000000001,0.07076458003607192,0.0735388447865127,-0.13125765130322045,-0.42640543465954867,0.12095131005804444,-0.0402862627797948,17.472565520663196,-18.961414402070368,0.0441884254723809,0.17921803443466722
0.7140000000000001,0.07063310728429566,0.07365977734877398,-0.13168974792585908,-0.4377793751593716,0.1209152018955936,-0.03196176252441468,17.005633093314753,-18.5209758596936,0.041949825247258134,0.24759896340462967
0.7150000000000001,0.0705011967576587,0.07378067793320855,-0.1321331919959448,-0.44909914445656474,0.12088732227711439,-0.02383002501415088,16.51555038932755,-18.051954079264508,0.039775594281151905,0.3109563530333073
0.7160000000000001,0.0703688371369823,0.073901554671135,-0.13258792579497938,-0.4603576560178907,0.12086747591388765,-0.015896077594099778,16.003746522010477,-17.5556206519423,0.037668346477996606,0.36946766368132455
0.7170000000000001,0.07023601716434136,0.07402241549609413,-0.13305388454241468,-0.4715478725851337,0.12085546256387879,-0.00816479932952896,15.471768810807774,-17.03339590407076,0.035630565808526325,0.4233181396541823
0.7180000000000001,0.07010272565010148,0.07414326813897008,-0.13353099644584698,-0.4826628080082394,0.12085107718067756,-0.0006409196877770196,14.921284986869976,-16.486853895148986,0.03366459006159988,0.47269999214089065
0.7190000000000001,0.06996895147990502,0.07426412012326093,-0.1340191827530293,-0.4936955290486832,0.12085411006375019,0.006670982767911671,14.354084298072005,-15.917726304723457,0.03177259381082803,0.5178115339902276
0.7200000000000001,0.06983468362160415,0.07438497876050029,-0.13451835780567206,-0.504639157153338,0.12086434700998991,0.013766481668662012,13.772077307615108,-15.327904951490959,0.02995657072587707,0.5588562659877467
0.7210000000000001,0.0696999111321393,0.07450585114583097,-0.13502842909500357,-0.5154868701991413,0.1208815694665488,0.020641304110421366,13.177294159374725,-14.719442657100162,0.028218315391138803,0.5960419147010956
0.7220000000000001,0.06956462316436107,0.07462674415373223,-0.13554929731906012,-0.5262319042088195,0.12090555468492763,0.02729133190063443,12.571881060625234,-14.094552133583564,0.026559404832071958,0.6295794224543152
0.7230000000000001,0.06942880897379416,0.07474766443390166,-0.13608085644167775,-0.5368675550379544,0.12093607587629968,0.03371260277722682,11.958094708616056,-13.455602536861127,0.024981179991863875,0.6596818905795363
0.7240000000000001,0.0692924579253413,0.07486861840729302,-0.13662299375315684,-0.5473871800336668,0.12097290236803755,0.039901311595997024,11.338294361614114,-12.805113289135578,0.02348472744853898,0.6865634777927239
0.7250000000000001,0.0691555594999258,0.07498961226231124,-0.13717558993257115,-0.5577841996651757,0.12101579976141,0.04585381148254852,10.714931227404692,-12.145744730060212,0.022070861715750803,0.7104382563550278
0.7260000000000001,0.06901810330107092,0.07511065195116556,-0.13773851911169374,-0.5680520991265107,0.12106453009041175,0.0515666149449448,10.090534812780714,-11.48028511009339,0.02074010852968878,0.731519029629381
0.727,0.06888007906141458,0.07523174318638222,-0.13831164894051146,-0.5781844299116383,0.12111885198168428,0.057036394943324076,9.467695846196454,-10.811633389265326,0.019492689590354977,0.7500161157333923
0.728,0.06874147664915772,0.07535289143747738,-0.13889484065430133,-0.588174811362265,0.12117852081548366,0.06225998591275528,8.849045352454297,-10.142777250461188,0.018328509298443162,0.7661361032389221
0.729,0.06860228607444485,0.07547410192779178,-0.1394879491422405,-0.5980169321885717,0.1212432888876457,0.06723438473570792,8.237229422989898,-9.476765678071777,0.017247144109764818,0.7800805862912188
0.73,0.06846249749567519,0.07559537963148755,-0.14009082301752418,-0.6077045519631468,0.12131290557249755,0.07195675166056292,7.63487918797771,-8.816675390269808,0.016247835218199023,0.7920448881289206
0.731,0.06832210122574296,0.07571672927070867,-0.14070330468896397,-0.6172315025883628,0.1213871174866589,0.076424411162695,7.044575457074535,-8.16557034604676,0.015329485376120697,0.8022167837989799
0.732,0.06818108773820541,0.07583815531290546,-0.14132523043404013,-0.6265916897374545,0.12146566865367435,0.08063485274473742,6.468807454137973,-7.5264534762994595,0.014490660768823842,0.8107752348915752
0.733,0.06803944767337701,0.07595966196832406,-0.14195643047338233,-0.6357790942695443,0.12154830066941436,0.08458573167273709,5.909925027702851,-6.9022097115102685,0.013729598977258608,0.8178891513878228
0.734,0.0678971718443484,0.07608125318766192,-0.14259672904665227,-0.6447877736188621,0.12163475286817856,0.0882748696450234,5.370083673402416,-6.2955392967658055,0.013044224192128986,0.8237161982340667
0.735,0.06775425124292901,0.07620293265988934,-0.14324594448980257,-0.6536118631584077,0.12172476248943367,0.09170025539072185,4.851181656927726,-5.708880297864942,0.012432170982732927,0.8284016670490022
0.736,0.0676106770455114,0.07632470381023845,-0.14390388931368703,-0.6622455775382956,0.12181806484511272,0.09486004519495805,4.354788476606826,-5.1443191099689365,0.011890818076564343,0.8320774364522089
0.737,0.06746644061885657,0.07644656979835945,-0.14457037028399633,-0.6706832119990158,0.12191439348740224,0.09775256334792348,3.8820638533760707,-4.603487682581875,0.011417333771344216,0.8348610478937457
0.738,0.06732153352579866,0.07656853351664482,-0.14524518850249463,-0.6789191436598577,0.1220134803769392,0.10037630251511065,3.4336663829506775,-4.087446071578578,0.011008734780479984,0.8368549275837736
0.739,0.06717594753086764,0.07669059758872222,-0.14592813948953243,-0.6869478327827249,0.1221150560513373,0.10272992402615311,3.0096509305914885,-3.596548820560822,0.01066196050665879,0.8381457891886268
0.74,0.06702967460582902,0.07681276436811564,-0.14661901326781093,-0.6947638240115711,0.12221884979396122,0.10481225807984146,2.6093537932592517,-3.1302935601116593,0.010373964947002809,0.8388042563962268
0.741,0.06688270693513908,0.07693503593707575,-0.14731759444737366,-0.7023617475876937,0.12232458980286208,0.10662230386304833,2.2312645974631042,-2.6871500947077873,0.0101418286575657,0.8388847492803176
0.742,0.06673503692131445,0.077057414105579,-0.14802366231180145,-0.7097363205411006,0.12243200335978832,0.1081592295814146,1.872883844140103,-2.2643681234189232,0.009962893445490893,0.838425683632582
0.743,0.06658665719021511,0.07717990041049591,-0.14873699090558706,-0.7168823478581878,0.12254081699918246,0.10942237239983305,1.5305649549169278,-1.8577616124544702,0.009834922714371643,0.837450038107155
0.744,0.06643756059623927,0.0773024961149281,-0.14945734912266553,-0.7237947236259369,0.12265075667707244,0.11041123829088934,1.1993396176713325,-1.4614677056326424,0.009756290662651556,0.835966350158688
0.745,0.06628774022742911,0.07742520220771433,-0.15018450079607729,-0.7304684321528591,0.12276154793976421,0.1111255017896014,0.8727251741070962,-1.0676779236260225,0.009726203826575231,0.833970208378885
0.746,0.0661371894104865,0.07754801940310503,-0.15091820478874032,-0.7368985490668996,0.12287291609224213,0.11156500565294614,0.5425127388797547,-0.6663392652396292,0.009744958768394488,0.8314463159756513
0.747,0.06598590171569717,0.07767094814060492,-0.15165821508530927,-0.743080242390517,0.12298458636618048,0.1117297604228204,0.2306613310449369,-0.2844395935220739,0.009814013825856288,0.8283737021955151
0.748,0.06583387096176267,0.07779398858498361,-0.15240428088509794,-0.749008773593148,0.12309628408746918,0.11161994389126045,0.22269346179372118,-0.27571455266975065,0.009905241939933336,0.8250672253306157
0.749,0.06568109122053883,0.07791714062645325,-0.15315614669604313,-0.7546794986212673,0.12320773484315545,0.11123590046689186,0.2149496597207059,-0.26719801040379115,0.009997614531220224,0.8217601947817008
0.75,0.06552755682167968,0.07804040388101295,-0.1539135524296875,-0.76008786890625,0.12331866464770201,0.11057814044176117,0.20743319880405975,-0.25889657993779924,0.010091107124592468,0.8184525571624822
0.751,0.06537326235718594,0.07816377769095896,-0.1546762334971593,-0.7652294323502392,0.12342880010846242,0.10964733915785041,0.20014727144977817,-0.2508168763317881,0.010185694138733686,0.815144265646383
0.752,0.06521820268585703,0.07828726112555999,-0.15544392090612685,-0.7700998342902163,0.12353786859027185,0.10844433607275916,0.1930949879730518,-0.2429655164069763,0.010281348875281574,0.8118352799087736
0.753,0.06506237293764573,0.07841085298189646,-0.15621634135870646,-0.7746948184404832,0.12364559837905392,0.10697013372418418,0.18627937610258827,-0.23534911866509625,0.01037804350879711,0.8085255660667853
0.754,0.06490576851791431,0.07853455178586309,-0.15699321735030217,-0.7790102278137401,0.12375171884434033,0.10522589659300485,0.17970338050758206,-0.2279743032102632,0.010475749077596904,0.8052150966167658
0.755,0.06474838511159145,0.07865835579333319,-0.1577742672693555,-0.7830420056209607,0.12385596060060342,0.10321294986493845,0.1733698623470129,-0.220847691671415,0.010574435475487814,0.8019038503694633
0.756,0.06459021868722903,0.07878226299148372,-0.15855920549798547,-0.7867861961502551,0.12395805566730005,0.1009327780908883,0.16728159884091964,-0.21397590712328304,0.010674071444442174,0.7985918123830059
0.757,0.06443126550095761,0.07890627110027984,-0.1593477425134959,-0.7902389456249034,0.124057737627524,0.09838702374627528,0.1614412828633004,-0.20736557400384287,0.010774624568250618,0.7952789738937552
0.758,0.06427152210034034,0.07903037757411707,-0.16013958499073133,-0.7933965030407568,0.12415474178516912,0.09557748568978885,0.155851522556269,-0.20102331802614948,0.010876061267188908,0.7919653322451241
0.759,0.06411098532812376,0.07915457960362018,-0.1609344359052597,-0.7962552209831762,0.12424880532049967,0.09250611752215498,0.1505148409650775,-0.1949557660824292,0.010978346793733678,0.7886508908144217
0.76,0.06394965232588519,0.07927887411759656,-0.16173199463736188,-0.7988115564237023,0.12433966744403076,0.08917502584566717,0.14543367569361232,-0.18916954613827328,0.011081445229361202,0.7853356589378239
0.761,0.06378752053757565,0.07940325778514268,-0.16253195707680768,-0.8010620714966248,0.12442706954861822,0.0855864684253751,0.14061037857995085,-0.18367128711474215,0.01118531948246179,0.7820196518335405
0.762,0.06362458771295776,0.07952772701790171,-0.16333401572839873,-0.803003434255635,0.12451075535966184,0.08174285225296762,0.13604721539156206,-0.1784676187561649,0.011289931287401555,0.7787028905232716
0.763,0.06346085191093752,0.07965227797247035,-0.16413785981825788,-0.8046324194107313,0.12459047108332348,0.07764673151452917,0.13174636553971286,-0.17356517148137512,0.01139524120476166,0.775385401752029
0.764,0.06329631150278962,0.07977690655295279,-0.16494317540084594,-0.8059459090455466,0.12466596555266607,0.07330080546348328,0.1277099218126515,-0.16897057621611636,0.011501208622784129,0.7720672179064162
0.765,0.06313096517527525,0.07990160841365984,-0.1657496454666856,-0.8069408933152727,0.12473699037161814,0.06870791620017602,0.1239398901271066,-0.16469046420429034,0.011607791760051733,0.7687483769314469
0.766,0.06296481193365187,0.08002637896195082,-0.16655695005077423,-0.8076144711253379,0.12480330005667241,0.06387104635966279,0.12043818929765715,-0.160731466795722,0.011714947669428275,0.7654289222459901
0.767,0.06279785110457435,0.08015121336121593,-0.16736476634166533,-0.80796385079101,0.12486465217622694,0.05879331670940402,0.11720665082350368,-0.15710021520806033,0.011822632243284007,0.7621089026569299
0.768,0.06263008233888648,0.08027610653399692,-0.16817276879120036,-0.8079863506780816,0.12492080748747914,0.05347798365868639,0.11424701869217369,-0.15380334026041756,0.011930800220029496,0.7587883722721217
0.769,0.06246150561430262,0.08040105316524318,-0.16898062922487161,-0.8076793998247932,0.12497153007078651,0.047928436681689224,0.11156094919969395,-0.15084747207632213,0.012039405191979812,0.755467390412239
0.77,0.0622921212379786,0.0805260477057011,-0.16978801695279822,-0.807040538545157,0.12501658746140779,0.042148195656238396,0.1091500107867428,-0.1482392397535125,0.012148399614569365,0.7521460215215879
0.771,0.06212192984897137,0.08065108437543361,-0.17059459888129552,-0.806067419013825,0.1250557507785417,0.03614090812038451,0.10701568389031757,-0.14598527099809985,0.012257734816936023,0.7488243350779858
0.772,0.06195093242058672,0.08077615716746755,-0.17140003962502065,-0.8047578058326617,0.12508879485158178,0.02991034644904078,0.10515936081042032,-0.1440921917205597,0.01236736101389181,0.7455024055017799
0.773,0.06177913026261474,0.0809012598515658,-0.1722040016196755,-0.8031095765791635,0.12511549834350966,0.023460404953005276,0.10358234559129242,-0.14256662559101746,0.012477227319295646,0.7421803120641002
0.774,0.06160652502345205,0.08102638597812128,-0.1730061452352491,-0.8011207223368697,0.12513564387134843,0.016795096902781026,0.10228585391670986,-0.14141519355124,0.012587281760842058,0.738858138794424
0.775,0.06143311869211082,0.08115152888217012,-0.1738061288897813,-0.7987893482079138,0.12514901812360427,0.009918551479690119,0.10127101301885877,-0.14064451328072128,0.012697471296278082,0.735535974387542
0.776,0.06125891360011357,0.08127668168752034,-0.1746036091636302,-0.7961136738078487,0.12515541197462332,0.0028350106568439948,0.100538861600315,-0.14026119861422434,0.012807741831058927,0.7322139121100073
0.777,0.06108391242327345,0.0814018373109938,-0.17539824091422587,-0.7930920337428887,0.12515462059579566,-0.004451173987391921,0.10009034976864517,-0.1402718589080978,0.012918038237451315,0.7288920497061447
0.778,0.060908118183359714,0.08152698846677735,-0.17618967739129218,-0.7897228780697014,0.1251464435635405,-0.01193554452073653,0.09992633898316405,-0.14068309835267115,0.013028304375091488,0.7255704893037124
0.779,0.060731534249647515,0.08165212767088055,-0.17697757035252,-0.7860047727378846,0.12513068496400795,-0.019613539970379845,0.10004760201336704,-0.1415015152279756,0.013138483113003396,0.7222493373192825
0.78,0.06055416434035204,0.08177724724569635,-0.17776157017967403,-0.7819364000152542,0.1251071534944385,-0.027480499695607508,0.10045482290858998,-0.14273370110004027,0.01324851635308065,0.7189287043634334
0.781,0.06037601252394605,0.08190233932466147,-0.17854132599511696,-0.777516558896075,0.1250756625611207,-0.035531666816811636,0.10114859697842216,-0.14438623995494074,0.013358345055034105,0.7156087051458165
0.782,0.06019708322036102,0.08202739585701291,-0.17931648577873252,-0.772744165492358,0.12503603037389344,-0.04376219169798079,0.1021294307834335,-0.1464657072677774,0.013467909262805134,0.7122894583801882
0.783,0.060017381202070876,0.08215240861263738,-0.18008669648523212,-0.7676182534083483,0.12498808003713958,-0.05216713547974594,0.10339774213576092,-0.14897866900370071,0.01357714813244293,0.7089710866894683
0.784,0.05983691159505841,0.08227736918700984,-0.1808516041618273,-0.7621379740983207,0.12493163963722308,-0.06074147366001481,0.10495386010912544,-0.1519316805480874,0.013685999961442288,0.7056537165109054
0.785,0.05965567987966382,0.08240226900621765,-0.18161085406625177,-0.7563025972078037,0.12486654232632265,-0.06948009971920899,0.10679802505784963,-0.15533128556292455,0.01379440221953654,0.7023374780014187
0.786,0.059473691891314955,0.08252709933206685,-0.18236409078511628,-0.7501115108983468,0.12479262640261898,-0.07837782878708854,0.1089303886444527,-0.1591840147664211,0.013902291580938505,0.6990225049431819
0.787,0.05929095382113924,0.08265185126726668,-0.1831109583525806,-0.7435642221559405,0.12470973538679621,-0.08742940134815491,0.1113510138754219,-0.1634963846328454,0.014009603958020611,0.6957089346495213
0.788,0.059107472216456555,0.08277651576068877,-0.1838511003693248,-0.7366603570832035,0.12461771809481902,-0.09662948698257684,0.11405987514475369,-0.16827489600953138,0.014116274536423135,0.6923969078711883
0.789,0.05892325398115318,0.08290108361269735,-0.1845841601218058,-0.7293996611754437,0.12451642870695316,-0.10597268813961802,0.1170568582848791,-0.17352603264797217,0.014222237811578293,0.6890865687030734
0.79,0.05873830637593627,0.08302554548054632,-0.1853097807017811,-0.7217819995806908,0.1244057268329973,-0.1154535439405226,0.12034176062460467,-0.1792562596458924,0.01432742762663553,0.6857780644914196
0.791,0.058552637018468676,0.08314989188383991,-0.18602760512608507,-0.7138073573438176,0.12428547757369834,-0.12506653400780338,0.12391429105368668,-0.18547202179711642,0.014431777211771836,0.6824715457415966
0.792,0.05836625388338385,0.08327411321005276,-0.18673727645664095,-0.705475839634835,0.12415555157832549,-0.13480608231792435,0.1277740700937039,-0.19217974184606343,0.014535219224868973,0.6791671660264889
0.793,0.05817916530218073,0.08339819972010556,-0.187438437920694,-0.6967876719614665,0.12401582509838167,-0.1446665610743419,0.13192062997487553,-0.1993858186436178,0.014637685793537858,0.6758650818955547
0.794,0.05799137996299815,0.08352214155399254,-0.18813073303124858,-0.687743200366094,0.12386618003743242,-0.15464229459790352,0.13635341471850693,-0.2070966252011196,0.014739108558468205,0.672565452784609
0.795,0.05780290691026879,0.08364592873645683,-0.18881380570769518,-0.6783428916071707,0.12370650399703732,-0.1647275632316162,0.14107178022473588,-0.2153185066391487,0.014839418718080189,0.6692684409263732
0.796,0.057613755544252465,0.08376955118270979,-0.18948730039661044,-0.6685873333251852,0.1235366903187705,-0.17491660725681607,0.14607499436529126,-0.2240577780277755,0.014938547074452564,0.6659742112618484
0.797,0.05742393562044839,0.0838929987041904,-0.1901508621927159,-0.6584772341932696,0.12335663812232057,-0.18520363081779895,0.1513622370809693,-0.2333207221148866,0.015036424080500401,0.6626829313525486
0.798,0.057233457248886545,0.08401626101436077,-0.1908041369599797,-0.6480134240525331,0.12316625233966302,-0.19558280585199894,0.15693260048355184,-0.24311358693916177,0.015132979888373501,0.65939477129364
0.799,0.057042330893297806,0.08413932773453393,-0.19144677145284564,-0.637196854032202,0.12296544374530062,-0.20604827602282466,0.16278508896191557,-0.2534425833242603,0.015228144399044853,0.6561099036280257
0.8,0.05685056737016282,0.08426218839972979,-0.1920784134375752,-0.6260285966546528,0.12275412898257101,-0.21659416065230525,0.16891861929207308,-0.2643138822507054,0.01532184731305689,0.6528285032614125
0.801,0.05665817784763946,0.08438483246455547,-0.19269871181368703,-0.6145098459254065,0.12253223058602314,-0.22721455865073015,0.17533202075092708,-0.27573361210195896,0.015414018182391413,0.6495507473783954
0.802,0.056465173844368846,0.08450724930910614,-0.19330731673547866,-0.6026419174081631,0.1222996769998661,-0.23790355244049632,0.18202403523351224,-0.28770785578111546,0.015504586463427356,0.6462768153595895
0.803,0.0562715672281597,0.08462942824488219,-0.19390387973361617,-0.5904262482849488,0.12205640259249877,-0.2486552118714287,0.18899331737352282,-0.30024264769462333,0.015593481570949076,0.6430068886998421
0.804,0.05607737021455127,0.08475135852071912,-0.1944880538367763,-0.5778643974014476,0.12180234766712932,-0.2594635981248605,0.1962384346669368,-0.3133439705994086,0.01568063293316581,0.6397411509275512
0.805,0.055882595365254376,0.08487302932872597,-0.19505949369332662,-0.5649580452975743,0.12153745846849723,-0.27032276760382645,0.20375786759856612,-0.3270177523097552,0.01576597004770166,0.6364797875251135
0.806,0.05568725558647094,0.08499442981022867,-0.19561785569302897,-0.551708994223367,0.12126168718571319,-0.2812267758067428,0.2115500097713625,-0.341269862260245,0.015849422538513645,0.6332229858505237
0.807,0.05549136412709169,0.08511554906171417,-0.1961627980887515,-0.5381191681402521,0.120974991951235,-0.2921696811820013,0.21961316803834402,-0.3561061079210672,0.015930920213693734,0.6299709350601512
0.808,0.055294934576772266,0.08523637614077167,-0.19669398111817443,-0.5241906127077406,0.12067733683599899,-0.30314554896095247,0.22794556263700105,-0.37153223106195654,0.016010393124109276,0.6267238260327004
0.809,0.05509798086388747,0.08535690007202709,-0.19721106712547568,-0.5099254952556206,0.12036869184073054,-0.31414845496678934,0.23654532732606554,-0.3875539038610125,0.016087771622834732,0.6234818512943783
0.81,0.05490051725336402,0.0854771098530669,-0.1977137206829809,-0.49532610474169253,0.12004903288345875,-0.3251724893968964,0.24541050952453847,-0.404176724854634,0.016162986425325866,0.6202452049452784
0.811,0.054702558344391555,0.08559699446034767,-0.1982016087127648,-0.480394851695098,0.11971834178326317,-0.3362117605762733,0.25453907045288887,-0.4214062147247963,0.016235968670286413,0.6170140825869896
0.812,0.05450411906801209,0.0857165428550874,-0.19867440060818764,-0.465134268145302,0.11937660624028204,-0.3472603986796819,0.26392888527633396,-0.43924781191986145,0.01630664998117532,0.613788681251439
0.8130000000000001,0.054305214684588085,0.08583574398913502,-0.1991317683553545,-0.4495470075367637,0.11902381981201582,-0.35831255942022294,0.27357774325015016,-0.45770686810515077,0.01637496252830178,0.610569199330975
0.8140000000000001,0.054105860781148894,0.0859545868108144,-0.19957338665448152,-0.4336358446293425,0.11865998188595904,-0.3693624277020873,0.28348334786695567,-0.47678864343947286,0.01644083909145329,0.6073558365096898
0.8150000000000001,0.05390607326861612,0.08607306027073912,-0.19999893304115543,-0.41740367538448986,0.11828509764859882,-0.38040422123526607,0.29364331700592117,-0.4964983016738093,0.01650421312300109,0.6041487936959855
0.8160000000000001,0.05370586837890757,0.0861911533275945,-0.20040808800747265,-0.40085351683725073,0.11789917805081815,-0.3914321941100677,0.30405518308389357,-0.5168409050683987,0.016565018811425705,0.6009482729563786
0.8170000000000001,0.053505262661920294,0.08630885495388316,-0.2008005351230427,-0.3839885069541269,0.11750223976974615,-0.40244064032931187,0.31471639320840794,-0.5378214091244361,0.01662319114520414,0.5977544774505439
0.8180000000000001,0.05330427298239262,0.0864261541416308,-0.20117596115584277,-0.36681190447682255,0.11709430516709754,-0.4134238972961306,0.32562430933259207,-0.5594446571266626,0.016678665976999078,0.5945676113675853
0.8190000000000001,0.0531029165166454,0.08654303990804843,-0.20153405619290912,-0.3493270887519149,0.11667540224404799,-0.42437634925534334,0.3367762084119675,-0.5817153744931246,0.016731380088089075,0.591387879863531
0.8200000000000001,0.052901210749202725,0.08665950130114791,-0.2018745137608506,-0.33153755954647207,0.1162455645926916,-0.4352924306864084,0.34816928256317314,-0.6046381629284436,0.01678127125297764,0.5882154890000402
0.8210000000000001,0.05269917346929213,0.08677552740530715,-0.20219703094617145,-0.31344693684964303,0.11580483134413089,-0.44616662964601095,0.3598006392246421,-0.6282174943769676,0.01682827830411812,0.5850506456843083
0.8220000000000001,0.05249682276722464,0.08689110734678178,-0.20250130851538808,-0.29505896066025433,0.11535324711324989,-0.45699349105836296,0.37166730131926834,-0.6524577047722298,0.016872341196689886,0.5818935576101588
0.8230000000000001,0.0522941770306548,0.08700623029915999,-0.20278705103492692,-0.27637749076041895,0.11489086194022391,-0.46776761995135335,0.3837662074191296,-0.6773629875792341,0.01691340107336062,0.5787444332003042
0.8240000000000001,0.052091254940720894,0.08712088548875722,-0.20305396699078837,-0.2574065064751923,0.114417731228821,-0.47848368463670393,0.3960942119123147,-0.7029373871261146,0.016951400328968302,0.5756034815497582
0.8250000000000001,0.051888075468065654,0.08723506219994756,-0.20330176890796423,-0.23815010641827802,0.11393391568155234,-0.4891364198323386,0.40864808517194284,-0.7291847917218575,0.0169862826750557,0.5724709123703793
0.8260000000000001,0.05168465786873767,0.08734874978042881,-0.20353017346959307,-0.2186125082238086,0.11343948123172923,-0.4997206297251881,0.4214245137274465,-0.7561089265568268,0.01701799320418907,0.5693469359365255
0.8270000000000001,0.05148102167997377,0.08746193764641803,-0.20373890163584077,-0.19879804826420144,0.11293449897248836,-0.5102311909727075,0.43442010043822116,-0.7837133463829865,0.017046478453992153,0.566231763031796
0.8280000000000001,0.05127718671586268,0.08757461528777466,-0.20392767876249204,-0.17871118135410946,0.11241904508284666,-0.5206630556413965,0.44763136466973297,-0.8120014279708001,0.017071686470825655,0.563125604896834
0.8290000000000001,0.05107317306289022,0.08768677227304816,-0.20409623471923882,-0.1583564804404635,0.11189320075084982,-0.531011254080654,0.4610547424722031,-0.8409763623399636,0.017093566873041723,0.5600286731781676
0.8300000000000001,0.050869001075366405,0.0877983982544475,-0.20424430400765164,-0.1377386362786181,0.11135705209388007,-0.5412708977303146,0.47468658676198094,-0.8706411467612549,0.01711207091374204,0.5569411798780575
0.8310000000000001,0.05066469137073474,0.08790948297272944,-0.2043716258788206,-0.11686245709459178,0.1108106900761903,-0.5514371818602626,0.48852316750574076,-0.9009985765269788,0.01712715154296799,0.5538633373053253
0.8320000000000001,0.05046026482476392,0.08802001626200304,-0.2044779444506512,-0.09573286823341302,0.11025421042373287,-0.5615053882405138,0.5025606719076234,-0.9320512364876428,0.0171387634692502,0.5507953580271282
0.8330000000000001,0.050255742566622665,0.08812998805444767,-0.2045630088248015,-0.07435491179355533,0.10968771353635426,-0.5714708877402057,0.5167952045994821,-0.963801492352748,0.017146863220444706,0.5477374548216533
0.8340000000000001,0.050051145973837516,0.088239388384942,-0.20462657320324756,-0.05273374624746682,0.10911130439742653,-0.5813291428539489,0.5312227878343624,-0.996251481753757,0.01715140920378251,0.5446898406316923
0.8350000000000001,0.0498464966671345,0.08834820739560117,-0.20466839700446118,-0.030874646048171108,0.10852509248098942,-0.5910757101540067,0.5458393616833912,-1.0294031050675911,0.017152361765058445,0.5416527285190682
0.8360000000000001,0.049641816505164624,0.08845643534022019,-0.20468824497918872,-0.008783001221946292,0.1079291916564783,-0.6007062426668015,0.5606407842362191,-1.0632580159992295,0.017149683246885723,0.5386263316198728
0.8370000000000001,0.04943712757911395,0.08856406258862054,-0.20468588732581422,0.013535683052953218,0.1073237200911136,-0.6102164921722548,0.5756228318052033,-1.097817611922321,0.017143338045941474,0.5356108631004849
0.8380000000000001,0.04923245220719845,0.08867107963089833,-0.20466109980529526,0.03607578688152831,0.10670880015003066,-0.6196023114244892,0.5907811991334875,-1.1330830239769683,0.01713329266912903,0.5326065361143253
0.8390000000000001,0.04902781292904408,0.08877747708157134,-0.2046136638556563,0.05883157610125479,0.10608455829422812,-0.6288596562924338,0.6061114996071719,-1.16905510692424,0.017119515788582236,0.529613563759313
0.8400000000000001,0.04882323249995275,0.08888324568362295,-0.20454336670602546,0.08179720274530572,0.10545112497641698,-0.6379845878188912,0.6216092654717584,-1.2057344287572833,0.017101978295437012,0.526632159035986
0.8410000000000001,0.0486187338850543,0.08898837631244094,-0.20445000149020176,0.10496670551979831,0.10480863453485159,-0.6469732741966343,0.6372699480530521,-1.2431212600692985,0.017080653352295732,0.5236625348062403
0.8420000000000001,0.04841434025334534,0.0890928599796492,-0.20433336735973748,0.12833401029510108,0.1041572250852269,-0.6558219926601143,0.6530889179827297,-1.2812155631790743,0.01705551644430954,0.5207049037526515
0.8430000000000001,0.0482100749716151,0.08919668783683027,-0.20419326959652226,0.15189293061122044,0.10349703841072629,-0.6645271312913736,0.6690614654287621,-1.3200169810151843,0.017026545428804357,0.5177594783383356
0.8440000000000001,0.048005961598259046,0.08929985117913711,-0.20402951972485525,0.1756371681973079,0.10282821985030771,-0.6730851907387705,0.6851828003309085,-1.3595248257604482,0.016993720583376403,0.5148264707673051
0.8450000000000001,0.047802023876980626,0.08940234144879239,-0.20384193562299,0.19956031350531137,0.10215091818531453,-0.6814927858471169,0.7014480526414779,-1.3997380672587203,0.0169570246523831,0.5119060929452801
0.8460000000000001,0.04759828573038178,0.08950415023847345,-0.20363034163413904,0.22365584625782126,0.10146528552450151,-0.6897466471978694,0.7178522725715858,-1.4406553211866424,0.01691644289175611,0.5089985564409087
0.8470000000000001,0.04739477125344275,0.08960526929458164,-0.20339456867692338,0.24791713601013665,0.10077147718756625,-0.6978436225579842,0.7343904308431122,-1.4822748369935075,0.01687196311206321,0.506104072447356
0.8480000000000001,0.04719150470689159,0.08970569052039441,-0.2031344543552529,0.2723374427266052,0.10006965158727753,-0.7057806782360931,0.7510574189465852,-1.5245944856130167,0.016823575719746606,0.5032228517442113
0.8490000000000001,0.046988510510464265,0.08980540597909893,-0.20284984306762302,0.2969099173712709,0.0993599701102948,-0.7135549003446324,0.7678480494052138,-1.5676117469512987,0.01677127375646563,0.500355104659677
0.8500000000000001,0.046785813236055636,0.0899044078967058,-0.20254058611581385,0.32162760251289063,0.09864259699677323,-0.7211634959665938,0.7847570560453034,-1.611323697156267,0.0167150529364727,0.497501041032988
0.8510000000000001,0.04658343760076208,0.09000268866484201,-0.20220654181297684,0.3464834329443507,0.09791769921884959,-0.7286037942255432,0.8017790942732659,-1.6557269956740168,0.01665491168195189,0.49466087017701665
0.8520000000000001,0.046381408459816316,0.09010024084342161,-0.20184757559109495,0.37147023631655196,0.09718544635810775,-0.7358732472575973,0.818908741359478,-1.7008178720987668,0.016590851156250697,0.4918348008410229
0.8530000000000001,0.04617975079941516,0.09019705716319357,-0.20146356010780175,0.3965807337868105,0.09644601048212147,-0.7429694310840228,0.8361404967292092,-1.7465921128235653,0.01652287529493611,0.48902304117349726
0.8540000000000001,0.04597848972944067,0.09029313052816568,-0.2010543753525447,0.4218075406818309,0.09569956602017479,-0.7498900463831548,0.8534687822608598,-1.7930450474997954,0.01645099083460742,0.486225798685056
0.8550000000000001,0.04577765047607561,0.0903884540179038,-0.2006199087520779,0.4471431671753132,0.09494628963826145,-0.7566329191603288,0.8708879425917484,-1.8401715353143595,0.01637520733939911,0.48344328021134014
0.8560000000000001,0.04557725837431359,0.09048302088970585,-0.20016005527527073,0.4725800189802561,0.09418636011346587,-0.7631960013145378,0.8883922454316907,-1.8879659510942919,0.016295537225108552,0.4806756918758731
0.8570000000000001,0.04537733886036492,0.0905768245806498,-0.19967471753721566,0.4981103980560235,0.09341995820782982,-0.7695773711005363,0.9059758818846138,-1.936422171249465,0.016211995780884236,0.477923239052832
0.8580000000000001,0.045177917463958585,0.09066985870951548,-0.1991638059026226,0.5237265033302326,0.09264726654180944,-0.7757752334851152,0.9236329667784413,-1.9855335595649863,0.016124601188411868,0.47518612632968527
0.859,0.04497901980054126,0.09076211707857947,-0.19862723858848327,0.5494204314355443,0.09186846946742987,-0.7817879203963093,0.9413575390035083,-2.0352929528558987,0.016033374538537006,0.47246455746965355
0.86,0.04478067156337394,0.09085359367528331,-0.1980649417659916,0.5751841774614332,0.09108375294124407,-0.7876138908642858,0.9591435618597485,-2.0856926464978187,0.015938339845264417,0.4697587353739439
0.861,0.04458289851552716,0.09094428267377434,-0.19747684966170478,0.6010096357209759,0.09029330439720631,-0.7932517310526981,0.9769849234128836,-2.1367243798481197,0.015839524057076032,0.46706886204371995
0.862,0.044385726481775405,0.0910341784363196,-0.19686290465793002,0.6268886005327902,0.08949731261956897,-0.7987001541793083,0.9948754368598979,-2.1883793215735308,0.015736957065511044,0.4643951385417555
0.863,0.04418918134039141,0.09112327551459262,-0.19622305739232151,0.6528127670181634,0.0886959676159145,-0.8039580003246879,1.0128088409040177,-2.240648054900986,0.015630671710953475,0.46173776495372987
0.864,0.043993289014841355,0.09121156865083337,-0.19555726685667307,0.6787737319134677,0.0878894604904354,-0.8090242361278464,1.030778800139457,-2.2935205628098,0.015520703785574535,0.4590969403491215
0.865,0.04379807546538176,0.09129905277888165,-0.19486550049489024,0.7047629943979465,0.08707798331757569,-0.8138979543676503,1.048778905446183,-2.3469862131844264,0.015407092033378903,0.4564728627416571
0.866,0.043603566680558634,0.09138572302508434,-0.19414773430012722,0.7307719569369583,0.08626172901614815,-0.8185783734289303,1.0668026743949395,-2.4010337439482763,0.01528987814730639,0.4538657290492689
0.867,0.04340978866861007,0.09147157470907712,-0.19340395291107268,0.7567919261407684,0.08544089122404386,-0.8230648366522006,1.0848435516627952,-2.455651248200332,0.015169106763342353,0.45127573505352053
0.868,0.04321676744877288,0.0915566033444411,-0.19263414970736875,0.7828141136389807,0.08461566417365045,-0.8273568115659491,1.1028949094594487,-2.5108261593775385,0.015044825451592572,0.44870307535845855
0.869,0.04302452904249438,0.09164080463923549,-0.19183832690414812,0.808829636970708,0.08378624256809736,-0.831453889000497,1.1209500479645578,-2.566545236467316,0.0149170847042809,0.44614794334884667
0.87,0.04283309946454992,0.09172417449640675,-0.1910164956456728,0.834829520490572,0.08295282145844682,-0.8353557820824584,1.1390021957763279,-2.6227945492957847,0.014785937920630005,0.4436105311477422
0.871,0.042642504714067345,0.0918067090140756,-0.19016867609805885,0.8608046962906395,0.08211559612195027,-0.83906232510888,1.1570445103716167,-2.6795594639186944,0.014651441388588371,0.44109102957337437
0.872,0.04245277076545919,0.09188840448570282,-0.18929489754107146,0.8867460051383967,0.0812747619414915,-0.8425734723001872,1.1750700785778023,-2.736824628143376,0.01451365426336937,0.43858962809528285
0.873,0.04226392355926351,0.09196925740013515,-0.1883951984589738,0.9126441974308614,0.08043051428633755,-0.845889296431106,1.1930719170566562,-2.7945739572113837,0.014372638542770728,0.43610651478967966
0.874,0.042075988992894324,0.09204926444153264,-0.1874696266304135,0.9384899341649485,0.07958304839431994,-0.8490099873387942,1.2110429728004748,-2.852790619672908,0.014228459039245696,0.4336418762939926
0.875,0.041888992911302755,0.09212842248917891,-0.18651823921733093,0.9642737879241942,0.07873255925556986,-0.8519358503074685,1.2289761236407095,-2.911457023485357,0.014081183348700156,0.4311958977605561
0.876,0.04170296109754966,0.09220672861717609,-0.18554110285287234,0.9899862438819552,0.0778792414979303,-0.8546673043288716,1.24686417876934,-2.970554802369929,0.01393088181599284,0.4287687628094088
0.877,0.04151791926329088,0.0922841800940259,-0.18453829372829145,1.015617700821194,0.07702328927417032,-0.8572048802380006,1.264699879273231,-3.030064802461297,0.01377762749711884,0.4263606534801626
0.878,0.04133389303917614,0.09236077438209905,-0.1835098976788231,1.0411584721709726,0.07616489615112608,-0.8595492187235796,1.2824758986817153,-3.0899670692869274,0.01362149611806008,0.42397175018290933
0.879,0.041150907965162534,0.09243650913699468,-0.18245601026851171,1.0665987870597742,0.07530425500089426,-0.8617010682128414,1.3001848435276415,-3.1502408351138396,0.013462566030289329,0.42160223164812843
0.88,0.0409689894807438,0.09251138220679209,-0.18137673687397843,1.0919287913857718,0.07444155789420374,-0.8636612826302588,1.3178192539221163,-3.210864506701911,0.01330091816291805,0.4192522748755615
0.881,0.04078816291509621,0.09258539163119714,-0.1802721927671089,1.1171385489041774,0.07357699599609133,-0.8654308190299513,1.3353716041431842,-3.271815653504147,0.013136635971481564,0.4169220550820213
0.882,0.040608453477142537,0.09265853564058525,-0.17914250319664565,1.1422180423317931,0.07271075946400907,-0.867010735101596,1.3528343032386756,-3.333070996355452,0.012969805383358774,0.414611745648106
0.883,0.04042988624553473,0.09273081265494405,-0.17798780346866683,1.1671571744688953,0.07184303734848801,-0.8684021865497376,1.3701996956434401,-3.3946063966927245,0.01280051473982721,0.41232151806378037
0.884,0.040252486158556956,0.09280222128271783,-0.17680823902593454,1.1919457693385898,0.07097401749648681,-0.8696064243465327,1.387460061811212,-3.456396846350112,0.012628854734757954,0.4100515418728031
0.885,0.040076278003949584,0.09287276031955681,-0.17560396552609506,1.216573573343769,0.07010388645755014,-0.8706247918580314,1.4046076188613155,-3.5184164579743977,0.012454918349958832,0.40780198461596184
0.886,0.039901286408655805,0.0929424287469741,-0.1743751489187132,1.2410302564418119,0.06923282939290452,-0.8714587218442387,1.4216345212404384,-3.5806384561063647,0.012278800787178096,0.4055730117730953
0.887,0.03972753582849159,0.0930112257309131,-0.17312196552112297,1.2653054133371666,0.06836102998761662,-0.8721097333332983,1.4385328613996933,-3.6430351689749725,0.012100599396784916,0.40336478670386955
0.888,0.039555050537740555,0.09307915062022878,-0.17184460209307667,1.2893885646919585,0.06748867036594036,-0.8725794283702721,1.455294670487177,-3.705578021051882,0.011920413603147,0.40117747058728637
0.889,0.039383854618674705,0.09314620294508599,-0.17054325591017447,1.3132691583547706,0.06661593100997762,-0.8728694886411137,1.4719119190562449,-3.7682375264146217,0.011738344826729896,0.39901122235989506
0.89,0.03921397195100238,0.09321238241527793,-0.1692181348360559,1.3369365706077472,0.06574299068177718,-0.872981671972572,1.4883765177897066,-3.8309832829672184,0.011554496402946694,0.39686619865268696
0.891,0.03904542620124466,0.09327768891846874,-0.16786945739333498,1.3603801074321655,0.06487002634899515,-0.872917808708892,1.5046803182401534,-3.8937839675676007,0.011368973497791248,0.39474255372664635
0.892,0.038878240812041456,0.09334212251836341,-0.1664974528332605,1.3835890057926308,0.06399721311424032,-0.8726797979663357,1.520815113586604,-3.95660733211134,0.011181883020292405,0.3926404394069382
0.893,0.03871243899138856,0.09340568345280897,-0.165102361204083,1.4065524349400589,0.06312472414822522,-0.8722696037666937,1.5367726394076922,-4.019420200621572,0.010993333531831241,0.39056000501570987
0.894,0.038548043701807005,0.09346837213183089,-0.16368443341810887,1.4292594977335935,0.062252730626843694,-0.871689251051111,1.5525445744715682,-4.082188467394819,0.01080343515236781,0.3885013973034878
0.895,0.03838507764944607,0.09353018913560837,-0.16224393131742326,1.4516992319816235,0.06138140167229412,-0.8709408215757202,1.5681225415427176,-4.1448770962523875,0.010612299463628601,0.3864647603791517
0.896,0.03822356327312118,0.09359113521239301,-0.16078112773826242,1.4738606118020687,0.060510904298365135,-0.8700264496907435,1.5834981082058823,-4.207450120946638,0.010420039409310638,0.38445023563846464
0.897,0.03806352273328812,0.0936512112763748,-0.1592963065740158,1.4957325490020899,0.05964140335999986,-0.8689483180048936,1.5986627877072617,-4.269870646770899,0.010226769192362758,0.38245796169114676
0.898,0.037904977900955,0.09371041840549985,-0.1577897628368388,1.5173038944774044,0.05877306150725227,-0.8677086529370952,1.6136080398131893,-4.332100853421119,0.010032604169409707,0.3804880742864746
0.899,0.037747950346533235,0.09376875783924442,-0.1562618027178564,1.5385634396313694,0.057906039143747264,-0.8663097201577288,1.6283252716864416,-4.394101999156366,0.009837660742389395,0.378540706237391
0.9,0.0375924613286291,0.09382623097634958,-0.15471274364593762,1.559499917814006,0.057040494389753706,-0.864753819921789,1.6428058387803643,-4.4558344263041985,0.00964205624747871,0.3766159873431149
0.901,0.03743853178277715,0.09388283937252137,-0.15314291434502111,1.5801020057811495,0.05617658304997733,-0.8630432822965596,1.657041045750983,-4.517257568155516,0.009445908841388347,0.3747140443102356
0.902,0.03728618231011716,0.09393858473810116,-0.15155265488997105,1.600358325173895,0.05531445858617744,-0.8611804622865961,1.6710221473872604,-4.578329957291928,0.009249337385112086,0.3728350006722819
0.903,0.03713543316601585,0.09399346893571099,-0.14994231676094383,1.6202574440185245,0.05445427209470891,-0.8591677348590343,1.684740349559663,-4.6390092353867605,0.009052461325221323,0.37097897670775687
0.904,0.03698630424863505,0.09404749397787913,-0.14831226289624427,1.6397878782470987,0.05359617228908724,-0.8570074898724422,1.6981868101871964,-4.699252164518842,0.008855400572800582,0.36914608935662613
0.905,0.03683881508744777,0.0941006620246506,-0.14666286774365087,1.6589380932389006,0.052740305487671585,-0.8547021269126669,1.7113526402230654,-4.75901464003568,0.00865827538012522,0.3673364521352549
0.906,0.036692984831703676,0.09415297538118797,-0.14499451731018898,1.6776965053829167,0.05188681560655691,-0.8522540500393472,1.7242289046591024,-4.818251705000172,0.008461206215187676,0.3655501750497845
0.907,0.036548832238845676,0.09420443649536783,-0.14330760921033123,1.696051483661552,0.05103584415776282,-0.8496656624470013,1.736806623549127,-4.876917566252003,0.008264313634184103,0.363787364507944
0.908,0.03640637566287897,0.09425504795537802,-0.14160255271260316,1.7139913512557674,0.05018753025280206,-0.8469393610448248,1.7490767730513666,-4.9349656121117444,0.008067718152078433,0.3620481232292906
0.909,0.03626563304269438,0.09430481248732114,-0.1398797687845732,1.731504387171845,0.04934201061170816,-0.8440775309595947,1.7610302864900964,-4.9923484317522755,0.007871540111366503,0.3603325501538751
0.91,0.036126621890347536,0.09435373295282995,-0.1381396901362048,1.748578827889965,0.04849941957759687,-0.8410825399663023,1.772658055436627,-5.049017836258329,0.00767589954916822,0.35864074034933197
0.911,0.03598935927929545,0.09440181234670003,-0.13638276126154916,1.765202869034815,0.04765988913683074,-0.8379567328514066,1.7839509308097856,-5.104924881391116,0.007480916062781282,0.3569727849163875
0.912,0.035853861832592294,0.09444905379454543,-0.13460943847875614,1.7813646670684207,0.0468235489448523,-0.8347024257138467,1.79489972399603,-5.160019892070616,0.007286708673835433,0.35532877089278975
0.913,0.03572014571104601,0.09449546055048316,-0.13282018996838105,1.7970523410054102,0.04599052635774489,-0.8313219002092154,1.8054952079893216,-5.214252488583652,0.007093395691191802,0.3537087811556565
0.914,0.03558822660133747,0.0945410359948519,-0.13101549580996522,1.8122539741509254,0.045160946469575594,-0.8278173977427675,1.815728118550905,-5.267571614521074,0.0069010945727374425,0.3521128943222457
0.915,0.03545811970410394,0.09458578363197115,-0.12919584801686682,1.8269576158613805,0.04433493215556807,-0.8241911136171933,1.8255891553891164,-5.319925566442325,0.006709921786230646,0.3505411846491462
0.916,0.03532983972198853,0.09462970708794641,-0.12736175056931964,1.841151283328299,0.043512604121147797,-0.8204451911413772,1.8350689833593656,-5.371262025260403,0.006519992669358319,0.34899372192989575
0.917,0.03520340084765763,0.09467281010852634,-0.1255137194456965,1.8548229633854276,0.04269408095689535,-0.8165817157066262,1.8441582336844202,-5.421528089334692,0.006331421289172231,0.34747057139102666
0.918,0.0350788167517878,0.09471509655701787,-0.12365228265195345,1.8679606143393594,0.04187947919943686,-0.8126027088371391,1.852847505195128,-5.470670309253405,0.006144320301076437,0.34597179358654534
0.919,0.03495610057102428,0.09475657041226525,-0.12177798024923203,1.880552167823886,0.04106891339829398,-0.8085101222217744,1.8611273655917189,-5.518634724281468,0.005958800807543971,0.3444974442908496
0.92,0.034835264895912814,0.09479723576669871,-0.11989136437959466,1.892585530678296,0.04026249618870843,-0.8043058317344544,1.868988352725822,-5.565366900443486,0.0057749722167462015,0.3430475743900927
0.921,0.03471632175880653,0.09483709682445925,-0.11799299928987009,1.9040485868498565,0.03946033837044852,-0.7999916314508407,1.8764209759033401,-5.6108119702052015,0.005592942101284062,0.34162222977199663
0.922,0.03459928262175022,0.09487615789960488,-0.11608346135358388,1.9149291993207005,0.03866254899259778,-0.7955692276692103,1.883415717208334,-5.65491467371034,0.005412816057215729,0.34022145121412783
0.923,0.03448415836434332,0.09491442341440501,-0.11416333909095004,1.9252152120593533,0.037869235444317,-0.7910402329437414,1.8899630328480546,-5.697619401523259,0.0052346975635809406,0.33884527427063826
0.924,0.03437095927158413,0.09495189789772826,-0.11223323318689837,1.9348944519971376,0.037080503551563344,-0.7864061601387434,1.8960533545192912,-5.738870238821033,0.005058687842627571,0.3374937291574855
0.925,0.03425969502169693,0.09498858598353015,-0.11029375650711296,1.943954731029684,0.036296457679741115,-0.7816684165126357,1.9016770907961866,-5.778611010971955,0.004884885720951588,0.33616684063614005
0.926,0.03415037467394397,0.09502449240944627,-0.1083455341120567,1.9523838480437987,0.03551720084224979,-0.7768282978408021,1.9068246285396948,-5.8167853304306405,0.0047133874917669625,0.33486462789578975
0.927,0.03404300665642458,0.0950596220154971,-0.10638920326895601,1.9601695909699226,0.03474283481488593,-0.7718869825867396,1.9114863343288477,-5.853336644873061,0.004544286778527386,0.33358710443405404
0.928,0.03393759875386326,0.09509397974290991,-0.1044254134617201,1.9672997388604263,0.03397346025604574,-0.7668455261312288,1.9156525559140232,-5.888208286488104,0.004377674400127077,0.3323342779362206
0.929,0.03383415809538894,0.0951275706330639,-0.10245482639876917,1.9737620639939955,0.0332091768326653,-0.7617048550695593,1.9193136236924073,-5.921343522335541,0.00421363823791322,0.33110615015301537
0.93,0.033732691142307356,0.09516039982656412,-0.10047811601874485,1.9795443340063463,0.03245008335182512,-0.7564657615871372,1.9224598522058427,-5.952685605673594,0.004052263104747737,0.3299027167769196
0.931,0.03363320367586894,0.09519247256244966,-0.09849596849407681,1.9846343140475329,0.031696277897935714,-0.7511288979241306,1.9250815416612954,-5.982177828152771,0.0038936306163613447,0.3287239673170511
0.932,0.03353570078503415,0.09522379417754193,-0.0965090822323785,1.9890197689660936,0.030947857975409207,-0.7456947709400908,1.9271689794741562,-6.009763572766333,0.003737819065247831,0.32756988497261946
0.933,0.03344018685423844,0.0952543701059382,-0.09451816787564546,1.9926884655203017,0.030204920656711813,-0.7401637367898082,1.9287124418346269,-6.035386367441523,0.0035849032973515956,0.32644044650497434
0.934,0.03334666555115927,0.09528420587865591,-0.09252394829722838,1.9956281746167688,0.02946756273568,-0.7345359957219624,1.9297021952974354,-6.0589899391497095,0.0034349545918063076,0.3253356221082622
0.935,0.03325513981448717,0.09531330712343285,-0.09052715859655416,1.9978266735766785,0.02873588088597166,-0.7288115870124343,1.9301284983951705,-6.080518268408055,0.0032880405439874977,0.3242553752787065
0.936,0.033165611841703246,0.09534167956468825,-0.08852854609156643,1.9992717484299019,0.028009971824511565,-0.7229903840444446,1.929981603275511,-6.099915644039773,0.0031442249521464955,0.323199662682531
0.937,0.03307808307686545,0.09536932902364986,-0.08652887030885828,1.9999511962372687,0.027289932479778196,-0.7170720895479973,1.9292517573626666,-6.1171267180551085,0.0030035677078979165,0.3221684340225426
0.9380000000000001,0.032992554198405785,0.09539626141865148,-0.08452890297146812,1.9998528274412646,0.026575860164765975,-0.7110562310113968,1.9279292050433525,-6.132096560510491,0.002866124690837273,0.3211616319033929
0.9390000000000001,0.032909025106940944,0.09542248276560603,-0.08252942798431086,1.9989644682454257,0.025867852754444642,-0.7049421562779148,1.9260041893776574,-6.144770714199039,0.0027319476675698455,0.32017919169553744
0.9400000000000001,0.03282749491309876,0.09544799917865784,-0.08053124141721514,1.9972739630227045,0.025166008867523855,-0.6987290293409816,1.9234669538351696,-6.155095249021755,0.0026010841954361395,0.31922104139791463
0.9410000000000001,0.03274796192536275,0.0954728168710192,-0.07853515148553744,1.9947691767530857,0.02447042805231754,-0.6924158263515604,1.9203077440567529,-6.163016815885437,0.0024735775312234418,0.31828710149936235
0.9420000000000001,0.032670423637937304,0.09549694215599436,-0.07654197852832396,1.991437997490734,0.023781210976489053,-0.6860013318516729,1.9165168096424043,-6.1684826999704825,0.0023494665451570668,0.31737728483879646
0.9430000000000001,0.03259487671863595,0.09552038144819534,-0.07455255498399059,1.9872683388609549,0.02309845962044381,-0.6794841352483194,1.9120844059656368,-6.171440873209414,0.0022287856404687254,0.3164914964641721
0.9440000000000001,0.0325213169967952,0.09554314126495284,-0.07256772536349061,1.9822481425872513,0.02242227747412173,-0.6728626275423308,1.9070007960148525,-6.171840045815165,0.0021115646788431677,0.3156296334902524
0.9450000000000001,0.03244973945121645,0.09556522822792539,-0.07058834622094035,1.9763653810487707,0.02175276973692716,-0.6661349983269695,1.9012562522622283,-6.169629716697031,0.001997828912047909,0.31479158495520837
0.9460000000000001,0.03238013819813863,0.09558664906491009,-0.06861528612167211,1.969608059868423,0.02109004352051921,-0.6592992330713793,1.8948410585606272,-6.164760222601414,0.0018875989200541976,0.31397723167607516
0.9470000000000001,0.03231250647924401,0.09560741061185728,-0.06664942560768343,1.9619642205319734,0.02043420805416958,-0.65235311070425,1.887745512069122,-6.157182785814708,0.0017808905559606638,0.3131864461030915
0.9480000000000001,0.0322468366496999,0.09562751981509178,-0.06469165716045155,1.9534219430383972,0.01978537489238029,-0.6452942015133407,1.879959925207712,-6.146849560265986,0.001677714898034142,0.3124190921729501
0.9490000000000001,0.03218312016623891,0.09564698373374281,-0.06274288516108213,1.9439693485817966,0.019143658124437298,-0.6381198653767673,1.8714746276418794,-6.133713675868563,0.0015780782091850813,0.31167502516098755
0.9500000000000001,0.032121347575280304,0.09566580954238416,-0.06080402584775964,1.933594602265182,0.018509174585560166,-0.6308272503422128,1.8622799682976434,-6.117729280941242,0.001481981904197572,0.31095409153234327
0.9510000000000001,0.03206150850109542,0.09568400453388623,-0.05887600727046836,1.9222859158464205,0.01788204406929182,-0.6234132915704835,1.8523663174078249,-6.0988515825524905,0.0013894225250366008,0.3102561287921208
0.9520000000000001,0.032003591634019585,0.09570157612248102,-0.056959769242950924,1.910031550516653,0.01726238954075555,-0.6158747106600658,1.841724068590255,-6.077036884633883,0.0013003917245573305,0.3095809653345827
0.9530000000000001,0.03194758471871359,0.09571853184704048,-0.055056263291872236,1.8968198197114923,0.01665033735039,-0.6082080153695881,1.830343640958719,-6.0522426237127815,0.0012148762589433383,0.30892842029141454
0.9540000000000001,0.03189347454247731,0.09573487937456869,-0.05316645260315563,1.8826390919553142,0.016046017447755568,-0.6004094997553207,1.8182154812674516,-6.024427402118473,0.001132857989202522,0.3082983033790955
0.9550000000000001,0.03184124692361853,0.09575062650390788,-0.05129131196545804,1.8674777937389486,0.015449563594988594,-0.5924752447410628,1.8053300660900369,-5.993551018520755,0.001054313892051005,0.3076904147454118
0.9560000000000001,0.03179088669987964,0.09576578116965734,-0.049431827710750664,1.8513244124310908,0.014861113579462126,-0.584401119137992,1.791677904033631,-5.9595744956654055,0.0009792160805167326,0.30710454481515626
0.9570000000000001,0.03174237771692524,0.09578035144630448,-0.04758899765197123,1.8341674992237509,0.014280809425194486,-0.5761827811322421,1.7772495379894415,-5.922460105176752,0.0009075318345955232,0.30654047413505414
0.9580000000000001,0.0316957028168936,0.09579434555256655,-0.04576383101771365,1.8159956721120591,0.013708797602528888,-0.5678156802581781,1.7620355474204539,-5.882171389303965,0.0008392236422932084,0.3059979732179621
0.9590000000000001,0.031650843827014954,0.09580777185594079,-0.04395734838392056,1.796797618908758,0.013145229235589442,-0.5592950598755216,1.7460265506874384,-5.838673179494485,0.0007742492513880377,0.30547680238638864
0.9600000000000001,0.03160778154829943,0.09582063887746095,-0.04217058160254391,1.7765621002936942,0.012590260307000348,-0.5506159601686316,1.7292132074143074,-5.79193161168528,0.000712561732247821,0.30497671161538203
0.9610000000000001,0.031566495744298144,0.09583295529665668,-0.04040457372713836,1.7552779528986504,0.012044051859337221,-0.5417732216864353,1.711586220893946,-5.741914138210062,0.0006541095520362743,0.30449744037484744
0.9620000000000001,0.03152696512993998,0.09584472995671275,-0.03866037893535213,1.7329340924278447,0.011506770192760236,-0.5327614894416115,1.693136340535677,-5.688589536228743,0.0005988366606427286,0.30403871747134004
0.9630000000000001,0.03148916736044764,0.09585597186982357,-0.03693906244827929,1.7095195168144262,0.010978587058260792,-0.5235752175877849,1.6738543643555677,-5.6319279125933575,0.0005466825886687451,0.3036002608894033
0.9640000000000001,0.031453079020335756,0.09586669022273864,-0.03524170044663747,1.6850233094133071,0.010459679845934005,-0.5142086746935804,1.65373114151082,-5.571900705073252,0.0004975825578042414,0.30318177763250775
0.9650000000000001,0.03141867561249459,0.09587689438249346,-0.03356937998373444,1.659434642230673,0.00995023176767094,-0.5046559496325009,1.6327575748795573,-5.508480679870854,0.0004514676039244691,0.3027829635636659
0.9660000000000001,0.03138593154736227,0.09588659390232018,-0.031923198895186605,1.632742779190503,0.00945043203364502,-0.49491095810764385,1.610924623687317,-5.441641925368036,0.00040826471323756166,0.30240350324578696
0.9670000000000001,0.031354820132189,0.0958957985277312,-0.03030426570535249,1.6049370794384519,0.008960476021948436,-0.48496744983034706,1.5882233061816466,-5.371359842051814,0.0003678969718104198,0.30204306978185386
0.9680000000000001,0.03132531356039651,0.09590451820276884,-0.028713699530443337,1.576007000683436,0.008480565440714932,-0.474819016371874,1.5646447023562144,-5.297611128576924,0.00033028372879835376,0.3017013246549998
0.9690000000000001,0.031297382901035974,0.09591276307641314,-0.02715262997827329,1.5459421025772735,0.008010908482046426,-0.46445909970725907,1.5401799567258836,-5.220373763931425,0.0002953407737012119,0.3013779175685693
0.9700000000000001,0.031270998088348025,0.09592054350913898,-0.025622197044610617,1.5147320501327282,0.007551719967041765,-0.4538810014704234,1.5148202811542562,-5.139626985680062,0.00026298052796561237,0.30107248628625805
0.9710000000000001,0.031246127911428036,0.09592787007961372,-0.024123551006091665,1.4823666171803123,0.0071032214812067635,-0.4430778929396169,1.4885569577352062,-5.0553512642685146,0.00023311225124940924,0.3007846564724238
0.9720000000000001,0.031222740004000216,0.09593475359152495,-0.02265785230965838,1.4488356898642045,0.0066656414995057214,-0.4320428257721771,1.4613813417299664,-4.967528273379737,0.00020564226266060265,0.3005140415326734
0.9730000000000001,0.03120080083430407,0.09594120508052792,-0.021226271458480283,1.4141292701776382,0.00623921550029567,-0.420768743507484,1.4332848645613605,-4.8761408563414514,0.00018047417727857403,0.3002602424548324
0.9740000000000001,0.031180275695096682,0.09594723582130099,-0.019829988894321134,1.37823747953813,0.005824186067365726,-0.4092484938568545,1.4042590368668018,-4.781172988591295,0.00015750915826074052,0.30002284765041287
0.9750000000000001,0.031161128693774416,0.0959528573346968,-0.018470194876310273,1.3411505624028999,0.005420802979285349,-0.3974748417989425,1.374295451611696,-4.682609736213157,0.00013664618483249537,0.2998014327967008
0.9760000000000001,0.031143322742617732,0.0959580813949761,-0.017148089356078356,1.3028588899248608,0.005029323285246801,-0.385440483498996,1.3433857872649164,-4.580437210564801,0.00011778233645260515,0.29959556067959225
0.9770000000000001,0.031126819549162597,0.0959629200371104,-0.015864881849216597,1.2633529636495417,0.004650011366568842,-0.37313806107006703,1.3115218110380302,-4.474642519022944,0.0001008130934400482,0.29940478103731266
0.9780000000000001,0.03111157960670237,0.0959673855641386,-0.014621791303018526,1.222623419253312,0.004283138983010838,-0.3605601781939669,1.2786953821899576,-4.365213711877292,8.563265434161e-05,0.29922863040516473
0.9790000000000001,0.031097562184923752,0.0959714905545618,-0.013420045960462654,1.1806610303232894,0.0039289853030287335,-0.34769941661941794,1.2448984553987739,-4.252139725409997,7.213427031236136e-05,0.2990666319614568
0.9800000000000001,0.031084725320680753,0.09597524786976024,-0.012260883220394286,1.1374567121793013,0.0035878369170871663,-0.33454835355444523,1.2101230842023405,-4.135410321201004,6.0210596773436983e-05,0.2989182953747712
0.9810000000000001,0.03107302580891029,0.09597867066141445,-0.01114554949386416,1.0930015257382792,0.0032599878331251364,-0.3210995799696061,1.17436142450946,-4.015016021703227,4.975406260327958e-05,0.2987831166527434
0.9820000000000001,0.03106241919369343,0.09598177237891281,-0.010075300056581317,1.047286681421472,0.0029457394532562873,-0.307345719828144,1.137605738183234,-3.8909480421341147,4.0657257109707955e-05,0.2986605779925276
0.9830000000000001,0.031052859759466173,0.09598456677672576,-0.00905139889743719,1.0003035431048588,0.0026454005307690975,-0.2932794502585837,1.0998483966982908,-3.7631982187320054,3.2813335020789145e-05,0.29855014763314086
0.9840000000000001,0.03104430052238362,0.09598706792172702,-0.008075118563057536,0.9520436321131467,0.0023592871064770154,-0.2788935226846472,1.0610818848735066,-3.6317589334266156,2.611643972252753e-05,0.2984512797098784
0.9850000000000001,0.031036693221841667,0.09598929020044028,-0.007147739998338388,0.9024986312577458,0.002087722423454083,-0.26418078492667457,1.0212988046818268,-3.496623034973132,2.0462144960814116e-05,0.29836341411101236
0.9860000000000001,0.031029988312160153,0.09599124832618944,-0.006270552382921905,0.8516603889191131,0.0018310368191777663,-0.24913420428795466,0.9804918791387448,-3.357783756598579,1.574791521388903e-05,0.2982859763369885
0.9870000000000001,0.031024134954431536,0.09599295734612937,-0.005444852963567512,0.7995209231738559,0.001589567594087725,-0.23374689163852103,0.9386539562709356,-3.2152346302073123,1.1873584929742818e-05,0.29821837736235113
0.9880000000000001,0.031019081008539402,0.09599443264813283,-0.004671946882373401,0.7460724259669961,0.001363658855557178,-0.21801212650804602,0.8957780131664927,-3.0689693971897927,8.7418568104028e-06,0.2981600135006374
0.9890000000000001,0.031014773025350696,0.09599568996750887,-0.003953147000803018,0.69130726732979,0.0011536613362623485,-0.20192338319844325,0.851857160108126,-2.9189819158750274,6.258819311900734e-06,0.2981102662724877
0.9900000000000001,0.03101115623908611,0.09599674539352628,-0.0032897737194707843,0.6352179996435104,0.0009599321859254398,-0.1854743579256982,0.806884644790615,-2.765266065662333,4.334483514882118e-06,0.2980685022772376
0.991,0.031008174559872877,0.09599761537571488,-0.0026831547936409556,0.577797361949598,0.0007828347353976754,-0.1686589969992513,0.760853856623704,-2.6078156478621706,2.8833395062789376e-06,0.29803407306826546
0.992,0.03100577056648412,0.09599831672991696,-0.0021346251443926504,0.5190382843065514,0.000622738232041085,-0.151471526045956,0.713758331121485,-2.446624283268893,1.8249323972084347e-06,0.298006315032377
0.993,0.03100388549926928,0.09599886664405896,-0.0016455266654050787,0.45893389219406233,0.0004800175453618235,-0.13390648028429064,0.6655917543793073,-2.281685306480475,1.0844580862702094e-06,0.29798454927352924
0.994,0.03100245925328004,0.0959992826836138,-0.0012172080253142314,0.3974775109646795,0.0003550528418421734,-0.11595873585294113,0.6163479676389318,-2.1129916569706273,5.933788606634332e-07,0.29796808150119924
0.995,0.031001430371595938,0.09599958279672192,-0.000851024465594257,0.3346626703435108,0.0002482292279157274,-0.09762354219633995,0.566020971942678,-1.9405357669089374,2.9005891003949334e-07,0.29795620192371985
0.996,0.031000736038854566,0.09599978531893909,-0.0005483375939148951,0.2704831089763434,0.00015993636002811516,-0.07889655550799714,0.5146049328770437,-1.7643094457128472,1.2041980970738309e-07,0.2979481851469175
0.997,0.031000312074990544,0.09599990897757738,-0.00031051517292640337,0.20493277902660711,9.056802072582925e-05,-0.05977387323064399,0.4620941854061288,-1.5843037613026714,3.8616010718925245e-08,0.297943290078393
0.998,0.0310000929291881,0.09599997289560468,-0.00013893090442292316,0.1380058508216039,4.052165971763628e-05,-0.04025206961026768,0.40848323879499926,-1.4005089180168593,7.730354458203347e-09,0.297940759837807
0.999,0.031000011674051774,0.09599999659506747,-3.496420883480646e-05,0.06969671754842748,1.0197898856997111e-05,-0.0203282322990454,0.35376678162290875,-1.2129141311294591,4.896086327043871e-10,0.2979398216735346
1.0,0.031,0.09600000000000002,-0.0,-0.0,0.0,0.0,0.297939686886072,-1.021507497895104,0.0,0.297939686886072
