id,category,quantity,frame,source_module,material,nominal_mass_kg,note
A16-R101-base-adapter,printed_structure,1,world,root01,PA12 fit prototype,0.10285424164812737,OD134; PCD120 8xD6.6 phase22.5; 4xD5.6 at cardinal phase with top-entry AF8.3 depth5 captive M5 nuts; boreD56. Install above B06 neck.
A16-R103-J1-output-pedestal,printed_structure,1,J1.rotor,root01,PA12 fit prototype,0.20860334933899513,"One-piece lathe/mill geometry; broad upper plate DOWN, motor contact UP for supported unloaded fit. D70x20 stem, D120x10 upper plate; six recessed M4x25."
A16-R104-spacer-1,purchased_structure,1,world,root01,"stock steel precision tube OD12 ID6 (wall3), cut length96.5 +0/-0.1mm",0.06425554432258643,Purchase metal spacer for prototype as well; do not print as a loaded column. Tube covers captive nut and bears on plate around the pocket.
A16-R104-spacer-2,purchased_structure,1,world,root01,"stock steel precision tube OD12 ID6 (wall3), cut length96.5 +0/-0.1mm",0.06425554432258641,Purchase metal spacer for prototype as well; do not print as a loaded column. Tube covers captive nut and bears on plate around the pocket.
A16-R104-spacer-3,purchased_structure,1,world,root01,"stock steel precision tube OD12 ID6 (wall3), cut length96.5 +0/-0.1mm",0.06425554432258641,Purchase metal spacer for prototype as well; do not print as a loaded column. Tube covers captive nut and bears on plate around the pocket.
A16-R104-spacer-4,purchased_structure,1,world,root01,"stock steel precision tube OD12 ID6 (wall3), cut length96.5 +0/-0.1mm",0.06425554432258641,Purchase metal spacer for prototype as well; do not print as a loaded column. Tube covers captive nut and bears on plate around the pocket.
A16-S103-upper-proximal-socket,printed_structure,1,J3.rotor,skeleton01,PA12 fit prototype,0.06415414643378294,220mm stock20x40x2 tube beginsX50. Fit gap0.2 per side;2xM4 transverse clamp through tube; output bolts before tube.
A16-S105-upper-stock-tube,purchased_structure,1,J3.rotor,skeleton01,"6061-T6 stock rectangular tube20x40x2, saw cut220mm; drill4xD4.5 on side centreline",0.13236893368665986,"Catalogue material assumption only, not strength certification. Tube is purchased metal in supported fit."
A16-S106-fore-proximal-socket,printed_structure,1,J4.rotor,skeleton01,PA12 fit prototype,0.07738349690641767,Ordinary elbow L/socket; tube centreY62. Bolt J4 output before installing tube.
A16-S108-fore-stock-tube,purchased_structure,1,J4.rotor,skeleton01,"6061-T6 stock rectangular tube20x40x2, saw cut55mm; drill4xD4.5",0.03257693368665991,Fore axis spacing185 unchanged; fixed rear spine completes span outside wrist pitch sweep.
A16-S110-wrist-yaw-roll-L,printed_structure,1,J6.rotor,skeleton01,PA12 fit prototype,0.09561910052275689,"J7 front ring/cartridge planes retained;6x cage through boltsPCD70; annular screw-head sweep relief, no extra mechanism."
A13-J7-102-bearing-retainer,printed_structure,1,J7.fixed,skeleton01,PA12/PETG supported fit only,0.009076199167672317,"Unchanged valid A13 STEP, no topology cleanup; new arm context, qualification pending."
A13-J7-103-output-journal,printed_structure,1,J7.rotor,skeleton01,PA12/PETG supported fit only,0.037598847010331,"Unchanged valid A13 STEP, no topology cleanup; new arm context, qualification pending."
A13-J7-104-inner-spacer,printed_structure,1,J7.rotor,skeleton01,PA12/PETG supported fit only,0.0004782450816249368,"Unchanged valid A13 STEP, no topology cleanup; new arm context, qualification pending."
A13-IF-107-piloted-flange,printed_structure,1,J7.rotor,skeleton01,PA12/PETG supported fit only,0.025676236423563398,"Unchanged valid A13 STEP, no topology cleanup; new arm context, qualification pending."
A13-IF-301-recessed-carrier,printed_structure,1,J7.rotor,skeleton01,PA12/PETG supported fit only,0.1297758624416244,"Unchanged valid A13 STEP, no topology cleanup; new arm context, qualification pending."
A13-IF-302-dorsal-cover,printed_structure,1,J7.rotor,skeleton01,PA12/PETG supported fit only,0.00843933742308482,"Unchanged valid A13 STEP, no topology cleanup; new arm context, qualification pending."
A13-IF-303-face-insert,printed_structure,1,J7.rotor,skeleton01,PA12/PETG supported fit only,0.0057343160485672255,"Unchanged valid A13 STEP, no topology cleanup; new arm context, qualification pending."
A16-H-base-M6-1,hardware,1,world,hardware01,"purchased steel, nominal dimensional envelope; do not print",0.007713402055392617,ISO4762 M6x20
A16-H-base-M6-1-washer,hardware,1,world,hardware01,"purchased steel, nominal dimensional envelope; do not print",0.0010164484800613005,Purchased washer OD12 /hole6.4 /th1.6
A16-H-base-M6-2,hardware,1,world,hardware01,"purchased steel, nominal dimensional envelope; do not print",0.007713402055392619,ISO4762 M6x20
A16-H-base-M6-2-washer,hardware,1,world,hardware01,"purchased steel, nominal dimensional envelope; do not print",0.0010164484800613005,Purchased washer OD12 /hole6.4 /th1.6
A16-H-base-M6-3,hardware,1,world,hardware01,"purchased steel, nominal dimensional envelope; do not print",0.007713402055392617,ISO4762 M6x20
A16-H-base-M6-3-washer,hardware,1,world,hardware01,"purchased steel, nominal dimensional envelope; do not print",0.0010164484800613005,Purchased washer OD12 /hole6.4 /th1.6
A16-H-base-M6-4,hardware,1,world,hardware01,"purchased steel, nominal dimensional envelope; do not print",0.007713402055392617,ISO4762 M6x20
A16-H-base-M6-4-washer,hardware,1,world,hardware01,"purchased steel, nominal dimensional envelope; do not print",0.0010164484800613003,Purchased washer OD12 /hole6.4 /th1.6
A16-H-base-M6-5,hardware,1,world,hardware01,"purchased steel, nominal dimensional envelope; do not print",0.007713402055392619,ISO4762 M6x20
A16-H-base-M6-5-washer,hardware,1,world,hardware01,"purchased steel, nominal dimensional envelope; do not print",0.0010164484800613005,Purchased washer OD12 /hole6.4 /th1.6
A16-H-base-M6-6,hardware,1,world,hardware01,"purchased steel, nominal dimensional envelope; do not print",0.007713402055392617,ISO4762 M6x20
A16-H-base-M6-6-washer,hardware,1,world,hardware01,"purchased steel, nominal dimensional envelope; do not print",0.0010164484800613005,Purchased washer OD12 /hole6.4 /th1.6
A16-H-base-M6-7,hardware,1,world,hardware01,"purchased steel, nominal dimensional envelope; do not print",0.007713402055392617,ISO4762 M6x20
A16-H-base-M6-7-washer,hardware,1,world,hardware01,"purchased steel, nominal dimensional envelope; do not print",0.0010164484800613005,Purchased washer OD12 /hole6.4 /th1.6
A16-H-base-M6-8,hardware,1,world,hardware01,"purchased steel, nominal dimensional envelope; do not print",0.007713402055392619,ISO4762 M6x20
A16-H-base-M6-8-washer,hardware,1,world,hardware01,"purchased steel, nominal dimensional envelope; do not print",0.0010164484800613005,Purchased washer OD12 /hole6.4 /th1.6
A16-H-column-M5-1,hardware,1,world,hardware01,"purchased steel, nominal dimensional envelope; do not print",0.01896447920015129,ISO4762 M5x110
A16-H-column-M5-1-washer,hardware,1,world,hardware01,"purchased steel, nominal dimensional envelope; do not print",0.0004367552062763405,Purchased washer OD10 /hole5.4 /th1
A16-H-column-nut-1,hardware,1,world,hardware01,"purchased steel, nominal dimensional envelope; do not print",0.0013204968344843991,"ISO4032 nut M5; AF8, envelope height4.7; thread helix omitted"
A16-H-column-M5-2,hardware,1,world,hardware01,"purchased steel, nominal dimensional envelope; do not print",0.01896447920015129,ISO4762 M5x110
A16-H-column-M5-2-washer,hardware,1,world,hardware01,"purchased steel, nominal dimensional envelope; do not print",0.0004367552062763405,Purchased washer OD10 /hole5.4 /th1
A16-H-column-nut-2,hardware,1,world,hardware01,"purchased steel, nominal dimensional envelope; do not print",0.0013204968344843976,"ISO4032 nut M5; AF8, envelope height4.7; thread helix omitted"
A16-H-column-M5-3,hardware,1,world,hardware01,"purchased steel, nominal dimensional envelope; do not print",0.01896447920015129,ISO4762 M5x110
A16-H-column-M5-3-washer,hardware,1,world,hardware01,"purchased steel, nominal dimensional envelope; do not print",0.0004367552062763405,Purchased washer OD10 /hole5.4 /th1
A16-H-column-nut-3,hardware,1,world,hardware01,"purchased steel, nominal dimensional envelope; do not print",0.0013204968344843991,"ISO4032 nut M5; AF8, envelope height4.7; thread helix omitted"
A16-H-column-M5-4,hardware,1,world,hardware01,"purchased steel, nominal dimensional envelope; do not print",0.01896447920015129,ISO4762 M5x110
A16-H-column-M5-4-washer,hardware,1,world,hardware01,"purchased steel, nominal dimensional envelope; do not print",0.0004367552062763405,Purchased washer OD10 /hole5.4 /th1
A16-H-column-nut-4,hardware,1,world,hardware01,"purchased steel, nominal dimensional envelope; do not print",0.0013204968344843976,"ISO4032 nut M5; AF8, envelope height4.7; thread helix omitted"
A16-H-shoulder-foot-M5-1,hardware,1,J1.rotor,hardware01,"purchased steel, nominal dimensional envelope; do not print",0.006633728034811351,ISO4762 M5x30
A16-H-shoulder-foot-M5-1-washer,hardware,1,J1.rotor,hardware01,"purchased steel, nominal dimensional envelope; do not print",0.0004367552062763404,Purchased washer OD10 /hole5.4 /th1
A16-H-shoulder-foot-rear-washer-1,hardware,1,J1.rotor,hardware01,"purchased steel, nominal dimensional envelope; do not print",0.0004367552062763404,Purchased washer OD10 /hole5.4 /th1
A16-H-shoulder-foot-nut-1,hardware,1,J1.rotor,hardware01,"purchased steel, nominal dimensional envelope; do not print",0.0013204968344843991,"ISO4032 nut M5; AF8, envelope height4.7; thread helix omitted"
A16-H-shoulder-foot-M5-2,hardware,1,J1.rotor,hardware01,"purchased steel, nominal dimensional envelope; do not print",0.006633728034811351,ISO4762 M5x30
A16-H-shoulder-foot-M5-2-washer,hardware,1,J1.rotor,hardware01,"purchased steel, nominal dimensional envelope; do not print",0.0004367552062763404,Purchased washer OD10 /hole5.4 /th1
A16-H-shoulder-foot-rear-washer-2,hardware,1,J1.rotor,hardware01,"purchased steel, nominal dimensional envelope; do not print",0.0004367552062763404,Purchased washer OD10 /hole5.4 /th1
A16-H-shoulder-foot-nut-2,hardware,1,J1.rotor,hardware01,"purchased steel, nominal dimensional envelope; do not print",0.0013204968344843991,"ISO4032 nut M5; AF8, envelope height4.7; thread helix omitted"
A16-H-shoulder-foot-M5-3,hardware,1,J1.rotor,hardware01,"purchased steel, nominal dimensional envelope; do not print",0.006633728034811351,ISO4762 M5x30
A16-H-shoulder-foot-M5-3-washer,hardware,1,J1.rotor,hardware01,"purchased steel, nominal dimensional envelope; do not print",0.0004367552062763404,Purchased washer OD10 /hole5.4 /th1
A16-H-shoulder-foot-rear-washer-3,hardware,1,J1.rotor,hardware01,"purchased steel, nominal dimensional envelope; do not print",0.0004367552062763404,Purchased washer OD10 /hole5.4 /th1
A16-H-shoulder-foot-nut-3,hardware,1,J1.rotor,hardware01,"purchased steel, nominal dimensional envelope; do not print",0.0013204968344843991,"ISO4032 nut M5; AF8, envelope height4.7; thread helix omitted"
A16-H-shoulder-foot-M5-4,hardware,1,J1.rotor,hardware01,"purchased steel, nominal dimensional envelope; do not print",0.006633728034811351,ISO4762 M5x30
A16-H-shoulder-foot-M5-4-washer,hardware,1,J1.rotor,hardware01,"purchased steel, nominal dimensional envelope; do not print",0.0004367552062763404,Purchased washer OD10 /hole5.4 /th1
A16-H-shoulder-foot-rear-washer-4,hardware,1,J1.rotor,hardware01,"purchased steel, nominal dimensional envelope; do not print",0.0004367552062763404,Purchased washer OD10 /hole5.4 /th1
A16-H-shoulder-foot-nut-4,hardware,1,J1.rotor,hardware01,"purchased steel, nominal dimensional envelope; do not print",0.0013204968344843991,"ISO4032 nut M5; AF8, envelope height4.7; thread helix omitted"
A16-H-J1-fixed-1,hardware,1,J1.fixed,hardware01,"purchased steel, nominal dimensional envelope; do not print",0.0023003886839098927,ISO4762 M4x12
A16-H-J1-fixed-1-washer,hardware,1,J1.fixed,hardware01,"purchased steel, nominal dimensional envelope; do not print",0.00030402700073262144,Purchased washer OD9 /hole4.4 /th0.8
A16-H-J1-fixed-2,hardware,1,J1.fixed,hardware01,"purchased steel, nominal dimensional envelope; do not print",0.002300388683909892,ISO4762 M4x12
A16-H-J1-fixed-2-washer,hardware,1,J1.fixed,hardware01,"purchased steel, nominal dimensional envelope; do not print",0.00030402700073262155,Purchased washer OD9 /hole4.4 /th0.8
A16-H-J1-fixed-3,hardware,1,J1.fixed,hardware01,"purchased steel, nominal dimensional envelope; do not print",0.0023003886839098914,ISO4762 M4x12
A16-H-J1-fixed-3-washer,hardware,1,J1.fixed,hardware01,"purchased steel, nominal dimensional envelope; do not print",0.00030402700073262165,Purchased washer OD9 /hole4.4 /th0.8
A16-H-J1-fixed-4,hardware,1,J1.fixed,hardware01,"purchased steel, nominal dimensional envelope; do not print",0.0023003886839098914,ISO4762 M4x12
A16-H-J1-fixed-4-washer,hardware,1,J1.fixed,hardware01,"purchased steel, nominal dimensional envelope; do not print",0.00030402700073262155,Purchased washer OD9 /hole4.4 /th0.8
A16-H-J1-fixed-5,hardware,1,J1.fixed,hardware01,"purchased steel, nominal dimensional envelope; do not print",0.0023003886839098914,ISO4762 M4x12
A16-H-J1-fixed-5-washer,hardware,1,J1.fixed,hardware01,"purchased steel, nominal dimensional envelope; do not print",0.00030402700073262165,Purchased washer OD9 /hole4.4 /th0.8
A16-H-J1-fixed-6,hardware,1,J1.fixed,hardware01,"purchased steel, nominal dimensional envelope; do not print",0.0023003886839098914,ISO4762 M4x12
A16-H-J1-fixed-6-washer,hardware,1,J1.fixed,hardware01,"purchased steel, nominal dimensional envelope; do not print",0.00030402700073262165,Purchased washer OD9 /hole4.4 /th0.8
A16-H-J1-fixed-7,hardware,1,J1.fixed,hardware01,"purchased steel, nominal dimensional envelope; do not print",0.0023003886839098927,ISO4762 M4x12
A16-H-J1-fixed-7-washer,hardware,1,J1.fixed,hardware01,"purchased steel, nominal dimensional envelope; do not print",0.00030402700073262144,Purchased washer OD9 /hole4.4 /th0.8
A16-H-J1-fixed-8,hardware,1,J1.fixed,hardware01,"purchased steel, nominal dimensional envelope; do not print",0.002300388683909893,ISO4762 M4x12
A16-H-J1-fixed-8-washer,hardware,1,J1.fixed,hardware01,"purchased steel, nominal dimensional envelope; do not print",0.00030402700073262155,Purchased washer OD9 /hole4.4 /th0.8
A16-H-J1-output-1,hardware,1,J1.rotor,hardware01,"purchased steel, nominal dimensional envelope; do not print",0.003582786805105245,ISO4762 M4x25
A16-H-J1-output-1-washer,hardware,1,J1.rotor,hardware01,"purchased steel, nominal dimensional envelope; do not print",0.00030402700073262165,Purchased washer OD9 /hole4.4 /th0.8
A16-H-J1-output-2,hardware,1,J1.rotor,hardware01,"purchased steel, nominal dimensional envelope; do not print",0.003582786805105245,ISO4762 M4x25
A16-H-J1-output-2-washer,hardware,1,J1.rotor,hardware01,"purchased steel, nominal dimensional envelope; do not print",0.00030402700073262165,Purchased washer OD9 /hole4.4 /th0.8
A16-H-J1-output-3,hardware,1,J1.rotor,hardware01,"purchased steel, nominal dimensional envelope; do not print",0.003582786805105245,ISO4762 M4x25
A16-H-J1-output-3-washer,hardware,1,J1.rotor,hardware01,"purchased steel, nominal dimensional envelope; do not print",0.0003040270007326216,Purchased washer OD9 /hole4.4 /th0.8
A16-H-J1-output-4,hardware,1,J1.rotor,hardware01,"purchased steel, nominal dimensional envelope; do not print",0.003582786805105245,ISO4762 M4x25
A16-H-J1-output-4-washer,hardware,1,J1.rotor,hardware01,"purchased steel, nominal dimensional envelope; do not print",0.00030402700073262165,Purchased washer OD9 /hole4.4 /th0.8
A16-H-J1-output-5,hardware,1,J1.rotor,hardware01,"purchased steel, nominal dimensional envelope; do not print",0.003582786805105245,ISO4762 M4x25
A16-H-J1-output-5-washer,hardware,1,J1.rotor,hardware01,"purchased steel, nominal dimensional envelope; do not print",0.0003040270007326217,Purchased washer OD9 /hole4.4 /th0.8
A16-H-J1-output-6,hardware,1,J1.rotor,hardware01,"purchased steel, nominal dimensional envelope; do not print",0.003582786805105246,ISO4762 M4x25
A16-H-J1-output-6-washer,hardware,1,J1.rotor,hardware01,"purchased steel, nominal dimensional envelope; do not print",0.0003040270007326217,Purchased washer OD9 /hole4.4 /th0.8
A16-H-J2-fixed-1,hardware,1,J2.fixed,hardware01,"purchased steel, nominal dimensional envelope; do not print",0.002300388683909892,ISO4762 M4x12
A16-H-J2-fixed-1-washer,hardware,1,J2.fixed,hardware01,"purchased steel, nominal dimensional envelope; do not print",0.0003040270007326211,Purchased washer OD9 /hole4.4 /th0.8
A16-H-J2-fixed-2,hardware,1,J2.fixed,hardware01,"purchased steel, nominal dimensional envelope; do not print",0.0023003886839098914,ISO4762 M4x12
A16-H-J2-fixed-2-washer,hardware,1,J2.fixed,hardware01,"purchased steel, nominal dimensional envelope; do not print",0.0003040270007326211,Purchased washer OD9 /hole4.4 /th0.8
A16-H-J2-fixed-3,hardware,1,J2.fixed,hardware01,"purchased steel, nominal dimensional envelope; do not print",0.0023003886839098914,ISO4762 M4x12
A16-H-J2-fixed-3-washer,hardware,1,J2.fixed,hardware01,"purchased steel, nominal dimensional envelope; do not print",0.0003040270007326212,Purchased washer OD9 /hole4.4 /th0.8
A16-H-J2-fixed-4,hardware,1,J2.fixed,hardware01,"purchased steel, nominal dimensional envelope; do not print",0.002300388683909892,ISO4762 M4x12
A16-H-J2-fixed-4-washer,hardware,1,J2.fixed,hardware01,"purchased steel, nominal dimensional envelope; do not print",0.0003040270007326212,Purchased washer OD9 /hole4.4 /th0.8
A16-H-J2-fixed-5,hardware,1,J2.fixed,hardware01,"purchased steel, nominal dimensional envelope; do not print",0.002300388683909892,ISO4762 M4x12
A16-H-J2-fixed-5-washer,hardware,1,J2.fixed,hardware01,"purchased steel, nominal dimensional envelope; do not print",0.00030402700073262117,Purchased washer OD9 /hole4.4 /th0.8
A16-H-J2-fixed-6,hardware,1,J2.fixed,hardware01,"purchased steel, nominal dimensional envelope; do not print",0.002300388683909892,ISO4762 M4x12
A16-H-J2-fixed-6-washer,hardware,1,J2.fixed,hardware01,"purchased steel, nominal dimensional envelope; do not print",0.00030402700073262117,Purchased washer OD9 /hole4.4 /th0.8
A16-H-J2-fixed-7,hardware,1,J2.fixed,hardware01,"purchased steel, nominal dimensional envelope; do not print",0.0023003886839098927,ISO4762 M4x12
A16-H-J2-fixed-7-washer,hardware,1,J2.fixed,hardware01,"purchased steel, nominal dimensional envelope; do not print",0.0003040270007326212,Purchased washer OD9 /hole4.4 /th0.8
A16-H-J2-fixed-8,hardware,1,J2.fixed,hardware01,"purchased steel, nominal dimensional envelope; do not print",0.0023003886839098927,ISO4762 M4x12
A16-H-J2-fixed-8-washer,hardware,1,J2.fixed,hardware01,"purchased steel, nominal dimensional envelope; do not print",0.0003040270007326211,Purchased washer OD9 /hole4.4 /th0.8
A16-H-J2-fixed-9,hardware,1,J2.fixed,hardware01,"purchased steel, nominal dimensional envelope; do not print",0.002300388683909892,ISO4762 M4x12
A16-H-J2-fixed-9-washer,hardware,1,J2.fixed,hardware01,"purchased steel, nominal dimensional envelope; do not print",0.0003040270007326211,Purchased washer OD9 /hole4.4 /th0.8
A16-H-J2-fixed-10,hardware,1,J2.fixed,hardware01,"purchased steel, nominal dimensional envelope; do not print",0.0023003886839098914,ISO4762 M4x12
A16-H-J2-fixed-10-washer,hardware,1,J2.fixed,hardware01,"purchased steel, nominal dimensional envelope; do not print",0.0003040270007326211,Purchased washer OD9 /hole4.4 /th0.8
A16-H-J2-output-1,hardware,1,J2.rotor,hardware01,"purchased steel, nominal dimensional envelope; do not print",0.004475846580876863,ISO4762 M5x16
A16-H-J2-output-1-washer,hardware,1,J2.rotor,hardware01,"purchased steel, nominal dimensional envelope; do not print",0.00031961307020561124,Purchased washer OD9 /hole5.4 /th1
A16-H-J2-output-2,hardware,1,J2.rotor,hardware01,"purchased steel, nominal dimensional envelope; do not print",0.004475846580876862,ISO4762 M5x16
A16-H-J2-output-2-washer,hardware,1,J2.rotor,hardware01,"purchased steel, nominal dimensional envelope; do not print",0.00031961307020561124,Purchased washer OD9 /hole5.4 /th1
A16-H-J2-output-3,hardware,1,J2.rotor,hardware01,"purchased steel, nominal dimensional envelope; do not print",0.004475846580876863,ISO4762 M5x16
A16-H-J2-output-3-washer,hardware,1,J2.rotor,hardware01,"purchased steel, nominal dimensional envelope; do not print",0.0003196130702056111,Purchased washer OD9 /hole5.4 /th1
A16-H-J2-output-4,hardware,1,J2.rotor,hardware01,"purchased steel, nominal dimensional envelope; do not print",0.004475846580876863,ISO4762 M5x16
A16-H-J2-output-4-washer,hardware,1,J2.rotor,hardware01,"purchased steel, nominal dimensional envelope; do not print",0.00031961307020561124,Purchased washer OD9 /hole5.4 /th1
A16-H-J2-output-5,hardware,1,J2.rotor,hardware01,"purchased steel, nominal dimensional envelope; do not print",0.004475846580876862,ISO4762 M5x16
A16-H-J2-output-5-washer,hardware,1,J2.rotor,hardware01,"purchased steel, nominal dimensional envelope; do not print",0.00031961307020561113,Purchased washer OD9 /hole5.4 /th1
A16-H-J2-output-6,hardware,1,J2.rotor,hardware01,"purchased steel, nominal dimensional envelope; do not print",0.004475846580876863,ISO4762 M5x16
A16-H-J2-output-6-washer,hardware,1,J2.rotor,hardware01,"purchased steel, nominal dimensional envelope; do not print",0.00031961307020561113,Purchased washer OD9 /hole5.4 /th1
A16-H-J2-output-7,hardware,1,J2.rotor,hardware01,"purchased steel, nominal dimensional envelope; do not print",0.004475846580876863,ISO4762 M5x16
A16-H-J2-output-7-washer,hardware,1,J2.rotor,hardware01,"purchased steel, nominal dimensional envelope; do not print",0.00031961307020561097,Purchased washer OD9 /hole5.4 /th1
A16-H-J2-output-8,hardware,1,J2.rotor,hardware01,"purchased steel, nominal dimensional envelope; do not print",0.004475846580876862,ISO4762 M5x16
A16-H-J2-output-8-washer,hardware,1,J2.rotor,hardware01,"purchased steel, nominal dimensional envelope; do not print",0.0003196130702056111,Purchased washer OD9 /hole5.4 /th1
A16-H-J2-output-9,hardware,1,J2.rotor,hardware01,"purchased steel, nominal dimensional envelope; do not print",0.004475846580876862,ISO4762 M5x16
A16-H-J2-output-9-washer,hardware,1,J2.rotor,hardware01,"purchased steel, nominal dimensional envelope; do not print",0.00031961307020561124,Purchased washer OD9 /hole5.4 /th1
A16-H-J3-fixed-1,hardware,1,J3.fixed,hardware01,"purchased steel, nominal dimensional envelope; do not print",0.002300388683909892,ISO4762 M4x12
A16-H-J3-fixed-1-washer,hardware,1,J3.fixed,hardware01,"purchased steel, nominal dimensional envelope; do not print",0.0003040270007326212,Purchased washer OD9 /hole4.4 /th0.8
A16-H-J3-fixed-2,hardware,1,J3.fixed,hardware01,"purchased steel, nominal dimensional envelope; do not print",0.002300388683909892,ISO4762 M4x12
A16-H-J3-fixed-2-washer,hardware,1,J3.fixed,hardware01,"purchased steel, nominal dimensional envelope; do not print",0.0003040270007326212,Purchased washer OD9 /hole4.4 /th0.8
A16-H-J3-fixed-3,hardware,1,J3.fixed,hardware01,"purchased steel, nominal dimensional envelope; do not print",0.0023003886839098927,ISO4762 M4x12
A16-H-J3-fixed-3-washer,hardware,1,J3.fixed,hardware01,"purchased steel, nominal dimensional envelope; do not print",0.0003040270007326212,Purchased washer OD9 /hole4.4 /th0.8
A16-H-J3-fixed-4,hardware,1,J3.fixed,hardware01,"purchased steel, nominal dimensional envelope; do not print",0.002300388683909893,ISO4762 M4x12
A16-H-J3-fixed-4-washer,hardware,1,J3.fixed,hardware01,"purchased steel, nominal dimensional envelope; do not print",0.0003040270007326212,Purchased washer OD9 /hole4.4 /th0.8
A16-H-J3-fixed-5,hardware,1,J3.fixed,hardware01,"purchased steel, nominal dimensional envelope; do not print",0.0023003886839098927,ISO4762 M4x12
A16-H-J3-fixed-5-washer,hardware,1,J3.fixed,hardware01,"purchased steel, nominal dimensional envelope; do not print",0.00030402700073262117,Purchased washer OD9 /hole4.4 /th0.8
A16-H-J3-fixed-6,hardware,1,J3.fixed,hardware01,"purchased steel, nominal dimensional envelope; do not print",0.0023003886839098927,ISO4762 M4x12
A16-H-J3-fixed-6-washer,hardware,1,J3.fixed,hardware01,"purchased steel, nominal dimensional envelope; do not print",0.00030402700073262117,Purchased washer OD9 /hole4.4 /th0.8
A16-H-J3-fixed-7,hardware,1,J3.fixed,hardware01,"purchased steel, nominal dimensional envelope; do not print",0.002300388683909893,ISO4762 M4x12
A16-H-J3-fixed-7-washer,hardware,1,J3.fixed,hardware01,"purchased steel, nominal dimensional envelope; do not print",0.0003040270007326212,Purchased washer OD9 /hole4.4 /th0.8
A16-H-J3-fixed-8,hardware,1,J3.fixed,hardware01,"purchased steel, nominal dimensional envelope; do not print",0.0023003886839098927,ISO4762 M4x12
A16-H-J3-fixed-8-washer,hardware,1,J3.fixed,hardware01,"purchased steel, nominal dimensional envelope; do not print",0.0003040270007326211,Purchased washer OD9 /hole4.4 /th0.8
A16-H-J3-fixed-9,hardware,1,J3.fixed,hardware01,"purchased steel, nominal dimensional envelope; do not print",0.0023003886839098914,ISO4762 M4x12
A16-H-J3-fixed-9-washer,hardware,1,J3.fixed,hardware01,"purchased steel, nominal dimensional envelope; do not print",0.0003040270007326211,Purchased washer OD9 /hole4.4 /th0.8
A16-H-J3-fixed-10,hardware,1,J3.fixed,hardware01,"purchased steel, nominal dimensional envelope; do not print",0.002300388683909892,ISO4762 M4x12
A16-H-J3-fixed-10-washer,hardware,1,J3.fixed,hardware01,"purchased steel, nominal dimensional envelope; do not print",0.0003040270007326212,Purchased washer OD9 /hole4.4 /th0.8
A16-H-J3-output-1,hardware,1,J3.rotor,hardware01,"purchased steel, nominal dimensional envelope; do not print",0.004475846580876862,ISO4762 M5x16
A16-H-J3-output-1-washer,hardware,1,J3.rotor,hardware01,"purchased steel, nominal dimensional envelope; do not print",0.0003196130702056113,Purchased washer OD9 /hole5.4 /th1
A16-H-J3-output-2,hardware,1,J3.rotor,hardware01,"purchased steel, nominal dimensional envelope; do not print",0.004475846580876862,ISO4762 M5x16
A16-H-J3-output-2-washer,hardware,1,J3.rotor,hardware01,"purchased steel, nominal dimensional envelope; do not print",0.0003196130702056113,Purchased washer OD9 /hole5.4 /th1
A16-H-J3-output-3,hardware,1,J3.rotor,hardware01,"purchased steel, nominal dimensional envelope; do not print",0.004475846580876863,ISO4762 M5x16
A16-H-J3-output-3-washer,hardware,1,J3.rotor,hardware01,"purchased steel, nominal dimensional envelope; do not print",0.0003196130702056111,Purchased washer OD9 /hole5.4 /th1
A16-H-J3-output-4,hardware,1,J3.rotor,hardware01,"purchased steel, nominal dimensional envelope; do not print",0.004475846580876863,ISO4762 M5x16
A16-H-J3-output-4-washer,hardware,1,J3.rotor,hardware01,"purchased steel, nominal dimensional envelope; do not print",0.00031961307020561124,Purchased washer OD9 /hole5.4 /th1
A16-H-J3-output-5,hardware,1,J3.rotor,hardware01,"purchased steel, nominal dimensional envelope; do not print",0.004475846580876863,ISO4762 M5x16
A16-H-J3-output-5-washer,hardware,1,J3.rotor,hardware01,"purchased steel, nominal dimensional envelope; do not print",0.00031961307020561113,Purchased washer OD9 /hole5.4 /th1
A16-H-J3-output-6,hardware,1,J3.rotor,hardware01,"purchased steel, nominal dimensional envelope; do not print",0.004475846580876863,ISO4762 M5x16
A16-H-J3-output-6-washer,hardware,1,J3.rotor,hardware01,"purchased steel, nominal dimensional envelope; do not print",0.00031961307020561113,Purchased washer OD9 /hole5.4 /th1
A16-H-J3-output-7,hardware,1,J3.rotor,hardware01,"purchased steel, nominal dimensional envelope; do not print",0.004475846580876863,ISO4762 M5x16
A16-H-J3-output-7-washer,hardware,1,J3.rotor,hardware01,"purchased steel, nominal dimensional envelope; do not print",0.00031961307020561097,Purchased washer OD9 /hole5.4 /th1
A16-H-J3-output-8,hardware,1,J3.rotor,hardware01,"purchased steel, nominal dimensional envelope; do not print",0.004475846580876863,ISO4762 M5x16
A16-H-J3-output-8-washer,hardware,1,J3.rotor,hardware01,"purchased steel, nominal dimensional envelope; do not print",0.0003196130702056111,Purchased washer OD9 /hole5.4 /th1
A16-H-J3-output-9,hardware,1,J3.rotor,hardware01,"purchased steel, nominal dimensional envelope; do not print",0.004475846580876863,ISO4762 M5x16
A16-H-J3-output-9-washer,hardware,1,J3.rotor,hardware01,"purchased steel, nominal dimensional envelope; do not print",0.0003196130702056113,Purchased washer OD9 /hole5.4 /th1
A16-H-J4-fixed-1,hardware,1,J4.fixed,hardware01,"purchased steel, nominal dimensional envelope; do not print",0.0023003886839098927,ISO4762 M4x12
A16-H-J4-fixed-1-washer,hardware,1,J4.fixed,hardware01,"purchased steel, nominal dimensional envelope; do not print",0.0003040270007326212,Purchased washer OD9 /hole4.4 /th0.8
A16-H-J4-fixed-2,hardware,1,J4.fixed,hardware01,"purchased steel, nominal dimensional envelope; do not print",0.002300388683909892,ISO4762 M4x12
A16-H-J4-fixed-2-washer,hardware,1,J4.fixed,hardware01,"purchased steel, nominal dimensional envelope; do not print",0.0003040270007326212,Purchased washer OD9 /hole4.4 /th0.8
A16-H-J4-fixed-3,hardware,1,J4.fixed,hardware01,"purchased steel, nominal dimensional envelope; do not print",0.002300388683909892,ISO4762 M4x12
A16-H-J4-fixed-3-washer,hardware,1,J4.fixed,hardware01,"purchased steel, nominal dimensional envelope; do not print",0.00030402700073262133,Purchased washer OD9 /hole4.4 /th0.8
A16-H-J4-fixed-4,hardware,1,J4.fixed,hardware01,"purchased steel, nominal dimensional envelope; do not print",0.0023003886839098927,ISO4762 M4x12
A16-H-J4-fixed-4-washer,hardware,1,J4.fixed,hardware01,"purchased steel, nominal dimensional envelope; do not print",0.00030402700073262133,Purchased washer OD9 /hole4.4 /th0.8
A16-H-J4-fixed-5,hardware,1,J4.fixed,hardware01,"purchased steel, nominal dimensional envelope; do not print",0.0023003886839098927,ISO4762 M4x12
A16-H-J4-fixed-5-washer,hardware,1,J4.fixed,hardware01,"purchased steel, nominal dimensional envelope; do not print",0.0003040270007326213,Purchased washer OD9 /hole4.4 /th0.8
A16-H-J4-fixed-6,hardware,1,J4.fixed,hardware01,"purchased steel, nominal dimensional envelope; do not print",0.0023003886839098927,ISO4762 M4x12
A16-H-J4-fixed-6-washer,hardware,1,J4.fixed,hardware01,"purchased steel, nominal dimensional envelope; do not print",0.0003040270007326213,Purchased washer OD9 /hole4.4 /th0.8
A16-H-J4-fixed-7,hardware,1,J4.fixed,hardware01,"purchased steel, nominal dimensional envelope; do not print",0.002300388683909893,ISO4762 M4x12
A16-H-J4-fixed-7-washer,hardware,1,J4.fixed,hardware01,"purchased steel, nominal dimensional envelope; do not print",0.00030402700073262133,Purchased washer OD9 /hole4.4 /th0.8
A16-H-J4-fixed-8,hardware,1,J4.fixed,hardware01,"purchased steel, nominal dimensional envelope; do not print",0.0023003886839098927,ISO4762 M4x12
A16-H-J4-fixed-8-washer,hardware,1,J4.fixed,hardware01,"purchased steel, nominal dimensional envelope; do not print",0.00030402700073262117,Purchased washer OD9 /hole4.4 /th0.8
A16-H-J4-fixed-9,hardware,1,J4.fixed,hardware01,"purchased steel, nominal dimensional envelope; do not print",0.002300388683909892,ISO4762 M4x12
A16-H-J4-fixed-9-washer,hardware,1,J4.fixed,hardware01,"purchased steel, nominal dimensional envelope; do not print",0.0003040270007326212,Purchased washer OD9 /hole4.4 /th0.8
A16-H-J4-fixed-10,hardware,1,J4.fixed,hardware01,"purchased steel, nominal dimensional envelope; do not print",0.002300388683909892,ISO4762 M4x12
A16-H-J4-fixed-10-washer,hardware,1,J4.fixed,hardware01,"purchased steel, nominal dimensional envelope; do not print",0.0003040270007326212,Purchased washer OD9 /hole4.4 /th0.8
A16-H-J4-output-1,hardware,1,J4.rotor,hardware01,"purchased steel, nominal dimensional envelope; do not print",0.004475846580876862,ISO4762 M5x16
A16-H-J4-output-1-washer,hardware,1,J4.rotor,hardware01,"purchased steel, nominal dimensional envelope; do not print",0.00031961307020561124,Purchased washer OD9 /hole5.4 /th1
A16-H-J4-output-2,hardware,1,J4.rotor,hardware01,"purchased steel, nominal dimensional envelope; do not print",0.004475846580876862,ISO4762 M5x16
A16-H-J4-output-2-washer,hardware,1,J4.rotor,hardware01,"purchased steel, nominal dimensional envelope; do not print",0.00031961307020561124,Purchased washer OD9 /hole5.4 /th1
A16-H-J4-output-3,hardware,1,J4.rotor,hardware01,"purchased steel, nominal dimensional envelope; do not print",0.004475846580876863,ISO4762 M5x16
A16-H-J4-output-3-washer,hardware,1,J4.rotor,hardware01,"purchased steel, nominal dimensional envelope; do not print",0.0003196130702056111,Purchased washer OD9 /hole5.4 /th1
A16-H-J4-output-4,hardware,1,J4.rotor,hardware01,"purchased steel, nominal dimensional envelope; do not print",0.004475846580876863,ISO4762 M5x16
A16-H-J4-output-4-washer,hardware,1,J4.rotor,hardware01,"purchased steel, nominal dimensional envelope; do not print",0.00031961307020561124,Purchased washer OD9 /hole5.4 /th1
A16-H-J4-output-5,hardware,1,J4.rotor,hardware01,"purchased steel, nominal dimensional envelope; do not print",0.004475846580876863,ISO4762 M5x16
A16-H-J4-output-5-washer,hardware,1,J4.rotor,hardware01,"purchased steel, nominal dimensional envelope; do not print",0.0003196130702056112,Purchased washer OD9 /hole5.4 /th1
A16-H-J4-output-6,hardware,1,J4.rotor,hardware01,"purchased steel, nominal dimensional envelope; do not print",0.004475846580876863,ISO4762 M5x16
A16-H-J4-output-6-washer,hardware,1,J4.rotor,hardware01,"purchased steel, nominal dimensional envelope; do not print",0.00031961307020561113,Purchased washer OD9 /hole5.4 /th1
A16-H-J4-output-7,hardware,1,J4.rotor,hardware01,"purchased steel, nominal dimensional envelope; do not print",0.004475846580876863,ISO4762 M5x16
A16-H-J4-output-7-washer,hardware,1,J4.rotor,hardware01,"purchased steel, nominal dimensional envelope; do not print",0.00031961307020561097,Purchased washer OD9 /hole5.4 /th1
A16-H-J4-output-8,hardware,1,J4.rotor,hardware01,"purchased steel, nominal dimensional envelope; do not print",0.004475846580876862,ISO4762 M5x16
A16-H-J4-output-8-washer,hardware,1,J4.rotor,hardware01,"purchased steel, nominal dimensional envelope; do not print",0.0003196130702056111,Purchased washer OD9 /hole5.4 /th1
A16-H-J4-output-9,hardware,1,J4.rotor,hardware01,"purchased steel, nominal dimensional envelope; do not print",0.004475846580876862,ISO4762 M5x16
A16-H-J4-output-9-washer,hardware,1,J4.rotor,hardware01,"purchased steel, nominal dimensional envelope; do not print",0.00031961307020561124,Purchased washer OD9 /hole5.4 /th1
A16-H-J5-fixed-1,hardware,1,J5.fixed,hardware01,"purchased steel, nominal dimensional envelope; do not print",0.002300388683909892,ISO4762 M4x12
A16-H-J5-fixed-1-washer,hardware,1,J5.fixed,hardware01,"purchased steel, nominal dimensional envelope; do not print",0.0003040270007326213,Purchased washer OD9 /hole4.4 /th0.8
A16-H-J5-fixed-2,hardware,1,J5.fixed,hardware01,"purchased steel, nominal dimensional envelope; do not print",0.002300388683909892,ISO4762 M4x12
A16-H-J5-fixed-2-washer,hardware,1,J5.fixed,hardware01,"purchased steel, nominal dimensional envelope; do not print",0.00030402700073262133,Purchased washer OD9 /hole4.4 /th0.8
A16-H-J5-fixed-3,hardware,1,J5.fixed,hardware01,"purchased steel, nominal dimensional envelope; do not print",0.0023003886839098914,ISO4762 M4x12
A16-H-J5-fixed-3-washer,hardware,1,J5.fixed,hardware01,"purchased steel, nominal dimensional envelope; do not print",0.0003040270007326212,Purchased washer OD9 /hole4.4 /th0.8
A16-H-J5-fixed-4,hardware,1,J5.fixed,hardware01,"purchased steel, nominal dimensional envelope; do not print",0.002300388683909892,ISO4762 M4x12
A16-H-J5-fixed-4-washer,hardware,1,J5.fixed,hardware01,"purchased steel, nominal dimensional envelope; do not print",0.0003040270007326213,Purchased washer OD9 /hole4.4 /th0.8
A16-H-J5-fixed-5,hardware,1,J5.fixed,hardware01,"purchased steel, nominal dimensional envelope; do not print",0.0023003886839098914,ISO4762 M4x12
A16-H-J5-fixed-5-washer,hardware,1,J5.fixed,hardware01,"purchased steel, nominal dimensional envelope; do not print",0.0003040270007326213,Purchased washer OD9 /hole4.4 /th0.8
A16-H-J5-fixed-6,hardware,1,J5.fixed,hardware01,"purchased steel, nominal dimensional envelope; do not print",0.0023003886839098914,ISO4762 M4x12
A16-H-J5-fixed-6-washer,hardware,1,J5.fixed,hardware01,"purchased steel, nominal dimensional envelope; do not print",0.00030402700073262133,Purchased washer OD9 /hole4.4 /th0.8
A16-H-J5-output-1,hardware,1,J5.rotor,hardware01,"purchased steel, nominal dimensional envelope; do not print",0.0024976807025553307,ISO4762 M4x14
A16-H-J5-output-1-washer,hardware,1,J5.rotor,hardware01,"purchased steel, nominal dimensional envelope; do not print",0.0003040270007326216,Purchased washer OD9 /hole4.4 /th0.8
A16-H-J5-output-2,hardware,1,J5.rotor,hardware01,"purchased steel, nominal dimensional envelope; do not print",0.0024976807025553307,ISO4762 M4x14
A16-H-J5-output-2-washer,hardware,1,J5.rotor,hardware01,"purchased steel, nominal dimensional envelope; do not print",0.00030402700073262155,Purchased washer OD9 /hole4.4 /th0.8
A16-H-J5-output-3,hardware,1,J5.rotor,hardware01,"purchased steel, nominal dimensional envelope; do not print",0.0024976807025553303,ISO4762 M4x14
A16-H-J5-output-3-washer,hardware,1,J5.rotor,hardware01,"purchased steel, nominal dimensional envelope; do not print",0.00030402700073262165,Purchased washer OD9 /hole4.4 /th0.8
A16-H-J5-output-4,hardware,1,J5.rotor,hardware01,"purchased steel, nominal dimensional envelope; do not print",0.0024976807025553307,ISO4762 M4x14
A16-H-J5-output-4-washer,hardware,1,J5.rotor,hardware01,"purchased steel, nominal dimensional envelope; do not print",0.0003040270007326217,Purchased washer OD9 /hole4.4 /th0.8
A16-H-J5-output-5,hardware,1,J5.rotor,hardware01,"purchased steel, nominal dimensional envelope; do not print",0.0024976807025553307,ISO4762 M4x14
A16-H-J5-output-5-washer,hardware,1,J5.rotor,hardware01,"purchased steel, nominal dimensional envelope; do not print",0.00030402700073262165,Purchased washer OD9 /hole4.4 /th0.8
A16-H-J5-output-6,hardware,1,J5.rotor,hardware01,"purchased steel, nominal dimensional envelope; do not print",0.0024976807025553307,ISO4762 M4x14
A16-H-J5-output-6-washer,hardware,1,J5.rotor,hardware01,"purchased steel, nominal dimensional envelope; do not print",0.00030402700073262165,Purchased washer OD9 /hole4.4 /th0.8
A16-H-J6-fixed-1,hardware,1,J6.fixed,hardware01,"purchased steel, nominal dimensional envelope; do not print",0.002300388683909892,ISO4762 M4x12
A16-H-J6-fixed-1-washer,hardware,1,J6.fixed,hardware01,"purchased steel, nominal dimensional envelope; do not print",0.00030402700073262133,Purchased washer OD9 /hole4.4 /th0.8
A16-H-J6-fixed-2,hardware,1,J6.fixed,hardware01,"purchased steel, nominal dimensional envelope; do not print",0.0023003886839098927,ISO4762 M4x12
A16-H-J6-fixed-2-washer,hardware,1,J6.fixed,hardware01,"purchased steel, nominal dimensional envelope; do not print",0.0003040270007326212,Purchased washer OD9 /hole4.4 /th0.8
A16-H-J6-fixed-3,hardware,1,J6.fixed,hardware01,"purchased steel, nominal dimensional envelope; do not print",0.002300388683909893,ISO4762 M4x12
A16-H-J6-fixed-3-washer,hardware,1,J6.fixed,hardware01,"purchased steel, nominal dimensional envelope; do not print",0.0003040270007326211,Purchased washer OD9 /hole4.4 /th0.8
A16-H-J6-fixed-4,hardware,1,J6.fixed,hardware01,"purchased steel, nominal dimensional envelope; do not print",0.002300388683909892,ISO4762 M4x12
A16-H-J6-fixed-4-washer,hardware,1,J6.fixed,hardware01,"purchased steel, nominal dimensional envelope; do not print",0.00030402700073262133,Purchased washer OD9 /hole4.4 /th0.8
A16-H-J6-fixed-5,hardware,1,J6.fixed,hardware01,"purchased steel, nominal dimensional envelope; do not print",0.002300388683909892,ISO4762 M4x12
A16-H-J6-fixed-5-washer,hardware,1,J6.fixed,hardware01,"purchased steel, nominal dimensional envelope; do not print",0.0003040270007326211,Purchased washer OD9 /hole4.4 /th0.8
A16-H-J6-fixed-6,hardware,1,J6.fixed,hardware01,"purchased steel, nominal dimensional envelope; do not print",0.0023003886839098927,ISO4762 M4x12
A16-H-J6-fixed-6-washer,hardware,1,J6.fixed,hardware01,"purchased steel, nominal dimensional envelope; do not print",0.0003040270007326212,Purchased washer OD9 /hole4.4 /th0.8
A16-H-J6-output-1,hardware,1,J6.rotor,hardware01,"purchased steel, nominal dimensional envelope; do not print",0.0024976807025553307,ISO4762 M4x14
A16-H-J6-output-1-washer,hardware,1,J6.rotor,hardware01,"purchased steel, nominal dimensional envelope; do not print",0.0003040270007326212,Purchased washer OD9 /hole4.4 /th0.8
A16-H-J6-output-2,hardware,1,J6.rotor,hardware01,"purchased steel, nominal dimensional envelope; do not print",0.0024976807025553307,ISO4762 M4x14
A16-H-J6-output-2-washer,hardware,1,J6.rotor,hardware01,"purchased steel, nominal dimensional envelope; do not print",0.0003040270007326212,Purchased washer OD9 /hole4.4 /th0.8
A16-H-J6-output-3,hardware,1,J6.rotor,hardware01,"purchased steel, nominal dimensional envelope; do not print",0.0024976807025553307,ISO4762 M4x14
A16-H-J6-output-3-washer,hardware,1,J6.rotor,hardware01,"purchased steel, nominal dimensional envelope; do not print",0.0003040270007326212,Purchased washer OD9 /hole4.4 /th0.8
A16-H-J6-output-4,hardware,1,J6.rotor,hardware01,"purchased steel, nominal dimensional envelope; do not print",0.0024976807025553307,ISO4762 M4x14
A16-H-J6-output-4-washer,hardware,1,J6.rotor,hardware01,"purchased steel, nominal dimensional envelope; do not print",0.00030402700073262133,Purchased washer OD9 /hole4.4 /th0.8
A16-H-J6-output-5,hardware,1,J6.rotor,hardware01,"purchased steel, nominal dimensional envelope; do not print",0.0024976807025553303,ISO4762 M4x14
A16-H-J6-output-5-washer,hardware,1,J6.rotor,hardware01,"purchased steel, nominal dimensional envelope; do not print",0.0003040270007326212,Purchased washer OD9 /hole4.4 /th0.8
A16-H-J6-output-6,hardware,1,J6.rotor,hardware01,"purchased steel, nominal dimensional envelope; do not print",0.0024976807025553307,ISO4762 M4x14
A16-H-J6-output-6-washer,hardware,1,J6.rotor,hardware01,"purchased steel, nominal dimensional envelope; do not print",0.0003040270007326212,Purchased washer OD9 /hole4.4 /th0.8
A16-H-J7-fixed-1,hardware,1,J7.fixed,hardware01,"purchased steel, nominal dimensional envelope; do not print",0.000969183902173088,ISO7380-1 M3x12; hexsocketAF2
A16-H-J7-fixed-1-washer,hardware,1,J7.fixed,hardware01,"purchased steel, nominal dimensional envelope; do not print",0.00011541583090758183,Purchased washer OD7 /hole3.4 /th0.5
A16-H-J7-fixed-2,hardware,1,J7.fixed,hardware01,"purchased steel, nominal dimensional envelope; do not print",0.0009691839021730882,ISO7380-1 M3x12; hexsocketAF2
A16-H-J7-fixed-2-washer,hardware,1,J7.fixed,hardware01,"purchased steel, nominal dimensional envelope; do not print",0.00011541583090758184,Purchased washer OD7 /hole3.4 /th0.5
A16-H-J7-fixed-3,hardware,1,J7.fixed,hardware01,"purchased steel, nominal dimensional envelope; do not print",0.0009691839021730882,ISO7380-1 M3x12; hexsocketAF2
A16-H-J7-fixed-3-washer,hardware,1,J7.fixed,hardware01,"purchased steel, nominal dimensional envelope; do not print",0.00011541583090758184,Purchased washer OD7 /hole3.4 /th0.5
A16-H-J7-fixed-4,hardware,1,J7.fixed,hardware01,"purchased steel, nominal dimensional envelope; do not print",0.0009691839021730882,ISO7380-1 M3x12; hexsocketAF2
A16-H-J7-fixed-4-washer,hardware,1,J7.fixed,hardware01,"purchased steel, nominal dimensional envelope; do not print",0.00011541583090758184,Purchased washer OD7 /hole3.4 /th0.5
A16-H-J7-fixed-5,hardware,1,J7.fixed,hardware01,"purchased steel, nominal dimensional envelope; do not print",0.0009691839021730882,ISO7380-1 M3x12; hexsocketAF2
A16-H-J7-fixed-5-washer,hardware,1,J7.fixed,hardware01,"purchased steel, nominal dimensional envelope; do not print",0.00011541583090758183,Purchased washer OD7 /hole3.4 /th0.5
A16-H-J7-fixed-6,hardware,1,J7.fixed,hardware01,"purchased steel, nominal dimensional envelope; do not print",0.0009691839021730882,ISO7380-1 M3x12; hexsocketAF2
A16-H-J7-fixed-6-washer,hardware,1,J7.fixed,hardware01,"purchased steel, nominal dimensional envelope; do not print",0.00011541583090758183,Purchased washer OD7 /hole3.4 /th0.5
A16-H-J7-output-1,hardware,1,J7.rotor,hardware01,"purchased steel, nominal dimensional envelope; do not print",0.00272593132967202,ISO4762 M3x40
A16-H-J7-output-1-washer,hardware,1,J7.rotor,hardware01,"purchased steel, nominal dimensional envelope; do not print",0.00011541583090758184,Purchased washer OD7 /hole3.4 /th0.5
A16-H-J7-output-2,hardware,1,J7.rotor,hardware01,"purchased steel, nominal dimensional envelope; do not print",0.00272593132967202,ISO4762 M3x40
A16-H-J7-output-2-washer,hardware,1,J7.rotor,hardware01,"purchased steel, nominal dimensional envelope; do not print",0.00011541583090758187,Purchased washer OD7 /hole3.4 /th0.5
A16-H-J7-output-3,hardware,1,J7.rotor,hardware01,"purchased steel, nominal dimensional envelope; do not print",0.002725931329672021,ISO4762 M3x40
A16-H-J7-output-3-washer,hardware,1,J7.rotor,hardware01,"purchased steel, nominal dimensional envelope; do not print",0.00011541583090758184,Purchased washer OD7 /hole3.4 /th0.5
A16-H-J7-output-4,hardware,1,J7.rotor,hardware01,"purchased steel, nominal dimensional envelope; do not print",0.002725931329672021,ISO4762 M3x40
A16-H-J7-output-4-washer,hardware,1,J7.rotor,hardware01,"purchased steel, nominal dimensional envelope; do not print",0.00011541583090758183,Purchased washer OD7 /hole3.4 /th0.5
A16-H-J7-output-5,hardware,1,J7.rotor,hardware01,"purchased steel, nominal dimensional envelope; do not print",0.00272593132967202,ISO4762 M3x40
A16-H-J7-output-5-washer,hardware,1,J7.rotor,hardware01,"purchased steel, nominal dimensional envelope; do not print",0.00011541583090758184,Purchased washer OD7 /hole3.4 /th0.5
A16-H-J7-output-6,hardware,1,J7.rotor,hardware01,"purchased steel, nominal dimensional envelope; do not print",0.00272593132967202,ISO4762 M3x40
A16-H-J7-output-6-washer,hardware,1,J7.rotor,hardware01,"purchased steel, nominal dimensional envelope; do not print",0.00011541583090758187,Purchased washer OD7 /hole3.4 /th0.5
A16-H-tube-3-1-M4,hardware,1,J3.rotor,hardware01,"purchased steel, nominal dimensional envelope; do not print",0.004569246898332439,ISO4762 M4x35
A16-H-tube-3-1-M4-washer,hardware,1,J3.rotor,hardware01,"purchased steel, nominal dimensional envelope; do not print",0.00030402700073262165,Purchased washer OD9 /hole4.4 /th0.8
A16-H-tube-3-1-rear-washer,hardware,1,J3.rotor,hardware01,"purchased steel, nominal dimensional envelope; do not print",0.00030402700073262165,Purchased washer OD9 /hole4.4 /th0.8
A16-H-tube-3-1-nut,hardware,1,J3.rotor,hardware01,"purchased steel, nominal dimensional envelope; do not print",0.0007503061191774876,"ISO4032 nut M4; AF7, envelope height3.2; thread helix omitted"
A16-H-tube-3-1-crush-spacer,hardware,1,J3.rotor,hardware01,"purchased steel, nominal dimensional envelope; do not print",0.004315762907868976,Stock spacer OD8 ID4.5 length16 nominal; match measured tube internal width before cutting; bolt captures sleeve. No tube wall crushing used as a clamp strategy.
A16-H-tube-3-2-M4,hardware,1,J3.rotor,hardware01,"purchased steel, nominal dimensional envelope; do not print",0.004569246898332438,ISO4762 M4x35
A16-H-tube-3-2-M4-washer,hardware,1,J3.rotor,hardware01,"purchased steel, nominal dimensional envelope; do not print",0.00030402700073262155,Purchased washer OD9 /hole4.4 /th0.8
A16-H-tube-3-2-rear-washer,hardware,1,J3.rotor,hardware01,"purchased steel, nominal dimensional envelope; do not print",0.00030402700073262155,Purchased washer OD9 /hole4.4 /th0.8
A16-H-tube-3-2-nut,hardware,1,J3.rotor,hardware01,"purchased steel, nominal dimensional envelope; do not print",0.0007503061191774887,"ISO4032 nut M4; AF7, envelope height3.2; thread helix omitted"
A16-H-tube-3-2-crush-spacer,hardware,1,J3.rotor,hardware01,"purchased steel, nominal dimensional envelope; do not print",0.0043157629078689795,Stock spacer OD8 ID4.5 length16 nominal; match measured tube internal width before cutting; bolt captures sleeve. No tube wall crushing used as a clamp strategy.
A16-H-tube-3-3-M4,hardware,1,J3.rotor,hardware01,"purchased steel, nominal dimensional envelope; do not print",0.004569246898332437,ISO4762 M4x35
A16-H-tube-3-3-M4-washer,hardware,1,J3.rotor,hardware01,"purchased steel, nominal dimensional envelope; do not print",0.00030402700073262176,Purchased washer OD9 /hole4.4 /th0.8
A16-H-tube-3-3-rear-washer,hardware,1,J3.rotor,hardware01,"purchased steel, nominal dimensional envelope; do not print",0.0003040270007326217,Purchased washer OD9 /hole4.4 /th0.8
A16-H-tube-3-3-nut,hardware,1,J3.rotor,hardware01,"purchased steel, nominal dimensional envelope; do not print",0.0007503061191774888,"ISO4032 nut M4; AF7, envelope height3.2; thread helix omitted"
A16-H-tube-3-3-crush-spacer,hardware,1,J3.rotor,hardware01,"purchased steel, nominal dimensional envelope; do not print",0.004315762907868976,Stock spacer OD8 ID4.5 length16 nominal; match measured tube internal width before cutting; bolt captures sleeve. No tube wall crushing used as a clamp strategy.
A16-H-tube-3-4-M4,hardware,1,J3.rotor,hardware01,"purchased steel, nominal dimensional envelope; do not print",0.004569246898332447,ISO4762 M4x35
A16-H-tube-3-4-M4-washer,hardware,1,J3.rotor,hardware01,"purchased steel, nominal dimensional envelope; do not print",0.0003040270007326221,Purchased washer OD9 /hole4.4 /th0.8
A16-H-tube-3-4-rear-washer,hardware,1,J3.rotor,hardware01,"purchased steel, nominal dimensional envelope; do not print",0.0003040270007326221,Purchased washer OD9 /hole4.4 /th0.8
A16-H-tube-3-4-nut,hardware,1,J3.rotor,hardware01,"purchased steel, nominal dimensional envelope; do not print",0.0007503061191774855,"ISO4032 nut M4; AF7, envelope height3.2; thread helix omitted"
A16-H-tube-3-4-crush-spacer,hardware,1,J3.rotor,hardware01,"purchased steel, nominal dimensional envelope; do not print",0.004315762907868986,Stock spacer OD8 ID4.5 length16 nominal; match measured tube internal width before cutting; bolt captures sleeve. No tube wall crushing used as a clamp strategy.
A16-H-tube-4-1-M4,hardware,1,J4.rotor,hardware01,"purchased steel, nominal dimensional envelope; do not print",0.0045692468983324405,ISO4762 M4x35
A16-H-tube-4-1-M4-washer,hardware,1,J4.rotor,hardware01,"purchased steel, nominal dimensional envelope; do not print",0.0003040270007326213,Purchased washer OD9 /hole4.4 /th0.8
A16-H-tube-4-1-rear-washer,hardware,1,J4.rotor,hardware01,"purchased steel, nominal dimensional envelope; do not print",0.0003040270007326212,Purchased washer OD9 /hole4.4 /th0.8
A16-H-tube-4-1-nut,hardware,1,J4.rotor,hardware01,"purchased steel, nominal dimensional envelope; do not print",0.0007503061191774871,"ISO4032 nut M4; AF7, envelope height3.2; thread helix omitted"
A16-H-tube-4-1-crush-spacer,hardware,1,J4.rotor,hardware01,"purchased steel, nominal dimensional envelope; do not print",0.004315762907868977,Stock spacer OD8 ID4.5 length16 nominal; match measured tube internal width before cutting; bolt captures sleeve. No tube wall crushing used as a clamp strategy.
A16-H-tube-4-2-M4,hardware,1,J4.rotor,hardware01,"purchased steel, nominal dimensional envelope; do not print",0.00456924689833244,ISO4762 M4x35
A16-H-tube-4-2-M4-washer,hardware,1,J4.rotor,hardware01,"purchased steel, nominal dimensional envelope; do not print",0.0003040270007326211,Purchased washer OD9 /hole4.4 /th0.8
A16-H-tube-4-2-rear-washer,hardware,1,J4.rotor,hardware01,"purchased steel, nominal dimensional envelope; do not print",0.00030402700073262106,Purchased washer OD9 /hole4.4 /th0.8
A16-H-tube-4-2-nut,hardware,1,J4.rotor,hardware01,"purchased steel, nominal dimensional envelope; do not print",0.0007503061191774872,"ISO4032 nut M4; AF7, envelope height3.2; thread helix omitted"
A16-H-tube-4-2-crush-spacer,hardware,1,J4.rotor,hardware01,"purchased steel, nominal dimensional envelope; do not print",0.004315762907868976,Stock spacer OD8 ID4.5 length16 nominal; match measured tube internal width before cutting; bolt captures sleeve. No tube wall crushing used as a clamp strategy.
A16-H-tube-4-3-M4,hardware,1,J4.rotor,hardware01,"purchased steel, nominal dimensional envelope; do not print",0.00456924689833244,ISO4762 M4x35
A16-H-tube-4-3-M4-washer,hardware,1,J4.rotor,hardware01,"purchased steel, nominal dimensional envelope; do not print",0.0003040270007326212,Purchased washer OD9 /hole4.4 /th0.8
A16-H-tube-4-3-rear-washer,hardware,1,J4.rotor,hardware01,"purchased steel, nominal dimensional envelope; do not print",0.00030402700073262117,Purchased washer OD9 /hole4.4 /th0.8
A16-H-tube-4-3-nut,hardware,1,J4.rotor,hardware01,"purchased steel, nominal dimensional envelope; do not print",0.0007503061191774876,"ISO4032 nut M4; AF7, envelope height3.2; thread helix omitted"
A16-H-tube-4-3-crush-spacer,hardware,1,J4.rotor,hardware01,"purchased steel, nominal dimensional envelope; do not print",0.004315762907868976,Stock spacer OD8 ID4.5 length16 nominal; match measured tube internal width before cutting; bolt captures sleeve. No tube wall crushing used as a clamp strategy.
A16-H-tube-4-4-M4,hardware,1,J4.rotor,hardware01,"purchased steel, nominal dimensional envelope; do not print",0.004569246898332438,ISO4762 M4x35
A16-H-tube-4-4-M4-washer,hardware,1,J4.rotor,hardware01,"purchased steel, nominal dimensional envelope; do not print",0.0003040270007326211,Purchased washer OD9 /hole4.4 /th0.8
A16-H-tube-4-4-rear-washer,hardware,1,J4.rotor,hardware01,"purchased steel, nominal dimensional envelope; do not print",0.00030402700073262106,Purchased washer OD9 /hole4.4 /th0.8
A16-H-tube-4-4-nut,hardware,1,J4.rotor,hardware01,"purchased steel, nominal dimensional envelope; do not print",0.0007503061191774887,"ISO4032 nut M4; AF7, envelope height3.2; thread helix omitted"
A16-H-tube-4-4-crush-spacer,hardware,1,J4.rotor,hardware01,"purchased steel, nominal dimensional envelope; do not print",0.0043157629078689795,Stock spacer OD8 ID4.5 length16 nominal; match measured tube internal width before cutting; bolt captures sleeve. No tube wall crushing used as a clamp strategy.
A16-H-J7-cage-M3-1,hardware,1,J7.fixed,hardware01,"purchased steel, nominal dimensional envelope; do not print",0.002725931329672021,ISO4762 M3x40
A16-H-J7-cage-M3-1-washer,hardware,1,J7.fixed,hardware01,"purchased steel, nominal dimensional envelope; do not print",0.00011541583090758188,Purchased washer OD7 /hole3.4 /th0.5
A16-H-J7-cage-rear-washer-1,hardware,1,J7.fixed,hardware01,"purchased steel, nominal dimensional envelope; do not print",0.00011541583090758188,Purchased washer OD7 /hole3.4 /th0.5
A16-H-J7-cage-nut-1,hardware,1,J7.fixed,hardware01,"purchased steel, nominal dimensional envelope; do not print",0.00036038442528511794,"ISO4032 nut M3; AF5.5, envelope height2.4; thread helix omitted"
A16-H-J7-cage-M3-2,hardware,1,J7.fixed,hardware01,"purchased steel, nominal dimensional envelope; do not print",0.0027259313296720206,ISO4762 M3x40
A16-H-J7-cage-M3-2-washer,hardware,1,J7.fixed,hardware01,"purchased steel, nominal dimensional envelope; do not print",0.00011541583090758181,Purchased washer OD7 /hole3.4 /th0.5
A16-H-J7-cage-rear-washer-2,hardware,1,J7.fixed,hardware01,"purchased steel, nominal dimensional envelope; do not print",0.00011541583090758184,Purchased washer OD7 /hole3.4 /th0.5
A16-H-J7-cage-nut-2,hardware,1,J7.fixed,hardware01,"purchased steel, nominal dimensional envelope; do not print",0.00036038442528511805,"ISO4032 nut M3; AF5.5, envelope height2.4; thread helix omitted"
A16-H-J7-cage-M3-3,hardware,1,J7.fixed,hardware01,"purchased steel, nominal dimensional envelope; do not print",0.002725931329672021,ISO4762 M3x40
A16-H-J7-cage-M3-3-washer,hardware,1,J7.fixed,hardware01,"purchased steel, nominal dimensional envelope; do not print",0.00011541583090758185,Purchased washer OD7 /hole3.4 /th0.5
A16-H-J7-cage-rear-washer-3,hardware,1,J7.fixed,hardware01,"purchased steel, nominal dimensional envelope; do not print",0.00011541583090758187,Purchased washer OD7 /hole3.4 /th0.5
A16-H-J7-cage-nut-3,hardware,1,J7.fixed,hardware01,"purchased steel, nominal dimensional envelope; do not print",0.00036038442528511805,"ISO4032 nut M3; AF5.5, envelope height2.4; thread helix omitted"
A16-H-J7-cage-M3-4,hardware,1,J7.fixed,hardware01,"purchased steel, nominal dimensional envelope; do not print",0.002725931329672021,ISO4762 M3x40
A16-H-J7-cage-M3-4-washer,hardware,1,J7.fixed,hardware01,"purchased steel, nominal dimensional envelope; do not print",0.00011541583090758183,Purchased washer OD7 /hole3.4 /th0.5
A16-H-J7-cage-rear-washer-4,hardware,1,J7.fixed,hardware01,"purchased steel, nominal dimensional envelope; do not print",0.00011541583090758184,Purchased washer OD7 /hole3.4 /th0.5
A16-H-J7-cage-nut-4,hardware,1,J7.fixed,hardware01,"purchased steel, nominal dimensional envelope; do not print",0.0003603844252851179,"ISO4032 nut M3; AF5.5, envelope height2.4; thread helix omitted"
A16-H-J7-cage-M3-5,hardware,1,J7.fixed,hardware01,"purchased steel, nominal dimensional envelope; do not print",0.0027259313296720206,ISO4762 M3x40
A16-H-J7-cage-M3-5-washer,hardware,1,J7.fixed,hardware01,"purchased steel, nominal dimensional envelope; do not print",0.00011541583090758181,Purchased washer OD7 /hole3.4 /th0.5
A16-H-J7-cage-rear-washer-5,hardware,1,J7.fixed,hardware01,"purchased steel, nominal dimensional envelope; do not print",0.0001154158309075818,Purchased washer OD7 /hole3.4 /th0.5
A16-H-J7-cage-nut-5,hardware,1,J7.fixed,hardware01,"purchased steel, nominal dimensional envelope; do not print",0.00036038442528511805,"ISO4032 nut M3; AF5.5, envelope height2.4; thread helix omitted"
A16-H-J7-cage-M3-6,hardware,1,J7.fixed,hardware01,"purchased steel, nominal dimensional envelope; do not print",0.0027259313296720206,ISO4762 M3x40
A16-H-J7-cage-M3-6-washer,hardware,1,J7.fixed,hardware01,"purchased steel, nominal dimensional envelope; do not print",0.00011541583090758183,Purchased washer OD7 /hole3.4 /th0.5
A16-H-J7-cage-rear-washer-6,hardware,1,J7.fixed,hardware01,"purchased steel, nominal dimensional envelope; do not print",0.00011541583090758184,Purchased washer OD7 /hole3.4 /th0.5
A16-H-J7-cage-nut-6,hardware,1,J7.fixed,hardware01,"purchased steel, nominal dimensional envelope; do not print",0.0003603844252851179,"ISO4032 nut M3; AF5.5, envelope height2.4; thread helix omitted"
A16-H-IF-core-dowel,hardware,1,J7.rotor,hardware01,"purchased steel, nominal dimensional envelope; do not print",0.0003329302814641783,Purchased steel D3x6 clock dowel; actual retention trial required.
A16-H-IF-core-M4-1,hardware,1,J7.rotor,hardware01,"purchased steel, nominal dimensional envelope; do not print",0.0030895567584916478,ISO4762 M4x20
A16-H-IF-core-M4-1-washer,hardware,1,J7.rotor,hardware01,"purchased steel, nominal dimensional envelope; do not print",0.000286468011073177,Purchased washer OD8.8 /hole4.4 /th0.8
A16-H-IF-core-nut-1,hardware,1,J7.rotor,hardware01,"purchased steel, nominal dimensional envelope; do not print",0.0007503061191774871,"ISO4032 nut M4; AF7, envelope height3.2; thread helix omitted"
A16-H-IF-core-M4-2,hardware,1,J7.rotor,hardware01,"purchased steel, nominal dimensional envelope; do not print",0.003089556758491647,ISO4762 M4x20
A16-H-IF-core-M4-2-washer,hardware,1,J7.rotor,hardware01,"purchased steel, nominal dimensional envelope; do not print",0.0002864680110731771,Purchased washer OD8.8 /hole4.4 /th0.8
A16-H-IF-core-nut-2,hardware,1,J7.rotor,hardware01,"purchased steel, nominal dimensional envelope; do not print",0.0007503061191774872,"ISO4032 nut M4; AF7, envelope height3.2; thread helix omitted"
A16-H-IF-core-M4-3,hardware,1,J7.rotor,hardware01,"purchased steel, nominal dimensional envelope; do not print",0.0030895567584916465,ISO4762 M4x20
A16-H-IF-core-M4-3-washer,hardware,1,J7.rotor,hardware01,"purchased steel, nominal dimensional envelope; do not print",0.0002864680110731771,Purchased washer OD8.8 /hole4.4 /th0.8
A16-H-IF-core-nut-3,hardware,1,J7.rotor,hardware01,"purchased steel, nominal dimensional envelope; do not print",0.0007503061191774874,"ISO4032 nut M4; AF7, envelope height3.2; thread helix omitted"
A16-H-IF-roof-front-1,hardware,1,J7.rotor,hardware01,"purchased steel, nominal dimensional envelope; do not print",0.0010612799223511291,ISO4762 M3x10
A16-H-IF-roof-front-1-washer,hardware,1,J7.rotor,hardware01,"purchased steel, nominal dimensional envelope; do not print",0.00011541583090758183,Purchased washer OD7 /hole3.4 /th0.5
A16-H-IF-roof-front-nut-1,hardware,1,J7.rotor,hardware01,"purchased steel, nominal dimensional envelope; do not print",0.0003603844252851182,"ISO4032 nut M3; AF5.5, envelope height2.4; thread helix omitted"
A16-H-IF-roof-front-2,hardware,1,J7.rotor,hardware01,"purchased steel, nominal dimensional envelope; do not print",0.0010612799223511291,ISO4762 M3x10
A16-H-IF-roof-front-2-washer,hardware,1,J7.rotor,hardware01,"purchased steel, nominal dimensional envelope; do not print",0.00011541583090758183,Purchased washer OD7 /hole3.4 /th0.5
A16-H-IF-roof-front-nut-2,hardware,1,J7.rotor,hardware01,"purchased steel, nominal dimensional envelope; do not print",0.00036038442528511815,"ISO4032 nut M3; AF5.5, envelope height2.4; thread helix omitted"
A16-H-IF-roof-rear-1,hardware,1,J7.rotor,hardware01,"purchased steel, nominal dimensional envelope; do not print",0.0008582071416850289,ISO7380-1 M3x10; hexsocketAF2
A16-H-IF-roof-rear-1-washer,hardware,1,J7.rotor,hardware01,"purchased steel, nominal dimensional envelope; do not print",0.00011541583090758184,Purchased washer OD7 /hole3.4 /th0.5
A16-H-IF-roof-rear-nut-1,hardware,1,J7.rotor,hardware01,"purchased steel, nominal dimensional envelope; do not print",0.00036038442528511745,"ISO4032 nut M3; AF5.5, envelope height2.4; thread helix omitted"
A16-H-IF-roof-rear-2,hardware,1,J7.rotor,hardware01,"purchased steel, nominal dimensional envelope; do not print",0.0008582071416850288,ISO7380-1 M3x10; hexsocketAF2
A16-H-IF-roof-rear-2-washer,hardware,1,J7.rotor,hardware01,"purchased steel, nominal dimensional envelope; do not print",0.00011541583090758185,Purchased washer OD7 /hole3.4 /th0.5
A16-H-IF-roof-rear-nut-2,hardware,1,J7.rotor,hardware01,"purchased steel, nominal dimensional envelope; do not print",0.00036038442528511756,"ISO4032 nut M3; AF5.5, envelope height2.4; thread helix omitted"
A16-H-IF-panel-1,hardware,1,J7.rotor,hardware01,"purchased steel, nominal dimensional envelope; do not print",0.0011722566828391886,ISO4762 M3x12
A16-H-IF-panel-1-washer,hardware,1,J7.rotor,hardware01,"purchased steel, nominal dimensional envelope; do not print",0.00011541583090758183,Purchased washer OD7 /hole3.4 /th0.5
A16-H-IF-panel-nut-1,hardware,1,J7.rotor,hardware01,"purchased steel, nominal dimensional envelope; do not print",0.000360384425285118,"ISO4032 nut M3; AF5.5, envelope height2.4; thread helix omitted"
A16-H-IF-panel-2,hardware,1,J7.rotor,hardware01,"purchased steel, nominal dimensional envelope; do not print",0.0011722566828391886,ISO4762 M3x12
A16-H-IF-panel-2-washer,hardware,1,J7.rotor,hardware01,"purchased steel, nominal dimensional envelope; do not print",0.00011541583090758183,Purchased washer OD7 /hole3.4 /th0.5
A16-H-IF-panel-nut-2,hardware,1,J7.rotor,hardware01,"purchased steel, nominal dimensional envelope; do not print",0.000360384425285118,"ISO4032 nut M3; AF5.5, envelope height2.4; thread helix omitted"
A16-H-J7-6807-1,hardware,1,J7.fixed,hardware01,"purchased steel, nominal dimensional envelope; do not print",0.04246710701343074,"6807 ID35 OD47 width7 nominal closed envelope, not internal rolling geometry. Uniform steel envelope mass is conservative, not catalogue mass. Shim after physical endplay measurement."
A16-H-J7-6807-2,hardware,1,J7.fixed,hardware01,"purchased steel, nominal dimensional envelope; do not print",0.04246710701343074,"6807 ID35 OD47 width7 nominal closed envelope, not internal rolling geometry. Uniform steel envelope mass is conservative, not catalogue mass. Shim after physical endplay measurement."
A16-C03-root-front-holder,printed_structure,1,J1.fixed,root-cover03,PETG supported dimensional fit,0.07291541971982282,"Replacement R102 only: four additionalD3.5 atR62,20/160/200/340deg. X+/-58.2609 lies outside S101 foot+/-55, allowing an outward hex-key access allocation. Native mounts/slots/datums unchanged; old R102 is not simultaneously installed."
A16-C03-root-cowl-a,printed_cover,1,J1.fixed,root-cover03,PETG supported fit,0.09711699476491746,"Existing A continuous root outline retained. Two straight3mm internal tabs per half, D3.5 clearance. Print upright with brim and internal support under tabs; slicer and physical retention not qualified."
A16-C03-root-cowl-b,printed_cover,1,J1.fixed,root-cover03,PETG supported fit,0.09612498387475518,"Existing A continuous root outline retained. Two straight3mm internal tabs per half, D3.5 clearance. Print upright with brim and internal support under tabs; slicer and physical retention not qualified."
A16-C03-H-M3-1,hardware,1,J1.fixed,root-cover03,"purchased steel, nominal dimensional envelope; do not print",0.0013942102038153076,ISO4762 M3x16
A16-C03-H-M3-1-washer,hardware,1,J1.fixed,root-cover03,"purchased steel, nominal dimensional envelope; do not print",0.00011948497879214398,Purchased washer OD7 /hole3.2 /th0.5
A16-C03-H-tab-spacer-1,hardware,1,J1.fixed,root-cover03,"purchased steel, nominal dimensional envelope; do not print",0.00011948497879214398,Purchased washer OD7 /hole3.2 /th0.5
A16-C03-H-nut-1,hardware,1,J1.fixed,root-cover03,"purchased steel, nominal dimensional envelope; do not print",0.00036038442528511767,"ISO4032 nut M3; AF5.5, envelope height2.4; thread helix omitted"
A16-C03-H-M3-2,hardware,1,J1.fixed,root-cover03,"purchased steel, nominal dimensional envelope; do not print",0.0013942102038153076,ISO4762 M3x16
A16-C03-H-M3-2-washer,hardware,1,J1.fixed,root-cover03,"purchased steel, nominal dimensional envelope; do not print",0.00011948497879214398,Purchased washer OD7 /hole3.2 /th0.5
A16-C03-H-tab-spacer-2,hardware,1,J1.fixed,root-cover03,"purchased steel, nominal dimensional envelope; do not print",0.00011948497879214398,Purchased washer OD7 /hole3.2 /th0.5
A16-C03-H-nut-2,hardware,1,J1.fixed,root-cover03,"purchased steel, nominal dimensional envelope; do not print",0.00036038442528511767,"ISO4032 nut M3; AF5.5, envelope height2.4; thread helix omitted"
A16-C03-H-M3-3,hardware,1,J1.fixed,root-cover03,"purchased steel, nominal dimensional envelope; do not print",0.0013942102038153076,ISO4762 M3x16
A16-C03-H-M3-3-washer,hardware,1,J1.fixed,root-cover03,"purchased steel, nominal dimensional envelope; do not print",0.00011948497879214398,Purchased washer OD7 /hole3.2 /th0.5
A16-C03-H-tab-spacer-3,hardware,1,J1.fixed,root-cover03,"purchased steel, nominal dimensional envelope; do not print",0.00011948497879214398,Purchased washer OD7 /hole3.2 /th0.5
A16-C03-H-nut-3,hardware,1,J1.fixed,root-cover03,"purchased steel, nominal dimensional envelope; do not print",0.0003603844252851176,"ISO4032 nut M3; AF5.5, envelope height2.4; thread helix omitted"
A16-C03-H-M3-4,hardware,1,J1.fixed,root-cover03,"purchased steel, nominal dimensional envelope; do not print",0.0013942102038153076,ISO4762 M3x16
A16-C03-H-M3-4-washer,hardware,1,J1.fixed,root-cover03,"purchased steel, nominal dimensional envelope; do not print",0.00011948497879214398,Purchased washer OD7 /hole3.2 /th0.5
A16-C03-H-tab-spacer-4,hardware,1,J1.fixed,root-cover03,"purchased steel, nominal dimensional envelope; do not print",0.00011948497879214398,Purchased washer OD7 /hole3.2 /th0.5
A16-C03-H-nut-4,hardware,1,J1.fixed,root-cover03,"purchased steel, nominal dimensional envelope; do not print",0.0003603844252851176,"ISO4032 nut M3; AF5.5, envelope height2.4; thread helix omitted"
A16-C04-J2-mount-plate,printed_structure,1,J1.rotor,cowls04,PETG supported fit,0.22485613634737234,"Existing core plate replaced, fourD3.5 atR64; native mounting faces and source hole patterns unchanged. No plastic threads."
A16-C04-J2-cowl-a,printed_cover,1,J2.fixed,cowls04,PETG supported fit,0.078475535558959,"Two straight3mm thick internal ears per removable half; ordinary M3 through-bolts. Front skin ends11.5mm from output plane, original body outline retained."
A16-C04-J2-cowl-b,printed_cover,1,J2.fixed,cowls04,PETG supported fit,0.07420864495296677,"Two straight3mm thick internal ears per removable half; ordinary M3 through-bolts. Front skin ends11.5mm from output plane, original body outline retained."
A16-C04-H-J2-1,hardware,1,J1.rotor,cowls04,"purchased steel, nominal dimensional envelope; do not print",0.0013942102038153072,ISO4762 M3x16
A16-C04-H-J2-1-washer,hardware,1,J1.rotor,cowls04,"purchased steel, nominal dimensional envelope; do not print",0.00011948497879214398,Purchased washer OD7 /hole3.2 /th0.5
A16-C04-H-J2-spacer-1,hardware,1,J1.rotor,cowls04,"purchased steel, nominal dimensional envelope; do not print",0.00011948497879214398,Purchased washer OD7 /hole3.2 /th0.5
A16-C04-H-J2-nut-1,hardware,1,J1.rotor,cowls04,"purchased steel, nominal dimensional envelope; do not print",0.0003603844252851179,"ISO4032 nut M3; AF5.5, envelope height2.4; thread helix omitted"
A16-C04-H-J2-2,hardware,1,J1.rotor,cowls04,"purchased steel, nominal dimensional envelope; do not print",0.0013942102038153072,ISO4762 M3x16
A16-C04-H-J2-2-washer,hardware,1,J1.rotor,cowls04,"purchased steel, nominal dimensional envelope; do not print",0.00011948497879214398,Purchased washer OD7 /hole3.2 /th0.5
A16-C04-H-J2-spacer-2,hardware,1,J1.rotor,cowls04,"purchased steel, nominal dimensional envelope; do not print",0.00011948497879214398,Purchased washer OD7 /hole3.2 /th0.5
A16-C04-H-J2-nut-2,hardware,1,J1.rotor,cowls04,"purchased steel, nominal dimensional envelope; do not print",0.0003603844252851179,"ISO4032 nut M3; AF5.5, envelope height2.4; thread helix omitted"
A16-C04-H-J2-3,hardware,1,J1.rotor,cowls04,"purchased steel, nominal dimensional envelope; do not print",0.0013942102038153074,ISO4762 M3x16
A16-C04-H-J2-3-washer,hardware,1,J1.rotor,cowls04,"purchased steel, nominal dimensional envelope; do not print",0.0001194849787921439,Purchased washer OD7 /hole3.2 /th0.5
A16-C04-H-J2-spacer-3,hardware,1,J1.rotor,cowls04,"purchased steel, nominal dimensional envelope; do not print",0.00011948497879214392,Purchased washer OD7 /hole3.2 /th0.5
A16-C04-H-J2-nut-3,hardware,1,J1.rotor,cowls04,"purchased steel, nominal dimensional envelope; do not print",0.00036038442528511783,"ISO4032 nut M3; AF5.5, envelope height2.4; thread helix omitted"
A16-C04-H-J2-4,hardware,1,J1.rotor,cowls04,"purchased steel, nominal dimensional envelope; do not print",0.0013942102038153076,ISO4762 M3x16
A16-C04-H-J2-4-washer,hardware,1,J1.rotor,cowls04,"purchased steel, nominal dimensional envelope; do not print",0.0001194849787921439,Purchased washer OD7 /hole3.2 /th0.5
A16-C04-H-J2-spacer-4,hardware,1,J1.rotor,cowls04,"purchased steel, nominal dimensional envelope; do not print",0.00011948497879214392,Purchased washer OD7 /hole3.2 /th0.5
A16-C04-H-J2-nut-4,hardware,1,J1.rotor,cowls04,"purchased steel, nominal dimensional envelope; do not print",0.0003603844252851177,"ISO4032 nut M3; AF5.5, envelope height2.4; thread helix omitted"
A16-C04-J3-mount-plate,printed_structure,1,J2.rotor,cowls04,PETG supported fit,0.13753787702871206,"Existing core plate replaced, fourD3.5 atR64; native mounting faces and source hole patterns unchanged. No plastic threads."
A16-C04-J3-cowl-a,printed_cover,1,J3.fixed,cowls04,PETG supported fit,0.07480890631390572,"Two straight3mm thick internal ears per removable half; ordinary M3 through-bolts. Front skin ends11.5mm from output plane, original body outline retained."
A16-C04-J3-cowl-b,printed_cover,1,J3.fixed,cowls04,PETG supported fit,0.07154433149394154,"Two straight3mm thick internal ears per removable half; ordinary M3 through-bolts. Front skin ends11.5mm from output plane, original body outline retained."
A16-C04-H-J3-1,hardware,1,J2.rotor,cowls04,"purchased steel, nominal dimensional envelope; do not print",0.0013942102038153074,ISO4762 M3x16
A16-C04-H-J3-1-washer,hardware,1,J2.rotor,cowls04,"purchased steel, nominal dimensional envelope; do not print",0.00011948497879214394,Purchased washer OD7 /hole3.2 /th0.5
A16-C04-H-J3-spacer-1,hardware,1,J2.rotor,cowls04,"purchased steel, nominal dimensional envelope; do not print",0.00011948497879214394,Purchased washer OD7 /hole3.2 /th0.5
A16-C04-H-J3-nut-1,hardware,1,J2.rotor,cowls04,"purchased steel, nominal dimensional envelope; do not print",0.0003603844252851179,"ISO4032 nut M3; AF5.5, envelope height2.4; thread helix omitted"
A16-C04-H-J3-2,hardware,1,J2.rotor,cowls04,"purchased steel, nominal dimensional envelope; do not print",0.0013942102038153083,ISO4762 M3x16
A16-C04-H-J3-2-washer,hardware,1,J2.rotor,cowls04,"purchased steel, nominal dimensional envelope; do not print",0.00011948497879214394,Purchased washer OD7 /hole3.2 /th0.5
A16-C04-H-J3-spacer-2,hardware,1,J2.rotor,cowls04,"purchased steel, nominal dimensional envelope; do not print",0.00011948497879214394,Purchased washer OD7 /hole3.2 /th0.5
A16-C04-H-J3-nut-2,hardware,1,J2.rotor,cowls04,"purchased steel, nominal dimensional envelope; do not print",0.00036038442528511767,"ISO4032 nut M3; AF5.5, envelope height2.4; thread helix omitted"
A16-C04-H-J3-3,hardware,1,J2.rotor,cowls04,"purchased steel, nominal dimensional envelope; do not print",0.0013942102038153083,ISO4762 M3x16
A16-C04-H-J3-3-washer,hardware,1,J2.rotor,cowls04,"purchased steel, nominal dimensional envelope; do not print",0.00011948497879214394,Purchased washer OD7 /hole3.2 /th0.5
A16-C04-H-J3-spacer-3,hardware,1,J2.rotor,cowls04,"purchased steel, nominal dimensional envelope; do not print",0.00011948497879214394,Purchased washer OD7 /hole3.2 /th0.5
A16-C04-H-J3-nut-3,hardware,1,J2.rotor,cowls04,"purchased steel, nominal dimensional envelope; do not print",0.00036038442528511767,"ISO4032 nut M3; AF5.5, envelope height2.4; thread helix omitted"
A16-C04-H-J3-4,hardware,1,J2.rotor,cowls04,"purchased steel, nominal dimensional envelope; do not print",0.0013942102038153076,ISO4762 M3x16
A16-C04-H-J3-4-washer,hardware,1,J2.rotor,cowls04,"purchased steel, nominal dimensional envelope; do not print",0.00011948497879214394,Purchased washer OD7 /hole3.2 /th0.5
A16-C04-H-J3-spacer-4,hardware,1,J2.rotor,cowls04,"purchased steel, nominal dimensional envelope; do not print",0.00011948497879214394,Purchased washer OD7 /hole3.2 /th0.5
A16-C04-H-J3-nut-4,hardware,1,J2.rotor,cowls04,"purchased steel, nominal dimensional envelope; do not print",0.0003603844252851179,"ISO4032 nut M3; AF5.5, envelope height2.4; thread helix omitted"
A16-C04-J4-mount-plate,printed_structure,1,J3.rotor,cowls04,PETG supported fit,0.15617093998501344,"Existing core plate replaced, fourD3.5 atR64; native mounting faces and source hole patterns unchanged. No plastic threads."
A16-C04-J4-cowl-a,printed_cover,1,J3.rotor,cowls04,PETG supported fit,0.07456396902579022,"Two straight3mm thick internal ears per removable half; ordinary M3 through-bolts. Front skin ends11.5mm from output plane, original body outline retained."
A16-C04-J4-cowl-b,printed_cover,1,J3.rotor,cowls04,PETG supported fit,0.07448403953169715,"Two straight3mm thick internal ears per removable half; ordinary M3 through-bolts. Front skin ends11.5mm from output plane, original body outline retained."
A16-C04-H-J4-1,hardware,1,J3.rotor,cowls04,"purchased steel, nominal dimensional envelope; do not print",0.0013942102038153068,ISO4762 M3x16
A16-C04-H-J4-1-washer,hardware,1,J3.rotor,cowls04,"purchased steel, nominal dimensional envelope; do not print",0.00011948497879214366,Purchased washer OD7 /hole3.2 /th0.5
A16-C04-H-J4-spacer-1,hardware,1,J3.rotor,cowls04,"purchased steel, nominal dimensional envelope; do not print",0.00011948497879214366,Purchased washer OD7 /hole3.2 /th0.5
A16-C04-H-J4-nut-1,hardware,1,J3.rotor,cowls04,"purchased steel, nominal dimensional envelope; do not print",0.00036038442528511805,"ISO4032 nut M3; AF5.5, envelope height2.4; thread helix omitted"
A16-C04-H-J4-2,hardware,1,J3.rotor,cowls04,"purchased steel, nominal dimensional envelope; do not print",0.001394210203815307,ISO4762 M3x16
A16-C04-H-J4-2-washer,hardware,1,J3.rotor,cowls04,"purchased steel, nominal dimensional envelope; do not print",0.00011948497879214366,Purchased washer OD7 /hole3.2 /th0.5
A16-C04-H-J4-spacer-2,hardware,1,J3.rotor,cowls04,"purchased steel, nominal dimensional envelope; do not print",0.00011948497879214366,Purchased washer OD7 /hole3.2 /th0.5
A16-C04-H-J4-nut-2,hardware,1,J3.rotor,cowls04,"purchased steel, nominal dimensional envelope; do not print",0.000360384425285118,"ISO4032 nut M3; AF5.5, envelope height2.4; thread helix omitted"
A16-C04-H-J4-3,hardware,1,J3.rotor,cowls04,"purchased steel, nominal dimensional envelope; do not print",0.0013942102038153068,ISO4762 M3x16
A16-C04-H-J4-3-washer,hardware,1,J3.rotor,cowls04,"purchased steel, nominal dimensional envelope; do not print",0.00011948497879214369,Purchased washer OD7 /hole3.2 /th0.5
A16-C04-H-J4-spacer-3,hardware,1,J3.rotor,cowls04,"purchased steel, nominal dimensional envelope; do not print",0.00011948497879214369,Purchased washer OD7 /hole3.2 /th0.5
A16-C04-H-J4-nut-3,hardware,1,J3.rotor,cowls04,"purchased steel, nominal dimensional envelope; do not print",0.00036038442528511805,"ISO4032 nut M3; AF5.5, envelope height2.4; thread helix omitted"
A16-C04-H-J4-4,hardware,1,J3.rotor,cowls04,"purchased steel, nominal dimensional envelope; do not print",0.0013942102038153068,ISO4762 M3x16
A16-C04-H-J4-4-washer,hardware,1,J3.rotor,cowls04,"purchased steel, nominal dimensional envelope; do not print",0.0001194849787921438,Purchased washer OD7 /hole3.2 /th0.5
A16-C04-H-J4-spacer-4,hardware,1,J3.rotor,cowls04,"purchased steel, nominal dimensional envelope; do not print",0.0001194849787921438,Purchased washer OD7 /hole3.2 /th0.5
A16-C04-H-J4-nut-4,hardware,1,J3.rotor,cowls04,"purchased steel, nominal dimensional envelope; do not print",0.000360384425285118,"ISO4032 nut M3; AF5.5, envelope height2.4; thread helix omitted"
A16-C05-J5-cowl-a,printed_cover,1,J5.fixed,wrist05,PETG supported fit,0.0354238644310498,"Two straight3mm ears per split cowl; local wall patch, native washer/headD9.8 access reliefs. M3x8 into ordinary brass heat-set inserts. Heat-set pullout and actual tool access unqualified."
A16-C05-J5-cowl-b,printed_cover,1,J5.fixed,wrist05,PETG supported fit,0.034746234141758675,"Two straight3mm ears per split cowl; local wall patch, native washer/headD9.8 access reliefs. M3x8 into ordinary brass heat-set inserts. Heat-set pullout and actual tool access unqualified."
A16-C05-H-J5-1,hardware,1,J4.rotor,wrist05,"purchased steel, nominal dimensional envelope; do not print",0.00095030316186307,ISO4762 M3x8
A16-C05-H-J5-1-washer,hardware,1,J4.rotor,wrist05,"purchased steel, nominal dimensional envelope; do not print",0.00011948497879214405,Purchased washer OD7 /hole3.2 /th0.5
A16-C05-H-J5-spacer-1,hardware,1,J4.rotor,wrist05,"purchased steel, nominal dimensional envelope; do not print",0.00011948497879214405,Purchased washer OD7 /hole3.2 /th0.5
A16-C05-H-J5-2,hardware,1,J4.rotor,wrist05,"purchased steel, nominal dimensional envelope; do not print",0.00095030316186307,ISO4762 M3x8
A16-C05-H-J5-2-washer,hardware,1,J4.rotor,wrist05,"purchased steel, nominal dimensional envelope; do not print",0.00011948497879214405,Purchased washer OD7 /hole3.2 /th0.5
A16-C05-H-J5-spacer-2,hardware,1,J4.rotor,wrist05,"purchased steel, nominal dimensional envelope; do not print",0.00011948497879214405,Purchased washer OD7 /hole3.2 /th0.5
A16-C05-H-J5-radial-1,hardware,1,J4.rotor,wrist05,"purchased steel, nominal dimensional envelope; do not print",0.001172256682839189,ISO4762 M3x12
A16-C05-H-J5-radial-1-washer,hardware,1,J4.rotor,wrist05,"purchased steel, nominal dimensional envelope; do not print",0.00011948497879214373,Purchased washer OD7 /hole3.2 /th0.5
A16-C05-H-J5-radial-2,hardware,1,J4.rotor,wrist05,"purchased steel, nominal dimensional envelope; do not print",0.00117225668283919,ISO4762 M3x12
A16-C05-H-J5-radial-2-washer,hardware,1,J4.rotor,wrist05,"purchased steel, nominal dimensional envelope; do not print",0.00011948497879214371,Purchased washer OD7 /hole3.2 /th0.5
A16-C05-J6-mount-plate,printed_structure,1,J5.rotor,wrist05,PETG supported fit,0.03718674931064241,Original ring profile and native interfaces retained; four ordinaryD8 cylindrical pads centredR31.5. D4.0x5.7 heat-set pilots for genuine RX-M3x5.7; minimum nominal radial wall2mm. Print calibration and insert retention must be tested.
A16-C05-J6-cowl-a,printed_cover,1,J6.fixed,wrist05,PETG supported fit,0.03447097825093622,"Two straight3mm ears per split cowl; local wall patch, native washer/headD9.8 access reliefs. M3x8 into ordinary brass heat-set inserts. Heat-set pullout and actual tool access unqualified."
A16-C05-J6-cowl-b,printed_cover,1,J6.fixed,wrist05,PETG supported fit,0.03302503740474023,"Two straight3mm ears per split cowl; local wall patch, native washer/headD9.8 access reliefs. M3x8 into ordinary brass heat-set inserts. Heat-set pullout and actual tool access unqualified."
A16-C05-H-J6-1,hardware,1,J5.rotor,wrist05,"purchased steel, nominal dimensional envelope; do not print",0.0009503031618630697,ISO4762 M3x8
A16-C05-H-J6-1-washer,hardware,1,J5.rotor,wrist05,"purchased steel, nominal dimensional envelope; do not print",0.00011948497879214398,Purchased washer OD7 /hole3.2 /th0.5
A16-C05-H-J6-spacer-1,hardware,1,J5.rotor,wrist05,"purchased steel, nominal dimensional envelope; do not print",0.00011948497879214398,Purchased washer OD7 /hole3.2 /th0.5
A16-C05-H-J6-insert-1,hardware,1,J5.rotor,wrist05,"Purchased lead-free brass heat-set RX-M3x5.7 /RX-M3Sx4.0; nominal envelope, not knurl detail",0.0004627188987619327,"Ruthex manufacturer datasheet15.08.2022: maximumOD4.6, recommended pilotD4.0,minwall1.6; length5.7. Brass density8.5 is assumed; pull-out and insertion process unqualified."
A16-C05-H-J6-2,hardware,1,J5.rotor,wrist05,"purchased steel, nominal dimensional envelope; do not print",0.0009503031618630699,ISO4762 M3x8
A16-C05-H-J6-2-washer,hardware,1,J5.rotor,wrist05,"purchased steel, nominal dimensional envelope; do not print",0.00011948497879214398,Purchased washer OD7 /hole3.2 /th0.5
A16-C05-H-J6-spacer-2,hardware,1,J5.rotor,wrist05,"purchased steel, nominal dimensional envelope; do not print",0.00011948497879214398,Purchased washer OD7 /hole3.2 /th0.5
A16-C05-H-J6-insert-2,hardware,1,J5.rotor,wrist05,"Purchased lead-free brass heat-set RX-M3x5.7 /RX-M3Sx4.0; nominal envelope, not knurl detail",0.0004627188987619335,"Ruthex manufacturer datasheet15.08.2022: maximumOD4.6, recommended pilotD4.0,minwall1.6; length5.7. Brass density8.5 is assumed; pull-out and insertion process unqualified."
A16-C05-H-J6-3,hardware,1,J5.rotor,wrist05,"purchased steel, nominal dimensional envelope; do not print",0.00095030316186307,ISO4762 M3x8
A16-C05-H-J6-3-washer,hardware,1,J5.rotor,wrist05,"purchased steel, nominal dimensional envelope; do not print",0.00011948497879214402,Purchased washer OD7 /hole3.2 /th0.5
A16-C05-H-J6-spacer-3,hardware,1,J5.rotor,wrist05,"purchased steel, nominal dimensional envelope; do not print",0.00011948497879214402,Purchased washer OD7 /hole3.2 /th0.5
A16-C05-H-J6-insert-3,hardware,1,J5.rotor,wrist05,"Purchased lead-free brass heat-set RX-M3x5.7 /RX-M3Sx4.0; nominal envelope, not knurl detail",0.0004627188987619337,"Ruthex manufacturer datasheet15.08.2022: maximumOD4.6, recommended pilotD4.0,minwall1.6; length5.7. Brass density8.5 is assumed; pull-out and insertion process unqualified."
A16-C05-H-J6-4,hardware,1,J5.rotor,wrist05,"purchased steel, nominal dimensional envelope; do not print",0.0009503031618630697,ISO4762 M3x8
A16-C05-H-J6-4-washer,hardware,1,J5.rotor,wrist05,"purchased steel, nominal dimensional envelope; do not print",0.00011948497879214396,Purchased washer OD7 /hole3.2 /th0.5
A16-C05-H-J6-spacer-4,hardware,1,J5.rotor,wrist05,"purchased steel, nominal dimensional envelope; do not print",0.00011948497879214396,Purchased washer OD7 /hole3.2 /th0.5
A16-C05-H-J6-insert-4,hardware,1,J5.rotor,wrist05,"Purchased lead-free brass heat-set RX-M3x5.7 /RX-M3Sx4.0; nominal envelope, not knurl detail",0.0004627188987619329,"Ruthex manufacturer datasheet15.08.2022: maximumOD4.6, recommended pilotD4.0,minwall1.6; length5.7. Brass density8.5 is assumed; pull-out and insertion process unqualified."
A16-C05-J7-bearing-housing,printed_structure,1,J7.fixed,wrist05,PETG supported fit,0.08406528437895307,"Original bearing seats/cage bolts unchanged; fourD4.0x4.0 radial heat-set pilots atX39/49,Y0,Z+/-42. RX-M3Sx4.0; physical bearing/pullout checks pending."
A16-C05-H-J7-1-1,hardware,1,J7.fixed,wrist05,"purchased steel, nominal dimensional envelope; do not print",0.0011722566828391886,ISO4762 M3x12
A16-C05-H-J7-1-1-washer,hardware,1,J7.fixed,wrist05,"purchased steel, nominal dimensional envelope; do not print",0.00011948497879214398,Purchased washer OD7 /hole3.2 /th0.5
A16-C05-H-J7-insert-1-1,hardware,1,J7.fixed,wrist05,"Purchased lead-free brass heat-set RX-M3x5.7 /RX-M3Sx4.0; nominal envelope, not knurl detail",0.0003247150166750405,"Ruthex manufacturer datasheet15.08.2022: maximumOD4.6, recommended pilotD4.0,minwall1.6; length4. Brass density8.5 is assumed; pull-out and insertion process unqualified."
A16-C05-H-J7-1-2,hardware,1,J7.fixed,wrist05,"purchased steel, nominal dimensional envelope; do not print",0.0011722566828391886,ISO4762 M3x12
A16-C05-H-J7-1-2-washer,hardware,1,J7.fixed,wrist05,"purchased steel, nominal dimensional envelope; do not print",0.00011948497879214402,Purchased washer OD7 /hole3.2 /th0.5
A16-C05-H-J7-insert-1-2,hardware,1,J7.fixed,wrist05,"Purchased lead-free brass heat-set RX-M3x5.7 /RX-M3Sx4.0; nominal envelope, not knurl detail",0.0003247150166750405,"Ruthex manufacturer datasheet15.08.2022: maximumOD4.6, recommended pilotD4.0,minwall1.6; length4. Brass density8.5 is assumed; pull-out and insertion process unqualified."
A16-C05-J7-cowl-a,printed_cover,1,J7.fixed,wrist05,PETG supported fit,0.050739211711254735,"Original silhouette with ordinary rearR46 circular relief about J6 axis, Z-55..0; two radialM3 fixings per half into standard short brass inserts. No motor, bearing, gear or axis change."
A16-C05-H-J7-2-1,hardware,1,J7.fixed,wrist05,"purchased steel, nominal dimensional envelope; do not print",0.0010612799223511293,ISO4762 M3x10
A16-C05-H-J7-2-1-washer,hardware,1,J7.fixed,wrist05,"purchased steel, nominal dimensional envelope; do not print",0.00011948497879214398,Purchased washer OD7 /hole3.2 /th0.5
A16-C05-H-J7-insert-2-1,hardware,1,J7.fixed,wrist05,"Purchased lead-free brass heat-set RX-M3x5.7 /RX-M3Sx4.0; nominal envelope, not knurl detail",0.0003247150166750406,"Ruthex manufacturer datasheet15.08.2022: maximumOD4.6, recommended pilotD4.0,minwall1.6; length4. Brass density8.5 is assumed; pull-out and insertion process unqualified."
A16-C05-H-J7-2-2,hardware,1,J7.fixed,wrist05,"purchased steel, nominal dimensional envelope; do not print",0.0010612799223511293,ISO4762 M3x10
A16-C05-H-J7-2-2-washer,hardware,1,J7.fixed,wrist05,"purchased steel, nominal dimensional envelope; do not print",0.00011948497879214402,Purchased washer OD7 /hole3.2 /th0.5
A16-C05-H-J7-insert-2-2,hardware,1,J7.fixed,wrist05,"Purchased lead-free brass heat-set RX-M3x5.7 /RX-M3Sx4.0; nominal envelope, not knurl detail",0.0003247150166750406,"Ruthex manufacturer datasheet15.08.2022: maximumOD4.6, recommended pilotD4.0,minwall1.6; length4. Brass density8.5 is assumed; pull-out and insertion process unqualified."
A16-C05-J7-cowl-b,printed_cover,1,J7.fixed,wrist05,PETG supported fit,0.04034504452419044,"Original silhouette with ordinary rearR46 circular relief about J6 axis, Z-55..0; two radialM3 fixings per half into standard short brass inserts. No motor, bearing, gear or axis change."
A16-C06-upper-saddle-115-dorsal,printed_structure,1,J3.rotor,skins06,PETG supported fit,0.0026060514705951296,"Conventional split8mm-long saddle around stock20x40 tube; cavity20.4x40.4, seam0.5. Two ordinary clamp bolts; no stock-tube drilling or cable passage blockage. Tightening/friction requires physical fit."
A16-C06-H-upper-115-dorsal,hardware,1,J3.rotor,skins06,"purchased steel, nominal dimensional envelope; do not print",0.0009503031618630696,ISO4762 M3x8
A16-C06-H-upper-115-dorsal-washer,hardware,1,J3.rotor,skins06,"purchased steel, nominal dimensional envelope; do not print",0.00011948497879214413,Purchased washer OD7 /hole3.2 /th0.5
A16-C06-H-upper-insert-115-dorsal,hardware,1,J3.rotor,skins06,"Purchased lead-free brass heat-set RX-M3x5.7 /RX-M3Sx4.0; nominal envelope, not knurl detail",0.0003247150166750405,"Ruthex manufacturer datasheet15.08.2022: maximumOD4.6, recommended pilotD4.0,minwall1.6; length4. Brass density8.5 is assumed; pull-out and insertion process unqualified."
A16-C06-upper-saddle-115-ventral,printed_structure,1,J3.rotor,skins06,PETG supported fit,0.002626980008780126,"Conventional split8mm-long saddle around stock20x40 tube; cavity20.4x40.4, seam0.5. Two ordinary clamp bolts; no stock-tube drilling or cable passage blockage. Tightening/friction requires physical fit."
A16-C06-H-upper-115-ventral,hardware,1,J3.rotor,skins06,"purchased steel, nominal dimensional envelope; do not print",0.0009503031618630695,ISO4762 M3x8
A16-C06-H-upper-115-ventral-washer,hardware,1,J3.rotor,skins06,"purchased steel, nominal dimensional envelope; do not print",0.00011948497879214413,Purchased washer OD7 /hole3.2 /th0.5
A16-C06-H-upper-insert-115-ventral,hardware,1,J3.rotor,skins06,"Purchased lead-free brass heat-set RX-M3x5.7 /RX-M3Sx4.0; nominal envelope, not knurl detail",0.0003247150166750405,"Ruthex manufacturer datasheet15.08.2022: maximumOD4.6, recommended pilotD4.0,minwall1.6; length4. Brass density8.5 is assumed; pull-out and insertion process unqualified."
A16-C06-H-saddle-115-1,hardware,1,J3.rotor,skins06,"purchased steel, nominal dimensional envelope; do not print",0.0016161637247914258,ISO4762 M3x20
A16-C06-H-saddle-115-1-washer,hardware,1,J3.rotor,skins06,"purchased steel, nominal dimensional envelope; do not print",0.00011948497879214413,Purchased washer OD7 /hole3.2 /th0.5
A16-C06-H-saddle-nut-115-1,hardware,1,J3.rotor,skins06,"purchased steel, nominal dimensional envelope; do not print",0.00036038442528511767,"ISO4032 nut M3; AF5.5, envelope height2.4; thread helix omitted"
A16-C06-H-saddle-115-2,hardware,1,J3.rotor,skins06,"purchased steel, nominal dimensional envelope; do not print",0.001616163724791426,ISO4762 M3x20
A16-C06-H-saddle-115-2-washer,hardware,1,J3.rotor,skins06,"purchased steel, nominal dimensional envelope; do not print",0.00011948497879214412,Purchased washer OD7 /hole3.2 /th0.5
A16-C06-H-saddle-nut-115-2,hardware,1,J3.rotor,skins06,"purchased steel, nominal dimensional envelope; do not print",0.0003603844252851176,"ISO4032 nut M3; AF5.5, envelope height2.4; thread helix omitted"
A16-C06-upper-saddle-200-dorsal,printed_structure,1,J3.rotor,skins06,PETG supported fit,0.002571768427797751,"Conventional split8mm-long saddle around stock20x40 tube; cavity20.4x40.4, seam0.5. Two ordinary clamp bolts; no stock-tube drilling or cable passage blockage. Tightening/friction requires physical fit."
A16-C06-H-upper-200-dorsal,hardware,1,J3.rotor,skins06,"purchased steel, nominal dimensional envelope; do not print",0.0009503031618630694,ISO4762 M3x8
A16-C06-H-upper-200-dorsal-washer,hardware,1,J3.rotor,skins06,"purchased steel, nominal dimensional envelope; do not print",0.00011948497879214412,Purchased washer OD7 /hole3.2 /th0.5
A16-C06-H-upper-insert-200-dorsal,hardware,1,J3.rotor,skins06,"Purchased lead-free brass heat-set RX-M3x5.7 /RX-M3Sx4.0; nominal envelope, not knurl detail",0.0003247150166750428,"Ruthex manufacturer datasheet15.08.2022: maximumOD4.6, recommended pilotD4.0,minwall1.6; length4. Brass density8.5 is assumed; pull-out and insertion process unqualified."
A16-C06-upper-saddle-200-ventral,printed_structure,1,J3.rotor,skins06,PETG supported fit,0.002594566950135462,"Conventional split8mm-long saddle around stock20x40 tube; cavity20.4x40.4, seam0.5. Two ordinary clamp bolts; no stock-tube drilling or cable passage blockage. Tightening/friction requires physical fit."
A16-C06-H-upper-200-ventral,hardware,1,J3.rotor,skins06,"purchased steel, nominal dimensional envelope; do not print",0.0009503031618630696,ISO4762 M3x8
A16-C06-H-upper-200-ventral-washer,hardware,1,J3.rotor,skins06,"purchased steel, nominal dimensional envelope; do not print",0.0001194849787921441,Purchased washer OD7 /hole3.2 /th0.5
A16-C06-H-upper-insert-200-ventral,hardware,1,J3.rotor,skins06,"Purchased lead-free brass heat-set RX-M3x5.7 /RX-M3Sx4.0; nominal envelope, not knurl detail",0.00032471501667504285,"Ruthex manufacturer datasheet15.08.2022: maximumOD4.6, recommended pilotD4.0,minwall1.6; length4. Brass density8.5 is assumed; pull-out and insertion process unqualified."
A16-C06-H-saddle-200-1,hardware,1,J3.rotor,skins06,"purchased steel, nominal dimensional envelope; do not print",0.0016161637247914253,ISO4762 M3x20
A16-C06-H-saddle-200-1-washer,hardware,1,J3.rotor,skins06,"purchased steel, nominal dimensional envelope; do not print",0.0001194849787921441,Purchased washer OD7 /hole3.2 /th0.5
A16-C06-H-saddle-nut-200-1,hardware,1,J3.rotor,skins06,"purchased steel, nominal dimensional envelope; do not print",0.0003603844252851176,"ISO4032 nut M3; AF5.5, envelope height2.4; thread helix omitted"
A16-C06-H-saddle-200-2,hardware,1,J3.rotor,skins06,"purchased steel, nominal dimensional envelope; do not print",0.0016161637247914251,ISO4762 M3x20
A16-C06-H-saddle-200-2-washer,hardware,1,J3.rotor,skins06,"purchased steel, nominal dimensional envelope; do not print",0.0001194849787921441,Purchased washer OD7 /hole3.2 /th0.5
A16-C06-H-saddle-nut-200-2,hardware,1,J3.rotor,skins06,"purchased steel, nominal dimensional envelope; do not print",0.0003603844252851176,"ISO4032 nut M3; AF5.5, envelope height2.4; thread helix omitted"
A16-C06-upper-dorsal,printed_cover,1,J3.rotor,skins06,PETG supported fit,0.07916741113997154,"Original selected-A long continuous outline. Two ordinary axial saddle stations, twoM3 fixings per half. IntegralD8 straight supports; closed nominal print solid, actual fit pending."
A16-C06-upper-ventral,printed_cover,1,J3.rotor,skins06,PETG supported fit,0.07827038392403697,"Original selected-A long continuous outline. Two ordinary axial saddle stations, twoM3 fixings per half. IntegralD8 straight supports; closed nominal print solid, actual fit pending."
A16-C06-H-fore-85-dorsal,hardware,1,J4.rotor,skins06,"purchased steel, nominal dimensional envelope; do not print",0.0011722566828391888,ISO4762 M3x12
A16-C06-H-fore-85-dorsal-washer,hardware,1,J4.rotor,skins06,"purchased steel, nominal dimensional envelope; do not print",0.00011948497879214409,Purchased washer OD7 /hole3.2 /th0.5
A16-C06-H-fore-insert-85-dorsal,hardware,1,J4.rotor,skins06,"Purchased lead-free brass heat-set RX-M3x5.7 /RX-M3Sx4.0; nominal envelope, not knurl detail",0.0004627188987619327,"Ruthex manufacturer datasheet15.08.2022: maximumOD4.6, recommended pilotD4.0,minwall1.6; length5.7. Brass density8.5 is assumed; pull-out and insertion process unqualified."
A16-C06-H-fore-85-ventral,hardware,1,J4.rotor,skins06,"purchased steel, nominal dimensional envelope; do not print",0.0011722566828391886,ISO4762 M3x12
A16-C06-H-fore-85-ventral-washer,hardware,1,J4.rotor,skins06,"purchased steel, nominal dimensional envelope; do not print",0.00011948497879214408,Purchased washer OD7 /hole3.2 /th0.5
A16-C06-H-fore-insert-85-ventral,hardware,1,J4.rotor,skins06,"Purchased lead-free brass heat-set RX-M3x5.7 /RX-M3Sx4.0; nominal envelope, not knurl detail",0.0004627188987619327,"Ruthex manufacturer datasheet15.08.2022: maximumOD4.6, recommended pilotD4.0,minwall1.6; length5.7. Brass density8.5 is assumed; pull-out and insertion process unqualified."
A16-C06-H-fore-95-dorsal,hardware,1,J4.rotor,skins06,"purchased steel, nominal dimensional envelope; do not print",0.0011722566828391888,ISO4762 M3x12
A16-C06-H-fore-95-dorsal-washer,hardware,1,J4.rotor,skins06,"purchased steel, nominal dimensional envelope; do not print",0.00011948497879214408,Purchased washer OD7 /hole3.2 /th0.5
A16-C06-H-fore-insert-95-dorsal,hardware,1,J4.rotor,skins06,"Purchased lead-free brass heat-set RX-M3x5.7 /RX-M3Sx4.0; nominal envelope, not knurl detail",0.0004627188987619327,"Ruthex manufacturer datasheet15.08.2022: maximumOD4.6, recommended pilotD4.0,minwall1.6; length5.7. Brass density8.5 is assumed; pull-out and insertion process unqualified."
A16-C06-H-fore-95-ventral,hardware,1,J4.rotor,skins06,"purchased steel, nominal dimensional envelope; do not print",0.0011722566828391884,ISO4762 M3x12
A16-C06-H-fore-95-ventral-washer,hardware,1,J4.rotor,skins06,"purchased steel, nominal dimensional envelope; do not print",0.00011948497879214408,Purchased washer OD7 /hole3.2 /th0.5
A16-C06-H-fore-insert-95-ventral,hardware,1,J4.rotor,skins06,"Purchased lead-free brass heat-set RX-M3x5.7 /RX-M3Sx4.0; nominal envelope, not knurl detail",0.0004627188987619328,"Ruthex manufacturer datasheet15.08.2022: maximumOD4.6, recommended pilotD4.0,minwall1.6; length5.7. Brass density8.5 is assumed; pull-out and insertion process unqualified."
A16-C06-fore-spine-and-J5-ring,printed_structure,1,J4.rotor,skins06,PETG supported fit,0.0761707685316488,"Original C05 native J5 ring/sockets retained. Four ordinaryD8 rear-spine standoffs centredX85/95,Y99; RX-M3x5.7 pilots. Tube path and transverse clamps unchanged."
A16-C06-fore-dorsal,printed_cover,1,J4.rotor,skins06,PETG supported fit,0.02726776157937831,"Original A fore outline/connection window retained; two straight rear-spine supports per half. OrdinaryM3x12 removable covers, no unsupported friction-only decorative skin."
A16-C06-fore-ventral,printed_cover,1,J4.rotor,skins06,PETG supported fit,0.016900890485028807,"Original A fore outline/connection window retained; two straight rear-spine supports per half. OrdinaryM3x12 removable covers, no unsupported friction-only decorative skin."
A16-C05-H-J5-insert-1-C06,hardware,1,J4.rotor,skins06,"Purchased lead-free brass heat-set RX-M3x5.7 /RX-M3Sx4.0; nominal envelope, not knurl detail",0.00046271889876193606,"Ruthex manufacturer datasheet15.08.2022: maximumOD4.6, recommended pilotD4.0,minwall1.6; length5.7. Brass density8.5 is assumed; pull-out and insertion process unqualified."
A16-C05-H-J5-insert-2-C06,hardware,1,J4.rotor,skins06,"Purchased lead-free brass heat-set RX-M3x5.7 /RX-M3Sx4.0; nominal envelope, not knurl detail",0.00046271889876193606,"Ruthex manufacturer datasheet15.08.2022: maximumOD4.6, recommended pilotD4.0,minwall1.6; length5.7. Brass density8.5 is assumed; pull-out and insertion process unqualified."
A16-C05-H-J5-insert-radial-1-C06,hardware,1,J4.rotor,skins06,"Purchased lead-free brass heat-set RX-M3x5.7 /RX-M3Sx4.0; nominal envelope, not knurl detail",0.0003247150166750407,"Ruthex manufacturer datasheet15.08.2022: maximumOD4.6, recommended pilotD4.0,minwall1.6; length4. Brass density8.5 is assumed; pull-out and insertion process unqualified."
A16-C05-H-J5-insert-radial-2-C06,hardware,1,J4.rotor,skins06,"Purchased lead-free brass heat-set RX-M3x5.7 /RX-M3Sx4.0; nominal envelope, not knurl detail",0.00032471501667504004,"Ruthex manufacturer datasheet15.08.2022: maximumOD4.6, recommended pilotD4.0,minwall1.6; length4. Brass density8.5 is assumed; pull-out and insertion process unqualified."
