time_s,root_radius_mm,q_deg,closing_s_m,speed_m_s,acceleration_m_s2,q_speed_rad_s,q_accel_rad_s2,synchronous_equivalent_mass_kg,ideal_path_force_N,hypothetical_lead4_rpm,hypothetical_lead4_ideal_motor_torque_Nm
0.0,31.0,90.0,0.06,-0.0,0.0,-0.0,0.0,0.2359073958096778,0.0,-0.0,0.0
0.0005,31.00000146287946,90.0,0.05999999853712054,-8.770028128354505e-06,-0.03502213398740062,-0.0,-0.0,0.2359073958096778,-0.008261980424665286,-0.13155042192531757,-5.2597400972558275e-06
0.001,31.000011674051777,90.0,0.059999988325948224,-3.496420883480646e-05,-0.06969671754842748,-0.0,-0.0,0.2359073958096778,-0.016441971133332196,-0.5244631325220969,-1.0467283920176286e-05
0.0015,31.000039302176376,90.0,0.05999996069782362,-7.840892897942267e-05,-0.10402440140945342,-0.0,-0.0,0.2359073958096778,-0.02454012563716473,-1.17613393469134,-1.562272919700366e-05
0.002,31.000092929188106,90.0,0.059999907070811896,-0.00013893090442292316,-0.1380058508216039,-0.0,-0.0,0.2359073958096778,-0.03255660087382346,-2.0839635663438476,-2.0726175837355697e-05
0.0025,31.000181050463453,90.0,0.05999981894953654,-0.00021635718725145206,-0.17164174541046873,-0.0,-0.0,0.2359073958096778,-0.04049155717201139,-3.245357808771781,-2.57777259096548e-05
0.003,31.000312074990546,90.0,0.059999687925009454,-0.00031051517292640337,-0.20493277902660711,-0.0,-0.0,0.2359073958096778,-0.04834515821620704,-4.657727593896051,-3.077748361867643e-05
0.0035,31.00049432554252,90.0,0.05999950567445748,-0.0004212326073596963,-0.23787965959684237,-0.0,-0.0,0.2359073958096778,-0.05611757101158371,-6.318489110395444,-3.5725555283216e-05
0.004,31.00073603885457,90.0,0.05999926396114543,-0.0005483375939148951,-0.2704831089763434,-0.0,-0.0,0.2359073958096778,-0.06380896584911445,-8.225063908723426,-4.062204931387402e-05
0.0045000000000000005,31.00104536580435,90.0,0.05999895463419565,-0.0006916586003345653,-0.3027438628014888,-0.0,-0.0,0.2359073958096778,-0.0714195162708616,-10.37487900501848,-4.546707619095869e-05
0.005,31.001430371595937,90.0,0.05999856962840406,-0.000851024465594257,-0.3346626703435108,-0.0,-0.0,0.2359073958096778,-0.07894939903545033,-12.765366983913855,-5.0260748442505735e-05
0.0055000000000000005,31.001899035947112,90.0,0.059998100964052885,-0.001026264406683505,-0.3662402943629163,-0.0,-0.0,0.2359073958096778,-0.08639879408372539,-15.393966100252575,-5.500318062241479e-05
0.006,31.002459253280044,90.0,0.05999754074671996,-0.0012172080253142314,-0.3974775109646795,-0.0,-0.0,0.2359073958096778,-0.09376788450459018,-18.25812037971347,-5.969448928870187e-05
0.006500000000000001,31.00311883291532,90.0,0.05999688116708468,-0.0014236853145569396,-0.42837510945420604,-0.0,-0.0,0.2359073958096778,-0.10105685650102743,-21.355279718354094,-6.433479298186741e-05
0.007,31.00388549926928,90.0,0.05999611450073072,-0.0016455266654050787,-0.45893389219406233,-0.0,-0.0,0.2359073958096778,-0.10826589935630065,-24.68289998107618,-6.89242122033796e-05
0.007500000000000001,31.00476689205461,90.0,0.05999523310794539,-0.001882562873267967,-0.48915467446146843,-0.0,-0.0,0.2359073958096778,-0.11539520540033572,-28.238443099019506,-7.346286939427202e-05
0.008,31.005770566484124,90.0,0.05999422943351588,-0.0021346251443926504,-0.5190382843065514,-0.0,-0.0,0.2359073958096778,-0.1224449699762817,-32.01937716588976,-7.79508889138558e-05
0.0085,31.006903993477763,90.0,0.05999309600652224,-0.0024015451022150747,-0.5485855624113539,-0.0,-0.0,0.2359073958096778,-0.12941539140724997,-36.02317653322612,-8.238839701854492e-05
0.009000000000000001,31.008174559872877,90.0,0.05999182544012712,-0.0026831547936409556,-0.577797361949598,-0.0,-0.0,0.2359073958096778,-0.13630667096323146,-40.24732190461433,-8.677552184079523e-05
0.0095,31.009589568637352,90.0,0.05999041043136265,-0.0029792866952567136,-0.6066745484471971,-0.0,-0.0,0.2359073958096778,-0.14311901282819048,-44.68930042885071,-9.111239336815559e-05
0.01,31.011156239086112,90.0,0.05998884376091389,-0.003289773719470855,-0.6352179996435168,-0.0,-0.0,0.2359073958096778,-0.14985262406733488,-49.346605792062824,-9.539914342243148e-05
0.0105,31.012881707100483,90.0,0.059987118292899516,-0.0036144492205861653,-0.6634286053533768,-0.0,-0.0,0.2359073958096778,-0.1565077145945616,-54.21673830879248,-9.963590563896019e-05
0.011000000000000001,31.014773025350692,90.0,0.05998522697464931,-0.003953147000803094,-0.6913072673297961,-0.0,-0.0,0.2359073958096778,-0.16308449714007694,-59.29720501204641,-0.00010382281544599728
0.0115,31.01683716352126,90.0,0.05998316283647874,-0.004305701316154694,-0.7188548991274735,-0.0,-0.0,0.2359073958096778,-0.16958318721819088,-64.5855197423204,-0.0001079600100442136
0.012,31.019081008539402,90.0,0.059980918991460595,-0.004671946882373484,-0.7460724259670021,-0.0,-0.0,0.2359073958096778,-0.17600400309528408,-70.07920323560225,-0.00011204762838630284
0.0125,31.021511364806358,90.0,0.059978488635193644,-0.005051718880690598,-0.7729607845998157,-0.0,-0.0,0.2359073958096778,-0.18234716575794782,-75.77578321035897,-0.00011608581115669838
0.013000000000000001,31.02413495443154,90.0,0.05997586504556846,-0.005444852963567602,-0.7995209231738618,-0.0,-0.0,0.2359073958096778,-0.1886128988812952,-81.67279445351403,-0.00012007470075139981
0.0135,31.026958417469572,90.0,0.059973041582530424,-0.00585118526036131,-0.8257538010999996,-0.0,-0.0,0.2359073958096778,-0.19480142879744355,-87.76777890541965,-0.00012401444125790812
0.014,31.02998831216015,90.0,0.05997001168783985,-0.006270552382922,-0.8516603889191188,-0.0,-0.0,0.2359073958096778,-0.20091298446416667,-94.05828574383,-0.00012790517843526918
0.0145,31.033231115170693,90.0,0.059966768884829304,-0.00670279143112535,-0.8772416681699768,-0.0,-0.0,0.2359073958096778,-0.20694779743371675,-100.54187146688027,-0.00013174705969422508
0.015000000000000001,31.036693221841666,90.0,0.05996330677815833,-0.007147739998338488,-0.9024986312577512,-0.0,-0.0,0.2359073958096778,-0.21290610182181477,-107.21609997507731,-0.0001355402340774728
0.0155,31.040380946434773,90.0,0.05995961905356523,-0.00760523617682048,-0.9274322813233038,-0.0,-0.0,0.2359073958096778,-0.21878813427680907,-114.07854265230719,-0.00013928485224003003
0.016,31.044300522383622,90.0,0.05995569947761638,-0.00807511856305764,-0.952043632113152,-0.0,-0.0,0.2359073958096778,-0.22459413394900063,-121.1267784458646,-0.00014298106642970685
0.0165,31.048458102547258,90.0,0.05995154189745274,-0.008557226263034004,-0.9763337078501493,-0.0,-0.0,0.2359073958096778,-0.23032434246013547,-128.35839394551004,-0.00014662903046768432
0.017,31.052859759466173,90.0,0.059947140240533825,-0.0090513988974373,-1.0003035431048644,-0.0,-0.0,0.2359073958096778,-0.2359790038730623,-135.7709834615595,-0.00015022889972919753
0.0175,31.057511485620942,90.0,0.059942488514379055,-0.009557476606800811,-1.0239541826676613,-0.0,-0.0,0.2359073958096778,-0.2415583646615551,-143.36214910201215,-0.0001537808311243244
0.018000000000000002,31.06241919369343,90.0,0.05993758080630657,-0.010075300056581433,-1.0472866814214774,-0.0,-0.0,0.2359073958096778,-0.2470626736803004,-151.12950084872148,-0.00015728498307887888
0.018500000000000003,31.067588716830514,90.0,0.059932411283169486,-0.010604710442174288,-1.0703021042152912,-0.0,-0.0,0.2359073958096778,-0.2524921821350477,-159.07065663261432,-0.00016074151551540797
0.019,31.073025808910295,90.0,0.05992697419108971,-0.011145549493864284,-1.0930015257382841,-0.0,-0.0,0.2359073958096778,-0.2578471435529231,-167.18324240796426,-0.00016415058983429299
0.0195,31.07873614481072,90.0,0.05992126385518928,-0.011697659481714863,-1.1153860303946859,-0.0,-0.0,0.2359073958096778,-0.26312781375290445,-175.46489222572293,-0.00016751236889495338
0.02,31.08472532068076,90.0,0.05991527467931924,-0.012260883220394415,-1.1374567121793062,-0.0,-0.0,0.2359073958096778,-0.26833445081645835,-183.9132483059162,-0.00017082701699715365
0.0205,31.09099885421385,90.0,0.05990900114578615,-0.012835064073940566,-1.1592146745537475,-0.0,-0.0,0.2359073958096778,-0.2734673150583377,-192.5259611091085,-0.00017409469986241262
0.021,31.097562184923753,90.0,0.059902437815076245,-0.013420045960462786,-1.1806610303232943,-0.0,-0.0,0.2359073958096778,-0.27852666899753936,-201.30068940694179,-0.0001773155846155142
0.021500000000000002,31.104420674422812,90.0,0.05989557932557719,-0.014015673356783581,-1.2017969015144785,-0.0,-0.0,0.2359073958096778,-0.28351277732842045,-210.23510035175372,-0.00018048983976611983
0.022000000000000002,31.11157960670237,90.0,0.05988842039329763,-0.014621791303018659,-1.2226234192533165,-0.0,-0.0,0.2359073958096778,-0.2884259068919738,-219.3268695452799,-0.00018361763519048155
0.022500000000000003,31.11904418841562,90.0,0.059880955811584376,-0.015238245407096366,-1.243141723644216,-0.0,-0.0,0.2359073958096778,-0.29326632664726116,-228.5736811064455,-0.00018669914211325614
0.023,31.126819549162605,90.0,0.05987318045083739,-0.015864881849216736,-1.2633529636495462,-0.0,-0.0,0.2359073958096778,-0.298034307643003,-237.973227738251,-0.00018973453308941828
0.0235,31.134910741777425,90.0,0.05986508925822257,-0.016501547386250526,-1.2832582969698756,-0.0,-0.0,0.2359073958096778,-0.3027301229893255,-247.52321079375787,-0.0001927239819862743
0.024,31.143322742617734,90.0,0.059856677257382265,-0.0171480893560785,-1.3028588899248652,-0.0,-0.0,0.2359073958096778,-0.3073540478296626,-257.2213403411775,-0.0001956676639655745
0.0245,31.15206045185623,90.0,0.05984793954814377,-0.01780435568187132,-1.3221559173348219,-0.0,-0.0,0.2359073958096778,-0.31190635931281346,-267.0653352280698,-0.00019856575546572437
0.025,31.161128693774415,90.0,0.05983887130622558,-0.018470194876310422,-1.3411505624029039,-0.0,-0.0,0.2359073958096778,-0.31638733656515383,-277.05292314465635,-0.0002014184341840936
0.025500000000000002,31.170532217058387,90.0,0.05982946778294161,-0.01914545604575012,-1.3598440165979802,-0.0,-0.0,0.2359073958096778,-0.32079726066300174,-287.1818406862518,-0.00020422587905942385
0.026000000000000002,31.180275695096675,90.0,0.05981972430490332,-0.01982998889432129,-1.3782374795381342,-0.0,-0.0,0.2359073958096778,-0.3251364146051353,-297.44983341481935,-0.00020698827025433282
0.026500000000000003,31.19036372628019,90.0,0.05980963627371981,-0.020523643727977017,-1.3963321588748174,-0.0,-0.0,0.2359073958096778,-0.3294050832854635,-307.8546559196553,-0.00020970578913791595
0.027,31.200800834304083,90.0,0.05979919916569592,-0.021226271458480443,-1.4141292701776422,-0.0,-0.0,0.2359073958096778,-0.3336035534658478,-318.3940718772066,-0.0002123786182684443
0.0275,31.21159146847166,90.0,0.05978840853152834,-0.021937723607335168,-1.4316300368198154,-0.0,-0.0,0.2359073958096778,-0.33773211374907575,-329.06585411002754,-0.0002150069413761587
0.028,31.222740004000215,90.0,0.05977725999599978,-0.02265785230965854,-1.4488356898642083,-0.0,-0.0,0.2359073958096778,-0.3417910545519834,-339.8677846448781,-0.00021759094334615925
0.0285,31.234250742328868,90.0,0.059765749257671134,-0.023386510317998155,-1.4657474679500604,-0.0,-0.0,0.2359073958096778,-0.3457806680787279,-350.7976547699723,-0.00022013081020139
0.029,31.246127911428047,90.0,0.059753872088571955,-0.02412355100609183,-1.482366617180316,-0.0,-0.0,0.2359073958096778,-0.34970124829420995,-361.8532650913774,-0.000222626729085719
0.029500000000000002,31.258375666111192,90.0,0.059741624333888806,-0.02486882837257142,-1.4986943910095847,-0.0,-0.0,0.2359073958096778,-0.3535530908976421,-373.0324255885713,-0.00022507888824711172
0.030000000000000002,31.270998088348037,90.0,0.059729001911651966,-0.025622197044610787,-1.5147320501327315,-0.0,-0.0,0.2359073958096778,-0.357336493296267,-384.3329556691618,-0.00022748747702089925
0.030500000000000003,31.283999187579752,90.0,0.05971600081242025,-0.02638351228151819,-1.5304808623740869,-0.0,-0.0,0.2359073958096778,-0.36105175457922073,-395.7526842227728,-0.00022985268581313939
0.031,31.297382901035974,90.0,0.059702617098964024,-0.02715262997827346,-1.5459421025772768,-0.0,-0.0,0.2359073958096778,-0.3646991754915431,-407.2894496741019,-0.0002321747060840708
0.0315,31.31115309405346,90.0,0.059688846905946544,-0.027929406669010136,-1.5611170524956686,-0.0,-0.0,0.2359073958096778,-0.36827905840833325,-418.94110003515203,-0.0002344537303316603
0.032,31.32531356039651,90.0,0.05967468643960349,-0.028713699530443518,-1.5760070006834395,-0.0,-0.0,0.2359073958096778,-0.3717917073090513,-430.7054929566528,-0.0002366899520752427
0.0325,31.339868022579182,90.0,0.059660131977420816,-0.029505366385242992,-1.590613242387231,-0.0,-0.0,0.2359073958096778,-0.37523742775195945,-442.5804957786449,-0.0002388835658392492
0.033,31.35482013218902,90.0,0.05964517986781098,-0.030304265705352662,-1.604937079438455,-0.0,-0.0,0.2359073958096778,-0.3786165268487159,-454.5639855802899,-0.00024103476713703377
0.0335,31.37017347021252,90.0,0.05962982652978748,-0.031110256615255467,-1.6189798201461518,-0.0,-0.0,0.2359073958096778,-0.3819293132390992,-466.65384922883203,-0.000243143752454782
0.034,31.385931547362283,90.0,0.05961406845263772,-0.031923198895186786,-1.632742779190506,-0.0,-0.0,0.2359073958096778,-0.38517609706588807,-478.84798342780175,-0.0002452107192355191
0.0345,31.402097804405557,90.0,0.059597902195594445,-0.0327429529842921,-1.6462272775169102,-0.0,-0.0,0.2359073958096778,-0.38835718994987,-491.14429476438147,-0.00024723586586319977
0.035,31.418675612494596,90.0,0.0595813243875054,-0.03356937998373462,-1.6594346422306758,-0.0,-0.0,0.2359073958096778,-0.3914729049650031,-503.5406997560192,-0.0002492193916468961
0.035500000000000004,31.435668273498344,90.0,0.059564331726501656,-0.03440234165974768,-1.6723662064922897,-0.0,-0.0,0.2359073958096778,-0.3945235566137059,-516.0351248962153,-0.00025116149680506607
0.036000000000000004,31.453079020335764,90.0,0.059546920979664235,-0.03524170044663766,-1.68502330941331,-0.0,-0.0,0.2359073958096778,-0.3975094608022989,-528.6255066995649,-0.0002530623824499195
0.036500000000000005,31.470911017310613,90.0,0.05952908898268939,-0.03608731944973216,-1.6974072959528061,-0.0,-0.0,0.2359073958096778,-0.40043093481657355,-541.3097917459824,-0.0002549222505718649
0.037000000000000005,31.489167360447645,90.0,0.059510832639552355,-0.036939062448279485,-1.7095195168144288,-0.0,-0.0,0.2359073958096778,-0.4032882972975106,-554.0859367241923,-0.00025674130402405067
0.0375,31.50785107783036,90.0,0.05949214892216964,-0.03779679389829381,-1.72136132834402,-0.0,-0.0,0.2359073958096778,-0.40608186821712544,-566.9519084744071,-0.00025851974650698857
0.038,31.52696512993999,90.0,0.05947303487006001,-0.03866037893535223,-1.7329340924278462,-0.0,-0.0,0.2359073958096778,-0.4088119688544607,-579.9056840302834,-0.00026025778255326954
0.0385,31.546512409996062,90.0,0.05945348759000394,-0.03952968337733861,-1.7442391763913758,-0.0,-0.0,0.2359073958096778,-0.4114789217717067,-592.9452506600791,-0.00026195561751236174
0.039,31.566495744298145,90.0,0.059433504255701854,-0.04040457372713847,-1.7552779528986515,-0.0,-0.0,0.2359073958096778,-0.41408305079046315,-606.068605907077,-0.00026361345753549826
0.0395,31.58691789256909,90.0,0.05941308210743091,-0.041284917175283105,-1.7660517998522312,-0.0,-0.0,0.2359073958096778,-0.41662468096813415,-619.2737576292465,-0.00026523150956064975
0.04,31.607781548299428,90.0,0.05939221845170057,-0.04217058160254401,-1.776562100293695,-0.0,-0.0,0.2359073958096778,-0.4191041385744572,-632.5587240381601,-0.00026680998129758227
0.0405,31.629089339093213,90.0,0.05937091066090679,-0.04306143558247761,-1.7868102423047278,-0.0,-0.0,0.2359073958096778,-0.4215217510681677,-645.921533737164,-0.0002683490812130012
0.041,31.650843827014953,90.0,0.05934915617298505,-0.04395734838392066,-1.796797618908759,-0.0,-0.0,0.2359073958096778,-0.4238778470737952,-659.3602257588099,-0.00026984901851578
0.0415,31.673047508937927,90.0,0.059326952491062075,-0.044858189973436734,-1.8065256279731703,-0.0,-0.0,0.2359073958096778,-0.4261727563585934,-672.872849601551,-0.00027131000314227244
0.042,31.6957028168936,90.0,0.0593042971831064,-0.04576383101771374,-1.81599567211206,-0.0,-0.0,0.2359073958096778,-0.4284068098096016,-686.457465265706,-0.0002727322457417103
0.0425,31.71881211842237,90.0,0.05928118788157763,-0.046674142885913254,-1.8252091585895682,-0.0,-0.0,0.2359073958096778,-0.43058033941083823,-700.1121432886988,-0.0002741159576616838
0.043000000000000003,31.742377716925247,90.0,0.059257622283074754,-0.047588997651971325,-1.8341674992237513,-0.0,-0.0,0.2359073958096778,-0.4326936782206244,-713.8349647795699,-0.0002754613509337054
0.043500000000000004,31.766401852016877,90.0,0.059233598147983124,-0.048508268096851624,-1.8428721102910155,-0.0,-0.0,0.2359073958096778,-0.43474716034903876,-727.6240214527744,-0.00027676863825885743
0.044000000000000004,31.790886699879643,90.0,0.05920911330012036,-0.04943182771075076,-1.8513244124310917,-0.0,-0.0,0.2359073958096778,-0.4367411209355007,-741.4774156612615,-0.0002780380329935208
0.044500000000000005,31.81583437361875,90.0,0.05918416562638125,-0.05035955069525642,-1.8595258305525668,-0.0,-0.0,0.2359073958096778,-0.4386758961264842,-755.3932604288462,-0.00027926974913518716
0.045000000000000005,31.841246923618534,90.0,0.059158753076381465,-0.05129131196545815,-1.8674777937389497,-0.0,-0.0,0.2359073958096778,-0.4405518230533582,-769.3696794818723,-0.0002804640013083519
0.0455,31.86712633789962,90.0,0.05913287366210038,-0.052226987152011545,-1.8751817351552873,-0.0,-0.0,0.2359073958096778,-0.44236923981035675,-783.4048072801731,-0.00028162100475048936
0.046,31.89347454247732,90.0,0.05910652545752268,-0.05316645260315573,-1.882639091955315,-0.0,-0.0,0.2359073958096778,-0.4441284854326749,-797.4967890473358,-0.0002827409752981082
0.0465,31.92029340172084,90.0,0.05907970659827916,-0.05410958538668468,-1.8898513051891455,-0.0,-0.0,0.2359073958096778,-0.4458298998746919,-811.6437808002702,-0.00028382412937288796
0.047,31.9475847187136,90.0,0.0590524152812864,-0.05505626329187234,-1.896819819711493,-0.0,-0.0,0.2359073958096778,-0.4474738239883208,-825.8439493780851,-0.000284870683967896
0.0475,31.9753502356144,90.0,0.0590246497643856,-0.05600636483135214,-1.9035460840904255,-0.0,-0.0,0.2359073958096778,-0.4490605995014822,-840.0954724702822,-0.0002858808566338832
0.048,32.00359163401959,90.0,0.058996408365980406,-0.05695976924295102,-1.9100315505166534,-0.0,-0.0,0.2359073958096778,-0.45059056899670474,-854.3965386442653,-0.0002868548654656611
0.0485,32.03231053532612,90.0,0.05896768946467388,-0.05791635649147809,-1.9162776747133363,-0.0,-0.0,0.2359073958096778,-0.45206407588984804,-868.7453473721713,-0.0002877929290885561
0.049,32.061508501095425,90.0,0.05893849149890457,-0.05887600727046846,-1.9222859158464214,-0.0,-0.0,0.2359073958096778,-0.4534814644089507,-883.1401090570268,-0.00028869526664494365
0.0495,32.091187033418265,90.0,0.058908812966581736,-0.05983860300388237,-1.9280577364354996,-0.0,-0.0,0.2359073958096778,-0.4548430795732008,-897.5790450582356,-0.0002895620977808608
0.05,32.12134757528031,90.0,0.05887865242471969,-0.06080402584775975,-1.9335946022651824,-0.0,-0.0,0.2359073958096778,-0.45614926717202886,-912.0603877163961,-0.00029039364263269604
0.0505,32.15199151092863,90.0,0.05884800848907137,-0.06177215869183075,-1.9388979822969985,-0.0,-0.0,0.2359073958096778,-0.4574003737443237,-926.5823803774613,-0.000291190121813958
0.051000000000000004,32.18312016623891,90.0,0.05881687983376109,-0.06274288516108224,-1.9439693485817968,-0.0,-0.0,0.2359073958096778,-0.45859674655776744,-941.1432774162336,-0.0002919517564021193
0.051500000000000004,32.21473480908344,90.0,0.058785265190916564,-0.06371608961728069,-1.9488101761726737,-0.0,-0.0,0.2359073958096778,-0.45973873358829487,-955.7413442592103,-0.0002926787679255404
0.052000000000000005,32.246836649699915,90.0,0.058753163350300085,-0.06469165716045167,-1.953421943038398,-0.0,-0.0,0.2359073958096778,-0.4608266834996692,-970.3748574067749,-0.00029337137835046685
0.052500000000000005,32.27942684106088,90.0,0.05872057315893912,-0.06566947363031604,-1.9578061299773517,-0.0,-0.0,0.2359073958096778,-0.4618609456231806,-985.0421044547406,-0.0002940298100681051
0.053000000000000005,32.312506479244014,90.0,0.05868749352075599,-0.06664942560768353,-1.9619642205319738,-0.0,-0.0,0.2359073958096778,-0.4628418699374623,-999.7413841152529,-0.00029465428588177294
0.053500000000000006,32.3460766038029,90.0,0.0586539233961971,-0.06763140041580325,-1.9658977009037024,-0.0,-0.0,0.2359073958096778,-0.4637698070484253,-1014.4710062370488,-0.00029524502899412565
0.054,32.380138198138646,90.0,0.05861986180186136,-0.06861528612167223,-1.9696080598684236,-0.0,-0.0,0.2359073958096778,-0.46464510816931176,-1029.2292918250835,-0.00029580226299445744
0.0545,32.41469218987205,90.0,0.058585307810127954,-0.06960097153730152,-1.9730967886924113,-0.0,-0.0,0.2359073958096778,-0.4654681251008649,-1044.0145730595227,-0.0002963262118460775
0.055,32.44973945121646,90.0,0.05855026054878354,-0.07058834622094047,-1.9763653810487711,-0.0,-0.0,0.2359073958096778,-0.4662392102116171,-1058.825193314107,-0.00029681709987376063
0.0555,32.48528079935111,90.0,0.05851471920064889,-0.07157730047825937,-1.9794153329343678,-0.0,-0.0,0.2359073958096778,-0.46695871641829306,-1073.6595071738905,-0.0002972751517512717
0.056,32.52131699679521,90.0,0.058478683003204794,-0.07256772536349072,-1.9822481425872518,-0.0,-0.0,0.2359073958096778,-0.46762699716632944,-1088.515880452361,-0.0002977005924889643
0.0565,32.5578487517824,90.0,0.0584421512482176,-0.07355951268052915,-1.9848653104045677,-0.0,-0.0,0.2359073958096778,-0.4682444064105093,-1103.3926902079374,-0.00029809364742145166
0.057,32.59487671863595,90.0,0.058405123281364046,-0.07455255498399072,-1.9872683388609549,-0.0,-0.0,0.2359073958096778,-0.4688112985957122,-1118.2883247598606,-0.0002984545421953525
0.0575,32.63240149814434,90.0,0.05836759850185566,-0.07554674558023115,-1.9894587324274264,-0.0,-0.0,0.2359073958096778,-0.46932802863777673,-1133.2011837034672,-0.00029878350275710716
0.058,32.67042363793731,90.0,0.058329576362062686,-0.07654197852832408,-1.991437997490734,-0.0,-0.0,0.2359073958096778,-0.4697949519044787,-1148.129677924861,-0.00029908075534086805
0.0585,32.70894363286257,90.0,0.05829105636713743,-0.07753814864099867,-1.99320764227321,-0.0,-0.0,0.2359073958096778,-0.4702124241966208,-1163.07222961498,-0.00029934652645646135
0.059000000000000004,32.74796192536276,90.0,0.05825203807463724,-0.07853515148553755,-1.9947691767530857,-0.0,-0.0,0.2359073958096778,-0.47058080172923533,-1178.0272722830634,-0.00029958104287741976
0.059500000000000004,32.78747890585299,90.0,0.058212521094147006,-0.07953288338463493,-1.9961241125852882,-0.0,-0.0,0.2359073958096778,-0.4709004411128994,-1192.993250769524,-0.0002997845316290877
0.060000000000000005,32.82749491309877,90.0,0.058172505086901236,-0.08053124141721527,-1.9972739630227048,-0.0,-0.0,0.2359073958096778,-0.47117169933516095,-1207.968621258229,-0.00029995721997679665
0.060500000000000005,32.868010234594244,90.0,0.058131989765405755,-0.08153012341921259,-1.998220242837921,-0.0,-0.0,0.2359073958096778,-0.4713949337420759,-1222.951851288189,-0.0003000993354141115
0.061000000000000006,32.90902510694095,90.0,0.05809097489305905,-0.082529427984311,-1.9989644682454262,-0.0,-0.0,0.2359073958096778,-0.47157050201985584,-1237.941419764665,-0.0003002111056511467
0.061500000000000006,32.95053971622687,90.0,0.05804946028377313,-0.0835290544646461,-1.9995081568242834,-0.0,-0.0,0.2359073958096778,-0.4716987621766255,-1252.9358169696916,-0.00030029275860295326
0.062,32.99255419840579,90.0,0.058007445801594205,-0.08452890297146823,-1.9998528274412646,-0.0,-0.0,0.2359073958096778,-0.47178007252428966,-1267.9335445720235,-0.00030034452237797434
0.0625,33.035068639677036,90.0,0.05796493136032296,-0.08552887437576709,-2.0000000001744476,-0.0,-0.0,0.2359073958096778,-0.47181479166050905,-1282.9331156365063,-0.0003003666252665711
0.063,33.07808307686546,90.0,0.05792191692313454,-0.0865288703088584,-1.9999511962372687,-0.0,-0.0,0.2359073958096778,-0.4718032784507839,-1297.933054632876,-0.0003003592957296167
0.0635,33.12159749780182,90.0,0.057878402502198174,-0.0875287931629327,-1.9997079379030371,-0.0,-0.0,0.2359073958096778,-0.4717458920106464,-1312.9318974439905,-0.0003003227623871593
0.064,33.16561184170326,90.0,0.05783438815829674,-0.08852854609156655,-1.9992717484299016,-0.0,-0.0,0.2359073958096778,-0.47164299168795937,-1327.928191373498,-0.00030025725400715375
0.0645,33.21012599955416,90.0,0.05778987400044584,-0.08952803301019621,-1.9986441519862699,-0.0,-0.0,0.2359073958096778,-0.4714949370453228,-1342.9204951529432,-0.00030016299949426055
0.065,33.25513981448717,90.0,0.05774486018551283,-0.09052715859655427,-1.9978266735766785,-0.0,-0.0,0.2359073958096778,-0.4713020878425854,-1357.907378948314,-0.00030004022787871254
0.0655,33.300653082164494,90.0,0.05769934691783551,-0.09152582829106924,-1.9968208389681124,-0.0,-0.0,0.2359073958096778,-0.4710648040194634,-1372.8874243660387,-0.0002998891683052501
0.066,33.346665551159276,90.0,0.05765333444884072,-0.09252394829722851,-1.9956281746167688,-0.0,-0.0,0.2359073958096778,-0.47078344567826286,-1387.8592244584277,-0.00029971005002212133
0.0665,33.393176923337236,90.0,0.05760682307666276,-0.09352142558190464,-1.9942502075952675,-0.0,-0.0,0.2359073958096778,-0.47045837306670885,-1402.8213837285696,-0.0002995031023701509
0.067,33.44018685423844,90.0,0.05755981314576156,-0.09451816787564557,-1.9926884655203014,-0.0,-0.0,0.2359073958096778,-0.4700899465608772,-1417.7725181346837,-0.00029926855477187416
0.0675,33.487694953459226,90.0,0.05751230504654077,-0.09551408367292859,-1.9909444764807267,-0.0,-0.0,0.2359073958096778,-0.4696785266482305,-1432.7112550939287,-0.0002990066367207375
0.068,33.53570078503415,90.0,0.05746429921496585,-0.09650908223237861,-1.9890197689660933,-0.0,-0.0,0.2359073958096778,-0.46922447391075806,-1447.6362334856792,-0.0002987175777703649
0.0685,33.58420386781821,90.0,0.05741579613218179,-0.09750307357695062,-1.986915871795608,-0.0,-0.0,0.2359073958096778,-0.46872814900821747,-1462.5461036542592,-0.00029840160752388916
0.069,33.633203675868955,90.0,0.057366796324131046,-0.09849596849407691,-1.9846343140475324,-0.0,-0.0,0.2359073958096778,-0.4681899126614796,-1477.4395274111534,-0.0002980589556233489
0.0695,33.682699638828794,90.0,0.057317300361171206,-0.0994876785357791,-1.9821766249890145,-0.0,-0.0,0.2359073958096778,-0.4676101256359747,-1492.3151780366866,-0.0002976898517391503
0.07,33.73269114230736,90.0,0.05726730885769264,-0.10047811601874496,-1.9795443340063459,-0.0,-0.0,0.2359073958096778,-0.46698914872524006,-1507.1717402811744,-0.00029729452555959295
0.07050000000000001,33.783177528263735,90.0,0.05721682247173626,-0.10146719402437086,-1.9767389705356504,-0.0,-0.0,0.2359073958096778,-0.46632734273456866,-1522.007910365563,-0.00029687320678046023
0.07100000000000001,33.83415809538894,90.0,0.057165841904611055,-0.10245482639876928,-1.9737620639939955,-0.0,-0.0,0.2359073958096778,-0.46562506846475804,-1536.822395981539,-0.0002964261250946738
0.07150000000000001,33.88563209948819,90.0,0.05711436790051181,-0.10344092775274218,-1.970615143710926,-0.0,-0.0,0.2359073958096778,-0.4648826866959585,-1551.6139162911327,-0.00029595351018201074
0.07200000000000001,33.93759875386327,90.0,0.05706240124613673,-0.10442541346172021,-1.967299738860426,-0.0,-0.0,0.2359073958096778,-0.46410055817162227,-1566.3812019258032,-0.0002954555916988856
0.07250000000000001,33.99005722969483,90.0,0.057009942770305175,-0.1054081996656681,-1.9638173783932906,-0.0,-0.0,0.2359073958096778,-0.4632790435825498,-1581.1229949850215,-0.0002949325992681937
0.07300000000000001,34.04300665642459,90.0,0.056956993343575416,-0.1063892032689561,-1.960169590969922,-0.0,-0.0,0.2359073958096778,-0.4624185035510356,-1595.8380490343413,-0.0002943847624692179
0.07350000000000001,34.096446122137536,90.0,0.056903553877862466,-0.1073683419401982,-1.9563579048935391,-0.0,-0.0,0.2359073958096778,-0.4615192986151121,-1610.5251291029729,-0.0002938123108275985
0.07400000000000001,34.15037467394398,90.0,0.05684962532605602,-0.10834553411205682,-1.9523838480437983,-0.0,-0.0,0.2359073958096778,-0.4605817892128901,-1625.1830116808524,-0.0002932154738053635
0.0745,34.20479131836153,90.0,0.05679520868163847,-0.10932069898101456,-1.9482489478108307,-0.0,-0.0,0.2359073958096778,-0.45960633566699793,-1639.8104847152183,-0.0002925944807910224
0.075,34.259695021696935,90.0,0.05674030497830306,-0.11029375650711305,-1.9439547310296834,-0.0,-0.0,0.2359073958096778,-0.45859329816911526,-1654.4063476066956,-0.00029194956108972054
0.0755,34.31508471042781,90.0,0.05668491528957219,-0.11126462741365913,-1.9395027239151719,-0.0,-0.0,0.2359073958096778,-0.45754303676460467,-1668.969411204887,-0.00029128094391345455
0.076,34.37095927158415,90.0,0.056629040728415854,-0.11223323318689847,-1.9348944519971372,-0.0,-0.0,0.2359073958096778,-0.45645591133723823,-1683.498497803477,-0.0002905888583713495
0.0765,34.42731755312973,90.0,0.05657268244687027,-0.11319949607565696,-1.9301314400561054,-0.0,-0.0,0.2359073958096778,-0.455332281594019,-1697.9924411348543,-0.00028987353345999586
0.077,34.48415836434333,90.0,0.05651584163565667,-0.11416333909095017,-1.9252152120593529,-0.0,-0.0,0.2359073958096778,-0.45417250705009854,-1712.4500863642525,-0.0002891351980538475
0.0775,34.541480476199666,90.0,0.056458519523800335,-0.11512468600556067,-1.920147291097365,-0.0,-0.0,0.2359073958096778,-0.45297694701378666,-1726.87029008341,-0.00028837408089567887
0.078,34.599282621750234,90.0,0.05640071737824977,-0.116083461353584,-1.9149291993206998,-0.0,-0.0,0.2359073958096778,-0.4517459605716577,-1741.25192030376,-0.0002875904105871031
0.0785,34.657563496503755,90.0,0.05634243650349625,-0.11703959042994283,-1.909562457877242,-0.0,-0.0,0.2359073958096778,-0.4504799065737477,-1755.5938564491423,-0.00028678441557914857
0.079,34.716321758806544,90.0,0.05628367824119346,-0.11799299928987018,-1.904048586849856,-0.0,-0.0,0.2359073958096778,-0.44917914361884664,-1769.8949893480526,-0.0002859563241628953
0.0795,34.77555603022249,90.0,0.05622444396977751,-0.11894361474836128,-1.8983891051944266,-0.0,-0.0,0.2359073958096778,-0.44784403003988166,-1784.1542212254192,-0.00028510636446016976
0.08,34.835264895912815,90.0,0.056164735104087184,-0.11989136437959476,-1.892585530678295,-0.0,-0.0,0.2359073958096778,-0.44647492388939364,-1798.3704656939215,-0.00028423476441429897
0.0805,34.89544690501546,90.0,0.056104553094984536,-0.12083617651632302,-1.8866393798190797,-0.0,-0.0,0.2359073958096778,-0.44507218292510464,-1812.5426477448452,-0.00028334175178092267
0.081,34.956100571024294,90.0,0.0560438994289757,-0.12177798024923214,-1.8805521678238852,-0.0,-0.0,0.2359073958096778,-0.4436361645955769,-1826.669703738482,-0.00028242755411886307
0.0815,35.01722437216785,90.0,0.055982775627832146,-0.12271670542627154,-1.8743254085288967,-0.0,-0.0,0.2359073958096778,-0.4421672260259625,-1840.7505813940732,-0.00028149239878105315
0.082,35.07881675178781,90.0,0.055921183248212186,-0.12365228265195355,-1.8679606143393586,-0.0,-0.0,0.2359073958096778,-0.44066572400384396,-1854.7842397793033,-0.0002805365129055226
0.0825,35.1408761187171,90.0,0.0558591238812829,-0.12458464328662287,-1.8614592961699303,-0.0,-0.0,0.2359073958096778,-0.43913201496516396,-1868.769649299343,-0.00027956012340644006
0.083,35.20340084765763,90.0,0.05579659915234236,-0.12551371944569656,-1.8548229633854267,-0.0,-0.0,0.2359073958096778,-0.4375664549802454,-1882.7057916854483,-0.00027856345696521335
0.0835,35.266389279557636,90.0,0.05573361072044236,-0.1264394439988744,-1.8480531237419333,-0.0,-0.0,0.2359073958096778,-0.43596939973989973,-1896.591659983116,-0.00027754674002164606
0.084,35.32983972198854,90.0,0.05567016027801146,-0.12736175056931975,-1.8411512833282984,-0.0,-0.0,0.2359073958096778,-0.4343412045416251,-1910.4262585397964,-0.0002765101987651505
0.0845,35.39375044952162,90.0,0.05560624955047838,-0.1282805735328115,-1.834118946507999,-0.0,-0.0,0.2359073958096778,-0.43268222427589176,-1924.2086029921725,-0.000275454059126017
0.085,35.45811970410394,90.0,0.05554188029589606,-0.1291958480168669,-1.82695761586138,-0.0,-0.0,0.2359073958096778,-0.43099281341251583,-1937.9377202530034,-0.0002743785467667393
0.0855,35.52294569543413,90.0,0.05547705430456587,-0.1301075098998357,-1.8196687921282628,-0.0,-0.0,0.2359073958096778,-0.42927332598712037,-1951.6126484975352,-0.00027328388707339513
0.08600000000000001,35.58822660133748,90.0,0.05541177339866252,-0.13101549580996533,-1.812253974150924,-0.0,-0.0,0.2359073958096778,-0.4275241155876836,-1965.2324371494797,-0.0002721703051470827
0.08650000000000001,35.653960568140675,90.0,0.055346039431859326,-0.1319197431244384,-1.8047146588174432,-0.0,-0.0,0.2359073958096778,-0.42574553534117415,-1978.7961468665762,-0.0002710380257954124
0.08700000000000001,35.720145711046015,90.0,0.05527985428895398,-0.13282018996838116,-1.7970523410054093,-0.0,-0.0,0.2359073958096778,-0.4239379379002712,-1992.3028495257172,-0.0002698872735240525
0.08750000000000001,35.78678011450516,90.0,0.05521321988549484,-0.1337167752138444,-1.789268513526001,-0.0,-0.0,0.2359073958096778,-0.42210167543017213,-2005.7516282076658,-0.00026871827252833094
0.08800000000000001,35.853861832592294,90.0,0.0551461381674077,-0.13460943847875625,-1.7813646670684198,-0.0,-0.0,0.2359073958096778,-0.4202370995954846,-2019.1415771813438,-0.00026753124668489
0.08850000000000001,35.92138888937682,90.0,0.05507861111062318,-0.13549812012584753,-1.7733422901446898,-0.0,-0.0,0.2359073958096778,-0.4183445615472038,-2032.4718018877127,-0.0002663264195433965
0.08900000000000001,35.989359279295456,90.0,0.055010640720704544,-0.13638276126154927,-1.765202869034814,-0.0,-0.0,0.2359073958096778,-0.4164244119097747,-2045.7414189232393,-0.00026510401431830474
0.08950000000000001,36.05777096752385,90.0,0.05494222903247615,-0.1372633037348632,-1.7569478877322868,-0.0,-0.0,0.2359073958096778,-0.4144770007682379,-2058.949556022948,-0.0002638642538806735
0.09000000000000001,36.12662189034754,90.0,0.054873378109652454,-0.1381396901362049,-1.7485788278899639,-0.0,-0.0,0.2359073958096778,-0.41250267765546017,-2072.0953520430735,-0.0002626073607500369
0.09050000000000001,36.1959099555324,90.0,0.0548040900444676,-0.13901186379621988,-1.7400971687662838,-0.0,-0.0,0.2359073958096778,-0.41050179153944744,-2085.1779569432983,-0.00026133355708632736
0.091,36.26563304269438,90.0,0.054734366957305616,-0.1398797687845732,-1.731504387171845,-0.0,-0.0,0.2359073958096778,-0.408474690810742,-2098.1965317685977,-0.00026004306468185276
0.0915,36.335789003668836,90.0,0.05466421099633116,-0.14074334990871243,-1.7228019574163254,-0.0,-0.0,0.2359073958096778,-0.4064217232699007,-2111.1502486306867,-0.0002587361049533244
0.092,36.40637566287897,90.0,0.054593624337121026,-0.14160255271260316,-1.7139913512557674,-0.0,-0.0,0.2359073958096778,-0.4043432361150588,-2124.0382906890477,-0.0002574128989339399
0.0925,36.47739081770386,90.0,0.054522609182296136,-0.14245732347544043,-1.7050740378401867,-0.0,-0.0,0.2359073958096778,-0.40223957592957044,-2136.859852131606,-0.00025607366726551563
0.093,36.54883223884568,90.0,0.05445116776115432,-0.14330760921033123,-1.696051483661552,-0.0,-0.0,0.2359073958096778,-0.400111088669737,-2149.6141381549683,-0.00025471863019067316
0.0935,36.620697670696416,90.0,0.05437930232930358,-0.14415335766295384,-1.686925152502082,-0.0,-0.0,0.2359073958096778,-0.39795811965260974,-2162.3003649443076,-0.00025334800754507516
0.094,36.692984831703676,90.0,0.05430701516829632,-0.14499451731018898,-1.6776965053829167,-0.0,-0.0,0.2359073958096778,-0.39578101354388096,-2174.917759652835,-0.00025196201874971613
0.0945,36.76569141473611,90.0,0.05423430858526389,-0.1458310373587276,-1.6683670005130942,-0.0,-0.0,0.2359073958096778,-0.3935801143458474,-2187.465560380914,-0.00025056088280326
0.095,36.83881508744777,90.0,0.05416118491255223,-0.14666286774365087,-1.6589380932389006,-0.0,-0.0,0.2359073958096778,-0.39135576538546146,-2199.943016154763,-0.00024914481827443305
0.0955,36.91235349264214,90.0,0.05408764650735786,-0.14748995912698773,-1.649411235993528,-0.0,-0.0,0.2359073958096778,-0.38910830930245505,-2212.3493869048157,-0.0002477140432944634
0.096,36.98630424863505,90.0,0.05401369575136495,-0.14831226289624427,-1.6397878782470987,-0.0,-0.0,0.2359073958096778,-0.38683808803755004,-2224.6839434436642,-0.0002462687755495755
0.0965,37.06066494961726,90.0,0.05393933505038274,-0.14912973116291123,-1.6300694664569884,-0.0,-0.0,0.2359073958096778,-0.38454544282073905,-2236.945967443668,-0.00024480923227352964
0.097,37.13543316601585,90.0,0.05386456683398415,-0.14994231676094383,-1.6202574440185245,-0.0,-0.0,0.2359073958096778,-0.3822307141596549,-2249.134751414157,-0.00024333563024021759
0.0975,37.21060644485525,90.0,0.05378939355514475,-0.15074997324521996,-1.6103532512159726,-0.0,-0.0,0.2359073958096778,-0.37989424182800796,-2261.2495986782997,-0.00024184818575630134
0.098,37.28618231011716,90.0,0.053713817689882835,-0.15155265488997105,-1.600358325173895,-0.0,-0.0,0.2359073958096778,-0.37753636485411113,-2273.2898233495653,-0.00024034711465390838
0.0985,37.36215826309999,90.0,0.053637841736900005,-0.15235031668719146,-1.5902740998087994,-0.0,-0.0,0.2359073958096778,-0.3751574215094735,-2285.2547503078717,-0.0002388326322833698
0.099,37.438531782777154,90.0,0.053561468217222845,-0.15314291434502111,-1.5801020057811495,-0.0,-0.0,0.2359073958096778,-0.3727577492974794,-2297.1437151753166,-0.0002373049535060133
0.0995,37.51530032615493,90.0,0.053484699673845074,-0.1539304042861069,-1.56984347044767,-0.0,-0.0,0.2359073958096778,-0.3703376849421367,-2308.956064291604,-0.0002357642926870001
0.1,37.5924613286291,90.0,0.0534075386713709,-0.15471274364593762,-1.559499917814006,-0.0,-0.0,0.2359073958096778,-0.36789756437690874,-2320.691154689064,-0.00023421086368821526
0.1005,37.67001220434116,90.0,0.05332998779565884,-0.15548989027115795,-1.5490727684876744,-0.0,-0.0,0.2359073958096778,-0.3654377227336152,-2332.348354067369,-0.0002326448798612014
0.101,37.74795034653324,90.0,0.05325204965346676,-0.1562618027178564,-1.5385634396313694,-0.0,-0.0,0.2359073958096778,-0.36295849433141675,-2343.927040767846,-0.00023106655404014662
0.1015,37.82627312790264,90.0,0.053173726872097364,-0.15702844024983256,-1.5279733449165538,-0.0,-0.0,0.2359073958096778,-0.36046021266586675,-2355.4266037474886,-0.00022947609853491406
0.10200000000000001,37.904977900955,90.0,0.053095022099045,-0.1577897628368388,-1.5173038944774044,-0.0,-0.0,0.2359073958096778,-0.3579432103980466,-2366.8464425525817,-0.00022787372512412575
0.10250000000000001,37.98406199835706,90.0,0.053015938001642934,-0.15854573115280127,-1.506556494865038,-0.0,-0.0,0.2359073958096778,-0.35540781934376736,-2378.185967292019,-0.00022625964504828768
0.10300000000000001,38.063522733288124,90.0,0.05293647726671188,-0.1592963065740158,-1.4957325490020899,-0.0,-0.0,0.2359073958096778,-0.3528543704628543,-2389.444598610237,-0.00022463406900296852
0.10350000000000001,38.14335739979088,90.0,0.05285664260020912,-0.16004145117732374,-1.4848334561375696,-0.0,-0.0,0.2359073958096778,-0.3502831938484975,-2400.6217676598562,-0.00022299720713201985
0.10400000000000001,38.22356327312119,90.0,0.05277643672687882,-0.16078112773826242,-1.4738606118020687,-0.0,-0.0,0.2359073958096778,-0.3476946187166845,-2411.7169160739363,-0.00022134926902084867
0.10450000000000001,38.304137610096944,90.0,0.05269586238990306,-0.1615152997291964,-1.4628154077632394,-0.0,-0.0,0.2359073958096778,-0.3450889733956977,-2422.729495937946,-0.00021969046368973142
0.10500000000000001,38.385077649446075,90.0,0.05261492235055393,-0.16224393131742326,-1.4516992319816235,-0.0,-0.0,0.2359073958096778,-0.3424665853156941,-2433.658969761349,-0.00021802099958718007
0.10550000000000001,38.46638061215347,90.0,0.05253361938784653,-0.1629669873632608,-1.4405134685667533,-0.0,-0.0,0.2359073958096778,-0.3398277809983489,-2444.504810448912,-0.00021634108458334922
0.10600000000000001,38.54804370180701,90.0,0.05245195629819299,-0.16368443341810887,-1.4292594977335935,-0.0,-0.0,0.2359073958096778,-0.33717288604658013,-2455.266501271633,-0.0002146509259634943
0.10650000000000001,38.63006410494269,90.0,0.05236993589505731,-0.16439623572249296,-1.4179386957592566,-0.0,-0.0,0.2359073958096778,-0.33450222513433725,-2465.9435358373944,-0.00021295073042147124
0.10700000000000001,38.71243899138857,90.0,0.052287561008611434,-0.165102361204083,-1.4065524349400589,-0.0,-0.0,0.2359073958096778,-0.33181612199647054,-2476.535418061245,-0.0002112407040532867
0.1075,38.795165514607966,90.0,0.05220483448539203,-0.16580277747569355,-1.395102083548842,-0.0,-0.0,0.2359073958096778,-0.32911489941866284,-2487.0416621354034,-0.00020952105235068856
0.108,38.87824081204146,90.0,0.05212175918795854,-0.1664974528332605,-1.3835890057926308,-0.0,-0.0,0.2359073958096778,-0.3263988792274407,-2497.461792498908,-0.000207791980194807
0.1085,38.961662005447955,90.0,0.05203833799455204,-0.16718635625379824,-1.3720145617705684,-0.0,-0.0,0.2359073958096778,-0.3236683822802511,-2507.7953438069735,-0.00020605369184983674
0.109,39.045426201244666,90.0,0.05195457379875534,-0.16786945739333498,-1.3603801074321655,-0.0,-0.0,0.2359073958096778,-0.32092372845561185,-2518.041860900025,-0.00020430639095676711
0.1095,39.1295304908462,90.0,0.0518704695091538,-0.1685467265848276,-1.3486869945358375,-0.0,-0.0,0.2359073958096778,-0.3181652366433306,-2528.2008987724143,-0.00020255028052715475
0.11,39.213971951002385,90.0,0.051786028048997616,-0.1692181348360559,-1.3369365706077472,-0.0,-0.0,0.2359073958096778,-0.31539322473479503,-2538.2720225408384,-0.00020078556293694265
0.1105,39.298747644135226,90.0,0.05170125235586477,-0.16988365382749618,-1.32513017890094,-0.0,-0.0,0.2359073958096778,-0.3126080096133332,-2548.2548074124425,-0.00019901243992032286
0.111,39.383854618674704,90.0,0.05161614538132529,-0.17054325591017447,-1.3132691583547706,-0.0,-0.0,0.2359073958096778,-0.3098099071446413,-2558.148838652617,-0.00019723111256364305
0.1115,39.469289909393474,90.0,0.05153071009060652,-0.17119691410349971,-1.3013548435546296,-0.0,-0.0,0.2359073958096778,-0.3069992321672833,-2567.953711552496,-0.00019544178129935816
0.112,39.555050537740556,90.0,0.05144494946225944,-0.17184460209307667,-1.2893885646919585,-0.0,-0.0,0.2359073958096778,-0.30417629848325817,-2577.66903139615,-0.00019364464590002528
0.1125,39.64113351217386,90.0,0.051358866487826144,-0.17248629422849907,-1.2773716475245536,-0.0,-0.0,0.2359073958096778,-0.3013414188486351,-2587.294413427486,-0.00019183990547234206
0.113,39.72753582849159,90.0,0.05127246417150841,-0.17312196552112297,-1.2653054133371666,-0.0,-0.0,0.2359073958096778,-0.2984949049642589,-2596.829482816844,-0.00019002775845122934
0.1135,39.814254470162666,90.0,0.05118574552983733,-0.1737515916418203,-1.2531911789023864,-0.0,-0.0,0.2359073958096778,-0.295637067466522,-2606.2738746273044,-0.00018820840259395656
0.114,39.90128640865581,90.0,0.05109871359134419,-0.1743751489187132,-1.2410302564418119,-0.0,-0.0,0.2359073958096778,-0.29276821591820446,-2615.6272337806977,-0.00018638203497431025
0.1145,39.988628603767644,90.0,0.05101137139623236,-0.17499261433488886,-1.2288239535875123,-0.0,-0.0,0.2359073958096778,-0.2898886587993824,-2624.889215023333,-0.0001845488519768063
0.115,40.07627800394959,90.0,0.050923721996050414,-0.17560396552609506,-1.216573573343769,-0.0,-0.0,0.2359073958096778,-0.2869987034984026,-2634.0594828914254,-0.00018270904929094405
0.1155,40.16423154663365,90.0,0.05083576845336635,-0.17620918077841694,-1.2042804140491037,-0.0,-0.0,0.2359073958096778,-0.2840986563029246,-2643.137711676254,-0.0001808628219055036
0.116,40.252486158556955,90.0,0.05074751384144304,-0.17680823902593454,-1.1919457693385898,-0.0,-0.0,0.2359073958096778,-0.2811888223910296,-2652.123585389018,-0.00017901036410288555
0.1165,40.34103875608517,90.0,0.05065896124391483,-0.17740111984836182,-1.179570928106443,-0.0,-0.0,0.2359073958096778,-0.2782695058223956,-2661.016797725427,-0.00017715186945349286
0.117,40.42988624553473,90.0,0.05057011375446527,-0.17798780346866683,-1.1671571744688953,-0.0,-0.0,0.2359073958096778,-0.2753410095295388,-2669.8170520300027,-0.00017528753081015507
0.11750000000000001,40.519025523493895,90.0,0.0504809744765061,-0.17856827075067366,-1.154705787727346,-0.0,-0.0,0.2359073958096778,-0.27240363530912076,-2678.5240612601046,-0.0001734175403025941
0.11800000000000001,40.60845347714254,90.0,0.05039154652285746,-0.17914250319664565,-1.1422180423317931,-0.0,-0.0,0.2359073958096778,-0.26945768381332164,-2687.1375479496846,-0.00017154208933193254
0.11850000000000001,40.69816698457073,90.0,0.050301833015429266,-0.17971048294485084,-1.1296952078445393,-0.0,-0.0,0.2359073958096778,-0.26650345454127794,-2695.6572441727626,-0.00016966136856524244
0.11900000000000001,40.788162915096215,90.0,0.05021183708490379,-0.1802721927671089,-1.1171385489041774,-0.0,-0.0,0.2359073958096778,-0.26354124583058686,-2704.0828915066336,-0.000167775567930137
0.11950000000000001,40.8784381295805,90.0,0.050121561870419495,-0.18082761606632045,-1.104549325189848,-0.0,-0.0,0.2359073958096778,-0.26057135484887395,-2712.4142409948067,-0.0001658848766094024
0.12000000000000001,40.96898948074381,90.0,0.050031010519256194,-0.18137673687397843,-1.0919287913857718,-0.0,-0.0,0.2359073958096778,-0.25759407758542635,-2720.6510531096765,-0.0001639894830356712
0.12050000000000001,41.0598138134787,90.0,0.0499401861865213,-0.18191953984766174,-1.0792781971460563,-0.0,-0.0,0.2359073958096778,-0.2546097088428902,-2728.793097714926,-0.00016208957488613693
0.12100000000000001,41.15090796516254,90.0,0.049849092034837464,-0.18245601026851171,-1.0665987870597742,-0.0,-0.0,0.2359073958096778,-0.2516185422290324,-2736.840154027676,-0.00016018533907730928
0.12150000000000001,41.24226876596865,90.0,0.04975773123403135,-0.18298613403869055,-1.053891800616308,-0.0,-0.0,0.2359073958096778,-0.2486208701485654,-2744.7920105803582,-0.00015827696175980973
0.12200000000000001,41.33389303917614,90.0,0.04966610696082386,-0.1835098976788231,-1.0411584721709726,-0.0,-0.0,0.2359073958096778,-0.24561698379503702,-2752.648465182346,-0.00015636462831320838
0.12250000000000001,41.42577760147849,90.0,0.049574222398521516,-0.18402728832542128,-1.0284000309109,-0.0,-0.0,0.2359073958096778,-0.24260717314278257,-2760.409324881319,-0.00015444852334090065
0.12300000000000001,41.517919263290885,90.0,0.049482080736709115,-0.18453829372829145,-1.015617700821194,-0.0,-0.0,0.2359073958096778,-0.23959172693894032,-2768.0744059243716,-0.0001525288306650239
0.12350000000000001,41.610314829056186,90.0,0.04938968517094381,-0.18504290224792505,-1.0028127006513525,-0.0,-0.0,0.2359073958096778,-0.23657093269553056,-2775.643533718876,-0.00015060573332141507
0.124,41.70296109754966,90.0,0.04929703890245034,-0.18554110285287234,-0.9899862438819552,-0.0,-0.0,0.2359073958096778,-0.2335450766815966,-2783.116542793085,-0.00014867941355460737
0.1245,41.79585486218227,90.0,0.049204145137817734,-0.1860328851170998,-0.9771395386916149,-0.0,-0.0,0.2359073958096778,-0.23051444391540876,-2790.4932767564974,-0.00014675005281286713
0.125,41.88899291130276,90.0,0.04911100708869724,-0.18651823921733093,-0.9642737879241942,-0.0,-0.0,0.2359073958096778,-0.22747931815673017,-2797.773588259964,-0.0001448178317432702
0.1255,41.9823720284984,90.0,0.049017627971501596,-0.1869971559303706,-0.9513901890562851,-0.0,-0.0,0.2359073958096778,-0.22443998189914524,-2804.957338955559,-0.00014288293018681792
0.126,42.075988992894324,90.0,0.048924011007105674,-0.1874696266304135,-0.9384899341649485,-0.0,-0.0,0.2359073958096778,-0.22139671636244895,-2812.0443994562024,-0.00014094552717359223
0.1265,42.16984057945152,90.0,0.04883015942054848,-0.18793564328633625,-0.9255742098957179,-0.0,-0.0,0.2359073958096778,-0.21834980148509892,-2819.034649295044,-0.00013900580091795025
0.127,42.26392355926352,90.0,0.048736076440736485,-0.1883951984589738,-0.9126441974308614,-0.0,-0.0,0.2359073958096778,-0.21529951591672794,-2825.927976884607,-0.0001370639288137578
0.1275,42.35823469985169,90.0,0.048641765300148306,-0.1888482852983798,-0.8997010724579017,-0.0,-0.0,0.2359073958096778,-0.2122461370107178,-2832.724279475697,-0.00013512008742966165
0.128,42.45277076545919,90.0,0.04854722923454081,-0.18929489754107146,-0.8867460051383967,-0.0,-0.0,0.2359073958096778,-0.20918994081683434,-2839.4234631160716,-0.0001331744525044009
0.1285,42.547528517343466,90.0,0.04845247148265654,-0.18973502950725893,-0.8737801600769772,-0.0,-0.0,0.2359073958096778,-0.20613120207392308,-2846.0254426088836,-0.0001312271989421568
0.129,42.64250471406735,90.0,0.04835749528593265,-0.19016867609805885,-0.8608046962906395,-0.0,-0.0,0.2359073958096778,-0.20307019420266537,-2852.530141470883,-0.00012927850080794137
0.1295,42.73769611178896,90.0,0.04826230388821104,-0.19059583279269326,-0.8478207671782945,-0.0,-0.0,0.2359073958096778,-0.2000071892983946,-2858.937491890399,-0.00012732853132302373
0.13,42.833099464549925,90.0,0.04816690053545008,-0.1910164956456728,-0.834829520490572,-0.0,-0.0,0.2359073958096778,-0.19694245812397287,-2865.247434685092,-0.00012537746286039552
0.1305,42.928711524562345,90.0,0.04807128847543765,-0.19143066128396505,-0.8218320982998779,-0.0,-0.0,0.2359073958096778,-0.19387627010272732,-2871.459919259476,-0.000123425466940274
0.131,43.024529042494386,90.0,0.047975470957505616,-0.19183832690414812,-0.808829636970708,-0.0,-0.0,0.2359073958096778,-0.1908088933114468,-2877.574903562222,-0.00012147271422564338
0.1315,43.12054876775422,90.0,0.047879451232245775,-0.19223949026954923,-0.7958232671302055,-0.0,-0.0,0.2359073958096778,-0.18774059447343633,-2883.592354043238,-0.00011951937451783345
0.132,43.216767448772885,90.0,0.047783232551227114,-0.19263414970736875,-0.7828141136389807,-0.0,-0.0,0.2359073958096778,-0.1846716389516331,-2889.5122456105314,-0.00011756561675213685
0.1325,43.31318183328527,90.0,0.04768681816671473,-0.19302230410578963,-0.7698032955621736,-0.0,-0.0,0.2359073958096778,-0.18160229074178008,-2895.3345615868448,-0.00011561160899346338
0.133,43.40978866861007,90.0,0.04759021133138993,-0.19340395291107268,-0.7567919261407684,-0.0,-0.0,0.2359073958096778,-0.1785328124656587,-2901.05929366609,-0.00011365751843203173
0.1335,43.50658470192799,90.0,0.04749341529807201,-0.19377909612463706,-0.7437811127631586,-0.0,-0.0,0.2359073958096778,-0.17546346536438104,-2906.6864418695554,-0.00011170351137909925
0.134,43.603566680558636,90.0,0.047396433319441364,-0.19414773430012722,-0.7307719569369583,-0.0,-0.0,0.2359073958096778,-0.17239450929173983,-2912.216014501908,-0.0001097497532627283
0.1345,43.70073135223589,90.0,0.04729926864776411,-0.1945098685404654,-0.7177655542610613,-0.0,-0.0,0.2359073958096778,-0.16932620270761695,-2917.6480281069807,-0.00010779640862359004
0.135,43.798075465381764,90.0,0.04720192453461824,-0.19486550049489024,-0.7047629943979465,-0.0,-0.0,0.2359073958096778,-0.1662588026714501,-2922.9825074233536,-0.0001058436411108052
0.1355,43.89559576937889,90.0,0.04710440423062111,-0.19521463235598185,-0.6917653610462314,-0.0,-0.0,0.2359073958096778,-0.16319256483575798,-2928.2194853397277,-0.00010389161347782202
0.136,43.99328901484136,90.0,0.04700671098515864,-0.19555726685667307,-0.6787737319134677,-0.0,-0.0,0.2359073958096778,-0.16012774343972255,-2933.3590028500957,-0.00010194048757833065
0.1365,44.09115195388424,90.0,0.04690884804611576,-0.19589340726724702,-0.6657891786891822,-0.0,-0.0,0.2359073958096778,-0.1570645913028292,-2938.4011090087056,-9.999042436221434e-05
0.137,44.189181340391414,90.0,0.04681081865960859,-0.19622305739232151,-0.6528127670181634,-0.0,-0.0,0.2359073958096778,-0.15400335981856483,-2943.3458608848227,-9.804158387153747e-05
0.1375,44.28737393028203,90.0,0.04671262606971797,-0.19654622156782015,-0.6398455564739873,-0.0,-0.0,0.2359073958096778,-0.15094429894817246,-2948.193323517302,-9.609412523656971e-05
0.138,44.38572648177541,90.0,0.04661427351822459,-0.19686290465793002,-0.6268886005327902,-0.0,-0.0,0.2359073958096778,-0.14788765721446392,-2952.94356986895,-9.414820667184692e-05
0.1385,44.484235755654396,90.0,0.04651576424434561,-0.1971731120520464,-0.6139429465472769,-0.0,-0.0,0.2359073958096778,-0.1448336816956883,-2957.596680780696,-9.220398547226783e-05
0.139,44.58289851552716,90.0,0.04641710148447284,-0.19747684966170478,-0.6010096357209759,-0.0,-0.0,0.2359073958096778,-0.14178261801945852,-2962.1527449255714,-9.026161800922742e-05
0.1395,44.68171152808758,90.0,0.04631828847191242,-0.19777412391749982,-0.5880897030827311,-0.0,-0.0,0.2359073958096778,-0.13873471035673374,-2966.6118587624974,-8.832125972678618e-05
0.14,44.78067156337394,90.0,0.04621932843662606,-0.1980649417659916,-0.5751841774614332,-0.0,-0.0,0.2359073958096778,-0.13569020141585827,-2970.974126489874,-8.638306513787496e-05
0.1405,44.8797753950261,90.0,0.0461202246049739,-0.19834931066659947,-0.5622940814609924,-0.0,-0.0,0.2359073958096778,-0.13264933243665752,-2975.239659998992,-8.444718782053655e-05
0.14100000000000001,44.979019800541266,90.0,0.04602098019945874,-0.19862723858848327,-0.5494204314355443,-0.0,-0.0,0.2359073958096778,-0.1296123431845889,-2979.408578827249,-8.251378041420182e-05
0.14150000000000001,45.078401561527954,90.0,0.045921598438472044,-0.19889873400741245,-0.5365642374649008,-0.0,-0.0,0.2359073958096778,-0.12657947194495028,-2983.4810101111866,-8.05829946160029e-05
0.14200000000000002,45.177917463958615,90.0,0.045822082536041385,-0.19916380590262264,-0.5237265033302297,-0.0,-0.0,0.2359073958096778,-0.12355095551714304,-2987.4570885393396,-7.865498117712078e-05
0.14250000000000002,45.27756429842046,90.0,0.04572243570157954,-0.19942246375366035,-0.5109082264899768,-0.0,-0.0,0.2359073958096778,-0.12052702920899147,-2991.336956304905,-7.672988989916898e-05
0.14300000000000002,45.377338860364944,90.0,0.045622661139635055,-0.19967471753721575,-0.4981103980560203,-0.0,-0.0,0.2359073958096778,-0.11750792683111774,-2995.120763058236,-7.480786963061259e-05
0.14350000000000002,45.47723795035547,90.0,0.045522762049644526,-0.19992057772394323,-0.4853340027700629,-0.0,-0.0,0.2359073958096778,-0.11449388069137248,-2998.8086658591487,-7.288906826322256e-05
0.14400000000000002,45.57725837431362,90.0,0.04542274162568638,-0.20016005527527078,-0.47258001898025326,-0.0,-0.0,0.2359073958096778,-0.11148512158931964,-3002.4008291290615,-7.09736327285648e-05
0.14450000000000002,45.67739694376365,90.0,0.04532260305623635,-0.2003931616401972,-0.45984941861805007,-0.0,-0.0,0.2359073958096778,-0.10848187881077855,-3005.8974246029575,-6.906170899452538e-05
0.14500000000000002,45.777650476075635,90.0,0.045222349523924364,-0.20061990875207797,-0.4471431671753101,-0.0,-0.0,0.2359073958096778,-0.1054843801224188,-3009.2986312811695,-6.715344206186968e-05
0.14550000000000002,45.878015794706656,90.0,0.04512198420529334,-0.20084030902540004,-0.434462223681615,-0.0,-0.0,0.2359073958096778,-0.10249285176641153,-3012.6046353810007,-6.524897596083717e-05
0.14600000000000002,45.9784897294407,90.0,0.0450215102705593,-0.20105437535254472,-0.4218075406818282,-0.0,-0.0,0.2359073958096778,-0.09950751845513481,-3015.8156302881707,-6.334845374777083e-05
0.14650000000000002,46.07906911662672,90.0,0.04492093088337328,-0.2012621211005401,-0.4091800642138839,-0.0,-0.0,0.2359073958096778,-0.0965286033659341,-3018.9318165081013,-6.145201750178151e-05
0.14700000000000002,46.17975079941518,90.0,0.04482024920058482,-0.2014635601078018,-0.39658073378680797,-0.0,-0.0,0.2359073958096778,-0.09355632813593696,-3021.953401617027,-5.9559808321446944e-05
0.14750000000000002,46.28053162799291,90.0,0.04471946837200709,-0.20165870668086333,-0.3840104823589663,-0.0,-0.0,0.2359073958096778,-0.09059091285692195,-3024.88060021295,-5.767196632154505e-05
0.14800000000000002,46.38140845981634,90.0,0.04461859154018366,-0.201847575591095,-0.3714702363165492,-0.0,-0.0,0.2359073958096778,-0.08763257607024272,-3027.713633866425,-5.5788630629822676e-05
0.14850000000000002,46.48237815984314,90.0,0.04451762184015686,-0.20203018207141296,-0.35896091545227776,-0.0,-0.0,0.2359073958096778,-0.08468153476180477,-3030.4527310711946,-5.390993938379759e-05
0.149,46.5834376007621,90.0,0.0444165623992379,-0.20220654181297687,-0.3464834329443474,-0.0,-0.0,0.2359073958096778,-0.08173800435709812,-3033.098127194653,-5.203602972759618e-05
0.1495,46.68458366322149,90.0,0.04431541633677851,-0.20237667096187745,-0.334038695335595,-0.0,-0.0,0.2359073958096778,-0.07880219871628258,-3035.650064428162,-5.016703780882473e-05
0.15,46.78581323605567,90.0,0.044214186763944334,-0.20254058611581388,-0.32162760251288774,-0.0,-0.0,0.2359073958096778,-0.07587433012932553,-3038.108791737208,-4.830309877547394e-05
0.1505,46.88712321651,90.0,0.044112876783490004,-0.2026983043207603,-0.3092510476867655,-0.0,-0.0,0.2359073958096778,-0.07295460931119932,-3040.4745648114044,-4.644434677286154e-05
0.151,46.988510510464295,90.0,0.044011489489535705,-0.20284984306762308,-0.2969099173712685,-0.0,-0.0,0.2359073958096778,-0.07004324539712256,-3042.747646014346,-4.4590914940602805e-05
0.1515,47.089972032654245,90.0,0.043910027967345756,-0.20299522028888706,-0.28460509136403833,-0.0,-0.0,0.2359073958096778,-0.0671404459378657,-3044.9283043333057,-4.274293540962196e-05
0.152,47.191504706891614,90.0,0.04380849529310839,-0.2031344543552529,-0.2723374427266021,-0.0,-0.0,0.2359073958096778,-0.06424641689509998,-3047.0168153287937,-4.090053929919128e-05
0.1525,47.29310546628222,90.0,0.04370689453371778,-0.20326756407226393,-0.2601078377649231,-0.0,-0.0,0.2359073958096778,-0.061361362636809164,-3049.013461083959,-3.9063856714010065e-05
0.153,47.39477125344277,90.0,0.04360522874655723,-0.2033945686769234,-0.2479171360101341,-0.0,-0.0,0.2359073958096778,-0.05848548593274443,-3050.918530153851,-3.723301674131114e-05
0.1535,47.49649902071557,90.0,0.04350350097928443,-0.2035154878343026,-0.23576619019954392,-0.0,-0.0,0.2359073958096778,-0.055618987949943584,-3052.732317514539,-3.5408147448008336e-05
0.154,47.59828573038182,90.0,0.04340171426961818,-0.20363034163413904,-0.22365584625781848,-0.0,-0.0,0.2359073958096778,-0.052762068248291626,-3054.4551245120856,-3.358937587787021e-05
0.1545,47.700128354872945,90.0,0.04329987164512705,-0.20373915058742556,-0.21158694327843403,-0.0,-0.0,0.2359073958096778,-0.04991492477614538,-3056.087258811383,-3.177682804873462e-05
0.155,47.80202387698065,90.0,0.04319797612301935,-0.20384193562299002,-0.1995603135053086,-0.0,-0.0,0.2359073958096778,-0.04707775386600022,-3057.6290343448504,-2.9970628949750085e-05
0.1555,47.90396929006458,90.0,0.043096030709935416,-0.2039387180840662,-0.18757678231470448,-0.0,-0.0,0.2359073958096778,-0.04425075023022076,-3059.0807712609926,-2.817090253865784e-05
0.156,48.00596159825907,90.0,0.04299403840174093,-0.2040295197248553,-0.17563716819730502,-0.0,-0.0,0.2359073958096778,-0.041434106956812586,-3060.4427958728293,-2.6377771739100046e-05
0.1565,48.10799781667744,90.0,0.042892002183322564,-0.2041143627070787,-0.16374228274056138,-0.0,-0.0,0.2359073958096778,-0.03862801550525779,-3061.7154406061804,-2.4591358437968616e-05
0.157,48.21007497161513,90.0,0.04278992502838487,-0.2041932695965223,-0.1518929306112179,-0.0,-0.0,0.2359073958096778,-0.035832665702392505,-3062.8990439478343,-2.2811783482780758e-05
0.1575,48.31219010075069,90.0,0.04268780989924931,-0.20426626335957124,-0.14008990953810294,-0.0,-0.0,0.2359073958096778,-0.03304824573834721,-3063.9939503935684,-2.103916667909449e-05
0.158,48.41434025334536,90.0,0.04258565974665464,-0.20433336735973745,-0.1283340102950983,-0.0,-0.0,0.2359073958096778,-0.03027494216252902,-3065.0005103960616,-1.9273626787950918e-05
0.1585,48.516522490440636,90.0,0.042483477509559366,-0.20439460535417725,-0.11662601668437261,-0.0,-0.0,0.2359073958096778,-0.027512939879666375,-3065.919080312659,-1.751528152335616e-05
0.159,48.61873388505431,90.0,0.042381266114945686,-0.2044500014902018,-0.10496670551979598,-0.0,-0.0,0.2359073958096778,-0.0247624221458964,-3066.750022353027,-1.576424754979052e-05
0.1595,48.720971522374626,90.0,0.04227902847762537,-0.2044995803017786,-0.09335684661061348,-0.0,-0.0,0.2359073958096778,-0.022023570564913372,-3067.493704526679,-1.4020640479756517e-05
0.16,48.82323249995277,90.0,0.04217676750004723,-0.20454336670602546,-0.0817972027453034,-0.0,-0.0,0.2359073958096778,-0.019296565084160753,-3068.150500590382,-1.228457487135464e-05
0.1605,48.925513927893476,90.0,0.04207448607210652,-0.20458138599969575,-0.07028852967569243,-0.0,-0.0,0.2359073958096778,-0.016581583991083858,-3068.720789995436,-1.0556164225897736e-05
0.161,49.02781292904411,90.0,0.04197218707095589,-0.20461366385565627,-0.05883157610125269,-0.0,-0.0,0.2359073958096778,-0.013878803909425398,-3069.2049578348438,-8.835520985552695e-06
0.1615,49.1301266391817,90.0,0.0418698733608183,-0.20464022631935747,-0.047427083653658955,-0.0,-0.0,0.2359073958096778,-0.011188399795582423,-3069.603394790362,-7.122756531021176e-06
0.162,49.23245220719847,90.0,0.04176754779280153,-0.2046610998052953,-0.03607578688152587,-0.0,-0.0,0.2359073958096778,-0.008510544935005705,-3069.916497079429,-5.417981179247405e-06
0.1625,49.33478679528536,90.0,0.04166521320471464,-0.20467631109346618,-0.02477841323540251,-0.0,-0.0,0.2359073958096778,-0.005845410938659859,-3070.1446664019927,-3.7213041811646095e-06
0.163,49.43712757911398,90.0,0.04156287242088602,-0.20468588732581425,-0.013535683052950664,-0.0,-0.0,0.2359073958096778,-0.0031931677395267803,-3070.288309887214,-2.0328337194690435e-06
0.1635,49.53947174801662,90.0,0.04146052825198338,-0.20468985600267112,-0.0023483095443775142,-0.0,-0.0,0.2359073958096778,-0.0005539835891691104,-3070.347840040067,-3.526769064322148e-07
0.164,49.64181650516465,90.0,0.04135818349483535,-0.20468824497918872,0.008783001221948843,-0.0,0.0,0.2359073958096778,0.0020719749456631696,-3070.3236746878306,1.3190602182594188e-06
0.1645,49.74415906774489,90.0,0.04125584093225511,-0.20468108246176475,0.01985755033362743,-0.0,0.0,0.2359073958096778,0.004684542986365645,-3070.216236926471,2.9822726896262468e-06
0.165,49.846496667134524,90.0,0.04115350333286548,-0.2046683970044612,0.03087464604817366,-0.0,0.0,0.2359073958096778,0.007283557345770208,-3070.025955066918,4.636856619490456e-06
0.1655,49.948826549073836,90.0,0.04105117345092617,-0.20465021750541595,0.04183360380670826,-0.0,0.0,0.2359073958096778,0.009868856531374369,-3069.753262581239,6.2827091985318695e-06
0.166,50.05114597383755,90.0,0.040948854026162454,-0.2046265732032475,0.05273374624746937,-0.0,0.0,0.2359073958096778,0.012440280748528867,-3069.3985980487123,7.919728698317251e-06
0.1665,50.15345221640396,90.0,0.04084654778359604,-0.20459749367345345,0.06357440321906657,-0.0,0.0,0.2359073958096778,0.014997671903564392,-3068.962405101802,9.547814473290835e-06
0.167,50.25574256662269,90.0,0.040744257433377305,-0.20456300882480152,0.07435491179355776,-0.0,0.0,0.2359073958096778,0.01754087360687651,-3068.4451323720227,1.1166866962738241e-05
0.1675,50.358014329380204,90.0,0.040641985670619794,-0.20452314889571496,0.0850746162792652,-0.0,0.0,0.2359073958096778,0.02006973117594907,-3067.8472334357243,1.277678769271125e-05
0.168,50.46026482476395,90.0,0.040539735175236055,-0.20447794445065115,0.09573286823341501,-0.0,0.0,0.2359073958096778,0.022584091638335965,-3067.169166759767,1.4377479277926038e-05
0.1685,50.56249138822424,90.0,0.04043750861177576,-0.20442742637647413,0.10632902647452233,-0.0,0.0,0.2359073958096778,0.025083803734582848,-3066.411395647112,1.5968845423623222e-05
0.169,50.66469137073476,90.0,0.040335308629265244,-0.20437162587882063,0.11686245709459389,-0.0,0.0,0.2359073958096778,0.02756871792110585,-3065.574388182309,1.7550790927400467e-05
0.1695,50.76686213895088,90.0,0.04023313786104912,-0.20431057447846065,0.1273325334710751,-0.0,0.0,0.2359073958096778,0.030038686373009958,-3064.6586171769095,1.912322168100677e-05
0.17,50.86900107536644,90.0,0.04013099892463356,-0.20424430400765164,0.13773863627862043,-0.0,0.0,0.2359073958096778,0.03249356298686575,-3063.6645601147748,2.0686044672110142e-05
0.1705,50.971105578468446,90.0,0.040028894421531555,-0.204172846606487,0.14808015350060635,-0.0,0.0,0.2359073958096778,0.034933203383425385,-3062.592699097305,2.223916798602669e-05
0.171,51.073173062890234,90.0,0.03992682693710976,-0.2040962347192388,0.15835648044046594,-0.0,0.0,0.2359073958096778,0.0373574649102965,-3061.4435207885817,2.3782500807422866e-05
0.1715,51.17520095956249,90.0,0.03982479904043751,-0.20401450109069524,0.16856701973276716,-0.0,0.0,0.2359073958096778,0.03976620664455567,-3060.217516360429,2.5315953421979235e-05
0.17200000000000001,51.27718671586269,90.0,0.03972281328413731,-0.20392767876249204,0.17871118135411157,-0.0,0.0,0.2359073958096778,0.04215928939531951,-3058.9151814373804,2.6839437218027294e-05
0.17250000000000001,51.379127795762564,90.0,0.039620872204237434,-0.20383580106943897,0.18878838263378164,-0.0,0.0,0.2359073958096778,0.04453657570625642,-3057.5370160415846,2.835286468814852e-05
0.17300000000000001,51.48102167997379,90.0,0.03951897832002621,-0.20373890163584077,0.19879804826420364,-0.0,0.0,0.2359073958096778,0.04689792985805492,-3056.0835245376115,2.9856149430745718e-05
0.17350000000000002,51.582865866091765,90.0,0.03941713413390823,-0.20363701437181303,0.20873961031115806,-0.0,0.0,0.2359073958096778,0.049243217870832266,-3054.555215577195,3.134920615157645e-05
0.17400000000000002,51.684657868737695,90.0,0.0393153421312623,-0.20353017346959304,0.2186125082238107,-0.0,0.0,0.2359073958096778,0.05157230750650095,-3052.9526020438952,3.2831950665259545e-05
0.17450000000000002,51.78639521969858,90.0,0.03921360478030142,-0.20341841339984568,0.22841618884448978,-0.0,0.0,0.2359073958096778,0.05388506827107516,-3051.276200997685,3.430429989674345e-05
0.17500000000000002,51.88807546806568,90.0,0.03911192453193432,-0.20330176890796423,0.23815010641828024,-0.0,0.0,0.2359073958096778,0.05618137141693413,-3049.5265336194634,3.576617188274715e-05
0.17550000000000002,51.98969618037077,90.0,0.03901030381962923,-0.2031802750103669,0.24781372260236664,-0.0,0.0,0.2359073958096778,0.058461089945026204,-3047.7041251555033,3.7217485773163285e-05
0.17600000000000002,52.09125494072091,90.0,0.03890874505927909,-0.20305396699078837,0.2574065064751944,-0.0,0.0,0.2359073958096778,0.060724098607030076,-3045.809504861825,3.865816183243405e-05
0.17650000000000002,52.19274935093101,90.0,0.03880725064906899,-0.2029228803965668,0.26692793454537667,-0.0,0.0,0.2359073958096778,0.06297027390745594,-3043.843205948502,4.0088121440888846e-05
0.17700000000000002,52.29417703065482,90.0,0.03870582296934518,-0.20278705103492686,0.2763774907604212,-0.0,0.0,0.2359073958096778,0.06519949410570425,-3041.805765523903,4.1507287096054904e-05
0.17750000000000002,52.395535617513865,90.0,0.03860446438248614,-0.20264651496925787,0.28575466651520315,-0.0,0.0,0.2359073958096778,0.0674116392180645,-3039.697724538868,4.2915582413929745e-05
0.17800000000000002,52.496822767224664,90.0,0.03850317723277533,-0.20250130851538808,0.29505896066025655,-0.0,0.0,0.2359073958096778,0.06960659101967129,-3037.519627730821,4.4312932130226465e-05
0.17850000000000002,52.59803615372394,90.0,0.03840196384627606,-0.20235146823785502,0.30428987950981035,-0.0,0.0,0.2359073958096778,0.0717842330464,-3035.2720235678253,4.5699262101580576e-05
0.17900000000000002,52.69917346929216,90.0,0.038300826530707835,-0.20219703094617142,0.31344693684964525,-0.0,0.0,0.2359073958096778,0.07394445059672033,-3032.955464192571,4.7074499306729965e-05
0.17950000000000002,52.8002324246749,90.0,0.038199767575325096,-0.20203803369108778,0.32252965394469707,-0.0,0.0,0.2359073958096778,0.07608713073349006,-3030.570505366317,4.843857184765685e-05
0.18000000000000002,52.90121074920275,90.0,0.03809878925079725,-0.20187451376085058,0.33153755954647396,-0.0,0.0,0.2359073958096778,0.07821216228570466,-3028.1177064127587,4.979140895070163e-05
0.18050000000000002,53.00210619090895,90.0,0.037997893809091056,-0.20170650867745765,0.340470189900224,-0.0,0.0,0.2359073958096778,0.0803194358501883,-3025.597630161865,5.113294096763943e-05
0.18100000000000002,53.10291651664542,90.0,0.03789708348335458,-0.2015340561929091,0.3493270887519171,-0.0,0.0,0.2359073958096778,0.08240884379324094,-3023.0108428936364,5.2463099376728616e-05
0.18150000000000002,53.2036395121968,90.0,0.0377963604878032,-0.2013571942854556,0.3581078073549771,-0.0,0.0,0.2359073958096778,0.08448028025222643,-3020.357914281834,5.3781816783721874e-05
0.182,53.30427298239263,90.0,0.037695727017607365,-0.20117596115584277,0.3668119044768233,-0.0,0.0,0.2359073958096778,0.08653364113711567,-3017.6394173376416,5.508902692284856e-05
0.1825,53.40481475121767,90.0,0.03759518524878233,-0.2009903952235528,0.37543894640517106,-0.0,0.0,0.2359073958096778,0.08856882413197309,-3014.855928353292,5.638466465776106e-05
0.183,53.50526266192031,90.0,0.03749473733807969,-0.20080053512304266,0.3839885069541277,-0.0,0.0,0.2359073958096778,0.09058572869639461,-3012.0080268456395,5.766866598245023e-05
0.1835,53.60561457711913,90.0,0.03739438542288087,-0.2006064196999794,0.3924601674700603,-0.0,0.0,0.2359073958096778,0.09258425606689194,-3009.0962954996908,5.894096802212661e-05
0.184,53.70586837890759,90.0,0.037294131621092415,-0.20040808800747262,0.4008535168372517,-0.0,0.0,0.2359073958096778,0.09456430925822687,-3006.121320112089,6.0201509034069956e-05
0.1845,53.80602196895672,90.0,0.03719397803104328,-0.2002055793023043,0.4091681514833317,-0.0,0.0,0.2359073958096778,0.09652579306469253,-3003.083689534564,6.145022840844483e-05
0.185,53.90607326861613,90.0,0.03709392673138387,-0.19999893304115543,0.4174036753844906,-0.0,0.0,0.2359073958096778,0.09846861406134329,-2999.9839956173314,6.268706666908359e-05
0.1855,54.006020219012946,90.0,0.036993979780987056,-0.19978818887683097,0.4255597000704712,-0.0,0.0,0.2359073958096778,0.10039268060517242,-2996.8228331524647,6.391196547423617e-05
0.186,54.10586078114891,90.0,0.03689413921885109,-0.19957338665448152,0.43363584462934335,-0.0,0.0,0.2359073958096778,0.10229790283623844,-2993.6007998172227,6.512486761728708e-05
0.1865,54.205592935995675,90.0,0.036794407064004324,-0.19935456640782304,0.4416317357120553,-0.0,0.0,0.2359073958096778,0.10418419267873884,-2990.3184961173456,6.632571702743896e-05
0.187,54.305214684588094,90.0,0.036694785315411906,-0.19913176835535448,0.4495470075367642,-0.0,0.0,0.2359073958096778,0.10605146384203164,-2986.976525330317,6.751445877036297e-05
0.1875,54.40472404811567,90.0,0.03659527595188433,-0.1989050328965731,0.4573813018929506,-0.0,0.0,0.2359073958096778,0.10789963182160603,-2983.5754934485967,6.869103904881667e-05
0.188,54.5041190680121,90.0,0.0364958809319879,-0.1986744006081876,0.46513426814530284,-0.0,0.0,0.2359073958096778,0.10972861389999876,-2980.1160091228144,6.985540520322745e-05
0.1885,54.603397806043,90.0,0.036396602193957,-0.19843991224032997,0.4728055632373889,-0.0,0.0,0.2359073958096778,0.11153832914766035,-2976.5986836049497,7.10075057122439e-05
0.189,54.70255834439156,90.0,0.036297441655608435,-0.19820160871276477,0.48039485169509866,-0.0,0.0,0.2359073958096778,0.1133286984237671,-2973.0241306914713,7.214729019325289e-05
0.1895,54.80159878574251,90.0,0.036198401214257485,-0.19795953111109751,0.4879018056298713,-0.0,0.0,0.2359073958096778,0.11509964437698253,-2969.392966666463,7.327470940286419e-05
0.19,54.90051725336404,90.0,0.03609948274663596,-0.1977137206829809,0.4953261047416931,-0.0,0.0,0.2359073958096778,0.11685109144616451,-2965.705810244713,7.43897152373607e-05
0.1905,54.99931189118788,90.0,0.03600068810881212,-0.19746421883431994,0.5026674363218782,-0.0,0.0,0.2359073958096778,0.11858296586102132,-2961.963282514799,7.549226073311608e-05
0.191,55.09798086388749,90.0,0.03590201913611251,-0.19721106712547565,0.5099254952556216,-0.0,0.0,0.2359073958096778,0.12029519564271389,-2958.1660068821348,7.658230006697818e-05
0.1915,55.19652235695434,90.0,0.03580347764304566,-0.19695430726746738,0.5170999840243325,-0.0,0.0,0.2359073958096778,0.12198771060440627,-2954.314609012011,7.765978855661951e-05
0.192,55.294934576772285,90.0,0.03570506542322772,-0.1966939811181744,0.5241906127077414,-0.0,0.0,0.2359073958096778,0.12366044235176266,-2950.409716772616,7.872468266085356e-05
0.1925,55.393215750690025,90.0,0.03560678424930998,-0.19643013067853607,0.531197098985782,-0.0,0.0,0.2359073958096778,0.12531332428339148,-2946.451960178041,7.97769399799176e-05
0.193,55.49136412709171,90.0,0.03550863587290829,-0.19616279808875145,0.5381191681402527,-0.0,0.0,0.2359073958096778,0.12694629159123716,-2942.441971331272,8.081651925572202e-05
0.1935,55.58937797546563,90.0,0.03541062202453437,-0.19589202562447783,0.544956553056248,-0.0,0.0,0.2359073958096778,0.12855928126091798,-2938.380384367167,8.184338037206546e-05
0.194,55.68725558647094,90.0,0.03531274441352906,-0.19561785569302895,0.5517089942233679,-0.0,0.0,0.2359073958096778,0.1301522320720113,-2934.2678353954343,8.285748435481645e-05
0.1945,55.78499527200263,90.0,0.035215004727997365,-0.19534033082957233,0.5583762397366997,-0.0,0.0,0.2359073958096778,0.13172508459828516,-2930.104962443585,8.38587933720607e-05
0.195,55.88259536525438,90.0,0.035117404634745615,-0.1950594936933266,0.5649580452975745,-0.0,0.0,0.2359073958096778,0.13327778120787678,-2925.8924053998985,8.484727073421484e-05
0.1955,55.980054220779756,90.0,0.03501994577922024,-0.19477538706375777,0.5714541742140976,-0.0,0.0,0.2359073958096778,0.1348102660634177,-2921.630805956366,8.582288089410606e-05
0.196,56.07737021455127,90.0,0.034922629785448724,-0.1944880538367763,0.5778643974014481,-0.0,0.0,0.2359073958096778,0.13632248512210438,-2917.3208075516445,8.678558944701709e-05
0.1965,56.17454174401778,90.0,0.03482545825598222,-0.19419753702093304,0.5841884933819567,-0.0,0.0,0.2359073958096778,0.1378143861357166,-2912.9630553139955,8.773536313069786e-05
0.197,56.271567228159725,90.0,0.034728432771840276,-0.19390387973361614,0.5904262482849497,-0.0,0.0,0.2359073958096778,0.13928591865058074,-2908.558196004242,8.867216982534216e-05
0.1975,56.36844510754267,90.0,0.03463155489245733,-0.1936071251972473,0.5965774558463697,-0.0,0.0,0.2359073958096778,0.1407370340074801,-2904.1068779587094,8.959597855353055e-05
0.198,56.46517384436886,90.0,0.03453482615563114,-0.19330731673547866,0.6026419174081634,-0.0,0.0,0.2359073958096778,0.14216768534151075,-2899.6097510321797,9.050675948013852e-05
0.1985,56.5617519225269,90.0,0.034438248077473095,-0.1930044977693901,0.6086194419174413,-0.0,0.0,0.2359073958096778,0.14357782758188303,-2895.0674665408515,9.140448391221022e-05
0.199,56.658177847639486,90.0,0.034341822152360514,-0.192698711813687,0.6145098459254076,-0.0,0.0,0.2359073958096778,0.14496741745166924,-2890.480677205305,9.228912429879783e-05
0.1995,56.75445014710926,90.0,0.03424554985289074,-0.19239000247289814,0.6203129535860586,-0.0,0.0,0.2359073958096778,0.14633641346749662,-2885.850037093472,9.316065423076597e-05
0.2,56.85056737016283,90.0,0.03414943262983717,-0.19207841343757517,0.6260285966546537,-0.0,0.0,0.2359073958096778,0.14768477593918652,-2881.1762015636273,9.401904844056219e-05
0.2005,56.94652808789277,90.0,0.034053471912107225,-0.19176398848049192,0.6316566144859488,-0.0,0.0,0.2359073958096778,0.1490124669693378,-2876.4598272073786,9.486428280195155e-05
0.201,57.042330893297816,90.0,0.033957669106702185,-0.1914467714528456,0.6371968540322025,-0.0,0.0,0.2359073958096778,0.15031945045285627,-2871.7015717926843,9.569633432971729e-05
0.2015,57.1379744013211,90.0,0.033862025598678895,-0.19112680628045817,0.6426491698409486,-0.0,0.0,0.2359073958096778,0.1516056920764295,-2866.9020942068723,9.651518117932619e-05
0.202,57.23345724888655,90.0,0.033766542751113446,-0.19080413695997966,0.6480134240525335,-0.0,0.0,0.2359073958096778,0.1528711593179456,-2862.0620543996947,9.732080264655879e-05
0.2025,57.32877809493334,90.0,0.03367122190506666,-0.19047880755509222,0.6532894863974221,-0.0,0.0,0.2359073958096778,0.15411582144585778,-2857.1821133263834,9.811317916710479e-05
0.203,57.423935620448404,90.0,0.033576064379551594,-0.19015086219271585,0.6584772341932705,-0.0,0.0,0.2359073958096778,0.15533964951849377,-2852.2629328907374,9.889229231612339e-05
0.20350000000000001,57.51892852849722,90.0,0.03348107147150278,-0.18982034505921563,0.6635765523417565,-0.0,0.0,0.2359073958096778,0.15654261638330813,-2847.3051758882348,9.965812480776723e-05
0.20400000000000001,57.61375554425248,90.0,0.033386244455747525,-0.1894873003966104,0.6685873333251856,-0.0,0.0,0.2359073958096778,0.15772469667608155,-2842.309505949156,0.00010041066049467285
0.20450000000000002,57.70841541502102,90.0,0.033291584584978974,-0.18915177249878348,0.6735094772028535,-0.0,0.0,0.2359073958096778,0.15888586682006273,-2837.2765874817524,0.00010114988436741417
0.20500000000000002,57.8029069102688,90.0,0.0331970930897312,-0.18881380570769515,0.6783428916071715,-0.0,0.0,0.2359073958096778,0.16002610502505438,-2832.207085615427,0.00010187578255392078
0.20550000000000002,57.89722882164399,90.0,0.03310277117835601,-0.18847344440959699,0.6830874917395587,-0.0,0.0,0.2359073958096778,0.1611453912864441,-2827.101666143955,0.00010258834231886087
0.20600000000000002,57.99137996299816,90.0,0.03300862003700184,-0.18813073303124858,0.6877432003660948,-0.0,0.0,0.2359073958096778,0.16224370738417887,-2821.9609954687285,0.00010328755206298844
0.20650000000000002,58.085359170405596,90.0,0.0329146408295944,-0.18778571603613614,0.692309947812931,-0.0,0.0,0.2359073958096778,0.16332103688168248,-2816.7857405420423,0.00010397340132245407
0.20700000000000002,58.17916530218075,90.0,0.032820834697819254,-0.18743843792069398,0.6967876719614674,-0.0,0.0,0.2359073958096778,0.16437736512471782,-2811.5765688104093,0.00010464588076808066
0.20750000000000002,58.2727972388937,90.0,0.0327272027611063,-0.18708894321052771,0.7011763182432831,-0.0,0.0,0.2359073958096778,0.1654126792401908,-2806.334148157916,0.00010530498220460201
0.20800000000000002,58.36625388338387,90.0,0.03263374611661613,-0.18673727645664093,0.7054758396348356,-0.0,0.0,0.2359073958096778,0.16642696813489993,-2801.0591468496136,0.00010595069856986672
0.20850000000000002,58.459534160771724,90.0,0.032540465839228275,-0.18638348223166382,0.7096861966519068,-0.0,0.0,0.2359073958096778,0.1674202224942262,-2795.7522334749574,0.0001065830239340041
0.20900000000000002,58.55263701846869,90.0,0.032447362981531315,-0.18602760512608504,0.713807357343818,-0.0,0.0,0.2359073958096778,0.16839243478076818,-2790.4140768912757,0.00010720195349855543
0.20950000000000002,58.64556142618508,90.0,0.03235443857381492,-0.18566968974448653,0.7178392972873946,-0.0,0.0,0.2359073958096778,0.16934359923291836,-2785.045346167298,0.0001078074835955674
0.21000000000000002,58.73830637593629,90.0,0.03226169362406371,-0.18530978070178108,0.7217819995806908,-0.0,0.0,0.2359073958096778,0.17027371186338272,-2779.646710526716,0.00010839961168664985
0.21050000000000002,58.83087088204691,90.0,0.03216912911795309,-0.1849479226194538,0.7256354548364716,-0.0,0.0,0.2359073958096778,0.17118277045764307,-2774.218839291807,0.00010897833636199667
0.21100000000000002,58.92325398115318,90.0,0.032076746018846816,-0.1845841601218058,0.729399661175444,-0.0,0.0,0.2359073958096778,0.17207077457236034,-2768.762401827087,0.00010954365733936945
0.21150000000000002,59.01545473220341,90.0,0.03198454526779659,-0.1842185378322025,0.733074624219249,-0.0,0.0,0.2359073958096778,0.17293772553372116,-2763.2780674830374,0.00011009557546304483
0.21200000000000002,59.10747221645656,90.0,0.03189252778354344,-0.18385110036932478,0.7366603570832045,-0.0,0.0,0.2359073958096778,0.17378362643572612,-2757.766505539872,0.00011063409270272477
0.21250000000000002,59.19930553747898,90.0,0.031800694462521026,-0.1834818923434239,0.7401568803687985,-0.0,0.0,0.2359073958096778,0.17460848213841848,-2752.2283851513585,0.00011115921215240888
0.21300000000000002,59.29095382113924,90.0,0.03170904617886076,-0.18311095835258054,0.7435642221559406,-0.0,0.0,0.2359073958096778,0.17541229926605667,-2746.664375288708,0.00011167093802923107
0.21350000000000002,59.3824162156012,90.0,0.0316175837843988,-0.18273834297896743,0.7468824179949589,-0.0,0.0,0.2359073958096778,0.17619508620522598,-2741.0751446845115,0.00011216927567225734
0.21400000000000002,59.47369189131497,90.0,0.03152630810868503,-0.18236409078511623,0.7501115108983474,-0.0,0.0,0.2359073958096778,0.17695685310289186,-2735.4613617767436,0.00011265423154124655
0.21450000000000002,59.56478004100629,90.0,0.03143521995899371,-0.18198824631018867,0.75325155133227,-0.0,0.0,0.2359073958096778,0.17769761186439564,-2729.82369465283,0.00011312581321537438
0.215,59.65567987966382,90.0,0.03134432012033618,-0.18161085406625177,0.7563025972078037,-0.0,0.0,0.2359073958096778,0.17841737615138867,-2724.162810993777,0.0001135840293919182
0.2155,59.74639064452477,90.0,0.03125360935547523,-0.18123195853455737,0.7592647138719402,-0.0,0.0,0.2359073958096778,0.17911616137970954,-2718.4793780183604,0.00011402888988490566
0.216,59.83691159505842,90.0,0.031163088404941582,-0.1808516041618273,0.7621379740983207,-0.0,0.0,0.2359073958096778,0.1797939847171985,-2712.7740624274093,0.00011446040562372333
0.2165,59.92724201294807,90.0,0.03107275798705193,-0.18046983535654137,0.7649224580777353,-0.0,0.0,0.2359073958096778,0.18045086508145597,-2707.0475303481207,0.00011487858865168964
0.217,60.01738120207088,90.0,0.030982618797929122,-0.18008669648523212,0.7676182534083483,-0.0,0.0,0.2359073958096778,0.18108682313753677,-2701.3004472784814,0.00011528345212458712
0.2175,60.10732848847606,90.0,0.030892671511523945,-0.17970223186878292,0.7702254550856876,-0.0,0.0,0.2359073958096778,0.1817018812955885,-2695.5334780317435,0.00011567501030915886
0.218,60.19708322036102,90.0,0.030802916779638975,-0.17931648577873252,0.772744165492358,-0.0,0.0,0.2359073958096778,0.18229606370842485,-2689.747286680988,0.00011605327858156353
0.2185,60.28664476804592,90.0,0.03071335523195408,-0.1789295024335834,0.7751744943875168,-0.0,0.0,0.2359073958096778,0.18286939626904278,-2683.9425365037514,0.00011641827342579505
0.219,60.37601252394606,90.0,0.030623987476053945,-0.17854132599511696,0.777516558896075,-0.0,0.0,0.2359073958096778,0.183421906608075,-2678.1198899267542,0.00011677001243206048
0.2195,60.46518590254274,90.0,0.03053481409745726,-0.17815200056471264,0.7797704834976502,-0.0,0.0,0.2359073958096778,0.183953624091184,-2672.2800084706896,0.00011710851429512118
0.22,60.554164340352045,90.0,0.03044583565964796,-0.17776157017967403,0.7819364000152542,-0.0,0.0,0.2359073958096778,0.1844645798163931,-2666.4235526951106,0.00011743379881259372
0.2205,60.642947295891965,90.0,0.030357052704108035,-0.17737007880955957,0.7840144476037237,-0.0,0.0,0.2359073958096778,0.18495480661135755,-2660.5511821433934,0.00011774588688321248
0.221,60.731534249647524,90.0,0.03026846575035248,-0.17697757035252,0.7860047727378846,-0.0,0.0,0.2359073958096778,0.18542433903057198,-2654.6635552877997,0.00011804480050505197
0.2215,60.81992470403428,90.0,0.030180075295965718,-0.1765840886316408,0.7879075292004584,-0.0,0.0,0.2359073958096778,0.1858732133525178,-2648.761329474612,0.00011833056277371077
0.222,60.90811818335972,90.0,0.030091881816640284,-0.17618967739129218,0.7897228780697014,-0.0,0.0,0.2359073958096778,0.18630146757674695,-2642.8451608693827,0.00011860319788045499
0.2225,60.996114233783146,90.0,0.03000388576621686,-0.17579438029348354,0.7914509877067815,-0.0,0.0,0.2359073958096778,0.1867091414209041,-2636.915704402253,0.00011886273111032254
0.223,61.08391242327345,90.0,0.029916087576726546,-0.17539824091422587,0.7930920337428887,-0.0,0.0,0.2359073958096778,0.187096276317686,-2630.973613713388,0.00011910918884018737
0.2235,61.17151234156537,90.0,0.02982848765843463,-0.1750013027398997,0.7946461990660786,-0.0,0.0,0.2359073958096778,0.1874629154117374,-2625.019541098495,0.00011934259853678343
0.224,61.25891360011357,90.0,0.02974108639988643,-0.1746036091636302,0.7961136738078487,-0.0,0.0,0.2359073958096778,0.18780910355648486,-2619.054137454453,0.0001195629887546889
0.2245,61.34611583204528,90.0,0.02965388416795472,-0.17420520348166862,0.7974946553294485,-0.0,0.0,0.2359073958096778,0.18813488731090677,-2613.0780522250293,0.00011977038913427005
0.225,61.433118692110824,90.0,0.029566881307889172,-0.1738061288897813,0.7987893482079138,-0.0,0.0,0.2359073958096778,0.18844031493623886,-2607.0919333467195,0.00011996483039958374
0.2255,61.51992185663262,90.0,0.029480078143367384,-0.17340642847964477,0.7999979642218392,-0.0,0.0,0.2359073958096778,0.18872543639261788,-2601.096427194672,0.00012014634435624085
0.226,61.60652502345205,90.0,0.02939347497654795,-0.1730061452352491,0.8011207223368697,-0.0,0.0,0.2359073958096778,0.1889903033356589,-2595.0921785287364,0.0001203149638892273
0.2265,61.69292791187492,90.0,0.02930707208812508,-0.17260532202930778,0.8021578486909288,-0.0,0.0,0.2359073958096778,0.18923496911297055,-2589.0798304396167,0.0001204707229606856
0.227,61.779130262614736,90.0,0.029220869737385264,-0.1722040016196755,0.8031095765791635,-0.0,0.0,0.2359073958096778,0.18945948876060345,-2583.0600242951327,0.00012061365660765371
0.2275,61.86513183773456,90.0,0.029134868162265442,-0.171802226645773,0.8039761464386246,-0.0,0.0,0.2359073958096778,0.18966391899943608,-2577.033399686595,0.00012074380093976439
0.228,61.950932420586724,90.0,0.029049067579413276,-0.17140003962502065,0.8047578058326617,-0.0,0.0,0.2359073958096778,0.18984831823149353,-2571.0005943753094,0.00012086119313690157
0.2285,62.03653181575113,90.0,0.028963468184248872,-0.17099748294927836,0.8054548094350484,-0.0,0.0,0.2359073958096778,0.19001274653620256,-2564.9622442391756,0.00012096587144681622
0.229,62.12192984897137,90.0,0.02887807015102863,-0.17059459888129552,0.806067419013825,-0.0,0.0,0.2359073958096778,0.1901572656665798,-2558.918983219433,0.00012105787518269974
0.2295,62.20712636708949,90.0,0.028792873632910512,-0.17019142955116676,0.8065959034148642,-0.0,0.0,0.2359073958096778,0.190281939045355,-2552.8714432675015,0.00012113724472071589
0.23,62.292121237978606,90.0,0.028707878762021397,-0.16978801695279822,0.807040538545157,-0.0,0.0,0.2359073958096778,0.19038683176102789,-2546.820254291973,0.00012120402149749058
0.2305,62.37691435047407,90.0,0.02862308564952593,-0.16938440294038054,0.8074016073558151,-0.0,0.0,0.2359073958096778,0.19047201056385832,-2540.766044105708,0.00012125824800755904
0.231,62.461505614302624,90.0,0.028538494385697378,-0.16898062922487161,0.8076793998247932,-0.0,0.0,0.2359073958096778,0.1905375438617905,-2534.709438373074,0.00012129996780077113
0.2315,62.545894960009974,90.0,0.028454105039990026,-0.16857673737048703,0.8078742129393259,-0.0,0.0,0.2359073958096778,0.19058350171630947,-2528.6510605573053,0.00012132922547965349
0.232,62.63008233888648,90.0,0.028369917661113523,-0.16817276879120036,0.8079863506780816,-0.0,0.0,0.2359073958096778,0.19060995583823132,-2522.5915318680054,0.00012134606669672956
0.2325,62.71406772289127,90.0,0.02828593227710873,-0.16776876474725153,0.8080161239930271,-0.0,0.0,0.2359073958096778,0.19061697958342474,-2516.531471208773,0.00012135053815179577
0.233,62.79785110457435,90.0,0.02820214889542565,-0.16736476634166533,0.80796385079101,-0.0,0.0,0.2359073958096778,0.19060464794846624,-2510.47149512498,0.00012134268758915557
0.2335,62.88143249699729,90.0,0.028118567503002706,-0.16696081451677797,0.8078298559150496,-0.0,0.0,0.2359073958096778,0.1905730375662266,-2504.4122177516692,0.0001213225637948097
0.234,62.96481193365187,90.0,0.028035188066348127,-0.16655695005077423,0.8076144711253379,-0.0,0.0,0.2359073958096778,0.19052222670138869,-2498.354250761613,0.0001212902165936028
0.23450000000000001,63.04798946837727,90.0,0.027952010531622735,-0.16615321355423343,0.807318035079952,-0.0,0.0,0.2359073958096778,0.19045229524589757,-2492.2982033135013,0.00012124569684632672
0.23500000000000001,63.13096517527525,90.0,0.027869034824724755,-0.1657496454666856,0.8069408933152727,-0.0,0.0,0.2359073958096778,0.19036332471434103,-2486.244682000284,0.00012118905644677977
0.23550000000000001,63.213739148623944,90.0,0.027786260851376057,-0.1653462860531769,0.8064833982261129,-0.0,0.0,0.2359073958096778,0.1902553982392616,-2480.1942907976536,0.00012112034831878226
0.23600000000000002,63.29631150278962,90.0,0.027703688497210378,-0.16494317540084594,0.8059459090455466,-0.0,0.0,0.2359073958096778,0.19012860056639835,-2474.147631012689,0.00012103962641314732
0.23650000000000002,63.378682372136986,90.0,0.027621317627863014,-0.1645403534155092,0.8053287918244487,-0.0,0.0,0.2359073958096778,0.18998301804985984,-2468.1053012326383,0.00012094694570460788
0.23700000000000002,63.46085191093752,90.0,0.027539148089062476,-0.16413785981825788,0.8046324194107313,-0.0,0.0,0.2359073958096778,0.18981873864722604,-2462.0678972738683,0.00012084236218869846
0.23750000000000002,63.54282029327648,90.0,0.02745717970672352,-0.16373573414206413,0.8038571714282879,-0.0,0.0,0.2359073958096778,0.18963585191458113,-2456.0360121309623,0.00012072593287859301
0.23800000000000002,63.624587712957755,90.0,0.027375412287042246,-0.16333401572839873,0.803003434255635,-0.0,0.0,0.2359073958096778,0.18943444900147466,-2450.010235925981,0.000120597715801897
0.23850000000000002,63.70615438340751,90.0,0.027293845616592493,-0.16293274372385885,0.8020716010042526,-0.0,0.0,0.2359073958096778,0.18921462264581218,-2443.9911558578824,0.00012045776999739476
0.23900000000000002,63.787520537575645,90.0,0.02721247946242435,-0.16253195707680768,0.8010620714966248,-0.0,0.0,0.2359073958096778,0.18897646716867467,-2437.979356152115,0.00012030615551175138
0.23950000000000002,63.86868642783616,90.0,0.02713131357216384,-0.16213169453402346,0.7999752522439757,-0.0,0.0,0.2359073958096778,0.1887200784690664,-2431.9754180103514,0.00012014293339616916
0.24000000000000002,63.94965232588519,90.0,0.02705034767411481,-0.16173199463736188,0.7988115564237023,-0.0,0.0,0.2359073958096778,0.1884455540185911,-2425.9799195604282,0.00011996816570299823
0.24050000000000002,64.03041852263799,90.0,0.026969581477362017,-0.1613328957204277,0.7975714038564985,-0.0,0.0,0.2359073958096778,0.18815299285605536,-2419.993435806415,0.00011978191548230113
0.24100000000000002,64.11098532812377,90.0,0.02688901467187623,-0.1609344359052597,0.7962552209831762,-0.0,0.0,0.2359073958096778,0.1878424955820006,-2414.0165385788955,0.00011958424677837164
0.24150000000000002,64.19135307137927,90.0,0.026808646928620724,-0.1605366530990258,0.7948634408411734,-0.0,0.0,0.2359073958096778,0.1875141643531611,-2408.0497964853867,0.00011937522462620666
0.24200000000000002,64.27152210034035,90.0,0.02672847789965965,-0.16013958499073133,0.7933965030407568,-0.0,0.0,0.2359073958096778,0.18716810287685004,-2402.09377486097,0.00011915491504793231
0.24250000000000002,64.35149278173218,90.0,0.026648507218267826,-0.15974326904793787,0.7918548537409077,-0.0,0.0,0.2359073958096778,0.18680441640527082,-2396.149035719068,0.0001189233850491824
0.24300000000000002,64.43126550095761,90.0,0.026568734499042387,-0.1593477425134959,0.7902389456249034,-0.0,0.0,0.2359073958096778,0.18642321172975654,-2390.2161377024386,0.00011868070261543104
0.24350000000000002,64.51084066198416,90.0,0.02648915933801584,-0.1589530424022878,0.7885492378755738,-0.0,0.0,0.2359073958096778,0.18602459717493278,-2384.295636034317,0.00011842693670827673
0.24400000000000002,64.59021868722903,90.0,0.026409781312770976,-0.15855920549798547,0.7867861961502551,-0.0,0.0,0.2359073958096778,0.18560868259280902,-2378.3880824697817,0.00011816215726168074
0.24450000000000002,64.66940001744283,90.0,0.026330599982557178,-0.15816626834981817,0.7849502925554125,-0.0,0.0,0.2359073958096778,0.18517557935679207,-2372.4940252472725,0.00011788643517815596
0.24500000000000002,64.74838511159146,90.0,0.02625161488840854,-0.1577742672693555,0.7830420056209607,-0.0,0.0,0.2359073958096778,0.18472540035562793,-2366.614009040333,0.00011759984232491019
0.24550000000000002,64.82717444673659,90.0,0.0261728255532634,-0.1573832383273013,0.7810618202742496,-0.0,0.0,0.2359073958096778,0.18425825998726483,-2360.7485749095194,0.00011730245152993917
0.24600000000000002,64.90576851791431,90.0,0.026094231482085686,-0.15699321735030217,0.7790102278137401,-0.0,0.0,0.2359073958096778,0.18377427415264325,-2354.8982602545325,0.00011699433657807324
0.24650000000000002,64.98416783801237,90.0,0.026015832161987627,-0.15660423991776784,0.7768877258823501,-0.0,0.0,0.2359073958096778,0.18327356024940802,-2349.0635987665173,0.00011667557220697435
0.24700000000000003,65.06237293764573,90.0,0.025937627062354262,-0.15621634135870646,0.7746948184404832,-0.0,0.0,0.2359073958096778,0.18275623716554554,-2343.245120380597,0.00011634623410308532
0.24750000000000003,65.14038436503066,90.0,0.025859615634969343,-0.1558295567485721,0.7724320157387242,-0.0,0.0,0.2359073958096778,0.18222242527294247,-2337.443351228582,0.00011600639889752924
0.248,65.21820268585704,90.0,0.025781797314142967,-0.15544392090612685,0.7700998342902163,-0.0,0.0,0.2359073958096778,0.18167224642086935,-2331.658813591903,0.00011565614416196099
0.2485,65.29582848315934,90.0,0.02570417151684065,-0.15505946839031623,0.7676987968427015,-0.0,0.0,0.2359073958096778,0.1811058239293846,-2325.892025854743,0.0001152955484043681
0.249,65.37326235718594,90.0,0.025626737642814063,-0.1546762334971593,0.7652294323502392,-0.0,0.0,0.2359073958096778,0.18052328258266293,-2320.14350245739,0.00011492469106482343
0.2495,65.45050492526677,90.0,0.02554949507473323,-0.1542942502566524,0.7626922759445862,-0.0,0.0,0.2359073958096778,0.1799247486222435,-2314.4137538497857,0.00011454365251118696
0.25,65.5275568216797,90.0,0.02547244317832031,-0.1539135524296875,0.76008786890625,-0.0,0.0,0.2359073958096778,0.1793103497402012,-2308.703286445312,0.00011415251403475831
0.2505,65.60441869751503,90.0,0.025395581302484968,-0.1535341735049854,0.7574167586352041,-0.0,0.0,0.2359073958096778,0.17868021507223827,-2303.012602574781,0.00011375135784587881
0.251,65.68109122053885,90.0,0.025318908779461156,-0.15315614669604313,0.7546794986212673,-0.0,0.0,0.2359073958096778,0.17803447519069648,-2297.342200440647,0.000113340267069483
0.2515,65.75757507505448,90.0,0.025242424924945526,-0.15277950493809653,0.751876648414148,-0.0,0.0,0.2359073958096778,0.17737326209749035,-2291.692574071448,0.00011291932574059966
0.252,65.83387096176267,90.0,0.025166129038237322,-0.15240428088509794,0.749008773593148,-0.0,0.0,0.2359073958096778,0.1766967092169601,-2286.0642132764688,0.00011248861879980186
0.2525,65.90997959762026,90.0,0.02509002040237973,-0.1520305069067091,0.7460764457365257,-0.0,0.0,0.2359073958096778,0.17600495138864414,-2280.4576036006365,0.00011204823208860586
0.253,65.98590171569717,90.0,0.025014098284302833,-0.15165821508530927,0.743080242390517,-0.0,0.0,0.2359073958096778,0.17529812485997098,-2274.873226279639,0.0001115982523448186
0.2535,66.06163806503206,89.99998656115508,0.024938361934967943,-0.15128743721301915,0.7400207470380151,-0.0017249551005009424,-8.438259530814907,0.23625430153197308,0.046251869176594185,-2269.3115581952875,2.9444854426778544e-05
0.254,66.1371894104865,89.99985249642889,0.024862810589513496,-0.15091820478874032,0.7368985490668996,-0.008472749013457428,-18.497034610853277,0.23761895201888023,-0.10828618432767594,-2263.7730718311045,-6.893712601723901e-05
0.2545,66.21255653259759,89.99945387685321,0.024787443467402415,-0.150550549015211,0.733714243738026,-0.020166745572760568,-28.224340958371776,0.24000541749320453,-0.2599473374933376,-2258.258235228165,-0.00016548761482256742
0.255,66.28774022742913,89.99865135999616,0.02471225977257088,-0.15018450079607729,0.7304684321528591,-0.03664310692989481,-37.627745162819735,0.2434083686815979,-0.41003140264434085,-2252.7675119411592,-0.00026103409821500036
0.2555,66.36274130642136,89.99731024312165,0.024637258693578638,-0.14982009073298136,0.7271617212207635,-0.057741749333661246,-46.71469707533871,0.2478305780221415,-0.5597106694189735,-2247.3013609947207,-0.0003563228789572135
0.256,66.43756059623928,89.99530035647774,0.02456243940376072,-0.14945734912266553,0.7237947236259369,-0.08330628484180058,-55.49253013931948,0.2532822090070025,-0.7100375365434749,-2241.860236839983,-0.0004520239348867453
0.2565,66.51219893861938,89.99249595825242,0.02448780106138062,-0.14909630595409332,0.7203680577939928,-0.11318396320896977,-63.96846176521358,0.25978014242494485,-0.8619518055684623,-2236.4445893114,-0.0005487355622528202
0.257,66.58665719021512,89.98877563119112,0.02441334280978488,-0.14873699090558706,0.7168823478581878,-0.1472256139729549,-72.14959374804964,0.2673473380511182,-1.0162876474573503,-2231.054863583806,-0.0006469888107842832
0.2575,66.66093622244088,89.98402218087055,0.024339063777559126,-0.14837943334198264,0.7133382236252921,-0.18528558875989704,-80.04291272601404,0.2760122303745427,-1.173780252743076,-2225.69150012974,-0.0007472517173108592
0.258,66.73503692131445,89.97812253562206,0.024264963078685548,-0.14802366231180145,0.7097363205411006,-0.22722170382877374,-87.65529067857898,0.28580815699618534,-1.3350721757910216,-2220.3549346770214,-0.0008499333446463718
0.2585,66.80896018729827,89.97096764809689,0.024191039812701737,-0.14766970654443937,0.7060772796555873,-0.2728951828745812,-94.99348546265254,0.29677281837226765,-1.500719383517656,-2215.0455981665905,-0.0009553876323226272
0.259,66.88270693513908,89.9624523984662,0.024117293064860924,-0.14731759444737366,0.7023617475876937,-0.3221706001086595,-102.06414138521238,0.30894776761843395,-1.6711970187187837,-2209.763916710605,-0.0010639170656381327
0.2595,66.95627809370632,89.95247549924869,0.02404372190629369,-0.1469673541033872,0.6985903764897567,-0.37491582363425124,-108.87378981098773,0.32237792913081864,-1.8469048879622925,-2204.510311550808,-0.001175776169359128
0.26,67.02967460582903,89.9409394017527,0.02397032539417097,-0.14661901326781093,0.6947638240115711,-0.43100195913430345,-115.42884980371096,0.33711114481953686,-2.0281726837933993,-2199.285199017164,-0.0012911748322787006
0.2605,67.10289742813156,89.9277502041321,0.023897102571868445,-0.14627259936578402,0.6908827532640851,-0.49030329388806193,-121.73562879953192,0.3531977467889861,-2.2152649507919344,-2194.0889904867604,-0.0014102814687070428
0.261,67.17594753086765,89.91281756103525,0.023824052469132356,-0.14592813948953243,0.6869478327827249,-0.5526972411319959,-127.80032331117323,0.37069015533728145,-2.408385804807334,-2188.922092342986,-0.0015332260228297595
0.2615,67.24882589775336,89.89605459484733,0.023751174102246638,-0.1455856603956662,0.6829597364903546,-0.6180642847802983,-133.62901966148365,0.38964250118446947,-2.607683414483236,-2183.784905934993,-0.001660102821735035
0.262,67.32153352579866,89.87737780850887,0.023678466474201344,-0.14524518850249463,0.6789191436598577,-0.6862879245192594,-139.2276947450322,0.4101102708755141,-2.813254253965507,-2178.6778275374195,-0.0017909732827716509
0.2625,67.39407142513744,89.85670699990183,0.02360592857486256,-0.1449067498873611,0.6748267388763505,-0.7572546212890203,-144.60221681641312,0.43214997433960944,-3.0251471354689867,-2173.6012483104164,-0.0019258684807607074
0.263,67.46644061885657,89.83396517779244,0.023533559381143435,-0.14457037028399633,0.6706832119990158,-0.8308537431660976,-149.75834630400126,0.45581883362231035,-3.243367030161021,-2168.555554259945,-0.0020647915804456276
0.2635,67.53864214282325,89.80907847931763,0.02346135785717675,-0.1442360750798908,0.6664892581225607,-0.9069775116586739,-154.70173664785978,0.48117449184072236,-3.4678786855984924,-2163.541126198362,-0.0022077201394240997
0.264,67.6106770455114,89.78197608900547,0.023389322954488607,-0.14390388931368703,0.6622455775382956,-0.985520948426813,-159.4379351605974,0.5082747414453667,-3.698610047738984,-2158.5583397053056,-0.002354608286668041
0.2645,67.68254638782643,89.75259015931323,0.02331745361217357,-0.14357383767259085,0.6579528756948348,-1.0663818224384092,-163.97238390993644,0.5371772709044405,-3.9354554953264906,-2153.607565088863,-0.0025053887815974975
0.265,67.75425124292902,89.720855732676,0.023245748757070986,-0.14324594448980257,0.6536118631584077,-1.1494605975717391,-168.31042062183482,0.5679394289579105,-4.178278894237777,-2148.6891673470386,-0.0026599749585379234
0.2655,67.82579269605738,89.68671066504652,0.023174207303942623,-0.14292023374196858,0.6492232555727934,-1.2346603806744407,-172.4572796029939,0.6006180056194277,-4.426916479158768,-2143.8035061295286,-0.00281826256125235
0.266,67.8971718443484,89.65009555092031,0.023102828155651588,-0.14259672904665227,0.6447877736188621,-1.3218868700883155,-176.41809268162598,0.6352690291339944,-4.68117956974803,-2138.950935699784,-0.0029801314721047637
0.2665,67.96838979665748,89.61095364982431,0.02303161020334253,-0.1422754536598258,0.6403061429737338,-1.4110483046488698,-180.1978901653828,0.671947578128427,-4.940857128233303,-2134.1318048973867,-0.003145447340276627
0.267,68.03944767337701,89.56923081426343,0.02296055232662299,-0.14195643047338233,0.6357790942695443,-1.502055413167862,-183.80160181537337,0.7107076082199323,-5.205718165178745,-2129.346457100735,-0.0033140631133258764
0.2675,68.11034660625387,89.52487541910497,0.022889653393746136,-0.14163968201266888,0.6312073630518189,-1.594821364406762,-187.23405783522546,0.7516017923757015,-5.475513999954802,-2124.595230190033,-0.0034858204762467306
0.268,68.18108773820542,89.4778382923904,0.022818912261794583,-0.14132523043404013,0.6265916897374545,-1.6892617175481488,-190.49998987416419,0.7946813743430259,-5.749980382239053,-2119.878456510602,-0.0036605512020590845
0.2685,68.25167222313448,89.42807264755774,0.022748327776865515,-0.14101309752243318,0.6219328195723037,-1.7852943731720836,-193.60403204312337,0.8399960344956333,-6.028839480677805,-2115.1964628364976,-0.0038380784178297916
0.269,68.32210122574297,89.37553401706151,0.022677898774257032,-0.14070330468896397,0.6172315025883628,-1.8828395247434835,-196.550721942916,0.8875937674669659,-6.311801744640417,-2110.5495703344595,-0.004018217789902285
0.2695,68.39237592134438,89.32018018737568,0.02260762407865561,-0.14039587296854486,0.6124884935605609,-1.9818196106163632,-199.34450170352443,0.9375207709657427,-6.598567644805894,-2105.9380945281728,-0.004200778631988416
0.27,68.4624974956752,89.2619711353636,0.022537502504324805,-0.14009082301752418,0.6077045519631468,-2.0821592665606032,-201.9897190336094,0.989821345193053,-6.888829298132598,-2101.3623452628626,-0.0043855649396563005
0.2705,68.53246714470485,89.20086896599952,0.02246753285529515,-0.13978817511134733,0.6028804419256717,-2.1837852788153502,-204.4906282793201,1.044537802302753,-7.18227198257237,-2096.82262667021,-0.004572376354627279
0.271,68.60228607444486,89.13683785142938,0.022397713925555143,-0.1394879491422405,0.5980169321885717,-2.2866265376744654,-206.85139149157942,1.1017103853701287,-7.4785755467137465,-2092.3192371336077,-0.004761009062182665
0.2715,68.67195550075654,89.06984397135199,0.022328044499243457,-0.1391901646169161,0.5931147960583344,-2.39061399160722,-209.07607950097716,1.1613771963545858,-7.777415719354474,-2087.852469253741,-0.0049512566248634945
0.272,68.74147664915773,88.99985545470756,0.02225852335084227,-0.13889484065430133,0.588174811362265,-2.4956806019183597,-211.1686729994784,1.2235741325637723,-8.078465323833385,-2083.42260981452,-0.005142910755538209
0.2725,68.81085075462829,88.92684232265665,0.022189149245371707,-0.13860199598328898,0.5831977604028391,-2.60176129795039,-213.1330636281482,1.288334831146434,-8.381395401777919,-2079.0299397493345,-0.005335762032802552
0.273,68.88007906141458,88.85077643283589,0.022119920938585422,-0.13831164894051146,0.5781844299116383,-2.7087929328312748,-214.97305507014252,1.355690621161365,-8.685876250759152,-2074.674734107672,-0.005529600561571273
0.2735,68.94916282283273,88.7716314248729,0.02205083717716726,-0.13802381746813772,0.5731356110028771,-2.8167142397696407,-216.69236414821845,1.425670482788482,-8.991578380181057,-2070.3572620220657,-0.00572421658161613
0.274,69.01810330107092,88.68938266714497,0.02198189669892908,-0.13773851911169369,0.5680520991265099,-2.9254657888997695,-218.29462192605484,1.4983010132667687,-9.298173389573126,-2066.077786675405,-0.005919401026704346
0.2745,69.08690176699044,88.60400720476667,0.021913098233009562,-0.13745577101790632,0.5629346940209168,-3.0349899446779953,-219.78337481269494,1.5736063991615066,-9.60533477330014,-2061.8365652685948,-0.006114946036892749
0.275,69.15555949992581,88.51548370879053,0.021844440500074187,-0.1371755899325711,0.5577841996651746,-3.145230823832151,-221.1620856694471,1.6516083945806672,-9.912738655552365,-2057.633848988566,-0.0063106454264370716
0.2755,69.2240777874838,88.42379242660327,0.021775922212516206,-0.1368979921984439,0.5526014242308992,-3.256134253864671,-222.43413491859604,1.7323263049765312,-10.220064459330631,-2053.4698829766585,-0.0065062951096810755
0.276,69.29245792534132,88.32891513350346,0.02170754207465868,-0.13662299375315676,0.5473871800336658,-3.3676477321106626,-223.6028216533146,1.815776976185398,-10.526995513000422,-2049.3449062973514,-0.006701693487200879
0.2765,69.36070121704245,88.23083508544462,0.021639298782957558,-0.1363506101271581,0.5421422834840022,-3.4797203853508476,-224.67136474817212,1.9019747883730238,-10.833219597846789,-2045.2591519073717,-0.006896641794389245
0.277,69.42880897379419,88.12953697292681,0.021571191026205812,-0.1360808564416777,0.5368675550379532,-3.592302929979935,-225.64290396967124,1.9909316545691274,-11.138429439929212,-2041.2128466251652,-0.007090944414580101
0.2775,69.4967825142615,88.02500687602048,0.021503217485738503,-0.13581374740671617,0.5315638191472108,-3.7053476327301795,-226.5205010862617,2.0826570234884154,-11.442323149402354,-2037.2062111007424,-0.007284409158728833
0.278,69.5646231643611,87.91723222051064,0.021435376835638904,-0.13554929731906004,0.5262319042088182,-3.8188082719496084,-227.3071409773,2.1771578863495726,-11.74460461034152,-2033.2394597859004,-0.0074768475135828655
0.2785,69.63233225705437,87.80620173513829,0.021367667742945635,-0.13528752006032138,0.520872642514429,-3.9326400994343818,-228.00573274044717,2.274438787417337,-12.044983823987248,-2029.3128009048207,-0.007668074860197962
0.279,69.69991113213932,87.69190540993021,0.021300088867860684,-0.13502842909500348,0.51548687019914,-4.046799802814375,-228.61911079702048,2.374501838005694,-12.343177208204155,-2025.426436425052,-0.007857910664579647
0.2795,69.76736113604153,87.5743344555974,0.02123263886395848,-0.134772037468592,0.5100754271898762,-4.161245468490904,-229.1500359948331,2.4773467336928507,-12.638907855831764,-2021.58056202888,-0.008046178642154454
0.28,69.83468362160417,87.45348126398788,0.021165316378395825,-0.13451835780567198,0.5046391571533366,-4.275936545124976,-229.6011967080724,2.5829707745104833,-12.931905754491567,-2017.7753670850796,-0.008232706897703437
0.2805,69.9018799478771,87.32933936957649,0.021098120052122894,-0.13426740230807108,0.49917890744350074,-4.390833807674844,-229.97520993379882,2.691368887881894,-13.22190797030669,-2014.011034621066,-0.008417328042321755
0.281,69.96895147990503,87.20190341197872,0.021031048520094964,-0.1340191827530292,0.49369552904868164,-4.505899321980703,-230.27462238465336,2.8025336540943613,-13.508658797882756,-2010.2877412954383,-0.008599879288899446
0.28150000000000003,70.03589958851475,87.07116909946954,0.020964100411485255,-0.13377371049139464,0.4881898765381398,-4.621096409894878,-230.5019115773929,2.916455334102373,-13.791909878797474,-2006.6056573709195,-0.008780202527554244
0.28200000000000003,70.1027256501015,86.9371331734955,0.0208972743498985,-0.13353099644584696,0.4826628080082385,-4.736389614954974,-230.65948691688308,3.033121899468202,-14.071420290745863,-2002.9649466877042,-0.008958144382383198
0.28250000000000003,70.16943104641447,86.79979337416013,0.02083056895358553,-0.13329105110914707,0.4771151850281551,-4.851744668598004,-230.74969077520365,3.152519064256999,-14.346956609393555,-1999.3657666372062,-0.009133556250839692
0.28300000000000003,70.23601716434138,86.65914840667105,0.020763982835658622,-0.13305388454241462,0.4715478725851322,-4.967128456912659,-230.77479956553535,3.2746303187125387,-14.61829294489665,-1995.808268136219,-0.009306294326982727
0.28350000000000003,70.30248539569226,86.51519790873147,0.020697514604307746,-0.13281950637343246,0.4659617390292753,-5.082508987927232,-230.73702481051527,3.3994369645495337,-14.885210954957657,-1992.2925956014867,-0.009476219609788573
0.28400000000000003,70.36883713698234,86.36794241886153,0.020631162863017673,-0.13258792579497933,0.4603576560178893,-5.1978553594301395,-230.6385142047694,3.5269181517068993,-15.147499836200435,-1988.8188869246899,-0.009643197897659897
0.28450000000000003,70.43507378921412,86.21738334563308,0.020564926210785883,-0.13235915156319017,0.45473649845936004,-5.313137727320285,-230.48135267134344,3.6570509164153613,-15.404956295563588,-1985.3872734478525,-0.00980709977021423
0.28500000000000003,70.50119675765872,86.06352293780424,0.020498803242341285,-0.13213319199594478,0.44909914445656346,-5.428327274484203,-230.26756341177355,3.789810220440845,-15.657384503331949,-1981.9978799391718,-0.009967800558382882
0.28550000000000003,70.56720745163628,85.90636425533785,0.02043279254836372,-0.13191005497128472,0.4434464752498189,-5.5433961801962885,-229.99910894955235,3.9251689913724928,-15.904596029346017,-1978.6508245692705,-0.0101251803038006
0.28600000000000003,70.63310728429568,85.74591114128995,0.020366892715704327,-0.13168974792585905,0.4377793751593699,-5.6583175900392915,-229.67789216676297,4.063098163832676,-16.146409763857374,-1975.346218887886,-0.010279123708420575
0.28650000000000003,70.69889767239343,85.58216819455036,0.020301102327606565,-0.1314722778533987,0.4320987315273947,-5.773065586341259,-229.3057573336709,4.2035667214928,-16.382651824423373,-1972.0841678009806,-0.01042952007524175
0.28700000000000003,70.76458003607193,85.41514074342521,0.02023541996392807,-0.1312576513032204,0.4264054346595475,-5.8876151591256765,-228.88449113107748,4.346541739786337,-16.613155450167188,-1968.864769548306,-0.01057626324099268
0.28750000000000003,70.83015579863675,85.24483482004347,0.020169844201363245,-0.13104587437875928,0.4207003777660257,-6.0019421775705,-228.41582366525114,4.4919884292161845,-16.837760884659527,-1965.6881156813893,-0.010719251501571714
0.28800000000000003,70.89562638633349,85.07125713557323,0.02010437361366651,-0.1308369527361316,0.4149844569021592,-6.116023361973383,-227.9014294752735,4.639870179161698,-17.05631524861831,-1962.554291041974,-0.010858387531005096
0.28850000000000003,70.96099322812358,84.89441505623483,0.020039006771876408,-0.13063089158272723,0.40925857090851875,-6.22983625621796,-227.3429285326475,4.790148602094256,-17.268672403555417,-1959.4633737409083,-0.010993578294641784
0.28900000000000003,71.0262577554598,84.71431658009527,0.0199737422445402,-0.13042769567583193,0.4035236213505499,-6.343359200738676,-226.74188723302743,4.942783578119215,-17.474692807445958,-1956.4154351374789,-0.011124734957269657
0.28950000000000004,71.09142140206066,84.53097031463025,0.019908578597939333,-0.13022736932128026,0.3977805124577165,-6.456571305978842,-226.0998193799484,5.097733299764455,-17.674243363432474,-1953.410539819204,-0.011251772786797617
0.29000000000000004,71.1564856036845,84.34438545503895,0.01984351439631549,-0.13002991637213876,0.39203015106216393,-6.569452426338934,-225.41818716044227,5.254954316944006,-17.867197262526545,-1950.4487455820813,-0.011374611054116324
0.29050000000000004,71.22145179790274,84.15457176329866,0.01977854820209726,-0.12983534022742016,0.38627344653689183,-6.6819831346106096,-224.69840211244295,5.414401582028626,-18.053433821214842,-1947.5301034113024,-0.011493172929714988
0.29100000000000004,71.2863214238725,83.96153954794549,0.019713678576127512,-0.12964364383082833,0.3805113107334368,-6.794144696892082,-223.9418260838928,5.576028494960256,-18.232838314826044,-1944.654657462425,-0.011607385377599472
0.29150000000000004,71.35109592210867,83.76529964456519,0.019648904077891337,-0.12945482966953492,0.37474465791906314,-6.905919047981395,-223.14977218347877,5.739786948353274,-18.405301807468426,-1941.822445043024,-0.011717179047027184
0.29200000000000004,71.41577673425536,83.56586339698413,0.019584223265744636,-0.1292688997729872,0.3689744047134597,-7.0172887672425315,-222.32350572293285,5.905627372527928,-18.570720979298713,-1939.033496594808,-0.011822488162543015
0.29250000000000004,71.48036530285675,83.36324263914291,0.019519634697143247,-0.12908585571174766,0.3632014700249363,-7.128237054940924,-221.4642451508481,6.073498780427701,-18.728997951840604,-1936.2878356762149,-0.011923250412773662
0.29300000000000004,71.54486307112731,83.15744967764317,0.019455136928872685,-0.12890569859636594,0.3574267749861265,-7.238747709043353,-220.57316297796973,6.243348812374423,-18.880040112026474,-1933.585478945489,-0.0120194068384091
0.29350000000000004,71.60927148272157,82.94849727495118,0.019390728517278424,-0.12872842907628285,0.35165124288917954,-7.34880510247876,-219.65138669393176,6.415123780620978,-19.023759935597063,-1930.9264361442426,-0.012110901719775316
0.29400000000000004,71.67359198150326,82.73639863324631,0.019326408018496735,-0.12855404733876666,0.34587579912045724,-7.458394160854949,-218.6999996754186,6.588768713662949,-19.160074810451786,-1928.3107100814998,-0.012197682464375645
0.29450000000000004,71.73782601131403,82.52116737890232,0.019262173988685977,-0.1283825531078828,0.3401013710947178,-7.567500340627451,-217.72004208574646,6.764227400275956,-19.288906860508163,-1925.738296618242,-0.012279699494756185
0.29500000000000004,71.80197501574148,82.3028175475867,0.019198024984258516,-0.12821394564349586,0.3343288881887949,-7.676109607715867,-216.71251176585994,6.941442433247447,-19.41018277058962,-1923.209184652438,-0.012356906137025914
0.29550000000000004,71.86604043788697,82.08136356996644,0.01913395956211303,-0.1280482237403055,0.32855928167476084,-7.784208416563781,-215.678365116758,7.120355252775914,-19.523833612829097,-1920.7233561045823,-0.012429258510341793
0.29600000000000004,71.93002372013268,81.85682025800826,0.01906997627986732,-0.12788538572691555,0.322793484652578,-7.891783689637474,-214.6185179733656,7.300906189512386,-19.629794675041367,-1918.2807859037332,-0.012496715417647197
0.29650000000000004,71.9939263039084,81.62920279185829,0.01900607369609161,-0.127725429464937,0.31703243198223796,-7.9988227973596135,-213.53384646987752,7.483034507223198,-19.728005291486202,-1915.881441974055,-0.012559238237932388
0.29700000000000004,72.05774962945776,81.39852670729204,0.018942250370542247,-0.1275683523481251,0.3112770602153722,-8.10531353847349,-212.42518789661267,7.666678445054824,-19.818408676414986,-1913.5252852218766,-0.012616790820267008
0.2975,72.12149513560416,81.16480788371983,0.018878504864395844,-0.12741415130155068,0.3055283075263516,-8.211244120833483,-211.29334154841774,7.851775259384397,-19.900951760763224,-1911.21226952326,-0.0126693393798353
0.298,72.18516425951621,80.92806253273662,0.018814835740483787,-0.12726282278080608,0.29978711364285365,-8.316603142617748,-210.13906956467562,8.038261265242232,-19.975585032325796,-1908.942341712091,-0.012716852396188513
0.2985,72.24875843647277,80.68830718720426,0.018751241563527223,-0.12711436277124621,0.29405441977591357,-8.42137957395869,-208.96309776097277,8.226071877294354,-20.04226237972394,-1906.7154415686932,-0.012759300513911196
0.299,72.31227909962767,80.44555869085417,0.018687720900372323,-0.12696876678726424,0.2883311685494353,-8.525562738987281,-207.7661164524927,8.415141650375976,-20.10094094044964,-1904.5315018089634,-0.012796656445883247
0.2995,72.37572767977406,80.19983418839796,0.018624272320225947,-0.1268260298716028,0.28261830392917975,-8.629142298286949,-206.54878126920428,8.605404319568251,-20.151580953247368,-1902.3904480740418,-0.012828894879303228
0.3,72.43910560510837,79.95115111613582,0.01856089439489163,-0.12668614659470134,0.2769167711512168,-8.732108231753093,-205.31171396292712,8.796792839812927,-20.194145615072827,-1900.2921989205201,-0.012855992384625455
0.3005,72.50241430099409,79.69952719304901,0.018497585699005906,-0.1265491110540784,0.27122751664983885,-8.834450821854169,-204.05550320634853,8.989239425061406,-20.228600942843862,-1898.236665811176,-0.012877927327547901
0.301,72.56565518972512,79.44498041236668,0.018434344810274877,-0.12641491687375125,0.2655514879849397,-8.936160637290165,-202.78070538409293,9.182675586955673,-20.254915640180506,-1896.2237531062688,-0.012894679784176279
0.3015,72.62882969028885,79.18752903359659,0.018371170309711138,-0.12628355720369078,0.2598896337688499,-9.037228517044657,-201.48784537592618,9.377032173041162,-20.273060969310027,-1894.2533580553618,-0.012906231459476248
0.302,72.69193921812908,78.92719157500406,0.018308060781870927,-0.12615502471931409,0.25424290359262935,-9.137645554826639,-200.17741733220123,9.572239404512546,-20.28301062829401,-1892.325370789711,-0.012912565609113767
0.3025,72.7549851849085,78.66398680653433,0.018245014815091498,-0.12602931162101352,0.24861224795181092,-9.237403083897973,-198.84988544164682,9.76822691349455,-20.284740633717934,-1890.4396743152026,-0.01291366696477294
0.303,72.81796899827123,78.39793374316172,0.018182031001728768,-0.12590640963372302,0.24299861817160065,-9.33649266228306,-197.5056846916024,9.964923779862184,-20.27822920896449,-1888.5961445058451,-0.012909521663028613
0.3035,72.88089206160488,78.1290516386585,0.01811910793839512,-0.12578631000652235,0.23740296633152094,-9.434906058356676,-196.14522162081917,10.162258567604603,-20.26345667817792,-1886.794650097835,-0.012900117177841976
0.304,72.94375577380256,77.85735997977064,0.018056244226197442,-0.12566900351227853,0.23182624518950176,-9.532635236806183,-194.76887506493588,10.360159360738649,-20.240405366008964,-1885.0350526841778,-0.0128854422567362
0.3045,73.0065615290247,77.58287848079011,0.017993438470975304,-0.12555448044732606,0.22626940810541896,-9.629672344964968,-193.3769968947505,10.558553798779663,-20.209059503216988,-1883.3172067098908,-0.012865486860700905
0.305,73.06931071646068,77.30562707851475,0.017930689283539327,-0.12544273063118513,0.22073340896406612,-9.726009699513122,-191.96991274740884,10.757369111776985,-20.16940513819103,-1881.6409594677768,-0.012840242107864702
0.3055,73.1320047200904,77.025625927582,0.017867995279909597,-0.12533374340631828,0.21521920209757178,-9.821639773541866,-190.54792275063406,10.956532154922781,-20.121430054437063,-1880.0061510947742,-0.012809700220965935
0.306,73.19464491844572,76.74289539616954,0.01780535508155428,-0.1252275076379265,0.20972774220724585,-9.916555183978565,-189.11130224012527,11.155969442744277,-20.065123694068266,-1878.4126145688974,-0.012773854478645102
0.3065,73.2572326843717,76.45745606205043,0.017742767315628304,-0.1251240117137842,0.2042599842848665,-10.01074867936864,-187.66030247025097,11.355607182889067,-20.00047708732052,-1876.8601757067631,-0.012732699170573014
0.307,73.3197693847879,76.16932870899359,0.01768023061521209,-0.12502324354411387,0.19881688353338958,-10.10421312801111,-186.19515131817286,11.555371309514323,-19.92748278810513,-1875.348653161708,-0.012686229556422384
0.3075,73.38225638044963,75.87853432349829,0.01761774361955036,-0.12492519056150023,0.19339939528709155,-10.196941506444853,-184.71605398152298,11.755187516292091,-19.846134815598614,-1873.8778584225033,-0.012634441828682721
0.308,73.44469502570905,75.58509409185484,0.017555304974290947,-0.12482983972084488,0.18800847493113323,-10.288926888281802,-183.22319366977922,11.954981289041156,-19.756428601860062,-1872.4475958126732,-0.012577333079312527
0.3085,73.50708666827634,75.28902939751855,0.017492913331723665,-0.1247371774993609,0.18264507782055037,-10.380162433384468,-181.7167322894628,12.154677937998825,-19.658360945454532,-1871.0576624904136,-0.012514901270215017
0.309,73.56943264898085,74.99036181879086,0.017430567351019145,-0.12464718989660847,0.1773101591986593,-10.47064137738445,-180.1968111232998,12.354202629744648,-19.551929971053507,-1869.7078484491271,-0.012447145207518976
0.3095,73.63173430153238,74.6891131267938,0.01736826569846762,-0.12455986243457104,0.17200467411488418,-10.560357021539257,-178.66355150347263,12.553480418789597,-19.43713509497126,-1868.3979365185655,-0.01237406451963853
0.31,73.69399295228229,74.38530528373195,0.017306007047717713,-0.1244751801577731,0.1667295773419931,-10.649302722923954,-177.1170554791105,12.752436278842536,-19.313976996590544,-1867.1277023665966,-0.012295659639082175
0.3105,73.75620991998488,74.0789604414295,0.01724379008001512,-0.1243931276334393,0.1614858232927528,-10.737471884955411,-175.55740647813863,12.95099513376871,-19.18245759561885,-1865.8969145015892,-0.012211931787973654
0.311,73.81838651555881,73.77010094013464,0.01718161348444119,-0.12431368895169535,0.156274365935984,-10.824857948246038,-173.9846699636296,13.149081888252798,-19.042580035111243,-1864.7053342754302,-0.01212288296724397
0.3115,73.88052404184853,73.45874930758137,0.017119475958151466,-0.12423684772581112,0.15109615871203164,-10.91145438178424,-172.3988940847874,13.346621458180035,-18.894348670186044,-1863.5527158871666,-0.012028515949447554
0.312,73.94262379338602,73.1449282582981,0.017057376206613975,-0.12416258709248616,0.14595215444763052,-10.997254674439304,-170.8001103226946,13.543538800749435,-18.73776906235276,-1862.4388063872925,-0.011928834275151325
0.3125,74.0046870561525,72.828660693157,0.016995312943847502,-0.12409088971217797,0.14084330527017835,-11.082252326787515,-169.18833413095854,13.739758944331458,-18.57284797936488,-1861.3633456826694,-0.011823842252840965
0.313,74.06671510734044,72.50996969915141,0.016933284892659557,-0.12402173776947303,0.13577056252140116,-11.166440843257627,-167.56356557138028,13.935207018084636,-18.399593400502027,-1860.3260665420955,-0.011713544962283653
0.3135,74.12870921511573,72.18887854939419,0.016871290784884266,-0.12395511297350158,0.1307348766704179,-11.249813724592908,-165.92578994477395,14.129808281343852,-18.218014527179953,-1859.3266946025237,-0.011597948261282593
0.314,74.19067063838006,71.86541070332756,0.016809329361619944,-0.12389099655839567,0.1257371972261961,-11.332364460627286,-164.27497841706747,14.323488152792972,-18.02812179878069,-1858.364948375935,-0.011477058795754794
0.3145,74.2526006265335,71.53958980713544,0.01674739937346649,-0.12382936928379117,0.12077847264939684,-11.414086523373516,-162.6110886407979,14.51617223943544,-17.829926913587748,-1857.4405392568676,-0.011350884013058846
0.315,74.3145004192375,71.21143969434927,0.016685499580762493,-0.12377021143537428,0.1158596502636053,-11.494973360420918,-160.93406537213002,14.707786365374675,-17.623442854706646,-1856.5531715306142,-0.011219432178496422
0.3155,74.37637124617794,70.8809843866384,0.01662362875382207,-0.12371350282547225,0.11098167616594866,-11.575018388640533,-159.24384108350776,14.898256600417087,-17.40868392084367,-1855.7025423820837,-0.011082712394906673
0.316,74.43821432682861,70.54824809477734,0.01656178567317138,-0.12365922279368906,0.10614549513709318,-11.654214988195454,-157.54033657205846,15.08750928850911,-17.18566576181187,-1854.888341905336,-0.01094073462527001
0.3165,74.50003087021518,70.2132552197781,0.01649996912978481,-0.12360735020758642,0.10135205055061786,-11.73255649685462,-155.82346156385051,15.275471076020928,-16.954405418625072,-1854.1102531137963,-0.01079350971823278
0.317,74.56182207467914,69.87603035418432,0.016438177925320856,-0.12355786346340998,0.09660228428176729,-11.81003620460725,-154.09311531412524,15.46206893988622,-16.714921368039796,-1853.3679519511497,-0.010641049436463518
0.3175,74.62358912764248,69.53659828351219,0.01637641087235752,-0.1235107404868615,0.09189713661557528,-11.886647348576837,-152.34918720358837,15.64723021561073,-16.467233571393848,-1852.6611073029223,-0.010483366487744545
0.318,74.68533320537254,69.19498398783512,0.016314666794627456,-0.12346595873391705,0.08723754615435694,-11.962383108232105,-150.5915573308711,15.830882625158536,-16.211363527591203,-1851.9893810087558,-0.010320474558703222
0.3185,74.74705547274745,68.85121264349995,0.016252944527252552,-0.12342349519169155,0.08262444972457214,-12.037236600893277,-148.82009710124905,16.012954304726282,-15.947334330073577,-1851.3524278753732,-0.010152388351081156
0.319,74.80875708302182,68.50530962496862,0.016191242916978186,-0.12338332637935019,0.07805878228304675,-12.111200877531854,-147.03466981170877,16.193373832414718,-15.675170727616976,-1850.7498956902527,-0.009979123620438493
0.3195,74.87043917759306,68.15730050677553,0.01612956082240694,-0.12334542834906688,0.0735414768225616,-12.184268918861955,-145.2351312324454,16.372070255805966,-15.394899188785336,-1850.1814252360032,-0.009800697217186384
0.32,74.93210288576817,67.80721106559233,0.01606789711423183,-0.12330977668702989,0.06907346427679377,-12.256433631721654,-143.42133018486672,16.548973119455145,-15.106547969869084,-1849.6466503054482,-0.009617127129838005
0.3205,74.99374932453092,67.45506728239351,0.01600625067546908,-0.12327634651449533,0.0646556734246202,-12.327687845742226,-141.59310911618505,16.724012492302915,-14.810147186134063,-1849.14519771743,-0.009428432530367044
0.321,75.05537959830973,67.10089534471194,0.015944620401690274,-0.12324511248888866,0.060289030793764985,-12.398024310304107,-139.75030467065164,16.89711899501705,-14.50572888619781,-1848.6766873333297,-0.0092346338215571
0.3215,75.11699479874598,66.74472164897814,0.01588300520125402,-0.12321604880495447,0.05597446056380514,-12.467435691777537,-137.8927482575055,17.068223827268397,-14.19332712935066,-1848.240732074317,-0.009035752686225834
0.322,75.17859600446306,66.38657280293451,0.015821403995536942,-0.12318912919595493,0.05171288446851667,-12.535914571046327,-136.02026661568445,17.237258794946932,-13.87297806563159,-1847.836937939324,-0.008831812138202833
0.3225,75.24018428083582,66.02647562811677,0.015759815719164186,-0.12316432693491725,0.047505221697567705,-12.603453441313205,-134.13268237535482,17.404156337322938,-13.544720018467713,-1847.4649040237587,-0.008622836574939539
0.323,75.30176067976086,65.66445716239355,0.01569823932023914,-0.12314161483593031,0.04335238879755088,-12.670044706185196,-132.22981461629007,17.56884955415752,-13.208593569678502,-1847.1242225389547,-0.008408851831624627
0.3235,75.36332623942738,65.30054466255716,0.015636673760572622,-0.12312096525549142,0.03925529957235354,-12.735680678037388,-130.31147942314627,17.731272232765527,-12.864641646647177,-1846.8144788323712,-0.008189885236679033
0.324,75.42488198408869,64.93476560695785,0.015575118015911311,-0.12310235009390233,0.03521486498286401,-12.800353576653473,-128.37749043765467,17.89135887503375,-12.512909611453944,-1846.5352514085348,-0.007965965668499931
0.3245,75.48642892383452,64.5671476981718,0.015513571076165472,-0.12308574079671618,0.03123199304600989,-12.864055528141778,-126.4276594077527,18.049044724396417,-12.153445351763704,-1846.2861119507427,-0.007737123613321649
0.325,75.54796805436403,64.19771886569755,0.015452031945635969,-0.12307110835623483,0.027307588733120763,-12.926778564124998,-124.46179673367311,18.204265792768805,-11.786299373258995,-1846.0666253435224,-0.007503391224060308
0.3255,75.60950035675948,63.8265072686712,0.01539049964324052,-0.1230584233130571,0.023442553867622482,-12.988514621202158,-122.47971201099148,18.356958887439298,-11.411524893402914,-1845.8763496958563,-0.007264802380005152
0.326,75.67102679726088,63.4535412985925,0.015328973202739123,-0.12304765575767856,0.01963778702205252,-13.049255540681525,-120.48121457062902,18.507061637919897,-11.029177936314944,-1845.7148363651786,-0.007021392747218371
0.3265,75.73254832704129,63.078849582055916,0.015267451672958718,-0.12303877533214286,0.01589418341439188,-13.108993068582569,-118.46611401580942,18.65451252275303,-10.639317428541318,-1845.5816299821429,-0.0067731998395044145
0.327,75.79406588198302,62.70246098347724,0.015205934118016986,-0.1230317512317449,0.012212634803720212,-13.167718855905733,-116.43422075594354,18.79925089627332,-10.242005295495378,-1845.4762684761733,-0.0065202630798058304
0.3275,75.85558038245473,62.324404607808056,0.015144419617545273,-0.12302655220678674,0.008594029385176241,-13.225424459168375,-114.38534653741984,18.941217015320813,-9.837306558342988,-1845.3982831018009,-0.006262623861882428
0.328,75.91709273308935,61.94470980323235,0.015082907266910655,-0.1230231465643858,0.005039251684238339,-13.28210134120527,-112.31930497126694,19.080352065902023,-9.42528943110554,-1845.347198465787,-0.006000325612128979
0.3285,75.97860382256295,61.56340616383533,0.015021396177437054,-0.1230215021703364,0.001549182450302785,-13.337740872232219,-110.23591205764237,19.216598189794258,-9.006025417748905,-1845.3225325550459,-0.00573341385138396
0.329,76.04011452337457,61.180523532238425,0.014959885476625431,-0.12302158645102448,-0.001875301450424425,-13.392334331171043,-108.13498670709888,19.349898511087325,-8.579589409026514,-1845.3237967653672,-0.005461936256581771
0.3295,76.101625691627,60.796092002192495,0.014898374308372993,-0.123023366395396,-0.00523332714273829,-13.445872907234419,-106.01635125856568,19.480197162656733,-8.146059778841279,-1845.35049593094,-0.005185942722098645
0.33,76.16313816680858,60.41014192112252,0.014836861833191424,-0.1230268085569798,-0.00852402585095189,-13.498347701768857,-103.87983199397773,19.607439312560572,-7.705518479890246,-1845.4021283546967,-0.00490548542064192
0.3305,76.22465277157595,60.0227038926147,0.014775347228424052,-0.12303187905596444,-0.011746533008107053,-13.549749730354172,-101.72525964947104,19.73157119035257,-7.258051138352483,-1845.4781858394665,-0.004620618863530223
0.331,76.28617031153799,59.63380877884063,0.014713829688462013,-0.1230385435813301,-0.014899988365903826,-13.600069925157639,-99.55246992305882,19.85254011330184,-6.803747147381394,-1845.5781537199514,-0.004331399960212525
0.3315,76.3476915750407,59.24348770291029,0.014652308424959296,-0.1230467673930354,-0.017983536105335648,-13.649299137541085,-97.36130397869222,19.970294512509742,-6.342699759160013,-1845.701510895531,-0.004037888076872361
0.332,76.4092173329533,58.851772051146234,0.0145907826670467,-0.12305651532426011,-0.020996324948036407,-13.697428140919136,-95.1516089465954,20.08478395891318,-5.875006175276132,-1845.8477298639016,-0.0037401450939624262
0.3325,76.47074833845535,58.458693475273236,0.014529251661544652,-0.12306775178370323,-0.023937508268351924,-13.744447633866589,-92.9232384197669,20.195959189162597,-5.400767635176049,-1846.0162767555482,-0.003438235462515977
0.333,76.53228532682513,58.06428389451438,0.014467714673174866,-0.12308044075793759,-0.02680624420612533,-13.790348243473142,-90.67605294651032,20.303772131362578,-4.920089502450439,-1846.2066113690637,-0.0031322262590781254
0.3335,76.5938290152292,57.66857549758809,0.014406170984770789,-0.12309454581382101,-0.029601695780207476,-13.835120528943314,-88.40992051887058,20.408175930661535,-4.433081348710575,-1846.418187207315,-0.0028221872391030966
0.334,76.65538010251313,57.27160074459839,0.014344619897486866,-0.12311003010096416,-0.0323230310026981,-13.878754985439562,-86.12471705682563,20.509124974676705,-3.9398570348095934,-1846.6504515144622,-0.0025081908886612973
0.3345,76.71693926899349,56.873392368811906,0.014283060731006509,-0.12312685635425613,-0.03496942299390921,-13.92124204816634,-83.8203268880824,20.606574918739092,-3.4405347891650866,-1846.9028453138421,-0.0021903124743010223
0.335,76.77850717625115,56.47398337831384,0.014221492823748847,-0.12314498689644723,-0.037540050098069516,-13.962572096693009,-81.4966432233071,20.70048271094334,-2.935237282938198,-1847.1748034467087,-0.0018686300909089538
0.3355,76.84008446692589,56.07340705753736,0.014159915533074111,-0.12316438364079016,-0.0400340959997615,-14.002735459513111,-79.15356862662655,20.79080661698544,-2.4240917018282726,-1847.4657546118524,-0.001543224707416058
0.336,76.90167176451229,55.67169696865831,0.014098328235487713,-0.1231850080937393,-0.04245074984109725,-14.041722418837733,-76.79101548120515,20.87750624477131,-1.907229814238553,-1847.7751214060895,-0.0012141802101932123
0.3365,76.96326967315703,55.26888695285014,0.014036730326842972,-0.12320682135770912,-0.044789206339636393,-14.079523215620329,-74.40890644971714,20.960542568778052,-1.384788035574907,-1848.1023203656368,-0.0008815834439850475
0.337,77.02487877745757,54.86501113139088,0.013975121222542422,-0.12322978413389145,-0.0470486659070546,-14.11612805481052,-72.00717492950164,21.039877954149162,-0.8569074884363879,-1848.4467620083717,-0.0005455242502284491
0.3375,77.0864996422623,54.46010390661643,0.013913500357737706,-0.12325385672513223,-0.04922833476855751,-14.151527110834046,-69.58576550219188,21.115476180504164,-0.32373405846129266,-1848.8078508769834,-0.00020609550260526142
0.338,77.14813281247197,54.054199962714485,0.013851867187528028,-0.12327899903886855,-0.05132742508304659,-14.18571053329613,-67.1446343776019,21.187302465442226,0.2145815544048002,-1849.1849855830283,0.00013660686031946568
0.3385,77.20977881284291,53.647334266350434,0.01379022118715709,-0.12330517059012538,-0.053345155064041916,-14.218668452905314,-64.68374983162632,21.255323487719203,0.7578837894541994,-1849.5775588518807,0.0004824838055234124
0.339,77.27143814779144,53.239542067121945,0.013728561852208556,-0.12333233050457364,-0.055280749101367495,-14.250390987614672,-62.203092637931256,21.319507410075925,1.3060121838004992,-1849.9849575686044,0.0008314331791603616
0.3395,77.33311130120005,52.83085889783343,0.01366688869879995,-0.12336043752164857,-0.0571334378835901,-14.280868248977276,-59.70265649316678,21.379823901696014,1.8588013362299822,-1850.4065628247286,0.0011833496835472873
0.34,77.39479873622504,52.42132057458598,0.013605201263774963,-0.12338944999773009,-0.05890245852123335,-14.310090348712606,-57.18244843545715,21.436244160269993,2.416080876539935,-1850.8417499659513,0.00153812485764452
0.3405,77.4565008951058,52.01096319667622,0.0135434991048942,-0.12341932590938473,-0.060587054670753725,-14.338047405480442,-54.642489255893864,21.488740933642266,2.977675440583046,-1851.2898886407709,0.0018956470611685163
0.341,77.51821819897576,51.59982314629765,0.013481781801024235,-0.12345002285666959,-0.06218647665929304,-14.364729551858703,-52.08281390275131,21.53728854101699,3.5434046512318265,-1851.7503428500438,0.0022558014624734345
0.3415,77.57995104767495,51.187937088039824,0.01342004895232505,-0.12348149806649929,-0.06369998161020361,-14.390126941521592,-49.503471878146826,21.581862893698325,4.113083105469781,-1852.2224709974892,0.002618470030333117
0.342,77.64169981956425,50.77534196817896,0.013358300180435745,-0.12351370839607535,-0.06512683356935249,-14.414229756613935,-46.904527626847404,21.622441515339446,4.686520367813072,-1852.7056259411302,0.0029835315297531916
0.3425,77.7034648713415,50.36207501375389,0.013296535128658504,-0.12354661033637937,-0.06646630363220998,-14.437028215318128,-44.286060916912874,21.65900356167566,5.263520970261538,-1853.1991550456905,0.0033508615219398916
0.343,77.76524653785914,49.94817373142365,0.013234753462140862,-0.12358016001572975,-0.06771767007172219,-14.458512579609113,-41.648167211880235,21.691529839714647,5.843884418966646,-1853.702400235946,0.003720332368545002
0.3435,77.82704513194392,49.53367590609912,0.013172954868056082,-0.12361431320340242,-0.0688802184669722,-14.478673163193369,-38.99095803415247,21.72000282635809,6.42740520780486,-1854.2146980510363,0.004091813240306937
0.34400000000000003,77.88886094421821,49.11861959934535,0.013111139055781797,-0.12364902531331642,-0.06995324183263463,-14.497500339627301,-36.31456131927721,21.744406686427656,7.013872839031098,-1854.7353796997463,0.00446517013019914
0.34450000000000003,77.95069424292326,48.703043147548755,0.013049305757076739,-0.12368425140778411,-0.0709360407492239,-14.51498455061041,-33.6191217607776,21.764727290068084,7.603071851183227,-1855.2637711167615,0.004840265871194632
0.34500000000000003,78.01254527374441,48.286985159843866,0.01298745472625559,-0.12371994620132686,-0.07182792349414184,-14.531116314448454,-30.90480114518987,21.78095222950021,8.19478185440045,-1855.799193019903,0.0052169601587504005
0.34550000000000003,78.07441425963809,47.87048451579559,0.012925585740361909,-0.12375606406455644,-0.07262820617353156,-14.54588623468164,-28.171778676965616,21.793070835096195,8.788777573308169,-1856.3409609683465,0.005595109578108751
0.34600000000000003,78.13630140066088,47.453580362832135,0.012863698599339111,-0.12379255902812243,-0.07333621285493129,-14.559285008872573,-25.420251292880746,21.801074190748974,9.384828897614995,-1856.8883854218366,0.005974567636508357
0.34650000000000003,78.19820687380056,47.03631211342349,0.012801793126199435,-0.12382938478672639,-0.07395127570074225,-14.571303437548824,-22.650433965588004,21.804955148508036,9.982700940558216,-1857.4407718008958,0.006355184800391812
0.34700000000000003,78.26013083280908,46.61871944200184,0.012739869167190918,-0.1238664947032027,-0.07447273510250448,-14.581932433294378,-19.862559995950093,21.80470834245323,10.582154105323129,-1857.9974205480405,0.006736808537689477
0.34750000000000003,78.32207340803772,46.20084228161973,0.01267792659196227,-0.12390384181266696,-0.07489993981599415,-14.591163029984468,-17.056881293780165,21.800330201778653,11.182944159552493,-1858.5576271900043,0.007119283365253682
0.34800000000000003,78.38403470627429,45.782720820340785,0.012615965293725709,-0.123941378826732,-0.0752322470971357,-14.59898639215768,-14.23366864660619,21.791818963057814,11.78482231805311,-1859.1206824009798,0.007502450901511364
0.34850000000000003,78.44601481058237,45.36439549736152,0.012553985189417624,-0.12397905813779209,-0.07546902283874166,-14.605393824519513,-11.39321197609013,21.779174681662592,12.387535333791377,-1859.685872066881,0.007886149924393637
0.34900000000000003,78.50801378014289,44.94590699885742,0.012491986219857105,-0.12401683182337582,-0.07560964170807279,-14.610376781570853,-8.535820581697731,21.762399242306937,12.990825597265042,-1860.2524773506373,0.00827021643459782
0.34950000000000003,78.57003165009772,44.52729625355271,0.012429968349902282,-0.12405465165056784,-0.07565348728523323,-14.613926877355052,-5.6618233712467205,21.74149636868791,13.594431244318887,-1860.8197747585175,0.008654483724225026
0.35000000000000003,78.6320684313956,44.10860442800875,0.012367931568604409,-0.12409246908049999,-0.07559995220239864,-14.616035895317001,-2.771569077927241,21.716471632196033,14.1980862724665,-1861.3870362074997,0.009038782450832904
0.35050000000000003,78.69412411064027,43.6898729216287,0.012305875889359722,-0.12413023527291242,-0.07544843828387938,-14.61669579826712,0.13457353659629234,21.68733245966687,14.80152066576362,-1861.9535290936863,0.009422940716932487
0.35100000000000003,78.75619864994104,43.27114336137462,0.012243801350058963,-0.12416790109078486,-0.07519835668702252,-14.615898738443404,3.056215493404256,21.654088140146747,15.404460528268,-1862.518516361773,0.009806784154951367
0.35150000000000003,78.81829198676539,42.852457596196466,0.012181708013234607,-0.12420541710503834,-0.07484912804396505,-14.6136370676642,5.992947422251225,21.616749830645702,16.00662822610373,-1863.081256575575,0.010190136017674658
0.35200000000000004,78.88040403379432,42.43385769116711,0.012119595966205685,-0.12424273359930847,-0.07440018260422458,-14.60990334756425,8.944339402627758,21.575330560850304,16.60774253814114,-1863.641003989627,0.01057281727417081
0.35250000000000004,78.94253467877978,42.01538592132495,0.01205746532122022,-0.12427980057478984,-0.07385096037814949,-14.604690359906334,11.90994082033081,21.52984523677067,17.207518815279652,-1864.1970086218475,0.010954646711194204
0.35300000000000004,79.00468378440476,41.59708476521836,0.011995316215595235,-0.12431656775515232,-0.07320091128121953,-14.597991116960634,14.889280239970015,21.480310643295386,17.805669148316856,-1864.7485163272847,0.011335441040053943
0.35350000000000004,79.06685118814575,41.17899689815331,0.011933148811854246,-0.1243529845915302,-0.0724494952792052,-14.589798871943836,17.881865293791847,21.426745445629294,18.401902544363246,-1865.294768872953,0.011715015008922946
0.35400000000000004,79.1290367021377,40.76116518514023,0.011870963297862299,-0.12438900026758355,-0.07159618253418823,-14.580107129509646,20.887182587232466,21.36917018958944,18.995925111753472,-1865.8350040137532,0.012093181520556117
0.35450000000000004,79.1912401130416,40.3436326735404,0.011808759886958403,-0.12442456370463315,-0.07064045355145057,-14.568909656282198,23.904697621594657,21.307607300734812,19.587440253385846,-1866.3684555694972,0.0124697517553741
0.35500000000000004,79.25346118191459,39.92644258540974,0.011746538818085408,-0.124459623566869,-0.06958179932722736,-14.556200491423846,26.93385473424368,21.242081082306957,20.176148868407964,-1866.894353503035,0.012844535299860313
0.35550000000000004,79.31569964408276,39.50963830953893,0.011684300355917243,-0.12449412826663282,-0.06841972149733395,-14.541973957228361,29.974077056720674,21.17261771195854,20.761749562150694,-1867.4119239994923,0.013217340280209107
0.35600000000000004,79.37795520901646,39.093263393191165,0.011622044790983535,-0.12452802596977541,-0.06715373248667388,-14.526224669730485,33.02476649114788,21.09924523724802,21.34393886419287,-1867.9203895466312,0.01358797350115004
0.35650000000000004,79.44022756020854,38.67736153353436,0.011559772439791463,-0.12456126460108849,-0.06578335565961796,-14.508947549322675,36.08530370532954,21.02199356987981,21.922411454430048,-1868.4189690163273,0.013956240589867715
0.35700000000000004,79.50251635505506,38.261976568770415,0.011497483644944934,-0.12459379184981237,-0.06430812547127487,-14.490137831369545,39.15504814690805,20.94089447866965,22.49686039699555,-1868.9068777471855,0.014321946144920564
0.35750000000000004,79.56482122473905,37.84715246895943,0.011435178775260957,-0.12462555517521924,-0.06272758761964192,-14.469791076810273,42.23333807696444,20.855981581215985,23.06697738187285,-1869.3833276282885,0.01468489389005604
0.35800000000000004,79.62714177411678,37.43293332654171,0.011372858225883227,-0.12465650181227295,-0.06104129919865285,-14.447903182739498,45.31949062341131,20.767290334260057,23.63245297401521,-1869.8475271840941,0.015044886832805134
0.35850000000000004,79.68947758160716,37.01936334655598,0.01131052241839283,-0.12468657877736529,-0.05924882885211262,-14.42447039295626,48.412801854553656,20.674858022716798,24.192976869777237,-1870.2986816604794,0.015401727427731746
0.35900000000000004,79.7518281990839,36.606486836556286,0.011248171800916097,-0.12471573287412967,-0.057349756928536826,-14.399489308471185,51.51254687315526,20.578723747361508,24.748238160441684,-1870.735993111945,0.015755217744199076
0.35950000000000004,79.81419315177048,36.19434819622949,0.011185806848229512,-0.12474391069933237,-0.055343675636888044,-14.372956897961414,54.61797993134828,20.47892841115745,25.29792560260841,-1871.1586604899853,0.016105159638504573
0.36000000000000004,79.87657193813837,35.78299190671242,0.011123428061861633,-0.12477105864884191,-0.053230189203222415,-14.344870508162751,57.7283345667324,20.37551470421087,25.84172789519968,-1871.5658797326287,0.016451354930226997
0.36050000000000004,79.93896402980793,35.3724625196141,0.011061035970192066,-0.12479712292367687,-0.051008914028237796,-14.31522787418848,60.842823759958364,20.268527087341813,26.3793339628108,-1871.956843855153,0.01679360558261302
0.36100000000000004,80.00136887145267,34.96280464574223,0.010998631128547336,-0.12482204953613284,-0.04867947884574171,-14.28402712976386,63.96064011412599,20.15801177425942,26.910433245126974,-1872.3307430419927,0.017131713886825727
0.36150000000000004,80.06378588070628,34.554062943538725,0.01093621411929372,-0.12484578431598879,-0.04624152488203321,-14.251266817365503,67.08095605627145,20.04401671233309,27.434715992102493,-1872.686764739832,0.017465482649861534
0.36200000000000004,80.12621444807309,34.14628210722524,0.010873785551926913,-0.12486827291679332,-0.043694706016201824,-14.2169458982543,70.20292406124182,19.926591561950946,27.95187356458812,-1873.0240937518997,0.017794715385935505
0.36250000000000004,80.18865393684142,33.739506854664285,0.010811346063158582,-0.1248894608222314,-0.0410386889413561,-14.18106376239093,73.32567689820466,19.80578767446002,28.46159874006951,-1873.3419123334709,0.018119216511120494
0.36300000000000004,80.25110368300034,33.333781914936985,0.010748896316999658,-0.12490929335257171,-0.03827315332677373,-14.14362023822224,76.44832790006083,19.6816580686826,28.96358602316912,-1873.6394002885756,0.01843879154101879
0.3635,80.31356299515953,32.929152015642956,0.010686437004840467,-0.12492771567119573,-0.035397791980989475,-14.104615602327252,79.56997125598309,19.55425740600594,29.457531960542884,-1873.915735067936,0.018753247291231564
0.364,80.37603115447256,32.52566186992568,0.010623968845527444,-0.12494467279120798,-0.03241231101581061,-14.064050588910966,82.68968232730518,19.423641964043547,29.943135459789872,-1874.1700918681197,0.019062392080383083
0.3645,80.43850741456332,32.12335616322891,0.010561492585436679,-0.12496010958212922,-0.029316430011278673,-14.021926399134507,85.80651798695264,19.289869608868365,30.420098111975225,-1874.401643731938,0.019366035935445162
0.365,80.50099100145601,31.722279539787326,0.01049900899854399,-0.12497397077667172,-0.02610988218156942,-13.978244710269447,88.91951698260746,19.15299976581923,30.888124517354143,-1874.6095616500756,0.019663990799099505
0.3655,80.5634811135084,31.32247658885844,0.010436518886491594,-0.12498620097759819,-0.022792414541840385,-13.933007684664716,92.027700323755,19.013093388884457,31.346922613865765,-1874.7930146639728,0.01995607073886341
0.366,80.62597692134861,30.92399183069969,0.010374023078651389,-0.12499674466466403,-0.019363788076028263,-13.886217978513864,95.13007169276435,18.87021292866764,31.796204007955456,-1874.9511699699603,0.02024209215769778
0.3665,80.68847756781533,30.526869702298153,0.010311522432184674,-0.12500554620164395,-0.01582377790560252,-13.837878750410919,98.22561788010896,18.724422298943217,32.235684307265615,-1875.083193024659,0.02052187400580465
0.367,80.75098216790163,30.131154542857693,0.010249017832098375,-0.12501254984344323,-0.012172173459272684,-13.787993669682402,101.31330924383546,18.575786841810064,32.66508345472542,-1875.1882476516485,0.020795237993315348
0.3675,80.8134898087023,29.736890579051188,0.010186510191297696,-0.12501769974329363,-0.008408778643663213,-13.73656692448366,104.39210019334226,18.424373291454874,33.08412606355351,-1875.2654961494043,0.021062008803559806
0.368,80.87599954936488,29.344121910043846,0.010124000450635119,-0.12502093996003566,-0.0045334120149479115,-13.68360322964711,107.4609296975261,18.270249736537206,33.4925417526777,-1875.3140994005348,0.021322014306601397
0.3685,80.93851042104423,28.95289249229597,0.010061489578955767,-0.12502221446548617,-0.000545906951457523,-13.629107834270451,110.51872181731002,18.1134855812118,33.89006548206152,-1875.3332169822925,0.021575085772712436
0.369,81.00102142686093,28.563246124151892,0.009998978573139073,-0.12502146715189275,0.0035538881727387576,-13.573086529032372,113.56438626255674,17.95415150480414,34.27643788741832,-1875.322007278391,0.021821058085459793
0.3695,81.06353154186334,28.175226430223393,0.009936468458136652,-0.1250186418394754,0.0077661098132791925,-13.515545653223814,116.59681897333502,17.79231942015832,34.65140561378155,-1875.2796275921307,0.022059769954062343
0.37,81.12603971299355,27.788876845575768,0.00987396028700645,-0.12501368228405554,0.01209087907996751,-13.456492101482496,119.61490272548431,17.628062430677698,35.01472164739154,-1875.205234260833,0.022291064124676626
0.3705,81.18854485905703,27.40424059972569,0.009811455140942971,-0.12500653218477265,0.016528301560252548,-13.39593333021852,122.6175077603849,17.46145478608107,35.366145645347565,-1875.0979827715896,0.022514787590259898
0.371,81.25104587069629,27.021360700459514,0.009748954129303714,-0.1249971351918902,0.021078467141715157,-13.333877363719262,125.60349243882564,17.29257183689931,35.70544426246941,-1874.9570278783528,0.022730791798656644
0.3715,81.31354161036839,26.64027991748098,0.009686458389631615,-0.12498543491468998,0.02574144983356303,-13.270332799921077,128.5717039188231,17.121489987738446,36.03239147480226,-1874.7815237203497,0.022938932858548196
0.372,81.37603091232644,26.261040765899082,0.00962396908767356,-0.12497137492945615,0.030517307587129,-13.205308815836384,131.52097885720963,16.94828664933906,36.346768899193926,-1874.5706239418423,0.023139071742901925
0.3725,81.43851258260516,25.88368548956502,0.009561487417394845,-0.12495489878754917,0.03540608211537063,-13.138815172623836,134.45014413479203,16.77304018946159,36.64836610836758,-1874.3234818132378,0.023331074489552753
0.373,81.50098539901036,25.508256044269707,0.009499014600989638,-0.12493595002357058,0.04040779871136005,-13.070862220290296,137.35801760483193,16.595829882631627,36.93698094090898,-1874.0392503535588,0.02351481239854717
0.3735,81.56344811111273,25.134794080811417,0.009436551888887269,-0.12491447216361817,0.04552246606577102,-13.00146090201258,140.24340886458174,16.416735858778956,37.212419805583316,-1873.7170824542725,0.023690162225877328
0.374,81.62589944024559,24.763340927945702,0.009374100559754406,-0.12489040873363336,0.05075007608335131,-12.930622758067917,143.1051200495655,16.235839050808128,37.474497979395146,-1873.3561310045004,0.023857006373231925
0.3745,81.68833807950696,24.39393757522791,0.009311661920493031,-0.12486370326783994,0.05609060369837675,-12.858359929361471,145.94194665026768,16.053221141138774,37.72303989880304,-1872.955549017599,0.02401523307338918
0.375,81.75076269376584,24.026624655761072,0.009249237306234167,-0.12483429931727599,0.061544006689086946,-12.784685160540166,148.7526783508487,15.868964507257283,37.95787944350067,-1872.51448975914,0.024164736570877494
0.3755,81.81317191967267,23.661442428860685,0.009186828080327326,-0.12480214045841827,0.06711022549109623,-12.709611802681684,151.53609988948062,15.683152166322404,38.178860212177455,-1872.032106876274,0.02430541729753012
0.376,81.87556436567439,23.298430762647772,0.009124435634325601,-0.12476717030190033,0.07278918300977714,-12.633153815547827,154.29099193985863,15.495867718869233,38.38583578967382,-1871.507554528505,0.024437182042561505
0.3765,81.9379386120336,22.937629116584915,0.009062061387966391,-0.12472933250132512,0.0785807844316073,-12.555325769392171,157.01613201339737,15.307195291659312,38.57867000494943,-1870.939987519877,0.024559944116794945
0.377,82.00029321085229,22.579076523966368,0.008999706789147707,-0.12468857076217135,0.08448491703448537,-12.47614284631142,159.7102953815975,15.117219479724977,38.7572371792883,-1870.3285614325703,0.024673623510674883
0.3775,82.06262668610002,22.222811574376244,0.008937373313899979,-0.12464482885079575,0.09050144999700416,-12.395620841130654,162.37225601802632,14.92602528765841,38.921422364169786,-1869.6724327619363,0.02477814704570026
0.378,82.12493753364667,21.86887239612792,0.008875062466353332,-0.12459805060353044,0.09663023420667537,-12.31377616181279,165.00078755931594,14.733698070198127,39.07112156824249,-1868.9707590529565,0.02487344851892063
0.3785,82.18722422129966,21.517296638699364,0.00881277577870034,-0.12454817993587684,0.10287110206711399,-12.23062582938311,167.59466428454405,14.540323472167415,39.206241972846634,-1868.2226990381528,0.024959468840141937
0.379,82.24948518884592,21.168121455176394,0.008750514811154072,-0.12449516085179577,0.10922386730416038,-12.146187477359247,170.15266211233478,14.345987367819449,39.32670213553982,-1867.4274127769365,0.025036156161495036
0.3795,82.31171884809842,20.82138348472094,0.008688281151901574,-0.12443893745309512,0.11568832477095486,-12.060479350678763,172.67355961496125,14.150775799648482,39.43243218109375,-1866.5840617964266,0.025103465999027998
0.38,82.37392358294747,20.477118835076183,0.008626076417052538,-0.12437945394891539,0.12226425025194407,-11.97352030411534,175.1561390487125,13.954774916725,39.52337397944131,-1865.691809233731,0.02516136134599072
0.3805,82.43609774941673,20.135363065125283,0.008563902250583266,-0.1243166546653129,0.1289514002658276,-11.885329800175997,177.5991873997307,13.758070912616514,39.59948131006706,-1864.7498199796935,0.025209812777489186
0.381,82.49823967572422,19.79615116751685,0.008501760324275777,-0.12425048405494235,0.1357495118674323,-11.795927906471457,180.00149744450675,13.560749962955533,39.66072001235125,-1863.7572608241353,0.02524879854619743
0.3815,82.56034766234791,19.459517551374777,0.008439652337652091,-0.12418088670683855,0.14265830244851255,-11.705335292553174,182.36186882415652,13.36289816272008,39.70706812139281,-1862.713300602578,0.02527830466882514
0.382,82.62241998209646,19.12549602510513,0.008377580017903547,-0.12410780735629773,0.14967746953748007,-11.6135732262096,184.67910913159443,13.164601463290314,39.73851598885639,-1861.6171103444658,0.02529832500305125
0.3825,82.6844548801848,18.79411977931786,0.0083155451198152,-0.12403119089485985,0.15680669059804214,-11.520663569216088,186.9520350106534,12.96594560934901,39.75506638840662,-1860.4678634228976,0.025308861314645506
0.383,82.74645057431482,18.465421369877454,0.008253549425685177,-0.12395098238039126,0.16404562282676632,-11.426628772532219,189.179473266185,12.76701607569288,39.75673460531546,-1859.2647357058688,0.025309923334514272
0.3835,82.80840525476104,18.139432701099636,0.008191594745238957,-0.12386712704726921,0.17139390294954074,-11.331491870941777,191.36026198411824,12.567898004024489,39.74354850985005,-1858.006905709038,0.025301528805420668
0.384,82.87031708446142,17.816185009109656,0.00812968291553858,-0.12377957031666828,0.17885114701695487,-11.235276477130288,193.49325166043218,12.3686761397941,39.715548614072155,-1856.6935547500243,0.02528370351814423
0.3845,82.93218419911337,17.4957088453781,0.008067815800886629,-0.12368825780694942,0.18641695019857427,-11.138006775196093,195.57730633795512,12.169434769162631,39.67278811170578,-1855.3238671042413,0.02525648133686142
0.385,82.99400470727498,17.17803406045066,0.008005995292725023,-0.12359313534415207,0.1940908865761151,-11.039707513591255,197.61130474986604,11.970257656157614,39.61533290075607,-1853.897030162281,0.02521990421354529
0.3855,83.05577669047146,16.863189787889066,0.007944223309528542,-0.12349414897259019,0.2018725089355111,-10.940403997489456,199.59414146873797,11.771227980095063,39.5432615885897,-1852.4122345888527,0.0251740221911997
0.386,83.117498203307,16.55120442843779,0.007882501796693009,-0.12339124496555208,0.20976134855787162,-10.840122080577956,201.52472805993727,11.572428273339789,39.456665479216355,-1850.8686744832812,0.025118893395762523
0.3865,83.17916727358188,16.242105634435195,0.007820832726418116,-0.12328436983610565,0.21775691500932579,-10.738888156272283,203.40199423814403,11.37394035947909,39.35564854254171,-1849.2655475415847,0.025054584016531437
0.387,83.2407819024152,15.935920294483898,0.0077592180975848005,-0.12317347034800831,0.2258586959297427,-10.636729148351968,205.224889025738,11.175845291983208,39.24032736539168,-1847.6020552201246,0.024981168274985026
0.3875,83.30234006437284,15.632674518398167,0.0076976599356271555,-0.12305849352672336,0.2340661568203347,-10.533672501016952,206.99238191175718,10.978223293427938,39.11083108414273,-1845.8774029008505,0.024898728381893873
0.388,83.3638397076012,15.332393622444377,0.007636160292398805,-0.12293938667054272,0.2423787408301304,-10.429746168364703,208.70346401010548,10.781153695354051,38.96730129882502,-1844.0908000581405,0.024807354482636945
0.3885,83.42527875396632,15.035102114891096,0.007574721246033677,-0.12281609736181644,0.25079586854131175,-10.324978603288605,210.3571492156548,10.584714878838575,38.80989196859949,-1842.2414604272465,0.024707144590660233
0.389,83.48665509919884,14.740823681885425,0.0075133449008011575,-0.12268857347829015,0.2593169377534263,-10.219398745799122,211.95247535686377,10.388984215852942,38.638769288547074,-1840.3286021743522,0.02459820450903833
0.3895,83.54796661304448,14.449581173672415,0.007452033386955525,-0.12255676320455056,0.26794132326644304,-10.113036010769859,213.48850534349674,10.194038011483213,38.45411154774307,-1838.3514480682584,0.02448064774012177
0.39,83.60921113942035,14.161396591173666,0.007390788860579646,-0.12242061504357962,0.2766683766626806,-10.005920275111299,214.9643283080119,9.999951447086836,38.25610896862804,-1836.3092256536943,0.02435459538327737
0.3905,83.67038649657712,13.87629107294122,0.007329613503422876,-0.12228007782841831,0.28549742608757606,-9.898081864375646,216.37906073915798,9.806798524460072,38.04496352772419,-1834.2011674262747,0.02422017602075271
0.391,83.73149047726692,13.594284882503787,0.007268509522733079,-0.12213510073393995,0.29442777602930054,-9.789551538797236,217.73184760629078,9.614652011090367,37.82088875778492,-1832.026511009099,0.024077525591720654
0.3915,83.79252084891725,13.315397396120455,0.007207479151082755,-0.12198563328873409,0.30345870709722306,-9.680360478773302,219.02186347290885,9.423583386566177,37.58410953150462,-1829.7844993310111,0.02392678725458472
0.392,83.85347535381082,13.039647090958788,0.007146524646189181,-0.12183162538710188,0.31258947579920915,-9.57054026979117,220.24831359787953,9.233662790217227,37.334861826956164,-1827.4743808065282,0.023768111237651938
0.3925,83.91435170927146,12.767051533711966,0.0070856482907285375,-0.1216730273011624,0.3218193143177551,-9.460122886807984,221.41043502281332,9.044958970055921,37.073392474962205,-1825.095409517436,0.023601654678304444
0.393,83.97514760785606,12.497627369671559,0.007024852392143947,-0.12150978969307172,0.33114743028494636,-9.349140678090707,222.5074976440246,8.857539233090899,36.79995888864916,-1822.6468453960758,0.023427581450828183
0.3935,84.03586071755262,12.231390312271138,0.0069641392824473765,-0.12134186362735454,0.3405730065562496,-9.237626348524401,223.53880526750373,8.671469397081829,36.51482877547234,-1820.1279544103181,0.02324606198308241
0.394,84.09648868198465,11.968355133114793,0.006903511318015346,-0.12116920058334933,0.35009520098311975,-9.12561294239729,224.50369664531698,8.486813743802529,36.218279832040466,-1817.53800875024,0.023057273062218962
0.3945,84.1570291206216,11.708535652507027,0.006842970879378401,-0.12099175246776751,0.35971314618442435,-9.01313382567296,225.40154649183208,8.303634973879998,35.910599422112135,-1814.8762870165126,0.02286139762968843
0.395,84.21747962899578,11.451944730497202,0.006782520371004231,-0.12080947162736703,0.36942594931668293,-8.90022266775954,226.23176647816712,8.121994163272968,35.59208423817364,-1812.1420744105055,0.022658624565793886
0.3955,84.27783777892552,11.198594258453637,0.00672216222107449,-0.12062231086174113,0.3792326918431098,-8.786913422787642,226.99380620324982,7.941950721453775,35.26303994705148,-1809.3346629261168,0.022449148464080842
0.396,84.33810111874487,10.948495151180683,0.0066618988812551325,-0.12043022343622325,0.3891324293014641,-8.673240310408792,227.6871541398757,7.763562351354018,34.92378082005098,-1806.4533515433486,0.02223316939587616
0.3965,84.3982671735397,10.701657339592863,0.006601732826460301,-0.12023316309490789,0.3991241910706931,-8.559237796127558,228.31133855414308,7.586885011133647,34.57462934815396,-1803.4974464236184,0.022010892665315276
0.397,84.45833344539034,10.45808976395861,0.006541666554609664,-0.12003108407378855,0.40920698013638107,-8.444940571180782,228.86592839665798,7.411972877829776,34.21591584284616,-1800.4662611068281,0.021782528555221045
0.3975,84.51829741362083,10.217800367727422,0.006481702586379166,-0.11982394111401345,0.4193797728549734,-8.330383531978887,229.35053416389138,7.238878312940614,33.847978023185945,-1797.3591167102018,0.021548292064223533
0.398,84.5781565350549,9.980796091951069,0.0064218434649451015,-0.11961168947525914,0.4296415187167997,-8.215601759123926,229.76480872809128,7.067651829995559,33.47116058976039,-1794.175342128887,0.021308402635532016
0.3985,84.63790824427852,9.7470828703128,0.006362091755721486,-0.1193942849492232,0.4399911401078691,-8.10063049602124,230.10844813415008,6.898342064162316,33.08581478621599,-1790.914274238348,0.021063083877796783
0.399,84.69754995390936,9.516665624774092,0.006302450046090645,-0.11917168387323612,0.4504275320704458,-7.985505127100979,230.3811923618473,6.730995743936789,32.6922979490826,-1787.5752580985418,0.02081256327851811
0.3995,84.75707905487302,9.289548261851142,0.006242920945126977,-0.11894384314399326,0.4609495620623977,-7.870261155667653,230.58282605189947,6.565657664960637,32.29097304664785,-1784.1576471598987,0.020557071910484663
0.4,84.8164929166862,9.065733669530719,0.006183507083313804,-0.1187107202314076,0.47155606971531333,-7.754934181395929,230.71317919426735,6.402370666007142,31.88220820766963,-1780.660803471114,0.020296844131742476
0.4005,84.87578888774672,8.845223714836111,0.006124211112253283,-0.11847227319258347,0.4822458665913747,-7.639559877492228,230.77212777718916,6.241175607174056,31.46637624074904,-1777.084097888752,0.020032117279618324
0.401,84.93496429563072,8.62801924205111,0.006065035704369282,-0.1182284606859123,0.4930177359390002,-7.524173967541626,230.7595943954371,6.082111350317369,31.043854145212542,-1773.4269102886847,0.019763131359337605
0.4015,84.9940164473968,8.414120071612126,0.006005983552603194,-0.11797924198529099,0.503870432447235,-7.408812202061369,230.67554881631568,5.925214741758696,30.6150226143858,-1769.6886297793649,0.019490128727798643
0.402,85.05294262989739,8.203524999675722,0.005947057370102605,-0.11772457699446309,0.5148026819988917,-7.293510334782186,230.52000850195316,5.770520597293876,30.18026553216454,-1765.8686549169463,0.019213353773079752
0.4025,85.11174011009724,7.9962317983692985,0.005888259889902751,-0.117464426261484,0.5258131814224354,-7.178304098679653,230.29303908646713,5.618061689527792,29.73996946381448,-1761.96639392226,0.018933052590272392
0.403,85.17040613539928,7.792237216731803,0.005829593864600728,-0.11719875099331034,0.5369005982426155,-7.063229181778598,229.99475480662653,5.467868737556648,29.294523141955708,-1757.9812648996551,0.018649472654248687
0.4035,85.22893793397763,7.591536982350534,0.0057710620660223685,-0.11692751307051463,0.5480635704298242,-6.948321202754065,229.62531888466447,5.319970399015131,28.84431694870645,-1753.9126960577196,0.01836286248998387
0.404,85.28733271511828,7.394125803699331,0.00571266728488172,-0.11665067506212501,0.5593007061481958,-6.833615686352998,229.1849438619421,5.174393264502287,28.389742394980523,-1749.760125931875,0.018073471341066776
0.4045,85.34558766956691,7.199997373183565,0.0056544123304330925,-0.11636820024059201,0.5706105835024259,-6.719148038661843,228.67389188221082,5.031161854396367,27.931191597949898,-1745.5230036088801,0.017781548837042166
0.405,85.40369996988443,7.00914437089525,0.0055963000301155665,-0.11608005259688164,0.5819917502833158,-6.60495352224522,228.0924749232624,4.890298618064473,27.469056757695604,-1741.2007889532247,0.01748734466023635
0.4055,85.46166677081006,6.821558469081924,0.00553833322918995,-0.11578619685569616,0.5934427237120403,-6.491067231181907,227.44105497581376,4.751823935469302,27.003729634082916,-1736.7929528354423,0.017191108212725577
0.406,85.51948520963194,6.637230337332198,0.005480514790368066,-0.11548659849082317,0.6049619901831146,-6.377524066025002,226.72004416852525,4.615756121171555,26.53560102490617,-1732.2989773623476,0.016893088284112727
0.40650000000000003,85.57715240656565,6.456149648478866,0.005422847593434351,-0.11518122374061356,0.6165480050060862,-6.264358708712968,225.92990483811036,4.48211143072151,26.065060246351365,-1727.7183561092033,0.0165935327207795
0.40700000000000003,85.63466546514033,6.278305085221458,0.005365334534859678,-0.11487003962358869,0.6281991921459203,-6.1516055974597235,225.07114954355177,4.350904069430606,25.592494616832163,-1723.0505943538303,0.01629268809728624
0.40750000000000003,85.69202147259267,6.103684347468295,0.005307978527407336,-0.11455301395417787,0.6399139439620876,-6.0392989016519,224.1443410235102,4.222146203509028,25.118288945253074,-1718.295209312668,0.015990799390590147
0.40800000000000003,85.74921750026887,5.93227416039672,0.005250782499731127,-0.11423011535858676,0.6516906209463461,-5.927472496781507,223.15009209607075,4.095847973550691,24.64282502474951,-1713.4517303788014,0.01568810965775017
0.40850000000000003,85.80625060403453,5.764060283230931,0.005193749395965471,-0.1139013132907968,0.663527551459216,-5.8161599394434385,222.0890655000476,3.9720175103442115,24.16648113295307,-1708.5196993619518,0.015384859717786033
0.40900000000000003,85.86311782469251,5.599027518734934,0.005136882175307495,-0.11356657804869726,0.675423031465139,-5.705394442427221,220.96197367714115,3.8506609529835285,23.689631539819768,-1703.4986707304588,0.015081287838351937
0.40950000000000003,85.91981618840899,5.437159723417007,0.005080183811591019,-0.11322588079034951,0.68737532426631,-5.595208849932359,219.76957849430983,3.7317824692474604,23.21264602404608,-1698.3882118552426,0.01477762942787746
0.41000000000000003,85.97634270714762,5.278439818442331,0.005023657292852376,-0.1128791935503852,0.6993826602352025,-5.485635612937729,218.51269090581036,3.6153842782143886,22.735889399087586,-1693.1879032557779,0.014474116733821646
0.41050000000000003,86.032694379112,5.122849801248472,0.004967305620888,-0.11252648925653809,0.7114432365457473,-5.376706764755011,217.19217055442797,3.501466675073326,22.259721049773386,-1687.8973388480713,0.014170978547672592
0.41100000000000003,86.08886818919629,4.970370757858452,0.004911131810803715,-0.11216774174631086,0.7235552169031914,-5.2684538967969585,215.808925311516,3.3900280580893924,21.784494480493365,-1682.5161261946628,0.01386843991731452
0.41150000000000003,86.14486110944435,4.820982875884365,0.00485513889055565,-0.11180292578377729,0.7357167312726092,-5.160908134590854,214.36391075553675,3.2810649576770055,21.310556875908016,-1677.0438867566593,0.013566721867366958
0.41200000000000003,86.20067009951727,4.674665458214245,0.004799329900482728,-0.11143201707652045,0.7479258756060769,-5.054100114068138,212.858129588899,3.1745720675308964,20.838248675107735,-1671.4802561478068,0.013266041128086142
0.41250000000000003,86.25629210716934,4.531396937374075,0.004743707892830652,-0.11105499229270768,0.7601807115684983,-4.948059958161168,211.29263099296952,3.070542277761076,20.36790316011846,-1665.8248843906151,0.012966609873399555
0.41300000000000003,86.31172406873269,4.391154890555314,0.004688275931267314,-0.11067182907830318,0.7724792662620791,-4.842817253737854,209.6685099212337,2.9689667099739143,19.899846059617726,-1660.0774361745478,0.012668635468623748
0.41350000000000003,86.36696290961044,4.253916055298067,0.004633037090389557,-0.11028250607441822,0.7848195319494411,-4.738401028905194,207.98690633067616,2.869834754238223,19.434395168691825,-1654.2375911162735,0.012372320228394212
0.41400000000000003,86.42200554477876,4.119656345818631,0.004577994455221241,-0.10988700293480065,0.7971994657753769,-4.6348397307124385,206.24900435155067,2.7731341078713934,18.971859985426235,-1648.3050440220097,0.012077861185311674
0.41450000000000004,86.47684887929746,3.988350869970083,0.004523151120702531,-0.10948530034346364,0.8096169894872404,-4.532161203284944,204.45603139581215,2.6788508159778277,18.512541365083962,-1642.2795051519545,0.011785449869785187
0.41500000000000004,86.53148980882969,3.8599739468222936,0.0044685101911703115,-0.10907738003245449,0.8220699891539641,-4.430392666418776,202.60925720457578,2.5869693136676286,18.056731192579335,-1636.1607004868172,0.011495272101522461
0.41550000000000004,86.58592522017028,3.7344991248486297,0.004414074779829712,-0.10866322479976447,0.8345563148836962,-4.329560694667022,200.70999283508633,2.4974724698816,17.604712073915643,-1629.948371996467,0.011207507793092987
0.41600000000000004,86.64015199178338,3.611899200703938,0.00435984800821662,-0.1082428185273801,0.8470737805400678,-4.229691196947315,198.7595895877715,2.4103416327443443,17.156757047201918,-1623.6422779107015,0.010922330765955583
0.41650000000000004,86.69416699434886,3.4921462385794255,0.004305833005651142,-0.10781614619947646,0.8596201634570602,-4.130809396701005,196.75943787407243,2.3255566763657383,16.71312931382075,-1617.242192992147,0.010639908579314518
0.41700000000000004,86.74796709131806,3.3752115901172166,0.004252032908681941,-0.10738319392075381,0.8721932041524959,-4.032939812632773,194.7109660258413,2.2430960490069634,16.274081990261323,-1610.747908811307,0.01036040237213152
0.41750000000000004,86.80154913947867,3.2610659148682295,0.004198450860521339,-0.1069439489349175,0.884790606040126,-3.9361062400600852,192.615639047211,2.1629368225259284,15.839857881083725,-1604.1592340237623,0.01008396671859036
0.41800000000000004,86.8549099895288,3.1496792012753962,0.004145090010471187,-0.10649839964330224,0.8974100351403191,-3.8403317329009754,190.4749573099514,2.0850547430140702,15.410689273423358,-1597.4759946495335,0.009810749497274306
0.41850000000000004,86.90804648666065,3.041020788163051,0.004091953513339352,-0.10604653562364141,0.9100491197893451,-3.7456385863277926,188.2904551934289,2.009424282534043,14.98679775338601,-1590.698034354621,0.009540891774279582
0.41900000000000004,86.96095547115321,2.9350593867138683,0.004039044528846793,-0.10558834764898217,0.9227054503472503,-3.652048320114907,186.0636996704111,1.9360186918667908,14.568394044630889,-1583.8252147347328,0.009274527700454145
0.41950000000000004,87.01363377897485,2.831763102912158,0.003986366221025152,-0.1051238277067467,0.9353765789043204,-3.5595816627064614,183.79628884004887,1.8648100541735242,14.155677869373545,-1576.8574156012005,0.009011784422909395
0.42000000000000004,87.06607824239524,2.73109946043317,0.003933921757604768,-0.10465296901794115,0.9480600189861186,-3.468258536030699,181.48985040949736,1.7957693394775998,13.748837831985998,-1569.7945352691172,0.008752782010917717
0.42050000000000004,87.11828569060695,2.6330354239564766,0.003881714309393051,-0.1041757660565115,0.9607532452571012,-3.3780980410859898,179.14604012573525,1.728866459869401,13.348051325307113,-1562.6364908476726,0.008497633396267806
0.42100000000000004,87.17025295035685,2.5375374228808236,0.003829747049643141,-0.10369221456884904,0.9734536932228071,-3.28911844432302,176.76654015925686,1.66407032533625,12.953484459715641,-1555.3832185327356,0.008246444328111174
0.42150000000000004,87.22197684658722,2.4445713754174005,0.003778023153412781,-0.10320231159344415,0.9861587589306113,-3.2013371648467324,174.35305744141442,1.6013489001185448,12.565292014956082,-1548.034673901662,0.00799931334229353
0.42200000000000004,87.27345420308669,2.3541027130379675,0.0037265457969133204,-0.10270605548069076,0.998865798669035,-3.1147707624610144,171.90732195730882,1.5406692594928142,12.183617414647006,-1540.5908322103614,0.0077563317451262775
0.42250000000000004,87.32468184315121,2.266096405252824,0.003675318156848783,-0.10220344591284114,1.0115721286656199,-3.029434926577373,169.4310849962121,1.481997646881336,11.808592723335822,-1533.051688692617,0.007517583611511529
0.42300000000000004,87.37565659025509,2.1805169846940187,0.003624343409744915,-0.10169448392411233,1.0242750247833479,-2.9453444660086636,166.92611736163084,1.4252995311883958,11.440338665905891,-1525.417258861685,0.007283145797297047
0.42350000000000004,87.42637526873186,2.0973285724782564,0.003573624731268147,-0.10117917192094442,1.0369717222156074,-2.86251329966762,164.39420754321537,1.3705396642631045,11.078964669079685,-1517.687578814166,0.007053087965697986
0.42400000000000004,87.47683470446562,2.0164949038227094,0.0035231652955343825,-0.10065751370241206,1.0496594151797043,-2.780954448188169,161.8371598528103,1.317682138388377,10.724568924697984,-1509.8627055361808,0.006827472627581667
0.42450000000000004,87.52703172559245,1.937979353887654,0.0034729682744075495,-0.10012951448078947,1.0623352566089004,-2.7006800264873743,159.25679252705953,1.2666904436970228,10.37723847440019,-1501.942717211842,0.006606355195376757
0.42500000000000004,87.57696316321217,1.8617449638185737,0.0034230368367878243,-0.09959518090226957,1.0749963578430006,-2.621701237283951,156.65493579906396,1.2175275254160607,10.037049315269535,-1493.9277135340435,0.00638978405032908
0.42550000000000004,87.62662585211054,1.7877544669598704,0.0033733741478894643,-0.09905452106783852,1.0876397883174416,-2.5440283655879883,154.0334299416804,1.1701558408412742,9.704066525949221,-1485.8178160175778,0.006177800622789659
0.42600000000000005,87.67601663149185,1.7159703152125685,0.0033239833685081532,-0.098507544554306,1.100262575250928,-2.467670774175755,151.3941232851555,1.1245374159456751,9.378344412683136,-1477.61316831459,0.005970439485187116
0.42650000000000005,87.72513234572219,1.6463547055072343,0.0032748676542778067,-0.09795426243549168,1.112861703331561,-2.3926369000613508,148.73887021185547,1.080633901526359,9.059926674677163,-1469.3139365323752,0.005767728457299954
0.42700000000000005,87.77396984508327,1.5788696063636067,0.003226030154916734,-0.09739468730356975,1.1254341144015019,-2.318934251976193,146.0695291309559,1.038406628796357,8.748846588128787,-1460.920309553546,0.005569688723413439
0.42750000000000005,87.8225259865369,1.5134767845080435,0.0031774740134630918,-0.09682883329057054,1.1379767071401146,-2.2465694088656747,143.38796043602372,0.9978166643298263,8.445127208221994,-1452.4324993585583,0.0053763349609135536
0.42800000000000005,87.87079763450045,1.4501378315190385,0.0031292023654995475,-0.0962567160900418,1.150486336745638,-2.1755480194103995,140.69602444849576,0.9588248642706552,8.148781588335627,-1443.850741350627,0.005187675479839365
0.42850000000000005,87.91878166163292,1.3888141904720772,0.003081218338367075,-0.09567835297886906,1.162959814615331,-2.1058748025788985,137.99557935014937,0.9213919277176299,7.859813015673568,-1435.1752946830359,0.00500371237288986
0.42900000000000005,87.9664749496322,1.3294671825535567,0.003033525050367793,-0.09509376283925637,1.1753939080241247,-2.0375535492159638,135.2884791076982,0.8854784492009444,7.578215262477935,-1426.4064425888455,0.004824441675351234
0.4295,88.01387439004321,1.27205803361444,0.002986125609956785,-0.09450296618086818,1.1877853398017477,-1.9705871246700863,132.57657139273405,0.8510449701682272,7.303972851952182,-1417.5444927130227,0.0046498535343887926
0.43,88.06097688507722,1.2165479006337216,0.0029390231149227777,-0.09390598516313267,1.2001307880083496,-1.9049774724613837,129.86169550027543,0.8180520294008443,7.037061337983221,-1408.58977744699,0.0044799323871235865
0.4305,88.10777934844232,1.1628978980619131,0.002892220651557683,-0.09330284361770853,1.2124268856085747,-1.8407256189899475,127.1456802692455,0.7864602122844332,6.777447597720128,-1399.542654265628,0.0043146571468938
0.431,88.1542787061852,1.1110691240147408,0.002845721293814807,-0.09269356707111401,1.2246702201441373,-1.7778316792827051,124.4303420082358,0.7562301988608756,6.525090136037591,-1390.4035060667102,0.004154001397082201
0.4315,88.20047189754426,1.0610226862873817,0.0027995281024557387,-0.09207818276752087,1.2368573334048356,-1.7162948637754196,121.71748242996473,0.7273228105924253,6.279939400887489,-1381.1727415128132,0.0039979335918751985
0.432,88.24635587581422,1.0127197281596525,0.002753644124185787,-0.09145671969171258,1.2489847210980423,-1.6561134861245475,119.00888659786234,0.6996990557722711,6.041938108519602,-1371.8507953756887,0.0038464172633047643
0.4325,88.2919276092221,0.9661214539627455,0.002708072390777903,-0.09082920859220885,1.261048832516645,-1.5972849720420919,116.30632088824862,0.6733201735196174,5.811021577534685,-1362.4381288831325,0.003699411233913235
0.433,88.33718408181501,0.921189154378257,0.0026628159181849944,-0.09019568200455601,1.27304607020544,-1.5398058691446663,113.61153097158333,0.6481476763011986,5.587118070718157,-1352.9352300683402,0.003556869834371394
0.4335,88.38212229435945,0.8778842314407286,0.0026178777056405558,-0.0895561742747847,1.2849727896259668,-1.483671857806525,110.92623981629052,0.6241433909253246,5.370149143593206,-1343.3426141217703,0.003418743125374269
0.434,88.42673926525248,0.8361682232149703,0.0025732607347475275,-0.08891072158303583,1.2968252988197855,-1.4288777630042278,108.25214571865753,0.6012694979584982,5.16002999862398,-1333.6608237455373,0.003284977123133889
0.4345,88.47103203144471,0.7960028281200763,0.0025289679685552963,-0.08825936196735493,1.3085998580701892,-1.3754175671391824,105.59092036231544,0.5794885695191176,4.956669843998127,-1323.8904295103239,0.0031555140277873426
0.435,88.51499764937523,0.7573499288722275,0.0024850023506247645,-0.08760213534765625,1.3202926795623446,-1.3232844238222536,102.9442069107941,0.558763605406913,4.759972255917679,-1314.0320302148439,0.003030292454038316
0.4355,88.55863319591862,0.7201716160190367,0.002441366804081381,-0.086939083549857,1.331899927041862,-1.272470672603128,100.31361813663423,0.5390580675313453,4.569835543333253,-1304.086253247855,0.0029092476633540984
0.436,88.60193576934392,0.6844302110386605,0.002398064230656079,-0.08627025033018303,1.3434177154717735,-1.2229678546252993,97.70073459051787,0.5203359126066142,4.386153114064896,-1294.0537549527453,0.0027923117970453525
0.4365,88.644902490286,0.6500882889773707,0.0023550975097140045,-0.085595681399646,1.3548421106879418,-1.1747667291857196,95.1071028138389,0.5025616230854196,4.208813841265133,-1283.93522099469,0.002679414109563735
0.437,88.68753050272903,0.6171087006000383,0.0023124694972709707,-0.08491542444869353,1.3661691290528595,-1.1278572911766003,92.53423359810748,0.48570023630825176,4.037702429196546,-1273.731366730403,0.0025704812013631357
0.4375,88.72981697500246,0.585454594028615,0.0022701830249975364,-0.08422952917203273,1.3773947371078707,-1.0822287893851243,89.98360029453158,0.4697173718495601,3.872699777316112,-1263.442937580491,0.002465437250682966
0.438,88.77175910078935,0.5550894358443919,0.0022282408992106415,-0.08353804729362817,1.3885148512237726,-1.037869745625143,87.45663717706412,0.4545792570467355,3.7136833416817994,-1253.0707094044224,0.002364204243626746
0.4385,88.81335410014731,0.5259770316305559,0.0021866458998526872,-0.08284103259187464,1.3995253372498269,-0.994767974673277,84.95473786214154,0.44025275070242187,3.560527492723849,-1242.6154888781195,0.002266702201926372
0.439,88.85459922054201,0.4980815459324743,0.0021454007794579925,-0.0821385409249462,1.4104220101611475,-0.9529106049803541,82.4792537882725,0.42670536495528466,3.413103868453715,-1232.078113874193,0.0021728494078019156
0.4395,88.89549173789347,0.47136752161390577,0.002104508262106529,-0.08143063025632158,1.4212006337044798,-0.912284100127451,80.0314927585536,0.4139052853188628,3.2712817222167554,-1221.4594538448237,0.0020825626253478603
0.44,88.93602895763514,0.44579989858816677,0.0020639710423648546,-0.08071736068048739,1.431856920042346,-0.8728742809942157,77.61271754909816,0.40182138889257324,3.134928264130702,-1210.7604102073108,0.0019957573178995846
0.4405,88.97620821578586,0.4213440319045738,0.0020237917842141416,-0.07999879444881945,1.4423865293955769,-0.8346663486060748,75.22414458628687,0.39042326075353084,3.0039089953928944,-1199.981916732292,0.0019123478608599545
0.441,89.01602688003477,0.3979657091709235,0.001983973119965226,-0.07927499599564335,1.4527850696841984,-0.7976449076248673,72.86694269561853,0.3796812085419218,2.8780880346784254,-1189.1249399346502,0.001832247749490839
0.4415,89.05548235083941,0.37563116729428864,0.0019445176491605834,-0.07854603196447502,1.4630480961666874,-0.7617939904466592,70.54223192485273,0.36956627525716057,2.7573284358980272,-1178.1904794671252,0.0017553698012040613
0.442,89.09457206253687,0.3543071085232086,0.0019054279374631296,-0.077811971234442,1.4731711110775785,-0.7270970818688713,68.25108244400496,0.3600502502860776,2.6414924966297315,-1167.1795685166298,0.001681626351915094
0.4425,89.13329348446823,0.333960715775538,0.001866706515531778,-0.07707288494688633,1.483149563263427,-0.6935371442876943,65.99451352463058,0.35110567868845527,2.530442056587212,-1156.0932742032949,0.0016109294460539055
0.443,89.17164412211636,0.31455966723730516,0.0018283558778836395,-0.07632884653214993,1.4929788478171122,-0.6610966433855363,63.77349260069835,0.3427058687691075,2.4240387855377694,-1144.932697982249,0.0015431910198592431
0.4435,89.20962151825721,0.2960721502191572,0.0017903784817427902,-0.07557993173654322,1.5026543057104855,-0.6297575742671857,61.58893441321429,0.3348248979694861,2.3221444601349353,-1133.698976048148,0.0014783230776157427
0.444,89.24722325412449,0.2784668742581475,0.0017527767458755052,-0.07482621864949773,1.5121712234253513,-0.5995014880023163,59.44170024060625,0.3274376171153839,2.2246212291835974,-1122.3932797424661,0.0014162378605269508
0.4445,89.28444695058813,0.26171308345382416,0.0017155530494118727,-0.07406778773090392,1.5215248325827762,-0.5703095185309645,57.332597216722135,0.32051965306074565,2.1313318669095613,-1111.0168159635587,0.001356848007951737
0.445,89.3212902693463,0.2457805680288803,0.0016787097306536901,-0.07330472183863429,1.5307103095707264,-0.5421624098877672,55.26237773813202,0.31404740977087686,2.04214001386039,-1099.5708275795143,0.0013000667107665308
0.4455,89.35775091413144,0.23063967510580022,0.0016422490858685544,-0.07253710625625363,1.5397227751700193,-0.5150405436998308,53.23173896224955,0.30799806789138856,1.9569104051193265,-1088.0565938438044,0.0012458078566508172
0.446,89.39382663192995,0.21626131869245727,0.0016061733680700495,-0.07176502872091628,1.5485572941785928,-0.4889239669126568,51.24132239762375,0.3023495828521922,1.8755090855706236,-1076.475430813744,0.001193986167129301
0.4465,89.42951521421607,0.20261698887065283,0.0015704847857839364,-0.07098857945145198,1.5572088750340796,-0.46379241969756296,49.291713587551314,0.29708068155843964,1.7978036120088348,-1064.8286917717796,0.00114451732623868
0.447,89.46481449819974,0.1896787601831361,0.0015351855018002573,-0.07020785117664066,1.5656724694346846,-0.43962536349376863,47.38344188798445,0.2921708577228727,1.7236632419408953,-1053.11776764961,0.00109731810072278
0.4475,89.49972236808875,0.17741929921591962,0.0015002776319112488,-0.06942293916367732,1.5739429719583617,-0.4164020091378012,45.5169803405105,0.287600365896289,1.652959108984216,-1041.3440874551598,0.0010523064516944518
0.448,89.53423675636502,0.16581187137407447,0.0014657632436349825,-0.06863394124682767,1.58201521968028,-0.39410134503253086,43.692745640980064,0.2833502142548831,1.5855643848179788,-1029.509118702415,0.0010094016377369657
0.4485,89.56835564507537,0.15483034685052324,0.0014316443549246215,-0.06784095785627557,1.5898839917885759,-0.3727021653078662,41.911098204154214,0.2794021562050435,1.5213544276975521,-1017.6143678441335,0.0009685243094512277
0.449,89.60207706713679,0.14444920578879045,0.0013979229328632125,-0.06704409204716295,1.597544009198391,-0.3521830979250932,40.172342324536885,0.2757386808678057,1.4602069175939243,-1005.6613807074443,0.0009295965954882118
0.4495,89.6353991076561,0.13464354264202955,0.0013646008923439052,-0.06624344952882313,1.604989934164179,-0.33252263267679827,38.476726433347004,0.2723430025065316,1.402001978070102,-993.651742932347,0.0008925421801378872
0.45,89.6683199052645,0.12538906973193367,0.0013316800947355085,-0.06543913869420849,1.612216369890286,-0.3136991490342474,36.824443451359244,0.2691990489624881,1.3466222850543286,-981.5870804131273,0.000857286372576399
0.4505,89.70083765346672,0.11666212001267014,0.0012991623465332823,-0.0646312706495132,1.619217860139796,-0.2956909437945309,35.21563123714003,0.2662914491639651,1.293953162717325,-969.4690597426979,0.0008237561679034155
0.451,89.73295060200513,0.10843964904620235,0.001267049397994872,-0.06381995924399204,1.625988888841633,-0.2784762584798569,33.65037312997013,0.26360551977519375,1.2438826667043061,-957.2993886598806,0.0007918803001292754
0.4515,89.76465705823873,0.10069923619680171,0.00123534294176128,-0.06300532109997602,1.632523879695918,-0.26203330644191475,32.128698586531414,0.2611272510517962,1.1963016550149992,-945.0798164996402,0.0007615892872986096
0.452,89.79595538853721,0.09341908505385346,0.001204044611462784,-0.062187475643085875,1.6388171957775757,-0.24634029962468074,30.650583910206848,0.258843291969695,1.1511038468641897,-932.8121346462881,0.0007328154689621278
0.4525,89.8268440196903,0.08657802309339561,0.0011731559803096988,-0.06136654513264404,1.6448631391381798,-0.23137547493968272,29.215953071618507,0.2567409346943993,1.1081858698922493,-920.4981769896606,0.0007054930362317739
0.453,89.85732144033213,0.08015550059018448,0.0011426785596678768,-0.06054265469228634,1.6506559504060387,-0.2171171202085675,27.824678618810584,0.2548080984573553,1.0674472961295058,-908.139820384295,0.0006795580546763562
0.4535,89.88738620238114,0.07413158879326237,0.0011126137976188609,-0.05971593234077385,1.6561898083845088,-0.20354359962849355,26.476582675247023,0.25303331290556513,1.028790667148907,-895.7389851116078,0.0006549484803342295
0.454,89.91703692249543,0.06848697737934695,0.0010829630775045752,-0.05888650902300627,1.6614588296485435,-0.19063337871698782,25.17143802358099,0.2514057009900243,0.9921215088701618,-883.2976353450939,0.0006316041691379038
0.4545,89.94627228354354,0.06320297119959592,0.001053727716456459,-0.058054518641237285,1.6664570681394442,-0.17836504869399616,23.908969272933298,0.24991496145765818,0.9573483365036971,-870.8177796185591,0.0006094668800614663
0.455,89.97509103609106,0.058261486336393636,0.0010249089639089467,-0.05722009808649309,1.6711785147578484,-0.16671735025986176,22.688854107184785,0.2485513510103221,0.9243826501441206,-858.3014712973963,0.0005884802723152917
0.4555,90.00349199990282,0.05364504548811634,0.0009965080000971815,-0.05638338727019487,1.6756170969549076,-0.15566919672953192,21.51072461159128,0.24730566619320576,0.8931389215425571,-845.7508090529229,0.0005685898969250498
0.456,90.03147406546113,0.049336772700798164,0.0009685259345388713,-0.05554452915598615,1.6797666783216803,-0.14519969648441428,20.374168674797268,0.24616922507348143,0.8635345726018215,-833.1679373397922,0.0005497431830413083
0.4565,90.05903619549983,0.045320387466837135,0.0009409638045001776,-0.054703669791765774,1.683621058176722,-0.13528817470506238,19.278731463135244,0.2451338487684469,0.8354899461515511,-820.5550468764866,0.0005318894193344033
0.457,90.08617742655447,0.04158019821183157,0.0009138225734455359,-0.05386095834192772,1.687173971151859,-0.1259141943493315,18.223916963884484,0.24419184288059614,0.8089282695689903,-807.9143751289158,0.0005149797308347121
0.4575,90.1128968705287,0.03810109519163134,0.0008871031294713055,-0.05301654711980838,1.690419086776164,-0.11705757634236225,17.209189593966503,0.24333597889511016,0.7837756118170581,-795.2482067971257,0.0004989670515822374
0.458,90.13919371627685,0.034868542822676526,0.0008608062837231431,-0.052170591620342294,1.6933500090580944,-0.10869841894665846,16.233975870372564,0.24255947559318364,0.7599608344744113,-782.5588743051344,0.0004838060934513769
0.4585,90.165067231203,0.0318685714695146,0.0008349327687969965,-0.051323250552927316,1.695960276065825,-0.10081711628229884,15.297666138425932,0.241855980532366,0.7374155373314739,-769.8487582939098,0.00046945331151628065
0.459,90.19051676287638,0.02908776871427693,0.0008094832371236113,-0.05047468587450008,1.6982433595057351,-0.09339437596943427,14.399616353816672,0.24121955164278164,0.7160739991235097,-757.1202881175012,0.00045586686632035234
0.4595,90.21554174066355,0.02651327013360401,0.0007844582593364506,-0.04962506282282263,1.700192664299069,-0.08641123586717377,13.539149914170315,0.2406446389856243,0.6958731139651771,-744.3759423423394,0.0004430065834092311
0.46,90.24014167737708,0.02413274960927447,0.0007598583226229161,-0.048774549949981184,1.701801528156753,-0.07984907988523278,12.715559535764754,0.24012606671781156,0.6767523240424496,-731.6182492497177,0.0004308339104811359
0.4605,90.26431617094123,0.02193440919939517,0.0007356838290587651,-0.047923319156098064,1.7030632211523615,-0.07368965284685931,11.92810917085507,0.2396590153040471,0.6586535491058323,-718.8497873414709,0.00041931187250085456
0.461,90.28806490607438,0.019906968597629925,0.0007119350939256223,-0.0470715457232574,1.7039709452932374,-0.06791507438393633,11.176035960937098,0.239239004014873,0.6415211132950196,-706.0731858488609,0.0004084050251148727
0.4615,90.31138765598853,0.01803965420842873,0.0006886123440114718,-0.04621940834964594,1.7045178340897476,-0.06250785184746473,10.458552221150356,0.2388618737465432,0.6253016698084487,-693.2911252446892,0.00039807940669452313
0.462,90.33428428410598,0.016322187866664315,0.0006657157158940252,-0.045367089183909574,1.7046969521226762,-0.057450892219052654,9.774847450907197,0.23852377019577753,0.609944123912607,-680.5063377586437,0.00038830248932218773
0.4625,90.35675474579314,0.01474477523050116,0.0006432452542068576,-0.04451477385972664,1.7045012946087488,-0.05272751301161515,9.124090365744403,0.23822112741965568,0.5953995547657213,-667.7216078958995,0.00037904312902271273
0.463,90.3787990901118,0.013298093876561041,0.0006212009098882046,-0.04366265153059903,1.7039237869642831,-0.04832145214986926,8.505430945292424,0.23795065180807873,0.5816211365075572,-654.9397729589854,0.0003702715155276151
0.4635,90.4004174615877,0.0119732811267412,0.000599582538412305,-0.04281091490486184,1.7029572843669534,-0.04421687682391633,7.91800249219761,0.23770930649341881,0.5685640590436132,-642.1637235729274,0.00036195912184473316
0.464,90.42161010199682,0.010761921636149033,0.0005783898980031863,-0.04195976028091262,1.7015945713156668,-0.04039839131169084,7.3609236967628,0.23749429621915774,0.5561854489262303,-629.3964042136893,0.0003540786538895778
0.4645,90.44237735216922,0.009656034771741184,0.0005576226478307822,-0.04110938758266122,1.6998283611885583,-0.03685104376878056,6.833300702037736,0.2373030526865394,0.544444290708997,-616.6408137399183,0.00034660400041799103
0.465,90.46271965381074,0.008648061811219918,0.0005372803461892657,-0.040260000395201063,1.697651295799073,-0.033560331986668655,6.3342291640515,0.23713322039550114,0.5333013491229482,-603.900005928016,0.00033951018348197533
0.4655,90.4826375513425,0.007730852991712187,0.0005173624486574938,-0.03941180600070284,1.6950559449501486,-0.030512208123205202,5.862796301877341,0.2369826429934595,0.5227190923952267,-591.1770900105427,0.000332773309612838
0.466,90.50213169375856,0.006897654437571243,0.0004978683062414502,-0.03856501541453165,1.6920348059864958,-0.02769308241167555,5.418082932212811,0.23684935014287117,0.5126616170016995,-578.4752312179749,0.0003263705219172182
0.4665,90.52120283650143,0.0061420949964529365,0.00047879716349856917,-0.037719843421588434,1.688580303344947,-0.02508982585756881,4.999165483187269,0.23673154491592496,0.5030945741162367,-565.7976513238265,0.0003202799532532439
0.467,90.53985184335616,0.005458173012492787,0.00046014815664383913,-0.03687650861287672,1.6846847881029008,-0.02268977193471577,4.605117982137523,0.23662759172221953,0.49398509798984414,-553.1476291931507,0.00031448068063527195
0.4675,90.55807968836244,0.00484024306506325,0.00044192031163755885,-0.036035233422295615,1.6803405375248226,-0.020480717295147364,4.235014012153991,0.23653600477288025,0.4853017364639368,-540.5285013344342,0.00030895268099726344
0.468,90.57588745774535,0.0042830027011198785,0.0004241125422546476,-0.03519624416366007,1.6755397546068238,-0.01845092150954744,3.887928632264094,0.2364554370822544,0.477014383792914,-527.9436624549011,0.000303676788426307
0.4685,90.59327635186462,0.003781479188641244,0.0004067236481353814,-0.03435977106794935,1.6702745676192976,-0.016589105857761473,3.56294025621379,0.2363846700061248,0.4690942159229434,-515.3965660192404,0.0002986346529598133
0.46900000000000003,90.61024768718255,0.003331016318065265,0.00038975231281745336,-0.03352604832078454,1.6645370296476047,-0.014884451191292579,3.259132484911955,0.23632260331328542,0.4615136283459758,-502.8907248117681,0.0002938087010221517
0.46950000000000003,90.62680289825076,0.002927261277966937,0.0003731971017492345,-0.03269531410013643,1.6583191181308192,-0.013326594892169627,2.975595887729106,0.23626824578535188,0.45424617662110833,-490.4297115020464,0.0002891820975593742
0.47000000000000003,90.64294353971587,0.0025661516304818876,0.0003570564602841234,-0.031867810614264226,1.6516127343985034,-0.011905626954918263,2.71142972798125,0.23622070633782868,0.4472665196292906,-478.01715921396334,0.0002847387099140393
0.47050000000000003,90.65867128834412,0.002243902411194134,0.00034132871165587015,-0.031043784139886694,1.644409703205537,-0.010612085220699225,2.465743628095228,0.2361791856537344,0.4405503656026572,-465.6567620983004,0.0002804630734664184
0.47100000000000003,90.67398794506525,0.0019569933773255764,0.0003260120549347542,-0.030223485060586017,1.6367017722649584,-0.009436949794837047,2.2376591701231123,0.23614296831949685,0.43407442094586857,-453.3522759087902,0.0002763403590531485
0.47150000000000003,90.6888954370355,0.0017021564271559124,0.0003111045629645036,-0.029407167905446088,1.6284806117788497,-0.008371636681129755,2.0263114274757945,0.2361114154513785,0.427816341844799,-441.10751858169135,0.00027235634216036733
0.47200000000000003,90.70339581972017,0.0014763632126020805,0.0002966041802798353,-0.028595091387925552,1.6197378139672276,-0.007407990668298977,1.8308504239525367,0.23608395779937452,0.4217546886368514,-428.9263708188833,0.0002684973738749525
0.47250000000000003,90.7174912789955,0.0012768129658580734,0.00028250872100449986,-0.027787518444967126,1.6104648925949563,-0.006538277505884258,1.6504425163790126,0.2360600893143509,0.4158688828981107,-416.8127766745069,0.0002647503535653556
0.47300000000000003,90.73118413327029,0.0011009205598898795,0.00026881586672971425,-0.026984716276343784,1.6006532824966648,-0.005755175408630067,1.484271697407236,0.23603936116314994,0.41013916718468174,-404.77074414515675,0.0002611027032521415
0.47350000000000003,90.74447683562714,0.0009463048214491108,0.0002555231643728591,-0.0261869563842431,1.5902943390996658,-0.005051765930110743,1.3315408152994581,0.23602137617549224,0.4045465673497948,-392.8043457636465,0.00025754234361831277
0.47400000000000003,90.75737197598367,0.0008107771140674773,0.0002426280240163258,-0.0253945146130906,1.5793793379448715,-0.00442152424781787,1.1914727077901641,0.2360057837057409,0.39907285734377523,-380.917719196359,0.00025405767160027444
0.47450000000000003,90.76987228327361,0.0006923302072761744,0.00023012771672639254,-0.024607671189613125,1.5678994742057009,-0.003858308903354678,1.0633112474201993,0.23599227489196706,0.39370052639168995,-369.1150678441969,0.0002506375394924746
0.47500000000000003,90.781980627648,0.0005891274470171899,0.00021801937235200656,-0.0238267107631433,1.555845862204966,-0.0033563510425784035,0.9463222960400934,0.23598057829425945,0.3884127484325463,-357.4006614471495,0.0002472712354917943
0.47550000000000003,90.79370002269664,0.0004994922409172259,0.00020629997730335552,-0.023051922446166,1.543209534929742,-0.002910243201616809,0.8397945665034117,0.2359704558938549,0.3831933536949948,-345.77883669248996,0.00024394846560207772
0.47600000000000003,90.8050336276899,0.0004218978707659215,0.00019496637231010368,-0.022283599855107982,1.5299814435442076,-0.002514927685592259,0.7430403899055151,0.2359616994344235,0.3780268022772014,-334.25399782661975,0.00024065933681455666
0.47650000000000003,90.81598474984082,0.0003549576431861778,0.000184015250159173,-0.021522041151371483,1.5161524569004479,-0.002165684587618376,0.655396387068561,0.23595412708671948,0.37289815959294376,-322.83061727057225,0.0002373943414763499
0.47700000000000004,90.82655684658805,0.00029741538811317174,0.0001734431534119456,-0.020767549082613024,1.5017133610472213,-0.001858119496194237,0.5762240433306012,0.23594758041779748,0.3677930735420299,-311.51323623919535,0.00023414434275670018
0.47750000000000004,90.83675352789923,0.00024813631331569173,0.00016324647210076612,-0.0200204310242683,1.4866548587366786,-0.0015881509395071945,0.5049101860647875,0.23594192164609393,0.3626977532608242,-300.3064653640245,0.00023090056111913908
0.47800000000000004,90.84657855859538,0.0002060982217989679,0.000153421441404619,-0.01928099902132425,1.4709675689290331,-0.0013519976153429586,0.44086736472926585,0.2359370311638708,0.35759894930778413,-289.2149853198638,0.0002276545617072078
0.47850000000000004,90.85603586069614,0.00017038309753281348,0.00014396413930385868,-0.018549569830339254,1.4546420262951676,-0.0011461654553066988,0.38353413363155486,0.23593280530881172,0.35248393513949416,-278.24354745508884,0.0002243982425517341
0.47900000000000004,90.86512951578614,0.00014016906355651071,0.0001348704842138663,-0.017826464961712602,1.4376686807171801,-0.0009674345718727215,0.3323752379808961,0.23592915436693906,0.3473404897346455,-267.39697442568905,0.00022112382350891424
0.47950000000000004,90.87386376740248,0.00011472271512660461,0.00012613623259751032,-0.017112010722204165,1.4200378967868619,-0.0008128461363936646,0.28688170419559933,0.23592600078948114,0.3421568812265697,-256.6801608330625,0.00021782383584046037
0.48000000000000004,90.88224302344372,9.339182920207701e-05,0.00011775697655628343,-0.01640653825770537,1.401739953302093,-0.0006796892356141697,0.24657083582867598,0.23592327760684534,0.33692185140921627,-246.09807386558052,0.00021449111234979933
0.48050000000000004,90.8902718586,7.559845021189952e-05,0.00010972814139999225,-0.015710383596262503,1.382765042761163,-0.0005654877534613447,0.21098611687555163,0.2359209270234442,0.33162460098688873,-235.65575394393753,0.00021111877799176313
0.48100000000000004,90.89795501680513,6.083235072100269e-05,0.00010204498319487049,-0.015023887691353316,1.3631032708549975,-0.0004679873238905303,0.1796970246234604,0.2359188991777724,0.3262547754442044,-225.35831537029972,0.0002077002408771258
0.48150000000000004,90.90529741371,4.864486431848759e-05,9.47025862899917e-05,-0.01434739646541815,1.342744655957292,-0.00038514239939926295,0.15229875460194903,0.2359171510528205,0.32080245141993036,-215.21094698127223,0.00020422918359791814
0.48200000000000004,90.91230413917815,3.864308679059257e-05,8.769586082185154e-05,-0.013681260853646402,1.3216791286125478,-0.0003151034784319341,0.12841186058414877,0.23591564552264555,0.3152581234759804,-205.21891280469603,0.00020069955480430952
0.48250000000000004,90.91898045980301,3.048444042661691e-05,8.101954019699368e-05,-0.013025836848019575,1.2998965310219963,-0.00025620453333488456,0.10768181297824278,0.2359143505216797,0.30961269116126544,-195.38755272029363,0.0001971055609691991
0.48300000000000004,90.92533182144746,2.387159513617986e-05,7.466817855254887e-05,-0.012381485541611868,1.2773866165274166,-0.00020695067875060042,0.08977847932706234,0.23591323832414313,0.30385744627880507,-185.722283124178,0.00019344165828220748
0.48350000000000004,90.93136385180544,1.854773894165068e-05,6.863614819456004e-05,-0.011748573173149394,1.2541390490928288,-0.0001660061183911079,0.07439553100497831,0.2359122849217222,0.2979840602736507,-176.2285975972409,0.00018970254462057917
0.48400000000000004,90.93708236298603,1.4292189352513823e-05,6.291763701396201e-05,-0.011127471171829066,1.2301434027840639,-0.00013218240599422655,0.06124978055937274,0.2359114694884865,0.2919845716685186,-166.91206757743598,0.00018588315155045805
0.48450000000000004,90.94249335411992,1.091633613553871e-05,5.750664588008748e-05,-0.01051855620239826,1.2053891612462042,-0.00010442705395659158,0.05008045448865742,0.23591077392281795,0.285851373483515,-157.7783430359739,0.00018197863631803584
0.48500000000000004,90.94760301398843,8.259905070235586e-06,5.2396986011567084e-05,-0.00992221021049626,1.1798657171788853,-8.181252065883496e-05,0.04064840657699234,0.2359101824569308,0.2795772005858751,-148.8331531574439,0.00017798437379614544
0.48550000000000004,90.95241772367551,6.187531427722534e-06,4.7582276324493465e-05,-0.00933882046825861,1.1535623718094554,-6.352560485845774e-05,0.032735277214661254,0.2359096813253453,0.2731551169250883,-140.08230702387914,0.0001738959483578898
0.48600000000000004,90.95694405924229,4.585631138301398e-06,4.305594075771698e-05,-0.008768779620185409,1.12646833436398,-4.8857272741634294e-05,0.026142604422013327,0.23590925848444946,0.2665785026181831,-131.53169430278115,0.00016970914565487844
0.48650000000000004,90.96118879442486,3.359556920935136e-06,3.881120557514131e-05,-0.008212485729274665,1.0985727215360996,-3.719294029552779e-05,0.020690892557765846,0.2359089033760293,0.25984104085904314,-123.18728593911999,0.00016541994428343948
0.48700000000000004,90.96515890335512,2.431026042461589e-06,3.4841096644885624e-05,-0.00767034232342172,1.069864556953717,-2.8003230614557394e-05,0.016218644930801253,0.23590860672836658,0.2529367046345514,-115.0551348513258,0.0001610245073278543
0.48750000000000004,90.96886156330481,1.7358058573695718e-06,3.1138436695180436e-05,-0.007142758442085923,1.0403327706435217,-2.0835222590064005e-05,0.01258136674224452,0.2359083603891895,0.24585974323892654,-107.14137663128885,0.0001565191737751174
0.48800000000000004,90.97230415745314,1.2216428541499345e-06,2.7695842546863077e-05,-0.0066301486832255375,1.0099661984933366,-1.5304204173719935e-05,0.009650544960185265,0.2359081571854123,0.23860466858581106,-99.45223024838306,0.00015190044980094124
0.48850000000000005,90.97549427767765,8.46420604155247e-07,2.4505722322338444e-05,-0.00613293325050206,0.9787535817122851,-1.1085940068378254e-05,0.007312611870306247,0.23590799080521757,0.23116624132553137,-91.9939987575309,0.00014716499993172916
0.48900000000000005,90.97843972736914,5.765317750016707e-07,2.15602726308699e-05,-0.005651538000754971,0.9466835662887726,-7.909460299884808e-06,0.005467899147210854,0.23590785569860048,0.22353945678231465,-84.77307001132456,0.00014230963809192996
0.48950000000000005,90.98114852426994,3.8544923501585834e-07,1.885147573006516e-05,-0.005186394491748057,0.9137447024462717,-5.550372685318756e-06,0.004029589352237057,0.23590774699303418,0.21571953073326314,-77.79591737622086,0.00013733131855065146
0.49000000000000005,90.98362890333658,2.524812382378176e-07,1.6371096663420655e-05,-0.004737940030188397,0.8799254440969112,-3.824698753325619e-06,0.0029226717786359465,0.23590766042139813,0.20770188505739315,-71.06910045282595,0.00013222712678555518
0.49050000000000005,90.98588931962621,1.6169574183428566e-07,1.4110680373788205e-05,-0.004306617720019091,0.8452141482928559,-2.583229218707205e-06,0.0020829095325305435,0.23590759225975955,0.19948213328917438,-64.59926580028636,0.00012699427028595373
0.49100000000000005,90.98793845120737,1.0099906855000762e-07,1.2061548792626568e-05,-0.0038928765109868526,0.8095990746754783,-1.7063916876980433e-06,0.0014558246530253051,0.23590753927299962,0.1910560661166736,-58.39314766480279,0.00012163006932064234
0.49150000000000005,90.9897852020951,6.13543850739244e-08,1.0214797904900269e-05,-0.003497171247485583,0.7730683849223086,-1.0996199015845428e-06,0.000995707934358124,0.23590749866663788,0.1824196368696844,-52.457568712283745,0.00011613194769935536
0.49200000000000005,90.99143870521051,3.612582078845104e-08,8.561294789487386e-06,-0.003119962717677015,0.7356101421917611,-6.892105423718014e-07,0.0006646599127725552,0.23590746804352516,0.17356894704811768,-46.799440765155225,0.00011049742355985347
0.49250000000000005,90.99290832536504,2.05344974489344e-08,7.091674634957575e-06,-0.002761717702889551,0.6972123105656312,-4.186504560359763e-07,0.0004316692167580671,0.23590744536435845,0.16450023194546282,-41.42576554334327,0.00010472410021553488
0.49300000000000005,90.99420366226941,1.1213275146032071e-08,5.79633773058083e-06,-0.002422909027296419,0.6578627544893523,-2.4539412976682665e-07,0.0002717341473308527,0.23590742891120983,0.15520984642634741,-36.343635409446286,9.880965710114855e-05
0.49350000000000005,90.99533455356757,5.847638635002509e-09,4.665446432427156e-06,-0.0021040156078742512,0.6175492382100124,-1.3806842419878258e-07,0.00016503295034368739,0.23590741725347425,0.14569425092115543,-31.56023411811377,9.275184085669126e-05
0.49400000000000005,90.99631107789558,2.8908450095281e-09,3.6889221044165684e-06,-0.0018055225046432278,0.5762594252121167,-7.407894785729518e-08,9.614776090427626e-05,0.23590740921580983,0.13594999770434707,-27.082837569648415,8.654845659191464e-05
0.49450000000000005,90.99714355796583,1.3422218185972636e-09,2.85644203417842e-06,-0.0015279209711898903,0.5339808776510986,-3.7590108524658013e-08,5.334663566528365e-05,0.23590740384779696,0.12597371752661102,-22.918814567848354,8.01973593760891e-05
0.49500000000000005,90.99784256367643,5.783359951510827e-10,2.1574363235784198e-06,-0.001271708505473778,0.4907010557845643,-1.784882758173066e-08,2.7927436782059765e-05,0.23590740039515634,0.11576210667429035,-19.07562758210667,7.369644599977839e-05
0.4955,90.99841891524623,2.276390348629907e-10,1.5810847537711876e-06,-0.0010373889009190219,0.4464073174012749,-7.820203783260543e-09,1.3626586032385306e-05,0.2359073982724669,0.10531191453272237,-15.560833513785328,6.70436470574159e-05
0.496,90.99888368637536,8.01220532978367e-11,1.1163136246352608e-06,-0.0008254722977919026,0.40108691724782863,-3.1021105742662965e-09,6.0948629933596915e-06,0.23590739703739586,0.09461993173323084,-12.382084466878538,6.023691940144551e-05
0.4965,90.99924820743155,2.447355045059518e-11,7.517925684481352e-07,-0.0006364752348658756,0.35472700645311017,-1.0848571411255833e-09,2.4414708190005078e-06,0.23590739636651878,0.08368297896659703,-9.547128522988134,5.32742390207561e-05
0.497,90.99952406866234,6.209304918735108e-12,4.759313376561783e-07,-0.000470920701374704,0.3073146319504026,-3.216925148554612e-10,8.465302319494996e-07,0.23590739603284558,0.07249789654884453,-7.063810520620561,4.6153594398053865e-05
0.4975,90.9997231234334,1.2225703844660382e-12,2.768765665959353e-07,-0.0003293381892552284,0.2588367358972287,-7.614229822268928e-11,2.409794637284975e-07,0.23590739588520815,0.061061534828287495,-4.940072838828426,3.887298040279953e-05
0.498,90.99985749149297,1.6670212685585854e-13,1.4250850702137414e-07,-0.00021226374568076553,0.20928015509288864,-1.3000904216944795e-11,5.154714752941995e-08,0.23590739582968726,0.04937074552589141,-3.183956185211483,3.1430392778310773e-05
0.4985,90.99993956226271,1.2715852986435685e-14,6.04377372915274e-08,-0.00012024002588631752,0.15863162039368706,-1.3245991135892585e-12,7.018061855612229e-09,0.2359073958132767,0.037422374104207325,-1.8036003882947627,2.382382328367494e-05
0.499,90.99998199815492,3.3602614837871627e-16,1.8001845072338445e-08,-5.381634628674435e-05,0.10687775612584867,-5.259793926295593e-14,4.1893989539138195e-10,0.23590739580999706,0.02521325326344974,-0.8072451943011653,1.605125555322355e-05
0.4995,90.99999773791659,6.6672734909817165e-19,2.2620834059377088e-09,-1.3548737889057627e-05,0.05400507949611257,-2.090918468894501e-16,3.3381462004110737e-12,0.23590739580968284,0.012740197666724365,-0.2032310683358644,8.110661738508057e-06
0.5,91.0,0.0,0.0,-0.0,0.0,-0.0,0.0,0.2359073958096778,0.0,-0.0,0.0
0.5005000000000001,90.99999773791659,6.6672734909817165e-19,2.26208340593846e-09,1.3548737889060624e-05,0.054005079496118505,2.0909184688949635e-16,3.338146200412273e-12,0.23590739580968284,0.012740197666725765,0.20323106833590937,8.110661738508947e-06
0.501,90.99998199815492,3.3602614837871627e-16,1.8001845072338445e-08,5.381634628674435e-05,0.10687775612584867,5.259793926295593e-14,4.1893989539138195e-10,0.23590739580999706,0.02521325326344974,0.8072451943011653,1.605125555322355e-05
0.5015000000000001,90.99993956226271,1.2715852986435685e-14,6.043773729153408e-08,0.00012024002588632635,0.15863162039369275,1.3245991135893558e-12,7.018061855613066e-09,0.2359073958132767,0.037422374104208664,1.8036003882948954,2.3823823283675793e-05
0.502,90.99985749149297,1.6670212685585854e-13,1.4250850702137414e-07,0.00021226374568076553,0.20928015509288864,1.3000904216944795e-11,5.154714752941995e-08,0.23590739582968726,0.04937074552589141,3.183956185211483,3.1430392778310773e-05
0.5025000000000001,90.9997231234334,1.2225703844660382e-12,2.7687656659595355e-07,0.0003293381892552427,0.2588367358972342,7.614229822269259e-11,2.409794637285145e-07,0.23590739588520815,0.061061534828288785,4.94007283882864,3.887298040280035e-05
0.503,90.99952406866234,6.209304918735108e-12,4.759313376561783e-07,0.000470920701374704,0.3073146319504026,3.216925148554612e-10,8.465302319494996e-07,0.23590739603284558,0.07249789654884453,7.063810520620561,4.6153594398053865e-05
0.5035000000000001,90.99924820743155,2.447355045059518e-11,7.517925684481704e-07,0.0006364752348658951,0.3547270064531154,1.0848571411256166e-09,2.4414708190006293e-06,0.23590739636651878,0.08368297896659825,9.547128522988427,5.327423902075688e-05
0.504,90.99888368637536,8.01220532978367e-11,1.1163136246352608e-06,0.0008254722977919026,0.40108691724782863,3.1021105742662965e-09,6.0948629933596915e-06,0.23590739703739586,0.09461993173323084,12.382084466878538,6.023691940144551e-05
0.5045000000000001,90.99841891524623,2.276390348629907e-10,1.5810847537712452e-06,0.0010373889009190468,0.44640731740127987,7.820203783260732e-09,1.3626586032385836e-05,0.2359073982724669,0.10531191453272355,15.560833513785703,6.704364705741666e-05
0.505,90.99784256367643,5.783359951510827e-10,2.15743632357849e-06,0.001271708505473805,0.49070105578456913,1.784882758173104e-08,2.7927436782060734e-05,0.23590740039515634,0.11576210667429149,19.075627582107074,7.369644599977912e-05
0.5055000000000001,90.99714355796583,1.3422218185972636e-09,2.856442034178589e-06,0.0015279209711899497,0.5339808776511082,3.7590108524659476e-08,5.334663566528701e-05,0.23590740384779696,0.1259737175266133,22.918814567849246,8.019735937609055e-05
0.506,90.99631107789558,2.8908450095281e-09,3.6889221044166683e-06,0.0018055225046432592,0.5762594252121214,7.407894785729648e-08,9.614776090427897e-05,0.23590740921580983,0.13594999770434818,27.082837569648888,8.654845659191534e-05
0.5065000000000001,90.99533455356757,5.847638635002509e-09,4.665446432427391e-06,0.0021040156078743193,0.6175492382100214,1.3806842419878706e-07,0.00016503295034369603,0.23590741725347425,0.14569425092115756,31.56023411811479,9.27518408566926e-05
0.507,90.99420366226941,1.1213275146032071e-08,5.796337730580965e-06,0.0024229090272964555,0.6578627544893569,2.453941297668303e-07,0.00027173414733085936,0.23590742891120983,0.15520984642634852,36.343635409446826,9.880965710114927e-05
0.5075000000000001,90.99290832536504,2.05344974489344e-08,7.091674634957881e-06,0.0027617177028896292,0.6972123105656398,4.186504560359881e-07,0.0004316692167580869,0.23590744536435845,0.16450023194546487,41.42576554334443,0.0001047241002155362
0.508,90.99143870521051,3.612582078845104e-08,8.561294789487559e-06,0.003119962717677057,0.7356101421917653,6.892105423718107e-07,0.0006646599127725696,0.23590746804352516,0.17356894704811868,46.79944076515585,0.00011049742355985408
0.5085000000000001,90.9897852020951,6.13543850739244e-08,1.0214797904900655e-05,0.00349717124748567,0.7730683849223167,1.0996199015845702e-06,0.000995707934358164,0.23590749866663788,0.18241963686968632,52.457568712285045,0.00011613194769935656
0.509,90.98793845120737,1.0099906855000762e-07,1.2061548792626789e-05,0.0038928765109868973,0.8095990746754824,1.7063916876980628e-06,0.001455824653025332,0.23590753927299962,0.19105606611667458,58.39314766480346,0.00012163006932064295
0.5095000000000001,90.98588931962621,1.6169574183428566e-07,1.4110680373788683e-05,0.0043066177200191845,0.8452141482928636,2.5832292187072615e-06,0.002082909532530617,0.23590759225975955,0.1994821332891762,64.59926580028777,0.00012699427028595487
0.51,90.98362890333658,2.524812382378176e-07,1.637109666342092e-05,0.004737940030188446,0.879925444096915,3.824698753325658e-06,0.002922671778635995,0.23590766042139813,0.20770188505739404,71.06910045282669,0.00013222712678555575
0.5105000000000001,90.98114852426994,3.8544923501585834e-07,1.8851475730065733e-05,0.005186394491748157,0.9137447024462794,5.550372685318863e-06,0.004029589352237184,0.23590774699303418,0.21571953073326494,77.79591737622236,0.0001373313185506526
0.511,90.97843972736914,5.765317750016707e-07,2.156027263087021e-05,0.005651538000755021,0.9466835662887763,7.90946029988488e-06,0.005467899147210934,0.23590785569860048,0.22353945678231552,84.77307001132532,0.0001423096380919305
0.5115000000000001,90.97549427767765,8.46420604155247e-07,2.450572232233912e-05,0.0061329332505021695,0.9787535817122922,1.108594006837845e-05,0.007312611870306457,0.23590799080521757,0.23116624132553304,91.99399875753254,0.00014716499993173022
0.512,90.97230415745314,1.2216428541499345e-06,2.769584254686345e-05,0.006630148683225595,1.0099661984933401,1.5304204173720067e-05,0.0096505449601854,0.2359081571854123,0.23860466858581192,99.45223024838393,0.00015190044980094178
0.5125000000000001,90.96886156330481,1.7358058573695718e-06,3.113843669518123e-05,0.007142758442086039,1.0403327706435284,2.0835222590064344e-05,0.012581366742244847,0.2359083603891895,0.2458597432389281,107.14137663129058,0.0001565191737751184
0.513,90.96515890335512,2.431026042461589e-06,3.4841096644886044e-05,0.007670342323421781,1.0698645569537204,2.8003230614557618e-05,0.016218644930801458,0.23590860672836658,0.2529367046345522,115.0551348513267,0.00016102450732785478
0.5135000000000001,90.96118879442486,3.359556920935136e-06,3.881120557514223e-05,0.008212485729274787,1.0985727215361059,3.719294029552834e-05,0.020690892557766336,0.2359089033760293,0.25984104085904464,123.1872859391218,0.0001654199442834404
0.514,90.95694405924229,4.585631138301398e-06,4.305594075771746e-05,0.008768779620185472,1.1264683343639832,4.885727274163464e-05,0.02614260442201363,0.23590925848444946,0.2665785026181839,131.53169430278209,0.00016970914565487893
0.5145000000000001,90.95241772367551,6.187531427722534e-06,4.758227632449448e-05,0.009338820468258738,1.1535623718094612,6.35256048584586e-05,0.03273527721466198,0.2359096813253453,0.27315511692508965,140.08230702388107,0.00017389594835789065
0.515,90.94760301398843,8.259905070235586e-06,5.2396986011567626e-05,0.009922210210496328,1.1798657171788882,8.181252065883551e-05,0.040648406576992785,0.2359101824569308,0.2795772005858758,148.8331531574449,0.0001779843737961459
0.5155000000000001,90.94249335411992,1.091633613553871e-05,5.750664588008864e-05,0.010518556202398393,1.2053891612462095,0.00010442705395659289,0.05008045448865844,0.23591077392281795,0.2858513734835163,157.7783430359759,0.00018197863631803663
0.516,90.93708236298603,1.4292189352513823e-05,6.291763701396264e-05,0.011127471171829134,1.2301434027840663,0.00013218240599422733,0.061249780559373336,0.2359114694884865,0.29198457166851916,166.912067577437,0.00018588315155045843
0.5165000000000001,90.93136385180544,1.854773894165068e-05,6.863614819456134e-05,0.011748573173149533,1.2541390490928341,0.00016600611839110989,0.07439553100497973,0.2359122849217222,0.297984060273652,176.22859759724298,0.00018970254462057998
0.517,90.92533182144746,2.387159513617986e-05,7.466817855254957e-05,0.012381485541611942,1.2773866165274197,0.00020695067875060167,0.08977847932706322,0.23591323832414313,0.3038574462788058,185.7222831241791,0.0001934416582822079
0.5175000000000001,90.91898045980301,3.048444042661691e-05,8.101954019699513e-05,0.013025836848019723,1.2998965310220012,0.00025620453333488743,0.10768181297824474,0.2359143505216797,0.3096126911612666,195.38755272029584,0.00019710556096919985
0.518,90.91230413917815,3.864308679059257e-05,8.769586082185234e-05,0.013681260853646475,1.3216791286125502,0.0003151034784319358,0.12841186058414988,0.23591564552264555,0.315258123475981,205.2189128046971,0.00020069955480430987
0.5185000000000001,90.90529741371,4.864486431848759e-05,9.470258628999328e-05,0.0143473964654183,1.3427446559572966,0.00038514239939926696,0.15229875460195155,0.2359171510528205,0.32080245141993147,215.21094698127447,0.00020422918359791885
0.519,90.89795501680513,6.083235072100269e-05,0.00010204498319487133,0.015023887691353394,1.3631032708549997,0.0004679873238905327,0.17969702462346188,0.2359188991777724,0.32625477544420495,225.3583153703009,0.00020770024087712611
0.5195000000000001,90.8902718586,7.559845021189952e-05,0.00010972814139999396,0.015710383596262655,1.3827650427611675,0.0005654877534613501,0.21098611687555496,0.2359209270234442,0.3316246009868898,235.65575394393983,0.00021111877799176378
0.52,90.88224302344372,9.339182920207701e-05,0.00011775697655628438,0.01640653825770545,1.401739953302095,0.0006796892356141731,0.24657083582867792,0.23592327760684534,0.33692185140921677,246.09807386558174,0.00021449111234979966
0.5205000000000001,90.87386376740248,0.00011472271512660461,0.00012613623259751224,0.01711201072220432,1.4200378967868656,0.000812846136393672,0.28688170419560355,0.23592600078948114,0.34215688122657056,256.6801608330648,0.00021782383584046094
0.521,90.86512951578614,0.00014016906355651071,0.0001348704842138673,0.017826464961712682,1.437668680717182,0.0009674345718727258,0.33237523798089846,0.23592915436693906,0.34734048973464593,267.3969744256902,0.0002211238235089145
0.5215000000000001,90.85603586069614,0.00017038309753281348,0.00014396413930386074,0.018549569830339414,1.4546420262951711,0.0011461654553067088,0.3835341336315601,0.23593280530881172,0.352483935139495,278.24354745509123,0.0002243982425517346
0.522,90.84657855859538,0.0002060982217989679,0.0001534214414046201,0.01928099902132433,1.4709675689290347,0.0013519976153429643,0.44086736472926874,0.2359370311638708,0.3575989493077845,289.2149853198649,0.00022765456170720808
0.5225000000000001,90.83675352789923,0.00024813631331569173,0.00016324647210076837,0.020020431024268467,1.486654858736682,0.0015881509395072077,0.5049101860647942,0.23594192164609393,0.36269775326082504,300.306465364027,0.00023090056111913965
0.523,90.82655684658805,0.00029741538811317174,0.00017344315341194673,0.020767549082613104,1.5017133610472229,0.0018581194961942442,0.5762240433306047,0.23594758041779748,0.3677930735420302,311.51323623919654,0.0002341443427567004
0.5235000000000001,90.81598474984082,0.0003549576431861778,0.00018401525015917535,0.021522041151371647,1.516152456900451,0.002165684587618392,0.6553963870685688,0.23595412708671948,0.3728981595929445,322.8306172705747,0.00023739434147635033
0.524,90.8050336276899,0.0004218978707659215,0.00019496637231010492,0.022283599855108062,1.5299814435442094,0.002514927685592268,0.7430403899055193,0.2359616994344235,0.37802680227720187,334.2539978266209,0.00024065933681455693
0.5245000000000001,90.79370002269664,0.0004994922409172259,0.0002062999773033581,0.02305192244616617,1.543209534929745,0.0029102432016168307,0.8397945665034214,0.2359704558938549,0.38319335369499546,345.7788366924925,0.00024394846560207812
0.525,90.781980627648,0.0005891274470171899,0.00021801937235200786,0.023826710763143376,1.555845862204967,0.0033563510425784144,0.9463222960400981,0.23598057829425945,0.38841274843254653,357.40066144715064,0.00024727123549179444
0.5255000000000001,90.7698722832736,0.0006923302072763019,0.00023012771672639525,0.0246076711896133,1.567899474205703,0.003858308903355178,1.0633112474202904,0.23599227489196706,0.39370052639169334,369.1150678441994,0.0002506375394924768
0.526,90.75737197598367,0.0008107771140674773,0.00024262802401632723,0.02539451461309069,1.5793793379448728,0.004421524247817886,1.1914727077901708,0.2360057837057409,0.39907285734377557,380.91771919636034,0.00025405767160027466
0.5265000000000001,90.74447683562714,0.0009463048214491108,0.000255523164372862,0.026186956384243277,1.5902943390996682,0.005051765930110777,1.3315408152994723,0.23602137617549224,0.4045465673497954,392.8043457636491,0.00025754234361831315
0.527,90.73118413327029,0.0011009205598898795,0.00026881586672971577,0.026984716276343874,1.600653282496666,0.005755175408630087,1.4842716974072439,0.23603936116314994,0.410139167184682,404.7707441451581,0.00026110270325214167
0.5275000000000001,90.7174912789955,0.0012768129658580734,0.000282508721004503,0.027787518444967307,1.6104648925949587,0.006538277505884301,1.6504425163790297,0.2360600893143509,0.4158688828981113,416.8127766745096,0.000264750353565356
0.528,90.70339581972016,0.0014763632126022917,0.0002966041802798369,0.02859509138792565,1.619737813967229,0.007407990668299702,1.8308504239526515,0.2360839577993746,0.42175468863685556,428.9263708188847,0.00026849737387495517
0.5285000000000001,90.6888954370355,0.0017021564271559124,0.0003111045629645068,0.029407167905446268,1.628480611778852,0.008371636681129807,2.0263114274758145,0.2361114154513785,0.4278163418447996,441.10751858169397,0.0002723563421603677
0.529,90.67398794506525,0.0019569933773255764,0.000326012054934756,0.030223485060586107,1.6367017722649595,0.009436949794837076,2.237659170123123,0.23614296831949685,0.4340744209458689,453.3522759087916,0.0002763403590531488
0.5295,90.65867128834412,0.002243902411194134,0.00034132871165587015,0.031043784139886694,1.644409703205537,0.010612085220699225,2.465743628095228,0.2361791856537344,0.4405503656026572,465.6567620983004,0.0002804630734664184
0.53,90.64294353971587,0.0025661516304818876,0.0003570564602841252,0.03186781061426432,1.6516127343985045,0.0119056269549183,2.7114297279812636,0.23622070633782868,0.4472665196292908,478.0171592139649,0.0002847387099140395
0.5305,90.62680289825076,0.002927261277966937,0.0003731971017492345,0.03269531410013643,1.6583191181308192,0.013326594892169627,2.975595887729106,0.23626824578535188,0.45424617662110833,490.4297115020464,0.0002891820975593742
0.531,90.61024768718255,0.003331016318065265,0.0003897523128174553,0.03352604832078463,1.6645370296476054,0.014884451191292619,3.2591324849119685,0.23632260331328542,0.461513628345976,502.8907248117694,0.0002938087010221518
0.5315,90.59327635186462,0.003781479188641244,0.0004067236481353814,0.03435977106794935,1.6702745676192976,0.016589105857761473,3.56294025621379,0.2363846700061248,0.4690942159229434,515.3965660192404,0.0002986346529598133
0.532,90.57588745774535,0.0042830027011198785,0.00042411254225464964,0.03519624416366017,1.6755397546068245,0.01845092150954749,3.887928632264111,0.2364554370822544,0.4770143837929141,527.9436624549026,0.00030367678842630705
0.5325,90.55807968836244,0.00484024306506325,0.00044192031163755885,0.036035233422295615,1.6803405375248226,0.020480717295147364,4.235014012153991,0.23653600477288025,0.4853017364639368,540.5285013344342,0.00030895268099726344
0.533,90.53985184335616,0.005458173012492787,0.00046014815664384103,0.03687650861287681,1.684684788102901,0.022689771934715827,4.605117982137541,0.23662759172221953,0.49398509798984414,553.147629193152,0.00031448068063527195
0.5335,90.52120283650143,0.0061420949964529365,0.00047879716349856917,0.037719843421588434,1.688580303344947,0.02508982585756881,4.999165483187269,0.23673154491592496,0.5030945741162367,565.7976513238265,0.0003202799532532439
0.534,90.50213169375854,0.006897654437571824,0.0004978683062414522,0.03856501541453175,1.6920348059864958,0.02769308241167716,5.418082932213012,0.23684935014287123,0.512661617001706,578.4752312179762,0.00032637052191722226
0.5345,90.4826375513425,0.007730852991712187,0.0005173624486574938,0.03941180600070284,1.6950559449501486,0.030512208123205202,5.862796301877341,0.2369826429934595,0.5227190923952267,591.1770900105427,0.000332773309612838
0.535,90.46271965381074,0.008648061811219918,0.0005372803461892679,0.04026000039520116,1.6976512957990728,0.03356033198666874,6.334229164051523,0.23713322039550114,0.5333013491229482,603.9000059280174,0.00033951018348197533
0.5355,90.44237735216922,0.009656034771741184,0.0005576226478307822,0.04110938758266122,1.6998283611885583,0.03685104376878056,6.833300702037736,0.2373030526865394,0.544444290708997,616.6408137399183,0.00034660400041799103
0.536,90.4216101019968,0.01076192163614982,0.0005783898980031885,0.0419597602809127,1.7015945713156673,0.04039839131169286,7.360923696763033,0.23749429621915785,0.5561854489262381,629.3964042136905,0.0003540786538895828
0.5365,90.4004174615877,0.0119732811267412,0.000599582538412305,0.04281091490486184,1.7029572843669534,0.04421687682391633,7.91800249219761,0.23770930649341881,0.5685640590436132,642.1637235729274,0.00036195912184473316
0.537,90.3787990901118,0.013298093876561041,0.000621200909888207,0.043662651530599124,1.7039237869642836,0.04832145214986936,8.505430945292455,0.23795065180807873,0.5816211365075573,654.9397729589869,0.00037027151552761515
0.5375,90.35675474579314,0.01474477523050116,0.0006432452542068576,0.04451477385972664,1.7045012946087488,0.05272751301161515,9.124090365744403,0.23822112741965568,0.5953995547657213,667.7216078958995,0.00037904312902271273
0.538,90.33428428410598,0.016322187866664315,0.0006657157158940274,0.04536708918390966,1.7046969521226756,0.05745089221905276,9.774847450907224,0.23852377019577753,0.6099441239126069,680.5063377586449,0.0003883024893221877
0.5385,90.31138765598853,0.01803965420842873,0.0006886123440114718,0.04621940834964594,1.7045178340897476,0.06250785184746473,10.458552221150356,0.2388618737465432,0.6253016698084487,693.2911252446892,0.00039807940669452313
0.539,90.28806490607437,0.019906968597631094,0.000711935093925625,0.047071545723257495,1.7039709452932372,0.06791507438393911,11.176035960937384,0.2392390040148732,0.6415211132950294,706.0731858488624,0.000408405025114879
0.5395,90.26431617094123,0.02193440919939517,0.0007356838290587651,0.047923319156098064,1.7030632211523615,0.07368965284685931,11.92810917085507,0.2396590153040471,0.6586535491058323,718.8497873414709,0.00041931187250085456
0.54,90.24014167737708,0.02413274960927447,0.0007598583226229186,0.048774549949981275,1.701801528156752,0.07984907988523293,12.715559535764791,0.24012606671781156,0.6767523240424493,731.618249249719,0.00043083391048113573
0.5405,90.21554174066355,0.02651327013360401,0.0007844582593364506,0.04962506282282263,1.700192664299069,0.08641123586717377,13.539149914170315,0.2406446389856243,0.6958731139651771,744.3759423423394,0.0004430065834092311
0.541,90.19051676287638,0.02908776871427693,0.0008094832371236141,0.05047468587450017,1.6982433595057345,0.09339437596943444,14.39961635381671,0.24121955164278164,0.7160739991235097,757.1202881175025,0.00045586686632035234
0.5415,90.165067231203,0.0318685714695146,0.0008349327687969965,0.051323250552927316,1.695960276065825,0.10081711628229884,15.297666138425932,0.241855980532366,0.7374155373314739,769.8487582939098,0.00046945331151628065
0.542,90.13919371627685,0.034868542822676526,0.000860806283723146,0.05217059162034239,1.6933500090580942,0.10869841894665866,16.233975870372614,0.24255947559318364,0.7599608344744115,782.5588743051358,0.00048380609345137704
0.5425,90.1128968705287,0.03810109519163134,0.0008871031294713055,0.05301654711980838,1.690419086776164,0.11705757634236225,17.209189593966503,0.24333597889511016,0.7837756118170581,795.2482067971257,0.0004989670515822374
0.543,90.08617742655446,0.04158019821183347,0.0009138225734455389,0.05386095834192782,1.6871739711518587,0.1259141943493355,18.223916963884854,0.24419184288059653,0.8089282695690038,807.9143751289173,0.0005149797308347207
0.5435,90.05903619549983,0.045320387466837135,0.0009409638045001776,0.054703669791765774,1.683621058176722,0.13528817470506238,19.278731463135244,0.2451338487684469,0.8354899461515511,820.5550468764866,0.0005318894193344033
0.544,90.03147406546113,0.049336772700798164,0.0009685259345388744,0.05554452915598624,1.6797666783216798,0.1451996964844145,20.374168674797318,0.24616922507348143,0.8635345726018218,833.1679373397935,0.0005497431830413085
0.5445,90.00349199990282,0.05364504548811634,0.0009965080000971815,0.05638338727019487,1.6756170969549076,0.15566919672953192,21.51072461159128,0.24730566619320576,0.8931389215425571,845.7508090529229,0.0005685898969250498
0.545,89.97509103609104,0.05826148633639601,0.0010249089639089498,0.05722009808649317,1.6711785147578477,0.16671735025986645,22.68885410718518,0.24855135101032266,0.9243826501441361,858.3014712973975,0.0005884802723153016
0.5455,89.94627228354354,0.06320297119959592,0.001053727716456459,0.058054518641237285,1.6664570681394442,0.17836504869399616,23.908969272933298,0.24991496145765818,0.9573483365036971,870.8177796185591,0.0006094668800614663
0.546,89.91703692249543,0.06848697737934695,0.0010829630775045782,0.058886509023006364,1.661458829648543,0.19063337871698816,25.17143802358105,0.2514057009900243,0.992121508870162,883.2976353450954,0.0006316041691379039
0.5465,89.88738620238114,0.07413158879326237,0.0011126137976188609,0.05971593234077385,1.6561898083845088,0.20354359962849355,26.476582675247023,0.25303331290556513,1.028790667148907,895.7389851116078,0.0006549484803342295
0.547,89.85732144033211,0.0801555005901874,0.00114267855966788,0.06054265469228643,1.6506559504060374,0.217117120208573,27.824678618811014,0.25480809845735614,1.0674472961295236,908.1398203842964,0.0006795580546763676
0.5475,89.8268440196903,0.08657802309339561,0.0011731559803096988,0.06136654513264404,1.6448631391381798,0.23137547493968272,29.215953071618507,0.2567409346943993,1.1081858698922493,920.4981769896606,0.0007054930362317739
0.548,89.79595538853721,0.09341908505385346,0.0012040446114627878,0.06218747564308595,1.6388171957775748,0.24634029962468104,30.650583910206905,0.258843291969695,1.1511038468641897,932.8121346462893,0.0007328154689621278
0.5485,89.76465705823873,0.10069923619680171,0.00123534294176128,0.06300532109997602,1.632523879695918,0.26203330644191475,32.128698586531414,0.2611272510517962,1.1963016550149992,945.0798164996402,0.0007615892872986096
0.549,89.73295060200512,0.1084396490462059,0.0012670493979948755,0.06381995924399213,1.6259888888416318,0.2784762584798632,33.65037312997059,0.2636055197751949,1.243882666704327,957.299388659882,0.0007918803001292888
0.5495,89.70083765346672,0.11666212001267014,0.0012991623465332823,0.0646312706495132,1.619217860139796,0.2956909437945309,35.21563123714003,0.2662914491639651,1.293953162717325,969.4690597426979,0.0008237561679034155
0.55,89.66831990526448,0.12538906973193756,0.001331680094735512,0.06543913869420859,1.6122163698902852,0.3136991490342541,36.82444345135974,0.2691990489624895,1.3466222850543508,981.5870804131288,0.000857286372576413
0.5505,89.6353991076561,0.13464354264202955,0.0013646008923439052,0.06624344952882313,1.604989934164179,0.33252263267679827,38.476726433347004,0.2723430025065316,1.402001978070102,993.651742932347,0.0008925421801378872
0.551,89.60207706713679,0.14444920578879045,0.0013979229328632162,0.06704409204716305,1.5975440091983906,0.3521830979250937,40.17234232453698,0.2757386808678057,1.4602069175939247,1005.6613807074457,0.0009295965954882121
0.5515,89.56835564507537,0.15483034685052324,0.0014316443549246215,0.06784095785627557,1.5898839917885759,0.3727021653078662,41.911098204154214,0.2794021562050435,1.5213544276975521,1017.6143678441335,0.0009685243094512277
0.552,89.53423675636502,0.16581187137407447,0.0014657632436349867,0.06863394124682777,1.5820152196802788,0.3941013450325314,43.692745640980164,0.2833502142548831,1.5855643848179795,1029.5091187024166,0.0010094016377369664
0.5525,89.49972236808875,0.17741929921591962,0.0015002776319112488,0.06942293916367732,1.5739429719583617,0.4164020091378012,45.5169803405105,0.287600365896289,1.652959108984216,1041.3440874551598,0.0010523064516944518
0.553,89.46481449819974,0.1896787601831361,0.001535185501800261,0.07020785117664076,1.5656724694346837,0.43962536349376924,47.383441887984546,0.2921708577228727,1.7236632419408957,1053.1177676496113,0.0010973181007227805
0.5535,89.42951521421607,0.20261698887065283,0.0015704847857839364,0.07098857945145198,1.5572088750340796,0.46379241969756296,49.291713587551314,0.29708068155843964,1.7978036120088348,1064.8286917717796,0.00114451732623868
0.554,89.39382663192994,0.21626131869246282,0.001606173368070053,0.07176502872091636,1.5485572941785917,0.4889239669126655,51.24132239762428,0.3023495828521944,1.8755090855706533,1076.4754308137453,0.0011939861671293201
0.5545,89.35775091413144,0.23063967510580022,0.0016422490858685544,0.07253710625625363,1.5397227751700193,0.5150405436998308,53.23173896224955,0.30799806789138856,1.9569104051193265,1088.0565938438044,0.0012458078566508172
0.555,89.3212902693463,0.2457805680288803,0.0016787097306536942,0.07330472183863437,1.5307103095707255,0.5421624098877678,55.2623777381321,0.31404740977087686,2.042140013860391,1099.5708275795155,0.0013000667107665317
0.5555,89.28444695058813,0.26171308345382416,0.0017155530494118727,0.07406778773090392,1.5215248325827762,0.5703095185309645,57.332597216722135,0.32051965306074565,2.1313318669095613,1111.0168159635587,0.001356848007951737
0.556,89.24722325412449,0.2784668742581475,0.0017527767458755095,0.07482621864949782,1.5121712234253504,0.599501488002317,59.44170024060635,0.3274376171153839,2.2246212291835983,1122.393279742467,0.0014162378605269514
0.5565,89.20962151825721,0.2960721502191572,0.0017903784817427902,0.07557993173654322,1.5026543057104855,0.6297575742671857,61.58893441321429,0.3348248979694861,2.3221444601349353,1133.698976048148,0.0014783230776157427
0.557,89.17164412211636,0.31455966723730516,0.0018283558778836434,0.07632884653215001,1.4929788478171109,0.6610966433855371,63.77349260069845,0.3427058687691075,2.4240387855377707,1144.9326979822501,0.0015431910198592442
0.5575,89.13329348446823,0.333960715775538,0.001866706515531778,0.07707288494688633,1.483149563263427,0.6935371442876943,65.99451352463058,0.35110567868845527,2.530442056587212,1156.0932742032949,0.0016109294460539055
0.558,89.09457206253687,0.3543071085232086,0.0019054279374631335,0.07781197123444208,1.4731711110775776,0.7270970818688721,68.25108244400508,0.3600502502860776,2.6414924966297324,1167.1795685166312,0.0016816263519150946
0.5585,89.05548235083941,0.37563116729428864,0.0019445176491605834,0.07854603196447502,1.4630480961666874,0.7617939904466592,70.54223192485273,0.36956627525716057,2.7573284358980272,1178.1904794671252,0.0017553698012040613
0.559,89.01602688003477,0.3979657091709235,0.00198397311996523,0.07927499599564343,1.4527850696841973,0.7976449076248681,72.86694269561865,0.3796812085419218,2.8780880346784263,1189.1249399346516,0.0018322477494908394
0.5595,88.97620821578586,0.4213440319045738,0.0020237917842141416,0.07999879444881945,1.4423865293955769,0.8346663486060748,75.22414458628687,0.39042326075353084,3.0039089953928944,1199.981916732292,0.0019123478608599545
0.56,88.93602895763514,0.44579989858816677,0.00206397104236486,0.08071736068048749,1.4318569200423454,0.8728742809942168,77.6127175490983,0.40182138889257324,3.134928264130704,1210.7604102073124,0.0019957573178995855
0.5605,88.89549173789347,0.47136752161390577,0.002104508262106529,0.08143063025632158,1.4212006337044798,0.912284100127451,80.0314927585536,0.4139052853188628,3.2712817222167554,1221.4594538448237,0.0020825626253478603
0.561,88.854599220542,0.4980815459324837,0.0021454007794579964,0.08213854092494628,1.4104220101611464,0.9529106049803667,82.47925378827313,0.4267053649552893,3.4131038684537636,1232.0781138741943,0.0021728494078019464
0.5615,88.81335410014731,0.5259770316305559,0.0021866458998526872,0.08284103259187464,1.3995253372498269,0.994767974673277,84.95473786214154,0.44025275070242187,3.560527492723849,1242.6154888781195,0.002266702201926372
0.562,88.77175910078935,0.5550894358443919,0.002228240899210646,0.08353804729362824,1.388514851223771,1.0378697456251438,87.45663717706422,0.4545792570467355,3.7136833416818007,1253.0707094044235,0.0023642042436267468
0.5625,88.72981697500246,0.585454594028615,0.0022701830249975364,0.08422952917203273,1.3773947371078707,1.0822287893851243,89.98360029453158,0.4697173718495601,3.872699777316112,1263.442937580491,0.002465437250682966
0.5630000000000001,88.68753050272902,0.6171087006000487,0.0023124694972709754,0.0849154244486936,1.3661691290528584,1.1278572911766136,92.53423359810809,0.4857002363082573,4.037702429196599,1273.731366730404,0.002570481201363169
0.5635,88.644902490286,0.6500882889773707,0.0023550975097140045,0.085595681399646,1.3548421106879418,1.1747667291857196,95.1071028138389,0.5025616230854196,4.208813841265133,1283.93522099469,0.002679414109563735
0.5640000000000001,88.60193576934391,0.6844302110386722,0.0023980642306560837,0.08627025033018312,1.3434177154717724,1.2229678546253142,97.70073459051856,0.5203359126066205,4.386153114064953,1294.0537549527469,0.0027923117970453885
0.5645,88.55863319591862,0.7201716160190367,0.002441366804081381,0.086939083549857,1.331899927041862,1.272470672603128,100.31361813663423,0.5390580675313453,4.569835543333253,1304.086253247855,0.0029092476633540984
0.5650000000000001,88.51499764937523,0.7573499288722275,0.0024850023506247693,0.0876021353476563,1.3202926795623435,1.3232844238222545,102.94420691079416,0.558763605406913,4.759972255917681,1314.0320302148446,0.0030302924540383173
0.5655,88.47103203144471,0.7960028281200763,0.0025289679685552963,0.08825936196735493,1.3085998580701892,1.3754175671391824,105.59092036231544,0.5794885695191176,4.956669843998127,1323.8904295103239,0.0031555140277873426
0.5660000000000001,88.42673926525246,0.8361682232149835,0.0025732607347475323,0.0889107215830359,1.2968252988197846,1.428877763004243,108.25214571865817,0.6012694979585054,5.160029998624043,1333.6608237455384,0.0032849771231339294
0.5665,88.38212229435945,0.8778842314407286,0.0026178777056405558,0.0895561742747847,1.2849727896259668,1.483671857806525,110.92623981629052,0.6241433909253246,5.370149143593206,1343.3426141217703,0.003418743125374269
0.5670000000000001,88.337184081815,0.9211891543782708,0.002662815918184999,0.09019568200455606,1.2730460702054391,1.5398058691446823,113.61153097158393,0.6481476763012068,5.587118070718223,1352.935230068341,0.003556869834371435
0.5675,88.2919276092221,0.9661214539627455,0.002708072390777903,0.09082920859220885,1.261048832516645,1.5972849720420919,116.30632088824862,0.6733201735196174,5.811021577534685,1362.4381288831325,0.003699411233913235
0.5680000000000001,88.2463558758142,1.0127197281596674,0.0027536441241857914,0.09145671969171264,1.2489847210980405,1.6561134861245637,119.00888659786294,0.6996990557722798,6.04193810851967,1371.8507953756896,0.0038464172633048076
0.5685,88.20047189754426,1.0610226862873817,0.0027995281024557387,0.09207818276752087,1.2368573334048356,1.7162948637754196,121.71748242996473,0.7273228105924253,6.279939400887489,1381.1727415128132,0.0039979335918751985
0.5690000000000001,88.15427870618518,1.111069124014756,0.002845721293814812,0.09269356707111406,1.2246702201441364,1.7778316792827216,124.43034200823638,0.7562301988608846,6.525090136037661,1390.403506066711,0.0041540013970822465
0.5695,88.10777934844232,1.1628978980619131,0.002892220651557683,0.09330284361770853,1.2124268856085747,1.8407256189899475,127.1456802692455,0.7864602122844332,6.777447597720128,1399.542654265628,0.0043146571468938
0.5700000000000001,88.06097688507721,1.216547900633738,0.0029390231149227833,0.09390598516313274,1.2001307880083483,1.9049774724614017,129.86169550027606,0.8180520294008544,7.0370613379833,1408.589777446991,0.004479932387123636
0.5705,88.01387439004321,1.27205803361444,0.002986125609956785,0.09450296618086818,1.1877853398017477,1.9705871246700863,132.57657139273405,0.8510449701682272,7.303972851952182,1417.5444927130227,0.0046498535343887926
0.5710000000000001,87.9664749496322,1.3294671825535567,0.0030335250503678033,0.0950937628392565,1.175393908024122,2.0375535492159664,135.28847910769846,0.8854784492009444,7.578215262477941,1426.4064425888473,0.004824441675351238
0.5715,87.91878166163292,1.3888141904720772,0.00308121833836708,0.09567835297886915,1.1629598146153297,2.1058748025789003,137.99557935014954,0.9213919277176299,7.859813015673572,1435.1752946830372,0.005003712372889863
0.5720000000000001,87.87079763450045,1.4501378315190385,0.003129202365499558,0.09625671609004194,1.1504863367456353,2.1755480194104027,140.69602444849605,0.9588248642706552,8.148781588335634,1443.850741350629,0.00518767547983937
0.5725,87.8225259865369,1.5134767845080435,0.003177474013463096,0.0968288332905706,1.137976707140113,2.246569408865676,143.3879604360238,0.9978166643298263,8.445127208221997,1452.432499358559,0.005376334960913556
0.5730000000000001,87.77396984508326,1.5788696063636267,0.0032260301549167443,0.09739468730356987,1.1254341144014983,2.3189342519762146,146.06952913095662,1.03840662879637,8.748846588128881,1460.9203095535481,0.0055696887234135
0.5735,87.72513234572219,1.6463547055072343,0.003274867654277813,0.09795426243549178,1.1128617033315604,2.392636900061353,148.73887021185567,1.080633901526359,9.05992667467717,1469.3139365323766,0.005767728457299958
0.5740000000000001,87.67601663149183,1.7159703152125876,0.003323983368508164,0.09850754455430613,1.1002625752509247,2.4676707741757755,151.39412328515618,1.1245374159456878,9.378344412683226,1477.6131683145918,0.005970439485187174
0.5745,87.62662585211054,1.7877544669598704,0.003373374147889469,0.09905452106783859,1.0876397883174405,2.54402836558799,154.03342994168054,1.1701558408412742,9.704066525949226,1485.8178160175787,0.0061778006227896625
0.5750000000000001,87.57696316321217,1.8617449638185737,0.0034230368367878356,0.09959518090226967,1.0749963578429973,2.6217012372839537,156.65493579906416,1.2175275254160607,10.03704931526954,1493.9277135340449,0.006389784050329084
0.5755,87.52703172559245,1.937979353887654,0.0034729682744075543,0.10012951448078951,1.0623352566089002,2.700680026487375,159.25679252705962,1.2666904436970228,10.377238474400194,1501.9427172118426,0.006606355195376759
0.5760000000000001,87.4768347044656,2.0164949038227307,0.0035231652955343942,0.10065751370241219,1.0496594151797016,2.780954448188191,161.837159852811,1.317682138388391,10.72456892469808,1509.8627055361828,0.006827472627581729
0.5765,87.42637526873185,2.0973285724782795,0.003573624731268153,0.10117917192094446,1.0369717222156067,2.8625132996676395,164.39420754321588,1.3705396642631187,11.078964669079777,1517.6875788141667,0.0070530879656980445
0.5770000000000001,87.37565659025508,2.1805169846940426,0.0036243434097449263,0.10169448392411247,1.0242750247833456,2.9453444660086876,166.92611736163164,1.4252995311884118,11.440338665905996,1525.417258861687,0.007283145797297115
0.5775,87.32468184315121,2.266096405252824,0.003675318156848788,0.10220344591284122,1.0115721286656187,3.0294349265773755,169.4310849962123,1.481997646881336,11.808592723335831,1533.0516886926184,0.007517583611511535
0.5780000000000001,87.27345420308667,2.354102713037992,0.0037265457969133317,0.10270605548069088,0.998865798669032,3.114770762461039,171.90732195730948,1.5406692594928315,12.183617414647117,1540.5908322103633,0.007756331745126347
0.5785,87.22197684658721,2.4445713754174254,0.003778023153412787,0.10320231159344419,0.98615875893061,3.201337164846752,174.35305744141485,1.6013489001185601,12.565292014956174,1548.0346739016627,0.007999313342293587
0.5790000000000001,87.17025295035685,2.5375374228808236,0.003829747049643152,0.10369221456884914,0.9734536932228042,3.289118444323023,176.76654015925703,1.66407032533625,12.95348445971565,1555.3832185327371,0.008246444328111181
0.5795,87.11828569060694,2.6330354239565033,0.0038817143093930564,0.10417576605651156,0.9607532452570998,3.3780980410860137,179.1460401257358,1.7288664598694203,13.348051325307221,1562.6364908476735,0.008497633396267877
0.5800000000000001,87.06607824239522,2.7310994604331973,0.003933921757604779,0.10465296901794124,0.9480600189861158,3.468258536030722,181.48985040949788,1.795769339477618,13.7488378319861,1569.7945352691188,0.008752782010917781
0.5805,87.01363377897484,2.8317631029121846,0.003986366221025158,0.10512382770674676,0.9353765789043194,3.5595816627064836,183.79628884004936,1.8648100541735435,14.155677869373655,1576.8574156012014,0.009011784422909465
0.5810000000000001,86.9609554711532,2.935059386713897,0.004039044528846804,0.10558834764898224,0.9227054503472479,3.65204832011493,186.06369967041155,1.9360186918668099,14.568394044630992,1583.8252147347337,0.00927452770045421
0.5815,86.90804648666064,3.041020788163079,0.004091953513339358,0.10604653562364143,0.9100491197893433,3.745638586327811,188.29045519342918,2.0094242825340602,14.986797753386096,1590.6980343546213,0.009540891774279636
0.5820000000000001,86.8549099895288,3.1496792012753962,0.0041450900104712,0.10649839964330234,0.8974100351403164,3.840331732900979,190.4749573099516,2.0850547430140702,15.410689273423365,1597.4759946495349,0.00981074949727431
0.5825,86.80154913947865,3.2610659148682593,0.004198450860521346,0.10694394893491757,0.8847906060401248,3.93610624006011,192.61563904721146,2.16293682252595,15.839857881083836,1604.1592340237635,0.010083966718590432
0.5830000000000001,86.74796709131805,3.375211590117247,0.004252032908681953,0.1073831939207539,0.872193204152493,4.032939812632799,194.7109660258418,2.2430960490069856,16.27408199026144,1610.7479088113087,0.010360402372131594
0.5835,86.69416699434885,3.492146238579457,0.00430583300565115,0.10781614619947646,0.8596201634570586,4.130809396701027,196.75943787407272,2.325556676365761,16.713129313820854,1617.242192992147,0.010639908579314584
0.5840000000000001,86.64015199178337,3.611899200703969,0.004359848008216633,0.10824281852738016,0.8470737805400647,4.229691196947338,198.7595895877718,2.410341632744367,17.15675704720202,1623.6422779107022,0.010922330765955649
0.5845,86.58592522017028,3.7344991248486297,0.004414074779829719,0.10866322479976455,0.8345563148836952,4.329560694667026,200.70999283508655,2.4974724698816,17.60471207391565,1629.9483719964683,0.011207507793092993
0.5850000000000001,86.53148980882968,3.8599739468223278,0.0044685101911703246,0.10907738003245457,0.822069989153961,4.430392666418802,202.60925720457618,2.5869693136676535,18.056731192579456,1636.1607004868185,0.01149527210152254
0.5855,86.47684887929746,3.988350869970083,0.004523151120702536,0.1094853003434637,0.8096169894872394,4.5321612032849465,204.4560313958123,2.6788508159778277,18.512541365083973,1642.2795051519554,0.011785449869785193
0.5860000000000001,86.42200554477874,4.119656345818665,0.004577994455221254,0.10988700293480075,0.7971994657753744,4.634839730712465,206.24900435155115,2.7731341078714173,18.971859985426352,1648.3050440220113,0.012077861185311749
0.5865,86.36696290961044,4.253916055298067,0.0046330370903895635,0.11028250607441825,0.784819531949439,4.738401028905196,207.9869063306762,2.869834754238223,19.434395168691825,1654.237591116274,0.012372320228394212
0.5870000000000001,86.31172406873267,4.391154890555348,0.004688275931267327,0.11067182907830327,0.7724792662620763,4.842817253737879,209.66850992123406,2.9689667099739387,19.899846059617836,1660.077436174549,0.012668635468623818
0.5875,86.25629210716934,4.531396937374075,0.00474370789283066,0.11105499229270777,0.7601807115684965,4.9480599581611715,211.2926309929697,3.070542277761076,20.367903160118466,1665.8248843906165,0.01296660987339956
0.5880000000000001,86.20067009951725,4.674665458214281,0.004799329900482741,0.11143201707652049,0.7479258756060737,5.054100114068162,212.85812958889917,3.1745720675309226,20.838248675107838,1671.4802561478075,0.013266041128086206
0.5885,86.14486110944435,4.820982875884365,0.004855138890555655,0.11180292578377733,0.7357167312726074,5.160908134590856,214.3639107555368,3.2810649576770055,21.310556875908023,1677.04388675666,0.013566721867366963
0.5890000000000001,86.08886818919628,4.970370757858492,0.004911131810803728,0.11216774174631097,0.7235552169031884,5.268453896796986,215.8089253115164,3.3900280580894186,21.784494480493485,1682.5161261946646,0.013868439917314596
0.5895,86.03269437911199,5.1228498012485115,0.004967305620888007,0.11252648925653813,0.7114432365457463,5.376706764755035,217.19217055442832,3.5014666750733534,22.259721049773496,1687.897338848072,0.014170978547672663
0.5900000000000001,85.97634270714761,5.2784398184423695,0.005023657292852388,0.11287919355038528,0.6993826602351993,5.485635612937757,218.51269090581064,3.615384278214417,22.7358893990877,1693.1879032557792,0.014474116733821717
0.5905,85.91981618840897,5.437159723417047,0.0050801838115910256,0.11322588079034955,0.6873753242663083,5.5952088499323835,219.76957849431005,3.7317824692474897,23.2126460240462,1698.3882118552433,0.014777629427877536
0.5910000000000001,85.8631178246925,5.5990275187349745,0.005136882175307508,0.1135665780486973,0.6754230314651359,5.705394442427247,220.96197367714132,3.8506609529835596,23.689631539819878,1703.4986707304593,0.015081287838352008
0.5915,85.80625060403452,5.76406028323097,0.0051937493959654775,0.11390131329079682,0.6635275514592157,5.816159939443462,222.08906550004778,3.9720175103442403,24.16648113295318,1708.5196993619522,0.015384859717786104
0.5920000000000001,85.74921750026886,5.932274160396762,0.005250782499731141,0.11423011535858683,0.6516906209463432,5.927472496781534,223.15009209607092,4.09584797355072,24.642825024749623,1713.4517303788025,0.015688109657750242
0.5925,85.69202147259266,6.103684347468335,0.005307978527407342,0.11455301395417791,0.6399139439620865,6.039298901651927,224.14434102351046,4.222146203509062,25.118288945253195,1718.2952093126687,0.015990799390590223
0.5930000000000001,85.6346654651403,6.278305085221548,0.0053653345348596915,0.11487003962358878,0.628199192145918,6.151605597459778,225.07114954355222,4.350904069430673,25.592494616832404,1723.0505943538317,0.016292688097286397
0.5935,85.57715240656565,6.456149648478866,0.005422847593434359,0.1151812237406136,0.6165480050060851,6.264358708712971,225.92990483811042,4.48211143072151,26.065060246351365,1727.718356109204,0.0165935327207795
0.5940000000000001,85.51948520963192,6.63723033733224,0.00548051479036808,0.11548659849082325,0.6049619901831118,6.37752406602503,226.72004416852548,4.615756121171588,26.53560102490628,1732.2989773623488,0.016893088284112796
0.5945,85.46166677081004,6.82155846908197,0.005538333229189958,0.11578619685569619,0.593442723712039,6.491067231181933,227.44105497581387,4.7518239354693375,27.00372963408304,1736.7929528354427,0.017191108212725657
0.595,85.40369996988443,7.00914437089525,0.0055963000301155665,0.11608005259688164,0.5819917502833158,6.60495352224522,228.0924749232624,4.890298618064473,27.469056757695604,1741.2007889532247,0.01748734466023635
0.5955,85.3455876695669,7.199997373183612,0.005654412330433099,0.11636820024059204,0.5706105835024243,6.719148038661868,228.67389188221088,5.031161854396401,27.931191597949997,1745.5230036088803,0.01778154883704223
0.596,85.28733271511828,7.394125803699331,0.00571266728488172,0.11665067506212501,0.5593007061481958,6.833615686352998,229.1849438619421,5.174393264502287,28.389742394980523,1749.760125931875,0.018073471341066776
0.5965,85.22893793397762,7.59153698235058,0.005771062066022375,0.11692751307051466,0.5480635704298232,6.94832120275409,229.62531888466452,5.319970399015167,28.844316948706563,1753.9126960577198,0.018362862489983943
0.597,85.17040613539928,7.792237216731803,0.005829593864600728,0.11719875099331034,0.5369005982426155,7.063229181778598,229.99475480662653,5.467868737556648,29.294523141955708,1757.9812648996551,0.018649472654248687
0.5975,85.11174011009724,7.9962317983692985,0.005888259889902758,0.11746442626148401,0.525813181422434,7.178304098679654,230.2930390864671,5.618061689527792,29.73996946381448,1761.9663939222603,0.018933052590272392
0.598,85.05294262989739,8.203524999675722,0.005947057370102605,0.11772457699446309,0.5148026819988917,7.293510334782186,230.52000850195316,5.770520597293876,30.18026553216454,1765.8686549169463,0.019213353773079752
0.5985,84.9940164473968,8.414120071612126,0.006005983552603201,0.11797924198529101,0.503870432447234,7.40881220206137,230.6755488163157,5.925214741758696,30.6150226143858,1769.6886297793653,0.019490128727798643
0.599,84.93496429563072,8.62801924205111,0.006065035704369282,0.1182284606859123,0.4930177359390002,7.524173967541626,230.7595943954371,6.082111350317369,31.043854145212542,1773.4269102886847,0.019763131359337605
0.5995,84.87578888774671,8.845223714836163,0.00612421111225329,0.11847227319258347,0.482245866591373,7.6395598774922515,230.772127777189,6.241175607174094,31.466376240749128,1777.084097888752,0.02003211727961838
0.6,84.8164929166862,9.065733669530719,0.006183507083313804,0.1187107202314076,0.47155606971531333,7.754934181395929,230.71317919426735,6.402370666007142,31.88220820766963,1780.660803471114,0.020296844131742476
0.6005,84.75707905487302,9.289548261851142,0.006242920945126984,0.11894384314399327,0.4609495620623968,7.870261155667654,230.5828260518994,6.565657664960637,32.29097304664785,1784.157647159899,0.020557071910484663
0.601,84.69754995390936,9.516665624774092,0.006302450046090645,0.11917168387323612,0.4504275320704458,7.985505127100979,230.3811923618473,6.730995743936789,32.6922979490826,1787.5752580985418,0.02081256327851811
0.6015,84.6379082442785,9.747082870312852,0.006362091755721493,0.11939428494922323,0.4399911401078674,8.100630496021267,230.10844813414997,6.898342064162357,33.085814786216076,1790.9142742383483,0.021063083877796835
0.602,84.5781565350549,9.980796091951069,0.0064218434649451015,0.11961168947525914,0.4296415187167997,8.215601759123926,229.76480872809128,7.067651829995559,33.47116058976039,1794.175342128887,0.021308402635532016
0.6025,84.51829741362083,10.217800367727422,0.006481702586379175,0.11982394111401347,0.41937977285497247,8.330383531978889,229.35053416389133,7.238878312940614,33.847978023185945,1797.359116710202,0.021548292064223533
0.603,84.45833344539034,10.45808976395861,0.006541666554609664,0.12003108407378855,0.40920698013638107,8.444940571180782,228.86592839665798,7.411972877829776,34.21591584284616,1800.4662611068281,0.021782528555221045
0.6035,84.3982671735397,10.701657339592863,0.006601732826460306,0.12023316309490792,0.39912419107069175,8.55923779612756,228.3113385541431,7.586885011133647,34.57462934815397,1803.4974464236188,0.02201089266531528
0.604,84.33810111874487,10.948495151180683,0.0066618988812551325,0.12043022343622325,0.3891324293014641,8.673240310408792,227.6871541398757,7.763562351354018,34.92378082005098,1806.4533515433486,0.02223316939587616
0.6045,84.2778377789255,11.198594258453697,0.006722162221074495,0.12062231086174115,0.379232691843109,8.786913422787666,226.99380620324973,7.9419507214538125,35.26303994705155,1809.334662926117,0.022449148464080887
0.605,84.21747962899578,11.451944730497202,0.006782520371004231,0.12080947162736703,0.36942594931668293,8.90022266775954,226.23176647816712,8.121994163272968,35.59208423817364,1812.1420744105055,0.022658624565793886
0.6055,84.15702912062159,11.708535652507084,0.006842970879378406,0.12099175246776757,0.359713146184423,9.013133825672984,225.401546491832,8.303634973880037,35.91059942211221,1814.8762870165135,0.022861397629688477
0.606,84.09648868198465,11.968355133114793,0.006903511318015346,0.12116920058334933,0.35009520098311975,9.12561294239729,224.50369664531698,8.486813743802529,36.218279832040466,1817.53800875024,0.023057273062218962
0.6065,84.03586071755262,12.231390312271138,0.006964139282447383,0.12134186362735457,0.34057300655624867,9.237626348524405,223.53880526750376,8.671469397081829,36.514828775472346,1820.1279544103184,0.023246061983082416
0.607,83.97514760785606,12.497627369671559,0.007024852392143947,0.12150978969307172,0.33114743028494636,9.349140678090707,222.5074976440246,8.857539233090899,36.79995888864916,1822.6468453960758,0.023427581450828183
0.6075,83.91435170927146,12.767051533711966,0.007085648290728546,0.12167302730116242,0.32181931431775385,9.460122886807985,221.41043502281326,9.044958970055921,37.07339247496219,1825.0954095174363,0.023601654678304433
0.608,83.85347535381082,13.039647090958788,0.007146524646189181,0.12183162538710188,0.31258947579920915,9.57054026979117,220.24831359787953,9.233662790217227,37.334861826956164,1827.4743808065282,0.023768111237651938
0.6085,83.79252084891723,13.315397396120524,0.007207479151082762,0.12198563328873412,0.3034587070972221,9.68036047877333,219.0218634729086,9.423583386566229,37.584109531504694,1829.7844993310116,0.02392678725458476
0.609,83.73149047726692,13.594284882503787,0.007268509522733079,0.12213510073393995,0.29442777602930054,9.789551538797236,217.73184760629078,9.614652011090367,37.82088875778492,1832.026511009099,0.024077525591720654
0.6095,83.67038649657712,13.87629107294122,0.007329613503422881,0.12228007782841836,0.2854974260875748,9.898081864375651,216.37906073915806,9.806798524460072,38.0449635277242,1834.2011674262753,0.024220176020752715
0.61,83.60921113942035,14.161396591173666,0.007390788860579646,0.12242061504357962,0.2766683766626806,10.005920275111299,214.9643283080119,9.999951447086836,38.25610896862804,1836.3092256536943,0.02435459538327737
0.6105,83.54796661304447,14.449581173672483,0.007452033386955531,0.12255676320455056,0.2679413232664417,10.113036010769878,213.48850534349634,10.194038011483254,38.45411154774309,1838.3514480682584,0.02448064774012179
0.611,83.48665509919884,14.740823681885425,0.0075133449008011575,0.12268857347829015,0.2593169377534263,10.219398745799122,211.95247535686377,10.388984215852942,38.638769288547074,1840.3286021743522,0.02459820450903833
0.6115,83.42527875396631,15.035102114891169,0.007574721246033683,0.12281609736181645,0.2507958685413108,10.324978603288633,210.35714921565443,10.58471487883863,38.809891968599544,1842.2414604272467,0.024707144590660268
0.612,83.3638397076012,15.332393622444377,0.007636160292398805,0.12293938667054272,0.2423787408301304,10.429746168364703,208.70346401010548,10.781153695354051,38.96730129882502,1844.0908000581405,0.024807354482636945
0.6125,83.30234006437284,15.632674518398167,0.007697659935627162,0.12305849352672338,0.2340661568203338,10.533672501016952,206.9923819117571,10.978223293427938,39.11083108414273,1845.8774029008507,0.024898728381893873
0.613,83.2407819024152,15.935920294483898,0.0077592180975848005,0.12317347034800831,0.2258586959297427,10.636729148351968,205.224889025738,11.175845291983208,39.24032736539168,1847.6020552201246,0.024981168274985026
0.6135,83.17916727358188,16.242105634435195,0.007820832726418123,0.12328436983610566,0.21775691500932484,10.738888156272285,203.40199423814397,11.37394035947909,39.3556485425417,1849.265547541585,0.02505458401653143
0.614,83.117498203307,16.55120442843779,0.007882501796693009,0.12339124496555208,0.20976134855787162,10.840122080577956,201.52472805993727,11.572428273339789,39.456665479216355,1850.8686744832812,0.025118893395762523
0.6145,83.05577669047145,16.863189787889137,0.007944223309528549,0.1234941489725902,0.20187250893550981,10.940403997489476,199.59414146873755,11.7712279800951,39.54326158858971,1852.412234588853,0.025174022191199703
0.615,82.99400470727498,17.17803406045066,0.008005995292725023,0.12359313534415207,0.1940908865761151,11.039707513591255,197.61130474986604,11.970257656157614,39.61533290075607,1853.897030162281,0.02521990421354529
0.6155,82.93218419911337,17.4957088453781,0.008067815800886636,0.12368825780694942,0.1864169501985734,11.138006775196093,195.57730633795504,12.169434769162631,39.67278811170577,1855.3238671042413,0.025256481336861415
0.616,82.87031708446142,17.816185009109656,0.00812968291553858,0.12377957031666828,0.17885114701695487,11.235276477130288,193.49325166043218,12.3686761397941,39.715548614072155,1856.6935547500243,0.02528370351814423
0.6165,82.80840525476104,18.139432701099636,0.008191594745238964,0.12386712704726922,0.1713939029495395,11.331491870941779,191.36026198411818,12.567898004024489,39.743548509850044,1858.0069057090382,0.025301528805420664
0.617,82.74645057431482,18.465421369877454,0.008253549425685177,0.12395098238039126,0.16404562282676632,11.426628772532219,189.179473266185,12.76701607569288,39.75673460531546,1859.2647357058688,0.025309923334514272
0.6175,82.68445488018479,18.79411977931794,0.008315545119815207,0.12403119089485985,0.15680669059804178,11.520663569216103,186.952035010653,12.965945609349044,39.75506638840661,1860.4678634228976,0.025308861314645503
0.618,82.62241998209646,19.12549602510513,0.008377580017903547,0.12410780735629773,0.14967746953748007,11.6135732262096,184.67910913159443,13.164601463290314,39.73851598885639,1861.6171103444658,0.02529832500305125
0.6185,82.56034766234791,19.459517551374777,0.008439652337652098,0.12418088670683855,0.14265830244851185,11.705335292553174,182.36186882415646,13.36289816272008,39.707068121392794,1862.713300602578,0.02527830466882513
0.619,82.49823967572422,19.79615116751685,0.008501760324275777,0.12425048405494235,0.1357495118674323,11.795927906471457,180.00149744450675,13.560749962955533,39.66072001235125,1863.7572608241353,0.02524879854619743
0.6195,82.43609774941673,20.135363065125283,0.008563902250583275,0.12431665466531291,0.12895140026582702,11.885329800175999,177.59918739973065,13.758070912616514,39.59948131006706,1864.7498199796937,0.025209812777489186
0.62,82.37392358294747,20.477118835076183,0.008626076417052538,0.12437945394891539,0.12226425025194407,11.97352030411534,175.1561390487125,13.954774916725,39.52337397944131,1865.691809233731,0.02516136134599072
0.6205,82.31171884809842,20.82138348472094,0.008688281151901579,0.12443893745309514,0.11568832477095428,12.060479350678765,172.67355961496125,14.150775799648482,39.43243218109376,1866.584061796427,0.025103465999028
0.621,82.24948518884592,21.168121455176394,0.008750514811154072,0.12449516085179577,0.10922386730416038,12.146187477359247,170.15266211233478,14.345987367819449,39.32670213553982,1867.4274127769365,0.025036156161495036
0.6215,82.18722422129966,21.517296638699364,0.008812775778700344,0.12454817993587686,0.1028711020671129,12.230625829383111,167.59466428454394,14.540323472167415,39.20624197284662,1868.222699038153,0.02495946884014193
0.622,82.12493753364667,21.86887239612792,0.008875062466353332,0.12459805060353044,0.09663023420667537,12.31377616181279,165.00078755931594,14.733698070198127,39.07112156824249,1868.9707590529565,0.02487344851892063
0.6225,82.06262668610002,22.222811574376244,0.008937373313899984,0.12464482885079575,0.090501449997004,12.395620841130654,162.3722560180263,14.92602528765841,38.921422364169786,1869.6724327619363,0.02477814704570026
0.623,82.00029321085229,22.579076523966368,0.008999706789147707,0.12468857076217135,0.08448491703448537,12.47614284631142,159.7102953815975,15.117219479724977,38.7572371792883,1870.3285614325703,0.024673623510674883
0.6235,81.9379386120336,22.937629116584915,0.0090620613879664,0.12472933250132513,0.07858078443160627,12.555325769392173,157.01613201339728,15.307195291659312,38.57867000494942,1870.939987519877,0.024559944116794942
0.624,81.87556436567439,23.298430762647772,0.009124435634325601,0.12476717030190033,0.07278918300977714,12.633153815547827,154.29099193985863,15.495867718869233,38.38583578967382,1871.507554528505,0.024437182042561505
0.6245,81.81317191967267,23.661442428860685,0.009186828080327334,0.12480214045841824,0.06711022549109606,12.70961180268168,151.5360998894805,15.683152166322404,38.17886021217745,1872.0321068762735,0.024305417297530118
0.625,81.75076269376584,24.026624655761072,0.009249237306234167,0.12483429931727599,0.061544006689086946,12.784685160540166,148.7526783508487,15.868964507257283,37.95787944350067,1872.51448975914,0.024164736570877494
0.6255000000000001,81.68833807950696,24.39393757522791,0.009311661920493038,0.12486370326783995,0.05609060369837638,12.858359929361473,145.94194665026768,16.053221141138774,37.72303989880304,1872.9555490175992,0.02401523307338918
0.626,81.62589944024559,24.763340927945702,0.009374100559754406,0.12489040873363336,0.05075007608335131,12.930622758067917,143.1051200495655,16.235839050808128,37.474497979395146,1873.3561310045004,0.023857006373231925
0.6265000000000001,81.56344811111272,25.1347940808115,0.009436551888887276,0.12491447216361819,0.04552246606577083,13.001460902012601,140.24340886458117,16.41673585877901,37.21241980558328,1873.7170824542727,0.023690162225877307
0.627,81.50098539901036,25.508256044269707,0.009499014600989638,0.12493595002357058,0.04040779871136005,13.070862220290296,137.35801760483193,16.595829882631627,36.93698094090898,1874.0392503535588,0.02351481239854717
0.6275000000000001,81.43851258260514,25.88368548956511,0.009561487417394852,0.12495489878754919,0.03540608211537003,13.138815172623847,134.45014413479146,16.773040189461618,36.648366108367526,1874.3234818132378,0.023331074489552718
0.628,81.37603091232644,26.261040765899082,0.00962396908767356,0.12497137492945615,0.030517307587129,13.205308815836384,131.52097885720963,16.94828664933906,36.346768899193926,1874.5706239418423,0.023139071742901925
0.6285000000000001,81.31354161036838,26.640279917481074,0.009686458389631622,0.12498543491469,0.02574144983356164,13.270332799921094,128.57170391882244,17.121489987738492,36.0323914748022,1874.78152372035,0.02293893285854816
0.629,81.25104587069629,27.021360700459514,0.009748954129303714,0.1249971351918902,0.021078467141715157,13.333877363719262,125.60349243882564,17.29257183689931,35.70544426246941,1874.9570278783528,0.022730791798656644
0.6295000000000001,81.18854485905702,27.40424059972577,0.00981145514094298,0.12500653218477262,0.0165283015602515,13.395933330218531,122.61750776038416,17.461454786081106,35.36614564534747,1875.0979827715892,0.022514787590259835
0.63,81.12603971299355,27.788876845575768,0.00987396028700645,0.12501368228405554,0.01209087907996751,13.456492101482496,119.61490272548431,17.628062430677698,35.01472164739154,1875.205234260833,0.022291064124676626
0.6305000000000001,81.06353154186334,28.175226430223393,0.00993646845813666,0.12501864183947542,0.007766109813278623,13.515545653223818,116.59681897333499,17.79231942015832,34.65140561378155,1875.2796275921312,0.022059769954062343
0.631,81.00102142686093,28.563246124151892,0.009998978573139073,0.12502146715189275,0.0035538881727387576,13.573086529032372,113.56438626255674,17.95415150480414,34.27643788741832,1875.322007278391,0.021821058085459793
0.6315000000000001,80.93851042104423,28.95289249229597,0.010061489578955774,0.12502221446548614,-0.000545906951458063,13.629107834270448,110.51872181730991,18.1134855812118,33.8900654820615,1875.333216982292,0.021575085772712423
0.632,80.87599954936488,29.344121910043846,0.010124000450635119,0.12502093996003566,-0.0045334120149479115,13.68360322964711,107.4609296975261,18.270249736537206,33.4925417526777,1875.3140994005348,0.021322014306601397
0.6325000000000001,80.8134898087023,29.736890579051188,0.010186510191297704,0.12501769974329363,-0.008408778643663547,13.73656692448366,104.39210019334223,18.424373291454874,33.08412606355351,1875.2654961494043,0.021062008803559806
0.633,80.75098216790163,30.131154542857693,0.010249017832098375,0.12501254984344323,-0.012172173459272684,13.787993669682402,101.31330924383546,18.575786841810064,32.66508345472542,1875.1882476516485,0.020795237993315348
0.6335000000000001,80.68847756781531,30.52686970229825,0.01031152243218468,0.12500554620164395,-0.015823777905602715,13.837878750410928,98.22561788010826,18.724422298943246,32.2356843072655,1875.083193024659,0.020521874005804578
0.634,80.62597692134861,30.92399183069969,0.010374023078651389,0.12499674466466403,-0.019363788076028263,13.886217978513864,95.13007169276435,18.87021292866764,31.796204007955456,1874.9511699699603,0.02024209215769778
0.6345000000000001,80.5634811135084,31.32247658885844,0.010436518886491603,0.12498620097759819,-0.02279241454184024,13.933007684664716,92.02770032375501,19.013093388884457,31.346922613865768,1874.7930146639728,0.019956070738863414
0.635,80.50099100145601,31.722279539787326,0.01049900899854399,0.12497397077667172,-0.02610988218156942,13.978244710269447,88.91951698260746,19.15299976581923,30.888124517354143,1874.6095616500756,0.019663990799099505
0.6355000000000001,80.43850741456332,32.12335616322891,0.010561492585436687,0.12496010958212926,-0.029316430011279065,14.02192639913451,85.80651798695266,19.289869608868365,30.42009811197523,1874.4016437319387,0.019366035935445162
0.636,80.37603115447256,32.52566186992568,0.010623968845527444,0.12494467279120798,-0.03241231101581061,14.064050588910966,82.68968232730518,19.423641964043547,29.943135459789872,1874.1700918681197,0.019062392080383083
0.6365000000000001,80.31356299515953,32.929152015642956,0.010686437004840472,0.1249277156711957,-0.0353977919809901,14.104615602327248,79.56997125598299,19.55425740600594,29.457531960542866,1873.9157350679357,0.018753247291231553
0.637,80.25110368300034,33.333781914936985,0.010748896316999667,0.12490929335257174,-0.03827315332677424,14.143620238222244,76.44832790006083,19.6816580686826,28.96358602316912,1873.639400288576,0.01843879154101879
0.6375000000000001,80.1886539368414,33.73950685466438,0.010811346063158596,0.12488946082223135,-0.041038688941356746,14.181063762390934,73.32567689820392,19.80578767446005,28.461598740069388,1873.3419123334702,0.018119216511120414
0.638,80.12621444807309,34.14628210722524,0.01087378555192692,0.12486827291679331,-0.04369470601620214,14.216945898254298,70.20292406124177,19.926591561950946,27.951873564588112,1873.0240937518995,0.0177947153859355
0.6385000000000001,80.06378588070626,34.55406294353882,0.010936214119293738,0.12484578431598878,-0.04624152488203365,14.251266817365511,67.08095605627078,20.04401671233312,27.434715992102383,1872.6867647398317,0.017465482649861464
0.639,80.00136887145266,34.962804645742345,0.010998631128547348,0.12482204953613282,-0.04867947884574194,14.284027129763867,63.960640114125276,20.158011774259453,26.91043324512685,1872.3307430419925,0.01713171388682565
0.6395000000000001,79.93896402980792,35.3724625196142,0.01106103597019208,0.12479712292367687,-0.051008914028238095,14.315227874188494,60.84282375995764,20.26852708734186,26.37933396281069,1871.956843855153,0.01679360558261295
0.64,79.87657193813837,35.78299190671242,0.011123428061861639,0.1247710586488419,-0.05323018920322226,14.34487050816275,57.7283345667324,20.37551470421087,25.841727895199675,1871.5658797326284,0.016451354930226994
0.6405000000000001,79.81419315177047,36.19434819622958,0.011185806848229526,0.12474391069933238,-0.05534367563688821,14.372956897961421,54.61797993134762,20.478928411157472,25.297925602608288,1871.1586604899856,0.016105159638504497
0.641,79.75182819908389,36.60648683655637,0.011248171800916104,0.12471573287412967,-0.057349756928536375,14.399489308471187,51.51254687315465,20.578723747361515,24.74823816044157,1870.735993111945,0.015755217744199003
0.6415000000000001,79.68947758160715,37.01936334655606,0.011310522418392846,0.12468657877736529,-0.05924882885211279,14.424470392956271,48.41280185455301,20.674858022716826,24.19297686977713,1870.2986816604794,0.015401727427731679
0.642,79.62714177411677,37.432933326541836,0.011372858225883232,0.12465650181227295,-0.06104129919865339,14.447903182739498,45.31949062341055,20.767290334260064,23.632452974015052,1869.8475271840941,0.015044886832805035
0.6425000000000001,79.56482122473902,37.84715246895962,0.011435178775260974,0.12462555517521924,-0.06272758761964282,14.469791076810283,42.23333807696306,20.85598158121602,23.066977381872597,1869.3833276282885,0.014684893890055882
0.643,79.50251635505506,38.261976568770415,0.01149748364494494,0.12459379184981234,-0.06430812547127492,14.490137831369541,39.15504814690802,20.94089447866965,22.496860396995544,1868.906877747185,0.01432194614492056
0.6435000000000001,79.44022756020853,38.677361533534445,0.011559772439791479,0.12456126460108849,-0.0657833556596178,14.508947549322688,36.085303705328904,21.02199356987985,21.922411454429945,1868.4189690163273,0.01395624058986765
0.644,79.37795520901646,39.093263393191165,0.01162204479098354,0.12452802596977543,-0.06715373248667342,14.526224669730487,33.02476649114794,21.09924523724802,21.343938864192886,1867.9203895466314,0.013587973501150048
0.6445000000000001,79.31569964408274,39.50963830953901,0.01168430035591726,0.12449412826663282,-0.0684197214973339,14.54197395722836,29.974077056720045,21.17261771195854,20.761749562150566,1867.4119239994923,0.013217340280209025
0.645,79.25346118191459,39.92644258540974,0.011746538818085411,0.12445962356686899,-0.06958179932722683,14.556200491423846,26.933854734243734,21.242081082306957,20.176148868407974,1866.8943535030348,0.01284453529986032
0.6455000000000001,79.19124011304159,40.34363267354048,0.011808759886958417,0.12442456370463317,-0.07064045355145104,14.568909656282196,23.90469762159397,21.3076073007348,19.587440253385708,1866.3684555694977,0.012469751755374011
0.646,79.1290367021377,40.76116518514023,0.011870963297862308,0.12438900026758354,-0.07159618253418903,14.580107129509644,20.887182587232363,21.36917018958944,18.99592511175345,1865.835004013753,0.012093181520556105
0.6465000000000001,79.06685118814573,41.17899689815337,0.01193314881185426,0.1243529845915302,-0.0724494952792058,14.589798871943842,17.881865293791137,21.42674544562931,18.40190254436312,1865.294768872953,0.011715015008922866
0.647,79.00468378440476,41.59708476521836,0.011995316215595245,0.12431656775515232,-0.07320091128121985,14.597991116960634,14.889280239969978,21.480310643295386,17.80566914831685,1864.7485163272847,0.011335441040053938
0.6475000000000001,78.94253467877977,42.01538592132503,0.012057465321220233,0.12427980057478981,-0.0738509603781493,14.604690359906332,11.90994082033018,21.529845236770672,17.207518815279528,1864.197008621847,0.010954646711194128
0.648,78.8804040337943,42.4338576911672,0.01211959596620569,0.12424273359930849,-0.07440018260422461,14.609903347564254,8.944339402627111,21.57533056085031,16.607742538141007,1863.641003989627,0.010572817274170728
0.6485000000000001,78.81829198676539,42.852457596196466,0.01218170801323462,0.12420541710503834,-0.07484912804396512,14.6136370676642,5.992947422251216,21.616749830645702,16.00662822610373,1863.081256575575,0.010190136017674658
0.649,78.75619864994103,43.271143361374705,0.01224380135005897,0.12416790109078484,-0.07519835668702302,14.615898738443393,3.056215493403549,21.65408814014673,15.404460528267848,1862.5185163617725,0.00980678415495127
0.6495000000000001,78.69412411064027,43.6898729216287,0.012305875889359733,0.12413023527291245,-0.07544843828387957,14.616695798267124,0.13457353659627458,21.68733245966687,14.801520665763618,1861.9535290936867,0.009422940716932487
0.65,78.63206843139558,44.10860442800886,0.012367931568604416,0.12409246908050002,-0.07559995220239887,14.616035895317012,-2.771569077927915,21.716471632196054,14.198086272466362,1861.3870362075002,0.009038782450832818
0.6505000000000001,78.5700316500977,44.5272962535528,0.012429968349902296,0.12405465165056785,-0.07565348728523304,14.613926877355057,-5.661823371247341,21.741496368687926,13.594431244318766,1860.8197747585177,0.00865448372422495
0.651,78.50801378014289,44.94590699885742,0.012491986219857113,0.12401683182337583,-0.07560964170807236,14.610376781570855,-8.53582058169768,21.762399242306937,12.99082559726505,1860.2524773506375,0.008270216434597825
0.6515000000000001,78.44601481058235,45.36439549736164,0.01255398518941764,0.1239790581377921,-0.07546902283874153,14.605393824519517,-11.39321197609089,21.779174681662603,12.38753533379121,1859.6858720668813,0.00788614992439353
0.652,78.38403470627428,45.782720820340906,0.012615965293725717,0.12394137882673198,-0.0752322470971357,14.598986392157679,-14.23366864660683,21.79181896305782,11.784822318052964,1859.1206824009796,0.007502450901511271
0.6525000000000001,78.32207340803771,46.20084228161982,0.012677926591962286,0.12390384181266696,-0.07489993981599362,14.591163029984466,-17.05688129378074,21.80033020177865,11.182944159552367,1858.5576271900043,0.007119283365253601
0.653,78.26013083280907,46.61871944200195,0.012739869167190927,0.1238664947032027,-0.07447273510250438,14.581932433294375,-19.86255999595072,21.80470834245322,10.582154105322985,1857.9974205480405,0.006736808537689385
0.6535000000000001,78.19820687380054,47.0363121134236,0.01280179312619945,0.12382938478672638,-0.07395127570074167,14.571303437548819,-22.650433965588572,21.804955148508025,9.982700940558086,1857.4407718008956,0.006355184800391729
0.654,78.13630140066088,47.453580362832135,0.012863698599339118,0.12379255902812242,-0.07333621285493114,14.559285008872571,-25.420251292880724,21.801074190748974,9.384828897614998,1856.8883854218363,0.005974567636508359
0.6545000000000001,78.07441425963808,47.87048451579568,0.012925585740361924,0.12375606406455644,-0.07262820617353134,14.545886234681635,-28.17177867696622,21.793070835096177,8.788777573308039,1856.3409609683465,0.005595109578108668
0.655,78.01254527374441,48.286985159843866,0.012987454726255595,0.12371994620132687,-0.07182792349414172,14.531116314448456,-30.904801145189857,21.78095222950021,8.19478185440045,1855.799193019903,0.0052169601587504005
0.6555000000000001,77.95069424292325,48.703043147548854,0.013049305757076754,0.1236842514077841,-0.07093604074922324,14.514984550610402,-33.61912176077815,21.764727290068066,7.603071851183103,1855.2637711167613,0.004840265871194552
0.656,77.8888609442182,49.118619599345436,0.013111139055781804,0.1236490253133164,-0.06995324183263475,14.497500339627296,-36.31456131927785,21.744406686427656,7.013872839030961,1854.7353796997459,0.004465170130199052
0.6565000000000001,77.8270451319439,49.533675906099205,0.013172954868056096,0.12361431320340241,-0.0688802184669718,14.478673163193365,-38.990958034153046,21.72000282635809,6.4274052078047355,1854.214698051036,0.004091813240306858
0.657,77.76524653785913,49.94817373142375,0.013234753462140866,0.12358016001572973,-0.06771767007172164,14.458512579609108,-41.6481672118808,21.691529839714633,5.843884418966519,1853.7024002359458,0.003720332368544921
0.6575000000000001,77.70346487134148,50.36207501375399,0.01329653512865852,0.12354661033637937,-0.0664663036322092,14.437028215318122,-44.286060916913414,21.65900356167565,5.26352097026142,1853.1991550456905,0.0033508615219398166
0.658,77.64169981956425,50.77534196817896,0.013358300180435748,0.12351370839607535,-0.06512683356935217,14.414229756613935,-46.90452762684737,21.622441515339446,4.686520367813079,1852.7056259411302,0.002983531529753196
0.6585000000000001,77.57995104767494,51.18793708803991,0.013420048952325065,0.12348149806649926,-0.06369998161020331,14.390126941521586,-49.50347187814737,21.58186289369833,4.113083105469657,1852.2224709974887,0.002618470030333037
0.659,77.51821819897576,51.59982314629765,0.013481781801024242,0.12345002285666959,-0.06218647665929315,14.364729551858703,-52.082813902751326,21.53728854101699,3.543404651231824,1851.7503428500438,0.002255801462473433
0.6595000000000001,77.45650089510579,52.01096319667629,0.013543499104894212,0.1234193259093847,-0.060587054670754106,14.338047405480431,-54.64248925589449,21.48874093364224,2.977675440582918,1851.2898886407704,0.001895647061168435
0.66,77.39479873622503,52.42132057458608,0.013605201263774973,0.1233894499977301,-0.058902458521233186,14.310090348712603,-57.18244843545776,21.436244160269972,2.4160808765397954,1850.8417499659515,0.001538124857644431
0.6605000000000001,77.33311130120003,52.83085889783353,0.013666888698799963,0.12336043752164856,-0.05713343788358988,14.280868248977267,-59.70265649316736,21.379823901695996,1.8588013362298508,1850.4065628247283,0.0011833496835472036
0.661,77.27143814779144,53.239542067121945,0.013728561852208563,0.12333233050457364,-0.05528074910136742,14.250390987614672,-62.20309263793125,21.319507410075925,1.3060121838004992,1849.9849575686044,0.0008314331791603616
0.6615,77.20977881284291,53.647334266350434,0.01379022118715709,0.12330517059012538,-0.053345155064041916,14.218668452905314,-64.68374983162632,21.255323487719203,0.7578837894541994,1849.5775588518807,0.0004824838055234124
0.662,77.14813281247197,54.054199962714485,0.013851867187528037,0.12327899903886853,-0.05132742508304604,14.185710533296128,-67.14463437760182,21.187302465442226,0.2145815544048144,1849.184985583028,0.00013660686031947473
0.6625,77.0864996422623,54.46010390661643,0.013913500357737706,0.12325385672513223,-0.04922833476855751,14.151527110834046,-69.58576550219188,21.115476180504164,-0.32373405846129266,1848.8078508769834,-0.00020609550260526142
0.663,77.02487877745757,54.86501113139088,0.013975121222542429,0.12322978413389142,-0.04704866590705474,14.116128054810517,-72.00717492950164,21.039877954149162,-0.8569074884363861,1848.4467620083713,-0.000545524250228448
0.6635,76.96326967315703,55.26888695285014,0.014036730326842972,0.12320682135770912,-0.044789206339636393,14.079523215620329,-74.40890644971714,20.960542568778052,-1.384788035574907,1848.1023203656368,-0.0008815834439850475
0.664,76.90167176451229,55.67169696865831,0.01409832823548772,0.12318500809373929,-0.04245074984109677,14.04172241883773,-76.7910154812051,20.87750624477131,-1.9072298142385424,1847.7751214060893,-0.0012141802101932055
0.6645,76.84008446692589,56.07340705753736,0.014159915533074111,0.12316438364079016,-0.0400340959997615,14.002735459513111,-79.15356862662655,20.79080661698544,-2.4240917018282726,1847.4657546118524,-0.001543224707416058
0.665,76.77850717625114,56.473983378313925,0.014221492823748856,0.12314498689644722,-0.03754005009806939,13.962572096692996,-81.49664322330767,20.70048271094332,-2.935237282938319,1847.1748034467084,-0.0018686300909090306
0.6655,76.71693926899349,56.873392368811906,0.014283060731006509,0.12312685635425613,-0.03496942299390921,13.92124204816634,-83.8203268880824,20.606574918739092,-3.4405347891650866,1846.9028453138421,-0.0021903124743010223
0.666,76.65538010251313,57.27160074459839,0.01434461989748687,0.12311003010096418,-0.032323031002697206,13.878754985439564,-86.12471705682556,20.509124974676705,-3.939857034809579,1846.6504515144625,-0.0025081908886612886
0.6665,76.5938290152292,57.66857549758809,0.014406170984770789,0.12309454581382101,-0.029601695780207476,13.835120528943314,-88.40992051887058,20.408175930661535,-4.433081348710575,1846.418187207315,-0.0028221872391030966
0.667,76.53228532682513,58.06428389451438,0.014467714673174873,0.12308044075793759,-0.026806244206125016,13.790348243473142,-90.6760529465103,20.303772131362578,-4.920089502450434,1846.2066113690637,-0.0031322262590781223
0.6675,76.47074833845535,58.458693475273236,0.014529251661544652,0.12306775178370323,-0.023937508268351924,13.744447633866589,-92.9232384197669,20.195959189162597,-5.400767635176049,1846.0162767555482,-0.003438235462515977
0.668,76.40921733295329,58.85177205114632,0.014590782667046704,0.12305651532426012,-0.020996324948035702,13.697428140919131,-95.15160894659591,20.084783958913167,-5.875006175276239,1845.8477298639018,-0.0037401450939624943
0.6685,76.3476915750407,59.24348770291029,0.014652308424959296,0.1230467673930354,-0.017983536105335648,13.649299137541085,-97.36130397869222,19.970294512509742,-6.342699759160013,1845.701510895531,-0.004037888076872361
0.669,76.28617031153799,59.63380877884063,0.014713829688462018,0.1230385435813301,-0.014899988365903429,13.600069925157639,-99.55246992305878,19.85254011330184,-6.803747147381387,1845.5781537199514,-0.004331399960212519
0.6695,76.22465277157595,60.0227038926147,0.014775347228424052,0.12303187905596444,-0.011746533008107053,13.549749730354172,-101.72525964947104,19.73157119035257,-7.258051138352483,1845.4781858394665,-0.004620618863530223
0.67,76.16313816680857,60.41014192112259,0.01483686183319143,0.1230268085569798,-0.008524025850951371,13.498347701768845,-103.87983199397823,19.607439312560537,-7.705518479890333,1845.4021283546967,-0.004905485420641976
0.6705,76.101625691627,60.796092002192495,0.014898374308372993,0.123023366395396,-0.00523332714273829,13.445872907234419,-106.01635125856568,19.480197162656733,-8.146059778841279,1845.35049593094,-0.005185942722098645
0.671,76.04011452337457,61.180523532238425,0.014959885476625436,0.12302158645102446,-0.001875301450423643,13.392334331171039,-108.13498670709875,19.349898511087325,-8.57958940902649,1845.3237967653668,-0.005461936256581756
0.6715,75.97860382256295,61.56340616383533,0.015021396177437054,0.1230215021703364,0.001549182450302785,13.337740872232219,-110.23591205764237,19.216598189794258,-9.006025417748905,1845.3225325550459,-0.00573341385138396
0.672,75.91709273308933,61.94470980323243,0.015082907266910662,0.1230231465643858,0.005039251684238435,13.282101341205259,-112.31930497126747,19.080352065902005,-9.425289431105647,1845.347198465787,-0.006000325612129048
0.6725,75.85558038245473,62.324404607808056,0.015144419617545273,0.12302655220678674,0.008594029385176241,13.225424459168375,-114.38534653741984,18.941217015320813,-9.837306558342988,1845.3982831018009,-0.006262623861882428
0.673,75.79406588198302,62.70246098347724,0.015205934118016991,0.1230317512317449,0.012212634803720064,13.167718855905733,-116.43422075594356,18.79925089627332,-10.242005295495382,1845.4762684761733,-0.006520263079805833
0.6735,75.73254832704129,63.078849582055916,0.015267451672958718,0.12303877533214286,0.01589418341439188,13.108993068582569,-118.46611401580942,18.65451252275303,-10.639317428541318,1845.5816299821429,-0.0067731998395044145
0.674,75.67102679726086,63.45354129859255,0.01532897320273913,0.12304765575767858,0.019637787022052666,13.04925554068151,-120.48121457062958,18.507061637919854,-11.02917793631504,1845.7148363651786,-0.007021392747218432
0.6745,75.60950035675948,63.8265072686712,0.01539049964324052,0.1230584233130571,0.023442553867622482,12.988514621202158,-122.47971201099148,18.356958887439298,-11.411524893402914,1845.8763496958563,-0.007264802380005152
0.675,75.54796805436402,64.19771886569765,0.015452031945635979,0.12307110835623485,0.027307588733120947,12.926778564124987,-124.46179673367367,18.204265792768776,-11.786299373259105,1846.0666253435227,-0.007503391224060379
0.6755,75.48642892383452,64.5671476981718,0.015513571076165472,0.12308574079671618,0.03123199304600989,12.864055528141778,-126.4276594077527,18.049044724396417,-12.153445351763704,1846.2861119507427,-0.007737123613321649
0.676,75.42488198408867,64.9347656069579,0.015575118015911323,0.12310235009390233,0.035214864982864504,12.800353576653453,-128.3774904376551,17.8913588750337,-12.512909611454017,1846.5352514085348,-0.007965965668499978
0.6765,75.36332623942738,65.30054466255716,0.015636673760572622,0.12312096525549142,0.03925529957235354,12.735680678037388,-130.31147942314627,17.731272232765527,-12.864641646647177,1846.8144788323712,-0.008189885236679033
0.677,75.30176067976086,65.66445716239355,0.015698239320239147,0.12314161483593032,0.04335238879755088,12.670044706185198,-132.22981461629007,17.56884955415752,-13.208593569678506,1847.1242225389549,-0.00840885183162463
0.6775,75.24018428083582,66.02647562811677,0.015759815719164186,0.12316432693491725,0.047505221697567705,12.603453441313205,-134.13268237535482,17.404156337322938,-13.544720018467713,1847.4649040237587,-0.008622836574939539
0.678,75.17859600446305,66.38657280293458,0.01582140399553695,0.12318912919595496,0.05171288446851696,12.535914571046312,-136.02026661568496,17.237258794946886,-13.872978065631674,1847.8369379393241,-0.008831812138202886
0.6785,75.11699479874598,66.74472164897814,0.01588300520125402,0.12321604880495447,0.05597446056380514,12.467435691777537,-137.8927482575055,17.068223827268397,-14.19332712935066,1848.240732074317,-0.009035752686225834
0.679,75.05537959830971,67.10089534471199,0.015944620401690285,0.12324511248888864,0.06028903079376576,12.398024310304093,-139.750304670652,16.897118995017017,-14.505728886197868,1848.6766873333295,-0.009234633821557137
0.6795,74.99374932453092,67.45506728239351,0.01600625067546908,0.12327634651449533,0.0646556734246202,12.327687845742226,-141.59310911618505,16.724012492302915,-14.810147186134063,1849.14519771743,-0.009428432530367044
0.68,74.93210288576816,67.8072110655924,0.01606789711423184,0.1233097766870299,0.06907346427679438,12.25643363172164,-143.42133018486717,16.548973119455106,-15.106547969869158,1849.6466503054485,-0.009617127129838051
0.6805,74.87043917759306,68.15730050677553,0.01612956082240694,0.12334542834906688,0.0735414768225616,12.184268918861955,-145.2351312324454,16.372070255805966,-15.394899188785336,1850.1814252360032,-0.009800697217186384
0.681,74.8087570830218,68.50530962496873,0.016191242916978196,0.12338332637935022,0.0780587822830472,12.111200877531838,-147.03466981170928,16.19337383241467,-15.675170727617065,1850.7498956902532,-0.00997912362043855
0.6815,74.74705547274745,68.85121264349995,0.016252944527252552,0.12342349519169155,0.08262444972457214,12.037236600893277,-148.82009710124905,16.012954304726282,-15.947334330073577,1851.3524278753732,-0.010152388351081156
0.682,74.68533320537254,69.19498398783512,0.01631466679462746,0.12346595873391707,0.08723754615435757,11.962383108232107,-150.5915573308711,15.830882625158536,-16.2113635275912,1851.989381008756,-0.01032047455870322
0.6825,74.62358912764248,69.53659828351219,0.01637641087235752,0.1235107404868615,0.09189713661557528,11.886647348576837,-152.34918720358837,15.64723021561073,-16.467233571393848,1852.6611073029223,-0.010483366487744545
0.683,74.56182207467914,69.87603035418432,0.01643817792532086,0.12355786346340998,0.09660228428176809,11.81003620460725,-154.09311531412516,15.46206893988622,-16.714921368039782,1853.3679519511497,-0.010641049436463509
0.6835,74.50003087021518,70.2132552197781,0.01649996912978481,0.12360735020758642,0.10135205055061786,11.73255649685462,-155.82346156385051,15.275471076020928,-16.954405418625072,1854.1102531137963,-0.01079350971823278
0.684,74.43821432682861,70.54824809477734,0.016561785673171382,0.12365922279368903,0.1061454951370938,11.654214988195452,-157.54033657205832,15.08750928850911,-17.185665761811848,1854.8883419053354,-0.010940734625269996
0.6845,74.37637124617794,70.8809843866384,0.01662362875382207,0.12371350282547225,0.11098167616594866,11.575018388640533,-159.24384108350776,14.898256600417087,-17.40868392084367,1855.7025423820837,-0.011082712394906673
0.685,74.3145004192375,71.21143969434927,0.016685499580762497,0.12377021143537428,0.11585965026360576,11.494973360420918,-160.93406537212996,14.707786365374675,-17.62344285470664,1856.5531715306142,-0.011219432178496419
0.6855,74.2526006265335,71.53958980713544,0.01674739937346649,0.12382936928379117,0.12077847264939684,11.414086523373516,-162.6110886407979,14.51617223943544,-17.829926913587748,1857.4405392568676,-0.011350884013058846
0.686,74.19067063838006,71.86541070332756,0.01680932936161995,0.12389099655839568,0.12573719722619678,11.332364460627286,-164.27497841706744,14.323488152792972,-18.028121798780685,1858.3649483759352,-0.011477058795754792
0.6865,74.12870921511573,72.18887854939419,0.016871290784884266,0.12395511297350158,0.1307348766704179,11.249813724592908,-165.92578994477395,14.129808281343852,-18.218014527179953,1859.3266946025237,-0.011597948261282593
0.687,74.06671510734043,72.5099696991515,0.016933284892659564,0.12402173776947305,0.1357705625214017,11.16644084325761,-167.56356557138068,13.935207018084592,-18.399593400502084,1860.3260665420958,-0.01171354496228369
0.6875,74.0046870561525,72.828660693157,0.016995312943847502,0.12409088971217797,0.14084330527017835,11.082252326787515,-169.18833413095854,13.739758944331458,-18.57284797936488,1861.3633456826694,-0.011823842252840965
0.6880000000000001,73.94262379338602,73.1449282582981,0.017057376206613985,0.12416258709248619,0.1459521544476313,10.997254674439306,-170.8001103226946,13.543538800749435,-18.737769062352765,1862.4388063872927,-0.011928834275151326
0.6885,73.88052404184853,73.45874930758137,0.017119475958151466,0.12423684772581112,0.15109615871203164,10.91145438178424,-172.3988940847874,13.346621458180035,-18.894348670186044,1863.5527158871666,-0.012028515949447554
0.6890000000000001,73.8183865155588,73.77010094013477,0.0171816134844412,0.12431368895169535,0.15627436593598448,10.824857948246015,-173.9846699636299,13.149081888252748,-19.04258003511128,1864.7053342754302,-0.012122882967243991
0.6895,73.75620991998488,74.0789604414295,0.01724379008001512,0.1243931276334393,0.1614858232927528,10.737471884955411,-175.55740647813863,12.95099513376871,-19.18245759561885,1865.8969145015892,-0.012211931787973654
0.6900000000000001,73.69399295228229,74.38530528373195,0.01730600704771772,0.12447518015777313,0.1667295773419939,10.649302722923956,-177.11705547911052,12.752436278842536,-19.313976996590544,1867.127702366597,-0.012295659639082175
0.6905,73.63173430153238,74.6891131267938,0.01736826569846762,0.12455986243457104,0.17200467411488418,10.560357021539257,-178.66355150347263,12.553480418789597,-19.43713509497126,1868.3979365185655,-0.01237406451963853
0.6910000000000001,73.56943264898085,74.99036181879086,0.017430567351019152,0.12464718989660849,0.17731015919866017,10.470641377384451,-180.1968111232998,12.354202629744648,-19.551929971053504,1869.7078484491274,-0.012447145207518974
0.6915,73.50708666827634,75.28902939751855,0.017492913331723665,0.1247371774993609,0.18264507782055037,10.380162433384468,-181.7167322894628,12.154677937998825,-19.658360945454532,1871.0576624904136,-0.012514901270215017
0.6920000000000001,73.44469502570905,75.58509409185484,0.017555304974290954,0.12482983972084488,0.1880084749311338,10.288926888281802,-183.2231936697792,11.954981289041156,-19.756428601860055,1872.4475958126732,-0.012577333079312521
0.6925,73.38225638044963,75.87853432349829,0.01761774361955036,0.12492519056150023,0.19339939528709155,10.196941506444853,-184.71605398152298,11.755187516292091,-19.846134815598614,1873.8778584225033,-0.012634441828682721
0.6930000000000001,73.31976938478789,76.16932870899369,0.0176802306152121,0.12502324354411387,0.19881688353339047,10.10421312801109,-186.19515131817312,11.555371309514278,-19.92748278810515,1875.348653161708,-0.012686229556422396
0.6935,73.2572326843717,76.45745606205043,0.017742767315628304,0.1251240117137842,0.2042599842848665,10.01074867936864,-187.66030247025097,11.355607182889067,-20.00047708732052,1876.8601757067631,-0.012732699170573014
0.6940000000000001,73.19464491844572,76.74289539616954,0.017805355081554286,0.1252275076379265,0.20972774220724635,9.916555183978565,-189.11130224012524,11.155969442744277,-20.065123694068262,1878.4126145688974,-0.0127738544786451
0.6945,73.1320047200904,77.025625927582,0.017867995279909597,0.12533374340631828,0.21521920209757178,9.821639773541866,-190.54792275063406,10.956532154922781,-20.121430054437063,1880.0061510947742,-0.012809700220965935
0.6950000000000001,73.06931071646066,77.30562707851477,0.017930689283539334,0.12544273063118513,0.2207334089640669,9.7260096995131,-191.969912747409,10.757369111776942,-20.16940513819103,1881.6409594677768,-0.012840242107864702
0.6955,73.0065615290247,77.58287848079011,0.017993438470975304,0.12555448044732606,0.22626940810541896,9.629672344964968,-193.3769968947505,10.558553798779663,-20.209059503216988,1883.3172067098908,-0.012865486860700905
0.6960000000000001,72.94375577380255,77.85735997977064,0.018056244226197445,0.12566900351227855,0.23182624518950232,9.53263523680616,-194.76887506493625,10.3601593607386,-20.240405366008954,1885.0350526841783,-0.012885442256736193
0.6965,72.88089206160488,78.1290516386585,0.01811910793839512,0.12578631000652235,0.23740296633152094,9.434906058356676,-196.14522162081917,10.162258567604603,-20.26345667817792,1886.794650097835,-0.012900117177841976
0.6970000000000001,72.81796899827123,78.39793374316172,0.018182031001728775,0.12590640963372304,0.24299861817160132,9.336492662283062,-197.50568469160243,9.964923779862184,-20.27822920896449,1888.5961445058456,-0.012909521663028613
0.6975,72.7549851849085,78.66398680653433,0.018245014815091498,0.12602931162101352,0.24861224795181092,9.237403083897973,-198.84988544164682,9.76822691349455,-20.284740633717934,1890.4396743152026,-0.01291366696477294
0.6980000000000001,72.69193921812906,78.92719157500409,0.018308060781870934,0.1261550247193141,0.25424290359262985,9.137645554826616,-200.17741733220157,9.572239404512501,-20.283010628294015,1892.3253707897115,-0.012912565609113769
0.6985,72.62882969028885,79.18752903359659,0.018371170309711138,0.12628355720369078,0.2598896337688499,9.037228517044657,-201.48784537592618,9.377032173041162,-20.273060969310027,1894.2533580553618,-0.012906231459476248
0.6990000000000001,72.56565518972512,79.44498041236668,0.018434344810274884,0.12641491687375125,0.26555148798493994,8.936160637290165,-202.7807053840929,9.182675586955673,-20.254915640180506,1896.2237531062688,-0.012894679784176279
0.6995,72.50241430099409,79.69952719304901,0.018497585699005906,0.1265491110540784,0.27122751664983885,8.834450821854169,-204.05550320634853,8.989239425061406,-20.228600942843862,1898.236665811176,-0.012877927327547901
0.7000000000000001,72.43910560510837,79.95115111613582,0.018560894394891638,0.12668614659470132,0.27691677115121716,8.732108231753092,-205.31171396292703,8.796792839812927,-20.194145615072816,1900.2921989205197,-0.012855992384625448
0.7005,72.37572767977406,80.19983418839796,0.018624272320225947,0.1268260298716028,0.28261830392917975,8.629142298286949,-206.54878126920428,8.605404319568251,-20.151580953247368,1902.3904480740418,-0.012828894879303228
0.7010000000000001,72.31227909962767,80.44555869085417,0.01868772090037233,0.12696876678726424,0.288331168549436,8.525562738987281,-207.76611645249267,8.415141650375976,-20.100940940449632,1904.5315018089634,-0.012796656445883242
0.7015,72.24875843647277,80.68830718720426,0.018751241563527223,0.12711436277124621,0.29405441977591357,8.42137957395869,-208.96309776097277,8.226071877294354,-20.04226237972394,1906.7154415686932,-0.012759300513911196
0.7020000000000001,72.1851642595162,80.92806253273662,0.018814835740483798,0.1272628227808061,0.2997871136428542,8.316603142617724,-210.13906956467585,8.038261265242191,-19.975585032325764,1908.9423417120915,-0.012716852396188494
0.7025,72.12149513560416,81.16480788371983,0.018878504864395844,0.12741415130155068,0.3055283075263516,8.211244120833483,-211.29334154841774,7.851775259384397,-19.900951760763224,1911.21226952326,-0.0126693393798353
0.7030000000000001,72.05774962945773,81.39852670729222,0.01894225037054226,0.12756835234812514,0.3112770602153736,8.105313538473439,-212.42518789661307,7.666678445054742,-19.81840867641495,1913.525285221877,-0.012616790820266986
0.7035,71.99392630390838,81.6292027918584,0.019006073696091617,0.12772542946493703,0.3170324319822385,7.998822797359591,-213.53384646987786,7.483034507223159,-19.728005291486202,1915.8814419740554,-0.012559238237932388
0.7040000000000001,71.93002372013267,81.85682025800831,0.019069976279867333,0.1278853857269156,0.32279348465257973,7.891783689637448,-214.6185179733658,7.300906189512341,-19.62979467504133,1918.280785903734,-0.012496715417647172
0.7045,71.86604043788697,82.08136356996644,0.019133959562113036,0.12804822374030553,0.3285592816747614,7.784208416563783,-215.67836511675807,7.120355252775914,-19.523833612829105,1920.7233561045828,-0.012429258510341799
0.7050000000000001,71.80197501574146,82.30281754758671,0.019198024984258533,0.1282139456434959,0.3343288881887963,7.676109607715842,-216.71251176586014,6.941442433247409,-19.41018277058959,1923.2091846524384,-0.012356906137025895
0.7055,71.73782601131401,82.52116737890235,0.019262173988685988,0.12838255310788282,0.34010137109471866,7.5675003406274275,-217.72004208574663,6.764227400275922,-19.288906860508142,1925.7382966182424,-0.012279699494756172
0.7060000000000001,71.67359198150325,82.73639863324642,0.01932640801849675,0.1285540473387667,0.3458757991204582,7.458394160854927,-218.69999967541884,6.588768713662914,-19.160074810451764,1928.3107100815007,-0.012197682464375631
0.7065,71.60927148272157,82.94849727495118,0.01939072851727844,0.12872842907628287,0.35165124288917987,7.348805102478762,-219.65138669393184,6.415123780620978,-19.02375993559707,1930.926436144243,-0.012110901719775321
0.7070000000000001,71.5448630711273,83.15744967764331,0.019455136928872702,0.128905698596366,0.35742677498612785,7.23874770904333,-220.57316297797004,6.2433488123743865,-18.88004011202647,1933.58547894549,-0.012019406838409099
0.7075,71.48036530285675,83.36324263914291,0.019519634697143247,0.12908585571174766,0.3632014700249376,7.128237054940924,-221.46424515084803,6.073498780427701,-18.728997951840597,1936.2878356762149,-0.011923250412773659
0.7080000000000001,71.41577673425536,83.56586339698413,0.019584223265744646,0.12926889977298722,0.36897440471346077,7.017288767242532,-222.32350572293288,5.905627372527928,-18.570720979298716,1939.0334965948084,-0.011822488162543018
0.7085,71.35109592210866,83.7652996445652,0.019648904077891344,0.12945482966953495,0.3747446579190636,6.90591904798137,-223.14977218347894,5.73978694835324,-18.405301807468387,1941.8224450430241,-0.011717179047027158
0.7090000000000001,71.28632142387248,83.96153954794538,0.019713678576127523,0.12964364383082838,0.38051131073343786,6.794144696892054,-223.94182608389312,5.576028494960212,-18.232838314825976,1944.6546574624256,-0.011607385377599429
0.7095,71.22145179790273,84.15457176329866,0.01977854820209727,0.1298353402274202,0.38627344653689294,6.681983134610584,-224.6984021124431,5.4144015820285905,-18.0534338212148,1947.530103411303,-0.011493172929714959
0.7100000000000001,71.15648560368449,84.3443854550389,0.019843514396315508,0.13002991637213882,0.392030151062165,6.569452426338911,-225.4181871604425,5.254954316943974,-17.867197262526503,1950.4487455820822,-0.011374611054116295
0.7105,71.09142140206066,84.53097031463025,0.019908578597939344,0.13022736932128026,0.3977805124577171,6.456571305978842,-226.09981937994837,5.097733299764455,-17.67424336343247,1953.410539819204,-0.011251772786797615
0.7110000000000001,71.0262577554598,84.71431658009527,0.019973742244540207,0.13042769567583196,0.40352362135055103,6.343359200738677,-226.74188723302746,4.942783578119215,-17.47469280744596,1956.4154351374793,-0.011124734957269658
0.7115,70.96099322812358,84.89441505623483,0.02003900677187642,0.13063089158272723,0.40925857090851947,6.22983625621796,-227.34292853264748,4.790148602094256,-17.268672403555414,1959.4633737409083,-0.010993578294641782
0.7120000000000001,70.89562638633348,85.07125713557328,0.02010437361366653,0.13083695273613163,0.4149844569021604,6.116023361973359,-227.90142947527355,4.639870179161667,-17.05631524861827,1962.5542910419745,-0.01085838753100507
0.7125,70.83015579863675,85.24483482004347,0.020169844201363248,0.1310458743787593,0.4207003777660266,6.001942177570502,-228.41582366525122,4.4919884292161845,-16.837760884659534,1965.6881156813897,-0.010719251501571717
0.7130000000000001,70.76458003607192,85.41514074342518,0.020235419963928088,0.13125765130322045,0.42640543465954867,5.887615159125652,-228.88449113107765,4.346541739786305,-16.613155450167138,1968.8647695483069,-0.010576263240992647
0.7135,70.69889767239343,85.58216819455036,0.020301102327606572,0.13147227785339877,0.43209873152739464,5.773065586341262,-229.30575733367112,4.2035667214928,-16.382651824423387,1972.0841678009815,-0.01042952007524176
0.7140000000000001,70.63310728429565,85.74591114129,0.020366892715704344,0.13168974792585908,0.4377793751593716,5.65831759003924,-229.67789216676286,4.063098163832619,-16.146409763857257,1975.3462188878862,-0.010279123708420499
0.7145,70.56720745163628,85.90636425533785,0.020432792548363728,0.13191005497128472,0.4434464752498201,5.5433961801962885,-229.9991089495523,3.9251689913724928,-15.904596029346013,1978.6508245692705,-0.010125180303800599
0.7150000000000001,70.5011967576587,86.06352293780421,0.020498803242341296,0.1321331919959448,0.44909914445656474,5.428327274484178,-230.2675634117736,3.789810220440817,-15.657384503331887,1981.9978799391722,-0.009967800558382842
0.7155,70.4350737892141,86.21738334563315,0.020564926210785893,0.1323591515631902,0.4547364984593606,5.313137727320253,-230.48135267134336,3.6570509164153258,-15.40495629556352,1985.387273447853,-0.009807099770214187
0.7160000000000001,70.36883713698231,86.36794241886162,0.020631162863017687,0.13258792579497938,0.4603576560178907,5.1978553594300845,-230.63851420476934,3.526918151706841,-15.147499836200307,1988.8188869246908,-0.009643197897659815
0.7165,70.30248539569224,86.51519790873155,0.020697514604307753,0.13281950637343248,0.46596173902927573,5.082508987927208,-230.7370248105152,3.399436964549508,-14.885210954957609,1992.2925956014872,-0.009476219609788542
0.7170000000000001,70.23601716434136,86.6591484066712,0.020763982835658633,0.13305388454241468,0.4715478725851337,4.9671284569126355,-230.7747995655353,3.2746303187125134,-14.618292944896604,1995.80826813622,-0.009306294326982696
0.7175,70.16943104641446,86.79979337416013,0.02083056895358554,0.1332910511091471,0.4771151850281559,4.851744668597979,-230.74969077520356,3.1525190642569747,-14.346956609393494,1999.3657666372064,-0.009133556250839654
0.7180000000000001,70.10272565010149,86.9371331734956,0.020897274349898513,0.13353099644584698,0.4826628080082394,4.736389614954949,-230.65948691688286,3.033121899468178,-14.071420290745795,2002.9649466877047,-0.008958144382383154
0.7185,70.03589958851474,87.07116909946967,0.02096410041148526,0.13377371049139467,0.48818987653813994,4.621096409894855,-230.50191157739292,2.9164553341023494,-13.79190987879743,2006.6056573709197,-0.008780202527554216
0.7190000000000001,69.96895147990503,87.20190341197872,0.021031048520094978,0.1340191827530293,0.4936955290486832,4.5058993219807055,-230.2746223846536,2.8025336540943613,-13.508658797882772,2010.2877412954392,-0.008599879288899456
0.7195,69.90187994787709,87.32933936957646,0.0210981200521229,0.13426740230807113,0.49917890744350135,4.390833807674815,-229.97520993379874,2.691368887881866,-13.221907970306612,2014.0110346210668,-0.008417328042321705
0.7200000000000001,69.83468362160416,87.45348126398804,0.021165316378395846,0.13451835780567206,0.504639157153338,4.275936545124954,-229.60119670807245,2.5829707745104624,-12.93190575449153,2017.775367085081,-0.008232706897703413
0.7205,69.76736113604152,87.57433445559755,0.021232638863958486,0.13477203746859207,0.5100754271898769,4.1612454684908755,-229.15003599483296,2.477346733692825,-12.638907855831704,2021.5805620288809,-0.008046178642154416
0.7210000000000001,69.6999111321393,87.69190540993024,0.0213000888678607,0.13502842909500357,0.5154868701991413,4.046799802814354,-228.61911079702054,2.374501838005674,-12.343177208204107,2025.4264364250532,-0.007857910664579618
0.7215,69.63233225705436,87.80620173513829,0.021367667742945642,0.1352875200603214,0.5208726425144296,3.9326400994343578,-228.00573274044697,2.274438787417317,-12.04498382398718,2029.3128009048212,-0.007668074860197918
0.7220000000000001,69.56462316436108,87.91723222051064,0.021435376835638925,0.13554929731906012,0.5262319042088195,3.8188082719495866,-227.30714097729992,2.177157886349554,-11.74460461034146,2033.2394597859018,-0.007476847513582827
0.7225,69.4967825142615,88.02500687602048,0.021503217485738507,0.13581374740671623,0.5315638191472117,3.705347632730181,-226.52050108626187,2.0826570234884154,-11.442323149402364,2037.2062111007433,-0.00728440915872884
0.7230000000000001,69.42880897379418,88.12953697292681,0.021571191026205826,0.13608085644167775,0.5368675550379544,3.592302929979912,-225.64290396967104,1.990931654569109,-11.138429439929146,2041.212846625166,-0.0070909444145800605
0.7235,69.36070121704243,88.23083508544468,0.021639298782957568,0.13635061012715816,0.5421422834840031,3.4797203853508254,-224.67136474817195,1.901974788373007,-10.833219597846737,2045.2591519073721,-0.006896641794389211
0.7240000000000001,69.29245792534131,88.32891513350346,0.021707542074658692,0.13662299375315684,0.5473871800336668,3.3676477321106404,-223.60282165331452,1.8157769761853806,-10.526995513000367,2049.3449062973527,-0.006701693487200844
0.7245,69.22407778748378,88.4237924266034,0.021775922212516216,0.13689799219844392,0.5526014242308995,3.2561342538646474,-222.43413491859565,1.7323263049765152,-10.220064459330573,2053.4698829766585,-0.006506295109681038
0.7250000000000001,69.1555594999258,88.51548370879073,0.021844440500074204,0.13717558993257115,0.5577841996651757,3.145230823832128,-221.1620856694468,1.6516083945806501,-9.912738655552312,2057.633848988567,-0.006310645426437038
0.7255,69.08690176699042,88.60400720476667,0.02191309823300957,0.13745577101790632,0.5629346940209176,3.0349899446779727,-219.78337481269455,1.5736063991614915,-9.605334773300068,2061.8365652685948,-0.006114946036892703
0.7260000000000001,69.01810330107091,88.6893826671449,0.02198189669892909,0.13773851911169374,0.5680520991265107,2.9254657888997473,-218.2946219260546,1.4983010132667536,-9.298173389573062,2066.077786675406,-0.005919401026704306
0.7265,68.94916282283273,88.7716314248729,0.022050837177167267,0.13802381746813774,0.573135611002878,2.8167142397696416,-216.6923641482185,1.425670482788482,-8.99157838018106,2070.357262022066,-0.005724216581616133
0.727,68.88007906141458,88.85077643283589,0.022119920938585422,0.13831164894051146,0.5781844299116383,2.7087929328312748,-214.97305507014252,1.355690621161365,-8.685876250759152,2074.674734107672,-0.005529600561571273
0.7275,68.81085075462828,88.92684232265641,0.02218914924537172,0.13860199598328904,0.5831977604028395,2.6017612979503686,-213.1330636281478,1.2883348311464211,-8.381395401777846,2079.0299397493354,-0.005335762032802506
0.728,68.74147664915773,88.99985545470756,0.02225852335084227,0.13889484065430133,0.588174811362265,2.4956806019183597,-211.1686729994784,1.2235741325637723,-8.078465323833385,2083.42260981452,-0.005142910755538209
0.7285,68.67195550075652,89.06984397135206,0.022328044499243468,0.13919016461691613,0.5931147960583346,2.390613991607199,-209.0760795009767,1.1613771963545738,-7.777415719354417,2087.8524692537417,-0.004951256624863458
0.729,68.60228607444486,89.13683785142938,0.022397713925555143,0.1394879491422405,0.5980169321885717,2.2866265376744654,-206.85139149157942,1.1017103853701287,-7.4785755467137465,2092.3192371336077,-0.004761009062182665
0.7295,68.53246714470484,89.20086896599942,0.02246753285529516,0.1397881751113474,0.6028804419256726,2.18378527881533,-204.49062827931957,1.0445378023027423,-7.182271982572308,2096.822626670211,-0.00457237635462724
0.73,68.4624974956752,89.2619711353636,0.022537502504324805,0.14009082301752418,0.6077045519631468,2.0821592665606032,-201.9897190336094,0.989821345193053,-6.888829298132598,2101.3623452628626,-0.0043855649396563005
0.7305,68.39237592134438,89.32018018737568,0.02260762407865562,0.14039587296854494,0.6124884935605613,1.9818196106163644,-199.34450170352466,0.9375207709657427,-6.598567644805902,2105.938094528174,-0.00420077863198842
0.731,68.32210122574297,89.37553401706151,0.022677898774257032,0.14070330468896397,0.6172315025883628,1.8828395247434835,-196.550721942916,0.8875937674669659,-6.311801744640417,2110.5495703344595,-0.004018217789902285
0.7315,68.25167222313448,89.42807264755774,0.02274832777686553,0.1410130975224332,0.6219328195723041,1.785294373172084,-193.60403204312342,0.8399960344956333,-6.028839480677807,2115.196462836498,-0.0038380784178297933
0.732,68.18108773820542,89.4778382923904,0.022818912261794583,0.14132523043404013,0.6265916897374545,1.6892617175481488,-190.49998987416419,0.7946813743430259,-5.749980382239053,2119.878456510602,-0.0036605512020590845
0.7325,68.11034660625384,89.52487541910497,0.02288965339374615,0.14163968201266897,0.6312073630518196,1.5948213644067208,-187.23405783522392,0.7516017923756835,-5.475513999954681,2124.5952301900343,-0.0034858204762466542
0.733,68.03944767337701,89.56923081426343,0.02296055232662299,0.14195643047338233,0.6357790942695443,1.502055413167862,-183.80160181537337,0.7107076082199323,-5.205718165178745,2129.346457100735,-0.0033140631133258764
0.7335,67.96838979665746,89.61095364982415,0.023031610203342538,0.1422754536598258,0.6403061429737343,1.4110483046488511,-180.19789016538192,0.6719475781284194,-4.940857128233242,2134.1318048973867,-0.0031454473402765886
0.734,67.8971718443484,89.65009555092031,0.023102828155651588,0.14259672904665227,0.6447877736188621,1.3218868700883155,-176.41809268162598,0.6352690291339944,-4.68117956974803,2138.950935699784,-0.0029801314721047637
0.7345,67.82579269605738,89.68671066504652,0.023174207303942623,0.14292023374196863,0.6492232555727938,1.2346603806744412,-172.45727960299405,0.6006180056194277,-4.426916479158772,2143.8035061295295,-0.002818262561252352
0.735,67.75425124292902,89.720855732676,0.023245748757070986,0.14324594448980257,0.6536118631584077,1.1494605975717391,-168.31042062183482,0.5679394289579105,-4.178278894237777,2148.6891673470386,-0.0026599749585379234
0.7355,67.68254638782642,89.75259015931323,0.023317453612173578,0.14357383767259085,0.6579528756948353,1.066381822438393,-163.97238390993547,0.5371772709044347,-3.935455495326441,2153.607565088863,-0.0025053887815974663
0.736,67.6106770455114,89.78197608900547,0.023389322954488607,0.14390388931368703,0.6622455775382956,0.985520948426813,-159.4379351605974,0.5082747414453667,-3.698610047738984,2158.5583397053056,-0.002354608286668041
0.7365,67.53864214282325,89.80907847931763,0.02346135785717675,0.14423607507989084,0.666489258122561,0.906977511658674,-154.70173664785986,0.48117449184072236,-3.4678786855984938,2163.5411261983622,-0.0022077201394241006
0.737,67.46644061885657,89.83396517779244,0.023533559381143435,0.14457037028399633,0.6706832119990158,0.8308537431660976,-149.75834630400126,0.45581883362231035,-3.243367030161021,2168.555554259945,-0.0020647915804456276
0.7375,67.39407142513744,89.85670699990183,0.023605928574862562,0.14490674988736113,0.6748267388763514,0.7572546212890204,-144.60221681641318,0.43214997433960944,-3.0251471354689876,2173.601248310417,-0.0019258684807607078
0.738,67.32153352579866,89.87737780850887,0.023678466474201344,0.14524518850249463,0.6789191436598577,0.6862879245192594,-139.2276947450322,0.4101102708755141,-2.813254253965507,2178.6778275374195,-0.0017909732827716509
0.7385,67.24882589775336,89.89605459484733,0.02375117410224664,0.1455856603956662,0.6829597364903547,0.6180642847802983,-133.62901966148365,0.38964250118446947,-2.607683414483236,2183.784905934993,-0.001660102821735035
0.739,67.17594753086765,89.91281756103525,0.023824052469132356,0.14592813948953243,0.6869478327827249,0.5526972411319959,-127.80032331117323,0.37069015533728145,-2.408385804807334,2188.922092342986,-0.0015332260228297595
0.7395,67.10289742813156,89.9277502041321,0.02389710257186845,0.14627259936578402,0.6908827532640853,0.49030329388806193,-121.73562879953192,0.3531977467889861,-2.2152649507919344,2194.0889904867604,-0.0014102814687070428
0.74,67.02967460582903,89.9409394017527,0.02397032539417097,0.14661901326781093,0.6947638240115711,0.43100195913430345,-115.42884980371096,0.33711114481953686,-2.0281726837933993,2199.285199017164,-0.0012911748322787006
0.7405,66.9562780937063,89.95247549924855,0.024043721906293697,0.14696735410338727,0.6985903764897573,0.374915823634241,-108.87378981098647,0.32237792913081603,-1.8469048879622585,2204.510311550809,-0.0011757761693591065
0.741,66.88270693513908,89.9624523984662,0.024117293064860924,0.14731759444737366,0.7023617475876937,0.3221706001086595,-102.06414138521238,0.30894776761843395,-1.6711970187187837,2209.763916710605,-0.0010639170656381327
0.7415,66.80896018729825,89.97096764809682,0.024191039812701744,0.14766970654443942,0.706077279655588,0.2728951828745723,-94.99348546265117,0.29677281837226543,-1.5007193835176236,2215.0455981665914,-0.0009553876323226066
0.742,66.73503692131445,89.97812253562206,0.024264963078685548,0.14802366231180145,0.7097363205411006,0.22722170382877374,-87.65529067857898,0.28580815699618534,-1.3350721757910216,2220.3549346770214,-0.0008499333446463718
0.7425,66.66093622244085,89.98402218087055,0.02433906377755914,0.14837943334198267,0.7133382236252923,0.18528558875988196,-80.04291272601101,0.27601223037453915,-1.1737802527430152,2225.6915001297402,-0.0007472517173108204
0.743,66.58665719021512,89.98877563119112,0.02441334280978488,0.14873699090558706,0.7168823478581878,0.1472256139729549,-72.14959374804964,0.2673473380511182,-1.0162876474573503,2231.054863583806,-0.0006469888107842832
0.7435,66.51219893861938,89.99249595825242,0.024487801061380626,0.14909630595409337,0.7203680577939932,0.11318396320896981,-63.96846176521364,0.25978014242494485,-0.8619518055684632,2236.4445893114007,-0.0005487355622528208
0.744,66.43756059623928,89.99530035647774,0.02456243940376072,0.14945734912266553,0.7237947236259369,0.08330628484180058,-55.49253013931948,0.2532822090070025,-0.7100375365434749,2241.860236839983,-0.0004520239348867453
0.7445,66.36274130642136,89.99731024312165,0.024637258693578648,0.14982009073298141,0.7271617212207641,0.05774174933366127,-46.71469707533875,0.2478305780221415,-0.559710669418974,2247.3013609947216,-0.00035632287895721377
0.745,66.28774022742913,89.99865135999616,0.02471225977257088,0.15018450079607729,0.7304684321528591,0.03664310692989481,-37.627745162819735,0.2434083686815979,-0.41003140264434085,2252.7675119411592,-0.00026103409821500036
0.7455,66.21255653259757,89.99945387685338,0.02478744346740242,0.15055054901521103,0.7337142437380261,0.020166745572757962,-28.224340958369993,0.24000541749320398,-0.2599473374933097,2258.2582352281656,-0.0001654876148225497
0.746,66.1371894104865,89.99985249642889,0.024862810589513496,0.15091820478874032,0.7368985490668996,0.008472749013457428,-18.497034610853277,0.23761895201888023,-0.10828618432767594,2263.7730718311045,-6.893712601723901e-05
0.7465,66.06163806503204,89.999986561155,0.02493836193496795,0.1512874372130192,0.7400207470380155,0.0017249551005001683,-8.438259530813026,0.2362543015319729,0.04625186917662289,2269.3115581952884,2.9444854426796816e-05
0.747,65.98590171569717,90.0,0.025014098284302833,0.15165821508530927,0.743080242390517,0.0,0.0,0.2359073958096778,0.17529812485997098,2274.873226279639,0.0001115982523448186
0.7475,65.90997959762026,90.0,0.025090020402379735,0.15203050690670916,0.7460764457365257,0.0,0.0,0.2359073958096778,0.17600495138864414,2280.457603600637,0.00011204823208860586
0.748,65.83387096176267,90.0,0.025166129038237322,0.15240428088509794,0.749008773593148,0.0,0.0,0.2359073958096778,0.1766967092169601,2286.0642132764688,0.00011248861879980186
0.7485,65.75757507505446,90.0,0.025242424924945533,0.15277950493809653,0.751876648414148,0.0,0.0,0.2359073958096778,0.17737326209749035,2291.692574071448,0.00011291932574059966
0.749,65.68109122053885,90.0,0.025318908779461156,0.15315614669604313,0.7546794986212673,0.0,0.0,0.2359073958096778,0.17803447519069648,2297.342200440647,0.000113340267069483
0.7495,65.60441869751503,90.0,0.02539558130248497,0.15353417350498544,0.7574167586352043,0.0,0.0,0.2359073958096778,0.17868021507223833,2303.0126025747813,0.00011375135784587884
0.75,65.5275568216797,90.0,0.02547244317832031,0.1539135524296875,0.76008786890625,0.0,0.0,0.2359073958096778,0.1793103497402012,2308.703286445312,0.00011415251403475831
0.7505000000000001,65.45050492526676,90.0,0.025549495074733235,0.1542942502566524,0.7626922759445866,0.0,0.0,0.2359073958096778,0.17992474862224359,2314.4137538497857,0.000114543652511187
0.751,65.37326235718594,90.0,0.025626737642814063,0.1546762334971593,0.7652294323502392,0.0,0.0,0.2359073958096778,0.18052328258266293,2320.14350245739,0.00011492469106482343
0.7515000000000001,65.29582848315933,90.0,0.02570417151684067,0.15505946839031629,0.7676987968427016,0.0,0.0,0.2359073958096778,0.18110582392938462,2325.892025854744,0.00011529554840436811
0.752,65.21820268585704,90.0,0.025781797314142967,0.15544392090612685,0.7700998342902163,0.0,0.0,0.2359073958096778,0.18167224642086935,2331.658813591903,0.00011565614416196099
0.7525000000000001,65.14038436503064,90.0,0.025859615634969357,0.15582955674857218,0.7724320157387248,0.0,0.0,0.2359073958096778,0.1822224252729426,2337.4433512285827,0.00011600639889752932
0.753,65.06237293764573,90.0,0.025937627062354262,0.15621634135870646,0.7746948184404832,0.0,0.0,0.2359073958096778,0.18275623716554554,2343.245120380597,0.00011634623410308532
0.7535000000000001,64.98416783801235,90.0,0.026015832161987645,0.15660423991776792,0.7768877258823509,0.0,0.0,0.2359073958096778,0.18327356024940822,2349.0635987665187,0.00011667557220697447
0.754,64.90576851791431,90.0,0.026094231482085686,0.15699321735030217,0.7790102278137401,0.0,0.0,0.2359073958096778,0.18377427415264325,2354.8982602545325,0.00011699433657807324
0.7545000000000001,64.82717444673659,90.0,0.026172825553263415,0.15738323832730142,0.78106182027425,0.0,0.0,0.2359073958096778,0.18425825998726492,2360.7485749095213,0.00011730245152993922
0.755,64.74838511159146,90.0,0.02625161488840854,0.1577742672693555,0.7830420056209607,0.0,0.0,0.2359073958096778,0.18472540035562793,2366.614009040333,0.00011759984232491019
0.7555000000000001,64.6694000174428,90.0,0.026330599982557195,0.15816626834981823,0.7849502925554129,0.0,0.0,0.2359073958096778,0.18517557935679219,2372.4940252472734,0.00011788643517815605
0.756,64.59021868722903,90.0,0.026409781312770976,0.15855920549798547,0.7867861961502551,0.0,0.0,0.2359073958096778,0.18560868259280902,2378.3880824697817,0.00011816215726168074
0.7565000000000001,64.51084066198415,90.0,0.026489159338015853,0.15895304240228791,0.7885492378755742,0.0,0.0,0.2359073958096778,0.18602459717493283,2384.2956360343187,0.00011842693670827676
0.757,64.43126550095761,90.0,0.026568734499042387,0.1593477425134959,0.7902389456249034,0.0,0.0,0.2359073958096778,0.18642321172975654,2390.2161377024386,0.00011868070261543104
0.7575000000000001,64.35149278173216,90.0,0.02664850721826784,0.15974326904793795,0.7918548537409078,0.0,0.0,0.2359073958096778,0.18680441640527085,2396.149035719069,0.00011892338504918241
0.758,64.27152210034035,90.0,0.02672847789965965,0.16013958499073133,0.7933965030407568,0.0,0.0,0.2359073958096778,0.18716810287685004,2402.09377486097,0.00011915491504793231
0.7585000000000001,64.19135307137927,90.0,0.026808646928620738,0.1605366530990259,0.7948634408411738,0.0,0.0,0.2359073958096778,0.18751416435316118,2408.0497964853885,0.00011937522462620672
0.759,64.11098532812377,90.0,0.02688901467187623,0.1609344359052597,0.7962552209831762,0.0,0.0,0.2359073958096778,0.1878424955820006,2414.0165385788955,0.00011958424677837164
0.7595000000000001,64.03041852263797,90.0,0.026969581477362035,0.1613328957204278,0.7975714038564988,0.0,0.0,0.2359073958096778,0.18815299285605544,2419.993435806417,0.00011978191548230118
0.76,63.94965232588519,90.0,0.02705034767411481,0.16173199463736188,0.7988115564237023,0.0,0.0,0.2359073958096778,0.1884455540185911,2425.9799195604282,0.00011996816570299823
0.7605000000000001,63.86868642783614,90.0,0.027131313572163866,0.16213169453402354,0.7999752522439761,0.0,0.0,0.2359073958096778,0.18872007846906652,2431.9754180103528,0.00012014293339616922
0.761,63.787520537575645,90.0,0.02721247946242435,0.16253195707680768,0.8010620714966248,0.0,0.0,0.2359073958096778,0.18897646716867467,2437.979356152115,0.00012030615551175138
0.7615000000000001,63.70615438340748,90.0,0.02729384561659252,0.16293274372385894,0.8020716010042529,0.0,0.0,0.2359073958096778,0.18921462264581224,2443.9911558578838,0.0001204577699973948
0.762,63.624587712957755,90.0,0.027375412287042246,0.16333401572839873,0.803003434255635,0.0,0.0,0.2359073958096778,0.18943444900147466,2450.010235925981,0.000120597715801897
0.7625000000000001,63.54282029327646,90.0,0.02745717970672354,0.1637357341420642,0.8038571714282883,0.0,0.0,0.2359073958096778,0.1896358519145812,2456.036012130963,0.00012072593287859305
0.763,63.46085191093752,90.0,0.027539148089062476,0.16413785981825788,0.8046324194107313,0.0,0.0,0.2359073958096778,0.18981873864722604,2462.0678972738683,0.00012084236218869846
0.7635000000000001,63.378682372136964,90.0,0.02762131762786304,0.16454035341550927,0.8053287918244486,0.0,0.0,0.2359073958096778,0.18998301804985981,2468.105301232639,0.00012094694570460786
0.764,63.29631150278962,90.0,0.027703688497210378,0.16494317540084594,0.8059459090455466,0.0,0.0,0.2359073958096778,0.19012860056639835,2474.147631012689,0.00012103962641314732
0.7645000000000001,63.21373914862393,90.0,0.027786260851376074,0.16534628605317697,0.8064833982261133,0.0,0.0,0.2359073958096778,0.19025539823926169,2480.1942907976545,0.00012112034831878231
0.765,63.13096517527525,90.0,0.027869034824724755,0.1657496454666856,0.8069408933152727,0.0,0.0,0.2359073958096778,0.19036332471434103,2486.244682000284,0.00012118905644677977
0.7655000000000001,63.04798946837724,90.0,0.02795201053162276,0.16615321355423351,0.8073180350799515,0.0,0.0,0.2359073958096778,0.19045229524589746,2492.2982033135027,0.00012124569684632665
0.766,62.96481193365187,90.0,0.028035188066348127,0.16655695005077423,0.8076144711253379,0.0,0.0,0.2359073958096778,0.19052222670138869,2498.354250761613,0.0001212902165936028
0.7665000000000001,62.88143249699728,90.0,0.028118567503002723,0.16696081451677802,0.8078298559150496,0.0,0.0,0.2359073958096778,0.1905730375662266,2504.41221775167,0.0001213225637948097
0.767,62.79785110457435,90.0,0.02820214889542565,0.16736476634166533,0.80796385079101,0.0,0.0,0.2359073958096778,0.19060464794846624,2510.47149512498,0.00012134268758915557
0.7675000000000001,62.714067722891244,90.0,0.028285932277108752,0.16776876474725164,0.8080161239930266,0.0,0.0,0.2359073958096778,0.1906169795834246,2516.5314712087747,0.00012135053815179568
0.768,62.63008233888648,90.0,0.028369917661113523,0.16817276879120036,0.8079863506780816,0.0,0.0,0.2359073958096778,0.19060995583823132,2522.5915318680054,0.00012134606669672956
0.7685000000000001,62.54589496000995,90.0,0.028454105039990046,0.1685767373704871,0.8078742129393262,0.0,0.0,0.2359073958096778,0.19058350171630953,2528.651060557306,0.00012132922547965352
0.769,62.461505614302624,90.0,0.028538494385697378,0.16898062922487161,0.8076793998247932,0.0,0.0,0.2359073958096778,0.1905375438617905,2534.709438373074,0.00012129996780077113
0.7695000000000001,62.37691435047405,90.0,0.028623085649525943,0.16938440294038062,0.8074016073558148,0.0,0.0,0.2359073958096778,0.19047201056385826,2540.766044105709,0.000121258248007559
0.77,62.292121237978606,90.0,0.028707878762021397,0.16978801695279822,0.807040538545157,0.0,0.0,0.2359073958096778,0.19038683176102789,2546.820254291973,0.00012120402149749058
0.7705000000000001,62.20712636708947,90.0,0.02879287363291053,0.17019142955116684,0.8065959034148639,0.0,0.0,0.2359073958096778,0.19028193904535493,2552.8714432675024,0.00012113724472071585
0.771,62.12192984897137,90.0,0.02887807015102863,0.17059459888129552,0.806067419013825,0.0,0.0,0.2359073958096778,0.1901572656665798,2558.918983219433,0.00012105787518269974
0.7715000000000001,62.03653181575111,90.0,0.02896346818424889,0.17099748294927847,0.8054548094350481,0.0,0.0,0.2359073958096778,0.19001274653620248,2564.962244239177,0.00012096587144681616
0.772,61.950932420586724,90.0,0.029049067579413276,0.17140003962502065,0.8047578058326617,0.0,0.0,0.2359073958096778,0.18984831823149353,2571.0005943753094,0.00012086119313690157
0.7725000000000001,61.86513183773454,90.0,0.029134868162265463,0.1718022266457731,0.8039761464386243,0.0,0.0,0.2359073958096778,0.189663918999436,2577.033399686596,0.00012074380093976433
0.773,61.779130262614736,90.0,0.029220869737385264,0.1722040016196755,0.8031095765791635,0.0,0.0,0.2359073958096778,0.18945948876060345,2583.0600242951327,0.00012061365660765371
0.7735000000000001,61.6929279118749,90.0,0.029307072088125104,0.1726053220293079,0.8021578486909284,0.0,0.0,0.2359073958096778,0.18923496911297047,2589.079830439618,0.00012047072296068554
0.774,61.60652502345205,90.0,0.02939347497654795,0.1730061452352491,0.8011207223368697,0.0,0.0,0.2359073958096778,0.1889903033356589,2595.0921785287364,0.0001203149638892273
0.7745000000000001,61.51992185663259,90.0,0.029480078143367405,0.17340642847964483,0.7999979642218393,0.0,0.0,0.2359073958096778,0.1887254363926179,2601.0964271946727,0.00012014634435624088
0.775,61.433118692110824,90.0,0.029566881307889172,0.1738061288897813,0.7987893482079138,0.0,0.0,0.2359073958096778,0.18844031493623886,2607.0919333467195,0.00011996483039958374
0.7755000000000001,61.34611583204526,90.0,0.029653884167954742,0.17420520348166874,0.7974946553294481,0.0,0.0,0.2359073958096778,0.18813488731090666,2613.078052225031,0.00011977038913426997
0.776,61.25891360011357,90.0,0.02974108639988643,0.1746036091636302,0.7961136738078487,0.0,0.0,0.2359073958096778,0.18780910355648486,2619.054137454453,0.0001195629887546889
0.7765000000000001,61.171512341565354,90.0,0.029828487658434648,0.17500130273989978,0.7946461990660785,0.0,0.0,0.2359073958096778,0.18746291541173737,2625.0195410984966,0.0001193425985367834
0.777,61.08391242327345,90.0,0.029916087576726546,0.17539824091422587,0.7930920337428887,0.0,0.0,0.2359073958096778,0.187096276317686,2630.973613713388,0.00011910918884018737
0.7775000000000001,60.99611423378312,90.0,0.03000388576621688,0.17579438029348363,0.7914509877067811,0.0,0.0,0.2359073958096778,0.18670914142090406,2636.9157044022545,0.0001188627311103225
0.778,60.90811818335972,90.0,0.030091881816640284,0.17618967739129218,0.7897228780697014,0.0,0.0,0.2359073958096778,0.18630146757674695,2642.8451608693827,0.00011860319788045499
0.7785000000000001,60.81992470403426,90.0,0.030180075295965742,0.1765840886316409,0.7879075292004584,0.0,0.0,0.2359073958096778,0.1858732133525178,2648.761329474614,0.00011833056277371077
0.779,60.731534249647524,90.0,0.03026846575035248,0.17697757035252,0.7860047727378846,0.0,0.0,0.2359073958096778,0.18542433903057198,2654.6635552877997,0.00011804480050505197
0.7795000000000001,60.64294729589194,90.0,0.030357052704108056,0.17737007880955966,0.7840144476037234,0.0,0.0,0.2359073958096778,0.18495480661135746,2660.5511821433947,0.00011774588688321242
0.78,60.554164340352045,90.0,0.03044583565964796,0.17776157017967403,0.7819364000152542,0.0,0.0,0.2359073958096778,0.1844645798163931,2666.4235526951106,0.00011743379881259372
0.7805000000000001,60.465185902542714,90.0,0.030534814097457282,0.1781520005647127,0.7797704834976495,0.0,0.0,0.2359073958096778,0.18395362409118382,2672.2800084706905,0.00011710851429512109
0.781,60.37601252394606,90.0,0.030623987476053945,0.17854132599511696,0.777516558896075,0.0,0.0,0.2359073958096778,0.183421906608075,2678.1198899267542,0.00011677001243206048
0.7815000000000001,60.2866447680459,90.0,0.0307133552319541,0.1789295024335835,0.7751744943875161,0.0,0.0,0.2359073958096778,0.1828693962690426,2683.9425365037523,0.00011641827342579494
0.782,60.19708322036102,90.0,0.030802916779638975,0.17931648577873252,0.772744165492358,0.0,0.0,0.2359073958096778,0.18229606370842485,2689.747286680988,0.00011605327858156353
0.7825000000000001,60.107328488476035,90.0,0.030892671511523966,0.179702231868783,0.7702254550856867,0.0,0.0,0.2359073958096778,0.1817018812955883,2695.533478031745,0.00011567501030915871
0.783,60.01738120207088,90.0,0.030982618797929122,0.18008669648523212,0.7676182534083483,0.0,0.0,0.2359073958096778,0.18108682313753677,2701.3004472784814,0.00011528345212458712
0.7835000000000001,59.92724201294806,90.0,0.031072757987051947,0.18046983535654146,0.7649224580777345,0.0,0.0,0.2359073958096778,0.18045086508145577,2707.047530348122,0.0001148785886516895
0.784,59.83691159505842,90.0,0.031163088404941582,0.1808516041618273,0.7621379740983207,0.0,0.0,0.2359073958096778,0.1797939847171985,2712.7740624274093,0.00011446040562372333
0.7845000000000001,59.74639064452475,90.0,0.03125360935547525,0.18123195853455745,0.7592647138719395,0.0,0.0,0.2359073958096778,0.1791161613797094,2718.479378018362,0.00011402888988490556
0.785,59.65567987966382,90.0,0.03134432012033618,0.18161085406625177,0.7563025972078037,0.0,0.0,0.2359073958096778,0.17841737615138867,2724.162810993777,0.0001135840293919182
0.7855000000000001,59.56478004100627,90.0,0.03143521995899373,0.18198824631018876,0.7532515513322694,0.0,0.0,0.2359073958096778,0.1776976118643955,2729.8236946528314,0.0001131258132153743
0.786,59.47369189131496,90.0,0.03152630810868504,0.18236409078511628,0.7501115108983468,0.0,0.0,0.2359073958096778,0.17695685310289175,2735.4613617767445,0.00011265423154124647
0.7865000000000001,59.38241621560118,90.0,0.031617583784398814,0.18273834297896752,0.746882417994958,0.0,0.0,0.2359073958096778,0.17619508620522578,2741.075144684513,0.00011216927567225723
0.787,59.29095382113924,90.0,0.03170904617886076,0.1831109583525806,0.7435642221559405,0.0,0.0,0.2359073958096778,0.17541229926605664,2746.664375288709,0.00011167093802923105
0.7875000000000001,59.19930553747895,90.0,0.03180069446252105,0.183481892343424,0.7401568803687976,0.0,0.0,0.2359073958096778,0.17460848213841826,2752.22838515136,0.00011115921215240873
0.788,59.10747221645656,90.0,0.03189252778354344,0.1838511003693248,0.7366603570832035,0.0,0.0,0.2359073958096778,0.17378362643572587,2757.7665055398725,0.0001106340927027246
0.7885000000000001,59.015454732203395,90.0,0.03198454526779661,0.18421853783220257,0.7330746242192483,0.0,0.0,0.2359073958096778,0.17293772553372103,2763.2780674830383,0.00011009557546304475
0.789,58.92325398115318,90.0,0.032076746018846816,0.1845841601218058,0.7293996611754437,0.0,0.0,0.2359073958096778,0.17207077457236028,2768.762401827087,0.00010954365733936942
0.7895000000000001,58.83087088204689,90.0,0.03216912911795311,0.18494792261945386,0.7256354548364707,0.0,0.0,0.2359073958096778,0.17118277045764288,2774.218839291808,0.00010897833636199655
0.79,58.738306375936276,90.0,0.032261693624063725,0.1853097807017811,0.7217819995806908,0.0,0.0,0.2359073958096778,0.17027371186338272,2779.6467105267166,0.00010839961168664985
0.7905000000000001,58.64556142618507,90.0,0.03235443857381493,0.18566968974448658,0.7178392972873935,0.0,0.0,0.2359073958096778,0.16934359923291809,2785.0453461672987,0.00010780748359556723
0.791,58.55263701846868,90.0,0.03244736298153132,0.18602760512608507,0.7138073573438176,0.0,0.0,0.2359073958096778,0.1683924347807681,2790.414076891276,0.00010720195349855537
0.7915000000000001,58.4595341607717,90.0,0.032540465839228296,0.18638348223166393,0.7096861966519064,0.0,0.0,0.2359073958096778,0.1674202224942261,2795.7522334749588,0.00010658302393400405
0.792,58.366253883383855,90.0,0.032633746116616145,0.18673727645664095,0.705475839634835,0.0,0.0,0.2359073958096778,0.1664269681348998,2801.059146849614,0.00010595069856986661
0.7925000000000001,58.27279723889367,90.0,0.03272720276110633,0.1870889432105278,0.7011763182432826,0.0,0.0,0.2359073958096778,0.16541267924019068,2806.3341481579173,0.00010530498220460195
0.793,58.179165302180735,90.0,0.03282083469781927,0.187438437920694,0.6967876719614665,0.0,0.0,0.2359073958096778,0.1643773651247176,2811.5765688104098,0.00010464588076808052
0.7935,58.085359170405596,90.0,0.0329146408295944,0.18778571603613614,0.692309947812931,0.0,0.0,0.2359073958096778,0.16332103688168248,2816.7857405420423,0.00010397340132245407
0.794,57.99137996299815,90.0,0.03300862003700185,0.18813073303124858,0.687743200366094,0.0,0.0,0.2359073958096778,0.16224370738417868,2821.9609954687285,0.0001032875520629883
0.7945,57.89722882164399,90.0,0.03310277117835601,0.18847344440959699,0.6830874917395587,0.0,0.0,0.2359073958096778,0.1611453912864441,2827.101666143955,0.00010258834231886087
0.795,57.802906910268796,90.0,0.033197093089731206,0.18881380570769518,0.6783428916071707,0.0,0.0,0.2359073958096778,0.16002610502505416,2832.2070856154273,0.00010187578255392064
0.7955,57.70841541502102,90.0,0.033291584584978974,0.18915177249878348,0.6735094772028535,0.0,0.0,0.2359073958096778,0.15888586682006273,2837.2765874817524,0.00010114988436741417
0.796,57.61375554425247,90.0,0.03338624445574753,0.18948730039661044,0.6685873333251852,0.0,0.0,0.2359073958096778,0.15772469667608144,2842.3095059491566,0.00010041066049467279
0.7965,57.51892852849722,90.0,0.03348107147150278,0.18982034505921563,0.6635765523417565,0.0,0.0,0.2359073958096778,0.15654261638330813,2847.3051758882348,9.965812480776723e-05
0.797,57.42393562044839,90.0,0.03357606437955161,0.1901508621927159,0.6584772341932696,0.0,0.0,0.2359073958096778,0.15533964951849355,2852.2629328907383,9.889229231612324e-05
0.7975,57.32877809493334,90.0,0.03367122190506666,0.19047880755509222,0.6532894863974221,0.0,0.0,0.2359073958096778,0.15411582144585778,2857.1821133263834,9.811317916710479e-05
0.798,57.233457248886545,90.0,0.03376654275111345,0.1908041369599797,0.6480134240525331,0.0,0.0,0.2359073958096778,0.1528711593179455,2862.062054399695,9.732080264655874e-05
0.7985,57.1379744013211,90.0,0.033862025598678895,0.19112680628045817,0.6426491698409486,0.0,0.0,0.2359073958096778,0.1516056920764295,2866.9020942068723,9.651518117932619e-05
0.799,57.04233089329781,90.0,0.03395766910670219,0.19144677145284564,0.637196854032202,0.0,0.0,0.2359073958096778,0.15031945045285616,2871.7015717926847,9.569633432971722e-05
0.7995,56.94652808789277,90.0,0.034053471912107225,0.19176398848049192,0.6316566144859488,0.0,0.0,0.2359073958096778,0.1490124669693378,2876.4598272073786,9.486428280195155e-05
0.8,56.85056737016282,90.0,0.034149432629837176,0.1920784134375752,0.6260285966546528,0.0,0.0,0.2359073958096778,0.1476847759391863,2881.1762015636277,9.401904844056205e-05
0.8005,56.75445014710926,90.0,0.03424554985289074,0.19239000247289814,0.6203129535860586,0.0,0.0,0.2359073958096778,0.14633641346749662,2885.850037093472,9.316065423076597e-05
0.801,56.658177847639465,90.0,0.034341822152360535,0.19269871181368703,0.6145098459254065,0.0,0.0,0.2359073958096778,0.14496741745166897,2890.4806772053053,9.228912429879764e-05
0.8015,56.5617519225269,90.0,0.034438248077473095,0.1930044977693901,0.6086194419174413,0.0,0.0,0.2359073958096778,0.14357782758188303,2895.0674665408515,9.140448391221022e-05
0.802,56.46517384436885,90.0,0.03453482615563115,0.19330731673547866,0.6026419174081631,0.0,0.0,0.2359073958096778,0.14216768534151067,2899.6097510321797,9.050675948013846e-05
0.8025,56.36844510754267,90.0,0.03463155489245733,0.1936071251972473,0.5965774558463697,0.0,0.0,0.2359073958096778,0.1407370340074801,2904.1068779587094,8.959597855353055e-05
0.803,56.271567228159704,90.0,0.0347284327718403,0.19390387973361617,0.5904262482849488,0.0,0.0,0.2359073958096778,0.13928591865058051,2908.5581960042423,8.867216982534203e-05
0.8035,56.17454174401778,90.0,0.03482545825598222,0.19419753702093304,0.5841884933819567,0.0,0.0,0.2359073958096778,0.1378143861357166,2912.9630553139955,8.773536313069786e-05
0.804,56.07737021455127,90.0,0.03492262978544873,0.1944880538367763,0.5778643974014476,0.0,0.0,0.2359073958096778,0.13632248512210424,2917.3208075516445,8.6785589447017e-05
0.8045,55.980054220779756,90.0,0.03501994577922024,0.19477538706375777,0.5714541742140976,0.0,0.0,0.2359073958096778,0.1348102660634177,2921.630805956366,8.582288089410606e-05
0.805,55.882595365254375,90.0,0.03511740463474562,0.19505949369332662,0.5649580452975743,0.0,0.0,0.2359073958096778,0.13327778120787673,2925.892405399899,8.48472707342148e-05
0.8055,55.78499527200263,90.0,0.035215004727997365,0.19534033082957233,0.5583762397366997,0.0,0.0,0.2359073958096778,0.13172508459828516,2930.104962443585,8.38587933720607e-05
0.806,55.68725558647094,90.0,0.03531274441352906,0.19561785569302897,0.551708994223367,0.0,0.0,0.2359073958096778,0.1301522320720111,2934.2678353954348,8.285748435481633e-05
0.8065,55.58937797546563,90.0,0.03541062202453437,0.19589202562447783,0.544956553056248,0.0,0.0,0.2359073958096778,0.12855928126091798,2938.380384367167,8.184338037206546e-05
0.807,55.49136412709169,90.0,0.035508635872908305,0.1961627980887515,0.5381191681402521,0.0,0.0,0.2359073958096778,0.126946291591237,2942.4419713312723,8.08165192557219e-05
0.8075,55.393215750690025,90.0,0.03560678424930998,0.19643013067853607,0.531197098985782,0.0,0.0,0.2359073958096778,0.12531332428339148,2946.451960178041,7.97769399799176e-05
0.808,55.29493457677227,90.0,0.03570506542322773,0.19669398111817443,0.5241906127077406,0.0,0.0,0.2359073958096778,0.12366044235176248,2950.4097167726163,7.872468266085344e-05
0.8085,55.19652235695434,90.0,0.03580347764304566,0.19695430726746738,0.5170999840243325,0.0,0.0,0.2359073958096778,0.12198771060440627,2954.314609012011,7.765978855661951e-05
0.809,55.09798086388748,90.0,0.035902019136112524,0.19721106712547568,0.5099254952556206,0.0,0.0,0.2359073958096778,0.12029519564271365,2958.166006882135,7.658230006697804e-05
0.8095,54.99931189118788,90.0,0.03600068810881212,0.19746421883431994,0.5026674363218782,0.0,0.0,0.2359073958096778,0.11858296586102132,2961.963282514799,7.549226073311608e-05
0.81,54.90051725336402,90.0,0.03609948274663598,0.1977137206829809,0.49532610474169253,0.0,0.0,0.2359073958096778,0.11685109144616437,2965.705810244713,7.43897152373606e-05
0.8105,54.80159878574251,90.0,0.036198401214257485,0.19795953111109751,0.4879018056298713,0.0,0.0,0.2359073958096778,0.11509964437698253,2969.392966666463,7.327470940286419e-05
0.811,54.702558344391555,90.0,0.03629744165560844,0.1982016087127648,0.480394851695098,0.0,0.0,0.2359073958096778,0.11332869842376694,2973.024130691472,7.21472901932528e-05
0.8115,54.603397806043,90.0,0.036396602193957,0.19843991224032997,0.4728055632373889,0.0,0.0,0.2359073958096778,0.11153832914766035,2976.5986836049497,7.10075057122439e-05
0.812,54.504119068012095,90.0,0.036495880931987905,0.19867440060818764,0.465134268145302,0.0,0.0,0.2359073958096778,0.10972861389999856,2980.116009122815,6.985540520322731e-05
0.8125,54.40472404811567,90.0,0.03659527595188433,0.1989050328965731,0.4573813018929506,0.0,0.0,0.2359073958096778,0.10789963182160603,2983.5754934485967,6.869103904881667e-05
0.8130000000000001,54.30521468458809,90.0,0.03669478531541191,0.1991317683553545,0.4495470075367637,0.0,0.0,0.2359073958096778,0.10605146384203151,2986.9765253303176,6.751445877036289e-05
0.8135,54.205592935995675,90.0,0.036794407064004324,0.19935456640782304,0.4416317357120553,0.0,0.0,0.2359073958096778,0.10418419267873884,2990.3184961173456,6.632571702743896e-05
0.8140000000000001,54.1058607811489,90.0,0.0368941392188511,0.19957338665448152,0.4336358446293425,0.0,0.0,0.2359073958096778,0.10229790283623824,2993.6007998172227,6.512486761728694e-05
0.8145,54.006020219012946,90.0,0.036993979780987056,0.19978818887683097,0.4255597000704712,0.0,0.0,0.2359073958096778,0.10039268060517242,2996.8228331524647,6.391196547423617e-05
0.8150000000000001,53.906073268616126,90.0,0.037093926731383876,0.19999893304115543,0.41740367538448986,0.0,0.0,0.2359073958096778,0.09846861406134311,2999.9839956173314,6.268706666908347e-05
0.8155,53.80602196895672,90.0,0.03719397803104328,0.2002055793023043,0.4091681514833317,0.0,0.0,0.2359073958096778,0.09652579306469253,3003.083689534564,6.145022840844483e-05
0.8160000000000001,53.705868378907574,90.0,0.03729413162109243,0.20040808800747265,0.40085351683725073,0.0,0.0,0.2359073958096778,0.09456430925822665,3006.1213201120895,6.020150903406982e-05
0.8165,53.60561457711913,90.0,0.03739438542288087,0.2006064196999794,0.3924601674700603,0.0,0.0,0.2359073958096778,0.09258425606689194,3009.0962954996908,5.894096802212661e-05
0.8170000000000001,53.5052626619203,90.0,0.0374947373380797,0.2008005351230427,0.3839885069541269,0.0,0.0,0.2359073958096778,0.09058572869639443,3012.00802684564,5.766866598245011e-05
0.8175,53.40481475121767,90.0,0.03759518524878233,0.2009903952235528,0.37543894640517106,0.0,0.0,0.2359073958096778,0.08856882413197309,3014.855928353292,5.638466465776106e-05
0.8180000000000001,53.30427298239262,90.0,0.03769572701760738,0.20117596115584277,0.36681190447682255,0.0,0.0,0.2359073958096778,0.0865336411371155,3017.6394173376416,5.508902692284844e-05
0.8185,53.2036395121968,90.0,0.0377963604878032,0.2013571942854556,0.3581078073549771,0.0,0.0,0.2359073958096778,0.08448028025222643,3020.357914281834,5.3781816783721874e-05
0.8190000000000001,53.1029165166454,90.0,0.0378970834833546,0.20153405619290912,0.3493270887519149,0.0,0.0,0.2359073958096778,0.08240884379324044,3023.010842893637,5.24630993767283e-05
0.8195,53.00210619090895,90.0,0.037997893809091056,0.20170650867745765,0.340470189900224,0.0,0.0,0.2359073958096778,0.0803194358501883,3025.597630161865,5.113294096763943e-05
0.8200000000000001,52.901210749202725,90.0,0.03809878925079727,0.2018745137608506,0.33153755954647207,0.0,0.0,0.2359073958096778,0.07821216228570421,3028.117706412759,4.979140895070135e-05
0.8205,52.8002324246749,90.0,0.038199767575325096,0.20203803369108778,0.32252965394469707,0.0,0.0,0.2359073958096778,0.07608713073349006,3030.570505366317,4.843857184765685e-05
0.8210000000000001,52.69917346929213,90.0,0.03830082653070787,0.20219703094617145,0.31344693684964303,0.0,0.0,0.2359073958096778,0.07394445059671982,3032.9554641925715,4.707449930672963e-05
0.8215,52.59803615372394,90.0,0.03840196384627606,0.20235146823785502,0.30428987950981035,0.0,0.0,0.2359073958096778,0.0717842330464,3035.2720235678253,4.5699262101580576e-05
0.8220000000000001,52.49682276722464,90.0,0.038503177232775354,0.20250130851538808,0.29505896066025433,0.0,0.0,0.2359073958096778,0.06960659101967076,3037.519627730821,4.4312932130226126e-05
0.8225,52.395535617513865,90.0,0.03860446438248614,0.20264651496925787,0.28575466651520315,0.0,0.0,0.2359073958096778,0.0674116392180645,3039.697724538868,4.2915582413929745e-05
0.8230000000000001,52.29417703065481,90.0,0.038705822969345195,0.20278705103492692,0.27637749076041895,0.0,0.0,0.2359073958096778,0.06519949410570372,3041.805765523904,4.1507287096054565e-05
0.8235,52.19274935093101,90.0,0.03880725064906899,0.2029228803965668,0.26692793454537667,0.0,0.0,0.2359073958096778,0.06297027390745594,3043.843205948502,4.0088121440888846e-05
0.8240000000000001,52.091254940720894,90.0,0.038908745059279104,0.20305396699078837,0.2574065064751923,0.0,0.0,0.2359073958096778,0.060724098607029584,3045.809504861825,3.865816183243374e-05
0.8245,51.98969618037077,90.0,0.03901030381962923,0.2031802750103669,0.24781372260236664,0.0,0.0,0.2359073958096778,0.058461089945026204,3047.7041251555033,3.7217485773163285e-05
0.8250000000000001,51.88807546806566,90.0,0.03911192453193434,0.20330176890796423,0.23815010641827802,0.0,0.0,0.2359073958096778,0.0561813714169336,3049.5265336194634,3.5766171882746815e-05
0.8255,51.78639521969858,90.0,0.03921360478030142,0.20341841339984568,0.22841618884448978,0.0,0.0,0.2359073958096778,0.05388506827107516,3051.276200997685,3.430429989674345e-05
0.8260000000000001,51.684657868737666,90.0,0.03931534213126233,0.20353017346959307,0.2186125082238086,0.0,0.0,0.2359073958096778,0.05157230750650046,3052.9526020438957,3.283195066525923e-05
0.8265,51.582865866091765,90.0,0.03941713413390823,0.20363701437181303,0.20873961031115806,0.0,0.0,0.2359073958096778,0.049243217870832266,3054.555215577195,3.134920615157645e-05
0.8270000000000001,51.48102167997377,90.0,0.03951897832002623,0.20373890163584077,0.19879804826420144,0.0,0.0,0.2359073958096778,0.046897929858054396,3056.0835245376115,2.9856149430745386e-05
0.8275,51.379127795762564,90.0,0.039620872204237434,0.20383580106943897,0.18878838263378164,0.0,0.0,0.2359073958096778,0.04453657570625642,3057.5370160415846,2.835286468814852e-05
0.8280000000000001,51.277186715862676,90.0,0.03972281328413732,0.20392767876249204,0.17871118135410946,0.0,0.0,0.2359073958096778,0.04215928939531901,3058.9151814373804,2.6839437218026976e-05
0.8285,51.17520095956249,90.0,0.03982479904043751,0.20401450109069524,0.16856701973276716,0.0,0.0,0.2359073958096778,0.03976620664455567,3060.217516360429,2.5315953421979235e-05
0.8290000000000001,51.07317306289022,90.0,0.03992682693710978,0.20409623471923882,0.1583564804404635,0.0,0.0,0.2359073958096778,0.03735746491029592,3061.443520788582,2.37825008074225e-05
0.8295,50.971105578468446,90.0,0.040028894421531555,0.204172846606487,0.14808015350060635,0.0,0.0,0.2359073958096778,0.034933203383425385,3062.592699097305,2.223916798602669e-05
0.8300000000000001,50.869001075366405,90.0,0.04013099892463359,0.20424430400765164,0.1377386362786181,0.0,0.0,0.2359073958096778,0.032493562986865204,3063.6645601147748,2.0686044672109793e-05
0.8305,50.76686213895088,90.0,0.04023313786104912,0.20431057447846065,0.1273325334710751,0.0,0.0,0.2359073958096778,0.030038686373009958,3064.6586171769095,1.912322168100677e-05
0.8310000000000001,50.664691370734744,90.0,0.04033530862926526,0.2043716258788206,0.11686245709459178,0.0,0.0,0.2359073958096778,0.02756871792110535,3065.574388182309,1.755079092740015e-05
0.8315,50.56249138822424,90.0,0.04043750861177576,0.20442742637647413,0.10632902647452233,0.0,0.0,0.2359073958096778,0.025083803734582848,3066.411395647112,1.5968845423623222e-05
0.8320000000000001,50.460264824763925,90.0,0.040539735175236076,0.2044779444506512,0.09573286823341302,0.0,0.0,0.2359073958096778,0.022584091638335496,3067.169166759768,1.4377479277925742e-05
0.8325,50.358014329380204,90.0,0.040641985670619794,0.20452314889571496,0.0850746162792652,0.0,0.0,0.2359073958096778,0.02006973117594907,3067.8472334357243,1.277678769271125e-05
0.8330000000000001,50.255742566622665,90.0,0.04074425743337733,0.2045630088248015,0.07435491179355533,0.0,0.0,0.2359073958096778,0.017540873606875937,3068.4451323720223,1.1166866962737875e-05
0.8335,50.15345221640396,90.0,0.04084654778359604,0.20459749367345345,0.06357440321906657,0.0,0.0,0.2359073958096778,0.014997671903564392,3068.962405101802,9.547814473290835e-06
0.8340000000000001,50.05114597383752,90.0,0.04094885402616248,0.20462657320324756,0.05273374624746682,0.0,0.0,0.2359073958096778,0.012440280748528267,3069.398598048713,7.91972869831687e-06
0.8345,49.948826549073836,90.0,0.04105117345092617,0.20465021750541595,0.04183360380670826,0.0,0.0,0.2359073958096778,0.009868856531374369,3069.753262581239,6.2827091985318695e-06
0.8350000000000001,49.8464966671345,90.0,0.0411535033328655,0.20466839700446118,0.030874646048171108,0.0,0.0,0.2359073958096778,0.007283557345769606,3070.0259550669175,4.636856619490072e-06
0.8355,49.74415906774489,90.0,0.04125584093225511,0.20468108246176475,0.01985755033362743,0.0,0.0,0.2359073958096778,0.004684542986365645,3070.216236926471,2.9822726896262468e-06
0.8360000000000001,49.64181650516463,90.0,0.041358183494835374,0.20468824497918872,0.008783001221946292,0.0,0.0,0.2359073958096778,0.0020719749456625676,3070.3236746878306,1.3190602182590357e-06
0.8365,49.53947174801662,90.0,0.04146052825198338,0.20468985600267112,-0.0023483095443775142,0.0,-0.0,0.2359073958096778,-0.0005539835891691104,3070.347840040067,-3.526769064322148e-07
0.8370000000000001,49.43712757911395,90.0,0.04156287242088605,0.20468588732581422,-0.013535683052953218,0.0,-0.0,0.2359073958096778,-0.0031931677395273827,3070.2883098872135,-2.0328337194694268e-06
0.8375,49.33478679528536,90.0,0.04166521320471464,0.20467631109346618,-0.02477841323540251,0.0,-0.0,0.2359073958096778,-0.005845410938659859,3070.1446664019927,-3.7213041811646095e-06
0.8380000000000001,49.23245220719845,90.0,0.04176754779280155,0.20466109980529526,-0.03607578688152831,0.0,-0.0,0.2359073958096778,-0.008510544935006279,3069.9164970794286,-5.417981179247771e-06
0.8385,49.1301266391817,90.0,0.0418698733608183,0.20464022631935747,-0.047427083653658955,0.0,-0.0,0.2359073958096778,-0.011188399795582423,3069.603394790362,-7.122756531021176e-06
0.8390000000000001,49.02781292904408,90.0,0.041972187070955916,0.2046136638556563,-0.05883157610125479,0.0,-0.0,0.2359073958096778,-0.013878803909425894,3069.204957834844,-8.83552098555301e-06
0.8395,48.925513927893476,90.0,0.04207448607210652,0.20458138599969575,-0.07028852967569243,0.0,-0.0,0.2359073958096778,-0.016581583991083858,3068.720789995436,-1.0556164225897736e-05
0.8400000000000001,48.82323249995275,90.0,0.04217676750004725,0.20454336670602546,-0.08179720274530572,0.0,-0.0,0.2359073958096778,-0.019296565084161298,3068.150500590382,-1.2284574871354983e-05
0.8405,48.720971522374626,90.0,0.04227902847762537,0.2044995803017786,-0.09335684661061348,0.0,-0.0,0.2359073958096778,-0.022023570564913372,3067.493704526679,-1.4020640479756517e-05
0.8410000000000001,48.6187338850543,90.0,0.0423812661149457,0.20445000149020176,-0.10496670551979831,0.0,-0.0,0.2359073958096778,-0.02476242214589695,3066.7500223530265,-1.5764247549790874e-05
0.8415,48.516522490440636,90.0,0.042483477509559366,0.20439460535417725,-0.11662601668437261,0.0,-0.0,0.2359073958096778,-0.027512939879666375,3065.919080312659,-1.751528152335616e-05
0.8420000000000001,48.41434025334534,90.0,0.04258565974665466,0.20433336735973748,-0.12833401029510108,0.0,-0.0,0.2359073958096778,-0.030274942162529676,3065.000510396062,-1.9273626787951334e-05
0.8425,48.31219010075069,90.0,0.04268780989924931,0.20426626335957124,-0.14008990953810294,0.0,-0.0,0.2359073958096778,-0.03304824573834721,3063.9939503935684,-2.103916667909449e-05
0.8430000000000001,48.2100749716151,90.0,0.0427899250283849,0.20419326959652226,-0.15189293061122044,0.0,-0.0,0.2359073958096778,-0.0358326657023931,3062.899043947834,-2.2811783482781137e-05
0.8435,48.10799781667744,90.0,0.042892002183322564,0.2041143627070787,-0.16374228274056138,0.0,-0.0,0.2359073958096778,-0.03862801550525779,3061.7154406061804,-2.4591358437968616e-05
0.8440000000000001,48.00596159825905,90.0,0.04299403840174095,0.20402951972485525,-0.1756371681973079,0.0,-0.0,0.2359073958096778,-0.041434106956813266,3060.4427958728284,-2.6377771739100483e-05
0.8445,47.90396929006458,90.0,0.043096030709935416,0.2039387180840662,-0.18757678231470448,0.0,-0.0,0.2359073958096778,-0.04425075023022076,3059.0807712609926,-2.817090253865784e-05
0.8450000000000001,47.80202387698063,90.0,0.04319797612301937,0.20384193562299,-0.19956031350531137,0.0,-0.0,0.2359073958096778,-0.047077753866000875,3057.62903434485,-2.9970628949750502e-05
0.8455,47.700128354872945,90.0,0.04329987164512705,0.20373915058742556,-0.21158694327843403,0.0,-0.0,0.2359073958096778,-0.04991492477614538,3056.087258811383,-3.177682804873462e-05
0.8460000000000001,47.59828573038178,90.0,0.04340171426961822,0.20363034163413904,-0.22365584625782126,0.0,-0.0,0.2359073958096778,-0.052762068248292285,3054.4551245120856,-3.358937587787063e-05
0.8465,47.49649902071557,90.0,0.04350350097928443,0.2035154878343026,-0.23576619019954392,0.0,-0.0,0.2359073958096778,-0.055618987949943584,3052.732317514539,-3.5408147448008336e-05
0.8470000000000001,47.39477125344275,90.0,0.04360522874655725,0.20339456867692338,-0.24791713601013665,0.0,-0.0,0.2359073958096778,-0.05848548593274503,3050.918530153851,-3.7233016741311524e-05
0.8475,47.29310546628222,90.0,0.04370689453371778,0.20326756407226393,-0.2601078377649231,0.0,-0.0,0.2359073958096778,-0.061361362636809164,3049.013461083959,-3.9063856714010065e-05
0.8480000000000001,47.19150470689159,90.0,0.04380849529310841,0.2031344543552529,-0.2723374427266052,0.0,-0.0,0.2359073958096778,-0.06424641689510072,3047.0168153287937,-4.0900539299191755e-05
0.8485,47.089972032654245,90.0,0.043910027967345756,0.20299522028888706,-0.28460509136403833,0.0,-0.0,0.2359073958096778,-0.0671404459378657,3044.9283043333057,-4.274293540962196e-05
0.8490000000000001,46.988510510464266,90.0,0.04401148948953573,0.20284984306762302,-0.2969099173712709,0.0,-0.0,0.2359073958096778,-0.07004324539712314,3042.7476460143453,-4.459091494060318e-05
0.8495,46.88712321651,90.0,0.044112876783490004,0.2026983043207603,-0.3092510476867655,0.0,-0.0,0.2359073958096778,-0.07295460931119932,3040.4745648114044,-4.644434677286154e-05
0.8500000000000001,46.78581323605564,90.0,0.04421418676394436,0.20254058611581385,-0.32162760251289063,0.0,-0.0,0.2359073958096778,-0.0758743301293262,3038.1087917372074,-4.830309877547437e-05
0.8505,46.68458366322149,90.0,0.04431541633677851,0.20237667096187745,-0.334038695335595,0.0,-0.0,0.2359073958096778,-0.07880219871628258,3035.650064428162,-5.016703780882473e-05
0.8510000000000001,46.58343760076208,90.0,0.04441656239923792,0.20220654181297684,-0.3464834329443507,0.0,-0.0,0.2359073958096778,-0.0817380043570989,3033.0981271946525,-5.2036029727596674e-05
0.8515,46.48237815984313,90.0,0.04451762184015687,0.20203018207141293,-0.35896091545227926,0.0,-0.0,0.2359073958096778,-0.08468153476180512,3030.452731071194,-5.39099393837978e-05
0.8520000000000001,46.38140845981632,90.0,0.04461859154018368,0.20184757559109495,-0.37147023631655196,0.0,-0.0,0.2359073958096778,-0.08763257607024337,3027.713633866424,-5.5788630629823096e-05
0.8525,46.28053162799289,90.0,0.044719468372007104,0.20165870668086328,-0.3840104823589679,0.0,-0.0,0.2359073958096778,-0.09059091285692233,3024.880600212949,-5.7671966321545294e-05
0.8530000000000001,46.17975079941516,90.0,0.04482024920058484,0.20146356010780175,-0.3965807337868105,0.0,-0.0,0.2359073958096778,-0.09355632813593756,3021.953401617026,-5.9559808321447323e-05
0.8535,46.07906911662671,90.0,0.04492093088337329,0.2012621211005401,-0.4091800642138854,0.0,-0.0,0.2359073958096778,-0.09652860336593444,3018.9318165081013,-6.145201750178173e-05
0.8540000000000001,45.978489729440675,90.0,0.045021510270559326,0.2010543753525447,-0.4218075406818309,0.0,-0.0,0.2359073958096778,-0.09950751845513545,3015.8156302881703,-6.334845374777124e-05
0.8545,45.87801579470664,90.0,0.045121984205293356,0.2008403090254,-0.4344622236816165,0.0,-0.0,0.2359073958096778,-0.10249285176641187,3012.604635381,-6.524897596083738e-05
0.8550000000000001,45.777650476075614,90.0,0.045222349523924385,0.2006199087520779,-0.4471431671753132,0.0,-0.0,0.2359073958096778,-0.10548438012241954,3009.298631281169,-6.715344206187015e-05
0.8555,45.67739694376365,90.0,0.04532260305623635,0.2003931616401972,-0.4598494186180517,0.0,-0.0,0.2359073958096778,-0.10848187881077893,3005.8974246029575,-6.906170899452563e-05
0.8560000000000001,45.577258374313594,90.0,0.04542274162568641,0.20016005527527073,-0.4725800189802561,0.0,-0.0,0.2359073958096778,-0.11148512158932032,3002.4008291290606,-7.097363272856523e-05
0.8565,45.477237950355466,90.0,0.04552276204964453,0.1999205777239432,-0.48533400277006394,0.0,-0.0,0.2359073958096778,-0.11449388069137273,2998.8086658591483,-7.288906826322274e-05
0.8570000000000001,45.37733886036492,90.0,0.045622661139635076,0.19967471753721566,-0.4981103980560235,0.0,-0.0,0.2359073958096778,-0.11750792683111849,2995.120763058235,-7.480786963061306e-05
0.8575,45.27756429842045,90.0,0.04572243570157955,0.19942246375366035,-0.510908226489978,0.0,-0.0,0.2359073958096778,-0.12052702920899175,2991.336956304905,-7.672988989916916e-05
0.8580000000000001,45.177917463958586,90.0,0.04582208253604141,0.1991638059026226,-0.5237265033302326,0.0,-0.0,0.2359073958096778,-0.12355095551714372,2987.457088539339,-7.865498117712121e-05
0.8585,45.07840156152795,90.0,0.04592159843847205,0.19889873400741243,-0.5365642374649023,0.0,-0.0,0.2359073958096778,-0.12657947194495067,2983.481010111186,-8.058299461600316e-05
0.859,44.979019800541266,90.0,0.04602098019945874,0.19862723858848327,-0.5494204314355443,0.0,-0.0,0.2359073958096778,-0.1296123431845889,2979.408578827249,-8.251378041420182e-05
0.8595,44.87977539502609,90.0,0.04612022460497391,0.19834931066659942,-0.5622940814609938,0.0,-0.0,0.2359073958096778,-0.13264933243665786,2975.239659998991,-8.444718782053675e-05
0.86,44.78067156337394,90.0,0.04621932843662606,0.1980649417659916,-0.5751841774614332,0.0,-0.0,0.2359073958096778,-0.13569020141585827,2970.974126489874,-8.638306513787496e-05
0.8605,44.681711528087575,90.0,0.046318288471912425,0.1977741239174998,-0.5880897030827326,0.0,-0.0,0.2359073958096778,-0.13873471035673407,2966.611858762497,-8.832125972678638e-05
0.861,44.58289851552716,90.0,0.04641710148447284,0.19747684966170478,-0.6010096357209759,0.0,-0.0,0.2359073958096778,-0.14178261801945852,2962.1527449255714,-9.026161800922742e-05
0.8615,44.48423575565439,90.0,0.046515764244345614,0.19717311205204635,-0.6139429465472781,0.0,-0.0,0.2359073958096778,-0.14483368169568858,2957.5966807806954,-9.220398547226801e-05
0.862,44.38572648177541,90.0,0.04661427351822459,0.19686290465793002,-0.6268886005327902,0.0,-0.0,0.2359073958096778,-0.14788765721446392,2952.94356986895,-9.414820667184692e-05
0.8625,44.287373930282016,90.0,0.04671262606971798,0.19654622156782012,-0.6398455564739889,0.0,-0.0,0.2359073958096778,-0.15094429894817285,2948.1933235173015,-9.609412523656995e-05
0.863,44.189181340391414,90.0,0.04681081865960859,0.19622305739232151,-0.6528127670181634,0.0,-0.0,0.2359073958096778,-0.15400335981856483,2943.3458608848227,-9.804158387153747e-05
0.8635,44.09115195388422,90.0,0.04690884804611578,0.19589340726724694,-0.6657891786891835,0.0,-0.0,0.2359073958096778,-0.15706459130282951,2938.401109008704,-9.999042436221453e-05
0.864,43.99328901484136,90.0,0.04700671098515864,0.19555726685667307,-0.6787737319134677,0.0,-0.0,0.2359073958096778,-0.16012774343972255,2933.3590028500957,-0.00010194048757833065
0.8645,43.89559576937888,90.0,0.04710440423062112,0.19521463235598183,-0.6917653610462329,0.0,-0.0,0.2359073958096778,-0.1631925648357583,2928.2194853397273,-0.00010389161347782222
0.865,43.798075465381764,90.0,0.04720192453461824,0.19486550049489024,-0.7047629943979465,0.0,-0.0,0.2359073958096778,-0.1662588026714501,2922.9825074233536,-0.0001058436411108052
0.8655,43.70073135223588,90.0,0.047299268647764126,0.19450986854046534,-0.7177655542610626,0.0,-0.0,0.2359073958096778,-0.16932620270761725,2917.64802810698,-0.00010779640862359024
0.866,43.603566680558636,90.0,0.047396433319441364,0.19414773430012722,-0.7307719569369583,0.0,-0.0,0.2359073958096778,-0.17239450929173983,2912.216014501908,-0.0001097497532627283
0.8665,43.50658470192798,90.0,0.04749341529807202,0.19377909612463703,-0.74378111276316,0.0,-0.0,0.2359073958096778,-0.17546346536438137,2906.6864418695554,-0.00011170351137909948
0.867,43.40978866861007,90.0,0.04759021133138993,0.19340395291107268,-0.7567919261407684,0.0,-0.0,0.2359073958096778,-0.1785328124656587,2901.05929366609,-0.00011365751843203173
0.8675,43.31318183328526,90.0,0.04768681816671474,0.1930223041057896,-0.7698032955621749,0.0,-0.0,0.2359073958096778,-0.18160229074178036,2895.3345615868443,-0.00011561160899346354
0.868,43.216767448772885,90.0,0.047783232551227114,0.19263414970736875,-0.7828141136389807,0.0,-0.0,0.2359073958096778,-0.1846716389516331,2889.5122456105314,-0.00011756561675213685
0.8685,43.12054876775422,90.0,0.047879451232245775,0.1922394902695492,-0.7958232671302071,0.0,-0.0,0.2359073958096778,-0.18774059447343672,2883.5923540432377,-0.00011951937451783369
0.869,43.024529042494386,90.0,0.047975470957505616,0.19183832690414812,-0.808829636970708,0.0,-0.0,0.2359073958096778,-0.1908088933114468,2877.574903562222,-0.00012147271422564338
0.8695,42.92871152456234,90.0,0.04807128847543766,0.191430661283965,-0.8218320982998797,0.0,-0.0,0.2359073958096778,-0.19387627010272773,2871.459919259475,-0.00012342546694027424
0.87,42.833099464549925,90.0,0.04816690053545008,0.1910164956456728,-0.834829520490572,0.0,-0.0,0.2359073958096778,-0.19694245812397287,2865.247434685092,-0.00012537746286039552
0.8705,42.73769611178894,90.0,0.04826230388821106,0.19059583279269324,-0.8478207671782957,0.0,-0.0,0.2359073958096778,-0.2000071892983949,2858.9374918903986,-0.00012732853132302392
0.871,42.64250471406735,90.0,0.04835749528593265,0.19016867609805885,-0.8608046962906395,0.0,-0.0,0.2359073958096778,-0.20307019420266537,2852.530141470883,-0.00012927850080794137
0.8715,42.547528517343444,90.0,0.04845247148265656,0.18973502950725885,-0.8737801600769787,0.0,-0.0,0.2359073958096778,-0.20613120207392344,2846.0254426088827,-0.00013122719894215706
0.872,42.45277076545919,90.0,0.04854722923454081,0.18929489754107146,-0.8867460051383967,0.0,-0.0,0.2359073958096778,-0.20918994081683434,2839.4234631160716,-0.0001331744525044009
0.8725,42.35823469985168,90.0,0.04864176530014832,0.18884828529837971,-0.8997010724579031,0.0,-0.0,0.2359073958096778,-0.21224613701071815,2832.7242794756958,-0.00013512008742966187
0.873,42.26392355926352,90.0,0.048736076440736485,0.1883951984589738,-0.9126441974308614,0.0,-0.0,0.2359073958096778,-0.21529951591672794,2825.927976884607,-0.0001370639288137578
0.8735,42.16984057945151,90.0,0.04883015942054849,0.18793564328633622,-0.9255742098957196,0.0,-0.0,0.2359073958096778,-0.2183498014850993,2819.0346492950434,-0.0001390058009179505
0.874,42.075988992894324,90.0,0.048924011007105674,0.1874696266304135,-0.9384899341649485,0.0,-0.0,0.2359073958096778,-0.22139671636244895,2812.0443994562024,-0.00014094552717359223
0.8745,41.98237202849839,90.0,0.04901762797150161,0.18699715593037056,-0.9513901890562864,0.0,-0.0,0.2359073958096778,-0.22443998189914552,2804.957338955558,-0.0001428829301868181
0.875,41.88899291130276,90.0,0.04911100708869724,0.18651823921733093,-0.9642737879241942,0.0,-0.0,0.2359073958096778,-0.22747931815673017,2797.773588259964,-0.0001448178317432702
0.8755000000000001,41.79585486218225,90.0,0.04920414513781775,0.18603288511709978,-0.9771395386916163,0.0,-0.0,0.2359073958096778,-0.2305144439154091,2790.493276756497,-0.00014675005281286735
0.876,41.70296109754966,90.0,0.04929703890245034,0.18554110285287234,-0.9899862438819552,0.0,-0.0,0.2359073958096778,-0.2335450766815966,2783.116542793085,-0.00014867941355460737
0.8765000000000001,41.61031482905618,90.0,0.049389685170943824,0.185042902247925,-1.002812700651354,0.0,-0.0,0.2359073958096778,-0.23657093269553092,2775.643533718875,-0.0001506057333214153
0.877,41.517919263290885,90.0,0.049482080736709115,0.18453829372829145,-1.015617700821194,0.0,-0.0,0.2359073958096778,-0.23959172693894032,2768.0744059243716,-0.0001525288306650239
0.8775000000000001,41.42577760147848,90.0,0.04957422239852152,0.18402728832542123,-1.0284000309109016,0.0,-0.0,0.2359073958096778,-0.24260717314278293,2760.4093248813183,-0.00015444852334090087
0.878,41.33389303917614,90.0,0.04966610696082386,0.1835098976788231,-1.0411584721709726,0.0,-0.0,0.2359073958096778,-0.24561698379503702,2752.648465182346,-0.00015636462831320838
0.8785000000000001,41.24226876596865,90.0,0.04975773123403135,0.18298613403869046,-1.0538918006163098,0.0,-0.0,0.2359073958096778,-0.24862087014856582,2744.792010580357,-0.00015827696175981
0.879,41.15090796516254,90.0,0.049849092034837464,0.18245601026851171,-1.0665987870597742,0.0,-0.0,0.2359073958096778,-0.2516185422290324,2736.840154027676,-0.00016018533907730928
0.8795000000000001,41.059813813478684,90.0,0.04994018618652132,0.1819195398476617,-1.079278197146058,0.0,-0.0,0.2359073958096778,-0.2546097088428906,2728.7930977149254,-0.00016208957488613717
0.88,40.96898948074381,90.0,0.050031010519256194,0.18137673687397843,-1.0919287913857718,0.0,-0.0,0.2359073958096778,-0.25759407758542635,2720.6510531096765,-0.0001639894830356712
0.8805000000000001,40.878438129580495,90.0,0.0501215618704195,0.1808276160663204,-1.104549325189849,0.0,-0.0,0.2359073958096778,-0.2605713548488742,2712.414240994806,-0.00016588487660940257
0.881,40.788162915096215,90.0,0.05021183708490379,0.1802721927671089,-1.1171385489041774,0.0,-0.0,0.2359073958096778,-0.26354124583058686,2704.0828915066336,-0.000167775567930137
0.8815000000000001,40.698166984570726,90.0,0.05030183301542927,0.17971048294485079,-1.1296952078445406,0.0,-0.0,0.2359073958096778,-0.2665034545412783,2695.6572441727617,-0.00016966136856524266
0.882,40.60845347714254,90.0,0.05039154652285746,0.17914250319664565,-1.1422180423317931,0.0,-0.0,0.2359073958096778,-0.26945768381332164,2687.1375479496846,-0.00017154208933193254
0.8825000000000001,40.51902552349388,90.0,0.05048097447650612,0.1785682707506736,-1.1547057877273474,0.0,-0.0,0.2359073958096778,-0.27240363530912115,2678.5240612601037,-0.00017341754030259437
0.883,40.42988624553473,90.0,0.05057011375446527,0.17798780346866683,-1.1671571744688953,0.0,-0.0,0.2359073958096778,-0.2753410095295388,2669.8170520300027,-0.00017528753081015507
0.8835000000000001,40.341038756085155,90.0,0.05065896124391484,0.17740111984836174,-1.1795709281064441,0.0,-0.0,0.2359073958096778,-0.2782695058223959,2661.016797725426,-0.00017715186945349302
0.884,40.252486158556955,90.0,0.05074751384144304,0.17680823902593454,-1.1919457693385898,0.0,-0.0,0.2359073958096778,-0.2811888223910296,2652.123585389018,-0.00017901036410288555
0.8845000000000001,40.164231546633644,90.0,0.050835768453366355,0.17620918077841688,-1.2042804140491048,0.0,-0.0,0.2359073958096778,-0.2840986563029248,2643.1377116762533,-0.00018086282190550373
0.885,40.07627800394959,90.0,0.050923721996050414,0.17560396552609506,-1.216573573343769,0.0,-0.0,0.2359073958096778,-0.2869987034984026,2634.0594828914254,-0.00018270904929094405
0.8855000000000001,39.98862860376762,90.0,0.05101137139623238,0.1749926143348888,-1.2288239535875138,0.0,-0.0,0.2359073958096778,-0.28988865879938275,2624.889215023332,-0.00018454885197680652
0.886,39.90128640865581,90.0,0.05109871359134419,0.1743751489187132,-1.2410302564418119,0.0,-0.0,0.2359073958096778,-0.29276821591820446,2615.6272337806977,-0.00018638203497431025
0.8865000000000001,39.81425447016265,90.0,0.051185745529837345,0.17375159164182025,-1.2531911789023877,0.0,-0.0,0.2359073958096778,-0.2956370674665223,2606.2738746273035,-0.00018820840259395672
0.887,39.72753582849159,90.0,0.05127246417150841,0.17312196552112297,-1.2653054133371666,0.0,-0.0,0.2359073958096778,-0.2984949049642589,2596.829482816844,-0.00019002775845122934
0.8875000000000001,39.641133512173845,90.0,0.05135886648782616,0.17248629422849904,-1.2773716475245551,0.0,-0.0,0.2359073958096778,-0.30134141884863547,2587.2944134274853,-0.0001918399054723423
0.888,39.555050537740556,90.0,0.05144494946225944,0.17184460209307667,-1.2893885646919585,0.0,-0.0,0.2359073958096778,-0.30417629848325817,2577.66903139615,-0.00019364464590002528
0.8885000000000001,39.46928990939346,90.0,0.05153071009060654,0.17119691410349966,-1.3013548435546312,0.0,-0.0,0.2359073958096778,-0.3069992321672837,2567.953711552495,-0.0001954417812993584
0.889,39.383854618674704,90.0,0.05161614538132529,0.17054325591017447,-1.3132691583547706,0.0,-0.0,0.2359073958096778,-0.3098099071446413,2558.148838652617,-0.00019723111256364305
0.8895000000000001,39.29874764413521,90.0,0.051701252355864785,0.16988365382749612,-1.3251301789009415,0.0,-0.0,0.2359073958096778,-0.31260800961333357,2548.2548074124416,-0.0001990124399203231
0.89,39.213971951002385,90.0,0.051786028048997616,0.1692181348360559,-1.3369365706077472,0.0,-0.0,0.2359073958096778,-0.31539322473479503,2538.2720225408384,-0.00020078556293694265
0.8905000000000001,39.12953049084619,90.0,0.051870469509153805,0.16854672658482753,-1.3486869945358386,0.0,-0.0,0.2359073958096778,-0.31816523664333085,2528.200898772413,-0.00020255028052715496
0.891,39.045426201244666,90.0,0.05195457379875534,0.16786945739333498,-1.3603801074321655,0.0,-0.0,0.2359073958096778,-0.32092372845561185,2518.041860900025,-0.00020430639095676711
0.8915000000000001,38.96166200544794,90.0,0.052038337994552056,0.16718635625379816,-1.37201456177057,0.0,-0.0,0.2359073958096778,-0.32366838228025147,2507.7953438069726,-0.00020605369184983698
0.892,38.87824081204146,90.0,0.05212175918795854,0.1664974528332605,-1.3835890057926308,0.0,-0.0,0.2359073958096778,-0.3263988792274407,2497.461792498908,-0.000207791980194807
0.8925000000000001,38.79516551460796,90.0,0.05220483448539204,0.16580277747569347,-1.3951020835488435,0.0,-0.0,0.2359073958096778,-0.3291148994186632,2487.041662135402,-0.00020952105235068878
0.893,38.71243899138857,90.0,0.052287561008611434,0.165102361204083,-1.4065524349400589,0.0,-0.0,0.2359073958096778,-0.33181612199647054,2476.535418061245,-0.0002112407040532867
0.8935000000000001,38.63006410494267,90.0,0.05236993589505733,0.16439623572249282,-1.417938695759259,0.0,-0.0,0.2359073958096778,-0.3345022251343378,2465.9435358373926,-0.0002129507304214716
0.894,38.54804370180701,90.0,0.05245195629819299,0.16368443341810887,-1.4292594977335935,0.0,-0.0,0.2359073958096778,-0.33717288604658013,2455.266501271633,-0.0002146509259634943
0.8945000000000001,38.46638061215346,90.0,0.05253361938784654,0.1629669873632606,-1.4405134685667556,0.0,-0.0,0.2359073958096778,-0.3398277809983494,2444.504810448909,-0.00021634108458334951
0.895,38.385077649446075,90.0,0.05261492235055393,0.16224393131742326,-1.4516992319816235,0.0,-0.0,0.2359073958096778,-0.3424665853156941,2433.658969761349,-0.00021802099958718007
0.8955000000000001,38.30413761009694,90.0,0.052695862389903064,0.16151529972919626,-1.4628154077632416,0.0,-0.0,0.2359073958096778,-0.3450889733956983,2422.7294959379437,-0.00021969046368973177
0.896,38.22356327312119,90.0,0.05277643672687882,0.16078112773826242,-1.4738606118020687,0.0,-0.0,0.2359073958096778,-0.3476946187166845,2411.7169160739363,-0.00022134926902084867
0.8965000000000001,38.143357399790865,90.0,0.052856642600209135,0.16004145117732357,-1.4848334561375722,0.0,-0.0,0.2359073958096778,-0.3502831938484981,2400.6217676598535,-0.00022299720713202023
0.897,38.063522733288124,90.0,0.05293647726671188,0.1592963065740158,-1.4957325490020899,0.0,-0.0,0.2359073958096778,-0.3528543704628543,2389.444598610237,-0.00022463406900296852
0.8975000000000001,37.98406199835705,90.0,0.05301593800164295,0.15854573115280107,-1.5065564948650405,0.0,-0.0,0.2359073958096778,-0.3554078193437679,2378.185967292016,-0.00022625964504828803
0.898,37.904977900955,90.0,0.053095022099045,0.1577897628368388,-1.5173038944774044,0.0,-0.0,0.2359073958096778,-0.3579432103980466,2366.8464425525817,-0.00022787372512412575
0.8985000000000001,37.82627312790261,90.0,0.05317372687209739,0.1570284402498324,-1.5279733449165565,0.0,-0.0,0.2359073958096778,-0.3604602126658674,2355.426603747486,-0.00022947609853491452
0.899,37.74795034653324,90.0,0.05325204965346676,0.1562618027178564,-1.5385634396313694,0.0,-0.0,0.2359073958096778,-0.36295849433141675,2343.927040767846,-0.00023106655404014662
0.8995000000000001,37.67001220434114,90.0,0.05332998779565886,0.15548989027115775,-1.5490727684876766,0.0,-0.0,0.2359073958096778,-0.3654377227336157,2332.348354067366,-0.00023264487986120175
0.9,37.5924613286291,90.0,0.0534075386713709,0.15471274364593762,-1.559499917814006,0.0,-0.0,0.2359073958096778,-0.36789756437690874,2320.691154689064,-0.00023421086368821526
0.9005000000000001,37.515300326154915,90.0,0.05348469967384509,0.15393040428610674,-1.5698434704476723,0.0,-0.0,0.2359073958096778,-0.37033768494213726,2308.9560642916013,-0.0002357642926870005
0.901,37.438531782777154,90.0,0.053561468217222845,0.15314291434502111,-1.5801020057811495,0.0,-0.0,0.2359073958096778,-0.3727577492974794,2297.1437151753166,-0.0002373049535060133
0.9015000000000001,37.362158263099964,90.0,0.05363784173690003,0.1523503166871913,-1.5902740998088016,0.0,-0.0,0.2359073958096778,-0.375157421509474,2285.254750307869,-0.00023883263228337013
0.902,37.28618231011716,90.0,0.053713817689882835,0.15155265488997105,-1.600358325173895,0.0,-0.0,0.2359073958096778,-0.37753636485411113,2273.2898233495653,-0.00024034711465390838
0.9025000000000001,37.21060644485523,90.0,0.05378939355514477,0.15074997324521977,-1.6103532512159746,0.0,-0.0,0.2359073958096778,-0.3798942418280084,2261.2495986782965,-0.0002418481857563016
0.903,37.13543316601585,90.0,0.05386456683398415,0.14994231676094383,-1.6202574440185245,0.0,-0.0,0.2359073958096778,-0.3822307141596549,2249.134751414157,-0.00024333563024021759
0.9035000000000001,37.06066494961725,90.0,0.05393933505038275,0.14912973116291106,-1.6300694664569906,0.0,-0.0,0.2359073958096778,-0.38454544282073955,2236.945967443666,-0.00024480923227353
0.904,36.98630424863505,90.0,0.05401369575136495,0.14831226289624427,-1.6397878782470987,0.0,-0.0,0.2359073958096778,-0.38683808803755004,2224.6839434436642,-0.0002462687755495755
0.9045000000000001,36.91235349264212,90.0,0.05408764650735788,0.1474899591269876,-1.6494112359935305,0.0,-0.0,0.2359073958096778,-0.38910830930245566,2212.3493869048134,-0.0002477140432944638
0.905,36.83881508744777,90.0,0.05416118491255223,0.14666286774365087,-1.6589380932389006,0.0,-0.0,0.2359073958096778,-0.39135576538546146,2199.943016154763,-0.00024914481827443305
0.9055000000000001,36.76569141473609,90.0,0.05423430858526391,0.1458310373587274,-1.668367000513096,0.0,-0.0,0.2359073958096778,-0.39358011434584783,2187.465560380911,-0.0002505608828032603
0.906,36.692984831703676,90.0,0.05430701516829632,0.14499451731018898,-1.6776965053829167,0.0,-0.0,0.2359073958096778,-0.39578101354388096,2174.917759652835,-0.00025196201874971613
0.9065000000000001,36.620697670696394,90.0,0.0543793023293036,0.14415335766295367,-1.686925152502084,0.0,-0.0,0.2359073958096778,-0.39795811965261024,2162.300364944305,-0.00025334800754507543
0.907,36.54883223884568,90.0,0.05445116776115432,0.14330760921033123,-1.696051483661552,0.0,-0.0,0.2359073958096778,-0.400111088669737,2149.6141381549683,-0.00025471863019067316
0.9075000000000001,36.47739081770384,90.0,0.05452260918229616,0.14245732347544027,-1.7050740378401887,0.0,-0.0,0.2359073958096778,-0.40223957592957094,2136.859852131604,-0.0002560736672655159
0.908,36.40637566287897,90.0,0.054593624337121026,0.14160255271260316,-1.7139913512557674,0.0,-0.0,0.2359073958096778,-0.4043432361150588,2124.0382906890477,-0.0002574128989339399
0.9085000000000001,36.33578900366883,90.0,0.05466421099633117,0.1407433499087122,-1.7228019574163271,0.0,-0.0,0.2359073958096778,-0.40642172326990117,2111.150248630683,-0.00025873610495332465
0.909,36.26563304269438,90.0,0.054734366957305616,0.1398797687845732,-1.731504387171845,0.0,-0.0,0.2359073958096778,-0.408474690810742,2098.1965317685977,-0.00026004306468185276
0.9095000000000001,36.195909955532386,90.0,0.05480409004446762,0.1390118637962197,-1.7400971687662858,0.0,-0.0,0.2359073958096778,-0.4105017915394479,2085.177956943295,-0.00026133355708632763
0.91,36.126621890347536,90.0,0.05487337810965246,0.1381396901362048,-1.748578827889965,0.0,-0.0,0.2359073958096778,-0.41250267765546045,2072.095352043072,-0.00026260736075003704
0.9105000000000001,36.05777096752384,90.0,0.05494222903247616,0.137263303734863,-1.7569478877322888,0.0,-0.0,0.2359073958096778,-0.4144770007682384,2058.949556022945,-0.0002638642538806738
0.911,35.989359279295456,90.0,0.055010640720704544,0.13638276126154916,-1.765202869034815,0.0,-0.0,0.2359073958096778,-0.4164244119097749,2045.7414189232375,-0.00026510401431830484
0.9115000000000001,35.9213888893768,90.0,0.0550786111106232,0.1354981201258473,-1.7733422901446914,0.0,-0.0,0.2359073958096778,-0.4183445615472042,2032.4718018877097,-0.00026632641954339677
0.912,35.853861832592294,90.0,0.0551461381674077,0.13460943847875614,-1.7813646670684207,0.0,-0.0,0.2359073958096778,-0.42023709959548483,2019.1415771813422,-0.0002675312466848902
0.9125000000000001,35.78678011450515,90.0,0.05521321988549485,0.1337167752138442,-1.7892685135260027,0.0,-0.0,0.2359073958096778,-0.4221016754301725,2005.7516282076629,-0.00026871827252833116
0.913,35.72014571104601,90.0,0.05527985428895399,0.13282018996838105,-1.7970523410054102,0.0,-0.0,0.2359073958096778,-0.4239379379002714,1992.3028495257158,-0.00026988727352405265
0.9135000000000001,35.653960568140654,90.0,0.05534603943185935,0.1319197431244382,-1.8047146588174448,0.0,-0.0,0.2359073958096778,-0.42574553534117454,1978.7961468665728,-0.0002710380257954126
0.914,35.588226601337475,90.0,0.055411773398662524,0.13101549580996522,-1.8122539741509254,0.0,-0.0,0.2359073958096778,-0.42752411558768394,1965.2324371494783,-0.0002721703051470829
0.9145000000000001,35.522945695434125,90.0,0.05547705430456588,0.13010750989983547,-1.8196687921282646,0.0,-0.0,0.2359073958096778,-0.4292733259871208,1951.612648497532,-0.0002732838870733954
0.915,35.45811970410394,90.0,0.05554188029589606,0.12919584801686682,-1.8269576158613805,0.0,-0.0,0.2359073958096778,-0.43099281341251594,1937.937720253002,-0.0002743785467667394
0.9155000000000001,35.39375044952161,90.0,0.05560624955047839,0.1282805735328113,-1.8341189465080006,0.0,-0.0,0.2359073958096778,-0.43268222427589215,1924.2086029921695,-0.00027545405912601724
0.916,35.329839721988535,90.0,0.055670160278011464,0.12736175056931964,-1.841151283328299,0.0,-0.0,0.2359073958096778,-0.4343412045416253,1910.4262585397946,-0.0002765101987651506
0.9165000000000001,35.26638927955762,90.0,0.055733610720442375,0.1264394439988742,-1.8480531237419349,0.0,-0.0,0.2359073958096778,-0.43596939973990007,1896.591659983113,-0.00027754674002164627
0.917,35.20340084765763,90.0,0.05579659915234237,0.1255137194456965,-1.8548229633854276,0.0,-0.0,0.2359073958096778,-0.43756645498024554,1882.7057916854474,-0.00027856345696521345
0.9175000000000001,35.140876118717095,90.0,0.055859123881282904,0.12458464328662266,-1.8614592961699317,0.0,-0.0,0.2359073958096778,-0.4391320149651643,1868.76964929934,-0.0002795601234064402
0.918,35.0788167517878,90.0,0.0559211832482122,0.12365228265195345,-1.8679606143393594,0.0,-0.0,0.2359073958096778,-0.44066572400384413,1854.7842397793017,-0.0002805365129055227
0.9185000000000001,35.01722437216783,90.0,0.05598277562783217,0.12271670542627135,-1.8743254085288985,0.0,-0.0,0.2359073958096778,-0.44216722602596287,1840.75058139407,-0.0002814923987810534
0.919,34.95610057102428,90.0,0.05604389942897572,0.12177798024923203,-1.880552167823886,0.0,-0.0,0.2359073958096778,-0.4436361645955771,1826.6697037384804,-0.0002824275541188632
0.9195000000000001,34.89544690501545,90.0,0.05610455309498455,0.12083617651632281,-1.8866393798190813,0.0,-0.0,0.2359073958096778,-0.44507218292510503,1812.542647744842,-0.0002833417517809229
0.92,34.835264895912815,90.0,0.056164735104087184,0.11989136437959466,-1.892585530678296,0.0,-0.0,0.2359073958096778,-0.44647492388939386,1798.3704656939199,-0.00028423476441429913
0.9205000000000001,34.77555603022249,90.0,0.056224443969777514,0.11894361474836108,-1.898389105194428,0.0,-0.0,0.2359073958096778,-0.44784403003988194,1784.1542212254162,-0.0002851063644601699
0.921,34.71632175880654,90.0,0.056283678241193465,0.11799299928987009,-1.9040485868498565,0.0,-0.0,0.2359073958096778,-0.44917914361884675,1769.8949893480512,-0.00028595632416289534
0.9215000000000001,34.65756349650375,90.0,0.056342436503496254,0.11703959042994264,-1.9095624578772432,0.0,-0.0,0.2359073958096778,-0.450479906573748,1755.5938564491396,-0.0002867844155791488
0.922,34.59928262175023,90.0,0.056400717378249775,0.11608346135358388,-1.9149291993207005,0.0,-0.0,0.2359073958096778,-0.4517459605716579,1741.2519203037582,-0.0002875904105871032
0.9225000000000001,34.54148047619966,90.0,0.05645851952380034,0.11512468600556044,-1.9201472910973663,0.0,-0.0,0.2359073958096778,-0.452976947013787,1726.8702900834066,-0.00028837408089567903
0.923,34.48415836434332,90.0,0.05651584163565668,0.11416333909095004,-1.9252152120593533,0.0,-0.0,0.2359073958096778,-0.4541725070500986,1712.4500863642506,-0.0002891351980538475
0.9235000000000001,34.42731755312972,90.0,0.05657268244687028,0.11319949607565676,-1.9301314400561067,0.0,-0.0,0.2359073958096778,-0.45533228159401934,1697.9924411348513,-0.0002898735334599961
0.924,34.370959271584134,90.0,0.05662904072841587,0.11223323318689837,-1.9348944519971376,0.0,-0.0,0.2359073958096778,-0.45645591133723834,1683.4984978034754,-0.0002905888583713496
0.9245000000000001,34.315084710427804,90.0,0.056684915289572195,0.11126462741365893,-1.939502723915173,0.0,-0.0,0.2359073958096778,-0.45754303676460495,1668.969411204884,-0.0002912809439134547
0.925,34.25969502169693,90.0,0.05674030497830307,0.11029375650711296,-1.943954731029684,0.0,-0.0,0.2359073958096778,-0.4585932981691154,1654.4063476066942,-0.00029194956108972064
0.9255,34.20479131836153,90.0,0.05679520868163847,0.10932069898101456,-1.9482489478108307,0.0,-0.0,0.2359073958096778,-0.45960633566699793,1639.8104847152183,-0.0002925944807910224
0.926,34.15037467394397,90.0,0.05684962532605603,0.1083455341120567,-1.9523838480437987,0.0,-0.0,0.2359073958096778,-0.4605817892128902,1625.1830116808505,-0.00029321547380536353
0.9265,34.096446122137536,90.0,0.056903553877862466,0.1073683419401982,-1.9563579048935391,0.0,-0.0,0.2359073958096778,-0.4615192986151121,1610.5251291029729,-0.0002938123108275985
0.927,34.04300665642459,90.0,0.056956993343575416,0.10638920326895601,-1.9601695909699226,0.0,-0.0,0.2359073958096778,-0.46241850355103575,1595.8380490343402,-0.000294384762469218
0.9275,33.99005722969483,90.0,0.057009942770305175,0.1054081996656681,-1.9638173783932906,0.0,-0.0,0.2359073958096778,-0.4632790435825498,1581.1229949850215,-0.0002949325992681937
0.928,33.93759875386326,90.0,0.057062401246136735,0.1044254134617201,-1.9672997388604263,0.0,-0.0,0.2359073958096778,-0.4641005581716223,1566.3812019258014,-0.00029545559169888566
0.9285,33.88563209948819,90.0,0.05711436790051181,0.10344092775274218,-1.970615143710926,0.0,-0.0,0.2359073958096778,-0.4648826866959585,1551.6139162911327,-0.00029595351018201074
0.929,33.83415809538894,90.0,0.057165841904611055,0.10245482639876917,-1.9737620639939955,0.0,-0.0,0.2359073958096778,-0.46562506846475804,1536.8223959815375,-0.0002964261250946738
0.9295,33.783177528263735,90.0,0.05721682247173626,0.10146719402437086,-1.9767389705356504,0.0,-0.0,0.2359073958096778,-0.46632734273456866,1522.007910365563,-0.00029687320678046023
0.93,33.73269114230736,90.0,0.05726730885769264,0.10047811601874485,-1.9795443340063463,0.0,-0.0,0.2359073958096778,-0.46698914872524017,1507.1717402811726,-0.000297294525559593
0.9305,33.682699638828794,90.0,0.057317300361171206,0.0994876785357791,-1.9821766249890145,0.0,-0.0,0.2359073958096778,-0.4676101256359747,1492.3151780366866,-0.0002976898517391503
0.931,33.63320367586894,90.0,0.05736679632413106,0.09849596849407681,-1.9846343140475329,0.0,-0.0,0.2359073958096778,-0.4681899126614797,1477.4395274111523,-0.000298058955623349
0.9315,33.58420386781821,90.0,0.05741579613218179,0.09750307357695062,-1.986915871795608,0.0,-0.0,0.2359073958096778,-0.46872814900821747,1462.5461036542592,-0.00029840160752388916
0.932,33.53570078503415,90.0,0.05746429921496585,0.0965090822323785,-1.9890197689660936,0.0,-0.0,0.2359073958096778,-0.4692244739107581,1447.6362334856776,-0.00029871757777036496
0.9325,33.487694953459226,90.0,0.05751230504654077,0.09551408367292859,-1.9909444764807267,0.0,-0.0,0.2359073958096778,-0.4696785266482305,1432.7112550939287,-0.0002990066367207375
0.933,33.44018685423844,90.0,0.05755981314576156,0.09451816787564546,-1.9926884655203017,0.0,-0.0,0.2359073958096778,-0.47008994656087727,1417.7725181346818,-0.0002992685547718742
0.9335,33.393176923337236,90.0,0.05760682307666276,0.09352142558190464,-1.9942502075952675,0.0,-0.0,0.2359073958096778,-0.47045837306670885,1402.8213837285696,-0.0002995031023701509
0.934,33.34666555115927,90.0,0.05765333444884073,0.09252394829722838,-1.9956281746167688,0.0,-0.0,0.2359073958096778,-0.47078344567826286,1387.8592244584256,-0.00029971005002212133
0.9345,33.300653082164494,90.0,0.05769934691783551,0.09152582829106924,-1.9968208389681124,0.0,-0.0,0.2359073958096778,-0.4710648040194634,1372.8874243660387,-0.0002998891683052501
0.935,33.25513981448717,90.0,0.05774486018551283,0.09052715859655416,-1.9978266735766785,0.0,-0.0,0.2359073958096778,-0.4713020878425854,1357.9073789483125,-0.00030004022787871254
0.9355,33.21012599955416,90.0,0.05778987400044584,0.08952803301019621,-1.9986441519862699,0.0,-0.0,0.2359073958096778,-0.4714949370453228,1342.9204951529432,-0.00030016299949426055
0.936,33.165611841703246,90.0,0.05783438815829675,0.08852854609156643,-1.9992717484299019,0.0,-0.0,0.2359073958096778,-0.4716429916879594,1327.9281913734965,-0.0003002572540071538
0.9365,33.12159749780182,90.0,0.057878402502198174,0.0875287931629327,-1.9997079379030371,0.0,-0.0,0.2359073958096778,-0.4717458920106464,1312.9318974439905,-0.0003003227623871593
0.937,33.078083076865454,90.0,0.057921916923134545,0.08652887030885828,-1.9999511962372687,0.0,-0.0,0.2359073958096778,-0.4718032784507839,1297.9330546328742,-0.0003003592957296167
0.9375,33.035068639677036,90.0,0.05796493136032296,0.08552887437576709,-2.0000000001744476,0.0,-0.0,0.2359073958096778,-0.47181479166050905,1282.9331156365063,-0.0003003666252665711
0.9380000000000001,32.992554198405784,90.0,0.05800744580159421,0.08452890297146812,-1.9998528274412646,0.0,-0.0,0.2359073958096778,-0.47178007252428966,1267.9335445720217,-0.00030034452237797434
0.9385,32.95053971622687,90.0,0.05804946028377313,0.0835290544646461,-1.9995081568242834,0.0,-0.0,0.2359073958096778,-0.4716987621766255,1252.9358169696916,-0.00030029275860295326
0.9390000000000001,32.909025106940945,90.0,0.058090974893059054,0.08252942798431086,-1.9989644682454257,0.0,-0.0,0.2359073958096778,-0.47157050201985573,1237.9414197646627,-0.0003002111056511466
0.9395,32.868010234594244,90.0,0.058131989765405755,0.08153012341921259,-1.998220242837921,0.0,-0.0,0.2359073958096778,-0.4713949337420759,1222.951851288189,-0.0003000993354141115
0.9400000000000001,32.82749491309877,90.0,0.058172505086901236,0.08053124141721514,-1.9972739630227045,0.0,-0.0,0.2359073958096778,-0.4711716993351609,1207.968621258227,-0.0002999572199767966
0.9405,32.78747890585299,90.0,0.058212521094147006,0.07953288338463493,-1.9961241125852882,0.0,-0.0,0.2359073958096778,-0.4709004411128994,1192.993250769524,-0.0002997845316290877
0.9410000000000001,32.74796192536275,90.0,0.05825203807463725,0.07853515148553744,-1.9947691767530857,0.0,-0.0,0.2359073958096778,-0.47058080172923533,1178.0272722830616,-0.00029958104287741976
0.9415,32.70894363286257,90.0,0.05829105636713743,0.07753814864099867,-1.99320764227321,0.0,-0.0,0.2359073958096778,-0.4702124241966208,1163.07222961498,-0.00029934652645646135
0.9420000000000001,32.670423637937304,90.0,0.05832957636206269,0.07654197852832396,-1.991437997490734,0.0,-0.0,0.2359073958096778,-0.4697949519044787,1148.1296779248596,-0.00029908075534086805
0.9425,32.63240149814434,90.0,0.05836759850185566,0.07554674558023115,-1.9894587324274264,0.0,-0.0,0.2359073958096778,-0.46932802863777673,1133.2011837034672,-0.00029878350275710716
0.9430000000000001,32.59487671863595,90.0,0.058405123281364046,0.07455255498399059,-1.9872683388609549,0.0,-0.0,0.2359073958096778,-0.4688112985957122,1118.2883247598588,-0.0002984545421953525
0.9435,32.5578487517824,90.0,0.0584421512482176,0.07355951268052915,-1.9848653104045677,0.0,-0.0,0.2359073958096778,-0.4682444064105093,1103.3926902079374,-0.00029809364742145166
0.9440000000000001,32.52131699679521,90.0,0.058478683003204794,0.07256772536349061,-1.9822481425872513,0.0,-0.0,0.2359073958096778,-0.46762699716632933,1088.5158804523592,-0.0002977005924889642
0.9445,32.48528079935111,90.0,0.05851471920064889,0.07157730047825937,-1.9794153329343678,0.0,-0.0,0.2359073958096778,-0.46695871641829306,1073.6595071738905,-0.0002972751517512717
0.9450000000000001,32.44973945121645,90.0,0.058550260548783546,0.07058834622094035,-1.9763653810487707,0.0,-0.0,0.2359073958096778,-0.466239210211617,1058.8251933141053,-0.0002968170998737605
0.9455,32.41469218987205,90.0,0.058585307810127954,0.06960097153730152,-1.9730967886924113,0.0,-0.0,0.2359073958096778,-0.4654681251008649,1044.0145730595227,-0.0002963262118460775
0.9460000000000001,32.38013819813864,90.0,0.058619861801861364,0.06861528612167211,-1.969608059868423,0.0,-0.0,0.2359073958096778,-0.4646451081693116,1029.2292918250819,-0.0002958022629944574
0.9465,32.3460766038029,90.0,0.0586539233961971,0.06763140041580325,-1.9658977009037024,0.0,-0.0,0.2359073958096778,-0.4637698070484253,1014.4710062370488,-0.00029524502899412565
0.9470000000000001,32.312506479244014,90.0,0.05868749352075599,0.06664942560768343,-1.9619642205319734,0.0,-0.0,0.2359073958096778,-0.46284186993746224,999.7413841152514,-0.00029465428588177294
0.9475,32.27942684106088,90.0,0.05872057315893912,0.06566947363031604,-1.9578061299773517,0.0,-0.0,0.2359073958096778,-0.4618609456231806,985.0421044547406,-0.0002940298100681051
0.9480000000000001,32.2468366496999,90.0,0.0587531633503001,0.06469165716045155,-1.9534219430383972,0.0,-0.0,0.2359073958096778,-0.46082668349966904,970.3748574067733,-0.00029337137835046674
0.9485,32.21473480908344,90.0,0.058785265190916564,0.06371608961728069,-1.9488101761726737,0.0,-0.0,0.2359073958096778,-0.45973873358829487,955.7413442592103,-0.0002926787679255404
0.9490000000000001,32.18312016623891,90.0,0.05881687983376109,0.06274288516108213,-1.9439693485817966,0.0,-0.0,0.2359073958096778,-0.4585967465577674,941.143277416232,-0.0002919517564021193
0.9495,32.15199151092863,90.0,0.05884800848907137,0.06177215869183075,-1.9388979822969985,0.0,-0.0,0.2359073958096778,-0.4574003737443237,926.5823803774613,-0.000291190121813958
0.9500000000000001,32.1213475752803,90.0,0.058878652424719694,0.06080402584775964,-1.933594602265182,0.0,-0.0,0.2359073958096778,-0.4561492671720288,912.0603877163945,-0.00029039364263269604
0.9505,32.091187033418265,90.0,0.058908812966581736,0.05983860300388237,-1.9280577364354996,0.0,-0.0,0.2359073958096778,-0.4548430795732008,897.5790450582356,-0.0002895620977808608
0.9510000000000001,32.06150850109542,90.0,0.05893849149890458,0.05887600727046836,-1.9222859158464205,0.0,-0.0,0.2359073958096778,-0.4534814644089505,883.1401090570254,-0.0002886952666449435
0.9515,32.03231053532612,90.0,0.05896768946467388,0.05791635649147809,-1.9162776747133363,0.0,-0.0,0.2359073958096778,-0.45206407588984804,868.7453473721713,-0.0002877929290885561
0.9520000000000001,32.003591634019585,90.0,0.05899640836598041,0.056959769242950924,-1.910031550516653,0.0,-0.0,0.2359073958096778,-0.45059056899670463,854.3965386442638,-0.00028685486546566107
0.9525,31.9753502356144,90.0,0.0590246497643856,0.05600636483135214,-1.9035460840904255,0.0,-0.0,0.2359073958096778,-0.4490605995014822,840.0954724702822,-0.0002858808566338832
0.9530000000000001,31.947584718713593,90.0,0.05905241528128641,0.055056263291872236,-1.8968198197114923,0.0,-0.0,0.2359073958096778,-0.4474738239883207,825.8439493780836,-0.0002848706839678959
0.9535,31.92029340172084,90.0,0.05907970659827916,0.05410958538668468,-1.8898513051891455,0.0,-0.0,0.2359073958096778,-0.4458298998746919,811.6437808002702,-0.00028382412937288796
0.9540000000000001,31.893474542477314,90.0,0.059106525457522686,0.05316645260315563,-1.8826390919553142,0.0,-0.0,0.2359073958096778,-0.4441284854326747,797.4967890473345,-0.00028274097529810803
0.9545,31.86712633789962,90.0,0.05913287366210038,0.052226987152011545,-1.8751817351552873,0.0,-0.0,0.2359073958096778,-0.44236923981035675,783.4048072801731,-0.00028162100475048936
0.9550000000000001,31.841246923618534,90.0,0.059158753076381465,0.05129131196545804,-1.8674777937389486,0.0,-0.0,0.2359073958096778,-0.440551823053358,769.3696794818707,-0.0002804640013083518
0.9555,31.81583437361875,90.0,0.05918416562638125,0.05035955069525642,-1.8595258305525668,0.0,-0.0,0.2359073958096778,-0.4386758961264842,755.3932604288462,-0.00027926974913518716
0.9560000000000001,31.790886699879643,90.0,0.05920911330012036,0.049431827710750664,-1.8513244124310908,0.0,-0.0,0.2359073958096778,-0.4367411209355005,741.47741566126,-0.00027803803299352066
0.9565,31.766401852016877,90.0,0.059233598147983124,0.048508268096851624,-1.8428721102910155,0.0,-0.0,0.2359073958096778,-0.43474716034903876,727.6240214527744,-0.00027676863825885743
0.9570000000000001,31.74237771692524,90.0,0.05925762228307476,0.04758899765197123,-1.8341674992237509,0.0,-0.0,0.2359073958096778,-0.43269367822062427,713.8349647795684,-0.00027546135093370534
0.9575,31.71881211842237,90.0,0.05928118788157763,0.046674142885913254,-1.8252091585895682,0.0,-0.0,0.2359073958096778,-0.43058033941083823,700.1121432886988,-0.0002741159576616838
0.9580000000000001,31.6957028168936,90.0,0.0593042971831064,0.04576383101771365,-1.8159956721120591,0.0,-0.0,0.2359073958096778,-0.4284068098096014,686.4574652657047,-0.00027273224574171016
0.9585,31.673047508937927,90.0,0.059326952491062075,0.044858189973436734,-1.8065256279731703,0.0,-0.0,0.2359073958096778,-0.4261727563585934,672.872849601551,-0.00027131000314227244
0.9590000000000001,31.65084382701496,90.0,0.05934915617298504,0.04395734838392056,-1.796797618908758,0.0,-0.0,0.2359073958096778,-0.42387784707379494,659.3602257588085,-0.0002698490185157798
0.9595,31.629089339093213,90.0,0.05937091066090679,0.04306143558247761,-1.7868102423047278,0.0,-0.0,0.2359073958096778,-0.4215217510681677,645.921533737164,-0.0002683490812130012
0.9600000000000001,31.607781548299428,90.0,0.05939221845170057,0.04217058160254391,-1.7765621002936942,0.0,-0.0,0.2359073958096778,-0.419104138574457,632.5587240381586,-0.0002668099812975821
0.9605,31.58691789256909,90.0,0.05941308210743091,0.041284917175283105,-1.7660517998522312,0.0,-0.0,0.2359073958096778,-0.41662468096813415,619.2737576292465,-0.00026523150956064975
0.9610000000000001,31.566495744298145,90.0,0.059433504255701854,0.04040457372713836,-1.7552779528986504,0.0,-0.0,0.2359073958096778,-0.41408305079046287,606.0686059070755,-0.0002636134575354981
0.9615,31.546512409996062,90.0,0.05945348759000394,0.03952968337733861,-1.7442391763913758,0.0,-0.0,0.2359073958096778,-0.4114789217717067,592.9452506600791,-0.00026195561751236174
0.9620000000000001,31.52696512993998,90.0,0.05947303487006002,0.03866037893535213,-1.7329340924278447,0.0,-0.0,0.2359073958096778,-0.4088119688544603,579.9056840302819,-0.0002602577825532693
0.9625,31.50785107783036,90.0,0.05949214892216964,0.03779679389829381,-1.72136132834402,0.0,-0.0,0.2359073958096778,-0.40608186821712544,566.9519084744071,-0.00025851974650698857
0.9630000000000001,31.489167360447645,90.0,0.059510832639552355,0.03693906244827929,-1.7095195168144262,0.0,-0.0,0.2359073958096778,-0.40328829729751,554.0859367241893,-0.0002567413040240503
0.9635,31.470911017310613,90.0,0.05952908898268939,0.03608731944973216,-1.6974072959528061,0.0,-0.0,0.2359073958096778,-0.40043093481657355,541.3097917459824,-0.0002549222505718649
0.9640000000000001,31.453079020335757,90.0,0.05954692097966424,0.03524170044663747,-1.6850233094133071,0.0,-0.0,0.2359073958096778,-0.3975094608022982,528.625506699562,-0.0002530623824499191
0.9645,31.435668273498344,90.0,0.059564331726501656,0.03440234165974768,-1.6723662064922897,0.0,-0.0,0.2359073958096778,-0.3945235566137059,516.0351248962153,-0.00025116149680506607
0.9650000000000001,31.418675612494596,90.0,0.05958132438750541,0.03356937998373444,-1.659434642230673,0.0,-0.0,0.2359073958096778,-0.3914729049650024,503.5406997560166,-0.00024921939164689565
0.9655,31.402097804405557,90.0,0.059597902195594445,0.0327429529842921,-1.6462272775169102,0.0,-0.0,0.2359073958096778,-0.38835718994987,491.14429476438147,-0.00024723586586319977
0.9660000000000001,31.385931547362276,90.0,0.059614068452637725,0.031923198895186605,-1.632742779190503,0.0,-0.0,0.2359073958096778,-0.3851760970658873,478.8479834277991,-0.00024521071923551863
0.9665,31.37017347021252,90.0,0.05962982652978748,0.031110256615255467,-1.6189798201461518,0.0,-0.0,0.2359073958096778,-0.3819293132390992,466.65384922883203,-0.000243143752454782
0.9670000000000001,31.354820132189005,90.0,0.059645179867810996,0.03030426570535249,-1.6049370794384519,0.0,-0.0,0.2359073958096778,-0.37861652684871516,454.5639855802873,-0.0002410347671370333
0.9675,31.339868022579182,90.0,0.059660131977420816,0.029505366385242992,-1.590613242387231,0.0,-0.0,0.2359073958096778,-0.37523742775195945,442.5804957786449,-0.0002388835658392492
0.9680000000000001,31.32531356039651,90.0,0.05967468643960349,0.028713699530443337,-1.576007000683436,0.0,-0.0,0.2359073958096778,-0.3717917073090504,430.70549295665006,-0.00023668995207524213
0.9685,31.31115309405346,90.0,0.059688846905946544,0.027929406669010136,-1.5611170524956686,0.0,-0.0,0.2359073958096778,-0.36827905840833325,418.94110003515203,-0.0002344537303316603
0.9690000000000001,31.297382901035974,90.0,0.059702617098964024,0.02715262997827329,-1.5459421025772735,0.0,-0.0,0.2359073958096778,-0.36469917549154235,407.28944967409933,-0.0002321747060840703
0.9695,31.283999187579752,90.0,0.05971600081242025,0.026383512281518105,-1.5304808623740853,0.0,-0.0,0.2359073958096778,-0.36105175457922034,395.7526842227716,-0.0002298526858131391
0.9700000000000001,31.27099808834803,90.0,0.05972900191165197,0.025622197044610617,-1.5147320501327282,0.0,-0.0,0.2359073958096778,-0.3573364932962662,384.3329556691593,-0.00022748747702089876
0.9705,31.258375666111192,90.0,0.059741624333888806,0.024868828372571334,-1.498694391009583,0.0,-0.0,0.2359073958096778,-0.3535530908976417,373.03242558857,-0.00022507888824711147
0.9710000000000001,31.24612791142804,90.0,0.05975387208857196,0.024123551006091665,-1.4823666171803123,0.0,-0.0,0.2359073958096778,-0.349701248294209,361.85326509137496,-0.0002226267290857184
0.9715,31.234250742328868,90.0,0.059765749257671134,0.023386510317998075,-1.4657474679500586,0.0,-0.0,0.2359073958096778,-0.3457806680787275,350.7976547699711,-0.0002201308102013897
0.9720000000000001,31.222740004000215,90.0,0.05977725999599978,0.02265785230965838,-1.4488356898642045,0.0,-0.0,0.2359073958096778,-0.3417910545519825,339.8677846448757,-0.00021759094334615868
0.9725,31.21159146847166,90.0,0.05978840853152834,0.021937723607335084,-1.4316300368198134,0.0,-0.0,0.2359073958096778,-0.3377321137490753,329.06585411002624,-0.00021500694137615843
0.9730000000000001,31.200800834304076,90.0,0.059799199165695927,0.021226271458480283,-1.4141292701776382,0.0,-0.0,0.2359073958096778,-0.33360355346584686,318.3940718772042,-0.00021237861826844368
0.9735,31.190363726280182,90.0,0.05980963627371982,0.02052364372797694,-1.3963321588748154,0.0,-0.0,0.2359073958096778,-0.329405083285463,307.8546559196541,-0.00020970578913791563
0.9740000000000001,31.180275695096682,90.0,0.059819724304903316,0.019829988894321134,-1.37823747953813,0.0,-0.0,0.2359073958096778,-0.3251364146051343,297.449833414817,-0.00020698827025433217
0.9745,31.17053221705838,90.0,0.05982946778294162,0.019145456045750044,-1.3598440165979782,0.0,-0.0,0.2359073958096778,-0.3207972606630013,287.18184068625067,-0.00020422587905942352
0.9750000000000001,31.161128693774415,90.0,0.05983887130622558,0.018470194876310273,-1.3411505624028999,0.0,-0.0,0.2359073958096778,-0.3163873365651529,277.0529231446541,-0.00020141843418409298
0.9755,31.15206045185623,90.0,0.05984793954814377,0.017804355681871244,-1.3221559173348199,0.0,-0.0,0.2359073958096778,-0.31190635931281296,267.0653352280687,-0.00019856575546572404
0.9760000000000001,31.143322742617734,90.0,0.059856677257382265,0.017148089356078356,-1.3028588899248608,0.0,-0.0,0.2359073958096778,-0.3073540478296616,257.22134034117533,-0.00019566766396557388
0.9765,31.134910741777425,90.0,0.05986508925822257,0.016501547386250457,-1.2832582969698734,0.0,-0.0,0.2359073958096778,-0.30273012298932495,247.52321079375685,-0.00019272398198627398
0.9770000000000001,31.126819549162597,90.0,0.0598731804508374,0.015864881849216597,-1.2633529636495417,0.0,-0.0,0.2359073958096778,-0.29803430764300193,237.97322773824897,-0.0001897345330894176
0.9775,31.119044188415614,90.0,0.05988095581158438,0.015238245407096299,-1.2431417236442135,0.0,-0.0,0.2359073958096778,-0.29326632664726054,228.5736811064445,-0.00018669914211325576
0.9780000000000001,31.11157960670237,90.0,0.05988842039329763,0.014621791303018526,-1.222623419253312,0.0,-0.0,0.2359073958096778,-0.2884259068919727,219.32686954527787,-0.0001836176351904809
0.9785,31.104420674422812,90.0,0.05989557932557719,0.014015673356783514,-1.2017969015144763,0.0,-0.0,0.2359073958096778,-0.2835127773284199,210.2351003517527,-0.00018048983976611948
0.9790000000000001,31.097562184923753,90.0,0.059902437815076245,0.013420045960462654,-1.1806610303232894,0.0,-0.0,0.2359073958096778,-0.2785266689975382,201.30068940693982,-0.00017731558461551346
0.9795,31.090998854213844,90.0,0.05990900114578616,0.0128350640739405,-1.159214674553745,0.0,-0.0,0.2359073958096778,-0.27346731505833716,192.5259611091075,-0.00017409469986241226
0.9800000000000001,31.084725320680754,90.0,0.059915274679319244,0.012260883220394286,-1.1374567121793013,0.0,-0.0,0.2359073958096778,-0.2683344508164572,183.9132483059143,-0.00017082701699715295
0.9805,31.07873614481072,90.0,0.05992126385518928,0.011697659481714801,-1.1153860303946832,0.0,-0.0,0.2359073958096778,-0.26312781375290384,175.464892225722,-0.000167512368894953
0.9810000000000001,31.073025808910295,90.0,0.05992697419108971,0.01114554949386416,-1.0930015257382792,0.0,-0.0,0.2359073958096778,-0.257847143552922,167.1832424079624,-0.00016415058983429228
0.9815,31.06758871683052,90.0,0.05993241128316948,0.010604710442174233,-1.0703021042152887,0.0,-0.0,0.2359073958096778,-0.2524921821350471,159.0706566326135,-0.0001607415155154076
0.9820000000000001,31.06241919369343,90.0,0.05993758080630657,0.010075300056581317,-1.047286681421472,0.0,-0.0,0.2359073958096778,-0.24706267368029913,151.12950084871977,-0.00015728498307887806
0.9825,31.057511485620942,90.0,0.059942488514379055,0.009557476606800756,-1.0239541826676586,0.0,-0.0,0.2359073958096778,-0.24155836466155445,143.36214910201133,-0.00015378083112432402
0.9830000000000001,31.052859759466173,90.0,0.059947140240533825,0.00905139889743719,-1.0003035431048588,0.0,-0.0,0.2359073958096778,-0.235979003873061,135.77098346155782,-0.0001502288997291967
0.9835,31.048458102547258,90.0,0.05995154189745274,0.008557226263033952,-0.9763337078501467,0.0,-0.0,0.2359073958096778,-0.2303243424601349,128.35839394550928,-0.00014662903046768394
0.9840000000000001,31.044300522383622,90.0,0.05995569947761638,0.008075118563057536,-0.9520436321131467,0.0,-0.0,0.2359073958096778,-0.22459413394899935,121.12677844586302,-0.00014298106642970603
0.9845,31.040380946434766,90.0,0.059959619053565234,0.0076052361768204286,-0.927432281323301,0.0,-0.0,0.2359073958096778,-0.2187881342768084,114.07854265230642,-0.0001392848522400296
0.9850000000000001,31.036693221841666,90.0,0.05996330677815833,0.007147739998338388,-0.9024986312577458,0.0,-0.0,0.2359073958096778,-0.21290610182181346,107.21609997507582,-0.000135540234077472
0.9855,31.033231115170686,90.0,0.05996676888482931,0.006702791431125302,-0.8772416681699741,0.0,-0.0,0.2359073958096778,-0.20694779743371608,100.54187146687953,-0.00013174705969422467
0.9860000000000001,31.029988312160157,90.0,0.059970011687839844,0.006270552382921905,-0.8516603889191131,0.0,-0.0,0.2359073958096778,-0.20091298446416533,94.05828574382858,-0.00012790517843526834
0.9865,31.026958417469565,90.0,0.05997304158253043,0.005851185260361264,-0.8257538010999969,0.0,-0.0,0.2359073958096778,-0.19480142879744292,87.76777890541895,-0.00012401444125790772
0.9870000000000001,31.02413495443154,90.0,0.05997586504556846,0.005444852963567512,-0.7995209231738559,0.0,-0.0,0.2359073958096778,-0.18861289888129382,81.67279445351268,-0.00012007470075139891
0.9875,31.021511364806365,90.0,0.05997848863519364,0.005051718880690555,-0.7729607845998127,0.0,-0.0,0.2359073958096778,-0.1823471657579471,75.77578321035833,-0.0001160858111566979
0.9880000000000001,31.019081008539402,90.0,0.059980918991460595,0.004671946882373401,-0.7460724259669961,0.0,-0.0,0.2359073958096778,-0.17600400309528266,70.079203235601,-0.00011204762838630193
0.9885,31.01683716352126,90.0,0.05998316283647874,0.004305701316154655,-0.7188548991274704,0.0,-0.0,0.2359073958096778,-0.16958318721819016,64.58551974231982,-0.00010796001004421314
0.9890000000000001,31.0147730253507,90.0,0.0599852269746493,0.003953147000803018,-0.69130726732979,0.0,-0.0,0.2359073958096778,-0.1630844971400755,59.297205012045275,-0.00010382281544599634
0.9895,31.012881707100483,90.0,0.059987118292899516,0.003614449220586128,-0.6634286053533736,0.0,-0.0,0.2359073958096778,-0.1565077145945608,54.216738308791925,-9.963590563895969e-05
0.9900000000000001,31.011156239086112,90.0,0.05998884376091389,0.0032897737194707843,-0.6352179996435104,0.0,-0.0,0.2359073958096778,-0.14985262406733338,49.346605792061766,-9.539914342243052e-05
0.9905,31.009589568637352,90.0,0.05999041043136265,0.00297928669525668,-0.606674548447194,0.0,-0.0,0.2359073958096778,-0.14311901282818976,44.689300428850196,-9.111239336815511e-05
0.991,31.008174559872877,90.0,0.05999182544012712,0.0026831547936409556,-0.577797361949598,0.0,-0.0,0.2359073958096778,-0.13630667096323146,40.24732190461433,-8.677552184079523e-05
0.9915,31.00690399347777,90.0,0.05999309600652223,0.002401545102215044,-0.5485855624113507,0.0,-0.0,0.2359073958096778,-0.1294153914072492,36.02317653322565,-8.238839701854442e-05
0.992,31.005770566484124,90.0,0.05999422943351588,0.0021346251443926504,-0.5190382843065514,0.0,-0.0,0.2359073958096778,-0.1224449699762817,32.01937716588976,-7.79508889138558e-05
0.9925,31.00476689205461,90.0,0.05999523310794539,0.0018825628732679401,-0.4891546744614651,0.0,-0.0,0.2359073958096778,-0.11539520540033493,28.2384430990191,-7.346286939427152e-05
0.993,31.00388549926928,90.0,0.05999611450073072,0.0016455266654050787,-0.45893389219406233,0.0,-0.0,0.2359073958096778,-0.10826589935630065,24.68289998107618,-6.89242122033796e-05
0.9935,31.00311883291532,90.0,0.05999688116708468,0.001423685314556916,-0.42837510945420265,0.0,-0.0,0.2359073958096778,-0.10105685650102664,21.35527971835374,-6.433479298186691e-05
0.994,31.002459253280044,90.0,0.05999754074671996,0.0012172080253142314,-0.3974775109646795,0.0,-0.0,0.2359073958096778,-0.09376788450459018,18.25812037971347,-5.969448928870187e-05
0.9945,31.001899035947112,90.0,0.059998100964052885,0.0010262644066834847,-0.3662402943629128,0.0,-0.0,0.2359073958096778,-0.08639879408372457,15.39396610025227,-5.500318062241427e-05
0.995,31.001430371595937,90.0,0.05999856962840406,0.000851024465594257,-0.3346626703435108,0.0,-0.0,0.2359073958096778,-0.07894939903545033,12.765366983913855,-5.0260748442505735e-05
0.9955,31.00104536580435,90.0,0.05999895463419565,0.0006916586003345486,-0.30274386280148524,0.0,-0.0,0.2359073958096778,-0.07141951627086077,10.37487900501823,-4.5467076190958155e-05
0.996,31.00073603885457,90.0,0.05999926396114543,0.0005483375939148951,-0.2704831089763434,0.0,-0.0,0.2359073958096778,-0.06380896584911445,8.225063908723426,-4.062204931387402e-05
0.9965,31.00049432554252,90.0,0.05999950567445748,0.0004212326073596831,-0.23787965959683874,0.0,-0.0,0.2359073958096778,-0.05611757101158285,6.318489110395246,-3.572555528321546e-05
0.997,31.000312074990546,90.0,0.059999687925009454,0.00031051517292640337,-0.20493277902660711,0.0,-0.0,0.2359073958096778,-0.04834515821620704,4.657727593896051,-3.077748361867643e-05
0.9975,31.000181050463453,90.0,0.05999981894953654,0.00021635718725144252,-0.17164174541046504,0.0,-0.0,0.2359073958096778,-0.04049155717201052,3.2453578087716375,-2.5777725909654246e-05
0.998,31.000092929188106,90.0,0.059999907070811896,0.00013893090442292316,-0.1380058508216039,0.0,-0.0,0.2359073958096778,-0.03255660087382346,2.0839635663438476,-2.0726175837355697e-05
0.9985,31.000039302176376,90.0,0.05999996069782362,7.84089289794169e-05,-0.10402440140944962,0.0,-0.0,0.2359073958096778,-0.024540125637163835,1.1761339346912534,-1.5622729197003087e-05
0.999,31.000011674051777,90.0,0.059999988325948224,3.4964208834806455e-05,-0.06969671754842746,0.0,-0.0,0.2359073958096778,-0.016441971133332192,0.5244631325220968,-1.0467283920176284e-05
0.9995,31.000001462879467,90.0,0.059999998537120534,8.770028128352557e-06,-0.035022133987396745,0.0,-0.0,0.2359073958096778,-0.008261980424664373,0.13155042192528835,-5.2597400972552465e-06
1.0,31.0,90.0,0.06,0.0,0.0,0.0,0.0,0.2359073958096778,0.0,0.0,0.0
