time_s,root_radius_mm,q_deg,closing_s_m,speed_m_s,acceleration_m_s2,q_speed_rad_s,q_accel_rad_s2,synchronous_equivalent_mass_kg,ideal_path_force_N,hypothetical_lead4_rpm,hypothetical_lead4_ideal_motor_torque_Nm
0.0,31.0,90.0,0.06,-0.0,-0.0,-0.0,-0.0,0.2359073958096778,0.0,-0.0,0.0
0.0005,31.00000059910036,90.0,0.05999999940089964,-3.5928035999999996e-06,-0.014356828799999999,-0.0,-0.0,0.2359073958096778,-0.003386882094293381,-0.053892053999999995,-2.1561561079048894e-06
0.001,31.000004785611523,90.0,0.05999999521438848,-1.4342457599999997e-05,-0.028627430399999997,-0.0,-0.0,0.2359073958096778,-0.006753422554386802,-0.21513686399999996,-4.299362329275816e-06
0.0015,31.000016127187486,90.0,0.059999983872812516,-3.22058916e-05,-0.04281197759999999,-0.0,-0.0,0.2359073958096778,-0.010099662145078257,-0.48308837400000004,-6.429644615789198e-06
0.002,31.00003816996864,90.0,0.05999996183003136,-5.714012159999999e-05,-0.0569106432,-0.0,-0.0,0.2359073958096778,-0.013425641631165748,-0.8571018239999998,-8.547028919121463e-06
0.0025,31.000074438625,90.0,0.059999925561375,-8.910225e-05,-0.07092359999999999,-0.0,-0.0,0.2359073958096778,-0.016731401777447263,-1.33653375,-1.0651541190949023e-05
0.003,31.000128436399365,90.0,0.059999871563600635,-0.00012804946560000002,-0.0848510208,-0.0,-0.0,0.2359073958096778,-0.0200169833487208,-1.9207419840000002,-1.2743207382948303e-05
0.0035,31.00020364515052,90.0,0.05999979635484948,-0.00017393904359999998,-0.0986930784,-0.0,-0.0,0.2359073958096778,-0.02328242710978436,-2.609085654,-1.4822053446795725e-05
0.004,31.000303525396475,90.0,0.05999969647460352,-0.00022672834559999994,-0.11244994559999999,-0.0,-0.0,0.2359073958096778,-0.026527773825435932,-3.400925183999999,-1.6888105334167707e-05
0.0045000000000000005,31.000431516357644,90.0,0.05999956848364236,-0.00028637481960000006,-0.1261217952,-0.0,-0.0,0.2359073958096778,-0.02975306426047352,-4.295622294000001,-1.8941388996740673e-05
0.005,31.000591036000003,90.0,0.059999408963999995,-0.000352836,-0.1397088,-0.0,-0.0,0.2359073958096778,-0.03295833917969511,-5.29254,-2.098193038619104e-05
0.0055000000000000005,31.00078548107836,90.0,0.05999921451892164,-0.00042606950760000007,-0.15321113279999998,-0.0,-0.0,0.2359073958096778,-0.0361436393478987,-6.391042614000002,-2.300975545419523e-05
0.006,31.00101822717952,90.0,0.05999898177282048,-0.0005060330496,-0.1666289664,-0.0,-0.0,0.2359073958096778,-0.0393090055298823,-7.590495744,-2.5024890152429665e-05
0.006500000000000001,31.001292628765476,90.0,0.05999870737123452,-0.0005926844196,-0.17996247359999998,-0.0,-0.0,0.2359073958096778,-0.042454478490443884,-8.890266294,-2.7027360432570767e-05
0.007,31.001612019216644,90.0,0.05999838798078336,-0.0006859814976,-0.1932118272,-0.0,-0.0,0.2359073958096778,-0.045580098994381466,-10.289722464,-2.9017192246294954e-05
0.007500000000000001,31.001979710875,90.0,0.059998020289125,-0.0007858822500000002,-0.20637719999999998,-0.0,-0.0,0.2359073958096778,-0.04868590780649303,-11.788233750000003,-3.099441154527865e-05
0.008,31.00239899508736,90.0,0.05999760100491264,-0.0008923447295999999,-0.21945876479999998,-0.0,-0.0,0.2359073958096778,-0.05177194569157658,-13.385170943999997,-3.295904428119826e-05
0.0085,31.002873142248525,90.0,0.05999712685775147,-0.0010053270756,-0.2324566944,-0.0,-0.0,0.2359073958096778,-0.05483825341443011,-15.079906134,-3.491111640573024e-05
0.009000000000000001,31.003405401844482,90.0,0.05999659459815552,-0.0011247875136000003,-0.24537116159999997,-0.0,-0.0,0.2359073958096778,-0.05788487173985161,-16.871812704000003,-3.6850653870550974e-05
0.0095,31.00399900249564,90.0,0.05999600099750436,-0.0012506843556,-0.25820233919999996,-0.0,-0.0,0.2359073958096778,-0.06091184143263907,-18.760265334,-3.87776826273369e-05
0.01,31.004657152,90.0,0.059995342848,-0.001382976,-0.2709504,-0.0,-0.0,0.2359073958096778,-0.06391920325759051,-20.744639999999997,-4.0692228627764435e-05
0.0105,31.00538303737637,90.0,0.059994616962623634,-0.0015216209315999998,-0.2836155168,-0.0,-0.0,0.2359073958096778,-0.06690699797950393,-22.824313973999995,-4.259431782351002e-05
0.011000000000000001,31.00617982490752,90.0,0.05999382017509248,-0.0016665777216000003,-0.2961978624,-0.0,-0.0,0.2359073958096778,-0.06987526636317729,-24.998665824000003,-4.448397616625004e-05
0.0115,31.00705066018348,90.0,0.05999294933981652,-0.0018178050275999998,-0.3086976095999999,-0.0,-0.0,0.2359073958096778,-0.07282404917340857,-27.267075413999994,-4.636122960766091e-05
0.012,31.007998668144644,90.0,0.05999200133185536,-0.0019752615935999997,-0.32111493119999995,-0.0,-0.0,0.2359073958096778,-0.07575338717499584,-29.628923903999993,-4.822610409941911e-05
0.0125,31.009026953125,90.0,0.059990973046875,-0.00213890625,-0.3334499999999999,-0.0,-0.0,0.2359073958096778,-0.07866332113273704,-32.08359375,-5.0078625593201005e-05
0.013000000000000001,31.01013859889536,90.0,0.05998986140110464,-0.0023086979136000005,-0.3457029888,-0.0,-0.0,0.2359073958096778,-0.0815538918114302,-34.63046870400001,-5.191882004068305e-05
0.0135,31.011336668706527,90.0,0.059988663331293476,-0.002484595587599999,-0.3578740703999999,-0.0,-0.0,0.2359073958096778,-0.08442513997587327,-37.26893381399998,-5.374671339354163e-05
0.014,31.012624205332486,90.0,0.059987375794667515,-0.0026665583616,-0.36996341759999996,-0.0,-0.0,0.2359073958096778,-0.0872771063908643,-39.998375423999995,-5.556233160345322e-05
0.0145,31.014004231113645,90.0,0.05998599576888636,-0.0028545454115999997,-0.3819712032,-0.0,-0.0,0.2359073958096778,-0.09010983182120126,-42.818181173999996,-5.7365700622094185e-05
0.015000000000000001,31.015479748000004,90.0,0.059984520252,-0.0030485160000000002,-0.39389759999999996,-0.0,-0.0,0.2359073958096778,-0.09292335703168213,-45.727740000000004,-5.915684640114096e-05
0.0155,31.01705373759436,90.0,0.05998294626240564,-0.0032484294755999996,-0.4057427807999999,-0.0,-0.0,0.2359073958096778,-0.09571772278710491,-48.726442133999996,-6.0935794892269986e-05
0.016,31.018729161195523,90.0,0.059981270838804474,-0.0034542452735999993,-0.41750691839999987,-0.0,-0.0,0.2359073958096778,-0.09849296985226762,-51.81367910399999,-6.270257204715766e-05
0.0165,31.020508959841486,90.0,0.05997949104015851,-0.0036659229156,-0.4291901856,-0.0,-0.0,0.2359073958096778,-0.10124913899196827,-54.988843734,-6.445720381748045e-05
0.017,31.02239605435264,90.0,0.059977603945647356,-0.0038834220096000006,-0.44079275519999994,-0.0,-0.0,0.2359073958096778,-0.1039862709710048,-58.25133014400001,-6.61997161549147e-05
0.0175,31.024393345375003,90.0,0.059975606654624994,-0.00410670225,-0.45231479999999996,-0.0,-0.0,0.2359073958096778,-0.10670440655417524,-61.600533750000004,-6.79301350111369e-05
0.018000000000000002,31.02650371342336,90.0,0.05997349628657664,-0.004335723417600001,-0.4637564928,-0.0,-0.0,0.2359073958096778,-0.10940358650627759,-65.03585126400002,-6.964848633782344e-05
0.018500000000000003,31.02873001892452,90.0,0.05997126998107548,-0.004570445379600001,-0.4751180064,-0.0,-0.0,0.2359073958096778,-0.11208385159210983,-68.55668069400002,-7.135479608665074e-05
0.019,31.031075102260488,90.0,0.059968924897739515,-0.004810828089599999,-0.48639951359999994,-0.0,-0.0,0.2359073958096778,-0.11474524257646994,-72.16242134399998,-7.304909020929519e-05
0.0195,31.033541783811643,90.0,0.05996645821618836,-0.005056831587599999,-0.4976011871999999,-0.0,-0.0,0.2359073958096778,-0.11738780022415594,-75.85247381399999,-7.473139465743328e-05
0.02,31.036132864000002,90.0,0.059963867136,-0.005308416,-0.5087231999999999,-0.0,-0.0,0.2359073958096778,-0.12001156529996586,-79.62624,-7.640173538274138e-05
0.0205,31.038851123332364,90.0,0.05996114887666763,-0.0055655415396,-0.5197657248,-0.0,-0.0,0.2359073958096778,-0.12261657856869768,-83.483123094,-7.806013833689597e-05
0.021,31.041699322443527,90.0,0.059958300677556475,-0.005828168505599999,-0.5307289343999999,-0.0,-0.0,0.2359073958096778,-0.1252028807951493,-87.42252758399998,-7.970662947157338e-05
0.021500000000000002,31.04468020213949,90.0,0.059955319797860514,-0.006096257283600001,-0.5416130015999999,-0.0,-0.0,0.2359073958096778,-0.12777051274411882,-91.44385925400002,-8.134123473845008e-05
0.022000000000000002,31.04779648344065,90.0,0.05995220351655935,-0.006369768345600001,-0.5524180992,-0.0,-0.0,0.2359073958096778,-0.13031951518040424,-95.54652518400002,-8.296398008920252e-05
0.022500000000000003,31.051050867625,90.0,0.059948949132375,-0.00664866225,-0.5631444,-0.0,-0.0,0.2359073958096778,-0.1328499288688035,-99.72993375,-8.457489147550707e-05
0.023,31.054446036271365,90.0,0.05994555396372864,-0.006932899641599999,-0.5737920768,-0.0,-0.0,0.2359073958096778,-0.13536179457411462,-103.99349462399998,-8.617399484904016e-05
0.0235,31.057984651302526,90.0,0.059942015348697475,-0.007222441251599999,-0.5843613024,-0.0,-0.0,0.2359073958096778,-0.1378551530611356,-108.33661877399999,-8.776131616147824e-05
0.024,31.061669355028478,90.0,0.05993833064497152,-0.007517247897599999,-0.5948522495999999,-0.0,-0.0,0.2359073958096778,-0.14033004509466443,-112.75871846399998,-8.93368813644977e-05
0.0245,31.065502770189646,90.0,0.059934497229810355,-0.007817280483600001,-0.6052650911999999,-0.0,-0.0,0.2359073958096778,-0.1427865114394991,-117.25920725400002,-9.090071640977498e-05
0.025,31.0694875,90.0,0.0599305125,-0.008122500000000001,-0.6155999999999999,-0.0,-0.0,0.2359073958096778,-0.14522459286043762,-121.8375,-9.245284724898648e-05
0.025500000000000002,31.073626128190362,90.0,0.059926373871809636,-0.0084328675236,-0.6258571488,-0.0,-0.0,0.2359073958096778,-0.147644330122278,-126.493012854,-9.399329983380867e-05
0.026000000000000002,31.077921219051525,90.0,0.059922078780948476,-0.008748344217600002,-0.6360367104,-0.0,-0.0,0.2359073958096778,-0.1500457639898182,-131.22516326400003,-9.55221001159179e-05
0.026500000000000003,31.082375317477485,90.0,0.05991762468252251,-0.009068891331600002,-0.6461388576,-0.0,-0.0,0.2359073958096778,-0.15242893522785622,-136.03336997400004,-9.703927404699064e-05
0.027,31.086990949008637,90.0,0.05991300905099136,-0.009394470201599999,-0.6561637631999999,-0.0,-0.0,0.2359073958096778,-0.15479388460119006,-140.91705302399998,-9.854484757870328e-05
0.0275,31.091770619875007,90.0,0.059908229380124994,-0.00972504225,-0.6661115999999999,-0.0,-0.0,0.2359073958096778,-0.15714065287461776,-145.87563375,-0.00010003884666273228
0.028,31.096716817039365,90.0,0.059903283182960634,-0.0100605689856,-0.6759825407999999,-0.0,-0.0,0.2359073958096778,-0.15946928081293724,-150.90853478399998,-0.00010152129725075402
0.0285,31.10183200824052,90.0,0.05989816799175948,-0.010401012003599998,-0.6857767583999999,-0.0,-0.0,0.2359073958096778,-0.16177980918094653,-156.01518005399998,-0.00010299222529444493
0.029,31.107118642036475,90.0,0.05989288135796352,-0.0107463329856,-0.6954944256,-0.0,-0.0,0.2359073958096778,-0.16407227874344368,-161.19499478400002,-0.00010445165674548148
0.029500000000000002,31.11257914784764,90.0,0.05988742085215236,-0.0110964936996,-0.7051357152,-0.0,-0.0,0.2359073958096778,-0.16634673026522662,-166.447405494,-0.00010589961755554003
0.030000000000000002,31.118215936000006,90.0,0.05988178406399999,-0.011451456000000002,-0.7147008,-0.0,-0.0,0.2359073958096778,-0.16860320451109337,-171.77184000000003,-0.00010733613367629702
0.030500000000000003,31.124031397768356,90.0,0.05987596860223164,-0.0118111818276,-0.7241898527999999,-0.0,-0.0,0.2359073958096778,-0.17084174224584187,-177.16772741399998,-0.00010876123105942886
0.031,31.130027905419524,90.0,0.059869972094580476,-0.012175633209599997,-0.7336030463999998,-0.0,-0.0,0.2359073958096778,-0.17306238423427017,-182.63449814399996,-0.00011017493565661197
0.0315,31.136207812255485,90.0,0.05986379218774451,-0.012544772259600002,-0.7429405536000001,-0.0,-0.0,0.2359073958096778,-0.17526517124117635,-188.17158389400004,-0.00011157727341952285
0.032,31.14257345265664,90.0,0.059857426547343356,-0.012918561177599996,-0.7522025471999999,-0.0,-0.0,0.2359073958096778,-0.17745014403135823,-193.77841766399993,-0.00011296827029983782
0.0325,31.149127142125003,90.0,0.059850872857875,-0.01329696225,-0.7613892,-0.0,-0.0,0.2359073958096778,-0.1796173433696139,-199.45443375000002,-0.0001143479522492333
0.033,31.155871177327363,90.0,0.059844128822672635,-0.0136799378496,-0.7705006847999999,-0.0,-0.0,0.2359073958096778,-0.18176681002074135,-205.199067744,-0.00011571634521938577
0.0335,31.16280783613852,90.0,0.05983719216386148,-0.014067450435600001,-0.7795371744000001,-0.0,-0.0,0.2359073958096778,-0.18389858474953866,-211.011756534,-0.00011707347516197167
0.034,31.169939377684486,90.0,0.059830060622315516,-0.014459462553599998,-0.7884988415999998,-0.0,-0.0,0.2359073958096778,-0.1860127083208036,-216.89193830399998,-0.00011841936802866731
0.0345,31.17726804238564,90.0,0.05982273195761436,-0.014855936835600003,-0.7973858592,-0.0,-0.0,0.2359073958096778,-0.18810922149933443,-222.83905253400005,-0.00011975404977114923
0.035,31.184796051999996,90.0,0.059815203948,-0.015256836000000001,-0.8061983999999999,-0.0,-0.0,0.2359073958096778,-0.19018816504992891,-228.85254,-0.00012107754634109375
0.035500000000000004,31.19252560966637,90.0,0.05980747439033363,-0.015662122851600003,-0.8149366368000002,-0.0,-0.0,0.2359073958096778,-0.19224957973738527,-234.93184277400002,-0.00012238988369017739
0.036000000000000004,31.20045889994752,90.0,0.05979954110005248,-0.0160717602816,-0.8236007424,-0.0,-0.0,0.2359073958096778,-0.19429350632650128,-241.07640422400002,-0.00012369108777007646
0.036500000000000005,31.20859808887348,90.0,0.05979140191112652,-0.016485711267600008,-0.8321908896000002,-0.0,-0.0,0.2359073958096778,-0.1963199855820751,-247.28566901400012,-0.00012498118453246751
0.037000000000000005,31.216945323984646,90.0,0.05978305467601536,-0.0169039388736,-0.8407072512,-0.0,-0.0,0.2359073958096778,-0.19832905826890462,-253.55908310400005,-0.00012626019992902684
0.0375,31.225502734375006,90.0,0.059774497265625,-0.01732640625,-0.8491500000000001,-0.0,-0.0,0.2359073958096778,-0.2003207651517879,-259.89609375,-0.00012752815991143096
0.038,31.23427243073536,90.0,0.05976572756926464,-0.017753076633600002,-0.8575193087999998,-0.0,-0.0,0.2359073958096778,-0.20229514699552287,-266.296149504,-0.0001287850904313562
0.0385,31.243256505396523,90.0,0.05975674349460348,-0.0181839133476,-0.8658153504,-0.0,-0.0,0.2359073958096778,-0.20425224456490768,-272.758700214,-0.0001300310174404791
0.039,31.252457032372476,90.0,0.05974754296762752,-0.0186188798016,-0.8740382976,-0.0,-0.0,0.2359073958096778,-0.20619209862474014,-279.283197024,-0.00013126596689047595
0.0395,31.26187606740364,90.0,0.05973812393259636,-0.019057939491600003,-0.8821883232,-0.0,-0.0,0.2359073958096778,-0.20811474993981835,-285.86909237400005,-0.00013248996473302327
0.04,31.271515648000005,90.0,0.059728484352,-0.019501056,-0.8902656,-0.0,-0.0,0.2359073958096778,-0.2100202392749403,-292.51583999999997,-0.00013370303691979748
0.0405,31.28137779348436,90.0,0.05971862220651564,-0.019948192995600002,-0.8982703008,-0.0,-0.0,0.2359073958096778,-0.21190860739490394,-299.222894934,-0.00013490520940247493
0.041,31.29146450503552,90.0,0.05970853549496448,-0.020399314233600002,-0.9062025984,-0.0,-0.0,0.2359073958096778,-0.21377989506450726,-305.98971350400006,-0.00013609650813273204
0.0415,31.301777765731487,90.0,0.059698222234268516,-0.020854383555600004,-0.9140626656,-0.0,-0.0,0.2359073958096778,-0.21563414304854836,-312.8157533340001,-0.00013727695906224534
0.042,31.31231954059264,90.0,0.05968768045940736,-0.021313364889600003,-0.9218506752,-0.0,-0.0,0.2359073958096778,-0.21747139211182512,-319.70047334400005,-0.00013844658814269112
0.0425,31.323091776625,90.0,0.059676908223375,-0.021776222250000005,-0.9295668000000001,-0.0,-0.0,0.2359073958096778,-0.21929168301913562,-326.64333375000007,-0.00013960542132574591
0.043000000000000003,31.33409640286336,90.0,0.05966590359713664,-0.022242919737600005,-0.9372112127999999,-0.0,-0.0,0.2359073958096778,-0.22109505653527772,-333.64379606400007,-0.00014075348456308603
0.043500000000000004,31.34533533041452,90.0,0.05965466466958548,-0.022713421539600005,-0.9447840864,-0.0,-0.0,0.2359073958096778,-0.22288155342504962,-340.7013230940001,-0.00014189080380638803
0.044000000000000004,31.356810452500483,90.0,0.05964318954749952,-0.023187691929600008,-0.9522855936,-0.0,-0.0,0.2359073958096778,-0.22465121445324915,-347.8153789440001,-0.0001430174050073282
0.044500000000000005,31.368523644501643,90.0,0.059631476355498356,-0.023665695267600005,-0.9597159072000001,-0.0,-0.0,0.2359073958096778,-0.2264040803846744,-354.9854290140001,-0.000144133314117583
0.045000000000000005,31.380476764,90.0,0.059619523236,-0.024147396000000005,-0.9670752,-0.0,-0.0,0.2359073958096778,-0.2281401919841233,-362.2109400000001,-0.0001452385570888289
0.0455,31.392671650822365,90.0,0.05960732834917763,-0.024632758659600004,-0.9743636447999999,-0.0,-0.0,0.2359073958096778,-0.2298595900163939,-369.49137989400003,-0.00014633315987274228
0.046,31.405110127083525,90.0,0.05959488987291647,-0.025121747865599998,-0.9815814143999999,-0.0,-0.0,0.2359073958096778,-0.23156231524628412,-376.8262179839999,-0.0001474171484209995
0.0465,31.41779399722948,90.0,0.05958220600277052,-0.025614328323600003,-0.9887286816,-0.0,-0.0,0.2359073958096778,-0.2332484084385921,-384.21492485400006,-0.00014849054868527715
0.047,31.430725048080646,90.0,0.059569274951919354,-0.026110464825599998,-0.9958056192,-0.0,-0.0,0.2359073958096778,-0.23491791035811568,-391.65697238399997,-0.0001495533866172515
0.0475,31.443905048875003,90.0,0.059556094951124995,-0.02661012225,-1.0028124,-0.0,-0.0,0.2359073958096778,-0.23657086176965295,-399.15183375000004,-0.000150605688168599
0.048,31.45733575131137,90.0,0.059542664248688634,-0.0271132655616,-1.0097491967999999,-0.0,-0.0,0.2359073958096778,-0.2382073034380018,-406.698983424,-0.0001516474792909961
0.0485,31.47101888959252,90.0,0.059528981110407476,-0.027619859811600003,-1.0166161824000002,-0.0,-0.0,0.2359073958096778,-0.23982727612796043,-414.29789717400007,-0.00015267878593611925
0.049,31.484956180468487,90.0,0.059515043819531516,-0.028129870137600002,-1.0234135296000002,-0.0,-0.0,0.2359073958096778,-0.24143082060432663,-421.948052064,-0.0001536996340556448
0.0495,31.49914932327964,90.0,0.05950085067672036,-0.028643261763600002,-1.0301414112000002,-0.0,-0.0,0.2359073958096778,-0.2430179776318985,-429.64892645400005,-0.0001547100496012492
0.05,31.513600000000004,90.0,0.059486399999999995,-0.029160000000000005,-1.0368,-0.0,-0.0,0.2359073958096778,-0.24458878797547393,-437.40000000000003,-0.00015571005852460884
0.0505,31.528309875280364,90.0,0.05947169012471964,-0.029680050243600004,-1.0433894688000003,-0.0,-0.0,0.2359073958096778,-0.2461432923998511,-445.2007536540001,-0.00015669968677740025
0.051000000000000004,31.543280596491527,90.0,0.059456719403508475,-0.0302033779776,-1.0499099904000002,-0.0,-0.0,0.2359073958096778,-0.24768153166982787,-453.05066966400005,-0.0001576789603112997
0.051500000000000004,31.55851379376749,90.0,0.05944148620623251,-0.030729948771600003,-1.0563617376,-0.0,-0.0,0.2359073958096778,-0.24920354655020222,-460.949231574,-0.0001586479050779837
0.052000000000000005,31.574011080048642,90.0,0.05942598891995136,-0.031259728281600015,-1.0627448832000002,-0.0,-0.0,0.2359073958096778,-0.25070937780577224,-468.8959242240002,-0.0001596065470291287
0.052500000000000005,31.589774051125005,90.0,0.059410225948874996,-0.03179268225,-1.0690596,-0.0,-0.0,0.2359073958096778,-0.25219906620133586,-476.89023375000005,-0.000160554912116411
0.053000000000000005,31.60580428567937,90.0,0.059394195714320634,-0.03232877650560001,-1.0753060608,-0.0,-0.0,0.2359073958096778,-0.2536726525016911,-484.93164758400013,-0.00016149302629150713
0.053500000000000006,31.622103345330522,90.0,0.05937789665466948,-0.032867976963600005,-1.0814844384000002,-0.0,-0.0,0.2359073958096778,-0.25513017747163597,-493.0196544540001,-0.00016242091550609352
0.054,31.63867277467648,90.0,0.05936132722532352,-0.03341024962559999,-1.0875949056,-0.0,-0.0,0.2359073958096778,-0.25657168187596835,-501.1537443839998,-0.0001633386057118465
0.0545,31.655514101337644,90.0,0.059344485898662355,-0.033955560579599996,-1.0936376352000001,-0.0,-0.0,0.2359073958096778,-0.25799720647948643,-509.3334086939999,-0.00016424612286044255
0.055,31.672628836,90.0,0.059327371164,-0.034503876,-1.0996127999999998,-0.0,-0.0,0.2359073958096778,-0.259406792046988,-517.55814,-0.00016514349290355803
0.0555,31.690018472458362,90.0,0.05930998152754164,-0.0350551621476,-1.1055205728000002,-0.0,-0.0,0.2359073958096778,-0.26080047934327133,-525.827432214,-0.00016603074179286951
0.056,31.707684487659527,90.0,0.059292315512340474,-0.035609385369600004,-1.1113611264,-0.0,-0.0,0.2359073958096778,-0.26217830913313417,-534.140780544,-0.00016690789548005327
0.0565,31.725628341745484,90.0,0.05927437165825452,-0.03616651209960001,-1.1171346335999999,-0.0,-0.0,0.2359073958096778,-0.2635403221813745,-542.4976814940001,-0.0001677749799167857
0.057,31.743851478096644,90.0,0.059256148521903355,-0.0367265088576,-1.1228412672,-0.0,-0.0,0.2359073958096778,-0.2648865592527906,-550.897632864,-0.00016863202105474342
0.0575,31.762355323375004,90.0,0.059237644676625,-0.03728934225000001,-1.1284812000000002,-0.0,-0.0,0.2359073958096778,-0.2662170611121802,-559.3401337500002,-0.00016947904484560262
0.058,31.78114128756736,90.0,0.05921885871243264,-0.0378549789696,-1.1340546048,-0.0,-0.0,0.2359073958096778,-0.2675318685243413,-567.824684544,-0.00017031607724103987
0.0585,31.800210764028527,90.0,0.059199789235971474,-0.0384233857956,-1.1395616544,-0.0,-0.0,0.2359073958096778,-0.26883102225407207,-576.350786934,-0.00017114314419273158
0.059000000000000004,31.819565129524484,90.0,0.059180434870475515,-0.03899452959360001,-1.1450025216000002,-0.0,-0.0,0.2359073958096778,-0.2701145630661704,-584.917943904,-0.00017196027165235407
0.059500000000000004,31.839205744275638,90.0,0.05916079425572436,-0.0395683773156,-1.1503773792,-0.0,-0.0,0.2359073958096778,-0.2713825317254342,-593.525659734,-0.00017276748557158386
0.060000000000000005,31.859133952,90.0,0.059140866048,-0.040144896000000006,-1.1556864,-0.0,-0.0,0.2359073958096778,-0.2726349689966616,-602.17344,-0.00017356481190209733
0.060500000000000005,31.879351079956365,90.0,0.059120648920043636,-0.04072405277160001,-1.1609297567999999,-0.0,-0.0,0.2359073958096778,-0.2738719156446505,-610.8607915740001,-0.00017435227659557084
0.061000000000000006,31.89985843898753,90.0,0.059100141561012474,-0.04130581484160001,-1.1661076224,-0.0,-0.0,0.2359073958096778,-0.2750934124341991,-619.5872226240001,-0.00017512990560368102
0.061500000000000006,31.920657323563482,90.0,0.05907934267643652,-0.041890149507600005,-1.1712201696,-0.0,-0.0,0.2359073958096778,-0.2762995001301051,-628.352242614,-0.00017589772487810405
0.062,31.94174901182464,90.0,0.05905825098817536,-0.04247702415359999,-1.1762675712,-0.0,-0.0,0.2359073958096778,-0.27749021949716673,-637.1553623039998,-0.00017665576037051648
0.0625,31.963134765625,90.0,0.059036865234375,-0.04306640625,-1.18125,-0.0,-0.0,0.2359073958096778,-0.27866561130018186,-645.99609375,-0.0001774040380325947
0.063,31.984815830575357,90.0,0.05901518416942464,-0.0436582633536,-1.1861676288,-0.0,-0.0,0.2359073958096778,-0.2798257163039486,-654.873950304,-0.00017814258381601515
0.0635,32.006793436086525,90.0,0.05899320656391348,-0.04425256310759999,-1.1910206304,-0.0,-0.0,0.2359073958096778,-0.28097057527326474,-663.7884466139999,-0.00017887142367245418
0.064,32.029068795412485,90.0,0.05897093120458752,-0.04484927324159999,-1.1958091776,-0.0,-0.0,0.2359073958096778,-0.28210022897292847,-672.7390986239998,-0.00017959058355358832
0.0645,32.05164310569364,90.0,0.05894835689430636,-0.0454483615716,-1.2005334431999999,-0.0,-0.0,0.2359073958096778,-0.2832147181677377,-681.725423574,-0.00018030008941109386
0.065,32.074517547999996,90.0,0.058925482452,-0.046049796,-1.2051936,-0.0,-0.0,0.2359073958096778,-0.2843140836224905,-690.7469399999999,-0.00018099996719664742
0.0655,32.09769328737437,90.0,0.058902306712625634,-0.046653544515600005,-1.2097898208,-0.0,-0.0,0.2359073958096778,-0.28539836610198477,-699.8031677340001,-0.0001816902428619252
0.066,32.121171472875524,90.0,0.05887882852712448,-0.04725957519360001,-1.2143222783999998,-0.0,-0.0,0.2359073958096778,-0.28646760637101853,-708.8936279040001,-0.00018237094235860372
0.0665,32.14495323762148,90.0,0.05885504676237852,-0.0478678561956,-1.2187911456,-0.0,-0.0,0.2359073958096778,-0.28752184519438984,-718.0178429340001,-0.00018304209163835943
0.067,32.16903969883264,90.0,0.058830960301167357,-0.0484783557696,-1.2231965952000001,-0.0,-0.0,0.2359073958096778,-0.28856112333689665,-727.175336544,-0.0001837037166528687
0.0675,32.193431957875,90.0,0.058806568042125,-0.04909104225000001,-1.2275388,-0.0,-0.0,0.2359073958096778,-0.2895854815633369,-736.36563375,-0.000184355843353808
0.068,32.21813110030336,90.0,0.05878186889969664,-0.0497058840576,-1.2318179327999998,-0.0,-0.0,0.2359073958096778,-0.29059496063850865,-745.588260864,-0.00018499849769285364
0.0685,32.24313819590452,90.0,0.05875686180409548,-0.05032284969960001,-1.2360341664,-0.0,-0.0,0.2359073958096778,-0.29158960132720996,-754.8427454940002,-0.0001856317056216822
0.069,32.26845429874048,90.0,0.05873154570125952,-0.050941907769599996,-1.2401876736000002,-0.0,-0.0,0.2359073958096778,-0.2925694443942387,-764.128616544,-0.00018625549309197
0.0695,32.29408044719165,90.0,0.05870591955280836,-0.0515630269476,-1.2442786272,-0.0,-0.0,0.2359073958096778,-0.2935345306043929,-773.4454042140001,-0.00018686988605539346
0.07,32.320017664000005,90.0,0.058679982336,-0.052186176,-1.2483072,-0.0,-0.0,0.2359073958096778,-0.2944849007224706,-782.79264,-0.00018747491046362902
0.07050000000000001,32.34626695631236,90.0,0.058653733043687636,-0.05281132377960001,-1.2522735647999998,-0.0,-0.0,0.2359073958096778,-0.29542059551326977,-792.1698566940001,-0.00018807059226835313
0.07100000000000001,32.37282931572352,90.0,0.058627170684276475,-0.05343843922560001,-1.2561778944,-0.0,-0.0,0.2359073958096778,-0.29634165574158844,-801.5765883840002,-0.0001886569574212422
0.07150000000000001,32.39970571831948,90.0,0.058600294281680516,-0.05406749136360001,-1.2600203616,-0.0,-0.0,0.2359073958096778,-0.29724812217222457,-811.0123704540002,-0.0001892340318739726
0.07200000000000001,32.42689712472064,90.0,0.05857310287527936,-0.05469844930560001,-1.2638011392,-0.0,-0.0,0.2359073958096778,-0.2981400355699761,-820.4767395840001,-0.00018980184157822082
0.07250000000000001,32.45440448012501,90.0,0.058545595519874996,-0.05533128225,-1.2675204,-0.0,-0.0,0.2359073958096778,-0.2990174366996411,-829.96923375,-0.00019036041248566318
0.07300000000000001,32.48222871435136,90.0,0.05851777128564864,-0.055965959481600006,-1.2711783168000002,-0.0,-0.0,0.2359073958096778,-0.2998803663260176,-839.4893922240001,-0.00019090977054797624
0.07350000000000001,32.51037074188252,90.0,0.05848962925811748,-0.05660245037160001,-1.2747750624,-0.0,-0.0,0.2359073958096778,-0.3007288652139035,-849.0367555740002,-0.0001914499417168363
0.07400000000000001,32.53883146190849,90.0,0.05846116853809152,-0.057240724377600014,-1.2783108096,-0.0,-0.0,0.2359073958096778,-0.30156297412809685,-858.6108656640002,-0.00019198095194391987
0.0745,32.567611758369644,90.0,0.058432388241630356,-0.05788075104359999,-1.2817857311999998,-0.0,-0.0,0.2359073958096778,-0.30238273383339564,-868.2112656539998,-0.00019250282718090328
0.075,32.5967125,90.0,0.0584032875,-0.058522499999999984,-1.2852,-0.0,-0.0,0.2359073958096778,-0.3031881850945979,-877.8374999999997,-0.00019301559337946302
0.0755,32.626134540370366,90.0,0.05837386545962964,-0.05916594096359998,-1.2885537887999998,-0.0,-0.0,0.2359073958096778,-0.3039793686765015,-887.4891144539997,-0.00019351927649127547
0.076,32.65587871793152,90.0,0.05834412128206848,-0.059811043737599996,-1.2918472703999997,-0.0,-0.0,0.2359073958096778,-0.30475632534390457,-897.1656560639999,-0.0001940139024680171
0.0765,32.68594585605748,90.0,0.05831405414394252,-0.0604577782116,-1.2950806175999998,-0.0,-0.0,0.2359073958096778,-0.30551909586160514,-906.866673174,-0.00019449949726136432
0.077,32.71633676308864,90.0,0.05828366323691136,-0.06110611436159999,-1.2982540031999998,-0.0,-0.0,0.2359073958096778,-0.3062677209944011,-916.5917154239999,-0.00019497608682299356
0.0775,32.747052232375005,90.0,0.058252947767625,-0.061756022249999994,-1.3013676,-0.0,-0.0,0.2359073958096778,-0.30700224150709043,-926.3403337499999,-0.00019544369710458115
0.078,32.77809304231936,90.0,0.05822190695768064,-0.062407472025599986,-1.3044215807999997,-0.0,-0.0,0.2359073958096778,-0.3077226981644711,-936.1120803839997,-0.00019590235405780355
0.0785,32.80945995642052,90.0,0.05819054004357948,-0.0630604339236,-1.3074161183999997,-0.0,-0.0,0.2359073958096778,-0.3084291317313413,-945.906508854,-0.00019635208363433728
0.079,32.84115372331648,90.0,0.058158846276683517,-0.06371487826559999,-1.3103513856,-0.0,-0.0,0.2359073958096778,-0.3091215829724989,-955.7231739839998,-0.00019679291178585867
0.0795,32.87317507682764,90.0,0.05812682492317236,-0.0643707754596,-1.3132275552,-0.0,-0.0,0.2359073958096778,-0.3098000926527419,-965.561631894,-0.00019722486446404418
0.08,32.905524736000004,90.0,0.058094475263999995,-0.065028096,-1.3160447999999998,-0.0,-0.0,0.2359073958096778,-0.31046470153686817,-975.4214399999998,-0.0001976479676205701
0.0805,32.938203405148364,90.0,0.05806179659485164,-0.06568681046759998,-1.3188032927999997,-0.0,-0.0,0.2359073958096778,-0.3111154503896759,-985.3021570139998,-0.00019806224720711303
0.081,32.971211773899526,90.0,0.058028788226100476,-0.0663468895296,-1.3215032063999999,-0.0,-0.0,0.2359073958096778,-0.3117523799759631,-995.2033429439999,-0.00019846772917534938
0.0815,33.00455051723548,90.0,0.05799544948276452,-0.0670083039396,-1.3241447135999997,-0.0,-0.0,0.2359073958096778,-0.31237553106052757,-1005.1245590939999,-0.0001988644394769554
0.082,33.03822029553665,90.0,0.057961779704463354,-0.0676710245376,-1.3267279871999997,-0.0,-0.0,0.2359073958096778,-0.3129849444081675,-1015.065368064,-0.00019925240406360768
0.0825,33.072221754625005,90.0,0.057927778245375,-0.06833502225,-1.3292532,-0.0,-0.0,0.2359073958096778,-0.3135806607836808,-1025.0253337499998,-0.0001996316488869826
0.083,33.106555525807366,90.0,0.05789344447419263,-0.06900026808960001,-1.3317205247999997,-0.0,-0.0,0.2359073958096778,-0.31416272095186537,-1035.0040213440002,-0.00020000219989875652
0.0835,33.14122222591852,90.0,0.05785877777408148,-0.0696667331556,-1.3341301343999998,-0.0,-0.0,0.2359073958096778,-0.3147311656775194,-1045.000997334,-0.00020036408305060594
0.084,33.17622245736449,90.0,0.05782377754263551,-0.0703343886336,-1.3364822015999998,-0.0,-0.0,0.2359073958096778,-0.3152860357254407,-1055.0158295039998,-0.0002007173242942072
0.0845,33.21155680816564,90.0,0.05778844319183436,-0.0710032057956,-1.3387768991999998,-0.0,-0.0,0.2359073958096778,-0.3158273718604274,-1065.048086934,-0.00020106194958123677
0.085,33.24722585200001,90.0,0.057752774147999994,-0.071673156,-1.3410144,-0.0,-0.0,0.2359073958096778,-0.3163552148472776,-1075.09734,-0.00020139798486337116
0.0855,33.28323014824637,90.0,0.057716769851753634,-0.07234421069159999,-1.3431948768,-0.0,-0.0,0.2359073958096778,-0.31686960545078896,-1085.163160374,-0.0002017254560922866
0.08600000000000001,33.319570242027524,90.0,0.057680429757972475,-0.0730163414016,-1.3453185023999996,-0.0,-0.0,0.2359073958096778,-0.31737058443575966,-1095.245121024,-0.0002020443892196596
0.08650000000000001,33.35624666425349,90.0,0.05764375333574651,-0.0736895197476,-1.3473854495999997,-0.0,-0.0,0.2359073958096778,-0.3178581925669878,-1105.3427962140001,-0.0002023548101971666
0.08700000000000001,33.393259931664645,90.0,0.057606740068335355,-0.07436371743359999,-1.3493958912,-0.0,-0.0,0.2359073958096778,-0.3183324706092713,-1115.4557615039996,-0.00020265674497648407
0.08750000000000001,33.43061054687501,90.0,0.057569389453124994,-0.07503890625000001,-1.35135,-0.0,-0.0,0.2359073958096778,-0.3187934593274081,-1125.58359375,-0.00020295021950928838
0.08800000000000001,33.468298998415364,90.0,0.05753170100158464,-0.0757150580736,-1.3532479487999998,-0.0,-0.0,0.2359073958096778,-0.3192411994861961,-1135.7258711040001,-0.0002032352597472558
0.08850000000000001,33.50632576077653,90.0,0.057493674239223476,-0.07639214486760001,-1.3550899103999998,-0.0,-0.0,0.2359073958096778,-0.3196757318504336,-1145.8821730140003,-0.000203511891642063
0.08900000000000001,33.54469129445248,90.0,0.05745530870554752,-0.0770701386816,-1.3568760576,-0.0,-0.0,0.2359073958096778,-0.32009709718491836,-1156.0520802239998,-0.0002037801411453863
0.08950000000000001,33.58339604598365,90.0,0.057416603954016356,-0.0777490116516,-1.3586065632,-0.0,-0.0,0.2359073958096778,-0.32050533625444844,-1166.2351747740001,-0.0002040400342089021
0.09000000000000001,33.622440448000006,90.0,0.057377559551999996,-0.078428736,-1.3602815999999998,-0.0,-0.0,0.2359073958096778,-0.32090048982382174,-1176.43104,-0.00020429159678428676
0.09050000000000001,33.66182491926437,90.0,0.05733817508073563,-0.07910928403560001,-1.3619013407999996,-0.0,-0.0,0.2359073958096778,-0.32128259865783637,-1186.6392605340002,-0.00020453485482321683
0.091,33.701549864715524,90.0,0.05729845013528448,-0.07979062815360001,-1.3634659584,-0.0,-0.0,0.2359073958096778,-0.32165170352129047,-1196.8594223040002,-0.00020476983427736872
0.0915,33.741615675511476,90.0,0.05725838432448852,-0.08047274083559998,-1.3649756256,-0.0,-0.0,0.2359073958096778,-0.3220078451789818,-1207.0911125339996,-0.00020499656109841877
0.092,33.78202272907264,90.0,0.05721797727092736,-0.08115559464960001,-1.3664305151999998,-0.0,-0.0,0.2359073958096778,-0.3223510643957083,-1217.333919744,-0.0002052150612380434
0.0925,33.822771389125,90.0,0.057177228610875,-0.08183916224999999,-1.3678308,-0.0,-0.0,0.2359073958096778,-0.3226814019362682,-1227.5874337499997,-0.00020542536064791913
0.093,33.86386200574337,90.0,0.05713613799425663,-0.08252341637760001,-1.3691766528,-0.0,-0.0,0.2359073958096778,-0.3229988985654594,-1237.851245664,-0.00020562748527972228
0.0935,33.90529491539452,90.0,0.05709470508460548,-0.08320832985959999,-1.3704682464,-0.0,-0.0,0.2359073958096778,-0.3233035950480798,-1248.1249478939997,-0.00020582146108512927
0.094,33.94707044098048,90.0,0.05705292955901952,-0.0838938756096,-1.3717057536,-0.0,-0.0,0.2359073958096778,-0.32359553214892756,-1258.408134144,-0.00020600731401581663
0.0945,33.989188891881646,90.0,0.057010811108118356,-0.08458002662759999,-1.3728893471999997,-0.0,-0.0,0.2359073958096778,-0.32387475063280047,-1268.7003994139998,-0.00020618507002346061
0.095,34.031650564,90.0,0.056968349435999995,-0.08526675600000001,-1.3740192000000002,-0.0,-0.0,0.2359073958096778,-0.32414129126449687,-1279.0013400000003,-0.0002063547550597379
0.0955,34.07445573980236,90.0,0.05692554426019764,-0.08595403689959998,-1.3750954848,-0.0,-0.0,0.2359073958096778,-0.3243951948088144,-1289.3105534939996,-0.00020651639507632464
0.096,34.117604688363514,90.0,0.05688239531163648,-0.08664184258560001,-1.3761183744,-0.0,-0.0,0.2359073958096778,-0.32463650203055117,-1299.6276387840003,-0.00020667001602489736
0.0965,34.16109766540948,90.0,0.05683890233459052,-0.08733014640359998,-1.3770880416,-0.0,-0.0,0.2359073958096778,-0.32486525369450525,-1309.9521960539996,-0.00020681564385713252
0.097,34.204934913360646,90.0,0.056795065086639354,-0.08801892178560002,-1.3780046592,-0.0,-0.0,0.2359073958096778,-0.32508149056547453,-1320.2838267840002,-0.00020695330452470646
0.0975,34.249116661375005,90.0,0.056750883338625,-0.08870814224999998,-1.3788684,-0.0,-0.0,0.2359073958096778,-0.3252852534082571,-1330.6221337499996,-0.00020708302397929565
0.098,34.293643125391355,90.0,0.05670635687460864,-0.08939778140160003,-1.3796794368,-0.0,-0.0,0.2359073958096778,-0.3254765829876509,-1340.9667210240004,-0.00020720482817257655
0.0985,34.33851450817252,90.0,0.05666148549182748,-0.0900878129316,-1.3804379424,-0.0,-0.0,0.2359073958096778,-0.325655520068454,-1351.3171939739998,-0.00020731874305622553
0.099,34.38373099934848,90.0,0.05661626900065152,-0.09077821061760002,-1.3811440896,-0.0,-0.0,0.2359073958096778,-0.3258221054154643,-1361.6731592640003,-0.00020742479458191898
0.0995,34.42929277545964,90.0,0.056570707224540356,-0.09146894832359999,-1.3817980511999999,-0.0,-0.0,0.2359073958096778,-0.32597637979347976,-1372.0342248539998,-0.00020752300870133334
0.1,34.4752,90.0,0.0565248,-0.09216000000000002,-1.3824,-0.0,-0.0,0.2359073958096778,-0.3261183839672986,-1382.4000000000003,-0.0002076134113661451
0.1005,34.521452823460365,90.0,0.056478547176539634,-0.09285133968359999,-1.3829501087999998,-0.0,-0.0,0.2359073958096778,-0.3262481587017185,-1392.770095254,-0.00020769602852803063
0.101,34.56805138337152,90.0,0.05643194861662848,-0.09354294149760001,-1.3834485504,-0.0,-0.0,0.2359073958096778,-0.3263657447615378,-1403.144122464,-0.00020777088613866638
0.1015,34.61499580434748,90.0,0.05638500419565252,-0.09423477965159999,-1.3838954976000002,-0.0,-0.0,0.2359073958096778,-0.32647118291155425,-1413.5216947739998,-0.00020783801014972867
0.10200000000000001,34.66228619812864,90.0,0.05633771380187136,-0.09492682844160003,-1.3842911232,-0.0,-0.0,0.2359073958096778,-0.3265645139165658,-1423.9024266240003,-0.000207897426512894
0.10250000000000001,34.709922663625,90.0,0.056290077336375,-0.09561906225,-1.3846355999999997,-0.0,-0.0,0.2359073958096778,-0.3266457785413706,-1434.28593375,-0.00020794916117983876
0.10300000000000001,34.757905286959364,90.0,0.05624209471304063,-0.09631145554560003,-1.3849291008,-0.0,-0.0,0.2359073958096778,-0.32671501755076676,-1444.6718331840004,-0.00020799324010223948
0.10350000000000001,34.80623414151052,90.0,0.05619376585848948,-0.09700398288359999,-1.3851717983999998,-0.0,-0.0,0.2359073958096778,-0.326772271709552,-1455.0597432539998,-0.00020802968923177241
0.10400000000000001,34.854909287956474,90.0,0.05614509071204352,-0.09769661890560004,-1.3853638656,-0.0,-0.0,0.2359073958096778,-0.32681758178252446,-1465.4492835840006,-0.00020805853452011413
0.10450000000000001,34.903930774317644,90.0,0.05609606922568235,-0.09838933833960001,-1.3855054752,-0.0,-0.0,0.2359073958096778,-0.32685098853448213,-1475.8400750940002,-0.00020807980191894096
0.10500000000000001,34.953298636,90.0,0.056046701364,-0.09908211600000003,-1.3855968,-0.0,-0.0,0.2359073958096778,-0.326872532730223,-1486.2317400000004,-0.00020809351737992933
0.10550000000000001,35.00301289583837,90.0,0.055996987104161636,-0.0997749267876,-1.3856380127999999,-0.0,-0.0,0.2359073958096778,-0.32688225513454494,-1496.623901814,-0.00020809970685475566
0.10600000000000001,35.05307356413952,90.0,0.05594692643586048,-0.10046774568960004,-1.3856292864,-0.0,-0.0,0.2359073958096778,-0.32688019651224615,-1507.0161853440006,-0.0002080983962950964
0.10650000000000001,35.103480638725486,90.0,0.055896519361274516,-0.1011605477796,-1.3855707936,-0.0,-0.0,0.2359073958096778,-0.3268663976281245,-1517.408216694,-0.00020808961165262797
0.10700000000000001,35.15423410497664,90.0,0.05584576589502336,-0.10185330821760002,-1.3854627072,-0.0,-0.0,0.2359073958096778,-0.3268408992469781,-1527.7996232640003,-0.0002080733788790268
0.1075,35.205333935875004,90.0,0.055794666064125,-0.10254600225,-1.3853052000000001,-0.0,-0.0,0.2359073958096778,-0.32680374213360486,-1538.19003375,-0.0002080497239259693
0.108,35.25678009204736,90.0,0.05574321990795264,-0.1032386052096,-1.3850984447999999,-0.0,-0.0,0.2359073958096778,-0.3267549670528027,-1548.579078144,-0.0002080186727451318
0.1085,35.30857252180852,90.0,0.05569142747819148,-0.10393109251559998,-1.3848426144000003,-0.0,-0.0,0.2359073958096778,-0.3266946147693699,-1558.9663877339997,-0.00020798025128819094
0.109,35.36071116120448,90.0,0.05563928883879552,-0.1046234396736,-1.3845378816,-0.0,-0.0,0.2359073958096778,-0.326622726048104,-1569.351595104,-0.00020793448550682287
0.1095,35.41319593405564,90.0,0.05558680406594436,-0.1053156222756,-1.3841844192,-0.0,-0.0,0.2359073958096778,-0.32653934165380333,-1579.734334134,-0.00020788140135270415
0.11,35.466026752000005,90.0,0.055533973247999996,-0.10600761600000001,-1.3837824,-0.0,-0.0,0.2359073958096778,-0.3264445023512659,-1590.11424,-0.00020782102477751128
0.1105,35.51920351453636,90.0,0.05548079648546364,-0.10669939661160002,-1.3833319968000002,-0.0,-0.0,0.2359073958096778,-0.32633824890528956,-1600.4909491740002,-0.00020775338173292056
0.111,35.572726109067524,90.0,0.05542727389093247,-0.10739093996160001,-1.3828333824000003,-0.0,-0.0,0.2359073958096778,-0.3262206220806724,-1610.8640994240002,-0.00020767849817060846
0.1115,35.62659441094348,90.0,0.05537340558905652,-0.10808222198760001,-1.3822867296,-0.0,-0.0,0.2359073958096778,-0.3260916626422123,-1621.233329814,-0.00020759640004225133
0.112,35.68080828350464,90.0,0.05531919171649536,-0.10877321871360002,-1.3816922112,-0.0,-0.0,0.2359073958096778,-0.32595141135470734,-1631.5982807040004,-0.00020750711329952566
0.1125,35.73536757812501,90.0,0.055264632421874994,-0.10946390625,-1.38105,-0.0,-0.0,0.2359073958096778,-0.3257999089829555,-1641.95859375,-0.00020741066389410787
0.113,35.79027213425537,90.0,0.055209727865744636,-0.11015426079360001,-1.3803602688,-0.0,-0.0,0.2359073958096778,-0.32563719629175486,-1652.3139119040002,-0.00020730707777767438
0.1135,35.84552177946652,90.0,0.05515447822053348,-0.1108442586276,-1.3796231904000003,-0.0,-0.0,0.2359073958096778,-0.32546331404590334,-1662.6638794140001,-0.00020719638090190164
0.114,35.90111632949248,90.0,0.05509888367050752,-0.1115338761216,-1.3788389375999999,-0.0,-0.0,0.2359073958096778,-0.3252783030101988,-1673.008141824,-0.0002070785992184659
0.1145,35.95705558827364,90.0,0.05504294441172636,-0.11222308973160001,-1.3780076832,-0.0,-0.0,0.2359073958096778,-0.3250822039494395,-1683.346345974,-0.00020695375867904383
0.115,36.013339348,90.0,0.054986660651999995,-0.11291187600000001,-1.3771296000000002,-0.0,-0.0,0.2359073958096778,-0.3248750576284233,-1693.67814,-0.0002068218852353117
0.1155,36.069967389154364,90.0,0.054930032610845635,-0.11360021155560002,-1.3762048608000002,-0.0,-0.0,0.2359073958096778,-0.32465690481194814,-1704.0031733340002,-0.000206683004838946
0.116,36.12693948055552,90.0,0.05487306051944448,-0.11428807311360001,-1.3752336384000001,-0.0,-0.0,0.2359073958096778,-0.3244277862648121,-1714.3210967040002,-0.00020653714344162302
0.1165,36.184255379401485,90.0,0.05481574462059852,-0.1149754374756,-1.3742161056000002,-0.0,-0.0,0.2359073958096778,-0.3241877427518132,-1724.631562134,-0.00020638432699501935
0.117,36.24191483131264,90.0,0.05475808516868736,-0.11566228152960001,-1.3731524352,-0.0,-0.0,0.2359073958096778,-0.32393681503774935,-1734.934222944,-0.0002062245814508113
0.11750000000000001,36.29991757037501,90.0,0.05470008242962499,-0.11634858225000003,-1.3720428000000002,-0.0,-0.0,0.2359073958096778,-0.32367504388741863,-1745.2287337500002,-0.00020605793276067536
0.11800000000000001,36.358263319183365,90.0,0.054641736680816635,-0.11703431669760002,-1.3708873728,-0.0,-0.0,0.2359073958096778,-0.3234024700656189,-1755.5147504640004,-0.00020588440687628785
0.11850000000000001,36.416951788884525,90.0,0.054583048211115474,-0.11771946201960003,-1.3696863264000003,-0.0,-0.0,0.2359073958096778,-0.3231191343371484,-1765.7919302940004,-0.00020570402974932537
0.11900000000000001,36.47598267922048,90.0,0.05452401732077952,-0.11840399544960002,-1.3684398336,-0.0,-0.0,0.2359073958096778,-0.32282507746680483,-1776.059931744,-0.00020551682733146412
0.11950000000000001,36.53535567857164,90.0,0.05446464432142836,-0.11908789430760003,-1.3671480672,-0.0,-0.0,0.2359073958096778,-0.32252034021938636,-1786.3184146140004,-0.00020532282557438067
0.12000000000000001,36.595070464,90.0,0.054404929536,-0.11977113600000003,-1.3658112000000002,-0.0,-0.0,0.2359073958096778,-0.32220496335969107,-1796.5670400000004,-0.00020512205042975143
0.12050000000000001,36.65512670129236,90.0,0.05434487329870764,-0.12045369801960001,-1.3644294048000003,-0.0,-0.0,0.2359073958096778,-0.32187898765251677,-1806.805470294,-0.00020491452784925278
0.12100000000000001,36.71552404500353,90.0,0.054284475954996476,-0.1211355579456,-1.3630028544000001,-0.0,-0.0,0.2359073958096778,-0.32154245386266145,-1817.033369184,-0.00020470028378456108
0.12150000000000001,36.77626213849949,90.0,0.05422373786150051,-0.12181669344360002,-1.3615317216000002,-0.0,-0.0,0.2359073958096778,-0.3211954027549233,-1827.2504016540004,-0.00020447934418735289
0.12200000000000001,36.83734061400064,90.0,0.05416265938599936,-0.12249708226560004,-1.3600161792,-0.0,-0.0,0.2359073958096778,-0.3208378750941001,-1837.4562339840006,-0.00020425173500930453
0.12250000000000001,36.898759092625006,90.0,0.054101240907374996,-0.12317670225,-1.3584564000000001,-0.0,-0.0,0.2359073958096778,-0.32046991164499,-1847.65053375,-0.00020401748220209246
0.12300000000000001,36.96051718443137,90.0,0.05403948281556863,-0.12385553132160004,-1.3568525568000003,-0.0,-0.0,0.2359073958096778,-0.32009155317239096,-1857.8329698240007,-0.0002037766117173931
0.12350000000000001,37.02261448846252,90.0,0.053977385511537475,-0.12453354749160003,-1.3552048224000002,-0.0,-0.0,0.2359073958096778,-0.3197028404411009,-1868.0032123740004,-0.00020352914950688288
0.124,37.085050592788484,90.0,0.05391494940721152,-0.12521072885759998,-1.3535133696,-0.0,-0.0,0.2359073958096778,-0.31930381421591786,-1878.1609328639995,-0.00020327512152223815
0.1245,37.147825074549644,90.0,0.05385217492545036,-0.1258870536036,-1.3517783712,-0.0,-0.0,0.2359073958096778,-0.3188945152616399,-1888.305804054,-0.00020301455371513543
0.125,37.2109375,90.0,0.0537890625,-0.1265625,-1.3499999999999999,-0.0,-0.0,0.2359073958096778,-0.318474984343065,-1898.4375,-0.00020274747203725106
0.1255,37.27438742455036,90.0,0.05372561257544964,-0.1272370464036,-1.3481784287999998,-0.0,-0.0,0.2359073958096778,-0.3180452622249911,-1908.555696054,-0.00020247390244026157
0.126,37.338174392811524,90.0,0.053661825607188476,-0.1279106712576,-1.3463138304,-0.0,-0.0,0.2359073958096778,-0.3176053896722162,-1918.660068864,-0.00020219387087584326
0.1265,37.40229793863748,90.0,0.053597702061362516,-0.1285833530916,-1.3444063776,-0.0,-0.0,0.2359073958096778,-0.3171554074495383,-1928.7502963739996,-0.0002019074032956726
0.127,37.466757585168644,90.0,0.05353324241483136,-0.1292550705216,-1.3424562431999998,-0.0,-0.0,0.2359073958096778,-0.31669535632175544,-1938.8260578240001,-0.00020161452565142603
0.1275,37.53155284487501,90.0,0.05346844715512499,-0.12992580224999997,-1.3404635999999999,-0.0,-0.0,0.2359073958096778,-0.3162252770536656,-1948.8870337499995,-0.00020131526389477995
0.128,37.59668321959936,90.0,0.05340331678040064,-0.1305955270656,-1.3384286207999998,-0.0,-0.0,0.2359073958096778,-0.3157452104100667,-1958.9329059839997,-0.00020100964397741074
0.1285,37.66214820060052,90.0,0.05333785179939948,-0.13126422384359998,-1.3363514784,-0.0,-0.0,0.2359073958096778,-0.31525519715575684,-1968.9633576539998,-0.0002006976918509949
0.129,37.72794726859649,90.0,0.053272052731403514,-0.1319318715456,-1.3342323455999998,-0.0,-0.0,0.2359073958096778,-0.31475527805553394,-1978.9780731839999,-0.0002003794334672088
0.1295,37.79407989380764,90.0,0.05320592010619236,-0.1325984492196,-1.3320713952,-0.0,-0.0,0.2359073958096778,-0.31424549387419615,-1988.9767382940001,-0.00020005489477772893
0.13,37.860545536000004,90.0,0.053139454463999994,-0.13326393599999997,-1.3298688,-0.0,-0.0,0.2359073958096778,-0.3137258853765412,-1998.9590399999995,-0.0001997241017342316
0.1305,37.927343644528364,90.0,0.053072656355471634,-0.13392831110759998,-1.3276247328,-0.0,-0.0,0.2359073958096778,-0.3131964933273673,-2008.9246666139995,-0.0001993870802883933
0.131,37.99447365837952,90.0,0.05300552634162048,-0.13459155384960003,-1.3253393664,-0.0,-0.0,0.2359073958096778,-0.31265735849147236,-2018.8733077440006,-0.00019904385639189044
0.1315,38.06193500621548,90.0,0.05293806499378452,-0.13525364361960002,-1.3230128736,-0.0,-0.0,0.2359073958096778,-0.3121085216336544,-2028.8046542940003,-0.00019869445599639938
0.132,38.12972710641664,90.0,0.05287027289358336,-0.1359145598976,-1.3206454271999999,-0.0,-0.0,0.2359073958096778,-0.31155002351871136,-2038.7183984640003,-0.00019833890505359665
0.1325,38.197849367124995,90.0,0.052802150632875,-0.13657428225,-1.3182372,-0.0,-0.0,0.2359073958096778,-0.3109819049114414,-2048.6142337500005,-0.00019797722951515865
0.133,38.266301186287365,90.0,0.052733698813712634,-0.1372327903296,-1.3157883648000002,-0.0,-0.0,0.2359073958096778,-0.31040420657664236,-2058.491854944,-0.00019760945533276177
0.1335,38.33508195169852,90.0,0.05266491804830148,-0.13789006387560002,-1.3132990943999998,-0.0,-0.0,0.2359073958096778,-0.3098169692791122,-2068.3509581340004,-0.00019723560845808234
0.134,38.40419104104448,90.0,0.05259580895895552,-0.1385460827136,-1.3107695616000001,-0.0,-0.0,0.2359073958096778,-0.30922023378364905,-2078.191240704,-0.00019685571484279695
0.1345,38.47362782194564,90.0,0.05252637217805436,-0.13920082675560003,-1.3081999391999999,-0.0,-0.0,0.2359073958096778,-0.3086140408550508,-2088.012401334,-0.0001964698004385819
0.135,38.543391652000004,90.0,0.052456608348,-0.13985427599999997,-1.3055904000000003,-0.0,-0.0,0.2359073958096778,-0.3079984312581156,-2097.8141399999995,-0.00019607789119711373
0.1355,38.61348187882636,90.0,0.052386518121173634,-0.14050641053159998,-1.3029411167999998,-0.0,-0.0,0.2359073958096778,-0.3073734457576412,-2107.5961579739997,-0.00019568001307006865
0.136,38.68389784010752,90.0,0.05231610215989248,-0.14115721052160002,-1.3002522624,-0.0,-0.0,0.2359073958096778,-0.3067391251184258,-2117.3581578240005,-0.0001952761920091233
0.1365,38.75463886363348,90.0,0.05224536113636652,-0.1418066562276,-1.2975240096,-0.0,-0.0,0.2359073958096778,-0.30609551010526737,-2127.0998434139997,-0.00019486645396595402
0.137,38.82570426734465,90.0,0.052174295732655356,-0.14245472799360004,-1.2947565311999998,-0.0,-0.0,0.2359073958096778,-0.3054426414829638,-2136.8209199040007,-0.00019445082489223718
0.1375,38.89709335937501,90.0,0.05210290664062499,-0.14310140625,-1.29195,-0.0,-0.0,0.2359073958096778,-0.3047805600163132,-2146.52109375,-0.00019402933073964929
0.138,38.968805438095366,90.0,0.05203119456190464,-0.14374667151360002,-1.2891045888,-0.0,-0.0,0.2359073958096778,-0.3041093064701135,-2156.2000727040004,-0.00019360199745986674
0.1385,39.040839792156525,90.0,0.051959160207843476,-0.1443905043876,-1.2862204704,-0.0,-0.0,0.2359073958096778,-0.30342892160916274,-2165.857565814,-0.00019316885100456588
0.139,39.11319570053248,90.0,0.05188680429946752,-0.14503288556160002,-1.2832978175999996,-0.0,-0.0,0.2359073958096778,-0.3027394461982588,-2175.4932834240003,-0.00019272991732542319
0.1395,39.18587243256364,90.0,0.051814127567436356,-0.14567379581160003,-1.2803368032,-0.0,-0.0,0.2359073958096778,-0.3020409210021999,-2185.1069371740004,-0.00019228522237411513
0.14,39.258869248,90.0,0.05174113075199999,-0.146313216,-1.2773375999999996,-0.0,-0.0,0.2359073958096778,-0.3013333867857838,-2194.69824,-0.00019183479210231806
0.1405,39.332185397044356,90.0,0.05166781460295564,-0.1469511270756,-1.2743003808,-0.0,-0.0,0.2359073958096778,-0.30061688431380873,-2204.2669061340002,-0.00019137865246170846
0.14100000000000001,39.405820120395525,90.0,0.051594179879604476,-0.14758751007360002,-1.2712253184,-0.0,-0.0,0.2359073958096778,-0.29989145435107245,-2213.8126511040005,-0.00019091682940396265
0.14150000000000001,39.47977264929148,90.0,0.05152022735070852,-0.1482223461156,-1.2681125855999997,-0.0,-0.0,0.2359073958096778,-0.29915713766237306,-2223.335191734,-0.00019044934888075716
0.14200000000000002,39.55404220555265,90.0,0.051445957794447356,-0.14885561640960004,-1.2649623551999998,-0.0,-0.0,0.2359073958096778,-0.29841397501250855,-2232.8342461440006,-0.0001899762368437683
0.14250000000000002,39.62862800162501,90.0,0.05137137199837499,-0.14948730225,-1.2617747999999998,-0.0,-0.0,0.2359073958096778,-0.297662007166277,-2242.3095337500004,-0.00018949751924467263
0.14300000000000002,39.70352924062337,90.0,0.051296470759376635,-0.1501173850176,-1.2585500928,-0.0,-0.0,0.2359073958096778,-0.2969012748884763,-2251.760775264,-0.00018901322203514648
0.14350000000000002,39.77874511637452,90.0,0.05122125488362548,-0.15074584617960005,-1.2552884063999998,-0.0,-0.0,0.2359073958096778,-0.29613181894390445,-2261.187692694001,-0.00018852337116686627
0.14400000000000002,39.854274813460485,90.0,0.051145725186539516,-0.15137266728960003,-1.2519899135999997,-0.0,-0.0,0.2359073958096778,-0.2953536800973594,-2270.5900093440005,-0.00018802799259150837
0.14450000000000002,39.93011750726165,90.0,0.051069882492738354,-0.15199782998760006,-1.2486547871999998,-0.0,-0.0,0.2359073958096778,-0.2945668991136393,-2279.9674498140007,-0.00018752711226074936
0.14500000000000002,40.006272364000004,90.0,0.050993727636,-0.15262131600000003,-1.2452831999999998,-0.0,-0.0,0.2359073958096778,-0.2937715167575421,-2289.319740000001,-0.00018702075612626556
0.14550000000000002,40.082738540782366,90.0,0.050917261459217635,-0.15324310713960002,-1.2418753247999996,-0.0,-0.0,0.2359073958096778,-0.2929675737938657,-2298.646607094,-0.00018650895013973338
0.14600000000000002,40.15951518564352,90.0,0.050840484814356476,-0.1538631853056,-1.2384313344,-0.0,-0.0,0.2359073958096778,-0.2921551109874082,-2307.947779584,-0.0001859917202528293
0.14650000000000002,40.23660143758949,90.0,0.05076339856241051,-0.1544815324836,-1.2349514015999998,-0.0,-0.0,0.2359073958096778,-0.2913341691029675,-2317.222987254,-0.0001854690924172296
0.14700000000000002,40.31399642664065,90.0,0.05068600357335935,-0.15509813074560003,-1.2314356991999997,-0.0,-0.0,0.2359073958096778,-0.29050478890534165,-2326.4719611840005,-0.00018494109258461087
0.14750000000000002,40.391699273875005,90.0,0.050608300726124995,-0.15571296225,-1.2278844,-0.0,-0.0,0.2359073958096778,-0.28966701115932875,-2335.69443375,-0.00018440774670664951
0.14800000000000002,40.469709091471366,90.0,0.05053029090852863,-0.15632600924160003,-1.2242976767999996,-0.0,-0.0,0.2359073958096778,-0.2888208766297265,-2344.8901386240004,-0.0001838690807350218
0.14850000000000002,40.54802498275252,90.0,0.05045197501724748,-0.15693725405160003,-1.2206757024,-0.0,-0.0,0.2359073958096778,-0.2879664260813332,-2354.0588107740004,-0.0001833251206214043
0.149,40.62664604222848,90.0,0.05037335395777152,-0.15754667909759998,-1.2170186495999997,-0.0,-0.0,0.2359073958096778,-0.2871037002789467,-2363.2001864639997,-0.00018277589231747337
0.1495,40.70557135563964,90.0,0.05029442864436036,-0.15815426688360001,-1.2133266911999998,-0.0,-0.0,0.2359073958096778,-0.28623273998736504,-2372.314003254,-0.00018222142177490544
0.15,40.7848,90.0,0.0502152,-0.15875999999999996,-1.2096,-0.0,-0.0,0.2359073958096778,-0.28535358597138627,-2381.399999999999,-0.000181661734945377
0.1505,40.86433104364036,90.0,0.05013566895635964,-0.15936386112360001,-1.2058387488000002,-0.0,-0.0,0.2359073958096778,-0.2844662789958083,-2390.4579168540004,-0.00018109685778056438
0.151,40.94416354625152,90.0,0.05005583645374848,-0.15996583301759992,-1.2020431104,-0.0,-0.0,0.2359073958096778,-0.283570859825429,-2399.487495263999,-0.00018052681623214397
0.1515,41.02429655892748,90.0,0.049975703441072515,-0.16056589853160005,-1.1982132576000002,-0.0,-0.0,0.2359073958096778,-0.28266736922504665,-2408.488477974001,-0.00017995163625179227
0.152,41.104729124208646,90.0,0.049895270875791355,-0.16116404060159997,-1.1943493632,-0.0,-0.0,0.2359073958096778,-0.281755847959459,-2417.4606090239995,-0.00017937134379118565
0.1525,41.185460276125,90.0,0.049814539723875,-0.16176024225000005,-1.1904516,-0.0,-0.0,0.2359073958096778,-0.28083633679346426,-2426.4036337500006,-0.00017878596480200065
0.153,41.26648904023936,90.0,0.04973351095976064,-0.16235448658559998,-1.1865201408,-0.0,-0.0,0.2359073958096778,-0.2799088764918602,-2435.317298784,-0.0001781955252359135
0.1535,41.34781443369052,90.0,0.04965218556630948,-0.16294675680360002,-1.1825551583999998,-0.0,-0.0,0.2359073958096778,-0.27897350781944497,-2444.2013520540004,-0.00017760005104460074
0.154,41.42943546523648,90.0,0.04957056453476352,-0.16353703618559998,-1.1785568255999999,-0.0,-0.0,0.2359073958096778,-0.27803027154101656,-2453.0555427839995,-0.0001769995681797388
0.1545,41.51135113529764,90.0,0.04948864886470236,-0.16412530809960005,-1.1745253152,-0.0,-0.0,0.2359073958096778,-0.27707920842137296,-2461.8796214940007,-0.00017639410259300407
0.155,41.593560436000004,90.0,0.049406439563999996,-0.16471155599999995,-1.1704608,-0.0,-0.0,0.2359073958096778,-0.27612035922531214,-2470.6733399999994,-0.000175783680236073
0.1555,41.67606235121836,90.0,0.04932393764878164,-0.1652957634276,-1.1663634528,-0.0,-0.0,0.2359073958096778,-0.27515376471763203,-2479.436451414,-0.00017516832706062195
0.156,41.758855856619526,90.0,0.049241144143380475,-0.16587791400959997,-1.1622334464,-0.0,-0.0,0.2359073958096778,-0.27417946566313073,-2488.1687101439993,-0.00017454806901832736
0.1565,41.84193991970548,90.0,0.04915806008029452,-0.16645799145960002,-1.1580709536,-0.0,-0.0,0.2359073958096778,-0.2731975028266062,-2496.8698718940004,-0.00017392293206086574
0.157,41.925313499856635,90.0,0.049074686500143364,-0.16703597957759997,-1.1538761471999999,-0.0,-0.0,0.2359073958096778,-0.2722079169728564,-2505.5396936639995,-0.00017329294213991336
0.1575,42.008975548375005,90.0,0.048991024451624995,-0.16761186225,-1.1496492,-0.0,-0.0,0.2359073958096778,-0.27121074886667945,-2514.17793375,-0.00017265812520714677
0.158,42.09292500852736,90.0,0.04890707499147264,-0.16818562344959997,-1.1453902847999997,-0.0,-0.0,0.2359073958096778,-0.2702060392728731,-2522.7843517439997,-0.00017201850721424225
0.1585,42.177160815588515,90.0,0.048822839184411486,-0.16875724723560004,-1.1410995743999999,-0.0,-0.0,0.2359073958096778,-0.2691938289562356,-2531.3587085340005,-0.00017137411411287634
0.159,42.26168189688448,90.0,0.04873831810311552,-0.16932671775359998,-1.1367772416,-0.0,-0.0,0.2359073958096778,-0.2681741586815649,-2539.9007663039997,-0.00017072497185472552
0.1595,42.34648717183564,90.0,0.04865351282816436,-0.16989401923560005,-1.1324234592,-0.0,-0.0,0.2359073958096778,-0.2671470692136589,-2548.4102885340008,-0.00017007110639146605
0.16,42.43157555200001,90.0,0.04856842444799999,-0.17045913599999998,-1.1280383999999999,-0.0,-0.0,0.2359073958096778,-0.2661126013173156,-2556.8870399999996,-0.00016941254367477441
0.1605,42.516945941116354,90.0,0.048483054058883646,-0.17102205245160007,-1.1236222368000002,-0.0,-0.0,0.2359073958096778,-0.26507079575733317,-2565.330786774001,-0.0001687493096563271
0.161,42.60259723514752,90.0,0.04839740276485248,-0.17158275308159998,-1.1191751423999998,-0.0,-0.0,0.2359073958096778,-0.2640216932985093,-2573.7412962239996,-0.00016808143028780036
0.1615,42.688528322323485,90.0,0.048311471677676514,-0.17214122246760002,-1.1146972896,-0.0,-0.0,0.2359073958096778,-0.26296533470564226,-2582.118337014,-0.00016740893152087082
0.162,42.774738083184644,90.0,0.04822526191681536,-0.17269744527359998,-1.1101888512,-0.0,-0.0,0.2359073958096778,-0.2619017607435299,-2590.4616791039994,-0.00016673183930721475
0.1625,42.861225390624995,90.0,0.048138774609375004,-0.17325140625000002,-1.10565,-0.0,-0.0,0.2359073958096778,-0.26083101217697024,-2598.77109375,-0.00016605017959850864
0.163,42.947989109935364,90.0,0.04805201089006464,-0.17380309023359997,-1.1010809088,-0.0,-0.0,0.2359073958096778,-0.2597531297707613,-2607.0463535039994,-0.00016536397834642888
0.1635,43.035028098846524,90.0,0.04796497190115347,-0.17435248214760005,-1.0964817504,-0.0,-0.0,0.2359073958096778,-0.25866815428970114,-2615.2872322140006,-0.00016467326150265194
0.164,43.12234120757248,90.0,0.047877658792427516,-0.17489956700159998,-1.0918526975999996,-0.0,-0.0,0.2359073958096778,-0.2575761264985875,-2623.4935050239997,-0.00016397805501885412
0.1645,43.20992727885365,90.0,0.047790072721146354,-0.17544432989160003,-1.0871939232,-0.0,-0.0,0.2359073958096778,-0.25647708716221884,-2631.6649483740002,-0.0001632783848467121
0.165,43.297785148,90.0,0.047702214852,-0.175986756,-1.0825055999999997,-0.0,-0.0,0.2359073958096778,-0.2553710770453927,-2639.80134,-0.000162574276937902
0.1655,43.38591364293437,90.0,0.047614086357065634,-0.1765268305956,-1.0777879008,-0.0,-0.0,0.2359073958096778,-0.25425813691290733,-2647.902458934,-0.0001618657572441004
0.166,43.47431158423552,90.0,0.047525688415764475,-0.17706453903359998,-1.0730409983999998,-0.0,-0.0,0.2359073958096778,-0.25313830752956057,-2655.9680855039996,-0.00016115285171698363
0.1665,43.56297778518149,90.0,0.04743702221481851,-0.17759986675560002,-1.0682650656,-0.0,-0.0,0.2359073958096778,-0.25201162966015056,-2663.9980013340005,-0.0001604355863082283
0.167,43.651911051792645,90.0,0.047348088948207356,-0.1781327992896,-1.0634602752,-0.0,-0.0,0.2359073958096778,-0.2508781440694753,-2671.9919893439996,-0.00015971398696951062
0.1675,43.741110182875005,90.0,0.047258889817125,-0.17866332225000003,-1.0586267999999999,-0.0,-0.0,0.2359073958096778,-0.24973789152233258,-2679.9498337500004,-0.00015898807965250713
0.168,43.83057397006336,90.0,0.04716942602993664,-0.17919142133759997,-1.0537648127999997,-0.0,-0.0,0.2359073958096778,-0.24859091278352055,-2687.8713200639995,-0.00015825789030889413
0.1685,43.92030119786452,90.0,0.04707969880213548,-0.17971708233960004,-1.0488744864000001,-0.0,-0.0,0.2359073958096778,-0.24743724861783734,-2695.7562350940007,-0.00015752344489034824
0.169,44.010290643700486,90.0,0.046989709356299515,-0.18024029112959997,-1.0439559935999998,-0.0,-0.0,0.2359073958096778,-0.2462769397900806,-2703.6043669439996,-0.00015678476934854568
0.1695,44.10054107795164,90.0,0.04689945892204836,-0.18076103366760005,-1.0390095072,-0.0,-0.0,0.2359073958096778,-0.24511002706504867,-2711.4155050140002,-0.00015604188963516297
0.17,44.191051264,90.0,0.046808948736,-0.18127929599999998,-1.0340352,-0.0,-0.0,0.2359073958096778,-0.24393655120753932,-2719.1894399999996,-0.00015529483170187653
0.1705,44.281819958272365,90.0,0.04671818004172763,-0.18179506425960004,-1.0290332448,-0.0,-0.0,0.2359073958096778,-0.24275655298235063,-2726.9259638940007,-0.00015454362150036277
0.171,44.372845910283516,90.0,0.04662715408971648,-0.18230832466559996,-1.0240038143999999,-0.0,-0.0,0.2359073958096778,-0.2415700731542806,-2734.6248699839994,-0.00015378828498229812
0.1715,44.46412786267948,90.0,0.046535872137320515,-0.18281906352360003,-1.0189470816,-0.0,-0.0,0.2359073958096778,-0.24037715248812724,-2742.2859528540002,-0.00015302884809935896
0.17200000000000001,44.55566455128064,90.0,0.04644433544871936,-0.1833272672256,-1.0138632191999997,-0.0,-0.0,0.2359073958096778,-0.23917783174868842,-2749.9090083839997,-0.0001522653368032217
0.17250000000000001,44.647454705125014,90.0,0.04635254529487499,-0.18383292225000006,-1.0087523999999999,-0.0,-0.0,0.2359073958096778,-0.23797215170076239,-2757.4938337500007,-0.0001514977770455629
0.17300000000000001,44.73949704651136,90.0,0.04626050295348864,-0.18433601516159998,-1.0036147967999995,-0.0,-0.0,0.2359073958096778,-0.23676015310914683,-2765.0402274239996,-0.00015072619477805876
0.17350000000000002,44.83179029104252,90.0,0.04616820970895748,-0.18483653261160005,-0.9984505823999997,-0.0,-0.0,0.2359073958096778,-0.23554187673864005,-2772.5479891740006,-0.00014995061595238592
0.17400000000000002,44.924333147668484,90.0,0.04607566685233151,-0.18533446133759995,-0.9932599295999996,-0.0,-0.0,0.2359073958096778,-0.23431736335403983,-2780.0169200639994,-0.0001491710665202207
0.17450000000000002,45.01712431872965,90.0,0.04598287568127035,-0.18582978816360005,-0.9880430111999998,-0.0,-0.0,0.2359073958096778,-0.23308665372014425,-2787.4468224540005,-0.0001483875724332395
0.17500000000000002,45.1101625,90.0,0.045889837499999996,-0.18632249999999997,-0.9827999999999997,-0.0,-0.0,0.2359073958096778,-0.23184978860175126,-2794.837499999999,-0.00014760015964311875
0.17550000000000002,45.20344638073037,90.0,0.04579655361926963,-0.18681258384360006,-0.9775310688,-0.0,-0.0,0.2359073958096778,-0.23060680876365897,-2802.1887576540007,-0.00014680885410153495
0.17600000000000002,45.29697464369152,90.0,0.04570302535630848,-0.1873000267776,-0.9722363903999995,-0.0,-0.0,0.2359073958096778,-0.2293577549706651,-2809.5004016639996,-0.0001460136817601643
0.17650000000000002,45.39074596521749,90.0,0.04560925403478251,-0.18778481597160004,-0.9669161376000001,-0.0,-0.0,0.2359073958096778,-0.2281026679875681,-2816.772239574,-0.00014521466857068358
0.17700000000000002,45.48475901524864,90.0,0.045515240984751355,-0.1882669386816,-0.9615704831999996,-0.0,-0.0,0.2359073958096778,-0.22684158857916542,-2824.0040802239996,-0.00014441184048476883
0.17750000000000002,45.579012457375,90.0,0.045420987542624996,-0.18874638225000007,-0.9561995999999997,-0.0,-0.0,0.2359073958096778,-0.2255745575102555,-2831.1957337500007,-0.00014360522345409677
0.17800000000000002,45.67350494887937,90.0,0.04532649505112063,-0.18922313410559996,-0.9508036607999997,-0.0,-0.0,0.2359073958096778,-0.22430161554563616,-2838.347011583999,-0.00014279484343034365
0.17850000000000002,45.768235140780526,90.0,0.045231764859219474,-0.18969718176360006,-0.9453828383999997,-0.0,-0.0,0.2359073958096778,-0.2230228034501054,-2845.457726454001,-0.00014198072636518595
0.17900000000000002,45.86320167787649,90.0,0.045136798322123514,-0.1901685128256,-0.9399373055999997,-0.0,-0.0,0.2359073958096778,-0.2217381619884612,-2852.5276923839997,-0.00014116289821030004
0.17950000000000002,45.95840319878764,90.0,0.04504159680121236,-0.19063711497960004,-0.9344672351999999,-0.0,-0.0,0.2359073958096778,-0.22044773192550163,-2859.5567246940004,-0.00014034138491736243
0.18000000000000002,46.053838336000005,90.0,0.04494616166399999,-0.19110297599999998,-0.9289727999999995,-0.0,-0.0,0.2359073958096778,-0.21915155402602451,-2866.5446399999996,-0.00013951621243804945
0.18050000000000002,46.14950571590837,90.0,0.04485049428409163,-0.19156608374760004,-0.9234541727999998,-0.0,-0.0,0.2359073958096778,-0.21784966905482814,-2873.4912562140007,-0.0001386874067240376
0.18100000000000002,46.24540395885953,90.0,0.044754596041140474,-0.19202642616959997,-0.9179115263999997,-0.0,-0.0,0.2359073958096778,-0.21654211777671023,-2880.396392544,-0.00013785499372700327
0.18150000000000002,46.341531679195484,90.0,0.044658468320804515,-0.19248399129960003,-0.9123450335999996,-0.0,-0.0,0.2359073958096778,-0.21522894095646888,-2887.2598694940007,-0.00013701899939862284
0.182,46.437887485296635,90.0,0.044562112514703364,-0.1929387672576,-0.9067548672000001,-0.0,-0.0,0.2359073958096778,-0.21391017935890225,-2894.081508864,-0.00013617944969057286
0.1825,46.534469979625,90.0,0.044465530020374996,-0.19339074224999997,-0.9011412000000001,-0.0,-0.0,0.2359073958096778,-0.21258587374880802,-2900.861133749999,-0.00013533637055452956
0.183,46.631277758767354,90.0,0.044368722241232644,-0.1938399045696,-0.8955042048000001,-0.0,-0.0,0.2359073958096778,-0.2112560648909844,-2907.598568544,-0.0001344897879421695
0.1835,46.72830941347852,90.0,0.04427169058652148,-0.1942862425956,-0.8898440544,-0.0,-0.0,0.2359073958096778,-0.20992079355022927,-2914.2936389340002,-0.000133639727805169
0.184,46.82556352872449,90.0,0.044174436471275516,-0.19472974479359997,-0.8841609215999999,-0.0,-0.0,0.2359073958096778,-0.20858010049134068,-2920.9461719039996,-0.00013278621609520455
0.1845,46.923038683725636,90.0,0.044076961316274366,-0.1951703997156,-0.8784549792,-0.0,-0.0,0.2359073958096778,-0.20723402647911668,-2927.555995734,-0.0001319292787639526
0.185,47.020733451999995,90.0,0.043979266548,-0.195608196,-0.8727263999999999,-0.0,-0.0,0.2359073958096778,-0.20588261227835516,-2934.1229399999997,-0.00013106894176308947
0.1855,47.11864640140636,90.0,0.04388135359859364,-0.1960431223716,-0.8669753567999999,-0.0,-0.0,0.2359073958096778,-0.2045258986538542,-2940.646835574,-0.00013020523104429168
0.186,47.216776094187516,90.0,0.043783223905812484,-0.19647516764160003,-0.8612020224000001,-0.0,-0.0,0.2359073958096778,-0.20316392637041183,-2947.1275146240005,-0.00012933817255923565
0.1865,47.31512108701348,90.0,0.04368487891298652,-0.1969043207076,-0.8554065695999999,-0.0,-0.0,0.2359073958096778,-0.20179673619282587,-2953.5648106139997,-0.0001284677922595977
0.187,47.41367993102464,90.0,0.04358632006897536,-0.19733057055359998,-0.8495891712,-0.0,-0.0,0.2359073958096778,-0.20042436888589452,-2959.958558304,-0.00012759411609705433
0.1875,47.512451171875,90.0,0.043487548828125,-0.19775390625,-0.84375,-0.0,-0.0,0.2359073958096778,-0.19904686521441564,-2966.30859375,-0.00012671717002328193
0.188,47.61143334977536,90.0,0.04338856665022464,-0.1981743169536,-0.8378892287999998,-0.0,-0.0,0.2359073958096778,-0.19766426594318723,-2972.6147543039997,-0.00012583697998995693
0.1885,47.71062499953653,90.0,0.043289375000463474,-0.19859179190759998,-0.8320070304000001,-0.0,-0.0,0.2359073958096778,-0.19627661183700745,-2978.876878614,-0.00012495357194875582
0.189,47.81002465061248,90.0,0.04318997534938752,-0.19900632044160002,-0.8261035775999999,-0.0,-0.0,0.2359073958096778,-0.19488394366067405,-2985.0948066240003,-0.00012406697185135486
0.1895,47.909630827143644,90.0,0.04309036917285636,-0.19941789197159995,-0.8201790432000001,-0.0,-0.0,0.2359073958096778,-0.19348630217898524,-2991.268379573999,-0.00012317720564943065
0.19,48.009442048000004,90.0,0.042990557952,-0.199826496,-0.8142336,-0.0,-0.0,0.2359073958096778,-0.19208372815673885,-2997.3974399999997,-0.00012228429929465946
0.1905,48.10945682682436,90.0,0.04289054317317564,-0.20023212211560001,-0.8082674207999999,-0.0,-0.0,0.2359073958096778,-0.19067626235873297,-3003.481831734,-0.0001213882787387178
0.191,48.209673672075525,90.0,0.042790326327924476,-0.2006347599936,-0.8022806784,-0.0,-0.0,0.2359073958096778,-0.1892639455497656,-3009.521399904,-0.00012048916993328209
0.1915,48.31009108707147,90.0,0.04268990891292853,-0.2010343993956,-0.7962735456,-0.0,-0.0,0.2359073958096778,-0.18784681849463472,-3015.515990934,-0.00011958699883002874
0.192,48.41070757003264,90.0,0.04258929242996736,-0.2014310301696,-0.7902461951999998,-0.0,-0.0,0.2359073958096778,-0.18642492195813826,-3021.465452544,-0.00011868179138063409
0.1925,48.511521614125,90.0,0.042488478385875,-0.20182464224999996,-0.7841988,-0.0,-0.0,0.2359073958096778,-0.18499829670507434,-3027.369633749999,-0.00011777357353677471
0.193,48.612531707503365,90.0,0.042387468292496636,-0.20221522565760003,-0.7781315327999999,-0.0,-0.0,0.2359073958096778,-0.18356698350024087,-3033.2283848640004,-0.00011686237125012692
0.1935,48.713736333354525,90.0,0.04228626366664547,-0.2026027704996,-0.7720445663999999,-0.0,-0.0,0.2359073958096778,-0.18213102310843582,-3039.041557494,-0.00011594821047236712
0.194,48.81513396994048,90.0,0.04218486603005952,-0.2029872669696,-0.7659380735999999,-0.0,-0.0,0.2359073958096778,-0.1806904562944573,-3044.809004544,-0.00011503111715517181
0.1945,48.916723090641646,90.0,0.042083276909358355,-0.20336870534760002,-0.7598122272,-0.0,-0.0,0.2359073958096778,-0.1792453238231032,-3050.530580214,-0.00011411111725021737
0.195,49.018502164,90.0,0.041981497836000005,-0.203747076,-0.7536671999999999,-0.0,-0.0,0.2359073958096778,-0.17779566645917155,-3056.20614,-0.00011318823670918021
0.1955,49.12046965376236,90.0,0.041879530346237634,-0.20412236937960002,-0.7475031647999999,-0.0,-0.0,0.2359073958096778,-0.1763415249674604,-3061.835540694,-0.00011226250148373681
0.196,49.222624018923526,90.0,0.041777375981076476,-0.2044945760256,-0.7413202943999999,-0.0,-0.0,0.2359073958096778,-0.17488294011276764,-3067.418640384,-0.0001113339375255635
0.1965,49.324963713769485,90.0,0.04167503628623052,-0.20486368656359996,-0.7351187615999999,-0.0,-0.0,0.2359073958096778,-0.17341995265989135,-3072.9552984539996,-0.00011040257078633678
0.197,49.427487187920654,90.0,0.04157251281207935,-0.20522969170560001,-0.7288987391999998,-0.0,-0.0,0.2359073958096778,-0.17195260337362947,-3078.445375584,-0.000109468427217733
0.1975,49.530192886375005,90.0,0.041469807113624996,-0.20559258225000002,-0.7226604,-0.0,-0.0,0.2359073958096778,-0.17048093301878006,-3083.88873375,-0.00010853153277142864
0.198,49.63307924955137,90.0,0.04136692075044863,-0.20595234908159998,-0.7164039167999999,-0.0,-0.0,0.2359073958096778,-0.16900498236014105,-3089.2852362239996,-0.00010759191339910011
0.1985,49.73614471333252,90.0,0.04126385528666748,-0.2063089831716,-0.7101294623999999,-0.0,-0.0,0.2359073958096778,-0.16752479216251046,-3094.634747574,-0.00010664959505242379
0.199,49.83938770910848,90.0,0.04116061229089152,-0.2066624755776,-0.7038372096,-0.0,-0.0,0.2359073958096778,-0.16604040319068633,-3099.937133664,-0.00010570460368307616
0.1995,49.942806663819646,90.0,0.04105719333618035,-0.2070128174436,-0.6975273311999998,-0.0,-0.0,0.2359073958096778,-0.16455185620946655,-3105.192261654,-0.00010475696524273359
0.2,50.046400000000006,90.0,0.04095359999999999,-0.20736000000000002,-0.6911999999999997,-0.0,-0.0,0.2359073958096778,-0.1630591919836492,-3110.4,-0.0001038067056830725
0.2005,50.15016613582037,90.0,0.04084983386417963,-0.20770401456360002,-0.6848553887999999,-0.0,-0.0,0.2359073958096778,-0.16156245127803234,-3115.560218454,-0.00010285385095576942
0.201,50.25410348513153,90.0,0.04074589651486847,-0.2080448525376,-0.6784936703999997,-0.0,-0.0,0.2359073958096778,-0.1600616748574138,-3120.6727880639996,-0.00010189842701250059
0.2015,50.35821045750749,90.0,0.040641789542492514,-0.20838250541159997,-0.6721150175999998,-0.0,-0.0,0.2359073958096778,-0.1585569034865917,-3125.7375811739994,-0.00010094045980494258
0.202,50.46248545828865,90.0,0.04053751454171135,-0.20871696476159998,-0.6657196031999998,-0.0,-0.0,0.2359073958096778,-0.157048177930364,-3130.754471424,-9.997997528477174e-05
0.2025,50.566926888625,90.0,0.040433073111375,-0.20904822225000003,-0.6593075999999998,-0.0,-0.0,0.2359073958096778,-0.15553553895352867,-3135.7233337500006,-9.901699940366451e-05
0.203,50.67153314551936,90.0,0.04032846685448064,-0.2093762696256,-0.6528791807999998,-0.0,-0.0,0.2359073958096778,-0.15401902732088374,-3140.644044384,-9.805155811329729e-05
0.20350000000000001,50.77630262187053,90.0,0.040223697378129475,-0.2097010987236,-0.6464345183999999,-0.0,-0.0,0.2359073958096778,-0.15249868379722722,-3145.516480854,-9.708367736534656e-05
0.20400000000000001,50.88123370651649,90.0,0.04011876629348351,-0.2100227014656,-0.6399737855999997,-0.0,-0.0,0.2359073958096778,-0.150974549147357,-3150.3405219839997,-9.611338311148865e-05
0.20450000000000002,50.98632478427764,90.0,0.040013675215722355,-0.2103410698596,-0.6334971551999997,-0.0,-0.0,0.2359073958096778,-0.14944666413607122,-3155.1160478939996,-9.514070130340005e-05
0.20500000000000002,51.091574236,90.0,0.039908425764,-0.21065619600000002,-0.6270047999999998,-0.0,-0.0,0.2359073958096778,-0.14791506952816783,-3159.8429400000005,-9.416565789275716e-05
0.20550000000000002,51.19698043859837,90.0,0.039803019561401635,-0.2109680720676,-0.6204968927999999,-0.0,-0.0,0.2359073958096778,-0.14637980608844478,-3164.5210810139997,-9.318827883123641e-05
0.20600000000000002,51.30254176509953,90.0,0.03969745823490047,-0.2112766903296,-0.6139736063999998,-0.0,-0.0,0.2359073958096778,-0.14484091458170006,-3169.150354944,-9.220859007051419e-05
0.20650000000000002,51.40825658468548,90.0,0.03959174341531452,-0.21158204313960002,-0.6074351135999998,-0.0,-0.0,0.2359073958096778,-0.14329843577273174,-3173.7306470940007,-9.122661756226696e-05
0.20700000000000002,51.51412326273664,90.0,0.03948587673726336,-0.21188412293759998,-0.6008815871999998,-0.0,-0.0,0.2359073958096778,-0.1417524104263378,-3178.2618440639994,-9.024238725817115e-05
0.20750000000000002,51.620140160875,90.0,0.039379859839124995,-0.21218292224999996,-0.5943131999999998,-0.0,-0.0,0.2359073958096778,-0.14020287930731615,-3182.7438337499993,-8.925592510990308e-05
0.20800000000000002,51.726305637007364,90.0,0.039273694362992634,-0.21247843368960004,-0.5877301247999996,-0.0,-0.0,0.2359073958096778,-0.13864988318046484,-3187.1765053440004,-8.826725706913928e-05
0.20850000000000002,51.83261804536852,90.0,0.03916738195463148,-0.21277064995560002,-0.5811325343999998,-0.0,-0.0,0.2359073958096778,-0.13709346281058193,-3191.5597493340006,-8.727640908755614e-05
0.20900000000000002,51.93907573656449,90.0,0.03906092426343551,-0.21305956383360003,-0.5745206015999997,-0.0,-0.0,0.2359073958096778,-0.13553365896246533,-3195.8934575040003,-8.628340711683009e-05
0.20950000000000002,52.04567705761565,90.0,0.03895432294238435,-0.21334516819559998,-0.5678944991999997,-0.0,-0.0,0.2359073958096778,-0.13397051240091307,-3200.1775229339996,-8.528827710863751e-05
0.21000000000000002,52.15242035200001,90.0,0.038847579647999994,-0.21362745600000002,-0.5612543999999997,-0.0,-0.0,0.2359073958096778,-0.13240406389072315,-3204.41184,-8.429104501465487e-05
0.21050000000000002,52.25930395969637,90.0,0.038740696040303634,-0.2139064202916,-0.5546004767999996,-0.0,-0.0,0.2359073958096778,-0.13083435419669354,-3208.5963043740003,-8.329173678655856e-05
0.21100000000000002,52.366326217227524,90.0,0.03863367378277248,-0.2141820542016,-0.5479329023999998,-0.0,-0.0,0.2359073958096778,-0.12926142408362232,-3212.730813024,-8.229037837602504e-05
0.21150000000000002,52.473485457703475,90.0,0.038526514542296525,-0.21445435094760001,-0.5412518495999997,-0.0,-0.0,0.2359073958096778,-0.12768531431630734,-3216.8152642140003,-8.128699573473067e-05
0.21200000000000002,52.58078001086465,90.0,0.03841921998913535,-0.21472330383360003,-0.5345574911999996,-0.0,-0.0,0.2359073958096778,-0.12610606565954666,-3220.8495575040006,-8.028161481435187e-05
0.21250000000000002,52.68820820312501,90.0,0.038311791796874994,-0.21498890625,-0.5278499999999997,-0.0,-0.0,0.2359073958096778,-0.12452371887813835,-3224.83359375,-7.927426156656513e-05
0.21300000000000002,52.795768357615366,90.0,0.03820423164238464,-0.21525115167359998,-0.5211295487999997,-0.0,-0.0,0.2359073958096778,-0.12293831473688033,-3228.7672751039995,-7.826496194304683e-05
0.21350000000000002,52.90345879422652,90.0,0.03809654120577348,-0.2155100336676,-0.5143963103999998,-0.0,-0.0,0.2359073958096778,-0.12134989400057063,-3232.650505014,-7.72537418954734e-05
0.21400000000000002,53.01127782965248,90.0,0.03798872217034752,-0.2157655458816,-0.5076504575999997,-0.0,-0.0,0.2359073958096778,-0.11975849743400718,-3236.4831882239996,-7.624062737552123e-05
0.21450000000000002,53.11922377743366,90.0,0.03788077622256634,-0.2160176820516,-0.5008921631999996,-0.0,-0.0,0.2359073958096778,-0.11816416580198803,-3240.265230774,-7.522564433486676e-05
0.215,53.227294948,90.0,0.037772705052,-0.21626643600000003,-0.4941216000000001,-0.0,-0.0,0.2359073958096778,-0.11656693986931131,-3243.99654,-7.420881872518652e-05
0.2155,53.335489648714365,90.0,0.03766451035128564,-0.21651180163559997,-0.48733894079999995,-0.0,-0.0,0.2359073958096778,-0.11496686040077472,-3247.6770245339994,-7.319017649815672e-05
0.216,53.44380618391552,90.0,0.03755619381608448,-0.21675377295360002,-0.48054435840000004,-0.0,-0.0,0.2359073958096778,-0.11336396816117647,-3251.306594304,-7.216974360545391e-05
0.2165,53.55224285496147,90.0,0.03744775714503853,-0.21699234403559997,-0.4737380256,-0.0,-0.0,0.2359073958096778,-0.11175830391531447,-3254.8851605339996,-7.114754599875448e-05
0.217,53.660797960272646,90.0,0.037339202039727355,-0.21722750904960003,-0.46692011520000004,-0.0,-0.0,0.2359073958096778,-0.11014990842798676,-3258.4126357440005,-7.012360962973487e-05
0.2175,53.769469795374995,90.0,0.037230530204625,-0.21745926224999995,-0.46009079999999997,-0.0,-0.0,0.2359073958096778,-0.1085388224639913,-3261.8889337499995,-6.909796045007148e-05
0.218,53.878256652943364,90.0,0.03712174334705664,-0.2176875979776,-0.45325025280000003,-0.0,-0.0,0.2359073958096778,-0.10692508678812612,-3265.313969664,-6.807062441144073e-05
0.2185,53.98715682284452,90.0,0.03701284317715548,-0.21791251065959996,-0.44639864639999993,-0.0,-0.0,0.2359073958096778,-0.10530874216518918,-3268.6876598939994,-6.704162746551906e-05
0.219,54.09616859218048,90.0,0.03690383140781952,-0.21813399480960002,-0.43953615360000003,-0.0,-0.0,0.2359073958096778,-0.10368982935997854,-3272.0099221440005,-6.60109955639829e-05
0.2195,54.20529024533164,90.0,0.03679470975466836,-0.21835204502759992,-0.4326629471999999,-0.0,-0.0,0.2359073958096778,-0.1020683891372921,-3275.280675413999,-6.497875465850862e-05
0.22,54.31452006399999,90.0,0.03668547993600001,-0.21856665600000003,-0.4257792,-0.0,-0.0,0.2359073958096778,-0.10044446226192796,-3278.4998400000004,-6.39449307007727e-05
0.2205,54.423856327252366,90.0,0.036576143672747634,-0.21877782249959996,-0.4188850847999999,-0.0,-0.0,0.2359073958096778,-0.09881808949868402,-3281.6673374939996,-6.29095496424515e-05
0.221,54.53329731156352,90.0,0.03646670268843648,-0.21898553938560006,-0.4119807744,-0.0,-0.0,0.2359073958096778,-0.09718931161235837,-3284.7830907840007,-6.187263743522152e-05
0.2215,54.64284129085948,90.0,0.03635715870914052,-0.21918980160359997,-0.40506644159999994,-0.0,-0.0,0.2359073958096778,-0.09555816936774891,-3287.8470240539996,-6.08342200307591e-05
0.222,54.75248653656064,90.0,0.03624751346343936,-0.21939060418560008,-0.3981422592,-0.0,-0.0,0.2359073958096778,-0.09392470352965374,-3290.8590627840013,-5.979432338074073e-05
0.2225,54.862231317625,90.0,0.036137768682375,-0.21958794224999997,-0.3912083999999999,-0.0,-0.0,0.2359073958096778,-0.09228895486287073,-3293.8191337499993,-5.875297343684276e-05
0.223,54.97207390059136,90.0,0.036027926099408636,-0.21978181100160005,-0.38426503679999996,-0.0,-0.0,0.2359073958096778,-0.09065096413219799,-3296.727165024001,-5.7710196150741674e-05
0.2235,55.08201254962253,90.0,0.03591798745037747,-0.21997220573159995,-0.3773123423999999,-0.0,-0.0,0.2359073958096778,-0.08901077210243344,-3299.583085973999,-5.666601747411384e-05
0.224,55.192045526548476,90.0,0.035807954473451524,-0.22015912181760006,-0.37035048959999994,-0.0,-0.0,0.2359073958096778,-0.08736841953837514,-3302.3868272640007,-5.5620463358635735e-05
0.2245,55.30217109090964,90.0,0.03569782890909036,-0.22034255472359995,-0.3633796511999999,-0.0,-0.0,0.2359073958096778,-0.08572394720482103,-3305.138320853999,-5.4573559755983726e-05
0.225,55.41238750000001,90.0,0.03558761249999999,-0.22052250000000004,-0.35639999999999994,-0.0,-0.0,0.2359073958096778,-0.08407739586656915,-3307.8375000000005,-5.352533261783428e-05
0.2255,55.52269300891036,90.0,0.03547730699108964,-0.22069895328359992,-0.3494117087999999,-0.0,-0.0,0.2359073958096778,-0.08242880628841745,-3310.4842992539984,-5.2475807895863776e-05
0.226,55.63308587057153,90.0,0.035366914129428474,-0.22087191029760006,-0.3424149503999999,-0.0,-0.0,0.2359073958096778,-0.08077821923516397,-3313.0786544640005,-5.142501154174867e-05
0.2265,55.74356433579749,90.0,0.035256435664202515,-0.22104136685159995,-0.33540989759999984,-0.0,-0.0,0.2359073958096778,-0.07912567547160666,-3315.6205027739993,-5.037296950716535e-05
0.227,55.854126653328635,90.0,0.035145873346671366,-0.22120731884160003,-0.3283967231999999,-0.0,-0.0,0.2359073958096778,-0.07747121576254358,-3318.109782624,-4.931970774379028e-05
0.2275,55.964771069875,90.0,0.035035228930125,-0.22136976224999996,-0.3213755999999999,-0.0,-0.0,0.2359073958096778,-0.07581488087277266,-3320.5464337499993,-4.826525220329983e-05
0.228,56.07549583015937,90.0,0.03492450416984063,-0.2215286931456,-0.31434670079999993,-0.0,-0.0,0.2359073958096778,-0.07415671156709194,-3322.930397184,-4.720962883737047e-05
0.2285,56.18629917696052,90.0,0.03481370082303948,-0.22168410768359995,-0.30731019839999985,-0.0,-0.0,0.2359073958096778,-0.07249674861029938,-3325.261615253999,-4.615286359767856e-05
0.229,56.29717935115648,90.0,0.03470282064884352,-0.22183600210560003,-0.30026626559999986,-0.0,-0.0,0.2359073958096778,-0.07083503276719301,-3327.5400315840006,-4.509498243590058e-05
0.2295,56.408134591767634,90.0,0.034591865408232364,-0.22198437273959995,-0.29321507519999984,-0.0,-0.0,0.2359073958096778,-0.0691716048025708,-3329.7655910939993,-4.403601130371292e-05
0.23,56.519163135999996,90.0,0.034480836864000004,-0.22212921600000005,-0.2861567999999999,-0.0,-0.0,0.2359073958096778,-0.06750650548123077,-3331.938240000001,-4.297597615279202e-05
0.2305,56.630263219288366,90.0,0.03436973678071163,-0.22227052838759992,-0.2790916127999998,-0.0,-0.0,0.2359073958096778,-0.06583977556797088,-3334.0579258139987,-4.1914902934814264e-05
0.231,56.741433075339536,90.0,0.034258566924660463,-0.22240830648960006,-0.2720196863999999,-0.0,-0.0,0.2359073958096778,-0.06417145582758921,-3336.124597344001,-4.0852817601456144e-05
0.2315,56.852670936175485,90.0,0.03414732906382451,-0.22254254697959996,-0.26494119359999985,-0.0,-0.0,0.2359073958096778,-0.06250158702488363,-3338.1382046939993,-3.9789746104393994e-05
0.232,56.96397503217665,90.0,0.034036024967823354,-0.22267324661760007,-0.25785630719999986,-0.0,-0.0,0.2359073958096778,-0.06083020992465223,-3340.098699264001,-3.872571439530429e-05
0.2325,57.075343592124995,90.0,0.033924656407875,-0.22280040224999995,-0.2507651999999998,-0.0,-0.0,0.2359073958096778,-0.059157365291692965,-3342.006033749999,-3.7660748425863434e-05
0.233,57.18677484324737,90.0,0.03381322515675263,-0.22292401080960003,-0.24366804479999984,-0.0,-0.0,0.2359073958096778,-0.05748309389080386,-3343.8601621440002,-3.659487414774786e-05
0.2335,57.298267011258524,90.0,0.033701732988741476,-0.22304406931559997,-0.23656501439999977,-0.0,-0.0,0.2359073958096778,-0.05580743648678287,-3345.661039733999,-3.5528117512633965e-05
0.234,57.40981832040448,90.0,0.033590181679595515,-0.22316057487360005,-0.22945628159999984,-0.0,-0.0,0.2359073958096778,-0.05413043384442805,-3347.408623104001,-3.4460504472198206e-05
0.23450000000000001,57.52142699350564,90.0,0.03347857300649436,-0.22327352467559994,-0.22234201919999977,-0.0,-0.0,0.2359073958096778,-0.05245212672853732,-3349.1028701339987,-3.339206097811696e-05
0.23500000000000001,57.633091252000014,90.0,0.03336690874799999,-0.2233829160000001,-0.2152223999999998,-0.0,-0.0,0.2359073958096778,-0.05077255590390875,-3350.7437400000013,-3.232281298206669e-05
0.23550000000000001,57.74480931598637,90.0,0.03325519068401363,-0.22348874621159995,-0.20809759679999976,-0.0,-0.0,0.2359073958096778,-0.04909176213534028,-3352.3311931739995,-3.125278643572378e-05
0.23600000000000002,57.856579404267514,90.0,0.033143420595732484,-0.22359101276160007,-0.2009677823999998,-0.0,-0.0,0.2359073958096778,-0.04740978618762995,-3353.865191424001,-3.0182007290764682e-05
0.23650000000000002,57.968399734393486,90.0,0.03303160026560652,-0.22368971318759995,-0.19383312959999974,-0.0,-0.0,0.2359073958096778,-0.04572666882557571,-3355.3456978139993,-2.9110501498865788e-05
0.23700000000000002,58.08026852270464,90.0,0.03291973147729536,-0.22378484511360006,-0.18669381119999978,-0.0,-0.0,0.2359073958096778,-0.044042450813975606,-3356.772676704001,-2.803829501170355e-05
0.23750000000000002,58.192183984375006,90.0,0.03280781601562499,-0.22387640624999994,-0.17954999999999974,-0.0,-0.0,0.2359073958096778,-0.042357172917627584,-3358.1460937499987,-2.6965413780954355e-05
0.23800000000000002,58.304144333455355,90.0,0.03269585566654464,-0.22396439439360005,-0.17240186879999977,-0.0,-0.0,0.2359073958096778,-0.04067087590132969,-3359.4659159040007,-2.5891883758294654e-05
0.23850000000000002,58.41614778291652,90.0,0.03258385221708348,-0.22404880742759994,-0.1652495903999997,-0.0,-0.0,0.2359073958096778,-0.03898360052987986,-3360.732111413999,-2.4817730895400843e-05
0.23900000000000002,58.52819254469249,90.0,0.03247180745530751,-0.22412964332160007,-0.15809333759999974,-0.0,-0.0,0.2359073958096778,-0.037295387568076155,-3361.944649824001,-2.3742981143949367e-05
0.23950000000000002,58.640276829723646,90.0,0.032359723170276355,-0.22420690013159994,-0.1509332831999997,-0.0,-0.0,0.2359073958096778,-0.035606277780716525,-3363.103501973999,-2.2667660455616624e-05
0.24000000000000002,58.752398848000006,90.0,0.032247601152,-0.22428057600000006,-0.14376959999999972,-0.0,-0.0,0.2359073958096778,-0.03391631193259899,-3364.208640000001,-2.1591794782079055e-05
0.24050000000000002,58.86455680860437,90.0,0.03213544319139563,-0.22435066915559995,-0.13660246079999971,-0.0,-0.0,0.2359073958096778,-0.03222553078852153,-3365.260037333999,-2.0515410075013062e-05
0.24100000000000002,58.97674891975553,90.0,0.03202325108024447,-0.22441717791360002,-0.1294320383999997,-0.0,-0.0,0.2359073958096778,-0.030533975113282142,-3366.257668704,-1.943853228609507e-05
0.24150000000000002,59.08897338885148,90.0,0.03191102661114852,-0.22448010067559993,-0.1222585055999997,-0.0,-0.0,0.2359073958096778,-0.02884168567167884,-3367.2015101339985,-1.8361187367001515e-05
0.24200000000000002,59.201228422512656,90.0,0.031798771577487346,-0.22453943592960002,-0.11508203519999972,-0.0,-0.0,0.2359073958096778,-0.027148703228509607,-3368.091538944,-1.7283401269408808e-05
0.24250000000000002,59.31351222662501,90.0,0.03168648777337499,-0.22459518224999991,-0.10790279999999969,-0.0,-0.0,0.2359073958096778,-0.025455068548572428,-3368.927733749999,-1.6205199944993357e-05
0.24300000000000002,59.42582300638338,90.0,0.03157417699361662,-0.2246473382976,-0.1007209727999997,-0.0,-0.0,0.2359073958096778,-0.02376082239666532,-3369.7100744639997,-1.5126609345431606e-05
0.24350000000000002,59.53815896633452,90.0,0.03146184103366548,-0.22469590281959992,-0.09353672639999966,-0.0,-0.0,0.2359073958096778,-0.022066005537586256,-3370.4385422939986,-1.4047655422399953e-05
0.24400000000000002,59.650518310420495,90.0,0.03134948168957951,-0.22474087464960002,-0.08635023359999967,-0.0,-0.0,0.2359073958096778,-0.020370658736133262,-3371.1131197440004,-1.296836412757484e-05
0.24450000000000002,59.76289924202163,90.0,0.031237100757978364,-0.22478225270759994,-0.07916166719999966,-0.0,-0.0,0.2359073958096778,-0.018674822757104307,-3371.7337906139987,-1.1888761412632672e-05
0.24500000000000002,59.87529996399999,90.0,0.031124700036000003,-0.22482003600000003,-0.07197119999999967,-0.0,-0.0,0.2359073958096778,-0.016978538365297405,-3372.30054,-1.0808873229249883e-05
0.24550000000000002,59.987718678742354,90.0,0.031012281321257645,-0.22485422361959995,-0.06477900479999965,-0.0,-0.0,0.2359073958096778,-0.015281846325510535,-3372.813354293999,-9.728725529102877e-06
0.24600000000000002,60.10015358820354,90.0,0.030899846411796463,-0.22488481474560007,-0.057585254399999654,-0.0,-0.0,0.2359073958096778,-0.013584787402541708,-3373.272221184001,-8.648344263868089e-06
0.24650000000000002,60.21260289394949,90.0,0.030787397106050513,-0.22491180864359997,-0.050390121599999636,-0.0,-0.0,0.2359073958096778,-0.011887402361188909,-3373.677129653999,-7.567755385221933e-06
0.24700000000000003,60.32506479720064,90.0,0.03067493520279936,-0.22493520466560005,-0.04319377919999964,-0.0,-0.0,0.2359073958096778,-0.010189731966250143,-3374.028069984001,-6.486984844840833e-06
0.24750000000000003,60.437537498875,90.0,0.030562462501124994,-0.22495500224999992,-0.03599639999999963,-0.0,-0.0,0.2359073958096778,-0.008491816982523399,-3374.325033749999,-5.4060585944012075e-06
0.248,60.55001919963135,90.0,0.030449980800368644,-0.22497120092159997,-0.028798156800000023,-0.0,-0.0,0.2359073958096778,-0.00679369817480677,-3374.5680138239995,-4.325002585579539e-06
0.2485,60.662508099912515,90.0,0.030337491900087485,-0.22498380029159998,-0.02159922240000002,-0.0,-0.0,0.2359073958096778,-0.005095416307898063,-3374.7570043739997,-3.2438427700521274e-06
0.249,60.77500239998847,90.0,0.030224997600011527,-0.2249928000576,-0.014399769600000011,-0.0,-0.0,0.2359073958096778,-0.0033970121465953683,-3374.892000864,-2.1626050994954523e-06
0.2495,60.887500299999644,90.0,0.030112499700000357,-0.2249982000036,-0.0071999712000000065,-0.0,-0.0,0.2359073958096778,-0.0016985264556966823,-3374.973000054,-1.0813155255859368e-06
0.25,61.0,90.0,0.03,-0.22499999999999998,-0.0,-0.0,-0.0,0.2359073958096778,0.0,-3374.9999999999995,0.0
0.2505,61.11249970000034,90.0,0.029887500299999654,-0.22499820000359996,0.007199971200000006,-0.0,0.0,0.2359073958096778,0.0016985264556966821,-3374.9730000539994,1.0813155255859365e-06
0.251,61.22499760001152,90.0,0.029775002399988478,-0.2249928000576,0.014399769600000011,-0.0,0.0,0.2359073958096778,0.0033970121465953683,-3374.892000864,2.1626050994954523e-06
0.2515,61.337491900087485,90.0,0.029662508099912513,-0.22498380029159998,0.021599222400000017,-0.0,0.0,0.2359073958096778,0.005095416307898062,-3374.7570043739997,3.2438427700521265e-06
0.252,61.449980800368635,90.0,0.02955001919963136,-0.22497120092159997,0.028798156800000026,-0.0,0.0,0.2359073958096778,0.0067936981748067705,-3374.5680138239995,4.325002585579539e-06
0.2525,61.562462501125005,90.0,0.029437537498874997,-0.22495500224999998,0.03599640000000003,-0.0,0.0,0.2359073958096778,0.008491816982523492,-3374.32503375,5.406058594401268e-06
0.253,61.67493520279937,90.0,0.029325064797200633,-0.2249352046656,0.04319377920000003,-0.0,0.0,0.2359073958096778,0.010189731966250235,-3374.028069984,6.486984844840892e-06
0.2535,61.78739710605052,90.0,0.029212602893949485,-0.22491180864360003,0.050390121600000046,-0.0,0.0,0.2359073958096778,0.011887402361189006,-3373.677129654,7.567755385221994e-06
0.254,61.89984641179649,90.0,0.029100153588203514,-0.22488481474560001,0.05758525440000005,-0.0,0.0,0.2359073958096778,0.013584787402541801,-3373.272221184,8.64834426386815e-06
0.2545,62.01228132125766,90.0,0.028987718678742343,-0.22485422361959997,0.06477900480000005,-0.0,0.0,0.2359073958096778,0.01528184632551063,-3372.8133542939995,9.728725529102938e-06
0.255,62.12470003600002,90.0,0.02887529996399998,-0.22482003599999997,0.07197120000000005,-0.0,0.0,0.2359073958096778,0.016978538365297495,-3372.3005399999993,1.0808873229249938e-05
0.2555,62.23710075797837,90.0,0.028762899242021633,-0.22478225270759997,0.07916166720000006,-0.0,0.0,0.2359073958096778,0.018674822757104404,-3371.733790613999,1.1888761412632734e-05
0.256,62.349481689579505,90.0,0.02865051831042049,-0.22474087464959996,0.08635023360000006,-0.0,0.0,0.2359073958096778,0.020370658736133352,-3371.1131197439995,1.2968364127574898e-05
0.2565,62.461841033665465,90.0,0.02853815896633453,-0.22469590281959997,0.09353672640000008,-0.0,0.0,0.2359073958096778,0.022066005537586357,-3370.4385422939995,1.4047655422400018e-05
0.257,62.57417699361663,90.0,0.02842582300638337,-0.22464733829759995,0.10072097280000007,-0.0,0.0,0.2359073958096778,0.023760822396665406,-3369.7100744639993,1.5126609345431659e-05
0.2575,62.68648777337499,90.0,0.028313512226625006,-0.22459518224999997,0.10790280000000009,-0.0,0.0,0.2359073958096778,0.02545506854857252,-3368.92773375,1.6205199944993418e-05
0.258,62.79877157748737,90.0,0.028201228422512627,-0.2245394359296,0.1150820352000001,-0.0,0.0,0.2359073958096778,0.027148703228509694,-3368.0915389439997,1.7283401269408862e-05
0.2585,62.91102661114851,90.0,0.028088973388851492,-0.22448010067559998,0.12225850560000011,-0.0,0.0,0.2359073958096778,0.028841685671678934,-3367.2015101339994,1.8361187367001576e-05
0.259,63.023251080244485,90.0,0.027976748919755514,-0.2244171779136,0.12943203840000012,-0.0,0.0,0.2359073958096778,0.030533975113282243,-3366.2576687039996,1.9438532286095134e-05
0.2595,63.13544319139564,90.0,0.02786455680860436,-0.2243506691556,0.13660246080000013,-0.0,0.0,0.2359073958096778,0.032225530788521625,-3365.260037334,2.0515410075013123e-05
0.26,63.247601152,90.0,0.027752398847999994,-0.22428057599999998,0.14376960000000014,-0.0,0.0,0.2359073958096778,0.033916311932599086,-3364.20864,2.1591794782079116e-05
0.2605,63.359723170276354,90.0,0.027640276829723642,-0.2242069001316,0.15093328320000013,-0.0,0.0,0.2359073958096778,0.03560627778071662,-3363.1035019739998,2.266766045561669e-05
0.261,63.47180745530753,90.0,0.027528192544692475,-0.2241296433216,0.15809333760000013,-0.0,0.0,0.2359073958096778,0.037295387568076245,-3361.9446498239995,2.3742981143949425e-05
0.2615,63.58385221708349,90.0,0.027416147782916508,-0.2240488074276,0.16524959040000015,-0.0,0.0,0.2359073958096778,0.038983600529879966,-3360.732111414,2.481773089540091e-05
0.262,63.69585566654465,90.0,0.02730414433345535,-0.22396439439360002,0.17240186880000014,-0.0,0.0,0.2359073958096778,0.04067087590132977,-3359.465915904,2.589188375829471e-05
0.2625,63.80781601562501,90.0,0.02719218398437499,-0.22387640625,0.17955000000000013,-0.0,0.0,0.2359073958096778,0.042357172917627674,-3358.1460937499996,2.6965413780954413e-05
0.263,63.919731477295365,90.0,0.027080268522704634,-0.2237848451136,0.18669381120000017,-0.0,0.0,0.2359073958096778,0.044042450813975696,-3356.772676704,2.803829501170361e-05
0.2635,64.03160026560651,90.0,0.026968399734393484,-0.22368971318759998,0.19383312960000015,-0.0,0.0,0.2359073958096778,0.04572666882557581,-3355.345697814,2.9110501498865853e-05
0.264,64.14342059573247,90.0,0.026856579404267538,-0.2235910127616,0.20096778240000016,-0.0,0.0,0.2359073958096778,0.04740978618763003,-3353.865191424,3.0182007290764733e-05
0.2645,64.25519068401364,90.0,0.02674480931598636,-0.22348874621159998,0.2080975968000002,-0.0,0.0,0.2359073958096778,0.04909176213534039,-3352.331193174,3.1252786435723846e-05
0.265,64.366908748,90.0,0.026633091252,-0.22338291600000001,0.21522240000000017,-0.0,0.0,0.2359073958096778,0.05077255590390884,-3350.7437400000003,3.232281298206675e-05
0.2655,64.47857300649437,90.0,0.026521426993505622,-0.2232735246756,0.22234201920000018,-0.0,0.0,0.2359073958096778,0.05245212672853742,-3349.1028701339997,3.339206097811702e-05
0.266,64.59018167959553,90.0,0.026409818320404472,-0.2231605748736,0.2294562816000002,-0.0,0.0,0.2359073958096778,0.05413043384442814,-3347.408623104,3.446050447219827e-05
0.2665,64.70173298874147,90.0,0.026298267011258526,-0.2230440693156,0.2365650144000002,-0.0,0.0,0.2359073958096778,0.05580743648678297,-3345.6610397339996,3.552811751263403e-05
0.267,64.81322515675265,90.0,0.02618677484324735,-0.22292401080959998,0.24366804480000018,-0.0,0.0,0.2359073958096778,0.057483093890803943,-3343.860162144,3.6594874147747916e-05
0.2675,64.924656407875,90.0,0.026075343592124996,-0.22280040224999997,0.2507652000000002,-0.0,0.0,0.2359073958096778,0.059157365291693055,-3342.0060337499995,3.7660748425863495e-05
0.268,65.03602496782337,90.0,0.025963975032176637,-0.22267324661759996,0.2578563072000002,-0.0,0.0,0.2359073958096778,0.060830209924652316,-3340.098699263999,3.8725714395304346e-05
0.2685,65.14732906382453,90.0,0.025852670936175475,-0.2225425469796,0.26494119360000024,-0.0,0.0,0.2359073958096778,0.06250158702488373,-3338.138204694,3.9789746104394055e-05
0.269,65.2585669246605,90.0,0.0257414330753395,-0.2224083064896,0.27201968640000024,-0.0,0.0,0.2359073958096778,0.06417145582758928,-3336.124597344,4.085281760145619e-05
0.2695,65.36973678071165,90.0,0.02563026321928835,-0.22227052838759997,0.2790916128000002,-0.0,0.0,0.2359073958096778,0.06583977556797099,-3334.0579258139996,4.191490293481434e-05
0.27,65.48083686400001,90.0,0.02551916313599999,-0.22212921599999996,0.28615680000000027,-0.0,0.0,0.2359073958096778,0.06750650548123087,-3331.9382399999995,4.297597615279208e-05
0.2705,65.59186540823237,90.0,0.02540813459176763,-0.22198437273959998,0.29321507520000023,-0.0,0.0,0.2359073958096778,0.0691716048025709,-3329.7655910939993,4.403601130371298e-05
0.271,65.70282064884353,90.0,0.025297179351156465,-0.22183600210559998,0.30026626560000025,-0.0,0.0,0.2359073958096778,0.07083503276719309,-3327.5400315839997,4.509498243590063e-05
0.2715,65.8137008230395,90.0,0.025186299176960508,-0.22168410768359997,0.3073101984000003,-0.0,0.0,0.2359073958096778,0.07249674861029948,-3325.2616152539995,4.615286359767862e-05
0.272,65.92450416984065,90.0,0.025075495830159347,-0.22152869314559995,0.3143467008000002,-0.0,0.0,0.2359073958096778,0.07415671156709201,-3322.9303971839995,4.720962883737051e-05
0.2725,66.03522893012499,89.99999748694265,0.02496477106987501,-0.22136976225,0.3213756000000003,-0.0008262538025094263,-10.368090597723855,0.23602091834059966,-0.08187170454726471,-3320.54643375,-5.212114591222554e-05
0.273,66.14587334667137,89.99982276829212,0.02485412665332863,-0.22120731884159997,0.3283967232000003,-0.014031027896082274,-42.283670052335395,0.23784176925086667,-0.56889887165425,-3318.1097826239993,-0.0003621722701727026
0.2735,66.25643566420251,89.99904357361575,0.02474356433579748,-0.22104136685159997,0.3354098976000003,-0.04294335953753714,-73.19987013076646,0.24186692657425762,-1.0526284618983208,-3315.6205027739998,-0.0006701240918013464
0.274,66.36691412942848,89.99721704975504,0.024633085870571524,-0.2208719102976,0.3424149504000003,-0.08706589922776577,-103.1260837523731,0.24810707516092645,-1.541381419849415,-3313.078654464,-0.0009812738886361538
0.2745,66.47730699108965,89.99391452383654,0.02452269300891036,-0.22069895328359998,0.34941170880000033,-0.1459060416972405,-132.07189396519436,0.25660896098332375,-2.042586003149072,-3310.4842992539993,-0.0013003506363659701
0.275,66.58761250000002,89.98872136601092,0.024412387499999983,-0.22052249999999998,0.35640000000000027,-0.21897601954293014,-160.04706823430385,0.26745161950164736,-2.5628183786457113,-3307.8374999999996,-0.0016315408528328867
0.2755,66.69782890909036,89.98123684955137,0.024302171090909635,-0.22034255472359998,0.3633796512000003,-0.30579299400672166,-187.06155272007447,0.28074277938166475,-3.107842578744201,-3305.1383208539996,-0.0019785140350344105
0.276,66.80795447345153,89.9710740083917,0.02419204552654847,-0.22015912181759997,0.37035048960000033,-0.4058791428910903,-213.12546654877764,0.296615437759319,-3.6826497867259036,-3302.3868272639997,-0.002344447668934967
0.2765,66.91798745037748,89.95785949218858,0.02408201254962252,-0.21997220573159998,0.3773123424000003,-0.5187617456083518,-238.24909607771957,0.31522460320135615,-4.291496922791489,-3299.5830859739995,-0.0027320517941036935
0.277,67.02792609940865,89.94123341898559,0.02397207390059135,-0.2197818110016,0.38426503680000035,-0.6439732653619612,-262.4428891573978,0.33674420247597375,-4.937944505400251,-3296.727165024,-0.0031435931069916574
0.2775,67.137768682375,89.92084922556687,0.023862231317624997,-0.21958794225,0.39120840000000034,-0.7810514284582696,-285.71744939280194,0.36136414722080945,-5.62489376511211,-3293.8191337499998,-0.003580918588337499
0.278,67.24751346343936,89.89637351557826,0.023752486536560646,-0.21939060418559997,0.3981422592000003,-0.9295393007495305,-308.08353040627946,0.3892875565774728,-6.3546229906191165,-3290.8590627839994,-0.0040454786417697414
0.2785,67.35715870914053,89.86748590549936,0.02364284129085947,-0.21918980160359997,0.4050664416000003,-1.0889853612088822,-329.5520301041069,0.4207281318507717,-7.128823088963288,-3287.8470240539996,-0.004538349732144567
0.279,67.4667026884365,89.83387886854949,0.0235332973115635,-0.2189855393856,0.4119807744000003,-1.2589435726402127,-350.13398494909677,0.45590767924693865,-7.948632344111453,-3284.783090784,-0.005060256513541828
0.2795,67.57614367274766,89.79525757660942,0.023423856327252347,-0.21877782249959998,0.41888508480000036,-1.4389734495262851,-369.8405642414226,0.49505377674724105,-8.814670360083399,-3281.6673374939996,-0.00561159343813156
0.28,67.685479936,89.75133974023886,0.02331452006400001,-0.218566656,0.4257792000000003,-1.6286401230196554,-388.68306440985305,0.5383975811811761,-9.72707117672781,-3278.49984,-0.00619244583833172
0.2805,67.79470975466836,89.7018554468753,0.023205290245331644,-0.21835204502759997,0.43266294720000037,-1.8275144030826085,-406.67290331562236,0.5861717715765378,-10.685515548018582,-3275.2806754139997,-0.006802610475809842
0.281,67.90383140781952,89.6465469972897,0.023096168592180482,-0.2181339948096,0.4395361536000004,-2.035172837781986,-423.82161457100204,0.6386086248808693,-11.68926237439715,-3272.009922144,-0.007441615551933648
0.28150000000000003,68.01284317715549,89.5851687403885,0.022987156822844516,-0.21791251065959996,0.4463986464000003,-2.2511977697481513,-440.1408418748338,0.6959382201710755,-12.737179282250397,-3268.6876598939994,-0.008108740175271321
0.28200000000000003,68.12174334705665,89.51748690643585,0.022878256652943355,-0.21768759797759998,0.45325025280000036,-2.4751773898059315,-455.64233336702944,0.7583867674928839,-13.827772345054335,-3265.3139696639996,-0.008803033282659228
0.28250000000000003,68.23053020462501,89.4432794387803,0.022769469795374992,-0.21745926224999998,0.4600908000000004,-2.706705787788167,-470.3379360041762,0.8261750575010783,-14.959214942081053,-3261.88893375,-0.009523332011225362
0.28300000000000003,68.33920203972735,89.36233582416693,0.02266079796027264,-0.21722750904959998,0.4669201152000004,-2.9453830005426958,-484.23958995829577,0.8995170281030845,-16.12937575183521,-3258.4126357439995,-0.010268279519564518
0.28350000000000003,68.44775714503852,89.2744569217134,0.02255224285496148,-0.21699234403560003,0.47373802560000033,-3.190815057145138,-497.3593230408023,0.9786184443431575,-17.33584587858012,-3254.8851605340005,-0.01103634225702115
0.28400000000000003,68.55619381608449,89.17945479063049,0.02244380618391552,-0.2167537729536,0.48054435840000037,-3.442614021329877,-509.7092451536335,1.063675687801037,-18.575965111425944,-3251.3065943039996,-0.011825826680744118
0.28450000000000003,68.66451035128564,89.07715251676808,0.02233548964871436,-0.2165118016356,0.4873389408000004,-3.7003980311544122,-521.3015427695996,1.1548746518185258,-19.84684731650897,-3247.677024534,-0.012634895420850086
0.28500000000000003,68.77270505199999,88.96738403806218,0.022227294948000006,-0.21626643599999998,0.4941216000000004,-3.963791335911246,-532.1484734438466,1.2523897389077603,-21.14540496376446,-3243.9965399999996,-0.013461582894652055
0.28550000000000003,68.88077622256637,88.8499939689657,0.02211922377743363,-0.2160176820516,0.5008921632000004,-4.232424330303863,-542.26236035839,1.3563829567379353,-22.46837279072708,-3240.265230774,-0.014303810371502633
0.28600000000000003,68.98872217034753,88.72483742393823,0.02201127782965247,-0.21576554588160002,0.5076504576000005,-4.50593358590325,-551.6555869015924,1.4670031091409383,-23.812330606656904,-3236.483188224,-0.01515940049035151
0.28650000000000003,69.09654120577349,88.59177984007296,0.021903458794226508,-0.21551003366759997,0.5143963104000004,-4.783961879903898,-560.3405912844913,1.5843850786222213,-25.173725241115324,-3232.6505050139995,-0.016026091232642873
0.28700000000000003,69.20423164238466,88.4506967989395,0.02179576835761535,-0.2152511516736,0.5211295488000004,-5.066158221197109,-568.3298611957707,1.7086491969089315,-26.54889164187732,-3228.767275104,-0.016901549353663524
0.28750000000000003,69.311791796875,88.30147384771712,0.021688208203125003,-0.21498890624999994,0.5278500000000005,-5.352177873781855,-575.6359284971971,1.8399007001153072,-27.934073127801774,-3224.833593749999,-0.01778338327592054
0.28800000000000003,69.41921998913536,88.14400631969488,0.02158078001086464,-0.21472330383359997,0.5345574912000004,-5.641682377534224,-582.2713639613166,1.9782292651536313,-29.32544080297118,-3220.8495575039997,-0.018669155448566496
0.28850000000000003,69.52651454229651,87.97819915421478,0.02147348545770349,-0.2144543509476,0.5412518496000004,-5.934339566356013,-588.2487720531052,2.1237086240674907,-30.71911213905488,-3216.815264214,-0.019556394177299322
0.28900000000000003,69.63367378277249,87.80396671613359,0.02136632621722751,-0.2141820542016,0.5479329024000005,-6.229823583726167,-593.580785757337,2.276396253014792,-32.11116873348112,-3212.730813024,-0.02044260492956575
0.28950000000000004,69.74069604030365,87.62123261487255,0.02125930395969635,-0.21390642029159998,0.5546004768000005,-6.527814895676946,-598.2800614532961,2.4363331326770625,-33.49767325157321,-3208.596304374,-0.021325281120260157
0.29000000000000004,69.847579648,87.42992952313648,0.021152420351999997,-0.213627456,0.5612544000000005,-6.828000301220521,-602.3592738385229,2.603543576923781,-34.87468556137878,-3204.4118399999998,-0.022201914383475938
0.29050000000000004,69.95432294238437,87.22999899536659,0.021045677057615633,-0.21334516819559998,0.5678944992000005,-7.130072940249191,-605.8311109031516,2.778035126610072,-36.23827807043142,-3200.1775229339996,-0.023070004336191167
0.29100000000000004,70.06092426343552,87.02139128600439,0.020939075736564478,-0.21305956383359997,0.5745206016000004,-7.433732298936262,-608.7082689564553,2.959798505439237,-37.58455027420414,-3195.8934575039993,-0.02392706784010176
0.29150000000000004,70.16738195463148,86.80406516763725,0.02083261804536851,-0.21277064995559997,0.5811325344000005,-7.738684212663363,-611.0034477071125,3.148807634872556,-38.90964252648393,-3191.5597493339997,-0.024770647768114162
0.29200000000000004,70.27369436299264,86.57798774909351,0.02072630563700735,-0.21247843368959995,0.5877301248000004,-8.044640866501743,-612.7293453987058,3.3450197051215746,-40.209749042358226,-3187.1765053439995,-0.025598321282303667
0.29250000000000004,70.379859839125,86.34313429355974,0.020620140160874992,-0.21218292224999996,0.5943132000000004,-8.351320793275288,-613.8986540019184,3.548375299310329,-41.48113014494038,-3182.7438337499993,-0.026407707630421964
0.29300000000000004,70.48587673726337,86.0994880367867,0.02051412326273663,-0.21188412293759998,0.6008815872000004,-8.658448869234297,-614.5240544648577,3.758798567948157,-42.72012376737989,-3178.2618440639994,-0.027196475468304285
0.29350000000000004,70.59174341531451,85.84704000545452,0.020408256584685487,-0.21158204313959997,0.6074351136000005,-8.965756307369015,-614.6182120229033,3.976197450906298,-43.92315622210068,-3173.730647094,-0.02796234971577945
0.29400000000000004,70.6974582349005,85.58578883576128,0.020302541765099505,-0.21127669032959998,0.6139736064000004,-9.27298064839373,-614.1937715694324,4.200463944145431,-45.08675224959591,-3169.1503549439994,-0.02870311795393129
0.29450000000000004,70.80301956140164,85.31574059230456,0.020196980438598362,-0.21096807206759996,0.6204968928000004,-9.579865749430722,-613.2633530887396,4.431474408493409,-46.207544359466404,-3164.5210810139993,-0.02941663637178842
0.29500000000000004,70.90842576400001,85.03690858731828,0.02009157423599998,-0.21065619599999993,0.6270048000000005,-9.886161770427977,-611.8395471524431,4.669089917828713,-47.28228147675455,-3159.842939999999,-0.03010083527075139
0.29550000000000004,71.01367521572234,84.74931320033144,0.019986324784277656,-0.21034106985959997,0.6334971552000006,-10.191625158339587,-609.9349104806063,4.91315664407515,-48.3078369069384,-3155.1160478939996,-0.030753724135265368
0.29600000000000004,71.11876629348352,84.45298169831142,0.019881233706516486,-0.21002270146559998,0.6399737856000005,-10.49601862910486,-607.5619615687925,5.1635062764720265,-49.28121563329916,-3150.3405219839997,-0.03137339627846861
0.29650000000000004,71.22369737812947,84.1479480563554,0.019776302621870523,-0.20970109872359996,0.6464345184000005,-10.799111147455813,-604.7331763822114,5.419956472633026,-50.19956096065304,-3145.5164808539994,-0.031958033071723464
0.29700000000000004,71.32846685448065,83.8342527789901,0.01967153314551935,-0.20937626962559996,0.6528791808000005,-11.100677904590547,-601.4609841180901,5.682311338967107,-51.06016051976289,-3140.6440443839997,-0.03250590776714362
0.2975,71.43307311137498,83.51194272214134,0.019566926888625016,-0.20904822225000003,0.6593075999999998,-11.400500293743567,-597.7577630373554,5.950361938083741,-51.86045164699835,-3135.7233337500006,-0.03301538892239205
0.298,71.53751454171137,83.18107091583366,0.019462485458288634,-0.20871696476159998,0.6657196031999998,-11.698365883691089,-593.6358363666717,6.223886820864907,-52.59802615410738,-3130.754471424,-0.03348494343721193
0.2985,71.64178954249255,82.84169638767793,0.019358210457507453,-0.2083825054116,0.6721150175999999,-11.994068390223148,-589.1074682718623,6.50265258093552,-53.27063450319392,-3125.737581174,-0.03391313921129994
0.299,71.74589651486846,82.49388398720527,0.019254103485131534,-0.2080448525376,0.6784936703999997,-12.287407645622315,-584.1848599036578,6.786414429325649,-53.87618940226773,-3120.6727880639996,-0.03429864743330438
0.2995,71.84983386417962,82.13770421110179,0.01915016613582039,-0.20770401456360005,0.6848553887999997,-12.578189566183047,-578.8801455167238,7.074916787167793,-54.4127688369428,-3115.5602184540003,-0.03464024451086436
0.3,71.95359999999998,81.77323302940391,0.019046400000000022,-0.20736000000000002,0.6911999999999998,-12.866226117808123,-573.205388662854,7.367893894329786,-54.878618554091496,-3110.4,-0.03493681365175306
0.3005,72.05719333618035,81.40055171270492,0.01894280666381965,-0.20701281744359998,0.6975273311999999,-13.151335279721518,-567.172578459175,7.6650704319418175,-55.27215401347559,-3105.1922616539996,-0.03518734610632473
0.301,72.1606122908915,81.0197466604278,0.018839387709108493,-0.2066624755776,0.7038372095999998,-13.433341006333869,-560.7936259321762,7.966162156828959,-55.59196182356263,-3099.937133664,-0.035390942081583714
0.3015,72.26385528666748,80.6309092302162,0.018736144713332518,-0.20630898317159999,0.7101294623999999,-13.712073187299145,-554.0803604383303,8.270876545918531,-55.83680067792832,-3094.6347475739994,-0.03554681133731674
0.302,72.36692075044863,80.23413556849654,0.018633079249551366,-0.20595234908159998,0.7164039167999999,-13.98736760580072,-547.0445261620539,8.578913448747215,-56.005601808817204,-3089.2852362239996,-0.03565427347483861
0.3025,72.46980711362498,79.82952644225797,0.018530192886375016,-0.20559258225000002,0.7226603999999999,-14.25906589510631,-539.6977786916674,8.889965746250581,-56.09746897459454,-3083.88873375,-0.03571275792900384
0.303,72.57251281207938,79.41718707210282,0.01842748718792062,-0.20522969170560001,0.7288987391999999,-14.527015493430254,-532.0516816740301,9.203720014072907,-56.11167799797101,-3078.445375584,-0.03572180367423133
0.3035,72.6750362862305,78.99722696661428,0.018324963713769498,-0.2048636865636,0.7351187616,-14.791069597142343,-524.1177035484634,9.51985718869264,-56.047675872017024,-3072.9552984539996,-0.035681058655375464
0.304,72.77737598107649,78.56975975808463,0.01822262401892352,-0.2044945760256,0.7413202943999999,-15.051087112365552,-515.9072143604808,9.838053234719181,-55.905079451107916,-3067.418640384,-0.035590278954355875
0.3045,72.87953034623766,78.13490303965806,0.01812046965376235,-0.2041223693796,0.7475031647999999,-15.306932604997609,-507.4314826559476,10.1579798117657,-55.68367374404275,-3061.8355406939995,-0.035449327703523166
0.305,72.981497836,77.69277820392197,0.018018502163999996,-0.203747076,0.7536671999999999,-15.558476249202691,-498.70167245605705,10.479304939372062,-55.38340982668419,-3056.20614,-0.03525817375680416
0.3055,73.08327690935835,77.24351028299839,0.017916723090641653,-0.2033687053476,0.7598122271999999,-15.805593774409491,-489.72884031363924,10.801693658498802,-55.00440239153589,-3050.5305802139997,-0.03501689012971443
0.306,73.18486603005952,76.78722779017397,0.017815133969940476,-0.20298726696959998,0.7659380735999999,-16.04816641085811,-480.52393245119237,11.124808688177112,-54.546926951745206,-3044.8090045439994,-0.03472565221937112
0.3065,73.28626366664548,76.3240625631105,0.017713736333354515,-0.2026027704996,0.7720445664,-16.286080833736197,-471.0977819810073,11.448311075955424,-54.0114167170636,-3039.041557494,-0.0343847358156676
0.307,73.38746829249664,75.85414960867467,0.017612531707503366,-0.2022152256576,0.7781315327999998,-16.519229105946525,-461.46110620769747,11.7718608408431,-53.398459159331175,-3033.228384864,-0.033994514914793
0.3075,73.48847838587497,75.37762694942758,0.017511521614125027,-0.20182464225,0.7841988,-16.747508619545684,-451.6245040134553,12.095117607506596,-52.70879228506583,-3027.3696337499996,-0.033555459346288743
0.308,73.58929242996733,74.89463547180931,0.01741070757003267,-0.20143103016959998,0.7902461952,-16.970822035896713,-441.59845332625514,12.417741230535315,-51.943300632735,-3021.4654525439996,-0.033068132224832604
0.3085,73.6899089129285,74.4053187760573,0.017310091087071496,-0.2010343993956,0.7962735455999999,-17.189077224576092,-431.39330867124244,12.739392407649333,-51.103011012268894,-3015.515990934,-0.032533187237928626
0.309,73.79032632792448,73.9098230278914,0.01720967367207552,-0.2006347599936,0.8022806783999998,-17.40218720107767,-421.0192988054538,13.059733280782012,-50.1890880043326,-3009.521399904,-0.03195136578065473
0.3095,73.89054317317564,73.40829681200012,0.01710945682682436,-0.2002321221156,0.8082674207999999,-17.61007006335465,-410.48652443601753,13.378428024026618,-49.20282923681683,-3003.4818317339996,-0.03132349394858331
0.31,73.99055795200002,72.90089098736145,0.01700944204799999,-0.199826496,0.8142336,-17.8126489272417,-399.8049560219225,13.695143417495153,-48.14566045592966,-2997.3974399999997,-0.030650479399940804
0.3105,74.09036917285638,72.38775854442915,0.016909630827143623,-0.19941789197159998,0.8201790432,-18.00985186079858,-388.9844316594205,14.00954940619463,-47.019130409170906,-2991.2683795739995,-0.029933308098008003
0.311,74.18997534938754,71.86905446421463,0.016810024650612463,-0.1990063204416,0.8261035776,-18.20161181761765,-378.03465505106544,14.321319643084838,-45.82490555735216,-2985.094806624,-0.029173040944687447
0.3115,74.28937500046348,71.34493557929429,0.016710624999536516,-0.19859179190759998,0.8320070304000001,-18.38786656913673,-366.96519355838115,14.630132015537896,-44.564764632684465,-2978.876878614,-0.028370810316074427
0.312,74.38856665022465,70.81556043676873,0.016611433349775353,-0.1981743169536,0.8378892287999998,-18.568558635999153,-355.7854763380949,14.935669154477674,-43.2405930597917,-2972.6147543039997,-0.02752781651076381
0.3125,74.487548828125,70.28108916320312,0.016512451171874998,-0.19775390625,0.84375,-18.743635218502668,-344.50479256185287,15.237618925533575,-41.85437725632694,-2966.30859375,-0.026645324121509734
0.313,74.58632006897537,69.74168333157091,0.016413679931024633,-0.1973305705536,0.8495891712,-18.913048126179426,-333.132289719259,15.535674901600656,-40.40819882965421,-2959.9585583040002,-0.025724658340718434
0.3135,74.6848789129865,69.19750583022815,0.016315121087013502,-0.1969043207076,0.8554065695999999,-19.07675370654779,-321.6769720041089,15.829536816251801,-38.904228685839236,-2953.5648106139997,-0.024767201210115306
0.314,74.78322390581248,68.64872073393866,0.01621677609418752,-0.19647516764160003,0.8612020224,-19.23471277307864,-310.1476987835651,16.1189109975061,-37.34472106692885,-2947.1275146240005,-0.023774387824759064
0.3145,74.88135359859363,68.09549317697635,0.01611864640140637,-0.1960431223716,0.8669753568,-19.386890532416164,-298.55318315009697,16.40351078150884,-35.7320075322389,-2940.646835574,-0.022747702501410633
0.315,74.979266548,67.53798922831955,0.01602073345200001,-0.19560819599999998,0.8727263999999999,-19.533256510896013,-286.90199055583867,16.683056905736667,-34.06849089905475,-2934.1229399999997,-0.021688674921063255
0.3155,75.07696131627438,66.97637576896223,0.01592303868372563,-0.1951703997156,0.8784549792,-19.673784480400723,-275.20253752911054,16.957277881391363,-32.35663915784813,-2927.555995734,-0.020598876255249247
0.316,75.1744364712755,66.41082037135759,0.0158255635287245,-0.1947297447936,0.8841609216,-19.808452383593796,-263.4630904727418,17.2259103447004,-30.59897937676026,-2920.946171904,-0.019479915285513433
0.3165,75.27169058652144,65.84149118101095,0.015728309413478553,-0.1942862425956,0.8898440544,-19.93724225857401,-251.6917645437758,17.488699386894986,-28.798091609737206,-2914.2936389340002,-0.018333434525211655
0.317,75.36872224123262,65.26855680024097,0.015631277758767388,-0.1938399045696,0.8955042048,-20.06014016298888,-239.89652261423015,17.745398862683558,-26.95660282233451,-2907.598568544,-0.017161106352557895
0.3175,75.46553002037503,64.69218617412078,0.015534469979624979,-0.19339074224999997,0.9011412000000001,-20.17713609764925,-228.08517431238266,17.995771677093593,-25.07718084878126,-2900.861133749999,-0.015964629163571796
0.318,75.56211251470333,64.11254847861501,0.01543788748529667,-0.1929387672576,0.9067548672000001,-20.28822392968425,-216.2653751441585,18.239590050599464,-23.16252839348676,-2894.081508864,-0.014745723553319181
0.3185,75.65846832080452,63.52981301092115,0.015341531679195478,-0.19248399129959998,0.9123450336,-20.393401315277767,-204.4446256940219,18.476635762505637,-21.215377089708078,-2887.2598694939998,-0.013506128533542357
0.319,75.75459604114047,62.94414908203597,0.015245403958859522,-0.1920264261696,0.9179115264,-20.49266962202345,-192.63027090500353,18.70670037259439,-19.238481627675732,-2880.3963925440003,-0.01224759779450882
0.3195,75.85049428409167,62.355725911544965,0.015149505715908326,-0.19156608374759998,0.9234541728000001,-20.58603385094108,-180.82949943706217,18.929585421102825,-17.23461396392973,-2873.491256214,-0.010971896018560084
0.32,75.94616166400006,61.76471252465476,0.015053838335999947,-0.19110297599999998,0.9289728,-20.673502558190442,-169.04934310337075,19.1451026071272,-15.206557623190267,-2866.5446399999996,-0.009680795252569898
0.3205,76.04159680121235,61.1712776514702,0.014958403198787655,-0.1906371149796,0.9344672352000001,-20.755087776523155,-157.2966763837702,19.353073945603256,-13.157102103524906,-2859.5567246940004,-0.008376071346163052
0.321,76.1367983221235,60.57558962852289,0.014863201677876501,-0.19016851282560002,0.9399373056000001,-20.830804936510788,-145.57821601474086,19.55333190304889,-11.089037395069056,-2852.527692384,-0.007059500462224461
0.3215,76.23176485921948,59.97781630256461,0.014768235140780512,-0.18969718176359995,0.9453828384,-20.900672787585865,-133.90052065529497,19.745719512293483,-9.005148622036087,-2845.4577264539994,-0.005732855665896853
0.322,76.32649505112063,59.37812493662058,0.014673504948879364,-0.1892231341056,0.9508036608,-20.964713318935505,-122.26999062793384,19.930090466461827,-6.90821081716069,-2838.3470115839996,-0.004397903597888102
0.3225,76.420987542625,58.7766821183109,0.014579012457374998,-0.18874638225,0.9561996,-21.02295168028404,-110.6928677339713,20.10630919251224,-4.800983837194339,-2831.19573375,-0.0030564012375750974
0.323,76.51524098475137,58.17365367044454,0.014484759015248629,-0.1882669386816,0.9615704831999999,-21.075416102601455,-99.17523514248347,20.27425090466499,-2.68620742750133,-2824.0040802239996,-0.0017100927610280028
0.3235,76.60925403478255,57.569204563884014,0.014390745965217444,-0.1877848159716,0.9669161376000001,-21.122137818774764,-87.72301735201948,20.43380163809117,-0.5665964432119779,-2816.7722395739997,-0.00036070649870189063
0.324,76.70302535630846,56.963498832683754,0.014296974643691538,-0.18730002677759996,0.9722363904000002,-21.163150984278012,-76.34198022427981,20.584858263262614,1.555163766172349,-2809.500401663999,0.0009900480028149513
0.3245,76.79655361926964,56.35669949149798,0.014203446380730353,-0.18681258384360003,0.9775310688,-21.198492597877543,-65.03773108884731,20.727328481394864,3.6764218024284574,-2802.1887576540007,0.0023404828109892177
0.325,76.88983749999996,55.748968455265015,0.01411016250000004,-0.18632249999999997,0.9827999999999999,-21.228202422406092,-53.8157189182174,20.861130801439526,5.794564488770538,-2794.837499999999,0.0036889343258103705
0.3255,76.98287568127037,55.140466461151895,0.014017124318729625,-0.1858297881636,0.9880430112,-21.2523229056432,-42.681234572010936,20.98619449911513,7.907020959425248,-2787.4468224539996,0.005033765883294996
0.326,77.07566685233151,54.531352992772796,0.01392433314766849,-0.18533446133759998,0.9932599296000002,-21.270899101333384,-31.639411109694862,21.102459558481556,10.011266564023078,-2780.016920064,0.006373370241099551
0.3265,77.16820970895748,53.921786206658346,0.013831790291042529,-0.18483653261160002,0.9984505824,-21.28397859037888,-20.69522417058171,21.209876596594654,12.104826582890352,-2772.547989174,0.0077061719437487046
0.327,77.26050295348864,53.31192286098748,0.013739497046511362,-0.1843360151616,1.0036147968,-21.291611402238072,-9.853492420380391,21.308406771790363,14.185279749800886,-2765.040227424,0.009030629565288701
0.3275,77.35254529487497,52.701918246563295,0.01364745470512502,-0.18383292224999997,1.0087524,-21.29384993656413,0.881121936871736,21.39802167617247,16.250261579398707,-2757.4938337499993,0.010345237827590458
0.328,77.44433544871937,52.09192612003041,0.013555664551280624,-0.1833272672256,1.0138632192,-21.29074888511566,11.504112582455093,21.478703212892274,18.297467497020804,-2749.9090083839997,0.011648529592856604
0.3285,77.53587213732052,51.48209863932841,0.01346412786267948,-0.18281906352359997,1.0189470816000001,-21.28236515397112,22.011128443184916,21.55044345882382,20.324655769204682,-2742.2859528539993,0.012939077729240534
0.329,77.62715408971648,50.87258630136381,0.013372845910283513,-0.18230832466559999,1.0240038144,-21.268757786079263,32.397972989387284,21.613244513253708,22.329650233743052,-2734.624869984,0.014215496848853213
0.3295,77.71818004172763,50.26353788189977,0.01328181995827237,-0.18179506425959996,1.0290332448000001,-21.249987884175525,42.66060347156983,21.667118333213356,24.31034282862527,-2726.9259638939993,0.015476444917737284
0.33,77.808948736,49.655100377646434,0.013191051263999998,-0.18127929599999998,1.0340352,-21.226118534095384,52.79513009699063,21.712086556093883,26.264695919771462,-2719.1894399999996,0.01672062473774865
0.3305,77.89945892204838,49.04741895054305,0.01310054107795162,-0.1807610336676,1.0390095072000003,-21.197214728514094,62.79781514718225,21.748180310190378,28.190744427935908,-2711.4155050140002,0.01794678530058522
0.331,77.98970935629954,48.44063687421806,0.013010290643700458,-0.18024029112959997,1.0439559936,-21.163343291142304,72.66507203759707,21.775440013829474,30.08659775566099,-2703.6043669439996,0.019153723014523883
0.3315,78.07969880213548,47.83489548261325,0.012920301197864525,-0.17971708233959996,1.0488744864000001,-21.124572801406018,82.39346432051278,21.793915163738575,31.950441515624888,-2695.7562350939993,0.020340282804720836
0.332,78.16942602993667,47.230334120759174,0.01283057397006333,-0.17919142133759997,1.0537648128000001,-21.08097351963909,91.97970463236408,21.803664113318057,33.7805390621795,-2687.8713200639995,0.021505359088218906
0.3325,78.25888981712502,46.627090097686875,0.012741110182874972,-0.17866332224999998,1.0586268,-21.032617312815603,101.4206535866542,21.804753841479346,35.57523282830396,-2679.94983375,0.022647896625078573
0.333,78.34808894820738,46.025298641456494,0.012651911051792619,-0.1781327992896,1.0634602752000002,-20.979577580849263,110.71331861371618,21.79725971271187,37.33294547063148,-2671.9919893439996,0.02376689124732474
0.3335,78.4370222148185,45.425092856291585,0.012562977785181497,-0.17759986675559997,1.0682650656000001,-20.921929183485876,119.8548527484371,21.7812652290398,39.05218082556786,-2663.9980013339996,0.02486139046763064
0.334,78.52568841576446,44.82660368179677,0.012474311584235532,-0.1770645390336,1.0730409984000002,-20.859748367814777,128.84255336724937,21.75686177452691,40.73152467992574,-2655.968085504,0.025930493969918846
0.3345,78.61408635706564,44.22995985424527,0.012385913642934362,-0.17652683059559998,1.0777879008000002,-20.793112696424124,137.67386087554937,21.72414835298317,42.36964535981952,-2647.9024589339997,0.026973353984263457
0.335,78.70221485200001,43.63528786991315,0.012297785147999993,-0.175986756,1.0825056000000002,-20.72210097622464,146.3463573468563,21.68323131952083,43.96529414192069,-2639.80134,0.027989175548703307
0.3355,78.79007272114636,43.04271195044317,0.012209927278853635,-0.17544432989159997,1.0871939232000003,-20.646793187965642,154.85776511492907,21.63422410660112,45.5173054914596,-2631.6649483739993,0.028977216660758674
0.336,78.87765879242752,42.45235401021779,0.012122341207572473,-0.17489956700159995,1.0918526976,-20.567270416466386,163.2059453201134,21.577246945203747,47.02459713165083,-2623.493505023999,0.02993678832162877
0.3365,78.96497190115346,41.86433362572137,0.012035028098846542,-0.1743524821476,1.0964817504000002,-20.48361478158551,171.38889641118354,21.51242658174247,48.486169949476796,-2615.2872322139997,0.030867254476211782
0.337,79.05201089006462,41.27876800686686,0.01194798910993538,-0.17380309023359997,1.1010809088,-20.395909369950406,179.40475260400322,21.439895991339604,49.90110774301276,-2607.0463535039994,0.031768031852246935
0.3375,79.13877460937499,40.69577197026982,0.01186122539062501,-0.17325140624999993,1.10565,-20.304238167467737,187.25178229823712,21.359794088059868,51.26857681567005,-2598.771093749999,0.03263858970200173
0.338,79.22526191681537,40.115457914442366,0.011774738083184633,-0.17269744527359998,1.1101888512,-20.20868599263589,194.92838645346723,21.272265432692866,52.58782542295113,-2590.4616791039994,0.033478449450065256
0.3385,79.31147167767654,39.5379357968871,0.011688528322323461,-0.17214122246759994,1.1146972896000003,-20.109338430679156,202.43309692598532,21.17745993865903,53.85818307746146,-2582.1183370139993,0.03428718425090504
0.339,79.39740276485249,38.96331311306501,0.011602597235147512,-0.17158275308159995,1.1191751424000003,-20.006281768523177,209.7645747675915,21.075532576600043,55.07905971808143,-2573.741296223999,0.03506441845994542
0.3395,79.48305405888365,38.39169487721437,0.011516945941116347,-0.1710220524516,1.1236222368000002,-19.89960293063009,216.92160848770538,20.96664307820005,56.249944749322594,-2565.3307867739995,0.03580982702200278
0.34,79.56842444799996,37.8231836049962,0.011431575552000039,-0.17045913599999998,1.1280384000000003,-19.789389415711685,223.90311228009898,20.850955639768273,57.370405956997,-2556.8870399999996,0.03652313478097916
0.3405,79.6535128281644,37.257879297936626,0.011346487171835609,-0.16989401923559996,1.1324234592000002,-19.67572923433745,230.70812421563357,20.72863862609648,58.44008830642406,-2548.4102885339994,0.03720411571477704
0.341,79.73831810311553,36.69587942965058,0.01126168189688447,-0.16932671775359995,1.1367772416000002,-19.558710847455117,237.33580440219657,20.599864275091058,59.458712629431766,-2539.9007663039993,0.03785259209941829
0.3415,79.8228391844115,36.13727893380384,0.011177160815588488,-0.16875724723559998,1.1410995744,-19.438423105838204,243.78543311337455,20.464808403656235,60.42607420650849,-2531.358708534,0.03846843360641401
0.342,79.90707499147265,35.582170193805126,0.011092925008527352,-0.16818562344959997,1.1453902848000004,-19.314955190477665,250.0564088869658,20.323650115295425,61.3420412504165,-2522.7843517439997,0.03905155633740294
0.3425,79.99102445162501,35.03064303418659,0.011008975548374988,-0.16761186224999997,1.1496492000000003,-19.188396553930975,256.1482465948411,20.176571509871817,62.20655329765045,-2514.1779337499997,0.03960192180012205
0.343,80.07468650014337,34.48278471365332,0.010925313499856636,-0.16703597957759994,1.1538761472,-19.058836862643464,262.06057548538445,20.02375739595662,63.01961951406908,-2505.539693663999,0.04011953582973825
0.3435,80.15806008029452,33.93867991977033,0.010841939919705479,-0.16645799145959997,1.1580709536000002,-18.926365940254872,267.79313719988625,19.865395006171653,63.781316921023866,-2496.8698718939995,0.04060444745956678
0.34400000000000003,80.24114414338048,33.398410765258895,0.010758855856619521,-0.16587791400959997,1.1622334464000001,-18.791073711903916,273.3457837642169,19.701673715915625,64.49178854825827,-2488.1687101439993,0.04105674774517037
0.34450000000000003,80.32393764878165,32.86205678587523,0.010676062351218344,-0.16529576342759994,1.1663634528000002,-18.65305014954311,278.71847555709144,19.532784765844504,65.15124151979117,-2479.4364514139993,0.04147656854579477
0.34500000000000003,80.40643956400004,32.329694939840074,0.01059356043599996,-0.16471155599999995,1.1704608000000003,-18.512385218274787,283.911279256272,19.35892098845651,65.75994507893114,-2470.6733399999994,0.04186408126705379
0.34550000000000003,80.48864886470237,31.80139960879198,0.010511351135297633,-0.1641253080996,1.1745253152000001,-18.369168823719495,288.92436576401263,19.180276539114843,66.31822855847744,-2461.879621494,0.04221949556871914
0.34600000000000003,80.5705645347635,31.27724260023139,0.0104294354652365,-0.16353703618559995,1.1785568256,-18.223490760426262,293.7580081130962,18.997046631820236,66.82647930207236,-2453.055542783999,0.042543058041412195
0.34650000000000003,80.65218556630947,30.757293151430144,0.010347814433690527,-0.16294675680359996,1.1825551584,-18.07544066133483,298.4125793547306,18.809427280029283,67.28514054254907,-2444.2013520539995,0.04283505085591831
0.34700000000000003,80.73351095976064,30.24161793477259,0.010266489040239359,-0.16235448658559995,1.1865201408000003,-17.925107948297907,302.88855042964985,18.617615042792906,67.69470924301058,-2435.3172987839994,0.043095790388775
0.34750000000000003,80.81453972387501,29.730281064498175,0.010185460276124991,-0.16176024224999996,1.1904516,-17.772581783671892,307.18648802372167,18.42180677647245,68.05573390624035,-2426.4036337499997,0.04332562582769942
0.34800000000000003,80.89527087579138,29.2233441048165,0.010104729124208615,-0.16116404060159994,1.1943493632000002,-17.61795102298343,311.30705240934077,18.222199392272174,68.3688123579039,-2417.4606090239995,0.043524937760330666
0.34850000000000003,80.97570344107253,28.72086607936217,0.01002429655892747,-0.16056589853159997,1.1982132576000004,-17.46130416867848,315.2509952739148,18.018989619807964,68.63458950885732,-2408.4884779739996,0.04369413674967113
0.34900000000000003,81.0558364537485,28.22290348195896,0.009944163546251498,-0.15996583301759995,1.2020431104000002,-17.302729324960033,319.0191575367213,17.812373776915198,68.85375510172389,-2399.4874952639993,0.04383366189951266
0.34950000000000003,81.13566895635967,27.72951028866341,0.009864331043640333,-0.15936386112359996,1.2058387488000004,-17.142314153720402,322.612467155396,17.60254754588066,69.02704144673609,-2390.4579168539994,0.04394397941302874
0.35000000000000003,81.21519999999998,27.240737971053775,0.00978480000000002,-0.15875999999999993,1.2096000000000005,-16.98014583157217,326.0319369233429,17.389705756265037,69.15522115167892,-2381.3999999999987,0.044025581147611584
0.35050000000000003,81.29442864436035,26.756635510733577,0.009705571355639644,-0.15815426688359996,1.2133266912,-16.816311007982485,329.2786622593173,17.174042174466642,69.23910485059629,-2372.3140032539995,0.04407898316892171
0.35100000000000003,81.37335395777153,26.277249415021544,0.009626646042228479,-0.15754667909759992,1.2170186496000002,-16.650895764514672,332.3538189903925,16.955749300161386,69.27953893574366,-2363.2001864639988,0.04410472430700412
0.35150000000000003,81.4519750172475,25.802623733790192,0.009548024982752494,-0.15693725405159994,1.2206757024000003,-16.483985575179343,335.25866112960546,16.735018169734104,69.2774032971005,-2354.058810773999,0.04410336471721726
0.35200000000000004,81.53029090852867,25.33280007742598,0.00946970909147133,-0.15632600924159995,1.2242976768,-16.315665267897884,337.9945186494599,16.512038166804498,69.23360907356434,-2344.890138623999,0.04407548444859864
0.35250000000000004,81.60830072612498,24.867817635877124,0.009391699273875016,-0.15571296224999998,1.2278844000000004,-16.146018987079966,340.5627952525186,16.286996839932936,69.14909641977081,-2335.6944337499995,0.044021682022178425
0.35300000000000004,81.68600357335937,24.407713198756348,0.00931399642664063,-0.15509813074559994,1.2314356992000004,-15.975130157316078,342.9649661402939,16.060079727577133,69.0248322922986,-2326.471961183999,0.04394257302163361
0.35350000000000004,81.76339856241054,23.952521176471347,0.00923660143758946,-0.15448153248359994,1.2349514016,-15.803081448186452,345.2025757815845,15.831470190357678,68.86180825882786,-2317.2229872539992,0.04383878869855502
0.35400000000000004,81.84048481435653,23.502273622342802,0.009159515185643476,-0.15386318530559995,1.2384313344000002,-15.62995474018471,347.2772356815005,15.601349250671426,68.66103833364141,-2307.947779583999,0.04371097459448457
0.35450000000000004,81.91726145921763,23.057000255686432,0.009082738540782368,-0.15324310713959996,1.2418753248000003,-15.455831091757535,349.19062215227103,15.369895439685124,68.42355684266604,-2298.646607093999,0.043559789181758325
0.35500000000000004,81.99372763600003,22.616728485819248,0.009006272363999973,-0.15262131599999992,1.2452832,-15.28079070745712,350.9444740870433,15.137284651720648,68.15041632106843,-2289.319739999999,0.043385902525074495
0.35550000000000004,82.06988249273837,22.181483436968467,0.00893011750726163,-0.15199782998759995,1.2486547872000002,-15.104912907207474,352.54059073772703,14.903690006040211,67.84268544623725,-2279.967449813999,0.043189994965588986
0.35600000000000004,82.14572518653954,21.75128797403778,0.008854274813460464,-0.15137266728959994,1.2519899136000001,-14.928276096678525,353.9808294981017,14.669281716014478,67.50144700879756,-2270.590009343999,0.04297275582922305
0.35650000000000004,82.22125488362549,21.326162729211987,0.008778745116374513,-0.15074584617959993,1.2552884064,-14.750957738768735,355.2671036931967,14.43422696565927,67.12779592412664,-2261.187692693999,0.04273488216075496
0.35700000000000004,82.29647075937669,20.906126129359563,0.008703529240623306,-0.15011738501759994,1.2585500928,-14.573034326190268,356.40138037608995,14.198689793503469,66.72283728665923,-2251.760775263999,0.04247707748515217
0.35750000000000004,82.371371998375,20.491194424207585,0.008628628001625005,-0.14948730224999995,1.2617748000000002,-14.394581355154454,357.3856781331571,13.96283098374775,66.28768446909754,-2242.3095337499994,0.042200050597490935
0.35800000000000004,82.44595779444735,20.081381715250647,0.008554042205552642,-0.14885561640959993,1.2649623552000002,-14.215673300151156,358.222064898865,13.726807964656778,65.82345726846545,-2232.834246143999,0.04190451438269769
0.35850000000000004,82.5202273507085,19.676699985371872,0.008479772649291499,-0.14822234611559992,1.2681125856000002,-14.036383589819584,358.91265578108795,13.490774714126331,65.33128010078333,-2223.3351917339987,0.04159118466624338
0.35900000000000004,82.5941798796045,19.27715912913518,0.008405820120395502,-0.14758751007359994,1.2712253184000004,-13.856784583902348,359.45961089802233,13.254881672346993,64.81228024596663,-2213.812651103999,0.04126077909681117
0.35950000000000004,82.66781460295564,18.882766983725855,0.008332185397044358,-0.14695112707559993,1.2743003808000002,-13.676947551278962,359.8651332276506,13.019275661486997,64.26758614439711,-2204.266906133999,0.04091401606186002
0.36000000000000004,82.741130752,18.4935293605014,0.008258869247999989,-0.14631321599999994,1.2773376,-13.496942649070238,360.1314664707803,12.784099812299898,63.69832574645149,-2194.6982399999993,0.04055161363690199
0.36050000000000004,82.81412756743636,18.109450077129008,0.008185872432563643,-0.14567379581159992,1.2803368032000004,-13.31683890280848,360.2608929285743,12.549493497562688,63.105624916124626,-2185.1069371739986,0.04017428856921724
0.36100000000000004,82.88680429946753,17.730530990274012,0.008113195700532478,-0.14503288556159993,1.2832978176000003,-13.136704187664568,360.2557313955514,12.315592272235577,62.49060588972978,-2175.493283423999,0.039782755296632014
0.36150000000000004,82.95916020784347,17.356772028812173,0.008040839792156529,-0.14439050438759993,1.2862204704000002,-12.9566052107248,360.1183350689581,12.082527820232439,61.854385790517846,-2165.857565813999,0.03937772500189603
0.36200000000000004,83.03119456190463,16.98817122753347,0.007968805438095368,-0.14374667151359993,1.2891045888000003,-12.776607494308315,359.8510894754322,11.85042790768086,61.19807519991262,-2156.200072703999,0.0389599047031025
0.36250000000000004,83.102906640625,16.624724761310567,0.007897093359375006,-0.14310140624999995,1.2919500000000004,-12.596775360317235,359.4564104158212,11.619416342548073,60.52277678592926,-2146.521093749999,0.03852999638051222
0.36300000000000004,83.17429573265537,16.266426979699876,0.007825704267344639,-0.14245472799359993,1.2947565312000002,-12.417171915609316,358.9367419290387,11.389612940499704,59.82958398920624,-2136.820919903999,0.03808869614005557
0.3635,83.24536113636653,15.913270441947507,0.007754638863633474,-0.1418066562276,1.2975240095999998,-12.23785903838384,358.2945542757862,11.16113349685535,59.11957976695796,-2127.0998434139997,0.037636693413707845
0.364,83.31610215989247,15.565245952370622,0.00768389784010754,-0.14115721052160002,1.3002522624,-12.058897365570443,357.53234194296857,10.934089764499216,58.39383539503308,-2117.3581578240005,0.037174670196855976
0.3645,83.3865181211736,15.222342596085996,0.007613481878826409,-0.14050641053159998,1.3029411167999998,-11.880346281210482,356.6526216696009,10.7085894375996,57.65340932814679,-2107.5961579739997,0.036703300322699806
0.365,83.456608348,14.88454777505697,0.007543391651999993,-0.13985427599999997,1.3055904,-11.702263905819727,355.657930494986,10.484736140986653,56.8993461182425,-2097.8141399999995,0.03622324877365977
0.3655,83.52637217805436,14.551847244433043,0.007473627821945641,-0.1392008267556,1.3081999392,-11.524707086721959,354.55082382991077,10.262629425035879,56.1326753908354,-2088.0124013339996,0.03573517102969697
0.366,83.59580895895549,14.224225149149298,0.007404191041044514,-0.1385460827136,1.3107695616000001,-11.347731389339774,353.3338735516159,10.042364765896217,55.35441087907654,-2078.191240704,0.03523971245337928
0.3665,83.66491804830147,13.901664060764116,0.007335081951698532,-0.13789006387560002,1.3132990943999998,-11.171391089432742,352.00966612322964,9.824033570906263,54.56554951519536,-2068.3509581340004,0.03473750771147566
0.367,83.7336988137126,13.584145014506456,0.007266301186287389,-0.13723279032960004,1.3157883648000002,-10.995739166269832,350.58080073836476,9.607723189034232,53.767070578874645,-2058.4918549440004,0.03422918023279486
0.3675,83.80215063287501,13.27164754650242,0.007197849367124993,-0.13657428225,1.3182372,-10.820827296721863,349.0498874915537,9.393516926173513,52.959934902018766,-2048.6142337500005,0.03371534170192511
0.368,83.87027289358338,12.964149731162102,0.00712972710641663,-0.1359145598976,1.3206454271999999,-10.646705850263784,347.41954557515055,9.181494065131375,52.14508412931296,-2038.7183984640003,0.0331965915884916
0.3685,83.93806499378452,12.66162821869292,0.0070619350062154805,-0.13525364361960002,1.3230128736,-10.473423884870243,345.6924015033392,8.971729890136242,51.32344003386481,-2028.8046542940003,0.03267351671148023
0.369,84.00552634162048,12.364058272720186,0.00699447365837952,-0.13459155384960003,1.3253393664000002,-10.301029143793142,343.87108736383465,8.764295715697116,50.495903887170016,-2018.8733077440006,0.03214669083814545
0.3695,84.07265635547166,12.071413807987028,0.00692734364452833,-0.1339283111076,1.3276247328,-10.129568053206107,341.95823909785906,8.559258919641795,49.66335588255872,-2008.924666614,0.031616674316964716
0.37,84.139454464,11.78366742810977,0.006860545536000004,-0.133263936,1.3298688,-9.959085720701877,339.95649480894514,8.356682980161905,48.82665461121901,-1998.95904,0.03108401374406477
0.3705,84.20592010619237,11.50079046336285,0.0067940798938076336,-0.13259844921960004,1.3320713952,-9.789625934627377,337.8684931010976,8.156627516690936,47.98663658982886,-1988.9767382940006,0.030549241662502703
0.371,84.27205273140353,11.222753008473436,0.006727947268596468,-0.1319318715456,1.3342323455999998,-9.621231164243275,335.6968714468152,7.959148334444917,47.14411583878116,-1978.9780731839999,0.03001287629375575
0.3715,84.3378517993995,10.94952396039772,0.006662148200600497,-0.13126422384359998,1.3363514784,-9.453942560691111,333.4442645854641,7.764297472449607,46.29988350991718,-1968.9633576539998,0.02947542130072901
0.372,84.40331678040062,10.681071056059352,0.006596683219599382,-0.13059552706560001,1.3384286207999998,-9.287799958754011,331.11330295245386,7.572123254883886,45.45470756265007,-1958.9329059840002,0.028937365581569268
0.3725,84.46844715512503,10.417360910024701,0.0065315528448749655,-0.12992580224999997,1.3404635999999999,-9.122841879394405,328.7066111396589,7.38267034556544,44.60933248730365,-1948.8870337499995,0.028399183093537003
0.373,84.53324241483135,10.158359052097945,0.006466757585168645,-0.1292550705216,1.3424562431999998,-8.95910553305516,326.2268063874975,7.195979805410937,43.7644790744664,-1938.8260578240001,0.027861332706172578
0.3735,84.59770206136251,9.904029964805538,0.006402297938637482,-0.1285833530916,1.3444063776,-8.796626823704282,323.6764971090528,7.012089152694292,42.92084422909326,-1928.7502963739996,0.027324258082949773
0.374,84.6618256071885,9.654337120759422,0.006338174392811493,-0.1279106712576,1.3463138304,-8.63544035361179,321.0582814466108,6.831032425941395,42.07910082809714,-1918.660068864,0.026788387590615706
0.3745,84.7256125754497,9.409243019870306,0.006274387424550296,-0.1272370464036,1.3481784287999998,-8.475579428838843,318.37474586095,6.652840249288183,41.23989762010075,-1908.555696054,0.0262541342353709
0.375,84.7890625,9.168709226394629,0.0062109374999999994,-0.1265625,1.3499999999999999,-8.31707606542444,315.6284637537063,6.4775399001389165,40.40385916601942,-1898.4375,0.0257218956250431
0.3755,84.85217492545036,8.932696405792932,0.006147825074549651,-0.1258870536036,1.3517783712000002,-8.159960996251822,312.8219941231065,6.305155378958683,39.57158581910733,-1888.305804054,0.025192053956384318
0.376,84.91494940721152,8.701164361384993,0.006085050592788481,-0.12521072885759998,1.3535133696,-8.004263678580102,309.9578802533483,6.1357074810417185,38.74365374309818,-1878.1609328639995,0.024664976026619552
0.3765,84.97738551153748,8.474072070777323,0.00602261448846253,-0.12453354749159999,1.3552048224,-7.850012302221439,307.0386484378706,5.969213870091356,37.920614967028,-1868.0032123739998,0.02414101326834807
0.377,85.03948281556868,8.251377722047957,0.005960517184431318,-0.12385553132159999,1.3568525568,-7.69723379834842,304.0668067367412,5.805689153456864,37.1029974753377,-1857.832969824,0.023620501806904438
0.3775,85.101240907375,8.033038749671228,0.0058987590926250005,-0.12317670224999998,1.3584564,-7.545953848914679,301.04484376837206,5.6451449588723674,36.291305331834586,-1847.6505337499998,0.023103762539274923
0.378,85.16265938599936,7.819011870161806,0.005837340614000634,-0.12249708226560001,1.3600161792,-7.396196896669939,297.9752275357303,5.487590012543322,35.486018836074976,-1837.4562339840002,0.022591101233653755
0.3785,85.22373786150047,7.609253117426351,0.005776262138499537,-0.12181669344360002,1.3615317216,-7.247986155754673,294.86040428721844,5.333030218434772,34.68759471074721,-1827.2504016540004,0.02208280864873481
0.379,85.28447595499647,7.403717877800605,0.005715524045003528,-0.12113555794559999,1.3630028544000001,-7.101343622854182,291.7027974123414,5.181468738610776,33.896466318603586,-1817.0333691839999,0.021579160671814805
0.3795,85.34487329870765,7.202360924762318,0.005655126701292348,-0.12045369801959999,1.3644294048,-6.956290088897704,288.5048063722945,5.03290607448603,33.1130439075223,-1806.8054702939996,0.02108041847480457
0.38,85.40492953600004,7.005136453298481,0.005595070463999958,-0.11977113599999999,1.3658112,-6.812845151281988,285.26880566553757,4.887340148845025,32.33771488224954,-1796.5670399999997,0.02058682868722545
0.3805,85.46464432142837,6.811998113916953,0.005535355678571632,-0.11908789430759999,1.3671480672,-6.671027226604286,281.9971438284464,4.744766388495338,31.57084410140849,-1786.318414614,0.020098623585291076
0.381,85.52401732077955,6.62289904628481,0.005475982679220452,-0.1184039954496,1.3684398335999999,-6.5308535638855,278.69214247107004,4.605177807419119,30.812774198345995,-1776.0599317439999,0.01961602129616471
0.3815,85.58304821111548,6.437791912483154,0.0054169517888845225,-0.11771946201959999,1.3696863264,-6.39234025826776,275.3560953480376,4.468565090295251,30.06382592441802,-1765.7919302939997,0.01913922601650159
0.382,85.6417366808166,6.256628929860446,0.0053582633191833874,-0.11703431669759999,1.3708873728,-6.2555022651664585,271.9912674645941,4.334916676262397,29.32429851330277,-1755.514750464,0.018668428244377817
0.3825,85.70008242962498,6.0793619034757285,0.00529991757037501,-0.11634858225,1.3720427999999998,-6.120353414861334,268.5998942177679,4.204218842803057,28.59447006497061,-1745.22873375,0.01820380502373321
0.383,85.7580851686873,5.905942258117934,0.005241914831312706,-0.1156622815296,1.3731524352,-5.986906427508311,265.18418057262386,4.076455789628448,27.874597947939275,-1734.9342229439999,0.017745520200454952
0.3835,85.81574462059858,5.736321069887191,0.005184255379401427,-0.11497543747559999,1.3742161056,-5.855172928553254,261.7463002735269,3.951609722447137,27.164919218457744,-1724.6315621339998,0.017293724689238305
0.384,85.87306051944448,5.570449097333188,0.005126939480555519,-0.11428807311359997,1.3752336384000001,-5.725163464533711,258.288395090377,3.8296609365105474,26.465651055309163,-1714.3210967039995,0.01684855675039076
0.3845,85.93003261084561,5.408276812129621,0.00506996738915439,-0.11360021155559999,1.3762048608,-5.596887519245493,254.81257409964604,3.710587899820267,25.776991208892472,-1704.0031733339997,0.01641014227572627
0.385,85.986660652,5.249754429285907,0.005013339348000008,-0.11291187599999997,1.3771296,-5.470353530263128,251.32091300017277,3.594367335901741,25.09911846333312,-1693.6781399999993,0.01597859508275409
0.3855,86.04294441172637,5.094831936878201,0.004957055588273631,-0.11222308973159999,1.3780076831999999,-5.345568905792315,247.8154534635228,3.4809743060386245,24.43219311033633,-1683.3463459739999,0.015554017216343103
0.386,86.09888367050753,4.943459125293047,0.004901116329492465,-0.1115338761216,1.3788389375999999,-5.222540041838558,244.29820251876566,3.3703822908738843,23.776357433555194,-1673.008141824,0.015136499257080159
0.3865,86.1544782205335,4.795585615975462,0.004845521779466492,-0.11084425862759999,1.3796231904,-5.101272339675192,240.7711319714989,3.2625632712862496,23.131736202267263,-1662.663879414,0.014726120635554325
0.387,86.20972786574467,4.651160889672394,0.004790272134255335,-0.11015426079359998,1.3803602687999998,-4.9817702235933226,237.23617785691394,3.1574878084536793,22.49843717317679,-1652.3139119039997,0.014322949951814138
0.3875,86.26463242187502,4.510134314163644,0.004735367578124983,-0.10946390624999998,1.3810499999999999,-4.864037158916631,233.69523992668573,3.05512512301997,21.876551599191153,-1641.9585937499996,0.01392704529926472
0.388,86.31919171649535,4.372455171473314,0.004680808283504651,-0.10877321871359999,1.3816922112,-4.748075670264452,230.1501811694552,2.9554431732850133,21.266154744051796,-1631.598280704,0.013538454592292016
0.3885,86.37340558905655,4.238072684554366,0.00462659441094345,-0.10808222198759998,1.3822867296,-4.633887360046063,226.60282736464646,2.8584087323425473,20.667306401728247,-1621.2333298139997,0.013157215896919294
0.389,86.42727389093245,4.1069360434412685,0.0045727261090675415,-0.10739093996159998,1.3828333824,-4.521472927170433,223.05496666936403,2.763987464094622,20.08005141952235,-1610.8640994239997,0.012783357763825647
0.3895,86.4807964854636,3.9789944308617984,0.004519203514536398,-0.1066993966116,1.3833319968000002,-4.410832185953061,219.50834923804769,2.6721439980728157,19.50442022384705,-1600.490949174,0.01241689956306716
0.39,86.53397324799994,3.8541970473068106,0.0044660267520000565,-0.106007616,1.3837824,-4.301964085206289,215.96468687462954,2.582842003005454,18.940429347703436,-1590.1142399999999,0.01205785181987922
0.3905,86.58680406594443,3.7324931355487454,0.004413195934055567,-0.10531562227559998,1.3841844192,-4.194866727494246,212.42565271682463,2.496044259067935,18.388081958883912,-1579.7343341339997,0.011706216550941107
0.391,86.63928883879557,3.6138320046088306,0.0043607111612044315,-0.1046234396736,1.3845378816,-4.089537388539283,208.89288095227099,2.4117127287633546,17.847368387994294,-1569.351595104,0.011361987600525297
0.3915,86.69142747819144,3.498163053162659,0.004308572521808553,-0.10393109251559995,1.3848426144,-3.985972536760035,205.3679665660907,2.3298086263769164,17.31826665538521,-1558.9663877339995,0.011025150975952407
0.392,86.74321990795266,3.3854357923872613,0.00425678009204733,-0.10323860520959999,1.3850984447999999,-3.884167852929845,201.85246511958735,2.2502924859606326,16.80074299616425,-1548.5790781439998,0.010695685181824321
0.3925,86.79466606412497,3.2755998682438046,0.004205333935875029,-0.10254600224999998,1.3853052,-3.7841182499383534,198.3478925596646,2.173124227801913,16.294752382462757,-1538.1900337499997,0.010373561552509545
0.393,86.84576589502335,3.1686050831897608,0.004154234104976653,-0.10185330821759998,1.3854627071999999,-3.6858178926387217,194.85572505852616,2.0982632233328786,15.800239042164215,-1527.7996232639996,0.010058744582375954
0.3935,86.89651936127451,3.0644014173249534,0.004103480638725481,-0.10116054777959997,1.3855707936,-3.5892602177698585,191.3773988833305,2.0256683584480264,15.317136973373302,-1517.4082166939995,0.009751192253311976
0.394,86.9469264358605,2.9629390489635736,0.0040530735641395,-0.10046774568959997,1.3856292864,-3.494437953934805,187.91431029529986,1.955298095192565,14.84537045389565,-1507.0161853439995,0.009450856359071468
0.3945,86.99698710416165,2.8641683746345454,0.004003012895838349,-0.09977492678759997,1.3856380128,-3.4013431416231894,184.46781547789425,1.8871105317941703,14.384854545069079,-1496.6239018139995,0.009157682826022645
0.395,87.04670136400001,2.7680400285068734,0.00395329863599998,-0.09908211599999997,1.3855967999999999,-3.3099671532617485,181.03923049356933,1.821063461010121,13.93549558930155,-1486.2317399999995,0.008871612029890586
0.3955,87.09606922568236,2.6745049012413533,0.0039039307743176364,-0.09838933833959997,1.3855054752,-3.220300713280135,177.62983126868423,1.7571144267681886,13.497191700722375,-1475.8400750939995,0.008592579108115487
0.396,87.14509071204355,2.583514158266393,0.0038549092879564518,-0.09769661890559996,1.3853638656,-3.1323339181766223,174.24085360605403,1.6952207790802256,13.069833248374332,-1465.4492835839994,0.008320514267462314
0.3965,87.1937658584895,2.4950192574802466,0.0038062341415105072,-0.09700398288359997,1.3851717984,-3.046056256571503,170.87349322469439,1.6353397272134877,12.653303331424802,-1455.0597432539996,0.008055343086549616
0.397,87.24209471304064,2.408971966377836,0.003757905286959362,-0.09631145554559997,1.3849291008,-2.9614566292330005,167.52890582622106,1.5774283911048639,12.247478245892827,-1444.6718331839995,0.0077969868129771965
0.3975,87.29007733637502,2.325324378605422,0.0037099226636249805,-0.09561906224999997,1.3846356000000002,-2.8785233690641663,164.2082071874375,1.5214438510094817,11.852227942441061,-1434.2859337499995,0.007545362654765515
0.398,87.33771380187137,2.2440289299431795,0.0036622861981286323,-0.09492682844159997,1.3842911232,-2.7972442610368624,160.91247327856877,1.467343195375708,11.467416474802478,-1423.9024266239994,0.007300384065833006
0.3985,87.3850041956525,2.1650384137172622,0.003614995804347503,-0.09423477965159996,1.3838954976,-2.7176065620600625,157.64274040661508,1.4150835669423374,11.092902438450164,-1413.5216947739993,0.007061961025261931
0.399,87.43194861662849,2.088305995643934,0.003568051383371511,-0.09354294149759997,1.3834485504,-2.6395970207704464,154.40000538329394,1.364622207057018,10.728539399154101,-1403.1441224639996,0.0068300003101261116
0.3995,87.47854717653962,2.0137852281085977,0.0035214528234603737,-0.09285133968359997,1.3829501088,-2.5632018972334185,151.18522571703798,1.3159164982175835,10.37417631110133,-1392.7700952539997,0.006604405761674483
0.4,87.52480000000003,1.9414300638805766,0.0034751999999999717,-0.09215999999999996,1.3823999999999999,-2.4884069825412647,147.99931982845527,1.2689240048391828,10.029657924279284,-1382.3999999999994,0.006385078544679386
0.4005,87.57070722454039,1.871194869269624,0.0034292927754596115,-0.09146894832359997,1.3817980511999999,-2.4151976182990356,144.84316728874882,1.2236025122557386,9.694825180871879,-1372.0342248539996,0.006171917399790151
0.401,87.61626900065151,1.803034436724532,0.0033837309993484865,-0.09077821061759997,1.3811440896,-2.3435587159844937,141.71760908046457,1.1799100639628746,9.369515600426023,-1361.6731592639994,0.005964818888737717
0.4015,87.66148549182749,1.7369039968798,0.0033385145081725118,-0.09008781293159997,1.3804379424,-2.2734747761728062,138.62344788003816,1.1378049971152613,9.05356365359669,-1351.3171939739993,0.005763677632268133
0.402,87.70635687460867,1.6727592300537633,0.003293643125391332,-0.08939778140159996,1.3796794367999998,-2.204929907614751,135.5614483615446,1.0972459762917302,8.746801124296976,-1340.9667210239993,0.005568386540694446
0.4025,87.75088333862504,1.6105562772018869,0.0032491166613749555,-0.08870814224999996,1.3788684,-2.137907846157468,132.53233752104953,1.0581920255436912,8.449057460108179,-1330.6221337499992,0.005378837036974684
0.403,87.79506508663941,1.5502517503306557,0.0032049349133605885,-0.08801892178559996,1.3780046591999997,-2.0723919734982097,129.53680502098317,1.0206025587453733,8.16016011083816,-1320.2838267839993,0.005194919272244807
0.4035,87.83890233459053,1.4918027423767877,0.0031610976654094713,-0.08733014640359997,1.3770880416,-2.00836533576108,126.57550355393717,0.9844374082657716,7.879934855139556,-1309.9521960539994,0.0050165223337503145
0.404,87.88239531163647,1.435166836556596,0.003117604688363524,-0.08664184258559995,1.3761183744,-1.9458106618868927,123.64904922526826,0.9496568519839351,7.608206115124601,-1299.6276387839994,0.004843534445136265
0.4045,87.92554426019765,1.3803021151917785,0.003074455739802344,-0.08595403689959995,1.3750954848,-1.8847103818275297,120.75802195392323,0.9162216386717429,7.344797258943182,-1289.3105534939991,0.004675843159074444
0.405,87.96834943599997,1.3271671680166974,0.0030316505640000367,-0.08526675599999996,1.3740192,-1.8250466445353108,117.90296589085614,0.8840930117690967,7.089530891309307,-1279.0013399999993,0.004513335542218267
0.4055,88.01081110811835,1.2757210999728492,0.0029891888918816534,-0.08458002662759996,1.3728893472,-1.7668013357384724,115.08438985441578,0.8532327315782748,6.842229131986013,-1268.7003994139993,0.00435589835249177
0.406,88.0529295590195,1.2259235384982505,0.002947070440980504,-0.08389387560959995,1.3717057536,-1.7099560954956599,112.30276778212468,0.8236030959067362,6.602713882268122,-1258.4081341439992,0.004203418208737801
0.40650000000000003,88.09470508460552,1.1777346403161835,0.002905294915394485,-0.08320832985959997,1.3704682464,-1.6544923355197216,109.5585391981782,0.7951669591869626,6.3708070795100635,-1248.1249478939994,0.004055781752755472
0.40700000000000003,88.13613799425666,1.1311150977319568,0.002863862005743343,-0.08252341637759995,1.3691766527999998,-1.6003912562647198,106.85210969609253,0.7678877501055571,6.146330939781979,-1237.8512456639994,0.003912875803779826
0.40750000000000003,88.17722861087498,1.0860261444426877,0.0028227713891250247,-0.08183916224999996,1.3678308,-1.5476338637671434,104.18385143582958,0.7417294877727539,5.9291081887418855,-1227.5874337499995,0.003774587505459622
0.40800000000000003,88.2179772709274,1.042429560868906,0.0027820227290725973,-0.08115559464959995,1.3664305151999998,-1.4962009862356562,101.55410365481842,0.7166567964666833,5.718962280844271,-1217.3339197439993,0.0036408044654098635
0.40850000000000003,88.25838432448852,1.0002876790148256,0.0027416156755114772,-0.08047274083559995,1.3649756255999996,-1.4460732903822162,98.9631731922405,0.6926349189864648,5.515717607014762,-1207.0911125339994,0.003511414887421599
0.40900000000000003,88.2984501352845,0.9595633868633189,0.0027015498647154955,-0.07979062815359995,1.3634659584,-1.3972312974867696,96.41133502590675,0.6696297286485656,5.319199690932985,-1196.8594223039993,0.003386307696419466
0.40950000000000003,88.33817508073565,0.9202201323160695,0.002661824919264344,-0.07910928403559996,1.3619013407999998,-1.3496553991918405,93.89883282118824,0.6476077399641114,5.129235374098609,-1186.6392605339993,0.003265372656278403
0.41000000000000003,88.37755955199994,0.8822219266841449,0.002622440448000063,-0.07842873599999997,1.3602816,-1.3033258730188353,91.42587949129776,0.6265361180324671,4.945652989848593,-1176.4310399999995,0.00314850048060646
0.41050000000000003,88.4166039540164,0.8455333477382159,0.00258339604598361,-0.07774901165159996,1.3586065632,-1.2582228976015868,88.9926577683358,0.6063826866892543,4.768282526522693,-1166.2351747739995,0.0030355829366191926
0.41100000000000003,88.45530870554751,0.8101195423274979,0.0025446912944524945,-0.07707013868159994,1.3568760576,-1.2143265676327615,86.59932078451266,0.5871159354473025,4.596955779986082,-1156.0520802239992,0.002926512942238577
0.41150000000000003,88.49367423922351,0.7759462285728719,0.002506325760776491,-0.07639214486759995,1.3550899103999998,-1.171616908515553,84.24599266283238,0.5687050252674485,4.431506495714337,-1145.8821730139991,0.002821184656547119
0.41200000000000003,88.53170100158462,0.7429796976464098,0.0024682989984153815,-0.07571505807359995,1.3532479488,-1.1300738907195425,81.93276911674913,0.551119793200141,4.271770500684061,-1135.7258711039992,0.0027194935637520363
0.41250000000000003,88.56938945312501,0.7111868151424313,0.0024306105468749895,-0.07503890624999994,1.3513499999999998,-1.089677443833213,79.65971805806646,0.5343307559351473,4.117585825293031,-1125.5835937499992,0.002621336550802029
0.41300000000000003,88.60674006833534,0.6805350220515587,0.002393259931664655,-0.07436371743359994,1.3493958911999997,-1.0504074703117003,77.42688021256524,0.5183091123002826,3.9687928155681513,-1115.455761503999,0.002526611978821089
0.41350000000000003,88.64375333574647,0.6509923353443888,0.002356246664253536,-0.07368951974759995,1.3473854495999997,-1.012243858914014,75.23426974267684,0.5030267447475704,3.8252342359075597,-1105.3427962139992,0.00243521974851615
0.41400000000000003,88.6804297579725,0.6225273481752344,0.0023195702420274952,-0.07301634140159995,1.3453185023999998,-0.9751664978277932,73.08187487665496,0.488456219867313,3.6867553626257674,-1095.2451210239992,0.002347061359729776
0.41450000000000004,88.7167698517537,0.5951092297145137,0.002283230148246309,-0.07234421069159995,1.3431948767999997,-0.939155287478113,70.96965854363476,0.4745707879695208,3.5532040685692845,-1085.1631603739993,0.002262039965308142
0.41500000000000004,88.75277414800003,0.5687077246181858,0.002247225851999968,-0.07167315599999995,1.3410144,-0.9041901530168514,68.89755901395922,0.46134438177196574,3.4244308990745824,-1075.0973399999991,0.0021800604194573726
0.41550000000000004,88.78844319183436,0.5432931521443729,0.0022115568081656446,-0.07100320579559993,1.3387768992,-0.870251056491065,66.86549054422304,0.4487516142348663,3.300289139552069,-1065.048086933999,0.002101029320768839
0.41600000000000004,88.82377754263555,0.5188364049260066,0.0021762224573644495,-0.07033438863359996,1.3364822015999995,-0.8373180086877876,64.87334402643776,0.4367677755813094,3.1806348749781224,-1055.0158295039996,0.002024855050092963
0.41650000000000004,88.85877777408152,0.4953089474088537,0.0021412222259184774,-0.06966673315559994,1.3341301343999996,-0.805371080653384,62.92098764074504,0.42536882954251287,3.0653270415824,-1045.000997333999,0.0019514478034443794
0.41700000000000004,88.89344447419262,0.4726828139639641,0.0021065555258073763,-0.06900026808959996,1.3317205248,-0.7743904148855255,61.008267511096214,0.41453140886654405,2.954227471018611,-1035.0040213439993,0.0018807196201219237
0.41750000000000004,88.92777824537498,0.4509306066842992,0.002072221754625021,-0.06833502224999995,1.3292532,-0.7443562361967958,59.135008363350124,0.40423281012909273,2.8472009273116248,-1025.0253337499992,0.0018125844062298932
0.41800000000000004,88.96177970446338,0.4300254928750862,0.0020382202955366146,-0.06767102453759995,1.3267279871999997,-0.7152488622490032,57.301014185240405,0.3944509878843397,2.7441151368738144,-1015.0653680639991,0.0017469579537870421
0.41850000000000004,88.99544948276453,0.4099412022468918,0.0020045505172354705,-0.06700830393959994,1.3241447135999995,-0.6870487137569251,55.50606888764348,0.3851645481932375,2.644840811881549,-1005.1245590939992,0.0016837579556085206
0.41900000000000004,89.02878822610047,0.39065202382102765,0.001971211773899526,-0.06634688952959994,1.3215032063999999,-0.6597363243611024,53.74993696661248,0.3763527415662915,2.5492516673050085,-995.203342943999,0.001622904016147392
0.41950000000000004,89.06179659485161,0.3721328025571251,0.0019382034051483909,-0.06568681046759994,1.3188032927999995,-0.6332923501698172,52.032364165661065,0.36799545535747646,2.457224431884666,-985.3021570139991,0.0015643176584824755
0.42000000000000004,89.09447526400001,0.3543589357118966,0.001905524735999995,-0.06502809599999994,1.3160447999999996,-0.6076975789697627,50.35307813775111,0.36007320564492634,2.3686388533427394,-975.421439999999,0.0015079223276360638
0.42050000000000004,89.12682492317242,0.33730636893893257,0.0018731750768275822,-0.06437077545959995,1.3132275552,-0.5829329391060787,48.711789106485895,0.3525671286337992,2.283377698119566,-965.5616318939992,0.0014536433904060902
0.42100000000000004,89.15884627668348,0.3209515921387545,0.0018411537233165198,-0.06371487826559996,1.3103513855999995,-0.558979508032005,47.1081905259899,0.34545897161574657,2.2013267459196073,-955.7231739839993,0.001401408131894009
0.42150000000000004,89.19054004357953,0.30527163506832594,0.001809459956420465,-0.06306043392359995,1.3074161183999997,-0.5358185205286551,45.541959738963676,0.33873108351872655,2.122374779348762,-945.9065088539992,0.001351145748907705
0.42200000000000004,89.2219069576806,0.2902440627207451,0.0017780930423193996,-0.062407472025599944,1.3044215807999997,-0.5134313765973764,44.01275863249249,0.332366405080811,2.04641356892788,-936.1120803839991,0.0013027873404207967
0.42250000000000004,89.25294776762503,0.2758469704821897,0.0017470522323749726,-0.06175602224999994,1.3013675999999996,-0.4917996490233853,42.52023429100953,0.3263484586793099,1.9733378537475472,-926.340333749999,0.0012562658952570951
0.42300000000000004,89.28366323691128,0.2620589790782249,0.0017163367630887193,-0.061106114361599934,1.2982540031999996,-0.47090509061525804,41.06401964608876,0.32066133784791395,1.90304531804708,-916.591715423999,0.0012115162771803236
0.42350000000000004,89.3140541439426,0.24885922931603008,0.0016859458560574048,-0.060457778211599957,1.2950806175999998,-0.4507296411189233,39.64373412246222,0.3152896965113895,1.8354365639715875,-906.8666731739994,0.0011684752075507277
0.42400000000000004,89.34412128206854,0.23622737663457552,0.001655878717931456,-0.059811043737599955,1.2918472703999997,-0.43125543381127496,38.25898427996397,0.31021873796883465,1.7704150807802956,-897.1656560639993,0.001127081245722485
0.42450000000000004,89.37386545962964,0.22414358546911958,0.0016261345403703585,-0.05916594096359994,1.2885537887999996,-0.4124648017723582,36.90936445080673,0.30543420365331464,1.707887210748778,-887.4891144539992,0.0010872747673363904
0.42500000000000004,89.40328749999998,0.21258852344148155,0.0015967125000000237,-0.05852249999999994,1.2852,-0.39434028384120307,35.59445737189303,0.30092236169693404,1.647762112025002,-877.8374999999992,0.001048997940673282
0.42550000000000004,89.43238824163032,0.20154335538395335,0.0015676117583696757,-0.057880751043599944,1.2817857311999996,-0.37686463025655226,34.313834811678575,0.2966699953280564,1.5899517186771714,-868.2112656539991,0.0010121947012197057
0.42600000000000005,89.46116853809147,0.1909897372060228,0.0015388314619085273,-0.05724072437759993,1.2783108095999995,-0.3600208079855153,33.06705819119264,0.29266439112704207,1.534370698171125,-858.6108656639989,0.0009768107245971885
0.42650000000000005,89.48962925811749,0.18090980961291203,0.0015103707418825073,-0.05660245037159993,1.2747750623999998,-0.34379200574329866,31.853679198827788,0.2888933271659184,1.4809364065081043,-849.0367555739989,0.0009427933980020533
0.42700000000000005,89.51777128564864,0.17128619168480763,0.0014822287143513612,-0.05596595948159994,1.2711783167999997,-0.32816163870731174,30.673240398521482,0.2853450610564438,1.4295688412466911,-839.4893922239991,0.0009100917902982557
0.42750000000000005,89.54559551987494,0.16210197432515688,0.00145440448012506,-0.05533128224999994,1.2675203999999995,-0.31311335292863934,29.525275830937208,0.2820083179299414,1.380190592623747,-829.969233749999,0.0008786566209000071
0.42800000000000005,89.57310287527935,0.15334071358702406,0.0014268971247206608,-0.05469844930559994,1.2638011391999997,-0.2986310294449286,28.409311607310293,0.2788722783716078,1.3327267929854096,-820.476739583999,0.0008484402275785483
0.42850000000000005,89.60029428168059,0.14498642388594712,0.0013997057183194083,-0.05406749136359994,1.2600203615999996,-0.2846987880983774,27.324866495607797,0.27592656633088625,1.2871050647297828,-811.0123704539991,0.0008193965333214355
0.42900000000000005,89.62717068427659,0.13702357110740765,0.0013728293157234095,-0.05343843922559994,1.2561778943999995,-0.271300991062402,26.271452498648664,0.27316123702847833,1.2432554669544436,-801.576588383999,0.000791481012367289
0.4295,89.65373304368777,0.12943706561744212,0.0013462669563122276,-0.05281132377960001,1.2522735647999998,-0.25842224608138153,25.248575423877025,0.27056676487981574,1.2011104409969056,-792.1698566940001,0.0007646506555357754
0.43,89.67998233600002,0.12221225518457911,0.0013200176639999838,-0.052186176,1.2483072000000002,-0.24604740942776648,24.255735444480187,0.26813403145379455,1.1606047550475416,-782.79264,0.0007388639349670985
0.4305,89.70591955280831,0.11533491782091679,0.0012940804471916856,-0.05156302694760001,1.2442786272,-0.23416158858067573,23.292427651537814,0.26585431348455435,1.121675448005596,-773.4454042140002,0.0007140807683796273
0.431,89.73154570125953,0.10879125455056174,0.0012684542987404601,-0.050941907769599996,1.2401876736,-0.22275014463092754,22.358142596937885,0.2637192709533436,1.084261772743906,-764.128616544,0.0006902624829510956
0.4315,89.75686180409545,0.10256788211303224,0.0012431381959045495,-0.05032284969960001,1.2360341664,-0.21179869441698557,21.45236682677527,0.2617209352564217,1.0483051389378861,-754.8427454940002,0.0006673717789224029
0.432,89.7818688996966,0.09665182560900991,0.001218131100303399,-0.0497058840576,1.2318179327999998,-0.2012931123962934,20.574583404951298,0.2598516974740274,1.0137490556061661,-745.588260864,0.000645372693017848
0.4325,89.80656804212501,0.09103051109652345,0.0011934319578749974,-0.04909104225000001,1.2275388,-0.1912195322577265,19.724272426771343,0.2581042967548054,0.9805390735069938,-736.36563375,0.0006242305617735416
0.433,89.83096030116727,0.08569175814447233,0.0011690396988327388,-0.04847835576960001,1.2231965952000001,-0.18156434827964146,18.900911522270892,0.25647180882886766,0.9486227275216508,-727.1753365440001,0.0006039119848575475
0.4335,89.85504676237855,0.08062377235064937,0.0011449532376214577,-0.0478678561956,1.2187911456,-0.172314216438633,18.103976349042394,0.25494763466192943,0.9179494791505614,-718.0178429340001,0.0005843847884617702
0.434,89.87882852712443,0.07581513783195781,0.0011211714728755684,-0.0472595751936,1.2143222783999998,-0.1634560552751672,17.332941074405507,0.25352548926230106,0.888470659244129,-708.893627904,0.0005656179888432724
0.4345,89.90230671262562,0.07125480969264844,0.0010976932873743815,-0.046653544515600005,1.2097898208,-0.15497704652000138,16.587278846633936,0.2521993906511628,0.8601394110736755,-699.8031677340001,0.0005475817560821088
0.435,89.92548245200003,0.06693210647851602,0.001074517547999978,-0.046049796000000004,1.2051936,-0.1468646354885269,15.866462255154111,0.25096364900640544,0.8329106338529864,-690.74694,0.0005302473781260261
0.4355,89.94835689430636,0.06283670262274674,0.0010516431056936425,-0.045448361571599996,1.2005334431999999,-0.13910653124737,15.169963779468336,0.24981285598888717,0.806740926802443,-681.7254235739999,0.000513587225180583
0.436,89.97093120458754,0.05895862089022764,0.00102906879541246,-0.04484927324159999,1.1958091776,-0.13169070655943815,14.497256226675074,0.24874187425955574,0.7815885338477353,-672.7390986239998,0.0004975747145032569
0.4365,89.99320656391342,0.05528822482666592,0.0010067934360865748,-0.04425256310759999,1.1910206304,-0.124605397613277,13.84781315744856,0.24774582719501975,0.7574132890367694,-663.7884466139999,0.0004821842756547693
0.437,90.01518416942459,0.05181621121828167,0.000984815830575414,-0.0436582633536,1.1861676287999998,-0.11783910354205865,13.22110930031288,0.2468200888082932,0.734176562749234,-654.873950304,0.0004673913162550307
0.4375,90.036865234375,0.048533602568433726,0.000963134765625,-0.04306640625,1.18125,-0.11138058573869324,12.616620954129305,0.24596027388092193,0.711841208771243,-645.99609375,0.00045317218828981273
0.438,90.05825098817532,0.045431739596588826,0.0009417490118246796,-0.04247702415359999,1.1762675712000001,-0.10521886697247976,12.033826378655274,0.24516222831178136,0.69037151229657,-637.1553623039998,0.0004395041550073053
0.4385,90.07934267643641,0.04250227376534968,0.0009206573235635851,-0.04189014950759999,1.1712201696,-0.09934323031345055,11.472206173089928,0.24442201968728205,0.6697331389125993,-628.3522426139999,0.00042636535844156473
0.439,90.10014156101245,0.039737159841047004,0.0008998584389875486,-0.041305814841599994,1.1661076224,-0.09374321787056257,10.931243642531157,0.2437359280770507,0.6498930846230067,-619.5872226239999,0.0004137347875959638
0.4395,90.12064892004358,0.03712864849311918,0.0008793510799564164,-0.0407240527716,1.1609297567999999,-0.08840862934976922,10.410425152271237,0.24310043705848475,0.6308196269527642,-610.860791574,0.0004015922473156713
0.44,90.14086604799994,0.034669278937137026,0.0008591339520000573,-0.04014489599999999,1.1556863999999998,-0.08332952043773352,9.909240469848779,0.24251222497292096,0.6124822771742046,-602.1734399999998,0.00038991832787382
0.4405,90.16079425572435,0.03235187162672311,0.0008392057442756506,-0.03956837731559999,1.1503773791999998,-0.07849620101784555,9.42718309484681,0.24196815641571176,0.5948517336911907,-593.5256597339999,0.0003786943752949469
0.441,90.18043487047558,0.03016952099884201,0.0008195651295244133,-0.038994529593599996,1.1450025216000002,-0.07389923322430993,8.963750576376361,0.24146527396178347,0.5778998366094539,-584.917943904,0.000367902462433573
0.4415,90.19978923597148,0.02811558827708191,0.0008002107640285149,-0.03842338579559999,1.1395616544,-0.06952942934057468,8.518444818230048,0.2410007901277956,0.5615995235182685,-576.3507869339999,0.00035752536082394226
0.442,90.21885871243262,0.026183694337263214,0.0007811412875673795,-0.03785497896959999,1.1340546048,-0.06537784954821137,8.090772371690036,0.24057207957147017,0.5459247865031926,-567.8246845439998,0.000347546513313483
0.4425,90.23764467662495,0.024367712639696226,0.0007623553233750524,-0.037289342249999996,1.1284812,-0.06143579953262497,7.6802447160058644,0.2401766715282081,0.5308506304062639,-559.34013375,0.0003379500074904228
0.443,90.25614852190344,0.022661762231913504,0.0007438514780965554,-0.036726508857599996,1.1228412672,-0.05769482795145215,7.286378526531393,0.2398122424845663,0.5163530323434894,-550.8976328639999,0.00032872054991182263
0.4435,90.27437165825451,0.021060200825928778,0.0007256283417454945,-0.0361665120996,1.1171346335999999,-0.05414672377215171,6.908695930569323,0.239476609087814,0.502408902488277,-542.4976814940001,0.0003198434411375333
0.444,90.29231551234052,0.01955761795338958,0.0007076844876594812,-0.03560938536959999,1.1113611264,-0.050783513484438374,6.5467247509204345,0.23916772129025593,0.48899604612186065,-534.1407805439998,0.00031130455157074626
0.4445,90.30998152754168,0.01814882820253002,0.0006900184724583269,-0.03505516214759999,1.1055205728,-0.047597458194382485,6.19999873723517,0.23888365572676545,0.4760931269535035,-525.8274322139998,0.00030309029810690944
0.445,90.32737116400006,0.016828864539814685,0.0006726288359999444,-0.034503875999999996,1.0996127999999996,-0.04458105060556761,5.8680577851699685,0.23862260932341686,0.4636796317034899,-517.5581399999999,0.0002951876215865597
0.4455,90.3444858986624,0.015592971719709775,0.0006555141013376086,-0.03395556057959999,1.0936376352,-0.04172701189387425,5.5504481434526625,0.23838289313491057,0.4517358359441906,-509.3334086939998,0.0002875839650490697
0.446,90.36132722532355,0.014436599785391047,0.0006386727746764453,-0.03341024962559999,1.0875949056,-0.03902828848165856,5.246722608913478,0.23816292640805947,0.44024277118799865,-501.1537443839998,0.0002802672527801769
0.4465,90.37789665466944,0.013355397663263031,0.000622103345330558,-0.0328679769636,1.0814844383999997,-0.03647804871745684,4.956440709579384,0.23796123086835136,0.4291821932100227,-493.019654454,0.000273225870145584
0.447,90.39419571432074,0.01234520685383874,0.00060580428567925,-0.03232877650559999,1.0753060607999998,-0.03406967946703314,4.679168875918419,0.23777642522628695,0.4185365515895651,-484.9316475839998,0.0002664486442004614
0.4475,90.410225948875,0.011402055221570227,0.0005897740511250049,-0.03179268224999999,1.0690595999999999,-0.03179678262191244,4.414480600360792,0.2376072198999748,0.408288960453867,-476.8902337499998,0.00025992482506433725
0.448,90.42598891995135,0.010522150885658808,0.000574011080048642,-0.031259728281599994,1.0627448832,-0.02965317153077596,4.161956585174942,0.23745241195014963,0.39842317040193886,-468.8959242239999,0.00025364406804725243
0.4485,90.4414862062325,0.009701876214299061,0.00055851379376751,-0.03072994877159999,1.0563617375999996,-0.02763286736010627,3.9211848788740493,0.23731088022367394,0.38892354158957504,-460.9492315739998,0.00024759641651514886
0.449,90.4567194035085,0.008937781924018845,0.0005432805964914955,-0.03020337797759999,1.0499099903999998,-0.025730095389267404,3.6917610012439543,0.23718158070126738,0.37977501794924406,-453.0506696639999,0.0002417722854777419
0.4495,90.47169012471963,0.008226581286083055,0.0005283098752803638,-0.02968005024359999,1.0433894687999996,-0.023939281245987022,3.4732880571624802,0.23706354204511815,0.3709631025211427,-445.20075365399987,0.00023616244588378163
0.45,90.4864000000001,0.007565144441485559,0.0005135999999999008,-0.029159999999999985,1.0367999999999997,-0.022255047087614888,3.2653768393453997,0.23695586134182042,0.36247383386765575,-437.3999999999998,0.0002307580096060315
0.4505,90.50085067672035,0.0069504928261188495,0.0004991493232796529,-0.02864326176359999,1.0301414112,-0.020672207733874213,3.06764592019865,0.23685770003597964,0.3542937635443678,-429.6489264539998,0.00022555041509886913
0.451,90.51504381953141,0.006379793707268154,0.00048495618046858976,-0.02812987013759998,1.0234135296,-0.019185766756192338,2.8797217329165434,0.23676828004966022,0.3464099345967769,-421.9480520639997,0.00022053141370886883
0.4515,90.52898111040753,0.005850354832776613,0.0004710188895924716,-0.027619859811599985,1.0166161823999997,-0.017790912529291023,2.701238642033261,0.23668688008280367,0.33880986105452804,-414.2978971739998,0.00021569305662042553
0.452,90.54266424868874,0.0053596191937936065,0.00045733575131126967,-0.027113265561599986,1.0097491967999999,-0.016483014250084454,2.531839003594989,0.2366128320896096,0.3314815083913303,-406.6989834239998,0.0002110276824161512
0.4525,90.55609495112506,0.004905159901924823,0.0004439050488749352,-0.026610122249999986,1.0028123999999998,-0.01525761792893552,2.371173215134791,0.2365455179258146,0.32441327491850824,-399.1518337499998,0.00020652790523164233
0.453,90.56927495191945,0.004484675181604824,0.00043072504808055356,-0.026110464825599984,0.9958056191999997,-0.014110442358522633,2.218899755666864,0.2364843661617689,0.3175939740813343,-391.65697238399974,0.00020218660348497456
0.4535,90.58220600277058,0.0040959834782189255,0.0004177939972294187,-0.025614328323599986,0.9887286815999998,-0.013037375065171644,2.074685215896758,0.23642884905614836,0.3110128176252788,-384.2149248539998,0.0001979969091600051
0.454,90.59488987291645,0.0037370186823762856,0.00040511012708354776,-0.02512174786559998,0.9815814143999999,-0.012034468247427162,1.9382043188519822,0.236378479685116,0.3046593995991562,-376.82621798399975,0.00019395219762245885
0.4545,90.60732834917769,0.0034058254706750067,0.0003926716508223027,-0.024632758659599987,0.9743636447999998,-0.011097934706688318,1.8091399311585694,0.23633280922174613,0.2985236811629428,-369.4913798939998,0.0001900460779482851
0.455,90.619523236,0.00310055476312126,0.0003804767639999973,-0.024147395999999984,0.9670751999999998,-0.010224143774535226,1.6871830651868946,0.23629142436051845,0.29259597616754673,-362.21093999999977,0.00018627238374345386
0.4555,90.63147635549842,0.002819459297172957,0.00036852364450158605,-0.02366569526759998,0.9597159071999997,-0.009409617241126326,1.5720328722821157,0.23625394488169477,0.28686693747304876,-354.9854290139997,0.00018262516443387752
0.456,90.64318954749955,0.002560889318405287,0.00035681045250045783,-0.02318769192959998,0.9522855935999998,-0.00865102528926301,1.463396627332623,0.23622002135043635,0.28132754397419235,-347.8153789439997,0.00017909867700558108
0.4565,90.65466466958543,0.0023232883874877695,0.00034533533041457786,-0.022713421539599984,0.9447840863999998,-0.007945182438205514,1.3609897048957496,0.2361893329455297,0.27596908829972966,-340.70132309399975,0.00017568737817386286
0.457,90.6659035971366,0.0021051893031913964,0.0003340964028634019,-0.02224291973759998,0.9372112127999996,-0.007289043501526723,1.2645355471367545,0.23616158541265905,0.2707831651546359,-333.64379606399973,0.00017238591696171752
0.4575,90.67690822337505,0.0019052101409463905,0.0003230917766249508,-0.021776222249999984,0.9295667999999997,-0.006679699562994465,1.1737656238242085,0.23613650913720097,0.26576166027356696,-326.6433337499998,0.00016918912766738871
0.458,90.68768045940737,0.0017220504063722615,0.0003123195405926182,-0.021313364889599982,0.9218506751999996,-0.006114373974378213,1.0884193846317332,0.23611385733159163,0.2608967399546467,-319.7004733439997,0.00016609202320137125
0.4585,90.69822223426853,0.0015544873030946852,0.0003017777657314724,-0.02085438355559998,0.9140626655999996,-0.005590418378955817,1.0082442040002981,0.23609340433238402,0.2561808411432882,-312.8157533339997,0.00016308978877357567
0.459,90.70853549496438,0.0014013721140873462,0.00029146450503562347,-0.02039931423359998,0.9062025983999997,-0.005105308764439099,0.9329953188266062,0.23607494400219936,0.25160666203693544,-305.9897135039997,0.00016017777591212083
0.4595,90.71862220651566,0.0012616266956047395,0.00028137779348433865,-0.01994819299559998,0.8982703007999996,-0.004656641548744748,0.8624357592285634,0.23605828823185668,0.24716715318117005,-299.2228949339997,0.0001573514967949396
0.46,90.72848435199998,0.0011342400827649075,0.00027151564800002246,-0.019501055999999982,0.8902655999999997,-0.004242129702122955,0.7963362726654455,0.23604326553806687,0.24285550902995431,-292.51583999999974,0.00015460661887686263
0.4605,90.73812393259638,0.001018265205631507,0.00026187606740361245,-0.019057939491599982,0.8821883231999997,-0.0038595989087492886,0.7344752416623789,0.23602971975216697,0.23866515994156634,-285.8690923739997,0.00015193895979407238
0.461,90.74754296762752,0.000912815714685439,0.0002524570323724795,-0.01861887980159998,0.8740382975999995,-0.0035069837710714285,0.6766385954268284,0.23601750879548744,0.23458976458501513,-279.28319702399966,0.00014934448252987683
0.4615,90.75674349460343,0.0008170629143672736,0.0002432565053965696,-0.01818391334759998,0.8658153503999996,-0.0031823240597722655,0.6226197156133905,0.23600650353704367,0.23062320273037934,-272.75870021399965,0.00014681929082489665
0.462,90.76572756926477,0.0007302328033678448,0.00023427243073523838,-0.01775307663359998,0.8575193087999996,-0.0028837610122696617,0.5722193365167324,0.23599658672936463,0.22675956839888212,-266.2961495039997,0.00014435962481626735
0.4625,90.774497265625,0.0006516032202421293,0.00022550273437499157,-0.01732640624999998,0.8491499999999996,-0.0026095336824845804,0.525245439968231,0.23598765201838492,0.22299316334908428,-259.8960937499997,0.00014196185689082093
0.463,90.78305467601544,0.000580501092802216,0.0002169453239845609,-0.01690393887359998,0.8407072511999995,-0.0023579753443565975,0.4815131451985001,0.23597960302344384,0.21931849087551442,-253.5590831039997,0.00013962248773717145
0.4635,90.79140191112646,0.0005162997897764374,0.00020859808887355058,-0.01648571126759998,0.8321908895999995,-0.0021275099517188306,0.4408445939616109,0.2359723524835683,0.21573024989930756,-247.2856690139997,0.00013733814258369862
0.464,90.79954110005254,0.0004584165730196907,0.0002004588999474599,-0.01607176028159998,0.8236007423999996,-0.0019166486566545358,0.4030688311741054,0.23596582146632628,0.2122233293283842,-241.0764042239997,0.0001351055676081262
0.4645,90.80747439033362,0.00040631014862895263,0.00019252560966638297,-0.01566212285159998,0.8149366367999995,-0.0017239863886725556,0.36802168136549424,0.23595993863567843,0.20879280266872982,-234.93184277399968,0.00013292162650695613
0.465,90.81520394799998,0.0003594783151386277,0.00018479605200003135,-0.015256835999999977,0.8061983999999995,-0.0015481984965806327,0.33554562119654435,0.23595463957536925,0.20543392286646253,-228.85253999999966,0.00013078329721182664
0.4655,90.82273195761431,0.0003174557070158028,0.0001772680423856876,-0.014855936835599982,0.7973858591999994,-0.0013880374550744713,0.30548964833615283,0.23594986616453975,0.20214211736384818,-222.8390525339997,0.00012868766874207395
0.466,90.8300606223156,0.0002798116315468624,0.00016993937768440046,-0.014459462553599976,0.7884988415999996,-0.0012423296377136307,0.2777091469599223,0.23594556600236233,0.19891298335145827,-216.89193830399964,0.00012663193818216186
0.4665,90.83719216386149,0.0002461479972082666,0.00016280783613851214,-0.01406745043559998,0.7795371743999995,-0.0011099721579567769,0.2520657501503349,0.23594169187863112,0.19574228320091613,-211.0117565339997,0.00012461340777407789
0.467,90.84412882267263,0.00021609733153296886,0.00015587117732737354,-0.013679937849599979,0.7705006847999996,-0.000989929779687272,0.22842719946288206,0.23593820128736787,0.1926259400625833,-205.19906774399968,0.00012262948211473317
0.4675,90.85087285787507,0.0001893208864813503,0.00014912714212492517,-0.013296962249999978,0.7613891999999994,-0.0008812318986354751,0.20666720193587473,0.23593505598063014,0.18956003361458482,-199.45443374999965,0.00012067766544970807
0.468,90.85742654734331,0.00016550682925450005,0.0001425734526566913,-0.012918561177599978,0.7522025471999993,-0.0007829695958694473,0.18666528480595163,0.2359322215598345,0.1865407959494681,-193.77841766399968,0.00011875555905461784
0.4685,90.86379218774456,0.0001443685164690545,0.0001362078122554422,-0.01254477225959998,0.7429405535999994,-0.0006942927644324277,0.1683066481942184,0.2359296671020307,0.18356460758604923,-188.17158389399967,0.00011686085869617505
0.46900000000000003,90.86997209458048,0.00012564284959769724,0.0001300279054195208,-0.012175633209599978,0.7336030463999994,-0.0006144073101184857,0.15148201603218842,0.23592736481868576,0.18062799359541828,-182.63449814399968,0.00011499135216592813
0.46950000000000003,90.87596860223165,0.00010908870952025036,0.00012403139776834493,-0.011811181827599977,0.7241898527999994,-0.000542572427140988,0.13608748547830313,0.23592528974465807,0.1777276198297022,-177.16772741399967,0.00011314491687941706
0.47000000000000003,90.88178406400007,9.44854680465588e-05,0.00011821593599993463,-0.011451455999999981,0.7147007999999995,-0.0004780979494378321,0.12202437509008374,0.23592341945515835,0.1748602892443695,-171.77183999999974,0.00011131951753487994
0.47050000000000003,90.88742085215236,8.163157422606045e-05,0.00011257914784764012,-0.011096493699599978,0.7051357151999994,-0.00042034177814043953,0.1091990720004183,0.2359217338086106,0.17202293830462165,-166.44740549399967,0.00010951320382549074
0.47100000000000003,90.89288135796362,7.034321325749444e-05,0.00010711864203639009,-0.010746332985599981,0.6954944255999994,-0.0003687073856474898,0.09752287834862775,0.23592021471343969,0.16921263346763596,-161.1949947839997,0.00010772410819988539
0.47150000000000003,90.89816799175952,6.045303580417256e-05,0.00010183200824048555,-0.010401012003599979,0.6857767583999994,-0.00032264139663078266,0.08691185721490152,0.23591884591692142,0.1664265677333296,-156.0151800539997,0.00010595044366631015
0.47200000000000003,90.90328318296058,5.1808955499658645e-05,9.67168170394217e-05,-0.01006056898559998,0.6759825407999993,-0.0002816312461326225,0.077286678295121,0.23591761281433926,0.16366205725640587,-150.9085347839997,0.00010419050163578318
0.47250000000000003,90.90822938012506,4.4273012441374694e-05,9.177061987493573e-05,-0.009725042249999979,0.6661115999999994,-0.0002452029148501662,0.06857246355761931,0.23591650227679453,0.16091653801387157,-145.87563374999968,0.00010244264980057017
0.47300000000000003,90.9130090509913,3.772030045912147e-05,8.699094900869397e-05,-0.00939447020159998,0.6561637631999994,-0.0002129187415503048,0.06069863311337485,0.2359155024961191,0.158187562522423,-140.9170530239997,0.00010070533004440747
0.47350000000000003,90.91762468252247,3.203795594677378e-05,8.237531747752769e-05,-0.00906889133159998,0.6461388575999993,-0.000184375312435465,0.05359875152460181,0.23591460284543522,0.1554727966005588,-136.03336997399967,9.897705638119902e-05
0.47400000000000003,90.92207878094851,2.7124206063950174e-05,7.79212190514933e-05,-0.00874834421759998,0.6360367103999993,-0.0001592014272133529,0.04721037477943828,0.2359137937540045,0.1527700161715682,-131.2251632639997,9.725641291973549e-05
0.47450000000000003,90.92637387180966,2.2887474109236367e-05,7.362612819033387e-05,-0.00843286752359998,0.6258571487999992,-0.00013705614145976503,0.04147489814580042,0.23591306659509267,0.1500771041032847,-126.49301285399969,9.554205185181891e-05
0.47500000000000003,90.93051250000012,1.9245539888474018e-05,6.948749999988734e-05,-0.008122499999999979,0.6155999999999994,-0.00011762688479017834,0.036337405117660225,0.23591241358566983,0.14739204708153297,-121.83749999999968,9.383269146183735e-05
0.47550000000000003,90.93449722981043,1.6124752915778118e-05,6.550277018956052e-05,-0.007817280483599979,0.6052650911999993,-0.0001006276542467898,0.03174651766056554,0.235911827696846,0.14471293251465137,-117.25920725399969,9.212711415612252e-05
0.47600000000000003,90.93833064497142,1.3459296299726377e-05,6.16693550285774e-05,-0.007517247897599979,0.5948522495999993,-8.579728219083687e-05,0.027654247954288183,0.2359113025740195,0.14203794546666695,-112.75871846399967,9.042416451054845e-05
0.47650000000000003,90.94201534869757,1.1190499193518908e-05,5.798465130244068e-05,-0.007222441251599981,0.5843613023999992,-7.289777791099145e-05,0.0240158518278586,0.23591083246579747,0.13936536561747806,-108.3366187739997,8.872274733532364e-05
0.47700000000000004,90.94555396372863,9.266195710220947e-06,5.4446036271365015e-05,-0.00693289964159998,0.5737920767999993,-6.17127420564459e-05,0.020789684074655937,0.23591041216081313,0.13669356424871634,-103.99349462399971,8.702182575613115e-05
0.47750000000000004,90.94894913237496,7.640128227490884e-06,5.105086762503319e-05,-0.0066486622499999795,0.5631443999999992,-5.204585289521725e-05,0.01793705582521866,0.23591003693163898,0.1340210012539966,-99.72993374999969,8.532041931079467e-05
0.47800000000000004,90.95220351655934,6.271393043641852e-06,4.7796483440656344e-05,-0.006369768345599981,0.5524180991999992,-4.3719423343784466e-05,0.015422094155550669,0.23590970248505638,0.13134622217332048,-95.54652518399972,8.361760206132104e-05
0.47850000000000004,90.95531979786051,5.12392637087162e-06,4.4680202139488754e-05,-0.00609625728359998,0.5416130015999991,-3.65730275947885e-05,0.013211604094775023,0.23590940491800624,0.12866785525103733,-91.44385925399969,8.191250072094031e-05
0.47900000000000004,90.95830067755645,4.1660286906617175e-06,4.1699322443555785e-05,-0.005828168505599981,0.5307289343999991,-3.0462196108419045e-05,0.011274933192920063,0.23590914067860067,0.12598460851748716,-87.42252758399971,8.020429279622155e-05
0.47950000000000004,90.96114887666766,3.3699255313067272e-06,3.885112333232854e-05,-0.00556554153959998,0.5197657247999992,-2.5257177647881718e-05,0.009583838800775107,0.23590890653163366,0.12329526689458462,-83.48312309399971,7.849220474443066e-05
0.48000000000000004,90.96386713599996,2.711362766868807e-06,3.613286400003801e-05,-0.005308415999999982,0.5087231999999992,-2.0841766967388463e-05,0.008112358206695825,0.23590869952807803,0.12059868932591371,-79.62623999999973,7.677551014649185e-05
0.48050000000000004,90.96645821618844,2.1692345770770392e-06,3.3541783811550376e-05,-0.005056831587599981,0.4976011871999991,-1.711219668731042e-05,0.006836681766722247,0.23590851697810242,0.1178938059320485,-75.85247381399972,7.505352789600854e-05
0.48100000000000004,90.96892489773957,1.725242251842356e-06,3.10751022604272e-05,-0.004810828089599981,0.4863995135999991,-1.3976091831012443e-05,0.005735029157992563,0.23590835642719216,0.11517961519220167,-72.16242134399971,7.332562040504504e-05
0.48150000000000004,90.97126998107558,1.3635820670064226e-06,2.8730018924427724e-05,-0.004570445379599981,0.47511800639999907,-1.1351485426416173e-05,0.00478752887525189,0.2359082156349932,0.11245518115324886,-68.55668069399971,7.159119182733642e-05
0.48200000000000004,90.9734962865767,1.0706605063468787e-06,2.65037134233026e-05,-0.004335723417599981,0.4637564927999991,-9.165893526870172e-06,0.003976101084475707,0.2359080925565428,0.10971963066763454,-65.03585126399972,6.98496862998846e-05
0.48250000000000004,90.97560665462495,8.348351512186439e-07,2.439334537504223e-05,-0.004106702249999982,0.4523147999999991,-7.3554479427076846e-06,0.0032843439370985232,0.23590798532558166,0.1069721506615631,-61.60053374999973,6.810058620383492e-05
0.48300000000000004,90.97760394564735,6.461796099336774e-07,2.2396054352658012e-05,-0.003883422009599982,0.44079275519999905,-5.864084930829095e-06,0.002697423441345219,0.235907892239681,0.10421198543519859,-58.25133014399972,6.634341044572984e-05
0.48350000000000004,90.97949104015856,4.962709094230538e-07,2.0508959841443185e-05,-0.003665922915599983,0.429190185599999,-4.642788041259989e-06,0.002201966977904209,0.2359078117469412,0.10143843399664433,-54.988843733999744,6.457771276026764e-05
0.48400000000000004,90.98127083880452,3.7799782386209813e-07,1.872916119548762e-05,-0.003454245273599983,0.417506918399999,-3.6488832777260298e-06,0.001785960538251799,0.2359077424340549,0.09865084743156219,-51.81367910399974,6.280308003575012e-05
0.48450000000000004,90.98294626240565,2.8538866853350087e-07,1.705373759435247e-05,-0.0032484294755999827,0.405742780799999,-2.845384693877028e-06,0.0014386497554825517,0.23590768301554657,0.09584862631044132,-48.72644213399974,6.101913066349852e-05
0.48500000000000004,90.98452025200004,2.1345714133890435e-07,1.5479747999957992e-05,-0.0030485159999999833,0.3938975999999989,-2.2003885132418473e-06,0.0011504447881998865,0.23590763232402678,0.09303121813557741,-45.727739999999756,5.92255129125501e-05
0.48550000000000004,90.98599576888643,1.5806484956972986e-07,1.4004231113577959e-05,-0.0028545454115999837,0.381971203199999,-1.6865138330833328e-06,0.0009128291088764098,0.23590758930132005,0.09019811482989377,-42.818181173999754,5.742190333099194e-05
0.48600000000000004,90.98737579466764,1.1579921545612826e-07,1.2624205332354421e-05,-0.002666558361599984,0.36996341759999896,-1.280387948845431e-06,0.0007182722387699117,0.2359075529903446,0.08734885026978997,-39.99837542399976,5.5608005175323644e-05
0.48650000000000004,90.9886633312935,8.386551059886512e-08,1.1336668706505292e-05,-0.0024845955875999843,0.3578740703999989,-9.62174317624562e-07,0.0005601464622216697,0.2359075225276387,0.08448299786427485,-37.268933813999766,5.3783546869285516e-05
0.48700000000000004,90.98986140110459,5.999182628078256e-08,1.0138598895412797e-05,-0.0023086979135999845,0.3457029887999989,-7.151411644416443e-07,0.00043264754341364555,0.23590749713644377,0.08160016818264705,-34.63046870399977,5.1948280493593126e-05
0.48750000000000004,90.99097304687507,4.2345844084815246e-08,9.02695312493762e-06,-0.002138906249999985,0.3334499999999989,-5.252687266899623e-07,0.0003307194592871641,0.23590747612026955,0.07870000663306224,-32.08359374999978,5.010198030806723e-05
0.48800000000000004,90.99200133185542,2.946232865536221e-08,7.998668144573173e-06,-0.0019752615935999854,0.32111493119999884,-3.808931270370569e-07,0.00024998315230872966,0.23590745885687642,0.0757821911943096,-29.628923903999784,4.824444130763791e-05
0.48850000000000005,90.99294933981646,2.0180322053273293e-08,7.050660183534063e-06,-0.001817805027599986,0.3086976095999988,-2.723848659130942e-07,0.00018666929698218416,0.23590744479262324,0.07284643020315124,-27.267075413999788,4.637547781372104e-05
0.48900000000000005,90.99382017509241,1.3589076670620422e-08,6.1798249075906136e-06,-0.0016665777215999864,0.29619786239999885,-1.9185993055830338e-07,0.00013755506415462758,0.235907433437136,0.06989246019961436,-24.998665823999794,4.449492210248873e-05
0.48950000000000005,90.99461696262362,8.981820868035635e-09,5.383037376383015e-06,-0.001521620931599987,0.28361551679999886,-1.3292152771623071e-07,9.990485690941873e-05,0.23590742435826315,0.06692004383260906,-22.824313973999807,4.260262307154415e-05
0.49000000000000005,90.99534284799995,5.816508391200971e-09,4.657152000042686e-06,-0.0013829759999999872,0.2709503999999988,-9.043046279437864e-08,7.141498167102697e-05,0.23590741717728797,0.06392896782825135,-20.74463999999981,4.06984449465158e-05
0.49050000000000005,90.9960009975043,3.682758990568564e-09,3.99900249570706e-06,-0.0012506843555999878,0.2582023391999988,-6.030220917187483e-08,5.01622078819365e-05,0.23590741156437828,0.06091904102328264,-18.760265333999815,3.8782266029093545e-05
0.49100000000000005,90.99659459815544,2.274253350273346e-09,3.4054018445672795e-06,-0.0011247875135999884,0.2453711615999988,-3.932873723314752e-08,3.4556159183265445e-05,0.23590740723425385,0.05789009246597402,-16.871812703999826,3.685397748802662e-05
0.49150000000000005,90.99712685775162,1.365900292241914e-09,2.873142248382976e-06,-0.0010053270755999888,0.23245669439999872,-2.5023203777043284e-08,2.3295468448329748e-05,0.23590740394206045,0.054841969586888854,-15.079906133999833,3.4913482194595006e-05
0.49200000000000005,90.99760100491272,7.95148135504079e-10,2.3989950872760344e-06,-0.0008923447295999894,0.21945876479999873,-1.548563905212416e-08,1.5327618441255493e-05,0.23590740147944267,0.05177453644188745,-13.38517094399984,3.296069360407144e-05
0.49250000000000005,90.99802028912498,4.4686485707553907e-10,1.979710875019691e-06,-0.0007858822499999899,0.20637719999999873,-9.287810336427017e-09,9.812379034865903e-06,0.23590739967080743,0.048687672029729685,-11.788233749999849,3.099553468467397e-05
0.49300000000000005,90.99838798078333,2.4126322067208226e-10,1.6120192166724222e-06,-0.0006859814975999904,0.1932118271999987,-5.375488387241578e-09,6.088741150186439e-06,0.23590739836977717,0.045581268686651355,-10.289722463999855,2.901793689552155e-05
0.49350000000000005,90.99870737123453,1.243970978995128e-10,1.2926287654657641e-06,-0.000592684419599991,0.17996247359999867,-2.9863956015164783e-09,3.645236486772043e-06,0.23590739745583017,0.0424552305602563,-8.890266293999865,2.702783921508355e-05
0.49400000000000005,90.99898177282041,6.080369990778306e-11,1.0182271795855512e-06,-0.0005060330495999917,0.16662896639999863,-1.5821730446932777e-09,2.0935210483038007e-06,0.23590739683112952,0.03930947216507138,-7.590495743999875,2.5025187221617517e-05
0.49450000000000005,90.99921451892169,2.7913172427525055e-11,7.854810783136656e-07,-0.00042606950759999226,0.1532111327999986,-7.927672933823042e-10,1.1450892112594521e-06,0.2359073964175408,0.036143917022100625,-6.3910426139998835,2.300993222708245e-05
0.49500000000000005,90.99940896399997,1.18918353099636e-11,5.910360000349613e-07,-0.0003528359999999928,0.1397087999999986,-3.7170750506496077e-10,5.909737095059828e-07,0.23590739615384335,0.03295849638470961,-5.292539999999892,2.0982030466011583e-05
0.4955,90.99956848364232,4.628103142252147e-12,4.315163576862346e-07,-0.0002863748196000005,0.1261217952000001,-1.6081830059612662e-10,2.842753773059573e-07,0.23590739599313662,0.029753148053158356,-4.295622294000007,1.894144234082062e-05
0.496,90.99969647460345,1.6106444474939257e-12,3.035253965499862e-07,-0.00022672834560000037,0.1124499456000001,-6.299505356149407e-11,1.2535485426439085e-07,0.23590739590044696,0.026527815280102198,-3.400925184000006,1.688813172502791e-05
0.4965,90.9997963548495,4.864513291558405e-13,2.0364515050275144e-07,-0.0001739390436000003,0.09869307840000008,-2.1755008290128545e-11,4.9506624506929413e-08,0.23590739585053783,0.023282445769374913,-2.6090856540000043,1.4822065325860015e-05
0.497,90.99987156360066,1.2203474613498592e-13,1.2843639932924588e-07,-0.0001280494656000002,0.08485102080000007,-6.370458007547857e-12,1.6923803212619666e-08,0.23590739582593065,0.020016990770359004,-1.920741984000003,1.2743212107709926e-05
0.4975,90.99992556137514,2.375831130610705e-14,7.44386248641149e-08,-8.910225000000017e-05,0.07092360000000006,-1.4890314603699653e-12,4.749938450235262e-09,0.2359073958151373,0.016731404270255486,-1.3365337500000025,1.0651542777920025e-05
0.498,90.99996183003132,3.2032209736674158e-15,3.816996867911371e-08,-5.714012160000011e-05,0.05691064320000005,-2.510756218071344e-13,1.0017823203041907e-09,0.2359073958111133,0.013425642286561533,-0.8571018240000016,8.547029336359378e-06
0.4985,90.99998387281246,2.4160057956111646e-16,1.6127187532077867e-08,-3.2205891600000055e-05,0.04281197760000003,-2.5262314912690274e-14,1.344790346361255e-10,0.23590739580993408,0.010099662262067117,-0.4830883740000008,6.42964469026662e-06
0.499,90.99999521438846,6.3129839735997124e-18,4.7856115337197026e-09,-1.4342457600000028e-05,0.02862743040000003,-9.90648074003556e-16,7.915260679968852e-12,0.23590739580970035,0.006753422564687556,-0.21513686400000043,4.29936233583348e-06
0.4995,90.99999940089961,1.2385720410916995e-20,5.991003959593399e-10,-3.5928036000000064e-06,0.014356828800000011,-3.88914168415687e-18,6.218734024820948e-14,0.2359073958096781,0.003386882094454804,-0.05389205400000009,2.156156108007655e-06
0.5,91.0,0.0,0.0,-0.0,0.0,-0.0,0.0,0.2359073958096778,0.0,-0.0,0.0
0.5005000000000001,90.99999940089964,1.2385718648157371e-20,5.99100360000201e-10,3.592803600000803e-06,0.014356828800001602,3.889141315150963e-18,6.21873365607497e-14,0.2359073958096781,0.0033868820944551793,0.05389205400001205,2.1561561080078933e-06
0.501,90.99999521438848,6.3129839173605736e-18,4.785611520000012e-09,1.4342457600000026e-05,0.028627430400000025,9.906480681201056e-16,7.915260650592863e-12,0.23590739580970035,0.006753422564687555,0.2151368640000004,4.299362335833479e-06
0.5015000000000001,90.99998387281252,2.4160057700641226e-16,1.612718748000183e-08,3.2205891600002434e-05,0.042811977600001605,2.5262314734608342e-14,1.344790340437795e-10,0.23590739580993408,0.010099662262067488,0.4830883740000365,6.429644690266856e-06
0.502,90.99996183003137,3.203220962934259e-15,3.81699686400001e-08,5.71401216000001e-05,0.056910643200000055,2.510756212462755e-13,1.001782318905987e-09,0.2359073958111133,0.013425642286561533,0.8571018240000016,8.547029336359378e-06
0.5025000000000001,90.999925561375,2.3758311442175687e-14,7.443862500000513e-08,8.91022500000041e-05,0.07092360000000161,1.489031466055345e-12,4.749938461566198e-09,0.2359073958151373,0.01673140427025586,1.3365337500000614,1.0651542777920266e-05
0.503,90.99987156360064,1.2203474621600092e-13,1.2843639936000035e-07,0.00012804946560000024,0.08485102080000007,6.370458010367281e-12,1.6923803217298828e-08,0.23590739582593065,0.020016990770359008,1.9207419840000035,1.2743212107709929e-05
0.5035000000000001,90.99979635484948,4.864513292576772e-13,2.036451505200102e-07,0.00017393904360000578,0.09869307840000162,2.175500829316544e-11,4.950662451124793e-08,0.23590739585053783,0.02328244576937528,2.609085654000087,1.482206532586025e-05
0.504,90.99969647460352,1.6106444463627932e-12,3.035253964800008e-07,0.00022672834560000037,0.1124499456000001,6.299505353200057e-11,1.2535485422773267e-07,0.23590739590044696,0.026527815280102177,3.400925184000006,1.6888131725027897e-05
0.5045000000000001,90.99956848364236,4.6281031408804305e-12,4.31516357640017e-07,0.00028637481960000754,0.12612179520000164,1.6081830056435438e-10,2.842753772708871e-07,0.23590739599313662,0.0297531480531587,4.295622294000113,1.894144234082084e-05
0.505,90.999408964,1.1891835308248059e-11,5.910360000000016e-07,0.0003528360000000006,0.13970880000000013,3.7170750502922026e-10,5.909737094705093e-07,0.23590739615384335,0.03295849638470995,5.292540000000009,2.09820304660118e-05
0.5055000000000001,90.99921451892163,2.7913172433585003e-11,7.854810783600258e-07,0.0004260695076000093,0.15321113280000162,7.927672934970738e-10,1.145089211363017e-06,0.2359073964175408,0.036143917022101374,6.391042614000139,2.300993222708293e-05
0.506,90.99898177282049,6.080369989505424e-11,1.018227179520003e-06,0.0005060330496000009,0.16662896640000013,1.5821730444724998e-09,2.0935210481214324e-06,0.23590739683112952,0.03930947216507166,7.590495744000013,2.5025187221617697e-05
0.5065000000000001,90.99870737123452,1.2439709790361546e-10,1.2926287654800364e-06,0.0005926844196000109,0.17996247360000162,2.9863956015822387e-09,3.645236486822279e-06,0.23590739745583017,0.04245523056025702,8.890266294000163,2.7027839215084006e-05
0.507,90.99838798078336,2.412632206593215e-10,1.612019216640004e-06,0.0006859814976000011,0.19321182720000019,5.375488387052124e-09,6.088741150052568e-06,0.23590739836977717,0.04558126868665167,10.289722464000016,2.901793689552175e-05
0.5075000000000001,90.998020289125,4.468648570659164e-10,1.9797108750000487e-06,0.0007858822500000129,0.20637720000000162,9.28781033629396e-09,9.81237903477844e-06,0.23590739967080743,0.04868767202973034,11.788233750000192,3.099553468467439e-05
0.508,90.99760100491264,7.951481355888585e-10,2.3989950873600063e-06,0.0008923447296000016,0.21945876480000018,1.5485639053225044e-08,1.5327618441935826e-05,0.23590740147944267,0.05177453644188798,13.385170944000023,3.296069360407178e-05
0.5085000000000001,90.99712685775148,1.3659002924445795e-09,2.8731422485200634e-06,0.0010053270756000146,0.2324566944000016,2.5023203779518992e-08,2.329546844976875e-05,0.23590740394206045,0.0548419695868899,15.079906134000218,3.491348219459567e-05
0.509,90.99659459815553,2.2742533501025277e-09,3.405401844480009e-06,0.0011247875136000019,0.2453711616000002,3.932873723117882e-08,3.45561591821864e-05,0.23590740723425385,0.05789009246597408,16.87181270400003,3.685397748802666e-05
0.5095000000000001,90.99600099750435,3.6827589904115323e-09,3.99900249564008e-06,0.0012506843556000166,0.2582023392000017,6.030220917016217e-08,5.016220788104871e-05,0.23590741156437828,0.06091904102328311,18.76026533400025,3.878226602909385e-05
0.51,90.995342848,5.816508390988009e-09,4.657152000000012e-06,0.0013829760000000023,0.2709504000000002,9.043046279217255e-08,7.141498166994079e-05,0.23590741717728797,0.06392896782825142,20.744640000000036,4.069844494651585e-05
0.5105000000000001,90.99461696262364,8.981820867964512e-09,5.3830373763600974e-06,0.0015216209316000185,0.28361551680000163,1.329215277155318e-07,9.99048569090931e-05,0.23590742435826315,0.06692004383260965,22.82431397400028,4.260262307154452e-05
0.511,90.99382017509248,1.3589076670151747e-08,6.179824907520017e-06,0.0016665777216000029,0.29619786240000023,1.918599305538944e-07,0.0001375550641526572,0.235907433437136,0.06989246019961429,24.998665824000042,4.449492210248869e-05
0.5115000000000001,90.99294933981652,2.0180322052785276e-08,7.0506601834801205e-06,0.0018178050276000204,0.30869760960000164,2.723848659087086e-07,0.00018666929698031324,0.23590744479262324,0.07284643020315154,27.267075414000303,4.637547781372124e-05
0.512,90.99200133185536,2.946232865599024e-08,7.998668144640023e-06,0.0019752615936000036,0.32111493120000023,3.8089312704247243e-07,0.00024998315231094837,0.23590745885687642,0.07578219119431034,29.628923904000054,4.824444130763838e-05
0.5125000000000001,90.990973046875,4.234584408581501e-08,9.026953125000145e-06,0.002138906250000022,0.33345000000000163,5.252687266982372e-07,0.0003307194592904186,0.23590747612026955,0.07870000663306345,32.083593750000325,5.0101980308068005e-05
0.513,90.98986140110463,5.999182628002592e-08,1.0138598895360025e-05,0.002308697913600004,0.3457029888000002,7.151411644356383e-07,0.0004326475434113839,0.23590749713644377,0.08160016818264697,34.63046870400006,5.194828049359307e-05
0.5135000000000001,90.98866333129348,8.386551059918043e-08,1.1336668706520168e-05,0.0024845955876000242,0.35787407040000163,9.621743176269886e-07,0.0005601464622225594,0.2359075225276387,0.08448299786427563,37.26893381400036,5.378354686928602e-05
0.514,90.98737579466751,1.1579921545964684e-07,1.262420533248003e-05,0.0026665583616000046,0.36996341760000023,1.28038794887137e-06,0.000718272238778987,0.2359075529903446,0.08734885026979175,39.998375424000066,5.5608005175324775e-05
0.5145000000000001,90.98599576888635,1.5806484957213506e-07,1.4004231113640195e-05,0.002854545411600026,0.38197120320000166,1.686513833100462e-06,0.0009128291088822009,0.23590758930132005,0.0901981148298953,42.818181174000394,5.742190333099291e-05
0.515,90.984520252,2.134571413406674e-07,1.547974800000004e-05,0.003048516000000005,0.3938976000000003,2.2003885132539747e-06,0.0011504447882038455,0.23590763232402678,0.09303121813557833,45.72774000000007,5.922551291255068e-05
0.5155000000000001,90.98294626240563,2.8538866853421407e-07,1.7053737594360228e-05,0.0032484294756000283,0.4057427808000016,2.8453846938818068e-06,0.0014386497554840772,0.23590768301554657,0.09584862631044215,48.72644213400042,6.1019130663499056e-05
0.516,90.98127083880448,3.7799782386467835e-07,1.872916119552005e-05,0.0034542452736000063,0.4175069184000003,3.6488832777426528e-06,0.0017859605382568792,0.2359077424340549,0.0986508474315632,51.813679104000094,6.280308003575077e-05
0.5165000000000001,90.97949104015852,4.962709094261475e-07,2.0508959841480254e-05,0.0036659229156000297,0.4291901856000016,4.642788041279336e-06,0.0022019669779099523,0.2359078117469412,0.10143843399664575,54.98884373400045,6.457771276026855e-05
0.517,90.97760394564736,6.461796099324478e-07,2.2396054352640058e-05,0.003883422009600007,0.44079275520000033,5.864084930821698e-06,0.002697423441343117,0.23590789223968095,0.10421198543519859,58.25133014400011,6.634341044572984e-05
0.5175000000000001,90.975606654625,8.348351512142687e-07,2.4393345375000285e-05,0.004106702250000031,0.4523148000000016,7.355447942682085e-06,0.0032843439370914464,0.23590798532558166,0.10697215066156278,61.600533750000466,6.810058620383472e-05
0.518,90.97349628657663,1.0706605063554858e-06,2.6503713423360065e-05,0.004335723417600006,0.46375649280000036,9.165893526919319e-06,0.003976101084489002,0.2359080925565428,0.10971963066763654,65.03585126400009,6.984968629988587e-05
0.5185000000000001,90.97126998107548,1.3635820670205783e-06,2.8730018924520325e-05,0.004570445379600035,0.47511800640000157,1.1351485426494826e-05,0.00478752887527259,0.2359082156349932,0.11245518115325201,68.55668069400052,7.159119182733842e-05
0.519,90.96892489773953,1.7252422518494521e-06,3.107510226048008e-05,0.0048108280896000085,0.4863995136000004,1.3976091831050825e-05,0.005735029158002395,0.23590835642719216,0.11517961519220316,72.16242134400012,7.332562040504599e-05
0.5195000000000001,90.96645821618836,2.169234577093572e-06,3.3541783811640365e-05,0.005056831587600036,0.4976011872000016,1.711219668739749e-05,0.006836681766743965,0.23590851697810242,0.11789380593205165,75.85247381400053,7.505352789601053e-05
0.52,90.963867136,2.711362766859217e-06,3.613286400000009e-05,0.0053084160000000085,0.5087232000000004,2.0841766967339454e-05,0.008112358206684003,0.23590869952807803,0.12059868932591261,79.62624000000012,7.677551014649115e-05
0.5205000000000001,90.96114887666764,3.3699255313141176e-06,3.8851123332360415e-05,0.0055655415396000385,0.5197657248000016,2.525717764791888e-05,0.009583838800783975,0.23590890653163366,0.12329526689458618,83.48312309400058,7.849220474443165e-05
0.521,90.95830067755648,4.166028690653206e-06,4.169932244352011e-05,0.00582816850560001,0.5307289344000004,3.0462196108377734e-05,0.011274933192910615,0.23590914067860067,0.1259846085174864,87.42252758400014,8.020429279622106e-05
0.5215000000000001,90.95531979786053,5.123926370866735e-06,4.4680202139480446e-05,0.006096257283600039,0.5416130016000017,3.657302759476563e-05,0.013211604094770015,0.23590940491800624,0.12866785525103738,91.44385925400059,8.191250072094034e-05
0.522,90.95220351655936,6.2713930436306745e-06,4.7796483440640135e-05,0.006369768345600011,0.5524180992000004,4.371942334373277e-05,0.015422094155539405,0.23590970248505638,0.13134622217331954,95.54652518400017,8.361760206132046e-05
0.5225000000000001,90.948949132375,7.640128227471763e-06,5.10508676250005e-05,0.006648662250000043,0.5631444000000015,5.2045852895130986e-05,0.01793705582520036,0.23591003693163898,0.13402100125399521,99.72993375000064,8.532041931079377e-05
0.523,90.94555396372864,9.2661957102137e-06,5.444603627136014e-05,0.006932899641600011,0.5737920768000003,6.171274205641403e-05,0.020789684074649362,0.23591041216081313,0.13669356424871587,103.99349462400016,8.702182575613086e-05
0.5235000000000001,90.94201534869748,1.1190499193568216e-05,5.7984651302520555e-05,0.007222441251600044,0.5843613024000015,7.289777791120595e-05,0.0240158518279027,0.23591083246579747,0.13936536561748303,108.33661877400067,8.87227473353268e-05
0.524,90.93833064497151,1.3459296299661326e-05,6.166935502848017e-05,0.007517247897600012,0.5948522496000005,8.579728219056111e-05,0.027654247954233126,0.2359113025740195,0.14203794546666174,112.75871846400018,9.042416451054513e-05
0.5245000000000001,90.93449722981036,1.612475291583052e-05,6.550277018964062e-05,0.007817280483600045,0.6052650912000015,0.00010062765424700836,0.031746517660608604,0.235911827696846,0.14471293251465608,117.25920725400067,9.212711415612552e-05
0.525,90.9305125,1.924553988856834e-05,6.948750000000018e-05,0.008122500000000015,0.6156000000000004,0.00011762688479056266,0.036337405117734055,0.23591241358566983,0.14739204708154025,121.83750000000022,9.3832691461842e-05
0.5255000000000001,90.92637387180964,2.2887474109249608e-05,7.362612819036066e-05,0.008432867523600049,0.6258571488000015,0.00013705614145981889,0.04147489814581089,0.23591306659509267,0.15007710410328617,126.49301285400071,9.554205185181985e-05
0.526,90.92207878094848,2.7124206063979814e-05,7.79212190515202e-05,0.008748344217600016,0.6360367104000004,0.00015920142721346934,0.047210374779459885,0.2359137937540045,0.15277001617157043,131.22516326400023,9.72564129197369e-05
0.5265000000000001,90.91762468252251,3.203795594672411e-05,8.237531747748072e-05,0.00906889133160005,0.6461388576000016,0.00018437531243527621,0.053598751524568215,0.23591460284543522,0.15547279660055618,136.03336997400075,9.897705638119736e-05
0.527,90.91300905099136,3.772030045904765e-05,8.69909490086402e-05,0.009394470201600016,0.6561637632000005,0.00021291874155002834,0.060698633113326246,0.2359155024961191,0.15818756252241886,140.91705302400027,0.00010070533004440484
0.5275000000000001,90.908229380125,4.427301244147732e-05,9.177061987500079e-05,0.009725042250000053,0.6661116000000016,0.0002452029148505464,0.06857246355768573,0.23591650227679453,0.1609165380138779,145.8756337500008,0.00010244264980057421
0.528,90.90328318296064,5.1808955499567464e-05,9.671681703936023e-05,0.010060568985600017,0.6759825408000004,0.0002816312461322937,0.07728667829506539,0.23591761281433926,0.16366205725640123,150.90853478400027,0.00010419050163578023
0.5285000000000001,90.89816799175948,6.045303580424832e-05,0.00010183200824052084,0.010401012003600055,0.6857767584000015,0.00032264139663105415,0.08691185721494743,0.23591884591692142,0.16642656773333397,156.01518005400084,0.00010595044366631294
0.529,90.89288135796352,7.034321325769003e-05,0.00010711864203648027,0.010746332985600017,0.6954944256000004,0.0003687073856481729,0.09752287834873995,0.23592021471343969,0.16921263346764567,161.19499478400027,0.00010772410819989158
0.5295,90.88742085215236,8.163157422606045e-05,0.00011257914784763967,0.01109649369959998,0.7051357151999994,0.0004203417781404396,0.10919907200041831,0.2359217338086106,0.17202293830462165,166.4474054939997,0.00010951320382549074
0.53,90.881784064,9.448546804672876e-05,0.00011821593600000028,0.01145145600000002,0.7147008000000006,0.00047809794943840574,0.12202437509017472,0.23592341945515835,0.17486028924437721,171.77184000000028,0.00011131951753488486
0.5305,90.87596860223164,0.00010908870952028779,0.00012403139776835968,0.011811181827599977,0.7241898527999994,0.0005425724271411116,0.13608748547832233,0.23592528974465807,0.17772761982970378,177.16772741399967,0.00011314491687941806
0.531,90.86997209458048,0.00012564284959769724,0.00013002790541952034,0.012175633209600018,0.7336030464000005,0.0006144073101184877,0.15148201603218928,0.23592736481868576,0.18062799359541853,182.63449814400025,0.0001149913521659283
0.5315,90.86379218774452,0.0001443685164691897,0.00013620781225547962,0.01254477225959998,0.7429405535999994,0.0006942927644328599,0.16830664819428315,0.2359296671020307,0.1835646075860544,188.17158389399967,0.00011686085869617836
0.532,90.85742654734337,0.00016550682925430267,0.00014257345265664037,0.012918561177600022,0.7522025472000005,0.0007829695958688293,0.18666528480586123,0.23593222155983445,0.1865407959494611,193.77841766400033,0.00011875555905461338
0.5325,90.850872857875,0.00018932088648162,0.00014912714212499963,0.013296962249999978,0.7613891999999995,0.0008812318986363097,0.20666720193599555,0.23593505598063014,0.18956003361459423,199.45443374999965,0.00012067766544971405
0.533,90.84412882267264,0.0002160973315329099,0.0001558711773273604,0.01367993784960002,0.7705006848000006,0.0009899297796870956,0.22842719946285764,0.23593820128736787,0.19262594006258155,205.19906774400027,0.00012262948211473203
0.5335,90.83719216386147,0.00024614799720833083,0.00016280783613851962,0.014067450435599978,0.7795371743999995,0.001109972157956969,0.25206575015036176,0.23594169187863112,0.19574228320091822,211.01175653399966,0.0001246134077740792
0.534,90.83006062231551,0.00027981163154728217,0.00016993937768448042,0.014459462553600023,0.7884988416000005,0.001242329637714873,0.27770914696009447,0.23594556600236233,0.19891298335147128,216.89193830400032,0.00012663193818217015
0.5345,90.82273195761437,0.00031745570701549857,0.0001772680423856396,0.014855936835599983,0.7973858591999995,0.001388037455073588,0.3054896483360329,0.23594986616453972,0.20214211736383925,222.83905253399973,0.00012868766874206826
0.535,90.815203948,0.0003594783151384624,0.00018479605200000045,0.015256836000000024,0.8061984000000005,0.0015481984965801648,0.335545621196483,0.23595463957536914,0.20543392286645806,228.85254000000035,0.0001307832972118238
0.5355,90.80747439033364,0.000406310148628863,0.00019252560966635964,0.01566212285159998,0.8149366367999995,0.0017239863886723034,0.3680216813654611,0.23595993863567843,0.2087928026687274,234.93184277399968,0.00013292162650695456
0.536,90.79954110005248,0.0004584165730200788,0.00020045889994752051,0.016071760281600025,0.8236007424000006,0.0019166486566556187,0.40306883117424686,0.23596582146632628,0.2122233293283945,241.07640422400038,0.00013510556760813275
0.5365,90.79140191112651,0.0005162997897760171,0.00020859808887347962,0.01648571126759998,0.8321908895999995,0.0021275099517176804,0.4408445939614643,0.23597235248356818,0.21573024989929704,247.2856690139997,0.00013733814258369193
0.537,90.78305467601535,0.0005805010928028974,0.00021694532398464054,0.01690393887360003,0.8407072512000006,0.002357975344358441,0.481513145198733,0.23597960302344387,0.219318490875531,253.55908310400042,0.00013962248773718202
0.5375,90.774497265625,0.0006516032202421293,0.0002255027343749996,0.01732640624999998,0.8491499999999996,0.0026095336824845804,0.525245439968231,0.23598765201838492,0.22299316334908428,259.8960937499997,0.00014196185689082093
0.538,90.76572756926464,0.0007302328033690351,0.0002342724307353606,0.01775307663360003,0.8575193088000006,0.0028837610122727877,0.5722193365171151,0.23599658672936474,0.2267595683989088,266.2961495040004,0.00014435962481628431
0.5385,90.75674349460348,0.0008170629143667038,0.0002432565053965196,0.01818391334759998,0.8658153503999996,0.003182324059770792,0.6226197156132135,0.2360065035370436,0.23062320273036707,272.75870021399965,0.00014681929082488887
0.539,90.74754296762752,0.000912815714685439,0.0002524570323724806,0.018618879801600027,0.8740382976000006,0.0035069837710714376,0.6766385954268312,0.23601750879548744,0.2345897645850154,279.2831970240004,0.00014934448252987702
0.5395,90.73812393259637,0.0010182652056316722,0.0002618760674036396,0.019057939491599982,0.8821883231999995,0.003859598908749705,0.7344752416624273,0.23602971975216697,0.23866515994156956,285.8690923739997,0.0001519389597940744
0.54,90.728484352,0.001134240082764731,0.00027151564800000067,0.01950105600000003,0.8902656000000005,0.004242129702122528,0.7963362726653982,0.23604326553806687,0.24285550902995118,292.5158400000005,0.00015460661887686062
0.5405,90.71862220651565,0.0012616266956049298,0.0002813777934843596,0.01994819299559998,0.8982703007999996,0.0046566415487452155,0.8624357592286165,0.23605828823185668,0.24716715318117358,299.2228949339997,0.00015735149679494185
0.541,90.70853549496448,0.0014013721140859205,0.0002914645050355208,0.020399314233600033,0.9062025984000005,0.005105308764435671,0.9329953188262249,0.23607494400219914,0.25160666203690996,305.9897135040005,0.0001601777759121046
0.5415,90.69822223426851,0.0015544873030949034,0.0003017777657314796,0.020854383555599983,0.9140626655999996,0.005590418378956338,1.008244204000356,0.23609340433238402,0.256180841143292,312.81575333399974,0.00016308978877357808
0.542,90.68768045940736,0.0017220504063724944,0.00031231954059264083,0.021313364889600034,0.9218506752000005,0.006114373974378777,1.088419384631797,0.23611385733159163,0.26089673995465074,319.70047334400056,0.00016609202320137385
0.5425,90.676908223375,0.0019052101409473895,0.0003230917766249996,0.021776222249999984,0.9295667999999997,0.006679699562996783,1.1737656238244576,0.23613650913720108,0.26576166027358317,326.6433337499998,0.00016918912766739901
0.543,90.66590359713663,0.002105189303190863,0.0003340964028633608,0.02224291973760003,0.9372112128000005,0.0072890435015255176,1.2645355471366293,0.23616158541265891,0.2707831651546277,333.64379606400047,0.00017238591696171226
0.5435,90.65466466958549,0.00232328838748663,0.0003453353304145196,0.022713421539599984,0.9447840863999998,0.007945182438202934,1.3609897048954798,0.23618933294552957,0.27596908829971234,340.70132309399975,0.00017568737817385185
0.544,90.64318954749952,0.002560889318405895,0.0003568104525004809,0.023187691929600036,0.9522855936000005,0.008651025289264393,1.4633966273327692,0.23622002135043638,0.28132754397420145,347.81537894400054,0.00017909867700558686
0.5445,90.63147635549836,0.002819459297174253,0.00036852364450163955,0.02366569526759998,0.9597159071999997,0.009409617241129186,1.5720328722824073,0.23625394488169502,0.28686693747306735,354.9854290139997,0.00018262516443388934
0.545,90.61952323599999,0.0031005547631216056,0.00038047676400000094,0.024147396000000043,0.9670752000000005,0.010224143774536005,1.687183065186977,0.23629142436051848,0.2925959761675517,362.2109400000006,0.000186272383743457
0.5455,90.60732834917764,0.003405825470676475,0.00039267165082235964,0.024632758659599987,0.9743636447999998,0.01109793470669148,1.8091399311588827,0.23633280922174635,0.2985236811629626,369.4913798939998,0.0001900460779482977
0.546,90.59488987291648,0.0037370186823755076,0.00040511012708352104,0.02512174786560004,0.9815814144000006,0.012034468247425528,1.9382043188518268,0.23637847968511588,0.30465939959914623,376.82621798400055,0.00019395219762245248
0.5465,90.58220600277052,0.004095983478220582,0.0004177939972294796,0.02561432832359999,0.9887286815999998,0.013037375065175126,2.0746852158970954,0.23642884905614864,0.3110128176252998,384.21492485399983,0.00019799690916001846
0.547,90.56927495191935,0.0044846751816079045,0.00043072504808064116,0.026110464825600043,0.9958056192000004,0.014110442358529072,2.2188997556674837,0.2364843661617693,0.31759397408137235,391.65697238400065,0.00020218660348499882
0.5475,90.556094951125,0.004905159901926692,0.00044390504887499967,0.026610122249999982,1.0028123999999996,0.015257617928939359,2.371173215135152,0.23654551792581485,0.32441327491853056,399.15183374999975,0.0002065279052316565
0.548,90.54266424868864,0.005359619193797073,0.00045733575131136117,0.027113265561600045,1.0097491968000005,0.01648301425009153,2.5318390035956537,0.2366128320896102,0.33148150839137086,406.6989834240007,0.00021102768241617706
0.5485,90.52898111040749,0.005850354832778188,0.00047101888959251957,0.027619859811599985,1.0166161823999997,0.017790912529294187,2.7012386420335526,0.2366868800828039,0.33880986105454586,414.2978971739998,0.00021569305662043686
0.549,90.51504381953151,0.0063797937072642644,0.0004849561804684811,0.02812987013760004,1.0234135296000006,0.019185766756184667,2.8797217329158524,0.2367682800496596,0.34640993459673425,421.9480520640006,0.0002205314137088417
0.5495,90.50085067672036,0.006950492826118263,0.0004991493232796396,0.028643261763599985,1.0301414112,0.020672207733873054,3.0676459201985455,0.23685770003597947,0.3542937635443614,429.64892645399976,0.000225550415098865
0.55,90.4864,0.007565144441489909,0.0005136000000000013,0.029160000000000044,1.0368000000000004,0.022255047087623363,3.2653768393461573,0.23695586134182117,0.36247383386770127,437.40000000000066,0.00023075800960606048
0.5505,90.47169012471964,0.008226581286082398,0.0005283098752803596,0.02968005024359999,1.0433894687999998,0.023939281245985766,3.4732880571623705,0.2370635420451181,0.3709631025211361,445.20075365399987,0.00023616244588377743
0.551,90.45671940350847,0.00893778192402023,0.0005432805964915214,0.030203377977600043,1.0499099904000004,0.025730095389270086,3.6917610012441937,0.23718158070126757,0.379775017949258,453.0506696640006,0.00024177228547775078
0.5515,90.44148620623253,0.009701876214297599,0.0005585137937674795,0.030729948771599982,1.0563617375999996,0.027632867360103525,3.9211848788738135,0.23731088022367366,0.38892354158956094,460.9492315739997,0.00024759641651513986
0.552,90.42598891995137,0.010522150885658036,0.0005740110800486415,0.031259728281600056,1.0627448832000006,0.02965317153077459,4.161956585174834,0.23745241195014952,0.39842317040193187,468.89592422400085,0.000253644068047248
0.5525,90.410225948875,0.011402055221570227,0.0005897740511249996,0.03179268224999999,1.0690595999999997,0.03179678262191244,4.4144806003607915,0.2376072198999748,0.408288960453867,476.8902337499998,0.00025992482506433725
0.553,90.39419571432065,0.012345206853844746,0.0006058042856793614,0.03232877650560005,1.0753060608000005,0.034069679467044124,4.679168875919334,0.23777642522628806,0.41853655158961933,484.93164758400076,0.000266448644200496
0.5535,90.37789665466948,0.013355397663260325,0.0006221033453305196,0.0328679769636,1.0814844383999997,0.03647804871745197,4.9564407095789855,0.2379612308683509,0.4291821932099989,493.019654454,0.0002732258701455688
0.554,90.36132722532352,0.014436599785392948,0.0006386727746764816,0.033410249625600054,1.0875949056000007,0.03902828848166201,5.246722608913765,0.2381629264080598,0.44024277118801514,501.15374438400085,0.0002802672527801874
0.5545,90.34448589866236,0.015592971719712776,0.0006555141013376397,0.033955560579599996,1.0936376352,0.04172701189387952,5.550448143453084,0.23838289313491118,0.45173583594421574,509.3334086939999,0.00028758396504908573
0.555,90.327371164,0.016828864539818893,0.0006726288360000017,0.03450387600000005,1.0996128000000005,0.044581050605575004,5.86805778517056,0.23862260932341767,0.46367963170352466,517.5581400000008,0.0002951876215865818
0.5555,90.30998152754164,0.01814882820253333,0.0006900184724583598,0.035055162147599996,1.1055205728,0.047597458194388216,6.199998737235617,0.23888365572676612,0.47609312695353,525.8274322139999,0.0003030902981069263
0.556,90.29231551234048,0.019557617953393062,0.0007076844876595216,0.03560938536960005,1.1113611264000005,0.0507835134844444,6.546724750920911,0.23916772129025662,0.4889960461218882,534.1407805440008,0.0003113045515707638
0.5565,90.27437165825452,0.02106020082592756,0.0007256283417454797,0.03616651209959999,1.1171346335999999,0.054146723772149644,6.908695930569162,0.2394766090878137,0.5024089024882674,542.497681494,0.0003198434411375272
0.557,90.25614852190336,0.02266176223192118,0.0007438514780966417,0.03672650885760005,1.1228412672000005,0.05769482795146505,7.286378526532376,0.23981224248456795,0.5163530323435473,550.8976328640007,0.0003287205499118595
0.5575,90.237644676625,0.0243677126396922,0.0007623553233749998,0.037289342249999996,1.1284812,0.061435799532618296,7.680244716005369,0.24017667152820726,0.530850630406234,559.34013375,0.0003379500074904038
0.558,90.21885871243263,0.026183694337261806,0.0007811412875673619,0.03785497896960006,1.1340546048000006,0.06537784954820917,8.09077237168989,0.24057207957146992,0.5459247865031827,567.8246845440008,0.00034754651331347664
0.5585,90.19978923597148,0.02811558827708191,0.0008002107640285198,0.03842338579559999,1.1395616543999998,0.06952942934057468,8.518444818230048,0.2410007901277956,0.5615995235182684,576.3507869339999,0.0003575253608239422
0.559,90.18043487047552,0.030169520998848193,0.000819565129524482,0.03899452959360006,1.1450025216000006,0.07389923322431997,8.963750576377098,0.2414652739617849,0.5778998366094972,584.9179439040008,0.00036790246243360056
0.5595,90.16079425572435,0.03235187162672311,0.00083920574427564,0.03956837731559999,1.1503773791999998,0.07849620101784555,9.42718309484681,0.24196815641571176,0.5948517336911907,593.5256597339999,0.0003786943752949469
0.56,90.14086604799999,0.03466927893713027,0.000859133952000002,0.04014489600000006,1.1556864000000004,0.08332952043772304,9.909240469848058,0.24251222497291935,0.6124822771741594,602.1734400000009,0.0003899183278737912
0.5605,90.12064892004364,0.0371286484931121,0.00087935107995636,0.0407240527716,1.1609297567999999,0.0884086293497582,10.41042515227047,0.24310043705848303,0.6308196269527174,610.860791574,0.00040159224731564153
0.561,90.10014156101248,0.039737159841043306,0.0008998584389875223,0.04130581484160006,1.1661076224000004,0.09374321787055703,10.931243642530786,0.24373592807704983,0.6498930846229829,619.5872226240009,0.00041373478759594866
0.5615,90.07934267643653,0.04250227376533424,0.00092065732356348,0.04189014950759999,1.1712201696,0.09934323031342696,11.472206173088322,0.24442201968727822,0.6697331389125007,628.3522426139999,0.000426365358441502
0.562,90.05825098817536,0.0454317395965828,0.0009417490118246421,0.042477024153600065,1.1762675712000006,0.10521886697247079,12.033826378654688,0.24516222831177986,0.6903715122965324,637.155362304001,0.0004395041550072814
0.5625,90.036865234375,0.048533602568433726,0.000963134765625,0.04306640625,1.18125,0.11138058573869324,12.616620954129305,0.24596027388092193,0.711841208771243,645.99609375,0.00045317218828981273
0.5630000000000001,90.01518416942464,0.051816211218272866,0.0009848158305753624,0.04365826335360007,1.1861676288000005,0.11783910354204577,13.221109300312051,0.24682008880829082,0.7341765627491807,654.873950304001,0.0004673913162549968
0.5635,89.99320656391347,0.055288224826656754,0.0010067934360865202,0.04425256310759999,1.1910206304,0.12460539761326349,13.847813157447678,0.2477458271950173,0.7574132890367145,663.7884466139999,0.00048218427565473426
0.5640000000000001,89.97093120458752,0.05895862089023243,0.0010290687954124826,0.04484927324160007,1.1958091776000004,0.13169070655944537,14.49725622667556,0.2487418742595571,0.7815885338477639,672.739098624001,0.0004975747145032752
0.5645,89.94835689430636,0.06283670262274674,0.0010516431056936401,0.0454483615716,1.2005334431999999,0.13910653124737002,15.16996377946834,0.24981285598888717,0.806740926802443,681.725423574,0.000513587225180583
0.5650000000000001,89.925482452,0.06693210647852123,0.0010745175480000027,0.04604979600000007,1.2051936000000005,0.14686463548853457,15.866462255154618,0.2509636490064069,0.8329106338530163,690.7469400000011,0.0005302473781260452
0.5655,89.90230671262564,0.07125480969264303,0.0010976932873743603,0.046653544515600005,1.2097898208,0.1549770465199937,16.58727884663346,0.2521993906511613,0.8601394110736449,699.8031677340001,0.0005475817560820893
0.5660000000000001,89.87882852712448,0.07581513783194654,0.0011211714728755228,0.04725957519360006,1.2143222784000005,0.16345605527515156,17.332941074404566,0.25352548926229773,0.8884706592440663,708.8936279040009,0.0005656179888432325
0.5665,89.85504676237852,0.08062377235065521,0.0011449532376214802,0.0478678561956,1.2187911456,0.1723142164386412,18.10397634904289,0.2549476346619312,0.9179494791505938,718.0178429340001,0.0005843847884617909
0.5670000000000001,89.83096030116735,0.08569175814445405,0.0011690396988326428,0.04847835576960007,1.2231965952000006,0.1815643482796165,18.90091152226941,0.25647180882886217,0.9486227275215517,727.1753365440011,0.0006039119848574845
0.5675,89.806568042125,0.09103051109652661,0.001193431957875,0.04909104225000001,1.2275388,0.19121953225773083,19.7242724267716,0.25810429675480634,0.9805390735070107,736.36563375,0.0006242305617735523
0.5680000000000001,89.78186889969663,0.09665182560900329,0.001218131100303363,0.049705884057600076,1.2318179328000003,0.20129311239628486,20.574583404950822,0.2598516974740254,1.0137490556061317,745.5882608640011,0.0006453726930178261
0.5685,89.75686180409548,0.1025678821130254,0.0012431381959045202,0.05032284969960001,1.2360341664,0.21179869441697638,21.452366826774732,0.26172093525641943,1.0483051389378502,754.8427454940002,0.00066737177892238
0.5690000000000001,89.73154570125952,0.10879125455056532,0.001268454298740483,0.050941907769600066,1.2401876736000006,0.22275014463093254,22.358142596938205,0.2637192709533446,1.0842617727439245,764.128616544001,0.0006902624829511076
0.5695,89.70591955280835,0.11533491782090571,0.0012940804471916402,0.0515630269476,1.2442786272,0.23416158858066105,23.292427651536972,0.2658543134845507,1.1216754480055389,773.4454042140001,0.000714080768379591
0.5700000000000001,89.679982336,0.12221225518458684,0.001320017664000003,0.05218617600000007,1.2483072000000006,0.24604740942777684,24.2557354444808,0.2681340314537971,1.1606047550475806,782.792640000001,0.0007388639349671233
0.5705,89.65373304368764,0.12943706561747795,0.0013462669563123603,0.05281132377960001,1.2522735647999998,0.2584222460814279,25.248575423879615,0.270566764879828,1.2011104409970854,792.1698566940001,0.0007646506555358899
0.5710000000000001,89.62717068427648,0.1370235711074407,0.0013728293157235234,0.053438439225600085,1.2561778944000004,0.27130099106244504,26.271452498651115,0.2731612370284897,1.2432554669546088,801.5765883840012,0.0007914810123673941
0.5715,89.60029428168052,0.1449864238859686,0.0013997057183194805,0.05406749136360001,1.2600203616,0.2846987880984051,27.32486649560936,0.27592656633089385,1.2871050647298894,811.0123704540002,0.0008193965333215033
0.5720000000000001,89.57310287527936,0.15334071358701964,0.0014268971247206434,0.05469844930560008,1.2638011392000004,0.29863102944492376,28.409311607310112,0.2788722783716061,1.332726792985389,820.4767395840013,0.000848440227578535
0.5725,89.545595519875,0.16210197432513848,0.0014544044801250004,0.05533128225,1.2675204,0.3131133529286167,29.525275830936025,0.2820083179299347,1.3801905926236584,829.96923375,0.0008786566208999506
0.5730000000000001,89.51777128564864,0.17128619168480763,0.0014822287143513638,0.05596595948160007,1.2711783168000006,0.32816163870731246,30.673240398521592,0.2853450610564438,1.4295688412466923,839.489392224001,0.0009100917902982563
0.5735,89.48962925811747,0.18090980961291697,0.0015103707418825205,0.05660245037160001,1.2747750624,0.3437920057433052,31.853679198828186,0.2888933271659203,1.4809364065081287,849.0367555740002,0.0009427933980020688
0.5740000000000001,89.46116853809151,0.1909897372060075,0.0015388314619084835,0.057240724377600076,1.2783108096000004,0.3600208079854977,33.06705819119181,0.29266439112703624,1.5343706981710548,858.6108656640012,0.0009768107245971438
0.5745,89.43238824163036,0.20154335538393753,0.0015676117583696407,0.05788075104360001,1.2817857312,0.3768646302565338,34.313834811677665,0.29666999532805044,1.5899517186770988,868.211265654,0.0010121947012196595
0.5750000000000001,89.40328749999999,0.212588523441476,0.001596712500000004,0.05852250000000009,1.2852000000000003,0.3943402838411975,35.59445737189284,0.3009223616969319,1.647762112024978,877.8375000000013,0.0010489979406732666
0.5755,89.37386545962964,0.22414358546911958,0.0016261345403703602,0.0591659409636,1.2885537888,0.4124648017723586,36.909364450806784,0.30543420365331464,1.7078872107487786,887.4891144540001,0.0010872747673363909
0.5760000000000001,89.34412128206847,0.23622737663460489,0.001655878717931524,0.059811043737600086,1.2918472704000004,0.4312554338113103,38.25898427996581,0.3102187379688464,1.770415080780431,897.1656560640013,0.0011270812457225712
0.5765,89.31405414394251,0.24885922931606647,0.0016859458560574807,0.060457778211600005,1.2950806175999998,0.45072964111896596,39.64373412246435,0.31528969651140426,1.8354365639717534,906.8666731740001,0.0011684752075508333
0.5770000000000001,89.28366323691135,0.2620589790781935,0.0017163367630886443,0.06110611436160008,1.2982540032000005,0.47090509061522284,41.064019646087154,0.32066133784790096,1.9030453180469395,916.5917154240012,0.0012115162771802342
0.5775,89.252947767625,0.2758469704822026,0.0017470522323750012,0.06175602225000001,1.3013676,0.49179964902340056,42.52023429101031,0.32634845867931517,1.973337853747605,926.3403337500001,0.001256265895257132
0.5780000000000001,89.22190695768063,0.29024406272073167,0.0017780930423193643,0.062407472025600076,1.3044215808000004,0.5134313765973622,44.01275863249191,0.3323664050808053,2.0464135689278216,936.1120803840012,0.0013027873404207594
0.5785,89.19054004357947,0.30527163506835364,0.0018094599564205207,0.0630604339236,1.3074161184,0.5358185205286864,45.5419597389652,0.33873108351873826,2.1223747793488847,945.906508854,0.0013511457489077828
0.5790000000000001,89.15884627668352,0.3209515921387333,0.0018411537233164847,0.0637148782656001,1.3103513856000002,0.5589795080319828,47.10819052598897,0.34545897161573735,2.2013267459195163,955.7231739840015,0.001401408131893951
0.5795,89.12682492317236,0.3373063689389621,0.0018731750768276412,0.06437077545960002,1.3132275552000001,0.5829329391061119,48.711789106487466,0.352567128633812,2.283377698119695,965.5616318940002,0.0014536433904061724
0.5800000000000001,89.094475264,0.35435893571190424,0.0019055247360000045,0.06502809600000009,1.3160448000000002,0.6076975789697725,50.353078137751666,0.36007320564492973,2.368638853342775,975.4214400000014,0.0015079223276360863
0.5805,89.06179659485164,0.3721328025571096,0.001938203405148361,0.06568681046760001,1.3188032928,0.6332923501698008,52.03236416566038,0.3679954553574694,2.4572244318845993,985.3021570140002,0.001564317658482433
0.5810000000000001,89.02878822610047,0.39065202382102765,0.001971211773899525,0.06634688952960009,1.3215032064000005,0.659736324361104,53.74993696661267,0.3763527415662915,2.549251667305011,995.2033429440013,0.0016229040161473936
0.5815,88.99544948276451,0.4099412022469001,0.002004550517235481,0.06700830393960001,1.3241447135999997,0.6870487137569348,55.50606888764395,0.3851645481932413,2.6448408118815854,1005.1245590940001,0.0016837579556085438
0.5820000000000001,88.96177970446335,0.43002549287510344,0.0020382202955366454,0.0676710245376001,1.3267279872000004,0.715248862249023,57.3010141852414,0.39445098788434774,2.744115136873891,1015.0653680640014,0.001746957953787091
0.5825,88.927778245375,0.45093060668429036,0.0020722217546250013,0.06833502225000003,1.3292532,0.7443562361967874,59.13500836334984,0.4042328101290885,2.8472009273115884,1025.0253337500003,0.00181258440622987
0.5830000000000001,88.89344447419263,0.47268281396395495,0.0021065555258073646,0.0690002680896001,1.3317205248000001,0.7743904148855175,61.00826751109601,0.4145314088665398,2.9542274710185756,1035.0040213440016,0.0018807196201219012
0.5835,88.85877777408147,0.4953089474088816,0.0021412222259185212,0.06966673315560003,1.3341301344,0.8053710806534137,62.92098764074635,0.4253688295425263,3.0653270415825196,1045.0009973340004,0.0019514478034444553
0.5840000000000001,88.82377754263551,0.5188364049260358,0.002176222457364485,0.0703343886336001,1.3364822016000004,0.8373180086878188,64.87334402643921,0.4367677755813236,3.1806348749782485,1055.0158295040014,0.0020248550500930433
0.5845,88.78844319183436,0.5432931521443729,0.0022115568081656407,0.07100320579560003,1.3387768992,0.8702510564910662,66.86549054422318,0.4487516142348663,3.300289139552071,1065.0480869340004,0.0021010293207688402
0.5850000000000001,88.752774148,0.5687077246182063,0.0022472258520000055,0.0716731560000001,1.3410144000000004,0.9041901530168738,68.89755901396029,0.461344381771976,3.4244308990746717,1075.0973400000014,0.0021800604194574295
0.5855,88.71676985175364,0.595109229714556,0.0022832301482463616,0.07234421069160002,1.3431948768,0.9391552874781562,70.96965854363656,0.4745707879695423,3.553204068569463,1085.1631603740004,0.0022620399653082556
0.5860000000000001,88.68042975797248,0.6225273481752561,0.002319570242027525,0.0730163414016001,1.3453185024000003,0.9751664978278166,73.08187487665606,0.488456219867324,3.6867553626258616,1095.2451210240015,0.002347061359729836
0.5865,88.64375333574652,0.6509923353443441,0.002356246664253481,0.07368951974760002,1.3473854496000002,1.0122438589139715,75.23426974267525,0.5030267447475475,3.825234235907378,1105.3427962140004,0.002435219748516034
0.5870000000000001,88.60674006833536,0.6805350220515471,0.0023932599316646456,0.0743637174336001,1.3493958912000004,1.050407470311692,77.42688021256508,0.5183091123002768,3.9687928155681114,1115.4557615040014,0.0025266119788210635
0.5875,88.569389453125,0.711186815142443,0.0024306105468750016,0.07503890625000004,1.3513500000000003,1.089677443833226,79.65971805806706,0.5343307559351537,4.117585825293084,1125.5835937500005,0.0026213365508020625
0.5880000000000001,88.53170100158464,0.7429796976463976,0.002468298998415366,0.0757150580736001,1.3532479488000004,1.130073890719533,81.93276911674894,0.5511197932001346,4.271770500684017,1135.7258711040015,0.002719493563752008
0.5885,88.49367423922348,0.7759462285728969,0.002506325760776522,0.07639214486760004,1.3550899103999998,1.1716169085155779,84.24599266283343,0.5687050252674618,4.4315064957144426,1145.8821730140007,0.0028211846565471864
0.5890000000000001,88.45530870554751,0.8101195423274979,0.0025446912944524862,0.07707013868160012,1.3568760576000005,1.2143265676327644,86.59932078451298,0.5871159354473025,4.596955779986089,1156.0520802240017,0.002926512942238582
0.5895,88.41660395401635,0.8455333477382555,0.0025833960459836413,0.07774901165160003,1.3586065632,1.2582228976016243,88.99265776833725,0.6063826866892759,4.768282526522855,1166.2351747740006,0.003035582936619296
0.5900000000000001,88.377559552,0.8822219266840907,0.0026224404480000058,0.07842873600000012,1.3602816000000004,1.3033258730187876,91.42587949129623,0.6265361180324369,4.945652989848378,1176.4310400000018,0.0031485004806063232
0.5905,88.33817508073564,0.9202201323160831,0.0026618249192643622,0.07910928403560002,1.3619013407999998,1.3496553991918545,93.89883282118879,0.6476077399641192,5.129235374098668,1186.6392605340004,0.00326537265627844
0.5910000000000001,88.29845013528447,0.9595633868633474,0.0027015498647155263,0.0797906281536001,1.3634659584000002,1.397231297486798,96.4113350259079,0.6696297286485816,5.319199690933106,1196.8594223040013,0.003386307696419543
0.5915,88.25838432448852,1.0002876790148256,0.002741615675511482,0.08047274083560003,1.3649756256,1.4460732903822178,98.96317319224067,0.6926349189864648,5.515717607014767,1207.0911125340006,0.003511414887421602
0.5920000000000001,88.21797727092735,1.0424295608689662,0.0027820227290726468,0.0811555946496001,1.3664305152000003,1.4962009862357124,101.55410365482052,0.7166567964667176,5.718962280844519,1217.3339197440014,0.0036408044654100214
0.5925,88.17722861087499,1.0860261444426724,0.0028227713891250026,0.08183916225000003,1.3678308,1.5476338637671307,104.18385143582921,0.7417294877727448,5.929108188741825,1227.5874337500004,0.0037745875054595833
0.5930000000000001,88.13613799425663,1.1311150977319882,0.0028638620057433667,0.08252341637760012,1.3691766528000002,1.6003912562647502,106.85210969609376,0.7678877501055752,6.146330939782112,1237.851245664002,0.003912875803779911
0.5935,88.09470508460548,1.1777346403162314,0.002905294915394522,0.08320832985960003,1.3704682464,1.6544923355197645,109.55853919817966,0.7951669591869908,6.370807079510259,1248.1249478940003,0.004055781752755597
0.5940000000000001,88.05292955901952,1.2259235384982337,0.0029470704409804874,0.08389387560960011,1.3717057536000001,1.709956095495649,112.30276778212456,0.8236030959067264,6.602713882268067,1258.4081341440017,0.004203418208737766
0.5945,88.01081110811836,1.2757210999728323,0.002989188891881642,0.08458002662760004,1.3728893472,1.7668013357384593,115.08438985441548,0.8532327315782643,6.842229131985949,1268.7003994140007,0.004355898352491729
0.595,87.968349436,1.3271671680166628,0.003031650563999998,0.08526675599999996,1.3740192,1.8250466445352815,117.90296589085521,0.8840930117690757,7.089530891309169,1279.0013399999993,0.0045133355422181795
0.5955,87.92554426019764,1.3803021151917962,0.003074455739802362,0.08595403689960003,1.3750954848,1.8847103818275466,120.75802195392387,0.9162216386717539,7.3447972589432595,1289.3105534940003,0.004675843159074493
0.596,87.88239531163649,1.4351668365565777,0.0031176046883635167,0.08664184258559995,1.3761183743999996,1.9458106618868778,123.64904922526777,0.9496568519839242,7.608206115124531,1299.6276387839994,0.00484353444513622
0.5965,87.83890233459051,1.491802742376806,0.003161097665409483,0.08733014640360004,1.3770880416,2.008365335761096,126.57550355393778,0.9844374082657832,7.879934855139632,1309.9521960540005,0.005016522333750363
0.597,87.79506508663937,1.550251750330713,0.003204934913360637,0.08801892178559997,1.3780046592,2.0723919734982563,129.5368050209846,1.0206025587454086,8.160160110838381,1320.2838267839995,0.005194919272244948
0.5975,87.750883338625,1.6105562772019464,0.0032491166613750023,0.08870814225000004,1.3788684,2.137907846157518,132.5323375210511,1.0581920255437283,8.449057460108417,1330.6221337500006,0.005378837036974836
0.598,87.70635687460864,1.6727592300538037,0.003293643125391358,0.08939778140159996,1.3796794367999998,2.2049299076147832,135.56144836154556,1.0972459762917555,8.746801124297136,1340.9667210239993,0.005568386540694547
0.5985,87.66148549182748,1.7369039968798212,0.0033385145081725226,0.09008781293160004,1.3804379424,2.273474776172823,138.62344788003878,1.1378049971152728,9.05356365359677,1351.3171939740005,0.005763677632268185
0.599,87.61626900065153,1.8030344367245101,0.003383730999348478,0.09077821061759997,1.3811440896,2.343558715984476,141.71760908046406,1.1799100639628604,9.369515600425938,1361.6731592639994,0.0059648188887376635
0.5995,87.57070722454036,1.8711948692696665,0.0034292927754596427,0.09146894832360004,1.3817980511999999,2.4151976182990706,144.8431672887499,1.223602512255766,9.694825180872051,1372.0342248540007,0.0061719173997902615
0.6,87.5248,1.9414300638806208,0.0034751999999999977,0.09215999999999996,1.3823999999999999,2.488406982541299,147.99931982845624,1.2689240048392114,10.029657924279455,1382.3999999999994,0.006385078544679496
0.6005,87.47854717653964,2.0137852281085764,0.003521452823460363,0.09285133968360004,1.3829501088,2.5632018972334047,151.18522571703775,1.3159164982175702,10.374176311101255,1392.7700952540008,0.006604405761674436
0.601,87.43194861662849,2.088305995643934,0.0035680513833715177,0.09354294149759998,1.3834485504,2.639597020770447,154.40000538329397,1.364622207057018,10.728539399154101,1403.1441224639998,0.0068300003101261116
0.6015,87.38500419565251,2.1650384137172383,0.003614995804347483,0.09423477965160006,1.3838954975999997,2.717606562060047,157.6427404066148,1.4150835669423218,11.092902438450079,1413.5216947740007,0.007061961025261877
0.602,87.33771380187136,2.2440289299432044,0.0036622861981286383,0.09492682844159997,1.3842911232,2.7972442610368806,160.9124732785693,1.4673431953757237,11.467416474802572,1423.9024266239994,0.0073003840658330665
0.6025,87.29007733637499,2.325324378605471,0.0037099226636250022,0.09561906225000004,1.3846356000000002,2.878523369064204,164.20820718743852,1.5214438510095138,11.852227942441251,1434.2859337500006,0.007545362654765637
0.603,87.24209471304064,2.408971966377836,0.003757905286959357,0.09631145554559996,1.3849291008,2.961456629233,167.52890582622103,1.5774283911048639,12.247478245892825,1444.6718331839993,0.007796986812977196
0.6035,87.19376585848947,2.495019257480299,0.0038062341415105237,0.09700398288360004,1.3851717984,3.0460562565715423,170.87349322469547,1.6353397272135226,12.653303331425004,1455.0597432540008,0.008055343086549746
0.604,87.14509071204353,2.5835141582664454,0.0038549092879564774,0.09769661890559997,1.3853638655999998,3.132333918176661,174.240853606055,1.6952207790802614,13.069833248374533,1465.4492835839997,0.00832051426746244
0.6045,87.09606922568236,2.6745049012413533,0.0039039307743176425,0.09838933833960005,1.3855054752,3.220300713280138,177.62983126868446,1.7571144267681886,13.497191700722386,1475.840075094001,0.008592579108115493
0.605,87.046701364,2.7680400285069,0.0039532986359999975,0.09908211599999997,1.3855967999999999,3.3099671532617663,181.03923049356973,1.8210634610101373,13.935495589301638,1486.2317399999995,0.008871612029890643
0.6055,86.99698710416163,2.8641683746345734,0.004003012895838363,0.09977492678760005,1.3856380127999997,3.4013431416232107,184.4678154778949,1.8871105317941885,14.384854545069192,1496.6239018140009,0.009157682826022718
0.606,86.94692643586048,2.96293904896363,0.004053073564139518,0.10046774568959997,1.3856292864000002,3.494437953934845,187.9143102953007,1.9552980951926044,14.845370453895864,1507.0161853439995,0.009450856359071603
0.6065,86.89651936127451,3.0644014173249534,0.004103480638725483,0.10116054777960004,1.3855707936000001,3.5892602177698607,191.3773988833307,2.0256683584480264,15.317136973373312,1517.4082166940007,0.009751192253311983
0.607,86.84576589502336,3.16860508318973,0.004154234104976638,0.10185330821759998,1.3854627071999999,3.685817892638701,194.85572505852565,2.098263223332858,15.800239042164103,1527.7996232639996,0.010058744582375883
0.6075,86.794666064125,3.2755998682437446,0.0042053339358750046,0.10254600225000006,1.3853052000000001,3.7841182499383157,198.34789255966405,2.1731242278018708,16.294752382462555,1538.190033750001,0.010373561552509415
0.608,86.74321990795264,3.3854357923873226,0.004256780092047358,0.10323860520959999,1.3850984447999999,3.884167852929887,201.85246511958817,2.250292485960676,16.800742996164473,1548.5790781439998,0.010695685181824465
0.6085,86.69142747819147,3.498163053162597,0.0043085725218085244,0.10393109251560005,1.3848426144,3.9859725367599967,205.36796656609016,2.3298086263768716,17.318266655384996,1558.9663877340008,0.01102515097595227
0.609,86.63928883879552,3.613832004608925,0.0043607111612044775,0.10462343967359998,1.3845378816,4.089537388539346,208.8928809522721,2.411712728763422,17.84736838799463,1569.3515951039997,0.01136198760052551
0.6095,86.58680406594435,3.732493135548939,0.004413195934055644,0.10531562227560005,1.3841844192,4.194866727494377,212.42565271682724,2.496044259068074,18.388081958884616,1579.7343341340008,0.011706216550941553
0.61,86.533973248,3.8541970473066787,0.004466026751999998,0.10600761599999999,1.3837824,4.301964085206203,215.9646868746279,2.5828420030053594,18.940429347702963,1590.1142399999997,0.01205785181987892
0.6105,86.48079648546363,3.978994430861731,0.004519203514536364,0.10669939661160006,1.3833319968,4.410832185953022,219.50834923804717,2.6721439980727695,19.504420223846832,1600.490949174001,0.01241689956306702
0.611,86.42727389093248,4.106936043441198,0.004572726109067517,0.10739093996159998,1.3828333824,4.521472927170388,223.05496666936327,2.763987464094571,20.080051419522103,1610.8640994239997,0.01278335776382549
0.6115,86.37340558905652,4.238072684554437,0.004626594410943485,0.10808222198760005,1.3822867296,4.63388736004611,226.60282736464748,2.858408732342597,20.667306401728506,1621.2333298140006,0.01315721589691946
0.612,86.31919171649537,4.372455171473279,0.004680808283504639,0.10877321871359999,1.3816922111999999,4.748075670264429,230.1501811694548,2.955443173284987,21.266154744051672,1631.598280704,0.013538454592291936
0.6125,86.26463242187499,4.510134314163717,0.004735367578125005,0.10946390625000005,1.3810499999999999,4.864037158916678,233.69523992668672,3.0551251230200225,21.876551599191423,1641.9585937500008,0.013927045299264891
0.613,86.20972786574464,4.651160889672468,0.0047902721342553585,0.11015426079359998,1.3803602687999998,4.981770223593367,237.23617785691465,3.157487808453732,22.49843717317704,1652.3139119039997,0.014322949951814299
0.6135,86.15447822053348,4.795585615975537,0.004845521779466525,0.11084425862760006,1.3796231904,5.101272339675241,240.7711319714998,3.2625632712863055,23.131736202267536,1662.663879414001,0.0147261206355545
0.614,86.09888367050752,4.943459125293084,0.004901116329492479,0.11153387612159998,1.3788389375999999,5.222540041838579,244.29820251876595,3.370382290873912,23.77635743355532,1673.0081418239997,0.015136499257080238
0.6145,86.04294441172635,5.094831936878239,0.004957055588273645,0.11222308973160007,1.3780076831999999,5.3455689057923435,247.81545346352345,3.480974306038655,24.432193110336485,1683.346345974001,0.015554017216343202
0.615,85.986660652,5.249754429285907,0.005013339347999998,0.11291187599999998,1.3771296,5.470353530263129,251.32091300017282,3.594367335901741,25.099118463333124,1693.6781399999995,0.015978595082754093
0.6155,85.93003261084563,5.408276812129579,0.005069967389154365,0.11360021155560004,1.3762048608,5.596887519245471,254.81257409964587,3.7105878998202355,25.776991208892348,1704.0031733340006,0.01641014227572619
0.616,85.87306051944448,5.570449097333188,0.00512693948055552,0.11428807311359997,1.3752336384000001,5.725163464533711,258.288395090377,3.8296609365105474,26.465651055309163,1714.3210967039995,0.01684855675039076
0.6165,85.81574462059851,5.736321069887399,0.0051842553794014855,0.11497543747560006,1.3742161055999997,5.855172928553375,261.74630027352856,3.9516097224472886,27.164919218458415,1724.631562134001,0.017293724689238735
0.617,85.75808516868736,5.905942258117764,0.005241914831312638,0.11566228152959998,1.3731524352,5.986906427508217,265.18418057262267,4.076455789628327,27.87459794793875,1734.9342229439997,0.01774552020045462
0.6175,85.700082429625,6.079361903475687,0.005299917570375005,0.11634858225000007,1.3720427999999998,6.120353414861314,268.5998942177679,4.204218842803025,28.594470064970494,1745.2287337500009,0.018203805023733137
0.618,85.64173668081663,6.2566289298603595,0.00535826331918336,0.11703431669759999,1.3708873728,6.25550226516641,271.99126746459365,4.334916676262331,29.324298513302494,1755.514750464,0.01866842824437764
0.6185,85.58304821111548,6.437791912483154,0.005416951788884524,0.11771946201960005,1.3696863263999999,6.3923402582677635,275.35609534803785,4.468565090295251,30.06382592441804,1765.7919302940008,0.019139226016501604
0.619,85.52401732077952,6.622899046284901,0.005475982679220481,0.11840399544959998,1.3684398335999999,6.530853563885548,278.6921424710705,4.605177807419186,30.81277419834627,1776.0599317439996,0.019616021296164885
0.6195,85.46464432142835,6.811998113916997,0.005535355678571646,0.11908789430760007,1.3671480671999998,6.671027226604317,281.9971438284469,4.744766388495376,31.570844101408664,1786.3184146140009,0.020098623585291183
0.62,85.404929536,7.005136453298621,0.005595070463999999,0.119771136,1.3658112,6.812845151282064,285.26880566553837,4.887340148845128,32.33771488224997,1796.56704,0.020586828687225726
0.6205,85.34487329870763,7.202360924762412,0.005655126701292367,0.12045369801960007,1.3644294047999999,6.9562900888977595,288.5048063722952,5.0329060744861005,33.11304390752261,1806.805470294001,0.02108041847480477
0.621,85.28447595499648,7.403717877800555,0.0057155240450035205,0.12113555794559999,1.3630028544,7.101343622854156,291.70279741234117,5.181468738610738,33.896466318603444,1817.0333691839999,0.02157916067181471
0.6215,85.22373786150051,7.609253117426206,0.005776262138499487,0.12181669344360008,1.3615317215999998,7.247986155754602,294.860404287218,5.333030218434663,34.68759471074681,1827.2504016540013,0.022082808648734555
0.622,85.16265938599936,7.819011870161806,0.005837340614000638,0.12249708226560001,1.3600161792,7.396196896669939,297.9752275357303,5.487590012543322,35.486018836074976,1837.4562339840002,0.022591101233653755
0.6225,85.101240907375,8.033038749671228,0.005898759092625007,0.12317670225000009,1.3584563999999997,7.545953848914686,301.04484376837246,5.6451449588723674,36.29130533183462,1847.6505337500014,0.02310376253927495
0.623,85.03948281556863,8.251377722048108,0.005960517184431361,0.12385553132159999,1.3568525568,7.697233798348495,304.0668067367417,5.805689153456973,37.10299747533809,1857.832969824,0.023620501806904684
0.6235,84.97738551153748,8.474072070777323,0.006022614488462527,0.12453354749160006,1.3552048224,7.850012302221444,307.03864843787085,5.969213870091356,37.92061496702802,1868.003212374001,0.02414101326834808
0.624,84.91494940721152,8.701164361384993,0.00608505059278848,0.12521072885759998,1.3535133696,8.004263678580102,309.9578802533483,6.1357074810417185,38.74365374309818,1878.1609328639995,0.024664976026619552
0.6245,84.85217492545036,8.932696405792932,0.006147825074549648,0.12588705360360009,1.3517783711999998,8.159960996251828,312.8219941231067,6.305155378958683,39.57158581910735,1888.3058040540013,0.025192053956384332
0.625,84.7890625,9.168709226394629,0.0062109374999999994,0.1265625,1.3499999999999999,8.31707606542444,315.6284637537063,6.4775399001389165,40.40385916601942,1898.4375,0.0257218956250431
0.6255000000000001,84.72561257544963,9.409243019870575,0.006274387424550367,0.1272370464036001,1.3481784287999996,8.475579428838975,318.37474586095067,6.65284024928838,41.239897620101445,1908.5556960540014,0.026254134235371342
0.626,84.66182560718848,9.65433712075953,0.006338174392811519,0.1279106712576,1.3463138304,8.63544035361184,321.058281446611,6.831032425941469,42.079100828097395,1918.660068864,0.02678838759061587
0.6265000000000001,84.59770206136251,9.904029964805538,0.006402297938637486,0.12858335309160007,1.3444063775999997,8.796626823704287,323.67649710905306,7.012089152694292,42.920844229093284,1928.750296374001,0.027324258082949787
0.627,84.53324241483136,10.158359052097886,0.00646675758516864,0.1292550705216,1.3424562431999998,8.959105533055132,326.2268063874974,7.195979805410893,43.76447907446626,1938.8260578240001,0.02786133270617249
0.6275000000000001,84.46844715512499,10.417360910024874,0.006531552844875008,0.12992580225000006,1.3404635999999996,9.122841879394487,328.70661113965923,7.382670345565561,44.60933248730405,1948.8870337500007,0.02839918309353726
0.628,84.40331678040064,10.681071056059235,0.006596683219599359,0.1305955270656,1.3384286207999998,9.287799958753954,331.1133029524538,7.572123254883799,45.454707562649794,1958.9329059839997,0.02893736558156909
0.6285000000000001,84.33785179939947,10.949523960397833,0.006662148200600528,0.1312642238436001,1.3363514783999997,9.45394256069117,333.44426458546457,7.76429747244969,46.29988350991748,1968.9633576540014,0.029475421300729197
0.629,84.27205273140352,11.222753008473497,0.006727947268596481,0.1319318715456,1.3342323455999998,9.621231164243303,335.69687144681524,7.959148334444967,47.14411583878133,1978.9780731839999,0.030012876293755857
0.6295000000000001,84.20592010619235,11.500790463362916,0.006794079893807649,0.1325984492196001,1.3320713951999996,9.789625934627411,337.8684931010977,8.156627516690982,47.986636589829025,1988.9767382940013,0.030549241662502804
0.63,84.139454464,11.78366742810977,0.006860545536000001,0.13326393599999997,1.3298688,9.959085720701873,339.9564948089451,8.356682980161905,48.826654611219,1998.9590399999995,0.031084013744064755
0.6305000000000001,84.07265635547164,12.071413807987158,0.006927343644528366,0.13392831110760006,1.3276247327999997,10.129568053206158,341.9582390978591,8.559258919641877,49.66335588255897,2008.9246666140007,0.031616674316964875
0.631,84.00552634162048,12.364058272720186,0.00699447365837952,0.13459155384960003,1.3253393664,10.301029143793142,343.87108736383465,8.764295715697116,50.49590388717001,2018.8733077440006,0.03214669083814544
0.6315000000000001,83.93806499378451,12.661628218692984,0.007061935006215487,0.13525364361960007,1.3230128735999998,10.473423884870272,345.6924015033392,8.971729890136281,51.32344003386492,2028.8046542940012,0.0326735167114803
0.632,83.87027289358336,12.964149731162166,0.007129727106416639,0.1359145598976,1.3206454271999999,10.646705850263803,347.4195455751503,9.18149406513141,52.145084129313034,2038.7183984640003,0.03319659158849164
0.6325000000000001,83.802150632875,13.271647546502486,0.007197849367125007,0.1365742822500001,1.3182371999999998,10.820827296721891,349.0498874915538,9.39351692617355,52.95993490201889,2048.6142337500014,0.033715341701925194
0.633,83.73369881371264,13.584145014506328,0.007266301186287361,0.1372327903296,1.3157883648000002,10.995739166269782,350.580800738365,9.607723189034147,53.76707057887442,2058.491854944,0.03422918023279471
0.6335000000000001,83.66491804830147,13.901664060764116,0.0073350819516985275,0.13789006387560004,1.3132990943999996,11.171391089432746,352.0096661232297,9.824033570906263,54.565549515195364,2068.350958134001,0.034737507711475664
0.634,83.59580895895552,14.224225149149168,0.007404191041044481,0.1385460827136,1.3107695616000001,11.347731389339723,353.33387355161625,10.042364765896124,55.354410879076305,2078.191240704,0.035239712453379125
0.6345000000000001,83.52637217805434,14.55184724443311,0.0074736278219456505,0.13920082675560008,1.3081999391999994,11.52470708672199,354.55082382991094,10.262629425035925,56.13267539083556,2088.012401334001,0.03573517102969707
0.635,83.456608348,14.88454777505697,0.007543391652000002,0.13985427599999997,1.3055904000000003,11.702263905819727,355.65793049498603,10.484736140986653,56.8993461182425,2097.8141399999995,0.03622324877365977
0.6355000000000001,83.38651812117364,15.22234259608579,0.0076134818788263685,0.1405064105316001,1.3029411167999996,11.880346281210418,356.652621669602,10.708589437599466,57.65340932814655,2107.5961579740015,0.03670330032269965
0.636,83.31610215989248,15.56524595237055,0.007683897840107522,0.14115721052160002,1.3002522624,12.058897365570418,357.5323419429688,10.934089764499168,58.39383539503298,2117.3581578240005,0.03717467019685591
0.6365000000000001,83.24536113636651,15.913270441947576,0.007754638863633491,0.14180665622760008,1.2975240095999998,12.237859038383869,358.29455427578625,11.161133496855392,59.11957976695808,2127.099843414001,0.03763669341370793
0.637,83.17429573265537,16.266426979699876,0.00782570426734464,0.14245472799360004,1.2947565311999998,12.417171915609327,358.936741929039,11.389612940499704,59.829583989206284,2136.8209199040007,0.0380886961400556
0.6375000000000001,83.102906640625,16.624724761310567,0.00789709335937501,0.14310140625000006,1.2919499999999995,12.596775360317245,359.45641041582155,11.619416342548073,60.5227767859293,2146.521093750001,0.03852999638051225
0.638,83.03119456190464,16.98817122753339,0.007968805438095363,0.14374667151360002,1.2891045888,12.776607494308296,359.85108947543273,11.850427907680807,61.19807519991254,2156.2000727040004,0.03895990470310245
0.6385000000000001,82.95916020784347,17.356772028812173,0.008040839792156529,0.14439050438760007,1.2862204703999998,12.956605210724813,360.1183350689586,12.082527820232439,61.8543857905179,2165.8575658140007,0.03937772500189607
0.639,82.88680429946751,17.73053099027409,0.00811319570053248,0.14503288556160002,1.2832978175999996,13.136704187664604,360.2557313955512,12.315592272235627,62.490605889729885,2175.4932834240003,0.039782755296632076
0.6395000000000001,82.81412756743634,18.109450077129083,0.00818587243256365,0.1456737958116001,1.2803368031999995,13.316838902808513,360.2608929285744,12.549493497562725,63.105624916124725,2185.1069371740014,0.040174288569217294
0.64,82.741130752,18.4935293605014,0.008258869248000001,0.146313216,1.2773375999999996,13.496942649070244,360.1314664707805,12.784099812299898,63.69832574645151,2194.69824,0.04055161363690201
0.6405000000000001,82.66781460295563,18.882766983725933,0.008332185397044372,0.14695112707560007,1.2743003807999995,13.676947551278996,359.8651332276505,13.019275661487042,64.26758614439721,2204.266906134001,0.040914016061860084
0.641,82.59417987960448,19.277159129135256,0.008405820120395523,0.14758751007360002,1.2712253184,13.856784583902378,359.459610898022,13.25488167234704,64.81228024596669,2213.8126511040005,0.0412607790968112
0.6415000000000001,82.52022735070851,19.676699985371794,0.008479772649291489,0.1482223461156001,1.2681125855999995,14.036383589819579,358.91265578108886,13.490774714126292,65.33128010078335,2223.335191734001,0.04159118466624339
0.642,82.44595779444737,20.081381715250572,0.00855404220555264,0.14885561640960004,1.2649623551999998,14.215673300151145,358.2220648988658,13.726807964656736,65.82345726846546,2232.8342461440006,0.041904514382697704
0.6425000000000001,82.371371998375,20.491194424207585,0.00862862800162501,0.1494873022500001,1.2617747999999995,14.394581355154466,357.3856781331575,13.96283098374775,66.2876844690976,2242.3095337500013,0.04220005059749097
0.643,82.29647075937663,20.906126129359883,0.008703529240623363,0.1501173850176,1.2585500928,14.57303432619036,356.40138037608807,14.19868979350365,66.72283728665938,2251.760775264,0.04247707748515227
0.6435000000000001,82.22125488362548,21.32616272921206,0.008778745116374529,0.1507458461796001,1.2552884063999996,14.75095773876877,355.26710369319665,14.43422696565931,67.12779592412672,2261.1876926940013,0.04273488216075501
0.644,82.14572518653952,21.751287974037865,0.008854274813460482,0.15137266728960003,1.2519899135999997,14.928276096678552,353.98082949810134,14.669281716014515,67.50144700879758,2270.5900093440005,0.042972755829223074
0.6445000000000001,82.06988249273834,22.181483436968634,0.008930117507261649,0.15199782998760006,1.2486547871999996,15.104912907207526,352.5405907377262,14.903690006040296,67.84268544623731,2279.9674498140007,0.04318999496558902
0.645,81.993727636,22.616728485819397,0.009006272364000003,0.15262131600000003,1.2452831999999998,15.280790707457172,350.9444740870425,15.13728465172073,68.15041632106849,2289.319740000001,0.04338590252507453
0.6455000000000001,81.91726145921763,23.057000255686432,0.009082738540782372,0.1532431071396001,1.2418753247999994,15.455831091757549,349.1906221522714,15.369895439685124,68.4235568426661,2298.6466070940014,0.04355978918175836
0.646,81.84048481435647,23.502273622343132,0.009159515185643523,0.1538631853056,1.2384313344,15.629954740184793,347.277235681498,15.60134925067159,68.6610383336414,2307.947779584,0.043710974594484565
0.6465000000000001,81.76339856241052,23.95252117647151,0.009236601437589491,0.15448153248360008,1.2349514015999994,15.803081448186504,345.2025757815835,15.831470190357754,68.86180825882786,2317.2229872540015,0.04383878869855502
0.647,81.68600357335936,24.407713198756436,0.009313996426640644,0.15509813074560003,1.2314356991999997,15.975130157316109,342.9649661402935,16.060079727577175,69.02483229229863,2326.4719611840005,0.04394257302163363
0.6475000000000001,81.608300726125,24.86781763587704,0.00939169927387501,0.1557129622500001,1.2278843999999995,16.146018987079966,340.5627952525196,16.286996839932907,69.14909641977091,2335.6944337500013,0.0440216820221785
0.648,81.53029090852864,25.332800077426143,0.009469709091471362,0.15632600924160003,1.2242976767999996,16.315665267897927,337.9945186494587,16.512038166804572,69.23360907356431,2344.8901386240004,0.04407548444859863
0.6485000000000001,81.45197501724746,25.802623733790455,0.009548024982752529,0.1569372540516001,1.2206757023999995,16.483985575179425,335.2586611296037,16.735018169734243,69.2774032971005,2354.0588107740014,0.04410336471721726
0.649,81.37335395777151,26.27724941502163,0.009626646042228485,0.15754667909760003,1.2170186495999997,16.650895764514704,332.35381899039186,16.955749300161425,69.27953893574364,2363.2001864640006,0.044104724307004115
0.6495000000000001,81.29442864436035,26.756635510733577,0.009705571355639651,0.1581542668836001,1.2133266911999991,16.8163110079825,329.27866225931757,17.174042174466642,69.23910485059633,2372.3140032540014,0.04407898316892174
0.65,81.2152,27.240737971053683,0.009784800000000005,0.15876,1.2095999999999998,16.98014583157216,326.0319369233438,17.389705756264995,69.15522115167897,2381.4,0.04402558114761162
0.6505000000000001,81.13566895635962,27.72951028866365,0.009864331043640373,0.1593638611236001,1.2058387487999995,17.142314153720463,322.61246715539374,17.60254754588076,69.02704144673591,2390.4579168540017,0.04394397941302862
0.651,81.05583645374848,28.222903481959044,0.009944163546251522,0.15996583301759998,1.2020431103999998,17.30272932496005,319.0191575367205,17.812373776915233,68.85375510172382,2399.487495264,0.04383366189951262
0.6515000000000001,80.97570344107251,28.720866079362267,0.010024296558927491,0.16056589853160008,1.1982132575999995,17.461304168678513,315.25099527391416,18.018989619808014,68.63458950885732,2408.488477974001,0.04369413674967113
0.652,80.89527087579135,29.223344104816675,0.010104729124208645,0.16116404060160003,1.1943493631999997,17.617951022983476,311.3070524093391,18.222199392272245,68.36881235790376,2417.4606090240004,0.043524937760330576
0.6525000000000001,80.81453972387499,29.730281064498346,0.010185460276125012,0.16176024225000007,1.1904515999999992,17.77258178367194,307.18648802372013,18.421806776472522,68.05573390624022,2426.403633750001,0.043325625827699346
0.653,80.73351095976064,30.24161793477259,0.010266489040239362,0.1623544865856,1.1865201408,17.925107948297914,302.88855042964997,18.617615042792906,67.69470924301059,2435.3172987840003,0.04309579038877501
0.6535000000000001,80.65218556630947,30.757293151430144,0.01034781443369053,0.16294675680360007,1.1825551583999994,18.07544066133484,298.4125793547308,18.809427280029283,67.2851405425491,2444.2013520540013,0.04283505085591833
0.654,80.57056453476352,31.277242600231308,0.010429435465236482,0.16353703618560003,1.1785568255999996,18.223490760426262,293.7580081130973,18.99704663182021,66.82647930207251,2453.0555427840004,0.04254305804141229
0.6545000000000001,80.48864886470234,31.80139960879217,0.010511351135297654,0.1641253080996001,1.1745253151999993,18.369168823719534,288.92436576401076,19.1802765391149,66.31822855847723,2461.8796214940016,0.042219495568719005
0.655,80.406439564,32.32969493984036,0.010593560436000005,0.164711556,1.1704607999999996,18.51238521827483,283.91127925626904,19.358920988456596,65.75994507893076,2470.6733400000003,0.04186408126705355
0.6555000000000001,80.32393764878162,32.86205678587541,0.010676062351218372,0.16529576342760008,1.166363452799999,18.653050149543155,278.7184755570896,19.532784765844568,65.15124151979096,2479.436451414001,0.04147656854579464
0.656,80.24114414338047,33.39841076525897,0.010758855856619527,0.1658779140096,1.1622334463999997,18.79107371190394,273.345783764216,19.70167371591567,64.49178854825817,2488.1687101439998,0.041056747745170305
0.6565000000000001,80.1580600802945,33.93867991977041,0.010841939919705496,0.16645799145960008,1.1580709535999991,18.926365940254893,267.7931371998852,19.865395006171667,63.78131692102371,2496.8698718940013,0.04060444745956668
0.657,80.07468650014336,34.482784713653416,0.010925313499856643,0.1670359795776,1.1538761471999999,19.05883686264348,262.06057548538354,20.023757395956643,63.01961951406895,2505.5396936639995,0.040119535829738165
0.6575000000000001,79.99102445162498,35.03064303418678,0.011008975548375013,0.16761186225000008,1.1496491999999991,19.18839655393101,256.14824659483907,20.176571509871874,62.20655329765016,2514.177933750001,0.03960192180012186
0.658,79.90707499147264,35.582170193805226,0.011092925008527363,0.16818562344960006,1.1453902847999997,19.314955190477683,250.05640888696462,20.323650115295443,61.342041250416315,2522.7843517440006,0.03905155633740282
0.6585000000000001,79.82283918441146,36.13727893380412,0.011177160815588531,0.1687572472356001,1.1410995743999992,19.438423105838243,243.78543311337137,20.4648084036563,60.42607420650799,2531.3587085340014,0.0384684336064137
0.659,79.73831810311552,36.695879429650674,0.011261681896884486,0.16932671775360003,1.1367772415999997,19.558710847455135,237.33580440219538,20.599864275091083,59.458712629431595,2539.9007663040006,0.03785259209941818
0.6595000000000001,79.65351282816434,37.257879297936995,0.011346487171835657,0.16989401923560007,1.132423459199999,19.6757292343375,230.70812421562897,20.72863862609657,58.44008830642334,2548.410288534001,0.03720411571477658
0.66,79.568424448,37.82318360499592,0.011431575552000004,0.17045913600000004,1.1280383999999997,19.789389415711664,223.90311228010245,20.85095563976821,57.37040595699756,2556.8870400000005,0.036523134780979516
0.6605000000000001,79.48305405888362,38.39169487721456,0.011516945941116376,0.1710220524516001,1.123622236799999,19.89960293063012,216.92160848770294,20.966643078200093,56.24994474932222,2565.3307867740014,0.03580982702200254
0.661,79.39740276485247,38.96331311306511,0.011602597235147524,0.1715827530816,1.1191751423999998,20.006281768523188,209.76457476759032,21.07553257660006,55.07905971808124,2573.741296224,0.0350644184599453
0.6615,79.31147167767652,39.53793579688719,0.011688528322323474,0.17214122246759994,1.1146972896000003,20.109338430679166,202.43309692598405,21.177459938659055,53.85818307746126,2582.1183370139993,0.03428718425090491
0.662,79.22526191681536,40.115457914442445,0.011774738083184648,0.17269744527360004,1.1101888511999998,20.2086859926359,194.92838645346603,21.272265432692876,52.58782542295093,2590.4616791040003,0.03347844945006513
0.6625,79.138774609375,40.69577197026972,0.011861225390624995,0.17325140624999996,1.10565,20.30423816746773,187.2517822982383,21.359794088059843,51.268576815670244,2598.7710937499996,0.03263858970200185
0.663,79.05201089006464,41.27876800686677,0.011947989109935366,0.17380309023360002,1.1010809087999998,20.395909369950402,179.40475260400441,21.439895991339586,49.90110774301297,2607.0463535040003,0.03176803185224707
0.6635,78.96497190115349,41.86433362572118,0.012035028098846514,0.17435248214759996,1.0964817504000002,20.483614781585498,171.388896411186,21.51242658174245,48.486169949477244,2615.2872322139992,0.030867254476212067
0.664,78.87765879242751,42.45235401021791,0.012122341207572487,0.17489956700160003,1.0918526975999996,20.567270416466396,163.205945320112,21.577246945203747,47.02459713165055,2623.493505024,0.029936788321628594
0.6645,78.79007272114637,43.04271195044307,0.012209927278853634,0.17544432989159997,1.0871939232000003,20.646793187965642,154.85776511493034,21.63422410660112,45.517305491459844,2631.6649483739993,0.02897721666075883
0.665,78.702214852,43.63528786991323,0.012297785148000007,0.17598675600000005,1.0825055999999997,20.72210097622466,146.34635734685506,21.683231319520846,43.965294141920474,2639.801340000001,0.02798917554870317
0.6655,78.61408635706564,44.22995985424527,0.012385913642934357,0.17652683059559998,1.0777879008000004,20.793112696424124,137.6738608755494,21.72414835298317,42.36964535981953,2647.9024589339997,0.02697335398426346
0.666,78.52568841576448,44.826603681796655,0.012474311584235525,0.17706453903360003,1.0730409983999998,20.85974836781478,128.84255336725062,21.756861774526907,40.73152467992599,2655.9680855040006,0.025930493969919005
0.6665,78.43702221481853,45.42509285629137,0.012562977785181477,0.17759986675559997,1.0682650656000001,20.921929183485872,119.85485274843998,21.781265229039782,39.0521808255684,2663.9980013339996,0.02486139046763098
0.667,78.34808894820735,46.02529864145669,0.012651911051792647,0.17813279928960005,1.0634602751999997,20.979577580849266,110.71331861371345,21.79725971271187,37.33294547063095,2671.9919893440006,0.02376689124732441
0.6675,78.25888981712501,46.627090097686995,0.012741110182874996,0.17866332224999998,1.0586268,21.032617312815606,101.42065358665289,21.80475384147936,35.57523282830371,2679.94983375,0.02264789662507842
0.668,78.16942602993663,47.23033412075946,0.012830573970063366,0.17919142133760002,1.0537648127999995,21.08097351963909,91.97970463235991,21.803664113318057,33.780539062178704,2687.8713200640004,0.021505359088218396
0.6685,78.07969880213548,47.83489548261325,0.012920301197864517,0.17971708233959996,1.0488744864000004,21.124572801406018,82.3934643205128,21.793915163738575,31.950441515624888,2695.7562350939993,0.020340282804720836
0.669,77.98970935629951,48.440636874218235,0.013010290643700483,0.18024029112960005,1.0439559935999996,21.163343291142304,72.6650720375942,21.77544001382946,30.086597755660424,2703.604366944001,0.019153723014523526
0.6695,77.89945892204837,49.04741895054316,0.013100541077951635,0.1807610336676,1.0390095072,21.19721472851409,62.797815147180835,21.74818031019037,28.190744427935613,2711.4155050140002,0.017946785300585032
0.67,77.80894873599999,49.65510037764652,0.013191051264000006,0.181279296,1.0340351999999997,21.22611853409538,52.7951300969892,21.712086556093883,26.264695919771192,2719.18944,0.01672062473774848
0.6705,77.71818004172765,50.26353788189967,0.013281819958272356,0.18179506425959996,1.0290332448000001,21.249987884175535,42.660603471571264,21.66711833321337,24.310342828625565,2726.9259638939993,0.015476444917737472
0.671,77.62715408971647,50.872586301363896,0.013372845910283525,0.18230832466560004,1.0240038143999994,21.26875778607927,32.397972989385806,21.613244513253708,22.32965023374277,2734.6248699840007,0.01421549684885303
0.6715,77.53587213732052,51.48209863932841,0.013464127862679478,0.1828190635236,1.0189470816000001,21.282365153971124,22.0111284431849,21.55044345882382,20.32465576920468,2742.285952854,0.012939077729240533
0.672,77.44433544871936,52.09192612003051,0.013555664551280646,0.18332726722560005,1.0138632191999997,21.290748885115654,11.504112582453274,21.478703212892256,18.29746749702045,2749.9090083840006,0.011648529592856378
0.6725,77.352545294875,52.70191824656309,0.013647454705125,0.18383292225,1.0087524,21.29384993656415,0.8811219368745498,21.39802167617249,16.250261579399265,2757.49383375,0.010345237827590814
0.673,77.26050295348864,53.31192286098748,0.013739497046511366,0.18433601516160003,1.0036147967999995,21.291611402238075,-9.853492420380476,21.308406771790363,14.185279749800872,2765.0402274240005,0.009030629565288693
0.6735,77.16820970895748,53.921786206658346,0.013831790291042518,0.1848365326116,0.9984505824000002,21.283978590378876,-20.695224170581653,21.209876596594654,12.104826582890363,2772.5479891739997,0.007706171943748711
0.674,77.07566685233151,54.531352992772796,0.013924333147668487,0.1853344613376,0.9932599295999996,21.270899101333388,-31.639411109694947,21.102459558481556,10.011266564023064,2780.016920064,0.006373370241099541
0.6745,76.98287568127036,55.140466461152,0.01401712431872964,0.1858297881636,0.9880430112,21.252322905643194,-42.68123457201234,20.986194499115115,7.907020959424981,2787.4468224539996,0.005033765883294826
0.675,76.8898375,55.7489684552647,0.014110162500000007,0.18632250000000006,0.9827999999999995,21.22820242240614,-53.81571891821298,20.86113080143959,5.79456448877141,2794.8375000000005,0.003688934325810926
0.6755,76.79655361926964,56.35669949149798,0.014203446380730357,0.18681258384360003,0.9775310688000002,21.198492597877543,-65.0377310888473,20.727328481394864,3.676421802428461,2802.1887576540007,0.00234048281098922
0.676,76.70302535630847,56.96349883268365,0.014296974643691531,0.18730002677760005,0.9722363903999993,21.163150984278037,-76.34198022427857,20.58485826326264,1.5551637661726012,2809.5004016640005,0.000990048002815112
0.6765,76.60925403478252,57.569204563884206,0.014390745965217475,0.1877848159716,0.9669161376000001,21.122137818774725,-87.72301735202272,20.433801638091108,-0.5665964432125907,2816.7722395739997,-0.0003607064987022807
0.677,76.51524098475136,58.173653670444615,0.01448475901524865,0.18826693868160002,0.9615704831999996,21.07541610260145,-99.175235142485,20.274250904664974,-2.686207427501609,2824.004080224,-0.0017100927610281804
0.6775,76.420987542625,58.7766821183109,0.014579012457374994,0.18874638225,0.9561995999999999,21.02295168028404,-110.69286773397131,20.10630919251224,-4.800983837194343,2831.19573375,-0.0030564012375750996
0.678,76.32649505112063,59.37812493662058,0.014673504948879368,0.18922313410560002,0.9508036607999996,20.96471331893551,-122.26999062793398,19.930090466461827,-6.908210817160704,2838.347011584,-0.00439790359788811
0.6785,76.23176485921948,59.97781630256461,0.014768235140780517,0.18969718176359998,0.9453828384,20.900672787585865,-133.90052065529505,19.745719512293483,-9.005148622036094,2845.457726454,-0.005732855665896857
0.679,76.13679832212351,60.57558962852278,0.014863201677876487,0.19016851282560004,0.9399373055999993,20.83080493651081,-145.5782160147396,19.553331903048914,-11.089037395068807,2852.5276923840006,-0.007059500462224301
0.6795,76.04159680121236,61.17127765147007,0.01495840319878764,0.19063711497959998,0.9344672352000001,20.755087776523172,-157.29667638376878,19.35307394560329,-13.157102103524636,2859.556724694,-0.00837607134616288
0.68,75.94616166399999,61.76471252465521,0.015053838336000007,0.19110297600000004,0.9289727999999994,20.673502558190343,-169.04934310337836,19.14510260712703,-15.206557623191625,2866.5446400000005,-0.009680795252570762
0.6805,75.85049428409164,62.35572591154516,0.01514950571590836,0.19156608374759998,0.9234541728000001,20.586033850941035,-180.8294994370653,18.929585421102747,-17.234613963930283,2873.491256214,-0.010971896018560436
0.681,75.75459604114047,62.94414908203597,0.015245403958859531,0.19202642616960003,0.9179115263999995,20.49266962202345,-192.63027090500364,18.70670037259439,-19.23848162767575,2880.3963925440007,-0.012247597794508833
0.6815,75.65846832080452,63.52981301092115,0.015341531679195478,0.19248399129959998,0.9123450336000001,20.393401315277767,-204.44462569402188,18.476635762505637,-21.215377089708078,2887.2598694939998,-0.013506128533542357
0.682,75.56211251470334,64.11254847861495,0.015437887485296651,0.19293876725760004,0.9067548671999994,20.288223929684275,-216.26537514415725,18.239590050599496,-23.162528393486546,2894.0815088640006,-0.014745723553319046
0.6825,75.465530020375,64.69218617412095,0.015534469979624998,0.19339074224999997,0.9011412000000001,20.1771360976492,-228.0851743123854,17.995771677093515,-25.0771808487817,2900.861133749999,-0.015964629163572077
0.683,75.36872224123263,65.26855680024094,0.015631277758767374,0.19383990456960007,0.8955042047999995,20.060140162988915,-239.89652261422907,17.7453988626836,-26.95660282233435,2907.598568544001,-0.017161106352557794
0.6835,75.27169058652149,65.84149118101072,0.015728309413478518,0.1942862425956,0.8898440544,19.93724225857409,-251.69176454377168,17.488699386895107,-28.798091609736577,2914.2936389340002,-0.018333434525211256
0.684,75.17443647127551,66.41082037135754,0.01582556352872449,0.19472974479360006,0.8841609215999993,19.808452383593828,-263.4630904727407,17.225910344700445,-30.598979376760113,2920.946171904001,-0.019479915285513343
0.6845,75.07696131627436,66.97637576896228,0.015923038683725636,0.1951703997156,0.8784549792,19.673784480400695,-275.2025375291118,16.95727788139132,-32.356639157848285,2927.555995734,-0.020598876255249345
0.685,74.97926654799998,67.53798922831967,0.016020733452000013,0.195608196,0.8727263999999993,19.53325651089599,-286.90199055584003,16.68305690573663,-34.06849089905497,2934.1229399999997,-0.02168867492106339
0.6855,74.88135359859365,68.09549317697625,0.01611864640140636,0.1960431223716,0.8669753567999999,19.386890532416185,-298.5531831500956,16.40351078150887,-35.732007532238676,2940.646835574,-0.022747702501410488
0.686,74.78322390581248,68.64872073393866,0.016216776094187528,0.19647516764160003,0.8612020223999994,19.23471277307864,-310.14769878356515,16.1189109975061,-37.344721066928855,2947.1275146240005,-0.023774387824759068
0.6865,74.68487891298652,69.19750583022801,0.01631512108701348,0.1969043207076,0.8554065695999999,19.076753706547816,-321.67697200410754,15.829536816251835,-38.90422868583901,2953.5648106139997,-0.02476720121011516
0.687,74.58632006897534,69.7416833315711,0.016413679931024654,0.19733057055360004,0.8495891711999992,18.913048126179373,-333.1322897192617,15.535674901600578,-40.40819882965455,2959.9585583040007,-0.02572465834071865
0.6875,74.487548828125,70.28108916320312,0.016512451171874998,0.19775390625,0.84375,18.743635218502668,-344.50479256185287,15.237618925533575,-41.85437725632694,2966.30859375,-0.026645324121509734
0.6880000000000001,74.38856665022463,70.81556043676879,0.01661143334977537,0.19817431695360002,0.8378892287999993,18.56855863599913,-355.7854763380964,14.935669154477633,-43.24059305979187,2972.614754304,-0.02752781651076392
0.6885,74.28937500046348,71.34493557929429,0.016710624999536523,0.19859179190759998,0.8320070304000001,18.38786656913673,-366.96519355838115,14.630132015537896,-44.564764632684465,2978.876878614,-0.028370810316074427
0.6890000000000001,74.18997534938751,71.86905446421487,0.016810024650612487,0.19900632044160005,0.8261035775999992,18.20161181761759,-378.0346550510682,14.321319643084752,-45.82490555735254,2985.0948066240007,-0.029173040944687686
0.6895,74.09036917285636,72.38775854442929,0.01690963082714364,0.19941789197159995,0.8201790432000001,18.00985186079851,-388.9844316594226,14.009549406194537,-47.019130409171105,2991.268379573999,-0.02993330809800813
0.6900000000000001,73.99055795199999,72.90089098736169,0.017009442048000017,0.19982649600000005,0.8142335999999993,17.812648927241632,-399.8049560219253,13.695143417495053,-48.14566045592995,2997.3974400000006,-0.03065047939994099
0.6905,73.89054317317564,73.40829681200012,0.01710945682682436,0.20023212211560001,0.8082674207999999,17.61007006335465,-410.4865244360176,13.378428024026618,-49.20282923681685,3003.481831734,-0.03132349394858332
0.6910000000000001,73.79032632792448,73.9098230278914,0.01720967367207553,0.20063475999360006,0.8022806783999994,17.402187201077677,-421.01929880545407,13.059733280782012,-50.18908800433264,3009.5213999040006,-0.03195136578065475
0.6915,73.68990891292853,74.40531877605714,0.017310091087071475,0.2010343993956,0.7962735456,17.189077224576167,-431.3933086712401,12.739392407649428,-51.10301101226873,3015.515990934,-0.03253318723792852
0.6920000000000001,73.58929242996734,74.89463547180918,0.017410707570032654,0.20143103016960004,0.7902461951999992,16.970822035896752,-441.5984533262543,12.417741230535356,-51.94330063273492,3021.4654525440005,-0.03306813222483255
0.6925,73.488478385875,75.37762694942737,0.017511521614125,0.20182464224999996,0.7841988,16.747508619545748,-451.6245040134532,12.095117607506678,-52.708792285065684,3027.369633749999,-0.033555459346288646
0.6930000000000001,73.38746829249664,75.85414960867467,0.017612531707503373,0.20221522565760006,0.7781315327999992,16.51922910594653,-461.46110620769775,11.7718608408431,-53.39845915933121,3033.228384864001,-0.03399451491479302
0.6935,73.28626366664548,76.3240625631105,0.017713736333354522,0.2026027704996,0.7720445663999999,16.286080833736197,-471.09778198100736,11.448311075955424,-54.0114167170636,3039.041557494,-0.0343847358156676
0.6940000000000001,73.18486603005951,76.78722779017407,0.01781513396994049,0.20298726696960007,0.7659380735999992,16.048166410858077,-480.5239324511938,11.124808688177067,-54.546926951745284,3044.809004544001,-0.03472565221937117
0.6945,73.08327690935836,77.24351028299832,0.01791672309064164,0.20336870534760002,0.7598122272,15.80559377440953,-489.7288403136386,10.801693658498847,-55.004402391535905,3050.530580214,-0.035016890129714436
0.6950000000000001,72.98149783599999,77.692778203922,0.018018502164000014,0.20374707600000005,0.7536671999999992,15.558476249202656,-498.7016724560584,10.479304939372017,-55.38340982668423,3056.2061400000007,-0.035258173756804186
0.6955,72.87953034623763,78.1349030396582,0.018120469653762364,0.20412236937960002,0.7475031647999999,15.30693260499753,-507.43148265594937,10.157979811765607,-55.683673744042736,3061.835540694,-0.03544932770352316
0.6960000000000001,72.77737598107646,78.56975975808476,0.018222624018923536,0.20449457602560003,0.7413202943999992,15.051087112365476,-515.9072143604826,9.838053234719094,-55.905079451107895,3067.4186403840004,-0.03559027895435586
0.6965,72.67503628623052,78.99722696661412,0.01832496371376948,0.20486368656359996,0.7351187615999999,14.791069597142426,-524.1177035484617,9.519857188692729,-56.04767587201706,3072.9552984539996,-0.035681058655375485
0.6970000000000001,72.57251281207934,79.41718707210293,0.018427487187920654,0.20522969170560004,0.7288987391999991,14.527015493430136,-532.0516816740324,9.203720014072779,-56.11167799797089,3078.4453755840004,-0.03572180367423125
0.6975,72.469807113625,79.82952644225801,0.018530192886375002,0.20559258225000002,0.7226604,14.259065895106346,-539.6977786916667,8.889965746250622,-56.0974689745946,3083.88873375,-0.03571275792900387
0.6980000000000001,72.36692075044863,80.23413556849654,0.018633079249551373,0.20595234908160004,0.7164039167999993,13.987367605800724,-547.0445261620544,8.578913448747215,-56.00560180881725,3089.2852362240005,-0.03565427347483864
0.6985,72.26385528666748,80.6309092302162,0.01873614471333252,0.2063089831716,0.7101294623999999,13.712073187299149,-554.0803604383304,8.270876545918531,-55.83680067792833,3094.634747574,-0.03554681133731675
0.6990000000000001,72.16061229089152,81.0197466604278,0.018839387709108486,0.20666247557760004,0.7038372095999992,13.43334100633391,-560.7936259321757,7.966162156828997,-55.59196182356274,3099.9371336640006,-0.03539094208158378
0.6995,72.05719333618035,81.40055171270492,0.018942806663819645,0.2070128174436,0.6975273311999998,13.15133527972152,-567.1725784591752,7.6650704319418175,-55.272154013475614,3105.192261654,-0.03518734610632474
0.7000000000000001,71.95359999999998,81.77323302940391,0.019046400000000015,0.20736000000000004,0.6911999999999991,12.866226117808125,-573.2053886628541,7.367893894329786,-54.878618554091524,3110.4000000000005,-0.03493681365175307
0.7005,71.84983386417964,82.13770421110165,0.01915016613582036,0.20770401456360002,0.6848553887999999,12.578189566183127,-578.8801455167228,7.0749167871678695,-54.412768836942966,3115.560218454,-0.034640244510864455
0.7010000000000001,71.74589651486846,82.49388398720527,0.019254103485131534,0.20804485253760002,0.6784936703999991,12.287407645622316,-584.184859903658,6.786414429325649,-53.876189402267755,3120.672788064,-0.0342986474333044
0.7015,71.64178954249252,82.84169638767804,0.019358210457507487,0.20838250541159997,0.6721150175999998,11.994068390223061,-589.1074682718627,6.502652580935444,-53.27063450319368,3125.7375811739994,-0.03391313921129979
0.7020000000000001,71.53751454171135,83.18107091583362,0.01946248545828865,0.2087169647616,0.6657196031999992,11.698365883691007,-593.6358363666726,6.223886820864833,-52.598026154107124,3130.7544714240003,-0.03348494343721177
0.7025,71.433073111375,83.51194272214128,0.019566926888625,0.20904822225000003,0.6593075999999998,11.400500293743606,-597.7577630373552,5.950361938083776,-51.86045164699847,3135.7233337500006,-0.03301538892239213
0.7030000000000001,71.32846685448062,83.83425277899022,0.019671533145519376,0.20937626962560005,0.6528791807999991,11.100677904590466,-601.4609841180909,5.682311338967036,-51.060160519762654,3140.644044384001,-0.03250590776714347
0.7035,71.22369737812947,84.1479480563554,0.019776302621870523,0.2097010987236,0.6464345183999999,10.799111147455815,-604.7331763822115,5.419956472633026,-50.19956096065305,3145.516480854,-0.03195803307172347
0.7040000000000001,71.1187662934835,84.45298169831146,0.019881233706516493,0.21002270146560004,0.6399737855999991,10.49601862910482,-607.561961568793,5.163506276471991,-49.28121563329905,3150.340521984,-0.03137339627846853
0.7045,71.01367521572236,84.7493132003314,0.019986324784277643,0.2103410698596,0.6334971551999997,10.191625158339637,-609.9349104806065,4.913156644075189,-48.30783690693859,3155.1160478939996,-0.030753724135265493
0.7050000000000001,70.90842576399999,85.03690858731824,0.02009157423600001,0.21065619600000007,0.627004799999999,9.886161770427892,-611.8395471524435,4.669089917828644,-47.282281476754214,3159.8429400000014,-0.030100835270751178
0.7055,70.80301956140164,85.31574059230456,0.020196980438598362,0.2109680720676,0.6204968927999999,9.579865749430722,-613.2633530887398,4.431474408493409,-46.20754435946641,3164.5210810139997,-0.029416636371788426
0.7060000000000001,70.69745823490047,85.58578883576128,0.02030254176509954,0.21127669032960003,0.6139736063999991,9.272980648393649,-614.1937715694323,4.200463944145371,-45.08675224959558,3169.1503549440004,-0.028703117953931077
0.7065,70.59174341531451,85.84704000545452,0.02040825658468548,0.21158204313960002,0.6074351135999998,8.965756307369018,-614.6182120229037,3.976197450906298,-43.92315622210071,3173.7306470940007,-0.02796234971577947
0.7070000000000001,70.48587673726334,86.09948803678677,0.020514123262736658,0.21188412293760003,0.6008815871999991,8.658448869234215,-614.5240544648575,3.758798567948102,-42.720123767379576,3178.2618440640003,-0.027196475468304088
0.7075,70.37985983912499,86.3431342935597,0.020620140160875006,0.21218292224999996,0.5943131999999998,8.351320793275246,-613.8986540019182,3.5483752993103006,-41.481130144940195,3182.7438337499993,-0.026407707630421846
0.7080000000000001,70.27369436299261,86.57798774909372,0.020726305637007378,0.2124784336896,0.5877301247999991,8.04464086650166,-612.7293453987056,3.3450197051215227,-40.20974904235792,3187.176505344,-0.025598321282303473
0.7085,70.16738195463148,86.80406516763725,0.020832618045368522,0.21277064995560002,0.5811325343999998,7.738684212663364,-611.0034477071129,3.148807634872556,-38.90964252648395,3191.5597493340006,-0.024770647768114176
0.7090000000000001,70.06092426343551,87.02139128600443,0.020939075736564484,0.21305956383360003,0.574520601599999,7.433732298936215,-608.7082689564551,2.959798505439208,-37.584550274203956,3195.8934575040003,-0.02392706784010164
0.7095,69.95432294238435,87.2299989953665,0.021045677057615644,0.21334516819559998,0.5678944991999997,7.130072940249142,-605.8311109031507,2.7780351266100434,-36.23827807043117,3200.1775229339996,-0.02307000433619101
0.7100000000000001,69.84757964799998,87.42992952313665,0.021152420352000018,0.21362745600000005,0.5612543999999989,6.828000301220442,-602.3592738385219,2.603543576923736,-34.874685561378435,3204.4118400000007,-0.022201914383475713
0.7105,69.74069604030365,87.62123261487255,0.02125930395969636,0.2139064202916,0.5546004767999996,6.527814895676947,-598.2800614532963,2.4363331326770625,-33.49767325157322,3208.5963043740003,-0.02132528112026016
0.7110000000000001,69.63367378277246,87.80396671613359,0.021366326217227533,0.21418205420160003,0.5479329023999989,6.229823583726088,-593.5807857573353,2.276396253014751,-32.11116873348074,3212.7308130240003,-0.020442604929565504
0.7115,69.52651454229652,87.97819915421482,0.021473485457703476,0.21445435094760001,0.5412518495999997,5.934339566356053,-588.2487720531062,2.1237086240675103,-30.719112139055103,3216.8152642140003,-0.019556394177299465
0.7120000000000001,69.41921998913534,88.14400631969475,0.021580780010864657,0.21472330383360005,0.534557491199999,5.641682377534179,-582.2713639613158,1.9782292651536093,-29.325440802970963,3220.8495575040006,-0.018669155448566357
0.7125,69.311791796875,88.30147384771712,0.021688208203125,0.21498890625,0.5278499999999997,5.352177873781857,-575.6359284971975,1.8399007001153072,-27.934073127801792,3224.83359375,-0.01778338327592055
0.7130000000000001,69.20423164238463,88.45069679893966,0.021795768357615368,0.21525115167360004,0.521129548799999,5.0661582211970355,-568.3298611957684,1.7086491969088988,-26.54889164187695,3228.7672751040004,-0.016901549353663288
0.7135,69.09654120577348,88.59177984007292,0.021903458794226525,0.2155100336676,0.5143963103999998,4.7839618799038615,-560.3405912844903,1.584385078622206,-25.173725241115147,3232.650505014,-0.016026091232642762
0.7140000000000001,68.9887221703475,88.72483742393811,0.022011277829652502,0.21576554588160002,0.5076504575999989,4.505933585903178,-551.6555869015898,1.4670031091409093,-23.81233060665653,3236.483188224,-0.015159400490351272
0.7145,68.88077622256634,88.84999396896582,0.022119223777433656,0.2160176820516,0.5008921631999996,4.232424330303792,-542.2623603583871,1.356382956737908,-22.468372790726733,3240.265230774,-0.014303810371502412
0.7150000000000001,68.77270505199998,88.96738403806222,0.022227294948000017,0.21626643600000003,0.49412159999999894,3.9637913359112127,-532.1484734438453,1.2523897389077474,-21.145404963764292,3243.99654,-0.01346158289465195
0.7155,68.66451035128563,89.07715251676801,0.022335489648714367,0.21651180163560002,0.4873389407999997,3.700398031154379,-521.3015427695982,1.1548746518185138,-19.846847316508804,3247.677024534,-0.012634895420849977
0.7160000000000001,68.55619381608447,89.17945479063042,0.02244380618391553,0.21675377295360004,0.48054435839999887,3.4426140213298453,-509.7092451536321,1.0636756878010258,-18.575965111425788,3251.3065943040006,-0.01182582668074402
0.7165,68.44775714503852,89.2744569217134,0.02255224285496148,0.2169923440356,0.4737380255999996,3.1908150571451377,-497.3593230408021,0.9786184443431575,-17.335845878580116,3254.885160534,-0.011036342257021148
0.7170000000000001,68.33920203972734,89.36233582416689,0.02266079796027266,0.2172275090496,0.46692011519999893,2.9453830005426647,-484.23958995829406,0.8995170281030753,-16.129375751835063,3258.412635744,-0.010268279519564424
0.7175,68.23053020462498,89.44327943878042,0.022769469795375013,0.21745926225000003,0.4600907999999996,2.7067057877881067,-470.33793600417266,0.8261750575010601,-14.959214942080765,3261.8889337500004,-0.009523332011225178
0.7180000000000001,68.12174334705662,89.51748690643592,0.022878256652943386,0.21768759797760007,0.45325025279999887,2.4751773898058738,-455.64233336702557,0.7583867674928673,-13.827772345054052,3265.313969664001,-0.008803033282659049
0.7185,68.01284317715547,89.58516874038847,0.02298715682284452,0.21791251065960002,0.4463986463999996,2.251197769748124,-440.1408418748319,0.695938220171068,-12.737179282250267,3268.6876598940003,-0.008108740175271238
0.7190000000000001,67.9038314078195,89.64654699728978,0.023096168592180503,0.21813399480960002,0.4395361535999988,2.0351728377819325,-423.8216145709978,0.6386086248808555,-11.68926237439689,3272.0099221440005,-0.007441615551933482
0.7195,67.79470975466836,89.7018554468753,0.023205290245331644,0.2183520450276,0.4326629471999996,1.8275144030826087,-406.6729033156224,0.5861717715765378,-10.685515548018587,3275.2806754139997,-0.006802610475809845
0.7200000000000001,67.68547993599998,89.75133974023919,0.023314520064000015,0.21856665600000008,0.4257791999999988,1.6286401230196312,-388.68306440985083,0.5383975811811704,-9.727071176727701,3278.4998400000013,-0.006192445838331652
0.7205,67.57614367274763,89.79525757660933,0.02342385632725236,0.21877782249959998,0.4188850847999996,1.438973449526238,-369.8405642414176,0.49505377674723083,-8.814670360083165,3281.6673374939996,-0.005611593438131411
0.7210000000000001,67.46670268843647,89.83387886854939,0.023533297311563537,0.21898553938560003,0.4119807743999988,1.2589435726401637,-350.13398494909114,0.4559076792469284,-7.948632344111215,3284.7830907840003,-0.005060256513541677
0.7215,67.3571587091405,89.86748590549936,0.02364284129085949,0.21918980160360002,0.4050664415999996,1.0889853612088405,-329.5520301041017,0.4207281318507632,-7.128823088963087,3287.847024054,-0.0045383497321444385
0.7220000000000001,67.24751346343936,89.89637351557826,0.023752486536560646,0.21939060418560002,0.39814225919999885,0.9295393007495308,-308.08353040627964,0.3892875565774728,-6.35462299061912,3290.8590627840003,-0.004045478641769744
0.7225,67.137768682375,89.92084922556687,0.02386223131762501,0.21958794225000003,0.3912083999999995,0.7810514284582697,-285.71744939280205,0.36136414722080945,-5.624893765112111,3293.81913375,-0.0035809185883374996
0.7230000000000001,67.02792609940862,89.94123341898552,0.023972073900591383,0.21978181100160002,0.3842650367999988,0.6439732653619247,-262.4428891573911,0.3367442024759674,-4.937944505400062,3296.7271650240004,-0.0031435931069915372
0.7235,66.91798745037747,89.95785949218842,0.024082012549622524,0.21997220573160003,0.37731234239999956,0.5187617456083368,-238.24909607771653,0.3152246032013537,-4.291496922791409,3299.5830859740004,-0.0027320517941036427
0.7240000000000001,66.8079544734515,89.9710740083918,0.0241920455265485,0.22015912181760006,0.3703504895999988,0.4058791428910636,-213.1254665487713,0.29661543775931465,-3.682649786725757,3302.3868272640007,-0.0023444476689348736
0.7245,66.69782890909036,89.98123684955137,0.024302171090909645,0.22034255472360004,0.36337965119999954,0.3057929940067217,-187.0615527200746,0.28074277938166475,-3.107842578744202,3305.1383208540005,-0.001978514035034411
0.7250000000000001,66.58761249999998,89.988721366011,0.024412387500000018,0.22052250000000004,0.3563999999999987,0.21897601954289997,-160.04706823429342,0.2674516195016428,-2.56281837864551,3307.8375000000005,-0.0016315408528327585
0.7255,66.47730699108963,89.99391452383661,0.024522693008910364,0.2206989532836,0.34941170879999944,0.1459060416972322,-132.0718939651908,0.25660896098332264,-2.0425860031490095,3310.484299254,-0.0013003506363659303
0.7260000000000001,66.36691412942845,89.99721704975518,0.024633085870571544,0.2208719102976,0.34241495039999875,0.08706589922775279,-103.12608375236569,0.24810707516092462,-1.5413814198492906,3313.078654464,-0.0009812738886360748
0.7265,66.25643566420251,89.99904357361575,0.024743564335797493,0.2210413668516,0.33540989759999945,0.04294335953753715,-73.19987013076646,0.24186692657425762,-1.0526284618983215,3315.620502774,-0.0006701240918013468
0.727,66.14587334667137,89.99982276829212,0.02485412665332863,0.2212073188416,0.3283967232000003,0.014031027896082276,-42.2836700523354,0.23784176925086667,-0.5688988716542502,3318.1097826239998,-0.0003621722701727027
0.7275,66.03522893012499,89.99999748694265,0.024964771069875005,0.22136976225,0.3213755999999995,0.0008262538025094263,-10.368090597723855,0.23602091834059966,-0.0818717045472649,3320.54643375,-5.212114591222566e-05
0.728,65.92450416984065,90.0,0.02507549583015935,0.22152869314559995,0.31434670080000027,0.0,0.0,0.2359073958096778,0.07415671156709203,3322.9303971839995,4.7209628837370517e-05
0.7285,65.81370082303947,90.0,0.02518629917696053,0.22168410768360003,0.3073101983999995,0.0,0.0,0.2359073958096778,0.0724967486102993,3325.2616152540004,4.615286359767851e-05
0.729,65.70282064884353,90.0,0.02529717935115648,0.2218360021056,0.30026626560000025,0.0,0.0,0.2359073958096778,0.07083503276719309,3327.540031584,4.509498243590063e-05
0.7295,65.59186540823235,90.0,0.02540813459176765,0.22198437273959998,0.29321507519999945,0.0,0.0,0.2359073958096778,0.0691716048025707,3329.7655910939993,4.403601130371286e-05
0.73,65.480836864,90.0,0.025519163136,0.222129216,0.28615680000000027,0.0,0.0,0.2359073958096778,0.06750650548123087,3331.93824,4.297597615279208e-05
0.7305,65.36973678071163,90.0,0.02563026321928837,0.2222705283876,0.27909161279999944,0.0,0.0,0.2359073958096778,0.0658397755679708,3334.057925814,4.191490293481422e-05
0.731,65.25856692466049,90.0,0.025741433075339517,0.22240830648959997,0.27201968640000024,0.0,0.0,0.2359073958096778,0.06417145582758928,3336.1245973439995,4.085281760145619e-05
0.7315,65.14732906382451,90.0,0.025852670936175482,0.2225425469796,0.26494119359999946,0.0,0.0,0.2359073958096778,0.06250158702488355,3338.138204694,3.9789746104393946e-05
0.732,65.03602496782335,90.0,0.025963975032176644,0.2226732466176,0.2578563072000002,0.0,0.0,0.2359073958096778,0.060830209924652316,3340.0986992639996,3.8725714395304346e-05
0.7325,64.92465640787499,90.0,0.026075343592125006,0.22280040225,0.2507651999999994,0.0,0.0,0.2359073958096778,0.059157365291692875,3342.00603375,3.766074842586337e-05
0.733,64.81322515675264,90.0,0.026186774843247364,0.22292401080959995,0.24366804480000018,0.0,0.0,0.2359073958096778,0.057483093890803943,3343.8601621439993,3.6594874147747916e-05
0.7335,64.70173298874147,90.0,0.026298267011258532,0.22304406931560003,0.23656501439999938,0.0,0.0,0.2359073958096778,0.05580743648678278,3345.661039734,3.552811751263391e-05
0.734,64.59018167959553,90.0,0.026409818320404472,0.2231605748736,0.2294562816000002,0.0,0.0,0.2359073958096778,0.05413043384442814,3347.408623104,3.446050447219827e-05
0.7345,64.47857300649436,90.0,0.026521426993505647,0.2232735246756,0.22234201919999938,0.0,0.0,0.2359073958096778,0.05245212672853723,3349.1028701339997,3.3392060978116905e-05
0.735,64.36690874800001,90.0,0.02663309125199999,0.22338291600000001,0.21522240000000017,0.0,0.0,0.2359073958096778,0.05077255590390884,3350.7437400000003,3.232281298206675e-05
0.7355,64.25519068401363,90.0,0.026744809315986367,0.2234887462116,0.2080975967999994,0.0,0.0,0.2359073958096778,0.049091762135340195,3352.331193174,3.1252786435723724e-05
0.736,64.14342059573248,90.0,0.026856579404267517,0.2235910127616,0.20096778240000018,0.0,0.0,0.2359073958096778,0.04740978618763004,3353.865191424,3.018200729076474e-05
0.7365,64.03160026560651,90.0,0.026968399734393484,0.2236897131876,0.19383312959999938,0.0,0.0,0.2359073958096778,0.04572666882557563,3355.3456978140002,2.9110501498865734e-05
0.737,63.91973147729537,90.0,0.027080268522704624,0.2237848451136,0.18669381120000014,0.0,0.0,0.2359073958096778,0.04404245081397569,3356.772676704,2.8038295011703602e-05
0.7375,63.807816015624994,90.0,0.027192183984375003,0.22387640625,0.17954999999999938,0.0,0.0,0.2359073958096778,0.0423571729176275,3358.1460937499996,2.6965413780954304e-05
0.738,63.69585566654463,90.0,0.027304144333455366,0.2239643943936,0.17240186880000014,0.0,0.0,0.2359073958096778,0.04067087590132977,3359.4659159039998,2.589188375829471e-05
0.7385,63.58385221708346,90.0,0.027416147782916536,0.2240488074276,0.16524959039999934,0.0,0.0,0.2359073958096778,0.03898360052987977,3360.732111414,2.4817730895400785e-05
0.739,63.47180745530751,90.0,0.027528192544692482,0.22412964332160001,0.15809333760000013,0.0,0.0,0.2359073958096778,0.037295387568076245,3361.944649824,2.3742981143949425e-05
0.7395,63.359723170276354,90.0,0.02764027682972365,0.2242069001316,0.15093328319999932,0.0,0.0,0.2359073958096778,0.035606277780716435,3363.1035019739998,2.2667660455616566e-05
0.74,63.247601152,90.0,0.027752398847999994,0.224280576,0.1437696000000001,0.0,0.0,0.2359073958096778,0.03391631193259908,3364.2086400000003,2.159179478207911e-05
0.7405,63.13544319139563,90.0,0.02786455680860437,0.2243506691556,0.13660246079999933,0.0,0.0,0.2359073958096778,0.03222553078852144,3365.260037334,2.0515410075013e-05
0.741,63.02325108024448,90.0,0.02797674891975552,0.22441717791359997,0.12943203840000012,0.0,0.0,0.2359073958096778,0.030533975113282243,3366.257668703999,1.9438532286095134e-05
0.7415,62.911026611148515,90.0,0.028088973388851485,0.22448010067559998,0.1222585055999993,0.0,0.0,0.2359073958096778,0.028841685671678743,3367.2015101339994,1.8361187367001454e-05
0.742,62.79877157748736,90.0,0.02820122842251264,0.2245394359296,0.1150820352000001,0.0,0.0,0.2359073958096778,0.027148703228509694,3368.0915389439997,1.7283401269408862e-05
0.7425,62.68648777337499,90.0,0.028313512226625013,0.22459518224999997,0.1079027999999993,0.0,0.0,0.2359073958096778,0.025455068548572334,3368.92773375,1.62051999449933e-05
0.743,62.574176993616646,90.0,0.028425823006383355,0.22464733829759995,0.10072097280000009,0.0,0.0,0.2359073958096778,0.02376082239666541,3369.7100744639993,1.5126609345431662e-05
0.7435,62.461841033665465,90.0,0.028538158966334534,0.22469590281959997,0.09353672639999928,0.0,0.0,0.2359073958096778,0.02206600553758617,3370.4385422939995,1.4047655422399897e-05
0.744,62.349481689579534,90.0,0.02865051831042047,0.22474087464959996,0.08635023360000008,0.0,0.0,0.2359073958096778,0.020370658736133355,3371.1131197439995,1.29683641275749e-05
0.7445,62.237100757978354,90.0,0.028762899242021647,0.2247822527076,0.07916166719999927,0.0,0.0,0.2359073958096778,0.018674822757104217,3371.7337906139996,1.1888761412632616e-05
0.745,62.12470003600001,90.0,0.02887529996399999,0.22482003599999997,0.07197120000000005,0.0,0.0,0.2359073958096778,0.016978538365297495,3372.3005399999993,1.0808873229249938e-05
0.7455,62.01228132125763,90.0,0.028987718678742367,0.22485422361959997,0.06477900479999926,0.0,0.0,0.2359073958096778,0.015281846325510443,3372.8133542939995,9.728725529102819e-06
0.746,61.899846411796474,90.0,0.02910015358820352,0.22488481474560001,0.05758525440000005,0.0,0.0,0.2359073958096778,0.013584787402541801,3373.272221184,8.64834426386815e-06
0.7465,61.78739710605051,90.0,0.029212602893949488,0.22491180864360003,0.05039012159999924,0.0,0.0,0.2359073958096778,0.011887402361188815,3373.677129654,7.5677553852218735e-06
0.747,61.67493520279937,90.0,0.029325064797200633,0.2249352046656,0.04319377920000003,0.0,0.0,0.2359073958096778,0.010189731966250235,3374.028069984,6.486984844840892e-06
0.7475,61.562462501125,90.0,0.029437537498875004,0.22495500224999998,0.035996399999999235,0.0,0.0,0.2359073958096778,0.008491816982523305,3374.32503375,5.406058594401148e-06
0.748,61.44998080036865,90.0,0.029550019199631353,0.22497120092159997,0.028798156800000023,0.0,0.0,0.2359073958096778,0.00679369817480677,3374.5680138239995,4.325002585579539e-06
0.7485,61.33749190008747,90.0,0.029662508099912527,0.22498380029159998,0.021599222399999222,0.0,0.0,0.2359073958096778,0.005095416307897875,3374.7570043739997,3.243842770052007e-06
0.749,61.224997600011534,90.0,0.02977500239998847,0.2249928000576,0.014399769600000011,0.0,0.0,0.2359073958096778,0.0033970121465953683,3374.892000864,2.1626050994954523e-06
0.7495,61.112499700000356,90.0,0.029887500299999648,0.22499820000359996,0.007199971199999206,0.0,0.0,0.2359073958096778,0.0016985264556964935,3374.9730000539994,1.0813155255858165e-06
0.75,61.0,90.0,0.03,0.22499999999999998,0.0,0.0,0.0,0.2359073958096778,0.0,3374.9999999999995,0.0
0.7505000000000001,60.88750029999964,90.0,0.030112499700000364,0.2249982000036,-0.0071999712000008044,0.0,-0.0,0.2359073958096778,-0.0016985264556968705,3374.973000054,-1.0813155255860566e-06
0.751,60.77500239998848,90.0,0.03022499760001152,0.2249928000576,-0.014399769600000011,0.0,-0.0,0.2359073958096778,-0.0033970121465953683,3374.892000864,-2.1626050994954523e-06
0.7515000000000001,60.66250809991249,90.0,0.030337491900087506,0.22498380029159998,-0.02159922240000082,0.0,-0.0,0.2359073958096778,-0.005095416307898251,3374.7570043739997,-3.243842770052247e-06
0.752,60.550019199631365,90.0,0.030449980800368637,0.22497120092159997,-0.028798156800000026,0.0,-0.0,0.2359073958096778,-0.0067936981748067705,3374.5680138239995,-4.325002585579539e-06
0.7525000000000001,60.43753749887499,90.0,0.030562462501125015,0.22495500224999995,-0.03599640000000083,0.0,-0.0,0.2359073958096778,-0.008491816982523681,3374.3250337499994,-5.406058594401388e-06
0.753,60.32506479720064,90.0,0.030674935202799365,0.2249352046656,-0.04319377920000003,0.0,-0.0,0.2359073958096778,-0.010189731966250235,3374.028069984,-6.486984844840892e-06
0.7535000000000001,60.212602893949466,90.0,0.030787397106050534,0.2249118086436,-0.050390121600000844,0.0,-0.0,0.2359073958096778,-0.011887402361189193,3373.6771296539996,-7.567755385222114e-06
0.754,60.10015358820351,90.0,0.030899846411796484,0.22488481474560001,-0.05758525440000005,0.0,-0.0,0.2359073958096778,-0.013584787402541801,3373.272221184,-8.64834426386815e-06
0.7545000000000001,59.98771867874234,90.0,0.031012281321257655,0.22485422361959997,-0.06477900480000084,0.0,-0.0,0.2359073958096778,-0.015281846325510816,3372.8133542939995,-9.728725529103056e-06
0.755,59.87529996399998,90.0,0.031124700036000017,0.22482003599999997,-0.07197120000000005,0.0,-0.0,0.2359073958096778,-0.016978538365297495,3372.3005399999993,-1.0808873229249938e-05
0.7555000000000001,59.76289924202162,90.0,0.031237100757978378,0.22478225270759997,-0.07916166720000085,0.0,-0.0,0.2359073958096778,-0.018674822757104588,3371.733790613999,-1.1888761412632851e-05
0.756,59.650518310420495,90.0,0.03134948168957951,0.22474087464959996,-0.08635023360000006,0.0,-0.0,0.2359073958096778,-0.020370658736133352,3371.1131197439995,-1.2968364127574898e-05
0.7565000000000001,59.53815896633451,90.0,0.0314618410336655,0.2246959028196,-0.09353672640000088,0.0,-0.0,0.2359073958096778,-0.022066005537586544,3370.438542294,-1.4047655422400136e-05
0.757,59.42582300638337,90.0,0.03157417699361663,0.22464733829759995,-0.10072097280000007,0.0,-0.0,0.2359073958096778,-0.023760822396665406,3369.7100744639993,-1.5126609345431659e-05
0.7575000000000001,59.31351222662498,90.0,0.031686487773375016,0.22459518225,-0.10790280000000088,0.0,-0.0,0.2359073958096778,-0.02545506854857271,3368.9277337500002,-1.6205199944993537e-05
0.758,59.20122842251263,90.0,0.03179877157748737,0.2245394359296,-0.1150820352000001,0.0,-0.0,0.2359073958096778,-0.027148703228509694,3368.0915389439997,-1.7283401269408862e-05
0.7585000000000001,59.08897338885148,90.0,0.03191102661114852,0.22448010067559998,-0.1222585056000009,0.0,-0.0,0.2359073958096778,-0.02884168567167912,3367.2015101339994,-1.8361187367001694e-05
0.759,58.976748919755515,90.0,0.03202325108024449,0.2244171779136,-0.12943203840000012,0.0,-0.0,0.2359073958096778,-0.030533975113282243,3366.2576687039996,-1.9438532286095134e-05
0.7595000000000001,58.864556808604355,90.0,0.03213544319139564,0.2243506691556,-0.1366024608000009,0.0,-0.0,0.2359073958096778,-0.032225530788521806,3365.260037334,-2.051541007501324e-05
0.76,58.752398848,90.0,0.032247601152000004,0.22428057599999998,-0.14376960000000014,0.0,-0.0,0.2359073958096778,-0.033916311932599086,3364.20864,-2.1591794782079116e-05
0.7605000000000001,58.64027682972363,90.0,0.03235972317027637,0.2242069001316,-0.15093328320000093,0.0,-0.0,0.2359073958096778,-0.03560627778071681,3363.1035019739998,-2.2667660455616804e-05
0.761,58.52819254469247,90.0,0.032471807455307526,0.2241296433216,-0.15809333760000013,0.0,-0.0,0.2359073958096778,-0.037295387568076245,3361.9446498239995,-2.3742981143949425e-05
0.7615000000000001,58.41614778291652,90.0,0.03258385221708348,0.2240488074276,-0.16524959040000095,0.0,-0.0,0.2359073958096778,-0.038983600529880154,3360.732111414,-2.481773089540103e-05
0.762,58.304144333455355,90.0,0.03269585566654465,0.22396439439360002,-0.17240186880000014,0.0,-0.0,0.2359073958096778,-0.04067087590132977,3359.465915904,-2.589188375829471e-05
0.7625000000000001,58.19218398437499,90.0,0.032807816015625005,0.22387640625,-0.17955000000000093,0.0,-0.0,0.2359073958096778,-0.04235717291762787,3358.1460937499996,-2.6965413780954538e-05
0.763,58.080268522704635,90.0,0.032919731477295364,0.2237848451136,-0.18669381120000017,0.0,-0.0,0.2359073958096778,-0.044042450813975696,3356.772676704,-2.803829501170361e-05
0.7635000000000001,57.96839973439347,90.0,0.03303160026560653,0.22368971318759998,-0.19383312960000096,0.0,-0.0,0.2359073958096778,-0.045726668825575995,3355.345697814,-2.9110501498865968e-05
0.764,57.856579404267535,90.0,0.03314342059573246,0.2235910127616,-0.20096778240000016,0.0,-0.0,0.2359073958096778,-0.04740978618763003,3353.865191424,-3.0182007290764733e-05
0.7645000000000001,57.74480931598635,90.0,0.03325519068401365,0.22348874621159995,-0.20809759680000098,0.0,-0.0,0.2359073958096778,-0.04909176213534057,3352.3311931739995,-3.125278643572396e-05
0.765,57.63309125200001,90.0,0.033366908747999996,0.22338291600000001,-0.21522240000000017,0.0,-0.0,0.2359073958096778,-0.05077255590390884,3350.7437400000003,-3.232281298206675e-05
0.7655000000000001,57.52142699350563,90.0,0.03347857300649437,0.2232735246756,-0.22234201920000096,0.0,-0.0,0.2359073958096778,-0.05245212672853761,3349.1028701339997,-3.339206097811714e-05
0.766,57.409818320404476,90.0,0.03359018167959552,0.2231605748736,-0.2294562816000002,0.0,-0.0,0.2359073958096778,-0.05413043384442814,3347.408623104,-3.446050447219827e-05
0.7665000000000001,57.29826701125848,90.0,0.03370173298874152,0.2230440693156,-0.236565014400001,0.0,-0.0,0.2359073958096778,-0.05580743648678316,3345.6610397339996,-3.552811751263415e-05
0.767,57.18677484324735,90.0,0.03381322515675265,0.22292401080959998,-0.24366804480000018,0.0,-0.0,0.2359073958096778,-0.057483093890803943,3343.860162144,-3.6594874147747916e-05
0.7675000000000001,57.07534359212498,90.0,0.03392465640787502,0.22280040225,-0.25076520000000097,0.0,-0.0,0.2359073958096778,-0.05915736529169324,3342.00603375,-3.766074842586361e-05
0.768,56.96397503217664,90.0,0.03403602496782336,0.22267324661759996,-0.2578563072000002,0.0,-0.0,0.2359073958096778,-0.060830209924652316,3340.098699263999,-3.8725714395304346e-05
0.7685000000000001,56.85267093617544,90.0,0.034147329063824554,0.22254254697959996,-0.26494119360000096,0.0,-0.0,0.2359073958096778,-0.0625015870248839,3338.1382046939993,-3.978974610439416e-05
0.769,56.7414330753395,90.0,0.0342585669246605,0.2224083064896,-0.27201968640000024,0.0,-0.0,0.2359073958096778,-0.06417145582758928,3336.124597344,-4.085281760145619e-05
0.7695000000000001,56.63026321928834,90.0,0.03436973678071166,0.22227052838759997,-0.27909161280000105,0.0,-0.0,0.2359073958096778,-0.06583977556797119,3334.0579258139996,-4.191490293481447e-05
0.77,56.51916313599999,90.0,0.03448083686400001,0.22212921599999996,-0.28615680000000027,0.0,-0.0,0.2359073958096778,-0.06750650548123087,3331.9382399999995,-4.297597615279208e-05
0.7705000000000001,56.40813459176762,90.0,0.03459186540823238,0.22198437273959995,-0.293215075200001,0.0,-0.0,0.2359073958096778,-0.06917160480257108,3329.7655910939993,-4.40360113037131e-05
0.771,56.297179351156466,90.0,0.03470282064884354,0.22183600210559998,-0.30026626560000025,0.0,-0.0,0.2359073958096778,-0.07083503276719309,3327.5400315839997,-4.509498243590063e-05
0.7715000000000001,56.18629917696051,90.0,0.03481370082303949,0.22168410768359997,-0.30731019840000107,0.0,-0.0,0.2359073958096778,-0.07249674861029966,3325.2616152539995,-4.615286359767874e-05
0.772,56.07549583015935,90.0,0.03492450416984065,0.22152869314559995,-0.3143467008000002,0.0,-0.0,0.2359073958096778,-0.07415671156709201,3322.9303971839995,-4.720962883737051e-05
0.7725000000000001,55.96477106987498,90.0,0.03503522893012502,0.22136976224999994,-0.32137560000000104,0.0,-0.0,0.2359073958096778,-0.07581488087277292,3320.546433749999,-4.826525220329999e-05
0.773,55.854126653328635,90.0,0.035145873346671366,0.22120731884159997,-0.3283967232000003,0.0,-0.0,0.2359073958096778,-0.07747121576254366,3318.1097826239993,-4.9319707743790325e-05
0.7735000000000001,55.74356433579746,90.0,0.03525643566420254,0.22104136685159995,-0.335409897600001,0.0,-0.0,0.2359073958096778,-0.07912567547160694,3315.6205027739993,-5.0372969507165526e-05
0.774,55.63308587057153,90.0,0.035366914129428474,0.2208719102976,-0.3424149504000003,0.0,-0.0,0.2359073958096778,-0.08077821923516407,3313.078654464,-5.1425011541748734e-05
0.7745000000000001,55.52269300891033,90.0,0.03547730699108967,0.22069895328359998,-0.3494117088000011,0.0,-0.0,0.2359073958096778,-0.08242880628841774,3310.4842992539993,-5.247580789586396e-05
0.775,55.41238749999998,90.0,0.03558761250000002,0.22052249999999998,-0.35640000000000027,0.0,-0.0,0.2359073958096778,-0.08407739586656923,3307.8374999999996,-5.352533261783433e-05
0.7755000000000001,55.302171090909624,90.0,0.03569782890909037,0.22034255472359995,-0.3633796512000011,0.0,-0.0,0.2359073958096778,-0.08572394720482132,3305.138320853999,-5.4573559755983915e-05
0.776,55.192045526548476,90.0,0.035807954473451524,0.22015912181759997,-0.37035048960000033,0.0,-0.0,0.2359073958096778,-0.08736841953837524,3302.3868272639997,-5.5620463358635796e-05
0.7765000000000001,55.082012549622505,90.0,0.0359179874503775,0.21997220573159995,-0.37731234240000106,0.0,-0.0,0.2359073958096778,-0.08901077210243372,3299.583085973999,-5.6666017474114016e-05
0.777,54.97207390059135,90.0,0.03602792609940865,0.2197818110016,-0.38426503680000035,0.0,-0.0,0.2359073958096778,-0.09065096413219809,3296.727165024,-5.7710196150741735e-05
0.7775000000000001,54.862231317624996,90.0,0.036137768682375004,0.21958794224999997,-0.3912084000000011,0.0,-0.0,0.2359073958096778,-0.09228895486287102,3293.8191337499993,-5.875297343684294e-05
0.778,54.752486536560646,90.0,0.03624751346343935,0.21939060418559997,-0.3981422592000003,0.0,-0.0,0.2359073958096778,-0.09392470352965379,3290.8590627839994,-5.979432338074077e-05
0.7785000000000001,54.642841290859465,90.0,0.03635715870914053,0.21918980160359997,-0.4050664416000011,0.0,-0.0,0.2359073958096778,-0.09555816936774919,3287.8470240539996,-6.083422003075928e-05
0.779,54.5332973115635,90.0,0.0364667026884365,0.2189855393856,-0.4119807744000003,0.0,-0.0,0.2359073958096778,-0.09718931161235844,3284.783090784,-6.187263743522157e-05
0.7795000000000001,54.42385632725234,90.0,0.03657614367274766,0.21877782249959993,-0.41888508480000103,0.0,-0.0,0.2359073958096778,-0.09881808949868429,3281.667337493999,-6.290954964245167e-05
0.78,54.31452006400001,90.0,0.03668547993599999,0.218566656,-0.4257792000000003,0.0,-0.0,0.2359073958096778,-0.10044446226192803,3278.49984,-6.394493070077274e-05
0.7805000000000001,54.205290245331625,90.0,0.03679470975466838,0.21835204502759997,-0.4326629472000011,0.0,-0.0,0.2359073958096778,-0.10206838913729238,3275.2806754139997,-6.497875465850879e-05
0.781,54.09616859218049,90.0,0.03690383140781951,0.2181339948096,-0.4395361536000004,0.0,-0.0,0.2359073958096778,-0.10368982935997863,3272.009922144,-6.601099556398295e-05
0.7815000000000001,53.987156822844504,90.0,0.037012843177155495,0.21791251065959993,-0.44639864640000115,0.0,-0.0,0.2359073958096778,-0.10530874216518947,3268.687659893999,-6.704162746551924e-05
0.782,53.878256652943364,90.0,0.03712174334705664,0.21768759797759998,-0.45325025280000036,0.0,-0.0,0.2359073958096778,-0.1069250867881262,3265.3139696639996,-6.807062441144078e-05
0.7825000000000001,53.76946979537498,90.0,0.037230530204625016,0.21745926224999998,-0.46009080000000113,0.0,-0.0,0.2359073958096778,-0.10853882246399157,3261.88893375,-6.909796045007164e-05
0.783,53.660797960272646,90.0,0.037339202039727355,0.21722750904959998,-0.4669201152000004,0.0,-0.0,0.2359073958096778,-0.11014990842798685,3258.4126357439995,-7.012360962973492e-05
0.7835000000000001,53.552242854961456,90.0,0.03744775714503854,0.21699234403559992,-0.47373802560000117,0.0,-0.0,0.2359073958096778,-0.11175830391531474,3254.8851605339987,-7.114754599875465e-05
0.784,53.44380618391552,90.0,0.03755619381608448,0.2167537729536,-0.48054435840000037,0.0,-0.0,0.2359073958096778,-0.11336396816117655,3251.3065943039996,-7.216974360545397e-05
0.7845000000000001,53.33548964871435,90.0,0.03766451035128565,0.21651180163559994,-0.4873389408000011,0.0,-0.0,0.2359073958096778,-0.114966860400775,3247.677024533999,-7.319017649815688e-05
0.785,53.22729494800001,90.0,0.03777270505199999,0.21626643599999998,-0.4941216000000004,0.0,-0.0,0.2359073958096778,-0.11656693986931138,3243.9965399999996,-7.420881872518656e-05
0.7855000000000001,53.11922377743362,90.0,0.03788077622256638,0.21601768205159994,-0.5008921632000013,0.0,-0.0,0.2359073958096778,-0.11816416580198844,3240.265230773999,-7.522564433486702e-05
0.786,53.01127782965247,90.0,0.03798872217034753,0.21576554588160002,-0.5076504576000005,0.0,-0.0,0.2359073958096778,-0.11975849743400736,3236.483188224,-7.624062737552135e-05
0.7865000000000001,52.903458794226516,90.0,0.038096541205773486,0.21551003366759994,-0.5143963104000012,0.0,-0.0,0.2359073958096778,-0.12134989400057096,3232.650505013999,-7.725374189547362e-05
0.787,52.79576835761535,90.0,0.03820423164238465,0.2152511516736,-0.5211295488000004,0.0,-0.0,0.2359073958096778,-0.1229383147368805,3228.767275104,-7.826496194304694e-05
0.7875000000000001,52.688208203125,90.0,0.038311791796875,0.21498890624999994,-0.5278500000000013,0.0,-0.0,0.2359073958096778,-0.12452371887813872,3224.833593749999,-7.927426156656536e-05
0.788,52.580780010864636,90.0,0.03841921998913536,0.21472330383359997,-0.5345574912000004,0.0,-0.0,0.2359073958096778,-0.12610606565954685,3220.8495575039997,-8.028161481435199e-05
0.7885000000000001,52.47348545770346,90.0,0.03852651454229654,0.21445435094759993,-0.5412518496000012,0.0,-0.0,0.2359073958096778,-0.12768531431630767,3216.815264213999,-8.128699573473087e-05
0.789,52.36632621722752,90.0,0.038633673782772486,0.2141820542016,-0.5479329024000005,0.0,-0.0,0.2359073958096778,-0.12926142408362246,3212.730813024,-8.229037837602512e-05
0.7895000000000001,52.25930395969633,90.0,0.03874069604030367,0.21390642029159998,-0.5546004768000011,0.0,-0.0,0.2359073958096778,-0.1308343541966939,3208.596304374,-8.329173678655878e-05
0.79,52.152420352,90.0,0.038847579648,0.213627456,-0.5612544000000005,0.0,-0.0,0.2359073958096778,-0.13240406389072334,3204.4118399999998,-8.429104501465499e-05
0.7905000000000001,52.04567705761562,90.0,0.03895432294238438,0.21334516819559995,-0.5678944992000012,0.0,-0.0,0.2359073958096778,-0.13397051240091343,3200.177522933999,-8.528827710863775e-05
0.791,51.93907573656448,90.0,0.03906092426343552,0.21305956383359997,-0.5745206016000004,0.0,-0.0,0.2359073958096778,-0.1355336589624655,3195.8934575039993,-8.62834071168302e-05
0.7915000000000001,51.8326180453685,90.0,0.0391673819546315,0.21277064995559994,-0.5811325344000011,0.0,-0.0,0.2359073958096778,-0.13709346281058227,3191.559749333999,-8.727640908755637e-05
0.792,51.72630563700735,90.0,0.03927369436299265,0.21247843368959995,-0.5877301248000004,0.0,-0.0,0.2359073958096778,-0.13864988318046503,3187.1765053439995,-8.82672570691394e-05
0.7925000000000001,51.62014016087498,90.0,0.039379859839125016,0.21218292224999993,-0.5943132000000011,0.0,-0.0,0.2359073958096778,-0.14020287930731645,3182.743833749999,-8.925592510990329e-05
0.793,51.514123262736625,90.0,0.03948587673726337,0.21188412293759998,-0.6008815872000004,0.0,-0.0,0.2359073958096778,-0.1417524104263379,3178.2618440639994,-9.024238725817122e-05
0.7935,51.408256584685475,90.0,0.039591743415314525,0.2115820431396,-0.6074351135999998,0.0,-0.0,0.2359073958096778,-0.14329843577273174,3173.7306470940002,-9.122661756226696e-05
0.794,51.302541765099505,90.0,0.03969745823490049,0.21127669032959998,-0.6139736064000004,0.0,-0.0,0.2359073958096778,-0.14484091458170023,3169.1503549439994,-9.22085900705143e-05
0.7945,51.19698043859836,90.0,0.03980301956140164,0.2109680720676,-0.6204968927999998,0.0,-0.0,0.2359073958096778,-0.14637980608844475,3164.5210810139997,-9.31882788312364e-05
0.795,51.091574235999985,90.0,0.03990842576400001,0.21065619599999993,-0.6270048000000005,0.0,-0.0,0.2359073958096778,-0.14791506952816796,3159.842939999999,-9.416565789275726e-05
0.7955,50.98632478427765,90.0,0.04001367521572235,0.2103410698596,-0.6334971551999998,0.0,-0.0,0.2359073958096778,-0.14944666413607124,3155.1160478939996,-9.514070130340006e-05
0.796,50.88123370651649,90.0,0.04011876629348351,0.21002270146559998,-0.6399737856000005,0.0,-0.0,0.2359073958096778,-0.1509745491473572,3150.3405219839997,-9.611338311148877e-05
0.7965,50.776302621870514,90.0,0.04022369737812949,0.2097010987236,-0.6464345183999999,0.0,-0.0,0.2359073958096778,-0.15249868379722722,3145.516480854,-9.708367736534656e-05
0.797,50.671533145519355,90.0,0.040328466854480646,0.20937626962559996,-0.6528791808000005,0.0,-0.0,0.2359073958096778,-0.1540190273208839,3140.6440443839997,-9.805155811329741e-05
0.7975,50.56692688862501,90.0,0.040433073111374986,0.20904822225000003,-0.6593075999999998,0.0,-0.0,0.2359073958096778,-0.15553553895352867,3135.7233337500006,-9.901699940366451e-05
0.798,50.462485458288626,90.0,0.040537514541711374,0.20871696476159998,-0.6657196032000006,0.0,-0.0,0.2359073958096778,-0.15704817793036419,3130.754471424,-9.997997528477187e-05
0.7985,50.35821045750746,90.0,0.04064178954249254,0.2083825054116,-0.6721150175999999,0.0,-0.0,0.2359073958096778,-0.15855690348659174,3125.737581174,-0.00010094045980494261
0.799,50.254103485131495,90.0,0.040745896514868506,0.20804485253759994,-0.6784936704000004,0.0,-0.0,0.2359073958096778,-0.16006167485741396,3120.672788063999,-0.0001018984270125007
0.7995,50.150166135820385,90.0,0.04084983386417961,0.20770401456360005,-0.6848553887999997,0.0,-0.0,0.2359073958096778,-0.16156245127803232,3115.5602184540003,-0.00010285385095576939
0.8,50.046399999999984,90.0,0.040953600000000014,0.20735999999999993,-0.6912000000000006,0.0,-0.0,0.2359073958096778,-0.16305919198364943,3110.3999999999987,-0.00010380670568307265
0.8005,49.94280666381965,90.0,0.041057193336180346,0.20701281744359998,-0.6975273311999999,0.0,-0.0,0.2359073958096778,-0.16455185620946658,3105.1922616539996,-0.0001047569652427336
0.801,49.83938770910848,90.0,0.04116061229089152,0.2066624755776,-0.7038372096000004,0.0,-0.0,0.2359073958096778,-0.16604040319068644,3099.937133664,-0.00010570460368307623
0.8015,49.73614471333252,90.0,0.04126385528666748,0.20630898317159999,-0.7101294623999999,0.0,-0.0,0.2359073958096778,-0.16752479216251046,3094.6347475739994,-0.00010664959505242379
0.802,49.63307924955137,90.0,0.04136692075044863,0.20595234908159993,-0.7164039168000007,0.0,-0.0,0.2359073958096778,-0.16900498236014125,3089.2852362239987,-0.00010759191339910023
0.8025,49.53019288637502,90.0,0.04146980711362498,0.20559258225000002,-0.7226603999999999,0.0,-0.0,0.2359073958096778,-0.17048093301878003,3083.88873375,-0.00010853153277142863
0.803,49.42748718792063,90.0,0.04157251281207937,0.20522969170559996,-0.7288987392000006,0.0,-0.0,0.2359073958096778,-0.17195260337362964,3078.445375583999,-0.0001094684272177331
0.8035,49.324963713769506,90.0,0.041675036286230496,0.2048636865636,-0.7351187616,0.0,-0.0,0.2359073958096778,-0.17341995265989138,3072.9552984539996,-0.00011040257078633679
0.804,49.2226240189235,90.0,0.0417773759810765,0.20449457602559995,-0.7413202944000005,0.0,-0.0,0.2359073958096778,-0.17488294011276778,3067.418640383999,-0.00011133393752556358
0.8045,49.12046965376235,90.0,0.04187953034623765,0.2041223693796,-0.7475031647999999,0.0,-0.0,0.2359073958096778,-0.1763415249674604,3061.8355406939995,-0.00011226250148373681
0.805,49.01850216399999,90.0,0.04198149783600001,0.20374707599999994,-0.7536672000000005,0.0,-0.0,0.2359073958096778,-0.17779566645917172,3056.206139999999,-0.00011318823670918032
0.8055,48.91672309064166,90.0,0.04208327690935834,0.2033687053476,-0.7598122271999999,0.0,-0.0,0.2359073958096778,-0.17924532382310318,3050.5305802139997,-0.00011411111725021735
0.806,48.81513396994048,90.0,0.04218486603005952,0.20298726696959993,-0.7659380736000005,0.0,-0.0,0.2359073958096778,-0.18069045629445746,3044.809004543999,-0.00011503111715517192
0.8065,48.71373633335452,90.0,0.04228626366664548,0.2026027704996,-0.7720445664,0.0,-0.0,0.2359073958096778,-0.18213102310843585,3039.041557494,-0.00011594821047236714
0.807,48.61253170750334,90.0,0.04238746829249666,0.20221522565759995,-0.7781315328000005,0.0,-0.0,0.2359073958096778,-0.18356698350024098,3033.228384863999,-0.00011686237125012699
0.8075,48.51152161412503,90.0,0.04248847838587497,0.20182464225,-0.7841988,0.0,-0.0,0.2359073958096778,-0.18499829670507434,3027.3696337499996,-0.00011777357353677471
0.808,48.41070757003264,90.0,0.04258929242996736,0.20143103016959993,-0.7902461952000006,0.0,-0.0,0.2359073958096778,-0.18642492195813845,3021.4654525439987,-0.00011868179138063421
0.8085,48.3100910870715,90.0,0.0426899089129285,0.2010343993956,-0.7962735455999999,0.0,-0.0,0.2359073958096778,-0.1878468184946347,3015.515990934,-0.00011958699883002871
0.809,48.20967367207552,90.0,0.04279032632792448,0.20063475999359998,-0.8022806784000006,0.0,-0.0,0.2359073958096778,-0.18926394554976575,3009.5213999039997,-0.00012048916993328219
0.8095,48.10945682682436,90.0,0.04289054317317564,0.2002321221156,-0.8082674207999999,0.0,-0.0,0.2359073958096778,-0.19067626235873297,3003.4818317339996,-0.0001213882787387178
0.81,48.00944204799999,90.0,0.04299055795200001,0.19982649599999994,-0.8142336000000006,0.0,-0.0,0.2359073958096778,-0.192083728156739,2997.397439999999,-0.00012228429929465957
0.8105,47.90963082714363,90.0,0.04309036917285637,0.19941789197159998,-0.8201790432,0.0,-0.0,0.2359073958096778,-0.19348630217898521,2991.2683795739995,-0.00012317720564943062
0.811,47.81002465061246,90.0,0.04318997534938754,0.19900632044159994,-0.8261035776000006,0.0,-0.0,0.2359073958096778,-0.1948839436606742,2985.094806623999,-0.00012406697185135497
0.8115,47.71062499953652,90.0,0.04328937500046348,0.19859179190759998,-0.8320070304000001,0.0,-0.0,0.2359073958096778,-0.19627661183700745,2978.876878614,-0.00012495357194875582
0.812,47.611433349775325,90.0,0.043388566650224676,0.19817431695359994,-0.8378892288000005,0.0,-0.0,0.2359073958096778,-0.1976642659431874,2972.614754303999,-0.00012583697998995704
0.8125,47.512451171875,90.0,0.043487548828125,0.19775390625,-0.84375,0.0,-0.0,0.2359073958096778,-0.19904686521441564,2966.30859375,-0.00012671717002328193
0.8130000000000001,47.41367993102461,90.0,0.04358632006897539,0.19733057055359993,-0.8495891712000007,0.0,-0.0,0.2359073958096778,-0.20042436888589465,2959.958558303999,-0.0001275941160970544
0.8135,47.3151210870135,90.0,0.043684878912986495,0.1969043207076,-0.8554065695999999,0.0,-0.0,0.2359073958096778,-0.20179673619282587,2953.5648106139997,-0.0001284677922595977
0.8140000000000001,47.21677609418752,90.0,0.04378322390581248,0.19647516764159995,-0.8612020224000007,0.0,-0.0,0.2359073958096778,-0.20316392637041195,2947.127514623999,-0.00012933817255923573
0.8145,47.11864640140637,90.0,0.043881353598593624,0.1960431223716,-0.8669753568,0.0,-0.0,0.2359073958096778,-0.20452589865385423,2940.646835574,-0.0001302052310442917
0.8150000000000001,47.020733452,90.0,0.043979266547999996,0.19560819599999993,-0.8727264000000006,0.0,-0.0,0.2359073958096778,-0.2058826122783553,2934.122939999999,-0.00013106894176308958
0.8155,46.92303868372563,90.0,0.04407696131627437,0.1951703997156,-0.8784549792,0.0,-0.0,0.2359073958096778,-0.20723402647911668,2927.555995734,-0.0001319292787639526
0.8160000000000001,46.82556352872447,90.0,0.04417443647127553,0.19472974479359995,-0.8841609216000007,0.0,-0.0,0.2359073958096778,-0.20858010049134085,2920.946171903999,-0.00013278621609520466
0.8165,46.728309413478556,90.0,0.044271690586521445,0.1942862425956,-0.8898440544,0.0,-0.0,0.2359073958096778,-0.20992079355022927,2914.2936389340002,-0.000133639727805169
0.8170000000000001,46.631277758767354,90.0,0.044368722241232644,0.19383990456959993,-0.8955042048000006,0.0,-0.0,0.2359073958096778,-0.2112560648909845,2907.598568543999,-0.00013448978794216955
0.8175,46.53446997962498,90.0,0.04446553002037502,0.19339074224999997,-0.9011412000000001,0.0,-0.0,0.2359073958096778,-0.21258587374880802,2900.861133749999,-0.00013533637055452956
0.8180000000000001,46.43788748529662,90.0,0.04456211251470338,0.19293876725759995,-0.9067548672000006,0.0,-0.0,0.2359073958096778,-0.21391017935890239,2894.0815088639993,-0.00013617944969057294
0.8185,46.34153167919548,90.0,0.04465846832080452,0.19248399129959998,-0.9123450336,0.0,-0.0,0.2359073958096778,-0.21522894095646897,2887.2598694939998,-0.0001370189993986229
0.8190000000000001,46.24540395885949,90.0,0.04475459604114051,0.19202642616959995,-0.9179115264000006,0.0,-0.0,0.2359073958096778,-0.21654211777671045,2880.3963925439994,-0.0001378549937270034
0.8195,46.149505715908326,90.0,0.04485049428409167,0.19156608374759998,-0.9234541728000001,0.0,-0.0,0.2359073958096778,-0.21784966905482822,2873.491256214,-0.00013868740672403766
0.8200000000000001,46.05383833599999,90.0,0.044946161664000006,0.19110297599999995,-0.9289728000000007,0.0,-0.0,0.2359073958096778,-0.21915155402602482,2866.544639999999,-0.00013951621243804964
0.8205,45.95840319878766,90.0,0.04504159680121234,0.1906371149796,-0.9344672352000001,0.0,-0.0,0.2359073958096778,-0.22044773192550168,2859.5567246940004,-0.0001403413849173625
0.8210000000000001,45.86320167787647,90.0,0.045136798322123535,0.19016851282559996,-0.9399373056000008,0.0,-0.0,0.2359073958096778,-0.22173816198846144,2852.5276923839992,-0.0001411628982103002
0.8215,45.76823514078051,90.0,0.04523176485921949,0.18969718176359995,-0.9453828384,0.0,-0.0,0.2359073958096778,-0.22302280345010547,2845.4577264539994,-0.00014198072636518598
0.8220000000000001,45.67350494887936,90.0,0.04532649505112064,0.1892231341055999,-0.9508036608000007,0.0,-0.0,0.2359073958096778,-0.22430161554563638,2838.347011583998,-0.00014279484343034378
0.8225,45.57901245737499,90.0,0.045420987542625,0.18874638225,-0.9561996,0.0,-0.0,0.2359073958096778,-0.2255745575102556,2831.19573375,-0.00014360522345409682
0.8230000000000001,45.484759015248656,90.0,0.04551524098475134,0.1882669386815999,-0.9615704832000006,0.0,-0.0,0.2359073958096778,-0.22684158857916567,2824.0040802239982,-0.000144411840484769
0.8235,45.39074596521745,90.0,0.045609254034782554,0.1877848159716,-0.9669161376000001,0.0,-0.0,0.2359073958096778,-0.2281026679875681,2816.7722395739997,-0.00014521466857068358
0.8240000000000001,45.29697464369148,90.0,0.045703025356308526,0.18730002677759994,-0.9722363904000006,0.0,-0.0,0.2359073958096778,-0.22935775497066538,2809.5004016639987,-0.0001460136817601645
0.8245,45.203446380730355,90.0,0.045796553619269646,0.18681258384360003,-0.9775310688,0.0,-0.0,0.2359073958096778,-0.23060680876365897,2802.1887576540007,-0.00014680885410153495
0.8250000000000001,45.11016249999999,90.0,0.045889837500000016,0.18632249999999992,-0.9828000000000006,0.0,-0.0,0.2359073958096778,-0.23184978860175146,2794.8374999999987,-0.00014760015964311888
0.8255,45.01712431872963,90.0,0.04598287568127037,0.1858297881636,-0.9880430112,0.0,-0.0,0.2359073958096778,-0.2330866537201443,2787.4468224539996,-0.00014838757243323952
0.8260000000000001,44.92433314766846,90.0,0.04607566685233154,0.18533446133759993,-0.9932599296000004,0.0,-0.0,0.2359073958096778,-0.23431736335404,2780.016920063999,-0.0001491710665202208
0.8265,44.83179029104253,90.0,0.04616820970895747,0.18483653261160002,-0.9984505824,0.0,-0.0,0.2359073958096778,-0.2355418767386401,2772.547989174,-0.00014995061595238598
0.8270000000000001,44.739497046511346,90.0,0.04626050295348865,0.18433601516159992,-1.0036147968000007,0.0,-0.0,0.2359073958096778,-0.2367601531091471,2765.0402274239987,-0.00015072619477805895
0.8275,44.64745470512503,90.0,0.046352545294874974,0.18383292224999997,-1.0087524,0.0,-0.0,0.2359073958096778,-0.23797215170076244,2757.4938337499993,-0.00015149777704556293
0.8280000000000001,44.555664551280614,90.0,0.046444335448719384,0.18332726722559992,-1.0138632192000008,0.0,-0.0,0.2359073958096778,-0.2391778317486887,2749.9090083839983,-0.00015226533680322187
0.8285,44.46412786267948,90.0,0.046535872137320515,0.18281906352359997,-1.0189470816000001,0.0,-0.0,0.2359073958096778,-0.24037715248812727,2742.2859528539993,-0.00015302884809935898
0.8290000000000001,44.3728459102835,90.0,0.046627154089716495,0.18230832466559993,-1.0240038144000008,0.0,-0.0,0.2359073958096778,-0.2415700731542808,2734.624869983999,-0.00015378828498229823
0.8295,44.28181995827237,90.0,0.046718180041727626,0.18179506425959996,-1.0290332448000001,0.0,-0.0,0.2359073958096778,-0.2427565529823507,2726.9259638939993,-0.0001545436215003628
0.8300000000000001,44.19105126399999,90.0,0.046808948736000014,0.18127929599999992,-1.0340352000000006,0.0,-0.0,0.2359073958096778,-0.2439365512075395,2719.1894399999987,-0.00015529483170187663
0.8305,44.10054107795162,90.0,0.04689945892204838,0.1807610336676,-1.0390095072000003,0.0,-0.0,0.2359073958096778,-0.24511002706504872,2711.4155050140002,-0.00015604188963516303
0.8310000000000001,44.01029064370048,90.0,0.04698970935629952,0.1802402911295999,-1.0439559936000007,0.0,-0.0,0.2359073958096778,-0.2462769397900808,2703.6043669439987,-0.0001567847693485458
0.8315,43.920301197864525,90.0,0.04707969880213547,0.17971708233959996,-1.0488744864000001,0.0,-0.0,0.2359073958096778,-0.24743724861783734,2695.7562350939993,-0.00015752344489034824
0.8320000000000001,43.83057397006337,90.0,0.04716942602993663,0.1791914213375999,-1.0537648128000008,0.0,-0.0,0.2359073958096778,-0.2485909127835208,2687.8713200639986,-0.00015825789030889426
0.8325,43.741110182874976,90.0,0.047258889817125026,0.17866332224999998,-1.0586268,0.0,-0.0,0.2359073958096778,-0.24973789152233264,2679.94983375,-0.00015898807965250715
0.8330000000000001,43.651911051792645,90.0,0.047348088948207356,0.1781327992895999,-1.0634602752000006,0.0,-0.0,0.2359073958096778,-0.2508781440694754,2671.9919893439983,-0.0001597139869695107
0.8335,43.5629777851815,90.0,0.0474370222148185,0.17759986675559997,-1.0682650656000001,0.0,-0.0,0.2359073958096778,-0.2520116296601506,2663.9980013339996,-0.00016043558630822832
0.8340000000000001,43.474311584235494,90.0,0.04752568841576451,0.17706453903359992,-1.0730409984000007,0.0,-0.0,0.2359073958096778,-0.2531383075295608,2655.9680855039987,-0.00016115285171698382
0.8345,43.38591364293437,90.0,0.047614086357065634,0.17652683059559998,-1.0777879008000002,0.0,-0.0,0.2359073958096778,-0.2542581369129074,2647.9024589339997,-0.00016186575724410043
0.8350000000000001,43.29778514799998,90.0,0.04770221485200002,0.1759867559999999,-1.0825056000000006,0.0,-0.0,0.2359073958096778,-0.2553710770453929,2639.8013399999986,-0.00016257427693790213
0.8355,43.20992727885364,90.0,0.04779007272114636,0.17544432989159997,-1.0871939232000003,0.0,-0.0,0.2359073958096778,-0.2564770871622189,2631.6649483739993,-0.00016327838484671213
0.8360000000000001,43.12234120757246,90.0,0.04787765879242754,0.1748995670015999,-1.0918526976000005,0.0,-0.0,0.2359073958096778,-0.25757612649858774,2623.4935050239983,-0.00016397805501885425
0.8365,43.035028098846546,90.0,0.04796497190115345,0.1743524821476,-1.0964817504000002,0.0,-0.0,0.2359073958096778,-0.2586681542897012,2615.2872322139997,-0.00016467326150265197
0.8370000000000001,42.94798910993533,90.0,0.048052010890064674,0.17380309023359994,-1.1010809088000006,0.0,-0.0,0.2359073958096778,-0.2597531297707615,2607.046353503999,-0.000165363978346429
0.8375,42.86122539062501,90.0,0.04813877460937499,0.17325140624999993,-1.10565,0.0,-0.0,0.2359073958096778,-0.26083101217697024,2598.771093749999,-0.00016605017959850864
0.8380000000000001,42.77473808318468,90.0,0.048225261916815323,0.17269744527359993,-1.1101888512000007,0.0,-0.0,0.2359073958096778,-0.26190176074353005,2590.4616791039984,-0.00016673183930721486
0.8385,42.688528322323464,90.0,0.048311471677676535,0.17214122246759994,-1.1146972896000003,0.0,-0.0,0.2359073958096778,-0.26296533470564226,2582.1183370139993,-0.00016740893152087082
0.8390000000000001,42.6025972351475,90.0,0.0483974027648525,0.1715827530815999,-1.1191751424000007,0.0,-0.0,0.2359073958096778,-0.2640216932985095,2573.7412962239982,-0.0001680814302878005
0.8395,42.51694594111635,90.0,0.04848305405888365,0.1710220524516,-1.1236222368000002,0.0,-0.0,0.2359073958096778,-0.26507079575733317,2565.3307867739995,-0.0001687493096563271
0.8400000000000001,42.431575552,90.0,0.048568424448000004,0.17045913599999987,-1.1280384000000008,0.0,-0.0,0.2359073958096778,-0.26611260131731584,2556.8870399999983,-0.00016941254367477455
0.8405,42.34648717183561,90.0,0.04865351282816439,0.16989401923559996,-1.1324234592000002,0.0,-0.0,0.2359073958096778,-0.26714706921365894,2548.4102885339994,-0.00017007110639146608
0.8410000000000001,42.26168189688446,90.0,0.04873831810311554,0.1693267177535999,-1.1367772416000008,0.0,-0.0,0.2359073958096778,-0.26817415868156513,2539.9007663039984,-0.00017072497185472566
0.8415,42.177160815588486,90.0,0.048822839184411514,0.16875724723559998,-1.1410995744,0.0,-0.0,0.2359073958096778,-0.26919382895623567,2531.358708534,-0.0001713741141128764
0.8420000000000001,42.09292500852737,90.0,0.048907074991472635,0.16818562344959992,-1.1453902848000006,0.0,-0.0,0.2359073958096778,-0.2702060392728733,2522.7843517439987,-0.00017201850721424236
0.8425,42.00897554837499,90.0,0.04899102445162501,0.16761186224999997,-1.1496492000000003,0.0,-0.0,0.2359073958096778,-0.2712107488666795,2514.1779337499997,-0.0001726581252071468
0.8430000000000001,41.92531349985665,90.0,0.04907468650014335,0.16703597957759989,-1.1538761472000005,0.0,-0.0,0.2359073958096778,-0.27220791697285657,2505.539693663998,-0.00017329294213991344
0.8435,41.84193991970548,90.0,0.04915806008029452,0.16645799145959997,-1.1580709536000002,0.0,-0.0,0.2359073958096778,-0.27319750282660626,2496.8698718939995,-0.00017392293206086576
0.8440000000000001,41.75885585661951,90.0,0.04924114414338049,0.1658779140095999,-1.1622334464000006,0.0,-0.0,0.2359073958096778,-0.2741794656631309,2488.168710143998,-0.00017454806901832747
0.8445,41.67606235121835,90.0,0.04932393764878165,0.16529576342759994,-1.1663634528000002,0.0,-0.0,0.2359073958096778,-0.2751537647176321,2479.4364514139993,-0.00017516832706062198
0.8450000000000001,41.59356043600003,90.0,0.04940643956399997,0.1647115559999999,-1.1704608000000007,0.0,-0.0,0.2359073958096778,-0.2761203592253123,2470.6733399999985,-0.0001757836802360731
0.8455,41.51135113529763,90.0,0.04948864886470237,0.1641253080996,-1.1745253152000001,0.0,-0.0,0.2359073958096778,-0.277079208421373,2461.879621494,-0.0001763941025930041
0.8460000000000001,41.429435465236494,90.0,0.04957056453476351,0.16353703618559987,-1.1785568256000005,0.0,-0.0,0.2359073958096778,-0.2780302715410167,2453.055542783998,-0.0001769995681797389
0.8465,41.34781443369053,90.0,0.04965218556630947,0.16294675680359996,-1.1825551584,0.0,-0.0,0.2359073958096778,-0.278973507819445,2444.2013520539995,-0.0001776000510446008
0.8470000000000001,41.26648904023936,90.0,0.04973351095976064,0.1623544865855999,-1.1865201408000006,0.0,-0.0,0.2359073958096778,-0.27990887649186036,2435.3172987839985,-0.0001781955252359136
0.8475,41.18546027612499,90.0,0.049814539723875007,0.16176024224999996,-1.1904516,0.0,-0.0,0.2359073958096778,-0.28083633679346426,2426.4036337499997,-0.00017878596480200065
0.8480000000000001,41.10472912420862,90.0,0.04989527087579138,0.1611640406015999,-1.1943493632000008,0.0,-0.0,0.2359073958096778,-0.28175584795945924,2417.4606090239986,-0.0001793713437911858
0.8485,41.02429655892747,90.0,0.04997570344107253,0.16056589853159997,-1.1982132576000004,0.0,-0.0,0.2359073958096778,-0.2826673692250467,2408.4884779739996,-0.0001799516362517923
0.8490000000000001,40.94416354625151,90.0,0.05005583645374849,0.1599658330175999,-1.2020431104000007,0.0,-0.0,0.2359073958096778,-0.2835708598254292,2399.4874952639984,-0.00018052681623214405
0.8495,40.864331043640334,90.0,0.050135668956359666,0.15936386112359996,-1.2058387488000004,0.0,-0.0,0.2359073958096778,-0.28446627899580834,2390.4579168539994,-0.0001810968577805644
0.8500000000000001,40.78479999999997,90.0,0.05021520000000003,0.1587599999999999,-1.2096000000000007,0.0,-0.0,0.2359073958096778,-0.28535358597138644,2381.3999999999983,-0.0001816617349453771
0.8505,40.70557135563965,90.0,0.05029442864436035,0.15815426688359996,-1.2133266912,0.0,-0.0,0.2359073958096778,-0.2862327399873651,2372.3140032539995,-0.00018222142177490546
0.8510000000000001,40.62664604222848,90.0,0.05037335395777152,0.1575466790975999,-1.2170186496000006,0.0,-0.0,0.2359073958096778,-0.2871037002789469,2363.2001864639983,-0.00018277589231747348
0.8515,40.548024982752494,90.0,0.050451975017247505,0.15693725405159994,-1.2206757024000003,0.0,-0.0,0.2359073958096778,-0.2879664260813333,2354.058810773999,-0.00018332512062140436
0.8520000000000001,40.46970909147133,90.0,0.05053029090852867,0.1563260092415999,-1.2242976768000005,0.0,-0.0,0.2359073958096778,-0.28882087662972666,2344.890138623998,-0.00018386908073502188
0.8525,40.39169927387502,90.0,0.05060830072612498,0.15571296224999998,-1.2278844000000004,0.0,-0.0,0.2359073958096778,-0.2896670111593288,2335.6944337499995,-0.00018440774670664954
0.8530000000000001,40.31399642664065,90.0,0.05068600357335935,0.15509813074559986,-1.2314356992000006,0.0,-0.0,0.2359073958096778,-0.29050478890534187,2326.471961183998,-0.00018494109258461103
0.8535,40.236601437589464,90.0,0.050763398562410536,0.15448153248359994,-1.2349514016,0.0,-0.0,0.2359073958096778,-0.29133416910296756,2317.2229872539992,-0.00018546909241722967
0.8540000000000001,40.1595151856435,90.0,0.0508404848143565,0.1538631853055999,-1.2384313344000006,0.0,-0.0,0.2359073958096778,-0.2921551109874084,2307.947779583998,-0.0001859917202528294
0.8545,40.08273854078237,90.0,0.05091726145921763,0.15324310713959996,-1.2418753248000003,0.0,-0.0,0.2359073958096778,-0.29296757379386584,2298.646607093999,-0.0001865089501397335
0.8550000000000001,40.006272363999976,90.0,0.050993727636000026,0.15262131599999987,-1.2452832000000005,0.0,-0.0,0.2359073958096778,-0.29377151675754226,2289.319739999998,-0.00018702075612626567
0.8555,39.930117507261635,90.0,0.05106988249273837,0.15199782998759995,-1.2486547872000002,0.0,-0.0,0.2359073958096778,-0.2945668991136394,2279.967449813999,-0.00018752711226074947
0.8560000000000001,39.85427481346047,90.0,0.05114572518653953,0.15137266728959986,-1.2519899136000006,0.0,-0.0,0.2359073958096778,-0.2953536800973596,2270.5900093439977,-0.00018802799259150856
0.8565,39.778745116374516,90.0,0.051221254883625486,0.15074584617959993,-1.2552884064,0.0,-0.0,0.2359073958096778,-0.2961318189439045,2261.187692693999,-0.0001885233711668663
0.8570000000000001,39.70352924062331,90.0,0.05129647075937669,0.15011738501759986,-1.2585500928000006,0.0,-0.0,0.2359073958096778,-0.29690127488847645,2251.760775263998,-0.0001890132220351466
0.8575,39.62862800162501,90.0,0.05137137199837499,0.14948730224999995,-1.2617748000000002,0.0,-0.0,0.2359073958096778,-0.29766200716627705,2242.3095337499994,-0.00018949751924467265
0.8580000000000001,39.55404220555265,90.0,0.051445957794447356,0.14885561640959988,-1.2649623552000004,0.0,-0.0,0.2359073958096778,-0.2984139750125087,2232.834246143998,-0.0001899762368437684
0.8585,39.479772649291505,90.0,0.0515202273507085,0.14822234611559992,-1.2681125856000002,0.0,-0.0,0.2359073958096778,-0.2991571376623732,2223.3351917339987,-0.00019044934888075722
0.859,39.405820120395504,90.0,0.0515941798796045,0.14758751007360002,-1.2712253184,0.0,-0.0,0.2359073958096778,-0.29989145435107245,2213.8126511040005,-0.00019091682940396265
0.8595,39.332185397044356,90.0,0.05166781460295564,0.14695112707559993,-1.2743003808000002,0.0,-0.0,0.2359073958096778,-0.3006168843138088,2204.266906133999,-0.0001913786524617085
0.86,39.25886924799998,90.0,0.05174113075200002,0.146313216,-1.2773375999999996,0.0,-0.0,0.2359073958096778,-0.3013333867857838,2194.69824,-0.00019183479210231806
0.8605,39.18587243256364,90.0,0.051814127567436356,0.14567379581159992,-1.2803368032000004,0.0,-0.0,0.2359073958096778,-0.30204092100220004,2185.1069371739986,-0.0001922852223741152
0.861,39.113195700532465,90.0,0.051886804299467536,0.14503288556160004,-1.2832978175999998,0.0,-0.0,0.2359073958096778,-0.3027394461982589,2175.4932834240008,-0.00019272991732542324
0.8615,39.04083979215653,90.0,0.05195916020784347,0.14439050438759993,-1.2862204704000002,0.0,-0.0,0.2359073958096778,-0.3034289216091628,2165.857565813999,-0.0001931688510045659
0.862,38.96880543809539,90.0,0.052031194561904616,0.14374667151360002,-1.2891045887999997,0.0,-0.0,0.2359073958096778,-0.30410930647011347,2156.2000727040004,-0.0001936019974598667
0.8625,38.89709335937501,90.0,0.05210290664062499,0.14310140624999995,-1.2919500000000004,0.0,-0.0,0.2359073958096778,-0.3047805600163133,2146.521093749999,-0.00019402933073964937
0.863,38.82570426734463,90.0,0.05217429573265537,0.14245472799360004,-1.2947565312,0.0,-0.0,0.2359073958096778,-0.30544264148296385,2136.8209199040007,-0.00019445082489223724
0.8635,38.754638863633474,90.0,0.052245361136366526,0.14180665622759994,-1.2975240096,0.0,-0.0,0.2359073958096778,-0.30609551010526737,2127.0998434139988,-0.00019486645396595402
0.864,38.68389784010754,90.0,0.05231610215989246,0.14115721052160002,-1.3002522624,0.0,-0.0,0.2359073958096778,-0.3067391251184258,2117.3581578240005,-0.0001952761920091233
0.8645,38.61348187882636,90.0,0.05238651812117364,0.14050641053159996,-1.3029411168000002,0.0,-0.0,0.2359073958096778,-0.30737344575764125,2107.596157973999,-0.00019568001307006868
0.865,38.543391652,90.0,0.052456608348000006,0.13985427599999997,-1.3055904,0.0,-0.0,0.2359073958096778,-0.30799843125811555,2097.8141399999995,-0.00019607789119711368
0.8655,38.473627821945584,90.0,0.05252637217805441,0.13920082675559992,-1.3081999392000003,0.0,-0.0,0.2359073958096778,-0.3086140408550509,2088.0124013339987,-0.00019646980043858199
0.866,38.40419104104451,90.0,0.052595808958955485,0.1385460827136,-1.3107695616000001,0.0,-0.0,0.2359073958096778,-0.30922023378364905,2078.191240704,-0.00019685571484279695
0.8665,38.335081951698534,90.0,0.052664918048301465,0.13789006387559993,-1.3132990944000003,0.0,-0.0,0.2359073958096778,-0.30981696927911223,2068.350958133999,-0.0001972356084580824
0.867,38.26630118628739,90.0,0.05273369881371261,0.13723279032960004,-1.3157883648000002,0.0,-0.0,0.2359073958096778,-0.31040420657664236,2058.4918549440004,-0.00019760945533276177
0.8675,38.19784936712499,90.0,0.052802150632875015,0.13657428224999996,-1.3182372000000004,0.0,-0.0,0.2359073958096778,-0.3109819049114415,2048.6142337499996,-0.00019797722951515873
0.868,38.12972710641663,90.0,0.05287027289358337,0.1359145598976,-1.3206454271999999,0.0,-0.0,0.2359073958096778,-0.31155002351871136,2038.7183984640003,-0.00019833890505359665
0.8685,38.06193500621544,90.0,0.052938064993784555,0.13525364361959993,-1.3230128736000002,0.0,-0.0,0.2359073958096778,-0.31210852163365443,2028.804654293999,-0.00019869445599639943
0.869,37.99447365837952,90.0,0.05300552634162048,0.13459155384960003,-1.3253393664000002,0.0,-0.0,0.2359073958096778,-0.3126573584914724,2018.8733077440006,-0.00019904385639189047
0.8695,37.927343644528385,90.0,0.05307265635547161,0.13392831110759995,-1.3276247328000002,0.0,-0.0,0.2359073958096778,-0.3131964933273674,2008.924666613999,-0.00019938708028839332
0.87,37.860545536000004,90.0,0.053139454463999994,0.133263936,-1.3298688,0.0,-0.0,0.2359073958096778,-0.3137258853765412,1998.95904,-0.0001997241017342316
0.8705,37.79407989380762,90.0,0.05320592010619238,0.1325984492195999,-1.3320713952000003,0.0,-0.0,0.2359073958096778,-0.3142454938741962,1988.9767382939983,-0.00020005489477772898
0.871,37.72794726859647,90.0,0.05327205273140353,0.1319318715456,-1.3342323455999998,0.0,-0.0,0.2359073958096778,-0.31475527805553394,1978.9780731839999,-0.0002003794334672088
0.8715,37.662148200600484,90.0,0.05333785179939952,0.1312642238435999,-1.3363514784000001,0.0,-0.0,0.2359073958096778,-0.3152551971557569,1968.9633576539984,-0.00020069769185099496
0.872,37.596683219599385,90.0,0.05340331678040062,0.13059552706560001,-1.3384286207999998,0.0,-0.0,0.2359073958096778,-0.3157452104100667,1958.9329059840002,-0.00020100964397741074
0.8725,37.53155284487495,90.0,0.05346844715512505,0.12992580224999992,-1.3404636,0.0,-0.0,0.2359073958096778,-0.3162252770536656,1948.8870337499989,-0.00020131526389477995
0.873,37.46675758516865,90.0,0.05353324241483135,0.1292550705216,-1.3424562431999998,0.0,-0.0,0.2359073958096778,-0.31669535632175544,1938.8260578240001,-0.00020161452565142603
0.8735,37.40229793863747,90.0,0.05359770206136253,0.12858335309159993,-1.3444063776000001,0.0,-0.0,0.2359073958096778,-0.31715540744953835,1928.750296373999,-0.00020190740329567263
0.874,37.338174392811496,90.0,0.053661825607188504,0.1279106712576,-1.3463138304,0.0,-0.0,0.2359073958096778,-0.3176053896722162,1918.660068864,-0.00020219387087584326
0.8745,37.274387424550355,90.0,0.053725612575449645,0.12723704640359992,-1.3481784288,0.0,-0.0,0.2359073958096778,-0.31804526222499113,1908.5556960539989,-0.0002024739024402616
0.875,37.2109375,90.0,0.0537890625,0.1265625,-1.3499999999999999,0.0,-0.0,0.2359073958096778,-0.318474984343065,1898.4375,-0.00020274747203725106
0.8755000000000001,37.147825074549694,90.0,0.05385217492545031,0.12588705360359992,-1.3517783712000002,0.0,-0.0,0.2359073958096778,-0.31889451526164,1888.3058040539988,-0.00020301455371513546
0.876,37.085050592788484,90.0,0.05391494940721152,0.12521072885759998,-1.3535133696,0.0,-0.0,0.2359073958096778,-0.31930381421591786,1878.1609328639995,-0.00020327512152223815
0.8765000000000001,37.022614488462466,90.0,0.05397738551153754,0.12453354749159994,-1.3552048224000002,0.0,-0.0,0.2359073958096778,-0.3197028404411009,1868.003212373999,-0.00020352914950688288
0.877,36.96051718443132,90.0,0.05403948281556868,0.12385553132159999,-1.3568525568,0.0,-0.0,0.2359073958096778,-0.3200915531723909,1857.832969824,-0.00020377661171739307
0.8775000000000001,36.89875909262499,90.0,0.05410124090737501,0.12317670224999994,-1.3584564,0.0,-0.0,0.2359073958096778,-0.32046991164498995,1847.650533749999,-0.0002040174822020924
0.878,36.83734061400063,90.0,0.054162659385999366,0.12249708226560001,-1.3600161792,0.0,-0.0,0.2359073958096778,-0.3208378750941001,1837.4562339840002,-0.00020425173500930453
0.8785000000000001,36.77626213849943,90.0,0.054223737861500566,0.12181669344359988,-1.3615317216,0.0,-0.0,0.2359073958096778,-0.32119540275492325,1827.2504016539983,-0.00020447934418735286
0.879,36.715524045003534,90.0,0.05428447595499647,0.12113555794559999,-1.3630028544000001,0.0,-0.0,0.2359073958096778,-0.32154245386266145,1817.0333691839999,-0.00020470028378456108
0.8795000000000001,36.655126701292346,90.0,0.05434487329870765,0.12045369801959992,-1.3644294048,0.0,-0.0,0.2359073958096778,-0.3218789876525167,1806.8054702939987,-0.00020491452784925275
0.88,36.59507046399996,90.0,0.05440492953600004,0.11977113599999999,-1.3658112,0.0,-0.0,0.2359073958096778,-0.322204963359691,1796.5670399999997,-0.00020512205042975138
0.8805000000000001,36.53535567857161,90.0,0.05446464432142839,0.11908789430759992,-1.3671480672000003,0.0,-0.0,0.2359073958096778,-0.3225203402193864,1786.3184146139988,-0.0002053228255743807
0.881,36.47598267922046,90.0,0.05452401732077954,0.1184039954496,-1.3684398335999999,0.0,-0.0,0.2359073958096778,-0.3228250774668048,1776.0599317439999,-0.00020551682733146407
0.8815000000000001,36.41695178888451,90.0,0.05458304821111549,0.1177194620195999,-1.3696863264,0.0,-0.0,0.2359073958096778,-0.32311913433714834,1765.7919302939986,-0.00020570402974932534
0.882,36.35826331918339,90.0,0.05464173668081661,0.11703431669759999,-1.3708873728,0.0,-0.0,0.2359073958096778,-0.3234024700656189,1755.514750464,-0.00020588440687628785
0.8825000000000001,36.299917570375065,90.0,0.05470008242962494,0.11634858224999992,-1.3720428,0.0,-0.0,0.2359073958096778,-0.3236750438874186,1745.2287337499988,-0.00020605793276067533
0.883,36.241914831312705,90.0,0.05475808516868729,0.1156622815296,-1.3731524352,0.0,-0.0,0.2359073958096778,-0.32393681503774935,1734.9342229439999,-0.0002062245814508113
0.8835000000000001,36.184255379401456,90.0,0.054815744620598544,0.11497543747559992,-1.3742161056,0.0,-0.0,0.2359073958096778,-0.32418774275181317,1724.6315621339986,-0.00020638432699501933
0.884,36.12693948055552,90.0,0.05487306051944448,0.11428807311359997,-1.3752336384000001,0.0,-0.0,0.2359073958096778,-0.3244277862648121,1714.3210967039995,-0.00020653714344162302
0.8845000000000001,36.069967389154364,90.0,0.054930032610845635,0.1136002115555999,-1.3762048608,0.0,-0.0,0.2359073958096778,-0.3246569048119481,1704.0031733339986,-0.00020668300483894593
0.885,36.01333934800001,90.0,0.05498666065199999,0.11291187599999997,-1.3771296,0.0,-0.0,0.2359073958096778,-0.3248750576284232,1693.6781399999993,-0.00020682188523531167
0.8855000000000001,35.95705558827367,90.0,0.05504294441172633,0.11222308973159992,-1.3780076832,0.0,-0.0,0.2359073958096778,-0.3250822039494395,1683.3463459739987,-0.00020695375867904383
0.886,35.90111632949247,90.0,0.05509888367050753,0.1115338761216,-1.3788389375999999,0.0,-0.0,0.2359073958096778,-0.3252783030101988,1673.008141824,-0.0002070785992184659
0.8865000000000001,35.84552177946652,90.0,0.05515447822053348,0.11084425862759992,-1.3796231904,0.0,-0.0,0.2359073958096778,-0.3254633140459033,1662.6638794139988,-0.00020719638090190159
0.887,35.79027213425534,90.0,0.055209727865744664,0.11015426079359998,-1.3803602687999998,0.0,-0.0,0.2359073958096778,-0.3256371962917548,1652.3139119039997,-0.00020730707777767436
0.8875000000000001,35.735367578125015,90.0,0.05526463242187499,0.10946390624999988,-1.38105,0.0,-0.0,0.2359073958096778,-0.3257999089829555,1641.9585937499983,-0.00020741066389410787
0.888,35.68080828350465,90.0,0.055319191716495346,0.10877321871359999,-1.3816922112,0.0,-0.0,0.2359073958096778,-0.32595141135470734,1631.598280704,-0.00020750711329952566
0.8885000000000001,35.62659441094348,90.0,0.05537340558905652,0.10808222198759991,-1.3822867296,0.0,-0.0,0.2359073958096778,-0.3260916626422123,1621.2333298139986,-0.00020759640004225133
0.889,35.57272610906754,90.0,0.05542727389093246,0.10739093996159998,-1.3828333824,0.0,-0.0,0.2359073958096778,-0.3262206220806723,1610.8640994239997,-0.00020767849817060843
0.8895000000000001,35.51920351453637,90.0,0.055480796485463627,0.10669939661159991,-1.3833319968000002,0.0,-0.0,0.2359073958096778,-0.32633824890528956,1600.4909491739986,-0.00020775338173292056
0.89,35.46602675200006,90.0,0.05553397324799994,0.106007616,-1.3837824,0.0,-0.0,0.2359073958096778,-0.3264445023512659,1590.1142399999999,-0.00020782102477751128
0.8905000000000001,35.41319593405565,90.0,0.05558680406594435,0.1053156222755999,-1.3841844192,0.0,-0.0,0.2359073958096778,-0.32653934165380333,1579.7343341339983,-0.00020788140135270415
0.891,35.36071116120443,90.0,0.05563928883879557,0.1046234396736,-1.3845378816,0.0,-0.0,0.2359073958096778,-0.326622726048104,1569.351595104,-0.00020793448550682287
0.8915000000000001,35.30857252180856,90.0,0.055691427478191446,0.10393109251559988,-1.3848426144000001,0.0,-0.0,0.2359073958096778,-0.32669461476936984,1558.9663877339983,-0.0002079802512881909
0.892,35.25678009204733,90.0,0.05574321990795267,0.10323860520959999,-1.3850984447999999,0.0,-0.0,0.2359073958096778,-0.3267549670528027,1548.5790781439998,-0.0002080186727451318
0.8925000000000001,35.205333935875004,90.0,0.055794666064125,0.1025460022499999,-1.3853052,0.0,-0.0,0.2359073958096778,-0.3268037421336048,1538.1900337499985,-0.00020804972392596925
0.893,35.15423410497665,90.0,0.055845765895023346,0.10185330821759998,-1.3854627071999999,0.0,-0.0,0.2359073958096778,-0.32684089924697807,1527.7996232639996,-0.00020807337887902676
0.8935000000000001,35.103480638725514,90.0,0.05589651936127449,0.1011605477795999,-1.3855707936,0.0,-0.0,0.2359073958096778,-0.3268663976281245,1517.4082166939986,-0.00020808961165262797
0.894,35.053073564139495,90.0,0.0559469264358605,0.10046774568959997,-1.3856292864,0.0,-0.0,0.2359073958096778,-0.32688019651224615,1507.0161853439995,-0.0002080983962950964
0.8945000000000001,35.003012895838324,90.0,0.05599698710416168,0.09977492678759987,-1.3856380127999999,0.0,-0.0,0.2359073958096778,-0.32688225513454494,1496.6239018139981,-0.00020809970685475566
0.895,34.953298635999985,90.0,0.056046701364000015,0.09908211599999997,-1.3855967999999999,0.0,-0.0,0.2359073958096778,-0.32687253273022293,1486.2317399999995,-0.0002080935173799293
0.8955000000000001,34.903930774317615,90.0,0.05609606922568239,0.0983893383395999,-1.3855054752,0.0,-0.0,0.2359073958096778,-0.32685098853448213,1475.8400750939984,-0.00020807980191894096
0.896,34.85490928795646,90.0,0.056145090712043544,0.09769661890559996,-1.3853638656,0.0,-0.0,0.2359073958096778,-0.32681758178252446,1465.4492835839994,-0.00020805853452011413
0.8965000000000001,34.80623414151049,90.0,0.056193765858489515,0.09700398288359988,-1.3851717984000003,0.0,-0.0,0.2359073958096778,-0.3267722717095521,1455.0597432539982,-0.0002080296892317725
0.897,34.757905286959364,90.0,0.05624209471304063,0.09631145554559997,-1.3849291008,0.0,-0.0,0.2359073958096778,-0.32671501755076676,1444.6718331839995,-0.00020799324010223948
0.8975000000000001,34.70992266362495,90.0,0.05629007733637505,0.0956190622499999,-1.3846356,0.0,-0.0,0.2359073958096778,-0.32664577854137067,1434.2859337499985,-0.0002079491611798388
0.898,34.66228619812863,90.0,0.056337713801871366,0.09492682844159997,-1.3842911232,0.0,-0.0,0.2359073958096778,-0.3265645139165658,1423.9024266239994,-0.000207897426512894
0.8985000000000001,34.61499580434753,90.0,0.05638500419565247,0.0942347796515999,-1.3838954976,0.0,-0.0,0.2359073958096778,-0.3264711829115542,1413.5216947739987,-0.00020783801014972864
0.899,34.56805138337151,90.0,0.05643194861662849,0.09354294149759997,-1.3834485504,0.0,-0.0,0.2359073958096778,-0.3263657447615378,1403.1441224639996,-0.00020777088613866638
0.8995000000000001,34.52145282346035,90.0,0.05647854717653965,0.09285133968359989,-1.3829501087999998,0.0,-0.0,0.2359073958096778,-0.3262481587017185,1392.7700952539983,-0.00020769602852803063
0.9,34.47519999999997,90.0,0.05652480000000003,0.09215999999999996,-1.3823999999999999,0.0,-0.0,0.2359073958096778,-0.32611838396729853,1382.3999999999994,-0.00020761341136614508
0.9005000000000001,34.42929277545964,90.0,0.056570707224540356,0.09146894832359988,-1.3817980511999999,0.0,-0.0,0.2359073958096778,-0.32597637979347976,1372.034224853998,-0.00020752300870133334
0.901,34.38373099934849,90.0,0.05661626900065151,0.09077821061759997,-1.3811440896,0.0,-0.0,0.2359073958096778,-0.3258221054154643,1361.6731592639994,-0.00020742479458191898
0.9015000000000001,34.338514508172516,90.0,0.056661485491827486,0.0900878129315999,-1.3804379423999997,0.0,-0.0,0.2359073958096778,-0.32565552006845394,1351.3171939739984,-0.00020731874305622547
0.902,34.293643125391334,90.0,0.05670635687460866,0.08939778140159996,-1.3796794367999998,0.0,-0.0,0.2359073958096778,-0.32547658298765086,1340.9667210239993,-0.0002072048281725765
0.9025000000000001,34.249116661374934,90.0,0.05675088333862507,0.08870814224999989,-1.3788684,0.0,-0.0,0.2359073958096778,-0.3252852534082571,1330.6221337499983,-0.00020708302397929565
0.903,34.20493491336059,90.0,0.05679506508663941,0.08801892178559996,-1.3780046591999997,0.0,-0.0,0.2359073958096778,-0.3250814905654745,1320.2838267839993,-0.0002069533045247064
0.9035000000000001,34.16109766540942,90.0,0.05683890233459058,0.08733014640359989,-1.3770880415999998,0.0,-0.0,0.2359073958096778,-0.3248652536945052,1309.9521960539983,-0.0002068156438571325
0.904,34.11760468836352,90.0,0.056882395311636476,0.08664184258559995,-1.3761183744,0.0,-0.0,0.2359073958096778,-0.32463650203055117,1299.6276387839994,-0.00020667001602489736
0.9045000000000001,34.074455739802396,90.0,0.0569255442601976,0.08595403689959988,-1.3750954847999999,0.0,-0.0,0.2359073958096778,-0.32439519480881435,1289.3105534939982,-0.00020651639507632461
0.905,34.03165056400004,90.0,0.05696834943599996,0.08526675599999996,-1.3740192,0.0,-0.0,0.2359073958096778,-0.3241412912644968,1279.0013399999993,-0.00020635475505973783
0.9055000000000001,33.98918889188166,90.0,0.05701081110811834,0.08458002662759988,-1.3728893471999999,0.0,-0.0,0.2359073958096778,-0.3238747506328005,1268.7003994139982,-0.00020618507002346064
0.906,33.94707044098051,90.0,0.05705292955901949,0.08389387560959995,-1.3717057536,0.0,-0.0,0.2359073958096778,-0.32359553214892756,1258.4081341439992,-0.00020600731401581663
0.9065000000000001,33.905294915394485,90.0,0.05709470508460551,0.08320832985959989,-1.3704682463999995,0.0,-0.0,0.2359073958096778,-0.3233035950480797,1248.1249478939983,-0.00020582146108512922
0.907,33.86386200574335,90.0,0.05713613799425665,0.08252341637759995,-1.3691766527999998,0.0,-0.0,0.2359073958096778,-0.3229988985654593,1237.8512456639994,-0.00020562748527972225
0.9075000000000001,33.82277138912503,90.0,0.05717722861087497,0.08183916224999989,-1.3678307999999997,0.0,-0.0,0.2359073958096778,-0.32268140193626815,1227.5874337499984,-0.00020542536064791907
0.908,33.7820227290726,90.0,0.0572179772709274,0.08115559464959995,-1.3664305151999998,0.0,-0.0,0.2359073958096778,-0.3223510643957083,1217.3339197439993,-0.0002052150612380434
0.9085000000000001,33.74161567551145,90.0,0.05725838432448855,0.08047274083559988,-1.3649756255999996,0.0,-0.0,0.2359073958096778,-0.3220078451789817,1207.0911125339983,-0.0002049965610984187
0.909,33.7015498647155,90.0,0.0572984501352845,0.07979062815359995,-1.3634659584,0.0,-0.0,0.2359073958096778,-0.32165170352129047,1196.8594223039993,-0.00020476983427736872
0.9095000000000001,33.6618249192644,90.0,0.057338175080735604,0.07910928403559987,-1.3619013407999994,0.0,-0.0,0.2359073958096778,-0.3212825986578363,1186.6392605339981,-0.00020453485482321677
0.91,33.62244044800007,90.0,0.05737755955199993,0.07842873599999997,-1.3602816,0.0,-0.0,0.2359073958096778,-0.3209004898238218,1176.4310399999995,-0.00020429159678428678
0.9105000000000001,33.58339604598366,90.0,0.057416603954016335,0.07774901165159988,-1.3586065631999997,0.0,-0.0,0.2359073958096778,-0.3205053362544484,1166.235174773998,-0.00020404003420890207
0.911,33.54469129445249,90.0,0.057455308705547506,0.07707013868159994,-1.3568760576,0.0,-0.0,0.2359073958096778,-0.32009709718491836,1156.0520802239992,-0.0002037801411453863
0.9115000000000001,33.5063257607765,90.0,0.057493674239223504,0.07639214486759988,-1.3550899103999996,0.0,-0.0,0.2359073958096778,-0.3196757318504335,1145.882173013998,-0.00020351189164206297
0.912,33.46829899841538,90.0,0.05753170100158462,0.07571505807359995,-1.3532479488,0.0,-0.0,0.2359073958096778,-0.31924119948619617,1135.7258711039992,-0.00020323525974725584
0.9125000000000001,33.430610546874995,90.0,0.05756938945312501,0.07503890624999986,-1.3513499999999998,0.0,-0.0,0.2359073958096778,-0.31879345932740805,1125.5835937499978,-0.0002029502195092883
0.913,33.39325993166466,90.0,0.05760674006833534,0.07436371743359994,-1.3493958911999997,0.0,-0.0,0.2359073958096778,-0.3183324706092712,1115.455761503999,-0.00020265674497648404
0.9135000000000001,33.35624666425343,90.0,0.05764375333574657,0.07368951974759988,-1.3473854495999995,0.0,-0.0,0.2359073958096778,-0.3178581925669878,1105.342796213998,-0.0002023548101971666
0.914,33.319570242027496,90.0,0.0576804297579725,0.07301634140159995,-1.3453185023999998,0.0,-0.0,0.2359073958096778,-0.3173705844357597,1095.2451210239992,-0.00020204438921965964
0.9145000000000001,33.28323014824634,90.0,0.05771676985175366,0.07234421069159987,-1.3431948767999997,0.0,-0.0,0.2359073958096778,-0.3168696054507889,1085.163160373998,-0.00020172545609228656
0.915,33.24722585199997,90.0,0.05775277414800003,0.07167315599999995,-1.3410144,0.0,-0.0,0.2359073958096778,-0.3163552148472776,1075.0973399999991,-0.00020139798486337116
0.9155000000000001,33.2115568081656,90.0,0.057788443191834404,0.07100320579559988,-1.3387768991999995,0.0,-0.0,0.2359073958096778,-0.3158273718604274,1065.048086933998,-0.00020106194958123677
0.916,33.17622245736445,90.0,0.05782377754263555,0.07033438863359996,-1.3364822015999995,0.0,-0.0,0.2359073958096778,-0.31528603572544067,1055.0158295039996,-0.00020071732429420718
0.9165000000000001,33.14122222591856,90.0,0.05785877777408144,0.06966673315559987,-1.3341301343999994,0.0,-0.0,0.2359073958096778,-0.3147311656775193,1045.0009973339982,-0.00020036408305060586
0.917,33.10655552580738,90.0,0.05789344447419262,0.06900026808959996,-1.3317205248,0.0,-0.0,0.2359073958096778,-0.3141627209518654,1035.0040213439993,-0.00020000219989875655
0.9175000000000001,33.072221754625,90.0,0.057927778245375004,0.06833502224999988,-1.3292531999999995,0.0,-0.0,0.2359073958096778,-0.3135806607836807,1025.025333749998,-0.00019963164888698256
0.918,33.03822029553662,90.0,0.05796177970446338,0.06767102453759995,-1.3267279871999997,0.0,-0.0,0.2359073958096778,-0.3129849444081675,1015.0653680639991,-0.00019925240406360768
0.9185000000000001,33.004550517235444,90.0,0.057995449482764555,0.06700830393959989,-1.3241447135999995,0.0,-0.0,0.2359073958096778,-0.3123755310605275,1005.1245590939983,-0.00019886443947695538
0.919,32.97121177389953,90.0,0.05802878822610047,0.06634688952959994,-1.3215032063999999,0.0,-0.0,0.2359073958096778,-0.3117523799759631,995.203342943999,-0.00019846772917534938
0.9195000000000001,32.93820340514834,90.0,0.05806179659485166,0.06568681046759987,-1.3188032927999995,0.0,-0.0,0.2359073958096778,-0.31111545038967586,985.3021570139981,-0.000198062247207113
0.92,32.905524736,90.0,0.058094475264,0.06502809599999994,-1.3160447999999996,0.0,-0.0,0.2359073958096778,-0.3104647015368681,975.421439999999,-0.00019764796762057008
0.9205000000000001,32.873175076827614,90.0,0.058126824923172386,0.06437077545959986,-1.3132275551999992,0.0,-0.0,0.2359073958096778,-0.3098000926527417,965.5616318939979,-0.00019722486446404404
0.921,32.84115372331652,90.0,0.058158846276683475,0.06371487826559996,-1.3103513855999995,0.0,-0.0,0.2359073958096778,-0.3091215829724988,955.7231739839993,-0.00019679291178585862
0.9215000000000001,32.809459956420575,90.0,0.058190540043579424,0.06306043392359988,-1.3074161183999993,0.0,-0.0,0.2359073958096778,-0.3084291317313412,945.9065088539982,-0.0001963520836343372
0.922,32.778093042319405,90.0,0.0582219069576806,0.062407472025599944,-1.3044215807999997,0.0,-0.0,0.2359073958096778,-0.3077226981644711,936.1120803839991,-0.00019590235405780355
0.9225000000000001,32.747052232374976,90.0,0.058252947767625025,0.061756022249999876,-1.3013675999999994,0.0,-0.0,0.2359073958096778,-0.3070022415070903,926.3403337499981,-0.0001954436971045811
0.923,32.71633676308872,90.0,0.05828366323691128,0.061106114361599934,-1.2982540031999996,0.0,-0.0,0.2359073958096778,-0.306267720994401,916.591715423999,-0.0001949760868229935
0.9235000000000001,32.68594585605746,90.0,0.05831405414394254,0.06045777821159987,-1.2950806175999994,0.0,-0.0,0.2359073958096778,-0.30551909586160503,906.866673173998,-0.00019449949726136427
0.924,32.65587871793146,90.0,0.05834412128206854,0.059811043737599955,-1.2918472703999997,0.0,-0.0,0.2359073958096778,-0.30475632534390457,897.1656560639993,-0.0001940139024680171
0.9245000000000001,32.62613454037031,90.0,0.05837386545962969,0.059165940963599874,-1.2885537887999994,0.0,-0.0,0.2359073958096778,-0.30397936867650144,887.4891144539981,-0.00019351927649127545
0.925,32.596712500000024,90.0,0.05840328749999998,0.05852249999999994,-1.2852,0.0,-0.0,0.2359073958096778,-0.3031881850945979,877.8374999999992,-0.00019301559337946302
0.9255,32.56761175836971,90.0,0.058432388241630294,0.05788075104360001,-1.2817857312,0.0,-0.0,0.2359073958096778,-0.3023827338333957,868.211265654,-0.00019250282718090333
0.926,32.53883146190853,90.0,0.05846116853809147,0.05724072437759993,-1.2783108095999995,0.0,-0.0,0.2359073958096778,-0.30156297412809674,858.6108656639989,-0.00019198095194391976
0.9265,32.51037074188256,90.0,0.05848962925811744,0.05660245037160001,-1.2747750624,0.0,-0.0,0.2359073958096778,-0.3007288652139035,849.0367555740002,-0.0001914499417168363
0.927,32.48222871435136,90.0,0.05851777128564864,0.05596595948159994,-1.2711783167999997,0.0,-0.0,0.2359073958096778,-0.2998803663260175,839.4893922239991,-0.00019090977054797619
0.9275,32.454404480125014,90.0,0.05854559551987499,0.05533128225,-1.2675204,0.0,-0.0,0.2359073958096778,-0.2990174366996411,829.96923375,-0.00019036041248566318
0.928,32.42689712472066,90.0,0.05857310287527934,0.05469844930559994,-1.2638011391999997,0.0,-0.0,0.2359073958096778,-0.29814003556997604,820.476739583999,-0.00018980184157822073
0.9285,32.39970571831952,90.0,0.05860029428168048,0.05406749136360001,-1.2600203616,0.0,-0.0,0.2359073958096778,-0.29724812217222457,811.0123704540002,-0.0001892340318739726
0.929,32.372829315723415,90.0,0.058627170684276586,0.05343843922559994,-1.2561778943999995,0.0,-0.0,0.2359073958096778,-0.29634165574158833,801.576588383999,-0.00018865695742124213
0.9295,32.346266956312235,90.0,0.05865373304368777,0.05281132377960001,-1.2522735647999998,0.0,-0.0,0.2359073958096778,-0.29542059551326977,792.1698566940001,-0.00018807059226835313
0.93,32.32001766400006,90.0,0.058679982335999935,0.05218617599999993,-1.2483071999999997,0.0,-0.0,0.2359073958096778,-0.2944849007224706,782.7926399999989,-0.00018747491046362902
0.9305,32.29408044719168,90.0,0.058705919552808315,0.05156302694760001,-1.2442786272,0.0,-0.0,0.2359073958096778,-0.2935345306043929,773.4454042140002,-0.00018686988605539346
0.931,32.26845429874043,90.0,0.05873154570125957,0.05094190776959995,-1.2401876735999995,0.0,-0.0,0.2359073958096778,-0.29256944439423854,764.1286165439992,-0.0001862554930919699
0.9315,32.24313819590455,90.0,0.05875686180409545,0.05032284969960001,-1.2360341664,0.0,-0.0,0.2359073958096778,-0.29158960132720996,754.8427454940002,-0.0001856317056216822
0.932,32.2181311003034,90.0,0.058781868899696596,0.04970588405759993,-1.2318179327999996,0.0,-0.0,0.2359073958096778,-0.2905949606385086,745.5882608639989,-0.0001849984976928536
0.9325,32.193431957875,90.0,0.058806568042125,0.04909104225000001,-1.2275388,0.0,-0.0,0.2359073958096778,-0.2895854815633369,736.36563375,-0.000184355843353808
0.933,32.16903969883266,90.0,0.058830960301167336,0.048478355769599926,-1.2231965951999997,0.0,-0.0,0.2359073958096778,-0.28856112333689654,727.1753365439989,-0.00018370371665286863
0.9335,32.14495323762146,90.0,0.05885504676237854,0.0478678561956,-1.2187911456,0.0,-0.0,0.2359073958096778,-0.28752184519438984,718.0178429340001,-0.00018304209163835943
0.934,32.12117147287552,90.0,0.058878828527124484,0.04725957519359993,-1.2143222783999994,0.0,-0.0,0.2359073958096778,-0.2864676063710184,708.893627903999,-0.00018237094235860367
0.9345,32.09769328737439,90.0,0.05890230671262561,0.046653544515600005,-1.2097898208,0.0,-0.0,0.2359073958096778,-0.28539836610198477,699.8031677340001,-0.0001816902428619252
0.935,32.07451754799995,90.0,0.05892548245200005,0.046049795999999935,-1.2051935999999994,0.0,-0.0,0.2359073958096778,-0.28431408362249033,690.746939999999,-0.0001809999671966473
0.9355,32.05164310569364,90.0,0.05894835689430636,0.045448361571599996,-1.2005334431999999,0.0,-0.0,0.2359073958096778,-0.2832147181677377,681.7254235739999,-0.00018030008941109386
0.936,32.02906879541252,90.0,0.05897093120458748,0.04484927324159993,-1.1958091775999993,0.0,-0.0,0.2359073958096778,-0.2821002289729283,672.739098623999,-0.00017959058355358822
0.9365,32.006793436086575,90.0,0.05899320656391342,0.04425256310759999,-1.1910206304,0.0,-0.0,0.2359073958096778,-0.28097057527326474,663.7884466139999,-0.00017887142367245418
0.937,31.984815830575386,90.0,0.05901518416942461,0.043658263353599944,-1.1861676287999996,0.0,-0.0,0.2359073958096778,-0.2798257163039485,654.8739503039992,-0.0001781425838160151
0.9375,31.963134765625,90.0,0.059036865234375,0.04306640625,-1.18125,0.0,-0.0,0.2359073958096778,-0.27866561130018186,645.99609375,-0.0001774040380325947
0.9380000000000001,31.94174901182471,90.0,0.05905825098817529,0.04247702415359993,-1.1762675711999995,0.0,-0.0,0.2359073958096778,-0.2774902194971666,637.1553623039989,-0.0001766557603705164
0.9385,31.92065732356359,90.0,0.059079342676436414,0.04189014950759999,-1.1712201696,0.0,-0.0,0.2359073958096778,-0.2762995001301051,628.3522426139999,-0.00017589772487810405
0.9390000000000001,31.89985843898757,90.0,0.059100141561012426,0.04130581484159993,-1.1661076223999993,0.0,-0.0,0.2359073958096778,-0.27509341243419894,619.587222623999,-0.0001751299056036809
0.9395,31.87935107995642,90.0,0.05912064892004358,0.0407240527716,-1.1609297567999999,0.0,-0.0,0.2359073958096778,-0.2738719156446505,610.860791574,-0.00017435227659557084
0.9400000000000001,31.859133952000036,90.0,0.059140866047999965,0.04014489599999993,-1.1556863999999991,0.0,-0.0,0.2359073958096778,-0.2726349689966614,602.1734399999989,-0.0001735648119020972
0.9405,31.839205744275652,90.0,0.05916079425572435,0.03956837731559999,-1.1503773791999998,0.0,-0.0,0.2359073958096778,-0.27138253172543414,593.5256597339999,-0.00017276748557158383
0.9410000000000001,31.81956512952452,90.0,0.05918043487047548,0.038994529593599926,-1.1450025215999995,0.0,-0.0,0.2359073958096778,-0.2701145630661702,584.9179439039989,-0.00017196027165235396
0.9415,31.80021076402852,90.0,0.05919978923597148,0.03842338579559999,-1.1395616544,0.0,-0.0,0.2359073958096778,-0.26883102225407207,576.3507869339999,-0.00017114314419273158
0.9420000000000001,31.78114128756735,90.0,0.05921885871243265,0.03785497896959994,-1.1340546047999993,0.0,-0.0,0.2359073958096778,-0.26753186852434113,567.8246845439992,-0.00017031607724103976
0.9425,31.762355323375054,90.0,0.05923764467662494,0.037289342249999996,-1.1284812,0.0,-0.0,0.2359073958096778,-0.26621706111218013,559.34013375,-0.0001694790448456026
0.9430000000000001,31.74385147809661,90.0,0.05925614852190339,0.036726508857599933,-1.1228412671999994,0.0,-0.0,0.2359073958096778,-0.2648865592527904,550.897632863999,-0.0001686320210547433
0.9435,31.72562834174549,90.0,0.059274371658254506,0.0361665120996,-1.1171346335999999,0.0,-0.0,0.2359073958096778,-0.2635403221813745,542.4976814940001,-0.0001677749799167857
0.9440000000000001,31.707684487659428,90.0,0.05929231551234057,0.035609385369599934,-1.1113611263999992,0.0,-0.0,0.2359073958096778,-0.26217830913313395,534.1407805439991,-0.00016690789548005314
0.9445,31.690018472458334,90.0,0.05930998152754167,0.03505516214759999,-1.1055205728,0.0,-0.0,0.2359073958096778,-0.2608004793432713,525.8274322139998,-0.0001660307417928695
0.9450000000000001,31.672628835999944,90.0,0.05932737116400005,0.03450387599999993,-1.0996127999999992,0.0,-0.0,0.2359073958096778,-0.25940679204698786,517.558139999999,-0.00016514349290355792
0.9455,31.65551410133761,90.0,0.05934448589866239,0.03395556057959999,-1.0936376352,0.0,-0.0,0.2359073958096778,-0.2579972064794864,509.3334086939998,-0.00016424612286044252
0.9460000000000001,31.638672774676422,90.0,0.05936132722532358,0.033410249625599936,-1.0875949055999992,0.0,-0.0,0.2359073958096778,-0.2565716818759681,501.1537443839991,-0.00016333860571184636
0.9465,31.622103345330558,90.0,0.05937789665466944,0.0328679769636,-1.0814844383999997,0.0,-0.0,0.2359073958096778,-0.25513017747163586,493.019654454,-0.00016242091550609347
0.9470000000000001,31.605804285679334,90.0,0.05939419571432067,0.032328776505599933,-1.0753060607999991,0.0,-0.0,0.2359073958096778,-0.25367265250169085,484.931647583999,-0.000161493026291507
0.9475,31.589774051125012,90.0,0.05941022594887499,0.03179268224999999,-1.0690595999999999,0.0,-0.0,0.2359073958096778,-0.2521990662013358,476.8902337499998,-0.00016055491211641097
0.9480000000000001,31.57401108004867,90.0,0.05942598891995133,0.031259728281599924,-1.062744883199999,0.0,-0.0,0.2359073958096778,-0.25070937780577196,468.8959242239988,-0.0001596065470291285
0.9485,31.55851379376751,90.0,0.05944148620623249,0.03072994877159999,-1.0563617375999996,0.0,-0.0,0.2359073958096778,-0.2492035465502021,460.9492315739998,-0.00015864790507798363
0.9490000000000001,31.543280596491556,90.0,0.05945671940350845,0.030203377977599928,-1.049909990399999,0.0,-0.0,0.2359073958096778,-0.2476815316698276,453.0506696639989,-0.00015767896031129955
0.9495,31.52830987528037,90.0,0.05947169012471963,0.02968005024359999,-1.0433894687999996,0.0,-0.0,0.2359073958096778,-0.24614329239985097,445.20075365399987,-0.00015669968677740014
0.9500000000000001,31.51360000000001,90.0,0.05948639999999999,0.029159999999999933,-1.036799999999999,0.0,-0.0,0.2359073958096778,-0.2445887879754737,437.399999999999,-0.0001557100585246087
0.9505,31.499149323279653,90.0,0.05950085067672035,0.02864326176359999,-1.0301414112,0.0,-0.0,0.2359073958096778,-0.24301797763189845,429.6489264539998,-0.00015471004960124918
0.9510000000000001,31.484956180468537,90.0,0.05951504381953146,0.028129870137599933,-1.023413529599999,0.0,-0.0,0.2359073958096778,-0.24143082060432638,421.948052063999,-0.00015369963405564464
0.9515,31.47101888959247,90.0,0.059528981110407525,0.027619859811599985,-1.0166161823999997,0.0,-0.0,0.2359073958096778,-0.23982727612796031,414.2978971739998,-0.0001526787859361192
0.9520000000000001,31.457335751311327,90.0,0.059542664248688676,0.027113265561599934,-1.0097491967999992,0.0,-0.0,0.2359073958096778,-0.23820730343800164,406.698983423999,-0.000151647479290996
0.9525,31.44390504887494,90.0,0.059556094951125065,0.026610122249999986,-1.0028123999999998,0.0,-0.0,0.2359073958096778,-0.2365708617696529,399.1518337499998,-0.00015060568816859898
0.9530000000000001,31.430725048080554,90.0,0.059569274951919444,0.026110464825599932,-0.995805619199999,0.0,-0.0,0.2359073958096778,-0.23491791035811543,391.656972383999,-0.00014955338661725134
0.9535,31.417793997229417,90.0,0.05958220600277058,0.025614328323599986,-0.9887286815999998,0.0,-0.0,0.2359073958096778,-0.23324840843859204,384.2149248539998,-0.00014849054868527713
0.9540000000000001,31.405110127083525,90.0,0.05959488987291647,0.025121747865599932,-0.981581414399999,0.0,-0.0,0.2359073958096778,-0.23156231524628393,376.82621798399896,-0.0001474171484209994
0.9545,31.392671650822308,90.0,0.059607328349177695,0.024632758659599987,-0.9743636447999998,0.0,-0.0,0.2359073958096778,-0.22985959001639386,369.4913798939998,-0.00014633315987274225
0.9550000000000001,31.38047676400005,90.0,0.05961952323599995,0.024147395999999932,-0.9670751999999988,0.0,-0.0,0.2359073958096778,-0.22814019198412303,362.21093999999897,-0.00014523855708882872
0.9555,31.368523644501586,90.0,0.05963147635549841,0.02366569526759998,-0.9597159071999997,0.0,-0.0,0.2359073958096778,-0.22640408038467433,354.9854290139997,-0.00014413331411758295
0.9560000000000001,31.35681045250051,90.0,0.05964318954749949,0.023187691929599928,-0.9522855935999989,0.0,-0.0,0.2359073958096778,-0.2246512144532489,347.81537894399895,-0.00014301740500732803
0.9565,31.345335330414585,90.0,0.05965466466958542,0.022713421539599984,-0.9447840863999998,0.0,-0.0,0.2359073958096778,-0.22288155342504956,340.70132309399975,-0.00014189080380638797
0.9570000000000001,31.334096402863345,90.0,0.05966590359713665,0.022242919737599932,-0.937211212799999,0.0,-0.0,0.2359073958096778,-0.22109505653527753,333.64379606399893,-0.00014075348456308592
0.9575,31.32309177662495,90.0,0.05967690822337505,0.021776222249999984,-0.9295667999999997,0.0,-0.0,0.2359073958096778,-0.2192916830191355,326.6433337499998,-0.00013960542132574586
0.9580000000000001,31.31231954059256,90.0,0.059687680459407436,0.021313364889599933,-0.9218506751999987,0.0,-0.0,0.2359073958096778,-0.2174713921118248,319.70047334399896,-0.00013844658814269093
0.9585,31.30177776573148,90.0,0.05969822223426852,0.02085438355559998,-0.9140626655999996,0.0,-0.0,0.2359073958096778,-0.21563414304854825,312.8157533339997,-0.00013727695906224526
0.9590000000000001,31.291464505035492,90.0,0.05970853549496451,0.020399314233599933,-0.906202598399999,0.0,-0.0,0.2359073958096778,-0.21377989506450704,305.989713503999,-0.0001360965081327319
0.9595,31.281377793484346,90.0,0.05971862220651566,0.01994819299559998,-0.8982703007999996,0.0,-0.0,0.2359073958096778,-0.21190860739490383,299.2228949339997,-0.00013490520940247485
0.9600000000000001,31.271515648000083,90.0,0.05972848435199992,0.01950105599999993,-0.8902655999999988,0.0,-0.0,0.2359073958096778,-0.21002023927493998,292.51583999999895,-0.0001337030369197973
0.9605,31.261876067403612,90.0,0.059738123932596386,0.019057939491599982,-0.8821883231999997,0.0,-0.0,0.2359073958096778,-0.2081147499398183,285.8690923739997,-0.00013248996473302324
0.9610000000000001,31.252457032372433,90.0,0.05974754296762757,0.018618879801599934,-0.8740382975999986,0.0,-0.0,0.2359073958096778,-0.20619209862473983,279.283197023999,-0.00013126596689047576
0.9615,31.243256505396573,90.0,0.05975674349460343,0.01818391334759998,-0.8658153503999996,0.0,-0.0,0.2359073958096778,-0.20425224456490756,272.75870021399965,-0.000130031017440479
0.9620000000000001,31.23427243073546,90.0,0.05976572756926454,0.017753076633599936,-0.8575193087999987,0.0,-0.0,0.2359073958096778,-0.20229514699552262,266.29614950399906,-0.00012878509043135603
0.9625,31.225502734375,90.0,0.059774497265625004,0.01732640624999998,-0.8491499999999996,0.0,-0.0,0.2359073958096778,-0.20032076515178782,259.8960937499997,-0.0001275281599114309
0.9630000000000001,31.216945323984724,90.0,0.059783054676015274,0.016903938873599932,-0.8407072511999986,0.0,-0.0,0.2359073958096778,-0.19832905826890426,253.559083103999,-0.00012626019992902662
0.9635,31.20859808887355,90.0,0.059791401911126446,0.01648571126759998,-0.8321908895999995,0.0,-0.0,0.2359073958096778,-0.19631998558207497,247.2856690139997,-0.00012498118453246743
0.9640000000000001,31.200458899947513,90.0,0.059799541100052485,0.016071760281599935,-0.8236007423999986,0.0,-0.0,0.2359073958096778,-0.19429350632650094,241.07640422399902,-0.00012369108777007625
0.9645,31.19252560966639,90.0,0.05980747439033361,0.01566212285159998,-0.8149366367999995,0.0,-0.0,0.2359073958096778,-0.1922495797373851,234.93184277399968,-0.00012238988369017728
0.9650000000000001,31.18479605200003,90.0,0.05981520394799997,0.015256835999999933,-0.8061983999999985,0.0,-0.0,0.2359073958096778,-0.19018816504992858,228.85253999999898,-0.00012107754634109352
0.9655,31.17726804238569,90.0,0.05982273195761431,0.014855936835599982,-0.7973858591999994,0.0,-0.0,0.2359073958096778,-0.18810922149933426,222.8390525339997,-0.00011975404977114911
0.9660000000000001,31.169939377684457,90.0,0.059830060622315544,0.014459462553599934,-0.7884988415999985,0.0,-0.0,0.2359073958096778,-0.18601270832080327,216.891938303999,-0.00011841936802866708
0.9665,31.16280783613852,90.0,0.059837192163861484,0.01406745043559998,-0.7795371743999995,0.0,-0.0,0.2359073958096778,-0.1838985847495385,211.0117565339997,-0.00011707347516197157
0.9670000000000001,31.15587117732732,90.0,0.059844128822672676,0.013679937849599939,-0.7705006847999984,0.0,-0.0,0.2359073958096778,-0.18176681002074102,205.19906774399905,-0.00011571634521938556
0.9675,31.149127142124925,90.0,0.059850872857875076,0.013296962249999978,-0.7613891999999994,0.0,-0.0,0.2359073958096778,-0.1796173433696138,199.45443374999965,-0.00011434795224923324
0.9680000000000001,31.142573452656535,90.0,0.05985742654734347,0.012918561177599939,-0.7522025471999985,0.0,-0.0,0.2359073958096778,-0.17745014403135786,193.77841766399908,-0.00011296827029983757
0.9685,31.136207812255442,90.0,0.059863792187744555,0.01254477225959998,-0.7429405535999994,0.0,-0.0,0.2359073958096778,-0.17526517124117622,188.17158389399967,-0.00011157727341952277
0.9690000000000001,31.13002790541958,90.0,0.05986997209458042,0.012175633209599938,-0.7336030463999984,0.0,-0.0,0.2359073958096778,-0.17306238423426984,182.63449814399905,-0.00011017493565661177
0.9695,31.12403139776835,90.0,0.059875968602231655,0.011811181827599977,-0.7241898527999994,0.0,-0.0,0.2359073958096778,-0.17084174224584175,177.16772741399967,-0.00010876123105942878
0.9700000000000001,31.118215936000155,90.0,0.05988178406399985,0.01145145599999994,-0.7147007999999984,0.0,-0.0,0.2359073958096778,-0.16860320451109298,171.7718399999991,-0.00010733613367629679
0.9705,31.11257914784764,90.0,0.05988742085215236,0.011096493699599978,-0.7051357151999994,0.0,-0.0,0.2359073958096778,-0.16634673026522648,166.44740549399967,-0.00010589961755553995
0.9710000000000001,31.107118642036554,90.0,0.059892881357963446,0.010746332985599943,-0.6954944255999983,0.0,-0.0,0.2359073958096778,-0.1640722787434433,161.19499478399914,-0.00010445165674548123
0.9715,31.101832008240493,90.0,0.05989816799175951,0.010401012003599979,-0.6857767583999994,0.0,-0.0,0.2359073958096778,-0.16177980918094645,156.0151800539997,-0.00010299222529444488
0.9720000000000001,31.096716817039372,90.0,0.05990328318296063,0.010060568985599943,-0.6759825407999982,0.0,-0.0,0.2359073958096778,-0.15946928081293685,150.90853478399913,-0.00010152129725075376
0.9725,31.091770619874936,90.0,0.059908229380125064,0.009725042249999979,-0.6661115999999994,0.0,-0.0,0.2359073958096778,-0.15714065287461762,145.87563374999968,-0.0001000388466627322
0.9730000000000001,31.086990949008694,90.0,0.059913009050991305,0.009394470201599944,-0.6561637631999984,0.0,-0.0,0.2359073958096778,-0.1547938846011897,140.91705302399916,-9.854484757870305e-05
0.9735,31.082375317477528,90.0,0.05991762468252247,0.00906889133159998,-0.6461388575999993,0.0,-0.0,0.2359073958096778,-0.15242893522785608,136.03336997399967,-9.703927404699055e-05
0.9740000000000001,31.077921219051554,90.0,0.05992207878094845,0.008748344217599941,-0.6360367103999982,0.0,-0.0,0.2359073958096778,-0.15004576398981778,131.22516326399912,-9.552210011591764e-05
0.9745,31.073626128190334,90.0,0.059926373871809664,0.00843286752359998,-0.6258571487999992,0.0,-0.0,0.2359073958096778,-0.14764433012227782,126.49301285399969,-9.399329983380854e-05
0.9750000000000001,31.06948750000005,90.0,0.05993051249999995,0.008122499999999944,-0.6155999999999983,0.0,-0.0,0.2359073958096778,-0.14522459286043723,121.83749999999915,-9.245284724898623e-05
0.9755,31.06550277018956,90.0,0.05993449722981044,0.007817280483599979,-0.6052650911999993,0.0,-0.0,0.2359073958096778,-0.14278651143949894,117.25920725399969,-9.090071640977487e-05
0.9760000000000001,31.061669355028364,90.0,0.05993833064497164,0.007517247897599945,-0.594852249599998,0.0,-0.0,0.2359073958096778,-0.14033004509466399,112.75871846399917,-8.933688136449742e-05
0.9765,31.05798465130244,90.0,0.05994201534869756,0.007222441251599981,-0.5843613023999992,0.0,-0.0,0.2359073958096778,-0.1378551530611354,108.3366187739997,-8.776131616147812e-05
0.9770000000000001,31.054446036271315,90.0,0.059945553963728686,0.006932899641599948,-0.573792076799998,0.0,-0.0,0.2359073958096778,-0.13536179457411415,103.99349462399921,-8.617399484903986e-05
0.9775,31.051050867625037,90.0,0.05994894913237497,0.0066486622499999795,-0.5631443999999992,0.0,-0.0,0.2359073958096778,-0.1328499288688033,99.72993374999969,-8.457489147550695e-05
0.9780000000000001,31.047796483440706,90.0,0.05995220351655929,0.006369768345599949,-0.5524180991999981,0.0,-0.0,0.2359073958096778,-0.1303195151804038,95.54652518399924,-8.296398008920224e-05
0.9785,31.044680202139496,90.0,0.05995531979786051,0.00609625728359998,-0.5416130015999991,0.0,-0.0,0.2359073958096778,-0.12777051274411866,91.44385925399969,-8.134123473844997e-05
0.9790000000000001,31.041699322443506,90.0,0.059958300677556496,0.005828168505599951,-0.5307289343999979,0.0,-0.0,0.2359073958096778,-0.12520288079514882,87.42252758399927,-7.970662947157306e-05
0.9795,31.038851123332336,90.0,0.05996114887666767,0.00556554153959998,-0.5197657247999992,0.0,-0.0,0.2359073958096778,-0.12261657856869747,83.48312309399971,-7.806013833689583e-05
0.9800000000000001,31.03613286399999,90.0,0.059963867136000014,0.005308415999999952,-0.5087231999999979,0.0,-0.0,0.2359073958096778,-0.12001156529996539,79.62623999999927,-7.64017353827411e-05
0.9805,31.03354178381155,90.0,0.05996645821618845,0.005056831587599981,-0.4976011871999991,0.0,-0.0,0.2359073958096778,-0.11738780022415575,75.85247381399972,-7.473139465743316e-05
0.9810000000000001,31.031075102260488,90.0,0.059968924897739515,0.004810828089599955,-0.48639951359999783,0.0,-0.0,0.2359073958096778,-0.11474524257646944,72.16242134399931,-7.304909020929488e-05
0.9815,31.028730018924435,90.0,0.05997126998107557,0.004570445379599981,-0.47511800639999907,0.0,-0.0,0.2359073958096778,-0.11208385159210961,68.55668069399971,-7.13547960866506e-05
0.9820000000000001,31.02650371342341,90.0,0.05997349628657659,0.004335723417599956,-0.4637564927999978,0.0,-0.0,0.2359073958096778,-0.10940358650627707,65.03585126399933,-6.964848633782312e-05
0.9825,31.024393345375046,90.0,0.05997560665462495,0.004106702249999982,-0.4523147999999991,0.0,-0.0,0.2359073958096778,-0.10670440655417503,61.60053374999973,-6.793013501113676e-05
0.9830000000000001,31.022396054352654,90.0,0.05997760394564734,0.003883422009599957,-0.4407927551999977,0.0,-0.0,0.2359073958096778,-0.10398627097100427,58.251330143999354,-6.619971615491436e-05
0.9835,31.02050895984145,90.0,0.05997949104015855,0.003665922915599983,-0.429190185599999,0.0,-0.0,0.2359073958096778,-0.10124913899196804,54.988843733999744,-6.44572038174803e-05
0.9840000000000001,31.018729161195537,90.0,0.05998127083880446,0.0034542452735999594,-0.4175069183999977,0.0,-0.0,0.2359073958096778,-0.0984929698522671,51.81367910399939,-6.270257204715733e-05
0.9845,31.017053737594352,90.0,0.05998294626240565,0.0032484294755999827,-0.405742780799999,0.0,-0.0,0.2359073958096778,-0.09571772278710469,48.72644213399974,-6.093579489226985e-05
0.9850000000000001,31.01547974799996,90.0,0.05998452025200004,0.003048515999999961,-0.3938975999999976,0.0,-0.0,0.2359073958096778,-0.09292335703168157,45.72773999999942,-5.915684640114061e-05
0.9855,31.01400423111358,90.0,0.05998599576888642,0.0028545454115999837,-0.381971203199999,0.0,-0.0,0.2359073958096778,-0.09010983182120103,42.818181173999754,-5.736570062209404e-05
0.9860000000000001,31.01262420533252,90.0,0.05998737579466748,0.0026665583615999634,-0.3699634175999976,0.0,-0.0,0.2359073958096778,-0.08727710639086375,39.99837542399945,-5.556233160345286e-05
0.9865,31.011336668706512,90.0,0.05998866333129349,0.0024845955875999843,-0.3578740703999989,0.0,-0.0,0.2359073958096778,-0.08442513997587303,37.268933813999766,-5.374671339354148e-05
0.9870000000000001,31.01013859889536,90.0,0.05998986140110464,0.002308697913599966,-0.3457029887999975,0.0,-0.0,0.2359073958096778,-0.08155389181142962,34.63046870399949,-5.1918820040682684e-05
0.9875,31.009026953124938,90.0,0.05999097304687506,0.002138906249999985,-0.3334499999999989,0.0,-0.0,0.2359073958096778,-0.0786633211327368,32.08359374999978,-5.0078625593200856e-05
0.9880000000000001,31.00799866814458,90.0,0.05999200133185542,0.0019752615935999676,-0.3211149311999975,0.0,-0.0,0.2359073958096778,-0.07575338717499526,29.628923903999514,-4.8226104099418744e-05
0.9885,31.007050660183538,90.0,0.05999294933981646,0.001817805027599986,-0.3086976095999988,0.0,-0.0,0.2359073958096778,-0.0728240491734083,27.267075413999788,-4.6361229607660744e-05
0.9890000000000001,31.006179824907484,90.0,0.05999382017509251,0.0016665777215999703,-0.2961978623999974,0.0,-0.0,0.2359073958096778,-0.06987526636317666,24.998665823999556,-4.448397616624964e-05
0.9895,31.00538303737639,90.0,0.05999461696262361,0.001521620931599987,-0.28361551679999886,0.0,-0.0,0.2359073958096778,-0.06690699797950365,22.824313973999807,-4.2594317823509846e-05
0.9900000000000001,31.004657151999993,90.0,0.05999534284800001,0.0013829759999999722,-0.27095039999999737,0.0,-0.0,0.2359073958096778,-0.0639192032575899,20.74463999999958,-4.069222862776405e-05
0.9905,31.00399900249571,90.0,0.05999600099750429,0.0012506843555999878,-0.2582023391999988,0.0,-0.0,0.2359073958096778,-0.0609118414326388,18.760265333999815,-3.877768262733673e-05
0.991,31.003405401844518,90.0,0.059996594598155484,0.0011247875136000019,-0.24537116160000025,0.0,-0.0,0.2359073958096778,-0.05788487173985167,16.87181270400003,-3.6850653870551014e-05
0.9915,31.002873142248383,90.0,0.05999712685775162,0.0010053270755999888,-0.23245669439999872,0.0,-0.0,0.2359073958096778,-0.054838253414429806,15.079906133999833,-3.4911116405730044e-05
0.992,31.002398995087383,90.0,0.05999760100491262,0.0008923447296000016,-0.21945876480000018,0.0,-0.0,0.2359073958096778,-0.05177194569157662,13.385170944000023,-3.29590442811983e-05
0.9925,31.00197971087502,90.0,0.05999802028912498,0.0007858822499999899,-0.20637719999999873,0.0,-0.0,0.2359073958096778,-0.048685907806492734,11.788233749999849,-3.099441154527846e-05
0.993,31.001612019216623,90.0,0.05999838798078338,0.0006859814976000011,-0.19321182720000016,0.0,-0.0,0.2359073958096778,-0.04558009899438151,10.289722464000016,-2.901719224629498e-05
0.9935,31.001292628765462,90.0,0.059998707371234535,0.000592684419599991,-0.17996247359999867,0.0,-0.0,0.2359073958096778,-0.04245447849044358,8.890266293999865,-2.702736043257057e-05
0.994,31.001018227179586,90.0,0.05999898177282041,0.0005060330496000008,-0.16662896640000013,0.0,-0.0,0.2359073958096778,-0.039309005529882333,7.590495744000012,-2.5024890152429692e-05
0.9945,31.000785481078317,90.0,0.059999214518921686,0.00042606950759999226,-0.1532111327999986,0.0,-0.0,0.2359073958096778,-0.036143639347898375,6.3910426139998835,-2.3009755454195022e-05
0.995,31.00059103599998,90.0,0.059999408964000016,0.0003528360000000006,-0.13970880000000013,0.0,-0.0,0.2359073958096778,-0.032958339179695144,5.292540000000009,-2.098193038619106e-05
0.9955,31.000431516357693,90.0,0.05999956848364231,0.0002863748195999935,-0.12612179519999858,0.0,-0.0,0.2359073958096778,-0.029753064260473187,4.2956222939999025,-1.8941388996740463e-05
0.996,31.000303525396554,90.0,0.059999696474603445,0.00022672834560000037,-0.1124499456000001,0.0,-0.0,0.2359073958096778,-0.02652777382543596,3.400925184000006,-1.6888105334167724e-05
0.9965,31.0002036451505,90.0,0.0599997963548495,0.0001739390435999948,-0.09869307839999854,0.0,-0.0,0.2359073958096778,-0.023282427109784017,2.609085653999922,-1.4822053446795507e-05
0.997,31.00012843639933,90.0,0.05999987156360067,0.0001280494656000002,-0.08485102080000007,0.0,-0.0,0.2359073958096778,-0.020016983348720818,1.920741984000003,-1.2743207382948314e-05
0.9975,31.00007443862502,90.0,0.05999992556137498,8.910224999999622e-05,-0.07092359999999852,0.0,-0.0,0.2359073958096778,-0.016731401777446916,1.3365337499999435,-1.0651541190948802e-05
0.998,31.000038169968683,90.0,0.05999996183003132,5.714012160000011e-05,-0.05691064320000005,0.0,-0.0,0.2359073958096778,-0.013425641631165759,0.8571018240000016,-8.54702891912147e-06
0.9985,31.000016127187536,90.0,0.05999998387281247,3.220589159999768e-05,-0.04281197759999847,0.0,-0.0,0.2359073958096778,-0.010099662145077898,0.4830883739999652,-6.42964461578897e-06
0.999,31.000004785611537,90.0,0.059999995214388466,1.4342457600000028e-05,-0.02862743040000003,0.0,-0.0,0.2359073958096778,-0.006753422554386809,0.21513686400000043,-4.29936232927582e-06
0.9995,31.00000059910029,90.0,0.05999999940089971,3.5928035999992094e-06,-0.014356828799998422,0.0,-0.0,0.2359073958096778,-0.003386882094293009,0.05389205399998814,-2.1561561079046527e-06
1.0,31.0,90.0,0.06,0.0,-0.0,0.0,-0.0,0.2359073958096778,0.0,0.0,0.0
