time_s,quintic_UR_q_deg,quintic_UR_velocity_rad_s,quintic_UR_acceleration_rad_s2,quintic_UR_tau_minusZ_Nm,quintic_UR_power_minusZ_W,quintic_UL_q_deg,quintic_UL_velocity_rad_s,quintic_UL_acceleration_rad_s2,quintic_UL_tau_minusZ_Nm,quintic_UL_power_minusZ_W,quintic_LL_q_deg,quintic_LL_velocity_rad_s,quintic_LL_acceleration_rad_s2,quintic_LL_tau_minusZ_Nm,quintic_LL_power_minusZ_W,quintic_LR_q_deg,quintic_LR_velocity_rad_s,quintic_LR_acceleration_rad_s2,quintic_LR_tau_minusZ_Nm,quintic_LR_power_minusZ_W,trapezoid_ta0p1_UR_q_deg,trapezoid_ta0p1_UR_velocity_rad_s,trapezoid_ta0p1_UR_acceleration_rad_s2,trapezoid_ta0p1_UR_tau_minusZ_Nm,trapezoid_ta0p1_UR_power_minusZ_W,trapezoid_ta0p1_UL_q_deg,trapezoid_ta0p1_UL_velocity_rad_s,trapezoid_ta0p1_UL_acceleration_rad_s2,trapezoid_ta0p1_UL_tau_minusZ_Nm,trapezoid_ta0p1_UL_power_minusZ_W,trapezoid_ta0p1_LL_q_deg,trapezoid_ta0p1_LL_velocity_rad_s,trapezoid_ta0p1_LL_acceleration_rad_s2,trapezoid_ta0p1_LL_tau_minusZ_Nm,trapezoid_ta0p1_LL_power_minusZ_W,trapezoid_ta0p1_LR_q_deg,trapezoid_ta0p1_LR_velocity_rad_s,trapezoid_ta0p1_LR_acceleration_rad_s2,trapezoid_ta0p1_LR_tau_minusZ_Nm,trapezoid_ta0p1_LR_power_minusZ_W
0.0,109.0,-0.0,-0.0,-0.010344608710616618,0.0,109.0,-0.0,-0.0,-0.010344608710616128,0.0,122.0,-0.0,-0.0,-0.008075241276879915,0.0,122.0,-0.0,-0.0,-0.008075241276873606,0.0,109.0,-0.0,-47.56022211684547,-0.026537462031022904,0.0,109.0,-0.0,-47.56022211684547,-0.026537462031023,0.0,122.0,-0.0,-53.23254218582704,-0.014152261979714559,0.0,122.0,-0.0,-53.23254218582704,-0.01415226197970687,0.0
0.001,108.99999130613908,-0.00045475364610495905,-0.9076846323056897,-0.010653642906280554,4.844782955931314e-06,108.99999130613908,-0.00045475364610495905,-0.9076846323056897,-0.010653642906280078,4.844782955931098e-06,121.99999026925659,-0.0005089903194936238,-1.0159405976265516,-0.008191217838094613,4.1692505844536475e-06,121.99999026925659,-0.0005089903194936238,-1.0159405976265516,-0.008191217838088276,4.169250584450422e-06,108.9986375,-0.04756022211684548,-47.56022211684547,-0.026536575212356375,0.0012620854113200451,108.9986375,-0.04756022211684548,-47.56022211684547,-0.026536575212356476,0.0012620854113200499,121.998475,-0.05323254218582704,-53.23254218582704,-0.014151776627435449,0.0007533350463243587,121.998475,-0.05323254218582704,-53.23254218582704,-0.014151776627427757,0.0007533350463239492
0.002,108.9999306578903,-0.00181173125005304,-1.8044552209363613,-0.010958927376108695,1.9854631194357886e-05,108.9999306578903,-0.00181173125005304,-1.8044552209363613,-0.01095892737610823,1.9854631194357045e-05,121.99992238773042,-0.002027809289050191,-2.0196654766443674,-0.00830578134713507,1.6842540568540308e-05,121.99992238773042,-0.002027809289050191,-2.0196654766443674,-0.008305781347128708,1.6842540568527402e-05,108.99455,-0.09512044423369095,-47.56022211684547,-0.026533914721262944,0.0025239177555454032,108.99455,-0.09512044423369095,-47.56022211684547,-0.026533914721263045,0.0025239177555454128,121.9939,-0.10646508437165408,-53.23254218582704,-0.014150320536277291,0.0015065150697807113,121.9939,-0.10646508437165408,-53.23254218582704,-0.014150320536269603,0.0015065150697798927
0.003,108.99976667387449,-0.004060040683919576,-2.6903555973927173,-0.011260443600570587,4.571785913729842e-05,108.99976667387449,-0.004060040683919576,-2.6903555973927173,-0.011260443600570132,4.571785913729657e-05,121.99973884598795,-0.004544265719616406,-3.0112236961643255,-0.008418919101459156,3.82578054689846e-05,121.99973884598795,-0.004544265719616406,-3.0112236961643255,-0.008418919101452767,3.825780546895556e-05,108.9877375,-0.14268066635053644,-47.56022211684547,-0.02652948045249115,0.0037852439488949684,108.9877375,-0.14268066635053644,-47.56022211684547,-0.026529480452491254,0.003785243948894983,121.98627499999999,-0.15969762655748113,-53.23254218582704,-0.014147893603298257,0.002259385029234501,121.98627499999999,-0.15969762655748113,-53.23254218582704,-0.014147893603290568,0.0022593850292332734
0.004,108.99944859552974,-0.007188833651280603,-3.5654295931754607,-0.011558173465330415,8.308978635490582e-05,108.99944859552974,-0.007188833651280603,-3.5654295931754607,-0.011558173465329972,8.308978635490264e-05,121.99938283169382,-0.008046217481249849,-3.9906643152973045,-0.008530618620207627,6.863921266779007e-05,121.99938283169382,-0.008046217481249849,-3.9906643152973045,-0.008530618620201215,6.863921266773849e-05,108.97820000000002,-0.1902408884673819,-47.56022211684547,-0.026523272230722202,0.00504581087423483,108.97820000000002,-0.1902408884673819,-47.56022211684547,-0.026523272230722303,0.005045810874234849,121.9756,-0.21293016874330817,-53.23254218582704,-0.014144495656997397,0.0030117898470334455,121.9756,-0.21293016874330817,-53.23254218582704,-0.01414449565698971,0.0030117898470318084
0.005,108.99892628459999,-0.011187305687212861,-4.429721039785294,-0.011852099259408595,0.00013259305745019312,108.99892628459999,-0.011187305687212861,-4.429721039785294,-0.011852099259408163,0.0001325930574501883,121.99879822679999,-0.012521571503118981,-4.958036393154182,-0.008640867643110265,0.00010819724204219237,121.99879822679999,-0.012521571503118981,-4.958036393154182,-0.008640867643103825,0.00010819724204211173,108.9659375,-0.23780111058422737,-47.56022211684547,-0.026515289810720405,0.00630536536445196,108.9659375,-0.23780111058422737,-47.56022211684547,-0.026515289810720502,0.006305365364451984,121.96187499999998,-0.2661627109291352,-53.23254218582704,-0.014140126457417808,0.0037635743907871123,121.96187499999998,-0.2661627109291352,-53.23254218582704,-0.01414012645741012,0.003763574390785066
0.006,108.99815022062387,-0.016044696158293792,-5.283273768722921,-0.012142203673267873,0.0001948179686297018,108.99815022062387,-0.016044696158293792,-5.283273768722921,-0.012142203673267451,0.00019481796862969505,121.99792960473496,-0.017958283773503142,-5.9133889888458375,-0.00874965412931801,0.00015712877177429638,121.99792960473496,-0.017958283773503142,-5.9133889888458375,-0.008749654129311548,0.00015712877177418035,108.95095,-0.2853613327010729,-47.56022211684547,-0.02650553287754391,0.007563654185888034,108.95095,-0.2853613327010729,-47.56022211684547,-0.026505532877544015,0.007563654185888063,121.94510000000001,-0.31939525311496225,-53.23254218582704,-0.01413478569629114,0.004514583455192656,121.94510000000001,-0.31939525311496225,-53.23254218582704,-0.014134785696283455,0.004514583455190202
0.007,108.99707149842311,-0.021750288262601537,-6.126131611489044,-0.012428469796826994,0.0002703228007440239,108.99707149842311,-0.021750288262601537,-6.126131611489044,-0.012428469796826581,0.0002703228007440149,121.99672222759281,-0.024344359339792548,-6.856771161483151,-0.00885696625616443,0.000215617169200484,121.99672222759281,-0.024344359339792548,-6.856771161483151,-0.008856966256157943,0.00021561716920032606,108.93323749999999,-0.33292155481791835,-47.56022211684547,-0.026494001046815503,0.008820424021853374,108.93323749999999,-0.33292155481791835,-47.56022211684547,-0.026494001046815607,0.008820424021853408,121.92527499999998,-0.3726277953007893,-53.23254218582704,-0.01412847299722329,0.005264661743922049,121.92527499999998,-0.3726277953007893,-53.23254218582704,-0.014128472997215605,0.005264661743919186
0.008,108.99564182559129,-0.02829340902971494,-6.958338399584366,-0.012710881117405693,0.00035963415858283936,108.99564182559129,-0.02829340902971494,-6.958338399584366,-0.012710881117405294,0.0003596341585828281,121.99512204332235,-0.03166785230848828,-7.788231970176996,-0.00896279241785984,0.00028383238656042395,121.99512204332235,-0.03166785230848828,-7.788231970176996,-0.008962792417853327,0.00028383238656021773,108.91279999999999,-0.3804817769347638,-47.56022211684547,-0.026480693865053848,0.010075421456241187,108.91279999999999,-0.3804817769347638,-47.56022211684547,-0.026480693865053948,0.010075421456241225,121.9024,-0.42586033748661634,-53.23254218582704,-0.01412118791592163,0.006013653851586314,121.9024,-0.42586033748661634,-53.23254218582704,-0.014121187915913946,0.006013653851583041
0.009000000000000001,108.99381351998252,-0.03566342932071358,-7.779937964509592,-0.012989421517604214,0.000463247316210034,108.99381351998252,-0.03566342932071358,-7.779937964509592,-0.012989421517603822,0.00046324731621002,121.99307568291623,-0.039916865845202355,-8.70782047403826,-0.009067121224121335,0.0003619310615054383,121.99307568291623,-0.039916865845202355,-8.70782047403826,-0.0090671212241148,0.00036193106150517743,108.8896375,-0.42804199905160933,-47.56022211684547,-0.026465610810064825,0.01132839295726203,108.8896375,-0.42804199905160933,-47.56022211684547,-0.026465610810064932,0.011328392957262075,121.87647500000001,-0.47909287967244346,-53.23254218582704,-0.01411292994046344,0.006761404245792075,121.87647500000001,-0.47909287967244346,-53.23254218582704,-0.014112929940455762,0.006761404245788397
0.01,108.99153950719999,-0.043849763828177665,-8.59097413776542,-0.013264075273120596,0.0005816265681255093,108.99153950719999,-0.043849763828177665,-8.59097413776542,-0.013264075273120214,0.0005816265681254925,121.99053045759999,-0.049079552174657565,-9.615585732177808,-0.009169941498741953,0.00045005662222606326,121.99053045759999,-0.049079552174657565,-9.615585732177808,-0.009169941498735394,0.00045005662222574137,108.86375,-0.47560222116845474,-47.56022211684547,-0.026448751291393333,0.012579084861318705,108.86375,-0.47560222116845474,-47.56022211684547,-0.02644875129139344,0.012579084861318757,121.8475,-0.5323254218582704,-53.23254218582704,-0.014103698491605886,0.007507757249305955,121.8475,-0.5323254218582704,-53.23254218582704,-0.014103698491598208,0.007507757249301868
0.011000000000000001,108.98877331808468,-0.05284187107618819,-9.391490750852556,-0.013534827050509339,0.000715205586041519,108.98877331808468,-0.05284187107618819,-9.391490750852556,-0.01353482705050897,0.0007152055860414995,121.98743435602137,-0.0591441125806877,-10.51157680370653,-0.009271242278102202,0.0005483393970589081,121.98743435602137,-0.0591441125806877,-10.51157680370653,-0.00927124227809562,0.0005483393970585189,108.8351375,-0.5231624432853003,-47.56022211684547,-0.026430114650835328,0.013827243357041621,108.8351375,-0.5231624432853003,-47.56022211684547,-0.026430114650835435,0.013827243357041677,121.815475,-0.5855579640440974,-53.23254218582704,-0.014093492923137427,0.008252557022342247,121.815475,-0.5855579640440974,-53.23254218582704,-0.014093492923129756,0.008252557022337756
0.012,108.9854690862039,-0.06262925342032677,-10.181531635271702,-0.013801661904884417,0.000864387781062676,108.9854690862039,-0.06262925342032677,-10.181531635271702,-0.013801661904884056,0.0008643877810626535,121.98373604143923,-0.0700987974062373,-11.3958427477353,-0.009371012809627047,0.000656896728433301,121.98373604143923,-0.0700987974062373,-11.3958427477353,-0.009371012809620445,0.0006568967284328382,108.8038,-0.5707226654021458,-47.56022211684547,-0.02640970016301038,0.015072614469504768,108.8038,-0.5707226654021458,-47.56022211684547,-0.026409700163010492,0.015072614469504832,121.78039999999999,-0.6387905062299245,-53.23254218582704,-0.014082312522270761,0.008995647544989344,121.78039999999999,-0.6387905062299245,-53.23254218582704,-0.01408231252226309,0.008995647544984444
0.013000000000000001,108.9815815453401,-0.07320145704767585,-10.961140622523564,-0.014064565277570197,0.001029546671060288,108.9815815453401,-0.07320145704767585,-10.961140622523564,-0.014064565277569843,0.001029546671060262,121.97938484891277,-0.08193190605336195,-12.268432623374999,-0.009469242550191541,0.0007758330910187909,121.97938484891277,-0.08193190605336195,-12.268432623374999,-0.009469242550184916,0.0007758330910182481,108.7697375,-0.6182828875189912,-47.56022211684547,-0.026387507035994566,0.016314944044642416,108.7697375,-0.6182828875189912,-47.56022211684547,-0.026387507035994677,0.016314944044642486,121.74227499999999,-0.6920230484157516,-53.23254218582704,-0.0140701565100774,0.009736872599790496,121.74227499999999,-0.6920230484157516,-53.23254218582704,-0.014070156510069733,0.009736872599785189
0.014,108.97706602697933,-0.08454807197681838,-11.730361544108838,-0.014323522993703316,0.001211026253033241,108.97706602697933,-0.08454807197681838,-11.730361544108838,-0.014323522993702972,0.001211026253033212,121.97433078249061,-0.09463178698322791,-13.129395489736497,-0.009565921164478177,0.0009052402139352503,121.97433078249061,-0.09463178698322791,-13.129395489736497,-0.009565921164471532,0.0009052402139346215,108.73295,-0.6658431096358367,-47.56022211684547,-0.02636353441201395,0.01755397773388676,108.73295,-0.6658431096358367,-47.56022211684547,-0.02636353441201407,0.01755397773388684,121.70110000000001,-0.7452555906015786,-53.23254218582704,-0.014057024041963843,0.010476075754494354,121.70110000000001,-0.7452555906015786,-53.23254218582704,-0.01405702404195618,0.010476075754488643
0.015000000000000001,108.9718784578,-0.09665873205783825,-12.489238231528235,-0.014578521259788991,0.0014091413802494426,108.9718784578,-0.09665873205783825,-12.489238231528235,-0.014578521259788656,0.0014091413802494101,121.9685245124,-0.10818683771611252,-13.978780405930683,-0.00966103852328913,0.0010451972068881924,121.9685245124,-0.10818683771611252,-13.978780405930683,-0.00966103852328246,0.0010451972068874708,108.6934375,-0.7134033317526822,-47.56022211684547,-0.026337781368198657,0.01878946097904664,108.6934375,-0.7134033317526822,-47.56022211684547,-0.02633778136819877,0.01878946097904672,121.656875,-0.7984881327874057,-53.23254218582704,-0.014042914208189587,0.011213100344991034,121.656875,-0.7984881327874057,-53.23254218582704,-0.014042914208181927,0.011213100344984916
0.016,108.96597535716147,-0.10952311497231977,-13.237814516282453,-0.014829546661214776,0.0016241781439636067,108.96597535716147,-0.10952311497231977,-13.237814516282453,-0.014829546661214454,0.0016241781439635713,121.96191737223577,-0.12258550483140378,-14.816636431068433,-0.009754584701816262,0.0011957706900928347,121.96191737223577,-0.12258550483140378,-14.816636431068433,-0.00975458470180957,0.0011957706900920144,108.6512,-0.7609635538695276,-47.56022211684547,-0.026310246917397494,0.02002113899744758,108.6512,-0.7609635538695276,-47.56022211684547,-0.026310246917397608,0.020021138997447667,121.60959999999999,-0.8517206749732327,-53.23254218582704,-0.01402782603442691,0.011947789458449173,121.60959999999999,-0.8517206749732327,-53.23254218582704,-0.014027826034419252,0.011947789458442652
0.017,108.9593138345927,-0.1231309422333483,-13.976134229872196,-0.015076586159725302,0.0018563942595092348,108.9593138345927,-0.1231309422333483,-13.976134229872196,-0.01507658615972499,0.0018563942595091962,121.95446135614964,-0.13781628396760084,-15.643012624260622,-0.009846549977872156,0.001357014927851603,121.95446135614964,-0.13781628396760084,-15.643012624260622,-0.009846549977865444,0.001357014927850678,108.60623749999999,-0.8085237759863731,-47.56022211684547,-0.02628093000905332,0.02124875676735338,108.60623749999999,-0.8085237759863731,-47.56022211684547,-0.02628093000905344,0.021248756767353476,121.55927499999999,-0.9049532171590597,-53.23254218582704,-0.014011758482362566,0.012679985916669748,121.55927499999999,-0.9049532171590597,-53.23254218582704,-0.014011758482354916,0.012679985916662825
0.018000000000000002,108.9518515872809,-0.13747197918550966,-14.704241203798167,-0.015319627090860927,0.002106019456564603,108.9518515872809,-0.13747197918550966,-14.704241203798167,-0.015319627090860623,0.0021060194565645615,121.94610911603915,-0.15386771982231354,-16.45795804461813,-0.00993692483008507,0.0015289719656509202,121.94610911603915,-0.15386771982231354,-16.45795804461813,-0.00993692483007834,0.0015289719656498843,108.55855000000001,-0.8560839981032187,-47.56022211684547,-0.026249829530139324,0.022472059013689608,108.55855000000001,-0.8560839981032187,-47.56022211684547,-0.02624982953013945,0.02247205901368971,121.5059,-0.9581857593448869,-53.23254218582704,-0.013994710450341542,0.013409532259672336,121.5059,-0.9581857593448869,-53.23254218582704,-0.013994710450333899,0.013409532259665012
0.019,108.94354689756013,-0.15253603500489024,-15.422179269561065,-0.01555865716136385,0.0023732558733948824,108.94354689756013,-0.15253603500489024,-15.422179269561065,-0.015558657161363556,0.0023732558733948377,121.936813958737,-0.17072840615226248,-17.261521751251834,-0.01002569993606079,0.0017116717706444986,121.936813958737,-0.17072840615226248,-17.261521751251834,-0.010025699936054037,0.0017116717706433457,108.50813749999999,-0.903644220220064,-47.56022211684547,-0.026216944306155916,0.02369079019408911,108.50813749999999,-0.903644220220064,-47.56022211684547,-0.026216944306156044,0.023690790194089224,121.44947499999999,-1.0114183015307137,-53.23254218582704,-0.013976680774052837,0.0141362707295295,121.44947499999999,-1.0114183015307137,-53.23254218582704,-0.013976680774045198,0.014136270729521774
0.02,108.93435863040001,-0.1683129626990776,-16.129992258661606,-0.015793664446554657,0.002658278454874702,108.93435863040001,-0.1683129626990776,-16.129992258661606,-0.015793664446554376,0.002658278454874655,121.9265298432,-0.1883869857732795,-18.053752803272623,-0.01011286617051448,0.0019051323753917907,121.9265298432,-0.1883869857732795,-18.053752803272623,-0.010112866170507707,0.0019051323753905148,108.455,-0.9512044423369095,-47.56022211684547,-0.026182273102188847,0.024904694485280206,108.455,-0.9512044423369095,-47.56022211684547,-0.02618227310218897,0.024904694485280324,121.38999999999999,-1.0646508437165407,-53.23254218582704,-0.013957668227257584,0.01486004325446534,121.38999999999999,-1.0646508437165407,-53.23254218582704,-0.013957668227249951,0.014860043254457214
0.021,108.92424623089427,-0.18479265910715958,-16.827724002600476,-0.016024637387682738,0.0029612353540979003,108.92424623089427,-0.18479265910715958,-16.827724002600476,-0.01602463738768246,0.002961235354097849,121.91521137769817,-0.20683215056030707,-18.834700259791358,-0.010198414603375337,0.002109360024721762,121.91521137769817,-0.20683215056030707,-18.834700259791358,-0.010198414603368549,0.002109360024720358,108.3991375,-0.9987646644537549,-47.56022211684547,-0.02614581462402815,0.02611351576983755,108.3991375,-0.9987646644537549,-47.56022211684547,-0.026145814624028284,0.026113515769837687,121.327475,-1.1178833859023678,-53.23254218582704,-0.013937671522559397,0.015580691433233708,121.327475,-1.1178833859023678,-53.23254218582704,-0.013937671522551768,0.01558069143322518
0.022000000000000002,108.9131697217495,-0.20196506489972493,-17.51541833287839,-0.0162515647892537,0.003282248337383708,108.9131697217495,-0.20196506489972493,-17.51541833287839,-0.016251564789253433,0.003282248337383654,121.90281381700402,-0.22605264144739856,-19.60441317991893,-0.010282336497867209,0.002324349325593876,121.90281381700402,-0.22605264144739856,-19.60441317991893,-0.010282336497860398,0.0023243493255923364,108.34055000000001,-1.0463248865706005,-47.56022211684547,-0.026107567519348375,0.027316997623316484,108.34055000000001,-1.0463248865706005,-47.56022211684547,-0.026107567519348507,0.02731699762331662,121.2619,-1.1711159280881949,-53.23254218582704,-0.013916689312217196,0.016298056519792305,121.2619,-1.1711159280881949,-53.23254218582704,-0.013916689312209577,0.01629805651978338
0.023,108.9010897007737,-0.21982016457886294,-18.193119080996038,-0.01647443581633703,0.00362141319249112,108.9010897007737,-0.21982016457886294,-18.193119080996038,-0.016474435816336768,0.0036214131924910626,121.88929305958156,-0.24603724842771812,-20.362940622766207,-0.010364623308567859,0.002550083399829828,121.88929305958156,-0.24603724842771812,-20.362940622766207,-0.01036462330856103,0.002550083399828148,108.2792375,-1.093885108687446,-47.56022211684547,-0.026067530378949946,0.02851488330179096,108.2792375,-1.093885108687446,-47.56022211684547,-0.026067530378950085,0.02851488330179111,121.19327499999999,-1.224348470274022,-53.23254218582704,-0.013894720189000676,0.017011979408288545,121.19327499999999,-1.224348470274022,-53.23254218582704,-0.01389472018899306,0.017011979408279223
0.024,108.88796733836493,-0.23834798647816383,-18.860870078454138,-0.016693239991857216,0.003978800139855927,108.88796733836493,-0.23834798647816383,-18.860870078454138,-0.01669323999185697,0.003978800139855868,121.87460564477541,-0.26677481055354113,-21.110331647444077,-0.010445266679449988,0.002786534039591486,121.87460564477541,-0.26677481055354113,-21.110331647444077,-0.01044526667944314,0.0027865340395896595,108.2152,-1.1414453308042916,-47.56022211684547,-0.02602570173806195,0.029706915729815948,108.2152,-1.1414453308042916,-47.56022211684547,-0.026025701738062085,0.029706915729816104,121.12159999999999,-1.277581012459849,-53.23254218582704,-0.013871762687088372,0.017722300618373116,121.12159999999999,-1.277581012459849,-53.23254218582704,-0.013871762687080763,0.0177223006183634
0.025,108.873764375,-0.2575386027627183,-19.518715156753384,-0.016907967193871665,0.004354454246667587,108.873764375,-0.2575386027627183,-19.518715156753384,-0.016907967193871422,0.004354454246667525,121.85870874999999,-0.28825421593625344,-21.84663531306342,-0.010524258441906804,0.003033661865482342,121.85870874999999,-0.28825421593625344,-21.84663531306342,-0.010524258441899938,0.003033661865480363,108.1484375,-1.189005552921137,-47.56022211684547,-0.02598208007770625,0.030892837488834375,108.1484375,-1.189005552921137,-47.56022211684547,-0.025982080077706388,0.03089283748883454,121.04687499999999,-1.330813554645676,-53.23254218582704,-0.01384781528300862,0.01842886028085742,121.04687499999999,-1.330813554645676,-53.23254218582704,-0.013847815283001018,0.018428860280847302
0.026000000000000002,108.85844311872307,-0.277382129429118,-20.166698147394484,-0.017118607652838454,0.004748395843605926,108.85844311872307,-0.277382129429118,-20.166698147394484,-0.017118607652838222,0.004748395843605861,121.84156018792856,-0.3104644017463522,-22.57190067873511,-0.010601590612765046,0.0032914164871518437,121.84156018792856,-0.3104644017463522,-22.57190067873511,-0.010601590612758163,0.0032914164871497066,108.07895,-1.2365657750379824,-47.56022211684547,-0.025936663826123287,0.03207239080604974,108.07895,-1.2365657750379824,-47.56022211684547,-0.025936663826123432,0.03207239080604992,120.96910000000001,-1.3840460968315031,-53.23254218582704,-0.013822876396623503,0.01913149812373107,120.96910000000001,-1.3840460968315031,-53.23254218582704,-0.013822876396615908,0.019131498123720562
0.027,108.8419664426343,-0.2978687263054547,-20.80486288187813,-0.01732515194887726,0.005160620944060535,108.8419664426343,-0.2978687263054547,-20.80486288187813,-0.017325151948877036,0.005160620944060469,121.82311840368243,-0.3333943542134447,-23.28617680357002,-0.010677255392288316,0.0035597366662839837,121.82311840368243,-0.3333943542134447,-23.28617680357002,-0.01067725539228142,0.003559736666281684,108.0067375,-1.2841259971548278,-47.56022211684547,-0.025889451360259406,0.03324531754378452,108.0067375,-1.2841259971548278,-47.56022211684547,-0.02588945136025956,0.03324531754378472,120.88827500000001,-1.4372786390173302,-53.23254218582704,-0.013796944392155869,0.019830053458555572,120.88827500000001,-1.4372786390173302,-53.23254218582704,-0.013796944392148281,0.019830053458544668
0.028,108.8242977823785,-0.31898859705132193,-21.43325319170504,-0.017527591009026615,0.0055911016656587645,108.8242977823785,-0.31898859705132193,-21.43325319170504,-0.0175275910090264,0.005591101665658695,121.80334247201995,-0.3570331086262502,-23.989512746679033,-0.010751245162173517,0.0038385504818537444,121.80334247201995,-0.3570331086262502,-23.989512746679033,-0.010751245162166606,0.003838550481851277,107.9318,-1.3316862192716734,-47.56022211684547,-0.025840441007316077,0.03441135918934546,107.9318,-1.3316862192716734,-47.56022211684547,-0.02584044100731623,0.03441135918934566,120.80439999999999,-1.4905111812031573,-53.23254218582704,-0.013770017579259664,0.02052436516725056,120.80439999999999,-1.4905111812031573,-53.23254218582704,-0.013770017579252083,0.020524365167239263
0.029,108.80540113363374,-0.34073198915781283,-22.05191290837591,-0.017725916104500763,0.006039786653931054,108.80540113363374,-0.34073198915781283,-22.05191290837591,-0.01772591610450056,0.006039786653930984,121.78219209452583,-0.3813697493325978,-24.681957567173036,-0.010823552483543317,0.0041277754975371315,121.78219209452583,-0.3813697493325978,-24.681957567173036,-0.010823552483536388,0.004127775497534489,107.8541375,-1.3792464413885188,-47.56022211684547,-0.02578963104636091,0.03557025684541615,107.8541375,-1.3792464413885188,-47.56022211684547,-0.025789631046361068,0.03557025684541636,120.717475,-1.5437437233889844,-53.23254218582704,-0.013742094214133697,0.021214271689288973,120.717475,-1.5437437233889844,-53.23254218582704,-0.013742094214126123,0.02121427168927728
0.030000000000000002,108.7852410496,-0.363089193947522,-22.66088586339144,-0.01792011884794914,0.00650660150794565,108.7852410496,-0.363089193947522,-22.66088586339144,-0.01792011884794894,0.006506601507945576,121.7596275968,-0.4063934097394283,-25.363560324162894,-0.01089417009493724,0.004427318931162856,121.7596275968,-0.4063934097394283,-25.363560324162894,-0.010894170094930293,0.004427318931160032,107.77375,-1.4268066635053644,-47.56022211684547,-0.02573701971000077,0.036721751220998,107.77375,-1.4268066635053644,-47.56022211684547,-0.025737019710000933,0.03672175122099823,120.62749999999998,-1.5969762655748114,-53.23254218582704,-0.013713172500678897,0.021899611009317383,120.62749999999998,-1.5969762655748114,-53.23254218582704,-0.013713172500671332,0.021899611009305302
0.031,108.76378263848788,-0.3860505465745442,-23.26021588825233,-0.01811019119072188,0.006991449207747677,108.76378263848788,-0.3860505465745442,-23.26021588825233,-0.018110191190721693,0.006991449207747605,121.73560992564695,-0.43209327231279254,-26.034370076759487,-0.010963090910304393,0.004737077826096056,121.73560992564695,-0.43209327231279254,-26.034370076759487,-0.010963090910297433,0.004737077826093049,107.69063750000001,-1.4743668856222096,-47.56022211684547,-0.02568260518611694,0.037865582622920044,107.69063750000001,-1.4743668856222096,-47.56022211684547,-0.02568260518611711,0.037865582622920294,120.534475,-1.6502088077606383,-53.23254218582704,-0.013683250591699404,0.02258022064521832,120.534475,-1.6502088077606383,-53.23254218582704,-0.01368325059169185,0.022580220645205856
0.032,108.7409915610071,-0.4096064260244752,-23.849946814459297,-0.018296125420144273,0.007494210543440846,108.7409915610071,-0.4096064260244752,-23.849946814459297,-0.018296125420144096,0.0074942105434407736,121.71010064626482,-0.458458568577853,-26.694435884073705,-0.011030308017000397,0.005056939224446818,121.71010064626482,-0.458458568577853,-26.694435884073705,-0.011030308016993421,0.00505693922444362,107.6048,-1.5219271077390553,-47.56022211684547,-0.025626385619662635,0.03900149094793887,107.6048,-1.5219271077390553,-47.56022211684547,-0.02562638561966281,0.03900149094793914,120.4384,-1.7034413499464653,-53.23254218582704,-0.013652326590147527,0.02325593763663093,120.4384,-1.7034413499464653,-53.23254218582704,-0.013652326590139981,0.023255937636618075
0.033,108.71683402785528,-0.43374725511441176,-24.430122473513027,-0.018477914156803454,0.008014744545753228,108.71683402785528,-0.43374725511441176,-24.430122473513027,-0.01847791415680328,0.008014744545753153,121.68306193943437,-0.48547857911888287,-27.343806805216413,-0.011095814673791237,0.00538678034199862,121.68306193943437,-0.48547857911888287,-27.343806805216413,-0.011095814673784246,0.005386780341995226,107.5162375,-1.5694873298559007,-47.56022211684547,-0.025568359114522876,0.04012921567544929,107.5162375,-1.5694873298559007,-47.56022211684547,-0.025568359114523057,0.040129215675449574,120.33927499999997,-1.7566738921322924,-53.23254218582704,-0.013620398550412773,0.02392659853394664,120.33927499999997,-1.7566738921322924,-53.23254218582704,-0.013620398550405238,0.0239265985339334
0.034,108.69127679720653,-0.4584635004929505,-25.00078669691424,-0.01865555035185046,0.008552888917931855,108.69127679720653,-0.4584635004929505,-25.00078669691424,-0.018655550351850292,0.008552888917931779,121.65445659870822,-0.5131426335792657,-27.982531899298507,-0.011159604308866884,0.0057264687447544736,121.65445659870822,-0.5131426335792657,-27.982531899298507,-0.011159604308859879,0.005726468744750879,107.42495000000001,-1.6170475519727463,-47.56022211684547,-0.02550852373543682,0.0412484958608268,107.42495000000001,-1.6170475519727463,-47.56022211684547,-0.025508523735437,0.0412484958608271,120.23710000000001,-1.8099064343181195,-53.23254218582704,-0.01358746447965516,0.024592039387796773,120.23710000000001,-1.8099064343181195,-53.23254218582704,-0.013587464479647631,0.024592039387783145
0.035,108.6642871722,-0.4837456726401896,-25.561983316163627,-0.018829027284320603,0.009108460468814153,108.6642871722,-0.4837456726401896,-25.561983316163627,-0.018829027284320447,0.009108460468814077,121.6242480276,-0.5414401106614966,-28.61066022543085,-0.011221670517867178,0.006075862527000858,121.6242480276,-0.5414401106614966,-28.61066022543085,-0.011221670517860159,0.0060758625269970576,107.3309375,-1.6646077740895917,-47.56022211684547,-0.025446877509982826,0.042359070129423006,107.3309375,-1.6646077740895917,-47.56022211684547,-0.025446877509983014,0.04235907012942332,120.131875,-1.8631389765039468,-53.23254218582704,-0.013553522339182836,0.025252095739048488,120.131875,-1.8631389765039468,-53.23254218582704,-0.013553522339175322,0.02525209573903449
0.036000000000000004,108.63583299842868,-0.5095843258677275,-26.11375616276189,-0.018998338558475457,0.009681255546927569,108.63583299842868,-0.5095843258677275,-26.11375616276189,-0.01899833855847531,0.009681255546927496,121.59240023677336,-0.5703604381271812,-29.22824084272432,-0.011282007061922675,0.006434810490792169,121.59240023677336,-0.5703604381271812,-29.22824084272432,-0.011282007061915645,0.006434810490788159,107.2342,-1.7121679962064373,-47.56022211684547,-0.025383418430626255,0.043460676671234905,107.2342,-1.7121679962064373,-47.56022211684547,-0.02538341843062645,0.04346067667123524,120.0236,-1.9163715186897738,-53.23254218582704,-0.01351857004587451,0.02590660260932662,120.0236,-1.9163715186897738,-53.23254218582704,-0.013518570045867003,0.025906602609312237
0.037000000000000005,108.6058826614279,-0.5359700583186633,-26.65614906820974,-0.0191634781011693,0.010271050475472136,108.6058826614279,-0.5359700583186633,-26.65614906820974,-0.01916347810116916,0.010271050475472061,121.55887784123122,-0.5998930927970358,-29.8353228102898,-0.01134060786571316,0.006803152326761059,121.55887784123122,-0.5998930927970358,-29.8353228102898,-0.011340607865706115,0.006803152326756833,107.13473750000001,-1.7597282183232827,-47.56022211684547,-0.0253181444568302,0.044553053236269305,107.13473750000001,-1.7597282183232827,-47.56022211684547,-0.0253181444568304,0.04455305323626966,119.91227499999998,-1.969604060875601,-53.23254218582704,-0.013482605473646415,0.026555394492077583,119.91227499999998,-1.969604060875601,-53.23254218582704,-0.013482605473638921,0.026555394492062824
0.038,108.5744050841641,-0.562893511967597,-27.18920586400787,-0.01932444015924315,0.010877601988044047,108.5744050841641,-0.562893511967597,-27.18920586400787,-0.019324440159243027,0.010877601988043975,121.52364605750478,-0.6300276005508882,-30.431955187238163,-0.0113974670155461,0.007180718796162403,121.52364605750478,-0.6300276005508882,-30.431955187238163,-0.011397467015539047,0.007180718796157959,107.03255,-1.807288440440128,-47.56022211684547,-0.02525105351722922,0.0456359371306234,107.03255,-1.807288440440128,-47.56022211684547,-0.02525105351722942,0.04563593713062377,119.7979,-2.0228366030614273,-53.23254218582704,-0.013445626454964464,0.027198305344193176,119.7979,-2.0228366030614273,-53.23254218582704,-0.01344562645495698,0.02719830534417804
0.039,108.54136972452334,-0.5903453726206292,-27.71297038165699,-0.01948121929694935,0.011500647664961759,108.54136972452334,-0.5903453726206292,-27.71297038165699,-0.01948121929694923,0.011500647664961686,121.48667070084262,-0.6607535363276767,-31.0181870326803,-0.011452578757457975,0.007567331914061587,121.48667070084262,-0.6607535363276767,-31.0181870326803,-0.011452578757450907,0.007567331914056917,106.9276375,-1.8548486625569736,-47.56022211684547,-0.025182143511866317,0.04670906521330301,106.9276375,-1.8548486625569736,-47.56022211684547,-0.025182143511866525,0.0467090652133034,119.680475,-2.0760691452472546,-53.23254218582704,-0.013407630782401377,0.027835168578210806,119.680475,-2.0760691452472546,-53.23254218582704,-0.013407630782393905,0.027835168578195294
0.04,108.5067465728,-0.6183163699153615,-28.227486452657807,-0.019633810393409633,0.012139906370059541,108.5067465728,-0.6183163699153615,-28.227486452657807,-0.019633810393409515,0.012139906370059468,121.44791818239999,-0.6920605241254505,-31.594067405727085,-0.011505937495340676,0.007962805133580142,121.44791818239999,-0.6920605241254505,-31.594067405727085,-0.011505937495333594,0.007962805133575241,106.82,-1.902408884673819,-47.56022211684547,-0.025111412314493153,0.04777217389379932,106.82,-1.902408884673819,-47.56022211684547,-0.02511141231449337,0.04777217389379973,119.55999999999999,-2.1293016874330815,-53.23254218582704,-0.013368616210239253,0.028465817055107687,119.55999999999999,-2.1293016874330815,-53.23254218582704,-0.01336861621023179,0.028465817055091797
0.041,108.47050614918548,-0.6467972773208956,-28.732797908511014,-0.01978220864010965,0.012795078687816819,108.47050614918548,-0.6467972773208956,-28.732797908511014,-0.019782208640109544,0.012795078687816751,121.40735550642776,-0.7239382370013694,-32.15964536548939,-0.011557537789095516,0.008366943531114512,121.40735550642776,-0.7239382370013694,-32.15964536548939,-0.011557537789088426,0.00836694353110938,106.70963750000001,-1.9499691067906646,-47.56022211684547,-0.025038857774933754,0.04882499913044606,106.70963750000001,-1.9499691067906646,-47.56022211684547,-0.025038857774933972,0.04882499913044649,119.436475,-2.1825342296189087,-53.23254218582704,-0.013328580456117668,0.029090083077706417,119.436475,-2.1825342296189087,-53.23254218582704,-0.013328580456110219,0.02909008307769016
0.042,108.43261950125671,-0.6757789121378347,-29.22894858071732,-0.019926409538432693,0.013465847360695019,108.43261950125671,-0.6757789121378347,-29.22894858071732,-0.019926409538432596,0.013465847360694953,121.36495026746164,-0.7563763970717048,-32.7149699710781,-0.011607374352817383,0.008779543992446523,121.36495026746164,-0.7563763970717048,-32.7149699710781,-0.011607374352810283,0.008779543992441153,106.59655,-1.9975293289075098,-47.56022211684547,-0.02496447772151174,0.04986727642957783,106.59655,-1.9975293289075098,-47.56022211684547,-0.024964477721511967,0.04986727642957828,119.3099,-2.2357667718047356,-53.23254218582704,-0.013287521202727411,0.02970779838470884,119.3099,-2.2357667718047356,-53.23254218582704,-0.013287521202719976,0.02970779838469222
0.043000000000000003,108.39305820146488,-0.7052521354982818,-29.71598230077742,-0.020066408897235676,0.014151877726557183,108.39305820146488,-0.7052521354982818,-29.71598230077742,-0.020066408897235582,0.014151877726557117,121.32067064751115,-0.7893647755118383,-33.260090281604086,-0.011655442053011209,0.009200395399666432,121.32067064751115,-0.7893647755118383,-33.260090281604086,-0.011655442053004098,0.009200395399660818,106.4807375,-2.0450895510243554,-47.56022211684547,-0.024888269963541383,0.0508987408455118,106.4807375,-2.0450895510243554,-47.56022211684547,-0.024888269963541612,0.05089874084551227,119.18027499999998,-2.288999313990563,-53.23254218582704,-0.013245436099550242,0.030318794145376343,119.18027499999998,-2.288999313990563,-53.23254218582704,-0.013245436099542818,0.030318794145359346
0.044000000000000004,108.35179434462412,-0.7352078523658412,-30.19394290019203,-0.02020220283046991,0.014852818156048902,108.35179434462412,-0.7352078523658412,-30.19394290019203,-0.020202202830469827,0.014852818156048839,121.27448541324902,-0.8228931925562625,-33.79505535617823,-0.01170173590684335,0.009629278818832576,121.27448541324902,-0.8228931925562625,-33.79505535617823,-0.011701735906836232,0.009629278818826718,106.3622,-2.092649773141201,-47.56022211684547,-0.024810232293882246,0.05191912698137318,106.3622,-2.092649773141201,-47.56022211684547,-0.024810232293882482,0.05191912698137368,119.0476,-2.3422318561763897,-53.23254218582704,-0.013202322764644666,0.030922900954873482,119.0476,-2.3422318561763897,-53.23254218582704,-0.013202322764637255,0.030922900954856124
0.045000000000000005,108.3088005454,-0.7656370115356176,-30.662874210461847,-0.0203337877548495,0.015568300489822507,108.3088005454,-0.7656370115356176,-30.662874210461847,-0.020333787754849432,0.015568300489822454,121.2263639132,-0.8569515174985811,-34.31991425391142,-0.01174625108042988,0.010065967688293735,121.2263639132,-0.8569515174985811,-34.31991425391142,-0.011746251080422751,0.010065967688287625,106.2409375,-2.1402099952580467,-47.56022211684547,-0.024730362491558095,0.052928168990787325,106.2409375,-2.1402099952580467,-47.56022211684547,-0.02473036249155834,0.05292816899078785,118.911875,-2.395464398362217,-53.23254218582704,-0.013158178786478025,0.03151994883029307,118.911875,-2.395464398362217,-53.23254218582704,-0.013158178786470624,0.03151994883027534
0.046,108.26404993579827,-0.7965306056342164,-31.122820063087563,-0.02046116038757017,0.016297940475490106,108.26404993579827,-0.7965306056342164,-31.122820063087563,-0.020461160387570107,0.016297940475490054,121.17627607493016,-0.8915296686915083,-34.83471603391452,-0.011788982887164297,0.010510228007603446,121.17627607493016,-0.8915296686915083,-34.83471603391452,-0.011788982887157158,0.010510228007597083,106.11695,-2.187770217374892,-47.56022211684547,-0.024648658324439653,0.053925600580458775,106.11695,-2.187770217374892,-47.56022211684547,-0.024648658324439902,0.053925600580459324,118.77310000000001,-2.448696940548044,-53.23254218582704,-0.013113001725805127,0.032109767207380235,118.77310000000001,-2.448696940548044,-53.23254218582704,-0.01311300172579774,0.032109767207362146
0.047,108.2175161626535,-0.8278796711197447,-31.573824289569895,-0.020584317744080968,0.017041338204194078,108.2175161626535,-0.8278796711197447,-31.573824289569895,-0.020584317744080913,0.017041338204194033,121.12419240223603,-0.9266176135468701,-35.33950975529841,-0.011829926786086749,0.010961818526957897,121.12419240223603,-0.9266176135468701,-35.33950975529841,-0.011829926786079605,0.01096181852695128,105.99023749999999,-2.235330439491737,-47.56022211684547,-0.02456511755199164,0.05491115501365966,105.99023749999999,-2.235330439491737,-47.56022211684547,-0.024565117551991898,0.05491115501366023,118.63127499999997,-2.5019294827338707,-53.23254218582704,-0.013066789117593465,0.03269218493797319,118.63127499999997,-2.5019294827338707,-53.23254218582704,-0.013066789117586096,0.032692184937954755
0.048,108.16917338511769,-0.8596752882818088,-32.015930721409546,-0.0207032571359115,0.017798078546687135,108.16917338511769,-0.8596752882818088,-32.015930721409546,-0.02070325713591145,0.017798078546687093,121.07008397233355,-0.9622053685356026,-35.834344477173985,-0.011869078380296785,0.01142049093709142,121.07008397233355,-0.9622053685356026,-35.834344477173985,-0.011869078380289635,0.01142049093708454,105.8608,-2.282890661608583,-47.56022211684547,-0.024479737928084208,0.055884565114648885,105.8608,-2.282890661608583,-47.56022211684547,-0.024479737928084472,0.05588456511464949,118.4864,-2.555162024919698,-53.23254218582704,-0.013019538472995454,0.03326703028817898,118.4864,-2.555162024919698,-53.23254218582704,-0.013019538472988097,0.03326703028816018
0.049,108.11899627214892,-0.8919085812415166,-32.44918319010721,-0.020817976168557194,0.01856773158881755,108.11899627214892,-0.8919085812415166,-32.44918319010721,-0.020817976168557153,0.018567731588817513,121.01392243304743,-0.9982829991877525,-36.319269258652106,-0.011906433415412044,0.011885990059566812,121.01392243304743,-0.9982829991877525,-36.319269258652106,-0.011906433415404883,0.011885990059559664,105.72863749999999,-2.3304508837254283,-47.56022211684547,-0.02439251720386868,0.056845563274043484,105.72863749999999,-2.3304508837254283,-47.56022211684547,-0.024392517203868952,0.056845563274044116,118.33847499999999,-2.608394567105525,-53.23254218582704,-0.01297124728136753,0.03383413093730137,118.33847499999999,-2.608394567105525,-53.23254218582704,-0.012971247281360189,0.03383413093728223
0.05,108.06696,-0.9245707179514763,-32.87362552716359,-0.020928472739425063,0.019349853066318128,108.06696,-0.9245707179514763,-32.87362552716359,-0.02092847273942503,0.0193498530663181,120.95568,-1.034840620092478,-36.79433315884365,-0.011941987778074554,0.012358054037399466,120.95568,-1.034840620092478,-36.79433315884365,-0.011941987778067382,0.012358054037392045,105.59375,-2.378011105842274,-47.56022211684547,-0.024303453130717988,0.05779388145516456,105.59375,-2.378011105842274,-47.56022211684547,-0.024303453130718265,0.057793881455165216,118.18749999999999,-2.661627109291352,-53.23254218582704,-0.012921913012336706,0.03439331397754006,118.18749999999999,-2.661627109291352,-53.23254218582704,-0.01292191301232938,0.03439331397752056
0.051000000000000004,108.01304024970707,-0.9576529101957969,-33.2893015640794,-0.02103474503584233,0.020143984798800998,108.01304024970707,-0.9576529101957969,-33.2893015640794,-0.02103474503584231,0.02014398479880098,120.89532945380057,-1.0718683948980479,-37.259585236859515,-0.011975737494506958,0.012836414525957542,120.89532945380057,-1.0718683948980479,-37.259585236859515,-0.011975737494499785,0.012836414525949854,105.45613750000001,-2.425571327959119,-47.56022211684547,-0.02421254346323165,0.05872925120137868,105.45613750000001,-2.425571327959119,-47.56022211684547,-0.024212543463231935,0.058729251201379375,118.03347500000001,-2.7148596514771794,-53.23254218582704,-0.012871533117914453,0.034944405914478206,118.03347500000001,-2.7148596514771794,-53.23254218582704,-0.012871533117907142,0.034944405914458354
0.052000000000000005,107.9572132045783,-0.9911464135900886,-33.69625513235534,-0.0211367915331302,0.02094965512286335,107.9572132045783,-0.9911464135900886,-33.69625513235534,-0.02113679153313018,0.020949655122863328,120.8328441372344,-1.1093565363118423,-37.71507455181056,-0.0120076787291204,0.013320796884082392,120.8328441372344,-1.1093565363118423,-37.71507455181056,-0.01200767872911322,0.013320796884074426,105.3158,-2.4731315500759647,-47.56022211684547,-0.0241197859623056,0.05965140364445735,105.3158,-2.4731315500759647,-47.56022211684547,-0.024119785962305892,0.05965140364445807,117.87639999999999,-2.7680921936630063,-53.23254218582704,-0.01282010503465821,0.035487232668377194,117.87639999999999,-2.7680921936630063,-53.23254218582704,-0.012820105034650912,0.035487232668356995
0.053000000000000005,107.89945554768249,-1.0250425275814614,-34.094530063492094,-0.021234610992745102,0.021766379324212524,107.89945554768249,-1.0250425275814614,-34.094530063492094,-0.02123461099274509,0.02176637932421251,120.76819795245194,-1.1472953061003512,-38.16085016280767,-0.01203780778317598,0.013810920365376076,120.76819795245194,-1.1472953061003512,-38.16085016280767,-0.012037807783168795,0.013810920365367832,105.17273750000001,-2.5206917721928104,-47.56022211684547,-0.02402517839826689,0.060560069513975794,105.17273750000001,-2.5206917721928104,-47.56022211684547,-0.02402517839826719,0.06056006951397655,117.71627499999998,-2.8213247358488336,-53.23254218582704,-0.012767626185880818,0.03602161957629685,117.71627499999998,-2.8213247358488336,-53.23254218582704,-0.012767626185873538,0.03602161957627631
0.054,107.83974445933774,-1.0593325954485262,-34.4841701889904,-0.021328202460489467,0.02259366006872195,107.83974445933774,-1.0593325954485262,-34.4841701889904,-0.021328202460489463,0.022593660068721946,120.70136535815782,-1.185675015089176,-38.59696112896172,-0.012066121093501633,0.014306498309605372,120.70136535815782,-1.185675015089176,-38.59696112896172,-0.01206612109349444,0.014306498309596846,105.02695000000001,-2.5682519943096556,-47.56022211684547,-0.023928718554073226,0.06145497914777302,105.02695000000001,-2.5682519943096556,-47.56022211684547,-0.02392871855407354,0.06145497914777382,117.55309999999999,-2.8745572780346604,-53.23254218582704,-0.012714093983907791,0.03654739139505883,117.55309999999999,-2.8745572780346604,-53.23254218582704,-0.012714093983900528,0.03654739139503795
0.055,107.7780576146,-1.094008004301396,-34.86521934035092,-0.021417565264794207,0.02343098783233241,107.7780576146,-1.094008004301396,-34.86521934035092,-0.021417565264794214,0.02343098783233242,120.63232136680001,-1.2244860231630303,-39.0234565093836,-0.01209261523126617,0.014807238334173802,120.63232136680001,-1.2244860231630303,-39.0234565093836,-0.012092615231258978,0.014807238334164995,104.87843749999999,-2.6158122164265007,-47.56022211684547,-0.023830404228577736,0.06233586250349538,104.87843749999999,-2.6158122164265007,-47.56022211684547,-0.023830404228578052,0.06233586250349621,117.38687499999999,-2.9277898202204873,-53.23254218582704,-0.012659505832382872,0.03706437230507246,117.38687499999999,-2.9277898202204873,-53.23254218582704,-0.012659505832375628,0.03706437230505125
0.056,107.71437318075186,-1.1290601850816826,-35.237721349074384,-0.021502699015074886,0.024277841329716165,107.71437318075186,-1.1290601850816826,-35.237721349074384,-0.0215026990150749,0.02427784132971618,120.56104154175897,-1.2637187392657363,-39.44038536318417,-0.012117286900812138,0.015312842525615536,120.56104154175897,-1.2637187392657363,-39.44038536318417,-0.012117286900804939,0.015312842525606439,104.7272,-2.663372438543347,-47.56022211684547,-0.02373023323985874,0.06320244917124496,104.7272,-2.663372438543347,-47.56022211684547,-0.023730233239859067,0.06320244917124583,117.21759999999999,-2.9810223624063146,-53.23254218582704,-0.012603859128621896,0.03757238591504084,117.21759999999999,-2.9810223624063146,-53.23254218582704,-0.012603859128614666,0.03757238591501928
0.057,107.6486698147911,-1.1644806125624991,-35.60172004666149,-0.021583603600163558,0.02513368794162462,107.6486698147911,-1.1644806125624991,-35.60172004666149,-0.02158360360016358,0.025133687941624645,120.48750199453683,-1.3033636214002282,-39.84779674947433,-0.012140132938549212,0.015823007631067695,120.48750199453683,-1.3033636214002282,-39.84779674947433,-0.01214013293854201,0.015823007631058306,104.57323750000002,-2.710932660660192,-47.56022211684547,-0.023628203428614748,0.06405446838735485,104.57323750000002,-2.710932660660192,-47.56022211684547,-0.02362820342861508,0.06405446838735575,117.04527499999999,-3.0342549045921414,-53.23254218582704,-0.012547151266015168,0.038071255267566016,117.04527499999999,-3.0342549045921414,-53.23254218582704,-0.012547151266007955,0.03807125526754413
0.058,107.5809266609193,-1.2002608053484602,-35.957259264612944,-0.021660279186817948,0.0259979841408426,107.5809266609193,-1.2002608053484602,-35.957259264612944,-0.02166027918681798,0.025997984140842638,120.41167938194636,-1.3434111766285517,-40.24573972736494,-0.012161150311909497,0.016337425249679016,120.41167938194636,-1.3434111766285517,-40.24573972736494,-0.012161150311902288,0.01633742524966933,104.41655,-2.7584928827770376,-47.56022211684547,-0.023524312661624726,0.06489164904931356,104.41655,-2.7584928827770376,-47.56022211684547,-0.023524312661625066,0.06489164904931449,116.86989999999999,-3.0874874467779687,-53.23254218582704,-0.012489379636478528,0.03856080284567184,116.86989999999999,-3.0874874467779687,-53.23254218582704,-0.012489379636471332,0.03856080284564963
0.059000000000000004,107.51112334803054,-1.2363923258756806,-36.30438283442944,-0.02173272621831002,0.02687017591667571,107.51112334803054,-1.2363923258756806,-36.30438283442944,-0.02173272621831006,0.026870175916675756,120.3335509033002,-1.3838519610718625,-40.634263355966894,-0.012180336118366478,0.016855782023915886,120.3335509033002,-1.3838519610718625,-40.634263355966894,-0.01218033611835927,0.01685578202390591,104.25713750000001,-2.8060531048938833,-47.56022211684547,-0.02341855883527377,0.06571371973186005,104.25713750000001,-2.8060531048938833,-47.56022211684547,-0.02341855883527412,0.06571371973186102,116.691475,-3.1407199889637956,-53.23254218582704,-0.01243054163295326,0.039040850580262965,116.691475,-3.1407199889637956,-53.23254218582704,-0.012430541632946084,0.03904085058024043
0.060000000000000005,107.4392399872,-1.2728667804117748,-36.64313458761169,-0.02180094541309535,0.02774969919789953,107.4392399872,-1.2728667804117748,-36.64313458761169,-0.021800945413095397,0.02774969919789959,120.2530942976,-1.4246765799104266,-41.01341669439106,-0.012197687584518835,0.017377759830728166,120.2530942976,-1.4246765799104266,-41.01341669439106,-0.012197687584511622,0.01737775983071789,104.095,-2.853613327010729,-47.56022211684547,-0.023310939879144024,0.06652040870427126,104.095,-2.853613327010729,-47.56022211684547,-0.023310939879144378,0.06652040870427227,116.50999999999998,-3.193952531149623,-53.23254218582704,-0.012370634651954981,0.039511219858538844,116.50999999999998,-3.193952531149623,-53.23254218582704,-0.01237063465194782,0.039511219858515974
0.061000000000000006,107.36525716917268,-1.3096758190558593,-36.97355835566038,-0.021864937763565035,0.028635980274102427,107.36525716917268,-1.3096758190558593,-36.97355835566038,-0.021864937763565087,0.028635980274102493,120.17028784072538,-1.4658756873836223,-41.383248801748316,-0.012213202065240555,0.017903035972539574,120.17028784072538,-1.4658756873836223,-41.383248801748316,-0.01221320206523334,0.017903035972529,103.9301375,-2.901173549127574,-47.56022211684547,-0.023201453759671135,0.0673114439488644,103.9301375,-2.901173549127574,-47.56022211684547,-0.023201453759671503,0.06731144394886547,116.32547500000001,-3.2471850733354497,-53.23254218582704,-0.012309656096171729,0.039971731533381565,116.32547500000001,-3.2471850733354497,-53.23254218582704,-0.012309656096164589,0.039971731533358375
0.062,107.2891559618519,-1.3468111357385506,-37.295697970076226,-0.02192470453488157,0.029528436215356,107.2891559618519,-1.3468111357385506,-37.295697970076226,-0.021924704534881632,0.029528436215356082,120.08511034262322,-1.5074399867899373,-41.743808737149536,-0.01222687704289865,0.01843128336802933,120.08511034262322,-1.5074399867899373,-41.743808737149536,-0.01222687704289144,0.01843128336801846,103.76255,-2.9487337712444193,-47.56022211684547,-0.023090098483866107,0.06808655318073556,103.76255,-2.9487337712444193,-47.56022211684547,-0.023090098483866485,0.06808655318073667,116.13789999999999,-3.3004176155212765,-53.23254218582704,-0.01224760337711121,0.04042220593373571,116.13789999999999,-3.3004176155212765,-53.23254218582704,-0.012247603377104087,0.04042220593371221
0.063,107.2109179077881,-1.3842644682219676,-37.60959726235995,-0.021980247263900077,0.03042647529015,107.2109179077881,-1.3842644682219676,-37.60959726235995,-0.021980247263900146,0.030426475290150093,119.99754114449676,-1.5493602304869727,-42.09514555970562,-0.01223871012663967,0.018962170742673687,119.99754114449676,-1.5493602304869727,-42.09514555970562,-0.012238710126632454,0.018962170742662505,103.59223750000001,-2.996293993361265,-47.56022211684547,-0.02297687210310266,0.06884546386875652,103.59223750000001,-2.996293993361265,-47.56022211684547,-0.02297687210310305,0.06884546386875769,115.947275,-3.3536501577071034,-53.23254218582704,-0.01218447391779768,0.040862462876000274,115.947275,-3.3536501577071034,-53.23254218582704,-0.012184473917790577,0.04086246287597646
0.064,107.13052502166732,-1.4220275980997268,-37.915300064012214,-0.022031567758176225,0.03132949738153072,107.13052502166732,-1.4220275980997268,-37.915300064012214,-0.02203156775817631,0.03132949738153084,119.90756011599461,-1.5916272198914374,-42.437308328527436,-0.012248699051746071,0.019495362819017484,119.90756011599461,-1.5916272198914374,-42.437308328527436,-0.012248699051738855,0.019495362819005997,103.41919999999999,-3.0438542154781105,-47.56022211684547,-0.02286177271697005,0.06958790325785175,103.41919999999999,-3.0438542154781105,-47.56022211684547,-0.022861772716970444,0.06958790325785294,115.75359999999999,-3.4068826998929307,-53.23254218582704,-0.012120265155518152,0.041292321676449896,115.75359999999999,-3.4068826998929307,-53.23254218582704,-0.012120265155511071,0.04129232167642577
0.065,107.0479597878,-1.460092350796948,-38.21285020653375,-0.022078668095062065,0.03223689440138475,107.0479597878,-1.460092350796948,-38.21285020653375,-0.022078668095062152,0.03223689440138487,119.8151476524,-1.6342318054791527,-42.77034610272585,-0.012256841679063626,0.02003052050664828,119.8151476524,-1.6342318054791527,-42.77034610272585,-0.012256841679056411,0.02003052050663649,103.2434375,-3.0914144375949557,-47.56022211684547,-0.022744798477191457,0.07031359839257743,103.2434375,-3.0914144375949557,-47.56022211684547,-0.02274479847719186,0.07031359839257868,115.55687499999999,-3.4601152420787575,-53.23254218582704,-0.012054974544618466,0.041711601164705785,115.55687499999999,-3.4601152420787575,-53.23254218582704,-0.012054974544611404,0.041711601164681346
0.066,106.96320515760948,-1.4984505955702514,-38.50229152142525,-0.02212155062089076,0.033148050702811224,106.96320515760948,-1.4984505955702514,-38.50229152142525,-0.02212155062089085,0.033148050702811356,119.72028467181977,-1.677164886785052,-43.09430794141174,-0.012263135994500761,0.020567301091846565,119.72028467181977,-1.677164886785052,-43.09430794141174,-0.012263135994493548,0.020567301091834467,103.06495000000001,-3.1389746597118013,-47.56022211684547,-0.02262594759160775,0.07102227614202399,103.06495000000001,-3.1389746597118013,-47.56022211684547,-0.02262594759160816,0.07102227614202528,115.35709999999999,-3.513347784264585,-53.23254218582704,-0.011988599559349,0.042120119698274186,115.35709999999999,-3.513347784264585,-53.23254218582704,-0.01198859955934196,0.042120119698249456
0.067,106.8762445471207,-1.5370942455077559,-38.78366784018742,-0.02216021795025132,0.03406234349052898,106.8762445471207,-1.5370942455077559,-38.78366784018742,-0.022160217950251422,0.03406234349052914,119.62295261237362,-1.7204174124031761,-43.40924290369601,-0.012267580108600809,0.02110535842688768,119.62295261237362,-1.7204174124031761,-43.40924290369601,-0.012267580108593596,0.02110535842687527,102.8837375,-3.186534881828647,-47.56022211684547,-0.022505218328226773,0.071713663226064,102.8837375,-3.186534881828647,-47.56022211684547,-0.0225052183282272,0.07171366322606536,115.154275,-3.5665803264504117,-53.23254218582704,-0.011921137696760398,0.042517695178172006,115.154275,-3.5665803264504117,-53.23254218582704,-0.011921137696753379,0.04251769517814698
0.068,106.78706183444889,-1.5760152575290831,-39.05702299432095,-0.022194672965354247,0.034979143229266554,106.78706183444889,-1.5760152575290831,-39.05702299432095,-0.022194672965354358,0.03497914322926673,119.52313342938317,-1.76398037998668,-43.7152000486895,-0.01227017225618789,0.021644343118972332,119.52313342938317,-1.76398037998668,-43.7152000486895,-0.012270172256180677,0.02164434311895961,102.69980000000001,-3.2340951039454926,-47.56022211684547,-0.022382609019338136,0.07238748624296769,102.69980000000001,-3.2340951039454926,-47.56022211684547,-0.02238260901933857,0.07238748624296909,114.9484,-3.619812868636239,-53.23254218582704,-0.011852586479649176,0.042904145065657984,114.9484,-3.619812868636239,-53.23254218582704,-0.011852586479642178,0.04290414506563266
0.069,106.69564135728812,-1.615205632385355,-39.32240081532658,-0.02222491881548879,0.03589781405008475,106.69564135728812,-1.615205632385355,-39.32240081532658,-0.022224918815488912,0.03589781405008494,119.42080959256101,-1.8078448362478285,-44.01222843550315,-0.012270910796087282,0.022183902718764123,119.42080959256101,-1.8078448362478285,-44.01222843550315,-0.012270910796080073,0.022183902718751092,102.5131375,-3.281655326062338,-47.56022211684547,-0.02225811806569319,0.0730434716984064,102.5131375,-3.281655326062338,-47.56022211684547,-0.02225811806569363,0.07304347169840784,114.739475,-3.673045410822066,-53.23254218582704,-0.011782943459553465,0.04327928640008873,114.739475,-3.673045410822066,-53.23254218582704,-0.011782943459546488,0.04327928640006311
0.07,106.6019679104,-1.6546574146591941,-39.57984513470497,-0.022250958916572507,0.036817714154583805,106.6019679104,-1.6546574146591941,-39.57984513470497,-0.02225095891657263,0.036817714154584014,119.3159640832,-1.852001876957997,-44.300377123247756,-0.012269794210920924,0.022723681908513916,119.3159640832,-1.852001876957997,-44.300377123247756,-0.01226979421091372,0.022723681908500572,102.32375,-3.3292155481791834,-47.56022211684547,-0.02213174394075055,0.07368134603586717,102.32375,-3.3292155481791834,-47.56022211684547,-0.022131743940751,0.07368134603586866,114.52749999999999,-3.7262779530078936,-53.23254218582704,-0.011712206219798904,0.04364293581791858,114.52749999999999,-3.7262779530078936,-53.23254218582704,-0.011712206219791951,0.04364293581789267
0.07100000000000001,106.50602674310227,-1.694362692764723,-39.829399783956845,-0.022272796950793802,0.0377381962169489,106.50602674310227,-1.694362692764723,-39.829399783956845,-0.022272796950793938,0.03773819621694913,119.20858039136216,-1.8964426469476714,-44.57969517103426,-0.012266821106978566,0.023263322689751995,119.20858039136216,-1.8964426469476714,-44.57969517103426,-0.012266821106971361,0.023263322689738332,102.1316375,-3.376775770296029,-47.56022211684547,-0.022003485194986683,0.07430083566849843,102.1316375,-3.376775770296029,-47.56022211684547,-0.022003485194987144,0.07430083566849999,114.31247499999999,-3.7795104951937204,-53.23254218582704,-0.011640372378594688,0.043994909572861715,114.31247499999999,-3.7795104951937204,-53.23254218582704,-0.011640372378587756,0.043994909572835514
0.07200000000000001,106.40780355675751,-1.7343135989475662,-40.0711085945829,-0.02229043686634786,0.03865860778378927,106.40780355675751,-1.7343135989475662,-40.0711085945829,-0.022290436866347997,0.0386586077837895,119.09864251306801,-1.94115834010645,-44.85023163797352,-0.012261990214165188,0.02380246457053043,119.09864251306801,-1.94115834010645,-44.85023163797352,-0.012261990214157987,0.023802464570516452,101.9368,-3.4243359924128747,-47.56022211684547,-0.02187334046027177,0.07490166701240941,101.9368,-3.4243359924128747,-47.56022211684547,-0.021873340460272245,0.07490166701241105,114.0944,-3.8327430373795477,-53.23254218582704,-0.011567439592179912,0.04433502355723607,114.0944,-3.8327430373795477,-53.23254218582704,-0.011567439592173004,0.04433502355720959
0.07300000000000001,106.3072845022617,-1.7745023092848473,-40.30501539808385,-0.02230388287726618,0.0395782916717276,106.3072845022617,-1.7745023092848473,-40.30501539808385,-0.022303882877266333,0.03957829167172787,118.98613494748557,-1.98614019938304,-45.11203558317642,-0.012255300386025004,0.02434074475219875,118.98613494748557,-1.98614019938304,-45.11203558317642,-0.012255300386017812,0.024340744752184465,101.7392375,-3.47189621452972,-47.56022211684547,-0.021741308454310534,0.07548356652144374,101.7392375,-3.47189621452972,-47.56022211684547,-0.021741308454311017,0.07548356652144542,113.873275,-3.8859755795653745,-53.23254218582704,-0.011493405558020225,0.04466309332450754,113.873275,-3.8859755795653745,-53.23254218582704,-0.011493405558013339,0.04466309332448078
0.07400000000000001,106.20445617753292,-1.8149210436851924,-40.53116402596038,-0.022313139463340275,0.04049658636269878,106.20445617753292,-1.8149210436851924,-40.53116402596038,-0.022313139463340435,0.04049658636269907,118.87104269411942,-2.031379516785261,-45.365156065753816,-0.01224675059984245,0.024877798315697565,118.87104269411942,-2.031379516785261,-45.365156065753816,-0.012246750599835262,0.024877798315682962,101.53895,-3.5194564366465655,-47.56022211684547,-0.021607387985148017,0.07604626072344885,101.53895,-3.5194564366465655,-47.56022211684547,-0.02160738798514851,0.07604626072345058,113.64909999999999,-3.939208121751202,-53.23254218582704,-0.011418268018054772,0.04497893411305336,113.64909999999999,-3.939208121751202,-53.23254218582704,-0.01141826801804791,0.04497893411302632
0.075,106.099305625,-1.8555620658887264,-40.74959830971321,-0.022318211370139354,0.04141282639691704,106.099305625,-1.8555620658887264,-40.74959830971321,-0.02231821137013952,0.04141282639691735,118.75335125000001,-2.076867633380042,-45.60964214481662,-0.012236339956820438,0.02541325840735531,118.75335125000001,-2.076867633380042,-45.60964214481662,-0.012236339956813252,0.025413258407340388,101.3359375,-3.5670166587634102,-47.56022211684547,-0.021471577955740215,0.07658947625806256,101.3359375,-3.5670166587634102,-47.56022211684547,-0.02147157795574072,0.07658947625806437,113.42187499999999,-3.992440663937028,-53.23254218582704,-0.011342024761993533,0.04528236087116367,113.42187499999999,-3.992440663937028,-53.23254218582704,-0.011342024761986699,0.045282360871136386
0.076,105.99182032909107,-1.8964176834670772,-40.960362080843026,-0.02231910360912212,0.04232634276347305,105.99182032909107,-1.8964176834670772,-40.960362080843026,-0.022319103609122298,0.04232634276347339,118.63304660687257,-2.1225959392934257,-45.84554287947568,-0.01222406768233594,0.025946756424174263,118.63304660687257,-2.1225959392934257,-45.84554287947568,-0.012224067682328761,0.025946756424159025,101.1302,-3.614576880880256,-47.56022211684547,-0.021333877368589212,0.07711293991603707,101.1302,-3.614576880880256,-47.56022211684547,-0.021333877368589733,0.07711293991603896,113.19159999999998,-4.045673206122855,-53.23254218582704,-0.011264673630664957,0.04557318828329988,113.19159999999998,-4.045673206122855,-53.23254218582704,-0.011264673630658147,0.04557318828327232
0.077,105.88198821372231,-1.9374802478233717,-41.16349917085054,-0.022315821457842746,0.04323646328852328,105.88198821372231,-1.9374802478233717,-41.16349917085054,-0.02231582145784293,0.04323646328852364,118.51011524838644,-2.1685558737105626,-46.07290732884189,-0.012209933126273158,0.026477922198592827,118.51011524838644,-2.1685558737105626,-46.07290732884189,-0.012209933126265983,0.02647792219857727,100.92173749999999,-3.662137102997101,-47.56022211684547,-0.02119428533044288,0.07761637868012206,100.92173749999999,-3.662137102997101,-47.56022211684547,-0.02119428533044341,0.07761637868012398,112.958275,-4.098905748308682,-53.23254218582704,-0.011186212519413933,0.04585123079762831,112.958275,-4.098905748308682,-53.23254218582704,-0.011186212519407145,0.04585123079760049
0.078,105.7697976397865,-1.9787421541922374,-41.35905341123647,-0.022308370460250478,0.0441425130210345,105.7697976397865,-1.9787421541922374,-41.35905341123647,-0.022308370460250672,0.04414251302103489,118.38454414728398,-2.214738924875715,-46.29178455202613,-0.012193935763434041,0.02700638418271144,118.38454414728398,-2.214738924875715,-46.29178455202613,-0.012193935763426875,0.027006384182695572,100.71055000000001,-3.709697325113947,-47.56022211684547,-0.021052801057058777,0.07809951976752702,100.71055000000001,-3.709697325113947,-47.56022211684547,-0.02105280105705931,0.078099519767529,112.7219,-4.152138290494509,-53.23254218582704,-0.011106639381550064,0.04611630265484828,112.7219,-4.152138290494509,-53.23254218582704,-0.011106639381543302,0.046116302654820196
0.079,105.65523740264172,-2.0201958416398047,-41.547068633501496,-0.022296756427082922,0.045043814616048505,105.65523740264172,-2.0201958416398047,-41.547068633501496,-0.02229675642708312,0.04504381461604891,118.25632076258982,-2.2611366300922584,-46.50222360813928,-0.012176075194026366,0.02753176963197072,118.25632076258982,-2.2611366300922584,-46.50222360813928,-0.012176075194019208,0.027531769631954535,100.49663749999999,-3.7572575472307923,-47.56022211684547,-0.020909423878032074,0.07856209067398374,100.49663749999999,-3.7572575472307923,-47.56022211684547,-0.020909423878032626,0.07856209067398583,112.482475,-4.205370832680336,-53.23254218582704,-0.011025952231846197,0.04636821791833265,112.482475,-4.205370832680336,-53.23254218582704,-0.011025952231839463,0.046368217918304325
0.08,105.5382967296,-2.061833793063701,-41.72758866914632,-0.022280985436352256,0.045939688715431255,105.5382967296,-2.061833793063701,-41.72758866914632,-0.022280985436352464,0.04593968871543168,118.1254330368,-2.3077405757226743,-46.70427355629221,-0.012156351144228944,0.028053704788269893,118.1254330368,-2.3077405757226743,-46.70427355629221,-0.012156351144221793,0.028053704788253392,100.28000000000002,-3.804817769347638,-47.56022211684547,-0.020764153241687445,0.07900381921942976,100.28000000000002,-3.804817769347638,-47.56022211684547,-0.020764153241688007,0.07900381921943189,112.24000000000001,-4.258603374866163,-53.23254218582704,-0.010944149150087176,0.0466067905055999,112.24000000000001,-4.258603374866163,-53.23254218582704,-0.010944149150080464,0.04660679050557131
0.081,105.41896527741588,-2.103648535193057,-41.900657349671675,-0.022261063833924025,0.04682945432607342,105.41896527741588,-2.103648535193057,-41.900657349671675,-0.02226106383392424,0.04682945432607387,117.99186939307096,-2.3545423971885593,-46.89798345559581,-0.012134763466833818,0.02857181506251505,117.99186939307096,-2.3545423971885593,-46.89798345559581,-0.012134763466826674,0.02857181506249823,100.0606375,-3.8523779914644836,-47.56022211684547,-0.02061698872003425,0.07942443359533145,100.0606375,-3.8523779914644836,-47.56022211684547,-0.020616988720034826,0.07942443359533367,111.994475,-4.311835917051991,-53.23254218582704,-0.010861228284668588,0.046831834221135,111.994475,-4.311835917051991,-53.23254218582704,-0.010861228284661906,0.04683183422110619
0.082,105.29723312977511,-2.1456326385885043,-42.06631850657821,-0.022236998234187698,0.04771242919550806,105.29723312977511,-2.1456326385885043,-42.06631850657821,-0.022236998234187923,0.04771242919550855,117.85561873240881,-2.4015337789706193,-47.083402365160936,-0.012111312141965131,0.029085725216586266,117.85561873240881,-2.4015337789706193,-47.083402365160936,-0.012111312141957997,0.029085725216569134,99.83855,-3.899938213581329,-47.56022211684547,-0.0204679300137853,0.07982366241366952,99.83855,-3.899938213581329,-47.56022211684547,-0.020467930013785888,0.07982366241367181,111.7459,-4.3650684592378175,-53.23254218582704,-0.010777187856245724,0.04704316279057904,111.7459,-4.3650684592378175,-53.23254218582704,-0.010777187856239066,0.04704316279054998
0.083,105.17309079478329,-2.1877787176421744,-42.224615971366696,-0.022208795520818385,0.04858793018491331,105.17309079478329,-2.1877787176421744,-42.224615971366696,-0.02220879552081862,0.04858793018491383,117.71667043085836,-2.448706454608672,-47.260579344098495,-0.012085997277874176,0.029595059544713337,117.71667043085836,-2.448706454608672,-47.260579344098495,-0.01208599727786705,0.029595059544695886,99.6137375,-3.9474984356981744,-47.56022211684547,-0.020316976957438344,0.08020123475760371,99.6137375,-3.9474984356981744,-47.56022211684547,-0.02031697695743894,0.08020123475760607,111.49427499999999,-4.418301001423645,-53.23254218582704,-0.010692026161432219,0.04724058989630378,111.49427499999999,-4.418301001423645,-53.23254218582704,-0.010692026161425592,0.0472405898962745
0.084,105.04652920245452,-2.2300794305776983,-42.37559357553777,-0.022176462847628538,0.04945527363946693,105.04652920245452,-2.2300794305776983,-42.37559357553777,-0.02217646284762878,0.04945527363946747,117.57501433669222,-2.496052206701644,-47.42956345151934,-0.012058819111810077,0.0300994420542495,117.57501433669222,-2.496052206701644,-47.42956345151934,-0.012058819111802961,0.030099442054231738,99.3862,-3.9950586578150196,-47.56022211684547,-0.02016412952442042,0.08055688023383925,99.3862,-3.9950586578150196,-47.56022211684547,-0.02016412952442103,0.0805568802338417,111.23959999999998,-4.471533543609471,-53.23254218582704,-0.010605741576548661,0.04742392921439093,111.23959999999998,-4.471533543609471,-53.23254218582704,-0.01060574157654206,0.04742392921436142
0.085,104.9175397022,-2.2725274794502117,-42.51929515059218,-0.022140007639508897,0.050313775756021584,104.9175397022,-2.2725274794502117,-42.51929515059218,-0.02214000763950915,0.05031377575602216,117.43064076759998,-2.543562866907576,-47.59040374653436,-0.01202977801096566,0.030598496645833532,117.43064076759998,-2.543562866907576,-47.59040374653436,-0.012029778010958555,0.03059849664581546,99.1559375,-4.042618879931866,-47.56022211684547,-0.020009387832294376,0.0808903290267122,99.1559375,-4.042618879931866,-47.56022211684547,-0.020009387832294997,0.08089032902671471,110.98187499999999,-4.524766085795299,-53.23254218582704,-0.010518332561420693,0.04759299445303276,110.98187499999999,-4.524766085795299,-53.23254218582704,-0.010518332561414122,0.047592994453003024
0.08600000000000001,104.78611406031668,-2.3151156101463446,-42.65576452803061,-0.02209943759345732,0.05116275294806801,104.78611406031668,-2.3151156101463446,-42.65576452803061,-0.022099437593457578,0.05116275294806861,117.28354050787736,-2.591230315943615,-47.74314928825444,-0.011998874473497591,0.031091847292928944,117.28354050787736,-2.591230315943615,-47.74314928825444,-0.011998874473490493,0.03109184729291055,98.92295,-4.090179102048711,-47.56022211684547,-0.01985275214802746,0.08120131195401457,98.92295,-4.090179102048711,-47.56022211684547,-0.01985275214802809,0.08120131195401716,110.72109999999999,-4.577998627981126,-53.23254218582704,-0.01042979766322659,0.04774759939237208,110.72109999999999,-4.577998627981126,-53.23254218582704,-0.010429797663220046,0.04774759939234212
0.08700000000000001,104.6522444574759,-2.3578366123842334,-42.785045539353774,-0.02205476067969442,0.05200152220795568,104.6522444574759,-2.3578366123842334,-42.785045539353774,-0.022054760679694686,0.052001522207956306,117.13370480561522,-2.6390464835860223,-47.88784913579046,-0.011966109129620187,0.03157911822073075,117.13370480561522,-2.6390464835860223,-47.88784913579046,-0.011966109129613104,0.03157911822071206,98.6872375,-4.1377393241655565,-47.56022211684547,-0.019694222893321355,0.08148956052457733,98.6872375,-4.1377393241655565,-47.56022211684547,-0.019694222893322,0.08148956052458001,110.457275,-4.631231170166953,-53.23254218582704,-0.010340135520394107,0.04788755792579968,110.457275,-4.631231170166953,-53.23254218582704,-0.010340135520387594,0.047887557925769514
0.08800000000000001,104.51592348621209,-2.400683319713514,-42.90718201606236,-0.022005985142864483,0.05282940146633817,104.51592348621209,-2.400683319713514,-42.90718201606236,-0.022005985142864764,0.05282940146633885,116.98112536988876,-2.687003348670171,-48.02455234825328,-0.011931482742771955,0.0320599340844286,116.98112536988876,-2.687003348670171,-48.02455234825328,-0.011931482742764885,0.0320599340844096,98.44879999999999,-4.185299546282402,-47.56022211684547,-0.019533800650003454,0.08175480699763035,98.44879999999999,-4.185299546282402,-47.56022211684547,-0.019533800650004114,0.0817548069976331,110.1904,-4.6844637123527795,-53.23254218582704,-0.01024934486654635,0.04801268410272562,110.1904,-4.6844637123527795,-53.23254218582704,-0.01024934486653987,0.04801268410269526
0.08900000000000001,104.37714414841132,-2.44364860951532,-43.02221778965709,-0.02195311950332035,0.05364570994881243,104.37714414841132,-2.44364860951532,-43.02221778965709,-0.021953119503320642,0.05364570994881314,116.82579436794661,-2.7350929390905416,-48.1533079847538,-0.011894996210853893,0.03253392014681523,116.82579436794661,-2.7350929390905416,-48.1533079847538,-0.011894996210846834,0.032533920146795924,98.2076375,-4.232859768399248,-47.56022211684547,-0.01937148616547875,0.08199678444395761,98.2076375,-4.232859768399248,-47.56022211684547,-0.019371486165479422,0.08199678444396045,109.920475,-4.737696254538608,-53.23254218582704,-0.010157424534496456,0.04812279217284242,109.920475,-4.737696254538608,-53.23254218582704,-0.010157424534490003,0.048122792172811846
0.09000000000000001,104.2358998528,-2.4867254030022905,-43.13019669163864,-0.021896172558490433,0.05444976852971982,104.2358998528,-2.4867254030022905,-43.13019669163864,-0.021896172558490728,0.05444976852972055,116.66770442239998,-2.7833073318007284,-48.274165104402876,-0.01185665056753857,0.03300070245522937,116.66770442239998,-2.7833073318007284,-48.274165104402876,-0.011856650567531522,0.03300070245520975,97.96374999999999,-4.280419990516093,-47.56022211684547,-0.019207280358241912,0.0822152268088658,97.96374999999999,-4.280419990516093,-47.56022211684547,-0.019207280358242595,0.08221522680886871,109.64749999999998,-4.790928796724434,-53.23254218582704,-0.010064373460290755,0.048217696631896116,109.64749999999998,-4.790928796724434,-53.23254218582704,-0.010064373460284333,0.04821769663186535
0.091,104.09218441243347,-2.5299066652185602,-43.23116255350773,-0.021835153384326424,0.05524090008307703,104.09218441243347,-2.5299066652185602,-43.23116255350773,-0.02183515338432673,0.0552409000830778,116.50684860841177,-2.8316386528134343,-48.3871727663114,-0.01181644698364881,0.033459908017820686,116.50684860841177,-2.8316386528134343,-48.3871727663114,-0.011816446983641777,0.03345990801780077,97.71713749999999,-4.327980212632938,-47.56022211684547,-0.019041184323449215,0.0824098689769847,97.71713749999999,-4.327980212632938,-47.56022211684547,-0.019041184323449912,0.08240986897698771,109.37147499999999,-4.8441613389102605,-53.23254218582704,-0.009970190687300297,0.04829721226898322,109.37147499999999,-4.8441613389102605,-53.23254218582704,-0.009970190687293906,0.048297212268952255
0.092,103.94599204218471,-2.573185405039768,-43.32515920676506,-0.02177007133682972,0.05601842983060482,103.94599204218471,-2.573185405039768,-43.32515920676506,-0.02177007133683003,0.05601842983060563,116.34322045088564,-2.880079077200474,-48.49238002959025,-0.011774386768604754,0.03391116497912465,116.34322045088564,-2.880079077200474,-48.49238002959025,-0.011774386768597735,0.03391116497910444,97.4678,-4.375540434749784,-47.56022211684547,-0.018873199338549463,0.08258044683891605,97.4678,-4.375540434749784,-47.56022211684547,-0.018873199338550174,0.08258044683891916,109.0924,-4.897393881096088,-53.23254218582704,-0.009874875370360194,0.048361154215388474,109.0924,-4.897393881096088,-53.23254218582704,-0.009874875370353836,0.04836115421535734
0.093,103.7973173562329,-2.6165546751730537,-43.41223048291135,-0.02170093605365451,0.05678168568682118,103.7973173562329,-2.6165546751730537,-43.41223048291135,-0.02170093605365483,0.05678168568682203,116.17681392165515,-2.9286208290927758,-48.58983595335031,-0.011730471371938094,0.034354102794934414,116.17681392165515,-2.9286208290927758,-48.58983595335031,-0.011730471371931093,0.03435410279491391,97.21573750000002,-4.423100656866629,-47.56022211684547,-0.018703326868973663,0.08272669735974869,97.21573750000002,-4.423100656866629,-47.56022211684547,-0.018703326868974385,0.08272669735975188,108.810275,-4.950626423281915,-53.23254218582704,-0.009778426779956662,0.04840933799498094,108.810275,-4.950626423281915,-53.23254218582704,-0.009778426779950333,0.04840933799494961
0.094,103.64615536555213,-2.6600075721570544,-43.49242021344727,-0.02162775745578583,0.0575299986011665,103.64615536555213,-2.6600075721570544,-43.49242021344727,-0.021627757455786163,0.057529998601167386,116.00762343667303,-2.9772561816803726,-48.67958959670244,-0.011684702384872035,0.03478835240645566,116.00762343667303,-2.9772561816803726,-48.67958959670244,-0.011684702384865044,0.034788352406434846,96.96095,-4.470660878983474,-47.56022211684547,-0.018531568573882627,0.08284835864945664,96.96095,-4.470660878983474,-47.56022211684547,-0.018531568573883366,0.08284835864945994,108.52510000000001,-5.0038589654677414,-53.23254218582704,-0.00968084430646126,0.048441579576183516,108.52510000000001,-5.0038589654677414,-53.23254218582704,-0.009680844306454967,0.04844157957615202
0.095,103.49250147539999,-2.7035372363619112,-43.56577222987356,-0.021550545749290023,0.058262702897126484,103.49250147539999,-2.7035372363619112,-43.56577222987356,-0.021550545749290363,0.0582627028971274,115.8356438532,-3.025977457212414,-48.761690018757555,-0.011637081541965395,0.03521354641372996,115.8356438532,-3.025977457212414,-48.761690018757555,-0.011637081541958421,0.03521354641370886,96.7034375,-4.51822110110032,-47.56022211684547,-0.018357926311972122,0.0829451700351972,96.7034375,-4.51822110110032,-47.56022211684547,-0.01835792631197287,0.08294517003520059,108.236875,-5.057091507653569,-53.23254218582704,-0.009582127464412046,0.04845769542553218,108.236875,-5.057091507653569,-53.23254218582704,-0.009582127464405784,0.04845769542550051
0.096,103.33635148280628,-2.7471368519892656,-43.632330363690876,-0.021469311427135596,0.058979136608318446,103.33635148280628,-2.7471368519892656,-43.632330363690876,-0.021469311427135943,0.0589791366083194,115.66087046699417,-3.0747770269971593,-48.836186278626485,-0.011587610722819632,0.03562931924831175,115.66087046699417,-3.0747770269971593,-48.836186278626485,-0.011587610722812672,0.03562931924829035,96.4432,-4.565781323217166,-47.56022211684547,-0.018182402147334555,0.0830168721355238,96.4432,-4.565781323217166,-47.56022211684547,-0.01818240214733532,0.0830168721355273,107.9456,-5.110324049839396,-53.23254218582704,-0.009482275896841124,0.04845750256283962,107.9456,-5.110324049839396,-53.23254218582704,-0.009482275896834896,0.0484575025628078
0.097,103.1777015740615,-2.790799647072257,-43.69213844639997,-0.02138406527108201,0.059678641811505784,103.1777015740615,-2.790799647072257,-43.69213844639997,-0.021384065271082373,0.05967864181150679,115.48329900950002,-3.123647311401976,-48.90312743542015,-0.011536291953846773,0.03603530734518172,115.48329900950002,-3.123647311401976,-48.90312743542015,-0.01153629195383983,0.036035307345160035,96.18023749999999,-4.613341545334011,-47.56022211684547,-0.018004998355376927,0.08306320693653092,96.18023749999999,-4.613341545334011,-47.56022211684547,-0.018004998355377708,0.08306320693653452,107.651275,-5.163556592025223,-53.23254218582704,-0.009381289379648222,0.0484408186179788,107.651275,-5.163556592025223,-53.23254218582704,-0.009381289379642029,0.048440818617946815
0.098,103.01654832220571,-2.8345188934755297,-43.745240309501504,-0.021294818353633976,0.06036056495650498,103.01654832220571,-2.8345188934755297,-43.745240309501504,-0.021294818353634344,0.06036056495650602,115.30292564503758,-3.172580779853345,-48.96256254824939,-0.011483127410096796,0.036431149313880216,115.30292564503758,-3.172580779853345,-48.96256254824939,-0.011483127410089871,0.03643114931385824,95.91455,-4.660901767450857,-47.56022211684547,-0.017825717428793988,0.08308391786994544,95.91455,-4.660901767450857,-47.56022211684547,-0.01782571742879478,0.08308391786994912,107.3539,-5.21678913421105,-53.23254218582704,-0.0092791678260198,0.04840746188930087,107.3539,-5.21678913421105,-53.23254218582704,-0.00927916782601364,0.04840746188926873
0.099,102.85288868451693,-2.8782879068952245,-43.79167978449623,-0.021201582040058505,0.06102425719294738,102.85288868451693,-2.8782879068952245,-43.79167978449623,-0.02120158204005888,0.061024257192948454,115.11974696799142,-3.221569950836857,-49.01454067622514,-0.011428119417142557,0.03681648610884168,115.11974696799142,-3.221569950836857,-49.01454067622514,-0.01142811941713565,0.03681648610881942,95.6461375,-4.708461989567702,-47.56022211684547,-0.017644562083595987,0.0830787498931792,95.6461375,-4.708461989567702,-47.56022211684547,-0.017644562083596795,0.08307874989318301,107.05347499999999,-5.270021676396877,-53.23254218582704,-0.009175911290893218,0.0483572514037021,107.05347499999999,-5.270021676396877,-53.23254218582704,-0.009175911290887092,0.048357251403669824
0.1,102.68672000000001,-2.922100046858987,-43.83150070288479,-0.021104367990462284,0.06166907469385914,102.68672000000001,-2.922100046858987,-43.83150070288479,-0.02110436799046267,0.061669074693860265,114.93376,-3.2706073918972143,-49.0591108784582,-0.01137127045302046,0.037190961198911104,114.93376,-3.2706073918972143,-49.0591108784582,-0.011371270453013572,0.037190961198888574,95.375,-4.756022211684548,-0.0,-0.0012686819447840277,0.006033879508955985,95.375,-4.756022211684548,-0.0,-0.001268681944784264,0.006033879508957109,106.75,-5.323254218582704,-0.0,-0.0029944992726306944,0.015940480885574183,106.75,-5.323254218582704,-0.0,-0.002994499272625987,0.015940480885549127
0.101,102.51803998687508,-2.965948716725959,-43.86474689616793,-0.021003188161926378,0.062294378976019395,102.51803998687508,-2.965948716725959,-43.86474689616793,-0.021003188161926773,0.06229437897602057,114.74496218714457,-3.3196857196382292,-49.09632221405951,-0.011312583150224785,0.03755422073602127,114.74496218714457,-3.3196857196382292,-49.09632221405951,-0.011312583150217912,0.037554220735998456,95.1025,-4.756022211684548,-0.0,-0.0010847067750723552,0.005158889515408836,95.1025,-4.756022211684548,-0.0,-0.001084706775072605,0.005158889515410024,106.44500000000001,-5.323254218582704,-0.0,-0.0028894987397777667,0.015381536356111404,106.44500000000001,-5.323254218582704,-0.0,-0.002889498739773097,0.015381536356086545
0.10200000000000001,102.3468467400663,-3.009827363686788,-43.89146219584634,-0.020898054810695395,0.06289953721705732,102.3468467400663,-3.009827363686788,-43.89146219584634,-0.0208980548106958,0.06289953721705854,114.55335139713843,-3.3687975997228263,-49.12622374213993,-0.01125206029775382,0.037905913723009575,114.55335139713843,-3.3687975997228263,-49.12622374213993,-0.01125206029774697,0.0379059137229865,94.83,-4.756022211684548,-0.0,-0.0009007070696138079,0.004283782829304571,94.83,-4.756022211684548,-0.0,-0.0009007070696140725,0.004283782829305829,106.13999999999999,-5.323254218582704,-0.0,-0.002784416327289886,0.014822155960536444,106.13999999999999,-5.323254218582704,-0.0,-0.0027844163272852515,0.014822155960511774
0.10300000000000001,102.17313872869049,-3.053729478763617,-43.91169043342072,-0.020788980494418276,0.06348392256924693,102.17313872869049,-3.053729478763617,-43.91169043342072,-0.02078898049441869,0.06348392256924817,114.35892591651596,-3.417935746873039,-49.14886452181035,-0.011189704843205528,0.038245692180550545,114.35892591651596,-3.417935746873039,-49.14886452181035,-0.011189704843198698,0.0382456921805272,94.55749999999999,-4.756022211684548,-0.0,-0.0007166869904273697,0.003408579245297921,94.55749999999999,-4.756022211684548,-0.0,-0.000716686990427649,0.0034085792452992494,105.83499999999998,-5.323254218582704,-0.0,-0.0026792550128840885,0.014262355549994082,105.83499999999998,-5.323254218582704,-0.0,-0.002679255012879489,0.014262355549969597
0.10400000000000001,101.99691479354574,-3.097648596810095,-43.92547544039177,-0.020675978074437364,0.0640469144699572,101.99691479354574,-3.097648596810095,-43.92547544039177,-0.02067597807443779,0.06404691446995851,114.16168444782183,-3.4670929248700144,-49.164293612181616,-0.011125519894920631,0.03857321131317991,114.16168444782183,-3.4670929248700144,-49.164293612181616,-0.01112551989491382,0.038573211313156296,94.285,-4.756022211684548,-0.0,-0.0005326506999928965,0.0025332985602355383,94.285,-4.756022211684548,-0.0,-0.000532650699993191,0.0025332985602369387,105.52999999999999,-5.323254218582704,-0.0,-0.0025740177765132275,0.013702150987530911,105.52999999999999,-5.323254218582704,-0.0,-0.0025740177765086643,0.01370215098750662
0.10500000000000001,101.8181741446,-3.1415782965113666,-43.932861048260214,-0.020559060718122846,0.06458789894871413,101.8181741446,-3.1415782965113666,-43.932861048260214,-0.02055906071812328,0.06458789894871549,113.9616261068,-3.5162619465540064,-49.17256007236464,-0.011059508724170889,0.038888129674384146,113.9616261068,-3.5162619465540064,-49.17256007236464,-0.0110595087241641,0.03888812967436027,94.0125,-4.756022211684548,-0.0,-0.00034860236115691464,0.0016579605727079648,94.0125,-4.756022211684548,-0.0,-0.0003486023611572221,0.0016579605727094272,105.225,-5.323254218582704,-0.0,-0.002468707600281563,0.013141558147646015,105.225,-5.323254218582704,-0.0,-0.0024687076002770348,0.01314155814762191
0.10600000000000001,101.63691635847987,-3.1855122003840814,-43.93389108852672,-0.02043824190124912,0.06510626893083021,101.63691635847987,-3.1855122003840814,-43.93389108852672,-0.020438241901249564,0.06510626893083163,113.75875041958298,-3.5654356738243846,-49.173712961470265,-0.010991674767390144,0.03919010933072817,113.75875041958298,-3.5654356738243846,-49.173712961470265,-0.010991674767383375,0.039190109330704034,93.74,-4.756022211684548,-0.0,-0.0001645461370384767,0.0007825850826018847,93.74,-4.756022211684548,-0.0,-0.00016454613703880024,0.0007825850826034234,104.91999999999999,-5.323254218582704,-0.0,-0.002363327468360237,0.012580592915841014,104.91999999999999,-5.323254218582704,-0.0,-0.002363327468355748,0.012580592915817118
0.10700000000000001,101.4531413759591,-3.2294439747763866,-43.92860939269203,-0.020313535410409787,0.06560142453755466,101.4531413759591,-3.2294439747763866,-43.92860939269203,-0.02031353541041024,0.06560142453755613,113.55305731988082,-3.614607017639625,-49.16780133860942,-0.010922021628445817,0.039478816024992015,113.55305731988082,-3.614607017639625,-49.16780133860942,-0.010922021628439076,0.03947881602496765,93.46749999999999,-4.756022211684548,-0.0,1.9513809064980025e-05,-9.280810934761627e-05,93.46749999999999,-4.756022211684548,-0.0,1.9513809064643055e-05,-9.280810934601364e-05,104.61499999999998,-5.323254218582704,-0.0,-0.0022578803669027463,0.01201927118817011,104.61499999999998,-5.323254218582704,-0.0,-0.0022578803668982924,0.0120192711881464
0.108,101.2668494994473,-3.273367329867931,-43.91705979225683,-0.020184955345467756,0.06607277338269721,101.2668494994473,-3.273367329867931,-43.91705979225683,-0.020184955345468217,0.06607277338269872,113.34454714617037,-3.663768938017317,-49.15487426289296,-0.010850553080948327,0.03975391933828658,113.34454714617037,-3.663768938017317,-49.15487426289296,-0.010850553080941603,0.039753919338261945,93.19500000000001,-4.756022211684548,-0.0,0.00020357331377182262,-0.0009681992020050162,93.19500000000001,-4.756022211684548,-0.0,0.00020357331377147134,-0.0009681992020033456,104.30999999999999,-5.323254218582704,-0.0,-0.002152369283960289,0.011457608870789443,104.30999999999999,-5.323254218582704,-0.0,-0.0021523692839558735,0.011457608870765938
0.109,101.07804139047853,-3.3172760196698654,-43.89928611872182,-0.020052516122037102,0.06651973086567704,101.07804139047853,-3.3172760196698654,-43.89928611872182,-0.020052516122037577,0.06651973086567863,113.13322063888423,-3.7129144440341615,-49.13498079343176,-0.010777273070595849,0.04001509285111573,113.13322063888423,-3.7129144440341615,-49.13498079343176,-0.01077727307058915,0.04001509285109085,92.92250000000001,-4.756022211684548,-0.0,0.00038762821371044354,-0.0018435683942824744,92.92250000000001,-4.756022211684548,-0.0,0.00038762821371007795,-0.0018435683942807355,104.005,-5.323254218582704,-0.0,-0.0020467972093971033,0.010895621879506438,104.005,-5.323254218582704,-0.0,-0.0020467972093927236,0.010895621879483123
0.11,100.8867180672,-3.3611638420248418,-43.875332203587675,-0.019916232473992875,0.0669417204609458,100.8867180672,-3.3611638420248418,-43.875332203587675,-0.019916232473993357,0.06694172046094743,112.91907893759999,-3.7620365938259694,-49.10816998933666,-0.01070218571755196,0.04026201430335211,112.91907893759999,-3.7620365938259694,-49.10816998933666,-0.010702185717545283,0.040262014303326994,92.65,-4.756022211684548,-0.0,0.000571674345613369,-0.002718895885587412,92.65,-4.756022211684548,-0.0,0.0005716743456129886,-0.002718895885585603,103.69999999999999,-5.323254218582704,-0.0,-0.0019411671348057405,0.010333326139328759,103.69999999999999,-5.323254218582704,-0.0,-0.001941167134801398,0.010333326139305644
0.111,100.69288090186066,-3.405024638607009,-43.845241878355154,-0.019776119456005267,0.06733817400373338,100.69288090186066,-3.405024638607009,-43.845241878355154,-0.01977611945600576,0.06733817400373505,112.70212357822936,-3.8111284945876616,-49.074490909718605,-0.010625295318853282,0.040494365753090636,112.70212357822936,-3.8111284945876616,-49.074490909718605,-0.010625295318846631,0.04049436575306529,92.3775,-4.756022211684548,-0.0,0.0007557075464114361,-0.003594161876270421,92.3775,-4.756022211684548,-0.0,0.0007557075464110427,-0.0035941618762685506,103.395,-5.323254218582704,-0.0,-0.0018354820534223146,0.009770737584013181,103.395,-5.323254218582704,-0.0,-0.0018354820534180094,0.009770737583990264
0.112,100.49653161829991,-3.4488522949220197,-43.8090589745249,-0.019632192446094272,0.06770853197206297,100.49653161829991,-3.4488522949220197,-43.8090589745249,-0.019632192446094775,0.06770853197206471,112.48235649020722,-3.8601833025732697,-49.03399261368842,-0.010546606350844524,0.040711833734343235,112.48235649020722,-3.8601833025732697,-49.03399261368842,-0.010546606350837897,0.04071183373431765,92.10499999999999,-4.756022211684548,-0.0,0.0009397236533280197,-0.004469346568073411,92.10499999999999,-4.756022211684548,-0.0,0.0009397236533276103,-0.004469346568071465,103.08999999999999,-5.323254218582704,-0.0,-0.0017297449600416435,0.00920787215561385,103.08999999999999,-5.323254218582704,-0.0,-0.0017297449600373756,0.009207872155591131
0.113,100.2976722894361,-3.4926407403070265,-43.76682732359769,-0.019484467148201196,0.06805224376498137,100.2976722894361,-3.4926407403070265,-43.76682732359769,-0.019484467148201706,0.06805224376498314,112.25977999368075,-3.9091942230959376,-48.98672416035704,-0.010466123471638075,0.04091410941353636,112.25977999368075,-3.9091942230959376,-48.98672416035704,-0.010466123471631474,0.040914109413510556,91.8325,-4.756022211684548,-0.0,0.0011237185039731116,-0.00534443016457705,91.8325,-4.756022211684548,-0.0,0.001123718503972688,-0.005344430164575035,102.785,-5.323254218582704,-0.0,-0.0016239588509324265,0.008644745804030761,102.785,-5.323254218582704,-0.0,-0.001623958850928196,0.00864474580400824
0.114,100.09630533475533,-3.5363839479306827,-43.71859075707416,-0.019332959594772898,0.06836876797694735,100.09630533475533,-3.5363839479306827,-43.71859075707416,-0.01933295959477342,0.06836876797694919,112.03439679669863,-3.95815451052792,-48.9327346088353,-0.010383851523595288,0.0411008887447709,112.03439679669863,-3.95815451052792,-48.9327346088353,-0.010383851523588712,0.04110088874474487,91.55999999999999,-4.756022211684548,-0.0,0.0013076879364375535,-0.006219392871648935,91.55999999999999,-4.756022211684548,-0.0,0.0013076879364371159,-0.006219392871646854,102.47999999999999,-5.323254218582704,-0.0,-0.0015181267237523019,0.008081374486557581,102.47999999999999,-5.323254218582704,-0.0,-0.0015181267237481116,0.008081374486535274
0.115,99.8924335178,-3.5800759347931437,-43.66439310645505,-0.019177686149354847,0.06865757266832108,99.8924335178,-3.5800759347931437,-43.66439310645505,-0.019177686149355375,0.06865757266832297,111.8062099924,-4.007057468300583,-48.87207301823409,-0.010299795535826519,0.041271872623802656,111.8062099924,-4.007057468300583,-48.87207301823409,-0.01029979553581997,0.041271872623776414,91.28750000000001,-4.756022211684548,-0.0,0.001491627789387095,-0.007094214897890944,91.28750000000001,-4.756022211684548,-0.0,0.0014916277893866426,-0.0070942148978887926,102.175,-5.323254218582704,-0.0,-0.0014122515774629431,0.007517774167429691,102.175,-5.323254218582704,-0.0,-0.001412251577458788,0.007517774167407572
0.116,99.68605994365748,-3.6237107617260613,-43.60427820324104,-0.01901866350918902,0.06891813563189499,99.68605994365748,-3.6237107617260613,-43.60427820324104,-0.019018663509189564,0.06891813563189696,111.57522305620377,-4.055896448904399,-48.80478844766427,-0.010213960726706977,0.04142676704069982,111.57522305620377,-4.055896448904399,-48.80478844766427,-0.010213960726700453,0.04142676704067336,91.015,-4.756022211684548,-0.0,0.0016755339021566236,-0.007968876455087386,91.015,-4.756022211684548,-0.0,0.001675533902156157,-0.007968876455085167,101.86999999999999,-5.323254218582704,-0.0,-0.0013063364122450297,0.006953960817371549,101.86999999999999,-5.323254218582704,-0.0,-0.001306336412240911,0.006953960817349625
0.117,99.47718805644871,-3.6672825333925942,-43.53828987893285,-0.018855908707812445,0.0691499446554059,99.47718805644871,-3.6672825333925942,-43.53828987893285,-0.018855908707812997,0.06914994465540793,111.34143984299763,-4.104664853888958,-48.730929956236764,-0.010126352506405313,0.041565283231132254,111.34143984299763,-4.104664853888958,-48.730929956236764,-0.01012635250639882,0.0415652832311056,90.7425,-4.756022211684548,-0.0,0.001859402114844162,-0.008843357758652057,90.7425,-4.756022211684548,-0.0,0.0018594021148436815,-0.008843357758649771,101.565,-5.323254218582704,-0.0,-0.0012003842294132797,0.0063899504131443895,101.565,-5.323254218582704,-0.0,-0.0012003842294091988,0.0063899504131226656
0.11800000000000001,99.2658216368169,-3.710785398287397,-43.466471965031154,-0.018689439117652248,0.06935249777996524,99.2658216368169,-3.710785398287397,-43.466471965031154,-0.018689439117652813,0.06935249777996735,111.10486458432716,-4.153356133862958,-48.65054660306239,-0.01003697647942188,0.0416871378262451,111.10486458432716,-4.153356133862958,-48.65054660306239,-0.010036976479415413,0.04168713782621824,90.47,-4.756022211684548,-0.0,0.002043228268405063,-0.009717639028076238,90.47,-4.756022211684548,-0.0,0.0020432282684045696,-0.00971763902807389,101.25999999999999,-5.323254218582704,-0.0,-0.0010943980313313536,0.005825758937093235,101.25999999999999,-5.323254218582704,-0.0,-0.0010943980313273122,0.005825758937071721
0.11900000000000001,99.05196479941614,-3.754213548736625,-43.38886829303672,-0.018519272452613103,0.06952530355434505,99.05196479941614,-3.754213548736625,-43.38886829303672,-0.018519272452613676,0.0695253035543472,110.86550188558502,-4.201963788494203,-48.56368744725211,-0.00994583844713358,0.041792053001068724,110.86550188558502,-4.201963788494203,-48.56368744725211,-0.009945838447127141,0.04179205300104167,90.1975,-4.756022211684548,-0.0,0.002227008204746013,-0.010591700487375767,90.1975,-4.756022211684548,-0.0,0.0022270082047455043,-0.010591700487373347,100.955,-5.323254218582704,-0.0,-0.000988380821326826,0.005261402376694265,100.955,-5.323254218582704,-0.0,-0.0009883808213228223,0.0052614023766729525
0.12000000000000001,98.8356219904,-3.7975612208979395,-43.30552269445016,-0.01834542677065244,0.06966788128505262,98.8356219904,-3.7975612208979395,-43.30552269445016,-0.018345426770653026,0.06966788128505484,110.62335672319999,-4.25048136650962,-48.470401547916694,-0.009852944410341985,0.041879756621413716,110.62335672319999,-4.25048136650962,-48.470401547916694,-0.00985294441033558,0.041879756621386495,89.925,-4.756022211684548,-0.0,0.002410737766819147,-0.011465522365538666,89.925,-4.756022211684548,-0.0,0.0024107377668186247,-0.011465522365536183,100.64999999999999,-5.323254218582704,-0.0,-0.000882335603606036,0.004696896724101548,100.64999999999999,-5.323254218582704,-0.0,-0.0008823356036020708,0.0046968967240804405
0.12100000000000001,98.61679798491028,-3.8408226947604955,-43.21647900077226,-0.018167920476339788,0.06977976128212977,98.61679798491028,-3.8408226947604955,-43.21647900077226,-0.01816792047634038,0.06977976128213205,110.37843444182616,-4.2989024656952335,-48.37073796416712,-0.009758300571821699,0.04194998238919951,110.37843444182616,-4.2989024656952335,-48.37073796416712,-0.009758300571815318,0.04194998238917208,89.65249999999999,-4.756022211684548,-0.0,0.0025944127987160242,-0.012339084896972084,89.65249999999999,-4.756022211684548,-0.0,0.002594412798715485,-0.01233908489696952,100.345,-5.323254218582704,-0.0,-0.0007762653831689908,0.00413225797569405,100.345,-5.323254218582704,-0.0,-0.0007762653831650634,0.004132257975673143
0.12200000000000001,98.3954978845655,-3.8839922941449534,-43.121781043503674,-0.017986772323395038,0.06986048510060605,98.3954978845655,-3.8839922941449534,-43.121781043503674,-0.017986772323395645,0.06986048510060841,110.13074075153203,-4.347220732896186,-48.2647457551142,-0.009661913338865501,0.04200246998616231,110.13074075153203,-4.347220732896186,-48.2647457551142,-0.009661913338859154,0.04200246998613472,89.38,-4.756022211684548,-0.0,0.0027780291457616775,-0.013212368321949589,89.38,-4.756022211684548,-0.0,0.0027780291457611254,-0.013212368321946963,100.03999999999999,-5.323254218582704,-0.0,-0.0006701731657241844,0.0035675021316221903,100.03999999999999,-5.323254218582704,-0.0,-0.0006701731657202952,0.003567502131601487
0.12300000000000001,98.17172711494969,-3.927064386703473,-43.021472654145136,-0.017802001417201965,0.06990960577753859,98.17172711494969,-3.927064386703473,-43.021472654145136,-0.01780200141720258,0.069909605777541,109.88028172498956,-4.395429864016731,-48.15247397986886,-0.009563789325823122,0.04203696521588739,109.88028172498956,-4.395429864016731,-48.15247397986886,-0.009563789325816807,0.04203696521585963,89.1075,-4.756022211684548,-0.0,0.002961582654608571,-0.01408535288705805,89.1075,-4.756022211684548,-0.0,0.002961582654608005,-0.014085352887055359,99.73499999999999,-5.323254218582704,-0.0,-0.000564061957603456,0.0030026451953546157,99.73499999999999,-5.323254218582704,-0.0,-0.0005640619575996058,0.00300264519533412
0.124,97.94549142310093,-3.970033383919713,-42.91559766419731,-0.01761362721729211,0.06992668806456656,97.94549142310093,-3.970033383919713,-42.91559766419731,-0.01761362721729274,0.06992668806456905,109.62706379466343,-4.443523604020228,-48.03397169754194,-0.009463935356630196,0.042053220144107874,109.62706379466343,-4.443523604020228,-48.03397169754194,-0.00946393535662391,0.042053220144079945,88.835,-4.756022211684548,-0.0,0.0031450691733305586,-0.014958018845644495,88.835,-4.756022211684548,-0.0,0.003145069173329979,-0.01495801884564174,99.42999999999999,-5.323254218582704,-0.0,-0.00045793476567676386,0.0024377031732245153,99.42999999999999,-5.323254218582704,-0.0,-0.00045793476567295094,0.002437703173204218
0.125,97.716796875,-4.0128937411088375,-42.804199905160935,-0.017421669539794758,0.06991130865590886,97.716796875,-4.0128937411088375,-42.804199905160935,-0.017421669539795397,0.06991130865591143,109.37109375,-4.491495746929157,-47.909287967244346,-0.009362358467324052,0.04205099323721216,109.37109375,-4.491495746929157,-47.909287967244346,-0.0093623584673178,0.04205099323718408,88.5625,-4.756022211684548,-0.0,0.0033284845515167633,-0.015830346458262607,88.5625,-4.756022211684548,-0.0,0.003328484551516169,-0.015830346458259783,99.12499999999999,-5.323254218582704,-0.0,-0.00035179459726701915,0.0018726920739762633,99.12499999999999,-5.323254218582704,-0.0,-0.00035179459726324526,0.0018726920739561739
0.126,97.48564985305907,-4.055639957417506,-42.68732320853669,-0.01722614855984845,0.0698630564117314,97.48564985305907,-4.055639957417506,-42.68732320853669,-0.017226148559849098,0.06986305641173403,109.11237873461658,-4.539340135825098,-47.77847184808694,-0.009259065908542998,0.04203004949889911,109.11237873461658,-4.539340135825098,-47.77847184808694,-0.00925906590853678,0.042030049498870875,88.29,-4.756022211684548,-0.0,0.0035118246403655134,-0.01670231599311948,88.29,-4.756022211684548,-0.0,0.0035118246403649054,-0.016702315993116588,98.82,-5.323254218582704,-0.0,-0.0002456444600648306,0.00130762790831158,98.82,-5.323254218582704,-0.0,-0.00024564446006109615,0.0013076279082917008
0.127,97.25205705361032,-4.098266575823882,-42.56501140582529,-0.017027084813969535,0.06978153257680975,97.25205705361032,-4.098266575823882,-42.56501140582529,-0.017027084813970195,0.06978153257681244,108.85092624349042,-4.587050662848749,-47.641572399180596,-0.00915406514800552,0.041990160604919356,108.85092624349042,-4.587050662848749,-47.641572399180596,-0.009154065147999336,0.04199016060489098,88.0175,-4.756022211684548,-0.0,0.0036950852927781592,-0.017573907726521825,88.0175,-4.756022211684548,-0.0,0.0036950852927775347,-0.017573907726518855,98.51499999999999,-5.323254218582704,-0.0,-0.00013948736204329746,0.0007425266884359562,98.51499999999999,-5.323254218582704,-0.0,-0.00013948736203960206,0.0007425266884162847
0.128,97.0160254843945,-4.140768183137626,-42.43730832852744,-0.01682449920237321,0.06966635099441137,97.0160254843945,-4.140768183137626,-42.43730832852744,-0.016824499202373885,0.06966635099441415,108.58674412014796,-4.634621269199912,-47.498638679636215,-0.009047363872966077,0.041931105035839474,108.58674412014796,-4.634621269199912,-47.498638679636215,-0.009047363872959924,0.041931105035810955,87.745,-4.756022211684548,-0.0,0.003878262363452852,-0.018445101943321975,87.745,-4.756022211684548,-0.0,0.003878262363452214,-0.018445101943318942,98.20999999999998,-5.323254218582704,-0.0,-3.332631137277107e-05,0.00017740442760490438,98.20999999999998,-5.323254218582704,-0.0,-3.3326311369114275e-05,0.0001774044275854383
0.129,96.77756246204973,-4.1831394099999075,-42.30425780814383,-0.01661841299124244,0.0695171383153207,96.77756246204973,-4.1831394099999075,-42.30425780814383,-0.01661841299124312,0.06951713831532355,108.31984055385381,-4.682045945137511,-47.34971974856465,-0.008938969992643882,0.04185266820776417,108.31984055385381,-4.682045945137511,-47.34971974856465,-0.008938969992637763,0.041852668207735526,87.47250000000001,-4.756022211684548,-0.0,0.004061351708978364,-0.019315878937364098,87.47250000000001,-4.756022211684548,-0.0,0.004061351708977715,-0.01931587893736101,97.90499999999999,-5.323254218582704,-0.0,7.283568366438752e-05,-0.0003877228603298062,97.90499999999999,-5.323254218582704,-0.0,7.283568366800528e-05,-0.0003877228603490645
0.13,96.5366756096,-4.225374930883387,-42.16590367617518,-0.01640884781494029,0.06933353420192934,96.5366756096,-4.225374930883387,-42.16590367617518,-0.01640884781494098,0.06933353420193225,108.05022407679998,-4.72931872997957,-47.19486466507681,-0.008828891640621284,0.04175464260095029,108.05022407679998,-4.72931872997957,-47.19486466507681,-0.008828891640615202,0.04175464260092153,87.2,-4.756022211684548,-0.0,0.004244349187927781,-0.0201862190119298,87.2,-4.756022211684548,-0.0,0.0042443491879271145,-0.02018621901192663,97.6,-5.323254218582704,-0.0,0.00017899561475906954,-0.0009528391613740215,97.6,-5.323254218582704,-0.0,0.00017899561476264784,-0.0009528391613930697
0.131,96.29337285394388,-4.267469464092232,-42.02228976412217,-0.016195825678160983,0.06911519152731287,96.29337285394388,-4.267469464092232,-42.02228976412217,-0.016195825678161684,0.06911519152731585,107.77790356129496,-4.776433712103232,-47.03412248828352,-0.008717137177208102,0.04163682788624519,107.77790356129496,-4.776433712103232,-47.03412248828352,-0.008717137177202055,0.0416368278862163,86.9275,-4.756022211684548,-0.0,0.004427250660952184,-0.021056102480183685,86.9275,-4.756022211684548,-0.0,0.004427250660951505,-0.021056102480180455,97.29499999999999,-5.323254218582704,-0.0,0.00028515047366064854,-0.0015179284618449037,97.29499999999999,-5.323254218582704,-0.0,0.0002851504736641874,-0.0015179284618637417
0.132,96.04766242334311,-4.309417771762104,-41.87345990348551,-0.01597936895801516,0.06886177656921423,96.04766242334311,-4.309417771762104,-41.87345990348551,-0.015979368958015876,0.06886177656921731,107.50288821695284,-4.82338502894474,-46.86754227729571,-0.008603715191768457,0.0414990310492804,107.50288821695284,-4.82338502894474,-46.86754227729571,-0.008603715191762444,0.04149903104925139,86.65499999999999,-4.756022211684548,-0.0,0.004610051990874268,-0.021925509665618587,86.65499999999999,-4.756022211684548,-0.0,0.004610051990873574,-0.021925509665615288,96.98999999999998,-5.323254218582704,-0.0,0.0003912972522622203,-0.002082974748824685,96.98999999999998,-5.323254218582704,-0.0,0.0003912972522657197,-0.002082974748843313
0.133,95.79955284491129,-4.351214659860174,-41.71945792576592,-0.015759500406044773,0.06857296919885439,95.79955284491129,-4.351214659860174,-41.71945792576592,-0.0157595004060455,0.06857296919885754,107.22518758788235,-4.870166866999461,-46.69517309122424,-0.008488634505006514,0.041341066512351095,107.22518758788235,-4.870166866999461,-46.69517309122424,-0.008488634505000541,0.04134106651232201,86.3825,-4.756022211684548,-0.0,0.004792749042781934,-0.022794420902500733,86.3825,-4.756022211684548,-0.0,0.004792749042781225,-0.022794420902497364,96.68499999999999,-5.323254218582704,-0.0,0.0004974329426858516,-0.002647962010614468,96.68499999999999,-5.323254218582704,-0.0,0.0004974329426893111,-0.0026479620106328837
0.134,95.54905294210252,-4.392854978185108,-41.56032766246411,-0.015536243150163002,0.06824846306448783,95.54905294210252,-4.392854978185108,-41.56032766246411,-0.01553624315016374,0.06824846306449107,106.94481154987622,-4.9167734618218635,-46.51706398918001,-0.008371904171207669,0.04116275625390963,106.94481154987622,-4.9167734618218635,-46.51706398918001,-0.008371904171201733,0.04116275625388044,86.11,-4.756022211684548,-0.0,0.004975337684121835,-0.023662816536314607,86.11,-4.756022211684548,-0.0,0.004975337684121115,-0.02366281653631118,96.38,-5.323254218582704,-0.0,0.0006035545373678252,-0.003212874237188008,96.38,-5.323254218582704,-0.0,0.0006035545373712452,-0.0032128742372062136
0.135,95.29617183219999,-4.434333620367075,-41.396112945080766,-0.01530962069651457,0.06788796576962215,95.29617183219999,-4.434333620367075,-41.396112945080766,-0.015309620696515317,0.06788796576962546,106.6617703076,-4.963199098025533,-46.33326403027388,-0.00825353348043137,0.040963929925600516,106.6617703076,-4.963199098025533,-46.33326403027388,-0.00825353348042547,0.040963929925571234,85.8375,-4.756022211684548,-0.0,0.005157813784792838,-0.024530676924207483,85.8375,-4.756022211684548,-0.0,0.005157813784792101,-0.024530676924203975,96.07499999999999,-5.323254218582704,-0.0,0.0007096590291438541,-0.0037776954206453273,96.07499999999999,-5.323254218582704,-0.0,0.0007096590291472342,-0.0037776954206633208
0.136,95.04091892380467,-4.475645523867742,-41.22685760511657,-0.015079656931252058,0.06749119904581945,95.04091892380467,-4.475645523867742,-41.22685760511657,-0.015079656931252818,0.06749119904582285,106.37607439178137,-5.009438109283161,-46.143822273616706,-0.008133531960652363,0.04074442496676453,106.37607439178137,-5.009438109283161,-46.143822273616706,-0.008133531960646503,0.04074442496673517,85.565,-4.756022211684548,-0.0,0.005340173217239445,-0.025397982435433734,85.565,-4.756022211684548,-0.0,0.005340173217238695,-0.025397982435430167,95.76999999999998,-5.323254218582704,-0.0,0.0008157434113342864,-0.004342409555666286,95.76999999999998,-5.323254218582704,-0.0,0.0008157434113376261,-0.004342409555684065
0.137,94.78330391432391,-4.516785669980283,-41.052605474072244,-0.014846376122223563,0.06705789891999683,94.78330391432391,-4.516785669980283,-41.052605474072244,-0.014846376122224334,0.06705789892000032,106.08773465639922,-5.055484878326555,-45.948787778319385,-0.008011909379846529,0.04050408671633682,106.08773465639922,-5.055484878326555,-45.948787778319385,-0.008011909379840709,0.04050408671630739,85.2925,-4.756022211684548,-0.0,0.0055224118565451435,-0.026264713451798802,85.2925,-4.756022211684548,-0.0,0.005522411856544379,-0.02626471345179517,95.46499999999999,-5.323254218582704,-0.0,0.000921804677829314,-0.004907000639964167,95.46499999999999,-5.323254218582704,-0.0,0.0009218046778326125,-0.0049070006399817255
0.138,94.5233367874601,-4.557749083829361,-40.87340038344852,-0.014609802920567209,0.06658781587614271,94.5233367874601,-4.557749083829361,-40.87340038344852,-0.014609802920567993,0.06658781587614629,105.79676227587275,-5.101333836946623,-45.74820960349283,-0.00788867574801786,0.040242768522063724,105.79676227587275,-5.101333836946623,-45.74820960349283,-0.00788867574801208,0.040242768522034233,85.02000000000001,-4.756022211684548,-0.0,0.005704525580525745,-0.027130850368103133,85.02000000000001,-4.756022211684548,-0.0,0.005704525580524967,-0.02713085036809943,95.16,-5.323254218582704,-0.0,0.0010278398231741656,-0.005471452674739178,95.16,-5.323254218582704,-0.0,0.0010278398231774264,-0.005471452674756536
0.139,94.26102781069933,-4.598530834371152,-40.68928616474601,-0.014369962362208005,0.06608071501136642,94.26102781069933,-4.598530834371152,-40.68928616474601,-0.014369962362208801,0.06608071501137008,105.50316874225062,-5.146979465993399,-45.54213680824782,-0.0077638413191630255,0.039960331846963196,105.50316874225062,-5.146979465993399,-45.54213680824782,-0.007763841319157284,0.03996033184693365,84.7475,-4.756022211684548,-0.0,0.005886510269822609,-0.027996373592585527,84.7475,-4.756022211684548,-0.0,0.005886510269821815,-0.027996373592581756,94.85499999999999,-5.323254218582704,-0.0,0.0011338458426542698,-0.006035749665131803,94.85499999999999,-5.323254218582704,-0.0,0.0011338458426574894,-0.006035749665148942
0.14,93.9963875328,-4.6391260343933265,-40.50030664946554,-0.014126879869252738,0.06553637618619737,93.9963875328,-4.6391260343933265,-40.50030664946554,-0.014126879869253546,0.06553637618620112,105.20696586239998,-5.192416295376017,-45.33061845169537,-0.007637416593169997,0.039656646372951077,105.20696586239998,-5.192416295376017,-45.33061845169537,-0.0076374165931642965,0.039656646372921475,84.47499999999998,-4.756022211684548,-0.0,0.006068361807995807,-0.028861263547366258,84.47499999999998,-4.756022211684548,-0.0,0.006068361807995002,-0.02886126354736243,94.54999999999998,-5.323254218582704,-0.0,0.001239819732380377,-0.006599875620675921,94.54999999999998,-5.323254218582704,-0.0,0.0012398197323835567,-0.006599875620692848
0.14100000000000001,93.72942678128148,-4.679529840515059,-40.30650566910774,-0.013880581251278227,0.06495459416905032,93.72942678128148,-4.679529840515059,-40.30650566910774,-0.013880581251279046,0.06495459416905415,104.90816575519577,-5.237638904062726,-45.11370359294628,-0.0075094123176472185,0.03933159010155691,104.90816575519577,-5.237638904062726,-45.11370359294628,-0.007509412317641559,0.039331590101527265,84.20249999999999,-4.756022211684548,-0.0,0.00625007608161725,-0.029725500668889963,84.20249999999999,-4.756022211684548,-0.0,0.006250076081616428,-0.02972550066888606,94.24499999999999,-5.323254218582704,-0.0,0.0013457584893737042,-0.007163814555752058,94.24499999999999,-5.323254218582704,-0.0,0.0013457584893768436,-0.00716381455576877
0.14200000000000002,93.4601566599127,-4.719737453187017,-40.10792705517333,-0.013631092706508838,0.06433517877477415,93.4601566599127,-4.719737453187017,-40.10792705517333,-0.01363109270650967,0.06433517877477807,104.60678084870962,-5.282641920080881,-44.89144129111143,-0.007379839489679763,0.03898504945165061,104.60678084870962,-5.282641920080881,-44.89144129111143,-0.007379839489674146,0.038985049451620936,83.93,-4.756022211684548,-0.0,0.006431648980363738,-0.030589065408368213,83.93,-4.756022211684548,-0.0,0.006431648980362904,-0.030589065408364244,93.94,-5.323254218582704,-0.0,0.0014516591116510284,-0.007727550490040358,93.94,-5.323254218582704,-0.0,0.001451659111654128,-0.007727550490056858
0.14300000000000002,93.1885885462009,-4.75974411669138,-39.90461463916299,-0.013378440822878764,0.06367795499720097,93.1885885462009,-4.75974411669138,-39.90461463916299,-0.013378440822879605,0.06367795499720498,104.30282387739916,-5.327420020516957,-44.6638806053017,-0.007248709357509167,0.03861691935410295,104.30282387739916,-5.327420020516957,-44.6638806053017,-0.0072487093575035935,0.03861691935407325,83.6575,-4.756022211684548,-0.0,0.006613076397109958,-0.03145193823222178,83.6575,-4.756022211684548,-0.0,0.00661307639710911,-0.03145193823221775,93.63499999999999,-5.323254218582704,-0.0,0.0015575185983097493,-0.008291067448973394,93.63499999999999,-5.323254218582704,-0.0,0.0015575185983128085,-0.008291067448989678
0.14400000000000002,92.91473408888012,-4.799545119141819,-39.696612252577445,-0.013122652578974799,0.0629827631356123,92.91473408888012,-4.799545119141819,-39.696612252577445,-0.013122652578975654,0.0629827631356164,103.99630787929702,-5.371967931516532,-44.43107059462797,-0.007116033422133236,0.03822710334329959,103.99630787929702,-5.371967931516532,-44.43107059462797,-0.007116033422127705,0.038227103343269876,83.38499999999999,-4.756022211684548,-0.0,0.006794354228021312,-0.03231409962252218,83.38499999999999,-4.756022211684548,-0.0,0.006794354228020449,-0.03231409962251807,93.32999999999998,-5.323254218582704,-0.0,0.0016633339496129195,-0.008854349464188805,93.32999999999998,-5.323254218582704,-0.0,0.0016633339496159379,-0.008854349464204873
0.14500000000000002,92.6386052054,-4.839135792483509,-39.48396372691741,-0.012863755344855532,0.062249458915041446,92.6386052054,-4.839135792483509,-39.48396372691741,-0.012863755344856398,0.06224945891504564,103.6872461932,-5.416280428284295,-44.193060318201134,-0.006981823438822697,0.037815513645431925,103.6872461932,-5.416280428284295,-44.193060318201134,-0.006981823438817211,0.037815513645402206,83.1125,-4.756022211684548,-0.0,0.006975478372646796,-0.033175530077433346,83.1125,-4.756022211684548,-0.0,0.0069754783726459196,-0.033175530077429176,93.02499999999999,-5.323254218582704,-0.0,0.0017691021670742488,-0.009417380573981799,93.02499999999999,-5.323254218582704,-0.0,0.0017691021670772269,-0.009417380573997653
0.14600000000000002,92.36021407941426,-4.878511512493128,-39.26671289368357,-0.012601776882742556,0.06147791360032933,92.36021407941426,-4.878511512493128,-39.26671289368357,-0.012601776882743434,0.06147791360033361,103.37565245585817,-5.460352335084052,-43.94989883513206,-0.0068460914185510795,0.03738207126348428,103.37565245585817,-5.460352335084052,-43.94989883513206,-0.006846091418545638,0.03738207126345457,82.84,-4.756022211684548,-0.0,0.007156444734011768,-0.034036210111652886,82.84,-4.756022211684548,-0.0,0.007156444734010878,-0.03403621011164865,92.72,-5.323254218582704,-0.0,0.0018748202535430912,-0.009980144823757555,92.72,-5.323254218582704,-0.0,0.001874820253546028,-0.009980144823773188
0.14700000000000002,92.0795731582695,-4.917667698778852,-39.04490358437659,-0.012336745347579836,0.06066801410385365,92.0795731582695,-4.917667698778852,-39.04490358437659,-0.012336745347580726,0.06066801410385802,103.06154059916402,-5.504178525238715,-43.70163520453159,-0.006708849629334615,0.036926706058839305,103.06154059916402,-5.504178525238715,-43.70163520453159,-0.006708849629329217,0.036926706058809586,82.5675,-4.756022211684548,-0.0,0.007337249218710588,-0.03489612025685265,82.5675,-4.756022211684548,-0.0,0.007337249218709683,-0.034896120256848344,92.41499999999999,-5.323254218582704,-0.0,0.0019804852132893577,-0.01054262626648324,92.41499999999999,-5.323254218582704,-0.0,0.0019804852132922534,-0.010542626266498654
0.14800000000000002,91.79669515049369,-4.956599814780358,-38.81857963049724,-0.012068689287457104,0.05981966308685157,91.79669515049369,-4.956599814780358,-38.81857963049724,-0.012068689287458006,0.05981966308685604,102.74492484734157,-5.547753921130308,-43.448318485510676,-0.006570110597478822,0.03644935682942293,102.74492484734157,-5.547753921130308,-43.448318485510676,-0.006570110597473469,0.03644935682939323,82.295,-4.756022211684548,-0.0,0.0075178877369992,-0.03575524106211908,82.295,-4.756022211684548,-0.0,0.0075178877369982845,-0.03575524106211472,92.10999999999999,-5.323254218582704,-0.0,0.0020860940520884023,-0.011104808963139876,92.10999999999999,-5.323254218582704,-0.0,0.002086094052091256,-0.011104808963155065
0.149,91.51159302328493,-4.995303367768821,-38.58778486354622,-0.011797637643893213,0.05893277905425598,91.51159302328493,-4.995303367768821,-38.58778486354622,-0.011797637643894127,0.058932779054260545,102.42581971413543,-5.591073494199963,-43.18999773718017,-0.006429887108728466,0.03594997138430976,102.42581971413543,-5.591073494199963,-43.18999773718017,-0.006429887108723159,0.03594997138428009,82.02250000000001,-4.756022211684548,-0.0,0.007698356202887675,-0.0366135530943933,82.02250000000001,-4.756022211684548,-0.0,0.007698356202886744,-0.03661355309438887,91.805,-5.323254218582704,-0.0,0.0021916437773058677,-0.011666676983173993,91.805,-5.323254218582704,-0.0,0.0021916437773086815,-0.011666676983188972
0.15,91.22428000000002,-5.033773908846926,-38.352563115024196,-0.011523619751975855,0.05800729644296914,91.22428000000002,-5.033773908846926,-38.352563115024196,-0.011523619751976783,0.05800729644297382,102.10424,-5.634132264947935,-42.926722018650935,-0.0062881922093177695,0.03542850661471148,102.10424,-5.634132264947935,-42.926722018650935,-0.006288192209312506,0.03542850661468183,81.75,-4.756022211684548,-0.0,0.007878650534232642,-0.037471036938910775,81.75,-4.756022211684548,-0.0,0.007878650534231696,-0.03747103693890628,91.5,-5.323254218582704,-0.0,0.0022971313979825306,-0.01222821440494929,91.5,-5.323254218582704,-0.0,0.0022971313979853044,-0.012228214404964056
0.151,90.93476955764307,-5.072007032948846,-38.1129582164319,-0.01124666534035356,0.05704316570349528,90.93476955764307,-5.072007032948846,-38.1129582164319,-0.0112466653403545,0.05704316570350004,101.78020078928857,-5.6769253029335704,-42.65854038903386,-0.00614503920691766,0.0348849285612697,101.78020078928857,-5.6769253029335704,-42.65854038903386,-0.006145039206912447,0.03488492856124011,81.4775,-4.756022211684548,-0.0,0.00805876665282955,-0.038327673199640075,81.4775,-4.756022211684548,-0.0,0.008058766652828592,-0.03832767319963552,91.19500000000001,-5.323254218582704,-0.0,0.0024025539249189877,-0.012789405316197435,91.19500000000001,-5.323254218582704,-0.0,0.0024025539249217204,-0.012789405316211982
0.152,90.6430754243543,-5.109998378840265,-37.86901399926996,-0.010966804531076508,0.05604035337485903,90.6430754243543,-5.109998378840265,-37.86901399926996,-0.01096680453107746,0.05604035337486389,101.45371744744241,-5.719447726775343,-42.385501907439775,-0.006000441671477006,0.0343192124775772,101.45371744744241,-5.719447726775343,-42.385501907439775,-0.006000441671471841,0.03431921247754766,81.205,-4.756022211684548,-0.0,0.008238700484505018,-0.03918344249972211,81.205,-4.756022211684548,-0.0,0.008238700484504043,-0.039183442499717475,90.89,-5.323254218582704,-0.0,0.002507908370760413,-0.013350233814469245,90.89,-5.323254218582704,-0.0,0.002507908370763103,-0.013350233814483565
0.153,90.3492115768985,-5.147743629118364,-37.62077429503918,-0.010684067839282422,0.05499884215273449,90.3492115768985,-5.147743629118364,-37.62077429503918,-0.010684067839283386,0.05499884215273945,101.12480561817996,-5.761694704150829,-42.107655632979636,-0.005854413435954707,0.03373134288984969,101.12480561817996,-5.761694704150829,-42.107655632979636,-0.005854413435949591,0.033731342889820215,80.9325,-4.756022211684548,-0.0,0.008418447959208892,-0.040038325481907944,80.9325,-4.756022211684548,-0.0,0.008418447959207907,-0.04003832548190325,90.58500000000001,-5.323254218582704,-0.0,0.00261319175008118,-0.013910684007585161,90.58500000000001,-5.323254218582704,-0.0,0.0026131917500838305,-0.013910684007599271
0.154,90.05319223815374,-5.185238510211823,-37.36828293524021,-0.01039848617272388,0.05391863095071302,90.05319223815374,-5.185238510211823,-37.36828293524021,-0.010398486172724857,0.05391863095071808,100.79348122068583,-5.803661451796719,-41.825050624764266,-0.005706968596939744,0.0331213136526736,100.79348122068583,-5.803661451796719,-41.825050624764266,-0.005706968596934675,0.03312131365264418,80.66,-4.756022211684548,-0.0,0.008598005011106412,-0.04089230280899714,80.66,-4.756022211684548,-0.0,0.00859800501110541,-0.04089230280899238,90.28,-5.323254218582704,-0.0,0.00271840107946949,-0.01447074001408574,90.28,-5.323254218582704,-0.0,0.002718401079472098,-0.014470740014099622
0.155,89.75503187460001,-5.222478792380822,-37.111583751373765,-0.010110090831134087,0.05279973495464157,89.75503187460001,-5.222478792380822,-37.111583751373765,-0.010110090831135076,0.05279973495464673,100.4597604468,-5.8453432355088095,-41.53773594190458,-0.0055581215151562745,0.0324891280007547,100.4597604468,-5.8453432355088095,-41.53773594190458,-0.005558121515151256,0.03248912800072537,80.3875,-4.756022211684548,-0.0,0.008777367578670075,-0.041745355164274696,80.3875,-4.756022211684548,-0.0,0.008777367578669058,-0.04174535516426986,89.975,-5.323254218582704,-0.0,0.002823533377611871,-0.015030385963681465,89.975,-5.323254218582704,-0.0,0.0028235333776144367,-0.015030385963695122
0.156,89.45474519380787,-5.259460289717046,-36.85072057494053,-0.00981891350542729,0.05164218566996123,89.45474519380787,-5.259460289717046,-36.85072057494053,-0.009818913505428293,0.051642185669966506,100.12365975820697,-5.886735370142015,-41.245760643511424,-0.0054078868158509135,0.03183479859659425,100.12365975820697,-5.886735370142015,-41.245760643511424,-0.0054078868158459435,0.03183479859656499,80.11500000000001,-4.756022211684548,-0.0,0.008956531604771587,-0.04259746325194832,80.11500000000001,-4.756022211684548,-0.0,0.00895653160477056,-0.042597463251943433,89.67,-5.323254218582704,-0.0,0.0029285856653777074,-0.015589605997702717,89.67,-5.323254218582704,-0.0,0.002928585665380233,-0.015589605997716163
0.157,89.15234714192711,-5.296178860143682,-36.58573723744126,-0.009524986276731012,0.05044603096198146,89.15234714192711,-5.296178860143682,-36.58573723744126,-0.009524986276732025,0.05044603096198683,99.78519588362482,-5.927833219610359,-40.949173788695724,-0.005256279389059423,0.03115834757401969,99.78519588362482,-5.927833219610359,-40.949173788695724,-0.005256279389054503,0.031158347573990525,79.8425,-4.756022211684548,-0.0,0.0091354930367736,-0.04344860779758476,79.8425,-4.756022211684548,-0.0,0.009135493036772559,-0.04344860779757981,89.365,-5.323254218582704,-0.0,0.003033554965903614,-0.016148384269548923,89.365,-5.323254218582704,-0.0,0.003033554965906098,-0.01614838426956215
0.158,88.8478529011753,-5.332630405415408,-36.316677570376605,-0.009228341615246693,0.04921133508902485,88.8478529011753,-5.332630405415408,-36.316677570376605,-0.00922834161524772,0.04921133508903033,99.44438581599437,-5.96863219688697,-40.648024436568306,-0.005103314389750115,0.030459806577499117,99.44438581599437,-5.96863219688697,-40.648024436568306,-0.005103314389745246,0.030459806577470053,79.57,-4.756022211684548,-0.0,0.009314247826621384,-0.04429876954854583,79.57,-4.756022211684548,-0.0,0.009314247826620329,-0.04429876954854081,89.05999999999999,-5.323254218582704,-0.0,0.003138438304677831,-0.016706704945137815,89.05999999999999,-5.323254218582704,-0.0,0.0031384383046802735,-0.016706704945150818
0.159,88.54127788732654,-5.368810871118413,-36.04358540524729,-0.008929012378936202,0.04793817872838356,88.54127788732654,-5.368810871118413,-36.04358540524729,-0.008929012378937243,0.04793817872838915,99.10124680966823,-6.009127764004095,-40.342361646240086,-0.004949007237841448,0.029739216797170263,99.10124680966823,-6.009127764004095,-40.342361646240086,-0.004949007237836631,0.029739216797141314,79.2975,-4.756022211684548,-0.0,0.009492791930934375,-0.04514792927442374,79.2975,-4.756022211684548,-0.0,0.009492791930933308,-0.045147929274418665,88.755,-5.323254218582704,-0.0,0.0032432327096244768,-0.017264552203353913,88.755,-5.323254218582704,-0.0,0.003243232709626878,-0.017264552203366694
0.16,88.23263774719999,-5.404716246670381,-35.76650457355397,-0.008627031812030882,0.04662665899502552,88.23263774719999,-5.404716246670381,-35.76650457355397,-0.008627031812031935,0.04662665899503121,98.75579637759999,-6.049315432053086,-40.03223447682188,-0.004793373618091153,0.028996628999514946,98.75579637759999,-6.049315432053086,-40.03223447682188,-0.004793373618086388,0.02899662899948612,79.02499999999999,-4.756022211684548,-0.0,0.009671121311097685,-0.045996067767476376,79.02499999999999,-4.756022211684548,-0.0,0.009671121311096601,-0.04599606776747122,88.44999999999999,-5.323254218582704,-0.0,0.0033479352111878006,-0.017821910236497037,88.44999999999999,-5.323254218582704,-0.0,0.003347935211190159,-0.01782191023650959
0.161,87.92194835614868,-5.4403425653205,-35.485478906797425,-0.008322433543360982,0.04527688945299786,87.92194835614868,-5.4403425653205,-35.485478906797425,-0.008322433543362047,0.045276889453003656,98.40805228853337,-6.089190761184413,-39.717691987424644,-0.004636429479854651,0.028232103553613993,98.40805228853337,-6.089190761184413,-39.717691987424644,-0.0046364294798499385,0.028232103553585297,78.7525,-4.756022211684548,-0.0,0.00984923193335339,-0.04684316584306146,78.7525,-4.756022211684548,-0.0,0.009849231933352293,-0.04684316584305625,88.145,-5.323254218582704,-0.0,0.0034525428424162993,-0.018378763250730085,88.145,-5.323254218582704,-0.0,0.003452542842418616,-0.01837876325074242
0.162,87.6092258155479,-5.475685904149456,-35.20055223647836,-0.008015251584502177,0.04388900011947016,87.6092258155479,-5.475685904149456,-35.20055223647836,-0.008015251584503252,0.04388900011947605,98.05803256419122,-6.128749360607648,-39.398783237159265,-0.004478191036710145,0.0274457104529162,98.05803256419122,-6.128749360607648,-39.398783237159265,-0.004478191036705485,0.027445710452887642,78.48,-4.756022211684548,-0.0,0.010027119768891828,-0.04768920434007076,78.48,-4.756022211684548,-0.0,0.010027119768890718,-0.04768920434006548,87.83999999999999,-5.323254218582704,-0.0,0.003557052639046824,-0.018935095466526747,87.83999999999999,-5.323254218582704,-0.0,0.003557052639049098,-0.01893509546653885
0.163,87.2944864502841,-5.510742384069435,-34.91176839409741,-0.007705520327737444,0.04246313746137134,87.2944864502841,-5.510742384069435,-34.91176839409741,-0.0077055203277385355,0.04246313746137735,97.70575547646476,-6.167986888591478,-39.07555728513654,-0.004318674765948442,0.026637529332460858,97.70575547646476,-6.167986888591478,-39.07555728513654,-0.004318674765943837,0.026637529332432453,78.20750000000001,-4.756022211684548,-0.0,0.010204780793942698,-0.04853416412136335,78.20750000000001,-4.756022211684548,-0.0,0.010204780793941578,-0.04853416412135802,87.535,-5.323254218582704,-0.0,0.0036614616395885457,-0.019490891119118472,87.535,-5.323254218582704,-0.0,0.0036614616395907783,-0.019490891119130355
0.164,86.97774680624333,-5.545508169824129,-34.619171211155276,-0.0073932745438316,0.040999464384570895,86.97774680624333,-5.545508169824129,-34.619171211155276,-0.007393274543832702,0.04099946438457701,97.35123954460262,-6.2068990524637035,-38.74806319046737,-0.00415789740792517,0.025807649481492025,97.35123954460262,-6.2068990524637035,-38.74806319046737,-0.00415789740792062,0.025807649481463784,77.935,-4.756022211684548,-0.0,0.010382210989866102,-0.0493780260741986,77.935,-4.756022211684548,-0.0,0.010382210989864967,-0.0493780260741932,87.22999999999999,-5.323254218582704,-0.0,0.003765766885406907,-0.020046134458941368,87.22999999999999,-5.323254218582704,-0.0,0.0037657668854090953,-0.020046134458953018
0.165,86.6590236478,-5.579979469988727,-34.32280451915273,-0.007078549379616354,0.03949816021556069,86.6590236478,-5.579979469988727,-34.32280451915273,-0.007078549379617469,0.039498160215566916,96.9945035324,-6.245481608611235,-38.41635001226269,-0.003995875965273387,0.024956169851406602,96.9945035324,-6.245481608611235,-38.41635001226269,-0.00399587596526889,0.02495616985137852,77.66250000000001,-4.756022211684548,-0.0,0.01055940634324339,-0.05022077111066828,77.66250000000001,-4.756022211684548,-0.0,0.01055940634324224,-0.0502207711106628,86.925,-5.323254218582704,-0.0,0.0038699654208074257,-0.02060080975208232,86.925,-5.323254218582704,-0.0,0.003869965420809574,-0.020600809752093757
0.166,86.33833395530546,-5.614152536969915,-34.022712149590426,-0.006761380355383838,0.03795942067559672,86.33833395530546,-5.614152536969915,-34.022712149590426,-0.006761380355384967,0.03795942067560305,96.63556644538775,-6.283730362480088,-38.08046680963332,-0.003832627701974615,0.024083199058980174,96.63556644538775,-6.283730362480088,-38.08046680963332,-0.003832627701970174,0.02408319905895227,77.39,-4.756022211684548,-0.0,0.010736362845968028,-0.05106238016812867,77.39,-4.756022211684548,-0.0,0.010736362845966864,-0.05106238016812313,86.61999999999999,-5.323254218582704,-0.0,0.003974054293119493,-0.02115490128072505,86.61999999999999,-5.323254218582704,-0.0,0.0039740542931215985,-0.021154901280736257
0.167,86.0156949225767,-5.648023667005889,-33.71893793396909,-0.006441803362087041,0.03638345784726572,86.0156949225767,-5.648023667005889,-33.71893793396909,-0.006441803362088183,0.03638345784727216,96.27444752802162,-6.321641168575398,-37.74046264169017,-0.0036681701422866,0.023188855384818047,96.27444752802162,-6.321641168575398,-37.74046264169017,-0.0036681701422822135,0.023188855384790315,77.11749999999999,-4.756022211684548,-0.0,0.01091307649533617,-0.05190283420963139,77.11749999999999,-4.756022211684548,-0.0,0.010913076495334992,-0.051902834209625784,86.315,-5.323254218582704,-0.0,0.004078030552779995,-0.021708393343595266,86.315,-5.323254218582704,-0.0,0.0040780305527820596,-0.021708393343606257
0.168,85.69112395438488,-5.681589200166332,-33.411525703789394,-0.0061198546583448536,0.03477050013343974,85.69112395438488,-5.681589200166332,-33.411525703789394,-0.006119854658346009,0.034770500133446305,95.91116626087116,-6.359209930461399,-37.39638656754409,-0.0035025210695258297,0.02227326676697894,95.91116626087116,-6.359209930461399,-37.39638656754409,-0.003502521069521502,0.022273266766951415,76.84499999999998,-4.756022211684548,-0.0,0.011089543294137277,-0.05274211422435432,76.84499999999998,-4.756022211684548,-0.0,0.011089543294136087,-0.05274211422434866,86.00999999999999,-5.323254218582704,-0.0,0.00418189125341694,-0.02226127025640584,86.00999999999999,-5.323254218582704,-0.0,0.004181891253418961,-0.0222612702564166
0.169,85.3646386639441,-5.714845520352446,-33.10051929055207,-0.005795570867250839,0.0331207922085936,85.3646386639441,-5.714845520352446,-33.10051929055207,-0.005795570867252009,0.033120792208600286,95.545742357809,-6.396432600761453,-37.04828764630599,-0.003335698524703475,0.02133657078972519,95.545742357809,-6.396432600761453,-37.04828764630599,-0.003335698524699204,0.021336570789697872,76.5725,-4.756022211684548,-0.0,0.011265759250744458,-0.05358020122803132,76.5725,-4.756022211684548,-0.0,0.011265759250743254,-0.053580201228025585,85.705,-5.323254218582704,-0.0,0.00428563345193291,-0.02281351635230102,85.705,-5.323254218582704,-0.0,0.00428563345193489,-0.02281351635231156
0.17,85.03625687040001,-5.747789055296921,-32.785962525757824,-0.005468988972983733,0.031434594962455445,85.03625687040001,-5.747789055296921,-32.785962525757824,-0.005468988972984912,0.031434594962462224,95.1781957632,-6.433305181158022,-36.69621493708674,-0.0031677208050130594,0.020378914667352574,95.1781957632,-6.433305181158022,-36.69621493708674,-0.0031677208050088458,0.020378914667325467,76.3,-4.756022211684548,-0.0,0.011441720379204856,-0.05441707626338204,76.3,-4.756022211684548,-0.0,0.01144172037920364,-0.05441707626337626,85.39999999999999,-5.323254218582704,-0.0,0.0043892542085884985,-0.023365115982300615,85.39999999999999,-5.323254218582704,-0.0,0.004389254208590436,-0.02336511598231093
0.171,84.70599659631827,-5.780416276563943,-32.46789924090735,-0.005140146317218708,0.029712185435971226,84.70599659631827,-5.780416276563943,-32.46789924090735,-0.0051401463172199005,0.02971218543597812,94.80854664909018,-6.46982372239267,-36.34021749899722,-0.002998606462168554,0.01940045522305807,94.80854664909018,-6.46982372239267,-36.34021749899722,-0.0029986064621643975,0.019400455223031177,76.0275,-4.756022211684548,-0.0,0.011617422699329692,-0.05525272040054027,76.0275,-4.756022211684548,-0.0,0.01161742269932846,-0.055252720400534416,85.095,-5.323254218582704,-0.0,0.0044927505870855705,-0.023916053515743184,85.095,-5.323254218582704,-0.0,0.004492750587087464,-0.023916053515753263
0.17200000000000001,84.3738760651735,-5.812723699549216,-32.14637326750132,-0.004809080595338443,0.02795385674956602,84.3738760651735,-5.812723699549216,-32.14637326750132,-0.004809080595339651,0.02795385674957304,94.43681541239602,-6.505984324266095,-35.980344391148265,-0.0028283743005916755,0.01840135886280652,94.43681541239602,-6.505984324266095,-35.980344391148265,-0.0028283743005875777,0.01840135886277986,75.755,-4.756022211684548,-0.0,0.011792862236784392,-0.056087114737482485,75.755,-4.756022211684548,-0.0,0.011792862236783148,-0.05608711473747657,84.78999999999999,-5.323254218582704,-0.0,0.0045961196546505136,-0.02446631334072923,84.78999999999999,-5.323254218582704,-0.0,0.0045961196546523645,-0.024466313340739083
0.17300000000000001,84.0399136988377,-5.844707883479929,-31.821428437040485,-0.004475829852442799,0.026159918023687237,84.0399136988377,-5.844707883479929,-31.821428437040485,-0.00447582985244402,0.026159918023694367,94.06302267209357,-6.541783135638085,-35.616644672650814,-0.0026570433754472744,0.017381801544159872,94.06302267209357,-6.541783135638085,-35.616644672650814,-0.0026570433754432342,0.017381801544133442,75.4825,-4.756022211684548,-0.0,0.011968035023178426,-0.05692024040045519,75.4825,-4.756022211684548,-0.0,0.011968035023177169,-0.056920240400449205,84.485,-5.323254218582704,-0.0,0.004699358482117299,-0.025015879864563325,84.485,-5.323254218582704,-0.0,0.004699358482119106,-0.025015879864572942
0.17400000000000002,83.70412811506891,-5.876365431414777,-31.493108581025545,-0.004140432479156429,0.024330694291621824,83.70412811506891,-5.876365431414777,-31.493108581025545,-0.004140432479157661,0.02433069429162906,93.68718926640742,-6.577216354427548,-35.24916740261575,-0.0024846329905256434,0.016341968740035486,93.68718926640742,-6.577216354427548,-35.24916740261575,-0.0024846329905216626,0.016341968740009306,75.21,-4.756022211684548,-0.0,0.01214293709615512,-0.057752078544402015,75.21,-4.756022211684548,-0.0,0.012142937096153848,-0.057752078544395964,84.17999999999999,-5.323254218582704,-0.0,0.004802464144010529,-0.025564737514196228,84.17999999999999,-5.323254218582704,-0.0,0.0048024641440122945,-0.025564737514205623
0.17500000000000002,83.366538125,-5.907692990243962,-31.161457530957165,-0.003802927207234006,0.022466526404584387,83.366538125,-5.907692990243962,-31.161457530957165,-0.0038029272072352526,0.02246652640459175,93.30933625,-6.612280227612508,-34.877961640153885,-0.0023111626959711608,0.015282055397365723,93.30933625,-6.612280227612508,-34.877961640153885,-0.0023111626959672394,0.015282055397339794,74.9375,-4.756022211684548,-0.0,0.012317564499481222,-0.05858261035338975,74.9375,-4.756022211684548,-0.0,0.01231756449947994,-0.058582610353383656,83.875,-5.323254218582704,-0.0,0.004905433718628294,-0.02611287073666591,83.875,-5.323254218582704,-0.0,0.004905433718630018,-0.026112870736675085
0.17600000000000002,83.02716273062705,-5.938687250689176,-30.82651911833605,-0.0034633531049622704,0.020567770929074206,83.02716273062705,-5.938687250689176,-30.82651911833605,-0.0034633531049635315,0.020567770929081696,92.92948489116056,-6.646971051230086,-34.50307644437613,-0.0021366522858562668,0.014202265890631196,92.92948489116056,-6.646971051230086,-34.50307644437613,-0.0021366522858524083,0.014202265890605548,74.665,-4.756022211684548,-0.0,0.012491913283136459,-0.059411817041034244,74.665,-4.756022211684548,-0.0,0.012491913283135163,-0.05941181704102808,83.57,-5.323254218582704,-0.0,0.005008264288125005,-0.026660263999538535,83.57,-5.323254218582704,-0.0,0.005008264288126685,-0.02666026399954748
0.17700000000000002,82.6860211222983,-5.969344947303617,-30.488337174662938,-0.0031217495723591202,0.018634800036509143,82.6860211222983,-5.969344947303617,-30.488337174662938,-0.0031217495723603935,0.018634800036516744,92.54765666899442,-6.681285170376525,-34.124560874393374,-0.0019611217956003743,0.013102813970246964,92.54765666899442,-6.681285170376525,-34.124560874393374,-0.0019611217955965753,0.013102813970221582,74.3925,-4.756022211684548,-0.0,0.01266597950340284,-0.060239679850925126,74.3925,-4.756022211684548,-0.0,0.01266597950340153,-0.060239679850918895,83.265,-5.323254218582704,-0.0,0.0051109529385940395,-0.02720690179134839,83.265,-5.323254218582704,-0.0,0.005110952938595677,-0.027206901791357107
0.17800000000000002,82.34313267620249,-5.999662858471982,-30.146955531438547,-0.0027781563361692066,0.016668001385142992,82.34313267620249,-5.999662858471982,-30.146955531438547,-0.002778156336170492,0.016668001385150705,92.16387327061194,-6.715218979207172,-33.74246398931653,-0.0017845914992330302,0.011983922705781427,92.16387327061194,-6.715218979207172,-33.74246398931653,-0.001784591499229294,0.011983922705756338,74.11999999999999,-4.756022211684548,-0.0,0.01283975922295388,-0.06106618005705019,74.11999999999999,-4.756022211684548,-0.0,0.012839759222952558,-0.061066180057043895,82.96,-5.323254218582704,-0.0,0.005213496760150344,-0.027752768622037582,82.96,-5.323254218582704,-0.0,0.0052134967601519385,-0.027752768622046068
0.17900000000000002,81.99851695185772,-6.029637806410478,-29.802418020163522,-0.002432613444656612,0.014667777994283931,81.99851695185772,-6.029637806410478,-29.802418020163522,-0.002432613444657913,0.014667777994291776,91.77815658831781,-6.748768920936498,-33.35683484825641,-0.0016070819065012345,0.010845824423994906,91.77815658831781,-6.748768920936498,-33.35683484825641,-0.00160708190649756,0.010845824423970108,73.8475,-4.756022211684548,-0.0,0.013013248510943636,-0.0618912989642188,73.8475,-4.756022211684548,-0.0,0.0130132485109423,-0.06189129896421245,82.655,-5.323254218582704,-0.0,0.0053158928470128635,-0.02829784902339485,82.655,-5.323254218582704,-0.0,0.005315892847014417,-0.028297849023403116
0.18000000000000002,81.65219368959998,-6.059266657166794,-29.454768472338586,-0.0020851612621947246,0.012634548110832321,81.65219368959998,-6.059266657166794,-29.454768472338586,-0.0020851612621960378,0.012634548110840279,91.39052871679998,-6.7819314878380625,-32.96772251032392,-0.001428613759820533,0.009688760641685595,91.39052871679998,-6.7819314878380625,-32.96772251032392,-0.0014286137598169182,0.00968876064166108,73.57499999999999,-4.756022211684548,-0.0,0.013186443443095674,-0.06271501790848509,73.57499999999999,-4.756022211684548,-0.0,0.013186443443094328,-0.06271501790847869,82.35,-5.323254218582704,-0.0,0.005418138297586915,-0.028842127549494057,82.35,-5.323254218582704,-0.0,0.005418138297588423,-0.028842127549502085
0.18100000000000002,81.30418280807187,-6.088546320620138,-29.104050719464453,-0.0017358404636538833,0.010568745068163405,81.30418280807187,-6.088546320620138,-29.104050719464453,-0.0017358404636552069,0.010568745068171464,91.00101195031897,-6.814703221244557,-32.57517603462993,-0.0012492080310699356,0.00851298199333686,91.00101195031897,-6.814703221244557,-32.57517603462993,-0.001249208031066385,0.008512981993312664,73.3025,-4.756022211684548,-0.0,0.01335934010179176,-0.06353731825756972,73.3025,-4.756022211684548,-0.0,0.013359340101790403,-0.06353731825756327,82.045,-5.323254218582704,-0.0,0.005520230214546367,-0.029385588777131655,82.045,-5.323254218582704,-0.0,0.005520230214547833,-0.029385588777139458
0.182,80.9545044017111,-6.117473750481208,-28.75030859304181,-0.0013846920285872834,0.008470817137383282,80.9545044017111,-6.117473750481208,-28.75030859304181,-0.0013846920285886227,0.008470817137391473,90.60962877989684,-6.847080711547774,-32.179244480285334,-0.0010688859182307097,0.007318748153562523,90.60962877989684,-6.847080711547774,-32.179244480285334,-0.001068885918227222,0.007318748153538643,73.03,-4.756022211684548,-0.0,0.01353193457616056,-0.06435818141128175,73.03,-4.756022211684548,-0.0,0.013531934576159185,-0.06435818141127521,81.74000000000001,-5.323254218582704,-0.0,0.005622165704915786,-0.02992821730626396,81.74000000000001,-5.323254218582704,-0.0,0.005622165704917208,-0.029928217306271532
0.183,80.60317873823931,-6.146045944292205,-28.393585924571397,-0.0010317572352164187,0.00634122737099601,80.60317873823931,-6.146045944292205,-28.393585924571397,-0.00103175723521777,0.006341227371004315,90.21640189050638,-6.879060598198614,-31.779976906401014,-0.0008876688418693016,0.006106327754351709,90.21640189050638,-6.879060598198614,-31.779976906401014,-0.0008876688418658772,0.006106327754328153,72.75750000000001,-4.756022211684548,-0.0,0.01370422296216603,-0.06517758880193905,72.75750000000001,-4.756022211684548,-0.0,0.013704222962164642,-0.06517758880193245,81.435,-5.323254218582704,-0.0,0.005723941880152388,-0.030469997760443415,81.435,-5.323254218582704,-0.0,0.005723941880153768,-0.030469997760450764
0.184,80.25022625615053,-6.174259943426833,-28.033926545553854,-0.0006770776542166426,0.00418045343901922,80.25022625615053,-6.174259943426833,-28.033926545553854,-0.0006770776542180078,0.004180453439027649,89.82135415826022,-6.910639569707097,-31.3774223720878,-0.0007055784414647481,0.004875998297118551,89.82135415826022,-6.910639569707097,-31.3774223720878,-0.0007055784414613893,0.004875998297095339,72.48500000000001,-4.756022211684548,-0.0,0.01387620136269577,-0.06599552189478848,72.48500000000001,-4.756022211684548,-0.0,0.013876201362694369,-0.0659955218947818,81.13000000000001,-5.323254218582704,-0.0,0.005825555856227889,-0.03101091478725429,81.13000000000001,-5.323254218582704,-0.0,0.005825555856229227,-0.03101091478726141
0.185,79.8956675622,-6.202112833090297,-27.671374287489954,-0.00032069514230462226,0.001988987457597217,79.8956675622,-6.202112833090297,-27.671374287489954,-0.00032069514230600137,0.00198898745760577,89.4245086476,-6.941814363642351,-30.971629936456644,-0.0005226365715811517,0.0036280460595668326,89.4245086476,-6.941814363642351,-30.971629936456644,-0.0005226365715778562,0.0036280460595439555,72.2125,-4.756022211684548,-0.0,0.014047865887649159,-0.06681196218842507,72.2125,-4.756022211684548,-0.0,0.014047865887647747,-0.06681196218841835,80.82500000000002,-5.323254218582704,-0.0,0.005927004753710249,-0.031550953058747826,80.82500000000002,-5.323254218582704,-0.0,0.0059270047537115424,-0.03155095305875471
0.186,79.53952342889268,-6.2296017423193,-27.30597298188035,3.734816437150901e-05,-0.00023266418984118012,79.53952342889268,-6.2296017423193,-27.30597298188035,3.7348164370116024e-05,-0.00023266418983250239,89.02588860848539,-6.972581766632611,-30.562648658618368,-0.00033886529788578184,0.0023627659973829308,89.02588860848539,-6.972581766632611,-30.562648658618368,-0.0003388652978825509,0.0023627659973604028,71.94,-4.756022211684548,-0.0,0.014219212654025355,-0.06762689121521058,71.94,-4.756022211684548,-0.0,0.014219212654023927,-0.0676268912152038,80.52000000000001,-5.323254218582704,-0.0,0.00602828569784525,-0.032090097271876505,80.52000000000001,-5.323254218582704,-0.0,0.006028285697846501,-0.03209009727188317
0.187,79.1818147919719,-6.25672384398204,-26.9377664602258,0.00039700985703701626,-0.0024839810388194005,79.1818147919719,-6.25672384398204,-26.9377664602258,0.0003970098570356094,-0.002483981038810598,88.62551747358323,-7.002938614365219,-30.15052759768392,-0.00015428689301375843,0.0010804616407764842,88.62551747358323,-7.002938614365219,-30.15052759768392,-0.00015428689301059386,0.0010804616407543229,71.66749999999999,-4.756022211684548,-0.0,0.01439023778601109,-0.06844029054169101,71.66749999999999,-4.756022211684548,-0.0,0.014390237786009653,-0.06844029054168418,80.215,-5.323254218582704,-0.0,0.006129395818637959,-0.0326283321489277,80.215,-5.323254218582704,-0.0,0.006129395818639165,-0.032628332148934125
0.188,78.8225627479081,-6.283476354778235,-26.56679855402688,0.0007582472612891536,-0.004764428737385751,78.8225627479081,-6.283476354778235,-26.56679855402688,0.0007582472612877363,-0.004764428737376845,88.22341885545677,-7.0328817915866475,-29.735315812764032,3.107616771979996e-05,-0.0002185550141088739,88.22341885545677,-7.0328817915866475,-29.735315812764032,3.1076167722896876e-05,-0.00021855501413065414,71.395,-4.756022211684548,-0.0,0.0145609374150684,-0.0692521417690139,71.395,-4.756022211684548,-0.0,0.014560937415066949,-0.069252141769007,79.91000000000001,-5.323254218582704,-0.0,0.006230332250934061,-0.03316564243795662,79.91000000000001,-5.323254218582704,-0.0,0.006230332250935226,-0.033165642437962814
0.189,78.46178855138733,-6.309856535239084,-26.19311309478443,0.0011210174442870952,-0.007073459246951943,78.46178855138733,-6.309856535239084,-26.19311309478443,0.0011210174442856657,-0.007073459246942923,87.81961654375462,-7.06240823210246,-29.31706236296973,0.00021720121075903846,-0.0015339636188872548,87.81961654375462,-7.06240823210246,-29.31706236296973,0.0002172012107620712,-0.0015339636189086732,71.1225,-4.756022211684548,-0.0,0.01473130768002209,-0.07006242653334423,71.1225,-4.756022211684548,-0.0,0.014731307680020629,-0.07006242653333727,79.605,-5.323254218582704,-0.0,0.0063310921345010466,-0.033702012913218476,79.605,-5.323254218582704,-0.0,0.006331092134502168,-0.033702012913224444
0.19,78.0995136128,-6.335861689727289,-25.816753913999143,0.0014852772221314297,-0.009410511050327095,78.0995136128,-6.335861689727289,-25.816753913999143,0.0014852772221299812,-0.009410511050317916,87.41413450239999,-7.091514918777332,-28.895816307411884,0.0004040653688967568,-0.0028654355916926167,87.41413450239999,-7.091514918777332,-28.895816307411884,0.0004040653688997201,-0.002865435591713631,70.85000000000001,-4.756022211684548,-0.0,0.014901344727147096,-0.07087112650628001,70.85000000000001,-4.756022211684548,-0.0,0.01490134472714562,-0.07087112650627299,79.3,-5.323254218582704,-0.0,0.006431672614109272,-0.03423742837560003,79.3,-5.323254218582704,-0.0,0.0064316726141103505,-0.034237428375605776
0.191,77.73575949572947,-6.361489166437066,-25.437764843171664,0.0018509831674303878,-0.011775009366865777,77.73575949572947,-6.361489166437066,-25.437764843171664,0.0018509831674289254,-0.011775009366856473,87.00699686677977,-7.120198883535064,-28.47162670520131,0.0005916455860125354,-0.004212634240974903,87.00699686677977,-7.120198883535064,-28.47162670520131,0.0005916455860154328,-0.004212634240995533,70.5775,-4.756022211684548,-0.0,0.015071044710255638,-0.07167822339526672,70.5775,-4.756022211684548,-0.0,0.015071044710254151,-0.07167822339525966,78.99499999999999,-5.323254218582704,-0.0,0.006532070839612843,-0.03477187365305013,78.99499999999999,-5.323254218582704,-0.0,0.006532070839613878,-0.03477187365305564
0.192,77.3705479144407,-6.3867363573941205,-25.056189713802663,0.0022180916170505913,-0.014166366374648128,77.3705479144407,-6.3867363573941205,-25.056189713802663,0.0022180916170491203,-0.014166366374638733,86.59822794093363,-7.148457207358556,-28.04454261544885,0.0007799186219580169,-0.005575214894288938,86.59822794093363,-7.148457207358556,-28.04454261544885,0.0007799186219608449,-0.005575214894309155,70.305,-4.756022211684548,-0.0,0.015240403790784202,-0.07248369894401105,70.305,-4.756022211684548,-0.0,0.015240403790782703,-0.07248369894400392,78.69,-5.323254218582704,-0.0,0.006632283966030394,-0.03530533360100972,78.69,-5.323254218582704,-0.0,0.0066322839660313835,-0.03530533360101499
0.193,77.00390073136889,-6.4116006984556595,-24.672072357392942,0.0025865586800493667,-0.01658398143960107,77.00390073136889,-6.4116006984556595,-24.672072357392942,0.002586558680047882,-0.01658398143959155,86.18785219474314,-7.17628702028982,-27.61461309726549,0.0009688610575876045,-0.006952825032030194,86.18785219474314,-7.17628702028982,-27.61461309726549,0.0009688610575903649,-0.006952825032050003,70.03250000000001,-4.756022211684548,-0.0,0.015409418137880422,-0.07328753493289403,70.03250000000001,-4.756022211684548,-0.0,0.015409418137878909,-0.07328753493288684,78.385,-5.323254218582704,-0.0,0.006732309153625718,-0.035837793102841055,78.385,-5.323254218582704,-0.0,0.006732309153626666,-0.035837793102846106
0.194,76.63583995460813,-6.4360796693103905,-24.285456605443166,0.002956340245785871,-0.019027241351466526,76.63583995460813,-6.4360796693103905,-24.285456605443166,0.002956340245784372,-0.01902724135145688,85.77589426112102,-7.2036855014299785,-27.181887209762074,0.0011584492999328184,-0.008345104426067753,85.77589426112102,-7.2036855014299785,-27.181887209762074,0.0011584492999355115,-0.008345104426087152,69.76,-4.756022211684548,-0.0,0.015578083928489694,-0.07408971317938307,69.76,-4.756022211684548,-0.0,0.015578083928488166,-0.0740897131793758,78.08,-5.323254218582704,-0.0,0.006832143567988224,-0.036369237070256,78.08,-5.323254218582704,-0.0,0.0068321435679891285,-0.03636923707026082
0.195,76.2663877354,-6.460170793478533,-23.896386289453996,0.003327391992207794,-0.021495520566515144,76.2663877354,-6.460170793478533,-23.896386289453996,0.0033273919922062814,-0.02149552056650537,85.3623789332,-7.230649878939276,-26.746414012049424,0.0013486595875182535,-0.009751685283219154,85.3623789332,-7.230649878939276,-26.746414012049424,0.0013486595875208778,-0.009751685283238129,69.4875,-4.756022211684548,-0.0,0.015746397347441637,-0.07489021553844308,69.4875,-4.756022211684548,-0.0,0.015746397347440096,-0.07489021553843575,77.77499999999999,-5.323254218582704,-0.0,0.006931784380113246,-0.036899650443743534,77.77499999999999,-5.323254218582704,-0.0,0.006931784380114106,-0.03689965044374811
0.196,75.89556636562226,-6.483871638311789,-23.504905240926156,0.0036996693943102694,-0.02398818145689851,75.89556636562226,-6.483871638311789,-23.504905240926156,0.0036996693943087446,-0.023988181456888625,84.94733116152216,-7.257177430037047,-26.30824256323845,0.0015394679958168843,-0.01117219239350666,84.94733116152216,-7.257177430037047,-26.30824256323845,0.0015394679958194383,-0.011172192393525194,69.215,-4.756022211684548,-0.0,0.01591435458753642,-0.0756890239029471,69.215,-4.756022211684548,-0.0,0.015914354587534867,-0.0756890239029397,77.47,-5.323254218582704,-0.0,0.007031228766482218,-0.03742901819299653,77.47,-5.323254218582704,-0.0,0.007031228766483035,-0.03742901819300088
0.197,75.52339827527749,-6.507179814993371,-23.111057291360407,0.0040731277327637,-0.026504574566529663,75.52339827527749,-6.507179814993371,-23.111057291360407,0.004073127732762159,-0.026504574566519636,84.530776051228,-7.283265481001754,-25.867421922440087,0.0017308504428425616,-0.012606243283131828,84.530776051228,-7.283265481001754,-25.867421922440087,0.0017308504428450479,-0.012606243283149937,68.94250000000001,-4.756022211684548,-0.0,0.016081951849630897,-0.07648612020408595,68.94250000000001,-4.756022211684548,-0.0,0.01608195184962933,-0.07648612020407848,77.165,-5.323254218582704,-0.0,0.007130473909142696,-0.03795732531733776,77.165,-5.323254218582704,-0.0,0.007130473909143471,-0.03795732531734189
0.198,75.14990602998168,-6.530092978537996,-22.7148862722574,0.00444772210270684,-0.029044038873374187,75.14990602998168,-6.530092978537996,-22.7148862722574,0.00444772210270529,-0.029044038873364066,84.11273885924554,-7.308911407170967,-25.424001148765157,0.0019227826948773055,-0.014053448372099672,84.11273885924554,-7.308911407170967,-25.424001148765157,0.0019227826948797233,-0.014053448372117344,68.67,-4.756022211684548,-0.0,0.0162491853427245,-0.07728148641177672,68.67,-4.756022211684548,-0.0,0.016249185342722926,-0.07728148641176923,76.86,-5.323254218582704,-0.0,0.007229516995788195,-0.038484556846144866,76.86,-5.323254218582704,-0.0,0.007229516995788928,-0.03848455684614877
0.199,74.77511232845292,-6.552608827791873,-22.31643601511784,0.004823407422701065,-0.031605902058027845,74.77511232845292,-6.552608827791873,-22.31643601511784,0.0048234074226995,-0.03160590205801758,83.69324499147942,-7.334112632941362,-24.978029301324554,0.002115240372330568,-0.015513411136417207,83.69324499147942,-7.334112632941362,-24.978029301324554,0.002115240372332915,-0.01551341113643442,68.3975,-4.756022211684548,-0.0,0.01641605128404501,-0.07807510453507072,68.3975,-4.756022211684548,-0.0,0.016416051284043418,-0.07807510453506314,76.55499999999998,-5.323254218582704,-0.0,0.007328355219837888,-0.03901069783927462,76.55499999999998,-5.323254218582704,-0.0,0.0073283552198385735,-0.03901069783927827
0.2,74.39904,-6.57472510543272,-21.915750351442377,0.005200138443842111,-0.034189480778454566,74.39904,-6.57472510543272,-21.915750351442377,0.005200138443840533,-0.03418948077844419,83.27231999999998,-7.358866631768732,-24.529555439229078,0.0023081989557280145,-0.01698572827479032,83.27231999999998,-7.358866631768732,-24.529555439229078,0.0023081989557302883,-0.01698572827480705,68.125,-4.756022211684548,-0.0,0.016582545899134105,-0.07886695662256031,68.125,-4.756022211684548,-0.0,0.0165825458991325,-0.07886695662255269,76.24999999999999,-5.323254218582704,-0.0,0.007426985780516108,-0.03953573338748613,76.24999999999999,-5.323254218582704,-0.0,0.007426985780516752,-0.03953573338748956
0.201,74.02171200201106,-6.596439597969747,-21.512873112731807,0.005577869759024877,-0.036794080950749666,74.02171200201106,-6.596439597969747,-21.512873112731807,0.005577869759023284,-0.03679408095073916,82.84998958023256,-7.383170926167973,-24.078628621589726,0.002501633791826713,-0.018469989879734333,82.84998958023256,-7.383170926167973,-24.078628621589726,0.002501633791828918,-0.018469989879750612,67.8525,-4.756022211684548,-0.0,0.016748665421932773,-0.07965702476278522,67.8525,-4.756022211684548,-0.0,0.01674866542193116,-0.07965702476277754,75.94500000000001,-5.323254218582704,-0.0,0.007525405882931765,-0.04005964861286362,75.94500000000001,-5.323254218582704,-0.0,0.007525405882932365,-0.040059648612866816
0.202,73.6431514174423,-6.617750135743671,-21.107848130486804,0.005956555812357173,-0.039418998035791436,73.6431514174423,-6.617750135743671,-21.107848130486804,0.005956555812355573,-0.03941899803578085,82.42627956814643,-7.4070230877131,-23.625297907517336,0.0026955200998539865,-0.0199657796130132,82.42627956814643,-7.4070230877131,-23.625297907517336,0.002695520099856118,-0.019965779613028985,67.58,-4.756022211684548,-0.0,0.01691440609486649,-0.08044529108463752,67.58,-4.756022211684548,-0.0,0.016914406094864866,-0.08044529108462979,75.63999999999999,-5.323254218582704,-0.0,0.007623612738157527,-0.0405824286692379,75.63999999999999,-5.323254218582704,-0.0,0.007623612738158083,-0.04058242866924086
0.203,73.2633814523065,-6.638654592926708,-20.7007192362081,0.006336150908717781,-0.04206351733163603,73.2633814523065,-6.638654592926708,-20.7007192362081,0.006336150908716164,-0.0420635173316253,82.00121593744397,-7.430420737037231,-23.169612356122826,0.0028898329778665618,-0.021472674885313753,82.00121593744397,-7.430420737037231,-23.169612356122826,0.0028898329778686226,-0.021472674885329068,67.3075,-4.756022211684548,-0.0,0.017079764168930166,-0.08123173775776574,67.3075,-4.756022211684548,-0.0,0.017079764168928528,-0.08123173775775795,75.33499999999998,-5.323254218582704,-0.0,0.00772160356330881,-0.041104058742606864,75.33499999999998,-5.323254218582704,-0.0,0.007721603563309323,-0.0411040587426096
0.20400000000000001,72.88242543316171,-6.659150887522577,-20.29153026139627,0.006716609223454154,-0.04472691427150705,72.88242543316171,-6.659150887522577,-20.29153026139627,0.006716609223452523,-0.04472691427149619,81.57482479674981,-7.453361543832608,-22.711621026516926,0.003084547409226895,-0.02299024704006024,81.57482479674981,-7.453361543832608,-22.711621026516926,0.0030845474092288843,-0.02299024704007507,67.035,-4.756022211684548,-0.0,0.017244735903773015,-0.08201634699297847,67.035,-4.756022211684548,-0.0,0.017244735903771364,-0.08201634699297061,75.02999999999999,-5.323254218582704,-0.0,0.007819375581622682,-0.041624524051555534,75.02999999999999,-5.323254218582704,-0.0,0.00781937558162315,-0.041624524051558025
0.20500000000000002,72.5003068046,-6.679236981366494,-19.880325037552158,0.007097884812214778,-0.04740845472722452,72.5003068046,-6.679236981366494,-19.880325037552158,0.007097884812213137,-0.047408454727213556,81.1471323868,-7.475843226850571,-22.25137297781067,0.003279638269193066,-0.02451806154126691,81.1471323868,-7.475843226850571,-22.25137297781067,0.0032796382691949832,-0.024518061541281243,66.7625,-4.756022211684548,-0.0,0.01740931756778312,-0.08279910104264653,66.7625,-4.756022211684548,-0.0,0.017409317567781458,-0.08279910104263863,74.725,-5.323254218582704,-0.0,0.007916926022536538,-0.04214380984767482,74.725,-5.323254218582704,-0.0,0.007916926022536967,-0.0421438098476771
0.20600000000000002,72.11704912673586,-6.698910880125171,-19.467147396176436,0.0074799316209117825,-0.050107395317918246,72.11704912673586,-6.698910880125171,-19.467147396176436,0.0074799316209101276,-0.05010739531790716,80.71816507763097,-7.497863553901567,-21.78891726911491,0.003475080331619094,-0.026055678165326977,80.71816507763097,-7.497863553901567,-21.78891726911491,0.0034750803316209375,-0.0260556781653408,66.49,-4.756022211684548,-0.0,0.01757350543817186,-0.08357998220110456,66.49,-4.756022211684548,-0.0,0.017573505438170184,-0.08357998220109658,74.41999999999999,-5.323254218582704,-0.0,0.008014252121766607,-0.042661901415979475,74.41999999999999,-5.323254218582704,-0.0,0.008014252121766992,-0.04266190141598153
0.20700000000000002,71.7326760726951,-6.7181706332968325,-19.05204116876979,0.007862703495807897,-0.05282298372385696,71.7326760726951,-6.7181706332968325,-19.05204116876979,0.007862703495806228,-0.052822983723845744,80.28794936576882,-7.51942034185517,-21.3243029595405,0.0036708482757615117,-0.027602651196625087,80.28794936576882,-7.51942034185517,-21.3243029595405,0.0036708482757632846,-0.02760265119663842,66.21749999999999,-4.756022211684548,-0.0,0.017737295801058095,-0.08435897280505136,66.21749999999999,-4.756022211684548,-0.0,0.017737295801056405,-0.08435897280504333,74.11499999999998,-5.323254218582704,-0.0,0.008111351121386267,-0.043178784075324994,74.11499999999998,-5.323254218582704,-0.0,0.008111351121386605,-0.04317878407532679
0.20800000000000002,71.34721142610329,-6.737014334211201,-18.63505018683286,0.00824615419372305,-0.055554459005228,71.34721142610329,-6.737014334211201,-18.63505018683286,0.008246154193721367,-0.05555445900521666,79.85651187141835,-7.5405114566400595,-20.857579108198244,0.003866916693188874,-0.0291585296268634,79.85651187141835,-7.5405114566400595,-20.857579108198244,0.003866916693190573,-0.02915852962687621,65.945,-4.756022211684548,-0.0,0.017900684951552177,-0.08513605523394949,65.945,-4.756022211684548,-0.0,0.017900684951550477,-0.08513605523394141,73.80999999999999,-5.323254218582704,-0.0,0.008208220269904217,-0.04369444317882369,73.80999999999999,-5.323254218582704,-0.0,0.00820822026990451,-0.04369444317882525
0.20900000000000002,70.96067907857453,-6.75544012002949,-18.216218281866457,0.008630237392354842,-0.058301051925692585,70.96067907857453,-6.75544012002949,-18.216218281866457,0.008630237392353145,-0.05830105192568112,79.4238793356522,-7.561134813244015,-20.38879477419915,0.004063260094789907,-0.03072285735798114,79.4238793356522,-7.561134813244015,-20.38879477419915,0.004063260094791531,-0.030722857357993426,65.6725,-4.756022211684548,-0.0,0.018063669193839803,-0.08591121191042402,65.6725,-4.756022211684548,-0.0,0.01806366919383809,-0.08591121191041586,73.505,-5.323254218582704,-0.0,0.008304856822342443,-0.04420886411425976,73.505,-5.323254218582704,-0.0,0.008304856822342695,-0.0442088641142611
0.21000000000000002,70.57310302719999,-6.773446171744422,-17.79558928537122,0.009014906700707679,-0.06106198528054157,70.57310302719999,-6.773446171744422,-17.79558928537122,0.009014906700705972,-0.06106198528053001,78.99007861759999,-7.58128837571394,-19.917999016654026,0.004259852917876649,-0.03229517340854935,78.99007861759999,-7.58128837571394,-19.917999016654026,0.0042598529178781985,-0.03229517340856109,65.4,-4.756022211684548,-0.0,0.018226244841265542,-0.08668442530065983,65.4,-4.756022211684548,-0.0,0.018226244841263818,-0.08668442530065162,73.19999999999999,-5.323254218582704,-0.0,0.008401258040314006,-0.0447220323045034,73.19999999999999,-5.323254218582704,-0.0,0.008401258040314212,-0.04472203230450449
0.21100000000000002,70.18450737203666,-6.791030714180223,-17.37320702884786,0.009400115669624473,-0.06383647422926658,70.18450737203666,-6.791030714180223,-17.37320702884786,0.00940011566962275,-0.06383647422925488,78.55513669163737,-7.600970157155845,-19.445240894673752,0.004456669533378126,-0.0338750121235128,78.55513669163737,-7.600970157155845,-19.445240894673752,0.004456669533379604,-0.033875012123524034,65.1275,-4.756022211684548,-0.0,0.018388408216416276,-0.08745567791479844,65.1275,-4.756022211684548,-0.0,0.01838840821641454,-0.0874556779147902,72.89499999999998,-5.323254218582704,-0.0,0.008497421192100611,-0.045233933207923654,72.89499999999998,-5.323254218582704,-0.0,0.008497421192100774,-0.04523393320792452
0.21200000000000002,69.79491631359588,-6.808192015992609,-16.949115343797068,0.009785817802415374,-0.06662372663236268,69.79491631359588,-6.808192015992609,-16.949115343797068,0.00978581780241364,-0.06662372663235087,78.11908064457519,-7.620178219734846,-18.970569467369195,0.0046536842531204915,-0.03546190338715179,78.11908064457519,-7.620178219734846,-18.970569467369195,0.004653684253121893,-0.03546190338716248,64.855,-4.756022211684548,-0.0,0.018550155651204343,-0.08822495230733349,64.855,-4.756022211684548,-0.0,0.01855015565120259,-0.08822495230732516,72.58999999999999,-5.323254218582704,-0.0,0.00859334355273005,-0.04574455231880073,72.58999999999999,-5.323254218582704,-0.0,0.00859334355273017,-0.04574455231880136
0.21300000000000002,69.40435415033208,-6.824928389668807,-16.523358061719673,0.01017196656557737,-0.06942294339217091,69.40435415033208,-6.824928389668807,-16.523358061719673,0.010171966565575626,-0.069422943392159,77.68193767284875,-7.638910674675178,-18.494033793851376,0.004850871337189179,-0.037055372839130275,77.68193767284875,-7.638910674675178,-18.494033793851376,0.004850871337190506,-0.03705537283914041,64.5825,-4.756022211684548,-0.0,0.018711483486950547,-0.08899223107750544,64.5825,-4.756022211684548,-0.0,0.018711483486948788,-0.08899223107749707,72.285,-5.323254218582704,-0.0,0.008689022404053413,-0.04625387516773696,72.285,-5.323254218582704,-0.0,0.008689022404053488,-0.04625387516773736
0.21400000000000002,69.01284527613133,-6.841238191527542,-16.095979014116136,0.010558515399599146,-0.07223331879756936,69.01284527613133,-6.841238191527542,-16.095979014116136,0.01055851539959739,-0.07223331879755736,77.24373507970662,-7.657165682260184,-18.015682933230902,0.005048205001368848,-0.03865494209349577,77.24373507970662,-7.657165682260184,-18.015682933230902,0.0050482050013700985,-0.03865494209350535,64.30999999999999,-4.756022211684548,-0.0,0.018872388074466902,-0.08975749686969516,64.30999999999999,-4.756022211684548,-0.0,0.01887238807446513,-0.08975749686968673,71.97999999999999,-5.323254218582704,-0.0,0.008784455034822095,-0.04676188732206679,71.97999999999999,-5.323254218582704,-0.0,0.008784455034822128,-0.04676188732206697
0.215,68.6204141778,-6.8571198217190314,-15.667022032487411,0.010945417729844076,-0.07505404087230874,68.6204141778,-6.8571198217190314,-15.667022032487411,0.010945417729842304,-0.07505404087229658,76.80450027239999,-7.67494145183231,-17.535565944618934,0.005245659424656084,-0.04026012896048781,76.80450027239999,-7.67494145183231,-17.535565944618934,0.005245659424657264,-0.04026012896049686,64.0375,-4.756022211684548,-0.0,0.019032865774139148,-0.0905207323738164,64.0375,-4.756022211684548,-0.0,0.019032865774137365,-0.09052073237380792,71.675,-5.323254218582704,-0.0,0.008879638740764636,-0.04726857438626576,71.675,-5.323254218582704,-0.0,0.008879638740764624,-0.047268574386265694
0.216,68.22708543255347,-6.872571724225006,-15.236530948334027,0.011332626977506283,-0.07788429172679917,68.22708543255347,-6.872571724225006,-15.236530948334027,0.011332626977504494,-0.07788429172678688,76.36426075937177,-7.692236241793125,-17.05373188712616,0.005443208756840777,-0.04187044767101633,76.36426075937177,-7.692236241793125,-17.05373188712616,0.005443208756841879,-0.0418704476710248,63.765,-4.756022211684548,-0.0,0.01919291295600912,-0.0912819203257075,63.765,-4.756022211684548,-0.0,0.019192912956007325,-0.09128192032569897,71.36999999999999,-5.323254218582704,-0.0,0.008974570824663358,-0.04777392200235848,71.36999999999999,-5.323254218582704,-0.0,0.008974570824663302,-0.047773922002358186
0.217,67.8328837055047,-6.8875923868586915,-14.804549593156704,0.011720096570632227,-0.08072324791313518,67.8328837055047,-6.8875923868586915,-14.804549593156704,0.011720096570630428,-0.0807232479131228,75.92304414744562,-7.7090483596033055,-16.570229819863467,0.0056408271261509735,-0.04348540910365999,75.92304414744562,-7.7090483596033055,-16.570229819863467,0.005640827126152001,-0.04348540910366792,63.49250000000001,-4.756022211684548,-0.0,0.019352525999856842,-0.09204104350752186,63.49250000000001,-4.756022211684548,-0.0,0.019352525999855038,-0.09204104350751327,71.065,-5.323254218582704,-0.0,0.009069248596430775,-0.04827791585032539,71.065,-5.323254218582704,-0.0,0.009069248596430678,-0.04827791585032488
0.218,67.4378337471529,-6.902180341264809,-14.371121798456285,0.012107779955202107,-0.0835700807831561,67.4378337471529,-6.902180341264809,-14.371121798456285,0.0121077799552003,-0.08357008078314362,75.48087813901516,-7.72537616178263,-16.085108801941896,0.005838488646956611,-0.04510452101403712,75.48087813901516,-7.72537616178263,-16.085108801941896,0.005838488646957563,-0.04510452101404448,63.22000000000001,-4.756022211684548,-0.0,0.019511701295282402,-0.09279808474811727,63.22000000000001,-4.756022211684548,-0.0,0.019511701295280584,-0.09279808474810862,70.76,-5.323254218582704,-0.0,0.009163669373185855,-0.04878054164850873,70.76,-5.323254218582704,-0.0,0.009163669373185713,-0.04878054164850797
0.219,67.04196039087213,-6.916334162919594,-13.936291395733289,0.012495630606264236,-0.08642395684932902,67.04196039087213,-6.916334162919594,-13.936291395733289,0.012495630606262412,-0.0864239568493164,75.03779052923304,-7.7412180539100035,-15.59841789247212,0.006036167427527231,-0.046727288266397306,75.03779052923304,-7.7412180539100035,-15.59841789247212,0.006036167427528106,-0.04672728826640408,62.947500000000005,-4.756022211684548,-0.0,0.01967043524178764,-0.09355302692344451,62.947500000000005,-4.756022211684548,-0.0,0.019670435241785814,-0.09355302692343584,70.455,-5.323254218582704,-0.0,0.009257830479330015,-0.049281785154017044,70.455,-5.323254218582704,-0.0,0.009257830479329827,-0.049281785154016045
0.22,66.64528855040001,-6.930052471130771,-13.500102216488514,0.012883602039115405,-0.08928403814823714,66.64528855040001,-6.930052471130771,-13.500102216488514,0.01288360203911357,-0.08928403814822443,74.59380920320001,-7.756572490623431,-15.110206150565125,0.006233837577838484,-0.048353213067276586,74.59380920320001,-7.756572490623431,-15.110206150565125,0.006233837577839286,-0.0483532130672828,62.675,-4.756022211684548,-0.0,0.019828724248857565,-0.09430585295693458,62.675,-4.756022211684548,-0.0,0.019828724248855727,-0.09430585295692584,70.14999999999999,-5.323254218582704,-0.0,0.009351729246622946,-0.04978163216312885,70.14999999999999,-5.323254218582704,-0.0,0.009351729246622713,-0.049781632163127615
0.221,66.24784321732626,-6.943333929037566,-13.06259809222267,0.013271647820521064,-0.09214948260646137,66.24784321732626,-6.943333929037566,-13.06259809222267,0.013271647820519216,-0.09214948260644854,74.14896213315417,-7.771437975620027,-14.620522635331794,0.0064314732174225835,-0.04998179520106098,74.14896213315417,-7.771437975620027,-14.620522635331794,0.006431473217423306,-0.049981795201066596,62.402499999999996,-4.756022211684548,-0.0,0.01998656473604158,-0.09505654581988487,62.402499999999996,-4.756022211684548,-0.0,0.019986564736039727,-0.09505654581987606,69.845,-5.323254218582704,-0.0,0.009445363014258228,-0.05028006851169516,69.845,-5.323254218582704,-0.0,0.009445363014257954,-0.050280068511693705
0.222,65.8496494585815,-6.956177243610712,-12.623822854436462,0.01365972157996795,-0.09501944440863122,65.8496494585815,-6.956177243610712,-12.623822854436462,0.013659721579966096,-0.09501944440861831,73.70327737566002,-7.785813061656026,-14.129416405883012,0.006629048483257443,-0.05161253226729687,73.70327737566002,-7.785813061656026,-14.129416405883012,0.006629048483258089,-0.0516125322673019,62.13,-4.756022211684548,-0.0,0.020143953133034492,-0.09580508853184458,62.13,-4.756022211684548,-0.0,0.020143953133032626,-0.09580508853183571,69.54,-5.323254218582704,-0.0,0.00953872912893874,-0.05077708007554087,69.54,-5.323254218582704,-0.0,0.009538729128938422,-0.050777080075539174
0.223,65.45073241392569,-6.9685811656524335,-12.183820334630516,0.014047777020942696,-0.09789307436742632,65.45073241392569,-6.9685811656524335,-12.183820334630516,0.014047777020940826,-0.09789307436741329,73.25678306879756,-7.79969635054676,-13.636936521329567,0.00682653753768938,-0.05324491991958632,73.25678306879756,-7.79969635054676,-13.636936521329567,0.006826537537689948,-0.053244919919590745,61.85750000000001,-4.756022211684548,-0.0,0.020300885879757237,-0.09655146416099862,61.85750000000001,-4.756022211684548,-0.0,0.020300885879755363,-0.09655146416098971,69.235,-5.323254218582704,-0.0,0.009631824944951822,-0.05127265277086491,69.235,-5.323254218582704,-0.0,0.009631824944951461,-0.05127265277086299
0.224,65.05111729343693,-6.980544489796465,-11.742634364305607,0.01443576793222899,-0.10076952029530159,65.05111729343693,-6.980544489796465,-11.742634364305607,0.014435767932227107,-0.10076952029528843,72.80950742935141,-7.8130864931666855,-13.14313204078242,0.007023914576384026,-0.054878452105902635,72.80950742935141,-7.8130864931666855,-13.14313204078242,0.007023914576384519,-0.054878452105906486,61.585,-4.756022211684548,-0.0,0.020457359426437463,-0.09729565582455084,61.585,-4.756022211684548,-0.0,0.020457359426435576,-0.09729565582454186,68.92999999999999,-5.323254218582704,-0.0,0.009724647824244264,-0.0517667725546394,68.92999999999999,-5.323254218582704,-0.0,0.00972464782424386,-0.05176677255463725
0.225,64.65082937499999,-6.992066054508035,-11.300308774962481,0.01482364819921678,-0.1036479273777128,64.65082937499999,-6.992066054508035,-11.300308774962481,0.014823648199214882,-0.10364792737769954,72.36147874999997,-7.825982189449359,-12.648052023352502,0.007221153836300266,-0.05651262131015979,72.36147874999997,-7.825982189449359,-12.648052023352502,0.007221153836300681,-0.05651262131016304,61.3125,-4.756022211684548,-0.0,0.02061337023368973,-0.09803764668910546,61.3125,-4.756022211684548,-0.0,0.020613370233687832,-0.09803764668909642,68.625,-5.323254218582704,-0.0,0.009817195136497052,-0.05225942542500754,68.625,-5.323254218582704,-0.0,0.009817195136496603,-0.05225942542500515
0.226,64.24989400179507,-7.003144742083883,-10.856887398101753,0.015211371815215998,-0.10652743854761289,64.24989400179507,-7.003144742083883,-10.856887398101753,0.015211371815214089,-0.10652743854759951,71.91272539650457,-7.838382188387465,-12.151745528150585,0.007418229603681739,-0.058146918794867546,71.91272539650457,-7.838382188387465,-12.151745528150585,0.007418229603682078,-0.0581469187948702,61.040000000000006,-4.756022211684548,-0.0,0.020768914772595667,-0.09877741997104833,61.040000000000006,-4.756022211684548,-0.0,0.02076891477259376,-0.09877741997103925,68.32,-5.323254218582704,-0.0,0.009909464259199904,-0.05275059742168042,68.32,-5.323254218582704,-0.0,0.009909464259199413,-0.05275059742167781
0.227,63.84833657978633,-7.0137794786522365,-10.41241406522414,0.015598892892767993,-0.10940719486099038,63.84833657978633,-7.0137794786522365,-10.41241406522414,0.015598892892766074,-0.10940719486097691,71.46327580489844,-7.850285288032778,-11.65426161428757,0.0076151162220605756,-0.05978083484470188,71.46327580489844,-7.850285288032778,-11.65426161428757,0.007615116222060837,-0.05978083484470393,60.7675,-4.756022211684548,-0.0,0.020923989524783755,-0.09951495893692634,60.7675,-4.756022211684548,-0.0,0.02092398952478184,-0.09951495893691724,68.01499999999999,-5.323254218582704,-0.0,0.010001452577725604,-0.053240274626332684,68.01499999999999,-5.323254218582704,-0.0,0.010001452577725068,-0.05324027462632983
0.228,63.44618257521048,-7.023969234172826,-9.96693260783038,0.01598616567494741,-0.11228633587322029,63.44618257521048,-7.023969234172826,-9.96693260783038,0.015986165674945478,-0.11228633587320672,71.01315847867595,-7.86169033549619,-11.155649340874369,0.007811788100267896,-0.061413859010820256,71.01315847867595,-7.86169033549619,-11.155649340874369,0.0078117881002680795,-0.061413859010821706,60.49499999999999,-4.756022211684548,-0.0,0.021078590982508905,-0.10025024690382597,60.49499999999999,-4.756022211684548,-0.0,0.02107859098250697,-0.10025024690381676,67.71,-5.323254218582704,-0.0,0.010093157485404049,-0.0537284431629967,67.71,-5.323254218582704,-0.0,0.010093157485403471,-0.053728443162993626
0.229,63.04345751206573,-7.033713022436891,-9.520486857421163,0.016373144546647136,-0.11516400001599353,63.04345751206573,-7.033713022436891,-9.520486857421163,0.016373144546645197,-0.11516400001597989,70.56240198598182,-7.872596226947713,-10.655957767021851,0.008008219720445523,-0.0630454803557477,70.56240198598182,-7.872596226947713,-10.655957767021851,0.008008219720445627,-0.06304548035574851,60.2225,-4.756022211684548,-0.0,0.021232715648731783,-0.10098326723975044,60.2225,-4.756022211684548,-0.0,0.021232715648729836,-0.10098326723974119,67.40499999999999,-5.323254218582704,-0.0,0.010184576383596157,-0.05421508919845603,67.40499999999999,-5.323254218582704,-0.0,0.010184576383595536,-0.05421508919845272
0.23,62.6401869696,-7.043009901067168,-9.073120645497156,0.016759784045839766,-0.11803932497459703,62.6401869696,-7.043009901067168,-9.073120645497156,0.016759784045837813,-0.11803932497458328,70.1110349568,-7.883001907616462,-10.155235951840853,0.008204385646053677,-0.06467518769866226,70.1110349568,-7.883001907616462,-10.155235951840853,0.008204385646053705,-0.06467518769866248,59.95000000000001,-4.756022211684548,-0.0,0.02138636003719796,-0.10171400336399627,59.95000000000001,-4.756022211684548,-0.0,0.021386360037196003,-0.10171400336398696,67.1,-5.323254218582704,-0.0,0.010275706681767485,-0.05470019894263725,67.1,-5.323254218582704,-0.0,0.010275706681766817,-0.05470019894263369
0.231,62.236396579799845,-7.051858971517879,-8.624877803559107,0.017146038874807378,-0.12091144806530472,62.236396579799845,-7.051858971517879,-8.624877803559107,0.017146038874805408,-0.12091144806529083,69.65908608014294,-7.892906371790653,-9.653532954442303,0.008400260529868761,-0.06630246986090267,69.65908608014294,-7.892906371790653,-9.653532954442303,0.008400260529868711,-0.06630246986090228,59.6775,-4.756022211684548,-0.0,0.021539520672516792,-0.10244243874752836,59.6775,-4.756022211684548,-0.0,0.02153952067251482,-0.10244243874751897,66.79499999999999,-5.323254218582704,-0.0,0.010366545797561643,-0.055183758649000825,66.79499999999999,-5.323254218582704,-0.0,0.010366545797560934,-0.05518375864899704
0.232,61.8321120248791,-7.060259379074777,-8.175802163107681,0.017531863911333257,-0.12377950661265323,61.8321120248791,-7.060259379074777,-8.175802163107681,0.017531863911331276,-0.12377950661263926,69.20658410124082,-7.90230866281764,-9.150897833937037,0.008595819121965961,-0.06792681591152513,69.20658410124082,-7.90230866281764,-9.150897833937037,0.008595819121965834,-0.06792681591152414,59.404999999999994,-4.756022211684548,-0.0,0.02169219409023991,-0.1031685569133533,59.404999999999994,-4.756022211684548,-0.0,0.021692194090237933,-0.1031685569133439,66.48999999999998,-5.323254218582704,-0.0,0.010457091156873457,-0.05566575461493052,66.48999999999998,-5.323254218582704,-0.0,0.010457091156872706,-0.055665754614926524
0.233,61.42735903476728,-7.068210312855092,-7.725937555643614,0.017917214219848022,-0.1266426383263637,61.42735903476728,-7.068210312855092,-7.725937555643614,0.01791721421984603,-0.12664263832634962,68.75355781873034,-7.911207873103864,-8.64737964943597,0.00879103627768112,-0.06954771541273257,68.75355781873034,-7.911207873103864,-8.64737964943597,0.008791036277680915,-0.06954771541273094,59.1325,-4.756022211684548,-0.0,0.02184437683693969,-0.10389234143689262,59.1325,-4.756022211684548,-0.0,0.021844376836937705,-0.10389234143688317,66.18499999999999,-5.323254218582704,-0.0,0.01054734019392193,-0.05614617318212183,66.18499999999999,-5.323254218582704,-0.0,0.010547340193921131,-0.05614617318211758
0.234,61.02216338459852,-7.075711005807564,-7.275327812667638,0.018302045062522608,-0.1294999816776772,61.02216338459852,-7.075711005807564,-7.275327812667638,0.01830204506252061,-0.12949998167766308,68.30003608184421,-7.9196031441148875,-8.143027460050016,0.00898588696554607,-0.07116465866499964,68.30003608184421,-7.9196031441148875,-8.143027460050016,0.00898588696554579,-0.07116465866499742,58.86,-4.756022211684548,-0.0,0.021996065470287388,-0.10461377594635433,58.86,-4.756022211684548,-0.0,0.021996065470285386,-0.10461377594634481,65.88,-5.323254218582704,-0.0,0.01063729035132293,-0.056625000736968883,65.88,-5.323254218582704,-0.0,0.01063729035132209,-0.056625000736964415
0.23500000000000001,60.616550892199996,-7.082760734712428,-6.824016765680352,0.01868631191030164,-0.13235067627487365,60.616550892199996,-7.082760734712428,-6.824016765680352,0.018686311910299628,-0.13235067627485939,67.84604778759997,-7.927493666375377,-7.637890324889936,0.009180346275192298,-0.07277713695171974,67.84604778759997,-7.927493666375377,-7.637890324889936,0.00918034627519194,-0.07277713695171689,58.58749999999999,-4.756022211684548,-0.0,0.02214725655913089,-0.10533284412310281,58.58749999999999,-4.756022211684548,-0.0,0.022147256559128883,-0.10533284412309325,65.57499999999999,-5.323254218582704,-0.0,0.010726939080161684,-0.05710222371095036,65.57499999999999,-5.323254218582704,-0.0,0.010726939080160801,-0.05710222371094566
0.23600000000000002,60.21054741558067,-7.089358820181421,-6.3720482461825325,0.019069970453869038,-0.13519386323773558,60.21054741558067,-7.089358820181421,-6.3720482461825325,0.019069970453867015,-0.13519386323772123,67.39162187798938,-7.934878679469113,-7.132017303066687,0.0093743894252169,-0.0743846427831943,67.39162187798938,-7.934878679469113,-7.132017303066687,0.00937438942521646,-0.0743846427831908,58.31499999999998,-4.756022211684548,-0.0,0.022297946683572434,-0.1060495297020283,58.31499999999998,-4.756022211684548,-0.0,0.022297946683570415,-0.1060495297020187,65.26999999999998,-5.323254218582704,-0.0,0.010816283840064979,-0.05757782858101383,65.26999999999998,-5.323254218582704,-0.0,0.010816283840064052,-0.0575778285810089
0.23700000000000002,59.80417885041991,-7.095504626657785,-5.919466085674937,0.019452976614539604,-0.13802868557073145,59.80417885041991,-7.095504626657785,-5.919466085674937,0.01945297661453757,-0.13802868557071704,66.93678733716723,-7.941757472038988,-6.625457453691214,0.009567991771005773,-0.07598667013979264,66.93678733716723,-7.941757472038988,-6.625457453691214,0.009567991771005254,-0.07598667013978853,58.042500000000004,-4.756022211684548,-0.0,0.022448132435045898,-0.10676381647191463,58.042500000000004,-4.756022211684548,-0.0,0.022448132435043865,-0.10676381647190496,64.96499999999999,-5.323254218582704,-0.0,0.010905322099273158,-0.05805180186995903,64.96499999999999,-5.323254218582704,-0.0,0.010905322099272188,-0.058051801869953866
0.23800000000000002,59.3974711275561,-7.101197562416264,-5.4663141156581805,0.019835286555068863,-0.1408542885346831,59.3974711275561,-7.101197562416264,-5.4663141156581805,0.01983528655506682,-0.14085428853466858,66.48157318864077,-7.948129381787011,-6.1182598358742935,0.009761128812508178,-0.077582714714104,66.48157318864077,-7.948129381787011,-6.1182598358742935,0.009761128812507583,-0.07758271471409928,57.77000000000001,-4.756022211684548,-0.0,0.022597810416393957,-0.1074756882758061,57.77000000000001,-4.756022211684548,-0.0,0.022597810416391917,-0.1074756882757964,64.66,-5.323254218582704,-0.0,0.01099405133471187,-0.05852413014681978,64.66,-5.323254218582704,-0.0,0.01099405133471086,-0.058524130146814395
0.23900000000000002,58.99045021047531,-7.106437079563102,-5.012636167632914,0.020216856690374225,-0.14366982001668877,58.99045021047531,-7.106437079563102,-5.012636167632914,0.02021685669037217,-0.14366982001667417,66.0260084924586,-7.953993795474298,-5.6104735087267485,0.009953776201957348,-0.07917227415190846,66.0260084924586,-7.953993795474298,-5.6104735087267485,0.009953776201956676,-0.07917227415190313,57.497499999999995,-4.756022211684548,-0.0,0.022746977241944896,-0.10818512901137284,57.497499999999995,-4.756022211684548,-0.0,0.022746977241942842,-0.10818512901136307,64.35499999999999,-5.323254218582704,-0.0,0.011082469032063568,-0.05899480002724457,64.35499999999999,-5.323254218582704,-0.0,0.011082469032062512,-0.05899480002723895
0.24000000000000002,58.5831420928,-7.111222674036032,-4.558476073099982,0.02059764369816027,-0.14647443089807272,58.5831420928,-7.111222674036032,-4.558476073099982,0.02059764369815821,-0.14647443089805806,65.5701223424,-7.959350148921063,-5.102147531359612,0.010145909751531592,-0.08075484829179264,65.5701223424,-7.959350148921063,-5.102147531359612,0.01014590975153084,-0.08075484829178665,57.22499999999999,-4.756022211684548,-0.0,0.022895629537589147,-0.1088921226312748,57.22499999999999,-4.756022211684548,-0.0,0.022895629537587087,-0.10889212263126499,64.04999999999998,-5.323254218582704,-0.0,0.011170572685838737,-0.05946379817387579,64.04999999999998,-5.323254218582704,-0.0,0.011170572685837635,-0.059463798173869924
0.24100000000000002,58.175572795777455,-7.115553885604295,-4.103877663560034,0.020977604529441727,-0.14926727542013934,58.175572795777455,-7.115553885604295,-4.103877663560034,0.020977604529439652,-0.14926727542012458,65.11394386316375,-7.964197927006642,-4.593330962883708,0.010337505440950634,-0.08232993940323892,65.11394386316375,-7.964197927006642,-4.593330962883708,0.010337505440949805,-0.08232993940323231,56.95249999999999,-4.756022211684548,-0.0,0.023043763940855715,-0.10959665314352522,56.95249999999999,-4.756022211684548,-0.0,0.02304376394085364,-0.10959665314351535,63.74499999999999,-5.323254218582704,-0.0,0.011258359799446904,-0.05993111129672766,63.74499999999999,-5.323254218582704,-0.0,0.011258359799445759,-0.059931111296721566
0.24200000000000002,57.76776836576868,-7.1194302978686475,-3.6488847705137384,0.021356696418956222,-0.15204751154749976,57.76776836576868,-7.1194302978686475,-3.6488847705137384,0.021356696418954137,-0.15204751154748491,64.65750220755761,-7.968536663669495,-4.084072862409872,0.010528539425001504,-0.08389705242301423,64.65750220755761,-7.968536663669495,-4.084072862409872,0.010528539425000595,-0.08389705242300699,56.68000000000001,-4.756022211684548,-0.0,0.02319137710098812,-0.1102987046118519,56.68000000000001,-4.756022211684548,-0.0,0.023191377100986038,-0.11029870461184199,63.44,-5.323254218582704,-0.0,0.011345827885267395,-0.060396726153562945,63.44,-5.323254218582704,-0.0,0.011345827885266209,-0.06039672615355663
0.24300000000000002,57.35975487173686,-7.12285153826132,-3.1935412254618147,0.021734876895460817,-0.15481430132875348,57.35975487173686,-7.12285153826132,-3.1935412254618147,0.021734876895458718,-0.15481430132873855,64.20082655368712,-7.972365941907165,-3.5744222890490036,0.010718988040988956,-0.08545569518969055,64.20082655368712,-7.972365941907165,-3.5744222890490036,0.010718988040987969,-0.08545569518968268,56.4075,-4.756022211684548,-0.0,0.023338465679020315,-0.11099826115605811,56.4075,-4.756022211684548,-0.0,0.02333846567901822,-0.11099826115604815,63.13499999999999,-5.323254218582704,-0.0,0.011432974464719817,-0.0608606295502681,63.13499999999999,-5.323254218582704,-0.0,0.011432974464718589,-0.060860629550261565
0.24400000000000002,56.951558402736104,-7.125817278046069,-2.7378908599049567,0.02211210379190498,-0.15756681125430452,56.951558402736104,-7.125817278046069,-2.7378908599049567,0.022112103791902864,-0.15756681125428942,63.743946102144996,-7.975685393776334,-3.06442830191197,0.010908827816104838,-0.08700537867612833,63.743946102144996,-7.975685393776334,-3.06442830191197,0.010908827816103774,-0.08700537867611985,56.13499999999999,-4.756022211684548,-0.0,0.023485026347852093,-0.11169530695238139,56.13499999999999,-4.756022211684548,-0.0,0.023485026347849988,-0.11169530695237137,62.829999999999984,-5.323254218582704,-0.0,0.011519797068334284,-0.06132280834122715,62.829999999999984,-5.323254218582704,-0.0,0.011519797068333013,-0.06132280834122038
0.24500000000000002,56.5432050654,-7.128327232318132,-2.2819775053439524,0.02248833525547353,-0.1603042126110919,56.5432050654,-7.128327232318132,-2.2819775053439524,0.022488335255471406,-0.16030421261107677,63.286890073200006,-7.978494700392772,-2.5541399601097448,0.011098035474711417,-0.08854561721975601,63.286890073200006,-7.978494700392772,-2.5541399601097448,0.011098035474710274,-0.0885456172197469,55.8625,-4.756022211684548,-0.0,0.023631055792324406,-0.11238982623385166,55.8625,-4.756022211684548,-0.0,0.02363105579232229,-0.1123898262338416,62.52499999999999,-5.323254218582704,-0.0,0.011606293235821404,-0.061783249429694195,62.52499999999999,-5.323254218582704,-0.0,0.01160629323582009,-0.061783249429687194
0.24600000000000002,56.13472098143025,-7.130381160004257,-1.8258449932793734,0.022863529757492927,-0.16302568183402424,56.13472098143025,-7.130381160004257,-1.8258449932793734,0.022863529757490803,-0.16302568183400912,62.829687703986146,-7.98079359193137,-2.04360632275306,0.011286587945533338,-0.09007592875048231,62.829687703986146,-7.98079359193137,-2.04360632275306,0.011286587945532117,-0.09007592875047256,55.59,-4.756022211684548,-0.0,0.023776550709294353,-0.11308180329064793,55.59,-4.756022211684548,-0.0,0.023776550709292226,-0.11308180329063781,62.22,-5.323254218582704,-0.0,0.011692460516142002,-0.06224193976816462,62.22,-5.323254218582704,-0.0,0.011692460516140644,-0.06224193976815739
0.24700000000000003,55.726132285085505,-7.13197886386269,-1.3695371552119668,0.023237646103193833,-0.16573040085389962,55.726132285085505,-7.13197886386269,-1.3695371552119668,0.023237646103191695,-0.16573040085388438,62.37236824569204,-7.982581847626129,-1.5328764489528435,0.011474462368753012,-0.0915958350160769,62.37236824569204,-7.982581847626129,-1.5328764489528435,0.011474462368751711,-0.09159583501606652,55.317499999999995,-4.756022211684548,-0.0,0.0239215078077099,-0.11377122247045363,55.317499999999995,-4.756022211684548,-0.0,0.023921507807707763,-0.11377122247044345,61.91499999999999,-5.323254218582704,-0.0,0.011778296467576568,-0.06269886635874473,61.91499999999999,-5.323254218582704,-0.0,0.011778296467575167,-0.06269886635873727
0.248,55.31746512066971,-7.133120190483177,-0.9130978226424938,0.023610643441324415,-0.16841755744161038,55.31746512066971,-7.133120190483177,-0.9130978226424938,0.023610643441322268,-0.16841755744159506,61.914960960749575,-7.98385929577016,-1.0219993978200388,0.011661636103004755,-0.09310486180486342,61.914960960749575,-7.98385929577016,-1.0219993978200388,0.01166163610300338,-0.09310486180485243,55.045,-4.756022211684548,-0.0,0.024065923808684282,-0.11445806817881043,55.045,-4.756022211684548,-0.0,0.024065923808682135,-0.11445806817880022,61.61,-5.323254218582704,-0.0,0.011863798657794435,-0.06315401625352006,61.61,-5.323254218582704,-0.0,0.011863798657792992,-0.06315401625351237
0.249,54.908745640020946,-7.1338050302869735,-0.45657082707158003,0.02398248127360724,-0.17108634554842247,54.908745640020946,-7.1338050302869735,-0.45657082707158003,0.023982481273605086,-0.1710863455484071,61.45749512002343,-7.984625813715695,-0.5110242284654382,0.011848086732262302,-0.09460253916556402,61.45749512002343,-7.984625813715695,-0.5110242284654382,0.011848086732260852,-0.09460253916555243,54.772499999999994,-4.756022211684548,-0.0,0.024209795445570215,-0.11514232487947135,54.772499999999994,-4.756022211684548,-0.0,0.024209795445568057,-0.11514232487946109,61.30499999999999,-5.323254218582704,-0.0,0.011948964663922737,-0.06360737655492238,61.30499999999999,-5.323254218582704,-0.0,0.01194896466392125,-0.06360737655491447
0.25,54.5,-7.134033317526822,-0.0,0.024353119464033762,-0.17373596564212782,54.5,-7.134033317526822,-0.0,0.024353119464031597,-0.17373596564211236,61.0,-7.984881327874057,-0.0,0.01203379207261503,-0.0960884016241426,61.0,-7.984881327874057,-0.0,0.012033792072613498,-0.09608840162413038,54.5,-4.756022211684548,-0.0,0.024353119464033762,-0.11582397709475187,54.5,-4.756022211684548,-0.0,0.024353119464031597,-0.11582397709474157,61.0,-5.323254218582704,-0.0,0.01203379207261503,-0.06405893441609506,61.0,-5.323254218582704,-0.0,0.012033792072613498,-0.06405893441608691
0.251,54.09125435997907,-7.133805030286974,0.4565708270715936,0.0247225182479905,-0.17636562503887615,54.09125435997907,-7.133805030286974,0.4565708270715936,0.024722518247988316,-0.17636562503886058,60.542504879976576,-7.984625813715696,0.5110242284654534,0.012218730178928121,-0.09756198839749648,60.542504879976576,-7.984625813715696,0.5110242284654534,0.012218730178926511,-0.09756198839748363,54.227500000000006,-4.756022211684548,-0.0,0.02449589262212797,-0.11650300940588026,54.227500000000006,-4.756022211684548,-0.0,0.024495892622125787,-0.11650300940586988,60.695,-5.323254218582704,-0.0,0.012118278480119702,-0.0645086770412572,60.695,-5.323254218582704,-0.0,0.012118278480118126,-0.06450867704124881
0.252,53.682534879330305,-7.133120190483181,0.9130978226425073,0.02509063824121056,-0.17897453823048845,53.682534879330305,-7.133120190483181,0.9130978226425073,0.02509063824120837,-0.17897453823047285,60.085039039250425,-7.9838592957701655,1.0219993978200541,0.01240287935138187,-0.09902284360384599,60.085039039250425,-7.9838592957701655,1.0219993978200541,0.012402879351380182,-0.09902284360383251,53.955000000000005,-4.756022211684548,-0.0,0.024638111690366164,-0.1171794064533462,53.955000000000005,-4.756022211684548,-0.0,0.02463811169036397,-0.11717940645333577,60.38999999999999,-5.323254218582704,-0.0,0.01220242149234808,-0.06495659168606618,60.38999999999999,-5.323254218582704,-0.0,0.012202421492346465,-0.06495659168605758
0.253,53.27386771491448,-7.131978863862689,1.3695371552119533,0.025457440448544852,-0.181561927207065,53.27386771491448,-7.131978863862689,1.3695371552119533,0.025457440448542656,-0.1815619272070493,59.62763175430795,-7.982581847626128,1.5328764489528284,0.012586218141885555,-0.10047051646967829,59.62763175430795,-7.982581847626128,1.5328764489528284,0.012586218141883791,-0.1004705164696642,53.6825,-4.756022211684548,-0.0,0.024779773451795023,-0.11785315293724821,53.6825,-4.756022211684548,-0.0,0.024779773451792823,-0.11785315293723775,60.084999999999994,-5.323254218582704,-0.0,0.012286218724942278,-0.0654026656579788,60.084999999999994,-5.323254218582704,-0.0,0.012286218724940618,-0.06540266565796996
0.254,52.865279018569716,-7.130381160004259,1.825844993279387,0.025822886272547203,-0.18412702177470316,52.865279018569716,-7.130381160004259,1.825844993279387,0.025822886272544997,-0.18412702177468743,59.17031229601381,-7.980793591931372,2.043606322753075,0.012768725360361433,-0.10190456153310412,59.17031229601381,-7.980793591931372,2.043606322753075,0.012768725360359591,-0.10190456153308942,53.41,-4.756022211684548,-0.0,0.024920874702067348,-0.11852423361763985,53.41,-4.756022211684548,-0.0,0.024920874702065138,-0.11852423361762933,59.779999999999994,-5.323254218582704,-0.0,0.012369667803342737,-0.06584688631661088,59.779999999999994,-5.323254218582704,-0.0,0.012369667803341037,-0.06584688631660182
0.255,52.45679493459997,-7.128327232318128,2.2819775053438986,0.026186937521867605,-0.18666905986814225,52.45679493459997,-7.128327232318128,2.2819775053438986,0.026186937521865385,-0.1866690598681264,58.71310992679996,-7.978494700392766,2.5541399601096844,0.012950380080894363,-0.10332453884348772,58.71310992679996,-7.978494700392766,2.5541399601096844,0.012950380080892446,-0.10332453884347242,53.1375,-4.756022211684548,-0.0,0.025061412249514532,-0.11919263331487433,53.1375,-4.756022211684548,-0.0,0.025061412249512312,-0.11919263331486377,59.475,-5.323254218582704,-0.0,0.012452766362855559,-0.06628924107409565,59.475,-5.323254218582704,-0.0,0.012452766362853813,-0.06628924107408636
0.256,52.048441597263896,-7.125817278046064,2.7378908599049567,0.026549556419448457,-0.1891872878581646,52.048441597263896,-7.125817278046064,2.7378908599049567,0.026549556419446237,-0.18918728785814878,58.256053897855,-7.975685393776328,3.06442830191197,0.013131161647742846,-0.10473001415721853,58.256053897855,-7.975685393776328,3.06442830191197,0.013131161647740855,-0.10473001415720264,52.865,-4.756022211684548,-0.0,0.025201382915218763,-0.11985833690994792,52.865,-4.756022211684548,-0.0,0.025201382915216536,-0.11985833690993733,59.169999999999995,-5.323254218582704,-0.0,0.012535512048719472,-0.06672971739544024,59.169999999999995,-5.323254218582704,-0.0,0.012535512048717683,-0.06672971739543072
0.257,51.640245128263125,-7.12285153826132,3.1935412254618014,0.026910705610518282,-0.19168096085357766,51.640245128263125,-7.12285153826132,3.1935412254618014,0.026910705610516047,-0.19168096085356176,57.79917344631286,-7.972365941907165,3.5744222890489885,0.013311049681207339,-0.10612055912949162,57.79917344631286,-7.972365941907165,3.5744222890489885,0.013311049681205266,-0.10612055912947509,52.592499999999994,-4.756022211684548,-0.0,0.02534078353308493,-0.12052132934484196,52.592499999999994,-4.756022211684548,-0.0,0.02534078353308269,-0.12052132934483131,58.86499999999999,-5.323254218582704,-0.0,0.012617902516172574,-0.06716830279888097,58.86499999999999,-5.323254218582704,-0.0,0.012617902516170745,-0.06716830279887125
0.258,51.232231634231276,-7.119430297868645,3.6488847705137246,0.027270348170377507,-0.19414934299761238,51.232231634231276,-7.119430297868645,3.6488847705137246,0.02727034817037527,-0.19414934299759645,57.342497792442344,-7.968536663669492,4.084072862409857,0.013490024083351598,-0.10749575150197165,57.342497792442344,-7.968536663669492,4.084072862409857,0.013490024083349447,-0.1074957515019545,52.31999999999999,-4.756022211684548,-0.0,0.025479610949912218,-0.12118159562286333,52.31999999999999,-4.756022211684548,-0.0,0.02547961094990997,-0.12118159562285263,58.559999999999995,-5.323254218582704,-0.0,0.01269993543051878,-0.06760498485623705,58.559999999999995,-5.323254218582704,-0.0,0.012699935430516906,-0.06760498485622707
0.259,50.824427204222516,-7.115553885604296,4.103877663560048,0.02762844761197191,-0.19659170775858145,50.824427204222516,-7.115553885604296,4.103877663560048,0.027628447611969656,-0.1965917077585654,56.88605613683621,-7.9641979270066425,4.593330962883723,0.01366806504357335,-0.10885517528621882,56.88605613683621,-7.9641979270066425,4.593330962883723,0.013668065043571126,-0.10885517528620112,52.04750000000001,-4.756022211684548,-0.0,0.025617862025465468,-0.12183912080898386,52.04750000000001,-4.756022211684548,-0.0,0.025617862025463213,-0.12183912080897315,58.255,-5.323254218582704,-0.0,0.012781608467193971,-0.06803975119326272,58.255,-5.323254218582704,-0.0,0.01278160846719206,-0.06803975119325255
0.26,50.41685790719999,-7.111222674036025,4.5584760731000085,0.027984967893248412,-0.19900733821463829,50.41685790719999,-7.111222674036025,4.5584760731000085,0.02798496789324615,-0.1990073382146222,56.42987765759999,-7.959350148921056,5.102147531359642,0.013845153044020432,-0.11019842094275883,56.42987765759999,-7.959350148921056,5.102147531359642,0.013845153044018128,-0.1101984209427405,51.775,-4.756022211684548,-0.0,0.025755533632546197,-0.12249389003017812,51.775,-4.756022211684548,-0.0,0.025755533632543928,-0.12249389003016732,57.949999999999996,-5.323254218582704,-0.0,0.012862919311831889,-0.06847258948999804,57.949999999999996,-5.323254218582704,-0.0,0.012862919311829932,-0.06847258948998762
0.261,50.00954978952466,-7.106437079563092,5.0126361676329285,0.028339873424288713,-0.20139552733248997,50.00954978952466,-7.106437079563092,5.0126361676329285,0.028339873424286444,-0.20139552733247384,55.97399150754137,-7.953993795474285,5.610473508726764,0.014021268864848573,-0.11152508555568233,55.97399150754137,-7.953993795474285,5.610473508726764,0.014021268864846195,-0.1115250855556634,51.50249999999999,-4.756022211684548,-0.0,0.025892622657063297,-0.12314588847575962,51.50249999999999,-4.756022211684548,-0.0,0.02589262265706102,-0.1231458884757488,57.64499999999999,-5.323254218582704,-0.0,0.012943865660329673,-0.06890348748111774,57.64499999999999,-5.323254218582704,-0.0,0.012943865660327675,-0.0689034874811071
0.262,49.602528872443884,-7.101197562416271,5.4663141156581805,0.02869312907421624,-0.20375557823991977,49.602528872443884,-7.101197562416271,5.4663141156581805,0.02869312907421396,-0.2037555782399036,55.51842681135921,-7.948129381787018,6.1182598358742935,0.014196393589317473,-0.11283477300266707,55.51842681135921,-7.948129381787018,6.1182598358742935,0.014196393589315019,-0.11283477300264756,51.23,-4.756022211684548,-0.0,0.026029125998103524,-0.12379510139771609,51.23,-4.756022211684548,-0.0,0.02602912599810124,-0.12379510139770522,57.339999999999996,-5.323254218582704,-0.0,0.013024445218913192,-0.06933243295627899,57.339999999999996,-5.323254218582704,-0.0,0.01302444521891115,-0.06933243295626812
0.263,49.195821149580084,-7.095504626657787,5.919466085674951,0.029044700177871956,-0.20608680449197872,49.195821149580084,-7.095504626657787,5.919466085674951,0.02904470017786967,-0.20608680449196248,55.06321266283275,-7.94175747203899,6.625457453691229,0.014370508608721584,-0.11412709412031527,55.06321266283275,-7.94175747203899,6.625457453691229,0.014370508608719055,-0.11412709412029519,50.9575,-4.756022211684548,-0.0,0.02616504056800163,-0.12444151411104303,50.9575,-4.756022211684548,-0.0,0.02616504056799933,-0.12444151411103209,57.035000000000004,-5.323254218582704,-0.0,0.01310465570420203,-0.06975941376046735,57.035000000000004,-5.323254218582704,-0.0,0.013104655704199945,-0.06975941376045626
0.264,48.78945258441936,-7.08935882018142,6.372048246182613,0.02939455254225531,-0.20838853033072388,48.78945258441936,-7.08935882018142,6.372048246182613,0.029394552542253018,-0.20838853033070762,54.608378122010656,-7.934878679469112,7.132017303066778,0.014543595627152541,-0.11540166686471291,54.608378122010656,-7.934878679469112,7.132017303066778,0.014543595627149934,-0.11540166686469222,50.684999999999995,-4.756022211684548,-0.0,0.0263003632924102,-0.12508511199407585,50.684999999999995,-4.756022211684548,-0.0,0.02630036329240789,-0.12508511199406486,56.73,-5.323254218582704,-0.0,0.013184494843274193,-0.07018441779434126,56.73,-5.323254218582704,-0.0,0.013184494843272065,-0.07018441779432993
0.265,48.383449107800004,-7.082760734712431,6.8240167656804065,0.029742652452725872,-0.21066009093836519,48.383449107800004,-7.082760734712431,6.8240167656804065,0.029742652452723572,-0.2106600909383489,54.1539522124,-7.927493666375382,7.637890324889996,0.014715636666089951,-0.11665811646710943,54.1539522124,-7.927493666375382,7.637890324889996,0.014715636666087268,-0.11665811646708815,50.412499999999994,-4.756022211684548,-0.0,0.02643509111036915,-0.1257258804888204,50.412499999999994,-4.756022211684548,-0.0,0.026435091110366835,-0.1257258804888094,56.42499999999999,-5.323254218582704,-0.0,0.0132639603737305,-0.0706074330145747,56.42499999999999,-5.323254218582704,-0.0,0.013263960373728326,-0.07060743301456314
0.266,47.977836615401465,-7.0757110058075625,7.275327812667679,0.030088966678961968,-0.2129008326837082,47.977836615401465,-7.0757110058075625,7.275327812667679,0.03008896667895966,-0.2129008326836919,53.69996391815576,-7.919603144114886,8.143027460050062,0.014886614068817534,-0.11789607558463223,53.69996391815576,-7.919603144114886,8.143027460050062,0.01488661406881478,-0.11789607558461042,50.14,-4.756022211684548,-0.0,0.026569220974375043,-0.12636380510128267,50.14,-4.756022211684548,-0.0,0.02656922097437272,-0.12636380510127163,56.12,-5.323254218582704,-0.0,0.013343050043758707,-0.07102844743419867,56.12,-5.323254218582704,-0.0,0.013343050043756497,-0.07102844743418692
0.267,47.57264096523269,-7.068210312855092,7.725937555643668,0.03043346248067308,-0.21511011336178196,47.57264096523269,-7.068210312855092,7.725937555643668,0.030433462480670758,-0.21511011336176555,53.246442181269614,-7.911207873103864,8.647379649436031,0.015056510504662009,-0.11911518444595312,53.246442181269614,-7.911207873103864,8.647379649436031,0.01505651050465918,-0.11911518444593074,49.8675,-4.756022211684548,-0.0,0.026702749850449972,-0.1269988714017963,49.8675,-4.756022211684548,-0.0,0.02670274985044764,-0.12699887140178523,55.815000000000005,-5.323254218582704,-0.0,0.013421761612197332,-0.07144744912294085,55.815000000000005,-5.323254218582704,-0.0,0.01342176161219508,-0.07144744912292886
0.268,47.167887975120884,-7.060259379074775,8.175802163107722,0.030776107613062233,-0.21728730242653724,47.167887975120884,-7.060259379074775,8.175802163107722,0.030776107613059912,-0.21728730242652083,52.79341589875916,-7.902308662817638,9.150897833937083,0.015225308973051804,-0.12031509099182239,52.79341589875916,-7.902308662817638,9.150897833937083,0.015225308973048898,-0.12031509099179942,49.59499999999999,-4.756022211684548,-0.0,0.026835674718210207,-0.1276310650253492,49.59499999999999,-4.756022211684548,-0.0,0.026835674718207858,-0.12763106502533805,55.51,-5.323254218582704,-0.0,0.013500092848599137,-0.07186442620756356,55.51,-5.323254218582704,-0.0,0.01350009284859684,-0.07186442620755133
0.269,46.76360342020009,-7.051858971517878,8.62487780355908,0.031116870332035307,-0.21943178121652165,46.76360342020009,-7.051858971517878,8.62487780355908,0.031116870332032972,-0.2194317812165052,52.34091391985697,-7.8929063717906525,9.653532954442273,0.015392992807393186,-0.12149545101040136,52.34091391985697,-7.8929063717906525,9.653532954442273,0.015392992807390208,-0.12149545101037786,49.32249999999999,-4.756022211684548,-0.0,0.02696799257093449,-0.12826037167190832,49.32249999999999,-4.756022211684548,-0.0,0.02696799257093213,-0.12826037167189708,55.20499999999999,-5.323254218582704,-0.0,0.01357804153329433,-0.07227936687220021,55.20499999999999,-5.323254218582704,-0.0,0.013578041533291991,-0.07227936687218776
0.27,46.35981303039998,-7.043009901067166,9.073120645497143,0.03145571939915425,-0.22154294317343393,46.35981303039998,-7.043009901067166,9.073120645497143,0.03145571939915191,-0.22154294317341747,51.888965043199974,-7.88300190761646,10.155235951840838,0.015559545678761376,-0.12265592826732138,51.888965043199974,-7.88300190761646,10.155235951840838,0.015559545678758327,-0.12265592826729733,49.05,-4.756022211684548,-0.0,0.027099700415632068,-0.1288867771067431,49.05,-4.756022211684548,-0.0,0.02709970041562971,-0.12888677710673188,54.89999999999999,-5.323254218582704,-0.0,0.013655605457453483,-0.07269225935869025,54.89999999999999,-5.323254218582704,-0.0,0.013655605457451106,-0.0726922593586776
0.271,45.95654248793424,-7.033713022436888,9.520486857421123,0.031792624086331454,-0.2236201940534702,45.95654248793424,-7.033713022436888,9.520486857421123,0.031792624086329116,-0.22362019405345376,51.43759801401814,-7.872596226947708,10.655957767021807,0.015724951599404565,-0.12379619463040771,51.43759801401814,-7.872596226947708,10.655957767021807,0.015724951599401436,-0.12379619463038308,48.7775,-4.756022211684548,-0.0,0.02723079527311041,-0.1295102671607477,48.7775,-4.756022211684548,-0.0,0.02723079527310804,-0.12951026716073644,54.595,-5.323254218582704,-0.0,0.013732782423150118,-0.07310309196691228,54.595,-5.323254218582704,-0.0,0.013732782423147696,-0.07310309196689939
0.272,45.55381742478948,-7.023969234172823,9.966932607830367,0.03212755418026258,-0.22566295213138482,45.55381742478948,-7.023969234172823,9.966932607830367,0.032127554180260226,-0.22566295213136828,50.986841521324,-7.861690335496187,11.155649340874355,0.01588919492605854,-0.12491593018900948,50.986841521324,-7.861690335496187,11.155649340874355,0.015889194926055342,-0.12491593018898434,48.504999999999995,-4.756022211684548,-0.0,0.02736127417804255,-0.13013082773076123,48.504999999999995,-4.756022211684548,-0.0,0.02736127417804017,-0.1301308277307499,54.28999999999999,-5.323254218582704,-0.0,0.013809570243422992,-0.07351185305511562,54.28999999999999,-5.323254218582704,-0.0,0.013809570243420527,-0.07351185305510251
0.273,45.15166342021369,-7.013779478652233,10.412414065224114,0.03246047998659549,-0.22767064839718498,45.15166342021369,-7.013779478652233,10.412414065224114,0.03246047998659313,-0.22767064839716838,50.53672419510155,-7.850285288032774,11.65426161428754,0.016052260363070288,-0.1260148233678823,50.53672419510155,-7.850285288032774,11.65426161428754,0.016052260363067016,-0.12601482336785663,48.23249999999999,-4.756022211684548,-0.0,0.027491134179034205,-0.13074844477988692,48.23249999999999,-4.756022211684548,-0.0,0.027491134179031814,-0.13074844477987554,53.98499999999998,-5.323254218582704,-0.0,0.013885966742338052,-0.07391853104025016,53.98499999999998,-5.323254218582704,-0.0,0.013885966742335543,-0.07391853104023681
0.274,44.75010599820494,-7.003144742083888,10.856887398101767,0.03279137233383322,-0.22964272674539918,44.75010599820494,-7.003144742083888,10.856887398101767,0.03279137233383085,-0.2296427267453826,50.08727460349544,-7.83838218838747,12.1517455281506,0.016214132965328653,-0.12709257103557822,50.08727460349544,-7.83838218838747,12.1517455281506,0.01621413296532531,-0.12709257103555202,47.959999999999994,-4.756022211684548,-0.0,0.027620372338690496,-0.13136310433780948,47.959999999999994,-4.756022211684548,-0.0,0.027620372338688096,-0.13136310433779808,53.679999999999986,-5.323254218582704,-0.0,0.013961969755050098,-0.07432311439829456,53.679999999999986,-5.323254218582704,-0.0,0.013961969755047553,-0.07432311439828101
0.275,44.34917062499997,-6.992066054508031,11.30030877496251,0.03312020257696866,-0.231578644156852,44.34917062499997,-6.992066054508031,11.30030877496251,0.033120202576966296,-0.23157864415683546,49.63852124999996,-7.8259821894493555,12.648052023352532,0.016374798141000534,-0.1281488786072986,49.63852124999996,-7.8259821894493555,12.648052023352532,0.016374798140997113,-0.1281488786072718,47.6875,-4.756022211684548,-0.0,0.027748985733682435,-0.1319747925011113,47.6875,-4.756022211684548,-0.0,0.027748985733680023,-0.13197479250109984,53.375,-5.323254218582704,-0.0,0.014037577127864157,-0.07472559166458295,53.375,-5.323254218582704,-0.0,0.014037577127861571,-0.07472559166456919
0.276,43.948882706563055,-6.980544489796461,11.742634364305607,0.03344694260084952,-0.23347787087289865,43.948882706563055,-6.980544489796461,11.742634364305607,0.033446942600847136,-0.233477870872882,49.19049257064856,-7.813086493166681,13.14313204078242,0.01653424165407119,-0.12918346014217755,49.19049257064856,-7.813086493166681,13.14313204078242,0.016534241654067704,-0.1291834601421503,47.415,-4.756022211684548,-0.0,0.027876971454813007,-0.13258349543358677,47.415,-4.756022211684548,-0.0,0.027876971454810592,-0.13258349543357528,53.069999999999986,-5.323254218582704,-0.0,0.014112786718296494,-0.07512595143412977,53.069999999999986,-5.323254218582704,-0.0,0.014112786718293866,-0.07512595143411578
0.277,43.549267586074286,-6.9685811656524335,12.183820334630596,0.03377156482327199,-0.23533989056206345,43.549267586074286,-6.9685811656524335,12.183820334630596,0.0337715648232696,-0.2353398905620468,48.74321693120241,-7.79969635054676,13.636936521329657,0.01669244962668762,-0.13019603843496105,48.74321693120241,-7.79969635054676,13.636936521329657,0.01669244962668406,-0.1301960384349333,47.142499999999984,-4.756022211684548,-0.0,0.02800432660708301,-0.13318919936655535,47.142499999999984,-4.756022211684548,-0.0,0.028004326607080583,-0.13318919936654383,52.76499999999998,-5.323254218582704,-0.0,0.014187596395135296,-0.07552418236195274,52.76499999999998,-5.323254218582704,-0.0,0.014187596395132628,-0.07552418236193853
0.278,43.15035054141851,-6.956177243610711,12.62382285443653,0.034094042197801204,-0.23716420047904807,43.15035054141851,-6.956177243610711,12.62382285443653,0.03409404219779881,-0.23716420047903142,48.296722624339985,-7.785813061656024,14.129416405883086,0.016849408541303387,-0.13118634510205848,48.296722624339985,-7.785813061656024,14.129416405883086,0.016849408541299755,-0.1311863451020302,46.86999999999999,-4.756022211684548,-0.0,0.028131048309756504,-0.13379189059917299,46.86999999999999,-4.756022211684548,-0.0,0.02813104830975407,-0.1337918905991614,52.45999999999999,-5.323254218582704,-0.0,0.014262004038501103,-0.07592027316339456,52.45999999999999,-5.323254218582704,-0.0,0.01426200403849839,-0.07592027316338013
0.279,42.752156782673694,-6.943333929037566,13.062598092222723,0.03441434821631832,-0.23895031161607644,42.752156782673694,-6.943333929037566,13.062598092222723,0.03441434821631592,-0.23895031161605979,47.85103786684578,-7.771437975620027,14.620522635331854,0.01700510524262476,-0.1321541206619493,47.85103786684578,-7.771437975620027,14.620522635331854,0.017005105242621058,-0.1321541206619205,46.597500000000004,-4.756022211684548,-0.0,0.028257133696426004,-0.13439155549874196,46.597500000000004,-4.756022211684548,-0.0,0.02825713369642356,-0.13439155549873036,52.154999999999994,-5.323254218582704,-0.0,0.014336007539906869,-0.0763142126144427,52.154999999999994,-5.323254218582704,-0.0,0.014336007539904118,-0.07631421261442806
0.28,42.35471144960002,-6.9300524711307725,13.500102216488527,0.03473245691129222,-0.2406977488465437,42.35471144960002,-6.9300524711307725,13.500102216488527,0.034732456911289816,-0.24069774884652706,47.40619079680002,-7.756572490623434,15.11020615056514,0.017159526939356625,-0.13309911460992532,47.40619079680002,-7.756572490623434,15.11020615056514,0.01715952693935285,-0.13309911460989604,46.324999999999996,-4.756022211684548,-0.0,0.028382579915077318,-0.13498818050101946,46.324999999999996,-4.756022211684548,-0.0,0.028382579915074868,-0.1349881805010078,51.84999999999999,-5.323254218582704,-0.0,0.0144096048023177,-0.07670598955204729,51.84999999999999,-5.323254218582704,-0.0,0.014409604802314905,-0.07670598955203241
0.281,41.95803960912788,-6.916334162919597,13.936291395733289,0.035048342857776034,-0.24240605106095545,41.95803960912788,-6.916334162919597,13.936291395733289,0.035048342857773626,-0.2424060510609388,46.962209470766986,-7.741218053910006,15.59841789247212,0.01731266120574827,-0.13402108548716588,46.962209470766986,-7.741218053910006,15.59841789247212,0.01731266120574442,-0.1340210854871361,46.05249999999999,-4.756022211684548,-0.0,0.028507384128154026,-0.1355817521105241,46.05249999999999,-4.756022211684548,-0.0,0.02850738412815157,-0.1355817521105124,51.54499999999998,-5.323254218582704,-0.0,0.014482793740210283,-0.07709559287443757,51.54499999999998,-5.323254218582704,-0.0,0.014482793740207448,-0.07709559287442248
0.28200000000000003,41.5621662528471,-6.902180341264816,14.371121798456246,0.03536198117512705,-0.24407477129513844,41.5621662528471,-6.902180341264816,14.371121798456246,0.03536198117512463,-0.24407477129512173,46.51912186098482,-7.725376161782638,16.08510880194185,0.01746449598293804,-0.13491980094413816,46.51912186098482,-7.725376161782638,16.08510880194185,0.017464495982934123,-0.1349198009441079,45.779999999999994,-4.756022211684548,-0.0,0.028631543512621677,-0.1361722569008413,45.779999999999994,-4.756022211684548,-0.0,0.028631543512619203,-0.13617225690082954,51.23999999999999,-5.323254218582704,-0.0,0.014555572279631989,-0.07748301154143646,51.23999999999999,-5.323254218582704,-0.0,0.01455557227962911,-0.07748301154142113
0.28300000000000003,41.1671162944953,-6.887592386858696,14.804549593156771,0.03567334752845065,-0.2457034768507212,41.1671162944953,-6.887592386858696,14.804549593156771,0.03567334752844823,-0.2457034768507045,46.07695585255436,-7.70904835960331,16.570229819863542,0.01761501958009705,-0.13579503779832736,46.07695585255436,-7.70904835960331,16.570229819863542,0.017615019580093056,-0.13579503779829655,45.5075,-4.756022211684548,-0.0,0.02875505526003168,-0.13675968151492726,45.5075,-4.756022211684548,-0.0,0.0287550552600292,-0.13675968151491547,50.934999999999995,-5.323254218582704,-0.0,0.01462793835825963,-0.07786823457477333,50.934999999999995,-5.323254218582704,-0.0,0.014627938358256714,-0.0778682345747578
0.28400000000000003,40.77291456744653,-6.872571724225007,15.236530948334,0.03598241812976737,-0.24729174940788048,40.77291456744653,-6.872571724225007,15.236530948334,0.035982418129764944,-0.2472917494078638,45.63573924062822,-7.692236241793126,17.053731887126126,0.017764220675371593,-0.13664658208630412,45.63573924062822,-7.692236241793126,17.053731887126126,0.017764220675367537,-0.13664658208627292,45.23499999999999,-4.756022211684548,-0.0,0.028877916576584783,-0.13734401266541063,45.23499999999999,-4.756022211684548,-0.0,0.0288779165765823,-0.1373440126653988,50.62999999999999,-5.323254218582704,-0.0,0.01469988992545792,-0.07825125105839527,50.62999999999999,-5.323254218582704,-0.0,0.014699889925454962,-0.07825125105837952
0.28500000000000003,40.37958582220001,-6.857119821719031,15.667022032487411,0.03628916973890375,-0.2488391851303633,40.37958582220001,-6.857119821719031,15.667022032487411,0.03628916973890132,-0.24883918513034664,45.195499727600016,-7.674941451832309,17.535565944618934,0.01791208831662455,-0.13747422911014295,45.195499727600016,-7.674941451832309,17.535565944618934,0.017912088316620424,-0.13747422911011128,44.962499999999984,-4.756022211684548,-0.0,0.029000124683194302,-0.1379252371348934,44.962499999999984,-4.756022211684548,-0.0,0.02900012468319181,-0.13792523713488156,50.32499999999998,-5.323254218582704,-0.0,0.01477142494233755,-0.07863205013877614,50.32499999999998,-5.323254218582704,-0.0,0.014771424942334552,-0.07863205013876019
0.28600000000000003,39.987154723868656,-6.841238191527538,16.095979014116164,0.03659357966410679,-0.25034539476279283,39.987154723868656,-6.841238191527538,16.095979014116164,0.03659357966410435,-0.2503453947627761,44.756264920293354,-7.65716568226018,18.015682933230934,0.018058611921975696,-0.13827778347820685,44.756264920293354,-7.65716568226018,18.015682933230934,0.0180586119219715,-0.13827778347817474,44.68999999999999,-4.756022211684548,-0.0,0.029121676815548947,-0.13850334177624973,44.68999999999999,-4.756022211684548,-0.0,0.029121676815546442,-0.1385033417762378,50.01999999999999,-5.323254218582704,-0.0,0.014842541381813002,-0.07901062102522442,50.01999999999999,-5.323254218582704,-0.0,0.014842541381809963,-0.07901062102520824
0.28700000000000003,39.59564584966789,-6.824928389668815,16.523358061719687,0.036895625762383054,-0.2518100037202842,39.59564584966789,-6.824928389668815,16.523358061719687,0.03689562576238061,-0.2518100037202676,44.31806232715121,-7.638910674675188,18.49403379385139,0.018203781280141655,-0.13905705914032646,44.31806232715121,-7.638910674675188,18.49403379385139,0.018203781280137395,-0.1390570591402939,44.4175,-4.756022211684548,-0.0,0.029242570224175393,-0.13907831351292335,44.4175,-4.756022211684548,-0.0,0.02924257022417288,-0.13907831351291142,49.714999999999996,-5.323254218582704,-0.0,0.014913237228659965,-0.0793869529901888,49.714999999999996,-5.323254218582704,-0.0,0.014913237228656884,-0.0793869529901724
0.28800000000000003,39.205083686404095,-6.808192015992616,16.949115343797136,0.037195286439562644,-0.2532326521703888,39.205083686404095,-6.808192015992616,16.949115343797136,0.037195286439560195,-0.25323265217037216,43.880919355424766,-7.620178219734854,18.97056946736927,0.01834758655057583,-0.1398118794173981,43.880919355424766,-7.620178219734854,18.97056946736927,0.018347586550571497,-0.13981187941736506,44.14499999999999,-4.756022211684548,-0.0,0.02936280217450045,-0.1396501393392235,44.14499999999999,-4.756022211684548,-0.0,0.029362802174497937,-0.13965013933921153,49.40999999999999,-5.323254218582704,-0.0,0.014983510479572451,-0.07976103536956221,49.40999999999999,-5.323254218582704,-0.0,0.01498351047956933,-0.0797610353695456
0.28900000000000003,38.81549262796331,-6.79103071418023,17.37320702884794,0.037492540650089466,-0.25461299510740837,38.81549262796331,-6.79103071418023,17.37320702884794,0.03749254065008702,-0.2546129951073917,43.4448633083626,-7.600970157155853,19.44524089467384,0.01849001826340919,-0.14054207702543994,43.4448633083626,-7.600970157155853,19.44524089467384,0.018490018263404795,-0.14054207702540653,43.87249999999999,-4.756022211684548,-0.0,0.029482369946912907,-0.14021880632061878,43.87249999999999,-4.756022211684548,-0.0,0.029482369946910378,-0.14021880632060674,49.10499999999998,-5.323254218582704,-0.0,0.01505335914321956,-0.08013285756298405,49.10499999999998,-5.323254218582704,-0.0,0.0150533591432164,-0.08013285756296722
0.29000000000000004,38.426896972799995,-6.773446171744422,17.795589285371236,0.03778736789653826,-0.25595070241910517,38.426896972799995,-6.773446171744422,17.795589285371236,0.0377873678965358,-0.25595070241908846,43.009921382399995,-7.58128837571394,19.91799901665404,0.018631067319192503,-0.141247494094138,43.009921382399995,-7.58128837571394,19.91799901665404,0.01863106731918804,-0.14124749409410414,43.599999999999994,-4.756022211684548,-0.0,0.029601270836825067,-0.14078430159403005,43.599999999999994,-4.756022211684548,-0.0,0.029601270836822523,-0.14078430159401797,48.79999999999998,-5.323254218582704,-0.0,0.015122781240301902,-0.08050240903414048,48.79999999999998,-5.323254218582704,-0.0,0.0151227812402987,-0.08050240903412344
0.29100000000000004,38.03932092142547,-6.75544012002949,18.216218281866496,0.03807974822886061,-0.25724545894586687,38.03932092142547,-6.75544012002949,18.216218281866496,0.038079748228858144,-0.2572454589458502,42.57612066434777,-7.561134813244015,20.388794774199198,0.018770724988441477,-0.14192798217993421,42.57612066434777,-7.561134813244015,20.388794774199198,0.018770724988436946,-0.14192798217989996,43.32749999999999,-4.756022211684548,-0.0,0.02971950215473391,-0.14134661236812127,43.32749999999999,-4.756022211684548,-0.0,0.029719502154731375,-0.1413466123681092,48.49499999999999,-5.323254218582704,-0.0,0.015191774803607696,-0.0808696793110631,48.49499999999999,-5.323254218582704,-0.0,0.015191774803604454,-0.08086967931104584
0.29200000000000004,37.65278857389669,-6.737014334211201,18.63505018683286,0.038369662243360365,-0.2584969645323611,37.65278857389669,-6.737014334211201,18.63505018683286,0.0383696622433579,-0.2584969645323445,42.143488128581616,-7.5405114566400595,20.857579108198244,0.018908982910985486,-0.14258340227369717,42.143488128581616,-7.5405114566400595,20.857579108198244,0.018908982910980886,-0.14258340227366248,43.054999999999986,-4.756022211684548,-0.0,0.02983706122628197,-0.14190572592358885,43.054999999999986,-4.756022211684548,-0.0,0.02983706122627942,-0.14190572592357673,48.18999999999998,-5.323254218582704,-0.0,0.015260337878068509,-0.08123465798642562,48.18999999999998,-5.323254218582704,-0.0,0.01526033787806523,-0.08123465798640818
0.29300000000000004,37.26732392730488,-6.718170633296831,19.052041168769804,0.0386570910814013,-0.25970493407175105,37.26732392730488,-6.718170633296831,19.052041168769804,0.03865709108139882,-0.2597049340717344,41.71205063423115,-7.519420341855168,21.324302959540514,0.01904583309512165,-0.14321362480303612,41.71205063423115,-7.519420341855168,21.324302959540514,0.01904583309511699,-0.14321362480300107,42.782499999999985,-4.756022211684548,-0.0,0.02995394539231775,-0.14246162961344924,42.782499999999985,-4.756022211684548,-0.0,0.029953945392315193,-0.14246162961343709,47.88499999999998,-5.323254218582704,-0.0,0.015328468520814653,-0.08159733471783878,47.88499999999998,-5.323254218582704,-0.0,0.015328468520811333,-0.08159733471782112
0.29400000000000004,36.8829508732641,-6.69891088012517,19.46714739617649,0.03894201642784789,-0.26086909754252335,36.8829508732641,-6.69891088012517,19.46714739617649,0.03894201642784543,-0.26086909754250687,41.281834922368986,-7.497863553901566,21.78891726911497,0.019181267916575453,-0.14381852962931252,41.281834922368986,-7.497863553901566,21.78891726911497,0.019181267916570724,-0.14381852962927705,42.50999999999999,-4.756022211684548,-0.0,0.030070152008955943,-0.1430143108633252,42.50999999999999,-4.756022211684548,-0.0,0.030070152008953376,-0.14301431086331298,47.579999999999984,-5.323254218582704,-0.0,0.015396164801230251,-0.08195769922814347,47.579999999999984,-5.323254218582704,-0.0,0.015396164801226889,-0.08195769922812558
0.29500000000000004,36.49969319539997,-6.679236981366485,19.880325037552183,0.03922442050924219,-0.26198920003800047,36.49969319539997,-6.679236981366485,19.880325037552183,0.03922442050923971,-0.26198920003798387,40.85286761319996,-7.475843226850562,22.2513729778107,0.01931528011726963,-0.14439800603941147,40.85286761319996,-7.475843226850562,22.2513729778107,0.019315280117264837,-0.14439800603937566,42.23749999999999,-4.756022211684548,-0.0,0.030185678447637206,-0.1435637571717301,42.23749999999999,-4.756022211684548,-0.0,0.030185678447634628,-0.14356375717171782,47.27499999999999,-5.323254218582704,-0.0,0.01546342480100793,-0.08231574130570188,47.27499999999999,-5.323254218582704,-0.0,0.01546342480100453,-0.08231574130568378
0.29600000000000004,36.117574566838286,-6.659150887522576,20.291530261396368,0.0395042860917184,-0.26306500178861236,36.117574566838286,-6.659150887522576,20.291530261396368,0.03950428609171591,-0.26306500178859576,40.42517520325019,-7.4533615438326075,22.711621026517033,0.019447862803903163,-0.14495195273234443,40.42517520325019,-7.4533615438326075,22.711621026517033,0.019447862803898305,-0.1449519527323082,41.96499999999999,-4.756022211684548,-0.0,0.030300522095187618,-0.1441099561103507,41.96499999999999,-4.756022211684548,-0.0,0.030300522095185037,-0.14410995611033844,46.969999999999985,-5.323254218582704,-0.0,0.015530246614203193,-0.08267145080468691,46.969999999999985,-5.323254218582704,-0.0,0.015530246614199748,-0.08267145080466856
0.29700000000000004,35.73661854769349,-6.638654592926702,20.700719236208034,0.039781596478657866,-0.26409627817699877,35.73661854769349,-6.638654592926702,20.700719236208034,0.03978159647865537,-0.26409627817698217,39.99878406255601,-7.430420737037226,23.16961235612275,0.019579009446342062,-0.1454802778007478,39.99878406255601,-7.430420737037226,23.16961235612275,0.019579009446337146,-0.14548027780071127,41.69249999999998,-4.756022211684548,-0.0,0.030414680353877788,-0.1446528953243284,41.69249999999998,-4.756022211684548,-0.0,0.030414680353875206,-0.14465289532431613,46.66499999999998,-5.323254218582704,-0.0,0.015596628347288415,-0.08302481764536965,46.66499999999998,-5.323254218582704,-0.0,0.015596628347284938,-0.08302481764535113
0.298,35.35684858255769,-6.617750135743664,21.10784813048683,0.04005633550808734,-0.26508281974603876,35.35684858255769,-6.617750135743664,21.10784813048683,0.040056335508084843,-0.2650828197460222,39.57372043185356,-7.4070230877130925,23.625297907517368,0.0197087138758243,-0.14598289870736197,39.57372043185356,-7.4070230877130925,23.625297907517368,0.019708713875819316,-0.14598289870732506,41.420000000000016,-4.756022211684548,-0.0,0.03052815064148161,-0.14519256253253843,41.420000000000016,-4.756022211684548,-0.0,0.030528150641479013,-0.14519256253252608,46.360000000000014,-5.323254218582704,-0.0,0.01566256811920651,-0.08337583181440503,46.360000000000014,-5.323254218582704,-0.0,0.015662568119202993,-0.0833758318143863
0.299,34.97828799798895,-6.596439597969747,21.51287311273186,0.04032848754982273,-0.2660244321998806,34.97828799798895,-6.596439597969747,21.51287311273186,0.040328487549820234,-0.2660244321998641,39.150010419767455,-7.383170926167973,24.078628621589786,0.019836970282980704,-0.1464597422565612,39.150010419767455,-7.383170926167973,24.078628621589786,0.01983697028297566,-0.14645974225652397,41.1475,-4.756022211684548,-0.0,0.030640930391334722,-0.14572894552786805,41.1475,-4.756022211684548,-0.0,0.030640930391332116,-0.14572894552785565,46.05500000000001,-5.323254218582704,-0.0,0.015728064061424255,-0.08372448336511569,46.05500000000001,-5.323254218582704,-0.0,0.01572806406142069,-0.08372448336509672
0.3,34.60096000000004,-6.574725105432725,21.915750351442416,0.04059803750236206,-0.26692093639807907,34.60096000000004,-6.574725105432725,21.915750351442416,0.04059803750235956,-0.2669209363980627,38.72768000000005,-7.358866631768738,24.529555439229124,0.019963773215674496,-0.1469107445610255,38.72768000000005,-7.358866631768738,24.529555439229124,0.019963773215669386,-0.1469107445609879,40.875,-4.756022211684548,-0.0,0.030753017052392473,-0.14626203217749226,40.875,-4.756022211684548,-0.0,0.030753017052389864,-0.14626203217747985,45.75,-5.323254218582704,-0.0,0.015793114317985177,-0.0840707624177735,45.75,-5.323254218582704,-0.0,0.015793114317981576,-0.08407076241775432
0.301,34.2248876715471,-6.552608827791877,22.316436015117766,0.0408649707895301,-0.26777216834293216,34.2248876715471,-6.552608827791877,22.316436015117766,0.04086497078952759,-0.2677721683429157,38.306755008520604,-7.334112632941366,24.97802930132447,0.020089117576661597,-0.14733585100363827,38.306755008520604,-7.334112632941366,24.97802930132447,0.020089117576656428,-0.14733585100360036,40.602500000000006,-4.756022211684548,-0.0,0.030864408089287698,-0.14679181042314854,40.602500000000006,-4.756022211684548,-0.0,0.030864408089285075,-0.14679181042313605,45.44500000000001,-5.323254218582704,-0.0,0.015857717045562197,-0.08441465915987982,45.44500000000001,-5.323254218582704,-0.0,0.01585771704555856,-0.08441465915986046
0.302,33.85009397001832,-6.530092978537994,22.714886272257335,0.04112927335687851,-0.26857797916012216,33.85009397001832,-6.530092978537994,22.714886272257335,0.041129273356876,-0.2685779791601058,37.88726114075445,-7.3089114071709655,25.42400114876509,0.020212998621074497,-0.1477350161947024,37.88726114075445,-7.3089114071709655,25.42400114876509,0.020212998621069258,-0.1477350161946641,40.33,-4.756022211684548,-0.0,0.03097510098238805,-0.14731826828140943,40.33,-4.756022211684548,-0.0,0.030975100982385425,-0.14731826828139694,45.14,-5.323254218582704,-0.0,0.015921870413509866,-0.08475616384644355,45.14,-5.323254218582704,-0.0,0.015921870413506192,-0.08475616384642398
0.303,33.476601724722464,-6.507179814993368,23.11105729136042,0.04139093166784454,-0.2693382350727678,33.476601724722464,-6.507179814993368,23.11105729136042,0.04139093166784203,-0.26933823507275145,37.469223948771926,-7.2832654810017505,25.8674219224401,0.02033541195373213,-0.14810820392456758,37.469223948771926,-7.2832654810017505,25.8674219224401,0.020335411953726838,-0.14810820392452906,40.05750000000001,-4.756022211684548,-0.0,0.03108509322785297,-0.14784139384395364,40.05750000000001,-4.756022211684548,-0.0,0.031085093227850337,-0.14784139384394113,44.835,-5.323254218582704,-0.0,0.015985572603916216,-0.0850952668002571,44.835,-5.323254218582704,-0.0,0.015985572603912496,-0.0850952668002373
0.304,33.10443363437772,-6.483871638311781,23.504905240926178,0.0416499326996721,-0.27005281736899833,33.10443363437772,-6.483871638311781,23.504905240926178,0.04164993269966959,-0.27005281736898207,37.05266883847782,-7.257177430037039,26.308242563238473,0.020456353526278833,-0.14845538711176934,37.05266883847782,-7.257177430037039,26.308242563238473,0.02045635352627348,-0.1484553871117305,39.785,-4.756022211684548,-0.0,0.03119438233769037,-0.14836117527783554,39.785,-4.756022211684548,-0.0,0.031194382337687725,-0.14836117527782297,44.529999999999994,-5.323254218582704,-0.0,0.016048821811654266,-0.08543195841217069,44.529999999999994,-5.323254218582704,-0.0,0.016048821811650512,-0.0854319584121507
0.305,32.7336122646,-6.460170793478529,23.896386289453954,0.041906263939099284,-0.27072162236317165,32.7336122646,-6.460170793478529,23.896386289453954,0.04190626393909677,-0.27072162236315545,36.637621066799994,-7.23064987893927,26.746414012049378,0.02057581963415513,-0.14877654774678006,36.637621066799994,-7.23064987893927,26.746414012049378,0.020575819634149714,-0.1487765477467409,39.5125,-4.756022211684548,-0.0,0.03130296583981284,-0.14887760082575252,39.5125,-4.756022211684548,-0.0,0.03130296583981019,-0.1488776008257399,44.225,-5.323254218582704,-0.0,0.016111616244433215,-0.08576622914136474,44.225,-5.323254218582704,-0.0,0.016111616244429423,-0.08576622914134456
0.306,32.36416004539187,-6.436079669310391,24.28545660544315,0.04215991337781552,-0.27134456135084567,32.36416004539187,-6.436079669310391,24.28545660544315,0.04215991337781301,-0.2713445613508295,36.22410573887897,-7.203685501429979,27.181887209762056,0.020693806913403327,-0.14907167683147501,36.22410573887897,-7.203685501429979,27.181887209762056,0.020693806913397852,-0.14907167683143557,39.24,-4.756022211684548,-0.0,0.03141084127809366,-0.1493906588063113,39.24,-4.756022211684548,-0.0,0.031410841278091,-0.14939065880629868,43.919999999999995,-5.323254218582704,-0.0,0.016173954122849193,-0.08609806951562009,43.919999999999995,-5.323254218582704,-0.0,0.016173954122845363,-0.0860980695155997
0.307,31.996099268631113,-6.4116006984556595,24.67207235739298,0.04241086950769306,-0.27192156055763667,31.996099268631113,-6.4116006984556595,24.67207235739298,0.042410869507690525,-0.2719215605576204,35.812147805256835,-7.17628702028982,27.614613097265536,0.020810312337311152,-0.14934077431442314,35.812147805256835,-7.17628702028982,27.614613097265536,0.02081031233730562,-0.14934077431438342,38.96750000000001,-4.756022211684548,-0.0,0.03151800621242226,-0.14990033761429183,38.96750000000001,-4.756022211684548,-0.0,0.0315180062124196,-0.14990033761427918,43.615,-5.323254218582704,-0.0,0.0162358336804357,-0.08642747013158648,43.615,-5.323254218582704,-0.0,0.016235833680431827,-0.08642747013156588
0.308,31.629452085559357,-6.386736357394128,25.056189713802738,0.042659121315796675,-0.27245256108208543,31.629452085559357,-6.386736357394128,25.056189713802738,0.04265912131579415,-0.27245256108206933,35.40177205906643,-7.148457207358565,28.044542615448933,0.020925333212896698,-0.14958384902211094,35.40177205906643,-7.148457207358565,28.044542615448933,0.02092533321289111,-0.149583849022071,38.695,-4.756022211684548,-0.0,0.031624458218759484,-0.15040662572091007,38.695,-4.756022211684548,-0.0,0.03162445821875681,-0.15040662572089736,43.309999999999995,-5.323254218582704,-0.0,0.01629725316371366,-0.08675442165504905,43.309999999999995,-5.323254218582704,-0.0,0.01629725316370975,-0.08675442165502824
0.309,31.264240504270532,-6.361489166437062,25.43776484317163,0.04290465827917622,-0.27293751883266376,31.264240504270532,-6.361489166437062,25.43776484317163,0.042904658279173696,-0.27293751883264766,34.99300313322022,-7.12019888353506,28.471626705201274,0.02103886717723788,-0.14980091858621156,34.99300313322022,-7.12019888353506,28.471626705201274,0.02103886717723223,-0.14980091858617134,38.4225,-4.756022211684548,-0.0,0.03173019488919239,-0.15090951167407854,38.4225,-4.756022211684548,-0.0,0.03173019488918971,-0.1509095116740658,43.005,-5.323254218582704,-0.0,0.0163582108322411,-0.08707891482119273,43.005,-5.323254218582704,-0.0,0.01635821083223715,-0.0870789148211717
0.31,30.900486387199983,-6.3358616897272935,25.8167539139992,0.043147470359445925,-0.27337640445905736,30.900486387199983,-6.3358616897272935,25.8167539139992,0.0431474703594434,-0.2733764044590414,34.585865497599976,-7.091514918777338,28.895816307411945,0.021150912193649896,-0.14999200936701773,34.585865497599976,-7.091514918777338,28.895816307411945,0.02115091219364419,-0.14999200936697726,38.15,-4.756022211684548,-0.0,0.03183521383198872,-0.15140898409866552,38.15,-4.756022211684548,-0.0,0.03183521383198604,-0.15140898409865275,42.699999999999996,-5.323254218582704,-0.0,0.01641870495866249,-0.08740094043486486,42.699999999999996,-5.323254218582704,-0.0,0.016418704958658503,-0.08740094043484364
0.311,30.538211448612646,-6.309856535239084,26.19311309478452,0.0433875479971555,-0.2737692032778511,30.538211448612646,-6.309856535239084,26.19311309478452,0.04338754799715297,-0.2737692032778351,34.180383456245345,-7.06240823210246,29.317062362969825,0.021261466547714176,-0.15015715637314767,34.180383456245345,-7.06240823210246,29.317062362969825,0.021261466547708417,-0.150157156373107,37.877500000000005,-4.756022211684548,-0.0,0.031939512671651016,-0.15190503169675232,37.877500000000005,-4.756022211684548,-0.0,0.031939512671648324,-0.1519050316967395,42.395,-5.323254218582704,-0.0,0.016478733828757662,-0.08772048937083575,42.395,-5.323254218582704,-0.0,0.016478733828753638,-0.08772048937081432
0.312,30.177437252091895,-6.2834763547782275,26.566798554026963,0.04362488210595775,-0.27411591519277334,30.177437252091895,-6.2834763547782275,26.566798554026963,0.043624882105955214,-0.2741159151927574,33.776581144543215,-7.0328817915866395,29.73531581276412,0.021370528843162564,-0.15029640317765508,33.776581144543215,-7.0328817915866395,29.73531581276412,0.02137052884315674,-0.1502964031776141,37.605,-4.756022211684548,-0.0,0.03204308904897031,-0.15239764324788868,37.605,-4.756022211684548,-0.0,0.03204308904896761,-0.15239764324787586,42.089999999999996,-5.323254218582704,-0.0,0.016538295741490426,-0.08803755257405728,42.089999999999996,-5.323254218582704,-0.0,0.016538295741486367,-0.08803755257403567
0.313,29.818185208028087,-6.256723843982045,26.937766460225717,0.043859464066577,-0.27441655460962605,29.818185208028087,-6.256723843982045,26.937766460225717,0.04385946406657447,-0.2744165546096102,33.37448252641675,-7.002938614365224,30.15052759768383,0.021478097997620113,-0.15040980183065428,33.37448252641675,-7.002938614365224,30.15052759768383,0.021478097997614232,-0.15040980183061312,37.3325,-4.756022211684548,-0.0,0.03214594062107956,-0.15288680760934695,37.3325,-4.756022211684548,-0.0,0.032145940621076854,-0.1528868076093341,41.785000000000004,-5.323254218582704,-0.0,0.016597389009056725,-0.08835212105991942,41.785000000000004,-5.323254218582704,-0.0,0.016597389009052627,-0.0883521210598976
0.314,29.460476571107332,-6.2296017423193,27.30597298188035,0.044091285720583996,-0.2746711503460481,29.460476571107332,-6.2296017423193,27.30597298188035,0.044091285720581457,-0.2746711503460323,32.974111391514626,-6.972581766632611,30.562648658618368,0.021584173238210644,-0.15049741276858708,32.974111391514626,-6.972581766632611,30.562648658618368,0.021584173238204715,-0.15049741276854575,37.059999999999995,-4.756022211684548,-0.0,0.03224806506150658,-0.1533725137163737,37.059999999999995,-4.756022211684548,-0.0,0.032248065061503864,-0.1533725137163608,41.48,-5.323254218582704,-0.0,0.016656011956932493,-0.08866418591450485,41.48,-5.323254218582704,-0.0,0.016656011956928358,-0.08866418591448284
0.315,29.104332437800014,-6.202112833090292,27.67137428749001,0.04432033936398133,-0.2748797455362655,29.104332437800014,-6.202112833090292,27.67137428749001,0.04432033936397879,-0.2748797455362497,32.575491352400014,-6.941814363642345,30.971629936456704,0.021688754097028477,-0.15055930472025902,32.575491352400014,-6.941814363642345,30.971629936456704,0.02168875409702249,-0.15055930472021745,36.7875,-4.756022211684548,-0.0,0.03234946006022668,-0.15385475058244025,36.7875,-4.756022211684548,-0.0,0.03234946006022396,-0.1538547505824273,41.175000000000004,-5.323254218582704,-0.0,0.0167141629239211,-0.08897373829484162,41.175000000000004,-5.323254218582704,-0.0,0.016714162923916927,-0.0889737382948194
0.316,28.74977374384951,-6.174259943426833,28.03392654555386,0.04454661774060547,-0.2750423975309675,28.74977374384951,-6.174259943426833,28.03392654555386,0.04454661774060293,-0.2750423975309518,32.178645841739815,-6.910639569707097,31.377422372087807,0.02179184040648055,-0.15059555460976648,32.178645841739815,-6.910639569707097,31.377422372087807,0.02179184040647451,-0.15059555460972474,36.515,-4.756022211684548,-0.0,0.03245012332371495,-0.1543335072994911,36.515,-4.756022211684548,-0.0,0.03245012332371222,-0.15433350729947812,40.87,-5.323254218582704,-0.0,0.016771840262200424,-0.08928076942915365,40.87,-5.323254218582704,-0.0,0.016771840262196216,-0.08928076942913125
0.317,28.39682126176076,-6.146045944292207,28.393585924571386,0.04477011403535013,-0.2751591777924633,28.39682126176076,-6.146045944292207,28.393585924571386,0.044770114035347586,-0.27515917779244764,31.783598109493692,-6.879060598198617,31.779976906400996,0.021893432294502888,-0.15060624745644396,31.783598109493692,-6.879060598198617,31.779976906400996,0.021893432294496792,-0.15060624745640203,36.24250000000001,-4.756022211684548,-0.0,0.03255005257499809,-0.1548087730381907,36.24250000000001,-4.756022211684548,-0.0,0.03255005257499535,-0.15480877303817772,40.565000000000005,-5.323254218582704,-0.0,0.016829042337369544,-0.08958527061710936,40.565000000000005,-5.323254218582704,-0.0,0.016829042337365298,-0.08958527061708675
0.318,28.04549559828895,-6.117473750481212,28.750308593041794,0.044990821867215966,-0.27523017178526976,28.04549559828895,-6.117473750481212,28.750308593041794,0.044990821867213426,-0.2752301717852542,31.39037122010323,-6.847080711547777,32.179244480285305,0.021993530179655142,-0.15059147627196065,31.39037122010323,-6.847080711547777,32.179244480285305,0.021993530179648994,-0.15059147627191855,35.97,-4.756022211684548,-0.0,0.03264924555370596,-0.15528053704816852,35.97,-4.756022211684548,-0.0,0.03264924555370322,-0.1552805370481555,40.26,-5.323254218582704,-0.0,0.01688576752849506,-0.08988723323006817,40.26,-5.323254218582704,-0.0,0.01688576752849077,-0.08988723323004534
0.319,27.695817191928132,-6.0885463206201385,29.10405071946446,0.04520873528219262,-0.27525547886228374,27.695817191928132,-6.0885463206201385,29.10405071946446,0.04520873528219008,-0.27525547886226825,30.998988049681028,-6.814703221244558,32.57517603462995,0.02209213476609763,-0.1505513419546944,30.998988049681028,-6.814703221244558,32.57517603462995,0.02209213476609143,-0.15055134195465217,35.6975,-4.756022211684548,-0.0,0.03274770001612267,-0.15574878865826183,35.6975,-4.756022211684548,-0.0,0.03274770001611993,-0.15574878865824882,39.955000000000005,-5.323254218582704,-0.0,0.016942014228157,-0.09018664871132494,39.955000000000005,-5.323254218582704,-0.0,0.016942014228152676,-0.09018664871130193
0.32,27.347806310399903,-6.059266657166786,29.454768472338625,0.04542384874597795,-0.2752352121466915,27.347806310399903,-6.059266657166786,29.454768472338625,0.04542384874597541,-0.2752352121466761,30.609471283199888,-6.781931487838054,32.967722510323966,0.02218924703845478,-0.15048595318151375,30.609471283199888,-6.781931487838054,32.967722510323966,0.022189247038448528,-0.15048595318147134,35.425,-4.756022211684548,-0.0,0.032845413735237375,-0.1562135172767577,35.425,-4.756022211684548,-0.0,0.03284541373523462,-0.1562135172767446,39.65,-5.323254218582704,-0.0,0.01699778084249441,-0.09048350857635265,39.65,-5.323254218582704,-0.0,0.016997780842490054,-0.09048350857632945
0.321,27.00148304814231,-6.029637806410483,29.8024180201635,0.0456361571365403,-0.27516949840977295,27.00148304814231,-6.029637806410483,29.8024180201635,0.04563615713653776,-0.27516949840975763,30.221843411682215,-6.748768920936504,33.35683484825639,0.022284868256569244,-0.15039542629709898,30.221843411682215,-6.748768920936504,33.35683484825639,0.022284868256562937,-0.1503954262970564,35.1525,-4.756022211684548,-0.0,0.03294238450079459,-0.15667471239163186,35.1525,-4.756022211684548,-0.0,0.03294238450079183,-0.15667471239161873,39.345,-5.323254218582704,-0.0,0.017053065791250502,-0.09077780441304263,39.345,-5.323254218582704,-0.0,0.017053065791246103,-0.09077780441301922
0.322,26.656867323797513,-5.999662858471989,30.14695553143862,0.04584565573652964,-0.2750584779447502,26.656867323797513,-5.999662858471989,30.14695553143862,0.045845655736527095,-0.2750584779447349,29.836126729388045,-6.71521897920718,33.74246398931662,0.022378999950151086,-0.1502798852009311,29.836126729388045,-6.71521897920718,33.74246398931662,0.022378999950144727,-0.15027988520088842,34.879999999999995,-4.756022211684548,-0.0,0.03303861011934426,-0.15713236357078716,34.879999999999995,-4.756022211684548,-0.0,0.0330386101193415,-0.15713236357077404,39.03999999999999,-5.323254218582704,-0.0,0.017107867507817412,-0.09106952788194302,39.03999999999999,-5.323254218582704,-0.0,0.017107867507812978,-0.09106952788191941
0.323,26.31397887770168,-5.969344947303617,30.488337174663013,0.046052340225541985,-0.27490230443684616,26.31397887770168,-5.969344947303617,30.488337174663013,0.04605234022553943,-0.27490230443683095,29.452343331005544,-6.681285170376525,34.12456087439346,0.022471643913325644,-0.15013946123208452,29.452343331005544,-6.681285170376525,34.12456087439346,0.022471643913319232,-0.1501394612320417,34.6075,-4.756022211684548,-0.0,0.0331340884142913,-0.15758646046228908,34.6075,-4.756022211684548,-0.0,0.033134088414288526,-0.15758646046227587,38.735,-5.323254218582704,-0.0,0.017162184439280623,-0.09135867071649502,38.735,-5.323254218582704,-0.0,0.01716218443927615,-0.09135867071647122
0.324,25.97283726937296,-5.938687250689183,30.826519118336016,0.04625620667224452,-0.2747011448297024,25.97283726937296,-5.938687250689183,30.826519118336016,0.046256206672241965,-0.27470114482968727,29.07051510883946,-6.646971051230095,34.50307644437609,0.022562802199085283,-0.1499742930519506,29.07051510883946,-6.646971051230095,34.50307644437609,0.022562802199078823,-0.14997429305190765,34.334999999999994,-4.756022211684548,-0.0,0.033228817225944875,-0.15803699279459996,34.334999999999994,-4.756022211684548,-0.0,0.0332288172259421,-0.15803699279458674,38.429999999999986,-5.323254218582704,-0.0,0.017216015046462956,-0.09164522472326725,38.429999999999986,-5.323254218582704,-0.0,0.017216015046458453,-0.09164522472324327
0.325,25.633461875000076,-5.907692990243972,31.161457530957257,0.046457251526365984,-0.2744551791883134,25.633461875000076,-5.907692990243972,31.161457530957257,0.04645725152636343,-0.2744551791882983,28.690663750000084,-6.612280227612519,34.87796164015399,0.022652477113648734,-0.14978452652502464,28.690663750000084,-6.612280227612519,34.87796164015399,0.02265247711364223,-0.14978452652498161,34.0625,-4.756022211684548,-0.0,0.03332279441156726,-0.15848395037681162,34.0625,-4.756022211684548,-0.0,0.03332279441156448,-0.15848395037679838,38.12499999999999,-5.323254218582704,-0.0,0.017269357803968186,-0.0919291817821878,38.12499999999999,-5.323254218582704,-0.0,0.01726935780396364,-0.0919291817821636
0.326,25.295871884931092,-5.876365431414777,31.493108581025485,0.046655471610557914,-0.274164600558636,25.295871884931092,-5.876365431414777,31.493108581025485,0.04665547161055535,-0.27416460055862096,28.312810733592595,-6.577216354427548,35.249167402615676,0.022740671210732314,-0.14957031459788828,28.312810733592595,-6.577216354427548,35.249167402615676,0.02274067121072576,-0.14957031459784517,33.78999999999999,-4.756022211684548,-0.0,0.03341601784542226,-0.1589273230988755,33.78999999999999,-4.756022211684548,-0.0,0.03341601784541948,-0.15892732309886226,37.819999999999986,-5.323254218582704,-0.0,0.017322211200224275,-0.09221053384677444,37.819999999999986,-5.323254218582704,-0.0,0.017322211200219692,-0.09221053384675004
0.327,24.960086301162306,-5.844707883479919,31.821428437040478,0.04685086411213395,-0.2738296148240357,24.960086301162306,-5.844707883479919,31.821428437040478,0.0468508641121314,-0.2738296148240208,27.936977327906433,-6.541783135638074,35.61664467265081,0.022827387285737945,-0.14933181717651947,27.936977327906433,-6.541783135638074,35.61664467265081,0.022827387285731335,-0.14933181717647623,33.5175,-4.756022211684548,-0.0,0.03350848541882334,-0.15936710093183162,33.5175,-4.756022211684548,-0.0,0.03350848541882055,-0.15936710093181836,37.51499999999999,-5.323254218582704,-0.0,0.017374573737526183,-0.09248927294436252,37.51499999999999,-5.323254218582704,-0.0,0.01737457373752157,-0.09248927294433795
0.328,24.626123934826467,-5.812723699549207,32.14637326750131,0.04704342657469118,-0.27345044055871043,24.626123934826467,-5.812723699549207,32.14637326750131,0.047043426574688636,-0.2734504405586956,27.563184587603935,-6.505984324266085,35.98034439114826,0.0229126283698617,-0.14906920100205462,27.563184587603935,-6.505984324266085,35.98034439114826,0.022912628369855047,-0.14906920100201132,33.24499999999999,-4.756022211684548,-0.0,0.03360019504018131,-0.15980327392803528,33.24499999999999,-4.756022211684548,-0.0,0.03360019504017851,-0.159803273928022,37.20999999999999,-5.323254218582704,-0.0,0.017426443932078355,-0.09276539117633108,37.20999999999999,-5.323254218582704,-0.0,0.017426443932073703,-0.0927653911763063
0.329,24.294003403681714,-5.780416276563937,32.467899240907286,0.047233156889620986,-0.2730273088782632,24.294003403681714,-5.780416276563937,32.467899240907286,0.04723315688961843,-0.27302730887824844,27.191453350909807,-6.469823722392663,36.34021749899714,0.022996397724127763,-0.14878263952513845,27.191453350909807,-6.469823722392663,36.34021749899714,0.02299639772412106,-0.14878263952509507,32.9725,-4.756022211684548,-0.0,0.03369114463505161,-0.16023583222138213,32.9725,-4.756022211684548,-0.0,0.033691144635048804,-0.1602358322213688,36.904999999999994,-5.323254218582704,-0.0,0.017477820314036708,-0.09303888071832639,36.904999999999994,-5.323254218582704,-0.0,0.017477820314032017,-0.09303888071830142
0.33,23.963743129599997,-5.747789055296919,32.785962525757796,0.04742005328751433,-0.27256046328757155,23.963743129599997,-5.747789055296919,32.785962525757796,0.04742005328751177,-0.27256046328755684,26.821804236799995,-6.433305181158019,36.6962149370867,0.02307869883335193,-0.1484723127789885,26.821804236799995,-6.433305181158019,36.6962149370867,0.023078698833345183,-0.1484723127789451,32.699999999999996,-4.756022211684548,-0.0,0.033781332146181266,-0.16066476602753132,32.699999999999996,-4.756022211684548,-0.0,0.033781332146178455,-0.16066476602751797,36.59999999999999,-5.323254218582704,-0.0,0.017528701427550322,-0.09330973382048392,36.59999999999999,-5.323254218582704,-0.0,0.017528701427545597,-0.09330973382045878
0.331,23.635361336055833,-5.714845520352433,33.10051929055203,0.04760411432946771,-0.2720501595261036,23.635361336055833,-5.714845520352433,33.10051929055203,0.04760411432946515,-0.27205015952608896,26.45425764219093,-6.396432600761438,37.04828764630594,0.023159535400039104,-0.1481384072512987,26.45425764219093,-6.396432600761438,37.04828764630594,0.023159535400032308,-0.14813840725125524,32.4275,-4.756022211684548,-0.0,0.033870755533555424,-0.1610900656441269,32.4275,-4.756022211684548,-0.0,0.03387075553355261,-0.16109006564411352,36.294999999999995,-5.323254218582704,-0.0,0.017579085830802685,-0.09357794280764783,36.294999999999995,-5.323254218582704,-0.0,0.01757908583079792,-0.09357794280762248
0.332,23.30887604561505,-5.68158920016633,33.41152570378938,0.047785338898295796,-0.27149666541084544,23.30887604561505,-5.68158920016633,33.41152570378938,0.04778533889829324,-0.27149666541083095,26.08883373912877,-6.359209930461398,37.39638656754408,0.023238911338219308,-0.14778111575511618,26.08883373912877,-6.359209930461398,37.39638656754408,0.023238911338212473,-0.14778111575507272,32.154999999999994,-4.756022211684548,-0.0,0.03395941277444347,-0.1615117214510171,32.154999999999994,-4.756022211684548,-0.0,0.033959412774440645,-0.16151172145100368,35.98999999999999,-5.323254218582704,-0.0,0.01762897209605254,-0.09384350007958847,35.98999999999999,-5.323254218582704,-0.0,0.017628972096047746,-0.09384350007956294
0.333,22.984305077423258,-5.648023667005879,33.7189379339691,0.0479637261896564,-0.27090026067696904,22.984305077423258,-5.648023667005879,33.7189379339691,0.047963726189653846,-0.27090026067695466,25.72555247197832,-6.321641168575387,37.740462641690186,0.02331683076722642,-0.14740063729880376,25.72555247197832,-6.321641168575387,37.740462641690186,0.023316830767219538,-0.14740063729876027,31.8825,-4.756022211684548,-0.0,0.03404730186344479,-0.1619297239104721,31.8825,-4.756022211684548,-0.0,0.034047301863441966,-0.16192972391045868,35.684999999999995,-5.323254218582704,-0.0,0.017678358809674367,-0.09410639811121779,35.684999999999995,-5.323254218582704,-0.0,0.017678358809669538,-0.09410639811119208
0.334,22.66166604469455,-5.614152536969922,34.02271214959042,0.04813927570309397,-0.2702612368164195,22.66166604469455,-5.614152536969922,34.02271214959042,0.04813927570309141,-0.2702612368164051,25.364433554612244,-6.283730362480095,38.080466809633315,0.023393298005424234,-0.14699717695522932,25.364433554612244,-6.283730362480095,38.080466809633315,0.023393298005417305,-0.14699717695518577,31.609999999999992,-4.756022211684548,-0.0,0.03413442081253417,-0.16234406356739983,31.609999999999992,-4.756022211684548,-0.0,0.03413442081253133,-0.16234406356738634,35.37999999999999,-5.323254218582704,-0.0,0.017727244572198413,-0.09436662945280255,35.37999999999999,-5.323254218582704,-0.0,0.017727244572193546,-0.09436662945277664
0.335,22.340976352199988,-5.579979469988725,34.3228045191528,0.04831198723300756,-0.26957989691453954,22.340976352199988,-5.579979469988725,34.3228045191528,0.04831198723300499,-0.2695798969145252,25.005496467599986,-6.245481608611233,38.41635001226276,0.023468317563884056,-0.14657094573028587,25.005496467599986,-6.245481608611233,38.41635001226276,0.02346831756387708,-0.1465709457302423,31.3375,-4.756022211684548,-0.0,0.034220767651106695,-0.1627547310495595,31.3375,-4.756022211684548,-0.0,0.03422076765110385,-0.16275473104954596,35.074999999999996,-5.323254218582704,-0.0,0.017775627998350356,-0.09462418673017536,35.074999999999996,-5.323254218582704,-0.0,0.017775627998345457,-0.09462418673014929
0.336,22.02225319375666,-5.545508169824121,34.619171211155255,0.04848186085954859,-0.26885655548490295,22.02225319375666,-5.545508169824121,34.619171211155255,0.04848186085954602,-0.26885655548488874,24.648760455397362,-6.206899052463695,38.74806319046735,0.023541894140018203,-0.14612216043087958,24.648760455397362,-6.206899052463695,38.74806319046735,0.023541894140011184,-0.14612216043083603,31.064999999999987,-4.756022211684548,-0.0,0.03430634042602239,-0.16316171706777402,31.064999999999987,-4.756022211684548,-0.0,0.034306340426019544,-0.16316171706776048,34.76999999999999,-5.323254218582704,-0.0,0.017823507717090573,-0.09487906264494378,34.76999999999999,-5.323254218582704,-0.0,0.017823507717085636,-0.0948790626449175
0.337,21.70551354971594,-5.510742384069435,34.91176839409736,0.04864889693945553,-0.26809153830248345,21.70551354971594,-5.510742384069435,34.91176839409736,0.04864889693945298,-0.26809153830246935,24.29424452353527,-6.167986888591478,39.07555728513649,0.023614032611174014,-0.1456510435324929,24.29424452353527,-6.167986888591478,39.07555728513649,0.02361403261116695,-0.14565104353244931,30.7925,-4.756022211684548,-0.0,0.03439113720165035,-0.16356501241613983,30.7925,-4.756022211684548,-0.0,0.034391137201647506,-0.1635650124161263,34.464999999999996,-5.323254218582704,-0.0,0.017870882371652984,-0.09513124997469703,34.464999999999996,-5.323254218582704,-0.0,0.01787088237164801,-0.09513124997467054
0.338,21.390774184452084,-5.475685904149448,35.200552236478345,0.048813096096829975,-0.26728518223530434,21.390774184452084,-5.475685904149448,35.200552236478345,0.04881309609682742,-0.26728518223529035,23.941967435808753,-6.128749360607639,39.39878323715924,0.023684738028192272,-0.1451578230464428,23.941967435808753,-6.128749360607639,39.39878323715924,0.023684738028185166,-0.14515782304639926,30.519999999999992,-4.756022211684548,-0.0,0.03447515605991258,-0.1639646079722354,30.519999999999992,-4.756022211684548,-0.0,0.03447515605990972,-0.1639646079722218,34.15999999999999,-5.323254218582704,-0.0,0.017917750619583492,-0.09538074157321069,34.15999999999999,-5.323254218582704,-0.0,0.017917750619578482,-0.09538074157318402
0.339,21.07805164385131,-5.440342565320488,35.48547890679739,0.04897445921386089,-0.2664378350747196,21.07805164385131,-5.440342565320488,35.48547890679739,0.04897445921385834,-0.2664378350747057,23.591947711466606,-6.089190761184399,39.7176919874246,0.023754015608934632,-0.14464273238695477,23.591947711466606,-6.089190761184399,39.7176919874246,0.023754015608927485,-0.14464273238691125,30.247499999999995,-4.756022211684548,-0.0,0.034558395100327294,-0.16436049469732705,30.247499999999995,-4.756022211684548,-0.0,0.034558395100324435,-0.16436049469731345,33.855,-5.323254218582704,-0.0,0.017964111132778012,-0.09562753037064908,33.855,-5.323254218582704,-0.0,0.01796411113277297,-0.09562753037062224
0.34,20.767362252800073,-5.404716246670394,35.76650457355402,0.0491329874215029,-0.2655498553644488,20.767362252800073,-5.404716246670394,35.76650457355402,0.04913298742150035,-0.26554985536443504,23.24420362240008,-6.049315432053102,40.03223447682193,0.02382187073178435,-0.1441060102381572,23.24420362240008,-6.049315432053102,40.03223447682193,0.02382187073177716,-0.1441060102381137,29.974999999999994,-4.756022211684548,-0.0,0.034640852440051995,-0.16475266363657415,29.974999999999994,-4.756022211684548,-0.0,0.034640852440049136,-0.16475266363656055,33.54999999999999,-5.323254218582704,-0.0,0.018009962597520163,-0.09587160937376593,33.54999999999999,-5.323254218582704,-0.0,0.018009962597515083,-0.09587160937373888
0.341,20.458722112673453,-5.368810871118405,36.04358540524725,0.049288682090113736,-0.26462161222850167,20.458722112673453,-5.368810871118405,36.04358540524725,0.049288682090111176,-0.2646216122284879,22.898753190331753,-6.009127764004085,40.342361646240036,0.02388830892912429,-0.14354790042110746,22.898753190331753,-6.009127764004085,40.342361646240036,0.02388830892911706,-0.14354790042106402,29.702499999999997,-4.756022211684548,-0.0,0.03472252621392602,-0.16514110591923112,29.702499999999997,-4.756022211684548,-0.0,0.034722526213923154,-0.1651411059192175,33.24499999999999,-5.323254218582704,-0.0,0.018055303714518415,-0.09611297166610212,33.24499999999999,-5.323254218582704,-0.0,0.018055303714513304,-0.09611297166607492
0.342,20.152147098824692,-5.332630405415408,36.31667757037659,0.04944154482005739,-0.2636534851981467,20.152147098824692,-5.332630405415408,36.31667757037659,0.04944154482005482,-0.263653485198133,22.555614184005616,-5.96863219688697,40.64802443656829,0.023953335880796647,-0.1429686517609708,22.555614184005616,-5.96863219688697,40.64802443656829,0.023953335880789378,-0.1429686517609274,29.42999999999999,-4.756022211684548,-0.0,0.03480341457451271,-0.16552581275884817,29.42999999999999,-4.756022211684548,-0.0,0.03480341457450985,-0.16552581275883455,32.93999999999998,-5.323254218582704,-0.0,0.018100133198942967,-0.096351610408182,32.93999999999998,-5.323254218582704,-0.0,0.018100133198937822,-0.09635161040815463
0.343,19.84765285807289,-5.296178860143682,36.58573723744127,0.04959157743227828,-0.2626458640380107,19.84765285807289,-5.296178860143682,36.58573723744127,0.04959157743227572,-0.26264586403799717,22.21480411637516,-5.927833219610359,40.94917378869574,0.024016957407548466,-0.1423685179544329,22.21480411637516,-5.927833219610359,40.94917378869574,0.024016957407541166,-0.1423685179543896,29.15749999999999,-4.756022211684548,-0.0,0.03488351569214126,-0.1659067754534703,29.15749999999999,-4.756022211684548,-0.0,0.03488351569213838,-0.1659067754534566,32.63499999999999,-5.323254218582704,-0.0,0.018144449780462125,-0.09658751883770703,32.63499999999999,-5.323254218582704,-0.0,0.01814444978045695,-0.09658751883767948
0.34400000000000003,19.545254806192133,-5.259460289717043,36.850720574940546,0.04973878195885226,-0.2615991485714779,19.545254806192133,-5.259460289717043,36.850720574940546,0.049738781958849704,-0.2615991485714645,21.876340241793027,-5.886735370142011,41.24576064351144,0.024079179464467047,-0.14174775743747534,21.876340241793027,-5.886735370142011,41.24576064351144,0.0240791794644597,-0.1417477574374321,28.88499999999999,-4.756022211684548,-0.0,0.034962827754948037,-0.16628398538583386,28.88499999999999,-4.756022211684548,-0.0,0.03496282775494515,-0.16628398538582012,32.329999999999984,-5.323254218582704,-0.0,0.01818825220327832,-0.09682069026974748,32.329999999999984,-5.323254218582704,-0.0,0.01818825220327311,-0.09682069026971975
0.34500000000000003,19.24496812539993,-5.22247879238082,37.1115837513737,0.04988316063352015,-0.26051374850548475,19.24496812539993,-5.22247879238082,37.1115837513737,0.0498831606335176,-0.2605137485054715,21.540239553199918,-5.845343235508808,41.53773594190451,0.024140008134409353,-0.1411066332535973,21.540239553199918,-5.845343235508808,41.53773594190451,0.024140008134401966,-0.14110663325355413,28.612499999999994,-4.756022211684548,-0.0,0.0350413489689176,-0.16665743402356153,28.612499999999994,-4.756022211684548,-0.0,0.03504134896891471,-0.1666574340235478,32.02499999999999,-5.323254218582704,-0.0,0.018231539226163666,-0.09705111809693179,32.02499999999999,-5.323254218582704,-0.0,0.01823153922615842,-0.09705111809690387
0.34600000000000003,18.94680776184631,-5.185238510211827,37.368282935240245,0.05002471588220936,-0.25939008325483714,18.94680776184631,-5.185238510211827,37.368282935240245,0.05002471588220681,-0.25939008325482393,21.206518779314216,-5.803661451796723,41.82505062476431,0.024199449621429423,-0.14044541292258675,21.206518779314216,-5.803661451796723,41.82505062476431,0.024199449621422,-0.14044541292254364,28.33999999999999,-4.756022211684548,-0.0,0.03511907755792329,-0.16702711291935549,28.33999999999999,-4.756022211684548,-0.0,0.0351190775579204,-0.16702711291934177,31.719999999999985,-5.323254218582704,-0.0,0.018274309622495155,-0.09727879578963385,31.719999999999985,-5.323254218582704,-0.0,0.018274309622489878,-0.09727879578960576
0.34700000000000003,18.650788423101503,-5.147743629118363,37.620774295039205,0.050163450313549074,-0.2582285817661678,18.650788423101503,-5.147743629118363,37.620774295039205,0.05016345031354652,-0.25822858176615465,20.87519438182003,-5.761694704150828,42.10765563297966,0.024257510244207792,-0.1397643683099365,20.87519438182003,-5.761694704150828,42.10765563297966,0.02425751024420033,-0.1397643683098935,28.067499999999995,-4.756022211684548,-0.0,0.03519601176376738,-0.1673930137111883,28.067499999999995,-4.756022211684548,-0.0,0.03519601176376448,-0.16739301371117452,31.414999999999992,-5.323254218582704,-0.0,0.018316562180289417,-0.09750371689615805,31.414999999999992,-5.323254218582704,-0.0,0.018316562180284105,-0.09750371689612979
0.34800000000000003,18.356924575645653,-5.109998378840255,37.869013999269924,0.050299366709384785,-0.25702968234164775,18.356924575645653,-5.109998378840255,37.869013999269924,0.05029936670938223,-0.2570296823416347,20.546282552557518,-5.719447726775331,42.385501907439725,0.024314196429486797,-0.13906377549699714,20.546282552557518,-5.719447726775331,42.385501907439725,0.024314196429479303,-0.13906377549695428,27.794999999999987,-4.756022211684548,-0.0,0.03527214984622087,-0.16775512812249216,27.794999999999987,-4.756022211684548,-0.0,0.03527214984621796,-0.16775512812247834,31.109999999999985,-5.323254218582704,-0.0,0.018358295702237043,-0.09772587504292207,31.109999999999985,-5.323254218582704,-0.0,0.0183582957022317,-0.09772587504289362
0.34900000000000003,18.065230442356892,-5.0720070329488385,38.112958216431856,0.05043246801529742,-0.2557938324625558,18.065230442356892,-5.0720070329488385,38.112958216431856,0.05043246801529487,-0.25579383246254295,20.219799210711383,-5.676925302933562,42.65854038903382,0.024369514705515752,-0.1383439146519539,20.219799210711383,-5.676925302933562,42.65854038903382,0.02436951470550822,-0.13834391465191112,27.522499999999997,-4.756022211684548,-0.0,0.03534749008306278,-0.16811344796234587,27.522499999999997,-4.756022211684548,-0.0,0.035347490083059874,-0.16811344796233205,30.804999999999993,-5.323254218582704,-0.0,0.01839950900573654,-0.0979452639346375,30.804999999999993,-5.323254218582704,-0.0,0.018399509005731167,-0.0979452639346089
0.35000000000000003,17.775720000000035,-5.033773908846927,38.35256311502419,0.05056275733113221,-0.254521488612812,17.775720000000035,-5.033773908846927,38.35256311502419,0.050562757331129665,-0.25452148861279916,19.895760000000042,-5.634132264947937,42.92672201865092,0.02442347169550957,-0.13760506990171315,19.895760000000042,-5.634132264947937,42.92672201865092,0.024423471695502002,-0.1376050699016705,27.25,-4.756022211684548,-0.0,0.035422030770119246,-0.16846796512566065,27.25,-4.756022211684548,-0.0,0.03542203077011634,-0.16846796512564682,30.5,-5.323254218582704,-0.0,0.01844020092292782,-0.0981618773544882,30.5,-5.323254218582704,-0.0,0.01844020092292241,-0.09816187735445939
0.35100000000000003,17.488406976715073,-4.9953033677688135,38.58778486354616,0.050690237901543214,-0.2532131161025812,17.488406976715073,-4.9953033677688135,38.58778486354616,0.05069023790154067,-0.25321311610256847,19.574180285864575,-5.591073494199956,43.18999773718011,0.024476074111124922,-0.1368475292047843,19.574180285864575,-5.591073494199956,43.18999773718011,0.024476074111117317,-0.13684752920474177,26.977500000000003,-4.756022211684548,-0.0,0.03549577022130194,-0.16881867159336295,26.977500000000003,-4.756022211684548,-0.0,0.035495770221299024,-0.1688186715933491,30.195000000000004,-5.323254218582704,-0.0,0.01848037030072531,-0.09837570916430652,30.195000000000004,-5.323254218582704,-0.0,0.01848037030071986,-0.09837570916427753
0.35200000000000004,17.20330484950625,-4.956599814780355,38.81857963049728,0.05081491310655821,-0.25186918889204624,17.20330484950625,-4.956599814780355,38.81857963049728,0.05081491310655567,-0.2518691888920337,19.25507515265837,-5.5477539211303055,43.44831848551072,0.024527328745957304,-0.13607158422523669,19.25507515265837,-5.5477539211303055,43.44831848551072,0.024527328745949668,-0.13607158422519433,26.705,-4.756022211684548,-0.0,0.03556870676864625,-0.16916555943257608,26.705,-4.756022211684548,-0.0,0.03556870676864332,-0.16916555943256215,29.889999999999997,-5.323254218582704,-0.0,0.018520016000850605,-0.09858675330474717,29.889999999999997,-5.323254218582704,-0.0,0.018520016000845126,-0.098586753304718
0.35300000000000004,16.92042684173048,-4.917667698778852,39.04490358437658,0.05093678645216919,-0.25049018941542867,16.92042684173048,-4.917667698778852,39.04490358437658,0.05093678645216664,-0.2504901894154162,18.93845940083595,-5.504178525238715,43.70163520453158,0.02457724246906278,-0.13527753020780028,18.93845940083595,-5.504178525238715,43.70163520453158,0.024577242469055113,-0.1352775302077581,26.432499999999994,-4.756022211684548,-0.0,0.035640838762349004,-0.1695086207967995,26.432499999999994,-4.756022211684548,-0.0,0.035640838762346076,-0.16950862079678555,29.58499999999999,-5.323254218582704,-0.0,0.01855913689986475,-0.09879500379545895,29.58499999999999,-5.323254218582704,-0.0,0.018559136899859243,-0.09879500379542965
0.35400000000000004,16.63978592058565,-4.878511512493125,39.266712893683604,0.051055861560954194,-0.24907660840537024,16.63978592058565,-4.878511512493125,39.266712893683604,0.05105586156095165,-0.2490766084053578,18.624347544141735,-5.460352335084047,43.94989883513211,0.024625822218508158,-0.13446566585419562,18.624347544141735,-5.460352335084047,43.94989883513211,0.024625822218500452,-0.13446566585415357,26.159999999999997,-4.756022211684548,-0.0,0.03571216457080582,-0.16984784792608643,26.159999999999997,-4.756022211684548,-0.0,0.035712164570802896,-0.16984784792607255,29.279999999999998,-5.323254218582704,-0.0,0.018597731889200067,-0.09900045473525435,29.279999999999998,-5.323254218582704,-0.0,0.018597731889194523,-0.09900045473522483
0.35500000000000004,16.361394794599956,-4.839135792483501,39.483963726917395,0.0511721421627343,-0.24762894471774163,16.361394794599956,-4.839135792483501,39.483963726917395,0.051172142162731755,-0.2476289447177293,18.312753806799947,-5.416280428284285,44.19306031820112,0.024673074994952516,-0.13363629320075168,18.312753806799947,-5.416280428284285,44.19306031820112,0.024673074994944776,-0.13363629320070977,25.887500000000006,-4.756022211684548,-0.0,0.035782682580647984,-0.17018323314721956,25.887500000000006,-4.756022211684548,-0.0,0.035782682580645056,-0.17018323314720565,28.975000000000005,-5.323254218582704,-0.0,0.018635799875191546,-0.09920310030227643,28.975000000000005,-5.323254218582704,-0.0,0.018635799875185967,-0.09920310030224673
0.35600000000000004,16.085265911119844,-4.7995451191418015,39.696612252577395,0.051285632085272176,-0.24614770515697024,16.085265911119844,-4.7995451191418015,39.696612252577395,0.05128563208526963,-0.24614770515695802,18.003692120702947,-5.371967931516512,44.431070594627904,0.02471900785526435,-0.13278971749738483,18.003692120702947,-5.371967931516512,44.431070594627904,0.024719007855256582,-0.1327897174973431,25.615,-4.756022211684548,-0.0,0.03585239119677894,-0.17051476887388417,25.615,-4.756022211684548,-0.0,0.035852391196775996,-0.17051476887387018,28.669999999999998,-5.323254218582704,-0.0,0.018673339779107866,-0.09940293475416417,28.669999999999998,-5.323254218582704,-0.0,0.018673339779102262,-0.09940293475413434
0.35700000000000004,15.811411453799007,-4.7597441166913725,39.90461463916301,0.0513963352450158,-0.2446334043019614,15.811411453799007,-4.7597441166913725,39.90461463916301,0.051396335245013254,-0.24463340430194927,17.697176122600723,-5.327420020516949,44.66388060530171,0.0247636279061769,-0.13192624708799905,17.697176122600723,-5.327420020516949,44.66388060530171,0.024763627906169094,-0.13192624708795744,25.34249999999999,-4.756022211684548,-0.0,0.03592128884241036,-0.17084244760683998,25.34249999999999,-4.756022211684548,-0.0,0.03592128884240743,-0.17084244760682607,28.36499999999999,-5.323254218582704,-0.0,0.018710350537181963,-0.09959995242821505,28.36499999999999,-5.323254218582704,-0.0,0.01871035053717632,-0.09959995242818502
0.35800000000000004,15.5398433400873,-4.719737453187026,40.10792705517331,0.051504255637892696,-0.2430865643326812,15.5398433400873,-4.719737453187026,40.10792705517331,0.05150425563789014,-0.24308656433266915,17.39321915129037,-5.282641920080891,44.89144129111141,0.024806942297985343,-0.13104619329236517,17.39321915129037,-5.282641920080891,44.89144129111141,0.024806942297977506,-0.13104619329232378,25.07,-4.756022211684548,-0.0,0.035989373959097876,-0.17116626193409096,25.07,-4.756022211684548,-0.0,0.035989373959094934,-0.17116626193407697,28.06,-5.323254218582704,-0.0,0.018746831100641133,-0.09979414774154535,28.06,-5.323254218582704,-0.0,0.018746831100635464,-0.09979414774151517
0.35900000000000004,15.270573218718495,-4.679529840515045,40.306505669107665,0.051609397330159776,-0.24150771485748015,15.270573218718495,-4.679529840515045,40.306505669107665,0.051609397330157236,-0.24150771485746828,17.091834244804186,-5.2376389040627105,45.11370359294619,0.024848958218289176,-0.1301498702895402,17.091834244804186,-5.2376389040627105,45.11370359294619,0.024848958218281317,-0.13014987028949904,24.797500000000003,-4.756022211684548,-0.0,0.036056645006776245,-0.17148620453105257,24.797500000000003,-4.756022211684548,-0.0,0.0360566450067733,-0.17148620453103858,27.755000000000003,-5.323254218582704,-0.0,0.018782780435736803,-0.09998551519124863,27.755000000000003,-5.323254218582704,-0.0,0.0187827804357311,-0.09998551519121826
0.36000000000000004,15.003612467199982,-4.639126034393324,40.5003066494655,0.051711764449312574,-0.2398973927412211,15.003612467199982,-4.639126034393324,40.5003066494655,0.051711764449310034,-0.23989739274120933,16.793034137599975,-5.192416295376014,45.33061845169533,0.024889682885782603,-0.1292375950028791,16.793034137599975,-5.192416295376014,45.33061845169533,0.02488968288577471,-0.1292375950028381,24.525,-4.756022211684548,-0.0,0.036123100463794244,-0.1718022681607178,24.525,-4.756022211684548,-0.0,0.036123100463791295,-0.1718022681607038,27.449999999999996,-5.323254218582704,-0.0,0.018818197523773797,-0.10017404935455146,27.449999999999996,-5.323254218582704,-0.0,0.018818197523768065,-0.10017404935452096
0.36100000000000004,14.73897218930067,-4.598530834371152,40.689286164745965,0.0518113611750588,-0.23825614193424827,14.73897218930067,-4.598530834371152,40.689286164745965,0.05181136117505626,-0.23825614193423658,16.49683125774937,-5.146979465993399,45.542136808247776,0.024929123544096096,-0.1283096869866752,16.49683125774937,-5.146979465993399,45.542136808247776,0.02492912354408817,-0.12830968698663442,24.252499999999994,-4.756022211684548,-0.0,0.036188738826949056,-0.17211444567382073,24.252499999999994,-4.756022211684548,-0.0,0.03618873882694609,-0.17211444567380663,27.14499999999999,-5.323254218582704,-0.0,0.018853081361139203,-0.10035974488896722,27.14499999999999,-5.323254218582704,-0.0,0.01885308136113344,-0.10035974488893654
0.36200000000000004,14.476663212539918,-4.557749083829359,40.873400383448455,0.051908191730361,-0.23658451330229155,14.476663212539918,-4.557749083829359,40.873400383448455,0.05190819173035848,-0.23658451330228006,16.20323772412725,-5.101333836946621,45.74820960349277,0.02496728745569239,-0.1273664683144965,16.20323772412725,-5.101333836946621,45.74820960349277,0.024967287455684432,-0.1273664683144559,23.979999999999997,-4.756022211684548,-0.0,0.03625355861152029,-0.17242273000899813,23.979999999999997,-4.756022211684548,-0.0,0.036253558611517335,-0.17242273000898406,26.839999999999993,-5.323254218582704,-0.0,0.018887430959330813,-0.10054259653244732,26.839999999999993,-5.323254218582704,-0.0,0.018887430959325022,-0.1005425965324165
0.36300000000000004,14.216696085676096,-4.516785669980277,41.052605474072266,0.052002260372552,-0.2348830644573261,14.216696085676096,-4.516785669980277,41.052605474072266,0.05200226037254947,-0.2348830644573147,15.912265343600767,-5.055484878326548,45.94878777831942,0.025004181895819363,-0.12640826346924122,15.912265343600767,-5.055484878326548,45.94878777831942,0.025004181895811384,-0.1264082634692009,23.707500000000003,-4.756022211684548,-0.0,0.03631755835130358,-0.17272711419294948,23.707500000000003,-4.756022211684548,-0.0,0.03631755835130062,-0.1727271141929354,26.535000000000004,-5.323254218582704,-0.0,0.01892124534498515,-0.10072259910353057,26.535000000000004,-5.323254218582704,-0.0,0.018921245344979326,-0.10072259910349955
0.364,13.959081076195366,-4.475645523867747,41.226857605116585,0.052093571384527734,-0.2331523595894465,13.959081076195366,-4.475645523867747,41.226857605116585,0.0520935713845252,-0.23315235958943514,15.623925608218665,-5.009438109283165,46.14382227361673,0.025039814146523044,-0.12543539923496025,15.623925608218665,-5.009438109283165,46.14382227361673,0.025039814146515033,-0.12543539923492011,23.434999999999995,-4.756022211684548,-0.0,0.0363807365986437,-0.1730275913405944,23.434999999999995,-4.756022211684548,-0.0,0.036380736598640745,-0.17302759134058032,26.229999999999993,-5.323254218582704,-0.0,0.018954523559905033,-0.10089974750148972,26.229999999999993,-5.323254218582704,-0.0,0.018954523559899177,-0.10089974750145855
0.365,13.703828167799989,-4.434333620367075,41.396112945080695,0.05218212906602192,-0.23139296929979492,13.703828167799989,-4.434333620367075,41.396112945080695,0.05218212906601939,-0.23139296929978373,15.338229692399986,-4.963199098025533,46.3332640302738,0.025074191490723263,-0.12444820459047719,15.338229692399986,-4.963199098025533,46.3332640302738,0.02507419149071522,-0.12444820459043728,23.16249999999999,-4.756022211684548,-0.0,0.03644309192446737,-0.17332415465522857,23.16249999999999,-4.756022211684548,-0.0,0.0364430919244644,-0.17332415465521445,25.924999999999986,-5.323254218582704,-0.0,0.018987264661086724,-0.1010740367064762,25.924999999999986,-5.323254218582704,-0.0,0.018987264661080833,-0.10107403670644484
0.366,13.450947057897535,-4.392854978185117,41.56032766246412,0.052267937724966004,-0.22960547043458657,13.450947057897535,-4.392854978185117,41.56032766246412,0.05226793772496347,-0.22960547043457544,15.055188450123845,-4.916773461821874,46.517063989180016,0.02510732120635474,-0.12344701060484255,15.055188450123845,-4.916773461821874,46.517063989180016,0.025107321206346678,-0.12344701060480291,22.889999999999997,-4.756022211684548,-0.0,0.03650462291831552,-0.17361679742867742,22.889999999999997,-4.756022211684548,-0.0,0.036504622918312545,-0.17361679742866326,25.619999999999994,-5.323254218582704,-0.0,0.019019467720746665,-0.10124546177966226,25.619999999999994,-5.323254218582704,-0.0,0.01901946772074075,-0.10124546177963077
0.367,13.200447155088757,-4.351214659860183,41.71945792576592,0.05235100166893865,-0.22779044592025077,13.200447155088757,-4.351214659860183,41.71945792576592,0.05235100166893611,-0.2277904459202397,14.77481241211769,-4.870166866999471,46.69517309122424,0.025139210560576122,-0.12243215033464103,14.77481241211769,-4.870166866999471,46.69517309122424,0.025139210560568028,-0.1224321503346016,22.617500000000003,-4.756022211684548,-0.0,0.036565328188375254,-0.17390551304144783,22.617500000000003,-4.756022211684548,-0.0,0.03656532818837228,-0.17390551304143365,25.315,-5.323254218582704,-0.0,0.01905113182634778,-0.10141401786338104,25.315,-5.323254218582704,-0.0,0.019051131826341834,-0.10141401786334939
0.368,12.952337576656879,-4.309417771762101,41.87345990348557,0.05243132519670894,-0.22594848459973557,12.952337576656879,-4.309417771762101,41.87345990348557,0.05243132519670641,-0.22594848459972464,14.497111783047146,-4.823385028944737,46.86754227729577,0.025169866804049562,-0.12140395872318578,14.497111783047146,-4.823385028944737,46.86754227729577,0.025169866804041447,-0.12140395872314663,22.344999999999995,-4.756022211684548,-0.0,0.03662520636151129,-0.17419029496287788,22.344999999999995,-4.756022211684548,-0.0,0.0366252063615083,-0.1741902949628637,25.009999999999994,-5.323254218582704,-0.0,0.019082256080625297,-0.10157970018126407,25.009999999999994,-5.323254218582704,-0.0,0.019082256080619323,-0.10157970018123227
0.369,12.70662714605613,-4.267469464092239,42.022289764122235,0.052508912589876444,-0.22408018106998623,12.70662714605613,-4.267469464092239,42.022289764122235,0.052508912589873905,-0.2240801810699754,14.222096438705025,-4.776433712103239,47.0341224882836,0.025199297165293264,-0.12036277250161434,14.222096438705025,-4.776433712103239,47.0341224882836,0.025199297165285114,-0.12036277250157541,22.072499999999987,-4.756022211684548,-0.0,0.03668425608329704,-0.17447113675128473,22.072499999999987,-4.756022211684548,-0.0,0.036684256083294065,-0.17447113675127057,24.704999999999988,-5.323254218582704,-0.0,0.019112839601612207,-0.10174250403837676,24.704999999999988,-5.323254218582704,-0.0,0.0191128396016062,-0.10174250403834477
0.37,12.463324390400008,-4.225374930883386,42.16590367617517,0.05258376810461243,-0.22218613552061475,12.463324390400008,-4.225374930883386,42.16590367617517,0.0525837681046099,-0.22218613552060404,13.94977592320001,-4.729318729979569,47.19486466507679,0.02522750884510934,-0.11930893009190086,13.94977592320001,-4.729318729979569,47.19486466507679,0.02522750884510117,-0.1193089300918622,21.799999999999997,-4.756022211684548,-0.0,0.03674247601804523,-0.17474803205410994,21.799999999999997,-4.756022211684548,-0.0,0.036742476018042244,-0.17474803205409573,24.39999999999999,-5.323254218582704,-0.0,0.019142881522664225,-0.10190242482135124,24.39999999999999,-5.323254218582704,-0.0,0.019142881522658188,-0.1019024248213191
0.371,12.22243753795025,-4.183139409999904,42.30425780814382,0.052655895963505485,-0.22026695357379467,12.22243753795025,-4.183139409999904,42.30425780814382,0.052655895963502966,-0.22026695357378412,13.68015944614615,-4.6820459451375065,47.34971974856464,0.025254509011089304,-0.1182427715118093,13.68015944614615,-4.6820459451375065,47.34971974856464,0.02525450901108111,-0.11824277151177093,21.5275,-4.756022211684548,-0.0,0.03679986484883814,-0.17502097460806362,21.5275,-4.756022211684548,-0.0,0.03679986484883515,-0.17502097460804938,24.095,-5.323254218582704,-0.0,0.01917238099248439,-0.10205945799851739,24.095,-5.323254218582704,-0.0,0.01917238099247832,-0.10205945799848508
0.372,11.983974515605544,-4.140768183137638,42.43730832852748,0.05272530034751487,-0.2183232461253654,11.983974515605544,-4.140768183137638,42.43730832852748,0.052725300347512355,-0.218323246125355,13.413255879852075,-4.634621269199926,47.49863867963626,0.025280304792199296,-0.11716463828178365,13.413255879852075,-4.634621269199926,47.49863867963626,0.025280304792191077,-0.11716463828174557,21.254999999999995,-4.756022211684548,-0.0,0.036856421277557366,-0.17528995823926583,21.254999999999995,-4.756022211684548,-0.0,0.03685642127755438,-0.17528995823925161,23.789999999999992,-5.323254218582704,-0.0,0.019201337175147142,-0.10221359912003093,23.789999999999992,-5.323254218582704,-0.0,0.019201337175141046,-0.10221359911999849
0.373,11.747942946389706,-4.098266575823893,42.565011405825395,0.05279198538803534,-0.2163556291871686,11.747942946389706,-4.098266575823893,42.565011405825395,0.05279198538803282,-0.21635562918715828,13.149073756509578,-4.58705066284876,47.64157239918072,0.025304903273447258,-0.11607487333379002,13.149073756509578,-4.58705066284876,47.64157239918072,0.025304903273439018,-0.11607487333375222,20.98249999999999,-4.756022211684548,-0.0,0.036912144024913204,-0.17555497686338625,20.98249999999999,-4.756022211684548,-0.0,0.036912144024910214,-0.17555497686337204,23.484999999999985,-5.323254218582704,-0.0,0.019229749250122056,-0.10236484381799983,23.484999999999985,-5.323254218582704,-0.0,0.019229749250115932,-0.10236484381796723
0.374,11.51435014694088,-4.055639957417489,42.68732320853658,0.05285595515907651,-0.21436472373061774,11.51435014694088,-4.055639957417489,42.68732320853658,0.05285595515907399,-0.21436472373060753,12.887621265383368,-4.5393401358250784,47.77847184808682,0.02532831149063408,-0.1149738209221148,12.887621265383368,-4.5393401358250784,47.77847184808682,0.025328311490625817,-0.1149738209220773,20.709999999999994,-4.756022211684548,-0.0,0.03696703183047354,-0.17581602448578185,20.709999999999994,-4.756022211684548,-0.0,0.03696703183047055,-0.17581602448576764,23.179999999999993,-5.323254218582704,-0.0,0.01925761641229705,-0.10251318780660779,23.179999999999993,-5.323254218582704,-0.0,0.019257616412290894,-0.10251318780657502
0.375,11.283203125,-4.0128937411088375,42.804199905160935,0.05291721366956029,-0.2123511555314975,11.283203125,-4.0128937411088375,42.804199905160935,0.052917213669557775,-0.21235115553148742,12.62890625,-4.491495746929157,47.909287967244346,0.025350536425190848,-0.11386182653611737,12.62890625,-4.491495746929157,47.909287967244346,0.025350536425182563,-0.11386182653608017,20.4375,-4.756022211684548,-0.0,0.037021083452692456,-0.17607309520163258,20.4375,-4.756022211684548,-0.0,0.03702108345268945,-0.1760730952016183,22.875,-5.323254218582704,-0.0,0.019284937872001223,-0.10265862688223587,22.875,-5.323254218582704,-0.0,0.019284937871995044,-0.10265862688220298
0.376,11.054508576899075,-3.9700333839197155,42.91559766419741,0.05297576485573832,-0.21031555501596194,11.054508576899075,-3.9700333839197155,42.91559766419741,0.052975764855735796,-0.21031555501595192,12.372936205336579,-4.443523604020232,48.03397169754206,0.025371584999103497,-0.11273923681492203,12.372936205336579,-4.443523604020232,48.03397169754206,0.02537158499909519,-0.11273923681488511,20.164999999999992,-4.756022211684548,-0.0,0.0370742976689382,-0.17632618319607474,20.164999999999992,-4.756022211684548,-0.0,0.037074297668935205,-0.1763261831960605,22.569999999999993,-5.323254218582704,-0.0,0.019311712855027238,-0.10280115692358159,22.569999999999993,-5.323254218582704,-0.0,0.019311712855021028,-0.10280115692354853
0.377,10.828272885050227,-3.9270643867034694,43.02147265414516,0.053031612573734094,-0.20825855710776708,10.828272885050227,-3.9270643867034694,43.02147265414516,0.05303161257373156,-0.20825855710775712,12.119718275010344,-4.395429864016727,48.15247397986889,0.0253914640699275,-0.11160639946406703,12.119718275010344,-4.395429864016727,48.15247397986889,0.025391464069919167,-0.1116063994640304,19.892499999999988,-4.756022211684548,-0.0,0.03712667327552094,-0.17657528274433268,19.892499999999988,-4.756022211684548,-0.0,0.03712667327551793,-0.17657528274431836,22.264999999999986,-5.323254218582704,-0.0,0.01933794060265324,-0.10294077389177562,22.264999999999986,-5.323254218582704,-0.0,0.019337940602647,-0.1029407738917424
0.378,10.604502115434485,-3.883992294144965,43.12178104350383,0.05308476059221142,-0.20618080107667947,10.604502115434485,-3.883992294144965,43.12178104350383,0.05308476059220891,-0.2061808010766697,11.869259248467957,-4.347220732896199,48.264745755114376,0.025410180425893776,-0.11046366317407859,11.869259248467957,-4.347220732896199,48.264745755114376,0.02541018042588542,-0.11046366317404227,19.619999999999994,-4.756022211684548,-0.0,0.03717820908771989,-0.17682038821184812,19.619999999999994,-4.756022211684548,-0.0,0.03717820908771688,-0.1768203882118338,21.959999999999994,-5.323254218582704,-0.0,0.019363620371664364,-0.10307747383049631,21.959999999999994,-5.323254218582704,-0.0,0.019363620371658095,-0.10307747383046295
0.379,10.383202015089743,-3.84082269476049,43.21647900077213,0.05313521258517204,-0.20408293038805198,10.383202015089743,-3.84082269476049,43.21647900077213,0.05313521258516951,-0.2040829303880423,11.62156555817384,-4.298902465695227,48.37073796416697,0.025427740781107447,-0.10931137754096189,11.62156555817384,-4.298902465695227,48.37073796416697,0.02542774078109907,-0.10931137754092589,19.3475,-4.756022211684548,-0.0,0.03722890393981022,-0.1770614940544078,19.3475,-4.756022211684548,-0.0,0.03722890393980722,-0.1770614940543935,21.654999999999998,-5.323254218582704,-0.0,0.01938875143437381,-0.10321125286608185,21.654999999999998,-5.323254218582704,-0.0,0.019388751434367513,-0.10321125286604832
0.38,10.164378009599924,-3.797561220897933,43.305522694450175,0.05318297212488626,-0.2019655925535638,10.164378009599924,-3.797561220897933,43.305522694450175,0.053182972124883744,-0.20196559255355423,11.376643276799914,-4.250481366509613,48.47040154791671,0.025444151770841566,-0.10814989298860464,11.376643276799914,-4.250481366509613,48.47040154791671,0.025444151770833173,-0.10814989298856896,19.074999999999992,-4.756022211684548,-0.0,0.037278756685089356,-0.17729859481826882,19.074999999999992,-4.756022211684548,-0.0,0.03727875668508635,-0.17729859481825452,21.34999999999999,-5.323254218582704,-0.0,0.019413333078643437,-0.10334210720763984,21.34999999999999,-5.323254218582704,-0.0,0.019413333078637116,-0.10334210720760618
0.381,9.948035200583822,-3.7542135487366295,43.38886829303676,0.05322804267495686,-0.19982943898305455,9.948035200583822,-3.7542135487366295,43.38886829303676,0.05322804267495434,-0.1998294389830451,11.134498114414919,-4.201963788494209,48.56368744725215,0.02545941994692636,-0.10697956069305171,11.134498114414919,-4.201963788494209,48.56368744725215,0.025459419946917944,-0.10697956069301635,18.802499999999988,-4.756022211684548,-0.0,0.03732776619590293,-0.17753168514028195,18.802499999999988,-4.756022211684548,-0.0,0.037327766195899906,-0.17753168514026757,21.044999999999984,-5.323254218582704,-0.0,0.019437364607903972,-0.10347003314715497,21.044999999999984,-5.323254218582704,-0.0,0.01943736460789762,-0.10347003314712115
0.382,9.734178363183155,-3.710785398287396,43.466471965031126,0.053270427583521546,-0.1976751248374579,9.734178363183155,-3.710785398287396,43.466471965031126,0.05327042758351903,-0.19767512483744853,10.895135415672886,-4.153356133862957,48.65054660306236,0.025473551773236507,-0.10580073250864744,10.895135415672886,-4.153356133862957,48.65054660306236,0.025473551773228076,-0.10580073250861242,18.529999999999994,-4.756022211684548,-0.0,0.03737593136367025,-0.17776075974801284,18.529999999999994,-4.756022211684548,-0.0,0.037375931363667236,-0.17776075974799851,20.73999999999999,-5.323254218582704,-0.0,0.01946084534117472,-0.1035950270595939,20.73999999999999,-5.323254218582704,-0.0,0.019460845341168338,-0.10359502705955992
0.383,9.522811943551416,-3.6672825333926187,43.53828987893294,0.05331013007659445,-0.19550330888278333,9.522811943551416,-3.6672825333926187,43.53828987893294,0.05331013007659193,-0.1955033088827741,10.658560157002503,-4.104664853888986,48.73092995623687,0.025486553621277087,-0.10461376089601312,10.658560157002503,-4.104664853888986,48.73092995623687,0.025486553621268636,-0.10461376089597843,18.2575,-4.756022211684548,-0.0,0.03742325109890946,-0.17798581345986156,18.2575,-4.756022211684548,-0.0,0.03742325109890645,-0.17798581345984724,20.435,-5.323254218582704,-0.0,0.01948377461308288,-0.10371708540300803,20.435,-5.323254218582704,-0.0,0.019483774613076474,-0.10371708540297393
0.384,9.313940056342526,-3.623710761726067,43.60427820324113,0.05334715325154899,-0.19331465334508782,9.313940056342526,-3.623710761726067,43.60427820324113,0.05334715325154647,-0.19331465334507872,10.424776943796223,-4.055896448904405,48.80478844766438,0.02549843176586948,-0.1034189988518213,10.424776943796223,-4.055896448904405,48.80478844766438,0.025498431765861012,-0.10341899885178696,17.984999999999992,-4.756022211684548,-0.0,0.03746972433126215,-0.17820684118517974,17.984999999999992,-4.756022211684548,-0.0,0.03746972433125913,-0.17820684118516536,20.12999999999999,-5.323254218582704,-0.0,0.019506151773882395,-0.10383620471863396,20.12999999999999,-5.323254218582704,-0.0,0.019506151773875966,-0.10383620471859974
0.385,9.107566482200015,-3.5800759347931432,43.66439310645497,0.05338150007074546,-0.19110982376643432,9.107566482200015,-3.5800759347931432,43.66439310645497,0.05338150007074296,-0.19110982376642535,10.193790007600015,-4.007057468300582,48.872073018234005,0.025509192380938885,-0.10221679984035746,10.193790007600015,-4.007057468300582,48.872073018234005,0.0255091923809304,-0.10221679984032346,17.712499999999984,-4.756022211684548,-0.0,0.037515350009517515,-0.1784238379243854,17.712499999999984,-4.756022211684548,-0.0,0.03751535000951449,-0.17842383792437103,19.82499999999998,-5.323254218582704,-0.0,0.01952797618947237,-0.1039523816309914,19.82499999999998,-5.323254218582704,-0.0,0.01952797618946591,-0.103952381630957
0.386,8.903694665244647,-3.5363839479306862,43.71859075707421,0.05341317335530457,-0.18888948886173812,8.903694665244647,-3.5363839479306862,43.71859075707421,0.05341317335530207,-0.18888948886172927,9.965603203301345,-3.9581545105279234,48.932734608835354,0.025518841535404256,-0.10100751772680767,9.965603203301345,-3.9581545105279234,48.932734608835354,0.025518841535395756,-0.10100751772677403,17.43999999999999,-4.756022211684548,-0.0,0.03756012710163618,-0.17863679876907643,17.43999999999999,-4.756022211684548,-0.0,0.037560127101633145,-0.178636798769062,19.51999999999999,-5.323254218582704,-0.0,0.019549247241415026,-0.10406561284797883,19.51999999999999,-5.323254218582704,-0.0,0.019549247241408534,-0.10406561284794427
0.387,8.702327710563859,-3.4926407403070323,43.766827323597795,0.05344217577902834,-0.1866543203764841,8.702327710563859,-3.4926407403070323,43.766827323597795,0.05344217577902583,-0.18665432037647534,9.740220006319182,-3.909194223095944,48.98672416035716,0.02552738518917153,-0.09979150671225431,9.740220006319182,-3.909194223095944,48.98672416035716,0.02552738518916301,-0.099791506712221,17.167499999999997,-4.756022211684548,-0.0,0.03760405459477355,-0.17884571890214138,17.167499999999997,-4.756022211684548,-0.0,0.03760405459477052,-0.17884571890212697,19.214999999999993,-5.323254218582704,-0.0,0.01956996432695322,-0.10417589516096676,19.214999999999993,-5.323254218582704,-0.0,0.019569964326946705,-0.10417589516093208
0.388,8.503468381700117,-3.448852294922009,43.80905897452487,0.0534685098624719,-0.1844049929452463,8.503468381700117,-3.448852294922009,43.80905897452487,0.053468509862469385,-0.1844049929452376,9.51764350979279,-3.8601833025732577,49.03399261368839,0.025534829189231684,-0.09856912127033238,9.51764350979279,-3.8601833025732577,49.03399261368839,0.025534829189223153,-0.09856912127029945,16.894999999999992,-4.756022211684548,-0.0,0.03764713149530271,-0.1790505935978686,16.894999999999992,-4.756022211684548,-0.0,0.037647131495299684,-0.1790505935978542,18.90999999999999,-5.323254218582704,-0.0,0.019590126859027564,-0.10428322544488883,18.90999999999999,-5.323254218582704,-0.0,0.01959012685902102,-0.104283225444854
0.389,8.307119098139369,-3.405024638607009,43.845241878355104,0.05349217796716671,-0.18214218395095363,8.307119098139369,-3.405024638607009,43.845241878355104,0.053492177967164205,-0.1821421839509451,9.297876421770667,-3.8111284945876616,49.074490909718556,0.025541179265864168,-0.0973407160855065,9.297876421770667,-3.8111284945876616,49.074490909718556,0.02554117926585562,-0.09734071608547393,16.622499999999985,-4.756022211684548,-0.0,0.037689356828836895,-0.17925141822205296,16.622499999999985,-4.756022211684548,-0.0,0.03768935682883386,-0.17925141822203855,18.604999999999983,-5.323254218582704,-0.0,0.019609734266293016,-0.10438760065833011,18.604999999999983,-5.323254218582704,-0.0,0.019609734266286448,-0.10438760065829515
0.39,8.113281932800103,-3.361163842024855,43.87533220358773,0.05351318228999692,-0.17986657338482248,8.113281932800103,-3.361163842024855,43.87533220358773,0.05351318228999441,-0.17986657338481404,9.080921062400115,-3.762036593825984,49.10816998933673,0.025546441028946473,-0.09610664599291416,9.080921062400115,-3.762036593825984,49.10816998933673,0.0255464410289379,-0.0961066459928819,16.34999999999999,-4.756022211684548,-0.0,0.03773072964025152,-0.17944818823210076,16.34999999999999,-4.756022211684548,-0.0,0.037730729640248484,-0.17944818823208633,18.299999999999986,-5.323254218582704,-0.0,0.019628785993135087,-0.10448901784361345,18.299999999999986,-5.323254218582704,-0.0,0.019628785993128495,-0.10448901784357836
0.391,7.921958609521384,-3.3172760196698796,43.89928611872189,0.05353152485773105,-0.17757884370691326,7.921958609521384,-3.3172760196698796,43.89928611872189,0.05353152485772854,-0.17757884370690494,8.866779361115677,-3.712914444034177,49.134980793431836,0.02555061996437096,-0.09486726591974096,8.866779361115677,-3.712914444034177,49.134980793431836,0.02555061996436238,-0.09486726591970909,16.077499999999997,-4.756022211684548,-0.0,0.03777124899370582,-0.1796408991771325,16.077499999999997,-4.756022211684548,-0.0,0.03777124899370278,-0.17964089917711804,17.994999999999994,-5.323254218582704,-0.0,0.0196472814996856,-0.1045874741268833,17.994999999999994,-5.323254218582704,-0.0,0.01964728149967898,-0.10458747412684806
0.392,7.73315050055265,-3.2733673298679347,43.91705979225692,0.05354720752171037,-0.17527967970722524,7.73315050055265,-3.2733673298679347,43.91705979225692,0.053547207521707864,-0.17527967970721706,8.655452853829571,-3.6637689380173213,49.15487426289307,0.025553721430569526,-0.09362293082806818,8.655452853829571,-3.6637689380173213,49.15487426289307,0.025553721430560936,-0.0936229308280367,15.80499999999999,-4.756022211684548,-0.0,0.03781091397266398,-0.17982954669808351,15.80499999999999,-4.756022211684548,-0.0,0.03781091397266095,-0.1798295466980691,17.689999999999987,-5.323254218582704,-0.0,0.01966522026183797,-0.10468296671818704,17.689999999999987,-5.323254218582704,-0.0,0.019665220261831325,-0.10468296671815167
0.393,7.54685862404092,-3.229443974776383,43.92860939269207,0.053560231952695055,-0.17296976836725655,7.54685862404092,-3.229443974776383,43.92860939269207,0.05356023195269255,-0.17296976836724845,8.446942680119193,-3.6146070176396212,49.16780133860947,0.025555750655146613,-0.0923739956591413,8.446942680119193,-3.6146070176396212,49.16780133860947,0.025555750655138,-0.09237399565911017,15.532499999999985,-4.756022211684548,-0.0,0.037849723679915924,-0.18001412652780274,15.532499999999985,-4.756022211684548,-0.0,0.03784972367991288,-0.18001412652778825,17.38499999999998,-5.323254218582704,-0.0,0.019682601771262045,-0.1047754929115541,17.38499999999998,-5.323254218582704,-0.0,0.01968260177125538,-0.10477549291151861
0.394,7.363083641520093,-3.185512200384071,43.93389108852673,0.05357059963586971,-0.1706497987219534,7.363083641520093,-3.185512200384071,43.93389108852673,0.05357059963586721,-0.17064979872194547,8.241249580416984,-3.565435673824372,49.17371296147029,0.025556712731621398,-0.09112081527900445,8.241249580416984,-3.565435673824372,49.17371296147029,0.025556712731612773,-0.0911208152789737,15.25999999999999,-4.756022211684548,-0.0,0.03788767723759748,-0.18019463449114867,15.25999999999999,-4.756022211684548,-0.0,0.03788767723759444,-0.1801946344911342,17.079999999999988,-5.323254218582704,-0.0,0.019699425535418553,-0.10486505008507266,17.079999999999988,-5.323254218582704,-0.0,0.019699425535411857,-0.10486505008503702
0.395,7.181825855399964,-3.141578296511376,43.93286104826031,0.053578311866009545,-0.1683204617219735,7.181825855399964,-3.141578296511376,43.93286104826031,0.05357831186600703,-0.1683204617219656,8.038373893199958,-3.5162619465540166,49.172560072364746,0.025556612616279558,-0.08986374442544609,8.038373893199958,-3.5162619465540166,49.172560072364746,0.025556612616270923,-0.08986374442541573,14.987499999999997,-4.756022211684548,-0.0,0.03792477378721043,-0.18037106650508472,14.987499999999997,-4.756022211684548,-0.0,0.03792477378720739,-0.18037106650507026,16.774999999999995,-5.323254218582704,-0.0,0.01971569107757301,-0.10495163570096391,16.774999999999995,-5.323254218582704,-0.0,0.01971569107756629,-0.10495163570092814
0.396,7.00308520645422,-3.0976485968100995,43.92547544039172,0.05358336974280785,-0.16598245009616547,7.00308520645422,-3.0976485968100995,43.92547544039172,0.053583369742805344,-0.16598245009615772,7.838315552178118,-3.4670929248700193,49.16429361218155,0.025555455125135018,-0.0886031376561889,7.838315552178118,-3.4670929248700193,49.16429361218155,0.025555455125126376,-0.08860313765615893,14.714999999999987,-4.756022211684548,-0.0,0.03796101248964176,-0.18054341857877074,14.714999999999987,-4.756022211684548,-0.0,0.03796101248963872,-0.1805434185787563,16.469999999999988,-5.323254218582704,-0.0,0.019731397936809263,-0.10503524730565397,16.469999999999988,-5.323254218582704,-0.0,0.019731397936802515,-0.10503524730561806
0.397,6.826861271309507,-3.053729478763628,43.911690433420794,0.053585774166367194,-0.16363645821420597,6.826861271309507,-3.053729478763628,43.911690433420794,0.05358577416636469,-0.1636364582141983,7.641074083484036,-3.4179357468730514,49.14886452181043,0.02555324493100248,-0.08733934929827597,7.641074083484036,-3.4179357468730514,49.14886452181043,0.025553244930993813,-0.08733934929824635,14.442499999999983,-4.756022211684548,-0.0,0.03799639252518272,-0.18071168681365374,14.442499999999983,-4.756022211684548,-0.0,0.03799639252517969,-0.18071168681363933,16.16499999999998,-5.323254218582704,-0.0,0.019746545668042532,-0.10511588252984343,16.16499999999998,-5.323254218582704,-0.0,0.019746545668035763,-0.1051158825298074
0.398,6.653153259933682,-3.0098273636867785,43.89146219584623,0.0535855258328529,-0.16128318194926541,6.653153259933682,-3.0098273636867785,43.89146219584623,0.053585525832850395,-0.16128318194925786,7.4466486028615515,-3.368797599722816,49.126223742139814,0.025549986560680287,-0.08607273339856997,7.4466486028615515,-3.368797599722816,49.126223742139814,0.025549986560671617,-0.08607273339854075,14.16999999999999,-4.756022211684548,-0.0,0.03803091309354738,-0.18087586740355602,14.16999999999999,-4.756022211684548,-0.0,0.038030913093544325,-0.1808758674035415,15.859999999999987,-5.323254218582704,-0.0,0.019761133842032038,-0.10519353908857448,15.859999999999987,-5.323254218582704,-0.0,0.019761133842025238,-0.10519353908853829
0.399,6.481960013124912,-2.9659487167259457,43.864746896167816,0.05358262523031279,-0.1589233185406535,6.481960013124912,-2.9659487167259457,43.864746896167816,0.05358262523031029,-0.1589233185406461,7.255037812855405,-3.319685719638214,49.096322214059384,0.02554568439224506,-0.08480364367532073,7.255037812855405,-3.319685719638214,49.096322214059384,0.025545684392236378,-0.08480364367529192,13.897499999999994,-4.756022211684548,-0.0,0.038064573413890634,-0.18103595663476096,13.897499999999994,-4.756022211684548,-0.0,0.038064573413887595,-0.18103595663474653,15.554999999999993,-5.323254218582704,-0.0,0.019775162045393146,-0.10526821478129565,15.554999999999993,-5.323254218582704,-0.0,0.01977516204538633,-0.10526821478125936
0.4,6.313279999999948,-2.922100046858982,43.83150070288483,0.05357707263466095,-0.15655756645630986,6.313279999999948,-2.922100046858982,43.83150070288483,0.05357707263465844,-0.1565575664563025,7.066239999999943,-3.270607391897209,49.05911087845825,0.025540342652457113,-0.0835324334707138,7.066239999999943,-3.270607391897209,49.05911087845825,0.02554034265244842,-0.08353243347068537,13.624999999999988,-4.756022211684548,-0.0,0.03809737272482604,-0.18119195088609769,13.624999999999988,-4.756022211684548,-0.0,0.038097372724822984,-0.18119195088608317,15.249999999999986,-5.323254218582704,-0.0,0.019788629880609105,-0.10533990749192418,15.249999999999986,-5.323254218582704,-0.0,0.019788629880602263,-0.10533990749188775
0.401,6.147111315483084,-2.8782879068952103,43.79167978449626,0.0535688681058283,-0.15418662525507013,6.147111315483084,-2.8782879068952103,43.79167978449626,0.053568868105825784,-0.15418662525506288,6.880253032008588,-3.221569950836841,49.01454067622517,0.025533965414277767,-0.08225945570434443,6.880253032008588,-3.221569950836841,49.01454067622517,0.025533965414269062,-0.08225945570431638,13.353862499999991,-4.708461989567701,47.56022211684547,0.05432200606186054,-0.25577310073933657,13.353862499999991,-4.708461989567701,47.56022211684547,0.05432200606185808,-0.255773100739325,14.946524999999989,-5.270021676396876,53.23254218582704,0.025878494528926477,-0.1363802271199605,14.946524999999989,-5.270021676396876,53.23254218582704,0.025878494528918227,-0.136380227119917
0.402,5.983451677794254,-2.834518893475532,43.745240309501646,0.05355801148408005,-0.1518111954486044,5.983451677794254,-2.834518893475532,43.745240309501646,0.05355801148407756,-0.15181119544859734,6.697074354962376,-3.1725807798533476,48.96256254824955,0.02552655659449834,-0.08098506282754415,6.697074354962376,-3.1725807798533476,48.96256254824955,0.025526556594489623,-0.0809850628275165,13.085449999999987,-4.660901767450855,47.56022211684547,0.054352625645832736,-0.25333224893825645,13.085449999999987,-4.660901767450855,47.56022211684547,0.05435262564583028,-0.253332248938245,14.646099999999985,-5.216789134211048,53.23254218582704,0.025890662220602868,-0.13506612534996953,14.646099999999985,-5.216789134211048,53.23254218582704,0.025890662220594593,-0.13506612534992635
0.403,5.822298425938403,-2.7907996470722445,43.69213844640003,0.053544502386500006,-0.14943197836290317,5.822298425938403,-2.7907996470722445,43.69213844640003,0.05354450238649749,-0.14943197836289615,6.516700990499864,-3.1236473114019616,48.90312743542022,0.025518119951480664,-0.07970960677847533,6.516700990499864,-3.1236473114019616,48.90312743542022,0.025518119951471945,-0.0797096067784481,12.819762499999989,-4.613341545334009,47.56022211684547,0.054382109621196405,-0.2508832456383737,12.819762499999989,-4.613341545334009,47.56022211684547,0.054382109621193955,-0.2508832456383624,14.348724999999988,-5.1635565920252215,53.23254218582704,0.02590216990982253,-0.13374732018562147,14.348724999999988,-5.1635565920252215,53.23254218582704,0.02590216990981423,-0.1337473201855786
0.404,5.663648517193736,-2.7471368519892647,43.63233036369097,0.05352834020364303,-0.1470496759992463,5.663648517193736,-2.7471368519892647,43.63233036369097,0.05352834020364053,-0.14704967599923943,6.339129533005833,-3.0747770269971584,48.83618627862659,0.02550865908300972,-0.07843343893794069,6.339129533005833,-3.0747770269971584,48.83618627862659,0.02550865908300099,-0.07843343893791385,12.556799999999997,-4.5657813232171645,47.56022211684547,0.054410482611038556,-0.24842636529271214,12.556799999999997,-4.5657813232171645,47.56022211684547,0.05441048261103609,-0.2484263652927009,14.054399999999996,-5.110324049839394,53.23254218582704,0.02591303371390379,-0.13242399939246158,14.054399999999996,-5.110324049839394,53.23254218582704,0.025913033713895476,-0.13242399939241908
0.405,5.5074985246000665,-2.7035372363619263,43.56577222987365,0.05350952409635539,-0.14466499089450255,5.5074985246000665,-2.7035372363619263,43.56577222987365,0.0535095240963529,-0.14466499089449583,6.164356146800074,-3.025977457212431,48.76169001875766,0.025498177424257654,-0.0771569100858066,6.164356146800074,-3.025977457212431,48.76169001875766,0.025498177424248914,-0.07715691008578014,12.296562499999986,-4.518221101100319,47.56022211684547,0.05443776903468827,-0.24596187674935407,12.296562499999986,-4.518221101100319,47.56022211684547,0.05443776903468581,-0.24596187674934294,13.763124999999983,-5.057091507653568,53.23254218582704,0.02592326961417757,-0.13109634661647115,13.763124999999983,-5.057091507653568,53.23254218582704,0.02592326961416923,-0.131096346616429
0.406,5.353844634447915,-2.660007572157053,43.49242021344715,0.05348805299276361,-0.1422786259806889,5.353844634447915,-2.660007572157053,43.49242021344715,0.053488052992761104,-0.14227862598068225,5.992376563327024,-2.9772561816803713,48.67958959670231,0.025486678245859658,-0.07588037035798431,5.992376563327024,-2.9772561816803713,48.67958959670231,0.02548667824585091,-0.07588037035795826,12.039049999999994,-4.470660878983472,47.56022211684547,0.054463993105009684,-0.24349004328779236,12.039049999999994,-4.470660878983472,47.56022211684547,0.05446399310500723,-0.2434900432877814,13.474899999999991,-5.00385896546774,53.23254218582704,0.025932893454101897,-0.12976454141082744,13.474899999999991,-5.00385896546774,53.23254218582704,0.025932893454093536,-0.1297645414107856
0.40700000000000003,5.202682643767073,-2.6165546751730346,43.41223048291129,0.053463925585432365,-0.13989128444366628,5.202682643767073,-2.6165546751730346,43.41223048291129,0.05346392558542987,-0.13989128444365975,5.823186078344797,-2.928620829092754,48.58983595335025,0.025474164652101516,-0.07460416920388287,5.823186078344797,-2.928620829092754,48.58983595335025,0.025474164652092762,-0.07460416920385723,11.784262499999993,-4.423100656866628,47.56022211684547,0.05448917882578376,-0.24101112265644728,11.784262499999993,-4.423100656866628,47.56022211684547,0.054489178825781304,-0.24101112265643643,13.189724999999992,-4.950626423281913,53.23254218582704,0.02594192093744575,-0.12842875926360922,13.189724999999992,-4.950626423281913,53.23254218582704,0.02594192093743737,-0.12842875926356775
0.40800000000000003,5.054007957815219,-2.573185405039764,43.32515920676517,0.05343714032869033,-0.13750366958084775,5.054007957815219,-2.573185405039764,43.32515920676517,0.05343714032868782,-0.1375036695808413,5.6567795491142805,-2.88007907720047,48.49238002959037,0.025460639579218083,-0.07332865534424818,5.6567795491142805,-2.88007907720047,48.49238002959037,0.025460639579209323,-0.07332865534422295,11.532199999999989,-4.375540434749782,47.56022211684547,0.0545133499891769,-0.23852536711131012,11.532199999999989,-4.375540434749782,47.56022211684547,0.05451334998917444,-0.23852536711129935,12.907599999999986,-4.897393881096086,53.23254218582704,0.02595036762654068,-0.12708917162641428,12.907599999999986,-4.897393881096086,53.23254218582704,0.025950367626532272,-0.12708917162637312
0.40900000000000003,4.907815587566484,-2.529906665218545,43.23116255350769,0.05340769543612557,-0.13511648465781614,4.907815587566484,-2.529906665218545,43.23116255350769,0.05340769543612306,-0.1351164846578098,5.4931513915881744,-2.8316386528134174,48.38717276631135,0.02544610579380323,-0.07205417672931268,5.4931513915881744,-2.8316386528134174,48.38717276631135,0.025446105793794464,-0.07205417672928785,11.28286249999999,-4.327980212632937,47.56022211684547,0.05453653017329481,-0.23603302345567906,11.28286249999999,-4.327980212632937,47.56022211684547,0.05453653017329234,-0.23603302345566837,12.628524999999987,-4.84416133891026,53.23254218582704,0.02595824894059875,-0.12574594594385669,12.628524999999987,-4.84416133891026,53.23254218582704,0.025958248940590324,-0.12574594594381586
0.41000000000000003,4.764100147200114,-2.4867254030023074,43.13019669163873,0.05337558887824993,-0.13273043276375154,4.764100147200114,-2.4867254030023074,43.13019669163873,0.05337558887824742,-0.1327304327637453,5.332295577600128,-2.7833073318007475,48.27416510440298,0.025430565891330647,-0.0707810804971826,5.332295577600128,-2.7833073318007475,48.27416510440298,0.025430565891321873,-0.07078108049715819,11.036249999999994,-4.280419990516092,47.56022211684547,0.05455874273981976,-0.23353433308094917,11.036249999999994,-4.280419990516092,47.56022211684547,0.0545587427398173,-0.23353433308093863,12.352499999999994,-4.790928796724432,53.23254218582704,0.02596558015409552,-0.12439924568391264,12.352499999999994,-4.790928796724432,53.23254218582704,0.025965580154087075,-0.12439924568387219
0.41100000000000003,4.622855851588699,-2.443648609515308,43.022217789657006,0.05334081838033117,-0.13034621666550483,4.622855851588699,-2.443648609515308,43.022217789657006,0.05334081838032866,-0.13034621666549873,5.174205632053406,-2.7350929390905283,48.15330798475371,0.025414022294784747,-0.06950971293235503,5.174205632053406,-2.7350929390905283,48.15330798475371,0.02541402229477597,-0.06950971293233102,10.792362499999994,-4.232859768399245,47.56022211684547,0.05458001083172974,-0.23102953200842383,10.792362499999994,-4.232859768399245,47.56022211684547,0.05458001083172728,-0.23102953200841342,12.079524999999993,-4.737696254538605,53.23254218582704,0.025972376395216424,-0.12304923036908373,12.079524999999993,-4.737696254538605,53.23254218582704,0.025972376395207962,-0.12304923036904364
0.41200000000000003,4.484076513787943,-2.400683319713513,42.9071820160624,0.053303381420394993,-0.12796453866026944,4.484076513787943,-2.400683319713513,42.9071820160624,0.053303381420392475,-0.1279645386602634,5.018874630111275,-2.6870033486701703,48.02455234825332,0.025396477253402352,-0.06824041942431792,5.018874630111275,-2.6870033486701703,48.02455234825332,0.025396477253393564,-0.06824041942429432,10.551199999999987,-4.1852995462824,47.56022211684547,0.054600357371097356,-0.2285188509321107,10.551199999999987,-4.1852995462824,47.56022211684547,0.05460035737109489,-0.22851885093210036,11.809599999999985,-4.684463712352778,53.23254218582704,0.02597865264436536,-0.12169605560834706,11.809599999999985,-4.684463712352778,53.23254218582704,0.025978652644356878,-0.12169605560830733
0.41300000000000003,4.347755542524124,-2.357836612384229,42.78504553935372,0.0532632752273939,-0.12558610042664725,4.347755542524124,-2.357836612384229,42.78504553935372,0.05326327522739139,-0.12558610042664134,4.866295194384799,-2.6390464835860175,47.8878491357904,0.025377932841523405,-0.06697354442610445,4.866295194384799,-2.6390464835860175,47.8878491357904,0.02537793284151461,-0.06697354442608124,10.312762499999986,-4.137739324165555,47.56022211684547,0.05461980505696725,-0.22600251526247,10.312762499999986,-4.137739324165555,47.56022211684547,0.05461980505696479,-0.22600251526245982,11.542724999999985,-4.631231170166951,53.23254218582704,0.025984423732733866,-0.12033987312986297,11.542724999999985,-4.631231170166951,53.23254218582704,0.025984423732725363,-0.12033987312982358
0.41400000000000003,4.2138859396832835,-2.3151156101463344,42.65576452803052,0.05322049677954539,-0.12321160287406825,4.2138859396832835,-2.3151156101463344,42.65576452803052,0.05322049677954288,-0.12321160287406244,4.716459492122574,-2.5912303159436036,47.74314928825434,0.025358390957551526,-0.06570943141275766,4.716459492122574,-2.5912303159436036,47.74314928825434,0.025358390957542734,-0.06570943141273489,10.077049999999993,-4.090179102048709,47.56022211684547,0.054638376363310044,-0.22348074517108288,10.077049999999993,-4.090179102048709,47.56022211684547,0.05463837636330758,-0.2234807451710728,11.27889999999999,-4.577998627981124,53.23254218582704,0.025989704340929662,-0.11898083081441105,11.27889999999999,-4.577998627981124,53.23254218582704,0.02598970434092114,-0.11898083081437205
0.41500000000000004,4.082460297799941,-2.2725274794502,42.51929515059204,0.0531750428028367,-0.120841745990387,4.082460297799941,-2.2725274794502,42.51929515059204,0.05317504280283418,-0.12084174599038126,4.569359232399934,-2.5435628669075636,47.590403746534214,0.025337853323022984,-0.06444842283959168,4.569359232399934,-2.5435628669075636,47.590403746534214,0.025337853323014185,-0.0644484228395693,9.84406249999999,-4.042618879931863,47.56022211684547,0.05465609353705109,-0.22095375563620462,9.84406249999999,-4.042618879931863,47.56022211684547,0.05465609353704863,-0.22095375563619468,11.018124999999987,-4.524766085795296,53.23254218582704,0.02599450899766303,-0.11761907272952635,11.018124999999987,-4.524766085795296,53.23254218582704,0.02599450899765449,-0.1176190727294877
0.41600000000000004,3.953470797545417,-2.2300794305776934,42.375593575537756,0.0531269097696971,-0.1184772286875586,3.953470797545417,-2.2300794305776934,42.375593575537756,0.05312690976969458,-0.11847722868755299,4.424985663307714,-2.496052206701638,47.429563451519314,0.025316321481783994,-0.06319086010017502,4.424985663307714,-2.496052206701638,47.429563451519314,0.025316321481775185,-0.06319086010015304,9.613799999999994,-3.995058657815018,47.56022211684547,0.05467297859617266,-0.21842175648917472,9.613799999999994,-3.995058657815018,47.56022211684547,0.054672978596170194,-0.2184217564891649,10.760399999999994,-4.471533543609469,53.23254218582704,0.025998852078489763,-0.11625473916430774,10.760399999999994,-4.471533543609469,53.23254218582704,0.025998852078481204,-0.11625473916426947
0.41700000000000004,3.826909205216734,-2.187778717642172,42.22461597136667,0.05307609389783631,-0.11611874864526384,3.826909205216734,-2.187778717642172,42.22461597136667,0.053076093897833805,-0.11611874864525835,4.2833295691416655,-2.4487064546086694,47.26057934409847,0.0252937967992755,-0.06193708348394602,4.2833295691416655,-2.4487064546086694,47.26057934409847,0.0252937967992667,-0.06193708348392447,9.386262499999992,-3.9474984356981726,47.56022211684547,0.05468905332788749,-0.2158849524616498,9.386262499999992,-3.9474984356981726,47.56022211684547,0.05468905332788501,-0.21588495246164002,10.50572499999999,-4.418301001423642,53.23254218582704,0.026002747804609195,-0.11488796666487122,10.50572499999999,-4.418301001423642,53.23254218582704,0.026002747804600622,-0.11488796666483334
0.41800000000000004,3.70276687022485,-2.145632638588499,42.066318506578234,0.05302259114924936,-0.11376700215236309,3.70276687022485,-2.145632638588499,42.066318506578234,0.05302259114924684,-0.11376700215235769,4.144381267591116,-2.401533778970613,47.08340236516096,0.02527028046192519,-0.06068743213337446,4.144381267591116,-2.401533778970613,47.08340236516096,0.025270280461916383,-0.0606874321333533,9.161449999999995,-3.8999382135813274,47.56022211684547,0.05470433928688235,-0.21334354323363078,9.161449999999995,-3.8999382135813274,47.56022211684547,0.0547043392868799,-0.21334354323362123,10.254099999999994,-4.365068459237816,53.23254218582704,0.026006210241716073,-0.11351888807042228,10.254099999999994,-4.365068459237816,53.23254218582704,0.02600621024170748,-0.11351888807038477
0.41900000000000004,3.581034722584139,-2.1036485351930474,41.9006573496716,0.05296639722938572,-0.11142268394605034,3.581034722584139,-2.1036485351930474,41.9006573496716,0.0529663972293832,-0.11142268394604504,4.008130606929036,-2.354542397188548,46.89798345559573,0.025245773476645486,-0.05944224400057993,4.008130606929036,-2.354542397188548,46.89798345559573,0.025245773476636674,-0.05944224400055918,8.939362499999993,-3.8523779914644813,47.56022211684547,0.05471885779362989,-0.21079772348225448,8.939362499999993,-3.8523779914644813,47.56022211684547,0.05471885779362744,-0.21079772348224504,10.005524999999992,-4.3118359170519875,53.23254218582704,0.026009253298904786,-0.11214763254992055,10.005524999999992,-4.3118359170519875,53.23254218582704,0.026009253298896175,-0.11214763254988341
0.42000000000000004,3.461703270399991,-2.061833793063696,41.727588669146314,0.052907507586483646,-0.10908648704858585,3.461703270399991,-2.061833793063696,41.727588669146314,0.052907507586481134,-0.10908648704858068,3.8745669631999897,-2.3077405757226686,46.7042735562922,0.02522027667043733,-0.05820185580332003,3.8745669631999897,-2.3077405757226686,46.7042735562922,0.025220276670428518,-0.058201855803299694,8.719999999999985,-3.8048177693476357,47.56022211684547,0.054732629932766994,-0.20824768293132015,8.719999999999985,-3.8048177693476357,47.56022211684547,0.05473262993276454,-0.2082476829313108,9.759999999999982,-4.258603374866161,53.23254218582704,0.026011890727624738,-0.11077432563931251,9.759999999999982,-4.258603374866161,53.23254218582704,0.026011890727616113,-0.11077432563927578
0.42100000000000004,3.3447625973583444,-2.0201958416398065,41.547068633501404,0.052845917411067055,-0.1067591026014783,3.3447625973583444,-2.0201958416398065,41.547068633501404,0.05284591741106456,-0.10675910260147327,3.743679237410257,-2.26113663009226,46.50222360813918,0.025193790690098566,-0.056966602980259226,3.743679237410257,-2.26113663009226,46.50222360813918,0.025193790690089757,-0.05696660298023931,8.503362499999993,-3.7572575472307905,47.56022211684547,0.054745676551538336,-0.20569360640152312,8.503362499999993,-3.7572575472307905,47.56022211684547,0.05474567655153588,-0.2056936064015139,9.51752499999999,-4.205370832680334,53.23254218582704,0.026014136120685455,-0.10939908927930654,9.51752499999999,-4.205370832680334,53.23254218582704,0.026014136120676812,-0.1093990892792702
0.42200000000000004,3.230202360213576,-1.9787421541922314,41.35905341123644,0.05278162163560578,-0.10444121969699786,3.230202360213576,-1.9787421541922314,41.35905341123644,0.052781621635603265,-0.1044412196969929,3.6154558527161123,-2.2147389248757086,46.2917845520261,0.02516631600203655,-0.05573681964543277,3.6154558527161123,-2.2147389248757086,46.2917845520261,0.02516631600202773,-0.05573681964541324,8.289449999999993,-3.709697325113945,47.56022211684547,0.054758018258303266,-0.2031356738613682,8.289449999999993,-3.709697325113945,47.56022211684547,0.0547580182583008,-0.20313567386135906,9.278099999999993,-4.152138290494507,53.23254218582704,0.026016002911310128,-0.10802204185366734,9.278099999999993,-4.152138290494507,53.23254218582704,0.02601600291130147,-0.1080220418536314
0.42300000000000004,3.1180117862778403,-1.9374802478233693,41.16349917085054,0.05271461493433641,-0.10213352520689159,3.1180117862778403,-1.9374802478233693,41.16349917085054,0.052714614934333895,-0.10213352520688672,3.4898847516137295,-2.16855587371056,46.072907328841886,0.025137852892183583,-0.0545128385418167,3.4898847516137295,-2.16855587371056,46.072907328841886,0.025137852892174767,-0.05451283854179758,8.07826249999999,-3.6621371029970993,47.56022211684547,0.05476967542110447,-0.20057406047873494,8.07826249999999,-3.6621371029970993,47.56022211684547,0.05476967542110202,-0.20057406047872597,9.041724999999989,-4.09890574830868,53.23254218582704,0.026017504372236273,-0.10664329822800547,9.041724999999989,-4.09890574830868,53.23254218582704,0.0260175043722276,-0.10664329822796993
0.42400000000000004,3.0081796709088118,-1.8964176834670605,40.96036208084317,0.05264489172324423,-0.09983670360816904,3.0081796709088118,-1.8964176834670605,40.96036208084317,0.0526448917232417,-0.09983670360816425,3.366953393127294,-2.122595939293407,45.845542879475836,0.025108401466014892,-0.05329499099391184,3.366953393127294,-2.122595939293407,45.845542879475836,0.02510840146600607,-0.053294990993893114,7.869799999999992,-3.6145768808802536,47.56022211684547,0.05478066816629707,-0.19800893667307026,7.869799999999992,-3.6145768808802536,47.56022211684547,0.05478066816629461,-0.19800893667306135,8.80839999999999,-4.045673206122853,53.23254218582704,0.026018653614862264,-0.10526296978903978,8.80839999999999,-4.045673206122853,53.23254218582704,0.02601865361485357,-0.1052629697890046
0.42500000000000004,2.900694375000043,-1.8555620658887257,40.74959830971313,0.052572446160203574,-0.09755143680585115,2.900694375000043,-1.8555620658887257,40.74959830971313,0.052572446160201056,-0.09755143680584648,3.2466487500000483,-2.0768676333800413,45.609642144816526,0.025077961648667595,-0.052083606859263706,3.2466487500000483,-2.0768676333800413,45.609642144816526,0.025077961648658775,-0.05208360685924539,7.664062499999988,-3.5670166587634085,47.56022211684547,0.05479101637723622,-0.19544046816818034,7.664062499999988,-3.5670166587634085,47.56022211684547,0.054791016377233756,-0.19544046816817154,8.578124999999986,-3.9924406639370256,53.23254218582704,0.026019463588438378,-0.10388116448431017,8.578124999999986,-3.9924406639370256,53.23254218582704,0.026019463588429673,-0.10388116448427542
0.42600000000000005,2.7955438224671583,-1.8149210436851875,40.5311640259602,0.05249727214527705,-0.09527840395253155,2.7955438224671583,-1.8149210436851875,40.5311640259602,0.052497272145274526,-0.09527840395252696,3.128957305880672,-2.0313795167852553,45.36515606575362,0.025046533185160327,-0.05087901447881685,3.128957305880672,-2.0313795167852553,45.36515606575362,0.02504653318515151,-0.05087901447879894,7.461049999999989,-3.519456436646563,47.56022211684547,0.05480073969302207,-0.1928688160455993,7.461049999999989,-3.519456436646563,47.56022211684547,0.054800739693019615,-0.19286881604559067,8.350899999999987,-3.9392081217511983,53.23254218582704,0.026019947079301182,-0.10249798686231959,8.350899999999987,-3.9392081217511983,53.23254218582704,0.02601994707929246,-0.10249798686228523
0.42700000000000005,2.6927154977383063,-1.774502309284847,40.305015398083846,0.05241936332117012,-0.09301828126465779,2.6927154977383063,-1.774502309284847,40.305015398083846,0.052419363321167596,-0.09301828126465331,3.0138650525144346,-1.9861401993830399,45.112035583176414,0.02501411564071182,-0.04968154062603379,3.0138650525144346,-1.9861401993830399,45.112035583176414,0.025014115640703005,-0.049681540626016284,7.260762499999997,-3.471896214529717,47.56022211684547,0.05480985750730021,-0.19029413679850882,7.260762499999997,-3.471896214529717,47.56022211684547,0.054809857507297735,-0.1902941367985002,8.126724999999995,-3.8859755795653714,53.23254218582704,0.026020116710149886,-0.10111353811308331,8.126724999999995,-3.8859755795653714,53.23254218582704,0.02602011671014115,-0.10111353811304936
0.42800000000000005,2.5921964432425337,-1.734313598947584,40.07110859458297,0.05233871307384138,-0.09077174183537881,2.5921964432425337,-1.734313598947584,40.07110859458297,0.05233871307383885,-0.09077174183537441,2.9013574869320102,-1.9411583401064698,44.85023163797359,0.024980708401157802,-0.04849151045467522,2.9013574869320102,-1.9411583401064698,44.85023163797359,0.024980708401148983,-0.048491510454658104,7.063199999999997,-3.4243359924128716,47.56022211684547,0.05481838896711628,-0.18771658238618494,7.063199999999997,-3.4243359924128716,47.56022211684547,0.05481838896711383,-0.18771658238617656,7.905599999999996,-3.832743037379544,53.23254218582704,0.026019984939363538,-0.0997279161090662,7.905599999999996,-3.832743037379544,53.23254218582704,0.026019984939354795,-0.09972791610903269
0.42900000000000005,2.4939732568975272,-1.694362692764686,39.829399783956816,0.052255314533266595,-0.08853945544385122,2.4939732568975272,-1.694362692764686,39.829399783956816,0.05225531453326405,-0.0885394554438469,2.7914196086375993,-1.89644264694763,44.57969517103423,0.024946310673465075,-0.04730924744516402,2.7914196086375993,-1.89644264694763,44.57969517103423,0.024946310673456255,-0.0473092474451473,6.868362499999991,-3.3767757702960264,47.56022211684547,0.05482635297182336,-0.18513630028895067,6.868362499999991,-3.3767757702960264,47.56022211684547,0.05482635297182091,-0.1851363002889424,7.687524999999989,-3.7795104951937173,53.23254218582704,0.026019564060357762,-0.09834121544648741,7.687524999999989,-3.7795104951937173,53.23254218582704,0.026019564060349002,-0.0983412154464543
0.43,2.3980320895999707,-1.65465741465919,39.57984513470495,0.0521691605743545,-0.08632208836090156,2.3980320895999707,-1.65465741465919,39.57984513470495,0.052169160574351954,-0.08632208836089734,2.684035916799967,-1.8520018769579922,44.300377123247735,0.024910921486341598,-0.046135073349457816,2.684035916799967,-1.8520018769579922,44.300377123247735,0.024910921486332782,-0.04613507334944149,6.676250000000003,-3.3292155481791834,47.56022211684547,0.05483376817204021,-0.18255343356360912,6.676250000000003,-3.3292155481791834,47.56022211684547,0.05483376817203775,-0.18255343356360093,7.472500000000003,-3.7262779530078936,53.23254218582704,0.026018866200979835,-0.0969535274869734,7.472500000000003,-3.7262779530078936,53.23254218582704,0.026018866200971057,-0.0969535274869407
0.431,2.304358642711836,-1.6152056323853385,39.322400815326496,0.05208024381801264,-0.08412030315085572,2.304358642711836,-1.6152056323853385,39.322400815326496,0.0520802438180101,-0.08412030315085163,2.579190407438935,-1.8078448362478101,44.01222843550305,0.02487453969094096,-0.04496930813430881,2.579190407438935,-1.8078448362478101,44.01222843550305,0.024874539690932142,-0.044969308134292875,6.486862499999996,-3.281655326062338,47.56022211684547,0.05484065296865955,-0.17996812089933797,6.486862499999996,-3.281655326062338,47.56022211684547,0.05484065296865709,-0.1799681208993299,7.260524999999996,-3.673045410822066,53.23254218582704,0.02601790332294091,-0.09556494039954028,7.260524999999996,-3.673045410822066,53.23254218582704,0.026017903322932117,-0.09556494039950798
0.432,2.212938165551175,-1.5760152575290822,39.0570229943208,0.05198855663236227,-0.0819347584695177,2.212938165551175,-1.5760152575290822,39.0570229943208,0.05198855663235973,-0.0819347584695137,2.4768665706169113,-1.7639803799866791,43.71520004868934,0.02483716396166074,-0.043812269922881765,2.4768665706169113,-1.7639803799866791,43.71520004868934,0.02483716396165193,-0.04381226992286622,6.300199999999996,-3.2340951039454926,47.56022211684547,0.05484702551190431,-0.17738049667402325,6.300199999999996,-3.2340951039454926,47.56022211684547,0.05484702551190185,-0.1773804966740153,7.051599999999995,-3.619812868636239,53.23254218582704,0.026016687221284213,-0.09417553920288858,7.051599999999995,-3.619812868636239,53.23254218582704,0.02601668722127541,-0.09417553920285673
0.433,2.1237554528794758,-1.537094245507781,38.783667840187334,0.051894091134099554,-0.07976610885808078,2.1237554528794758,-1.537094245507781,38.783667840187334,0.05189409113409701,-0.07976610885807686,2.3770473876265688,-1.7204174124032043,43.40924290369591,0.024798792797032843,-0.042664274934594466,2.3770473876265688,-1.7204174124032043,43.40924290369591,0.024798792797024037,-0.04266427493457932,6.116262500000001,-3.186534881828647,47.56022211684547,0.05485290370043088,-0.17479069101101066,6.116262500000001,-3.186534881828647,47.56022211684547,0.05485290370042842,-0.1747906910110028,6.845725000000001,-3.5665803264504117,53.23254218582704,0.026015229523888034,-0.09278540580799097,6.845725000000001,-3.5665803264504117,53.23254218582704,0.026015229523879222,-0.09278540580795955
0.434,2.036794842390616,-1.4984505955702583,38.50229152142532,0.051796839190001595,-0.07761500453291478,2.036794842390616,-1.4984505955702583,38.50229152142532,0.051796839189999055,-0.07761500453291098,2.2797153281803224,-1.6771648867850597,43.09430794141182,0.02475942452070465,-0.04152563742313085,2.2797153281803224,-1.6771648867850597,43.09430794141182,0.024759424520695846,-0.04152563742311608,5.9350499999999995,-3.1389746597118013,47.56022211684547,0.05485830518047769,-0.17219882983625612,5.9350499999999995,-3.1389746597118013,47.56022211684547,0.05485830518047523,-0.17219882983624837,6.642899999999999,-3.513347784264585,53.23254218582704,0.026013541691002312,-0.09139461906095737,6.642899999999999,-3.513347784264585,53.23254218582704,0.02601354169099349,-0.09139461906092637
0.435,1.95204021219996,-1.4600923507969505,38.21285020653368,0.05169679241857523,-0.07548209117109947,1.95204021219996,-1.4600923507969505,38.21285020653368,0.051696792418572675,-0.07548209117109575,2.1848523475999553,-1.6342318054791556,42.77034610272577,0.02471905728250973,-0.040396669612538544,2.1848523475999553,-1.6342318054791556,42.77034610272577,0.024719057282500925,-0.04039666961252415,5.756562500000005,-3.0914144375949557,47.56022211684547,0.05486324734505781,-0.16960503493585485,5.756562500000005,-3.0914144375949557,47.56022211684547,0.05486324734505536,-0.16960503493584728,6.443125000000005,-3.4601152420787575,53.23254218582704,0.026011635014817732,-0.09000325478616034,6.443125000000005,-3.4601152420787575,53.23254218582704,0.0260116350148089,-0.09000325478612978
0.436,1.8694749783326359,-1.4220275980997037,37.91530006401208,0.051593942191846764,-0.07336800969156682,1.8694749783326359,-1.4220275980997037,37.91530006401208,0.051593942191844204,-0.07336800969156318,2.0924398840053353,-1.5916272198914112,42.43730832852728,0.024677689059626598,-0.03927768163131817,2.0924398840053353,-1.5916272198914112,42.43730832852728,0.0246776890596178,-0.03927768163130417,5.580800000000003,-3.0438542154781105,47.56022211684547,0.05486774733319428,-0.16700942401393126,5.580800000000003,-3.0438542154781105,47.56022211684547,0.05486774733319183,-0.1670094240139238,6.246400000000002,-3.4068826998929307,53.23254218582704,0.02600952061906622,-0.08861138582960518,6.246400000000002,-3.4068826998929307,53.23254218582704,0.02600952061905737,-0.08861138582957502
0.437,1.789082092212002,-1.3842644682219758,37.60959726235998,0.05148827963728951,-0.07127339603177694,1.789082092212002,-1.3842644682219758,37.60959726235998,0.05148827963728696,-0.07127339603177342,2.002458855503342,-1.549360230486982,42.09514555970567,0.024635317657823813,-0.03816898144444592,2.002458855503342,-1.549360230486982,42.09514555970567,0.02463531765781502,-0.0381689814444323,5.407762499999994,-2.996293993361265,47.56022211684547,0.05487182202919656,-0.16441211075087,5.407762499999994,-2.996293993361265,47.56022211684547,0.054871822029194106,-0.16441211075086262,6.0527249999999935,-3.3536501577071034,53.23254218582704,0.026007209458651596,-0.0872190821025286,6.0527249999999935,-3.3536501577071034,53.23254218582704,0.02600720945864273,-0.08721908210249887
0.438,1.710844038148168,-1.3468111357385406,37.29569797007619,0.05137979563988758,-0.06919888091977111,1.710844038148168,-1.3468111357385406,37.29569797007619,0.051379795639885026,-0.06919888091976767,1.9148896573768486,-1.507439986789926,41.7438087371495,0.02459194071279007,-0.037070874783226904,1.9148896573768486,-1.507439986789926,41.7438087371495,0.02459194071278128,-0.03707087478321366,5.2374500000000035,-2.9487337712444193,47.56022211684547,0.05487548806197715,-0.161813204861872,5.2374500000000035,-2.9487337712444193,47.56022211684547,0.0548754880619747,-0.16181320486186476,5.862100000000004,-3.3004176155212765,53.23254218582704,0.026004712319309477,-0.08582641062521215,5.862100000000004,-3.3004176155212765,53.23254218582704,0.026004712319300606,-0.08582641062518287
0.439,1.63474283082738,-1.3096758190558513,36.97355835566027,0.051268480844334025,-0.06714508964155239,1.63474283082738,-1.3096758190558513,36.97355835566027,0.051268480844331464,-0.06714508964154903,1.8297121592746821,-1.4658756873836132,41.383248801748195,0.024547555691547946,-0.03598366507293537,1.8297121592746821,-1.4658756873836132,41.383248801748195,0.02454755569153917,-0.035983665072922506,5.069862499999995,-2.9011735491275736,47.56022211684547,0.05487876180440664,-0.15921281215581712,5.069862499999995,-2.9011735491275736,47.56022211684547,0.05487876180440418,-0.15921281215581,5.674524999999995,-3.2471850733354493,53.23254218582704,0.02600203981729523,-0.08443343557099509,5.674524999999995,-3.2471850733354493,53.23254218582704,0.026002039817286347,-0.08443343557096623
0.44,1.5607600128001042,-1.2728667804117713,36.64313458761168,0.051154325657359445,-0.06511264180361838,1.5607600128001042,-1.2728667804117713,36.64313458761168,0.05115432565735688,-0.06511264180361512,1.7469057024001167,-1.4246765799104228,41.01341669439105,0.02450215989394907,-0.03490765335812969,1.7469057024001167,-1.4246765799104228,41.01341669439105,0.024502159893940292,-0.034907653358117186,4.905000000000004,-2.8536133270107285,47.56022211684547,0.05488165937270625,-0.1566110345944178,4.905000000000004,-2.8536133270107285,47.56022211684547,0.054881659372703784,-0.15661103459441078,5.490000000000005,-3.1939525311496224,53.23254218582704,0.02599920239909886,-0.08304021831047315,5.490000000000005,-3.1939525311496224,53.23254218582704,0.02599920239908997,-0.08304021831044474
0.441,1.4888766519693508,-1.2363923258756817,36.304382834429425,0.05103732025018938,-0.06310215109059368,1.4888766519693508,-1.2363923258756817,36.304382834429425,0.05103732025018682,-0.06310215109059052,1.6664490966996401,-1.3838519610718638,40.63426335596688,0.02445575045424933,-0.033843138225597064,1.6664490966996401,-1.3838519610718638,40.63426335596688,0.02445575045424056,-0.03384313822558492,4.742862499999995,-2.806053104893883,47.56022211684547,0.0548841966258763,-0.15400797035164657,4.742862499999995,-2.806053104893883,47.56022211684547,0.05488419662587385,-0.15400797035163968,5.308524999999994,-3.140719988963795,53.23254218582704,0.025996210341185964,-0.08164681745587007,5.308524999999994,-3.140719988963795,53.23254218582704,0.02599621034117706,-0.08164681745584211
0.442,1.4190733390807395,-1.2002608053484543,35.95725926461298,0.0509174545611282,-0.061114225017833056,1.4190733390807395,-1.2002608053484543,35.95725926461298,0.05091745456112563,-0.061114225017829975,1.5883206180536715,-1.3434111766285453,40.245739727364985,0.024408324342762647,-0.03279041572484193,1.5883206180536715,-1.3434111766285453,40.245739727364985,0.024408324342753883,-0.03279041572483016,4.583450000000004,-2.758492882777037,47.56022211684547,0.05488638916515955,-0.15140371387342333,4.583450000000004,-2.758492882777037,47.56022211684547,0.054886389165157104,-0.15140371387341656,5.130100000000004,-3.0874874467779683,53.23254218582704,0.025993073749763534,-0.08025328890556885,5.130100000000004,-3.0874874467779683,53.23254218582704,0.02599307374975462,-0.08025328890554133
0.443,1.3513301852087425,-1.1644806125624925,35.601720046661576,0.05079471829826545,-0.0591494646789034,1.3513301852087425,-1.1644806125624925,35.601720046661576,0.050794718298262875,-0.0591494646789004,1.512498005462996,-1.3033636214002207,39.84779674947442,0.024359878367590786,-0.03174977928605202,1.512498005462996,-1.3033636214002207,39.84779674947442,0.02435987836758203,-0.03174977928604061,4.4267624999999935,-2.7109326606601916,47.56022211684547,0.054888252333538064,-0.1487983559375463,4.4267624999999935,-2.7109326606601916,47.56022211684547,0.054888252333535614,-0.14879835593753968,4.954724999999993,-3.034254904592141,53.23254218582704,0.025989802560569725,-0.07885968588879007,4.954724999999993,-3.034254904592141,53.23254218582704,0.025989802560560802,-0.07885968588876299
0.444,1.2856268192480576,-1.12906018508169,35.23772134907434,0.05066910094230293,-0.05720846448783938,1.2856268192480576,-1.12906018508169,35.23772134907434,0.05066910094230036,-0.05720846448783647,1.4389584582409451,-1.2637187392657445,39.44038536318413,0.024310409176428075,-0.030721519635470075,1.4389584582409451,-1.2637187392657445,39.44038536318413,0.02431040917641933,-0.03072151963545902,4.272800000000001,-2.6633724385433464,47.56022211684547,0.054889801215262324,-0.14619198371385275,4.272800000000001,-2.6633724385433464,47.56022211684547,0.05488980121525987,-0.1461919837138462,4.782400000000001,-2.981022362406314,53.23254218582704,0.025986406538686457,-0.07746605901040599,4.782400000000001,-2.981022362406314,53.23254218582704,0.025986406538677523,-0.07746605901037935
0.445,1.221942385399899,-1.0940080043013911,34.86521934035085,0.0505405917494991,-0.05529181191608086,1.221942385399899,-1.0940080043013911,34.86521934035085,0.050540591749496516,-0.055291811916078036,1.367678633199887,-1.224486023163025,39.023456509383514,0.024259913258438633,-0.029705924708105465,1.367678633199887,-1.224486023163025,39.023456509383514,0.02425991325842989,-0.029705924708094758,4.121562500000003,-2.6158122164265007,47.56022211684547,0.05489105063541154,-0.14358468082459513,4.121562500000003,-2.6158122164265007,47.56022211684547,0.05489105063540908,-0.14358468082458872,4.613125000000004,-2.927789820220487,53.23254218582704,0.025982895278374014,-0.07607245629587839,4.613125000000004,-2.927789820220487,53.23254218582704,0.025982895278365066,-0.07607245629585219
0.446,1.160255540662209,-1.059332595448526,34.48417018899043,0.05040917975472729,-0.053400087224006555,1.160255540662209,-1.059332595448526,34.48417018899043,0.0504091797547247,-0.05340008722400381,1.2986346418421055,-1.1856750150891757,38.59696112896177,0.024208386946204183,-0.02870327955772525,1.2986346418421055,-1.1856750150891757,38.59696112896177,0.024208386946195454,-0.0287032795577149,3.973049999999998,-2.568251994309655,47.56022211684547,0.05489201515948388,-0.14097652740502029,3.973049999999998,-2.568251994309655,47.56022211684547,0.05489201515948143,-0.140976527405014,4.446899999999998,-2.87455727803466,53.23254218582704,0.02597927820292656,-0.07467892323630974,4.446899999999998,-2.87455727803466,53.23254218582704,0.025979278202917608,-0.07467892323628401
0.447,1.1005444523173042,-1.0250425275814337,34.09453006349202,0.050274853774645106,-0.0515338631869492,1.1005444523173042,-1.0250425275814337,34.09453006349202,0.05027485377464251,-0.05153386318694654,1.2318020475478082,-1.1472953061003202,38.160850162807584,0.02415582641774048,-0.027713866264047763,1.2318020475478082,-1.1472953061003202,38.160850162807584,0.024155826417731754,-0.027713866264037754,3.827262499999999,-2.5206917721928095,47.56022211684547,0.05489270909301541,-0.13836760016413738,3.827262499999999,-2.5206917721928095,47.56022211684547,0.05489270909301297,-0.13836760016413122,4.283724999999999,-2.8213247358488327,53.23254218582704,0.02597556456454765,-0.07328550283359671,4.283724999999999,-2.8213247358488327,53.23254218582704,0.02597556456453869,-0.07328550283357142
0.448,1.0427867954216996,-0.9911464135900799,33.696255132355496,0.050137602410971926,-0.04969370481564017,1.0427867954216996,-0.9911464135900799,33.696255132355496,0.050137602410969324,-0.04969370481563759,1.167155862765572,-1.1093565363118325,37.71507455181074,0.02410222769858043,-0.026737963837096295,1.167155862765572,-1.1093565363118325,37.71507455181074,0.02410222769857171,-0.026737963837086622,3.6841999999999935,-2.4731315500759643,47.56022211684547,0.054893146481226666,-0.13575797244566307,3.6841999999999935,-2.4731315500759643,47.56022211684547,0.05489314648122422,-0.13575797244565702,4.123599999999993,-2.7680921936630054,53.23254218582704,0.025971763444244834,-0.07189223564567633,4.123599999999993,-2.7680921936630054,53.23254218582704,0.025971763444235865,-0.0718922356456515
0.449,0.9869597502928835,-0.957652910195772,33.28930156407923,0.049997414053869337,-0.04788016907095096,0.9869597502928835,-0.957652910195772,33.28930156407923,0.049997414053866734,-0.04788016907094847,1.104670546199374,-1.0718683948980199,37.259585236859316,0.024047586663920862,-0.025775848118627882,1.104670546199374,-1.0718683948980199,37.259585236859316,0.024047586663912154,-0.02577584811861855,3.5438624999999937,-2.4255713279591187,47.56022211684547,0.05489334110869575,-0.13314771428913202,3.5438624999999937,-2.4255713279591187,47.56022211684547,0.0548933411086933,-0.13314771428912608,3.966524999999993,-2.714859651477178,53.23254218582704,0.025967883751742384,-0.0704991598318552,3.966524999999993,-2.714859651477178,53.23254218582704,0.025967883751733402,-0.07049915983183082
0.45,0.9330399999998198,-0.9245707179514435,32.87362552716355,0.04985427688542436,-0.046093804572906856,0.9330399999998198,-0.9245707179514435,32.87362552716355,0.04985427688542176,-0.046093804572904455,1.0443199999997983,-1.0348406200924414,36.7943331588436,0.02399189904083224,-0.024827791680610084,1.0443199999997983,-1.0348406200924414,36.7943331588436,0.023991899040823546,-0.024827791680601088,3.40625,-2.378011105842273,47.56022211684547,0.05489330649905671,-0.13053689249116068,3.40625,-2.378011105842273,47.56022211684547,0.05489330649905426,-0.13053689249115485,3.8125,-2.6616271092913513,53.23254218582704,0.02596393422541126,-0.06910631119821216,3.8125,-2.6616271092913513,53.23254218582704,0.02596393422540227,-0.06910631119818822
0.451,0.8810037278512715,-0.8919085812415325,32.44918319010724,0.04970817888322714,-0.04433515130383943,0.8810037278512715,-0.8919085812415325,32.44918319010724,0.04970817888322453,-0.04433515130383709,0.9860775669527991,-0.9982829991877703,36.31926925865214,0.02393516041052708,-0.023894063720661357,0.9860775669527991,-0.9982829991877703,36.31926925865214,0.02393516041051839,-0.023894063720652683,3.2713624999999995,-2.3304508837254274,47.56022211684547,0.05489305591472234,-0.12792557066685398,3.2713624999999995,-2.3304508837254274,47.56022211684547,0.05489305591471989,-0.1279255706668483,3.6615249999999993,-2.608394567105524,53.23254218582704,0.025959923432215478,-0.06771372324306624,3.6615249999999993,-2.608394567105524,53.23254218582704,0.025959923432206485,-0.06771372324304278
0.452,0.8308266148821399,-0.8596752882817917,32.01593072140947,0.04955910782404374,-0.0426047403056232,0.8308266148821399,-0.8596752882817917,32.01593072140947,0.049559107824041125,-0.042604740305620954,0.9299160276662484,-0.9622053685355834,35.83434447717389,0.023877366210686157,-0.02297492995441236,0.9299160276662484,-0.9622053685355834,35.83434447717389,0.023877366210677476,-0.022974929954404005,3.139199999999993,-2.2828906616085822,47.56022211684547,0.05489260235663013,-0.12531380931134417,3.139199999999993,-2.2828906616085822,47.56022211684547,0.054892602356627684,-0.1253138093113386,3.5135999999999923,-2.555162024919697,53.23254218582704,0.025955859767673912,-0.06632142720250137,3.5135999999999923,-2.555162024919697,53.23254218582704,0.02595585976766491,-0.06632142720247837
0.453,0.782483837346339,-0.8278796711197489,31.57382428956998,0.049407051287577754,-0.04090309337095644,0.782483837346339,-0.8278796711197489,31.57382428956998,0.04940705128757513,-0.04090309337095427,0.8758075977637922,-0.9266176135468749,35.33950975529851,0.02381851173783972,-0.02207065250475527,0.8758075977637922,-0.9266176135468749,35.33950975529851,0.023818511737831054,-0.02207065250474724,3.0097624999999923,-2.235330439491736,47.56022211684547,0.05489195856401035,-0.12270166586145143,3.0097624999999923,-2.235330439491736,47.56022211684547,0.0548919585640079,-0.12270166586144594,3.368724999999991,-2.50192948273387,53.23254218582704,0.025951751455836763,-0.06492945209593963,3.368724999999991,-2.50192948273387,53.23254218582704,0.025951751455827753,-0.06492945209591708
0.454,0.7359500642017784,-0.7965306056342197,31.122820063087605,0.049251996660316356,-0.03923072272853635,0.7359500642017784,-0.7965306056342197,31.122820063087605,0.049251996660313734,-0.03923072272853426,0.8237239250698803,-0.891529668691512,34.83471603391457,0.023758592149800258,-0.02118148978788818,0.8237239250698803,-0.891529668691512,34.83471603391457,0.023758592149791594,-0.021181489787880457,2.8830499999999972,-2.187770217374891,47.56022211684547,0.0548911370141754,-0.12008919475745743,2.8830499999999972,-2.187770217374891,47.56022211684547,0.05489113701417296,-0.1200891947574521,3.2268999999999965,-2.448696940548043,53.23254218582704,0.02594760654927584,-0.06353782477175611,3.2268999999999965,-2.448696940548043,53.23254218582704,0.02594760654926682,-0.06353782477173403
0.455,0.6911994545999951,-0.7656370115356322,30.662874210462004,0.04909393113945873,-0.0375881307221513,0.6911994545999951,-0.7656370115356322,30.662874210462004,0.04909393113945609,-0.03758813072214928,0.7736360867999945,-0.8569515174985975,34.3199142539116,0.023697602468145545,-0.020307696396155834,0.7736360867999945,-0.8569515174985975,34.3199142539116,0.02369760246813689,-0.020307696396148416,2.7590624999999958,-2.140209995258046,47.56022211684547,0.05489014992232919,-0.11747644750498158,2.7590624999999958,-2.140209995258046,47.56022211684547,0.054890149922326756,-0.11747644750497636,3.088124999999995,-2.395464398362216,53.23254218582704,0.025943432929087795,-0.062146569952927805,3.088124999999995,-2.395464398362216,53.23254218582704,0.02594343292907877,-0.06214656995290618
0.456,0.6482056553758317,-0.735207852365838,30.19394290019198,0.048932841736920044,-0.03597580948355843,0.6482056553758317,-0.735207852365838,30.19394290019198,0.0489328417369174,-0.035975809483556484,0.7255145867509308,-0.8228931925562589,33.79505535617818,0.023635537580748222,-0.01944952297760534,0.7255145867509308,-0.8228931925562589,33.79505535617818,0.023635537580739583,-0.019449522977598232,2.6378,-2.0926497731412,47.56022211684547,0.054889009241395795,-0.11486347273695215,2.6378,-2.0926497731412,47.56022211684547,0.05488900924139335,-0.11486347273694704,2.9524,-2.342231856176389,53.23254218582704,0.025939238304909556,-0.06075571028270999,2.9524,-2.342231856176389,53.23254218582704,0.02593923830490052,-0.060755710282688835
0.457,0.6069417985351802,-0.7052521354982871,29.715982300777434,0.0487687152834089,-0.03439424059913208,0.6069417985351802,-0.7052521354982871,29.715982300777434,0.048768715283406254,-0.03439424059913022,0.6793293524889172,-0.7893647755118443,33.2600902816041,0.023572392244349785,-0.018607216112238305,0.6793293524889172,-0.7893647755118443,33.2600902816041,0.02357239224434116,-0.018607216112231498,2.519262499999998,-2.0450895510243545,47.56022211684547,0.05488772666186614,-0.11225031627566333,2.519262499999998,-2.0450895510243545,47.56022211684547,0.054887726661863714,-0.11225031627565836,2.8197249999999974,-2.288999313990562,53.23254218582704,0.02593503021494517,-0.05936526637033399,2.8197249999999974,-2.288999313990562,53.23254218582704,0.02593503021493613,-0.0593652663703133
0.458,0.5673804987432565,-0.6757789121378263,29.228948580717162,0.048601538432571326,-0.0328438947701878,0.5673804987432565,-0.6757789121378263,29.228948580717162,0.04860153843256867,-0.03284389477018601,0.6350497325383238,-0.7563763970716955,32.71496997107792,0.02350816108717536,-0.01778101818489873,0.6350497325383238,-0.7563763970716955,32.71496997107792,0.023508161087166746,-0.017781018184892215,2.4034500000000016,-1.997529328907509,47.56022211684547,0.05488631361166212,-0.1096370211949105,2.4034500000000016,-1.997529328907509,47.56022211684547,0.0548863136116597,-0.10963702119490568,2.6901000000000015,-2.2357667718047347,53.23254218582704,0.02593081602600325,-0.057975256836719766,2.6901000000000015,-2.2357667718047347,53.23254218582704,0.025930816025994202,-0.05797525683669954
0.459,0.529493850814716,-0.646797277320901,28.73279790851095,0.0484312976651991,-0.03132523146696889,0.529493850814716,-0.646797277320901,28.73279790851095,0.04843129766519646,-0.031325231466967175,0.5926444935724344,-0.7239382370013753,32.15964536548932,0.0234428386115874,-0.01697116725478035,0.5926444935724344,-0.7239382370013753,32.15964536548932,0.0234428386115788,-0.016971167254774124,2.2903624999999987,-1.9499691067906637,47.56022211684547,0.05488478125601693,-0.1070236278821963,2.2903624999999987,-1.9499691067906637,47.56022211684547,0.054884781256014495,-0.10702362788219155,2.5635249999999985,-2.182534229618908,53.23254218582704,0.025926602933544315,-0.05658569836019846,2.5635249999999985,-2.182534229618908,53.23254218582704,0.025926602933535263,-0.0565856983601787
0.46,0.49325342720004084,-0.6183163699153797,28.227486452657814,0.04825797929349514,-0.029838698576205476,0.49325342720004084,-0.6183163699153797,28.227486452657814,0.04825797929349248,-0.02983869857620383,0.5520818176000457,-0.6920605241254708,31.594067405727092,0.023376419196773947,-0.016177896921496095,0.5520818176000457,-0.6920605241254708,31.594067405727092,0.02337641919676536,-0.016177896921490152,2.180000000000002,-1.9024088846738179,47.56022211684547,0.05488314049737078,-0.10441017410099959,2.180000000000002,-1.9024088846738179,47.56022211684547,0.05488314049736835,-0.10441017410099497,2.440000000000002,-2.1293016874330806,53.23254218582704,0.025922397961737283,-0.05519660572223905,2.440000000000002,-2.1293016874330806,53.23254218582704,0.02592239796172822,-0.05519660572221975
0.461,0.45863027547667107,-0.5903453726206221,27.712970381657104,0.04808156946539291,-0.028384732042231704,0.45863027547667107,-0.5903453726206221,27.712970381657104,0.04808156946539023,-0.028384732042230125,0.513329299157375,-0.6607535363276688,31.018187032680427,0.023308897101469644,-0.015401436187693815,0.513329299157375,-0.6607535363276688,31.018187032680427,0.02330889710146107,-0.01540143618768815,2.0723624999999983,-1.8548486625569724,47.56022211684547,0.05488140197528129,-0.10179669505310208,2.0723624999999983,-1.8548486625569724,47.56022211684547,0.054881401975278854,-0.10179669505309757,2.3195249999999983,-2.0760691452472533,53.23254218582704,0.025918207963524363,-0.05380799185317458,2.3195249999999983,-2.0760691452472533,53.23254218582704,0.0259182079635153,-0.05380799185315576
0.462,0.4255949158356831,-0.5628935119675732,27.189205864007846,0.04790205416892344,-0.026963755501606245,0.4255949158356831,-0.5628935119675732,27.189205864007846,0.04790205416892075,-0.026963755501604732,0.47635394249498475,-0.6300276005508616,30.431955187238138,0.023240266466705108,-0.01464200931818087,0.47635394249498475,-0.6300276005508616,30.431955187238138,0.02324026646669655,-0.014642009318175477,1.9674500000000013,-1.8072884404401268,47.56022211684547,0.05487957606634741,-0.09918322344096432,1.9674500000000013,-1.8072884404401268,47.56022211684547,0.054879576066344984,-0.09918322344095994,2.2021000000000015,-2.0228366030614264,53.23254218582704,0.025914039620693732,-0.052419867877923326,2.2021000000000015,-2.0228366030614264,53.23254218582704,0.025914039620684667,-0.05241986787790499
0.463,0.3941173385719523,-0.535970058318655,26.65614906820971,0.04771941923662562,-0.02557617991118658,0.3941173385719523,-0.535970058318655,26.65614906820971,0.04771941923662293,-0.025576179911185135,0.44112215876860716,-0.5998930927970266,29.835322810289764,0.023170521318582327,-0.01389983569552379,0.44112215876860716,-0.5998930927970266,29.835322810289764,0.02317052131857378,-0.013899835695518665,1.8652624999999972,-1.7597282183232814,47.56022211684547,0.054877672884146265,-0.09656978953014655,1.8652624999999972,-1.7597282183232814,47.56022211684547,0.05487767288414383,-0.09656978953014228,2.0877249999999967,-1.9696040608755991,53.23254218582704,0.025909899443959192,-0.05103224316170046,2.0877249999999967,-1.9696040608755991,53.23254218582704,0.025909899443950116,-0.051032243161682575
0.464,0.36416700157121884,-0.5095843258677132,26.113756162761824,0.04753365034999309,-0.024222403169632815,0.36416700157121884,-0.5095843258677132,26.113756162761824,0.04753365034999039,-0.02422240316963144,0.4075997632265018,-0.5703604381271652,29.228240842724244,0.023099655571071756,-0.0131751296721031,0.4075997632265018,-0.5703604381271652,29.228240842724244,0.02309965557106322,-0.013175129672098232,1.7657999999999991,-1.7121679962064358,47.56022211684547,0.05487570227918193,-0.09395642121176787,1.7657999999999991,-1.7121679962064358,47.56022211684547,0.0548757022791795,-0.0939564212117637,1.976399999999999,-1.916371518689772,53.23254218582704,0.025905793773046245,-0.04964512535571667,1.976399999999999,-1.916371518689772,53.23254218582704,0.025905793773037162,-0.04964512535569927
0.465,0.33571282780005696,-0.483745672640192,25.561983316163538,0.047344733043953466,-0.022902809732317595,0.33571282780005696,-0.483745672640192,25.561983316163538,0.047344733043950774,-0.022902809732316294,0.37575197240006375,-0.5414401106614993,28.61066022543075,0.02302766302882841,-0.01246810041860457,0.37575197240006375,-0.5414401106614993,28.61066022543075,0.023027663028819888,-0.012468100418599956,1.6690624999999948,-1.6646077740895904,47.56022211684547,0.05487367383884549,-0.09134314406499879,1.6690624999999948,-1.6646077740895904,47.56022211684547,0.05487367383884306,-0.09134314406499473,1.8681249999999938,-1.863138976503945,53.23254218582704,0.025901728776783914,-0.04825852044285996,1.8681249999999938,-1.863138976503945,53.23254218582704,0.02590172877677483,-0.04825852044284304
0.466,0.30872320279332754,-0.4584635004929457,25.000786696914307,0.04715265271137344,-0.021617770219584456,0.30872320279332754,-0.4584635004929457,25.000786696914307,0.047152652711370736,-0.021617770219583214,0.3455434012916143,-0.5131426335792603,27.982531899298582,0.022954537390022782,-0.01177895176890989,0.3455434012916143,-0.5131426335792603,27.982531899298582,0.02295453739001428,-0.011778951768905525,1.575049999999996,-1.6170475519727447,47.56022211684547,0.054871596887385486,-0.08872998141958198,1.575049999999996,-1.6170475519727447,47.56022211684547,0.05487159688738305,-0.08872998141957804,1.7628999999999955,-1.809906434318118,53.23254218582704,0.025897710453201637,-0.046872432783357225,1.7628999999999955,-1.809906434318118,53.23254218582704,0.025897710453192543,-0.046872432783340766
0.467,0.2831659721447286,-0.43374725511441375,24.430122473513048,0.046957394607583545,-0.020367641018363736,0.2831659721447286,-0.43374725511441375,24.430122473513048,0.046957394607580846,-0.020367641018362567,0.31693806056565954,-0.4854785791188851,27.34380680521644,0.02288027224918319,-0.011107882061386713,0.31693806056565954,-0.4854785791188851,27.34380680521644,0.022880272249174705,-0.011107882061382593,1.483762500000003,-1.5694873298558993,47.56022211684547,0.05486948048588803,-0.08611695441837677,1.483762500000003,-1.5694873298558993,47.56022211684547,0.05486948048588561,-0.08611695441837297,1.6607250000000033,-1.7566738921322909,53.23254218582704,0.02589374462963065,-0.04548686516041288,1.6607250000000033,-1.7566738921322909,53.23254218582704,0.025893744629621556,-0.045486865160396905
0.468,0.2590084389929892,-0.40960642602449954,23.84994681445932,0.04675894385491761,-0.019152763877093037,0.2590084389929892,-0.40960642602449954,23.84994681445932,0.0467589438549149,-0.019152763877091927,0.28989935373527226,-0.45845856857788014,26.694435884073734,0.02280486110004557,-0.010455083976544275,0.28989935373527226,-0.45845856857788014,26.694435884073734,0.0228048611000371,-0.010455083976540389,1.3951999999999916,-1.5219271077390537,47.56022211684547,0.054867333432265866,-0.08350408207992267,1.3951999999999916,-1.5219271077390537,47.56022211684547,0.05486733343226344,-0.08350408207991898,1.5615999999999906,-1.7034413499464638,53.23254218582704,0.025889836962809294,-0.04410181882582172,1.5615999999999906,-1.7034413499464638,53.23254218582704,0.02588983696280019,-0.04410181882580621
0.46900000000000003,0.23621736151212946,-0.3860505465745431,23.260215888252365,0.04655728544725921,-0.01797346549394144,0.23621736151212946,-0.3860505465745431,23.260215888252365,0.04655728544725649,-0.01797346549394039,0.26439007435302564,-0.43209327231279127,26.034370076759526,0.02272829733840678,-0.009820744371050289,0.26439007435302564,-0.43209327231279127,26.034370076759526,0.022728297338398318,-0.009820744371046634,1.309362499999998,-1.4743668856222085,47.56022211684547,0.05486516426125563,-0.08089138136101837,1.309362499999998,-1.4743668856222085,47.56022211684547,0.05486516426125321,-0.08089138136101479,1.4655249999999977,-1.650208807760637,53.23254218582704,0.025885992938991572,-0.04271729354555355,1.4655249999999977,-1.650208807760637,53.23254218582704,0.02588599293898246,-0.042717293545538514
0.47000000000000003,0.21475895039988124,-0.36308919394753747,22.660885863391528,0.04635240425458994,-0.01683005709832947,0.21475895039988124,-0.36308919394753747,22.660885863391528,0.04635240425458721,-0.016830057098328476,0.24037240319986708,-0.4063934097394456,25.363560324162993,0.022650574264977557,-0.009205044108100767,0.24037240319986708,-0.4063934097394456,25.363560324162993,0.02265057426496911,-0.009205044108097332,1.226249999999998,-1.426806663505363,47.56022211684547,0.05486298124442261,-0.07827886721931193,1.226249999999998,-1.426806663505363,47.56022211684547,0.05486298124442017,-0.07827886721930845,1.3724999999999976,-1.5969762655748099,53.23254218582704,0.02588221787405852,-0.04133328764530757,1.3724999999999976,-1.5969762655748099,53.23254218582704,0.025882217874049405,-0.04133328764529301
0.47100000000000003,0.19459886636610868,-0.34073198915781794,22.051912908375833,0.04614428502753203,-0.015722834025696304,0.19459886636610868,-0.34073198915781794,22.051912908375833,0.0461442850275293,-0.015722834025695374,0.21780790547399317,-0.3813697493326036,24.681957567172947,0.02257168508823077,-0.008608157884113036,0.21780790547399317,-0.3813697493326036,24.681957567172947,0.02257168508822234,-0.00860815788410982,1.1458624999999918,-1.3792464413885175,47.56022211684547,0.05486079239017238,-0.07566655267589951,1.1458624999999918,-1.3792464413885175,47.56022211684547,0.05486079239016994,-0.07566655267589616,1.2825249999999906,-1.5437437233889826,53.23254218582704,0.025878516913631727,-0.0399497980560346,1.2825249999999906,-1.5437437233889826,53.23254218582704,0.025878516913622616,-0.03994979805602054
0.47200000000000003,0.17570221762161609,-0.31898859705133226,21.43325319170517,0.045932912401879605,-0.014652075285557316,0.17570221762161609,-0.31898859705133226,21.43325319170517,0.045932912401876864,-0.014652075285556442,0.19665752798015743,-0.35703310862626175,23.98951274667918,0.022491622927240988,-0.008030254051762551,0.19665752798015743,-0.35703310862626175,23.98951274667918,0.02249162292723258,-0.00803025405175955,1.0682000000000034,-1.3316862192716719,47.56022211684547,0.05485860544376859,-0.07305444887792854,1.0682000000000034,-1.3316862192716719,47.56022211684547,0.05485860544376617,-0.07305444887792532,1.1956000000000038,-1.4905111812031555,53.23254218582704,0.025874895033188572,-0.03856682035942556,1.1956000000000038,-1.4905111812031555,53.23254218582704,0.02587489503317945,-0.03856682035941197
0.47300000000000003,0.15803355736579405,-0.2978687263054782,20.804862881878233,0.045718270903109655,-0.013618043122798079,0.15803355736579405,-0.2978687263054782,20.804862881878233,0.0457182709031069,-0.013618043122797258,0.17688159631767775,-0.333394354213471,23.28617680357013,0.02241038081451039,-0.007471494439331652,0.17688159631767775,-0.333394354213471,23.28617680357013,0.022410380814502,-0.007471494439328856,0.9932624999999965,-1.2841259971548264,47.56022211684547,0.05485642788735635,-0.0704425651612033,0.9932624999999965,-1.2841259971548264,47.56022211684547,0.054856427887353926,-0.07044256516120019,1.111724999999996,-1.4372786390173284,53.23254218582704,0.02587135703817855,-0.03718434883336465,1.111724999999996,-1.4372786390173284,53.23254218582704,0.025871357038169427,-0.03718434883335153
0.47400000000000003,0.1415568812768795,-0.2773821294291041,20.16669814739448,0.04550034495086854,-0.012620982572230701,0.1415568812768795,-0.2773821294291041,20.16669814739448,0.04550034495086577,-0.012620982572229935,0.1584398120713697,-0.31046440174633666,22.571900678735105,0.022327951698777583,-0.006932034166382084,0.1584398120713697,-0.31046440174633666,22.571900678735105,0.022327951698769215,-0.006932034166379486,0.9210499999999954,-1.2365657750379808,47.56022211684547,0.05485426693999045,-0.06783090911278958,0.9210499999999954,-1.2365657750379808,47.56022211684547,0.05485426693998803,-0.0678309091127866,1.0308999999999948,-1.3840460968315014,53.23254218582704,0.025867907564140355,-0.03580237649734653,1.0308999999999948,-1.3840460968315014,53.23254218582704,0.025867907564131227,-0.03580237649733389
0.47500000000000003,0.12623562499979535,-0.2575386027627111,19.518715156753366,0.04527911886342394,-0.011661121006412917,0.12623562499979535,-0.2575386027627111,19.518715156753366,0.045279118863421175,-0.011661121006412206,0.14129124999977094,-0.28825421593624545,21.846635313063402,0.022244328447803656,-0.0064120214557499625,0.14129124999977094,-0.28825421593624545,21.846635313063402,0.0222443284477953,-0.006412021455747555,0.8515625,-1.1890055529211354,47.56022211684547,0.05485212955766804,-0.06521948663361685,0.8515625,-1.1890055529211354,47.56022211684547,0.05485212955766561,-0.06521948663361395,0.953125,-1.3308135546456743,53.23254218582704,0.02586455107681906,-0.03442089515785618,0.953125,-1.3308135546456743,53.23254218582704,0.02586455107680993,-0.03442089515784402
0.47600000000000003,0.11203266163524896,-0.23834798647815617,18.860870078454024,0.04505457686207624,-0.010738667676701195,0.11203266163524896,-0.23834798647815617,18.860870078454024,0.04505457686207347,-0.010738667676700535,0.12539435522477405,-0.2667748105535326,21.110331647443953,0.022159503851131284,-0.005911597441845824,0.12539435522477405,-0.2667748105535326,21.110331647443953,0.022159503851122947,-0.0059115974418436,0.7847999999999983,-1.1414453308042898,47.56022211684547,0.054850022433365,-0.06260830200107503,0.7847999999999983,-1.1414453308042898,47.56022211684547,0.05485002243336258,-0.06260830200107227,0.8783999999999981,-1.2775810124598472,53.23254218582704,0.025861291872283105,-0.03303989545371107,0.8783999999999981,-1.2775810124598472,53.23254218582704,0.02586129187227397,-0.0330398954536994
0.47700000000000004,0.09891029922631311,-0.21982016457885445,18.193119080995906,0.044826703075521473,-0.00985381324758857,0.09891029922631311,-0.21982016457885445,18.193119080995906,0.04482670307551869,-0.00985381324758796,0.11070694041844219,-0.24603724842770866,20.36294062276606,0.022073470622811977,-0.00543089597528652,0.11070694041844219,-0.24603724842770866,20.36294062276606,0.022073470622803657,-0.005430895975284473,0.7207625000000023,-1.0938851086874442,47.56022211684547,0.05484795199707556,-0.05999735793160472,0.7207625000000023,-1.0938851086874442,47.56022211684547,0.05484795199707314,-0.05999735793160207,0.8067250000000026,-1.2243484702740202,53.23254218582704,0.025858134077040486,-0.03165936690136503,0.8067250000000026,-1.2243484702740202,53.23254218582704,0.025858134077031348,-0.03165936690135384
0.47800000000000004,0.0868302782505257,-0.20196506489973912,17.515418332878472,0.04459548154415777,-0.009006729324300942,0.0868302782505257,-0.20196506489973912,17.515418332878472,0.04459548154415497,-0.009006729324300376,0.09718618299600124,-0.2260526414474144,19.60441317991902,0.021986221404096607,-0.004970043423843718,0.09718618299600124,-0.2260526414474144,19.60441317991902,0.02198622140408831,-0.004970043423841843,0.65945,-1.0463248865705987,47.56022211684547,0.05484592441585461,-0.05738665564327871,0.65945,-1.0463248865705987,47.56022211684547,0.05484592441585219,-0.05738665564327618,0.7381,-1.171115928088193,53.23254218582704,0.02585508164815387,-0.030279297940173727,0.7381,-1.171115928088193,53.23254218582704,0.02585508164814473,-0.030279297940163024
0.47900000000000004,0.07575376910579301,-0.18479265910715298,16.827724002600412,0.04436089622432693,-0.008197567973669835,0.07575376910579301,-0.18479265910715298,16.827724002600412,0.044360896224324126,-0.008197567973669318,0.08478862230189675,-0.20683215056029963,18.834700259791287,0.021897748766083636,-0.004529158469718226,0.08478862230189675,-0.20683215056029963,18.834700259791287,0.021897748766075354,-0.004529158469716513,0.6008625000000034,-0.9987646644537532,47.56022211684547,0.054843945593862194,-0.05477619491837367,0.6008625000000034,-0.9987646644537532,47.56022211684547,0.05484394559385977,-0.054776194918371254,0.6725250000000037,-1.117883385902366,53.23254218582704,0.025852138373354094,-0.02889967597762156,0.6725250000000037,-1.117883385902366,53.23254218582704,0.025852138373344952,-0.02889967597761134
0.48000000000000004,0.06564136960006905,-0.16831296269909185,16.12999225866173,0.044122930992484356,-0.007426461238312624,0.06564136960006905,-0.16831296269909185,16.12999225866173,0.04412293099248155,-0.007426461238312152,0.07347015680007729,-0.18838698577329543,18.05375280327276,0.02180804521232066,-0.0041083519031568354,0.07347015680007729,-0.18838698577329543,18.05375280327276,0.0218080452123124,-0.004108351903155279,0.5450000000000005,-0.9512044423369077,47.56022211684547,0.05484202117240965,-0.0521659741659308,0.5450000000000005,-0.9512044423369077,47.56022211684547,0.05484202117240723,-0.052165974165928504,0.6100000000000005,-1.0646508437165387,53.23254218582704,0.025849307871151753,-0.027520487434510278,0.6100000000000005,-1.0646508437165387,53.23254218582704,0.025849307871142608,-0.027520487434500543
0.48100000000000004,0.056453102439776075,-0.15253603500489368,15.422179269561015,0.04388156964928612,-0.006693520644093188,0.056453102439776075,-0.15253603500489368,15.422179269561015,0.0438815696492833,-0.006693520644092758,0.06318604126286864,-0.1707284061522663,17.261521751251777,0.021717103181352844,-0.003707726412396683,0.06318604126286864,-0.1707284061522663,17.261521751251777,0.021717103181344607,-0.003707726412395277,0.49186250000000326,-0.9036442202200622,47.56022211684547,0.05484015653000704,-0.04955599048430436,0.49186250000000326,-0.9036442202200622,47.56022211684547,0.054840156530004625,-0.04955599048430218,0.5505250000000037,-1.0114183015307117,53.23254218582704,0.02584659359094646,-0.026141717790109646,0.5505250000000037,-1.0114183015307117,53.23254218582704,0.02584659359093731,-0.026141717790100393
0.48200000000000004,0.04814841271899972,-0.13747197918549542,14.704241203798151,0.04363679592358799,-0.0059988367009292,0.04814841271899972,-0.13747197918549542,14.704241203798151,0.04363679592358516,-0.00599883670092881,0.05389088396071528,-0.1538677198222976,16.457958044618113,0.021624915049214037,-0.0033273763699734524,0.05389088396071528,-0.1538677198222976,16.457958044618113,0.021624915049205818,-0.003327376369972188,0.4414499999999998,-0.8560839981032167,47.56022211684547,0.05483835678241134,-0.04694623972369735,0.4414499999999998,-0.8560839981032167,47.56022211684547,0.05483835678240892,-0.04694623972369528,0.49409999999999976,-0.9581857593448846,53.23254218582704,0.025843998813133377,-0.0247633516272705,0.49409999999999976,-0.9581857593448846,53.23254218582704,0.025843998813124224,-0.02476335162726173
0.48300000000000004,0.04068616540732872,-0.12313094223335179,13.976134229872272,0.04338859347634417,-0.005342478396922118,0.04068616540732872,-0.12313094223335179,13.976134229872272,0.04338859347634134,-0.005342478396921769,0.045538643850404625,-0.13781628396760476,15.643012624260708,0.021531473131853513,-0.0029673876153803757,0.045538643850404625,-0.13781628396760476,15.643012624260708,0.021531473131845315,-0.002967387615379246,0.393762500000002,-0.8085237759863712,47.56022211684547,0.054836626782674903,-0.04433671654868369,0.393762500000002,-0.8085237759863712,47.56022211684547,0.054836626782672496,-0.04433671654868174,0.44072500000000225,-0.9049532171590575,53.23254218582704,0.02584152664920679,-0.023385372677501202,0.44072500000000225,-0.9049532171590575,53.23254218582704,0.025841526649197633,-0.023385372677492917
0.48400000000000004,0.03402464283846918,-0.10952311497232728,13.2378145162824,0.043136945904399156,-0.004724492685842571,0.03402464283846918,-0.10952311497232728,13.2378145162824,0.04313694590439632,-0.00472449268584226,0.03808262776415816,-0.12258550483141217,14.816636431068375,0.021436769687493838,-0.0026278372340961457,0.03808262776415816,-0.12258550483141217,14.816636431068375,0.021436769687485663,-0.002627837234095144,0.3487999999999979,-0.7609635538695256,47.56022211684547,0.054834971121194016,-0.041727414500716604,0.3487999999999979,-0.7609635538695256,47.56022211684547,0.054834971121191595,-0.041727414500714766,0.39039999999999764,-0.8517206749732305,53.23254218582704,0.02583918004186026,-0.022007763866008046,0.39039999999999764,-0.8517206749732305,53.23254218582704,0.025839180041851102,-0.022007763866000247
0.48500000000000004,0.028121542199923685,-0.09665873205780418,12.4892382315281,0.0428818367441626,-0.004144903968000514,0.028121542199923685,-0.09665873205780418,12.4892382315281,0.04288183674415975,-0.004144903968000239,0.03147548759991459,-0.10818683771607439,13.978780405930532,0.02134079691891342,-0.0023087933329981863,0.03147548759991459,-0.10818683771607439,13.978780405930532,0.021340796918905267,-0.0023087933329973046,0.3065624999999995,-0.7134033317526801,47.56022211684547,0.05483339412575684,-0.03911832606062277,0.3065624999999995,-0.7134033317526801,47.56022211684547,0.05483339412575443,-0.039118326060621045,0.3431249999999994,-0.7984881327874034,53.23254218582704,0.02583696176508316,-0.020630507356700786,0.3431249999999994,-0.7984881327874034,53.23254218582704,0.025836961765074,-0.020630507356693473
0.48600000000000004,0.022933973020443865,-0.08454807197679078,11.730361544108824,0.0426232494751571,-0.0036037135645102924,0.022933973020443865,-0.08454807197679078,11.730361544108824,0.04262324947515424,-0.00360371356451005,0.025669217509120656,-0.094631786983197,13.129395489736481,0.021243546975647523,-0.0020103148121670155,0.025669217509120656,-0.094631786983197,13.129395489736481,0.021243546975639387,-0.0020103148121662453,0.2670499999999948,-0.6658431096358346,47.56022211684547,0.05483189986159071,-0.036509442711082245,0.2670499999999948,-0.6658431096358346,47.56022211684547,0.054831899861588304,-0.03650944271108064,0.29889999999999417,-0.7452555906015762,53.23254218582704,0.025834874424253213,-0.019253584597164385,0.29889999999999417,-0.7452555906015762,53.23254218582704,0.025834874424244054,-0.019253584597157557
0.48700000000000004,0.018418454659999917,-0.07320145704769158,10.961140622523706,0.04236116752343007,-0.0031008991849564337,0.018418454659999917,-0.07320145704769158,10.961140622523706,0.04236116752342719,-0.003100899184956223,0.020615151087339356,-0.08193190605337956,12.268432623375157,0.021145011956101988,-0.0017324511330849357,0.020615151087339356,-0.08193190605337956,12.268432623375157,0.02114501195609387,-0.0017324511330842705,0.2302624999999958,-0.6182828875189891,47.56022211684547,0.05483049213140819,-0.033900754999094264,0.2302624999999958,-0.6182828875189891,47.56022211684547,0.054830492131405784,-0.03390075499909278,0.2577249999999953,-0.6920230484157491,53.23254218582704,0.025832920456224852,-0.017876976363598286,0.2577249999999953,-0.6920230484157491,53.23254218582704,0.02583292045621569,-0.017876976363591947
0.48800000000000004,0.014530913795974596,-0.06262925342032077,10.181531635271767,0.042095574264819344,-0.002636414388505304,0.014530913795974596,-0.06262925342032077,10.181531635271767,0.04209557426481646,-0.002636414388505123,0.01626395856063212,-0.0700987974062306,11.395842747735372,0.021045183909573037,-0.0014752420832540242,0.01626395856063212,-0.0700987974062306,11.395842747735372,0.021045183909564953,-0.0014752420832534576,0.1962000000000026,-0.5707226654021436,47.56022211684547,0.05482917447545169,-0.031292252598428966,0.1962000000000026,-0.5707226654021436,47.56022211684547,0.05482917447544927,-0.031292252598427585,0.2196000000000029,-0.6387905062299221,53.23254218582704,0.025831102129413027,-0.016500662805724566,0.2196000000000029,-0.6387905062299221,53.23254218582704,0.02583110212940386,-0.01650066280571871
0.48900000000000005,0.011226681915456282,-0.052841871076199656,9.391490750852572,0.04182645302806309,-0.002210188038483631,0.011226681915456282,-0.052841871076199656,9.391490750852572,0.0418264530280602,-0.0022101880384834778,0.012565643978767582,-0.05914411258070053,10.511576803706548,0.020944054838167254,-0.0012387175372449296,0.012565643978767582,-0.05914411258070053,10.511576803706548,0.02094405483815919,-0.0012387175372444528,0.16486250000000302,-0.523162443285298,47.56022211684547,0.05482795017153629,-0.028683924372065503,0.16486250000000302,-0.523162443285298,47.56022211684547,0.05482795017153387,-0.028683924372064237,0.18452500000000338,-0.585557964044095,53.23254218582704,0.02582942154387234,-0.015124623491666572,0.18452500000000338,-0.585557964044095,53.23254218582704,0.02582942154386317,-0.015124623491661203
0.49000000000000005,0.008460492800077546,-0.04384976382819161,8.590974137765253,0.041553787097742136,-0.0018221237504029485,0.008460492800077546,-0.04384976382819161,8.590974137765253,0.041553787097739235,-0.0018221237504028212,0.009469542400086794,-0.04907955217467318,9.615585732177621,0.020841616698614073,-0.001022897214164169,0.009469542400086794,-0.04907955217467318,9.615585732177621,0.020841616698606028,-0.0010228972141637742,0.1362499999999971,-0.4756022211684525,47.56022211684547,0.054826822235090576,-0.02607575843461698,0.1362499999999971,-0.4756022211684525,47.56022211684547,0.054826822235088155,-0.026075758434615827,0.15249999999999675,-0.5323254218582679,53.23254218582704,0.025827880631371182,-0.013748837452799652,0.15249999999999675,-0.5323254218582679,53.23254218582704,0.025827880631362012,-0.01374883745279477
0.49100000000000005,0.006186480017630558,-0.03566342932071845,7.779937964509369,0.04127755971704594,-0.001472099333500603,0.006186480017630558,-0.03566342932071845,7.779937964509369,0.041277559717043034,-0.0014720993335004993,0.0069243170839534685,-0.03991686584520781,8.707820474038009,0.02073786140396535,-0.0008277904315785977,0.0069243170839534685,-0.03991686584520781,8.707820474038009,0.02073786140395733,-0.0008277904315782776,0.11036249999999692,-0.428041999051607,47.56022211684547,0.0548257934191951,-0.02346774221474271,0.11036249999999692,-0.428041999051607,47.56022211684547,0.05482579341919268,-0.023467742214741672,0.12352499999999654,-0.47909287967244085,53.23254218582704,0.02582648115546072,-0.012373283228575704,0.12352499999999654,-0.47909287967244085,53.23254218582704,0.02582648115545155,-0.01237328322857131
0.49200000000000005,0.004358174408551463,-0.028293409029719833,6.958338399584271,0.040997754090350086,-0.0011599662257781443,0.004358174408551463,-0.028293409029719833,6.958338399584271,0.040997754090347165,-0.0011599662257780617,0.0048779566774612695,-0.031667852308493755,7.78823197017689,0.020632780825174023,-0.0006533958558851328,0.0048779566774612695,-0.031667852308493755,7.78823197017689,0.020632780825166026,-0.0006533958558848797,0.0872000000000025,-0.3804817769347615,47.56022211684547,0.054824866214618344,-0.02085986251754856,0.0872000000000025,-0.3804817769347615,47.56022211684547,0.054824866214615936,-0.020859862517547643,0.09760000000000278,-0.4258603374866137,53.23254218582704,0.025825224711538516,-0.010997938911323429,0.09760000000000278,-0.4258603374866137,53.23254218582704,0.025825224711529354,-0.010997938911319527
0.49300000000000005,0.0029285015769549005,-0.021750288262599178,6.126131611489089,0.040714353385594926,-0.0008855489225620204,0.0029285015769549005,-0.021750288262599178,6.126131611489089,0.040714353385592,-0.0008855489225619567,0.0032777724072339254,-0.024344359339789904,6.856771161483199,0.020526366792545558,-0.0004997012491380598,0.0032777724072339254,-0.024344359339789904,6.856771161483199,0.02052636679253759,-0.0004997012491378658,0.06676250000000172,-0.33292155481791597,47.56022211684547,0.05482404284984988,-0.01825210558697607,0.06676250000000172,-0.33292155481791597,47.56022211684547,0.05482404284984746,-0.018252105586975265,0.07472500000000191,-0.37262779530078666,53.23254218582704,0.025824112726906667,-0.009622782191026217,0.07472500000000191,-0.37262779530078666,53.23254218582704,0.025824112726897493,-0.009622782191022798
0.49400000000000005,0.0018497793762470849,-0.016044696158291287,5.283273768722953,0.040427340736454015,-0.0006486443986041166,0.0018497793762470849,-0.016044696158291287,5.283273768722953,0.04042734073645107,-0.0006486443986040693,0.0020703952651572877,-0.01795828377350034,5.913388988845874,0.020418611097054496,-0.0003666832123416477,0.0020703952651572877,-0.01795828377350034,5.913388988845874,0.02041861109704655,-0.00036668321234150503,0.0490499999999946,-0.28536133270107045,47.56022211684547,0.05482332529113056,-0.01564445716818132,0.0490499999999946,-0.28536133270107045,47.56022211684547,0.05482332529112814,-0.015644457168180626,0.054899999999993954,-0.31939525311495953,53.23254218582704,0.025823146460824117,-0.00824779040007959,0.054899999999993954,-0.31939525311495953,53.23254218582704,0.025823146460814943,-0.00824779040007666
0.49500000000000005,0.001073715400063513,-0.011187305687235275,4.42972103978532,0.040136699244280934,-0.0004490215237223959,0.001073715400063513,-0.011187305687235275,4.42972103978532,0.04013669924427797,-0.0004490215237223627,0.001201773200071088,-0.012521571503144069,4.95803639315421,0.02030950549151925,-0.00025430692520555544,0.001201773200071088,-0.012521571503144069,4.95803639315421,0.02030950549151133,-0.00025430692520545624,0.034062500000005325,-0.23780111058422496,47.56022211684547,0.05482271524247964,-0.013036902569904377,0.034062500000005325,-0.23780111058422496,47.56022211684547,0.05482271524247723,-0.013036902569903802,0.03812500000000596,-0.26616271092913246,53.23254218582704,0.025822327004553346,-0.006872940558030463,0.03812500000000596,-0.26616271092913246,53.23254218582704,0.02582232700454417,-0.006872940558028021
0.496,0.0005514044703991416,-0.0071888336512664595,3.5654295931754274,0.0398424119798223,-0.0002864204719881685,0.0005514044703991416,-0.0071888336512664595,3.5654295931754274,0.03984241197981933,-0.00028642047198814715,0.0006171683063183053,-0.008046217481234018,3.990664315297267,0.020199041691627177,-0.00016252588236334532,0.0006171683063183053,-0.008046217481234018,3.990664315297267,0.020199041691619277,-0.00016252588236328176,0.0217999999999976,-0.19024088846738207,47.56022211684547,0.05482221414571852,-0.010429426726830573,0.0217999999999976,-0.19024088846738207,47.56022211684547,0.0548222141457161,-0.010429426726830112,0.024399999999997313,-0.21293016874330836,53.23254218582704,0.02582165528140089,-0.005498209416300232,0.024399999999997313,-0.21293016874330836,53.23254218582704,0.025821655281391714,-0.0054982094162982775
0.497,0.00023332612544813,-0.004060040683927242,2.6903555973928404,0.03954446198468574,-0.0001605521244818383,0.00023332612544813,-0.004060040683927242,2.6903555973928404,0.03954446198468277,-0.00016055212448182624,0.00026115401196946664,-0.004544265719624987,3.011223696164463,0.020087211376802562,-9.128162606246491e-05,0.00026115401196946664,-0.004544265719624987,3.011223696164463,0.02008721137679469,-9.128162606242915e-05,0.012262499999995624,-0.14268066635053653,47.56022211684547,0.05482182318049111,-0.00782201426194376,0.012262499999995624,-0.14268066635053653,47.56022211684547,0.054821823180488685,-0.007822014261943415,0.0137249999999951,-0.15969762655748126,53.23254218582704,0.025821132046751943,-0.004123573502893604,0.0137249999999951,-0.15969762655748126,53.23254218582704,0.02582113204674277,-0.004123573502892139
0.498,6.934210976705657e-05,-0.0018117312500480777,1.8044552209364724,0.039242832272549814,-7.109746556857372e-05,6.934210976705657e-05,-0.0018117312500480777,1.8044552209364724,0.03924283227254684,-7.109746556856833e-05,7.761226964753121e-05,-0.0020278092890446374,2.0196654766444917,0.019974006190909645,-4.050347529336167e-05,7.761226964753121e-05,-0.0020278092890446374,2.0196654766444917,0.019974006190901797,-4.050347529334576e-05,0.0054499999999994,-0.09512044423369104,47.56022211684547,0.05482154326428059,-0.005214649548874882,0.0054499999999994,-0.09512044423369104,47.56022211684547,0.05482154326427817,-0.005214649548874652,0.006099999999999328,-0.10646508437165418,53.23254218582704,0.025820757888098737,-0.0027490091670964874,0.006099999999999328,-0.10646508437165418,53.23254218582704,0.02582075788808956,-0.0027490091670955103
0.499,8.693860952924126e-06,-0.00045475364612595934,0.9076846323057792,0.03893750583010454,-1.770697274729084e-05,8.693860952924126e-06,-0.00045475364612595934,0.9076846323057792,0.03893750583010155,-1.7706972747289476e-05,9.730743451896728e-06,-0.0005089903195171288,1.015940597626652,0.0198594177427828,-1.0108251382323154e-05,9.730743451896728e-06,-0.0005089903195171288,1.015940597626652,0.01985941774277498,-1.0108251382319173e-05,0.0013624999999968246,-0.04756022211684552,47.56022211684547,0.054821375052422676,-0.002607316774244116,0.0013624999999968246,-0.04756022211684552,47.56022211684547,0.054821375052420254,-0.002607316774244001,0.0015249999999964459,-0.05323254218582709,53.23254218582704,0.02582053322506269,-0.0013744926241636996,0.0015249999999964459,-0.05323254218582709,53.23254218582704,0.025820533225053514,-0.0013744926241632113
0.5,0.0,-0.0,-0.0,0.03862846561770866,-0.0,0.0,-0.0,-0.0,0.03862846561770566,-0.0,0.0,-0.0,-0.0,0.019743437606575664,-0.0,0.0,-0.0,-0.0,0.019743437606567868,-0.0,0.0,-0.0,47.56022211684547,0.05482131893811495,-0.0,0.0,-0.0,47.56022211684547,0.054821318938112526,-0.0,0.0,-0.0,53.23254218582704,0.025820458309410307,-0.0,0.0,-0.0,53.23254218582704,0.02582045830940113,-0.0
0.501,8.69386092800002e-06,0.0004547536461049599,0.9076846323056905,0.03893750583010451,1.770697274647316e-05,8.69386092800002e-06,0.0004547536461049599,0.9076846323056905,0.03893750583010152,1.7706972746471798e-05,9.730743424000025e-06,0.0005089903194936248,1.0159405976265528,0.019859417742782787,1.0108251381856371e-05,9.730743424000025e-06,0.0005089903194936248,1.0159405976265528,0.019859417742774967,1.010825138185239e-05,0.0013625000000000022,0.04756022211684552,47.56022211684547,0.054821375052422676,0.002607316774244116,0.0013625000000000022,0.04756022211684552,47.56022211684547,0.054821375052420254,0.002607316774244001,0.0015250000000000025,0.05323254218582709,53.23254218582704,0.02582053322506269,0.0013744926241636996,0.0015250000000000025,0.05323254218582709,53.23254218582704,0.025820533225053514,0.0013744926241632113
0.502,6.93421096960002e-05,0.0018117312500530434,1.804455220936363,0.03924283227254977,7.109746556876852e-05,6.93421096960002e-05,0.0018117312500530434,1.804455220936363,0.039242832272546796,7.109746556876312e-05,7.761226956800021e-05,0.002027809289050195,2.0196654766443696,0.019974006190909624,4.050347529347264e-05,7.761226956800021e-05,0.002027809289050195,2.0196654766443696,0.01997400619090178,4.0503475293456734e-05,0.005450000000000009,0.09512044423369104,47.56022211684547,0.05482154326428059,0.005214649548874882,0.005450000000000009,0.09512044423369104,47.56022211684547,0.05482154326427817,0.005214649548874652,0.00610000000000001,0.10646508437165418,53.23254218582704,0.025820757888098737,0.0027490091670964874,0.00610000000000001,0.10646508437165418,53.23254218582704,0.02582075788808956,0.0027490091670955103
0.503,0.00023332612550400065,0.004060040683919583,2.69035559739272,0.0395444619846857,0.00016055212448153527,0.00023332612550400065,0.004060040683919583,2.69035559739272,0.03954446198468273,0.0001605521244815232,0.0002611540120320007,0.004544265719616414,3.0112236961643286,0.020087211376802548,9.128162606229265e-05,0.0002611540120320007,0.004544265719616414,3.0112236961643286,0.020087211376794676,9.128162606225687e-05,0.01226250000000002,0.14268066635053653,47.56022211684547,0.05482182318049111,0.00782201426194376,0.01226250000000002,0.14268066635053653,47.56022211684547,0.054821823180488685,0.007822014261943415,0.01372500000000002,0.15969762655748126,53.23254218582704,0.025821132046751943,0.004123573502893604,0.01372500000000002,0.15969762655748126,53.23254218582704,0.02582113204674277,0.004123573502892139
0.504,0.0005514044702720015,0.007188833651280617,3.565429593175464,0.0398424119798223,0.0002864204719887325,0.0005514044702720015,0.007188833651280617,3.565429593175464,0.039842411979819345,0.00028642047198871126,0.0006171683061760016,0.008046217481249864,3.990664315297308,0.020199041691627173,0.0001625258823636654,0.0006171683061760016,0.008046217481249864,3.990664315297308,0.020199041691619277,0.00016252588236360184,0.021800000000000035,0.19024088846738207,47.56022211684547,0.05482221414571852,0.010429426726830573,0.021800000000000035,0.19024088846738207,47.56022211684547,0.0548222141457161,0.010429426726830112,0.02440000000000004,0.21293016874330836,53.23254218582704,0.02582165528140089,0.005498209416300232,0.02440000000000004,0.21293016874330836,53.23254218582704,0.025821655281391714,0.0054982094162982775
0.505,0.001073715400000003,0.01118730568721288,4.429721039785298,0.04013669924428093,0.0004490215237214969,0.001073715400000003,0.01118730568721288,4.429721039785298,0.040136699244277964,0.0004490215237214638,0.001201773200000003,0.012521571503119003,4.958036393154187,0.020309505491519247,0.0002543069252050463,0.001201773200000003,0.012521571503119003,4.958036393154187,0.02030950549151133,0.0002543069252049472,0.03406250000000006,0.23780111058422757,47.56022211684547,0.05482271524247964,0.013036902569904519,0.03406250000000006,0.23780111058422757,47.56022211684547,0.05482271524247723,0.013036902569903945,0.038125000000000055,0.2661627109291354,53.23254218582704,0.025822327004553346,0.0068729405580305394,0.038125000000000055,0.2661627109291354,53.23254218582704,0.02582232700454417,0.006872940558028097
0.506,0.0018497793761280054,0.01604469615829382,5.283273768722926,0.040427340736454,0.0006486443986042187,0.0018497793761280054,0.01604469615829382,5.283273768722926,0.040427340736451066,0.0006486443986041717,0.0020703952650240063,0.017958283773503173,5.913388988845844,0.020418611097054486,0.0003666832123417054,0.0020703952650240063,0.017958283773503173,5.913388988845844,0.020418611097046537,0.00036668321234156265,0.04905000000000008,0.28536133270107306,47.56022211684547,0.05482332529113056,0.015644457168181462,0.04905000000000008,0.28536133270107306,47.56022211684547,0.05482332529112814,0.015644457168180772,0.05490000000000008,0.31939525311496253,53.23254218582704,0.025823146460824117,0.008247790400079667,0.05490000000000008,0.31939525311496253,53.23254218582704,0.025823146460814947,0.008247790400076739
0.507,0.002928501576896007,0.021750288262601572,6.12613161148905,0.04071435338559491,0.0008855489225621176,0.002928501576896007,0.021750288262601572,6.12613161148905,0.040714353385591984,0.0008855489225620539,0.003277772407168008,0.024344359339792582,6.856771161483156,0.02052636679254555,0.0004997012491381146,0.003277772407168008,0.024344359339792582,6.856771161483156,0.02052636679253758,0.0004997012491379205,0.06676250000000011,0.3329215548179186,47.56022211684547,0.05482404284984988,0.018252105586976215,0.06676250000000011,0.3329215548179186,47.56022211684547,0.05482404284984746,0.018252105586975407,0.07472500000000011,0.3726277953007896,53.23254218582704,0.025824112726906663,0.009622782191026292,0.07472500000000011,0.3726277953007896,53.23254218582704,0.025824112726897493,0.009622782191022874
0.508,0.004358174408704012,0.028293409029714996,6.958338399584372,0.04099775409035012,0.001159966225777947,0.004358174408704012,0.028293409029714996,6.958338399584372,0.040997754090347206,0.0011599662257778646,0.004877956677632012,0.03166785230848834,7.788231970177003,0.020632780825174044,0.0006533958558850218,0.004877956677632012,0.03166785230848834,7.788231970177003,0.02063278082516605,0.0006533958558847687,0.08720000000000014,0.38048177693476415,47.56022211684547,0.054824866214618344,0.020859862517548705,0.08720000000000014,0.38048177693476415,47.56022211684547,0.054824866214615936,0.02085986251754779,0.09760000000000016,0.4258603374866167,53.23254218582704,0.025825224711538516,0.010997938911323507,0.09760000000000016,0.4258603374866167,53.23254218582704,0.025825224711529354,0.010997938911319605
0.509,0.006186480017472016,0.03566342932071363,7.779937964509597,0.04127755971704602,0.001472099333500407,0.006186480017472016,0.03566342932071363,7.779937964509597,0.041277559717043104,0.001472099333500303,0.0069243170837760175,0.03991686584520241,8.707820474038265,0.02073786140396537,0.0008277904315784866,0.0069243170837760175,0.03991686584520241,8.707820474038265,0.02073786140395735,0.0008277904315781664,0.11036250000000018,0.42804199905160967,47.56022211684547,0.0548257934191951,0.023467742214742855,0.11036250000000018,0.42804199905160967,47.56022211684547,0.05482579341919268,0.02346774221474182,0.12352500000000019,0.4790928796724438,53.23254218582704,0.02582648115546072,0.012373283228575779,0.12352500000000019,0.4790928796724438,53.23254218582704,0.02582648115545155,0.012373283228571386
0.51,0.008460492800000023,0.043849763828177735,8.590974137765429,0.041553787097742184,0.0018221237504023738,0.008460492800000023,0.043849763828177735,8.590974137765429,0.04155378709773929,0.001822123750402247,0.009469542400000025,0.04907955217465765,9.615585732177818,0.02084161669861409,0.0010228972141638464,0.009469542400000025,0.04907955217465765,9.615585732177818,0.02084161669860605,0.0010228972141634516,0.13625000000000023,0.47560222116845513,47.56022211684547,0.054826822235090576,0.02607575843461712,0.13625000000000023,0.47560222116845513,47.56022211684547,0.054826822235088155,0.02607575843461597,0.15250000000000022,0.5323254218582708,53.23254218582704,0.025827880631371185,0.013748837452799728,0.15250000000000022,0.5323254218582708,53.23254218582704,0.025827880631362012,0.013748837452794845
0.511,0.011226681915328031,0.052841871076188277,9.391490750852565,0.041826453028063086,0.0022101880384831542,0.011226681915328031,0.052841871076188277,9.391490750852565,0.04182645302806019,0.0022101880384830016,0.012565643978624034,0.05914411258068779,10.51157680370654,0.020944054838167248,0.0012387175372446625,0.012565643978624034,0.05914411258068779,10.51157680370654,0.02094405483815918,0.0012387175372441854,0.16486250000000027,0.5231624432853006,47.56022211684547,0.05482795017153629,0.02868392437206564,0.16486250000000027,0.5231624432853006,47.56022211684547,0.05482795017153387,0.028683924372064375,0.1845250000000003,0.5855579640440979,53.23254218582704,0.02582942154387234,0.015124623491666647,0.1845250000000003,0.5855579640440979,53.23254218582704,0.02582942154386317,0.015124623491661278
0.512,0.014530913796096043,0.0626292534203269,10.18153163527171,0.04209557426481932,0.0026364143885055603,0.014530913796096043,0.0626292534203269,10.18153163527171,0.042095574264816436,0.0026364143885053795,0.016263958560768045,0.07009879740623744,11.395842747735308,0.021045183909573037,0.0014752420832541682,0.016263958560768045,0.07009879740623744,11.395842747735308,0.02104518390956495,0.0014752420832536014,0.19620000000000032,0.5707226654021461,47.56022211684547,0.05482917447545169,0.031292252598429104,0.19620000000000032,0.5707226654021461,47.56022211684547,0.05482917447544927,0.031292252598427724,0.21960000000000032,0.6387905062299251,53.23254218582704,0.025831102129413027,0.016500662805724643,0.21960000000000032,0.6387905062299251,53.23254218582704,0.02583110212940386,0.016500662805718786
0.513,0.01841845465990405,0.07320145704767596,10.961140622523573,0.042361167523430006,0.003100899184955767,0.01841845465990405,0.07320145704767596,10.961140622523573,0.04236116752342713,0.0031008991849555572,0.020615151087232053,0.08193190605336208,12.268432623375007,0.021145011956101963,0.0017324511330845639,0.020615151087232053,0.08193190605336208,12.268432623375007,0.021145011956093855,0.0017324511330838997,0.23026250000000043,0.6182828875189916,47.56022211684547,0.05483049213140819,0.03390075499909441,0.23026250000000043,0.6182828875189916,47.56022211684547,0.054830492131405784,0.03390075499909292,0.2577250000000004,0.6920230484157521,53.23254218582704,0.025832920456224852,0.017876976363598363,0.2577250000000004,0.6920230484157521,53.23254218582704,0.02583292045621569,0.017876976363592024
0.514,0.022933973020672058,0.08454807197681852,11.730361544108849,0.04262324947515712,0.003603713564511476,0.022933973020672058,0.08454807197681852,11.730361544108849,0.04262324947515426,0.0036037135645112343,0.02566921750937606,0.09463178698322805,13.129395489736508,0.021243546975647537,0.002010314812167676,0.02566921750937606,0.09463178698322805,13.129395489736508,0.021243546975639405,0.0020103148121669067,0.26705000000000045,0.6658431096358371,47.56022211684547,0.05483189986159071,0.03650944271108239,0.26705000000000045,0.6658431096358371,47.56022211684547,0.054831899861588304,0.03650944271108079,0.29890000000000044,0.7452555906015792,53.23254218582704,0.025834874424253213,0.01925358459716446,0.29890000000000044,0.7452555906015792,53.23254218582704,0.025834874424244054,0.019253584597157637
0.515,0.028121542200000075,0.09665873205783838,12.489238231528244,0.042881836744162655,0.004144903968001987,0.028121542200000075,0.09665873205783838,12.489238231528244,0.0428818367441598,0.004144903968001711,0.03147548760000008,0.10818683771611268,13.978780405930696,0.021340796918913444,0.0023087933329990064,0.03147548760000008,0.10818683771611268,13.978780405930696,0.021340796918905287,0.002308793332998124,0.3065625000000005,0.7134033317526828,47.56022211684547,0.05483339412575684,0.03911832606062292,0.3065625000000005,0.7134033317526828,47.56022211684547,0.05483339412575443,0.03911832606062119,0.34312500000000057,0.7984881327874063,53.23254218582704,0.02583696176508316,0.02063050735670086,0.34312500000000057,0.7984881327874063,53.23254218582704,0.025836961765074,0.020630507356693546
0.516,0.03402464283852809,0.10952311497232,13.237814516282464,0.04313694590439918,0.004724492685842259,0.03402464283852809,0.10952311497232,13.237814516282464,0.04313694590439634,0.004724492685841949,0.038082627764224095,0.12258550483140401,14.816636431068446,0.021436769687493848,0.0026278372340959723,0.038082627764224095,0.12258550483140401,14.816636431068446,0.021436769687485674,0.00262783723409497,0.34880000000000055,0.7609635538695283,47.56022211684547,0.054834971121194016,0.04172741450071675,0.34880000000000055,0.7609635538695283,47.56022211684547,0.054834971121191595,0.04172741450071491,0.39040000000000064,0.8517206749732334,53.23254218582704,0.02583918004186026,0.022007763866008126,0.39040000000000064,0.8517206749732334,53.23254218582704,0.025839180041851102,0.022007763866000323
0.517,0.04068616540729611,0.12313094223334851,13.976134229872208,0.043388593476344134,0.005342478396921971,0.04068616540729611,0.12313094223334851,13.976134229872208,0.04338859347634131,0.005342478396921624,0.04553864385036812,0.1378162839676011,15.643012624260635,0.021531473131853503,0.0029673876153802955,0.04553864385036812,0.1378162839676011,15.643012624260635,0.021531473131845304,0.0029673876153791657,0.3937625000000006,0.8085237759863738,47.56022211684547,0.054836626782674903,0.04433671654868383,0.3937625000000006,0.8085237759863738,47.56022211684547,0.054836626782672496,0.04433671654868188,0.4407250000000007,0.9049532171590605,53.23254218582704,0.02584152664920679,0.023385372677501282,0.4407250000000007,0.9049532171590605,53.23254218582704,0.025841526649197633,0.023385372677492994
0.518,0.048148412719104125,0.13747197918550982,14.70424120379818,0.043636795923588,0.005998836700929829,0.048148412719104125,0.13747197918550982,14.70424120379818,0.04363679592358518,0.005998836700929442,0.05389088396083214,0.15386771982231376,16.457958044618145,0.021624915049214044,0.003327376369973803,0.05389088396083214,0.15386771982231376,16.457958044618145,0.021624915049205825,0.0033273763699725382,0.44145000000000073,0.8560839981032193,47.56022211684547,0.05483835678241134,0.0469462397236975,0.44145000000000073,0.8560839981032193,47.56022211684547,0.05483835678240892,0.046946239723695424,0.49410000000000076,0.9581857593448876,53.23254218582704,0.025843998813133377,0.02476335162727058,0.49410000000000076,0.9581857593448876,53.23254218582704,0.025843998813124224,0.024763351627261808
0.519,0.05645310243987215,0.15253603500489055,15.422179269561079,0.04388156964928615,0.006693520644093055,0.05645310243987215,0.15253603500489055,15.422179269561079,0.04388156964928333,0.006693520644092624,0.06318604126297617,0.1707284061522628,17.26152175125185,0.02171710318135286,0.00370772641239661,0.06318604126297617,0.1707284061522628,17.26152175125185,0.02171710318134462,0.0037077264123952032,0.49186250000000087,0.9036442202200649,47.56022211684547,0.05484015653000704,0.04955599048430451,0.49186250000000087,0.9036442202200649,47.56022211684547,0.054840156530004625,0.04955599048430233,0.5505250000000009,1.0114183015307148,53.23254218582704,0.025846593590946456,0.026141717790109723,0.5505250000000009,1.0114183015307148,53.23254218582704,0.02584659359093731,0.026141717790100473
0.52,0.06564136960000017,0.1683129626990779,16.129992258661616,0.04412293099248431,0.007426461238311999,0.06564136960000017,0.1683129626990779,16.129992258661616,0.04412293099248151,0.007426461238311528,0.07347015680000019,0.18838698577327984,18.053752803272634,0.02180804521232064,0.004108351903156491,0.07347015680000019,0.18838698577327984,18.053752803272634,0.021808045212312378,0.004108351903154935,0.5450000000000009,0.9512044423369103,47.56022211684547,0.05484202117240965,0.052165974165930946,0.5450000000000009,0.9512044423369103,47.56022211684547,0.05484202117240723,0.05216597416592865,0.6100000000000009,1.0646508437165416,53.23254218582704,0.025849307871151753,0.027520487434510355,0.6100000000000009,1.0646508437165416,53.23254218582704,0.025849307871142608,0.02752048743450062
0.521,0.0757537691057282,0.18479265910715995,16.82772400260049,0.04436089622432695,0.008197567973670149,0.0757537691057282,0.18479265910715995,16.82772400260049,0.044360896224324146,0.00819756797366963,0.08478862230182423,0.20683215056030743,18.834700259791376,0.021897748766083643,0.004529158469718398,0.08478862230182423,0.20683215056030743,18.834700259791376,0.02189774876607536,0.004529158469716685,0.6008625000000011,0.9987646644537558,47.56022211684547,0.054843945593862194,0.054776194918373815,0.6008625000000011,0.9987646644537558,47.56022211684547,0.05484394559385977,0.05477619491837139,0.6725250000000011,1.1178833859023687,53.23254218582704,0.025852138373354094,0.02889967597762163,0.6725250000000011,1.1178833859023687,53.23254218582704,0.025852138373344952,0.028899675977611408
0.522,0.08683027825049625,0.20196506489972527,17.5154183328784,0.04459548154415774,0.009006729324300317,0.08683027825049625,0.20196506489972527,17.5154183328784,0.04459548154415495,0.009006729324299755,0.09718618299596828,0.2260526414473989,19.604413179918943,0.0219862214040966,0.004970043423843376,0.09718618299596828,0.2260526414473989,19.604413179918943,0.021986221404088298,0.004970043423841499,0.6594500000000011,1.0463248865706012,47.56022211684547,0.05484592441585461,0.05738665564327884,0.6594500000000011,1.0463248865706012,47.56022211684547,0.05484592441585219,0.05738665564327631,0.7381000000000012,1.1711159280881958,53.23254218582704,0.02585508164815387,0.030279297940173797,0.7381000000000012,1.1711159280881958,53.23254218582704,0.02585508164814473,0.030279297940163093
0.523,0.09891029922630426,0.21982016457886328,18.193119080996052,0.04482670307552153,0.009853813247588978,0.09891029922630426,0.21982016457886328,18.193119080996052,0.04482670307551874,0.009853813247588366,0.11070694041843229,0.2460372484277185,20.362940622766224,0.022073470622811994,0.005430895975286741,0.11070694041843229,0.2460372484277185,20.362940622766224,0.022073470622803675,0.005430895975284694,0.7207625000000012,1.0938851086874468,47.56022211684547,0.05484795199707556,0.059997357931604864,0.7207625000000012,1.0938851086874468,47.56022211684547,0.05484795199707314,0.05999735793160221,0.8067250000000012,1.224348470274023,53.23254218582704,0.025858134077040486,0.03165936690136511,0.8067250000000012,1.224348470274023,53.23254218582704,0.025858134077031348,0.031659366901353916
0.524,0.1120326616350723,0.2383479864781642,18.860870078454152,0.045054576862076284,0.010738667676701567,0.1120326616350723,0.2383479864781642,18.860870078454152,0.04505457686207351,0.010738667676700906,0.12539435522457634,0.2667748105535416,21.110331647444095,0.02215950385113129,0.005911597441846025,0.12539435522457634,0.2667748105535416,21.110331647444095,0.022159503851122954,0.005911597441843801,0.7848000000000013,1.1414453308042922,47.56022211684547,0.054850022433365,0.06260830200107516,0.7848000000000013,1.1414453308042922,47.56022211684547,0.05485002243336258,0.0626083020010724,0.8784000000000013,1.2775810124598501,53.23254218582704,0.025861291872283105,0.033039895453711145,0.8784000000000013,1.2775810124598501,53.23254218582704,0.02586129187227397,0.033039895453699474
0.525,0.12623562500000032,0.2575386027627187,19.5187151567534,0.04527911886342397,0.011661121006413271,0.12623562500000032,0.2575386027627187,19.5187151567534,0.045279118863421196,0.011661121006412556,0.14129125000000037,0.288254215936254,21.846635313063437,0.02224432844780367,0.006412021455750157,0.14129125000000037,0.288254215936254,21.846635313063437,0.02224432844779532,0.00641202145574775,0.8515625000000013,1.1890055529211379,47.56022211684547,0.05485212955766804,0.06521948663361699,0.8515625000000013,1.1890055529211379,47.56022211684547,0.05485212955766561,0.06521948663361408,0.9531250000000013,1.3308135546456772,53.23254218582704,0.02586455107681906,0.03442089515785625,0.9531250000000013,1.3308135546456772,53.23254218582704,0.02586455107680993,0.0344208951578441
0.526,0.14155688127692836,0.2773821294291184,20.1666981473945,0.04550034495086855,0.012620982572231354,0.14155688127692836,0.2773821294291184,20.1666981473945,0.04550034495086579,0.012620982572230587,0.15843981207142438,0.31046440174635265,22.571900678735123,0.02232795169877759,0.006932034166382443,0.15843981207142438,0.31046440174635265,22.571900678735123,0.022327951698769215,0.006932034166379842,0.9210500000000017,1.2365657750379833,47.56022211684547,0.05485426693999045,0.06783090911278972,0.9210500000000017,1.2365657750379833,47.56022211684547,0.05485426693998803,0.06783090911278672,1.0309000000000017,1.3840460968315043,53.23254218582704,0.025867907564140355,0.035802376497346605,1.0309000000000017,1.3840460968315043,53.23254218582704,0.025867907564131227,0.03580237649733397
0.527,0.1580335573656964,0.2978687263054553,20.804862881878147,0.04571827090310962,0.01361804312279702,0.1580335573656964,0.2978687263054553,20.804862881878147,0.04571827090310687,0.013618043122796202,0.17688159631756842,0.3333943542134454,23.286176803570036,0.022410380814510373,0.007471494439331072,0.17688159631756842,0.3333943542134454,23.286176803570036,0.022410380814501987,0.007471494439328276,0.9932625000000018,1.284125997154829,47.56022211684547,0.05485642788735635,0.07044256516120344,0.9932625000000018,1.284125997154829,47.56022211684547,0.054856427887353926,0.07044256516120033,1.1117250000000019,1.4372786390173313,53.23254218582704,0.02587135703817855,0.03718434883336472,1.1117250000000019,1.4372786390173313,53.23254218582704,0.025871357038169427,0.03718434883335161
0.528,0.1757022176215044,0.31898859705132243,21.433253191705056,0.04593291240187956,0.01465207528555685,0.1757022176215044,0.31898859705132243,21.433253191705056,0.045932912401876816,0.014652075285555975,0.19665752798003244,0.35703310862625076,23.989512746679054,0.022491622927240964,0.008030254051762295,0.19665752798003244,0.35703310862625076,23.989512746679054,0.02249162292723256,0.008030254051759295,1.0682000000000018,1.3316862192716743,47.56022211684547,0.05485860544376859,0.07305444887792868,1.0682000000000018,1.3316862192716743,47.56022211684547,0.05485860544376617,0.07305444887792546,1.1956000000000018,1.4905111812031584,53.23254218582704,0.025874895033188572,0.03856682035942564,1.1956000000000018,1.4905111812031584,53.23254218582704,0.02587489503317945,0.038566820359412037
0.529,0.1945988663662725,0.3407319891578134,22.051912908375925,0.046144285027532074,0.01572283402569611,0.1945988663662725,0.3407319891578134,22.051912908375925,0.04614428502752933,0.015722834025695177,0.21780790547417656,0.38136974933259843,24.68195756717305,0.02257168508823079,0.008608157884112925,0.21780790547417656,0.38136974933259843,24.68195756717305,0.02257168508822236,0.008608157884109712,1.145862500000002,1.37924644138852,47.56022211684547,0.05486079239017238,0.07566655267589965,1.145862500000002,1.37924644138852,47.56022211684547,0.05486079239016994,0.0756665526758963,1.282525000000002,1.5437437233889855,53.23254218582704,0.02587851691363173,0.039949798056034685,1.282525000000002,1.5437437233889855,53.23254218582704,0.025878516913622616,0.03994979805602061
0.53,0.2147589504000005,0.3630891939475225,22.660885863391456,0.04635240425458992,0.016830057098328764,0.2147589504000005,0.3630891939475225,22.660885863391456,0.04635240425458719,0.016830057098327775,0.24037240320000056,0.4063934097394288,25.36356032416291,0.022650574264977553,0.009205044108100384,0.24037240320000056,0.4063934097394288,25.36356032416291,0.022650574264969112,0.009205044108096954,1.226250000000002,1.4268066635053656,47.56022211684547,0.05486298124442261,0.07827886721931207,1.226250000000002,1.4268066635053656,47.56022211684547,0.054862981244420184,0.07827886721930861,1.3725000000000023,1.5969762655748125,53.23254218582704,0.02588221787405852,0.04133328764530764,1.3725000000000023,1.5969762655748125,53.23254218582704,0.025882217874049405,0.04133328764529308
0.531,0.2362173615121286,0.3860505465745448,23.26021588825235,0.046557285447259206,0.017973465493941517,0.2362173615121286,0.3860505465745448,23.26021588825235,0.046557285447256486,0.017973465493940466,0.2643900743530247,0.4320932723127932,26.034370076759508,0.022728297338406773,0.00982074437105033,0.2643900743530247,0.4320932723127932,26.034370076759508,0.022728297338398318,0.009820744371046677,1.3093625000000022,1.474366885622211,47.56022211684547,0.05486516426125563,0.08089138136101849,1.3093625000000022,1.474366885622211,47.56022211684547,0.05486516426125321,0.08089138136101492,1.4655250000000022,1.6502088077606396,53.23254218582704,0.025885992938991572,0.04271729354555362,1.4655250000000022,1.6502088077606396,53.23254218582704,0.02588599293898246,0.04271729354553858
0.532,0.25900843899289666,0.40960642602447594,23.84994681445931,0.04675894385491761,0.019152763877091937,0.25900843899289666,0.40960642602447594,23.84994681445931,0.04675894385491489,0.01915276387709082,0.2898993537351688,0.45845856857785383,26.694435884073727,0.022804861100045565,0.010455083976543671,0.2898993537351688,0.45845856857785383,26.694435884073727,0.022804861100037096,0.010455083976539789,1.3952000000000022,1.5219271077390566,47.56022211684547,0.054867333432265866,0.08350408207992284,1.3952000000000022,1.5219271077390566,47.56022211684547,0.05486733343226344,0.08350408207991913,1.5616000000000025,1.703441349946467,53.23254218582704,0.025889836962809294,0.0441018188258218,1.5616000000000025,1.703441349946467,53.23254218582704,0.02588983696280019,0.04410181882580629
0.533,0.28316597214470474,0.4337472551144123,24.43012247351305,0.046957394607583545,0.02036764101836367,0.28316597214470474,0.4337472551144123,24.43012247351305,0.046957394607580846,0.020367641018362498,0.3169380605656328,0.4854785791188835,27.343806805216442,0.02288027224918319,0.011107882061386676,0.3169380605656328,0.4854785791188835,27.343806805216442,0.022880272249174705,0.011107882061382557,1.4837625000000025,1.569487329855902,47.56022211684547,0.05486948048588803,0.08611695441837693,1.4837625000000025,1.569487329855902,47.56022211684547,0.05486948048588561,0.08611695441837312,1.6607250000000027,1.756673892132294,53.23254218582704,0.02589374462963065,0.045486865160412955,1.6607250000000027,1.756673892132294,53.23254218582704,0.025893744629621556,0.04548686516039698
0.534,0.30872320279347276,0.4584635004929513,25.000786696914258,0.047152652711373436,0.021617770219584716,0.30872320279347276,0.4584635004929513,25.000786696914258,0.047152652711370736,0.02161777021958348,0.34554340129177685,0.5131426335792666,27.982531899298525,0.022954537390022782,0.011778951768910036,0.34554340129177685,0.5131426335792666,27.982531899298525,0.02295453739001428,0.011778951768905671,1.5750500000000025,1.6170475519727476,47.56022211684547,0.054871596887385486,0.08872998141958213,1.5750500000000025,1.6170475519727476,47.56022211684547,0.05487159688738305,0.0887299814195782,1.7629000000000028,1.809906434318121,53.23254218582704,0.025897710453201637,0.04687243278335731,1.7629000000000028,1.809906434318121,53.23254218582704,0.025897710453192543,0.04687243278334085
0.535,0.33571282780000083,0.4837456726401903,25.561983316163644,0.04734473304395351,0.022902809732317533,0.33571282780000083,0.4837456726401903,25.561983316163644,0.0473447330439508,0.022902809732316225,0.3757519724000009,0.5414401106614974,28.610660225430866,0.023027663028828416,0.01246810041860453,0.3757519724000009,0.5414401106614974,28.610660225430866,0.023027663028819895,0.012468100418599918,1.6690625000000028,1.664607774089593,47.56022211684547,0.05487367383884549,0.09134314406499892,1.6690625000000028,1.664607774089593,47.56022211684547,0.05487367383884306,0.09134314406499489,1.8681250000000027,1.863138976503948,53.23254218582704,0.025901728776783914,0.04825852044286004,1.8681250000000027,1.863138976503948,53.23254218582704,0.02590172877677483,0.048258520442843116
0.536,0.3641670015713289,0.5095843258677282,26.11375616276191,0.047533650349993115,0.024222403169633543,0.3641670015713289,0.5095843258677282,26.11375616276191,0.04753365034999042,0.02422240316963217,0.407599763226625,0.570360438127182,29.228240842724336,0.02309965557107177,0.013175129672103493,0.407599763226625,0.570360438127182,29.228240842724336,0.02309965557106324,0.013175129672098627,1.765800000000003,1.7121679962064387,47.56022211684547,0.05487570227918193,0.09395642121176803,1.765800000000003,1.7121679962064387,47.56022211684547,0.0548757022791795,0.09395642121176385,1.976400000000003,1.9163715186897752,53.23254218582704,0.025905793773046245,0.04964512535571675,1.976400000000003,1.9163715186897752,53.23254218582704,0.025905793773037162,0.04964512535569935
0.537,0.394117338572097,0.535970058318664,26.656149068209757,0.04771941923662564,0.02557617991118702,0.394117338572097,0.535970058318664,26.656149068209757,0.047719419236622956,0.02557617991118558,0.4411221587687691,0.5998930927970367,29.835322810289817,0.023170521318582344,0.013899835695524035,0.4411221587687691,0.5998930927970367,29.835322810289817,0.023170521318573795,0.013899835695518907,1.8652625000000032,1.759728218323284,47.56022211684547,0.054877672884146265,0.09656978953014671,1.8652625000000032,1.759728218323284,47.56022211684547,0.05487767288414383,0.09656978953014242,2.0877250000000034,1.9696040608756022,53.23254218582704,0.025909899443959192,0.05103224316170053,2.0877250000000034,1.9696040608756022,53.23254218582704,0.025909899443950116,0.05103224316168266
0.538,0.4255949158359051,0.562893511967598,27.18920586400789,0.04790205416892346,0.026963755501607442,0.4255949158359051,0.562893511967598,27.18920586400789,0.04790205416892078,0.026963755501605933,0.47635394249523316,0.6300276005508895,30.431955187238188,0.023240266466705125,0.014642009318181527,0.47635394249523316,0.6300276005508895,30.431955187238188,0.023240266466696566,0.014642009318176136,1.9674500000000035,1.8072884404401297,47.56022211684547,0.05487957606634741,0.09918322344096449,1.9674500000000035,1.8072884404401297,47.56022211684547,0.054879576066344984,0.09918322344096009,2.2021000000000037,2.0228366030614295,53.23254218582704,0.025914039620693732,0.0524198678779234,2.2021000000000037,2.0228366030614295,53.23254218582704,0.025914039620684667,0.05241986787790507
0.539,0.45863027547667307,0.5903453726206302,27.712970381657012,0.04808156946539288,0.02838473204223208,0.45863027547667307,0.5903453726206302,27.712970381657012,0.0480815694653902,0.028384732042230496,0.5133292991573772,0.6607535363276779,31.018187032680327,0.023308897101469633,0.015401436187694021,0.5133292991573772,0.6607535363276779,31.018187032680327,0.023308897101461057,0.015401436187688354,2.072362500000003,1.8548486625569751,47.56022211684547,0.05488140197528129,0.10179669505310224,2.072362500000003,1.8548486625569751,47.56022211684547,0.054881401975278854,0.10179669505309771,2.3195250000000036,2.0760691452472564,53.23254218582704,0.025918207963524363,0.053807991853174655,2.3195250000000036,2.0760691452472564,53.23254218582704,0.0259182079635153,0.053807991853155844
0.54,0.49325342720000126,0.6183163699153624,28.227486452657825,0.04825797929349514,0.02983869857620464,0.49325342720000126,0.6183163699153624,28.227486452657825,0.04825797929349248,0.029838698576202995,0.5520818176000013,0.6920605241254515,31.594067405727106,0.023376419196773947,0.016177896921495644,0.5520818176000013,0.6920605241254515,31.594067405727106,0.023376419196765363,0.016177896921489705,2.1800000000000037,1.9024088846738205,47.56022211684547,0.05488314049737078,0.10441017410099973,2.1800000000000037,1.9024088846738205,47.56022211684547,0.05488314049736835,0.10441017410099512,2.4400000000000035,2.1293016874330832,53.23254218582704,0.025922397961737283,0.05519660572223911,2.4400000000000035,2.1293016874330832,53.23254218582704,0.02592239796172822,0.05519660572221982
0.541,0.5294938508145295,0.6467972773208966,28.73279790851103,0.04843129766519912,0.031325231466968695,0.5294938508145295,0.6467972773208966,28.73279790851103,0.04843129766519647,0.031325231466966974,0.5926444935722256,0.7239382370013706,32.15964536548941,0.023442838611587396,0.016971167254780237,0.5926444935722256,0.7239382370013706,32.15964536548941,0.0234428386115788,0.016971167254774013,2.290362500000004,1.9499691067906662,47.56022211684547,0.05488478125601693,0.10702362788219642,2.290362500000004,1.9499691067906662,47.56022211684547,0.054884781256014495,0.10702362788219168,2.563525000000004,2.1825342296189105,53.23254218582704,0.025926602933544315,0.05658569836019853,2.563525000000004,2.1825342296189105,53.23254218582704,0.025926602933535263,0.05658569836017877
0.542,0.5673804987432975,0.6757789121378357,29.22894858071734,0.04860153843257139,0.03284389477018831,0.5673804987432975,0.6757789121378357,29.22894858071734,0.04860153843256873,0.03284389477018651,0.6350497325383696,0.756376397071706,32.71496997107812,0.023508161087175385,0.017781018184898998,0.6350497325383696,0.756376397071706,32.71496997107812,0.02350816108716677,0.017781018184892482,2.4034500000000043,1.9975293289075116,47.56022211684547,0.05488631361166212,0.10963702119491066,2.4034500000000043,1.9975293289075116,47.56022211684547,0.0548863136116597,0.10963702119490581,2.6901000000000046,2.2357667718047374,53.23254218582704,0.02593081602600325,0.057975256836719835,2.6901000000000046,2.2357667718047374,53.23254218582704,0.025930816025994202,0.05797525683669961
0.543,0.6069417985351054,0.7052521354982826,29.715982300777444,0.048768715283408905,0.03439424059913186,0.6069417985351054,0.7052521354982826,29.715982300777444,0.04876871528340626,0.034394240599129995,0.6793293524888336,0.7893647755118391,33.26009028160411,0.023572392244349785,0.018607216112238187,0.6793293524888336,0.7893647755118391,33.26009028160411,0.023572392244341153,0.018607216112231373,2.519262500000004,2.045089551024357,47.56022211684547,0.05488772666186614,0.11225031627566347,2.519262500000004,2.045089551024357,47.56022211684547,0.054887726661863714,0.1122503162756585,2.8197250000000045,2.2889993139905647,53.23254218582704,0.02593503021494517,0.05936526637033406,2.8197250000000045,2.2889993139905647,53.23254218582704,0.02593503021493613,0.05936526637031336
0.544,0.6482056553758737,0.7352078523658421,30.193942900192052,0.048932841736920064,0.03597580948355864,0.6482056553758737,0.7352078523658421,30.193942900192052,0.04893284173691742,0.0359758094835567,0.7255145867509779,0.8228931925562636,33.79505535617826,0.023635537580748232,0.01944952297760546,0.7255145867509779,0.8228931925562636,33.79505535617826,0.023635537580739593,0.01944952297759835,2.6378000000000044,2.0926497731412024,47.56022211684547,0.054889009241395795,0.11486347273695227,2.6378000000000044,2.0926497731412024,47.56022211684547,0.05488900924139335,0.11486347273694716,2.952400000000005,2.3422318561763915,53.23254218582704,0.025939238304909556,0.06075571028271006,2.952400000000005,2.3422318561763915,53.23254218582704,0.02593923830490052,0.060755710282688904
0.545,0.6911994546000018,0.7656370115356187,30.66287421046186,0.04909393113945868,0.037588130722150594,0.6911994546000018,0.7656370115356187,30.66287421046186,0.049093931139456044,0.037588130722148574,0.773636086800002,0.8569515174985824,34.319914253911435,0.023697602468145524,0.02030769639615546,0.773636086800002,0.8569515174985824,34.319914253911435,0.02369760246813687,0.020307696396148045,2.759062500000005,2.1402099952580484,47.56022211684547,0.05489014992232919,0.11747644750498172,2.759062500000005,2.1402099952580484,47.56022211684547,0.054890149922326756,0.11747644750497652,3.088125000000005,2.3954643983622192,53.23254218582704,0.025943432929087795,0.06214656995292788,3.088125000000005,2.3954643983622192,53.23254218582704,0.02594343292907877,0.062146569952906267
0.546,0.7359500642017299,0.7965306056342177,31.122820063087584,0.04925199666031634,0.03923072272853625,0.7359500642017299,0.7965306056342177,31.122820063087584,0.04925199666031371,0.03923072272853415,0.8237239250698262,0.8915296686915096,34.83471603391454,0.023758592149800247,0.021181489787888117,0.8237239250698262,0.8915296686915096,34.83471603391454,0.023758592149791587,0.021181489787880394,2.8830500000000048,2.1877702173748936,47.56022211684547,0.0548911370141754,0.12008919475745758,2.8830500000000048,2.1877702173748936,47.56022211684547,0.05489113701417295,0.12008919475745222,3.226900000000005,2.448696940548046,53.23254218582704,0.02594760654927584,0.0635378247717562,3.226900000000005,2.448696940548046,53.23254218582704,0.02594760654926682,0.06353782477173411
0.547,0.7824838373464981,0.827879671119746,31.573824289569913,0.049407051287577726,0.040903093370956274,0.7824838373464981,0.827879671119746,31.573824289569913,0.04940705128757511,0.04090309337095411,0.8758075977639703,0.9266176135468717,35.33950975529844,0.023818511737839724,0.022070652504755196,0.8758075977639703,0.9266176135468717,35.33950975529844,0.02381851173783105,0.02207065250474716,3.0097625000000052,2.2353304394917393,47.56022211684547,0.05489195856401035,0.12270166586145159,3.0097625000000052,2.2353304394917393,47.56022211684547,0.0548919585640079,0.12270166586144612,3.3687250000000057,2.5019294827338734,53.23254218582704,0.025951751455836763,0.06492945209593971,3.3687250000000057,2.5019294827338734,53.23254218582704,0.025951751455827753,0.06492945209591718
0.548,0.8308266148823061,0.8596752882818102,32.01593072140957,0.04955910782404378,0.04260474030562415,0.8308266148823061,0.8596752882818102,32.01593072140957,0.04955910782404117,0.042604740305621905,0.9299160276664344,0.9622053685356039,35.83434447717401,0.02387736621068618,0.022974929954412873,0.9299160276664344,0.9622053685356039,35.83434447717401,0.023877366210677497,0.022974929954404515,3.139200000000005,2.2828906616085844,47.56022211684547,0.05489260235663013,0.12531380931134428,3.139200000000005,2.2828906616085844,47.56022211684547,0.054892602356627684,0.1253138093113387,3.513600000000005,2.5551620249197002,53.23254218582704,0.025955859767673912,0.06632142720250145,3.513600000000005,2.5551620249197002,53.23254218582704,0.02595585976766491,0.06632142720247845
0.549,0.8810037278510741,0.8919085812415177,32.44918319010723,0.049708178883227136,0.04433515130383869,0.8810037278510741,0.8919085812415177,32.44918319010723,0.04970817888322452,0.044335151303836355,0.9860775669525783,0.9982829991877538,36.31926925865212,0.023935160410527068,0.023894063720660948,0.9860775669525783,0.9982829991877538,36.31926925865212,0.023935160410518373,0.02389406372065227,3.2713625000000057,2.3304508837254305,47.56022211684547,0.05489305591472234,0.12792557066685414,3.2713625000000057,2.3304508837254305,47.56022211684547,0.05489305591471989,0.12792557066684845,3.6615250000000055,2.6083945671055275,53.23254218582704,0.025959923432215478,0.06771372324306633,3.6615250000000055,2.6083945671055275,53.23254218582704,0.025959923432206485,0.06771372324304288
0.55,0.9330400000000024,0.9245707179514776,32.87362552716361,0.04985427688542439,0.046093804572908584,0.9330400000000024,0.9245707179514776,32.87362552716361,0.04985427688542178,0.04609380457290617,1.0443200000000026,1.0348406200924793,36.79433315884367,0.023991899040832262,0.024827791680611017,1.0443200000000026,1.0348406200924793,36.79433315884367,0.02399189904082356,0.024827791680602014,3.4062500000000053,2.3780111058422757,47.56022211684547,0.05489330649905671,0.13053689249116082,3.4062500000000053,2.3780111058422757,47.56022211684547,0.05489330649905426,0.130536892491155,3.8125000000000053,2.6616271092913544,53.23254218582704,0.02596393422541126,0.06910631119821223,3.8125000000000053,2.6616271092913544,53.23254218582704,0.02596393422540227,0.0691063111981883
0.551,0.9869597502929307,0.9576529101957983,33.289301564079416,0.0499974140538694,0.047880169070952334,0.9869597502929307,0.9576529101957983,33.289301564079416,0.0499974140538668,0.04788016907094984,1.104670546199427,1.0718683948980494,37.25958523685953,0.02404758666392089,0.02577584811862862,1.104670546199427,1.0718683948980494,37.25958523685953,0.024047586663912178,0.025775848118619285,3.543862500000006,2.4255713279591213,47.56022211684547,0.05489334110869575,0.1331477142891322,3.543862500000006,2.4255713279591213,47.56022211684547,0.0548933411086933,0.13314771428912625,3.9665250000000065,2.7148596514771817,53.23254218582704,0.025967883751742384,0.0704991598318553,3.9665250000000065,2.7148596514771817,53.23254218582704,0.025967883751733402,0.07049915983183092
0.552,1.0427867954216987,0.9911464135900898,33.696255132355354,0.05013760241097187,0.04969370481564061,1.0427867954216987,0.9911464135900898,33.696255132355354,0.050137602410969276,0.04969370481563804,1.167155862765571,1.1093565363118436,37.71507455181058,0.024102227698580413,0.026737963837096545,1.167155862765571,1.1093565363118436,37.71507455181058,0.024102227698571694,0.026737963837086872,3.684200000000007,2.4731315500759665,47.56022211684547,0.054893146481226666,0.1357579724456632,3.684200000000007,2.4731315500759665,47.56022211684547,0.05489314648122422,0.13575797244565713,4.123600000000007,2.7680921936630085,53.23254218582704,0.025971763444244834,0.07189223564567641,4.123600000000007,2.7680921936630085,53.23254218582704,0.025971763444235865,0.07189223564565159
0.553,1.1005444523175065,1.0250425275814627,34.09453006349211,0.05027485377464514,0.0515338631869507,1.1005444523175065,1.0250425275814627,34.09453006349211,0.05027485377464254,0.05153386318694803,1.231802047548035,1.1472953061003526,38.160850162807684,0.024155826417740504,0.027713866264048575,1.231802047548035,1.1472953061003526,38.160850162807684,0.024155826417731778,0.027713866264038562,3.827262500000007,2.5206917721928126,47.56022211684547,0.05489270909301541,0.13836760016413754,3.827262500000007,2.5206917721928126,47.56022211684547,0.05489270909301297,0.13836760016413138,4.283725000000007,2.821324735848836,53.23254218582704,0.02597556456454765,0.07328550283359678,4.283725000000007,2.821324735848836,53.23254218582704,0.02597556456453869,0.07328550283357149
0.554,1.1602555406622748,1.059332595448528,34.48417018899042,0.05040917975472729,0.05340008722400665,1.1602555406622748,1.059332595448528,34.48417018899042,0.0504091797547247,0.053400087224003905,1.2986346418421792,1.1856750150891782,38.596961128961745,0.024208386946204183,0.02870327955772531,1.2986346418421792,1.1856750150891782,38.596961128961745,0.024208386946195447,0.02870327955771495,3.9730500000000073,2.568251994309658,47.56022211684547,0.05489201515948388,0.14097652740502045,3.9730500000000073,2.568251994309658,47.56022211684547,0.05489201515948143,0.14097652740501415,4.446900000000007,2.8745572780346627,53.23254218582704,0.02597927820292656,0.07467892323630981,4.446900000000007,2.8745572780346627,53.23254218582704,0.025979278202917608,0.07467892323628408
0.555,1.221942385400003,1.0940080043013978,34.86521934035094,0.05054059174949913,0.055291811916081235,1.221942385400003,1.0940080043013978,34.86521934035094,0.050540591749496544,0.055291811916078404,1.3676786332000035,1.2244860231630323,39.02345650938362,0.024259913258438653,0.02970592470810567,1.3676786332000035,1.2244860231630323,39.02345650938362,0.024259913258429907,0.02970592470809496,4.121562500000007,2.6158122164265034,47.56022211684547,0.05489105063541154,0.1435846808245953,4.121562500000007,2.6158122164265034,47.56022211684547,0.05489105063540908,0.14358468082458886,4.613125000000007,2.92778982022049,53.23254218582704,0.025982895278374014,0.07607245629587847,4.613125000000007,2.92778982022049,53.23254218582704,0.02598289527836507,0.07607245629585228
0.556,1.285626819248131,1.1290601850816842,35.23772134907441,0.05066910094230296,0.05720846448783912,1.285626819248131,1.1290601850816842,35.23772134907441,0.05066910094230037,0.057208464487836196,1.438958458241027,1.2637187392657383,39.4403853631842,0.02431040917642809,0.03072151963546994,1.438958458241027,1.2637187392657383,39.4403853631842,0.024310409176419336,0.03072151963545888,4.272800000000007,2.6633724385433486,47.56022211684547,0.054889801215262324,0.14619198371385286,4.272800000000007,2.6633724385433486,47.56022211684547,0.05488980121525987,0.14619198371384634,4.782400000000007,2.981022362406317,53.23254218582704,0.025986406538686457,0.07746605901040605,4.782400000000007,2.981022362406317,53.23254218582704,0.025986406538677523,0.07746605901037942
0.557,1.3513301852088992,1.1644806125625011,35.60172004666151,0.05079471829826544,0.05914946467890383,1.3513301852088992,1.1644806125625011,35.60172004666151,0.05079471829826286,0.05914946467890082,1.5124980054631716,1.3033636214002304,39.847796749474355,0.024359878367590786,0.03174977928605226,1.5124980054631716,1.3033636214002304,39.847796749474355,0.02435987836758203,0.03174977928604085,4.426762500000008,2.7109326606601947,47.56022211684547,0.054888252333538064,0.14879835593754648,4.426762500000008,2.7109326606601947,47.56022211684547,0.054888252333535614,0.14879835593753984,4.954725000000008,3.034254904592144,53.23254218582704,0.025989802560569725,0.07885968588879015,4.954725000000008,3.034254904592144,53.23254218582704,0.025989802560560802,0.07885968588876308
0.558,1.4190733390807075,1.2002608053484622,35.957259264612965,0.0509174545611282,0.061114225017833465,1.4190733390807075,1.2002608053484622,35.957259264612965,0.050917454561125626,0.06111422501783038,1.5883206180536358,1.343411176628554,40.24573972736497,0.024408324342762647,0.03279041572484214,1.5883206180536358,1.343411176628554,40.24573972736497,0.02440832434275388,0.032790415724830366,4.583450000000008,2.75849288277704,47.56022211684547,0.05488638916515955,0.15140371387342347,4.583450000000008,2.75849288277704,47.56022211684547,0.054886389165157104,0.1514037138734167,5.130100000000008,3.087487446777971,53.23254218582704,0.025993073749763534,0.08025328890556892,5.130100000000008,3.087487446777971,53.23254218582704,0.02599307374975462,0.0802532889055414
0.559,1.4888766519694758,1.2363923258756822,36.30438283442946,0.05103732025018941,0.06310215109059374,1.4888766519694758,1.2363923258756822,36.30438283442946,0.051037320250186834,0.06310215109059056,1.6664490966997803,1.3838519610718645,40.634263355966915,0.02445575045424934,0.03384313822559709,1.6664490966997803,1.3838519610718645,40.634263355966915,0.02445575045424057,0.033843138225584955,4.742862500000007,2.8060531048938855,47.56022211684547,0.0548841966258763,0.1540079703516467,4.742862500000007,2.8060531048938855,47.56022211684547,0.05488419662587385,0.15400797035163982,5.308525000000008,3.1407199889637982,53.23254218582704,0.025996210341185964,0.08164681745587016,5.308525000000008,3.1407199889637982,53.23254218582704,0.02599621034117706,0.0816468174558422
0.56,1.5607600128000036,1.2728667804117764,36.64313458761171,0.05115432565735946,0.06511264180361866,1.5607600128000036,1.2728667804117764,36.64313458761171,0.051154325657356885,0.06511264180361538,1.746905702400004,1.4246765799104286,41.01341669439108,0.024502159893949067,0.03490765335812983,1.746905702400004,1.4246765799104286,41.01341669439108,0.024502159893940292,0.034907653358117324,4.905000000000008,2.853613327010731,47.56022211684547,0.05488165937270625,0.15661103459441794,4.905000000000008,2.853613327010731,47.56022211684547,0.0548816593727038,0.15661103459441095,5.490000000000009,3.193952531149625,53.23254218582704,0.02599920239909886,0.08304021831047322,5.490000000000009,3.193952531149625,53.23254218582704,0.02599920239908997,0.08304021831044481
0.561,1.6347428308273322,1.3096758190558608,36.9735583556604,0.05126848084433408,0.06714508964155295,1.6347428308273322,1.3096758190558608,36.9735583556604,0.05126848084433151,0.06714508964154958,1.8297121592746288,1.4658756873836238,41.38324880174834,0.02454755569154796,0.035983665072935656,1.8297121592746288,1.4658756873836238,41.38324880174834,0.02454755569153918,0.035983665072922784,5.069862500000008,2.9011735491275767,47.56022211684547,0.05487876180440664,0.1592128121558173,5.069862500000008,2.9011735491275767,47.56022211684547,0.05487876180440418,0.15921281215581018,5.674525000000009,3.2471850733354524,53.23254218582704,0.02600203981729523,0.08443343557099516,5.674525000000009,3.2471850733354524,53.23254218582704,0.026002039817286347,0.08443343557096632
0.562,1.7108440381481,1.346811135738553,37.295697970076255,0.05137979563988761,0.06919888091977179,1.7108440381481,1.346811135738553,37.295697970076255,0.05137979563988505,0.06919888091976834,1.9148896573767724,1.50743998678994,41.743808737149564,0.02459194071279007,0.03707087478322725,1.9148896573767724,1.50743998678994,41.743808737149564,0.024591940712781285,0.037070874783214004,5.237450000000009,2.948733771244422,47.56022211684547,0.05487548806197715,0.16181320486187215,5.237450000000009,2.948733771244422,47.56022211684547,0.0548754880619747,0.16181320486186493,5.862100000000009,3.300417615521279,53.23254218582704,0.026004712319309477,0.08582641062521222,5.862100000000009,3.300417615521279,53.23254218582704,0.02600471231930061,0.08582641062518295
0.5630000000000001,1.7890820922119084,1.3842644682219696,37.60959726235996,0.051488279637289504,0.07127339603177663,1.7890820922119084,1.3842644682219696,37.60959726235996,0.05148827963728695,0.07127339603177309,2.0024588555032365,1.5493602304869751,42.09514555970565,0.024635317657823806,0.03816898144444574,2.0024588555032365,1.5493602304869751,42.09514555970565,0.02463531765781501,0.038168981444432114,5.407762500000009,2.996293993361267,47.56022211684547,0.05487182202919656,0.16441211075087012,5.407762500000009,2.996293993361267,47.56022211684547,0.054871822029194106,0.16441211075086276,6.0527250000000095,3.353650157707106,53.23254218582704,0.026007209458651596,0.08721908210252867,6.0527250000000095,3.353650157707106,53.23254218582704,0.02600720945864273,0.08721908210249894
0.5640000000000001,1.8694749783326767,1.4220275980997292,37.91530006401223,0.05159394219184681,0.0733680096915682,1.8694749783326767,1.4220275980997292,37.91530006401223,0.05159394219184426,0.07336800969156457,2.0924398840053815,1.5916272198914398,42.43730832852745,0.02467768905962662,0.039277681631318916,2.0924398840053815,1.5916272198914398,42.43730832852745,0.024677689059617817,0.039277681631304906,5.580800000000009,3.043854215478113,47.56022211684547,0.05486774733319428,0.1670094240139314,5.580800000000009,3.043854215478113,47.56022211684547,0.05486774733319183,0.16700942401392396,6.24640000000001,3.406882699892934,53.23254218582704,0.02600952061906622,0.08861138582960525,6.24640000000001,3.406882699892934,53.23254218582704,0.02600952061905737,0.0886113858295751
0.5650000000000001,1.952040212200005,1.4600923507969503,38.212850206533766,0.051696792418575256,0.07548209117109951,1.952040212200005,1.4600923507969503,38.212850206533766,0.0516967924185727,0.07548209117109578,2.1848523476000055,1.6342318054791554,42.77034610272587,0.02471905728250974,0.04039666961253856,2.1848523476000055,1.6342318054791554,42.77034610272587,0.024719057282500942,0.04039666961252418,5.756562500000009,3.0914144375949584,47.56022211684547,0.05486324734505781,0.169605034935855,5.756562500000009,3.0914144375949584,47.56022211684547,0.05486324734505536,0.16960503493584742,6.443125000000009,3.4601152420787606,53.23254218582704,0.026011635014817732,0.09000325478616042,6.443125000000009,3.4601152420787606,53.23254218582704,0.0260116350148089,0.09000325478612986
0.5660000000000001,2.0367948423905333,1.4984505955702532,38.50229152142527,0.05179683919000158,0.0776150045329145,2.0367948423905333,1.4984505955702532,38.50229152142527,0.05179683918999902,0.07761500453291066,2.2797153281802296,1.6771648867850537,43.09430794141177,0.02475942452070464,0.04152563742313068,2.2797153281802296,1.6771648867850537,43.09430794141177,0.024759424520695836,0.041525637423115914,5.93505000000001,3.138974659711804,47.56022211684547,0.05485830518047769,0.17219882983625626,5.93505000000001,3.138974659711804,47.56022211684547,0.05485830518047523,0.1721988298362485,6.642900000000011,3.513347784264588,53.23254218582704,0.026013541691002312,0.09139461906095746,6.642900000000011,3.513347784264588,53.23254218582704,0.02601354169099349,0.09139461906092645
0.5670000000000001,2.123755452879301,1.5370942455077576,38.783667840187434,0.05189409113409958,0.07976610885807961,2.123755452879301,1.5370942455077576,38.783667840187434,0.051894091134097035,0.0797661088580757,2.377047387626374,1.7204174124031784,43.409242903696025,0.02479879279703285,0.042664274934593835,2.377047387626374,1.7204174124031784,43.409242903696025,0.02479879279702404,0.04266427493457868,6.116262500000009,3.186534881828649,47.56022211684547,0.05485290370043088,0.1747906910110108,6.116262500000009,3.186534881828649,47.56022211684547,0.05485290370042842,0.17479069101100295,6.8457250000000105,3.566580326450415,53.23254218582704,0.026015229523888034,0.09278540580799105,6.8457250000000105,3.566580326450415,53.23254218582704,0.026015229523879222,0.09278540580795963
0.5680000000000001,2.2129381655511096,1.5760152575290856,39.057022994320974,0.05198855663236232,0.08193475846951795,2.2129381655511096,1.5760152575290856,39.057022994320974,0.05198855663235979,0.08193475846951397,2.4768665706168376,1.763980379986683,43.715200048689525,0.024837163961660757,0.04381226992288189,2.4768665706168376,1.763980379986683,43.715200048689525,0.024837163961651948,0.04381226992286635,6.30020000000001,3.2340951039454953,47.56022211684547,0.05484702551190431,0.1773804966740234,6.30020000000001,3.2340951039454953,47.56022211684547,0.05484702551190185,0.17738049667401543,7.051600000000011,3.619812868636242,53.23254218582704,0.026016687221284213,0.09417553920288867,7.051600000000011,3.619812868636242,53.23254218582704,0.026016687221275415,0.09417553920285682
0.5690000000000001,2.3043586427118776,1.6152056323853572,39.3224008153266,0.0520802438180127,0.08412030315085679,2.3043586427118776,1.6152056323853572,39.3224008153266,0.052080243818010144,0.08412030315085267,2.5791904074389818,1.8078448362478308,44.01222843550317,0.024874539690940972,0.04496930813430935,2.5791904074389818,1.8078448362478308,44.01222843550317,0.02487453969093216,0.044969308134293416,6.48686250000001,3.2816553260623404,47.56022211684547,0.05484065296865955,0.1799681208993381,6.48686250000001,3.2816553260623404,47.56022211684547,0.05484065296865709,0.17996812089933004,7.260525000000012,3.673045410822069,53.23254218582704,0.02601790332294091,0.09556494039954036,7.260525000000012,3.673045410822069,53.23254218582704,0.026017903322932117,0.09556494039950807
0.5700000000000001,2.3980320896000054,1.654657414659196,39.57984513470499,0.05216916057435451,0.08632208836090188,2.3980320896000054,1.654657414659196,39.57984513470499,0.05216916057435197,0.08632208836089768,2.684035916800006,1.8520018769579991,44.30037712324778,0.0249109214863416,0.046135073349457996,2.684035916800006,1.8520018769579991,44.30037712324778,0.02491092148633279,0.046135073349441676,6.676250000000011,3.329215548179186,47.56022211684547,0.05483376817204021,0.18255343356360926,6.676250000000011,3.329215548179186,47.56022211684547,0.05483376817203775,0.18255343356360107,7.472500000000011,3.726277953007896,53.23254218582704,0.026018866200979835,0.09695352748697347,7.472500000000011,3.726277953007896,53.23254218582704,0.026018866200971057,0.09695352748694076
0.5710000000000001,2.493973256897734,1.6943626927647253,39.82939978395685,0.0522553145332666,0.08853945544385328,2.493973256897734,1.6943626927647253,39.82939978395685,0.052255314533264076,0.088539455443849,2.7914196086378307,1.896442646947674,44.57969517103427,0.02494631067346509,0.047309247445165147,2.7914196086378307,1.896442646947674,44.57969517103427,0.024946310673456273,0.04730924744514843,6.8683625000000115,3.3767757702960313,47.56022211684547,0.05482635297182336,0.18513630028895092,6.8683625000000115,3.3767757702960313,47.56022211684547,0.05482635297182091,0.18513630028894265,7.687525000000013,3.779510495193723,53.23254218582704,0.026019564060357766,0.09834121544648758,7.687525000000013,3.779510495193723,53.23254218582704,0.026019564060349002,0.09834121544645445
0.5720000000000001,2.592196443242502,1.734313598947568,40.071108594582924,0.052338713073841366,0.09077174183537795,2.592196443242502,1.734313598947568,40.071108594582924,0.05233871307383883,0.09077174183537355,2.9013574869319747,1.9411583401064523,44.85023163797354,0.024980708401157795,0.04849151045467477,2.9013574869319747,1.9411583401064523,44.85023163797354,0.024980708401148972,0.048491510454657646,7.063200000000012,3.4243359924128773,47.56022211684547,0.05481838896711628,0.18771658238618524,7.063200000000012,3.4243359924128773,47.56022211684547,0.05481838896711383,0.18771658238617686,7.905600000000012,3.8327430373795504,53.23254218582704,0.026019984939363538,0.09972791610906637,7.905600000000012,3.8327430373795504,53.23254218582704,0.026019984939354795,0.09972791610903285
0.5730000000000001,2.6927154977383108,1.7745023092848493,40.305015398083874,0.05241936332117013,0.09301828126465791,2.6927154977383108,1.7745023092848493,40.305015398083874,0.0524193633211676,0.09301828126465345,3.0138650525144395,1.986140199383042,45.11203558317644,0.025014115640711824,0.04968154062603385,3.0138650525144395,1.986140199383042,45.11203558317644,0.025014115640703008,0.049681540626016346,7.260762500000011,3.4718962145297225,47.56022211684547,0.0548098575073002,0.19029413679850904,7.260762500000011,3.4718962145297225,47.56022211684547,0.054809857507297735,0.1902941367985005,8.126725000000011,3.885975579565377,53.23254218582704,0.026020116710149886,0.10111353811308346,8.126725000000011,3.885975579565377,53.23254218582704,0.02602011671014115,0.10111353811304952
0.5740000000000001,2.7955438224670783,1.8149210436851946,40.5311640259604,0.05249727214527712,0.09527840395253205,2.7955438224670783,1.8149210436851946,40.5311640259604,0.05249727214527458,0.09527840395252744,3.1289573058805833,2.0313795167852637,45.36515606575384,0.02504653318516035,0.05087901447881711,3.1289573058805833,2.0313795167852637,45.36515606575384,0.025046533185151536,0.0508790144787992,7.461050000000013,3.519456436646568,47.56022211684547,0.05480073969302207,0.1928688160455996,7.461050000000013,3.519456436646568,47.56022211684547,0.054800739693019615,0.19286881604559097,8.350900000000014,3.9392081217512045,53.23254218582704,0.026019947079301182,0.10249798686231974,8.350900000000014,3.9392081217512045,53.23254218582704,0.026019947079292467,0.10249798686228542
0.5750000000000001,2.900694375000007,1.8555620658887293,40.749598309713214,0.05257244616020361,0.0975514368058514,2.900694375000007,1.8555620658887293,40.749598309713214,0.05257244616020108,0.09755143680584671,3.246648750000008,2.0768676333800458,45.609642144816625,0.0250779616486676,0.05208360685926383,3.246648750000008,2.0768676333800458,45.609642144816625,0.025077961648658786,0.05208360685924552,7.6640625000000115,3.5670166587634133,47.56022211684547,0.05479101637723622,0.1954404681681806,7.6640625000000115,3.5670166587634133,47.56022211684547,0.054791016377233756,0.19544046816817182,8.578125000000014,3.9924406639370313,53.23254218582704,0.026019463588438378,0.10388116448431033,8.578125000000014,3.9924406639370313,53.23254218582704,0.026019463588429673,0.10388116448427558
0.5760000000000001,3.0081796709089357,1.8964176834670803,40.96036208084304,0.052644891723244186,0.09983670360817001,3.0081796709089357,1.8964176834670803,40.96036208084304,0.05264489172324166,0.09983670360816521,3.366953393127432,2.1225959392934293,45.845542879475694,0.025108401466014875,0.05329499099391236,3.366953393127432,2.1225959392934293,45.845542879475694,0.025108401466006056,0.05329499099389364,7.869800000000014,3.6145768808802594,47.56022211684547,0.05478066816629706,0.19800893667307054,7.869800000000014,3.6145768808802594,47.56022211684547,0.054780668166294594,0.19800893667306163,8.808400000000015,4.045673206122859,53.23254218582704,0.026018653614862264,0.10526296978903993,8.808400000000015,4.045673206122859,53.23254218582704,0.026018653614853574,0.10526296978900478
0.5770000000000001,3.1180117862777035,1.9374802478233744,41.16349917085057,0.052714614934336414,0.10213352520689187,3.1180117862777035,1.9374802478233744,41.16349917085057,0.052714614934333895,0.10213352520688698,3.4898847516135763,2.1685558737105657,46.07290732884192,0.025137852892183586,0.05451283854181685,3.4898847516135763,2.1685558737105657,46.07290732884192,0.025137852892174767,0.05451283854179772,8.078262500000013,3.6621371029971046,47.56022211684547,0.05476967542110447,0.20057406047873524,8.078262500000013,3.6621371029971046,47.56022211684547,0.05476967542110202,0.20057406047872628,9.041725000000016,4.0989057483086855,53.23254218582704,0.026017504372236273,0.10664329822800561,9.041725000000016,4.0989057483086855,53.23254218582704,0.026017504372227603,0.10664329822797008
0.5780000000000001,3.230202360213512,1.9787421541922408,41.35905341123648,0.05278162163560579,0.10444121969699839,3.230202360213512,1.9787421541922408,41.35905341123648,0.05278162163560328,0.10444121969699341,3.6154558527160408,2.2147389248757188,46.29178455202615,0.02516631600203655,0.055736819645433026,3.6154558527160408,2.2147389248757188,46.29178455202615,0.025166316002027733,0.0557368196454135,8.289450000000013,3.7096973251139502,47.56022211684547,0.054758018258303266,0.20313567386136847,8.289450000000013,3.7096973251139502,47.56022211684547,0.0547580182583008,0.20313567386135933,9.278100000000014,4.152138290494513,53.23254218582704,0.026016002911310128,0.1080220418536675,9.278100000000014,4.152138290494513,53.23254218582704,0.02601600291130147,0.10802204185363155
0.5790000000000001,3.344762597358281,2.0201958416398074,41.5470686335015,0.05284591741106709,0.10675910260147843,3.344762597358281,2.0201958416398074,41.5470686335015,0.05284591741106458,0.10675910260147335,3.7436792374101855,2.261136630092261,46.50222360813929,0.02519379069009858,0.05696660298025928,3.7436792374101855,2.261136630092261,46.50222360813929,0.025193790690089764,0.056966602980239346,8.503362500000014,3.7572575472307954,47.56022211684547,0.054745676551538336,0.2056936064015234,8.503362500000014,3.7572575472307954,47.56022211684547,0.05474567655153588,0.20569360640151416,9.517525000000013,4.20537083268034,53.23254218582704,0.02601413612068546,0.10939908927930672,9.517525000000013,4.20537083268034,53.23254218582704,0.026014136120676812,0.10939908927927036
0.5800000000000001,3.461703270400008,2.0618337930637036,41.727588669146336,0.05290750758648365,0.10908648704858627,3.461703270400008,2.0618337930637036,41.727588669146336,0.05290750758648114,0.10908648704858108,3.874566963200009,2.307740575722677,46.70427355629222,0.025220276670437337,0.05820185580332026,3.874566963200009,2.307740575722677,46.70427355629222,0.02522027667042852,0.058201855803299916,8.720000000000015,3.804817769347641,47.56022211684547,0.054732629932767,0.20824768293132045,8.720000000000015,3.804817769347641,47.56022211684547,0.05473262993276454,0.2082476829313111,9.760000000000014,4.2586033748661665,53.23254218582704,0.026011890727624738,0.11077432563931265,9.760000000000014,4.2586033748661665,53.23254218582704,0.026011890727616113,0.11077432563927592
0.5810000000000001,3.581034722584137,2.1036485351930603,41.90065734967168,0.052966397229385745,0.1114226839460511,3.581034722584137,2.1036485351930603,41.90065734967168,0.052966397229383226,0.11142268394604579,4.008130606929034,2.3545423971885624,46.89798345559582,0.0252457734766455,0.059442244000580326,4.008130606929034,2.3545423971885624,46.89798345559582,0.025245773476636684,0.059442244000559565,8.939362500000014,3.852377991464487,47.56022211684547,0.05471885779362989,0.2107977234822548,8.939362500000014,3.852377991464487,47.56022211684547,0.05471885779362744,0.21079772348224537,10.005525000000015,4.311835917051995,53.23254218582704,0.026009253298904786,0.11214763254992073,10.005525000000015,4.311835917051995,53.23254218582704,0.026009253298896175,0.11214763254988361
0.5820000000000001,3.7027668702249055,2.145632638588508,42.06631850657822,0.05302259114924935,0.11376700215236354,3.7027668702249055,2.145632638588508,42.06631850657822,0.05302259114924683,0.11376700215235815,4.144381267591179,2.4015337789706237,47.08340236516094,0.025270280461925195,0.060687432133374734,4.144381267591179,2.4015337789706237,47.08340236516094,0.025270280461916386,0.06068743213335358,9.161450000000016,3.8999382135813323,47.56022211684547,0.05470433928688235,0.21334354323363103,9.161450000000016,3.8999382135813323,47.56022211684547,0.0547043392868799,0.21334354323362148,10.254100000000015,4.365068459237821,53.23254218582704,0.026006210241716076,0.11351888807042243,10.254100000000015,4.365068459237821,53.23254218582704,0.02600621024170748,0.1135188880703849
0.5830000000000001,3.8269092052167126,2.1877787176421775,42.224615971366696,0.05307609389783632,0.11611874864526414,3.8269092052167126,2.1877787176421775,42.224615971366696,0.05307609389783381,0.11611874864525866,4.2833295691416415,2.4487064546086756,47.260579344098495,0.025293796799275507,0.06193708348394619,4.2833295691416415,2.4487064546086756,47.260579344098495,0.025293796799266705,0.06193708348392464,9.386262500000015,3.9474984356981775,47.56022211684547,0.05468905332788749,0.21588495246165007,9.386262500000015,3.9474984356981775,47.56022211684547,0.054689053327885026,0.21588495246164036,10.505725000000018,4.418301001423648,53.23254218582704,0.0260027478046092,0.11488796666487139,10.505725000000018,4.418301001423648,53.23254218582704,0.026002747804600622,0.1148879666648335
0.5840000000000001,3.9534707975454815,2.2300794305777023,42.37559357553778,0.053126909769697105,0.11847722868755908,3.9534707975454815,2.2300794305777023,42.37559357553778,0.053126909769694586,0.11847722868755348,4.424985663307787,2.496052206701648,47.42956345151935,0.025316321481783997,0.06319086010017529,4.424985663307787,2.496052206701648,47.42956345151935,0.025316321481775192,0.0631908601001533,9.613800000000017,3.995058657815023,47.56022211684547,0.05467297859617266,0.21842175648917503,9.613800000000017,3.995058657815023,47.56022211684547,0.054672978596170194,0.21842175648916518,10.760400000000018,4.471533543609475,53.23254218582704,0.025998852078489763,0.11625473916430788,10.760400000000018,4.471533543609475,53.23254218582704,0.0259988520784812,0.1162547391642696
0.5850000000000001,4.08246029780001,2.2725274794502144,42.5192951505922,0.053175042802836754,0.12084174599038787,4.08246029780001,2.2725274794502144,42.5192951505922,0.053175042802834235,0.12084174599038215,4.569359232400012,2.5435628669075796,47.590403746534385,0.025337853323023008,0.06444842283959215,4.569359232400012,2.5435628669075796,47.590403746534385,0.02533785332301421,0.06444842283956977,9.844062500000016,4.042618879931869,47.56022211684547,0.05465609353705108,0.2209537556362049,9.844062500000016,4.042618879931869,47.56022211684547,0.05465609353704862,0.22095375563619493,11.018125000000017,4.524766085795303,53.23254218582704,0.02599450899766303,0.11761907272952654,11.018125000000017,4.524766085795303,53.23254218582704,0.02599450899765449,0.11761907272948789
0.5860000000000001,4.213885939683338,2.3151156101463473,42.65576452803062,0.05322049677954542,0.123211602874069,4.213885939683338,2.3151156101463473,42.65576452803062,0.05322049677954292,0.12321160287406323,4.716459492122635,2.591230315943618,47.74314928825446,0.025358390957551546,0.06570943141275808,4.716459492122635,2.591230315943618,47.74314928825446,0.025358390957542748,0.06570943141273528,10.077050000000016,4.090179102048714,47.56022211684547,0.05463837636331004,0.22348074517108316,10.077050000000016,4.090179102048714,47.56022211684547,0.05463837636330758,0.2234807451710731,11.278900000000018,4.577998627981129,53.23254218582704,0.02598970434092966,0.11898083081441117,11.278900000000018,4.577998627981129,53.23254218582704,0.02598970434092114,0.11898083081437219
0.5870000000000001,4.347755542524106,2.3578366123842365,42.785045539353774,0.05326327522739392,0.1255861004266477,4.347755542524106,2.3578366123842365,42.785045539353774,0.05326327522739141,0.12558610042664178,4.8662951943847785,2.639046483586026,47.88784913579046,0.025377932841523405,0.06697354442610466,4.8662951943847785,2.639046483586026,47.88784913579046,0.02537793284151462,0.06697354442608149,10.312762500000016,4.13773932416556,47.56022211684547,0.05461980505696725,0.2260025152624703,10.312762500000016,4.13773932416556,47.56022211684547,0.05461980505696479,0.22600251526246012,11.542725000000019,4.631231170166957,53.23254218582704,0.025984423732733866,0.1203398731298631,11.542725000000019,4.631231170166957,53.23254218582704,0.025984423732725363,0.12033987312982372
0.5880000000000001,4.484076513787915,2.400683319713517,42.907182016062364,0.05330338142039499,0.12796453866026963,4.484076513787915,2.400683319713517,42.907182016062364,0.053303381420392475,0.1279645386602636,5.0188746301112435,2.6870033486701748,48.02455234825329,0.02539647725340235,0.06824041942431804,5.0188746301112435,2.6870033486701748,48.02455234825329,0.025396477253393564,0.06824041942429443,10.551200000000017,4.185299546282405,47.56022211684547,0.054600357371097356,0.2285188509321109,10.551200000000017,4.185299546282405,47.56022211684547,0.05460035737109489,0.22851885093210061,11.80960000000002,4.684463712352783,53.23254218582704,0.02597865264436536,0.1216960556083472,11.80960000000002,4.684463712352783,53.23254218582704,0.025978652644356878,0.12169605560830747
0.5890000000000001,4.6228558515886835,2.443648609515324,43.02221778965709,0.053340818380331195,0.13034621666550578,4.6228558515886835,2.443648609515324,43.02221778965709,0.05334081838032869,0.13034621666549964,5.174205632053389,2.7350929390905456,48.1533079847538,0.025414022294784757,0.0695097129323555,5.174205632053389,2.7350929390905456,48.1533079847538,0.025414022294775976,0.06950971293233148,10.792362500000019,4.232859768399251,47.56022211684547,0.05458001083172973,0.23102953200842413,10.792362500000019,4.232859768399251,47.56022211684547,0.05458001083172728,0.23102953200841378,12.07952500000002,4.737696254538611,53.23254218582704,0.025972376395216424,0.12304923036908388,12.07952500000002,4.737696254538611,53.23254218582704,0.02597237639520796,0.12304923036904378
0.5900000000000001,4.76410014720001,2.486725403002294,43.130196691638645,0.053375588878249905,0.13273043276375077,4.76410014720001,2.486725403002294,43.130196691638645,0.05337558887824739,0.13273043276374452,5.332295577600012,2.783307331800733,48.27416510440288,0.025430565891330636,0.0707810804971822,5.332295577600012,2.783307331800733,48.27416510440288,0.025430565891321862,0.07078108049715778,11.03625000000002,4.280419990516097,47.56022211684547,0.05455874273981976,0.23353433308094948,11.03625000000002,4.280419990516097,47.56022211684547,0.0545587427398173,0.23353433308093893,12.35250000000002,4.7909287967244385,53.23254218582704,0.02596558015409552,0.1243992456839128,12.35250000000002,4.7909287967244385,53.23254218582704,0.025965580154087075,0.12439924568387235
0.5910000000000001,4.90781558756654,2.5299066652185638,43.23116255350774,0.053407695436125585,0.1351164846578172,4.90781558756654,2.5299066652185638,43.23116255350774,0.05340769543612307,0.13511648465781084,5.493151391588237,2.8316386528134383,48.38717276631141,0.025446105793803242,0.07205417672931323,5.493151391588237,2.8316386528134383,48.38717276631141,0.02544610579379447,0.0720541767292884,11.282862500000018,4.327980212632942,47.56022211684547,0.0545365301732948,0.23603302345567928,11.282862500000018,4.327980212632942,47.56022211684547,0.05453653017329234,0.23603302345566862,12.62852500000002,4.844161338910265,53.23254218582704,0.02595824894059875,0.12574594594385682,12.62852500000002,4.844161338910265,53.23254218582704,0.025958248940590324,0.125745945943816
0.5920000000000001,5.054007957815309,2.573185405039771,43.32515920676508,0.0534371403286903,0.13750366958084803,5.054007957815309,2.573185405039771,43.32515920676508,0.0534371403286878,0.1375036695808416,5.656779549114382,2.880079077200478,48.49238002959027,0.025460639579218076,0.07332865534424836,5.656779549114382,2.880079077200478,48.49238002959027,0.025460639579209316,0.07332865534422313,11.532200000000019,4.375540434749787,47.56022211684547,0.0545133499891769,0.23852536711131042,11.532200000000019,4.375540434749787,47.56022211684547,0.05451334998917444,0.23852536711129962,12.90760000000002,4.897393881096092,53.23254218582704,0.025950367626540672,0.12708917162641442,12.90760000000002,4.897393881096092,53.23254218582704,0.025950367626532272,0.12708917162637326
0.5930000000000001,5.202682643767116,2.616554675173057,43.412230482911355,0.05346392558543239,0.13989128444366752,5.202682643767116,2.616554675173057,43.412230482911355,0.05346392558542988,0.13989128444366097,5.823186078344846,2.928620829092779,48.589835953350324,0.025474164652101526,0.07460416920388353,5.823186078344846,2.928620829092779,48.589835953350324,0.02547416465209277,0.07460416920385789,11.78426250000002,4.423100656866633,47.56022211684547,0.05448917882578376,0.24101112265644759,11.78426250000002,4.423100656866633,47.56022211684547,0.054489178825781304,0.2410111226564367,13.18972500000002,4.9506264232819195,53.23254218582704,0.02594192093744575,0.1284287592636094,13.18972500000002,4.9506264232819195,53.23254218582704,0.025941920937437368,0.1284287592635679
0.5940000000000001,5.353844634447886,2.660007572157058,43.49242021344728,0.05348805299276366,0.14227862598068933,5.353844634447886,2.660007572157058,43.49242021344728,0.05348805299276115,0.14227862598068264,5.9923765633269905,2.9772561816803766,48.679589596702456,0.025486678245859675,0.07588037035798449,5.9923765633269905,2.9772561816803766,48.679589596702456,0.02548667824585093,0.07588037035795846,12.039050000000021,4.4706608789834785,47.56022211684547,0.05446399310500968,0.24349004328779267,12.039050000000021,4.4706608789834785,47.56022211684547,0.05446399310500723,0.24349004328778173,13.474900000000023,5.003858965467747,53.23254218582704,0.025932893454101894,0.1297645414108276,13.474900000000023,5.003858965467747,53.23254218582704,0.02593289345409353,0.12976454141078575
0.595,5.507498524599996,2.70353723636191,43.56577222987355,0.05350952409635536,0.14466499089450158,5.507498524599996,2.70353723636191,43.56577222987355,0.05350952409635285,0.1446649908944948,6.164356146799996,3.0259774572124125,48.76169001875755,0.02549817742425764,0.07715691008580608,6.164356146799996,3.0259774572124125,48.76169001875755,0.025498177424248893,0.07715691008577961,12.29656249999999,4.518221101100319,47.56022211684547,0.05443776903468827,0.24596187674935407,12.29656249999999,4.518221101100319,47.56022211684547,0.05443776903468581,0.24596187674934294,13.763124999999988,5.057091507653568,53.23254218582704,0.02592326961417757,0.13109634661647115,13.763124999999988,5.057091507653568,53.23254218582704,0.02592326961416923,0.131096346616429
0.596,5.663648517193723,2.7471368519892634,43.632330363690876,0.053528340203643,0.14704967599924615,5.663648517193723,2.7471368519892634,43.632330363690876,0.053528340203640494,0.14704967599923927,6.339129533005818,3.074777026997157,48.836186278626485,0.02550865908300971,0.07843343893794062,6.339129533005818,3.074777026997157,48.836186278626485,0.02550865908300098,0.07843343893791378,12.556799999999992,4.5657813232171645,47.56022211684547,0.054410482611038556,0.24842636529271214,12.556799999999992,4.5657813232171645,47.56022211684547,0.05441048261103609,0.2484263652927009,14.05439999999999,5.110324049839394,53.23254218582704,0.02591303371390379,0.13242399939246158,14.05439999999999,5.110324049839394,53.23254218582704,0.025913033713895476,0.13242399939241908
0.597,5.822298425938492,2.790799647072256,43.692138446399966,0.053544502386499965,0.14943197836290367,5.822298425938492,2.790799647072256,43.692138446399966,0.05354450238649746,0.14943197836289668,6.516700990499962,3.123647311401974,48.90312743542014,0.025518119951480657,0.07970960677847563,6.516700990499962,3.123647311401974,48.90312743542014,0.02551811995147194,0.0797096067784484,12.819762499999992,4.613341545334009,47.56022211684547,0.054382109621196405,0.2508832456383737,12.819762499999992,4.613341545334009,47.56022211684547,0.054382109621193955,0.2508832456383624,14.348724999999991,5.1635565920252215,53.23254218582704,0.02590216990982253,0.13374732018562147,14.348724999999991,5.1635565920252215,53.23254218582704,0.02590216990981423,0.1337473201855786
0.598,5.983451677794301,2.8345188934755274,43.745240309501526,0.05355801148408001,0.15181119544860405,5.983451677794301,2.8345188934755274,43.745240309501526,0.05355801148407751,0.15181119544859698,6.697074354962428,3.1725807798533423,48.962562548249416,0.02552655659449832,0.08098506282754396,6.697074354962428,3.1725807798533423,48.962562548249416,0.02552655659448961,0.08098506282751632,13.085449999999993,4.660901767450855,47.56022211684547,0.054352625645832736,0.25333224893825645,13.085449999999993,4.660901767450855,47.56022211684547,0.05435262564583028,0.253332248938245,14.64609999999999,5.216789134211048,53.23254218582704,0.025890662220602868,0.13506612534996953,14.64609999999999,5.216789134211048,53.23254218582704,0.025890662220594593,0.13506612534992635
0.599,6.147111315483068,2.878287906895223,43.791679784496225,0.05356886810582829,0.1541866252550708,6.147111315483068,2.878287906895223,43.791679784496225,0.05356886810582578,0.15418662525506355,6.880253032008571,3.2215699508368547,49.014540676225124,0.02553396541427776,0.08225945570434476,6.880253032008571,3.2215699508368547,49.014540676225124,0.02553396541426906,0.08225945570431673,13.353862499999993,4.708461989567701,47.56022211684547,0.05432200606186054,0.25577310073933657,13.353862499999993,4.708461989567701,47.56022211684547,0.05432200606185808,0.255773100739325,14.946524999999989,5.270021676396876,53.23254218582704,0.025878494528926477,0.1363802271199605,14.946524999999989,5.270021676396876,53.23254218582704,0.025878494528918227,0.136380227119917
0.6,6.313279999999996,2.922100046858984,43.83150070288479,0.05357707263466094,0.15655756645630992,6.313279999999996,2.922100046858984,43.83150070288479,0.05357707263465843,0.15655756645630262,7.066239999999995,3.2706073918972116,49.0591108784582,0.025540342652457106,0.08353243347071385,7.066239999999995,3.2706073918972116,49.0591108784582,0.025540342652448415,0.08353243347068542,13.624999999999991,4.756022211684546,47.56022211684547,0.05429022604523232,0.2582055209484998,13.624999999999991,4.756022211684546,47.56022211684547,0.05429022604522986,0.25820552094848803,15.24999999999999,5.3232542185827025,53.23254218582704,0.02586565058344375,0.13768943358470306,15.24999999999999,5.3232542185827025,53.23254218582704,0.025865650583435526,0.1376894335846593
0.601,6.481960013124923,2.965948716725959,43.86474689616792,0.053582625230312826,0.15892331854065433,6.481960013124923,2.965948716725959,43.86474689616792,0.05358262523031033,0.15892331854064692,7.255037812855419,3.319685719638229,49.096322214059505,0.025545684392245072,0.08480364367532116,7.255037812855419,3.319685719638229,49.096322214059505,0.02554568439223639,0.08480364367529233,13.897499999999994,4.756022211684548,0.0,0.038064573413890634,0.18103595663476096,13.897499999999994,4.756022211684548,0.0,0.038064573413887595,0.18103595663474653,15.554999999999993,5.323254218582704,0.0,0.019775162045393146,0.10526821478129565,15.554999999999993,5.323254218582704,0.0,0.01977516204538633,0.10526821478125936
0.602,6.653153259933693,3.0098273636867865,43.891462195846344,0.053585525832852934,0.16128318194926594,6.653153259933693,3.0098273636867865,43.891462195846344,0.053585525832850436,0.16128318194925842,7.446648602861565,3.368797599722825,49.12622374213995,0.0255499865606803,0.08607273339857023,7.446648602861565,3.368797599722825,49.12622374213995,0.025549986560671634,0.08607273339854103,14.169999999999995,4.756022211684548,0.0,0.03803091309354738,0.18087586740355602,14.169999999999995,4.756022211684548,0.0,0.038030913093544325,0.1808758674035415,15.859999999999992,5.323254218582704,0.0,0.019761133842032038,0.10519353908857448,15.859999999999992,5.323254218582704,0.0,0.019761133842025238,0.10519353908853829
0.603,6.826861271309499,3.0537294787636156,43.91169043342072,0.05358577416636717,0.16363645821420525,6.826861271309499,3.0537294787636156,43.91169043342072,0.05358577416636467,0.1636364582141976,7.641074083484026,3.417935746873037,49.14886452181035,0.025553244931002472,0.08733934929827558,7.641074083484026,3.417935746873037,49.14886452181035,0.025553244930993813,0.087339349298246,14.442499999999995,4.756022211684548,0.0,0.03799639252518272,0.18071168681365374,14.442499999999995,4.756022211684548,0.0,0.03799639252517968,0.18071168681363928,16.164999999999992,5.323254218582704,0.0,0.01974654566804253,0.10511588252984341,16.164999999999992,5.323254218582704,0.0,0.01974654566803576,0.10511588252980739
0.604,7.0030852064542675,3.0976485968100933,43.92547544039177,0.053583369742807876,0.16598245009616522,7.0030852064542675,3.0976485968100933,43.92547544039177,0.053583369742805365,0.16598245009615745,7.83831555217817,3.4670929248700126,49.164293612181616,0.025555455125135025,0.08860313765618875,7.83831555217817,3.4670929248700126,49.164293612181616,0.025555455125126383,0.08860313765615878,14.714999999999995,4.756022211684548,0.0,0.03796101248964176,0.18054341857877074,14.714999999999995,4.756022211684548,0.0,0.03796101248963872,0.1805434185787563,16.46999999999999,5.323254218582704,0.0,0.019731397936809263,0.10503524730565397,16.46999999999999,5.323254218582704,0.0,0.01973139793680252,0.10503524730561807
0.605,7.181825855399995,3.1415782965113657,43.93286104826021,0.05357831186600951,0.16832046172197285,7.181825855399995,3.1415782965113657,43.93286104826021,0.053578311866007006,0.16832046172196496,8.038373893199996,3.5162619465540055,49.17256007236463,0.02555661261627954,0.08986374442544576,8.038373893199996,3.5162619465540055,49.17256007236463,0.02555661261627091,0.0898637444254154,14.987499999999997,4.756022211684548,0.0,0.03792477378721043,0.18037106650508472,14.987499999999997,4.756022211684548,0.0,0.03792477378720739,0.18037106650507026,16.774999999999995,5.323254218582704,0.0,0.01971569107757301,0.10495163570096391,16.774999999999995,5.323254218582704,0.0,0.01971569107756629,0.10495163570092814
0.606,7.3630836415201255,3.1855122003840797,43.933891088526735,0.053570599635869715,0.1706497987219539,7.3630836415201255,3.1855122003840797,43.933891088526735,0.0535705996358672,0.1706497987219459,8.24124958041702,3.565435673824383,49.173712961470294,0.0255567127316214,0.09112081527900473,8.24124958041702,3.565435673824383,49.173712961470294,0.025556712731612776,0.09112081527897398,15.259999999999996,4.756022211684548,0.0,0.03788767723759748,0.18019463449114867,15.259999999999996,4.756022211684548,0.0,0.03788767723759444,0.1801946344911342,17.079999999999995,5.323254218582704,0.0,0.019699425535418553,0.10486505008507266,17.079999999999995,5.323254218582704,0.0,0.019699425535411857,0.10486505008503702
0.607,7.546858624040894,3.2294439747763857,43.92860939269203,0.05356023195269504,0.17296976836725664,7.546858624040894,3.2294439747763857,43.92860939269203,0.053560231952692536,0.17296976836724856,8.446942680119164,3.6146070176396243,49.16780133860942,0.025555750655146606,0.09237399565914135,8.446942680119164,3.6146070176396243,49.16780133860942,0.025555750655137995,0.09237399565911023,15.532499999999994,4.756022211684548,0.0,0.037849723679915924,0.18001412652780274,15.532499999999994,4.756022211684548,0.0,0.03784972367991288,0.18001412652778825,17.384999999999994,5.323254218582704,0.0,0.019682601771262048,0.10477549291155411,17.384999999999994,5.323254218582704,0.0,0.01968260177125538,0.10477549291151861
0.608,7.733150500552703,3.2733673298679307,43.917059792256815,0.05354720752171034,0.17527967970722494,7.733150500552703,3.2733673298679307,43.917059792256815,0.05354720752170783,0.17527967970721672,8.65545285382963,3.6637689380173164,49.154874262892946,0.025553721430569512,0.093622930828068,8.65545285382963,3.6637689380173164,49.154874262892946,0.02555372143056092,0.09362293082803652,15.804999999999996,4.756022211684548,0.0,0.03781091397266398,0.17982954669808351,15.804999999999996,4.756022211684548,0.0,0.03781091397266095,0.1798295466980691,17.689999999999994,5.323254218582704,0.0,0.01966522026183797,0.10468296671818704,17.689999999999994,5.323254218582704,0.0,0.019665220261831325,0.10468296671815167
0.609,7.921958609521468,3.317276019669866,43.8992861187218,0.05353152485773102,0.17757884370691246,7.921958609521468,3.317276019669866,43.8992861187218,0.053531524857728496,0.17757884370690408,8.866779361115771,3.712914444034162,49.13498079343173,0.02555061996437095,0.09486726591974053,8.866779361115771,3.712914444034162,49.13498079343173,0.025550619964362368,0.09486726591970866,16.077499999999997,4.756022211684548,0.0,0.03777124899370582,0.1796408991771325,16.077499999999997,4.756022211684548,0.0,0.03777124899370278,0.17964089917711804,17.994999999999994,5.323254218582704,0.0,0.0196472814996856,0.1045874741268833,17.994999999999994,5.323254218582704,0.0,0.01964728149967898,0.10458747412684806
0.61,8.113281932799998,3.3611638420248413,43.87533220358769,0.05351318228999691,0.1798665733848217,8.113281932799998,3.3611638420248413,43.87533220358769,0.053513182289994396,0.17986657338481327,9.080921062399996,3.762036593825969,49.10816998933667,0.025546441028946463,0.09610664599291373,9.080921062399996,3.762036593825969,49.10816998933667,0.025546441028937897,0.0961066459928815,16.349999999999998,4.756022211684548,0.0,0.03773072964025151,0.1794481882321007,16.349999999999998,4.756022211684548,0.0,0.037730729640248484,0.17944818823208633,18.299999999999994,5.323254218582704,0.0,0.019628785993135087,0.10448901784361345,18.299999999999994,5.323254218582704,0.0,0.019628785993128495,0.10448901784357836
0.611,8.307119098139324,3.4050246386070087,43.845241878355154,0.05349217796716674,0.18214218395095372,8.307119098139324,3.4050246386070087,43.845241878355154,0.053492177967164226,0.18214218395094517,9.297876421770619,3.8111284945876607,49.074490909718605,0.025541179265864175,0.09734071608550651,9.297876421770619,3.8111284945876607,49.074490909718605,0.025541179265855623,0.09734071608547391,16.622499999999995,4.756022211684548,0.0,0.03768935682883689,0.17925141822205293,16.622499999999995,4.756022211684548,0.0,0.037689356828833856,0.17925141822203852,18.604999999999993,5.323254218582704,0.0,0.019609734266293016,0.10438760065833011,18.604999999999993,5.323254218582704,0.0,0.019609734266286448,0.10438760065829515
0.612,8.503468381700095,3.4488522949220193,43.809058974524916,0.05346850986247191,0.18440499294524687,8.503468381700095,3.4488522949220193,43.809058974524916,0.053468509862469406,0.18440499294523824,9.517643509792766,3.8601833025732692,49.03399261368843,0.025534829189231688,0.0985691212703327,9.517643509792766,3.8601833025732692,49.03399261368843,0.025534829189223153,0.09856912127029975,16.894999999999996,4.756022211684548,0.0,0.03764713149530271,0.1790505935978686,16.894999999999996,4.756022211684548,0.0,0.03764713149529968,0.17905059359785416,18.909999999999993,5.323254218582704,0.0,0.019590126859027564,0.10428322544488883,18.909999999999993,5.323254218582704,0.0,0.01959012685902102,0.104283225444854
0.613,8.702327710563901,3.4926407403070256,43.76682732359768,0.05344217577902831,0.18665432037648363,8.702327710563901,3.4926407403070256,43.76682732359768,0.0534421757790258,0.18665432037647486,9.740220006319229,3.9091942230959367,48.986724160357035,0.02552738518917152,0.09979150671225408,9.740220006319229,3.9091942230959367,48.986724160357035,0.025527385189163004,0.09979150671222078,17.167499999999997,4.756022211684548,0.0,0.03760405459477355,0.17884571890214138,17.167499999999997,4.756022211684548,0.0,0.03760405459477052,0.17884571890212697,19.214999999999993,5.323254218582704,0.0,0.01956996432695322,0.10417589516096676,19.214999999999993,5.323254218582704,0.0,0.019569964326946705,0.10417589516093208
0.614,8.903694665244672,3.5363839479306822,43.71859075707417,0.05341317335530456,0.18888948886173787,8.903694665244672,3.5363839479306822,43.71859075707417,0.05341317335530205,0.188889488861729,9.965603203301374,3.9581545105279194,48.932734608835304,0.02551884153540425,0.10100751772680755,9.965603203301374,3.9581545105279194,48.932734608835304,0.02551884153539575,0.1010075177267739,17.439999999999998,4.756022211684548,0.0,0.03756012710163618,0.17863679876907643,17.439999999999998,4.756022211684548,0.0,0.037560127101633145,0.178636798769062,19.519999999999996,5.323254218582704,0.0,0.019549247241415026,0.10406561284797883,19.519999999999996,5.323254218582704,0.0,0.019549247241408534,0.10406561284794427
0.615,9.107566482199998,3.5800759347931423,43.664393106455044,0.05338150007074549,0.19110982376643437,9.107566482199998,3.5800759347931423,43.664393106455044,0.05338150007074298,0.19110982376642538,10.193790007599997,4.007057468300581,48.87207301823408,0.025509192380938895,0.10221679984035748,10.193790007599997,4.007057468300581,48.87207301823408,0.02550919238093041,0.10221679984032347,17.7125,4.756022211684548,0.0,0.037515350009517515,0.1784238379243854,17.7125,4.756022211684548,0.0,0.03751535000951449,0.17842383792437103,19.825,5.323254218582704,0.0,0.019527976189472374,0.10395238163099142,19.825,5.323254218582704,0.0,0.019527976189465914,0.10395238163095703
0.616,9.31394005634253,3.6237107617260604,43.604278203241044,0.053347153251548964,0.19331465334508738,9.31394005634253,3.6237107617260604,43.604278203241044,0.053347153251546445,0.19331465334507825,10.424776943796225,4.055896448904398,48.804788447664286,0.025498431765869467,0.10341899885182107,10.424776943796225,4.055896448904398,48.804788447664286,0.025498431765860998,0.10341899885178672,17.985,4.756022211684548,0.0,0.03746972433126215,0.17820684118517974,17.985,4.756022211684548,0.0,0.03746972433125913,0.17820684118516536,20.13,5.323254218582704,0.0,0.019506151773882395,0.10383620471863396,20.13,5.323254218582704,0.0,0.019506151773875966,0.10383620471859974
0.617,9.522811943551291,3.6672825333925925,43.53828987893285,0.05331013007659442,0.19550330888278183,9.522811943551291,3.6672825333925925,43.53828987893285,0.053310130076591904,0.1955033088827726,10.658560157002363,4.1046648538889565,48.730929956236764,0.025486553621277077,0.10461376089601233,10.658560157002363,4.1046648538889565,48.730929956236764,0.02548655362126863,0.10461376089597765,18.2575,4.756022211684548,0.0,0.03742325109890946,0.17798581345986156,18.2575,4.756022211684548,0.0,0.03742325109890645,0.17798581345984724,20.435,5.323254218582704,0.0,0.01948377461308288,0.10371708540300803,20.435,5.323254218582704,0.0,0.019483774613076474,0.10371708540297393
0.618,9.734178363183105,3.710785398287396,43.46647196503118,0.05327042758352156,0.19767512483745794,9.734178363183105,3.710785398287396,43.46647196503118,0.05327042758351905,0.19767512483744862,10.895135415672831,4.153356133862957,48.650546603062416,0.025473551773236514,0.10580073250864747,10.895135415672831,4.153356133862957,48.650546603062416,0.025473551773228083,0.10580073250861245,18.529999999999998,4.756022211684548,0.0,0.03737593136367025,0.17776075974801284,18.529999999999998,4.756022211684548,0.0,0.03737593136366723,0.1777607597479985,20.74,5.323254218582704,0.0,0.019460845341174718,0.10359502705959388,20.74,5.323254218582704,0.0,0.019460845341168338,0.10359502705955992
0.619,9.948035200583874,3.7542135487366237,43.388868293036715,0.05322804267495683,0.19982943898305414,9.948035200583874,3.7542135487366237,43.388868293036715,0.053228042674954325,0.19982943898304473,11.134498114414976,4.2019637884942025,48.5636874472521,0.02545941994692635,0.10697956069305152,11.134498114414976,4.2019637884942025,48.5636874472521,0.02545941994691794,0.10697956069301617,18.8025,4.756022211684548,0.0,0.03732776619590292,0.1775316851402819,18.8025,4.756022211684548,0.0,0.037327766195899906,0.17753168514026757,21.044999999999998,5.323254218582704,0.0,0.019437364607903972,0.10347003314715497,21.044999999999998,5.323254218582704,0.0,0.01943736460789762,0.10347003314712115
0.62,10.164378009599998,3.797561220897939,43.30552269445016,0.053182972124886256,0.2019655925535641,10.164378009599998,3.797561220897939,43.30552269445016,0.05318297212488374,0.20196559255355453,11.376643276799998,4.25048136650962,48.470401547916694,0.025444151770841562,0.1081498929886048,11.376643276799998,4.25048136650962,48.470401547916694,0.025444151770833173,0.10814989298856914,19.075,4.756022211684548,0.0,0.037278756685089356,0.17729859481826882,19.075,4.756022211684548,0.0,0.03727875668508635,0.17729859481825452,21.349999999999998,5.323254218582704,0.0,0.019413333078643437,0.10334210720763984,21.349999999999998,5.323254218582704,0.0,0.019413333078637116,0.10334210720760618
0.621,10.383202015089731,3.8408226947604955,43.21647900077225,0.05313521258517209,0.20408293038805247,10.383202015089731,3.8408226947604955,43.21647900077225,0.05313521258516956,0.20408293038804273,11.621565558173826,4.2989024656952335,48.37073796416711,0.02542774078110746,0.10931137754096211,11.621565558173826,4.2989024656952335,48.37073796416711,0.02542774078109909,0.10931137754092611,19.3475,4.756022211684548,0.0,0.03722890393981022,0.1770614940544078,19.3475,4.756022211684548,0.0,0.03722890393980722,0.1770614940543935,21.654999999999998,5.323254218582704,0.0,0.01938875143437381,0.10321125286608185,21.654999999999998,5.323254218582704,0.0,0.019388751434367513,0.10321125286604832
0.622,10.604502115434494,3.8839922941449525,43.121781043503695,0.05308476059221138,0.20618080107667863,10.604502115434494,3.8839922941449525,43.121781043503695,0.05308476059220886,0.20618080107666886,11.869259248467966,4.347220732896185,48.26474575511422,0.02541018042589376,0.11046366317407816,11.869259248467966,4.347220732896185,48.26474575511422,0.025410180425885408,0.11046366317404185,19.62,4.756022211684548,0.0,0.03717820908771989,0.17682038821184812,19.62,4.756022211684548,0.0,0.03717820908771688,0.1768203882118338,21.959999999999997,5.323254218582704,0.0,0.019363620371664364,0.10307747383049631,21.959999999999997,5.323254218582704,0.0,0.019363620371658098,0.10307747383046297
0.623,10.828272885050307,3.927064386703472,43.021472654145136,0.053031612573734066,0.2082585571077671,10.828272885050307,3.927064386703472,43.021472654145136,0.053031612573731554,0.20825855710775723,12.119718275010435,4.39542986401673,48.15247397986886,0.02539146406992749,0.11160639946406707,12.119718275010435,4.39542986401673,48.15247397986886,0.025391464069919163,0.11160639946403048,19.8925,4.756022211684548,0.0,0.03712667327552093,0.17657528274433265,19.8925,4.756022211684548,0.0,0.03712667327551793,0.17657528274431836,22.264999999999997,5.323254218582704,0.0,0.01933794060265324,0.10294077389177562,22.264999999999997,5.323254218582704,0.0,0.019337940602647,0.1029407738917424
0.624,11.054508576899073,3.970033383919713,42.91559766419731,0.05297576485573829,0.21031555501596166,11.054508576899073,3.970033383919713,42.91559766419731,0.05297576485573576,0.21031555501595164,12.372936205336574,4.443523604020228,48.03397169754194,0.025371584999103483,0.11273923681492187,12.372936205336574,4.443523604020228,48.03397169754194,0.025371584999095177,0.11273923681488497,20.165,4.756022211684548,0.0,0.0370742976689382,0.17632618319607474,20.165,4.756022211684548,0.0,0.037074297668935205,0.1763261831960605,22.57,5.323254218582704,0.0,0.019311712855027238,0.10280115692358159,22.57,5.323254218582704,0.0,0.019311712855021028,0.10280115692354853
0.625,11.283203125,4.0128937411088375,42.804199905160935,0.05291721366956029,0.2123511555314975,11.283203125,4.0128937411088375,42.804199905160935,0.052917213669557775,0.21235115553148742,12.62890625,4.491495746929157,47.909287967244346,0.025350536425190848,0.11386182653611737,12.62890625,4.491495746929157,47.909287967244346,0.025350536425182563,0.11386182653608017,20.4375,4.756022211684548,0.0,0.037021083452692456,0.17607309520163258,20.4375,4.756022211684548,0.0,0.03702108345268945,0.1760730952016183,22.875,5.323254218582704,0.0,0.019284937872001223,0.10265862688223587,22.875,5.323254218582704,0.0,0.019284937871995044,0.10265862688220298
0.626,11.514350146940926,4.055639957417506,42.68732320853669,0.05285595515907654,0.2143647237306188,11.514350146940926,4.055639957417506,42.68732320853669,0.052855955159074014,0.21436472373060855,12.887621265383421,4.539340135825098,47.77847184808694,0.025328311490634095,0.11497382092211536,12.887621265383421,4.539340135825098,47.77847184808694,0.025328311490625827,0.11497382092207784,20.71,4.756022211684548,0.0,0.03696703183047354,0.17581602448578185,20.71,4.756022211684548,0.0,0.03696703183047055,0.17581602448576764,23.18,5.323254218582704,0.0,0.01925761641229705,0.10251318780660779,23.18,5.323254218582704,0.0,0.019257616412290894,0.10251318780657502
0.627,11.747942946389696,4.098266575823882,42.56501140582529,0.0527919853880353,0.2163556291871678,11.747942946389696,4.098266575823882,42.56501140582529,0.052791985388032786,0.21635562918715753,13.149073756509567,4.587050662848749,47.641572399180596,0.025304903273447244,0.11607487333378966,13.149073756509567,4.587050662848749,47.641572399180596,0.025304903273439,0.11607487333375184,20.9825,4.756022211684548,0.0,0.0369121440249132,0.17555497686338623,20.9825,4.756022211684548,0.0,0.0369121440249102,0.175554976863372,23.485,5.323254218582704,0.0,0.01922974925012206,0.10236484381799985,23.485,5.323254218582704,0.0,0.019229749250115932,0.10236484381796723
0.628,11.983974515605503,4.140768183137626,42.43730832852744,0.05272530034751487,0.2183232461253648,11.983974515605503,4.140768183137626,42.43730832852744,0.05272530034751234,0.21832324612535434,13.413255879852029,4.634621269199912,47.498638679636215,0.025280304792199296,0.11716463828178332,13.413255879852029,4.634621269199912,47.498638679636215,0.02528030479219107,0.1171646382817452,21.255000000000003,4.756022211684548,0.0,0.036856421277557366,0.17528995823926583,21.255000000000003,4.756022211684548,0.0,0.03685642127755438,0.17528995823925161,23.79,5.323254218582704,0.0,0.019201337175147146,0.10221359912003095,23.79,5.323254218582704,0.0,0.019201337175141046,0.10221359911999849
0.629,12.222437537950272,4.1831394099999075,42.30425780814383,0.05265589596350549,0.2202669535737949,12.222437537950272,4.1831394099999075,42.30425780814383,0.05265589596350297,0.22026695357378434,13.680159446146176,4.682045945137511,47.34971974856465,0.025254509011089304,0.11824277151180941,13.680159446146176,4.682045945137511,47.34971974856465,0.02525450901108111,0.11824277151177104,21.5275,4.756022211684548,0.0,0.03679986484883814,0.17502097460806362,21.5275,4.756022211684548,0.0,0.03679986484883515,0.17502097460804938,24.095,5.323254218582704,0.0,0.01917238099248439,0.10205945799851739,24.095,5.323254218582704,0.0,0.01917238099247832,0.10205945799848508
0.63,12.463324390400002,4.225374930883387,42.16590367617518,0.05258376810461244,0.22218613552061484,12.463324390400002,4.225374930883387,42.16590367617518,0.052583768104609914,0.22218613552060415,13.949775923200002,4.72931872997957,47.19486466507681,0.025227508845109336,0.11930893009190086,13.949775923200002,4.72931872997957,47.19486466507681,0.025227508845101172,0.11930893009186225,21.8,4.756022211684548,0.0,0.03674247601804523,0.17474803205410994,21.8,4.756022211684548,0.0,0.036742476018042244,0.17474803205409573,24.4,5.323254218582704,0.0,0.019142881522664225,0.10190242482135124,24.4,5.323254218582704,0.0,0.019142881522658188,0.1019024248213191
0.631,12.70662714605613,4.267469464092232,42.02228976412217,0.052508912589876416,0.22408018106998578,12.70662714605613,4.267469464092232,42.02228976412217,0.052508912589873884,0.224080181069975,14.222096438705025,4.776433712103232,47.03412248828352,0.025199297165293254,0.12036277250161412,14.222096438705025,4.776433712103232,47.03412248828352,0.025199297165285107,0.1203627725015752,22.0725,4.756022211684548,0.0,0.03668425608329704,0.17447113675128473,22.0725,4.756022211684548,0.0,0.03668425608329406,0.17447113675127054,24.705,5.323254218582704,0.0,0.019112839601612204,0.10174250403837674,24.705,5.323254218582704,0.0,0.019112839601606195,0.10174250403834476
0.632,12.952337576656895,4.309417771762104,41.87345990348551,0.05243132519670892,0.2259484845997356,12.952337576656895,4.309417771762104,41.87345990348551,0.05243132519670639,0.2259484845997247,14.497111783047165,4.82338502894474,46.86754227729571,0.025169866804049555,0.12140395872318581,14.497111783047165,4.82338502894474,46.86754227729571,0.02516986680404144,0.12140395872314667,22.345000000000002,4.756022211684548,0.0,0.03662520636151129,0.17419029496287788,22.345000000000002,4.756022211684548,0.0,0.0366252063615083,0.1741902949628637,25.009999999999998,5.323254218582704,0.0,0.019082256080625297,0.10157970018126407,25.009999999999998,5.323254218582704,0.0,0.019082256080619323,0.10157970018123227
0.633,13.200447155088707,4.351214659860174,41.71945792576592,0.052351001668938656,0.22779044592025033,13.200447155088707,4.351214659860174,41.71945792576592,0.05235100166893611,0.22779044592023925,14.774812412117631,4.870166866999461,46.69517309122424,0.025139210560576122,0.12243215033464078,14.774812412117631,4.870166866999461,46.69517309122424,0.025139210560568028,0.12243215033460135,22.617500000000003,4.756022211684548,0.0,0.036565328188375254,0.17390551304144783,22.617500000000003,4.756022211684548,0.0,0.03656532818837228,0.17390551304143365,25.315,5.323254218582704,0.0,0.01905113182634778,0.10141401786338104,25.315,5.323254218582704,0.0,0.019051131826341834,0.10141401786334939
0.634,13.450947057897475,4.392854978185108,41.56032766246411,0.052267937724966004,0.22960547043458612,13.450947057897475,4.392854978185108,41.56032766246411,0.05226793772496348,0.22960547043457502,15.055188450123778,4.9167734618218635,46.51706398918001,0.025107321206354748,0.12344701060484232,15.055188450123778,4.9167734618218635,46.51706398918001,0.025107321206346685,0.12344701060480268,22.89,4.756022211684548,0.0,0.03650462291831552,0.17361679742867742,22.89,4.756022211684548,0.0,0.03650462291831255,0.1736167974286633,25.62,5.323254218582704,0.0,0.019019467720746665,0.10124546177966226,25.62,5.323254218582704,0.0,0.01901946772074075,0.10124546177963077
0.635,13.703828167800003,4.434333620367075,41.396112945080766,0.052182129066021946,0.23139296929979505,13.703828167800003,4.434333620367075,41.396112945080766,0.05218212906601941,0.2313929692997838,15.338229692400002,4.963199098025533,46.33326403027388,0.02507419149072327,0.12444820459047723,15.338229692400002,4.963199098025533,46.33326403027388,0.025074191490715235,0.12444820459043734,23.162500000000005,4.756022211684548,0.0,0.03644309192446737,0.17332415465522857,23.162500000000005,4.756022211684548,0.0,0.0364430919244644,0.17332415465521445,25.925,5.323254218582704,0.0,0.01898726466108672,0.10107403670647619,25.925,5.323254218582704,0.0,0.018987264661080833,0.10107403670644484
0.636,13.959081076195332,4.475645523867742,41.22685760511657,0.05209357138452773,0.23315235958944622,13.959081076195332,4.475645523867742,41.22685760511657,0.052093571384525195,0.2331523595894349,15.623925608218629,5.009438109283161,46.143822273616706,0.02503981414652304,0.1254353992349601,15.623925608218629,5.009438109283161,46.143822273616706,0.02503981414651503,0.12543539923491998,23.435000000000002,4.756022211684548,0.0,0.0363807365986437,0.1730275913405944,23.435000000000002,4.756022211684548,0.0,0.03638073659864073,0.17302759134058027,26.23,5.323254218582704,0.0,0.018954523559905033,0.10089974750148972,26.23,5.323254218582704,0.0,0.018954523559899177,0.10089974750145855
0.637,14.2166960856761,4.516785669980283,41.052605474072244,0.052002260372552,0.2348830644573264,14.2166960856761,4.516785669980283,41.052605474072244,0.05200226037254946,0.23488306445731494,15.912265343600769,5.055484878326555,45.948787778319385,0.02500418189581936,0.1264082634692414,15.912265343600769,5.055484878326555,45.948787778319385,0.02500418189581138,0.12640826346920106,23.707500000000003,4.756022211684548,0.0,0.03631755835130358,0.17272711419294948,23.707500000000003,4.756022211684548,0.0,0.03631755835130062,0.1727271141929354,26.535000000000004,5.323254218582704,0.0,0.01892124534498515,0.10072259910353057,26.535000000000004,5.323254218582704,0.0,0.018921245344979326,0.10072259910349955
0.638,14.47666321253991,4.557749083829361,40.87340038344852,0.05190819173036103,0.23658451330229177,14.47666321253991,4.557749083829361,40.87340038344852,0.0519081917303585,0.23658451330228025,16.203237724127238,5.101333836946623,45.74820960349283,0.024967287455692398,0.12736646831449658,16.203237724127238,5.101333836946623,45.74820960349283,0.02496728745568444,0.12736646831445597,23.980000000000004,4.756022211684548,0.0,0.03625355861152029,0.17242273000899813,23.980000000000004,4.756022211684548,0.0,0.036253558611517335,0.17242273000898406,26.840000000000003,5.323254218582704,0.0,0.018887430959330816,0.10054259653244735,26.840000000000003,5.323254218582704,0.0,0.018887430959325022,0.1005425965324165
0.639,14.738972189300673,4.598530834371152,40.68928616474601,0.051811361175058815,0.23825614193424832,14.738972189300673,4.598530834371152,40.68928616474601,0.051811361175056275,0.23825614193423664,16.496831257749374,5.146979465993399,45.54213680824782,0.024929123544096102,0.12830968698667525,16.496831257749374,5.146979465993399,45.54213680824782,0.024929123544088175,0.12830968698663445,24.2525,4.756022211684548,0.0,0.036188738826949056,0.17211444567382073,24.2525,4.756022211684548,0.0,0.03618873882694609,0.17211444567380663,27.145000000000003,5.323254218582704,0.0,0.018853081361139203,0.10035974488896722,27.145000000000003,5.323254218582704,0.0,0.01885308136113344,0.10035974488893654
0.64,15.0036124672,4.6391260343933265,40.50030664946554,0.05171176444931259,0.2398973927412213,15.0036124672,4.6391260343933265,40.50030664946554,0.05171176444931005,0.23989739274120953,16.793034137600003,5.192416295376017,45.33061845169537,0.02488968288578261,0.12923759500287918,16.793034137600003,5.192416295376017,45.33061845169537,0.02488968288577471,0.12923759500283816,24.525000000000006,4.756022211684548,0.0,0.036123100463794244,0.1718022681607178,24.525000000000006,4.756022211684548,0.0,0.036123100463791295,0.1718022681607038,27.450000000000003,5.323254218582704,0.0,0.018818197523773797,0.10017404935455146,27.450000000000003,5.323254218582704,0.0,0.018818197523768065,0.10017404935452096
0.641,15.270573218718535,4.679529840515059,40.30650566910774,0.05160939733015979,0.24150771485748096,15.270573218718535,4.679529840515059,40.30650566910774,0.051609397330157264,0.24150771485746914,17.09183424480423,5.237638904062726,45.11370359294628,0.02484895821828919,0.13014987028954064,17.09183424480423,5.237638904062726,45.11370359294628,0.024848958218281324,0.13014987028949945,24.797500000000003,4.756022211684548,0.0,0.036056645006776245,0.17148620453105257,24.797500000000003,4.756022211684548,0.0,0.0360566450067733,0.17148620453103858,27.755000000000003,5.323254218582704,0.0,0.018782780435736803,0.09998551519124863,27.755000000000003,5.323254218582704,0.0,0.0187827804357311,0.09998551519121826
0.642,15.5398433400873,4.719737453187017,40.10792705517333,0.051504255637892696,0.24308656433268075,15.5398433400873,4.719737453187017,40.10792705517333,0.05150425563789014,0.24308656433266868,17.39321915129037,5.282641920080881,44.89144129111143,0.024806942297985343,0.13104619329236492,17.39321915129037,5.282641920080881,44.89144129111143,0.024806942297977506,0.1310461932923235,25.070000000000004,4.756022211684548,0.0,0.035989373959097876,0.17116626193409096,25.070000000000004,4.756022211684548,0.0,0.035989373959094934,0.17116626193407697,28.060000000000002,5.323254218582704,0.0,0.018746831100641126,0.09979414774154531,28.060000000000002,5.323254218582704,0.0,0.018746831100635464,0.09979414774151517
0.643,15.811411453799108,4.75974411669138,39.90461463916299,0.05139633524501578,0.24463340430196165,15.811411453799108,4.75974411669138,39.90461463916299,0.05139633524501323,0.24463340430194955,17.697176122600837,5.327420020516957,44.6638806053017,0.024763627906176894,0.1319262470879992,17.697176122600837,5.327420020516957,44.6638806053017,0.024763627906169088,0.1319262470879576,25.342500000000005,4.756022211684548,0.0,0.03592128884241036,0.17084244760683998,25.342500000000005,4.756022211684548,0.0,0.035921288842407424,0.17084244760682604,28.365000000000006,5.323254218582704,0.0,0.01871035053718196,0.09959995242821504,28.365000000000006,5.323254218582704,0.0,0.01871035053717632,0.09959995242818502
0.644,16.085265911119876,4.799545119141819,39.696612252577445,0.05128563208527218,0.24614770515697118,16.085265911119876,4.799545119141819,39.696612252577445,0.05128563208526965,0.24614770515695902,18.00369212070298,5.371967931516532,44.43107059462797,0.024719007855264354,0.13278971749738536,18.00369212070298,5.371967931516532,44.43107059462797,0.024719007855256585,0.13278971749734364,25.615000000000002,4.756022211684548,0.0,0.03585239119677894,0.17051476887388417,25.615000000000002,4.756022211684548,0.0,0.035852391196775996,0.17051476887387018,28.670000000000005,5.323254218582704,0.0,0.018673339779107866,0.09940293475416417,28.670000000000005,5.323254218582704,0.0,0.018673339779102262,0.09940293475413434
0.645,16.361394794600006,4.839135792483509,39.48396372691741,0.0511721421627343,0.24762894471774202,16.361394794600006,4.839135792483509,39.48396372691741,0.05117214216273176,0.24762894471772973,18.312753806800004,5.416280428284295,44.193060318201134,0.024673074994952512,0.1336362932007519,18.312753806800004,5.416280428284295,44.193060318201134,0.024673074994944776,0.13363629320071002,25.887500000000006,4.756022211684548,0.0,0.035782682580647984,0.17018323314721956,25.887500000000006,4.756022211684548,0.0,0.035782682580645056,0.17018323314720565,28.975000000000005,5.323254218582704,0.0,0.018635799875191546,0.09920310030227643,28.975000000000005,5.323254218582704,0.0,0.018635799875185967,0.09920310030224673
0.646,16.639785920585734,4.878511512493128,39.26671289368357,0.05105586156095418,0.24907660840537035,16.639785920585734,4.878511512493128,39.26671289368357,0.05105586156095162,0.24907660840535786,18.62434754414183,5.460352335084052,43.94989883513206,0.024625822218508144,0.13446566585419567,18.62434754414183,5.460352335084052,43.94989883513206,0.024625822218500442,0.13446566585415362,26.160000000000004,4.756022211684548,0.0,0.03571216457080582,0.16984784792608643,26.160000000000004,4.756022211684548,0.0,0.035712164570802896,0.16984784792607255,29.280000000000005,5.323254218582704,0.0,0.018597731889200067,0.09900045473525435,29.280000000000005,5.323254218582704,0.0,0.018597731889194523,0.09900045473522483
0.647,16.920426841730507,4.917667698778852,39.04490358437659,0.050936786452169175,0.2504901894154286,16.920426841730507,4.917667698778852,39.04490358437659,0.05093678645216665,0.2504901894154162,18.938459400835978,5.504178525238715,43.70163520453159,0.024577242469062788,0.13527753020780034,18.938459400835978,5.504178525238715,43.70163520453159,0.024577242469055113,0.1352775302077581,26.432500000000008,4.756022211684548,0.0,0.035640838762349,0.16950862079679943,26.432500000000008,4.756022211684548,0.0,0.035640838762346076,0.16950862079678555,29.585000000000004,5.323254218582704,0.0,0.01855913689986475,0.09879500379545895,29.585000000000004,5.323254218582704,0.0,0.01855913689985924,0.09879500379542963
0.648,17.203304849506306,4.956599814780358,38.81857963049724,0.05081491310655818,0.25186918889204624,17.203304849506306,4.956599814780358,38.81857963049724,0.05081491310655564,0.2518691888920337,19.255075152658435,5.547753921130308,43.448318485510676,0.024527328745957293,0.13607158422523669,19.255075152658435,5.547753921130308,43.448318485510676,0.024527328745949657,0.13607158422519433,26.705000000000005,4.756022211684548,0.0,0.035568706768646235,0.16916555943257602,26.705000000000005,4.756022211684548,0.0,0.03556870676864332,0.16916555943256215,29.890000000000004,5.323254218582704,0.0,0.0185200160008506,0.09858675330474714,29.890000000000004,5.323254218582704,0.0,0.018520016000845123,0.09858675330471799
0.649,17.488406976715083,4.995303367768822,38.58778486354622,0.05069023790154323,0.2532131161025817,17.488406976715083,4.995303367768822,38.58778486354622,0.05069023790154069,0.253213116102569,19.574180285864585,5.591073494199966,43.189997737180164,0.024476074111124926,0.13684752920478457,19.574180285864585,5.591073494199966,43.189997737180164,0.024476074111117324,0.13684752920474205,26.977500000000003,4.756022211684548,0.0,0.03549577022130194,0.16881867159336295,26.977500000000003,4.756022211684548,0.0,0.035495770221299024,0.1688186715933491,30.195000000000004,5.323254218582704,0.0,0.01848037030072531,0.09837570916430652,30.195000000000004,5.323254218582704,0.0,0.01848037030071986,0.09837570916427753
0.65,17.77572000000001,5.033773908846926,38.35256311502422,0.050562757331132226,0.25452148861281204,17.77572000000001,5.033773908846926,38.35256311502422,0.050562757331129686,0.2545214886127992,19.89576000000001,5.634132264947935,42.926722018650956,0.02442347169550958,0.13760506990171317,19.89576000000001,5.634132264947935,42.926722018650956,0.02442347169550201,0.1376050699016705,27.250000000000007,4.756022211684548,0.0,0.035422030770119246,0.16846796512566065,27.250000000000007,4.756022211684548,0.0,0.03542203077011634,0.16846796512564682,30.500000000000004,5.323254218582704,0.0,0.01844020092292782,0.0981618773544882,30.500000000000004,5.323254218582704,0.0,0.018440200922922406,0.09816187735445937
0.651,18.06523044235693,5.0720070329488465,38.112958216431885,0.050432468015297424,0.25579383246255627,18.06523044235693,5.0720070329488465,38.112958216431885,0.05043246801529488,0.2557938324625434,20.21979921071143,5.676925302933571,42.658540389033845,0.024369514705515752,0.13834391465195414,20.21979921071143,5.676925302933571,42.658540389033845,0.02436951470550822,0.13834391465191137,27.522500000000004,4.756022211684548,0.0,0.03534749008306278,0.16811344796234587,27.522500000000004,4.756022211684548,0.0,0.035347490083059874,0.16811344796233205,30.805000000000003,5.323254218582704,0.0,0.01839950900573654,0.0979452639346375,30.805000000000003,5.323254218582704,0.0,0.01839950900573116,0.09794526393460885
0.652,18.356924575645706,5.109998378840267,37.869013999269946,0.050299366709384785,0.25702968234164836,18.356924575645706,5.109998378840267,37.869013999269946,0.05029936670938223,0.2570296823416353,20.546282552557578,5.7194477267753445,42.38550190743976,0.024314196429486797,0.13906377549699744,20.546282552557578,5.7194477267753445,42.38550190743976,0.0243141964294793,0.1390637754969546,27.79500000000001,4.756022211684548,0.0,0.035272149846220846,0.16775512812249205,27.79500000000001,4.756022211684548,0.0,0.035272149846217946,0.16775512812247825,31.110000000000007,5.323254218582704,0.0,0.018358295702237043,0.09772587504292207,31.110000000000007,5.323254218582704,0.0,0.018358295702231693,0.0977258750428936
0.653,18.650788423101506,5.147743629118365,37.62077429503917,0.05016345031354906,0.2582285817661678,18.650788423101506,5.147743629118365,37.62077429503917,0.050163450313546507,0.25822858176615465,20.875194381820037,5.7616947041508295,42.10765563297962,0.024257510244207782,0.13976436830993647,20.875194381820037,5.7616947041508295,42.10765563297962,0.024257510244200323,0.1397643683098935,28.067500000000006,4.756022211684548,0.0,0.035196011763767375,0.16739301371118828,28.067500000000006,4.756022211684548,0.0,0.03519601176376448,0.16739301371117452,31.415000000000006,5.323254218582704,0.0,0.01831656218028941,0.09750371689615801,31.415000000000006,5.323254218582704,0.0,0.0183165621802841,0.09750371689612976
0.654,18.946807761846276,5.185238510211822,37.36828293524022,0.05002471588220935,0.2593900832548369,18.946807761846276,5.185238510211822,37.36828293524022,0.05002471588220682,0.25939008325482377,21.206518779314177,5.803661451796718,41.82505062476428,0.024199449621429423,0.14044541292258664,21.206518779314177,5.803661451796718,41.82505062476428,0.024199449621422,0.14044541292254353,28.34000000000001,4.756022211684548,0.0,0.03511907755792329,0.16702711291935549,28.34000000000001,4.756022211684548,0.0,0.035119077557920396,0.16702711291934172,31.720000000000006,5.323254218582704,0.0,0.01827430962249515,0.09727879578963382,31.720000000000006,5.323254218582704,0.0,0.018274309622489875,0.09727879578960573
0.655,19.24496812540001,5.222478792380822,37.11158375137376,0.049883160633520156,0.2605137485054849,19.24496812540001,5.222478792380822,37.11158375137376,0.049883160633517595,0.26051374850547154,21.54023955320001,5.8453432355088095,41.53773594190457,0.02414000813440935,0.14110663325359732,21.54023955320001,5.8453432355088095,41.53773594190457,0.024140008134401966,0.14110663325355416,28.612500000000008,4.756022211684548,0.0,0.0350413489689176,0.16665743402356153,28.612500000000008,4.756022211684548,0.0,0.035041348968914705,0.16665743402354777,32.025000000000006,5.323254218582704,0.0,0.018231539226163662,0.09705111809693177,32.025000000000006,5.323254218582704,0.0,0.018231539226158416,0.09705111809690384
0.656,19.545254806192144,5.259460289717047,36.850720574940546,0.04973878195885225,0.2615991485714781,19.545254806192144,5.259460289717047,36.850720574940546,0.049738781958849704,0.26159914857146466,21.876340241793038,5.8867353701420155,41.24576064351144,0.024079179464467044,0.14174775743747542,21.876340241793038,5.8867353701420155,41.24576064351144,0.0240791794644597,0.14174775743743218,28.88500000000001,4.756022211684548,0.0,0.03496282775494803,0.16628398538583383,28.88500000000001,4.756022211684548,0.0,0.03496282775494515,0.16628398538582012,32.330000000000005,5.323254218582704,0.0,0.018188252203278323,0.0968206902697475,32.330000000000005,5.323254218582704,0.0,0.018188252203273105,0.09682069026971972
0.657,19.8476528580729,5.29617886014368,36.58573723744125,0.04959157743227826,0.26264586403801055,19.8476528580729,5.29617886014368,36.58573723744125,0.049591577432275706,0.262645864037997,22.214804116375177,5.927833219610357,40.9491737886957,0.024016957407548466,0.14236851795443284,22.214804116375177,5.927833219610357,40.9491737886957,0.024016957407541156,0.1423685179543895,29.157500000000006,4.756022211684548,0.0,0.03488351569214125,0.16590677545347027,29.157500000000006,4.756022211684548,0.0,0.03488351569213838,0.1659067754534566,32.635000000000005,5.323254218582704,0.0,0.018144449780462125,0.09658751883770703,32.635000000000005,5.323254218582704,0.0,0.01814444978045695,0.09658751883767948
0.658,20.15214709882471,5.3326304054154114,36.31667757037659,0.04944154482005737,0.2636534851981468,20.15214709882471,5.3326304054154114,36.31667757037659,0.04944154482005482,0.26365348519813314,22.555614184005638,5.968632196886974,40.64802443656829,0.023953335880796643,0.14296865176097084,22.555614184005638,5.968632196886974,40.64802443656829,0.023953335880789378,0.1429686517609275,29.430000000000007,4.756022211684548,0.0,0.034803414574512706,0.16552581275884815,29.430000000000007,4.756022211684548,0.0,0.03480341457450984,0.16552581275883452,32.940000000000005,5.323254218582704,0.0,0.018100133198942967,0.096351610408182,32.940000000000005,5.323254218582704,0.0,0.018100133198937822,0.09635161040815463
0.659,20.458722112673485,5.368810871118413,36.04358540524728,0.049288682090113736,0.26462161222850206,20.458722112673485,5.368810871118413,36.04358540524728,0.04928868209011118,0.26462161222848835,22.89875319033179,6.009127764004095,40.34236164624007,0.02388830892912429,0.14354790042110768,22.89875319033179,6.009127764004095,40.34236164624007,0.02388830892911706,0.14354790042106427,29.70250000000001,4.756022211684548,0.0,0.03472252621392601,0.1651411059192311,29.70250000000001,4.756022211684548,0.0,0.03472252621392315,0.16514110591921746,33.245000000000005,5.323254218582704,0.0,0.01805530371451841,0.09611297166610211,33.245000000000005,5.323254218582704,0.0,0.0180553037145133,0.0961129716660749
0.66,20.76736225280001,5.404716246670383,35.76650457355396,0.04913298742150289,0.26554985536444825,20.76736225280001,5.404716246670383,35.76650457355396,0.04913298742150035,0.26554985536443454,23.244203622400008,6.049315432053089,40.03223447682186,0.02382187073178435,0.1441060102381569,23.244203622400008,6.049315432053089,40.03223447682186,0.02382187073177716,0.1441060102381134,29.975000000000005,4.756022211684548,0.0,0.034640852440051995,0.16475266363657415,29.975000000000005,4.756022211684548,0.0,0.034640852440049136,0.16475266363656055,33.550000000000004,5.323254218582704,0.0,0.01800996259752016,0.0958716093737659,33.550000000000004,5.323254218582704,0.0,0.018009962597515083,0.09587160937373888
0.661,21.07805164385134,5.440342565320499,35.48547890679745,0.04897445921386091,0.26643783507472024,21.07805164385134,5.440342565320499,35.48547890679745,0.04897445921385836,0.26643783507470636,23.59194771146663,6.089190761184412,39.717691987424665,0.023754015608934635,0.1446427323869551,23.59194771146663,6.089190761184412,39.717691987424665,0.023754015608927488,0.14464273238691158,30.24750000000001,4.756022211684548,0.0,0.03455839510032729,0.16436049469732703,30.24750000000001,4.756022211684548,0.0,0.03455839510032443,0.16436049469731343,33.855000000000004,5.323254218582704,0.0,0.017964111132778012,0.09562753037064908,33.855000000000004,5.323254218582704,0.0,0.01796411113277297,0.09562753037062224
0.662,21.390774184452116,5.475685904149457,35.20055223647835,0.048813096096829975,0.2672851822353048,21.390774184452116,5.475685904149457,35.20055223647835,0.04881309609682742,0.2672851822352908,23.941967435808785,6.128749360607649,39.39878323715926,0.023684738028192272,0.14515782304644304,23.941967435808785,6.128749360607649,39.39878323715926,0.023684738028185163,0.1451578230463995,30.52000000000001,4.756022211684548,0.0,0.03447515605991257,0.1639646079722353,30.52000000000001,4.756022211684548,0.0,0.034475156059909716,0.16396460797222176,34.160000000000004,5.323254218582704,0.0,0.017917750619583485,0.09538074157321065,34.160000000000004,5.323254218582704,0.0,0.01791775061957848,0.095380741573184
0.663,21.705513549715914,5.510742384069435,34.91176839409737,0.04864889693945554,0.26809153830248345,21.705513549715914,5.510742384069435,34.91176839409737,0.048648896939452985,0.2680915383024694,24.294244523535244,6.167986888591478,39.075557285136505,0.023614032611174018,0.14565104353249292,24.294244523535244,6.167986888591478,39.075557285136505,0.023614032611166957,0.14565104353244937,30.79250000000001,4.756022211684548,0.0,0.03439113720165035,0.16356501241613983,30.79250000000001,4.756022211684548,0.0,0.034391137201647506,0.1635650124161263,34.465,5.323254218582704,0.0,0.017870882371652984,0.09513124997469703,34.465,5.323254218582704,0.0,0.01787088237164801,0.09513124997467054
0.664,22.022253193756686,5.545508169824129,34.61917121115526,0.04848186085954859,0.26885655548490334,22.022253193756686,5.545508169824129,34.61917121115526,0.048481860859546026,0.2688565554848891,24.64876045539739,6.2068990524637035,38.748063190467356,0.023541894140018203,0.1461221604308798,24.64876045539739,6.2068990524637035,38.748063190467356,0.02354189414001118,0.1461221604308362,31.06500000000001,4.756022211684548,0.0,0.03430634042602238,0.163161717067774,31.06500000000001,4.756022211684548,0.0,0.034306340426019544,0.16316171706776048,34.77,5.323254218582704,0.0,0.017823507717090573,0.09487906264494378,34.77,5.323254218582704,0.0,0.017823507717085636,0.0948790626449175
0.665,22.340976352200013,5.579979469988728,34.3228045191527,0.04831198723300751,0.26957989691453943,22.340976352200013,5.579979469988728,34.3228045191527,0.048311987233004956,0.26957989691452516,25.00549646760001,6.245481608611236,38.41635001226265,0.02346831756388404,0.1465709457302858,25.00549646760001,6.245481608611236,38.41635001226265,0.02346831756387707,0.1465709457302423,31.33750000000001,4.756022211684548,0.0,0.03422076765110669,0.16275473104955945,31.33750000000001,4.756022211684548,0.0,0.03422076765110385,0.16275473104954596,35.07500000000001,5.323254218582704,0.0,0.017775627998350352,0.09462418673017535,35.07500000000001,5.323254218582704,0.0,0.01777562799834545,0.09462418673014925
0.666,22.661666044694538,5.6141525369699155,34.02271214959041,0.04813927570309397,0.2702612368164192,22.661666044694538,5.6141525369699155,34.02271214959041,0.04813927570309141,0.27026123681640485,25.36443355461223,6.283730362480089,38.08046680963331,0.023393298005424234,0.14699717695522915,25.36443355461223,6.283730362480089,38.08046680963331,0.023393298005417302,0.1469971769551856,31.610000000000014,4.756022211684548,0.0,0.034134420812534164,0.1623440635673998,31.610000000000014,4.756022211684548,0.0,0.03413442081253133,0.16234406356738634,35.38000000000001,5.323254218582704,0.0,0.017727244572198413,0.09436662945280255,35.38000000000001,5.323254218582704,0.0,0.017727244572193546,0.09436662945277664
0.667,22.984305077423308,5.648023667005888,33.71893793396908,0.047963726189656386,0.27090026067696943,22.984305077423308,5.648023667005888,33.71893793396908,0.047963726189653826,0.27090026067695494,25.725552471978382,6.321641168575397,37.74046264169016,0.023316830767226415,0.14740063729880395,25.725552471978382,6.321641168575397,37.74046264169016,0.023316830767219528,0.14740063729876043,31.882500000000007,4.756022211684548,0.0,0.03404730186344478,0.16192972391047208,31.882500000000007,4.756022211684548,0.0,0.03404730186344196,0.16192972391045865,35.68500000000001,5.323254218582704,0.0,0.017678358809674367,0.09410639811121779,35.68500000000001,5.323254218582704,0.0,0.017678358809669534,0.09410639811119206
0.668,23.30887604561512,5.681589200166335,33.41152570378938,0.04778533889829578,0.2714966654108456,23.30887604561512,5.681589200166335,33.41152570378938,0.04778533889829323,0.27149666541083106,26.088833739128845,6.359209930461402,37.39638656754408,0.0232389113382193,0.14778111575511624,26.088833739128845,6.359209930461402,37.39638656754408,0.02323891133821246,0.14778111575507274,32.15500000000001,4.756022211684548,0.0,0.033959412774443455,0.16151172145101705,32.15500000000001,4.756022211684548,0.0,0.03395941277444064,0.16151172145100365,35.99000000000001,5.323254218582704,0.0,0.01762897209605254,0.09384350007958847,35.99000000000001,5.323254218582704,0.0,0.017628972096047742,0.09384350007956292
0.669,23.635361336055876,5.7148455203524495,33.10051929055206,0.04760411432946771,0.2720501595261044,23.635361336055876,5.7148455203524495,33.10051929055206,0.047604114329465166,0.27205015952608985,26.45425764219098,6.3964326007614565,37.04828764630597,0.023159535400039104,0.14813840725129915,26.45425764219098,6.3964326007614565,37.04828764630597,0.023159535400032308,0.14813840725125568,32.42750000000001,4.756022211684548,0.0,0.03387075553355542,0.16109006564412687,32.42750000000001,4.756022211684548,0.0,0.03387075553355261,0.16109006564411352,36.29500000000001,5.323254218582704,0.0,0.017579085830802678,0.0935779428076478,36.29500000000001,5.323254218582704,0.0,0.017579085830797918,0.09357794280762247
0.67,23.96374312960001,5.747789055296919,32.78596252575782,0.04742005328751433,0.27256046328757155,23.96374312960001,5.747789055296919,32.78596252575782,0.04742005328751178,0.2725604632875569,26.821804236800016,6.433305181158019,36.69621493708673,0.02307869883335193,0.1484723127789885,26.821804236800016,6.433305181158019,36.69621493708673,0.023078698833345183,0.1484723127789451,32.70000000000002,4.756022211684548,0.0,0.03378133214618126,0.1606647660275313,32.70000000000002,4.756022211684548,0.0,0.033781332146178455,0.16066476602751797,36.600000000000016,5.323254218582704,0.0,0.017528701427550315,0.09330973382048388,36.600000000000016,5.323254218582704,0.0,0.017528701427545593,0.09330973382045875
0.671,24.29400340368174,5.780416276563945,32.46789924090732,0.047233156889620986,0.2730273088782636,24.29400340368174,5.780416276563945,32.46789924090732,0.04723315688961843,0.27302730887824883,27.191453350909836,6.469823722392672,36.340217498997184,0.022996397724127766,0.14878263952513868,27.191453350909836,6.469823722392672,36.340217498997184,0.022996397724121067,0.14878263952509532,32.97250000000001,4.756022211684548,0.0,0.0336911446350516,0.1602358322213821,32.97250000000001,4.756022211684548,0.0,0.0336911446350488,0.16023583222136878,36.905000000000015,5.323254218582704,0.0,0.017477820314036704,0.09303888071832637,36.905000000000015,5.323254218582704,0.0,0.017477820314032014,0.09303888071830141
0.672,24.62612393482651,5.812723699549216,32.1463732675013,0.047043426574691176,0.2734504405587108,24.62612393482651,5.812723699549216,32.1463732675013,0.04704342657468863,0.273450440558696,27.56318458760398,6.505984324266095,35.98034439114825,0.022912628369861698,0.1490692010020548,27.56318458760398,6.505984324266095,35.98034439114825,0.02291262836985504,0.1490692010020115,33.24500000000001,4.756022211684548,0.0,0.0336001950401813,0.15980327392803526,33.24500000000001,4.756022211684548,0.0,0.033600195040178506,0.15980327392802196,37.210000000000015,5.323254218582704,0.0,0.017426443932078352,0.09276539117633105,37.210000000000015,5.323254218582704,0.0,0.0174264439320737,0.09276539117630629
0.673,24.960086301162317,5.844707883479929,31.821428437040478,0.046850864112133954,0.27382961482403617,24.960086301162317,5.844707883479929,31.821428437040478,0.0468508641121314,0.2738296148240213,27.936977327906447,6.541783135638085,35.61664467265081,0.022827387285737945,0.14933181717651972,27.936977327906447,6.541783135638085,35.61664467265081,0.02282738728573134,0.14933181717647653,33.51750000000001,4.756022211684548,0.0,0.03350848541882334,0.15936710093183162,33.51750000000001,4.756022211684548,0.0,0.033508485418820545,0.1593671009318183,37.515000000000015,5.323254218582704,0.0,0.017374573737526183,0.09248927294436252,37.515000000000015,5.323254218582704,0.0,0.017374573737521565,0.09248927294433794
0.674,25.295871884931085,5.876365431414779,31.49310858102553,0.046655471610557935,0.2741646005586363,25.295871884931085,5.876365431414779,31.49310858102553,0.046655471610555374,0.27416460055862124,28.31281073359259,6.577216354427551,35.24916740261573,0.02274067121073232,0.14957031459788842,28.31281073359259,6.577216354427551,35.24916740261573,0.02274067121072576,0.14957031459784526,33.79000000000001,4.756022211684548,0.0,0.03341601784542225,0.15892732309887547,33.79000000000001,4.756022211684548,0.0,0.03341601784541946,0.1589273230988622,37.820000000000014,5.323254218582704,0.0,0.017322211200224265,0.09221053384677438,37.820000000000014,5.323254218582704,0.0,0.017322211200219685,0.09221053384675001
0.675,25.633461875000016,5.907692990243963,31.161457530957158,0.04645725152636596,0.27445517918831286,25.633461875000016,5.907692990243963,31.161457530957158,0.046457251526363416,0.2744551791882978,28.690663750000013,6.6122802276125086,34.87796164015388,0.02265247711364873,0.14978452652502436,28.690663750000013,6.6122802276125086,34.87796164015388,0.022652477113642225,0.14978452652498134,34.062500000000014,4.756022211684548,0.0,0.033322794411567255,0.1584839503768116,34.062500000000014,4.756022211684548,0.0,0.03332279441156447,0.15848395037679835,38.125000000000014,5.323254218582704,0.0,0.017269357803968183,0.09192918178218777,38.125000000000014,5.323254218582704,0.0,0.017269357803963638,0.09192918178216358
0.676,25.97283726937295,5.938687250689177,30.826519118336044,0.04625620667224453,0.27470114482970226,25.97283726937295,5.938687250689177,30.826519118336044,0.04625620667224198,0.27470114482968705,29.070515108839444,6.646971051230087,34.50307644437612,0.02256280219908529,0.14997429305195045,29.070515108839444,6.646971051230087,34.50307644437612,0.02256280219907883,0.14997429305190751,34.335000000000015,4.756022211684548,0.0,0.033228817225944875,0.15803699279459996,34.335000000000015,4.756022211684548,0.0,0.0332288172259421,0.15803699279458674,38.430000000000014,5.323254218582704,0.0,0.017216015046462953,0.09164522472326722,38.430000000000014,5.323254218582704,0.0,0.017216015046458442,0.09164522472324321
0.677,26.31397887770171,5.969344947303619,30.48833717466295,0.04605234022554196,0.2749023044368461,26.31397887770171,5.969344947303619,30.48833717466295,0.046052340225539404,0.27490230443683084,29.452343331005583,6.681285170376527,34.12456087439339,0.02247164391332563,0.15013946123208446,29.452343331005583,6.681285170376527,34.12456087439339,0.02247164391331922,0.15013946123204164,34.60750000000001,4.756022211684548,0.0,0.033134088414291295,0.15758646046228902,34.60750000000001,4.756022211684548,0.0,0.033134088414288526,0.15758646046227587,38.735000000000014,5.323254218582704,0.0,0.017162184439280623,0.09135867071649502,38.735000000000014,5.323254218582704,0.0,0.017162184439276147,0.09135867071647119
0.678,26.65686732379752,5.999662858471983,30.14695553143854,0.04584565573652961,0.2750584779447497,26.65686732379752,5.999662858471983,30.14695553143854,0.04584565573652707,0.2750584779447345,29.83612672938805,6.715218979207173,33.742463989316526,0.022378999950151076,0.15027988520093088,29.83612672938805,6.715218979207173,33.742463989316526,0.02237899995014472,0.1502798852008882,34.88000000000001,4.756022211684548,0.0,0.03303861011934425,0.15713236357078714,34.88000000000001,4.756022211684548,0.0,0.033038610119341484,0.15713236357077398,39.04000000000001,5.323254218582704,0.0,0.01710786750781741,0.091069527881943,39.04000000000001,5.323254218582704,0.0,0.017107867507812978,0.09106952788191941
0.679,27.001483048142287,6.029637806410478,29.802418020163486,0.04563615713654029,0.2751694984097727,27.001483048142287,6.029637806410478,29.802418020163486,0.04563615713653775,0.27516949840975735,30.221843411682187,6.748768920936498,33.356834848256376,0.022284868256569248,0.15039542629709884,30.221843411682187,6.748768920936498,33.356834848256376,0.02228486825656294,0.1503954262970563,35.15250000000002,4.756022211684548,0.0,0.03294238450079459,0.15667471239163186,35.15250000000002,4.756022211684548,0.0,0.03294238450079183,0.15667471239161873,39.34500000000001,5.323254218582704,0.0,0.017053065791250495,0.0907778044130426,39.34500000000001,5.323254218582704,0.0,0.017053065791246103,0.09077780441301922
0.68,27.347806310400014,6.059266657166796,29.45476847233855,0.04542384874597789,0.2752352121466916,27.347806310400014,6.059266657166796,29.45476847233855,0.045423848745975354,0.27523521214667623,30.609471283200012,6.781931487838064,32.96772251032388,0.02218924703845476,0.15048595318151384,30.609471283200012,6.781931487838064,32.96772251032388,0.0221892470384485,0.1504859531814714,35.42500000000002,4.756022211684548,0.0,0.032845413735237375,0.1562135172767577,35.42500000000002,4.756022211684548,0.0,0.03284541373523461,0.15621351727674454,39.65000000000001,5.323254218582704,0.0,0.01699778084249441,0.09048350857635265,39.65000000000001,5.323254218582704,0.0,0.016997780842490054,0.09048350857632945
0.681,27.695817191928153,6.088546320620138,29.10405071946442,0.045208735282192596,0.2752554788622835,27.695817191928153,6.088546320620138,29.10405071946442,0.045208735282190056,0.2752554788622681,30.998988049681046,6.8147032212445575,32.5751760346299,0.022092134766097622,0.15055134195469436,30.998988049681046,6.8147032212445575,32.5751760346299,0.02209213476609142,0.15055134195465208,35.69750000000001,4.756022211684548,0.0,0.03274770001612267,0.15574878865826183,35.69750000000001,4.756022211684548,0.0,0.03274770001611992,0.1557487886582488,39.95500000000001,5.323254218582704,0.0,0.016942014228157,0.09018664871132494,39.95500000000001,5.323254218582704,0.0,0.01694201422815267,0.09018664871130189
0.682,28.045495598288916,6.11747375048121,28.750308593041794,0.04499082186721598,0.27523017178526976,28.045495598288916,6.11747375048121,28.750308593041794,0.04499082186721344,0.2752301717852542,31.390371220103187,6.847080711547775,32.179244480285305,0.02199353017965515,0.15059147627196065,31.390371220103187,6.847080711547775,32.179244480285305,0.021993530179648998,0.15059147627191855,35.97000000000001,4.756022211684548,0.0,0.032649245553705956,0.1552805370481685,35.97000000000001,4.756022211684548,0.0,0.032649245553703216,0.15528053704815545,40.26000000000001,5.323254218582704,0.0,0.016885767528495056,0.08988723323006816,40.26000000000001,5.323254218582704,0.0,0.016885767528490768,0.08988723323004533
0.683,28.39682126176073,6.146045944292206,28.39358592457139,0.04477011403535014,0.2751591777924633,28.39682126176073,6.146045944292206,28.39358592457139,0.04477011403534759,0.27515917779244764,31.78359810949366,6.879060598198615,31.779976906401004,0.021893432294502895,0.15060624745644396,31.78359810949366,6.879060598198615,31.779976906401004,0.021893432294496803,0.15060624745640205,36.242500000000014,4.756022211684548,0.0,0.03255005257499809,0.1548087730381907,36.242500000000014,4.756022211684548,0.0,0.03255005257499535,0.15480877303817772,40.56500000000001,5.323254218582704,0.0,0.016829042337369544,0.08958527061710936,40.56500000000001,5.323254218582704,0.0,0.016829042337365294,0.08958527061708674
0.684,28.749773743849488,6.1742599434268355,28.03392654555384,0.04454661774060546,0.27504239753096754,28.749773743849488,6.1742599434268355,28.03392654555384,0.04454661774060293,0.2750423975309519,32.178645841739794,6.9106395697071,31.377422372087782,0.02179184040648055,0.15059555460976654,32.178645841739794,6.9106395697071,31.377422372087782,0.02179184040647451,0.1505955546097248,36.515000000000015,4.756022211684548,0.0,0.03245012332371495,0.1543335072994911,36.515000000000015,4.756022211684548,0.0,0.03245012332371222,0.15433350729947812,40.87000000000001,5.323254218582704,0.0,0.016771840262200424,0.08928076942915365,40.87000000000001,5.323254218582704,0.0,0.01677184026219621,0.08928076942913121
0.685,29.10433243780002,6.202112833090297,27.671374287489943,0.0443203393639813,0.27487974553626543,29.10433243780002,6.202112833090297,27.671374287489943,0.044320339363978764,0.2748797455362497,32.57549135240002,6.941814363642351,30.97162993645663,0.021688754097028466,0.15055930472025908,32.57549135240002,6.941814363642351,30.97162993645663,0.02168875409702248,0.15055930472021756,36.787500000000016,4.756022211684548,0.0,0.03234946006022668,0.15385475058244025,36.787500000000016,4.756022211684548,0.0,0.03234946006022396,0.1538547505824273,41.17500000000002,5.323254218582704,0.0,0.016714162923921097,0.0889737382948416,41.17500000000002,5.323254218582704,0.0,0.016714162923916923,0.08897373829481939
0.686,29.460476571107343,6.2296017423193,27.305972981880334,0.04409128572058399,0.2746711503460481,29.460476571107343,6.2296017423193,27.305972981880334,0.04409128572058145,0.2746711503460323,32.97411139151464,6.972581766632611,30.562648658618354,0.021584173238210647,0.1504974127685871,32.97411139151464,6.972581766632611,30.562648658618354,0.02158417323820471,0.15049741276854572,37.06000000000002,4.756022211684548,0.0,0.03224806506150657,0.15337251371637367,37.06000000000002,4.756022211684548,0.0,0.032248065061503864,0.1533725137163608,41.48000000000002,5.323254218582704,0.0,0.01665601195693249,0.08866418591450484,41.48000000000002,5.323254218582704,0.0,0.01665601195692835,0.0886641859144828
0.687,29.818185208028126,6.256723843982045,26.937766460225724,0.043859464066576995,0.274416554609626,29.818185208028126,6.256723843982045,26.937766460225724,0.043859464066574455,0.2744165546096101,33.3744825264168,7.002938614365224,30.150527597683837,0.021478097997620106,0.15040980183065425,33.3744825264168,7.002938614365224,30.150527597683837,0.02147809799761423,0.1504098018306131,37.33250000000001,4.756022211684548,0.0,0.03214594062107956,0.15288680760934695,37.33250000000001,4.756022211684548,0.0,0.032145940621076854,0.1528868076093341,41.78500000000002,5.323254218582704,0.0,0.01659738900905672,0.08835212105991941,41.78500000000002,5.323254218582704,0.0,0.01659738900905262,0.08835212105989756
0.6880000000000001,30.17743725209192,6.2834763547782355,26.566798554026875,0.043624882105957705,0.2741159151927734,30.17743725209192,6.2834763547782355,26.566798554026875,0.04362488210595518,0.2741159151927575,33.77658114454325,7.032881791586648,29.735315812764025,0.021370528843162543,0.15029640317765514,33.77658114454325,7.032881791586648,29.735315812764025,0.02137052884315672,0.1502964031776142,37.60500000000001,4.756022211684548,0.0,0.032043089048970304,0.15239764324788865,37.60500000000001,4.756022211684548,0.0,0.032043089048967605,0.15239764324787583,42.09000000000002,5.323254218582704,0.0,0.016538295741490423,0.08803755257405727,42.09000000000002,5.323254218582704,0.0,0.01653829574148636,0.08803755257403564
0.6890000000000001,30.538211448612685,6.309856535239085,26.193113094784422,0.04338754799715546,0.27376920327785087,30.538211448612685,6.309856535239085,26.193113094784422,0.04338754799715293,0.2737692032778349,34.18038345624539,7.062408232102462,29.31706236296972,0.021261466547714162,0.1501571563731476,34.18038345624539,7.062408232102462,29.31706236296972,0.021261466547708396,0.1501571563731069,37.87750000000002,4.756022211684548,0.0,0.031939512671651,0.15190503169675224,37.87750000000002,4.756022211684548,0.0,0.03193951267164831,0.15190503169673944,42.39500000000002,5.323254218582704,0.0,0.016478733828757662,0.08772048937083575,42.39500000000002,5.323254218582704,0.0,0.016478733828753634,0.0877204893708143
0.6900000000000001,30.900486387200026,6.33586168972729,25.816753913999136,0.04314747035944589,0.273376404459057,30.900486387200026,6.33586168972729,25.816753913999136,0.043147470359443364,0.273376404459041,34.585865497600025,7.0915149187773325,28.895816307411877,0.021150912193649878,0.1499920093670175,34.585865497600025,7.0915149187773325,28.895816307411877,0.021150912193644174,0.14999200936697707,38.15000000000002,4.756022211684548,0.0,0.03183521383198871,0.15140898409866543,38.15000000000002,4.756022211684548,0.0,0.03183521383198602,0.15140898409865267,42.70000000000002,5.323254218582704,0.0,0.016418704958662482,0.08740094043486482,42.70000000000002,5.323254218582704,0.0,0.0164187049586585,0.08740094043484362
0.6910000000000001,31.264240504270546,6.361489166437067,25.437764843171657,0.04290465827917622,0.272937518832664,31.264240504270546,6.361489166437067,25.437764843171657,0.04290465827917369,0.27293751883264783,34.99300313322025,7.120198883535066,28.471626705201302,0.02103886717723788,0.1498009185862117,34.99300313322025,7.120198883535066,28.471626705201302,0.02103886717723223,0.14980091858617148,38.422500000000014,4.756022211684548,0.0,0.03173019488919238,0.15090951167407848,38.422500000000014,4.756022211684548,0.0,0.031730194889189704,0.15090951167406574,43.00500000000002,5.323254218582704,0.0,0.016358210832241094,0.08707891482119269,43.00500000000002,5.323254218582704,0.0,0.016358210832237145,0.08707891482117168
0.6920000000000001,31.629452085559326,6.38673635739412,25.056189713802663,0.04265912131579666,0.272452561082085,31.629452085559326,6.38673635739412,25.056189713802663,0.042659121315794135,0.2724525610820689,35.4017720590664,7.148457207358555,28.04454261544885,0.020925333212896698,0.14958384902211075,35.4017720590664,7.148457207358555,28.04454261544885,0.0209253332128911,0.14958384902207073,38.695000000000014,4.756022211684548,0.0,0.03162445821875948,0.15040662572091001,38.695000000000014,4.756022211684548,0.0,0.031624458218756805,0.15040662572089733,43.31000000000002,5.323254218582704,0.0,0.01629725316371365,0.08675442165504901,43.31000000000002,5.323254218582704,0.0,0.016297253163709745,0.08675442165502822
0.6930000000000001,31.996099268631127,6.411600698455663,24.672072357392928,0.04241086950769303,0.2719215605576366,31.996099268631127,6.411600698455663,24.672072357392928,0.042410869507690505,0.2719215605576204,35.812147805256856,7.176287020289824,27.614613097265476,0.020810312337311142,0.14934077431442314,35.812147805256856,7.176287020289824,27.614613097265476,0.020810312337305608,0.14934077431438345,38.967500000000015,4.756022211684548,0.0,0.031518006212422255,0.1499003376142918,38.967500000000015,4.756022211684548,0.0,0.03151800621241959,0.14990033761427915,43.615000000000016,5.323254218582704,0.0,0.016235833680435695,0.08642747013158647,43.615000000000016,5.323254218582704,0.0,0.016235833680431824,0.08642747013156586
0.6940000000000001,32.36416004539189,6.436079669310393,24.28545660544315,0.04215991337781551,0.27134456135084567,32.36416004539189,6.436079669310393,24.28545660544315,0.042159913377812996,0.2713445613508295,36.224105738879,7.203685501429981,27.181887209762056,0.02069380691340332,0.14907167683147501,36.224105738879,7.203685501429981,27.181887209762056,0.020693806913397846,0.14907167683143557,39.240000000000016,4.756022211684548,0.0,0.031410841278093654,0.14939065880631128,39.240000000000016,4.756022211684548,0.0,0.031410841278091,0.14939065880629868,43.920000000000016,5.323254218582704,0.0,0.016173954122849186,0.08609806951562006,43.920000000000016,5.323254218582704,0.0,0.01617395412284536,0.08609806951559969
0.6950000000000001,32.733612264600026,6.460170793478532,23.896386289453968,0.04190626393909928,0.27072162236317177,32.733612264600026,6.460170793478532,23.896386289453968,0.04190626393909676,0.2707216223631555,36.63762106680002,7.230649878939275,26.746414012049392,0.020575819634155126,0.14877654774678012,36.63762106680002,7.230649878939275,26.746414012049392,0.020575819634149714,0.14877654774674098,39.51250000000002,4.756022211684548,0.0,0.03130296583981284,0.14887760082575252,39.51250000000002,4.756022211684548,0.0,0.03130296583981019,0.1488776008257399,44.225000000000016,5.323254218582704,0.0,0.01611161624443321,0.08576622914136471,44.225000000000016,5.323254218582704,0.0,0.016111616244429416,0.08576622914134452
0.6960000000000001,33.104433634377756,6.483871638311789,23.504905240926156,0.04164993269967208,0.27005281736899855,33.104433634377756,6.483871638311789,23.504905240926156,0.04164993269966956,0.27005281736898223,37.05266883847785,7.257177430037047,26.30824256323845,0.020456353526278826,0.14845538711176945,37.05266883847785,7.257177430037047,26.30824256323845,0.020456353526273473,0.14845538711173062,39.78500000000002,4.756022211684548,0.0,0.031194382337690358,0.1483611752778355,39.78500000000002,4.756022211684548,0.0,0.031194382337687718,0.14836117527782294,44.530000000000015,5.323254218582704,0.0,0.016048821811654262,0.08543195841217067,44.530000000000015,5.323254218582704,0.0,0.01604882181165051,0.08543195841215069
0.6970000000000001,33.47660172472253,6.507179814993374,23.111057291360392,0.04139093166784451,0.26933823507276783,33.47660172472253,6.507179814993374,23.111057291360392,0.041390931667841996,0.26933823507275145,37.469223948772,7.283265481001758,25.867421922440073,0.02033541195373212,0.14810820392456764,37.469223948772,7.283265481001758,25.867421922440073,0.02033541195372682,0.14810820392452906,40.05750000000001,4.756022211684548,0.0,0.03108509322785297,0.14784139384395364,40.05750000000001,4.756022211684548,0.0,0.031085093227850337,0.14784139384394113,44.835000000000015,5.323254218582704,0.0,0.01598557260391621,0.08509526680025706,44.835000000000015,5.323254218582704,0.0,0.015985572603912493,0.08509526680023728
0.6980000000000001,33.850093970018335,6.530092978537996,22.7148862722574,0.04112927335687853,0.2685779791601223,33.850093970018335,6.530092978537996,22.7148862722574,0.041129273356876016,0.26857797916010595,37.88726114075446,7.308911407170967,25.424001148765157,0.020212998621074493,0.1477350161947024,37.88726114075446,7.308911407170967,25.424001148765157,0.020212998621069265,0.14773501619466417,40.33000000000002,4.756022211684548,0.0,0.030975100982388044,0.1473182682814094,40.33000000000002,4.756022211684548,0.0,0.030975100982385418,0.1473182682813969,45.140000000000015,5.323254218582704,0.0,0.015921870413509863,0.08475616384644352,45.140000000000015,5.323254218582704,0.0,0.01592187041350619,0.08475616384642397
0.6990000000000001,34.22488767154709,6.552608827791876,22.316436015117798,0.04086497078953011,0.26777216834293216,34.22488767154709,6.552608827791876,22.316436015117798,0.04086497078952761,0.2677721683429158,38.3067550085206,7.334112632941365,24.978029301324508,0.020089117576661604,0.1473358510036383,38.3067550085206,7.334112632941365,24.978029301324508,0.020089117576656434,0.1473358510036004,40.60250000000002,4.756022211684548,0.0,0.030864408089287695,0.1467918104231485,40.60250000000002,4.756022211684548,0.0,0.030864408089285075,0.14679181042313605,45.445000000000014,5.323254218582704,0.0,0.015857717045562197,0.08441465915987982,45.445000000000014,5.323254218582704,0.0,0.015857717045558557,0.08441465915986045
0.7000000000000001,34.60096000000003,6.57472510543272,21.915750351442348,0.04059803750236204,0.2669209363980788,34.60096000000003,6.57472510543272,21.915750351442348,0.04059803750235953,0.2669209363980623,38.727680000000035,7.358866631768732,24.52955543922905,0.01996377321567449,0.14691074456102537,38.727680000000035,7.358866631768732,24.52955543922905,0.01996377321566938,0.14691074456098777,40.87500000000002,4.756022211684548,0.0,0.030753017052392466,0.14626203217749223,40.87500000000002,4.756022211684548,0.0,0.030753017052389857,0.14626203217747982,45.750000000000014,5.323254218582704,0.0,0.01579311431798517,0.08407076241777346,45.750000000000014,5.323254218582704,0.0,0.015793114317981572,0.08407076241775431
0.7010000000000001,34.97828799798895,6.596439597969747,21.512873112731807,0.04032848754982271,0.2660244321998805,34.97828799798895,6.596439597969747,21.512873112731807,0.04032848754982021,0.266024432199864,39.150010419767455,7.383170926167973,24.078628621589726,0.019836970282980697,0.14645974225656117,39.150010419767455,7.383170926167973,24.078628621589726,0.019836970282975652,0.14645974225652392,41.147500000000015,4.756022211684548,0.0,0.03064093039133471,0.145728945527868,41.147500000000015,4.756022211684548,0.0,0.03064093039133211,0.14572894552785562,46.055000000000014,5.323254218582704,0.0,0.01572806406142425,0.08372448336511566,46.055000000000014,5.323254218582704,0.0,0.01572806406142069,0.08372448336509672
0.7020000000000001,35.35684858255772,6.617750135743671,21.107848130486804,0.04005633550808733,0.265082819746039,35.35684858255772,6.617750135743671,21.107848130486804,0.04005633550808483,0.26508281974602244,39.573720431853594,7.4070230877131,23.625297907517336,0.019708713875824294,0.14598289870736209,39.573720431853594,7.4070230877131,23.625297907517336,0.019708713875819312,0.14598289870732517,41.420000000000016,4.756022211684548,0.0,0.030528150641481608,0.1451925625325384,41.420000000000016,4.756022211684548,0.0,0.030528150641479013,0.14519256253252608,46.360000000000014,5.323254218582704,0.0,0.01566256811920651,0.08337583181440503,46.360000000000014,5.323254218582704,0.0,0.01566256811920299,0.08337583181438629
0.7030000000000001,35.73661854769353,6.63865459292671,20.70071923620802,0.03978159647865784,0.2640962781769989,35.73661854769353,6.63865459292671,20.70071923620802,0.039781596478655354,0.2640962781769824,39.99878406255606,7.4304207370372355,23.169612356122737,0.019579009446342055,0.14548027780074793,39.99878406255606,7.4304207370372355,23.169612356122737,0.019579009446337135,0.14548027780071138,41.692500000000024,4.756022211684548,0.0,0.030414680353877774,0.14465289532432835,41.692500000000024,4.756022211684548,0.0,0.030414680353875186,0.14465289532431602,46.66500000000002,5.323254218582704,0.0,0.015596628347288408,0.0830248176453696,46.66500000000002,5.323254218582704,0.0,0.015596628347284928,0.08302481764535108
0.7040000000000001,36.1175745668383,6.6591508875225776,20.29153026139627,0.03950428609171836,0.26306500178861214,36.1175745668383,6.6591508875225776,20.29153026139627,0.03950428609171588,0.2630650017885956,40.4251752032502,7.453361543832609,22.711621026516926,0.01944786280390315,0.14495195273234435,40.4251752032502,7.453361543832609,22.711621026516926,0.01944786280389829,0.14495195273230815,41.96500000000002,4.756022211684548,0.0,0.030300522095187604,0.14410995611035066,41.96500000000002,4.756022211684548,0.0,0.030300522095185023,0.1441099561103384,46.97000000000002,5.323254218582704,0.0,0.015530246614203184,0.08267145080468687,46.97000000000002,5.323254218582704,0.0,0.015530246614199744,0.08267145080466855
0.7050000000000001,36.49969319540002,6.679236981366494,19.880325037552158,0.039224420509242165,0.26198920003800064,36.49969319540002,6.679236981366494,19.880325037552158,0.03922442050923969,0.2619892000379841,40.85286761320002,7.475843226850571,22.25137297781067,0.019315280117269622,0.1443980060394116,40.85286761320002,7.475843226850571,22.25137297781067,0.019315280117264823,0.14439800603937572,42.23750000000002,4.756022211684548,0.0,0.030185678447637195,0.14356375717173003,42.23750000000002,4.756022211684548,0.0,0.030185678447634617,0.1435637571717178,47.27500000000002,5.323254218582704,0.0,0.015463424801007927,0.08231574130570186,47.27500000000002,5.323254218582704,0.0,0.015463424801004521,0.08231574130568373
0.7060000000000001,36.88295087326417,6.698910880125171,19.467147396176436,0.03894201642784786,0.26086909754252313,36.88295087326417,6.698910880125171,19.467147396176436,0.03894201642784538,0.26086909754250653,41.281834922369065,7.497863553901567,21.78891726911491,0.019181267916575425,0.14381852962931232,41.281834922369065,7.497863553901567,21.78891726911491,0.019181267916570703,0.1438185296292769,42.51000000000002,4.756022211684548,0.0,0.030070152008955936,0.14301431086332517,42.51000000000002,4.756022211684548,0.0,0.03007015200895337,0.14301431086331295,47.58000000000002,5.323254218582704,0.0,0.015396164801230246,0.08195769922814344,47.58000000000002,5.323254218582704,0.0,0.015396164801226884,0.08195769922812556
0.7070000000000001,37.26732392730493,6.718170633296836,19.052041168769737,0.03865709108140126,0.259704934071751,37.26732392730493,6.718170633296836,19.052041168769737,0.03865709108139879,0.2597049340717344,41.712050634231204,7.519420341855174,21.32430295954044,0.01904583309512163,0.14321362480303607,41.712050634231204,7.519420341855174,21.32430295954044,0.019045833095116968,0.143213624803001,42.78250000000002,4.756022211684548,0.0,0.029953945392317737,0.1424616296134492,42.78250000000002,4.756022211684548,0.0,0.029953945392315176,0.142461629613437,47.88500000000002,5.323254218582704,0.0,0.01532846852081465,0.08159733471783877,47.88500000000002,5.323254218582704,0.0,0.015328468520811326,0.08159733471782107
0.7080000000000001,37.652788573896736,6.737014334211198,18.63505018683283,0.03836966224336033,0.2584969645323607,37.652788573896736,6.737014334211198,18.63505018683283,0.038369662243357874,0.25849696453234416,42.143488128581666,7.540511456640056,20.857579108198216,0.01890898291098547,0.14258340227369695,42.143488128581666,7.540511456640056,20.857579108198216,0.018908982910980872,0.1425834022736623,43.05500000000002,4.756022211684548,0.0,0.029837061226281963,0.1419057259235888,43.05500000000002,4.756022211684548,0.0,0.02983706122627941,0.14190572592357667,48.19000000000002,5.323254218582704,0.0,0.015260337878068499,0.08123465798642557,48.19000000000002,5.323254218582704,0.0,0.01526033787806522,0.08123465798640812
0.7090000000000001,38.039320921425485,6.755440120029492,18.216218281866414,0.03807974822886057,0.2572454589458667,38.039320921425485,6.755440120029492,18.216218281866414,0.03807974822885811,0.25724545894585005,42.57612066434778,7.561134813244019,20.388794774199106,0.018770724988441463,0.1419279821799342,42.57612066434778,7.561134813244019,20.388794774199106,0.018770724988436932,0.1419279821798999,43.32750000000002,4.756022211684548,0.0,0.0297195021547339,0.1413466123681212,43.32750000000002,4.756022211684548,0.0,0.02971950215473136,0.14134661236810914,48.49500000000002,5.323254218582704,0.0,0.015191774803607689,0.08086967931106306,48.49500000000002,5.323254218582704,0.0,0.015191774803604447,0.0808696793110458
0.7100000000000001,38.42689697280004,6.7734461717444265,17.795589285371193,0.037787367896538235,0.25595070241910517,38.42689697280004,6.7734461717444265,17.795589285371193,0.03778736789653577,0.25595070241908846,43.00992138240004,7.581288375713944,19.917999016653997,0.018631067319192493,0.141247494094138,43.00992138240004,7.581288375713944,19.917999016653997,0.018631067319188024,0.14124749409410411,43.60000000000002,4.756022211684548,0.0,0.029601270836825053,0.14078430159403,43.60000000000002,4.756022211684548,0.0,0.029601270836822513,0.14078430159401792,48.80000000000002,5.323254218582704,0.0,0.015122781240301895,0.08050240903414044,48.80000000000002,5.323254218582704,0.0,0.015122781240298692,0.0805024090341234
0.7110000000000001,38.81549262796335,6.791030714180226,17.37320702884782,0.03749254065008942,0.2546129951074079,38.81549262796335,6.791030714180226,17.37320702884782,0.03749254065008696,0.2546129951073912,43.44486330836264,7.6009701571558494,19.445240894673706,0.018490018263409166,0.1405420770254397,43.44486330836264,7.6009701571558494,19.445240894673706,0.018490018263404767,0.14054207702540625,43.87250000000002,4.756022211684548,0.0,0.02948236994691289,0.1402188063206187,43.87250000000002,4.756022211684548,0.0,0.029482369946910367,0.14021880632060668,49.10500000000002,5.323254218582704,0.0,0.015053359143219553,0.08013285756298401,49.10500000000002,5.323254218582704,0.0,0.015053359143216392,0.08013285756296719
0.7120000000000001,39.20508368640413,6.8081920159926135,16.949115343797054,0.0371952864395626,0.25323265217038843,39.20508368640413,6.8081920159926135,16.949115343797054,0.03719528643956016,0.25323265217037183,43.8809193554248,7.620178219734852,18.970569467369177,0.018347586550575813,0.13981187941739792,43.8809193554248,7.620178219734852,18.970569467369177,0.018347586550571487,0.13981187941736495,44.145000000000024,4.756022211684548,0.0,0.029362802174500435,0.1396501393392234,44.145000000000024,4.756022211684548,0.0,0.029362802174497916,0.13965013933921144,49.41000000000002,5.323254218582704,0.0,0.014983510479572443,0.07976103536956217,49.41000000000002,5.323254218582704,0.0,0.014983510479569324,0.07976103536954555
0.7130000000000001,39.595645849667925,6.8249283896688135,16.523358061719605,0.03689562576238301,0.2518100037202839,39.595645849667925,6.8249283896688135,16.523358061719605,0.03689562576238057,0.25181000372026724,44.31806232715125,7.638910674675185,18.4940337938513,0.018203781280141634,0.13905705914032623,44.31806232715125,7.638910674675185,18.4940337938513,0.01820378128013737,0.13905705914029368,44.417500000000025,4.756022211684548,0.0,0.029242570224175375,0.13907831351292327,44.417500000000025,4.756022211684548,0.0,0.029242570224172874,0.1390783135129114,49.71500000000002,5.323254218582704,0.0,0.014913237228659958,0.07938695299018876,49.71500000000002,5.323254218582704,0.0,0.014913237228656877,0.07938695299017236
0.7140000000000001,39.98715472386871,6.841238191527539,16.09597901411615,0.036593579664106764,0.2503453947627927,39.98715472386871,6.841238191527539,16.09597901411615,0.03659357966410433,0.250345394762776,44.75626492029342,7.657165682260181,18.01568293323092,0.018058611921975685,0.1382777834782068,44.75626492029342,7.657165682260181,18.01568293323092,0.01805861192197149,0.13827778347817465,44.69000000000002,4.756022211684548,0.0,0.02912167681554894,0.13850334177624968,44.69000000000002,4.756022211684548,0.0,0.029121676815546428,0.13850334177623774,50.020000000000024,5.323254218582704,0.0,0.014842541381812992,0.07901062102522437,50.020000000000024,5.323254218582704,0.0,0.014842541381809952,0.07901062102520819
0.7150000000000001,40.379585822200035,6.8571198217190314,15.66702203248737,0.036289169738903726,0.24883918513036318,40.379585822200035,6.8571198217190314,15.66702203248737,0.03628916973890129,0.24883918513034647,45.19549972760003,7.67494145183231,17.53556594461889,0.017912088316624542,0.13747422911014293,45.19549972760003,7.67494145183231,17.53556594461889,0.017912088316620417,0.13747422911011126,44.96250000000002,4.756022211684548,0.0,0.029000124683194288,0.13792523713489335,44.96250000000002,4.756022211684548,0.0,0.02900012468319179,0.13792523713488147,50.325000000000024,5.323254218582704,0.0,0.01477142494233754,0.07863205013877608,50.325000000000024,5.323254218582704,0.0,0.014771424942334542,0.07863205013876014
0.7160000000000001,40.77291456744655,6.872571724225012,15.236530948333918,0.03598241812976734,0.24729174940788046,40.77291456744655,6.872571724225012,15.236530948333918,0.03598241812976491,0.24729174940786375,45.63573924062824,7.6922362417931325,17.053731887126037,0.017764220675371575,0.13664658208630412,45.63573924062824,7.6922362417931325,17.053731887126037,0.01776422067536752,0.13664658208627292,45.23500000000002,4.756022211684548,0.0,0.02887791657658477,0.13734401266541058,45.23500000000002,4.756022211684548,0.0,0.028877916576582285,0.13734401266539875,50.630000000000024,5.323254218582704,0.0,0.014699889925457907,0.0782512510583952,50.630000000000024,5.323254218582704,0.0,0.01469988992545495,0.07825125105837945
0.7170000000000001,41.16711629449534,6.887592386858691,14.804549593156718,0.035673347528450625,0.2457034768507208,41.16711629449534,6.887592386858691,14.804549593156718,0.0356733475284482,0.24570347685070412,46.07695585255441,7.709048359603305,16.57022981986348,0.01761501958009703,0.13579503779832708,46.07695585255441,7.709048359603305,16.57022981986348,0.017615019580093042,0.13579503779829635,45.50750000000003,4.756022211684548,0.0,0.02875505526003167,0.13675968151492723,45.50750000000003,4.756022211684548,0.0,0.028755055260029187,0.1367596815149154,50.935000000000024,5.323254218582704,0.0,0.014627938358259623,0.07786823457477329,50.935000000000024,5.323254218582704,0.0,0.014627938358256704,0.07786823457475776
0.7180000000000001,41.56216625284715,6.902180341264815,14.371121798456178,0.035361981175127004,0.24407477129513808,41.56216625284715,6.902180341264815,14.371121798456178,0.03536198117512459,0.2440747712951214,46.51912186098488,7.725376161782637,16.085108801941775,0.017464495982938016,0.13491980094413797,46.51912186098488,7.725376161782637,16.085108801941775,0.017464495982934102,0.13491980094410774,45.78000000000002,4.756022211684548,0.0,0.028631543512621666,0.13617225690084125,45.78000000000002,4.756022211684548,0.0,0.0286315435126192,0.13617225690082954,51.24000000000002,5.323254218582704,0.0,0.014555572279631977,0.07748301154143639,51.24000000000002,5.323254218582704,0.0,0.014555572279629102,0.07748301154142109
0.7190000000000001,41.958039609127916,6.9163341629196,13.936291395733207,0.035048342857775985,0.2424060510609552,41.958039609127916,6.9163341629196,13.936291395733207,0.03504834285777357,0.2424060510609385,46.96220947076702,7.741218053910011,15.59841789247203,0.017312661205748252,0.13402108548716582,46.96220947076702,7.741218053910011,15.59841789247203,0.017312661205744408,0.13402108548713607,46.05250000000002,4.756022211684548,0.0,0.028507384128154012,0.135581752110524,46.05250000000002,4.756022211684548,0.0,0.02850738412815155,0.1355817521105123,51.54500000000002,5.323254218582704,0.0,0.014482793740210274,0.07709559287443753,51.54500000000002,5.323254218582704,0.0,0.01448279374020744,0.07709559287442244
0.7200000000000001,42.35471144960003,6.930052471130778,13.50010221648846,0.034732456911292196,0.24069774884654374,42.35471144960003,6.930052471130778,13.50010221648846,0.03473245691128979,0.24069774884652706,47.406190796800026,7.756572490623439,15.110206150565064,0.01715952693935661,0.1330991146099253,47.406190796800026,7.756572490623439,15.110206150565064,0.017159526939352836,0.13309911460989604,46.325000000000024,4.756022211684548,0.0,0.028382579915077307,0.1349881805010194,46.325000000000024,4.756022211684548,0.0,0.02838257991507486,0.13498818050100778,51.85000000000002,5.323254218582704,0.0,0.01440960480231769,0.07670598955204723,51.85000000000002,5.323254218582704,0.0,0.014409604802314898,0.07670598955203238
0.7210000000000001,42.75215678267376,6.9433339290375695,13.062598092222615,0.034414348216318266,0.2389503116160762,42.75215678267376,6.9433339290375695,13.062598092222615,0.03441434821631586,0.23895031161605945,47.85103786684586,7.771437975620032,14.620522635331733,0.017005105242624732,0.13215412066194915,47.85103786684586,7.771437975620032,14.620522635331733,0.017005105242621023,0.1321541206619203,46.59750000000002,4.756022211684548,0.0,0.028257133696426,0.13439155549874196,46.59750000000002,4.756022211684548,0.0,0.028257133696423554,0.13439155549873033,52.15500000000002,5.323254218582704,0.0,0.01433600753990686,0.07631421261444266,52.15500000000002,5.323254218582704,0.0,0.014336007539904109,0.076314212614428
0.7220000000000001,43.15035054141851,6.956177243610713,12.62382285443642,0.03409404219780117,0.23716420047904788,43.15035054141851,6.956177243610713,12.62382285443642,0.034094042197798775,0.23716420047903122,48.296722624339985,7.785813061656027,14.129416405882965,0.016849408541303373,0.13118634510205843,48.296722624339985,7.785813061656027,14.129416405882965,0.01684940854129974,0.13118634510203014,46.870000000000026,4.756022211684548,0.0,0.02813104830975649,0.13379189059917293,46.870000000000026,4.756022211684548,0.0,0.02813104830975406,0.13379189059916138,52.46000000000002,5.323254218582704,0.0,0.014262004038501096,0.07592027316339453,52.46000000000002,5.323254218582704,0.0,0.014262004038498383,0.07592027316338008
0.7230000000000001,43.54926758607434,6.9685811656524335,12.183820334630528,0.03377156482327195,0.23533989056206314,43.54926758607434,6.9685811656524335,12.183820334630528,0.033771564823269554,0.23533989056204646,48.743216931202475,7.79969635054676,13.636936521329583,0.016692449626687592,0.13019603843496083,48.743216931202475,7.79969635054676,13.636936521329583,0.016692449626684033,0.13019603843493308,47.14250000000003,4.756022211684548,0.0,0.02800432660708299,0.13318919936655527,47.14250000000003,4.756022211684548,0.0,0.028004326607080562,0.13318919936654372,52.76500000000003,5.323254218582704,0.0,0.014187596395135286,0.07552418236195269,52.76500000000003,5.323254218582704,0.0,0.014187596395132616,0.07552418236193846
0.7240000000000001,43.94888270656311,6.980544489796468,11.742634364305607,0.03344694260084949,0.23347787087289865,43.94888270656311,6.980544489796468,11.742634364305607,0.03344694260084711,0.23347787087288205,49.190492570648615,7.813086493166689,13.14313204078242,0.016534241654071174,0.12918346014217755,49.190492570648615,7.813086493166689,13.14313204078242,0.016534241654067687,0.1291834601421503,47.41500000000002,4.756022211684548,0.0,0.027876971454813,0.13258349543358675,47.41500000000002,4.756022211684548,0.0,0.027876971454810585,0.13258349543357525,53.07000000000003,5.323254218582704,0.0,0.014112786718296485,0.07512595143412973,53.07000000000003,5.323254218582704,0.0,0.014112786718293857,0.07512595143411574
0.7250000000000001,44.34917062500004,6.992066054508038,11.300308774962481,0.03312020257696863,0.231578644156852,44.34917062500004,6.992066054508038,11.300308774962481,0.03312020257696625,0.23157864415683535,49.63852125000004,7.825982189449364,12.648052023352502,0.016374798141000513,0.12814887860729857,49.63852125000004,7.825982189449364,12.648052023352502,0.016374798140997092,0.1281488786072718,47.68750000000002,4.756022211684548,0.0,0.027748985733682424,0.13197479250111124,47.68750000000002,4.756022211684548,0.0,0.027748985733680016,0.1319747925010998,53.37500000000003,5.323254218582704,0.0,0.014037577127864154,0.07472559166458294,53.37500000000003,5.323254218582704,0.0,0.014037577127861564,0.07472559166456916
0.7260000000000001,44.75010599820497,7.003144742083884,10.856887398101712,0.03279137233383319,0.22964272674539885,44.75010599820497,7.003144742083884,10.856887398101712,0.032791372333830816,0.22964272674538222,50.08727460349547,7.838382188387466,12.15174552815054,0.016214132965328636,0.12709257103557803,50.08727460349547,7.838382188387466,12.15174552815054,0.016214132965325288,0.12709257103555177,47.96000000000002,4.756022211684548,0.0,0.027620372338690486,0.13136310433780943,47.96000000000002,4.756022211684548,0.0,0.02762037233868808,0.131363104337798,53.68000000000003,5.323254218582704,0.0,0.013961969755050088,0.0743231143982945,53.68000000000003,5.323254218582704,0.0,0.013961969755047543,0.07432311439828096
0.727,45.15166342021369,7.013779478652238,10.41241406522414,0.0324604799865955,0.2276706483971852,45.15166342021369,7.013779478652238,10.41241406522414,0.032460479986593134,0.2276706483971686,50.53672419510155,7.85028528803278,11.65426161428757,0.01605226036307029,0.12601482336788244,50.53672419510155,7.85028528803278,11.65426161428757,0.01605226036306702,0.12601482336785677,48.232499999999995,4.756022211684548,0.0,0.027491134179034205,0.13074844477988692,48.232499999999995,4.756022211684548,0.0,0.027491134179031814,0.13074844477987554,53.984999999999985,5.323254218582704,0.0,0.013885966742338047,0.07391853104025013,53.984999999999985,5.323254218582704,0.0,0.013885966742335543,0.07391853104023681
0.728,45.55381742478949,7.023969234172827,9.966932607830394,0.03212755418026258,0.22566295213138496,45.55381742478949,7.023969234172827,9.966932607830394,0.03212755418026023,0.22566295213136847,50.98684152132402,7.861690335496191,11.155649340874385,0.01588919492605854,0.12491593018900955,50.98684152132402,7.861690335496191,11.155649340874385,0.015889194926055342,0.1249159301889844,48.504999999999995,4.756022211684548,0.0,0.02736127417804255,0.13013082773076123,48.504999999999995,4.756022211684548,0.0,0.02736127417804017,0.1301308277307499,54.28999999999999,5.323254218582704,0.0,0.013809570243422992,0.07351185305511562,54.28999999999999,5.323254218582704,0.0,0.013809570243420527,0.07351185305510251
0.729,45.95654248793427,7.033713022436893,9.520486857421108,0.03179262408633144,0.22362019405347028,45.95654248793427,7.033713022436893,9.520486857421108,0.03179262408632909,0.22362019405345374,51.437598014018164,7.8725962269477145,10.65595776702179,0.015724951599404555,0.12379619463040772,51.437598014018164,7.8725962269477145,10.65595776702179,0.01572495159940143,0.12379619463038312,48.777499999999996,4.756022211684548,0.0,0.02723079527311041,0.1295102671607477,48.777499999999996,4.756022211684548,0.0,0.02723079527310804,0.12951026716073644,54.59499999999999,5.323254218582704,0.0,0.013732782423150122,0.0731030919669123,54.59499999999999,5.323254218582704,0.0,0.0137327824231477,0.0731030919668994
0.73,46.359813030400005,7.043009901067162,9.07312064549717,0.031455719399154244,0.22154294317343373,46.359813030400005,7.043009901067162,9.07312064549717,0.031455719399151906,0.22154294317341727,51.8889650432,7.883001907616456,10.155235951840869,0.015559545678761373,0.12265592826732129,51.8889650432,7.883001907616456,10.155235951840869,0.015559545678758323,0.12265592826729725,49.05,4.756022211684548,0.0,0.027099700415632068,0.1288867771067431,49.05,4.756022211684548,0.0,0.02709970041562971,0.12888677710673188,54.89999999999999,5.323254218582704,0.0,0.013655605457453483,0.07269225935869025,54.89999999999999,5.323254218582704,0.0,0.013655605457451106,0.0726922593586776
0.731,46.76360342020013,7.05185897151788,8.624877803559148,0.03111687033203531,0.21943178121652174,46.76360342020013,7.05185897151788,8.624877803559148,0.031116870332032982,0.21943178121650533,52.34091391985702,7.892906371790654,9.653532954442348,0.015392992807393183,0.12149545101040136,52.34091391985702,7.892906371790654,9.653532954442348,0.015392992807390204,0.12149545101037786,49.3225,4.756022211684548,0.0,0.026967992570934483,0.1282603716719083,49.3225,4.756022211684548,0.0,0.026967992570932128,0.12826037167189708,55.205,5.323254218582704,0.0,0.013578041533294324,0.07227936687220018,55.205,5.323254218582704,0.0,0.01357804153329199,0.07227936687218775
0.732,47.167887975120905,7.0602593790747745,8.175802163107736,0.030776107613062223,0.21728730242653713,47.167887975120905,7.0602593790747745,8.175802163107736,0.0307761076130599,0.21728730242652072,52.79341589875918,7.902308662817637,9.150897833937098,0.015225308973051799,0.12031509099182233,52.79341589875918,7.902308662817637,9.150897833937098,0.015225308973048897,0.12031509099179939,49.59499999999999,4.756022211684548,0.0,0.026835674718210207,0.1276310650253492,49.59499999999999,4.756022211684548,0.0,0.026835674718207858,0.12763106502533805,55.51,5.323254218582704,0.0,0.013500092848599137,0.07186442620756356,55.51,5.323254218582704,0.0,0.01350009284859684,0.07186442620755133
0.733,47.57264096523271,7.06821031285509,7.725937555643668,0.030433462480673065,0.21511011336178182,47.57264096523271,7.06821031285509,7.725937555643668,0.030433462480670744,0.21511011336176541,53.246442181269636,7.911207873103862,8.647379649436031,0.015056510504662004,0.11911518444595305,53.246442181269636,7.911207873103862,8.647379649436031,0.015056510504659174,0.11911518444593067,49.86749999999999,4.756022211684548,0.0,0.02670274985044998,0.12699887140179633,49.86749999999999,4.756022211684548,0.0,0.026702749850447644,0.12699887140178523,55.815,5.323254218582704,0.0,0.013421761612197335,0.07144744912294086,55.815,5.323254218582704,0.0,0.01342176161219508,0.07144744912292886
0.734,47.97783661540146,7.075711005807558,7.275327812667651,0.030088966678961965,0.21290083268370807,47.97783661540146,7.075711005807558,7.275327812667651,0.03008896667895966,0.21290083268369175,53.69996391815576,7.919603144114881,8.143027460050032,0.014886614068817534,0.11789607558463217,53.69996391815576,7.919603144114881,8.143027460050032,0.01488661406881478,0.11789607558461035,50.14,4.756022211684548,0.0,0.026569220974375043,0.12636380510128267,50.14,4.756022211684548,0.0,0.02656922097437272,0.12636380510127163,56.12,5.323254218582704,0.0,0.013343050043758707,0.07102844743419867,56.12,5.323254218582704,0.0,0.013343050043756497,0.07102844743418692
0.735,48.38344910779999,7.0827607347124255,6.824016765680352,0.02974265245272586,0.21066009093836494,48.38344910779999,7.0827607347124255,6.824016765680352,0.029742652452723565,0.21066009093834867,54.153952212399986,7.927493666375375,7.637890324889936,0.014715636666089944,0.11665811646710926,54.153952212399986,7.927493666375375,7.637890324889936,0.014715636666087264,0.11665811646708801,50.412499999999994,4.756022211684548,0.0,0.02643509111036915,0.1257258804888204,50.412499999999994,4.756022211684548,0.0,0.026435091110366835,0.1257258804888094,56.425,5.323254218582704,0.0,0.013263960373730496,0.07060743301457469,56.425,5.323254218582704,0.0,0.013263960373728328,0.07060743301456314
0.736,48.78945258441932,7.089358820181419,6.372048246182613,0.02939455254225533,0.20838853033072396,48.78945258441932,7.089358820181419,6.372048246182613,0.029394552542253042,0.20838853033070776,54.60837812201062,7.934878679469111,7.132017303066778,0.014543595627152548,0.11540166686471294,54.60837812201062,7.934878679469111,7.132017303066778,0.014543595627149943,0.11540166686469226,50.684999999999995,4.756022211684548,0.0,0.0263003632924102,0.12508511199407585,50.684999999999995,4.756022211684548,0.0,0.02630036329240789,0.12508511199406486,56.73,5.323254218582704,0.0,0.013184494843274193,0.07018441779434126,56.73,5.323254218582704,0.0,0.013184494843272065,0.07018441779432993
0.737,49.19582114958006,7.095504626657787,5.919466085674924,0.029044700177871953,0.2060868044919787,49.19582114958006,7.095504626657787,5.919466085674924,0.029044700177869667,0.20608680449196246,55.06321266283273,7.94175747203899,6.625457453691199,0.014370508608721586,0.11412709412031528,55.06321266283273,7.94175747203899,6.625457453691199,0.014370508608719058,0.11412709412029522,50.957499999999996,4.756022211684548,0.0,0.026165040568001632,0.12444151411104304,50.957499999999996,4.756022211684548,0.0,0.026165040567999336,0.12444151411103212,57.035,5.323254218582704,0.0,0.013104655704202035,0.06975941376046738,57.035,5.323254218582704,0.0,0.01310465570419995,0.06975941376045629
0.738,49.60252887244392,7.10119756241626,5.4663141156581805,0.02869312907421622,0.20375557823991935,49.60252887244392,7.10119756241626,5.4663141156581805,0.02869312907421395,0.20375557823990323,55.51842681135924,7.948129381787007,6.1182598358742935,0.014196393589317464,0.11283477300266685,55.51842681135924,7.948129381787007,6.1182598358742935,0.014196393589315012,0.11283477300264735,51.23,4.756022211684548,0.0,0.026029125998103524,0.12379510139771609,51.23,4.756022211684548,0.0,0.02602912599810124,0.12379510139770522,57.339999999999996,5.323254218582704,0.0,0.013024445218913192,0.06933243295627899,57.339999999999996,5.323254218582704,0.0,0.01302444521891115,0.06933243295626812
0.739,50.00954978952468,7.106437079563102,5.012636167632955,0.02833987342428872,0.2013955273324903,50.00954978952468,7.106437079563102,5.012636167632955,0.02833987342428645,0.20139552733247418,55.97399150754138,7.953993795474298,5.610473508726794,0.014021268864848573,0.1115250855556825,55.97399150754138,7.953993795474298,5.610473508726794,0.014021268864846193,0.11152508555566357,51.5025,4.756022211684548,0.0,0.025892622657063297,0.12314588847575962,51.5025,4.756022211684548,0.0,0.02589262265706102,0.1231458884757488,57.64499999999999,5.323254218582704,0.0,0.012943865660329673,0.06890348748111774,57.64499999999999,5.323254218582704,0.0,0.012943865660327675,0.0689034874811071
0.74,50.41685790719999,7.111222674036032,4.558476073099968,0.0279849678932484,0.19900733821463837,50.41685790719999,7.111222674036032,4.558476073099968,0.027984967893246136,0.1990073382146223,56.42987765759999,7.959350148921063,5.102147531359597,0.013845153044020427,0.11019842094275889,56.42987765759999,7.959350148921063,5.102147531359597,0.013845153044018123,0.11019842094274056,51.775,4.756022211684548,0.0,0.025755533632546197,0.12249389003017812,51.775,4.756022211684548,0.0,0.025755533632543928,0.12249389003016732,57.949999999999996,5.323254218582704,0.0,0.012862919311831889,0.06847258948999804,57.949999999999996,5.323254218582704,0.0,0.012862919311829932,0.06847258948998762
0.741,50.82442720422253,7.115553885604296,4.103877663560074,0.02762844761197191,0.19659170775858145,50.82442720422253,7.115553885604296,4.103877663560074,0.027628447611969663,0.19659170775856546,56.886056136836224,7.9641979270066425,4.593330962883753,0.013668065043573348,0.10885517528621881,56.886056136836224,7.9641979270066425,4.593330962883753,0.013668065043571122,0.10885517528620109,52.0475,4.756022211684548,0.0,0.025617862025465468,0.12183912080898386,52.0475,4.756022211684548,0.0,0.025617862025463206,0.1218391208089731,58.25499999999999,5.323254218582704,0.0,0.012781608467193973,0.06803975119326272,58.25499999999999,5.323254218582704,0.0,0.012781608467192061,0.06803975119325255
0.742,51.232231634231304,7.119430297868651,3.6488847705137246,0.02727034817037749,0.19414934299761244,51.232231634231304,7.119430297868651,3.6488847705137246,0.02727034817037525,0.19414934299759648,57.34249779244237,7.968536663669498,4.084072862409857,0.013490024083351593,0.10749575150197169,57.34249779244237,7.968536663669498,4.084072862409857,0.013490024083349443,0.10749575150195456,52.31999999999999,4.756022211684548,0.0,0.025479610949912218,0.12118159562286333,52.31999999999999,4.756022211684548,0.0,0.02547961094990997,0.12118159562285263,58.559999999999995,5.323254218582704,0.0,0.01269993543051878,0.06760498485623705,58.559999999999995,5.323254218582704,0.0,0.012699935430516906,0.06760498485622707
0.743,51.6402451282631,7.122851538261322,3.193541225461855,0.026910705610518313,0.19168096085357794,51.6402451282631,7.122851538261322,3.193541225461855,0.02691070561051608,0.19168096085356204,57.79917344631283,7.972365941907167,3.574422289049049,0.013311049681207351,0.10612055912949174,57.79917344631283,7.972365941907167,3.574422289049049,0.013311049681205283,0.10612055912947525,52.5925,4.756022211684548,0.0,0.02534078353308493,0.12052132934484196,52.5925,4.756022211684548,0.0,0.02534078353308269,0.12052132934483131,58.86499999999999,5.323254218582704,0.0,0.012617902516172574,0.06716830279888097,58.86499999999999,5.323254218582704,0.0,0.012617902516170745,0.06716830279887125
0.744,52.04844159726386,7.125817278046068,2.737890859905038,0.026549556419448506,0.18918728785816505,52.04844159726386,7.125817278046068,2.737890859905038,0.026549556419446285,0.18918728785814923,58.256053897854954,7.975685393776332,3.0644283019120606,0.013131161647742869,0.10473001415721875,58.256053897854954,7.975685393776332,3.0644283019120606,0.013131161647740874,0.10473001415720283,52.865,4.756022211684548,0.0,0.025201382915218763,0.11985833690994792,52.865,4.756022211684548,0.0,0.025201382915216536,0.11985833690993733,59.169999999999995,5.323254218582704,0.0,0.012535512048719472,0.06672971739544024,59.169999999999995,5.323254218582704,0.0,0.012535512048717683,0.06672971739543072
0.745,52.45679493459999,7.128327232318129,2.2819775053439524,0.02618693752186761,0.18666905986814228,52.45679493459999,7.128327232318129,2.2819775053439524,0.0261869375218654,0.18666905986812654,58.71310992679999,7.978494700392768,2.5541399601097448,0.012950380080894367,0.10332453884348777,58.71310992679999,7.978494700392768,2.5541399601097448,0.012950380080892446,0.10332453884347245,53.137499999999996,4.756022211684548,0.0,0.025061412249514532,0.11919263331487433,53.137499999999996,4.756022211684548,0.0,0.025061412249512312,0.11919263331486377,59.47499999999999,5.323254218582704,0.0,0.012452766362855562,0.06628924107409567,59.47499999999999,5.323254218582704,0.0,0.012452766362853817,0.06628924107408637
0.746,52.86527901856973,7.130381160004254,1.8258449932793734,0.025822886272547193,0.18412702177470297,52.86527901856973,7.130381160004254,1.8258449932793734,0.02582288627254498,0.1841270217746872,59.170312296013826,7.980793591931367,2.04360632275306,0.01276872536036143,0.10190456153310404,59.170312296013826,7.980793591931367,2.04360632275306,0.01276872536035959,0.10190456153308936,53.41,4.756022211684548,0.0,0.024920874702067348,0.11852423361763985,53.41,4.756022211684548,0.0,0.024920874702065138,0.11852423361762933,59.779999999999994,5.323254218582704,0.0,0.012369667803342737,0.06584688631661088,59.779999999999994,5.323254218582704,0.0,0.012369667803341037,0.06584688631660182
0.747,53.27386771491448,7.13197886386269,1.3695371552120075,0.02545744044854487,0.18156192720706513,53.27386771491448,7.13197886386269,1.3695371552120075,0.025457440448542673,0.18156192720704947,59.62763175430795,7.982581847626129,1.532876448952889,0.012586218141885562,0.10047051646967835,59.62763175430795,7.982581847626129,1.532876448952889,0.012586218141883798,0.10047051646966428,53.6825,4.756022211684548,0.0,0.024779773451795016,0.11785315293724817,53.6825,4.756022211684548,0.0,0.02477977345179282,0.11785315293723773,60.084999999999994,5.323254218582704,0.0,0.012286218724942278,0.0654026656579788,60.084999999999994,5.323254218582704,0.0,0.012286218724940618,0.06540266565796996
0.748,53.6825348793303,7.133120190483177,0.9130978226424938,0.025090638241210564,0.17897453823048837,53.6825348793303,7.133120190483177,0.9130978226424938,0.025090638241208375,0.17897453823047277,60.08503903925042,7.98385929577016,1.0219993978200388,0.012402879351381872,0.09902284360384593,60.08503903925042,7.98385929577016,1.0219993978200388,0.012402879351380182,0.09902284360383244,53.955000000000005,4.756022211684548,0.0,0.024638111690366164,0.1171794064533462,53.955000000000005,4.756022211684548,0.0,0.02463811169036397,0.11717940645333577,60.38999999999999,5.323254218582704,0.0,0.01220242149234808,0.06495659168606618,60.38999999999999,5.323254218582704,0.0,0.012202421492346465,0.06495659168605758
0.749,54.091254359979054,7.1338050302869735,0.45657082707158003,0.024722518247990495,0.1763656250388761,54.091254359979054,7.1338050302869735,0.45657082707158003,0.024722518247988323,0.1763656250388606,60.54250487997656,7.984625813715695,0.5110242284654382,0.012218730178928121,0.09756198839749647,60.54250487997656,7.984625813715695,0.5110242284654382,0.012218730178926511,0.09756198839748362,54.2275,4.756022211684548,0.0,0.024495892622127972,0.11650300940588028,54.2275,4.756022211684548,0.0,0.024495892622125794,0.11650300940586991,60.69499999999999,5.323254218582704,0.0,0.012118278480119704,0.06450867704125722,60.69499999999999,5.323254218582704,0.0,0.01211827848011813,0.06450867704124884
0.75,54.5,7.134033317526822,0.0,0.024353119464033762,0.17373596564212782,54.5,7.134033317526822,0.0,0.024353119464031597,0.17373596564211236,61.0,7.984881327874057,0.0,0.01203379207261503,0.0960884016241426,61.0,7.984881327874057,0.0,0.012033792072613498,0.09608840162413038,54.5,4.756022211684548,0.0,0.024353119464033762,0.11582397709475187,54.5,4.756022211684548,0.0,0.024353119464031597,0.11582397709474157,61.0,5.323254218582704,0.0,0.01203379207261503,0.06405893441609506,61.0,5.323254218582704,0.0,0.012033792072613498,0.06405893441608691
0.751,54.90874564002093,7.133805030286974,-0.4565708270715936,0.02398248127360724,0.1710863455484225,54.90874564002093,7.133805030286974,-0.4565708270715936,0.023982481273605083,0.1710863455484071,61.457495120023424,7.984625813715696,-0.5110242284654534,0.011848086732262304,0.09460253916556403,61.457495120023424,7.984625813715696,-0.5110242284654534,0.011848086732260852,0.09460253916555245,54.772499999999994,4.756022211684548,0.0,0.024209795445570215,0.11514232487947135,54.772499999999994,4.756022211684548,0.0,0.024209795445568057,0.11514232487946109,61.30499999999999,5.323254218582704,0.0,0.011948964663922737,0.06360737655492238,61.30499999999999,5.323254218582704,0.0,0.01194896466392125,0.06360737655491447
0.752,55.317465120669695,7.133120190483181,-0.9130978226425073,0.02361064344132442,0.16841755744161052,55.317465120669695,7.133120190483181,-0.9130978226425073,0.023610643441322274,0.1684175574415952,61.91496096074957,7.9838592957701655,-1.0219993978200541,0.011661636103004757,0.09310486180486349,61.91496096074957,7.9838592957701655,-1.0219993978200541,0.011661636103003383,0.09310486180485253,55.045,4.756022211684548,0.0,0.024065923808684282,0.11445806817881043,55.045,4.756022211684548,0.0,0.024065923808682135,0.11445806817880022,61.61,5.323254218582704,0.0,0.011863798657794435,0.06315401625352006,61.61,5.323254218582704,0.0,0.011863798657792992,0.06315401625351237
0.753,55.72613228508552,7.131978863862689,-1.3695371552119533,0.02323764610319383,0.16573040085389956,55.72613228508552,7.131978863862689,-1.3695371552119533,0.023237646103191692,0.16573040085388432,62.37236824569205,7.982581847626128,-1.5328764489528284,0.011474462368753009,0.09159583501607686,62.37236824569205,7.982581847626128,-1.5328764489528284,0.011474462368751711,0.09159583501606651,55.31750000000001,4.756022211684548,0.0,0.023921507807709894,0.11377122247045358,55.31750000000001,4.756022211684548,0.0,0.02392150780770776,0.11377122247044344,61.915000000000006,5.323254218582704,0.0,0.011778296467576563,0.0626988663587447,61.915000000000006,5.323254218582704,0.0,0.01177829646757516,0.06269886635873724
0.754,56.134720981430284,7.130381160004259,-1.825844993279387,0.022863529757492902,0.16302568183402413,56.134720981430284,7.130381160004259,-1.825844993279387,0.022863529757490772,0.16302568183400892,62.82968770398618,7.980793591931372,-2.043606322753075,0.011286587945533326,0.09007592875048223,62.82968770398618,7.980793591931372,-2.043606322753075,0.011286587945532105,0.09007592875047249,55.59,4.756022211684548,0.0,0.023776550709294353,0.11308180329064793,55.59,4.756022211684548,0.0,0.023776550709292226,0.11308180329063781,62.22,5.323254218582704,0.0,0.011692460516142002,0.06224193976816462,62.22,5.323254218582704,0.0,0.011692460516140644,0.06224193976815739
0.755,56.54320506540003,7.128327232318128,-2.2819775053438986,0.02248833525547353,0.16030421261109182,56.54320506540003,7.128327232318128,-2.2819775053438986,0.022488335255471413,0.16030421261107672,63.286890073200034,7.978494700392766,-2.5541399601096844,0.011098035474711417,0.08854561721975596,63.286890073200034,7.978494700392766,-2.5541399601096844,0.011098035474710274,0.08854561721974684,55.8625,4.756022211684548,0.0,0.023631055792324406,0.11238982623385166,55.8625,4.756022211684548,0.0,0.02363105579232229,0.1123898262338416,62.52499999999999,5.323254218582704,0.0,0.011606293235821404,0.061783249429694195,62.52499999999999,5.323254218582704,0.0,0.01160629323582009,0.061783249429687194
0.756,56.951558402736104,7.125817278046064,-2.7378908599049567,0.02211210379190498,0.15756681125430438,56.951558402736104,7.125817278046064,-2.7378908599049567,0.022112103791902864,0.1575668112542893,63.743946102144996,7.975685393776328,-3.06442830191197,0.010908827816104838,0.08700537867612827,63.743946102144996,7.975685393776328,-3.06442830191197,0.010908827816103774,0.0870053786761198,56.135,4.756022211684548,0.0,0.02348502634785209,0.11169530695238138,56.135,4.756022211684548,0.0,0.023485026347849984,0.11169530695237136,62.83,5.323254218582704,0.0,0.011519797068334281,0.06132280834122713,62.83,5.323254218582704,0.0,0.01151979706833301,0.061322808341220364
0.757,57.359754871736875,7.12285153826132,-3.1935412254618014,0.02173487689546081,0.15481430132875346,57.359754871736875,7.12285153826132,-3.1935412254618014,0.021734876895458714,0.15481430132873852,64.20082655368714,7.972365941907165,-3.5744222890489885,0.010718988040988954,0.08545569518969054,64.20082655368714,7.972365941907165,-3.5744222890489885,0.010718988040987967,0.08545569518968267,56.407500000000006,4.756022211684548,0.0,0.02333846567902031,0.1109982611560581,56.407500000000006,4.756022211684548,0.0,0.023338465679018216,0.11099826115604813,63.135000000000005,5.323254218582704,0.0,0.011432974464719813,0.06086062955026808,63.135000000000005,5.323254218582704,0.0,0.011432974464718585,0.060860629550261544
0.758,57.767768365768724,7.119430297868645,-3.6488847705137246,0.021356696418956208,0.15204751154749963,57.767768365768724,7.119430297868645,-3.6488847705137246,0.021356696418954123,0.15204751154748478,64.65750220755766,7.968536663669492,-4.084072862409857,0.010528539425001494,0.08389705242301412,64.65750220755766,7.968536663669492,-4.084072862409857,0.010528539425000587,0.0838970524230069,56.68000000000001,4.756022211684548,0.0,0.02319137710098812,0.1102987046118519,56.68000000000001,4.756022211684548,0.0,0.023191377100986038,0.11029870461184199,63.44,5.323254218582704,0.0,0.011345827885267395,0.060396726153562945,63.44,5.323254218582704,0.0,0.011345827885266209,0.06039672615355663
0.759,58.175572795777484,7.115553885604296,-4.103877663560048,0.02097760452944171,0.14926727542013923,58.175572795777484,7.115553885604296,-4.103877663560048,0.02097760452943963,0.14926727542012444,65.1139438631638,7.9641979270066425,-4.593330962883723,0.010337505440950622,0.08232993940323884,65.1139438631638,7.9641979270066425,-4.593330962883723,0.010337505440949791,0.08232993940323222,56.95249999999999,4.756022211684548,0.0,0.023043763940855715,0.10959665314352522,56.95249999999999,4.756022211684548,0.0,0.02304376394085364,0.10959665314351535,63.74499999999999,5.323254218582704,0.0,0.011258359799446904,0.05993111129672766,63.74499999999999,5.323254218582704,0.0,0.011258359799445759,0.059931111296721566
0.76,58.58314209280001,7.111222674036025,-4.5584760731000085,0.020597643698160254,0.14647443089807244,58.58314209280001,7.111222674036025,-4.5584760731000085,0.020597643698158186,0.14647443089805773,65.57012234240001,7.959350148921056,-5.102147531359642,0.010145909751531587,0.08075484829179252,65.57012234240001,7.959350148921056,-5.102147531359642,0.010145909751530832,0.08075484829178652,57.225,4.756022211684548,0.0,0.022895629537589147,0.1088921226312748,57.225,4.756022211684548,0.0,0.02289562953758708,0.10889212263126496,64.05,5.323254218582704,0.0,0.011170572685838731,0.05946379817387576,64.05,5.323254218582704,0.0,0.01117057268583763,0.059463798173869896
0.761,58.99045021047534,7.106437079563092,-5.0126361676329285,0.020216856690374204,0.1436698200166884,58.99045021047534,7.106437079563092,-5.0126361676329285,0.02021685669037215,0.1436698200166738,66.02600849245863,7.953993795474285,-5.610473508726764,0.009953776201957339,0.07917227415190826,66.02600849245863,7.953993795474285,-5.610473508726764,0.009953776201956668,0.07917227415190294,57.49750000000001,4.756022211684548,0.0,0.022746977241944882,0.10818512901137278,57.49750000000001,4.756022211684548,0.0,0.022746977241942835,0.10818512901136304,64.355,5.323254218582704,0.0,0.011082469032063565,0.05899480002724455,64.355,5.323254218582704,0.0,0.01108246903206251,0.05899480002723893
0.762,59.397471127556116,7.101197562416271,-5.4663141156581805,0.01983528655506885,0.14085428853468315,59.397471127556116,7.101197562416271,-5.4663141156581805,0.01983528655506681,0.14085428853466866,66.48157318864078,7.948129381787018,-6.1182598358742935,0.009761128812508173,0.07758271471410402,66.48157318864078,7.948129381787018,-6.1182598358742935,0.00976112881250758,0.07758271471409932,57.77000000000001,4.756022211684548,0.0,0.022597810416393957,0.1074756882758061,57.77000000000001,4.756022211684548,0.0,0.022597810416391917,0.1074756882757964,64.66,5.323254218582704,0.0,0.01099405133471187,0.05852413014681978,64.66,5.323254218582704,0.0,0.01099405133471086,0.058524130146814395
0.763,59.804178850419916,7.095504626657787,-5.919466085674951,0.019452976614539586,0.13802868557073136,59.804178850419916,7.095504626657787,-5.919466085674951,0.019452976614537557,0.13802868557071696,66.93678733716725,7.94175747203899,-6.625457453691229,0.00956799177100577,0.07598667013979264,66.93678733716725,7.94175747203899,-6.625457453691229,0.00956799177100525,0.07598667013978852,58.042500000000004,4.756022211684548,0.0,0.022448132435045898,0.10676381647191463,58.042500000000004,4.756022211684548,0.0,0.022448132435043865,0.10676381647190496,64.96499999999999,5.323254218582704,0.0,0.010905322099273158,0.05805180186995903,64.96499999999999,5.323254218582704,0.0,0.010905322099272188,0.058051801869953866
0.764,60.21054741558065,7.08935882018142,-6.372048246182613,0.019069970453869024,0.13519386323773544,60.21054741558065,7.08935882018142,-6.372048246182613,0.019069970453867,0.13519386323772112,67.39162187798934,7.934878679469112,-7.132017303066778,0.009374389425216904,0.07438464278319432,67.39162187798934,7.934878679469112,-7.132017303066778,0.009374389425216463,0.07438464278319082,58.315,4.756022211684548,0.0,0.022297946683572427,0.10604952970202826,58.315,4.756022211684548,0.0,0.022297946683570404,0.10604952970201864,65.27,5.323254218582704,0.0,0.010816283840064974,0.057577828581013804,65.27,5.323254218582704,0.0,0.010816283840064049,0.057577828581008884
0.765,60.616550892199996,7.082760734712431,-6.8240167656804065,0.018686311910301623,0.13235067627487357,60.616550892199996,7.082760734712431,-6.8240167656804065,0.01868631191029961,0.13235067627485933,67.8460477876,7.927493666375382,-7.637890324889996,0.009180346275192285,0.07277713695171967,67.8460477876,7.927493666375382,-7.637890324889996,0.009180346275191924,0.07277713695171681,58.587500000000006,4.756022211684548,0.0,0.022147256559130885,0.10533284412310277,58.587500000000006,4.756022211684548,0.0,0.022147256559128872,0.10533284412309321,65.575,5.323254218582704,0.0,0.010726939080161682,0.05710222371095035,65.575,5.323254218582704,0.0,0.010726939080160798,0.05710222371094564
0.766,61.022163384598535,7.0757110058075625,-7.275327812667679,0.018302045062522587,0.12949998167767704,61.022163384598535,7.0757110058075625,-7.275327812667679,0.01830204506252059,0.12949998167766288,68.30003608184424,7.919603144114886,-8.143027460050062,0.008985886965546057,0.07116465866499952,68.30003608184424,7.919603144114886,-8.143027460050062,0.008985886965545777,0.07116465866499731,58.86,4.756022211684548,0.0,0.021996065470287388,0.10461377594635433,58.86,4.756022211684548,0.0,0.021996065470285386,0.10461377594634481,65.88,5.323254218582704,0.0,0.01063729035132293,0.056625000736968883,65.88,5.323254218582704,0.0,0.01063729035132209,0.056625000736964415
0.767,61.42735903476731,7.068210312855092,-7.725937555643668,0.017917214219847974,0.12664263832636335,61.42735903476731,7.068210312855092,-7.725937555643668,0.017917214219845986,0.12664263832634928,68.75355781873039,7.911207873103864,-8.647379649436031,0.008791036277681095,0.06954771541273237,68.75355781873039,7.911207873103864,-8.647379649436031,0.008791036277680894,0.06954771541273078,59.1325,4.756022211684548,0.0,0.02184437683693969,0.10389234143689262,59.1325,4.756022211684548,0.0,0.021844376836937705,0.10389234143688317,66.18499999999999,5.323254218582704,0.0,0.01054734019392193,0.05614617318212183,66.18499999999999,5.323254218582704,0.0,0.010547340193921131,0.05614617318211758
0.768,61.832112024879116,7.060259379074775,-8.175802163107722,0.017531863911333236,0.12377950661265306,61.832112024879116,7.060259379074775,-8.175802163107722,0.017531863911331255,0.12377950661263908,69.20658410124084,7.902308662817638,-9.150897833937083,0.008595819121965954,0.06792681591152507,69.20658410124084,7.902308662817638,-9.150897833937083,0.008595819121965827,0.06792681591152405,59.40500000000001,4.756022211684548,0.0,0.021692194090239897,0.10316855691335323,59.40500000000001,4.756022211684548,0.0,0.021692194090237926,0.10316855691334387,66.49,5.323254218582704,0.0,0.010457091156873455,0.055665754614930514,66.49,5.323254218582704,0.0,0.010457091156872702,0.0556657546149265
0.769,62.23639657979991,7.051858971517878,-8.62487780355908,0.017146038874807347,0.12091144806530449,62.23639657979991,7.051858971517878,-8.62487780355908,0.01714603887480538,0.12091144806529061,69.65908608014301,7.8929063717906525,-9.653532954442273,0.008400260529868744,0.06630246986090253,69.65908608014301,7.8929063717906525,-9.653532954442273,0.008400260529868694,0.06630246986090213,59.677500000000016,4.756022211684548,0.0,0.02153952067251678,0.1024424387475283,59.677500000000016,4.756022211684548,0.0,0.021539520672514814,0.10244243874751895,66.795,5.323254218582704,0.0,0.01036654579756164,0.055183758649000804,66.795,5.323254218582704,0.0,0.010366545797560932,0.055183758648997036
0.77,62.640186969600016,7.043009901067166,-9.073120645497143,0.01675978404583976,0.11803932497459695,62.640186969600016,7.043009901067166,-9.073120645497143,0.016759784045837806,0.11803932497458319,70.11103495680001,7.88300190761646,-10.155235951840838,0.008204385646053676,0.06467518769866223,70.11103495680001,7.88300190761646,-10.155235951840838,0.008204385646053705,0.06467518769866246,59.95000000000001,4.756022211684548,0.0,0.02138636003719796,0.10171400336399627,59.95000000000001,4.756022211684548,0.0,0.021386360037196003,0.10171400336398696,67.1,5.323254218582704,0.0,0.010275706681767485,0.05470019894263725,67.1,5.323254218582704,0.0,0.010275706681766817,0.05470019894263369
0.771,63.04345751206576,7.033713022436888,-9.520486857421123,0.01637314454664714,0.1151640000159935,63.04345751206576,7.033713022436888,-9.520486857421123,0.016373144546645197,0.11516400001597983,70.56240198598185,7.872596226947708,-10.655957767021807,0.008008219720445518,0.06304548035574761,70.56240198598185,7.872596226947708,-10.655957767021807,0.008008219720445625,0.06304548035574846,60.2225,4.756022211684548,0.0,0.021232715648731783,0.10098326723975044,60.2225,4.756022211684548,0.0,0.021232715648729836,0.10098326723974119,67.40499999999999,5.323254218582704,0.0,0.010184576383596157,0.05421508919845603,67.40499999999999,5.323254218582704,0.0,0.010184576383595536,0.05421508919845272
0.772,63.446182575210514,7.023969234172823,-9.966932607830367,0.015986165674947386,0.11228633587322005,63.446182575210514,7.023969234172823,-9.966932607830367,0.01598616567494546,0.11228633587320654,71.01315847867599,7.861690335496187,-11.155649340874355,0.007811788100267887,0.061413859010820165,71.01315847867599,7.861690335496187,-11.155649340874355,0.007811788100268071,0.06141385901082161,60.495000000000005,4.756022211684548,0.0,0.021078590982508895,0.10025024690382592,60.495000000000005,4.756022211684548,0.0,0.02107859098250696,0.10025024690381672,67.71,5.323254218582704,0.0,0.010093157485404045,0.053728443162996686,67.71,5.323254218582704,0.0,0.010093157485403468,0.053728443162993605
0.773,63.84833657978633,7.013779478652233,-10.412414065224114,0.015598892892768002,0.10940719486099038,63.84833657978633,7.013779478652233,-10.412414065224114,0.015598892892766083,0.10940719486097691,71.46327580489844,7.850285288032774,-11.65426161428754,0.007615116222060579,0.05978083484470188,71.46327580489844,7.850285288032774,-11.65426161428754,0.00761511622206084,0.05978083484470393,60.76750000000001,4.756022211684548,0.0,0.020923989524783748,0.09951495893692631,60.76750000000001,4.756022211684548,0.0,0.02092398952478183,0.09951495893691718,68.015,5.323254218582704,0.0,0.010001452577725597,0.05324027462633265,68.015,5.323254218582704,0.0,0.010001452577725063,0.053240274626329805
0.774,64.24989400179507,7.003144742083888,-10.856887398101767,0.015211371815215993,0.10652743854761293,64.24989400179507,7.003144742083888,-10.856887398101767,0.015211371815214085,0.10652743854759958,71.91272539650457,7.83838218838747,-12.1517455281506,0.0074182296036817376,0.05814691879486757,71.91272539650457,7.83838218838747,-12.1517455281506,0.007418229603682077,0.05814691879487023,61.040000000000006,4.756022211684548,0.0,0.020768914772595667,0.09877741997104833,61.040000000000006,4.756022211684548,0.0,0.02076891477259376,0.09877741997103925,68.32,5.323254218582704,0.0,0.009909464259199904,0.05275059742168042,68.32,5.323254218582704,0.0,0.009909464259199413,0.05275059742167781
0.775,64.65082937500003,6.992066054508031,-11.30030877496251,0.014823648199216747,0.10364792737771253,64.65082937500003,6.992066054508031,-11.30030877496251,0.014823648199214853,0.10364792737769928,72.36147875000003,7.8259821894493555,-12.648052023352532,0.007221153836300245,0.056512621310159605,72.36147875000003,7.8259821894493555,-12.648052023352532,0.00722115383630066,0.05651262131016285,61.3125,4.756022211684548,0.0,0.02061337023368973,0.09803764668910546,61.3125,4.756022211684548,0.0,0.020613370233687832,0.09803764668909642,68.625,5.323254218582704,0.0,0.009817195136497052,0.05225942542500754,68.625,5.323254218582704,0.0,0.009817195136496603,0.05225942542500515
0.776,65.05111729343695,6.980544489796461,-11.742634364305607,0.014435767932228984,0.10076952029530149,65.05111729343695,6.980544489796461,-11.742634364305607,0.014435767932227096,0.10076952029528831,72.80950742935143,7.813086493166681,-13.14313204078242,0.00702391457638402,0.05487845210590256,72.80950742935143,7.813086493166681,-13.14313204078242,0.007023914576384512,0.0548784521059064,61.58500000000001,4.756022211684548,0.0,0.020457359426437456,0.0972956558245508,61.58500000000001,4.756022211684548,0.0,0.02045735942643557,0.09729565582454183,68.93,5.323254218582704,0.0,0.009724647824244263,0.051766772554639386,68.93,5.323254218582704,0.0,0.00972464782424386,0.05176677255463725
0.777,65.4507324139257,6.9685811656524335,-12.183820334630596,0.014047777020942648,0.09789307436742599,65.4507324139257,6.9685811656524335,-12.183820334630596,0.014047777020940785,0.097893074367413,73.25678306879759,7.79969635054676,-13.636936521329657,0.006826537537689362,0.05324491991958618,73.25678306879759,7.79969635054676,-13.636936521329657,0.006826537537689929,0.0532449199195906,61.85750000000001,4.756022211684548,0.0,0.020300885879757237,0.09655146416099862,61.85750000000001,4.756022211684548,0.0,0.020300885879755363,0.09655146416098971,69.235,5.323254218582704,0.0,0.009631824944951817,0.05127265277086488,69.235,5.323254218582704,0.0,0.009631824944951458,0.05127265277086297
0.778,65.8496494585815,6.956177243610711,-12.62382285443653,0.013659721579967928,0.09501944440863105,65.8496494585815,6.956177243610711,-12.62382285443653,0.013659721579966071,0.09501944440861813,73.70327737566001,7.785813061656024,-14.129416405883086,0.006629048483257439,0.051612532267296826,73.70327737566001,7.785813061656024,-14.129416405883086,0.006629048483258086,0.051612532267301864,62.13,4.756022211684548,0.0,0.020143953133034492,0.09580508853184458,62.13,4.756022211684548,0.0,0.020143953133032626,0.09580508853183571,69.54,5.323254218582704,0.0,0.00953872912893874,0.05077708007554087,69.54,5.323254218582704,0.0,0.009538729128938422,0.050777080075539174
0.779,66.2478432173263,6.943333929037566,-13.062598092222723,0.01327164782052102,0.09214948260646107,66.2478432173263,6.943333929037566,-13.062598092222723,0.013271647820519174,0.09214948260644824,74.14896213315421,7.771437975620027,-14.620522635331854,0.006431473217422563,0.04998179520106082,74.14896213315421,7.771437975620027,-14.620522635331854,0.006431473217423285,0.04998179520106644,62.402499999999996,4.756022211684548,0.0,0.01998656473604158,0.09505654581988487,62.402499999999996,4.756022211684548,0.0,0.019986564736039727,0.09505654581987606,69.845,5.323254218582704,0.0,0.009445363014258228,0.05028006851169516,69.845,5.323254218582704,0.0,0.009445363014257954,0.050280068511693705
0.78,66.64528855039998,6.9300524711307725,-13.500102216488527,0.012883602039115417,0.08928403814823725,66.64528855039998,6.9300524711307725,-13.500102216488527,0.012883602039113581,0.08928403814822454,74.59380920319998,7.756572490623434,-15.11020615056514,0.006233837577838493,0.048353213067276676,74.59380920319998,7.756572490623434,-15.11020615056514,0.006233837577839289,0.04835321306728285,62.675000000000004,4.756022211684548,0.0,0.01982872424885756,0.09430585295693455,62.675000000000004,4.756022211684548,0.0,0.01982872424885572,0.09430585295692581,70.15,5.323254218582704,0.0,0.00935172924662294,0.04978163216312882,70.15,5.323254218582704,0.0,0.009351729246622713,0.049781632163127615
0.781,67.04196039087212,6.916334162919597,-13.936291395733289,0.012495630606264236,0.08642395684932905,67.04196039087212,6.916334162919597,-13.936291395733289,0.012495630606262416,0.08642395684931646,75.03779052923302,7.741218053910006,-15.59841789247212,0.006036167427527236,0.04672728826639736,75.03779052923302,7.741218053910006,-15.59841789247212,0.0060361674275281095,0.04672728826640412,62.94750000000001,4.756022211684548,0.0,0.01967043524178764,0.09355302692344451,62.94750000000001,4.756022211684548,0.0,0.019670435241785807,0.09355302692343581,70.45500000000001,5.323254218582704,0.0,0.00925783047933001,0.049281785154017016,70.45500000000001,5.323254218582704,0.0,0.009257830479329824,0.049281785154016024
0.782,67.43783374715291,6.902180341264816,-14.371121798456246,0.012107779955202114,0.08357008078315623,67.43783374715291,6.902180341264816,-14.371121798456246,0.012107779955200307,0.08357008078314375,75.48087813901518,7.725376161782638,-16.08510880194185,0.005838488646956614,0.0451045210140372,75.48087813901518,7.725376161782638,-16.08510880194185,0.005838488646957563,0.045104521014044524,63.22000000000001,4.756022211684548,0.0,0.019511701295282402,0.09279808474811727,63.22000000000001,4.756022211684548,0.0,0.019511701295280584,0.09279808474810862,70.76,5.323254218582704,0.0,0.009163669373185855,0.04878054164850873,70.76,5.323254218582704,0.0,0.009163669373185713,0.04878054164850797
0.783,67.8328837055047,6.887592386858696,-14.804549593156771,0.011720096570632204,0.08072324791313508,67.8328837055047,6.887592386858696,-14.804549593156771,0.011720096570630405,0.08072324791312269,75.92304414744562,7.70904835960331,-16.570229819863542,0.005640827126150965,0.04348540910365995,75.92304414744562,7.70904835960331,-16.570229819863542,0.0056408271261519935,0.043485409103667876,63.49250000000001,4.756022211684548,0.0,0.019352525999856842,0.09204104350752186,63.49250000000001,4.756022211684548,0.0,0.019352525999855038,0.09204104350751327,71.065,5.323254218582704,0.0,0.009069248596430775,0.04827791585032539,71.065,5.323254218582704,0.0,0.009069248596430678,0.04827791585032488
0.784,68.22708543255347,6.872571724225007,-15.236530948334,0.01133262697750629,0.07788429172679923,68.22708543255347,6.872571724225007,-15.236530948334,0.011332626977504503,0.07788429172678694,76.36426075937177,7.692236241793126,-17.053731887126126,0.005443208756840782,0.041870447671016366,76.36426075937177,7.692236241793126,-17.053731887126126,0.005443208756841883,0.041870447671024845,63.765,4.756022211684548,0.0,0.01919291295600912,0.0912819203257075,63.765,4.756022211684548,0.0,0.019192912956007325,0.09128192032569897,71.37,5.323254218582704,0.0,0.008974570824663351,0.04777392200235844,71.37,5.323254218582704,0.0,0.008974570824663295,0.047773922002358145
0.785,68.62041417779999,6.857119821719031,-15.667022032487411,0.010945417729844083,0.07505404087230878,68.62041417779999,6.857119821719031,-15.667022032487411,0.01094541772984231,0.07505404087229663,76.80450027239998,7.674941451832309,-17.535565944618934,0.005245659424656091,0.040260128960487855,76.80450027239998,7.674941451832309,-17.535565944618934,0.0052456594246572666,0.040260128960496876,64.03750000000001,4.756022211684548,0.0,0.019032865774139138,0.09052073237381636,64.03750000000001,4.756022211684548,0.0,0.019032865774137354,0.09052073237380788,71.67500000000001,5.323254218582704,0.0,0.008879638740764632,0.04726857438626574,71.67500000000001,5.323254218582704,0.0,0.00887963874076462,0.04726857438626568
0.786,69.01284527613134,6.841238191527538,-16.095979014116164,0.010558515399599133,0.07223331879756924,69.01284527613134,6.841238191527538,-16.095979014116164,0.010558515399597377,0.07223331879755722,77.24373507970664,7.65716568226018,-18.015682933230934,0.005048205001368839,0.03865494209349568,77.24373507970664,7.65716568226018,-18.015682933230934,0.005048205001370092,0.03865494209350527,64.31,4.756022211684548,0.0,0.018872388074466888,0.0897574968696951,64.31,4.756022211684548,0.0,0.018872388074465122,0.08975749686968669,71.98,5.323254218582704,0.0,0.008784455034822091,0.04676188732206678,71.98,5.323254218582704,0.0,0.008784455034822123,0.046761887322066945
0.787,69.40435415033211,6.824928389668815,-16.523358061719687,0.01017196656557735,0.06942294339217085,69.40435415033211,6.824928389668815,-16.523358061719687,0.010171966565575601,0.06942294339215892,77.68193767284879,7.638910674675188,-18.49403379385139,0.004850871337189165,0.03705537283913021,77.68193767284879,7.638910674675188,-18.49403379385139,0.004850871337190492,0.03705537283914035,64.5825,4.756022211684548,0.0,0.018711483486950547,0.08899223107750544,64.5825,4.756022211684548,0.0,0.018711483486948788,0.08899223107749707,72.285,5.323254218582704,0.0,0.008689022404053413,0.04625387516773696,72.285,5.323254218582704,0.0,0.008689022404053488,0.04625387516773736
0.788,69.7949163135959,6.808192015992616,-16.949115343797136,0.009785817802415334,0.06662372663236249,69.7949163135959,6.808192015992616,-16.949115343797136,0.009785817802413603,0.0666237266323507,78.11908064457523,7.620178219734854,-18.97056946736927,0.004653684253120471,0.035461903387151675,78.11908064457523,7.620178219734854,-18.97056946736927,0.004653684253121872,0.035461903387162354,64.85500000000002,4.756022211684548,0.0,0.018550155651204336,0.08822495230733346,64.85500000000002,4.756022211684548,0.0,0.018550155651202584,0.08822495230732513,72.59,5.323254218582704,0.0,0.008593343552730049,0.045744552318800716,72.59,5.323254218582704,0.0,0.008593343552730169,0.045744552318801354
0.789,70.18450737203669,6.79103071418023,-17.37320702884794,0.009400115669624433,0.06383647422926637,70.18450737203669,6.79103071418023,-17.37320702884794,0.009400115669622709,0.06383647422925467,78.55513669163739,7.600970157155853,-19.44524089467384,0.004456669533378109,0.03387501212351271,78.55513669163739,7.600970157155853,-19.44524089467384,0.004456669533379584,0.03387501212352392,65.12750000000003,4.756022211684548,0.0,0.018388408216416265,0.0874556779147984,65.12750000000003,4.756022211684548,0.0,0.018388408216414527,0.08745567791479013,72.89500000000001,5.323254218582704,0.0,0.008497421192100604,0.04523393320792361,72.89500000000001,5.323254218582704,0.0,0.008497421192100767,0.04523393320792448
0.79,70.5731030272,6.773446171744422,-17.795589285371236,0.009014906700707667,0.061061985280541485,70.5731030272,6.773446171744422,-17.795589285371236,0.009014906700705958,0.06106198528052991,78.9900786176,7.58128837571394,-19.91799901665404,0.004259852917876643,0.0322951734085493,78.9900786176,7.58128837571394,-19.91799901665404,0.004259852917878193,0.032295173408561056,65.40000000000002,4.756022211684548,0.0,0.018226244841265532,0.08668442530065977,65.40000000000002,4.756022211684548,0.0,0.01822624484126381,0.0866844253006516,73.2,5.323254218582704,0.0,0.008401258040314,0.04472203230450337,73.2,5.323254218582704,0.0,0.008401258040314209,0.04472203230450447
0.791,70.96067907857453,6.75544012002949,-18.216218281866496,0.00863023739235482,0.05830105192569243,70.96067907857453,6.75544012002949,-18.216218281866496,0.008630237392353121,0.058301051925680955,79.42387933565222,7.561134813244015,-20.388794774199198,0.004063260094789897,0.03072285735798107,79.42387933565222,7.561134813244015,-20.388794774199198,0.004063260094791523,0.03072285735799336,65.6725,4.756022211684548,0.0,0.018063669193839803,0.08591121191042402,65.6725,4.756022211684548,0.0,0.01806366919383809,0.08591121191041586,73.505,5.323254218582704,0.0,0.008304856822342443,0.04420886411425976,73.505,5.323254218582704,0.0,0.008304856822342695,0.0442088641142611
0.792,71.34721142610331,6.737014334211201,-18.63505018683286,0.008246154193723033,0.05555445900522788,71.34721142610331,6.737014334211201,-18.63505018683286,0.00824615419372135,0.05555445900521654,79.85651187141839,7.5405114566400595,-20.857579108198244,0.003866916693188863,0.029158529626863314,79.85651187141839,7.5405114566400595,-20.857579108198244,0.0038669166931905607,0.029158529626876116,65.94500000000001,4.756022211684548,0.0,0.017900684951552174,0.08513605523394947,65.94500000000001,4.756022211684548,0.0,0.017900684951550474,0.08513605523394138,73.81,5.323254218582704,0.0,0.008208220269904214,0.04369444317882367,73.81,5.323254218582704,0.0,0.008208220269904509,0.04369444317882524
0.793,71.73267607269513,6.718170633296831,-19.052041168769804,0.007862703495807878,0.05282298372385682,71.73267607269513,6.718170633296831,-19.052041168769804,0.007862703495806207,0.05282298372384559,80.28794936576885,7.519420341855168,-21.324302959540514,0.003670848275761502,0.02760265119662501,80.28794936576885,7.519420341855168,-21.324302959540514,0.003670848275763275,0.02760265119663834,66.21750000000002,4.756022211684548,0.0,0.017737295801058078,0.08435897280505128,66.21750000000002,4.756022211684548,0.0,0.017737295801056388,0.08435897280504324,74.11500000000002,5.323254218582704,0.0,0.008111351121386256,0.04317878407532494,74.11500000000002,5.323254218582704,0.0,0.008111351121386595,0.043178784075326736
0.794,72.11704912673589,6.69891088012517,-19.46714739617649,0.007479931620911748,0.050107395317918,72.11704912673589,6.69891088012517,-19.46714739617649,0.00747993162091009,0.0501073953179069,80.718165077631,7.497863553901566,-21.78891726911497,0.003475080331619073,0.026055678165326817,80.718165077631,7.497863553901566,-21.78891726911497,0.0034750803316209167,0.02605567816534064,66.49000000000001,4.756022211684548,0.0,0.01757350543817185,0.0835799822011045,66.49000000000001,4.756022211684548,0.0,0.017573505438170177,0.08357998220109655,74.42,5.323254218582704,0.0,0.008014252121766603,0.04266190141597946,74.42,5.323254218582704,0.0,0.008014252121766985,0.042661901415981494
0.795,72.50030680460003,6.679236981366485,-19.880325037552183,0.007097884812214753,0.04740845472722429,72.50030680460003,6.679236981366485,-19.880325037552183,0.007097884812213109,0.047408454727213306,81.14713238680002,7.475843226850562,-22.2513729778107,0.003279638269193055,0.0245180615412668,81.14713238680002,7.475843226850562,-22.2513729778107,0.0032796382691949733,0.02451806154128114,66.7625,4.756022211684548,0.0,0.01740931756778312,0.08279910104264653,66.7625,4.756022211684548,0.0,0.017409317567781458,0.08279910104263863,74.725,5.323254218582704,0.0,0.007916926022536538,0.04214380984767482,74.725,5.323254218582704,0.0,0.007916926022536967,0.0421438098476771
0.796,72.88242543316171,6.659150887522576,-20.291530261396368,0.006716609223454121,0.044726914271506824,72.88242543316171,6.659150887522576,-20.291530261396368,0.00671660922345249,0.04472691427149597,81.57482479674981,7.4533615438326075,-22.711621026517033,0.003084547409226883,0.022990247040060148,81.57482479674981,7.4533615438326075,-22.711621026517033,0.0030845474092288717,0.022990247040074973,67.03500000000001,4.756022211684548,0.0,0.01724473590377301,0.08201634699297844,67.03500000000001,4.756022211684548,0.0,0.01724473590377136,0.0820163469929706,75.03000000000002,5.323254218582704,0.0,0.007819375581622675,0.04162452405155549,75.03000000000002,5.323254218582704,0.0,0.007819375581623144,0.04162452405155799
0.797,73.2633814523065,6.638654592926702,-20.700719236208034,0.006336150908717797,0.0420635173316361,73.2633814523065,6.638654592926702,-20.700719236208034,0.0063361509087161766,0.04206351733162535,82.00121593744399,7.430420737037226,-23.16961235612275,0.002889832977866566,0.02147267488531377,82.00121593744399,7.430420737037226,-23.16961235612275,0.002889832977868627,0.021472674885329085,67.30750000000002,4.756022211684548,0.0,0.01707976416893016,0.08123173775776571,67.30750000000002,4.756022211684548,0.0,0.01707976416892852,0.08123173775775792,75.33500000000002,5.323254218582704,0.0,0.007721603563308798,0.0411040587426068,75.33500000000002,5.323254218582704,0.0,0.007721603563309311,0.041104058742609535
0.798,73.64315141744234,6.61775013574367,-21.107848130486857,0.005956555812357133,0.03941899803579116,73.64315141744234,6.61775013574367,-21.107848130486857,0.005956555812355529,0.03941899803578055,82.42627956814646,7.407023087713098,-23.6252979075174,0.0026955200998539652,0.019965779613013036,82.42627956814646,7.407023087713098,-23.6252979075174,0.0026955200998561002,0.01996577961302885,67.58000000000001,4.756022211684548,0.0,0.016914406094866483,0.08044529108463748,67.58000000000001,4.756022211684548,0.0,0.01691440609486486,0.08044529108462976,75.64000000000001,5.323254218582704,0.0,0.007623612738157517,0.04058242866923784,75.64000000000001,5.323254218582704,0.0,0.0076236127381580756,0.04058242866924082
0.799,74.02171200201111,6.596439597969742,-21.512873112731807,0.005577869759024835,0.03679408095074937,74.02171200201111,6.596439597969742,-21.512873112731807,0.0055778697590232445,0.036794080950738876,82.84998958023262,7.383170926167968,-24.078628621589726,0.0025016337918266915,0.01846998987973416,82.84998958023262,7.383170926167968,-24.078628621589726,0.0025016337918288955,0.01846998987975043,67.8525,4.756022211684548,0.0,0.016748665421932773,0.07965702476278522,67.8525,4.756022211684548,0.0,0.01674866542193116,0.07965702476277754,75.94500000000001,5.323254218582704,0.0,0.007525405882931765,0.04005964861286362,75.94500000000001,5.323254218582704,0.0,0.007525405882932365,0.040059648612866816
0.8,74.39904000000004,6.574725105432713,-21.915750351442334,0.0052001384438420985,0.03418948077845445,74.39904000000004,6.574725105432713,-21.915750351442334,0.005200138443840521,0.034189480778444074,83.27232000000002,7.358866631768724,-24.529555439229036,0.0023081989557280054,0.016985728274790234,83.27232000000002,7.358866631768724,-24.529555439229036,0.002308198955730281,0.01698572827480698,68.12500000000001,4.756022211684548,0.0,0.016582545899134098,0.07886695662256028,68.12500000000001,4.756022211684548,0.0,0.016582545899132495,0.07886695662255265,76.25000000000001,5.323254218582704,0.0,0.007426985780516097,0.03953573338748607,76.25000000000001,5.323254218582704,0.0,0.007426985780516741,0.0395357333874895
0.801,74.77511232845292,6.552608827791879,-22.31643601511782,0.004823407422701072,0.03160590205802792,74.77511232845292,6.552608827791879,-22.31643601511782,0.0048234074226995065,0.03160590205801766,83.69324499147942,7.334112632941368,-24.978029301324533,0.0021152403723305705,0.01551341113641724,83.69324499147942,7.334112632941368,-24.978029301324533,0.0021152403723329175,0.015513411136434454,68.39750000000001,4.756022211684548,0.0,0.016416051284045,0.07807510453507066,68.39750000000001,4.756022211684548,0.0,0.016416051284043408,0.07807510453506308,76.555,5.323254218582704,0.0,0.007328355219837877,0.039010697839274563,76.555,5.323254218582704,0.0,0.007328355219838566,0.03901069783927823
0.802,75.14990602998168,6.530092978537991,-22.71488627225739,0.004447722102706842,0.029044038873374176,75.14990602998168,6.530092978537991,-22.71488627225739,0.0044477221027052925,0.02904403887336406,84.11273885924554,7.308911407170962,-25.42400114876515,0.0019227826948773064,0.014053448372099668,84.11273885924554,7.308911407170962,-25.42400114876515,0.0019227826948797241,0.014053448372117338,68.67000000000002,4.756022211684548,0.0,0.016249185342724494,0.07728148641177668,68.67000000000002,4.756022211684548,0.0,0.01624918534272292,0.0772814864117692,76.86000000000001,5.323254218582704,0.0,0.007229516995788192,0.03848455684614485,76.86000000000001,5.323254218582704,0.0,0.007229516995788922,0.03848455684614874
0.803,75.52339827527753,6.507179814993374,-23.111057291360392,0.004073127732763681,0.02650457456652955,75.52339827527753,6.507179814993374,-23.111057291360392,0.00407312773276214,0.026504574566519525,84.53077605122805,7.283265481001758,-25.867421922440073,0.0017308504428425481,0.012606243283131736,84.53077605122805,7.283265481001758,-25.867421922440073,0.0017308504428450366,0.01260624328314986,68.94250000000001,4.756022211684548,0.0,0.016081951849630897,0.07648612020408595,68.94250000000001,4.756022211684548,0.0,0.01608195184962933,0.07648612020407848,77.165,5.323254218582704,0.0,0.007130473909142696,0.03795732531733776,77.165,5.323254218582704,0.0,0.007130473909143471,0.03795732531734189
0.804,75.89556636562233,6.4838716383117845,-23.50490524092626,0.0036996693943101913,0.02398818145689799,75.89556636562233,6.4838716383117845,-23.50490524092626,0.0036996693943086682,0.02398818145688811,84.94733116152223,7.257177430037043,-26.308242563238565,0.0015394679958168444,0.011172192393506364,84.94733116152223,7.257177430037043,-26.308242563238565,0.0015394679958193997,0.011172192393524908,69.215,4.756022211684548,0.0,0.01591435458753642,0.0756890239029471,69.215,4.756022211684548,0.0,0.015914354587534867,0.0756890239029397,77.47000000000001,5.323254218582704,0.0,0.007031228766482213,0.03742901819299651,77.47000000000001,5.323254218582704,0.0,0.007031228766483032,0.03742901819300087
0.805,76.26638773540002,6.460170793478536,-23.896386289454036,0.0033273919922077715,0.021495520566515006,76.26638773540002,6.460170793478536,-23.896386289454036,0.003327391992206259,0.021495520566505232,85.36237893320002,7.230649878939278,-26.74641401204947,0.0013486595875182444,0.009751685283219092,85.36237893320002,7.230649878939278,-26.74641401204947,0.001348659587520869,0.00975168528323807,69.4875,4.756022211684548,0.0,0.01574639734744163,0.07489021553844304,69.4875,4.756022211684548,0.0,0.015746397347440093,0.07489021553843572,77.775,5.323254218582704,0.0,0.006931784380113242,0.03689965044374351,77.775,5.323254218582704,0.0,0.0069317843801141015,0.036899650443748086
0.806,76.63583995460813,6.436079669310391,-24.285456605443205,0.0029563402457858587,0.01902724135146645,76.63583995460813,6.436079669310391,-24.285456605443205,0.002956340245784358,0.019027241351456795,85.77589426112102,7.203685501429979,-27.181887209762117,0.0011584492999328136,0.008345104426067718,85.77589426112102,7.203685501429979,-27.181887209762117,0.0011584492999355063,0.008345104426087116,69.76,4.756022211684548,0.0,0.015578083928489686,0.07408971317938302,69.76,4.756022211684548,0.0,0.015578083928488157,0.07408971317937575,78.08000000000001,5.323254218582704,0.0,0.0068321435679882195,0.03636923707025598,78.08000000000001,5.323254218582704,0.0,0.006832143567989124,0.036369237070260796
0.807,77.00390073136894,6.411600698455656,-24.672072357392928,0.0025865586800493407,0.01658398143960089,77.00390073136894,6.411600698455656,-24.672072357392928,0.002586558680047854,0.01658398143959136,86.18785219474321,7.176287020289816,-27.614613097265476,0.0009688610575875841,0.006952825032030045,86.18785219474321,7.176287020289816,-27.614613097265476,0.0009688610575903467,0.006952825032049869,70.03250000000001,4.756022211684548,0.0,0.015409418137880422,0.07328753493289403,70.03250000000001,4.756022211684548,0.0,0.015409418137878909,0.07328753493288684,78.385,5.323254218582704,0.0,0.006732309153625718,0.035837793102841055,78.385,5.323254218582704,0.0,0.006732309153626666,0.035837793102846106
0.808,77.3705479144407,6.386736357394118,-25.056189713802656,0.002218091617050593,0.014166366374648133,77.3705479144407,6.386736357394118,-25.056189713802656,0.0022180916170491238,0.014166366374638749,86.59822794093363,7.148457207358553,-28.044542615448844,0.0007799186219580177,0.005575214894288943,86.59822794093363,7.148457207358553,-28.044542615448844,0.0007799186219608458,0.005575214894309159,70.30500000000002,4.756022211684548,0.0,0.015240403790784195,0.07248369894401101,70.30500000000002,4.756022211684548,0.0,0.015240403790782696,0.07248369894400389,78.69000000000001,5.323254218582704,0.0,0.0066322839660303895,0.0353053336010097,78.69000000000001,5.323254218582704,0.0,0.006632283966031381,0.035305333601014975
0.809,77.73575949572948,6.361489166437075,-25.437764843171713,0.00185098316743036,0.011775009366865619,77.73575949572948,6.361489166437075,-25.437764843171713,0.001850983167428901,0.011775009366856338,87.00699686677979,7.120198883535075,-28.471626705201363,0.0005916455860125237,0.004212634240974826,87.00699686677979,7.120198883535075,-28.471626705201363,0.0005916455860154233,0.004212634240995472,70.57750000000001,4.756022211684548,0.0,0.015071044710255629,0.07167822339526668,70.57750000000001,4.756022211684548,0.0,0.015071044710254142,0.07167822339525962,78.995,5.323254218582704,0.0,0.0065320708396128385,0.03477187365305011,78.995,5.323254218582704,0.0,0.006532070839613872,0.03477187365305561
0.81,78.09951361280004,6.335861689727287,-25.81675391399917,0.0014852772221313915,0.00941051105032685,78.09951361280004,6.335861689727287,-25.81675391399917,0.0014852772221299465,0.009410511050317694,87.41413450240003,7.09151491877733,-28.895816307411916,0.00040406536889673987,0.002865435591692496,87.41413450240003,7.09151491877733,-28.895816307411916,0.00040406536889970495,0.0028654355917135227,70.85000000000002,4.756022211684548,0.0,0.01490134472714709,0.07087112650627997,70.85000000000002,4.756022211684548,0.0,0.014901344727145611,0.07087112650627295,79.30000000000001,5.323254218582704,0.0,0.006431672614109267,0.0342374283756,79.30000000000001,5.323254218582704,0.0,0.006431672614110345,0.03423742837560575
0.811,78.46178855138737,6.309856535239077,-26.193113094784437,0.0011210174442870709,0.007073459246951782,78.46178855138737,6.309856535239077,-26.193113094784437,0.0011210174442856363,0.00707345924694273,87.81961654375466,7.062408232102452,-29.317062362969736,0.00021720121075902024,0.0015339636188871242,87.81961654375466,7.062408232102452,-29.317062362969736,0.00021720121076205298,0.0015339636189085426,71.1225,4.756022211684548,0.0,0.01473130768002209,0.07006242653334423,71.1225,4.756022211684548,0.0,0.014731307680020629,0.07006242653333727,79.605,5.323254218582704,0.0,0.0063310921345010466,0.033702012913218476,79.605,5.323254218582704,0.0,0.006331092134502168,0.033702012913224444
0.812,78.82256274790817,6.2834763547782275,-26.56679855402691,0.0007582472612890946,0.004764428737385374,78.82256274790817,6.2834763547782275,-26.56679855402691,0.0007582472612876756,0.004764428737376458,88.22341885545684,7.0328817915866395,-29.73531581276406,3.10761677197696e-05,0.00021855501410866015,88.22341885545684,7.0328817915866395,-29.73531581276406,3.1076167722867386e-05,0.00021855501413044648,71.39500000000001,4.756022211684548,0.0,0.014560937415068392,0.06925214176901386,71.39500000000001,4.756022211684548,0.0,0.014560937415066939,0.06925214176900694,79.91000000000001,5.323254218582704,0.0,0.0062303322509340555,0.03316564243795659,79.91000000000001,5.323254218582704,0.0,0.0062303322509352195,0.033165642437962786
0.8130000000000001,79.18181479197196,6.2567238439820345,-26.937766460225745,0.0003970098570369937,0.0024839810388192574,79.18181479197196,6.2567238439820345,-26.937766460225745,0.0003970098570355851,0.002483981038810444,88.6255174735833,7.002938614365212,-30.15052759768386,-0.00015428689301377838,-0.001080461640776623,88.6255174735833,7.002938614365212,-30.15052759768386,-0.00015428689301061425,-0.0010804616407544647,71.6675,4.756022211684548,0.0,0.014390237786011085,0.06844029054169098,71.6675,4.756022211684548,0.0,0.014390237786009646,0.06844029054168416,80.215,5.323254218582704,0.0,0.006129395818637957,0.03262833214892769,80.215,5.323254218582704,0.0,0.006129395818639163,0.03262833214893411
0.8140000000000001,79.53952342889266,6.229601742319287,-27.305972981880373,3.734816437150901e-05,0.0002326641898411796,79.53952342889266,6.229601742319287,-27.305972981880373,3.734816437011429e-05,0.00023266418983249108,89.02588860848537,6.9725817666325955,-30.5626486586184,-0.0003388652978857814,-0.0023627659973829225,89.02588860848537,6.9725817666325955,-30.5626486586184,-0.00033886529788255135,-0.0023627659973604006,71.94000000000001,4.756022211684548,0.0,0.014219212654025344,0.06762689121521052,71.94000000000001,4.756022211684548,0.0,0.014219212654023919,0.06762689121520375,80.52000000000001,5.323254218582704,0.0,0.006028285697845246,0.03209009727187649,80.52000000000001,5.323254218582704,0.0,0.006028285697846495,0.03209009727188314
0.8150000000000001,79.89566756219999,6.202112833090299,-27.671374287489982,-0.000320695142304624,-0.001988987457597228,79.89566756219999,6.202112833090299,-27.671374287489982,-0.0003206951423060031,-0.001988987457605781,89.42450864759999,6.941814363642353,-30.971629936456676,-0.00052263657158115,-0.0036280460595668213,89.42450864759999,6.941814363642353,-30.971629936456676,-0.0005226365715778557,-0.0036280460595439533,72.2125,4.756022211684548,0.0,0.014047865887649159,0.06681196218842507,72.2125,4.756022211684548,0.0,0.014047865887647747,0.06681196218841835,80.82500000000002,5.323254218582704,0.0,0.005927004753710249,0.031550953058747826,80.82500000000002,5.323254218582704,0.0,0.0059270047537115424,0.03155095305875471
0.8160000000000001,80.25022625615055,6.1742599434268435,-28.033926545553943,-0.0006770776542166877,-0.004180453439019505,80.25022625615055,6.1742599434268435,-28.033926545553943,-0.0006770776542180529,-0.004180453439027935,89.82135415826025,6.910639569707109,-31.377422372087896,-0.0007055784414647694,-0.004875998297118706,89.82135415826025,6.910639569707109,-31.377422372087896,-0.0007055784414614088,-0.004875998297095482,72.48500000000001,4.756022211684548,0.0,0.013876201362695764,0.06599552189478844,72.48500000000001,4.756022211684548,0.0,0.013876201362694365,0.06599552189478179,81.13000000000002,5.323254218582704,0.0,0.005825555856227886,0.031010914787254273,81.13000000000002,5.323254218582704,0.0,0.005825555856229224,0.031010914787261395
0.8170000000000001,80.60317873823931,6.146045944292211,-28.393585924571465,-0.0010317572352164413,-0.0063412273709961536,80.60317873823931,6.146045944292211,-28.393585924571465,-0.0010317572352177926,-0.0063412273710044586,90.21640189050638,6.87906059819862,-31.77997690640109,-0.0008876688418693098,-0.006106327754351771,90.21640189050638,6.87906059819862,-31.77997690640109,-0.0008876688418658855,-0.006106327754328214,72.75750000000002,4.756022211684548,0.0,0.013704222962166022,0.06517758880193901,72.75750000000002,4.756022211684548,0.0,0.013704222962164636,0.06517758880193242,81.43500000000002,5.323254218582704,0.0,0.005723941880152385,0.030469997760443398,81.43500000000002,5.323254218582704,0.0,0.005723941880153766,0.03046999776045075
0.8180000000000001,80.95450440171115,6.117473750481201,-28.75030859304182,-0.001384692028587313,-0.008470817137383452,80.95450440171115,6.117473750481201,-28.75030859304182,-0.0013846920285886521,-0.008470817137391645,90.60962877989687,6.847080711547766,-32.17924448028534,-0.0010688859182307244,-0.007318748153562616,90.60962877989687,6.847080711547766,-32.17924448028534,-0.0010688859182272368,-0.0073187481535387355,73.03000000000002,4.756022211684548,0.0,0.013531934576160549,0.0643581814112817,73.03000000000002,4.756022211684548,0.0,0.013531934576159175,0.06435818141127517,81.74000000000002,5.323254218582704,0.0,0.005622165704915782,0.02992821730626394,81.74000000000002,5.323254218582704,0.0,0.0056221657049172055,0.02992821730627152
0.8190000000000001,81.30418280807193,6.0885463206201385,-29.10405071946449,-0.0017358404636539353,-0.010568745068163724,81.30418280807193,6.0885463206201385,-29.10405071946449,-0.0017358404636552624,-0.010568745068171802,91.00101195031903,6.814703221244558,-32.575176034629976,-0.001249208031069963,-0.008512981993337049,91.00101195031903,6.814703221244558,-32.575176034629976,-0.0012492080310664124,-0.008512981993312853,73.30250000000001,4.756022211684548,0.0,0.013359340101791753,0.06353731825756968,73.30250000000001,4.756022211684548,0.0,0.013359340101790393,0.06353731825756322,82.04500000000002,5.323254218582704,0.0,0.005520230214546362,0.029385588777131627,82.04500000000002,5.323254218582704,0.0,0.00552023021454783,0.029385588777139444
0.8200000000000001,81.65219368960001,6.059266657166796,-29.454768472338678,-0.0020851612621947714,-0.01263454811083261,81.65219368960001,6.059266657166796,-29.454768472338678,-0.0020851612621960846,-0.012634548110840567,91.3905287168,6.781931487838064,-32.96772251032402,-0.0014286137598205533,-0.009688760641685735,91.3905287168,6.781931487838064,-32.96772251032402,-0.0014286137598169394,-0.009688760641661227,73.57500000000002,4.756022211684548,0.0,0.013186443443095656,0.06271501790848501,73.57500000000002,4.756022211684548,0.0,0.01318644344309431,0.06271501790847861,82.35000000000002,5.323254218582704,0.0,0.005418138297586905,0.028842127549494005,82.35000000000002,5.323254218582704,0.0,0.005418138297588415,0.028842127549502043
0.8210000000000001,81.99851695185777,6.02963780641047,-29.8024180201635,-0.0024326134446566294,-0.014667777994284016,81.99851695185777,6.02963780641047,-29.8024180201635,-0.0024326134446579304,-0.01466777799429186,91.77815658831786,6.748768920936489,-33.35683484825639,-0.001607081906501251,-0.010845824423995003,91.77815658831786,6.748768920936489,-33.35683484825639,-0.001607081906497576,-0.010845824423970201,73.84750000000001,4.756022211684548,0.0,0.013013248510943626,0.06189129896421875,73.84750000000001,4.756022211684548,0.0,0.013013248510942295,0.06189129896421242,82.65500000000002,5.323254218582704,0.0,0.005315892847012859,0.028297849023394824,82.65500000000002,5.323254218582704,0.0,0.005315892847014412,0.02829784902340309
0.8220000000000001,82.3431326762025,5.999662858471976,-30.14695553143851,-0.002778156336169204,-0.016668001385142957,82.3431326762025,5.999662858471976,-30.14695553143851,-0.0027781563361704885,-0.016668001385150667,92.16387327061196,6.715218979207165,-33.7424639893165,-0.001784591499233031,-0.01198392270578142,92.16387327061196,6.715218979207165,-33.7424639893165,-0.0017845914992292936,-0.011983922705756322,74.12000000000002,4.756022211684548,0.0,0.012839759222953863,0.061066180057050105,74.12000000000002,4.756022211684548,0.0,0.012839759222952543,0.061066180057043826,82.96000000000002,5.323254218582704,0.0,0.005213496760150335,0.02775276862203753,82.96000000000002,5.323254218582704,0.0,0.005213496760151932,0.02775276862204603
0.8230000000000001,82.68602112229827,5.969344947303617,-30.488337174663066,-0.003121749572359147,-0.018634800036509303,82.68602112229827,5.969344947303617,-30.488337174663066,-0.0031217495723604204,-0.018634800036516904,92.54765666899439,6.681285170376525,-34.124560874393524,-0.001961121795600383,-0.013102813970247023,92.54765666899439,6.681285170376525,-34.124560874393524,-0.0019611217955965827,-0.013102813970221632,74.39250000000001,4.756022211684548,0.0,0.01266597950340283,0.060239679850925085,74.39250000000001,4.756022211684548,0.0,0.012665979503401523,0.06023967985091886,83.26500000000001,5.323254218582704,0.0,0.005110952938594034,0.027206901791348364,83.26500000000001,5.323254218582704,0.0,0.005110952938595674,0.02720690179135709
0.8240000000000001,83.02716273062717,5.938687250689173,-30.826519118336016,-0.003463353104962326,-0.020567770929074528,83.02716273062717,5.938687250689173,-30.826519118336016,-0.003463353104963587,-0.020567770929082015,92.92948489116067,6.646971051230083,-34.50307644437609,-0.0021366522858563023,-0.014202265890631427,92.92948489116067,6.646971051230083,-34.50307644437609,-0.0021366522858524426,-0.01420226589060577,74.66500000000002,4.756022211684548,0.0,0.012491913283136445,0.059411817041034175,74.66500000000002,4.756022211684548,0.0,0.012491913283135148,0.059411817041028006,83.57000000000002,5.323254218582704,0.0,0.005008264288124996,0.02666026399953849,83.57000000000002,5.323254218582704,0.0,0.005008264288126678,0.026660263999547445
0.8250000000000001,83.36653812500003,5.907692990243955,-31.16145753095715,-0.0038029272072340253,-0.022466526404584474,83.36653812500003,5.907692990243955,-31.16145753095715,-0.0038029272072352726,-0.02246652640459184,93.30933625000004,6.6122802276125,-34.87796164015387,-0.0023111626959711716,-0.015282055397365777,93.30933625000004,6.6122802276125,-34.87796164015387,-0.002311162695967253,-0.015282055397339865,74.93750000000001,4.756022211684548,0.0,0.012317564499481213,0.05858261035338971,74.93750000000001,4.756022211684548,0.0,0.01231756449947993,0.0585826103533836,83.87500000000001,5.323254218582704,0.0,0.004905433718628289,0.02611287073666588,83.87500000000001,5.323254218582704,0.0,0.004905433718630014,0.026112870736675065
0.8260000000000001,83.70412811506897,5.876365431414762,-31.49310858102554,-0.004140432479156459,-0.02433069429162194,83.70412811506897,5.876365431414762,-31.49310858102554,-0.004140432479157694,-0.024330694291629196,93.68718926640746,6.577216354427533,-35.24916740261574,-0.002484632990525659,-0.016341968740035552,93.68718926640746,6.577216354427533,-35.24916740261574,-0.002484632990521679,-0.016341968740009375,75.21000000000002,4.756022211684548,0.0,0.012142937096155102,0.05775207854440193,75.21000000000002,4.756022211684548,0.0,0.012142937096153834,0.0577520785443959,84.18000000000002,5.323254218582704,0.0,0.00480246414401052,0.025564737514196176,84.18000000000002,5.323254218582704,0.0,0.004802464144012286,0.025564737514205578
0.8270000000000001,84.03991369883772,5.844707883479919,-31.821428437040424,-0.004475829852442797,-0.026159918023687178,84.03991369883772,5.844707883479919,-31.821428437040424,-0.004475829852444015,-0.0261599180236943,94.06302267209358,6.541783135638074,-35.61664467265075,-0.002657043375447275,-0.017381801544159844,94.06302267209358,6.541783135638074,-35.61664467265075,-0.002657043375443236,-0.017381801544133425,75.48250000000002,4.756022211684548,0.0,0.01196803502317842,0.05692024040045515,75.48250000000002,4.756022211684548,0.0,0.01196803502317716,0.056920240400449164,84.48500000000001,5.323254218582704,0.0,0.004699358482117294,0.025015879864563297,84.48500000000001,5.323254218582704,0.0,0.004699358482119103,0.02501587986457293
0.8280000000000001,84.37387606517355,5.812723699549207,-32.14637326750137,-0.004809080595338495,-0.02795385674956628,84.37387606517355,5.812723699549207,-32.14637326750137,-0.004809080595339702,-0.0279538567495733,94.43681541239607,6.505984324266085,-35.980344391148314,-0.002828374300591701,-0.01840135886280666,94.43681541239607,6.505984324266085,-35.980344391148314,-0.002828374300587601,-0.018401358862779982,75.75500000000002,4.756022211684548,0.0,0.011792862236784378,0.05608711473748242,75.75500000000002,4.756022211684548,0.0,0.011792862236783132,0.0560871147374765,84.79000000000002,5.323254218582704,0.0,0.004596119654650505,0.02446631334072918,84.79000000000002,5.323254218582704,0.0,0.004596119654652356,0.024466313340739034
0.8290000000000001,84.7059965963183,5.780416276563933,-32.467899240907286,-0.005140146317218702,-0.029712185435971143,84.7059965963183,5.780416276563933,-32.467899240907286,-0.005140146317219899,-0.02971218543597806,94.8085466490902,6.4698237223926585,-36.34021749899714,-0.0029986064621685534,-0.01940045522305803,94.8085466490902,6.4698237223926585,-36.34021749899714,-0.0029986064621643975,-0.019400455223031143,76.02750000000002,4.756022211684548,0.0,0.011617422699329683,0.05525272040054023,76.02750000000002,4.756022211684548,0.0,0.011617422699328452,0.055252720400534375,85.09500000000001,5.323254218582704,0.0,0.004492750587085567,0.023916053515743167,85.09500000000001,5.323254218582704,0.0,0.0044927505870874605,0.023916053515753245
0.8300000000000001,85.03625687040002,5.747789055296916,-32.7859625257579,-0.005468988972983776,-0.031434594962455674,85.03625687040002,5.747789055296916,-32.7859625257579,-0.005468988972984955,-0.031434594962462446,95.17819576320004,6.4333051811580155,-36.69621493708682,-0.003167720805013083,-0.020378914667352706,95.17819576320004,6.4333051811580155,-36.69621493708682,-0.0031677208050088683,-0.020378914667325592,76.30000000000003,4.756022211684548,0.0,0.01144172037920484,0.05441707626338197,76.30000000000003,4.756022211684548,0.0,0.011441720379203622,0.05441707626337618,85.40000000000002,5.323254218582704,0.0,0.004389254208588491,0.023365115982300573,85.40000000000002,5.323254218582704,0.0,0.004389254208590427,0.023365115982310877
0.8310000000000001,85.36463866394413,5.714845520352453,-33.100519290552135,-0.005795570867250879,-0.03312079220859387,85.36463866394413,5.714845520352453,-33.100519290552135,-0.005795570867252046,-0.033120792208600536,95.54574235780903,6.39643260076146,-37.04828764630606,-0.0033356985247034944,-0.02133657078972534,95.54574235780903,6.39643260076146,-37.04828764630606,-0.0033356985246992205,-0.021336570789698,76.5725,4.756022211684548,0.0,0.011265759250744458,0.05358020122803132,76.5725,4.756022211684548,0.0,0.011265759250743254,0.053580201228025585,85.70500000000001,5.323254218582704,0.0,0.0042856334519329065,0.022813516352301003,85.70500000000001,5.323254218582704,0.0,0.004285633451934886,0.02281351635231154
0.8320000000000001,85.69112395438488,5.681589200166334,-33.41152570378944,-0.006119854658344867,-0.03477050013343983,85.69112395438488,5.681589200166334,-33.41152570378944,-0.006119854658346023,-0.034770500133446396,95.91116626087114,6.359209930461401,-37.396386567544134,-0.003502521069525826,-0.022273266766978918,95.91116626087114,6.359209930461401,-37.396386567544134,-0.003502521069521497,-0.02227326676695139,76.84500000000001,4.756022211684548,0.0,0.01108954329413726,0.052742114224354236,76.84500000000001,4.756022211684548,0.0,0.01108954329413607,0.05274211422434858,86.01000000000002,5.323254218582704,0.0,0.004181891253416931,0.02226127025640579,86.01000000000002,5.323254218582704,0.0,0.0041818912534189534,0.022261270256416558
0.8330000000000001,86.0156949225767,5.648023667005879,-33.718937933969045,-0.006441803362087027,-0.03638345784726557,86.0156949225767,5.648023667005879,-33.718937933969045,-0.006441803362088169,-0.03638345784727202,96.27444752802162,6.321641168575387,-37.74046264169012,-0.003668170142286595,-0.023188855384817974,96.27444752802162,6.321641168575387,-37.74046264169012,-0.0036681701422822083,-0.023188855384790243,77.1175,4.756022211684548,0.0,0.010913076495336162,0.05190283420963135,77.1175,4.756022211684548,0.0,0.010913076495334986,0.05190283420962575,86.31500000000001,5.323254218582704,0.0,0.004078030552779991,0.021708393343595245,86.31500000000001,5.323254218582704,0.0,0.004078030552782054,0.02170839334360623
0.8340000000000001,86.33833395530553,5.614152536969908,-34.02271214959042,-0.0067613803553838794,-0.037959420675596905,86.33833395530553,5.614152536969908,-34.02271214959042,-0.006761380355385007,-0.03795942067560324,96.63556644538784,6.28373036248008,-38.080466809633315,-0.0038326277019746415,-0.02408319905898031,96.63556644538784,6.28373036248008,-38.080466809633315,-0.0038326277019701993,-0.024083199058952398,77.39000000000001,4.756022211684548,0.0,0.01073636284596801,0.051062380168128585,77.39000000000001,4.756022211684548,0.0,0.010736362845966848,0.051062380168123055,86.62000000000002,5.323254218582704,0.0,0.003974054293119485,0.021154901280725003,86.62000000000002,5.323254218582704,0.0,0.003974054293121591,0.021154901280736216
0.8350000000000001,86.65902364780004,5.579979469988714,-34.32280451915269,-0.007078549379616365,-0.03949816021556067,86.65902364780004,5.579979469988714,-34.32280451915269,-0.0070785493796174815,-0.039498160215566895,96.99450353240003,6.245481608611222,-38.41635001226264,-0.003995875965273394,-0.02495616985140659,96.99450353240003,6.245481608611222,-38.41635001226264,-0.003995875965268899,-0.02495616985137852,77.66250000000002,4.756022211684548,0.0,0.010559406343243384,0.05022077111066824,77.66250000000002,4.756022211684548,0.0,0.010559406343242234,0.050220771110662775,86.92500000000001,5.323254218582704,0.0,0.003869965420807422,0.0206008097520823,86.92500000000001,5.323254218582704,0.0,0.0038699654208095703,0.020600809752093736
0.8360000000000001,86.97774680624336,5.545508169824127,-34.61917121115531,-0.007393274543831638,-0.0409994643845711,86.97774680624336,5.545508169824127,-34.61917121115531,-0.007393274543832741,-0.04099946438457721,97.35123954460266,6.206899052463702,-38.74806319046741,-0.0041578974079251926,-0.02580764948149216,97.35123954460266,6.206899052463702,-38.74806319046741,-0.004157897407920641,-0.025807649481463905,77.93500000000003,4.756022211684548,0.0,0.010382210989866084,0.049378026074198514,77.93500000000003,4.756022211684548,0.0,0.01038221098986495,0.049378026074193115,87.23000000000002,5.323254218582704,0.0,0.0037657668854068965,0.020046134458941312,87.23000000000002,5.323254218582704,0.0,0.0037657668854090874,0.020046134458952976
0.8370000000000001,87.29448645028415,5.510742384069428,-34.91176839409736,-0.0077055203277374695,-0.042463137461371425,87.29448645028415,5.510742384069428,-34.91176839409736,-0.007705520327738561,-0.04246313746137744,97.70575547646483,6.16798688859147,-39.07555728513649,-0.004318674765948457,-0.02663752933246092,97.70575547646483,6.16798688859147,-39.07555728513649,-0.004318674765943854,-0.026637529332432526,78.20750000000002,4.756022211684548,0.0,0.010204780793942691,0.04853416412136331,78.20750000000002,4.756022211684548,0.0,0.010204780793941569,0.04853416412135798,87.53500000000001,5.323254218582704,0.0,0.003661461639588542,0.01949089111911845,87.53500000000001,5.323254218582704,0.0,0.003661461639590773,0.019490891119130327
0.8380000000000001,87.60922581554784,5.475685904149459,-35.200552236478394,-0.008015251584502144,-0.04388900011947,87.60922581554784,5.475685904149459,-35.200552236478394,-0.008015251584503221,-0.043889000119475906,98.05803256419117,6.12874936060765,-39.3987832371593,-0.0044781910367101265,-0.0274457104529161,98.05803256419117,6.12874936060765,-39.3987832371593,-0.004478191036705468,-0.02744571045288755,78.48000000000002,4.756022211684548,0.0,0.01002711976889182,0.04768920434007072,78.48000000000002,4.756022211684548,0.0,0.010027119768890709,0.04768920434006544,87.84000000000002,5.323254218582704,0.0,0.0035570526390468152,0.0189350954665267,87.84000000000002,5.323254218582704,0.0,0.003557052639049088,0.0189350954665388
0.8390000000000001,87.92194835614872,5.440342565320495,-35.48547890679745,-0.008322433543361013,-0.04527688945299799,87.92194835614872,5.440342565320495,-35.48547890679745,-0.00832243354336208,-0.045276889453003795,98.40805228853341,6.089190761184407,-39.717691987424665,-0.004636429479854666,-0.02823210355361406,98.40805228853341,6.089190761184407,-39.717691987424665,-0.004636429479849954,-0.028232103553585366,78.75250000000001,4.756022211684548,0.0,0.00984923193335338,0.04684316584306142,78.75250000000001,4.756022211684548,0.0,0.009849231933352288,0.04684316584305622,88.14500000000001,5.323254218582704,0.0,0.003452542842416296,0.018378763250730068,88.14500000000001,5.323254218582704,0.0,0.00345254284241861,0.018378763250742388
0.8400000000000001,88.23263774720002,5.4047162466703735,-35.76650457355402,-0.008627031812030918,-0.04662665899502566,88.23263774720002,5.4047162466703735,-35.76650457355402,-0.00862703181203197,-0.046626658995031336,98.7557963776,6.049315432053079,-40.03223447682193,-0.004793373618091167,-0.028996628999514995,98.7557963776,6.049315432053079,-40.03223447682193,-0.004793373618086402,-0.02899662899948617,79.02500000000002,4.756022211684548,0.0,0.009671121311097668,0.04599606776747629,79.02500000000002,4.756022211684548,0.0,0.009671121311096587,0.04599606776747116,88.45000000000002,5.323254218582704,0.0,0.003347935211187791,0.017821910236496985,88.45000000000002,5.323254218582704,0.0,0.0033479352111901502,0.017821910236509544
0.8410000000000001,88.54127788732657,5.3688108711184075,-36.043585405247306,-0.008929012378936233,-0.047938178728383685,88.54127788732657,5.3688108711184075,-36.043585405247306,-0.00892901237893727,-0.04793817872838925,99.10124680966827,6.009127764004089,-40.3423616462401,-0.004949007237841462,-0.029739216797170315,99.10124680966827,6.009127764004089,-40.3423616462401,-0.0049490072378366445,-0.029739216797141366,79.29750000000001,4.756022211684548,0.0,0.009492791930934368,0.0451479292744237,79.29750000000001,4.756022211684548,0.0,0.0094927919309333,0.04514792927441862,88.75500000000001,5.323254218582704,0.0,0.0032432327096244724,0.01726455220335389,88.75500000000001,5.323254218582704,0.0,0.003243232709626871,0.017264552203366656
0.8420000000000001,88.84785290117529,5.332630405415408,-36.31667757037664,-0.009228341615246697,-0.04921133508902487,88.84785290117529,5.332630405415408,-36.31667757037664,-0.009228341615247724,-0.04921133508903035,99.44438581599435,5.96863219688697,-40.64802443656835,-0.005103314389750114,-0.030459806577499113,99.44438581599435,5.96863219688697,-40.64802443656835,-0.005103314389745247,-0.03045980657747006,79.57000000000002,4.756022211684548,0.0,0.009314247826621366,0.044298769548545745,79.57000000000002,4.756022211684548,0.0,0.009314247826620312,0.04429876954854073,89.06000000000002,5.323254218582704,0.0,0.0031384383046778232,0.016706704945137773,89.06000000000002,5.323254218582704,0.0,0.003138438304680265,0.01670670494515077
0.8430000000000001,89.15234714192708,5.296178860143678,-36.58573723744127,-0.009524986276731002,-0.05044603096198138,89.15234714192708,5.296178860143678,-36.58573723744127,-0.009524986276732015,-0.05044603096198674,99.78519588362481,5.927833219610355,-40.94917378869574,-0.005256279389059415,-0.031158347574019623,99.78519588362481,5.927833219610355,-40.94917378869574,-0.005256279389054497,-0.03115834757399047,79.84250000000002,4.756022211684548,0.0,0.009135493036773593,0.04344860779758473,79.84250000000002,4.756022211684548,0.0,0.00913549303677255,0.04344860779757977,89.36500000000001,5.323254218582704,0.0,0.00303355496590361,0.016148384269548906,89.36500000000001,5.323254218582704,0.0,0.003033554965906093,0.01614838426956212
0.8440000000000001,89.4547451938079,5.259460289717043,-36.8507205749406,-0.00981891350542733,-0.05164218566996141,89.4547451938079,5.259460289717043,-36.8507205749406,-0.009818913505428335,-0.0516421856699667,100.123659758207,5.886735370142011,-41.245760643511495,-0.005407886815850933,-0.03183479859659434,100.123659758207,5.886735370142011,-41.245760643511495,-0.005407886815845961,-0.03183479859656507,80.11500000000002,4.756022211684548,0.0,0.00895653160477157,0.042597463251948235,80.11500000000002,4.756022211684548,0.0,0.008956531604770543,0.04259746325194335,89.67000000000002,5.323254218582704,0.0,0.0029285856653777,0.015589605997702679,89.67000000000002,5.323254218582704,0.0,0.0029285856653802245,0.015589605997716116
0.8450000000000001,89.75503187459995,5.222478792380827,-37.111583751373864,-0.010110090831134086,-0.05279973495464162,89.75503187459995,5.222478792380827,-37.111583751373864,-0.010110090831135076,-0.052799734954646786,100.45976044679993,5.845343235508816,-41.53773594190469,-0.005558121515156265,-0.03248912800075468,100.45976044679993,5.845343235508816,-41.53773594190469,-0.005558121515151246,-0.03248912800072535,80.38750000000002,4.756022211684548,0.0,0.008777367578670066,0.041745355164274654,80.38750000000002,4.756022211684548,0.0,0.008777367578669051,0.041745355164269825,89.97500000000001,5.323254218582704,0.0,0.002823533377611867,0.015030385963681444,89.97500000000001,5.323254218582704,0.0,0.0028235333776144332,0.015030385963695103
0.8460000000000001,90.05319223815371,5.185238510211817,-37.368282935240245,-0.010398486172723875,-0.05391863095071293,90.05319223815371,5.185238510211817,-37.368282935240245,-0.010398486172724852,-0.053918630950717986,100.7934812206858,5.803661451796712,-41.82505062476431,-0.005706968596939739,-0.033121313652673526,100.7934812206858,5.803661451796712,-41.82505062476431,-0.005706968596934672,-0.03312131365264412,80.66000000000003,4.756022211684548,0.0,0.008598005011106394,0.040892302808997055,80.66000000000003,4.756022211684548,0.0,0.008598005011105393,0.040892302808992295,90.28000000000002,5.323254218582704,0.0,0.0027184010794694814,0.014470740014085694,90.28000000000002,5.323254218582704,0.0,0.0027184010794720896,0.014470740014099578
0.8470000000000001,90.3492115768985,5.147743629118363,-37.620774295039205,-0.010684067839282428,-0.05499884215273451,90.3492115768985,5.147743629118363,-37.620774295039205,-0.010684067839283393,-0.05499884215273948,101.12480561817996,5.761694704150828,-42.10765563297966,-0.005854413435954709,-0.0337313428898497,101.12480561817996,5.761694704150828,-42.10765563297966,-0.005854413435949593,-0.03373134288982022,80.93250000000002,4.756022211684548,0.0,0.008418447959208885,0.04003832548190791,80.93250000000002,4.756022211684548,0.0,0.008418447959207896,0.040038325481903204,90.58500000000001,5.323254218582704,0.0,0.002613191750081177,0.013910684007585144,90.58500000000001,5.323254218582704,0.0,0.0026131917500838257,0.013910684007599245
0.8480000000000001,90.64307542435435,5.109998378840265,-37.869013999269974,-0.010966804531076547,-0.05604035337485923,90.64307542435435,5.109998378840265,-37.869013999269974,-0.010966804531077498,-0.056040353374864085,101.45371744744247,5.719447726775343,-42.38550190743979,-0.006000441671477026,-0.03431921247757732,101.45371744744247,5.719447726775343,-42.38550190743979,-0.00600044167147186,-0.03431921247754777,81.20500000000003,4.756022211684548,0.0,0.008238700484505,0.03918344249972203,81.20500000000003,4.756022211684548,0.0,0.008238700484504029,0.039183442499717405,90.89000000000001,5.323254218582704,0.0,0.002507908370760405,0.013350233814469203,90.89000000000001,5.323254218582704,0.0,0.0025079083707630952,0.013350233814483524
0.8490000000000001,90.9347695576431,5.0720070329488385,-38.112958216431856,-0.011246665340353564,-0.05704316570349522,90.9347695576431,5.0720070329488385,-38.112958216431856,-0.011246665340354503,-0.05704316570349998,101.7802007892886,5.676925302933562,-42.65854038903382,-0.00614503920691767,-0.03488492856126971,101.7802007892886,5.676925302933562,-42.65854038903382,-0.0061450392069124565,-0.03488492856124011,81.47750000000002,4.756022211684548,0.0,0.008058766652829542,0.03832767319964004,81.47750000000002,4.756022211684548,0.0,0.008058766652828581,0.03832767319963547,91.19500000000001,5.323254218582704,0.0,0.0024025539249189825,0.012789405316197407,91.19500000000001,5.323254218582704,0.0,0.0024025539249217143,0.01278940531621195
0.8500000000000001,91.22428000000006,5.03377390884692,-38.35256311502419,-0.01152361975197589,-0.05800729644296926,91.22428000000006,5.03377390884692,-38.35256311502419,-0.011523619751976816,-0.05800729644297392,102.10424000000006,5.634132264947929,-42.92672201865092,-0.006288192209317783,-0.03542850661471152,102.10424000000006,5.634132264947929,-42.92672201865092,-0.006288192209312523,-0.03542850661468188,81.75000000000003,4.756022211684548,0.0,0.007878650534232624,0.03747103693891069,81.75000000000003,4.756022211684548,0.0,0.00787865053423168,0.0374710369389062,91.50000000000001,5.323254218582704,0.0,0.0022971313979825224,0.012228214404949247,91.50000000000001,5.323254218582704,0.0,0.0022971313979852945,0.012228214404964004
0.8510000000000001,91.51159302328493,4.9953033677688135,-38.58778486354616,-0.011797637643893192,-0.05893277905425579,91.51159302328493,4.9953033677688135,-38.58778486354616,-0.011797637643894108,-0.058932779054260365,102.42581971413543,5.591073494199956,-43.18999773718011,-0.006429887108728459,-0.03594997138430968,102.42581971413543,5.591073494199956,-43.18999773718011,-0.0064298871087231525,-0.03594997138428001,82.02250000000002,4.756022211684548,0.0,0.007698356202887667,0.03661355309439326,82.02250000000002,4.756022211684548,0.0,0.007698356202886734,0.03661355309438882,91.80500000000002,5.323254218582704,0.0,0.0021916437773058595,0.01166667698317395,91.80500000000002,5.323254218582704,0.0,0.002191643777308673,0.011666676983188925
0.8520000000000001,91.79669515049375,4.956599814780355,-38.81857963049728,-0.012068689287457152,-0.05981966308685178,91.79669515049375,4.956599814780355,-38.81857963049728,-0.012068689287458056,-0.05981966308685625,102.74492484734162,5.5477539211303055,-43.44831848551072,-0.00657011059747885,-0.03644935682942307,102.74492484734162,5.5477539211303055,-43.44831848551072,-0.006570110597473498,-0.036449356829393376,82.29500000000003,4.756022211684548,0.0,0.007517887736999174,0.035755241062118956,82.29500000000003,4.756022211684548,0.0,0.007517887736998257,0.03575524106211459,92.11000000000003,5.323254218582704,0.0,0.002086094052088383,0.011104808963139772,92.11000000000003,5.323254218582704,0.0,0.002086094052091238,0.011104808963154971
0.8530000000000001,92.0795731582695,4.917667698778852,-39.04490358437658,-0.01233674534757983,-0.06066801410385361,92.0795731582695,4.917667698778852,-39.04490358437658,-0.01233674534758072,-0.060668014103858,103.06154059916402,5.504178525238715,-43.70163520453158,-0.006708849629334613,-0.03692670605883929,103.06154059916402,5.504178525238715,-43.70163520453158,-0.006708849629329215,-0.03692670605880958,82.56750000000002,4.756022211684548,0.0,0.007337249218710562,0.03489612025685253,82.56750000000002,4.756022211684548,0.0,0.007337249218709658,0.034896120256848226,92.41500000000002,5.323254218582704,0.0,0.001980485213289344,0.010542626266483167,92.41500000000002,5.323254218582704,0.0,0.00198048521329224,0.010542626266498583
0.8540000000000001,92.3602140794143,4.878511512493131,-39.266712893683554,-0.012601776882742577,-0.06147791360032946,92.3602140794143,4.878511512493131,-39.266712893683554,-0.012601776882743453,-0.061477913600333736,103.3756524558582,5.460352335084055,-43.949898835132046,-0.006846091418551091,-0.03738207126348436,103.3756524558582,5.460352335084055,-43.949898835132046,-0.006846091418545649,-0.03738207126345464,82.84000000000003,4.756022211684548,0.0,0.00715644473401175,0.0340362101116528,82.84000000000003,4.756022211684548,0.0,0.007156444734010859,0.03403621011164856,92.72000000000003,5.323254218582704,0.0,0.0018748202535430825,0.00998014482375751,92.72000000000003,5.323254218582704,0.0,0.0018748202535460202,0.009980144823773147
0.8550000000000001,92.63860520540005,4.839135792483508,-39.483963726917445,-0.01286375534485558,-0.06224945891504166,92.63860520540005,4.839135792483508,-39.483963726917445,-0.012863755344856445,-0.06224945891504585,103.68724619320005,5.416280428284292,-44.19306031820118,-0.006981823438822721,-0.037815513645432036,103.68724619320005,5.416280428284292,-44.19306031820118,-0.006981823438817232,-0.03781551364540231,83.11250000000004,4.756022211684548,0.0,0.00697547837264677,0.03317553007743322,83.11250000000004,4.756022211684548,0.0,0.006975478372645895,0.033175530077429065,93.02500000000003,5.323254218582704,0.0,0.0017691021670742362,0.009417380573981731,93.02500000000003,5.323254218582704,0.0,0.0017691021670772126,0.009417380573997576
0.8560000000000001,92.91473408888015,4.7995451191418015,-39.696612252577395,-0.0131226525789748,-0.06298276313561207,92.91473408888015,4.7995451191418015,-39.696612252577395,-0.013122652578975654,-0.06298276313561617,103.99630787929705,5.371967931516512,-44.431070594627904,-0.007116033422133237,-0.03822710334329945,103.99630787929705,5.371967931516512,-44.431070594627904,-0.007116033422127706,-0.03822710334326974,83.38500000000005,4.756022211684548,0.0,0.006794354228021278,0.03231409962252202,83.38500000000005,4.756022211684548,0.0,0.006794354228020415,0.03231409962251791,93.33000000000004,5.323254218582704,0.0,0.0016633339496129017,0.008854349464188711,93.33000000000004,5.323254218582704,0.0,0.0016633339496159205,0.00885434946420478
0.8570000000000001,93.18858854620099,4.759744116691359,-39.90461463916301,-0.013378440822878828,-0.06367795499720101,93.18858854620099,4.759744116691359,-39.90461463916301,-0.013378440822879669,-0.06367795499720501,104.30282387739928,5.327420020516934,-44.66388060530171,-0.0072487093575092035,-0.038616919354102976,104.30282387739928,5.327420020516934,-44.66388060530171,-0.00724870935750363,-0.03861691935407328,83.65750000000004,4.756022211684548,0.0,0.006613076397109933,0.031451938232221664,83.65750000000004,4.756022211684548,0.0,0.006613076397109084,0.031451938232217626,93.63500000000003,5.323254218582704,0.0,0.0015575185983097372,0.008291067448973328,93.63500000000003,5.323254218582704,0.0,0.0015575185983127955,0.008291067448989609
0.8580000000000001,93.4601566599127,4.71973745318702,-40.10792705517337,-0.013631092706508854,-0.06433517877477427,93.4601566599127,4.71973745318702,-40.10792705517337,-0.013631092706509683,-0.06433517877477818,104.60678084870962,5.282641920080884,-44.89144129111148,-0.007379839489679768,-0.03898504945165066,104.60678084870962,5.282641920080884,-44.89144129111148,-0.007379839489674151,-0.03898504945162099,83.93000000000002,4.756022211684548,0.0,0.00643164898036373,0.030589065408368175,83.93000000000002,4.756022211684548,0.0,0.006431648980362895,0.030589065408364202,93.94000000000003,5.323254218582704,0.0,0.0014516591116510197,0.007727550490040312,93.94000000000003,5.323254218582704,0.0,0.0014516591116541192,0.007727550490056811
0.859,93.7294267812815,4.679529840515052,-40.30650566910777,-0.01388058125127826,-0.06495459416905038,93.7294267812815,4.679529840515052,-40.30650566910777,-0.01388058125127908,-0.06495459416905422,104.90816575519581,5.2376389040627185,-45.11370359294631,-0.007509412317647235,-0.03933159010155694,104.90816575519581,5.2376389040627185,-45.11370359294631,-0.007509412317641575,-0.0393315901015273,84.20249999999999,4.756022211684548,0.0,0.00625007608161725,0.029725500668889963,84.20249999999999,4.756022211684548,0.0,0.006250076081616428,0.02972550066888606,94.24499999999999,5.323254218582704,0.0,0.0013457584893737042,0.007163814555752058,94.24499999999999,5.323254218582704,0.0,0.0013457584893768436,0.00716381455576877
0.86,93.99638753280004,4.639126034393331,-40.50030664946561,-0.014126879869252788,-0.06553637618619766,93.99638753280004,4.639126034393331,-40.50030664946561,-0.014126879869253593,-0.0655363761862014,105.20696586240004,5.192416295376022,-45.33061845169545,-0.007637416593170024,-0.03965664637295125,105.20696586240004,5.192416295376022,-45.33061845169545,-0.007637416593164324,-0.03965664637292166,84.475,4.756022211684548,0.0,0.0060683618079958,0.028861263547366227,84.475,4.756022211684548,0.0,0.006068361807994992,0.028861263547362383,94.55,5.323254218582704,0.0,0.0012398197323803726,0.006599875620675898,94.55,5.323254218582704,0.0,0.0012398197323835536,0.006599875620692831
0.861,94.26102781069936,4.598530834371146,-40.68928616474602,-0.014369962362208027,-0.06608071501136645,94.26102781069936,4.598530834371146,-40.68928616474602,-0.014369962362208824,-0.0660807150113701,105.50316874225065,5.146979465993391,-45.54213680824784,-0.007763841319163035,-0.03996033184696319,105.50316874225065,5.146979465993391,-45.54213680824784,-0.007763841319157295,-0.03996033184693364,84.7475,4.756022211684548,0.0,0.005886510269822599,0.027996373592585482,84.7475,4.756022211684548,0.0,0.005886510269821808,0.02799637359258172,94.855,5.323254218582704,0.0,0.0011338458426542642,0.0060357496651317726,94.855,5.323254218582704,0.0,0.0011338458426574847,0.006035749665148917
0.862,94.52333678746005,4.557749083829365,-40.87340038344857,-0.0146098029205672,-0.06658781587614274,94.52333678746005,4.557749083829365,-40.87340038344857,-0.014609802920567985,-0.06658781587614632,105.79676227587272,5.101333836946629,-45.74820960349289,-0.007888675748017854,-0.04024276852206374,105.79676227587272,5.101333836946629,-45.74820960349289,-0.007888675748012074,-0.04024276852203425,85.02000000000001,4.756022211684548,0.0,0.005704525580525745,0.027130850368103133,85.02000000000001,4.756022211684548,0.0,0.005704525580524967,0.02713085036809943,95.16,5.323254218582704,0.0,0.0010278398231741656,0.005471452674739178,95.16,5.323254218582704,0.0,0.0010278398231774264,0.005471452674756536
0.863,94.78330391432392,4.516785669980284,-41.052605474072216,-0.014846376122223571,-0.06705789891999689,94.78330391432392,4.516785669980284,-41.052605474072216,-0.014846376122224343,-0.06705789892000037,106.08773465639925,5.055484878326556,-45.94878777831936,-0.008011909379846536,-0.04050408671633686,106.08773465639925,5.055484878326556,-45.94878777831936,-0.008011909379840714,-0.040504086716307425,85.2925,4.756022211684548,0.0,0.0055224118565451435,0.026264713451798802,85.2925,4.756022211684548,0.0,0.005522411856544379,0.02626471345179517,95.46499999999999,5.323254218582704,0.0,0.000921804677829314,0.004907000639964167,95.46499999999999,5.323254218582704,0.0,0.0009218046778326125,0.0049070006399817255
0.864,95.04091892380464,4.475645523867747,-41.226857605116585,-0.015079656931252038,-0.06749119904581942,95.04091892380464,4.475645523867747,-41.226857605116585,-0.0150796569312528,-0.06749119904582283,106.37607439178133,5.009438109283165,-46.14382227361673,-0.008133531960652352,-0.04074442496676451,106.37607439178133,5.009438109283165,-46.14382227361673,-0.008133531960646492,-0.04074442496673516,85.56500000000001,4.756022211684548,0.0,0.005340173217239437,0.025397982435433692,85.56500000000001,4.756022211684548,0.0,0.005340173217238687,0.02539798243543013,95.77,5.323254218582704,0.0,0.000815743411334282,0.004342409555666263,95.77,5.323254218582704,0.0,0.0008157434113376222,0.004342409555684044
0.865,95.2961718322,4.434333620367075,-41.396112945080695,-0.015309620696514554,-0.06788796576962208,95.2961718322,4.434333620367075,-41.396112945080695,-0.015309620696515303,-0.0678879657696254,106.66177030760001,4.963199098025533,-46.3332640302738,-0.008253533480431367,-0.040963929925600495,106.66177030760001,4.963199098025533,-46.3332640302738,-0.008253533480425469,-0.04096392992557123,85.8375,4.756022211684548,0.0,0.005157813784792838,0.024530676924207483,85.8375,4.756022211684548,0.0,0.005157813784792101,0.024530676924203975,96.075,5.323254218582704,0.0,0.0007096590291438502,0.0037776954206453065,96.075,5.323254218582704,0.0,0.0007096590291472307,0.003777695420663302
0.866,95.54905294210246,4.392854978185117,-41.56032766246412,-0.015536243150162964,-0.0682484630644878,95.54905294210246,4.392854978185117,-41.56032766246412,-0.015536243150163703,-0.06824846306449105,106.94481154987615,4.916773461821874,-46.517063989180016,-0.008371904171207648,-0.04116275625390962,106.94481154987615,4.916773461821874,-46.517063989180016,-0.008371904171201712,-0.04116275625388043,86.11,4.756022211684548,0.0,0.004975337684121835,0.023662816536314607,86.11,4.756022211684548,0.0,0.004975337684121115,0.02366281653631118,96.38,5.323254218582704,0.0,0.0006035545373678252,0.003212874237188008,96.38,5.323254218582704,0.0,0.0006035545373712452,0.0032128742372062136
0.867,95.79955284491123,4.351214659860183,-41.71945792576592,-0.01575950040604474,-0.06857296919885437,95.79955284491123,4.351214659860183,-41.71945792576592,-0.015759500406045464,-0.06857296919885753,107.2251875878823,4.870166866999471,-46.69517309122424,-0.008488634505006497,-0.041341066512351095,107.2251875878823,4.870166866999471,-46.69517309122424,-0.008488634505000524,-0.04134106651232201,86.3825,4.756022211684548,0.0,0.004792749042781934,0.022794420902500733,86.3825,4.756022211684548,0.0,0.004792749042781225,0.022794420902497364,96.68499999999999,5.323254218582704,0.0,0.0004974329426858516,0.002647962010614468,96.68499999999999,5.323254218582704,0.0,0.0004974329426893111,0.0026479620106328837
0.868,96.04766242334313,4.309417771762101,-41.87345990348557,-0.01597936895801519,-0.0688617765692143,96.04766242334313,4.309417771762101,-41.87345990348557,-0.015979368958015903,-0.06886177656921738,107.50288821695285,4.823385028944737,-46.86754227729577,-0.008603715191768467,-0.041499031049280426,107.50288821695285,4.823385028944737,-46.86754227729577,-0.008603715191762455,-0.04149903104925142,86.655,4.756022211684548,0.0,0.004610051990874259,0.021925509665618546,86.655,4.756022211684548,0.0,0.004610051990873565,0.021925509665615246,96.99,5.323254218582704,0.0,0.0003912972522622151,0.0020829747488246573,96.99,5.323254218582704,0.0,0.0003912972522657145,0.002082974748843285
0.869,96.29337285394388,4.267469464092239,-42.022289764122235,-0.016195825678161004,-0.06911519152731306,96.29337285394388,4.267469464092239,-42.022289764122235,-0.016195825678161708,-0.06911519152731606,107.77790356129496,4.776433712103239,-47.0341224882836,-0.00871713717720811,-0.041636827886245294,107.77790356129496,4.776433712103239,-47.0341224882836,-0.008717137177202064,-0.04163682788621641,86.92750000000001,4.756022211684548,0.0,0.004427250660952175,0.02105610248018364,86.92750000000001,4.756022211684548,0.0,0.004427250660951496,0.021056102480180413,97.295,5.323254218582704,0.0,0.00028515047366064377,0.0015179284618448783,97.295,5.323254218582704,0.0,0.00028515047366418217,0.0015179284618637141
0.87,96.5366756096,4.225374930883386,-42.16590367617517,-0.016408847814940283,-0.0693335342019293,96.5366756096,4.225374930883386,-42.16590367617517,-0.016408847814940977,-0.06933353420193222,108.05022407679998,4.729318729979569,-47.19486466507679,-0.008828891640621284,-0.041754642600950284,108.05022407679998,4.729318729979569,-47.19486466507679,-0.008828891640615198,-0.04175464260092151,87.2,4.756022211684548,0.0,0.004244349187927781,0.0201862190119298,87.2,4.756022211684548,0.0,0.0042443491879271145,0.02018621901192663,97.6,5.323254218582704,0.0,0.00017899561475906954,0.0009528391613740215,97.6,5.323254218582704,0.0,0.00017899561476264784,0.0009528391613930697
0.871,96.77756246204976,4.183139409999904,-42.30425780814382,-0.016618412991242455,-0.0695171383153207,96.77756246204976,4.183139409999904,-42.30425780814382,-0.016618412991243135,-0.06951713831532355,108.31984055385384,4.6820459451375065,-47.34971974856464,-0.00893896999264389,-0.041852668207764177,108.31984055385384,4.6820459451375065,-47.34971974856464,-0.008938969992637772,-0.041852668207735526,87.47250000000001,4.756022211684548,0.0,0.004061351708978364,0.019315878937364098,87.47250000000001,4.756022211684548,0.0,0.004061351708977715,0.01931587893736101,97.90499999999999,5.323254218582704,0.0,7.283568366438752e-05,0.0003877228603298062,97.90499999999999,5.323254218582704,0.0,7.283568366800528e-05,0.0003877228603490645
0.872,97.01602548439446,4.140768183137638,-42.43730832852748,-0.016824499202373198,-0.0696663509944115,97.01602548439446,4.140768183137638,-42.43730832852748,-0.01682449920237387,-0.06966635099441429,108.58674412014793,4.634621269199926,-47.49863867963626,-0.009047363872966068,-0.04193110503583956,108.58674412014793,4.634621269199926,-47.49863867963626,-0.009047363872959915,-0.04193110503581104,87.745,4.756022211684548,0.0,0.003878262363452852,0.018445101943321975,87.745,4.756022211684548,0.0,0.003878262363452214,0.018445101943318942,98.21,5.323254218582704,0.0,-3.332631137277454e-05,-0.00017740442760492284,98.21,5.323254218582704,0.0,-3.332631136911948e-05,-0.00017740442758546601
0.873,97.2520570536103,4.098266575823893,-42.565011405825395,-0.017027084813969563,-0.06978153257681005,97.2520570536103,4.098266575823893,-42.565011405825395,-0.017027084813970222,-0.06978153257681276,108.8509262434904,4.58705066284876,-47.64157239918072,-0.00915406514800553,-0.04199016060491951,108.8509262434904,4.58705066284876,-47.64157239918072,-0.009154065147999343,-0.04199016060489112,88.01750000000001,4.756022211684548,0.0,0.00369508529277815,0.017573907726521783,88.01750000000001,4.756022211684548,0.0,0.003695085292777526,0.017573907726518814,98.515,5.323254218582704,0.0,-0.0001394873620433018,-0.0007425266884359792,98.515,5.323254218582704,0.0,-0.0001394873620396051,-0.0007425266884163008
0.874,97.48564985305912,4.055639957417489,-42.68732320853658,-0.01722614855984844,-0.06986305641173106,97.48564985305912,4.055639957417489,-42.68732320853658,-0.017226148559849087,-0.06986305641173368,109.11237873461663,4.5393401358250784,-47.77847184808682,-0.009259065908543002,-0.04203004949889894,109.11237873461663,4.5393401358250784,-47.77847184808682,-0.009259065908536784,-0.04203004949887072,88.29,4.756022211684548,0.0,0.0035118246403655134,0.01670231599311948,88.29,4.756022211684548,0.0,0.0035118246403649054,0.016702315993116588,98.82,5.323254218582704,0.0,-0.0002456444600648306,-0.00130762790831158,98.82,5.323254218582704,0.0,-0.00024564446006109615,-0.0013076279082917008
0.875,97.716796875,4.0128937411088375,-42.804199905160935,-0.017421669539794758,-0.06991130865590886,97.716796875,4.0128937411088375,-42.804199905160935,-0.017421669539795397,-0.06991130865591143,109.37109375,4.491495746929157,-47.909287967244346,-0.009362358467324052,-0.04205099323721216,109.37109375,4.491495746929157,-47.909287967244346,-0.0093623584673178,-0.04205099323718408,88.5625,4.756022211684548,0.0,0.0033284845515167633,0.015830346458262607,88.5625,4.756022211684548,0.0,0.003328484551516169,0.015830346458259783,99.12499999999999,5.323254218582704,0.0,-0.00035179459726701915,-0.0018726920739762633,99.12499999999999,5.323254218582704,0.0,-0.00035179459726324526,-0.0018726920739561739
0.876,97.94549142310093,3.9700333839197155,-42.91559766419741,-0.01761362721729215,-0.06992668806456676,97.94549142310093,3.9700333839197155,-42.91559766419741,-0.017613627217292777,-0.06992668806456925,109.62706379466343,4.443523604020232,-48.03397169754206,-0.009463935356630208,-0.04205322014410796,109.62706379466343,4.443523604020232,-48.03397169754206,-0.009463935356623925,-0.04205322014408004,88.83500000000001,4.756022211684548,0.0,0.0031450691733305508,0.014958018845644459,88.83500000000001,4.756022211684548,0.0,0.0031450691733299705,0.014958018845641699,99.42999999999999,5.323254218582704,0.0,-0.00045793476567676863,-0.002437703173224541,99.42999999999999,5.323254218582704,0.0,-0.0004579347656729566,-0.002437703173204248
0.877,98.17172711494977,3.9270643867034694,-43.02147265414516,-0.01780200141720203,-0.06990960577753878,98.17172711494977,3.9270643867034694,-43.02147265414516,-0.017802001417202645,-0.0699096057775412,109.88028172498964,4.395429864016727,-48.15247397986889,-0.009563789325823155,-0.04203696521588749,109.88028172498964,4.395429864016727,-48.15247397986889,-0.009563789325816838,-0.04203696521585973,89.10750000000002,4.756022211684548,0.0,0.0029615826546085626,0.014085352887058011,89.10750000000002,4.756022211684548,0.0,0.002961582654607997,0.01408535288705532,99.735,5.323254218582704,0.0,-0.0005640619576034603,-0.0030026451953546387,99.735,5.323254218582704,0.0,-0.0005640619575996097,-0.0030026451953341408
0.878,98.39549788456551,3.883992294144965,-43.12178104350383,-0.0179867723233951,-0.0698604851006065,98.39549788456551,3.883992294144965,-43.12178104350383,-0.017986772323395704,-0.06986048510060884,110.13074075153204,4.347220732896199,-48.264745755114376,-0.009661913338865527,-0.042002469986162555,110.13074075153204,4.347220732896199,-48.264745755114376,-0.00966191333885918,-0.042002469986134966,89.38000000000001,4.756022211684548,0.0,0.002778029145761668,0.013212368321949544,89.38000000000001,4.756022211684548,0.0,0.002778029145761117,0.013212368321946924,100.03999999999999,5.323254218582704,0.0,-0.0006701731657241879,-0.003567502131622209,100.03999999999999,5.323254218582704,0.0,-0.0006701731657202999,-0.0035675021316015124
0.879,98.61679798491026,3.84082269476049,-43.21647900077213,-0.018167920476339736,-0.06977976128212947,98.61679798491026,3.84082269476049,-43.21647900077213,-0.01816792047634033,-0.06977976128213174,110.37843444182614,4.298902465695227,-48.37073796416697,-0.009758300571821674,-0.04194998238919934,110.37843444182614,4.298902465695227,-48.37073796416697,-0.009758300571815298,-0.04194998238917193,89.65249999999999,4.756022211684548,0.0,0.0025944127987160242,0.012339084896972084,89.65249999999999,4.756022211684548,0.0,0.002594412798715485,0.01233908489696952,100.345,5.323254218582704,0.0,-0.0007762653831689908,-0.00413225797569405,100.345,5.323254218582704,0.0,-0.0007762653831650634,-0.004132257975673143
0.88,98.83562199040009,3.797561220897933,-43.305522694450175,-0.018345426770652498,-0.06966788128505272,98.83562199040009,3.797561220897933,-43.305522694450175,-0.01834542677065308,-0.06966788128505494,110.62335672320009,4.250481366509613,-48.47040154791671,-0.009852944410342016,-0.041879756621413786,110.62335672320009,4.250481366509613,-48.47040154791671,-0.009852944410335612,-0.04187975662138656,89.92500000000001,4.756022211684548,0.0,0.00241073776681914,0.011465522365538633,89.92500000000001,4.756022211684548,0.0,0.0024107377668186165,0.011465522365536144,100.65,5.323254218582704,0.0,-0.0008823356036060399,-0.0046968967241015685,100.65,5.323254218582704,0.0,-0.0008823356036020743,-0.004696896724080459
0.881,99.05196479941617,3.7542135487366295,-43.38886829303676,-0.018519272452613138,-0.06952530355434527,99.05196479941617,3.7542135487366295,-43.38886829303676,-0.018519272452613714,-0.06952530355434744,110.86550188558508,4.201963788494209,-48.56368744725215,-0.009945838447133606,-0.041792053001068884,110.86550188558508,4.201963788494209,-48.56368744725215,-0.00994583844712717,-0.04179205300104184,90.19750000000002,4.756022211684548,0.0,0.0022270082047460035,0.010591700487375722,90.19750000000002,4.756022211684548,0.0,0.0022270082047454957,0.010591700487373307,100.955,5.323254218582704,0.0,-0.0009883808213268308,-0.0052614023766942904,100.955,5.323254218582704,0.0,-0.0009883808213228262,-0.005261402376672972
0.882,99.26582163681685,3.710785398287396,-43.466471965031126,-0.018689439117652213,-0.0693524977799651,99.26582163681685,3.710785398287396,-43.466471965031126,-0.018689439117652775,-0.06935249777996719,111.10486458432712,4.153356133862957,-48.65054660306236,-0.010036976479421863,-0.041687137826245016,111.10486458432712,4.153356133862957,-48.65054660306236,-0.010036976479415396,-0.04168713782621816,90.47000000000001,4.756022211684548,0.0,0.0020432282684050562,0.009717639028076205,90.47000000000001,4.756022211684548,0.0,0.002043228268404561,0.009717639028073849,101.26,5.323254218582704,0.0,-0.0010943980313313567,-0.005825758937093251,101.26,5.323254218582704,0.0,-0.001094398031327316,-0.005825758937071742
0.883,99.47718805644858,3.6672825333926187,-43.53828987893294,-0.01885590870781239,-0.06914994465540616,99.47718805644858,3.6672825333926187,-43.53828987893294,-0.018855908707812945,-0.06914994465540819,111.34143984299749,4.104664853888986,-48.73092995623687,-0.010126352506405277,-0.04156528323113238,111.34143984299749,4.104664853888986,-48.73092995623687,-0.010126352506398784,-0.04156528323110573,90.7425,4.756022211684548,0.0,0.001859402114844162,0.008843357758652057,90.7425,4.756022211684548,0.0,0.0018594021148436815,0.008843357758649771,101.565,5.323254218582704,0.0,-0.0012003842294132797,-0.0063899504131443895,101.565,5.323254218582704,0.0,-0.0012003842294091988,-0.0063899504131226656
0.884,99.68605994365748,3.623710761726067,-43.60427820324113,-0.01901866350918905,-0.06891813563189521,99.68605994365748,3.623710761726067,-43.60427820324113,-0.019018663509189595,-0.06891813563189718,111.57522305620377,4.055896448904405,-48.80478844766438,-0.010213960726706987,-0.041426767040699926,111.57522305620377,4.055896448904405,-48.80478844766438,-0.010213960726700465,-0.04142676704067347,91.01500000000001,4.756022211684548,0.0,0.0016755339021566145,0.007968876455087343,91.01500000000001,4.756022211684548,0.0,0.0016755339021561483,0.007968876455085126,101.87,5.323254218582704,0.0,-0.0013063364122450336,-0.00695396081737157,101.87,5.323254218582704,0.0,-0.0013063364122409163,-0.006953960817349652
0.885,99.89243351779999,3.5800759347931432,-43.66439310645497,-0.01917768614935481,-0.06865757266832094,99.89243351779999,3.5800759347931432,-43.66439310645497,-0.019177686149355343,-0.06865757266832284,111.80620999239999,4.007057468300582,-48.872073018234005,-0.010299795535826505,-0.041271872623802594,111.80620999239999,4.007057468300582,-48.872073018234005,-0.010299795535819955,-0.041271872623776344,91.28750000000002,4.756022211684548,0.0,0.001491627789387087,0.007094214897890907,91.28750000000002,4.756022211684548,0.0,0.001491627789386634,0.007094214897888752,102.17500000000001,5.323254218582704,0.0,-0.0014122515774629488,-0.007517774167429721,102.17500000000001,5.323254218582704,0.0,-0.0014122515774587924,-0.007517774167407595
0.886,100.09630533475536,3.5363839479306862,-43.71859075707421,-0.019332959594772933,-0.06836876797694755,100.09630533475536,3.5363839479306862,-43.71859075707421,-0.019332959594773453,-0.06836876797694938,112.03439679669864,3.9581545105279234,-48.932734608835354,-0.010383851523595304,-0.041100888744771004,112.03439679669864,3.9581545105279234,-48.932734608835354,-0.010383851523588727,-0.04110088874474497,91.56,4.756022211684548,0.0,0.0013076879364375456,0.006219392871648899,91.56,4.756022211684548,0.0,0.0013076879364371076,0.006219392871646815,102.48,5.323254218582704,0.0,-0.0015181267237523092,-0.00808137448655762,102.48,5.323254218582704,0.0,-0.0015181267237481142,-0.008081374486535288
0.887,100.29767228943614,3.4926407403070323,-43.766827323597795,-0.019484467148201262,-0.0680522437649817,100.29767228943614,3.4926407403070323,-43.766827323597795,-0.019484467148201776,-0.0680522437649835,112.25977999368081,3.909194223095944,-48.98672416035716,-0.010466123471638106,-0.04091410941353655,112.25977999368081,3.909194223095944,-48.98672416035716,-0.010466123471631504,-0.040914109413510744,91.8325,4.756022211684548,0.0,0.0011237185039731116,0.00534443016457705,91.8325,4.756022211684548,0.0,0.001123718503972688,0.005344430164575035,102.785,5.323254218582704,0.0,-0.0016239588509324265,-0.008644745804030761,102.785,5.323254218582704,0.0,-0.001623958850928196,-0.00864474580400824
0.888,100.49653161829988,3.448852294922009,-43.80905897452487,-0.019632192446094248,-0.06770853197206268,100.49653161829988,3.448852294922009,-43.80905897452487,-0.01963219244609475,-0.06770853197206442,112.48235649020721,3.8601833025732577,-49.03399261368839,-0.010546606350844513,-0.04071183373434307,112.48235649020721,3.8601833025732577,-49.03399261368839,-0.010546606350837887,-0.040711833734317485,92.105,4.756022211684548,0.0,0.000939723653328011,0.00446934656807337,92.105,4.756022211684548,0.0,0.0009397236533276016,0.004469346568071423,103.09,5.323254218582704,0.0,-0.0017297449600416482,-0.009207872155613875,103.09,5.323254218582704,0.0,-0.0017297449600373782,-0.009207872155591145
0.889,100.69288090186063,3.405024638607009,-43.845241878355104,-0.019776119456005225,-0.06733817400373324,100.69288090186063,3.405024638607009,-43.845241878355104,-0.019776119456005718,-0.06733817400373492,112.70212357822933,3.8111284945876616,-49.074490909718556,-0.010625295318853263,-0.040494365753090567,112.70212357822933,3.8111284945876616,-49.074490909718556,-0.010625295318846612,-0.04049436575306522,92.37750000000001,4.756022211684548,0.0,0.0007557075464114282,0.003594161876270384,92.37750000000001,4.756022211684548,0.0,0.0007557075464110332,0.003594161876268505,103.39500000000001,5.323254218582704,0.0,-0.0018354820534223193,-0.009770737584013206,103.39500000000001,5.323254218582704,0.0,-0.0018354820534180142,-0.009770737583990288
0.89,100.8867180671999,3.361163842024855,-43.87533220358773,-0.019916232473992834,-0.06694172046094593,100.8867180671999,3.361163842024855,-43.87533220358773,-0.019916232473993316,-0.06694172046094755,112.91907893759988,3.762036593825984,-49.10816998933673,-0.01070218571755193,-0.04026201430335216,112.91907893759988,3.762036593825984,-49.10816998933673,-0.010702185717545252,-0.040262014303327036,92.65000000000002,4.756022211684548,0.0,0.0005716743456133603,0.0027188958855873706,92.65000000000002,4.756022211684548,0.0,0.00057167434561298,0.0027188958855855617,103.7,5.323254218582704,0.0,-0.0019411671348057448,-0.010333326139328781,103.7,5.323254218582704,0.0,-0.0019411671348014033,-0.010333326139305671
0.891,101.07804139047862,3.3172760196698796,-43.89928611872189,-0.020052516122037185,-0.0665197308656776,101.07804139047862,3.3172760196698796,-43.89928611872189,-0.020052516122037657,-0.06651973086567917,113.13322063888431,3.712914444034177,-49.134980793431836,-0.01077727307059589,-0.04001509285111605,113.13322063888431,3.712914444034177,-49.134980793431836,-0.01077727307058919,-0.040015092851091165,92.92250000000001,4.756022211684548,0.0,0.00038762821371044354,0.0018435683942824744,92.92250000000001,4.756022211684548,0.0,0.00038762821371007795,0.0018435683942807355,104.005,5.323254218582704,0.0,-0.0020467972093971033,-0.010895621879506438,104.005,5.323254218582704,0.0,-0.0020467972093927236,-0.010895621879483123
0.892,101.26684949944736,3.2733673298679347,-43.91705979225692,-0.02018495534546782,-0.06607277338269749,101.26684949944736,3.2733673298679347,-43.91705979225692,-0.02018495534546828,-0.066072773382699,113.34454714617041,3.6637689380173213,-49.15487426289307,-0.010850553080948355,-0.039753919338286724,113.34454714617041,3.6637689380173213,-49.15487426289307,-0.01085055308094163,-0.03975391933826209,93.19500000000002,4.756022211684548,0.0,0.00020357331377181351,0.000968199202004973,93.19500000000002,4.756022211684548,0.0,0.00020357331377146267,0.0009681992020033043,104.31,5.323254218582704,0.0,-0.0021523692839602927,-0.011457608870789462,104.31,5.323254218582704,0.0,-0.0021523692839558765,-0.011457608870765953
0.893,101.45314137595908,3.229443974776383,-43.92860939269207,-0.02031353541040978,-0.06560142453755456,101.45314137595908,3.229443974776383,-43.92860939269207,-0.020313535410410234,-0.06560142453755603,113.5530573198808,3.6146070176396212,-49.16780133860947,-0.010922021628445817,-0.039478816024991974,113.5530573198808,3.6146070176396212,-49.16780133860947,-0.01092202162843907,-0.03947881602496759,93.46750000000002,4.756022211684548,0.0,1.9513809064962244e-05,9.28081093475317e-05,93.46750000000002,4.756022211684548,0.0,1.9513809064627442e-05,9.280810934593939e-05,104.61500000000002,5.323254218582704,0.0,-0.0022578803669027593,-0.012019271188170177,104.61500000000002,5.323254218582704,0.0,-0.0022578803668983054,-0.012019271188146469
0.894,101.63691635847991,3.185512200384071,-43.93389108852673,-0.020438241901249148,-0.06510626893083009,101.63691635847991,3.185512200384071,-43.93389108852673,-0.02043824190124959,-0.0651062689308315,113.75875041958301,3.565435673824372,-49.17371296147029,-0.010991674767390158,-0.03919010933072808,113.75875041958301,3.565435673824372,-49.17371296147029,-0.01099167476738339,-0.039190109330703944,93.74000000000001,4.756022211684548,0.0,-0.00016454613703848625,-0.0007825850826019301,93.74000000000001,4.756022211684548,0.0,-0.00016454613703880804,-0.0007825850826034606,104.92,5.323254218582704,0.0,-0.002363327468360242,-0.01258059291584104,104.92,5.323254218582704,0.0,-0.0023633274683557528,-0.012580592915817144
0.895,101.81817414460004,3.141578296511376,-43.93286104826031,-0.020559060718122902,-0.06458789894871449,101.81817414460004,3.141578296511376,-43.93286104826031,-0.020559060718123336,-0.06458789894871585,113.96162610680004,3.5162619465540166,-49.172560072364746,-0.011059508724170917,-0.038888129674384354,113.96162610680004,3.5162619465540166,-49.172560072364746,-0.011059508724164124,-0.03888812967436047,94.0125,4.756022211684548,0.0,-0.00034860236115691464,-0.0016579605727079648,94.0125,4.756022211684548,0.0,-0.0003486023611572221,-0.0016579605727094272,105.225,5.323254218582704,0.0,-0.002468707600281563,-0.013141558147646015,105.225,5.323254218582704,0.0,-0.0024687076002770348,-0.01314155814762191
0.896,101.99691479354577,3.0976485968100995,-43.92547544039172,-0.020675978074437374,-0.06404691446995732,101.99691479354577,3.0976485968100995,-43.92547544039172,-0.020675978074437797,-0.06404691446995862,114.16168444782187,3.4670929248700193,-49.16429361218155,-0.011125519894920641,-0.03857321131318,114.16168444782187,3.4670929248700193,-49.16429361218155,-0.011125519894913831,-0.038573211313156386,94.28500000000001,4.756022211684548,0.0,-0.000532650699992906,-0.0025332985602355834,94.28500000000001,4.756022211684548,0.0,-0.0005326506999931988,-0.002533298560236976,105.53000000000002,5.323254218582704,0.0,-0.0025740177765132357,-0.013702150987530954,105.53000000000002,5.323254218582704,0.0,-0.0025740177765086743,-0.013702150987506673
0.897,102.17313872869049,3.053729478763628,-43.911690433420794,-0.020788980494418297,-0.06348392256924722,102.17313872869049,3.053729478763628,-43.911690433420794,-0.020788980494418713,-0.06348392256924848,114.35892591651596,3.4179357468730514,-49.14886452181043,-0.011189704843205537,-0.03824569218055072,114.35892591651596,3.4179357468730514,-49.14886452181043,-0.011189704843198707,-0.038245692180527376,94.55750000000002,4.756022211684548,0.0,-0.0007166869904273862,-0.0034085792452979995,94.55750000000002,4.756022211684548,0.0,-0.0007166869904276663,-0.003408579245299332,105.83500000000002,5.323254218582704,0.0,-0.002679255012884101,-0.014262355549994148,105.83500000000002,5.323254218582704,0.0,-0.0026792550128795023,-0.014262355549969668
0.898,102.34684674006631,3.0098273636867785,-43.89146219584623,-0.020898054810695368,-0.06289953721705704,102.34684674006631,3.0098273636867785,-43.89146219584623,-0.020898054810695774,-0.06289953721705827,114.55335139713844,3.368797599722816,-49.126223742139814,-0.011252060297753816,-0.03790591372300945,114.55335139713844,3.368797599722816,-49.126223742139814,-0.011252060297746964,-0.037905913722986365,94.83000000000001,4.756022211684548,0.0,-0.0009007070696138166,-0.004283782829304612,94.83000000000001,4.756022211684548,0.0,-0.0009007070696140807,-0.004283782829305868,106.14000000000001,5.323254218582704,0.0,-0.002784416327289895,-0.014822155960536492,106.14000000000001,5.323254218582704,0.0,-0.0027844163272852606,-0.014822155960511823
0.899,102.5180399868751,2.9659487167259457,-43.864746896167816,-0.021003188161926346,-0.06229437897601902,102.5180399868751,2.9659487167259457,-43.864746896167816,-0.021003188161926742,-0.06229437897602019,114.7449621871446,3.319685719638214,-49.096322214059384,-0.011312583150224776,-0.03755422073602107,114.7449621871446,3.319685719638214,-49.096322214059384,-0.011312583150217907,-0.03755422073599827,95.1025,4.756022211684548,0.0,-0.0010847067750723552,-0.005158889515408836,95.1025,4.756022211684548,0.0,-0.001084706775072605,-0.005158889515410024,106.44500000000001,5.323254218582704,0.0,-0.0028894987397777667,-0.015381536356111404,106.44500000000001,5.323254218582704,0.0,-0.002889498739773097,-0.015381536356086545
0.9,102.68672000000005,2.922100046858982,-43.83150070288483,-0.021104367990462336,-0.06166907469385919,102.68672000000005,2.922100046858982,-43.83150070288483,-0.02110436799046272,-0.061669074693860314,114.93376000000006,3.270607391897209,-49.05911087845825,-0.011371270453020485,-0.037190961198911125,114.93376000000006,3.270607391897209,-49.05911087845825,-0.011371270453013596,-0.037190961198888595,95.37500000000001,4.756022211684548,0.0,-0.0012686819447840364,-0.0060338795089560264,95.37500000000001,4.756022211684548,0.0,-0.0012686819447842736,-0.006033879508957155,106.75000000000001,5.323254218582704,0.0,-0.0029944992726306987,-0.015940480885574208,106.75000000000001,5.323254218582704,0.0,-0.0029944992726259915,-0.015940480885549148
0.901,102.85288868451691,2.8782879068952103,-43.79167978449626,-0.021201582040058505,-0.06102425719294708,102.85288868451691,2.8782879068952103,-43.79167978449626,-0.02120158204005888,-0.061024257192948156,115.11974696799142,3.221569950836841,-49.01454067622517,-0.01142811941714256,-0.03681648610884151,115.11974696799142,3.221569950836841,-49.01454067622517,-0.011428119417135653,-0.036816486108819255,95.64613750000001,4.708461989567701,-47.56022211684547,-0.017644562083595997,-0.08307874989317923,95.64613750000001,4.708461989567701,-47.56022211684547,-0.017644562083596806,-0.08307874989318303,107.053475,5.270021676396876,-53.23254218582704,-0.009175911290893221,-0.04835725140370212,107.053475,5.270021676396876,-53.23254218582704,-0.009175911290887098,-0.048357251403669844
0.902,103.01654832220574,2.834518893475532,-43.745240309501646,-0.02129481835363405,-0.060360564956505235,103.01654832220574,2.834518893475532,-43.745240309501646,-0.02129481835363442,-0.06036056495650628,115.30292564503763,3.1725807798533476,-48.96256254824955,-0.01148312741009683,-0.036431149313880355,115.30292564503763,3.1725807798533476,-48.96256254824955,-0.011483127410089906,-0.03643114931385839,95.91455000000002,4.660901767450855,-47.56022211684547,-0.017825717428793995,-0.08308391786994544,95.91455000000002,4.660901767450855,-47.56022211684547,-0.01782571742879479,-0.08308391786994913,107.35390000000001,5.216789134211048,-53.23254218582704,-0.009279167826019806,-0.048407461889300875,107.35390000000001,5.216789134211048,-53.23254218582704,-0.009279167826013646,-0.04840746188926874
0.903,103.1777015740616,2.7907996470722445,-43.69213844640003,-0.021384065271082102,-0.05967864181150577,103.1777015740616,2.7907996470722445,-43.69213844640003,-0.02138406527108246,-0.05967864181150677,115.48329900950013,3.1236473114019616,-48.90312743542022,-0.011536291953846815,-0.036035307345181684,115.48329900950013,3.1236473114019616,-48.90312743542022,-0.011536291953839872,-0.03603530734516,96.1802375,4.613341545334009,-47.56022211684547,-0.018004998355376937,-0.08306320693653094,96.1802375,4.613341545334009,-47.56022211684547,-0.018004998355377715,-0.08306320693653452,107.65127500000001,5.1635565920252215,-53.23254218582704,-0.009381289379648224,-0.04844081861797878,107.65127500000001,5.1635565920252215,-53.23254218582704,-0.009381289379642032,-0.048440818617946815
0.904,103.33635148280626,2.7471368519892647,-43.63233036369097,-0.021469311427135616,-0.05897913660831849,103.33635148280626,2.7471368519892647,-43.63233036369097,-0.021469311427135967,-0.058979136608319445,115.66087046699417,3.0747770269971584,-48.83618627862659,-0.011587610722819643,-0.035629319248311773,115.66087046699417,3.0747770269971584,-48.83618627862659,-0.011587610722812683,-0.035629319248290374,96.4432,4.5657813232171645,-47.56022211684547,-0.018182402147334555,-0.08301687213552378,96.4432,4.5657813232171645,-47.56022211684547,-0.01818240214733532,-0.08301687213552728,107.9456,5.110324049839394,-53.23254218582704,-0.009482275896841124,-0.04845750256283961,107.9456,5.110324049839394,-53.23254218582704,-0.009482275896834896,-0.04845750256280778
0.905,103.49250147539993,2.7035372363619263,-43.56577222987365,-0.02155054574929001,-0.05826270289712677,103.49250147539993,2.7035372363619263,-43.56577222987365,-0.02155054574929035,-0.05826270289712769,115.83564385319991,3.025977457212431,-48.76169001875766,-0.011637081541965381,-0.03521354641373012,115.83564385319991,3.025977457212431,-48.76169001875766,-0.01163708154195841,-0.035213546413709024,96.70343750000002,4.518221101100319,-47.56022211684547,-0.018357926311972132,-0.08294517003519725,96.70343750000002,4.518221101100319,-47.56022211684547,-0.01835792631197288,-0.08294517003520063,108.23687500000001,5.057091507653568,-53.23254218582704,-0.009582127464412048,-0.04845769542553218,108.23687500000001,5.057091507653568,-53.23254218582704,-0.00958212746440579,-0.04845769542550053
0.906,103.64615536555208,2.660007572157053,-43.49242021344715,-0.021627757455785754,-0.05752999860116627,103.64615536555208,2.660007572157053,-43.49242021344715,-0.021627757455786087,-0.05752999860116715,116.00762343667296,2.9772561816803713,-48.67958959670231,-0.011684702384871994,-0.034788352406455524,116.00762343667296,2.9772561816803713,-48.67958959670231,-0.011684702384865003,-0.03478835240643471,96.96095,4.470660878983472,-47.56022211684547,-0.018531568573882627,-0.0828483586494566,96.96095,4.470660878983472,-47.56022211684547,-0.018531568573883366,-0.0828483586494599,108.52510000000001,5.00385896546774,-53.23254218582704,-0.00968084430646126,-0.048441579576183495,108.52510000000001,5.00385896546774,-53.23254218582704,-0.009680844306454967,-0.04844157957615201
0.907,103.79731735623294,2.6165546751730346,-43.41223048291129,-0.021700936053654515,-0.056781685686820786,103.79731735623294,2.6165546751730346,-43.41223048291129,-0.021700936053654835,-0.05678168568682162,116.1768139216552,2.928620829092754,-48.58983595335025,-0.011730471371938105,-0.034354102794934185,116.1768139216552,2.928620829092754,-48.58983595335025,-0.0117304713719311,-0.034354102794913674,97.21573750000002,4.423100656866628,-47.56022211684547,-0.018703326868973663,-0.08272669735974865,97.21573750000002,4.423100656866628,-47.56022211684547,-0.018703326868974385,-0.08272669735975184,108.810275,4.950626423281913,-53.23254218582704,-0.009778426779956662,-0.04840933799498092,108.810275,4.950626423281913,-53.23254218582704,-0.009778426779950333,-0.04840933799494959
0.908,103.94599204218478,2.573185405039764,-43.32515920676517,-0.0217700713368298,-0.05601842983060494,103.94599204218478,2.573185405039764,-43.32515920676517,-0.02177007133683011,-0.056018429830605745,116.34322045088571,2.88007907720047,-48.49238002959037,-0.01177438676860479,-0.033911164979124706,116.34322045088571,2.88007907720047,-48.49238002959037,-0.011774386768597772,-0.03391116497910449,97.46780000000001,4.375540434749782,-47.56022211684547,-0.018873199338549473,-0.08258044683891606,97.46780000000001,4.375540434749782,-47.56022211684547,-0.01887319933855018,-0.08258044683891916,109.09240000000001,4.897393881096086,-53.23254218582704,-0.009874875370360197,-0.048361154215388474,109.09240000000001,4.897393881096086,-53.23254218582704,-0.00987487537035384,-0.04836115421535734
0.909,104.09218441243351,2.529906665218545,-43.23116255350769,-0.02183515338432644,-0.055240900083076735,104.09218441243351,2.529906665218545,-43.23116255350769,-0.021835153384326747,-0.05524090008307751,116.50684860841183,2.8316386528134174,-48.38717276631135,-0.011816446983648822,-0.03345990801782052,116.50684860841183,2.8316386528134174,-48.38717276631135,-0.011816446983641787,-0.0334599080178006,97.7171375,4.327980212632937,-47.56022211684547,-0.019041184323449225,-0.08240986897698473,97.7171375,4.327980212632937,-47.56022211684547,-0.019041184323449922,-0.08240986897698775,109.371475,4.84416133891026,-53.23254218582704,-0.009970190687300304,-0.04829721226898324,109.371475,4.84416133891026,-53.23254218582704,-0.009970190687293913,-0.04829721226895228
0.91,104.23589985279989,2.4867254030023074,-43.13019669163873,-0.02189617255849039,-0.05444976852972008,104.23589985279989,2.4867254030023074,-43.13019669163873,-0.021896172558490683,-0.054449768529720804,116.66770442239988,2.7833073318007475,-48.27416510440298,-0.011856650567538547,-0.033000702455229534,116.66770442239988,2.7833073318007475,-48.27416510440298,-0.0118566505675315,-0.03300070245520992,97.96375,4.280419990516092,-47.56022211684547,-0.01920728035824192,-0.08221522680886578,97.96375,4.280419990516092,-47.56022211684547,-0.019207280358242602,-0.08221522680886871,109.6475,4.790928796724432,-53.23254218582704,-0.010064373460290758,-0.048217696631896116,109.6475,4.790928796724432,-53.23254218582704,-0.010064373460284336,-0.04821769663186535
0.911,104.3771441484113,2.443648609515308,-43.022217789657006,-0.02195311950332031,-0.05364570994881206,104.3771441484113,2.443648609515308,-43.022217789657006,-0.02195311950332059,-0.05364570994881275,116.82579436794659,2.7350929390905283,-48.15330798475371,-0.011894996210853874,-0.03253392014681502,116.82579436794659,2.7350929390905283,-48.15330798475371,-0.011894996210846815,-0.032533920146795715,98.2076375,4.232859768399245,-47.56022211684547,-0.01937148616547875,-0.08199678444395755,98.2076375,4.232859768399245,-47.56022211684547,-0.019371486165479422,-0.0819967844439604,109.920475,4.737696254538605,-53.23254218582704,-0.010157424534496456,-0.04812279217284239,109.920475,4.737696254538605,-53.23254218582704,-0.010157424534490003,-0.04812279217281182
0.912,104.51592348621206,2.400683319713513,-42.9071820160624,-0.022005985142864476,-0.05282940146633813,104.51592348621206,2.400683319713513,-42.9071820160624,-0.022005985142864753,-0.0528294014663388,116.98112536988872,2.6870033486701703,-48.02455234825332,-0.011931482742771945,-0.03205993408442857,116.98112536988872,2.6870033486701703,-48.02455234825332,-0.01193148274276487,-0.032059934084409554,98.4488,4.1852995462824,-47.56022211684547,-0.019533800650003465,-0.08175480699763035,98.4488,4.1852995462824,-47.56022211684547,-0.01953380065000412,-0.0817548069976331,110.19040000000001,4.684463712352778,-53.23254218582704,-0.010249344866546356,-0.04801268410272563,110.19040000000001,4.684463712352778,-53.23254218582704,-0.010249344866539875,-0.04801268410269527
0.913,104.65224445747589,2.357836612384229,-42.78504553935372,-0.022054760679694384,-0.0520015222079555,104.65224445747589,2.357836612384229,-42.78504553935372,-0.02205476067969465,-0.05200152220795613,117.1337048056152,2.6390464835860175,-47.8878491357904,-0.011966109129620173,-0.03157911822073066,117.1337048056152,2.6390464835860175,-47.8878491357904,-0.011966109129613088,-0.03157911822071196,98.68723750000001,4.137739324165555,-47.56022211684547,-0.019694222893321362,-0.08148956052457733,98.68723750000001,4.137739324165555,-47.56022211684547,-0.019694222893322007,-0.08148956052458,110.45727500000001,4.631231170166951,-53.23254218582704,-0.010340135520394114,-0.04788755792579969,110.45727500000001,4.631231170166951,-53.23254218582704,-0.0103401355203876,-0.04788755792576952
0.914,104.7861140603167,2.3151156101463344,-42.65576452803052,-0.02209943759345731,-0.05116275294806776,104.7861140603167,2.3151156101463344,-42.65576452803052,-0.02209943759345757,-0.051162752948068366,117.28354050787742,2.5912303159436036,-47.74314928825434,-0.011998874473497595,-0.031091847292928815,117.28354050787742,2.5912303159436036,-47.74314928825434,-0.0119988744734905,-0.031091847292910427,98.92295000000001,4.090179102048709,-47.56022211684547,-0.019852752148027467,-0.08120131195401456,98.92295000000001,4.090179102048709,-47.56022211684547,-0.0198527521480281,-0.08120131195401716,110.7211,4.577998627981124,-53.23254218582704,-0.010429797663226593,-0.047747599392372074,110.7211,4.577998627981124,-53.23254218582704,-0.010429797663220053,-0.04774759939234213
0.915,104.91753970220006,2.2725274794502,-42.51929515059204,-0.022140007639508893,-0.05031377575602132,104.91753970220006,2.2725274794502,-42.51929515059204,-0.022140007639509143,-0.05031377575602189,117.43064076760007,2.5435628669075636,-47.590403746534214,-0.012029778010965667,-0.0305984966458334,117.43064076760007,2.5435628669075636,-47.590403746534214,-0.012029778010958564,-0.03059849664581533,99.15593750000001,4.042618879931863,-47.56022211684547,-0.020009387832294383,-0.08089032902671217,99.15593750000001,4.042618879931863,-47.56022211684547,-0.020009387832295004,-0.08089032902671468,110.981875,4.524766085795296,-53.23254218582704,-0.010518332561420696,-0.047592994453032736,110.981875,4.524766085795296,-53.23254218582704,-0.010518332561414129,-0.04759299445300302
0.916,105.0465292024546,2.2300794305776934,-42.375593575537756,-0.022176462847628576,-0.04945527363946691,105.0465292024546,2.2300794305776934,-42.375593575537756,-0.022176462847628822,-0.04945527363946746,117.57501433669229,2.496052206701638,-47.429563451519314,-0.0120588191118101,-0.030099442054249487,117.57501433669229,2.496052206701638,-47.429563451519314,-0.012058819111802982,-0.03009944205423172,99.3862,3.995058657815018,-47.56022211684547,-0.02016412952442042,-0.08055688023383921,99.3862,3.995058657815018,-47.56022211684547,-0.02016412952442103,-0.08055688023384165,111.2396,4.471533543609469,-53.23254218582704,-0.010605741576548665,-0.04742392921439093,111.2396,4.471533543609469,-53.23254218582704,-0.010605741576542066,-0.04742392921436143
0.917,105.17309079478326,2.187778717642172,-42.22461597136667,-0.022208795520818357,-0.048587930184913204,105.17309079478326,2.187778717642172,-42.22461597136667,-0.022208795520818593,-0.04858793018491372,117.71667043085834,2.4487064546086694,-47.26057934409847,-0.012085997277874164,-0.029595059544713274,117.71667043085834,2.4487064546086694,-47.26057934409847,-0.012085997277867036,-0.02959505954469582,99.61373750000001,3.9474984356981726,-47.56022211684547,-0.020316976957438355,-0.08020123475760373,99.61373750000001,3.9474984356981726,-47.56022211684547,-0.02031697695743895,-0.08020123475760609,111.494275,4.418301001423642,-53.23254218582704,-0.010692026161432222,-0.04724058989630377,111.494275,4.418301001423642,-53.23254218582704,-0.010692026161425595,-0.04724058989627449
0.918,105.29723312977515,2.145632638588499,-42.066318506578234,-0.022236998234187733,-0.04771242919550801,105.29723312977515,2.145632638588499,-42.066318506578234,-0.022236998234187955,-0.04771242919550849,117.85561873240887,2.401533778970613,-47.08340236516096,-0.012111312141965154,-0.029085725216586245,117.85561873240887,2.401533778970613,-47.08340236516096,-0.012111312141958016,-0.029085725216569103,99.83855,3.8999382135813274,-47.56022211684547,-0.0204679300137853,-0.07982366241366948,99.83855,3.8999382135813274,-47.56022211684547,-0.020467930013785888,-0.07982366241367177,111.7459,4.365068459237816,-53.23254218582704,-0.010777187856245724,-0.04704316279057902,111.7459,4.365068459237816,-53.23254218582704,-0.010777187856239066,-0.04704316279054996
0.919,105.41896527741586,2.1036485351930474,-41.9006573496716,-0.022261063833923993,-0.04682945432607313,105.41896527741586,2.1036485351930474,-41.9006573496716,-0.022261063833924212,-0.04682945432607359,117.99186939307096,2.354542397188548,-46.89798345559573,-0.012134763466833808,-0.02857181506251489,117.99186939307096,2.354542397188548,-46.89798345559573,-0.012134763466826664,-0.02857181506249807,100.06063750000001,3.8523779914644813,-47.56022211684547,-0.02061698872003426,-0.07942443359533145,100.06063750000001,3.8523779914644813,-47.56022211684547,-0.020616988720034833,-0.07942443359533366,111.99447500000001,4.3118359170519875,-53.23254218582704,-0.010861228284668593,-0.04683183422113499,111.99447500000001,4.3118359170519875,-53.23254218582704,-0.01086122828466191,-0.04683183422110617
0.92,105.5382967296,2.061833793063696,-41.727588669146314,-0.022280985436352263,-0.04593968871543116,105.5382967296,2.061833793063696,-41.727588669146314,-0.02228098543635247,-0.04593968871543159,118.1254330368,2.3077405757226686,-46.7042735562922,-0.012156351144228944,-0.028053704788269823,118.1254330368,2.3077405757226686,-46.7042735562922,-0.012156351144221793,-0.028053704788253322,100.28000000000002,3.8048177693476357,-47.56022211684547,-0.020764153241687455,-0.07900381921942974,100.28000000000002,3.8048177693476357,-47.56022211684547,-0.020764153241688017,-0.07900381921943188,112.24000000000001,4.258603374866161,-53.23254218582704,-0.010944149150087176,-0.04660679050559988,112.24000000000001,4.258603374866161,-53.23254218582704,-0.010944149150080467,-0.04660679050557131
0.921,105.65523740264166,2.0201958416398065,-41.547068633501404,-0.02229675642708285,-0.0450438146160484,105.65523740264166,2.0201958416398065,-41.547068633501404,-0.02229675642708305,-0.04504381461604881,118.25632076258974,2.26113663009226,-46.50222360813918,-0.012176075194026331,-0.02753176963197066,118.25632076258974,2.26113663009226,-46.50222360813918,-0.01217607519401917,-0.02753176963195447,100.4966375,3.7572575472307905,-47.56022211684547,-0.020909423878032084,-0.07856209067398376,100.4966375,3.7572575472307905,-47.56022211684547,-0.020909423878032636,-0.07856209067398583,112.48247500000001,4.205370832680334,-53.23254218582704,-0.011025952231846202,-0.04636821791833265,112.48247500000001,4.205370832680334,-53.23254218582704,-0.011025952231839466,-0.046368217918304325
0.922,105.76979763978642,1.9787421541922314,-41.35905341123644,-0.022308370460250422,-0.04414251302103426,105.76979763978642,1.9787421541922314,-41.35905341123644,-0.022308370460250613,-0.04414251302103464,118.38454414728388,2.2147389248757086,-46.2917845520261,-0.012193935763434006,-0.027006384182711285,118.38454414728388,2.2147389248757086,-46.2917845520261,-0.012193935763426839,-0.02700638418269541,100.71055000000001,3.709697325113945,-47.56022211684547,-0.021052801057058777,-0.07809951976752698,100.71055000000001,3.709697325113945,-47.56022211684547,-0.02105280105705931,-0.07809951976752896,112.7219,4.152138290494507,-53.23254218582704,-0.011106639381550064,-0.04611630265484824,112.7219,4.152138290494507,-53.23254218582704,-0.011106639381543302,-0.04611630265482017
0.923,105.88198821372215,1.9374802478233693,-41.16349917085054,-0.022315821457842645,-0.04323646328852303,105.88198821372215,1.9374802478233693,-41.16349917085054,-0.02231582145784283,-0.04323646328852339,118.51011524838626,2.16855587371056,-46.072907328841886,-0.0122099331262731,-0.02647792219859267,118.51011524838626,2.16855587371056,-46.072907328841886,-0.012209933126265926,-0.026477922198577114,100.9217375,3.6621371029970993,-47.56022211684547,-0.02119428533044289,-0.07761637868012204,100.9217375,3.6621371029970993,-47.56022211684547,-0.02119428533044342,-0.07761637868012398,112.958275,4.09890574830868,-53.23254218582704,-0.011186212519413936,-0.04585123079762831,112.958275,4.09890574830868,-53.23254218582704,-0.011186212519407147,-0.04585123079760048
0.924,105.99182032909118,1.8964176834670605,-40.96036208084317,-0.022319103609122246,-0.04232634276347292,105.99182032909118,1.8964176834670605,-40.96036208084317,-0.02231910360912242,-0.042326342763473246,118.6330466068727,2.122595939293407,-45.845542879475836,-0.012224067682336002,-0.025946756424174166,118.6330466068727,2.122595939293407,-45.845542879475836,-0.012224067682328817,-0.025946756424158918,101.1302,3.6145768808802536,-47.56022211684547,-0.021333877368589223,-0.07711293991603707,101.1302,3.6145768808802536,-47.56022211684547,-0.02133387736858974,-0.07711293991603893,113.1916,4.045673206122853,-53.23254218582704,-0.01126467363066496,-0.04557318828329987,113.1916,4.045673206122853,-53.23254218582704,-0.011264673630658148,-0.04557318828327231
0.925,106.09930562499996,1.8555620658887257,-40.74959830971313,-0.022318211370139292,-0.041412826396916916,106.09930562499996,1.8555620658887257,-40.74959830971313,-0.02231821137013946,-0.04141282639691722,118.75335124999995,2.0768676333800413,-45.609642144816526,-0.01223633995682041,-0.02541325840735524,118.75335124999995,2.0768676333800413,-45.609642144816526,-0.012236339956813225,-0.02541325840734032,101.33593750000001,3.5670166587634085,-47.56022211684547,-0.02147157795574022,-0.07658947625806255,101.33593750000001,3.5670166587634085,-47.56022211684547,-0.021471577955740728,-0.07658947625806435,113.421875,3.9924406639370256,-53.23254218582704,-0.01134202476199354,-0.04528236087116368,113.421875,3.9924406639370256,-53.23254218582704,-0.011342024761986702,-0.04528236087113637
0.926,106.20445617753285,1.8149210436851875,-40.5311640259602,-0.022313139463340164,-0.040496586362698477,106.20445617753285,1.8149210436851875,-40.5311640259602,-0.02231313946334032,-0.04049658636269876,118.87104269411932,2.0313795167852553,-45.36515606575362,-0.012246750599842395,-0.02487779831569738,118.87104269411932,2.0313795167852553,-45.36515606575362,-0.012246750599835205,-0.024877798315682775,101.53895000000001,3.519456436646563,-47.56022211684547,-0.021607387985148024,-0.07604626072344882,101.53895000000001,3.519456436646563,-47.56022211684547,-0.02160738798514852,-0.07604626072345057,113.6491,3.9392081217511983,-53.23254218582704,-0.011418268018054775,-0.04497893411305333,113.6491,3.9392081217511983,-53.23254218582704,-0.011418268018047914,-0.0449789341130263
0.927,106.3072845022617,1.774502309284847,-40.305015398083846,-0.02230388287726618,-0.0395782916717276,106.3072845022617,1.774502309284847,-40.305015398083846,-0.02230388287726633,-0.03957829167172786,118.98613494748557,1.9861401993830399,-45.112035583176414,-0.012255300386025004,-0.024340744752198745,118.98613494748557,1.9861401993830399,-45.112035583176414,-0.012255300386017812,-0.02434074475218446,101.7392375,3.471896214529717,-47.56022211684547,-0.021741308454310534,-0.07548356652144368,101.7392375,3.471896214529717,-47.56022211684547,-0.021741308454311017,-0.07548356652144536,113.873275,3.8859755795653714,-53.23254218582704,-0.011493405558020225,-0.044663093324507505,113.873275,3.8859755795653714,-53.23254218582704,-0.011493405558013339,-0.04466309332448074
0.928,106.40780355675747,1.734313598947584,-40.07110859458297,-0.022290436866347855,-0.038658607783789656,106.40780355675747,1.734313598947584,-40.07110859458297,-0.022290436866347997,-0.0386586077837899,119.09864251306799,1.9411583401064698,-44.85023163797359,-0.012261990214165186,-0.02380246457053067,119.09864251306799,1.9411583401064698,-44.85023163797359,-0.012261990214157987,-0.023802464570516695,101.9368,3.4243359924128716,-47.56022211684547,-0.02187334046027177,-0.07490166701240934,101.9368,3.4243359924128716,-47.56022211684547,-0.021873340460272245,-0.07490166701241098,114.0944,3.832743037379544,-53.23254218582704,-0.011567439592179912,-0.04433502355723603,114.0944,3.832743037379544,-53.23254218582704,-0.011567439592173004,-0.04433502355720956
0.929,106.50602674310247,1.694362692764686,-39.829399783956816,-0.022272796950793924,-0.03773819621694828,106.50602674310247,1.694362692764686,-39.829399783956816,-0.02227279695079406,-0.03773819621694851,119.20858039136239,1.89644264694763,-44.57969517103423,-0.012266821106978635,-0.02326332268975162,119.20858039136239,1.89644264694763,-44.57969517103423,-0.012266821106971432,-0.02326332268973796,102.13163750000001,3.3767757702960264,-47.56022211684547,-0.02200348519498669,-0.07430083566849839,102.13163750000001,3.3767757702960264,-47.56022211684547,-0.02200348519498715,-0.07430083566849995,114.312475,3.7795104951937173,-53.23254218582704,-0.011640372378594693,-0.0439949095728617,114.312475,3.7795104951937173,-53.23254218582704,-0.011640372378587761,-0.0439949095728355
0.93,106.60196791039989,1.6546574146592035,-39.57984513470484,-0.022250958916572385,-0.03681771415458381,106.60196791039989,1.6546574146592035,-39.57984513470484,-0.022250958916572514,-0.03681771415458403,119.31596408319986,1.8520018769580073,-44.300377123247614,-0.012269794210920858,-0.02272368190851392,119.31596408319986,1.8520018769580073,-44.300377123247614,-0.012269794210913653,-0.02272368190850058,102.32375000000002,3.3292155481791808,-47.56022211684547,-0.022131743940750556,-0.07368134603586712,102.32375000000002,3.3292155481791808,-47.56022211684547,-0.02213174394075101,-0.07368134603586864,114.5275,3.72627795300789,-53.23254218582704,-0.011712206219798908,-0.04364293581791855,114.5275,3.72627795300789,-53.23254218582704,-0.011712206219791953,-0.043642935817892636
0.931,106.69564135728821,1.6152056323853656,-39.3224008153266,-0.02222491881548886,-0.035897814050085096,106.69564135728821,1.6152056323853656,-39.3224008153266,-0.022224918815488975,-0.03589781405008528,119.42080959256113,1.8078448362478403,-44.01222843550317,-0.012270910796087319,-0.022183902718764335,119.42080959256113,1.8078448362478403,-44.01222843550317,-0.01227091079608011,-0.0221839027187513,102.51313750000001,3.281655326062335,-47.56022211684547,-0.022258118065693198,-0.07304347169840636,102.51313750000001,3.281655326062335,-47.56022211684547,-0.022258118065693642,-0.07304347169840782,114.73947500000003,3.673045410822063,-53.23254218582704,-0.011782943459553474,-0.04327928640008873,114.73947500000003,3.673045410822063,-53.23254218582704,-0.011782943459546499,-0.04327928640006311
0.932,106.78706183444883,1.5760152575290687,-39.05702299432091,-0.02219467296535419,-0.034979143229266145,106.78706183444883,1.5760152575290687,-39.05702299432091,-0.022194672965354302,-0.03497914322926632,119.5231334293831,1.763980379986664,-43.71520004868946,-0.012270172256187857,-0.02164434311897208,119.5231334293831,1.763980379986664,-43.71520004868946,-0.012270172256180645,-0.021644343118959356,102.69980000000002,3.2340951039454895,-47.56022211684547,-0.022382609019338147,-0.07238748624296766,102.69980000000002,3.2340951039454895,-47.56022211684547,-0.022382609019338577,-0.07238748624296905,114.9484,3.619812868636236,-53.23254218582704,-0.011852586479649176,-0.04290414506565795,114.9484,3.619812868636236,-53.23254218582704,-0.011852586479642178,-0.042904145065632615
0.933,106.87624454712068,1.5370942455077403,-38.78366784018744,-0.022160217950251304,-0.03406234349052861,106.87624454712068,1.5370942455077403,-38.78366784018744,-0.022160217950251408,-0.03406234349052877,119.6229526123736,1.7204174124031588,-43.40924290369603,-0.012267580108600802,-0.021105358426887454,119.6229526123736,1.7204174124031588,-43.40924290369603,-0.01226758010859359,-0.021105358426875043,102.88373750000001,3.1865348818286443,-47.56022211684547,-0.022505218328226783,-0.07171366322606397,102.88373750000001,3.1865348818286443,-47.56022211684547,-0.022505218328227203,-0.07171366322606532,115.154275,3.566580326450409,-53.23254218582704,-0.011921137696760398,-0.04251769517817198,115.154275,3.566580326450409,-53.23254218582704,-0.011921137696753379,-0.04251769517814694
0.934,106.96320515760948,1.4984505955702583,-38.502291521425214,-0.022121550620890745,-0.033148050702811356,106.96320515760948,1.4984505955702583,-38.502291521425214,-0.022121550620890836,-0.03314805070281149,119.72028467181977,1.6771648867850597,-43.0943079414117,-0.012263135994500757,-0.020567301091846655,119.72028467181977,1.6771648867850597,-43.0943079414117,-0.012263135994493544,-0.020567301091834557,103.06495000000001,3.1389746597117987,-47.56022211684547,-0.02262594759160775,-0.07102227614202393,103.06495000000001,3.1389746597117987,-47.56022211684547,-0.02262594759160816,-0.0710222761420252,115.3571,3.5133477842645817,-53.23254218582704,-0.011988599559349007,-0.04212011969827417,115.3571,3.5133477842645817,-53.23254218582704,-0.011988599559341968,-0.04212011969824944
0.935,107.0479597878001,1.460092350796937,-38.21285020653379,-0.022078668095062138,-0.03223689440138461,107.0479597878001,1.460092350796937,-38.21285020653379,-0.022078668095062225,-0.03223689440138473,119.81514765240009,1.6342318054791405,-42.77034610272589,-0.012256841679063653,-0.020030520506648174,119.81514765240009,1.6342318054791405,-42.77034610272589,-0.01225684167905644,-0.020030520506636385,103.24343750000001,3.091414437594953,-47.56022211684547,-0.022744798477191464,-0.07031359839257739,103.24343750000001,3.091414437594953,-47.56022211684547,-0.02274479847719187,-0.07031359839257864,115.55687499999999,3.460115242078755,-53.23254218582704,-0.012054974544618466,-0.04171160116470575,115.55687499999999,3.460115242078755,-53.23254218582704,-0.012054974544611404,-0.04171160116468132
0.936,107.13052502166727,1.4220275980997172,-37.91530006401219,-0.022031567758176177,-0.03132949738153044,107.13052502166727,1.4220275980997172,-37.91530006401219,-0.022031567758176253,-0.03132949738153055,119.90756011599454,1.5916272198914265,-42.4373083285274,-0.012248699051746043,-0.019495362819017308,119.90756011599454,1.5916272198914265,-42.4373083285274,-0.012248699051738829,-0.019495362819005824,103.4192,3.0438542154781074,-47.56022211684547,-0.02286177271697006,-0.0695879032578517,103.4192,3.0438542154781074,-47.56022211684547,-0.02286177271697045,-0.0695879032578529,115.7536,3.4068826998929276,-53.23254218582704,-0.012120265155518159,-0.04129232167644988,115.7536,3.4068826998929276,-53.23254218582704,-0.012120265155511078,-0.041292321676425756
0.937,107.21091790778804,1.3842644682219758,-37.60959726235998,-0.021980247263900056,-0.03042647529015015,107.21091790778804,1.3842644682219758,-37.60959726235998,-0.02198024726390013,-0.03042647529015025,119.99754114449671,1.549360230486982,-42.09514555970567,-0.012238710126639659,-0.018962170742673784,119.99754114449671,1.549360230486982,-42.09514555970567,-0.012238710126632444,-0.018962170742662605,103.59223750000001,2.9962939933612622,-47.56022211684547,-0.02297687210310266,-0.06884546386875645,103.59223750000001,2.9962939933612622,-47.56022211684547,-0.02297687210310305,-0.06884546386875762,115.947275,3.3536501577071007,-53.23254218582704,-0.01218447391779768,-0.04086246287600024,115.947275,3.3536501577071007,-53.23254218582704,-0.012184473917790577,-0.040862462875976426
0.9380000000000001,107.28915596185178,1.346811135738554,-37.29569797007619,-0.021924704534881472,-0.02952843621535594,107.28915596185178,1.346811135738554,-37.29569797007619,-0.021924704534881538,-0.02952843621535603,120.08511034262311,1.507439986789941,-41.7438087371495,-0.012226877042898605,-0.018431283368029308,120.08511034262311,1.507439986789941,-41.7438087371495,-0.012226877042891392,-0.018431283368018435,103.76255,2.948733771244417,-47.56022211684547,-0.023090098483866107,-0.0680865531807355,103.76255,2.948733771244417,-47.56022211684547,-0.023090098483866485,-0.06808655318073661,116.13789999999999,3.300417615521274,-53.23254218582704,-0.01224760337711121,-0.04042220593373568,116.13789999999999,3.300417615521274,-53.23254218582704,-0.012247603377104087,-0.04042220593371217
0.9390000000000001,107.36525716917257,1.3096758190558648,-36.97355835566049,-0.021864937763565007,-0.02863598027410251,107.36525716917257,1.3096758190558648,-36.97355835566049,-0.02186493776356506,-0.02863598027410258,120.17028784072525,1.4658756873836285,-41.38324880174844,-0.012213202065240524,-0.017903035972539606,120.17028784072525,1.4658756873836285,-41.38324880174844,-0.012213202065233313,-0.017903035972529034,103.9301375,2.901173549127571,-47.56022211684547,-0.023201453759671135,-0.06731144394886433,103.9301375,2.901173549127571,-47.56022211684547,-0.023201453759671503,-0.0673114439488654,116.32547500000001,3.2471850733354466,-53.23254218582704,-0.012309656096171729,-0.03997173153338152,116.32547500000001,3.2471850733354466,-53.23254218582704,-0.012309656096164589,-0.03997173153335834
0.9400000000000001,107.43923998719994,1.272866780411758,-36.643134587611456,-0.02180094541309523,-0.02774969919789901,107.43923998719994,1.272866780411758,-36.643134587611456,-0.021800945413095275,-0.027749699197899064,120.25309429759994,1.4246765799104077,-41.013416694390806,-0.01219768758451879,-0.01737775983072787,120.25309429759994,1.4246765799104077,-41.013416694390806,-0.012197687584511577,-0.017377759830717595,104.09500000000001,2.853613327010726,-47.56022211684547,-0.02331093987914403,-0.0665204087042712,104.09500000000001,2.853613327010726,-47.56022211684547,-0.02331093987914439,-0.06652040870427223,116.51,3.1939525311496197,-53.23254218582704,-0.012370634651954988,-0.03951121985853883,116.51,3.1939525311496197,-53.23254218582704,-0.01237063465194783,-0.03951121985851597
0.9410000000000001,107.51112334803045,1.2363923258756817,-36.30438283442932,-0.021732726218309927,-0.026870175916675617,107.51112334803045,1.2363923258756817,-36.30438283442932,-0.021732726218309968,-0.02687017591667567,120.33355090330014,1.3838519610718638,-40.63426335596676,-0.012180336118366438,-0.016855782023915848,120.33355090330014,1.3838519610718638,-40.63426335596676,-0.01218033611835923,-0.016855782023905874,104.25713750000001,2.80605310489388,-47.56022211684547,-0.02341855883527377,-0.06571371973185997,104.25713750000001,2.80605310489388,-47.56022211684547,-0.02341855883527412,-0.06571371973186095,116.691475,3.140719988963792,-53.23254218582704,-0.01243054163295326,-0.03904085058026292,116.691475,3.140719988963792,-53.23254218582704,-0.012430541632946084,-0.039040850580240385
0.9420000000000001,107.58092666091932,1.2002608053484813,-35.95725926461319,-0.02166027918681804,-0.025997984140843172,107.58092666091932,1.2002608053484813,-35.95725926461319,-0.021660279186818072,-0.025997984140843207,120.41167938194639,1.3434111766285755,-40.245739727365226,-0.012161150311909537,-0.01633742524967936,120.41167938194639,1.3434111766285755,-40.245739727365226,-0.012161150311902333,-0.01633742524966968,104.41655000000002,2.758492882777035,-47.56022211684547,-0.023524312661624733,-0.06489164904931351,104.41655000000002,2.758492882777035,-47.56022211684547,-0.023524312661625076,-0.06489164904931446,116.86989999999999,3.087487446777965,-53.23254218582704,-0.012489379636478528,-0.0385608028456718,116.86989999999999,3.087487446777965,-53.23254218582704,-0.012489379636471332,-0.03856080284564958
0.9430000000000001,107.64866981479116,1.164480612562506,-35.60172004666147,-0.021583603600163592,-0.02513368794162481,107.64866981479116,1.164480612562506,-35.60172004666147,-0.021583603600163613,-0.025133687941624835,120.48750199453688,1.303363621400236,-39.8477967494743,-0.012140132938549222,-0.015823007631067802,120.48750199453688,1.303363621400236,-39.8477967494743,-0.012140132938542022,-0.015823007631058417,104.57323750000002,2.710932660660189,-47.56022211684547,-0.023628203428614748,-0.06405446838735478,104.57323750000002,2.710932660660189,-47.56022211684547,-0.02362820342861508,-0.06405446838735568,117.04527499999999,3.034254904592138,-53.23254218582704,-0.012547151266015168,-0.038071255267565975,117.04527499999999,3.034254904592138,-53.23254218582704,-0.012547151266007955,-0.03807125526754409
0.9440000000000001,107.71437318075203,1.1290601850816764,-35.23772134907445,-0.02150269901507502,-0.024277841329716183,107.71437318075203,1.1290601850816764,-35.23772134907445,-0.02150269901507503,-0.024277841329716197,120.56104154175915,1.2637187392657294,-39.44038536318425,-0.012117286900812204,-0.015312842525615536,120.56104154175915,1.2637187392657294,-39.44038536318425,-0.012117286900805007,-0.01531284252560644,104.72720000000001,2.6633724385433437,-47.56022211684547,-0.023730233239858747,-0.0632024491712449,104.72720000000001,2.6633724385433437,-47.56022211684547,-0.02373023323985907,-0.06320244917124576,117.21760000000002,2.981022362406311,-53.23254218582704,-0.012603859128621905,-0.03757238591504082,117.21760000000002,2.981022362406311,-53.23254218582704,-0.012603859128614675,-0.03757238591501927
0.9450000000000001,107.7780576146001,1.0940080043013911,-34.86521934035085,-0.02141756526479424,-0.023430987832332342,107.7780576146001,1.0940080043013911,-34.86521934035085,-0.02141756526479425,-0.023430987832332353,120.63232136680011,1.224486023163025,-39.023456509383514,-0.012092615231266195,-0.014807238334173767,120.63232136680011,1.224486023163025,-39.023456509383514,-0.012092615231258999,-0.014807238334164956,104.8784375,2.615812216426498,-47.56022211684547,-0.023830404228577746,-0.06233586250349535,104.8784375,2.615812216426498,-47.56022211684547,-0.023830404228578062,-0.062335862503496174,117.386875,2.9277898202204837,-53.23254218582704,-0.012659505832382883,-0.037064372305072445,117.386875,2.9277898202204837,-53.23254218582704,-0.012659505832375635,-0.037064372305051226
0.9460000000000001,107.83974445933784,1.0593325954485124,-34.484170188990326,-0.021328202460489512,-0.022593660068721703,107.83974445933784,1.0593325954485124,-34.484170188990326,-0.021328202460489505,-0.022593660068721697,120.70136535815794,1.1856750150891606,-38.59696112896165,-0.012066121093501664,-0.014306498309605224,120.70136535815794,1.1856750150891606,-38.59696112896165,-0.012066121093494475,-0.014306498309596702,105.02695000000001,2.568251994309653,-47.56022211684547,-0.023928718554073237,-0.06145497914777298,105.02695000000001,2.568251994309653,-47.56022211684547,-0.023928718554073546,-0.06145497914777378,117.55310000000001,2.874557278034657,-53.23254218582704,-0.0127140939839078,-0.03654739139505881,117.55310000000001,2.874557278034657,-53.23254218582704,-0.012714093983900537,-0.03654739139503793
0.9470000000000001,107.89945554768255,1.0250425275814472,-34.09453006349213,-0.021234610992745144,-0.021766379324212267,107.89945554768255,1.0250425275814472,-34.09453006349213,-0.021234610992745137,-0.02176637932421226,120.76819795245203,1.1472953061003355,-38.160850162807705,-0.012037807783176008,-0.013810920365375918,120.76819795245203,1.1472953061003355,-38.160850162807705,-0.012037807783168823,-0.013810920365367674,105.17273750000001,2.520691772192807,-47.56022211684547,-0.02402517839826689,-0.0605600695139757,105.17273750000001,2.520691772192807,-47.56022211684547,-0.02402517839826719,-0.06056006951397647,117.71627500000001,2.8213247358488296,-53.23254218582704,-0.012767626185880829,-0.03602161957629683,117.71627500000001,2.8213247358488296,-53.23254218582704,-0.012767626185873546,-0.03602161957627628
0.9480000000000001,107.95721320457825,0.9911464135900799,-33.69625513235517,-0.021136791533130108,-0.020949655122863075,107.95721320457825,0.9911464135900799,-33.69625513235517,-0.02113679153313009,-0.020949655122863058,120.83284413723436,1.1093565363118325,-37.715074551810375,-0.012007678729120362,-0.013320796884082232,120.83284413723436,1.1093565363118325,-37.715074551810375,-0.012007678729113182,-0.013320796884074266,105.31580000000001,2.4731315500759616,-47.56022211684547,-0.024119785962305608,-0.059651403644457285,105.31580000000001,2.4731315500759616,-47.56022211684547,-0.024119785962305903,-0.05965140364445802,117.8764,2.7680921936630027,-53.23254218582704,-0.012820105034658217,-0.035487232668377174,117.8764,2.7680921936630027,-53.23254218582704,-0.012820105034650923,-0.03548723266835698
0.9490000000000001,108.01304024970702,0.9576529101957855,-33.28930156407934,-0.021034745035842274,-0.020143984798800706,108.01304024970702,0.9576529101957855,-33.28930156407934,-0.021034745035842253,-0.020143984798800686,120.89532945380051,1.0718683948980352,-37.25958523685944,-0.011975737494506934,-0.012836414525957365,120.89532945380051,1.0718683948980352,-37.25958523685944,-0.01197573749449976,-0.012836414525949677,105.45613750000001,2.425571327959116,-47.56022211684547,-0.02421254346323165,-0.05872925120137861,105.45613750000001,2.425571327959116,-47.56022211684547,-0.024212543463231935,-0.0587292512013793,118.03347500000001,2.7148596514771755,-53.23254218582704,-0.012871533117914453,-0.03494440591447816,118.03347500000001,2.7148596514771755,-53.23254218582704,-0.012871533117907142,-0.034944405914458306
0.9500000000000001,108.06695999999998,0.9245707179514842,-32.873625527163654,-0.020928472739425073,-0.019349853066318305,108.06695999999998,0.9245707179514842,-32.873625527163654,-0.02092847273942504,-0.019349853066318274,120.95567999999997,1.0348406200924867,-36.79433315884372,-0.01194198777807455,-0.012358054037399565,120.95567999999997,1.0348406200924867,-36.79433315884372,-0.011941987778067382,-0.012358054037392147,105.59375000000001,2.378011105842271,-47.56022211684547,-0.024303453130717995,-0.057793881455164495,105.59375000000001,2.378011105842271,-47.56022211684547,-0.024303453130718272,-0.057793881455165154,118.18750000000001,2.6616271092913486,-53.23254218582704,-0.012921913012336715,-0.03439331397754004,118.18750000000001,2.6616271092913486,-53.23254218582704,-0.012921913012329388,-0.03439331397752053
0.9510000000000001,108.11899627214882,0.891908581241519,-32.449183190107135,-0.0208179761685571,-0.018567731588817516,108.11899627214882,0.891908581241519,-32.449183190107135,-0.02081797616855706,-0.018567731588817478,121.0139224330473,0.9982829991877551,-36.31926925865202,-0.011906433415411992,-0.01188599005956679,121.0139224330473,0.9982829991877551,-36.31926925865202,-0.011906433415404833,-0.011885990059559643,105.7286375,2.3304508837254247,-47.56022211684547,-0.02439251720386869,-0.056845563274043415,105.7286375,2.3304508837254247,-47.56022211684547,-0.02439251720386896,-0.05684556327404404,118.33847500000002,2.6083945671055213,-53.23254218582704,-0.01297124728136754,-0.03383413093730136,118.33847500000002,2.6083945671055213,-53.23254218582704,-0.012971247281360197,-0.0338341309372822
0.9520000000000001,108.16917338511777,0.8596752882818053,-32.01593072140947,-0.020703257135911528,-0.017798078546687086,108.16917338511777,0.8596752882818053,-32.01593072140947,-0.02070325713591148,-0.017798078546687045,121.07008397233363,0.9622053685355985,-35.83434447717389,-0.011869078380296803,-0.011420490937091389,121.07008397233363,0.9622053685355985,-35.83434447717389,-0.011869078380289649,-0.011420490937084506,105.86080000000001,2.2828906616085796,-47.56022211684547,-0.024479737928084215,-0.055884565114648815,105.86080000000001,2.2828906616085796,-47.56022211684547,-0.02447973792808448,-0.05588456511464941,118.4864,2.5551620249196945,-53.23254218582704,-0.013019538472995454,-0.03326703028817893,118.4864,2.5551620249196945,-53.23254218582704,-0.013019538472988097,-0.03326703028816013
0.9530000000000001,108.21751616265367,0.8278796711197354,-31.573824289569767,-0.020584317744081038,-0.017041338204193943,108.21751616265367,0.8278796711197354,-31.573824289569767,-0.02058431774408098,-0.017041338204193894,121.1241924022362,0.9266176135468598,-35.339509755298266,-0.01182992678608679,-0.010961818526957814,121.1241924022362,0.9266176135468598,-35.339509755298266,-0.011829926786079643,-0.010961818526951193,105.9902375,2.235330439491734,-47.56022211684547,-0.024565117551991648,-0.0549111550136596,105.9902375,2.235330439491734,-47.56022211684547,-0.024565117551991908,-0.05491115501366018,118.631275,2.501929482733867,-53.23254218582704,-0.013066789117593474,-0.032692184937973164,118.631275,2.501929482733867,-53.23254218582704,-0.013066789117586103,-0.03269218493795472
0.9540000000000001,108.26404993579827,0.7965306056342062,-31.12282006308739,-0.02046116038757011,-0.01629794047548985,108.26404993579827,0.7965306056342062,-31.12282006308739,-0.020461160387570045,-0.016297940475489797,121.17627607493016,0.8915296686914967,-34.83471603391432,-0.011788982887164273,-0.01051022800760329,121.17627607493016,0.8915296686914967,-34.83471603391432,-0.011788982887157136,-0.010510228007596926,106.11695000000002,2.1877702173748883,-47.56022211684547,-0.02464865832443966,-0.053925600580458706,106.11695000000002,2.1877702173748883,-47.56022211684547,-0.024648658324439913,-0.05392560058045926,118.77310000000001,2.4486969405480403,-53.23254218582704,-0.013113001725805127,-0.03210976720738019,118.77310000000001,2.4486969405480403,-53.23254218582704,-0.01311300172579774,-0.0321097672073621
0.9550000000000001,108.3088005453999,0.7656370115356322,-30.662874210461894,-0.020333787754849453,-0.015568300489822768,108.3088005453999,0.7656370115356322,-30.662874210461894,-0.020333787754849383,-0.015568300489822716,121.22636391319988,0.8569515174985975,-34.31991425391148,-0.011746251080429846,-0.010065967688293898,121.22636391319988,0.8569515174985975,-34.31991425391148,-0.011746251080422715,-0.010065967688287786,106.2409375,2.1402099952580427,-47.56022211684547,-0.024730362491558095,-0.05292816899078723,106.2409375,2.1402099952580427,-47.56022211684547,-0.02473036249155834,-0.052928168990787755,118.911875,2.395464398362213,-53.23254218582704,-0.013158178786478025,-0.031519948830293014,118.911875,2.395464398362213,-53.23254218582704,-0.013158178786470624,-0.031519948830275285
0.9560000000000001,108.35179434462408,0.7352078523658515,-30.193942900192198,-0.02020220283046993,-0.014852818156049125,108.35179434462408,0.7352078523658515,-30.193942900192198,-0.020202202830469848,-0.014852818156049063,121.27448541324895,0.8228931925562741,-33.79505535617842,-0.011701735906843352,-0.009629278818832713,121.27448541324895,0.8228931925562741,-33.79505535617842,-0.011701735906836229,-0.009629278818826852,106.36220000000002,2.0926497731411975,-47.56022211684547,-0.02481023229388225,-0.051919126981373104,106.36220000000002,2.0926497731411975,-47.56022211684547,-0.02481023229388249,-0.0519191269813736,119.0476,2.342231856176386,-53.23254218582704,-0.013202322764644666,-0.030922900954873433,119.0476,2.342231856176386,-53.23254218582704,-0.013202322764637255,-0.030922900954856076
0.9570000000000001,108.39305820146491,0.7052521354982736,-29.715982300777327,-0.02006640889723566,-0.014151877726557007,108.39305820146491,0.7052521354982736,-29.715982300777327,-0.02006640889723557,-0.014151877726556943,121.32067064751118,0.7893647755118292,-33.26009028160398,-0.011655442053011205,-0.009200395399666323,121.32067064751118,0.7893647755118292,-33.26009028160398,-0.011655442053004096,-0.009200395399660711,106.48073750000002,2.045089551024352,-47.56022211684547,-0.02488826996354139,-0.05089874084551172,106.48073750000002,2.045089551024352,-47.56022211684547,-0.024888269963541623,-0.0508987408455122,119.18027500000001,2.288999313990559,-53.23254218582704,-0.013245436099550253,-0.03031879414537631,119.18027500000001,2.288999313990559,-53.23254218582704,-0.013245436099542825,-0.03031879414535931
0.9580000000000001,108.43261950125684,0.6757789121378128,-29.228948580717272,-0.019926409538432763,-0.01346584736069463,108.43261950125684,0.6757789121378128,-29.228948580717272,-0.019926409538432666,-0.013465847360694564,121.3649502674618,0.7563763970716804,-32.71496997107804,-0.011607374352817425,-0.008779543992446272,121.3649502674618,0.7563763970716804,-32.71496997107804,-0.011607374352810326,-0.008779543992440903,106.59655000000001,1.9975293289075065,-47.56022211684547,-0.024964477721511752,-0.049867276429577764,106.59655000000001,1.9975293289075065,-47.56022211684547,-0.024964477721511974,-0.04986727642957821,119.3099,2.235766771804732,-53.23254218582704,-0.013287521202727411,-0.029707798384708793,119.3099,2.235766771804732,-53.23254218582704,-0.013287521202719976,-0.02970779838469217
0.9590000000000001,108.47050614918554,0.6467972773208739,-28.73279790851084,-0.01978220864010962,-0.01279507868781637,108.47050614918554,0.6467972773208739,-28.73279790851084,-0.019782208640109513,-0.0127950786878163,121.40735550642782,0.7239382370013451,-32.1596453654892,-0.01155753778909551,-0.008366943531114227,121.40735550642782,0.7239382370013451,-32.1596453654892,-0.011557537789088423,-0.008366943531109096,106.70963750000001,1.9499691067906606,-47.56022211684547,-0.02503885777493376,-0.048824999130445974,106.70963750000001,1.9499691067906606,-47.56022211684547,-0.025038857774933983,-0.048824999130446405,119.436475,2.1825342296189043,-53.23254218582704,-0.013328580456117668,-0.029090083077706358,119.436475,2.1825342296189043,-53.23254218582704,-0.013328580456110219,-0.0290900830776901
0.9600000000000001,108.50674657279986,0.6183163699153662,-28.227486452657814,-0.019633810393409543,-0.012139906370059576,108.50674657279986,0.6183163699153662,-28.227486452657814,-0.01963381039340943,-0.012139906370059508,121.44791818239983,0.6920605241254557,-31.594067405727092,-0.011505937495340623,-0.007962805133580164,121.44791818239983,0.6920605241254557,-31.594067405727092,-0.011505937495333548,-0.007962805133575269,106.82000000000001,1.9024088846738154,-47.56022211684547,-0.025111412314493157,-0.04777217389379924,106.82000000000001,1.9024088846738154,-47.56022211684547,-0.025111412314493372,-0.047772173893799647,119.55999999999999,2.1293016874330775,-53.23254218582704,-0.013368616210239253,-0.028465817055107635,119.55999999999999,2.1293016874330775,-53.23254218582704,-0.01336861621023179,-0.028465817055091745
0.9610000000000001,108.54136972452342,0.5903453726206221,-27.712970381656998,-0.019481219296949414,-0.011500647664961656,108.54136972452342,0.5903453726206221,-27.712970381656998,-0.019481219296949293,-0.011500647664961585,121.48667070084272,0.6607535363276688,-31.018187032680306,-0.011452578757458011,-0.007567331914061519,121.48667070084272,0.6607535363276688,-31.018187032680306,-0.011452578757450944,-0.007567331914056849,106.92763750000002,1.8548486625569698,-47.56022211684547,-0.025182143511866324,-0.046709065213302925,106.92763750000002,1.8548486625569698,-47.56022211684547,-0.025182143511866532,-0.046709065213303314,119.680475,2.0760691452472506,-53.23254218582704,-0.013407630782401377,-0.02783516857821075,119.680475,2.0760691452472506,-53.23254218582704,-0.013407630782393905,-0.027835168578195242
0.9620000000000001,108.57440508416393,0.5628935119676002,-27.18920586400774,-0.019324440159243,-0.010877601988044022,108.57440508416393,0.5628935119676002,-27.18920586400774,-0.019324440159242867,-0.010877601988043948,121.52364605750456,0.6300276005508919,-30.431955187238017,-0.011397467015546019,-0.007180718796162394,121.52364605750456,0.6300276005508919,-30.431955187238017,-0.011397467015538966,-0.0071807187961579495,107.03255000000001,1.8072884404401244,-47.56022211684547,-0.02525105351722923,-0.04563593713062333,107.03255000000001,1.8072884404401244,-47.56022211684547,-0.025251053517229435,-0.0456359371306237,119.7979,2.0228366030614233,-53.23254218582704,-0.013445626454964464,-0.027198305344193124,119.7979,2.0228366030614233,-53.23254218582704,-0.01344562645495698,-0.027198305344177987
0.9630000000000001,108.60588266142776,0.5359700583186685,-26.65614906820971,-0.019163478101169196,-0.010271050475472181,108.60588266142776,0.5359700583186685,-26.65614906820971,-0.019163478101169057,-0.010271050475472106,121.55887784123108,0.5998930927970418,-29.835322810289764,-0.011340607865713104,-0.006803152326761094,121.55887784123108,0.5998930927970418,-29.835322810289764,-0.011340607865706063,-0.00680315232675687,107.13473750000001,1.7597282183232787,-47.56022211684547,-0.0253181444568302,-0.0445530532362692,107.13473750000001,1.7597282183232787,-47.56022211684547,-0.0253181444568304,-0.044553053236269555,119.91227499999998,1.9696040608755963,-53.23254218582704,-0.013482605473646415,-0.02655539449207752,119.91227499999998,1.9696040608755963,-53.23254218582704,-0.013482605473638921,-0.02655539449206276
0.9640000000000001,108.63583299842868,0.5095843258677132,-26.113756162761717,-0.01899833855847541,-0.009681255546927272,108.63583299842868,0.5095843258677132,-26.113756162761717,-0.018998338558475263,-0.009681255546927198,121.59240023677339,0.5703604381271652,-29.22824084272412,-0.011282007061922662,-0.006434810490791981,121.59240023677339,0.5703604381271652,-29.22824084272412,-0.01128200706191563,-0.006434810490787971,107.23420000000002,1.7121679962064333,-47.56022211684547,-0.025383418430626265,-0.04346067667123482,107.23420000000002,1.7121679962064333,-47.56022211684547,-0.025383418430626456,-0.04346067667123515,120.0236,1.9163715186897692,-53.23254218582704,-0.01351857004587451,-0.025906602609326555,120.0236,1.9163715186897692,-53.23254218582704,-0.013518570045867003,-0.02590660260931217
0.9650000000000001,108.66428717219993,0.4837456726401785,-25.561983316163648,-0.01882902728432057,-0.009108460468813927,108.66428717219993,0.4837456726401785,-25.561983316163648,-0.018829027284320413,-0.009108460468813851,121.62424802759993,0.5414401106614841,-28.61066022543087,-0.011221670517867155,-0.0060758625270007065,121.62424802759993,0.5414401106614841,-28.61066022543087,-0.011221670517860136,-0.006075862526996906,107.3309375,1.6646077740895877,-47.56022211684547,-0.025446877509982826,-0.0423590701294229,107.3309375,1.6646077740895877,-47.56022211684547,-0.025446877509983014,-0.042359070129423214,120.131875,1.8631389765039421,-53.23254218582704,-0.013553522339182836,-0.025252095739048425,120.131875,1.8631389765039421,-53.23254218582704,-0.013553522339175322,-0.025252095739034423
0.9660000000000001,108.69127679720658,0.4584635004929457,-25.00078669691409,-0.018655550351850438,-0.008552888917931756,108.69127679720658,0.4584635004929457,-25.00078669691409,-0.018655550351850278,-0.008552888917931684,121.65445659870828,0.5131426335792603,-27.98253189929834,-0.01115960430886688,-0.005726468744754411,121.65445659870828,0.5131426335792603,-27.98253189929834,-0.011159604308859875,-0.005726468744750817,107.42495000000001,1.6170475519727423,-47.56022211684547,-0.02550852373543682,-0.041248495860826705,107.42495000000001,1.6170475519727423,-47.56022211684547,-0.025508523735437,-0.041248495860826996,120.23710000000001,1.809906434318115,-53.23254218582704,-0.01358746447965516,-0.024592039387796714,120.23710000000001,1.809906434318115,-53.23254218582704,-0.013587464479647631,-0.024592039387783086
0.9670000000000001,108.71683402785537,0.43374725511440027,-24.430122473512938,-0.01847791415680347,-0.008014744545753023,108.71683402785537,0.43374725511440027,-24.430122473512938,-0.018477914156803298,-0.008014744545752949,121.68306193943444,0.48547857911887,-27.343806805216317,-0.011095814673791247,-0.005386780341998482,121.68306193943444,0.48547857911887,-27.343806805216317,-0.011095814673784258,-0.005386780341995089,107.51623750000002,1.5694873298558967,-47.56022211684547,-0.025568359114522887,-0.040129215675449206,107.51623750000002,1.5694873298558967,-47.56022211684547,-0.025568359114523063,-0.040129215675449484,120.339275,1.756673892132288,-53.23254218582704,-0.013620398550412784,-0.0239265985339466,120.339275,1.756673892132288,-53.23254218582704,-0.013620398550405245,-0.023926598533933353
0.9680000000000001,108.7409915610073,0.4096064260244725,-23.84994681445932,-0.01829612542014441,-0.007494210543440852,108.7409915610073,0.4096064260244725,-23.84994681445932,-0.018296125420144232,-0.007494210543440779,121.71010064626505,0.4584585685778499,-26.694435884073734,-0.011030308017000471,-0.005056939224446818,121.71010064626505,0.4584585685778499,-26.694435884073734,-0.011030308016993496,-0.00505693922444362,107.60480000000001,1.5219271077390513,-47.56022211684547,-0.025626385619662642,-0.03900149094793878,107.60480000000001,1.5219271077390513,-47.56022211684547,-0.025626385619662816,-0.039001490947939046,120.4384,1.703441349946461,-53.23254218582704,-0.013652326590147527,-0.023255937636630867,120.4384,1.703441349946461,-53.23254218582704,-0.013652326590139981,-0.023255937636618013
0.9690000000000001,108.76378263848777,0.3860505465745431,-23.260215888252255,-0.018110191190721794,-0.006991449207747623,108.76378263848777,0.3860505465745431,-23.260215888252255,-0.018110191190721603,-0.0069914492077475495,121.73560992564686,0.43209327231279127,-26.034370076759405,-0.010963090910304351,-0.004737077826096024,121.73560992564686,0.43209327231279127,-26.034370076759405,-0.010963090910297391,-0.004737077826093017,107.69063750000001,1.4743668856222056,-47.56022211684547,-0.02568260518611694,-0.03786558262291994,107.69063750000001,1.4743668856222056,-47.56022211684547,-0.02568260518611711,-0.03786558262292019,120.534475,1.6502088077606338,-53.23254218582704,-0.013683250591699404,-0.022580220645218262,120.534475,1.6502088077606338,-53.23254218582704,-0.01368325059169185,-0.022580220645205793
0.9700000000000001,108.78524104959973,0.3630891939475239,-22.66088586339142,-0.01792011884794896,-0.006506601507945619,108.78524104959973,0.3630891939475239,-22.66088586339142,-0.017920118847948762,-0.0065066015079455475,121.7596275967997,0.40639340973943044,-25.363560324162872,-0.010894170094937141,-0.00442731893116284,121.7596275967997,0.40639340973943044,-25.363560324162872,-0.010894170094930197,-0.0044273189311600175,107.77375,1.4268066635053602,-47.56022211684547,-0.02573701971000077,-0.03672175122099789,107.77375,1.4268066635053602,-47.56022211684547,-0.025737019710000933,-0.036721751220998126,120.62749999999998,1.5969762655748068,-53.23254218582704,-0.013713172500678897,-0.02189961100931732,120.62749999999998,1.5969762655748068,-53.23254218582704,-0.013713172500671332,-0.021899611009305237
0.9710000000000001,108.8054011336336,0.34073198915781794,-22.05191290837594,-0.01772591610450068,-0.006039786653931116,108.8054011336336,0.34073198915781794,-22.05191290837594,-0.017725916104500476,-0.006039786653931047,121.78219209452567,0.3813697493326036,-24.68195756717307,-0.010823552483543272,-0.004127775497537177,121.78219209452567,0.3813697493326036,-24.68195756717307,-0.010823552483536343,-0.004127775497534535,107.85413750000001,1.3792464413885146,-47.56022211684547,-0.02578963104636092,-0.03557025684541605,107.85413750000001,1.3792464413885146,-47.56022211684547,-0.025789631046361082,-0.03557025684541627,120.71747500000001,1.5437437233889797,-53.23254218582704,-0.013742094214133704,-0.021214271689288917,120.71747500000001,1.5437437233889797,-53.23254218582704,-0.013742094214126133,-0.021214271689277232
0.9720000000000001,108.82429778237848,0.31898859705134575,-21.43325319170506,-0.01752759100902661,-0.00559110166565918,108.82429778237848,0.31898859705134575,-21.43325319170506,-0.0175275910090264,-0.005591101665659113,121.80334247201995,0.35703310862627685,-23.989512746679058,-0.01075124516217352,-0.003838550481854032,121.80334247201995,0.35703310862627685,-23.989512746679058,-0.010751245162166608,-0.003838550481851564,107.93180000000001,1.3316862192716692,-47.56022211684547,-0.025840441007316084,-0.03441135918934536,107.93180000000001,1.3316862192716692,-47.56022211684547,-0.025840441007316237,-0.03441135918934556,120.80440000000002,1.4905111812031524,-53.23254218582704,-0.013770017579259672,-0.020524365167250508,120.80440000000002,1.4905111812031524,-53.23254218582704,-0.013770017579252093,-0.02052436516723921
0.9730000000000001,108.8419664426342,0.2978687263054782,-20.804862881878016,-0.017325151948877154,-0.005160620944060912,108.8419664426342,0.2978687263054782,-20.804862881878016,-0.01732515194887693,-0.005160620944060845,121.8231184036823,0.333394354213471,-23.286176803569887,-0.01067725539228826,-0.003559736666284245,121.8231184036823,0.333394354213471,-23.286176803569887,-0.010677255392281362,-0.003559736666281946,108.0067375,1.2841259971548236,-47.56022211684547,-0.025889451360259406,-0.03324531754378442,108.0067375,1.2841259971548236,-47.56022211684547,-0.02588945136025956,-0.03324531754378461,120.88827500000001,1.4372786390173253,-53.23254218582704,-0.013796944392155869,-0.019830053458555506,120.88827500000001,1.4372786390173253,-53.23254218582704,-0.013796944392148281,-0.019830053458544602
0.9740000000000001,108.85844311872303,0.2773821294291176,-20.16669814739437,-0.01711860765283839,-0.004748395843605901,108.85844311872303,0.2773821294291176,-20.16669814739437,-0.01711860765283816,-0.004748395843605838,121.84156018792851,0.3104644017463518,-22.571900678734984,-0.010601590612765013,-0.0032914164871518294,121.84156018792851,0.3104644017463518,-22.571900678734984,-0.010601590612758133,-0.003291416487149693,108.07895,1.2365657750379782,-47.56022211684547,-0.025936663826123287,-0.032072390806049636,108.07895,1.2365657750379782,-47.56022211684547,-0.025936663826123432,-0.032072390806049816,120.96910000000001,1.3840460968314983,-53.23254218582704,-0.013822876396623503,-0.019131498123731005,120.96910000000001,1.3840460968314983,-53.23254218582704,-0.013822876396615908,-0.019131498123720492
0.9750000000000001,108.87376437499991,0.25753860276273816,-19.51871515675326,-0.016907967193871564,-0.004354454246667898,108.87376437499991,0.25753860276273816,-19.51871515675326,-0.016907967193871325,-0.004354454246667835,121.85870874999989,0.28825421593627576,-21.84663531306328,-0.010524258441906752,-0.003033661865482562,121.85870874999989,0.28825421593627576,-21.84663531306328,-0.010524258441899892,-0.0030336618654805843,108.14843750000001,1.1890055529211325,-47.56022211684547,-0.025982080077706256,-0.030892837488834268,108.14843750000001,1.1890055529211325,-47.56022211684547,-0.0259820800777064,-0.03089283748883444,121.04687500000001,1.3308135546456712,-53.23254218582704,-0.013847815283008626,-0.01842886028085736,121.04687500000001,1.3308135546456712,-53.23254218582704,-0.013847815283001025,-0.018428860280847247
0.9760000000000001,108.88796733836514,0.23834798647815617,-18.86087007845424,-0.016693239991857383,-0.003978800139855839,108.88796733836514,0.23834798647815617,-18.86087007845424,-0.01669323999185713,-0.003978800139855779,121.87460564477566,0.2667748105535326,-21.110331647444195,-0.010445266679450074,-0.00278653403959142,121.87460564477566,0.2667748105535326,-21.110331647444195,-0.010445266679443229,-0.0027865340395895936,108.2152,1.1414453308042871,-47.56022211684547,-0.02602570173806195,-0.029706915729815833,108.2152,1.1414453308042871,-47.56022211684547,-0.026025701738062085,-0.029706915729815986,121.12159999999999,1.2775810124598441,-53.23254218582704,-0.013871762687088372,-0.01772230061837305,121.12159999999999,1.2775810124598441,-53.23254218582704,-0.013871762687080763,-0.01772230061836333
0.9770000000000001,108.9010897007738,0.21982016457886797,-18.193119080996123,-0.016474435816337108,-0.00362141319249122,108.9010897007738,0.21982016457886797,-18.193119080996123,-0.01647443581633685,-0.0036214131924911636,121.88929305958166,0.2460372484277238,-20.362940622766303,-0.010364623308567902,-0.0025500833998298974,121.88929305958166,0.2460372484277238,-20.362940622766303,-0.010364623308561076,-0.0025500833998282177,108.27923750000001,1.0938851086874415,-47.56022211684547,-0.026067530378949953,-0.028514883301790854,108.27923750000001,1.0938851086874415,-47.56022211684547,-0.026067530378950092,-0.028514883301791003,121.19327500000001,1.224348470274017,-53.23254218582704,-0.013894720189000686,-0.01701197940828849,121.19327500000001,1.224348470274017,-53.23254218582704,-0.01389472018899307,-0.017011979408279167
0.9780000000000001,108.91316972174937,0.20196506489973912,-17.515418332878255,-0.016251564789253572,-0.0032822483373839127,108.91316972174937,0.20196506489973912,-17.515418332878255,-0.016251564789253305,-0.003282248337383859,121.90281381700389,0.2260526414474144,-19.60441317991878,-0.010282336497867152,-0.002324349325594026,121.90281381700389,0.2260526414474144,-19.60441317991878,-0.010282336497860343,-0.002324349325592487,108.34055000000001,1.046324886570596,-47.56022211684547,-0.026107567519348375,-0.027316997623316366,108.34055000000001,1.046324886570596,-47.56022211684547,-0.026107567519348507,-0.027316997623316505,121.2619,1.17111592808819,-53.23254218582704,-0.013916689312217196,-0.016298056519792235,121.2619,1.17111592808819,-53.23254218582704,-0.013916689312209577,-0.016298056519783312
0.9790000000000001,108.9242462308943,0.1847926591071665,-16.827724002600306,-0.0160246373876827,-0.0029612353540980044,108.9242462308943,0.1847926591071665,-16.827724002600306,-0.016024637387682426,-0.0029612353540979536,121.91521137769821,0.20683215056031476,-18.834700259791166,-0.010198414603375332,-0.0021093600247218394,121.91521137769821,0.20683215056031476,-18.834700259791166,-0.010198414603368542,-0.002109360024720435,108.39913750000001,0.9987646644537505,-47.56022211684547,-0.02614581462402816,-0.026113515769837444,108.39913750000001,0.9987646644537505,-47.56022211684547,-0.026145814624028284,-0.02611351576983757,121.327475,1.117883385902363,-53.23254218582704,-0.013937671522559397,-0.01558069143323364,121.327475,1.117883385902363,-53.23254218582704,-0.013937671522551768,-0.015580691433225113
0.9800000000000001,108.93435863040003,0.16831296269906482,-16.129992258661513,-0.015793664446554646,-0.0026582784548744983,108.93435863040003,0.16831296269906482,-16.129992258661513,-0.015793664446554362,-0.0026582784548744506,121.92652984320002,0.18838698577326518,-18.05375280327252,-0.010112866170514476,-0.0019051323753916452,121.92652984320002,0.18838698577326518,-18.05375280327252,-0.010112866170507703,-0.0019051323753903695,108.455,0.951204442336905,-47.56022211684547,-0.026182273102188847,-0.024904694485280092,108.455,0.951204442336905,-47.56022211684547,-0.02618227310218897,-0.02490469448528021,121.38999999999999,1.0646508437165358,-53.23254218582704,-0.013957668227257584,-0.014860043254465272,121.38999999999999,1.0646508437165358,-53.23254218582704,-0.013957668227249951,-0.014860043254457146
0.9810000000000001,108.94354689756013,0.1525360350049072,-15.422179269561122,-0.01555865716136387,-0.0023732558733951495,108.94354689756013,0.1525360350049072,-15.422179269561122,-0.015558657161363575,-0.0023732558733951044,121.936813958737,0.17072840615228144,-17.261521751251898,-0.010025699936060797,-0.0017116717706446899,121.936813958737,0.17072840615228144,-17.261521751251898,-0.010025699936054046,-0.0017116717706435372,108.5081375,0.9036442202200595,-47.56022211684547,-0.026216944306155926,-0.023690790194089,108.5081375,0.9036442202200595,-47.56022211684547,-0.026216944306156044,-0.02369079019408911,121.449475,1.0114183015307088,-53.23254218582704,-0.013976680774052844,-0.01413627072952944,121.449475,1.0114183015307088,-53.23254218582704,-0.013976680774045208,-0.014136270729521717
0.9820000000000001,108.9518515872808,0.13747197918552245,-14.704241203798151,-0.015319627090860863,-0.0021060194565647905,108.9518515872808,0.13747197918552245,-14.704241203798151,-0.015319627090860561,-0.002106019456564749,121.94610911603905,0.1538677198223279,-16.457958044618113,-0.009936924830085035,-0.0015289719656510572,121.94610911603905,0.1538677198223279,-16.457958044618113,-0.009936924830078303,-0.0015289719656500214,108.55855000000001,0.856083998103214,-47.56022211684547,-0.026249829530139324,-0.022472059013689483,108.55855000000001,0.856083998103214,-47.56022211684547,-0.02624982953013945,-0.02247205901368959,121.5059,0.9581857593448817,-53.23254218582704,-0.013994710450341542,-0.013409532259672263,121.5059,0.9581857593448817,-53.23254218582704,-0.013994710450333899,-0.013409532259664939
0.9830000000000001,108.95931383459268,0.12313094223333827,-13.976134229871947,-0.015076586159725196,-0.0018563942595090704,108.95931383459268,0.12313094223333827,-13.976134229871947,-0.01507658615972488,-0.0018563942595090316,121.95446135614958,0.13781628396758963,-15.643012624260344,-0.00984654997787211,-0.001357014927851486,121.95446135614958,0.13781628396758963,-15.643012624260344,-0.0098465499778654,-0.0013570149278505613,108.6062375,0.8085237759863685,-47.56022211684547,-0.02628093000905333,-0.02124875676735326,108.6062375,0.8085237759863685,-47.56022211684547,-0.02628093000905345,-0.021248756767353362,121.559275,0.9049532171590546,-53.23254218582704,-0.014011758482362573,-0.012679985916669682,121.559275,0.9049532171590546,-53.23254218582704,-0.014011758482354923,-0.01267998591666276
0.9840000000000001,108.96597535716144,0.10952311497231376,-13.237814516282292,-0.014829546661214695,-0.0016241781439635086,108.96597535716144,0.10952311497231376,-13.237814516282292,-0.014829546661214374,-0.0016241781439634735,121.96191737223573,0.12258550483139705,-14.816636431068252,-0.009754584701816223,-0.0011957706900927643,121.96191737223573,0.12258550483139705,-14.816636431068252,-0.00975458470180953,-0.001195770690091944,108.6512,0.760963553869523,-47.56022211684547,-0.026310246917397494,-0.02002113899744746,108.6512,0.760963553869523,-47.56022211684547,-0.026310246917397608,-0.020021138997447546,121.60959999999999,0.8517206749732275,-53.23254218582704,-0.01402782603442691,-0.0119477894584491,121.60959999999999,0.8517206749732275,-53.23254218582704,-0.014027826034419252,-0.011947789458442578
0.9850000000000001,108.97187845780009,0.09665873205783121,-12.489238231528207,-0.014578521259789028,-0.0014091413802493436,108.97187845780009,0.09665873205783121,-12.489238231528207,-0.014578521259788696,-0.0014091413802493115,121.96852451240007,0.10818683771610464,-13.978780405930653,-0.009661038523289148,-0.0010451972068881183,121.96852451240007,0.10818683771610464,-13.978780405930653,-0.009661038523282478,-0.0010451972068873966,108.6934375,0.7134033317526774,-47.56022211684547,-0.026337781368198657,-0.018789460979046515,108.6934375,0.7134033317526774,-47.56022211684547,-0.02633778136819877,-0.018789460979046595,121.656875,0.7984881327874004,-53.23254218582704,-0.014042914208189587,-0.011213100344990958,121.656875,0.7984881327874004,-53.23254218582704,-0.014042914208181927,-0.011213100344984841
0.9860000000000001,108.97706602697926,0.08454807197684484,-11.730361544108824,-0.014323522993703267,-0.001211026253033616,108.97706602697926,0.08454807197684484,-11.730361544108824,-0.014323522993702925,-0.0012110262530335872,121.97433078249054,0.09463178698325753,-13.129395489736481,-0.009565921164478153,-0.0009052402139355314,121.97433078249054,0.09463178698325753,-13.129395489736481,-0.009565921164471506,-0.0009052402139349023,108.73295,0.6658431096358319,-47.56022211684547,-0.02636353441201395,-0.017553977733886634,108.73295,0.6658431096358319,-47.56022211684547,-0.02636353441201407,-0.017553977733886714,121.70110000000001,0.7452555906015733,-53.23254218582704,-0.014057024041963843,-0.01047607575449428,121.70110000000001,0.7452555906015733,-53.23254218582704,-0.01405702404195618,-0.010476075754488568
0.9870000000000001,108.9815815453401,0.07320145704767807,-10.96114062252349,-0.014064565277570173,-0.0010295466710603174,108.9815815453401,0.07320145704767807,-10.96114062252349,-0.014064565277569819,-0.0010295466710602914,121.97938484891277,0.08193190605336444,-12.268432623374915,-0.009469242550191532,-0.0007758330910188137,121.97938484891277,0.08193190605336444,-12.268432623374915,-0.009469242550184906,-0.0007758330910182708,108.7697375,0.6182828875189864,-47.56022211684547,-0.026387507035994566,-0.01631494404464229,108.7697375,0.6182828875189864,-47.56022211684547,-0.026387507035994677,-0.01631494404464236,121.74227499999999,0.6920230484157462,-53.23254218582704,-0.0140701565100774,-0.009736872599790421,121.74227499999999,0.6920230484157462,-53.23254218582704,-0.014070156510069733,-0.009736872599785115
0.9880000000000001,108.98546908620402,0.06262925342032077,-10.181531635271659,-0.013801661904884478,-0.0008643877810625971,108.98546908620402,0.06262925342032077,-10.181531635271659,-0.013801661904884115,-0.0008643877810625744,121.98373604143936,0.0700987974062306,-11.395842747735252,-0.009371012809627086,-0.0006568967284332408,121.98373604143936,0.0700987974062306,-11.395842747735252,-0.00937101280962048,-0.0006568967284327778,108.8038,0.5707226654021409,-47.56022211684547,-0.02640970016301038,-0.01507261446950464,108.8038,0.5707226654021409,-47.56022211684547,-0.026409700163010492,-0.015072614469504702,121.78039999999999,0.6387905062299191,-53.23254218582704,-0.014082312522270761,-0.008995647544989268,121.78039999999999,0.6387905062299191,-53.23254218582704,-0.01408231252226309,-0.008995647544984367
0.9890000000000001,108.98877331808474,0.05284187107618613,-9.391490750852466,-0.013534827050509351,-0.0007152055860414917,108.98877331808474,0.05284187107618613,-9.391490750852466,-0.013534827050508978,-0.0007152055860414721,121.98743435602144,0.059144112580685394,-10.511576803706427,-0.009271242278102214,-0.0005483393970588875,121.98743435602144,0.059144112580685394,-10.511576803706427,-0.009271242278095636,-0.0005483393970584984,108.8351375,0.5231624432852954,-47.56022211684547,-0.026430114650835335,-0.013827243357041495,108.8351375,0.5231624432852954,-47.56022211684547,-0.026430114650835446,-0.013827243357041554,121.815475,0.585557964044092,-53.23254218582704,-0.014093492923137427,-0.00825255702234217,121.815475,0.585557964044092,-53.23254218582704,-0.014093492923129756,-0.00825255702233768
0.9900000000000001,108.99153950720002,0.04384976382817809,-8.590974137765361,-0.013264075273120589,-0.0005816265681255146,108.99153950720002,0.04384976382817809,-8.590974137765361,-0.013264075273120209,-0.0005816265681254979,121.99053045760002,0.049079552174658043,-9.615585732177742,-0.009169941498741953,-0.00045005662222606766,121.99053045760002,0.049079552174658043,-9.615585732177742,-0.009169941498735394,-0.00045005662222574576,108.86375,0.4756022211684499,-47.56022211684547,-0.026448751291393333,-0.012579084861318576,108.86375,0.4756022211684499,-47.56022211684547,-0.02644875129139344,-0.012579084861318628,121.8475,0.5323254218582649,-53.23254218582704,-0.014103698491605886,-0.0075077572493058775,121.8475,0.5323254218582649,-53.23254218582704,-0.014103698491598208,-0.0075077572493017905
0.991,108.99381351998247,0.03566342932070493,-7.779937964509477,-0.012989421517604132,-0.0004632473162099188,108.99381351998247,0.03566342932070493,-7.779937964509477,-0.012989421517603744,-0.0004632473162099049,121.99307568291614,0.039916865845192676,-8.70782047403813,-0.009067121224121295,-0.00036193106150534895,121.99307568291614,0.039916865845192676,-8.70782047403813,-0.00906712122411476,-0.0003619310615050881,108.8896375,0.42804199905160967,-47.56022211684547,-0.026465610810064825,-0.011328392957262038,108.8896375,0.42804199905160967,-47.56022211684547,-0.026465610810064932,-0.011328392957262083,121.87647500000001,0.4790928796724438,-53.23254218582704,-0.01411292994046344,-0.00676140424579208,121.87647500000001,0.4790928796724438,-53.23254218582704,-0.014112929940455762,-0.006761404245788401
0.992,108.99564182559125,0.028293409029706316,-6.958338399584379,-0.012710881117405677,-0.0003596341585827293,108.99564182559125,0.028293409029706316,-6.958338399584379,-0.012710881117405273,-0.00035963415858271787,121.99512204332233,0.03166785230847863,-7.78823197017701,-0.00896279241785983,-0.0002838323865603372,121.99512204332233,0.03166785230847863,-7.78823197017701,-0.008962792417853322,-0.00028383238656013105,108.91279999999999,0.38048177693476415,-47.56022211684547,-0.026480693865053848,-0.010075421456241195,108.91279999999999,0.38048177693476415,-47.56022211684547,-0.026480693865053948,-0.010075421456241233,121.9024,0.4258603374866167,-53.23254218582704,-0.01412118791592163,-0.00601365385158632,121.9024,0.4258603374866167,-53.23254218582704,-0.014121187915913946,-0.006013653851583047
0.993,108.99707149842314,0.021750288262572144,-6.126131611488872,-0.01242846979682696,-0.00027032280074365783,108.99707149842314,0.021750288262572144,-6.126131611488872,-0.012428469796826548,-0.0002703228007436489,121.99672222759287,0.024344359339759647,-6.856771161482958,-0.008856966256164426,-0.00021561716920019246,121.99672222759287,0.024344359339759647,-6.856771161482958,-0.008856966256157938,-0.00021561716920003452,108.93323749999999,0.3329215548179186,-47.56022211684547,-0.026494001046815503,-0.008820424021853379,108.93323749999999,0.3329215548179186,-47.56022211684547,-0.026494001046815607,-0.008820424021853413,121.92527499999998,0.3726277953007896,-53.23254218582704,-0.01412847299722329,-0.005264661743922054,121.92527499999998,0.3726277953007896,-53.23254218582704,-0.014128472997215605,-0.00526466174391919
0.994,108.99815022062376,0.016044696158291287,-5.283273768722845,-0.01214220367326777,-0.00019481796862966976,108.99815022062376,0.016044696158291287,-5.283273768722845,-0.012142203673267349,-0.00019481796862966298,121.99792960473484,0.01795828377350034,-5.913388988845752,-0.008749654129317962,-0.000157128771774271,121.99792960473484,0.01795828377350034,-5.913388988845752,-0.008749654129311498,-0.00015712877177415492,108.95095,0.28536133270107306,-47.56022211684547,-0.02650553287754391,-0.007563654185888038,108.95095,0.28536133270107306,-47.56022211684547,-0.026505532877544015,-0.007563654185888068,121.94510000000001,0.31939525311496253,-53.23254218582704,-0.01413478569629114,-0.0045145834551926604,121.94510000000001,0.31939525311496253,-53.23254218582704,-0.014134785696283455,-0.004514583455190206
0.995,108.99892628460003,0.01118730568720824,-4.42972103978532,-0.011852099259408628,-0.00013259305745013872,108.99892628460003,0.01118730568720824,-4.42972103978532,-0.011852099259408194,-0.00013259305745013387,121.99879822680003,0.01252157150311381,-4.95803639315421,-0.008640867643110284,-0.00010819724204214792,121.99879822680003,0.01252157150311381,-4.95803639315421,-0.008640867643103846,-0.0001081972420420673,108.9659375,0.23780111058422757,-47.56022211684547,-0.026515289810720405,-0.006305365364451965,108.9659375,0.23780111058422757,-47.56022211684547,-0.026515289810720502,-0.006305365364451989,121.96187499999998,0.2661627109291354,-53.23254218582704,-0.014140126457417808,-0.0037635743907871153,121.96187499999998,0.2661627109291354,-53.23254218582704,-0.01414012645741012,-0.0037635743907850692
0.996,108.9994485955296,0.0071888336512664595,-3.5654295931754274,-0.01155817346533031,-8.30897863547416e-05,108.9994485955296,0.0071888336512664595,-3.5654295931754274,-0.01155817346532987,-8.308978635473844e-05,121.99938283169367,0.008046217481234018,-3.990664315297267,-0.008530618620207578,-6.863921266765464e-05,121.99938283169367,0.008046217481234018,-3.990664315297267,-0.008530618620201163,-6.863921266760301e-05,108.97820000000002,0.19024088846738207,-47.56022211684547,-0.026523272230722202,-0.005045810874234834,108.97820000000002,0.19024088846738207,-47.56022211684547,-0.026523272230722303,-0.005045810874234854,121.9756,0.21293016874330836,-53.23254218582704,-0.014144495656997397,-0.003011789847033448,121.9756,0.21293016874330836,-53.23254218582704,-0.01414449565698971,-0.003011789847031811
0.997,108.99976667387456,0.004060040683927242,-2.6903555973928404,-0.011260443600570668,-4.571785913738507e-05,108.99976667387456,0.004060040683927242,-2.6903555973928404,-0.011260443600570214,-4.571785913738323e-05,121.99973884598803,0.004544265719624987,-3.011223696164463,-0.008418919101459196,-3.8257805469057016e-05,121.99973884598803,0.004544265719624987,-3.011223696164463,-0.008418919101452807,-3.8257805469027986e-05,108.9877375,0.14268066635053653,-47.56022211684547,-0.02652948045249115,-0.0037852439488949706,108.9877375,0.14268066635053653,-47.56022211684547,-0.026529480452491254,-0.0037852439488949854,121.98627499999999,0.15969762655748126,-53.23254218582704,-0.014147893603298257,-0.002259385029234503,121.98627499999999,0.15969762655748126,-53.23254218582704,-0.014147893603290568,-0.002259385029233275
0.998,108.99993065789023,0.0018117312500480777,-1.8044552209364724,-0.010958927376108681,-1.9854631194303482e-05,108.99993065789023,0.0018117312500480777,-1.8044552209364724,-0.010958927376108218,-1.9854631194302642e-05,121.99992238773035,0.0020278092890446374,-2.0196654766444917,-0.008305781347135058,-1.6842540568494155e-05,121.99992238773035,0.0020278092890446374,-2.0196654766444917,-0.008305781347128696,-1.684254056848125e-05,108.99455,0.09512044423369104,-47.56022211684547,-0.026533914721262944,-0.0025239177555454054,108.99455,0.09512044423369104,-47.56022211684547,-0.026533914721263045,-0.002523917755545415,121.9939,0.10646508437165418,-53.23254218582704,-0.014150320536277291,-0.0015065150697807126,121.9939,0.10646508437165418,-53.23254218582704,-0.014150320536269603,-0.001506515069779894
0.999,108.99999130613905,0.00045475364612595934,-0.9076846323057792,-0.010653642906280566,-4.8447829561550496e-06,108.99999130613905,0.00045475364612595934,-0.9076846323057792,-0.01065364290628009,-4.844782956154834e-06,121.99999026925656,0.0005089903195171288,-1.015940597626652,-0.008191217838094619,-4.169250584646185e-06,121.99999026925656,0.0005089903195171288,-1.015940597626652,-0.008191217838088282,-4.169250584642959e-06,108.9986375,0.04756022211684552,-47.56022211684547,-0.026536575212356375,-0.0012620854113200462,108.9986375,0.04756022211684552,-47.56022211684547,-0.026536575212356476,-0.001262085411320051,121.998475,0.05323254218582709,-53.23254218582704,-0.014151776627435449,-0.0007533350463243593,121.998475,0.05323254218582709,-53.23254218582704,-0.014151776627427757,-0.0007533350463239499
1.0,109.0,0.0,0.0,-0.010344608710616618,-0.0,109.0,0.0,0.0,-0.010344608710616128,-0.0,122.0,0.0,0.0,-0.008075241276879915,-0.0,122.0,0.0,0.0,-0.008075241276873606,-0.0,109.0,0.0,-47.56022211684547,-0.026537462031022904,-0.0,109.0,0.0,-47.56022211684547,-0.026537462031023,-0.0,122.0,0.0,-53.23254218582704,-0.014152261979714559,-0.0,122.0,0.0,-53.23254218582704,-0.01415226197970687,-0.0
