id,frame,role,material,mass_kg,step_path
A16-R101-base-adapter,world,printed_structure,PA12 fit prototype,0.10285424164812737,engineering/arm_a16/build/root01/step/A16-R101-base-adapter.step
A16-R103-J1-output-pedestal,J1.rotor,printed_structure,PA12 fit prototype,0.20860334933899513,engineering/arm_a16/build/root01/step/A16-R103-J1-output-pedestal.step
A16-R104-spacer-1,world,purchased_structure,"stock steel precision tube OD12 ID6 (wall3), cut length96.5 +0/-0.1mm",0.06425554432258643,engineering/arm_a16/build/root01/step/A16-R104-spacer-1.step
A16-R104-spacer-2,world,purchased_structure,"stock steel precision tube OD12 ID6 (wall3), cut length96.5 +0/-0.1mm",0.06425554432258641,engineering/arm_a16/build/root01/step/A16-R104-spacer-2.step
A16-R104-spacer-3,world,purchased_structure,"stock steel precision tube OD12 ID6 (wall3), cut length96.5 +0/-0.1mm",0.06425554432258641,engineering/arm_a16/build/root01/step/A16-R104-spacer-3.step
A16-R104-spacer-4,world,purchased_structure,"stock steel precision tube OD12 ID6 (wall3), cut length96.5 +0/-0.1mm",0.06425554432258641,engineering/arm_a16/build/root01/step/A16-R104-spacer-4.step
A16-S103-upper-proximal-socket,J3.rotor,printed_structure,PA12 fit prototype,0.06415414643378294,engineering/arm_a16/build/skeleton01/step/A16-S103-upper-proximal-socket.step
A16-S105-upper-stock-tube,J3.rotor,purchased_structure,"6061-T6 stock rectangular tube20x40x2, saw cut220mm; drill4xD4.5 on side centreline",0.13236893368665986,engineering/arm_a16/build/skeleton01/step/A16-S105-upper-stock-tube.step
A16-S106-fore-proximal-socket,J4.rotor,printed_structure,PA12 fit prototype,0.07738349690641767,engineering/arm_a16/build/skeleton01/step/A16-S106-fore-proximal-socket.step
A16-S108-fore-stock-tube,J4.rotor,purchased_structure,"6061-T6 stock rectangular tube20x40x2, saw cut55mm; drill4xD4.5",0.03257693368665991,engineering/arm_a16/build/skeleton01/step/A16-S108-fore-stock-tube.step
A16-S110-wrist-yaw-roll-L,J6.rotor,printed_structure,PA12 fit prototype,0.09561910052275689,engineering/arm_a16/build/skeleton01/step/A16-S110-wrist-yaw-roll-L.step
A13-J7-102-bearing-retainer,J7.fixed,printed_structure,PA12/PETG supported fit only,0.009076199167672317,engineering/arm_a16/build/skeleton01/step/A13-J7-102-bearing-retainer.step
A13-J7-103-output-journal,J7.rotor,printed_structure,PA12/PETG supported fit only,0.037598847010331,engineering/arm_a16/build/skeleton01/step/A13-J7-103-output-journal.step
A13-J7-104-inner-spacer,J7.rotor,printed_structure,PA12/PETG supported fit only,0.0004782450816249368,engineering/arm_a16/build/skeleton01/step/A13-J7-104-inner-spacer.step
A13-IF-107-piloted-flange,J7.rotor,printed_structure,PA12/PETG supported fit only,0.025676236423563398,engineering/arm_a16/build/skeleton01/step/A13-IF-107-piloted-flange.step
A13-IF-301-recessed-carrier,J7.rotor,printed_structure,PA12/PETG supported fit only,0.1297758624416244,engineering/arm_a16/build/skeleton01/step/A13-IF-301-recessed-carrier.step
A13-IF-302-dorsal-cover,J7.rotor,printed_structure,PA12/PETG supported fit only,0.00843933742308482,engineering/arm_a16/build/skeleton01/step/A13-IF-302-dorsal-cover.step
A16-H-base-M6-1,world,hardware,"purchased steel, nominal dimensional envelope; do not print",0.007713402055392617,engineering/arm_a16/build/hardware01/step/A16-H-base-M6-1.step
A16-H-base-M6-1-washer,world,hardware,"purchased steel, nominal dimensional envelope; do not print",0.0010164484800613005,engineering/arm_a16/build/hardware01/step/A16-H-base-M6-1-washer.step
A16-H-base-M6-2,world,hardware,"purchased steel, nominal dimensional envelope; do not print",0.007713402055392619,engineering/arm_a16/build/hardware01/step/A16-H-base-M6-2.step
A16-H-base-M6-2-washer,world,hardware,"purchased steel, nominal dimensional envelope; do not print",0.0010164484800613005,engineering/arm_a16/build/hardware01/step/A16-H-base-M6-2-washer.step
A16-H-base-M6-3,world,hardware,"purchased steel, nominal dimensional envelope; do not print",0.007713402055392617,engineering/arm_a16/build/hardware01/step/A16-H-base-M6-3.step
A16-H-base-M6-3-washer,world,hardware,"purchased steel, nominal dimensional envelope; do not print",0.0010164484800613005,engineering/arm_a16/build/hardware01/step/A16-H-base-M6-3-washer.step
A16-H-base-M6-4,world,hardware,"purchased steel, nominal dimensional envelope; do not print",0.007713402055392617,engineering/arm_a16/build/hardware01/step/A16-H-base-M6-4.step
A16-H-base-M6-4-washer,world,hardware,"purchased steel, nominal dimensional envelope; do not print",0.0010164484800613003,engineering/arm_a16/build/hardware01/step/A16-H-base-M6-4-washer.step
A16-H-base-M6-5,world,hardware,"purchased steel, nominal dimensional envelope; do not print",0.007713402055392619,engineering/arm_a16/build/hardware01/step/A16-H-base-M6-5.step
A16-H-base-M6-5-washer,world,hardware,"purchased steel, nominal dimensional envelope; do not print",0.0010164484800613005,engineering/arm_a16/build/hardware01/step/A16-H-base-M6-5-washer.step
A16-H-base-M6-6,world,hardware,"purchased steel, nominal dimensional envelope; do not print",0.007713402055392617,engineering/arm_a16/build/hardware01/step/A16-H-base-M6-6.step
A16-H-base-M6-6-washer,world,hardware,"purchased steel, nominal dimensional envelope; do not print",0.0010164484800613005,engineering/arm_a16/build/hardware01/step/A16-H-base-M6-6-washer.step
A16-H-base-M6-7,world,hardware,"purchased steel, nominal dimensional envelope; do not print",0.007713402055392617,engineering/arm_a16/build/hardware01/step/A16-H-base-M6-7.step
A16-H-base-M6-7-washer,world,hardware,"purchased steel, nominal dimensional envelope; do not print",0.0010164484800613005,engineering/arm_a16/build/hardware01/step/A16-H-base-M6-7-washer.step
A16-H-base-M6-8,world,hardware,"purchased steel, nominal dimensional envelope; do not print",0.007713402055392619,engineering/arm_a16/build/hardware01/step/A16-H-base-M6-8.step
A16-H-base-M6-8-washer,world,hardware,"purchased steel, nominal dimensional envelope; do not print",0.0010164484800613005,engineering/arm_a16/build/hardware01/step/A16-H-base-M6-8-washer.step
A16-H-column-M5-1,world,hardware,"purchased steel, nominal dimensional envelope; do not print",0.01896447920015129,engineering/arm_a16/build/hardware01/step/A16-H-column-M5-1.step
A16-H-column-M5-1-washer,world,hardware,"purchased steel, nominal dimensional envelope; do not print",0.0004367552062763405,engineering/arm_a16/build/hardware01/step/A16-H-column-M5-1-washer.step
A16-H-column-nut-1,world,hardware,"purchased steel, nominal dimensional envelope; do not print",0.0013204968344843991,engineering/arm_a16/build/hardware01/step/A16-H-column-nut-1.step
A16-H-column-M5-2,world,hardware,"purchased steel, nominal dimensional envelope; do not print",0.01896447920015129,engineering/arm_a16/build/hardware01/step/A16-H-column-M5-2.step
A16-H-column-M5-2-washer,world,hardware,"purchased steel, nominal dimensional envelope; do not print",0.0004367552062763405,engineering/arm_a16/build/hardware01/step/A16-H-column-M5-2-washer.step
A16-H-column-nut-2,world,hardware,"purchased steel, nominal dimensional envelope; do not print",0.0013204968344843976,engineering/arm_a16/build/hardware01/step/A16-H-column-nut-2.step
A16-H-column-M5-3,world,hardware,"purchased steel, nominal dimensional envelope; do not print",0.01896447920015129,engineering/arm_a16/build/hardware01/step/A16-H-column-M5-3.step
A16-H-column-M5-3-washer,world,hardware,"purchased steel, nominal dimensional envelope; do not print",0.0004367552062763405,engineering/arm_a16/build/hardware01/step/A16-H-column-M5-3-washer.step
A16-H-column-nut-3,world,hardware,"purchased steel, nominal dimensional envelope; do not print",0.0013204968344843991,engineering/arm_a16/build/hardware01/step/A16-H-column-nut-3.step
A16-H-column-M5-4,world,hardware,"purchased steel, nominal dimensional envelope; do not print",0.01896447920015129,engineering/arm_a16/build/hardware01/step/A16-H-column-M5-4.step
A16-H-column-M5-4-washer,world,hardware,"purchased steel, nominal dimensional envelope; do not print",0.0004367552062763405,engineering/arm_a16/build/hardware01/step/A16-H-column-M5-4-washer.step
A16-H-column-nut-4,world,hardware,"purchased steel, nominal dimensional envelope; do not print",0.0013204968344843976,engineering/arm_a16/build/hardware01/step/A16-H-column-nut-4.step
A16-H-shoulder-foot-M5-1,J1.rotor,hardware,"purchased steel, nominal dimensional envelope; do not print",0.006633728034811351,engineering/arm_a16/build/hardware01/step/A16-H-shoulder-foot-M5-1.step
A16-H-shoulder-foot-M5-1-washer,J1.rotor,hardware,"purchased steel, nominal dimensional envelope; do not print",0.0004367552062763404,engineering/arm_a16/build/hardware01/step/A16-H-shoulder-foot-M5-1-washer.step
A16-H-shoulder-foot-rear-washer-1,J1.rotor,hardware,"purchased steel, nominal dimensional envelope; do not print",0.0004367552062763404,engineering/arm_a16/build/hardware01/step/A16-H-shoulder-foot-rear-washer-1.step
A16-H-shoulder-foot-nut-1,J1.rotor,hardware,"purchased steel, nominal dimensional envelope; do not print",0.0013204968344843991,engineering/arm_a16/build/hardware01/step/A16-H-shoulder-foot-nut-1.step
A16-H-shoulder-foot-M5-2,J1.rotor,hardware,"purchased steel, nominal dimensional envelope; do not print",0.006633728034811351,engineering/arm_a16/build/hardware01/step/A16-H-shoulder-foot-M5-2.step
A16-H-shoulder-foot-M5-2-washer,J1.rotor,hardware,"purchased steel, nominal dimensional envelope; do not print",0.0004367552062763404,engineering/arm_a16/build/hardware01/step/A16-H-shoulder-foot-M5-2-washer.step
A16-H-shoulder-foot-rear-washer-2,J1.rotor,hardware,"purchased steel, nominal dimensional envelope; do not print",0.0004367552062763404,engineering/arm_a16/build/hardware01/step/A16-H-shoulder-foot-rear-washer-2.step
A16-H-shoulder-foot-nut-2,J1.rotor,hardware,"purchased steel, nominal dimensional envelope; do not print",0.0013204968344843991,engineering/arm_a16/build/hardware01/step/A16-H-shoulder-foot-nut-2.step
A16-H-shoulder-foot-M5-3,J1.rotor,hardware,"purchased steel, nominal dimensional envelope; do not print",0.006633728034811351,engineering/arm_a16/build/hardware01/step/A16-H-shoulder-foot-M5-3.step
A16-H-shoulder-foot-M5-3-washer,J1.rotor,hardware,"purchased steel, nominal dimensional envelope; do not print",0.0004367552062763404,engineering/arm_a16/build/hardware01/step/A16-H-shoulder-foot-M5-3-washer.step
A16-H-shoulder-foot-rear-washer-3,J1.rotor,hardware,"purchased steel, nominal dimensional envelope; do not print",0.0004367552062763404,engineering/arm_a16/build/hardware01/step/A16-H-shoulder-foot-rear-washer-3.step
A16-H-shoulder-foot-nut-3,J1.rotor,hardware,"purchased steel, nominal dimensional envelope; do not print",0.0013204968344843991,engineering/arm_a16/build/hardware01/step/A16-H-shoulder-foot-nut-3.step
A16-H-shoulder-foot-M5-4,J1.rotor,hardware,"purchased steel, nominal dimensional envelope; do not print",0.006633728034811351,engineering/arm_a16/build/hardware01/step/A16-H-shoulder-foot-M5-4.step
A16-H-shoulder-foot-M5-4-washer,J1.rotor,hardware,"purchased steel, nominal dimensional envelope; do not print",0.0004367552062763404,engineering/arm_a16/build/hardware01/step/A16-H-shoulder-foot-M5-4-washer.step
A16-H-shoulder-foot-rear-washer-4,J1.rotor,hardware,"purchased steel, nominal dimensional envelope; do not print",0.0004367552062763404,engineering/arm_a16/build/hardware01/step/A16-H-shoulder-foot-rear-washer-4.step
A16-H-shoulder-foot-nut-4,J1.rotor,hardware,"purchased steel, nominal dimensional envelope; do not print",0.0013204968344843991,engineering/arm_a16/build/hardware01/step/A16-H-shoulder-foot-nut-4.step
A16-H-J1-fixed-1,J1.fixed,hardware,"purchased steel, nominal dimensional envelope; do not print",0.0023003886839098927,engineering/arm_a16/build/hardware01/step/A16-H-J1-fixed-1.step
A16-H-J1-fixed-1-washer,J1.fixed,hardware,"purchased steel, nominal dimensional envelope; do not print",0.00030402700073262144,engineering/arm_a16/build/hardware01/step/A16-H-J1-fixed-1-washer.step
A16-H-J1-fixed-2,J1.fixed,hardware,"purchased steel, nominal dimensional envelope; do not print",0.002300388683909892,engineering/arm_a16/build/hardware01/step/A16-H-J1-fixed-2.step
A16-H-J1-fixed-2-washer,J1.fixed,hardware,"purchased steel, nominal dimensional envelope; do not print",0.00030402700073262155,engineering/arm_a16/build/hardware01/step/A16-H-J1-fixed-2-washer.step
A16-H-J1-fixed-3,J1.fixed,hardware,"purchased steel, nominal dimensional envelope; do not print",0.0023003886839098914,engineering/arm_a16/build/hardware01/step/A16-H-J1-fixed-3.step
A16-H-J1-fixed-3-washer,J1.fixed,hardware,"purchased steel, nominal dimensional envelope; do not print",0.00030402700073262165,engineering/arm_a16/build/hardware01/step/A16-H-J1-fixed-3-washer.step
A16-H-J1-fixed-4,J1.fixed,hardware,"purchased steel, nominal dimensional envelope; do not print",0.0023003886839098914,engineering/arm_a16/build/hardware01/step/A16-H-J1-fixed-4.step
A16-H-J1-fixed-4-washer,J1.fixed,hardware,"purchased steel, nominal dimensional envelope; do not print",0.00030402700073262155,engineering/arm_a16/build/hardware01/step/A16-H-J1-fixed-4-washer.step
A16-H-J1-fixed-5,J1.fixed,hardware,"purchased steel, nominal dimensional envelope; do not print",0.0023003886839098914,engineering/arm_a16/build/hardware01/step/A16-H-J1-fixed-5.step
A16-H-J1-fixed-5-washer,J1.fixed,hardware,"purchased steel, nominal dimensional envelope; do not print",0.00030402700073262165,engineering/arm_a16/build/hardware01/step/A16-H-J1-fixed-5-washer.step
A16-H-J1-fixed-6,J1.fixed,hardware,"purchased steel, nominal dimensional envelope; do not print",0.0023003886839098914,engineering/arm_a16/build/hardware01/step/A16-H-J1-fixed-6.step
A16-H-J1-fixed-6-washer,J1.fixed,hardware,"purchased steel, nominal dimensional envelope; do not print",0.00030402700073262165,engineering/arm_a16/build/hardware01/step/A16-H-J1-fixed-6-washer.step
A16-H-J1-fixed-7,J1.fixed,hardware,"purchased steel, nominal dimensional envelope; do not print",0.0023003886839098927,engineering/arm_a16/build/hardware01/step/A16-H-J1-fixed-7.step
A16-H-J1-fixed-7-washer,J1.fixed,hardware,"purchased steel, nominal dimensional envelope; do not print",0.00030402700073262144,engineering/arm_a16/build/hardware01/step/A16-H-J1-fixed-7-washer.step
A16-H-J1-fixed-8,J1.fixed,hardware,"purchased steel, nominal dimensional envelope; do not print",0.002300388683909893,engineering/arm_a16/build/hardware01/step/A16-H-J1-fixed-8.step
A16-H-J1-fixed-8-washer,J1.fixed,hardware,"purchased steel, nominal dimensional envelope; do not print",0.00030402700073262155,engineering/arm_a16/build/hardware01/step/A16-H-J1-fixed-8-washer.step
A16-H-J1-output-1,J1.rotor,hardware,"purchased steel, nominal dimensional envelope; do not print",0.003582786805105245,engineering/arm_a16/build/hardware01/step/A16-H-J1-output-1.step
A16-H-J1-output-1-washer,J1.rotor,hardware,"purchased steel, nominal dimensional envelope; do not print",0.00030402700073262165,engineering/arm_a16/build/hardware01/step/A16-H-J1-output-1-washer.step
A16-H-J1-output-2,J1.rotor,hardware,"purchased steel, nominal dimensional envelope; do not print",0.003582786805105245,engineering/arm_a16/build/hardware01/step/A16-H-J1-output-2.step
A16-H-J1-output-2-washer,J1.rotor,hardware,"purchased steel, nominal dimensional envelope; do not print",0.00030402700073262165,engineering/arm_a16/build/hardware01/step/A16-H-J1-output-2-washer.step
A16-H-J1-output-3,J1.rotor,hardware,"purchased steel, nominal dimensional envelope; do not print",0.003582786805105245,engineering/arm_a16/build/hardware01/step/A16-H-J1-output-3.step
A16-H-J1-output-3-washer,J1.rotor,hardware,"purchased steel, nominal dimensional envelope; do not print",0.0003040270007326216,engineering/arm_a16/build/hardware01/step/A16-H-J1-output-3-washer.step
A16-H-J1-output-4,J1.rotor,hardware,"purchased steel, nominal dimensional envelope; do not print",0.003582786805105245,engineering/arm_a16/build/hardware01/step/A16-H-J1-output-4.step
A16-H-J1-output-4-washer,J1.rotor,hardware,"purchased steel, nominal dimensional envelope; do not print",0.00030402700073262165,engineering/arm_a16/build/hardware01/step/A16-H-J1-output-4-washer.step
A16-H-J1-output-5,J1.rotor,hardware,"purchased steel, nominal dimensional envelope; do not print",0.003582786805105245,engineering/arm_a16/build/hardware01/step/A16-H-J1-output-5.step
A16-H-J1-output-5-washer,J1.rotor,hardware,"purchased steel, nominal dimensional envelope; do not print",0.0003040270007326217,engineering/arm_a16/build/hardware01/step/A16-H-J1-output-5-washer.step
A16-H-J1-output-6,J1.rotor,hardware,"purchased steel, nominal dimensional envelope; do not print",0.003582786805105246,engineering/arm_a16/build/hardware01/step/A16-H-J1-output-6.step
A16-H-J1-output-6-washer,J1.rotor,hardware,"purchased steel, nominal dimensional envelope; do not print",0.0003040270007326217,engineering/arm_a16/build/hardware01/step/A16-H-J1-output-6-washer.step
A16-H-J2-fixed-1,J2.fixed,hardware,"purchased steel, nominal dimensional envelope; do not print",0.002300388683909892,engineering/arm_a16/build/hardware01/step/A16-H-J2-fixed-1.step
A16-H-J2-fixed-1-washer,J2.fixed,hardware,"purchased steel, nominal dimensional envelope; do not print",0.0003040270007326211,engineering/arm_a16/build/hardware01/step/A16-H-J2-fixed-1-washer.step
A16-H-J2-fixed-2,J2.fixed,hardware,"purchased steel, nominal dimensional envelope; do not print",0.0023003886839098914,engineering/arm_a16/build/hardware01/step/A16-H-J2-fixed-2.step
A16-H-J2-fixed-2-washer,J2.fixed,hardware,"purchased steel, nominal dimensional envelope; do not print",0.0003040270007326211,engineering/arm_a16/build/hardware01/step/A16-H-J2-fixed-2-washer.step
A16-H-J2-fixed-3,J2.fixed,hardware,"purchased steel, nominal dimensional envelope; do not print",0.0023003886839098914,engineering/arm_a16/build/hardware01/step/A16-H-J2-fixed-3.step
A16-H-J2-fixed-3-washer,J2.fixed,hardware,"purchased steel, nominal dimensional envelope; do not print",0.0003040270007326212,engineering/arm_a16/build/hardware01/step/A16-H-J2-fixed-3-washer.step
A16-H-J2-fixed-4,J2.fixed,hardware,"purchased steel, nominal dimensional envelope; do not print",0.002300388683909892,engineering/arm_a16/build/hardware01/step/A16-H-J2-fixed-4.step
A16-H-J2-fixed-4-washer,J2.fixed,hardware,"purchased steel, nominal dimensional envelope; do not print",0.0003040270007326212,engineering/arm_a16/build/hardware01/step/A16-H-J2-fixed-4-washer.step
A16-H-J2-fixed-5,J2.fixed,hardware,"purchased steel, nominal dimensional envelope; do not print",0.002300388683909892,engineering/arm_a16/build/hardware01/step/A16-H-J2-fixed-5.step
A16-H-J2-fixed-5-washer,J2.fixed,hardware,"purchased steel, nominal dimensional envelope; do not print",0.00030402700073262117,engineering/arm_a16/build/hardware01/step/A16-H-J2-fixed-5-washer.step
A16-H-J2-fixed-6,J2.fixed,hardware,"purchased steel, nominal dimensional envelope; do not print",0.002300388683909892,engineering/arm_a16/build/hardware01/step/A16-H-J2-fixed-6.step
A16-H-J2-fixed-6-washer,J2.fixed,hardware,"purchased steel, nominal dimensional envelope; do not print",0.00030402700073262117,engineering/arm_a16/build/hardware01/step/A16-H-J2-fixed-6-washer.step
A16-H-J2-fixed-7,J2.fixed,hardware,"purchased steel, nominal dimensional envelope; do not print",0.0023003886839098927,engineering/arm_a16/build/hardware01/step/A16-H-J2-fixed-7.step
A16-H-J2-fixed-7-washer,J2.fixed,hardware,"purchased steel, nominal dimensional envelope; do not print",0.0003040270007326212,engineering/arm_a16/build/hardware01/step/A16-H-J2-fixed-7-washer.step
A16-H-J2-fixed-8,J2.fixed,hardware,"purchased steel, nominal dimensional envelope; do not print",0.0023003886839098927,engineering/arm_a16/build/hardware01/step/A16-H-J2-fixed-8.step
A16-H-J2-fixed-8-washer,J2.fixed,hardware,"purchased steel, nominal dimensional envelope; do not print",0.0003040270007326211,engineering/arm_a16/build/hardware01/step/A16-H-J2-fixed-8-washer.step
A16-H-J2-fixed-9,J2.fixed,hardware,"purchased steel, nominal dimensional envelope; do not print",0.002300388683909892,engineering/arm_a16/build/hardware01/step/A16-H-J2-fixed-9.step
A16-H-J2-fixed-9-washer,J2.fixed,hardware,"purchased steel, nominal dimensional envelope; do not print",0.0003040270007326211,engineering/arm_a16/build/hardware01/step/A16-H-J2-fixed-9-washer.step
A16-H-J2-fixed-10,J2.fixed,hardware,"purchased steel, nominal dimensional envelope; do not print",0.0023003886839098914,engineering/arm_a16/build/hardware01/step/A16-H-J2-fixed-10.step
A16-H-J2-fixed-10-washer,J2.fixed,hardware,"purchased steel, nominal dimensional envelope; do not print",0.0003040270007326211,engineering/arm_a16/build/hardware01/step/A16-H-J2-fixed-10-washer.step
A16-H-J2-output-1,J2.rotor,hardware,"purchased steel, nominal dimensional envelope; do not print",0.004475846580876863,engineering/arm_a16/build/hardware01/step/A16-H-J2-output-1.step
A16-H-J2-output-1-washer,J2.rotor,hardware,"purchased steel, nominal dimensional envelope; do not print",0.00031961307020561124,engineering/arm_a16/build/hardware01/step/A16-H-J2-output-1-washer.step
A16-H-J2-output-2,J2.rotor,hardware,"purchased steel, nominal dimensional envelope; do not print",0.004475846580876862,engineering/arm_a16/build/hardware01/step/A16-H-J2-output-2.step
A16-H-J2-output-2-washer,J2.rotor,hardware,"purchased steel, nominal dimensional envelope; do not print",0.00031961307020561124,engineering/arm_a16/build/hardware01/step/A16-H-J2-output-2-washer.step
A16-H-J2-output-3,J2.rotor,hardware,"purchased steel, nominal dimensional envelope; do not print",0.004475846580876863,engineering/arm_a16/build/hardware01/step/A16-H-J2-output-3.step
A16-H-J2-output-3-washer,J2.rotor,hardware,"purchased steel, nominal dimensional envelope; do not print",0.0003196130702056111,engineering/arm_a16/build/hardware01/step/A16-H-J2-output-3-washer.step
A16-H-J2-output-4,J2.rotor,hardware,"purchased steel, nominal dimensional envelope; do not print",0.004475846580876863,engineering/arm_a16/build/hardware01/step/A16-H-J2-output-4.step
A16-H-J2-output-4-washer,J2.rotor,hardware,"purchased steel, nominal dimensional envelope; do not print",0.00031961307020561124,engineering/arm_a16/build/hardware01/step/A16-H-J2-output-4-washer.step
A16-H-J2-output-5,J2.rotor,hardware,"purchased steel, nominal dimensional envelope; do not print",0.004475846580876862,engineering/arm_a16/build/hardware01/step/A16-H-J2-output-5.step
A16-H-J2-output-5-washer,J2.rotor,hardware,"purchased steel, nominal dimensional envelope; do not print",0.00031961307020561113,engineering/arm_a16/build/hardware01/step/A16-H-J2-output-5-washer.step
A16-H-J2-output-6,J2.rotor,hardware,"purchased steel, nominal dimensional envelope; do not print",0.004475846580876863,engineering/arm_a16/build/hardware01/step/A16-H-J2-output-6.step
A16-H-J2-output-6-washer,J2.rotor,hardware,"purchased steel, nominal dimensional envelope; do not print",0.00031961307020561113,engineering/arm_a16/build/hardware01/step/A16-H-J2-output-6-washer.step
A16-H-J2-output-7,J2.rotor,hardware,"purchased steel, nominal dimensional envelope; do not print",0.004475846580876863,engineering/arm_a16/build/hardware01/step/A16-H-J2-output-7.step
A16-H-J2-output-7-washer,J2.rotor,hardware,"purchased steel, nominal dimensional envelope; do not print",0.00031961307020561097,engineering/arm_a16/build/hardware01/step/A16-H-J2-output-7-washer.step
A16-H-J2-output-8,J2.rotor,hardware,"purchased steel, nominal dimensional envelope; do not print",0.004475846580876862,engineering/arm_a16/build/hardware01/step/A16-H-J2-output-8.step
A16-H-J2-output-8-washer,J2.rotor,hardware,"purchased steel, nominal dimensional envelope; do not print",0.0003196130702056111,engineering/arm_a16/build/hardware01/step/A16-H-J2-output-8-washer.step
A16-H-J2-output-9,J2.rotor,hardware,"purchased steel, nominal dimensional envelope; do not print",0.004475846580876862,engineering/arm_a16/build/hardware01/step/A16-H-J2-output-9.step
A16-H-J2-output-9-washer,J2.rotor,hardware,"purchased steel, nominal dimensional envelope; do not print",0.00031961307020561124,engineering/arm_a16/build/hardware01/step/A16-H-J2-output-9-washer.step
A16-H-J3-fixed-1,J3.fixed,hardware,"purchased steel, nominal dimensional envelope; do not print",0.002300388683909892,engineering/arm_a16/build/hardware01/step/A16-H-J3-fixed-1.step
A16-H-J3-fixed-1-washer,J3.fixed,hardware,"purchased steel, nominal dimensional envelope; do not print",0.0003040270007326212,engineering/arm_a16/build/hardware01/step/A16-H-J3-fixed-1-washer.step
A16-H-J3-fixed-2,J3.fixed,hardware,"purchased steel, nominal dimensional envelope; do not print",0.002300388683909892,engineering/arm_a16/build/hardware01/step/A16-H-J3-fixed-2.step
A16-H-J3-fixed-2-washer,J3.fixed,hardware,"purchased steel, nominal dimensional envelope; do not print",0.0003040270007326212,engineering/arm_a16/build/hardware01/step/A16-H-J3-fixed-2-washer.step
A16-H-J3-fixed-3,J3.fixed,hardware,"purchased steel, nominal dimensional envelope; do not print",0.0023003886839098927,engineering/arm_a16/build/hardware01/step/A16-H-J3-fixed-3.step
A16-H-J3-fixed-3-washer,J3.fixed,hardware,"purchased steel, nominal dimensional envelope; do not print",0.0003040270007326212,engineering/arm_a16/build/hardware01/step/A16-H-J3-fixed-3-washer.step
A16-H-J3-fixed-4,J3.fixed,hardware,"purchased steel, nominal dimensional envelope; do not print",0.002300388683909893,engineering/arm_a16/build/hardware01/step/A16-H-J3-fixed-4.step
A16-H-J3-fixed-4-washer,J3.fixed,hardware,"purchased steel, nominal dimensional envelope; do not print",0.0003040270007326212,engineering/arm_a16/build/hardware01/step/A16-H-J3-fixed-4-washer.step
A16-H-J3-fixed-5,J3.fixed,hardware,"purchased steel, nominal dimensional envelope; do not print",0.0023003886839098927,engineering/arm_a16/build/hardware01/step/A16-H-J3-fixed-5.step
A16-H-J3-fixed-5-washer,J3.fixed,hardware,"purchased steel, nominal dimensional envelope; do not print",0.00030402700073262117,engineering/arm_a16/build/hardware01/step/A16-H-J3-fixed-5-washer.step
A16-H-J3-fixed-6,J3.fixed,hardware,"purchased steel, nominal dimensional envelope; do not print",0.0023003886839098927,engineering/arm_a16/build/hardware01/step/A16-H-J3-fixed-6.step
A16-H-J3-fixed-6-washer,J3.fixed,hardware,"purchased steel, nominal dimensional envelope; do not print",0.00030402700073262117,engineering/arm_a16/build/hardware01/step/A16-H-J3-fixed-6-washer.step
A16-H-J3-fixed-7,J3.fixed,hardware,"purchased steel, nominal dimensional envelope; do not print",0.002300388683909893,engineering/arm_a16/build/hardware01/step/A16-H-J3-fixed-7.step
A16-H-J3-fixed-7-washer,J3.fixed,hardware,"purchased steel, nominal dimensional envelope; do not print",0.0003040270007326212,engineering/arm_a16/build/hardware01/step/A16-H-J3-fixed-7-washer.step
A16-H-J3-fixed-8,J3.fixed,hardware,"purchased steel, nominal dimensional envelope; do not print",0.0023003886839098927,engineering/arm_a16/build/hardware01/step/A16-H-J3-fixed-8.step
A16-H-J3-fixed-8-washer,J3.fixed,hardware,"purchased steel, nominal dimensional envelope; do not print",0.0003040270007326211,engineering/arm_a16/build/hardware01/step/A16-H-J3-fixed-8-washer.step
A16-H-J3-fixed-9,J3.fixed,hardware,"purchased steel, nominal dimensional envelope; do not print",0.0023003886839098914,engineering/arm_a16/build/hardware01/step/A16-H-J3-fixed-9.step
A16-H-J3-fixed-9-washer,J3.fixed,hardware,"purchased steel, nominal dimensional envelope; do not print",0.0003040270007326211,engineering/arm_a16/build/hardware01/step/A16-H-J3-fixed-9-washer.step
A16-H-J3-fixed-10,J3.fixed,hardware,"purchased steel, nominal dimensional envelope; do not print",0.002300388683909892,engineering/arm_a16/build/hardware01/step/A16-H-J3-fixed-10.step
A16-H-J3-fixed-10-washer,J3.fixed,hardware,"purchased steel, nominal dimensional envelope; do not print",0.0003040270007326212,engineering/arm_a16/build/hardware01/step/A16-H-J3-fixed-10-washer.step
A16-H-J3-output-1,J3.rotor,hardware,"purchased steel, nominal dimensional envelope; do not print",0.004475846580876862,engineering/arm_a16/build/hardware01/step/A16-H-J3-output-1.step
A16-H-J3-output-1-washer,J3.rotor,hardware,"purchased steel, nominal dimensional envelope; do not print",0.0003196130702056113,engineering/arm_a16/build/hardware01/step/A16-H-J3-output-1-washer.step
A16-H-J3-output-2,J3.rotor,hardware,"purchased steel, nominal dimensional envelope; do not print",0.004475846580876862,engineering/arm_a16/build/hardware01/step/A16-H-J3-output-2.step
A16-H-J3-output-2-washer,J3.rotor,hardware,"purchased steel, nominal dimensional envelope; do not print",0.0003196130702056113,engineering/arm_a16/build/hardware01/step/A16-H-J3-output-2-washer.step
A16-H-J3-output-3,J3.rotor,hardware,"purchased steel, nominal dimensional envelope; do not print",0.004475846580876863,engineering/arm_a16/build/hardware01/step/A16-H-J3-output-3.step
A16-H-J3-output-3-washer,J3.rotor,hardware,"purchased steel, nominal dimensional envelope; do not print",0.0003196130702056111,engineering/arm_a16/build/hardware01/step/A16-H-J3-output-3-washer.step
A16-H-J3-output-4,J3.rotor,hardware,"purchased steel, nominal dimensional envelope; do not print",0.004475846580876863,engineering/arm_a16/build/hardware01/step/A16-H-J3-output-4.step
A16-H-J3-output-4-washer,J3.rotor,hardware,"purchased steel, nominal dimensional envelope; do not print",0.00031961307020561124,engineering/arm_a16/build/hardware01/step/A16-H-J3-output-4-washer.step
A16-H-J3-output-5,J3.rotor,hardware,"purchased steel, nominal dimensional envelope; do not print",0.004475846580876863,engineering/arm_a16/build/hardware01/step/A16-H-J3-output-5.step
A16-H-J3-output-5-washer,J3.rotor,hardware,"purchased steel, nominal dimensional envelope; do not print",0.00031961307020561113,engineering/arm_a16/build/hardware01/step/A16-H-J3-output-5-washer.step
A16-H-J3-output-6,J3.rotor,hardware,"purchased steel, nominal dimensional envelope; do not print",0.004475846580876863,engineering/arm_a16/build/hardware01/step/A16-H-J3-output-6.step
A16-H-J3-output-6-washer,J3.rotor,hardware,"purchased steel, nominal dimensional envelope; do not print",0.00031961307020561113,engineering/arm_a16/build/hardware01/step/A16-H-J3-output-6-washer.step
A16-H-J3-output-7,J3.rotor,hardware,"purchased steel, nominal dimensional envelope; do not print",0.004475846580876863,engineering/arm_a16/build/hardware01/step/A16-H-J3-output-7.step
A16-H-J3-output-7-washer,J3.rotor,hardware,"purchased steel, nominal dimensional envelope; do not print",0.00031961307020561097,engineering/arm_a16/build/hardware01/step/A16-H-J3-output-7-washer.step
A16-H-J3-output-8,J3.rotor,hardware,"purchased steel, nominal dimensional envelope; do not print",0.004475846580876863,engineering/arm_a16/build/hardware01/step/A16-H-J3-output-8.step
A16-H-J3-output-8-washer,J3.rotor,hardware,"purchased steel, nominal dimensional envelope; do not print",0.0003196130702056111,engineering/arm_a16/build/hardware01/step/A16-H-J3-output-8-washer.step
A16-H-J3-output-9,J3.rotor,hardware,"purchased steel, nominal dimensional envelope; do not print",0.004475846580876863,engineering/arm_a16/build/hardware01/step/A16-H-J3-output-9.step
A16-H-J3-output-9-washer,J3.rotor,hardware,"purchased steel, nominal dimensional envelope; do not print",0.0003196130702056113,engineering/arm_a16/build/hardware01/step/A16-H-J3-output-9-washer.step
A16-H-J4-fixed-1,J4.fixed,hardware,"purchased steel, nominal dimensional envelope; do not print",0.0023003886839098927,engineering/arm_a16/build/hardware01/step/A16-H-J4-fixed-1.step
A16-H-J4-fixed-1-washer,J4.fixed,hardware,"purchased steel, nominal dimensional envelope; do not print",0.0003040270007326212,engineering/arm_a16/build/hardware01/step/A16-H-J4-fixed-1-washer.step
A16-H-J4-fixed-2,J4.fixed,hardware,"purchased steel, nominal dimensional envelope; do not print",0.002300388683909892,engineering/arm_a16/build/hardware01/step/A16-H-J4-fixed-2.step
A16-H-J4-fixed-2-washer,J4.fixed,hardware,"purchased steel, nominal dimensional envelope; do not print",0.0003040270007326212,engineering/arm_a16/build/hardware01/step/A16-H-J4-fixed-2-washer.step
A16-H-J4-fixed-3,J4.fixed,hardware,"purchased steel, nominal dimensional envelope; do not print",0.002300388683909892,engineering/arm_a16/build/hardware01/step/A16-H-J4-fixed-3.step
A16-H-J4-fixed-3-washer,J4.fixed,hardware,"purchased steel, nominal dimensional envelope; do not print",0.00030402700073262133,engineering/arm_a16/build/hardware01/step/A16-H-J4-fixed-3-washer.step
A16-H-J4-fixed-4,J4.fixed,hardware,"purchased steel, nominal dimensional envelope; do not print",0.0023003886839098927,engineering/arm_a16/build/hardware01/step/A16-H-J4-fixed-4.step
A16-H-J4-fixed-4-washer,J4.fixed,hardware,"purchased steel, nominal dimensional envelope; do not print",0.00030402700073262133,engineering/arm_a16/build/hardware01/step/A16-H-J4-fixed-4-washer.step
A16-H-J4-fixed-5,J4.fixed,hardware,"purchased steel, nominal dimensional envelope; do not print",0.0023003886839098927,engineering/arm_a16/build/hardware01/step/A16-H-J4-fixed-5.step
A16-H-J4-fixed-5-washer,J4.fixed,hardware,"purchased steel, nominal dimensional envelope; do not print",0.0003040270007326213,engineering/arm_a16/build/hardware01/step/A16-H-J4-fixed-5-washer.step
A16-H-J4-fixed-6,J4.fixed,hardware,"purchased steel, nominal dimensional envelope; do not print",0.0023003886839098927,engineering/arm_a16/build/hardware01/step/A16-H-J4-fixed-6.step
A16-H-J4-fixed-6-washer,J4.fixed,hardware,"purchased steel, nominal dimensional envelope; do not print",0.0003040270007326213,engineering/arm_a16/build/hardware01/step/A16-H-J4-fixed-6-washer.step
A16-H-J4-fixed-7,J4.fixed,hardware,"purchased steel, nominal dimensional envelope; do not print",0.002300388683909893,engineering/arm_a16/build/hardware01/step/A16-H-J4-fixed-7.step
A16-H-J4-fixed-7-washer,J4.fixed,hardware,"purchased steel, nominal dimensional envelope; do not print",0.00030402700073262133,engineering/arm_a16/build/hardware01/step/A16-H-J4-fixed-7-washer.step
A16-H-J4-fixed-8,J4.fixed,hardware,"purchased steel, nominal dimensional envelope; do not print",0.0023003886839098927,engineering/arm_a16/build/hardware01/step/A16-H-J4-fixed-8.step
A16-H-J4-fixed-8-washer,J4.fixed,hardware,"purchased steel, nominal dimensional envelope; do not print",0.00030402700073262117,engineering/arm_a16/build/hardware01/step/A16-H-J4-fixed-8-washer.step
A16-H-J4-fixed-9,J4.fixed,hardware,"purchased steel, nominal dimensional envelope; do not print",0.002300388683909892,engineering/arm_a16/build/hardware01/step/A16-H-J4-fixed-9.step
A16-H-J4-fixed-9-washer,J4.fixed,hardware,"purchased steel, nominal dimensional envelope; do not print",0.0003040270007326212,engineering/arm_a16/build/hardware01/step/A16-H-J4-fixed-9-washer.step
A16-H-J4-fixed-10,J4.fixed,hardware,"purchased steel, nominal dimensional envelope; do not print",0.002300388683909892,engineering/arm_a16/build/hardware01/step/A16-H-J4-fixed-10.step
A16-H-J4-fixed-10-washer,J4.fixed,hardware,"purchased steel, nominal dimensional envelope; do not print",0.0003040270007326212,engineering/arm_a16/build/hardware01/step/A16-H-J4-fixed-10-washer.step
A16-H-J4-output-1,J4.rotor,hardware,"purchased steel, nominal dimensional envelope; do not print",0.004475846580876862,engineering/arm_a16/build/hardware01/step/A16-H-J4-output-1.step
A16-H-J4-output-1-washer,J4.rotor,hardware,"purchased steel, nominal dimensional envelope; do not print",0.00031961307020561124,engineering/arm_a16/build/hardware01/step/A16-H-J4-output-1-washer.step
A16-H-J4-output-2,J4.rotor,hardware,"purchased steel, nominal dimensional envelope; do not print",0.004475846580876862,engineering/arm_a16/build/hardware01/step/A16-H-J4-output-2.step
A16-H-J4-output-2-washer,J4.rotor,hardware,"purchased steel, nominal dimensional envelope; do not print",0.00031961307020561124,engineering/arm_a16/build/hardware01/step/A16-H-J4-output-2-washer.step
A16-H-J4-output-3,J4.rotor,hardware,"purchased steel, nominal dimensional envelope; do not print",0.004475846580876863,engineering/arm_a16/build/hardware01/step/A16-H-J4-output-3.step
A16-H-J4-output-3-washer,J4.rotor,hardware,"purchased steel, nominal dimensional envelope; do not print",0.0003196130702056111,engineering/arm_a16/build/hardware01/step/A16-H-J4-output-3-washer.step
A16-H-J4-output-4,J4.rotor,hardware,"purchased steel, nominal dimensional envelope; do not print",0.004475846580876863,engineering/arm_a16/build/hardware01/step/A16-H-J4-output-4.step
A16-H-J4-output-4-washer,J4.rotor,hardware,"purchased steel, nominal dimensional envelope; do not print",0.00031961307020561124,engineering/arm_a16/build/hardware01/step/A16-H-J4-output-4-washer.step
A16-H-J4-output-5,J4.rotor,hardware,"purchased steel, nominal dimensional envelope; do not print",0.004475846580876863,engineering/arm_a16/build/hardware01/step/A16-H-J4-output-5.step
A16-H-J4-output-5-washer,J4.rotor,hardware,"purchased steel, nominal dimensional envelope; do not print",0.0003196130702056112,engineering/arm_a16/build/hardware01/step/A16-H-J4-output-5-washer.step
A16-H-J4-output-6,J4.rotor,hardware,"purchased steel, nominal dimensional envelope; do not print",0.004475846580876863,engineering/arm_a16/build/hardware01/step/A16-H-J4-output-6.step
A16-H-J4-output-6-washer,J4.rotor,hardware,"purchased steel, nominal dimensional envelope; do not print",0.00031961307020561113,engineering/arm_a16/build/hardware01/step/A16-H-J4-output-6-washer.step
A16-H-J4-output-7,J4.rotor,hardware,"purchased steel, nominal dimensional envelope; do not print",0.004475846580876863,engineering/arm_a16/build/hardware01/step/A16-H-J4-output-7.step
A16-H-J4-output-7-washer,J4.rotor,hardware,"purchased steel, nominal dimensional envelope; do not print",0.00031961307020561097,engineering/arm_a16/build/hardware01/step/A16-H-J4-output-7-washer.step
A16-H-J4-output-8,J4.rotor,hardware,"purchased steel, nominal dimensional envelope; do not print",0.004475846580876862,engineering/arm_a16/build/hardware01/step/A16-H-J4-output-8.step
A16-H-J4-output-8-washer,J4.rotor,hardware,"purchased steel, nominal dimensional envelope; do not print",0.0003196130702056111,engineering/arm_a16/build/hardware01/step/A16-H-J4-output-8-washer.step
A16-H-J4-output-9,J4.rotor,hardware,"purchased steel, nominal dimensional envelope; do not print",0.004475846580876862,engineering/arm_a16/build/hardware01/step/A16-H-J4-output-9.step
A16-H-J4-output-9-washer,J4.rotor,hardware,"purchased steel, nominal dimensional envelope; do not print",0.00031961307020561124,engineering/arm_a16/build/hardware01/step/A16-H-J4-output-9-washer.step
A16-H-J6-fixed-1,J6.fixed,hardware,"purchased steel, nominal dimensional envelope; do not print",0.002300388683909892,engineering/arm_a16/build/hardware01/step/A16-H-J6-fixed-1.step
A16-H-J6-fixed-1-washer,J6.fixed,hardware,"purchased steel, nominal dimensional envelope; do not print",0.00030402700073262133,engineering/arm_a16/build/hardware01/step/A16-H-J6-fixed-1-washer.step
A16-H-J6-fixed-2,J6.fixed,hardware,"purchased steel, nominal dimensional envelope; do not print",0.0023003886839098927,engineering/arm_a16/build/hardware01/step/A16-H-J6-fixed-2.step
A16-H-J6-fixed-2-washer,J6.fixed,hardware,"purchased steel, nominal dimensional envelope; do not print",0.0003040270007326212,engineering/arm_a16/build/hardware01/step/A16-H-J6-fixed-2-washer.step
A16-H-J6-fixed-3,J6.fixed,hardware,"purchased steel, nominal dimensional envelope; do not print",0.002300388683909893,engineering/arm_a16/build/hardware01/step/A16-H-J6-fixed-3.step
A16-H-J6-fixed-3-washer,J6.fixed,hardware,"purchased steel, nominal dimensional envelope; do not print",0.0003040270007326211,engineering/arm_a16/build/hardware01/step/A16-H-J6-fixed-3-washer.step
A16-H-J6-fixed-4,J6.fixed,hardware,"purchased steel, nominal dimensional envelope; do not print",0.002300388683909892,engineering/arm_a16/build/hardware01/step/A16-H-J6-fixed-4.step
A16-H-J6-fixed-4-washer,J6.fixed,hardware,"purchased steel, nominal dimensional envelope; do not print",0.00030402700073262133,engineering/arm_a16/build/hardware01/step/A16-H-J6-fixed-4-washer.step
A16-H-J6-fixed-5,J6.fixed,hardware,"purchased steel, nominal dimensional envelope; do not print",0.002300388683909892,engineering/arm_a16/build/hardware01/step/A16-H-J6-fixed-5.step
A16-H-J6-fixed-5-washer,J6.fixed,hardware,"purchased steel, nominal dimensional envelope; do not print",0.0003040270007326211,engineering/arm_a16/build/hardware01/step/A16-H-J6-fixed-5-washer.step
A16-H-J6-fixed-6,J6.fixed,hardware,"purchased steel, nominal dimensional envelope; do not print",0.0023003886839098927,engineering/arm_a16/build/hardware01/step/A16-H-J6-fixed-6.step
A16-H-J6-fixed-6-washer,J6.fixed,hardware,"purchased steel, nominal dimensional envelope; do not print",0.0003040270007326212,engineering/arm_a16/build/hardware01/step/A16-H-J6-fixed-6-washer.step
A16-H-J6-output-1,J6.rotor,hardware,"purchased steel, nominal dimensional envelope; do not print",0.0024976807025553307,engineering/arm_a16/build/hardware01/step/A16-H-J6-output-1.step
A16-H-J6-output-1-washer,J6.rotor,hardware,"purchased steel, nominal dimensional envelope; do not print",0.0003040270007326212,engineering/arm_a16/build/hardware01/step/A16-H-J6-output-1-washer.step
A16-H-J6-output-2,J6.rotor,hardware,"purchased steel, nominal dimensional envelope; do not print",0.0024976807025553307,engineering/arm_a16/build/hardware01/step/A16-H-J6-output-2.step
A16-H-J6-output-2-washer,J6.rotor,hardware,"purchased steel, nominal dimensional envelope; do not print",0.0003040270007326212,engineering/arm_a16/build/hardware01/step/A16-H-J6-output-2-washer.step
A16-H-J6-output-3,J6.rotor,hardware,"purchased steel, nominal dimensional envelope; do not print",0.0024976807025553307,engineering/arm_a16/build/hardware01/step/A16-H-J6-output-3.step
A16-H-J6-output-3-washer,J6.rotor,hardware,"purchased steel, nominal dimensional envelope; do not print",0.0003040270007326212,engineering/arm_a16/build/hardware01/step/A16-H-J6-output-3-washer.step
A16-H-J6-output-4,J6.rotor,hardware,"purchased steel, nominal dimensional envelope; do not print",0.0024976807025553307,engineering/arm_a16/build/hardware01/step/A16-H-J6-output-4.step
A16-H-J6-output-4-washer,J6.rotor,hardware,"purchased steel, nominal dimensional envelope; do not print",0.00030402700073262133,engineering/arm_a16/build/hardware01/step/A16-H-J6-output-4-washer.step
A16-H-J6-output-5,J6.rotor,hardware,"purchased steel, nominal dimensional envelope; do not print",0.0024976807025553303,engineering/arm_a16/build/hardware01/step/A16-H-J6-output-5.step
A16-H-J6-output-5-washer,J6.rotor,hardware,"purchased steel, nominal dimensional envelope; do not print",0.0003040270007326212,engineering/arm_a16/build/hardware01/step/A16-H-J6-output-5-washer.step
A16-H-J6-output-6,J6.rotor,hardware,"purchased steel, nominal dimensional envelope; do not print",0.0024976807025553307,engineering/arm_a16/build/hardware01/step/A16-H-J6-output-6.step
A16-H-J6-output-6-washer,J6.rotor,hardware,"purchased steel, nominal dimensional envelope; do not print",0.0003040270007326212,engineering/arm_a16/build/hardware01/step/A16-H-J6-output-6-washer.step
A16-H-J7-fixed-1,J7.fixed,hardware,"purchased steel, nominal dimensional envelope; do not print",0.000969183902173088,engineering/arm_a16/build/hardware01/step/A16-H-J7-fixed-1.step
A16-H-J7-fixed-1-washer,J7.fixed,hardware,"purchased steel, nominal dimensional envelope; do not print",0.00011541583090758183,engineering/arm_a16/build/hardware01/step/A16-H-J7-fixed-1-washer.step
A16-H-J7-fixed-2,J7.fixed,hardware,"purchased steel, nominal dimensional envelope; do not print",0.0009691839021730882,engineering/arm_a16/build/hardware01/step/A16-H-J7-fixed-2.step
A16-H-J7-fixed-2-washer,J7.fixed,hardware,"purchased steel, nominal dimensional envelope; do not print",0.00011541583090758184,engineering/arm_a16/build/hardware01/step/A16-H-J7-fixed-2-washer.step
A16-H-J7-fixed-3,J7.fixed,hardware,"purchased steel, nominal dimensional envelope; do not print",0.0009691839021730882,engineering/arm_a16/build/hardware01/step/A16-H-J7-fixed-3.step
A16-H-J7-fixed-3-washer,J7.fixed,hardware,"purchased steel, nominal dimensional envelope; do not print",0.00011541583090758184,engineering/arm_a16/build/hardware01/step/A16-H-J7-fixed-3-washer.step
A16-H-J7-fixed-4,J7.fixed,hardware,"purchased steel, nominal dimensional envelope; do not print",0.0009691839021730882,engineering/arm_a16/build/hardware01/step/A16-H-J7-fixed-4.step
A16-H-J7-fixed-4-washer,J7.fixed,hardware,"purchased steel, nominal dimensional envelope; do not print",0.00011541583090758184,engineering/arm_a16/build/hardware01/step/A16-H-J7-fixed-4-washer.step
A16-H-J7-fixed-5,J7.fixed,hardware,"purchased steel, nominal dimensional envelope; do not print",0.0009691839021730882,engineering/arm_a16/build/hardware01/step/A16-H-J7-fixed-5.step
A16-H-J7-fixed-5-washer,J7.fixed,hardware,"purchased steel, nominal dimensional envelope; do not print",0.00011541583090758183,engineering/arm_a16/build/hardware01/step/A16-H-J7-fixed-5-washer.step
A16-H-J7-fixed-6,J7.fixed,hardware,"purchased steel, nominal dimensional envelope; do not print",0.0009691839021730882,engineering/arm_a16/build/hardware01/step/A16-H-J7-fixed-6.step
A16-H-J7-fixed-6-washer,J7.fixed,hardware,"purchased steel, nominal dimensional envelope; do not print",0.00011541583090758183,engineering/arm_a16/build/hardware01/step/A16-H-J7-fixed-6-washer.step
A16-H-J7-output-1,J7.rotor,hardware,"purchased steel, nominal dimensional envelope; do not print",0.00272593132967202,engineering/arm_a16/build/hardware01/step/A16-H-J7-output-1.step
A16-H-J7-output-1-washer,J7.rotor,hardware,"purchased steel, nominal dimensional envelope; do not print",0.00011541583090758184,engineering/arm_a16/build/hardware01/step/A16-H-J7-output-1-washer.step
A16-H-J7-output-2,J7.rotor,hardware,"purchased steel, nominal dimensional envelope; do not print",0.00272593132967202,engineering/arm_a16/build/hardware01/step/A16-H-J7-output-2.step
A16-H-J7-output-2-washer,J7.rotor,hardware,"purchased steel, nominal dimensional envelope; do not print",0.00011541583090758187,engineering/arm_a16/build/hardware01/step/A16-H-J7-output-2-washer.step
A16-H-J7-output-3,J7.rotor,hardware,"purchased steel, nominal dimensional envelope; do not print",0.002725931329672021,engineering/arm_a16/build/hardware01/step/A16-H-J7-output-3.step
A16-H-J7-output-3-washer,J7.rotor,hardware,"purchased steel, nominal dimensional envelope; do not print",0.00011541583090758184,engineering/arm_a16/build/hardware01/step/A16-H-J7-output-3-washer.step
A16-H-J7-output-4,J7.rotor,hardware,"purchased steel, nominal dimensional envelope; do not print",0.002725931329672021,engineering/arm_a16/build/hardware01/step/A16-H-J7-output-4.step
A16-H-J7-output-4-washer,J7.rotor,hardware,"purchased steel, nominal dimensional envelope; do not print",0.00011541583090758183,engineering/arm_a16/build/hardware01/step/A16-H-J7-output-4-washer.step
A16-H-J7-output-5,J7.rotor,hardware,"purchased steel, nominal dimensional envelope; do not print",0.00272593132967202,engineering/arm_a16/build/hardware01/step/A16-H-J7-output-5.step
A16-H-J7-output-5-washer,J7.rotor,hardware,"purchased steel, nominal dimensional envelope; do not print",0.00011541583090758184,engineering/arm_a16/build/hardware01/step/A16-H-J7-output-5-washer.step
A16-H-J7-output-6,J7.rotor,hardware,"purchased steel, nominal dimensional envelope; do not print",0.00272593132967202,engineering/arm_a16/build/hardware01/step/A16-H-J7-output-6.step
A16-H-J7-output-6-washer,J7.rotor,hardware,"purchased steel, nominal dimensional envelope; do not print",0.00011541583090758187,engineering/arm_a16/build/hardware01/step/A16-H-J7-output-6-washer.step
A16-H-tube-3-1-M4,J3.rotor,hardware,"purchased steel, nominal dimensional envelope; do not print",0.004569246898332439,engineering/arm_a16/build/hardware01/step/A16-H-tube-3-1-M4.step
A16-H-tube-3-1-M4-washer,J3.rotor,hardware,"purchased steel, nominal dimensional envelope; do not print",0.00030402700073262165,engineering/arm_a16/build/hardware01/step/A16-H-tube-3-1-M4-washer.step
A16-H-tube-3-1-rear-washer,J3.rotor,hardware,"purchased steel, nominal dimensional envelope; do not print",0.00030402700073262165,engineering/arm_a16/build/hardware01/step/A16-H-tube-3-1-rear-washer.step
A16-H-tube-3-1-nut,J3.rotor,hardware,"purchased steel, nominal dimensional envelope; do not print",0.0007503061191774876,engineering/arm_a16/build/hardware01/step/A16-H-tube-3-1-nut.step
A16-H-tube-3-1-crush-spacer,J3.rotor,hardware,"purchased steel, nominal dimensional envelope; do not print",0.004315762907868976,engineering/arm_a16/build/hardware01/step/A16-H-tube-3-1-crush-spacer.step
A16-H-tube-3-2-M4,J3.rotor,hardware,"purchased steel, nominal dimensional envelope; do not print",0.004569246898332438,engineering/arm_a16/build/hardware01/step/A16-H-tube-3-2-M4.step
A16-H-tube-3-2-M4-washer,J3.rotor,hardware,"purchased steel, nominal dimensional envelope; do not print",0.00030402700073262155,engineering/arm_a16/build/hardware01/step/A16-H-tube-3-2-M4-washer.step
A16-H-tube-3-2-rear-washer,J3.rotor,hardware,"purchased steel, nominal dimensional envelope; do not print",0.00030402700073262155,engineering/arm_a16/build/hardware01/step/A16-H-tube-3-2-rear-washer.step
A16-H-tube-3-2-nut,J3.rotor,hardware,"purchased steel, nominal dimensional envelope; do not print",0.0007503061191774887,engineering/arm_a16/build/hardware01/step/A16-H-tube-3-2-nut.step
A16-H-tube-3-2-crush-spacer,J3.rotor,hardware,"purchased steel, nominal dimensional envelope; do not print",0.0043157629078689795,engineering/arm_a16/build/hardware01/step/A16-H-tube-3-2-crush-spacer.step
A16-H-tube-3-3-M4,J3.rotor,hardware,"purchased steel, nominal dimensional envelope; do not print",0.004569246898332437,engineering/arm_a16/build/hardware01/step/A16-H-tube-3-3-M4.step
A16-H-tube-3-3-M4-washer,J3.rotor,hardware,"purchased steel, nominal dimensional envelope; do not print",0.00030402700073262176,engineering/arm_a16/build/hardware01/step/A16-H-tube-3-3-M4-washer.step
A16-H-tube-3-3-rear-washer,J3.rotor,hardware,"purchased steel, nominal dimensional envelope; do not print",0.0003040270007326217,engineering/arm_a16/build/hardware01/step/A16-H-tube-3-3-rear-washer.step
A16-H-tube-3-3-nut,J3.rotor,hardware,"purchased steel, nominal dimensional envelope; do not print",0.0007503061191774888,engineering/arm_a16/build/hardware01/step/A16-H-tube-3-3-nut.step
A16-H-tube-3-3-crush-spacer,J3.rotor,hardware,"purchased steel, nominal dimensional envelope; do not print",0.004315762907868976,engineering/arm_a16/build/hardware01/step/A16-H-tube-3-3-crush-spacer.step
A16-H-tube-3-4-M4,J3.rotor,hardware,"purchased steel, nominal dimensional envelope; do not print",0.004569246898332447,engineering/arm_a16/build/hardware01/step/A16-H-tube-3-4-M4.step
A16-H-tube-3-4-M4-washer,J3.rotor,hardware,"purchased steel, nominal dimensional envelope; do not print",0.0003040270007326221,engineering/arm_a16/build/hardware01/step/A16-H-tube-3-4-M4-washer.step
A16-H-tube-3-4-rear-washer,J3.rotor,hardware,"purchased steel, nominal dimensional envelope; do not print",0.0003040270007326221,engineering/arm_a16/build/hardware01/step/A16-H-tube-3-4-rear-washer.step
A16-H-tube-3-4-nut,J3.rotor,hardware,"purchased steel, nominal dimensional envelope; do not print",0.0007503061191774855,engineering/arm_a16/build/hardware01/step/A16-H-tube-3-4-nut.step
A16-H-tube-3-4-crush-spacer,J3.rotor,hardware,"purchased steel, nominal dimensional envelope; do not print",0.004315762907868986,engineering/arm_a16/build/hardware01/step/A16-H-tube-3-4-crush-spacer.step
A16-H-tube-4-1-M4,J4.rotor,hardware,"purchased steel, nominal dimensional envelope; do not print",0.0045692468983324405,engineering/arm_a16/build/hardware01/step/A16-H-tube-4-1-M4.step
A16-H-tube-4-1-M4-washer,J4.rotor,hardware,"purchased steel, nominal dimensional envelope; do not print",0.0003040270007326213,engineering/arm_a16/build/hardware01/step/A16-H-tube-4-1-M4-washer.step
A16-H-tube-4-1-rear-washer,J4.rotor,hardware,"purchased steel, nominal dimensional envelope; do not print",0.0003040270007326212,engineering/arm_a16/build/hardware01/step/A16-H-tube-4-1-rear-washer.step
A16-H-tube-4-1-nut,J4.rotor,hardware,"purchased steel, nominal dimensional envelope; do not print",0.0007503061191774871,engineering/arm_a16/build/hardware01/step/A16-H-tube-4-1-nut.step
A16-H-tube-4-1-crush-spacer,J4.rotor,hardware,"purchased steel, nominal dimensional envelope; do not print",0.004315762907868977,engineering/arm_a16/build/hardware01/step/A16-H-tube-4-1-crush-spacer.step
A16-H-tube-4-2-M4,J4.rotor,hardware,"purchased steel, nominal dimensional envelope; do not print",0.00456924689833244,engineering/arm_a16/build/hardware01/step/A16-H-tube-4-2-M4.step
A16-H-tube-4-2-M4-washer,J4.rotor,hardware,"purchased steel, nominal dimensional envelope; do not print",0.0003040270007326211,engineering/arm_a16/build/hardware01/step/A16-H-tube-4-2-M4-washer.step
A16-H-tube-4-2-rear-washer,J4.rotor,hardware,"purchased steel, nominal dimensional envelope; do not print",0.00030402700073262106,engineering/arm_a16/build/hardware01/step/A16-H-tube-4-2-rear-washer.step
A16-H-tube-4-2-nut,J4.rotor,hardware,"purchased steel, nominal dimensional envelope; do not print",0.0007503061191774872,engineering/arm_a16/build/hardware01/step/A16-H-tube-4-2-nut.step
A16-H-tube-4-2-crush-spacer,J4.rotor,hardware,"purchased steel, nominal dimensional envelope; do not print",0.004315762907868976,engineering/arm_a16/build/hardware01/step/A16-H-tube-4-2-crush-spacer.step
A16-H-tube-4-3-M4,J4.rotor,hardware,"purchased steel, nominal dimensional envelope; do not print",0.00456924689833244,engineering/arm_a16/build/hardware01/step/A16-H-tube-4-3-M4.step
A16-H-tube-4-3-M4-washer,J4.rotor,hardware,"purchased steel, nominal dimensional envelope; do not print",0.0003040270007326212,engineering/arm_a16/build/hardware01/step/A16-H-tube-4-3-M4-washer.step
A16-H-tube-4-3-rear-washer,J4.rotor,hardware,"purchased steel, nominal dimensional envelope; do not print",0.00030402700073262117,engineering/arm_a16/build/hardware01/step/A16-H-tube-4-3-rear-washer.step
A16-H-tube-4-3-nut,J4.rotor,hardware,"purchased steel, nominal dimensional envelope; do not print",0.0007503061191774876,engineering/arm_a16/build/hardware01/step/A16-H-tube-4-3-nut.step
A16-H-tube-4-3-crush-spacer,J4.rotor,hardware,"purchased steel, nominal dimensional envelope; do not print",0.004315762907868976,engineering/arm_a16/build/hardware01/step/A16-H-tube-4-3-crush-spacer.step
A16-H-tube-4-4-M4,J4.rotor,hardware,"purchased steel, nominal dimensional envelope; do not print",0.004569246898332438,engineering/arm_a16/build/hardware01/step/A16-H-tube-4-4-M4.step
A16-H-tube-4-4-M4-washer,J4.rotor,hardware,"purchased steel, nominal dimensional envelope; do not print",0.0003040270007326211,engineering/arm_a16/build/hardware01/step/A16-H-tube-4-4-M4-washer.step
A16-H-tube-4-4-rear-washer,J4.rotor,hardware,"purchased steel, nominal dimensional envelope; do not print",0.00030402700073262106,engineering/arm_a16/build/hardware01/step/A16-H-tube-4-4-rear-washer.step
A16-H-tube-4-4-nut,J4.rotor,hardware,"purchased steel, nominal dimensional envelope; do not print",0.0007503061191774887,engineering/arm_a16/build/hardware01/step/A16-H-tube-4-4-nut.step
A16-H-tube-4-4-crush-spacer,J4.rotor,hardware,"purchased steel, nominal dimensional envelope; do not print",0.0043157629078689795,engineering/arm_a16/build/hardware01/step/A16-H-tube-4-4-crush-spacer.step
A16-H-J7-cage-M3-1,J7.fixed,hardware,"purchased steel, nominal dimensional envelope; do not print",0.002725931329672021,engineering/arm_a16/build/hardware01/step/A16-H-J7-cage-M3-1.step
A16-H-J7-cage-M3-1-washer,J7.fixed,hardware,"purchased steel, nominal dimensional envelope; do not print",0.00011541583090758188,engineering/arm_a16/build/hardware01/step/A16-H-J7-cage-M3-1-washer.step
A16-H-J7-cage-rear-washer-1,J7.fixed,hardware,"purchased steel, nominal dimensional envelope; do not print",0.00011541583090758188,engineering/arm_a16/build/hardware01/step/A16-H-J7-cage-rear-washer-1.step
A16-H-J7-cage-nut-1,J7.fixed,hardware,"purchased steel, nominal dimensional envelope; do not print",0.00036038442528511794,engineering/arm_a16/build/hardware01/step/A16-H-J7-cage-nut-1.step
A16-H-J7-cage-M3-2,J7.fixed,hardware,"purchased steel, nominal dimensional envelope; do not print",0.0027259313296720206,engineering/arm_a16/build/hardware01/step/A16-H-J7-cage-M3-2.step
A16-H-J7-cage-M3-2-washer,J7.fixed,hardware,"purchased steel, nominal dimensional envelope; do not print",0.00011541583090758181,engineering/arm_a16/build/hardware01/step/A16-H-J7-cage-M3-2-washer.step
A16-H-J7-cage-rear-washer-2,J7.fixed,hardware,"purchased steel, nominal dimensional envelope; do not print",0.00011541583090758184,engineering/arm_a16/build/hardware01/step/A16-H-J7-cage-rear-washer-2.step
A16-H-J7-cage-nut-2,J7.fixed,hardware,"purchased steel, nominal dimensional envelope; do not print",0.00036038442528511805,engineering/arm_a16/build/hardware01/step/A16-H-J7-cage-nut-2.step
A16-H-J7-cage-M3-3,J7.fixed,hardware,"purchased steel, nominal dimensional envelope; do not print",0.002725931329672021,engineering/arm_a16/build/hardware01/step/A16-H-J7-cage-M3-3.step
A16-H-J7-cage-M3-3-washer,J7.fixed,hardware,"purchased steel, nominal dimensional envelope; do not print",0.00011541583090758185,engineering/arm_a16/build/hardware01/step/A16-H-J7-cage-M3-3-washer.step
A16-H-J7-cage-rear-washer-3,J7.fixed,hardware,"purchased steel, nominal dimensional envelope; do not print",0.00011541583090758187,engineering/arm_a16/build/hardware01/step/A16-H-J7-cage-rear-washer-3.step
A16-H-J7-cage-nut-3,J7.fixed,hardware,"purchased steel, nominal dimensional envelope; do not print",0.00036038442528511805,engineering/arm_a16/build/hardware01/step/A16-H-J7-cage-nut-3.step
A16-H-J7-cage-M3-4,J7.fixed,hardware,"purchased steel, nominal dimensional envelope; do not print",0.002725931329672021,engineering/arm_a16/build/hardware01/step/A16-H-J7-cage-M3-4.step
A16-H-J7-cage-M3-4-washer,J7.fixed,hardware,"purchased steel, nominal dimensional envelope; do not print",0.00011541583090758183,engineering/arm_a16/build/hardware01/step/A16-H-J7-cage-M3-4-washer.step
A16-H-J7-cage-rear-washer-4,J7.fixed,hardware,"purchased steel, nominal dimensional envelope; do not print",0.00011541583090758184,engineering/arm_a16/build/hardware01/step/A16-H-J7-cage-rear-washer-4.step
A16-H-J7-cage-nut-4,J7.fixed,hardware,"purchased steel, nominal dimensional envelope; do not print",0.0003603844252851179,engineering/arm_a16/build/hardware01/step/A16-H-J7-cage-nut-4.step
A16-H-J7-cage-M3-5,J7.fixed,hardware,"purchased steel, nominal dimensional envelope; do not print",0.0027259313296720206,engineering/arm_a16/build/hardware01/step/A16-H-J7-cage-M3-5.step
A16-H-J7-cage-M3-5-washer,J7.fixed,hardware,"purchased steel, nominal dimensional envelope; do not print",0.00011541583090758181,engineering/arm_a16/build/hardware01/step/A16-H-J7-cage-M3-5-washer.step
A16-H-J7-cage-rear-washer-5,J7.fixed,hardware,"purchased steel, nominal dimensional envelope; do not print",0.0001154158309075818,engineering/arm_a16/build/hardware01/step/A16-H-J7-cage-rear-washer-5.step
A16-H-J7-cage-nut-5,J7.fixed,hardware,"purchased steel, nominal dimensional envelope; do not print",0.00036038442528511805,engineering/arm_a16/build/hardware01/step/A16-H-J7-cage-nut-5.step
A16-H-J7-cage-M3-6,J7.fixed,hardware,"purchased steel, nominal dimensional envelope; do not print",0.0027259313296720206,engineering/arm_a16/build/hardware01/step/A16-H-J7-cage-M3-6.step
A16-H-J7-cage-M3-6-washer,J7.fixed,hardware,"purchased steel, nominal dimensional envelope; do not print",0.00011541583090758183,engineering/arm_a16/build/hardware01/step/A16-H-J7-cage-M3-6-washer.step
A16-H-J7-cage-rear-washer-6,J7.fixed,hardware,"purchased steel, nominal dimensional envelope; do not print",0.00011541583090758184,engineering/arm_a16/build/hardware01/step/A16-H-J7-cage-rear-washer-6.step
A16-H-J7-cage-nut-6,J7.fixed,hardware,"purchased steel, nominal dimensional envelope; do not print",0.0003603844252851179,engineering/arm_a16/build/hardware01/step/A16-H-J7-cage-nut-6.step
A16-H-IF-core-dowel,J7.rotor,hardware,"purchased steel, nominal dimensional envelope; do not print",0.0003329302814641783,engineering/arm_a16/build/hardware01/step/A16-H-IF-core-dowel.step
A16-H-IF-core-M4-1,J7.rotor,hardware,"purchased steel, nominal dimensional envelope; do not print",0.0030895567584916478,engineering/arm_a16/build/hardware01/step/A16-H-IF-core-M4-1.step
A16-H-IF-core-M4-1-washer,J7.rotor,hardware,"purchased steel, nominal dimensional envelope; do not print",0.000286468011073177,engineering/arm_a16/build/hardware01/step/A16-H-IF-core-M4-1-washer.step
A16-H-IF-core-nut-1,J7.rotor,hardware,"purchased steel, nominal dimensional envelope; do not print",0.0007503061191774871,engineering/arm_a16/build/hardware01/step/A16-H-IF-core-nut-1.step
A16-H-IF-core-M4-2,J7.rotor,hardware,"purchased steel, nominal dimensional envelope; do not print",0.003089556758491647,engineering/arm_a16/build/hardware01/step/A16-H-IF-core-M4-2.step
A16-H-IF-core-M4-2-washer,J7.rotor,hardware,"purchased steel, nominal dimensional envelope; do not print",0.0002864680110731771,engineering/arm_a16/build/hardware01/step/A16-H-IF-core-M4-2-washer.step
A16-H-IF-core-nut-2,J7.rotor,hardware,"purchased steel, nominal dimensional envelope; do not print",0.0007503061191774872,engineering/arm_a16/build/hardware01/step/A16-H-IF-core-nut-2.step
A16-H-IF-core-M4-3,J7.rotor,hardware,"purchased steel, nominal dimensional envelope; do not print",0.0030895567584916465,engineering/arm_a16/build/hardware01/step/A16-H-IF-core-M4-3.step
A16-H-IF-core-M4-3-washer,J7.rotor,hardware,"purchased steel, nominal dimensional envelope; do not print",0.0002864680110731771,engineering/arm_a16/build/hardware01/step/A16-H-IF-core-M4-3-washer.step
A16-H-IF-core-nut-3,J7.rotor,hardware,"purchased steel, nominal dimensional envelope; do not print",0.0007503061191774874,engineering/arm_a16/build/hardware01/step/A16-H-IF-core-nut-3.step
A16-H-IF-roof-front-1,J7.rotor,hardware,"purchased steel, nominal dimensional envelope; do not print",0.0010612799223511291,engineering/arm_a16/build/hardware01/step/A16-H-IF-roof-front-1.step
A16-H-IF-roof-front-1-washer,J7.rotor,hardware,"purchased steel, nominal dimensional envelope; do not print",0.00011541583090758183,engineering/arm_a16/build/hardware01/step/A16-H-IF-roof-front-1-washer.step
A16-H-IF-roof-front-nut-1,J7.rotor,hardware,"purchased steel, nominal dimensional envelope; do not print",0.0003603844252851182,engineering/arm_a16/build/hardware01/step/A16-H-IF-roof-front-nut-1.step
A16-H-IF-roof-front-2,J7.rotor,hardware,"purchased steel, nominal dimensional envelope; do not print",0.0010612799223511291,engineering/arm_a16/build/hardware01/step/A16-H-IF-roof-front-2.step
A16-H-IF-roof-front-2-washer,J7.rotor,hardware,"purchased steel, nominal dimensional envelope; do not print",0.00011541583090758183,engineering/arm_a16/build/hardware01/step/A16-H-IF-roof-front-2-washer.step
A16-H-IF-roof-front-nut-2,J7.rotor,hardware,"purchased steel, nominal dimensional envelope; do not print",0.00036038442528511815,engineering/arm_a16/build/hardware01/step/A16-H-IF-roof-front-nut-2.step
A16-H-IF-roof-rear-1,J7.rotor,hardware,"purchased steel, nominal dimensional envelope; do not print",0.0008582071416850289,engineering/arm_a16/build/hardware01/step/A16-H-IF-roof-rear-1.step
A16-H-IF-roof-rear-1-washer,J7.rotor,hardware,"purchased steel, nominal dimensional envelope; do not print",0.00011541583090758184,engineering/arm_a16/build/hardware01/step/A16-H-IF-roof-rear-1-washer.step
A16-H-IF-roof-rear-nut-1,J7.rotor,hardware,"purchased steel, nominal dimensional envelope; do not print",0.00036038442528511745,engineering/arm_a16/build/hardware01/step/A16-H-IF-roof-rear-nut-1.step
A16-H-IF-roof-rear-2,J7.rotor,hardware,"purchased steel, nominal dimensional envelope; do not print",0.0008582071416850288,engineering/arm_a16/build/hardware01/step/A16-H-IF-roof-rear-2.step
A16-H-IF-roof-rear-2-washer,J7.rotor,hardware,"purchased steel, nominal dimensional envelope; do not print",0.00011541583090758185,engineering/arm_a16/build/hardware01/step/A16-H-IF-roof-rear-2-washer.step
A16-H-IF-roof-rear-nut-2,J7.rotor,hardware,"purchased steel, nominal dimensional envelope; do not print",0.00036038442528511756,engineering/arm_a16/build/hardware01/step/A16-H-IF-roof-rear-nut-2.step
A16-H-IF-panel-1,J7.rotor,hardware,"purchased steel, nominal dimensional envelope; do not print",0.0011722566828391886,engineering/arm_a16/build/hardware01/step/A16-H-IF-panel-1.step
A16-H-IF-panel-1-washer,J7.rotor,hardware,"purchased steel, nominal dimensional envelope; do not print",0.00011541583090758183,engineering/arm_a16/build/hardware01/step/A16-H-IF-panel-1-washer.step
A16-H-IF-panel-nut-1,J7.rotor,hardware,"purchased steel, nominal dimensional envelope; do not print",0.000360384425285118,engineering/arm_a16/build/hardware01/step/A16-H-IF-panel-nut-1.step
A16-H-IF-panel-2,J7.rotor,hardware,"purchased steel, nominal dimensional envelope; do not print",0.0011722566828391886,engineering/arm_a16/build/hardware01/step/A16-H-IF-panel-2.step
A16-H-IF-panel-2-washer,J7.rotor,hardware,"purchased steel, nominal dimensional envelope; do not print",0.00011541583090758183,engineering/arm_a16/build/hardware01/step/A16-H-IF-panel-2-washer.step
A16-H-IF-panel-nut-2,J7.rotor,hardware,"purchased steel, nominal dimensional envelope; do not print",0.000360384425285118,engineering/arm_a16/build/hardware01/step/A16-H-IF-panel-nut-2.step
A16-H-J7-6807-1,J7.fixed,hardware,"purchased steel, nominal dimensional envelope; do not print",0.04246710701343074,engineering/arm_a16/build/hardware01/step/A16-H-J7-6807-1.step
A16-H-J7-6807-2,J7.fixed,hardware,"purchased steel, nominal dimensional envelope; do not print",0.04246710701343074,engineering/arm_a16/build/hardware01/step/A16-H-J7-6807-2.step
A16-C03-root-front-holder,J1.fixed,printed_structure,PETG supported dimensional fit,0.07291541971982282,engineering/arm_a16/build/root-cover03/step/A16-C03-root-front-holder.step
A16-C03-H-M3-1,J1.fixed,hardware,"purchased steel, nominal dimensional envelope; do not print",0.0013942102038153076,engineering/arm_a16/build/root-cover03/step/A16-C03-H-M3-1.step
A16-C03-H-M3-1-washer,J1.fixed,hardware,"purchased steel, nominal dimensional envelope; do not print",0.00011948497879214398,engineering/arm_a16/build/root-cover03/step/A16-C03-H-M3-1-washer.step
A16-C03-H-tab-spacer-1,J1.fixed,hardware,"purchased steel, nominal dimensional envelope; do not print",0.00011948497879214398,engineering/arm_a16/build/root-cover03/step/A16-C03-H-tab-spacer-1.step
A16-C03-H-nut-1,J1.fixed,hardware,"purchased steel, nominal dimensional envelope; do not print",0.00036038442528511767,engineering/arm_a16/build/root-cover03/step/A16-C03-H-nut-1.step
A16-C03-H-M3-2,J1.fixed,hardware,"purchased steel, nominal dimensional envelope; do not print",0.0013942102038153076,engineering/arm_a16/build/root-cover03/step/A16-C03-H-M3-2.step
A16-C03-H-M3-2-washer,J1.fixed,hardware,"purchased steel, nominal dimensional envelope; do not print",0.00011948497879214398,engineering/arm_a16/build/root-cover03/step/A16-C03-H-M3-2-washer.step
A16-C03-H-tab-spacer-2,J1.fixed,hardware,"purchased steel, nominal dimensional envelope; do not print",0.00011948497879214398,engineering/arm_a16/build/root-cover03/step/A16-C03-H-tab-spacer-2.step
A16-C03-H-nut-2,J1.fixed,hardware,"purchased steel, nominal dimensional envelope; do not print",0.00036038442528511767,engineering/arm_a16/build/root-cover03/step/A16-C03-H-nut-2.step
A16-C03-H-M3-3,J1.fixed,hardware,"purchased steel, nominal dimensional envelope; do not print",0.0013942102038153076,engineering/arm_a16/build/root-cover03/step/A16-C03-H-M3-3.step
A16-C03-H-M3-3-washer,J1.fixed,hardware,"purchased steel, nominal dimensional envelope; do not print",0.00011948497879214398,engineering/arm_a16/build/root-cover03/step/A16-C03-H-M3-3-washer.step
A16-C03-H-tab-spacer-3,J1.fixed,hardware,"purchased steel, nominal dimensional envelope; do not print",0.00011948497879214398,engineering/arm_a16/build/root-cover03/step/A16-C03-H-tab-spacer-3.step
A16-C03-H-nut-3,J1.fixed,hardware,"purchased steel, nominal dimensional envelope; do not print",0.0003603844252851176,engineering/arm_a16/build/root-cover03/step/A16-C03-H-nut-3.step
A16-C03-H-M3-4,J1.fixed,hardware,"purchased steel, nominal dimensional envelope; do not print",0.0013942102038153076,engineering/arm_a16/build/root-cover03/step/A16-C03-H-M3-4.step
A16-C03-H-M3-4-washer,J1.fixed,hardware,"purchased steel, nominal dimensional envelope; do not print",0.00011948497879214398,engineering/arm_a16/build/root-cover03/step/A16-C03-H-M3-4-washer.step
A16-C03-H-tab-spacer-4,J1.fixed,hardware,"purchased steel, nominal dimensional envelope; do not print",0.00011948497879214398,engineering/arm_a16/build/root-cover03/step/A16-C03-H-tab-spacer-4.step
A16-C03-H-nut-4,J1.fixed,hardware,"purchased steel, nominal dimensional envelope; do not print",0.0003603844252851176,engineering/arm_a16/build/root-cover03/step/A16-C03-H-nut-4.step
A16-C04-H-J2-1,J1.rotor,hardware,"purchased steel, nominal dimensional envelope; do not print",0.0013942102038153072,engineering/arm_a16/build/cowls04/step/A16-C04-H-J2-1.step
A16-C04-H-J2-1-washer,J1.rotor,hardware,"purchased steel, nominal dimensional envelope; do not print",0.00011948497879214398,engineering/arm_a16/build/cowls04/step/A16-C04-H-J2-1-washer.step
A16-C04-H-J2-spacer-1,J1.rotor,hardware,"purchased steel, nominal dimensional envelope; do not print",0.00011948497879214398,engineering/arm_a16/build/cowls04/step/A16-C04-H-J2-spacer-1.step
A16-C04-H-J2-nut-1,J1.rotor,hardware,"purchased steel, nominal dimensional envelope; do not print",0.0003603844252851179,engineering/arm_a16/build/cowls04/step/A16-C04-H-J2-nut-1.step
A16-C04-H-J2-2,J1.rotor,hardware,"purchased steel, nominal dimensional envelope; do not print",0.0013942102038153072,engineering/arm_a16/build/cowls04/step/A16-C04-H-J2-2.step
A16-C04-H-J2-2-washer,J1.rotor,hardware,"purchased steel, nominal dimensional envelope; do not print",0.00011948497879214398,engineering/arm_a16/build/cowls04/step/A16-C04-H-J2-2-washer.step
A16-C04-H-J2-spacer-2,J1.rotor,hardware,"purchased steel, nominal dimensional envelope; do not print",0.00011948497879214398,engineering/arm_a16/build/cowls04/step/A16-C04-H-J2-spacer-2.step
A16-C04-H-J2-nut-2,J1.rotor,hardware,"purchased steel, nominal dimensional envelope; do not print",0.0003603844252851179,engineering/arm_a16/build/cowls04/step/A16-C04-H-J2-nut-2.step
A16-C04-H-J2-3,J1.rotor,hardware,"purchased steel, nominal dimensional envelope; do not print",0.0013942102038153074,engineering/arm_a16/build/cowls04/step/A16-C04-H-J2-3.step
A16-C04-H-J2-3-washer,J1.rotor,hardware,"purchased steel, nominal dimensional envelope; do not print",0.0001194849787921439,engineering/arm_a16/build/cowls04/step/A16-C04-H-J2-3-washer.step
A16-C04-H-J2-spacer-3,J1.rotor,hardware,"purchased steel, nominal dimensional envelope; do not print",0.00011948497879214392,engineering/arm_a16/build/cowls04/step/A16-C04-H-J2-spacer-3.step
A16-C04-H-J2-nut-3,J1.rotor,hardware,"purchased steel, nominal dimensional envelope; do not print",0.00036038442528511783,engineering/arm_a16/build/cowls04/step/A16-C04-H-J2-nut-3.step
A16-C04-H-J2-4,J1.rotor,hardware,"purchased steel, nominal dimensional envelope; do not print",0.0013942102038153076,engineering/arm_a16/build/cowls04/step/A16-C04-H-J2-4.step
A16-C04-H-J2-4-washer,J1.rotor,hardware,"purchased steel, nominal dimensional envelope; do not print",0.0001194849787921439,engineering/arm_a16/build/cowls04/step/A16-C04-H-J2-4-washer.step
A16-C04-H-J2-spacer-4,J1.rotor,hardware,"purchased steel, nominal dimensional envelope; do not print",0.00011948497879214392,engineering/arm_a16/build/cowls04/step/A16-C04-H-J2-spacer-4.step
A16-C04-H-J2-nut-4,J1.rotor,hardware,"purchased steel, nominal dimensional envelope; do not print",0.0003603844252851177,engineering/arm_a16/build/cowls04/step/A16-C04-H-J2-nut-4.step
A16-C04-J3-mount-plate,J2.rotor,printed_structure,PETG supported fit,0.13753787702871206,engineering/arm_a16/build/cowls04/step/A16-C04-J3-mount-plate.step
A16-C04-H-J3-1,J2.rotor,hardware,"purchased steel, nominal dimensional envelope; do not print",0.0013942102038153074,engineering/arm_a16/build/cowls04/step/A16-C04-H-J3-1.step
A16-C04-H-J3-1-washer,J2.rotor,hardware,"purchased steel, nominal dimensional envelope; do not print",0.00011948497879214394,engineering/arm_a16/build/cowls04/step/A16-C04-H-J3-1-washer.step
A16-C04-H-J3-spacer-1,J2.rotor,hardware,"purchased steel, nominal dimensional envelope; do not print",0.00011948497879214394,engineering/arm_a16/build/cowls04/step/A16-C04-H-J3-spacer-1.step
A16-C04-H-J3-nut-1,J2.rotor,hardware,"purchased steel, nominal dimensional envelope; do not print",0.0003603844252851179,engineering/arm_a16/build/cowls04/step/A16-C04-H-J3-nut-1.step
A16-C04-H-J3-2,J2.rotor,hardware,"purchased steel, nominal dimensional envelope; do not print",0.0013942102038153083,engineering/arm_a16/build/cowls04/step/A16-C04-H-J3-2.step
A16-C04-H-J3-2-washer,J2.rotor,hardware,"purchased steel, nominal dimensional envelope; do not print",0.00011948497879214394,engineering/arm_a16/build/cowls04/step/A16-C04-H-J3-2-washer.step
A16-C04-H-J3-spacer-2,J2.rotor,hardware,"purchased steel, nominal dimensional envelope; do not print",0.00011948497879214394,engineering/arm_a16/build/cowls04/step/A16-C04-H-J3-spacer-2.step
A16-C04-H-J3-nut-2,J2.rotor,hardware,"purchased steel, nominal dimensional envelope; do not print",0.00036038442528511767,engineering/arm_a16/build/cowls04/step/A16-C04-H-J3-nut-2.step
A16-C04-H-J3-3,J2.rotor,hardware,"purchased steel, nominal dimensional envelope; do not print",0.0013942102038153083,engineering/arm_a16/build/cowls04/step/A16-C04-H-J3-3.step
A16-C04-H-J3-3-washer,J2.rotor,hardware,"purchased steel, nominal dimensional envelope; do not print",0.00011948497879214394,engineering/arm_a16/build/cowls04/step/A16-C04-H-J3-3-washer.step
A16-C04-H-J3-spacer-3,J2.rotor,hardware,"purchased steel, nominal dimensional envelope; do not print",0.00011948497879214394,engineering/arm_a16/build/cowls04/step/A16-C04-H-J3-spacer-3.step
A16-C04-H-J3-nut-3,J2.rotor,hardware,"purchased steel, nominal dimensional envelope; do not print",0.00036038442528511767,engineering/arm_a16/build/cowls04/step/A16-C04-H-J3-nut-3.step
A16-C04-H-J3-4,J2.rotor,hardware,"purchased steel, nominal dimensional envelope; do not print",0.0013942102038153076,engineering/arm_a16/build/cowls04/step/A16-C04-H-J3-4.step
A16-C04-H-J3-4-washer,J2.rotor,hardware,"purchased steel, nominal dimensional envelope; do not print",0.00011948497879214394,engineering/arm_a16/build/cowls04/step/A16-C04-H-J3-4-washer.step
A16-C04-H-J3-spacer-4,J2.rotor,hardware,"purchased steel, nominal dimensional envelope; do not print",0.00011948497879214394,engineering/arm_a16/build/cowls04/step/A16-C04-H-J3-spacer-4.step
A16-C04-H-J3-nut-4,J2.rotor,hardware,"purchased steel, nominal dimensional envelope; do not print",0.0003603844252851179,engineering/arm_a16/build/cowls04/step/A16-C04-H-J3-nut-4.step
A16-C04-J4-mount-plate,J3.rotor,printed_structure,PETG supported fit,0.15617093998501344,engineering/arm_a16/build/cowls04/step/A16-C04-J4-mount-plate.step
A16-C04-H-J4-1,J3.rotor,hardware,"purchased steel, nominal dimensional envelope; do not print",0.0013942102038153068,engineering/arm_a16/build/cowls04/step/A16-C04-H-J4-1.step
A16-C04-H-J4-1-washer,J3.rotor,hardware,"purchased steel, nominal dimensional envelope; do not print",0.00011948497879214366,engineering/arm_a16/build/cowls04/step/A16-C04-H-J4-1-washer.step
A16-C04-H-J4-spacer-1,J3.rotor,hardware,"purchased steel, nominal dimensional envelope; do not print",0.00011948497879214366,engineering/arm_a16/build/cowls04/step/A16-C04-H-J4-spacer-1.step
A16-C04-H-J4-nut-1,J3.rotor,hardware,"purchased steel, nominal dimensional envelope; do not print",0.00036038442528511805,engineering/arm_a16/build/cowls04/step/A16-C04-H-J4-nut-1.step
A16-C04-H-J4-2,J3.rotor,hardware,"purchased steel, nominal dimensional envelope; do not print",0.001394210203815307,engineering/arm_a16/build/cowls04/step/A16-C04-H-J4-2.step
A16-C04-H-J4-2-washer,J3.rotor,hardware,"purchased steel, nominal dimensional envelope; do not print",0.00011948497879214366,engineering/arm_a16/build/cowls04/step/A16-C04-H-J4-2-washer.step
A16-C04-H-J4-spacer-2,J3.rotor,hardware,"purchased steel, nominal dimensional envelope; do not print",0.00011948497879214366,engineering/arm_a16/build/cowls04/step/A16-C04-H-J4-spacer-2.step
A16-C04-H-J4-nut-2,J3.rotor,hardware,"purchased steel, nominal dimensional envelope; do not print",0.000360384425285118,engineering/arm_a16/build/cowls04/step/A16-C04-H-J4-nut-2.step
A16-C04-H-J4-3,J3.rotor,hardware,"purchased steel, nominal dimensional envelope; do not print",0.0013942102038153068,engineering/arm_a16/build/cowls04/step/A16-C04-H-J4-3.step
A16-C04-H-J4-3-washer,J3.rotor,hardware,"purchased steel, nominal dimensional envelope; do not print",0.00011948497879214369,engineering/arm_a16/build/cowls04/step/A16-C04-H-J4-3-washer.step
A16-C04-H-J4-spacer-3,J3.rotor,hardware,"purchased steel, nominal dimensional envelope; do not print",0.00011948497879214369,engineering/arm_a16/build/cowls04/step/A16-C04-H-J4-spacer-3.step
A16-C04-H-J4-nut-3,J3.rotor,hardware,"purchased steel, nominal dimensional envelope; do not print",0.00036038442528511805,engineering/arm_a16/build/cowls04/step/A16-C04-H-J4-nut-3.step
A16-C04-H-J4-4,J3.rotor,hardware,"purchased steel, nominal dimensional envelope; do not print",0.0013942102038153068,engineering/arm_a16/build/cowls04/step/A16-C04-H-J4-4.step
A16-C04-H-J4-4-washer,J3.rotor,hardware,"purchased steel, nominal dimensional envelope; do not print",0.0001194849787921438,engineering/arm_a16/build/cowls04/step/A16-C04-H-J4-4-washer.step
A16-C04-H-J4-spacer-4,J3.rotor,hardware,"purchased steel, nominal dimensional envelope; do not print",0.0001194849787921438,engineering/arm_a16/build/cowls04/step/A16-C04-H-J4-spacer-4.step
A16-C04-H-J4-nut-4,J3.rotor,hardware,"purchased steel, nominal dimensional envelope; do not print",0.000360384425285118,engineering/arm_a16/build/cowls04/step/A16-C04-H-J4-nut-4.step
A16-C05-J7-bearing-housing,J7.fixed,printed_structure,PETG supported fit,0.08406528437895307,engineering/arm_a16/build/wrist05/step/A16-C05-J7-bearing-housing.step
A16-C05-H-J7-1-1,J7.fixed,hardware,"purchased steel, nominal dimensional envelope; do not print",0.0011722566828391886,engineering/arm_a16/build/wrist05/step/A16-C05-H-J7-1-1.step
A16-C05-H-J7-1-1-washer,J7.fixed,hardware,"purchased steel, nominal dimensional envelope; do not print",0.00011948497879214398,engineering/arm_a16/build/wrist05/step/A16-C05-H-J7-1-1-washer.step
A16-C05-H-J7-insert-1-1,J7.fixed,hardware,"Purchased lead-free brass heat-set RX-M3x5.7 /RX-M3Sx4.0; nominal envelope, not knurl detail",0.0003247150166750405,engineering/arm_a16/build/wrist05/step/A16-C05-H-J7-insert-1-1.step
A16-C05-H-J7-1-2,J7.fixed,hardware,"purchased steel, nominal dimensional envelope; do not print",0.0011722566828391886,engineering/arm_a16/build/wrist05/step/A16-C05-H-J7-1-2.step
A16-C05-H-J7-1-2-washer,J7.fixed,hardware,"purchased steel, nominal dimensional envelope; do not print",0.00011948497879214402,engineering/arm_a16/build/wrist05/step/A16-C05-H-J7-1-2-washer.step
A16-C05-H-J7-insert-1-2,J7.fixed,hardware,"Purchased lead-free brass heat-set RX-M3x5.7 /RX-M3Sx4.0; nominal envelope, not knurl detail",0.0003247150166750405,engineering/arm_a16/build/wrist05/step/A16-C05-H-J7-insert-1-2.step
A16-C05-H-J7-2-1,J7.fixed,hardware,"purchased steel, nominal dimensional envelope; do not print",0.0010612799223511293,engineering/arm_a16/build/wrist05/step/A16-C05-H-J7-2-1.step
A16-C05-H-J7-2-1-washer,J7.fixed,hardware,"purchased steel, nominal dimensional envelope; do not print",0.00011948497879214398,engineering/arm_a16/build/wrist05/step/A16-C05-H-J7-2-1-washer.step
A16-C05-H-J7-insert-2-1,J7.fixed,hardware,"Purchased lead-free brass heat-set RX-M3x5.7 /RX-M3Sx4.0; nominal envelope, not knurl detail",0.0003247150166750406,engineering/arm_a16/build/wrist05/step/A16-C05-H-J7-insert-2-1.step
A16-C05-H-J7-2-2,J7.fixed,hardware,"purchased steel, nominal dimensional envelope; do not print",0.0010612799223511293,engineering/arm_a16/build/wrist05/step/A16-C05-H-J7-2-2.step
A16-C05-H-J7-2-2-washer,J7.fixed,hardware,"purchased steel, nominal dimensional envelope; do not print",0.00011948497879214402,engineering/arm_a16/build/wrist05/step/A16-C05-H-J7-2-2-washer.step
A16-C05-H-J7-insert-2-2,J7.fixed,hardware,"Purchased lead-free brass heat-set RX-M3x5.7 /RX-M3Sx4.0; nominal envelope, not knurl detail",0.0003247150166750406,engineering/arm_a16/build/wrist05/step/A16-C05-H-J7-insert-2-2.step
A16-C06-upper-saddle-115-dorsal,J3.rotor,printed_structure,PETG supported fit,0.0026060514705951296,engineering/arm_a16/build/skins06/step/A16-C06-upper-saddle-115-dorsal.step
A16-C06-H-upper-115-dorsal,J3.rotor,hardware,"purchased steel, nominal dimensional envelope; do not print",0.0009503031618630696,engineering/arm_a16/build/skins06/step/A16-C06-H-upper-115-dorsal.step
A16-C06-H-upper-115-dorsal-washer,J3.rotor,hardware,"purchased steel, nominal dimensional envelope; do not print",0.00011948497879214413,engineering/arm_a16/build/skins06/step/A16-C06-H-upper-115-dorsal-washer.step
A16-C06-H-upper-insert-115-dorsal,J3.rotor,hardware,"Purchased lead-free brass heat-set RX-M3x5.7 /RX-M3Sx4.0; nominal envelope, not knurl detail",0.0003247150166750405,engineering/arm_a16/build/skins06/step/A16-C06-H-upper-insert-115-dorsal.step
A16-C06-upper-saddle-115-ventral,J3.rotor,printed_structure,PETG supported fit,0.002626980008780126,engineering/arm_a16/build/skins06/step/A16-C06-upper-saddle-115-ventral.step
A16-C06-H-upper-115-ventral,J3.rotor,hardware,"purchased steel, nominal dimensional envelope; do not print",0.0009503031618630695,engineering/arm_a16/build/skins06/step/A16-C06-H-upper-115-ventral.step
A16-C06-H-upper-115-ventral-washer,J3.rotor,hardware,"purchased steel, nominal dimensional envelope; do not print",0.00011948497879214413,engineering/arm_a16/build/skins06/step/A16-C06-H-upper-115-ventral-washer.step
A16-C06-H-upper-insert-115-ventral,J3.rotor,hardware,"Purchased lead-free brass heat-set RX-M3x5.7 /RX-M3Sx4.0; nominal envelope, not knurl detail",0.0003247150166750405,engineering/arm_a16/build/skins06/step/A16-C06-H-upper-insert-115-ventral.step
A16-C06-H-saddle-115-1,J3.rotor,hardware,"purchased steel, nominal dimensional envelope; do not print",0.0016161637247914258,engineering/arm_a16/build/skins06/step/A16-C06-H-saddle-115-1.step
A16-C06-H-saddle-115-1-washer,J3.rotor,hardware,"purchased steel, nominal dimensional envelope; do not print",0.00011948497879214413,engineering/arm_a16/build/skins06/step/A16-C06-H-saddle-115-1-washer.step
A16-C06-H-saddle-nut-115-1,J3.rotor,hardware,"purchased steel, nominal dimensional envelope; do not print",0.00036038442528511767,engineering/arm_a16/build/skins06/step/A16-C06-H-saddle-nut-115-1.step
A16-C06-H-saddle-115-2,J3.rotor,hardware,"purchased steel, nominal dimensional envelope; do not print",0.001616163724791426,engineering/arm_a16/build/skins06/step/A16-C06-H-saddle-115-2.step
A16-C06-H-saddle-115-2-washer,J3.rotor,hardware,"purchased steel, nominal dimensional envelope; do not print",0.00011948497879214412,engineering/arm_a16/build/skins06/step/A16-C06-H-saddle-115-2-washer.step
A16-C06-H-saddle-nut-115-2,J3.rotor,hardware,"purchased steel, nominal dimensional envelope; do not print",0.0003603844252851176,engineering/arm_a16/build/skins06/step/A16-C06-H-saddle-nut-115-2.step
A16-C06-upper-saddle-200-dorsal,J3.rotor,printed_structure,PETG supported fit,0.002571768427797751,engineering/arm_a16/build/skins06/step/A16-C06-upper-saddle-200-dorsal.step
A16-C06-H-upper-200-dorsal,J3.rotor,hardware,"purchased steel, nominal dimensional envelope; do not print",0.0009503031618630694,engineering/arm_a16/build/skins06/step/A16-C06-H-upper-200-dorsal.step
A16-C06-H-upper-200-dorsal-washer,J3.rotor,hardware,"purchased steel, nominal dimensional envelope; do not print",0.00011948497879214412,engineering/arm_a16/build/skins06/step/A16-C06-H-upper-200-dorsal-washer.step
A16-C06-H-upper-insert-200-dorsal,J3.rotor,hardware,"Purchased lead-free brass heat-set RX-M3x5.7 /RX-M3Sx4.0; nominal envelope, not knurl detail",0.0003247150166750428,engineering/arm_a16/build/skins06/step/A16-C06-H-upper-insert-200-dorsal.step
A16-C06-upper-saddle-200-ventral,J3.rotor,printed_structure,PETG supported fit,0.002594566950135462,engineering/arm_a16/build/skins06/step/A16-C06-upper-saddle-200-ventral.step
A16-C06-H-upper-200-ventral,J3.rotor,hardware,"purchased steel, nominal dimensional envelope; do not print",0.0009503031618630696,engineering/arm_a16/build/skins06/step/A16-C06-H-upper-200-ventral.step
A16-C06-H-upper-200-ventral-washer,J3.rotor,hardware,"purchased steel, nominal dimensional envelope; do not print",0.0001194849787921441,engineering/arm_a16/build/skins06/step/A16-C06-H-upper-200-ventral-washer.step
A16-C06-H-upper-insert-200-ventral,J3.rotor,hardware,"Purchased lead-free brass heat-set RX-M3x5.7 /RX-M3Sx4.0; nominal envelope, not knurl detail",0.00032471501667504285,engineering/arm_a16/build/skins06/step/A16-C06-H-upper-insert-200-ventral.step
A16-C06-H-saddle-200-1,J3.rotor,hardware,"purchased steel, nominal dimensional envelope; do not print",0.0016161637247914253,engineering/arm_a16/build/skins06/step/A16-C06-H-saddle-200-1.step
A16-C06-H-saddle-200-1-washer,J3.rotor,hardware,"purchased steel, nominal dimensional envelope; do not print",0.0001194849787921441,engineering/arm_a16/build/skins06/step/A16-C06-H-saddle-200-1-washer.step
A16-C06-H-saddle-nut-200-1,J3.rotor,hardware,"purchased steel, nominal dimensional envelope; do not print",0.0003603844252851176,engineering/arm_a16/build/skins06/step/A16-C06-H-saddle-nut-200-1.step
A16-C06-H-saddle-200-2,J3.rotor,hardware,"purchased steel, nominal dimensional envelope; do not print",0.0016161637247914251,engineering/arm_a16/build/skins06/step/A16-C06-H-saddle-200-2.step
A16-C06-H-saddle-200-2-washer,J3.rotor,hardware,"purchased steel, nominal dimensional envelope; do not print",0.0001194849787921441,engineering/arm_a16/build/skins06/step/A16-C06-H-saddle-200-2-washer.step
A16-C06-H-saddle-nut-200-2,J3.rotor,hardware,"purchased steel, nominal dimensional envelope; do not print",0.0003603844252851176,engineering/arm_a16/build/skins06/step/A16-C06-H-saddle-nut-200-2.step
A16-C06-H-fore-85-dorsal,J4.rotor,hardware,"purchased steel, nominal dimensional envelope; do not print",0.0011722566828391888,engineering/arm_a16/build/skins06/step/A16-C06-H-fore-85-dorsal.step
A16-C06-H-fore-85-dorsal-washer,J4.rotor,hardware,"purchased steel, nominal dimensional envelope; do not print",0.00011948497879214409,engineering/arm_a16/build/skins06/step/A16-C06-H-fore-85-dorsal-washer.step
A16-C06-H-fore-insert-85-dorsal,J4.rotor,hardware,"Purchased lead-free brass heat-set RX-M3x5.7 /RX-M3Sx4.0; nominal envelope, not knurl detail",0.0004627188987619327,engineering/arm_a16/build/skins06/step/A16-C06-H-fore-insert-85-dorsal.step
A16-C06-H-fore-85-ventral,J4.rotor,hardware,"purchased steel, nominal dimensional envelope; do not print",0.0011722566828391886,engineering/arm_a16/build/skins06/step/A16-C06-H-fore-85-ventral.step
A16-C06-H-fore-85-ventral-washer,J4.rotor,hardware,"purchased steel, nominal dimensional envelope; do not print",0.00011948497879214408,engineering/arm_a16/build/skins06/step/A16-C06-H-fore-85-ventral-washer.step
A16-C06-H-fore-insert-85-ventral,J4.rotor,hardware,"Purchased lead-free brass heat-set RX-M3x5.7 /RX-M3Sx4.0; nominal envelope, not knurl detail",0.0004627188987619327,engineering/arm_a16/build/skins06/step/A16-C06-H-fore-insert-85-ventral.step
A16-C06-H-fore-95-dorsal,J4.rotor,hardware,"purchased steel, nominal dimensional envelope; do not print",0.0011722566828391888,engineering/arm_a16/build/skins06/step/A16-C06-H-fore-95-dorsal.step
A16-C06-H-fore-95-dorsal-washer,J4.rotor,hardware,"purchased steel, nominal dimensional envelope; do not print",0.00011948497879214408,engineering/arm_a16/build/skins06/step/A16-C06-H-fore-95-dorsal-washer.step
A16-C06-H-fore-insert-95-dorsal,J4.rotor,hardware,"Purchased lead-free brass heat-set RX-M3x5.7 /RX-M3Sx4.0; nominal envelope, not knurl detail",0.0004627188987619327,engineering/arm_a16/build/skins06/step/A16-C06-H-fore-insert-95-dorsal.step
A16-C06-H-fore-95-ventral,J4.rotor,hardware,"purchased steel, nominal dimensional envelope; do not print",0.0011722566828391884,engineering/arm_a16/build/skins06/step/A16-C06-H-fore-95-ventral.step
A16-C06-H-fore-95-ventral-washer,J4.rotor,hardware,"purchased steel, nominal dimensional envelope; do not print",0.00011948497879214408,engineering/arm_a16/build/skins06/step/A16-C06-H-fore-95-ventral-washer.step
A16-C06-H-fore-insert-95-ventral,J4.rotor,hardware,"Purchased lead-free brass heat-set RX-M3x5.7 /RX-M3Sx4.0; nominal envelope, not knurl detail",0.0004627188987619328,engineering/arm_a16/build/skins06/step/A16-C06-H-fore-insert-95-ventral.step
A17-C03-root-cowl-a,J1.fixed,printed_cover,PETG supported fit,0.09615184862804382,engineering/arm_a17/build/style01/step/A17-C03-root-cowl-a.step
A17-C03-root-cowl-b,J1.fixed,printed_cover,PETG supported fit,0.0950945042115865,engineering/arm_a17/build/style01/step/A17-C03-root-cowl-b.step
A17-C04-J2-cowl-a,J2.fixed,printed_cover,PETG supported fit,0.08217914205923729,engineering/arm_a17/build/style01/step/A17-C04-J2-cowl-a.step
A17-C05-J6-cowl-a,J6.fixed,printed_cover,PETG supported fit,0.03522254168396559,engineering/arm_a17/build/style01/step/A17-C05-J6-cowl-a.step
A17-C05-J6-cowl-b,J6.fixed,printed_cover,PETG supported fit,0.03372205089275119,engineering/arm_a17/build/style01/step/A17-C05-J6-cowl-b.step
A17-C05-J7-cowl-a,J7.fixed,printed_cover,PETG supported fit,0.05051136812913255,engineering/arm_a17/build/style01/step/A17-C05-J7-cowl-a.step
A17-C05-J7-cowl-b,J7.fixed,printed_cover,PETG supported fit,0.040067179624313165,engineering/arm_a17/build/style01/step/A17-C05-J7-cowl-b.step
A17-C06-upper-dorsal,J3.rotor,printed_cover,PETG supported fit,0.07898528523326302,engineering/arm_a17/build/style01/step/A17-C06-upper-dorsal.step
A17-C06-upper-ventral,J3.rotor,printed_cover,PETG supported fit,0.07799513686065782,engineering/arm_a17/build/style01/step/A17-C06-upper-ventral.step
A18-IF09-101-contact-insert,J7.rotor,printed_structure,PETG/PA12 supported unpowered fit only,0.006332154372167997,engineering/arm_a18/build/contacts09/step/A18-IF09-101-contact-insert.step
A18-IF09-201-arm-board,J7.rotor,PCB_geometry_only,Finished board1.6mm assumption; no routing/Gerbers or fabrication release,0.0017362378711691987,engineering/arm_a18/build/contacts09/step/A18-IF09-201-arm-board.step
A18-IF09-pad-01,J7.rotor,contact_pad_envelope,"Nominal plated pad, not a PCB stackup qualification",2.2167077763728865e-06,engineering/arm_a18/build/contacts09/step/A18-IF09-pad-01.step
A18-IF09-pad-02,J7.rotor,contact_pad_envelope,"Nominal plated pad, not a PCB stackup qualification",2.2167077763728865e-06,engineering/arm_a18/build/contacts09/step/A18-IF09-pad-02.step
A18-IF09-pad-03,J7.rotor,contact_pad_envelope,"Nominal plated pad, not a PCB stackup qualification",2.2167077763728865e-06,engineering/arm_a18/build/contacts09/step/A18-IF09-pad-03.step
A18-IF09-pad-04,J7.rotor,contact_pad_envelope,"Nominal plated pad, not a PCB stackup qualification",2.2167077763728865e-06,engineering/arm_a18/build/contacts09/step/A18-IF09-pad-04.step
A18-IF09-pad-05,J7.rotor,contact_pad_envelope,"Nominal plated pad, not a PCB stackup qualification",2.2167077763728865e-06,engineering/arm_a18/build/contacts09/step/A18-IF09-pad-05.step
A18-IF09-pad-06,J7.rotor,contact_pad_envelope,"Nominal plated pad, not a PCB stackup qualification",2.2167077763728865e-06,engineering/arm_a18/build/contacts09/step/A18-IF09-pad-06.step
A18-IF09-pad-07,J7.rotor,contact_pad_envelope,"Nominal plated pad, not a PCB stackup qualification",2.2167077763728865e-06,engineering/arm_a18/build/contacts09/step/A18-IF09-pad-07.step
A18-IF09-pad-08,J7.rotor,contact_pad_envelope,"Nominal plated pad, not a PCB stackup qualification",2.2167077763728865e-06,engineering/arm_a18/build/contacts09/step/A18-IF09-pad-08.step
A18-IF09-pad-09,J7.rotor,contact_pad_envelope,"Nominal plated pad, not a PCB stackup qualification",2.2167077763728865e-06,engineering/arm_a18/build/contacts09/step/A18-IF09-pad-09.step
A18-IF09-pad-10,J7.rotor,contact_pad_envelope,"Nominal plated pad, not a PCB stackup qualification",2.2167077763728865e-06,engineering/arm_a18/build/contacts09/step/A18-IF09-pad-10.step
A18-IF09-arm-M2_5x6-0,J7.rotor,hardware,"Purchased ISO4762 nominal M2.5x6, verify actual head",0.0005052532464724273,engineering/arm_a18/build/contacts09/step/A18-IF09-arm-M2_5x6-0.step
A18-IF09-arm-nut-0,J7.rotor,hardware,Purchased M2.5 AF5 th2 nominal; sample fit required,0.0002500237949900639,engineering/arm_a18/build/contacts09/step/A18-IF09-arm-nut-0.step
A18-IF09-arm-M2_5x6-1,J7.rotor,hardware,"Purchased ISO4762 nominal M2.5x6, verify actual head",0.0005052532464724273,engineering/arm_a18/build/contacts09/step/A18-IF09-arm-M2_5x6-1.step
A18-IF09-arm-nut-1,J7.rotor,hardware,Purchased M2.5 AF5 th2 nominal; sample fit required,0.00025002379499006384,engineering/arm_a18/build/contacts09/step/A18-IF09-arm-nut-1.step
A18-C04-J3-cowl-a,J3.fixed,printed_cover,PETG/PA12 supported unpowered fit,0.09669385286479659,engineering/arm_a18/build/front-cowls10/step/A18-C04-J3-cowl-a.step
A18-C04-J3-cowl-b,J3.fixed,printed_cover,PETG/PA12 supported unpowered fit,0.08991961765042289,engineering/arm_a18/build/front-cowls10/step/A18-C04-J3-cowl-b.step
A18-C04-J4-cowl-a,J3.rotor,printed_cover,PETG/PA12 supported unpowered fit,0.10450977601368412,engineering/arm_a18/build/front-cowls10/step/A18-C04-J4-cowl-a.step
A18-C04-J4-cowl-b,J3.rotor,printed_cover,PETG/PA12 supported unpowered fit,0.1026131918094616,engineering/arm_a18/build/front-cowls10/step/A18-C04-J4-cowl-b.step
A19-S22-shoulder-foot-12mm-R6,J1.rotor,printed_structure,,0.27395055046288824,engineering/arm_a19/build/root22/A19-S22-shoulder-foot-12mm-R6.step
A19-C22-J2-cowl-b,J2.fixed,printed_cover,,0.07652771828978601,engineering/arm_a19/build/root22/A19-C22-J2-cowl-b.step
A19-S19-fore-spine-RS03-ring,J4.rotor,printed_structure,PETG/PA12 supported fit,0.1263345305537848,engineering/arm_a19/build/wrist-core19/step/A19-S19-fore-spine-RS03-ring.step
A19-S19-RS03-to-J6-L,J5.rotor,printed_structure,PETG/PA12 supported fit,0.07399420126012253,engineering/arm_a19/build/wrist-core19/step/A19-S19-RS03-to-J6-L.step
A19-H19-J5-fixed-1,J5.fixed,hardware,purchased steel nominal envelope,0.0024976807025553303,engineering/arm_a19/build/wrist-core19/step/A19-H19-J5-fixed-1.step
A19-H19-J5-fixed-1-washer,J5.fixed,hardware,purchased steel nominal envelope,0.0003040270007326211,engineering/arm_a19/build/wrist-core19/step/A19-H19-J5-fixed-1-washer.step
A19-H19-J5-fixed-2,J5.fixed,hardware,purchased steel nominal envelope,0.0024976807025553303,engineering/arm_a19/build/wrist-core19/step/A19-H19-J5-fixed-2.step
A19-H19-J5-fixed-2-washer,J5.fixed,hardware,purchased steel nominal envelope,0.0003040270007326211,engineering/arm_a19/build/wrist-core19/step/A19-H19-J5-fixed-2-washer.step
A19-H19-J5-fixed-3,J5.fixed,hardware,purchased steel nominal envelope,0.002497680702555331,engineering/arm_a19/build/wrist-core19/step/A19-H19-J5-fixed-3.step
A19-H19-J5-fixed-3-washer,J5.fixed,hardware,purchased steel nominal envelope,0.00030402700073262133,engineering/arm_a19/build/wrist-core19/step/A19-H19-J5-fixed-3-washer.step
A19-H19-J5-fixed-4,J5.fixed,hardware,purchased steel nominal envelope,0.002497680702555331,engineering/arm_a19/build/wrist-core19/step/A19-H19-J5-fixed-4.step
A19-H19-J5-fixed-4-washer,J5.fixed,hardware,purchased steel nominal envelope,0.0003040270007326212,engineering/arm_a19/build/wrist-core19/step/A19-H19-J5-fixed-4-washer.step
A19-H19-J5-fixed-5,J5.fixed,hardware,purchased steel nominal envelope,0.002497680702555331,engineering/arm_a19/build/wrist-core19/step/A19-H19-J5-fixed-5.step
A19-H19-J5-fixed-5-washer,J5.fixed,hardware,purchased steel nominal envelope,0.00030402700073262133,engineering/arm_a19/build/wrist-core19/step/A19-H19-J5-fixed-5-washer.step
A19-H19-J5-fixed-6,J5.fixed,hardware,purchased steel nominal envelope,0.002497680702555331,engineering/arm_a19/build/wrist-core19/step/A19-H19-J5-fixed-6.step
A19-H19-J5-fixed-6-washer,J5.fixed,hardware,purchased steel nominal envelope,0.00030402700073262133,engineering/arm_a19/build/wrist-core19/step/A19-H19-J5-fixed-6-washer.step
A19-H19-J5-fixed-7,J5.fixed,hardware,purchased steel nominal envelope,0.0024976807025553303,engineering/arm_a19/build/wrist-core19/step/A19-H19-J5-fixed-7.step
A19-H19-J5-fixed-7-washer,J5.fixed,hardware,purchased steel nominal envelope,0.0003040270007326211,engineering/arm_a19/build/wrist-core19/step/A19-H19-J5-fixed-7-washer.step
A19-H19-J5-fixed-8,J5.fixed,hardware,purchased steel nominal envelope,0.0024976807025553307,engineering/arm_a19/build/wrist-core19/step/A19-H19-J5-fixed-8.step
A19-H19-J5-fixed-8-washer,J5.fixed,hardware,purchased steel nominal envelope,0.0003040270007326211,engineering/arm_a19/build/wrist-core19/step/A19-H19-J5-fixed-8-washer.step
A19-H19-J5-output-1,J5.rotor,hardware,purchased steel nominal envelope,0.00269497272120077,engineering/arm_a19/build/wrist-core19/step/A19-H19-J5-output-1.step
A19-H19-J5-output-1-washer,J5.rotor,hardware,purchased steel nominal envelope,0.00030402700073262165,engineering/arm_a19/build/wrist-core19/step/A19-H19-J5-output-1-washer.step
A19-H19-J5-output-2,J5.rotor,hardware,purchased steel nominal envelope,0.00269497272120077,engineering/arm_a19/build/wrist-core19/step/A19-H19-J5-output-2.step
A19-H19-J5-output-2-washer,J5.rotor,hardware,purchased steel nominal envelope,0.00030402700073262165,engineering/arm_a19/build/wrist-core19/step/A19-H19-J5-output-2-washer.step
A19-H19-J5-output-3,J5.rotor,hardware,purchased steel nominal envelope,0.002694972721200769,engineering/arm_a19/build/wrist-core19/step/A19-H19-J5-output-3.step
A19-H19-J5-output-3-washer,J5.rotor,hardware,purchased steel nominal envelope,0.00030402700073262165,engineering/arm_a19/build/wrist-core19/step/A19-H19-J5-output-3-washer.step
A19-H19-J5-output-4,J5.rotor,hardware,purchased steel nominal envelope,0.00269497272120077,engineering/arm_a19/build/wrist-core19/step/A19-H19-J5-output-4.step
A19-H19-J5-output-4-washer,J5.rotor,hardware,purchased steel nominal envelope,0.00030402700073262165,engineering/arm_a19/build/wrist-core19/step/A19-H19-J5-output-4-washer.step
A19-H19-J5-output-5,J5.rotor,hardware,purchased steel nominal envelope,0.00269497272120077,engineering/arm_a19/build/wrist-core19/step/A19-H19-J5-output-5.step
A19-H19-J5-output-5-washer,J5.rotor,hardware,purchased steel nominal envelope,0.0003040270007326217,engineering/arm_a19/build/wrist-core19/step/A19-H19-J5-output-5-washer.step
A19-H19-J5-output-6,J5.rotor,hardware,purchased steel nominal envelope,0.00269497272120077,engineering/arm_a19/build/wrist-core19/step/A19-H19-J5-output-6.step
A19-H19-J5-output-6-washer,J5.rotor,hardware,purchased steel nominal envelope,0.00030402700073262176,engineering/arm_a19/build/wrist-core19/step/A19-H19-J5-output-6-washer.step
A16-C05-H-J6-1-X75,J5.rotor,hardware,"purchased steel, nominal dimensional envelope; do not print",0.0009503031618630697,engineering/arm_a19/build/wrist-core19/step/A16-C05-H-J6-1-X75.step
A16-C05-H-J6-1-washer-X75,J5.rotor,hardware,"purchased steel, nominal dimensional envelope; do not print",0.00011948497879214398,engineering/arm_a19/build/wrist-core19/step/A16-C05-H-J6-1-washer-X75.step
A16-C05-H-J6-spacer-1-X75,J5.rotor,hardware,"purchased steel, nominal dimensional envelope; do not print",0.00011948497879214398,engineering/arm_a19/build/wrist-core19/step/A16-C05-H-J6-spacer-1-X75.step
A16-C05-H-J6-insert-1-X75,J5.rotor,hardware,"Purchased lead-free brass heat-set RX-M3x5.7 /RX-M3Sx4.0; nominal envelope, not knurl detail",0.0004627188987619327,engineering/arm_a19/build/wrist-core19/step/A16-C05-H-J6-insert-1-X75.step
A16-C05-H-J6-2-X75,J5.rotor,hardware,"purchased steel, nominal dimensional envelope; do not print",0.0009503031618630699,engineering/arm_a19/build/wrist-core19/step/A16-C05-H-J6-2-X75.step
A16-C05-H-J6-2-washer-X75,J5.rotor,hardware,"purchased steel, nominal dimensional envelope; do not print",0.00011948497879214398,engineering/arm_a19/build/wrist-core19/step/A16-C05-H-J6-2-washer-X75.step
A16-C05-H-J6-spacer-2-X75,J5.rotor,hardware,"purchased steel, nominal dimensional envelope; do not print",0.00011948497879214398,engineering/arm_a19/build/wrist-core19/step/A16-C05-H-J6-spacer-2-X75.step
A16-C05-H-J6-insert-2-X75,J5.rotor,hardware,"Purchased lead-free brass heat-set RX-M3x5.7 /RX-M3Sx4.0; nominal envelope, not knurl detail",0.0004627188987619335,engineering/arm_a19/build/wrist-core19/step/A16-C05-H-J6-insert-2-X75.step
A16-C05-H-J6-3-X75,J5.rotor,hardware,"purchased steel, nominal dimensional envelope; do not print",0.00095030316186307,engineering/arm_a19/build/wrist-core19/step/A16-C05-H-J6-3-X75.step
A16-C05-H-J6-3-washer-X75,J5.rotor,hardware,"purchased steel, nominal dimensional envelope; do not print",0.00011948497879214402,engineering/arm_a19/build/wrist-core19/step/A16-C05-H-J6-3-washer-X75.step
A16-C05-H-J6-spacer-3-X75,J5.rotor,hardware,"purchased steel, nominal dimensional envelope; do not print",0.00011948497879214402,engineering/arm_a19/build/wrist-core19/step/A16-C05-H-J6-spacer-3-X75.step
A16-C05-H-J6-insert-3-X75,J5.rotor,hardware,"Purchased lead-free brass heat-set RX-M3x5.7 /RX-M3Sx4.0; nominal envelope, not knurl detail",0.0004627188987619337,engineering/arm_a19/build/wrist-core19/step/A16-C05-H-J6-insert-3-X75.step
A16-C05-H-J6-4-X75,J5.rotor,hardware,"purchased steel, nominal dimensional envelope; do not print",0.0009503031618630697,engineering/arm_a19/build/wrist-core19/step/A16-C05-H-J6-4-X75.step
A16-C05-H-J6-4-washer-X75,J5.rotor,hardware,"purchased steel, nominal dimensional envelope; do not print",0.00011948497879214396,engineering/arm_a19/build/wrist-core19/step/A16-C05-H-J6-4-washer-X75.step
A16-C05-H-J6-spacer-4-X75,J5.rotor,hardware,"purchased steel, nominal dimensional envelope; do not print",0.00011948497879214396,engineering/arm_a19/build/wrist-core19/step/A16-C05-H-J6-spacer-4-X75.step
A16-C05-H-J6-insert-4-X75,J5.rotor,hardware,"Purchased lead-free brass heat-set RX-M3x5.7 /RX-M3Sx4.0; nominal envelope, not knurl detail",0.0004627188987619329,engineering/arm_a19/build/wrist-core19/step/A16-C05-H-J6-insert-4-X75.step
A19-C19-fore-dorsal,J4.rotor,printed_cover,PETG/PA12 supported fit,0.022742740284070945,engineering/arm_a19/build/wrist-core19/step/A19-C19-fore-dorsal.step
A19-C19-fore-ventral,J4.rotor,printed_cover,PETG/PA12 supported fit,0.0168130022017052,engineering/arm_a19/build/wrist-core19/step/A19-C19-fore-ventral.step
A19-C21-J5-cowl-a,J5.fixed,printed_cover,PETG/PA12 supported unpowered fit,0.060517852136556,engineering/arm_a19/build/wrist-shell21/step/A19-C21-J5-cowl-a.step
A19-C21-J5-cowl-b,J5.fixed,printed_cover,PETG/PA12 supported unpowered fit,0.05873300924861746,engineering/arm_a19/build/wrist-shell21/step/A19-C21-J5-cowl-b.step
A19-H21-J5-cover-1,J5.fixed,hardware,purchased steel nominal envelope,0.001222748829905645,engineering/arm_a19/build/wrist-shell21/step/A19-H21-J5-cover-1.step
A19-H21-J5-cover-1-washer,J5.fixed,hardware,purchased steel nominal envelope,0.00011948497879214393,engineering/arm_a19/build/wrist-shell21/step/A19-H21-J5-cover-1-washer.step
A19-H21-J5-cover-1-spacer,J5.fixed,hardware,purchased steel nominal envelope,0.00011948497879214393,engineering/arm_a19/build/wrist-shell21/step/A19-H21-J5-cover-1-spacer.step
A19-H21-J5-cover-1-nut,J5.fixed,hardware,purchased steel nominal envelope,0.0003603844252851178,engineering/arm_a19/build/wrist-shell21/step/A19-H21-J5-cover-1-nut.step
A19-H21-J5-cover-2,J5.fixed,hardware,purchased steel nominal envelope,0.0012227488299056451,engineering/arm_a19/build/wrist-shell21/step/A19-H21-J5-cover-2.step
A19-H21-J5-cover-2-washer,J5.fixed,hardware,purchased steel nominal envelope,0.00011948497879214396,engineering/arm_a19/build/wrist-shell21/step/A19-H21-J5-cover-2-washer.step
A19-H21-J5-cover-2-spacer,J5.fixed,hardware,purchased steel nominal envelope,0.00011948497879214397,engineering/arm_a19/build/wrist-shell21/step/A19-H21-J5-cover-2-spacer.step
A19-H21-J5-cover-2-nut,J5.fixed,hardware,purchased steel nominal envelope,0.00036038442528511745,engineering/arm_a19/build/wrist-shell21/step/A19-H21-J5-cover-2-nut.step
A19-H21-J5-cover-3,J5.fixed,hardware,purchased steel nominal envelope,0.001222748829905645,engineering/arm_a19/build/wrist-shell21/step/A19-H21-J5-cover-3.step
A19-H21-J5-cover-3-washer,J5.fixed,hardware,purchased steel nominal envelope,0.00011948497879214398,engineering/arm_a19/build/wrist-shell21/step/A19-H21-J5-cover-3-washer.step
A19-H21-J5-cover-3-spacer,J5.fixed,hardware,purchased steel nominal envelope,0.00011948497879214398,engineering/arm_a19/build/wrist-shell21/step/A19-H21-J5-cover-3-spacer.step
A19-H21-J5-cover-3-nut,J5.fixed,hardware,purchased steel nominal envelope,0.0003603844252851176,engineering/arm_a19/build/wrist-shell21/step/A19-H21-J5-cover-3-nut.step
A19-H21-J5-cover-4,J5.fixed,hardware,purchased steel nominal envelope,0.001222748829905645,engineering/arm_a19/build/wrist-shell21/step/A19-H21-J5-cover-4.step
A19-H21-J5-cover-4-washer,J5.fixed,hardware,purchased steel nominal envelope,0.00011948497879214398,engineering/arm_a19/build/wrist-shell21/step/A19-H21-J5-cover-4-washer.step
A19-H21-J5-cover-4-spacer,J5.fixed,hardware,purchased steel nominal envelope,0.00011948497879214398,engineering/arm_a19/build/wrist-shell21/step/A19-H21-J5-cover-4-spacer.step
A19-H21-J5-cover-4-nut,J5.fixed,hardware,purchased steel nominal envelope,0.00036038442528511767,engineering/arm_a19/build/wrist-shell21/step/A19-H21-J5-cover-4-nut.step
