candidate,direction,t_s,sU_mm,sL_mm,vU_m_s,vL_m_s,leaf_T_N
known_mass_baseline,opening,0.0,60.0,60.0,0.0,-0.0,6.8
known_mass_baseline,opening,0.0005117220874047125,59.99999854546217,59.99999831832312,-8.5201376420244e-06,-9.850559710303933e-06,6.793855253358649
known_mass_baseline,opening,0.001023444174809425,59.999988393051574,59.999986580827134,-3.396586094598166e-05,-3.92684403730515e-05,6.78776894926233
known_mass_baseline,opening,0.0015351662622141375,59.9999609255324,59.99995482578344,-7.616542097106095e-05,-8.805319097045294e-05,6.781740725334293
known_mass_baseline,opening,0.00204688834961885,59.999907613458,59.999893193953035,-0.00013494745496701275,-0.00015600469695044067,6.775770219265999
known_mass_baseline,opening,0.0025586104370235625,59.99982001497157,59.999791928411796,-0.0002101409932243516,-0.00024292318959114035,6.769857068838818
known_mass_baseline,opening,0.003070332524428275,59.999689775603294,59.999641374371244,-0.0003015754658445887,-0.00034860925527331426,6.764000911945453
known_mass_baseline,opening,0.0035820546118329874,59.999508628063985,59.999431978994416,-0.0004090807094304825,-0.00047286384466127995,6.758201386611109
known_mass_baseline,opening,0.0040937766992377,59.99926839203542,59.99915429120718,-0.0005324869736973584,-0.0006154882817927408,6.752458131014402
known_mass_baseline,opening,0.004605498786642412,59.99896097395725,59.99879896150477,-0.0006716249280054481,-0.0007762842730778194,6.746770783508002
known_mass_baseline,opening,0.005117220874047125,59.99857836681063,59.99835674175396,-0.0008263256678141808,-0.0009550539162080799,6.741138982639029
known_mass_baseline,opening,0.005628942961451837,59.99811264989846,59.99781848499046,-0.000996420721058431,-0.0011515997089755292,6.735562367169191
known_mass_baseline,opening,0.00614066504885655,59.99755598862258,59.99717514521201,-0.0011817420544478034,-0.001365724558002469,6.730040576094658
known_mass_baseline,opening,0.006652387136261263,59.996900634257536,59.99641777716695,-0.001382122079688655,-0.0015972317873822399,6.724573248665715
known_mass_baseline,opening,0.007164109223665975,59.99613892372136,59.99553753613835,-0.0015973936596302021,-0.0018459251472316425,6.719160024406125
known_mass_baseline,opening,0.007675831311070688,59.99526327934313,59.9945256777239,-0.0018273901143343726,-0.0021116088221552467,6.7138005431322805
known_mass_baseline,opening,0.0081875533984754,59.994266208627444,59.993373557611385,-0.002071945227070291,-0.0023940874396219452,6.708494444972094
known_mass_baseline,opening,0.008699275485880112,59.99314030401594,59.99207263134995,-0.0023308932502340654,-0.0026931660782545867,6.703241370383635
known_mass_baseline,opening,0.009210997573284824,59.991878242645626,59.99061445411713,-0.0026040689111936216,-0.0030086502760324502,6.698040960173557
known_mass_baseline,opening,0.009722719660689537,59.99047278610445,59.98899068048172,-0.0028913074180599526,-0.0033403460384078243,6.692892855515242
known_mass_baseline,opening,0.01023444174809425,59.98891678018377,59.987193064162454,-0.0031924444653842815,-0.0036880598463361787,6.687796697966746
known_mass_baseline,opening,0.010746163835498963,59.98720315462805,59.98521345778273,-0.003507316239782659,-0.004051598664221265,6.682752129488483
known_mass_baseline,opening,0.011257885922903674,59.98532492288152,59.983043812621084,-0.003835759425487237,-0.0044307699477747105,6.677758792460687
known_mass_baseline,opening,0.011769608010308387,59.983275181832255,59.9806761783579,-0.004177611209825981,-0.004825381651791361,6.672816329700632
known_mass_baseline,opening,0.0122813300977131,59.981047111553295,59.978102702818,-0.004532709288629934,-0.00523524223783988,6.667924384479633
known_mass_baseline,opening,0.012793052185117813,59.97863397504106,59.97531563170932,-0.004900891871569781,-0.0056601606818700596,6.6630826005398065
known_mass_baseline,opening,0.013304774272522525,59.97602911795104,59.97230730835788,-0.0052819976874209145,-0.006099946481736036,6.658290622110607
known_mass_baseline,opening,0.013816496359927237,59.973225968330865,59.96907017343864,-0.0056758659892586095,-0.0065544096646371446,6.653548093925142
known_mass_baseline,opening,0.01432821844733195,59.97021803635067,59.9655967647029,-0.00608233655958283,-0.007023360794475688,6.648854661236259
known_mass_baseline,opening,0.014839940534736662,59.966998914030874,59.961879716701695,-0.006501249715373411,-0.007506610979132497,6.644209969832408
known_mass_baseline,opening,0.015351662622141375,59.9635622749674,59.957911760505596,-0.006932446313076591,-0.008003971877661135,6.639613666053292
known_mass_baseline,opening,0.015863384709546086,59.95990187405441,59.9536857234209,-0.0073757677535221415,-0.00851525570739996,6.635065396805288
known_mass_baseline,opening,0.0163751067969508,59.9560115472044,59.94919452870204,-0.007831055986772991,-0.009040275251004001,6.630564809576659
known_mass_baseline,opening,0.016886828884355512,59.951885211065964,59.94443119526062,-0.008298153516906239,-0.009578843863395362,6.626111552452544
known_mass_baseline,opening,0.017398550971760223,59.94751686273911,59.939388837370736,-0.008776903406727569,-0.010130775478634288,6.62170527412974
known_mass_baseline,opening,0.017910273059164938,59.94290057948809,59.93406066437092,-0.009267149282417826,-0.010695884616709507,6.617345623931274
known_mass_baseline,opening,0.01842199514656965,59.938030518451995,59.928439980362555,-0.009768735338113945,-0.011273986390250052,6.61303225182075
known_mass_baseline,opening,0.018933717233974363,59.932900916352914,59.92252018390496,-0.010281506340422786,-0.011864896511157186,6.608764808416509
known_mass_baseline,opening,0.019445439321379075,59.927506089201884,59.91629476770699,-0.010805307632870286,-0.012468431297158475,6.6045429450055595
known_mass_baseline,opening,0.019957161408783786,59.92184043200255,59.909757318315386,-0.01133998514028423,-0.01308440767828282,6.600366313557323
known_mass_baseline,opening,0.0204688834961885,59.91589841845252,59.90290151579981,-0.011885385373113176,-0.013712643203258388,6.596234566737161
known_mass_baseline,opening,0.02098060558359321,59.909674600642674,59.89572113343463,-0.0124413554316802,-0.014352956045832602,6.592147357919702
known_mass_baseline,opening,0.021492327670997926,59.903163608754255,59.88821003737747,-0.013007743010372694,-0.01500516501101478,6.588104341201979
known_mass_baseline,opening,0.022004049758402637,59.89636015075369,59.88036218634458,-0.013584396401769066,-0.01566908954124297,6.584105171416353
known_mass_baseline,opening,0.022515771845807348,59.88925901208558,59.87217163128314,-0.014171164500701276,-0.016344549722473303,6.580149504143252
known_mass_baseline,opening,0.023027493933212063,59.88185505536343,59.86363251504036,-0.014767896808255621,-0.017031366290194427,6.576236995723701
known_mass_baseline,opening,0.023539216020616774,59.87414322005839,59.85473907202961,-0.015374443435709956,-0.017729360635365468,6.572367303271671
known_mass_baseline,opening,0.02405093810802149,59.866118522186035,59.84548562789351,-0.015990655108410096,-0.018438354810279615,6.5685400846862265
known_mass_baseline,opening,0.0245626601954262,59.85777605399111,59.83586659916398,-0.016616383169583374,-0.019158171534351946,6.564754998663489
known_mass_baseline,opening,0.02507438228283091,59.849110983630496,59.82587649291941,-0.01725147958409219,-0.019888634199833916,6.5610117047084024
known_mass_baseline,opening,0.025586104370235625,59.84011855485402,59.81550990643898,-0.017895796942125546,-0.020629566877452463,6.557309863146318
known_mass_baseline,opening,0.026097826457640336,59.83079408668362,59.8047615268539,-0.018549188462831337,-0.02138079432197674,6.553649135134391
known_mass_baseline,opening,0.02660954854504505,59.82113297309053,59.793626130796106,-0.01921150799788743,-0.022142141977710163,6.55002918267279
known_mass_baseline,opening,0.027121270632449762,59.81113068267074,59.782098584043915,-0.019882610035014184,-0.022913435983910702,6.546449668615726
known_mass_baseline,opening,0.027632992719854473,59.80078275831861,59.770173841165104,-0.020562349701427004,-0.02369450318013769,6.5429102566823
known_mass_baseline,opening,0.028144714807259188,59.79008481689875,59.75784694515716,-0.021250582767230006,-0.02448517111152649,6.539410611467167
known_mass_baseline,opening,0.0286564368946639,59.77903254891616,59.74511302708487,-0.021947165648751946,-0.025285268033991885,6.535950398451024
known_mass_baseline,opening,0.02916815898206861,59.76762171818481,59.73196730571534,-0.02265195541182293,-0.0260946229193589,6.532529284010922
known_mass_baseline,opening,0.029679881069473325,59.75584816149429,59.71840508715029,-0.023364809774994603,-0.026913065460423657,6.5291469354304
known_mass_baseline,opening,0.030191603156878036,59.74370778827512,59.704421764455866,-0.02408558711270178,-0.02774042607594208,6.525803020909444
known_mass_baseline,opening,0.03070332524428275,59.73119658026224,59.69001281728992,-0.024814146458368377,-0.028576535915549445,6.5224972095742775
known_mass_baseline,opening,0.03121504733168746,59.71831059115707,59.67517381152667,-0.025550347507455436,-0.02942122686460857,6.519229171486976
known_mass_baseline,opening,0.03172676941909217,59.70504594628792,59.65990039887909,-0.026294050620454295,-0.03027433154898947,6.515998577654917
known_mass_baseline,opening,0.03223849150649689,59.69139884226891,59.644188316518694,-0.02704511682582251,-0.03113568333977832,6.5128051000400555
known_mass_baseline,opening,0.0327502135939016,59.677365546657484,59.628033386693055,-0.02780340782286577,-0.032005116357918716,6.509648411568039
known_mass_baseline,opening,0.03326193568130631,59.66294239761036,59.611431516340865,-0.028568785984563205,-0.032882465478782784,6.506528186137151
known_mass_baseline,opening,0.033773657768711024,59.64812580353805,59.59437869670475,-0.0293411143603394,-0.033767566336675256,6.5034440986270985
known_mass_baseline,opening,0.03428537985611574,59.632912242758074,59.576871002941765,-0.03012025667878099,-0.03466025532926871,6.500395824907625
known_mass_baseline,opening,0.034797101943520446,59.617298263146694,59.55890459373163,-0.030906077350299398,-0.03556036962197099,6.497383041846979
known_mass_baseline,opening,0.03530882403092516,59.60128048178934,59.54047571088281,-0.03169844146974074,-0.03646774715222631,6.494405427320207
known_mass_baseline,opening,0.035820546118329875,59.58485558462973,59.52158067893626,-0.032497214818941106,-0.03738222663374789,6.491462660217296
known_mass_baseline,opening,0.03633226820573459,59.56802032611767,59.50221590476724,-0.03330226386923029,-0.03830364756068556,6.4885544204511625
known_mass_baseline,opening,0.0368439902931393,59.55077152885562,59.48237787718481,-0.03411345578388162,-0.039231850211725296,6.485680388965478
known_mass_baseline,opening,0.03735571238054401,59.53310608324394,59.462063166529354,-0.034930658420510914,-0.04016667565412455,6.482840247742342
known_mass_baseline,opening,0.03786743446794873,59.51502094712501,59.44126842426807,-0.0357537403334221,-0.04110796574768026,6.48003367980981
known_mass_baseline,opening,0.038379156555353434,59.496513145426185,59.419990382588345,-0.03658257077590287,-0.042055563148633034,6.477260369249267
known_mass_baseline,opening,0.03889087864275815,59.4775797698014,59.39822585398926,-0.03741701970246751,-0.04300931131350491,6.474520001202639
known_mass_baseline,opening,0.039402600730162864,59.458217978271904,59.37597173087107,-0.03825695777105061,-0.04396905450287399,6.4718122618794744
known_mass_baseline,opening,0.03991432281756757,59.438424994865684,59.353224985122864,-0.039102256345148544,-0.044934637785083116,6.469136838563872
known_mass_baseline,opening,0.040426044904972286,59.41819810925591,59.32998266770815,-0.039952787495912426,-0.04590590703988606,6.466493419621253
known_mass_baseline,opening,0.040937766992377,59.39753467639824,59.30624190824884,-0.04080842400419022,-0.046882708962029125,6.4638816945050035
known_mass_baseline,opening,0.04144948907978171,59.37643211616721,59.281999914607255,-0.041669039362519325,-0.0478648910647692,6.461301353762965
known_mass_baseline,opening,0.04196121116718642,59.35488791299149,59.257253972466394,-0.042534507777071115,-0.04885230168333006,6.458752089043786
known_mass_baseline,opening,0.04247293325459114,59.332899615488216,59.23200144490841,-0.04340470416954516,-0.04984478997829421,6.456233593103132
known_mass_baseline,opening,0.04298465534199585,59.31046483609642,59.20623977199145,-0.04427950417901654,-0.050842205938934036,6.453745559809758
known_mass_baseline,opening,0.04349637742940056,59.287581250709415,59.17996647032472,-0.0451587841637335,-0.05184440038647945,6.45128768415144
known_mass_baseline,opening,0.044008099516805274,59.26424659830635,59.15317913264199,-0.046042421202868854,-0.05285122497732508,6.448859662240779
known_mass_baseline,opening,0.04451982160420999,59.24045868058285,59.125875427373295,-0.046930293098222324,-0.05386253220617467,6.446461191320851
known_mass_baseline,opening,0.045031543691614696,59.216215361580815,59.09805309821533,-0.047822278375877374,-0.05487817540912595,6.444091969770746
known_mass_baseline,opening,0.04554326577901941,59.19151456731737,59.06970996369993,-0.04871825628780957,-0.05589800876669293,6.441751697110959
known_mass_baseline,opening,0.046054987866424126,59.16635428541299,59.04084391676135,-0.04961810681345008,-0.056921887306769545,6.439440074008655
known_mass_baseline,opening,0.04656670995382883,59.140732564718945,59.01145292430187,-0.050521710661201376,-0.05794966690753137,6.437156802282802
known_mass_baseline,opening,0.04707843204123355,59.114647514943734,58.98153502675585,-0.051428949269908555,-0.05898120430027898,6.434901584909175
known_mass_baseline,opening,0.04759015412863826,59.08809730627906,58.95108833765259,-0.05233970481028431,-0.060016357072220805,6.432674126025241
known_mass_baseline,opening,0.04810187621604298,59.06108016902491,58.92011104317756,-0.05325386018628837,-0.06105498366919688,6.4304741309349005
known_mass_baseline,opening,0.048613598303447685,59.033594393214045,58.88860140173239,-0.05417129903646288,-0.06209694339834387,6.428301306113121
known_mass_baseline,opening,0.0491253203908524,59.00563832823569,58.8565577434934,-0.05509190573522292,-0.0631420964307017,6.4261553592104335
known_mass_baseline,opening,0.049637042478257114,58.97721038245867,58.82397846996888,-0.05601556539410245,-0.06419030380376126,6.4240359990573195
known_mass_baseline,opening,0.05014876456566182,58.94830902285398,58.790862053555124,-0.05694216386295605,-0.06524142742395406,6.421942935668465
known_mass_baseline,opening,0.050660486653066536,58.91893277461655,58.757207037091064,-0.05787158773111818,-0.06629533006908518,6.4198758802469
known_mass_baseline,opening,0.05117220874047125,58.88908022078665,58.72301203341185,-0.05880372432851739,-0.06735187539070721,6.4178345451880165
known_mass_baseline,opening,0.05168393082787596,58.858750001870575,58.68827572490104,-0.059738461726749265,-0.0684109279164388,6.4158186440834735
known_mass_baseline,opening,0.05219565291528067,58.82794081546089,58.65299686304182,-0.06067568874010477,-0.06947235305222453,6.4138278917249805
known_mass_baseline,opening,0.05270737500268539,58.79665141585605,58.61717426796685,-0.061615294926558005,-0.07053601708454019,6.411862004107966
known_mass_baseline,opening,0.0532190970900901,58.76488061367976,58.580806828007304,-0.06255717058871,-0.07160178718253989,6.409920698435136
known_mass_baseline,opening,0.05373081917749481,58.73262727549948,58.543893499240454,-0.06350120677469233,-0.07266953140014891,6.408003693119914
known_mass_baseline,opening,0.054242541264899524,58.69989032344487,58.506433305036516,-0.06444729527902787,-0.07373911867809987,6.406110707789778
known_mass_baseline,opening,0.05475426335230424,58.666668734825556,58.46842533560431,-0.0653953286434508,-0.0748104188459136,6.404241463289472
known_mass_baseline,opening,0.055265985439708946,58.632961541748614,58.429868747535934,-0.06634520015768569,-0.07588330262382526,6.402395681684124
known_mass_baseline,opening,0.05577770752711366,58.59876783073555,58.39076276335051,-0.06729680386018606,-0.07695764162465595,6.400573086262245
known_mass_baseline,opening,0.056289429614518376,58.564086742339,58.351106671036916,-0.06825003453883216,-0.07803330835562913,6.398773401538628
known_mass_baseline,opening,0.05680115170192308,58.52891747075914,58.31089982359575,-0.06920478773158831,-0.07911017622013283,6.396996353257135
known_mass_baseline,opening,0.0573128737893278,58.49325926345955,58.27014163858014,-0.07016095972712191,-0.08018811951942903,6.39524166839338
known_mass_baseline,opening,0.05782459587673251,58.45711142078305,58.228831597636045,-0.07111844756538081,-0.08126701345430772,6.393509075157315
known_mass_baseline,opening,0.05833631796413722,58.42047329556702,58.18696924604135,-0.0720771490381335,-0.08234673412668936,6.391798302995705
known_mass_baseline,opening,0.058848040051541935,58.3833442927586,58.14455419224451,-0.07303696268946848,-0.08342715854117268,6.390109082594503
known_mass_baseline,opening,0.05935976213894665,58.345723869029555,58.10158610740211,-0.07399778781625665,-0.08450816460653107,6.388441145881131
known_mass_baseline,opening,0.059871484226351364,58.30761153239098,58.05806472491588,-0.07495952446857358,-0.08558963113715519,6.38679422602666
known_mass_baseline,opening,0.06038320631375607,58.26900684180773,58.01398983996886,-0.07592207345008532,-0.08667143785444444,6.385168057447872
known_mass_baseline,opening,0.060894928401160786,58.229909406812766,57.969361309061,-0.0768853363183951,-0.0877534653881459,6.383562375809268
known_mass_baseline,opening,0.0614066504885655,58.19031888712121,57.92417904954395,-0.07784921538535278,-0.08883559527764137,6.381976918024929
known_mass_baseline,opening,0.06191837257597021,58.150234992244314,57.87844303915526,-0.07881361371732717,-0.08991770997318357,6.380411422260326
known_mass_baseline,opening,0.06243009466337492,58.10965748110332,57.83215331555194,-0.07977843513544157,-0.0909996928370811,6.378865627934005
known_mass_baseline,opening,0.06294181675077963,58.06858616164316,57.78530997584355,-0.08074358421577187,-0.09208142814483235,6.3773392757192
known_mass_baseline,opening,0.06345353883818435,58.02702089044613,57.73791317612449,-0.08170896628950805,-0.09316280108620834,6.375832107545337
known_mass_baseline,opening,0.06396526092558906,57.98496157234536,57.68996313100596,-0.08267448744308073,-0.09424369776628669,6.374343866599466
known_mass_baseline,opening,0.06447698301299377,57.94240816003841,57.64146011314733,-0.08364005451824992,-0.09532400520643373,6.372874297327585
known_mass_baseline,opening,0.06498870510039849,57.899360653700704,57.592404452786944,-0.08460557511215974,-0.09640361134523859,6.371423145435892
known_mass_baseline,opening,0.0655004271878032,57.855819100598936,57.54279653727262,-0.08557095757735621,-0.09748240503939608,6.369990157891935
known_mass_baseline,opening,0.0660121492752079,57.811783594704586,57.49263681059156,-0.08653611102177124,-0.09856027606454205,6.368575082925683
known_mass_baseline,opening,0.06652387136261262,57.76725427630732,57.44192577289991,-0.08750094530867021,-0.099637115116038,6.367177670030516
known_mass_baseline,opening,0.06703559345001733,57.72223133162854,57.39066398005191,-0.0884653710565664,-0.10071281380970873,6.365797669964121
known_mass_baseline,opening,0.06754731553742205,57.676714992434924,57.33885204312877,-0.08942929963909993,-0.10178726468253027,6.364434834749309
known_mass_baseline,opening,0.06805903762482676,57.63070553565198,57.28649062796701,-0.09039264318488244,-0.10286036119326986,6.363088917674749
known_mass_baseline,opening,0.06857075971223148,57.58420328297792,57.233580454686795,-0.09135531457730871,-0.10393199772307841,6.361759673295626
known_mass_baseline,opening,0.06908248179963619,57.53720860049728,57.180122297219526,-0.09231722745433413,-0.10500206957603536,6.360446857434209
known_mass_baseline,opening,0.06959420388704089,57.489721898294995,57.12611698283565,-0.09327829620821869,-0.1060704729796456,6.3591502271803435
known_mass_baseline,opening,0.07010592597444561,57.44174363007044,57.07156539167191,-0.09423843598523744,-0.10713710508528908,6.357869540891875
known_mass_baseline,opening,0.07061764806185032,57.39327429275164,57.016468456258494,-0.09519756268535919,-0.10820186396862479,6.356604558194976
known_mass_baseline,opening,0.07112937014925504,57.344314426109726,56.96082716104596,-0.09615559296189104,-0.10926464862994649,6.355355039984415
known_mass_baseline,opening,0.07164109223665975,57.294864612373466,56.904642541932,-0.09711244422109185,-0.11032535899449349,6.35412074842374
known_mass_baseline,opening,0.07215281432406447,57.244925475844134,56.847915685788045,-0.09806803462175223,-0.111383895912714,6.352901446945387
known_mass_baseline,opening,0.07266453641146918,57.194497682510516,56.79064772998579,-0.09902228307474394,-0.11244016116048404,6.351696900250723
known_mass_baseline,opening,0.07317625849887388,57.14358193966415,56.732839861923566,-0.09997510924253596,-0.11349405743927905,6.350506874310011
known_mass_baseline,opening,0.0736879805862786,57.09217899551488,56.67449331855263,-0.10092643353868085,-0.1145454883763019,6.349331136362297
known_mass_baseline,opening,0.07419970267368331,57.04028963880662,56.615609385903454,-0.10187617712726844,-0.1155943585245645,6.348169454915242
known_mass_baseline,opening,0.07471142476108802,56.98791469843347,56.55618939861199,-0.10282426192234914,-0.11664057336292488,6.347021599744871
known_mass_baseline,opening,0.07522314684849274,56.935055043056074,56.49623473944584,-0.10377061058732623,-0.11768403929607985,6.345887341895256
known_mass_baseline,opening,0.07573486893589745,56.881711580718324,56.4357468388305,-0.10471514653431827,-0.11872466365451345,6.344766453678138
known_mass_baseline,opening,0.07624659102330215,56.82788525846438,56.37472717437564,-0.10565779392349024,-0.11976235469440079,6.343658708672469
known_mass_baseline,opening,0.07675831311070687,56.773577061956104,56.31317727040152,-0.1065984776623549,-0.12079702159746793,6.3425638817239065
known_mass_baseline,opening,0.07727003519811158,56.718788015090745,56.251098697465245,-0.10753712340504509,-0.12182857447080916,6.34148174894422
known_mass_baseline,opening,0.0777817572855163,56.66351917961915,56.18849307188747,-0.1084736575515549,-0.12285692434665936,6.340412087710658
known_mass_baseline,opening,0.07829347937292101,56.60777165476419,56.12536205527893,-0.10940800724695306,-0.12388198318212477,6.339354676665227
known_mass_baseline,opening,0.07880520146032573,56.55154657683981,56.06170735406729,-0.11034010038056558,-0.12490366385886933,6.338309295713931
known_mass_baseline,opening,0.07931692354773044,56.494845118870266,55.997530719024084,-0.11126986558513109,-0.12592188018276002,6.337275726025932
known_mass_baseline,opening,0.07982864563513514,56.43766849021007,55.93283394479196,-0.11219723223592569,-0.12693654688346795,6.3362537500326575
known_mass_baseline,opening,0.08034036772253986,56.380017936164116,55.86761886941196,-0.11312213044986083,-0.12794757961402903,6.335243151426851
known_mass_baseline,opening,0.08085208980994457,56.32189473760845,55.80188737385117,-0.11404449108455197,-0.12895489495036144,6.334243715161555
known_mass_baseline,opening,0.08136381189734929,56.263300210611554,55.73564138153065,-0.11496424573735925,-0.12995841039074182,6.333255227449046
known_mass_baseline,opening,0.081875533984754,56.20423570605591,55.6688828578535,-0.11588132674440044,-0.13095804435524,6.332277475759703
known_mass_baseline,opening,0.08238725607215872,56.14470260926039,55.60161380973335,-0.11679566717953675,-0.1319537161851128,6.331310248820829
known_mass_baseline,opening,0.08289897815956342,56.08470233960282,55.53383628512315,-0.11770720085333024,-0.13294534614215633,6.330353336615407
known_mass_baseline,opening,0.08341070024696813,56.02423635014341,55.465552372544266,-0.11861586231197427,-0.1339328554080174,6.329406530380808
known_mass_baseline,opening,0.08392242233437285,55.963306127248536,55.39676420061593,-0.11952158683619782,-0.13491616608346532,6.328469622607449
known_mass_baseline,opening,0.08443414442177756,55.901913190215154,55.327473937585154,-0.12042431044014146,-0.13589520118762227,6.327542407037384
known_mass_baseline,opening,0.08494586650918227,55.84005909089577,55.25768379085696,-0.12132396987020833,-0.13686988465715455,6.326624678662858
known_mass_baseline,opening,0.08545758859658699,55.77774541332408,55.18739600652508,-0.12222050260388732,-0.1378401413454231,6.325716233724803
known_mass_baseline,opening,0.0859693106839917,55.7149737733411,55.116612868903054,-0.12311384684855131,-0.13880589702159563,6.324816869711282
known_mass_baseline,opening,0.0864810327713964,55.65174581822204,55.0453367000559,-0.12400394154022802,-0.13976707836971752,6.323926385355887
known_mass_baseline,opening,0.08699275485880112,55.588063226303674,54.9735698593321,-0.12489072634234687,-0.14072361298774594,6.323044580636087
known_mass_baseline,opening,0.08750447694620583,55.523927706612554,54.9013147428963,-0.12577414164445838,-0.14167542938654287,6.322171256771529
known_mass_baseline,opening,0.08801619903361055,55.459340998493666,54.828573783262314,-0.1266541285609295,-0.14262245698883064,6.321306216222284
known_mass_baseline,opening,0.08852792112101526,55.39430487123992,54.75534944882686,-0.12753062892961328,-0.1435646261281087,6.320449262687065
known_mass_baseline,opening,0.08903964320841998,55.32882112372225,54.681644243403724,-0.1284035853104935,-0.14450186804753218,6.319600201101374
known_mass_baseline,opening,0.08955136529582469,55.262891584020444,54.60746070575859,-0.129272940984305,-0.1454341148987526,6.318758837635629
known_mass_baseline,opening,0.09006308738322939,55.196518109054715,54.5328014091445,-0.13013863995112823,-0.14636129974071993,6.317924979693228
known_mass_baseline,opening,0.09057480947063411,55.129702584217846,54.45766896083773,-0.13100062692896133,-0.14728335653844857,6.317098435908581
known_mass_baseline,opening,0.09108653155803882,55.06244692300833,54.38206600167466,-0.13185884735226577,-0.14820022016174433,6.3162790161450975
known_mass_baseline,opening,0.09159825364544354,54.994753066664025,54.305995205588935,-0.1327132473704901,-0.1491118263838959,6.315466531493127
known_mass_baseline,opening,0.09210997573284825,54.92662298379669,54.229459279149616,-0.13356377384656787,-0.1500181118803277,6.314660794267863
known_mass_baseline,opening,0.09262169782025297,54.858058670027276,54.152460961099735,-0.13441037435539407,-0.15091901422721796,6.313861618007208
known_mass_baseline,opening,0.09313341990765767,54.78906214762198,54.07500302189588,-0.13525299718227585,-0.15181447190007819,6.313068817469596
known_mass_baseline,opening,0.09364514199506238,54.7196354651291,53.997088263248244,-0.13609159132136192,-0.15270442427229844,6.3122822086317765
known_mass_baseline,opening,0.0941568640824671,54.64978069701674,53.91871951766159,-0.1369261064740479,-0.15358881161365523,6.311501608686561
known_mass_baseline,opening,0.09466858616987181,54.57949994331131,53.83989964797694,-0.13775649304735865,-0.15446757508878384,6.310726836040536
known_mass_baseline,opening,0.09518030825727652,54.508795329236854,53.76063154691404,-0.13858270215230833,-0.15534065675561537,6.309957710311733
known_mass_baseline,opening,0.09569203034468124,54.43766900485518,53.68091813661464,-0.1394046856022382,-0.15620799956377837,6.309194052327263
known_mass_baseline,opening,0.09620375243208595,54.36612314470696,53.60076236818665,-0.14022239591113136,-0.1570695473529651,6.308435684120927
known_mass_baseline,opening,0.09671547451949065,54.294159947453615,53.52016722124903,-0.14103578629190547,-0.1579252448512624,6.307682428930773
known_mass_baseline,opening,0.09722719660689537,54.22178163552008,53.43913570347769,-0.1418448106546842,-0.15877503767344917,6.306934111196643
known_mass_baseline,opening,0.09773891869430008,54.14899045473847,53.35767085015216,-0.14264942360504587,-0.1596188723192575,6.306190556557662
known_mass_baseline,opening,0.0982506407817048,54.07578867399268,53.27577572370318,-0.14344958044225156,-0.16045669617160138,6.305451591849713
known_mass_baseline,opening,0.09876236286910951,54.002178584863856,53.193453413261196,-0.14424523715745027,-0.16128845749476936,6.304717045102876
known_mass_baseline,opening,0.09927408495651423,53.928162501276795,53.110707034205916,-0.14503635043186475,-0.1621141054325852,6.303986745538831
known_mass_baseline,opening,0.09978580704391893,53.85374275914731,53.027539727716565,-0.14582287763495436,-0.1629335900065332,6.303260523568234
known_mass_baseline,opening,0.10029752913132364,53.7789217160305,52.94395466032338,-0.14660477682255826,-0.16374686211385128,6.30253821078807
known_mass_baseline,opening,0.10080925121872836,53.70370175076998,52.85995502345985,-0.14738200673501747,-0.16455387352559012,6.301819639978961
known_mass_baseline,opening,0.10132097330613307,53.62808526314816,52.77554403301619,-0.14815452679527574,-0.16535457688463912,6.301104645102468
known_mass_baseline,opening,0.10183269539353779,53.55207467353732,52.690724928893616,-0.14892229710696103,-0.16614892570372014,6.300393061298343
known_mass_baseline,opening,0.1023444174809425,53.47567242255191,52.605500974559796,-0.14968527845244622,-0.1669368743633481,6.299684724881769
known_mass_baseline,opening,0.10285613956834722,53.3988809707016,52.51987545660528,-0.15044343229088966,-0.16771837810975934,6.298979473340573
known_mass_baseline,opening,0.10336786165575192,53.32170279804558,52.433851684301096,-0.1511967207562558,-0.16849339305280747,6.298277145332403
known_mass_baseline,opening,0.10387958374315663,53.244140403847624,52.34743298915729,-0.1519451066553164,-0.16926187616382765,6.297577580681892
known_mass_baseline,opening,0.10439130583056135,53.16619630623247,52.26062272448269,-0.15268855346563157,-0.1700237852734682,6.296880620377794
known_mass_baseline,opening,0.10490302791796606,53.08787304184291,52.17342426494567,-0.15342702533351235,-0.17077907906949216,6.296186106570092
known_mass_baseline,opening,0.10541475000537077,53.00917316549829,52.08584100613622,-0.1541604870719626,-0.17152771709454515,6.295493882567085
known_mass_baseline,opening,0.10592647209277549,52.93009924985369,51.99787636412895,-0.15488890415860337,-0.1722696597438945,6.294803792832459
known_mass_baseline,opening,0.1064381941801802,52.8506538850605,51.90953377504746,-0.15561224273357693,-0.173004868263135,6.294115682982331
known_mass_baseline,opening,0.1069499162675849,52.77083967842788,51.820816694629734,-0.15633046959743316,-0.17373330474586587,6.293429399782268
known_mass_baseline,opening,0.10746163835498962,52.690659254085354,51.73172859779486,-0.1570435522089965,-0.17445493213133587,6.292744791144295
known_mass_baseline,opening,0.10797336044239433,52.61011525264652,51.64227297821084,-0.15775145868321458,-0.17516971420205793,6.292061706123876
known_mass_baseline,opening,0.10848508252979905,52.52921033087386,51.552453347863754,-0.15845415778898891,-0.17587761558139448,6.291379994916875
known_mass_baseline,opening,0.10899680461720376,52.447947161344594,51.46227323662802,-0.15915161894698715,-0.176578601731112,6.290699508856507
known_mass_baseline,opening,0.10950852670460848,52.36632843211785,51.3717361918381,-0.1598438122274375,-0.17727263894890605,6.2900201004102625
known_mass_baseline,opening,0.11002024879201318,52.28435684640269,51.280845777861295,-0.1605307083479046,-0.1779596943658964,6.2893416231768144
known_mass_baseline,opening,0.11053197087941789,52.202035122227514,51.18960557567191,-0.16121227867104898,-0.17863973594409316,6.288663931882916
known_mass_baseline,opening,0.11104369296682261,52.119365992110524,51.09801918242681,-0.16188849520236764,-0.17931273247383311,6.287986882380276
known_mass_baseline,opening,0.11155541505422732,52.03635220273132,51.00609021104209,-0.1625593305879183,-0.17997865357118784,6.2873103316424155
known_mass_baseline,opening,0.11206713714163204,51.952996514603726,50.91382228977131,-0.16322475811202533,-0.18063746967534186,6.286634137761521
known_mass_baseline,opening,0.11257885922903675,51.86930170174974,50.82121906178487,-0.16388475169497002,-0.18128915204594342,6.285958159945269
known_mass_baseline,opening,0.11309058131644147,51.785270551374694,50.728284184750926,-0.1645392858906619,-0.18193367276042538,6.285282258513647
known_mass_baseline,opening,0.11360230340384617,51.70090586354367,50.63502133041754,-0.16518833588429557,-0.18257100471129958,6.284606294895759
known_mass_baseline,opening,0.11411402549125088,51.61621045085895,50.5414341841963,-0.16583187748998895,-0.1832011216034214,6.28393013162661
known_mass_baseline,opening,0.1146257475786556,51.531187138138904,50.44752644474736,-0.16646988714840585,-0.18382399795122753,6.2832536323438894
known_mass_baseline,opening,0.11513746966606031,51.44583876209794,50.35330182356588,-0.16710234192436205,-0.18443960907594567,6.28257666178474
known_mass_baseline,opening,0.11564919175346502,51.3601681710277,50.2587640445698,-0.16772921950441538,-0.18504793110277706,6.281899085782508
known_mass_baseline,opening,0.11616091384086974,51.27417822447955,50.1639168436893,-0.1683504981944394,-0.18564894095805132,6.281220771263493
known_mass_baseline,opening,0.11667263592827444,51.18787179294829,50.068763968457446,-0.16896615691718073,-0.18624261636635406,6.280541586243678
known_mass_baseline,opening,0.11718435801567915,51.10125175755711,49.973309177602516,-0.16957617520980187,-0.18682893584762847,6.279861399825459
known_mass_baseline,opening,0.11769608010308387,51.01432100974377,49.877556240641724,-0.1701805332214067,-0.18740787871424897,6.279180082194359
known_mass_baseline,opening,0.11820780219048858,50.92708245094816,49.781508937476474,-0.1707792117105519,-0.18797942506806933,6.278497504615734
known_mass_baseline,opening,0.1187195242778933,50.839538992301094,49.68517105798918,-0.17137219204274184,-0.1885435557974437,6.277813539431476
known_mass_baseline,opening,0.11923124636529801,50.75169355431418,49.58854640164141,-0.17195945618790912,-0.18910025257422217,6.277128060056702
known_mass_baseline,opening,0.11974296845270273,50.663549066571434,49.49163877707395,-0.17254098671787915,-0.1896494978507195,6.276440940976439
known_mass_baseline,opening,0.12025469054010743,50.5751084674217,49.39445200170797,-0.1731167668038206,-0.19019127485665893,6.275752057742303
known_mass_baseline,opening,0.12076641262751214,50.486374703672766,49.2969899013482,-0.17368678021368028,-0.1907255675960901,6.275061286969169
known_mass_baseline,opening,0.12127813471491686,50.39735073028655,49.19925630978733,-0.17425101130960355,-0.19125236084428096,6.274368506331845
known_mass_baseline,opening,0.12178985680232157,50.30803951007573,49.10125506841227,-0.17480944504534018,-0.1917716401445853,6.27367359456172
known_mass_baseline,opening,0.12230157888972629,50.21844401340169,49.00299002581186,-0.17536206696363593,-0.19228339180528503,6.272976431443433
known_mass_baseline,opening,0.122813300977131,50.1285672178737,48.9044650373862,-0.17590886319360946,-0.1927876028964072,6.272276897811522
known_mass_baseline,opening,0.12332502306453572,50.038412108049705,48.805683964957815,-0.1764498204481151,-0.19328426124651663,6.27157487554707
known_mass_baseline,opening,0.12383674515194042,49.94798167513811,48.70665067638416,-0.17698492602109167,-0.19377335543948404,6.2708702475743525
known_mass_baseline,opening,0.12434846723934513,49.857278916701176,48.60736904517203,-0.1775141677848976,-0.19425487481123022,6.270162897857485
known_mass_baseline,opening,0.12486018932674985,49.76630683635977,48.50784295009357,-0.17803753418763163,-0.19472880944644516,6.269452711397059
known_mass_baseline,opening,0.12537191141415455,49.67506844349937,48.40807627480392,-0.1785550142504402,-0.1951951501752842,6.26873957422678
known_mass_baseline,opening,0.12588363350155926,49.58356675297751,48.308072907460584,-0.17906659756481164,-0.19565388857003996,6.268023373410112
known_mass_baseline,opening,0.12639535558896398,49.491804784832674,48.20783674034457,-0.17957227428985584,-0.19610501694179067,6.267303997036906
known_mass_baseline,opening,0.1269070776763687,49.39978556399447,48.10737166948315,-0.1800720351495721,-0.1965485283370254,6.266581334220046
known_mass_baseline,opening,0.1274187997637734,49.30751211999529,48.00668159427442,-0.18056587143010241,-0.19698441653424573,6.265855275092076
known_mass_baseline,opening,0.12793052185117812,49.21498748668338,47.905770417113594,-0.1810537749769725,-0.19741267604054458,6.265125710801843
known_mass_baseline,opening,0.12844224393858283,49.122214701937274,47.80464204302109,-0.1815357381923197,-0.19783330208816222,6.264392533511134
known_mass_baseline,opening,0.12895396602598755,49.02919680738168,47.70330037927221,-0.18201175403210795,-0.1982462906310195,6.263655636391312
known_mass_baseline,opening,0.12946568811339226,48.935936848104745,47.60174933502887,-0.18248181600333035,-0.1986516383412289,6.262914913619961
known_mass_baseline,opening,0.12997741020079698,48.84243787237689,47.49999282097293,-0.18294591816119868,-0.19904934260558252,6.262170260377528
known_mass_baseline,opening,0.1304891322882017,48.74870293137096,47.398034748941356,-0.18340405510632093,-0.19943940152201892,6.261421572843963
known_mass_baseline,opening,0.1310008543756064,48.6547350788838,47.29587903156329,-0.18385622198186632,-0.19982181389606737,6.260668748195376
known_mass_baseline,opening,0.13151257646301112,48.560537371059404,47.193529581898765,-0.18430241447071807,-0.20019657923727055,6.259911684600684
known_mass_baseline,opening,0.1320242985504158,48.46611286611349,47.09099031307948,-0.18474262879261383,-0.20056369775558536,6.259150281218268
known_mass_baseline,opening,0.13253602063782052,48.3714646240594,46.98826513795123,-0.185176861701275,-0.20092317035776303,6.25838443819263
known_mass_baseline,opening,0.13304774272522524,48.27659570643572,46.88535796871832,-0.1856051104815228,-0.20127499864370688,6.257614056651063
known_mass_baseline,opening,0.13355946481262995,48.181509176035156,46.78227271658977,-0.1860273729463842,-0.20161918490281047,6.256839038700314
known_mass_baseline,opening,0.13407118690003467,48.08620809663499,46.67901329142741,-0.1864436474341847,-0.20195573211027343,6.256059287423263
known_mass_baseline,opening,0.13458290898743938,47.99069553272906,46.575583601395955,-0.1868539328056307,-0.20228464392339737,6.255274706875601
known_mass_baseline,opening,0.1350946310748441,47.894974549261214,46.47198755261488,-0.1872582284408798,-0.2026059246778612,6.254485202082519
known_mass_baseline,opening,0.1356063531622488,47.799048211360116,46.368229048812154,-0.18765653423660028,-0.2029195793839761,6.253690679035396
known_mass_baseline,opening,0.13611807524965353,47.70291958407583,46.26431199098009,-0.18804885060301904,-0.2032256137229199,6.252891044688506
known_mass_baseline,opening,0.13662979733705824,47.606591732117735,46.16024027703299,-0.1884351784609587,-0.20352403404295205,6.2520862069557195
known_mass_baseline,opening,0.13714151942446295,47.51006771959402,46.056017801466766,-0.18881551923886347,-0.20381484735560845,6.251276074707218
known_mass_baseline,opening,0.13765324151186767,47.413350609752605,45.9516484550204,-0.18918987486981464,-0.20409806133187652,6.25046055776622
known_mass_baseline,opening,0.13816496359927238,47.31644346472375,45.84713612433959,-0.189558247788535,-0.20437368429835126,6.249639566905708
known_mass_baseline,opening,0.13867668568667707,47.21934934526413,45.74248469164225,-0.18992064092838243,-0.20464172523337112,6.248813013845172
known_mass_baseline,opening,0.13918840777408178,47.122071310502406,45.63769803438587,-0.19027705771833373,-0.20490219376313604,6.247980811247351
known_mass_baseline,opening,0.1397001298614865,47.02461241768637,45.53278002493718,-0.19062750207995713,-0.2051551001578051,6.247142872714998
known_mass_baseline,opening,0.14021185194889121,46.926975721931704,45.4277345302434,-0.19097197842437516,-0.20540045532757664,6.246299112787641
known_mass_baseline,opening,0.14072357403629593,46.8291642759722,45.32256541150592,-0.19131049164921707,-0.20563827081874894,6.245449446938367
known_mass_baseline,opening,0.14123529612370064,46.73118112991157,45.21727652385566,-0.1916430471355613,-0.20586855880976274,6.244593791570602
known_mass_baseline,opening,0.14174701821110536,46.63302933097694,45.111871716030755,-0.1919696507448677,-0.20609133210722566,6.243732064014914
known_mass_baseline,opening,0.14225874029851007,46.53471192327367,45.00635483005596,-0.19229030881590015,-0.2063066041419182,6.242864182525819
known_mass_baseline,opening,0.1427704623859148,46.436231947541984,44.90072970092439,-0.19260502816163946,-0.20651438896478222,6.241990066278605
known_mass_baseline,opening,0.1432821844733195,46.33759244091511,44.79500015628117,-0.19291381606618643,-0.20671470124289135,6.2411096353661595
known_mass_baseline,opening,0.14379390656072422,46.23879643667893,44.68917001610917,-0.19321668028165515,-0.20690755625540366,6.240222810795814
known_mass_baseline,opening,0.14430562864812893,46.13984696403337,44.58324309241686,-0.1935136290250575,-0.20709296988949774,6.239329514486203
known_mass_baseline,opening,0.14481735073553365,46.04074704785515,44.47722318892814,-0.1938046709751778,-0.2072709586362905,6.238429669264129
known_mass_baseline,opening,0.14532907282293836,45.941499708462466,44.371114100774435,-0.19408981526943817,-0.2074415395867388,6.237523198861442
known_mass_baseline,opening,0.14584079491034305,45.842107961381004,44.26491961418875,-0.1943690715007551,-0.20760473042752364,6.236610027911941
known_mass_baseline,opening,0.14635251699774776,45.74257481711163,44.158643506201834,-0.1946424497143867,-0.20776054943691763,6.2356900819482695
known_mass_baseline,opening,0.14686423908515248,45.6429032808998,44.052289544340624,-0.1949099604047713,-0.20790901548063648,6.23476328739885
known_mass_baseline,opening,0.1473759611725572,45.543096352506474,43.94586148632859,-0.19517161451235668,-0.2080501480076735,6.233829571584804
known_mass_baseline,opening,0.1478876832599619,45.4431570259807,43.839363079788406,-0.19542742342042135,-0.20818396704611808,6.2328888627169174
known_mass_baseline,opening,0.14839940534736662,45.343088289433844,43.732798061946646,-0.19567739895188627,-0.2083104931989582,6.2319410898925875
known_mass_baseline,opening,0.14891112743477133,45.242893124815424,43.626170159340695,-0.19592155336611897,-0.20842974763986713,6.2309861830928135
known_mass_baseline,opening,0.14942284952217605,45.14257450769051,43.519483087527725,-0.19615989935572858,-0.20854175210897435,6.230024073179183
known_mass_baseline,opening,0.14993457160958076,45.042135407019025,43.412740550796066,-0.19639245004335273,-0.20864652890862076,6.229054691890882
known_mass_baseline,opening,0.15044629369698548,44.94157878493633,43.30594624187847,-0.19661921897843637,-0.208744100899099,6.228077971841719
known_mass_baseline,opening,0.1509580157843902,44.84090759653576,43.1991038416677,-0.19684022013400207,-0.20883449149437808,6.227093846517162
known_mass_baseline,opening,0.1514697378717949,44.74012478965261,43.09221701893434,-0.19705546790341275,-0.2089177246578133,6.226102250271398
known_mass_baseline,opening,0.15198145995919962,44.639233304649984,42.98528943004677,-0.19726497709712615,-0.20899382489784124,6.225103118324401
known_mass_baseline,opening,0.1524931820466043,44.5382360742061,42.87832471869331,-0.1974687629394413,-0.2090628172636599,6.22409638675902
known_mass_baseline,opening,0.15300490413400902,44.43713602310333,42.77132651560657,-0.19766684106523807,-0.20912472734089488,6.223081992518086
known_mass_baseline,opening,0.15351662622141374,44.33593606801902,42.66429843829017,-0.19785922751670787,-0.20917958124725045,6.222059873401531
known_mass_baseline,opening,0.15402834830881845,44.23463911731784,42.557244090747446,-0.19804593874007764,-0.20922740562814696,6.2210299680635295
known_mass_baseline,opening,0.15454007039622317,44.13324807084593,42.450167063212675,-0.19822699158232632,-0.20926822765234415,6.219992216009649
known_mass_baseline,opening,0.15505179248362788,44.03176581972657,42.343070931884284,-0.19840240328789338,-0.20930207500755044,6.218946557594029
known_mass_baseline,opening,0.1555635145710326,43.930195246157695,42.2359592586604,-0.1985721914953808,-0.2093289758960188,6.217892934016567
known_mass_baseline,opening,0.1560752366584373,43.82853922321105,42.12883559087679,-0.1987363742342477,-0.2093489590301292,6.216831287320136
known_mass_baseline,opening,0.15658695874584203,43.726800614633,42.021703461046826,-0.1988949699214971,-0.2093620536279571,6.215761560387802
known_mass_baseline,opening,0.15709868083324674,43.62498227464707,41.91456638660398,-0.19904799735835704,-0.20936828940882946,6.214683696940073
known_mass_baseline,opening,0.15761040292065145,43.523087047758196,41.80742786964631,-0.1991954757269537,-0.20936769658886747,6.213597641532166
known_mass_baseline,opening,0.15812212500805617,43.421117768558624,41.70029139668351,-0.19933742458697828,-0.20936030587651666,6.21250333955129
known_mass_baseline,opening,0.15863384709546088,43.31907726153559,41.593160438386036,-0.19947386387234706,-0.20934614846806376,6.211400737213942
known_mass_baseline,opening,0.15914556918286557,43.2169683408807,41.48603844933669,-0.1996048138878546,-0.2093252560431418,6.210289781563235
known_mass_baseline,opening,0.15965729127027029,43.11479381030094,41.37892886778438,-0.19973029530582076,-0.20929766076022238,6.209170420466231
known_mass_baseline,opening,0.160169013357675,43.01255646283148,41.27183511540027,-0.19985032916273143,-0.20926339525209614,6.20804260261131
known_mass_baseline,opening,0.16068073544507971,42.91025908065025,41.164760597036185,-0.1999649368558722,-0.20922249262134085,6.20690627750554
known_mass_baseline,opening,0.16119245753248443,42.80790443489404,41.05770870048541,-0.20007414013995642,-0.20917498643577784,6.205761395472084
known_mass_baseline,opening,0.16170417961988914,42.70549528547664,40.95068279624581,-0.20017796112374708,-0.20912091072391698,6.204607907647613
known_mass_baseline,opening,0.16221590170729386,42.60303438090835,40.84368623728514,-0.2002764222666724,-0.20906029997038997,6.203445765979749
known_mass_baseline,opening,0.16272762379469857,42.50052445811751,40.73672235880893,-0.2003695463754355,-0.20899318911137224,6.2022749232245244
known_mass_baseline,opening,0.1632393458821033,42.397968242273656,40.629794478030504,-0.2004573566006181,-0.20891961352999366,6.201095332943858
known_mass_baseline,opening,0.163751067969508,42.29536844661241,40.52290589394355,-0.20053987643327884,-0.20883960905173862,6.199906949503063
known_mass_baseline,opening,0.16426279005691272,42.19272777226204,40.41605988709678,-0.20061712970154552,-0.2087532119398349,6.198709728068363
known_mass_baseline,opening,0.16477451214431743,42.09004890807198,40.309259719371234,-0.20068914056720175,-0.20866045889063198,6.197503624604433
known_mass_baseline,opening,0.16528623423172215,41.98733453044291,40.2025086337598,-0.2007559335222683,-0.20856138702896912,6.196288595871968
known_mass_baseline,opening,0.16579795631912683,41.884587303158604,40.09580985414912,-0.20081753338557892,-0.2084560339035326,6.1950645994252636
known_mass_baseline,opening,0.16630967840653155,41.78180987721965,39.98916658510386,-0.20087396529935048,-0.20834443748220322,6.19383159360982
known_mass_baseline,opening,0.16682140049393626,41.679004890678726,39.88258201165345,-0.20092525472574865,-0.2082266361473938,6.192589537559975
known_mass_baseline,opening,0.16733312258134098,41.57617496847786,39.77605929908108,-0.2009714274434477,-0.20810266869137667,6.191338391196547
known_mass_baseline,opening,0.1678448446687457,41.473322722287385,39.6696015927153,-0.2010125095441856,-0.20797257431160143,6.190078115224505
known_mass_baseline,opening,0.1683565667561504,41.37045075034646,39.5632120177237,-0.2010485274293139,-0.20783639260600362,6.188808671130668
known_mass_baseline,opening,0.16886828884355512,41.267561637305626,39.45689367890932,-0.201079507806343,-0.2076941635683037,6.187530021181407
known_mass_baseline,opening,0.16938001093095983,41.16465795407101,39.350649660509205,-0.20110547768548243,-0.20754592758329699,6.186242128420386
known_mass_baseline,opening,0.16989173301836455,41.06174225765035,39.24448302599563,-0.20112646437617648,-0.20739172542213463,6.184944956666327
known_mass_baseline,opening,0.17040345510576926,40.95881709100067,39.138396817879496,-0.2011424954836352,-0.20723159823759577,6.183638470510779
known_mass_baseline,opening,0.17091517719317398,40.85588498287786,39.03239405751627,-0.2011535989053608,-0.20706558755935092,6.18232263531592
known_mass_baseline,opening,0.1714268992805787,40.752948447688,38.926477744914344,-0.2011598028276697,-0.20689373528921712,6.1809974172123905
known_mass_baseline,opening,0.1719386213679834,40.65000998534049,38.82065085854585,-0.20116113572221037,-0.20671608369640446,6.179662783097132
known_mass_baseline,opening,0.1724503434553881,40.54707208110286,38.71491635515982,-0.20115762634247644,-0.20653267541275475,6.178318700631259
known_mass_baseline,opening,0.1729620655427928,40.444137205457515,38.6092771695979,-0.20114930372031598,-0.20634355342797178,6.176965138237953
known_mass_baseline,opening,0.17347378763019752,40.34120781396008,38.50373621461235,-0.20113619716243689,-0.2061487610848445,6.175602065100368
known_mass_baseline,opening,0.17398550971760224,40.23828634709977,38.398296380686695,-0.20111833624690761,-0.2059483420744615,6.174229451159579
known_mass_baseline,opening,0.17449723180500695,40.135375230161316,38.29296053585864,-0.20109575081965467,-0.20574234043141912,6.172847267112535
known_mass_baseline,opening,0.17500895389241167,40.03247687308892,38.18773152554561,-0.20106847099095593,-0.2055308005290214,6.17145548441004
known_mass_baseline,opening,0.17552067597981638,39.92959367035171,38.08261217237251,-0.20103652713193004,-0.20531376707447324,6.170054075254762
known_mass_baseline,opening,0.1760323980672211,39.826728000811286,37.97760527600221,-0.2009999498710228,-0.20509128510406668,6.16864301259926
known_mass_baseline,opening,0.1765441201546258,39.72388222759095,37.87271361296835,-0.20095877009048926,-0.20486339997836003,6.167222270144035
known_mass_baseline,opening,0.17705584224203053,39.62105869794663,37.767939936510636,-0.20091301892287294,-0.20463015737735069,6.1657918223356045
known_mass_baseline,opening,0.17756756432943524,39.51825974313977,37.66328697641259,-0.200862727747481,-0.20439160329564107,6.164351644364597
known_mass_baseline,opening,0.17807928641683995,39.41548767831193,37.55875743884182,-0.20080792818685692,-0.204147784037599,6.162901712163877
known_mass_baseline,opening,0.17859100850424467,39.31274480236127,37.454354006192766,-0.20074865210324927,-0.20389874621251092,6.161442002406682
known_mass_baseline,opening,0.17910273059164938,39.21003339782074,37.35007933693185,-0.20068493159507775,-0.2036445367297299,6.159972492504795
known_mass_baseline,opening,0.17961445267905407,39.10735573073814,37.245936065445235,-0.20061679899339616,-0.20338520279381775,6.15849316060673
known_mass_baseline,opening,0.18012617476645879,39.004714050557986,37.141926801888935,-0.20054428685835204,-0.203120791899681,6.157003985595945
known_mass_baseline,opening,0.1806378968538635,38.90211059000517,37.038054132041545,-0.200467427975644,-0.20285135182770184,6.155504947089077
known_mass_baseline,opening,0.18114961894126821,38.799547564970524,36.93432061715939,-0.200386255352976,-0.20257693063886395,6.153996025434209
known_mass_baseline,opening,0.18166134102867293,38.697027174397995,36.830728793834155,-0.200300802216509,-0.20229757666987278,6.152477201709138
known_mass_baseline,opening,0.18217306311607764,38.594551600173894,36.727281173853065,-0.20021110200730977,-0.20201333852827072,6.15094845771969
known_mass_baseline,opening,0.18268478520348236,38.4921230070177,36.62398024406153,-0.2001171883777976,-0.20172426508754812,6.149409775998047
known_mass_baseline,opening,0.18319650729088707,38.38974354237495,36.52082846622832,-0.20001909518818847,-0.20143040548224925,6.147861139801097
known_mass_baseline,opening,0.1837082293782918,38.287415336311746,36.417828276913255,-0.1999168565029366,-0.20113180910307388,6.146302533108808
known_mass_baseline,opening,0.1842199514656965,38.1851405014111,36.314982087337285,-0.19981050658717403,-0.2008285255919744,6.144733940622629
known_mass_baseline,opening,0.18473167355310122,38.08292113267127,36.21229228325529,-0.19970007990314828,-0.2005206048372493,6.14315534776391
known_mass_baseline,opening,0.18524339564050593,37.98075930740572,36.10976122483118,-0.1995856111066571,-0.20020809696863215,6.141566740672342
known_mass_baseline,opening,0.18575511772791065,37.87865708514506,36.00739124651569,-0.19946713504348232,-0.19989105235237722,6.139968106204431
known_mass_baseline,opening,0.18626683981531533,37.77661650754064,35.90518465692656,-0.19934468674582115,-0.19956952158634136,6.138359431931979
known_mass_baseline,opening,0.18677856190272005,37.67463959827014,35.80314373873122,-0.19921830142871552,-0.1992435554950622,6.1367407061406105
known_mass_baseline,opening,0.18729028399012476,37.5727283629449,35.70127074853217,-0.1990880144864804,-0.1989132051248334,6.135111917828294
known_mass_baseline,opening,0.18780200607752948,37.470884789019145,35.59956791675471,-0.19895386148913005,-0.19857852173877702,6.13347305670391
known_mass_baseline,opening,0.1883137281649342,37.369110845700895,35.4980374475372,-0.19881587817880264,-0.1982395568119122,6.131824113185832
known_mass_baseline,opening,0.1888254502523389,37.26740848386486,35.39668151862397,-0.19867410046618353,-0.19789636202622166,6.13016507840053
known_mass_baseline,opening,0.18933717233974362,37.1657796359671,35.295502281260596,-0.19852856442692768,-0.19754898926571568,6.128495944181194
known_mass_baseline,opening,0.18984889442714833,37.06422621596155,35.194501860091876,-0.1983793062980798,-0.1971974906114933,6.126816703066392
known_mass_baseline,opening,0.19036061651455305,36.96275011921828,35.09368235306215,-0.1982263624744945,-0.1968419183368017,6.1251273482987365
known_mass_baseline,opening,0.19087233860195776,36.86135322244372,34.99304583131828,-0.19806976950525426,-0.19648232490209291,6.123427873823584
known_mass_baseline,opening,0.19138406068936248,36.76003738360257,34.892594339115085,-0.1979095640900871,-0.1961187629500793,6.121718274287747
known_mass_baseline,opening,0.1918957827767672,36.658804441841795,34.79232989372342,-0.19774578307578328,-0.19575128530078695,6.119998545038244
known_mass_baseline,opening,0.1924075048641719,36.55765621741611,34.69225448534062,-0.19757846345261107,-0.19537994494660774,6.118268682121051
known_mass_baseline,opening,0.1929192269515766,36.456594511615535,34.59237007700361,-0.1974076423507315,-0.19500479504734947,6.116528682279894
known_mass_baseline,opening,0.1934309490389813,36.35562110669479,34.49267860450447,-0.19723335703661307,-0.19462588892528557,6.114778542955052
known_mass_baseline,opening,0.19394267112638602,36.25473776580434,34.39318197630858,-0.19705564490944552,-0.19424328006020328,6.113018262282187
known_mass_baseline,opening,0.19445439321379074,36.153946232923545,34.29388207347531,-0.1968745434975535,-0.19385702208445116,6.1112478390912
known_mass_baseline,opening,0.19496611530119545,36.05324823279538,34.194780749581206,-0.19669009045480945,-0.1934671687779858,6.109467272905093
known_mass_baseline,opening,0.19547783738860017,35.952645470863125,34.09587983064565,-0.19650232355704628,-0.19307377406341797,6.10767656393887
known_mass_baseline,opening,0.19598955947600488,35.8521396332089,33.99718111505925,-0.19631128069847048,-0.19267689200105886,6.10587571309846
known_mass_baseline,opening,0.1965012815634096,35.751732386494,33.898686373514536,-0.19611699988807435,-0.19227657678396537,6.104064721979638
known_mass_baseline,opening,0.1970130036508143,35.651425377901134,33.800397348939406,-0.1959195192460489,-0.19187288273298642,6.102243592867005
known_mass_baseline,opening,0.19752472573821903,35.55122023507828,33.70231575643289,-0.1957188770001962,-0.19146586429180845,6.100412328732944
known_mass_baseline,opening,0.19803644782562374,35.451118566084695,33.60444328320359,-0.19551511148234266,-0.191055576022002,6.098570933236647
known_mass_baseline,opening,0.19854816991302845,35.35112195933854,33.5067815885107,-0.1953082611247522,-0.19064207259806853,6.096719410723116
known_mass_baseline,opening,0.19905989200043317,35.25123198356641,33.40933230360741,-0.1950983644565398,-0.19022540880248814,6.094857766222225
known_mass_baseline,opening,0.19957161408783786,35.151450187754676,33.3120970316869,-0.1948854601000856,-0.18980563952076776,6.092986005447768
known_mass_baseline,opening,0.20008333617524257,35.05177810110266,33.215077347830956,-0.19466958676744964,-0.18938281973649082,6.091104134796554
known_mass_baseline,opening,0.20059505826264729,34.95221723297771,33.11827479896096,-0.19445078325678727,-0.18895700452636816,6.089212161347509
known_mass_baseline,opening,0.201106780350052,34.85276907287204,33.02169090379162,-0.19422908844876524,-0.1885282490552902,6.087310092860803
known_mass_baseline,opening,0.20161850243745671,34.75343509036145,32.92532715278702,-0.1940045413029789,-0.18809660857138077,6.085397937776994
known_mass_baseline,opening,0.20213022452486143,34.65421673506576,32.82918500811928,-0.19377718085436985,-0.1876621384010525,6.083475705216193
known_mass_baseline,opening,0.20264194661226614,34.555115436611246,32.73326590362982,-0.19354704620964527,-0.18722489394406458,6.081543404977254
known_mass_baseline,opening,0.20315366869967086,34.45613260459487,32.63757124479309,-0.19331417654369815,-0.18678493066858265,6.079601047536974
known_mass_baseline,opening,0.20366539078707557,34.35726962855021,32.54210240868278,-0.19307861109602867,-0.18634230410624034,6.077648644049323
known_mass_baseline,opening,0.2041771128744803,34.25852787791538,32.446860743940626,-0.1928403891671669,-0.18589706984720406,6.075686206344682
known_mass_baseline,opening,0.204688834961885,34.15990870200265,32.35184757074774,-0.19259955011509725,-0.18544928353524,6.073713746929109
known_mass_baseline,opening,0.20520055704928972,34.06141342997005,32.257064180798416,-0.1923561333516844,-0.18499900086278448,6.071731278983625
known_mass_baseline,opening,0.20571227913669443,33.963043370794665,32.16251183727651,-0.19211017833910052,-0.18454627756601674,6.0697388163635075
known_mass_baseline,opening,0.20622400122409912,33.86479981324775,32.068191774834276,-0.19186172458625467,-0.18409116941993509,6.067736373597613
known_mass_baseline,opening,0.20673572331150383,33.76668402587184,31.974105199573806,-0.19161081164522387,-0.18363373223343687,6.065723965887719
known_mass_baseline,opening,0.20724744539890855,33.66869725695947,31.8802532890309,-0.19135747910768608,-0.1831740218444015,6.063701609107871
known_mass_baseline,opening,0.20775916748631326,33.5708407345339,31.78663719216155,-0.1911017666013553,-0.18271209411477757,6.061669319803763
known_mass_baseline,opening,0.20827088957371798,33.47311566633155,31.693258029330824,-0.19084371378641887,-0.18224800492567375,6.059627115192128
known_mass_baseline,opening,0.2087826116611227,33.37552323978628,31.600116892304346,-0.19058336035197695,-0.18178181017245373,6.057575013160143
known_mass_baseline,opening,0.2092943337485274,33.27806462201552,31.50721484424221,-0.1903207460124841,-0.18131356575983565,6.055513032264861
known_mass_baseline,opening,0.20980605583593212,33.18074095980823,31.414552919695513,-0.19005591050419404,-0.1808433275969961,6.053441191732651
known_mass_baseline,opening,0.21031777792333683,33.083553379614614,31.322132124605307,-0.1897888935816062,-0.18037115159267844,6.0513595114586565
known_mass_baseline,opening,0.21082950001074155,32.98650298753772,31.22995343630403,-0.1895197350139153,-0.17989709365030612,6.049268012006276
known_mass_baseline,opening,0.21134122209814626,32.88959086932678,31.1380178035195,-0.1892484745814636,-0.17942120966310127,6.047166714606651
known_mass_baseline,opening,0.21185294418555098,32.792818090372506,31.04632614638141,-0.18897515207219626,-0.1789435555092083,6.045055641158184
known_mass_baseline,opening,0.2123646662729557,32.69618569570403,30.954879356430272,-0.1886998072781193,-0.17846418704682276,6.042934814226053
known_mass_baseline,opening,0.2128763883603604,32.59969470998774,30.863678296628855,-0.18842247999176068,-0.1779831601093261,6.040804257041757
known_mass_baseline,opening,0.2133881104477651,32.50334613752793,30.772723801376138,-0.18814321000263529,-0.17750053050042625,6.038663993502676
known_mass_baseline,opening,0.2138998325351698,32.407140962269246,30.68201667652374,-0.18786203709371183,-0.17701635398930346,6.0365140481716315
known_mass_baseline,opening,0.21441155462257452,32.31108014780093,30.591557699394812,-0.1875790010378846,-0.17653068630576357,6.034354446276484
known_mass_baseline,opening,0.21492327670997924,32.21516463736292,30.50134761880548,-0.18729414159444793,-0.17604358313539628,6.032185213709724
known_mass_baseline,opening,0.21543499879738395,32.11939535385363,30.411387155088633,-0.18700749850557408,-0.1755551001147408,6.030006377028095
known_mass_baseline,opening,0.21594672088478867,32.023773199839695,30.321677000120296,-0.1867191114927956,-0.1750652928264579,6.027817963452215
known_mass_baseline,opening,0.21645844297219338,31.92829905756736,30.232217817348435,-0.1864290202534911,-0.17457421679450905,6.02562000086622
known_mass_baseline,opening,0.2169701650595981,31.832973788975817,30.143010241824253,-0.1861372644573746,-0.1740819274793423,6.023412517817426
known_mass_baseline,opening,0.2174818871470028,31.73779823571217,30.05405488023585,-0.18584388374298982,-0.173588480273086,6.02119554351599
known_mass_baseline,opening,0.21799360923440753,31.64277321914834,29.96535231094446,-0.18554891771420776,-0.17309393049474917,6.0189691078345975
known_mass_baseline,opening,0.21850533132181224,31.5478995403997,29.876903084023116,-0.18525240593672904,-0.17259833338543062,6.0167332413081525
known_mass_baseline,opening,0.21901705340921696,31.45317798034551,29.7887077212977,-0.1849543879345907,-0.172101744103535,6.0144879751334885
known_mass_baseline,opening,0.21952877549662167,31.35860929965107,29.700766716390497,-0.18465490318667696,-0.1716042177199971,6.012233341169083
known_mass_baseline,opening,0.22004049758402636,31.264194238791788,29.61308053476617,-0.18435399112323522,-0.17110580921351484,6.009969371934789
known_mass_baseline,opening,0.22055221967143107,31.169933518078885,29.525649613780164,-0.18405169112239644,-0.17060657346579017,6.007696100611576
known_mass_baseline,opening,0.22106394175883579,31.075827837687065,29.43847436272962,-0.18374804250670057,-0.17010656525677892,6.005413561041285
known_mass_baseline,opening,0.2215756638462405,30.981877877683758,29.351555162906607,-0.18344308453962654,-0.16960583925994926,6.003121787726388
known_mass_baseline,opening,0.22208738593364521,30.888084298060225,29.264892367653776,-0.1831368564221278,-0.16910445003754915,6.000820815829762
known_mass_baseline,opening,0.22259910802104993,30.794447738764493,29.178486302422574,-0.1828293972891727,-0.1686024520358832,5.998510681174474
known_mass_baseline,opening,0.22311083010845464,30.700968819735984,29.092337264833734,-0.18252074620629055,-0.16809989958059895,5.99619142024357
known_mass_baseline,opening,0.22362255219585936,30.607648140941926,29.006445524740244,-0.1822109421661227,-0.16759684687198229,5.993863070179884
known_mass_baseline,opening,0.22413427428326407,30.51448628241554,28.920811324292664,-0.18190002408497927,-0.1670933479802633,5.991525668785841
known_mass_baseline,opening,0.2246459963706688,30.42148380429594,28.8354348780069,-0.18158803079940178,-0.16658945684093157,5.989179254523281
known_mass_baseline,opening,0.2251577184580735,30.328641246869914,28.750316372834362,-0.18127500106273126,-0.16608522725006203,5.986823866513287
known_mass_baseline,opening,0.22566944054547822,30.235959130615303,28.665455968234486,-0.18096097354168258,-0.165580712859651,5.984459544536019
known_mass_baseline,opening,0.22618116263288293,30.143437956246235,28.580853796249627,-0.1806459868129243,-0.16507596717296277,5.982086329030559
known_mass_baseline,opening,0.22669288472028762,30.05107820476006,28.496509961582426,-0.18033007935966527,-0.16457104353988716,5.979704261094758
known_mass_baseline,opening,0.22720460680769233,29.958880337486068,28.412424541675378,-0.1800132895682471,-0.16406599515230794,5.977313382485097
known_mass_baseline,opening,0.22771632889509705,29.866844796135926,28.328597586792988,-0.17969565572474308,-0.16356087503948222,5.974913735616545
known_mass_baseline,opening,0.22822805098250176,29.774972002855844,28.245029120106082,-0.17937721601156384,-0.16305573606343185,5.972505363562437
known_mass_baseline,opening,0.22873977306990648,29.68326236028051,28.16171913777861,-0.1790580085040692,-0.16255063091434543,5.970088310054339
known_mass_baseline,opening,0.2292514951573112,29.59171625158867,28.078667609056687,-0.1787380711671873,-0.1620456121059932,5.96766261948193
known_mass_baseline,opening,0.2297632172447159,29.500334040560617,27.995874476360132,-0.17841744185204012,-0.16154073197115265,5.9652283368928956
known_mass_baseline,opening,0.23027493933212062,29.409116071637207,27.91333965537622,-0.17809615829257677,-0.161036042657048,5.962785507992804
known_mass_baseline,opening,0.23078666141952534,29.31806266998067,27.831063035155726,-0.1777742581022128,-0.16053159612079992,5.960334179145006
known_mass_baseline,opening,0.23129838350693005,29.227174141537187,27.749044478211463,-0.17745177877047794,-0.16002744412488998,5.9578743973705315
known_mass_baseline,opening,0.23181010559433476,29.13645077310114,27.667283820619005,-0.17712875765967032,-0.15952363823263635,5.955406210347989
known_mass_baseline,opening,0.23232182768173948,29.04589283238107,27.585780872119763,-0.17680523200151907,-0.15902022980368344,5.952929666413464
known_mass_baseline,opening,0.2328335497691442,28.95550056806733,27.50453541622634,-0.1764812388938537,-0.15851726998950388,5.950444814560429
known_mass_baseline,opening,0.23334527185654888,28.865274209901443,27.423547210330213,-0.17615681529728197,-0.15801480972891488,5.947951704439643
known_mass_baseline,opening,0.2338569939439536,28.77521396874721,27.34281598581173,-0.17583199803187527,-0.15751289974360738,5.9454503863590675
known_mass_baseline,opening,0.2343687160313583,28.68532003666344,27.262341448152306,-0.17550682377386267,-0.1570115905336898,5.942940911283767
known_mass_baseline,opening,0.23488043811876302,28.59559258697844,27.18212327704902,-0.1751813290523321,-0.1565109323732449,5.94042333083582
known_mass_baseline,opening,0.23539216020616774,28.50603177436609,27.10216112653131,-0.17485555024594088,-0.1560109753059016,5.937897697294234
known_mass_baseline,opening,0.23590388229357245,28.416637734923707,27.022454625080133,-0.17452952357963425,-0.15551176914042114,5.935364063594845
known_mass_baseline,opening,0.23641560438097717,28.32741058625154,26.943003375749225,-0.17420328512137268,-0.15501336344629763,5.93282248333023
known_mass_baseline,opening,0.23692732646838188,28.238350427533923,26.86380695628866,-0.1738768707788676,-0.15451580754937366,5.930273010749612
known_mass_baseline,opening,0.2374390485557866,28.149457339622128,26.78486491927068,-0.17355031629632633,-0.154019150527471,5.927715700758769
known_mass_baseline,opening,0.2379507706431913,28.060731385118814,26.706176792217683,-0.17322365725120606,-0.15352344120603648,5.925150608919924
known_mass_baseline,opening,0.23846249273059603,27.972172608464263,26.627742077732517,-0.1728969290509767,-0.15302872815380358,5.922577791451655
known_mass_baseline,opening,0.23897421481800074,27.883781036024164,26.549560253630975,-0.17257016692989335,-0.1525350596784696,5.919997305228789
known_mass_baseline,opening,0.23948593690540546,27.79555667617903,26.47163077307639,-0.1722434059457779,-0.15204248382238852,5.917409207782292
known_mass_baseline,opening,0.23999765899281017,27.70749951941533,26.39395306471658,-0.17191668097681032,-0.1515510483582805,5.914813557299153
known_mass_baseline,opening,0.24050938108021486,27.619609538418306,26.316526532822945,-0.17159002671833018,-0.1510608007849577,5.912210412622275
known_mass_baseline,opening,0.24102110316761957,27.53188668816622,26.239350557431628,-0.17126347767964692,-0.15057178832306597,5.909599833250345
known_mass_baseline,opening,0.24153282525502429,27.444330906026497,26.162424494487063,-0.1709370681808614,-0.15008405791084423,5.906981879337711
known_mass_baseline,opening,0.242044547342429,27.35694211185323,26.085747675987445,-0.1706108323496968,-0.14959765619990043,5.9043566116942445
known_mass_baseline,opening,0.24255626942983372,27.269720208086547,26.009319410132576,-0.17028480411833982,-0.1491126295510046,5.901724091785199
known_mass_baseline,opening,0.24306799151723843,27.1826650798534,25.933138981473746,-0.16995901722029308,-0.14862902402989983,5.8990843817310585
known_mass_baseline,opening,0.24357971360464314,27.095776595070102,25.85720565106576,-0.16963350518723735,-0.14814688540313042,5.896437544307387
known_mass_baseline,opening,0.24409143569204786,27.009054604546336,25.781518656621095,-0.16930830134590488,-0.14766625913388823,5.893783642944661
known_mass_baseline,opening,0.24460315777945257,26.92249894209087,25.706077212666205,-0.16898343881496342,-0.14718719037787686,5.891122741728085
known_mass_baseline,opening,0.2451148798668573,26.836109424618815,25.630880510699942,-0.16865895050191185,-0.1467097239791947,5.888454905397425
known_mass_baseline,opening,0.245626601954262,26.749885852260512,25.555927719354056,-0.16833486909998632,-0.14623390446623577,5.885780199346795
known_mass_baseline,opening,0.24613832404166672,26.66382800847187,25.48121798455573,-0.1680112270850783,-0.14575977604761006,5.883098689624469
known_mass_baseline,opening,0.24665004612907143,26.577935660146466,25.40675042969235,-0.16768805671266365,-0.14528738260808213,5.880410442932652
known_mass_baseline,opening,0.24716176821647612,26.492208557729107,25.332524155778245,-0.16736539001474426,-0.14481676770452995,5.877715526627261
known_mass_baseline,opening,0.24767349030388083,26.40664643533089,25.25853824162341,-0.16704325879680032,-0.14434797456192194,5.875014008717679
known_mass_baseline,opening,0.24818521239128555,26.321249010846003,25.18479174400451,-0.16672169463475559,-0.14388104606931498,5.8723059578665
known_mass_baseline,opening,0.24869693447869026,26.23601598606989,25.111283697837692,-0.16640072887195426,-0.14341602477587098,5.869591443389267
known_mass_baseline,opening,0.24920865656609498,26.150947046819056,25.038013116353564,-0.16608039261615046,-0.14295295288689489,5.866870535254189
known_mass_baseline,opening,0.2497203786534997,26.06604154127809,24.964979313048538,-0.16576464100751634,-0.14248794798888578,5.8582566032001715
known_mass_baseline,opening,0.2502321007409044,25.98129075002503,24.892189631961205,-0.16547854139186335,-0.14199601486940872,5.843617982423904
known_mass_baseline,opening,0.2507438228283091,25.89667785949634,24.819659474512754,-0.1652254666056562,-0.14147385222520667,5.8294257775141665
known_mass_baseline,opening,0.25125554491571384,25.81218627887262,24.7474039829301,-0.16500422781933363,-0.14092271981204083,5.815641288306481
known_mass_baseline,opening,0.2517672670031185,25.727799999512293,24.67543768112468,-0.1648137363842954,-0.14034377659089822,5.802230383800462
known_mass_baseline,opening,0.25227898909052326,25.643503546979062,24.603774522980665,-0.1646529908773639,-0.1397380936767596,5.78916369354035
known_mass_baseline,opening,0.25279071117792795,25.559281939802425,24.53242793391387,-0.16452106380188755,-0.1391066676307615,5.77641666943349
known_mass_baseline,opening,0.2533024332653327,25.475120655058213,24.461410845613823,-0.16441708828324889,-0.13845043375798785,5.763969533588682
known_mass_baseline,opening,0.2538141553527374,25.391005600695152,24.390735724043505,-0.16434024505394987,-0.13777027911572212,5.751807127207015
known_mass_baseline,opening,0.2543258774401421,25.306923094392097,24.320414590911508,-0.16428974998251047,-0.13706705497792085,5.739918674930894
known_mass_baseline,opening,0.2548375995275468,25.222859848611357,24.250459038951735,-0.16426484236125657,-0.13634158854083603,5.7282974784201
known_mass_baseline,opening,0.25534932161495155,25.1388029614125,24.18088024144587,-0.16426477413065846,-0.13559469369212337,5.7169405523112395
known_mass_baseline,opening,0.25586104370235624,25.05473991250971,24.111688956505642,-0.1642888001821286,-0.13482718070152955,5.705848215136826
known_mass_baseline,opening,0.256372765789761,24.970658961187773,24.042895129499783,-0.16432950325561496,-0.1340465313168211,5.682029844323145
known_mass_baseline,opening,0.25688448787716567,24.8865699126073,23.974487127095127,-0.16430764279970106,-0.13333204989724634,5.634141070403003
known_mass_baseline,opening,0.25739620996457035,24.80251344706381,23.906422408347034,-0.16420260550103985,-0.1327044128777007,5.586171979731581
known_mass_baseline,opening,0.2579079320519751,24.71853146787059,23.838657177169335,-0.1640169169305133,-0.1321611571162073,5.537872201170806
known_mass_baseline,opening,0.2584196541393798,24.63466466330407,23.771148820745072,-0.16375281305831907,-0.13170010837250928,5.48901710908357
known_mass_baseline,opening,0.2589313762267845,24.55095263372038,23.703855782769157,-0.16341232537556022,-0.13131929618019933,5.439413763600305
known_mass_baseline,opening,0.2594430983141892,24.46743397160573,23.636737483760566,-0.16299737837376538,-0.13101685636095978,5.388905192907917
known_mass_baseline,opening,0.25995482040159396,24.384146290274455,23.56975429272983,-0.1625098914991175,-0.1307909290641343,5.337372960877065
known_mass_baseline,opening,0.26046654248899864,24.301126200812952,23.502867550604083,-0.16195187833244468,-0.1306395595805801,5.284738024135215
known_mass_baseline,opening,0.2609782645764034,24.218409240357094,23.436039642321504,-0.1613255366443244,-0.13056060828144753,5.230959946261516
known_mass_baseline,opening,0.26148998666380807,24.136029757762312,23.369234111536432,-0.16063332409880815,-0.13055167490838254,5.1760346035512015
known_mass_baseline,opening,0.2620017087512128,24.054020765072384,23.302415809528604,-0.15987801568222149,-0.1306100411386955,5.119990583502705
known_mass_baseline,opening,0.2625134308386175,23.972413764841665,23.235551068262414,-0.15906274035343612,-0.13073263392910214,5.062884537874794
known_mass_baseline,opening,0.26302515292602224,23.891238564272136,23.16860788663392,-0.15819099587178376,-0.13091601068186565,5.0047957997511405
known_mass_baseline,opening,0.26353687501342693,23.81052308729651,23.101556118775317,-0.15726664217061437,-0.13115636586533885,4.945820602014587
known_mass_baseline,opening,0.2640485971008316,23.730293195215765,23.03436765380765,-0.15629387491880586,-0.1314495574465992,4.886066238538558
known_mass_baseline,opening,0.26456031918823636,23.65057252537851,22.967016577554716,-0.15527718196876425,-0.13179115043763842,4.8256454879338575
known_mass_baseline,opening,0.26507204127564105,23.571382355797066,22.89947930832345,-0.15422128616642872,-0.132176474079593,4.764671574971765
known_mass_baseline,opening,0.2655837633630458,23.492741501683845,22.83173470076664,-0.15313107846237276,-0.13260068872592326,4.703253882026473
known_mass_baseline,opening,0.2660954854504505,23.41466624782586,22.76376411391069,-0.1520115454095747,-0.13305885833897127,4.641494549325005
known_mass_baseline,opening,0.2666072075378552,23.337170318649576,22.695551441495653,-0.1508676949882828,-0.13354602465946916,4.579486026560334
known_mass_baseline,opening,0.2671189296252599,23.260264885902522,22.62708310470171,-0.1497044843109115,-0.13405727949606455,4.51730956713843
known_mass_baseline,opening,0.26763065171266465,23.18395861219787,22.558348009015216,-0.14852675219490866,-0.13458783214692208,4.455034596089312
known_mass_baseline,opening,0.26814237380006933,23.10825772730854,22.489337468348225,-0.14733915892023494,-0.1351330696367621,4.392718837417053
known_mass_baseline,opening,0.2686540958874741,23.033166133092568,22.42004510052945,-0.14614613477927674,-0.13568860816151268,4.330409057996196
known_mass_baseline,opening,0.26916581797487876,22.958685532286776,22.350466698929804,-0.1449518383402586,-0.13625033481951265,4.268142272538365
known_mass_baseline,opening,0.2696775400622835,22.8848155760962,22.2806000852947,-0.14376012472640143,-0.1368144393270176,4.205947255535779
known_mass_baseline,opening,0.2701892621496882,22.81155402549016,22.210444948872766,-0.14257452369271437,-0.1373774359361233,4.143846218334509
known_mass_baseline,opening,0.2707009842370929,22.738896921336046,22.140002676709134,-0.1413982268758852,-0.13793617617963916,4.081856529114828
known_mass_baseline,opening,0.2712127063244976,22.666838758901008,22.069276179573865,-0.14023408330290077,-0.13848785335728497,4.019992377202712
known_mass_baseline,opening,0.2717244284119023,22.595372662769805,21.998269717476685,-0.13908460206344841,-0.13902999985815623,3.9582663079185503
known_mass_baseline,opening,0.27223615049930705,22.524490558813053,21.926988728133775,-0.1379519609659144,-0.13956047849964553,3.89669057786259
known_mass_baseline,opening,0.27274787258671174,22.454183340449145,21.855439661143837,-0.13683801998934392,-0.1400774690704542,3.8352783016257903
known_mass_baseline,opening,0.2732595946741165,22.38444102703919,21.783629820033383,-0.1357443383954558,-0.14057945121360255,3.7740443785372566
known_mass_baseline,opening,0.27377131676152117,22.315252912813698,21.71156721377302,-0.13467219445793419,-0.1410651846922162,3.713006201900356
known_mass_baseline,opening,0.2742830388489259,22.246607705233373,21.639260418861923,-0.13362260688497946,-0.14153368796210725,3.652184163314322
known_mass_baseline,opening,0.2747947609363306,22.178493652126246,21.56671845263868,-0.1325963571424438,-0.14198421584382506,3.5916019714844363
known_mass_baseline,opening,0.27530648302373534,22.110898657314387,21.49395065810484,-0.1315940120186019,-0.14241623695312708,3.5312868088960556
known_mass_baseline,opening,0.27581820511114,22.043810384747616,21.420966600243954,-0.13061594590030787,-0.14282941142011837,3.471269351428676
known_mass_baseline,opening,0.27632992719854477,21.97721635140191,21.347775973578255,-0.12966236234896683,-0.1432235693086325,3.4115836759672575
known_mass_baseline,opening,0.27684164928594945,21.911104009383468,21.274388520522187,-0.12873331467047042,-0.14359869004170547,3.352267079828457
known_mass_baseline,opening,0.27735337137335414,21.84546081781138,21.200813959959394,-0.12782872526462413,-0.14395488304761328,3.2933598337842183
known_mass_baseline,opening,0.2778650934607589,21.780274305141994,21.1270619253806,-0.1269484036164718,-0.14429236976407134,3.234904887977727
known_mass_baseline,opening,0.27837681554816357,21.71553212265128,21.053141911865687,-0.12609206285490046,-0.1446114670752107,3.1769475473488256
known_mass_baseline,opening,0.2788885376355683,21.651222089816297,20.979063231168738,-0.1252593348541553,-0.14491257220570175,3.119535130510097
known_mass_baseline,opening,0.279400259722973,21.587332232339566,20.904834974162714,-0.12444978389283473,-0.1451961490574588,3.0627166234714625
known_mass_baseline,opening,0.27991198181037774,21.523850813543778,20.830465979915598,-0.12366291891410325,-0.14546271594518395,3.0065423372812665
known_mass_baseline,opening,0.28042370389778243,21.460766359837432,20.75596481069818,-0.1228982044518146,-0.14571283466606233,2.951063576581774
known_mass_baseline,opening,0.28093542598518717,21.39806768091385,20.68133973226018,-0.12215507030139837,-0.14594710082475354,2.896332324281007
known_mass_baseline,opening,0.28144714807259186,21.33574388530415,20.60659869875485,-0.12143292002307247,-0.14616613532611872,2.8424009460213933
known_mass_baseline,opening,0.2819588701599966,21.273784391858083,20.53174934173756,-0.1207311383693309,-0.14637057694373323,2.7893219168604526
known_mass_baseline,opening,0.2824705922474013,21.212178937679454,20.45679896271193,-0.1200490977297384,-0.14656107587115533,2.737147571549839
known_mass_baseline,opening,0.28298231433480603,21.15091758299543,20.381754528743976,-0.11938616368465088,-0.1467382881643307,2.6859298789778028
known_mass_baseline,opening,0.2834940364222107,21.08999071339298,20.306622670711267,-0.11874169975628246,-0.14690287098671462,2.6357202407003015
known_mass_baseline,opening,0.2840057585096154,21.02938903981139,20.231409683797754,-0.11811507144109085,-0.14705547857313828,2.586569312999562
known_mass_baseline,opening,0.28451748059702014,20.96910359663832,20.156121529887002,-0.1175056496022147,-0.1471967588336884,2.538526851551464
known_mass_baseline,opening,0.28502920268442483,20.90912573821794,20.080763841545387,-0.11691281329499556,-0.14732735052456644,2.491641577531328
known_mass_baseline,opening,0.2855409247718296,20.849447134043753,20.005341927322142,-0.11633595209272841,-0.14744788091878416,2.4459610638211604
known_mass_baseline,opening,0.28605264685923426,20.79005976287597,19.929860778126898,-0.11577446797390233,-0.14755896391543621,2.401531639883757
known_mass_baseline,opening,0.286564368946639,20.730955905993408,19.85432507447432,-0.11522777682644952,-0.14766119853202891,2.358398313824136
known_mass_baseline,opening,0.2870760910340437,20.672128139762865,19.7787391944132,-0.1146953096190345,-0.14775516772983768,2.316604710154975
known_mass_baseline,opening,0.28758781312144843,20.613569327684544,19.70310722198084,-0.1141765132842274,-0.14784143752744633,2.276193021809614
known_mass_baseline,opening,0.2880995352088531,20.555272612050743,19.627432956046285,-0.11367085135357935,-0.14792055636245366,2.2372039749955235
known_mass_baseline,opening,0.28861125729625786,20.497231405335274,19.55171991942401,-0.11317780438015124,-0.14799305466579404,2.1996768055455584
known_mass_baseline,opening,0.28912297938366255,20.439439381414363,19.475971368158145,-0.11269687017996377,-0.14805944461720694,2.163649245499631
known_mass_baseline,opening,0.2896347014710673,20.381890466704196,19.400190300891218,-0.1122275639201136,-0.14812022005410944,2.1291575187299867
known_mass_baseline,opening,0.290146423558472,20.324578831287496,19.32437946824575,-0.11176941807793919,-0.14817585650948986,2.0962363445075622
known_mass_baseline,opening,0.2906581456458767,20.26749888008922,19.248541382157857,-0.11132198229258888,-0.14822681135746962,2.064918947990459
known_mass_baseline,opening,0.2911698677332814,20.210645244151866,19.17267832511307,-0.11088482312763423,-0.14827352404789187,2.035237076698687
known_mass_baseline,opening,0.2916815898206861,20.154012772051356,19.096792359242627,-0.11045752376094671,-0.14831641641371823,2.00722102211889
known_mass_baseline,opening,0.29219331190809084,20.097596521487333,19.020885335247016,-0.1100396836159066,-0.14835589303716612,1.9808996456591854
known_mass_baseline,opening,0.2927050339954955,20.041391751074443,18.944958901119737,-0.1096309179461028,-0.14839234166242904,1.9563004082460775
known_mass_baseline,opening,0.29321675608290027,19.98539391235583,18.869014510650114,-0.10923085738399563,-0.14842613364450669,1.9334494029228952
known_mass_baseline,opening,0.29372847817030495,19.929598642054835,18.79305343168931,-0.10883914746253122,-0.14845762442515859,1.9123713898717871
known_mass_baseline,opening,0.2942402002577097,19.874001754576785,18.717076754167312,-0.10845544811738692,-0.14848715402830123,1.8930898333392483
known_mass_baseline,opening,0.2947519223451144,19.818599234769014,18.641085397853047,-0.10807943317638526,-0.14851504756831313,1.8756269399983823
known_mass_baseline,opening,0.2952636444325191,19.763387230944215,18.565080119852112,-0.10771078984160908,-0.14854161576571331,1.8600036983298527
known_mass_baseline,opening,0.2957753665199238,19.70836204816974,18.489061521839872,-0.10734921816888068,-0.1485671554655544,1.8462399186480465
known_mass_baseline,opening,0.29628708860732855,19.653520141822987,18.41303005702934,-0.10699443054850294,-0.14859195015462973,1.8343542734393057
known_mass_baseline,opening,0.29679881069473324,19.598858111411587,18.33698603687549,-0.1066461511905034,-0.1486162704742563,1.8243643377158956
known_mass_baseline,opening,0.297310532782138,19.544372694655213,18.260929637518803,-0.10630411561704736,-0.14864037472596706,1.8162866291225095
known_mass_baseline,opening,0.29782225486954267,19.490060761824765,18.184860905972357,-0.10596807016419363,-0.14866450936793957,1.8101366475621157
known_mass_baseline,opening,0.29833397695694736,19.435919310333883,18.10877976605763,-0.10563777149473884,-0.14868890950041644,1.8059289141349435
known_mass_baseline,opening,0.2988456990443521,19.38194545957651,18.03268602409502,-0.10531298612353114,-0.14871379933873607,1.8036770092087815
known_mass_baseline,opening,0.2993574211317568,19.32813644600398,17.956579374355762,-0.10499348995632077,-0.148739392672909,1.8033936094604437
known_mass_baseline,opening,0.2998691432191615,19.274489618434387,17.88045940428214,-0.10467906784294476,-0.14876589331293974,1.8050905237481283
known_mass_baseline,opening,0.3003808653065662,19.221002433586918,17.80432559948377,-0.10436951314542,-0.1487934955193249,1.8087787276916032
known_mass_baseline,opening,0.30089258739397096,19.167672451833198,17.72817734851736,-0.10406462732132044,-0.148822384418348,1.8144683968533566
known_mass_baseline,opening,0.30140430948137564,19.114497333157907,17.65201394745787,-0.1037642195226572,-0.14885273640195687,1.8221689384273743
known_mass_baseline,opening,0.3019160315687804,19.061474833320688,17.57583460426913,-0.10346810621033971,-0.14888471951214288,1.8318890213553816
known_mass_baseline,opening,0.30242775365618507,19.008602800211364,17.4996384429816,-0.10317611078418618,-0.1489184938098563,1.8436366048012416
known_mass_baseline,opening,0.3029394757435898,18.95587917039047,17.423424507685336,-0.10288806322835573,-0.1489542117285856,1.8574189649244035
known_mass_baseline,opening,0.3034511978309945,18.903301965807437,17.347191766345905,-0.10260379977199957,-0.14899201841280363,1.8732427199023531
known_mass_baseline,opening,0.30396291991839924,18.850869290688458,17.270939114450915,-0.10232316256486583,-0.14903205204154685,1.8911138531599136
known_mass_baseline,opening,0.30447464200580393,18.79857932858671,17.194665378494687,-0.10204599936754442,-0.14907444413744286,1.9110377347705187
known_mass_baseline,opening,0.3049863640932086,18.74643033958733,17.11836931930847,-0.10177216325599808,-0.14911931986153842,1.9330191410009219
known_mass_baseline,opening,0.30549808618061336,18.694420657660054,17.042049635243306,-0.1015015123399993,-0.14916679829431181,1.957062271976517
known_mass_baseline,opening,0.30600980826801805,18.642548688152484,16.965704965212584,-0.10123390949506893,-0.1492169927032721,1.9831707674496075
known_mass_baseline,opening,0.3065215303554228,18.5908129054171,16.88933389160096,-0.10096922210749881,-0.14927001079756458,2.0113477206573824
known_mass_baseline,opening,0.3070332524428275,18.539211850565536,16.812934943046226,-0.10070732183203265,-0.14932595497000942,2.041595690260599
known_mass_baseline,opening,0.3075449745302322,18.487744129343746,16.736506597100494,-0.10044808436177256,-0.14938492252700505,2.0739167103574445
known_mass_baseline,opening,0.3080566966176369,18.436408410121768,16.660047282776677,-0.10019138920988171,-0.14944700590672846,2.108312298570429
known_mass_baseline,opening,0.30856841870504165,18.385203421992383,16.58355538298627,-0.0999371195026538,-0.14951229288606094,2.14478346220688
known_mass_baseline,opening,0.30908014079244633,18.334127952972782,16.507029236874008,-0.09968516178352772,-0.1495808667766626,2.183330702496499
known_mass_baseline,opening,0.3095918628798511,18.283180848303836,16.430467142054898,-0.09943540582763241,-0.14965280661061023,2.2239540169114296
known_mass_baseline,opening,0.31010358496725576,18.232361008841647,16.353867356758805,-0.0991877444664583,-0.14972818731600407,2.266652899576673
known_mass_baseline,opening,0.3106153070546605,18.18166738953631,16.27722810188769,-0.09894207342226119,-0.1498070798829373,2.31142633978034
known_mass_baseline,opening,0.3111270291420652,18.13109899799303,16.2005475629903,-0.09869829115181868,-0.1498895515202095,2.3582728185950503
known_mass_baseline,opening,0.3116387512294699,18.080654893110818,16.123823892158928,-0.09845629869917083,-0.1499756658031523,2.4071903036232847
known_mass_baseline,opening,0.3121504733168746,18.030334183794444,16.047055209852747,-0.09821599955699226,-0.15006548281292206,2.458176241880799
known_mass_baseline,opening,0.3126621954042793,17.98013602773503,15.970239606652001,-0.09797729953625592,-0.15015905926759862,2.5112275508335564
known_mass_baseline,opening,0.31317391749168405,17.930059630255382,15.893375144947042,-0.09774010664386396,-0.15025644864541618,2.5663406076048165
known_mass_baseline,opening,0.31368563957908874,17.880104243216007,15.816459860566397,-0.09750433096793612,-0.150357701300436,2.6235112363697675
known_mass_baseline,opening,0.3141973616664935,17.830269163977828,15.739491764347365,-0.09726988457046093,-0.15046286457095798,2.682734693956504
known_mass_baseline,opening,0.31470908375389817,17.780553734418074,15.662468843653063,-0.09703668138702874,-0.1505719828809501,2.7440056536726383
known_mass_baseline,opening,0.3152208058413029,17.730957339995733,15.585389063839187,-0.09680463713338178,-0.15068509783476394,2.807318187377998
known_mass_baseline,opening,0.3157325279287076,17.681479408863094,15.508250369674066,-0.0965736692185298,-0.15080224830538644,2.872665745824273
known_mass_baseline,opening,0.31624425001611234,17.63211941102014,15.431050686715066,-0.09634369666419426,-0.15092347051646696,2.940041137283755
known_mass_baseline,opening,0.316755972103517,17.582876857508616,15.353787922644683,-0.09611464003035836,-0.15104879811834254,3.009436504489428
known_mass_baseline,opening,0.31726769419092177,17.533751299642624,15.276459968569064,-0.09588642134671298,-0.1511782622582719,3.0808432999100392
known_mass_baseline,opening,0.31777941627832645,17.484742328272873,15.199064700282182,-0.09565896404980265,-0.15131189164507514,3.154252259383865
known_mass_baseline,opening,0.31829113836573114,17.435849573081665,15.121599979498214,-0.09543219292568791,-0.15144971260836335,3.2296533741361273
known_mass_baseline,opening,0.3188028604531359,17.387072701905858,15.044063655055034,-0.09520603405795311,-0.15159174915252965,3.3070358612053874
known_mass_baseline,opening,0.31931458254054057,17.338411420085055,14.966453564091331,-0.09498041478090127,-0.1517380230056614,3.3863881323053078
known_mass_baseline,opening,0.3198263046279453,17.28986546983253,14.888767533199994,-0.09475526363778797,-0.15188855366352152,3.4676977611485693
known_mass_baseline,opening,0.32033802671535,17.241434629626156,14.811003379560193,-0.09453051034395926,-0.15204335842873515,3.5509514492611367
known_mass_baseline,opening,0.32084974880275474,17.19311871361709,14.733158912050653,-0.0943060857547683,-0.15220245244530803,3.63613499031528
known_mass_baseline,opening,0.32136147089015943,17.144917571053583,14.655231932346412,-0.09408192183815622,-0.1523658487285909,3.723233233011387
known_mass_baseline,opening,0.32187319297756417,17.09683108571769,14.577220236001338,-0.09385795165179309,-0.152533558190796,3.812230042539153
known_mass_baseline,opening,0.32238491506496886,17.04885917537255,14.49912161351883,-0.09363410932468431,-0.15270558966216013,3.903108260650119
known_mass_baseline,opening,0.3228966371523736,17.00100179121789,14.420933851412626,-0.093410330043157,-0.15288194990784082,3.995849664374775
known_mass_baseline,opening,0.3234083592397783,16.953258917351672,14.34265473326017,-0.09318655004115062,-0.15306264364062258,4.0904349234185675
known_mass_baseline,opening,0.32392008132718303,16.90563057023557,14.264282040750485,-0.09296270659474334,-0.15324767352950167,4.186843556273039
known_mass_baseline,opening,0.3244318034145877,16.858116798162193,14.185813554728684,-0.09273873802085546,-0.15343704020420948,4.285053885079551
known_mass_baseline,opening,0.3249435255019924,16.81071768072193,14.107247056239197,-0.09251458368007731,-0.15363074225572762,4.385042989285255
known_mass_baseline,opening,0.32545524758939715,16.763433328267247,14.028580327569758,-0.0922901839835785,-0.1538287762328391,4.486786658132665
known_mass_baseline,opening,0.32596696967680183,16.716263881372512,13.949811153298207,-0.09206548040405996,-0.15403113663475382,4.590259342026442
known_mass_baseline,opening,0.3264786917642066,16.66920951028707,13.87093732134395,-0.09184041549071967,-0.15423781589983987,4.6954341028238264
known_mass_baseline,opening,0.32699041385161126,16.62227041437974,13.791956624026314,-0.09161493288820678,-0.15444880439048508,4.8022825630971155
known_mass_baseline,opening,0.327502135939016,16.575446821572505,13.712866859131497,-0.09138897735954651,-0.1546640903741088,4.910774854420394
known_mass_baseline,opening,0.3280138580264207,16.528738987761567,13.633665830990369,-0.09116249481302309,-0.1548836600003361,5.020879564735083
known_mass_baseline,opening,0.32852558011382543,16.482147196223497,13.55435135156875,-0.0909354323330128,-0.15510749727434414,5.132563684853552
known_mass_baseline,opening,0.3290373022012301,16.435671757004744,13.474921241572519,-0.0907077382147646,-0.15533558402638356,5.24579255416263
known_mass_baseline,opening,0.32954902428863486,16.389313006292216,13.39537333156908,-0.09047936200312937,-0.15556789987747438,5.360529805594782
known_mass_baseline,opening,0.33006074637603955,16.343071305763104,13.315705463127566,-0.0902502545352439,-0.15580442220127233,5.476737309937818
known_mass_baseline,opening,0.3305724684634443,16.2969470419118,13.23591548997934,-0.09002036798717694,-0.15604512608209742,5.594375119560775
known_mass_baseline,opening,0.331084190550849,16.250940625351983,13.156001279201142,-0.08978965592455034,-0.15628998426911378,5.713401411637925
known_mass_baseline,opening,0.33159591263825366,16.205052490091727,13.075960712422535,-0.08955807335714822,-0.15653896712664844,5.8337724309602645
known_mass_baseline,opening,0.3321076347256584,16.159283092779685,12.995791687059832,-0.08932557679753053,-0.1567920425806332,5.955442432429804
known_mass_baseline,opening,0.3326193568130631,16.113632911920227,12.915492117578442,-0.08909212432366842,-0.15704917606115332,6.078363623339765
known_mass_baseline,opening,0.33313107890046784,16.068102447055473,12.835059936785505,-0.0888576756456184,-0.15731033044108628,6.2024861055519995
known_mass_baseline,opening,0.3336428009878725,16.022692217912237,12.7544930971551,-0.08862219217625486,-0.15757546597081354,6.327757817691067
known_mass_baseline,opening,0.33415452307527727,15.97740276351167,12.673789572187712,-0.08838563710607678,-0.15784454020898783,6.4541244774847275
known_mass_baseline,opening,0.33466624516268195,15.93223464123957,12.59294735780623,-0.08814797548210616,-0.15811750794934137,6.581529524390225
known_mass_baseline,opening,0.3351779672500867,15.887188425875356,12.511964473790398,-0.08790917429089175,-0.1583943211435218,6.709914062657072
known_mass_baseline,opening,0.3356896893374914,15.84226470857741,12.43083896525177,-0.08766920254562943,-0.1586749288199442,6.839216804989119
known_mass_baseline,opening,0.3362014114248961,15.797464095822827,12.349568904151168,-0.08742803137740737,-0.15895927699865373,6.969374016981437
known_mass_baseline,opening,0.3367131335123008,15.75278720829946,12.268152390860829,-0.08718563413057884,-0.15924730860219571,7.100319462521231
known_mass_baseline,opening,0.33722485559970555,15.708234679747992,12.186587555773036,-0.08694198646226026,-0.15953896336249662,7.231984350357485
known_mass_baseline,opening,0.33773657768711024,15.663807155752178,12.104872560957602,-0.08669706644594574,-0.1598341777237657,7.364297282058841
known_mass_baseline,opening,0.3382482997745149,15.619505292474884,12.023005601869865,-0.08645085467922119,-0.1601328847414351,7.497184201597566
known_mass_baseline,opening,0.33876002186191967,15.575329755338078,11.940984909111545,-0.0862033343955533,-0.1604350139771645,7.630568346814092
known_mass_baseline,opening,0.33927174394932436,15.531281217644501,11.85880875024629,-0.08595449158011709,-0.16074049138994614,7.764370203036989
known_mass_baseline,opening,0.3397834660367291,15.48736035913906,11.77647543167189,-0.08570431508961543,-0.1610492392233591,7.898507459153058
known_mass_baseline,opening,0.3402951881241338,15.443567864507925,11.69398330055122,-0.08545279677603199,-0.16136117588903195,8.032894966443607
known_mass_baseline,opening,0.3408069102115385,15.399904421813279,11.611330746803722,-0.08519993161424226,-0.16167621584638925,8.16744470052619
known_mass_baseline,opening,0.3413186322989432,15.356370720861824,11.528516205159415,-0.08494571783339516,-0.1619942694787714,8.302065726764404
known_mass_baseline,opening,0.34183035438634796,15.312967451505065,11.445538157277111,-0.084690157051957,-0.16231524296603633,8.43666416953384
known_mass_baseline,opening,0.34234207647375264,15.269695301869648,11.362395133928823,-0.08443325441629325,-0.162639038153768,8.571143185757728
known_mass_baseline,opening,0.3428537985611574,15.226554956515852,11.279085717251798,-0.08417501874264159,-0.16296555241924143,8.7054029431538
known_mass_baseline,opening,0.3433655206485621,15.18354709452264,11.195608543070065,-0.08391546266230712,-0.16329467853431043,8.839340603660986
known_mass_baseline,opening,0.3438772427359668,15.14067238749755,11.111962303286761,-0.08365460276988676,-0.16362630452541635,8.972850312544624
known_mass_baseline,opening,0.3443889648233715,15.09793149751014,11.028145748348946,-0.0833924597743031,-0.1639603135309344,9.105823193707275
known_mass_baseline,opening,0.3449006869107762,15.055325074947344,10.944157689785866,-0.08312905865239956,-0.16429658365611008,9.238147351764127
known_mass_baseline,opening,0.34541240899818093,15.01285375628969,10.859997002822128,-0.08286442880481901,-0.16463498782586222,9.369707881471083
known_mass_baseline,opening,0.3459241310855856,14.97051816180729,10.775662629066684,-0.08259860421385382,-0.16497539363576647,9.500386885125677
known_mass_baseline,opening,0.34643585317299036,14.928318893174485,10.691153579278339,-0.08233162360292237,-0.165317663201565,9.63006349859159
known_mass_baseline,opening,0.34694757526039505,14.88625653100271,10.606468936208742,-0.08206353059728945,-0.16566165300758606,9.758613926627552
known_mass_baseline,opening,0.3474592973477998,14.84433163229073,10.521607857522955,-0.08179437388560906,-0.1660072137544962,9.885911488232203
known_mass_baseline,opening,0.3479710194352045,14.802544727792236,10.436569578798162,-0.081524207381827,-0.16635419020684744,10.011826672744316
known_mass_baseline,opening,0.3484827415226092,14.760896319300489,10.351353416600194,-0.08125309038693761,-0.16670242104092742,10.13622720746593
known_mass_baseline,opening,0.3489944636100139,14.719386876850445,10.265958771637866,-0.08098108775004456,-0.167051738693463,10.258978137600632
known_mass_baseline,opening,0.34950618569741865,14.678016835838665,10.18038513199422,-0.08070827002812708,-0.16740196921177677,10.379941919322722
known_mass_baseline,opening,0.35001790778482333,14.636786594062055,10.094632076434129,-0.08043471364386606,-0.16775293210604358,10.498978526811813
known_mass_baseline,opening,0.3505296298722281,14.595696508676363,10.008699277786636,-0.08016050104083185,-0.16810444020434478,10.615945574104668
known_mass_baseline,opening,0.35104135195963276,14.554746893076196,9.92258650640074,-0.07988572083528675,-0.16845629951127059,10.73069845262615
known_mass_baseline,opening,0.3515530740470375,14.51393801369832,9.836293633672339,-0.07961046796379907,-0.16880830907087252,10.843090485268736
known_mass_baseline,opening,0.3520647961344422,14.473270086750746,9.749820635640122,-0.07933484382581403,-0.1691602608348225,10.952973097889293
known_mass_baseline,opening,0.3525765182218469,14.432743274870258,9.663167596647286,-0.07905895642027086,-0.16951193953669022,11.06019600908586
known_mass_baseline,opening,0.3530882403092516,14.392357683711834,9.576334713065918,-0.07878292047530286,-0.1698631225733034,11.164607439101879
known_mass_baseline,opening,0.3535999623966563,14.352113358473668,9.489322297080022,-0.07850685757000013,-0.170213579894211,11.266054338682505
known_mass_baseline,opening,0.35411168448406105,14.31201028036208,9.402130780522768,-0.07823089624716384,-0.17056307390032321,11.364382638674055
known_mass_baseline,opening,0.35462340657146574,14.272048363001364,9.3147607187631,-0.07795517211592701,-0.17091135935285287,11.459437521113234
known_mass_baseline,opening,0.3551351286588705,14.23222744879389,9.227212794635978,-0.07767982794306737,-0.17125818329373454,11.551063712497186
known_mass_baseline,opening,0.35564685074627517,14.192547305236676,9.139487822410224,-0.07740501373179007,-0.17160328497874397,11.639105799855507
known_mass_baseline,opening,0.3561585728336799,14.153007621201091,9.051586751786985,-0.07713088678671376,-0.17194639582458618,11.723408570162736
known_mass_baseline,opening,0.3566702949210846,14.11360800318314,8.963510671921512,-0.076857611763754,-0.17228723937125845,11.80381737353078
known_mass_baseline,opening,0.35718201700848934,14.074347971532347,8.875260815459933,-0.07658536070356178,-0.17262553126103192,11.880178510506845
known_mass_baseline,opening,0.357693739095894,14.035226956668039,8.78683856258229,-0.07631431304714847,-0.17296097923542136,11.952339643670431
known_mass_baseline,opening,0.35820546118329877,13.996244295292485,8.698245445042158,-0.07604465563230337,-0.1732932831515385,12.020150233574132
known_mass_baseline,opening,0.35871718327070345,13.95739922661109,8.609483150192759,-0.07577658266939907,-0.17362213501923335,12.083461998904905
known_mass_baseline,opening,0.35922890535810814,13.918690888570518,8.520553524988276,-0.07551029569517283,-0.17394721906043842,12.142129400556385
known_mass_baseline,opening,0.3597406274455129,13.880118314126442,8.43145857994899,-0.07524600350307867,-0.17426821179212026,12.19601014909653
known_mass_baseline,opening,0.36025234953291757,13.841680427553202,8.342200493077536,-0.07498392204882151,-0.17458478213422937,12.244965734890243
known_mass_baseline,opening,0.3607640716203223,13.80337604080842,8.252781613713221,-0.07472427432971258,-0.17489659154400977,12.288861979892529
known_mass_baseline,opening,0.361275793707727,13.7652038499664,8.163204466310674,-0.0744672902365295,-0.17520329417798586,12.32756960986504
known_mass_baseline,opening,0.36178751579513174,13.727162431734559,8.073471754128137,-0.07421320637662042,-0.17550453708288827,12.360964845489203
known_mass_baseline,opening,0.36229923788253643,13.689250240068064,7.9835863628105,-0.07396226586706561,-0.17579996041670704,12.38893001055237
known_mass_baseline,opening,0.36281095996994117,13.65146560289814,7.893551363851186,-0.07371471809679764,-0.17608919770097067,12.411354155072987
known_mass_baseline,opening,0.36332268205734586,13.613806718990341,7.803370017916828,-0.07347081845669155,-0.1763718761052428,12.428133690907027
known_mass_baseline,opening,0.3638344041447506,13.576271654949236,7.713045778017813,-0.07323082803675715,-0.17664761676470286,12.439173037045355
known_mass_baseline,opening,0.3643461262321553,13.53885834238671,7.62258229250784,-0.07299501328971483,-0.17691603513153303,12.444385271471734
known_mass_baseline,opening,0.36485784831956003,13.50156457527106,7.531983407894716,-0.07276364566039578,-0.17717674136067008,12.443692786108851
known_mass_baseline,opening,0.3653695704069647,13.464388007474641,7.44125317144507,-0.07253700118059231,-0.17742934073029734,12.437027941038272
known_mass_baseline,opening,0.3658812924943694,13.427326150537661,7.3503958335647965,-0.07231536002918684,-0.1776734340972512,12.424333713845026
known_mass_baseline,opening,0.36639301458177415,13.39037637166597,7.259415849937609,-0.0720990060576085,-0.17790861838729194,12.405564339613118
known_mass_baseline,opening,0.36690473666917883,13.353535891980496,7.168317883403871,-0.07188822628090785,-0.17813448711995117,12.380685936790705
known_mass_baseline,opening,0.3674164587565836,13.316801785035796,7.077106805562034,-0.07168331033499767,-0.17835063096740852,12.349677113858753
known_mass_baseline,opening,0.36792818084398826,13.280170975624836,6.985787698075636,-0.07148454990088288,-0.17855663834657542,12.312529551481122
known_mass_baseline,opening,0.368439902931393,13.243640238886586,6.894365853668949,-0.07129223809699169,-0.17875209604327524,12.269248554593545
known_mass_baseline,opening,0.3689516250187977,13.207206199732546,6.802846776795459,-0.07110666884102376,-0.17893658986710556,12.219853568711025
known_mass_baseline,opening,0.36946334710620243,13.170865332607098,6.7112361839635355,-0.07092813618304286,-0.17910970533525525,12.164378654603546
known_mass_baseline,opening,0.3699750691936071,13.134613961596223,6.619540003705425,-0.0707569336118643,-0.17927102838322806,12.102872915416743
known_mass_baseline,opening,0.37048679128101186,13.09844826089738,6.527764376175978,-0.07059335333711281,-0.1794201461000982,12.03540087030152
known_mass_baseline,opening,0.37099851336841655,13.062364255662473,6.4359156523695615,-0.07043768554965407,-0.17955664748559513,11.96204276867267
known_mass_baseline,opening,0.3715102354558213,13.026357823224156,6.344000392944493,-0.07029021766342888,-0.17968012422599045,11.88289483934461
known_mass_baseline,opening,0.372021957543226,12.990424694714157,6.252025366646449,-0.07015123354203834,-0.17979017148543952,11.798069468997983
known_mass_baseline,opening,0.37253367963063067,12.954560457080497,6.159997548323615,-0.07002101271373595,-0.17988638870912296,11.707695304717396
known_mass_baseline,opening,0.3730454017180354,12.918760555508575,6.067924116528783,-0.06989982957877752,-0.1799683804342382,11.611917275709867
known_mass_baseline,opening,0.3735571238054401,12.883020296248887,5.975812450705295,-0.06978795261335277,-0.18003575710461886,11.510896529767521
known_mass_baseline,opening,0.37406884589284484,12.847334849852063,5.883670127956077,-0.06968564357457274,-0.1800881358845084,11.404810280575205
known_mass_baseline,opening,0.3745805679802495,12.81169925480948,5.791504919397615,-0.06959315671120822,-0.18012514146679465,11.293851562583757
known_mass_baseline,opening,0.37509229006765427,12.776108421595177,5.699324786102594,-0.06951073798506181,-0.18014640687082328,11.178228890866945
known_mass_baseline,opening,0.37560401215505895,12.740557137102527,5.607137874638228,-0.06943862430800676,-0.18015157422475847,11.058165824151956
known_mass_baseline,opening,0.3761157342424637,12.705040069466119,5.514952512209085,-0.06937704279983416,-0.18014029552735084,10.933900430049897
known_mass_baseline,opening,0.3766274563298684,12.669551773257075,5.422777201416664,-0.06932621007211345,-0.1801122333839076,10.805684652408582
known_mass_baseline,opening,0.3771391784172731,12.634086695037002,5.3306206146498925,-0.0692863315432873,-0.18006706171124726,10.673783581651588
known_mass_baseline,opening,0.3776509005046778,12.59863917925335,5.238491588124089,-0.06925760079018514,-0.18000446640645307,10.538474629946279
known_mass_baseline,opening,0.37816262259208255,12.563203474456209,5.1463991155879345,-0.06924019894105377,-0.17992414597433087,10.400046614043578
known_mass_baseline,opening,0.37867434467948724,12.527773739814023,5.0543523417210885,-0.06923429411505969,-0.17982581210861534,10.258798749641977
known_mass_baseline,opening,0.3791860667668919,12.492344051903187,4.962360555247134,-0.06924004091302469,-0.17970919022216628,10.115039562129992
known_mass_baseline,opening,0.37969778885429667,12.456908411744205,4.870433181789318,-0.06925757996390527,-0.1795740199216449,9.969085719542512
known_mass_baseline,opening,0.38020951094170136,12.42146075205476,4.778579776498508,-0.06928703753122614,-0.17942005542246034,9.821260794507737
known_mass_baseline,opening,0.3807212330291061,12.385994944687944,4.686810016484793,-0.06932852518332812,-0.17924706590012918,9.671893962850188
known_mass_baseline,opening,0.3812329551165108,12.35050480822226,4.595133693086497,-0.06938213953089029,-0.1790548357745868,9.521318647334917
known_mass_baseline,opening,0.38174467720391553,12.314984115667963,4.503560704011312,-0.06944796203474929,-0.17884316492443222,9.369871115772886
known_mass_baseline,opening,0.3822563992913202,12.279426602253302,4.412101045386474,-0.06952605888655516,-0.17861186882856467,9.217889043347531
known_mass_baseline,opening,0.38276812137872496,12.24382597325267,4.320764803755281,-0.06961648096429567,-0.17836077863318434,9.065710049551697
known_mass_baseline,opening,0.38327984346612964,12.208175911818106,4.22956214805896,-0.0697192638641784,-0.1780897411426674,8.9136702205372
known_mass_baseline,opening,0.3837915655535344,12.172470086774647,4.138503321642681,-0.06983442800980308,-0.17779861873338468,8.76210262796326
known_mass_baseline,opening,0.3843032876409391,12.136702160340047,4.047598634325669,-0.06996197883898245,-0.17748728919010737,8.611335855584887
known_mass_baseline,opening,0.3848150097283438,12.100865795728975,3.9568584545746432,-0.07010190706799077,-0.17715564546522106,8.461692544839117
known_mass_baseline,opening,0.3853267318157485,12.0649546646024,3.8662932018201897,-0.07025418903244035,-0.1768035953615499,8.3134879705704
known_mass_baseline,opening,0.3858384539031532,12.028962454323183,3.775913338954609,-0.07041878710341691,-0.17643106114016116,8.167028657784012
known_mass_baseline,opening,0.38635017599055793,11.99288287497988,3.6857293650493044,-0.0705956501769467,-0.17603797905507756,8.022611049935687
known_mass_baseline,opening,0.3868618980779626,11.956709666141826,3.59575180832848,-0.07078471423433796,-0.17562429881735847,7.880520238761337
known_mass_baseline,opening,0.38737362016536736,11.920436603309943,3.5059912194344265,-0.0709859029704312,-0.17518998299151364,7.74102876503279
known_mass_baseline,opening,0.38788534225277205,11.884057504029448,3.4164581650184127,-0.0711991284863237,-0.17473500632768835,7.604395498905063
known_mass_baseline,opening,0.3883970643401768,11.847566233632373,3.32716322168879,-0.07142429204270132,-0.17425935503348614,7.470864607708938
known_mass_baseline,opening,0.3889087864275815,11.81095671057997,3.238116970346373,-0.07166128486952263,-0.17376302598968657,7.340664618155974
known_mass_baseline,opening,0.3894205085149862,11.774222911377366,3.1493299909344477,-0.0719099890274623,-0.17324602591445198,7.214007578973732
known_mass_baseline,opening,0.3899322306023909,11.737358875035168,3.0608128576287177,-0.0721702783162285,-0.1727083704809101,7.091088328995568
known_mass_baseline,opening,0.39044395268979565,11.700358707055363,2.972576134489529,-0.07244201922463539,-0.17215008339323212,6.972083874704732
known_mass_baseline,opening,0.39095567477720033,11.663216582921507,2.884630371596488,-0.07272507191712663,-0.17157119542651264,6.857152880195954
known_mass_baseline,opening,0.3914673968646051,11.62592675107586,2.796986101682395,-0.07301929125131895,-0.17097174343588298,6.7464352714812135
known_mass_baseline,opening,0.39197911895200976,11.588483535369162,2.7096538372810484,-0.07332452782105786,-0.17035176934036783,6.640051956048012
known_mass_baseline,opening,0.39249084103941445,11.550881336971187,2.622644068400206,-0.07364062901945657,-0.16971131908701448,6.53810465758881
known_mass_baseline,opening,0.3930025631268192,11.51311463573345,2.5359672607285475,-0.07396744011641566,-0.1690504416007998,6.440675864874532
known_mass_baseline,opening,0.3935142852142239,11.475177990997992,2.4496338543825202,-0.07430480534519653,-0.1683691877257426,6.347828892851965
known_mass_baseline,opening,0.3940260073016286,11.437066041848878,2.3636542631960262,-0.07465256899274203,-0.16766760916252868,6.25960805321452
known_mass_baseline,opening,0.3945377293890333,11.398773506805995,2.2780388745537086,-0.07501057648859732,-0.16694575740779904,6.176038930936722
known_mass_baseline,opening,0.39504945147643805,11.360295182962947,2.1927980497653516,-0.07537867548748241,-0.16620368270004826,6.097128762577994
known_mass_baseline,opening,0.39556117356384274,11.321625944573727,2.1079421249772046,-0.07575671694079686,-0.16544143297685662,6.022866911558341
known_mass_baseline,opening,0.3960728956512475,11.282760741094716,2.0234814126128176,-0.07614455615259724,-0.16465905284791502,5.953225435085602
known_mass_baseline,opening,0.39658461773865217,11.243694594691332,1.9394262033346912,-0.07654205381586728,-0.1638565825880255,5.888159736975228
known_mass_baseline,opening,0.3970963398260569,11.204422597220166,1.8557867685150953,-0.07694907702520426,-0.16303405715395336,5.827609300244717
known_mass_baseline,opening,0.3976080619134616,11.164939906699763,1.7725733632032699,-0.07736550026235967,-0.16219150522869713,5.771498493085627
known_mass_baseline,opening,0.39811978400086634,11.125241743284688,1.689796229573842,-0.07779120635140013,-0.16132894829640845,5.719737441611266
known_mass_baseline,opening,0.398631506088271,11.085323384759253,1.6074656008403088,-0.07822608738058717,-0.16044639975086772,5.672222962643601
known_mass_baseline,opening,0.3991432281756757,11.045180161568524,1.5255917056154504,-0.07867004558841328,-0.1595438640400774,5.6288395497320005
known_mass_baseline,opening,0.39965495026308046,11.004807451405588,1.4441847726998314,-0.07912299421156713,-0.15862133584920238,5.589460405583668
known_mass_baseline,opening,0.40016667235048514,10.9642006733751,1.3632550362782068,-0.07958485829293771,-0.1576787993237501,5.553948514122875
known_mass_baseline,opening,0.4006783944378899,10.923355281753812,1.2828127415027042,-0.08005557544809566,-0.15671622733455057,5.522157745476682
known_mass_baseline,opening,0.40119011652529457,10.8822667593699,1.2028681504413046,-0.08053509658901403,-0.1557335807857798,5.493933987301376
known_mass_baseline,opening,0.4017018386126993,10.840930610622985,1.1234315483690744,-0.08102338660410682,-0.15473080796694555,5.4691162960081625
known_mass_baseline,opening,0.402213560700104,10.799342354167537,1.0445132503797243,-0.08152042499396811,-0.1537078439494572,5.4475380616125815
known_mass_baseline,opening,0.40272528278750874,10.757497515282344,0.9661236082943759,-0.0820262064624944,-0.1526646100280967,5.4290281801116835
known_mass_baseline,opening,0.40323700487491343,10.715391617948937,0.8882730178447475,-0.08254074146335705,-0.1516010132074261,5.41341222748076
known_mass_baseline,opening,0.40374872696231817,10.673020176661712,0.8109719261075766,-0.08306405670207487,-0.15051694573288285,5.400513629570861
known_mass_baseline,opening,0.40426044904972286,10.630378687992444,0.7342308391678045,-0.08359619559420225,-0.14941228466604892,5.390154822374598
known_mass_baseline,opening,0.4047721711371276,10.587462621931335,0.6580603299878168,-0.08413721868041824,-0.14828689150330987,5.382158397306403
known_mass_baseline,opening,0.4052838932245323,10.54426741302653,0.5824710464610852,-0.08468720399955453,-0.14714061183686777,5.376348226310796
known_mass_baseline,opening,0.405795615311937,10.500788451343185,0.5074737196285811,-0.08524624742086123,-0.14597327505680913,5.372550561765612
known_mass_baseline,opening,0.4063073373993417,10.457021073262629,0.4330791720375416,-0.08581446293705998,-0.14478469409268258,5.370595106284561
known_mass_baseline,opening,0.4068190594867464,10.412960552141248,0.3592983262227624,-0.08639198291998997,-0.14357466519277934,5.3703160476442005
known_mass_baseline,opening,0.40733078157415115,10.368602088847611,0.28614221329152734,-0.0869789583409147,-0.14234296773905172,5.371553054163996
known_mass_baseline,opening,0.40784250366155583,10.323940802195514,0.21362198159476098,-0.0875755589578186,-0.1410893640953422,5.374152225955665
known_mass_baseline,opening,0.4083542257489606,10.278971719288961,0.1417489054677274,-0.08818197347230348,-0.1398135994863133,5.377966997531143
known_mass_baseline,opening,0.40886594783636526,10.233689765794137,0.07053439402557748,-0.0887984096589788,-0.13851540190418815,5.382858987319489
known_mass_baseline,opening,0.40937766992377,10.188089756151468,-1.0000000002542697e-05,-0.08942509446972785,-0.1371944820409181,5.3886986613814685
known_mass_baseline,closing,0.0,0.0,0.0,0.0,0.0,5.0
known_mass_baseline,closing,0.00037796284673883706,9.075081526631912e-07,1.0492297196378547e-06,7.193642635324068e-06,8.316996836021401e-06,5.007016837136915
known_mass_baseline,closing,0.0007559256934776741,7.231359516216362e-06,8.360510826186446e-06,2.862288284830378e-05,3.3091874755413286e-05,5.013925699104709
known_mass_baseline,closing,0.001133888540216511,2.4309312068254403e-05,2.810464942914164e-05,6.406175459402807e-05,7.406224330910784e-05,5.020727719528817
known_mass_baseline,closing,0.0015118513869553482,5.7394109946759765e-05,6.635372425788699e-05,0.00011328636888662251,0.00013096807220464718,5.027424023827809
known_mass_baseline,closing,0.0018898142336941852,0.00011165426607245854,0.00012908197611116593,0.00017607490093991273,0.00020355167756320653,5.034015729442572
known_mass_baseline,closing,0.002267777080433022,0.0001921748399002085,0.00022216669214373017,0.00025220757724587974,0.000291557708349333,5.040503946130644
known_mass_baseline,closing,0.0026457399271718595,0.0003039582102691758,0.00035138908506211503,0.0003414666625556052,0.00039473313300837724,5.04688977632153
known_mass_baseline,closing,0.0030237027739106965,0.000451924843308629,0.0005224351673142922,0.00044363644672964185,0.0005128272263443503,5.053174315529004
known_mass_baseline,closing,0.0034016656206495334,0.0006409140553439814,0.0007408966203700279,0.00055850323142623,0.000645591556669459,5.059358652816526
known_mass_baseline,closing,0.0037796284673883703,0.0008756847707361868,0.0010122716592001822,0.0006858553165980474,0.0007927799732543089,5.065443871312025
known_mass_baseline,closing,0.004157591314127207,0.0011609162745768386,0.0013419658920738034,0.0008254829867698214,0.0009541485941061223,5.071431048768475
known_mass_baseline,closing,0.004535554160866044,0.0015012089601511857,0.0017352931758018882,0.0009771784970708844,0.0011294557941005437,5.077321258166717
known_mass_baseline,closing,0.004913517007604881,0.0019010850710718652,0.002197476466565991,0.0011407360589986667,0.001318462193490756,5.083115568357212
known_mass_baseline,closing,0.005291479854343719,0.002364989437977355,0.002733648666478521,0.0013159518258906773,0.0015209306468159953,5.0888150447374265
known_mass_baseline,closing,0.005669442701082556,0.0028972902096809712,0.0033488534660295628,0.0015026238780842757,0.001736626232229842,5.0944207499617145
known_mass_baseline,closing,0.006047405547821393,0.0035022795786488407,0.004048046182582528,0.0017005522077452248,0.0019653162412670085,5.099933744680655
known_mass_baseline,closing,0.00642536839456023,0.00418417450067821,0.004836094595087591,0.0019095387033475017,0.002206770169065791,5.105355088306889
known_mass_baseline,closing,0.006803331241299067,0.004947117408641275,0.0057177797751881785,0.002129387133788502,0.002460759705061725,5.110685839804628
known_mass_baseline,closing,0.007181294088037904,0.005795176920153978,0.006697796914901306,0.0023599031321252374,0.002727058724166565,5.115927058500082
known_mass_baseline,closing,0.007559256934776741,0.0067323485390240086,0.007780756151057596,0.002600894178918711,0.00300544327844505,5.121079804910179
known_mass_baseline,closing,0.007937219781515579,0.007762555350327691,0.00897118338669124,0.0028521695851749895,0.003295691589300606,5.12614514158701
known_mass_baseline,closing,0.008315182628254415,0.008889648708961482,0.010273521109574234,0.0031135404748729918,0.003597584040179697,5.131124133975566
known_mass_baseline,closing,0.008693145474993252,0.010117408921510104,0.011692129208092475,0.0033848197670703294,0.003910903169803136,5.136017851282428
known_mass_baseline,closing,0.009071108321732088,0.01144954592127039,0.013231285784664131,0.0036658221575799218,0.004235433665931275,5.140827367353133
known_mass_baseline,closing,0.009449071168470926,0.012889699936267601,0.014895187966903492,0.003956364100211379,0.004570962359668903,5.145553761556102
known_mass_baseline,closing,0.009827034015209762,0.014441442150098531,0.016687952716734823,0.004256263787572245,0.004917278220314259,5.150198119671077
known_mass_baseline,closing,0.0102049968619486,0.016108275355434583,0.018613617637662835,0.0045653411314258005,0.005274172350755313,5.154761534780126
known_mass_baseline,closing,0.010582959708687438,0.017893634600016403,0.020676141780406734,0.0048834177426025915,0.00564143798341568,5.159245108159412
known_mass_baseline,closing,0.010960922555426274,0.019800887824971483,0.0228794064471062,0.005210316910464744,0.006018870476750974,5.163649950170011
known_mass_baseline,closing,0.011338885402165112,0.02183333649528539,0.025227215994307117,0.00554586358192245,0.006406267312295732,5.167977181146198
known_mass_baseline,closing,0.011716848248903948,0.02399421622225731,0.02772329863493485,0.005889884340003505,0.0068034280922597825,5.172227932279747
known_mass_baseline,closing,0.012094811095642786,0.0262866973777717,0.030371307239462974,0.006242207381977319,0.0072101545376724065,5.176403346498915
known_mass_baseline,closing,0.012472773942381622,0.028713885700217583,0.033174820136483284,0.006602662497035945,0.0076262504870712655,5.180504579340919
known_mass_baseline,closing,0.01285073678912046,0.031278822891889047,0.03613734191288294,0.006971081043535356,0.008051521895732697,5.18453279981687
known_mass_baseline,closing,0.013228699635859296,0.0339844872077011,0.03926230421383212,0.007347295925800798,0.008485776835439223,5.188489191268261
known_mass_baseline,closing,0.013606662482598134,0.0368337940350575,0.042553066542784894,0.0077311415705009386,0.008928825494779156,5.192374952214281
known_mass_baseline,closing,0.013984625329336971,0.039829596464707615,0.04601291706169259,0.008122453902595729,0.00938048017997312,5.196191297189364
known_mass_baseline,closing,0.014362588176075807,0.042974685852433435,0.049645073391628665,0.008521070320863782,0.00984055531622148,5.199939457570591
known_mass_baseline,closing,0.014740551022814645,0.04627179237140791,0.053452683414020104,0.008926829673015082,0.010308867449566453,5.2036206823947015
known_mass_baseline,closing,0.015118513869553481,0.04972358555506936,0.057438826072678625,0.009339572230395216,0.01078523524926221,5.2072362391646685
known_mass_baseline,closing,0.01549647671629232,0.053332674830359306,0.06160651217682326,0.009759139662287879,0.011269479510646508,5.210787414645997
known_mass_baseline,closing,0.015874439563031157,0.057101610041172236,0.06595868520528135,0.010185375009821787,0.011761423158506668,5.214275515653065
known_mass_baseline,closing,0.01625240240976999,0.06103288196186937,0.07049822211205431,0.010618122659488841,0.012260891250933234,5.217701869826053
known_mass_baseline,closing,0.01663036525650883,0.06512892280071171,0.07522793413343151,0.011057228316279897,0.01276771098365468,5.2210678263992145
known_mass_baseline,closing,0.017008328103247667,0.06939210669306695,0.08015056759683167,0.011502538976444288,0.01328171169484632,5.224374756961411
known_mass_baseline,closing,0.017386290949986505,0.07382475018425079,0.08526880473155063,0.011953902899879066,0.013802724870407467,5.227624056210088
known_mass_baseline,closing,0.017764253796725343,0.07842911270186383,0.09058526448159175,0.012411169582153582,0.014330584149701033,5.230817142700072
known_mass_baseline,closing,0.018142216643464177,0.08320739701748597,0.09610250332075185,0.012874189726174193,0.014865125331750042,5.2339554595887545
known_mass_baseline,closing,0.018520179490203015,0.08816174969759392,0.10182301607013453,0.01334281521349362,0.015406186381886604,5.237040475379461
known_mass_baseline,closing,0.018898142336941853,0.09329426154356853,0.10774923671826198,0.013816899075268564,0.015953607438849392,5.240073684665048
known_mass_baseline,closing,0.01927610518368069,0.09860696802065909,0.11388353924395354,0.014296295462868498,0.016507230822326264,5.243056608873903
known_mass_baseline,closing,0.019654068030419525,0.10410184967577223,0.12022823844213786,0.014780859618137488,0.01706690104093979,5.245990797020815
known_mass_baseline,closing,0.020032030877158363,0.10978083254395786,0.12678559075276888,0.015270447843310348,0.017632464800674718,5.248877826465317
known_mass_baseline,closing,0.0204099937238972,0.1156457885434562,0.13355779509300797,0.01576491747058274,0.018203771013746494,5.25171930368033
known_mass_baseline,closing,0.020787956570636038,0.12169853585918029,0.14054699369284343,0.016264126831334325,0.018780670807912098,5.2545168650341205
known_mass_baseline,closing,0.021165919417374876,0.12794083931449923,0.14775527293431234,0.01676793522500291,0.019363017536225033,5.257272177588753
known_mass_baseline,closing,0.02154388226411371,0.13437441073119,0.15518466419449356,0.017276202887605816,0.019950666787237396,5.259986939918376
known_mass_baseline,closing,0.021921845110852548,0.14100090927742492,0.16283714469244223,0.017788790959904186,0.020543476395653484,5.262662882950857
known_mass_baseline,closing,0.022299807957591386,0.14782194180365846,0.17071463834023753,0.018305561455204386,0.021141306453440277,5.265301770836396
known_mass_baseline,closing,0.022677770804330224,0.1548390631662727,0.17881901659831584,0.018826377226789717,0.021744019321401437,5.267905401846871
known_mass_baseline,closing,0.023055733651069058,0.16205377653884384,0.1871520993352685,0.019351101934974316,0.02235147964122241,5.270475609309788
known_mass_baseline,closing,0.023433696497807896,0.1694675337108835,0.19571565569228258,0.019879600013770513,0.022963554347995453,5.2730142625807686
known_mass_baseline,closing,0.023811659344546734,0.17708173537390526,0.2045114049524064,0.02041173663715953,0.023580112683233952,5.275523268058588
known_mass_baseline,closing,0.02418962219128557,0.1848977313946677,0.21354101741482928,0.02094737768495494,0.024201026208386527,5.278004570246815
known_mass_baseline,closing,0.02456758503802441,0.19291682107543623,0.22280611527436567,0.02148638970824794,0.024826168818861995,5.2804601528660955
known_mass_baseline,closing,0.024945547884763244,0.20114025340110323,0.23230827350633748,0.022028639894422282,0.025455416758576183,5.282892040021162
known_mass_baseline,closing,0.02532351073150208,0.2095692272730015,0.2420490207570549,0.022573996031727505,0.0260886486350323,5.2853022974265444
known_mass_baseline,closing,0.02570147357824092,0.21820489172924387,0.2520298402401011,0.023122326473398833,0.026725745434946317,5.287693033694969
known_mass_baseline,closing,0.026079436424979757,0.22704834615141226,0.2622521706386256,0.023673500101312413,0.027366590540427744,5.2900664016922585
known_mass_baseline,closing,0.02645739927171859,0.23610064045742218,0.2727174070138618,0.02422738628916587,0.02801106974572621,5.292424599962496
known_mass_baseline,closing,0.02683536211845743,0.24536277528037745,0.2834269017200801,0.02478385486517509,0.028659071274552115,5.294769874226979
known_mass_baseline,closing,0.027213324965196267,0.2548357021332359,0.2943819653262002,0.025342776074280347,0.029310485797978635,5.2971045189603725
known_mass_baseline,closing,0.027591287811935105,0.26452032355909394,0.3055838675442769,0.025904020539856635,0.029965206452928893,5.299430879047192
known_mass_baseline,closing,0.027969250658673943,0.27441749326690734,0.3170338381650871,0.026467459224926857,0.030623128861250574,5.301751351521515
known_mass_baseline,closing,0.028347213505412777,0.28452801625245727,0.32873306800103563,0.027032963392879382,0.031284151149375196,5.304068387392517
known_mass_baseline,closing,0.028725176352151615,0.29485264890437685,0.3406827098366019,0.027600404567696347,0.03194817396855605,5.306384493558098
known_mass_baseline,closing,0.029103139198890453,0.3053920990950526,0.3528838793865408,0.028169654493703903,0.03261510051567262,5.308702234808513
known_mass_baseline,closing,0.02948110204562929,0.3161470262562294,0.36533765626205605,0.028740585094862204,0.03328483655458439,5.311024235921524
known_mass_baseline,closing,0.029859064892368125,0.32711804143914097,0.3780450849451399,0.029313068433619194,0.033957290438008714,5.313353183850111
known_mass_baseline,closing,0.030237027739106963,0.33830570735901383,0.39100717577127825,0.02988697666936089,0.03463237312989036,5.315691830003424
known_mass_baseline,closing,0.0306149905858458,0.34971053842379674,0.4042249059206968,0.030462182016499705,0.03530999822822077,5.318042992621004
known_mass_baseline,closing,0.03099295343258464,0.36133300074698793,0.417699220418309,0.031038556702252654,0.03599008198825493,5.320409559239933
known_mass_baseline,closing,0.03137091627932347,0.37317351214445493,0.4314310331425027,0.031615972924172626,0.03667254334606188,5.322794489253868
known_mass_baseline,closing,0.031748879126062314,0.3852324421151708,0.4454212278428836,0.03219430280750957,0.03735730394233319,5.325200816562436
known_mass_baseline,closing,0.03212684197280115,0.39751011180581153,0.45967065916704614,0.03277341836249123,0.03804428814635746,5.327631652308773
known_mass_baseline,closing,0.03250480481953998,0.41000679395921263,0.4741801536964258,0.033353191441630126,0.038733423080055326,5.330090187702382
known_mass_baseline,closing,0.032882767666278824,0.42272271284671226,0.48895051099122605,0.03393349369718027,0.03942463864195121,5.332579696923809
known_mass_baseline,closing,0.03326073051301766,0.4356580441844631,0.5039825046443704,0.034514196538885274,0.04011786753093873,5.335103540106966
known_mass_baseline,closing,0.0336386933597565,0.4488129150338568,0.5192768833443749,0.03509517109218115,0.040813045269677405,5.337665166394184
known_mass_baseline,closing,0.034016656206495334,0.4621874036862658,0.5348343719469634,0.03567628815703809,0.04151011022743546,5.340268117058437
known_mass_baseline,closing,0.03439461905323417,0.47578153953238134,0.5506556725551818,0.036257418167650546,0.042209003642169646,5.342916028686384
known_mass_baseline,closing,0.03477258189997301,0.48959530291651043,0.5667414656076726,0.03683843115320909,0.04290966964160697,5.345612636415185
known_mass_baseline,closing,0.035150544746711844,0.5036286249762952,0.5830924109746928,0.037419196700017074,0.043612055263067495,5.3483617772153025
known_mass_baseline,closing,0.035528507593450685,0.517881387468412,0.5997091490613393,0.037999583915242066,0.04431611047173545,5.351167393210823
known_mass_baseline,closing,0.03590647044018952,0.5323534225809246,0.6165923019173322,0.03857946139262441,0.045021788177057175,5.354033535028043
known_mass_baseline,closing,0.036284433286928354,0.54704451273311,0.6337424743525955,0.039158697180497866,0.04572904424691127,5.3569643651624475
known_mass_baseline,closing,0.036662396133667195,0.5619543903636897,0.6511602550577044,0.03973715875251091,0.04643783751916089,5.359964161353515
known_mass_baseline,closing,0.03704035898040603,0.577082737708567,0.6688462177281377,0.04031471298147321,0.04714812981016356,5.363037319956135
known_mass_baseline,closing,0.037418321827144864,0.5924291865693545,0.6868009221911072,0.040891226116790455,0.047859885919776565,5.36618835929685
known_mass_baseline,closing,0.037796284673883705,0.6079933180741174,0.7050249155335303,0.041466563765986765,0.04857307363235642,5.369421923002596
known_mass_baseline,closing,0.03817424752062254,0.6237746624319926,0.723518733229539,0.042040590880855364,0.04928766371321211,5.3727427832890875
known_mass_baseline,closing,0.03855221036736138,0.639772698683545,0.7422829002657062,0.0426131717488184,0.05000362989993243,5.376155844195624
known_mass_baseline,closing,0.038930173214100215,0.6559868544489317,0.7613179322619202,0.0431841699901159,0.05072094888796454,5.379666144752714
known_mass_baseline,closing,0.03930813606083905,0.6724165056762119,0.7806243365856209,0.043753448561486705,0.051439600309782646,5.383278862068655
known_mass_baseline,closing,0.03968609890757789,0.689060976392389,0.8002026134568438,0.04432086976704381,0.052159566706943876,5.386999314321069
known_mass_baseline,closing,0.040064061754316725,0.7059195384600303,0.8200532570412368,0.044886295277085715,0.05288083349428819,5.390832963639297
known_mass_baseline,closing,0.040442024601055566,0.7229914113426263,0.8401767565279413,0.04544958615562495,0.05360338891550232,5.394785418863654
known_mass_baseline,closing,0.0408199874477944,0.7402757618821286,0.8605735971889201,0.046010602897450285,0.054327223989230504,5.398862438167699
known_mass_baseline,closing,0.041197950294533235,0.7577717040924296,0.8812442614159957,0.04656920547557292,0.05505233244488135,5.403069931530002
known_mass_baseline,closing,0.041575913141272076,0.7754782989728733,0.9021892297315355,0.0471252533999366,0.05577871064725013,5.407413963042371
known_mass_baseline,closing,0.04195387598801091,0.7933945543462354,0.9234089817684002,0.04767860578829829,0.05650635750905107,5.41190075304208
known_mass_baseline,closing,0.04233183883474975,0.8115194247259293,0.9449039972143957,0.0482291214502045,0.05723527439043265,5.416536680056456
known_mass_baseline,closing,0.042709801681488586,0.8298518112175833,0.9666747567161397,0.04877665898500316,0.057965464984536724,5.42132828254907
known_mass_baseline,closing,0.04308776452822742,0.8483905614604562,0.9887217427368861,0.0493210768948366,0.05869693518815511,5.426282260457917
known_mass_baseline,closing,0.04346572737496626,0.8671344696145491,1.011045440362502,0.04986223371355887,0.05942969295654123,5.431405476517226
known_mass_baseline,closing,0.043843690221705096,0.8860822763995866,1.0336463380494192,0.05039998815250629,0.060163748141445525,5.436704957355939
known_mass_baseline,closing,0.04422165306844393,0.9052326691924373,1.0565249283080664,0.050934199264028174,0.06089911231147023,5.442187894367525
known_mass_baseline,closing,0.04459961591518277,0.9245842821898241,1.0796817083149144,0.05146472662364467,0.06163579855387378,5.447861644347499
known_mass_baseline,closing,0.044977578761921606,0.9441356966435384,1.1031171804459783,0.051991430531649355,0.062373821257008494,5.453733729896888
known_mass_baseline,closing,0.04535554160866045,0.9638854411756457,1.1268318527243124,0.05251417223490553,0.06311319587264169,5.45981183959183
known_mass_baseline,closing,0.04573350445539928,0.9838319921814458,1.1508262391737594,0.05303281416950163,0.06385393865749489,5.466103827921592
known_mass_baseline,closing,0.046111467302138116,1.0039737743281762,1.1751008600709953,0.053547220224827455,0.0645960663934388,5.472617714999369
known_mass_baseline,closing,0.04648943014887696,1.024309161157655,1.1996562420877177,0.05405725602951077,0.06533959608590492,5.479361686052348
known_mass_baseline,closing,0.04686739299561579,1.044836475801161,1.2244929183146662,0.054562789259509165,0.06608454464021732,5.486344090699657
known_mass_baseline,closing,0.04724535584235463,1.0655539918149932,1.2496114281591322,0.05506368996848775,0.06683092851571583,5.493573442028783
known_mass_baseline,closing,0.04762331868909347,1.0864599341450811,1.275012317107523,0.05555983094042222,0.0675787633577281,5.501058415482969
known_mass_baseline,closing,0.0480012815358323,1.1075524802290528,1.3006961363447087,0.05605108806415804,0.06832806360766276,5.508807847573782
known_mass_baseline,closing,0.04837924438257114,1.1288297612439253,1.326663442221913,0.05653734072941752,0.06907884209172854,5.516830734434408
known_mass_baseline,closing,0.04875720722930998,1.1502898635074184,1.3529147955652459,0.0570184722434907,0.06983110958904563,5.5251362302304035
known_mass_baseline,closing,0.04913517007604882,1.171930830040511,1.3794507608172637,0.057494370267562135,0.07058487438019537,5.533733645445181
known_mass_baseline,closing,0.04951313292278765,1.193750662298409,1.4062719050044041,0.05796492727132335,0.07134014177755882,5.542632445057781
known_mass_baseline,closing,0.04989109576952649,1.2157473220765418,1.4333787965237206,0.05843004100419754,0.07209691363911745,5.551842246629985
known_mass_baseline,closing,0.05026905861626533,1.237918733597498,1.4607720037430554,0.05888961498116177,0.07285518786773085,5.561372818318854
known_mass_baseline,closing,0.05064702146300416,1.2602627857839583,1.4884520934095533,0.05934355898079565,0.07361495789826088,5.571234076828944
known_mass_baseline,closing,0.051024984309743,1.2827773347217746,1.516419628862479,0.059791789552819614,0.0743762121752801,5.581436085315958
known_mass_baseline,closing,0.05140294715648184,1.3054602063161826,1.5446751680473267,0.06023423053201153,0.07513893362447559,5.591989051250227
known_mass_baseline,closing,0.05178091000322067,1.3283091991429143,1.5732192613294824,0.06067081355501478,0.07590309912123426,5.602903324244136
known_mass_baseline,closing,0.052158872849959514,1.3513220874945917,1.6020524491071084,0.06110147857617869,0.07666867896026731,5.614189393842596
known_mass_baseline,closing,0.05253683569669835,1.3744966246212516,1.6311752592244226,0.06152617437821371,0.07743563633049468,5.625857887269689
known_mass_baseline,closing,0.05291479854343718,1.397830546162183,1.6605882041882079,0.06194485907309641,0.07820392679975047,5.6379195671177635
known_mass_baseline,closing,0.053292761390176024,1.421321573764473,1.6902917781921747,0.062357500588343655,0.07897349781419136,5.6503853289578485
known_mass_baseline,closing,0.05367072423691486,1.4449674188817896,1.7202864539557172,0.0627640771334897,0.07974428821757472,5.66326619884193
known_mass_baseline,closing,0.0540486870836537,1.4687657867448696,1.7505726793855707,0.06316457764135536,0.08051622779581574,5.676573330658981
known_mass_baseline,closing,0.054426649930392534,1.492714380493145,1.7811508740709785,0.06355900217850548,0.08128923685242682,5.69031800329748
known_mass_baseline,closing,0.05480461277713137,1.516810905454805,1.8120214256251554,0.06394736231915807,0.08206322582057854,5.704511617557943
known_mass_baseline,closing,0.05518257562387021,1.5410530735603332,1.843184685887929,0.06432968147673666,0.08283809491758597,5.719165692749722
known_mass_baseline,closing,0.055560538470609044,1.5654386078724478,1.8746409670067314,0.06470599518726844,0.08361373384762072,5.734291862897501
known_mass_baseline,closing,0.055938501317347886,1.5899652472131718,1.9063905374152594,0.06507635133891751,0.08439002155835923,5.749901872474662
known_mass_baseline,closing,0.05631646416408672,1.6146307508665787,1.9384336177311994,0.06544081034211813,0.08516682605709963,5.76600757157329
known_mass_baseline,closing,0.056694427010825554,1.639432903333793,1.9707703765965345,0.06579944523504326,0.08594400429161368,5.782620910414551
known_mass_baseline,closing,0.057072389857564396,1.6643695191148642,2.003400926485843,0.06615234171950861,0.08672140210063396,5.7997539330985655
known_mass_baseline,closing,0.05745035270430323,1.6894384474903403,2.0363253195097246,0.06649959812287243,0.08749885423841322,5.817418770490174
known_mass_baseline,closing,0.057828315551042064,1.7146375772738436,2.0695435432421485,0.06684132528205261,0.08827618447723631,5.835627632136439
known_mass_baseline,closing,0.058206278397780906,1.739964841505577,2.1030555166017915,0.06717764634643587,0.08905320579110938,5.854392797113466
known_mass_baseline,closing,0.05858424124451974,1.7654182220555976,2.1368610858185475,0.06750869649719582,0.08982972062310846,5.873726603704507
known_mass_baseline,closing,0.05896220409125858,1.7909957541049257,2.1709600205171617,0.06783462258136375,0.09060552123804316,5.893641437818311
known_mass_baseline,closing,0.059340166937997416,1.8166955304721235,2.2053520099504356,0.06815558265989628,0.09138039016119352,5.914149720066602
known_mass_baseline,closing,0.05971812978473625,1.8425157057528019,2.24003665941449,0.06847174546994206,0.09215410070291422,5.935263891432032
known_mass_baseline,closing,0.06009609263147509,1.8684545002398514,2.2750134868783642,0.06878328980252121,0.09292641756789435,5.956996397473273
known_mass_baseline,closing,0.060474055478213926,1.894510203592815,2.3102819198595608,0.06909040379787117,0.09369709754681867,5.9793596710316
known_mass_baseline,closing,0.06085201832495277,1.920681178225874,2.3458412925760754,0.06939328416176843,0.09446589028712005,6.0023661134231805
known_mass_baseline,closing,0.0612299811716916,1.9469658623853614,2.381690843404017,0.06969213530718854,0.09523253913846055,6.026028074123005
known_mass_baseline,closing,0.061607944018430436,1.9733627728895797,2.4178297126680754,0.0699871684266963,0.09599678206754927,6.050357828969485
known_mass_baseline,closing,0.06198590686516928,1.9998705075059295,2.4542569407898847,0.07027860050194565,0.0967583526359179,6.075367556942635
known_mass_baseline,closing,0.06236386971190811,2.02648774694289,2.4909714668166796,0.07056665325759152,0.09751698103334881,6.101069315592922
known_mass_baseline,closing,0.06274183255864695,2.053213256437415,2.527972127349838,0.07085155206776321,0.09827239515881046,6.127475015221828
known_mass_baseline,closing,0.06311979540538579,2.080045886921417,2.565257655889532,0.07113352482398866,0.09902432174000558,6.154596391937886
known_mass_baseline,closing,0.06349775825212463,2.1069845757545846,2.602826682608344,0.0714128007740925,0.09977248748201238,6.18244497973336
known_mass_baseline,closing,0.06387572109886346,2.13402834701442,2.6406777345629435,0.07168960934208773,0.10051662023499688,6.2110320817457465
known_mass_baseline,closing,0.0642536839456023,2.1611763113383162,2.6788092363491276,0.07196417893944318,0.10125645017061652,6.2403687408847
known_mass_baseline,closing,0.06463164679234114,2.188427665316309,2.717219511201406,0.07223673577831458,0.10199171095652249,6.270465710017871
known_mass_baseline,closing,0.06500960963907997,2.2157816904373897,2.755906782534537,0.07250750269738751,0.10272214091831722,6.301333421918898
known_mass_baseline,closing,0.0653875724858188,2.2432377515960398,2.794869175920169,0.07277669801087495,0.10344748417842121,6.332981959186089
known_mass_baseline,closing,0.06576553533255765,2.2707952951697297,2.83410472148794,0.07304453439095675,0.10416749176156188,6.365421024341886
known_mass_baseline,closing,0.06614349817929649,2.2984538466819204,2.8736113567365558,0.07331121779354019,0.10488192265700527,6.398659910320532
known_mass_baseline,closing,0.06652146102603532,2.3262130080687013,2.913386929736686,0.07357694643667166,0.10559054482820214,6.432707471544524
known_mass_baseline,closing,0.06689942387277416,2.354072454570633,2.953429202704173,0.07384190984024382,0.10629313616120019,6.467572095779844
known_mass_baseline,closing,0.067277386719513,2.3820319312744567,2.9937358559188576,0.0741062879348465,0.10698948534397773,6.5032616769457166
known_mass_baseline,closing,0.06765534956625183,2.4100912493321753,3.034304491961623,0.07437025024670343,0.10767939266975335,6.539783589037283
known_mass_baseline,closing,0.06803331241299067,2.4382502818873912,3.0751326402397297,0.07463395516465393,0.10836267075831554,6.577144661299637
known_mass_baseline,closing,0.06841127525972951,2.4665089597408825,3.1162177617684876,0.07489754929408338,0.10903914519046337,6.615351154769422
known_mass_baseline,closing,0.06878923810646834,2.494867266789055,3.1575572541757144,0.07516116690161624,0.1097086550517506,6.654408740276866
known_mass_baseline,closing,0.06916720095320718,2.523325235270086,3.1991484568941053,0.07542492945325922,0.11037105338283966,6.694322477976479
known_mass_baseline,closing,0.06954516379994602,2.551882940853438,3.2409886565059174,0.07568894524756328,0.11102620753489997,6.735096798450337
known_mass_baseline,closing,0.06992312664668485,2.5805404976087587,3.2830750922039376,0.07595330914426236,0.11167399942959098,6.776735485403489
known_mass_baseline,closing,0.07030108949342369,2.609298052890194,3.325404961332778,0.07621810238777454,0.11231432572424532,6.81924165994818
known_mass_baseline,closing,0.07067905234016253,2.6381557821716504,3.3679754249749068,0.07648339252392625,0.11294709788388843,6.862617766451767
known_mass_baseline,closing,0.07105701518690137,2.667113883867839,3.4107836135467213,0.07674923340730735,0.1135722421626916,6.9068655599038475
known_mass_baseline,closing,0.0714349780336402,2.6961725741746667,3.4538266323710016,0.07701566529578185,0.11418969949832788,6.951986094740773
known_mass_baseline,closing,0.07181294088037904,2.725332081961165,3.4971015671936425,0.07728271502789544,0.11479942532349313,6.997979715051208
known_mass_baseline,closing,0.07219090372711788,2.7545926437433796,3.540605489614273,0.07755039627822827,0.11540138929954213,7.044846046074761
known_mass_baseline,closing,0.07256886657385671,2.783954498768635,3.584335462402331,0.07781870988515495,0.1159955749777788,7.092583986896773
known_mass_baseline,closing,0.07294682942059555,2.813417884236404,3.6282885446723916,0.0780876442449924,0.11658197939441658,7.141191704236592
known_mass_baseline,closing,0.07332479226733439,2.8429830306797332,3.6724617968948836,0.07835717576614683,0.11716061260560269,7.190666627223752
known_mass_baseline,closing,0.07370275511407322,2.872650157528578,3.716852285720763,0.07862726937660018,0.11773149716916025,7.241005443055951
known_mass_baseline,closing,0.07408071796081206,2.902419468873964,3.7614570886013143,0.0788978790779179,0.11829466757986923,7.292204093435223
known_mass_baseline,closing,0.0744586808075509,2.932291149449269,3.8062732981868224,0.0791689485388946,0.11885016966517022,7.344257771683033
known_mass_baseline,closing,0.07483664365428973,2.962265360842268,3.8512980264904293,0.07944041172197978,0.11939805994814513,7.397160920441369
known_mass_baseline,closing,0.07521460650102857,2.992342237949085,3.896528408806111,0.07971219353574252,0.1199384049845198,7.450907229875085
known_mass_baseline,closing,0.07559256934776741,3.022521885678636,3.94196160737219,0.0799842105068184,0.1204712806802415,7.505489636299914
known_mass_baseline,closing,0.07597053219450625,3.0528043759137327,3.987594814774245,0.08025637146504128,0.12099677159593158,7.5609003211708865
known_mass_baseline,closing,0.07634849504124508,3.083189744732659,4.033425257083584,0.08052857823577181,0.12151497024419777,7.617130710376644
known_mass_baseline,closing,0.07672645788798392,3.1136779898929405,4.079450196729703,0.08080072633380017,0.12202597638543325,7.674171473796507
known_mass_baseline,closing,0.07710442073472276,3.1442690685768007,4.125666935107089,0.08107270565359348,0.12252989632732567,7.732012525087889
known_mass_baseline,closing,0.07748238358146159,3.174962895396073,4.172072814918746,0.08134440115109229,0.1230268422328771,7.790643021683003
known_mass_baseline,closing,0.07786034642820043,3.205759340652519,4.2186652222604755,0.08161569351270409,0.12351693144128323,7.850051364983884
known_mass_baseline,closing,0.07823830927493927,3.2366582288479617,4.265441588451535,0.08188645980760356,0.12400028580556394,7.910225200754659
known_mass_baseline,closing,0.0786162721216781,3.2676593374372462,4.312399391618626,0.08215657411991141,0.12447703105037107,7.971151419718749
known_mass_baseline,closing,0.07899423496841694,3.298762395815901,4.359536158041503,0.0824259081577863,0.12494729615294217,8.03281615837697
known_mass_baseline,closing,0.07937219781515578,3.329967084533197,4.406849463269312,0.08269433183691266,0.1254112127497124,8.095204800068956
known_mass_baseline,closing,0.07975016066189462,3.361273034720616,4.454336933017896,0.08296171383630854,0.1258689145706648,8.158301976306772
known_mass_baseline,closing,0.08012812350863345,3.392679827724849,4.501996243858756,0.08322792212479277,0.12632053690307557,8.222091568413889
known_mass_baseline,closing,0.08050608635537229,3.424186994934103,4.549825123711172,0.08349282445685102,0.12676621608591998,8.28655670950684
known_mass_baseline,closing,0.08088404920211113,3.455794017785794,4.597821352149054,0.08375628883700545,0.12720608903582553,8.351679786859002
known_mass_baseline,closing,0.08126201204884996,3.487500327943813,4.64598276053478,0.08401818395214442,0.12764029280512534,8.417442444688318
known_mass_baseline,closing,0.0816399748955888,3.519305307633032,4.694307231992049,0.08427837957157677,0.1280689641722397,8.483825587410784
known_mass_baseline,closing,0.08201793774232764,3.5512082901189648,4.742792701230029,0.0845367469148647,0.12849223926433512,8.55080938340194
known_mass_baseline,closing,0.08239590058906647,3.5832085603203474,4.791437154230913,0.08479315898774384,0.12891025321195032,8.61837326930733
known_mass_baseline,closing,0.08277386343580531,3.6153053555428367,4.840238627812974,0.08504749088666656,0.1293231398350563,8.68649595494176
known_mass_baseline,closing,0.08315182628254415,3.6474978663218742,4.889195209080682,0.08529962007269778,0.12973103135981492,8.75515542881431
known_mass_baseline,closing,0.08352978912928298,3.679785237363534,4.938305034773526,0.0855494266156677,0.13013405816513807,8.824328964314313
known_mass_baseline,closing,0.08390775197602182,3.712166568572114,4.987566290524455,0.08579679340962276,0.13053234855800142,8.893993126589477
known_mass_baseline,closing,0.08428571482276066,3.744640916153955,5.036977210038672,0.08604160636073635,0.1309260285763526,8.964123780144721
known_mass_baseline,closing,0.0846636776694995,3.7772072937872476,5.0865360742029315,0.08628375454893246,0.13131522181835956,9.03469609718608
known_mass_baseline,closing,0.08504164051623833,3.8098646738482156,5.136241210135115,0.08652313036455032,0.1317000492966744,9.10568456673073
known_mass_baseline,closing,0.08541960336297717,3.8426119886843826,5.186090990183175,0.08675962962142297,0.13208062931633213,9.177063004499656
known_mass_baseline,closing,0.08579756620971601,3.875448131926417,5.236083830882233,0.08699315164778487,0.13245707737487836,9.248804563606296
known_mass_baseline,closing,0.08617552905645484,3.908371959830306,5.286218191877848,0.08722359935643242,0.13282950608329375,9.320881746049785
known_mass_baseline,closing,0.08655349190319368,3.941382292642408,5.336492574823159,0.08745087929556908,0.1331980251062885,9.393266415018243
known_mass_baseline,closing,0.08693145474993252,3.9744779159802306,5.386905522256835,0.08767490168175388,0.13356274112054464,9.465929808003196
known_mass_baseline,closing,0.08730941759667135,4.007657582222596,5.437455616468495,0.08789558041635266,0.13392375778951032,9.538842550723182
known_mass_baseline,closing,0.08768738044341019,4.040920011903007,5.488141478357421,0.08811283308685768,0.13428117575337517,9.611974671850382
known_mass_baseline,closing,0.08806534329014903,4.074263895100965,5.538961766290212,0.08832658095440629,0.13463509263290138,9.685295618531674
known_mass_baseline,closing,0.08844330613688786,4.107687892826094,5.589915174962267,0.0885367489287805,0.13498560304582383,9.7587742726916
known_mass_baseline,closing,0.0888212689836267,4.141190638390701,5.641000434267676,0.08874326553212103,0.1353327986345885,9.83237896810249
known_mass_baseline,closing,0.08919923183036554,4.174770738766604,5.692216308181487,0.08894606285253315,0.13567676810424928,9.906077508203742
known_mass_baseline,closing,0.08957719467710439,4.208426775922773,5.743561593658124,0.08914507648870647,0.13601759726940452,9.979837184650455
known_mass_baseline,closing,0.08995515752384321,4.242157308140459,5.795035119549037,0.0893402454866066,0.1363553691091105,10.053624796568627
known_mass_baseline,closing,0.09033312037058205,4.275960871303043,5.846635745542445,0.08953151226923964,0.13669016382877364,10.127406670492592
known_mass_baseline,closing,0.0907110832173209,4.30983598015824,5.898362361127682,0.08971882256042768,0.13702205892808356,10.201148680958546
known_mass_baseline,closing,0.09108904606405972,4.343781129550437,5.950213884586196,0.08990212530346975,0.13735112927410995,10.274816271725976
known_mass_baseline,closing,0.09146700891079856,4.377794795621473,6.0021892620110195,0.09008137257550473,0.1376774471787476,10.348374477597812
known_mass_baseline,closing,0.0918449717575374,4.411875436978373,6.05428746635623,0.09025651949833227,0.13800108247975562,10.421787946808681
known_mass_baseline,closing,0.09222293460427623,4.4460214958268045,6.106507496517598,0.09042752414638713,0.13832210262469083,10.495020963949564
known_mass_baseline,closing,0.09260089745101507,4.480231399069298,6.158848376445398,0.09059434745250958,0.13864057275709607,10.568037473396194
known_mass_baseline,closing,0.09297886029775392,4.514503559367574,6.211309154290153,0.09075695311209772,0.1389565558043563,10.64080110320808
known_mass_baseline,closing,0.09335682314449276,4.5488363761683726,6.26388890158178,0.09091530748617616,0.1392701125666878,10.713275189463932
known_mass_baseline,closing,0.09373478599123158,4.583228236692553,6.316586712442536,0.0910693795038656,0.13958130180677497,10.785422800999292
known_mass_baseline,closing,0.09411274883797043,4.617677516887271,6.369401702833889,0.09121914056469115,0.13989018033961742,10.857206764511467
known_mass_baseline,closing,0.09449071168470927,4.652182582341281,6.422333009837316,0.09136456444112384,0.14019680312219507,10.928589689996933
known_mass_baseline,closing,0.0948686745314481,4.686741789163452,6.475379790968889,0.09150562718170331,0.14050122334259646,10.999533996485804
known_mass_baseline,closing,0.09524663737818694,4.721353484824927,6.528541223527462,0.0916423070150577,0.14080349250830312,11.070001938038658
known_mass_baseline,closing,0.09562460022492578,4.756016008965103,6.581816503975933,0.09177458425509233,0.14110366053334988,11.139955629970157
known_mass_baseline,closing,0.0960025630716646,4.790727694162118,6.635204847355254,0.09190244120759036,0.14140177582412314,11.209357075264931
known_mass_baseline,closing,0.09638052591840345,4.8254868666682915,6.688705486730563,0.0920258620784333,0.14169788536358605,11.278168191150717
known_mass_baseline,closing,0.09675848876514229,4.86029184711125,6.742317672668842,0.09214483288362318,0.14199203479375197,11.346350835794698
known_mass_baseline,closing,0.09713645161188111,4.895140951161351,6.796040672747339,0.09225934136125633,0.14228426849625067,11.413866835088488
known_mass_baseline,closing,0.09751441445861996,4.930032490166306,6.849873771092146,0.09236937688558028,0.14257462967086215,11.480678009488688
known_mass_baseline,closing,0.0978923773053588,4.964964771753654,6.903816267945977,0.09247493038323656,0.14286316041190955,11.546746200879362
known_mass_baseline,closing,0.09827034015209764,4.999936100402047,6.957867479264437,0.09257599425177554,0.143149901782428,11.61203329942407
known_mass_baseline,closing,0.09864830299883647,5.034944777982154,7.012026736339887,0.09267256228050834,0.1434348938860422,11.676501270375157
known_mass_baseline,closing,0.0990262658455753,5.069989104268151,7.0662933854520755,0.09276462957374682,0.1437181759365055,11.74011218080912
known_mass_baseline,closing,0.09940422869231415,5.105067377420563,7.1206667875445016,0.09285219247646165,0.1439997863248629,11.802828226256667
known_mass_baseline,closing,0.09978219153905298,5.140177894441562,7.175146317925832,0.09293524850238252,0.1442797626842227,11.864611757197824
known_mass_baseline,closing,0.10016015438579182,5.175318951603507,7.229731365995285,0.09301379626454503,0.14455814195212505,11.925425305392254
known_mass_baseline,closing,0.10053811723253066,5.210488844851687,7.284421334991118,0.09308783540828239,0.14483496043051228,11.985231610016072
known_mass_baseline,closing,0.10091608007926949,5.245685870182199,7.339215641761348,0.09315736654664786,0.14511025384331344,12.043993643577153
known_mass_baseline,closing,0.10129404292600833,5.280908323995942,7.394113716555848,0.09322239119824906,0.14538405739166574,12.101674637581946
known_mass_baseline,closing,0.10167200577274717,5.316154503429437,7.449115002838741,0.09328291172746102,0.145656405806798,12.158238107926703
known_mass_baseline,closing,0.102049968619486,5.3514227066636195,7.504218957120482,0.09333893128698696,0.1459273334006157,12.213647879988311
known_mass_baseline,closing,0.10242793146622484,5.386711233211293,7.559425048808553,0.09339045376272327,0.14619687411402527,12.267868113389282
known_mass_baseline,closing,0.10280589431296368,5.4220183841841845,7.614732760076023,0.09343748372088374,0.1464650615630434,12.32086332641327
known_mass_baseline,closing,0.10318385715970252,5.457342462540412,7.670141585747104,0.09348002635733403,0.14673192908274196,12.372598420047904
known_mass_baseline,closing,0.10356182000644135,5.492681773313287,7.725651033198981,0.09351808744908385,0.14699750976908013,12.42303870163295
known_mass_baseline,closing,0.10393978285318019,5.528034623822081,7.781260622278967,0.09355167330787992,0.14726183651867833,12.472149908092089
known_mass_baseline,closing,0.10431774569991903,5.563399323865715,7.836969885236395,0.09358079073584466,0.14752494206659308,12.519898228728362
known_mass_baseline,closing,0.10469570854665786,5.5987741859000275,7.892778366668372,0.09360544698309925,0.14778685902214952,12.56625032756337
known_mass_baseline,closing,0.1050736713933967,5.634157525199406,7.948685623478743,0.09362564970731285,0.1480476199028933,12.611173365201987
known_mass_baseline,closing,0.10545163424013554,5.669547660003443,8.004691224849497,0.09364140693511512,0.1483072571667205,12.654635020204545
known_mass_baseline,closing,0.10582959708687437,5.704942911649425,8.060794752224059,0.09365272702531406,0.1485658032422498,12.696603509950304
known_mass_baseline,closing,0.10620755993361321,5.740341604691179,8.116995799301666,0.09365961863385341,0.14882329055749363,12.737047610975768
known_mass_baseline,closing,0.10658552278035205,5.775742067005028,8.173293972042314,0.09366209068045347,0.14907975156689343,12.775936678773622
known_mass_baseline,closing,0.10696348562709088,5.811142629883452,8.229688888681592,0.09366015231687115,0.14933521877677608,12.813240667037938
known_mass_baseline,closing,0.10734144847382972,5.846541628117037,8.286180179754894,0.09365381289672153,0.14958972476929283,12.848930146343005
known_mass_baseline,closing,0.10771941132056856,5.881937400065262,8.342767488130304,0.09364308194680099,0.14984330222489822,12.88297632224353
known_mass_baseline,closing,0.1080973741673074,5.917328287716832,8.399450469049867,0.09362796913985544,0.15009598394342838,12.915351052785565
known_mass_baseline,closing,0.10847533701404623,5.952712636739872,8.456228790178415,0.09360848426873583,0.15034780286383329,12.94602686541761
known_mass_baseline,closing,0.10885329986078507,5.988088796522651,8.513102131659693,0.09358463722188556,0.1505987920826183,12.97497697329309
known_mass_baseline,closing,0.10923126270752391,6.02345512020529,8.570070186179205,0.09355643796010771,0.15084898487105033,13.002175290956016
known_mass_baseline,closing,0.10960922555426274,6.058809964702924,8.627132659033325,0.09352389649455775,0.15109841469117874,13.02759644940246
known_mass_baseline,closing,0.10998718840100158,6.094151690720735,8.684289268204248,0.09348702286591162,0.15134711521072233,13.051215810511671
known_mass_baseline,closing,0.11036515124774042,6.129478662761376,8.741539744440384,0.09344582712466103,0.15159512031687233,13.073009480841623
known_mass_baseline,closing,0.11074311409447925,6.164789249125115,8.798883831341735,0.09340031931248678,0.15184246412905728,13.092954324784394
known_mass_baseline,closing,0.11112107694121809,6.200081821903153,8.85632128544995,0.09335050944466544,0.15208918101071608,13.111027977078141
known_mass_baseline,closing,0.11149903978795693,6.235354756964464,8.91385187634259,0.09329640749346502,0.1523353055801237,13.127208854673082
known_mass_baseline,closing,0.11187700263469577,6.270606433936571,8.971475386731406,0.09323802337248699,0.1525808727203109,13.141476167950026
known_mass_baseline,closing,0.1122549654814346,6.305835236180548,9.029191612564086,0.09317536692191429,0.1528259175881191,13.153809931290619
known_mass_baseline,closing,0.11263292832817344,6.341039550760604,9.08700036312936,0.09310844789462541,0.1530704756224286,13.164190972999757
known_mass_baseline,closing,0.11301089117491228,6.376217768408623,9.144901461165029,0.09303727594313935,0.1533145825515989,13.172600944581369
known_mass_baseline,closing,0.11338885402165111,6.411368283483846,9.20289474296863,0.09296186060735254,0.1535582744001537,13.179022329369484
known_mass_baseline,closing,0.11376681686838995,6.446489493928173,9.260980058510594,0.09288221130303773,0.15380158749474807,13.18343845051782
known_mass_baseline,closing,0.11414477971512879,6.4815798012171175,9.319157271549381,0.09279833731106875,0.15404455846944615,13.185833478351512
known_mass_baseline,closing,0.11452274256186762,6.516637610306951,9.377426259748624,0.09271024776734299,0.15428722427034314,13.186192437086026
known_mass_baseline,closing,0.11490070540860646,6.551661329578066,9.435786914795793,0.09261795165337136,0.15452962215955818,13.184501210918555
known_mass_baseline,closing,0.1152786682553453,6.586649370774982,9.494239142522337,0.09252145778750887,0.15477178971862737,13.180746549498757
known_mass_baseline,closing,0.11565663110208413,6.621600148943075,9.552782863024925,0.09242077481679836,0.15501376485132087,13.174916072785802
known_mass_baseline,closing,0.11603459394882297,6.6565120823624415,9.61141801078773,0.09231591120940558,0.1552555857859108,13.166998275300273
known_mass_baseline,closing,0.11641255679556181,6.691383592478893,9.670144534805384,0.0922068752476192,0.15549729107691043,13.156982529779608
known_mass_baseline,closing,0.11679051964230065,6.726213103832497,9.728962398706559,0.09209367502139662,0.15573891960630756,13.144859090247078
known_mass_baseline,closing,0.11716848248903948,6.760999043983717,9.787871580877859,0.09197631842243417,0.15598051058431184,13.130619094504965
known_mass_baseline,closing,0.11754644533577832,6.795739843437482,9.846872074588006,0.09185481313874413,0.15622210354963545,13.114254566063346
known_mass_baseline,closing,0.11792440818251716,6.830433935565197,9.905963888111916,0.09172916664971835,0.15646373836932204,13.095758415516565
known_mass_baseline,closing,0.11830237102925599,6.865079756525082,9.96514704485474,0.09159938622166602,0.15670545523814364,13.07512444138066
known_mass_baseline,closing,0.11868033387599483,6.899675745180852,10.02442158347555,0.0914654789038073,0.15694729467757731,13.052347330405263
known_mass_baseline,closing,0.11905829672273367,6.934220343018962,10.083787558010542,0.09132745152471114,0.15718929753437627,13.02742265737461
known_mass_baseline,closing,0.1194362595694725,6.9687119940646,10.143245037995644,0.09118531068916352,0.15743150497874744,13.000346884412854
known_mass_baseline,closing,0.11981422241621134,7.003149144796622,10.202794108588407,0.09103906277545698,0.15767395850214813,12.971117359809755
known_mass_baseline,closing,0.12019218526295018,7.037530244061446,10.262434870688898,0.0908887139330875,0.1579166999147081,12.939732316383244
known_mass_baseline,closing,0.12057014810968901,7.071853742986225,10.322167441059625,0.09073427008085463,0.15815977134229087,12.906190869396521
known_mass_baseline,closing,0.12094811095642785,7.106118094891391,10.381991952444293,0.09057573690535277,0.15840321522319728,12.870493014047502
known_mass_baseline,closing,0.12132607380316669,7.1403217552026055,10.441908553685154,0.09041311985984898,0.158647074304521,12.83263962254957
known_mass_baseline,closing,0.12170403664990553,7.174463181362428,10.501917409839002,0.0902464241635411,0.15889139163815957,12.792632440822928
known_mass_baseline,closing,0.12208199949664436,7.208540832741823,10.5620187022916,0.09007565480119234,0.15913621057648802,12.750474084816782
known_mass_baseline,closing,0.1224599623433832,7.242553170551472,10.622212628870333,0.08990081652313667,0.15938157476769513,12.706168036482838
known_mass_baseline,closing,0.12283792519012204,7.276498657753268,10.682499403955111,0.08972191384565505,0.15962752815078768,12.65971863942169
known_mass_baseline,closing,0.12321588803686087,7.310375758971968,10.742879258587278,0.08953895105171844,0.1598741149502626,12.611131094223895
known_mass_baseline,closing,0.12359385088359971,7.3441829404072285,10.803352440576482,0.08935193219209912,0.16012137967044832,12.560411453528332
known_mass_baseline,closing,0.12397181373033855,7.377918669746056,10.863919214605259,0.08916086108684815,0.16036936708951358,12.50756661682098
known_mass_baseline,closing,0.12434977657707738,7.411581416076007,10.924579862331415,0.08896574132714376,0.16061812225314454,12.452604324997843
known_mass_baseline,closing,0.12472773942381622,7.445169649799042,10.985334682487855,0.0887665762775087,0.16086769046788493,12.395533154716155
known_mass_baseline,closing,0.12510570227055506,7.478681842546372,11.04618399097988,0.08856336907840387,0.16111811729413872,12.33636251255891
known_mass_baseline,closing,0.1254836651172939,7.512116467094291,11.107128120979754,0.0883561226491988,0.16136944853882862,12.27510262903775
known_mass_baseline,closing,0.12586162796403275,7.545471997281263,11.168167423018446,0.08814483969152656,0.16162173024770718,12.211764552460224
known_mass_baseline,closing,0.12623959081077157,7.578746907926289,11.22930226507437,0.0879295226930274,0.16187500869731297,12.146360142687737
known_mass_baseline,closing,0.1266175536575104,7.611939674748806,11.290533032659049,0.08771017393148883,0.1621293303865659,12.078902064810922
known_mass_baseline,closing,0.12699551650424926,7.645048774290237,11.351860128899528,0.08748679547938974,0.16238474202799347,12.009403782769756
known_mass_baseline,closing,0.12737347935098808,7.678072683837277,11.413283974617364,0.08725938920885692,0.16264129053857856,11.937879552946082
known_mass_baseline,closing,0.1277514421977269,7.711009881347228,11.474805008404172,0.08702795679704367,0.16289902303022052,11.864344417756653
known_mass_baseline,closing,0.12812940504446577,7.743858845375326,11.53642368669336,0.08679249973194075,0.16315798679979726,11.788814199275365
known_mass_baseline,closing,0.1285073678912046,7.77661805500445,11.598140483828136,0.0865530193186314,0.1634182293188181,11.711305492913343
known_mass_baseline,closing,0.12888533073794342,7.809285989777243,11.659955892125502,0.08630951668600184,0.1636797982226548,11.631835661186296
known_mass_baseline,closing,0.12926329358468228,7.841861129630834,11.721870421936057,0.08606199279392136,0.16394274129933728,11.550422827598814
known_mass_baseline,closing,0.1296412564314211,7.874341954834409,11.783884601699514,0.0858104484409053,0.16420710647790032,11.467085870675286
known_mass_baseline,closing,0.13001921927815993,7.906726945929768,11.845998977995754,0.08555488427227563,0.16447294181626604,11.381844418167827
known_mass_baseline,closing,0.1303971821248988,7.939014583675013,11.908214115591138,0.08529530078883517,0.16474029548864588,11.294718841471528
known_mass_baseline,closing,0.1307751449716376,7.971203348991648,11.970530597479993,0.08503169835607226,0.16500921577244615,11.20573025027782
known_mass_baseline,closing,0.13115310781837644,8.003291722915286,12.032949024921098,0.08476407721391258,0.16527975103465878,11.114900487496557
known_mass_baseline,closing,0.1315310706651153,8.035278186550103,12.095470017468859,0.08449243748703775,0.1655519497177195,11.022252124478124
known_mass_baseline,closing,0.13190903351185412,8.067161221027336,12.158094212999078,0.08421677919578899,0.1658258603248132,10.92780845656643
known_mass_baseline,closing,0.13228699635859298,8.098939307468,12.220822267729057,0.08393710226767598,0.16610153140460693,10.831593499014035
known_mass_baseline,closing,0.1326649592053318,8.130610926950041,12.28365485623177,0.08365340654951253,0.16637901153538848,10.73363198329074
known_mass_baseline,closing,0.13304292205207063,8.162174560480306,12.346592671444029,0.08336569182020052,0.16665834930858991,10.633949353816535
known_mass_baseline,closing,0.1334208848988095,8.193628688971302,12.409636424668166,0.08307395780418492,0.1669395933116714,10.53257176515034
known_mass_baseline,closing,0.13379884774554832,8.22497179322334,12.472786845567244,0.08277820418560394,0.16722279211034347,10.42952607966526
known_mass_baseline,closing,0.13417681059228714,8.256202353912036,12.53604468215334,0.08247843062315775,0.16750799423010115,10.324839865741229
known_mass_baseline,closing,0.134554773439026,8.287318851581686,12.599410700768791,0.08217463676572259,0.16779524813704683,10.218541396505493
known_mass_baseline,closing,0.13493273628576483,8.318319766644546,12.662885686059925,0.0818668222687346,0.16808460221797256,10.110659649151323
known_mass_baseline,closing,0.13531069913250365,8.349203579386607,12.72647044094329,0.08155498681137222,0.16837610475967826,10.001224304864289
known_mass_baseline,closing,0.1356886619792425,8.379968769979879,12.79016578656375,0.08123913011456292,0.16866980392749448,9.89026574938592
known_mass_baseline,closing,0.13606662482598134,8.41061381850176,12.85397256224444,0.08091925195984492,0.16896574774298387,9.777815074242955
known_mass_baseline,closing,0.13644458767272016,8.441137204961603,12.91789162542804,0.08059535220911111,0.16926398406079018,9.663904078670502
known_mass_baseline,closing,0.13682255051945902,8.47153740933502,12.981923851609222,0.08026743082526686,0.16956456054460575,9.548565272256116
known_mass_baseline,closing,0.13720051336619785,8.50181291160606,13.04607013425774,0.07993548789383104,0.1698675246422255,9.431831878331337
known_mass_baseline,closing,0.13757847621293667,8.531962191817808,13.110331384732,0.0795995236455126,0.17017292355965744,9.31373783813574
known_mass_baseline,closing,0.13795643905967553,8.56198373013168,13.17470853218261,0.07925953847979361,0.17048080423425632,9.194317815777758
known_mass_baseline,closing,0.13833440190641436,8.59187600689585,13.239202523445618,0.07891553298955288,0.17079121330684877,9.073607204015117
known_mass_baseline,closing,0.13871236475315318,8.621637502723134,13.303814322924973,0.07856750798676082,0.1711041970928159,8.951642130876248
known_mass_baseline,closing,0.13909032759989204,8.651266698578876,13.368544912463948,0.07821546452928162,0.17141980155210107,8.828459467142341
known_mass_baseline,closing,0.13946829044663087,8.680762075879088,13.43339529120487,0.07785940394881398,0.17173807225810694,8.704096834708317
known_mass_baseline,closing,0.1398462532933697,8.710122116599445,13.498366475437061,0.07749932788000682,0.17205905436545016,8.578592615838268
known_mass_baseline,closing,0.14022421614010855,8.739345303395444,13.563459498432177,0.07713523829078203,0.17238279257653627,8.451985963329697
known_mass_baseline,closing,0.14060217898684738,8.768430119734337,13.62867541026685,0.07676713751390127,0.17270933110692305,8.324316811597573
known_mass_baseline,closing,0.1409801418335862,8.797375050039154,13.694015277631896,0.07639502827980849,0.17303871364943552,8.195625888687271
known_mass_baseline,closing,0.14135810468032506,8.826178579845472,13.759480183627813,0.07601891375078526,0.173370983337,8.065954729222138
known_mass_baseline,closing,0.14173606752706389,8.854839195971243,13.825071227545848,0.07563879755645084,0.1737061827041606,7.9353456882888365
known_mass_baseline,closing,0.14211403037380274,8.88335538670041,13.89078952463443,0.07525468383064211,0.17404435364724719,7.803841956259396
known_mass_baseline,closing,0.14249199322054157,8.91172564198063,13.956636205850138,0.07486657724970604,0.17438553738315804,7.671487574546239
known_mass_baseline,closing,0.1428699560672804,8.939948453635806,14.022612417592926,0.07447448307223772,0.17472977440672777,7.538327452281416
known_mass_baseline,closing,0.14324791891401925,8.968022315593895,14.08871932142491,0.0740784071802954,0.1750771044466458,7.40440738390779
known_mass_baseline,closing,0.14362588176075808,8.995945724130591,14.154958093772235,0.07367835612212398,0.17542756641989662,7.2697740676646685
known_mass_baseline,closing,0.1440038446074969,9.023717178129413,14.221329925609442,0.07327433715641526,0.17578119838469083,7.134475124945629
known_mass_baseline,closing,0.14438180745423576,9.051335179358869,14.287836022125754,0.07286635829813398,0.1761380374918591,6.998559120500724
known_mass_baseline,closing,0.1447597703009746,9.078798232767166,14.354477602372645,0.07245442836593587,0.17649811993468284,6.862075583449618
known_mass_baseline,closing,0.14513773314771342,9.106104846795224,14.421255898892225,0.07203855703120154,0.17686148089713716,6.725075029065521
known_mass_baseline,closing,0.14551569599445227,9.133253533708485,14.488172157325733,0.07161875486870921,0.17722815450052315,6.587608981283517
known_mass_baseline,closing,0.1458936588411911,9.160242809948201,14.555227636001513,0.07119503340896537,0.17759817374847092,6.449729995879699
known_mass_baseline,closing,0.14627162168792993,9.187071196502835,14.622423605501956,0.07076740519220985,0.17797157047029522,6.311491684259469
known_mass_baseline,closing,0.14664958453466878,9.213737219300166,14.689761348208691,0.07033588382410923,0.17834837526269104,6.172948737785729
known_mass_baseline,closing,0.1470275473814076,9.240239409620738,14.757242157825354,0.06990048403314865,0.17872861742975826,6.034156952568932
known_mass_baseline,closing,0.14740551022814644,9.266576304533402,14.824867338877517,0.06946122172972721,0.17911232492135024,5.895173254631236
known_mass_baseline,closing,0.1477834730748853,9.29274644735346,14.892638206188872,0.06901811406695983,0.17949952426974375,5.7560557253483
known_mass_baseline,closing,0.14816143592162412,9.318748388124103,14.960556084333202,0.0685711795031814,0.17989024052463398,5.616863627061113
known_mass_baseline,closing,0.14853939876836295,9.344580684121862,15.028622307061523,0.06812043786614483,0.18028449718646233,5.477657428739662
known_mass_baseline,closing,0.1489173616151018,9.370241900386551,15.096838216703633,0.06766591041889898,0.18068231613809188,5.338498831569265
known_mass_baseline,closing,0.14929532446184063,9.395730610276487,15.165205163543517,0.06720761992732588,0.1810837175748497,5.199450794317818
known_mass_baseline,closing,0.14967328730857946,9.421045396049502,15.233724505168109,0.06674559072930963,0.18148871993296525,5.060577558329835
known_mass_baseline,closing,0.1500512501553183,9.446184849470454,15.302397605788627,0.06627984880550283,0.1818973398164378,4.921944671980313
known_mass_baseline,closing,0.15042921300205714,9.471147572445732,15.37122583553397,0.06581042185164718,0.18230959192237592,4.783619014407568
known_mass_baseline,closing,0.150807175848796,9.495932177685434,15.440210569715694,0.06533733935239697,0.182725488964861,4.645668818329643
known_mass_baseline,closing,0.15118513869553482,9.520537289393639,15.50935318806383,0.06486063265658498,0.18314504159739375,4.508163691735007
known_mass_baseline,closing,0.15156310154227365,9.544961543987489,15.578655073933255,0.06438033505386076,0.1835682583339964,4.371174638221824
known_mass_baseline,closing,0.1519410643890125,9.569203590845376,15.64811761347987,0.0638964818526184,0.18399514546904855,4.234774075745555
known_mass_baseline,closing,0.15231902723575133,9.59326209308492,15.717742194806355,0.06340911045912478,0.18442570699595237,4.099035853517497
known_mass_baseline,closing,0.15269699008249016,9.617135728370988,15.78753020707696,0.06291826045773938,0.18485994452472845,3.964035266780991
known_mass_baseline,closing,0.153074952929229,9.640823189754272,15.85748303960094,0.062423973692112736,0.18529785719866187,3.829849069175051
known_mass_baseline,closing,0.15345291577596784,9.66432318654067,15.927602080884306,0.06192629434722932,0.18573944161012682,3.696555482378036
known_mass_baseline,closing,0.15383087862270667,9.687634445191874,15.997888717649722,0.06142526903215208,0.18618469171573715,3.5642342027067055
known_mass_baseline,closing,0.15420884146944552,9.710755710257233,16.068344333824093,0.060920946863307,0.18663359875098062,3.432966404329205
known_mass_baseline,closing,0.15458680431618435,9.733685745337358,16.138970309493942,0.06041337954813343,0.1870861511445146,3.3028347387325674
known_mass_baseline,closing,0.15496476716292318,9.756423334079148,16.2097680198283,0.05990262146890504,0.18754233443231402,3.173923330069229
known_mass_baseline,closing,0.15534273000966203,9.778967281202718,16.280738833969146,0.05938872976651474,0.1880021311718831,3.046317765989551
known_mass_baseline,closing,0.15572069285640086,9.801316413559775,16.35188411388951,0.058871764423992445,0.18846552085675647,2.920105083551894
known_mass_baseline,closing,0.1560986557031397,9.823469581223605,16.423205213219322,0.058351788349511144,0.18893247983153905,2.79537374978562
known_mass_baseline,closing,0.15647661854987854,9.845425658610175,16.494703476039266,0.057828867458613695,0.1894029812077479,2.6722136364684044
known_mass_baseline,closing,0.15685458139661737,9.867183545630247,16.566380235643106,0.05730307075537548,0.18987699478074516,2.5507159886649724
known_mass_baseline,closing,0.1572325442433562,9.888742168871786,16.638236813268765,0.05677447041219377,0.19035448694806617,2.4309733865628367
known_mass_baseline,closing,0.15761050709009505,9.910100482812375,16.71027451679899,0.0562431418478784,0.19083542062947365,2.313079700129162
known_mass_baseline,closing,0.15798846993683388,9.931257471060583,16.78249463943198,0.0557091638036912,0.19131975518908395,2.1971300361047543
known_mass_baseline,closing,0.1583664327835727,9.952212147625819,16.85489845832328,0.05517261841696498,0.19180744635994157,2.083220676843519
known_mass_baseline,closing,0.15874439563031156,9.97296355821528,16.927487233199408,0.05463359129190552,0.19229844617143083,1.971449010502333
known_mass_baseline,closing,0.1591223584770504,9.993510781557289,17.000262204944917,0.05409217156716371,0.1927927028799451,1.8619134520836411
known_mass_baseline,closing,0.15950032132378925,10.013852930749323,17.07322459416377,0.053548451979735484,0.1932901609032492,1.7547133548354044
known_mass_baseline,closing,0.15987828417052807,10.033989154629497,17.14637559971671,0.053002528924732104,0.19379076075899687,1.6499489115174608
known_mass_baseline,closing,0.1602562470172669,10.053918639169792,17.21971639723631,0.05245450251053589,0.19429443900788584,1.54772104505202
known_mass_baseline,closing,0.16063420986400576,10.07364060888914,17.293248137621433,0.05190447660883868,0.19480112820195336,1.4481312880893356
known_mass_baseline,closing,0.16101217271074458,10.093154328284385,17.36697194551317,0.05135255889903799,0.19531075683853777,1.3512816510364782
known_mass_baseline,closing,0.1613901355574834,10.11245910327689,17.44088891775465,0.05079886090644618,0.19582324932044998,1.2572744781199567
known_mass_baseline,closing,0.16176809840422227,10.13155428267231,17.515000121836945,0.05024349803375036,0.19633852592291787,1.1662122910806243
known_mass_baseline,closing,0.1621460612509611,10.15043925963091,17.58930659433394,0.04968658958514263,0.19685650276788375,1.078197620132734
known_mass_baseline,closing,0.16252402409769992,10.16911347314551,17.66380933932891,0.04912825878252362,0.19737709180625002,0.9933328218587612
known_mass_baseline,closing,0.16290198694443878,10.187576409523944,17.738509326836006,0.048568632773171874,0.19790020080868354,0.9117198837576748
known_mass_baseline,closing,0.1632799497911776,10.205827603872736,17.813407491219962,0.048007842628256775,0.19842573336559746,0.8334602152172277
known_mass_baseline,closing,0.16365791263791643,10.223866641578361,17.888504729617665,0.047446023331566126,0.19895358889694253,0.7586544247409002
known_mass_baseline,closing,0.16403587548465529,10.241693159782319,17.963801900365358,0.046883313757813044,0.1994836626724409,0.6874020833275498
known_mass_baseline,closing,0.1644138383313941,10.259306848845931,18.039299821435556,0.046319856639883694,0.2000158458429015,0.6198014739770272
known_mass_baseline,closing,0.16479180117813294,10.276707453800565,18.114999268888038,0.045755798524388686,0.2005500254832548,0.5559493273773484
known_mass_baseline,closing,0.1651697640248718,10.29389477577874,18.190900975339336,0.045191289714885646,0.20108608464793706,0.4959405439204101
known_mass_baseline,closing,0.16554772687161062,10.310868673421368,18.267005628455678,0.04462648420215051,0.2016239024392494,0.4398679022910965
known_mass_baseline,closing,0.16592568971834945,10.327629064256053,18.343313869474237,0.044061539580886974,0.20216335408929986,0.3878217549814611
known_mass_baseline,closing,0.1663036525650883,10.344175926041293,18.419826291758074,0.04349661695228463,0.20270431105611902,0.3398897111956405
known_mass_baseline,closing,0.16668161541182713,10.360509298071106,18.496543439390155,0.04293188081185917,0.2032466411345157,0.2961563077327636
known_mass_baseline,closing,0.16705957825856596,10.37662928243435,18.57346580581215,0.04236749892203731,0.20379020858220903,0.2567026685634719
known_mass_baseline,closing,0.16743754110530482,10.39253604522293,18.650593832513827,0.041803642168986715,0.20433487426173688,0.22160615395118022
known_mass_baseline,closing,0.16781550395204364,10.408229817682866,18.72792790777919,0.041240484403232344,0.20488049579860024,0.19094000010993817
known_mass_baseline,closing,0.16819346679878247,10.423710897301953,18.805468365495468,0.04067820226364835,0.20542692775605215,0.16477295053724283
known_mass_baseline,closing,0.16857142964552133,10.438979648827766,18.883215484031453,0.04011697498447256,0.20597402182688665,0.14316888031062014
known_mass_baseline,closing,0.16894939249226015,10.45403650520938,18.961169485191483,0.03955698418505085,0.2065216270425185,0.12618641479082982
known_mass_baseline,closing,0.169327355338999,10.468881968456415,19.0393305332519,0.038998413642087976,0.20706958999957742,0.11387854433000655
known_mass_baseline,closing,0.16970531818573784,10.483516610408566,19.117698734086243,0.03844144904425935,0.20761775510416142,0.10629223674020238
known_mass_baseline,closing,0.17008328103247666,10.497941073409141,19.19627413438642,0.037886277729122134,0.20816596483381417,0.1034680494332747
known_mass_baseline,closing,0.17046124387921552,10.512156070875731,19.275056720985976,0.03733308840235136,0.20871406001719453,0.10543974329690897
known_mass_baseline,closing,0.17083920672595435,10.52616238776153,19.354046420292516,0.03678207083943012,0.20926188013131664,0.11223390052090743
known_mass_baseline,closing,0.17121716957269317,10.53996088090052,19.43324309783576,0.036233415570020105,0.20980926361612642,0.12386954873174716
known_mass_baseline,closing,0.17159513241943203,10.553552479230264,19.512646557937742,0.035687313545356716,0.2103560482060775,0.14035779392920666
known_mass_baseline,closing,0.17197309526617086,10.566938183885702,19.59225654351133,0.03514395578912331,0.21090207127824512,0.1617014648449615
known_mass_baseline,closing,0.17235105811290968,10.58011906815811,19.67207273599357,0.03460353303238556,0.21144717021640277,0.18789477145752542
known_mass_baseline,closing,0.17272902095964854,10.59309627731303,19.75209475541936,0.034066235333291464,0.21199118279035106,0.21892298049850467
known_mass_baseline,closing,0.17310698380638737,10.60587102826183,19.83232216064136,0.03353225168237632,0.21253394754966437,0.2547621108696685
known_mass_baseline,closing,0.1734849466531262,10.618444609081427,19.91275444970124,0.03300176959444233,0.21307530423087956,0.2953786519576287
known_mass_baseline,closing,0.17386290949986505,10.63081837837748,19.993391060357283,0.032474974688126546,0.2136150941770198,0.3407293078799736
known_mass_baseline,closing,0.17424087234660388,10.64299376448645,20.074231370772516,0.03195205025440269,0.21415316076820107,0.39076077072272675
known_mass_baseline,closing,0.1746188351933427,10.654972264512754,20.155274700367706,0.03143317681540779,0.21468934986193572,0.4454095258322024
known_mass_baseline,closing,0.17499679804008156,10.666755443197548,20.236520310842135,0.030918531675120695,0.21522351024160186,0.5046016922027565
known_mass_baseline,closing,0.17537476088682039,10.678344931616456,20.31796740736534,0.030408288463560154,0.21575549407141514,0.5682529009556259
known_mass_baseline,closing,0.1757527237335592,10.689742425703992,20.399615139941666,0.029902616676300828,0.21628515735609888,0.6362682148312597
known_mass_baseline,closing,0.17613068658029807,10.700949684603476,20.481462604949204,0.029401681211243647,0.21681236040332266,0.7085420915182663
known_mass_baseline,closing,0.1765086494270369,10.71196852884154,20.56350884685363,0.0289056419046953,0.21733696828684707,0.7849583935163409
known_mass_baseline,closing,0.17688661227377572,10.722800838327599,20.645752860097005,0.02841465306893884,0.2178588513082004,0.865390447078493
known_mass_baseline,closing,0.17726457512051458,10.733448550179103,20.72819359116029,0.027928863033583537,0.21837788545459108,0.9497011526003032
known_mass_baseline,closing,0.1776425379672534,10.743913656374621,20.810829940798026,0.027448413693091867,0.21889395285066557,1.0377431486225372
known_mass_baseline,closing,0.17802050081399226,10.754198201237331,20.893660766441993,0.026973440062969284,0.21940694220161985,1.1293590313889617
known_mass_baseline,closing,0.1783984636607311,10.76430427875297,20.976684884770528,0.026504069847191586,0.21991674922509286,1.2243816316574208
known_mass_baseline,closing,0.17877642650746992,10.774234029726715,21.059901074438418,0.026040423019512385,0.22042327706919873,1.3226343501997047
known_mass_baseline,closing,0.17915438935420877,10.783989638784867,21.143308078961773,0.025582611421355178,0.22092643671399223,1.4239315531498118
known_mass_baseline,closing,0.1795323522009476,10.793573331228156,21.226904609751045,0.025130738379040257,0.2214261473536182,1.5280790280728151
known_mass_baseline,closing,0.17991031504768643,10.802987369744448,21.310689349284484,0.024684898343130063,0.22192233675636078,1.6348745013324262
known_mass_baseline,closing,0.18028827789442528,10.812234050989773,21.394660954412988,0.02424517655269766,0.22241494159978786,1.7441082170382423
known_mass_baseline,closing,0.1806662407411641,10.821315702047581,21.47881805978648,0.023811648727328147,0.2229039077781811,1.855563577558934
known_mass_baseline,closing,0.18104420358790294,10.830234676777323,21.563159281390867,0.02338438078965617,0.2233891906794469,1.9690178452995273
known_mass_baseline,closing,0.1814221664346418,10.838993352064307,21.647683220183364,0.022963428621224427,0.2238707554287257,2.0842429051640483
known_mass_baseline,closing,0.18180012928138062,10.84759412398405,21.73238846581323,0.022548837854414083,0.22434857709594563,2.201006086865542
known_mass_baseline,closing,0.18217809212811945,10.856039403895194,21.817273600413653,0.022140643703156007,0.2248226408646145,2.3190710460071706
known_mass_baseline,closing,0.1825560549748583,10.864331614476228,21.902337202449782,0.021738870835078,0.22529294215919266,2.4381987026471794
known_mass_baseline,closing,0.18293401782159713,10.872473185722141,21.98757785060656,0.021343533287680794,0.22575948672845558,2.5581482358803918
known_mass_baseline,closing,0.18331198066833596,10.880466550918044,22.072994127699435,0.020954634431064573,0.2262222906823227,2.6786781328254623
known_mass_baseline,closing,0.1836899435150748,10.888314142607921,22.15858462458975,0.020572166979654208,0.22668138047970487,2.7995472903028773
known_mass_baseline,closing,0.18406790636181364,10.896018388577486,22.244347944085927,0.02019611305529133,0.2271367928650027,2.9205161674286853
known_mass_baseline,closing,0.18444586920855247,10.90358170787084,22.33028270481058,0.019826444303980284,0.22758857475096805,3.041347987335109
known_mass_baseline,closing,0.18482383205529132,10.911006506861904,22.41638754501289,0.01946312206849596,0.2280367830457209,3.1618099862647737
known_mass_baseline,closing,0.18520179490203015,10.918295175401854,22.502661126304687,0.01910609761898341,0.22848148442179186,3.281674708370958
known_mass_baseline,closing,0.18557975774876898,10.925450083065076,22.58910213729801,0.018755312443606745,0.22892275502513176,3.400721344694465
known_mass_baseline,closing,0.18595772059550783,10.932473575516584,22.67570929712092,0.018410698601242267,0.22936068012209437,3.5187371149763758
known_mass_baseline,closing,0.18633568344224666,10.939367971024803,22.762481358787923,0.018072179138154384,0.22979535368245235,3.63551869120648
known_mass_baseline,closing,0.1867136462889855,10.946135557144215,22.849417112400413,0.017739668570552328,0.23022687789655,3.750873662095768
known_mass_baseline,closing,0.18709160913572434,10.952778587593183,22.936515388151854,0.017413073434898035,0.23065536262472164,3.8646220379963765
known_mass_baseline,closing,0.18746957198246317,10.959299279352777,23.023775059111752,0.01709229290782266,0.2310809247771165,3.9765977961692096
known_mass_baseline,closing,0.18784753482920202,10.965699810013506,23.111195043761853,0.016777219497520743,0.23150368762206447,4.086650466713879
known_mass_baseline,closing,0.18822549767594085,10.971982315396975,23.198774308256983,0.01646773980851328,0.23192378002108704,4.194646759919891
known_mass_baseline,closing,0.18860346052267968,10.97814888748095,23.286511868382757,0.016163735381724387,0.2323413355886132,4.300472236267013
known_mass_baseline,closing,0.18898142336941853,10.98420157265635,23.374406791180988,0.015865083611883546,0.23275649177438365,4.404033020785197
known_mass_baseline,closing,0.18935938621615736,10.99014237034605,23.462458196213486,0.015571658744361241,0.2331693888664399,4.5052575639726165
known_mass_baseline,closing,0.1897373490628962,10.99597323201567,23.55066525643349,0.015283332953659565,0.23358016891247274,4.60409845195084
known_mass_baseline,closing,0.19011531190963504,11.001696060607962,23.63902719863385,0.014999977505919429,0.23398897455717155,4.700534268997791
known_mass_baseline,closing,0.19049327475637387,11.007312710432677,23.727543303439237,0.01472146400796219,0.23439594779305345,4.794571516024636
known_mass_baseline,closing,0.1908712376031127,11.01282498754546,23.81621290480968,0.014447665745562444,0.23480122862207858,4.886246588938776
known_mass_baseline,closing,0.19124920044985155,11.018234650649717,23.905035389020725,0.01417845911384065,0.2352049536251597,4.975627821139008
known_mass_baseline,closing,0.19162716329659038,11.023543412557176,23.99401019308519,0.013913725142870564,0.23560725443647432,5.062817594603968
known_mass_baseline,closing,0.1920051261433292,11.02875294224341,24.083136802579666,0.013653351121805879,0.23600825611927137,5.1479545241332225
known_mass_baseline,closing,0.19238308899006806,11.033864867536598,24.17241474883806,0.013397232325048455,0.2364080754396536,5.231215719259385
known_mass_baseline,closing,0.1927610518368069,11.038880778478353,24.261843605472663,0.013145273844183167,0.2368068190346067,5.312819128136264
known_mass_baseline,closing,0.19313901468354572,11.043802231397722,24.351422984182395,0.01289739252960094,0.2372045814703576,5.39302596729237
known_mass_baseline,closing,0.19351697753028457,11.048630753740328,24.44115252980567,0.01265351904589622,0.23760144318697113,5.472143240480682
known_mass_baseline,closing,0.1938949403770234,11.053367849696608,24.5310319145743,0.012413600045257461,0.2379974683249715,5.550526348915964
known_mass_baseline,closing,0.19427290322376223,11.058015006674397,24.62106083152295,0.012177600463143354,0.23839270242969035,5.628581793922014
known_mass_baseline,closing,0.19465086607050108,11.062573702663126,24.71123898700721,0.01194550594055116,0.23878717002904037,5.706769971362844
known_mass_baseline,closing,0.1950288289172399,11.06704541453793,24.801566092281366,0.011717325377099505,0.23918087208048672,5.785608055147224
known_mass_baseline,closing,0.19540679176397874,11.071431627354315,24.892041854086166,0.01149309361896371,0.23957378328318296,5.865672964514387
known_mass_baseline,closing,0.1957847546107176,11.075733844684626,24.98266596419427,0.011272874285373186,0.2399658492515571,5.947604406660984
known_mass_baseline,closing,0.19616271745745642,11.07995347444227,25.07343821346845,0.011055527353497852,0.24035821893052656,5.9667537583797845
known_mass_baseline,closing,0.19654068030419528,11.084091051746361,25.164359268879075,0.010838631480514616,0.24075332227354435,5.9707478213780645
known_mass_baseline,closing,0.1969186431509341,11.088146722192704,25.255430190115515,0.010622114472880043,0.2411512397734556,5.974752069498256
known_mass_baseline,closing,0.19729660599767293,11.092120628228658,25.346652043093567,0.010405972370029104,0.24155198337894185,5.978766389716371
known_mass_baseline,closing,0.19767456884441179,11.096012910811705,25.43802589817943,0.01019020124842128,0.24195556469063217,5.982790669501882
known_mass_baseline,closing,0.1980525316911506,11.099823709423195,25.529552830058236,0.009974797220695247,0.24236199496211966,5.986824796814714
known_mass_baseline,closing,0.19843049453788944,11.103553162081909,25.621233917603142,0.00975975643483594,0.24277128510098,5.990868660102333
known_mass_baseline,closing,0.1988084573846283,11.107201405357257,25.71307024374474,0.00954507507335392,0.2431834456697922,5.994922148296916
known_mass_baseline,closing,0.19918642023136712,11.110768574382195,25.805062895340846,0.009330749352476478,0.24359848688716118,5.99898515081264
known_mass_baseline,closing,0.19956438307810595,11.114254802865794,25.8972129630467,0.009116775521349901,0.24401641862874304,6.003057557543012
known_mass_baseline,closing,0.1999423459248448,11.117660223105545,25.989521541185525,0.008903149861253457,0.24443725042827275,6.007139258858329
known_mass_baseline,closing,0.20032030877158363,11.12098496599935,26.081989727619472,0.008689868684824131,0.2448609914785942,6.011230145603182
known_mass_baseline,closing,0.20069827161832246,11.124229161057213,26.174618623620987,0.008476928335292205,0.2452876506326939,6.015330109094081
known_mass_baseline,closing,0.20107623446506132,11.127392936412672,26.26740933374455,0.008264325185727575,0.24571723640473703,6.019439041117119
known_mass_baseline,closing,0.20145419731180014,11.13047641883397,26.360362965698805,0.00805205563829646,0.24614975697110714,6.023556833925733
known_mass_baseline,closing,0.20183216015853897,11.13347973373487,26.45348063021912,0.007840116123527863,0.2465852201714493,6.027683380238543
known_mass_baseline,closing,0.20221012300527783,11.136403005185272,26.546763440940495,0.007628503099590192,0.24702363350971612,6.031818573237253
known_mass_baseline,closing,0.20258808585201665,11.13924635592149,26.640212514270825,0.007417213051577359,0.2474650041552177,6.035962306564629
known_mass_baseline,closing,0.20296604869875548,11.142009907356305,26.733828969264692,0.007206242490804524,0.24790933894367573,6.040114474322535
known_mass_baseline,closing,0.20334401154549434,11.144693779588744,26.82761392749744,0.006995587954112981,0.2483566443782811,6.044274971070061
known_mass_baseline,closing,0.20372197439223316,11.147298091413624,26.921568512939697,0.006785246003184434,0.24880692663075554,6.048443691821685
known_mass_baseline,closing,0.204099937238972,11.149822960330795,27.015693851832324,0.006575213223863521,0.2492601915424178,6.052620532045529
known_mass_baseline,closing,0.20447790008571085,11.152268502554143,27.109991072561712,0.006365486225489464,0.24971644462525347,6.056805387661658
known_mass_baseline,closing,0.20485586293244967,11.15463483302035,27.204461305535485,0.006156061640236077,0.2501756910629896,6.0609981550404415
known_mass_baseline,closing,0.20523382577918853,11.156922065397346,27.29910568305865,0.0059469361224597506,0.25063793571217374,6.065198731000992
known_mass_baseline,closing,0.20561178862592736,11.159130312092712,27.393925339210192,0.00573810634805641,0.25110318310325797,6.069407012809636
known_mass_baseline,closing,0.20598975147266618,11.161259684261507,27.48892140971991,0.00552956901382505,0.2515714374416863,6.073622898178467
known_mass_baseline,closing,0.20636771431940504,11.163310291814255,27.584095031845965,0.005321320836840712,0.2520427026089894,6.077846285263935
known_mass_baseline,closing,0.20674567716614387,11.165282243424326,27.67944734425245,0.005113358553833283,0.25251698216388113,6.082077072665505
known_mass_baseline,closing,0.2071236400128827,11.167175646535355,27.77497948688776,0.004905678920575182,0.2529942793433627,6.086315159424359
known_mass_baseline,closing,0.20750160285962155,11.168990607368237,27.870692600863077,0.004698278711274956,0.25347459706383035,6.090560445022154
known_mass_baseline,closing,0.20787956570636038,11.170727230928058,27.966587828331487,0.004491154717979631,0.2539579379221892,6.094812829379833
known_mass_baseline,closing,0.2082575285530992,11.172385621010674,28.062666312367394,0.0042843037499818715,0.25444430419697117,6.099072212856489
known_mass_baseline,closing,0.20863549139983806,11.173965880209167,28.158929196846444,0.004077722633236164,0.2549336978494603,6.10333849624826
known_mass_baseline,closing,0.20901345424657689,11.175468109919988,28.25537762632576,0.0038714082097797142,0.25542612052482105,6.1076115807873
known_mass_baseline,closing,0.2093914170933157,11.17689241034896,28.352012745924753,0.003665357337161168,0.25592157355323425,6.111891368140782
known_mass_baseline,closing,0.20976937994005457,11.178238880516986,28.44883570120621,0.0034595668878744934,0.25642005795103695,6.116177760409941
known_mass_baseline,closing,0.2101473427867934,11.179507618265658,28.545847638057946,0.0032540337488002335,0.2569215744218694,6.120470660129169
known_mass_baseline,closing,0.21052530563353222,11.180698720262523,28.64304970257479,0.0030487548206516446,0.25742612335782683,6.124769970265172
known_mass_baseline,closing,0.21090326848027108,11.181812282006273,28.740443040941123,0.0028437270174278273,0.25793370484061784,6.129075594216138
known_mass_baseline,closing,0.2112812313270099,11.182848397831606,28.838028799313662,0.002638947265871522,0.2584443186427273,6.133387435810972
known_mass_baseline,closing,0.21165919417374873,11.183807160914014,28.935808123704977,0.002434412504933453,0.2589579642285872,6.137705399308565
known_mass_baseline,closing,0.2120371570204876,11.184688663274176,29.033782159867094,0.0022301196852411997,0.2594746407557518,6.142029389397115
known_mass_baseline,closing,0.21241511986722642,11.185492995782402,29.131952053175844,0.002026065768574614,0.25999434707607955,6.146359311193458
known_mass_baseline,closing,0.21279308271396524,11.186220248162659,29.23031894851552,0.001822247727345211,0.26051708173692145,6.150695070242487
known_mass_baseline,closing,0.2131710455607041,11.186870508996554,29.32888399016404,0.0016186625440815228,0.2610428429823155,6.155036572516579
known_mass_baseline,closing,0.21354900840744293,11.187443865727019,29.42764832167845,0.0014153072109191478,0.2615716287541866,6.159383724415046
known_mass_baseline,closing,0.21392697125418175,11.187940404661877,29.526613085781065,0.0012121787290954589,0.2621034366935542,6.163736432763688
known_mass_baseline,closing,0.2143049341009206,11.188360210977143,29.62577942424589,0.0010092741084488932,0.2626382641417446,6.16809460481431
known_mass_baseline,closing,0.21468289694765944,11.188703368720232,29.725148477785602,0.0008065903669238483,0.2631761081416121,6.172458148244313
known_mass_baseline,closing,0.2150608597943983,11.188969960812882,29.824721385938986,0.0006041245300784093,0.2637169654387636,6.1768269711563395
known_mass_baseline,closing,0.21543882264113712,11.189160069053983,29.924499286958792,0.00040187363059798753,0.26426083248279264,6.181200982077914
known_mass_baseline,closing,0.21581678548787595,11.189273774122167,30.024483317700113,0.00019983470781220758,0.2648077054285181,6.185580089961157
known_mass_baseline,closing,0.2161947483346148,11.189311155578237,30.124674613509246,-1.995192783516009e-06,0.26535758013723076,6.189964204182506
known_mass_baseline,closing,0.21657271118135363,11.189272291867363,30.22507430811286,-0.000203619020003043,0.2659104521779451,6.194353234542502
known_mass_baseline,closing,0.21695067402809246,11.189157260321176,30.32568353350786,-0.000405039717440131,0.2664663168286596,6.19874709126558
known_mass_baseline,closing,0.2173286368748313,11.188966137159646,30.426503419851613,-0.0006062602239353676,0.2670251690776225,6.203145684999916
known_mass_baseline,closing,0.21770659972157014,11.188698997492809,30.527535095352672,-0.0008072834740394941,0.26758700362460486,6.2075489268173145
known_mass_baseline,closing,0.21808456256830897,11.18835591532229,30.628779686162,-0.0010081123984730933,0.2681518148821813,6.211956728213092
known_mass_baseline,closing,0.21846252541504782,11.187936963542683,30.73023831626467,-0.00120874992458328,0.26871959697701564,6.216369001106053
known_mass_baseline,closing,0.21884048826178665,11.187442213942685,30.831912107371974,-0.0014091989767963387,0.2692903437511557,6.220785657838448
known_mass_baseline,closing,0.21921845110852548,11.186871737206156,30.933802178814155,-0.0016094624770678079,0.26986404876333325,6.225206611175991
known_mass_baseline,closing,0.21959641395526433,11.186225602912954,31.035909647433584,-0.0018095433453288179,0.2704407052902732,6.229631774307915
known_mass_baseline,closing,0.21997437680200316,11.185503879539644,31.138235627478362,-0.0020094444999298744,0.2710203063280072,6.234061060847041
known_mass_baseline,closing,0.22035233964874198,11.184706634459985,31.24078123049654,-0.0022091688580813396,0.2716028445931967,6.238494384829896
known_mass_baseline,closing,0.22073030249548084,11.183833933945298,31.34354756523078,-0.0024087193362915538,0.2721883125244622,6.242931660716865
known_mass_baseline,closing,0.22110826534221967,11.182885843164625,31.446535737513422,-0.0026080988508017655,0.2727767022837189,6.247372803392364
known_mass_baseline,closing,0.2214862281889585,11.181862426184747,31.549746850162265,-0.0028073103180191183,0.27336800575752157,6.251817728165062
known_mass_baseline,closing,0.22186419103569735,11.180763745970056,31.653182002876672,-0.0030063566549462795,0.27396221455841474,6.25626635076812
known_mass_baseline,closing,0.22224215388243618,11.179589864382242,31.756842292134305,-0.0032052407796091253,0.2745593200262917,6.260718587359474
known_mass_baseline,closing,0.222620116729175,11.178340842179873,31.86072881108834,-0.003403965611482207,0.27515931322975995,6.265174354522153
known_mass_baseline,closing,0.22299807957591386,11.17701673901768,31.96484264946514,-0.0036025340719118004,0.27576218496751453,6.2696335692646255
known_mass_baseline,closing,0.2233760424226527,11.175617613445835,32.06918489346255,-0.0038009490845369864,0.2763679257697183,6.27409614902117
known_mass_baseline,closing,0.22375400526939154,11.174143522908944,32.173756625648586,-0.0039992135757089264,0.2769765258993903,6.278562011652292
known_mass_baseline,closing,0.22413196811613037,11.172594523745035,32.27855892486083,-0.004197330474907335,0.2775879753538014,6.283031075445184
known_mass_baseline,closing,0.2245099309628692,11.170970671184193,32.38359286610618,-0.0043953027151567015,0.2782022638658771,6.287503259114184
known_mass_baseline,closing,0.22488789380960805,11.169272019347257,32.488859520461254,-0.004593133233438851,0.2788193809056091,6.291978481801304
known_mass_baseline,closing,0.22526585665634688,11.167498621244112,32.5943599549732,-0.004790824971106,0.27943931568147257,6.2964566630767695
known_mass_baseline,closing,0.2256438195030857,11.165650528772126,32.70009523256126,-0.00498838087429021,0.2800620571418534,6.300937722939605
known_mass_baseline,closing,0.22602178234982456,11.163727792714058,32.80606641191857,-0.0051858038943136675,0.280687593976481,6.305421581818247
known_mass_baseline,closing,0.2263997451965634,11.161730462736212,32.91227454741478,-0.005383096988095165,0.28131591461787053,6.309908160571194
known_mass_baseline,closing,0.22677770804330222,11.159658587386108,33.018720688999046,-0.005580263118557943,0.28194700724277155,6.314397380487682
known_mass_baseline,closing,0.22715567089004107,11.157512214090252,33.12540588210375,-0.005777305255034032,0.28258085977362635,6.318889163288418
known_mass_baseline,closing,0.2275336337367799,11.155291389151532,33.23233116754848,-0.005974226373669317,0.28321745988003333,6.323383431126316
known_mass_baseline,closing,0.22791159658351873,11.15299615774666,33.33949758144494,-0.006171029457826743,0.28385679498022154,6.327880106587301
known_mass_baseline,closing,0.22828955943025758,11.150626563923256,33.44690615510203,-0.006367717498489522,0.28449885224253046,6.332379112691113
known_mass_baseline,closing,0.2286675222769964,11.148182650597008,33.55455791493182,-0.006564293494662282,0.2851436185868993,6.336880372892181
known_mass_baseline,closing,0.22904548512373524,11.145664459548469,33.66245388235584,-0.006760760453773412,0.2857910806863636,6.341383811080509
known_mass_baseline,closing,0.2294234479704741,11.143072031419887,33.7705950737122,-0.006957121392074855,0.28644122496856095,6.345889351582612
known_mass_baseline,closing,0.22980141081721292,11.140405405711718,33.878982500162934,-0.007153379335043397,0.2870940376172429,6.35039691916248
known_mass_baseline,closing,0.23017937366395175,11.137664620779129,33.98761716760225,-0.007349537317780097,0.2877495045737973,6.354906439022587
known_mass_baseline,closing,0.2305573365106906,11.134849713828194,34.09650007656512,-0.00754559838541094,0.2884076115387768,6.359417836804914
known_mass_baseline,closing,0.23093529935742943,11.131960720912137,34.20563222213662,-0.007741565593485766,0.2890683439734373,6.363931038592054
known_mass_baseline,closing,0.23131326220416826,11.128997676927199,34.31501459386169,-0.007937442008378648,0.28973168710128305,6.368445970908317
known_mass_baseline,closing,0.2316912250509071,11.125960615608625,34.42464817565568,-0.008133230707687372,0.2903976259096218,6.3729625607208735
known_mass_baseline,closing,0.23206918789764594,11.122849569526188,34.53453394571528,-0.008328934780633568,0.2910661451511268,6.377480735440972
known_mass_baseline,closing,0.2324471507443848,11.119664570079841,34.64467287643018,-0.008524557328463078,0.2917372293454082,6.382000422925156
known_mass_baseline,closing,0.23282511359112362,11.116405647495016,34.755065934295224,-0.008720101464846558,0.29241086278059236,6.386521551476544
known_mass_baseline,closing,0.23320307643786245,11.113072830817876,34.86571407982329,-0.00891557031628093,0.29308702951490995,6.3910440498461405
known_mass_baseline,closing,0.2335810392846013,11.10966614791041,34.976618267458655,-0.00911096702249109,0.2937657133782928,6.395567847234201
known_mass_baseline,closing,0.23395900213134013,11.106185625445322,35.08777944549098,-0.009306294736832282,0.2944468979739788,6.400092873291609
known_mass_baseline,closing,0.23433696497807896,11.102631288900866,35.19919855597005,-0.009501556626693664,0.2951305666801262,6.404619058121333
known_mass_baseline,closing,0.23471492782481782,11.099003162555423,35.310876534620895,-0.009696755873902507,0.295816702651436,6.409146332279903
known_mass_baseline,closing,0.23509289067155664,11.095301269481936,35.422814310759655,-0.009891895675129658,0.2965052888207831,6.4136746267789295
known_mass_baseline,closing,0.23547085351829547,11.09152563154227,35.535012807210094,-0.010086979242295985,0.29719630790085705,6.4182038730866715
known_mass_baseline,closing,0.23584881636503433,11.087676269381344,35.64747294022064,-0.010282009802980135,0.2978897423858109,6.422734003129662
known_mass_baseline,closing,0.23622677921177315,11.083753202421173,35.76019561938213,-0.010476990600827574,0.298585574552919,6.427264949294346
known_mass_baseline,closing,0.23660474205851198,11.079756448854676,35.873181747546155,-0.010671924895961193,0.29928378646424486,6.431796644428803
known_mass_baseline,closing,0.23698270490525083,11.075686025639415,35.986432220744064,-0.010866815965393517,0.2999843599683168,6.4363290218444815
known_mass_baseline,closing,0.23736066775198966,11.071541948491085,36.099947928106445,-0.011061667103440836,0.30068727670181283,6.440862015318011
known_mass_baseline,closing,0.2377386305987285,11.067324231876908,36.21372975178354,-0.011256481622138936,0.30139251809125567,6.445395559093033
known_mass_baseline,closing,0.23811659344546734,11.06303288900886,36.32777856686601,-0.011451262851660649,0.3021000653547164,6.449929587882105
known_mass_baseline,closing,0.23849455629220617,11.058667931836768,36.44209524130654,-0.011646014140735683,0.30280989950352705,6.4544640368686395
known_mass_baseline,closing,0.238872519138945,11.054229371041172,36.556680635842014,-0.011840738857072541,0.3035220013440037,6.458998841708905
known_mass_baseline,closing,0.23925048198568385,11.049717216026117,36.67153560391637,-0.012035440387783009,0.30423635147917794,6.463533938534062
known_mass_baseline,closing,0.23962844483242268,11.045131474911697,36.78666099160401,-0.012230122139808869,0.30495293031053794,6.468069263952262
known_mass_baseline,closing,0.2400064076791615,11.04047215452646,36.90205763753403,-0.012424787540351201,0.3056717180397801,6.472604755050805
known_mass_baseline,closing,0.24038437052590036,11.035739260399732,37.017726372815055,-0.012619440037302393,0.3063926946705694,6.477140349398333
known_mass_baseline,closing,0.2407623333726392,11.03093279675368,37.13366802096064,-0.012814083099680823,0.30711584001030967,6.481675985047102
known_mass_baseline,closing,0.24114029621937802,11.026052766495264,37.24988339781556,-0.013008720218068814,0.3078411336719241,6.486211600535285
known_mass_baseline,closing,0.24151825906611687,11.021099171207991,37.3663733114825,-0.013203354905053255,0.30856855507564585,6.490747134889348
known_mass_baseline,closing,0.2418962219128557,11.016072011143496,37.483138562249636,-0.013397990695670159,0.3092980834508169,6.495282527626479
known_mass_baseline,closing,0.24227418475959456,11.010971285212976,37.60017994251882,-0.013592631147851975,0.31002969783769946,6.499817718757083
known_mass_baseline,closing,0.24265214760633338,11.005796990978482,37.71749823673444,-0.013787279842877892,0.310763377089296,6.504352648787315
known_mass_baseline,closing,0.2430301104530722,11.00054912464398,37.83509422131302,-0.013981940385829589,0.3114990998731798,6.5088872587217015
known_mass_baseline,closing,0.24340807329981107,10.995227681046313,37.95296866457351,-0.014176616406048503,0.3122368446733363,6.513421490065808
known_mass_baseline,closing,0.2437860361465499,10.989832653645859,38.07112232666811,-0.014371311557598854,0.31297658979201404,6.517955284828973
known_mass_baseline,closing,0.24416399899328872,10.984364034517208,38.18955595951411,-0.014566029519733431,0.3137183133515874,6.5224885855271095
known_mass_baseline,closing,0.24454196184002758,10.978821814339431,38.30827030672612,-0.014760773997365084,0.31446199329642816,6.527021335185566
known_mass_baseline,closing,0.2449199246867664,10.973205982386416,38.42726610354922,-0.014955548721540618,0.3152076073947899,6.53155347734206
known_mass_baseline,closing,0.24529788753350523,10.967516526516768,38.5465440767927,-0.015150357449921187,0.31595513324070157,6.536084956049677
known_mass_baseline,closing,0.2456758503802441,10.96175343316381,38.66610494476466,-0.015345203967265658,0.31670454825587313,6.54061571587995
known_mass_baseline,closing,0.24605381322698291,10.955916687325118,38.78594941720713,-0.015540092085920526,0.317455829691611,6.545145701925973
known_mass_baseline,closing,0.24643177607372174,10.950006272552086,38.90607819523212,-0.0157350256463131,0.3182089546307466,6.549674859805654
known_mass_baseline,closing,0.2468097389204606,10.944022170939133,39.026491971258224,-0.01593000851745155,0.31896389998957386,6.554203135664965
known_mass_baseline,closing,0.24718770176719942,10.937964363112906,39.14719142894811,-0.016125044597428806,0.3197206425198,6.558730476181329
known_mass_baseline,closing,0.24756566461393825,10.931832828221092,39.26817724314665,-0.016320137813933044,0.3204791588105068,6.563256828567037
known_mass_baseline,closing,0.2479436274606771,10.925627543921246,39.38945007981987,-0.016515292124763103,0.3212394252901245,6.567782140572795
known_mass_baseline,closing,0.24832159030741593,10.919348486369193,39.51101059599452,-0.016710511518350568,0.3220014182284158,6.572306360491288
known_mass_baseline,closing,0.24869955315415476,10.912995630207465,39.63285943969859,-0.016905800014286848,0.32276511373847405,6.576829437160884
known_mass_baseline,closing,0.24907751600089362,10.906568948553298,39.75499724990235,-0.01710116166385789,0.3235304877787312,6.5813513199693805
known_mass_baseline,closing,0.24945547884763244,10.900068412986661,39.87742465646038,-0.017296600550583713,0.3242975161549797,6.585871958857862
known_mass_baseline,closing,0.24983344169437127,10.893493993537904,40.00014228005421,-0.017492120790766036,0.3250661745224054,6.59039130432462
known_mass_baseline,closing,0.2502114045411101,10.886845658675309,40.12315073213581,-0.01768772653404138,0.32583643838763465,6.594909307429197
known_mass_baseline,closing,0.250589367387849,10.880123375292351,40.24645061487181,-0.017883421963942242,0.32660828311079193,6.599425919796478
known_mass_baseline,closing,0.2509673302345878,10.873327108694788,40.370042521088486,-0.018079211298465098,0.3273816839075715,6.603941093620902
known_mass_baseline,closing,0.25134529308132664,10.86645682258753,40.49392703421767,-0.018275098790645622,0.3281566158513224,6.608454781670772
known_mass_baseline,closing,0.2517232559280655,10.859512479061282,40.61810472824322,-0.01847108872914155,0.3289330538751452,6.612966937292631
known_mass_baseline,closing,0.2521012187748043,10.852494038578977,40.742576167648444,-0.018667185438823813,0.3297109727740031,6.617477514415768
known_mass_baseline,closing,0.25247918162154315,10.845401459961954,40.867341907364406,-0.01886339328137543,0.3304903472068463,6.6219864675568205
known_mass_baseline,closing,0.252857144468282,10.83823470037597,40.99240249271875,-0.019059716655898284,0.33127115169874954,6.626493751824447
known_mass_baseline,closing,0.2532351073150208,10.830993715316898,41.117758459385584,-0.019256159999529288,0.33205336064306384,6.630999322924154
known_mass_baseline,closing,0.25361307016175966,10.823678458596255,41.24341033333615,-0.019452727788064672,0.33283694830358257,6.635503137163195
known_mass_baseline,closing,0.2539910330084985,10.816288882326479,41.36935863079018,-0.019649424536593324,0.3336218888167206,6.640005151455584
known_mass_baseline,closing,0.2543689958552373,10.808824936905928,41.49560385816819,-0.01984625480013938,0.3344081561937088,6.644505323327227
known_mass_baseline,closing,0.25474695870197617,10.801286571003692,41.62214651204466,-0.020043223174314645,0.3351957243228032,6.649003610921186
known_mass_baseline,closing,0.255124921548715,10.793673731544114,41.74898707910185,-0.020240334295980128,0.33598456697150814,6.653499973003015
known_mass_baseline,closing,0.2555028843954538,10.785986363691077,41.87612603608466,-0.020437592843917968,0.33677465778881466,6.657994368966263
known_mass_baseline,closing,0.2558808472421927,10.778224410832024,42.00356384975628,-0.020635003539513613,0.3375659703074554,6.662486758838058
known_mass_baseline,closing,0.25625881008893153,10.77038781456173,42.1313009768546,-0.020832571147448242,0.33835847794617246,6.6669771032848555
known_mass_baseline,closing,0.25663677293567033,10.762476514665806,42.25933786404959,-0.02103030047640242,0.3391521540120031,6.671465363618287
known_mass_baseline,closing,0.2570147357824092,10.754490449103937,42.387674947901594,-0.02122819637977036,0.339946971702581,6.675951501801153
known_mass_baseline,closing,0.25739269862914804,10.746429553992833,42.51631265482027,-0.02142626375638587,0.3407429041084523,6.680435480453537
known_mass_baseline,closing,0.25777066147588684,10.738293763588942,42.64525140102465,-0.021624507551259775,0.3415399242154097,6.684917262859076
known_mass_baseline,closing,0.2581486243226257,10.730083010270803,42.77449159250404,-0.021822932756329627,0.3423380049068427,6.689396812971355
known_mass_baseline,closing,0.25852658716936455,10.721797224521227,42.90403362497959,-0.0220215444112212,0.343137118966104,6.693874095420439
known_mass_baseline,closing,0.25890455001610335,10.713436334909106,43.033877883867106,-0.022220347604023055,0.3439372390788943,6.698349075519593
known_mass_baseline,closing,0.2592825128628422,10.705000268070904,43.164024744240514,-0.022419347472073692,0.344738337835664,6.70282171927209
known_mass_baseline,closing,0.25966047570958106,10.69648894869197,43.29447457079632,-0.0226185492027621,0.3455403877340323,6.707291993378226
known_mass_baseline,closing,0.26003843855631986,10.68790229948742,43.42522771781899,-0.022817958034341834,0.34634336118122505,6.711759865242464
known_mass_baseline,closing,0.2604164014030587,10.679240241182729,43.55628452914727,-0.02301757925675918,0.34714723049653107,6.716225302980748
known_mass_baseline,closing,0.2607943642497976,10.670502692494098,43.68764533814139,-0.02321741821249529,0.34795196791377603,6.720688275427988
known_mass_baseline,closing,0.26117232709653637,10.6616895701084,43.81931046765119,-0.023417480297423215,0.34875754558381644,6.725148752145687
known_mass_baseline,closing,0.2615502899432752,10.652800788662834,43.95128022998538,-0.02361777096168019,0.3495639355770531,6.729606703429799
known_mass_baseline,closing,0.2619282527900141,10.64383626072427,44.08355492688144,-0.02381829571055455,0.3503711098859626,6.734062100318691
known_mass_baseline,closing,0.2623062156367529,10.634795896768189,44.21613484947673,-0.02401906010538929,0.3511790404276508,6.738514914601333
known_mass_baseline,closing,0.26268417848349174,10.625679605157396,44.34902027828053,-0.024220069764501362,0.35198769904642613,6.742965118825687
known_mass_baseline,closing,0.2630621413302306,10.616487292120238,44.48221148314689,-0.0244213303641177,0.3527970575163923,6.74741268630723
known_mass_baseline,closing,0.2634401041769694,10.607218861728562,44.615708723248716,-0.02462284763932812,0.3536070875440638,6.751857591137731
known_mass_baseline,closing,0.26381806702370825,10.597874215875304,44.749512247052664,-0.024824627385056253,0.35441776077100273,6.756299808194192
known_mass_baseline,closing,0.2641960298704471,10.588453254251666,44.88362229229508,-0.02502667545704726,0.3552290487764761,6.760739313148014
known_mass_baseline,closing,0.26457399271718596,10.578955874323928,45.01803908595899,-0.025228997772875128,0.356040923080137,6.76517608247436
known_mass_baseline,closing,0.26495195556392476,10.569381971309937,45.15276284425205,-0.025431600312967984,0.3568533551447279,6.7696100934617505
known_mass_baseline,closing,0.2653299184106636,10.559731438155081,45.287793772585616,-0.025634489121652976,0.3576663163788073,6.774041324221852
known_mass_baseline,closing,0.26570788125740247,10.550004165507994,45.423132065554675,-0.02583767030822101,0.3584797781394995,6.77846975369953
known_mass_baseline,closing,0.26608584410414127,10.540200041695764,45.558777906919005,-0.026041150048011302,0.3592937117352688,6.782895361683101
known_mass_baseline,closing,0.2664638069508801,10.530318952698796,45.69473146958533,-0.02624493458351776,0.3601080884287188,6.7873181288148405
known_mass_baseline,closing,0.266841769797619,10.520360782125167,45.83099291559042,-0.026449030225515174,0.36092287943941537,6.791738036601744
known_mass_baseline,closing,0.2672197326443578,10.510325411184663,45.967562396085484,-0.02665344335420855,0.36173805594673647,6.7961550674265085
known_mass_baseline,closing,0.26759769549109663,10.500212718662253,46.10444005132143,-0.026858180420404526,0.3625535890927478,6.800569204558806
known_mass_baseline,closing,0.2679756583378355,10.490022580891235,46.241626010635365,-0.027063247946705282,0.36336944998510373,6.804980432166797
known_mass_baseline,closing,0.2683536211845743,10.479754871725845,46.37912039243806,-0.027268652528726484,0.36418560969997715,6.809388735328933
known_mass_baseline,closing,0.26873158403131314,10.469409462513415,46.516923304202805,-0.027474400836339424,0.36500203928501607,6.8137941000460245
known_mass_baseline,closing,0.269109546878052,10.458986222066073,46.65503484245491,-0.02768049961493768,0.36581870976232816,6.818196513253601
known_mass_baseline,closing,0.2694875097247908,10.448485016631995,46.79345509276282,-0.027886955686729276,0.3666355921314948,6.822595962834556
known_mass_baseline,closing,0.26986547257152965,10.437905709866062,46.93218412973016,-0.02809377595205506,0.3674526573726148,6.826992437632119
known_mass_baseline,closing,0.2702434354182685,10.42724816280012,47.07122201698888,-0.02830096739073351,0.36826987644937653,6.831385927463096
known_mass_baseline,closing,0.2706213982650073,10.41651223381268,47.210568807193624,-0.028508537063433204,0.369087220312163,6.83577642313146
known_mass_baseline,closing,0.27099936111174616,10.405697778598046,47.35022454201744,-0.028716492113073394,0.36990465990118704,6.840163916442261
known_mass_baseline,closing,0.271377323958485,10.394804650135026,47.49018925214835,-0.028924839766253263,0.37072216614965836,6.844548400215857
known_mass_baseline,closing,0.2717552868052238,10.383832698655,47.6304629572874,-0.029133587334710942,0.3715397099869839,6.848929868302515
known_mass_baseline,closing,0.27213324965196267,10.372781771609441,47.77104566614786,-0.02934274221681263,0.3723572623420023,6.8533083155973324
known_mass_baseline,closing,0.2725112124987015,10.36165171363691,47.91193737645556,-0.029552311899073175,0.37317479414625054,6.857683738055552
known_mass_baseline,closing,0.2728891753454403,10.350442366529464,48.05313807495057,-0.02976230395770804,0.37399227633726806,6.862056132708234
known_mass_baseline,closing,0.2732671381921792,10.33915356919837,48.194647737390056,-0.029972726060219168,0.3748096798619351,6.866425497678306
known_mass_baseline,closing,0.27364510103891804,10.327785157639445,48.33646632855257,-0.030183585967012788,0.3756269756798477,6.870791832197043
known_mass_baseline,closing,0.27402306388565684,10.31633696489747,48.47859380224327,-0.03039489153305322,0.3764441347667309,6.8751551366208945
known_mass_baseline,closing,0.2744010267323957,10.304808821030253,48.62103010130096,-0.030606650709551264,0.37726112811789,6.87951541244878
known_mass_baseline,closing,0.27477898957913455,10.293200553071845,48.763775157605885,-0.030818871545689158,0.37807792675170027,6.8838726623397894
known_mass_baseline,closing,0.27515695242587335,10.281511984995236,48.906828892089266,-0.031031562190382805,0.37889450171313777,6.888226890131329
known_mass_baseline,closing,0.2755349152726122,10.269742937674305,49.050191214744004,-0.031244730894082307,0.379710824077351,6.892578100857714
known_mass_baseline,closing,0.27591287811935106,10.257893228845054,49.19386202463673,-0.031458386010611517,0.3805268649532736,6.896926300769235
known_mass_baseline,closing,0.27629084096608986,10.24596267306626,49.337841209921265,-0.031672535999048096,0.38134259548728155,6.9012714973517095
known_mass_baseline,closing,0.2766688038128287,10.233951081679265,49.48212864785358,-0.03188718942564517,0.3821579868668937,6.905613699346509
known_mass_baseline,closing,0.27704676665956757,10.221858262767132,49.626724204807864,-0.032102354965795,0.38297301032451686,6.909952916771108
known_mass_baseline,closing,0.27742472950630637,10.209684021112997,49.7716277362943,-0.032318041406036474,0.3837876371412382,6.91428916094015
known_mass_baseline,closing,0.2778026923530452,10.197428158157704,49.916839086978314,-0.03253425764610762,0.38460183865066466,6.918622444487051
known_mass_baseline,closing,0.2781806551997841,10.185090471956572,50.0623580907009,-0.03275101270104361,0.3854155862428098,6.922952781386164
known_mass_baseline,closing,0.2785586180465229,10.172670757135489,50.20818457050087,-0.03296831570332237,0.3862288513680321,6.9272801869754925
known_mass_baseline,closing,0.27893658089326173,10.16016880484603,50.35431833863842,-0.03318617590505865,0.3870416055410232,6.931604677980026
known_mass_baseline,closing,0.2793145437400006,10.147584402719865,50.50075919662005,-0.03340460268024764,0.38785382034484805,6.935926272535634
known_mass_baseline,closing,0.2796925065867394,10.134917334822257,50.64750693522534,-0.03362360552706012,0.3886654674350394,6.940244990213626
known_mass_baseline,closing,0.28007046943347824,10.122167381604665,50.794561334535075,-0.033843194070189875,0.38947651854374704,6.944560852045914
known_mass_baseline,closing,0.2804484322802171,10.109334319856487,50.941922163960946,-0.03406337806325521,0.39028694548394266,6.94887388055087
known_mass_baseline,closing,0.2808263951269559,10.096417922655865,51.089589182276924,-0.03428416739125581,0.39109672015368324,6.953184099759838
known_mass_baseline,closing,0.28120435797369475,10.083417959319558,51.23756213765233,-0.03450557207308713,0.3919058145404333,6.957491535244352
known_mass_baseline,closing,0.2815823208204336,10.070334195351835,51.38584076768629,-0.03472760226411245,0.3927142007254478,6.961796214144081
known_mass_baseline,closing,0.2819602836671724,10.057166392392455,51.53442479944412,-0.03495026825879602,0.3935218508882179,6.96609816519552
known_mass_baseline,closing,0.28233824651391126,10.043914308163464,51.68331394949535,-0.03517358049339764,0.39432873731098,6.9703974187614435
known_mass_baseline,closing,0.2827162093606501,10.030577696415227,51.83250792395329,-0.03539754954873081,0.3951348323832911,6.974694006861132
known_mass_baseline,closing,0.28309417220738897,10.017156306871163,51.98200641851657,-0.035622186152986235,0.3959401086066713,6.978987963201452
known_mass_baseline,closing,0.28347213505412777,10.003649885171537,52.13180911851231,-0.03584750118462304,0.3967445385993149,6.983279323208756
known_mass_baseline,closing,0.2838500979008666,9.990058172816088,52.28191569894114,-0.03607350567532852,0.3975480951008747,6.987568124061623
known_mass_baseline,closing,0.2842280607476055,9.976380907105565,52.432325824524014,-0.03630021081304921,0.3983507509773161,6.99185440472455
known_mass_baseline,closing,0.2846060235943443,9.962617821082063,52.58303914975082,-0.03652762794509484,0.399152479225849,6.996138205982514
known_mass_baseline,closing,0.28498398644108314,9.948768643468206,52.73405531893106,-0.03675576858131782,0.39995325297993567,7.0004195704765175
known_mass_baseline,closing,0.285361949287822,9.934833098605083,52.88537396624619,-0.03698464439737001,0.40075304551437674,7.0046985427400985
known_mass_baseline,closing,0.2857399121345608,9.920810906388972,53.03699471580405,-0.037214267238038445,0.4015518302504807,7.008975169236863
known_mass_baseline,closing,0.28611787498129965,9.906701782206747,53.188917181695274,-0.03744464912066375,0.40234958076131533,7.013249498399056
known_mass_baseline,closing,0.2864958378280385,9.892505436870056,53.34114096805158,-0.037675802238642114,0.40314627077704535,7.017521580667229
known_mass_baseline,closing,0.2868738006747773,9.878221576548,53.4936656691062,-0.03790773896501423,0.40394187419035854,7.021791468530989
known_mass_baseline,closing,0.28725176352151616,9.863849902698647,53.6464908692564,-0.03814047185614336,0.40473636506198374,7.026059216570945
known_mass_baseline,closing,0.287629726368255,9.849390111998959,53.79961614312794,-0.03837401365548512,0.40552971762629964,7.0303248815018
known_mass_baseline,closing,0.2880076892149938,9.83484189627342,53.9530410556419,-0.0386083772974517,0.40632190629704223,7.034588522216697
known_mass_baseline,closing,0.28838565206173267,9.820204942421057,54.1067651620835,-0.038843575911373746,0.4071129056731104,7.038850199832823
known_mass_baseline,closing,0.2887636149084715,9.805478932340986,54.26078800817317,-0.039079622825561794,0.4079026905444718,7.043109977738331
known_mass_baseline,closing,0.2891415777552103,9.790663542856542,54.415109130139996,-0.03931653157147125,0.408691235898175,7.047367921640605
known_mass_baseline,closing,0.2895195406019492,9.775758445637532,54.569728054797274,-0.03955431588797356,0.4094785169244691,7.051624099615933
known_mass_baseline,closing,0.28989750344868803,9.760763307121136,54.724644299620515,-0.03979298972573675,0.4102645090230326,7.055878582160636
known_mass_baseline,closing,0.29027546629542683,9.745677788430964,54.87985737282776,-0.04003256725171819,0.4110491878093182,7.060131442243665
known_mass_baseline,closing,0.2906534291421657,9.73050154529442,55.03536677346249,-0.04027306285377469,0.41183252912101437,7.064382755360772
known_mass_baseline,closing,0.29103139198890454,9.715234227958385,55.1911719914787,-0.040514491145390436,0.41261450902462726,7.068632599590276
known_mass_baseline,closing,0.29140935483564334,9.699875481102957,55.347272507828656,-0.04075686697053002,0.4133951038221878,7.0728810556504556
known_mass_baseline,closing,0.2917873176823822,9.684424943753417,55.50366779455337,-0.041000205408617235,0.41417429005808715,7.077128206958699
known_mass_baseline,closing,0.29216528052912105,9.668882249190307,55.66035731487534,-0.0412445217796453,0.4149520445260435,7.081374139692381
known_mass_baseline,closing,0.29254324337585985,9.653247024857494,55.81734052329416,-0.04148983164942199,0.4157283442762059,7.085618942851595
known_mass_baseline,closing,0.2929212062225987,9.637518892268233,55.974616865684915,-0.04173615083495419,0.41650316662239834,7.089862708323783
known_mass_baseline,closing,0.29329916906933756,9.621697466909225,56.132185779399066,-0.04198349540997562,0.4172764891495073,7.094105530950316
known_mass_baseline,closing,0.29367713191607636,9.605782358142429,56.29004669336842,-0.04223188171062256,0.4180482897210196,7.098347508595089
known_mass_baseline,closing,0.2940550947628152,9.58977316910493,56.448199028211924,-0.0424813263412627,0.4188185464867141,7.102588742215275
known_mass_baseline,closing,0.29443305760955407,9.573669496606277,56.60664219634523,-0.04273184618048073,0.4195872378905101,7.106829335934202
known_mass_baseline,closing,0.29481102045629287,9.557470931023792,56.76537560209343,-0.04298345838722695,0.42035434267848076,7.1110693971164975
known_mass_baseline,closing,0.2951889833030317,9.541177056195366,56.92439864180689,-0.04323618040713334,0.42111983990703533,7.115309036445599
known_mass_baseline,closing,0.2955669461497706,9.524787449309883,57.08371070397994,-0.043490029979002504,0.42188370895127325,7.119548368003644
known_mass_baseline,closing,0.2959449089965094,9.508301680795189,57.24331116937307,-0.04374502514147516,0.4226459295135194,7.1237875093538925
known_mass_baseline,closing,0.29632287184324824,9.491719314203426,57.40319941113827,-0.04400118423988214,0.4234064816320447,7.12802658162576
known_mass_baseline,closing,0.2967008346899871,9.475039906093848,57.56337479494753,-0.04425852593328647,0.42416534568997555,7.132265709602505
known_mass_baseline,closing,0.2970787975367259,9.458263005912807,57.72383667912499,-0.04451706920172169,0.42492250242440277,7.136505021811756
known_mass_baseline,closing,0.29745676038346475,9.441388155871147,57.884584414782644,-0.04477683335363364,0.4256779329356936,7.140744650618908
known_mass_baseline,closing,0.2978347232302036,9.424414890818511,58.04561734595907,-0.045037838033531286,0.42643161869701274,7.144984732323523
known_mass_baseline,closing,0.2982126860769424,9.407342738114933,58.20693480976248,-0.045300103229854005,0.4271835415640618,7.149225407258875
known_mass_baseline,closing,0.29859064892368126,9.390171217499285,58.368536136517086,-0.04556364928306281,0.42793368378504293,7.153466819894692
known_mass_baseline,closing,0.2989686117704201,9.372899840954657,58.5304206499133,-0.04582849689396257,0.42868202801085287,7.157709118943267
known_mass_baseline,closing,0.2993465746171589,9.35552811257059,58.692587667161966,-0.04609466713226276,0.4294285573055179,7.161952457469071
known_mass_baseline,closing,0.29972453746389777,9.338055528401927,58.85503649915258,-0.046362181445385314,0.4301732551568752,7.1661969930019485
known_mass_baseline,closing,0.3001025003106366,9.320481576324386,59.01776645061539,-0.046631061667527646,0.43091610548751047,7.170442887654077
known_mass_baseline,closing,0.3004804631573754,9.30280573588664,59.180776820287896,-0.04690133002898936,0.43165709266595864,7.174690308240833
known_mass_baseline,closing,0.3008584260041143,9.285027478158739,59.344066901085654,-0.04717300916577194,0.4323962015181797,7.178939426405695
known_mass_baseline,closing,0.30123638885085313,9.267146265576926,59.50763598027716,-0.047446122129460505,0.43313341733931543,7.183190418749343
known_mass_baseline,closing,0.301614351697592,9.249161551784734,59.67148333966368,-0.047720692397397346,0.4338687259057394,7.187443466963143
known_mass_baseline,closing,0.3019923145443308,9.23107278146998,59.83560825576331,-0.04799674388315789,0.4346021134874081,7.191698757967149
known_mass_baseline,closing,0.30237027739106964,9.212879390197884,60.00001,-0.04827430094733853,0.43533356686052704,7.1959564840528385
lowest_search_score,opening,0.0,60.0,60.0,0.0,-0.0,28.0
lowest_search_score,opening,0.0005793381646845002,59.99999787954885,59.999997571050486,-1.0987103483223714e-05,-1.254861276776201e-05,27.99210349603339
lowest_search_score,opening,0.0011586763293690004,59.99998300936336,59.99998069989354,-4.403132356470359e-05,-4.9751030908189784e-05,27.982406885996152
lowest_search_score,opening,0.0017380144940535003,59.99994259098634,59.999935280012465,-9.918712976750966e-05,-0.00011101289657853089,27.9709294209647
lowest_search_score,opening,0.0023173526587380007,59.999863817239635,59.999847526044896,-0.00017643353904731762,-0.0001958164987567182,27.957689909526284
lowest_search_score,opening,0.0028966908234225007,59.99973391054497,59.99970393476147,-0.0002756919384142399,-0.00030370298067140816,27.942706818877305
lowest_search_score,opening,0.0034760289881070007,59.99954015218095,59.99949125509079,-0.00039683973742604114,-0.00043425871699905824,27.92599835196583
lowest_search_score,opening,0.004055367152791501,59.99926990459699,59.99919646507066,-0.0005397208270201557,-0.0005871048843623444,27.907582506290545
lowest_search_score,opening,0.0046347053174760015,59.99891062840786,59.99880675410155,-0.0007041535924956887,-0.0007618894773215742,27.88747711865426
lowest_search_score,opening,0.005214043482160501,59.9984498953127,59.99830950925897,-0.0008899370533421609,-0.0009582811971637541,27.86569989916361
lowest_search_score,opening,0.005793381646845001,59.99787539789115,59.99769230471241,-0.0010968555685071837,-0.0011759647749002165,27.842268456995736
lowest_search_score,opening,0.006372719811529501,59.9971749570057,59.996942893521535,-0.0013246824429895758,-0.0014146373925874242,27.81720031986243
lowest_search_score,opening,0.006952057976214001,59.99633652736938,59.99604920125123,-0.0015731826929922409,-0.001674005945739955,27.79051294865022
lowest_search_score,opening,0.007531396140898502,59.99534820170629,59.99499932097771,-0.0018421151666326166,-0.001953784949838724,27.762223748368562
lowest_search_score,opening,0.008110734305583001,59.99419821383296,59.99378150935831,-0.002131234171078645,-0.0022536949400700367,27.732350076273246
lowest_search_score,opening,0.008690072470267502,59.992874940911285,59.99238418351404,-0.002440290721650188,-0.0025734612487561424,27.700909247829024
lowest_search_score,opening,0.009269410634952003,59.99136690506558,59.990795918532974,-0.0027690335013702016,-0.002912813071996758,27.667918541019986
lowest_search_score,opening,0.009848748799636502,59.989662774510656,59.98900544544734,-0.003117209598729707,-0.0032714827577578257,27.633395199397135
lowest_search_score,opening,0.010428086964321003,59.98775136430396,59.98700164957176,-0.0034845650755635925,-0.0036492052635145144,27.597356434161306
lowest_search_score,opening,0.011007425129005502,59.98562163680815,59.98477356911647,-0.003870845404780815,-0.004045717743704893,27.559819425509914
lowest_search_score,opening,0.011586763293690003,59.98326270193003,59.98231039400932,-0.00427579580838752,-0.004460759236560043,27.520801323422297
lowest_search_score,opening,0.012166101458374504,59.980663817187086,59.97960146487644,-0.004699161519112199,-0.004894070427001253,27.480319248017747
lowest_search_score,opening,0.012745439623059003,59.97781438763982,59.976636272142414,-0.005140687983486543,-0.005345393467755055,27.43839028958851
lowest_search_score,opening,0.013324777787743504,59.974703965720266,59.97340445522075,-0.0056001210200523465,-0.005814471845015367,27.39503150838665
lowest_search_score,opening,0.013904115952428003,59.97132225097915,59.96989580177183,-0.006077206943166389,-0.006301050278185359,27.350259934224464
lowest_search_score,opening,0.014483454117112503,59.96765908976928,59.966100247011035,-0.006571692660421295,-0.006804874645680443,27.304092565934926
lowest_search_score,opening,0.015062792281797004,59.96370447487865,59.96200787305387,-0.0070833257498248625,-0.007325691930654647,27.25654637072701
lowest_search_score,opening,0.015642130446481505,59.95944854512361,59.95760890828785,-0.007611854521440055,-0.007863250181947338,27.207638283463158
lowest_search_score,opening,0.016221468611166003,59.95488158490974,59.952893726763605,-0.00815702806708976,-0.008417298486651114,27.157385205879386
lowest_search_score,opening,0.016800806775850503,59.94999402376694,59.94785284759909,-0.00871859630088316,-0.008987586951542979,27.105804005763883
lowest_search_score,opening,0.017380144940535004,59.94477643586294,59.94247693439254,-0.009296309992679498,-0.009573866691268163,27.052911516106146
lowest_search_score,opening,0.017959483105219505,59.93921953949929,59.93675679464078,-0.009889920796104911,-0.01017588982165948,26.998724534226024
lowest_search_score,opening,0.018538821269904006,59.93331419659222,59.930683379160115,-0.010499181272365196,-0.010793409456954933,26.943259820889534
lowest_search_score,opening,0.019118159434588503,59.92705141214078,59.92424778150797,-0.011123844910801012,-0.011426179709965244,26.886534099417087
lowest_search_score,opening,0.019697497599273004,59.92042233368376,59.91744123740388,-0.011763666146916136,-0.01207395569446641,26.82856405478803
lowest_search_score,opening,0.020276835763957505,59.9134182507469,59.910255124148364,-0.012418400378433319,-0.012736493529260925,26.76936633274485
lowest_search_score,opening,0.020856173928642006,59.906030594281084,59.90268096003927,-0.013087803979807655,-0.013413550343483354,26.708957538899277
lowest_search_score,opening,0.021435512093326507,59.8982509360926,59.89471040378467,-0.013771634315521433,-0.01410488428282447,26.64735423784225
lowest_search_score,opening,0.022014850258011004,59.890070988266004,59.88633525391193,-0.014469649752415142,-0.014810254516424905,26.58457295225898
lowest_search_score,opening,0.022594188422695505,59.88148260257996,59.8775474481727,-0.015181609671243615,-0.015529421244248102,26.520630162050317
lowest_search_score,opening,0.023173526587380006,59.872477769916735,59.86833906294349,-0.01590727447760656,-0.01626214570478657,26.455542303461172
lowest_search_score,opening,0.023752864752064506,59.86304861966538,59.85870231262173,-0.016646405612366657,-0.017008190182990577,26.389325768216484
lowest_search_score,opening,0.024332202916749007,59.853187419119024,59.84862954901719,-0.017398765561641646,-0.017767318018334102,26.321996902665312
lowest_search_score,opening,0.024911541081433505,59.84288657286658,59.83811326073865,-0.018164117866437363,-0.018539293612952496,26.253572006933336
lowest_search_score,opening,0.025490879246118005,59.832138622178825,59.82714607257598,-0.01894222713197238,-0.01932388243980333,26.184067334084002
lowest_search_score,opening,0.026070217410802506,59.82093624438926,59.815720744877325,-0.01973285903673572,-0.020120851050812388,26.113499089288474
lowest_search_score,opening,0.026649555575487007,59.80927225226976,59.80383017292175,-0.020535780341305362,-0.020929967084975333,26.04188342900458
lowest_search_score,opening,0.027228893740171508,59.79713959340117,59.79146738628704,-0.02135075889695385,-0.02175099927639504,25.969236460164698
lowest_search_score,opening,0.027808231904856005,59.78453134953897,59.77862554821303,-0.022177563654056834,-0.022583717462235836,25.895574239372845
lowest_search_score,opening,0.028387570069540506,59.77144073597416,59.76529795496024,-0.023015964670320823,-0.023427892590584965,25.820912772110777
lowest_search_score,opening,0.028966908234225007,59.757861100889336,59.751478035164034,-0.023865733118839366,-0.024283296728208916,25.7452680119533
lowest_search_score,opening,0.029546246398909508,59.74378592471029,59.737159349184275,-0.024726641295987926,-0.025149703068201083,25.668655859792622
lowest_search_score,opening,0.03012558456359401,59.729208819452936,59.72233558845068,-0.025598462629162863,-0.026026885937512255,25.59109216307192
lowest_search_score,opening,0.030704922728278506,59.71412352806593,59.70700057480373,-0.02648097168437161,-0.026914620804363344,25.51259271502789
lowest_search_score,opening,0.03128426089296301,59.69852392376876,59.69114825983135,-0.02737394417367621,-0.027812684285535065,25.433173253942485
lowest_search_score,opening,0.03186359905764751,59.68240400938578,59.674772724201475,-0.02827715696249642,-0.02872085415353519,25.352849462403594
lowest_search_score,opening,0.032442937222332005,59.66575791667588,59.65786817699046,-0.029190388076772704,-0.02963890934363954,25.271636966574818
lowest_search_score,opening,0.033022275387016506,59.64857990565814,59.640428955007344,-0.030113416709993717,-0.03056662996080908,25.18955133547414
lowest_search_score,opening,0.03360161355170101,59.63086436393339,59.622449522114316,-0.031046023230088524,-0.03150379728647934,25.10660808026159
lowest_search_score,opening,0.03418095171638551,59.61260580600189,59.60392446854319,-0.031987989186186984,-0.032450193785225685,25.022822653535798
lowest_search_score,opening,0.03476028988107001,59.593798872577025,59.584848510208026,-0.03293909731524817,-0.03340560311130087,24.938210448639367
lowest_search_score,opening,0.03533962804575451,59.57443832989536,59.56521648801409,-0.03389913154856016,-0.03436981011504884,24.85278679897311
lowest_search_score,opening,0.03591896621043901,59.55451906902279,59.545023367163054,-0.034867877018110026,-0.03534260084919175,24.76656697731908
lowest_search_score,opening,0.03649830437512351,59.53403610515708,59.52426423645463,-0.035845120062827945,-0.03632376257499398,24.679566195172235
lowest_search_score,opening,0.03707764253980801,59.51298457692698,59.50293430758466,-0.03683064823470375,-0.03731308376830032,24.591799602080936
lowest_search_score,opening,0.03765698070449251,59.491359745687646,59.48102891443977,-0.037824250304779344,-0.038310354125452806,24.503282284995972
lowest_search_score,opening,0.038236318869177006,59.46915699481262,59.458543512388516,-0.03882571626901592,-0.03931536456908255,24.41402926762831
lowest_search_score,opening,0.03881565703386151,59.44637182898268,59.435473677569455,-0.03983483735403851,-0.040327907253782026,24.324055509815313
lowest_search_score,opening,0.03939499519854601,59.42299987347108,59.41181510617563,-0.04085140602275773,-0.04134777557165337,24.233375906895546
lowest_search_score,opening,0.03997433336323051,59.399036873425786,59.38756361373617,-0.04187521597987026,-0.04237476415773861,24.142005289092047
lowest_search_score,opening,0.04055367152791501,59.37447869314854,59.362715134394676,-0.042906062177237705,-0.04340866889532825,24.04995842090409
lowest_search_score,opening,0.04113300969259951,59.349321315370716,59.337265720184476,-0.04394374081914717,-0.04444928692115183,23.95725000050723
lowest_search_score,opening,0.04171234785728401,59.323560840526326,59.31121154030103,-0.04498804936745081,-0.04549641663044948,23.863894659161893
lowest_search_score,opening,0.04229168602196851,59.29719348602194,59.284548880371375,-0.04603878654658888,-0.046549857681926814,23.769906960630085
lowest_search_score,opening,0.04287102418665301,59.27021558550383,59.25727414172074,-0.04709575234849384,-0.04760941100259176,23.67530140060057
lowest_search_score,opening,0.043450362351337514,59.24262358812225,59.22938384063644,-0.0481587480373792,-0.04867487879247692,23.580092406122134
lowest_search_score,opening,0.04402970051602201,59.21441405779304,59.20087460762896,-0.04922757615441076,-0.049746064529245196,23.484294335045185
lowest_search_score,opening,0.04460903868070651,59.18558367245646,59.1717431866905,-0.05030204052226487,-0.05082277297268211,23.38792147547136
lowest_search_score,opening,0.04518837684539101,59.15612922333351,59.141986434550944,-0.05138194624957012,-0.05190481016907333,23.29098804521142
lowest_search_score,opening,0.04576771501007551,59.12604761417961,59.11160131993123,-0.052467099735237256,-0.052991983455470286,23.193508191251087
lowest_search_score,opening,0.04634705317476001,59.095335860535954,59.08058492279442,-0.05355730867267543,-0.05408410146384292,23.095495989224972
lowest_search_score,opening,0.04692639133944451,59.06399108897828,59.04893443359431,-0.054652382053896074,-0.05518097412512061,22.996965442898535
lowest_search_score,opening,0.04750572950412901,59.03201053636344,59.01664715252172,-0.0557521301735063,-0.056282412673123235,22.897930483657976
lowest_search_score,opening,0.048085067668813514,58.99939154907355,58.98372048874862,-0.056856364632591534,-0.05738822964838198,22.79840497000801
lowest_search_score,opening,0.048664405833498015,58.96613158225811,58.95015195966996,-0.05796489834248801,-0.05849823890185042,22.69840268707758
lowest_search_score,opening,0.049243743998182515,58.932228199073755,58.91593919014349,-0.05907754552844617,-0.059612255598507316,22.597937346133406
lowest_search_score,opening,0.04982308216286701,58.89767906992206,58.881079911727475,-0.06019412173318595,-0.0607300962208519,22.49702258410134
lowest_search_score,opening,0.05040242032755151,58.862481971685334,58.8455719619164,-0.06131444382034503,-0.061851578572292,22.39567196309544
lowest_search_score,opening,0.05098175849223601,58.826634786960234,58.809413283374745,-0.062438329977819215,-0.06297652178042555,22.293898969954814
lowest_search_score,opening,0.05156109665692051,58.790135503289825,58.77260192316897,-0.06356559972099673,-0.06410474630021651,22.191717015788203
lowest_search_score,opening,0.05214043482160501,58.75298221239343,58.73513603199754,-0.0646960738958882,-0.06523607391706653,22.08913943552608
lowest_search_score,opening,0.05271977298628951,58.71517310939499,58.697013863419386,-0.06582957468215044,-0.0663703277497812,21.986179487480545
lowest_search_score,opening,0.053299111150974014,58.67670649204951,58.658233773080475,-0.0669659255960076,-0.06750733225343435,21.882850352912595
lowest_search_score,opening,0.053878449315658515,58.63758075996797,58.61879421793894,-0.06810495149306776,-0.06864691322212792,21.779165135607144
lowest_search_score,opening,0.054457787480343016,58.597794413840475,58.5786937554885,-0.06924647857103815,-0.06978889779165147,21.67513686145533
lowest_search_score,opening,0.05503712564502752,58.55734605465812,58.53793104298047,-0.07039033437233717,-0.07093311444203833,21.570778478044524
lowest_search_score,opening,0.05561646380971201,58.516234382933064,58.49650483664419,-0.07153634778660664,-0.07207939300002347,21.466102854255524
lowest_search_score,opening,0.05619580197439651,58.47445819791742,58.45441399090626,-0.07268434905312217,-0.07322756464139864,21.36112277986735
lowest_search_score,opening,0.05677514013908101,58.43201639682064,58.41165745760823,-0.07383416976310501,-0.0743774618932707,21.25585096516925
lowest_search_score,opening,0.05735447830376551,58.38890797402571,58.36823428522314,-0.0749856428619333,-0.07552891863621944,21.150300040580138
lowest_search_score,opening,0.057933816468450014,58.3451320203039,58.32414361807078,-0.07613860265125658,-0.07668177010635882,21.044482556275188
lowest_search_score,opening,0.058513154633134515,58.300687722028535,58.27938469553183,-0.07729288479101076,-0.07783585289729963,20.93841098181982
lowest_search_score,opening,0.059092492797819016,58.25557436038748,58.23395685126083,-0.07844832630133756,-0.07899100496201704,20.83209770581077
lowest_search_score,opening,0.059671830962503516,58.2097913105946,58.18785951239818,-0.07960476556440621,-0.08014706561462026,20.725555035524458
lowest_search_score,opening,0.06025116912718802,58.163338041100175,58.141092198780996,-0.08076204232614072,-0.08130387553202915,20.618795196572325
lowest_search_score,opening,0.06083050729187252,58.11621411280038,58.0936545221533,-0.08191999769785006,-0.08246127675555436,20.511830332563537
lowest_search_score,opening,0.06140984545655701,58.068419178245755,58.04554618537492,-0.08307847415776679,-0.08361911269238434,20.404672504774453
lowest_search_score,opening,0.06198918362124151,58.019952980848934,57.99676698162995,-0.08423731555248865,-0.0847772281169788,20.297333691825404
lowest_search_score,opening,0.06256852178592602,57.970815354091464,57.94731679363418,-0.08539636709832978,-0.08593546917237004,20.18982578936426
lowest_search_score,opening,0.06314785995061052,57.92100622072993,57.89719559284186,-0.08655547538257735,-0.087093683371371,20.082160609757135
lowest_search_score,opening,0.06372719811529502,57.870525592001286,57.846403438651826,-0.08771448836465816,-0.0882517195976935,19.974349881785873
lowest_search_score,opening,0.06430653627997951,57.81937356682777,57.79494047761306,-0.08887325537721211,-0.08940942810697439,19.866405250352592
lowest_search_score,opening,0.06488587444466401,57.767550331020864,57.74280694262947,-0.09003162712707699,-0.09056666052771245,19.758338276190912
lowest_search_score,opening,0.06546521260934851,57.715056156485026,57.690003152164344,-0.09118945569618217,-0.09172326986211535,19.650160435584155
lowest_search_score,opening,0.06604455077403301,57.661891400420785,57.636529509444365,-0.09234659454235272,-0.09287911048685787,19.541883120090333
lowest_search_score,opening,0.06662388893871751,57.60805650452742,57.58238650166301,-0.09350289850002617,-0.09403403815375173,19.43351763627379
lowest_search_score,opening,0.06720322710340201,57.55355199420522,57.52757469918376,-0.09465822378088003,-0.09518790999032846,19.325075205443678
lowest_search_score,opening,0.06778256526808651,57.4983784777575,57.472094754742955,-0.09581242797437244,-0.09634058450033446,19.21656696339909
lowest_search_score,opening,0.06836190343277102,57.442536645592185,57.415947402652385,-0.0969653700481955,-0.09749192156413983,19.108003960180874
lowest_search_score,opening,0.06894124159745552,57.38602726942331,57.359133458001615,-0.09811691034864291,-0.09864178243906173,18.99939715983007
lowest_search_score,opening,0.06952057976214002,57.328851201472176,57.30165381586023,-0.09926691060089195,-0.09979002975960279,18.890757440152907
lowest_search_score,opening,0.07009991792682452,57.27100937366854,57.24350945047991,-0.10041523390920024,-0.10093652753760415,18.78209559249242
lowest_search_score,opening,0.07067925609150902,57.21250279685158,57.18470141449652,-0.10156174475701783,-0.10208114116231497,18.67342232150662
lowest_search_score,opening,0.07125859425619352,57.15333255997085,57.12523083813206,-0.10270630900701631,-0.10322373740037862,18.564748244953066
lowest_search_score,opening,0.07183793242087802,57.093499829287275,57.065098928396694,-0.1038487939010341,-0.10436418439573655,18.45608389347997
lowest_search_score,opening,0.07241727058556252,57.03300584757415,57.00430696829093,-0.10498906805993938,-0.1055023516694488,18.347439710423757
lowest_search_score,opening,0.07299660875024702,56.97185193331836,56.94285631600789,-0.10612700148341062,-0.10663811011943378,18.23882605161301
lowest_search_score,opening,0.07357594691493152,56.910039479921586,56.880748404135694,-0.10726246554963609,-0.10777133202012693,18.13025318517878
lowest_search_score,opening,0.07415528507961602,56.84756995490179,56.81798473886009,-0.10839533301493282,-0.10890189102205888,18.021731291371207
lowest_search_score,opening,0.07473462324430052,56.78444489909498,56.754566899167436,-0.10952547801328459,-0.11002966215135383,17.913270462382485
lowest_search_score,opening,0.07531396140898503,56.72066592585722,56.69049653604789,-0.1106527760558003,-0.11115452180914796,17.804880702176195
lowest_search_score,opening,0.07589329957366951,56.65623472026698,56.625775371698985,-0.11177710403009355,-0.11227634777093026,17.69657192632269
lowest_search_score,opening,0.07647263773835401,56.59115303832784,56.56040519872969,-0.11289834019958399,-0.11339501918580462,17.588353961840863
lowest_search_score,opening,0.07705197590303851,56.525422706171696,56.49438787936475,-0.11401636420271996,-0.11451041657567426,17.480236547045994
lowest_search_score,opening,0.07763131406772301,56.459045619262426,56.42772534464977,-0.11513105705212373,-0.11562242183434893,17.37222933140389
lowest_search_score,opening,0.07821065223240752,56.39202374159995,56.36041959365655,-0.11624230113366088,-0.11673091822657669,17.264341875390954
lowest_search_score,opening,0.07878999039709202,56.32435910492503,56.29247269268921,-0.11734998020543186,-0.11783579038699821,17.15658365036054
lowest_search_score,opening,0.07936932856177652,56.25605380792455,56.22388677449091,-0.11845397939668958,-0.11893692431902742,17.048964038415225
lowest_search_score,opening,0.07994866672646102,56.18711001543752,56.154664037451155,-0.11955418520667976,-0.12003420739365575,16.941492332285254
lowest_search_score,opening,0.08052800489114552,56.117529957661674,56.08480674481389,-0.12065048550340884,-0.12112752834818355,16.834177735212815
lowest_search_score,opening,0.08110734305583002,56.04731592936097,56.014317223886366,-0.12174276952233586,-0.12221677728487627,16.7270293608425
lowest_search_score,opening,0.08168668122051452,55.97647028907368,55.94319786524869,-0.1228309278649922,-0.1233018456695493,16.6200562331175
lowest_search_score,opening,0.08226601938519902,55.90499545832144,55.871451121964384,-0.12391485249752726,-0.12438262633007818,16.513267286181886
lowest_search_score,opening,0.08284535754988352,55.83289392081907,55.79907950879168,-0.12499443674918252,-0.12545901345483856,16.40667136428867
lowest_search_score,opening,0.08342469571456802,55.76016822168542,55.726085601395816,-0.1260695753106929,-0.12653090259107297,16.30027722171378
lowest_search_score,opening,0.08400403387925252,55.68682096665499,55.6524720355623,-0.12714016423261754,-0.127598190643188,16.19409352267582
lowest_search_score,opening,0.08458337204393702,55.612854821290696,55.57824150641115,-0.12820610092359877,-0.1286607758709795,16.088128841261685
lowest_search_score,opening,0.08516271020862153,55.53827251019761,55.503396767612195,-0.1292672841485515,-0.12971855788778947,15.982391661357855
lowest_search_score,opening,0.08574204837330603,55.46307681623766,55.42794063060144,-0.13032361402678214,-0.13077143765859148,15.87689037658757
lowest_search_score,opening,0.08632138653799053,55.387270579745696,55.35187596379866,-0.131374992030039,-0.13181931749800924,15.771633290253556
lowest_search_score,opening,0.08690072470267503,55.31085669774642,55.275205691825995,-0.13242132098049278,-0.13286210106826482,15.666628615286577
lowest_search_score,opening,0.08748006286735951,55.23383812317271,55.197932794727905,-0.13346250504865023,-0.1338996933770604,15.561884474199532
lowest_search_score,opening,0.08805940103204402,55.15621786408506,55.1200603071923,-0.1344984497511982,-0.13493200077539155,15.457408899047287
lowest_search_score,opening,0.08863873919672852,55.07799898289236,55.04159131777297,-0.1355290619487824,-0.13595893095529438,15.353209831392004
lowest_search_score,opening,0.08921807736141302,54.9991845955739,54.96252896811331,-0.13655424984371778,-0.1369803929475259,15.24929512227409
lowest_search_score,opening,0.08979741552609752,54.91977787090281,54.88287645217145,-0.1375739229776336,-0.13799629711917816,15.14567253218872
lowest_search_score,opening,0.09037675369078202,54.839782029670864,54.80263701544683,-0.138587992229052,-0.1390065551712275,15.04234973106785
lowest_search_score,opening,0.09095609185546652,54.759200343914614,54.72181395420805,-0.1395963698109026,-0.140011080136019,14.939334298267658
lowest_search_score,opening,0.09153543002015102,54.67803613614309,54.640410614722406,-0.1405989692679708,-0.14100978637468578,14.836633722561553
lowest_search_score,opening,0.09211476818483552,54.596292778566976,54.55843039248674,-0.14159570547428255,-0.14200258957450482,14.734255402138563
lowest_search_score,opening,0.09269410634952002,54.5139736923293,54.47587673146001,-0.14258649463042536,-0.14298940674618923,14.632206644607141
lowest_search_score,opening,0.09327344451420452,54.43108234673765,54.39275312329735,-0.1435712542608061,-0.143970156221118,14.530494667004316
lowest_search_score,opening,0.09385278267888902,54.34762225849809,54.30906310658571,-0.14454990321084582,-0.14494475764850262,14.429126595810231
lowest_search_score,opening,0.09443212084357352,54.26359699095065,54.22481026608135,-0.14552236164411164,-0.14591313199249145,14.32810946696806
lowest_search_score,opening,0.09501145900825803,54.179010153306606,54.13999823194883,-0.146488551039388,-0.14687520152921377,14.227450225909129
lowest_search_score,opening,0.09559079717294253,54.09386539988723,54.05463067900175,-0.14744839418768585,-0.1478308898437618,14.127155727583311
lowest_search_score,opening,0.09617013533762703,54.008166429364515,53.96871132594537,-0.14840181518919082,-0.1487801218271123,14.02723273649476
lowest_search_score,opening,0.09674947350231153,53.92191698400374,53.882243934621016,-0.14934873945015104,-0.14972282367298817,13.92768792674282
lowest_search_score,opening,0.09732881166699603,53.83512084890754,53.795232309252135,-0.15028909367970517,-0.15065892287466032,13.828527882068075
lowest_search_score,opening,0.09790814983168053,53.747781851262154,53.70768029569248,-0.15122280588665105,-0.1515883482216907,13.729759095903635
lowest_search_score,opening,0.09848748799636503,53.65990385958537,53.619591780676004,-0.15214980537615516,-0.15251102979661627,13.631387971431513
lowest_search_score,opening,0.09906682616104952,53.57149078297651,53.530970691068816,-0.15307002274640277,-0.153426898971574,13.53342082164422
lowest_search_score,opening,0.09964616432573402,53.48254657036826,53.441820993123045,-0.15398338988519175,-0.1543358884048702,13.435863869411271
lowest_search_score,opening,0.10022550249041852,53.393075209780605,53.35214669173268,-0.15488983996646674,-0.15523793203748984,13.338723247550941
lowest_search_score,opening,0.10080484065510302,53.30308072757668,53.26195182969152,-0.15578930744679764,-0.15613296508955132,13.242004998906916
lowest_search_score,opening,0.10138417881978752,53.21256718772076,53.171240486953195,-0.15668172806180042,-0.15702092405670282,13.145715076430074
lowest_search_score,opening,0.10196351698447202,53.12153869103833,53.0800167798932,-0.15756703882250217,-0.1579017467064644,13.04985934326514
lowest_search_score,opening,0.10254285514915652,53.02999937447822,52.988284860573195,-0.15844517801164978,-0.15877537207451306,12.954443572842429
lowest_search_score,opening,0.10312219331384102,52.937953410376934,52.8960489160073,-0.15931608517996415,-0.1596417404609139,12.85947344897437
lowest_search_score,opening,0.10370153147852552,52.845405005725205,52.803313167430815,-0.1601797011423381,-0.16050079342629558,12.764954565957128
lowest_search_score,opening,0.10428086964321003,52.752358401436624,52.71008186957093,-0.16103596797398098,-0.1613524737879725,12.670892428676911
lowest_search_score,opening,0.10486020780789453,52.6588178716188,52.616359309919936,-0.16188482900650844,-0.1621967256160123,12.577292452721357
lowest_search_score,opening,0.10543954597257903,52.564787722846425,52.52214980801048,-0.16272622882397902,-0.163033494229251,12.484159964495518
lowest_search_score,opening,0.10601888413726353,52.47027229343698,52.4274577146934,-0.16356011325887707,-0.163862726191254,12.3915002013429
lowest_search_score,opening,0.10659822230194803,52.37527595272856,52.332287411417674,-0.16438642938804338,-0.1646843693062257,12.299318311671081
lowest_search_score,opening,0.10717756046663253,52.279803100360255,52.236643309512935,-0.16520512552855296,-0.1654983726148663,12.207619355082242
lowest_search_score,opening,0.10775689863131703,52.18385816555478,52.14052984947435,-0.16601615123354163,-0.1663046863901776,12.116408302508345
lowest_search_score,opening,0.10833623679600153,52.08744560640364,52.043951500249854,-0.16681945728797995,-0.16710326213321672,12.025690036351094
lowest_search_score,opening,0.10891557496068603,51.990569909154615,51.94691275853,-0.16761499570439747,-0.16789405256879997,11.935469350626493
lowest_search_score,opening,0.10949491312537053,51.893235587502,51.84941814804024,-0.168402719718555,-0.16867701164115564,11.845750951114205
lowest_search_score,opening,0.11007425129005503,51.79544718187906,51.75147221883568,-0.16918258378506776,-0.16945209450952745,11.756539455511392
lowest_search_score,opening,0.11065358945473952,51.69720925875329,51.65307954659855,-0.16995454357297793,-0.17021925754372744,11.667839393591345
lowest_search_score,opening,0.11123292761942402,51.59852640992407,51.554244731938105,-0.17071855596127816,-0.17097845831964115,11.579655207366537
lowest_search_score,opening,0.11181226578410852,51.49940325182304,51.45497239969326,-0.17147457903438604,-0.17172965561468265,11.491991251256385
lowest_search_score,opening,0.11239160394879302,51.399844424817054,51.3552671982378,-0.17222257207757008,-0.17247280940320237,11.404851792259471
lowest_search_score,opening,0.11297094211347752,51.299854592513846,51.255133798788286,-0.17296249557232712,-0.17320788085184657,11.318241010130333
lowest_search_score,opening,0.11355028027816202,51.19943844107032,51.15457689471473,-0.17369431119171258,-0.17393483231486895,11.23216299756073
lowest_search_score,opening,0.11412961844284653,51.098600678503665,51.05360120085384,-0.17441798179562268,-0.17465362732939566,11.146621760365418
lowest_search_score,opening,0.11470895660753103,50.99734603400506,50.95221145282519,-0.1751334714260306,-0.1753642306106439,11.06162121767229
lowest_search_score,opening,0.11528829477221553,50.895679257256305,50.85041240635007,-0.1758407453021751,-0.17606660804709348,10.977165202117051
lowest_search_score,opening,0.11586763293690003,50.79360511774919,50.74820883657322,-0.17653976981570352,-0.17676072669561266,10.893257460042264
lowest_search_score,opening,0.11644697110158453,50.6911284041077,50.64560553738733,-0.17723051252576902,-0.177446554776539,10.809901651700736
lowest_search_score,opening,0.11702630926626903,50.588253923412964,50.54260732076042,-0.17791294215408254,-0.17812406166871442,10.727101351463304
lowest_search_score,opening,0.11760564743095353,50.48498650053131,50.439219016066104,-0.17858702857991937,-0.17879321790447644,10.644860048030933
lowest_search_score,opening,0.11818498559563803,50.3813309774451,50.335445469416925,-0.17925274283508144,-0.17945399516460378,10.563181144651187
lowest_search_score,opening,0.11876432376032253,50.2772922125864,50.2312915430003,-0.17991005709881555,-0.18010636627321927,10.482067959338893
lowest_search_score,opening,0.11934366192500703,50.17287508017375,50.12676211441778,-0.18055894469268763,-0.18075030519264867,10.401523725101153
lowest_search_score,opening,0.11992300008969153,50.06808446955193,50.021862076027034,-0.18119938007541364,-0.1813857870182365,10.321551590166534
lowest_search_score,opening,0.12050233825437603,49.962925284534535,49.916596334287014,-0.18183133883764713,-0.18201278797311848,10.242154618218567
lowest_search_score,opening,0.12108167641906054,49.85740244274991,49.810969809106176,-0.1824547976967247,-0.1826312854029525,10.16333578863338
lowest_search_score,opening,0.12166101458374504,49.75152087498978,49.704987433193516,-0.18306973449136915,-0.18324125777060712,10.085097996721478
lowest_search_score,opening,0.12224035274842952,49.6452855245612,49.59865415141304,-0.18367612817635018,-0.1838426846508084,10.007444053973755
lowest_search_score,opening,0.12281969091311402,49.538701346641595,49.49197492014111,-0.1842739588171041,-0.18443554672474508,9.930376688311624
lowest_search_score,opening,0.12339902907779852,49.43177330763674,49.38495470662702,-0.18486320758431224,-0.18501982577463427,9.85389854434117
lowest_search_score,opening,0.12397836724248303,49.32450638454222,49.27759848835673,-0.1854438567484387,-0.18559550467824462,9.778012183611533
lowest_search_score,opening,0.12455770540716753,49.21690556430767,49.16991125241971,-0.18601588967422772,-0.1861625674033811,9.702720084877209
lowest_search_score,opening,0.12513704357185204,49.10897584320461,49.06189799487908,-0.1865792908151608,-0.186720999002329,9.628024644364483
lowest_search_score,opening,0.12571638173653654,49.00072222619715,48.953563720144984,-0.18713404570787448,-0.18727078560625873,9.55392817604188
lowest_search_score,opening,0.12629571990122104,48.89214972631625,48.84491344035116,-0.1876801409665389,-0.18781191441959205,9.480432911894567
lowest_search_score,opening,0.12687505806590554,48.783263364036934,48.7359521747347,-0.1882175642771972,-0.18834437371432888,9.407541002202734
lowest_search_score,opening,0.12745439623059004,48.67406816665915,48.626684949019406,-0.18874630439206627,-0.18886815282433653,9.335254515824012
lowest_search_score,opening,0.12803373439527452,48.56456916769162,48.51711679480217,-0.18926635112379983,-0.1893832421396001,9.26357544047972
lowest_search_score,opening,0.12861307255995902,48.454771406239246,48.40725274894274,-0.1897776953397134,-0.18988963310043644,9.192505683045063
lowest_search_score,opening,0.12919241072464352,48.34467992639363,48.297097852956995,-0.19028032895597177,-0.19038731819166996,9.122047069843216
lowest_search_score,opening,0.12977174888932802,48.23429977662736,48.186657152413524,-0.1907742449317396,-0.19087629093677205,9.052201346943288
lowest_search_score,opening,0.13035108705401252,48.12363600919129,48.075935696333545,-0.19125943726329495,-0.19135654589196358,8.982970180462116
lowest_search_score,opening,0.13093042521869702,48.01269367951548,47.96493853659437,-0.1917359009781066,-0.19182807864028162,8.914355156869894
lowest_search_score,opening,0.13150976338338152,47.90147784561349,47.853670727336194,-0.19220363212887587,-0.19229088578561054,8.84635778329954
lowest_search_score,opening,0.13208910154806602,47.789993567490185,47.74213732437248,-0.1926626277875419,-0.19274496494667703,8.778979487859948
lowest_search_score,opening,0.13266843971275052,47.67824590655296,47.630343384603705,-0.19311288603925184,-0.19319031475101037,8.712221619952926
lowest_search_score,opening,0.13324777787743503,47.56623992502653,47.518293965434786,-0.19355440597629683,-0.19362693482886814,8.646085450593885
lowest_search_score,opening,0.13382711604211953,47.453980685371256,47.40599412419579,-0.1939871876920125,-0.1940548258071273,8.580572172736236
lowest_search_score,opening,0.13440645420680403,47.34147324970485,47.29344891756643,-0.19441123227464543,-0.1944739893031414,8.515682901599485
lowest_search_score,opening,0.13498579237148853,47.228722679227936,47.180663401004004,-0.194826541801186,-0.19488442791856345,8.45141867500103
lowest_search_score,opening,0.13556513053617303,47.115734033652906,47.067642628174966,-0.19523311933116722,-0.19528614523313664,8.387780453691555
lowest_search_score,opening,0.13614446870085753,47.00251237063654,46.95439165039005,-0.19563096890043072,-0.19567914579845083,8.324769121694084
lowest_search_score,opening,0.13672380686554203,46.889062745216194,46.84091551604306,-0.19602009551486002,-0.19606343513166738,8.26238548664661
lowest_search_score,opening,0.13730314503022653,46.77539020924971,46.72721927005339,-0.1964005051440803,-0.19643901970921057,8.20063028014839
lowest_search_score,opening,0.13788248319491103,46.66149981085881,46.613307953312,-0.19677220471512724,-0.19680590696042816,8.139504158109707
lowest_search_score,opening,0.13846182135959553,46.54739659387631,46.49918660213127,-0.19713520210608318,-0.19716410526121933,8.079007701105226
lowest_search_score,opening,0.13904115952428003,46.43308559729705,46.38486024769844,-0.19748950613968194,-0.19751362392763241,8.019141414730857
lowest_search_score,opening,0.13962049768896453,46.318571854732404,46.270333915532845,-0.1978351265768827,-0.1978544732094303,7.9599057299641345
lowest_search_score,opening,0.14019983585364904,46.20386039386868,46.15561262494686,-0.19817207411041268,-0.1981866642836261,7.901301003528086
lowest_search_score,opening,0.14077917401833354,46.08895623592908,46.040701388510506,-0.19850036035827967,-0.19851020924798857,7.843327518258493
lowest_search_score,opening,0.14135851218301804,45.973864395139636,45.92560521151999,-0.19881999785725418,-0.19882512111451706,7.785985483474672
lowest_search_score,opening,0.14193785034770254,45.85858987819878,45.81032909146993,-0.1991310000563216,-0.1991314138028871,7.72927503535362
lowest_search_score,opening,0.14251718851238704,45.743137683750795,45.69487801752943,-0.19943338131010546,-0.19942910213386666,7.673196237307578
lowest_search_score,opening,0.14309652667707154,45.62751280186301,45.579256970021895,-0.19972715687226067,-0.1997182018227035,7.617749080364952
lowest_search_score,opening,0.14367586484175604,45.511720213506955,45.46347091990878,-0.20001234288883887,-0.19999872947248373,7.562933483554586
lowest_search_score,opening,0.14425520300644054,45.3957648900432,45.34752482827723,-0.2002889563916242,-0.20027070256746216,7.50874929429341
lowest_search_score,opening,0.14483454117112504,45.27965179271023,45.231423645831406,-0.20055701529144182,-0.20053413946636445,7.455196288777327
lowest_search_score,opening,0.14541387933580954,45.1633858721171,45.11517231238791,-0.20081653837143826,-0.20078905939566216,7.402274172375432
lowest_search_score,opening,0.14599321750049404,45.046972067739944,44.998775756374926,-0.20106754528033408,-0.20103548244281957,7.3499825800275
lowest_search_score,opening,0.14657255566517854,44.93041530742263,44.882238894335515,-0.2013100565256493,-0.20127342954951452,7.298321076644725
lowest_search_score,opening,0.14715189382986305,44.8137205068811,44.76556663043457,-0.20154409346690227,-0.2015029225048317,7.247289157513656
lowest_search_score,opening,0.14773123199454755,44.69689256921172,44.64876385596997,-0.20176967830878192,-0.20172398393843002,7.1968862487033665
lowest_search_score,opening,0.14831057015923205,44.57993638440368,44.531835448887456,-0.20198683409429352,-0.20193663731368372,7.1471117074757835
lowest_search_score,opening,0.14888990832391655,44.46285682885533,44.41478627329977,-0.20219558469787866,-0.2021409069207982,7.09796482269922
lowest_search_score,opening,0.14946924648860105,44.34565876489446,44.297621179009575,-0.2023959548185097,-0.20233681786989982,7.049444815265009
lowest_search_score,opening,0.15004858465328555,44.2283470403026,44.18034500103638,-0.2025879699727591,-0.20252439608410103,7.001550838507273
lowest_search_score,opening,0.15062792281797005,44.11092648784345,44.06296255914769,-0.20277165648784368,-0.20270366829254055,6.954281978625799
lowest_search_score,opening,0.15120726098265455,43.993401924795165,43.94547865739398,-0.2029470414946438,-0.20287466202339946,6.907637255111984
lowest_search_score,opening,0.15178659914733902,43.875778152486916,43.827898083647845,-0.2031141529206991,-0.20303740559689268,6.861615621177861
lowest_search_score,opening,0.15236593731202352,43.75805995583922,43.710225609147145,-0.2032730194831796,-0.20319192811823694,6.816215964188113
lowest_search_score,opening,0.15294527547670803,43.64025210290866,43.5924659880423,-0.20342367068183342,-0.2033382594705952,6.771437106095149
lowest_search_score,opening,0.15352461364139253,43.522359344436495,43.47462395694763,-0.2035661367919111,-0.20347643030799784,6.727277803877178
lowest_search_score,opening,0.15410395180607703,43.40438641340148,43.35670423449686,-0.20370044885706656,-0.20360647204824134,6.6837367499792215
lowest_search_score,opening,0.15468328997076153,43.28633802457669,43.23871152090261,-0.2038266386822361,-0.20372841686576354,6.640812572757088
lowest_search_score,opening,0.15526262813544603,43.16821887409065,43.120650497520224,-0.20394473882649428,-0.20384229768449785,6.598503836924317
lowest_search_score,opening,0.15584196630013053,43.05003363899234,43.002525826415514,-0.2040547825958879,-0.20394814817070453,6.556809044001969
lowest_search_score,opening,0.15642130446481503,42.93178697682074,42.884342149936884,-0.20415680403624814,-0.2040460027257811,6.515726632771376
lowest_search_score,opening,0.15700064262949953,42.81348352517823,42.76610409029153,-0.20425083792598175,-0.20413589647905084,6.475254979729717
lowest_search_score,opening,0.15757998079418403,42.69512790130818,42.6478162491257,-0.20433691976884036,-0.20421786528053096,6.435392399548428
lowest_search_score,opening,0.15815931895886853,42.57672470167699,42.52948320710939,-0.2044150857866693,-0.20429194569367923,6.39613714553449
lowest_search_score,opening,0.15873865712355303,42.458278501560095,42.41110952352508,-0.20448537291213603,-0.20435817498812137,6.357487410094482
lowest_search_score,opening,0.15931799528823753,42.3397938546323,42.29269973586075,-0.20454781878143788,-0.2044165911323574,6.319441325201432
lowest_search_score,opening,0.15989733345292204,42.22127529256227,42.17425835940708,-0.20460246172699043,-0.2044672327864489,6.28199696286442
lowest_search_score,opening,0.16047667161760654,42.10272732461133,42.055789886858946,-0.20464934077009597,-0.20451013929468634,6.2451523356009355
lowest_search_score,opening,0.16105600978229104,41.98415443723652,41.937298787921144,-0.20468849561359273,-0.20454535067823773,6.208905396911956
lowest_search_score,opening,0.16163534794697554,41.86556109369789,41.81878950891843,-0.204719966634485,-0.20457290762777824,6.1732540417597255
lowest_search_score,opening,0.16221468611166004,41.74695173367001,41.7002664724097,-0.2047437948765551,-0.2045928514961012,6.138196107048185
lowest_search_score,opening,0.16279402427634454,41.62833077285785,41.58173407680661,-0.20476002204295612,-0.20460522429071137,6.103729372106086
lowest_search_score,opening,0.16337336244102904,41.509702602617,41.463196695996395,-0.2047686904887873,-0.2046100686663996,6.069851559172756
lowest_search_score,opening,0.16395270060571354,41.391071589578026,41.34465867896907,-0.2047698432136515,-0.2046074279178008,6.036560333886425
lowest_search_score,opening,0.16453203877039804,41.272442075275336,41.226124349448845,-0.20476352385419513,-0.20459734597193355,6.003853305775197
lowest_search_score,opening,0.16511137693508254,41.15381837578017,41.10759800552996,-0.20474977667663094,-0.2045798673807239,5.971728028750538
lowest_search_score,opening,0.16569071509976704,41.03520478133816,40.98908391931682,-0.204728646569244,-0.2045550373135116,5.940182001603398
lowest_search_score,opening,0.16627005326445154,40.91660555601103,40.87058633656846,-0.20470017903488139,-0.20452290154954048,5.909212668502745
lowest_search_score,opening,0.16684939142913605,40.79802493732281,40.75210947634744,-0.20466442018342523,-0.20448350647043256,5.878817419496729
lowest_search_score,opening,0.16742872959382055,40.67946713591019,40.633657530672934,-0.20462141672425016,-0.2044368990526465,5.848993591016206
lowest_search_score,opening,0.16800806775850505,40.56093633517764,40.515234664178436,-0.2045712159586651,-0.20438312685992052,5.8197384663808664
lowest_search_score,opening,0.16858740592318955,40.442436690956455,40.39684501377368,-0.20451386577233974,-0.20432223803570046,5.7910492763076595
lowest_search_score,opening,0.16916674408787405,40.323972331168534,40.278492688310905,-0.2044494146277158,-0.20425428129555254,5.762923199421744
lowest_search_score,opening,0.16974608225255855,40.205547355494346,40.16018176825569,-0.2043779115564042,-0.20417930591956193,5.735357362769767
lowest_search_score,opening,0.17032542041724305,40.087165835045504,40.04191630536216,-0.20429940615156703,-0.20409736174471718,5.708348842335612
lowest_search_score,opening,0.17090475858192755,39.96883181204154,39.9237003223524,-0.2042139485602862,-0.2040084991572805,5.681894663558345
lowest_search_score,opening,0.17148409674661205,39.850549299491306,39.805537812600626,-0.20412158947591796,-0.20391276908514444,5.655991801852673
lowest_search_score,opening,0.17206343491129655,39.732322280878606,39.68743273982147,-0.20402238013043353,-0.20381022299017534,5.630637183131584
lowest_search_score,opening,0.17264277307598105,39.614154709852485,39.569389037762946,-0.20391637228674772,-0.20370091286054384,5.60582768433133
lowest_search_score,opening,0.17322211124066555,39.496050509921844,39.4514106099038,-0.2038036182310336,-0.20358489120304268,5.581560133938662
lowest_search_score,opening,0.17380144940535006,39.378013574154394,39.3335013291551,-0.20368417076502487,-0.20346221103539175,5.557831312520293
lowest_search_score,opening,0.17438078757003456,39.26004776488039,39.215665037566644,-0.20355808319830648,-0.20333292587853175,5.53463795325464
lowest_search_score,opening,0.17496012573471903,39.14215691340054,39.097905546037616,-0.20342540934059275,-0.2031970897489054,5.511976742465684
lowest_search_score,opening,0.17553946389940353,39.02434481969852,38.98022663403174,-0.20328620349399396,-0.2030547571507274,5.489844320159085
lowest_search_score,opening,0.17611880206408803,38.90661525215796,38.8626320492969,-0.20314052044527178,-0.2029059830682435,5.4682372805603805
lowest_search_score,opening,0.17669814022877253,38.78897194728393,38.745125507589414,-0.20298841545808377,-0.2027508229579783,5.447152172655378
lowest_search_score,opening,0.17727747839345703,38.67141860942884,38.627710692402495,-0.20282994426521647,-0.20258933274097232,5.426585500732624
lowest_search_score,opening,0.17785681655814153,38.553958910522994,38.510391254699535,-0.20266516306080906,-0.20242156879500983,5.406533724927948
lowest_search_score,opening,0.17843615472282603,38.436596489809546,38.393170812651725,-0.20249412849256637,-0.20224758794683506,5.386993261771133
lowest_search_score,opening,0.17901549288751054,38.31933495358392,38.2760529513801,-0.2023168976539615,-0.20206744746436067,5.3679604847345255
lowest_search_score,opening,0.17959483105219504,38.20217787493788,38.1590412227024,-0.2021335280764304,-0.20188120504886506,5.349431724783777
lowest_search_score,opening,0.18017416921687954,38.085128793508076,38.04213914488404,-0.20194407772155595,-0.20168891882718212,5.331403270930471
lowest_search_score,opening,0.18075350738156404,37.96819121522911,37.9253502023941,-0.2017486049732435,-0.20149064734388109,5.313871370786858
lowest_search_score,opening,0.18133284554624854,37.851368612091065,37.80867784566535,-0.20154716862988828,-0.20128644955343886,5.296832231122375
lowest_search_score,opening,0.18191218371093304,37.73466442190171,37.69212549085914,-0.20133982789653382,-0.20107638481240359,5.280282018422237
lowest_search_score,opening,0.18249152187561754,37.61808204805319,37.57569651963477,-0.201126642377023,-0.20086051287155082,5.264216859447848
lowest_search_score,opening,0.18307086004030204,37.50162485929325,37.4593942789233,-0.20090767206614107,-0.2006388938680318,5.2486328417991315
lowest_search_score,opening,0.18365019820498654,37.385296189501034,37.34322208070607,-0.20068297734175156,-0.20041158831751493,5.23352601447869
lowest_search_score,opening,0.18422953636967104,37.269099337467324,37.227183201797544,-0.20045261895692454,-0.2001786571063199,5.218892388457828
lowest_search_score,opening,0.18480887453435554,37.153037566679664,37.11128088363302,-0.20021665803205926,-0.19994016148354574,5.204727937244358
lowest_search_score,opening,0.18538821269904004,37.03711410511168,36.99551833206072,-0.19997515604699928,-0.19969616305319232,5.191028597452207
lowest_search_score,opening,0.18596755086372455,36.921332145017146,36.879898717138296,-0.19972817483314184,-0.19944672376627545,5.177790269372792
lowest_search_score,opening,0.18654688902840905,36.80569484272859,36.76442517293427,-0.19947577656554158,-0.1991919059129372,5.165008817548114
lowest_search_score,opening,0.18712622719309355,36.69020531846061,36.649100797333766,-0.19921802375500872,-0.1989317721145503,5.152680071345583
lowest_search_score,opening,0.18770556535777805,36.57486665611748,36.53392865184893,-0.1989549792402017,-0.19866638531581746,5.140799825534528
lowest_search_score,opening,0.18828490352246255,36.45968190310558,36.418911761433876,-0.19868670617971518,-0.19839580877686608,5.1293638408643885
lowest_search_score,opening,0.18886424168714705,36.344654070150405,36.304053114304224,-0.19841326804416368,-0.19812010606533867,5.118367844644516
lowest_search_score,opening,0.18944357985183155,36.229786131117955,36.18935566176131,-0.19813472860826048,-0.1978393410484791,5.107807531325624
lowest_search_score,opening,0.19002291801651605,36.115081022841,36.074822318020864,-0.19785115194289307,-0.19755357788521458,5.097678563082828
lowest_search_score,opening,0.19060225618120055,36.00054164494968,35.9604559600463,-0.19756260240719417,-0.19726288101823494,5.087976570400241
lowest_search_score,opening,0.19118159434588505,35.88617085970684,35.84625942738663,-0.19726914464061043,-0.1969673151660681,5.0786971526571225
lowest_search_score,opening,0.19176093251056955,35.77197149184796,35.73223552201895,-0.19697084355496747,-0.19666694531515283,5.069835878715558
lowest_search_score,opening,0.19234027067525405,35.65794632842566,35.618387008195626,-0.1966677643265322,-0.1963618367119095,5.0613882875096134
lowest_search_score,opening,0.19291960883993856,35.544098118658745,35.50471661229579,-0.19635997238807304,-0.19605205485480728,5.053349888635979
lowest_search_score,opening,0.19349894700462306,35.43042957378596,35.39122702268176,-0.19604753342091794,-0.1957376654864311,5.045716162946037
lowest_search_score,opening,0.19407828516930756,35.316943366924235,35.27792088955988,-0.1957305133470105,-0.19541873458554557,5.0384825631393895
lowest_search_score,opening,0.19465762333399206,35.20364213293166,35.16480082484596,-0.19540897832096477,-0.1950953283591585,5.031644514358732
lowest_search_score,opening,0.19523696149867656,35.09052846827495,35.051869402035344,-0.19508299472211918,-0.19476751323458288,5.025197414786131
lowest_search_score,opening,0.19581629966336106,34.97760493090153,34.939129156077655,-0.194752629146589,-0.1944353558514985,5.019136636240654
lowest_search_score,opening,0.19639563782804556,34.86487404011626,34.826582583255956,-0.194417948399319,-0.19409892305401352,5.013457524777254
lowest_search_score,opening,0.19697497599273006,34.75233827646286,34.71423214107068,-0.19407901948613543,-0.19375828188272537,5.008155401287048
lowest_search_score,opening,0.19755431415741456,34.64000008160968,34.60208024812812,-0.19373590960579856,-0.19341349956678205,5.00322556209879
lowest_search_score,opening,0.19813365232209904,34.5278618582403,34.490129284033394,-0.19338868614205537,-0.19306464351594474,4.998663279581577
lowest_search_score,opening,0.19871299048678354,34.415925969948646,34.378381589288196,-0.193037416655693,-0.1927117813126504,4.994463802748854
lowest_search_score,opening,0.19929232865146804,34.304194741138765,34.26683946519305,-0.19268216887659387,-0.19235498070407667,4.9906223578634945
lowest_search_score,opening,0.19987166681615254,34.19267045692916,34.15550517375415,-0.19232301069579133,-0.1919943095942071,4.987134149044163
lowest_search_score,opening,0.20045100498083704,34.081355363061625,34.04438093759479,-0.19196001015752776,-0.19162983603589953,4.983994358872697
lowest_search_score,opening,0.20103034314552154,33.970251665814914,33.93346893987142,-0.19159323545131465,-0.1912616282229558,4.98119814900269
lowest_search_score,opening,0.20160968131020604,33.85936153192285,33.82277132419436,-0.19122275490399476,-0.19088975448219447,4.9787406607691285
lowest_search_score,opening,0.20218901947489054,33.748687088497,33.71229019455295,-0.1908486369718074,-0.19051428326552663,4.97661701579904
lowest_search_score,opening,0.20276835763957504,33.63823042295409,33.60202761524541,-0.19047095023245644,-0.19013528314203385,4.97482231662328
lowest_search_score,opening,0.20334769580425954,33.52799358294783,33.4919856108132,-0.19008976337718192,-0.1897528227900513,4.973351647289178
lowest_search_score,opening,0.20392703396894404,33.41797857630557,33.382166165980124,-0.1897051452028354,-0.18936697098925323,4.972200073974285
lowest_search_score,opening,0.20450637213362854,33.30818737096932,33.27257122559584,-0.18931716460395934,-0.18897779661274386,4.9713626456009985
lowest_search_score,opening,0.20508571029831305,33.198621894941446,33.16320269458399,-0.18892589056487052,-0.18858536861915154,4.970834394452126
lowest_search_score,opening,0.20566504846299755,33.089284036234965,33.05406243789501,-0.18853139215174863,-0.18818975604472915,4.9706103367873435
lowest_search_score,opening,0.20624438662768205,32.98017564282845,32.945152280463454,-0.1881337385047297,-0.1877910279954585,4.970685473460541
lowest_search_score,opening,0.20682372479236655,32.87129852262542,32.8364740071698,-0.18773299883000494,-0.1873892536391612,4.971054790537932
lowest_search_score,opening,0.20740306295705105,32.76265444341838,32.72802936280698,-0.18732924239192525,-0.18698450219761478,4.971713259917056
lowest_search_score,opening,0.20798240112173555,32.6542451328574,32.61982005205135,-0.18692253850511176,-0.186576842938675,4.972655839946522
lowest_search_score,opening,0.20856173928642005,32.546072278423274,32.51184773943836,-0.1865129565265729,-0.18616634516840536,4.9738774760465
lowest_search_score,opening,0.20914107745110455,32.43813752740533,32.404114049342624,-0.18610056584782808,-0.1857530782232127,4.975373101329955
lowest_search_score,opening,0.20972041561578905,32.33044248688356,32.29662056596262,-0.18568543588703848,-0.18533711146199042,4.977137637224546
lowest_search_score,opening,0.21029975378047355,32.22298872371558,32.18936883330994,-0.18526763608114488,-0.18491851425826927,4.979165994095232
lowest_search_score,opening,0.21087909194515805,32.11577776452799,32.08236035520316,-0.18484723587801402,-0.18449735599237602,4.981453071867482
lowest_search_score,opening,0.21145843010984255,32.00881109571234,31.975596595266026,-0.18442430472859256,-0.18407370604360018,4.983993760651098
lowest_search_score,opening,0.21203776827452706,31.902090163425544,31.869078976930464,-0.18399891207906924,-0.18364763378236945,4.986782941364621
lowest_search_score,opening,0.21261710643921156,31.795616373595006,31.76280888344387,-0.18357112736304607,-0.18321920856243437,4.989815486360304
lowest_search_score,opening,0.21319644460389606,31.68939109192811,31.65678765788112,-0.18314101999371904,-0.1827884997130617,4.993086260049572
lowest_search_score,opening,0.21377578276858056,31.58341564392634,31.551016603160974,-0.18270865935606767,-0.18235557653123785,4.996590119528978
lowest_search_score,opening,0.21435512093326506,31.477691314903826,31.445496982067013,-0.1822741147990548,-0.1819205082738823,5.000321915206635
lowest_search_score,opening,0.21493445909794956,31.372219350010553,31.34023001727311,-0.18183745562783585,-0.1814833641500707,5.004276491429085
lowest_search_score,opening,0.21551379726263406,31.267000954259938,31.235216891373458,-0.18139875109598022,-0.1810442133132701,5.008448687108495
lowest_search_score,opening,0.21609313542731856,31.162037292560992,31.130458746916972,-0.1809580703977014,-0.18060312485358337,5.012833336350351
lowest_search_score,opening,0.21667247359200306,31.057329489754917,31.02595668644622,-0.1805154826601001,-0.18016016779000643,5.017425269081332
lowest_search_score,opening,0.21725181175668756,30.952878630656265,30.921711772540945,-0.18007105693541794,-0.17971541106269653,5.022219311677642
lowest_search_score,opening,0.21783114992137206,30.848685760098572,30.817725027865897,-0.17962486219330373,-0.17926892352525312,5.0272102875934985
lowest_search_score,opening,0.21841048808605656,30.744751882984385,30.71399743522327,-0.17917696731309152,-0.17882077393701057,5.032393017989941
lowest_search_score,opening,0.21898982625074107,30.641077964339846,30.61052993760949,-0.1787274410760916,-0.17837103095534415,5.037762322363806
lowest_search_score,opening,0.21956916441542557,30.537664929373715,30.507323438276515,-0.1782763521578944,-0.1779197631279893,5.043313019176916
lowest_search_score,opening,0.22014850258011007,30.43451366354084,30.40437880079764,-0.17782376912068815,-0.17746703888537396,5.04903992648539
lowest_search_score,opening,0.22072784074479457,30.3316250126101,30.30169684913763,-0.17736976040558983,-0.17701292653296535,5.054937862569097
lowest_search_score,opening,0.22130717890947904,30.228999782736707,30.19927836772728,-0.17691439432499026,-0.17655749424363062,5.061001646561169
lowest_search_score,opening,0.22188651707416354,30.126638740539054,30.09712410154253,-0.17645773905491408,-0.17610081005001238,5.067226099077592
lowest_search_score,opening,0.22246585523884804,30.024542613179875,29.995234756187852,-0.175999862627394,-0.17564294183691917,5.073606042846797
lowest_search_score,opening,0.22304519340353254,29.92271208845192,29.893610997984116,-0.1755408329228612,-0.17518395733373154,5.080136303339235
lowest_search_score,opening,0.22362453156821704,29.821147814867988,29.79225345406086,-0.17508071766255037,-0.17472392410682344,5.086811709396937
lowest_search_score,opening,0.22420386973290155,29.719850401755277,29.691162712452837,-0.17461958440092082,-0.1742629095520001,5.093627093862968
lowest_search_score,opening,0.22478320789758605,29.618820419354265,29.5903393222011,-0.17415750051809484,-0.1738009808869523,5.100577294210765
lowest_search_score,opening,0.22536254606227055,29.518058398921873,29.489783793458333,-0.17369453321231182,-0.17333820514372772,5.10765715317335
lowest_search_score,opening,0.22594188422695505,29.417564832839048,29.389496597598598,-0.17323074949239992,-0.17287464916121936,5.114861519372345
lowest_search_score,opening,0.22652122239163955,29.317340174722606,29.289478167331367,-0.17276621617026497,-0.17241037957767139,5.122185247946806
lowest_search_score,opening,0.22710056055632405,29.217384839541523,29.189728896819975,-0.1723009998533976,-0.1719454628232038,5.129623201181729
lowest_search_score,opening,0.22767989872100855,29.11769920373757,29.090249141804343,-0.1718351669373985,-0.17147996511235444,5.137170249136401
lowest_search_score,opening,0.22825923688569305,29.01828360535019,28.99103921972805,-0.17136878359852195,-0.17101395243664105,5.144821270272303
lowest_search_score,opening,0.22883857505037755,28.919138344145686,28.89209940986962,-0.17090191578623898,-0.17054749055714102,5.152571152080759
lowest_search_score,opening,0.22941791321506205,28.820263681750827,28.793429953478224,-0.17043462921581917,-0.17008064499709238,5.1604147917101395
lowest_search_score,opening,0.22999725137974655,28.721659841790643,28.695031053913617,-0.16996698936093355,-0.16961348103451343,5.168347096592663
lowest_search_score,opening,0.23057658954443105,28.623327010030557,28.59690287679032,-0.16949906144627588,-0.16914606369484345,5.17636298507076
lowest_search_score,opening,0.23115592770911556,28.525265334522686,28.499045550126045,-0.1690309104402062,-0.16867845774360377,5.1844573870229125
lowest_search_score,opening,0.23173526587380006,28.427474925756542,28.401459164494423,-0.16856260104741447,-0.16821072767908044,5.192625244488968
lowest_search_score,opening,0.23231460403848456,28.3299558568139,28.304143773181966,-0.16809419770160572,-0.1677429377250283,5.200861512294911
lowest_search_score,opening,0.23289394220316906,28.23270816352787,28.20709939234918,-0.16762576455820732,-0.16727515182339653,5.20916115867701
lowest_search_score,opening,0.23347328036785356,28.135731844646255,28.110326001195933,-0.16715736548709784,-0.16680743362707726,5.21751916590536
lowest_search_score,opening,0.23405261853253806,28.039026861999027,28.013823542131018,-0.16668906406535916,-0.16633984649267658,5.22593053090668
lowest_search_score,opening,0.23463195669722256,27.942593140670123,27.91759192094591,-0.16622092357005117,-0.16587245347330895,5.234390265886491
lowest_search_score,opening,0.23521129486190706,27.84643056917331,27.821631006992643,-0.16575300697100998,-0.1654053173114149,5.242893398950462
lowest_search_score,opening,0.23579063302659156,27.75053899963224,27.725940633365887,-0.16528537692366993,-0.1649385004316027,5.251434974725032
lowest_search_score,opening,0.23636997119127606,27.654918247964662,27.630520597089127,-0.16481809576190978,-0.16447206493351488,5.260010054977179
lowest_search_score,opening,0.23694930935596056,27.55956809407083,27.53537065930502,-0.16435122549092393,-0.16400607258471925,5.268613719233291
lowest_search_score,opening,0.23752864752064506,27.464488282025954,27.440490545469835,-0.16388482778011795,-0.16354058481362513,5.277241065397235
lowest_search_score,opening,0.23810798568532957,27.369678520276736,27.34587994555193,-0.16341896395603034,-0.16307566270242513,5.285887210367371
lowest_search_score,opening,0.23868732385001407,27.275138481842117,27.251538514234394,-0.1629536949952796,-0.16261136698006343,5.294547290652683
lowest_search_score,opening,0.23926666201469857,27.18086780451803,27.1574658711218,-0.1624890815175381,-0.16214775801523035,5.303216462987818
lowest_search_score,opening,0.23984600017938307,27.086866091086197,27.063661600950834,-0.16202518377853256,-0.16168489580938347,5.311889904947133
lowest_search_score,opening,0.24042533834406757,26.993132909526985,26.970125253805087,-0.1615620616630711,-0.16122283998979678,5.320562815557594
lowest_search_score,opening,0.24100467650875207,26.89966779323634,26.876856345333877,-0.16109977467809888,-0.1607616498026368,5.329230415910597
lowest_search_score,opening,0.24158401467343657,26.806470241246704,26.78385435697502,-0.1606383819457812,-0.160301384106068,5.337887949772533
lowest_search_score,opening,0.24216335283812107,26.71353971845189,26.6911187361816,-0.16017794219661494,-0.15984210136338575,5.346530684194219
lowest_search_score,opening,0.24274269100280557,26.62087565583603,26.59864889665271,-0.15971851376256935,-0.15938385963617896,5.355153910119025
lowest_search_score,opening,0.24332202916749007,26.52847745070637,26.50644421856814,-0.15926015457025552,-0.15892671657752191,5.363752942989734
lowest_search_score,opening,0.24390136733217457,26.43634446693016,26.414504048827048,-0.1588029221341266,-0.1584707294251967,5.372323123354015
lowest_search_score,opening,0.24448070549685905,26.344476035175358,26.3228277012905,-0.15834687354970722,-0.15801595499494525,5.380859817468589
lowest_search_score,opening,0.24506004366154355,26.25287145315526,26.231414457027874,-0.15789206548685406,-0.15756244967375246,5.3893584179019145
lowest_search_score,opening,0.24563938182622805,26.16152998587708,26.140263564567242,-0.15743855418304747,-0.1571102694131612,5.397814344135422
lowest_search_score,opening,0.24621871999091255,26.070450865894365,26.049374240149533,-0.15698639543671472,-0.15665946972261774,5.406223043163292
lowest_search_score,opening,0.24679805815559705,25.979633293563307,25.958745667986637,-0.1565356446005851,-0.1562101056628512,5.414579990090604
lowest_search_score,opening,0.24737739632028155,25.88907643730285,25.86837700052321,-0.1560863565750775,-0.15576223183928387,5.422880688729986
lowest_search_score,opening,0.24795673448496605,25.798779433858634,25.778267358702383,-0.15563858580172088,-0.15531590239547563,5.431120672196551
lowest_search_score,opening,0.24853607264965055,25.708741388570736,25.6884158322352,-0.15519238625660842,-0.1548711710066018,5.439295503501207
lowest_search_score,opening,0.24911541081433505,25.61896137564523,25.59882147987388,-0.15474781144388486,-0.15442809087296497,5.447400776142238
lowest_search_score,opening,0.24969474897901955,25.52943843842948,25.509483329688802,-0.1543049143892688,-0.15398671471354097,5.455432114695128
lowest_search_score,opening,0.2502740871437041,25.44017158969117,25.42040037934921,-0.15386374763360927,-0.1535470947595602,5.463385175400568
lowest_search_score,opening,0.25085342530838856,25.351159811901045,25.331571596407603,-0.15342436322647807,-0.15310928274812435,5.4712556467505955
lowest_search_score,opening,0.2514327634730731,25.26240205751939,25.24299591858788,-0.15298681271979675,-0.1526733299158589,5.47903925007289
lowest_search_score,opening,0.25201210163775756,25.17389724928621,25.154672254077123,-0.15255114716150128,-0.15223928699260195,5.486731740113077
lowest_search_score,opening,0.2525914398024421,25.085644280514966,25.06659948182097,-0.15211741708924198,-0.15180720419512983,5.494328905615077
lowest_search_score,opening,0.25317077796712656,24.997641945055946,24.978776522156856,-0.151687131913549,-0.15137567183149275,5.496945532942923
lowest_search_score,opening,0.2537501161318111,24.909891581085944,24.89119969362796,-0.1512369780165386,-0.15096810218988407,5.456761280369608
lowest_search_score,opening,0.25432945429649556,24.822416140233912,24.80384364446847,-0.15074057536597907,-0.15061097291222725,5.417645724112743
lowest_search_score,opening,0.2549087924611801,24.735238419704785,24.716683121097706,-0.1502110399142125,-0.15029126458298356,5.37918627816591
lowest_search_score,opening,0.25548813062586456,24.64837471060614,24.62969932041872,-0.14965786795973818,-0.14999957635537703,5.340992172697314
lowest_search_score,opening,0.25606746879054904,24.561836644626275,24.542878043772166,-0.1490877767956653,-0.14972928529082827,5.30270400143077
lowest_search_score,opening,0.25664680695523356,24.475632594745772,24.45620829686402,-0.14850540381905708,-0.1494758472375789,5.26399905931082
lowest_search_score,opening,0.25722614511991804,24.38976871052742,24.369681255121677,-0.1479138708597171,-0.14923623248995402,5.2245937212122415
lowest_search_score,opening,0.25780548328460257,24.304249662153705,24.28328952030939,-0.14731522807854544,-0.14900848187813612,5.184243803546126
lowest_search_score,opening,0.25838482144928704,24.219079157988112,24.197026603626963,-0.14671079491988773,-0.14879136580403216,5.142743588577454
lowest_search_score,opening,0.25896415961397157,24.13426029010972,24.110886580841573,-0.14610141592859135,-0.14858412841251453,5.099923989132884
lowest_search_score,opening,0.25954349777865604,24.04979575226524,24.024863875009373,-0.1454876479790448,-0.1483863003507669,5.055650184551825
lowest_search_score,opening,0.26012283594334057,23.965687965659388,23.938953131364958,-0.1448698934414362,-0.14819756559049502,5.009818956241993
lowest_search_score,opening,0.26070217410802504,23.881939140241563,23.85314915672167,-0.14424849155433603,-0.14801767004390273,4.962355881352885
lowest_search_score,opening,0.26128151227270957,23.79855129267973,23.767446902190883,-0.14362377808445753,-0.14784636189257655,4.913212495863985
lowest_search_score,opening,0.26186085043739404,23.715526236955892,23.68184147328658,-0.14299612138618945,-0.14768335551668899,4.8623635061550345
lowest_search_score,opening,0.2624401886020786,23.632865559320315,23.596328155677465,-0.14236594128335192,-0.14752831260206853,4.809804105480392
lowest_search_score,opening,0.26301952676676305,23.550570586042326,23.510902448148983,-0.14173371578771626,-0.147380835410597,4.75554743513964
lowest_search_score,opening,0.2635988649314476,23.468642349835033,23.42556009689794,-0.14109997951965828,-0.14724046834856638,4.699622217306105
lowest_search_score,opening,0.26417820309613205,23.387081558869493,23.34029712724387,-0.1404653167712381,-0.1471067048927027,4.6420705761656915
lowest_search_score,opening,0.2647575412608166,23.305888570812577,23.255109870323007,-0.13983035141450326,-0.1469789976710608,4.582946055547577
lowest_search_score,opening,0.26533687942550105,23.225063373222333,23.169994983431113,-0.13919573527423118,-0.14685677007957604,4.522311834261424
lowest_search_score,opening,0.2659162175901856,23.14460557083458,23.08494946348107,-0.1385621361256764,-0.14673942827370798,4.460239134735359
lowest_search_score,opening,0.26649555575487005,23.06451437971051,22.99997065360578,-0.13793022612017797,-0.1466263727323216,4.396805816186411
lowest_search_score,opening,0.2670748939195546,22.984788627832923,22.915056243318215,-0.13730067116520078,-0.1465170088672335,4.332095140367537
lowest_search_score,opening,0.26765423208423905,22.905426761498283,22.830204262882038,-0.136674121574785,-0.14641075636245096,4.266194695822693
lowest_search_score,opening,0.2682335702489236,22.826426856715802,22.745413072680734,-0.13605120414867194,-0.14630705708483382,4.199195465413002
lowest_search_score,opening,0.26881290841360805,22.747786634769056,22.660681348430405,-0.13543251572313963,-0.1462053815231517,4.1311910215059084
lowest_search_score,opening,0.2693922465782926,22.6695034810952,22.576008063080607,-0.13481861815518342,-0.14610523379389695,4.06227683348447
lowest_search_score,opening,0.26997158474297706,22.591574466676374,22.491392466208875,-0.13421003464698844,-0.1460061553069119,3.992549672978663
lowest_search_score,opening,0.2705509229076616,22.51399637120228,22.406834061649665,-0.1336072472836891,-0.14590772721783418,3.922107103298464
lowest_search_score,opening,0.27113026107234606,22.436765707342666,22.322332584019197,-0.13301069563926707,-0.14580957181251067,3.851047040831161
lowest_search_score,opening,0.2717095992370306,22.359878745554507,22.237887974710976,-0.13242077629902538,-0.14571135297494237,3.7794673775460104
lowest_search_score,opening,0.27228893740171506,22.283331538936746,22.153500357849527,-0.13183784314907832,-0.14561277588832394,3.7074656551449694
lowest_search_score,opening,0.2728682755663996,22.207119947729407,22.06917001660489,-0.1312622082910523,-0.14551358611098106,3.635138782745382
lowest_search_score,opening,0.27344761373108406,22.13123966313371,21.984897370191877,-0.13069414345162444,-0.14541356815758288,3.5625827912379116
lowest_search_score,opening,0.2740269518957686,22.055686230200553,21.90068295180589,-0.13013388177001065,-0.1453125437025157,3.489892618602293
lowest_search_score,opening,0.27460629006045306,21.980455069599348,21.816527387684104,-0.12958161986087782,-0.14521036950794844,3.4171619214729607
lowest_search_score,opening,0.2751856282251376,21.9055414981332,21.732431377424923,-0.12903752006450925,-0.14510693516475764,3.344482909120903
lowest_search_score,opening,0.27576496638982206,21.83094074791495,21.648395675652395,-0.12850171280982287,-0.14500216072071748,3.2719461967627614
lowest_search_score,opening,0.2763443045545066,21.75664798415628,21.564421075071895,-0.127974299028628,-0.14489599425756722,3.19964067572862
lowest_search_score,opening,0.27692364271919107,21.682658321555998,21.480508390932282,-0.12745535257109872,-0.14478840946698132,3.127653398531755
lowest_search_score,opening,0.2775029808838756,21.60896683929813,21.396658446882626,-0.1269449225827279,-0.14467940326517817,3.056069477294042
lowest_search_score,opening,0.27808231904856007,21.535568594691973,21.312872062192277,-0.12644303581199795,-0.1445689934769328,2.9849719943088244
lowest_search_score,opening,0.2786616572132446,21.462458635500816,21.229150040286665,-0.12594969882569915,-0.14445721661206481,2.9144419237759562
lowest_search_score,opening,0.27924099537792907,21.38963201101831,21.145493158540468,-0.1254649001153322,-0.14434412575096453,2.8445580639384938
lowest_search_score,opening,0.27982033354261354,21.317083781958758,21.061902159261294,-0.124988612083448,-0.14422978855030702,2.775396978993738
lowest_search_score,opening,0.28039967170729807,21.24480902923318,20.978377741792265,-0.12452079290322399,-0.14411428537565502,2.7070329502557873
lowest_search_score,opening,0.28097900987198254,21.172802861685607,20.89492055565884,-0.12406138824816744,-0.14399770756406222,2.6395379361189413
lowest_search_score,opening,0.28155834803666707,21.101060422864997,20.811531194684388,-0.12361033289168807,-0.14388015581693495,2.5729815404190237
lowest_search_score,opening,0.28213768620135155,21.02957689690777,20.728210191999615,-0.12316755217850442,-0.14376173872119077,2.507430988818844
lowest_search_score,opening,0.2827170243660361,20.958347513604107,20.64495801587226,-0.12273296337153293,-0.14364257139506328,2.4429511128594954
lowest_search_score,opening,0.28329636253072055,20.887367552718963,20.5617750662866,-0.12230647687915547,-0.14352277425366244,2.379604341324865
lowest_search_score,opening,0.2838757006954051,20.816632347635256,20.47866167220459,-0.12188799736863312,-0.1434024718885207,2.3174506985656675
lowest_search_score,opening,0.28445503886008955,20.746137288383494,20.395618089444774,-0.12147742477201529,-0.1432817920547792,2.2565478094247533
lowest_search_score,opening,0.2850343770247741,20.675877824118224,20.31264449911831,-0.12107465519122708,-0.14316086475933076,2.1969509103982436
lowest_search_score,opening,0.28561371518945855,20.605849465097627,20.229741006565707,-0.12067958170916844,-0.14303982144308947,2.1387128666592297
lowest_search_score,opening,0.2861930533541431,20.53604778421877,20.146907640741627,-0.12029209511365258,-0.1429187942505581,2.08188419456368
lowest_search_score,opening,0.28677239151882755,20.466468418157216,20.064144353999353,-0.11991208454089908,-0.1427979153799821,2.026513089252014
lowest_search_score,opening,0.2873517296835121,20.397107068155307,19.98145102222972,-0.11953943804509304,-0.14267731650757765,1.9726454569548424
lowest_search_score,opening,0.28793106784819655,20.327959500500697,19.898827445313934,-0.11917404310026122,-0.14255712827958558,1.9203249516095435
lowest_search_score,opening,0.2885104060128811,20.25902154673194,19.816273347852228,-0.11881578704040993,-0.1424374798662074,1.8695930153926699
lowest_search_score,opening,0.28908974417756556,20.190289103605977,19.73378838013459,-0.11846455744353829,-0.14231849857181095,1.8204889227758472
lowest_search_score,opening,0.2896690823422501,20.121758132857806,19.651372119322108,-0.11812024246479225,-0.1422003094961421,1.7730498277153808
lowest_search_score,opening,0.29024842050693456,20.05342466078089,19.569024070811142,-0.1177827311236733,-0.14208303524162927,1.7273108135920394
lowest_search_score,opening,0.2908277586716191,19.985284777653266,19.48674366975471,-0.11745191354986383,-0.14196679566222042,1.6833049455241942
lowest_search_score,opening,0.29140709683630356,19.917334637032262,19.404530282718525,-0.11712768119188921,-0.14185170764953486,1.6410633246868158
lowest_search_score,opening,0.2919864350009881,19.849570454938092,19.322383209450873,-0.11680992699250183,-0.14173788495244355,1.6006151442787344
lowest_search_score,opening,0.29256577316567256,19.781988508944668,19.240301684748374,-0.11649854553435773,-0.14162543802651162,1.5619877467923369
lowest_search_score,opening,0.2931451113303571,19.714585137193783,19.158284880401006,-0.11619343315925133,-0.14151447391003663,1.5252066822522876
lowest_search_score,opening,0.29372444949504156,19.64735673734718,19.07633190720201,-0.11589448806389195,-0.14140509612370186,1.490295767103314
lowest_search_score,opening,0.2943037876597261,19.580299765489244,18.994441817009704,-0.11560161037493719,-0.14129740459112958,1.4572771434410055
lowest_search_score,opening,0.29488312582441056,19.513410734991655,18.912613604849987,-0.11531470220575143,-0.1411914955778689,1.4261713382943677
lowest_search_score,opening,0.2954624639890951,19.446686215349864,18.830846211049202,-0.11503366769712578,-0.14108746164658217,1.396997322683515
lowest_search_score,opening,0.29604180215377957,19.380122831000207,18.74913852338896,-0.11475841304398347,-0.14098539162640816,1.3697725701913128
lowest_search_score,opening,0.2966211403184641,19.31371726012505,18.66748937927492,-0.11448884650989757,-0.14088537059467546,1.3445131148028253
lowest_search_score,opening,0.29720047848314857,19.247466233452805,18.58589756791307,-0.11422487843106875,-0.14078747986932166,1.3212336077818803
lowest_search_score,opening,0.2977798166478331,19.181366533058164,18.504361832487564,-0.11396642121124358,-0.14069179701053747,1.2999473733689575
lowest_search_score,opening,0.29835915481251757,19.11541499116772,18.422880872335394,-0.11371338930890501,-0.14059839583030614,1.280666463100184
lowest_search_score,opening,0.2989384929772021,19.049608488974833,18.341453345113358,-0.11346569921792785,-0.14050734640864812,1.2634017085612153
lowest_search_score,opening,0.29951783114188657,18.983943955467456,18.26007786895415,-0.11322326944276692,-0.14041871511550233,1.24816277240528
lowest_search_score,opening,0.3000971693065711,18.91841836627159,18.178753024608174,-0.11298602046913253,-0.14033256463729316,1.2349581974778534
lowest_search_score,opening,0.30067650747125557,18.853028742512887,18.097477357568962,-0.11275387473100441,-0.14024895400733228,1.2237954539051634
lowest_search_score,opening,0.3012558456359401,18.787772149698185,18.016249380179946,-0.11252675657474223,-0.1401679386392989,1.214680984016495
lowest_search_score,opening,0.3018351838006246,18.722645696618596,17.93506757372122,-0.11230459222096678,-0.1400895703631263,1.2076202449837652
lowest_search_score,opening,0.3024145219653091,18.657646534275052,17.853930390474797,-0.11208730972480999,-0.14001389746269757,1.2026177490741425
lowest_search_score,opening,0.3029938601299936,18.59277185482736,17.772836255767853,-0.11187483893506317,-0.13994096471482265,1.1996771014239975
lowest_search_score,opening,0.30357319829467805,18.52801889056704,17.691783569992907,-0.11166711145269233,-0.13987081342902954,1.1988010352539162
lowest_search_score,opening,0.3041525364593626,18.463384912914268,17.61077071060495,-0.11146406058913347,-0.1398034814877588,1.1999914444559463
lowest_search_score,opening,0.30473187462404705,18.398867231439073,17.529796034095288,-0.11126562132473165,-0.13973900338659798,1.2032494134954281
lowest_search_score,opening,0.3053112127887316,18.3344631929063,17.44885787794196,-0.11107173026764312,-0.13967741027423908,1.2085752445796905
lowest_search_score,opening,0.30589055095341605,18.270170180344383,17.367954562537392,-0.11088232561348094,-0.13961872999188035,1.2159684820565335
lowest_search_score,opening,0.3064698891181006,18.20598561213707,17.287084393093252,-0.1106973471059479,-0.13956298711182932,1.2254279340147263
lowest_search_score,opening,0.30704922728278505,18.141906941137712,17.206245661523347,-0.1105167359986709,-0.13951020297509553,1.2369516910682736
lowest_search_score,opening,0.3076285654474696,18.077931653805187,17.12543664830499,-0.11034043501842059,-0.13946039572778945,1.2505371423149645
lowest_search_score,opening,0.30820790361215405,18.014057269360777,17.04465562431975,-0.11016838832987827,-0.13941358035616927,1.266180988468415
lowest_search_score,opening,0.3087872417768386,17.95028133896491,16.963900852674225,-0.11000054150208649,-0.13936976872019796,1.283879252171117
lowest_search_score,opening,0.30936657994152306,17.886601444912877,16.88317059050198,-0.10983684147670372,-0.13932896958549468,1.303627285503765
lowest_search_score,opening,0.3099459181062076,17.823015199848296,16.802463090747246,-0.1096772365381636,-0.13929118865357948,1.3254197747139052
lowest_search_score,opening,0.31052525627089206,17.75952024599344,16.72177660393187,-0.10952167628582558,-0.1392564285903273,1.3492507421943598
lowest_search_score,opening,0.3111045944355766,17.69611425439494,16.641109379906062,-0.10937011160818999,-0.13922468905255936,1.3751135457488644
lowest_search_score,opening,0.31168393260026106,17.63279492418396,16.56045966958454,-0.10922249465923928,-0.13919596671271262,1.4030008751891212
lowest_search_score,opening,0.3122632707649456,17.569559981849338,16.479825726668707,-0.10907877883695577,-0.13917025528153715,1.432904746314566
lowest_search_score,opening,0.31284260892963006,17.506407180522615,16.39920580935648,-0.10893891876405959,-0.13914754552878142,1.464816492331835
lowest_search_score,opening,0.3134219470943146,17.44333429927349,16.318598182040546,-0.10880287027099994,-0.13912782530183188,1.4987267527779102
lowest_search_score,opening,0.31400128525899906,17.380339142414563,16.238001116996564,-0.10867059038122899,-0.13911107954228108,1.534625460016376
lowest_search_score,opening,0.3145806234236836,17.317419538813834,16.157412896062233,-0.10854203729877997,-0.1390972903004037,1.5725018233824193
lowest_search_score,opening,0.31515996158836806,17.254573341213856,16.076831812308757,-0.1084171703981667,-0.13908643674752422,1.6123443110579274
lowest_search_score,opening,0.3157392997530526,17.191798425555923,15.996256171705562,-0.10829595021661821,-0.13907849518626597,1.6541406297634833
lowest_search_score,opening,0.31631863791773707,17.129092690308195,15.91568429477985,-0.1081783384486579,-0.1390734390586725,1.697877702359748
lowest_search_score,opening,0.3168979760824216,17.06645405579623,15.835114518271975,-0.10806429794303349,-0.13907123895219686,1.7435416434559208
lowest_search_score,opening,0.31747731424710607,17.00388046353459,15.75454519678802,-0.10795379270200275,-0.13907186260355653,1.7911177331283321
lowest_search_score,opening,0.3180566524117906,16.94136987555824,15.673974704450707,-0.10784678788297664,-0.13907527490045316,1.8405903888574158
lowest_search_score,opening,0.31863599057647507,16.87892027375229,15.593401436549991,-0.10774324980252017,-0.13908143788115843,1.8919431357963792
lowest_search_score,opening,0.3192153287411596,16.816529659178634,15.512823811194425,-0.10764314594271121,-0.13909031073196915,1.9451585754899345
lowest_search_score,opening,0.31979466690584407,16.754196051398452,15.432240270964753,-0.10754644495985377,-0.13910184978253434,2.0002183531663973
lowest_search_score,opening,0.3203740050705286,16.691917487788718,15.351649284570646,-0.1074531166955448,-0.13911600849905983,2.0571031237314603
lowest_search_score,opening,0.3209533432352131,16.62969202285184,15.27104934851217,-0.1073631321900897,-0.1391327374753944,2.115792516596731
lowest_search_score,opening,0.3215326813998976,16.567517727516663,15.190438988746855,-0.1072764636982639,-0.13915198442200424,2.17626509948089
lowest_search_score,opening,0.3221120195645821,16.505392688429826,15.109816762363959,-0.10719308470741562,-0.1391736941528403,2.2384983413262582
lowest_search_score,opening,0.3226913577292666,16.443315007235817,15.029181259266728,-0.10711296995790602,-0.13919780857010608,2.3024685744781275
lowest_search_score,opening,0.3232706958939511,16.381282799844623,14.94853110386429,-0.10703609546588198,-0.13922426664693086,2.368150956278906
lowest_search_score,opening,0.3238500340586356,16.319294195685398,14.867864956774037,-0.10696243854837703,-0.13925300440795596,2.435519430233921
lowest_search_score,opening,0.3244293722233201,16.257347336945053,14.787181516535984,-0.1068919778507359,-0.13928395490783954,2.504546686910099
lowest_search_score,opening,0.3250087103880046,16.195440377790142,14.706479521340055,-0.10682469337635767,-0.13931704820768723,2.575204124733471
lowest_search_score,opening,0.3255880485526891,16.133571483570964,14.625757750767765,-0.10676056651875329,-0.1393522113494149,2.647461810855852
lowest_search_score,opening,0.32616738671737355,16.071738830006343,14.545015027549198,-0.10669958009591204,-0.13938936832805024,2.7212884422656316
lowest_search_score,opening,0.3267467248820581,16.009940602347868,14.464250219336739,-0.10664171838697215,-0.13942844006198057,2.7966513073217976
lowest_search_score,opening,0.32732606304674255,15.948174994522244,14.38346224049665,-0.10658696717119058,-0.13946934436115327,2.873516247894814
lowest_search_score,opening,0.3279054012114271,15.886440208250326,14.302650053919502,-0.10653531376920589,-0.13951199589323698,2.9518476223023793
lowest_search_score,opening,0.32848473937611156,15.824734452141685,14.221812672851028,-0.10648674708658895,-0.13955630614775105,3.031608269231687
lowest_search_score,opening,0.3290640775407961,15.763055940763174,14.140949162744127,-0.10644125765967458,-0.13960218339817135,3.1127594728449144
lowest_search_score,opening,0.32964341570548056,15.7014028936804,14.060058643133587,-0.10639883770366768,-0.13964953266202185,3.195260929267342
lowest_search_score,opening,0.3302227538701651,15.639773534470553,13.979140289534355,-0.10635948116301557,-0.13969825565896105,3.279070714662854
lowest_search_score,opening,0.33080209203484956,15.578166089705494,13.898193335364795,-0.1063231837640389,-0.13974825076687442,3.3641452551039404
lowest_search_score,opening,0.3313814301995341,15.516578787903626,13.817217073895852,-0.10628994306981036,-0.1397994129759832,3.4504392984480305
lowest_search_score,opening,0.33196076836421856,15.455009858449394,13.736210860227485,-0.106259758537272,-0.1398516338409838,3.5379058884345738
lowest_search_score,opening,0.3325401065289031,15.393457530478972,13.65517411329327,-0.10623263157657792,-0.1399048014312306,3.6264963412212694
lowest_search_score,opening,0.33311944469358756,15.331920031730997,13.574106317894534,-0.10620856561264932,-0.13995880027897778,3.716160224580321
lowest_search_score,opening,0.3336987828582721,15.27039558736096,13.493007026764976,-0.10618756614892688,-0.14001351132569825,3.8068453399787336
lowest_search_score,opening,0.33427812102295656,15.208882418718067,13.411875862666966,-0.10616964083330303,-0.14006881186649786,3.898497707769245
lowest_search_score,opening,0.3348574591876411,15.147378742083216,13.330712520520533,-0.10615479952621502,-0.14012457549264662,3.991061555720652
lowest_search_score,opening,0.33543679735232557,15.085882767366996,13.249516769566315,-0.10614305437087751,-0.14018067203225024,4.084479311118282
lowest_search_score,opening,0.3360161355170101,15.024392696766286,13.168288455563255,-0.10613441986563045,-0.14023696748908837,4.178691596667307
lowest_search_score,opening,0.33659547368169457,14.96290672337841,13.08702750302239,-0.10612891293837544,-0.14029332397964783,4.2736372304324135
lowest_search_score,opening,0.3371748118463791,14.90142302977152,13.005733917477537,-0.10612655302307136,-0.1403495996683834,4.3692532300485905
lowest_search_score,opening,0.33775415001106357,14.839939786510106,12.92440778779405,-0.10612736213825552,-0.14040564870124003,4.465474821438198
lowest_search_score,opening,0.3383334881757481,14.778455150634409,12.843049288516552,-0.10613136496755507,-0.14046132113747645,4.562235452269078
lowest_search_score,opening,0.33891282634043257,14.716967264092672,12.761658682256684,-0.10613858894214721,-0.14051646287983058,4.659466810388364
lowest_search_score,opening,0.3394921645051171,14.655474252124977,12.680236322121704,-0.10614906432512605,-0.1405709156030747,4.757098847465183
lowest_search_score,opening,0.3400715026698016,14.593974221597788,12.598782654185053,-0.10616282429772611,-0.1406245166810089,4.855059808073613
lowest_search_score,opening,0.3406508408344861,14.532465259287882,12.517298219999507,-0.10617990504735147,-0.14067709911194845,4.9532762644451465
lowest_search_score,opening,0.3412301789991706,14.470945430114886,12.435783659154064,-0.10620034585735239,-0.14072849144276453,5.0516731571161095
lowest_search_score,opening,0.3418095171638551,14.409412775321234,12.354239711875127,-0.10622418919848811,-0.1407785176915417,5.1501738416921805
lowest_search_score,opening,0.3423888553285396,14.347865310598712,12.27266722167297,-0.10625148082200811,-0.14082699726892234,5.248700141946648
lowest_search_score,opening,0.3429681934932241,14.28630102416059,12.19106713803403,-0.10628226985427959,-0.14087374489821194,5.347172409463899
lowest_search_score,opening,0.3435475316579086,14.22471787475854,12.109440519159955,-0.10631660889288357,-0.14091857053432622,5.445509590032218
lowest_search_score,opening,0.3441268698225931,14.163113789643424,12.027788534753785,-0.10635455410409497,-0.1409612792816649,5.543629296982853
lowest_search_score,opening,0.3447062079872776,14.101486662469316,11.946112468854137,-0.10639616532165819,-0.1410016713110054,5.641447891662707
lowest_search_score,opening,0.3452855461519621,14.039834351139826,11.864413722717659,-0.10644150614676162,-0.14103954177551292,5.73888057121854
lowest_search_score,opening,0.3458648843166466,13.978154675596317,11.782693817750518,-0.10649064404910977,-0.1410746807259721,5.835841463858505
lowest_search_score,opening,0.3464442224813311,13.916445415547138,11.700954398489051,-0.10654365046898427,-0.14110687302534997,5.932243731744703
lowest_search_score,opening,0.3470235606460156,13.854704308137604,11.61919723563021,-0.10660060092018003,-0.1411358982628077,6.027999681655651
lowest_search_score,opening,0.3476028988107001,13.792929045560005,11.537424229111851,-0.10666157509369464,-0.14116153066728399,6.1230208835424325
lowest_search_score,opening,0.3481822369753846,13.731117272603433,11.455637411243258,-0.10672665696204386,-0.14118353902077965,6.21721829708449
lowest_search_score,opening,0.3487615751400691,13.669266584142965,11.373838949885883,-0.10679593488406972,-0.14120168657148066,6.310502406332441
lowest_search_score,opening,0.3493409133047536,13.607374522568096,11.292031151684517,-0.10686950171009982,-0.14121573094686077,6.4027833625043
lowest_search_score,opening,0.34992025146943806,13.545438575150076,11.210216465348683,-0.10694745488731291,-0.14122542406691416,6.493971134979197
lowest_search_score,opening,0.3504995896341226,13.483456171348278,11.128397484984285,-0.10702989656515659,-0.14123051205767154,6.583975670508042
lowest_search_score,opening,0.35107892779880706,13.421424680055502,11.046576953475244,-0.10711693370065944,-0.14123073516516166,6.672707060634322
lowest_search_score,opening,0.3516582659634916,13.359341406782246,10.964757765914728,-0.10720867816347393,-0.14122582766998376,6.760075717289857
lowest_search_score,opening,0.35223760412817606,13.29720359078038,10.882942973085791,-0.10730524684048022,-0.14121551780266292,6.84599255649964
lowest_search_score,opening,0.3528169422928606,13.235008402106264,10.801135784990615,-0.1074067617397778,-0.1411995276599644,6.930369190097631
lowest_search_score,opening,0.35339628045754506,13.172752938623946,10.719339574428103,-0.10751335009388602,-0.14117757312234713,7.013118125320242
lowest_search_score,opening,0.3539756186222296,13.110434222948726,10.637557880618706,-0.10762514446197281,-0.14114936377274095,7.094152972107856
lowest_search_score,opening,0.35455495678691407,13.048049199331967,10.555794412876102,-0.10774228283092638,-0.1411146028168343,7.173388657904889
lowest_search_score,opening,0.3551342949515986,12.985594730487572,10.47405305432436,-0.10786490871508313,-0.14107298700506116,7.250741649708739
lowest_search_score,opening,0.35571363311628307,12.923067594361264,10.392337865659947,-0.10799317125442447,-0.1410242065564788,7.3261301830733325
lowest_search_score,opening,0.3562929712809676,12.860464480843357,10.310653088957084,-0.10812722531105291,-0.14096794508472565,7.399474497728756
lowest_search_score,opening,0.35687230944565207,12.797781988426253,10.229003151515483,-0.10826723156376131,-0.14090387952625083,7.470697079430048
lowest_search_score,opening,0.3574516476103366,12.735016620807698,10.147392669748841,-0.10841335660050812,-0.14083168007100244,7.5397229075995895
lowest_search_score,opening,0.35803098577502107,12.672164783441145,10.065826453112843,-0.10856577300861722,-0.14075101009576085,7.606479708275854
lowest_search_score,opening,0.3586103239397056,12.609222780034546,9.984309508070876,-0.10872465946252263,-0.14066152610029622,7.6708982118291065
lowest_search_score,opening,0.3591896621043901,12.546186808999083,9.902847042095962,-0.10889020080888759,-0.14056287764652703,7.732912414849952
lowest_search_score,opening,0.3597690002690746,12.483052959849353,9.821444467706932,-0.10906258814893127,-0.14045470730084536,7.792459845561793
lowest_search_score,opening,0.3603483384337591,12.41981720955675,9.74010740653717,-0.10924201891780787,-0.14033665057976857,7.849481832051675
lowest_search_score,opening,0.3609276765984436,12.356475418857698,9.658841693433713,-0.10942869696089298,-0.14020833589906556,7.903923772557294
lowest_search_score,opening,0.3615070147631281,12.29302332851867,9.577653380584922,-0.10962283260684268,-0.14006938452649262,7.9557354069907635
lowest_search_score,opening,0.3620863529278126,12.229456555559787,9.496548741674335,-0.10982464273730715,-0.13991941053826124,8.00487108882266
lowest_search_score,opening,0.3626656910924971,12.1657705894391,9.415534276058741,-0.11003435085319464,-0.1397580207793448,8.05129005639343
lowest_search_score,opening,0.3632450292571816,12.1019607881994,9.334616712967996,-0.1102521871373999,-0.13958481482771162,8.094956702663634
lowest_search_score,opening,0.3638243674218661,12.03802237457984,9.253803015724557,-0.11047838851392887,-0.13939938496255533,8.135840842360667
lowest_search_score,opening,0.3644037055865506,11.973950432094272,9.173100385980094,-0.11071319870337473,-0.13920131613657125,8.173917975427347
lowest_search_score,opening,0.3649830437512351,11.909739901078558,9.092516267967103,-0.11095686827471912,-0.13899018595230575,8.209169545628788
lowest_search_score,opening,0.3655623819159196,11.845385574708912,9.012058352762974,-0.11120965469345924,-0.13876556464258227,8.241583193127592
lowest_search_score,opening,0.3661417200806041,11.780882094993428,8.931734582564252,-0.1114718223660834,-0.1385270150549831,8.271152999795286
lowest_search_score,opening,0.3667210582452886,11.716223948738874,8.851553154968698,-0.11174364268094523,-0.13827409264033938,8.297879725990382
lowest_search_score,opening,0.3673003964099731,11.651405463494896,8.771522527262944,-0.11202539404561113,-0.13800634544515805,8.321771037500852
lowest_search_score,opening,0.3678797345746576,11.586420803477445,8.691651420713262,-0.1123173619207834,-0.13772331410788496,8.342841721322465
lowest_search_score,opening,0.3684590727393421,11.521263965473684,8.611948824857649,-0.11261983885092651,-0.13742453185888126,8.361113888924528
lowest_search_score,opening,0.3690384109040266,11.455928774729925,8.532424001796638,-0.11293312449174886,-0.13710952452396036,8.376617165642175
lowest_search_score,opening,0.3696177490687111,11.390408880824616,8.45308649048128,-0.11325752563471742,-0.13677781053131444,8.389388864829568
lowest_search_score,opening,0.3701970872333956,11.324697753527861,8.37394611099602,-0.11359335622880287,-0.13642890092163298,8.3994741454129
lowest_search_score,opening,0.3707764253980801,11.258788678649164,8.295012968834946,-0.11394093739967072,-0.13606229936120118,8.406926151495055
lowest_search_score,opening,0.3713557635627646,11.192674753874671,8.21629745916957,-0.1143005974665502,-0.13567750215775012,8.411806132687285
lowest_search_score,opening,0.3719351017274491,11.1263488845953,8.137810271106744,-0.11467267195701873,-0.13527399827882308,8.414183543876295
lowest_search_score,opening,0.37251443989213356,11.059803779726849,8.05956239193521,-0.11505750361994362,-0.13485126937241823,8.41413612317951
lowest_search_score,opening,0.3730937780568181,10.993031947523033,7.981565111359605,-0.11545544243681631,-0.13440878978967694,8.411749946895828
lowest_search_score,opening,0.37367311622150257,10.926025691382478,7.903830025720853,-0.1158668456316977,-0.13394602660940114,8.407119460325399
lowest_search_score,opening,0.3742524543861871,10.858777105650146,7.8263690422017085,-0.11629207767996576,-0.13346243966421048,8.400347483408687
lowest_search_score,opening,0.37483179255087157,10.791278071414178,7.749194383016911,-0.11673151031601386,-0.13295748156819523,8.391545190223022
lowest_search_score,opening,0.3754111307155561,10.723520252298393,7.672318589586702,-0.11718552253999075,-0.13243059774597643,8.380832061473154
lowest_search_score,opening,0.37599046888024057,10.65549509025131,7.595754526693299,-0.11765450062359141,-0.13188122646316577,8.368335809220593
lowest_search_score,opening,0.3765698070449251,10.587193801331962,7.519515386619115,-0.11813883811481125,-0.13130879885831748,8.354192273214176
lowest_search_score,opening,0.37714914520960957,10.518607371493445,7.443614693266163,-0.11863893584144336,-0.13071273897659383,8.338545288309984
lowest_search_score,opening,0.3777284833742941,10.44972655236475,7.3680663062551925,-0.11915520191294363,-0.13009246380552297,8.321546522601473
lowest_search_score,opening,0.3783078215389786,10.380541857032258,7.2928844250035425,-0.11968805172009228,-0.1294473833134241,8.303355286019107
lowest_search_score,opening,0.3788871597036631,10.31104355582215,7.218083592779635,-0.12023790793164629,-0.12877690049130713,8.284138309300438
lowest_search_score,opening,0.3794664978683476,10.24122167208595,7.143678700732026,-0.12080520048689436,-0.12808041139933934,8.264069493375235
lowest_search_score,opening,0.3800458360330321,10.171065977991844,7.069684991889797,-0.12139036658269167,-0.1273573052193035,8.243329629352912
lowest_search_score,opening,0.3806251741977166,10.10056599032562,6.996118065130497,-0.12199385065315242,-0.12660696431487442,8.222106089438523
lowest_search_score,opening,0.3812045123624011,10.029710966305945,6.922993879110228,-0.12261610433971046,-0.12582876430200357,8.20059248923599
lowest_search_score,opening,0.3817838505270856,9.958489899420533,6.850328756149473,-0.12325758644870854,-0.12502207413225816,8.178988322019723
lowest_search_score,opening,0.3823631886917701,9.886891515291236,6.77813938606598,-0.12391876289303352,-0.12418625619259616,8.15749856566385
lowest_search_score,opening,0.3829425268564546,9.814904267578683,6.7064428299441525,-0.12460010661356534,-0.1233206664258162,8.136333263008755
lowest_search_score,opening,0.3835218650211391,9.742516333939337,6.6352565238273655,-0.12530209747533705,-0.12242465447678526,8.115707076511935
lowest_search_score,opening,0.3841012031858236,9.669715612051638,6.564598282316765,-0.12602522213228948,-0.12149756387056572,8.09583881806955
lowest_search_score,opening,0.3846805413505081,9.59648971573118,6.49448630205579,-0.12676997385333436,-0.12053873222972938,8.076950954901267
lowest_search_score,opening,0.3852598795151926,9.522825971160055,6.424939165075498,-0.12753685230107964,-0.11954749153950932,8.059269092357125
lowest_search_score,opening,0.3858392176798771,9.448711413260392,6.355975841969886,-0.1283263632530056,-0.11852316847100224,8.04302143442542
lowest_search_score,opening,0.3864185558445616,9.374132782249081,6.287615694864416,-0.12913901825306418,-0.11746508477445432,8.02843822258678
lowest_search_score,opening,0.3869978940092461,9.299076520417714,6.21987848013292,-0.1299753341795855,-0.11637255775674744,8.015751153464286
lowest_search_score,opening,0.3875772321739306,9.22352876919117,6.1527843508096725,-0.13083583271295687,-0.11524490085962555,8.005192775453327
lowest_search_score,opening,0.3881565703386151,9.147475366528063,6.086353858632608,-0.13172103968375715,-0.11408142435797901,7.996995864167889
lowest_search_score,opening,0.3887359085032996,9.070901844738982,6.020607955641942,-0.13263148427881377,-0.11288143620072638,7.9913927761016215
lowest_search_score,opening,0.3893152466679841,8.993793428811916,5.955567995244017,-0.1335676980789456,-0.11164424302053025,7.988614779359356
lowest_search_score,opening,0.3898945848326686,8.916135035351331,5.891255732634113,-0.1345302138978778,-0.11036915134286564,7.988891359654369
lowest_search_score,opening,0.3904739229973531,8.837911272255772,5.827693324452535,-0.13551956438689197,-0.10905546902988082,7.992449498972965
lowest_search_score,opening,0.3910532611620376,8.759106439281599,5.764903327526494,-0.13653628036408674,-0.10770250700017919,7.999512923362978
lowest_search_score,opening,0.3916325993267221,8.67970452966566,5.702908696524348,-0.1375808888205778,-0.10630958127219425,8.010301315187766
lowest_search_score,opening,0.3922119374914066,8.599689233009862,5.641732780319221,-0.13865391054841147,-0.10487601538639058,8.025029483878084
lowest_search_score,opening,0.3927912756560911,8.51904393966464,5.581399316824334,-0.13975585732626705,-0.10340114327021399,8.043906487687426
lowest_search_score,opening,0.3933706138207756,8.437751746888654,5.5219324260228175,-0.14088722858899777,-0.10188431261974967,8.067134697182086
lowest_search_score,opening,0.3939499519854601,8.355795467107711,5.463356600868309,-0.14204850749552456,-0.1003248888835724,8.094908789144016
lowest_search_score,opening,0.3945292901501446,8.273157638649531,5.405696695679685,-0.1432401562963212,-0.09872225994755739,8.127414657196367
lowest_search_score,opening,0.3951086283148291,8.189820539392256,5.348977911591494,-0.14446261088648366,-0.09707584163465949,8.164828222739578
lowest_search_score,opening,0.3956879664795136,8.105766203835858,5.2932257785508545,-0.14571627441287202,-0.09538508415117852,8.207314126666402
lowest_search_score,opening,0.39626730464419807,8.020976444187117,5.23846613326948,-0.14700150978377233,-0.09364947963106335,8.255024278762289
lowest_search_score,opening,0.3968466428088826,7.935432876143556,5.184725092445491,-0.14831863090661027,-0.09186857095272914,8.308096237644804
lowest_search_score,opening,0.3974259809735671,7.849116950169873,5.132029020460948,-0.14966789245313575,-0.09004196202897108,8.366651389505648
lowest_search_score,opening,0.3980053191382516,7.762009989185062,5.080404490636477,-0.15104947792183238,-0.08816932980022237,8.43079288874731
lowest_search_score,opening,0.3985846573029361,7.674093233721603,5.029878238981616,-0.1524634857337508,-0.08625043819496458,8.500603317817594
lowest_search_score,opening,0.3991639954676206,7.585347895781215,4.98047710921564,-0.15390991306022336,-0.08428515435883166,8.576142017120779
lowest_search_score,opening,0.3997433336323051,7.495755222798833,4.932227987647258,-0.15538863703873398,-0.08227346749614173,8.65744202882851
lowest_search_score,opening,0.4003226717969896,7.405296573338457,4.8851577262888535,-0.1568993929864936,-0.08021551071430619,8.744506590777236
lowest_search_score,opening,0.4009020099616741,7.313953506385818,4.83929305234031,-0.15844174917005766,-0.07811158631278557,8.83730510852876
lowest_search_score,opening,0.4014813481263586,7.22170788637402,4.794660461905583,-0.16001507763401585,-0.0759621950135634,8.93576852529202
lowest_search_score,opening,0.4020606862910431,7.128542006383579,4.7512860955005785,-0.16161852053316128,-0.07376806968873645,9.039784001085996
lowest_search_score,opening,0.4026400244557276,7.034438732297169,4.709195592571408,-0.163250951352077,-0.07153021420128473,9.1491888047869
lowest_search_score,opening,0.4032193626204121,6.939381671064199,4.668413921867801,-0.16491093033605145,-0.06924994803511564,9.263763316316082
lowest_search_score,opening,0.4037987007850966,6.843355366638114,4.628965184108136,-0.16659665340123642,-0.06692895744646958,9.383223032310244
lowest_search_score,opening,0.4043780389497811,6.746345527588099,4.590872382934423,-0.16830589374518018,-0.06456935391556082,9.507209468753212
lowest_search_score,opening,0.4049573771144656,6.648339290847245,4.55415715969441,-0.17003593534879516,-0.06217374070739429,9.63527986043394
lowest_search_score,opening,0.4055367152791501,6.549325526531018,4.518839487117076,-0.17178349755783034,-0.0597452883536959,9.766895572706495
lowest_search_score,opening,0.4061160534438346,6.449295189220853,4.484937316485823,-0.17354464997026214,-0.057287819829541946,9.901409169836922
lowest_search_score,opening,0.4066953916085191,6.348241721531464,4.452466172490958,-0.17531471695471823,-0.054805906099580456,10.038050131407292
lowest_search_score,opening,0.4072747297732036,6.246161516122205,4.421438689600216,-0.1770881713091668,-0.052304972524612726,10.175909280414148
lowest_search_score,opening,0.4078540679378881,6.1430544425170615,4.3918640835829255,-0.1788585168707913,-0.04979141631762066,10.31392209202425
lowest_search_score,opening,0.4084334061025726,6.038924445082244,4.363747551837956,-0.1806181603476672,-0.0472727347786257,10.45085120021363
lowest_search_score,opening,0.4090127442672571,5.933780218172424,4.337089596514517,-0.18235827330977264,-0.04475766337085285,10.58526862183816
lowest_search_score,opening,0.4095920824319416,5.827635963657173,4.311885265213453,-0.18406864620888658,-0.04225632176864641,10.715538485826528
lowest_search_score,opening,0.4101714205966261,5.720512234608758,4.288123305487882,-0.1857375375585586,-0.03978036474596214,10.839801400088156
lowest_search_score,opening,0.4107507587613106,5.612436866658302,4.265785231635471,-0.18735152306328165,-0.03734313311630291,10.955962017954155
lowest_search_score,opening,0.4113300969259951,5.503445995164111,4.244844305638457,-0.1888953516003466,-0.034959797820627234,11.061681879598172
lowest_search_score,opening,0.4119094350906796,5.393585151604309,4.225264438838598,-0.190351817567678,-0.032647487649931084,11.154380188454532
lowest_search_score,opening,0.4124887732553641,5.282910426219487,4.206999027321294,-0.1917016622119086,-0.030425387988253227,11.231245802849156
lowest_search_score,opening,0.4130681114200486,5.171489675621315,4.189989742292204,-0.1929235200639129,-0.028314794448883504,11.289264311404331
lowest_search_score,opening,0.4136474495847331,5.059403743663676,4.1741653071497735,-0.19399393033881934,-0.026339101546761612,11.325264506391044
lowest_search_score,opening,0.4142267877494176,4.946747651310526,4.159440305518652,-0.1948874367448723,-0.02452370296269689,11.335988708412113
lowest_search_score,opening,0.4148061259141021,4.833631696768941,4.1457140789756695,-0.19557680201879712,-0.02289577708176113,11.318191009510798
lowest_search_score,opening,0.4153854640787866,4.72018239142198,4.132869788932781,-0.1960333648472149,-0.021483930146309824,11.268766327269716
lowest_search_score,opening,0.4159648022434711,4.606543141280391,4.120773732958121,-0.1962275655855778,-0.020317670612167257,11.184910929157875
lowest_search_score,opening,0.4165441404081556,4.492874569622173,4.10927501986524,-0.19612966212296495,-0.01942669335963669,11.064311585289039
lowest_search_score,opening,0.4171234785728401,4.3793543667759085,4.098205717614661,-0.19571064715099593,-0.0188399625010853,10.905355697963312
lowest_search_score,opening,0.41770281673752463,4.266176550819445,4.087381590255372,-0.19494336208945529,-0.018584597532511002,10.707348898924586
lowest_search_score,opening,0.4182821549022091,4.153550031826501,4.076603531273678,-0.19380378086783542,-0.01868458962989128,10.470720391490305
lowest_search_score,opening,0.4188614930668936,4.041696395449633,4.065659777560162,-0.1922724097759615,-0.01915940187715144,10.197190928506055
lowest_search_score,opening,0.4194408312315781,3.930846861223757,4.054328948610488,-0.19033572044398608,-0.020022536365470217,9.889875351970453
lowest_search_score,opening,0.4200201693962626,3.8212384270342072,4.042383899515516,-0.1879875062101093,-0.021280177905570685,9.553292782537339
lowest_search_score,opening,0.4205995075609471,3.713109280708398,4.02959630678114,-0.185230033523261,-0.022930042705762196,9.193264138803164
lowest_search_score,opening,0.4211788457256316,3.6066936361316313,4.015741829577176,-0.1820748556787231,-0.024960564717763173,8.81668895339654
lowest_search_score,opening,0.4217581838903161,3.5022162249307973,4.000605615370763,-0.17854317075035414,-0.027350537786641302,8.431210154570078
lowest_search_score,opening,0.4223375220550006,3.3998867340469294,3.9839878596233302,-0.17466564050840738,-0.03006929681588913,8.044793676323042
lowest_search_score,opening,0.4229168602196851,3.299894513277907,3.9657090954689362,-0.17048163936660082,-0.033077468903976684,7.665265417984342
lowest_search_score,opening,0.4234961983843696,3.2024038770769074,3.945614889088433,-0.16603796440581192,-0.03632826340501537,7.299857180489176
lowest_search_score,opening,0.4240755365490541,3.107550288893868,3.923579652491322,-0.1613870985774512,-0.03976920881048009,6.954813105724204
lowest_search_score,opening,0.4246548747137386,3.015437647983611,3.899509353781629,-0.15658516813393525,-0.04334419540457697,6.6350985492485055
lowest_search_score,opening,0.4252342128784231,2.926136807578186,3.873342996009435,-0.15168976353074087,-0.04699565444877431,6.344236494170962
lowest_search_score,opening,0.4258135510431076,2.8396853530368555,3.845052835994547,-0.1467577966299267,-0.050666701065619574,6.084276642027287
lowest_search_score,opening,0.4263928892077921,2.7560885730905813,3.814643410004694,-0.1418435476109851,-0.0543030874159791,5.855883719848919
lowest_search_score,opening,0.4269722273724766,2.6753214783311,3.7821495121380475,-0.13699701864213323,-0.05785484911660035,5.65851791291271
lowest_search_score,opening,0.4275515655371611,2.597331666076263,3.747633326277594,-0.13226266650825033,-0.06127757270178858,5.490673463911063
lowest_search_score,opening,0.4281309037018456,2.522042802121143,3.711180941107799,-0.12767854140833823,-0.06453325691633123,5.350141246854985
lowest_search_score,opening,0.4287102418665301,2.4493584857292388,3.672898481838394,-0.12327582050992099,-0.06759077925225208,5.2342659808226335
lowest_search_score,opening,0.4292895800312146,2.3791662796352466,3.632908076863745,-0.11907869628622446,-0.07042600770356426,5.140176502896586
lowest_search_score,opening,0.4298689181958991,2.311341715584962,3.5913438488314164,-0.1151045621433961,-0.07302161523176107,5.064976053998531
lowest_search_score,opening,0.4304482563605836,2.2457521218666203,3.5483480836655663,-0.11136443029621965,-0.07536666198359859,5.00588725972416
lowest_search_score,opening,0.4310275945252681,2.1822601572236544,3.5040676931543175,-0.10786351704742567,-0.07745601010606973,4.960352511126003
lowest_search_score,opening,0.4316069326899526,2.120726971737365,3.4586510505125574,-0.10460193600989526,-0.07928963061927993,4.9260944834897815
lowest_search_score,opening,0.4321862708546371,2.0610149474156656,3.412245246183179,-0.10157544805954045,-0.08087185355944158,4.901143721346455
lowest_search_score,opening,0.4327656090193216,2.002989998212576,3.3649937841519555,-0.09877622612221199,-0.08221060328864563,4.883840942026703
lowest_search_score,opening,0.4333449471840061,1.9465234307891994,3.3170347174645265,-0.09619360207651223,-0.08331665168953115,4.872821413217947
lowest_search_score,opening,0.4339242853486906,1.891493383811368,3.268499205150177,-0.09381477141299004,-0.08420291360438649,4.866987852967796
lowest_search_score,opening,0.4345036235133751,1.8377858755365728,3.219510460798973,-0.09162543853287881,-0.08488380163551958,4.865477109956925
lowest_search_score,opening,0.4350829616780596,1.7852954975440638,3.1701830549382515,-0.08961039164704449,-0.08537465134623978,4.867624638089875
lowest_search_score,opening,0.4356622998427441,1.7339257973614468,3.120622528454301,-0.08775400122882149,-0.0856912229087734,4.872929626453654
lowest_search_score,opening,0.4362416380074286,1.683589395031816,3.0709252720150735,-0.08604064001245419,-0.08584928120740391,4.881022659524302
lowest_search_score,opening,0.43682097617211313,1.6342078788607728,3.02117862625376,-0.08445502574244289,-0.08586425319153841,4.891636991240399
lowest_search_score,opening,0.4374003143367976,1.585711524128486,2.9714611589278914,-0.08298249037881321,-0.08575095877368884,4.904583917579844
lowest_search_score,opening,0.43797965250148213,1.5380388758342396,2.9218430779857587,-0.08160918133595192,-0.08552340969472765,4.919732305514269
lowest_search_score,opening,0.4385589906661666,1.4911362329037035,2.872386743109699,-0.08032220164685111,-0.08519466946458187,4.936992053557109
lowest_search_score,opening,0.43913832883085113,1.444957067037374,2.823147242557021,-0.07910969675947119,-0.08477676667165762,4.956301090499172
lowest_search_score,opening,0.4397176669955356,1.3994614047862048,2.7741730067123638,-0.07796089604491775,-0.08428065358130711,4.977615435977156
lowest_search_score,opening,0.44029700516022013,1.3546151967447688,2.72550643446034,-0.0768661170889379,-0.08371620195183485,5.000901824503943
lowest_search_score,opening,0.4408763433249046,1.3103896931566152,2.6771845130835925,-0.07581674051466425,-0.08309222832012067,5.026132413145785
lowest_search_score,opening,0.44145568148958914,1.266760840892319,2.629239416724998,-0.07480516251524869,-0.0824165415782214,5.053281136221113
lowest_search_score,opening,0.4420350196542736,1.2237087128109119,2.581699072403077,-0.07382473153073138,-0.08169600640661145,5.08232132631895
lowest_search_score,opening,0.4426143578189581,1.1812169770305232,2.53458768605403,-0.07286967465208531,-0.08093661698112446,5.113224281147875
lowest_search_score,opening,0.4431936959836426,1.1392724106588208,2.4879262240495033,-0.0719350184383899,-0.08014357626764901,5.145958514591628
lowest_search_score,opening,0.4437730341483271,1.097864460078288,2.4417328480944467,-0.07101650794276222,-0.07932137710895497,5.18048948440557
lowest_search_score,opening,0.4443523723130116,1.056984847929568,2.396023303361241,-0.07011052690025746,-0.07847388215044016,5.2167796363969465
lowest_search_score,opening,0.4449317104776961,1.016627225451176,2.3508112612014855,-0.06921402126611065,-0.0776044004164348,5.254788644993669
lowest_search_score,opening,0.4455110486423806,0.9767868677644848,2.3061086188457547,-0.06832442762397606,-0.07671575901740701,5.294473762891404
lowest_search_score,opening,0.4460903868070651,0.937460408981216,2.2619257592138307,-0.06743960741998432,-0.07581036903225923,5.335790218519709
lowest_search_score,opening,0.4466697249717496,0.8986456135944412,2.2182717743736373,-0.06655778752013057,-0.07489028506820135,5.378691620187998
lowest_search_score,opening,0.4472490631364341,0.8603411804344983,2.1751546563671824,-0.06567750723033135,-0.07395725835887358,5.423130340867017
lowest_search_score,opening,0.4478284013011186,0.8225465754718788,2.1325814591206624,-0.06479757165084782,-0.07301278352902008,5.469057868541232
lowest_search_score,opening,0.4484077394658031,0.7852618898819813,2.090558435023577,-0.06391701104770357,-0.07205813934309609,5.516425114777157
lowest_search_score,opening,0.4489870776304876,0.748487720008851,2.0490911495389112,-0.06303504580023969,-0.07109442387866435,5.565182679341074
lowest_search_score,opening,0.4495664157951721,0.7122250661434227,2.008184576928613,-0.062151056413232646,-0.07012258463616673,5.615281071999853
lowest_search_score,opening,0.4501457539598566,0.676475247338273,1.9678431798715357,-0.06126455805207867,-0.06914344412656523,5.666670894570847
lowest_search_score,opening,0.4507250921245411,0.6412398297959876,1.928070975436469,-0.060375179059860784,-0.0681577214780483,5.71930298726149
lowest_search_score,opening,0.4513044302892256,0.606520566676121,1.8888715895644683,-0.05948264293664361,-0.06716605058145501,5.773128543673814
lowest_search_score,opening,0.4518837684539101,0.5723193474572879,1.8502483019236433,-0.05858675329675907,-0.06616899525866536,5.828099198778014
lowest_search_score,opening,0.4524631066185946,0.5386381552588991,1.8122040827310963,-0.057687381363337266,-0.06516706189470198,5.884167093853528
lowest_search_score,opening,0.4530424447832791,0.505479030769046,1.774741622895192,-0.05678445560653264,-0.06416070992710292,5.941284921972729
lowest_search_score,opening,0.4536217829479636,0.47284404163895666,1.7378633586169292,-0.0558779531795884,-0.06315036053842202,5.99940595714045
lowest_search_score,opening,0.4542011211126481,0.440735256391589,1.701571491402526,-0.05496789285289538,-0.06213640385171192,6.0584840697499045
lowest_search_score,opening,0.4547804592773326,0.4091547220528252,1.6658680042779712,-0.054054329189105126,-0.061119204885928737,6.118473730601402
lowest_search_score,opening,0.4553597974420171,0.37810444485127515,1.6307546748591586,-0.053137347741367885,-0.06009910848919782,6.179330005366361
lowest_search_score,opening,0.45593913560670163,0.34758637344851007,1.596233085815032,-0.0522170610915058,-0.059076443433131426,6.241008541070928
lowest_search_score,opening,0.4565184737713861,0.31760238425881177,1.562304633164258,-0.05129360557537149,-0.05805152582095657,6.303465545917925
lowest_search_score,opening,0.45709781193607063,0.28815426849804976,1.5289705327650591,-0.05036713856893629,-0.05702466193590995,6.366657763558559
lowest_search_score,opening,0.4576771501007551,0.25924372066803864,1.4962318252914562,-0.04943783623110946,-0.05599615063390854,6.430542442758851
lowest_search_score,opening,0.45825648826543963,0.2308723282371556,1.4640893799343688,-0.04850589161826407,-0.05496628536551968,6.495077303274055
lowest_search_score,opening,0.4588358264301241,0.20304156232268283,1.4325438970217188,-0.04757151310134953,-0.05393535589636148,6.560220498639326
lowest_search_score,opening,0.45941516459480863,0.17575276921626257,1.4015959097153605,-0.04663492302968198,-0.05290364978184211,6.625930576502171
lowest_search_score,opening,0.4599945027594931,0.14900716262314806,1.3712457849137598,-0.04569635659641642,-0.0518714536412443,6.692166437054871
lowest_search_score,opening,0.46057384092417764,0.12280581650916261,1.341493723465721,-0.04475606086964526,-0.05083905426721037,6.758887290070528
lowest_search_score,opening,0.4611531790888621,0.09714965846813911,1.3123397597819841,-0.043814293960365264,-0.04980673959939649,6.82605261099953
lowest_search_score,opening,0.46173251725354664,0.07203946353734206,1.2837837609163993,-0.04287132430445904,-0.04877479958514951,6.893622096543114
lowest_search_score,opening,0.4623118554182311,0.04747584840034255,1.2558254251767844,-0.04192743004060591,-0.047743526945302414,6.961555620083602
lowest_search_score,opening,0.46289119358291564,0.023459265925994205,1.2284642803160428,-0.04098289846984785,-0.04671321785936255,7.029813187317051
lowest_search_score,opening,0.4634705317476001,-1.0000000000591133e-05,1.2016996813466025,-0.04003802558333671,-0.04568417258357683,7.098354888034614
lowest_search_score,closing,0.0,0.0,0.0,0.0,0.0,10.0
lowest_search_score,closing,0.0005648063947534265,3.0370766157850764e-06,3.479683692001588e-06,1.6124471933078564e-05,1.8421195507402922e-05,10.011831506490296
lowest_search_score,closing,0.001129612789506853,2.4258847211777618e-05,2.7566737093485833e-05,6.434981265180532e-05,7.274267771013788e-05,10.026152628600332
lowest_search_score,closing,0.0016944191842602795,8.171179146337783e-05,9.216401512761129e-05,0.00014435793968473718,0.00016166387550756235,10.04290483920101
lowest_search_score,closing,0.002259225579013706,0.00019323245384623002,0.00021647630292434406,0.0002557284393550749,0.0002840085444501566,10.062030977973029
lowest_search_score,closing,0.0028240319737671323,0.00037639726743752335,0.00041907285943580436,0.000397964429066397,0.00043869870723936045,10.083475098320173
lowest_search_score,closing,0.003388838368520559,0.0006484852326737777,0.0007179369950533954,0.0005705124722993615,0.0006247345427415744,10.107182349183182
lowest_search_score,closing,0.003953644763273986,0.0010264504931397074,0.0011305056418425426,0.0007727779078263161,0.0008411788620039359,10.133098883865609
lowest_search_score,closing,0.004518451158027412,0.0015269025275883527,0.0016737011978822096,0.0010041366428668182,0.001087145121543443,10.161171789776791
lowest_search_score,closing,0.005083257552780838,0.0021660921994633886,0.0023639574051225673,0.0012639442195422727,0.0013617881645457994,10.191349034380664
lowest_search_score,closing,0.005648063947534265,0.0029599023077272134,0.0032172406176384557,0.0015515427786790062,0.0016642970659192812,10.22357942370636
lowest_search_score,closing,0.006212870342287691,0.003923841593172279,0.004249067506779366,0.0018662664021428174,0.0019938896000151825,10.257812570600152
lowest_search_score,closing,0.006777676737041118,0.005073041393716678,0.005474520010390097,0.002207445204744048,0.0023498079599704657,10.293998870533702
lowest_search_score,closing,0.007342483131794544,0.0064222543267299205,0.006908258148728282,0.002574408461831874,0.002731315442548534,10.332089483274093
lowest_search_score,closing,0.007907289526547972,0.007985854518746767,0.008564531187390076,0.0029664869932253305,0.003137693877825341,10.372036319099893
lowest_search_score,closing,0.008472095921301397,0.009777839012677151,0.010457187517802013,0.003383014973648197,0.0035682416335483204,10.413792028540156
lowest_search_score,closing,0.009036902316054824,0.011811830067264663,0.012599683541189847,0.0038233313009146293,0.004022272062916056,10.457309994839395
lowest_search_score,closing,0.00960170871080825,0.014101078128833476,0.015005091776644419,0.004286780623102703,0.004499112294536149,10.502544328526742
lowest_search_score,closing,0.010166515105561677,0.016658465305725487,0.017686108363540134,0.004772714102813061,0.004998102286458894,10.549449863603105
lowest_search_score,closing,0.010731321500315104,0.019496509214682135,0.020655060089705652,0.00528048997876669,0.005518594084027502,10.597982154965568
lowest_search_score,closing,0.01129612789506853,0.02262736709840318,0.02392391104676589,0.005809473971235081,0.00605995123504631,10.64809747677031
lowest_search_score,closing,0.011860934289821956,0.026062840136647843,0.027504268990938135,0.006359039567183607,0.0066215483263810755,10.699752821499507
lowest_search_score,closing,0.012425740684575382,0.02981437789109722,0.031407391469708584,0.00692856821282157,0.007202770614292518,10.7529058995481
lowest_search_score,closing,0.012990547079328809,0.033893082837978386,0.03564419176103178,0.007517449434936985,0.007803013727120075,10.807515139186345
lowest_search_score,closing,0.013555353474082236,0.03830971495308803,0.04022524466105391,0.008125080907518387,0.008421683423808252,10.86353968678584
lowest_search_score,closing,0.014120159868835662,0.043074696322066314,0.04516079214814665,0.008750868476402121,0.009058195395532036,10.920939407222734
lowest_search_score,closing,0.014684966263589089,0.048198115755109114,0.05046074894469647,0.009394226151775532,0.009711975100585891,10.979674884392853
lowest_search_score,closing,0.015249772658342514,0.053689733390197523,0.05613470799320161,0.01005457607611752,0.01038245762494963,11.039707421791315
lowest_search_score,closing,0.015814579053095943,0.05955898527269252,0.06219194585945692,0.010731348473416825,0.011069087562685764,11.100999043124165
lowest_search_score,closing,0.01637938544784937,0.06581498790204449,0.0686414280727015,0.011423981584159337,0.011771318911672055,11.163512492932684
lowest_search_score,closing,0.016944191842602794,0.07246654273859506,0.07549181441037402,0.012131921589526126,0.012488614981222283,11.22721123722258
lowest_search_score,closing,0.01750899823735622,0.07952214066515324,0.08275146413341367,0.012854622527427825,0.013220448308964827,11.29205946410071
lowest_search_score,closing,0.018073804632109648,0.08698996639932173,0.09042844117674617,0.013591546202362213,0.013966300584986959,11.35802208443157
lowest_search_score,closing,0.018638611026863074,0.09487790285352594,0.09853051929861703,0.014342162090581012,0.014725662581753918,11.425064732534585
lowest_search_score,closing,0.0192034174216165,0.10319353544042063,0.1070651871917078,0.015105947241656406,0.01549803408870737,11.493153766951616
lowest_search_score,closing,0.019768223816369928,0.11194415632187313,0.11603965355844381,0.015882386177224758,0.01628292385076054,11.562256271321788
lowest_search_score,closing,0.020333030211123353,0.12113676860008801,0.12546085215253375,0.016670970787433854,0.01707984951015889,11.632340055408115
lowest_search_score,closing,0.02089783660587678,0.13077809044967728,0.13533544678854095,0.017471200225419387,0.017888337551375862,11.703373656327113
lowest_search_score,closing,0.021462643000630208,0.1408745591896147,0.14566983632114508,0.018282580799972643,0.018707923248876317,11.77532634003896
lowest_search_score,closing,0.022027449395383633,0.15143233529406677,0.15647015959569963,0.01910462586642877,0.019538150617713766,11.848168103161418
lowest_search_score,closing,0.02259225579013706,0.16245730634107872,0.1677423003717025,0.019936855715696238,0.020378572367035896,11.921869675175822
lowest_search_score,closing,0.023157062184890484,0.17395509089801983,0.1794918922208634,0.02077879746125894,0.0212287498566618,11.996402521097822
lowest_search_score,closing,0.023721868579643913,0.1859310423425793,0.19172432340156745,0.021629984923909686,0.0220882530569674,12.071738844689127
lowest_search_score,closing,0.02428667497439734,0.1983902526179493,0.2044447417116849,0.022489958513915692,0.02295666051237378,12.147851592289205
lowest_search_score,closing,0.024851481369150764,0.21133755592064837,0.2176580593218549,0.023358265110270393,0.023833559308779048,12.224714457347636
lowest_search_score,closing,0.025416287763904193,0.22477753231923406,0.23136895759157639,0.024234457936651584,0.024718545045309,12.302301885738455
lowest_search_score,closing,0.025981094158657618,0.2387145113019301,0.2455818918706557,0.02511809643368242,0.025611221810785217,12.380589081937408
lowest_search_score,closing,0.026545900553411043,0.2531525752509667,0.26030109628879394,0.026008746127079287,0.02651120216532186,12.459552016141346
lowest_search_score,closing,0.027110706948164472,0.2680955628411861,0.2755305885363238,0.02690597849126785,0.027418107127465063,12.53916743240595
lowest_search_score,closing,0.027675513342917898,0.2835470723602438,0.2912741746393445,0.02780937080805754,0.02833156616727976,12.619412857873776
lowest_search_score,closing,0.028240319737671323,0.29951046494749933,0.3075354537327238,0.028718506019984782,0.029251217205769314,12.700266613158696
lowest_search_score,closing,0.028805126132424752,0.3159888677484833,0.3243178228346439,0.029632972577965124,0.030176706620982426,12.781707823945776
lowest_search_score,closing,0.029369932527178177,0.3329851769816337,0.34162448162655873,0.03055236428293886,0.031107689261118683,12.86371643385677
lowest_search_score,closing,0.029934738921931603,0.35050206091383657,0.35945843724259485,0.031476280121248416,0.03204382846488938,12.946273218621357
lowest_search_score,closing,0.03049954531668503,0.3685419627411649,0.3778225090725432,0.032404324093554204,0.03298479608932235,13.0293598015824
lowest_search_score,closing,0.031064351711438457,0.38710710337113774,0.39671933358268807,0.03333610503717581,0.03393027254511927,13.112958670550366
lowest_search_score,closing,0.031629158106191886,0.4061994841027722,0.41615136915874373,0.03427123644183947,0.03487994683957978,13.197053196007285
lowest_search_score,closing,0.03219396450094531,0.42582088920072386,0.4361209009751527,0.03520933625891999,0.03583351662699996,13.281627650644536
lowest_search_score,closing,0.03275877089569874,0.4459728883598954,0.4566300458949125,0.036150026704386426,0.03679068826633061,13.366667230201166
lowest_search_score,closing,0.03332357729045216,0.46665683905704636,0.4776807574039405,0.03709293405579551,0.03775117688574737,13.452158075550736
lowest_search_score,closing,0.03388838368520559,0.48787388878617577,0.4992748305837465,0.03803768844382548,0.03871470645363511,13.538087295964552
lowest_search_score,closing,0.03445319007995901,0.5096249771747695,0.5214139071258581,0.038983923639004485,0.03968100985532803,13.624442993458146
lowest_search_score,closing,0.03501799647471244,0.5319108379784245,0.5440994803910233,0.039931276834463056,0.04064982897477103,13.7112142881058
lowest_search_score,closing,0.03558280286946587,0.5547320009518808,0.5673329005156887,0.040879388425727345,0.04162091478008183,13.798391344185136
lowest_search_score,closing,0.036147609264219296,0.5780887935951261,0.5911153795676248,0.04182790178876853,0.042594027411793016,13.885965396990258
lowest_search_score,closing,0.03671241565897272,0.6019813427739804,0.6154479967518156,0.042776463057734214,0.04356893627234488,13.973928780128361
lowest_search_score,closing,0.03727722205372615,0.6264095762154313,0.6403317036668648,0.04372472090400432,0.044545420115180485,14.062274953090549
lowest_search_score,closing,0.03784202844847957,0.6513732238789871,0.6657673296111751,0.044672326318442424,0.04552326713156908,14.15099852886392
lowest_search_score,closing,0.038406834843233,0.6768718192064379,0.691755586937036,0.04561893239894229,0.04650227503305266,14.24009530132844
lowest_search_score,closing,0.03897164123798643,0.7029047002536586,0.7182970764494949,0.0465641941456042,0.047482251127177036,14.329562272159539
lowest_search_score,closing,0.039536447632739856,0.7294710107094798,0.7453922928455069,0.04750776826610841,0.04846301238393549,14.419397676935473
lowest_search_score,closing,0.04010125402749328,0.7565697008081671,0.7730416301873355,0.04844931299408251,0.049444385490124095,14.50960101012852
lowest_search_score,closing,0.04066606042224671,0.7841995281436842,0.801245387402533,0.049388487923479274,0.05042620688858716,14.600173048640485
lowest_search_score,closing,0.04123086681700013,0.8123590583956909,0.830003773801066,0.05032495386219063,0.05140832279912365,14.691115873526977
lowest_search_score,closing,0.04179567321175356,0.8410466659790895,0.859316914598267,0.05125837270831148,0.05239058921763547,14.782432889541452
lowest_search_score,closing,0.04236047960650698,0.8702605346309221,0.8891848564303233,0.05218840735263218,0.053372871889935336,14.87412884211979
lowest_search_score,closing,0.042925286001260415,0.8999986579504716,0.9196075728469424,0.05311472161107273,0.05435504625649631,14.966209831419627
lowest_search_score,closing,0.04349009239601384,0.9302588399105541,0.9505849697637119,0.05403698019086619,0.055336997364331474,15.05868332302627
lowest_search_score,closing,0.044054898790767266,0.9610386953601437,0.9821168908544929,0.05495484869434861,0.05631861974214171,15.151558154939105
lowest_search_score,closing,0.04461970518552069,0.9923356505406732,1.0142031228620212,0.055867993664208256,0.05729981723487513,15.244844540459928
lowest_search_score,closing,0.04518451158027412,1.0241469436404866,1.0468434008027019,0.05677608267397895,0.058280502793908534,15.338554066617176
lowest_search_score,closing,0.04574931797502754,1.0564696254140489,1.0800374130395094,0.05767878446742477,0.05926059821919969,15.432699687778946
lowest_search_score,closing,0.04631412436978097,1.0893005598944971,1.1137848061948679,0.058575769150246114,0.06024003384997615,15.527295714132299
lowest_search_score,closing,0.0468789307645344,1.1226364252299905,1.1480851898735578,0.05946670843723298,0.0612187482008302,15.62235779473773
lowest_search_score,closing,0.047443737159287826,1.1564737146759625,1.1829381411640083,0.06035127595759412,0.062196687540487496,15.717902894905226
lowest_search_score,closing,0.04800854355404125,1.1908087377767997,1.218343208884958,0.06122914762069392,0.06317380541101339,15.813949267682299
lowest_search_score,closing,0.04857334994879468,1.22563762177154,1.2542999175433247,0.062100002043828866,0.06415006208582008,15.91051641929454
lowest_search_score,closing,0.0491381563435481,1.2609563132589479,1.2908077709684473,0.06296352104297127,0.06512542396554401,16.007625068435015
lowest_search_score,closing,0.04970296273830153,1.296760580157589,1.3278662555875123,0.06381939018659835,0.06609986291167,16.105297099359596
lowest_search_score,closing,0.05026776913305496,1.333046013996366,1.3654748433071906,0.06466729941181663,0.0670733555186891,16.20355550881037
lowest_search_score,closing,0.050832575527808385,1.3698080325702395,1.4036329939672212,0.06550694370098893,0.06804588232657764,16.302424346857276
lowest_search_score,closing,0.05139738192256181,1.4070418829945506,1.4423401573329977,0.06633802381598883,0.06901742697646965,16.40192865181797
lowest_search_score,closing,0.051962188317315236,1.4447426451894083,1.4815957745961452,0.06716024708605738,0.06998797531354313,16.50209437948588
lowest_search_score,closing,0.05252699471206866,1.4829052358229977,1.5213992793546938,0.06797332824404069,0.07095751444233712,16.602948326965
lowest_search_score,closing,0.05309180110682209,1.5215244127393848,1.5617500980477448,0.06877699030456909,0.0719260317409358,16.70451805147511
lowest_search_score,closing,0.05365660750157551,1.5605947798923836,1.6026476498234936,0.0695709654765232,0.072893513841669,16.806831784550987
lowest_search_score,closing,0.054221413896328945,1.6001107928024292,1.6440913458241426,0.07035499610095594,0.07385994558715767,16.909918342112004
lowest_search_score,closing,0.05478622029108237,1.6400667645480642,1.6860805878765328,0.07112883560452957,0.07482530897163892,17.01380703092178
lowest_search_score,closing,0.055351026685835795,1.680456872297768,1.7286147665832274,0.07189224945752619,0.07578958207851087,17.11852755199066
lowest_search_score,closing,0.05591583308058922,1.7212751643813946,1.7716932588151977,0.07264501612462693,0.0767527380258955,17.22410990149382
lowest_search_score,closing,0.056480639475342646,1.7625155678936624,1.8153154246141525,0.0733869279959732,0.0777147439327044,17.330584269785074
lowest_search_score,closing,0.05704544587009607,1.8041718968148974,1.8594806035197264,0.07411779228554644,0.07867555991816494,17.437980939078933
lowest_search_score,closing,0.057610252264849504,1.8462378606268468,1.9041881103441394,0.07483743188367033,0.07963513814800093,17.54633018035195
lowest_search_score,closing,0.05817505865960293,1.888707073393943,1.949437230424421,0.0755456861504644,0.08059342194043316,17.65566214997853
lowest_search_score,closing,0.058739865054356355,1.931573063272993,1.9952272143896241,0.07624241163738622,0.08155034494486003,17.76600678656732
lowest_search_score,closing,0.05930467144910978,1.9748292824071862,2.0415572724875815,0.07692748272459209,0.0825058304054835,17.8773937084035
lowest_search_score,closing,0.059869477843863206,2.0184691171536153,2.088426568522451,0.07760079216272914,0.08345979052126434,17.98985211183162
lowest_search_score,closing,0.06043428423861663,2.0624858985873686,2.135834213460394,0.07826225150892671,0.08441212591243374,18.103410670835725
lowest_search_score,closing,0.06099909063337006,2.1068729132198913,2.183779258766145,0.07891179144817255,0.0853627252023741,18.218097437990966
lowest_search_score,closing,0.06156389702812349,2.151623413864756,2.232260689537734,0.07954936199289532,0.08631146472204045,18.333939746877054
lowest_search_score,closing,0.062128703422876914,2.196730630580466,2.281277417510166,0.08017493255540782,0.08725820834226729,18.45096411596185
lowest_search_score,closing,0.06269350981763033,2.2421877816174267,2.3308282740013557,0.08078849188983367,0.08820280743733272,18.569196153886303
lowest_search_score,closing,0.06325831621238377,2.287988084294903,2.3809120028749007,0.08139004790220447,0.08914510098108902,18.688660466012905
lowest_search_score,closing,0.0638231226071372,2.334124765733608,2.43152725359444,0.08197962732951401,0.09008491577486948,18.809380562041447
lowest_search_score,closing,0.06438792900189062,2.380591073370667,2.4826725744433493,0.08255727529059764,0.0910220668043007,18.93137876445067
lowest_search_score,closing,0.06495273539664405,2.4273802851858015,2.5343464059812377,0.08312305471371109,0.09195635772013991,19.054676117493425
lowest_search_score,closing,0.06551754179139747,2.474485719570934,2.5865470748055204,0.0836770456475663,0.09288758143637861,19.179292296458247
lowest_search_score,closing,0.0660823481861509,2.521900744779712,2.639272787681954,0.08421934446429113,0.09381552083713968,19.305245516911388
lowest_search_score,closing,0.06664715458090432,2.5696187878986505,2.692521626102846,0.08475006296427949,0.0947399495823995,19.432552443650717
lowest_search_score,closing,0.06721196097565775,2.6176333432875842,2.7462915413256246,0.08526932739415401,0.09566063300130807,19.56122809913535
lowest_search_score,closing,0.06777676737041118,2.6659379804438017,2.8005803499378636,0.08577727739005571,0.09657732906088938,19.69128577120118
lowest_search_score,closing,0.0683415737651646,2.714526351251256,2.8553857299876637,0.08627406485918879,0.09748978939719005,19.822736919930797
lowest_search_score,closing,0.06890638015991803,2.7633921965837898,2.910705217710958,0.0867598528129817,0.09839776039551183,19.955591083614483
lowest_search_score,closing,0.06947118655467145,2.812529352238825,2.966536204879597,0.08723481416538312,0.09930098430620532,20.08985578381435
lowest_search_score,closing,0.07003599294942488,2.8619317541856453,3.0228759367865305,0.08769913050970572,0.1001992003826082,20.225536429624
lowest_search_score,closing,0.07060079934417832,2.9115934431198642,3.0797215108768725,0.08815299088708452,0.10109214602805809,20.362636221298594
lowest_search_score,closing,0.07116560573893174,2.961508568322888,3.137069876026397,0.08859659055905121,0.10197955793947434,20.501156053512133
lowest_search_score,closing,0.07173041213368517,3.0116713908320847,3.194917832462199,0.08903012979597648,0.10286117323575379,20.641094418578366
lowest_search_score,closing,0.07229521852843859,3.062076285933705,3.253262032313801,0.0894538126922257,0.10373673056013165,20.782447310046017
lowest_search_score,closing,0.07286002492319202,3.1127177449964782,3.3120989807771988,0.08986784601784659,0.10460597114668377,20.92520812714701
lowest_search_score,closing,0.07342483131794544,3.1635903766690197,3.371425037869062,0.0902724381154938,0.10546863984226408,21.06936758063609
lowest_search_score,closing,0.07398963771269887,3.214688907468806,3.4312364207437573,0.09066779785012406,0.10632448607633814,21.214913600610263
lowest_search_score,closing,0.0745544441074523,3.266008181794338,3.491529206541894,0.09105413361779978,0.1071732647723725,21.36183124693696
lowest_search_score,closing,0.07511925050220572,3.3175431613954105,3.552299335735891,0.09143165241874568,0.1080147371956312,21.510102622948764
lowest_search_score,closing,0.07568405689695915,3.369288924338936,3.6135426159354544,0.09180055899863407,0.10884867173340021,21.65970679308156
lowest_search_score,closing,0.07624886329171257,3.4212406635097428,3.6752547261139643,0.09216105506095332,0.10967484460478222,21.810619705140276
lowest_search_score,closing,0.076813669686466,3.473393684687013,3.737431221215402,0.09251333855225542,0.11049304049826235,21.962814117873975
lowest_search_score,closing,0.07737847608121942,3.525743404237841,3.8000675371007855,0.09285760302109615,0.11130305313622742,22.116259534529398
lowest_search_score,closing,0.07794328247597286,3.5782853464695052,3.8631589957928063,0.09319403705058482,0.11210468576651791,22.270922143030056
lowest_search_score,closing,0.07850808887072629,3.6310151406818596,3.9267008109776893,0.09352282376365847,0.1128977515818966,22.426764763398346
lowest_search_score,closing,0.07907289526547971,3.6839285179604615,3.9906880937239695,0.09384414039948369,0.11368207406902317,22.583746802999947
lowest_search_score,closing,0.07963770166023314,3.7370213077500356,4.055115858378972,0.09415815795878248,0.11445748728913964,22.741824220146437
lowest_search_score,closing,0.08020250805498656,3.7902894342464486,4.119979028605166,0.09446504091535728,0.11522383609318466,22.900949496542157
lowest_search_score,closing,0.08076731444973999,3.843728912643719,4.185272443520237,0.0947649469906698,0.11598097627447966,23.061071619007812
lowest_search_score,closing,0.08133212084449341,3.8973358452706934,4.250990863906571,0.09505802698798985,0.11672877466246828,23.222136070856006
lowest_search_score,closing,0.08189692723924684,3.9511064176500033,4.317128978457919,0.0953444246823748,0.11746710916124317,23.38408483323402
lowest_search_score,closing,0.08246173363400026,4.005036894509725,4.383681410033141,0.09562427676256251,0.11819586873677589,23.546856396688103
lowest_search_score,closing,0.08302654002875369,4.059123615775937,4.450642721889197,0.09589771282074692,0.11891495335687578,23.71038578314113
lowest_search_score,closing,0.08359134642350712,4.113362992572065,4.518007423867843,0.09616485538615697,0.11962427388795539,23.874604578413702
lowest_search_score,closing,0.08415615281826054,4.167751503248597,4.585769978512776,0.0964258199983613,0.12032375195267453,24.039440975356914
lowest_search_score,closing,0.08472095921301397,4.222285689464475,4.6539248070962715,0.09668071531627338,0.12101331975248787,24.20481982760531
lowest_search_score,closing,0.0852857656077674,4.276962152339217,4.72246629553662,0.0969296432589192,0.12169291985902778,24.370662713899577
lowest_search_score,closing,0.08585057200252083,4.331777548692586,4.7913888001898295,0.09717269917415444,0.1223625049781337,24.53688801287277
lowest_search_score,closing,0.08641537839727426,4.3867285873866155,4.8606866535011966,0.0974099720316689,0.12302203769018813,24.703410988139925
lowest_search_score,closing,0.08698018479202768,4.4418120257826414,4.930354169504337,0.09764154463678434,0.1236714901702467,24.87014388348021
lowest_search_score,closing,0.08754499118678111,4.497024666324208,5.00038564915724,0.09786749386174433,0.1243108438912633,25.036996027853185
lowest_search_score,closing,0.08810979758153453,4.552363353254796,5.0707753855066455,0.09808789089139153,0.12494008931351078,25.203873949946285
lowest_search_score,closing,0.08867460397628796,4.607824969477693,5.141517668673802,0.09830280148033613,0.12555922556308924,25.370681501909633
lowest_search_score,closing,0.08923941037104138,4.663406433563715,5.212606790656186,0.0985122862189316,0.12616826010220442,25.537319991896904
lowest_search_score,closing,0.08980421676579481,4.719104696911072,5.284037049941274,0.09871640080558536,0.12676720839368388,25.703688324996932
lowest_search_score,closing,0.09036902316054823,4.77491674106026,5.355802755929719,0.09891519632314387,0.12735609356198913,25.86968315211021
lowest_search_score,closing,0.09093382955530166,4.830839575165753,5.427898233166578,0.09910871951729797,0.12793494605277403,26.035199026297562
lowest_search_score,closing,0.09149863595005508,4.886870233625036,5.500317825380274,0.09929701307515652,0.12850380329283848,26.20012856610462
lowest_search_score,closing,0.09206344234480851,4.943005773864658,5.5730558993300106,0.09948011590233094,0.1290627093521333,26.364362625345635
lowest_search_score,closing,0.09262824873956194,4.999243274282001,5.6461068484632095,0.099658063397057,0.129611714609283,26.527790468812846
lowest_search_score,closing,0.09319305513431538,5.055579832340731,5.719465096385348,0.09983088772006048,0.13015087542192133,26.690299953364246
lowest_search_score,closing,0.0937578615290688,5.1120125628171875,5.793125100145191,0.09999861805903669,0.13068025380296217,26.85177771383112
lowest_search_score,closing,0.09432266792382223,5.168538596194435,5.86708135333914,0.10016128088677399,0.13119991710377696,27.012109353179458
lowest_search_score,closing,0.09488747431857565,5.2251550772000686,5.941328389038742,0.10031890021209364,0.13170993770509862,27.171179636353237
lowest_search_score,closing,0.09545228071332908,5.281859163483583,6.0158607825459836,0.10047149782291806,0.13221039271634039,27.32887268722562
lowest_search_score,closing,0.0960170871080825,5.338648024428667,6.090673153981268,0.10061909352090212,0.13270136368389046,27.485072188083496
lowest_search_score,closing,0.09658189350283593,5.395518840095525,6.165760170709281,0.10076170534717768,0.13318293630882916,27.639661581072897
lowest_search_score,closing,0.09714669989758935,5.452468800288102,6.2411165496081535,0.10089934979886703,0.13365520017441018,27.792524271037177
lowest_search_score,closing,0.09771150629234278,5.509495103740934,6.316737059187533,0.10103204203611524,0.13411824848355286,27.943543829185916
lowest_search_score,closing,0.0982763126870962,5.566594957420229,6.392616521561256,0.1011597960794784,0.1345721778065057,28.09260419704085
lowest_search_score,closing,0.09884111908184963,5.623765575933653,6.468749814280381,0.10128262499758049,0.13501708783876437,28.23958989011466
lowest_search_score,closing,0.09940592547660305,5.6810041810433916,6.545131872032409,0.10140054108502225,0.13545308116925997,28.384386200790466
lowest_search_score,closing,0.09997073187135648,5.738308001276919,6.621757688212449,0.10151355603058426,0.1358802630587699,28.52687939988215
lowest_search_score,closing,0.10053553826610992,5.795674271630062,6.698622316372107,0.1016216810758214,0.13629874122845276,28.666956936370575
lowest_search_score,closing,0.10110034466086334,5.85310023335699,6.775720871551766,0.10172492716419237,0.13670862565836073,28.804507634826034
lowest_search_score,closing,0.10166515105561677,5.910583133841729,6.853048531501816,0.10182330508090716,0.13711002839574235,28.93942189004379
lowest_search_score,closing,0.1022299574503702,5.96812022654616,6.930600537798346,0.10191682558371111,0.1375030633729153,29.0715918584377
lowest_search_score,closing,0.10279476384512362,6.025708771029374,7.008372196858626,0.10200549952485291,0.137887846234459,29.200911645755205
lowest_search_score,closing,0.10335957023987705,6.083346033033445,7.086358880861514,0.1020893379645067,0.13826449417345282,29.327277490696293
lowest_search_score,closing,0.10392437663463047,6.1410292846309655,7.164556028577894,0.10216835227594004,0.13863312577646628,29.4505879440394
lowest_search_score,closing,0.1044891830293839,6.198755804429703,7.242959146115938,0.10224255424273357,0.1389938608769925,29.570744042897807
lowest_search_score,closing,0.10505398942413732,6.25652287783,7.321563807585915,0.10231195614837009,0.13934682041700344,29.687649479751208
lowest_search_score,closing,0.10561879581889075,6.314327797330694,7.4003656556890025,0.10237657085852075,0.139692126316298,29.801210765918903
lowest_search_score,closing,0.10618360221364417,6.372167862879528,7.479360402234436,0.10243641189635892,0.14002990134930718,29.911337389162917
lowest_search_score,closing,0.1067484086083976,6.43004038226422,7.558543828589115,0.10249149351123853,0.14036026902901919,30.01794196513174
lowest_search_score,closing,0.10731321500315102,6.487942671540505,7.63791178606355,0.10254183074107194,0.14068335349768535,30.12094038237766
lowest_search_score,closing,0.10787802139790446,6.5458720554937395,7.717460196237954,0.10258743946874185,0.14099927942396928,30.22025194070329
lowest_search_score,closing,0.10844282779265789,6.603825868130721,7.79718505123194,0.10262833647287883,0.1413081719062056,30.315799482615287
lowest_search_score,closing,0.10900763418741131,6.661801453198718,7.877082413921275,0.10266453947333148,0.1416101563814382,30.407509517686105
lowest_search_score,closing,0.10957244058216474,6.719796164728722,7.9571484181047705,0.10269606717164964,0.14190535853991496,30.495312339646734
lowest_search_score,closing,0.11013724697691817,6.777807367600252,8.037379268624377,0.1027229392868947,0.14219390424472123,30.57914213605579
lowest_search_score,closing,0.11070205337167159,6.835832438125118,8.117771241441238,0.10274517658708346,0.14247591945624472,30.65893709041256
lowest_search_score,closing,0.11126685976642502,6.893868764647804,8.198320683670396,0.10276280091656208,0.14275153016117073,30.73463947660314
lowest_search_score,closing,0.11183166616117844,6.951913748160219,8.279024013576601,0.10277583521959861,0.14302086230571748,30.806195745590472
lowest_search_score,closing,0.11239647255593187,7.009964802928767,8.359877720533538,0.1027843035604723,0.14328404173283002,30.873556604280154
lowest_search_score,closing,0.11296127895068529,7.068019357131838,8.440878364948619,0.10278823114032824,0.14354119412306257,30.936677086514727
lowest_search_score,closing,0.11352608534543872,7.126074853505992,8.522022578155413,0.10278764431105464,0.14379244493888768,30.995516616169187
lowest_search_score,closing,0.11409089174019214,7.184128749999144,8.60330706227546,0.10278257058643113,0.1440379193721828,31.050039062340492
lowest_search_score,closing,0.11465569813494557,7.242178520429394,8.68472859005134,0.10277303865078444,0.1442777422946539,31.100212786642963
lowest_search_score,closing,0.11522050452969901,7.3002216551480545,8.766284004652457,0.10275907836537837,0.14451203821096742,31.14601068264014
lowest_search_score,closing,0.11578531092445243,7.358255661705691,8.847970219455084,0.10274072077275412,0.14474093121437134,31.187410207461856
lowest_search_score,closing,0.11635011731920586,7.416278065520136,8.929784217798023,0.10271799809922733,0.14496454494459726,31.22439340567283
lowest_search_score,closing,0.11691492371395928,7.474286410545391,9.01172305271505,0.10269094375573669,0.14518300254784433,31.256946925475525
lowest_search_score,closing,0.11747973010871271,7.5322782599405755,9.0937838466453,0.10265959233723129,0.14539642663865723,31.285062027346864
lowest_search_score,closing,0.11804453650346614,7.590251196738239,9.175963791122662,0.10262397962077235,0.14560493926351872,31.30873458522327
lowest_search_score,closing,0.11860934289821956,7.648202824511163,9.258260146444975,0.10258414256251652,0.14580866186598673,31.32796508036355
lowest_search_score,closing,0.11917414929297299,7.706130768037287,9.34067024132402,0.10254011929373925,0.14600771525321665,31.342758588033355
lowest_search_score,closing,0.11973895568772641,7.764032673962064,9.423191472516871,0.102491949116047,0.14620221956371515,31.35312475716782
lowest_search_score,closing,0.12030376208247984,7.821906211457999,9.505821304439431,0.1024396724959198,0.1463922942361833,31.359077783182205
lowest_search_score,closing,0.12086856847723326,7.879749072880887,9.588557268762589,0.10238333105871701,0.14657805797931284,31.36063637411157
lowest_search_score,closing,0.12143337487198669,7.9375589744225525,9.67139696399157,0.10232296758227169,0.14675962874240772,31.357823710272005
lowest_search_score,closing,0.12199818126674011,7.995333656759918,9.754338055028906,0.10225862599019145,0.1469371236867104,31.35066739764611
lowest_search_score,closing,0.12256298766149355,8.053070885700185,9.837378272721377,0.10219035134497736,0.14711065915731936,31.339199415204913
lowest_search_score,closing,0.12312779405624698,8.110768452822132,9.920515413391215,0.10211818984106472,0.14728035065559025,31.32345605638719
lowest_search_score,closing,0.1236926004510004,8.168424176113483,10.003747338351895,0.10204218879788506,0.1474463128119214,31.303477864965267
lowest_search_score,closing,0.12425740684575383,8.226035900604368,10.087071973408554,0.10196239665304054,0.1476086593588266,31.279309565533314
lowest_search_score,closing,0.12482221324050725,8.283601498996996,10.170487308343324,0.1018788629556783,0.14776750310420778,31.250999988860883
lowest_search_score,closing,0.12538701963526067,8.34111887229165,10.253991396385578,0.10179163836014621,0.14792295590474272,31.218601992359954
lowest_search_score,closing,0.1259518260300141,8.398585950409222,10.337582353667196,0.10170077462000687,0.1480751286393089,31.182172375918622
lowest_search_score,closing,0.12651663242476754,8.456000692810441,10.42125835866275,0.10160632458248099,0.1482241311823687,31.141771793358814
lowest_search_score,closing,0.12708143881952097,8.513361089112117,10.505017651614647,0.10150834218338911,0.14837007237724592,31.097464659778726
lowest_search_score,closing,0.1276462452142744,8.570665159700727,10.588858533943219,0.10140688244265486,0.1485130600092285,31.049319055043426
lowest_search_score,closing,0.12821105160902782,8.627910956343573,10.672779367641418,0.10130200146042923,0.14865320077843328,30.997406623688807
lowest_search_score,closing,0.12877585800378125,8.685096562797975,10.756778574654218,0.10119375641389282,0.14879060027237517,30.94180247150535
lowest_search_score,closing,0.12934066439853467,8.742220095418855,10.840854636242366,0.10108220555478928,0.14892536293818556,30.882585059068763
lowest_search_score,closing,0.1299054707932881,8.799279703765118,10.925006092330326,0.10096740820773949,0.149057592054426,30.819836092483914
lowest_search_score,closing,0.13047027718804152,8.856273571205369,11.009231540838236,0.10084942476938474,0.1491873897024492,30.753640411608007
lowest_search_score,closing,0.13103508358279495,8.913199915523343,11.09352963699749,0.1007283167084023,0.14931485673725872,30.684085876016898
lowest_search_score,closing,0.13159988997754837,8.970056989523627,11.17789909264973,0.10060414656643704,0.14944009275782402,30.611263248976396
lowest_search_score,closing,0.1321646963723018,9.026843081638145,11.262338675528918,0.10047697795998815,0.14956319607680785,30.53526607967739
lowest_search_score,closing,0.13272950276705522,9.083556516534038,11.346847208526128,0.10034687558328928,0.1496842636896661,30.456190583989816
lowest_search_score,closing,0.13329430916180865,9.140195655723412,11.43142356893669,0.10021390521221744,0.14980339124308112,30.37413552398648
lowest_search_score,closing,0.13385911555656207,9.196758898175597,11.516066687689305,0.10007813370926609,0.14992067300269368,30.289202086482774
lowest_search_score,closing,0.1344239219513155,9.25324468093258,11.600775548556769,0.09993962902961295,0.15003620182009725,30.201493760832655
lowest_search_score,closing,0.13498872834606893,9.309651479728084,11.685549187347775,0.09979846022831461,0.15015006909906253,30.111116216215507
lowest_search_score,closing,0.13555353474082235,9.365977809611138,11.770386691079475,0.09965469746865652,0.1502623647609611,30.018177178641544
lowest_search_score,closing,0.13611834113557578,9.422222225574608,11.855287197130226,0.09950841203168627,0.1503731772093574,29.922786307896338
lowest_search_score,closing,0.1366831475303292,9.478383323189524,11.940249892372155,0.09935967632695547,0.15048259329374122,29.82505507463718
lowest_search_score,closing,0.13724795392508263,9.534459739245765,12.025274012282916,0.09920856390449631,0.1505906982723739,29.725096637845848
lowest_search_score,closing,0.13781276031983605,9.590450152399914,12.110358840036284,0.09905514946805521,0.1506975757742223,29.6230257228332
lowest_search_score,closing,0.13837756671458948,9.646353283830889,12.195503705570935,0.09889950888960526,0.15080330775995654,29.51895849998217
lowest_search_score,closing,0.1389423731093429,9.702167897904182,12.28070798463693,0.09874171922515865,0.15090797448198917,29.413012464405377
lowest_search_score,closing,0.13950717950409633,9.757892802845413,12.36597109781939,0.09858185873189734,0.15101165444353412,29.305306316683733
lowest_search_score,closing,0.14007198589884975,9.813526851423868,12.451292509538723,0.09842000688663982,0.15111442435666644,29.195959844841564
lowest_search_score,closing,0.14063679229360318,9.869068941646912,12.536671727026896,0.09825624440565968,0.15121635909936448,29.08509380770254
lowest_search_score,closing,0.14120159868835663,9.924518017465962,12.622108299279159,0.09809065326586947,0.151317531671518,28.972829819759177
lowest_search_score,closing,0.14176640508311006,9.979873069494804,12.707601815980613,0.09792331672738357,0.1514180131498889,28.859290237676962
lowest_search_score,closing,0.14233121147786348,10.035133135741047,12.79315190640704,0.09775431935746853,0.15151787264201014,28.744598048541473
lowest_search_score,closing,0.1428960178726169,10.090297302351514,12.878758238299415,0.09758374705589075,0.15161717723901436,28.62887675994446
lowest_search_score,closing,0.14346082426737033,10.145364704372337,12.964420516711447,0.0974116870816672,0.15171599196738295,28.51225029199194
lowest_search_score,closing,0.14402563066212376,10.200334526524532,13.050138482829555,0.09723822808122218,0.15181437973960973,28.39484287130385
lowest_search_score,closing,0.14459043705687719,10.255206003995925,13.135911912764712,0.09706346011795218,0.15191240130377665,28.27677892706139
lowest_search_score,closing,0.1451552434516306,10.30997842325014,13.22174061631546,0.09688747470319639,0.15201011519204,28.158182989144475
lowest_search_score,closing,0.14572004984638404,10.364651122853475,13.307624435701536,0.09671036482860883,0.15210757766803149,28.039179588387544
lowest_search_score,closing,0.14628485624113746,10.41922349432047,13.393563244267494,0.09653222499992342,0.15220484267317808,27.91989315896788
lowest_search_score,closing,0.1468496626358909,10.473694982978923,13.479556945155686,0.09635315127210123,0.1523019617719515,27.800447942926226
lowest_search_score,closing,0.1474144690306443,10.528065088855163,13.565605469948043,0.09617324128584401,0.15239898409606,27.680967896804905
lowest_search_score,closing,0.14797927542539774,10.582333367580304,13.651708777276031,0.09599259430545495,0.15249595628759985,27.56157660037424
lowest_search_score,closing,0.14854408182015116,10.636499431318281,13.737866851398195,0.09581131125802303,0.15259292244118805,27.442397167403385
lowest_search_score,closing,0.1491088882149046,10.690562949716355,13.824079700744747,0.09562949477390192,0.15268992404510315,27.323552158416856
lowest_search_score,closing,0.14967369460965801,10.744523650878875,13.910347356428666,0.0954472492284507,0.15278699992146533,27.205163495363806
lowest_search_score,closing,0.15023850100441144,10.798381322364948,13.996669870722707,0.09526468078499678,0.15288418616549276,27.08735237811236
lowest_search_score,closing,0.15080330739916487,10.85213581221067,14.083047315501846,0.09508189743897673,0.15298151608387717,26.970239202666885
lowest_search_score,closing,0.1513681137939183,10.905787029976695,14.169479780650745,0.09489900906320399,0.1530790201323266,26.853943480992015
lowest_search_score,closing,0.15193292018867172,10.959334947821596,14.255967372435649,0.09471612745420638,0.15317672585233216,26.73858376231331
lowest_search_score,closing,0.15249772658342514,11.012779601601716,14.342510211840388,0.09453336637956893,0.15327465780721936,26.624277555750698
lowest_search_score,closing,0.15306253297817857,11.066121091998035,14.42910843286609,0.09435084162621082,0.15337283751755482,26.511141254127637
lowest_search_score,closing,0.153627339372932,11.11935958567054,14.515762180794237,0.09416867104951698,0.15347128339598484,26.39929005878613
lowest_search_score,closing,0.15419214576768542,11.172495316440552,14.602471610412751,0.09398697462323746,0.15357001068159143,26.288837905225538
lowest_search_score,closing,0.15475695216243884,11.225528586501458,14.689236884204933,0.09380587449005864,0.15366903137385943,26.17989738937135
lowest_search_score,closing,0.15532175855719227,11.27845976765815,14.776058170501,0.0936254950127419,0.15376835416635698,26.072579694269145
lowest_search_score,closing,0.15588656495194572,11.331289302595499,14.862935641592102,0.09344596282571607,0.15386798438024185,25.966994516989068
lowest_search_score,closing,0.15645137134669915,11.384017706176046,14.949869471806773,0.09326740688700086,0.15396792389771438,25.8632499955165
lowest_search_score,closing,0.15701617774145257,11.436645566767098,15.036859835549807,0.09308995853032684,0.15406817109554763,25.76145263539681
lowest_search_score,closing,0.157580984136206,11.489173547597282,15.123906905303636,0.09291375151731068,0.1541687207788379,25.66170723589469
lowest_search_score,closing,0.15814579053095942,11.54160238814254,15.211010849592425,0.0927389220895301,0.15426956411512543,25.56411681542283
lowest_search_score,closing,0.15871059692571285,11.593932905541491,15.298171830909054,0.09256560902033556,0.1543706885690494,25.46878253599043
lowest_search_score,closing,0.15927540332046627,11.646165996039901,15.385390003605401,0.09239395366622212,0.1544720778377094,25.375803626418694
lowest_search_score,closing,0.1598402097152197,11.69830263646404,15.47266551174638,0.0922241000175764,0.154573711786919,25.28527730406959
lowest_search_score,closing,0.16040501610997313,11.750343885722463,15.55999848692824,0.09205619474860008,0.154675566388546,25.197298694834423
lowest_search_score,closing,0.16096982250472655,11.802290886335703,15.647389046061853,0.09189038726620241,0.15477761365914647,25.111960751131317
lowest_search_score,closing,0.16153462889947998,11.854144865993234,15.734837289121742,0.09172682975764151,0.15487982160011066,25.029354167665193
lowest_search_score,closing,0.1620994352942334,11.905907139136959,15.822343296861797,0.09156567723668424,0.15498215413954874,24.94956729471076
lowest_search_score,closing,0.16266424168898683,11.957579108570254,15.909907128498705,0.09140708758804317,0.15508457107615614,24.872686048688045
lowest_search_score,closing,0.16322904808374025,12.009162267091607,15.997528819364302,0.09125122160983987,0.15518702802530826,24.798793819812023
lowest_search_score,closing,0.16379385447849368,12.060658199151586,16.085208378528144,0.09109824305383224,0.15528947636764395,24.727971376612146
lowest_search_score,closing,0.1643586608732471,12.11206858253186,16.17294578639185,0.09094831866313582,0.15539186320040663,24.660296767135044
lowest_search_score,closing,0.16492346726800053,12.163395190044728,16.26074099225676,0.09080161820715993,0.1554941312918205,24.595845216664046
lowest_search_score,closing,0.16548827366275395,12.214639891251569,16.348593911866796,0.09065831451347095,0.15559621903878706,24.534689021812568
lowest_search_score,closing,0.16605308005750738,12.265804654198263,16.436504424928344,0.09051858349629012,0.15569806042819417,24.47689744087528
lowest_search_score,closing,0.1666178864522608,12.316891547165824,16.524472372609512,0.09038260418132588,0.1557995850021344,24.422536580350908
lowest_search_score,closing,0.16718269284701423,12.367902740433804,16.612497555020802,0.09025055872663747,0.1559007178273346,24.371669277584303
lowest_search_score,closing,0.16774749924176766,12.418840508054405,16.700579728679813,0.09012263243922435,0.1560013794691016,24.324354979512368
lowest_search_score,closing,0.16831230563652108,12.469707229634599,16.78871860396261,0.08999901378703376,0.15610148597008805,24.28064961753915
lowest_search_score,closing,0.1688771120312745,12.520505392123733,16.876913842544464,0.08987989440608105,0.15620094883418373,24.240605478609684
lowest_search_score,closing,0.16944191842602793,12.57123759160364,16.965165054833076,0.08976546910237984,0.15629967501583256,24.204271072599816
lowest_search_score,closing,0.17000672482078136,12.621906535078367,17.053471797397346,0.08965593584838448,0.1563975669150714,24.171690996190865
lowest_search_score,closing,0.1705715312155348,12.672515042260212,17.14183357039501,0.08955149577365623,0.15649452237857792,24.142905793452325
lowest_search_score,closing,0.17113633761028824,12.723066047348826,17.230249815002622,0.08945235314947368,0.1565904347070043,24.117951813414127
lowest_search_score,closing,0.17170114400504166,12.773562600799888,17.31871991085159,0.0893587153671242,0.1566851926688601,24.096861064970717
lowest_search_score,closing,0.1722659503997951,12.824007871079585,17.407243173473862,0.0892707929096275,0.1567786805211898,24.079661069523333
lowest_search_score,closing,0.1728307567945485,12.874405146401296,17.495818851761324,0.08918879931666454,0.15687077803727023,24.06637471183305
lowest_search_score,closing,0.17339556318930194,12.92475783644045,17.584446125442856,0.08911295114250925,0.1569613605415308,24.05702008962565
lowest_search_score,closing,0.17396036958405536,12.975069474023625,17.673124102583195,0.0890434679067863,0.1570502989518686,24.051610362559746
lowest_search_score,closing,0.1745251759788088,13.025343716787779,17.7618518171078,0.08898057203791235,0.1571374598295019,24.050153601240655
lowest_search_score,closing,0.17508998237356221,13.075584348805437,17.85062822635809,0.0889244888091128,0.15722270543646724,24.05265263703498
lowest_search_score,closing,0.17565478876831564,13.125795282171612,17.93945220868123,0.08887544626694564,0.15730589380082677,24.0591049135123
lowest_search_score,closing,0.17621959516306906,13.17598055854826,18.02832256105905,0.08883367515230978,0.15738687878960697,24.069502340412267
lowest_search_score,closing,0.1767844015578225,13.226144350661988,18.11723799678023,0.08879940881396331,0.1574655101894427,24.08383115110464
lowest_search_score,closing,0.17734920795257592,13.27629096375082,18.206197143160278,0.08877288311463039,0.15754163379484465,24.10207176457765
lowest_search_score,closing,0.17791401434732934,13.326424836955859,18.295198539313414,0.08875433632983308,0.15761509150395314,24.12419865305413
lowest_search_score,closing,0.17847882074208277,13.376550544653819,18.384240633980653,0.08874400903964785,0.1576857214215777,24.15018021639497
lowest_search_score,closing,0.1790436271368362,13.426672797726479,18.473321783418065,0.08874214401365077,0.15775335796925488,24.179978664504315
lowest_search_score,closing,0.17960843353158962,13.476796444763291,18.5624402493491,0.08874898608938833,0.15781783200198807,24.213549908999774
lowest_search_score,closing,0.18017323992634304,13.526926473193633,18.651594196984636,0.08876478204478411,0.15787897093125566,24.250843465452114
lowest_search_score,closing,0.18073804632109647,13.57706801034538,18.740781693114176,0.08878978046497046,0.15793659885379815,24.29180236753234
lowest_search_score,closing,0.1813028527158499,13.62722632442683,18.830000704271253,0.08882423160411662,0.1579905366856108,24.336363094427696
lowest_search_score,closing,0.18186765911060332,13.677406825429328,18.919249094975864,0.08886838724290874,0.15804060230048403,24.384455512901454
lowest_search_score,closing,0.18243246550535674,13.727615065948356,19.008524626056268,0.08892250054242676,0.1580866106723466,24.436002835373426
lowest_search_score,closing,0.18299727190011017,13.777856741921202,19.097824953051997,0.08898682589525184,0.15812837402057556,24.490921595387665
lowest_search_score,closing,0.1835620782948636,13.828137693280084,19.187147624699676,0.08906161877473007,0.1581657019573449,24.549121641810192
lowest_search_score,closing,0.18412688468961702,13.878463904519707,19.276490081502253,0.08914713558341233,0.15819840163599364,24.610506153061706
lowest_search_score,closing,0.18469169108437045,13.928841505179392,19.365849654382203,0.08924363350178251,0.1582262778992976,24.67497167263835
lowest_search_score,closing,0.18525649747912387,13.979276770240011,19.455223563418066,0.08935137033848074,0.1582491334264377,24.742408167105452
lowest_search_score,closing,0.18582130387387732,14.029776120437148,19.544608916663403,0.08947060438332105,0.15826676887736418,24.812699107666436
lowest_search_score,closing,0.18638611026863075,14.080346122492253,19.634002709046097,0.08960159426449352,0.1582789830331633,24.885721576309834
lowest_search_score,closing,0.18695091666338418,14.130993489264773,19.723401821345643,0.08974459881143293,0.15828557293094703,24.961346397423032
lowest_search_score,closing,0.1875157230581376,14.181725079828746,19.812803019244555,0.0898998769249176,0.15828633399169575,25.039438295630305
lowest_search_score,closing,0.18808052945289103,14.232547899478474,19.90220295244969,0.09006768745604977,0.15828106013940468,25.1198560804679
lowest_search_score,closing,0.18864533584764445,14.283469099668695,19.991598153877952,0.09024828909584373,0.15826954390980505,25.202452858348302
lowest_search_score,closing,0.18921014224239788,14.33449597789592,20.08098503890008,0.09044194027722252,0.1582515765468573,25.287076272092026
lowest_search_score,closing,0.1897749486371513,14.385635977528255,20.170359904635006,0.09064889909129151,0.15822694808514823,25.373568768119043
lowest_search_score,closing,0.19033975503190473,14.436896687592505,20.259718929286368,0.09086942321981736,0.15819544741626035,25.461767891193777
lowest_search_score,closing,0.19090456142665815,14.488285842528086,20.349058171511448,0.09110376988589561,0.15815686233713006,25.551506606410094
lowest_search_score,closing,0.19146936782141158,14.53981132191881,20.43837356981193,0.09135219582483597,0.15811097957836306,25.64261364788703
lowest_search_score,closing,0.192034174216165,14.591481150214278,20.527660941934432,0.09161495727733439,0.15805758481043802,25.7349138934237
lowest_search_score,closing,0.19259898061091843,14.643303496454367,20.6169159842679,0.09189231000702905,0.15799646262569841,25.828228764136014
lowest_search_score,closing,0.19316378700567186,14.695286674010847,20.70613427122339,0.09218450934456185,0.15792739649401055,25.92237664786902
lowest_search_score,closing,0.19372859340042528,14.747439140362012,20.795311254580934,0.09249181026027861,0.15785016868995325,26.01717334495125
lowest_search_score,closing,0.1942933997951787,14.799769496916863,20.884442262786695,0.09281446746770627,0.15776456018939822,26.112432534631314
lowest_search_score,closing,0.19485820618993213,14.852286488907028,20.973522500182643,0.0931527355599425,0.1576703505333469,26.20796626031664
lowest_search_score,closing,0.19542301258468556,14.904999005365386,21.06254704614945,0.093506869181079,0.15756731765689783,26.303585431520094
lowest_search_score,closing,0.19598781897943898,14.957916079212028,21.15151085414257,0.09387712323476247,0.1574552376812424,26.39910034021635
lowest_search_score,closing,0.1965526253741924,15.011046887468902,21.240408750599826,0.09426375313196662,0.15733388466661197,26.494321189115976
lowest_search_score,closing,0.19711743176894583,15.064400751625993,21.329235433697985,0.09466701508001618,0.15720303032413557,26.589058629185985
lowest_search_score,closing,0.19768223816369926,15.117987138182864,21.417985471934482,0.09508716641486092,0.15706244368460792,26.683124303579962
lowest_search_score,closing,0.19824704455845268,15.171815659390543,21.50665330250949,0.09552446597855156,0.15691189072221437,26.776331394992695
lowest_search_score,closing,0.1988118509532061,15.225896074219802,21.595233229482226,0.09597917454381731,0.1567511339313136,26.868495173322533
lowest_search_score,closing,0.19937665734795953,15.28023828958302,21.683719421674603,0.0964515552875862,0.15657993185443275,26.95943354041239
lowest_search_score,closing,0.19994146374271296,15.33485236183768,21.772105910294016,0.09694187431523153,0.15639803855969311,27.048967568545823
lowest_search_score,closing,0.2005062701374664,15.389748498600746,21.860386586246353,0.09745040123726087,0.1562052030659459,27.136922029300045
lowest_search_score,closing,0.20107107653221984,15.444937060903948,21.94855519710913,0.0979774098001003,0.156001168713968,27.223125909301572
lowest_search_score,closing,0.20163588292697326,15.500428565720926,22.036605343733854,0.09852317857255419,0.15578567248213068,27.30741290939211
lowest_search_score,closing,0.2022006893217267,15.556233688898287,22.124530476445887,0.09908799168945365,0.1555584442450329,27.38962192369237
lowest_search_score,closing,0.20276549571648012,15.612363268523065,22.21232389080906,0.09967213965392915,0.1553192059736573,27.469597495046855
lowest_search_score,closing,0.20333030211123354,15.668828308760231,22.29997872292174,0.10027592019966954,0.155067670875689,27.547190243343366
lowest_search_score,closing,0.20389510850598697,15.725639984194473,22.38748794421015,0.10089963921444836,0.15480354247471298,27.62225726322444
lowest_search_score,closing,0.2044599149007404,15.78280964471113,22.474844355684027,0.10154361172611422,0.15452651362709266,27.694662487742004
lowest_search_score,closing,0.20502472129549382,15.840348820951945,22.562040581619165,0.1022081629521507,0.15423626547542355,27.764277014550014
lowest_search_score,closing,0.20558952769024724,15.898269230381858,22.649069062630762,0.10289362941381107,0.15393246633755434,27.830979391279705
lowest_search_score,closing,0.20615433408500067,15.956582784003414,22.735922048100765,0.10360036011572016,0.15361477053028283,27.894655856796163
lowest_search_score,closing,0.2067191404797541,16.015301593756163,22.822591587922282,0.10432871779170642,0.15328281712696207,27.95520053509219
lowest_search_score,closing,0.20728394687450752,16.074437980638567,22.909069523523456,0.10507908021747615,0.1529362286484033,28.01251557863241
lowest_search_score,closing,0.20784875326926094,16.134004483590246,22.995347478132977,0.10585184159056257,0.15257460968664235,28.066511258017126
lowest_search_score,closing,0.20841355966401437,16.194013869172736,23.081416846249308,0.10664741397776618,0.15219754546135109,28.11710599488959
lowest_search_score,closing,0.2089783660587678,16.254479142086804,23.167268782275514,0.107466228830042,0.1518046003089383,28.164226335062033
lowest_search_score,closing,0.20954317245352122,16.31541355656434,23.252894188281836,0.10830873856447025,0.15139531610470097,28.207806858884666
lowest_search_score,closing,0.21010797884827465,16.376830628672554,23.338283700858284,0.10917541821255664,0.15096921061877952,28.24779002592979
lowest_search_score,closing,0.21067278524302807,16.438744149567604,23.423427677020307,0.11006676713363187,0.15052577580714585,28.284125951111534
lowest_search_score,closing,0.2112375916377815,16.501168199733893,23.508316179131246,0.11098331079153424,0.1500644760394387,28.316772109414398
lowest_search_score,closing,0.21180239803253492,16.564117164244195,23.592938958806553,0.11192560259204697,0.14958474626617546,28.345692966465784
lowest_search_score,closing,0.21236720442728835,16.627605749073936,23.67728543976658,0.11289422577768628,0.14908599012874008,28.370859532266138
lowest_search_score,closing,0.21293201082204177,16.6916489985008,23.761344699606667,0.11388979537537902,0.14856757801660986,28.39224883549302
lowest_search_score,closing,0.2134968172167952,16.756262313618112,23.84510545045641,0.11491296019127731,0.14802884507757194,28.409843315935824
lowest_search_score,closing,0.21406162361154862,16.821461471986417,23.928556018503446,0.11596440484539695,0.14746908918824014,28.423630132808363
lowest_search_score,closing,0.21462643000630205,16.88726264844344,24.011684322361898,0.11704485183688193,0.14688756889407048,28.4336003869461
lowest_search_score,closing,0.2151912364010555,16.95368243708651,24.09447785027137,0.1181550636284242,0.14628350133034418,28.43974825524502
lowest_search_score,closing,0.21575604279580893,17.020737874434456,24.17692363611956,0.11929584473563777,0.14565606013831883,28.442070036165354
lowest_search_score,closing,0.21632084919056235,17.08844646376687,24.259008234290587,0.12046804380390705,0.14500437339402436,28.440563105738313
lowest_search_score,closing,0.21688565558531578,17.156826200628043,24.340717693351976,0.12167255565131112,0.14432752157110434,28.435224784314265
lowest_search_score,closing,0.2174504619800692,17.225895599469023,24.42203752860671,0.12291032325153708,0.14362453556378643,28.42605111532101
lowest_search_score,closing,0.21801526837482263,17.295673721385537,24.502952693552874,0.12418233962510662,0.14289439480165622,28.413035558613785
lowest_search_score,closing,0.21858007476957605,17.3661802028892,24.58344755031333,0.1254896496005868,0.14213602549456386,28.396167602655495
lowest_search_score,closing,0.21914488116432948,17.437435285626172,24.663505839121513,0.12683335139954244,0.14134829905390467,28.375431301838667
lowest_search_score,closing,0.2197096875590829,17.509459846928372,24.743110646978206,0.12821459798959217,0.1405300307459092,28.350803747832614
lowest_search_score,closing,0.22027449395383633,17.582275431047933,24.82224437562862,0.12963459813879238,0.13967997864371953,28.32225348700817
lowest_search_score,closing,0.22083930034858976,17.655904280884428,24.900888709050502,0.13109461709138126,0.1387968429582172,28.289738899867455
lowest_search_score,closing,0.22140410674334318,17.730369369964745,24.979024580693263,0.1325959767693132,0.13787926584317148,28.253206563116187
lowest_search_score,closing,0.2219689131380966,17.805694332674374,25.056632242469455,0.13413931500537077,0.13692657216892037,28.196684523141037
lowest_search_score,closing,0.22253371953285003,17.88190264633205,25.133692081906908,0.1357241078924136,0.1359392471800238,28.130838645860408
lowest_search_score,closing,0.22309852592760346,17.959018076122796,25.21018417644626,0.1373516883621873,0.13491591792346386,28.0615195298844
lowest_search_score,closing,0.22366333232235688,18.037065202476033,25.286087765297413,0.13902352750527244,0.1338550719358129,27.988589283180644
lowest_search_score,closing,0.2242281387171103,18.11606944663336,25.3613812231105,0.1407411309390952,0.13275516088244457,27.91190797177373
lowest_search_score,closing,0.22479294511186373,18.196057088951683,25.43604204091543,0.14250603435255726,0.1316146050202316,27.831334334311137
lowest_search_score,closing,0.22535775150661716,18.27705528430261,25.510046809969495,0.1443197976330632,0.13043179907794858,27.746726689082905
lowest_search_score,closing,0.22592255790137059,18.359092073684486,25.583371209396457,0.1461839972731547,0.12920511985717228,27.657944073467363
lowest_search_score,closing,0.226487364296124,18.44219639097602,25.655989998688362,0.1481002166941801,0.12793293591624633,27.56484766355672
lowest_search_score,closing,0.22705217069087744,18.526398063536252,25.72787701636539,0.15007003405336602,0.12661361977094657,27.467302530925274
lowest_search_score,closing,0.22761697708563086,18.611727805087494,25.79900518635708,0.15209500701636977,0.12524556312976418,27.365179804360228
lowest_search_score,closing,0.2281817834803843,18.698217198997998,25.869346533988253,0.15417665387774449,0.12382719578137484,27.258359317116224
lowest_search_score,closing,0.2287465898751377,18.785898669700103,25.938872213834063,0.15631643029437758,0.12235700886923313,27.146732835118577
lowest_search_score,closing,0.22931139626989114,18.874805439526604,26.007552552161346,0.1585157007594072,0.1208335834257849,27.03020797874526
lowest_search_score,closing,0.2298762026646446,18.964971467711177,26.075357107210493,0.16077570378391828,0.1192556251989966,26.908712970537586
lowest_search_score,closing,0.23044100905939802,19.05643136766439,26.14225475120638,0.16309750956864044,0.11762200698897624,26.782202363492964
lowest_search_score,closing,0.23100581545415144,19.1492202978907,26.208213778733203,0.16548196873630247,0.11593181992403374,26.650663929374936
lowest_search_score,closing,0.23157062184890487,19.24337382103803,26.273202046981385,0.16792965045678873,0.11418443534403087,26.514126913334042
lowest_search_score,closing,0.2321354282436583,19.338927724556516,26.337187154390097,0.1704407680334181,0.11237957922270017,26.37267188920596
lowest_search_score,closing,0.23270023463841172,19.43591779527235,26.400136665379684,0.17301508973445553,0.11051742134482409,26.226442477571517
lowest_search_score,closing,0.23326504103316514,19.534379538847993,26.462018390202577,0.17565183235952742,0.10859868174859845,26.075659213409498
lowest_search_score,closing,0.23382984742791857,19.634347833600472,26.522800730441162,0.17834953474397397,0.10662475723014951,25.920635867813296
lowest_search_score,closing,0.234394653822672,19.735856506496475,26.58245310233381,0.18110590815491107,0.10459787095642871,25.76179853248688
lowest_search_score,closing,0.23495946021742542,19.838937817370486,26.64094645188303,0.18391766036710377,0.1025212483983839,25.599707757319024
lowest_search_score,closing,0.23552426661217885,19.943621835585116,26.698253877526515,0.1867802901941431,0.10039932280891291,25.43508397698065
lowest_search_score,closing,0.23608907300693227,20.049935691584952,26.75435137791981,0.1896878494921053,0.09823797322842051,25.268836353702696
lowest_search_score,closing,0.2366538794016857,20.157902684268343,26.809218743906424,0.1926326702921231,0.09604479736154807,25.102094975170072
lowest_search_score,closing,0.23721868579643912,20.267541224092366,26.862840614759808,0.1956050559518736,0.09382942043506924,24.936246046210904
lowest_search_score,closing,0.23778349219119255,20.378863591742345,26.91520771886635,0.1985929373051702,0.09160383905776581,24.77296926007221
lowest_search_score,closing,0.23834829858594597,20.49187449361053,26.966318317604365,0.20158149806662748,0.08938279582531086,24.614275882186032
lowest_search_score,closing,0.2389131049806994,20.606569399023073,27.016179867480364,0.20455277861652565,0.08718417554503466,24.462545176650153
lowest_search_score,closing,0.23947791137545282,20.722932651151556,27.064810908586146,0.20748527419646448,0.08502940704997994,24.32055561066962
lowest_search_score,closing,0.24004271777020625,20.840935355121985,27.112243175863963,0.21035355292090968,0.08294384519714448,24.191505767817
lowest_search_score,closing,0.24060752416495967,20.960533064478412,27.158523912022574,0.2131279311504144,0.08095709550412701,24.07901812536581
lowest_search_score,closing,0.2411723305597131,21.081663312443073,27.203718335662423,0.215774258636793,0.07910322901389749,23.987116941979473
lowest_search_score,closing,0.24173713695446652,21.204243068722093,27.24791218386086,0.21825388274336874,0.07742081808457094,23.920169755118618
lowest_search_score,closing,0.24230194334921995,21.328166246642088,27.291214204432155,0.22052387819050562,0.07595270665397151,23.882780918102767
lowest_search_score,closing,0.24286674974397338,21.453301438453284,27.333758420026758,0.2225376428355101,0.07474541446990332,23.879625993284026
lowest_search_score,closing,0.2434315561387268,21.57949011555073,27.375705927318084,0.22424596564510535,0.07384806912792032,23.915218679731105
lowest_search_score,closing,0.24399636253348023,21.70654558840951,27.417245936481333,0.22559866291116765,0.07331076986590936,23.993608396884834
lowest_search_score,closing,0.24456116892823365,21.834253066893538,27.458595710304394,0.2265468442823076,0.07318232154289894,24.11801750084348
lowest_search_score,closing,0.2451259753229871,21.96237117920103,27.499999044668034,0.2270458035238587,0.07350734388953348,24.290442334990097
lowest_search_score,closing,0.24569078171774053,22.09063527761554,27.541722962226387,0.22705842675163906,0.07432286328484289,24.5112602525522
lowest_search_score,closing,0.24625558811249396,22.218762762538315,27.584052387812243,0.226558879284884,0.07565462591391398,24.778901536965275
lowest_search_score,closing,0.24682039450724738,22.346460481283362,27.62728274908551,0.22553619124104418,0.07751351218376233,25.089654835384085
lowest_search_score,closing,0.2473852009020008,22.47343400877037,27.671710695289843,0.22399724668240803,0.07989254758744954,25.437670622462562
lowest_search_score,closing,0.24795000729675423,22.59939832049714,27.71762342373591,0.22196863618959828,0.08276505014139283,25.815204642744277
lowest_search_score,closing,0.24851481369150766,22.724089075771513,27.765287396031308,0.2194968984197209,0.08608438883808964,26.21310289595977
lowest_search_score,closing,0.24907962008626108,22.847273509838168,27.81493744542175,0.21664686898717495,0.08978563477624563,26.621479610907503
lowest_search_score,closing,0.2496444264810145,22.968759854512367,27.86676735563139,0.21349815147349907,0.09378909016193185,27.03049412232975
lowest_search_score,closing,0.2502092328757679,23.08840431005776,27.920922888465466,0.2101400601522693,0.0980053455947539,27.431107118444192
lowest_search_score,closing,0.25077403927052133,23.206114873143523,27.97749795533995,0.20666566770766595,0.10234123236041623,27.8157010765684
lowest_search_score,closing,0.25133884566527476,23.321851733909188,28.03653421970944,0.20316574320557862,0.10670588447080892,28.17848281854072
lowest_search_score,closing,0.2519036520600282,23.435624401357526,28.098023971173788,0.1997233460659954,0.1110161447028737,28.515636465499536
lowest_search_score,closing,0.25246845845478166,23.547486105453814,28.161915722884444,0.19640966637890944,0.11520072429401224,28.82524606594702
lowest_search_score,closing,0.2530332648495351,23.657526284027064,28.228121724155265,0.1932814315904396,0.11920279626734105,29.107044495818343
lowest_search_score,closing,0.2535980712442885,23.765862061443414,28.296526481307783,0.19037991335463847,0.1229809885913177,29.362061928269814
lowest_search_score,closing,0.25416287763904194,23.872629575238925,28.366995430563307,0.1877313337257588,0.12650897799896793,29.592244401863102
lowest_search_score,closing,0.25472768403379537,23.977975847861106,28.43938306583297,0.1853483245882097,0.12977403056947934,29.800097267724933
lowest_search_score,closing,0.2552924904285488,24.08205168669597,28.513540038228687,0.18323204349156366,0.13277488590480271,29.98838746100505
lowest_search_score,closing,0.2558572968233022,24.18500587565882,28.58931896401703,0.1813745744529502,0.1355193563389217,30.159918937208673
lowest_search_score,closing,0.25642210321805564,24.28698073081577,28.666578868548925,0.17976131484240052,0.1380219400642275,30.317380765667377
lowest_search_score,closing,0.25698690961280907,24.388108949176473,28.745188337024775,0.17837314078735172,0.14030165573878844,30.463258238531843
lowest_search_score,closing,0.2575517160075625,24.488511588101858,28.82502753465129,0.17718823220203397,0.1423802174687908,30.599793229587068
lowest_search_score,closing,0.2581165224023159,24.588296967241305,28.90598930427549,0.1761835119611546,0.14428059564673482,30.728979501445743
lowest_search_score,closing,0.25868132879706934,24.687560275237463,28.98797955925788,0.17533570698327114,0.14602595587999603,30.852580242041608
lowest_search_score,closing,0.25924613519182277,24.786383678148095,29.07091717463526,0.1746220724815944,0.14763893475200607,30.972157633274517
lowest_search_score,closing,0.2598109415865762,24.884836755329967,29.154733550828393,0.17402083770648524,0.14914119409179233,31.08910692525885
lowest_search_score,closing,0.2603757479813296,24.982977123349762,29.239371989329356,0.1735114365148632,0.1505531904166553,31.204689866289524
lowest_search_score,closing,0.26094055437608304,25.080859398786316,29.324778729504402,0.17312676928132867,0.1518419130331816,31.281314959694534
lowest_search_score,closing,0.26150536077083647,25.178578759597055,29.410859386839604,0.17292860579109648,0.1529454811564947,31.348942625563044
lowest_search_score,closing,0.2620701671655899,25.27622915794605,29.497520739731687,0.17287627563206653,0.15390445353041682,31.415845124272003
lowest_search_score,closing,0.2626349735603433,25.373883150258738,29.584690899059105,0.1729364766214252,0.15475202001314647,31.48220905021765
lowest_search_score,closing,0.26319977995509675,25.471596726960595,29.67231447807613,0.17308352043151248,0.15551375596371775,31.548177200721987
lowest_search_score,closing,0.26376458634985017,25.569413099042688,29.760348805487165,0.17329758875596069,0.1562093660882335,31.61385859946713
lowest_search_score,closing,0.2643293927446036,25.667365617369548,29.848761005785455,0.1735633888594498,0.15685402890252673,31.679336224414218
lowest_search_score,closing,0.264894199139357,25.765480023354513,29.937525748231636,0.1738691170421069,0.15745943328022305,31.744672965938946
lowest_search_score,closing,0.26545900553411045,25.863776184136903,30.026623511337345,0.17420565949829256,0.15803457760645914,31.809916220509376
lowest_search_score,closing,0.2660238119288639,25.962269430324138,30.11603924479103,0.17456597620044445,0.1585863859065877,31.875101432402186
lowest_search_score,closing,0.2665886183236173,26.060971587322275,30.205761337802375,0.17494462589060258,0.15912018286724275,31.940254824383747
lowest_search_score,closing,0.2671534247183707,26.159891770431834,30.295780823688627,0.1753373998623834,0.15964006006699755,32.00539550310426
lowest_search_score,closing,0.26771823111312415,26.25903699781347,30.386090766598226,0.17574103961763582,0.16014915833238197,32.07053708241212
lowest_search_score,closing,0.2682830375078776,26.358412663036717,30.47668578865843,0.17615301918835402,0.1606498854286832,32.13568893499753
lowest_search_score,closing,0.268847843902631,26.458022899371727,30.567561705387234,0.17657137731386735,0.16114408389550855,32.20085715748794
lowest_search_score,closing,0.2694126502973844,26.557870860618426,30.658715244575088,0.17699458805518953,0.16163316044522885,32.26604531462281
lowest_search_score,closing,0.26997745669213785,26.657958937588926,30.75014382952057,0.17742146104344644,0.16211818572738032,32.33125501310452
lowest_search_score,closing,0.2705422630868913,26.758288924981116,30.841845411882097,0.17785106457543123,0.16259997124597722,32.39648634413453
lowest_search_score,closing,0.2711070694816447,26.858862150005915,30.933818342783276,0.1782826663237195,0.16307912866230187,32.46173822470979
lowest_search_score,closing,0.27167187587639813,26.959679571528483,31.026061273411706,0.17871568762716644,0.16355611551734756,32.52700866086636
lowest_search_score,closing,0.27223668227115155,27.060741856477154,31.118573078357134,0.17914966825153977,0.16403127048416272,32.59229495074681
lowest_search_score,closing,0.272801488665905,27.162049438727415,31.21135279648223,0.17958423922236377,0.16450484054801795,32.65759384127394
lowest_search_score,closing,0.2733662950606584,27.263602564475143,31.304399585311103,0.18001910188123782,0.16497700196313297,32.72290164905652
lowest_search_score,closing,0.27393110145541183,27.36540132719458,31.397712685840734,0.18045401174029987,0.1654478764112923,32.78821435371941
lowest_search_score,closing,0.27449590785016525,27.467445694567054,31.491291395389005,0.1808887660359412,0.1659175434612428,32.85352766997421
lowest_search_score,closing,0.2750607142449187,27.5697355292202,31.585135046639465,0.18132319413455328,0.1663860501760907,32.91883710329964
lowest_search_score,closing,0.2756255206396721,27.672270604696244,31.679242991464754,0.181757150137123,0.1668534185218829,32.9841379929862
lowest_search_score,closing,0.27619032703442553,27.775050617742675,31.773614588434764,0.1821905071790872,0.16731965108095892,33.04942554543939
lowest_search_score,closing,0.27675513342917896,27.878075197768673,31.868249193166914,0.1826231530371923,0.1677847354583289,33.11469485997304
lowest_search_score,closing,0.2773199398239324,27.98134391411699,31.963146150868024,0.1830549867440257,0.16824864768040915,33.17994094881318
lowest_search_score,closing,0.2778847462186858,28.08485628165268,32.0583047905671,0.18348591597943809,0.16871135481689586,33.2451587526389
lowest_search_score,closing,0.27844955261343923,28.188611765054972,32.15372442065249,0.1839158550609339,0.16917281700369938,33.31034315268278
lowest_search_score,closing,0.27901435900819266,28.29260978211017,32.24940432541549,0.18434472339585234,0.16963298900411528,33.3754889801794
lowest_search_score,closing,0.2795791654029461,28.39684970623511,32.34534376237087,0.18477244428958062,0.17009182141399065,33.440591023769564
lowest_search_score,closing,0.2801439717976995,28.501330868408566,32.44154196017718,0.1851989440282632,0.17054926159242156,33.50564403532923
lowest_search_score,closing,0.28070877819245293,28.606052558646734,32.53799811702046,0.1856241511731403,0.17100525438084574,33.57064273458394
lowest_search_score,closing,0.28127358458720636,28.711014027128336,32.63471139935586,0.18604799601805308,0.17145974265899536,33.63558181278777
lowest_search_score,closing,0.28183839098195984,28.816214485050335,32.73168094092644,0.18647041017274657,0.1719126677750758,33.700455935681255
lowest_search_score,closing,0.28240319737671327,28.92165310527687,32.82890584199614,0.18689132624316276,0.17236396987897892,33.765259745893935
lowest_search_score,closing,0.2829680037714667,29.027329022829722,32.92638516874911,0.18731067758651374,0.1728135881807397,33.8299878649192
lowest_search_score,closing,0.2835328101662201,29.133241335257317,33.0241179528179,0.18772839812400938,0.17326146115136037,33.89463489475969
lowest_search_score,closing,0.28409761656097354,29.239389102911154,33.12210319091212,0.18814442219803884,0.17370752667920447,33.959195419319336
lowest_search_score,closing,0.28466242295572697,29.345771349151608,33.22033984452515,0.18855868446362653,0.17415172219213684,34.02366400560026
lowest_search_score,closing,0.2852272293504804,29.452387060500225,33.31882683970229,0.18897111980631462,0.17459398475325852,34.088035204749865
lowest_search_score,closing,0.2857920357452338,29.559235186751668,33.41756306685678,0.18938166328042308,0.1750342511362847,34.152303552992635
lowest_search_score,closing,0.28635684213998724,29.666314641055365,33.51654738062389,0.18979025006302097,0.17547245788523153,34.21646357247363
lowest_search_score,closing,0.28692164853474067,29.773624299974795,33.61577859974514,0.19019681542001315,0.17590854136200545,34.2805097720342
lowest_search_score,closing,0.2874864549294941,29.88116300353031,33.71525550697656,0.19060129468157083,0.17634243778466963,34.34443664793588
lowest_search_score,closing,0.2880512613242475,29.988929555230282,33.81497684901664,0.19100362322476547,0.17677408325852265,34.408238684544706
lowest_search_score,closing,0.28861606771900095,30.096922722093954,33.91494133644993,0.19140373646176004,0.17720341380163893,34.471910354985454
lowest_search_score,closing,0.28918087411375437,30.205141234669018,34.01514764370409,0.19180156983228605,0.17763036536614027,34.535446121773006
lowest_search_score,closing,0.2897456805085078,30.313583787045843,34.115594409017795,0.19219705879942575,0.17805487385617705,34.59884043742649
lowest_search_score,closing,0.2903104869032612,30.4222490368701,34.216280234418115,0.19259013884794546,0.178476875143376,34.66208774507056
lowest_search_score,closing,0.29087529329801465,30.531135605354965,34.317203685706005,0.1929807454845961,0.17889630508033466,34.72518247902706
lowest_search_score,closing,0.2914400996927681,30.640242077294026,34.41836329244905,0.193368814239932,0.17931309951261218,34.78811906539968
lowest_search_score,closing,0.2920049060875215,30.749567001075565,34.51975754798061,0.19375428067130265,0.17972719428956183,34.850891922653496
lowest_search_score,closing,0.2925697124822749,30.859108888698643,34.62138490940473,0.19413708036674882,0.18013852527427215,34.913495462191136
lowest_search_score,closing,0.29313451887702835,30.968866215791817,34.723243797606635,0.19451714894959793,0.18054702835282133,34.975924088926334
lowest_search_score,closing,0.2936993252717818,31.07883742163444,34.825332597268115,0.19489442208359978,0.18095263944300446,35.03817220185619
lowest_search_score,closing,0.2942641316665352,31.189020909181032,34.92764965688786,0.1952688354784794,0.1813552945026543,35.10023419463253
lowest_search_score,closing,0.2948289380612886,31.299415045088935,35.03019328880634,0.19564032489581337,0.18175492953765057,35.16210445613293
lowest_search_score,closing,0.29539374445604205,31.41001815974929,35.1329617692351,0.1960088261551556,0.18215148060968991,35.223777371032014
lowest_search_score,closing,0.2959585508507955,31.5208285473216,35.23595333829056,0.19637427514035755,0.1825448838438714,35.28524732037296
lowest_search_score,closing,0.2965233572455489,31.631844465771767,35.33916620003174,0.19673660780603797,0.1829350754361423,35.3465086821398
lowest_search_score,closing,0.2970881636403023,31.743064136914043,35.44259852250253,0.19709576018416997,0.183321991660635,35.40755583183041
lowest_search_score,closing,0.29765297003505575,31.85448574645653,35.54624843777781,0.19745166839075848,0.18370556887692266,35.46838314303051
lowest_search_score,closing,0.2982177764298092,31.966107444050547,35.65011404201377,0.19780426863258777,0.18408574353721063,35.52898498798866
lowest_search_score,closing,0.2987825828245626,32.077927343343845,35.75419339550225,0.19815349721402517,0.18446245219348215,35.58935573819233
lowest_search_score,closing,0.29934738921931603,32.18994352203764,35.85848452272904,0.19849929054386678,0.18483563150460508,35.64948976494514
lowest_search_score,closing,0.29991219561406945,32.30215402194752,35.96298541243639,0.1988415851422176,0.1852052182434135,35.70938143994524
lowest_search_score,closing,0.3004770020088229,32.41455684906831,36.06769401768922,0.1991803176473974,0.1855711493037665,35.7690251358649
lowest_search_score,closing,0.3010418084035763,32.527149973642764,36.172608255945555,0.19951542482286794,0.1859333617075929,35.82841522693125
lowest_search_score,closing,0.30160661479832973,32.639931330234184,36.27772600913086,0.19984684356417629,0.18629179261192272,35.887546089508305
lowest_search_score,closing,0.30217142119308316,32.752898817803015,36.38304512371623,0.2001745109059105,0.18664637931591085,35.946412102680085
lowest_search_score,closing,0.3027362275878366,32.866050299787396,36.48856341080077,0.200498364028666,0.18699705926785354,36.005007648835
lowest_search_score,closing,0.30330103398259,32.97938360418745,36.594278646197694,0.20081834026601997,0.1873437700721995,36.063327114251365
lowest_search_score,closing,0.30386584037734343,33.09289652365381,36.700188570524624,0.20113437711151083,0.187686449496558,36.12136488968414
lowest_search_score,closing,0.30443064677209686,33.20658681557984,36.80629088929758,0.2014464122256241,0.18802503547870303,36.17911537095273
lowest_search_score,closing,0.3049954531668503,33.320452202198005,36.912583273029206,0.20175438344278024,0.18835946613357585,36.236572959530044
lowest_search_score,closing,0.3055602595616037,33.43449037067994,37.01906335733073,0.20205822877832638,0.1886896797602848,36.29373206313249
lowest_search_score,closing,0.30612506595635713,33.54869897324071,37.12572874301795,0.20235788643552957,0.1890156148491042,36.35058709631133
lowest_search_score,closing,0.30668987235111056,33.663075627246954,37.232576996221255,0.20265329481257063,0.18933721008847096,36.40713248104484
lowest_search_score,closing,0.307254678745864,33.77761791532883,37.339605648499436,0.20294439250953997,0.1896544043719797,36.46336264733173
lowest_search_score,closing,0.3078194851406174,33.89232338549615,37.446812196957616,0.2032311183354321,0.18996713680537677,36.51927203378549
lowest_search_score,closing,0.30838429153537084,34.007189551258286,37.55419410436897,0.20351341131514078,0.19027534671355217,36.57485508822983
lowest_search_score,closing,0.30894909793012426,34.12221389174809,37.66174879930058,0.2037912106964533,0.19057897364752965,36.630106268295094
lowest_search_score,closing,0.3095139043248777,34.23739385184977,37.769473676242995,0.20406445595704328,0.190877957391455,36.68502004201563
lowest_search_score,closing,0.3100787107196311,34.35272684233069,37.877366095743994,0.2043330868114626,0.19117223796958224,36.73959088842814
lowest_search_score,closing,0.31064351711438454,34.46821023997717,37.985423384546074,0.20459704321813085,0.19146175565325738,36.79381329817098
lowest_search_score,closing,0.31120832350913796,34.583841387734175,38.09364283572809,0.20485626538632373,0.19174645096789972,36.84768177408439
lowest_search_score,closing,0.31177312990389144,34.69961759484896,38.202021708850616,0.20511069378315797,0.1920262646999801,36.90119083181157
lowest_search_score,closing,0.31233793629864487,34.815536137018654,38.31055723010542,0.20536026914057418,0.19230113790399664,36.954335000400626
lowest_search_score,closing,0.3129027426933983,34.931594256541906,38.41924659246882,0.20560493246231662,0.19257101190944695,37.00710882290749
lowest_search_score,closing,0.3134675490881517,35.04778916247427,38.52808695585894,0.20584462503091003,0.19283582832779664,37.059506856999505
lowest_search_score,closing,0.31403235548290515,35.164118030787634,38.63707544729699,0.20607928841463227,0.19309552905944452,37.111523675559944
lowest_search_score,closing,0.31459716187765857,35.28057800453367,38.74620916107235,0.20630886447448385,0.19335005630068383,37.16315386729328
lowest_search_score,closing,0.315161968272412,35.39716619401104,38.85548515891173,0.206533295371153,0.1935993525506583,37.214392037331194
lowest_search_score,closing,0.3157267746671654,35.51387967693666,38.96490047015211,0.20675252357197674,0.1938433606183156,37.265232807839396
lowest_search_score,closing,0.31629158106191885,35.63071549862089,39.07445209191775,0.20696649185789673,0.19408202362935395,37.31567081862511
lowest_search_score,closing,0.3168563874566723,35.74767067214658,39.184136989301024,0.20717514333041132,0.1943152850331653,37.36570072774531
lowest_search_score,closing,0.3174211938514257,35.864742178552106,39.29395209554719,0.2073784214185218,0.1945430886097722,37.41531721211562
lowest_search_score,closing,0.3179860002461791,35.981926967018325,39.403894312243146,0.20757626988567288,0.19476537847676015,37.46451496811984
lowest_search_score,closing,0.31855080664093255,36.09922195505938,39.513960509509936,0.20776863283668878,0.19498209909620334,37.513288712220245
lowest_search_score,closing,0.319115613035686,36.216624028717504,39.624147526199415,0.2079554547247023,0.19519319528158466,37.561633181568254
lowest_search_score,closing,0.3196804194304394,36.33413004276171,39.73445217009456,0.20813668035807822,0.19539861220470975,37.609543134616004
lowest_search_score,closing,0.3202452258251928,36.45173682089035,39.84487121811385,0.20831225490733032,0.19559829540261411,37.65701335172828
lowest_search_score,closing,0.32081003221994625,36.56944115593767,39.955401416519535,0.20848212391203172,0.1957921907844636,37.704038635795065
lowest_search_score,closing,0.3213748386146997,36.6872398100841,40.0660394811297,0.20864623328771814,0.19598024463844788,37.75061381284462
lowest_search_score,closing,0.3219396450094531,36.80512951507069,40.17678209753431,0.20880452933278415,0.1961624036386665,37.796733732657096
lowest_search_score,closing,0.3225044514042065,36.92310697241716,40.28762592131514,0.2089569587353721,0.19633861485200757,37.84239326937864
lowest_search_score,closing,0.32306925779895995,37.04116885364407,40.39856757826956,0.20910346858025286,0.1965088257450185,37.8875873221359
lowest_search_score,closing,0.3236340641937134,37.15931180049874,40.50960366463812,0.20924400635569929,0.1966729841907685,37.932310815651036
lowest_search_score,closing,0.3241988705884668,37.27753242518511,40.62073074733626,0.20937851996035114,0.19683103847570374,37.97655870085723
lowest_search_score,closing,0.32476367698322023,37.3958273105974,40.73194536418955,0.2095069577100715,0.19698293730649208,38.020325955514366
lowest_search_score,closing,0.32532848337797365,37.51419301055778,40.84324402417309,0.20962926834479448,0.19712862981686083,38.06360758482534
lowest_search_score,closing,0.3258932897727271,37.63262605005778,40.954623207654556,0.20974540103536432,0.1972680655744246,38.10639862205263
lowest_search_score,closing,0.3264580961674805,37.75112292550354,41.06607936664122,0.20985530539036498,0.1974011945875034,38.14869412913514
lowest_search_score,closing,0.32702290256223393,37.86968010496508,41.17760892503084,0.20995893146293979,0.19752796731193226,38.19048919730547
lowest_search_score,closing,0.32758770895698736,37.988294028429245,41.28920827886626,0.21005622975760257,0.19764833465786003,38.231778947707404
lowest_search_score,closing,0.3281525153517408,38.10696110805661,41.40087379659397,0.21014715123703753,0.19776224799653824,38.272558532013704
lowest_search_score,closing,0.3287173217464942,38.225677728442086,41.51260181932642,0.21023164732888958,0.19786965916710034,38.31282313304413
lowest_search_score,closing,0.32928212814124763,38.344440246879564,41.62438866110826,0.21030966993254424,0.19797052048332908,38.35256796538371
lowest_search_score,closing,0.32984693453600106,38.463244993630205,41.736230609186265,0.2103811714258965,0.1980647847404142,38.391788276001215
lowest_search_score,closing,0.3304117409307545,38.58208827219461,41.84812392428317,0.21044610467210828,0.1981524052216984,38.43047934486777
lowest_search_score,closing,0.3309765473255079,38.700966359588826,41.96006484087528,0.21050442302635594,0.198233335705412,38.46863648557567
lowest_search_score,closing,0.33154135372026133,38.81987550662413,42.072049567473925,0.2105560803425649,0.1983075304713957,38.50625504595736
lowest_search_score,closing,0.33210616011501476,38.938811938190675,42.1840742869106,0.21060103098013316,0.19837494430781255,38.54333040870445
lowest_search_score,closing,0.3326709665097682,39.057771853544764,42.296135156625986,0.21063922981064237,0.19843553251784624,38.57985799198686
lowest_search_score,closing,0.3332357729045216,39.17675142660016,42.40822830896277,0.2106706322245577,0.1984892509263879,38.615833250072114
lowest_search_score,closing,0.33380057929927504,39.295746806222965,42.52034985146213,0.21069519413791366,0.19853605588671036,38.65125167394448
lowest_search_score,closing,0.33436538569402846,39.414754116530354,42.63249586716408,0.21071287199898805,0.19857590428712932,38.686108791924404
lowest_search_score,closing,0.3349301920887819,39.533769457193095,42.744662414911545,0.2107236227949629,0.19860875355765065,38.72040017028771
lowest_search_score,closing,0.3354949984835353,39.65278890374181,42.85684552965819,0.21072740405857168,0.19863456167660562,38.75412141388493
lowest_search_score,closing,0.33605980487828874,39.77180850787694,42.969041222779964,0.21072417387473302,0.1986532871772715,38.787268166760484
lowest_search_score,closing,0.33662461127304216,39.89082429778254,43.081245482390436,0.21071389088717118,0.198664889154478,38.8198361127719
lowest_search_score,closing,0.3371894176677956,40.00983227844373,43.19345427365982,0.21069651430502187,0.19866932727120087,38.85182097620886
lowest_search_score,closing,0.337754224062549,40.12882843196789,43.30566353913767,0.21067200390942345,0.1986665617651395,38.88321852241217
lowest_search_score,closing,0.33831903045730244,40.247808717909656,43.41786919907942,0.21064032006009456,0.19865655345528085,38.91402455839261
lowest_search_score,closing,0.33888383685205586,40.3667690735995,43.530067151776514,0.21060142370189627,0.19863926374844793,38.94423493344958
lowest_search_score,closing,0.3394486432468093,40.485705414476065,43.642253273890255,0.210555276371379,0.1986146546458331,38.9738455397896
lowest_search_score,closing,0.3400134496415627,40.604613634422286,43.75442342078941,0.21050184020331436,0.19858268874951657,39.002852313144615
lowest_search_score,closing,0.34057825603631614,40.72348960610496,43.86657342689131,0.21044107793721128,0.19854332926896812,39.03125123339004
lowest_search_score,closing,0.3411430624310696,40.842329181318306,43.978699106006864,0.21037295292381644,0.19849654002753356,39.05903832516256
lowest_search_score,closing,0.34170786882582305,40.961128191330914,44.090796251689056,0.21029742913159838,0.19844228546890458,39.08620965847768
lowest_search_score,closing,0.34227267522057647,41.079882447236514,44.2028606375851,0.21021447115321532,0.19838053066357256,39.11276134934694
lowest_search_score,closing,0.3428374816153299,41.19858774030835,44.31488801779242,0.210124044211966,0.198311241315265,39.138689560394866
lowest_search_score,closing,0.3434022880100833,41.31723984235713,44.42687412721791,0.21002611416822434,0.19823438376736555,39.16399050147547
lowest_search_score,closing,0.34396709440483675,41.435834506092746,44.53881468194124,0.20992064752585643,0.19814992500931622,39.18866043028856
lowest_search_score,closing,0.3445319007995902,41.5543674654895,44.6507053795814,0.20980761143861976,0.1980578326830026,39.21269565299542
lowest_search_score,closing,0.3450967071943436,41.67283443615489,44.76254189966709,0.2096869737165458,0.19795807508912053,39.236092524834284
lowest_search_score,closing,0.345661513589097,41.79123111570222,44.874319904010534,0.20955870283230355,0.19785062119352576,39.258847450735246
lowest_search_score,closing,0.34622631998385045,41.90955318412656,44.9860350370851,0.20942276792754547,0.19773544063356438,39.28095688593477
lowest_search_score,closing,0.3467911263786039,42.02779630418436,45.097682926406144,0.20927913881923502,0.1976125037243848,39.30241733658965
lowest_search_score,closing,0.3473559327733573,42.14595612177677,45.20925918291581,0.20912778600595494,0.1974817814652316,39.32322536039052
lowest_search_score,closing,0.3479207391681107,42.264028266336254,45.32075940137105,0.2089686806741974,0.19734324554571922,39.34337756717478
lowest_search_score,closing,0.34848554556286415,42.382008351216996,45.43217916073539,0.2088017947046338,0.1971968683520872,39.362870619538974
lowest_search_score,closing,0.3490503519576176,42.4998919740887,45.54351402457407,0.20862710067836576,0.19704262297343555,39.3817012334506
lowest_search_score,closing,0.349615158352371,42.617674717334,45.65475954145293,0.20844457188315657,0.19688048320793938,39.39986617885927
lowest_search_score,closing,0.35017996474712443,42.73535214844929,45.76591124534049,0.20825418231964188,0.196710423569045,39.41736228030727
lowest_search_score,closing,0.35074477114187785,42.852919820449124,45.87696465601374,0.20805590670752047,0.19653241929164403,39.43418641753946
lowest_search_score,closing,0.3513095775366313,42.9703732722741,45.987915279467394,0.20784972049172448,0.19634644633822743,39.4503355261124
lowest_search_score,closing,0.3518743839313847,43.08770802920227,46.09875860832655,0.20763559984856853,0.19615248140501948,39.46580659800295
lowest_search_score,closing,0.35243919032613813,43.204919603263804,46.20949012226281,0.20741352169187816,0.19595050192808866,39.48059668221594
lowest_search_score,closing,0.35300399672089156,43.322003493659444,46.32010528841392,0.20718346367909662,0.1957404860894385,39.49470288539118
lowest_search_score,closing,0.353568803115645,43.43895518718211,46.43059956180674,0.20694540421736965,0.19552241282307628,39.508122372409666
lowest_search_score,closing,0.3541336095103984,43.55577015864211,46.54096838578372,0.2066993224696094,0.19529626182105966,39.520852366999
lowest_search_score,closing,0.35469841590515183,43.67244387129566,46.651207192432764,0.206445198360535,0.1950620135395208,39.53289015233791
lowest_search_score,closing,0.35526322229990526,43.788971777276906,46.76131140302045,0.2061830125826914,0.19481964920466827,39.54423307165995
lowest_search_score,closing,0.3558280286946587,43.90534931803324,46.87127642842867,0.20591274660244516,0.1945691508187661,39.554878528856335
lowest_search_score,closing,0.3563928350894121,44.02157192476409,46.98109766959466,0.20563438266595754,0.19431050116608947,39.564823989077766
lowest_search_score,closing,0.35695764148416553,44.13763501886302,47.09077051795434,0.20534790380513404,0.1940436838188572,39.574066979335484
lowest_search_score,closing,0.35752244787891896,44.25353401236322,47.20029035588903,0.20505329384355056,0.1937686831431404,39.58260508910114
lowest_search_score,closing,0.3580872542736724,44.36926430838624,47.309652557175454,0.20475053740235555,0.19348548430474782,39.59043597090589
lowest_search_score,closing,0.3586520606684258,44.48482130159422,47.41885248743913,0.20443961990614873,0.1931940732750858,39.59755734093827
lowest_search_score,closing,0.35921686706317923,44.60020037864529,47.52788550461103,0.2041205275888342,0.19289443683699498,39.60396697964123
lowest_search_score,closing,0.35978167345793266,44.715396918652296,47.63674695938748,0.2037932474994503,0.19258656259056203,39.6096627323079
lowest_search_score,closing,0.3603464798526861,44.8304062936449,47.745432195693446,0.20345776750797362,0.1922704389589054,39.61464250967642
lowest_search_score,closing,0.3609112862474395,44.94522386903482,47.85393655114895,0.20311407631109812,0.19194605519393676,39.618904288523524
lowest_search_score,closing,0.36147609264219294,45.059845004084416,47.962255357538844,0.20276216343798936,0.1916134013820966,39.62244611225706
lowest_search_score,closing,0.36204089903694636,45.17426505237853,48.07038394128576,0.20240201925601145,0.191272468450064,39.62526609150729
lowest_search_score,closing,0.3626057054316998,45.28847936229941,48.17831762392626,0.2020336349764296,0.19092324817044007,39.627362404716976
lowest_search_score,closing,0.3631705118264532,45.40248327750512,48.28605172259028,0.20165700266008577,0.1905657331674049,39.628733298730246
lowest_search_score,closing,0.36373531822120664,45.516272137410816,48.39358155048364,0.2012721152230473,0.19019991692234842,39.629377089380256
lowest_search_score,closing,0.36430012461596006,45.629841277673464,48.500902417373794,0.2008789664422294,0.1898257937794735,39.629292162075444
lowest_search_score,closing,0.3648649310107135,45.74318603067965,48.608009630078755,0.2004775509609899,0.18944335895137232,39.62847697238458
lowest_search_score,closing,0.3654297374054669,45.85630172603644,48.71489849295911,0.20006786429469692,0.189052608524575,39.62693004662043
lowest_search_score,closing,0.36599454380022034,45.969183691065545,48.8215643084132,0.19964990283626885,0.18865353946507,39.62464998242202
lowest_search_score,closing,0.36655935019497377,46.081827251300496,48.928002377375414,0.1992236638616858,0.18824614962379763,39.621635449335585
lowest_search_score,closing,0.3671241565897272,46.19422773098693,49.034207999817504,0.19878914553547355,0.1878304377421134,39.617885189394
lowest_search_score,closing,0.3676889629844806,46.30638045358602,49.140176475253064,0.19834634691615816,0.18740640345722442,39.61339801769481
lowest_search_score,closing,0.36825376937923404,46.41828074228096,49.2459031032451,0.1978952679616925,0.18697404730759515,39.60817282297678
lowest_search_score,closing,0.36881857577398747,46.52992392048641,49.35138318391645,0.19743590953485274,0.18653337073832532,39.602208568194904
lowest_search_score,closing,0.3693833821687409,46.641305312361176,49.45661201846353,0.19696827340860598,0.18608437610649756,39.5955042910939
lowest_search_score,closing,0.3699481885634943,46.75242024332371,49.56158490967279,0.19649236227144826,0.18562706668649506,39.588059104780136
lowest_search_score,closing,0.37051299495824774,46.863264040570776,49.6662971624404,0.19600817973271165,0.18516144667528936,39.57987219829191
lowest_search_score,closing,0.3710778013530012,46.97383203359897,49.77074408429477,0.19551573032784222,0.1846875211976979,39.5709428371682
lowest_search_score,closing,0.37164260774775465,47.084119554729284,49.874920985922095,0.19501501952364686,0.1842052963116101,39.56127036401566
lowest_search_score,closing,0.3722074141425081,47.19412193963472,49.97882318169484,0.1945060537235085,0.18371477901318306,39.550854199074024
lowest_search_score,closing,0.3727722205372615,47.30383452787063,50.082445990203134,0.19398884027257096,0.18321597724200595,39.53969384077969
lowest_search_score,closing,0.3733370269320149,47.41325266340807,50.18578473478905,0.19346338746289246,0.1827088998862321,39.52778886632765
lowest_search_score,closing,0.37390183332676835,47.52237169517022,50.28883474408387,0.19292970453856628,0.1821935567876799,39.51513893223163
lowest_search_score,closing,0.3744666397215218,47.63118697757137,50.39159135254807,0.1923878017008105,0.18166995874690095,39.50174377488238
lowest_search_score,closing,0.3750314461162752,47.73969387105899,50.494049901014264,0.1918376901130243,0.18113811752821582,39.48760321110418
lowest_search_score,closing,0.3755962525110286,47.8478877426587,50.59620573723306,0.19127938190581223,0.1805980458647174,39.47271713870947
lowest_search_score,closing,0.37616105890578205,47.95576396652179,50.69805421642147,0.19071289018197504,0.18004975746324,39.45708553705156
lowest_search_score,closing,0.3767258653005355,48.06331792447588,50.7995907018144,0.1901382290214676,0.17949326700929646,39.44070846757549
lowest_search_score,closing,0.3772906716952889,48.17054500657811,50.90081056521878,0.1895554134863227,0.17892859017198026,39.42358607436683
lowest_search_score,closing,0.37785547809004233,48.277440611671274,51.00170918757041,0.18896445962554118,0.1783557436088342,39.40571858469859
lowest_search_score,closing,0.37842028448479575,48.384000147942594,51.1022819594937,0.18836538447994772,0.17777474497068435,39.38710630957602
lowest_search_score,closing,0.3789850908795492,48.490219033485275,51.202524281863965,0.18775820608701227,0.17718561290643986,39.36774964427947
lowest_search_score,closing,0.3795498972743026,48.59609269686282,51.30243156637255,0.18714294348563626,0.17658836706785708,39.34764906890511
lowest_search_score,closing,0.38011470366905603,48.701616577675914,51.40199923609456,0.1865196167209039,0.17598302811426886,39.326805148903546
lowest_search_score,closing,0.38067951006380946,48.806786127132135,51.50122272605925,0.18588824684879754,0.17536961771727802,39.305218535616255
lowest_search_score,closing,0.3812443164585629,48.91159680861816,51.600097483823106,0.18524885594087812,0.17474815856541479,39.28288996680991
lowest_search_score,closing,0.3818091228533163,49.01604409827473,51.69861897004553,0.1846014670889283,0.17411867436875825,39.259820267208546
lowest_search_score,closing,0.38237392924806973,49.120123485574176,51.796782659067084,0.18394610440956016,0.1734811898635208,39.23601034902329
lowest_search_score,closing,0.38293873564282316,49.22383047390054,51.89458403949035,0.18328279304878542,0.1728357308165962,39.21146121248006
lowest_search_score,closing,0.3835035420375766,49.327160581132276,51.99201861476337,0.18261155918654878,0.17218232403007008,39.186173946344816
lowest_search_score,closing,0.38406834843233,49.43010934022746,52.08908190376553,0.18193243004122434,0.17152099734569287,39.1601497284465
lowest_search_score,closing,0.38463315482708343,49.53267229981158,52.185769441396104,0.1812454338740732,0.17085177964931478,39.13338982619764
lowest_search_score,closing,0.38519796122183686,49.63484502476786,52.282076779165145,0.18055059999366393,0.17017470087528316,39.10589559711253
lowest_search_score,closing,0.3857627676165903,49.736623096829966,52.37799948578697,0.1798479587602543,0.16948979201080064,39.07766848932299
lowest_search_score,closing,0.3863275740113437,49.838002115177225,52.47353314777598,0.17913754159013429,0.1687970851002446,39.04871004209162
lowest_search_score,closing,0.38689238040609714,49.93897769703239,52.568673370045026,0.17841938095993,0.16809661324944783,39.019021886322655
lowest_search_score,closing,0.38745718680085056,50.0395454782616,52.6634157765061,0.17769351041086834,0.16738841062993887,38.988605745070146
lowest_search_score,closing,0.388021993195604,50.139701113976976,52.75775601067341,0.1769599645530015,0.16667251248314374,38.95746343404366
lowest_search_score,closing,0.3885867995903574,50.23944027914143,52.85168973626893,0.17621877906939237,0.16594895512454594,38.925596862111405
lowest_search_score,closing,0.38915160598511084,50.33875866917591,52.945212637830075,0.17546999072025848,0.16521777594780723,38.89300803180062
lowest_search_score,closing,0.38971641237986426,50.43765200056888,53.0383204213199,0.17471363734707596,0.1644790134288468,38.85969903979538
lowest_search_score,closing,0.3902812187746177,50.5361160114883,53.13100881473953,0.17394975787664155,0.16373270712987978,38.82567207743168
lowest_search_score,closing,0.3908460251693711,50.63414646239561,53.223273568742734,0.17317839232509466,0.16297889770341342,38.790929431189724
lowest_search_score,closing,0.39141083156412454,50.731739136662206,53.31511045725294,0.172399581801896,0.1622176268962026,38.75547348318353
lowest_search_score,closing,0.39197563795887796,50.82888984118809,53.40651527808239,0.17161336851376563,0.1614489375531612,38.71930671164763
lowest_search_score,closing,0.3925404443536314,50.92559440702264,53.49748385355336,0.17081979576857723,0.1606728736212333,38.682431691421016
lowest_search_score,closing,0.3931052507483848,51.02184868998769,53.58801203112184,0.1700189079792106,0.15988948015321947,38.64485109442813
lowest_search_score,closing,0.39367005714313824,51.117648571302695,53.678095684003054,0.1692107506673606,0.1590988033115606,38.60656769015696
lowest_search_score,closing,0.39423486353789167,51.212989958212106,53.76773071179935,0.16839537046730244,0.1583008903720783,38.567584346134254
lowest_search_score,closing,0.3947996699326451,51.30786878461474,53.85691304113008,0.16757281512961333,0.15749578972767106,38.52790402839759
lowest_search_score,closing,0.3953644763273985,51.40228101169539,53.94563862626347,0.1667431335248502,0.15668355089196545,38.4875298019646
lowest_search_score,closing,0.39592928272215194,51.49622262855839,54.03390344975076,0.16590637564718227,0.1558642245029239,38.44646483129898
lowest_search_score,closing,0.39649408911690537,51.589689652863235,54.12170352306218,0.16506259261797918,0.1550378623264066,38.40471238077351
lowest_search_score,closing,0.3970588955116588,51.68267813146231,54.209034887225,0.16421183668935369,0.15420451725968798,38.3622758151299
lowest_search_score,closing,0.3976237019064122,51.77518414104039,54.29589361346353,0.16335416124765886,0.15336424333492757,38.31915859993541
lowest_search_score,closing,0.39818850830116564,51.867203788756434,54.38227580384111,0.16248962081693885,0.1525170957225953,38.275364302036394
lowest_search_score,closing,0.39875331469591907,51.95873321288693,54.46817759190396,0.1616182710623339,0.15166313073484888,38.23089659000841
lowest_search_score,closing,0.3993181210906725,52.04976858347148,54.553595143326966,0.16074016879343828,0.15080240582886584,38.18575923460325
lowest_search_score,closing,0.3998829274854259,52.140306102960075,54.63852465656132,0.15985537196761113,0.14993497961012753,38.1399561091925
lowest_search_score,closing,0.4004477338801794,52.23034200686231,54.72296236348406,0.15896393969324,0.14906091183565515,38.09349119020773
lowest_search_score,closing,0.4010125402749328,52.31987256439835,54.806904530049245,0.15806593223295662,0.14818026341719936,38.046368557577466
lowest_search_score,closing,0.40157734666968625,52.40889407915182,54.89034745694117,0.15716141100680384,0.14729309642437957,37.99859239516047
lowest_search_score,closing,0.4021421530644397,52.49740288972438,54.97328748022916,0.15625043859535487,0.14639947408777548,37.950166991175756
lowest_search_score,closing,0.4027069594591931,52.585395370392,55.05572097202415,0.1553330787427832,0.14549946080196988,37.901096738628944
lowest_search_score,closing,0.40327176585394653,52.67286793176317,55.13764434113695,0.1544093963598826,0.1445931221285412,37.85138613573514
lowest_search_score,closing,0.40383657224869995,52.759817021438494,55.21905403373825,0.1534794575270386,0.14368052479900664,37.801039786338215
lowest_search_score,closing,0.4044013786434534,52.846239124672216,55.29994653402019,0.15254332949714858,0.14276173671771483,37.750062400326385
lowest_search_score,closing,0.4049661850382068,52.93213076503525,55.380318364859605,0.1516010806984926,0.14183682696468797,37.698458794044214
lowest_search_score,closing,0.40553099143296023,53.01748850507984,55.460166088482865,0.150652780737552,0.14090586579841285,37.646233890700806
lowest_search_score,closing,0.40609579782771366,53.10230894700575,55.539486307132165,0.14969850040177815,0.13996892465858055,37.59339272077432
lowest_search_score,closing,0.4066606042224671,53.186588733328165,55.618275663733584,0.14873831166230841,0.13902607616877424,37.53994042241263
lowest_search_score,closing,0.4072254106172205,53.2703245475469,55.69653084256637,0.14777228767663078,0.13807739413910472,37.485882241830176
lowest_search_score,closing,0.40779021701197393,53.353513114817225,55.774248569933896,0.14680050279119533,0.13712295356879373,37.43122353370092
lowest_search_score,closing,0.40835502340672736,53.43615120262214,55.85142561483597,0.14582303254397386,0.1361628306487037,37.37596976154745
lowest_search_score,closing,0.4089198298014808,53.518235621446074,55.928058789642634,0.14483995366696525,0.13519710276381433,37.32012649812598
lowest_search_score,closing,0.4094846361962342,53.59976322544992,56.00414495076919,0.14385134408864791,0.13422584849564567,37.26369942580749
lowest_search_score,closing,0.41004944259098763,53.680730913147556,56.07968099935282,0.1428572829363777,0.1332491476246266,37.206694336954754
lowest_search_score,closing,0.41061424898574106,53.761135628083586,56.15466388193025,0.14185785053873165,0.13226708113240873,37.14911713429529
lowest_search_score,closing,0.4111790553804945,53.84097435951252,56.22909059111699,0.140853128427797,0.13127973120412537,37.09097383129016
lowest_search_score,closing,0.4117438617752479,53.92024414307908,56.302958166287596,0.13984319934140418,0.1302871812305952,37.03227055249862
lowest_search_score,closing,0.41230866817000134,53.99894206149989,56.3762636942573,0.13882814722530512,0.1292895158104702,36.97301353393862
lowest_search_score,closing,0.41287347456475476,54.07706524524626,56.44900430996474,0.13780805723529496,0.1282868207523263,36.91320912344284
lowest_search_score,closing,0.4134382809595082,54.154610873228265,56.52117719715603,0.13678301573927684,0.12727918307669903,36.85286378101066
lowest_search_score,closing,0.4140030873542616,54.2315761734799,56.59277958906968,0.13575311031927073,0.12626669101806037,36.79198407915567
lowest_search_score,closing,0.41456789374901504,54.307958423845385,56.66380876912294,0.13471842977336418,0.1252494340267395,36.73057670324875
lowest_search_score,closing,0.41513270014376846,54.38375495266652,56.73426207159894,0.13367906411760525,0.12422750277078451,36.6686484518568
lowest_search_score,closing,0.4156975065385219,54.45896313947113,56.80413688233503,0.1326351045878377,0.1232009891377667,36.60620623707695
lowest_search_score,closing,0.4162623129332753,54.53358041566255,56.87343063941205,0.131586643641477,0.12216998623652511,36.54325708486623
lowest_search_score,closing,0.41682711932802874,54.60760426521001,56.9421408338446,0.13053377495922816,0.12113458839885263,36.47980813536671
lowest_search_score,closing,0.41739192572278216,54.68103222534004,57.010265010272235,0.1294765934467429,0.1200948911811218,36.415866643225996
lowest_search_score,closing,0.4179567321175356,54.75386188722884,57.07780076765153,0.12841519523621775,0.11905099136585104,36.35143997791306
lowest_search_score,closing,0.418521538512289,54.8260908966954,57.144745759949124,0.12734967768793143,0.11800298696321036,36.28653562402939
lowest_search_score,closing,0.41908634490704244,54.89771695489561,57.211097696835395,0.12628013939172167,0.11695097721246515,36.22116118161535
lowest_search_score,closing,0.41965115130179587,54.96873781901703,57.27685434437916,0.12520668016840014,0.11589506258336016,36.155324366451794
lowest_search_score,closing,0.4202159576965493,55.039151302974695,57.342013525742985,0.12412940107110693,0.1148353447774399,36.08903301035677
lowest_search_score,closing,0.4207807640913027,55.10895527810735,57.40657312187928,0.12304840438660151,0.11377192672930798,36.02229506147739
lowest_search_score,closing,0.42134557048605614,55.17814767387467,57.4705310722271,0.1219637936364919,0.1127049126078232,35.955118584576695
lowest_search_score,closing,0.42191037688080957,55.24672647855494,57.53388537540949,0.12087567357840069,0.11163440781723248,35.88751176131561
lowest_search_score,closing,0.422475183275563,55.31468973994362,57.596634089931726,0.11978415020706744,0.11056051899824014,35.81948289052981
lowest_search_score,closing,0.4230399896703164,55.3820355660522,57.658775334879785,0.11868933075538741,0.1094833540290127,35.75104038850149
lowest_search_score,closing,0.42360479606506984,55.44876212580794,57.7203072906196,0.1175913236953852,0.10840302202612005,35.68219278922604
lowest_search_score,closing,0.42416960245982327,55.514867649753924,57.78122819949684,0.11649023873912466,0.1073196333454104,35.612948744673574
lowest_search_score,closing,0.4247344088545767,55.58035043074972,57.84153636653696,0.11538618683955221,0.1062332995828206,35.5433170250451
lowest_search_score,closing,0.4252992152493301,55.64520882467241,57.90123016014593,0.11427928019127537,0.10514413357511995,35.47330651902354
lowest_search_score,closing,0.42586402164408355,55.70944125111816,57.96030801281123,0.11316963223127433,0.10405224940058816,35.40292623401938
lowest_search_score,closing,0.42642882803883697,55.77304619410405,58.01876842180323,0.11205735763954752,0.10295776237962528,35.33218529641091
lowest_search_score,closing,0.4269936344335904,55.836022202770316,58.076609949876875,0.1109425723396889,0.10186078907529594,35.26109295177909
lowest_search_score,closing,0.4275584408283438,55.89836789208294,58.13383122597378,0.10982539349939902,0.10076144729380382,35.189658565136895
lowest_search_score,closing,0.42812324722309725,55.9600819435364,58.19043094592439,0.10870593953092625,0.09965985608489933,35.11789162115313
lowest_search_score,closing,0.4286880536178507,56.021163105856694,58.24640787315043,0.10758433009144097,0.09855613574221742,35.045801724370705
lowest_search_score,closing,0.4292528600126041,56.08161019570462,58.30176083936768,0.10646068608333936,0.0974504078035468,34.97339859941927
lowest_search_score,closing,0.4298176664073575,56.14142209837913,58.35648874528853,0.10533512965447832,0.09634279505102904,34.90069209122208
lowest_search_score,closing,0.430382472802111,56.20059776852084,58.410590561325044,0.10420778419834012,0.09523342151128683,34.82769216519729
lowest_search_score,closing,0.43094727919686443,56.25913623081559,58.464065328291724,0.10307877435412648,0.09412241245548304,34.754408907453325
lowest_search_score,closing,0.43151208559161786,56.317036580698,58.516912158108504,0.10194822600678123,0.09300989439930636,34.68085252497843
lowest_search_score,closing,0.4320768919863713,56.37429798505516,58.56913023450362,0.10081626628694175,0.09189599510288705,34.60703334582438
lowest_search_score,closing,0.4326416983811247,56.43091968293009,58.62071881371645,0.09968302357081851,0.09078084357063912,34.53296181928425
lowest_search_score,closing,0.43320650477587813,56.48690098622519,58.671677225200206,0.09854862748000147,0.08966457005103055,34.45864851606411
lowest_search_score,closing,0.43377131117063156,56.542241280405676,58.7220048723246,0.09741320888119367,0.08854730603627989,34.38410412844873
lowest_search_score,closing,0.434336117565385,56.5969400252026,58.77170123307801,0.0962768998858713,0.087429184261979,34.309339470461175
lowest_search_score,closing,0.4349009239601384,56.65099675531588,58.82076586076989,0.09513983384986972,0.08631033870664152,34.23436547801622
lowest_search_score,closing,0.43546573035489183,56.70441108111695,58.86919838473241,0.09400214537289452,0.08519090459117655,34.15919320906755
lowest_search_score,closing,0.43603053674964526,56.757182689351175,58.916998511022115,0.09286397029795743,0.08407101837828757,34.083833843748735
lowest_search_score,closing,0.4365953431443987,56.80931134383986,58.9641660231211,0.09172544571073754,0.08295081777179378,34.00829868450779
lowest_search_score,closing,0.4371601495391521,56.860796886181966,59.01070078263775,0.09058670993886495,0.08183044171587728,33.932599156235455
lowest_search_score,closing,0.43772495593390554,56.91163923645533,59.056602730007135,0.08944790255112846,0.0807100303942518,33.85674680638699
lowest_search_score,closing,0.43828976232865896,56.961838393917425,59.101871885190796,0.088309164356606,0.07958972522925468,33.78075330509746
lowest_search_score,closing,0.4388545687234124,57.011394437705654,59.14650834837608,0.08717063740371749,0.07846966888086036,33.704630445290526
lowest_search_score,closing,0.4394193751181658,57.060307527537,59.19051230067487,0.08603246497919864,0.07735000524561603,33.62839014278056
lowest_search_score,closing,0.43998418151291924,57.10857790440719,59.23388400482166,0.08489479160699692,0.07623087945549775,33.552044436368185
lowest_search_score,closing,0.44054898790767266,57.15620589128907,59.276623805871054,0.08375776304708735,0.07511243787668712,33.475605487928966
lowest_search_score,closing,0.4411137943024261,57.20319189383048,59.31873213189442,0.08262152629420894,0.07399482810826777,33.39908558249554
lowest_search_score,closing,0.4416786006971795,57.24953640105115,59.36020949467589,0.0814862295765203,0.07287819898084158,33.322497128332614
lowest_search_score,closing,0.44224340709193294,57.295239986039064,59.401056490407534,0.08035202235417434,0.07176270055506319,33.245852657005344
lowest_search_score,closing,0.44280821348668636,57.34030330664578,59.44127380038362,0.07921905531781183,0.0706484841200926,33.1691648234406
lowest_search_score,closing,0.4433730198814398,57.38472710618104,59.48086219169405,0.07808748038697219,0.06953570219196634,33.09244640598128
lowest_search_score,closing,0.4439378262761932,57.42851221410636,59.51982251791687,0.0769574507084219,0.06842450851188493,33.01571030643351
lowest_search_score,closing,0.44450263267094664,57.47165954672771,59.558155719809676,0.07582912065439998,0.06731505804441706,32.9389695501068
lowest_search_score,closing,0.44506743906570007,57.514170107887075,59.595862826000086,0.0747026458207792,0.0662075069756202,32.86223728584686
lowest_search_score,closing,0.4456322454604535,57.556044989653174,59.63294495367513,0.07357818302514343,0.06510201271107582,32.78552678606133
lowest_search_score,closing,0.4461970518552069,57.59728537301078,59.66940330926936,0.07245589030477961,0.06399873387384053,32.708851446738095
lowest_search_score,closing,0.44676185824996034,57.63789252854912,59.70523918915207,0.07133592691458443,0.06289783030231064,32.632224787456245
lowest_search_score,closing,0.44732666464471377,57.67786781714896,59.74045398031289,0.0702184533248851,0.061799463048000734,32.55566045138959
lowest_search_score,closing,0.4478914710394672,57.71721269066842,59.77504916104649,0.0691036312191735,0.060703794373235406,32.479172205302746
lowest_search_score,closing,0.4484562774342206,57.755928692627535,59.80902630163569,0.0679916234917525,0.0596109877487537,32.40277393953954
lowest_search_score,closing,0.44902108382897404,57.79401745889149,59.842387065033314,0.06688259424529525,0.058521207851225186,32.32647966800393
lowest_search_score,closing,0.44958589022372747,57.831480718352324,59.87513320754256,0.06577670878831582,0.057434620560677656,32.25030352813312
lowest_search_score,closing,0.4501506966184809,57.86832029360934,59.907266579495975,0.0646741336325506,0.05635139295783531,32.174259780863004
lowest_search_score,closing,0.4507155030132343,57.90453810164784,59.93878912593276,0.06357503649025051,0.055271693321367686,32.09836281058577
lowest_search_score,closing,0.45128030940798775,57.94013615451649,59.96970288727463,0.062479586271382656,0.054195691125047796,32.022627125099646
lowest_search_score,closing,0.45184511580274117,57.975116560002924,60.00000999999999,0.061387953080741645,0.05312355703481897,31.947067355550644
