ISO-10303-21;
HEADER;
FILE_DESCRIPTION(('Open CASCADE Model'),'2;1');
FILE_NAME('Open CASCADE Shape Model','2026-09-30T19:05:37',('Author'),(
    'Open CASCADE'),'Open CASCADE STEP processor 7.9','Open CASCADE 7.9'
  ,'Unknown');
FILE_SCHEMA(('AUTOMOTIVE_DESIGN { 1 0 10303 214 1 1 1 1 }'));
ENDSEC;
DATA;
#1 = APPLICATION_PROTOCOL_DEFINITION('international standard',
  'automotive_design',2000,#2);
#2 = APPLICATION_CONTEXT(
  'core data for automotive mechanical design processes');
#3 = SHAPE_DEFINITION_REPRESENTATION(#4,#10);
#4 = PRODUCT_DEFINITION_SHAPE('','',#5);
#5 = PRODUCT_DEFINITION('design','',#6,#9);
#6 = PRODUCT_DEFINITION_FORMATION('','',#7);
#7 = PRODUCT('Open CASCADE STEP translator 7.9 25',
  'Open CASCADE STEP translator 7.9 25','',(#8));
#8 = PRODUCT_CONTEXT('',#2,'mechanical');
#9 = PRODUCT_DEFINITION_CONTEXT('part definition',#2,'design');
#10 = ADVANCED_BREP_SHAPE_REPRESENTATION('',(#11,#15),#12792);
#11 = AXIS2_PLACEMENT_3D('',#12,#13,#14);
#12 = CARTESIAN_POINT('',(0.,0.,0.));
#13 = DIRECTION('',(0.,0.,1.));
#14 = DIRECTION('',(1.,0.,-0.));
#15 = MANIFOLD_SOLID_BREP('',#16);
#16 = CLOSED_SHELL('',(#17,#607,#979,#2098,#4283,#4920,#5167,#5712,#8069
    ,#8569,#8618,#8645,#8720,#8769,#8819,#8869,#8876,#9630,#10421,#10496
    ,#10501,#10506,#11187,#11324,#11331,#11378,#11385,#11434,#11461,
    #11466,#11471,#11476,#11485,#11541,#11597,#12039,#12496,#12531,
    #12566,#12622,#12678,#12728,#12778,#12785));
#17 = ADVANCED_FACE('',(#18),#32,.F.);
#18 = FACE_BOUND('',#19,.F.);
#19 = EDGE_LOOP('',(#20,#55,#340,#366));
#20 = ORIENTED_EDGE('',*,*,#21,.F.);
#21 = EDGE_CURVE('',#22,#24,#26,.T.);
#22 = VERTEX_POINT('',#23);
#23 = CARTESIAN_POINT('',(109.,-34.7667299926,31.));
#24 = VERTEX_POINT('',#25);
#25 = CARTESIAN_POINT('',(109.,-27.24142640236,31.));
#26 = SURFACE_CURVE('',#27,(#31,#43),.PCURVE_S1.);
#27 = LINE('',#28,#29);
#28 = CARTESIAN_POINT('',(109.,-43.,31.));
#29 = VECTOR('',#30,1.);
#30 = DIRECTION('',(0.,1.,0.));
#31 = PCURVE('',#32,#37);
#32 = PLANE('',#33);
#33 = AXIS2_PLACEMENT_3D('',#34,#35,#36);
#34 = CARTESIAN_POINT('',(109.,-43.,31.));
#35 = DIRECTION('',(0.,0.,1.));
#36 = DIRECTION('',(1.,0.,0.));
#37 = DEFINITIONAL_REPRESENTATION('',(#38),#42);
#38 = LINE('',#39,#40);
#39 = CARTESIAN_POINT('',(0.,0.));
#40 = VECTOR('',#41,1.);
#41 = DIRECTION('',(0.,1.));
#42 = ( GEOMETRIC_REPRESENTATION_CONTEXT(2) 
PARAMETRIC_REPRESENTATION_CONTEXT() REPRESENTATION_CONTEXT('2D SPACE',''
  ) );
#43 = PCURVE('',#44,#49);
#44 = PLANE('',#45);
#45 = AXIS2_PLACEMENT_3D('',#46,#47,#48);
#46 = CARTESIAN_POINT('',(109.,-43.,1.));
#47 = DIRECTION('',(1.,0.,0.));
#48 = DIRECTION('',(0.,0.,1.));
#49 = DEFINITIONAL_REPRESENTATION('',(#50),#54);
#50 = LINE('',#51,#52);
#51 = CARTESIAN_POINT('',(30.,0.));
#52 = VECTOR('',#53,1.);
#53 = DIRECTION('',(0.,-1.));
#54 = ( GEOMETRIC_REPRESENTATION_CONTEXT(2) 
PARAMETRIC_REPRESENTATION_CONTEXT() REPRESENTATION_CONTEXT('2D SPACE',''
  ) );
#55 = ORIENTED_EDGE('',*,*,#56,.F.);
#56 = EDGE_CURVE('',#57,#22,#59,.T.);
#57 = VERTEX_POINT('',#58);
#58 = CARTESIAN_POINT('',(130.80162344488,49.6,31.));
#59 = SURFACE_CURVE('',#60,(#133,#209),.PCURVE_S1.);
#60 = B_SPLINE_CURVE_WITH_KNOTS('',8,(#61,#62,#63,#64,#65,#66,#67,#68,
    #69,#70,#71,#72,#73,#74,#75,#76,#77,#78,#79,#80,#81,#82,#83,#84,#85,
    #86,#87,#88,#89,#90,#91,#92,#93,#94,#95,#96,#97,#98,#99,#100,#101,
    #102,#103,#104,#105,#106,#107,#108,#109,#110,#111,#112,#113,#114,
    #115,#116,#117,#118,#119,#120,#121,#122,#123,#124,#125,#126,#127,
    #128,#129,#130,#131,#132),.UNSPECIFIED.,.F.,.F.,(9,7,7,7,7,7,7,7,7,7
    ,9),(0.,0.188761773659,0.338426288363,0.41538329769,0.491938036785,
    0.621866174842,0.686830243871,0.762621657737,0.838413071604,
    0.928780096365,1.),.UNSPECIFIED.);
#61 = CARTESIAN_POINT('',(128.34,76.75,31.));
#62 = CARTESIAN_POINT('',(129.32048981743,73.767676805308,31.));
#63 = CARTESIAN_POINT('',(130.040482615,70.70759131215,31.));
#64 = CARTESIAN_POINT('',(130.54273525734,67.600182178194,31.));
#65 = CARTESIAN_POINT('',(130.86542841778,64.468908994322,31.));
#66 = CARTESIAN_POINT('',(131.04057353718,61.330003582149,31.));
#67 = CARTESIAN_POINT('',(131.09448620579,58.19250359225,31.));
#68 = CARTESIAN_POINT('',(131.04807936642,55.058233398274,31.));
#69 = CARTESIAN_POINT('',(130.81417602868,49.435113138283,31.));
#70 = CARTESIAN_POINT('',(130.65804958036,46.950790981826,31.));
#71 = CARTESIAN_POINT('',(130.45775045205,44.469427905798,31.));
#72 = CARTESIAN_POINT('',(130.22034022369,41.991355203531,31.));
#73 = CARTESIAN_POINT('',(129.95191346775,39.516658968279,31.));
#74 = CARTESIAN_POINT('',(129.65785944484,37.04515466807,31.));
#75 = CARTESIAN_POINT('',(129.34302245018,34.576371098131,31.));
#76 = CARTESIAN_POINT('',(128.84161112666,30.841093253579,31.));
#77 = CARTESIAN_POINT('',(128.66663784311,29.570251260657,31.));
#78 = CARTESIAN_POINT('',(128.48761418142,28.297484288559,31.));
#79 = CARTESIAN_POINT('',(128.30519185997,27.023269324644,31.));
#80 = CARTESIAN_POINT('',(128.12002259712,25.748083356265,31.));
#81 = CARTESIAN_POINT('',(127.93275811126,24.472403370781,31.));
#82 = CARTESIAN_POINT('',(127.74405012077,23.196706355545,31.));
#83 = CARTESIAN_POINT('',(127.36604112188,20.652898168591,31.));
#84 = CARTESIAN_POINT('',(127.17699642272,19.38440655125,31.));
#85 = CARTESIAN_POINT('',(126.98726450345,18.116017157376,31.));
#86 = CARTESIAN_POINT('',(126.79664917966,16.847760159179,31.));
#87 = CARTESIAN_POINT('',(126.60490982565,15.579673189598,31.));
#88 = CARTESIAN_POINT('',(126.41176137437,14.311801342304,31.));
#89 = CARTESIAN_POINT('',(126.21687431749,13.044197171694,31.));
#90 = CARTESIAN_POINT('',(125.68552841787,9.626108408241,31.));
#91 = CARTESIAN_POINT('',(125.34765206051,7.491888833134,31.));
#92 = CARTESIAN_POINT('',(125.00552006946,5.378821965171,31.));
#93 = CARTESIAN_POINT('',(124.65840688091,3.291467801949,31.));
#94 = CARTESIAN_POINT('',(124.30558693108,1.234386341068,31.));
#95 = CARTESIAN_POINT('',(123.94633465616,-0.787862419877,31.));
#96 = CARTESIAN_POINT('',(123.57992449234,-2.770718483285,31.));
#97 = CARTESIAN_POINT('',(123.01848406757,-5.679073535697,31.));
#98 = CARTESIAN_POINT('',(122.82936639615,-6.637537046052,31.));
#99 = CARTESIAN_POINT('',(122.63818716607,-7.584442382922,31.));
#100 = CARTESIAN_POINT('',(122.44485568187,-8.51921954661,31.));
#101 = CARTESIAN_POINT('',(122.24928124807,-9.441298537416,31.));
#102 = CARTESIAN_POINT('',(122.0513731692,-10.35010935563,31.));
#103 = CARTESIAN_POINT('',(121.85104074977,-11.24508200158,31.));
#104 = CARTESIAN_POINT('',(121.41153792964,-13.15297169515,31.));
#105 = CARTESIAN_POINT('',(121.17145932148,-14.1606857918,31.));
#106 = CARTESIAN_POINT('',(120.92781344879,-15.14788362705,31.));
#107 = CARTESIAN_POINT('',(120.6804562905,-16.11366006251,31.));
#108 = CARTESIAN_POINT('',(120.42924382558,-17.05710995975,31.));
#109 = CARTESIAN_POINT('',(120.17403203296,-17.97732818038,31.));
#110 = CARTESIAN_POINT('',(119.91467689158,-18.87340958596,31.));
#111 = CARTESIAN_POINT('',(119.38739186921,-20.61548849024,31.));
#112 = CARTESIAN_POINT('',(119.11946198822,-21.46148598893,31.));
#113 = CARTESIAN_POINT('',(118.84710071636,-22.28153639576,31.));
#114 = CARTESIAN_POINT('',(118.57016403258,-23.07473457231,31.));
#115 = CARTESIAN_POINT('',(118.28850791583,-23.84017538019,31.));
#116 = CARTESIAN_POINT('',(118.00198834505,-24.57695368096,31.));
#117 = CARTESIAN_POINT('',(117.71046129918,-25.28416433623,31.));
#118 = CARTESIAN_POINT('',(117.06004932242,-26.76778500415,31.));
#119 = CARTESIAN_POINT('',(116.68461058247,-27.56430357495,31.));
#120 = CARTESIAN_POINT('',(116.28354514132,-28.34904003023,31.));
#121 = CARTESIAN_POINT('',(115.85099577655,-29.11836302691,31.));
#122 = CARTESIAN_POINT('',(115.38089300603,-29.86653518108,31.));
#123 = CARTESIAN_POINT('',(114.86781353486,-30.5858909839,31.));
#124 = CARTESIAN_POINT('',(114.30697358224,-31.26708522089,31.));
#125 = CARTESIAN_POINT('',(113.20975471622,-32.39776010161,31.));
#126 = CARTESIAN_POINT('',(112.69284361249,-32.86652866181,31.));
#127 = CARTESIAN_POINT('',(112.14310261081,-33.29790940632,31.));
#128 = CARTESIAN_POINT('',(111.56184155787,-33.6856731794,31.));
#129 = CARTESIAN_POINT('',(110.9517076077,-34.0260091801,31.));
#130 = CARTESIAN_POINT('',(110.31707698773,-34.31804916715,31.));
#131 = CARTESIAN_POINT('',(109.66407912234,-34.56374025038,31.));
#132 = CARTESIAN_POINT('',(109.,-34.7667299926,31.));
#133 = PCURVE('',#32,#134);
#134 = DEFINITIONAL_REPRESENTATION('',(#135),#208);
#135 = B_SPLINE_CURVE_WITH_KNOTS('',8,(#136,#137,#138,#139,#140,#141,
    #142,#143,#144,#145,#146,#147,#148,#149,#150,#151,#152,#153,#154,
    #155,#156,#157,#158,#159,#160,#161,#162,#163,#164,#165,#166,#167,
    #168,#169,#170,#171,#172,#173,#174,#175,#176,#177,#178,#179,#180,
    #181,#182,#183,#184,#185,#186,#187,#188,#189,#190,#191,#192,#193,
    #194,#195,#196,#197,#198,#199,#200,#201,#202,#203,#204,#205,#206,
    #207),.UNSPECIFIED.,.F.,.F.,(9,7,7,7,7,7,7,7,7,7,9),(0.,
    0.188761773659,0.338426288363,0.41538329769,0.491938036785,
    0.621866174842,0.686830243871,0.762621657737,0.838413071604,
    0.928780096365,1.),.UNSPECIFIED.);
#136 = CARTESIAN_POINT('',(19.34,119.75));
#137 = CARTESIAN_POINT('',(20.320489817433,116.7676768053));
#138 = CARTESIAN_POINT('',(21.040482615006,113.70759131215));
#139 = CARTESIAN_POINT('',(21.542735257349,110.60018217819));
#140 = CARTESIAN_POINT('',(21.865428417786,107.46890899432));
#141 = CARTESIAN_POINT('',(22.040573537181,104.33000358214));
#142 = CARTESIAN_POINT('',(22.094486205799,101.19250359225));
#143 = CARTESIAN_POINT('',(22.048079366425,98.058233398274));
#144 = CARTESIAN_POINT('',(21.814176028681,92.435113138283));
#145 = CARTESIAN_POINT('',(21.65804958036,89.950790981826));
#146 = CARTESIAN_POINT('',(21.457750452054,87.469427905798));
#147 = CARTESIAN_POINT('',(21.220340223696,84.991355203531));
#148 = CARTESIAN_POINT('',(20.951913467751,82.516658968279));
#149 = CARTESIAN_POINT('',(20.657859444847,80.04515466807));
#150 = CARTESIAN_POINT('',(20.343022450189,77.576371098131));
#151 = CARTESIAN_POINT('',(19.841611126664,73.841093253579));
#152 = CARTESIAN_POINT('',(19.666637843119,72.570251260657));
#153 = CARTESIAN_POINT('',(19.487614181428,71.297484288559));
#154 = CARTESIAN_POINT('',(19.30519185997,70.023269324644));
#155 = CARTESIAN_POINT('',(19.120022597124,68.748083356265));
#156 = CARTESIAN_POINT('',(18.932758111267,67.472403370781));
#157 = CARTESIAN_POINT('',(18.744050120778,66.196706355545));
#158 = CARTESIAN_POINT('',(18.366041121888,63.652898168591));
#159 = CARTESIAN_POINT('',(18.176996422724,62.38440655125));
#160 = CARTESIAN_POINT('',(17.987264503453,61.116017157376));
#161 = CARTESIAN_POINT('',(17.796649179669,59.847760159179));
#162 = CARTESIAN_POINT('',(17.604909825655,58.579673189598));
#163 = CARTESIAN_POINT('',(17.411761374378,57.311801342304));
#164 = CARTESIAN_POINT('',(17.216874317493,56.044197171694));
#165 = CARTESIAN_POINT('',(16.685528417872,52.626108408241));
#166 = CARTESIAN_POINT('',(16.347652060511,50.491888833134));
#167 = CARTESIAN_POINT('',(16.005520069461,48.378821965171));
#168 = CARTESIAN_POINT('',(15.658406880919,46.291467801949));
#169 = CARTESIAN_POINT('',(15.305586931086,44.234386341068));
#170 = CARTESIAN_POINT('',(14.946334656162,42.212137580123));
#171 = CARTESIAN_POINT('',(14.579924492344,40.229281516715));
#172 = CARTESIAN_POINT('',(14.018484067578,37.320926464303));
#173 = CARTESIAN_POINT('',(13.82936639615,36.362462953948));
#174 = CARTESIAN_POINT('',(13.638187166073,35.415557617078));
#175 = CARTESIAN_POINT('',(13.444855681872,34.48078045339));
#176 = CARTESIAN_POINT('',(13.249281248073,33.558701462584));
#177 = CARTESIAN_POINT('',(13.051373169201,32.649890644361));
#178 = CARTESIAN_POINT('',(12.851040749779,31.75491799842));
#179 = CARTESIAN_POINT('',(12.411537929649,29.847028304842));
#180 = CARTESIAN_POINT('',(12.171459321486,28.839314208199));
#181 = CARTESIAN_POINT('',(11.927813448791,27.852116372943));
#182 = CARTESIAN_POINT('',(11.680456290509,26.886339937486));
#183 = CARTESIAN_POINT('',(11.429243825584,25.942890040241));
#184 = CARTESIAN_POINT('',(11.174032032961,25.02267181962));
#185 = CARTESIAN_POINT('',(10.914676891585,24.126590414035));
#186 = CARTESIAN_POINT('',(10.387391869215,22.384511509759));
#187 = CARTESIAN_POINT('',(10.119461988221,21.53851401107));
#188 = CARTESIAN_POINT('',(9.847100716363,20.71846360424));
#189 = CARTESIAN_POINT('',(9.570164032586,19.925265427682));
#190 = CARTESIAN_POINT('',(9.288507915834,19.159824619809));
#191 = CARTESIAN_POINT('',(9.001988345052,18.423046319032));
#192 = CARTESIAN_POINT('',(8.710461299184,17.715835663763));
#193 = CARTESIAN_POINT('',(8.060049322427,16.232214995848));
#194 = CARTESIAN_POINT('',(7.684610582476,15.435696425042));
#195 = CARTESIAN_POINT('',(7.283545141329,14.650959969761));
#196 = CARTESIAN_POINT('',(6.850995776551,13.881636973084));
#197 = CARTESIAN_POINT('',(6.380893006036,13.133464818915));
#198 = CARTESIAN_POINT('',(5.867813534865,12.414109016092));
#199 = CARTESIAN_POINT('',(5.306973582243,11.732914779108));
#200 = CARTESIAN_POINT('',(4.209754716225,10.602239898385));
#201 = CARTESIAN_POINT('',(3.692843612493,10.133471338185));
#202 = CARTESIAN_POINT('',(3.143102610819,9.702090593676));
#203 = CARTESIAN_POINT('',(2.56184155787,9.3143268206));
#204 = CARTESIAN_POINT('',(1.951707607704,8.973990819891));
#205 = CARTESIAN_POINT('',(1.317076987739,8.681950832845));
#206 = CARTESIAN_POINT('',(0.664079122347,8.436259749611));
#207 = CARTESIAN_POINT('',(0.,8.233270007393));
#208 = ( GEOMETRIC_REPRESENTATION_CONTEXT(2) 
PARAMETRIC_REPRESENTATION_CONTEXT() REPRESENTATION_CONTEXT('2D SPACE',''
  ) );
#209 = PCURVE('',#210,#265);
#210 = B_SPLINE_SURFACE_WITH_KNOTS('',3,1,(
    (#211,#212)
    ,(#213,#214)
    ,(#215,#216)
    ,(#217,#218)
    ,(#219,#220)
    ,(#221,#222)
    ,(#223,#224)
    ,(#225,#226)
    ,(#227,#228)
    ,(#229,#230)
    ,(#231,#232)
    ,(#233,#234)
    ,(#235,#236)
    ,(#237,#238)
    ,(#239,#240)
    ,(#241,#242)
    ,(#243,#244)
    ,(#245,#246)
    ,(#247,#248)
    ,(#249,#250)
    ,(#251,#252)
    ,(#253,#254)
    ,(#255,#256)
    ,(#257,#258)
    ,(#259,#260)
    ,(#261,#262)
    ,(#263,#264
    )),.UNSPECIFIED.,.T.,.F.,.F.,(1,1,2,1,1,1,1,1,1,1,1,1,1,1,1,1,1,1,1,
    1,1,1,1,1,1,1,2,1,1),(2,2),(-2.,-1.,0.,1.,2.,3.,4.,5.,6.,7.,8.,9.,
    10.,11.,12.,13.,14.,15.,16.,17.,18.,19.,20.,21.,22.,23.,24.,25.,26.)
  ,(0.,1.),.UNSPECIFIED.);
#211 = CARTESIAN_POINT('',(140.46666666666,59.602222222222,21.));
#212 = CARTESIAN_POINT('',(129.,62.9,37.));
#213 = CARTESIAN_POINT('',(130.01333333333,91.397777777778,21.));
#214 = CARTESIAN_POINT('',(119.4,92.1,37.));
#215 = CARTESIAN_POINT('',(128.90984555383,127.68669246593,21.));
#216 = CARTESIAN_POINT('',(118.38659285555,125.42655430544,37.));
#217 = CARTESIAN_POINT('',(135.83554056159,180.63990970256,21.));
#218 = CARTESIAN_POINT('',(124.74692500554,174.05705993092,37.));
#219 = CARTESIAN_POINT('',(115.66799219978,190.75366872379,21.));
#220 = CARTESIAN_POINT('',(106.22570712225,183.34520597083,37.));
#221 = CARTESIAN_POINT('',(89.452490639247,209.06541540224,21.));
#222 = CARTESIAN_POINT('',(82.150246505431,200.16211618573,37.));
#223 = CARTESIAN_POINT('',(67.482045243222,249.18466966723,21.));
#224 = CARTESIAN_POINT('',(61.973306856021,237.00632928623,37.));
#225 = CARTESIAN_POINT('',(34.579328387863,258.55590592883,21.));
#226 = CARTESIAN_POINT('',(31.756526070487,245.61256666933,37.));
#227 = CARTESIAN_POINT('',(6.412053243487E-04,257.39170661744,21.));
#228 = CARTESIAN_POINT('',(5.888620325629E-04,244.54340403642,37.));
#229 = CARTESIAN_POINT('',(-34.58189320916,258.5572676014,21.));
#230 = CARTESIAN_POINT('',(-31.75888151861,245.61381718495,37.));
#231 = CARTESIAN_POINT('',(-67.47306836868,249.17922297695,21.));
#232 = CARTESIAN_POINT('',(-61.96506278756,237.00132722373,37.));
#233 = CARTESIAN_POINT('',(-89.48583331611,209.08584049076,21.));
#234 = CARTESIAN_POINT('',(-82.18086733112,200.18087392008,37.));
#235 = CARTESIAN_POINT('',(-115.5435983668,190.67741505998,21.));
#236 = CARTESIAN_POINT('',(-106.1114678879,183.2751770959,37.));
#237 = CARTESIAN_POINT('',(-136.2997732164,180.92449926929,21.));
#238 = CARTESIAN_POINT('',(-125.1732611171,174.31841769629,37.));
#239 = CARTESIAN_POINT('',(-127.1773087674,126.62458786282,21.));
#240 = CARTESIAN_POINT('',(-116.7954876435,124.45115211892,37.));
#241 = CARTESIAN_POINT('',(-137.0309917137,77.217149279397,21.));
#242 = CARTESIAN_POINT('',(-125.8447883085,79.076973828017,37.));
#243 = CARTESIAN_POINT('',(-136.1387243774,17.506815019587,21.));
#244 = CARTESIAN_POINT('',(-125.0253591221,24.240952569008,37.));
#245 = CARTESIAN_POINT('',(-123.9741107764,-47.04440935774,21.));
#246 = CARTESIAN_POINT('',(-113.8537752029,-35.04078410405,37.));
#247 = CARTESIAN_POINT('',(-102.9648325166,-40.76917758861,21.));
#248 = CARTESIAN_POINT('',(-94.55954006626,-29.2778161528,37.));
#249 = CARTESIAN_POINT('',(-40.40655915709,-42.4788802878,21.));
#250 = CARTESIAN_POINT('',(-37.10806453202,-30.84795128472,37.));
#251 = CARTESIAN_POINT('',(-8.930855019942E-03,-41.91530126016,21.));
#252 = CARTESIAN_POINT('',(-8.201805630555E-03,-30.33037870831,37.));
#253 = CARTESIAN_POINT('',(40.442282577174,-42.45991467154,21.));
#254 = CARTESIAN_POINT('',(37.140871754547,-30.83053388202,37.));
#255 = CARTESIAN_POINT('',(102.83980054632,-40.84504005367,21.));
#256 = CARTESIAN_POINT('',(94.444714787441,-29.34748576358,37.));
#257 = CARTESIAN_POINT('',(124.43851523752,-46.75992511375,21.));
#258 = CARTESIAN_POINT('',(114.28026909568,-34.77952306365,37.));
#259 = CARTESIAN_POINT('',(134.40613850356,16.444740508692,21.));
#260 = CARTESIAN_POINT('',(123.4342088298,23.265578018186,37.));
#261 = CARTESIAN_POINT('',(140.46666666666,59.602222222222,21.));
#262 = CARTESIAN_POINT('',(129.,62.9,37.));
#263 = CARTESIAN_POINT('',(130.01333333333,91.397777777778,21.));
#264 = CARTESIAN_POINT('',(119.4,92.1,37.));
#265 = DEFINITIONAL_REPRESENTATION('',(#266),#339);
#266 = B_SPLINE_CURVE_WITH_KNOTS('',8,(#267,#268,#269,#270,#271,#272,
    #273,#274,#275,#276,#277,#278,#279,#280,#281,#282,#283,#284,#285,
    #286,#287,#288,#289,#290,#291,#292,#293,#294,#295,#296,#297,#298,
    #299,#300,#301,#302,#303,#304,#305,#306,#307,#308,#309,#310,#311,
    #312,#313,#314,#315,#316,#317,#318,#319,#320,#321,#322,#323,#324,
    #325,#326,#327,#328,#329,#330,#331,#332,#333,#334,#335,#336,#337,
    #338),.UNSPECIFIED.,.F.,.F.,(9,7,7,7,7,7,7,7,7,7,9),(0.,
    0.188761773659,0.338426288363,0.41538329769,0.491938036785,
    0.621866174842,0.686830243871,0.762621657737,0.838413071604,
    0.928780096365,1.),.UNSPECIFIED.);
#267 = CARTESIAN_POINT('',(24.,0.625));
#268 = CARTESIAN_POINT('',(23.934106867108,0.625));
#269 = CARTESIAN_POINT('',(23.870042019604,0.625));
#270 = CARTESIAN_POINT('',(23.807807937743,0.625));
#271 = CARTESIAN_POINT('',(23.747341794494,0.625));
#272 = CARTESIAN_POINT('',(23.688530263096,0.625));
#273 = CARTESIAN_POINT('',(23.631203088384,0.625));
#274 = CARTESIAN_POINT('',(23.575127868484,0.625));
#275 = CARTESIAN_POINT('',(23.476290484438,0.625));
#276 = CARTESIAN_POINT('',(23.433242400504,0.625));
#277 = CARTESIAN_POINT('',(23.390756745687,0.625));
#278 = CARTESIAN_POINT('',(23.348749032472,0.625));
#279 = CARTESIAN_POINT('',(23.30714232265,0.625));
#280 = CARTESIAN_POINT('',(23.265863406813,0.625));
#281 = CARTESIAN_POINT('',(23.224840396947,0.625));
#282 = CARTESIAN_POINT('',(23.163,0.625));
#283 = CARTESIAN_POINT('',(23.142,0.625));
#284 = CARTESIAN_POINT('',(23.121,0.625));
#285 = CARTESIAN_POINT('',(23.1,0.625));
#286 = CARTESIAN_POINT('',(23.079,0.625));
#287 = CARTESIAN_POINT('',(23.058,0.625));
#288 = CARTESIAN_POINT('',(23.037,0.625));
#289 = CARTESIAN_POINT('',(22.995109771351,0.625));
#290 = CARTESIAN_POINT('',(22.974215658492,0.625));
#291 = CARTESIAN_POINT('',(22.953304714953,0.625));
#292 = CARTESIAN_POINT('',(22.932363359824,0.625));
#293 = CARTESIAN_POINT('',(22.911377377762,0.625));
#294 = CARTESIAN_POINT('',(22.890331918988,0.625));
#295 = CARTESIAN_POINT('',(22.869211499284,0.625));
#296 = CARTESIAN_POINT('',(22.812,0.625));
#297 = CARTESIAN_POINT('',(22.776,0.625));
#298 = CARTESIAN_POINT('',(22.74,0.625));
#299 = CARTESIAN_POINT('',(22.704,0.625));
#300 = CARTESIAN_POINT('',(22.668,0.625));
#301 = CARTESIAN_POINT('',(22.632,0.625));
#302 = CARTESIAN_POINT('',(22.596,0.625));
#303 = CARTESIAN_POINT('',(22.542,0.625));
#304 = CARTESIAN_POINT('',(22.524,0.625));
#305 = CARTESIAN_POINT('',(22.506,0.625));
#306 = CARTESIAN_POINT('',(22.488,0.625));
#307 = CARTESIAN_POINT('',(22.47,0.625));
#308 = CARTESIAN_POINT('',(22.452,0.625));
#309 = CARTESIAN_POINT('',(22.434,0.625));
#310 = CARTESIAN_POINT('',(22.395,0.625));
#311 = CARTESIAN_POINT('',(22.374,0.625));
#312 = CARTESIAN_POINT('',(22.353,0.625));
#313 = CARTESIAN_POINT('',(22.332,0.625));
#314 = CARTESIAN_POINT('',(22.311,0.625));
#315 = CARTESIAN_POINT('',(22.29,0.625));
#316 = CARTESIAN_POINT('',(22.269,0.625));
#317 = CARTESIAN_POINT('',(22.227,0.625));
#318 = CARTESIAN_POINT('',(22.206,0.625));
#319 = CARTESIAN_POINT('',(22.185,0.625));
#320 = CARTESIAN_POINT('',(22.164,0.625));
#321 = CARTESIAN_POINT('',(22.143,0.625));
#322 = CARTESIAN_POINT('',(22.122,0.625));
#323 = CARTESIAN_POINT('',(22.101,0.625));
#324 = CARTESIAN_POINT('',(22.054961444534,0.625));
#325 = CARTESIAN_POINT('',(22.028908844915,0.625));
#326 = CARTESIAN_POINT('',(22.001647829099,0.625));
#327 = CARTESIAN_POINT('',(21.972873493846,0.625));
#328 = CARTESIAN_POINT('',(21.942355150893,0.625));
#329 = CARTESIAN_POINT('',(21.910013141436,0.625));
#330 = CARTESIAN_POINT('',(21.875887718898,0.625));
#331 = CARTESIAN_POINT('',(21.811716232903,0.625));
#332 = CARTESIAN_POINT('',(21.78231138024,0.625));
#333 = CARTESIAN_POINT('',(21.751984030351,0.625));
#334 = CARTESIAN_POINT('',(21.720973565584,0.625));
#335 = CARTESIAN_POINT('',(21.68956974886,0.625));
#336 = CARTESIAN_POINT('',(21.658098428582,0.625));
#337 = CARTESIAN_POINT('',(21.626895093178,0.625));
#338 = CARTESIAN_POINT('',(21.596278006541,0.625));
#339 = ( GEOMETRIC_REPRESENTATION_CONTEXT(2) 
PARAMETRIC_REPRESENTATION_CONTEXT() REPRESENTATION_CONTEXT('2D SPACE',''
  ) );
#340 = ORIENTED_EDGE('',*,*,#341,.T.);
#341 = EDGE_CURVE('',#57,#342,#344,.T.);
#342 = VERTEX_POINT('',#343);
#343 = CARTESIAN_POINT('',(125.35956064877,49.6,31.));
#344 = SURFACE_CURVE('',#345,(#349,#355),.PCURVE_S1.);
#345 = LINE('',#346,#347);
#346 = CARTESIAN_POINT('',(-30.5,49.6,31.));
#347 = VECTOR('',#348,1.);
#348 = DIRECTION('',(-1.,0.,0.));
#349 = PCURVE('',#32,#350);
#350 = DEFINITIONAL_REPRESENTATION('',(#351),#354);
#351 = B_SPLINE_CURVE_WITH_KNOTS('',1,(#352,#353),.UNSPECIFIED.,.F.,.F.,
  (2,2),(-161.5944862057,-139.5),.PIECEWISE_BEZIER_KNOTS.);
#352 = CARTESIAN_POINT('',(22.094486205799,92.6));
#353 = CARTESIAN_POINT('',(0.,92.6));
#354 = ( GEOMETRIC_REPRESENTATION_CONTEXT(2) 
PARAMETRIC_REPRESENTATION_CONTEXT() REPRESENTATION_CONTEXT('2D SPACE',''
  ) );
#355 = PCURVE('',#356,#361);
#356 = PLANE('',#357);
#357 = AXIS2_PLACEMENT_3D('',#358,#359,#360);
#358 = CARTESIAN_POINT('',(-170.,49.6,0.));
#359 = DIRECTION('',(0.,1.,0.));
#360 = DIRECTION('',(0.,0.,1.));
#361 = DEFINITIONAL_REPRESENTATION('',(#362),#365);
#362 = B_SPLINE_CURVE_WITH_KNOTS('',1,(#363,#364),.UNSPECIFIED.,.F.,.F.,
  (2,2),(-161.5944862057,-139.5),.PIECEWISE_BEZIER_KNOTS.);
#363 = CARTESIAN_POINT('',(31.,301.09448620579));
#364 = CARTESIAN_POINT('',(31.,279.));
#365 = ( GEOMETRIC_REPRESENTATION_CONTEXT(2) 
PARAMETRIC_REPRESENTATION_CONTEXT() REPRESENTATION_CONTEXT('2D SPACE',''
  ) );
#366 = ORIENTED_EDGE('',*,*,#367,.T.);
#367 = EDGE_CURVE('',#342,#24,#368,.T.);
#368 = SURFACE_CURVE('',#369,(#428,#490),.PCURVE_S1.);
#369 = B_SPLINE_CURVE_WITH_KNOTS('',8,(#370,#371,#372,#373,#374,#375,
    #376,#377,#378,#379,#380,#381,#382,#383,#384,#385,#386,#387,#388,
    #389,#390,#391,#392,#393,#394,#395,#396,#397,#398,#399,#400,#401,
    #402,#403,#404,#405,#406,#407,#408,#409,#410,#411,#412,#413,#414,
    #415,#416,#417,#418,#419,#420,#421,#422,#423,#424,#425,#426,#427),
  .UNSPECIFIED.,.F.,.F.,(9,7,7,7,7,7,7,7,9),(0.,0.202300163689,
    0.362707159105,0.445184611272,0.527230623021,0.666477675626,
    0.805724728232,0.910160017686,1.),.UNSPECIFIED.);
#370 = CARTESIAN_POINT('',(123.11325,77.5825,31.));
#371 = CARTESIAN_POINT('',(124.05416377244,74.705877295699,31.));
#372 = CARTESIAN_POINT('',(124.74477194359,71.75491964319,31.));
#373 = CARTESIAN_POINT('',(125.22644759199,68.758770973633,31.));
#374 = CARTESIAN_POINT('',(125.53589755923,65.739860183432,31.));
#375 = CARTESIAN_POINT('',(125.70385406287,62.713693028084,31.));
#376 = CARTESIAN_POINT('',(125.75554795457,59.688885889837,31.));
#377 = CARTESIAN_POINT('',(125.71102889678,56.66715458202,31.));
#378 = CARTESIAN_POINT('',(125.48666744401,51.245764510823,31.));
#379 = CARTESIAN_POINT('',(125.33690687924,48.850474232949,31.));
#380 = CARTESIAN_POINT('',(125.144772801,46.458007185017,31.));
#381 = CARTESIAN_POINT('',(124.91703657605,44.068679911141,31.));
#382 = CARTESIAN_POINT('',(124.65954274399,41.682574886405,31.));
#383 = CARTESIAN_POINT('',(124.37746024636,39.2995162398,31.));
#384 = CARTESIAN_POINT('',(124.07543628473,36.919054439948,31.));
#385 = CARTESIAN_POINT('',(123.594432609,33.317428301596,31.));
#386 = CARTESIAN_POINT('',(123.42658525354,32.092090651001,31.));
#387 = CARTESIAN_POINT('',(123.25485247484,30.864896947905,31.));
#388 = CARTESIAN_POINT('',(123.07985944954,29.636307100439,31.));
#389 = CARTESIAN_POINT('',(122.90223135425,28.406781016735,31.));
#390 = CARTESIAN_POINT('',(122.7225933656,27.176778604924,31.));
#391 = CARTESIAN_POINT('',(122.54157066021,25.946759773137,31.));
#392 = CARTESIAN_POINT('',(122.17895707402,23.494041007414,31.));
#393 = CARTESIAN_POINT('',(121.997611953,22.270973492102,31.));
#394 = CARTESIAN_POINT('',(121.81560746463,21.048003579851,31.));
#395 = CARTESIAN_POINT('',(121.63275537494,19.825160090926,31.));
#396 = CARTESIAN_POINT('',(121.44882480296,18.602478969578,31.));
#397 = CARTESIAN_POINT('',(121.26354222075,17.38000328404,31.));
#398 = CARTESIAN_POINT('',(121.07659145341,16.157783226528,31.));
#399 = CARTESIAN_POINT('',(120.56688391375,12.862076784591,31.));
#400 = CARTESIAN_POINT('',(120.24276784353,10.804276039432,31.));
#401 = CARTESIAN_POINT('',(119.91456945372,8.766870598031,31.));
#402 = CARTESIAN_POINT('',(119.58159272972,6.754257180654,31.));
#403 = CARTESIAN_POINT('',(119.24314165687,4.770832507565,31.));
#404 = CARTESIAN_POINT('',(118.89852022056,2.820993299029,31.));
#405 = CARTESIAN_POINT('',(118.54703240616,0.90913627531,31.));
#406 = CARTESIAN_POINT('',(117.8289319919,-2.829819961963,31.));
#407 = CARTESIAN_POINT('',(117.46231939205,-4.656919175518,31.));
#408 = CARTESIAN_POINT('',(117.08744838484,-6.437242763726,31.));
#409 = CARTESIAN_POINT('',(116.70362295565,-8.166394006323,31.));
#410 = CARTESIAN_POINT('',(116.31014708984,-9.839976183044,31.));
#411 = CARTESIAN_POINT('',(115.9063247728,-11.45359257362,31.));
#412 = CARTESIAN_POINT('',(115.49145998987,-13.00284645779,31.));
#413 = CARTESIAN_POINT('',(114.74490427888,-15.59371210843,31.));
#414 = CARTESIAN_POINT('',(114.41834893603,-16.66540603656,31.));
#415 = CARTESIAN_POINT('',(114.08489706672,-17.69656803332,31.));
#416 = CARTESIAN_POINT('',(113.74425503979,-18.68534323236,31.));
#417 = CARTESIAN_POINT('',(113.39612922406,-19.62987676731,31.));
#418 = CARTESIAN_POINT('',(113.04022598836,-20.52831377182,31.));
#419 = CARTESIAN_POINT('',(112.67625170152,-21.37879937951,31.));
#420 = CARTESIAN_POINT('',(111.9836098292,-22.86825948509,31.));
#421 = CARTESIAN_POINT('',(111.64454877607,-23.54755173332,31.));
#422 = CARTESIAN_POINT('',(111.28288108075,-24.21589501407,31.));
#423 = CARTESIAN_POINT('',(110.89461681221,-24.87026804748,31.));
#424 = CARTESIAN_POINT('',(110.47578808226,-25.50623914234,31.));
#425 = CARTESIAN_POINT('',(110.02261252726,-26.11811660984,31.));
#426 = CARTESIAN_POINT('',(109.53165678971,-26.69909917738,31.));
#427 = CARTESIAN_POINT('',(109.,-27.24142640236,31.));
#428 = PCURVE('',#32,#429);
#429 = DEFINITIONAL_REPRESENTATION('',(#430),#489);
#430 = B_SPLINE_CURVE_WITH_KNOTS('',8,(#431,#432,#433,#434,#435,#436,
    #437,#438,#439,#440,#441,#442,#443,#444,#445,#446,#447,#448,#449,
    #450,#451,#452,#453,#454,#455,#456,#457,#458,#459,#460,#461,#462,
    #463,#464,#465,#466,#467,#468,#469,#470,#471,#472,#473,#474,#475,
    #476,#477,#478,#479,#480,#481,#482,#483,#484,#485,#486,#487,#488),
  .UNSPECIFIED.,.F.,.F.,(9,7,7,7,7,7,7,7,9),(0.,0.202300163689,
    0.362707159105,0.445184611272,0.527230623021,0.666477675626,
    0.805724728232,0.910160017686,1.),.UNSPECIFIED.);
#431 = CARTESIAN_POINT('',(14.11325,120.5825));
#432 = CARTESIAN_POINT('',(15.054163772444,117.70587729569));
#433 = CARTESIAN_POINT('',(15.744771943595,114.75491964319));
#434 = CARTESIAN_POINT('',(16.226447591996,111.75877097363));
#435 = CARTESIAN_POINT('',(16.535897559237,108.73986018343));
#436 = CARTESIAN_POINT('',(16.703854062877,105.71369302808));
#437 = CARTESIAN_POINT('',(16.75554795457,102.68888588983));
#438 = CARTESIAN_POINT('',(16.711028896788,99.66715458202));
#439 = CARTESIAN_POINT('',(16.486667444014,94.245764510823));
#440 = CARTESIAN_POINT('',(16.336906879241,91.850474232949));
#441 = CARTESIAN_POINT('',(16.144772801004,89.458007185017));
#442 = CARTESIAN_POINT('',(15.917036576056,87.068679911141));
#443 = CARTESIAN_POINT('',(15.659542743994,84.682574886405));
#444 = CARTESIAN_POINT('',(15.377460246361,82.2995162398));
#445 = CARTESIAN_POINT('',(15.075436284739,79.919054439948));
#446 = CARTESIAN_POINT('',(14.594432609006,76.317428301596));
#447 = CARTESIAN_POINT('',(14.42658525354,75.092090651001));
#448 = CARTESIAN_POINT('',(14.254852474846,73.864896947905));
#449 = CARTESIAN_POINT('',(14.079859449544,72.636307100439));
#450 = CARTESIAN_POINT('',(13.902231354257,71.406781016735));
#451 = CARTESIAN_POINT('',(13.722593365606,70.176778604924));
#452 = CARTESIAN_POINT('',(13.541570660214,68.946759773137));
#453 = CARTESIAN_POINT('',(13.178957074027,66.494041007414));
#454 = CARTESIAN_POINT('',(12.997611953006,65.270973492102));
#455 = CARTESIAN_POINT('',(12.815607464639,64.048003579851));
#456 = CARTESIAN_POINT('',(12.632755374944,62.825160090926));
#457 = CARTESIAN_POINT('',(12.448824802963,61.602478969578));
#458 = CARTESIAN_POINT('',(12.263542220759,60.38000328404));
#459 = CARTESIAN_POINT('',(12.076591453415,59.157783226528));
#460 = CARTESIAN_POINT('',(11.566883913757,55.862076784591));
#461 = CARTESIAN_POINT('',(11.242767843531,53.804276039432));
#462 = CARTESIAN_POINT('',(10.914569453729,51.766870598031));
#463 = CARTESIAN_POINT('',(10.58159272972,49.754257180654));
#464 = CARTESIAN_POINT('',(10.243141656877,47.770832507565));
#465 = CARTESIAN_POINT('',(9.898520220568,45.820993299029));
#466 = CARTESIAN_POINT('',(9.547032406164,43.90913627531));
#467 = CARTESIAN_POINT('',(8.828931991907,40.170180038037));
#468 = CARTESIAN_POINT('',(8.462319392054,38.343080824482));
#469 = CARTESIAN_POINT('',(8.087448384846,36.562757236274));
#470 = CARTESIAN_POINT('',(7.703622955655,34.833605993677));
#471 = CARTESIAN_POINT('',(7.310147089849,33.160023816956));
#472 = CARTESIAN_POINT('',(6.906324772801,31.546407426376));
#473 = CARTESIAN_POINT('',(6.491459989879,29.997153542201));
#474 = CARTESIAN_POINT('',(5.744904278886,27.406287891566));
#475 = CARTESIAN_POINT('',(5.418348936035,26.334593963439));
#476 = CARTESIAN_POINT('',(5.084897066729,25.303431966675));
#477 = CARTESIAN_POINT('',(4.744255039796,24.314656767636));
#478 = CARTESIAN_POINT('',(4.396129224065,23.370123232683));
#479 = CARTESIAN_POINT('',(4.040225988364,22.471686228179));
#480 = CARTESIAN_POINT('',(3.67625170152,21.621200620485));
#481 = CARTESIAN_POINT('',(2.983609829208,20.131740514909));
#482 = CARTESIAN_POINT('',(2.644548776079,19.452448266675));
#483 = CARTESIAN_POINT('',(2.282881080758,18.784104985929));
#484 = CARTESIAN_POINT('',(1.894616812214,18.129731952514));
#485 = CARTESIAN_POINT('',(1.475788082269,17.493760857653));
#486 = CARTESIAN_POINT('',(1.022612527262,16.881883390154));
#487 = CARTESIAN_POINT('',(0.531656789715,16.300900822617));
#488 = CARTESIAN_POINT('',(0.,15.75857359764));
#489 = ( GEOMETRIC_REPRESENTATION_CONTEXT(2) 
PARAMETRIC_REPRESENTATION_CONTEXT() REPRESENTATION_CONTEXT('2D SPACE',''
  ) );
#490 = PCURVE('',#491,#546);
#491 = B_SPLINE_SURFACE_WITH_KNOTS('',3,1,(
    (#492,#493)
    ,(#494,#495)
    ,(#496,#497)
    ,(#498,#499)
    ,(#500,#501)
    ,(#502,#503)
    ,(#504,#505)
    ,(#506,#507)
    ,(#508,#509)
    ,(#510,#511)
    ,(#512,#513)
    ,(#514,#515)
    ,(#516,#517)
    ,(#518,#519)
    ,(#520,#521)
    ,(#522,#523)
    ,(#524,#525)
    ,(#526,#527)
    ,(#528,#529)
    ,(#530,#531)
    ,(#532,#533)
    ,(#534,#535)
    ,(#536,#537)
    ,(#538,#539)
    ,(#540,#541)
    ,(#542,#543)
    ,(#544,#545
    )),.UNSPECIFIED.,.T.,.F.,.F.,(1,1,2,1,1,1,1,1,1,1,1,1,1,1,1,1,1,1,1,
    1,1,1,1,1,1,1,2,1,1),(2,2),(-2.,-1.,0.,1.,2.,3.,4.,5.,6.,7.,8.,9.,
    10.,11.,12.,13.,14.,15.,16.,17.,18.,19.,20.,21.,22.,23.,24.,25.,26.)
  ,(0.,1.),.UNSPECIFIED.);
#492 = CARTESIAN_POINT('',(136.955,60.410177777778,18.));
#493 = CARTESIAN_POINT('',(125.775,63.642,34.));
#494 = CARTESIAN_POINT('',(126.763,91.569822222222,18.));
#495 = CARTESIAN_POINT('',(116.415,92.258,34.));
#496 = CARTESIAN_POINT('',(125.68709941498,127.13295861661,18.));
#497 = CARTESIAN_POINT('',(115.42692803416,124.91802321934,34.));
#498 = CARTESIAN_POINT('',(132.43965204755,179.02711150851,18.));
#499 = CARTESIAN_POINT('',(121.6282518804,172.57591873231,34.));
#500 = CARTESIAN_POINT('',(112.77629239479,188.93859534932,18.));
#501 = CARTESIAN_POINT('',(103.57006444419,181.67830185141,34.));
#502 = CARTESIAN_POINT('',(87.216178373266,206.88410709419,18.));
#503 = CARTESIAN_POINT('',(80.096490342795,198.15887386201,34.));
#504 = CARTESIAN_POINT('',(65.794994112142,246.20097627388,18.));
#505 = CARTESIAN_POINT('',(60.42397418462,234.2662027005,34.));
#506 = CARTESIAN_POINT('',(33.714845178167,255.38478781025,18.));
#507 = CARTESIAN_POINT('',(30.962612918725,242.70031533594,34.));
#508 = CARTESIAN_POINT('',(6.251751912385E-04,254.24387248509,18.));
#509 = CARTESIAN_POINT('',(5.741404817489E-04,241.65253595569,34.));
#510 = CARTESIAN_POINT('',(-33.71734587893,255.38612224937,18.));
#511 = CARTESIAN_POINT('',(-30.96490948065,242.70154084126,34.));
#512 = CARTESIAN_POINT('',(-65.78624165946,246.19563851742,18.));
#513 = CARTESIAN_POINT('',(-60.41593621787,234.26130067926,34.));
#514 = CARTESIAN_POINT('',(-87.24868748321,206.90412368094,18.));
#515 = CARTESIAN_POINT('',(-80.12634564784,198.17725644168,34.));
#516 = CARTESIAN_POINT('',(-112.6550084076,188.86386675878,18.));
#517 = CARTESIAN_POINT('',(-103.4586811907,181.60967355398,34.));
#518 = CARTESIAN_POINT('',(-132.892278886,179.30600928391,18.));
#519 = CARTESIAN_POINT('',(-122.0439295891,172.83204934236,34.));
#520 = CARTESIAN_POINT('',(-123.9978760482,126.09209610557,18.));
#521 = CARTESIAN_POINT('',(-113.8756004524,123.96212907654,34.));
#522 = CARTESIAN_POINT('',(-133.6052169209,77.672806293809,18.));
#523 = CARTESIAN_POINT('',(-122.6986686008,79.495434351457,34.));
#524 = CARTESIAN_POINT('',(-132.7352562679,19.156678719195,18.));
#525 = CARTESIAN_POINT('',(-121.899725144,25.756133517628,34.));
#526 = CARTESIAN_POINT('',(-120.874758007,-44.10352117058,18.));
#527 = CARTESIAN_POINT('',(-111.0074308228,-32.33996842196,34.));
#528 = CARTESIAN_POINT('',(-100.3907117036,-37.95379403684,18.));
#529 = CARTESIAN_POINT('',(-92.19555156461,-26.69225982975,34.));
#530 = CARTESIAN_POINT('',(-39.39639517816,-39.62930268205,18.));
#531 = CARTESIAN_POINT('',(-36.18036291872,-28.23099225902,34.));
#532 = CARTESIAN_POINT('',(-8.70758364444E-03,-39.07699523496,18.));
#533 = CARTESIAN_POINT('',(-7.996760489795E-03,-27.72377113414,34.));
#534 = CARTESIAN_POINT('',(39.431225512745,-39.6107163781,18.));
#535 = CARTESIAN_POINT('',(36.212349960684,-28.21392320438,34.));
#536 = CARTESIAN_POINT('',(100.26880553266,-38.0281392526,18.));
#537 = CARTESIAN_POINT('',(92.083596917755,-26.7605360483,34.));
#538 = CARTESIAN_POINT('',(121.32755235659,-43.82472661147,18.));
#539 = CARTESIAN_POINT('',(111.42326236829,-32.08393260237,34.));
#540 = CARTESIAN_POINT('',(131.04598504097,18.115845698518,18.));
#541 = CARTESIAN_POINT('',(120.34835360905,24.800266457822,34.));
#542 = CARTESIAN_POINT('',(136.955,60.410177777778,18.));
#543 = CARTESIAN_POINT('',(125.775,63.642,34.));
#544 = CARTESIAN_POINT('',(126.763,91.569822222222,18.));
#545 = CARTESIAN_POINT('',(116.415,92.258,34.));
#546 = DEFINITIONAL_REPRESENTATION('',(#547),#606);
#547 = B_SPLINE_CURVE_WITH_KNOTS('',8,(#548,#549,#550,#551,#552,#553,
    #554,#555,#556,#557,#558,#559,#560,#561,#562,#563,#564,#565,#566,
    #567,#568,#569,#570,#571,#572,#573,#574,#575,#576,#577,#578,#579,
    #580,#581,#582,#583,#584,#585,#586,#587,#588,#589,#590,#591,#592,
    #593,#594,#595,#596,#597,#598,#599,#600,#601,#602,#603,#604,#605),
  .UNSPECIFIED.,.F.,.F.,(9,7,7,7,7,7,7,7,9),(0.,0.202300163689,
    0.362707159105,0.445184611272,0.527230623021,0.666477675626,
    0.805724728232,0.910160017686,1.),.UNSPECIFIED.);
#548 = CARTESIAN_POINT('',(24.,0.8125));
#549 = CARTESIAN_POINT('',(23.934081983155,0.8125));
#550 = CARTESIAN_POINT('',(23.870009663252,0.8125));
#551 = CARTESIAN_POINT('',(23.807777054401,0.8125));
#552 = CARTESIAN_POINT('',(23.747316737291,0.8125));
#553 = CARTESIAN_POINT('',(23.688512370176,0.8125));
#554 = CARTESIAN_POINT('',(23.631192042941,0.8125));
#555 = CARTESIAN_POINT('',(23.575122691111,0.8125));
#556 = CARTESIAN_POINT('',(23.476292347474,0.8125));
#557 = CARTESIAN_POINT('',(23.433245616623,0.8125));
#558 = CARTESIAN_POINT('',(23.390760753472,0.8125));
#559 = CARTESIAN_POINT('',(23.348753248656,0.8125));
#560 = CARTESIAN_POINT('',(23.307146175402,0.8125));
#561 = CARTESIAN_POINT('',(23.265866371328,0.8125));
#562 = CARTESIAN_POINT('',(23.224842033977,0.8125));
#563 = CARTESIAN_POINT('',(23.163,0.8125));
#564 = CARTESIAN_POINT('',(23.142,0.8125));
#565 = CARTESIAN_POINT('',(23.121,0.8125));
#566 = CARTESIAN_POINT('',(23.1,0.8125));
#567 = CARTESIAN_POINT('',(23.079,0.8125));
#568 = CARTESIAN_POINT('',(23.058,0.8125));
#569 = CARTESIAN_POINT('',(23.037,0.8125));
#570 = CARTESIAN_POINT('',(22.995109851221,0.8125));
#571 = CARTESIAN_POINT('',(22.974215805196,0.8125));
#572 = CARTESIAN_POINT('',(22.953304912385,0.8125));
#573 = CARTESIAN_POINT('',(22.932363587352,0.8125));
#574 = CARTESIAN_POINT('',(22.911377608766,0.8125));
#575 = CARTESIAN_POINT('',(22.890332119406,0.8125));
#576 = CARTESIAN_POINT('',(22.869211626154,0.8125));
#577 = CARTESIAN_POINT('',(22.812,0.8125));
#578 = CARTESIAN_POINT('',(22.776,0.8125));
#579 = CARTESIAN_POINT('',(22.74,0.8125));
#580 = CARTESIAN_POINT('',(22.704,0.8125));
#581 = CARTESIAN_POINT('',(22.668,0.8125));
#582 = CARTESIAN_POINT('',(22.632,0.8125));
#583 = CARTESIAN_POINT('',(22.596,0.8125));
#584 = CARTESIAN_POINT('',(22.524,0.8125));
#585 = CARTESIAN_POINT('',(22.488,0.8125));
#586 = CARTESIAN_POINT('',(22.452,0.8125));
#587 = CARTESIAN_POINT('',(22.416,0.8125));
#588 = CARTESIAN_POINT('',(22.38,0.8125));
#589 = CARTESIAN_POINT('',(22.344,0.8125));
#590 = CARTESIAN_POINT('',(22.308,0.8125));
#591 = CARTESIAN_POINT('',(22.245,0.8125));
#592 = CARTESIAN_POINT('',(22.218,0.8125));
#593 = CARTESIAN_POINT('',(22.191,0.8125));
#594 = CARTESIAN_POINT('',(22.164,0.8125));
#595 = CARTESIAN_POINT('',(22.137,0.8125));
#596 = CARTESIAN_POINT('',(22.11,0.8125));
#597 = CARTESIAN_POINT('',(22.083,0.8125));
#598 = CARTESIAN_POINT('',(22.032773372917,0.8125));
#599 = CARTESIAN_POINT('',(22.008642734229,0.8125));
#600 = CARTESIAN_POINT('',(21.983378066171,0.8125));
#601 = CARTESIAN_POINT('',(21.956808806128,0.8125));
#602 = CARTESIAN_POINT('',(21.928823915139,0.8125));
#603 = CARTESIAN_POINT('',(21.89937194639,0.8125));
#604 = CARTESIAN_POINT('',(21.868461113708,0.8125));
#605 = CARTESIAN_POINT('',(21.836159360063,0.8125));
#606 = ( GEOMETRIC_REPRESENTATION_CONTEXT(2) 
PARAMETRIC_REPRESENTATION_CONTEXT() REPRESENTATION_CONTEXT('2D SPACE',''
  ) );
#607 = ADVANCED_FACE('',(#608),#44,.T.);
#608 = FACE_BOUND('',#609,.T.);
#609 = EDGE_LOOP('',(#610,#640,#666,#777,#831,#832,#897));
#610 = ORIENTED_EDGE('',*,*,#611,.F.);
#611 = EDGE_CURVE('',#612,#614,#616,.T.);
#612 = VERTEX_POINT('',#613);
#613 = CARTESIAN_POINT('',(109.,-43.,2.));
#614 = VERTEX_POINT('',#615);
#615 = CARTESIAN_POINT('',(109.,-43.,19.605187854173));
#616 = SURFACE_CURVE('',#617,(#621,#628),.PCURVE_S1.);
#617 = LINE('',#618,#619);
#618 = CARTESIAN_POINT('',(109.,-43.,1.));
#619 = VECTOR('',#620,1.);
#620 = DIRECTION('',(0.,0.,1.));
#621 = PCURVE('',#44,#622);
#622 = DEFINITIONAL_REPRESENTATION('',(#623),#627);
#623 = LINE('',#624,#625);
#624 = CARTESIAN_POINT('',(0.,0.));
#625 = VECTOR('',#626,1.);
#626 = DIRECTION('',(1.,0.));
#627 = ( GEOMETRIC_REPRESENTATION_CONTEXT(2) 
PARAMETRIC_REPRESENTATION_CONTEXT() REPRESENTATION_CONTEXT('2D SPACE',''
  ) );
#628 = PCURVE('',#629,#634);
#629 = PLANE('',#630);
#630 = AXIS2_PLACEMENT_3D('',#631,#632,#633);
#631 = CARTESIAN_POINT('',(109.,-43.,1.));
#632 = DIRECTION('',(0.,1.,0.));
#633 = DIRECTION('',(0.,0.,1.));
#634 = DEFINITIONAL_REPRESENTATION('',(#635),#639);
#635 = LINE('',#636,#637);
#636 = CARTESIAN_POINT('',(0.,0.));
#637 = VECTOR('',#638,1.);
#638 = DIRECTION('',(1.,0.));
#639 = ( GEOMETRIC_REPRESENTATION_CONTEXT(2) 
PARAMETRIC_REPRESENTATION_CONTEXT() REPRESENTATION_CONTEXT('2D SPACE',''
  ) );
#640 = ORIENTED_EDGE('',*,*,#641,.T.);
#641 = EDGE_CURVE('',#612,#642,#644,.T.);
#642 = VERTEX_POINT('',#643);
#643 = CARTESIAN_POINT('',(109.,-42.73644569592,2.));
#644 = SURFACE_CURVE('',#645,(#649,#655),.PCURVE_S1.);
#645 = LINE('',#646,#647);
#646 = CARTESIAN_POINT('',(109.,16.,2.));
#647 = VECTOR('',#648,1.);
#648 = DIRECTION('',(0.,1.,-1.023874940306E-18));
#649 = PCURVE('',#44,#650);
#650 = DEFINITIONAL_REPRESENTATION('',(#651),#654);
#651 = B_SPLINE_CURVE_WITH_KNOTS('',1,(#652,#653),.UNSPECIFIED.,.F.,.F.,
  (2,2),(-59.,84.),.PIECEWISE_BEZIER_KNOTS.);
#652 = CARTESIAN_POINT('',(1.,0.));
#653 = CARTESIAN_POINT('',(1.,-143.));
#654 = ( GEOMETRIC_REPRESENTATION_CONTEXT(2) 
PARAMETRIC_REPRESENTATION_CONTEXT() REPRESENTATION_CONTEXT('2D SPACE',''
  ) );
#655 = PCURVE('',#656,#661);
#656 = PLANE('',#657);
#657 = AXIS2_PLACEMENT_3D('',#658,#659,#660);
#658 = CARTESIAN_POINT('',(138.,75.,2.));
#659 = DIRECTION('',(-4.399158488766E-19,1.023874940306E-18,1.));
#660 = DIRECTION('',(-0.938578553396,0.345065644631,-7.661996473529E-19)
  );
#661 = DEFINITIONAL_REPRESENTATION('',(#662),#665);
#662 = B_SPLINE_CURVE_WITH_KNOTS('',1,(#663,#664),.UNSPECIFIED.,.F.,.F.,
  (2,2),(-59.,84.),.PIECEWISE_BEZIER_KNOTS.);
#663 = CARTESIAN_POINT('',(-13.49896801796,120.75917299505));
#664 = CARTESIAN_POINT('',(35.845419164266,-13.4575601406));
#665 = ( GEOMETRIC_REPRESENTATION_CONTEXT(2) 
PARAMETRIC_REPRESENTATION_CONTEXT() REPRESENTATION_CONTEXT('2D SPACE',''
  ) );
#666 = ORIENTED_EDGE('',*,*,#667,.T.);
#667 = EDGE_CURVE('',#642,#668,#670,.T.);
#668 = VERTEX_POINT('',#669);
#669 = CARTESIAN_POINT('',(109.,-39.76170926098,18.));
#670 = SURFACE_CURVE('',#671,(#686,#704),.PCURVE_S1.);
#671 = B_SPLINE_CURVE_WITH_KNOTS('',4,(#672,#673,#674,#675,#676,#677,
    #678,#679,#680,#681,#682,#683,#684,#685),.UNSPECIFIED.,.F.,.F.,(5,3,
    3,3,5),(0.,0.261813923398,0.507747472002,0.753802877985,1.),
  .UNSPECIFIED.);
#672 = CARTESIAN_POINT('',(109.,-42.73644918857,1.99998068));
#673 = CARTESIAN_POINT('',(109.,-42.54695396245,3.048196485847));
#674 = CARTESIAN_POINT('',(109.,-42.35670510224,4.09627632198));
#675 = CARTESIAN_POINT('',(109.,-42.165648709,5.144209650014));
#676 = CARTESIAN_POINT('',(109.,-41.79343962472,7.176205749166));
#677 = CARTESIAN_POINT('',(109.,-41.61238910096,8.160287188383));
#678 = CARTESIAN_POINT('',(109.,-41.4305212011,9.144218320611));
#679 = CARTESIAN_POINT('',(109.,-41.06494551956,11.112243816806));
#680 = CARTESIAN_POINT('',(109.,-40.88123684149,12.096338007548));
#681 = CARTESIAN_POINT('',(109.,-40.69659523175,13.080258104823));
#682 = CARTESIAN_POINT('',(109.,-40.32520962703,15.048289211394));
#683 = CARTESIAN_POINT('',(109.,-40.13846444903,16.032399988791));
#684 = CARTESIAN_POINT('',(109.,-39.95065545136,17.016308940427));
#685 = CARTESIAN_POINT('',(109.,-39.76170926098,18.));
#686 = PCURVE('',#44,#687);
#687 = DEFINITIONAL_REPRESENTATION('',(#688),#703);
#688 = B_SPLINE_CURVE_WITH_KNOTS('',4,(#689,#690,#691,#692,#693,#694,
    #695,#696,#697,#698,#699,#700,#701,#702),.UNSPECIFIED.,.F.,.F.,(5,3,
    3,3,5),(0.,0.261813923398,0.507747472002,0.753802877985,1.),
  .UNSPECIFIED.);
#689 = CARTESIAN_POINT('',(0.99998068,-0.26355081143));
#690 = CARTESIAN_POINT('',(2.048196485847,-0.45304603755));
#691 = CARTESIAN_POINT('',(3.09627632198,-0.643294897753));
#692 = CARTESIAN_POINT('',(4.144209650014,-0.834351290993));
#693 = CARTESIAN_POINT('',(6.176205749166,-1.206560375276));
#694 = CARTESIAN_POINT('',(7.160287188383,-1.387610899036));
#695 = CARTESIAN_POINT('',(8.144218320611,-1.569478798892));
#696 = CARTESIAN_POINT('',(10.112243816806,-1.935054480438));
#697 = CARTESIAN_POINT('',(11.096338007548,-2.118763158501));
#698 = CARTESIAN_POINT('',(12.080258104823,-2.303404768241));
#699 = CARTESIAN_POINT('',(14.048289211394,-2.674790372963));
#700 = CARTESIAN_POINT('',(15.032399988791,-2.861535550964));
#701 = CARTESIAN_POINT('',(16.016308940427,-3.049344548637));
#702 = CARTESIAN_POINT('',(17.,-3.238290739015));
#703 = ( GEOMETRIC_REPRESENTATION_CONTEXT(2) 
PARAMETRIC_REPRESENTATION_CONTEXT() REPRESENTATION_CONTEXT('2D SPACE',''
  ) );
#704 = PCURVE('',#705,#760);
#705 = B_SPLINE_SURFACE_WITH_KNOTS('',3,1,(
    (#706,#707)
    ,(#708,#709)
    ,(#710,#711)
    ,(#712,#713)
    ,(#714,#715)
    ,(#716,#717)
    ,(#718,#719)
    ,(#720,#721)
    ,(#722,#723)
    ,(#724,#725)
    ,(#726,#727)
    ,(#728,#729)
    ,(#730,#731)
    ,(#732,#733)
    ,(#734,#735)
    ,(#736,#737)
    ,(#738,#739)
    ,(#740,#741)
    ,(#742,#743)
    ,(#744,#745)
    ,(#746,#747)
    ,(#748,#749)
    ,(#750,#751)
    ,(#752,#753)
    ,(#754,#755)
    ,(#756,#757)
    ,(#758,#759
    )),.UNSPECIFIED.,.T.,.F.,.F.,(1,1,2,1,1,1,1,1,1,1,1,1,1,1,1,1,1,1,1,
    1,1,1,1,1,1,1,2,1,1),(2,2),(-2.,-1.,0.,1.,2.,3.,4.,5.,6.,7.,8.,9.,
    10.,11.,12.,13.,14.,15.,16.,17.,18.,19.,20.,21.,22.,23.,24.,25.,26.)
  ,(0.,1.),.UNSPECIFIED.);
#706 = CARTESIAN_POINT('',(139.75,59.602222222222,1.9));
#707 = CARTESIAN_POINT('',(136.955,60.410177777778,18.));
#708 = CARTESIAN_POINT('',(129.35,91.397777777778,1.9));
#709 = CARTESIAN_POINT('',(126.763,91.569822222222,18.));
#710 = CARTESIAN_POINT('',(128.25214226018,127.68669246593,1.9));
#711 = CARTESIAN_POINT('',(125.68709941498,127.13295861661,18.));
#712 = CARTESIAN_POINT('',(135.14250208934,180.63990970256,1.9));
#713 = CARTESIAN_POINT('',(132.43965204755,179.02711150851,18.));
#714 = CARTESIAN_POINT('',(115.07784938244,190.75366872379,1.9));
#715 = CARTESIAN_POINT('',(112.77629239479,188.93859534932,18.));
#716 = CARTESIAN_POINT('',(88.996100380884,209.06541540224,1.9));
#717 = CARTESIAN_POINT('',(87.216178373266,206.88410709419,18.));
#718 = CARTESIAN_POINT('',(67.137749094022,249.18466966723,1.9));
#719 = CARTESIAN_POINT('',(65.794994112142,246.20097627388,18.));
#720 = CARTESIAN_POINT('',(34.402903243027,258.55590592883,1.9));
#721 = CARTESIAN_POINT('',(33.714845178167,255.38478781025,18.));
#722 = CARTESIAN_POINT('',(6.379338686083E-04,257.39170661744,1.9));
#723 = CARTESIAN_POINT('',(6.251751912385E-04,254.24387248509,18.));
#724 = CARTESIAN_POINT('',(-34.4054549785,258.5572676014,1.9));
#725 = CARTESIAN_POINT('',(-33.71734587893,255.38612224937,18.));
#726 = CARTESIAN_POINT('',(-67.12881801986,249.17922297695,1.9));
#727 = CARTESIAN_POINT('',(-65.78624165946,246.19563851742,18.));
#728 = CARTESIAN_POINT('',(-89.02927294205,209.08584049076,1.9));
#729 = CARTESIAN_POINT('',(-87.24868748321,206.90412368094,18.));
#730 = CARTESIAN_POINT('',(-114.9540902119,190.67741505998,1.9));
#731 = CARTESIAN_POINT('',(-112.6550084076,188.86386675878,18.));
#732 = CARTESIAN_POINT('',(-135.6043662102,180.92449926929,1.9));
#733 = CARTESIAN_POINT('',(-132.892278886,179.30600928391,18.));
#734 = CARTESIAN_POINT('',(-126.5284449472,126.62458786282,1.9));
#735 = CARTESIAN_POINT('',(-123.9978760482,126.09209610557,18.));
#736 = CARTESIAN_POINT('',(-136.3318540009,77.217149279397,1.9));
#737 = CARTESIAN_POINT('',(-133.6052169209,77.672806293809,18.));
#738 = CARTESIAN_POINT('',(-135.4441390489,17.506815019587,1.9));
#739 = CARTESIAN_POINT('',(-132.7352562679,19.156678719195,18.));
#740 = CARTESIAN_POINT('',(-123.3415898031,-47.04440935774,1.9));
#741 = CARTESIAN_POINT('',(-120.874758007,-44.10352117058,18.));
#742 = CARTESIAN_POINT('',(-102.4395017384,-40.76917758861,1.9));
#743 = CARTESIAN_POINT('',(-100.3907117036,-37.95379403684,18.));
#744 = CARTESIAN_POINT('',(-40.20040324302,-42.4788802878,1.9));
#745 = CARTESIAN_POINT('',(-39.39639517816,-39.62930268205,18.));
#746 = CARTESIAN_POINT('',(-8.885289433107E-03,-41.91530126016,1.9));
#747 = CARTESIAN_POINT('',(-8.70758364444E-03,-39.07699523496,18.));
#748 = CARTESIAN_POINT('',(40.23594440076,-42.45991467154,1.9));
#749 = CARTESIAN_POINT('',(39.431225512745,-39.6107163781,18.));
#750 = CARTESIAN_POINT('',(102.31510768639,-40.84504005367,1.9));
#751 = CARTESIAN_POINT('',(100.26880553266,-38.0281392526,18.));
#752 = CARTESIAN_POINT('',(123.80362485366,-46.75992511375,1.9));
#753 = CARTESIAN_POINT('',(121.32755235659,-43.82472661147,18.));
#754 = CARTESIAN_POINT('',(133.72039289895,16.444740508692,1.9));
#755 = CARTESIAN_POINT('',(131.04598504097,18.115845698518,18.));
#756 = CARTESIAN_POINT('',(139.75,59.602222222222,1.9));
#757 = CARTESIAN_POINT('',(136.955,60.410177777778,18.));
#758 = CARTESIAN_POINT('',(129.35,91.397777777778,1.9));
#759 = CARTESIAN_POINT('',(126.763,91.569822222222,18.));
#760 = DEFINITIONAL_REPRESENTATION('',(#761),#776);
#761 = B_SPLINE_CURVE_WITH_KNOTS('',4,(#762,#763,#764,#765,#766,#767,
    #768,#769,#770,#771,#772,#773,#774,#775),.UNSPECIFIED.,.F.,.F.,(5,3,
    3,3,5),(0.,0.261813923398,0.507747472002,0.753802877985,1.),
  .UNSPECIFIED.);
#762 = CARTESIAN_POINT('',(21.38885953603,6.209980124221E-03));
#763 = CARTESIAN_POINT('',(21.393894958462,7.131655191598E-02));
#764 = CARTESIAN_POINT('',(21.398982356188,0.136414678384));
#765 = CARTESIAN_POINT('',(21.404123086119,0.20150370497));
#766 = CARTESIAN_POINT('',(21.414198978927,0.327714642805));
#767 = CARTESIAN_POINT('',(21.419127697643,0.388837713564));
#768 = CARTESIAN_POINT('',(21.424105959464,0.449951448485));
#769 = CARTESIAN_POINT('',(21.434166624188,0.572189056944));
#770 = CARTESIAN_POINT('',(21.439249077586,0.633312919723));
#771 = CARTESIAN_POINT('',(21.444383689542,0.694425969244));
#772 = CARTESIAN_POINT('',(21.454762950017,0.816663926174));
#773 = CARTESIAN_POINT('',(21.460007660303,0.87778881918));
#774 = CARTESIAN_POINT('',(21.46530732467,0.938901176424));
#775 = CARTESIAN_POINT('',(21.470663396915,1.));
#776 = ( GEOMETRIC_REPRESENTATION_CONTEXT(2) 
PARAMETRIC_REPRESENTATION_CONTEXT() REPRESENTATION_CONTEXT('2D SPACE',''
  ) );
#777 = ORIENTED_EDGE('',*,*,#778,.T.);
#778 = EDGE_CURVE('',#668,#24,#779,.T.);
#779 = SURFACE_CURVE('',#780,(#795,#813),.PCURVE_S1.);
#780 = B_SPLINE_CURVE_WITH_KNOTS('',7,(#781,#782,#783,#784,#785,#786,
    #787,#788,#789,#790,#791,#792,#793,#794),.UNSPECIFIED.,.F.,.F.,(8,6,
    8),(0.,0.469859775268,1.),.UNSPECIFIED.);
#781 = CARTESIAN_POINT('',(109.,-39.76170926098,18.));
#782 = CARTESIAN_POINT('',(109.,-39.01871782161,18.961033462099));
#783 = CARTESIAN_POINT('',(109.,-38.26575413976,19.914331839835));
#784 = CARTESIAN_POINT('',(109.,-37.50134952863,20.858644000602));
#785 = CARTESIAN_POINT('',(109.,-36.72394359972,21.792440819106));
#786 = CARTESIAN_POINT('',(109.,-35.93188227142,22.713914210666));
#787 = CARTESIAN_POINT('',(109.,-35.12349934987,23.621046260114));
#788 = CARTESIAN_POINT('',(109.,-33.36506478833,25.516722870622));
#789 = CARTESIAN_POINT('',(109.,-32.41009285395,26.500836338296));
#790 = CARTESIAN_POINT('',(109.,-31.43036915615,27.460891524991));
#791 = CARTESIAN_POINT('',(109.,-30.42420061483,28.393580403332));
#792 = CARTESIAN_POINT('',(109.,-29.3904812243,29.295791756005));
#793 = CARTESIAN_POINT('',(109.,-28.32917562452,30.165126531272));
#794 = CARTESIAN_POINT('',(109.,-27.24142640236,31.));
#795 = PCURVE('',#44,#796);
#796 = DEFINITIONAL_REPRESENTATION('',(#797),#812);
#797 = B_SPLINE_CURVE_WITH_KNOTS('',7,(#798,#799,#800,#801,#802,#803,
    #804,#805,#806,#807,#808,#809,#810,#811),.UNSPECIFIED.,.F.,.F.,(8,6,
    8),(0.,0.469859775268,1.),.UNSPECIFIED.);
#798 = CARTESIAN_POINT('',(17.,-3.238290739015));
#799 = CARTESIAN_POINT('',(17.961033462099,-3.981282178381));
#800 = CARTESIAN_POINT('',(18.914331839835,-4.73424586024));
#801 = CARTESIAN_POINT('',(19.858644000602,-5.49865047137));
#802 = CARTESIAN_POINT('',(20.792440819106,-6.276056400277));
#803 = CARTESIAN_POINT('',(21.713914210666,-7.068117728572));
#804 = CARTESIAN_POINT('',(22.621046260114,-7.876500650129));
#805 = CARTESIAN_POINT('',(24.516722870622,-9.634935211666));
#806 = CARTESIAN_POINT('',(25.500836338296,-10.58990714604));
#807 = CARTESIAN_POINT('',(26.460891524991,-11.56963084384));
#808 = CARTESIAN_POINT('',(27.393580403332,-12.57579938516));
#809 = CARTESIAN_POINT('',(28.295791756005,-13.60951877569));
#810 = CARTESIAN_POINT('',(29.165126531272,-14.67082437548));
#811 = CARTESIAN_POINT('',(30.,-15.75857359764));
#812 = ( GEOMETRIC_REPRESENTATION_CONTEXT(2) 
PARAMETRIC_REPRESENTATION_CONTEXT() REPRESENTATION_CONTEXT('2D SPACE',''
  ) );
#813 = PCURVE('',#491,#814);
#814 = DEFINITIONAL_REPRESENTATION('',(#815),#830);
#815 = B_SPLINE_CURVE_WITH_KNOTS('',7,(#816,#817,#818,#819,#820,#821,
    #822,#823,#824,#825,#826,#827,#828,#829),.UNSPECIFIED.,.F.,.F.,(8,6,
    8),(0.,0.469859775268,1.),.UNSPECIFIED.);
#816 = CARTESIAN_POINT('',(21.470663396915,0.));
#817 = CARTESIAN_POINT('',(21.491725032602,6.006459138116E-02));
#818 = CARTESIAN_POINT('',(21.513396418333,0.11964573999));
#819 = CARTESIAN_POINT('',(21.535687036186,0.178665250038));
#820 = CARTESIAN_POINT('',(21.558597983275,0.237027551194));
#821 = CARTESIAN_POINT('',(21.582117740014,0.294619638167));
#822 = CARTESIAN_POINT('',(21.606218647409,0.351315391257));
#823 = CARTESIAN_POINT('',(21.658650132836,0.469795179414));
#824 = CARTESIAN_POINT('',(21.687128223516,0.531302271144));
#825 = CARTESIAN_POINT('',(21.716216262689,0.591305720312));
#826 = CARTESIAN_POINT('',(21.745811072613,0.649598775208));
#827 = CARTESIAN_POINT('',(21.775774875295,0.70598698475));
#828 = CARTESIAN_POINT('',(21.805946572004,0.760320408204));
#829 = CARTESIAN_POINT('',(21.836159360063,0.8125));
#830 = ( GEOMETRIC_REPRESENTATION_CONTEXT(2) 
PARAMETRIC_REPRESENTATION_CONTEXT() REPRESENTATION_CONTEXT('2D SPACE',''
  ) );
#831 = ORIENTED_EDGE('',*,*,#21,.F.);
#832 = ORIENTED_EDGE('',*,*,#833,.F.);
#833 = EDGE_CURVE('',#834,#22,#836,.T.);
#834 = VERTEX_POINT('',#835);
#835 = CARTESIAN_POINT('',(109.,-42.76416732913,21.));
#836 = SURFACE_CURVE('',#837,(#855,#876),.PCURVE_S1.);
#837 = B_SPLINE_CURVE_WITH_KNOTS('',6,(#838,#839,#840,#841,#842,#843,
    #844,#845,#846,#847,#848,#849,#850,#851,#852,#853,#854),
  .UNSPECIFIED.,.F.,.F.,(7,5,5,7),(0.,0.468538032396,0.951324464859,1.),
  .UNSPECIFIED.);
#838 = CARTESIAN_POINT('',(109.,-42.76416732913,21.));
#839 = CARTESIAN_POINT('',(109.,-42.17232553451,21.806428244803));
#840 = CARTESIAN_POINT('',(109.,-41.57654224331,22.609960547902));
#841 = CARTESIAN_POINT('',(109.,-40.97619072787,23.410115574647));
#842 = CARTESIAN_POINT('',(109.,-40.37056032533,24.206306460945));
#843 = CARTESIAN_POINT('',(109.,-39.75884686161,24.997833779831));
#844 = CARTESIAN_POINT('',(109.,-38.50262429753,26.593827122337));
#845 = CARTESIAN_POINT('',(109.,-37.85769469063,27.397941294979));
#846 = CARTESIAN_POINT('',(109.,-37.20435823592,28.195333100346));
#847 = CARTESIAN_POINT('',(109.,-36.54154884436,28.9849357363));
#848 = CARTESIAN_POINT('',(109.,-35.86813345328,29.765506338653));
#849 = CARTESIAN_POINT('',(109.,-35.11392167678,30.613350503062));
#850 = CARTESIAN_POINT('',(109.,-35.04472589258,30.690897247269));
#851 = CARTESIAN_POINT('',(109.,-34.97540994499,30.768336989242));
#852 = CARTESIAN_POINT('',(109.,-34.90597271796,30.845668315274));
#853 = CARTESIAN_POINT('',(109.,-34.83641310167,30.92288979872));
#854 = CARTESIAN_POINT('',(109.,-34.7667299926,31.));
#855 = PCURVE('',#44,#856);
#856 = DEFINITIONAL_REPRESENTATION('',(#857),#875);
#857 = B_SPLINE_CURVE_WITH_KNOTS('',6,(#858,#859,#860,#861,#862,#863,
    #864,#865,#866,#867,#868,#869,#870,#871,#872,#873,#874),
  .UNSPECIFIED.,.F.,.F.,(7,5,5,7),(0.,0.468538032396,0.951324464859,1.),
  .UNSPECIFIED.);
#858 = CARTESIAN_POINT('',(20.,-0.235832670861));
#859 = CARTESIAN_POINT('',(20.806428244803,-0.827674465484));
#860 = CARTESIAN_POINT('',(21.609960547902,-1.423457756687));
#861 = CARTESIAN_POINT('',(22.410115574647,-2.023809272128));
#862 = CARTESIAN_POINT('',(23.206306460945,-2.629439674662));
#863 = CARTESIAN_POINT('',(23.997833779831,-3.24115313839));
#864 = CARTESIAN_POINT('',(25.593827122337,-4.49737570247));
#865 = CARTESIAN_POINT('',(26.397941294979,-5.142305309367));
#866 = CARTESIAN_POINT('',(27.195333100346,-5.79564176408));
#867 = CARTESIAN_POINT('',(27.9849357363,-6.458451155631));
#868 = CARTESIAN_POINT('',(28.765506338653,-7.131866546711));
#869 = CARTESIAN_POINT('',(29.613350503062,-7.886078323216));
#870 = CARTESIAN_POINT('',(29.690897247269,-7.955274107416));
#871 = CARTESIAN_POINT('',(29.768336989242,-8.024590055002));
#872 = CARTESIAN_POINT('',(29.845668315274,-8.09402728204));
#873 = CARTESIAN_POINT('',(29.92288979872,-8.163586898328));
#874 = CARTESIAN_POINT('',(30.,-8.233270007393));
#875 = ( GEOMETRIC_REPRESENTATION_CONTEXT(2) 
PARAMETRIC_REPRESENTATION_CONTEXT() REPRESENTATION_CONTEXT('2D SPACE',''
  ) );
#876 = PCURVE('',#210,#877);
#877 = DEFINITIONAL_REPRESENTATION('',(#878),#896);
#878 = B_SPLINE_CURVE_WITH_KNOTS('',6,(#879,#880,#881,#882,#883,#884,
    #885,#886,#887,#888,#889,#890,#891,#892,#893,#894,#895),
  .UNSPECIFIED.,.F.,.F.,(7,5,5,7),(0.,0.468538032396,0.951324464859,1.),
  .UNSPECIFIED.);
#879 = CARTESIAN_POINT('',(21.368863484726,0.));
#880 = CARTESIAN_POINT('',(21.384363764009,5.04017653002E-02));
#881 = CARTESIAN_POINT('',(21.400260795674,0.100622534244));
#882 = CARTESIAN_POINT('',(21.416567992863,0.150632223415));
#883 = CARTESIAN_POINT('',(21.433297602291,0.200394153809));
#884 = CARTESIAN_POINT('',(21.450459233455,0.249864611239));
#885 = CARTESIAN_POINT('',(21.486192738471,0.349614195146));
#886 = CARTESIAN_POINT('',(21.504791310569,0.399871330936));
#887 = CARTESIAN_POINT('',(21.523860155513,0.449708318772));
#888 = CARTESIAN_POINT('',(21.543399470656,0.499058483519));
#889 = CARTESIAN_POINT('',(21.563400762225,0.547844146166));
#890 = CARTESIAN_POINT('',(21.585905328787,0.600834406441));
#891 = CARTESIAN_POINT('',(21.587970967178,0.605681077954));
#892 = CARTESIAN_POINT('',(21.590041077485,0.610521061828));
#893 = CARTESIAN_POINT('',(21.592115638196,0.615354269705));
#894 = CARTESIAN_POINT('',(21.59419462468,0.62018061242));
#895 = CARTESIAN_POINT('',(21.596278009177,0.625));
#896 = ( GEOMETRIC_REPRESENTATION_CONTEXT(2) 
PARAMETRIC_REPRESENTATION_CONTEXT() REPRESENTATION_CONTEXT('2D SPACE',''
  ) );
#897 = ORIENTED_EDGE('',*,*,#898,.F.);
#898 = EDGE_CURVE('',#614,#834,#899,.T.);
#899 = SURFACE_CURVE('',#900,(#906,#915),.PCURVE_S1.);
#900 = B_SPLINE_CURVE_WITH_KNOTS('',4,(#901,#902,#903,#904,#905),
  .UNSPECIFIED.,.F.,.F.,(5,5),(0.,1.),.PIECEWISE_BEZIER_KNOTS.);
#901 = CARTESIAN_POINT('',(109.,-43.,19.605187854173));
#902 = CARTESIAN_POINT('',(109.,-42.94113672678,19.95390686441));
#903 = CARTESIAN_POINT('',(109.,-42.88221116724,20.302615400811));
#904 = CARTESIAN_POINT('',(109.,-42.82322187101,20.651313204069));
#905 = CARTESIAN_POINT('',(109.,-42.76416732913,21.));
#906 = PCURVE('',#44,#907);
#907 = DEFINITIONAL_REPRESENTATION('',(#908),#914);
#908 = B_SPLINE_CURVE_WITH_KNOTS('',4,(#909,#910,#911,#912,#913),
  .UNSPECIFIED.,.F.,.F.,(5,5),(0.,1.),.PIECEWISE_BEZIER_KNOTS.);
#909 = CARTESIAN_POINT('',(18.605187854173,0.));
#910 = CARTESIAN_POINT('',(18.95390686441,-5.886327321184E-02));
#911 = CARTESIAN_POINT('',(19.302615400811,-0.117788832758));
#912 = CARTESIAN_POINT('',(19.651313204069,-0.176778128984));
#913 = CARTESIAN_POINT('',(20.,-0.235832670861));
#914 = ( GEOMETRIC_REPRESENTATION_CONTEXT(2) 
PARAMETRIC_REPRESENTATION_CONTEXT() REPRESENTATION_CONTEXT('2D SPACE',''
  ) );
#915 = PCURVE('',#916,#971);
#916 = B_SPLINE_SURFACE_WITH_KNOTS('',3,1,(
    (#917,#918)
    ,(#919,#920)
    ,(#921,#922)
    ,(#923,#924)
    ,(#925,#926)
    ,(#927,#928)
    ,(#929,#930)
    ,(#931,#932)
    ,(#933,#934)
    ,(#935,#936)
    ,(#937,#938)
    ,(#939,#940)
    ,(#941,#942)
    ,(#943,#944)
    ,(#945,#946)
    ,(#947,#948)
    ,(#949,#950)
    ,(#951,#952)
    ,(#953,#954)
    ,(#955,#956)
    ,(#957,#958)
    ,(#959,#960)
    ,(#961,#962)
    ,(#963,#964)
    ,(#965,#966)
    ,(#967,#968)
    ,(#969,#970
    )),.UNSPECIFIED.,.T.,.F.,.F.,(1,1,2,1,1,1,1,1,1,1,1,1,1,1,1,1,1,1,1,
    1,1,1,1,1,1,1,2,1,1),(2,2),(-2.,-1.,0.,1.,2.,3.,4.,5.,6.,7.,8.,9.,
    10.,11.,12.,13.,14.,15.,16.,17.,18.,19.,20.,21.,22.,23.,24.,25.,26.)
  ,(0.,1.),.UNSPECIFIED.);
#917 = CARTESIAN_POINT('',(142.61666666666,58.983888888889,8.));
#918 = CARTESIAN_POINT('',(140.46666666666,59.602222222222,21.));
#919 = CARTESIAN_POINT('',(132.00333333333,91.266111111111,8.));
#920 = CARTESIAN_POINT('',(130.01333333333,91.397777777778,21.));
#921 = CARTESIAN_POINT('',(130.88295543475,128.11046837102,8.));
#922 = CARTESIAN_POINT('',(128.90984555383,127.68669246593,21.));
#923 = CARTESIAN_POINT('',(137.91465597835,181.87419403475,8.));
#924 = CARTESIAN_POINT('',(135.83554056159,180.63990970256,21.));
#925 = CARTESIAN_POINT('',(117.43842065182,192.14275548997,8.));
#926 = CARTESIAN_POINT('',(115.66799219978,190.75366872379,21.));
#927 = CARTESIAN_POINT('',(90.821661414338,210.73478400533,8.));
#928 = CARTESIAN_POINT('',(89.452490639247,209.06541540224,21.));
#929 = CARTESIAN_POINT('',(68.514933690823,251.46810848866,8.));
#930 = CARTESIAN_POINT('',(67.482045243222,249.18466966723,21.));
#931 = CARTESIAN_POINT('',(35.108603822371,260.98278203998,8.));
#932 = CARTESIAN_POINT('',(34.579328387863,258.55590592883,21.));
#933 = CARTESIAN_POINT('',(6.510196915543E-04,259.80076335138,8.));
#934 = CARTESIAN_POINT('',(6.412053243487E-04,257.39170661744,21.));
#935 = CARTESIAN_POINT('',(-35.11120790113,260.98416455448,8.));
#936 = CARTESIAN_POINT('',(-34.58189320916,258.5572676014,21.));
#937 = CARTESIAN_POINT('',(-68.50581941514,251.46257843068,8.));
#938 = CARTESIAN_POINT('',(-67.47306836868,249.17922297695,21.));
#939 = CARTESIAN_POINT('',(-90.85551443829,210.75552172276,8.));
#940 = CARTESIAN_POINT('',(-89.48583331611,209.08584049076,21.));
#941 = CARTESIAN_POINT('',(-117.3121228316,192.06533467825,8.));
#942 = CARTESIAN_POINT('',(-115.5435983668,190.67741505998,21.));
#943 = CARTESIAN_POINT('',(-138.385994235,182.16313956423,8.));
#944 = CARTESIAN_POINT('',(-136.2997732164,180.92449926929,21.));
#945 = CARTESIAN_POINT('',(-129.1239002281,127.0321070648,8.));
#946 = CARTESIAN_POINT('',(-127.1773087674,126.62458786282,21.));
#947 = CARTESIAN_POINT('',(-139.1284048522,76.86843217653,8.));
#948 = CARTESIAN_POINT('',(-137.0309917137,77.217149279397,21.));
#949 = CARTESIAN_POINT('',(-138.2224803628,16.24416422907,8.));
#950 = CARTESIAN_POINT('',(-136.1387243774,17.506815019587,21.));
#951 = CARTESIAN_POINT('',(-125.8716736965,-49.29508909281,8.));
#952 = CARTESIAN_POINT('',(-123.9741107764,-47.04440935774,21.));
#953 = CARTESIAN_POINT('',(-104.540824851,-42.92380785782,8.));
#954 = CARTESIAN_POINT('',(-102.9648325166,-40.76917758861,21.));
#955 = CARTESIAN_POINT('',(-41.02502689929,-44.65967947588,8.));
#956 = CARTESIAN_POINT('',(-40.40655915709,-42.4788802878,21.));
#957 = CARTESIAN_POINT('',(-9.067551780451E-03,-44.08747423863,8.));
#958 = CARTESIAN_POINT('',(-8.930855019942E-03,-41.91530126016,21.));
#959 = CARTESIAN_POINT('',(41.061297106416,-44.64042356957,8.));
#960 = CARTESIAN_POINT('',(40.442282577174,-42.45991467154,21.));
#961 = CARTESIAN_POINT('',(104.41387912611,-43.00083148307,8.));
#962 = CARTESIAN_POINT('',(102.83980054632,-40.84504005367,21.));
#963 = CARTESIAN_POINT('',(126.34318638912,-49.00625049814,8.));
#964 = CARTESIAN_POINT('',(124.43851523752,-46.75992511375,21.));
#965 = CARTESIAN_POINT('',(136.46337531739,15.165833475661,8.));
#966 = CARTESIAN_POINT('',(134.40613850356,16.444740508692,21.));
#967 = CARTESIAN_POINT('',(142.61666666666,58.983888888889,8.));
#968 = CARTESIAN_POINT('',(140.46666666666,59.602222222222,21.));
#969 = CARTESIAN_POINT('',(132.00333333333,91.266111111111,8.));
#970 = CARTESIAN_POINT('',(130.01333333333,91.397777777778,21.));
#971 = DEFINITIONAL_REPRESENTATION('',(#972),#978);
#972 = B_SPLINE_CURVE_WITH_KNOTS('',4,(#973,#974,#975,#976,#977),
  .UNSPECIFIED.,.F.,.F.,(5,5),(0.,1.),.PIECEWISE_BEZIER_KNOTS.);
#973 = CARTESIAN_POINT('',(21.362706527872,0.892706754861));
#974 = CARTESIAN_POINT('',(21.364238413828,0.91953129411));
#975 = CARTESIAN_POINT('',(21.365775174642,0.946355034772));
#976 = CARTESIAN_POINT('',(21.367316851994,0.973177938775));
#977 = CARTESIAN_POINT('',(21.368863484726,1.));
#978 = ( GEOMETRIC_REPRESENTATION_CONTEXT(2) 
PARAMETRIC_REPRESENTATION_CONTEXT() REPRESENTATION_CONTEXT('2D SPACE',''
  ) );
#979 = ADVANCED_FACE('',(#980),#491,.F.);
#980 = FACE_BOUND('',#981,.F.);
#981 = EDGE_LOOP('',(#982,#1021,#1066,#1067,#1068,#1124,#1226,#1282,
    #1475,#1536,#1583,#1617,#1894,#1928));
#982 = ORIENTED_EDGE('',*,*,#983,.F.);
#983 = EDGE_CURVE('',#984,#986,#988,.T.);
#984 = VERTEX_POINT('',#985);
#985 = CARTESIAN_POINT('',(102.,-39.78195710797,18.));
#986 = VERTEX_POINT('',#987);
#987 = CARTESIAN_POINT('',(102.,-37.,22.036019951937));
#988 = SURFACE_CURVE('',#989,(#996,#1006),.PCURVE_S1.);
#989 = B_SPLINE_CURVE_WITH_KNOTS('',5,(#990,#991,#992,#993,#994,#995),
  .UNSPECIFIED.,.F.,.F.,(6,6),(0.,1.),.PIECEWISE_BEZIER_KNOTS.);
#990 = CARTESIAN_POINT('',(102.,-39.78195710797,18.));
#991 = CARTESIAN_POINT('',(102.,-39.22853315348,18.809248661843));
#992 = CARTESIAN_POINT('',(102.,-38.67399186524,19.617730145224));
#993 = CARTESIAN_POINT('',(102.,-38.11800619651,20.425220168987));
#994 = CARTESIAN_POINT('',(102.,-37.56017818484,21.231438045993));
#995 = CARTESIAN_POINT('',(102.,-37.,22.036019951937));
#996 = PCURVE('',#491,#997);
#997 = DEFINITIONAL_REPRESENTATION('',(#998),#1005);
#998 = B_SPLINE_CURVE_WITH_KNOTS('',5,(#999,#1000,#1001,#1002,#1003,
    #1004),.UNSPECIFIED.,.F.,.F.,(6,6),(0.,1.),
  .PIECEWISE_BEZIER_KNOTS.);
#999 = CARTESIAN_POINT('',(21.228078885016,0.));
#1000 = CARTESIAN_POINT('',(21.240991282376,5.057804136516E-02));
#1001 = CARTESIAN_POINT('',(21.254237464579,0.101108134076));
#1002 = CARTESIAN_POINT('',(21.267834173115,0.151576260562));
#1003 = CARTESIAN_POINT('',(21.28179922298,0.201964877875));
#1004 = CARTESIAN_POINT('',(21.29615091261,0.252251246996));
#1005 = ( GEOMETRIC_REPRESENTATION_CONTEXT(2) 
PARAMETRIC_REPRESENTATION_CONTEXT() REPRESENTATION_CONTEXT('2D SPACE',''
  ) );
#1006 = PCURVE('',#1007,#1012);
#1007 = PLANE('',#1008);
#1008 = AXIS2_PLACEMENT_3D('',#1009,#1010,#1011);
#1009 = CARTESIAN_POINT('',(102.,-44.,13.));
#1010 = DIRECTION('',(1.,0.,0.));
#1011 = DIRECTION('',(0.,0.,1.));
#1012 = DEFINITIONAL_REPRESENTATION('',(#1013),#1020);
#1013 = B_SPLINE_CURVE_WITH_KNOTS('',5,(#1014,#1015,#1016,#1017,#1018,
    #1019),.UNSPECIFIED.,.F.,.F.,(6,6),(0.,1.),
  .PIECEWISE_BEZIER_KNOTS.);
#1014 = CARTESIAN_POINT('',(5.,-4.218042892025));
#1015 = CARTESIAN_POINT('',(5.809248661843,-4.771466846512));
#1016 = CARTESIAN_POINT('',(6.617730145224,-5.326008134753));
#1017 = CARTESIAN_POINT('',(7.425220168987,-5.881993803483));
#1018 = CARTESIAN_POINT('',(8.231438045993,-6.439821815158));
#1019 = CARTESIAN_POINT('',(9.036019951937,-7.));
#1020 = ( GEOMETRIC_REPRESENTATION_CONTEXT(2) 
PARAMETRIC_REPRESENTATION_CONTEXT() REPRESENTATION_CONTEXT('2D SPACE',''
  ) );
#1021 = ORIENTED_EDGE('',*,*,#1022,.T.);
#1022 = EDGE_CURVE('',#984,#668,#1023,.T.);
#1023 = SURFACE_CURVE('',#1024,(#1052,#1059),.PCURVE_S1.);
#1024 = B_SPLINE_CURVE_WITH_KNOTS('',3,(#1025,#1026,#1027,#1028,#1029,
    #1030,#1031,#1032,#1033,#1034,#1035,#1036,#1037,#1038,#1039,#1040,
    #1041,#1042,#1043,#1044,#1045,#1046,#1047,#1048,#1049,#1050,#1051),
  .UNSPECIFIED.,.T.,.F.,(1,1,2,1,1,1,1,1,1,1,1,1,1,1,1,1,1,1,1,1,1,1,1,1
    ,1,1,2,1,1),(-2.,-1.,0.,1.,2.,3.,4.,5.,6.,7.,8.,9.,10.,11.,12.,13.,
    14.,15.,16.,17.,18.,19.,20.,21.,22.,23.,24.,25.,26.),.UNSPECIFIED.);
#1025 = CARTESIAN_POINT('',(136.955,60.410177777778,18.));
#1026 = CARTESIAN_POINT('',(126.763,91.569822222222,18.));
#1027 = CARTESIAN_POINT('',(125.68709941498,127.13295861661,18.));
#1028 = CARTESIAN_POINT('',(132.43965204755,179.02711150851,18.));
#1029 = CARTESIAN_POINT('',(112.77629239479,188.93859534932,18.));
#1030 = CARTESIAN_POINT('',(87.216178373266,206.88410709419,18.));
#1031 = CARTESIAN_POINT('',(65.794994112142,246.20097627388,18.));
#1032 = CARTESIAN_POINT('',(33.714845178167,255.38478781025,18.));
#1033 = CARTESIAN_POINT('',(6.251751912385E-04,254.24387248509,18.));
#1034 = CARTESIAN_POINT('',(-33.71734587893,255.38612224937,18.));
#1035 = CARTESIAN_POINT('',(-65.78624165946,246.19563851742,18.));
#1036 = CARTESIAN_POINT('',(-87.24868748321,206.90412368094,18.));
#1037 = CARTESIAN_POINT('',(-112.6550084076,188.86386675878,18.));
#1038 = CARTESIAN_POINT('',(-132.892278886,179.30600928391,18.));
#1039 = CARTESIAN_POINT('',(-123.9978760482,126.09209610557,18.));
#1040 = CARTESIAN_POINT('',(-133.6052169209,77.672806293809,18.));
#1041 = CARTESIAN_POINT('',(-132.7352562679,19.156678719195,18.));
#1042 = CARTESIAN_POINT('',(-120.874758007,-44.10352117058,18.));
#1043 = CARTESIAN_POINT('',(-100.3907117036,-37.95379403684,18.));
#1044 = CARTESIAN_POINT('',(-39.39639517816,-39.62930268205,18.));
#1045 = CARTESIAN_POINT('',(-8.70758364444E-03,-39.07699523496,18.));
#1046 = CARTESIAN_POINT('',(39.431225512745,-39.6107163781,18.));
#1047 = CARTESIAN_POINT('',(100.26880553266,-38.0281392526,18.));
#1048 = CARTESIAN_POINT('',(121.32755235659,-43.82472661147,18.));
#1049 = CARTESIAN_POINT('',(131.04598504097,18.115845698518,18.));
#1050 = CARTESIAN_POINT('',(136.955,60.410177777778,18.));
#1051 = CARTESIAN_POINT('',(126.763,91.569822222222,18.));
#1052 = PCURVE('',#491,#1053);
#1053 = DEFINITIONAL_REPRESENTATION('',(#1054),#1058);
#1054 = LINE('',#1055,#1056);
#1055 = CARTESIAN_POINT('',(0.,0.));
#1056 = VECTOR('',#1057,1.);
#1057 = DIRECTION('',(1.,0.));
#1058 = ( GEOMETRIC_REPRESENTATION_CONTEXT(2) 
PARAMETRIC_REPRESENTATION_CONTEXT() REPRESENTATION_CONTEXT('2D SPACE',''
  ) );
#1059 = PCURVE('',#705,#1060);
#1060 = DEFINITIONAL_REPRESENTATION('',(#1061),#1065);
#1061 = LINE('',#1062,#1063);
#1062 = CARTESIAN_POINT('',(0.,1.));
#1063 = VECTOR('',#1064,1.);
#1064 = DIRECTION('',(1.,0.));
#1065 = ( GEOMETRIC_REPRESENTATION_CONTEXT(2) 
PARAMETRIC_REPRESENTATION_CONTEXT() REPRESENTATION_CONTEXT('2D SPACE',''
  ) );
#1066 = ORIENTED_EDGE('',*,*,#778,.T.);
#1067 = ORIENTED_EDGE('',*,*,#367,.F.);
#1068 = ORIENTED_EDGE('',*,*,#1069,.T.);
#1069 = EDGE_CURVE('',#342,#1070,#1072,.T.);
#1070 = VERTEX_POINT('',#1071);
#1071 = CARTESIAN_POINT('',(123.244810009,49.6,34.));
#1072 = SURFACE_CURVE('',#1073,(#1088,#1106),.PCURVE_S1.);
#1073 = B_SPLINE_CURVE_WITH_KNOTS('',4,(#1074,#1075,#1076,#1077,#1078,
    #1079,#1080,#1081,#1082,#1083,#1084,#1085,#1086,#1087),
  .UNSPECIFIED.,.F.,.F.,(5,3,3,3,5),(0.,0.249669661732,0.49955747546,
    0.749666509391,1.),.UNSPECIFIED.);
#1074 = CARTESIAN_POINT('',(134.4742412191,49.6,18.));
#1075 = CARTESIAN_POINT('',(133.77583997846,49.6,19.000432415325));
#1076 = CARTESIAN_POINT('',(133.07702591086,49.6,20.000577535576));
#1077 = CARTESIAN_POINT('',(132.3777968844,49.6,21.000433489433));
#1078 = CARTESIAN_POINT('',(130.97789373349,49.6,23.000436961135));
#1079 = CARTESIAN_POINT('',(130.27721888192,49.6,24.000583971645));
#1080 = CARTESIAN_POINT('',(129.57612448268,49.6,25.000437817573));
#1081 = CARTESIAN_POINT('',(128.17247219728,49.6,27.000440904287));
#1082 = CARTESIAN_POINT('',(127.46991356705,49.6,28.000589624516));
#1083 = CARTESIAN_POINT('',(126.76693128454,49.6,29.000441490953));
#1084 = CARTESIAN_POINT('',(125.35948542556,49.6,31.000445801792));
#1085 = CARTESIAN_POINT('',(124.65502108842,49.6,32.000597712559));
#1086 = CARTESIAN_POINT('',(123.95012960669,49.6,33.000449482131));
#1087 = CARTESIAN_POINT('',(123.244810009,49.6,34.));
#1088 = PCURVE('',#491,#1089);
#1089 = DEFINITIONAL_REPRESENTATION('',(#1090),#1105);
#1090 = B_SPLINE_CURVE_WITH_KNOTS('',4,(#1091,#1092,#1093,#1094,#1095,
    #1096,#1097,#1098,#1099,#1100,#1101,#1102,#1103,#1104),
  .UNSPECIFIED.,.F.,.F.,(5,3,3,3,5),(0.,0.249669661732,0.49955747546,
    0.749666509391,1.),.UNSPECIFIED.);
#1091 = CARTESIAN_POINT('',(23.50725266546,0.));
#1092 = CARTESIAN_POINT('',(23.50288959985,6.252702595783E-02));
#1093 = CARTESIAN_POINT('',(23.498475375633,0.125036095974));
#1094 = CARTESIAN_POINT('',(23.494008497321,0.18752709309));
#1095 = CARTESIAN_POINT('',(23.484962228283,0.312527310071));
#1096 = CARTESIAN_POINT('',(23.480382742135,0.375036498228));
#1097 = CARTESIAN_POINT('',(23.475747248566,0.437527363598));
#1098 = CARTESIAN_POINT('',(23.466356534656,0.562527556518));
#1099 = CARTESIAN_POINT('',(23.461601211351,0.625036851532));
#1100 = CARTESIAN_POINT('',(23.456786216063,0.687527593185));
#1101 = CARTESIAN_POINT('',(23.447028606555,0.812527862612));
#1102 = CARTESIAN_POINT('',(23.44208588098,0.875037357035));
#1103 = CARTESIAN_POINT('',(23.437079468539,0.937528092633));
#1104 = CARTESIAN_POINT('',(23.432007227057,1.));
#1105 = ( GEOMETRIC_REPRESENTATION_CONTEXT(2) 
PARAMETRIC_REPRESENTATION_CONTEXT() REPRESENTATION_CONTEXT('2D SPACE',''
  ) );
#1106 = PCURVE('',#356,#1107);
#1107 = DEFINITIONAL_REPRESENTATION('',(#1108),#1123);
#1108 = B_SPLINE_CURVE_WITH_KNOTS('',4,(#1109,#1110,#1111,#1112,#1113,
    #1114,#1115,#1116,#1117,#1118,#1119,#1120,#1121,#1122),
  .UNSPECIFIED.,.F.,.F.,(5,3,3,3,5),(0.,0.249669661732,0.49955747546,
    0.749666509391,1.),.UNSPECIFIED.);
#1109 = CARTESIAN_POINT('',(18.,304.4742412191));
#1110 = CARTESIAN_POINT('',(19.000432415325,303.77583997846));
#1111 = CARTESIAN_POINT('',(20.000577535576,303.07702591086));
#1112 = CARTESIAN_POINT('',(21.000433489433,302.3777968844));
#1113 = CARTESIAN_POINT('',(23.000436961135,300.97789373349));
#1114 = CARTESIAN_POINT('',(24.000583971645,300.27721888192));
#1115 = CARTESIAN_POINT('',(25.000437817573,299.57612448268));
#1116 = CARTESIAN_POINT('',(27.000440904287,298.17247219728));
#1117 = CARTESIAN_POINT('',(28.000589624516,297.46991356705));
#1118 = CARTESIAN_POINT('',(29.000441490953,296.76693128454));
#1119 = CARTESIAN_POINT('',(31.000445801792,295.35948542556));
#1120 = CARTESIAN_POINT('',(32.000597712559,294.65502108842));
#1121 = CARTESIAN_POINT('',(33.000449482131,293.95012960669));
#1122 = CARTESIAN_POINT('',(34.,293.244810009));
#1123 = ( GEOMETRIC_REPRESENTATION_CONTEXT(2) 
PARAMETRIC_REPRESENTATION_CONTEXT() REPRESENTATION_CONTEXT('2D SPACE',''
  ) );
#1124 = ORIENTED_EDGE('',*,*,#1125,.F.);
#1125 = EDGE_CURVE('',#1126,#1070,#1128,.T.);
#1126 = VERTEX_POINT('',#1127);
#1127 = CARTESIAN_POINT('',(-121.831274111,49.6,34.));
#1128 = SURFACE_CURVE('',#1129,(#1157,#1164),.PCURVE_S1.);
#1129 = B_SPLINE_CURVE_WITH_KNOTS('',3,(#1130,#1131,#1132,#1133,#1134,
    #1135,#1136,#1137,#1138,#1139,#1140,#1141,#1142,#1143,#1144,#1145,
    #1146,#1147,#1148,#1149,#1150,#1151,#1152,#1153,#1154,#1155,#1156),
  .UNSPECIFIED.,.T.,.F.,(1,1,2,1,1,1,1,1,1,1,1,1,1,1,1,1,1,1,1,1,1,1,1,1
    ,1,1,2,1,1),(-2.,-1.,0.,1.,2.,3.,4.,5.,6.,7.,8.,9.,10.,11.,12.,13.,
    14.,15.,16.,17.,18.,19.,20.,21.,22.,23.,24.,25.,26.),.UNSPECIFIED.);
#1130 = CARTESIAN_POINT('',(125.775,63.642,34.));
#1131 = CARTESIAN_POINT('',(116.415,92.258,34.));
#1132 = CARTESIAN_POINT('',(115.42692803416,124.91802321934,34.));
#1133 = CARTESIAN_POINT('',(121.6282518804,172.57591873231,34.));
#1134 = CARTESIAN_POINT('',(103.57006444419,181.67830185141,34.));
#1135 = CARTESIAN_POINT('',(80.096490342795,198.15887386201,34.));
#1136 = CARTESIAN_POINT('',(60.42397418462,234.2662027005,34.));
#1137 = CARTESIAN_POINT('',(30.962612918725,242.70031533594,34.));
#1138 = CARTESIAN_POINT('',(5.741404817489E-04,241.65253595569,34.));
#1139 = CARTESIAN_POINT('',(-30.96490948065,242.70154084126,34.));
#1140 = CARTESIAN_POINT('',(-60.41593621787,234.26130067926,34.));
#1141 = CARTESIAN_POINT('',(-80.12634564784,198.17725644168,34.));
#1142 = CARTESIAN_POINT('',(-103.4586811907,181.60967355398,34.));
#1143 = CARTESIAN_POINT('',(-122.0439295891,172.83204934236,34.));
#1144 = CARTESIAN_POINT('',(-113.8756004524,123.96212907654,34.));
#1145 = CARTESIAN_POINT('',(-122.6986686008,79.495434351457,34.));
#1146 = CARTESIAN_POINT('',(-121.899725144,25.756133517628,34.));
#1147 = CARTESIAN_POINT('',(-111.0074308228,-32.33996842196,34.));
#1148 = CARTESIAN_POINT('',(-92.19555156461,-26.69225982975,34.));
#1149 = CARTESIAN_POINT('',(-36.18036291872,-28.23099225902,34.));
#1150 = CARTESIAN_POINT('',(-7.996760489795E-03,-27.72377113414,34.));
#1151 = CARTESIAN_POINT('',(36.212349960684,-28.21392320438,34.));
#1152 = CARTESIAN_POINT('',(92.083596917755,-26.7605360483,34.));
#1153 = CARTESIAN_POINT('',(111.42326236829,-32.08393260237,34.));
#1154 = CARTESIAN_POINT('',(120.34835360905,24.800266457822,34.));
#1155 = CARTESIAN_POINT('',(125.775,63.642,34.));
#1156 = CARTESIAN_POINT('',(116.415,92.258,34.));
#1157 = PCURVE('',#491,#1158);
#1158 = DEFINITIONAL_REPRESENTATION('',(#1159),#1163);
#1159 = LINE('',#1160,#1161);
#1160 = CARTESIAN_POINT('',(0.,1.));
#1161 = VECTOR('',#1162,1.);
#1162 = DIRECTION('',(1.,0.));
#1163 = ( GEOMETRIC_REPRESENTATION_CONTEXT(2) 
PARAMETRIC_REPRESENTATION_CONTEXT() REPRESENTATION_CONTEXT('2D SPACE',''
  ) );
#1164 = PCURVE('',#1165,#1220);
#1165 = B_SPLINE_SURFACE_WITH_KNOTS('',3,1,(
    (#1166,#1167)
    ,(#1168,#1169)
    ,(#1170,#1171)
    ,(#1172,#1173)
    ,(#1174,#1175)
    ,(#1176,#1177)
    ,(#1178,#1179)
    ,(#1180,#1181)
    ,(#1182,#1183)
    ,(#1184,#1185)
    ,(#1186,#1187)
    ,(#1188,#1189)
    ,(#1190,#1191)
    ,(#1192,#1193)
    ,(#1194,#1195)
    ,(#1196,#1197)
    ,(#1198,#1199)
    ,(#1200,#1201)
    ,(#1202,#1203)
    ,(#1204,#1205)
    ,(#1206,#1207)
    ,(#1208,#1209)
    ,(#1210,#1211)
    ,(#1212,#1213)
    ,(#1214,#1215)
    ,(#1216,#1217)
    ,(#1218,#1219
    )),.UNSPECIFIED.,.T.,.F.,.F.,(1,1,2,1,1,1,1,1,1,1,1,1,1,1,1,1,1,1,1,
    1,1,1,1,1,1,1,2,1,1),(2,2),(-2.,-1.,0.,1.,2.,3.,4.,5.,6.,7.,8.,9.,
    10.,11.,12.,13.,14.,15.,16.,17.,18.,19.,20.,21.,22.,23.,24.,25.,26.)
  ,(0.,1.),.UNSPECIFIED.);
#1166 = CARTESIAN_POINT('',(125.775,63.642,34.));
#1167 = CARTESIAN_POINT('',(79.008018086774,89.290281729612,46.));
#1168 = CARTESIAN_POINT('',(116.415,92.258,34.));
#1169 = CARTESIAN_POINT('',(89.732872263821,107.34411377012,46.));
#1170 = CARTESIAN_POINT('',(115.42692803416,124.91802321934,34.));
#1171 = CARTESIAN_POINT('',(93.918032414991,129.71254412343,46.));
#1172 = CARTESIAN_POINT('',(121.6282518804,172.57591873231,34.));
#1173 = CARTESIAN_POINT('',(87.924619943347,165.977449029,46.));
#1174 = CARTESIAN_POINT('',(103.57006444419,181.67830185141,34.));
#1175 = CARTESIAN_POINT('',(83.32038320912,174.26927032695,46.));
#1176 = CARTESIAN_POINT('',(80.096490342795,198.15887386201,34.));
#1177 = CARTESIAN_POINT('',(71.672253950084,195.49099100561,46.));
#1178 = CARTESIAN_POINT('',(60.42397418462,234.2662027005,34.));
#1179 = CARTESIAN_POINT('',(46.532849224797,215.97741628906,46.));
#1180 = CARTESIAN_POINT('',(30.962612918725,242.70031533594,34.));
#1181 = CARTESIAN_POINT('',(25.575769242969,224.30822518635,46.));
#1182 = CARTESIAN_POINT('',(5.741404817489E-04,241.65253595569,34.));
#1183 = CARTESIAN_POINT('',(-2.073096478041E-04,228.34582184774,46.));
#1184 = CARTESIAN_POINT('',(-30.96490948065,242.70154084126,34.));
#1185 = CARTESIAN_POINT('',(-25.57494000437,224.30848742267,46.));
#1186 = CARTESIAN_POINT('',(-60.41593621787,234.26130067926,34.));
#1187 = CARTESIAN_POINT('',(-46.53575155986,215.97636734379,46.));
#1188 = CARTESIAN_POINT('',(-80.12634564784,198.17725644168,34.));
#1189 = CARTESIAN_POINT('',(-71.66147384839,195.49492455037,46.));
#1190 = CARTESIAN_POINT('',(-103.4586811907,181.60967355398,34.));
#1191 = CARTESIAN_POINT('',(-83.36060128079,174.25458509317,46.));
#1192 = CARTESIAN_POINT('',(-122.0439295891,172.83204934236,34.));
#1193 = CARTESIAN_POINT('',(-87.77452775833,166.03225641936,46.));
#1194 = CARTESIAN_POINT('',(-113.8756004524,123.96212907654,34.));
#1195 = CARTESIAN_POINT('',(-94.47818308335,129.50799979577,46.));
#1196 = CARTESIAN_POINT('',(-122.6986686008,79.495434351457,34.));
#1197 = CARTESIAN_POINT('',(-85.54978169977,96.923268513769,46.));
#1198 = CARTESIAN_POINT('',(-121.899725144,25.756133517628,34.));
#1199 = CARTESIAN_POINT('',(-69.54536116931,72.702112648372,46.));
#1200 = CARTESIAN_POINT('',(-111.0074308228,-32.33996842196,34.));
#1201 = CARTESIAN_POINT('',(-51.50329826239,58.559208215871,46.));
#1202 = CARTESIAN_POINT('',(-92.19555156461,-26.69225982975,34.));
#1203 = CARTESIAN_POINT('',(-47.72665244118,55.63432847062,46.));
#1204 = CARTESIAN_POINT('',(-36.18036291872,-28.23099225902,34.));
#1205 = CARTESIAN_POINT('',(-21.53897500881,44.099407019316,46.));
#1206 = CARTESIAN_POINT('',(-7.996760489795E-03,-27.72377113414,34.));
#1207 = CARTESIAN_POINT('',(2.887456386403E-03,42.449383371894,46.));
#1208 = CARTESIAN_POINT('',(36.212349960684,-28.21392320438,34.));
#1209 = CARTESIAN_POINT('',(21.527425183269,44.103059493108,46.));
#1210 = CARTESIAN_POINT('',(92.083596917755,-26.7605360483,34.));
#1211 = CARTESIAN_POINT('',(47.767076830592,55.61971857545,46.));
#1212 = CARTESIAN_POINT('',(111.42326236829,-32.08393260237,34.));
#1213 = CARTESIAN_POINT('',(51.353150530298,58.61399532276,46.));
#1214 = CARTESIAN_POINT('',(120.34835360905,24.800266457822,34.));
#1215 = CARTESIAN_POINT('',(70.105527708276,72.497574115986,46.));
#1216 = CARTESIAN_POINT('',(125.775,63.642,34.));
#1217 = CARTESIAN_POINT('',(79.008018086774,89.290281729612,46.));
#1218 = CARTESIAN_POINT('',(116.415,92.258,34.));
#1219 = CARTESIAN_POINT('',(89.732872263821,107.34411377012,46.));
#1220 = DEFINITIONAL_REPRESENTATION('',(#1221),#1225);
#1221 = LINE('',#1222,#1223);
#1222 = CARTESIAN_POINT('',(0.,0.));
#1223 = VECTOR('',#1224,1.);
#1224 = DIRECTION('',(1.,0.));
#1225 = ( GEOMETRIC_REPRESENTATION_CONTEXT(2) 
PARAMETRIC_REPRESENTATION_CONTEXT() REPRESENTATION_CONTEXT('2D SPACE',''
  ) );
#1226 = ORIENTED_EDGE('',*,*,#1227,.F.);
#1227 = EDGE_CURVE('',#1228,#1126,#1230,.T.);
#1228 = VERTEX_POINT('',#1229);
#1229 = CARTESIAN_POINT('',(-123.8820679952,49.6,31.));
#1230 = SURFACE_CURVE('',#1231,(#1246,#1264),.PCURVE_S1.);
#1231 = B_SPLINE_CURVE_WITH_KNOTS('',4,(#1232,#1233,#1234,#1235,#1236,
    #1237,#1238,#1239,#1240,#1241,#1242,#1243,#1244,#1245),
  .UNSPECIFIED.,.F.,.F.,(5,3,3,3,5),(0.,0.249837671372,0.499779260807,
    0.74983096888,1.),.UNSPECIFIED.);
#1232 = CARTESIAN_POINT('',(-132.74357011,49.6,18.));
#1233 = CARTESIAN_POINT('',(-132.0632428917,49.6,19.000199830985));
#1234 = CARTESIAN_POINT('',(-131.3827226266,49.6,20.000268612319));
#1235 = CARTESIAN_POINT('',(-130.7020041459,49.6,21.000202748938));
#1236 = CARTESIAN_POINT('',(-129.3398764007,49.6,23.000209831891));
#1237 = CARTESIAN_POINT('',(-128.6584669651,49.6,24.000282661956));
#1238 = CARTESIAN_POINT('',(-127.9768480079,49.6,25.000212968305));
#1239 = CARTESIAN_POINT('',(-126.6128786346,49.6,27.000220620607));
#1240 = CARTESIAN_POINT('',(-125.9305280272,49.6,28.000297836104));
#1241 = CARTESIAN_POINT('',(-125.2479556847,49.6,29.000223997095));
#1242 = CARTESIAN_POINT('',(-123.88203417,49.6,31.000234196489));
#1243 = CARTESIAN_POINT('',(-123.1986847819,49.6,32.00031808754));
#1244 = CARTESIAN_POINT('',(-122.5151004416,49.6,33.000241669636));
#1245 = CARTESIAN_POINT('',(-121.831274111,49.6,34.));
#1246 = PCURVE('',#491,#1247);
#1247 = DEFINITIONAL_REPRESENTATION('',(#1248),#1263);
#1248 = B_SPLINE_CURVE_WITH_KNOTS('',4,(#1249,#1250,#1251,#1252,#1253,
    #1254,#1255,#1256,#1257,#1258,#1259,#1260,#1261,#1262),
  .UNSPECIFIED.,.F.,.F.,(5,3,3,3,5),(0.,0.249837671372,0.499779260807,
    0.74983096888,1.),.UNSPECIFIED.);
#1249 = CARTESIAN_POINT('',(14.47412238644,0.));
#1250 = CARTESIAN_POINT('',(14.478583442738,6.251248943658E-02));
#1251 = CARTESIAN_POINT('',(14.483101142529,0.12501678827));
#1252 = CARTESIAN_POINT('',(14.487677114642,0.187512671809));
#1253 = CARTESIAN_POINT('',(14.496951053593,0.312513114493));
#1254 = CARTESIAN_POINT('',(14.501649070841,0.375017666372));
#1255 = CARTESIAN_POINT('',(14.506408934666,0.437513310519));
#1256 = CARTESIAN_POINT('',(14.516058298584,0.562513788788));
#1257 = CARTESIAN_POINT('',(14.520947855385,0.625018614756));
#1258 = CARTESIAN_POINT('',(14.525903135787,0.687513999818));
#1259 = CARTESIAN_POINT('',(14.535951646854,0.812514637281));
#1260 = CARTESIAN_POINT('',(14.54104494174,0.875019880471));
#1261 = CARTESIAN_POINT('',(14.546208173457,0.937515104352));
#1262 = CARTESIAN_POINT('',(14.551443597548,1.));
#1263 = ( GEOMETRIC_REPRESENTATION_CONTEXT(2) 
PARAMETRIC_REPRESENTATION_CONTEXT() REPRESENTATION_CONTEXT('2D SPACE',''
  ) );
#1264 = PCURVE('',#356,#1265);
#1265 = DEFINITIONAL_REPRESENTATION('',(#1266),#1281);
#1266 = B_SPLINE_CURVE_WITH_KNOTS('',4,(#1267,#1268,#1269,#1270,#1271,
    #1272,#1273,#1274,#1275,#1276,#1277,#1278,#1279,#1280),
  .UNSPECIFIED.,.F.,.F.,(5,3,3,3,5),(0.,0.249837671372,0.499779260807,
    0.74983096888,1.),.UNSPECIFIED.);
#1267 = CARTESIAN_POINT('',(18.,37.256429889989));
#1268 = CARTESIAN_POINT('',(19.000199830985,37.936757108211));
#1269 = CARTESIAN_POINT('',(20.000268612319,38.6172773734));
#1270 = CARTESIAN_POINT('',(21.000202748938,39.297995854006));
#1271 = CARTESIAN_POINT('',(23.000209831891,40.660123599282));
#1272 = CARTESIAN_POINT('',(24.000282661956,41.341533034807));
#1273 = CARTESIAN_POINT('',(25.000212968305,42.023151992045));
#1274 = CARTESIAN_POINT('',(27.000220620607,43.387121365303));
#1275 = CARTESIAN_POINT('',(28.000297836104,44.069471972745));
#1276 = CARTESIAN_POINT('',(29.000223997095,44.752044315298));
#1277 = CARTESIAN_POINT('',(31.000234196489,46.117965829994));
#1278 = CARTESIAN_POINT('',(32.00031808754,46.801315218011));
#1279 = CARTESIAN_POINT('',(33.000241669636,47.484899558359));
#1280 = CARTESIAN_POINT('',(34.,48.168725888931));
#1281 = ( GEOMETRIC_REPRESENTATION_CONTEXT(2) 
PARAMETRIC_REPRESENTATION_CONTEXT() REPRESENTATION_CONTEXT('2D SPACE',''
  ) );
#1282 = ORIENTED_EDGE('',*,*,#1283,.F.);
#1283 = EDGE_CURVE('',#1284,#1228,#1286,.T.);
#1284 = VERTEX_POINT('',#1285);
#1285 = CARTESIAN_POINT('',(-109.,-27.20571584847,31.));
#1286 = SURFACE_CURVE('',#1287,(#1346,#1408),.PCURVE_S1.);
#1287 = B_SPLINE_CURVE_WITH_KNOTS('',8,(#1288,#1289,#1290,#1291,#1292,
    #1293,#1294,#1295,#1296,#1297,#1298,#1299,#1300,#1301,#1302,#1303,
    #1304,#1305,#1306,#1307,#1308,#1309,#1310,#1311,#1312,#1313,#1314,
    #1315,#1316,#1317,#1318,#1319,#1320,#1321,#1322,#1323,#1324,#1325,
    #1326,#1327,#1328,#1329,#1330,#1331,#1332,#1333,#1334,#1335,#1336,
    #1337,#1338,#1339,#1340,#1341,#1342,#1343,#1344,#1345),
  .UNSPECIFIED.,.F.,.F.,(9,7,7,7,7,7,7,7,9),(0.,6.76303887226E-02,
    0.153607787342,0.239585185961,0.32556258458,0.452704083365,
    0.83274909368,0.917451268257,1.),.UNSPECIFIED.);
#1288 = CARTESIAN_POINT('',(-109.,-27.20571584847,31.));
#1289 = CARTESIAN_POINT('',(-109.4834430583,-26.70669243814,31.));
#1290 = CARTESIAN_POINT('',(-109.934743926,-26.17729648325,31.));
#1291 = CARTESIAN_POINT('',(-110.3563456401,-25.623228406,31.));
#1292 = CARTESIAN_POINT('',(-110.7508535311,-25.04946287909,31.));
#1293 = CARTESIAN_POINT('',(-111.120988996,-24.46016890405,31.));
#1294 = CARTESIAN_POINT('',(-111.4695432707,-23.85862988957,31.));
#1295 = CARTESIAN_POINT('',(-111.7993312034,-23.24716372979,31.));
#1296 = CARTESIAN_POINT('',(-112.5120913693,-21.83869346943,31.));
#1297 = CARTESIAN_POINT('',(-112.9042559471,-20.99865855399,31.));
#1298 = CARTESIAN_POINT('',(-113.2895724758,-20.10901473021,31.));
#1299 = CARTESIAN_POINT('',(-113.6679746707,-19.17183859202,31.));
#1300 = CARTESIAN_POINT('',(-114.0393962472,-18.18920673329,31.));
#1301 = CARTESIAN_POINT('',(-114.4037709204,-17.16319574792,31.));
#1302 = CARTESIAN_POINT('',(-114.7610324057,-16.09588222982,31.));
#1303 = CARTESIAN_POINT('',(-115.461196431,-13.88280331593,31.));
#1304 = CARTESIAN_POINT('',(-115.804098971,-12.73703792014,31.));
#1305 = CARTESIAN_POINT('',(-116.1397557537,-11.55412317941,31.));
#1306 = CARTESIAN_POINT('',(-116.4681004943,-10.33613568762,31.));
#1307 = CARTESIAN_POINT('',(-116.7890669082,-9.085152038692,31.));
#1308 = CARTESIAN_POINT('',(-117.1025887107,-7.803248826499,31.));
#1309 = CARTESIAN_POINT('',(-117.408599617,-6.492502644946,31.));
#1310 = CARTESIAN_POINT('',(-118.0054670678,-3.817477530913,31.));
#1311 = CARTESIAN_POINT('',(-118.2963236123,-2.453198598432,31.));
#1312 = CARTESIAN_POINT('',(-118.5795366913,-1.064229884384,31.));
#1313 = CARTESIAN_POINT('',(-118.85504002,0.347352017335,31.));
#1314 = CARTESIAN_POINT('',(-119.1227673137,1.779470512829,31.));
#1315 = CARTESIAN_POINT('',(-119.3826522877,3.230049008201,31.));
#1316 = CARTESIAN_POINT('',(-119.6346286573,4.697010909555,31.));
#1317 = CARTESIAN_POINT('',(-120.2394541967,8.368747436103,31.));
#1318 = CARTESIAN_POINT('',(-120.5782790642,10.56281821255,31.));
#1319 = CARTESIAN_POINT('',(-120.8969098755,12.759979114882,31.));
#1320 = CARTESIAN_POINT('',(-121.1966247733,14.959822983929,31.));
#1321 = CARTESIAN_POINT('',(-121.4783573977,17.162022587707,31.));
#1322 = CARTESIAN_POINT('',(-121.7427759574,19.366319589818,31.));
#1323 = CARTESIAN_POINT('',(-121.9903036248,21.572521516322,31.));
#1324 = CARTESIAN_POINT('',(-122.9110847122,30.380478871046,31.));
#1325 = CARTESIAN_POINT('',(-123.4516452478,36.995126335319,31.));
#1326 = CARTESIAN_POINT('',(-123.8383122332,43.622042414092,31.));
#1327 = CARTESIAN_POINT('',(-124.0649977983,50.257771652626,31.));
#1328 = CARTESIAN_POINT('',(-124.1239036405,56.897801149369,31.));
#1329 = CARTESIAN_POINT('',(-124.0049901899,63.536550854535,31.));
#1330 = CARTESIAN_POINT('',(-123.6954597799,70.16737376855,31.));
#1331 = CARTESIAN_POINT('',(-123.0617672114,78.256906860311,31.));
#1332 = CARTESIAN_POINT('',(-122.9357295366,79.730420054071,31.));
#1333 = CARTESIAN_POINT('',(-122.7995796455,81.203047498015,31.));
#1334 = CARTESIAN_POINT('',(-122.6543809909,82.674808138795,31.));
#1335 = CARTESIAN_POINT('',(-122.5012850868,84.145750706873,31.));
#1336 = CARTESIAN_POINT('',(-122.3413022809,85.615938389526,31.));
#1337 = CARTESIAN_POINT('',(-122.1753864292,87.0854540624,31.));
#1338 = CARTESIAN_POINT('',(-121.8386166097,89.986051390195,31.));
#1339 = CARTESIAN_POINT('',(-121.6679621624,91.417150397024,31.));
#1340 = CARTESIAN_POINT('',(-121.4939388978,92.84784287318,31.));
#1341 = CARTESIAN_POINT('',(-121.3176609546,94.278257772419,31.));
#1342 = CARTESIAN_POINT('',(-121.1402818313,95.708532479196,31.));
#1343 = CARTESIAN_POINT('',(-120.9629883709,97.138812058671,31.));
#1344 = CARTESIAN_POINT('',(-120.7869947456,98.569248506732,31.));
#1345 = CARTESIAN_POINT('',(-120.613536442,100.,31.));
#1346 = PCURVE('',#491,#1347);
#1347 = DEFINITIONAL_REPRESENTATION('',(#1348),#1407);
#1348 = B_SPLINE_CURVE_WITH_KNOTS('',8,(#1349,#1350,#1351,#1352,#1353,
    #1354,#1355,#1356,#1357,#1358,#1359,#1360,#1361,#1362,#1363,#1364,
    #1365,#1366,#1367,#1368,#1369,#1370,#1371,#1372,#1373,#1374,#1375,
    #1376,#1377,#1378,#1379,#1380,#1381,#1382,#1383,#1384,#1385,#1386,
    #1387,#1388,#1389,#1390,#1391,#1392,#1393,#1394,#1395,#1396,#1397,
    #1398,#1399,#1400,#1401,#1402,#1403,#1404,#1405,#1406),
  .UNSPECIFIED.,.F.,.F.,(9,7,7,7,7,7,7,7,9),(0.,6.76303887226E-02,
    0.153607787342,0.239585185961,0.32556258458,0.452704083365,
    0.83274909368,0.917451268257,1.),.UNSPECIFIED.);
#1349 = CARTESIAN_POINT('',(16.15858597888,0.8125));
#1350 = CARTESIAN_POINT('',(16.129725191841,0.8125));
#1351 = CARTESIAN_POINT('',(16.102060938287,0.8125));
#1352 = CARTESIAN_POINT('',(16.075608114458,0.8125));
#1353 = CARTESIAN_POINT('',(16.050357975502,0.8125));
#1354 = CARTESIAN_POINT('',(16.026271315243,0.8125));
#1355 = CARTESIAN_POINT('',(16.003271645938,0.8125));
#1356 = CARTESIAN_POINT('',(15.981238378048,0.8125));
#1357 = CARTESIAN_POINT('',(15.933,0.8125));
#1358 = CARTESIAN_POINT('',(15.906,0.8125));
#1359 = CARTESIAN_POINT('',(15.879,0.8125));
#1360 = CARTESIAN_POINT('',(15.852,0.8125));
#1361 = CARTESIAN_POINT('',(15.825,0.8125));
#1362 = CARTESIAN_POINT('',(15.798,0.8125));
#1363 = CARTESIAN_POINT('',(15.771,0.8125));
#1364 = CARTESIAN_POINT('',(15.717,0.8125));
#1365 = CARTESIAN_POINT('',(15.69,0.8125));
#1366 = CARTESIAN_POINT('',(15.663,0.8125));
#1367 = CARTESIAN_POINT('',(15.636,0.8125));
#1368 = CARTESIAN_POINT('',(15.609,0.8125));
#1369 = CARTESIAN_POINT('',(15.582,0.8125));
#1370 = CARTESIAN_POINT('',(15.555,0.8125));
#1371 = CARTESIAN_POINT('',(15.501,0.8125));
#1372 = CARTESIAN_POINT('',(15.474,0.8125));
#1373 = CARTESIAN_POINT('',(15.447,0.8125));
#1374 = CARTESIAN_POINT('',(15.42,0.8125));
#1375 = CARTESIAN_POINT('',(15.393,0.8125));
#1376 = CARTESIAN_POINT('',(15.366,0.8125));
#1377 = CARTESIAN_POINT('',(15.339,0.8125));
#1378 = CARTESIAN_POINT('',(15.272072989851,0.8125));
#1379 = CARTESIAN_POINT('',(15.232650564498,0.8125));
#1380 = CARTESIAN_POINT('',(15.19359450767,0.8125));
#1381 = CARTESIAN_POINT('',(15.154788919675,0.8125));
#1382 = CARTESIAN_POINT('',(15.116128481339,0.8125));
#1383 = CARTESIAN_POINT('',(15.077512226246,0.8125));
#1384 = CARTESIAN_POINT('',(15.038838901837,0.8125));
#1385 = CARTESIAN_POINT('',(14.883904696811,0.8125));
#1386 = CARTESIAN_POINT('',(14.76635119419,0.8125));
#1387 = CARTESIAN_POINT('',(14.647119440266,0.8125));
#1388 = CARTESIAN_POINT('',(14.525971659623,0.8125));
#1389 = CARTESIAN_POINT('',(14.402642438066,0.8125));
#1390 = CARTESIAN_POINT('',(14.276817631501,0.8125));
#1391 = CARTESIAN_POINT('',(14.148114493516,0.8125));
#1392 = CARTESIAN_POINT('',(13.986555106394,0.8125));
#1393 = CARTESIAN_POINT('',(13.956939525026,0.8125));
#1394 = CARTESIAN_POINT('',(13.927155105101,0.8125));
#1395 = CARTESIAN_POINT('',(13.897210802031,0.8125));
#1396 = CARTESIAN_POINT('',(13.867116070952,0.8125));
#1397 = CARTESIAN_POINT('',(13.836878095208,0.8125));
#1398 = CARTESIAN_POINT('',(13.806502849833,0.8125));
#1399 = CARTESIAN_POINT('',(13.746272645527,0.8125));
#1400 = CARTESIAN_POINT('',(13.716423834804,0.8125));
#1401 = CARTESIAN_POINT('',(13.686460736366,0.8125));
#1402 = CARTESIAN_POINT('',(13.656390908273,0.8125));
#1403 = CARTESIAN_POINT('',(13.626222262007,0.8125));
#1404 = CARTESIAN_POINT('',(13.595963026357,0.8125));
#1405 = CARTESIAN_POINT('',(13.565621711316,0.8125));
#1406 = CARTESIAN_POINT('',(13.535207071968,0.8125));
#1407 = ( GEOMETRIC_REPRESENTATION_CONTEXT(2) 
PARAMETRIC_REPRESENTATION_CONTEXT() REPRESENTATION_CONTEXT('2D SPACE',''
  ) );
#1408 = PCURVE('',#1409,#1414);
#1409 = PLANE('',#1410);
#1410 = AXIS2_PLACEMENT_3D('',#1411,#1412,#1413);
#1411 = CARTESIAN_POINT('',(-150.,-43.,31.));
#1412 = DIRECTION('',(0.,0.,1.));
#1413 = DIRECTION('',(1.,0.,0.));
#1414 = DEFINITIONAL_REPRESENTATION('',(#1415),#1474);
#1415 = B_SPLINE_CURVE_WITH_KNOTS('',8,(#1416,#1417,#1418,#1419,#1420,
    #1421,#1422,#1423,#1424,#1425,#1426,#1427,#1428,#1429,#1430,#1431,
    #1432,#1433,#1434,#1435,#1436,#1437,#1438,#1439,#1440,#1441,#1442,
    #1443,#1444,#1445,#1446,#1447,#1448,#1449,#1450,#1451,#1452,#1453,
    #1454,#1455,#1456,#1457,#1458,#1459,#1460,#1461,#1462,#1463,#1464,
    #1465,#1466,#1467,#1468,#1469,#1470,#1471,#1472,#1473),
  .UNSPECIFIED.,.F.,.F.,(9,7,7,7,7,7,7,7,9),(0.,6.76303887226E-02,
    0.153607787342,0.239585185961,0.32556258458,0.452704083365,
    0.83274909368,0.917451268257,1.),.UNSPECIFIED.);
#1416 = CARTESIAN_POINT('',(41.,15.794284151525));
#1417 = CARTESIAN_POINT('',(40.516556941621,16.293307561858));
#1418 = CARTESIAN_POINT('',(40.06525607394,16.822703516743));
#1419 = CARTESIAN_POINT('',(39.643654359871,17.376771593991));
#1420 = CARTESIAN_POINT('',(39.249146468849,17.950537120902));
#1421 = CARTESIAN_POINT('',(38.879011003986,18.539831095943));
#1422 = CARTESIAN_POINT('',(38.530456729227,19.14137011043));
#1423 = CARTESIAN_POINT('',(38.20066879651,19.752836270209));
#1424 = CARTESIAN_POINT('',(37.487908630695,21.161306530564));
#1425 = CARTESIAN_POINT('',(37.095744052867,22.00134144601));
#1426 = CARTESIAN_POINT('',(36.710427524134,22.890985269781));
#1427 = CARTESIAN_POINT('',(36.332025329205,23.828161407979));
#1428 = CARTESIAN_POINT('',(35.960603752784,24.810793266709));
#1429 = CARTESIAN_POINT('',(35.596229079579,25.836804252073));
#1430 = CARTESIAN_POINT('',(35.238967594295,26.904117770177));
#1431 = CARTESIAN_POINT('',(34.538803568986,29.117196684068));
#1432 = CARTESIAN_POINT('',(34.19590102896,30.262962079856));
#1433 = CARTESIAN_POINT('',(33.86024424627,31.445876820589));
#1434 = CARTESIAN_POINT('',(33.53189950562,32.663864312372));
#1435 = CARTESIAN_POINT('',(33.210933091719,33.914847961308));
#1436 = CARTESIAN_POINT('',(32.897411289273,35.196751173501));
#1437 = CARTESIAN_POINT('',(32.591400382988,36.507497355054));
#1438 = CARTESIAN_POINT('',(31.994532932154,39.182522469087));
#1439 = CARTESIAN_POINT('',(31.703676387605,40.546801401568));
#1440 = CARTESIAN_POINT('',(31.42046330863,41.935770115616));
#1441 = CARTESIAN_POINT('',(31.144959979936,43.347352017335));
#1442 = CARTESIAN_POINT('',(30.877232686229,44.779470512829));
#1443 = CARTESIAN_POINT('',(30.617347712216,46.230049008201));
#1444 = CARTESIAN_POINT('',(30.365371342604,47.697010909555));
#1445 = CARTESIAN_POINT('',(29.760545803272,51.368747436103));
#1446 = CARTESIAN_POINT('',(29.421720935749,53.56281821255));
#1447 = CARTESIAN_POINT('',(29.103090124477,55.759979114882));
#1448 = CARTESIAN_POINT('',(28.803375226667,57.959822983929));
#1449 = CARTESIAN_POINT('',(28.521642602207,60.162022587707));
#1450 = CARTESIAN_POINT('',(28.257224042577,62.366319589818));
#1451 = CARTESIAN_POINT('',(28.009696375175,64.572521516322));
#1452 = CARTESIAN_POINT('',(27.0889152878,73.380478871046));
#1453 = CARTESIAN_POINT('',(26.548354752113,79.995126335319));
#1454 = CARTESIAN_POINT('',(26.16168776675,86.622042414092));
#1455 = CARTESIAN_POINT('',(25.935002201682,93.257771652626));
#1456 = CARTESIAN_POINT('',(25.876096359439,99.897801149369));
#1457 = CARTESIAN_POINT('',(25.995009810083,106.53655085453));
#1458 = CARTESIAN_POINT('',(26.30454022002,113.16737376855));
#1459 = CARTESIAN_POINT('',(26.938232788593,121.25690686031));
#1460 = CARTESIAN_POINT('',(27.064270463362,122.73042005407));
#1461 = CARTESIAN_POINT('',(27.200420354489,124.20304749801));
#1462 = CARTESIAN_POINT('',(27.3456190091,125.67480813879));
#1463 = CARTESIAN_POINT('',(27.498714913113,127.14575070687));
#1464 = CARTESIAN_POINT('',(27.658697719074,128.61593838952));
#1465 = CARTESIAN_POINT('',(27.824613570708,130.0854540624));
#1466 = CARTESIAN_POINT('',(28.16138339025,132.98605139019));
#1467 = CARTESIAN_POINT('',(28.332037837524,134.41715039702));
#1468 = CARTESIAN_POINT('',(28.506061102138,135.84784287318));
#1469 = CARTESIAN_POINT('',(28.682339045327,137.27825777241));
#1470 = CARTESIAN_POINT('',(28.859718168633,138.70853247919));
#1471 = CARTESIAN_POINT('',(29.037011629075,140.13881205867));
#1472 = CARTESIAN_POINT('',(29.213005254336,141.56924850673));
#1473 = CARTESIAN_POINT('',(29.386463557937,143.));
#1474 = ( GEOMETRIC_REPRESENTATION_CONTEXT(2) 
PARAMETRIC_REPRESENTATION_CONTEXT() REPRESENTATION_CONTEXT('2D SPACE',''
  ) );
#1475 = ORIENTED_EDGE('',*,*,#1476,.F.);
#1476 = EDGE_CURVE('',#1477,#1284,#1479,.T.);
#1477 = VERTEX_POINT('',#1478);
#1478 = CARTESIAN_POINT('',(-109.,-39.82269296526,18.));
#1479 = SURFACE_CURVE('',#1480,(#1495,#1513),.PCURVE_S1.);
#1480 = B_SPLINE_CURVE_WITH_KNOTS('',7,(#1481,#1482,#1483,#1484,#1485,
    #1486,#1487,#1488,#1489,#1490,#1491,#1492,#1493,#1494),
  .UNSPECIFIED.,.F.,.F.,(8,6,8),(0.,0.465603590751,1.),.UNSPECIFIED.);
#1481 = CARTESIAN_POINT('',(-109.,-39.82269296526,18.));
#1482 = CARTESIAN_POINT('',(-109.,-39.08264387416,18.95512937863));
#1483 = CARTESIAN_POINT('',(-109.,-38.33224104869,19.902221852607));
#1484 = CARTESIAN_POINT('',(-109.,-37.57000994168,20.839990202895));
#1485 = CARTESIAN_POINT('',(-109.,-36.79440195086,21.766884778754));
#1486 = CARTESIAN_POINT('',(-109.,-36.00381467261,22.681111595014));
#1487 = CARTESIAN_POINT('',(-109.,-35.19669436325,23.580719193494));
#1488 = CARTESIAN_POINT('',(-109.,-33.42485717871,25.47725756356));
#1489 = CARTESIAN_POINT('',(-109.,-32.45440088437,26.469008367421));
#1490 = CARTESIAN_POINT('',(-109.,-31.45855645742,27.435826154992));
#1491 = CARTESIAN_POINT('',(-109.,-30.43591211887,28.374598895038));
#1492 = CARTESIAN_POINT('',(-109.,-29.38576624372,29.282639573332));
#1493 = CARTESIAN_POINT('',(-109.,-28.30853337241,30.158114374034));
#1494 = CARTESIAN_POINT('',(-109.,-27.20571584847,31.));
#1495 = PCURVE('',#491,#1496);
#1496 = DEFINITIONAL_REPRESENTATION('',(#1497),#1512);
#1497 = B_SPLINE_CURVE_WITH_KNOTS('',7,(#1498,#1499,#1500,#1501,#1502,
    #1503,#1504,#1505,#1506,#1507,#1508,#1509,#1510,#1511),
  .UNSPECIFIED.,.F.,.F.,(8,6,8),(0.,0.465603590751,1.),.UNSPECIFIED.);
#1498 = CARTESIAN_POINT('',(16.524585722221,0.));
#1499 = CARTESIAN_POINT('',(16.503409710516,5.969558616437E-02));
#1500 = CARTESIAN_POINT('',(16.481642342278,0.118888865788));
#1501 = CARTESIAN_POINT('',(16.459281197448,0.177499387681));
#1502 = CARTESIAN_POINT('',(16.43633372034,0.235430298672));
#1503 = CARTESIAN_POINT('',(16.412821702404,0.292569474688));
#1504 = CARTESIAN_POINT('',(16.388784128825,0.348794949593));
#1505 = CARTESIAN_POINT('',(16.336151931894,0.467328597722));
#1506 = CARTESIAN_POINT('',(16.307406505651,0.529313022964));
#1507 = CARTESIAN_POINT('',(16.27813474192,0.589739134687));
#1508 = CARTESIAN_POINT('',(16.24845945364,0.64841243094));
#1509 = CARTESIAN_POINT('',(16.218533418408,0.705164973333));
#1510 = CARTESIAN_POINT('',(16.188521811667,0.759882148377));
#1511 = CARTESIAN_POINT('',(16.15858597888,0.8125));
#1512 = ( GEOMETRIC_REPRESENTATION_CONTEXT(2) 
PARAMETRIC_REPRESENTATION_CONTEXT() REPRESENTATION_CONTEXT('2D SPACE',''
  ) );
#1513 = PCURVE('',#1514,#1519);
#1514 = PLANE('',#1515);
#1515 = AXIS2_PLACEMENT_3D('',#1516,#1517,#1518);
#1516 = CARTESIAN_POINT('',(-109.,-43.,1.));
#1517 = DIRECTION('',(1.,0.,0.));
#1518 = DIRECTION('',(0.,0.,1.));
#1519 = DEFINITIONAL_REPRESENTATION('',(#1520),#1535);
#1520 = B_SPLINE_CURVE_WITH_KNOTS('',7,(#1521,#1522,#1523,#1524,#1525,
    #1526,#1527,#1528,#1529,#1530,#1531,#1532,#1533,#1534),
  .UNSPECIFIED.,.F.,.F.,(8,6,8),(0.,0.465603590751,1.),.UNSPECIFIED.);
#1521 = CARTESIAN_POINT('',(17.,-3.177307034731));
#1522 = CARTESIAN_POINT('',(17.95512937863,-3.917356125838));
#1523 = CARTESIAN_POINT('',(18.902221852607,-4.667758951308));
#1524 = CARTESIAN_POINT('',(19.839990202895,-5.429990058318));
#1525 = CARTESIAN_POINT('',(20.766884778754,-6.205598049138));
#1526 = CARTESIAN_POINT('',(21.681111595014,-6.996185327387));
#1527 = CARTESIAN_POINT('',(22.580719193494,-7.803305636743));
#1528 = CARTESIAN_POINT('',(24.47725756356,-9.575142821281));
#1529 = CARTESIAN_POINT('',(25.469008367421,-10.54559911562));
#1530 = CARTESIAN_POINT('',(26.435826154992,-11.54144354257));
#1531 = CARTESIAN_POINT('',(27.374598895038,-12.56408788112));
#1532 = CARTESIAN_POINT('',(28.282639573332,-13.61423375627));
#1533 = CARTESIAN_POINT('',(29.158114374034,-14.69146662758));
#1534 = CARTESIAN_POINT('',(30.,-15.79428415152));
#1535 = ( GEOMETRIC_REPRESENTATION_CONTEXT(2) 
PARAMETRIC_REPRESENTATION_CONTEXT() REPRESENTATION_CONTEXT('2D SPACE',''
  ) );
#1536 = ORIENTED_EDGE('',*,*,#1537,.T.);
#1537 = EDGE_CURVE('',#1477,#1538,#1540,.T.);
#1538 = VERTEX_POINT('',#1539);
#1539 = CARTESIAN_POINT('',(-89.,-39.059401673,18.));
#1540 = SURFACE_CURVE('',#1541,(#1569,#1576),.PCURVE_S1.);
#1541 = B_SPLINE_CURVE_WITH_KNOTS('',3,(#1542,#1543,#1544,#1545,#1546,
    #1547,#1548,#1549,#1550,#1551,#1552,#1553,#1554,#1555,#1556,#1557,
    #1558,#1559,#1560,#1561,#1562,#1563,#1564,#1565,#1566,#1567,#1568),
  .UNSPECIFIED.,.T.,.F.,(1,1,2,1,1,1,1,1,1,1,1,1,1,1,1,1,1,1,1,1,1,1,1,1
    ,1,1,2,1,1),(-2.,-1.,0.,1.,2.,3.,4.,5.,6.,7.,8.,9.,10.,11.,12.,13.,
    14.,15.,16.,17.,18.,19.,20.,21.,22.,23.,24.,25.,26.),.UNSPECIFIED.);
#1542 = CARTESIAN_POINT('',(136.955,60.410177777778,18.));
#1543 = CARTESIAN_POINT('',(126.763,91.569822222222,18.));
#1544 = CARTESIAN_POINT('',(125.68709941498,127.13295861661,18.));
#1545 = CARTESIAN_POINT('',(132.43965204755,179.02711150851,18.));
#1546 = CARTESIAN_POINT('',(112.77629239479,188.93859534932,18.));
#1547 = CARTESIAN_POINT('',(87.216178373266,206.88410709419,18.));
#1548 = CARTESIAN_POINT('',(65.794994112142,246.20097627388,18.));
#1549 = CARTESIAN_POINT('',(33.714845178167,255.38478781025,18.));
#1550 = CARTESIAN_POINT('',(6.251751912385E-04,254.24387248509,18.));
#1551 = CARTESIAN_POINT('',(-33.71734587893,255.38612224937,18.));
#1552 = CARTESIAN_POINT('',(-65.78624165946,246.19563851742,18.));
#1553 = CARTESIAN_POINT('',(-87.24868748321,206.90412368094,18.));
#1554 = CARTESIAN_POINT('',(-112.6550084076,188.86386675878,18.));
#1555 = CARTESIAN_POINT('',(-132.892278886,179.30600928391,18.));
#1556 = CARTESIAN_POINT('',(-123.9978760482,126.09209610557,18.));
#1557 = CARTESIAN_POINT('',(-133.6052169209,77.672806293809,18.));
#1558 = CARTESIAN_POINT('',(-132.7352562679,19.156678719195,18.));
#1559 = CARTESIAN_POINT('',(-120.874758007,-44.10352117058,18.));
#1560 = CARTESIAN_POINT('',(-100.3907117036,-37.95379403684,18.));
#1561 = CARTESIAN_POINT('',(-39.39639517816,-39.62930268205,18.));
#1562 = CARTESIAN_POINT('',(-8.70758364444E-03,-39.07699523496,18.));
#1563 = CARTESIAN_POINT('',(39.431225512745,-39.6107163781,18.));
#1564 = CARTESIAN_POINT('',(100.26880553266,-38.0281392526,18.));
#1565 = CARTESIAN_POINT('',(121.32755235659,-43.82472661147,18.));
#1566 = CARTESIAN_POINT('',(131.04598504097,18.115845698518,18.));
#1567 = CARTESIAN_POINT('',(136.955,60.410177777778,18.));
#1568 = CARTESIAN_POINT('',(126.763,91.569822222222,18.));
#1569 = PCURVE('',#491,#1570);
#1570 = DEFINITIONAL_REPRESENTATION('',(#1571),#1575);
#1571 = LINE('',#1572,#1573);
#1572 = CARTESIAN_POINT('',(0.,0.));
#1573 = VECTOR('',#1574,1.);
#1574 = DIRECTION('',(1.,0.));
#1575 = ( GEOMETRIC_REPRESENTATION_CONTEXT(2) 
PARAMETRIC_REPRESENTATION_CONTEXT() REPRESENTATION_CONTEXT('2D SPACE',''
  ) );
#1576 = PCURVE('',#705,#1577);
#1577 = DEFINITIONAL_REPRESENTATION('',(#1578),#1582);
#1578 = LINE('',#1579,#1580);
#1579 = CARTESIAN_POINT('',(0.,1.));
#1580 = VECTOR('',#1581,1.);
#1581 = DIRECTION('',(1.,0.));
#1582 = ( GEOMETRIC_REPRESENTATION_CONTEXT(2) 
PARAMETRIC_REPRESENTATION_CONTEXT() REPRESENTATION_CONTEXT('2D SPACE',''
  ) );
#1583 = ORIENTED_EDGE('',*,*,#1584,.T.);
#1584 = EDGE_CURVE('',#1538,#1585,#1587,.T.);
#1585 = VERTEX_POINT('',#1586);
#1586 = CARTESIAN_POINT('',(-89.,-38.36501558189,19.));
#1587 = SURFACE_CURVE('',#1588,(#1594,#1603),.PCURVE_S1.);
#1588 = B_SPLINE_CURVE_WITH_KNOTS('',4,(#1589,#1590,#1591,#1592,#1593),
  .UNSPECIFIED.,.F.,.F.,(5,5),(0.,1.),.PIECEWISE_BEZIER_KNOTS.);
#1589 = CARTESIAN_POINT('',(-89.,-39.059401673,18.));
#1590 = CARTESIAN_POINT('',(-89.,-38.88573578629,18.249952250939));
#1591 = CARTESIAN_POINT('',(-89.,-38.71211528758,18.499935758979));
#1592 = CARTESIAN_POINT('',(-89.,-38.53854143285,18.749951370305));
#1593 = CARTESIAN_POINT('',(-89.,-38.36501558189,19.));
#1594 = PCURVE('',#491,#1595);
#1595 = DEFINITIONAL_REPRESENTATION('',(#1596),#1602);
#1596 = B_SPLINE_CURVE_WITH_KNOTS('',4,(#1597,#1598,#1599,#1600,#1601),
  .UNSPECIFIED.,.F.,.F.,(5,5),(0.,1.),.PIECEWISE_BEZIER_KNOTS.);
#1597 = CARTESIAN_POINT('',(17.108356451617,0.));
#1598 = CARTESIAN_POINT('',(17.105820964398,1.562201568371E-02));
#1599 = CARTESIAN_POINT('',(17.103270076915,3.124598493619E-02));
#1600 = CARTESIAN_POINT('',(17.100703444185,4.687196064409E-02));
#1601 = CARTESIAN_POINT('',(17.098120761257,6.25E-02));
#1602 = ( GEOMETRIC_REPRESENTATION_CONTEXT(2) 
PARAMETRIC_REPRESENTATION_CONTEXT() REPRESENTATION_CONTEXT('2D SPACE',''
  ) );
#1603 = PCURVE('',#1604,#1609);
#1604 = PLANE('',#1605);
#1605 = AXIS2_PLACEMENT_3D('',#1606,#1607,#1608);
#1606 = CARTESIAN_POINT('',(-89.,-41.,10.));
#1607 = DIRECTION('',(1.,0.,0.));
#1608 = DIRECTION('',(0.,0.,1.));
#1609 = DEFINITIONAL_REPRESENTATION('',(#1610),#1616);
#1610 = B_SPLINE_CURVE_WITH_KNOTS('',4,(#1611,#1612,#1613,#1614,#1615),
  .UNSPECIFIED.,.F.,.F.,(5,5),(0.,1.),.PIECEWISE_BEZIER_KNOTS.);
#1611 = CARTESIAN_POINT('',(8.,-1.940598327));
#1612 = CARTESIAN_POINT('',(8.249952250939,-2.11426421371));
#1613 = CARTESIAN_POINT('',(8.499935758979,-2.287884712413));
#1614 = CARTESIAN_POINT('',(8.749951370305,-2.461458567143));
#1615 = CARTESIAN_POINT('',(9.,-2.634984418104));
#1616 = ( GEOMETRIC_REPRESENTATION_CONTEXT(2) 
PARAMETRIC_REPRESENTATION_CONTEXT() REPRESENTATION_CONTEXT('2D SPACE',''
  ) );
#1617 = ORIENTED_EDGE('',*,*,#1618,.F.);
#1618 = EDGE_CURVE('',#1619,#1585,#1621,.T.);
#1619 = VERTEX_POINT('',#1620);
#1620 = CARTESIAN_POINT('',(48.,-38.48454957664,19.));
#1621 = SURFACE_CURVE('',#1622,(#1709,#1799),.PCURVE_S1.);
#1622 = B_SPLINE_CURVE_WITH_KNOTS('',8,(#1623,#1624,#1625,#1626,#1627,
    #1628,#1629,#1630,#1631,#1632,#1633,#1634,#1635,#1636,#1637,#1638,
    #1639,#1640,#1641,#1642,#1643,#1644,#1645,#1646,#1647,#1648,#1649,
    #1650,#1651,#1652,#1653,#1654,#1655,#1656,#1657,#1658,#1659,#1660,
    #1661,#1662,#1663,#1664,#1665,#1666,#1667,#1668,#1669,#1670,#1671,
    #1672,#1673,#1674,#1675,#1676,#1677,#1678,#1679,#1680,#1681,#1682,
    #1683,#1684,#1685,#1686,#1687,#1688,#1689,#1690,#1691,#1692,#1693,
    #1694,#1695,#1696,#1697,#1698,#1699,#1700,#1701,#1702,#1703,#1704,
    #1705,#1706,#1707,#1708),.UNSPECIFIED.,.F.,.F.,(9,7,7,7,7,7,7,7,7,7,
    7,7,9),(0.,8.511869754849E-02,0.185102274895,0.238189969116,
    0.313363494333,0.384529899731,0.465188205059,0.50473400693,
    0.544279821937,0.736255721268,0.799404578272,0.90544484613,1.),
  .UNSPECIFIED.);
#1623 = CARTESIAN_POINT('',(89.,-38.37621443448,19.));
#1624 = CARTESIAN_POINT('',(86.961758056386,-38.31072786216,19.));
#1625 = CARTESIAN_POINT('',(84.922938903441,-38.26335031211,19.));
#1626 = CARTESIAN_POINT('',(82.883780903752,-38.22989089549,19.));
#1627 = CARTESIAN_POINT('',(80.844449216345,-38.20783226004,19.));
#1628 = CARTESIAN_POINT('',(78.805055187955,-38.1951959074,19.));
#1629 = CARTESIAN_POINT('',(76.765655618622,-38.19048913678,19.));
#1630 = CARTESIAN_POINT('',(74.726258392811,-38.1924540143,19.));
#1631 = CARTESIAN_POINT('',(70.291224293107,-38.20892997272,19.));
#1632 = CARTESIAN_POINT('',(67.895651660525,-38.22557117991,19.));
#1633 = CARTESIAN_POINT('',(65.500116529142,-38.24823108964,19.));
#1634 = CARTESIAN_POINT('',(63.104626217179,-38.27553157672,19.));
#1635 = CARTESIAN_POINT('',(60.709181236328,-38.30625810671,19.));
#1636 = CARTESIAN_POINT('',(58.313774455637,-38.33927330759,19.));
#1637 = CARTESIAN_POINT('',(55.918390484559,-38.37345622582,19.));
#1638 = CARTESIAN_POINT('',(52.251140727653,-38.42572625903,19.));
#1639 = CARTESIAN_POINT('',(50.984956909876,-38.44376188339,19.));
#1640 = CARTESIAN_POINT('',(49.725735351382,-38.46150600176,19.));
#1641 = CARTESIAN_POINT('',(48.474758168509,-38.47875961141,19.));
#1642 = CARTESIAN_POINT('',(47.233307477593,-38.49532370957,19.));
#1643 = CARTESIAN_POINT('',(46.002665394973,-38.5109992935,19.));
#1644 = CARTESIAN_POINT('',(44.784114036986,-38.52558736044,19.));
#1645 = CARTESIAN_POINT('',(41.872372088117,-38.55772423678,19.));
#1646 = CARTESIAN_POINT('',(40.165794791795,-38.57423161244,19.));
#1647 = CARTESIAN_POINT('',(38.459201061561,-38.58782422659,19.));
#1648 = CARTESIAN_POINT('',(36.752607121737,-38.59951900554,19.));
#1649 = CARTESIAN_POINT('',(35.046005504489,-38.60832457237,19.));
#1650 = CARTESIAN_POINT('',(33.339410396135,-38.6151346211,19.));
#1651 = CARTESIAN_POINT('',(31.632820167889,-38.61967109566,19.));
#1652 = CARTESIAN_POINT('',(28.310630621294,-38.62462440682,19.));
#1653 = CARTESIAN_POINT('',(26.717996104885,-38.62519824033,19.));
#1654 = CARTESIAN_POINT('',(25.146827490398,-38.62416357562,19.));
#1655 = CARTESIAN_POINT('',(23.595614972159,-38.62174692008,19.));
#1656 = CARTESIAN_POINT('',(22.062848744498,-38.61817478112,19.));
#1657 = CARTESIAN_POINT('',(20.547019001743,-38.61367366612,19.));
#1658 = CARTESIAN_POINT('',(19.046615938222,-38.60847008248,19.));
#1659 = CARTESIAN_POINT('',(15.875381778964,-38.59635347696,19.));
#1660 = CARTESIAN_POINT('',(14.190647651613,-38.58923681298,19.));
#1661 = CARTESIAN_POINT('',(12.505924661624,-38.58175330731,19.));
#1662 = CARTESIAN_POINT('',(10.821210120387,-38.57424933199,19.));
#1663 = CARTESIAN_POINT('',(9.136501376305,-38.56710030337,19.));
#1664 = CARTESIAN_POINT('',(7.451795867311,-38.5607028154,19.));
#1665 = CARTESIAN_POINT('',(5.767091204852,-38.55546347215,19.));
#1666 = CARTESIAN_POINT('',(3.256394139724,-38.54998062435,19.));
#1667 = CARTESIAN_POINT('',(2.43153953846,-38.54852655975,19.));
#1668 = CARTESIAN_POINT('',(1.607524937747,-38.54751462314,19.));
#1669 = CARTESIAN_POINT('',(0.78405204941,-38.54700635111,19.));
#1670 = CARTESIAN_POINT('',(-3.917915508568E-02,-38.54703241968,19.));
#1671 = CARTESIAN_POINT('',(-0.862470444634,-38.54759264429,19.));
#1672 = CARTESIAN_POINT('',(-1.68612532849,-38.54865597981,19.));
#1673 = CARTESIAN_POINT('',(-3.334773057867,-38.55166506168,19.));
#1674 = CARTESIAN_POINT('',(-4.159765926301,-38.55360782263,19.));
#1675 = CARTESIAN_POINT('',(-4.985731752166,-38.55594227695,19.));
#1676 = CARTESIAN_POINT('',(-5.81297462606,-38.55862189826,19.));
#1677 = CARTESIAN_POINT('',(-6.641798638579,-38.56160016019,19.));
#1678 = CARTESIAN_POINT('',(-7.472507880321,-38.56483053636,19.));
#1679 = CARTESIAN_POINT('',(-8.305406441883,-38.56826650039,19.));
#1680 = CARTESIAN_POINT('',(-13.19622438206,-38.58931364451,19.));
#1681 = CARTESIAN_POINT('',(-17.25166501535,-38.61026025516,19.));
#1682 = CARTESIAN_POINT('',(-21.30718171962,-38.62906100057,19.));
#1683 = CARTESIAN_POINT('',(-25.36280703602,-38.64054853661,19.));
#1684 = CARTESIAN_POINT('',(-29.41853835328,-38.64111155218,19.));
#1685 = CARTESIAN_POINT('',(-33.47433782759,-38.62860954589,19.));
#1686 = CARTESIAN_POINT('',(-37.53013493743,-38.60184003922,19.));
#1687 = CARTESIAN_POINT('',(-42.91991424649,-38.54660772033,19.));
#1688 = CARTESIAN_POINT('',(-44.27291389297,-38.53104958638,19.));
#1689 = CARTESIAN_POINT('',(-45.64311682006,-38.51373162882,19.));
#1690 = CARTESIAN_POINT('',(-47.02876488611,-38.49490910904,19.));
#1691 = CARTESIAN_POINT('',(-48.42805169774,-38.47491193147,19.));
#1692 = CARTESIAN_POINT('',(-49.83912227955,-38.45409115017,19.));
#1693 = CARTESIAN_POINT('',(-51.26007274391,-38.43276547553,19.));
#1694 = CARTESIAN_POINT('',(-55.08833658465,-38.37490069017,19.));
#1695 = CARTESIAN_POINT('',(-57.48771707404,-38.3382799845,19.));
#1696 = CARTESIAN_POINT('',(-59.88711897548,-38.302604937,19.));
#1697 = CARTESIAN_POINT('',(-62.28656014783,-38.26906376437,19.));
#1698 = CARTESIAN_POINT('',(-64.68605001773,-38.2388493029,19.));
#1699 = CARTESIAN_POINT('',(-67.08559033394,-38.21322487325,19.));
#1700 = CARTESIAN_POINT('',(-69.4851761366,-38.19361237072,19.));
#1701 = CARTESIAN_POINT('',(-74.02451860185,-38.17121899953,19.));
#1702 = CARTESIAN_POINT('',(-76.16418986779,-38.16684628601,19.));
#1703 = CARTESIAN_POINT('',(-78.30387374395,-38.16990126268,19.));
#1704 = CARTESIAN_POINT('',(-80.44356729043,-38.18186942352,19.));
#1705 = CARTESIAN_POINT('',(-82.58320358488,-38.20450751693,19.));
#1706 = CARTESIAN_POINT('',(-84.72264348227,-38.24019518796,19.));
#1707 = CARTESIAN_POINT('',(-86.86167800211,-38.29194804372,19.));
#1708 = CARTESIAN_POINT('',(-89.,-38.36501558189,19.));
#1709 = PCURVE('',#491,#1710);
#1710 = DEFINITIONAL_REPRESENTATION('',(#1711),#1798);
#1711 = B_SPLINE_CURVE_WITH_KNOTS('',8,(#1712,#1713,#1714,#1715,#1716,
    #1717,#1718,#1719,#1720,#1721,#1722,#1723,#1724,#1725,#1726,#1727,
    #1728,#1729,#1730,#1731,#1732,#1733,#1734,#1735,#1736,#1737,#1738,
    #1739,#1740,#1741,#1742,#1743,#1744,#1745,#1746,#1747,#1748,#1749,
    #1750,#1751,#1752,#1753,#1754,#1755,#1756,#1757,#1758,#1759,#1760,
    #1761,#1762,#1763,#1764,#1765,#1766,#1767,#1768,#1769,#1770,#1771,
    #1772,#1773,#1774,#1775,#1776,#1777,#1778,#1779,#1780,#1781,#1782,
    #1783,#1784,#1785,#1786,#1787,#1788,#1789,#1790,#1791,#1792,#1793,
    #1794,#1795,#1796,#1797),.UNSPECIFIED.,.F.,.F.,(9,7,7,7,7,7,7,7,7,7,
    7,7,9),(0.,8.511869754849E-02,0.185102274895,0.238189969116,
    0.313363494333,0.384529899731,0.465188205059,0.50473400693,
    0.544279821937,0.736255721268,0.799404578272,0.90544484613,1.),
  .UNSPECIFIED.);
#1712 = CARTESIAN_POINT('',(20.902263798385,6.25E-02));
#1713 = CARTESIAN_POINT('',(20.856270995438,6.25E-02));
#1714 = CARTESIAN_POINT('',(20.812099522173,6.25E-02));
#1715 = CARTESIAN_POINT('',(20.769297380806,6.25E-02));
#1716 = CARTESIAN_POINT('',(20.727591165184,6.25E-02));
#1717 = CARTESIAN_POINT('',(20.686763775027,6.25E-02));
#1718 = CARTESIAN_POINT('',(20.646648564952,6.25E-02));
#1719 = CARTESIAN_POINT('',(20.60710213678,6.25E-02));
#1720 = CARTESIAN_POINT('',(20.522069180688,6.25E-02));
#1721 = CARTESIAN_POINT('',(20.476752828745,6.25E-02));
#1722 = CARTESIAN_POINT('',(20.431850226144,6.25E-02));
#1723 = CARTESIAN_POINT('',(20.387195075575,6.25E-02));
#1724 = CARTESIAN_POINT('',(20.342635000226,6.25E-02));
#1725 = CARTESIAN_POINT('',(20.298021355996,6.25E-02));
#1726 = CARTESIAN_POINT('',(20.253200792603,6.25E-02));
#1727 = CARTESIAN_POINT('',(20.184,6.25E-02));
#1728 = CARTESIAN_POINT('',(20.16,6.25E-02));
#1729 = CARTESIAN_POINT('',(20.136,6.25E-02));
#1730 = CARTESIAN_POINT('',(20.112,6.25E-02));
#1731 = CARTESIAN_POINT('',(20.088,6.25E-02));
#1732 = CARTESIAN_POINT('',(20.064,6.25E-02));
#1733 = CARTESIAN_POINT('',(20.04,6.25E-02));
#1734 = CARTESIAN_POINT('',(19.982015389599,6.25E-02));
#1735 = CARTESIAN_POINT('',(19.947490387376,6.25E-02));
#1736 = CARTESIAN_POINT('',(19.912331296011,6.25E-02));
#1737 = CARTESIAN_POINT('',(19.876667636991,6.25E-02));
#1738 = CARTESIAN_POINT('',(19.840348450164,6.25E-02));
#1739 = CARTESIAN_POINT('',(19.803485467152,6.25E-02));
#1740 = CARTESIAN_POINT('',(19.76602702824,6.25E-02));
#1741 = CARTESIAN_POINT('',(19.692,6.25E-02));
#1742 = CARTESIAN_POINT('',(19.656,6.25E-02));
#1743 = CARTESIAN_POINT('',(19.62,6.25E-02));
#1744 = CARTESIAN_POINT('',(19.584,6.25E-02));
#1745 = CARTESIAN_POINT('',(19.548,6.25E-02));
#1746 = CARTESIAN_POINT('',(19.512,6.25E-02));
#1747 = CARTESIAN_POINT('',(19.476,6.25E-02));
#1748 = CARTESIAN_POINT('',(19.399198459222,6.25E-02));
#1749 = CARTESIAN_POINT('',(19.357964311493,6.25E-02));
#1750 = CARTESIAN_POINT('',(19.31633465325,6.25E-02));
#1751 = CARTESIAN_POINT('',(19.27435329514,6.25E-02));
#1752 = CARTESIAN_POINT('',(19.232070701572,6.25E-02));
#1753 = CARTESIAN_POINT('',(19.189543262798,6.25E-02));
#1754 = CARTESIAN_POINT('',(19.146831899517,6.25E-02));
#1755 = CARTESIAN_POINT('',(19.083000032232,6.25E-02));
#1756 = CARTESIAN_POINT('',(19.062000027804,6.25E-02));
#1757 = CARTESIAN_POINT('',(19.041000008565,6.25E-02));
#1758 = CARTESIAN_POINT('',(19.019999989867,6.25E-02));
#1759 = CARTESIAN_POINT('',(18.99899998056,6.25E-02));
#1760 = CARTESIAN_POINT('',(18.977999982995,6.25E-02));
#1761 = CARTESIAN_POINT('',(18.956999993024,6.25E-02));
#1762 = CARTESIAN_POINT('',(18.915,6.25E-02));
#1763 = CARTESIAN_POINT('',(18.894,6.25E-02));
#1764 = CARTESIAN_POINT('',(18.873,6.25E-02));
#1765 = CARTESIAN_POINT('',(18.852,6.25E-02));
#1766 = CARTESIAN_POINT('',(18.831,6.25E-02));
#1767 = CARTESIAN_POINT('',(18.81,6.25E-02));
#1768 = CARTESIAN_POINT('',(18.789,6.25E-02));
#1769 = CARTESIAN_POINT('',(18.666055106837,6.25E-02));
#1770 = CARTESIAN_POINT('',(18.565586914334,6.25E-02));
#1771 = CARTESIAN_POINT('',(18.467393573668,6.25E-02));
#1772 = CARTESIAN_POINT('',(18.372105425905,6.25E-02));
#1773 = CARTESIAN_POINT('',(18.280064047657,6.25E-02));
#1774 = CARTESIAN_POINT('',(18.191382554866,6.25E-02));
#1775 = CARTESIAN_POINT('',(18.106057162762,6.25E-02));
#1776 = CARTESIAN_POINT('',(17.997007986651,6.25E-02));
#1777 = CARTESIAN_POINT('',(17.969999366001,6.25E-02));
#1778 = CARTESIAN_POINT('',(17.942994421871,6.25E-02));
#1779 = CARTESIAN_POINT('',(17.915997159244,6.25E-02));
#1780 = CARTESIAN_POINT('',(17.889002531693,6.25E-02));
#1781 = CARTESIAN_POINT('',(17.862003668804,6.25E-02));
#1782 = CARTESIAN_POINT('',(17.834999103607,6.25E-02));
#1783 = CARTESIAN_POINT('',(17.762662802871,6.25E-02));
#1784 = CARTESIAN_POINT('',(17.71775320603,6.25E-02));
#1785 = CARTESIAN_POINT('',(17.673090750608,6.25E-02));
#1786 = CARTESIAN_POINT('',(17.628517997657,6.25E-02));
#1787 = CARTESIAN_POINT('',(17.583884033996,6.25E-02));
#1788 = CARTESIAN_POINT('',(17.539035571713,6.25E-02));
#1789 = CARTESIAN_POINT('',(17.493806906503,6.25E-02));
#1790 = CARTESIAN_POINT('',(17.407154393135,6.25E-02));
#1791 = CARTESIAN_POINT('',(17.36585043858,6.25E-02));
#1792 = CARTESIAN_POINT('',(17.323946888922,6.25E-02));
#1793 = CARTESIAN_POINT('',(17.281280754476,6.25E-02));
#1794 = CARTESIAN_POINT('',(17.2376636459,6.25E-02));
#1795 = CARTESIAN_POINT('',(17.192845238714,6.25E-02));
#1796 = CARTESIAN_POINT('',(17.146511736219,6.25E-02));
#1797 = CARTESIAN_POINT('',(17.098120767292,6.25E-02));
#1798 = ( GEOMETRIC_REPRESENTATION_CONTEXT(2) 
PARAMETRIC_REPRESENTATION_CONTEXT() REPRESENTATION_CONTEXT('2D SPACE',''
  ) );
#1799 = PCURVE('',#1800,#1805);
#1800 = PLANE('',#1801);
#1801 = AXIS2_PLACEMENT_3D('',#1802,#1803,#1804);
#1802 = CARTESIAN_POINT('',(-89.,-41.,19.));
#1803 = DIRECTION('',(0.,0.,1.));
#1804 = DIRECTION('',(1.,0.,0.));
#1805 = DEFINITIONAL_REPRESENTATION('',(#1806),#1893);
#1806 = B_SPLINE_CURVE_WITH_KNOTS('',8,(#1807,#1808,#1809,#1810,#1811,
    #1812,#1813,#1814,#1815,#1816,#1817,#1818,#1819,#1820,#1821,#1822,
    #1823,#1824,#1825,#1826,#1827,#1828,#1829,#1830,#1831,#1832,#1833,
    #1834,#1835,#1836,#1837,#1838,#1839,#1840,#1841,#1842,#1843,#1844,
    #1845,#1846,#1847,#1848,#1849,#1850,#1851,#1852,#1853,#1854,#1855,
    #1856,#1857,#1858,#1859,#1860,#1861,#1862,#1863,#1864,#1865,#1866,
    #1867,#1868,#1869,#1870,#1871,#1872,#1873,#1874,#1875,#1876,#1877,
    #1878,#1879,#1880,#1881,#1882,#1883,#1884,#1885,#1886,#1887,#1888,
    #1889,#1890,#1891,#1892),.UNSPECIFIED.,.F.,.F.,(9,7,7,7,7,7,7,7,7,7,
    7,7,9),(0.,8.511869754849E-02,0.185102274895,0.238189969116,
    0.313363494333,0.384529899731,0.465188205059,0.50473400693,
    0.544279821937,0.736255721268,0.799404578272,0.90544484613,1.),
  .UNSPECIFIED.);
#1807 = CARTESIAN_POINT('',(178.,2.623785565514));
#1808 = CARTESIAN_POINT('',(175.96175805638,2.689272137839));
#1809 = CARTESIAN_POINT('',(173.92293890344,2.736649687888));
#1810 = CARTESIAN_POINT('',(171.88378090375,2.770109104505));
#1811 = CARTESIAN_POINT('',(169.84444921634,2.792167739953));
#1812 = CARTESIAN_POINT('',(167.80505518795,2.804804092596));
#1813 = CARTESIAN_POINT('',(165.76565561862,2.809510863216));
#1814 = CARTESIAN_POINT('',(163.72625839281,2.807545985699));
#1815 = CARTESIAN_POINT('',(159.2912242931,2.791070027272));
#1816 = CARTESIAN_POINT('',(156.89565166052,2.774428820082));
#1817 = CARTESIAN_POINT('',(154.50011652914,2.751768910355));
#1818 = CARTESIAN_POINT('',(152.10462621717,2.724468423277));
#1819 = CARTESIAN_POINT('',(149.70918123632,2.693741893288));
#1820 = CARTESIAN_POINT('',(147.31377445563,2.660726692401));
#1821 = CARTESIAN_POINT('',(144.91839048455,2.626543774177));
#1822 = CARTESIAN_POINT('',(141.25114072765,2.574273740965));
#1823 = CARTESIAN_POINT('',(139.98495690987,2.556238116609));
#1824 = CARTESIAN_POINT('',(138.72573535138,2.538493998231));
#1825 = CARTESIAN_POINT('',(137.4747581685,2.521240388584));
#1826 = CARTESIAN_POINT('',(136.23330747759,2.504676290421));
#1827 = CARTESIAN_POINT('',(135.00266539497,2.489000706493));
#1828 = CARTESIAN_POINT('',(133.78411403698,2.474412639553));
#1829 = CARTESIAN_POINT('',(130.87237208811,2.442275763216));
#1830 = CARTESIAN_POINT('',(129.16579479179,2.425768387557));
#1831 = CARTESIAN_POINT('',(127.45920106156,2.412175773408));
#1832 = CARTESIAN_POINT('',(125.75260712173,2.400480994451));
#1833 = CARTESIAN_POINT('',(124.04600550448,2.391675427628));
#1834 = CARTESIAN_POINT('',(122.33941039613,2.384865378893));
#1835 = CARTESIAN_POINT('',(120.63282016788,2.380328904331));
#1836 = CARTESIAN_POINT('',(117.31063062129,2.375375593176));
#1837 = CARTESIAN_POINT('',(115.71799610488,2.374801759668));
#1838 = CARTESIAN_POINT('',(114.14682749039,2.375836424378));
#1839 = CARTESIAN_POINT('',(112.59561497215,2.378253079912));
#1840 = CARTESIAN_POINT('',(111.06284874449,2.381825218877));
#1841 = CARTESIAN_POINT('',(109.54701900174,2.386326333877));
#1842 = CARTESIAN_POINT('',(108.04661593822,2.391529917519));
#1843 = CARTESIAN_POINT('',(104.87538177896,2.403646523031));
#1844 = CARTESIAN_POINT('',(103.19064765161,2.410763187012));
#1845 = CARTESIAN_POINT('',(101.50592466162,2.418246692683));
#1846 = CARTESIAN_POINT('',(99.821210120387,2.425750668007));
#1847 = CARTESIAN_POINT('',(98.136501376305,2.432899696625));
#1848 = CARTESIAN_POINT('',(96.451795867311,2.4392971846));
#1849 = CARTESIAN_POINT('',(94.767091204852,2.444536527846));
#1850 = CARTESIAN_POINT('',(92.256394139724,2.45001937565));
#1851 = CARTESIAN_POINT('',(91.43153953846,2.451473440241));
#1852 = CARTESIAN_POINT('',(90.607524937747,2.452485376856));
#1853 = CARTESIAN_POINT('',(89.78405204941,2.45299364889));
#1854 = CARTESIAN_POINT('',(88.960820844914,2.452967580319));
#1855 = CARTESIAN_POINT('',(88.137529555366,2.452407355704));
#1856 = CARTESIAN_POINT('',(87.31387467151,2.451344020188));
#1857 = CARTESIAN_POINT('',(85.665226942133,2.448334938311));
#1858 = CARTESIAN_POINT('',(84.840234073699,2.446392177367));
#1859 = CARTESIAN_POINT('',(84.014268247834,2.444057723049));
#1860 = CARTESIAN_POINT('',(83.18702537394,2.441378101734));
#1861 = CARTESIAN_POINT('',(82.358201361421,2.438399839803));
#1862 = CARTESIAN_POINT('',(81.527492119679,2.435169463635));
#1863 = CARTESIAN_POINT('',(80.694593558117,2.431733499609));
#1864 = CARTESIAN_POINT('',(75.803775617934,2.410686355485));
#1865 = CARTESIAN_POINT('',(71.74833498465,2.389739744831));
#1866 = CARTESIAN_POINT('',(67.692818280373,2.37093899943));
#1867 = CARTESIAN_POINT('',(63.637192963972,2.359451463382));
#1868 = CARTESIAN_POINT('',(59.581461646717,2.358888447812));
#1869 = CARTESIAN_POINT('',(55.525662172405,2.37139045411));
#1870 = CARTESIAN_POINT('',(51.469865062563,2.398159960776));
#1871 = CARTESIAN_POINT('',(46.080085753503,2.453392279666));
#1872 = CARTESIAN_POINT('',(44.727086107024,2.468950413611));
#1873 = CARTESIAN_POINT('',(43.356883179939,2.486268371177));
#1874 = CARTESIAN_POINT('',(41.971235113884,2.505090890951));
#1875 = CARTESIAN_POINT('',(40.571948302255,2.525088068523));
#1876 = CARTESIAN_POINT('',(39.160877720446,2.545908849823));
#1877 = CARTESIAN_POINT('',(37.739927256081,2.56723452447));
#1878 = CARTESIAN_POINT('',(33.911663415345,2.625099309823));
#1879 = CARTESIAN_POINT('',(31.512282925953,2.661720015499));
#1880 = CARTESIAN_POINT('',(29.112881024516,2.697395062994));
#1881 = CARTESIAN_POINT('',(26.713439852163,2.730936235622));
#1882 = CARTESIAN_POINT('',(24.313949982264,2.761150697098));
#1883 = CARTESIAN_POINT('',(21.914409666052,2.786775126747));
#1884 = CARTESIAN_POINT('',(19.514823863392,2.806387629271));
#1885 = CARTESIAN_POINT('',(14.975481398146,2.82878100047));
#1886 = CARTESIAN_POINT('',(12.835810132209,2.833153713985));
#1887 = CARTESIAN_POINT('',(10.696126256049,2.830098737316));
#1888 = CARTESIAN_POINT('',(8.556432709569,2.818130576477));
#1889 = CARTESIAN_POINT('',(6.416796415116,2.795492483064));
#1890 = CARTESIAN_POINT('',(4.277356517723,2.759804812032));
#1891 = CARTESIAN_POINT('',(2.138321997887,2.708051956275));
#1892 = CARTESIAN_POINT('',(0.,2.634984418104));
#1893 = ( GEOMETRIC_REPRESENTATION_CONTEXT(2) 
PARAMETRIC_REPRESENTATION_CONTEXT() REPRESENTATION_CONTEXT('2D SPACE',''
  ) );
#1894 = ORIENTED_EDGE('',*,*,#1895,.T.);
#1895 = EDGE_CURVE('',#1619,#1896,#1898,.T.);
#1896 = VERTEX_POINT('',#1897);
#1897 = CARTESIAN_POINT('',(48.,-37.,21.080739984228));
#1898 = SURFACE_CURVE('',#1899,(#1905,#1914),.PCURVE_S1.);
#1899 = B_SPLINE_CURVE_WITH_KNOTS('',4,(#1900,#1901,#1902,#1903,#1904),
  .UNSPECIFIED.,.F.,.F.,(5,5),(0.,1.),.PIECEWISE_BEZIER_KNOTS.);
#1900 = CARTESIAN_POINT('',(48.,-39.19798928876,18.));
#1901 = CARTESIAN_POINT('',(48.,-38.64850850249,18.770196984946));
#1902 = CARTESIAN_POINT('',(48.,-38.09901632007,19.540385717142));
#1903 = CARTESIAN_POINT('',(48.,-37.54951328419,20.310566575859));
#1904 = CARTESIAN_POINT('',(48.,-37.,21.080739984228));
#1905 = PCURVE('',#491,#1906);
#1906 = DEFINITIONAL_REPRESENTATION('',(#1907),#1913);
#1907 = B_SPLINE_CURVE_WITH_KNOTS('',4,(#1908,#1909,#1910,#1911,#1912),
  .UNSPECIFIED.,.F.,.F.,(5,5),(0.,1.),.PIECEWISE_BEZIER_KNOTS.);
#1908 = CARTESIAN_POINT('',(20.097918115793,0.));
#1909 = CARTESIAN_POINT('',(20.10154955872,4.81373115591E-02));
#1910 = CARTESIAN_POINT('',(20.105213798774,9.627410738975E-02));
#1911 = CARTESIAN_POINT('',(20.108911677469,0.144410410937));
#1912 = CARTESIAN_POINT('',(20.112644085883,0.19254624896));
#1913 = ( GEOMETRIC_REPRESENTATION_CONTEXT(2) 
PARAMETRIC_REPRESENTATION_CONTEXT() REPRESENTATION_CONTEXT('2D SPACE',''
  ) );
#1914 = PCURVE('',#1915,#1920);
#1915 = PLANE('',#1916);
#1916 = AXIS2_PLACEMENT_3D('',#1917,#1918,#1919);
#1917 = CARTESIAN_POINT('',(48.,-44.,13.));
#1918 = DIRECTION('',(1.,0.,0.));
#1919 = DIRECTION('',(0.,0.,1.));
#1920 = DEFINITIONAL_REPRESENTATION('',(#1921),#1927);
#1921 = B_SPLINE_CURVE_WITH_KNOTS('',4,(#1922,#1923,#1924,#1925,#1926),
  .UNSPECIFIED.,.F.,.F.,(5,5),(0.,1.),.PIECEWISE_BEZIER_KNOTS.);
#1922 = CARTESIAN_POINT('',(5.,-4.802010711231));
#1923 = CARTESIAN_POINT('',(5.770196984946,-5.351491497503));
#1924 = CARTESIAN_POINT('',(6.540385717142,-5.900983679929));
#1925 = CARTESIAN_POINT('',(7.310566575859,-6.450486715801));
#1926 = CARTESIAN_POINT('',(8.080739984228,-7.));
#1927 = ( GEOMETRIC_REPRESENTATION_CONTEXT(2) 
PARAMETRIC_REPRESENTATION_CONTEXT() REPRESENTATION_CONTEXT('2D SPACE',''
  ) );
#1928 = ORIENTED_EDGE('',*,*,#1929,.T.);
#1929 = EDGE_CURVE('',#1896,#986,#1930,.T.);
#1930 = SURFACE_CURVE('',#1931,(#1983,#2038),.PCURVE_S1.);
#1931 = B_SPLINE_CURVE_WITH_KNOTS('',8,(#1932,#1933,#1934,#1935,#1936,
    #1937,#1938,#1939,#1940,#1941,#1942,#1943,#1944,#1945,#1946,#1947,
    #1948,#1949,#1950,#1951,#1952,#1953,#1954,#1955,#1956,#1957,#1958,
    #1959,#1960,#1961,#1962,#1963,#1964,#1965,#1966,#1967,#1968,#1969,
    #1970,#1971,#1972,#1973,#1974,#1975,#1976,#1977,#1978,#1979,#1980,
    #1981,#1982),.UNSPECIFIED.,.F.,.F.,(9,7,7,7,7,7,7,9),(0.,
    0.274957506148,0.644163019611,0.776297491362,0.802505562453,
    0.838536492031,0.874826368033,1.),.UNSPECIFIED.);
#1932 = CARTESIAN_POINT('',(48.,-37.,21.080739984228));
#1933 = CARTESIAN_POINT('',(49.883353235623,-37.,21.04518596731));
#1934 = CARTESIAN_POINT('',(51.766677622541,-37.,21.007843937062));
#1935 = CARTESIAN_POINT('',(53.649992563471,-37.,20.969673477378));
#1936 = CARTESIAN_POINT('',(55.533314018472,-37.,20.9315204197));
#1937 = CARTESIAN_POINT('',(57.41665546813,-37.,20.894169002818));
#1938 = CARTESIAN_POINT('',(59.300028746965,-37.,20.85838712064));
#1939 = CARTESIAN_POINT('',(61.183444747069,-37.,20.8249646579));
#1940 = CARTESIAN_POINT('',(65.595985627056,-37.,20.754166657634));
#1941 = CARTESIAN_POINT('',(68.125041376067,-37.,20.719366796124));
#1942 = CARTESIAN_POINT('',(70.654214070848,-37.,20.692382822572));
#1943 = CARTESIAN_POINT('',(73.183544333158,-37.,20.67548504033));
#1944 = CARTESIAN_POINT('',(75.71298284662,-37.,20.671238070251));
#1945 = CARTESIAN_POINT('',(78.24238571638,-37.,20.683050670569));
#1946 = CARTESIAN_POINT('',(80.77151820601,-37.,20.715134410184));
#1947 = CARTESIAN_POINT('',(84.204974445078,-37.,20.796340089843));
#1948 = CARTESIAN_POINT('',(85.109804028786,-37.,20.821292805069));
#1949 = CARTESIAN_POINT('',(86.014519816577,-37.,20.850137711191));
#1950 = CARTESIAN_POINT('',(86.919093500185,-37.,20.883269116412));
#1951 = CARTESIAN_POINT('',(87.823480118712,-37.,20.921153820583));
#1952 = CARTESIAN_POINT('',(88.727617268154,-37.,20.96434880831));
#1953 = CARTESIAN_POINT('',(89.631423270399,-37.,21.013541302206));
#1954 = CARTESIAN_POINT('',(90.713970898763,-37.,21.080762381942));
#1955 = CARTESIAN_POINT('',(90.893131303594,-37.,21.092160045065));
#1956 = CARTESIAN_POINT('',(91.072273285682,-37.,21.103836261534));
#1957 = CARTESIAN_POINT('',(91.251395837862,-37.,21.115798423383));
#1958 = CARTESIAN_POINT('',(91.43049786772,-37.,21.128054325273));
#1959 = CARTESIAN_POINT('',(91.609578197595,-37.,21.140612164496));
#1960 = CARTESIAN_POINT('',(91.78863556458,-37.,21.153480540971));
#1961 = CARTESIAN_POINT('',(92.213803767532,-37.,21.184799241493));
#1962 = CARTESIAN_POINT('',(92.459892230485,-37.,21.203541953617));
#1963 = CARTESIAN_POINT('',(92.705932197148,-37.,21.222897157136));
#1964 = CARTESIAN_POINT('',(92.951924460274,-37.,21.242831854816));
#1965 = CARTESIAN_POINT('',(93.197870375421,-37.,21.263309029482));
#1966 = CARTESIAN_POINT('',(93.443771012938,-37.,21.284299915191));
#1967 = CARTESIAN_POINT('',(93.689627504098,-37.,21.305778998759));
#1968 = CARTESIAN_POINT('',(94.183024277971,-37.,21.349782058582));
#1969 = CARTESIAN_POINT('',(94.425378875201,-37.,21.371851832997));
#1970 = CARTESIAN_POINT('',(94.66324938817,-37.,21.393906374896));
#1971 = CARTESIAN_POINT('',(94.897311638069,-37.,21.415946204296));
#1972 = CARTESIAN_POINT('',(95.128174514371,-37.,21.437974323238));
#1973 = CARTESIAN_POINT('',(95.356380237001,-37.,21.459993477788));
#1974 = CARTESIAN_POINT('',(95.582404618517,-37.,21.48200342004));
#1975 = CARTESIAN_POINT('',(96.580165781014,-37.,21.579864032855));
#1976 = CARTESIAN_POINT('',(97.353357507587,-37.,21.657586871325));
#1977 = CARTESIAN_POINT('',(98.126541783567,-37.,21.735499363681));
#1978 = CARTESIAN_POINT('',(98.899975454244,-37.,21.811522509093));
#1979 = CARTESIAN_POINT('',(99.673871448779,-37.,21.883084732649));
#1980 = CARTESIAN_POINT('',(100.44841100383,-37.,21.946999793122));
#1981 = CARTESIAN_POINT('',(101.22374877294,-37.,21.999424838215));
#1982 = CARTESIAN_POINT('',(102.,-37.,22.036019951937));
#1983 = PCURVE('',#491,#1984);
#1984 = DEFINITIONAL_REPRESENTATION('',(#1985),#2037);
#1985 = B_SPLINE_CURVE_WITH_KNOTS('',8,(#1986,#1987,#1988,#1989,#1990,
    #1991,#1992,#1993,#1994,#1995,#1996,#1997,#1998,#1999,#2000,#2001,
    #2002,#2003,#2004,#2005,#2006,#2007,#2008,#2009,#2010,#2011,#2012,
    #2013,#2014,#2015,#2016,#2017,#2018,#2019,#2020,#2021,#2022,#2023,
    #2024,#2025,#2026,#2027,#2028,#2029,#2030,#2031,#2032,#2033,#2034,
    #2035,#2036),.UNSPECIFIED.,.F.,.F.,(9,7,7,7,7,7,7,9),(0.,
    0.274957506148,0.644163019611,0.776297491362,0.802505562453,
    0.838536492031,0.874826368033,1.),.UNSPECIFIED.);
#1986 = CARTESIAN_POINT('',(20.112644084501,0.192546249014));
#1987 = CARTESIAN_POINT('',(20.149154945605,0.190324122957));
#1988 = CARTESIAN_POINT('',(20.185217568912,0.187990246066));
#1989 = CARTESIAN_POINT('',(20.220940537051,0.185604592336));
#1990 = CARTESIAN_POINT('',(20.256417472152,0.183220026231));
#1991 = CARTESIAN_POINT('',(20.291733147517,0.180885562676));
#1992 = CARTESIAN_POINT('',(20.326968556692,0.17864919504));
#1993 = CARTESIAN_POINT('',(20.362204939929,0.176560291119));
#1994 = CARTESIAN_POINT('',(20.444955964895,0.172135416102));
#1995 = CARTESIAN_POINT('',(20.492537321332,0.169960424758));
#1996 = CARTESIAN_POINT('',(20.540477296665,0.168273926411));
#1997 = CARTESIAN_POINT('',(20.588996668105,0.167217815021));
#1998 = CARTESIAN_POINT('',(20.638337628173,0.166952379391));
#1999 = CARTESIAN_POINT('',(20.68881426748,0.167690666911));
#2000 = CARTESIAN_POINT('',(20.740809097218,0.169695900636));
#2001 = CARTESIAN_POINT('',(20.814386226004,0.174771255615));
#2002 = CARTESIAN_POINT('',(20.834058434168,0.176330800317));
#2003 = CARTESIAN_POINT('',(20.85404160473,0.178133606949));
#2004 = CARTESIAN_POINT('',(20.874371055066,0.180204319776));
#2005 = CARTESIAN_POINT('',(20.895088331865,0.182572113786));
#2006 = CARTESIAN_POINT('',(20.916242808463,0.185271800519));
#2007 = CARTESIAN_POINT('',(20.937895300846,0.188346331388));
#2008 = CARTESIAN_POINT('',(20.964535287705,0.192547648871));
#2009 = CARTESIAN_POINT('',(20.968967346871,0.193260002817));
#2010 = CARTESIAN_POINT('',(20.973422763909,0.193989766346));
#2011 = CARTESIAN_POINT('',(20.977902190818,0.194737401461));
#2012 = CARTESIAN_POINT('',(20.982406314607,0.19550339533));
#2013 = CARTESIAN_POINT('',(20.986935857297,0.196288260281));
#2014 = CARTESIAN_POINT('',(20.991491575919,0.197092533811));
#2015 = CARTESIAN_POINT('',(21.002374552884,0.199049952593));
#2016 = CARTESIAN_POINT('',(21.008726030464,0.200221372101));
#2017 = CARTESIAN_POINT('',(21.015130159992,0.201431072321));
#2018 = CARTESIAN_POINT('',(21.021587561016,0.202676990926));
#2019 = CARTESIAN_POINT('',(21.02809881371,0.203956814343));
#2020 = CARTESIAN_POINT('',(21.034664794984,0.205268744699));
#2021 = CARTESIAN_POINT('',(21.041286544893,0.206611187422));
#2022 = CARTESIAN_POINT('',(21.05469077598,0.209361378661));
#2023 = CARTESIAN_POINT('',(21.061333260034,0.210740739562));
#2024 = CARTESIAN_POINT('',(21.067908790495,0.212119148431));
#2025 = CARTESIAN_POINT('',(21.074433146062,0.213496637769));
#2026 = CARTESIAN_POINT('',(21.080921072682,0.214873395202));
#2027 = CARTESIAN_POINT('',(21.087386147087,0.216249592362));
#2028 = CARTESIAN_POINT('',(21.093840640329,0.217625213752));
#2029 = CARTESIAN_POINT('',(21.122559534869,0.223741502053));
#2030 = CARTESIAN_POINT('',(21.145424244803,0.228599179458));
#2031 = CARTESIAN_POINT('',(21.168916520166,0.23346871023));
#2032 = CARTESIAN_POINT('',(21.19305782546,0.238220156818));
#2033 = CARTESIAN_POINT('',(21.217861634559,0.242692795791));
#2034 = CARTESIAN_POINT('',(21.243328381925,0.24668748707));
#2035 = CARTESIAN_POINT('',(21.269439335109,0.249964052388));
#2036 = CARTESIAN_POINT('',(21.29615091261,0.252251246996));
#2037 = ( GEOMETRIC_REPRESENTATION_CONTEXT(2) 
PARAMETRIC_REPRESENTATION_CONTEXT() REPRESENTATION_CONTEXT('2D SPACE',''
  ) );
#2038 = PCURVE('',#2039,#2044);
#2039 = PLANE('',#2040);
#2040 = AXIS2_PLACEMENT_3D('',#2041,#2042,#2043);
#2041 = CARTESIAN_POINT('',(48.,-37.,13.));
#2042 = DIRECTION('',(0.,1.,0.));
#2043 = DIRECTION('',(0.,0.,1.));
#2044 = DEFINITIONAL_REPRESENTATION('',(#2045),#2097);
#2045 = B_SPLINE_CURVE_WITH_KNOTS('',8,(#2046,#2047,#2048,#2049,#2050,
    #2051,#2052,#2053,#2054,#2055,#2056,#2057,#2058,#2059,#2060,#2061,
    #2062,#2063,#2064,#2065,#2066,#2067,#2068,#2069,#2070,#2071,#2072,
    #2073,#2074,#2075,#2076,#2077,#2078,#2079,#2080,#2081,#2082,#2083,
    #2084,#2085,#2086,#2087,#2088,#2089,#2090,#2091,#2092,#2093,#2094,
    #2095,#2096),.UNSPECIFIED.,.F.,.F.,(9,7,7,7,7,7,7,9),(0.,
    0.274957506148,0.644163019611,0.776297491362,0.802505562453,
    0.838536492031,0.874826368033,1.),.UNSPECIFIED.);
#2046 = CARTESIAN_POINT('',(8.080739984228,0.));
#2047 = CARTESIAN_POINT('',(8.04518596731,1.883353235623));
#2048 = CARTESIAN_POINT('',(8.007843937062,3.766677622541));
#2049 = CARTESIAN_POINT('',(7.969673477378,5.649992563471));
#2050 = CARTESIAN_POINT('',(7.9315204197,7.533314018472));
#2051 = CARTESIAN_POINT('',(7.894169002818,9.41665546813));
#2052 = CARTESIAN_POINT('',(7.85838712064,11.300028746965));
#2053 = CARTESIAN_POINT('',(7.8249646579,13.183444747069));
#2054 = CARTESIAN_POINT('',(7.754166657634,17.595985627056));
#2055 = CARTESIAN_POINT('',(7.719366796124,20.125041376067));
#2056 = CARTESIAN_POINT('',(7.692382822572,22.654214070848));
#2057 = CARTESIAN_POINT('',(7.67548504033,25.183544333158));
#2058 = CARTESIAN_POINT('',(7.671238070251,27.71298284662));
#2059 = CARTESIAN_POINT('',(7.683050670569,30.24238571638));
#2060 = CARTESIAN_POINT('',(7.715134410184,32.77151820601));
#2061 = CARTESIAN_POINT('',(7.796340089843,36.204974445078));
#2062 = CARTESIAN_POINT('',(7.821292805069,37.109804028786));
#2063 = CARTESIAN_POINT('',(7.850137711191,38.014519816577));
#2064 = CARTESIAN_POINT('',(7.883269116412,38.919093500185));
#2065 = CARTESIAN_POINT('',(7.921153820583,39.823480118712));
#2066 = CARTESIAN_POINT('',(7.96434880831,40.727617268154));
#2067 = CARTESIAN_POINT('',(8.013541302206,41.631423270399));
#2068 = CARTESIAN_POINT('',(8.080762381942,42.713970898763));
#2069 = CARTESIAN_POINT('',(8.092160045065,42.893131303594));
#2070 = CARTESIAN_POINT('',(8.103836261534,43.072273285682));
#2071 = CARTESIAN_POINT('',(8.115798423383,43.251395837862));
#2072 = CARTESIAN_POINT('',(8.128054325273,43.43049786772));
#2073 = CARTESIAN_POINT('',(8.140612164496,43.609578197595));
#2074 = CARTESIAN_POINT('',(8.153480540971,43.78863556458));
#2075 = CARTESIAN_POINT('',(8.184799241493,44.213803767532));
#2076 = CARTESIAN_POINT('',(8.203541953617,44.459892230485));
#2077 = CARTESIAN_POINT('',(8.222897157136,44.705932197148));
#2078 = CARTESIAN_POINT('',(8.242831854816,44.951924460274));
#2079 = CARTESIAN_POINT('',(8.263309029482,45.197870375421));
#2080 = CARTESIAN_POINT('',(8.284299915191,45.443771012938));
#2081 = CARTESIAN_POINT('',(8.305778998759,45.689627504098));
#2082 = CARTESIAN_POINT('',(8.349782058582,46.183024277971));
#2083 = CARTESIAN_POINT('',(8.371851832997,46.425378875201));
#2084 = CARTESIAN_POINT('',(8.393906374896,46.66324938817));
#2085 = CARTESIAN_POINT('',(8.415946204296,46.897311638069));
#2086 = CARTESIAN_POINT('',(8.437974323238,47.128174514371));
#2087 = CARTESIAN_POINT('',(8.459993477788,47.356380237001));
#2088 = CARTESIAN_POINT('',(8.48200342004,47.582404618517));
#2089 = CARTESIAN_POINT('',(8.579864032855,48.580165781014));
#2090 = CARTESIAN_POINT('',(8.657586871325,49.353357507587));
#2091 = CARTESIAN_POINT('',(8.735499363681,50.126541783567));
#2092 = CARTESIAN_POINT('',(8.811522509093,50.899975454244));
#2093 = CARTESIAN_POINT('',(8.883084732649,51.673871448779));
#2094 = CARTESIAN_POINT('',(8.946999793122,52.44841100383));
#2095 = CARTESIAN_POINT('',(8.999424838215,53.223748772943));
#2096 = CARTESIAN_POINT('',(9.036019951937,54.));
#2097 = ( GEOMETRIC_REPRESENTATION_CONTEXT(2) 
PARAMETRIC_REPRESENTATION_CONTEXT() REPRESENTATION_CONTEXT('2D SPACE',''
  ) );
#2098 = ADVANCED_FACE('',(#2099),#356,.T.);
#2099 = FACE_BOUND('',#2100,.T.);
#2100 = EDGE_LOOP('',(#2101,#2157,#2158,#2159,#2536,#2926,#3217,#3218,
    #3239,#3295,#3658,#3859,#3885,#4013));
#2101 = ORIENTED_EDGE('',*,*,#2102,.F.);
#2102 = EDGE_CURVE('',#57,#2103,#2105,.T.);
#2103 = VERTEX_POINT('',#2104);
#2104 = CARTESIAN_POINT('',(126.47900962921,49.6,37.));
#2105 = SURFACE_CURVE('',#2106,(#2121,#2139),.PCURVE_S1.);
#2106 = B_SPLINE_CURVE_WITH_KNOTS('',4,(#2107,#2108,#2109,#2110,#2111,
    #2112,#2113,#2114,#2115,#2116,#2117,#2118,#2119,#2120),
  .UNSPECIFIED.,.F.,.F.,(5,3,3,3,5),(0.,0.249655846216,0.499538758671,
    0.749652242844,1.),.UNSPECIFIED.);
#2107 = CARTESIAN_POINT('',(137.96689135262,49.6,21.));
#2108 = CARTESIAN_POINT('',(137.25244332555,49.6,22.000449773454));
#2109 = CARTESIAN_POINT('',(136.53757568631,49.6,23.00060084206));
#2110 = CARTESIAN_POINT('',(135.82228605832,49.6,24.000451108404));
#2111 = CARTESIAN_POINT('',(134.39020746552,49.6,26.000455163953));
#2112 = CARTESIAN_POINT('',(133.67341773028,49.6,27.000608403279));
#2113 = CARTESIAN_POINT('',(132.95620082373,49.6,28.000456306451));
#2114 = CARTESIAN_POINT('',(131.52024650556,49.6,30.000460031936));
#2115 = CARTESIAN_POINT('',(130.80150830345,49.6,31.000615288508));
#2116 = CARTESIAN_POINT('',(130.08233815644,49.6,32.00046093361));
#2117 = CARTESIAN_POINT('',(128.64245651105,49.6,34.000465887326));
#2118 = CARTESIAN_POINT('',(127.92174420218,49.6,35.000624614275));
#2119 = CARTESIAN_POINT('',(127.20059569946,49.6,36.00046979842));
#2120 = CARTESIAN_POINT('',(126.47900962921,49.6,37.));
#2121 = PCURVE('',#356,#2122);
#2122 = DEFINITIONAL_REPRESENTATION('',(#2123),#2138);
#2123 = B_SPLINE_CURVE_WITH_KNOTS('',4,(#2124,#2125,#2126,#2127,#2128,
    #2129,#2130,#2131,#2132,#2133,#2134,#2135,#2136,#2137),
  .UNSPECIFIED.,.F.,.F.,(5,3,3,3,5),(0.,0.249655846216,0.499538758671,
    0.749652242844,1.),.UNSPECIFIED.);
#2124 = CARTESIAN_POINT('',(21.,307.96689135262));
#2125 = CARTESIAN_POINT('',(22.000449773454,307.25244332555));
#2126 = CARTESIAN_POINT('',(23.00060084206,306.53757568631));
#2127 = CARTESIAN_POINT('',(24.000451108404,305.82228605832));
#2128 = CARTESIAN_POINT('',(26.000455163953,304.39020746552));
#2129 = CARTESIAN_POINT('',(27.000608403279,303.67341773028));
#2130 = CARTESIAN_POINT('',(28.000456306451,302.95620082373));
#2131 = CARTESIAN_POINT('',(30.000460031936,301.52024650556));
#2132 = CARTESIAN_POINT('',(31.000615288508,300.80150830345));
#2133 = CARTESIAN_POINT('',(32.00046093361,300.08233815644));
#2134 = CARTESIAN_POINT('',(34.000465887326,298.64245651105));
#2135 = CARTESIAN_POINT('',(35.000624614275,297.92174420218));
#2136 = CARTESIAN_POINT('',(36.00046979842,297.20059569946));
#2137 = CARTESIAN_POINT('',(37.,296.47900962921));
#2138 = ( GEOMETRIC_REPRESENTATION_CONTEXT(2) 
PARAMETRIC_REPRESENTATION_CONTEXT() REPRESENTATION_CONTEXT('2D SPACE',''
  ) );
#2139 = PCURVE('',#210,#2140);
#2140 = DEFINITIONAL_REPRESENTATION('',(#2141),#2156);
#2141 = B_SPLINE_CURVE_WITH_KNOTS('',4,(#2142,#2143,#2144,#2145,#2146,
    #2147,#2148,#2149,#2150,#2151,#2152,#2153,#2154,#2155),
  .UNSPECIFIED.,.F.,.F.,(5,3,3,3,5),(0.,0.249655846216,0.499538758671,
    0.749652242844,1.),.UNSPECIFIED.);
#2142 = CARTESIAN_POINT('',(23.524389341399,0.));
#2143 = CARTESIAN_POINT('',(23.520092854071,6.252811084087E-02));
#2144 = CARTESIAN_POINT('',(23.515746215439,0.125037552629));
#2145 = CARTESIAN_POINT('',(23.511347967775,0.187528194275));
#2146 = CARTESIAN_POINT('',(23.502441035922,0.312528447747));
#2147 = CARTESIAN_POINT('',(23.497932254426,0.375038025205));
#2148 = CARTESIAN_POINT('',(23.493368592624,0.437528519153));
#2149 = CARTESIAN_POINT('',(23.484123781741,0.562528751996));
#2150 = CARTESIAN_POINT('',(23.479442527559,0.625038455532));
#2151 = CARTESIAN_POINT('',(23.474702819912,0.687528808351));
#2152 = CARTESIAN_POINT('',(23.465098207827,0.812529117958));
#2153 = CARTESIAN_POINT('',(23.460233189607,0.875039038392));
#2154 = CARTESIAN_POINT('',(23.455305805228,0.937529362401));
#2155 = CARTESIAN_POINT('',(23.4503139713,1.));
#2156 = ( GEOMETRIC_REPRESENTATION_CONTEXT(2) 
PARAMETRIC_REPRESENTATION_CONTEXT() REPRESENTATION_CONTEXT('2D SPACE',''
  ) );
#2157 = ORIENTED_EDGE('',*,*,#341,.T.);
#2158 = ORIENTED_EDGE('',*,*,#1069,.T.);
#2159 = ORIENTED_EDGE('',*,*,#2160,.T.);
#2160 = EDGE_CURVE('',#1070,#2161,#2163,.T.);
#2161 = VERTEX_POINT('',#2162);
#2162 = CARTESIAN_POINT('',(33.552038585844,49.6,46.));
#2163 = SURFACE_CURVE('',#2164,(#2286,#2411),.PCURVE_S1.);
#2164 = B_SPLINE_CURVE_WITH_KNOTS('',8,(#2165,#2166,#2167,#2168,#2169,
    #2170,#2171,#2172,#2173,#2174,#2175,#2176,#2177,#2178,#2179,#2180,
    #2181,#2182,#2183,#2184,#2185,#2186,#2187,#2188,#2189,#2190,#2191,
    #2192,#2193,#2194,#2195,#2196,#2197,#2198,#2199,#2200,#2201,#2202,
    #2203,#2204,#2205,#2206,#2207,#2208,#2209,#2210,#2211,#2212,#2213,
    #2214,#2215,#2216,#2217,#2218,#2219,#2220,#2221,#2222,#2223,#2224,
    #2225,#2226,#2227,#2228,#2229,#2230,#2231,#2232,#2233,#2234,#2235,
    #2236,#2237,#2238,#2239,#2240,#2241,#2242,#2243,#2244,#2245,#2246,
    #2247,#2248,#2249,#2250,#2251,#2252,#2253,#2254,#2255,#2256,#2257,
    #2258,#2259,#2260,#2261,#2262,#2263,#2264,#2265,#2266,#2267,#2268,
    #2269,#2270,#2271,#2272,#2273,#2274,#2275,#2276,#2277,#2278,#2279,
    #2280,#2281,#2282,#2283,#2284,#2285),.UNSPECIFIED.,.F.,.F.,(9,7,7,7,
    7,7,7,7,7,7,7,7,7,7,7,7,7,9),(0.,0.135343801816,0.245652480799,
    0.30550771029,0.369421005345,0.517009672918,0.609485637024,
    0.664634203341,0.696263898288,0.712329390594,0.730406555191,
    0.784711991358,0.820590673018,0.861808012345,0.882058098045,
    0.901911855207,0.962228317357,1.),.UNSPECIFIED.);
#2165 = CARTESIAN_POINT('',(123.244810009,49.6,34.));
#2166 = CARTESIAN_POINT('',(121.77801155658,49.6,34.351904660045));
#2167 = CARTESIAN_POINT('',(120.30996785167,49.6,34.698633230872));
#2168 = CARTESIAN_POINT('',(118.84073028577,49.6,35.040308487907));
#2169 = CARTESIAN_POINT('',(117.37034375342,49.6,35.377029009435));
#2170 = CARTESIAN_POINT('',(115.89884665724,49.6,35.708869123304));
#2171 = CARTESIAN_POINT('',(114.42627091301,49.6,36.035878853623));
#2172 = CARTESIAN_POINT('',(112.95264195468,49.6,36.35808386746));
#2173 = CARTESIAN_POINT('',(110.27609029664,49.6,36.93417585043));
#2174 = CARTESIAN_POINT('',(109.07351581069,49.6,37.189675182853));
#2175 = CARTESIAN_POINT('',(107.87026551247,49.6,37.441983329863));
#2176 = CARTESIAN_POINT('',(106.66634772858,49.6,37.691089001812));
#2177 = CARTESIAN_POINT('',(105.46176863448,49.6,37.936968496462));
#2178 = CARTESIAN_POINT('',(104.25653200745,49.6,38.179584487084));
#2179 = CARTESIAN_POINT('',(103.05063897969,49.6,38.418884810568));
#2180 = CARTESIAN_POINT('',(101.1893940814,49.6,38.782813240466));
#2181 = CARTESIAN_POINT('',(100.5345067128,49.6,38.909828761936));
#2182 = CARTESIAN_POINT('',(99.879425481207,49.6,39.035837045358));
#2183 = CARTESIAN_POINT('',(99.224149980456,49.6,39.1608256948));
#2184 = CARTESIAN_POINT('',(98.568679602522,49.6,39.284780692979));
#2185 = CARTESIAN_POINT('',(97.913013537496,49.6,39.407686401252));
#2186 = CARTESIAN_POINT('',(97.257150773591,49.6,39.529525559622));
#2187 = CARTESIAN_POINT('',(95.900549811111,49.6,39.779219876487));
#2188 = CARTESIAN_POINT('',(95.199784171858,49.6,39.906924270363));
#2189 = CARTESIAN_POINT('',(94.498789455235,49.6,40.033357407694));
#2190 = CARTESIAN_POINT('',(93.797571229238,49.6,40.158533859757));
#2191 = CARTESIAN_POINT('',(93.096115698621,49.6,40.282358713728));
#2192 = CARTESIAN_POINT('',(92.394426660066,49.6,40.404835201962));
#2193 = CARTESIAN_POINT('',(91.692498771207,49.6,40.52591243412));
#2194 = CARTESIAN_POINT('',(89.368883286781,49.6,40.921855194921));
#2195 = CARTESIAN_POINT('',(87.746152249161,49.6,41.190530731695));
#2196 = CARTESIAN_POINT('',(86.122117583249,49.6,41.451179085853));
#2197 = CARTESIAN_POINT('',(84.496771243277,49.6,41.703425276922));
#2198 = CARTESIAN_POINT('',(82.87012003356,49.6,41.946947478266));
#2199 = CARTESIAN_POINT('',(81.242188100514,49.6,42.181492019788));
#2200 = CARTESIAN_POINT('',(79.613019039409,49.6,42.406884256235));
#2201 = CARTESIAN_POINT('',(76.961139868809,49.6,42.758471013046));
#2202 = CARTESIAN_POINT('',(75.939140641242,49.6,42.890278726062));
#2203 = CARTESIAN_POINT('',(74.916694975755,49.6,43.018436524832));
#2204 = CARTESIAN_POINT('',(73.89382011619,49.6,43.142935573956));
#2205 = CARTESIAN_POINT('',(72.870535546526,49.6,43.263780469664));
#2206 = CARTESIAN_POINT('',(71.846863154479,49.6,43.38098904595));
#2207 = CARTESIAN_POINT('',(70.822827519838,49.6,43.49459163512));
#2208 = CARTESIAN_POINT('',(69.18756675012,49.6,43.670251656974));
#2209 = CARTESIAN_POINT('',(68.57655796334,49.6,43.734605856452));
#2210 = CARTESIAN_POINT('',(67.965435579973,49.6,43.797701229082));
#2211 = CARTESIAN_POINT('',(67.354205818741,49.6,43.859547988663));
#2212 = CARTESIAN_POINT('',(66.742875510414,49.6,43.920157659583));
#2213 = CARTESIAN_POINT('',(66.131452206612,49.6,43.979542931616));
#2214 = CARTESIAN_POINT('',(65.519944391292,49.6,44.037717424846));
#2215 = CARTESIAN_POINT('',(64.557597083317,49.6,44.127374271498));
#2216 = CARTESIAN_POINT('',(64.206807906621,49.6,44.159659572209));
#2217 = CARTESIAN_POINT('',(63.855996082466,49.6,44.191553931499));
#2218 = CARTESIAN_POINT('',(63.505163655005,49.6,44.223060096022));
#2219 = CARTESIAN_POINT('',(63.15431296372,49.6,44.254180834888));
#2220 = CARTESIAN_POINT('',(62.803446712258,49.6,44.284918880102));
#2221 = CARTESIAN_POINT('',(62.452568037264,49.6,44.315276867004));
#2222 = CARTESIAN_POINT('',(61.923456291477,49.6,44.360485053867));
#2223 = CARTESIAN_POINT('',(61.745229827572,49.6,44.37561572559));
#2224 = CARTESIAN_POINT('',(61.567001404674,49.6,44.390648451876));
#2225 = CARTESIAN_POINT('',(61.388771849296,49.6,44.405584668757));
#2226 = CARTESIAN_POINT('',(61.210541961697,49.6,44.420425403262));
#2227 = CARTESIAN_POINT('',(61.032312209957,49.6,44.435170007601));
#2228 = CARTESIAN_POINT('',(60.854082751714,49.6,44.44981631056));
#2229 = CARTESIAN_POINT('',(60.475307523804,49.6,44.480729452169));
#2230 = CARTESIAN_POINT('',(60.273231782048,49.6,44.497094653846));
#2231 = CARTESIAN_POINT('',(60.069558815695,49.6,44.513457385198));
#2232 = CARTESIAN_POINT('',(59.864208121396,49.6,44.529817599565));
#2233 = CARTESIAN_POINT('',(59.657086412205,49.6,44.546175444858));
#2234 = CARTESIAN_POINT('',(59.448087594717,49.6,44.562531098841));
#2235 = CARTESIAN_POINT('',(59.23709274621,49.6,44.578884604413));
#2236 = CARTESIAN_POINT('',(58.383730377068,49.6,44.644355888433));
#2237 = CARTESIAN_POINT('',(57.743510277242,49.6,44.69197979824));
#2238 = CARTESIAN_POINT('',(57.103326769151,49.6,44.737980716545));
#2239 = CARTESIAN_POINT('',(56.463180108249,49.6,44.782219449809));
#2240 = CARTESIAN_POINT('',(55.823055345755,49.6,44.824542507094));
#2241 = CARTESIAN_POINT('',(55.182897697737,49.6,44.864868795943));
#2242 = CARTESIAN_POINT('',(54.542654052444,49.6,44.903346828367));
#2243 = CARTESIAN_POINT('',(53.47920460755,49.6,44.964580696223));
#2244 = CARTESIAN_POINT('',(53.056068149745,49.6,44.988241547792));
#2245 = CARTESIAN_POINT('',(52.632863938958,49.6,45.011272001016));
#2246 = CARTESIAN_POINT('',(52.209583516282,49.6,45.033765638305));
#2247 = CARTESIAN_POINT('',(51.786223015744,49.6,45.055823167882));
#2248 = CARTESIAN_POINT('',(51.362783141502,49.6,45.077540807301));
#2249 = CARTESIAN_POINT('',(50.939268114327,49.6,45.099003588917));
#2250 = CARTESIAN_POINT('',(50.029070747269,49.6,45.144729995979));
#2251 = CARTESIAN_POINT('',(49.542365526834,49.6,45.168935204076));
#2252 = CARTESIAN_POINT('',(49.055576122978,49.6,45.19300982719));
#2253 = CARTESIAN_POINT('',(48.568712319745,49.6,45.217041312479));
#2254 = CARTESIAN_POINT('',(48.08178403119,49.6,45.241096462196));
#2255 = CARTESIAN_POINT('',(47.594800408949,49.6,45.265224752873));
#2256 = CARTESIAN_POINT('',(47.107769514491,49.6,45.289462450184));
#2257 = CARTESIAN_POINT('',(46.381400512788,49.6,45.325812995073));
#2258 = CARTESIAN_POINT('',(46.142092572277,49.6,45.337823444425));
#2259 = CARTESIAN_POINT('',(45.902775841325,49.6,45.349868724697));
#2260 = CARTESIAN_POINT('',(45.663451317672,49.6,45.361948417847));
#2261 = CARTESIAN_POINT('',(45.42411989001,49.6,45.374061830611));
#2262 = CARTESIAN_POINT('',(45.184782337983,49.6,45.386207994504));
#2263 = CARTESIAN_POINT('',(44.945439332189,49.6,45.398385665817));
#2264 = CARTESIAN_POINT('',(44.471427980659,49.6,45.422562060811));
#2265 = CARTESIAN_POINT('',(44.236759815392,49.6,45.4345600495));
#2266 = CARTESIAN_POINT('',(44.002087431495,49.6,45.446586492511));
#2267 = CARTESIAN_POINT('',(43.767411270814,49.6,45.458640619781));
#2268 = CARTESIAN_POINT('',(43.532731723919,49.6,45.470721690374));
#2269 = CARTESIAN_POINT('',(43.298049130107,49.6,45.482828992469));
#2270 = CARTESIAN_POINT('',(43.0633637774,49.6,45.49496184337));
#2271 = CARTESIAN_POINT('',(42.115685298024,49.6,45.544055280223));
#2272 = CARTESIAN_POINT('',(41.40267179473,49.6,45.581220637905));
#2273 = CARTESIAN_POINT('',(40.689642102577,49.6,45.618596953772));
#2274 = CARTESIAN_POINT('',(39.976600885777,49.6,45.656166450844));
#2275 = CARTESIAN_POINT('',(39.263551423607,49.6,45.693911169546));
#2276 = CARTESIAN_POINT('',(38.55049603326,49.6,45.731812068237));
#2277 = CARTESIAN_POINT('',(37.837436254818,49.6,45.769848338662));
#2278 = CARTESIAN_POINT('',(36.677834562772,49.6,45.83188654579));
#2279 = CARTESIAN_POINT('',(36.23129499308,49.6,45.855820197225));
#2280 = CARTESIAN_POINT('',(35.784754337161,49.6,45.879792211915));
#2281 = CARTESIAN_POINT('',(35.338212770946,49.6,45.903796555429));
#2282 = CARTESIAN_POINT('',(34.891670401658,49.6,45.927826764779));
#2283 = CARTESIAN_POINT('',(34.445127271094,49.6,45.951875875583));
#2284 = CARTESIAN_POINT('',(33.998583358899,49.6,45.975936349223));
#2285 = CARTESIAN_POINT('',(33.552038585844,49.6,46.));
#2286 = PCURVE('',#356,#2287);
#2287 = DEFINITIONAL_REPRESENTATION('',(#2288),#2410);
#2288 = B_SPLINE_CURVE_WITH_KNOTS('',8,(#2289,#2290,#2291,#2292,#2293,
    #2294,#2295,#2296,#2297,#2298,#2299,#2300,#2301,#2302,#2303,#2304,
    #2305,#2306,#2307,#2308,#2309,#2310,#2311,#2312,#2313,#2314,#2315,
    #2316,#2317,#2318,#2319,#2320,#2321,#2322,#2323,#2324,#2325,#2326,
    #2327,#2328,#2329,#2330,#2331,#2332,#2333,#2334,#2335,#2336,#2337,
    #2338,#2339,#2340,#2341,#2342,#2343,#2344,#2345,#2346,#2347,#2348,
    #2349,#2350,#2351,#2352,#2353,#2354,#2355,#2356,#2357,#2358,#2359,
    #2360,#2361,#2362,#2363,#2364,#2365,#2366,#2367,#2368,#2369,#2370,
    #2371,#2372,#2373,#2374,#2375,#2376,#2377,#2378,#2379,#2380,#2381,
    #2382,#2383,#2384,#2385,#2386,#2387,#2388,#2389,#2390,#2391,#2392,
    #2393,#2394,#2395,#2396,#2397,#2398,#2399,#2400,#2401,#2402,#2403,
    #2404,#2405,#2406,#2407,#2408,#2409),.UNSPECIFIED.,.F.,.F.,(9,7,7,7,
    7,7,7,7,7,7,7,7,7,7,7,7,7,9),(0.,0.135343801816,0.245652480799,
    0.30550771029,0.369421005345,0.517009672918,0.609485637024,
    0.664634203341,0.696263898288,0.712329390594,0.730406555191,
    0.784711991358,0.820590673018,0.861808012345,0.882058098045,
    0.901911855207,0.962228317357,1.),.UNSPECIFIED.);
#2289 = CARTESIAN_POINT('',(34.,293.244810009));
#2290 = CARTESIAN_POINT('',(34.351904660045,291.77801155658));
#2291 = CARTESIAN_POINT('',(34.698633230872,290.30996785167));
#2292 = CARTESIAN_POINT('',(35.040308487907,288.84073028577));
#2293 = CARTESIAN_POINT('',(35.377029009435,287.37034375342));
#2294 = CARTESIAN_POINT('',(35.708869123304,285.89884665724));
#2295 = CARTESIAN_POINT('',(36.035878853623,284.42627091301));
#2296 = CARTESIAN_POINT('',(36.35808386746,282.95264195468));
#2297 = CARTESIAN_POINT('',(36.93417585043,280.27609029664));
#2298 = CARTESIAN_POINT('',(37.189675182853,279.07351581069));
#2299 = CARTESIAN_POINT('',(37.441983329863,277.87026551247));
#2300 = CARTESIAN_POINT('',(37.691089001812,276.66634772858));
#2301 = CARTESIAN_POINT('',(37.936968496462,275.46176863448));
#2302 = CARTESIAN_POINT('',(38.179584487084,274.25653200745));
#2303 = CARTESIAN_POINT('',(38.418884810568,273.05063897969));
#2304 = CARTESIAN_POINT('',(38.782813240466,271.1893940814));
#2305 = CARTESIAN_POINT('',(38.909828761936,270.5345067128));
#2306 = CARTESIAN_POINT('',(39.035837045358,269.8794254812));
#2307 = CARTESIAN_POINT('',(39.1608256948,269.22414998045));
#2308 = CARTESIAN_POINT('',(39.284780692979,268.56867960252));
#2309 = CARTESIAN_POINT('',(39.407686401252,267.91301353749));
#2310 = CARTESIAN_POINT('',(39.529525559622,267.25715077359));
#2311 = CARTESIAN_POINT('',(39.779219876487,265.90054981111));
#2312 = CARTESIAN_POINT('',(39.906924270363,265.19978417185));
#2313 = CARTESIAN_POINT('',(40.033357407694,264.49878945523));
#2314 = CARTESIAN_POINT('',(40.158533859757,263.79757122923));
#2315 = CARTESIAN_POINT('',(40.282358713728,263.09611569862));
#2316 = CARTESIAN_POINT('',(40.404835201962,262.39442666006));
#2317 = CARTESIAN_POINT('',(40.52591243412,261.6924987712));
#2318 = CARTESIAN_POINT('',(40.921855194921,259.36888328678));
#2319 = CARTESIAN_POINT('',(41.190530731695,257.74615224916));
#2320 = CARTESIAN_POINT('',(41.451179085853,256.12211758324));
#2321 = CARTESIAN_POINT('',(41.703425276922,254.49677124327));
#2322 = CARTESIAN_POINT('',(41.946947478266,252.87012003356));
#2323 = CARTESIAN_POINT('',(42.181492019788,251.24218810051));
#2324 = CARTESIAN_POINT('',(42.406884256235,249.6130190394));
#2325 = CARTESIAN_POINT('',(42.758471013046,246.9611398688));
#2326 = CARTESIAN_POINT('',(42.890278726062,245.93914064124));
#2327 = CARTESIAN_POINT('',(43.018436524832,244.91669497575));
#2328 = CARTESIAN_POINT('',(43.142935573956,243.89382011619));
#2329 = CARTESIAN_POINT('',(43.263780469664,242.87053554652));
#2330 = CARTESIAN_POINT('',(43.38098904595,241.84686315447));
#2331 = CARTESIAN_POINT('',(43.49459163512,240.82282751983));
#2332 = CARTESIAN_POINT('',(43.670251656974,239.18756675012));
#2333 = CARTESIAN_POINT('',(43.734605856452,238.57655796334));
#2334 = CARTESIAN_POINT('',(43.797701229082,237.96543557997));
#2335 = CARTESIAN_POINT('',(43.859547988663,237.35420581874));
#2336 = CARTESIAN_POINT('',(43.920157659583,236.74287551041));
#2337 = CARTESIAN_POINT('',(43.979542931616,236.13145220661));
#2338 = CARTESIAN_POINT('',(44.037717424846,235.51994439129));
#2339 = CARTESIAN_POINT('',(44.127374271498,234.55759708331));
#2340 = CARTESIAN_POINT('',(44.159659572209,234.20680790662));
#2341 = CARTESIAN_POINT('',(44.191553931499,233.85599608246));
#2342 = CARTESIAN_POINT('',(44.223060096022,233.505163655));
#2343 = CARTESIAN_POINT('',(44.254180834888,233.15431296372));
#2344 = CARTESIAN_POINT('',(44.284918880102,232.80344671225));
#2345 = CARTESIAN_POINT('',(44.315276867004,232.45256803726));
#2346 = CARTESIAN_POINT('',(44.360485053867,231.92345629147));
#2347 = CARTESIAN_POINT('',(44.37561572559,231.74522982757));
#2348 = CARTESIAN_POINT('',(44.390648451876,231.56700140467));
#2349 = CARTESIAN_POINT('',(44.405584668757,231.38877184929));
#2350 = CARTESIAN_POINT('',(44.420425403262,231.21054196169));
#2351 = CARTESIAN_POINT('',(44.435170007601,231.03231220995));
#2352 = CARTESIAN_POINT('',(44.44981631056,230.85408275171));
#2353 = CARTESIAN_POINT('',(44.480729452169,230.4753075238));
#2354 = CARTESIAN_POINT('',(44.497094653846,230.27323178204));
#2355 = CARTESIAN_POINT('',(44.513457385198,230.06955881569));
#2356 = CARTESIAN_POINT('',(44.529817599565,229.86420812139));
#2357 = CARTESIAN_POINT('',(44.546175444858,229.6570864122));
#2358 = CARTESIAN_POINT('',(44.562531098841,229.44808759471));
#2359 = CARTESIAN_POINT('',(44.578884604413,229.23709274621));
#2360 = CARTESIAN_POINT('',(44.644355888433,228.38373037706));
#2361 = CARTESIAN_POINT('',(44.69197979824,227.74351027724));
#2362 = CARTESIAN_POINT('',(44.737980716545,227.10332676915));
#2363 = CARTESIAN_POINT('',(44.782219449809,226.46318010824));
#2364 = CARTESIAN_POINT('',(44.824542507094,225.82305534575));
#2365 = CARTESIAN_POINT('',(44.864868795943,225.18289769773));
#2366 = CARTESIAN_POINT('',(44.903346828367,224.54265405244));
#2367 = CARTESIAN_POINT('',(44.964580696223,223.47920460755));
#2368 = CARTESIAN_POINT('',(44.988241547792,223.05606814974));
#2369 = CARTESIAN_POINT('',(45.011272001016,222.63286393895));
#2370 = CARTESIAN_POINT('',(45.033765638305,222.20958351628));
#2371 = CARTESIAN_POINT('',(45.055823167882,221.78622301574));
#2372 = CARTESIAN_POINT('',(45.077540807301,221.3627831415));
#2373 = CARTESIAN_POINT('',(45.099003588917,220.93926811432));
#2374 = CARTESIAN_POINT('',(45.144729995979,220.02907074726));
#2375 = CARTESIAN_POINT('',(45.168935204076,219.54236552683));
#2376 = CARTESIAN_POINT('',(45.19300982719,219.05557612297));
#2377 = CARTESIAN_POINT('',(45.217041312479,218.56871231974));
#2378 = CARTESIAN_POINT('',(45.241096462196,218.08178403119));
#2379 = CARTESIAN_POINT('',(45.265224752873,217.59480040894));
#2380 = CARTESIAN_POINT('',(45.289462450184,217.10776951449));
#2381 = CARTESIAN_POINT('',(45.325812995073,216.38140051278));
#2382 = CARTESIAN_POINT('',(45.337823444425,216.14209257227));
#2383 = CARTESIAN_POINT('',(45.349868724697,215.90277584132));
#2384 = CARTESIAN_POINT('',(45.361948417847,215.66345131767));
#2385 = CARTESIAN_POINT('',(45.374061830611,215.42411989001));
#2386 = CARTESIAN_POINT('',(45.386207994504,215.18478233798));
#2387 = CARTESIAN_POINT('',(45.398385665817,214.94543933218));
#2388 = CARTESIAN_POINT('',(45.422562060811,214.47142798065));
#2389 = CARTESIAN_POINT('',(45.4345600495,214.23675981539));
#2390 = CARTESIAN_POINT('',(45.446586492511,214.00208743149));
#2391 = CARTESIAN_POINT('',(45.458640619781,213.76741127081));
#2392 = CARTESIAN_POINT('',(45.470721690374,213.53273172391));
#2393 = CARTESIAN_POINT('',(45.482828992469,213.2980491301));
#2394 = CARTESIAN_POINT('',(45.49496184337,213.0633637774));
#2395 = CARTESIAN_POINT('',(45.544055280223,212.11568529802));
#2396 = CARTESIAN_POINT('',(45.581220637905,211.40267179473));
#2397 = CARTESIAN_POINT('',(45.618596953772,210.68964210257));
#2398 = CARTESIAN_POINT('',(45.656166450844,209.97660088577));
#2399 = CARTESIAN_POINT('',(45.693911169546,209.2635514236));
#2400 = CARTESIAN_POINT('',(45.731812068237,208.55049603326));
#2401 = CARTESIAN_POINT('',(45.769848338662,207.83743625481));
#2402 = CARTESIAN_POINT('',(45.83188654579,206.67783456277));
#2403 = CARTESIAN_POINT('',(45.855820197225,206.23129499308));
#2404 = CARTESIAN_POINT('',(45.879792211915,205.78475433716));
#2405 = CARTESIAN_POINT('',(45.903796555429,205.33821277094));
#2406 = CARTESIAN_POINT('',(45.927826764779,204.89167040165));
#2407 = CARTESIAN_POINT('',(45.951875875583,204.44512727109));
#2408 = CARTESIAN_POINT('',(45.975936349223,203.99858335889));
#2409 = CARTESIAN_POINT('',(46.,203.55203858584));
#2410 = ( GEOMETRIC_REPRESENTATION_CONTEXT(2) 
PARAMETRIC_REPRESENTATION_CONTEXT() REPRESENTATION_CONTEXT('2D SPACE',''
  ) );
#2411 = PCURVE('',#1165,#2412);
#2412 = DEFINITIONAL_REPRESENTATION('',(#2413),#2535);
#2413 = B_SPLINE_CURVE_WITH_KNOTS('',8,(#2414,#2415,#2416,#2417,#2418,
    #2419,#2420,#2421,#2422,#2423,#2424,#2425,#2426,#2427,#2428,#2429,
    #2430,#2431,#2432,#2433,#2434,#2435,#2436,#2437,#2438,#2439,#2440,
    #2441,#2442,#2443,#2444,#2445,#2446,#2447,#2448,#2449,#2450,#2451,
    #2452,#2453,#2454,#2455,#2456,#2457,#2458,#2459,#2460,#2461,#2462,
    #2463,#2464,#2465,#2466,#2467,#2468,#2469,#2470,#2471,#2472,#2473,
    #2474,#2475,#2476,#2477,#2478,#2479,#2480,#2481,#2482,#2483,#2484,
    #2485,#2486,#2487,#2488,#2489,#2490,#2491,#2492,#2493,#2494,#2495,
    #2496,#2497,#2498,#2499,#2500,#2501,#2502,#2503,#2504,#2505,#2506,
    #2507,#2508,#2509,#2510,#2511,#2512,#2513,#2514,#2515,#2516,#2517,
    #2518,#2519,#2520,#2521,#2522,#2523,#2524,#2525,#2526,#2527,#2528,
    #2529,#2530,#2531,#2532,#2533,#2534),.UNSPECIFIED.,.F.,.F.,(9,7,7,7,
    7,7,7,7,7,7,7,7,7,7,7,7,7,9),(0.,0.135343801816,0.245652480799,
    0.30550771029,0.369421005345,0.517009672918,0.609485637024,
    0.664634203341,0.696263898288,0.712329390594,0.730406555191,
    0.784711991358,0.820590673018,0.861808012345,0.882058098045,
    0.901911855207,0.962228317357,1.),.UNSPECIFIED.);
#2414 = CARTESIAN_POINT('',(23.432007227057,0.));
#2415 = CARTESIAN_POINT('',(23.413843859303,2.932538833705E-02));
#2416 = CARTESIAN_POINT('',(23.39533873706,5.8219435906E-02));
#2417 = CARTESIAN_POINT('',(23.37646434145,8.669237399222E-02));
#2418 = CARTESIAN_POINT('',(23.357191543557,0.114752417453));
#2419 = CARTESIAN_POINT('',(23.337489262622,0.142405760275));
#2420 = CARTESIAN_POINT('',(23.317324124243,0.169656571135));
#2421 = CARTESIAN_POINT('',(23.296660118564,0.196506988955));
#2422 = CARTESIAN_POINT('',(23.258178197272,0.244514654203));
#2423 = CARTESIAN_POINT('',(23.240540861093,0.265806265238));
#2424 = CARTESIAN_POINT('',(23.222525181728,0.286831944155));
#2425 = CARTESIAN_POINT('',(23.204108742351,0.307590750151));
#2426 = CARTESIAN_POINT('',(23.185267721132,0.328080708038));
#2427 = CARTESIAN_POINT('',(23.165976834838,0.348298707257));
#2428 = CARTESIAN_POINT('',(23.146209282442,0.368240400881));
#2429 = CARTESIAN_POINT('',(23.114936459553,0.398567770039));
#2430 = CARTESIAN_POINT('',(23.103787545472,0.409152396828));
#2431 = CARTESIAN_POINT('',(23.0924854056,0.419653087113));
#2432 = CARTESIAN_POINT('',(23.081025385975,0.4300688079));
#2433 = CARTESIAN_POINT('',(23.069402719558,0.440398391082));
#2434 = CARTESIAN_POINT('',(23.057612526233,0.450640533438));
#2435 = CARTESIAN_POINT('',(23.045649812811,0.460793796635));
#2436 = CARTESIAN_POINT('',(23.020546042336,0.481601656374));
#2437 = CARTESIAN_POINT('',(23.007380102158,0.492243689197));
#2438 = CARTESIAN_POINT('',(22.994005437382,0.502779783975));
#2439 = CARTESIAN_POINT('',(22.980415762591,0.51321115498));
#2440 = CARTESIAN_POINT('',(22.966604904101,0.523529892811));
#2441 = CARTESIAN_POINT('',(22.952565924785,0.53373626683));
#2442 = CARTESIAN_POINT('',(22.938291978835,0.543826036177));
#2443 = CARTESIAN_POINT('',(22.890254661813,0.576821266243));
#2444 = CARTESIAN_POINT('',(22.855441108959,0.599210894308));
#2445 = CARTESIAN_POINT('',(22.819245935651,0.620931590488));
#2446 = CARTESIAN_POINT('',(22.781567392772,0.64195210641));
#2447 = CARTESIAN_POINT('',(22.742292380317,0.662245623189));
#2448 = CARTESIAN_POINT('',(22.701289203239,0.681791001649));
#2449 = CARTESIAN_POINT('',(22.658391782443,0.70057368802));
#2450 = CARTESIAN_POINT('',(22.585168950104,0.72987258442));
#2451 = CARTESIAN_POINT('',(22.556130306455,0.740856560505));
#2452 = CARTESIAN_POINT('',(22.52620440759,0.751536377069));
#2453 = CARTESIAN_POINT('',(22.495324554589,0.76191129783));
#2454 = CARTESIAN_POINT('',(22.463412266425,0.771981705805));
#2455 = CARTESIAN_POINT('',(22.430371316897,0.781749087162));
#2456 = CARTESIAN_POINT('',(22.396075874031,0.791215969593));
#2457 = CARTESIAN_POINT('',(22.339049049296,0.805854304748));
#2458 = CARTESIAN_POINT('',(22.317237458386,0.811217154704));
#2459 = CARTESIAN_POINT('',(22.294881321146,0.816475102423));
#2460 = CARTESIAN_POINT('',(22.271936729688,0.821628999055));
#2461 = CARTESIAN_POINT('',(22.248352118593,0.826679804965));
#2462 = CARTESIAN_POINT('',(22.224065052445,0.831628577635));
#2463 = CARTESIAN_POINT('',(22.198996198637,0.836476452071));
#2464 = CARTESIAN_POINT('',(22.158153946296,0.843947855958));
#2465 = CARTESIAN_POINT('',(22.142975816129,0.846638297684));
#2466 = CARTESIAN_POINT('',(22.127485677999,0.849296160958));
#2467 = CARTESIAN_POINT('',(22.111661005526,0.851921674668));
#2468 = CARTESIAN_POINT('',(22.0954755919,0.854515069574));
#2469 = CARTESIAN_POINT('',(22.078897978887,0.857076573342));
#2470 = CARTESIAN_POINT('',(22.061889885845,0.859606405584));
#2471 = CARTESIAN_POINT('',(22.035523455926,0.863373754489));
#2472 = CARTESIAN_POINT('',(22.026518230039,0.864634643799));
#2473 = CARTESIAN_POINT('',(22.017386077162,0.86588737099));
#2474 = CARTESIAN_POINT('',(22.008117014178,0.86713205573));
#2475 = CARTESIAN_POINT('',(21.998701118387,0.868368783605));
#2476 = CARTESIAN_POINT('',(21.989132161354,0.869597500633));
#2477 = CARTESIAN_POINT('',(21.979407716997,0.87081802588));
#2478 = CARTESIAN_POINT('',(21.958406380058,0.873394121014));
#2479 = CARTESIAN_POINT('',(21.947001996783,0.87475788782));
#2480 = CARTESIAN_POINT('',(21.93529881022,0.876121448767));
#2481 = CARTESIAN_POINT('',(21.923281692797,0.877484799964));
#2482 = CARTESIAN_POINT('',(21.910934329592,0.878847953738));
#2483 = CARTESIAN_POINT('',(21.89823937472,0.880210924903));
#2484 = CARTESIAN_POINT('',(21.885178607703,0.881573717034));
#2485 = CARTESIAN_POINT('',(21.831341539073,0.887029657369));
#2486 = CARTESIAN_POINT('',(21.788691502807,0.89099831652));
#2487 = CARTESIAN_POINT('',(21.743731000476,0.894831726379));
#2488 = CARTESIAN_POINT('',(21.696553591202,0.898518287484));
#2489 = CARTESIAN_POINT('',(21.647386761913,0.902045208925));
#2490 = CARTESIAN_POINT('',(21.59698458463,0.905405732995));
#2491 = CARTESIAN_POINT('',(21.546254335094,0.908612235697));
#2492 = CARTESIAN_POINT('',(21.462737069531,0.913715058019));
#2493 = CARTESIAN_POINT('',(21.429702231661,0.915686795649));
#2494 = CARTESIAN_POINT('',(21.39708329034,0.917606000085));
#2495 = CARTESIAN_POINT('',(21.365077382018,0.919480469859));
#2496 = CARTESIAN_POINT('',(21.333830431407,0.921318597324));
#2497 = CARTESIAN_POINT('',(21.303429848917,0.923128400608));
#2498 = CARTESIAN_POINT('',(21.273913892843,0.924916965743));
#2499 = CARTESIAN_POINT('',(21.212423481644,0.928727499665));
#2500 = CARTESIAN_POINT('',(21.180736016833,0.93074460034));
#2501 = CARTESIAN_POINT('',(21.150254069296,0.932750818932));
#2502 = CARTESIAN_POINT('',(21.120944594625,0.934753442707));
#2503 = CARTESIAN_POINT('',(21.092748831334,0.936758038516));
#2504 = CARTESIAN_POINT('',(21.065599709083,0.938768729406));
#2505 = CARTESIAN_POINT('',(21.039430570371,0.940788537515));
#2506 = CARTESIAN_POINT('',(21.001767240814,0.943817749589));
#2507 = CARTESIAN_POINT('',(20.989584921286,0.944818620369));
#2508 = CARTESIAN_POINT('',(20.977610813167,0.945822393725));
#2509 = CARTESIAN_POINT('',(20.965828622538,0.946829034821));
#2510 = CARTESIAN_POINT('',(20.954223195518,0.947838485884));
#2511 = CARTESIAN_POINT('',(20.942780518256,0.948850666209));
#2512 = CARTESIAN_POINT('',(20.931487716934,0.949865472151));
#2513 = CARTESIAN_POINT('',(20.909396714211,0.951880171734));
#2514 = CARTESIAN_POINT('',(20.898593842609,0.952880004125));
#2515 = CARTESIAN_POINT('',(20.887914773785,0.953882207709));
#2516 = CARTESIAN_POINT('',(20.877350672115,0.954886718315));
#2517 = CARTESIAN_POINT('',(20.866893535524,0.955893474198));
#2518 = CARTESIAN_POINT('',(20.856536195488,0.956902416039));
#2519 = CARTESIAN_POINT('',(20.846272317032,0.957913486947));
#2520 = CARTESIAN_POINT('',(20.805181575613,0.962004606685));
#2521 = CARTESIAN_POINT('',(20.7750769205,0.965101719825));
#2522 = CARTESIAN_POINT('',(20.745621107683,0.968216412814));
#2523 = CARTESIAN_POINT('',(20.716696993685,0.971347204237));
#2524 = CARTESIAN_POINT('',(20.688214106025,0.974492597462));
#2525 = CARTESIAN_POINT('',(20.660097148355,0.977651005686));
#2526 = CARTESIAN_POINT('',(20.632280521958,0.980820694888));
#2527 = CARTESIAN_POINT('',(20.587442799061,0.985990545482));
#2528 = CARTESIAN_POINT('',(20.570272717496,0.987985016435));
#2529 = CARTESIAN_POINT('',(20.553184867032,0.989982684326));
#2530 = CARTESIAN_POINT('',(20.53616666781,0.991983046286));
#2531 = CARTESIAN_POINT('',(20.519206522611,0.993985563732));
#2532 = CARTESIAN_POINT('',(20.502293627469,0.995989656299));
#2533 = CARTESIAN_POINT('',(20.485417782287,0.997994695769));
#2534 = CARTESIAN_POINT('',(20.468569201451,1.));
#2535 = ( GEOMETRIC_REPRESENTATION_CONTEXT(2) 
PARAMETRIC_REPRESENTATION_CONTEXT() REPRESENTATION_CONTEXT('2D SPACE',''
  ) );
#2536 = ORIENTED_EDGE('',*,*,#2537,.F.);
#2537 = EDGE_CURVE('',#2538,#2161,#2540,.T.);
#2538 = VERTEX_POINT('',#2539);
#2539 = CARTESIAN_POINT('',(-33.53174727372,49.6,46.));
#2540 = SURFACE_CURVE('',#2541,(#2649,#2760),.PCURVE_S1.);
#2541 = B_SPLINE_CURVE_WITH_KNOTS('',8,(#2542,#2543,#2544,#2545,#2546,
    #2547,#2548,#2549,#2550,#2551,#2552,#2553,#2554,#2555,#2556,#2557,
    #2558,#2559,#2560,#2561,#2562,#2563,#2564,#2565,#2566,#2567,#2568,
    #2569,#2570,#2571,#2572,#2573,#2574,#2575,#2576,#2577,#2578,#2579,
    #2580,#2581,#2582,#2583,#2584,#2585,#2586,#2587,#2588,#2589,#2590,
    #2591,#2592,#2593,#2594,#2595,#2596,#2597,#2598,#2599,#2600,#2601,
    #2602,#2603,#2604,#2605,#2606,#2607,#2608,#2609,#2610,#2611,#2612,
    #2613,#2614,#2615,#2616,#2617,#2618,#2619,#2620,#2621,#2622,#2623,
    #2624,#2625,#2626,#2627,#2628,#2629,#2630,#2631,#2632,#2633,#2634,
    #2635,#2636,#2637,#2638,#2639,#2640,#2641,#2642,#2643,#2644,#2645,
    #2646,#2647,#2648),.UNSPECIFIED.,.F.,.F.,(9,7,7,7,7,7,7,7,7,7,7,7,7,
    7,7,9),(0.,0.118574332327,0.151781441511,0.178585059254,
    0.200128463778,0.280436906809,0.340891322984,0.386401735891,
    0.42085011945,0.445764666682,0.50265695857,0.718125734961,
    0.810704145151,0.829406054427,0.881249772078,1.),.UNSPECIFIED.);
#2542 = CARTESIAN_POINT('',(-33.53174727372,49.6,46.));
#2543 = CARTESIAN_POINT('',(-32.54811153571,49.6,46.182535984463));
#2544 = CARTESIAN_POINT('',(-31.56386827885,49.6,46.361985943298));
#2545 = CARTESIAN_POINT('',(-30.57899054021,49.6,46.53815698435));
#2546 = CARTESIAN_POINT('',(-29.59344961598,49.6,46.710815628117));
#2547 = CARTESIAN_POINT('',(-28.60721466838,49.6,46.87968483934));
#2548 = CARTESIAN_POINT('',(-27.62025075644,49.6,47.044432299048));
#2549 = CARTESIAN_POINT('',(-26.63251529054,49.6,47.204649917061));
#2550 = CARTESIAN_POINT('',(-25.36710295314,49.6,47.403281731513));
#2551 = CARTESIAN_POINT('',(-25.0901884367,49.6,47.446343217004));
#2552 = CARTESIAN_POINT('',(-24.8132082755,49.6,47.488997881512));
#2553 = CARTESIAN_POINT('',(-24.53616135056,49.6,47.53123374595));
#2554 = CARTESIAN_POINT('',(-24.25904650987,49.6,47.573038012056));
#2555 = CARTESIAN_POINT('',(-23.98186256839,49.6,47.614397062389));
#2556 = CARTESIAN_POINT('',(-23.70460830804,49.6,47.655296460327));
#2557 = CARTESIAN_POINT('',(-23.2034347617,49.6,47.728350185117));
#2558 = CARTESIAN_POINT('',(-22.97954042753,49.6,47.760669908434));
#2559 = CARTESIAN_POINT('',(-22.75559881341,49.6,47.792672092573));
#2560 = CARTESIAN_POINT('',(-22.53160924796,49.6,47.824348200044));
#2561 = CARTESIAN_POINT('',(-22.30757105022,49.6,47.855689183316));
#2562 = CARTESIAN_POINT('',(-22.08348352969,49.6,47.886685484818));
#2563 = CARTESIAN_POINT('',(-21.85934598627,49.6,47.917327036943));
#2564 = CARTESIAN_POINT('',(-21.45496641057,49.6,47.971937774306));
#2565 = CARTESIAN_POINT('',(-21.27474243311,49.6,47.996036827907));
#2566 = CARTESIAN_POINT('',(-21.09448494182,49.6,48.019891387011));
#2567 = CARTESIAN_POINT('',(-20.91419427017,49.6,48.043500996709));
#2568 = CARTESIAN_POINT('',(-20.73387093359,49.6,48.066866443471));
#2569 = CARTESIAN_POINT('',(-20.55351517559,49.6,48.08998638396));
#2570 = CARTESIAN_POINT('',(-20.37312704753,49.6,48.112857942215));
#2571 = CARTESIAN_POINT('',(-19.52014613166,49.6,48.219815422369));
#2572 = CARTESIAN_POINT('',(-18.8471404443,49.6,48.30069614567));
#2573 = CARTESIAN_POINT('',(-18.17370547261,49.6,48.378065253441));
#2574 = CARTESIAN_POINT('',(-17.49985825926,49.6,48.451872457935));
#2575 = CARTESIAN_POINT('',(-16.82561755608,49.6,48.522076950295));
#2576 = CARTESIAN_POINT('',(-16.15100400305,49.6,48.588648975554));
#2577 = CARTESIAN_POINT('',(-15.4760403074,49.6,48.651571407623));
#2578 = CARTESIAN_POINT('',(-14.29240891536,49.6,48.755458404038));
#2579 = CARTESIAN_POINT('',(-13.78388156086,49.6,48.798005749301));
#2580 = CARTESIAN_POINT('',(-13.27517989588,49.6,48.838482019186));
#2581 = CARTESIAN_POINT('',(-12.76631457469,49.6,48.876890522177));
#2582 = CARTESIAN_POINT('',(-12.25729638636,49.6,48.913239404361));
#2583 = CARTESIAN_POINT('',(-11.74813627186,49.6,48.947541837685));
#2584 = CARTESIAN_POINT('',(-11.23884534137,49.6,48.979816208199));
#2585 = CARTESIAN_POINT('',(-10.34594793734,49.6,49.032873797099));
#2586 = CARTESIAN_POINT('',(-9.962393076947,49.6,49.054525417592));
#2587 = CARTESIAN_POINT('',(-9.578775058075,49.6,49.075051317917));
#2588 = CARTESIAN_POINT('',(-9.195098524525,49.6,49.09446333873));
#2589 = CARTESIAN_POINT('',(-8.811368016022,49.6,49.112775009217));
#2590 = CARTESIAN_POINT('',(-8.427587968221,49.6,49.13000154709));
#2591 = CARTESIAN_POINT('',(-8.043762712705,49.6,49.14615985859));
#2592 = CARTESIAN_POINT('',(-7.369335032286,49.6,49.172704813547));
#2593 = CARTESIAN_POINT('',(-7.078750071884,49.6,49.183539671847));
#2594 = CARTESIAN_POINT('',(-6.788143410781,49.6,49.193781187101));
#2595 = CARTESIAN_POINT('',(-6.497516797553,49.6,49.203437933309));
#2596 = CARTESIAN_POINT('',(-6.20687191436,49.6,49.212518984752));
#2597 = CARTESIAN_POINT('',(-5.91621037694,49.6,49.221033915998));
#2598 = CARTESIAN_POINT('',(-5.625533734608,49.6,49.228992801896));
#2599 = CARTESIAN_POINT('',(-5.124603813913,49.6,49.241767917494));
#2600 = CARTESIAN_POINT('',(-4.914357026694,49.6,49.246844277615));
#2601 = CARTESIAN_POINT('',(-4.704103666186,49.6,49.251639293744));
#2602 = CARTESIAN_POINT('',(-4.493844267642,49.6,49.256157077493));
#2603 = CARTESIAN_POINT('',(-4.283579343988,49.6,49.260401856282));
#2604 = CARTESIAN_POINT('',(-4.07330938582,49.6,49.264377973339));
#2605 = CARTESIAN_POINT('',(-3.863034861408,49.6,49.268089887698));
#2606 = CARTESIAN_POINT('',(-3.172585578986,49.6,49.279425459808));
#2607 = CARTESIAN_POINT('',(-2.692393601004,49.6,49.28595270048));
#2608 = CARTESIAN_POINT('',(-2.212185383912,49.6,49.291187026549));
#2609 = CARTESIAN_POINT('',(-1.731965599334,49.6,49.295175547687));
#2610 = CARTESIAN_POINT('',(-1.251738271688,49.6,49.297975119459));
#2611 = CARTESIAN_POINT('',(-0.771506728655,49.6,49.299657647852));
#2612 = CARTESIAN_POINT('',(-0.291273719791,49.6,49.300294931794));
#2613 = CARTESIAN_POINT('',(2.007746071806,49.6,49.298514587736));
#2614 = CARTESIAN_POINT('',(3.826630780119,49.6,49.282325130189));
#2615 = CARTESIAN_POINT('',(5.645372375867,49.6,49.247871364965));
#2616 = CARTESIAN_POINT('',(7.463651951857,49.6,49.191975762415));
#2617 = CARTESIAN_POINT('',(9.281082913119,49.6,49.112075141507));
#2618 = CARTESIAN_POINT('',(11.097220098098,49.6,49.006574664229));
#2619 = CARTESIAN_POINT('',(12.911552068473,49.6,48.874792328104));
#2620 = CARTESIAN_POINT('',(15.50201049533,49.6,48.648919774885));
#2621 = CARTESIAN_POINT('',(16.280101839963,49.6,48.576198168812));
#2622 = CARTESIAN_POINT('',(17.057727368394,49.6,48.498641814491));
#2623 = CARTESIAN_POINT('',(17.834852898234,49.6,48.416280600394));
#2624 = CARTESIAN_POINT('',(18.611448056719,49.6,48.329166373212));
#2625 = CARTESIAN_POINT('',(19.387485901436,49.6,48.23736966169));
#2626 = CARTESIAN_POINT('',(20.162942541053,49.6,48.14097640045));
#2627 = CARTESIAN_POINT('',(21.094326266563,49.6,48.019703354471));
#2628 = CARTESIAN_POINT('',(21.250831251154,49.6,47.999138402767));
#2629 = CARTESIAN_POINT('',(21.407311639133,49.6,47.97839164883));
#2630 = CARTESIAN_POINT('',(21.563766738916,49.6,47.957459536825));
#2631 = CARTESIAN_POINT('',(21.720197147853,49.6,47.936348513657));
#2632 = CARTESIAN_POINT('',(21.876603571219,49.6,47.915065843052));
#2633 = CARTESIAN_POINT('',(22.032985644641,49.6,47.893610320006));
#2634 = CARTESIAN_POINT('',(22.622785742454,49.6,47.812046250776));
#2635 = CARTESIAN_POINT('',(23.056043815009,49.6,47.750815670907));
#2636 = CARTESIAN_POINT('',(23.489123331667,49.6,47.688365417369));
#2637 = CARTESIAN_POINT('',(23.922029103608,49.6,47.624758070603));
#2638 = CARTESIAN_POINT('',(24.354765622898,49.6,47.560049880584));
#2639 = CARTESIAN_POINT('',(24.787337191977,49.6,47.494291632379));
#2640 = CARTESIAN_POINT('',(25.219748053136,49.6,47.427529511707));
#2641 = CARTESIAN_POINT('',(26.642099651262,49.6,47.204682335111));
#2642 = CARTESIAN_POINT('',(27.631371392148,49.6,47.044515239538));
#2643 = CARTESIAN_POINT('',(28.619871856417,49.6,46.879811419825));
#2644 = CARTESIAN_POINT('',(29.60764228074,49.6,46.710972406609));
#2645 = CARTESIAN_POINT('',(30.594716128612,49.6,46.538323755193));
#2646 = CARTESIAN_POINT('',(31.581122593087,49.6,46.362135356824));
#2647 = CARTESIAN_POINT('',(32.566888496307,49.6,46.182632831169));
#2648 = CARTESIAN_POINT('',(33.552038585844,49.6,46.));
#2649 = PCURVE('',#356,#2650);
#2650 = DEFINITIONAL_REPRESENTATION('',(#2651),#2759);
#2651 = B_SPLINE_CURVE_WITH_KNOTS('',8,(#2652,#2653,#2654,#2655,#2656,
    #2657,#2658,#2659,#2660,#2661,#2662,#2663,#2664,#2665,#2666,#2667,
    #2668,#2669,#2670,#2671,#2672,#2673,#2674,#2675,#2676,#2677,#2678,
    #2679,#2680,#2681,#2682,#2683,#2684,#2685,#2686,#2687,#2688,#2689,
    #2690,#2691,#2692,#2693,#2694,#2695,#2696,#2697,#2698,#2699,#2700,
    #2701,#2702,#2703,#2704,#2705,#2706,#2707,#2708,#2709,#2710,#2711,
    #2712,#2713,#2714,#2715,#2716,#2717,#2718,#2719,#2720,#2721,#2722,
    #2723,#2724,#2725,#2726,#2727,#2728,#2729,#2730,#2731,#2732,#2733,
    #2734,#2735,#2736,#2737,#2738,#2739,#2740,#2741,#2742,#2743,#2744,
    #2745,#2746,#2747,#2748,#2749,#2750,#2751,#2752,#2753,#2754,#2755,
    #2756,#2757,#2758),.UNSPECIFIED.,.F.,.F.,(9,7,7,7,7,7,7,7,7,7,7,7,7,
    7,7,9),(0.,0.118574332327,0.151781441511,0.178585059254,
    0.200128463778,0.280436906809,0.340891322984,0.386401735891,
    0.42085011945,0.445764666682,0.50265695857,0.718125734961,
    0.810704145151,0.829406054427,0.881249772078,1.),.UNSPECIFIED.);
#2652 = CARTESIAN_POINT('',(46.,136.46825272627));
#2653 = CARTESIAN_POINT('',(46.182535984463,137.45188846428));
#2654 = CARTESIAN_POINT('',(46.361985943298,138.43613172114));
#2655 = CARTESIAN_POINT('',(46.53815698435,139.42100945978));
#2656 = CARTESIAN_POINT('',(46.710815628117,140.40655038401));
#2657 = CARTESIAN_POINT('',(46.87968483934,141.39278533161));
#2658 = CARTESIAN_POINT('',(47.044432299048,142.37974924355));
#2659 = CARTESIAN_POINT('',(47.204649917061,143.36748470946));
#2660 = CARTESIAN_POINT('',(47.403281731513,144.63289704685));
#2661 = CARTESIAN_POINT('',(47.446343217004,144.90981156329));
#2662 = CARTESIAN_POINT('',(47.488997881512,145.18679172449));
#2663 = CARTESIAN_POINT('',(47.53123374595,145.46383864943));
#2664 = CARTESIAN_POINT('',(47.573038012056,145.74095349012));
#2665 = CARTESIAN_POINT('',(47.614397062389,146.0181374316));
#2666 = CARTESIAN_POINT('',(47.655296460327,146.29539169195));
#2667 = CARTESIAN_POINT('',(47.728350185117,146.7965652383));
#2668 = CARTESIAN_POINT('',(47.760669908434,147.02045957246));
#2669 = CARTESIAN_POINT('',(47.792672092573,147.24440118658));
#2670 = CARTESIAN_POINT('',(47.824348200044,147.46839075203));
#2671 = CARTESIAN_POINT('',(47.855689183316,147.69242894977));
#2672 = CARTESIAN_POINT('',(47.886685484818,147.9165164703));
#2673 = CARTESIAN_POINT('',(47.917327036943,148.14065401372));
#2674 = CARTESIAN_POINT('',(47.971937774306,148.54503358942));
#2675 = CARTESIAN_POINT('',(47.996036827907,148.72525756688));
#2676 = CARTESIAN_POINT('',(48.019891387011,148.90551505817));
#2677 = CARTESIAN_POINT('',(48.043500996709,149.08580572982));
#2678 = CARTESIAN_POINT('',(48.066866443471,149.2661290664));
#2679 = CARTESIAN_POINT('',(48.08998638396,149.4464848244));
#2680 = CARTESIAN_POINT('',(48.112857942215,149.62687295246));
#2681 = CARTESIAN_POINT('',(48.219815422369,150.47985386833));
#2682 = CARTESIAN_POINT('',(48.30069614567,151.15285955569));
#2683 = CARTESIAN_POINT('',(48.378065253441,151.82629452738));
#2684 = CARTESIAN_POINT('',(48.451872457935,152.50014174073));
#2685 = CARTESIAN_POINT('',(48.522076950295,153.17438244392));
#2686 = CARTESIAN_POINT('',(48.588648975554,153.84899599694));
#2687 = CARTESIAN_POINT('',(48.651571407623,154.52395969259));
#2688 = CARTESIAN_POINT('',(48.755458404038,155.70759108464));
#2689 = CARTESIAN_POINT('',(48.798005749301,156.21611843913));
#2690 = CARTESIAN_POINT('',(48.838482019186,156.72482010412));
#2691 = CARTESIAN_POINT('',(48.876890522177,157.2336854253));
#2692 = CARTESIAN_POINT('',(48.913239404361,157.74270361363));
#2693 = CARTESIAN_POINT('',(48.947541837685,158.25186372813));
#2694 = CARTESIAN_POINT('',(48.979816208199,158.76115465862));
#2695 = CARTESIAN_POINT('',(49.032873797099,159.65405206265));
#2696 = CARTESIAN_POINT('',(49.054525417592,160.03760692305));
#2697 = CARTESIAN_POINT('',(49.075051317917,160.42122494192));
#2698 = CARTESIAN_POINT('',(49.09446333873,160.80490147547));
#2699 = CARTESIAN_POINT('',(49.112775009217,161.18863198397));
#2700 = CARTESIAN_POINT('',(49.13000154709,161.57241203177));
#2701 = CARTESIAN_POINT('',(49.14615985859,161.95623728729));
#2702 = CARTESIAN_POINT('',(49.172704813547,162.63066496771));
#2703 = CARTESIAN_POINT('',(49.183539671847,162.92124992811));
#2704 = CARTESIAN_POINT('',(49.193781187101,163.21185658921));
#2705 = CARTESIAN_POINT('',(49.203437933309,163.50248320244));
#2706 = CARTESIAN_POINT('',(49.212518984752,163.79312808564));
#2707 = CARTESIAN_POINT('',(49.221033915998,164.08378962306));
#2708 = CARTESIAN_POINT('',(49.228992801896,164.37446626539));
#2709 = CARTESIAN_POINT('',(49.241767917494,164.87539618608));
#2710 = CARTESIAN_POINT('',(49.246844277615,165.0856429733));
#2711 = CARTESIAN_POINT('',(49.251639293744,165.29589633381));
#2712 = CARTESIAN_POINT('',(49.256157077493,165.50615573235));
#2713 = CARTESIAN_POINT('',(49.260401856282,165.71642065601));
#2714 = CARTESIAN_POINT('',(49.264377973339,165.92669061418));
#2715 = CARTESIAN_POINT('',(49.268089887698,166.13696513859));
#2716 = CARTESIAN_POINT('',(49.279425459808,166.82741442101));
#2717 = CARTESIAN_POINT('',(49.28595270048,167.30760639899));
#2718 = CARTESIAN_POINT('',(49.291187026549,167.78781461608));
#2719 = CARTESIAN_POINT('',(49.295175547687,168.26803440066));
#2720 = CARTESIAN_POINT('',(49.297975119459,168.74826172831));
#2721 = CARTESIAN_POINT('',(49.299657647852,169.22849327134));
#2722 = CARTESIAN_POINT('',(49.300294931794,169.7087262802));
#2723 = CARTESIAN_POINT('',(49.298514587736,172.0077460718));
#2724 = CARTESIAN_POINT('',(49.282325130189,173.82663078011));
#2725 = CARTESIAN_POINT('',(49.247871364965,175.64537237586));
#2726 = CARTESIAN_POINT('',(49.191975762415,177.46365195185));
#2727 = CARTESIAN_POINT('',(49.112075141507,179.28108291311));
#2728 = CARTESIAN_POINT('',(49.006574664229,181.09722009809));
#2729 = CARTESIAN_POINT('',(48.874792328104,182.91155206847));
#2730 = CARTESIAN_POINT('',(48.648919774885,185.50201049533));
#2731 = CARTESIAN_POINT('',(48.576198168812,186.28010183996));
#2732 = CARTESIAN_POINT('',(48.498641814491,187.05772736839));
#2733 = CARTESIAN_POINT('',(48.416280600394,187.83485289823));
#2734 = CARTESIAN_POINT('',(48.329166373212,188.61144805671));
#2735 = CARTESIAN_POINT('',(48.23736966169,189.38748590143));
#2736 = CARTESIAN_POINT('',(48.14097640045,190.16294254105));
#2737 = CARTESIAN_POINT('',(48.019703354471,191.09432626656));
#2738 = CARTESIAN_POINT('',(47.999138402767,191.25083125115));
#2739 = CARTESIAN_POINT('',(47.97839164883,191.40731163913));
#2740 = CARTESIAN_POINT('',(47.957459536825,191.56376673891));
#2741 = CARTESIAN_POINT('',(47.936348513657,191.72019714785));
#2742 = CARTESIAN_POINT('',(47.915065843052,191.87660357121));
#2743 = CARTESIAN_POINT('',(47.893610320006,192.03298564464));
#2744 = CARTESIAN_POINT('',(47.812046250776,192.62278574245));
#2745 = CARTESIAN_POINT('',(47.750815670907,193.056043815));
#2746 = CARTESIAN_POINT('',(47.688365417369,193.48912333166));
#2747 = CARTESIAN_POINT('',(47.624758070603,193.9220291036));
#2748 = CARTESIAN_POINT('',(47.560049880584,194.35476562289));
#2749 = CARTESIAN_POINT('',(47.494291632379,194.78733719197));
#2750 = CARTESIAN_POINT('',(47.427529511707,195.21974805313));
#2751 = CARTESIAN_POINT('',(47.204682335111,196.64209965126));
#2752 = CARTESIAN_POINT('',(47.044515239538,197.63137139214));
#2753 = CARTESIAN_POINT('',(46.879811419825,198.61987185641));
#2754 = CARTESIAN_POINT('',(46.710972406609,199.60764228074));
#2755 = CARTESIAN_POINT('',(46.538323755193,200.59471612861));
#2756 = CARTESIAN_POINT('',(46.362135356824,201.58112259308));
#2757 = CARTESIAN_POINT('',(46.182632831169,202.5668884963));
#2758 = CARTESIAN_POINT('',(46.,203.55203858584));
#2759 = ( GEOMETRIC_REPRESENTATION_CONTEXT(2) 
PARAMETRIC_REPRESENTATION_CONTEXT() REPRESENTATION_CONTEXT('2D SPACE',''
  ) );
#2760 = PCURVE('',#2761,#2816);
#2761 = B_SPLINE_SURFACE_WITH_KNOTS('',3,1,(
    (#2762,#2763)
    ,(#2764,#2765)
    ,(#2766,#2767)
    ,(#2768,#2769)
    ,(#2770,#2771)
    ,(#2772,#2773)
    ,(#2774,#2775)
    ,(#2776,#2777)
    ,(#2778,#2779)
    ,(#2780,#2781)
    ,(#2782,#2783)
    ,(#2784,#2785)
    ,(#2786,#2787)
    ,(#2788,#2789)
    ,(#2790,#2791)
    ,(#2792,#2793)
    ,(#2794,#2795)
    ,(#2796,#2797)
    ,(#2798,#2799)
    ,(#2800,#2801)
    ,(#2802,#2803)
    ,(#2804,#2805)
    ,(#2806,#2807)
    ,(#2808,#2809)
    ,(#2810,#2811)
    ,(#2812,#2813)
    ,(#2814,#2815
    )),.UNSPECIFIED.,.T.,.F.,.F.,(1,1,2,1,1,1,1,1,1,1,1,1,1,1,1,1,1,1,1,
    1,1,1,1,1,1,1,2,1,1),(2,2),(-2.,-1.,0.,1.,2.,3.,4.,5.,6.,7.,8.,9.,
    10.,11.,12.,13.,14.,15.,16.,17.,18.,19.,20.,21.,22.,23.,24.,25.,26.)
  ,(0.,1.),.UNSPECIFIED.);
#2762 = CARTESIAN_POINT('',(79.008018086774,89.290281729612,46.));
#2763 = CARTESIAN_POINT('',(72.137755644446,93.265039840081,50.));
#2764 = CARTESIAN_POINT('',(89.732872263821,107.34411377012,46.));
#2765 = CARTESIAN_POINT('',(81.930013806097,109.74897344229,50.));
#2766 = CARTESIAN_POINT('',(93.918032414991,129.71254412343,46.));
#2767 = CARTESIAN_POINT('',(85.7512469876,130.17232289531,50.));
#2768 = CARTESIAN_POINT('',(87.924619943347,165.977449029,46.));
#2769 = CARTESIAN_POINT('',(80.279000817838,163.28375780909,50.));
#2770 = CARTESIAN_POINT('',(83.32038320912,174.26927032695,46.));
#2771 = CARTESIAN_POINT('',(76.075132495284,170.85455116808,50.));
#2772 = CARTESIAN_POINT('',(71.672253950084,195.49099100561,46.));
#2773 = CARTESIAN_POINT('',(65.439884041381,190.23090483121,50.));
#2774 = CARTESIAN_POINT('',(46.532849224797,215.97741628906,46.));
#2775 = CARTESIAN_POINT('',(42.486514509597,208.93590182914,50.));
#2776 = CARTESIAN_POINT('',(25.575769242969,224.30822518635,46.));
#2777 = CARTESIAN_POINT('',(23.351789308797,216.54229256145,50.));
#2778 = CARTESIAN_POINT('',(-2.073096478041E-04,228.34582184774,46.));
#2779 = CARTESIAN_POINT('',(-1.892827219064E-04,220.22879386098,50.));
#2780 = CARTESIAN_POINT('',(-25.57494000437,224.30848742267,46.));
#2781 = CARTESIAN_POINT('',(-23.35103217791,216.54253199461,50.));
#2782 = CARTESIAN_POINT('',(-46.53575155986,215.97636734379,46.));
#2783 = CARTESIAN_POINT('',(-42.4891644677,208.9349440965,50.));
#2784 = CARTESIAN_POINT('',(-71.66147384839,195.49492455037,46.));
#2785 = CARTESIAN_POINT('',(-65.43004133984,190.2344963286,50.));
#2786 = CARTESIAN_POINT('',(-83.36060128079,174.25458509317,46.));
#2787 = CARTESIAN_POINT('',(-76.11185334333,170.84114291115,50.));
#2788 = CARTESIAN_POINT('',(-87.77452775833,166.03225641936,46.));
#2789 = CARTESIAN_POINT('',(-80.14196012717,163.33379933942,50.));
#2790 = CARTESIAN_POINT('',(-94.47818308335,129.50799979577,46.));
#2791 = CARTESIAN_POINT('',(-86.26268890219,129.98556503092,50.));
#2792 = CARTESIAN_POINT('',(-85.54978169977,96.923268513769,46.));
#2793 = CARTESIAN_POINT('',(-78.11067024762,100.234288643,50.));
#2794 = CARTESIAN_POINT('',(-69.54536116931,72.702112648372,46.));
#2795 = CARTESIAN_POINT('',(-63.49793845893,78.119320244166,50.));
#2796 = CARTESIAN_POINT('',(-51.50329826239,58.559208215871,46.));
#2797 = CARTESIAN_POINT('',(-47.0247505874,65.206233588404,50.));
#2798 = CARTESIAN_POINT('',(-47.72665244118,55.63432847062,46.));
#2799 = CARTESIAN_POINT('',(-43.57650875064,62.535691212306,50.));
#2800 = CARTESIAN_POINT('',(-21.53897500881,44.099407019316,46.));
#2801 = CARTESIAN_POINT('',(-19.66602066022,52.00380640894,50.));
#2802 = CARTESIAN_POINT('',(2.887456386403E-03,42.449383371894,46.));
#2803 = CARTESIAN_POINT('',(2.63637322237E-03,50.497263078686,50.));
#2804 = CARTESIAN_POINT('',(21.527425183269,44.103059493108,46.));
#2805 = CARTESIAN_POINT('',(19.655475167333,52.007141276316,50.));
#2806 = CARTESIAN_POINT('',(47.767076830592,55.61971857545,46.));
#2807 = CARTESIAN_POINT('',(43.613417975758,62.522351742802,50.));
#2808 = CARTESIAN_POINT('',(51.353150530298,58.61399532276,46.));
#2809 = CARTESIAN_POINT('',(46.887659179837,65.256256599042,50.));
#2810 = CARTESIAN_POINT('',(70.105527708276,72.497574115986,46.));
#2811 = CARTESIAN_POINT('',(64.009394864079,77.932567671118,50.));
#2812 = CARTESIAN_POINT('',(79.008018086774,89.290281729612,46.));
#2813 = CARTESIAN_POINT('',(72.137755644446,93.265039840081,50.));
#2814 = CARTESIAN_POINT('',(89.732872263821,107.34411377012,46.));
#2815 = CARTESIAN_POINT('',(81.930013806097,109.74897344229,50.));
#2816 = DEFINITIONAL_REPRESENTATION('',(#2817),#2925);
#2817 = B_SPLINE_CURVE_WITH_KNOTS('',8,(#2818,#2819,#2820,#2821,#2822,
    #2823,#2824,#2825,#2826,#2827,#2828,#2829,#2830,#2831,#2832,#2833,
    #2834,#2835,#2836,#2837,#2838,#2839,#2840,#2841,#2842,#2843,#2844,
    #2845,#2846,#2847,#2848,#2849,#2850,#2851,#2852,#2853,#2854,#2855,
    #2856,#2857,#2858,#2859,#2860,#2861,#2862,#2863,#2864,#2865,#2866,
    #2867,#2868,#2869,#2870,#2871,#2872,#2873,#2874,#2875,#2876,#2877,
    #2878,#2879,#2880,#2881,#2882,#2883,#2884,#2885,#2886,#2887,#2888,
    #2889,#2890,#2891,#2892,#2893,#2894,#2895,#2896,#2897,#2898,#2899,
    #2900,#2901,#2902,#2903,#2904,#2905,#2906,#2907,#2908,#2909,#2910,
    #2911,#2912,#2913,#2914,#2915,#2916,#2917,#2918,#2919,#2920,#2921,
    #2922,#2923,#2924),.UNSPECIFIED.,.F.,.F.,(9,7,7,7,7,7,7,7,7,7,7,7,7,
    7,7,9),(0.,0.118574332327,0.151781441511,0.178585059254,
    0.200128463778,0.280436906809,0.340891322984,0.386401735891,
    0.42085011945,0.445764666682,0.50265695857,0.718125734961,
    0.810704145151,0.829406054427,0.881249772078,1.),.UNSPECIFIED.);
#2818 = CARTESIAN_POINT('',(17.531860429332,0.));
#2819 = CARTESIAN_POINT('',(17.568722043167,4.56339961158E-02));
#2820 = CARTESIAN_POINT('',(17.605502098144,9.049648582454E-02));
#2821 = CARTESIAN_POINT('',(17.642298668975,0.134539246088));
#2822 = CARTESIAN_POINT('',(17.679200912416,0.177703907029));
#2823 = CARTESIAN_POINT('',(17.716293712375,0.219921209835));
#2824 = CARTESIAN_POINT('',(17.753662191177,0.261108074762));
#2825 = CARTESIAN_POINT('',(17.791396086995,0.301162479265));
#2826 = CARTESIAN_POINT('',(17.840291440643,0.350820432878));
#2827 = CARTESIAN_POINT('',(17.85102528034,0.361585804251));
#2828 = CARTESIAN_POINT('',(17.861797661429,0.372249470378));
#2829 = CARTESIAN_POINT('',(17.872610806559,0.382808436488));
#2830 = CARTESIAN_POINT('',(17.88346701615,0.393259503014));
#2831 = CARTESIAN_POINT('',(17.894368668389,0.403599265597));
#2832 = CARTESIAN_POINT('',(17.905318219233,0.413824115082));
#2833 = CARTESIAN_POINT('',(17.925197004312,0.432087546279));
#2834 = CARTESIAN_POINT('',(17.93410867637,0.440167477108));
#2835 = CARTESIAN_POINT('',(17.943054552624,0.448168023143));
#2836 = CARTESIAN_POINT('',(17.952036020962,0.456087050011));
#2837 = CARTESIAN_POINT('',(17.961054523125,0.463922295829));
#2838 = CARTESIAN_POINT('',(17.970111554701,0.471671371205));
#2839 = CARTESIAN_POINT('',(17.979208665128,0.479331759236));
#2840 = CARTESIAN_POINT('',(17.995692761112,0.492984443577));
#2841 = CARTESIAN_POINT('',(18.003064876435,0.499009206977));
#2842 = CARTESIAN_POINT('',(18.010465359412,0.504972846753));
#2843 = CARTESIAN_POINT('',(18.017893969238,0.510875249177));
#2844 = CARTESIAN_POINT('',(18.02535020546,0.516716610868));
#2845 = CARTESIAN_POINT('',(18.032834013594,0.52249659599));
#2846 = CARTESIAN_POINT('',(18.040345659458,0.528214485554));
#2847 = CARTESIAN_POINT('',(18.075988705612,0.554953855592));
#2848 = CARTESIAN_POINT('',(18.10447523496,0.575174036417));
#2849 = CARTESIAN_POINT('',(18.133339111442,0.59451631336));
#2850 = CARTESIAN_POINT('',(18.16257351167,0.612968114484));
#2851 = CARTESIAN_POINT('',(18.192169990256,0.630519237574));
#2852 = CARTESIAN_POINT('',(18.222118432407,0.647162243889));
#2853 = CARTESIAN_POINT('',(18.252407006508,0.662892851906));
#2854 = CARTESIAN_POINT('',(18.306068493213,0.68886460101));
#2855 = CARTESIAN_POINT('',(18.329299939342,0.699501437325));
#2856 = CARTESIAN_POINT('',(18.352710685926,0.709620504797));
#2857 = CARTESIAN_POINT('',(18.376294431792,0.719222630544));
#2858 = CARTESIAN_POINT('',(18.400044373684,0.72830985109));
#2859 = CARTESIAN_POINT('',(18.423953236175,0.736885459421));
#2860 = CARTESIAN_POINT('',(18.448013301582,0.74495405205));
#2861 = CARTESIAN_POINT('',(18.490436693854,0.758218449275));
#2862 = CARTESIAN_POINT('',(18.508738053251,0.763631354398));
#2863 = CARTESIAN_POINT('',(18.527117029201,0.768762829479));
#2864 = CARTESIAN_POINT('',(18.545570040111,0.773615834683));
#2865 = CARTESIAN_POINT('',(18.564093411648,0.778193752304));
#2866 = CARTESIAN_POINT('',(18.582683376747,0.782500386772));
#2867 = CARTESIAN_POINT('',(18.601336075608,0.786539964647));
#2868 = CARTESIAN_POINT('',(18.634210913083,0.793176203387));
#2869 = CARTESIAN_POINT('',(18.648407963792,0.795884917962));
#2870 = CARTESIAN_POINT('',(18.662636999279,0.798445296775));
#2871 = CARTESIAN_POINT('',(18.676896300799,0.800859483327));
#2872 = CARTESIAN_POINT('',(18.691184139395,0.803129746188));
#2873 = CARTESIAN_POINT('',(18.705498775904,0.805258478999));
#2874 = CARTESIAN_POINT('',(18.719838460954,0.807248200474));
#2875 = CARTESIAN_POINT('',(18.744589353283,0.810441979374));
#2876 = CARTESIAN_POINT('',(18.754989457024,0.811711069404));
#2877 = CARTESIAN_POINT('',(18.765401082299,0.812909823436));
#2878 = CARTESIAN_POINT('',(18.775823566752,0.814039269373));
#2879 = CARTESIAN_POINT('',(18.786256249562,0.815100464071));
#2880 = CARTESIAN_POINT('',(18.796698471443,0.816094493335));
#2881 = CARTESIAN_POINT('',(18.807149574647,0.817022471924));
#2882 = CARTESIAN_POINT('',(18.841492746957,0.819856364952));
#2883 = CARTESIAN_POINT('',(18.865419474467,0.82148817512));
#2884 = CARTESIAN_POINT('',(18.88938131288,0.822796756637));
#2885 = CARTESIAN_POINT('',(18.913370547389,0.823793886922));
#2886 = CARTESIAN_POINT('',(18.937379614176,0.824493779865));
#2887 = CARTESIAN_POINT('',(18.961401157217,0.824914411963));
#2888 = CARTESIAN_POINT('',(18.98542804869,0.825073732948));
#2889 = CARTESIAN_POINT('',(19.100444736776,0.824628646934));
#2890 = CARTESIAN_POINT('',(19.191418797037,0.820581282547));
#2891 = CARTESIAN_POINT('',(19.28198430971,0.811967841241));
#2892 = CARTESIAN_POINT('',(19.371700278019,0.797993940604));
#2893 = CARTESIAN_POINT('',(19.46010390584,0.778018785377));
#2894 = CARTESIAN_POINT('',(19.546770528842,0.751643666057));
#2895 = CARTESIAN_POINT('',(19.63134971666,0.718698082026));
#2896 = CARTESIAN_POINT('',(19.748899526755,0.662229943721));
#2897 = CARTESIAN_POINT('',(19.783792700856,0.644049542203));
#2898 = CARTESIAN_POINT('',(19.818230310249,0.624660453623));
#2899 = CARTESIAN_POINT('',(19.852194449036,0.604070150098));
#2900 = CARTESIAN_POINT('',(19.885670299024,0.582291593303));
#2901 = CARTESIAN_POINT('',(19.91864600642,0.559342415422));
#2902 = CARTESIAN_POINT('',(19.951112558528,0.535244100113));
#2903 = CARTESIAN_POINT('',(19.989518152458,0.504925838618));
#2904 = CARTESIAN_POINT('',(19.995951596437,0.499784600692));
#2905 = CARTESIAN_POINT('',(20.002364164008,0.494597912207));
#2906 = CARTESIAN_POINT('',(20.008754873389,0.489364884206));
#2907 = CARTESIAN_POINT('',(20.015124865679,0.484087128414));
#2908 = CARTESIAN_POINT('',(20.021475473791,0.478766460763));
#2909 = CARTESIAN_POINT('',(20.027806259385,0.473402580002));
#2910 = CARTESIAN_POINT('',(20.051615557344,0.453011562694));
#2911 = CARTESIAN_POINT('',(20.068967429789,0.437703917727));
#2912 = CARTESIAN_POINT('',(20.086184890251,0.422091354342));
#2913 = CARTESIAN_POINT('',(20.10327821691,0.406189517651));
#2914 = CARTESIAN_POINT('',(20.120257011104,0.390012470146));
#2915 = CARTESIAN_POINT('',(20.137130321985,0.373572908095));
#2916 = CARTESIAN_POINT('',(20.153906771178,0.356882377927));
#2917 = CARTESIAN_POINT('',(20.208819032517,0.301170583778));
#2918 = CARTESIAN_POINT('',(20.246578681755,0.261128809884));
#2919 = CARTESIAN_POINT('',(20.283973204295,0.219952854956));
#2920 = CARTESIAN_POINT('',(20.321093165612,0.177743101652));
#2921 = CARTESIAN_POINT('',(20.358024440103,0.134580938798));
#2922 = CARTESIAN_POINT('',(20.394852673194,9.053383920597E-02));
#2923 = CARTESIAN_POINT('',(20.431667882991,4.565820779225E-02));
#2924 = CARTESIAN_POINT('',(20.468569201451,0.));
#2925 = ( GEOMETRIC_REPRESENTATION_CONTEXT(2) 
PARAMETRIC_REPRESENTATION_CONTEXT() REPRESENTATION_CONTEXT('2D SPACE',''
  ) );
#2926 = ORIENTED_EDGE('',*,*,#2927,.F.);
#2927 = EDGE_CURVE('',#1126,#2538,#2928,.T.);
#2928 = SURFACE_CURVE('',#2929,(#3023,#3120),.PCURVE_S1.);
#2929 = B_SPLINE_CURVE_WITH_KNOTS('',8,(#2930,#2931,#2932,#2933,#2934,
    #2935,#2936,#2937,#2938,#2939,#2940,#2941,#2942,#2943,#2944,#2945,
    #2946,#2947,#2948,#2949,#2950,#2951,#2952,#2953,#2954,#2955,#2956,
    #2957,#2958,#2959,#2960,#2961,#2962,#2963,#2964,#2965,#2966,#2967,
    #2968,#2969,#2970,#2971,#2972,#2973,#2974,#2975,#2976,#2977,#2978,
    #2979,#2980,#2981,#2982,#2983,#2984,#2985,#2986,#2987,#2988,#2989,
    #2990,#2991,#2992,#2993,#2994,#2995,#2996,#2997,#2998,#2999,#3000,
    #3001,#3002,#3003,#3004,#3005,#3006,#3007,#3008,#3009,#3010,#3011,
    #3012,#3013,#3014,#3015,#3016,#3017,#3018,#3019,#3020,#3021,#3022),
  .UNSPECIFIED.,.F.,.F.,(9,7,7,7,7,7,7,7,7,7,7,7,7,9),(0.,0.268802975227
    ,0.351764083413,0.50129083977,0.595293787042,0.651827379169,
    0.683466346625,0.718455573014,0.767088463286,0.82742186379,
    0.85766317864,0.890660635743,0.957950420225,1.),.UNSPECIFIED.);
#2930 = CARTESIAN_POINT('',(-121.831274111,49.6,34.));
#2931 = CARTESIAN_POINT('',(-118.9026882379,49.6,34.761523345937));
#2932 = CARTESIAN_POINT('',(-115.9672876418,49.6,35.496929489934));
#2933 = CARTESIAN_POINT('',(-113.0252648442,49.6,36.205831012632));
#2934 = CARTESIAN_POINT('',(-110.0768228588,49.6,36.887822325935));
#2935 = CARTESIAN_POINT('',(-107.1221771341,49.6,37.542488233536));
#2936 = CARTESIAN_POINT('',(-104.1615575415,49.6,38.169412335814));
#2937 = CARTESIAN_POINT('',(-101.1952104099,49.6,38.768185279105));
#2938 = CARTESIAN_POINT('',(-97.3062060166,49.6,39.514403130349));
#2939 = CARTESIAN_POINT('',(-96.38849120562,49.6,39.687674158421));
#2940 = CARTESIAN_POINT('',(-95.47026435931,49.6,39.858216230352));
#2941 = CARTESIAN_POINT('',(-94.55153170295,49.6,40.02600866036));
#2942 = CARTESIAN_POINT('',(-93.63230556292,49.6,40.191064629832));
#2943 = CARTESIAN_POINT('',(-92.71258878502,49.6,40.353338312764));
#2944 = CARTESIAN_POINT('',(-91.79239203789,49.6,40.512831341032));
#2945 = CARTESIAN_POINT('',(-89.21233482805,49.6,40.951944801874));
#2946 = CARTESIAN_POINT('',(-87.55141165943,49.6,41.225272752672));
#2947 = CARTESIAN_POINT('',(-85.88900444067,49.6,41.489427822201));
#2948 = CARTESIAN_POINT('',(-84.2251674306,49.6,41.744340311636));
#2949 = CARTESIAN_POINT('',(-82.55995938499,49.6,41.98996056757));
#2950 = CARTESIAN_POINT('',(-80.89344481896,49.6,42.226265830274));
#2951 = CARTESIAN_POINT('',(-79.22569523226,49.6,42.453265066358));
#2952 = CARTESIAN_POINT('',(-76.50760026349,49.6,42.807886272987));
#2953 = CARTESIAN_POINT('',(-75.45795360186,49.6,42.941109925022));
#2954 = CARTESIAN_POINT('',(-74.40786939888,49.6,43.070683675917));
#2955 = CARTESIAN_POINT('',(-73.35736804892,49.6,43.196623419307));
#2956 = CARTESIAN_POINT('',(-72.30647128903,49.6,43.318950590791));
#2957 = CARTESIAN_POINT('',(-71.25520239318,49.6,43.437691805023));
#2958 = CARTESIAN_POINT('',(-70.20358652618,49.6,43.552877547584));
#2959 = CARTESIAN_POINT('',(-68.51901492878,49.6,43.731693934302));
#2960 = CARTESIAN_POINT('',(-67.88626356646,49.6,43.797573515089));
#2961 = CARTESIAN_POINT('',(-67.25340281859,49.6,43.862185729038));
#2962 = CARTESIAN_POINT('',(-66.62043914605,49.6,43.925537525514));
#2963 = CARTESIAN_POINT('',(-65.98737982095,49.6,43.987635830364));
#2964 = CARTESIAN_POINT('',(-65.35423306808,49.6,44.04848703593));
#2965 = CARTESIAN_POINT('',(-64.72100834896,49.6,44.108095888938));
#2966 = CARTESIAN_POINT('',(-63.73329580986,49.6,44.199129305126));
#2967 = CARTESIAN_POINT('',(-63.37885417351,49.6,44.231406115561));
#2968 = CARTESIAN_POINT('',(-63.02439373338,49.6,44.263294464032));
#2969 = CARTESIAN_POINT('',(-62.66991676315,49.6,44.294794152493));
#2970 = CARTESIAN_POINT('',(-62.31542597052,49.6,44.325904505167));
#2971 = CARTESIAN_POINT('',(-61.96092456727,49.6,44.3566241271));
#2972 = CARTESIAN_POINT('',(-61.60641639517,49.6,44.386950444481));
#2973 = CARTESIAN_POINT('',(-60.8598566289,49.6,44.449976754718));
#2974 = CARTESIAN_POINT('',(-60.46780460549,49.6,44.482588439427));
#2975 = CARTESIAN_POINT('',(-60.07575293208,49.6,44.51469454404));
#2976 = CARTESIAN_POINT('',(-59.68370445027,49.6,44.546272264572));
#2977 = CARTESIAN_POINT('',(-59.29166168453,49.6,44.577294193264));
#2978 = CARTESIAN_POINT('',(-58.89962653003,49.6,44.607728485575));
#2979 = CARTESIAN_POINT('',(-58.50759989243,49.6,44.637540530759));
#2980 = CARTESIAN_POINT('',(-57.57069932189,49.6,44.707220624899));
#2981 = CARTESIAN_POINT('',(-57.02583063,49.6,44.746477273507));
#2982 = CARTESIAN_POINT('',(-56.48097679913,49.6,44.784373799709));
#2983 = CARTESIAN_POINT('',(-55.93612892996,49.6,44.820825956709));
#2984 = CARTESIAN_POINT('',(-55.39126626288,49.6,44.855765446472));
#2985 = CARTESIAN_POINT('',(-54.84635375828,49.6,44.889214672123));
#2986 = CARTESIAN_POINT('',(-54.30136149694,49.6,44.921302754887));
#2987 = CARTESIAN_POINT('',(-53.08002944823,49.6,44.990547029487));
#2988 = CARTESIAN_POINT('',(-52.40363278966,49.6,45.027065782195));
#2989 = CARTESIAN_POINT('',(-51.72703760606,49.6,45.062101714318));
#2990 = CARTESIAN_POINT('',(-51.05022428797,49.6,45.096129428222));
#2991 = CARTESIAN_POINT('',(-50.37321176416,49.6,45.129591256568));
#2992 = CARTESIAN_POINT('',(-49.69602657335,49.6,45.162770854099));
#2993 = CARTESIAN_POINT('',(-49.01870014016,49.6,45.195890963468));
#2994 = CARTESIAN_POINT('',(-48.00170906192,49.6,45.245748790769));
#2995 = CARTESIAN_POINT('',(-47.66254119413,49.6,45.262396915075));
#2996 = CARTESIAN_POINT('',(-47.32414365396,49.6,45.279052848654));
#2997 = CARTESIAN_POINT('',(-46.9868427683,49.6,45.295704525146));
#2998 = CARTESIAN_POINT('',(-46.65090637429,49.6,45.312356550901));
#2999 = CARTESIAN_POINT('',(-46.31654465387,49.6,45.329014880401));
#3000 = CARTESIAN_POINT('',(-45.98391148103,49.6,45.3456657956));
#3001 = CARTESIAN_POINT('',(-45.29214683987,49.6,45.380437459714));
#3002 = CARTESIAN_POINT('',(-44.9330977887,49.6,45.398569062468));
#3003 = CARTESIAN_POINT('',(-44.5758139318,49.6,45.416689887956));
#3004 = CARTESIAN_POINT('',(-44.22016786884,49.6,45.434801395262));
#3005 = CARTESIAN_POINT('',(-43.86604769717,49.6,45.452904970326));
#3006 = CARTESIAN_POINT('',(-43.51335714638,49.6,45.471001674068));
#3007 = CARTESIAN_POINT('',(-43.16201565117,49.6,45.489092090201));
#3008 = CARTESIAN_POINT('',(-42.09810700609,49.6,45.544054288639));
#3009 = CARTESIAN_POINT('',(-41.38423416638,49.6,45.581183351783));
#3010 = CARTESIAN_POINT('',(-40.67034633808,49.6,45.618541742948));
#3011 = CARTESIAN_POINT('',(-39.95644803745,49.6,45.656109490122));
#3012 = CARTESIAN_POINT('',(-39.24254243441,49.6,45.693866920611));
#3013 = CARTESIAN_POINT('',(-38.52863175682,49.6,45.731793538624));
#3014 = CARTESIAN_POINT('',(-37.81471746694,49.6,45.769867228345));
#3015 = CARTESIAN_POINT('',(-36.65467126364,49.6,45.831932919015));
#3016 = CARTESIAN_POINT('',(-36.20854126525,49.6,45.855850024988));
#3017 = CARTESIAN_POINT('',(-35.76241044438,49.6,45.879809170852));
#3018 = CARTESIAN_POINT('',(-35.31627896021,49.6,45.903804089108));
#3019 = CARTESIAN_POINT('',(-34.87014690444,49.6,45.92782809739));
#3020 = CARTESIAN_POINT('',(-34.42401430422,49.6,45.951874021528));
#3021 = CARTESIAN_POINT('',(-33.97788112505,49.6,45.9759341186));
#3022 = CARTESIAN_POINT('',(-33.53174727372,49.6,46.));
#3023 = PCURVE('',#356,#3024);
#3024 = DEFINITIONAL_REPRESENTATION('',(#3025),#3119);
#3025 = B_SPLINE_CURVE_WITH_KNOTS('',8,(#3026,#3027,#3028,#3029,#3030,
    #3031,#3032,#3033,#3034,#3035,#3036,#3037,#3038,#3039,#3040,#3041,
    #3042,#3043,#3044,#3045,#3046,#3047,#3048,#3049,#3050,#3051,#3052,
    #3053,#3054,#3055,#3056,#3057,#3058,#3059,#3060,#3061,#3062,#3063,
    #3064,#3065,#3066,#3067,#3068,#3069,#3070,#3071,#3072,#3073,#3074,
    #3075,#3076,#3077,#3078,#3079,#3080,#3081,#3082,#3083,#3084,#3085,
    #3086,#3087,#3088,#3089,#3090,#3091,#3092,#3093,#3094,#3095,#3096,
    #3097,#3098,#3099,#3100,#3101,#3102,#3103,#3104,#3105,#3106,#3107,
    #3108,#3109,#3110,#3111,#3112,#3113,#3114,#3115,#3116,#3117,#3118),
  .UNSPECIFIED.,.F.,.F.,(9,7,7,7,7,7,7,7,7,7,7,7,7,9),(0.,0.268802975227
    ,0.351764083413,0.50129083977,0.595293787042,0.651827379169,
    0.683466346625,0.718455573014,0.767088463286,0.82742186379,
    0.85766317864,0.890660635743,0.957950420225,1.),.UNSPECIFIED.);
#3026 = CARTESIAN_POINT('',(34.,48.168725888931));
#3027 = CARTESIAN_POINT('',(34.761523345937,51.09731176208));
#3028 = CARTESIAN_POINT('',(35.496929489934,54.03271235812));
#3029 = CARTESIAN_POINT('',(36.205831012632,56.97473515576));
#3030 = CARTESIAN_POINT('',(36.887822325935,59.923177141173));
#3031 = CARTESIAN_POINT('',(37.542488233536,62.877822865883));
#3032 = CARTESIAN_POINT('',(38.169412335814,65.838442458465));
#3033 = CARTESIAN_POINT('',(38.768185279105,68.804789590031));
#3034 = CARTESIAN_POINT('',(39.514403130349,72.693793983396));
#3035 = CARTESIAN_POINT('',(39.687674158421,73.611508794372));
#3036 = CARTESIAN_POINT('',(39.858216230352,74.529735640688));
#3037 = CARTESIAN_POINT('',(40.02600866036,75.448468297041));
#3038 = CARTESIAN_POINT('',(40.191064629832,76.367694437071));
#3039 = CARTESIAN_POINT('',(40.353338312764,77.287411214971));
#3040 = CARTESIAN_POINT('',(40.512831341032,78.207607962104));
#3041 = CARTESIAN_POINT('',(40.951944801874,80.787665171942));
#3042 = CARTESIAN_POINT('',(41.225272752672,82.448588340562));
#3043 = CARTESIAN_POINT('',(41.489427822201,84.110995559328));
#3044 = CARTESIAN_POINT('',(41.744340311636,85.774832569392));
#3045 = CARTESIAN_POINT('',(41.98996056757,87.440040615001));
#3046 = CARTESIAN_POINT('',(42.226265830274,89.10655518104));
#3047 = CARTESIAN_POINT('',(42.453265066358,90.774304767735));
#3048 = CARTESIAN_POINT('',(42.807886272987,93.49239973651));
#3049 = CARTESIAN_POINT('',(42.941109925022,94.542046398132));
#3050 = CARTESIAN_POINT('',(43.070683675917,95.592130601113));
#3051 = CARTESIAN_POINT('',(43.196623419307,96.642631951073));
#3052 = CARTESIAN_POINT('',(43.318950590791,97.693528710962));
#3053 = CARTESIAN_POINT('',(43.437691805023,98.744797606814));
#3054 = CARTESIAN_POINT('',(43.552877547584,99.796413473816));
#3055 = CARTESIAN_POINT('',(43.731693934302,101.48098507121));
#3056 = CARTESIAN_POINT('',(43.797573515089,102.11373643353));
#3057 = CARTESIAN_POINT('',(43.862185729038,102.7465971814));
#3058 = CARTESIAN_POINT('',(43.925537525514,103.37956085394));
#3059 = CARTESIAN_POINT('',(43.987635830364,104.01262017904));
#3060 = CARTESIAN_POINT('',(44.04848703593,104.64576693191));
#3061 = CARTESIAN_POINT('',(44.108095888938,105.27899165103));
#3062 = CARTESIAN_POINT('',(44.199129305126,106.26670419013));
#3063 = CARTESIAN_POINT('',(44.231406115561,106.62114582649));
#3064 = CARTESIAN_POINT('',(44.263294464032,106.97560626661));
#3065 = CARTESIAN_POINT('',(44.294794152493,107.33008323684));
#3066 = CARTESIAN_POINT('',(44.325904505167,107.68457402947));
#3067 = CARTESIAN_POINT('',(44.3566241271,108.03907543272));
#3068 = CARTESIAN_POINT('',(44.386950444481,108.39358360482));
#3069 = CARTESIAN_POINT('',(44.449976754718,109.1401433711));
#3070 = CARTESIAN_POINT('',(44.482588439427,109.5321953945));
#3071 = CARTESIAN_POINT('',(44.51469454404,109.92424706791));
#3072 = CARTESIAN_POINT('',(44.546272264572,110.31629554972));
#3073 = CARTESIAN_POINT('',(44.577294193264,110.70833831546));
#3074 = CARTESIAN_POINT('',(44.607728485575,111.10037346996));
#3075 = CARTESIAN_POINT('',(44.637540530759,111.49240010756));
#3076 = CARTESIAN_POINT('',(44.707220624899,112.4293006781));
#3077 = CARTESIAN_POINT('',(44.746477273507,112.97416936999));
#3078 = CARTESIAN_POINT('',(44.784373799709,113.51902320086));
#3079 = CARTESIAN_POINT('',(44.820825956709,114.06387107003));
#3080 = CARTESIAN_POINT('',(44.855765446472,114.60873373711));
#3081 = CARTESIAN_POINT('',(44.889214672123,115.15364624172));
#3082 = CARTESIAN_POINT('',(44.921302754887,115.69863850305));
#3083 = CARTESIAN_POINT('',(44.990547029487,116.91997055176));
#3084 = CARTESIAN_POINT('',(45.027065782195,117.59636721034));
#3085 = CARTESIAN_POINT('',(45.062101714318,118.27296239393));
#3086 = CARTESIAN_POINT('',(45.096129428222,118.94977571202));
#3087 = CARTESIAN_POINT('',(45.129591256568,119.62678823583));
#3088 = CARTESIAN_POINT('',(45.162770854099,120.30397342664));
#3089 = CARTESIAN_POINT('',(45.195890963468,120.98129985983));
#3090 = CARTESIAN_POINT('',(45.245748790769,121.99829093807));
#3091 = CARTESIAN_POINT('',(45.262396915075,122.33745880586));
#3092 = CARTESIAN_POINT('',(45.279052848654,122.67585634603));
#3093 = CARTESIAN_POINT('',(45.295704525146,123.01315723169));
#3094 = CARTESIAN_POINT('',(45.312356550901,123.3490936257));
#3095 = CARTESIAN_POINT('',(45.329014880401,123.68345534612));
#3096 = CARTESIAN_POINT('',(45.3456657956,124.01608851896));
#3097 = CARTESIAN_POINT('',(45.380437459714,124.70785316012));
#3098 = CARTESIAN_POINT('',(45.398569062468,125.0669022113));
#3099 = CARTESIAN_POINT('',(45.416689887956,125.42418606819));
#3100 = CARTESIAN_POINT('',(45.434801395262,125.77983213115));
#3101 = CARTESIAN_POINT('',(45.452904970326,126.13395230282));
#3102 = CARTESIAN_POINT('',(45.471001674068,126.48664285361));
#3103 = CARTESIAN_POINT('',(45.489092090201,126.83798434882));
#3104 = CARTESIAN_POINT('',(45.544054288639,127.9018929939));
#3105 = CARTESIAN_POINT('',(45.581183351783,128.61576583361));
#3106 = CARTESIAN_POINT('',(45.618541742948,129.32965366191));
#3107 = CARTESIAN_POINT('',(45.656109490122,130.04355196254));
#3108 = CARTESIAN_POINT('',(45.693866920611,130.75745756558));
#3109 = CARTESIAN_POINT('',(45.731793538624,131.47136824317));
#3110 = CARTESIAN_POINT('',(45.769867228345,132.18528253305));
#3111 = CARTESIAN_POINT('',(45.831932919015,133.34532873635));
#3112 = CARTESIAN_POINT('',(45.855850024988,133.79145873474));
#3113 = CARTESIAN_POINT('',(45.879809170852,134.23758955561));
#3114 = CARTESIAN_POINT('',(45.903804089108,134.68372103978));
#3115 = CARTESIAN_POINT('',(45.92782809739,135.12985309555));
#3116 = CARTESIAN_POINT('',(45.951874021528,135.57598569577));
#3117 = CARTESIAN_POINT('',(45.9759341186,136.02211887494));
#3118 = CARTESIAN_POINT('',(46.,136.46825272627));
#3119 = ( GEOMETRIC_REPRESENTATION_CONTEXT(2) 
PARAMETRIC_REPRESENTATION_CONTEXT() REPRESENTATION_CONTEXT('2D SPACE',''
  ) );
#3120 = PCURVE('',#1165,#3121);
#3121 = DEFINITIONAL_REPRESENTATION('',(#3122),#3216);
#3122 = B_SPLINE_CURVE_WITH_KNOTS('',8,(#3123,#3124,#3125,#3126,#3127,
    #3128,#3129,#3130,#3131,#3132,#3133,#3134,#3135,#3136,#3137,#3138,
    #3139,#3140,#3141,#3142,#3143,#3144,#3145,#3146,#3147,#3148,#3149,
    #3150,#3151,#3152,#3153,#3154,#3155,#3156,#3157,#3158,#3159,#3160,
    #3161,#3162,#3163,#3164,#3165,#3166,#3167,#3168,#3169,#3170,#3171,
    #3172,#3173,#3174,#3175,#3176,#3177,#3178,#3179,#3180,#3181,#3182,
    #3183,#3184,#3185,#3186,#3187,#3188,#3189,#3190,#3191,#3192,#3193,
    #3194,#3195,#3196,#3197,#3198,#3199,#3200,#3201,#3202,#3203,#3204,
    #3205,#3206,#3207,#3208,#3209,#3210,#3211,#3212,#3213,#3214,#3215),
  .UNSPECIFIED.,.F.,.F.,(9,7,7,7,7,7,7,7,7,7,7,7,7,9),(0.,0.268802975227
    ,0.351764083413,0.50129083977,0.595293787042,0.651827379169,
    0.683466346625,0.718455573014,0.767088463286,0.82742186379,
    0.85766317864,0.890660635743,0.957950420225,1.),.UNSPECIFIED.);
#3123 = CARTESIAN_POINT('',(14.551443597548,0.));
#3124 = CARTESIAN_POINT('',(14.59224100818,6.34602788281E-02));
#3125 = CARTESIAN_POINT('',(14.634719366443,0.124744124161));
#3126 = CARTESIAN_POINT('',(14.679016823338,0.183819251053));
#3127 = CARTESIAN_POINT('',(14.725288868004,0.240651860495));
#3128 = CARTESIAN_POINT('',(14.773710316028,0.295207352795));
#3129 = CARTESIAN_POINT('',(14.824480243963,0.347451027985));
#3130 = CARTESIAN_POINT('',(14.877829870081,0.397348773259));
#3131 = CARTESIAN_POINT('',(14.95137956425,0.459533594196));
#3132 = CARTESIAN_POINT('',(14.968997910121,0.473972846535));
#3133 = CARTESIAN_POINT('',(14.986893059386,0.488184685863));
#3134 = CARTESIAN_POINT('',(15.005089724644,0.502167388363));
#3135 = CARTESIAN_POINT('',(15.023554464619,0.515922052486));
#3136 = CARTESIAN_POINT('',(15.04235519972,0.529444859397));
#3137 = CARTESIAN_POINT('',(15.061481931045,0.542735945086));
#3138 = CARTESIAN_POINT('',(15.116073073816,0.57932873349));
#3139 = CARTESIAN_POINT('',(15.152329092941,0.602106062723));
#3140 = CARTESIAN_POINT('',(15.189840712732,0.624118985183));
#3141 = CARTESIAN_POINT('',(15.228734977522,0.645361692636));
#3142 = CARTESIAN_POINT('',(15.269154661905,0.665830047297));
#3143 = CARTESIAN_POINT('',(15.311267307709,0.685522152523));
#3144 = CARTESIAN_POINT('',(15.355284223635,0.70443875553));
#3145 = CARTESIAN_POINT('',(15.430537273748,0.733990522749));
#3146 = CARTESIAN_POINT('',(15.460450391297,0.745092493752));
#3147 = CARTESIAN_POINT('',(15.491298823302,0.755890306326));
#3148 = CARTESIAN_POINT('',(15.523167663196,0.766385284942));
#3149 = CARTESIAN_POINT('',(15.556156461001,0.776579215899));
#3150 = CARTESIAN_POINT('',(15.590386793667,0.786474317085));
#3151 = CARTESIAN_POINT('',(15.626018019498,0.796073128965));
#3152 = CARTESIAN_POINT('',(15.685675376498,0.810974494525));
#3153 = CARTESIAN_POINT('',(15.70866642998,0.816464459591));
#3154 = CARTESIAN_POINT('',(15.732292214511,0.821848810753));
#3155 = CARTESIAN_POINT('',(15.756610875008,0.827128127126));
#3156 = CARTESIAN_POINT('',(15.781690834867,0.832302985864));
#3157 = CARTESIAN_POINT('',(15.807615666261,0.837373919661));
#3158 = CARTESIAN_POINT('',(15.834493859746,0.842341324078));
#3159 = CARTESIAN_POINT('',(15.878132266703,0.849927442094));
#3160 = CARTESIAN_POINT('',(15.894136106578,0.852617176297));
#3161 = CARTESIAN_POINT('',(15.91051096913,0.855274538669));
#3162 = CARTESIAN_POINT('',(15.927287393058,0.857899512708));
#3163 = CARTESIAN_POINT('',(15.944500879395,0.860492042097));
#3164 = CARTESIAN_POINT('',(15.962193780746,0.863052010592));
#3165 = CARTESIAN_POINT('',(15.980418699851,0.865579203707));
#3166 = CARTESIAN_POINT('',(16.020061447481,0.870831396226));
#3167 = CARTESIAN_POINT('',(16.041614507212,0.873549036619));
#3168 = CARTESIAN_POINT('',(16.063940458136,0.876224545337));
#3169 = CARTESIAN_POINT('',(16.087075320744,0.878856022048));
#3170 = CARTESIAN_POINT('',(16.111050814638,0.881441182772));
#3171 = CARTESIAN_POINT('',(16.135889095619,0.883977373798));
#3172 = CARTESIAN_POINT('',(16.161594669779,0.886461710897));
#3173 = CARTESIAN_POINT('',(16.225044717682,0.892268385408));
#3174 = CARTESIAN_POINT('',(16.263575172704,0.895539772792));
#3175 = CARTESIAN_POINT('',(16.303671564562,0.898697816642));
#3176 = CARTESIAN_POINT('',(16.345162277712,0.901735496393));
#3177 = CARTESIAN_POINT('',(16.387740774833,0.904647120539));
#3178 = CARTESIAN_POINT('',(16.430868898813,0.90743455601));
#3179 = CARTESIAN_POINT('',(16.474007096345,0.910108562907));
#3180 = CARTESIAN_POINT('',(16.569657679046,0.915878919124));
#3181 = CARTESIAN_POINT('',(16.621928147103,0.918922148516));
#3182 = CARTESIAN_POINT('',(16.672637153314,0.921841809527));
#3183 = CARTESIAN_POINT('',(16.721088040222,0.924677452352));
#3184 = CARTESIAN_POINT('',(16.767129243627,0.927465938047));
#3185 = CARTESIAN_POINT('',(16.810796921589,0.930230904508));
#3186 = CARTESIAN_POINT('',(16.852216298541,0.932990913622));
#3187 = CARTESIAN_POINT('',(16.911264876581,0.937145732564));
#3188 = CARTESIAN_POINT('',(16.930434887551,0.938533076256));
#3189 = CARTESIAN_POINT('',(16.949044965722,0.939921070721));
#3190 = CARTESIAN_POINT('',(16.967133730956,0.941308710429));
#3191 = CARTESIAN_POINT('',(16.984697661697,0.942696379242));
#3192 = CARTESIAN_POINT('',(17.001733688585,0.944084573367));
#3193 = CARTESIAN_POINT('',(17.018295098708,0.945472149633));
#3194 = CARTESIAN_POINT('',(17.05204806227,0.948369788309));
#3195 = CARTESIAN_POINT('',(17.069167959127,0.949880755206));
#3196 = CARTESIAN_POINT('',(17.085860795078,0.951390823996));
#3197 = CARTESIAN_POINT('',(17.102177064091,0.952900116272));
#3198 = CARTESIAN_POINT('',(17.118157325172,0.954408747527));
#3199 = CARTESIAN_POINT('',(17.133835396441,0.955916806172));
#3200 = CARTESIAN_POINT('',(17.149240118636,0.95742434085));
#3201 = CARTESIAN_POINT('',(17.195301554459,0.962004524053));
#3202 = CARTESIAN_POINT('',(17.225403864874,0.965098612649));
#3203 = CARTESIAN_POINT('',(17.25486270315,0.968211811912));
#3204 = CARTESIAN_POINT('',(17.283794501533,0.97134245751));
#3205 = CARTESIAN_POINT('',(17.312289301545,0.974488910051));
#3206 = CARTESIAN_POINT('',(17.340422093809,0.977649461552));
#3207 = CARTESIAN_POINT('',(17.36825823685,0.980822269029));
#3208 = CARTESIAN_POINT('',(17.413096973459,0.985994409918));
#3209 = CARTESIAN_POINT('',(17.430246795957,0.987987502082));
#3210 = CARTESIAN_POINT('',(17.447316050331,0.989984097571));
#3211 = CARTESIAN_POINT('',(17.464317210862,0.991983674092));
#3212 = CARTESIAN_POINT('',(17.481261783996,0.993985674783));
#3213 = CARTESIAN_POINT('',(17.498160494219,0.995989501794));
#3214 = CARTESIAN_POINT('',(17.515023469934,0.997994509883));
#3215 = CARTESIAN_POINT('',(17.531860429332,1.));
#3216 = ( GEOMETRIC_REPRESENTATION_CONTEXT(2) 
PARAMETRIC_REPRESENTATION_CONTEXT() REPRESENTATION_CONTEXT('2D SPACE',''
  ) );
#3217 = ORIENTED_EDGE('',*,*,#1227,.F.);
#3218 = ORIENTED_EDGE('',*,*,#3219,.T.);
#3219 = EDGE_CURVE('',#1228,#3220,#3222,.T.);
#3220 = VERTEX_POINT('',#3221);
#3221 = CARTESIAN_POINT('',(-129.1784906367,49.6,31.));
#3222 = SURFACE_CURVE('',#3223,(#3227,#3233),.PCURVE_S1.);
#3223 = LINE('',#3224,#3225);
#3224 = CARTESIAN_POINT('',(-160.,49.6,31.));
#3225 = VECTOR('',#3226,1.);
#3226 = DIRECTION('',(-1.,0.,0.));
#3227 = PCURVE('',#356,#3228);
#3228 = DEFINITIONAL_REPRESENTATION('',(#3229),#3232);
#3229 = B_SPLINE_CURVE_WITH_KNOTS('',1,(#3230,#3231),.UNSPECIFIED.,.F.,
  .F.,(2,2),(-51.,-30.60643059701),.PIECEWISE_BEZIER_KNOTS.);
#3230 = CARTESIAN_POINT('',(31.,61.));
#3231 = CARTESIAN_POINT('',(31.,40.606430597014));
#3232 = ( GEOMETRIC_REPRESENTATION_CONTEXT(2) 
PARAMETRIC_REPRESENTATION_CONTEXT() REPRESENTATION_CONTEXT('2D SPACE',''
  ) );
#3233 = PCURVE('',#1409,#3234);
#3234 = DEFINITIONAL_REPRESENTATION('',(#3235),#3238);
#3235 = B_SPLINE_CURVE_WITH_KNOTS('',1,(#3236,#3237),.UNSPECIFIED.,.F.,
  .F.,(2,2),(-51.,-30.60643059701),.PIECEWISE_BEZIER_KNOTS.);
#3236 = CARTESIAN_POINT('',(41.,92.6));
#3237 = CARTESIAN_POINT('',(20.606430597014,92.6));
#3238 = ( GEOMETRIC_REPRESENTATION_CONTEXT(2) 
PARAMETRIC_REPRESENTATION_CONTEXT() REPRESENTATION_CONTEXT('2D SPACE',''
  ) );
#3239 = ORIENTED_EDGE('',*,*,#3240,.T.);
#3240 = EDGE_CURVE('',#3220,#3241,#3243,.T.);
#3241 = VERTEX_POINT('',#3242);
#3242 = CARTESIAN_POINT('',(-124.9797834876,49.6,37.));
#3243 = SURFACE_CURVE('',#3244,(#3259,#3277),.PCURVE_S1.);
#3244 = B_SPLINE_CURVE_WITH_KNOTS('',4,(#3245,#3246,#3247,#3248,#3249,
    #3250,#3251,#3252,#3253,#3254,#3255,#3256,#3257,#3258),
  .UNSPECIFIED.,.F.,.F.,(5,3,3,3,5),(0.,0.249837777325,0.499779413387,
    0.74983109656,1.),.UNSPECIFIED.);
#3245 = CARTESIAN_POINT('',(-136.1573537769,49.6,21.));
#3246 = CARTESIAN_POINT('',(-135.4604270684,49.6,22.000199739919));
#3247 = CARTESIAN_POINT('',(-134.7633119933,49.6,23.000268496102));
#3248 = CARTESIAN_POINT('',(-134.0660035105,49.6,24.000202679631));
#3249 = CARTESIAN_POINT('',(-132.6706989195,49.6,26.000209777637));
#3250 = CARTESIAN_POINT('',(-131.9727026447,49.6,27.000282575985));
#3251 = CARTESIAN_POINT('',(-131.2745019361,49.6,28.000212937467));
#3252 = CARTESIAN_POINT('',(-129.8773724316,49.6,30.000220605075));
#3253 = CARTESIAN_POINT('',(-129.1784434492,49.6,31.000297780922));
#3254 = CARTESIAN_POINT('',(-128.4792981235,49.6,32.000224006768));
#3255 = CARTESIAN_POINT('',(-127.0802342655,49.6,34.000234154895));
#3256 = CARTESIAN_POINT('',(-126.3803155228,49.6,35.000317930072));
#3257 = CARTESIAN_POINT('',(-125.6801675504,49.6,36.00024152189));
#3258 = CARTESIAN_POINT('',(-124.9797834876,49.6,37.));
#3259 = PCURVE('',#356,#3260);
#3260 = DEFINITIONAL_REPRESENTATION('',(#3261),#3276);
#3261 = B_SPLINE_CURVE_WITH_KNOTS('',4,(#3262,#3263,#3264,#3265,#3266,
    #3267,#3268,#3269,#3270,#3271,#3272,#3273,#3274,#3275),
  .UNSPECIFIED.,.F.,.F.,(5,3,3,3,5),(0.,0.249837777325,0.499779413387,
    0.74983109656,1.),.UNSPECIFIED.);
#3262 = CARTESIAN_POINT('',(21.,33.842646223012));
#3263 = CARTESIAN_POINT('',(22.000199739919,34.539572931534));
#3264 = CARTESIAN_POINT('',(23.000268496102,35.236688006691));
#3265 = CARTESIAN_POINT('',(24.000202679631,35.933996489457));
#3266 = CARTESIAN_POINT('',(26.000209777637,37.329301080423));
#3267 = CARTESIAN_POINT('',(27.000282575985,38.027297355232));
#3268 = CARTESIAN_POINT('',(28.000212937467,38.725498063845));
#3269 = CARTESIAN_POINT('',(30.000220605075,40.122627568307));
#3270 = CARTESIAN_POINT('',(31.000297780922,40.821556550799));
#3271 = CARTESIAN_POINT('',(32.000224006768,41.52070187648));
#3272 = CARTESIAN_POINT('',(34.000234154895,42.91976573444));
#3273 = CARTESIAN_POINT('',(35.000317930072,43.619684477149));
#3274 = CARTESIAN_POINT('',(36.00024152189,44.319832449527));
#3275 = CARTESIAN_POINT('',(37.,45.020216512384));
#3276 = ( GEOMETRIC_REPRESENTATION_CONTEXT(2) 
PARAMETRIC_REPRESENTATION_CONTEXT() REPRESENTATION_CONTEXT('2D SPACE',''
  ) );
#3277 = PCURVE('',#210,#3278);
#3278 = DEFINITIONAL_REPRESENTATION('',(#3279),#3294);
#3279 = B_SPLINE_CURVE_WITH_KNOTS('',4,(#3280,#3281,#3282,#3283,#3284,
    #3285,#3286,#3287,#3288,#3289,#3290,#3291,#3292,#3293),
  .UNSPECIFIED.,.F.,.F.,(5,3,3,3,5),(0.,0.249837777325,0.499779413387,
    0.74983109656,1.),.UNSPECIFIED.);
#3280 = CARTESIAN_POINT('',(14.45661837099,0.));
#3281 = CARTESIAN_POINT('',(14.461000324539,6.251248374491E-02));
#3282 = CARTESIAN_POINT('',(14.465437928592,0.125016781006));
#3283 = CARTESIAN_POINT('',(14.469932783028,0.187512667477));
#3284 = CARTESIAN_POINT('',(14.479042344725,0.312513111102));
#3285 = CARTESIAN_POINT('',(14.483657101482,0.375017660999));
#3286 = CARTESIAN_POINT('',(14.488332619162,0.437513308592));
#3287 = CARTESIAN_POINT('',(14.497811012231,0.562513787817));
#3288 = CARTESIAN_POINT('',(14.502613943296,0.625018611308));
#3289 = CARTESIAN_POINT('',(14.507481442992,0.687514000423));
#3290 = CARTESIAN_POINT('',(14.517351964587,0.812514634681));
#3291 = CARTESIAN_POINT('',(14.522355049523,0.87501987063));
#3292 = CARTESIAN_POINT('',(14.527426840739,0.937515095118));
#3293 = CARTESIAN_POINT('',(14.532569553195,1.));
#3294 = ( GEOMETRIC_REPRESENTATION_CONTEXT(2) 
PARAMETRIC_REPRESENTATION_CONTEXT() REPRESENTATION_CONTEXT('2D SPACE',''
  ) );
#3295 = ORIENTED_EDGE('',*,*,#3296,.T.);
#3296 = EDGE_CURVE('',#3241,#3297,#3299,.T.);
#3297 = VERTEX_POINT('',#3298);
#3298 = CARTESIAN_POINT('',(-41.1986376561,49.6,49.));
#3299 = SURFACE_CURVE('',#3300,(#3399,#3501),.PCURVE_S1.);
#3300 = B_SPLINE_CURVE_WITH_KNOTS('',7,(#3301,#3302,#3303,#3304,#3305,
    #3306,#3307,#3308,#3309,#3310,#3311,#3312,#3313,#3314,#3315,#3316,
    #3317,#3318,#3319,#3320,#3321,#3322,#3323,#3324,#3325,#3326,#3327,
    #3328,#3329,#3330,#3331,#3332,#3333,#3334,#3335,#3336,#3337,#3338,
    #3339,#3340,#3341,#3342,#3343,#3344,#3345,#3346,#3347,#3348,#3349,
    #3350,#3351,#3352,#3353,#3354,#3355,#3356,#3357,#3358,#3359,#3360,
    #3361,#3362,#3363,#3364,#3365,#3366,#3367,#3368,#3369,#3370,#3371,
    #3372,#3373,#3374,#3375,#3376,#3377,#3378,#3379,#3380,#3381,#3382,
    #3383,#3384,#3385,#3386,#3387,#3388,#3389,#3390,#3391,#3392,#3393,
    #3394,#3395,#3396,#3397,#3398),.UNSPECIFIED.,.F.,.F.,(8,6,6,6,6,6,6,
    6,6,6,6,6,6,6,6,6,8),(0.,0.236186078384,0.304287279897,
    0.359741251205,0.450670027096,0.556911425159,0.638695998839,
    0.720721617586,0.767885555843,0.779889782593,0.798754600985,
    0.819334387205,0.862771853996,0.901462362825,0.925471570618,
    0.944573396932,1.),.UNSPECIFIED.);
#3301 = CARTESIAN_POINT('',(-124.9797834876,49.6,37.));
#3302 = CARTESIAN_POINT('',(-122.294666793,49.6,37.695084674643));
#3303 = CARTESIAN_POINT('',(-119.6039816733,49.6,38.368736660841));
#3304 = CARTESIAN_POINT('',(-116.9078596788,49.6,39.020610122524));
#3305 = CARTESIAN_POINT('',(-114.2064413418,49.6,39.65034263586));
#3306 = CARTESIAN_POINT('',(-111.4998777792,49.6,40.257561778455));
#3307 = CARTESIAN_POINT('',(-108.7883322957,49.6,40.841891718567));
#3308 = CARTESIAN_POINT('',(-105.2887575011,49.6,41.564736531496));
#3309 = CARTESIAN_POINT('',(-104.5051336182,49.6,41.724579305199));
#3310 = CARTESIAN_POINT('',(-103.7211146071,49.6,41.882479176247));
#3311 = CARTESIAN_POINT('',(-102.9367048435,49.6,42.038427237421));
#3312 = CARTESIAN_POINT('',(-102.1519088101,49.6,42.192414623445));
#3313 = CARTESIAN_POINT('',(-101.3667310963,49.6,42.344432510988));
#3314 = CARTESIAN_POINT('',(-99.94150886434,49.6,42.616647526936));
#3315 = CARTESIAN_POINT('',(-99.30159136679,49.6,42.737511213536));
#3316 = CARTESIAN_POINT('',(-98.66142644302,49.6,42.857058441145));
#3317 = CARTESIAN_POINT('',(-98.02101667988,49.6,42.97528450327));
#3318 = CARTESIAN_POINT('',(-97.38036471422,49.6,43.092184724235));
#3319 = CARTESIAN_POINT('',(-96.73947323281,49.6,43.207754459188));
#3320 = CARTESIAN_POINT('',(-95.04707656851,49.6,43.509301477163));
#3321 = CARTESIAN_POINT('',(-93.99517154754,49.6,43.693024751426));
#3322 = CARTESIAN_POINT('',(-92.94264177314,49.6,43.873136433707));
#3323 = CARTESIAN_POINT('',(-91.88949833445,49.6,44.049606619203));
#3324 = CARTESIAN_POINT('',(-90.83575445761,49.6,44.222416174693));
#3325 = CARTESIAN_POINT('',(-89.78142315943,49.6,44.391542118829));
#3326 = CARTESIAN_POINT('',(-87.49396679482,49.6,44.750253758577));
#3327 = CARTESIAN_POINT('',(-86.2606323056,49.6,44.938488503396));
#3328 = CARTESIAN_POINT('',(-85.02653913781,49.6,45.121646591987));
#3329 = CARTESIAN_POINT('',(-83.7917122513,49.6,45.299709285274));
#3330 = CARTESIAN_POINT('',(-82.55617850535,49.6,45.472667584736));
#3331 = CARTESIAN_POINT('',(-81.3199670543,49.6,45.640524255392));
#3332 = CARTESIAN_POINT('',(-79.13097761995,49.6,45.928597337799));
#3333 = CARTESIAN_POINT('',(-78.17846263402,49.6,46.050885462576));
#3334 = CARTESIAN_POINT('',(-77.22557922289,49.6,46.170167697011));
#3335 = CARTESIAN_POINT('',(-76.27234251892,49.6,46.28645636556));
#3336 = CARTESIAN_POINT('',(-75.31876851599,49.6,46.399768937832));
#3337 = CARTESIAN_POINT('',(-74.36487423632,49.6,46.510128323177));
#3338 = CARTESIAN_POINT('',(-72.45366923908,49.6,46.725314651929));
#3339 = CARTESIAN_POINT('',(-71.49635721134,49.6,46.830124269434));
#3340 = CARTESIAN_POINT('',(-70.53875950835,49.6,46.932020962481));
#3341 = CARTESIAN_POINT('',(-69.58089580747,49.6,47.031039318211));
#3342 = CARTESIAN_POINT('',(-68.62278773221,49.6,47.127219773782));
#3343 = CARTESIAN_POINT('',(-67.66445976069,49.6,47.220608715396));
#3344 = CARTESIAN_POINT('',(-66.15480209848,49.6,47.363381201152));
#3345 = CARTESIAN_POINT('',(-65.60360052268,49.6,47.41459827507));
#3346 = CARTESIAN_POINT('',(-65.0523416294,49.6,47.464919673442));
#3347 = CARTESIAN_POINT('',(-64.50103189964,49.6,47.514355934139));
#3348 = CARTESIAN_POINT('',(-63.94967905026,49.6,47.562918219761));
#3349 = CARTESIAN_POINT('',(-63.3982925363,49.6,47.610618232251));
#3350 = CARTESIAN_POINT('',(-62.7065394403,49.6,47.669392228989));
#3351 = CARTESIAN_POINT('',(-62.56556263316,49.6,47.681314959066));
#3352 = CARTESIAN_POINT('',(-62.42394706984,49.6,47.693236082712));
#3353 = CARTESIAN_POINT('',(-62.28168571181,49.6,47.70515550776));
#3354 = CARTESIAN_POINT('',(-62.13877151381,49.6,47.717073129754));
#3355 = CARTESIAN_POINT('',(-61.99519742392,49.6,47.728988831949));
#3356 = CARTESIAN_POINT('',(-61.62427947299,49.6,47.759624966302));
#3357 = CARTESIAN_POINT('',(-61.39599538627,49.6,47.778338655598));
#3358 = CARTESIAN_POINT('',(-61.16602770851,49.6,47.797049295374));
#3359 = CARTESIAN_POINT('',(-60.93429032454,49.6,47.815759395858));
#3360 = CARTESIAN_POINT('',(-60.70068658105,49.6,47.834464611005));
#3361 = CARTESIAN_POINT('',(-60.4651128974,49.6,47.853168657383));
#3362 = CARTESIAN_POINT('',(-59.96819300303,49.6,47.892270245148));
#3363 = CARTESIAN_POINT('',(-59.70643874442,49.6,47.912668381414));
#3364 = CARTESIAN_POINT('',(-59.44204207525,49.6,47.933063216877));
#3365 = CARTESIAN_POINT('',(-59.17481453933,49.6,47.953455049977));
#3366 = CARTESIAN_POINT('',(-58.90452968565,49.6,47.973844606045));
#3367 = CARTESIAN_POINT('',(-58.63092291856,49.6,47.994232549665));
#3368 = CARTESIAN_POINT('',(-57.76854255134,49.6,48.057648386206));
#3369 = CARTESIAN_POINT('',(-57.18343097068,49.6,48.09948102853));
#3370 = CARTESIAN_POINT('',(-56.59835955463,49.6,48.14002729564));
#3371 = CARTESIAN_POINT('',(-56.01331787987,49.6,48.179200939003));
#3372 = CARTESIAN_POINT('',(-55.42826983012,49.6,48.216933297937));
#3373 = CARTESIAN_POINT('',(-54.84316813556,49.6,48.253302824691));
#3374 = CARTESIAN_POINT('',(-53.73673485312,49.6,48.319789520117));
#3375 = CARTESIAN_POINT('',(-53.21542134008,49.6,48.350155787461));
#3376 = CARTESIAN_POINT('',(-52.69400893903,49.6,48.37967779793));
#3377 = CARTESIAN_POINT('',(-52.17247825265,49.6,48.408522429331));
#3378 = CARTESIAN_POINT('',(-51.65082644772,49.6,48.436872954659));
#3379 = CARTESIAN_POINT('',(-51.12905974408,49.6,48.464878865888));
#3380 = CARTESIAN_POINT('',(-50.28334607763,49.6,48.509907150807));
#3381 = CARTESIAN_POINT('',(-49.95763462377,49.6,48.527161999649));
#3382 = CARTESIAN_POINT('',(-49.6306474479,49.6,48.544426201496));
#3383 = CARTESIAN_POINT('',(-49.30290706404,49.6,48.561697658198));
#3384 = CARTESIAN_POINT('',(-48.97486626536,49.6,48.578974787248));
#3385 = CARTESIAN_POINT('',(-48.64690781065,49.6,48.596256037436));
#3386 = CARTESIAN_POINT('',(-48.05873305879,49.6,48.627290123747));
#3387 = CARTESIAN_POINT('',(-47.79810515128,49.6,48.641056408099));
#3388 = CARTESIAN_POINT('',(-47.5374618079,49.6,48.654845471188));
#3389 = CARTESIAN_POINT('',(-47.27680435333,49.6,48.668663555422));
#3390 = CARTESIAN_POINT('',(-47.01613401726,49.6,48.682515931985));
#3391 = CARTESIAN_POINT('',(-46.75545193446,49.6,48.696406900838));
#3392 = CARTESIAN_POINT('',(-45.73832279436,49.6,48.750768006538));
#3393 = CARTESIAN_POINT('',(-44.98179739161,49.6,48.791554178466));
#3394 = CARTESIAN_POINT('',(-44.22521826838,49.6,48.832669481438));
#3395 = CARTESIAN_POINT('',(-43.46860301245,49.6,48.874090707917));
#3396 = CARTESIAN_POINT('',(-42.71196400994,49.6,48.915800005944));
#3397 = CARTESIAN_POINT('',(-41.95530794525,49.6,48.957776580348));
#3398 = CARTESIAN_POINT('',(-41.1986376561,49.6,49.));
#3399 = PCURVE('',#356,#3400);
#3400 = DEFINITIONAL_REPRESENTATION('',(#3401),#3500);
#3401 = B_SPLINE_CURVE_WITH_KNOTS('',7,(#3402,#3403,#3404,#3405,#3406,
    #3407,#3408,#3409,#3410,#3411,#3412,#3413,#3414,#3415,#3416,#3417,
    #3418,#3419,#3420,#3421,#3422,#3423,#3424,#3425,#3426,#3427,#3428,
    #3429,#3430,#3431,#3432,#3433,#3434,#3435,#3436,#3437,#3438,#3439,
    #3440,#3441,#3442,#3443,#3444,#3445,#3446,#3447,#3448,#3449,#3450,
    #3451,#3452,#3453,#3454,#3455,#3456,#3457,#3458,#3459,#3460,#3461,
    #3462,#3463,#3464,#3465,#3466,#3467,#3468,#3469,#3470,#3471,#3472,
    #3473,#3474,#3475,#3476,#3477,#3478,#3479,#3480,#3481,#3482,#3483,
    #3484,#3485,#3486,#3487,#3488,#3489,#3490,#3491,#3492,#3493,#3494,
    #3495,#3496,#3497,#3498,#3499),.UNSPECIFIED.,.F.,.F.,(8,6,6,6,6,6,6,
    6,6,6,6,6,6,6,6,6,8),(0.,0.236186078384,0.304287279897,
    0.359741251205,0.450670027096,0.556911425159,0.638695998839,
    0.720721617586,0.767885555843,0.779889782593,0.798754600985,
    0.819334387205,0.862771853996,0.901462362825,0.925471570618,
    0.944573396932,1.),.UNSPECIFIED.);
#3402 = CARTESIAN_POINT('',(37.,45.020216512384));
#3403 = CARTESIAN_POINT('',(37.695084674643,47.705333206955));
#3404 = CARTESIAN_POINT('',(38.368736660841,50.396018326673));
#3405 = CARTESIAN_POINT('',(39.020610122524,53.092140321136));
#3406 = CARTESIAN_POINT('',(39.65034263586,55.793558658153));
#3407 = CARTESIAN_POINT('',(40.257561778455,58.500122220762));
#3408 = CARTESIAN_POINT('',(40.841891718567,61.211667704249));
#3409 = CARTESIAN_POINT('',(41.564736531496,64.711242498855));
#3410 = CARTESIAN_POINT('',(41.724579305199,65.494866381723));
#3411 = CARTESIAN_POINT('',(41.882479176247,66.278885392855));
#3412 = CARTESIAN_POINT('',(42.038427237421,67.063295156467));
#3413 = CARTESIAN_POINT('',(42.192414623445,67.8480911899));
#3414 = CARTESIAN_POINT('',(42.344432510988,68.633268903625));
#3415 = CARTESIAN_POINT('',(42.616647526936,70.058491135651));
#3416 = CARTESIAN_POINT('',(42.737511213536,70.698408633201));
#3417 = CARTESIAN_POINT('',(42.857058441145,71.338573556979));
#3418 = CARTESIAN_POINT('',(42.97528450327,71.978983320114));
#3419 = CARTESIAN_POINT('',(43.092184724235,72.619635285779));
#3420 = CARTESIAN_POINT('',(43.207754459188,73.260526767185));
#3421 = CARTESIAN_POINT('',(43.509301477163,74.95292343149));
#3422 = CARTESIAN_POINT('',(43.693024751426,76.004828452451));
#3423 = CARTESIAN_POINT('',(43.873136433707,77.057358226854));
#3424 = CARTESIAN_POINT('',(44.049606619203,78.110501665541));
#3425 = CARTESIAN_POINT('',(44.222416174693,79.164245542389));
#3426 = CARTESIAN_POINT('',(44.391542118829,80.218576840565));
#3427 = CARTESIAN_POINT('',(44.750253758577,82.506033205177));
#3428 = CARTESIAN_POINT('',(44.938488503396,83.739367694395));
#3429 = CARTESIAN_POINT('',(45.121646591987,84.973460862181));
#3430 = CARTESIAN_POINT('',(45.299709285274,86.208287748697));
#3431 = CARTESIAN_POINT('',(45.472667584736,87.443821494643));
#3432 = CARTESIAN_POINT('',(45.640524255392,88.680032945692));
#3433 = CARTESIAN_POINT('',(45.928597337799,90.869022380043));
#3434 = CARTESIAN_POINT('',(46.050885462576,91.821537365974));
#3435 = CARTESIAN_POINT('',(46.170167697011,92.774420777102));
#3436 = CARTESIAN_POINT('',(46.28645636556,93.727657481076));
#3437 = CARTESIAN_POINT('',(46.399768937832,94.681231484008));
#3438 = CARTESIAN_POINT('',(46.510128323177,95.635125763675));
#3439 = CARTESIAN_POINT('',(46.725314651929,97.546330760917));
#3440 = CARTESIAN_POINT('',(46.830124269434,98.503642788658));
#3441 = CARTESIAN_POINT('',(46.932020962481,99.461240491643));
#3442 = CARTESIAN_POINT('',(47.031039318211,100.41910419252));
#3443 = CARTESIAN_POINT('',(47.127219773782,101.37721226778));
#3444 = CARTESIAN_POINT('',(47.220608715396,102.33554023931));
#3445 = CARTESIAN_POINT('',(47.363381201152,103.84519790151));
#3446 = CARTESIAN_POINT('',(47.41459827507,104.39639947731));
#3447 = CARTESIAN_POINT('',(47.464919673442,104.94765837059));
#3448 = CARTESIAN_POINT('',(47.514355934139,105.49896810036));
#3449 = CARTESIAN_POINT('',(47.562918219761,106.05032094973));
#3450 = CARTESIAN_POINT('',(47.610618232251,106.60170746369));
#3451 = CARTESIAN_POINT('',(47.669392228989,107.29346055969));
#3452 = CARTESIAN_POINT('',(47.681314959066,107.43443736683));
#3453 = CARTESIAN_POINT('',(47.693236082712,107.57605293015));
#3454 = CARTESIAN_POINT('',(47.70515550776,107.71831428818));
#3455 = CARTESIAN_POINT('',(47.717073129754,107.86122848618));
#3456 = CARTESIAN_POINT('',(47.728988831949,108.00480257608));
#3457 = CARTESIAN_POINT('',(47.759624966302,108.375720527));
#3458 = CARTESIAN_POINT('',(47.778338655598,108.60400461372));
#3459 = CARTESIAN_POINT('',(47.797049295374,108.83397229148));
#3460 = CARTESIAN_POINT('',(47.815759395858,109.06570967545));
#3461 = CARTESIAN_POINT('',(47.834464611005,109.29931341894));
#3462 = CARTESIAN_POINT('',(47.853168657383,109.53488710259));
#3463 = CARTESIAN_POINT('',(47.892270245148,110.03180699696));
#3464 = CARTESIAN_POINT('',(47.912668381414,110.29356125557));
#3465 = CARTESIAN_POINT('',(47.933063216877,110.55795792474));
#3466 = CARTESIAN_POINT('',(47.953455049977,110.82518546066));
#3467 = CARTESIAN_POINT('',(47.973844606045,111.09547031434));
#3468 = CARTESIAN_POINT('',(47.994232549665,111.36907708143));
#3469 = CARTESIAN_POINT('',(48.057648386206,112.23145744865));
#3470 = CARTESIAN_POINT('',(48.09948102853,112.81656902931));
#3471 = CARTESIAN_POINT('',(48.14002729564,113.40164044536));
#3472 = CARTESIAN_POINT('',(48.179200939003,113.98668212012));
#3473 = CARTESIAN_POINT('',(48.216933297937,114.57173016987));
#3474 = CARTESIAN_POINT('',(48.253302824691,115.15683186443));
#3475 = CARTESIAN_POINT('',(48.319789520117,116.26326514687));
#3476 = CARTESIAN_POINT('',(48.350155787461,116.78457865991));
#3477 = CARTESIAN_POINT('',(48.37967779793,117.30599106096));
#3478 = CARTESIAN_POINT('',(48.408522429331,117.82752174734));
#3479 = CARTESIAN_POINT('',(48.436872954659,118.34917355227));
#3480 = CARTESIAN_POINT('',(48.464878865888,118.87094025591));
#3481 = CARTESIAN_POINT('',(48.509907150807,119.71665392236));
#3482 = CARTESIAN_POINT('',(48.527161999649,120.04236537622));
#3483 = CARTESIAN_POINT('',(48.544426201496,120.36935255209));
#3484 = CARTESIAN_POINT('',(48.561697658198,120.69709293595));
#3485 = CARTESIAN_POINT('',(48.578974787248,121.02513373464));
#3486 = CARTESIAN_POINT('',(48.596256037436,121.35309218934));
#3487 = CARTESIAN_POINT('',(48.627290123747,121.9412669412));
#3488 = CARTESIAN_POINT('',(48.641056408099,122.20189484871));
#3489 = CARTESIAN_POINT('',(48.654845471188,122.46253819209));
#3490 = CARTESIAN_POINT('',(48.668663555422,122.72319564666));
#3491 = CARTESIAN_POINT('',(48.682515931985,122.98386598273));
#3492 = CARTESIAN_POINT('',(48.696406900838,123.24454806553));
#3493 = CARTESIAN_POINT('',(48.750768006538,124.26167720563));
#3494 = CARTESIAN_POINT('',(48.791554178466,125.01820260838));
#3495 = CARTESIAN_POINT('',(48.832669481438,125.77478173161));
#3496 = CARTESIAN_POINT('',(48.874090707917,126.53139698754));
#3497 = CARTESIAN_POINT('',(48.915800005944,127.28803599005));
#3498 = CARTESIAN_POINT('',(48.957776580348,128.04469205474));
#3499 = CARTESIAN_POINT('',(49.,128.80136234389));
#3500 = ( GEOMETRIC_REPRESENTATION_CONTEXT(2) 
PARAMETRIC_REPRESENTATION_CONTEXT() REPRESENTATION_CONTEXT('2D SPACE',''
  ) );
#3501 = PCURVE('',#3502,#3557);
#3502 = B_SPLINE_SURFACE_WITH_KNOTS('',3,1,(
    (#3503,#3504)
    ,(#3505,#3506)
    ,(#3507,#3508)
    ,(#3509,#3510)
    ,(#3511,#3512)
    ,(#3513,#3514)
    ,(#3515,#3516)
    ,(#3517,#3518)
    ,(#3519,#3520)
    ,(#3521,#3522)
    ,(#3523,#3524)
    ,(#3525,#3526)
    ,(#3527,#3528)
    ,(#3529,#3530)
    ,(#3531,#3532)
    ,(#3533,#3534)
    ,(#3535,#3536)
    ,(#3537,#3538)
    ,(#3539,#3540)
    ,(#3541,#3542)
    ,(#3543,#3544)
    ,(#3545,#3546)
    ,(#3547,#3548)
    ,(#3549,#3550)
    ,(#3551,#3552)
    ,(#3553,#3554)
    ,(#3555,#3556
    )),.UNSPECIFIED.,.T.,.F.,.F.,(1,1,2,1,1,1,1,1,1,1,1,1,1,1,1,1,1,1,1,
    1,1,1,1,1,1,1,2,1,1),(2,2),(-2.,-1.,0.,1.,2.,3.,4.,5.,6.,7.,8.,9.,
    10.,11.,12.,13.,14.,15.,16.,17.,18.,19.,20.,21.,22.,23.,24.,25.,26.)
  ,(0.,1.),.UNSPECIFIED.);
#3503 = CARTESIAN_POINT('',(129.,62.9,37.));
#3504 = CARTESIAN_POINT('',(81.584366502647,87.799747438187,49.));
#3505 = CARTESIAN_POINT('',(119.4,92.1,37.));
#3506 = CARTESIAN_POINT('',(92.658944185467,106.44229139306,49.));
#3507 = CARTESIAN_POINT('',(118.38659285555,125.42655430544,37.));
#3508 = CARTESIAN_POINT('',(96.980576950262,129.54012708398,49.));
#3509 = CARTESIAN_POINT('',(124.74692500554,174.05705993092,37.));
#3510 = CARTESIAN_POINT('',(90.791727115412,166.98758323647,49.));
#3511 = CARTESIAN_POINT('',(106.22570712225,183.34520597083,37.));
#3512 = CARTESIAN_POINT('',(86.037352226809,175.54979001152,49.));
#3513 = CARTESIAN_POINT('',(82.150246505431,200.16211618573,37.));
#3514 = CARTESIAN_POINT('',(74.009392665848,197.46352332101,49.));
#3515 = CARTESIAN_POINT('',(61.973306856021,237.00632928623,37.));
#3516 = CARTESIAN_POINT('',(48.050224742997,218.61798421153,49.));
#3517 = CARTESIAN_POINT('',(31.756526070487,245.61256666933,37.));
#3518 = CARTESIAN_POINT('',(26.409761718283,227.22044992069,49.));
#3519 = CARTESIAN_POINT('',(5.888620325629E-04,244.54340403642,37.));
#3520 = CARTESIAN_POINT('',(-2.140697450134E-04,231.38970734277,49.));
#3521 = CARTESIAN_POINT('',(-31.75888151861,245.61381718495,37.));
#3522 = CARTESIAN_POINT('',(-26.4089054393,227.22072070819,49.));
#3523 = CARTESIAN_POINT('',(-61.96506278756,237.00132722373,37.));
#3524 = CARTESIAN_POINT('',(-48.05322171942,218.61690106152,49.));
#3525 = CARTESIAN_POINT('',(-82.18086733112,200.18087392008,37.));
#3526 = CARTESIAN_POINT('',(-73.9982610391,197.46758513354,49.));
#3527 = CARTESIAN_POINT('',(-106.1114678879,183.2751770959,37.));
#3528 = CARTESIAN_POINT('',(-86.07888175734,175.53462591142,49.));
#3529 = CARTESIAN_POINT('',(-125.1732611171,174.31841769629,37.));
#3530 = CARTESIAN_POINT('',(-90.63674062002,167.04417782434,49.));
#3531 = CARTESIAN_POINT('',(-116.7954876435,124.45115211892,37.));
#3532 = CARTESIAN_POINT('',(-97.55899340129,129.32891283259,49.));
#3533 = CARTESIAN_POINT('',(-125.8447883085,79.076973828017,37.));
#3534 = CARTESIAN_POINT('',(-88.33944849433,95.681635965305,49.));
#3535 = CARTESIAN_POINT('',(-125.0253591221,24.240952569008,37.));
#3536 = CARTESIAN_POINT('',(-71.8131446857,70.67065979995,49.));
#3537 = CARTESIAN_POINT('',(-113.8537752029,-35.04078410405,37.));
#3538 = CARTESIAN_POINT('',(-53.18275364051,56.066573701171,49.));
#3539 = CARTESIAN_POINT('',(-94.55954006626,-29.2778161528,37.));
#3540 = CARTESIAN_POINT('',(-49.28295632513,53.046317442488,49.));
#3541 = CARTESIAN_POINT('',(-37.10806453202,-30.84795128472,37.));
#3542 = CARTESIAN_POINT('',(-22.24133288953,41.135257248206,49.));
#3543 = CARTESIAN_POINT('',(-8.201805630555E-03,-30.33037870831,37.));
#3544 = CARTESIAN_POINT('',(2.981612572915E-03,39.431428481847,49.));
#3545 = CARTESIAN_POINT('',(37.140871754547,-30.83053388202,37.));
#3546 = CARTESIAN_POINT('',(22.229406439245,41.139028824405,49.));
#3547 = CARTESIAN_POINT('',(94.444714787441,-29.34748576358,37.));
#3548 = CARTESIAN_POINT('',(49.324698901155,53.031231137693,49.));
#3549 = CARTESIAN_POINT('',(114.28026909568,-34.77952306365,37.));
#3550 = CARTESIAN_POINT('',(53.027709786721,56.123147344154,49.));
#3551 = CARTESIAN_POINT('',(123.4342088298,23.265578018186,37.));
#3552 = CARTESIAN_POINT('',(72.391577524851,70.459451532812,49.));
#3553 = CARTESIAN_POINT('',(129.,62.9,37.));
#3554 = CARTESIAN_POINT('',(81.584366502647,87.799747438187,49.));
#3555 = CARTESIAN_POINT('',(119.4,92.1,37.));
#3556 = CARTESIAN_POINT('',(92.658944185467,106.44229139306,49.));
#3557 = DEFINITIONAL_REPRESENTATION('',(#3558),#3657);
#3558 = B_SPLINE_CURVE_WITH_KNOTS('',7,(#3559,#3560,#3561,#3562,#3563,
    #3564,#3565,#3566,#3567,#3568,#3569,#3570,#3571,#3572,#3573,#3574,
    #3575,#3576,#3577,#3578,#3579,#3580,#3581,#3582,#3583,#3584,#3585,
    #3586,#3587,#3588,#3589,#3590,#3591,#3592,#3593,#3594,#3595,#3596,
    #3597,#3598,#3599,#3600,#3601,#3602,#3603,#3604,#3605,#3606,#3607,
    #3608,#3609,#3610,#3611,#3612,#3613,#3614,#3615,#3616,#3617,#3618,
    #3619,#3620,#3621,#3622,#3623,#3624,#3625,#3626,#3627,#3628,#3629,
    #3630,#3631,#3632,#3633,#3634,#3635,#3636,#3637,#3638,#3639,#3640,
    #3641,#3642,#3643,#3644,#3645,#3646,#3647,#3648,#3649,#3650,#3651,
    #3652,#3653,#3654,#3655,#3656),.UNSPECIFIED.,.F.,.F.,(8,6,6,6,6,6,6,
    6,6,6,6,6,6,6,6,6,8),(0.,0.236186078384,0.304287279897,
    0.359741251205,0.450670027096,0.556911425159,0.638695998839,
    0.720721617586,0.767885555843,0.779889782593,0.798754600985,
    0.819334387205,0.862771853996,0.901462362825,0.925471570618,
    0.944573396932,1.),.UNSPECIFIED.);
#3559 = CARTESIAN_POINT('',(14.532569553195,0.));
#3560 = CARTESIAN_POINT('',(14.567867407021,5.792372288689E-02));
#3561 = CARTESIAN_POINT('',(14.604520683642,0.114061388403));
#3562 = CARTESIAN_POINT('',(14.642636031026,0.168384176877));
#3563 = CARTESIAN_POINT('',(14.682331579002,0.220861886322));
#3564 = CARTESIAN_POINT('',(14.723741238244,0.271463481538));
#3565 = CARTESIAN_POINT('',(14.767018999259,0.320157643214));
#3566 = CARTESIAN_POINT('',(14.825411887602,0.380394710958));
#3567 = CARTESIAN_POINT('',(14.838650706421,0.3937149421));
#3568 = CARTESIAN_POINT('',(14.852063960476,0.406873264687));
#3569 = CARTESIAN_POINT('',(14.865656126848,0.419868936452));
#3570 = CARTESIAN_POINT('',(14.879431887053,0.43270121862));
#3571 = CARTESIAN_POINT('',(14.893396127041,0.445369375916));
#3572 = CARTESIAN_POINT('',(14.919082467988,0.468053960578));
#3573 = CARTESIAN_POINT('',(14.930739358567,0.478125934461));
#3574 = CARTESIAN_POINT('',(14.942527359018,0.488088203429));
#3575 = CARTESIAN_POINT('',(14.954449334206,0.497940375272));
#3576 = CARTESIAN_POINT('',(14.966508263776,0.507682060353));
#3577 = CARTESIAN_POINT('',(14.978707242158,0.517312871599));
#3578 = CARTESIAN_POINT('',(15.011287243718,0.542441789764));
#3579 = CARTESIAN_POINT('',(15.031909228772,0.557752062619));
#3580 = CARTESIAN_POINT('',(15.05293344933,0.572761369476));
#3581 = CARTESIAN_POINT('',(15.074394862063,0.587467218267));
#3582 = CARTESIAN_POINT('',(15.096313146143,0.601868014558));
#3583 = CARTESIAN_POINT('',(15.118723256459,0.615961843236));
#3584 = CARTESIAN_POINT('',(15.168452853442,0.645854479881));
#3585 = CARTESIAN_POINT('',(15.195963719959,0.661540708616));
#3586 = CARTESIAN_POINT('',(15.224243690734,0.676803882666));
#3587 = CARTESIAN_POINT('',(15.25335151719,0.691642440439));
#3588 = CARTESIAN_POINT('',(15.283354678553,0.706055632061));
#3589 = CARTESIAN_POINT('',(15.314333443457,0.720043687949));
#3590 = CARTESIAN_POINT('',(15.371058150621,0.74404977815));
#3591 = CARTESIAN_POINT('',(15.396366985689,0.754240455215));
#3592 = CARTESIAN_POINT('',(15.422356984466,0.764180641418));
#3593 = CARTESIAN_POINT('',(15.449078771597,0.773871363797));
#3594 = CARTESIAN_POINT('',(15.476592534554,0.783314078153));
#3595 = CARTESIAN_POINT('',(15.504972509519,0.792510693598));
#3596 = CARTESIAN_POINT('',(15.563736896254,0.810442887661));
#3597 = CARTESIAN_POINT('',(15.59412749353,0.819177022453));
#3598 = CARTESIAN_POINT('',(15.625576580311,0.82766841354));
#3599 = CARTESIAN_POINT('',(15.658203316884,0.835919943184));
#3600 = CARTESIAN_POINT('',(15.692151802,0.843934981149));
#3601 = CARTESIAN_POINT('',(15.727616753083,0.85171739295));
#3602 = CARTESIAN_POINT('',(15.786330840239,0.863615100096));
#3603 = CARTESIAN_POINT('',(15.808365871285,0.867883189589));
#3604 = CARTESIAN_POINT('',(15.831057325724,0.872076639454));
#3605 = CARTESIAN_POINT('',(15.854475430595,0.876196327845));
#3606 = CARTESIAN_POINT('',(15.878705026725,0.88024318498));
#3607 = CARTESIAN_POINT('',(15.903857330849,0.884218186021));
#3608 = CARTESIAN_POINT('',(15.936770044464,0.889116019082));
#3609 = CARTESIAN_POINT('',(15.943547676084,0.890109579922));
#3610 = CARTESIAN_POINT('',(15.950429542639,0.891103006893));
#3611 = CARTESIAN_POINT('',(15.957420148354,0.892096292313));
#3612 = CARTESIAN_POINT('',(15.964524461654,0.893089427479));
#3613 = CARTESIAN_POINT('',(15.971747915164,0.894082402662));
#3614 = CARTESIAN_POINT('',(15.990644666367,0.896635413858));
#3615 = CARTESIAN_POINT('',(16.002498504713,0.898194887966));
#3616 = CARTESIAN_POINT('',(16.014689662447,0.899754107948));
#3617 = CARTESIAN_POINT('',(16.027245292619,0.901313282988));
#3618 = CARTESIAN_POINT('',(16.04016951772,0.902872050917));
#3619 = CARTESIAN_POINT('',(16.053497175567,0.904430721449));
#3620 = CARTESIAN_POINT('',(16.082246155104,0.907689187096));
#3621 = CARTESIAN_POINT('',(16.097749406068,0.909389031784));
#3622 = CARTESIAN_POINT('',(16.113786413871,0.911088601406));
#3623 = CARTESIAN_POINT('',(16.130390742242,0.912787920831));
#3624 = CARTESIAN_POINT('',(16.147597813624,0.914487050504));
#3625 = CARTESIAN_POINT('',(16.165443172174,0.916186045805));
#3626 = CARTESIAN_POINT('',(16.223045532278,0.921470698851));
#3627 = CARTESIAN_POINT('',(16.264044095697,0.924956752377));
#3628 = CARTESIAN_POINT('',(16.30688421239,0.92833560797));
#3629 = CARTESIAN_POINT('',(16.351364137723,0.93160007825));
#3630 = CARTESIAN_POINT('',(16.396982775667,0.934744441495));
#3631 = CARTESIAN_POINT('',(16.443000838703,0.937775235391));
#3632 = CARTESIAN_POINT('',(16.529566133262,0.943315793343));
#3633 = CARTESIAN_POINT('',(16.570160736406,0.945846315622));
#3634 = CARTESIAN_POINT('',(16.610117982268,0.948306483161));
#3635 = CARTESIAN_POINT('',(16.649024293266,0.950710202444));
#3636 = CARTESIAN_POINT('',(16.686659359945,0.953072746222));
#3637 = CARTESIAN_POINT('',(16.722930423571,0.955406572157));
#3638 = CARTESIAN_POINT('',(16.779469242073,0.959158929234));
#3639 = CARTESIAN_POINT('',(16.800709214979,0.960596833304));
#3640 = CARTESIAN_POINT('',(16.821484679641,0.962035516791));
#3641 = CARTESIAN_POINT('',(16.841762806452,0.96347480485));
#3642 = CARTESIAN_POINT('',(16.861527742823,0.964914565604));
#3643 = CARTESIAN_POINT('',(16.880775992525,0.966354669786));
#3644 = CARTESIAN_POINT('',(16.914418077987,0.968940843646));
#3645 = CARTESIAN_POINT('',(16.929015103112,0.970088034008));
#3646 = CARTESIAN_POINT('',(16.94331337602,0.971237122599));
#3647 = CARTESIAN_POINT('',(16.957323488755,0.972388629618));
#3648 = CARTESIAN_POINT('',(16.971056119782,0.973542994332));
#3649 = CARTESIAN_POINT('',(16.984522033987,0.97470057507));
#3650 = CARTESIAN_POINT('',(17.03606287436,0.979230667211));
#3651 = CARTESIAN_POINT('',(17.072223303598,0.982629514872));
#3652 = CARTESIAN_POINT('',(17.106874783816,0.98605579012));
#3653 = CARTESIAN_POINT('',(17.140330452933,0.989507558993));
#3654 = CARTESIAN_POINT('',(17.172836440819,0.992983333829));
#3655 = CARTESIAN_POINT('',(17.204564581675,0.996481381696));
#3656 = CARTESIAN_POINT('',(17.235653269895,1.));
#3657 = ( GEOMETRIC_REPRESENTATION_CONTEXT(2) 
PARAMETRIC_REPRESENTATION_CONTEXT() REPRESENTATION_CONTEXT('2D SPACE',''
  ) );
#3658 = ORIENTED_EDGE('',*,*,#3659,.T.);
#3659 = EDGE_CURVE('',#3297,#3660,#3662,.T.);
#3660 = VERTEX_POINT('',#3661);
#3661 = CARTESIAN_POINT('',(-21.24344576768,49.6,53.));
#3662 = SURFACE_CURVE('',#3663,(#3708,#3756),.PCURVE_S1.);
#3663 = B_SPLINE_CURVE_WITH_KNOTS('',7,(#3664,#3665,#3666,#3667,#3668,
    #3669,#3670,#3671,#3672,#3673,#3674,#3675,#3676,#3677,#3678,#3679,
    #3680,#3681,#3682,#3683,#3684,#3685,#3686,#3687,#3688,#3689,#3690,
    #3691,#3692,#3693,#3694,#3695,#3696,#3697,#3698,#3699,#3700,#3701,
    #3702,#3703,#3704,#3705,#3706,#3707),.UNSPECIFIED.,.F.,.F.,(8,6,6,6,
    6,6,6,8),(0.,4.329442242124E-02,0.273634963051,0.492349695891,
    0.729248757214,0.858200344965,0.927605978751,1.),.UNSPECIFIED.);
#3664 = CARTESIAN_POINT('',(-41.1986376561,49.6,49.));
#3665 = CARTESIAN_POINT('',(-41.07610747555,49.6,49.028703238133));
#3666 = CARTESIAN_POINT('',(-40.95356582635,49.6,49.057362954444));
#3667 = CARTESIAN_POINT('',(-40.83101273282,49.6,49.08597906227));
#3668 = CARTESIAN_POINT('',(-40.70844821542,49.6,49.114551463265));
#3669 = CARTESIAN_POINT('',(-40.58587229074,49.6,49.1430800474));
#3670 = CARTESIAN_POINT('',(-40.46328497153,49.6,49.171564692962));
#3671 = CARTESIAN_POINT('',(-39.6884209084,49.6,49.351318454963));
#3672 = CARTESIAN_POINT('',(-39.03583344469,49.6,49.501384194019));
#3673 = CARTESIAN_POINT('',(-38.38292489093,49.6,49.650182220314));
#3674 = CARTESIAN_POINT('',(-37.7296940417,49.6,49.79768399199));
#3675 = CARTESIAN_POINT('',(-37.07613764217,49.6,49.943852838436));
#3676 = CARTESIAN_POINT('',(-36.42225055947,49.6,50.088644109966));
#3677 = CARTESIAN_POINT('',(-35.14682154339,49.6,50.368130780321));
#3678 = CARTESIAN_POINT('',(-34.52531310819,49.6,50.502966809164));
#3679 = CARTESIAN_POINT('',(-33.90349464435,49.6,50.636468108439));
#3680 = CARTESIAN_POINT('',(-33.28135922319,49.6,50.768582798614));
#3681 = CARTESIAN_POINT('',(-32.65889878798,49.6,50.899251366636));
#3682 = CARTESIAN_POINT('',(-32.03610395051,49.6,51.028405606357));
#3683 = CARTESIAN_POINT('',(-30.73801465307,49.6,51.294135237184));
#3684 = CARTESIAN_POINT('',(-30.06266113687,49.6,51.430434793113));
#3685 = CARTESIAN_POINT('',(-29.38688868724,49.6,51.564766490497));
#3686 = CARTESIAN_POINT('',(-28.71068213401,49.6,51.697017493829));
#3687 = CARTESIAN_POINT('',(-28.03402485734,49.6,51.82705764443));
#3688 = CARTESIAN_POINT('',(-27.35689795639,49.6,51.954735236527));
#3689 = CARTESIAN_POINT('',(-26.31043039896,49.6,52.147989089577));
#3690 = CARTESIAN_POINT('',(-25.94143592214,49.6,52.215352700185));
#3691 = CARTESIAN_POINT('',(-25.57229247557,49.6,52.281934845901));
#3692 = CARTESIAN_POINT('',(-25.20299648937,49.6,52.347704384051));
#3693 = CARTESIAN_POINT('',(-24.83354425538,49.6,52.412627368161));
#3694 = CARTESIAN_POINT('',(-24.4639318467,49.6,52.476666607563));
#3695 = CARTESIAN_POINT('',(-23.89513000568,49.6,52.573751418763));
#3696 = CARTESIAN_POINT('',(-23.69605736812,49.6,52.607453733358));
#3697 = CARTESIAN_POINT('',(-23.49693648018,49.6,52.640881826187));
#3698 = CARTESIAN_POINT('',(-23.29776668427,49.6,52.674028987663));
#3699 = CARTESIAN_POINT('',(-23.09854730958,49.6,52.706888143212));
#3700 = CARTESIAN_POINT('',(-22.89927767209,49.6,52.739451853276));
#3701 = CARTESIAN_POINT('',(-22.49205436142,49.6,52.805361806899));
#3702 = CARTESIAN_POINT('',(-22.28409618089,49.6,52.83868110658));
#3703 = CARTESIAN_POINT('',(-22.07608195016,49.6,52.871662916519));
#3704 = CARTESIAN_POINT('',(-21.86801020163,49.6,52.90429314653));
#3705 = CARTESIAN_POINT('',(-21.65988131403,49.6,52.936569964651));
#3706 = CARTESIAN_POINT('',(-21.45169312105,49.6,52.96847372843));
#3707 = CARTESIAN_POINT('',(-21.24344576768,49.6,53.));
#3708 = PCURVE('',#356,#3709);
#3709 = DEFINITIONAL_REPRESENTATION('',(#3710),#3755);
#3710 = B_SPLINE_CURVE_WITH_KNOTS('',7,(#3711,#3712,#3713,#3714,#3715,
    #3716,#3717,#3718,#3719,#3720,#3721,#3722,#3723,#3724,#3725,#3726,
    #3727,#3728,#3729,#3730,#3731,#3732,#3733,#3734,#3735,#3736,#3737,
    #3738,#3739,#3740,#3741,#3742,#3743,#3744,#3745,#3746,#3747,#3748,
    #3749,#3750,#3751,#3752,#3753,#3754),.UNSPECIFIED.,.F.,.F.,(8,6,6,6,
    6,6,6,8),(0.,4.329442242124E-02,0.273634963051,0.492349695891,
    0.729248757214,0.858200344965,0.927605978751,1.),.UNSPECIFIED.);
#3711 = CARTESIAN_POINT('',(49.,128.80136234389));
#3712 = CARTESIAN_POINT('',(49.028703238133,128.92389252444));
#3713 = CARTESIAN_POINT('',(49.057362954444,129.04643417364));
#3714 = CARTESIAN_POINT('',(49.08597906227,129.16898726717));
#3715 = CARTESIAN_POINT('',(49.114551463265,129.29155178457));
#3716 = CARTESIAN_POINT('',(49.1430800474,129.41412770925));
#3717 = CARTESIAN_POINT('',(49.171564692962,129.53671502846));
#3718 = CARTESIAN_POINT('',(49.351318454963,130.31157909159));
#3719 = CARTESIAN_POINT('',(49.501384194019,130.9641665553));
#3720 = CARTESIAN_POINT('',(49.650182220314,131.61707510906));
#3721 = CARTESIAN_POINT('',(49.79768399199,132.27030595829));
#3722 = CARTESIAN_POINT('',(49.943852838436,132.92386235782));
#3723 = CARTESIAN_POINT('',(50.088644109966,133.57774944052));
#3724 = CARTESIAN_POINT('',(50.368130780321,134.8531784566));
#3725 = CARTESIAN_POINT('',(50.502966809164,135.47468689181));
#3726 = CARTESIAN_POINT('',(50.636468108439,136.09650535564));
#3727 = CARTESIAN_POINT('',(50.768582798614,136.7186407768));
#3728 = CARTESIAN_POINT('',(50.899251366636,137.34110121201));
#3729 = CARTESIAN_POINT('',(51.028405606357,137.96389604948));
#3730 = CARTESIAN_POINT('',(51.294135237184,139.26198534692));
#3731 = CARTESIAN_POINT('',(51.430434793113,139.93733886312));
#3732 = CARTESIAN_POINT('',(51.564766490497,140.61311131275));
#3733 = CARTESIAN_POINT('',(51.697017493829,141.28931786598));
#3734 = CARTESIAN_POINT('',(51.82705764443,141.96597514266));
#3735 = CARTESIAN_POINT('',(51.954735236527,142.6431020436));
#3736 = CARTESIAN_POINT('',(52.147989089577,143.68956960103));
#3737 = CARTESIAN_POINT('',(52.215352700185,144.05856407785));
#3738 = CARTESIAN_POINT('',(52.281934845901,144.42770752442));
#3739 = CARTESIAN_POINT('',(52.347704384051,144.79700351062));
#3740 = CARTESIAN_POINT('',(52.412627368161,145.16645574461));
#3741 = CARTESIAN_POINT('',(52.476666607563,145.53606815329));
#3742 = CARTESIAN_POINT('',(52.573751418763,146.10486999431));
#3743 = CARTESIAN_POINT('',(52.607453733358,146.30394263187));
#3744 = CARTESIAN_POINT('',(52.640881826187,146.50306351981));
#3745 = CARTESIAN_POINT('',(52.674028987663,146.70223331572));
#3746 = CARTESIAN_POINT('',(52.706888143212,146.90145269041));
#3747 = CARTESIAN_POINT('',(52.739451853276,147.1007223279));
#3748 = CARTESIAN_POINT('',(52.805361806899,147.50794563858));
#3749 = CARTESIAN_POINT('',(52.83868110658,147.71590381911));
#3750 = CARTESIAN_POINT('',(52.871662916519,147.92391804983));
#3751 = CARTESIAN_POINT('',(52.90429314653,148.13198979836));
#3752 = CARTESIAN_POINT('',(52.936569964651,148.34011868596));
#3753 = CARTESIAN_POINT('',(52.96847372843,148.54830687894));
#3754 = CARTESIAN_POINT('',(53.,148.75655423231));
#3755 = ( GEOMETRIC_REPRESENTATION_CONTEXT(2) 
PARAMETRIC_REPRESENTATION_CONTEXT() REPRESENTATION_CONTEXT('2D SPACE',''
  ) );
#3756 = PCURVE('',#3757,#3812);
#3757 = B_SPLINE_SURFACE_WITH_KNOTS('',3,1,(
    (#3758,#3759)
    ,(#3760,#3761)
    ,(#3762,#3763)
    ,(#3764,#3765)
    ,(#3766,#3767)
    ,(#3768,#3769)
    ,(#3770,#3771)
    ,(#3772,#3773)
    ,(#3774,#3775)
    ,(#3776,#3777)
    ,(#3778,#3779)
    ,(#3780,#3781)
    ,(#3782,#3783)
    ,(#3784,#3785)
    ,(#3786,#3787)
    ,(#3788,#3789)
    ,(#3790,#3791)
    ,(#3792,#3793)
    ,(#3794,#3795)
    ,(#3796,#3797)
    ,(#3798,#3799)
    ,(#3800,#3801)
    ,(#3802,#3803)
    ,(#3804,#3805)
    ,(#3806,#3807)
    ,(#3808,#3809)
    ,(#3810,#3811
    )),.UNSPECIFIED.,.T.,.F.,.F.,(1,1,2,1,1,1,1,1,1,1,1,1,1,1,1,1,1,1,1,
    1,1,1,1,1,1,1,2,1,1),(2,2),(-2.,-1.,0.,1.,2.,3.,4.,5.,6.,7.,8.,9.,
    10.,11.,12.,13.,14.,15.,16.,17.,18.,19.,20.,21.,22.,23.,24.,25.,26.)
  ,(0.,1.),.UNSPECIFIED.);
#3758 = CARTESIAN_POINT('',(81.584366502647,87.799747438187,49.));
#3759 = CARTESIAN_POINT('',(75.57288686561,91.277660784847,53.));
#3760 = CARTESIAN_POINT('',(92.658944185467,106.44229139306,49.));
#3761 = CARTESIAN_POINT('',(85.831443034959,108.54654360621,53.));
#3762 = CARTESIAN_POINT('',(96.980576950262,129.54012708398,49.));
#3763 = CARTESIAN_POINT('',(89.834639701295,129.94243350937,53.));
#3764 = CARTESIAN_POINT('',(90.791727115412,166.98758323647,49.));
#3765 = CARTESIAN_POINT('',(84.101810380592,164.63060341905,53.));
#3766 = CARTESIAN_POINT('',(86.037352226809,175.54979001152,49.));
#3767 = CARTESIAN_POINT('',(79.697757852202,172.56191074752,53.));
#3768 = CARTESIAN_POINT('',(74.009392665848,197.46352332101,49.));
#3769 = CARTESIAN_POINT('',(68.556068995733,192.86094791841,53.));
#3770 = CARTESIAN_POINT('',(48.050224742997,218.61798421153,49.));
#3771 = CARTESIAN_POINT('',(44.509681867197,212.4566590591,53.));
#3772 = CARTESIAN_POINT('',(26.409761718283,227.22044992069,49.));
#3773 = CARTESIAN_POINT('',(24.463779275883,220.4252588739,53.));
#3774 = CARTESIAN_POINT('',(-2.140697450134E-04,231.38970734277,49.));
#3775 = CARTESIAN_POINT('',(-1.982961848565E-04,224.28730785436,53.));
#3776 = CARTESIAN_POINT('',(-26.4089054393,227.22072070819,49.));
#3777 = CARTESIAN_POINT('',(-24.46298609114,220.42550970864,53.));
#3778 = CARTESIAN_POINT('',(-48.05322171942,218.61690106152,49.));
#3779 = CARTESIAN_POINT('',(-44.51245801378,212.45565572015,53.));
#3780 = CARTESIAN_POINT('',(-73.9982610391,197.46758513354,49.));
#3781 = CARTESIAN_POINT('',(-68.54575759412,192.86471043949,53.));
#3782 = CARTESIAN_POINT('',(-86.07888175734,175.53462591142,49.));
#3783 = CARTESIAN_POINT('',(-79.73622731206,172.54786400216,53.));
#3784 = CARTESIAN_POINT('',(-90.63674062002,167.04417782434,49.));
#3785 = CARTESIAN_POINT('',(-83.95824394275,164.68302787939,53.));
#3786 = CARTESIAN_POINT('',(-97.55899340129,129.32891283259,49.));
#3787 = CARTESIAN_POINT('',(-90.37043599277,129.74678241334,53.));
#3788 = CARTESIAN_POINT('',(-88.33944849433,95.681635965305,49.));
#3789 = CARTESIAN_POINT('',(-81.8302259737,98.578778578388,53.));
#3790 = CARTESIAN_POINT('',(-71.8131446857,70.67065979995,49.));
#3791 = CARTESIAN_POINT('',(-66.52164981412,75.410716446269,53.));
#3792 = CARTESIAN_POINT('',(-53.18275364051,56.066573701171,49.));
#3793 = CARTESIAN_POINT('',(-49.26402442489,61.882720902137,53.));
#3794 = CARTESIAN_POINT('',(-49.28295632513,53.046317442488,49.));
#3795 = CARTESIAN_POINT('',(-45.65158059591,59.085009841463,53.));
#3796 = CARTESIAN_POINT('',(-22.24133288953,41.135257248206,49.));
#3797 = CARTESIAN_POINT('',(-20.60249783451,48.051606714128,53.));
#3798 = CARTESIAN_POINT('',(2.981612572915E-03,39.431428481847,49.));
#3799 = CARTESIAN_POINT('',(2.761914804386E-03,46.47332322529,53.));
#3800 = CARTESIAN_POINT('',(22.229406439245,41.139028824405,49.));
#3801 = CARTESIAN_POINT('',(20.591450175301,48.055100384712,53.));
#3802 = CARTESIAN_POINT('',(49.324698901155,53.031231137693,49.));
#3803 = CARTESIAN_POINT('',(45.690247403175,59.071035159126,53.));
#3804 = CARTESIAN_POINT('',(53.027709786721,56.123147344154,49.));
#3805 = CARTESIAN_POINT('',(49.120404855068,61.935125960901,53.));
#3806 = CARTESIAN_POINT('',(72.391577524851,70.459451532812,49.));
#3807 = CARTESIAN_POINT('',(67.057461286178,75.215070893552,53.));
#3808 = CARTESIAN_POINT('',(81.584366502647,87.799747438187,49.));
#3809 = CARTESIAN_POINT('',(75.57288686561,91.277660784847,53.));
#3810 = CARTESIAN_POINT('',(92.658944185467,106.44229139306,49.));
#3811 = CARTESIAN_POINT('',(85.831443034959,108.54654360621,53.));
#3812 = DEFINITIONAL_REPRESENTATION('',(#3813),#3858);
#3813 = B_SPLINE_CURVE_WITH_KNOTS('',7,(#3814,#3815,#3816,#3817,#3818,
    #3819,#3820,#3821,#3822,#3823,#3824,#3825,#3826,#3827,#3828,#3829,
    #3830,#3831,#3832,#3833,#3834,#3835,#3836,#3837,#3838,#3839,#3840,
    #3841,#3842,#3843,#3844,#3845,#3846,#3847,#3848,#3849,#3850,#3851,
    #3852,#3853,#3854,#3855,#3856,#3857),.UNSPECIFIED.,.F.,.F.,(8,6,6,6,
    6,6,6,8),(0.,4.329442242124E-02,0.273634963051,0.492349695891,
    0.729248757214,0.858200344965,0.927605978751,1.),.UNSPECIFIED.);
#3814 = CARTESIAN_POINT('',(17.235653269895,0.));
#3815 = CARTESIAN_POINT('',(17.240653502642,7.17580953337E-03));
#3816 = CARTESIAN_POINT('',(17.245638142601,1.434073861106E-02));
#3817 = CARTESIAN_POINT('',(17.250607743408,2.149476556752E-02));
#3818 = CARTESIAN_POINT('',(17.255562837187,2.863786581631E-02));
#3819 = CARTESIAN_POINT('',(17.260503934544,3.577001185005E-02));
#3820 = CARTESIAN_POINT('',(17.265431524572,4.289117324045E-02));
#3821 = CARTESIAN_POINT('',(17.296493095736,8.782961374064E-02));
#3822 = CARTESIAN_POINT('',(17.322271229125,0.125346048505));
#3823 = CARTESIAN_POINT('',(17.347750439829,0.162545555078));
#3824 = CARTESIAN_POINT('',(17.372987576522,0.199420997998));
#3825 = CARTESIAN_POINT('',(17.398029757748,0.235963209609));
#3826 = CARTESIAN_POINT('',(17.422917757922,0.272161027491));
#3827 = CARTESIAN_POINT('',(17.471210748317,0.34203269508));
#3828 = CARTESIAN_POINT('',(17.494627062728,0.375741702291));
#3829 = CARTESIAN_POINT('',(17.517970098044,0.40911702711));
#3830 = CARTESIAN_POINT('',(17.541268465967,0.442145699654));
#3831 = CARTESIAN_POINT('',(17.564548512878,0.474812841659));
#3832 = CARTESIAN_POINT('',(17.587835204271,0.507101401589));
#3833 = CARTESIAN_POINT('',(17.636409497546,0.573533809296));
#3834 = CARTESIAN_POINT('',(17.661702432915,0.607608698278));
#3835 = CARTESIAN_POINT('',(17.687062821735,0.641191622624));
#3836 = CARTESIAN_POINT('',(17.712520711225,0.674254373457));
#3837 = CARTESIAN_POINT('',(17.738106103088,0.706764411107));
#3838 = CARTESIAN_POINT('',(17.763849867216,0.738683809132));
#3839 = CARTESIAN_POINT('',(17.803901773848,0.786997272394));
#3840 = CARTESIAN_POINT('',(17.818075484314,0.803838175046));
#3841 = CARTESIAN_POINT('',(17.832311057558,0.820483711475));
#3842 = CARTESIAN_POINT('',(17.846613910779,0.836926096013));
#3843 = CARTESIAN_POINT('',(17.860989668023,0.85315684204));
#3844 = CARTESIAN_POINT('',(17.875444220625,0.869166651891));
#3845 = CARTESIAN_POINT('',(17.897809421113,0.893437854691));
#3846 = CARTESIAN_POINT('',(17.905659683875,0.901863433339));
#3847 = CARTESIAN_POINT('',(17.913535541296,0.910220456547));
#3848 = CARTESIAN_POINT('',(17.921437991721,0.918507246916));
#3849 = CARTESIAN_POINT('',(17.929368066453,0.926722035803));
#3850 = CARTESIAN_POINT('',(17.937326829757,0.934862963319));
#3851 = CARTESIAN_POINT('',(17.953647889659,0.951340451725));
#3852 = CARTESIAN_POINT('',(17.962012853081,0.959670276645));
#3853 = CARTESIAN_POINT('',(17.970411228702,0.96791572913));
#3854 = CARTESIAN_POINT('',(17.978845165289,0.976073286633));
#3855 = CARTESIAN_POINT('',(17.987314533315,0.984142491163));
#3856 = CARTESIAN_POINT('',(17.995822394732,0.992118432107));
#3857 = CARTESIAN_POINT('',(18.004368985749,1.));
#3858 = ( GEOMETRIC_REPRESENTATION_CONTEXT(2) 
PARAMETRIC_REPRESENTATION_CONTEXT() REPRESENTATION_CONTEXT('2D SPACE',''
  ) );
#3859 = ORIENTED_EDGE('',*,*,#3860,.F.);
#3860 = EDGE_CURVE('',#3861,#3660,#3863,.T.);
#3861 = VERTEX_POINT('',#3862);
#3862 = CARTESIAN_POINT('',(21.243263381482,49.6,53.));
#3863 = SURFACE_CURVE('',#3864,(#3868,#3874),.PCURVE_S1.);
#3864 = LINE('',#3865,#3866);
#3865 = CARTESIAN_POINT('',(-44.64891752485,49.6,53.));
#3866 = VECTOR('',#3867,1.);
#3867 = DIRECTION('',(-1.,0.,0.));
#3868 = PCURVE('',#356,#3869);
#3869 = DEFINITIONAL_REPRESENTATION('',(#3870),#3873);
#3870 = B_SPLINE_CURVE_WITH_KNOTS('',1,(#3871,#3872),.UNSPECIFIED.,.F.,
  .F.,(2,2),(-102.8306598029,-19.21847968709),.PIECEWISE_BEZIER_KNOTS.);
#3871 = CARTESIAN_POINT('',(53.,228.18174227806));
#3872 = CARTESIAN_POINT('',(53.,144.56956216223));
#3873 = ( GEOMETRIC_REPRESENTATION_CONTEXT(2) 
PARAMETRIC_REPRESENTATION_CONTEXT() REPRESENTATION_CONTEXT('2D SPACE',''
  ) );
#3874 = PCURVE('',#3875,#3880);
#3875 = PLANE('',#3876);
#3876 = AXIS2_PLACEMENT_3D('',#3877,#3878,#3879);
#3877 = CARTESIAN_POINT('',(80.702164950285,99.912102195528,53.));
#3878 = DIRECTION('',(0.,0.,1.));
#3879 = DIRECTION('',(-0.905349659688,0.424666920896,0.));
#3880 = DEFINITIONAL_REPRESENTATION('',(#3881),#3884);
#3881 = B_SPLINE_CURVE_WITH_KNOTS('',1,(#3882,#3883),.UNSPECIFIED.,.F.,
  .F.,(2,2),(-102.8306598029,-19.21847968709),.PIECEWISE_BEZIER_KNOTS.);
#3882 = CARTESIAN_POINT('',(-0.977028520872,55.113723154383));
#3883 = CARTESIAN_POINT('',(74.721230292746,90.621050233586));
#3884 = ( GEOMETRIC_REPRESENTATION_CONTEXT(2) 
PARAMETRIC_REPRESENTATION_CONTEXT() REPRESENTATION_CONTEXT('2D SPACE',''
  ) );
#3885 = ORIENTED_EDGE('',*,*,#3886,.F.);
#3886 = EDGE_CURVE('',#3887,#3861,#3889,.T.);
#3887 = VERTEX_POINT('',#3888);
#3888 = CARTESIAN_POINT('',(41.218054754843,49.6,49.));
#3889 = SURFACE_CURVE('',#3890,(#3929,#3971),.PCURVE_S1.);
#3890 = B_SPLINE_CURVE_WITH_KNOTS('',7,(#3891,#3892,#3893,#3894,#3895,
    #3896,#3897,#3898,#3899,#3900,#3901,#3902,#3903,#3904,#3905,#3906,
    #3907,#3908,#3909,#3910,#3911,#3912,#3913,#3914,#3915,#3916,#3917,
    #3918,#3919,#3920,#3921,#3922,#3923,#3924,#3925,#3926,#3927,#3928),
  .UNSPECIFIED.,.F.,.F.,(8,6,6,6,6,6,8),(0.,6.844034496024E-02,
    0.505719892437,0.736611630282,0.862763808223,0.930011285404,1.),
  .UNSPECIFIED.);
#3891 = CARTESIAN_POINT('',(41.218054754843,49.6,49.));
#3892 = CARTESIAN_POINT('',(41.024192541456,49.6,49.045488847772));
#3893 = CARTESIAN_POINT('',(40.830300119906,49.6,49.090863009112));
#3894 = CARTESIAN_POINT('',(40.636377658015,49.6,49.136122390368));
#3895 = CARTESIAN_POINT('',(40.4424252963,49.6,49.181266811983));
#3896 = CARTESIAN_POINT('',(40.248443147968,49.6,49.226296008495));
#3897 = CARTESIAN_POINT('',(40.054431298921,49.6,49.271209628535));
#3898 = CARTESIAN_POINT('',(38.62061850766,49.6,49.602228425252));
#3899 = CARTESIAN_POINT('',(37.379641555598,49.6,49.88371288317));
#3900 = CARTESIAN_POINT('',(36.137467672545,49.6,50.160349394484));
#3901 = CARTESIAN_POINT('',(34.894075909779,49.6,50.43189602751));
#3902 = CARTESIAN_POINT('',(33.649428305222,49.6,50.698012983983));
#3903 = CARTESIAN_POINT('',(32.403465533893,49.6,50.958243302603));
#3904 = CARTESIAN_POINT('',(30.497462762286,49.6,51.345931512979));
#3905 = CARTESIAN_POINT('',(29.838438551966,49.6,51.478084706829));
#3906 = CARTESIAN_POINT('',(29.179010997155,49.6,51.608329938071));
#3907 = CARTESIAN_POINT('',(28.519166396825,49.6,51.736562310471));
#3908 = CARTESIAN_POINT('',(27.858889683902,49.6,51.862660713202));
#3909 = CARTESIAN_POINT('',(27.198163677062,49.6,51.986483995373));
#3910 = CARTESIAN_POINT('',(26.175711435514,49.6,52.174187175546));
#3911 = CARTESIAN_POINT('',(25.814314627654,49.6,52.239778707415));
#3912 = CARTESIAN_POINT('',(25.452774675847,49.6,52.304614679592));
#3913 = CARTESIAN_POINT('',(25.091088290158,49.6,52.368665815959));
#3914 = CARTESIAN_POINT('',(24.729252050264,49.6,52.431900215859));
#3915 = CARTESIAN_POINT('',(24.367262331908,49.6,52.494282949091));
#3916 = CARTESIAN_POINT('',(23.81206681244,49.6,52.58855533914));
#3917 = CARTESIAN_POINT('',(23.618973687874,49.6,52.621082096632));
#3918 = CARTESIAN_POINT('',(23.425835281653,49.6,52.653350136933));
#3919 = CARTESIAN_POINT('',(23.232651003799,49.6,52.685353347578));
#3920 = CARTESIAN_POINT('',(23.039420252353,49.6,52.717085290094));
#3921 = CARTESIAN_POINT('',(22.846142413384,49.6,52.748539199993));
#3922 = CARTESIAN_POINT('',(22.451610697137,49.6,52.812147320033));
#3923 = CARTESIAN_POINT('',(22.250352826769,49.6,52.844277563607));
#3924 = CARTESIAN_POINT('',(22.049042739964,49.6,52.876092179619));
#3925 = CARTESIAN_POINT('',(21.847679100332,49.6,52.907578325238));
#3926 = CARTESIAN_POINT('',(21.646262294138,49.6,52.938734623864));
#3927 = CARTESIAN_POINT('',(21.444790328927,49.6,52.96954307762));
#3928 = CARTESIAN_POINT('',(21.243263381482,49.6,53.));
#3929 = PCURVE('',#356,#3930);
#3930 = DEFINITIONAL_REPRESENTATION('',(#3931),#3970);
#3931 = B_SPLINE_CURVE_WITH_KNOTS('',7,(#3932,#3933,#3934,#3935,#3936,
    #3937,#3938,#3939,#3940,#3941,#3942,#3943,#3944,#3945,#3946,#3947,
    #3948,#3949,#3950,#3951,#3952,#3953,#3954,#3955,#3956,#3957,#3958,
    #3959,#3960,#3961,#3962,#3963,#3964,#3965,#3966,#3967,#3968,#3969),
  .UNSPECIFIED.,.F.,.F.,(8,6,6,6,6,6,8),(0.,6.844034496024E-02,
    0.505719892437,0.736611630282,0.862763808223,0.930011285404,1.),
  .UNSPECIFIED.);
#3932 = CARTESIAN_POINT('',(49.,211.21805475484));
#3933 = CARTESIAN_POINT('',(49.045488847772,211.02419254145));
#3934 = CARTESIAN_POINT('',(49.090863009112,210.8303001199));
#3935 = CARTESIAN_POINT('',(49.136122390368,210.63637765801));
#3936 = CARTESIAN_POINT('',(49.181266811983,210.4424252963));
#3937 = CARTESIAN_POINT('',(49.226296008495,210.24844314796));
#3938 = CARTESIAN_POINT('',(49.271209628535,210.05443129892));
#3939 = CARTESIAN_POINT('',(49.602228425252,208.62061850766));
#3940 = CARTESIAN_POINT('',(49.88371288317,207.37964155559));
#3941 = CARTESIAN_POINT('',(50.160349394484,206.13746767254));
#3942 = CARTESIAN_POINT('',(50.43189602751,204.89407590977));
#3943 = CARTESIAN_POINT('',(50.698012983983,203.64942830522));
#3944 = CARTESIAN_POINT('',(50.958243302603,202.40346553389));
#3945 = CARTESIAN_POINT('',(51.345931512979,200.49746276228));
#3946 = CARTESIAN_POINT('',(51.478084706829,199.83843855196));
#3947 = CARTESIAN_POINT('',(51.608329938071,199.17901099715));
#3948 = CARTESIAN_POINT('',(51.736562310471,198.51916639682));
#3949 = CARTESIAN_POINT('',(51.862660713202,197.8588896839));
#3950 = CARTESIAN_POINT('',(51.986483995373,197.19816367706));
#3951 = CARTESIAN_POINT('',(52.174187175546,196.17571143551));
#3952 = CARTESIAN_POINT('',(52.239778707415,195.81431462765));
#3953 = CARTESIAN_POINT('',(52.304614679592,195.45277467584));
#3954 = CARTESIAN_POINT('',(52.368665815959,195.09108829015));
#3955 = CARTESIAN_POINT('',(52.431900215859,194.72925205026));
#3956 = CARTESIAN_POINT('',(52.494282949091,194.3672623319));
#3957 = CARTESIAN_POINT('',(52.58855533914,193.81206681244));
#3958 = CARTESIAN_POINT('',(52.621082096632,193.61897368787));
#3959 = CARTESIAN_POINT('',(52.653350136933,193.42583528165));
#3960 = CARTESIAN_POINT('',(52.685353347578,193.23265100379));
#3961 = CARTESIAN_POINT('',(52.717085290094,193.03942025235));
#3962 = CARTESIAN_POINT('',(52.748539199993,192.84614241338));
#3963 = CARTESIAN_POINT('',(52.812147320033,192.45161069713));
#3964 = CARTESIAN_POINT('',(52.844277563607,192.25035282676));
#3965 = CARTESIAN_POINT('',(52.876092179619,192.04904273996));
#3966 = CARTESIAN_POINT('',(52.907578325238,191.84767910033));
#3967 = CARTESIAN_POINT('',(52.938734623864,191.64626229413));
#3968 = CARTESIAN_POINT('',(52.96954307762,191.44479032892));
#3969 = CARTESIAN_POINT('',(53.,191.24326338148));
#3970 = ( GEOMETRIC_REPRESENTATION_CONTEXT(2) 
PARAMETRIC_REPRESENTATION_CONTEXT() REPRESENTATION_CONTEXT('2D SPACE',''
  ) );
#3971 = PCURVE('',#3757,#3972);
#3972 = DEFINITIONAL_REPRESENTATION('',(#3973),#4012);
#3973 = B_SPLINE_CURVE_WITH_KNOTS('',7,(#3974,#3975,#3976,#3977,#3978,
    #3979,#3980,#3981,#3982,#3983,#3984,#3985,#3986,#3987,#3988,#3989,
    #3990,#3991,#3992,#3993,#3994,#3995,#3996,#3997,#3998,#3999,#4000,
    #4001,#4002,#4003,#4004,#4005,#4006,#4007,#4008,#4009,#4010,#4011),
  .UNSPECIFIED.,.F.,.F.,(8,6,6,6,6,6,8),(0.,6.844034496024E-02,
    0.505719892437,0.736611630282,0.862763808223,0.930011285404,1.),
  .UNSPECIFIED.);
#3974 = CARTESIAN_POINT('',(20.764784329671,0.));
#3975 = CARTESIAN_POINT('',(20.756865507671,1.137221194307E-02));
#3976 = CARTESIAN_POINT('',(20.748986251195,2.271575227794E-02));
#3977 = CARTESIAN_POINT('',(20.741144349121,3.403059759191E-02));
#3978 = CARTESIAN_POINT('',(20.733337717972,4.531670299578E-02));
#3979 = CARTESIAN_POINT('',(20.725564401917,5.65740021238E-02));
#3980 = CARTESIAN_POINT('',(20.717822572768,6.780240713375E-02));
#3981 = CARTESIAN_POINT('',(20.660836690398,0.150557106313));
#3982 = CARTESIAN_POINT('',(20.612778471164,0.220928220793));
#3983 = CARTESIAN_POINT('',(20.565487780803,0.290087348621));
#3984 = CARTESIAN_POINT('',(20.518683750637,0.357974006878));
#3985 = CARTESIAN_POINT('',(20.472127316743,0.424503245996));
#3986 = CARTESIAN_POINT('',(20.425616667436,0.489560825651));
#3987 = CARTESIAN_POINT('',(20.3543179908,0.586482878245));
#3988 = CARTESIAN_POINT('',(20.329638394933,0.619521176707));
#3989 = CARTESIAN_POINT('',(20.304888265231,0.652082484518));
#3990 = CARTESIAN_POINT('',(20.280039602665,0.684140577618));
#3991 = CARTESIAN_POINT('',(20.255064334568,0.715665178301));
#3992 = CARTESIAN_POINT('',(20.229933494774,0.746620998843));
#3993 = CARTESIAN_POINT('',(20.19078392019,0.793546793886));
#3994 = CARTESIAN_POINT('',(20.176895843818,0.809944676854));
#3995 = CARTESIAN_POINT('',(20.16294716579,0.826153669898));
#3996 = CARTESIAN_POINT('',(20.148932733124,0.84216645399));
#3997 = CARTESIAN_POINT('',(20.134847192466,0.857975053965));
#3998 = CARTESIAN_POINT('',(20.120684933837,0.873570737273));
#3999 = CARTESIAN_POINT('',(20.098846558271,0.897138834785));
#4000 = CARTESIAN_POINT('',(20.091229597795,0.905270524158));
#4001 = CARTESIAN_POINT('',(20.083588259596,0.913337534233));
#4002 = CARTESIAN_POINT('',(20.075921620182,0.921338336895));
#4003 = CARTESIAN_POINT('',(20.068228725935,0.929271322523));
#4004 = CARTESIAN_POINT('',(20.060508593113,0.937134799998));
#4005 = CARTESIAN_POINT('',(20.044695971868,0.953036830008));
#4006 = CARTESIAN_POINT('',(20.036601088893,0.961069390902));
#4007 = CARTESIAN_POINT('',(20.028474688262,0.969023044905));
#4008 = CARTESIAN_POINT('',(20.020314768341,0.976894581309));
#4009 = CARTESIAN_POINT('',(20.012121504627,0.984683655966));
#4010 = CARTESIAN_POINT('',(20.003892023416,0.992385769405));
#4011 = CARTESIAN_POINT('',(19.995626167751,1.));
#4012 = ( GEOMETRIC_REPRESENTATION_CONTEXT(2) 
PARAMETRIC_REPRESENTATION_CONTEXT() REPRESENTATION_CONTEXT('2D SPACE',''
  ) );
#4013 = ORIENTED_EDGE('',*,*,#4014,.F.);
#4014 = EDGE_CURVE('',#2103,#3887,#4015,.T.);
#4015 = SURFACE_CURVE('',#4016,(#4103,#4193),.PCURVE_S1.);
#4016 = B_SPLINE_CURVE_WITH_KNOTS('',7,(#4017,#4018,#4019,#4020,#4021,
    #4022,#4023,#4024,#4025,#4026,#4027,#4028,#4029,#4030,#4031,#4032,
    #4033,#4034,#4035,#4036,#4037,#4038,#4039,#4040,#4041,#4042,#4043,
    #4044,#4045,#4046,#4047,#4048,#4049,#4050,#4051,#4052,#4053,#4054,
    #4055,#4056,#4057,#4058,#4059,#4060,#4061,#4062,#4063,#4064,#4065,
    #4066,#4067,#4068,#4069,#4070,#4071,#4072,#4073,#4074,#4075,#4076,
    #4077,#4078,#4079,#4080,#4081,#4082,#4083,#4084,#4085,#4086,#4087,
    #4088,#4089,#4090,#4091,#4092,#4093,#4094,#4095,#4096,#4097,#4098,
    #4099,#4100,#4101,#4102),.UNSPECIFIED.,.F.,.F.,(8,6,6,6,6,6,6,6,6,6,
    6,6,6,6,8),(0.,0.149017289302,0.355279593287,0.412766209886,
    0.624239758524,0.674804235229,0.739869739214,0.77657123042,
    0.795726802396,0.816622972395,0.862456410818,0.901222494606,
    0.925207968099,0.94431443269,1.),.UNSPECIFIED.);
#4017 = CARTESIAN_POINT('',(126.47900962921,49.6,37.));
#4018 = CARTESIAN_POINT('',(124.73439302892,49.6,37.416926245155));
#4019 = CARTESIAN_POINT('',(122.98803707365,49.6,37.826596609002));
#4020 = CARTESIAN_POINT('',(121.24002793237,49.6,38.229216007816));
#4021 = CARTESIAN_POINT('',(119.49043824116,49.6,38.624938859422));
#4022 = CARTESIAN_POINT('',(117.7393271026,49.6,39.013868866418));
#4023 = CARTESIAN_POINT('',(115.98674008508,49.6,39.396058799389));
#4024 = CARTESIAN_POINT('',(111.80486713245,49.6,40.291191505119));
#4025 = CARTESIAN_POINT('',(109.37427157054,49.6,40.797959336832));
#4026 = CARTESIAN_POINT('',(106.9409958999,49.6,41.291815892507));
#4027 = CARTESIAN_POINT('',(104.50508693102,49.6,41.772559323306));
#4028 = CARTESIAN_POINT('',(102.06655932647,49.6,42.239753586445));
#4029 = CARTESIAN_POINT('',(99.625382900397,49.6,42.692664057598));
#4030 = CARTESIAN_POINT('',(96.500326733009,49.6,43.25209160328));
#4031 = CARTESIAN_POINT('',(95.818978306505,49.6,43.372826579365));
#4032 = CARTESIAN_POINT('',(95.137415568578,49.6,43.492338418258));
#4033 = CARTESIAN_POINT('',(94.4556385885,49.6,43.610609691929));
#4034 = CARTESIAN_POINT('',(93.773640339409,49.6,43.727583614537));
#4035 = CARTESIAN_POINT('',(93.091421193946,49.6,43.843241912412));
#4036 = CARTESIAN_POINT('',(89.898505121755,49.6,44.378040462365));
#4037 = CARTESIAN_POINT('',(87.384985423339,49.6,44.78024694979));
#4038 = CARTESIAN_POINT('',(84.868363213283,49.6,45.162589150804));
#4039 = CARTESIAN_POINT('',(82.348647457315,49.6,45.523720274871));
#4040 = CARTESIAN_POINT('',(79.825944559554,49.6,45.862729139388));
#4041 = CARTESIAN_POINT('',(77.300485126776,49.6,46.179331455068));
#4042 = CARTESIAN_POINT('',(74.168217573059,49.6,46.544275951971));
#4043 = CARTESIAN_POINT('',(73.563658277055,49.6,46.613435713133));
#4044 = CARTESIAN_POINT('',(72.958965947876,49.6,46.681337839789));
#4045 = CARTESIAN_POINT('',(72.354145430352,49.6,46.747988911358));
#4046 = CARTESIAN_POINT('',(71.74920189629,49.6,46.813397564101));
#4047 = CARTESIAN_POINT('',(71.144140885611,49.6,46.877574518261));
#4048 = CARTESIAN_POINT('',(69.760242673676,49.6,47.021545994945));
#4049 = CARTESIAN_POINT('',(68.981332677183,49.6,47.100541157255));
#4050 = CARTESIAN_POINT('',(68.20225053299,49.6,47.177545422484));
#4051 = CARTESIAN_POINT('',(67.423010133095,49.6,47.252592201059));
#4052 = CARTESIAN_POINT('',(66.643627037862,49.6,47.325720639561));
#4053 = CARTESIAN_POINT('',(65.864119324869,49.6,47.396976847419));
#4054 = CARTESIAN_POINT('',(64.644754819764,49.6,47.505585620471));
#4055 = CARTESIAN_POINT('',(64.204968053443,49.6,47.544176611859));
#4056 = CARTESIAN_POINT('',(63.765152900612,49.6,47.582199710563));
#4057 = CARTESIAN_POINT('',(63.325314102102,49.6,47.619666026982));
#4058 = CARTESIAN_POINT('',(62.885457323747,49.6,47.656587818659));
#4059 = CARTESIAN_POINT('',(62.445589538156,49.6,47.692979055668));
#4060 = CARTESIAN_POINT('',(61.776138943274,49.6,47.747581936159));
#4061 = CARTESIAN_POINT('',(61.544932984427,49.6,47.766300277278));
#4062 = CARTESIAN_POINT('',(61.312072935041,49.6,47.78500957689));
#4063 = CARTESIAN_POINT('',(61.077509927552,49.6,47.803725799124));
#4064 = CARTESIAN_POINT('',(60.841164519858,49.6,47.82243104456));
#4065 = CARTESIAN_POINT('',(60.602939631842,49.6,47.841136498497));
#4066 = CARTESIAN_POINT('',(60.100655640162,49.6,47.88024361242));
#4067 = CARTESIAN_POINT('',(59.836231409742,49.6,47.900644342146));
#4068 = CARTESIAN_POINT('',(59.569312327942,49.6,47.921041916977));
#4069 = CARTESIAN_POINT('',(59.299738443263,49.6,47.941436624726));
#4070 = CARTESIAN_POINT('',(59.02731664575,49.6,47.96182914746));
#4071 = CARTESIAN_POINT('',(58.751820529919,49.6,47.982220113122));
#4072 = CARTESIAN_POINT('',(57.861406885492,49.6,48.047331835623));
#4073 = CARTESIAN_POINT('',(57.24987184877,49.6,48.090870843893));
#4074 = CARTESIAN_POINT('',(56.638391839596,49.6,48.133138048314));
#4075 = CARTESIAN_POINT('',(56.026958743382,49.6,48.174043874511));
#4076 = CARTESIAN_POINT('',(55.41553341205,49.6,48.21349913883));
#4077 = CARTESIAN_POINT('',(54.804059368327,49.6,48.251572795677));
#4078 = CARTESIAN_POINT('',(53.675227085089,49.6,48.319593604716));
#4079 = CARTESIAN_POINT('',(53.157894477035,49.6,48.349888700179));
#4080 = CARTESIAN_POINT('',(52.64046770646,49.6,48.379405705302));
#4081 = CARTESIAN_POINT('',(52.122926358678,49.6,48.408290787906));
#4082 = CARTESIAN_POINT('',(51.605266343182,49.6,48.436708128408));
#4083 = CARTESIAN_POINT('',(51.087492936923,49.6,48.464793257298));
#4084 = CARTESIAN_POINT('',(50.2491954327,49.6,48.509901840865));
#4085 = CARTESIAN_POINT('',(49.926960066145,49.6,48.527155420072));
#4086 = CARTESIAN_POINT('',(49.603441507489,49.6,48.544417838221));
#4087 = CARTESIAN_POINT('',(49.279110855727,49.6,48.561687129314));
#4088 = CARTESIAN_POINT('',(48.954379570899,49.6,48.578961816791));
#4089 = CARTESIAN_POINT('',(48.629599180246,49.6,48.596240443615));
#4090 = CARTESIAN_POINT('',(48.046538777147,49.6,48.627286613157));
#4091 = CARTESIAN_POINT('',(47.787999522426,49.6,48.641062637055));
#4092 = CARTESIAN_POINT('',(47.529444604557,49.6,48.654855945729));
#4093 = CARTESIAN_POINT('',(47.270875318177,49.6,48.66867241614));
#4094 = CARTESIAN_POINT('',(47.012292868195,49.6,48.682517030534));
#4095 = CARTESIAN_POINT('',(46.75369836979,49.6,48.696393876444));
#4096 = CARTESIAN_POINT('',(45.741390084673,49.6,48.750853295389));
#4097 = CARTESIAN_POINT('',(44.987594746977,49.6,48.791705709149));
#4098 = CARTESIAN_POINT('',(44.23374318288,49.6,48.832847943945));
#4099 = CARTESIAN_POINT('',(43.479853416144,49.6,48.874263220396));
#4100 = CARTESIAN_POINT('',(42.725938147273,49.6,48.91593854002));
#4101 = CARTESIAN_POINT('',(41.9720042675,49.6,48.957856661993));
#4102 = CARTESIAN_POINT('',(41.218054754843,49.6,49.));
#4103 = PCURVE('',#356,#4104);
#4104 = DEFINITIONAL_REPRESENTATION('',(#4105),#4192);
#4105 = B_SPLINE_CURVE_WITH_KNOTS('',7,(#4106,#4107,#4108,#4109,#4110,
    #4111,#4112,#4113,#4114,#4115,#4116,#4117,#4118,#4119,#4120,#4121,
    #4122,#4123,#4124,#4125,#4126,#4127,#4128,#4129,#4130,#4131,#4132,
    #4133,#4134,#4135,#4136,#4137,#4138,#4139,#4140,#4141,#4142,#4143,
    #4144,#4145,#4146,#4147,#4148,#4149,#4150,#4151,#4152,#4153,#4154,
    #4155,#4156,#4157,#4158,#4159,#4160,#4161,#4162,#4163,#4164,#4165,
    #4166,#4167,#4168,#4169,#4170,#4171,#4172,#4173,#4174,#4175,#4176,
    #4177,#4178,#4179,#4180,#4181,#4182,#4183,#4184,#4185,#4186,#4187,
    #4188,#4189,#4190,#4191),.UNSPECIFIED.,.F.,.F.,(8,6,6,6,6,6,6,6,6,6,
    6,6,6,6,8),(0.,0.149017289302,0.355279593287,0.412766209886,
    0.624239758524,0.674804235229,0.739869739214,0.77657123042,
    0.795726802396,0.816622972395,0.862456410818,0.901222494606,
    0.925207968099,0.94431443269,1.),.UNSPECIFIED.);
#4106 = CARTESIAN_POINT('',(37.,296.47900962921));
#4107 = CARTESIAN_POINT('',(37.416926245155,294.73439302892));
#4108 = CARTESIAN_POINT('',(37.826596609002,292.98803707365));
#4109 = CARTESIAN_POINT('',(38.229216007816,291.24002793237));
#4110 = CARTESIAN_POINT('',(38.624938859422,289.49043824116));
#4111 = CARTESIAN_POINT('',(39.013868866418,287.7393271026));
#4112 = CARTESIAN_POINT('',(39.396058799389,285.98674008508));
#4113 = CARTESIAN_POINT('',(40.291191505119,281.80486713245));
#4114 = CARTESIAN_POINT('',(40.797959336832,279.37427157054));
#4115 = CARTESIAN_POINT('',(41.291815892507,276.9409958999));
#4116 = CARTESIAN_POINT('',(41.772559323306,274.50508693102));
#4117 = CARTESIAN_POINT('',(42.239753586445,272.06655932647));
#4118 = CARTESIAN_POINT('',(42.692664057598,269.62538290039));
#4119 = CARTESIAN_POINT('',(43.25209160328,266.500326733));
#4120 = CARTESIAN_POINT('',(43.372826579365,265.8189783065));
#4121 = CARTESIAN_POINT('',(43.492338418258,265.13741556857));
#4122 = CARTESIAN_POINT('',(43.610609691929,264.4556385885));
#4123 = CARTESIAN_POINT('',(43.727583614537,263.7736403394));
#4124 = CARTESIAN_POINT('',(43.843241912412,263.09142119394));
#4125 = CARTESIAN_POINT('',(44.378040462365,259.89850512175));
#4126 = CARTESIAN_POINT('',(44.78024694979,257.38498542333));
#4127 = CARTESIAN_POINT('',(45.162589150804,254.86836321328));
#4128 = CARTESIAN_POINT('',(45.523720274871,252.34864745731));
#4129 = CARTESIAN_POINT('',(45.862729139388,249.82594455955));
#4130 = CARTESIAN_POINT('',(46.179331455068,247.30048512677));
#4131 = CARTESIAN_POINT('',(46.544275951971,244.16821757305));
#4132 = CARTESIAN_POINT('',(46.613435713133,243.56365827705));
#4133 = CARTESIAN_POINT('',(46.681337839789,242.95896594787));
#4134 = CARTESIAN_POINT('',(46.747988911358,242.35414543035));
#4135 = CARTESIAN_POINT('',(46.813397564101,241.74920189629));
#4136 = CARTESIAN_POINT('',(46.877574518261,241.14414088561));
#4137 = CARTESIAN_POINT('',(47.021545994945,239.76024267367));
#4138 = CARTESIAN_POINT('',(47.100541157255,238.98133267718));
#4139 = CARTESIAN_POINT('',(47.177545422484,238.20225053299));
#4140 = CARTESIAN_POINT('',(47.252592201059,237.42301013309));
#4141 = CARTESIAN_POINT('',(47.325720639561,236.64362703786));
#4142 = CARTESIAN_POINT('',(47.396976847419,235.86411932486));
#4143 = CARTESIAN_POINT('',(47.505585620471,234.64475481976));
#4144 = CARTESIAN_POINT('',(47.544176611859,234.20496805344));
#4145 = CARTESIAN_POINT('',(47.582199710563,233.76515290061));
#4146 = CARTESIAN_POINT('',(47.619666026982,233.3253141021));
#4147 = CARTESIAN_POINT('',(47.656587818659,232.88545732374));
#4148 = CARTESIAN_POINT('',(47.692979055668,232.44558953815));
#4149 = CARTESIAN_POINT('',(47.747581936159,231.77613894327));
#4150 = CARTESIAN_POINT('',(47.766300277278,231.54493298442));
#4151 = CARTESIAN_POINT('',(47.78500957689,231.31207293504));
#4152 = CARTESIAN_POINT('',(47.803725799124,231.07750992755));
#4153 = CARTESIAN_POINT('',(47.82243104456,230.84116451985));
#4154 = CARTESIAN_POINT('',(47.841136498497,230.60293963184));
#4155 = CARTESIAN_POINT('',(47.88024361242,230.10065564016));
#4156 = CARTESIAN_POINT('',(47.900644342146,229.83623140974));
#4157 = CARTESIAN_POINT('',(47.921041916977,229.56931232794));
#4158 = CARTESIAN_POINT('',(47.941436624726,229.29973844326));
#4159 = CARTESIAN_POINT('',(47.96182914746,229.02731664575));
#4160 = CARTESIAN_POINT('',(47.982220113122,228.75182052991));
#4161 = CARTESIAN_POINT('',(48.047331835623,227.86140688549));
#4162 = CARTESIAN_POINT('',(48.090870843893,227.24987184877));
#4163 = CARTESIAN_POINT('',(48.133138048314,226.63839183959));
#4164 = CARTESIAN_POINT('',(48.174043874511,226.02695874338));
#4165 = CARTESIAN_POINT('',(48.21349913883,225.41553341205));
#4166 = CARTESIAN_POINT('',(48.251572795677,224.80405936832));
#4167 = CARTESIAN_POINT('',(48.319593604716,223.67522708508));
#4168 = CARTESIAN_POINT('',(48.349888700179,223.15789447703));
#4169 = CARTESIAN_POINT('',(48.379405705302,222.64046770646));
#4170 = CARTESIAN_POINT('',(48.408290787906,222.12292635867));
#4171 = CARTESIAN_POINT('',(48.436708128408,221.60526634318));
#4172 = CARTESIAN_POINT('',(48.464793257298,221.08749293692));
#4173 = CARTESIAN_POINT('',(48.509901840865,220.2491954327));
#4174 = CARTESIAN_POINT('',(48.527155420072,219.92696006614));
#4175 = CARTESIAN_POINT('',(48.544417838221,219.60344150748));
#4176 = CARTESIAN_POINT('',(48.561687129314,219.27911085572));
#4177 = CARTESIAN_POINT('',(48.578961816791,218.95437957089));
#4178 = CARTESIAN_POINT('',(48.596240443615,218.62959918024));
#4179 = CARTESIAN_POINT('',(48.627286613157,218.04653877714));
#4180 = CARTESIAN_POINT('',(48.641062637055,217.78799952242));
#4181 = CARTESIAN_POINT('',(48.654855945729,217.52944460455));
#4182 = CARTESIAN_POINT('',(48.66867241614,217.27087531817));
#4183 = CARTESIAN_POINT('',(48.682517030534,217.01229286819));
#4184 = CARTESIAN_POINT('',(48.696393876444,216.75369836979));
#4185 = CARTESIAN_POINT('',(48.750853295389,215.74139008467));
#4186 = CARTESIAN_POINT('',(48.791705709149,214.98759474697));
#4187 = CARTESIAN_POINT('',(48.832847943945,214.23374318288));
#4188 = CARTESIAN_POINT('',(48.874263220396,213.47985341614));
#4189 = CARTESIAN_POINT('',(48.91593854002,212.72593814727));
#4190 = CARTESIAN_POINT('',(48.957856661993,211.9720042675));
#4191 = CARTESIAN_POINT('',(49.,211.21805475484));
#4192 = ( GEOMETRIC_REPRESENTATION_CONTEXT(2) 
PARAMETRIC_REPRESENTATION_CONTEXT() REPRESENTATION_CONTEXT('2D SPACE',''
  ) );
#4193 = PCURVE('',#3502,#4194);
#4194 = DEFINITIONAL_REPRESENTATION('',(#4195),#4282);
#4195 = B_SPLINE_CURVE_WITH_KNOTS('',7,(#4196,#4197,#4198,#4199,#4200,
    #4201,#4202,#4203,#4204,#4205,#4206,#4207,#4208,#4209,#4210,#4211,
    #4212,#4213,#4214,#4215,#4216,#4217,#4218,#4219,#4220,#4221,#4222,
    #4223,#4224,#4225,#4226,#4227,#4228,#4229,#4230,#4231,#4232,#4233,
    #4234,#4235,#4236,#4237,#4238,#4239,#4240,#4241,#4242,#4243,#4244,
    #4245,#4246,#4247,#4248,#4249,#4250,#4251,#4252,#4253,#4254,#4255,
    #4256,#4257,#4258,#4259,#4260,#4261,#4262,#4263,#4264,#4265,#4266,
    #4267,#4268,#4269,#4270,#4271,#4272,#4273,#4274,#4275,#4276,#4277,
    #4278,#4279,#4280,#4281),.UNSPECIFIED.,.F.,.F.,(8,6,6,6,6,6,6,6,6,6,
    6,6,6,6,8),(0.,0.149017289302,0.355279593287,0.412766209886,
    0.624239758524,0.674804235229,0.739869739214,0.77657123042,
    0.795726802396,0.816622972395,0.862456410818,0.901222494606,
    0.925207968099,0.94431443269,1.),.UNSPECIFIED.);
#4196 = CARTESIAN_POINT('',(23.4503139713,0.));
#4197 = CARTESIAN_POINT('',(23.429891672079,3.474385376288E-02));
#4198 = CARTESIAN_POINT('',(23.40901253098,6.888305075016E-02));
#4199 = CARTESIAN_POINT('',(23.387632098746,0.102434667318));
#4200 = CARTESIAN_POINT('',(23.36570256887,0.135411571618));
#4201 = CARTESIAN_POINT('',(23.343171803822,0.167822405535));
#4202 = CARTESIAN_POINT('',(23.319982361273,0.199671566616));
#4203 = CARTESIAN_POINT('',(23.262972941969,0.27426595876));
#4204 = CARTESIAN_POINT('',(23.22849164238,0.316496611403));
#4205 = CARTESIAN_POINT('',(23.192456846686,0.357651324376));
#4206 = CARTESIAN_POINT('',(23.154678258666,0.397713276942));
#4207 = CARTESIAN_POINT('',(23.114935337658,0.436646132204));
#4208 = CARTESIAN_POINT('',(23.072978584643,0.474388671467));
#4209 = CARTESIAN_POINT('',(23.016157033342,0.521007633607));
#4210 = CARTESIAN_POINT('',(23.003579628799,0.531068881614));
#4211 = CARTESIAN_POINT('',(22.99080377973,0.541028201521));
#4212 = CARTESIAN_POINT('',(22.97782408934,0.550884140994));
#4213 = CARTESIAN_POINT('',(22.96463403283,0.560631967878));
#4214 = CARTESIAN_POINT('',(22.951227508182,0.570270159368));
#4215 = CARTESIAN_POINT('',(22.887458718839,0.614836705197));
#4216 = CARTESIAN_POINT('',(22.834299673495,0.648353912482));
#4217 = CARTESIAN_POINT('',(22.777785252772,0.680215762567));
#4218 = CARTESIAN_POINT('',(22.717545678092,0.710310022906));
#4219 = CARTESIAN_POINT('',(22.653063828296,0.738560761616));
#4220 = CARTESIAN_POINT('',(22.58375479613,0.764944287922));
#4221 = CARTESIAN_POINT('',(22.490257486458,0.795356329331));
#4222 = CARTESIAN_POINT('',(22.471864211109,0.801119642761));
#4223 = CARTESIAN_POINT('',(22.453101132858,0.806778153316));
#4224 = CARTESIAN_POINT('',(22.433947699413,0.81233240928));
#4225 = CARTESIAN_POINT('',(22.414379968086,0.817783130342));
#4226 = CARTESIAN_POINT('',(22.394369421477,0.823131209855));
#4227 = CARTESIAN_POINT('',(22.347518640478,0.835128832912));
#4228 = CARTESIAN_POINT('',(22.320365259868,0.841711763105));
#4229 = CARTESIAN_POINT('',(22.292349118118,0.848128785207));
#4230 = CARTESIAN_POINT('',(22.263377389002,0.854382683422));
#4231 = CARTESIAN_POINT('',(22.233336923535,0.860476719963));
#4232 = CARTESIAN_POINT('',(22.202074997801,0.866414737285));
#4233 = CARTESIAN_POINT('',(22.150907750608,0.875465468373));
#4234 = CARTESIAN_POINT('',(22.131992483086,0.878681384322));
#4235 = CARTESIAN_POINT('',(22.112573614586,0.88184997588));
#4236 = CARTESIAN_POINT('',(22.092600395641,0.884972168915));
#4237 = CARTESIAN_POINT('',(22.072011724844,0.888048984888));
#4238 = CARTESIAN_POINT('',(22.050728922491,0.891081587972));
#4239 = CARTESIAN_POINT('',(22.017114638675,0.895631828013));
#4240 = CARTESIAN_POINT('',(22.005285515975,0.897191689773));
#4241 = CARTESIAN_POINT('',(21.993140464609,0.898750798074));
#4242 = CARTESIAN_POINT('',(21.980619940974,0.90031048326));
#4243 = CARTESIAN_POINT('',(21.967747230823,0.901869253713));
#4244 = CARTESIAN_POINT('',(21.954475948021,0.903428041541));
#4245 = CARTESIAN_POINT('',(21.925860276342,0.906686967702));
#4246 = CARTESIAN_POINT('',(21.910436490445,0.908387028512));
#4247 = CARTESIAN_POINT('',(21.894489651278,0.910086826415));
#4248 = CARTESIAN_POINT('',(21.877987520625,0.911786385394));
#4249 = CARTESIAN_POINT('',(21.86089614139,0.913485762288));
#4250 = CARTESIAN_POINT('',(21.84318145329,0.915185009427));
#4251 = CARTESIAN_POINT('',(21.784517149853,0.920610986302));
#4252 = CARTESIAN_POINT('',(21.742127727434,0.924239236991));
#4253 = CARTESIAN_POINT('',(21.697690586462,0.927761504026));
#4254 = CARTESIAN_POINT('',(21.651390813544,0.931170322876));
#4255 = CARTESIAN_POINT('',(21.603758689843,0.934458261569));
#4256 = CARTESIAN_POINT('',(21.555649481,0.937631066306));
#4257 = CARTESIAN_POINT('',(21.467307352455,0.94329946706));
#4258 = CARTESIAN_POINT('',(21.427004891217,0.945824058348));
#4259 = CARTESIAN_POINT('',(21.387324352626,0.948283808775));
#4260 = CARTESIAN_POINT('',(21.348674640044,0.950690898992));
#4261 = CARTESIAN_POINT('',(21.311277117923,0.953059010701));
#4262 = CARTESIAN_POINT('',(21.275226348774,0.955399438108));
#4263 = CARTESIAN_POINT('',(21.21908358728,0.959158486739));
#4264 = CARTESIAN_POINT('',(21.19802880618,0.960596285006));
#4265 = CARTESIAN_POINT('',(21.177429172383,0.962034819852));
#4266 = CARTESIAN_POINT('',(21.15731511902,0.963473927443));
#4267 = CARTESIAN_POINT('',(21.137701286329,0.964913484733));
#4268 = CARTESIAN_POINT('',(21.118590824843,0.966353370301));
#4269 = CARTESIAN_POINT('',(21.085154357515,0.968940551096));
#4270 = CARTESIAN_POINT('',(21.070636224548,0.970088553088));
#4271 = CARTESIAN_POINT('',(21.056415039372,0.971237995477));
#4272 = CARTESIAN_POINT('',(21.042480430134,0.972389368012));
#4273 = CARTESIAN_POINT('',(21.028821913434,0.973543085878));
#4274 = CARTESIAN_POINT('',(21.015428894326,0.974699489704));
#4275 = CARTESIAN_POINT('',(20.963999454631,0.979237774616));
#4276 = CARTESIAN_POINT('',(20.927888942594,0.982642142429));
#4277 = CARTESIAN_POINT('',(20.89329341102,0.986070661995));
#4278 = CARTESIAN_POINT('',(20.859898770168,0.989521935033));
#4279 = CARTESIAN_POINT('',(20.827458205083,0.992994878335));
#4280 = CARTESIAN_POINT('',(20.795799563319,0.996488055166));
#4281 = CARTESIAN_POINT('',(20.764784329671,1.));
#4282 = ( GEOMETRIC_REPRESENTATION_CONTEXT(2) 
PARAMETRIC_REPRESENTATION_CONTEXT() REPRESENTATION_CONTEXT('2D SPACE',''
  ) );
#4283 = ADVANCED_FACE('',(#4284),#210,.T.);
#4284 = FACE_BOUND('',#4285,.T.);
#4285 = EDGE_LOOP('',(#4286,#4287,#4288,#4333,#4334,#4543,#4608,#4655,
    #4684,#4830,#4874,#4919));
#4286 = ORIENTED_EDGE('',*,*,#56,.F.);
#4287 = ORIENTED_EDGE('',*,*,#2102,.T.);
#4288 = ORIENTED_EDGE('',*,*,#4289,.F.);
#4289 = EDGE_CURVE('',#3241,#2103,#4290,.T.);
#4290 = SURFACE_CURVE('',#4291,(#4319,#4326),.PCURVE_S1.);
#4291 = B_SPLINE_CURVE_WITH_KNOTS('',3,(#4292,#4293,#4294,#4295,#4296,
    #4297,#4298,#4299,#4300,#4301,#4302,#4303,#4304,#4305,#4306,#4307,
    #4308,#4309,#4310,#4311,#4312,#4313,#4314,#4315,#4316,#4317,#4318),
  .UNSPECIFIED.,.T.,.F.,(1,1,2,1,1,1,1,1,1,1,1,1,1,1,1,1,1,1,1,1,1,1,1,1
    ,1,1,2,1,1),(-2.,-1.,0.,1.,2.,3.,4.,5.,6.,7.,8.,9.,10.,11.,12.,13.,
    14.,15.,16.,17.,18.,19.,20.,21.,22.,23.,24.,25.,26.),.UNSPECIFIED.);
#4292 = CARTESIAN_POINT('',(129.,62.9,37.));
#4293 = CARTESIAN_POINT('',(119.4,92.1,37.));
#4294 = CARTESIAN_POINT('',(118.38659285555,125.42655430544,37.));
#4295 = CARTESIAN_POINT('',(124.74692500554,174.05705993092,37.));
#4296 = CARTESIAN_POINT('',(106.22570712225,183.34520597083,37.));
#4297 = CARTESIAN_POINT('',(82.150246505431,200.16211618573,37.));
#4298 = CARTESIAN_POINT('',(61.973306856021,237.00632928623,37.));
#4299 = CARTESIAN_POINT('',(31.756526070487,245.61256666933,37.));
#4300 = CARTESIAN_POINT('',(5.888620325629E-04,244.54340403642,37.));
#4301 = CARTESIAN_POINT('',(-31.75888151861,245.61381718495,37.));
#4302 = CARTESIAN_POINT('',(-61.96506278756,237.00132722373,37.));
#4303 = CARTESIAN_POINT('',(-82.18086733112,200.18087392008,37.));
#4304 = CARTESIAN_POINT('',(-106.1114678879,183.2751770959,37.));
#4305 = CARTESIAN_POINT('',(-125.1732611171,174.31841769629,37.));
#4306 = CARTESIAN_POINT('',(-116.7954876435,124.45115211892,37.));
#4307 = CARTESIAN_POINT('',(-125.8447883085,79.076973828017,37.));
#4308 = CARTESIAN_POINT('',(-125.0253591221,24.240952569008,37.));
#4309 = CARTESIAN_POINT('',(-113.8537752029,-35.04078410405,37.));
#4310 = CARTESIAN_POINT('',(-94.55954006626,-29.2778161528,37.));
#4311 = CARTESIAN_POINT('',(-37.10806453202,-30.84795128472,37.));
#4312 = CARTESIAN_POINT('',(-8.201805630555E-03,-30.33037870831,37.));
#4313 = CARTESIAN_POINT('',(37.140871754547,-30.83053388202,37.));
#4314 = CARTESIAN_POINT('',(94.444714787441,-29.34748576358,37.));
#4315 = CARTESIAN_POINT('',(114.28026909568,-34.77952306365,37.));
#4316 = CARTESIAN_POINT('',(123.4342088298,23.265578018186,37.));
#4317 = CARTESIAN_POINT('',(129.,62.9,37.));
#4318 = CARTESIAN_POINT('',(119.4,92.1,37.));
#4319 = PCURVE('',#210,#4320);
#4320 = DEFINITIONAL_REPRESENTATION('',(#4321),#4325);
#4321 = LINE('',#4322,#4323);
#4322 = CARTESIAN_POINT('',(0.,1.));
#4323 = VECTOR('',#4324,1.);
#4324 = DIRECTION('',(1.,0.));
#4325 = ( GEOMETRIC_REPRESENTATION_CONTEXT(2) 
PARAMETRIC_REPRESENTATION_CONTEXT() REPRESENTATION_CONTEXT('2D SPACE',''
  ) );
#4326 = PCURVE('',#3502,#4327);
#4327 = DEFINITIONAL_REPRESENTATION('',(#4328),#4332);
#4328 = LINE('',#4329,#4330);
#4329 = CARTESIAN_POINT('',(0.,0.));
#4330 = VECTOR('',#4331,1.);
#4331 = DIRECTION('',(1.,0.));
#4332 = ( GEOMETRIC_REPRESENTATION_CONTEXT(2) 
PARAMETRIC_REPRESENTATION_CONTEXT() REPRESENTATION_CONTEXT('2D SPACE',''
  ) );
#4333 = ORIENTED_EDGE('',*,*,#3240,.F.);
#4334 = ORIENTED_EDGE('',*,*,#4335,.F.);
#4335 = EDGE_CURVE('',#4336,#3220,#4338,.T.);
#4336 = VERTEX_POINT('',#4337);
#4337 = CARTESIAN_POINT('',(-109.,-34.80590955084,31.));
#4338 = SURFACE_CURVE('',#4339,(#4405,#4474),.PCURVE_S1.);
#4339 = B_SPLINE_CURVE_WITH_KNOTS('',8,(#4340,#4341,#4342,#4343,#4344,
    #4345,#4346,#4347,#4348,#4349,#4350,#4351,#4352,#4353,#4354,#4355,
    #4356,#4357,#4358,#4359,#4360,#4361,#4362,#4363,#4364,#4365,#4366,
    #4367,#4368,#4369,#4370,#4371,#4372,#4373,#4374,#4375,#4376,#4377,
    #4378,#4379,#4380,#4381,#4382,#4383,#4384,#4385,#4386,#4387,#4388,
    #4389,#4390,#4391,#4392,#4393,#4394,#4395,#4396,#4397,#4398,#4399,
    #4400,#4401,#4402,#4403,#4404),.UNSPECIFIED.,.F.,.F.,(9,7,7,7,7,7,7,
    7,7,9),(0.,4.387838762201E-02,0.128571147974,0.21316561225,
    0.280855571899,0.348545531549,0.49930635966,0.846985837723,
    0.924477109989,1.),.UNSPECIFIED.);
#4340 = CARTESIAN_POINT('',(-109.,-34.80590955084,31.));
#4341 = CARTESIAN_POINT('',(-109.3360987213,-34.69924429364,31.));
#4342 = CARTESIAN_POINT('',(-109.6687542554,-34.58144066156,31.));
#4343 = CARTESIAN_POINT('',(-109.9972242991,-34.45199507053,31.));
#4344 = CARTESIAN_POINT('',(-110.3208114695,-34.31059198109,31.));
#4345 = CARTESIAN_POINT('',(-110.6388633034,-34.15710389843,31.));
#4346 = CARTESIAN_POINT('',(-110.9507722575,-33.99159137232,31.));
#4347 = CARTESIAN_POINT('',(-111.2559757084,-33.81430299718,31.));
#4348 = CARTESIAN_POINT('',(-112.1291085682,-33.2615920505,31.));
#4349 = CARTESIAN_POINT('',(-112.6869450521,-32.84929967745,31.));
#4350 = CARTESIAN_POINT('',(-113.2287423033,-32.38572120212,31.));
#4351 = CARTESIAN_POINT('',(-113.7557772209,-31.86777953369,31.));
#4352 = CARTESIAN_POINT('',(-114.269326704,-31.29239758137,31.));
#4353 = CARTESIAN_POINT('',(-114.7706676518,-30.65649825436,31.));
#4354 = CARTESIAN_POINT('',(-115.2610769633,-29.95700446187,31.));
#4355 = CARTESIAN_POINT('',(-116.2220281389,-28.42556299085,31.));
#4356 = CARTESIAN_POINT('',(-116.694348372,-27.5905476591,31.));
#4357 = CARTESIAN_POINT('',(-117.1571359185,-26.68684965548,31.));
#4358 = CARTESIAN_POINT('',(-117.6109813732,-25.71733675938,31.));
#4359 = CARTESIAN_POINT('',(-118.0564924987,-24.68518923357,31.));
#4360 = CARTESIAN_POINT('',(-118.493368342,-23.59326928023,31.));
#4361 = CARTESIAN_POINT('',(-118.920777216,-22.44435871121,31.));
#4362 = CARTESIAN_POINT('',(-119.6737187468,-20.28038527198,31.));
#4363 = CARTESIAN_POINT('',(-120.0025582428,-19.28409247358,31.));
#4364 = CARTESIAN_POINT('',(-120.3255085022,-18.25489905727,31.));
#4365 = CARTESIAN_POINT('',(-120.6425209945,-17.19431764286,31.));
#4366 = CARTESIAN_POINT('',(-120.9535471896,-16.10386085016,31.));
#4367 = CARTESIAN_POINT('',(-121.258538557,-14.985041299,31.));
#4368 = CARTESIAN_POINT('',(-121.5574465664,-13.83937160918,31.));
#4369 = CARTESIAN_POINT('',(-122.1429988089,-11.49735719184,31.));
#4370 = CARTESIAN_POINT('',(-122.4296430419,-10.30101246433,31.));
#4371 = CARTESIAN_POINT('',(-122.7101068564,-9.080842837787,31.));
#4372 = CARTESIAN_POINT('',(-122.984341722,-7.838360932022,31.));
#4373 = CARTESIAN_POINT('',(-123.2522991085,-6.57507936685,31.));
#4374 = CARTESIAN_POINT('',(-123.5139304856,-5.292510762084,31.));
#4375 = CARTESIAN_POINT('',(-123.7691873229,-3.992167737537,31.));
#4376 = CARTESIAN_POINT('',(-124.5722300896,0.256813390158,31.));
#4377 = CARTESIAN_POINT('',(-125.0809344028,3.197668600601,31.));
#4378 = CARTESIAN_POINT('',(-125.550475477,6.145228494137,31.));
#4379 = CARTESIAN_POINT('',(-125.9846666835,9.098245692485,31.));
#4380 = CARTESIAN_POINT('',(-126.3862473314,12.055775361757,31.));
#4381 = CARTESIAN_POINT('',(-126.7570196331,15.017155126196,31.));
#4382 = CARTESIAN_POINT('',(-127.098130618,17.98195765709,31.));
#4383 = CARTESIAN_POINT('',(-128.129222528,27.794797986245,31.));
#4384 = CARTESIAN_POINT('',(-128.6927325529,34.654966986402,31.));
#4385 = CARTESIAN_POINT('',(-129.0958300047,41.527992883313,31.));
#4386 = CARTESIAN_POINT('',(-129.3321553701,48.41025571036,31.));
#4387 = CARTESIAN_POINT('',(-129.3935694029,55.297027576715,31.));
#4388 = CARTESIAN_POINT('',(-129.2696028271,62.182462549502,31.));
#4389 = CARTESIAN_POINT('',(-128.9469201069,69.059596874369,31.));
#4390 = CARTESIAN_POINT('',(-128.2863292027,77.449481166124,31.));
#4391 = CARTESIAN_POINT('',(-128.1549385554,78.977735765199,31.));
#4392 = CARTESIAN_POINT('',(-128.0130069334,80.505062608524,31.));
#4393 = CARTESIAN_POINT('',(-127.8616431762,82.031481562976,31.));
#4394 = CARTESIAN_POINT('',(-127.7020478384,83.557043694089,31.));
#4395 = CARTESIAN_POINT('',(-127.5352742177,85.081815209471,31.));
#4396 = CARTESIAN_POINT('',(-127.3623166196,86.605882938343,31.));
#4397 = CARTESIAN_POINT('',(-127.0112512232,89.614180853025,31.));
#4398 = CARTESIAN_POINT('',(-126.8333511723,91.098429177079,31.));
#4399 = CARTESIAN_POINT('',(-126.6519397823,92.582251799676,31.));
#4400 = CARTESIAN_POINT('',(-126.4681783562,94.065783810057,31.));
#4401 = CARTESIAN_POINT('',(-126.2832691792,95.549169123773,31.));
#4402 = CARTESIAN_POINT('',(-126.0984492731,97.032559700062,31.));
#4403 = CARTESIAN_POINT('',(-125.9149841507,98.516114759225,31.));
#4404 = CARTESIAN_POINT('',(-125.7341615705,100.,31.));
#4405 = PCURVE('',#210,#4406);
#4406 = DEFINITIONAL_REPRESENTATION('',(#4407),#4473);
#4407 = B_SPLINE_CURVE_WITH_KNOTS('',8,(#4408,#4409,#4410,#4411,#4412,
    #4413,#4414,#4415,#4416,#4417,#4418,#4419,#4420,#4421,#4422,#4423,
    #4424,#4425,#4426,#4427,#4428,#4429,#4430,#4431,#4432,#4433,#4434,
    #4435,#4436,#4437,#4438,#4439,#4440,#4441,#4442,#4443,#4444,#4445,
    #4446,#4447,#4448,#4449,#4450,#4451,#4452,#4453,#4454,#4455,#4456,
    #4457,#4458,#4459,#4460,#4461,#4462,#4463,#4464,#4465,#4466,#4467,
    #4468,#4469,#4470,#4471,#4472),.UNSPECIFIED.,.F.,.F.,(9,7,7,7,7,7,7,
    7,7,9),(0.,4.387838762201E-02,0.128571147974,0.21316561225,
    0.280855571899,0.348545531549,0.49930635966,0.846985837723,
    0.924477109989,1.),.UNSPECIFIED.);
#4408 = CARTESIAN_POINT('',(16.397736751884,0.625));
#4409 = CARTESIAN_POINT('',(16.382128849489,0.625));
#4410 = CARTESIAN_POINT('',(16.366412493804,0.625));
#4411 = CARTESIAN_POINT('',(16.350624424016,0.625));
#4412 = CARTESIAN_POINT('',(16.33480289024,0.625));
#4413 = CARTESIAN_POINT('',(16.318987653517,0.625));
#4414 = CARTESIAN_POINT('',(16.303219985817,0.625));
#4415 = CARTESIAN_POINT('',(16.287542670036,0.625));
#4416 = CARTESIAN_POINT('',(16.242,0.625));
#4417 = CARTESIAN_POINT('',(16.212,0.625));
#4418 = CARTESIAN_POINT('',(16.182,0.625));
#4419 = CARTESIAN_POINT('',(16.152,0.625));
#4420 = CARTESIAN_POINT('',(16.122,0.625));
#4421 = CARTESIAN_POINT('',(16.092,0.625));
#4422 = CARTESIAN_POINT('',(16.062,0.625));
#4423 = CARTESIAN_POINT('',(16.002034818587,0.625));
#4424 = CARTESIAN_POINT('',(15.971963136343,0.625));
#4425 = CARTESIAN_POINT('',(15.941981200817,0.625));
#4426 = CARTESIAN_POINT('',(15.912025200574,0.625));
#4427 = CARTESIAN_POINT('',(15.882019890276,0.625));
#4428 = CARTESIAN_POINT('',(15.851984170626,0.625));
#4429 = CARTESIAN_POINT('',(15.821993623177,0.625));
#4430 = CARTESIAN_POINT('',(15.768,0.625));
#4431 = CARTESIAN_POINT('',(15.744,0.625));
#4432 = CARTESIAN_POINT('',(15.72,0.625));
#4433 = CARTESIAN_POINT('',(15.696,0.625));
#4434 = CARTESIAN_POINT('',(15.672,0.625));
#4435 = CARTESIAN_POINT('',(15.648,0.625));
#4436 = CARTESIAN_POINT('',(15.624,0.625));
#4437 = CARTESIAN_POINT('',(15.576,0.625));
#4438 = CARTESIAN_POINT('',(15.552,0.625));
#4439 = CARTESIAN_POINT('',(15.528,0.625));
#4440 = CARTESIAN_POINT('',(15.504,0.625));
#4441 = CARTESIAN_POINT('',(15.48,0.625));
#4442 = CARTESIAN_POINT('',(15.456,0.625));
#4443 = CARTESIAN_POINT('',(15.432,0.625));
#4444 = CARTESIAN_POINT('',(15.354546579531,0.625));
#4445 = CARTESIAN_POINT('',(15.302409027513,0.625));
#4446 = CARTESIAN_POINT('',(15.25118861551,0.625));
#4447 = CARTESIAN_POINT('',(15.200604454601,0.625));
#4448 = CARTESIAN_POINT('',(15.150413777159,0.625));
#4449 = CARTESIAN_POINT('',(15.100397856574,0.625));
#4450 = CARTESIAN_POINT('',(15.050339212644,0.625));
#4451 = CARTESIAN_POINT('',(14.883909425295,0.625));
#4452 = CARTESIAN_POINT('',(14.766358074572,0.625));
#4453 = CARTESIAN_POINT('',(14.647126254239,0.625));
#4454 = CARTESIAN_POINT('',(14.525976719722,0.625));
#4455 = CARTESIAN_POINT('',(14.40264477773,0.625));
#4456 = CARTESIAN_POINT('',(14.276817262065,0.625));
#4457 = CARTESIAN_POINT('',(14.148112713001,0.625));
#4458 = CARTESIAN_POINT('',(13.98655453986,0.625));
#4459 = CARTESIAN_POINT('',(13.956938551162,0.625));
#4460 = CARTESIAN_POINT('',(13.927153896161,0.625));
#4461 = CARTESIAN_POINT('',(13.897209530266,0.625));
#4462 = CARTESIAN_POINT('',(13.867114902084,0.625));
#4463 = CARTESIAN_POINT('',(13.836877184581,0.625));
#4464 = CARTESIAN_POINT('',(13.80650233735,0.625));
#4465 = CARTESIAN_POINT('',(13.746272462931,0.625));
#4466 = CARTESIAN_POINT('',(13.716423574744,0.625));
#4467 = CARTESIAN_POINT('',(13.686460480654,0.625));
#4468 = CARTESIAN_POINT('',(13.656390712659,0.625));
#4469 = CARTESIAN_POINT('',(13.626222153699,0.625));
#4470 = CARTESIAN_POINT('',(13.595963001817,0.625));
#4471 = CARTESIAN_POINT('',(13.565621734326,0.625));
#4472 = CARTESIAN_POINT('',(13.535207071968,0.625));
#4473 = ( GEOMETRIC_REPRESENTATION_CONTEXT(2) 
PARAMETRIC_REPRESENTATION_CONTEXT() REPRESENTATION_CONTEXT('2D SPACE',''
  ) );
#4474 = PCURVE('',#1409,#4475);
#4475 = DEFINITIONAL_REPRESENTATION('',(#4476),#4542);
#4476 = B_SPLINE_CURVE_WITH_KNOTS('',8,(#4477,#4478,#4479,#4480,#4481,
    #4482,#4483,#4484,#4485,#4486,#4487,#4488,#4489,#4490,#4491,#4492,
    #4493,#4494,#4495,#4496,#4497,#4498,#4499,#4500,#4501,#4502,#4503,
    #4504,#4505,#4506,#4507,#4508,#4509,#4510,#4511,#4512,#4513,#4514,
    #4515,#4516,#4517,#4518,#4519,#4520,#4521,#4522,#4523,#4524,#4525,
    #4526,#4527,#4528,#4529,#4530,#4531,#4532,#4533,#4534,#4535,#4536,
    #4537,#4538,#4539,#4540,#4541),.UNSPECIFIED.,.F.,.F.,(9,7,7,7,7,7,7,
    7,7,9),(0.,4.387838762201E-02,0.128571147974,0.21316561225,
    0.280855571899,0.348545531549,0.49930635966,0.846985837723,
    0.924477109989,1.),.UNSPECIFIED.);
#4477 = CARTESIAN_POINT('',(41.,8.194090449152));
#4478 = CARTESIAN_POINT('',(40.663901278636,8.300755706352));
#4479 = CARTESIAN_POINT('',(40.331245744599,8.418559338435));
#4480 = CARTESIAN_POINT('',(40.002775700841,8.548004929469));
#4481 = CARTESIAN_POINT('',(39.679188530428,8.689408018903));
#4482 = CARTESIAN_POINT('',(39.361136696534,8.842896101569));
#4483 = CARTESIAN_POINT('',(39.049227742442,9.008408627676));
#4484 = CARTESIAN_POINT('',(38.744024291548,9.185697002816));
#4485 = CARTESIAN_POINT('',(37.870891431715,9.7384079495));
#4486 = CARTESIAN_POINT('',(37.313054947857,10.150700322541));
#4487 = CARTESIAN_POINT('',(36.771257696677,10.614278797879));
#4488 = CARTESIAN_POINT('',(36.24422277907,11.13222046631));
#4489 = CARTESIAN_POINT('',(35.73067329593,11.70760241863));
#4490 = CARTESIAN_POINT('',(35.229332348152,12.343501745636));
#4491 = CARTESIAN_POINT('',(34.738923036629,13.042995538123));
#4492 = CARTESIAN_POINT('',(33.777971861059,14.574437009142));
#4493 = CARTESIAN_POINT('',(33.305651627923,15.409452340894));
#4494 = CARTESIAN_POINT('',(32.842864081482,16.313150344511));
#4495 = CARTESIAN_POINT('',(32.389018626722,17.282663240617));
#4496 = CARTESIAN_POINT('',(31.943507501259,18.314810766428));
#4497 = CARTESIAN_POINT('',(31.506631657962,19.40673071977));
#4498 = CARTESIAN_POINT('',(31.079222783903,20.555641288787));
#4499 = CARTESIAN_POINT('',(30.326281253179,22.719614728013));
#4500 = CARTESIAN_POINT('',(29.997441757111,23.715907526416));
#4501 = CARTESIAN_POINT('',(29.674491497755,24.745100942729));
#4502 = CARTESIAN_POINT('',(29.357479005415,25.805682357139));
#4503 = CARTESIAN_POINT('',(29.046452810393,26.896139149832));
#4504 = CARTESIAN_POINT('',(28.741461442995,28.014958700996));
#4505 = CARTESIAN_POINT('',(28.442553433523,29.160628390819));
#4506 = CARTESIAN_POINT('',(27.85700119104,31.502642808154));
#4507 = CARTESIAN_POINT('',(27.570356958029,32.698987535667));
#4508 = CARTESIAN_POINT('',(27.289893143552,33.919157162213));
#4509 = CARTESIAN_POINT('',(27.015658277913,35.161639067978));
#4510 = CARTESIAN_POINT('',(26.747700891415,36.42492063315));
#4511 = CARTESIAN_POINT('',(26.486069514362,37.707489237916));
#4512 = CARTESIAN_POINT('',(26.230812677058,39.007832262463));
#4513 = CARTESIAN_POINT('',(25.427769910318,43.256813390158));
#4514 = CARTESIAN_POINT('',(24.919065597153,46.197668600601));
#4515 = CARTESIAN_POINT('',(24.449524522913,49.145228494137));
#4516 = CARTESIAN_POINT('',(24.015333316497,52.098245692485));
#4517 = CARTESIAN_POINT('',(23.613752668501,55.055775361757));
#4518 = CARTESIAN_POINT('',(23.24298036684,58.017155126196));
#4519 = CARTESIAN_POINT('',(22.901869381917,60.98195765709));
#4520 = CARTESIAN_POINT('',(21.87077747192,70.794797986245));
#4521 = CARTESIAN_POINT('',(21.307267447007,77.654966986402));
#4522 = CARTESIAN_POINT('',(20.904169995254,84.527992883313));
#4523 = CARTESIAN_POINT('',(20.667844629808,91.41025571036));
#4524 = CARTESIAN_POINT('',(20.606430597014,98.297027576715));
#4525 = CARTESIAN_POINT('',(20.73039717284,105.1824625495));
#4526 = CARTESIAN_POINT('',(21.053079893017,112.05959687436));
#4527 = CARTESIAN_POINT('',(21.713670797241,120.44948116612));
#4528 = CARTESIAN_POINT('',(21.845061444502,121.97773576519));
#4529 = CARTESIAN_POINT('',(21.986993066571,123.50506260852));
#4530 = CARTESIAN_POINT('',(22.138356823783,125.03148156297));
#4531 = CARTESIAN_POINT('',(22.297952161549,126.55704369408));
#4532 = CARTESIAN_POINT('',(22.464725782252,128.08181520947));
#4533 = CARTESIAN_POINT('',(22.63768338031,129.60588293834));
#4534 = CARTESIAN_POINT('',(22.98874877672,132.61418085302));
#4535 = CARTESIAN_POINT('',(23.166648827642,134.09842917707));
#4536 = CARTESIAN_POINT('',(23.348060217672,135.58225179967));
#4537 = CARTESIAN_POINT('',(23.531821643742,137.06578381005));
#4538 = CARTESIAN_POINT('',(23.716730820705,138.54916912377));
#4539 = CARTESIAN_POINT('',(23.901550726816,140.03255970006));
#4540 = CARTESIAN_POINT('',(24.085015849224,141.51611475922));
#4541 = CARTESIAN_POINT('',(24.265838429459,143.));
#4542 = ( GEOMETRIC_REPRESENTATION_CONTEXT(2) 
PARAMETRIC_REPRESENTATION_CONTEXT() REPRESENTATION_CONTEXT('2D SPACE',''
  ) );
#4543 = ORIENTED_EDGE('',*,*,#4544,.F.);
#4544 = EDGE_CURVE('',#4545,#4336,#4547,.T.);
#4545 = VERTEX_POINT('',#4546);
#4546 = CARTESIAN_POINT('',(-109.,-42.82541907385,21.));
#4547 = SURFACE_CURVE('',#4548,(#4566,#4587),.PCURVE_S1.);
#4548 = B_SPLINE_CURVE_WITH_KNOTS('',6,(#4549,#4550,#4551,#4552,#4553,
    #4554,#4555,#4556,#4557,#4558,#4559,#4560,#4561,#4562,#4563,#4564,
    #4565),.UNSPECIFIED.,.F.,.F.,(7,5,5,7),(0.,0.479163734706,
    0.949540041384,1.),.UNSPECIFIED.);
#4549 = CARTESIAN_POINT('',(-109.,-42.82541907385,21.));
#4550 = CARTESIAN_POINT('',(-109.,-42.22010225592,21.826091955508));
#4551 = CARTESIAN_POINT('',(-109.,-41.61043432157,22.648991672027));
#4552 = CARTESIAN_POINT('',(-109.,-40.99570170377,23.468151054431));
#4553 = CARTESIAN_POINT('',(-109.,-40.37510268243,24.282903934638));
#4554 = CARTESIAN_POINT('',(-109.,-39.74772815488,25.092451602393));
#4555 = CARTESIAN_POINT('',(-109.,-38.4890694094,26.684560249944));
#4556 = CARTESIAN_POINT('',(-109.,-37.85807768488,27.467331627237));
#4557 = CARTESIAN_POINT('',(-109.,-37.21864868396,28.243318820736));
#4558 = CARTESIAN_POINT('',(-109.,-36.56978144951,29.011497036449));
#4559 = CARTESIAN_POINT('',(-109.,-35.91044213902,29.770699597062));
#4560 = CARTESIAN_POINT('',(-109.,-35.16770065764,30.600047131562));
#4561 = CARTESIAN_POINT('',(-109.,-35.09561034166,30.680278931349));
#4562 = CARTESIAN_POINT('',(-109.,-35.02338723554,30.760391669484));
#4563 = CARTESIAN_POINT('',(-109.,-34.95103017039,30.840383799502));
#4564 = CARTESIAN_POINT('',(-109.,-34.87853799001,30.920253765072));
#4565 = CARTESIAN_POINT('',(-109.,-34.80590955084,31.));
#4566 = PCURVE('',#210,#4567);
#4567 = DEFINITIONAL_REPRESENTATION('',(#4568),#4586);
#4568 = B_SPLINE_CURVE_WITH_KNOTS('',6,(#4569,#4570,#4571,#4572,#4573,
    #4574,#4575,#4576,#4577,#4578,#4579,#4580,#4581,#4582,#4583,#4584,
    #4585),.UNSPECIFIED.,.F.,.F.,(7,5,5,7),(0.,0.479163734706,
    0.949540041384,1.),.UNSPECIFIED.);
#4569 = CARTESIAN_POINT('',(16.627625796129,0.));
#4570 = CARTESIAN_POINT('',(16.611551010684,5.163074721924E-02));
#4571 = CARTESIAN_POINT('',(16.59505707568,0.103061979502));
#4572 = CARTESIAN_POINT('',(16.578131323433,0.154259440902));
#4573 = CARTESIAN_POINT('',(16.560763313932,0.205181495915));
#4574 = CARTESIAN_POINT('',(16.542946290318,0.25577822515));
#4575 = CARTESIAN_POINT('',(16.506747829623,0.355285015622));
#4576 = CARTESIAN_POINT('',(16.488383011778,0.404208226702));
#4577 = CARTESIAN_POINT('',(16.469584435822,0.452707426296));
#4578 = CARTESIAN_POINT('',(16.450357960048,0.500718564778));
#4579 = CARTESIAN_POINT('',(16.430718687798,0.548168724816));
#4580 = CARTESIAN_POINT('',(16.40854434184,0.600002945723));
#4581 = CARTESIAN_POINT('',(16.406391586895,0.605017433209));
#4582 = CARTESIAN_POINT('',(16.404234414961,0.610024479343));
#4583 = CARTESIAN_POINT('',(16.402072859585,0.615023987469));
#4584 = CARTESIAN_POINT('',(16.39990695764,0.620015860317));
#4585 = CARTESIAN_POINT('',(16.397736749326,0.625));
#4586 = ( GEOMETRIC_REPRESENTATION_CONTEXT(2) 
PARAMETRIC_REPRESENTATION_CONTEXT() REPRESENTATION_CONTEXT('2D SPACE',''
  ) );
#4587 = PCURVE('',#1514,#4588);
#4588 = DEFINITIONAL_REPRESENTATION('',(#4589),#4607);
#4589 = B_SPLINE_CURVE_WITH_KNOTS('',6,(#4590,#4591,#4592,#4593,#4594,
    #4595,#4596,#4597,#4598,#4599,#4600,#4601,#4602,#4603,#4604,#4605,
    #4606),.UNSPECIFIED.,.F.,.F.,(7,5,5,7),(0.,0.479163734706,
    0.949540041384,1.),.UNSPECIFIED.);
#4590 = CARTESIAN_POINT('',(20.,-0.174580926144));
#4591 = CARTESIAN_POINT('',(20.826091955508,-0.779897744076));
#4592 = CARTESIAN_POINT('',(21.648991672027,-1.389565678421));
#4593 = CARTESIAN_POINT('',(22.468151054431,-2.004298296227));
#4594 = CARTESIAN_POINT('',(23.282903934638,-2.624897317569));
#4595 = CARTESIAN_POINT('',(24.092451602393,-3.252271845115));
#4596 = CARTESIAN_POINT('',(25.684560249944,-4.510930590592));
#4597 = CARTESIAN_POINT('',(26.467331627237,-5.141922315114));
#4598 = CARTESIAN_POINT('',(27.243318820736,-5.781351316032));
#4599 = CARTESIAN_POINT('',(28.011497036449,-6.43021855049));
#4600 = CARTESIAN_POINT('',(28.770699597062,-7.089557860973));
#4601 = CARTESIAN_POINT('',(29.600047131562,-7.832299342356));
#4602 = CARTESIAN_POINT('',(29.680278931349,-7.904389658335));
#4603 = CARTESIAN_POINT('',(29.760391669484,-7.976612764456));
#4604 = CARTESIAN_POINT('',(29.840383799502,-8.048969829603));
#4605 = CARTESIAN_POINT('',(29.920253765072,-8.121462009987));
#4606 = CARTESIAN_POINT('',(30.,-8.194090449152));
#4607 = ( GEOMETRIC_REPRESENTATION_CONTEXT(2) 
PARAMETRIC_REPRESENTATION_CONTEXT() REPRESENTATION_CONTEXT('2D SPACE',''
  ) );
#4608 = ORIENTED_EDGE('',*,*,#4609,.T.);
#4609 = EDGE_CURVE('',#4545,#4610,#4612,.T.);
#4610 = VERTEX_POINT('',#4611);
#4611 = CARTESIAN_POINT('',(48.,-42.05465193912,21.));
#4612 = SURFACE_CURVE('',#4613,(#4641,#4648),.PCURVE_S1.);
#4613 = B_SPLINE_CURVE_WITH_KNOTS('',3,(#4614,#4615,#4616,#4617,#4618,
    #4619,#4620,#4621,#4622,#4623,#4624,#4625,#4626,#4627,#4628,#4629,
    #4630,#4631,#4632,#4633,#4634,#4635,#4636,#4637,#4638,#4639,#4640),
  .UNSPECIFIED.,.T.,.F.,(1,1,2,1,1,1,1,1,1,1,1,1,1,1,1,1,1,1,1,1,1,1,1,1
    ,1,1,2,1,1),(-2.,-1.,0.,1.,2.,3.,4.,5.,6.,7.,8.,9.,10.,11.,12.,13.,
    14.,15.,16.,17.,18.,19.,20.,21.,22.,23.,24.,25.,26.),.UNSPECIFIED.);
#4614 = CARTESIAN_POINT('',(140.46666666666,59.602222222222,21.));
#4615 = CARTESIAN_POINT('',(130.01333333333,91.397777777778,21.));
#4616 = CARTESIAN_POINT('',(128.90984555383,127.68669246593,21.));
#4617 = CARTESIAN_POINT('',(135.83554056159,180.63990970256,21.));
#4618 = CARTESIAN_POINT('',(115.66799219978,190.75366872379,21.));
#4619 = CARTESIAN_POINT('',(89.452490639247,209.06541540224,21.));
#4620 = CARTESIAN_POINT('',(67.482045243222,249.18466966723,21.));
#4621 = CARTESIAN_POINT('',(34.579328387863,258.55590592883,21.));
#4622 = CARTESIAN_POINT('',(6.412053243487E-04,257.39170661744,21.));
#4623 = CARTESIAN_POINT('',(-34.58189320916,258.5572676014,21.));
#4624 = CARTESIAN_POINT('',(-67.47306836868,249.17922297695,21.));
#4625 = CARTESIAN_POINT('',(-89.48583331611,209.08584049076,21.));
#4626 = CARTESIAN_POINT('',(-115.5435983668,190.67741505998,21.));
#4627 = CARTESIAN_POINT('',(-136.2997732164,180.92449926929,21.));
#4628 = CARTESIAN_POINT('',(-127.1773087674,126.62458786282,21.));
#4629 = CARTESIAN_POINT('',(-137.0309917137,77.217149279397,21.));
#4630 = CARTESIAN_POINT('',(-136.1387243774,17.506815019587,21.));
#4631 = CARTESIAN_POINT('',(-123.9741107764,-47.04440935774,21.));
#4632 = CARTESIAN_POINT('',(-102.9648325166,-40.76917758861,21.));
#4633 = CARTESIAN_POINT('',(-40.40655915709,-42.4788802878,21.));
#4634 = CARTESIAN_POINT('',(-8.930855019942E-03,-41.91530126016,21.));
#4635 = CARTESIAN_POINT('',(40.442282577174,-42.45991467154,21.));
#4636 = CARTESIAN_POINT('',(102.83980054632,-40.84504005367,21.));
#4637 = CARTESIAN_POINT('',(124.43851523752,-46.75992511375,21.));
#4638 = CARTESIAN_POINT('',(134.40613850356,16.444740508692,21.));
#4639 = CARTESIAN_POINT('',(140.46666666666,59.602222222222,21.));
#4640 = CARTESIAN_POINT('',(130.01333333333,91.397777777778,21.));
#4641 = PCURVE('',#210,#4642);
#4642 = DEFINITIONAL_REPRESENTATION('',(#4643),#4647);
#4643 = LINE('',#4644,#4645);
#4644 = CARTESIAN_POINT('',(0.,0.));
#4645 = VECTOR('',#4646,1.);
#4646 = DIRECTION('',(1.,0.));
#4647 = ( GEOMETRIC_REPRESENTATION_CONTEXT(2) 
PARAMETRIC_REPRESENTATION_CONTEXT() REPRESENTATION_CONTEXT('2D SPACE',''
  ) );
#4648 = PCURVE('',#916,#4649);
#4649 = DEFINITIONAL_REPRESENTATION('',(#4650),#4654);
#4650 = LINE('',#4651,#4652);
#4651 = CARTESIAN_POINT('',(0.,1.));
#4652 = VECTOR('',#4653,1.);
#4653 = DIRECTION('',(1.,0.));
#4654 = ( GEOMETRIC_REPRESENTATION_CONTEXT(2) 
PARAMETRIC_REPRESENTATION_CONTEXT() REPRESENTATION_CONTEXT('2D SPACE',''
  ) );
#4655 = ORIENTED_EDGE('',*,*,#4656,.T.);
#4656 = EDGE_CURVE('',#4610,#4657,#4659,.T.);
#4657 = VERTEX_POINT('',#4658);
#4658 = CARTESIAN_POINT('',(48.,-37.,27.943642716035));
#4659 = SURFACE_CURVE('',#4660,(#4666,#4675),.PCURVE_S1.);
#4660 = B_SPLINE_CURVE_WITH_KNOTS('',4,(#4661,#4662,#4663,#4664,#4665),
  .UNSPECIFIED.,.F.,.F.,(5,5),(0.,1.),.PIECEWISE_BEZIER_KNOTS.);
#4661 = CARTESIAN_POINT('',(48.,-42.05465193912,21.));
#4662 = CARTESIAN_POINT('',(48.,-40.79108546551,22.735981844636));
#4663 = CARTESIAN_POINT('',(48.,-39.52745072795,24.47191345038));
#4664 = CARTESIAN_POINT('',(48.,-38.26375322351,26.207798732245));
#4665 = CARTESIAN_POINT('',(48.,-37.,27.943642716035));
#4666 = PCURVE('',#210,#4667);
#4667 = DEFINITIONAL_REPRESENTATION('',(#4668),#4674);
#4668 = B_SPLINE_CURVE_WITH_KNOTS('',4,(#4669,#4670,#4671,#4672,#4673),
  .UNSPECIFIED.,.F.,.F.,(5,5),(0.,1.),.PIECEWISE_BEZIER_KNOTS.);
#4669 = CARTESIAN_POINT('',(20.074732667311,0.));
#4670 = CARTESIAN_POINT('',(20.082770942701,0.10849886529));
#4671 = CARTESIAN_POINT('',(20.09097073534,0.216994590655));
#4672 = CARTESIAN_POINT('',(20.099341194287,0.32548742076));
#4673 = CARTESIAN_POINT('',(20.107893131636,0.433977669747));
#4674 = ( GEOMETRIC_REPRESENTATION_CONTEXT(2) 
PARAMETRIC_REPRESENTATION_CONTEXT() REPRESENTATION_CONTEXT('2D SPACE',''
  ) );
#4675 = PCURVE('',#1915,#4676);
#4676 = DEFINITIONAL_REPRESENTATION('',(#4677),#4683);
#4677 = B_SPLINE_CURVE_WITH_KNOTS('',4,(#4678,#4679,#4680,#4681,#4682),
  .UNSPECIFIED.,.F.,.F.,(5,5),(0.,1.),.PIECEWISE_BEZIER_KNOTS.);
#4678 = CARTESIAN_POINT('',(8.,-1.945348060878));
#4679 = CARTESIAN_POINT('',(9.735981844636,-3.208914534482));
#4680 = CARTESIAN_POINT('',(11.47191345038,-4.472549272046));
#4681 = CARTESIAN_POINT('',(13.207798732245,-5.736246776486));
#4682 = CARTESIAN_POINT('',(14.943642716035,-7.));
#4683 = ( GEOMETRIC_REPRESENTATION_CONTEXT(2) 
PARAMETRIC_REPRESENTATION_CONTEXT() REPRESENTATION_CONTEXT('2D SPACE',''
  ) );
#4684 = ORIENTED_EDGE('',*,*,#4685,.T.);
#4685 = EDGE_CURVE('',#4657,#4686,#4688,.T.);
#4686 = VERTEX_POINT('',#4687);
#4687 = CARTESIAN_POINT('',(102.,-37.,28.848334376982));
#4688 = SURFACE_CURVE('',#4689,(#4734,#4782),.PCURVE_S1.);
#4689 = B_SPLINE_CURVE_WITH_KNOTS('',8,(#4690,#4691,#4692,#4693,#4694,
    #4695,#4696,#4697,#4698,#4699,#4700,#4701,#4702,#4703,#4704,#4705,
    #4706,#4707,#4708,#4709,#4710,#4711,#4712,#4713,#4714,#4715,#4716,
    #4717,#4718,#4719,#4720,#4721,#4722,#4723,#4724,#4725,#4726,#4727,
    #4728,#4729,#4730,#4731,#4732,#4733),.UNSPECIFIED.,.F.,.F.,(9,7,7,7,
    7,7,9),(0.,0.47130984749,0.741511913981,0.789734256762,
    0.826287090131,0.913644195836,1.),.UNSPECIFIED.);
#4690 = CARTESIAN_POINT('',(48.,-37.,27.943642716035));
#4691 = CARTESIAN_POINT('',(51.183944880783,-37.,27.885383120783));
#4692 = CARTESIAN_POINT('',(54.367758568268,-37.,27.821904770984));
#4693 = CARTESIAN_POINT('',(57.55158456636,-37.,27.757736227727));
#4694 = CARTESIAN_POINT('',(60.735509465967,-37.,27.696442484996));
#4695 = CARTESIAN_POINT('',(63.919578145388,-37.,27.641453587528));
#4696 = CARTESIAN_POINT('',(67.10379948311,-37.,27.596438423575));
#4697 = CARTESIAN_POINT('',(70.288152293748,-37.,27.565576632074));
#4698 = CARTESIAN_POINT('',(75.298253091202,-37.,27.548849364732));
#4699 = CARTESIAN_POINT('',(77.123838913465,-37.,27.549404152063));
#4700 = CARTESIAN_POINT('',(78.949419850147,-37.,27.55775029476));
#4701 = CARTESIAN_POINT('',(80.774982985721,-37.,27.575255300396));
#4702 = CARTESIAN_POINT('',(82.600446027326,-37.,27.603547009735));
#4703 = CARTESIAN_POINT('',(84.425648159412,-37.,27.644794833333));
#4704 = CARTESIAN_POINT('',(86.25034958712,-37.,27.701759067833));
#4705 = CARTESIAN_POINT('',(88.399697981751,-37.,27.792838834086));
#4706 = CARTESIAN_POINT('',(88.72516742229,-37.,27.807279553633));
#4707 = CARTESIAN_POINT('',(89.050605440751,-37.,27.822393362932));
#4708 = CARTESIAN_POINT('',(89.376009069187,-37.,27.838208269996));
#4709 = CARTESIAN_POINT('',(89.701374899318,-37.,27.854754757874));
#4710 = CARTESIAN_POINT('',(90.026699082536,-37.,27.872065784644));
#4711 = CARTESIAN_POINT('',(90.351977329899,-37.,27.890176783419));
#4712 = CARTESIAN_POINT('',(90.923729426191,-37.,27.923489029491));
#4713 = CARTESIAN_POINT('',(91.170224745302,-37.,27.938333911374));
#4714 = CARTESIAN_POINT('',(91.416688782073,-37.,27.953677212348));
#4715 = CARTESIAN_POINT('',(91.663119186197,-37.,27.969537013311));
#4716 = CARTESIAN_POINT('',(91.909513344459,-37.,27.985932571699));
#4717 = CARTESIAN_POINT('',(92.15586838073,-37.,28.002884321497));
#4718 = CARTESIAN_POINT('',(92.402181155975,-37.,28.020413873228));
#4719 = CARTESIAN_POINT('',(93.236998598696,-37.,28.081872983961));
#4720 = CARTESIAN_POINT('',(93.8252910816,-37.,28.12859261587));
#4721 = CARTESIAN_POINT('',(94.413326240159,-37.,28.178370517047));
#4722 = CARTESIAN_POINT('',(95.001119051323,-37.,28.230802992502));
#4723 = CARTESIAN_POINT('',(95.588700329373,-37.,28.285400342444));
#4724 = CARTESIAN_POINT('',(96.176118378044,-37.,28.341569209988));
#4725 = CARTESIAN_POINT('',(96.7634409112,-37.,28.398591979003));
#4726 = CARTESIAN_POINT('',(97.931341656317,-37.,28.511960992944));
#4727 = CARTESIAN_POINT('',(98.511887288319,-37.,28.568304797148));
#4728 = CARTESIAN_POINT('',(99.092514969934,-37.,28.6238002744));
#4729 = CARTESIAN_POINT('',(99.673327911461,-37.,28.677474420509));
#4730 = CARTESIAN_POINT('',(100.25441448081,-37.,28.728184442076));
#4731 = CARTESIAN_POINT('',(100.83584971977,-37.,28.774602091215));
#4732 = CARTESIAN_POINT('',(101.41769559732,-37.,28.815213480335));
#4733 = CARTESIAN_POINT('',(102.,-37.,28.848334376982));
#4734 = PCURVE('',#210,#4735);
#4735 = DEFINITIONAL_REPRESENTATION('',(#4736),#4781);
#4736 = B_SPLINE_CURVE_WITH_KNOTS('',8,(#4737,#4738,#4739,#4740,#4741,
    #4742,#4743,#4744,#4745,#4746,#4747,#4748,#4749,#4750,#4751,#4752,
    #4753,#4754,#4755,#4756,#4757,#4758,#4759,#4760,#4761,#4762,#4763,
    #4764,#4765,#4766,#4767,#4768,#4769,#4770,#4771,#4772,#4773,#4774,
    #4775,#4776,#4777,#4778,#4779,#4780),.UNSPECIFIED.,.F.,.F.,(9,7,7,7,
    7,7,9),(0.,0.47130984749,0.741511913981,0.789734256762,
    0.826287090131,0.913644195836,1.),.UNSPECIFIED.);
#4737 = CARTESIAN_POINT('',(20.107893131511,0.433977669752));
#4738 = CARTESIAN_POINT('',(20.169389165028,0.430336445049));
#4739 = CARTESIAN_POINT('',(20.229585976208,0.426369048187));
#4740 = CARTESIAN_POINT('',(20.289008394541,0.422358514233));
#4741 = CARTESIAN_POINT('',(20.34805227176,0.418527655312));
#4742 = CARTESIAN_POINT('',(20.407084247561,0.41509084922));
#4743 = CARTESIAN_POINT('',(20.466478946691,0.412277401473));
#4744 = CARTESIAN_POINT('',(20.52664917192,0.410348539505));
#4745 = CARTESIAN_POINT('',(20.62344816385,0.409303085296));
#4746 = CARTESIAN_POINT('',(20.659164952298,0.409337759504));
#4747 = CARTESIAN_POINT('',(20.695435893132,0.409859393422));
#4748 = CARTESIAN_POINT('',(20.732389986093,0.410953456275));
#4749 = CARTESIAN_POINT('',(20.770178235995,0.412721688108));
#4750 = CARTESIAN_POINT('',(20.808999673052,0.415299677083));
#4751 = CARTESIAN_POINT('',(20.849105867348,0.41885994174));
#4752 = CARTESIAN_POINT('',(20.89837879806,0.42455242713));
#4753 = CARTESIAN_POINT('',(20.905895005526,0.425454972102));
#4754 = CARTESIAN_POINT('',(20.913467821928,0.426399585183));
#4755 = CARTESIAN_POINT('',(20.921099785476,0.427388016875));
#4756 = CARTESIAN_POINT('',(20.928793655248,0.428422172367));
#4757 = CARTESIAN_POINT('',(20.936552411183,0.42950411154));
#4758 = CARTESIAN_POINT('',(20.944379254087,0.430636048964));
#4759 = CARTESIAN_POINT('',(20.958264604835,0.432718064343));
#4760 = CARTESIAN_POINT('',(20.964292715331,0.433645869461));
#4761 = CARTESIAN_POINT('',(20.970363439145,0.434604825772));
#4762 = CARTESIAN_POINT('',(20.976478395065,0.435596063332));
#4763 = CARTESIAN_POINT('',(20.982639318639,0.436620785731));
#4764 = CARTESIAN_POINT('',(20.988848062174,0.437680270094));
#4765 = CARTESIAN_POINT('',(20.99510659474,0.438775867077));
#4766 = CARTESIAN_POINT('',(21.01649815669,0.442617061498));
#4767 = CARTESIAN_POINT('',(21.031874552691,0.445537038492));
#4768 = CARTESIAN_POINT('',(21.047556979199,0.448648157315));
#4769 = CARTESIAN_POINT('',(21.063556408958,0.451925187031));
#4770 = CARTESIAN_POINT('',(21.079883863019,0.455337521403));
#4771 = CARTESIAN_POINT('',(21.096550091335,0.458848075624));
#4772 = CARTESIAN_POINT('',(21.11356506937,0.462411998688));
#4773 = CARTESIAN_POINT('',(21.148110428576,0.469497562059));
#4774 = CARTESIAN_POINT('',(21.165631703303,0.473019049822));
#4775 = CARTESIAN_POINT('',(21.183510274107,0.47648751715));
#4776 = CARTESIAN_POINT('',(21.201752914098,0.479842151282));
#4777 = CARTESIAN_POINT('',(21.220363041826,0.48301152763));
#4778 = CARTESIAN_POINT('',(21.239339560561,0.485912630701));
#4779 = CARTESIAN_POINT('',(21.258675525336,0.488450842521));
#4780 = CARTESIAN_POINT('',(21.278356637734,0.490520898561));
#4781 = ( GEOMETRIC_REPRESENTATION_CONTEXT(2) 
PARAMETRIC_REPRESENTATION_CONTEXT() REPRESENTATION_CONTEXT('2D SPACE',''
  ) );
#4782 = PCURVE('',#2039,#4783);
#4783 = DEFINITIONAL_REPRESENTATION('',(#4784),#4829);
#4784 = B_SPLINE_CURVE_WITH_KNOTS('',8,(#4785,#4786,#4787,#4788,#4789,
    #4790,#4791,#4792,#4793,#4794,#4795,#4796,#4797,#4798,#4799,#4800,
    #4801,#4802,#4803,#4804,#4805,#4806,#4807,#4808,#4809,#4810,#4811,
    #4812,#4813,#4814,#4815,#4816,#4817,#4818,#4819,#4820,#4821,#4822,
    #4823,#4824,#4825,#4826,#4827,#4828),.UNSPECIFIED.,.F.,.F.,(9,7,7,7,
    7,7,9),(0.,0.47130984749,0.741511913981,0.789734256762,
    0.826287090131,0.913644195836,1.),.UNSPECIFIED.);
#4785 = CARTESIAN_POINT('',(14.943642716035,0.));
#4786 = CARTESIAN_POINT('',(14.885383120783,3.183944880783));
#4787 = CARTESIAN_POINT('',(14.821904770984,6.367758568268));
#4788 = CARTESIAN_POINT('',(14.757736227727,9.55158456636));
#4789 = CARTESIAN_POINT('',(14.696442484996,12.735509465967));
#4790 = CARTESIAN_POINT('',(14.641453587528,15.919578145388));
#4791 = CARTESIAN_POINT('',(14.596438423575,19.10379948311));
#4792 = CARTESIAN_POINT('',(14.565576632074,22.288152293748));
#4793 = CARTESIAN_POINT('',(14.548849364732,27.298253091202));
#4794 = CARTESIAN_POINT('',(14.549404152063,29.123838913465));
#4795 = CARTESIAN_POINT('',(14.55775029476,30.949419850147));
#4796 = CARTESIAN_POINT('',(14.575255300396,32.774982985721));
#4797 = CARTESIAN_POINT('',(14.603547009735,34.600446027326));
#4798 = CARTESIAN_POINT('',(14.644794833333,36.425648159412));
#4799 = CARTESIAN_POINT('',(14.701759067833,38.25034958712));
#4800 = CARTESIAN_POINT('',(14.792838834086,40.399697981751));
#4801 = CARTESIAN_POINT('',(14.807279553633,40.72516742229));
#4802 = CARTESIAN_POINT('',(14.822393362932,41.050605440751));
#4803 = CARTESIAN_POINT('',(14.838208269996,41.376009069187));
#4804 = CARTESIAN_POINT('',(14.854754757874,41.701374899318));
#4805 = CARTESIAN_POINT('',(14.872065784644,42.026699082536));
#4806 = CARTESIAN_POINT('',(14.890176783419,42.351977329899));
#4807 = CARTESIAN_POINT('',(14.923489029491,42.923729426191));
#4808 = CARTESIAN_POINT('',(14.938333911374,43.170224745302));
#4809 = CARTESIAN_POINT('',(14.953677212348,43.416688782073));
#4810 = CARTESIAN_POINT('',(14.969537013311,43.663119186197));
#4811 = CARTESIAN_POINT('',(14.985932571699,43.909513344459));
#4812 = CARTESIAN_POINT('',(15.002884321497,44.15586838073));
#4813 = CARTESIAN_POINT('',(15.020413873228,44.402181155975));
#4814 = CARTESIAN_POINT('',(15.081872983961,45.236998598696));
#4815 = CARTESIAN_POINT('',(15.12859261587,45.8252910816));
#4816 = CARTESIAN_POINT('',(15.178370517047,46.413326240159));
#4817 = CARTESIAN_POINT('',(15.230802992502,47.001119051323));
#4818 = CARTESIAN_POINT('',(15.285400342444,47.588700329372));
#4819 = CARTESIAN_POINT('',(15.341569209988,48.176118378044));
#4820 = CARTESIAN_POINT('',(15.398591979003,48.7634409112));
#4821 = CARTESIAN_POINT('',(15.511960992944,49.931341656317));
#4822 = CARTESIAN_POINT('',(15.568304797148,50.511887288319));
#4823 = CARTESIAN_POINT('',(15.6238002744,51.092514969934));
#4824 = CARTESIAN_POINT('',(15.677474420509,51.673327911461));
#4825 = CARTESIAN_POINT('',(15.728184442076,52.254414480813));
#4826 = CARTESIAN_POINT('',(15.774602091215,52.835849719777));
#4827 = CARTESIAN_POINT('',(15.815213480335,53.417695597327));
#4828 = CARTESIAN_POINT('',(15.848334376982,54.));
#4829 = ( GEOMETRIC_REPRESENTATION_CONTEXT(2) 
PARAMETRIC_REPRESENTATION_CONTEXT() REPRESENTATION_CONTEXT('2D SPACE',''
  ) );
#4830 = ORIENTED_EDGE('',*,*,#4831,.F.);
#4831 = EDGE_CURVE('',#4832,#4686,#4834,.T.);
#4832 = VERTEX_POINT('',#4833);
#4833 = CARTESIAN_POINT('',(102.,-42.47095597352,21.));
#4834 = SURFACE_CURVE('',#4835,(#4846,#4860),.PCURVE_S1.);
#4835 = B_SPLINE_CURVE_WITH_KNOTS('',5,(#4836,#4837,#4838,#4839,#4840,
    #4841,#4842,#4843,#4844,#4845),.UNSPECIFIED.,.F.,.F.,(6,4,6),(0.,
    0.492550726793,1.),.UNSPECIFIED.);
#4836 = CARTESIAN_POINT('',(102.,-42.47095597352,21.));
#4837 = CARTESIAN_POINT('',(102.,-41.93454515795,21.774916656376));
#4838 = CARTESIAN_POINT('',(102.,-41.39794997341,22.549702212559));
#4839 = CARTESIAN_POINT('',(102.,-40.86100169757,23.324240369257));
#4840 = CARTESIAN_POINT('',(102.,-40.32349328272,24.098387116956));
#4841 = CARTESIAN_POINT('',(102.,-39.2305389657,25.668923334842));
#4842 = CARTESIAN_POINT('',(102.,-38.67504265462,26.465276790802));
#4843 = CARTESIAN_POINT('',(102.,-38.1183760722,27.260812470912));
#4844 = CARTESIAN_POINT('',(102.,-37.56018152376,28.055275480556));
#4845 = CARTESIAN_POINT('',(102.,-37.,28.848334376982));
#4846 = PCURVE('',#210,#4847);
#4847 = DEFINITIONAL_REPRESENTATION('',(#4848),#4859);
#4848 = B_SPLINE_CURVE_WITH_KNOTS('',5,(#4849,#4850,#4851,#4852,#4853,
    #4854,#4855,#4856,#4857,#4858),.UNSPECIFIED.,.F.,.F.,(6,4,6),(0.,
    0.492550726793,1.),.UNSPECIFIED.);
#4849 = CARTESIAN_POINT('',(21.152845062147,0.));
#4850 = CARTESIAN_POINT('',(21.164015153628,4.843229102351E-02));
#4851 = CARTESIAN_POINT('',(21.175450753246,9.685638828495E-02));
#4852 = CARTESIAN_POINT('',(21.187164870382,0.145265023079));
#4853 = CARTESIAN_POINT('',(21.199171579065,0.19364919481));
#4854 = CARTESIAN_POINT('',(21.224172875907,0.291807708428));
#4855 = CARTESIAN_POINT('',(21.237186352856,0.341579799425));
#4856 = CARTESIAN_POINT('',(21.25054292569,0.391300779432));
#4857 = CARTESIAN_POINT('',(21.26426024623,0.440954717535));
#4858 = CARTESIAN_POINT('',(21.278356637734,0.490520898561));
#4859 = ( GEOMETRIC_REPRESENTATION_CONTEXT(2) 
PARAMETRIC_REPRESENTATION_CONTEXT() REPRESENTATION_CONTEXT('2D SPACE',''
  ) );
#4860 = PCURVE('',#1007,#4861);
#4861 = DEFINITIONAL_REPRESENTATION('',(#4862),#4873);
#4862 = B_SPLINE_CURVE_WITH_KNOTS('',5,(#4863,#4864,#4865,#4866,#4867,
    #4868,#4869,#4870,#4871,#4872),.UNSPECIFIED.,.F.,.F.,(6,4,6),(0.,
    0.492550726793,1.),.UNSPECIFIED.);
#4863 = CARTESIAN_POINT('',(8.,-1.529044026478));
#4864 = CARTESIAN_POINT('',(8.774916656376,-2.065454842044));
#4865 = CARTESIAN_POINT('',(9.549702212559,-2.602050026582));
#4866 = CARTESIAN_POINT('',(10.324240369257,-3.138998302427));
#4867 = CARTESIAN_POINT('',(11.098387116956,-3.676506717274));
#4868 = CARTESIAN_POINT('',(12.668923334842,-4.769461034294));
#4869 = CARTESIAN_POINT('',(13.465276790802,-5.324957345371));
#4870 = CARTESIAN_POINT('',(14.260812470912,-5.881623927797));
#4871 = CARTESIAN_POINT('',(15.055275480556,-6.439818476237));
#4872 = CARTESIAN_POINT('',(15.848334376982,-7.));
#4873 = ( GEOMETRIC_REPRESENTATION_CONTEXT(2) 
PARAMETRIC_REPRESENTATION_CONTEXT() REPRESENTATION_CONTEXT('2D SPACE',''
  ) );
#4874 = ORIENTED_EDGE('',*,*,#4875,.T.);
#4875 = EDGE_CURVE('',#4832,#834,#4876,.T.);
#4876 = SURFACE_CURVE('',#4877,(#4905,#4912),.PCURVE_S1.);
#4877 = B_SPLINE_CURVE_WITH_KNOTS('',3,(#4878,#4879,#4880,#4881,#4882,
    #4883,#4884,#4885,#4886,#4887,#4888,#4889,#4890,#4891,#4892,#4893,
    #4894,#4895,#4896,#4897,#4898,#4899,#4900,#4901,#4902,#4903,#4904),
  .UNSPECIFIED.,.T.,.F.,(1,1,2,1,1,1,1,1,1,1,1,1,1,1,1,1,1,1,1,1,1,1,1,1
    ,1,1,2,1,1),(-2.,-1.,0.,1.,2.,3.,4.,5.,6.,7.,8.,9.,10.,11.,12.,13.,
    14.,15.,16.,17.,18.,19.,20.,21.,22.,23.,24.,25.,26.),.UNSPECIFIED.);
#4878 = CARTESIAN_POINT('',(140.46666666666,59.602222222222,21.));
#4879 = CARTESIAN_POINT('',(130.01333333333,91.397777777778,21.));
#4880 = CARTESIAN_POINT('',(128.90984555383,127.68669246593,21.));
#4881 = CARTESIAN_POINT('',(135.83554056159,180.63990970256,21.));
#4882 = CARTESIAN_POINT('',(115.66799219978,190.75366872379,21.));
#4883 = CARTESIAN_POINT('',(89.452490639247,209.06541540224,21.));
#4884 = CARTESIAN_POINT('',(67.482045243222,249.18466966723,21.));
#4885 = CARTESIAN_POINT('',(34.579328387863,258.55590592883,21.));
#4886 = CARTESIAN_POINT('',(6.412053243487E-04,257.39170661744,21.));
#4887 = CARTESIAN_POINT('',(-34.58189320916,258.5572676014,21.));
#4888 = CARTESIAN_POINT('',(-67.47306836868,249.17922297695,21.));
#4889 = CARTESIAN_POINT('',(-89.48583331611,209.08584049076,21.));
#4890 = CARTESIAN_POINT('',(-115.5435983668,190.67741505998,21.));
#4891 = CARTESIAN_POINT('',(-136.2997732164,180.92449926929,21.));
#4892 = CARTESIAN_POINT('',(-127.1773087674,126.62458786282,21.));
#4893 = CARTESIAN_POINT('',(-137.0309917137,77.217149279397,21.));
#4894 = CARTESIAN_POINT('',(-136.1387243774,17.506815019587,21.));
#4895 = CARTESIAN_POINT('',(-123.9741107764,-47.04440935774,21.));
#4896 = CARTESIAN_POINT('',(-102.9648325166,-40.76917758861,21.));
#4897 = CARTESIAN_POINT('',(-40.40655915709,-42.4788802878,21.));
#4898 = CARTESIAN_POINT('',(-8.930855019942E-03,-41.91530126016,21.));
#4899 = CARTESIAN_POINT('',(40.442282577174,-42.45991467154,21.));
#4900 = CARTESIAN_POINT('',(102.83980054632,-40.84504005367,21.));
#4901 = CARTESIAN_POINT('',(124.43851523752,-46.75992511375,21.));
#4902 = CARTESIAN_POINT('',(134.40613850356,16.444740508692,21.));
#4903 = CARTESIAN_POINT('',(140.46666666666,59.602222222222,21.));
#4904 = CARTESIAN_POINT('',(130.01333333333,91.397777777778,21.));
#4905 = PCURVE('',#210,#4906);
#4906 = DEFINITIONAL_REPRESENTATION('',(#4907),#4911);
#4907 = LINE('',#4908,#4909);
#4908 = CARTESIAN_POINT('',(0.,0.));
#4909 = VECTOR('',#4910,1.);
#4910 = DIRECTION('',(1.,0.));
#4911 = ( GEOMETRIC_REPRESENTATION_CONTEXT(2) 
PARAMETRIC_REPRESENTATION_CONTEXT() REPRESENTATION_CONTEXT('2D SPACE',''
  ) );
#4912 = PCURVE('',#916,#4913);
#4913 = DEFINITIONAL_REPRESENTATION('',(#4914),#4918);
#4914 = LINE('',#4915,#4916);
#4915 = CARTESIAN_POINT('',(0.,1.));
#4916 = VECTOR('',#4917,1.);
#4917 = DIRECTION('',(1.,0.));
#4918 = ( GEOMETRIC_REPRESENTATION_CONTEXT(2) 
PARAMETRIC_REPRESENTATION_CONTEXT() REPRESENTATION_CONTEXT('2D SPACE',''
  ) );
#4919 = ORIENTED_EDGE('',*,*,#833,.T.);
#4920 = ADVANCED_FACE('',(#4921),#629,.T.);
#4921 = FACE_BOUND('',#4922,.T.);
#4922 = EDGE_LOOP('',(#4923,#4944,#4945,#5070));
#4923 = ORIENTED_EDGE('',*,*,#4924,.T.);
#4924 = EDGE_CURVE('',#4925,#612,#4927,.T.);
#4925 = VERTEX_POINT('',#4926);
#4926 = CARTESIAN_POINT('',(120.94210845898,-43.,2.));
#4927 = SURFACE_CURVE('',#4928,(#4932,#4938),.PCURVE_S1.);
#4928 = LINE('',#4929,#4930);
#4929 = CARTESIAN_POINT('',(123.5,-43.,2.));
#4930 = VECTOR('',#4931,1.);
#4931 = DIRECTION('',(-1.,0.,-4.399158488766E-19));
#4932 = PCURVE('',#629,#4933);
#4933 = DEFINITIONAL_REPRESENTATION('',(#4934),#4937);
#4934 = B_SPLINE_CURVE_WITH_KNOTS('',1,(#4935,#4936),.UNSPECIFIED.,.F.,
  .F.,(2,2),(-3.329061413826,14.5),.PIECEWISE_BEZIER_KNOTS.);
#4935 = CARTESIAN_POINT('',(1.,17.829061413826));
#4936 = CARTESIAN_POINT('',(1.,0.));
#4937 = ( GEOMETRIC_REPRESENTATION_CONTEXT(2) 
PARAMETRIC_REPRESENTATION_CONTEXT() REPRESENTATION_CONTEXT('2D SPACE',''
  ) );
#4938 = PCURVE('',#656,#4939);
#4939 = DEFINITIONAL_REPRESENTATION('',(#4940),#4943);
#4940 = B_SPLINE_CURVE_WITH_KNOTS('',1,(#4941,#4942),.UNSPECIFIED.,.F.,
  .F.,(2,2),(-3.329061413826,14.5),.PIECEWISE_BEZIER_KNOTS.);
#4941 = CARTESIAN_POINT('',(-30.23294268816,114.60697642513));
#4942 = CARTESIAN_POINT('',(-13.49896801796,120.75917299505));
#4943 = ( GEOMETRIC_REPRESENTATION_CONTEXT(2) 
PARAMETRIC_REPRESENTATION_CONTEXT() REPRESENTATION_CONTEXT('2D SPACE',''
  ) );
#4944 = ORIENTED_EDGE('',*,*,#611,.T.);
#4945 = ORIENTED_EDGE('',*,*,#4946,.T.);
#4946 = EDGE_CURVE('',#614,#4947,#4949,.T.);
#4947 = VERTEX_POINT('',#4948);
#4948 = CARTESIAN_POINT('',(119.29557953969,-43.,8.));
#4949 = SURFACE_CURVE('',#4950,(#4988,#5029),.PCURVE_S1.);
#4950 = B_SPLINE_CURVE_WITH_KNOTS('',8,(#4951,#4952,#4953,#4954,#4955,
    #4956,#4957,#4958,#4959,#4960,#4961,#4962,#4963,#4964,#4965,#4966,
    #4967,#4968,#4969,#4970,#4971,#4972,#4973,#4974,#4975,#4976,#4977,
    #4978,#4979,#4980,#4981,#4982,#4983,#4984,#4985,#4986,#4987),
  .UNSPECIFIED.,.F.,.F.,(9,7,7,7,7,9),(0.,9.36700118876E-02,
    0.235902300846,0.336720119662,0.676784888782,1.),.UNSPECIFIED.);
#4951 = CARTESIAN_POINT('',(109.,-43.,19.605187854173));
#4952 = CARTESIAN_POINT('',(109.19171689802,-43.,19.598918161255));
#4953 = CARTESIAN_POINT('',(109.38326253699,-43.,19.586715435345));
#4954 = CARTESIAN_POINT('',(109.57438448133,-43.,19.568334356638));
#4955 = CARTESIAN_POINT('',(109.76481910978,-43.,19.54357407777));
#4956 = CARTESIAN_POINT('',(109.95429347444,-43.,19.512290664566));
#4957 = CARTESIAN_POINT('',(110.14252686208,-43.,19.474407851373));
#4958 = CARTESIAN_POINT('',(110.329232058,-43.,19.429926110969));
#4959 = CARTESIAN_POINT('',(110.79485195146,-43.,19.301495565721));
#4960 = CARTESIAN_POINT('',(111.07148294916,-43.,19.209015420107));
#4961 = CARTESIAN_POINT('',(111.34292142932,-43.,19.101783007535));
#4962 = CARTESIAN_POINT('',(111.60838902056,-43.,18.98046453435));
#4963 = CARTESIAN_POINT('',(111.86736341389,-43.,18.845994759337));
#4964 = CARTESIAN_POINT('',(112.11952356659,-43.,18.699465017111));
#4965 = CARTESIAN_POINT('',(112.36470251641,-43.,18.542025275441));
#4966 = CARTESIAN_POINT('',(112.77166648664,-43.,18.256304099132));
#4967 = CARTESIAN_POINT('',(112.93698574337,-43.,18.132853209396));
#4968 = CARTESIAN_POINT('',(113.0988389124,-43.,18.004843670619));
#4969 = CARTESIAN_POINT('',(113.25728072751,-43.,17.87263854661));
#4970 = CARTESIAN_POINT('',(113.41238863397,-43.,17.736580488786));
#4971 = CARTESIAN_POINT('',(113.56425706245,-43.,17.596984921918));
#4972 = CARTESIAN_POINT('',(113.7129936271,-43.,17.45413554053));
#4973 = CARTESIAN_POINT('',(114.35025207655,-43.,16.816309449306));
#4974 = CARTESIAN_POINT('',(114.80669389705,-43.,16.290971550553));
#4975 = CARTESIAN_POINT('',(115.23394316595,-43.,15.740900886638));
#4976 = CARTESIAN_POINT('',(115.63617193201,-43.,15.172365552991));
#4977 = CARTESIAN_POINT('',(116.01677227883,-43.,14.589952148997));
#4978 = CARTESIAN_POINT('',(116.37862235367,-43.,13.996754356544));
#4979 = CARTESIAN_POINT('',(116.7243183744,-43.,13.39454336082));
#4980 = CARTESIAN_POINT('',(117.37179660397,-43.,12.203402466237));
#4981 = CARTESIAN_POINT('',(117.67447486056,-43.,11.616086806722));
#4982 = CARTESIAN_POINT('',(117.96604846375,-43.,11.023128949258));
#4983 = CARTESIAN_POINT('',(118.24781728014,-43.,10.425467582609));
#4984 = CARTESIAN_POINT('',(118.52083152585,-43.,9.823834114245));
#4985 = CARTESIAN_POINT('',(118.78597524625,-43.,9.218791929594));
#4986 = CARTESIAN_POINT('',(119.04400268753,-43.,8.610753428548));
#4987 = CARTESIAN_POINT('',(119.29557953969,-43.,8.));
#4988 = PCURVE('',#629,#4989);
#4989 = DEFINITIONAL_REPRESENTATION('',(#4990),#5028);
#4990 = B_SPLINE_CURVE_WITH_KNOTS('',8,(#4991,#4992,#4993,#4994,#4995,
    #4996,#4997,#4998,#4999,#5000,#5001,#5002,#5003,#5004,#5005,#5006,
    #5007,#5008,#5009,#5010,#5011,#5012,#5013,#5014,#5015,#5016,#5017,
    #5018,#5019,#5020,#5021,#5022,#5023,#5024,#5025,#5026,#5027),
  .UNSPECIFIED.,.F.,.F.,(9,7,7,7,7,9),(0.,9.36700118876E-02,
    0.235902300846,0.336720119662,0.676784888782,1.),.UNSPECIFIED.);
#4991 = CARTESIAN_POINT('',(18.605187854173,0.));
#4992 = CARTESIAN_POINT('',(18.598918161255,0.191716898023));
#4993 = CARTESIAN_POINT('',(18.586715435345,0.383262536998));
#4994 = CARTESIAN_POINT('',(18.568334356638,0.574384481332));
#4995 = CARTESIAN_POINT('',(18.54357407777,0.764819109786));
#4996 = CARTESIAN_POINT('',(18.512290664566,0.954293474443));
#4997 = CARTESIAN_POINT('',(18.474407851373,1.142526862087));
#4998 = CARTESIAN_POINT('',(18.429926110969,1.329232058004));
#4999 = CARTESIAN_POINT('',(18.301495565721,1.79485195146));
#5000 = CARTESIAN_POINT('',(18.209015420107,2.071482949163));
#5001 = CARTESIAN_POINT('',(18.101783007535,2.342921429322));
#5002 = CARTESIAN_POINT('',(17.98046453435,2.608389020562));
#5003 = CARTESIAN_POINT('',(17.845994759337,2.86736341389));
#5004 = CARTESIAN_POINT('',(17.699465017111,3.119523566598));
#5005 = CARTESIAN_POINT('',(17.542025275441,3.364702516416));
#5006 = CARTESIAN_POINT('',(17.256304099132,3.771666486643));
#5007 = CARTESIAN_POINT('',(17.132853209396,3.936985743373));
#5008 = CARTESIAN_POINT('',(17.004843670619,4.098838912403));
#5009 = CARTESIAN_POINT('',(16.87263854661,4.257280727514));
#5010 = CARTESIAN_POINT('',(16.736580488786,4.412388633971));
#5011 = CARTESIAN_POINT('',(16.596984921918,4.564257062459));
#5012 = CARTESIAN_POINT('',(16.45413554053,4.7129936271));
#5013 = CARTESIAN_POINT('',(15.816309449306,5.350252076559));
#5014 = CARTESIAN_POINT('',(15.290971550553,5.806693897053));
#5015 = CARTESIAN_POINT('',(14.740900886638,6.233943165959));
#5016 = CARTESIAN_POINT('',(14.172365552991,6.636171932017));
#5017 = CARTESIAN_POINT('',(13.589952148997,7.016772278836));
#5018 = CARTESIAN_POINT('',(12.996754356544,7.378622353673));
#5019 = CARTESIAN_POINT('',(12.39454336082,7.724318374409));
#5020 = CARTESIAN_POINT('',(11.203402466237,8.371796603972));
#5021 = CARTESIAN_POINT('',(10.616086806722,8.674474860562));
#5022 = CARTESIAN_POINT('',(10.023128949258,8.966048463756));
#5023 = CARTESIAN_POINT('',(9.425467582609,9.247817280149));
#5024 = CARTESIAN_POINT('',(8.823834114245,9.520831525851));
#5025 = CARTESIAN_POINT('',(8.218791929594,9.78597524625));
#5026 = CARTESIAN_POINT('',(7.610753428548,10.044002687537));
#5027 = CARTESIAN_POINT('',(7.,10.295579539694));
#5028 = ( GEOMETRIC_REPRESENTATION_CONTEXT(2) 
PARAMETRIC_REPRESENTATION_CONTEXT() REPRESENTATION_CONTEXT('2D SPACE',''
  ) );
#5029 = PCURVE('',#916,#5030);
#5030 = DEFINITIONAL_REPRESENTATION('',(#5031),#5069);
#5031 = B_SPLINE_CURVE_WITH_KNOTS('',8,(#5032,#5033,#5034,#5035,#5036,
    #5037,#5038,#5039,#5040,#5041,#5042,#5043,#5044,#5045,#5046,#5047,
    #5048,#5049,#5050,#5051,#5052,#5053,#5054,#5055,#5056,#5057,#5058,
    #5059,#5060,#5061,#5062,#5063,#5064,#5065,#5066,#5067,#5068),
  .UNSPECIFIED.,.F.,.F.,(9,7,7,7,7,9),(0.,9.36700118876E-02,
    0.235902300846,0.336720119662,0.676784888782,1.),.UNSPECIFIED.);
#5032 = CARTESIAN_POINT('',(21.362706527521,0.892706758013));
#5033 = CARTESIAN_POINT('',(21.369252165158,0.892224473943));
#5034 = CARTESIAN_POINT('',(21.375816574751,0.891285802719));
#5035 = CARTESIAN_POINT('',(21.382389924082,0.889871873588));
#5036 = CARTESIAN_POINT('',(21.388961747814,0.887967236752));
#5037 = CARTESIAN_POINT('',(21.395521036644,0.885560820351));
#5038 = CARTESIAN_POINT('',(21.402056328,0.882646757798));
#5039 = CARTESIAN_POINT('',(21.408555798301,0.879225085459));
#5040 = CARTESIAN_POINT('',(21.42480366092,0.869345812748));
#5041 = CARTESIAN_POINT('',(21.434492770168,0.862231955393));
#5042 = CARTESIAN_POINT('',(21.444030199268,0.853983308272));
#5043 = CARTESIAN_POINT('',(21.45338178814,0.844651118027));
#5044 = CARTESIAN_POINT('',(21.462522716855,0.83430728918));
#5045 = CARTESIAN_POINT('',(21.471436002641,0.823035770547));
#5046 = CARTESIAN_POINT('',(21.480110955577,0.810925021188));
#5047 = CARTESIAN_POINT('',(21.494518255017,0.788946469164));
#5048 = CARTESIAN_POINT('',(21.500373307989,0.779450246877));
#5049 = CARTESIAN_POINT('',(21.506106679973,0.769603359278));
#5050 = CARTESIAN_POINT('',(21.511719107336,0.759433734355));
#5051 = CARTESIAN_POINT('',(21.517212324393,0.748967729907));
#5052 = CARTESIAN_POINT('',(21.522588839913,0.738229609378));
#5053 = CARTESIAN_POINT('',(21.527851777108,0.727241195425));
#5054 = CARTESIAN_POINT('',(21.550386166408,0.678177649947));
#5055 = CARTESIAN_POINT('',(21.566487987569,0.63776704235));
#5056 = CARTESIAN_POINT('',(21.581497523674,0.595453914357));
#5057 = CARTESIAN_POINT('',(21.595556217662,0.551720427153));
#5058 = CARTESIAN_POINT('',(21.608782743336,0.506919396077));
#5059 = CARTESIAN_POINT('',(21.621280380188,0.461288796657));
#5060 = CARTESIAN_POINT('',(21.633142807627,0.414964873909));
#5061 = CARTESIAN_POINT('',(21.655210585556,0.323338651249));
#5062 = CARTESIAN_POINT('',(21.665454223439,0.278160523594));
#5063 = CARTESIAN_POINT('',(21.675251099532,0.232548380712));
#5064 = CARTESIAN_POINT('',(21.684649479589,0.186574429431));
#5065 = CARTESIAN_POINT('',(21.693688816685,0.140294931865));
#5066 = CARTESIAN_POINT('',(21.702402567469,9.375322535337E-02));
#5067 = CARTESIAN_POINT('',(21.710819434265,4.698103296523E-02));
#5068 = CARTESIAN_POINT('',(21.718964753637,0.));
#5069 = ( GEOMETRIC_REPRESENTATION_CONTEXT(2) 
PARAMETRIC_REPRESENTATION_CONTEXT() REPRESENTATION_CONTEXT('2D SPACE',''
  ) );
#5070 = ORIENTED_EDGE('',*,*,#5071,.F.);
#5071 = EDGE_CURVE('',#4925,#4947,#5072,.T.);
#5072 = SURFACE_CURVE('',#5073,(#5084,#5098),.PCURVE_S1.);
#5073 = B_SPLINE_CURVE_WITH_KNOTS('',5,(#5074,#5075,#5076,#5077,#5078,
    #5079,#5080,#5081,#5082,#5083),.UNSPECIFIED.,.F.,.F.,(6,4,6),(0.,
    0.551691350869,1.),.UNSPECIFIED.);
#5074 = CARTESIAN_POINT('',(120.94210845898,-43.,2.));
#5075 = CARTESIAN_POINT('',(120.77238471307,-43.,2.665157004288));
#5076 = CARTESIAN_POINT('',(120.59985969863,-43.,3.329617071068));
#5077 = CARTESIAN_POINT('',(120.42430543025,-43.,3.99330863709));
#5078 = CARTESIAN_POINT('',(120.24545496156,-43.,4.65614155348));
#5079 = CARTESIAN_POINT('',(119.91468528452,-43.,5.855829882477));
#5080 = CARTESIAN_POINT('',(119.76400003209,-43.,6.393015900259));
#5081 = CARTESIAN_POINT('',(119.61073546109,-43.,6.929494799093));
#5082 = CARTESIAN_POINT('',(119.45468166047,-43.,7.465188969054));
#5083 = CARTESIAN_POINT('',(119.29557953969,-43.,8.));
#5084 = PCURVE('',#629,#5085);
#5085 = DEFINITIONAL_REPRESENTATION('',(#5086),#5097);
#5086 = B_SPLINE_CURVE_WITH_KNOTS('',5,(#5087,#5088,#5089,#5090,#5091,
    #5092,#5093,#5094,#5095,#5096),.UNSPECIFIED.,.F.,.F.,(6,4,6),(0.,
    0.551691350869,1.),.UNSPECIFIED.);
#5087 = CARTESIAN_POINT('',(1.,11.942108458989));
#5088 = CARTESIAN_POINT('',(1.665157004288,11.772384713078));
#5089 = CARTESIAN_POINT('',(2.329617071068,11.599859698634));
#5090 = CARTESIAN_POINT('',(2.99330863709,11.424305430252));
#5091 = CARTESIAN_POINT('',(3.65614155348,11.245454961561));
#5092 = CARTESIAN_POINT('',(4.855829882477,10.914685284521));
#5093 = CARTESIAN_POINT('',(5.393015900259,10.764000032096));
#5094 = CARTESIAN_POINT('',(5.929494799093,10.610735461092));
#5095 = CARTESIAN_POINT('',(6.465188969054,10.454681660477));
#5096 = CARTESIAN_POINT('',(7.,10.295579539694));
#5097 = ( GEOMETRIC_REPRESENTATION_CONTEXT(2) 
PARAMETRIC_REPRESENTATION_CONTEXT() REPRESENTATION_CONTEXT('2D SPACE',''
  ) );
#5098 = PCURVE('',#5099,#5154);
#5099 = B_SPLINE_SURFACE_WITH_KNOTS('',3,1,(
    (#5100,#5101)
    ,(#5102,#5103)
    ,(#5104,#5105)
    ,(#5106,#5107)
    ,(#5108,#5109)
    ,(#5110,#5111)
    ,(#5112,#5113)
    ,(#5114,#5115)
    ,(#5116,#5117)
    ,(#5118,#5119)
    ,(#5120,#5121)
    ,(#5122,#5123)
    ,(#5124,#5125)
    ,(#5126,#5127)
    ,(#5128,#5129)
    ,(#5130,#5131)
    ,(#5132,#5133)
    ,(#5134,#5135)
    ,(#5136,#5137)
    ,(#5138,#5139)
    ,(#5140,#5141)
    ,(#5142,#5143)
    ,(#5144,#5145)
    ,(#5146,#5147)
    ,(#5148,#5149)
    ,(#5150,#5151)
    ,(#5152,#5153
    )),.UNSPECIFIED.,.T.,.F.,.F.,(1,1,2,1,1,1,1,1,1,1,1,1,1,1,1,1,1,1,1,
    1,1,1,1,1,1,1,2,1,1),(2,2),(-2.,-1.,0.,1.,2.,3.,4.,5.,6.,7.,8.,9.,
    10.,11.,12.,13.,14.,15.,16.,17.,18.,19.,20.,21.,22.,23.,24.,25.,26.)
  ,(0.,1.),.UNSPECIFIED.);
#5100 = CARTESIAN_POINT('',(143.33333333333,58.777777777778,2.));
#5101 = CARTESIAN_POINT('',(142.61666666666,58.983888888889,8.));
#5102 = CARTESIAN_POINT('',(132.66666666666,91.222222222222,2.));
#5103 = CARTESIAN_POINT('',(132.00333333333,91.266111111111,8.));
#5104 = CARTESIAN_POINT('',(131.54065872839,128.25172700605,2.));
#5105 = CARTESIAN_POINT('',(130.88295543475,128.11046837102,8.));
#5106 = CARTESIAN_POINT('',(138.6076944506,182.28562214547,2.));
#5107 = CARTESIAN_POINT('',(137.91465597835,181.87419403475,8.));
#5108 = CARTESIAN_POINT('',(118.02856346917,192.60578441203,2.));
#5109 = CARTESIAN_POINT('',(117.43842065182,192.14275548997,8.));
#5110 = CARTESIAN_POINT('',(91.278051672701,211.29124020637,2.));
#5111 = CARTESIAN_POINT('',(90.821661414338,210.73478400533,8.));
#5112 = CARTESIAN_POINT('',(68.859229840023,252.22925476248,2.));
#5113 = CARTESIAN_POINT('',(68.514933690823,251.46810848866,8.));
#5114 = CARTESIAN_POINT('',(35.285028967207,261.7917407437,2.));
#5115 = CARTESIAN_POINT('',(35.108603822371,260.98278203998,8.));
#5116 = CARTESIAN_POINT('',(6.542911472914E-04,260.60378226269,2.));
#5117 = CARTESIAN_POINT('',(6.510196915543E-04,259.80076335138,8.));
#5118 = CARTESIAN_POINT('',(-35.28764613179,261.79313020551,2.));
#5119 = CARTESIAN_POINT('',(-35.11120790113,260.98416455448,8.));
#5120 = CARTESIAN_POINT('',(-68.85006976396,252.22369691526,2.));
#5121 = CARTESIAN_POINT('',(-68.50581941514,251.46257843068,8.));
#5122 = CARTESIAN_POINT('',(-91.31207481236,211.31208213343,2.));
#5123 = CARTESIAN_POINT('',(-90.85551443829,210.75552172276,8.));
#5124 = CARTESIAN_POINT('',(-117.9016309865,192.527974551,2.));
#5125 = CARTESIAN_POINT('',(-117.3121228316,192.06533467825,8.));
#5126 = CARTESIAN_POINT('',(-139.0814012412,182.57601966254,2.));
#5127 = CARTESIAN_POINT('',(-138.385994235,182.16313956423,8.));
#5128 = CARTESIAN_POINT('',(-129.7727640484,127.1679467988,2.));
#5129 = CARTESIAN_POINT('',(-129.1239002281,127.0321070648,8.));
#5130 = CARTESIAN_POINT('',(-139.827542565,76.752193142242,2.));
#5131 = CARTESIAN_POINT('',(-139.1284048522,76.86843217653,8.));
#5132 = CARTESIAN_POINT('',(-138.9170656912,15.823280632231,2.));
#5133 = CARTESIAN_POINT('',(-138.2224803628,16.24416422907,8.));
#5134 = CARTESIAN_POINT('',(-126.5041946698,-50.04531567116,2.));
#5135 = CARTESIAN_POINT('',(-125.8716736965,-49.29508909281,8.));
#5136 = CARTESIAN_POINT('',(-105.0661556291,-43.64201794756,2.));
#5137 = CARTESIAN_POINT('',(-104.540824851,-42.92380785782,8.));
#5138 = CARTESIAN_POINT('',(-41.23118281336,-45.38661253857,2.));
#5139 = CARTESIAN_POINT('',(-41.02502689929,-44.65967947588,8.));
#5140 = CARTESIAN_POINT('',(-9.113117367284E-03,-44.81153189812,2.));
#5141 = CARTESIAN_POINT('',(-9.067551780451E-03,-44.08747423863,8.));
#5142 = CARTESIAN_POINT('',(41.26763528283,-45.36725986891,2.));
#5143 = CARTESIAN_POINT('',(41.061297106416,-44.64042356957,8.));
#5144 = CARTESIAN_POINT('',(104.93857198604,-43.7194286262,2.));
#5145 = CARTESIAN_POINT('',(104.41387912611,-43.00083148307,8.));
#5146 = CARTESIAN_POINT('',(126.97807677298,-49.75502562627,2.));
#5147 = CARTESIAN_POINT('',(126.34318638912,-49.00625049814,8.));
#5148 = CARTESIAN_POINT('',(137.149120922,14.739531131318,2.));
#5149 = CARTESIAN_POINT('',(136.46337531739,15.165833475661,8.));
#5150 = CARTESIAN_POINT('',(143.33333333333,58.777777777778,2.));
#5151 = CARTESIAN_POINT('',(142.61666666666,58.983888888889,8.));
#5152 = CARTESIAN_POINT('',(132.66666666666,91.222222222222,2.));
#5153 = CARTESIAN_POINT('',(132.00333333333,91.266111111111,8.));
#5154 = DEFINITIONAL_REPRESENTATION('',(#5155),#5166);
#5155 = B_SPLINE_CURVE_WITH_KNOTS('',5,(#5156,#5157,#5158,#5159,#5160,
    #5161,#5162,#5163,#5164,#5165),.UNSPECIFIED.,.F.,.F.,(6,4,6),(0.,
    0.551691350869,1.),.UNSPECIFIED.);
#5156 = CARTESIAN_POINT('',(21.771050186838,0.));
#5157 = CARTESIAN_POINT('',(21.765811812219,0.110859500715));
#5158 = CARTESIAN_POINT('',(21.760452382124,0.221602845178));
#5159 = CARTESIAN_POINT('',(21.754962972401,0.332218106182));
#5160 = CARTESIAN_POINT('',(21.749333187586,0.442690258913));
#5161 = CARTESIAN_POINT('',(21.738850666265,0.642638313746));
#5162 = CARTESIAN_POINT('',(21.734050017259,0.73216931671));
#5163 = CARTESIAN_POINT('',(21.72914115009,0.821582466515));
#5164 = CARTESIAN_POINT('',(21.724116012885,0.910864828176));
#5165 = CARTESIAN_POINT('',(21.718964753637,1.));
#5166 = ( GEOMETRIC_REPRESENTATION_CONTEXT(2) 
PARAMETRIC_REPRESENTATION_CONTEXT() REPRESENTATION_CONTEXT('2D SPACE',''
  ) );
#5167 = ADVANCED_FACE('',(#5168),#916,.T.);
#5168 = FACE_BOUND('',#5169,.T.);
#5169 = EDGE_LOOP('',(#5170,#5274,#5314,#5359,#5360,#5361,#5362,#5391,
    #5542,#5569,#5570,#5599));
#5170 = ORIENTED_EDGE('',*,*,#5171,.T.);
#5171 = EDGE_CURVE('',#5172,#5174,#5176,.T.);
#5172 = VERTEX_POINT('',#5173);
#5173 = CARTESIAN_POINT('',(-119.2952576636,-43.,8.));
#5174 = VERTEX_POINT('',#5175);
#5175 = CARTESIAN_POINT('',(-111.3571767827,-45.,8.));
#5176 = SURFACE_CURVE('',#5177,(#5205,#5212),.PCURVE_S1.);
#5177 = B_SPLINE_CURVE_WITH_KNOTS('',3,(#5178,#5179,#5180,#5181,#5182,
    #5183,#5184,#5185,#5186,#5187,#5188,#5189,#5190,#5191,#5192,#5193,
    #5194,#5195,#5196,#5197,#5198,#5199,#5200,#5201,#5202,#5203,#5204),
  .UNSPECIFIED.,.T.,.F.,(1,1,2,1,1,1,1,1,1,1,1,1,1,1,1,1,1,1,1,1,1,1,1,1
    ,1,1,2,1,1),(-2.,-1.,0.,1.,2.,3.,4.,5.,6.,7.,8.,9.,10.,11.,12.,13.,
    14.,15.,16.,17.,18.,19.,20.,21.,22.,23.,24.,25.,26.),.UNSPECIFIED.);
#5178 = CARTESIAN_POINT('',(142.61666666666,58.983888888889,8.));
#5179 = CARTESIAN_POINT('',(132.00333333333,91.266111111111,8.));
#5180 = CARTESIAN_POINT('',(130.88295543475,128.11046837102,8.));
#5181 = CARTESIAN_POINT('',(137.91465597835,181.87419403475,8.));
#5182 = CARTESIAN_POINT('',(117.43842065182,192.14275548997,8.));
#5183 = CARTESIAN_POINT('',(90.821661414338,210.73478400533,8.));
#5184 = CARTESIAN_POINT('',(68.514933690823,251.46810848866,8.));
#5185 = CARTESIAN_POINT('',(35.108603822371,260.98278203998,8.));
#5186 = CARTESIAN_POINT('',(6.510196915543E-04,259.80076335138,8.));
#5187 = CARTESIAN_POINT('',(-35.11120790113,260.98416455448,8.));
#5188 = CARTESIAN_POINT('',(-68.50581941514,251.46257843068,8.));
#5189 = CARTESIAN_POINT('',(-90.85551443829,210.75552172276,8.));
#5190 = CARTESIAN_POINT('',(-117.3121228316,192.06533467825,8.));
#5191 = CARTESIAN_POINT('',(-138.385994235,182.16313956423,8.));
#5192 = CARTESIAN_POINT('',(-129.1239002281,127.0321070648,8.));
#5193 = CARTESIAN_POINT('',(-139.1284048522,76.86843217653,8.));
#5194 = CARTESIAN_POINT('',(-138.2224803628,16.24416422907,8.));
#5195 = CARTESIAN_POINT('',(-125.8716736965,-49.29508909281,8.));
#5196 = CARTESIAN_POINT('',(-104.540824851,-42.92380785782,8.));
#5197 = CARTESIAN_POINT('',(-41.02502689929,-44.65967947588,8.));
#5198 = CARTESIAN_POINT('',(-9.067551780451E-03,-44.08747423863,8.));
#5199 = CARTESIAN_POINT('',(41.061297106416,-44.64042356957,8.));
#5200 = CARTESIAN_POINT('',(104.41387912611,-43.00083148307,8.));
#5201 = CARTESIAN_POINT('',(126.34318638912,-49.00625049814,8.));
#5202 = CARTESIAN_POINT('',(136.46337531739,15.165833475661,8.));
#5203 = CARTESIAN_POINT('',(142.61666666666,58.983888888889,8.));
#5204 = CARTESIAN_POINT('',(132.00333333333,91.266111111111,8.));
#5205 = PCURVE('',#916,#5206);
#5206 = DEFINITIONAL_REPRESENTATION('',(#5207),#5211);
#5207 = LINE('',#5208,#5209);
#5208 = CARTESIAN_POINT('',(0.,0.));
#5209 = VECTOR('',#5210,1.);
#5210 = DIRECTION('',(1.,0.));
#5211 = ( GEOMETRIC_REPRESENTATION_CONTEXT(2) 
PARAMETRIC_REPRESENTATION_CONTEXT() REPRESENTATION_CONTEXT('2D SPACE',''
  ) );
#5212 = PCURVE('',#5213,#5268);
#5213 = B_SPLINE_SURFACE_WITH_KNOTS('',3,1,(
    (#5214,#5215)
    ,(#5216,#5217)
    ,(#5218,#5219)
    ,(#5220,#5221)
    ,(#5222,#5223)
    ,(#5224,#5225)
    ,(#5226,#5227)
    ,(#5228,#5229)
    ,(#5230,#5231)
    ,(#5232,#5233)
    ,(#5234,#5235)
    ,(#5236,#5237)
    ,(#5238,#5239)
    ,(#5240,#5241)
    ,(#5242,#5243)
    ,(#5244,#5245)
    ,(#5246,#5247)
    ,(#5248,#5249)
    ,(#5250,#5251)
    ,(#5252,#5253)
    ,(#5254,#5255)
    ,(#5256,#5257)
    ,(#5258,#5259)
    ,(#5260,#5261)
    ,(#5262,#5263)
    ,(#5264,#5265)
    ,(#5266,#5267
    )),.UNSPECIFIED.,.T.,.F.,.F.,(1,1,2,1,1,1,1,1,1,1,1,1,1,1,1,1,1,1,1,
    1,1,1,1,1,1,1,2,1,1),(2,2),(-2.,-1.,0.,1.,2.,3.,4.,5.,6.,7.,8.,9.,
    10.,11.,12.,13.,14.,15.,16.,17.,18.,19.,20.,21.,22.,23.,24.,25.,26.)
  ,(0.,1.),.UNSPECIFIED.);
#5214 = CARTESIAN_POINT('',(143.33333333333,58.777777777778,2.));
#5215 = CARTESIAN_POINT('',(142.61666666666,58.983888888889,8.));
#5216 = CARTESIAN_POINT('',(132.66666666666,91.222222222222,2.));
#5217 = CARTESIAN_POINT('',(132.00333333333,91.266111111111,8.));
#5218 = CARTESIAN_POINT('',(131.54065872839,128.25172700605,2.));
#5219 = CARTESIAN_POINT('',(130.88295543475,128.11046837102,8.));
#5220 = CARTESIAN_POINT('',(138.6076944506,182.28562214547,2.));
#5221 = CARTESIAN_POINT('',(137.91465597835,181.87419403475,8.));
#5222 = CARTESIAN_POINT('',(118.02856346917,192.60578441203,2.));
#5223 = CARTESIAN_POINT('',(117.43842065182,192.14275548997,8.));
#5224 = CARTESIAN_POINT('',(91.278051672701,211.29124020637,2.));
#5225 = CARTESIAN_POINT('',(90.821661414338,210.73478400533,8.));
#5226 = CARTESIAN_POINT('',(68.859229840023,252.22925476248,2.));
#5227 = CARTESIAN_POINT('',(68.514933690823,251.46810848866,8.));
#5228 = CARTESIAN_POINT('',(35.285028967207,261.7917407437,2.));
#5229 = CARTESIAN_POINT('',(35.108603822371,260.98278203998,8.));
#5230 = CARTESIAN_POINT('',(6.542911472914E-04,260.60378226269,2.));
#5231 = CARTESIAN_POINT('',(6.510196915543E-04,259.80076335138,8.));
#5232 = CARTESIAN_POINT('',(-35.28764613179,261.79313020551,2.));
#5233 = CARTESIAN_POINT('',(-35.11120790113,260.98416455448,8.));
#5234 = CARTESIAN_POINT('',(-68.85006976396,252.22369691526,2.));
#5235 = CARTESIAN_POINT('',(-68.50581941514,251.46257843068,8.));
#5236 = CARTESIAN_POINT('',(-91.31207481236,211.31208213343,2.));
#5237 = CARTESIAN_POINT('',(-90.85551443829,210.75552172276,8.));
#5238 = CARTESIAN_POINT('',(-117.9016309865,192.527974551,2.));
#5239 = CARTESIAN_POINT('',(-117.3121228316,192.06533467825,8.));
#5240 = CARTESIAN_POINT('',(-139.0814012412,182.57601966254,2.));
#5241 = CARTESIAN_POINT('',(-138.385994235,182.16313956423,8.));
#5242 = CARTESIAN_POINT('',(-129.7727640484,127.1679467988,2.));
#5243 = CARTESIAN_POINT('',(-129.1239002281,127.0321070648,8.));
#5244 = CARTESIAN_POINT('',(-139.827542565,76.752193142242,2.));
#5245 = CARTESIAN_POINT('',(-139.1284048522,76.86843217653,8.));
#5246 = CARTESIAN_POINT('',(-138.9170656912,15.823280632231,2.));
#5247 = CARTESIAN_POINT('',(-138.2224803628,16.24416422907,8.));
#5248 = CARTESIAN_POINT('',(-126.5041946698,-50.04531567116,2.));
#5249 = CARTESIAN_POINT('',(-125.8716736965,-49.29508909281,8.));
#5250 = CARTESIAN_POINT('',(-105.0661556291,-43.64201794756,2.));
#5251 = CARTESIAN_POINT('',(-104.540824851,-42.92380785782,8.));
#5252 = CARTESIAN_POINT('',(-41.23118281336,-45.38661253857,2.));
#5253 = CARTESIAN_POINT('',(-41.02502689929,-44.65967947588,8.));
#5254 = CARTESIAN_POINT('',(-9.113117367284E-03,-44.81153189812,2.));
#5255 = CARTESIAN_POINT('',(-9.067551780451E-03,-44.08747423863,8.));
#5256 = CARTESIAN_POINT('',(41.26763528283,-45.36725986891,2.));
#5257 = CARTESIAN_POINT('',(41.061297106416,-44.64042356957,8.));
#5258 = CARTESIAN_POINT('',(104.93857198604,-43.7194286262,2.));
#5259 = CARTESIAN_POINT('',(104.41387912611,-43.00083148307,8.));
#5260 = CARTESIAN_POINT('',(126.97807677298,-49.75502562627,2.));
#5261 = CARTESIAN_POINT('',(126.34318638912,-49.00625049814,8.));
#5262 = CARTESIAN_POINT('',(137.149120922,14.739531131318,2.));
#5263 = CARTESIAN_POINT('',(136.46337531739,15.165833475661,8.));
#5264 = CARTESIAN_POINT('',(143.33333333333,58.777777777778,2.));
#5265 = CARTESIAN_POINT('',(142.61666666666,58.983888888889,8.));
#5266 = CARTESIAN_POINT('',(132.66666666666,91.222222222222,2.));
#5267 = CARTESIAN_POINT('',(132.00333333333,91.266111111111,8.));
#5268 = DEFINITIONAL_REPRESENTATION('',(#5269),#5273);
#5269 = LINE('',#5270,#5271);
#5270 = CARTESIAN_POINT('',(0.,1.));
#5271 = VECTOR('',#5272,1.);
#5272 = DIRECTION('',(1.,0.));
#5273 = ( GEOMETRIC_REPRESENTATION_CONTEXT(2) 
PARAMETRIC_REPRESENTATION_CONTEXT() REPRESENTATION_CONTEXT('2D SPACE',''
  ) );
#5274 = ORIENTED_EDGE('',*,*,#5275,.T.);
#5275 = EDGE_CURVE('',#5174,#5276,#5278,.T.);
#5276 = VERTEX_POINT('',#5277);
#5277 = CARTESIAN_POINT('',(-109.319618794,-45.,8.));
#5278 = SURFACE_CURVE('',#5279,(#5287,#5298),.PCURVE_S1.);
#5279 = B_SPLINE_CURVE_WITH_KNOTS('',6,(#5280,#5281,#5282,#5283,#5284,
    #5285,#5286),.UNSPECIFIED.,.F.,.F.,(7,7),(0.,1.),
  .PIECEWISE_BEZIER_KNOTS.);
#5280 = CARTESIAN_POINT('',(-111.3571767827,-45.,8.));
#5281 = CARTESIAN_POINT('',(-111.020452544,-45.,8.052367098852));
#5282 = CARTESIAN_POINT('',(-110.6801698635,-45.,8.08212011271));
#5283 = CARTESIAN_POINT('',(-110.3384731469,-45.,8.089769974335));
#5284 = CARTESIAN_POINT('',(-109.9970563749,-45.,8.077113818366));
#5285 = CARTESIAN_POINT('',(-109.657170101,-45.,8.046430293494));
#5286 = CARTESIAN_POINT('',(-109.319618794,-45.,8.));
#5287 = PCURVE('',#916,#5288);
#5288 = DEFINITIONAL_REPRESENTATION('',(#5289),#5297);
#5289 = B_SPLINE_CURVE_WITH_KNOTS('',6,(#5290,#5291,#5292,#5293,#5294,
    #5295,#5296),.UNSPECIFIED.,.F.,.F.,(7,7),(0.,1.),
  .PIECEWISE_BEZIER_KNOTS.);
#5290 = CARTESIAN_POINT('',(16.603593434165,0.));
#5291 = CARTESIAN_POINT('',(16.615248821763,4.028238373215E-03));
#5292 = CARTESIAN_POINT('',(16.626967640755,6.316931746903E-03));
#5293 = CARTESIAN_POINT('',(16.638663725136,6.905382641169E-03));
#5294 = CARTESIAN_POINT('',(16.650269002785,5.931832181969E-03));
#5295 = CARTESIAN_POINT('',(16.661734752551,3.571561037996E-03));
#5296 = CARTESIAN_POINT('',(16.673030149193,0.));
#5297 = ( GEOMETRIC_REPRESENTATION_CONTEXT(2) 
PARAMETRIC_REPRESENTATION_CONTEXT() REPRESENTATION_CONTEXT('2D SPACE',''
  ) );
#5298 = PCURVE('',#5299,#5304);
#5299 = PLANE('',#5300);
#5300 = AXIS2_PLACEMENT_3D('',#5301,#5302,#5303);
#5301 = CARTESIAN_POINT('',(-300.,-45.,0.));
#5302 = DIRECTION('',(0.,1.,0.));
#5303 = DIRECTION('',(0.,0.,1.));
#5304 = DEFINITIONAL_REPRESENTATION('',(#5305),#5313);
#5305 = B_SPLINE_CURVE_WITH_KNOTS('',6,(#5306,#5307,#5308,#5309,#5310,
    #5311,#5312),.UNSPECIFIED.,.F.,.F.,(7,7),(0.,1.),
  .PIECEWISE_BEZIER_KNOTS.);
#5306 = CARTESIAN_POINT('',(8.,188.64282321724));
#5307 = CARTESIAN_POINT('',(8.052367098852,188.97954745596));
#5308 = CARTESIAN_POINT('',(8.08212011271,189.31983013643));
#5309 = CARTESIAN_POINT('',(8.089769974335,189.66152685305));
#5310 = CARTESIAN_POINT('',(8.077113818366,190.00294362506));
#5311 = CARTESIAN_POINT('',(8.046430293494,190.34282989892));
#5312 = CARTESIAN_POINT('',(8.,190.68038120596));
#5313 = ( GEOMETRIC_REPRESENTATION_CONTEXT(2) 
PARAMETRIC_REPRESENTATION_CONTEXT() REPRESENTATION_CONTEXT('2D SPACE',''
  ) );
#5314 = ORIENTED_EDGE('',*,*,#5315,.T.);
#5315 = EDGE_CURVE('',#5276,#4947,#5316,.T.);
#5316 = SURFACE_CURVE('',#5317,(#5345,#5352),.PCURVE_S1.);
#5317 = B_SPLINE_CURVE_WITH_KNOTS('',3,(#5318,#5319,#5320,#5321,#5322,
    #5323,#5324,#5325,#5326,#5327,#5328,#5329,#5330,#5331,#5332,#5333,
    #5334,#5335,#5336,#5337,#5338,#5339,#5340,#5341,#5342,#5343,#5344),
  .UNSPECIFIED.,.T.,.F.,(1,1,2,1,1,1,1,1,1,1,1,1,1,1,1,1,1,1,1,1,1,1,1,1
    ,1,1,2,1,1),(-2.,-1.,0.,1.,2.,3.,4.,5.,6.,7.,8.,9.,10.,11.,12.,13.,
    14.,15.,16.,17.,18.,19.,20.,21.,22.,23.,24.,25.,26.),.UNSPECIFIED.);
#5318 = CARTESIAN_POINT('',(142.61666666666,58.983888888889,8.));
#5319 = CARTESIAN_POINT('',(132.00333333333,91.266111111111,8.));
#5320 = CARTESIAN_POINT('',(130.88295543475,128.11046837102,8.));
#5321 = CARTESIAN_POINT('',(137.91465597835,181.87419403475,8.));
#5322 = CARTESIAN_POINT('',(117.43842065182,192.14275548997,8.));
#5323 = CARTESIAN_POINT('',(90.821661414338,210.73478400533,8.));
#5324 = CARTESIAN_POINT('',(68.514933690823,251.46810848866,8.));
#5325 = CARTESIAN_POINT('',(35.108603822371,260.98278203998,8.));
#5326 = CARTESIAN_POINT('',(6.510196915543E-04,259.80076335138,8.));
#5327 = CARTESIAN_POINT('',(-35.11120790113,260.98416455448,8.));
#5328 = CARTESIAN_POINT('',(-68.50581941514,251.46257843068,8.));
#5329 = CARTESIAN_POINT('',(-90.85551443829,210.75552172276,8.));
#5330 = CARTESIAN_POINT('',(-117.3121228316,192.06533467825,8.));
#5331 = CARTESIAN_POINT('',(-138.385994235,182.16313956423,8.));
#5332 = CARTESIAN_POINT('',(-129.1239002281,127.0321070648,8.));
#5333 = CARTESIAN_POINT('',(-139.1284048522,76.86843217653,8.));
#5334 = CARTESIAN_POINT('',(-138.2224803628,16.24416422907,8.));
#5335 = CARTESIAN_POINT('',(-125.8716736965,-49.29508909281,8.));
#5336 = CARTESIAN_POINT('',(-104.540824851,-42.92380785782,8.));
#5337 = CARTESIAN_POINT('',(-41.02502689929,-44.65967947588,8.));
#5338 = CARTESIAN_POINT('',(-9.067551780451E-03,-44.08747423863,8.));
#5339 = CARTESIAN_POINT('',(41.061297106416,-44.64042356957,8.));
#5340 = CARTESIAN_POINT('',(104.41387912611,-43.00083148307,8.));
#5341 = CARTESIAN_POINT('',(126.34318638912,-49.00625049814,8.));
#5342 = CARTESIAN_POINT('',(136.46337531739,15.165833475661,8.));
#5343 = CARTESIAN_POINT('',(142.61666666666,58.983888888889,8.));
#5344 = CARTESIAN_POINT('',(132.00333333333,91.266111111111,8.));
#5345 = PCURVE('',#916,#5346);
#5346 = DEFINITIONAL_REPRESENTATION('',(#5347),#5351);
#5347 = LINE('',#5348,#5349);
#5348 = CARTESIAN_POINT('',(0.,0.));
#5349 = VECTOR('',#5350,1.);
#5350 = DIRECTION('',(1.,0.));
#5351 = ( GEOMETRIC_REPRESENTATION_CONTEXT(2) 
PARAMETRIC_REPRESENTATION_CONTEXT() REPRESENTATION_CONTEXT('2D SPACE',''
  ) );
#5352 = PCURVE('',#5099,#5353);
#5353 = DEFINITIONAL_REPRESENTATION('',(#5354),#5358);
#5354 = LINE('',#5355,#5356);
#5355 = CARTESIAN_POINT('',(0.,1.));
#5356 = VECTOR('',#5357,1.);
#5357 = DIRECTION('',(1.,0.));
#5358 = ( GEOMETRIC_REPRESENTATION_CONTEXT(2) 
PARAMETRIC_REPRESENTATION_CONTEXT() REPRESENTATION_CONTEXT('2D SPACE',''
  ) );
#5359 = ORIENTED_EDGE('',*,*,#4946,.F.);
#5360 = ORIENTED_EDGE('',*,*,#898,.T.);
#5361 = ORIENTED_EDGE('',*,*,#4875,.F.);
#5362 = ORIENTED_EDGE('',*,*,#5363,.F.);
#5363 = EDGE_CURVE('',#5364,#4832,#5366,.T.);
#5364 = VERTEX_POINT('',#5365);
#5365 = CARTESIAN_POINT('',(102.,-43.74852589315,13.));
#5366 = SURFACE_CURVE('',#5367,(#5373,#5382),.PCURVE_S1.);
#5367 = B_SPLINE_CURVE_WITH_KNOTS('',4,(#5368,#5369,#5370,#5371,#5372),
  .UNSPECIFIED.,.F.,.F.,(5,5),(0.,1.),.PIECEWISE_BEZIER_KNOTS.);
#5368 = CARTESIAN_POINT('',(102.,-43.74852589315,13.));
#5369 = CARTESIAN_POINT('',(102.,-43.42916485295,15.000005453881));
#5370 = CARTESIAN_POINT('',(102.,-43.10981974299,17.000013139756));
#5371 = CARTESIAN_POINT('',(102.,-42.79043857799,19.000014791067));
#5372 = CARTESIAN_POINT('',(102.,-42.47095597352,21.));
#5373 = PCURVE('',#916,#5374);
#5374 = DEFINITIONAL_REPRESENTATION('',(#5375),#5381);
#5375 = B_SPLINE_CURVE_WITH_KNOTS('',4,(#5376,#5377,#5378,#5379,#5380),
  .UNSPECIFIED.,.F.,.F.,(5,5),(0.,1.),.PIECEWISE_BEZIER_KNOTS.);
#5376 = CARTESIAN_POINT('',(21.126824988437,0.384615384615));
#5377 = CARTESIAN_POINT('',(21.133185962541,0.538461957991));
#5378 = CARTESIAN_POINT('',(21.139640524044,0.692308703058));
#5379 = CARTESIAN_POINT('',(21.146192232236,0.846154983928));
#5380 = CARTESIAN_POINT('',(21.152845062147,1.));
#5381 = ( GEOMETRIC_REPRESENTATION_CONTEXT(2) 
PARAMETRIC_REPRESENTATION_CONTEXT() REPRESENTATION_CONTEXT('2D SPACE',''
  ) );
#5382 = PCURVE('',#1007,#5383);
#5383 = DEFINITIONAL_REPRESENTATION('',(#5384),#5390);
#5384 = B_SPLINE_CURVE_WITH_KNOTS('',4,(#5385,#5386,#5387,#5388,#5389),
  .UNSPECIFIED.,.F.,.F.,(5,5),(0.,1.),.PIECEWISE_BEZIER_KNOTS.);
#5385 = CARTESIAN_POINT('',(0.,-0.251474106844));
#5386 = CARTESIAN_POINT('',(2.000005453881,-0.57083514705));
#5387 = CARTESIAN_POINT('',(4.000013139756,-0.890180257001));
#5388 = CARTESIAN_POINT('',(6.000014791067,-1.209561422009));
#5389 = CARTESIAN_POINT('',(8.,-1.529044026478));
#5390 = ( GEOMETRIC_REPRESENTATION_CONTEXT(2) 
PARAMETRIC_REPRESENTATION_CONTEXT() REPRESENTATION_CONTEXT('2D SPACE',''
  ) );
#5391 = ORIENTED_EDGE('',*,*,#5392,.T.);
#5392 = EDGE_CURVE('',#5364,#5393,#5395,.T.);
#5393 = VERTEX_POINT('',#5394);
#5394 = CARTESIAN_POINT('',(48.,-43.39836405478,13.));
#5395 = SURFACE_CURVE('',#5396,(#5441,#5489),.PCURVE_S1.);
#5396 = B_SPLINE_CURVE_WITH_KNOTS('',8,(#5397,#5398,#5399,#5400,#5401,
    #5402,#5403,#5404,#5405,#5406,#5407,#5408,#5409,#5410,#5411,#5412,
    #5413,#5414,#5415,#5416,#5417,#5418,#5419,#5420,#5421,#5422,#5423,
    #5424,#5425,#5426,#5427,#5428,#5429,#5430,#5431,#5432,#5433,#5434,
    #5435,#5436,#5437,#5438,#5439,#5440),.UNSPECIFIED.,.F.,.F.,(9,7,7,7,
    7,7,9),(0.,9.352421019369E-02,0.36275031453,0.647079799414,
    0.787515707584,0.904371938972,1.),.UNSPECIFIED.);
#5397 = CARTESIAN_POINT('',(102.,-43.74852589315,13.));
#5398 = CARTESIAN_POINT('',(101.37003511864,-43.70622272218,13.));
#5399 = CARTESIAN_POINT('',(100.74005657496,-43.66401685178,13.));
#5400 = CARTESIAN_POINT('',(100.11002443367,-43.62247618526,13.));
#5401 = CARTESIAN_POINT('',(99.47990820323,-43.58207745529,13.));
#5402 = CARTESIAN_POINT('',(98.849685666835,-43.54322454573,13.));
#5403 = CARTESIAN_POINT('',(98.21934196684,-43.50626285574,13.));
#5404 = CARTESIAN_POINT('',(97.588868942566,-43.47148970654,13.));
#5405 = CARTESIAN_POINT('',(95.142958102513,-43.3460962449,13.));
#5406 = CARTESIAN_POINT('',(93.326627176998,-43.27335037159,13.));
#5407 = CARTESIAN_POINT('',(91.509660714725,-43.21604062692,13.));
#5408 = CARTESIAN_POINT('',(89.69231852157,-43.17141087284,13.));
#5409 = CARTESIAN_POINT('',(87.87477789901,-43.13731401468,13.));
#5410 = CARTESIAN_POINT('',(86.057134169165,-43.11218973871,13.));
#5411 = CARTESIAN_POINT('',(84.239411116368,-43.09474970288,13.));
#5412 = CARTESIAN_POINT('',(80.501731935576,-43.07253795112,13.));
#5413 = CARTESIAN_POINT('',(78.581852020875,-43.06853168625,13.));
#5414 = CARTESIAN_POINT('',(76.661953860677,-43.0706905422,13.));
#5415 = CARTESIAN_POINT('',(74.742061452449,-43.07805087042,13.));
#5416 = CARTESIAN_POINT('',(72.822190563457,-43.08980508308,13.));
#5417 = CARTESIAN_POINT('',(70.902348626934,-43.10524627574,13.));
#5418 = CARTESIAN_POINT('',(68.982534678527,-43.12374104214,13.));
#5419 = CARTESIAN_POINT('',(66.114514769031,-43.15504644388,13.));
#5420 = CARTESIAN_POINT('',(65.166296378351,-43.16599687471,13.));
#5421 = CARTESIAN_POINT('',(64.218083907972,-43.17747617001,13.));
#5422 = CARTESIAN_POINT('',(63.269877012274,-43.18941541439,13.));
#5423 = CARTESIAN_POINT('',(62.321675247975,-43.2017474458,13.));
#5424 = CARTESIAN_POINT('',(61.373478066709,-43.214406148,13.));
#5425 = CARTESIAN_POINT('',(60.425284807595,-43.22732574301,13.));
#5426 = CARTESIAN_POINT('',(58.68810898631,-43.25135248079,13.));
#5427 = CARTESIAN_POINT('',(57.89912551122,-43.26239972709,13.));
#5428 = CARTESIAN_POINT('',(57.110143829844,-43.27354369666,13.));
#5429 = CARTESIAN_POINT('',(56.321163504209,-43.28474613167,13.));
#5430 = CARTESIAN_POINT('',(55.532184089335,-43.29596832102,13.));
#5431 = CARTESIAN_POINT('',(54.743205129505,-43.30717077919,13.));
#5432 = CARTESIAN_POINT('',(53.954226154534,-43.31831292506,13.));
#5433 = CARTESIAN_POINT('',(52.51959366445,-43.33838709339,13.));
#5434 = CARTESIAN_POINT('',(51.873940340736,-43.3473529119,13.));
#5435 = CARTESIAN_POINT('',(51.228286436756,-43.35622716282,13.));
#5436 = CARTESIAN_POINT('',(50.58263170266,-43.36498616896,13.));
#5437 = CARTESIAN_POINT('',(49.93697590495,-43.37360544517,13.));
#5438 = CARTESIAN_POINT('',(49.291318824559,-43.38205951409,13.));
#5439 = CARTESIAN_POINT('',(48.645660254912,-43.39032172204,13.));
#5440 = CARTESIAN_POINT('',(48.,-43.39836405478,13.));
#5441 = PCURVE('',#916,#5442);
#5442 = DEFINITIONAL_REPRESENTATION('',(#5443),#5488);
#5443 = B_SPLINE_CURVE_WITH_KNOTS('',8,(#5444,#5445,#5446,#5447,#5448,
    #5449,#5450,#5451,#5452,#5453,#5454,#5455,#5456,#5457,#5458,#5459,
    #5460,#5461,#5462,#5463,#5464,#5465,#5466,#5467,#5468,#5469,#5470,
    #5471,#5472,#5473,#5474,#5475,#5476,#5477,#5478,#5479,#5480,#5481,
    #5482,#5483,#5484,#5485,#5486,#5487),.UNSPECIFIED.,.F.,.F.,(9,7,7,7,
    7,7,9),(0.,9.352421019369E-02,0.36275031453,0.647079799414,
    0.787515707584,0.904371938972,1.),.UNSPECIFIED.);
#5444 = CARTESIAN_POINT('',(21.126824988086,0.384615384615));
#5445 = CARTESIAN_POINT('',(21.109984358457,0.384615384615));
#5446 = CARTESIAN_POINT('',(21.093467845694,0.384615384615));
#5447 = CARTESIAN_POINT('',(21.077258255303,0.384615384615));
#5448 = CARTESIAN_POINT('',(21.061340156787,0.384615384615));
#5449 = CARTESIAN_POINT('',(21.045699612516,0.384615384615));
#5450 = CARTESIAN_POINT('',(21.030323956178,0.384615384615));
#5451 = CARTESIAN_POINT('',(21.015201620827,0.384615384615));
#5452 = CARTESIAN_POINT('',(20.957488424027,0.384615384615));
#5453 = CARTESIAN_POINT('',(20.916669135254,0.384615384615));
#5454 = CARTESIAN_POINT('',(20.877359662109,0.384615384615));
#5455 = CARTESIAN_POINT('',(20.839275529771,0.384615384615));
#5456 = CARTESIAN_POINT('',(20.802192758705,0.384615384615));
#5457 = CARTESIAN_POINT('',(20.765947730275,0.384615384615));
#5458 = CARTESIAN_POINT('',(20.730402647214,0.384615384615));
#5459 = CARTESIAN_POINT('',(20.658522717812,0.384615384615));
#5460 = CARTESIAN_POINT('',(20.622257096571,0.384615384615));
#5461 = CARTESIAN_POINT('',(20.586512988281,0.384615384615));
#5462 = CARTESIAN_POINT('',(20.551184661296,0.384615384615));
#5463 = CARTESIAN_POINT('',(20.516181674257,0.384615384615));
#5464 = CARTESIAN_POINT('',(20.481422950528,0.384615384615));
#5465 = CARTESIAN_POINT('',(20.446833704952,0.384615384615));
#5466 = CARTESIAN_POINT('',(20.395305265836,0.384615384615));
#5467 = CARTESIAN_POINT('',(20.378292665346,0.384615384615));
#5468 = CARTESIAN_POINT('',(20.361295100763,0.384615384615));
#5469 = CARTESIAN_POINT('',(20.34430404345,0.384615384615));
#5470 = CARTESIAN_POINT('',(20.327311038934,0.384615384615));
#5471 = CARTESIAN_POINT('',(20.310307616733,0.384615384615));
#5472 = CARTESIAN_POINT('',(20.293285200171,0.384615384615));
#5473 = CARTESIAN_POINT('',(20.262047617359,0.384615384615));
#5474 = CARTESIAN_POINT('',(20.247840994903,0.384615384615));
#5475 = CARTESIAN_POINT('',(20.233610089268,0.384615384615));
#5476 = CARTESIAN_POINT('',(20.21934975327,0.384615384615));
#5477 = CARTESIAN_POINT('',(20.205054705585,0.384615384615));
#5478 = CARTESIAN_POINT('',(20.190719484215,0.384615384615));
#5479 = CARTESIAN_POINT('',(20.176338399952,0.384615384615));
#5480 = CARTESIAN_POINT('',(20.150094470513,0.384615384615));
#5481 = CARTESIAN_POINT('',(20.138248745044,0.384615384615));
#5482 = CARTESIAN_POINT('',(20.126365039118,0.384615384615));
#5483 = CARTESIAN_POINT('',(20.114439957797,0.384615384615));
#5484 = CARTESIAN_POINT('',(20.102469957099,0.384615384615));
#5485 = CARTESIAN_POINT('',(20.090451315561,0.384615384615));
#5486 = CARTESIAN_POINT('',(20.078380105812,0.384615384615));
#5487 = CARTESIAN_POINT('',(20.066252166138,0.384615384615));
#5488 = ( GEOMETRIC_REPRESENTATION_CONTEXT(2) 
PARAMETRIC_REPRESENTATION_CONTEXT() REPRESENTATION_CONTEXT('2D SPACE',''
  ) );
#5489 = PCURVE('',#5490,#5495);
#5490 = PLANE('',#5491);
#5491 = AXIS2_PLACEMENT_3D('',#5492,#5493,#5494);
#5492 = CARTESIAN_POINT('',(48.,-44.,13.));
#5493 = DIRECTION('',(0.,0.,1.));
#5494 = DIRECTION('',(1.,0.,0.));
#5495 = DEFINITIONAL_REPRESENTATION('',(#5496),#5541);
#5496 = B_SPLINE_CURVE_WITH_KNOTS('',8,(#5497,#5498,#5499,#5500,#5501,
    #5502,#5503,#5504,#5505,#5506,#5507,#5508,#5509,#5510,#5511,#5512,
    #5513,#5514,#5515,#5516,#5517,#5518,#5519,#5520,#5521,#5522,#5523,
    #5524,#5525,#5526,#5527,#5528,#5529,#5530,#5531,#5532,#5533,#5534,
    #5535,#5536,#5537,#5538,#5539,#5540),.UNSPECIFIED.,.F.,.F.,(9,7,7,7,
    7,7,9),(0.,9.352421019369E-02,0.36275031453,0.647079799414,
    0.787515707584,0.904371938972,1.),.UNSPECIFIED.);
#5497 = CARTESIAN_POINT('',(54.,0.251474106844));
#5498 = CARTESIAN_POINT('',(53.370035118642,0.293777277816));
#5499 = CARTESIAN_POINT('',(52.740056574965,0.335983148211));
#5500 = CARTESIAN_POINT('',(52.110024433674,0.377523814738));
#5501 = CARTESIAN_POINT('',(51.47990820323,0.417922544701));
#5502 = CARTESIAN_POINT('',(50.849685666835,0.456775454266));
#5503 = CARTESIAN_POINT('',(50.21934196684,0.493737144254));
#5504 = CARTESIAN_POINT('',(49.588868942566,0.528510293459));
#5505 = CARTESIAN_POINT('',(47.142958102513,0.653903755093));
#5506 = CARTESIAN_POINT('',(45.326627176998,0.726649628401));
#5507 = CARTESIAN_POINT('',(43.509660714725,0.783959373073));
#5508 = CARTESIAN_POINT('',(41.69231852157,0.828589127157));
#5509 = CARTESIAN_POINT('',(39.87477789901,0.862685985319));
#5510 = CARTESIAN_POINT('',(38.057134169165,0.887810261289));
#5511 = CARTESIAN_POINT('',(36.239411116368,0.90525029712));
#5512 = CARTESIAN_POINT('',(32.501731935576,0.927462048874));
#5513 = CARTESIAN_POINT('',(30.581852020875,0.931468313745));
#5514 = CARTESIAN_POINT('',(28.661953860677,0.929309457796));
#5515 = CARTESIAN_POINT('',(26.742061452449,0.921949129577));
#5516 = CARTESIAN_POINT('',(24.822190563457,0.910194916911));
#5517 = CARTESIAN_POINT('',(22.902348626934,0.894753724256));
#5518 = CARTESIAN_POINT('',(20.982534678527,0.876258957855));
#5519 = CARTESIAN_POINT('',(18.114514769031,0.844953556111));
#5520 = CARTESIAN_POINT('',(17.166296378351,0.83400312529));
#5521 = CARTESIAN_POINT('',(16.218083907972,0.822523829984));
#5522 = CARTESIAN_POINT('',(15.269877012274,0.810584585603));
#5523 = CARTESIAN_POINT('',(14.321675247975,0.798252554196));
#5524 = CARTESIAN_POINT('',(13.373478066709,0.785593851997));
#5525 = CARTESIAN_POINT('',(12.425284807595,0.772674256984));
#5526 = CARTESIAN_POINT('',(10.68810898631,0.748647519208));
#5527 = CARTESIAN_POINT('',(9.89912551122,0.737600272908));
#5528 = CARTESIAN_POINT('',(9.110143829844,0.726456303331));
#5529 = CARTESIAN_POINT('',(8.321163504209,0.715253868325));
#5530 = CARTESIAN_POINT('',(7.532184089335,0.704031678979));
#5531 = CARTESIAN_POINT('',(6.743205129505,0.692829220805));
#5532 = CARTESIAN_POINT('',(5.954226154534,0.681687074938));
#5533 = CARTESIAN_POINT('',(4.51959366445,0.661612906602));
#5534 = CARTESIAN_POINT('',(3.873940340736,0.652647088095));
#5535 = CARTESIAN_POINT('',(3.228286436756,0.643772837177));
#5536 = CARTESIAN_POINT('',(2.58263170266,0.635013831031));
#5537 = CARTESIAN_POINT('',(1.93697590495,0.626394554826));
#5538 = CARTESIAN_POINT('',(1.291318824559,0.617940485902));
#5539 = CARTESIAN_POINT('',(0.645660254912,0.609678277955));
#5540 = CARTESIAN_POINT('',(0.,0.601635945216));
#5541 = ( GEOMETRIC_REPRESENTATION_CONTEXT(2) 
PARAMETRIC_REPRESENTATION_CONTEXT() REPRESENTATION_CONTEXT('2D SPACE',''
  ) );
#5542 = ORIENTED_EDGE('',*,*,#5543,.T.);
#5543 = EDGE_CURVE('',#5393,#4610,#5544,.T.);
#5544 = SURFACE_CURVE('',#5545,(#5551,#5560),.PCURVE_S1.);
#5545 = B_SPLINE_CURVE_WITH_KNOTS('',4,(#5546,#5547,#5548,#5549,#5550),
  .UNSPECIFIED.,.F.,.F.,(5,5),(0.,1.),.PIECEWISE_BEZIER_KNOTS.);
#5546 = CARTESIAN_POINT('',(48.,-43.39836405478,13.));
#5547 = CARTESIAN_POINT('',(48.,-43.06244713556,15.000001872697));
#5548 = CARTESIAN_POINT('',(48.,-42.72652271233,17.00000248085));
#5549 = CARTESIAN_POINT('',(48.,-42.39059092901,19.000001848179));
#5550 = CARTESIAN_POINT('',(48.,-42.05465193912,21.));
#5551 = PCURVE('',#916,#5552);
#5552 = DEFINITIONAL_REPRESENTATION('',(#5553),#5559);
#5553 = B_SPLINE_CURVE_WITH_KNOTS('',4,(#5554,#5555,#5556,#5557,#5558),
  .UNSPECIFIED.,.F.,.F.,(5,5),(0.,1.),.PIECEWISE_BEZIER_KNOTS.);
#5554 = CARTESIAN_POINT('',(20.06625216618,0.384615384615));
#5555 = CARTESIAN_POINT('',(20.068355484018,0.538461682515));
#5556 = CARTESIAN_POINT('',(20.070469895271,0.692307883142));
#5557 = CARTESIAN_POINT('',(20.072595565567,0.846153988321));
#5558 = CARTESIAN_POINT('',(20.074732667311,1.));
#5559 = ( GEOMETRIC_REPRESENTATION_CONTEXT(2) 
PARAMETRIC_REPRESENTATION_CONTEXT() REPRESENTATION_CONTEXT('2D SPACE',''
  ) );
#5560 = PCURVE('',#1915,#5561);
#5561 = DEFINITIONAL_REPRESENTATION('',(#5562),#5568);
#5562 = B_SPLINE_CURVE_WITH_KNOTS('',4,(#5563,#5564,#5565,#5566,#5567),
  .UNSPECIFIED.,.F.,.F.,(5,5),(0.,1.),.PIECEWISE_BEZIER_KNOTS.);
#5563 = CARTESIAN_POINT('',(0.,-0.601635945216));
#5564 = CARTESIAN_POINT('',(2.000001872697,-0.937552864434));
#5565 = CARTESIAN_POINT('',(4.00000248085,-1.273477287662));
#5566 = CARTESIAN_POINT('',(6.000001848179,-1.609409070982));
#5567 = CARTESIAN_POINT('',(8.,-1.945348060878));
#5568 = ( GEOMETRIC_REPRESENTATION_CONTEXT(2) 
PARAMETRIC_REPRESENTATION_CONTEXT() REPRESENTATION_CONTEXT('2D SPACE',''
  ) );
#5569 = ORIENTED_EDGE('',*,*,#4609,.F.);
#5570 = ORIENTED_EDGE('',*,*,#5571,.F.);
#5571 = EDGE_CURVE('',#5572,#4545,#5574,.T.);
#5572 = VERTEX_POINT('',#5573);
#5573 = CARTESIAN_POINT('',(-109.,-43.,19.966201622337));
#5574 = SURFACE_CURVE('',#5575,(#5581,#5590),.PCURVE_S1.);
#5575 = B_SPLINE_CURVE_WITH_KNOTS('',4,(#5576,#5577,#5578,#5579,#5580),
  .UNSPECIFIED.,.F.,.F.,(5,5),(0.,1.),.PIECEWISE_BEZIER_KNOTS.);
#5576 = CARTESIAN_POINT('',(-109.,-43.,19.966201622337));
#5577 = CARTESIAN_POINT('',(-109.,-42.95640998897,20.224660501489));
#5578 = CARTESIAN_POINT('',(-109.,-42.91278358912,20.48311326686));
#5579 = CARTESIAN_POINT('',(-109.,-42.86912016773,20.741559806167));
#5580 = CARTESIAN_POINT('',(-109.,-42.82541907385,21.));
#5581 = PCURVE('',#916,#5582);
#5582 = DEFINITIONAL_REPRESENTATION('',(#5583),#5589);
#5583 = B_SPLINE_CURVE_WITH_KNOTS('',4,(#5584,#5585,#5586,#5587,#5588),
  .UNSPECIFIED.,.F.,.F.,(5,5),(0.,1.),.PIECEWISE_BEZIER_KNOTS.);
#5584 = CARTESIAN_POINT('',(16.632251410366,0.920477043833));
#5585 = CARTESIAN_POINT('',(16.631099112767,0.940358496075));
#5586 = CARTESIAN_POINT('',(16.629944089327,0.960239487116));
#5587 = CARTESIAN_POINT('',(16.628786321802,0.98011998509));
#5588 = CARTESIAN_POINT('',(16.627625796129,1.));
#5589 = ( GEOMETRIC_REPRESENTATION_CONTEXT(2) 
PARAMETRIC_REPRESENTATION_CONTEXT() REPRESENTATION_CONTEXT('2D SPACE',''
  ) );
#5590 = PCURVE('',#1514,#5591);
#5591 = DEFINITIONAL_REPRESENTATION('',(#5592),#5598);
#5592 = B_SPLINE_CURVE_WITH_KNOTS('',4,(#5593,#5594,#5595,#5596,#5597),
  .UNSPECIFIED.,.F.,.F.,(5,5),(0.,1.),.PIECEWISE_BEZIER_KNOTS.);
#5593 = CARTESIAN_POINT('',(18.966201622337,0.));
#5594 = CARTESIAN_POINT('',(19.224660501489,-4.359001102495E-02));
#5595 = CARTESIAN_POINT('',(19.48311326686,-8.721641087191E-02));
#5596 = CARTESIAN_POINT('',(19.741559806167,-0.130879832269));
#5597 = CARTESIAN_POINT('',(20.,-0.174580926144));
#5598 = ( GEOMETRIC_REPRESENTATION_CONTEXT(2) 
PARAMETRIC_REPRESENTATION_CONTEXT() REPRESENTATION_CONTEXT('2D SPACE',''
  ) );
#5599 = ORIENTED_EDGE('',*,*,#5600,.F.);
#5600 = EDGE_CURVE('',#5172,#5572,#5601,.T.);
#5601 = SURFACE_CURVE('',#5602,(#5635,#5671),.PCURVE_S1.);
#5602 = B_SPLINE_CURVE_WITH_KNOTS('',7,(#5603,#5604,#5605,#5606,#5607,
    #5608,#5609,#5610,#5611,#5612,#5613,#5614,#5615,#5616,#5617,#5618,
    #5619,#5620,#5621,#5622,#5623,#5624,#5625,#5626,#5627,#5628,#5629,
    #5630,#5631,#5632,#5633,#5634),.UNSPECIFIED.,.F.,.F.,(8,6,6,6,6,8),(
    0.,0.220036906879,0.448083298237,0.719545034477,0.795744976414,1.),
  .UNSPECIFIED.);
#5603 = CARTESIAN_POINT('',(-119.2952576636,-43.,8.));
#5604 = CARTESIAN_POINT('',(-119.0995416246,-43.,8.484816937084));
#5605 = CARTESIAN_POINT('',(-118.8999773194,-43.,8.968078816167));
#5606 = CARTESIAN_POINT('',(-118.6962501405,-43.,9.449629904482));
#5607 = CARTESIAN_POINT('',(-118.4880019976,-43.,9.929270744635));
#5608 = CARTESIAN_POINT('',(-118.2748220788,-43.,10.406754190827));
#5609 = CARTESIAN_POINT('',(-118.0562237974,-43.,10.881775339138));
#5610 = CARTESIAN_POINT('',(-117.5988158873,-43.,11.843323019851));
#5611 = CARTESIAN_POINT('',(-117.3595828776,-43.,12.329589662541));
#5612 = CARTESIAN_POINT('',(-117.1132239345,-43.,12.812382625841));
#5613 = CARTESIAN_POINT('',(-116.8589484464,-43.,13.29115619148));
#5614 = CARTESIAN_POINT('',(-116.5958405589,-43.,13.765181850911));
#5615 = CARTESIAN_POINT('',(-116.3227740678,-43.,14.233502325218));
#5616 = CARTESIAN_POINT('',(-115.699584231,-43.,15.244027322768));
#5617 = CARTESIAN_POINT('',(-115.345138507,-43.,15.78259073716));
#5618 = CARTESIAN_POINT('',(-114.9719348518,-43.,16.309345315233));
#5619 = CARTESIAN_POINT('',(-114.5768309807,-43.,16.82118744461));
#5620 = CARTESIAN_POINT('',(-114.1563909717,-43.,17.312998675995));
#5621 = CARTESIAN_POINT('',(-113.7065576594,-43.,17.777375065464));
#5622 = CARTESIAN_POINT('',(-113.0862574979,-43.,18.324133599884));
#5623 = CARTESIAN_POINT('',(-112.9476426092,-43.,18.440966138834));
#5624 = CARTESIAN_POINT('',(-112.8062911742,-43.,18.554551237533));
#5625 = CARTESIAN_POINT('',(-112.6621390926,-43.,18.664617512762));
#5626 = CARTESIAN_POINT('',(-112.5151419459,-43.,18.770872218696));
#5627 = CARTESIAN_POINT('',(-112.365280705,-43.,18.87300896726));
#5628 = CARTESIAN_POINT('',(-111.8032173604,-43.,19.232619055282));
#5629 = CARTESIAN_POINT('',(-111.3720244885,-43.,19.463557868419));
#5630 = CARTESIAN_POINT('',(-110.9211653168,-43.,19.655764702666));
#5631 = CARTESIAN_POINT('',(-110.4535622609,-43.,19.803175880082));
#5632 = CARTESIAN_POINT('',(-109.9732822593,-43.,19.902524494479));
#5633 = CARTESIAN_POINT('',(-109.4862266743,-43.,19.955160372242));
#5634 = CARTESIAN_POINT('',(-109.,-43.,19.966201622337));
#5635 = PCURVE('',#916,#5636);
#5636 = DEFINITIONAL_REPRESENTATION('',(#5637),#5670);
#5637 = B_SPLINE_CURVE_WITH_KNOTS('',7,(#5638,#5639,#5640,#5641,#5642,
    #5643,#5644,#5645,#5646,#5647,#5648,#5649,#5650,#5651,#5652,#5653,
    #5654,#5655,#5656,#5657,#5658,#5659,#5660,#5661,#5662,#5663,#5664,
    #5665,#5666,#5667,#5668,#5669),.UNSPECIFIED.,.F.,.F.,(8,6,6,6,6,8),(
    0.,0.220036906879,0.448083298237,0.719545034477,0.795744976414,1.),
  .UNSPECIFIED.);
#5638 = CARTESIAN_POINT('',(16.274701593535,0.));
#5639 = CARTESIAN_POINT('',(16.280958564315,3.729361054489E-02));
#5640 = CARTESIAN_POINT('',(16.287381160841,7.446760124358E-02));
#5641 = CARTESIAN_POINT('',(16.293981700877,0.111509992652));
#5642 = CARTESIAN_POINT('',(16.300774158016,0.148405441895));
#5643 = CARTESIAN_POINT('',(16.307774490568,0.185134937756));
#5644 = CARTESIAN_POINT('',(16.315001450852,0.221675026088));
#5645 = CARTESIAN_POINT('',(16.330226445506,0.295640232296));
#5646 = CARTESIAN_POINT('',(16.33824221666,0.333045358657));
#5647 = CARTESIAN_POINT('',(16.346551187955,0.370183278911));
#5648 = CARTESIAN_POINT('',(16.35518328778,0.407012014729));
#5649 = CARTESIAN_POINT('',(16.364173035533,0.443475526993));
#5650 = CARTESIAN_POINT('',(16.373562373537,0.479500178863));
#5651 = CARTESIAN_POINT('',(16.395122924741,0.557232870982));
#5652 = CARTESIAN_POINT('',(16.407467854625,0.598660825935));
#5653 = CARTESIAN_POINT('',(16.420548373924,0.639180408864));
#5654 = CARTESIAN_POINT('',(16.434478395718,0.678552880355));
#5655 = CARTESIAN_POINT('',(16.449379907947,0.716384513538));
#5656 = CARTESIAN_POINT('',(16.465391680938,0.752105774266));
#5657 = CARTESIAN_POINT('',(16.487521918467,0.794164123068));
#5658 = CARTESIAN_POINT('',(16.492470131355,0.803151241449));
#5659 = CARTESIAN_POINT('',(16.497518319522,0.811888556733));
#5660 = CARTESIAN_POINT('',(16.502668092962,0.820355193289));
#5661 = CARTESIAN_POINT('',(16.507920216453,0.828528632207));
#5662 = CARTESIAN_POINT('',(16.513274387523,0.836385305174));
#5663 = CARTESIAN_POINT('',(16.533350219101,0.864047619637));
#5664 = CARTESIAN_POINT('',(16.548741472905,0.881812143724));
#5665 = CARTESIAN_POINT('',(16.564802525586,0.896597284821));
#5666 = CARTESIAN_POINT('',(16.581397848339,0.90793660616));
#5667 = CARTESIAN_POINT('',(16.598342187445,0.915578807268));
#5668 = CARTESIAN_POINT('',(16.615388754104,0.919627720942));
#5669 = CARTESIAN_POINT('',(16.632251410784,0.920477047872));
#5670 = ( GEOMETRIC_REPRESENTATION_CONTEXT(2) 
PARAMETRIC_REPRESENTATION_CONTEXT() REPRESENTATION_CONTEXT('2D SPACE',''
  ) );
#5671 = PCURVE('',#5672,#5677);
#5672 = PLANE('',#5673);
#5673 = AXIS2_PLACEMENT_3D('',#5674,#5675,#5676);
#5674 = CARTESIAN_POINT('',(-150.,-43.,1.));
#5675 = DIRECTION('',(0.,1.,0.));
#5676 = DIRECTION('',(0.,0.,1.));
#5677 = DEFINITIONAL_REPRESENTATION('',(#5678),#5711);
#5678 = B_SPLINE_CURVE_WITH_KNOTS('',7,(#5679,#5680,#5681,#5682,#5683,
    #5684,#5685,#5686,#5687,#5688,#5689,#5690,#5691,#5692,#5693,#5694,
    #5695,#5696,#5697,#5698,#5699,#5700,#5701,#5702,#5703,#5704,#5705,
    #5706,#5707,#5708,#5709,#5710),.UNSPECIFIED.,.F.,.F.,(8,6,6,6,6,8),(
    0.,0.220036906879,0.448083298237,0.719545034477,0.795744976414,1.),
  .UNSPECIFIED.);
#5679 = CARTESIAN_POINT('',(7.,30.704742336309));
#5680 = CARTESIAN_POINT('',(7.484816937084,30.900458375373));
#5681 = CARTESIAN_POINT('',(7.968078816167,31.100022680599));
#5682 = CARTESIAN_POINT('',(8.449629904482,31.303749859427));
#5683 = CARTESIAN_POINT('',(8.929270744635,31.511998002345));
#5684 = CARTESIAN_POINT('',(9.406754190827,31.725177921176));
#5685 = CARTESIAN_POINT('',(9.881775339138,31.943776202569));
#5686 = CARTESIAN_POINT('',(10.843323019851,32.401184112653));
#5687 = CARTESIAN_POINT('',(11.329589662541,32.640417122375));
#5688 = CARTESIAN_POINT('',(11.812382625841,32.886776065407));
#5689 = CARTESIAN_POINT('',(12.29115619148,33.141051553582));
#5690 = CARTESIAN_POINT('',(12.765181850911,33.404159441068));
#5691 = CARTESIAN_POINT('',(13.233502325218,33.677225932112));
#5692 = CARTESIAN_POINT('',(14.244027322768,34.300415768999));
#5693 = CARTESIAN_POINT('',(14.78259073716,34.65486149294));
#5694 = CARTESIAN_POINT('',(15.309345315233,35.028065148117));
#5695 = CARTESIAN_POINT('',(15.82118744461,35.423169019215));
#5696 = CARTESIAN_POINT('',(16.312998675995,35.843609028204));
#5697 = CARTESIAN_POINT('',(16.777375065464,36.293442340588));
#5698 = CARTESIAN_POINT('',(17.324133599884,36.913742502097));
#5699 = CARTESIAN_POINT('',(17.440966138834,37.052357390772));
#5700 = CARTESIAN_POINT('',(17.554551237533,37.193708825718));
#5701 = CARTESIAN_POINT('',(17.664617512762,37.337860907347));
#5702 = CARTESIAN_POINT('',(17.770872218696,37.484858054056));
#5703 = CARTESIAN_POINT('',(17.87300896726,37.634719294965));
#5704 = CARTESIAN_POINT('',(18.232619055282,38.196782639578));
#5705 = CARTESIAN_POINT('',(18.463557868419,38.627975511432));
#5706 = CARTESIAN_POINT('',(18.655764702666,39.078834683124));
#5707 = CARTESIAN_POINT('',(18.803175880082,39.546437739061));
#5708 = CARTESIAN_POINT('',(18.902524494479,40.026717740642));
#5709 = CARTESIAN_POINT('',(18.955160372242,40.513773325664));
#5710 = CARTESIAN_POINT('',(18.966201622337,41.));
#5711 = ( GEOMETRIC_REPRESENTATION_CONTEXT(2) 
PARAMETRIC_REPRESENTATION_CONTEXT() REPRESENTATION_CONTEXT('2D SPACE',''
  ) );
#5712 = ADVANCED_FACE('',(#5713),#705,.F.);
#5713 = FACE_BOUND('',#5714,.F.);
#5714 = EDGE_LOOP('',(#5715,#7499,#7500,#7501,#7530,#7676,#7710,#7987,
    #8014,#8015));
#5715 = ORIENTED_EDGE('',*,*,#5716,.F.);
#5716 = EDGE_CURVE('',#642,#5717,#5719,.T.);
#5717 = VERTEX_POINT('',#5718);
#5718 = CARTESIAN_POINT('',(-109.,-42.79898193882,2.));
#5719 = SURFACE_CURVE('',#5720,(#6311,#6905),.PCURVE_S1.);
#5720 = B_SPLINE_CURVE_WITH_KNOTS('',8,(#5721,#5722,#5723,#5724,#5725,
    #5726,#5727,#5728,#5729,#5730,#5731,#5732,#5733,#5734,#5735,#5736,
    #5737,#5738,#5739,#5740,#5741,#5742,#5743,#5744,#5745,#5746,#5747,
    #5748,#5749,#5750,#5751,#5752,#5753,#5754,#5755,#5756,#5757,#5758,
    #5759,#5760,#5761,#5762,#5763,#5764,#5765,#5766,#5767,#5768,#5769,
    #5770,#5771,#5772,#5773,#5774,#5775,#5776,#5777,#5778,#5779,#5780,
    #5781,#5782,#5783,#5784,#5785,#5786,#5787,#5788,#5789,#5790,#5791,
    #5792,#5793,#5794,#5795,#5796,#5797,#5798,#5799,#5800,#5801,#5802,
    #5803,#5804,#5805,#5806,#5807,#5808,#5809,#5810,#5811,#5812,#5813,
    #5814,#5815,#5816,#5817,#5818,#5819,#5820,#5821,#5822,#5823,#5824,
    #5825,#5826,#5827,#5828,#5829,#5830,#5831,#5832,#5833,#5834,#5835,
    #5836,#5837,#5838,#5839,#5840,#5841,#5842,#5843,#5844,#5845,#5846,
    #5847,#5848,#5849,#5850,#5851,#5852,#5853,#5854,#5855,#5856,#5857,
    #5858,#5859,#5860,#5861,#5862,#5863,#5864,#5865,#5866,#5867,#5868,
    #5869,#5870,#5871,#5872,#5873,#5874,#5875,#5876,#5877,#5878,#5879,
    #5880,#5881,#5882,#5883,#5884,#5885,#5886,#5887,#5888,#5889,#5890,
    #5891,#5892,#5893,#5894,#5895,#5896,#5897,#5898,#5899,#5900,#5901,
    #5902,#5903,#5904,#5905,#5906,#5907,#5908,#5909,#5910,#5911,#5912,
    #5913,#5914,#5915,#5916,#5917,#5918,#5919,#5920,#5921,#5922,#5923,
    #5924,#5925,#5926,#5927,#5928,#5929,#5930,#5931,#5932,#5933,#5934,
    #5935,#5936,#5937,#5938,#5939,#5940,#5941,#5942,#5943,#5944,#5945,
    #5946,#5947,#5948,#5949,#5950,#5951,#5952,#5953,#5954,#5955,#5956,
    #5957,#5958,#5959,#5960,#5961,#5962,#5963,#5964,#5965,#5966,#5967,
    #5968,#5969,#5970,#5971,#5972,#5973,#5974,#5975,#5976,#5977,#5978,
    #5979,#5980,#5981,#5982,#5983,#5984,#5985,#5986,#5987,#5988,#5989,
    #5990,#5991,#5992,#5993,#5994,#5995,#5996,#5997,#5998,#5999,#6000,
    #6001,#6002,#6003,#6004,#6005,#6006,#6007,#6008,#6009,#6010,#6011,
    #6012,#6013,#6014,#6015,#6016,#6017,#6018,#6019,#6020,#6021,#6022,
    #6023,#6024,#6025,#6026,#6027,#6028,#6029,#6030,#6031,#6032,#6033,
    #6034,#6035,#6036,#6037,#6038,#6039,#6040,#6041,#6042,#6043,#6044,
    #6045,#6046,#6047,#6048,#6049,#6050,#6051,#6052,#6053,#6054,#6055,
    #6056,#6057,#6058,#6059,#6060,#6061,#6062,#6063,#6064,#6065,#6066,
    #6067,#6068,#6069,#6070,#6071,#6072,#6073,#6074,#6075,#6076,#6077,
    #6078,#6079,#6080,#6081,#6082,#6083,#6084,#6085,#6086,#6087,#6088,
    #6089,#6090,#6091,#6092,#6093,#6094,#6095,#6096,#6097,#6098,#6099,
    #6100,#6101,#6102,#6103,#6104,#6105,#6106,#6107,#6108,#6109,#6110,
    #6111,#6112,#6113,#6114,#6115,#6116,#6117,#6118,#6119,#6120,#6121,
    #6122,#6123,#6124,#6125,#6126,#6127,#6128,#6129,#6130,#6131,#6132,
    #6133,#6134,#6135,#6136,#6137,#6138,#6139,#6140,#6141,#6142,#6143,
    #6144,#6145,#6146,#6147,#6148,#6149,#6150,#6151,#6152,#6153,#6154,
    #6155,#6156,#6157,#6158,#6159,#6160,#6161,#6162,#6163,#6164,#6165,
    #6166,#6167,#6168,#6169,#6170,#6171,#6172,#6173,#6174,#6175,#6176,
    #6177,#6178,#6179,#6180,#6181,#6182,#6183,#6184,#6185,#6186,#6187,
    #6188,#6189,#6190,#6191,#6192,#6193,#6194,#6195,#6196,#6197,#6198,
    #6199,#6200,#6201,#6202,#6203,#6204,#6205,#6206,#6207,#6208,#6209,
    #6210,#6211,#6212,#6213,#6214,#6215,#6216,#6217,#6218,#6219,#6220,
    #6221,#6222,#6223,#6224,#6225,#6226,#6227,#6228,#6229,#6230,#6231,
    #6232,#6233,#6234,#6235,#6236,#6237,#6238,#6239,#6240,#6241,#6242,
    #6243,#6244,#6245,#6246,#6247,#6248,#6249,#6250,#6251,#6252,#6253,
    #6254,#6255,#6256,#6257,#6258,#6259,#6260,#6261,#6262,#6263,#6264,
    #6265,#6266,#6267,#6268,#6269,#6270,#6271,#6272,#6273,#6274,#6275,
    #6276,#6277,#6278,#6279,#6280,#6281,#6282,#6283,#6284,#6285,#6286,
    #6287,#6288,#6289,#6290,#6291,#6292,#6293,#6294,#6295,#6296,#6297,
    #6298,#6299,#6300,#6301,#6302,#6303,#6304,#6305,#6306,#6307,#6308,
    #6309,#6310),.UNSPECIFIED.,.T.,.F.,(9,7,7,7,7,7,7,7,7,7,7,7,7,7,7,7,
    7,7,7,7,7,7,7,7,7,7,7,7,7,7,7,7,7,7,7,7,7,7,7,7,7,7,7,7,7,7,7,7,7,7,
    7,7,7,7,7,7,7,7,7,7,7,7,7,7,7,7,7,7,7,7,7,7,7,7,7,7,7,7,7,7,7,7,7,7,
    9),(0.,2.152186142708E-02,3.858700587844E-02,4.736150820047E-02,
    5.60901088688E-02,7.090412985702E-02,8.571815084524E-02,
    9.435966308837E-02,0.107946740332,0.121511840914,0.136310132458,
    0.151108424002,0.165906715545,0.182730086475,0.193374448824,
    0.205031750994,0.236115125904,0.249038539003,0.254946078436,
    0.261838207829,0.292015441337,0.300767671516,0.328004102767,
    0.342961964661,0.349963604278,0.357569896856,0.36970623791,
    0.374576442875,0.380258348667,0.386748339998,0.398409644387,
    0.411131067356,0.430021403256,0.473589490401,0.483299633674,
    0.493804696926,0.513754665907,0.520482101326,0.531055063296,
    0.541628025266,0.553162165597,0.558483059263,0.564229235319,
    0.575314108122,0.586960561627,0.593958599117,0.600956949445,
    0.619853339237,0.625983892316,0.636199323302,0.647437071768,
    0.660511075132,0.667355167181,0.674016134573,0.691906946617,
    0.699818784839,0.705972436789,0.714763515371,0.724433677659,
    0.73678069421,0.742968738083,0.750038947257,0.765884211186,
    0.773770228605,0.782533011165,0.812522163222,0.818175273195,
    0.827818507405,0.838426065037,0.84999794609,0.855783886617,
    0.862331094869,0.877531043683,0.884613048155,0.892481810748,
    0.902942158179,0.912879745377,0.917274601335,0.925537993408,
    0.934900992428,0.945200291351,0.956435890175,0.963978016319,
    0.971541569967,1.),.UNSPECIFIED.);
#5721 = CARTESIAN_POINT('',(134.53328571428,75.503043478261,2.));
#5722 = CARTESIAN_POINT('',(135.561485774,72.359563466624,2.));
#5723 = CARTESIAN_POINT('',(136.3161558822,69.13485917781,2.));
#5724 = CARTESIAN_POINT('',(136.84251019373,65.86077844787,2.));
#5725 = CARTESIAN_POINT('',(137.18066230593,62.561830666823,2.));
#5726 = CARTESIAN_POINT('',(137.36419627269,59.25495951178,2.));
#5727 = CARTESIAN_POINT('',(137.42068393246,55.949579840055,2.));
#5728 = CARTESIAN_POINT('',(137.37203496517,52.647565463594,2.));
#5729 = CARTESIAN_POINT('',(137.12686211389,46.723296186354,2.));
#5730 = CARTESIAN_POINT('',(136.96320933608,44.10581455692,2.));
#5731 = CARTESIAN_POINT('',(136.75325251888,41.491419826119,2.));
#5732 = CARTESIAN_POINT('',(136.50439123017,38.880457603211,2.));
#5733 = CARTESIAN_POINT('',(136.22301218399,36.273017752332,2.));
#5734 = CARTESIAN_POINT('',(135.91476379618,33.668907849165,2.));
#5735 = CARTESIAN_POINT('',(135.58472432143,31.067636437594,2.));
#5736 = CARTESIAN_POINT('',(135.05910302004,27.131925520083,2.));
#5737 = CARTESIAN_POINT('',(134.87568607483,25.792925044959,2.));
#5738 = CARTESIAN_POINT('',(134.68802329294,24.451896349141,2.));
#5739 = CARTESIAN_POINT('',(134.49679784263,23.109342002027,2.));
#5740 = CARTESIAN_POINT('',(134.30269289215,21.765764573017,2.));
#5741 = CARTESIAN_POINT('',(134.10639160978,20.421666631508,2.));
#5742 = CARTESIAN_POINT('',(133.90857716377,19.0775507469,2.));
#5743 = CARTESIAN_POINT('',(133.51232744061,16.397317107187,2.));
#5744 = CARTESIAN_POINT('',(133.31416071826,15.060797661854,2.));
#5745 = CARTESIAN_POINT('',(133.11527345861,13.72438482331,2.));
#5746 = CARTESIAN_POINT('',(132.91545996117,12.388110044867,2.));
#5747 = CARTESIAN_POINT('',(132.7144679217,11.052012562435,2.));
#5748 = CARTESIAN_POINT('',(132.51199843224,9.716139394519,2.));
#5749 = CARTESIAN_POINT('',(132.30770598104,8.380545342222,2.));
#5750 = CARTESIAN_POINT('',(131.7507176624,4.779127181777,2.));
#5751 = CARTESIAN_POINT('',(131.39653645217,2.530443992993,2.));
#5752 = CARTESIAN_POINT('',(131.03789424472,0.304047984734,2.));
#5753 = CARTESIAN_POINT('',(130.67403046282,-1.895256281155,2.));
#5754 = CARTESIAN_POINT('',(130.30418452923,-4.062664242828,2.));
#5755 = CARTESIAN_POINT('',(129.92759586672,-6.193371338441,2.));
#5756 = CARTESIAN_POINT('',(129.54350389807,-8.282573006148,2.));
#5757 = CARTESIAN_POINT('',(128.75879219398,-12.36835636206,2.));
#5758 = CARTESIAN_POINT('',(128.35817245856,-14.36493805026,2.));
#5759 = CARTESIAN_POINT('',(127.94852826251,-16.31040518687,2.));
#5760 = CARTESIAN_POINT('',(127.52909902862,-18.19995321004,2.));
#5761 = CARTESIAN_POINT('',(127.09912417964,-20.02877755792,2.));
#5762 = CARTESIAN_POINT('',(126.65784313834,-21.79207366868,2.));
#5763 = CARTESIAN_POINT('',(126.2044953275,-23.48503698046,2.));
#5764 = CARTESIAN_POINT('',(125.46638466125,-26.04659473614,2.));
#5765 = CARTESIAN_POINT('',(125.19008429158,-26.96475896669,2.));
#5766 = CARTESIAN_POINT('',(124.90926808978,-27.8564019398,2.));
#5767 = CARTESIAN_POINT('',(124.62378508481,-28.72056997217,2.));
#5768 = CARTESIAN_POINT('',(124.33348430561,-29.55630938053,2.));
#5769 = CARTESIAN_POINT('',(124.0382147811,-30.36266648158,2.));
#5770 = CARTESIAN_POINT('',(123.73782554024,-31.13868759206,2.));
#5771 = CARTESIAN_POINT('',(122.95157553249,-33.05436264019,2.));
#5772 = CARTESIAN_POINT('',(122.45752523197,-34.14760673034,2.));
#5773 = CARTESIAN_POINT('',(121.95287242503,-35.15902829284,2.));
#5774 = CARTESIAN_POINT('',(121.43164257819,-36.08268734074,2.));
#5775 = CARTESIAN_POINT('',(120.89390347386,-36.92045284446,2.));
#5776 = CARTESIAN_POINT('',(120.34187576467,-37.67810439369,2.));
#5777 = CARTESIAN_POINT('',(119.77227014559,-38.35988896667,2.));
#5778 = CARTESIAN_POINT('',(118.58837163212,-39.58614289801,2.));
#5779 = CARTESIAN_POINT('',(117.97672355648,-40.12802146465,2.));
#5780 = CARTESIAN_POINT('',(117.34330863441,-40.60334477261,2.));
#5781 = CARTESIAN_POINT('',(116.68653795536,-41.01630970433,2.));
#5782 = CARTESIAN_POINT('',(116.00482260877,-41.37111314222,2.));
#5783 = CARTESIAN_POINT('',(115.29657368408,-41.67195196869,2.));
#5784 = CARTESIAN_POINT('',(114.56020227073,-41.92302306616,2.));
#5785 = CARTESIAN_POINT('',(112.95839275354,-42.35270540894,2.));
#5786 = CARTESIAN_POINT('',(112.08730702836,-42.52265442722,2.));
#5787 = CARTESIAN_POINT('',(111.17879944458,-42.6438190667,2.));
#5788 = CARTESIAN_POINT('',(110.23080716413,-42.72164802223,2.));
#5789 = CARTESIAN_POINT('',(109.24126734897,-42.76158998864,2.));
#5790 = CARTESIAN_POINT('',(108.20811716105,-42.76909366075,2.));
#5791 = CARTESIAN_POINT('',(107.12929376232,-42.74960773339,2.));
#5792 = CARTESIAN_POINT('',(104.87617486711,-42.66755406941,2.));
#5793 = CARTESIAN_POINT('',(103.70187937064,-42.60498633278,2.));
#5794 = CARTESIAN_POINT('',(102.47778498726,-42.52632638634,2.));
#5795 = CARTESIAN_POINT('',(101.2018288789,-42.43702292493,2.));
#5796 = CARTESIAN_POINT('',(99.871948207535,-42.34252464336,2.));
#5797 = CARTESIAN_POINT('',(98.486080135089,-42.24828023648,2.));
#5798 = CARTESIAN_POINT('',(97.042161823521,-42.15973839911,2.));
#5799 = CARTESIAN_POINT('',(94.034099046035,-42.00495725305,2.));
#5800 = CARTESIAN_POINT('',(92.469954580118,-41.93871794436,2.));
#5801 = CARTESIAN_POINT('',(90.850134580725,-41.88294112991,2.));
#5802 = CARTESIAN_POINT('',(89.179076591556,-41.83693803957,2.));
#5803 = CARTESIAN_POINT('',(87.461218156309,-41.80001990325,2.));
#5804 = CARTESIAN_POINT('',(85.700996818682,-41.77149795083,2.));
#5805 = CARTESIAN_POINT('',(83.902850122375,-41.7506834122,2.));
#5806 = CARTESIAN_POINT('',(79.98893018642,-41.72120371638,2.));
#5807 = CARTESIAN_POINT('',(77.906567743217,-41.71491604001,2.));
#5808 = CARTESIAN_POINT('',(75.824175595966,-41.71628331949,2.));
#5809 = CARTESIAN_POINT('',(73.741788674322,-41.72400409186,2.));
#5810 = CARTESIAN_POINT('',(71.659429423375,-41.73700850969,2.));
#5811 = CARTESIAN_POINT('',(69.577107648243,-41.75436955758,2.));
#5812 = CARTESIAN_POINT('',(67.494820405019,-41.77526528069,2.));
#5813 = CARTESIAN_POINT('',(64.095074165116,-41.81389273455,2.));
#5814 = CARTESIAN_POINT('',(62.775532387482,-41.82999135565,2.));
#5815 = CARTESIAN_POINT('',(61.45524153497,-41.8470155136,2.));
#5816 = CARTESIAN_POINT('',(60.135516435343,-41.86476112836,2.));
#5817 = CARTESIAN_POINT('',(58.817671916364,-41.8830241199,2.));
#5818 = CARTESIAN_POINT('',(57.503022805795,-41.90160040819,2.));
#5819 = CARTESIAN_POINT('',(56.1928839314,-41.92028591319,2.));
#5820 = CARTESIAN_POINT('',(53.460135075672,-41.95923632096,2.));
#5821 = CARTESIAN_POINT('',(52.031702813233,-41.97957493435,2.));
#5822 = CARTESIAN_POINT('',(50.603269727648,-41.99966370607,2.));
#5823 = CARTESIAN_POINT('',(49.17483272111,-42.01924828569,2.));
#5824 = CARTESIAN_POINT('',(47.746389203983,-42.03804866131,2.));
#5825 = CARTESIAN_POINT('',(46.317937094796,-42.05575915953,2.));
#5826 = CARTESIAN_POINT('',(44.88947482025,-42.0720484455,2.));
#5827 = CARTESIAN_POINT('',(39.652077358568,-42.12525228832,2.));
#5828 = CARTESIAN_POINT('',(35.843067844114,-42.15174248914,2.));
#5829 = CARTESIAN_POINT('',(32.034046766083,-42.16641130923,2.));
#5830 = CARTESIAN_POINT('',(28.225067635281,-42.17010042217,2.));
#5831 = CARTESIAN_POINT('',(24.416162915313,-42.16426067189,2.));
#5832 = CARTESIAN_POINT('',(20.60734271964,-42.15127595765,2.));
#5833 = CARTESIAN_POINT('',(16.798594412138,-42.13458234605,2.));
#5834 = CARTESIAN_POINT('',(11.406352449834,-42.11139222146,2.));
#5835 = CARTESIAN_POINT('',(9.82282736419,-42.10463652171,2.));
#5836 = CARTESIAN_POINT('',(8.239306565939,-42.09822348761,2.));
#5837 = CARTESIAN_POINT('',(6.655787720953,-42.09246085548,2.));
#5838 = CARTESIAN_POINT('',(5.072269143849,-42.08766795667,2.));
#5839 = CARTESIAN_POINT('',(3.488749849853,-42.0841677296,2.));
#5840 = CARTESIAN_POINT('',(1.905229606674,-42.08227873181,2.));
#5841 = CARTESIAN_POINT('',(-0.402148591776,-42.08232014339,2.));
#5842 = CARTESIAN_POINT('',(-1.125920987511,-42.08274906731,2.));
#5843 = CARTESIAN_POINT('',(-1.849804577303,-42.08356665612,2.));
#5844 = CARTESIAN_POINT('',(-2.573995738827,-42.0847447412,2.));
#5845 = CARTESIAN_POINT('',(-3.298690850959,-42.08625425291,2.));
#5846 = CARTESIAN_POINT('',(-4.024086293777,-42.08806522059,2.));
#5847 = CARTESIAN_POINT('',(-4.750378448557,-42.09014677258,2.));
#5848 = CARTESIAN_POINT('',(-6.326379828557,-42.09517422712,2.));
#5849 = CARTESIAN_POINT('',(-7.176483788933,-42.09820802667,2.));
#5850 = CARTESIAN_POINT('',(-8.028387427956,-42.10152082142,2.));
#5851 = CARTESIAN_POINT('',(-8.882402594674,-42.10506489793,2.));
#5852 = CARTESIAN_POINT('',(-9.738841138134,-42.10879254277,2.));
#5853 = CARTESIAN_POINT('',(-10.59801490738,-42.1126560425,2.));
#5854 = CARTESIAN_POINT('',(-11.46023575147,-42.11660768368,2.));
#5855 = CARTESIAN_POINT('',(-16.11576218022,-42.13807905396,2.));
#5856 = CARTESIAN_POINT('',(-19.90574434877,-42.1560364665,2.));
#5857 = CARTESIAN_POINT('',(-23.69579874066,-42.17031925534,2.));
#5858 = CARTESIAN_POINT('',(-27.48594023455,-42.17733920493,2.));
#5859 = CARTESIAN_POINT('',(-31.27615932814,-42.17458897292,2.));
#5860 = CARTESIAN_POINT('',(-35.06642241085,-42.16053635214,2.));
#5861 = CARTESIAN_POINT('',(-38.85667311204,-42.13429282164,2.));
#5862 = CARTESIAN_POINT('',(-43.74608390131,-42.08418808072,2.));
#5863 = CARTESIAN_POINT('',(-44.8453273769,-42.071784576,2.));
#5864 = CARTESIAN_POINT('',(-45.94456346244,-42.05838096557,2.));
#5865 = CARTESIAN_POINT('',(-47.04379254798,-42.04411823253,2.));
#5866 = CARTESIAN_POINT('',(-48.14301536189,-42.02913963114,2.));
#5867 = CARTESIAN_POINT('',(-49.24223297087,-42.01359068678,2.));
#5868 = CARTESIAN_POINT('',(-50.34144677995,-41.99761919598,2.));
#5869 = CARTESIAN_POINT('',(-54.86134157128,-41.93082493801,2.));
#5870 = CARTESIAN_POINT('',(-58.28194483781,-41.87747336825,2.));
#5871 = CARTESIAN_POINT('',(-61.70258505834,-41.82514991027,2.));
#5872 = CARTESIAN_POINT('',(-65.12332752939,-41.77704019683,2.));
#5873 = CARTESIAN_POINT('',(-68.54419425399,-41.73631021277,2.));
#5874 = CARTESIAN_POINT('',(-71.96516739024,-41.70654391982,2.));
#5875 = CARTESIAN_POINT('',(-75.38619280372,-41.69192620481,2.));
#5876 = CARTESIAN_POINT('',(-80.68596021421,-41.70285023526,2.));
#5877 = CARTESIAN_POINT('',(-82.53654969203,-41.71320057697,2.));
#5878 = CARTESIAN_POINT('',(-84.35445722928,-41.73075791133,2.));
#5879 = CARTESIAN_POINT('',(-86.13517706731,-41.75625145414,2.));
#5880 = CARTESIAN_POINT('',(-87.87420344746,-41.79041042121,2.));
#5881 = CARTESIAN_POINT('',(-89.5670306111,-41.83396402838,2.));
#5882 = CARTESIAN_POINT('',(-91.20915279956,-41.88764149145,2.));
#5883 = CARTESIAN_POINT('',(-93.53888312684,-41.98237818486,2.));
#5884 = CARTESIAN_POINT('',(-94.28160373314,-42.01525733656,2.));
#5885 = CARTESIAN_POINT('',(-95.02416291374,-42.05150601855,2.));
#5886 = CARTESIAN_POINT('',(-95.7665196822,-42.0914793299,2.));
#5887 = CARTESIAN_POINT('',(-96.50865522502,-42.13519093155,2.));
#5888 = CARTESIAN_POINT('',(-97.25057290157,-42.18231304633,2.));
#5889 = CARTESIAN_POINT('',(-97.99229824416,-42.23217645895,2.));
#5890 = CARTESIAN_POINT('',(-99.53950166767,-42.33982017209,2.));
#5891 = CARTESIAN_POINT('',(-100.32560486,-42.39671645474,2.));
#5892 = CARTESIAN_POINT('',(-101.0926476468,-42.45334731573,2.));
#5893 = CARTESIAN_POINT('',(-101.8410891398,-42.50860070687,2.));
#5894 = CARTESIAN_POINT('',(-102.5713884507,-42.56136457997,2.));
#5895 = CARTESIAN_POINT('',(-103.2840046914,-42.61052688686,2.));
#5896 = CARTESIAN_POINT('',(-103.9793969736,-42.65497557934,2.));
#5897 = CARTESIAN_POINT('',(-105.7408192028,-42.75522419862,2.));
#5898 = CARTESIAN_POINT('',(-106.8217995262,-42.80434466865,2.));
#5899 = CARTESIAN_POINT('',(-107.9043509505,-42.83488922128,2.));
#5900 = CARTESIAN_POINT('',(-108.9893696189,-42.83864502756,2.));
#5901 = CARTESIAN_POINT('',(-110.0752707505,-42.80436709865,2.));
#5902 = CARTESIAN_POINT('',(-111.1580078474,-42.71709919991,2.));
#5903 = CARTESIAN_POINT('',(-112.2311328339,-42.55725502733,2.));
#5904 = CARTESIAN_POINT('',(-113.7095393139,-42.20510220924,2.));
#5905 = CARTESIAN_POINT('',(-114.124355617,-42.09087141057,2.));
#5906 = CARTESIAN_POINT('',(-114.530902569,-41.96255635335,2.));
#5907 = CARTESIAN_POINT('',(-114.9294692899,-41.81945673901,2.));
#5908 = CARTESIAN_POINT('',(-115.3203448995,-41.660872269,2.));
#5909 = CARTESIAN_POINT('',(-115.7038185179,-41.48610264473,2.));
#5910 = CARTESIAN_POINT('',(-116.080179265,-41.29444756766,2.));
#5911 = CARTESIAN_POINT('',(-116.8808427557,-40.84109243936,2.));
#5912 = CARTESIAN_POINT('',(-117.3026813669,-40.57304197791,2.));
#5913 = CARTESIAN_POINT('',(-117.715691206,-40.27994330668,2.));
#5914 = CARTESIAN_POINT('',(-118.1203313849,-39.96068437748,2.));
#5915 = CARTESIAN_POINT('',(-118.5170610152,-39.61415314214,2.));
#5916 = CARTESIAN_POINT('',(-118.9063392087,-39.23923755247,2.));
#5917 = CARTESIAN_POINT('',(-119.2886250773,-38.83482556027,2.));
#5918 = CARTESIAN_POINT('',(-120.0935702543,-37.90291569217,2.));
#5919 = CARTESIAN_POINT('',(-120.4979672369,-37.38489435082,2.));
#5920 = CARTESIAN_POINT('',(-120.8795205827,-36.84940808327,2.));
#5921 = CARTESIAN_POINT('',(-121.2401801532,-36.29960431268,2.));
#5922 = CARTESIAN_POINT('',(-121.5818937688,-35.73811089538,2.));
#5923 = CARTESIAN_POINT('',(-121.9066072093,-35.16703612092,2.));
#5924 = CARTESIAN_POINT('',(-122.2162642134,-34.58796871206,2.));
#5925 = CARTESIAN_POINT('',(-123.0456376411,-32.94906145584,2.));
#5926 = CARTESIAN_POINT('',(-123.5673982838,-31.81177392212,2.));
#5927 = CARTESIAN_POINT('',(-124.077956159,-30.5942583392,2.));
#5928 = CARTESIAN_POINT('',(-124.5771790189,-29.30065782269,2.));
#5929 = CARTESIAN_POINT('',(-125.0649346155,-27.93511548823,2.));
#5930 = CARTESIAN_POINT('',(-125.5410907009,-26.50177445143,2.));
#5931 = CARTESIAN_POINT('',(-126.0055150273,-25.00477782791,2.));
#5932 = CARTESIAN_POINT('',(-126.9517775134,-21.7502588119,2.));
#5933 = CARTESIAN_POINT('',(-127.4313605312,-19.98142413151,2.));
#5934 = CARTESIAN_POINT('',(-127.8966527065,-18.14714358304,2.));
#5935 = CARTESIAN_POINT('',(-128.3474823455,-16.25279605739,2.));
#5936 = CARTESIAN_POINT('',(-128.7836777544,-14.30376044546,2.));
#5937 = CARTESIAN_POINT('',(-129.2050672394,-12.30541563817,2.));
#5938 = CARTESIAN_POINT('',(-129.6114791069,-10.26314052641,2.));
#5939 = CARTESIAN_POINT('',(-130.5837365037,-5.092446452106,2.));
#5940 = CARTESIAN_POINT('',(-131.1170070038,-1.993734040119,2.));
#5941 = CARTESIAN_POINT('',(-131.6092104833,1.11197157703,2.));
#5942 = CARTESIAN_POINT('',(-132.0643491383,4.223368926904,2.));
#5943 = CARTESIAN_POINT('',(-132.485297946,7.339472347992,2.));
#5944 = CARTESIAN_POINT('',(-132.873948254,10.459591070875,2.));
#5945 = CARTESIAN_POINT('',(-133.2315041126,13.583279673427,2.));
#5946 = CARTESIAN_POINT('',(-134.312365166,23.922521210164,2.));
#5947 = CARTESIAN_POINT('',(-134.9030674698,31.1507282371,2.));
#5948 = CARTESIAN_POINT('',(-135.3256022411,38.392347132703,2.));
#5949 = CARTESIAN_POINT('',(-135.5733165701,45.64360282613,2.));
#5950 = CARTESIAN_POINT('',(-135.637688336,52.899564831652,2.));
#5951 = CARTESIAN_POINT('',(-135.5077460269,60.154136710976,2.));
#5952 = CARTESIAN_POINT('',(-135.1695039198,67.400056361346,2.));
#5953 = CARTESIAN_POINT('',(-134.4770275162,76.240006615227,2.));
#5954 = CARTESIAN_POINT('',(-134.3392986716,77.850202122385,2.));
#5955 = CARTESIAN_POINT('',(-134.1905195606,79.45943031755,2.));
#5956 = CARTESIAN_POINT('',(-134.0318522687,81.067711875511,2.));
#5957 = CARTESIAN_POINT('',(-133.8645551151,82.675100015568,2.));
#5958 = CARTESIAN_POINT('',(-133.6897321617,84.281663762507,2.));
#5959 = CARTESIAN_POINT('',(-133.5084257429,85.887493659715,2.));
#5960 = CARTESIAN_POINT('',(-133.1204208238,89.229378728331,2.));
#5961 = CARTESIAN_POINT('',(-132.9137281613,90.957442124858,2.));
#5962 = CARTESIAN_POINT('',(-132.7035931403,92.677752136424,2.));
#5963 = CARTESIAN_POINT('',(-132.4916348717,94.391140775407,2.));
#5964 = CARTESIAN_POINT('',(-132.2794724661,96.098440054183,2.));
#5965 = CARTESIAN_POINT('',(-132.0687250343,97.800481985128,2.));
#5966 = CARTESIAN_POINT('',(-131.861011687,99.49809858062,2.));
#5967 = CARTESIAN_POINT('',(-131.2723238009,104.40920973955,2.));
#5968 = CARTESIAN_POINT('',(-130.9017408361,107.62782735014,2.));
#5969 = CARTESIAN_POINT('',(-130.558000535,110.84977781135,2.));
#5970 = CARTESIAN_POINT('',(-130.2533274159,114.07616683495,2.));
#5971 = CARTESIAN_POINT('',(-130.000075997,117.30737870836,2.));
#5972 = CARTESIAN_POINT('',(-129.8101829679,120.54303078766,2.));
#5973 = CARTESIAN_POINT('',(-129.6945329241,123.78191922716,2.));
#5974 = CARTESIAN_POINT('',(-129.6515675407,128.11456303172,2.));
#5975 = CARTESIAN_POINT('',(-129.6504825485,129.20724656588,2.));
#5976 = CARTESIAN_POINT('',(-129.6584199859,130.29992048586,2.));
#5977 = CARTESIAN_POINT('',(-129.674669032,131.39250499644,2.));
#5978 = CARTESIAN_POINT('',(-129.6985355167,132.48493930294,2.));
#5979 = CARTESIAN_POINT('',(-129.7293419211,133.57718161126,2.));
#5980 = CARTESIAN_POINT('',(-129.7664273772,134.66920912788,2.));
#5981 = CARTESIAN_POINT('',(-129.8762876672,137.47692517703,2.));
#5982 = CARTESIAN_POINT('',(-129.9572437369,139.18907684074,2.));
#5983 = CARTESIAN_POINT('',(-130.0493545135,140.89476602546,2.));
#5984 = CARTESIAN_POINT('',(-130.1499586334,142.59128570572,2.));
#5985 = CARTESIAN_POINT('',(-130.2563947329,144.27592885603,2.));
#5986 = CARTESIAN_POINT('',(-130.3660014486,145.94598845093,2.));
#5987 = CARTESIAN_POINT('',(-130.4761174167,147.59875746494,2.));
#5988 = CARTESIAN_POINT('',(-130.6920451308,150.86430028022,2.));
#5989 = CARTESIAN_POINT('',(-130.7978568768,152.47707408149,2.));
#5990 = CARTESIAN_POINT('',(-130.898855148,154.06714325092,2.));
#5991 = CARTESIAN_POINT('',(-130.992378581,155.63180076303,2.));
#5992 = CARTESIAN_POINT('',(-131.075765812,157.16833959234,2.));
#5993 = CARTESIAN_POINT('',(-131.1463554776,158.67405271339,2.));
#5994 = CARTESIAN_POINT('',(-131.2014862142,160.14623310068,2.));
#5995 = CARTESIAN_POINT('',(-131.2788716877,163.14865441393,2.));
#5996 = CARTESIAN_POINT('',(-131.2976820716,164.67200679061,2.));
#5997 = CARTESIAN_POINT('',(-131.2914726358,166.14871640347,2.));
#5998 = CARTESIAN_POINT('',(-131.2567882067,167.57526879722,2.));
#5999 = CARTESIAN_POINT('',(-131.1901736105,168.94814951653,2.));
#6000 = CARTESIAN_POINT('',(-131.0881736734,170.26384410609,2.));
#6001 = CARTESIAN_POINT('',(-130.9473332216,171.51883811059,2.));
#6002 = CARTESIAN_POINT('',(-130.6797132879,173.25894351482,2.));
#6003 = CARTESIAN_POINT('',(-130.5841919994,173.80652357567,2.));
#6004 = CARTESIAN_POINT('',(-130.4766744632,174.35197399961,2.));
#6005 = CARTESIAN_POINT('',(-130.35629975,174.89483033086,2.));
#6006 = CARTESIAN_POINT('',(-130.2223047533,175.43454691547,2.));
#6007 = CARTESIAN_POINT('',(-130.0740241893,175.97049690133,2.));
#6008 = CARTESIAN_POINT('',(-129.9108905975,176.50197223819,2.));
#6009 = CARTESIAN_POINT('',(-129.5397146318,177.59645355174,2.));
#6010 = CARTESIAN_POINT('',(-129.3334934338,178.1454918169,2.));
#6011 = CARTESIAN_POINT('',(-129.1141157649,178.67604917359,2.));
#6012 = CARTESIAN_POINT('',(-128.8819266439,179.18887632229,2.));
#6013 = CARTESIAN_POINT('',(-128.6372710898,179.68472396351,2.));
#6014 = CARTESIAN_POINT('',(-128.3804941215,180.16434279772,2.));
#6015 = CARTESIAN_POINT('',(-128.1119407578,180.62848352541,2.));
#6016 = CARTESIAN_POINT('',(-127.2918411308,181.9448541867,2.));
#6017 = CARTESIAN_POINT('',(-126.696224843,182.7778085875,2.));
#6018 = CARTESIAN_POINT('',(-126.0479597065,183.57121404019,2.));
#6019 = CARTESIAN_POINT('',(-125.351885892,184.32288538506,2.));
#6020 = CARTESIAN_POINT('',(-124.614515087,185.03364235794,2.));
#6021 = CARTESIAN_POINT('',(-123.8431652267,185.70643644593,2.));
#6022 = CARTESIAN_POINT('',(-123.0450034266,186.34541216067,2.));
#6023 = CARTESIAN_POINT('',(-121.366436301,187.5961973422,2.));
#6024 = CARTESIAN_POINT('',(-120.4835379489,188.20526988268,2.));
#6025 = CARTESIAN_POINT('',(-119.5835996168,188.78924615901,2.));
#6026 = CARTESIAN_POINT('',(-118.6719587752,189.35481410311,2.));
#6027 = CARTESIAN_POINT('',(-117.7531983665,189.90827432322,2.));
#6028 = CARTESIAN_POINT('',(-116.8310669176,190.45541718656,2.));
#6029 = CARTESIAN_POINT('',(-115.9085078735,191.00157619236,2.));
#6030 = CARTESIAN_POINT('',(-114.4344683159,191.88234375927,2.));
#6031 = CARTESIAN_POINT('',(-113.8771789351,192.21757207299,2.));
#6032 = CARTESIAN_POINT('',(-113.3162382587,192.55813957898,2.));
#6033 = CARTESIAN_POINT('',(-112.7519648259,192.90461125674,2.));
#6034 = CARTESIAN_POINT('',(-112.1846247632,193.25741821549,2.));
#6035 = CARTESIAN_POINT('',(-111.6144317847,193.61685769417,2.));
#6036 = CARTESIAN_POINT('',(-111.0415471914,193.98309306141,2.));
#6037 = CARTESIAN_POINT('',(-109.8905868276,194.72923124684,2.));
#6038 = CARTESIAN_POINT('',(-109.3125523865,195.10930932577,2.));
#6039 = CARTESIAN_POINT('',(-108.7321724073,195.49666248544,2.));
#6040 = CARTESIAN_POINT('',(-108.1496427486,195.89156515891,2.));
#6041 = CARTESIAN_POINT('',(-107.5651592685,196.29429177927,2.));
#6042 = CARTESIAN_POINT('',(-106.9789178257,196.70511677959,2.));
#6043 = CARTESIAN_POINT('',(-106.3911142783,197.12431459294,2.));
#6044 = CARTESIAN_POINT('',(-104.2111149968,198.70739290542,2.));
#6045 = CARTESIAN_POINT('',(-102.6466683587,199.89927814996,2.));
#6046 = CARTESIAN_POINT('',(-101.1115409047,201.12942211821,2.));
#6047 = CARTESIAN_POINT('',(-99.60821025207,202.39867266937,2.));
#6048 = CARTESIAN_POINT('',(-98.13879457907,203.70723672507,2.));
#6049 = CARTESIAN_POINT('',(-96.70510758575,205.05474548427,2.));
#6050 = CARTESIAN_POINT('',(-95.3086891462,206.44029095651,2.));
#6051 = CARTESIAN_POINT('',(-93.51030214645,208.32385125798,2.));
#6052 = CARTESIAN_POINT('',(-93.07065667517,208.7924242687,2.));
#6053 = CARTESIAN_POINT('',(-92.63197787349,209.26829266088,2.));
#6054 = CARTESIAN_POINT('',(-92.19434836918,209.75157221098,2.));
#6055 = CARTESIAN_POINT('',(-91.75785079001,210.24237869546,2.));
#6056 = CARTESIAN_POINT('',(-91.32256776374,210.74082789077,2.));
#6057 = CARTESIAN_POINT('',(-90.88858191813,211.24703557336,2.));
#6058 = CARTESIAN_POINT('',(-89.73511806273,212.61773984661,2.));
#6059 = CARTESIAN_POINT('',(-89.01766139508,213.49696036583,2.));
#6060 = CARTESIAN_POINT('',(-88.30505334305,214.39863080636,2.));
#6061 = CARTESIAN_POINT('',(-87.59612613676,215.32028733641,2.));
#6062 = CARTESIAN_POINT('',(-86.88954631353,216.25923289814,2.));
#6063 = CARTESIAN_POINT('',(-86.1848683292,217.21343446856,2.));
#6064 = CARTESIAN_POINT('',(-85.48219223885,218.1812352464,2.));
#6065 = CARTESIAN_POINT('',(-84.00842877761,220.2364671221,2.));
#6066 = CARTESIAN_POINT('',(-83.23759704464,221.32647438031,2.));
#6067 = CARTESIAN_POINT('',(-82.46711729521,222.42703439613,2.));
#6068 = CARTESIAN_POINT('',(-81.69617657682,223.53527802599,2.));
#6069 = CARTESIAN_POINT('',(-80.92396193696,224.64833612633,2.));
#6070 = CARTESIAN_POINT('',(-80.14966042314,225.76333955356,2.));
#6071 = CARTESIAN_POINT('',(-79.37245908287,226.8774191641,2.));
#6072 = CARTESIAN_POINT('',(-77.68302900495,229.27941397492,2.));
#6073 = CARTESIAN_POINT('',(-76.7688318473,230.56692118901,2.));
#6074 = CARTESIAN_POINT('',(-75.84585458318,231.84826311607,2.));
#6075 = CARTESIAN_POINT('',(-74.91105298764,233.12122703075,2.));
#6076 = CARTESIAN_POINT('',(-73.96131618025,234.38326126773,2.));
#6077 = CARTESIAN_POINT('',(-72.99336766963,235.63140169604,2.));
#6078 = CARTESIAN_POINT('',(-72.00363244387,236.86217230507,2.));
#6079 = CARTESIAN_POINT('',(-70.4563489466,238.70444281943,2.));
#6080 = CARTESIAN_POINT('',(-69.92084618748,239.32769384427,2.));
#6081 = CARTESIAN_POINT('',(-69.38129599409,239.94043067785,2.));
#6082 = CARTESIAN_POINT('',(-68.83748886778,240.54191393906,2.));
#6083 = CARTESIAN_POINT('',(-68.28921530989,241.13140424681,2.));
#6084 = CARTESIAN_POINT('',(-67.73626582177,241.70816221998,2.));
#6085 = CARTESIAN_POINT('',(-67.17843090477,242.27144847747,2.));
#6086 = CARTESIAN_POINT('',(-66.06763330636,243.35490741253,2.));
#6087 = CARTESIAN_POINT('',(-65.51058501084,243.87983470679,2.));
#6088 = CARTESIAN_POINT('',(-64.94389450894,244.39444266551,2.));
#6089 = CARTESIAN_POINT('',(-64.3673134116,244.89804292657,2.));
#6090 = CARTESIAN_POINT('',(-63.78080660543,245.39012162123,2.));
#6091 = CARTESIAN_POINT('',(-63.18455225274,245.87033937413,2.));
#6092 = CARTESIAN_POINT('',(-62.5789417915,246.33853130328,2.));
#6093 = CARTESIAN_POINT('',(-60.31445438339,248.0199575771,2.));
#6094 = CARTESIAN_POINT('',(-58.5989317464,249.15810583749,2.));
#6095 = CARTESIAN_POINT('',(-56.824271695,250.20431328776,2.));
#6096 = CARTESIAN_POINT('',(-54.99735410988,251.15689728083,2.));
#6097 = CARTESIAN_POINT('',(-53.12545894236,252.0168685527,2.));
#6098 = CARTESIAN_POINT('',(-51.21598933177,252.78736194213,2.));
#6099 = CARTESIAN_POINT('',(-49.27618831425,253.47305972372,2.));
#6100 = CARTESIAN_POINT('',(-46.4446759369,254.34798404584,2.));
#6101 = CARTESIAN_POINT('',(-45.57200498488,254.60075634948,2.));
#6102 = CARTESIAN_POINT('',(-44.69516070997,254.83862881435,2.));
#6103 = CARTESIAN_POINT('',(-43.81441722077,255.06220637894,2.));
#6104 = CARTESIAN_POINT('',(-42.93004862591,255.27209398174,2.));
#6105 = CARTESIAN_POINT('',(-42.042329034,255.46889656124,2.));
#6106 = CARTESIAN_POINT('',(-41.15153255366,255.65321905594,2.));
#6107 = CARTESIAN_POINT('',(-39.56291164671,255.95979211971,2.));
#6108 = CARTESIAN_POINT('',(-38.86619449115,256.08673410462,2.));
#6109 = CARTESIAN_POINT('',(-38.16791079698,256.20677698717,2.));
#6110 = CARTESIAN_POINT('',(-37.46818953438,256.32020539548,2.));
#6111 = CARTESIAN_POINT('',(-36.76715967352,256.42730395766,2.));
#6112 = CARTESIAN_POINT('',(-36.06495018457,256.52835730185,2.));
#6113 = CARTESIAN_POINT('',(-35.36169003771,256.62365005618,2.));
#6114 = CARTESIAN_POINT('',(-33.65151730618,256.84177870129,2.));
#6115 = CARTESIAN_POINT('',(-32.64374894744,256.95895966382,2.));
#6116 = CARTESIAN_POINT('',(-31.63429758068,257.06566930795,2.));
#6117 = CARTESIAN_POINT('',(-30.62322993417,257.1623987977,2.));
#6118 = CARTESIAN_POINT('',(-29.61060983975,257.24963200471,2.));
#6119 = CARTESIAN_POINT('',(-28.59650850742,257.32791254203,2.));
#6120 = CARTESIAN_POINT('',(-27.5810002453,257.39781671689,2.));
#6121 = CARTESIAN_POINT('',(-25.44560413651,257.52804948538,2.));
#6122 = CARTESIAN_POINT('',(-24.32544075748,257.58673437111,2.));
#6123 = CARTESIAN_POINT('',(-23.20374583427,257.63659193191,2.));
#6124 = CARTESIAN_POINT('',(-22.08061171321,257.67832704044,2.));
#6125 = CARTESIAN_POINT('',(-20.95613074064,257.71264456936,2.));
#6126 = CARTESIAN_POINT('',(-19.83039526291,257.74024939132,2.));
#6127 = CARTESIAN_POINT('',(-18.70349762636,257.76184637898,2.));
#6128 = CARTESIAN_POINT('',(-16.13532345191,257.7989448758,2.));
#6129 = CARTESIAN_POINT('',(-14.69500489972,257.81108039048,2.));
#6130 = CARTESIAN_POINT('',(-13.25463580689,257.81605102207,2.));
#6131 = CARTESIAN_POINT('',(-11.81425937288,257.81534140488,2.));
#6132 = CARTESIAN_POINT('',(-10.37390069555,257.81042013117,2.));
#6133 = CARTESIAN_POINT('',(-8.933566756089,257.80274314779,2.));
#6134 = CARTESIAN_POINT('',(-7.493246403994,257.79375715288,2.));
#6135 = CARTESIAN_POINT('',(-5.331046667019,257.78046548874,2.));
#6136 = CARTESIAN_POINT('',(-4.609035335026,257.77606026108,2.));
#6137 = CARTESIAN_POINT('',(-3.886900143839,257.77186895592,2.));
#6138 = CARTESIAN_POINT('',(-3.164664891198,257.76807321964,2.));
#6139 = CARTESIAN_POINT('',(-2.442353374849,257.7648546986,2.));
#6140 = CARTESIAN_POINT('',(-1.719989392531,257.76239503918,2.));
#6141 = CARTESIAN_POINT('',(-0.997596741989,257.76087588775,2.));
#6142 = CARTESIAN_POINT('',(0.550183029779,257.76002529786,2.));
#6143 = CARTESIAN_POINT('',(1.375565201313,257.76114890563,2.));
#6144 = CARTESIAN_POINT('',(2.200944823455,257.76359397352,2.));
#6145 = CARTESIAN_POINT('',(3.026320462334,257.76709993373,2.));
#6146 = CARTESIAN_POINT('',(3.851691720391,257.77140139116,2.));
#6147 = CARTESIAN_POINT('',(4.677059236381,257.77622812338,2.));
#6148 = CARTESIAN_POINT('',(5.50242468537,257.78130508065,2.));
#6149 = CARTESIAN_POINT('',(8.177544197262,257.79766405748,2.));
#6150 = CARTESIAN_POINT('',(10.027245862655,257.80885778319,2.));
#6151 = CARTESIAN_POINT('',(11.876987654712,257.81688102333,2.));
#6152 = CARTESIAN_POINT('',(13.726794298859,257.81866709303,2.));
#6153 = CARTESIAN_POINT('',(15.576623374596,257.81111836624,2.));
#6154 = CARTESIAN_POINT('',(17.426365333823,257.79109458016,2.));
#6155 = CARTESIAN_POINT('',(19.275843529023,257.75540623998,2.));
#6156 = CARTESIAN_POINT('',(22.04502709146,257.6736427176,2.));
#6157 = CARTESIAN_POINT('',(22.964383067159,257.64181128894,2.));
#6158 = CARTESIAN_POINT('',(23.882832288266,257.60493301842,2.));
#6159 = CARTESIAN_POINT('',(24.800324864632,257.56262208633,2.));
#6160 = CARTESIAN_POINT('',(25.716810906107,257.51449267292,2.));
#6161 = CARTESIAN_POINT('',(26.632240522541,257.46015895849,2.));
#6162 = CARTESIAN_POINT('',(27.546563823783,257.39923512331,2.));
#6163 = CARTESIAN_POINT('',(29.474423669728,257.25588649454,2.));
#6164 = CARTESIAN_POINT('',(30.487563029652,257.17185088347,2.));
#6165 = CARTESIAN_POINT('',(31.499202821738,257.07864524986,2.));
#6166 = CARTESIAN_POINT('',(32.509353337125,256.9757377232,2.));
#6167 = CARTESIAN_POINT('',(33.517955633028,256.86266758985,2.));
#6168 = CARTESIAN_POINT('',(34.524862862133,256.73896457878,2.));
#6169 = CARTESIAN_POINT('',(35.529828634145,256.60396767007,2.));
#6170 = CARTESIAN_POINT('',(39.963985058918,255.95200870439,2.));
#6171 = CARTESIAN_POINT('',(43.380355715414,255.30111561342,2.));
#6172 = CARTESIAN_POINT('',(46.764989882871,254.46878193385,2.));
#6173 = CARTESIAN_POINT('',(50.093537989969,253.4201487424,2.));
#6174 = CARTESIAN_POINT('',(53.335241644838,252.12349045457,2.));
#6175 = CARTESIAN_POINT('',(56.455279415947,250.5561636963,2.));
#6176 = CARTESIAN_POINT('',(59.418745535592,248.71490472884,2.));
#6177 = CARTESIAN_POINT('',(62.717141488313,246.23119929765,2.));
#6178 = CARTESIAN_POINT('',(63.233750739078,245.82847035845,2.));
#6179 = CARTESIAN_POINT('',(63.743493448207,245.41697666765,2.));
#6180 = CARTESIAN_POINT('',(64.246142718117,244.99683192036,2.));
#6181 = CARTESIAN_POINT('',(64.741572070285,244.56823222755,2.));
#6182 = CARTESIAN_POINT('',(65.229755445248,244.13145611605,2.));
#6183 = CARTESIAN_POINT('',(65.710767202605,243.68686452855,2.));
#6184 = CARTESIAN_POINT('',(66.99337011945,242.46392840617,2.));
#6185 = CARTESIAN_POINT('',(67.791269196487,241.66306299739,2.));
#6186 = CARTESIAN_POINT('',(68.579100527659,240.83446661314,2.));
#6187 = CARTESIAN_POINT('',(69.357485288502,239.9803012693,2.));
#6188 = CARTESIAN_POINT('',(70.127044654553,239.10272898174,2.));
#6189 = CARTESIAN_POINT('',(70.88839980135,238.20391176634,2.));
#6190 = CARTESIAN_POINT('',(71.642171904428,237.28601163897,2.));
#6191 = CARTESIAN_POINT('',(73.21047339771,235.32288748969,2.));
#6192 = CARTESIAN_POINT('',(74.023540795596,234.27411007961,2.));
#6193 = CARTESIAN_POINT('',(74.829011117621,233.20773602838,2.));
#6194 = CARTESIAN_POINT('',(75.627711148425,232.12664297913,2.));
#6195 = CARTESIAN_POINT('',(76.420467672647,231.033708575,2.));
#6196 = CARTESIAN_POINT('',(77.208107474926,229.93181045911,2.));
#6197 = CARTESIAN_POINT('',(77.991457339902,228.82382627459,2.));
#6198 = CARTESIAN_POINT('',(79.622129556553,226.50042354456,2.));
#6199 = CARTESIAN_POINT('',(80.468793623011,225.28439513304,2.));
#6200 = CARTESIAN_POINT('',(81.312409642915,224.06828439345,2.));
#6201 = CARTESIAN_POINT('',(82.154051007592,222.85582728921,2.));
#6202 = CARTESIAN_POINT('',(82.99479110837,221.65075978377,2.));
#6203 = CARTESIAN_POINT('',(83.835703336576,220.45681784056,2.));
#6204 = CARTESIAN_POINT('',(84.677861083537,219.27773742299,2.));
#6205 = CARTESIAN_POINT('',(85.944576069102,217.53701303028,2.));
#6206 = CARTESIAN_POINT('',(86.367394125145,216.96142093831,2.));
#6207 = CARTESIAN_POINT('',(86.790926082624,216.39094521404,2.));
#6208 = CARTESIAN_POINT('',(87.215306115456,215.8260528529,2.));
#6209 = CARTESIAN_POINT('',(87.640668397555,215.26721085032,2.));
#6210 = CARTESIAN_POINT('',(88.06714710284,214.71488620173,2.));
#6211 = CARTESIAN_POINT('',(88.494876405224,214.16954590255,2.));
#6212 = CARTESIAN_POINT('',(89.409563945861,213.02299687219,2.));
#6213 = CARTESIAN_POINT('',(89.901094128401,212.4191167746,2.));
#6214 = CARTESIAN_POINT('',(90.39884955036,211.82033438651,2.));
#6215 = CARTESIAN_POINT('',(90.902994961833,211.22689776231,2.));
#6216 = CARTESIAN_POINT('',(91.413591338894,210.63898527973,2.));
#6217 = CARTESIAN_POINT('',(91.9305958836,210.05670563984,2.));
#6218 = CARTESIAN_POINT('',(92.453862023985,209.48009786704,2.));
#6219 = CARTESIAN_POINT('',(94.211905771723,207.58357969685,2.));
#6220 = CARTESIAN_POINT('',(95.473850273089,206.28866504813,2.));
#6221 = CARTESIAN_POINT('',(96.767952972734,205.02545165151,2.));
#6222 = CARTESIAN_POINT('',(98.093001162096,203.79463814922,2.));
#6223 = CARTESIAN_POINT('',(99.447578454978,202.59654570551,2.));
#6224 = CARTESIAN_POINT('',(100.83003937516,201.43108940059,2.));
#6225 = CARTESIAN_POINT('',(102.23846944614,200.2977328502,2.));
#6226 = CARTESIAN_POINT('',(104.33790756903,198.68183605251,2.));
#6227 = CARTESIAN_POINT('',(105.00385715436,198.17997299954,2.));
#6228 = CARTESIAN_POINT('',(105.66817243253,197.68942875022,2.));
#6229 = CARTESIAN_POINT('',(106.33054629711,197.20979516299,2.));
#6230 = CARTESIAN_POINT('',(106.99067164163,196.74066409627,2.));
#6231 = CARTESIAN_POINT('',(107.64824135966,196.2816274085,2.));
#6232 = CARTESIAN_POINT('',(108.30294834476,195.8322769581,2.));
#6233 = CARTESIAN_POINT('',(109.67840357619,194.90324347736,2.));
#6234 = CARTESIAN_POINT('',(110.39838481515,194.42564578194,2.));
#6235 = CARTESIAN_POINT('',(111.11416286357,193.95916244059,2.));
#6236 = CARTESIAN_POINT('',(111.82510713514,193.50290265892,2.));
#6237 = CARTESIAN_POINT('',(112.53074047889,193.05621548715,2.));
#6238 = CARTESIAN_POINT('',(113.2308482885,192.61887657411,2.));
#6239 = CARTESIAN_POINT('',(113.92517904318,192.19058011289,2.));
#6240 = CARTESIAN_POINT('',(115.52674118097,191.21028640654,2.));
#6241 = CARTESIAN_POINT('',(116.44276845017,190.65501894916,2.));
#6242 = CARTESIAN_POINT('',(117.35868248059,190.09935868191,2.));
#6243 = CARTESIAN_POINT('',(118.27168382882,189.53837444195,2.));
#6244 = CARTESIAN_POINT('',(119.17824574092,188.96667418031,2.));
#6245 = CARTESIAN_POINT('',(120.07409634154,188.3783718785,2.));
#6246 = CARTESIAN_POINT('',(120.95430073153,187.76721317244,2.));
#6247 = CARTESIAN_POINT('',(122.62975504298,186.51867806017,2.));
#6248 = CARTESIAN_POINT('',(123.42725850544,185.88398465561,2.));
#6249 = CARTESIAN_POINT('',(124.20032203071,185.21827964623,2.));
#6250 = CARTESIAN_POINT('',(124.94255629794,184.51752724561,2.));
#6251 = CARTESIAN_POINT('',(125.64735769699,183.77871311405,2.));
#6252 = CARTESIAN_POINT('',(126.3087218285,183.00066063539,2.));
#6253 = CARTESIAN_POINT('',(126.92199425322,182.18480388128,2.));
#6254 = CARTESIAN_POINT('',(127.73279226499,180.95993924178,2.));
#6255 = CARTESIAN_POINT('',(127.97378966135,180.57423408657,2.));
#6256 = CARTESIAN_POINT('',(128.20697781501,180.17795896756,2.));
#6257 = CARTESIAN_POINT('',(128.43217067681,179.7706603786,2.));
#6258 = CARTESIAN_POINT('',(128.6491821976,179.35188481356,2.));
#6259 = CARTESIAN_POINT('',(128.85782632822,178.92117876628,2.));
#6260 = CARTESIAN_POINT('',(129.05791701951,178.47808873062,2.));
#6261 = CARTESIAN_POINT('',(129.60905476095,177.16490717986,2.));
#6262 = CARTESIAN_POINT('',(129.92601727144,176.28974960288,2.));
#6263 = CARTESIAN_POINT('',(130.2032125183,175.40032832579,2.));
#6264 = CARTESIAN_POINT('',(130.44183233387,174.49992500743,2.));
#6265 = CARTESIAN_POINT('',(130.64404468508,173.59123147334,2.));
#6266 = CARTESIAN_POINT('',(130.81402182448,172.67634477859,2.));
#6267 = CARTESIAN_POINT('',(130.95715552551,171.75698896933,2.));
#6268 = CARTESIAN_POINT('',(131.21377207702,169.79024448747,2.));
#6269 = CARTESIAN_POINT('',(131.32528317523,168.70487031994,2.));
#6270 = CARTESIAN_POINT('',(131.4134527641,167.58054246898,2.));
#6271 = CARTESIAN_POINT('',(131.47974091105,166.41896236312,2.));
#6272 = CARTESIAN_POINT('',(131.52560768351,165.22183143088,2.));
#6273 = CARTESIAN_POINT('',(131.55251314891,163.9908511008,2.));
#6274 = CARTESIAN_POINT('',(131.56191737469,162.7277228014,2.));
#6275 = CARTESIAN_POINT('',(131.54797978719,160.01121563699,2.));
#6276 = CARTESIAN_POINT('',(131.52126932776,158.55144299843,2.));
#6277 = CARTESIAN_POINT('',(131.47709239971,157.05709464687,2.));
#6278 = CARTESIAN_POINT('',(131.4173923528,155.53043518371,2.));
#6279 = CARTESIAN_POINT('',(131.34411253677,153.9737292103,2.));
#6280 = CARTESIAN_POINT('',(131.25919630137,152.38924132802,2.));
#6281 = CARTESIAN_POINT('',(131.16458699635,150.77923613824,2.));
#6282 = CARTESIAN_POINT('',(130.95056358065,147.36424235589,2.));
#6283 = CARTESIAN_POINT('',(130.82967638273,145.55483382744,2.));
#6284 = CARTESIAN_POINT('',(130.7020893742,143.72069272548,2.));
#6285 = CARTESIAN_POINT('',(130.57032555159,141.86475911852,2.));
#6286 = CARTESIAN_POINT('',(130.4369079114,139.98997307503,2.));
#6287 = CARTESIAN_POINT('',(130.30435945016,138.09927466353,2.));
#6288 = CARTESIAN_POINT('',(130.17520316438,136.19560395251,2.));
#6289 = CARTESIAN_POINT('',(129.96923392537,132.99728866203,2.));
#6290 = CARTESIAN_POINT('',(129.8893627783,131.71248544951,2.));
#6291 = CARTESIAN_POINT('',(129.81315443092,130.42745136073,2.));
#6292 = CARTESIAN_POINT('',(129.74133166786,129.14215856265,2.));
#6293 = CARTESIAN_POINT('',(129.67453423689,127.85659140138,2.));
#6294 = CARTESIAN_POINT('',(129.6133188489,126.5707464022,2.));
#6295 = CARTESIAN_POINT('',(129.55815917788,125.28463226954,2.));
#6296 = CARTESIAN_POINT('',(129.46059414741,122.70825289378,2.));
#6297 = CARTESIAN_POINT('',(129.41817754923,121.41789185743,2.));
#6298 = CARTESIAN_POINT('',(129.38260403238,120.12750187821,2.));
#6299 = CARTESIAN_POINT('',(129.35428156284,118.83739805639,2.));
#6300 = CARTESIAN_POINT('',(129.33361810659,117.54789549225,2.));
#6301 = CARTESIAN_POINT('',(129.32102162958,116.25930928608,2.));
#6302 = CARTESIAN_POINT('',(129.3169000978,114.97195453816,2.));
#6303 = CARTESIAN_POINT('',(129.33957651944,108.84819793228,2.));
#6304 = CARTESIAN_POINT('',(129.48331319218,104.0140706569,2.));
#6305 = CARTESIAN_POINT('',(129.77631589062,99.182863760107,2.));
#6306 = CARTESIAN_POINT('',(130.24530227338,94.360331908679,2.));
#6307 = CARTESIAN_POINT('',(130.92077114287,89.558914089874,2.));
#6308 = CARTESIAN_POINT('',(131.83655913314,84.797624601471,2.));
#6309 = CARTESIAN_POINT('',(133.0290436976,80.101909883115,2.));
#6310 = CARTESIAN_POINT('',(134.53328571428,75.503043478261,2.));
#6311 = PCURVE('',#705,#6312);
#6312 = DEFINITIONAL_REPRESENTATION('',(#6313),#6904);
#6313 = B_SPLINE_CURVE_WITH_KNOTS('',8,(#6314,#6315,#6316,#6317,#6318,
    #6319,#6320,#6321,#6322,#6323,#6324,#6325,#6326,#6327,#6328,#6329,
    #6330,#6331,#6332,#6333,#6334,#6335,#6336,#6337,#6338,#6339,#6340,
    #6341,#6342,#6343,#6344,#6345,#6346,#6347,#6348,#6349,#6350,#6351,
    #6352,#6353,#6354,#6355,#6356,#6357,#6358,#6359,#6360,#6361,#6362,
    #6363,#6364,#6365,#6366,#6367,#6368,#6369,#6370,#6371,#6372,#6373,
    #6374,#6375,#6376,#6377,#6378,#6379,#6380,#6381,#6382,#6383,#6384,
    #6385,#6386,#6387,#6388,#6389,#6390,#6391,#6392,#6393,#6394,#6395,
    #6396,#6397,#6398,#6399,#6400,#6401,#6402,#6403,#6404,#6405,#6406,
    #6407,#6408,#6409,#6410,#6411,#6412,#6413,#6414,#6415,#6416,#6417,
    #6418,#6419,#6420,#6421,#6422,#6423,#6424,#6425,#6426,#6427,#6428,
    #6429,#6430,#6431,#6432,#6433,#6434,#6435,#6436,#6437,#6438,#6439,
    #6440,#6441,#6442,#6443,#6444,#6445,#6446,#6447,#6448,#6449,#6450,
    #6451,#6452,#6453,#6454,#6455,#6456,#6457,#6458,#6459,#6460,#6461,
    #6462,#6463,#6464,#6465,#6466,#6467,#6468,#6469,#6470,#6471,#6472,
    #6473,#6474,#6475,#6476,#6477,#6478,#6479,#6480,#6481,#6482,#6483,
    #6484,#6485,#6486,#6487,#6488,#6489,#6490,#6491,#6492,#6493,#6494,
    #6495,#6496,#6497,#6498,#6499,#6500,#6501,#6502,#6503,#6504,#6505,
    #6506,#6507,#6508,#6509,#6510,#6511,#6512,#6513,#6514,#6515,#6516,
    #6517,#6518,#6519,#6520,#6521,#6522,#6523,#6524,#6525,#6526,#6527,
    #6528,#6529,#6530,#6531,#6532,#6533,#6534,#6535,#6536,#6537,#6538,
    #6539,#6540,#6541,#6542,#6543,#6544,#6545,#6546,#6547,#6548,#6549,
    #6550,#6551,#6552,#6553,#6554,#6555,#6556,#6557,#6558,#6559,#6560,
    #6561,#6562,#6563,#6564,#6565,#6566,#6567,#6568,#6569,#6570,#6571,
    #6572,#6573,#6574,#6575,#6576,#6577,#6578,#6579,#6580,#6581,#6582,
    #6583,#6584,#6585,#6586,#6587,#6588,#6589,#6590,#6591,#6592,#6593,
    #6594,#6595,#6596,#6597,#6598,#6599,#6600,#6601,#6602,#6603,#6604,
    #6605,#6606,#6607,#6608,#6609,#6610,#6611,#6612,#6613,#6614,#6615,
    #6616,#6617,#6618,#6619,#6620,#6621,#6622,#6623,#6624,#6625,#6626,
    #6627,#6628,#6629,#6630,#6631,#6632,#6633,#6634,#6635,#6636,#6637,
    #6638,#6639,#6640,#6641,#6642,#6643,#6644,#6645,#6646,#6647,#6648,
    #6649,#6650,#6651,#6652,#6653,#6654,#6655,#6656,#6657,#6658,#6659,
    #6660,#6661,#6662,#6663,#6664,#6665,#6666,#6667,#6668,#6669,#6670,
    #6671,#6672,#6673,#6674,#6675,#6676,#6677,#6678,#6679,#6680,#6681,
    #6682,#6683,#6684,#6685,#6686,#6687,#6688,#6689,#6690,#6691,#6692,
    #6693,#6694,#6695,#6696,#6697,#6698,#6699,#6700,#6701,#6702,#6703,
    #6704,#6705,#6706,#6707,#6708,#6709,#6710,#6711,#6712,#6713,#6714,
    #6715,#6716,#6717,#6718,#6719,#6720,#6721,#6722,#6723,#6724,#6725,
    #6726,#6727,#6728,#6729,#6730,#6731,#6732,#6733,#6734,#6735,#6736,
    #6737,#6738,#6739,#6740,#6741,#6742,#6743,#6744,#6745,#6746,#6747,
    #6748,#6749,#6750,#6751,#6752,#6753,#6754,#6755,#6756,#6757,#6758,
    #6759,#6760,#6761,#6762,#6763,#6764,#6765,#6766,#6767,#6768,#6769,
    #6770,#6771,#6772,#6773,#6774,#6775,#6776,#6777,#6778,#6779,#6780,
    #6781,#6782,#6783,#6784,#6785,#6786,#6787,#6788,#6789,#6790,#6791,
    #6792,#6793,#6794,#6795,#6796,#6797,#6798,#6799,#6800,#6801,#6802,
    #6803,#6804,#6805,#6806,#6807,#6808,#6809,#6810,#6811,#6812,#6813,
    #6814,#6815,#6816,#6817,#6818,#6819,#6820,#6821,#6822,#6823,#6824,
    #6825,#6826,#6827,#6828,#6829,#6830,#6831,#6832,#6833,#6834,#6835,
    #6836,#6837,#6838,#6839,#6840,#6841,#6842,#6843,#6844,#6845,#6846,
    #6847,#6848,#6849,#6850,#6851,#6852,#6853,#6854,#6855,#6856,#6857,
    #6858,#6859,#6860,#6861,#6862,#6863,#6864,#6865,#6866,#6867,#6868,
    #6869,#6870,#6871,#6872,#6873,#6874,#6875,#6876,#6877,#6878,#6879,
    #6880,#6881,#6882,#6883,#6884,#6885,#6886,#6887,#6888,#6889,#6890,
    #6891,#6892,#6893,#6894,#6895,#6896,#6897,#6898,#6899,#6900,#6901,
    #6902,#6903),.UNSPECIFIED.,.F.,.F.,(9,7,7,7,7,7,7,7,7,7,7,7,7,7,7,7,
    7,7,7,7,7,7,7,7,7,7,7,7,7,7,7,7,7,7,7,7,7,7,7,7,7,7,7,7,7,7,7,7,7,7,
    7,7,7,7,7,7,7,7,7,7,7,7,7,7,7,7,7,7,7,7,7,7,7,7,7,7,7,7,7,7,7,7,7,7,
    9),(0.,2.152186142708E-02,3.858700587844E-02,4.736150820047E-02,
    5.60901088688E-02,7.090412985702E-02,8.571815084524E-02,
    9.435966308837E-02,0.107946740332,0.121511840914,0.136310132458,
    0.151108424002,0.165906715545,0.182730086475,0.193374448824,
    0.205031750994,0.236115125904,0.249038539003,0.254946078436,
    0.261838207829,0.292015441337,0.300767671516,0.328004102767,
    0.342961964661,0.349963604278,0.357569896856,0.36970623791,
    0.374576442875,0.380258348667,0.386748339998,0.398409644387,
    0.411131067356,0.430021403256,0.473589490401,0.483299633674,
    0.493804696926,0.513754665907,0.520482101326,0.531055063296,
    0.541628025266,0.553162165597,0.558483059263,0.564229235319,
    0.575314108122,0.586960561627,0.593958599117,0.600956949445,
    0.619853339237,0.625983892316,0.636199323302,0.647437071768,
    0.660511075132,0.667355167181,0.674016134573,0.691906946617,
    0.699818784839,0.705972436789,0.714763515371,0.724433677659,
    0.73678069421,0.742968738083,0.750038947257,0.765884211186,
    0.773770228605,0.782533011165,0.812522163222,0.818175273195,
    0.827818507405,0.838426065037,0.84999794609,0.855783886617,
    0.862331094869,0.877531043683,0.884613048155,0.892481810748,
    0.902942158179,0.912879745377,0.917274601335,0.925537993408,
    0.934900992428,0.945200291351,0.956435890175,0.963978016319,
    0.971541569967,1.),.UNSPECIFIED.);
#6314 = CARTESIAN_POINT('',(24.,6.211180124224E-03));
#6315 = CARTESIAN_POINT('',(23.934081551134,6.211180124224E-03));
#6316 = CARTESIAN_POINT('',(23.870008971789,6.211180124223E-03));
#6317 = CARTESIAN_POINT('',(23.807776245398,6.211180124224E-03));
#6318 = CARTESIAN_POINT('',(23.747315930956,6.211180124223E-03));
#6319 = CARTESIAN_POINT('',(23.68851166707,6.211180124224E-03));
#6320 = CARTESIAN_POINT('',(23.631191523902,6.211180124224E-03));
#6321 = CARTESIAN_POINT('',(23.575122414988,6.211180124224E-03));
#6322 = CARTESIAN_POINT('',(23.476292257644,6.211180124224E-03));
#6323 = CARTESIAN_POINT('',(23.433245475284,6.211180124224E-03));
#6324 = CARTESIAN_POINT('',(23.390760590513,6.211180124224E-03));
#6325 = CARTESIAN_POINT('',(23.348753087913,6.211180124224E-03));
#6326 = CARTESIAN_POINT('',(23.307146035906,6.211180124224E-03));
#6327 = CARTESIAN_POINT('',(23.265866268042,6.211180124224E-03));
#6328 = CARTESIAN_POINT('',(23.224841978306,6.211180124224E-03));
#6329 = CARTESIAN_POINT('',(23.163,6.211180124224E-03));
#6330 = CARTESIAN_POINT('',(23.142,6.211180124224E-03));
#6331 = CARTESIAN_POINT('',(23.121,6.211180124224E-03));
#6332 = CARTESIAN_POINT('',(23.1,6.211180124224E-03));
#6333 = CARTESIAN_POINT('',(23.079,6.211180124224E-03));
#6334 = CARTESIAN_POINT('',(23.058,6.211180124224E-03));
#6335 = CARTESIAN_POINT('',(23.037,6.211180124224E-03));
#6336 = CARTESIAN_POINT('',(22.995109856342,6.211180124224E-03));
#6337 = CARTESIAN_POINT('',(22.974215815244,6.211180124224E-03));
#6338 = CARTESIAN_POINT('',(22.953304926602,6.211180124224E-03));
#6339 = CARTESIAN_POINT('',(22.93236360436,6.211180124224E-03));
#6340 = CARTESIAN_POINT('',(22.91137762651,6.211180124224E-03));
#6341 = CARTESIAN_POINT('',(22.890332135098,6.211180124224E-03));
#6342 = CARTESIAN_POINT('',(22.869211636213,6.211180124224E-03));
#6343 = CARTESIAN_POINT('',(22.812,6.211180124224E-03));
#6344 = CARTESIAN_POINT('',(22.776,6.211180124224E-03));
#6345 = CARTESIAN_POINT('',(22.74,6.211180124224E-03));
#6346 = CARTESIAN_POINT('',(22.704,6.211180124224E-03));
#6347 = CARTESIAN_POINT('',(22.668,6.211180124224E-03));
#6348 = CARTESIAN_POINT('',(22.632,6.211180124224E-03));
#6349 = CARTESIAN_POINT('',(22.596,6.211180124224E-03));
#6350 = CARTESIAN_POINT('',(22.524,6.211180124224E-03));
#6351 = CARTESIAN_POINT('',(22.488,6.211180124224E-03));
#6352 = CARTESIAN_POINT('',(22.452,6.211180124224E-03));
#6353 = CARTESIAN_POINT('',(22.416,6.211180124224E-03));
#6354 = CARTESIAN_POINT('',(22.38,6.211180124224E-03));
#6355 = CARTESIAN_POINT('',(22.344,6.211180124224E-03));
#6356 = CARTESIAN_POINT('',(22.308,6.211180124224E-03));
#6357 = CARTESIAN_POINT('',(22.251,6.211180124224E-03));
#6358 = CARTESIAN_POINT('',(22.23,6.211180124224E-03));
#6359 = CARTESIAN_POINT('',(22.209,6.211180124224E-03));
#6360 = CARTESIAN_POINT('',(22.188,6.211180124224E-03));
#6361 = CARTESIAN_POINT('',(22.167,6.211180124224E-03));
#6362 = CARTESIAN_POINT('',(22.146,6.211180124224E-03));
#6363 = CARTESIAN_POINT('',(22.125,6.211180124224E-03));
#6364 = CARTESIAN_POINT('',(22.070981633065,6.211180124224E-03));
#6365 = CARTESIAN_POINT('',(22.03792594996,6.211180124224E-03));
#6366 = CARTESIAN_POINT('',(22.00512014691,6.211180124224E-03));
#6367 = CARTESIAN_POINT('',(21.972054103509,6.211180124224E-03));
#6368 = CARTESIAN_POINT('',(21.938890525667,6.211180124224E-03));
#6369 = CARTESIAN_POINT('',(21.905970163846,6.211180124224E-03));
#6370 = CARTESIAN_POINT('',(21.873053462917,6.211180124224E-03));
#6371 = CARTESIAN_POINT('',(21.807,6.211180124224E-03));
#6372 = CARTESIAN_POINT('',(21.774,6.211180124224E-03));
#6373 = CARTESIAN_POINT('',(21.741,6.211180124224E-03));
#6374 = CARTESIAN_POINT('',(21.708,6.211180124224E-03));
#6375 = CARTESIAN_POINT('',(21.675,6.211180124224E-03));
#6376 = CARTESIAN_POINT('',(21.642,6.211180124224E-03));
#6377 = CARTESIAN_POINT('',(21.609,6.211180124224E-03));
#6378 = CARTESIAN_POINT('',(21.54,6.211180124224E-03));
#6379 = CARTESIAN_POINT('',(21.504,6.211180124224E-03));
#6380 = CARTESIAN_POINT('',(21.468,6.211180124224E-03));
#6381 = CARTESIAN_POINT('',(21.432,6.211180124224E-03));
#6382 = CARTESIAN_POINT('',(21.396,6.211180124224E-03));
#6383 = CARTESIAN_POINT('',(21.36,6.211180124224E-03));
#6384 = CARTESIAN_POINT('',(21.324,6.211180124224E-03));
#6385 = CARTESIAN_POINT('',(21.252,6.211180124224E-03));
#6386 = CARTESIAN_POINT('',(21.216,6.211180124224E-03));
#6387 = CARTESIAN_POINT('',(21.18,6.211180124224E-03));
#6388 = CARTESIAN_POINT('',(21.144,6.211180124224E-03));
#6389 = CARTESIAN_POINT('',(21.108,6.211180124224E-03));
#6390 = CARTESIAN_POINT('',(21.072,6.211180124224E-03));
#6391 = CARTESIAN_POINT('',(21.036,6.211180124224E-03));
#6392 = CARTESIAN_POINT('',(20.964,6.211180124224E-03));
#6393 = CARTESIAN_POINT('',(20.928,6.211180124224E-03));
#6394 = CARTESIAN_POINT('',(20.892,6.211180124224E-03));
#6395 = CARTESIAN_POINT('',(20.856,6.211180124224E-03));
#6396 = CARTESIAN_POINT('',(20.82,6.211180124224E-03));
#6397 = CARTESIAN_POINT('',(20.784,6.211180124224E-03));
#6398 = CARTESIAN_POINT('',(20.748,6.211180124224E-03));
#6399 = CARTESIAN_POINT('',(20.671073562533,6.211180124224E-03));
#6400 = CARTESIAN_POINT('',(20.630996234625,6.211180124224E-03));
#6401 = CARTESIAN_POINT('',(20.591579231678,6.211180124224E-03));
#6402 = CARTESIAN_POINT('',(20.552678819286,6.211180124224E-03));
#6403 = CARTESIAN_POINT('',(20.514174220508,6.211180124224E-03));
#6404 = CARTESIAN_POINT('',(20.475958039777,6.211180124224E-03));
#6405 = CARTESIAN_POINT('',(20.437931901329,6.211180124224E-03));
#6406 = CARTESIAN_POINT('',(20.376,6.211180124224E-03));
#6407 = CARTESIAN_POINT('',(20.352,6.211180124224E-03));
#6408 = CARTESIAN_POINT('',(20.328,6.211180124224E-03));
#6409 = CARTESIAN_POINT('',(20.304,6.211180124224E-03));
#6410 = CARTESIAN_POINT('',(20.28,6.211180124224E-03));
#6411 = CARTESIAN_POINT('',(20.256,6.211180124224E-03));
#6412 = CARTESIAN_POINT('',(20.232,6.211180124224E-03));
#6413 = CARTESIAN_POINT('',(20.181716109719,6.211180124224E-03));
#6414 = CARTESIAN_POINT('',(20.155302572205,6.211180124224E-03));
#6415 = CARTESIAN_POINT('',(20.128727751485,6.211180124224E-03));
#6416 = CARTESIAN_POINT('',(20.101955338146,6.211180124224E-03));
#6417 = CARTESIAN_POINT('',(20.074944349336,6.211180124224E-03));
#6418 = CARTESIAN_POINT('',(20.047649128768,6.211180124224E-03));
#6419 = CARTESIAN_POINT('',(20.020019346711,6.211180124224E-03));
#6420 = CARTESIAN_POINT('',(19.917288386126,6.211180124224E-03));
#6421 = CARTESIAN_POINT('',(19.839865316112,6.211180124224E-03));
#6422 = CARTESIAN_POINT('',(19.759658415488,6.211180124224E-03));
#6423 = CARTESIAN_POINT('',(19.676649648463,6.211180124224E-03));
#6424 = CARTESIAN_POINT('',(19.590895925387,6.211180124224E-03));
#6425 = CARTESIAN_POINT('',(19.502592944601,6.211180124224E-03));
#6426 = CARTESIAN_POINT('',(19.412119564298,6.211180124224E-03));
#6427 = CARTESIAN_POINT('',(19.281699809387,6.211180124224E-03));
#6428 = CARTESIAN_POINT('',(19.243115126509,6.211180124224E-03));
#6429 = CARTESIAN_POINT('',(19.20428332518,6.211180124224E-03));
#6430 = CARTESIAN_POINT('',(19.165246550605,6.211180124224E-03));
#6431 = CARTESIAN_POINT('',(19.126050654694,6.211180124224E-03));
#6432 = CARTESIAN_POINT('',(19.086744131364,6.211180124224E-03));
#6433 = CARTESIAN_POINT('',(19.047377051847,6.211180124224E-03));
#6434 = CARTESIAN_POINT('',(18.989999996072,6.211180124224E-03));
#6435 = CARTESIAN_POINT('',(18.971999996968,6.211180124224E-03));
#6436 = CARTESIAN_POINT('',(18.953999999527,6.211180124224E-03));
#6437 = CARTESIAN_POINT('',(18.936000001636,6.211180124224E-03));
#6438 = CARTESIAN_POINT('',(18.918000002231,6.211180124224E-03));
#6439 = CARTESIAN_POINT('',(18.900000001295,6.211180124224E-03));
#6440 = CARTESIAN_POINT('',(18.881999999858,6.211180124224E-03));
#6441 = CARTESIAN_POINT('',(18.843,6.211180124224E-03));
#6442 = CARTESIAN_POINT('',(18.822,6.211180124224E-03));
#6443 = CARTESIAN_POINT('',(18.801,6.211180124224E-03));
#6444 = CARTESIAN_POINT('',(18.78,6.211180124224E-03));
#6445 = CARTESIAN_POINT('',(18.759,6.211180124224E-03));
#6446 = CARTESIAN_POINT('',(18.738,6.211180124224E-03));
#6447 = CARTESIAN_POINT('',(18.717,6.211180124224E-03));
#6448 = CARTESIAN_POINT('',(18.604051363004,6.211180124224E-03));
#6449 = CARTESIAN_POINT('',(18.513664076992,6.211180124224E-03));
#6450 = CARTESIAN_POINT('',(18.425379943815,6.211180124224E-03));
#6451 = CARTESIAN_POINT('',(18.339600156308,6.211180124224E-03));
#6452 = CARTESIAN_POINT('',(18.256539364857,6.211180124224E-03));
#6453 = CARTESIAN_POINT('',(18.176267941326,6.211180124224E-03));
#6454 = CARTESIAN_POINT('',(18.098776908094,6.211180124224E-03));
#6455 = CARTESIAN_POINT('',(18.002312633873,6.211180124224E-03));
#6456 = CARTESIAN_POINT('',(17.980864021708,6.211180124224E-03));
#6457 = CARTESIAN_POINT('',(17.959632776065,6.211180124224E-03));
#6458 = CARTESIAN_POINT('',(17.938597674001,6.211180124224E-03));
#6459 = CARTESIAN_POINT('',(17.917737657068,6.211180124224E-03));
#6460 = CARTESIAN_POINT('',(17.897031831313,6.211180124224E-03));
#6461 = CARTESIAN_POINT('',(17.876459467277,6.211180124224E-03));
#6462 = CARTESIAN_POINT('',(17.792331327847,6.211180124224E-03));
#6463 = CARTESIAN_POINT('',(17.729778012962,6.211180124224E-03));
#6464 = CARTESIAN_POINT('',(17.667806387639,6.211180124224E-03));
#6465 = CARTESIAN_POINT('',(17.606002402324,6.211180124224E-03));
#6466 = CARTESIAN_POINT('',(17.543976105523,6.211180124224E-03));
#6467 = CARTESIAN_POINT('',(17.481313645838,6.211180124224E-03));
#6468 = CARTESIAN_POINT('',(17.41755158297,6.211180124224E-03));
#6469 = CARTESIAN_POINT('',(17.316,6.211180124224E-03));
#6470 = CARTESIAN_POINT('',(17.28,6.211180124224E-03));
#6471 = CARTESIAN_POINT('',(17.244,6.211180124224E-03));
#6472 = CARTESIAN_POINT('',(17.208,6.211180124224E-03));
#6473 = CARTESIAN_POINT('',(17.172,6.211180124224E-03));
#6474 = CARTESIAN_POINT('',(17.136,6.211180124224E-03));
#6475 = CARTESIAN_POINT('',(17.1,6.211180124224E-03));
#6476 = CARTESIAN_POINT('',(17.047148726202,6.211180124224E-03));
#6477 = CARTESIAN_POINT('',(17.030029549919,6.211180124224E-03));
#6478 = CARTESIAN_POINT('',(17.012608152489,6.211180124224E-03));
#6479 = CARTESIAN_POINT('',(16.994853548182,6.211180124224E-03));
#6480 = CARTESIAN_POINT('',(16.976738084191,6.211180124224E-03));
#6481 = CARTESIAN_POINT('',(16.958237440641,6.211180124224E-03));
#6482 = CARTESIAN_POINT('',(16.939330630584,6.211180124224E-03));
#6483 = CARTESIAN_POINT('',(16.899,6.211180124224E-03));
#6484 = CARTESIAN_POINT('',(16.878,6.211180124224E-03));
#6485 = CARTESIAN_POINT('',(16.857,6.211180124224E-03));
#6486 = CARTESIAN_POINT('',(16.836,6.211180124224E-03));
#6487 = CARTESIAN_POINT('',(16.815,6.211180124224E-03));
#6488 = CARTESIAN_POINT('',(16.794,6.211180124224E-03));
#6489 = CARTESIAN_POINT('',(16.773,6.211180124224E-03));
#6490 = CARTESIAN_POINT('',(16.718493116127,6.211180124224E-03));
#6491 = CARTESIAN_POINT('',(16.683721620094,6.211180124224E-03));
#6492 = CARTESIAN_POINT('',(16.64746416118,6.211180124224E-03));
#6493 = CARTESIAN_POINT('',(16.609535817538,6.211180124224E-03));
#6494 = CARTESIAN_POINT('',(16.569806536386,6.211180124224E-03));
#6495 = CARTESIAN_POINT('',(16.528220157143,6.211180124224E-03));
#6496 = CARTESIAN_POINT('',(16.484855224895,6.211180124224E-03));
#6497 = CARTESIAN_POINT('',(16.422,6.211180124224E-03));
#6498 = CARTESIAN_POINT('',(16.404,6.211180124224E-03));
#6499 = CARTESIAN_POINT('',(16.386,6.211180124224E-03));
#6500 = CARTESIAN_POINT('',(16.368,6.211180124224E-03));
#6501 = CARTESIAN_POINT('',(16.35,6.211180124224E-03));
#6502 = CARTESIAN_POINT('',(16.332,6.211180124224E-03));
#6503 = CARTESIAN_POINT('',(16.314,6.211180124224E-03));
#6504 = CARTESIAN_POINT('',(16.275,6.211180124224E-03));
#6505 = CARTESIAN_POINT('',(16.254,6.211180124224E-03));
#6506 = CARTESIAN_POINT('',(16.233,6.211180124224E-03));
#6507 = CARTESIAN_POINT('',(16.212,6.211180124224E-03));
#6508 = CARTESIAN_POINT('',(16.191,6.211180124224E-03));
#6509 = CARTESIAN_POINT('',(16.17,6.211180124224E-03));
#6510 = CARTESIAN_POINT('',(16.149,6.211180124224E-03));
#6511 = CARTESIAN_POINT('',(16.104013361901,6.211180124224E-03));
#6512 = CARTESIAN_POINT('',(16.080932146363,6.211180124224E-03));
#6513 = CARTESIAN_POINT('',(16.058754610786,6.211180124224E-03));
#6514 = CARTESIAN_POINT('',(16.037459567694,6.211180124224E-03));
#6515 = CARTESIAN_POINT('',(16.017006384735,6.211180124224E-03));
#6516 = CARTESIAN_POINT('',(15.997334984681,6.211180124224E-03));
#6517 = CARTESIAN_POINT('',(15.97836584543,6.211180124224E-03));
#6518 = CARTESIAN_POINT('',(15.927,6.211180124224E-03));
#6519 = CARTESIAN_POINT('',(15.894,6.211180124224E-03));
#6520 = CARTESIAN_POINT('',(15.861,6.211180124224E-03));
#6521 = CARTESIAN_POINT('',(15.828,6.211180124224E-03));
#6522 = CARTESIAN_POINT('',(15.795,6.211180124224E-03));
#6523 = CARTESIAN_POINT('',(15.762,6.211180124224E-03));
#6524 = CARTESIAN_POINT('',(15.729,6.211180124224E-03));
#6525 = CARTESIAN_POINT('',(15.66,6.211180124224E-03));
#6526 = CARTESIAN_POINT('',(15.624,6.211180124224E-03));
#6527 = CARTESIAN_POINT('',(15.588,6.211180124224E-03));
#6528 = CARTESIAN_POINT('',(15.552,6.211180124224E-03));
#6529 = CARTESIAN_POINT('',(15.516,6.211180124224E-03));
#6530 = CARTESIAN_POINT('',(15.48,6.211180124224E-03));
#6531 = CARTESIAN_POINT('',(15.444,6.211180124224E-03));
#6532 = CARTESIAN_POINT('',(15.354542765382,6.211180124224E-03));
#6533 = CARTESIAN_POINT('',(15.302403145114,6.211180124224E-03));
#6534 = CARTESIAN_POINT('',(15.251181862534,6.211180124224E-03));
#6535 = CARTESIAN_POINT('',(15.200597754572,6.211180124224E-03));
#6536 = CARTESIAN_POINT('',(15.150407860265,6.211180124224E-03));
#6537 = CARTESIAN_POINT('',(15.100393345669,6.211180124224E-03));
#6538 = CARTESIAN_POINT('',(15.050336671951,6.211180124224E-03));
#6539 = CARTESIAN_POINT('',(14.883905054843,6.211180124224E-03));
#6540 = CARTESIAN_POINT('',(14.766351847068,6.211180124224E-03));
#6541 = CARTESIAN_POINT('',(14.647120311332,6.211180124224E-03));
#6542 = CARTESIAN_POINT('',(14.525972655569,6.211180124224E-03));
#6543 = CARTESIAN_POINT('',(14.402643444841,6.211180124224E-03));
#6544 = CARTESIAN_POINT('',(14.276818506365,6.211180124224E-03));
#6545 = CARTESIAN_POINT('',(14.148115055067,6.211180124224E-03));
#6546 = CARTESIAN_POINT('',(13.986555142602,6.211180124224E-03));
#6547 = CARTESIAN_POINT('',(13.956939586858,6.211180124224E-03));
#6548 = CARTESIAN_POINT('',(13.927155181782,6.211180124224E-03));
#6549 = CARTESIAN_POINT('',(13.897210883071,6.211180124224E-03));
#6550 = CARTESIAN_POINT('',(13.867116146221,6.211180124224E-03));
#6551 = CARTESIAN_POINT('',(13.836878154843,6.211180124224E-03));
#6552 = CARTESIAN_POINT('',(13.806502884206,6.211180124224E-03));
#6553 = CARTESIAN_POINT('',(13.743,6.211180124224E-03));
#6554 = CARTESIAN_POINT('',(13.71,6.211180124224E-03));
#6555 = CARTESIAN_POINT('',(13.677,6.211180124224E-03));
#6556 = CARTESIAN_POINT('',(13.644,6.211180124224E-03));
#6557 = CARTESIAN_POINT('',(13.611,6.211180124224E-03));
#6558 = CARTESIAN_POINT('',(13.578,6.211180124224E-03));
#6559 = CARTESIAN_POINT('',(13.545,6.211180124224E-03));
#6560 = CARTESIAN_POINT('',(13.449330317721,6.211180124224E-03));
#6561 = CARTESIAN_POINT('',(13.38637838165,6.211180124224E-03));
#6562 = CARTESIAN_POINT('',(13.323216113439,6.211180124224E-03));
#6563 = CARTESIAN_POINT('',(13.25993474674,6.211180124224E-03));
#6564 = CARTESIAN_POINT('',(13.196643629354,6.211180124224E-03));
#6565 = CARTESIAN_POINT('',(13.133466857194,6.211180124224E-03));
#6566 = CARTESIAN_POINT('',(13.070538852654,6.211180124224E-03));
#6567 = CARTESIAN_POINT('',(12.986910940022,6.211180124224E-03));
#6568 = CARTESIAN_POINT('',(12.965870900429,6.211180124224E-03));
#6569 = CARTESIAN_POINT('',(12.944868666849,6.211180124224E-03));
#6570 = CARTESIAN_POINT('',(12.923892566536,6.211180124224E-03));
#6571 = CARTESIAN_POINT('',(12.902930468372,6.211180124224E-03));
#6572 = CARTESIAN_POINT('',(12.881969782866,6.211180124224E-03));
#6573 = CARTESIAN_POINT('',(12.860997462154,6.211180124224E-03));
#6574 = CARTESIAN_POINT('',(12.807,6.211180124224E-03));
#6575 = CARTESIAN_POINT('',(12.774,6.211180124224E-03));
#6576 = CARTESIAN_POINT('',(12.741,6.211180124224E-03));
#6577 = CARTESIAN_POINT('',(12.708,6.211180124224E-03));
#6578 = CARTESIAN_POINT('',(12.675,6.211180124224E-03));
#6579 = CARTESIAN_POINT('',(12.642,6.211180124224E-03));
#6580 = CARTESIAN_POINT('',(12.609,6.211180124224E-03));
#6581 = CARTESIAN_POINT('',(12.543,6.211180124224E-03));
#6582 = CARTESIAN_POINT('',(12.51,6.211180124224E-03));
#6583 = CARTESIAN_POINT('',(12.477,6.211180124224E-03));
#6584 = CARTESIAN_POINT('',(12.444,6.211180124224E-03));
#6585 = CARTESIAN_POINT('',(12.411,6.211180124224E-03));
#6586 = CARTESIAN_POINT('',(12.378,6.211180124224E-03));
#6587 = CARTESIAN_POINT('',(12.345,6.211180124224E-03));
#6588 = CARTESIAN_POINT('',(12.276,6.211180124224E-03));
#6589 = CARTESIAN_POINT('',(12.24,6.211180124224E-03));
#6590 = CARTESIAN_POINT('',(12.204,6.211180124224E-03));
#6591 = CARTESIAN_POINT('',(12.168,6.211180124224E-03));
#6592 = CARTESIAN_POINT('',(12.132,6.211180124224E-03));
#6593 = CARTESIAN_POINT('',(12.096,6.211180124224E-03));
#6594 = CARTESIAN_POINT('',(12.06,6.211180124224E-03));
#6595 = CARTESIAN_POINT('',(12.00739259221,6.211180124224E-03));
#6596 = CARTESIAN_POINT('',(11.99041790679,6.211180124224E-03));
#6597 = CARTESIAN_POINT('',(11.973052933441,6.211180124224E-03));
#6598 = CARTESIAN_POINT('',(11.95528082776,6.211180124224E-03));
#6599 = CARTESIAN_POINT('',(11.93709091124,6.211180124224E-03));
#6600 = CARTESIAN_POINT('',(11.918478671268,6.211180124224E-03));
#6601 = CARTESIAN_POINT('',(11.899445761128,6.211180124224E-03));
#6602 = CARTESIAN_POINT('',(11.859,6.211180124224E-03));
#6603 = CARTESIAN_POINT('',(11.838,6.211180124224E-03));
#6604 = CARTESIAN_POINT('',(11.817,6.211180124224E-03));
#6605 = CARTESIAN_POINT('',(11.796,6.211180124224E-03));
#6606 = CARTESIAN_POINT('',(11.775,6.211180124224E-03));
#6607 = CARTESIAN_POINT('',(11.754,6.211180124224E-03));
#6608 = CARTESIAN_POINT('',(11.733,6.211180124224E-03));
#6609 = CARTESIAN_POINT('',(11.671489175655,6.211180124224E-03));
#6610 = CARTESIAN_POINT('',(11.630006258621,6.211180124224E-03));
#6611 = CARTESIAN_POINT('',(11.587847192735,6.211180124224E-03));
#6612 = CARTESIAN_POINT('',(11.545298886384,6.211180124224E-03));
#6613 = CARTESIAN_POINT('',(11.502629793546,6.211180124224E-03));
#6614 = CARTESIAN_POINT('',(11.460074363045,6.211180124224E-03));
#6615 = CARTESIAN_POINT('',(11.417819352063,6.211180124224E-03));
#6616 = CARTESIAN_POINT('',(11.332062000161,6.211180124224E-03));
#6617 = CARTESIAN_POINT('',(11.288585746212,6.211180124224E-03));
#6618 = CARTESIAN_POINT('',(11.245648196453,6.211180124224E-03));
#6619 = CARTESIAN_POINT('',(11.203299703543,6.211180124224E-03));
#6620 = CARTESIAN_POINT('',(11.161566016313,6.211180124224E-03));
#6621 = CARTESIAN_POINT('',(11.120451012044,6.211180124224E-03));
#6622 = CARTESIAN_POINT('',(11.079939570371,6.211180124224E-03));
#6623 = CARTESIAN_POINT('',(11.016001397278,6.211180124224E-03));
#6624 = CARTESIAN_POINT('',(10.992001480917,6.211180124224E-03));
#6625 = CARTESIAN_POINT('',(10.96800081246,6.211180124224E-03));
#6626 = CARTESIAN_POINT('',(10.943999869982,6.211180124224E-03));
#6627 = CARTESIAN_POINT('',(10.919999048092,6.211180124224E-03));
#6628 = CARTESIAN_POINT('',(10.895998657928,6.211180124224E-03));
#6629 = CARTESIAN_POINT('',(10.871998927163,6.211180124224E-03));
#6630 = CARTESIAN_POINT('',(10.824,6.211180124224E-03));
#6631 = CARTESIAN_POINT('',(10.8,6.211180124224E-03));
#6632 = CARTESIAN_POINT('',(10.776,6.211180124224E-03));
#6633 = CARTESIAN_POINT('',(10.752,6.211180124224E-03));
#6634 = CARTESIAN_POINT('',(10.728,6.211180124224E-03));
#6635 = CARTESIAN_POINT('',(10.704,6.211180124224E-03));
#6636 = CARTESIAN_POINT('',(10.68,6.211180124224E-03));
#6637 = CARTESIAN_POINT('',(10.591197105916,6.211180124224E-03));
#6638 = CARTESIAN_POINT('',(10.527874678691,6.211180124224E-03));
#6639 = CARTESIAN_POINT('',(10.465962847162,6.211180124224E-03));
#6640 = CARTESIAN_POINT('',(10.405406605695,6.211180124224E-03));
#6641 = CARTESIAN_POINT('',(10.346162464193,6.211180124224E-03));
#6642 = CARTESIAN_POINT('',(10.288196301822,6.211180124224E-03));
#6643 = CARTESIAN_POINT('',(10.231481946226,6.211180124224E-03));
#6644 = CARTESIAN_POINT('',(10.158,6.211180124224E-03));
#6645 = CARTESIAN_POINT('',(10.14,6.211180124224E-03));
#6646 = CARTESIAN_POINT('',(10.122,6.211180124224E-03));
#6647 = CARTESIAN_POINT('',(10.104,6.211180124224E-03));
#6648 = CARTESIAN_POINT('',(10.086,6.211180124224E-03));
#6649 = CARTESIAN_POINT('',(10.068,6.211180124224E-03));
#6650 = CARTESIAN_POINT('',(10.05,6.211180124224E-03));
#6651 = CARTESIAN_POINT('',(10.002006334604,6.211180124224E-03));
#6652 = CARTESIAN_POINT('',(9.971992454052,6.211180124224E-03));
#6653 = CARTESIAN_POINT('',(9.941996443337,6.211180124224E-03));
#6654 = CARTESIAN_POINT('',(9.912005467476,6.211180124224E-03));
#6655 = CARTESIAN_POINT('',(9.88200442674,6.211180124224E-03));
#6656 = CARTESIAN_POINT('',(9.851996836652,6.211180124224E-03));
#6657 = CARTESIAN_POINT('',(9.821997932729,6.211180124224E-03));
#6658 = CARTESIAN_POINT('',(9.759,6.211180124224E-03));
#6659 = CARTESIAN_POINT('',(9.726,6.211180124224E-03));
#6660 = CARTESIAN_POINT('',(9.693,6.211180124224E-03));
#6661 = CARTESIAN_POINT('',(9.66,6.211180124224E-03));
#6662 = CARTESIAN_POINT('',(9.627,6.211180124224E-03));
#6663 = CARTESIAN_POINT('',(9.594,6.211180124224E-03));
#6664 = CARTESIAN_POINT('',(9.561,6.211180124224E-03));
#6665 = CARTESIAN_POINT('',(9.489607780039,6.211180124224E-03));
#6666 = CARTESIAN_POINT('',(9.451187838688,6.211180124224E-03));
#6667 = CARTESIAN_POINT('',(9.41266386733,6.211180124224E-03));
#6668 = CARTESIAN_POINT('',(9.373964513987,6.211180124224E-03));
#6669 = CARTESIAN_POINT('',(9.335020406561,6.211180124224E-03));
#6670 = CARTESIAN_POINT('',(9.295761785511,6.211180124224E-03));
#6671 = CARTESIAN_POINT('',(9.256115484807,6.211180124224E-03));
#6672 = CARTESIAN_POINT('',(9.195,6.211180124224E-03));
#6673 = CARTESIAN_POINT('',(9.174,6.211180124224E-03));
#6674 = CARTESIAN_POINT('',(9.153,6.211180124224E-03));
#6675 = CARTESIAN_POINT('',(9.132,6.211180124224E-03));
#6676 = CARTESIAN_POINT('',(9.111,6.211180124224E-03));
#6677 = CARTESIAN_POINT('',(9.09,6.211180124224E-03));
#6678 = CARTESIAN_POINT('',(9.069,6.211180124224E-03));
#6679 = CARTESIAN_POINT('',(9.027561888674,6.211180124224E-03));
#6680 = CARTESIAN_POINT('',(9.006963582342,6.211180124224E-03));
#6681 = CARTESIAN_POINT('',(8.986199518207,6.211180124224E-03));
#6682 = CARTESIAN_POINT('',(8.965268445864,6.211180124224E-03));
#6683 = CARTESIAN_POINT('',(8.944173427298,6.211180124224E-03));
#6684 = CARTESIAN_POINT('',(8.922921836888,6.211180124224E-03));
#6685 = CARTESIAN_POINT('',(8.901525361402,6.211180124224E-03));
#6686 = CARTESIAN_POINT('',(8.82218464491,6.211180124224E-03));
#6687 = CARTESIAN_POINT('',(8.763379608253,6.211180124224E-03));
#6688 = CARTESIAN_POINT('',(8.703787906865,6.211180124224E-03));
#6689 = CARTESIAN_POINT('',(8.643596976088,6.211180124224E-03));
#6690 = CARTESIAN_POINT('',(8.582978121484,6.211180124224E-03));
#6691 = CARTESIAN_POINT('',(8.522085427586,6.211180124224E-03));
#6692 = CARTESIAN_POINT('',(8.46105432286,6.211180124224E-03));
#6693 = CARTESIAN_POINT('',(8.373,6.211180124224E-03));
#6694 = CARTESIAN_POINT('',(8.346,6.211180124224E-03));
#6695 = CARTESIAN_POINT('',(8.319,6.211180124224E-03));
#6696 = CARTESIAN_POINT('',(8.292,6.211180124224E-03));
#6697 = CARTESIAN_POINT('',(8.265,6.211180124224E-03));
#6698 = CARTESIAN_POINT('',(8.238,6.211180124224E-03));
#6699 = CARTESIAN_POINT('',(8.211,6.211180124224E-03));
#6700 = CARTESIAN_POINT('',(8.163,6.211180124224E-03));
#6701 = CARTESIAN_POINT('',(8.142,6.211180124224E-03));
#6702 = CARTESIAN_POINT('',(8.121,6.211180124224E-03));
#6703 = CARTESIAN_POINT('',(8.1,6.211180124224E-03));
#6704 = CARTESIAN_POINT('',(8.079,6.211180124224E-03));
#6705 = CARTESIAN_POINT('',(8.058,6.211180124224E-03));
#6706 = CARTESIAN_POINT('',(8.037,6.211180124224E-03));
#6707 = CARTESIAN_POINT('',(7.985999497577,6.211180124224E-03));
#6708 = CARTESIAN_POINT('',(7.956000527291,6.211180124224E-03));
#6709 = CARTESIAN_POINT('',(7.926000246731,6.211180124224E-03));
#6710 = CARTESIAN_POINT('',(7.895999620036,6.211180124224E-03));
#6711 = CARTESIAN_POINT('',(7.86599973406,6.211180124224E-03));
#6712 = CARTESIAN_POINT('',(7.836000262059,6.211180124224E-03));
#6713 = CARTESIAN_POINT('',(7.806000074932,6.211180124224E-03));
#6714 = CARTESIAN_POINT('',(7.743,6.211180124224E-03));
#6715 = CARTESIAN_POINT('',(7.71,6.211180124224E-03));
#6716 = CARTESIAN_POINT('',(7.677,6.211180124224E-03));
#6717 = CARTESIAN_POINT('',(7.644,6.211180124224E-03));
#6718 = CARTESIAN_POINT('',(7.611,6.211180124224E-03));
#6719 = CARTESIAN_POINT('',(7.578,6.211180124224E-03));
#6720 = CARTESIAN_POINT('',(7.545,6.211180124224E-03));
#6721 = CARTESIAN_POINT('',(7.469865076709,6.211180124224E-03));
#6722 = CARTESIAN_POINT('',(7.427777907292,6.211180124224E-03));
#6723 = CARTESIAN_POINT('',(7.385734456525,6.211180124224E-03));
#6724 = CARTESIAN_POINT('',(7.343730245005,6.211180124224E-03));
#6725 = CARTESIAN_POINT('',(7.301760337413,6.211180124224E-03));
#6726 = CARTESIAN_POINT('',(7.259819330788,6.211180124224E-03));
#6727 = CARTESIAN_POINT('',(7.217901342796,6.211180124224E-03));
#6728 = CARTESIAN_POINT('',(7.155,6.211180124224E-03));
#6729 = CARTESIAN_POINT('',(7.134,6.211180124224E-03));
#6730 = CARTESIAN_POINT('',(7.113,6.211180124224E-03));
#6731 = CARTESIAN_POINT('',(7.092,6.211180124224E-03));
#6732 = CARTESIAN_POINT('',(7.071,6.211180124224E-03));
#6733 = CARTESIAN_POINT('',(7.05,6.211180124224E-03));
#6734 = CARTESIAN_POINT('',(7.029,6.211180124224E-03));
#6735 = CARTESIAN_POINT('',(6.984006247584,6.211180124224E-03));
#6736 = CARTESIAN_POINT('',(6.960012678452,6.211180124224E-03));
#6737 = CARTESIAN_POINT('',(6.936018348071,6.211180124224E-03));
#6738 = CARTESIAN_POINT('',(6.912022280212,6.211180124224E-03));
#6739 = CARTESIAN_POINT('',(6.888023466949,6.211180124223E-03));
#6740 = CARTESIAN_POINT('',(6.864020868656,6.211180124223E-03));
#6741 = CARTESIAN_POINT('',(6.840013414012,6.211180124223E-03));
#6742 = CARTESIAN_POINT('',(6.762182796923,6.211180124223E-03));
#6743 = CARTESIAN_POINT('',(6.708337256109,6.211180124224E-03));
#6744 = CARTESIAN_POINT('',(6.654449154803,6.211180124224E-03));
#6745 = CARTESIAN_POINT('',(6.600506128901,6.211180124224E-03));
#6746 = CARTESIAN_POINT('',(6.546497618034,6.211180124224E-03));
#6747 = CARTESIAN_POINT('',(6.492414829403,6.211180124224E-03));
#6748 = CARTESIAN_POINT('',(6.438250720403,6.211180124224E-03));
#6749 = CARTESIAN_POINT('',(6.357,6.211180124224E-03));
#6750 = CARTESIAN_POINT('',(6.33,6.211180124224E-03));
#6751 = CARTESIAN_POINT('',(6.303,6.211180124224E-03));
#6752 = CARTESIAN_POINT('',(6.276,6.211180124224E-03));
#6753 = CARTESIAN_POINT('',(6.249,6.211180124224E-03));
#6754 = CARTESIAN_POINT('',(6.222,6.211180124224E-03));
#6755 = CARTESIAN_POINT('',(6.195,6.211180124224E-03));
#6756 = CARTESIAN_POINT('',(6.137998147793,6.211180124224E-03));
#6757 = CARTESIAN_POINT('',(6.108000511723,6.211180124224E-03));
#6758 = CARTESIAN_POINT('',(6.07800205246,6.211180124224E-03));
#6759 = CARTESIAN_POINT('',(6.048000730634,6.211180124224E-03));
#6760 = CARTESIAN_POINT('',(6.017998269544,6.211180124224E-03));
#6761 = CARTESIAN_POINT('',(5.987998284275,6.211180124224E-03));
#6762 = CARTESIAN_POINT('',(5.958001777219,6.211180124224E-03));
#6763 = CARTESIAN_POINT('',(5.825323954701,6.211180124224E-03));
#6764 = CARTESIAN_POINT('',(5.722260021857,6.211180124223E-03));
#6765 = CARTESIAN_POINT('',(5.618840159921,6.211180124225E-03));
#6766 = CARTESIAN_POINT('',(5.515314047868,6.211180124221E-03));
#6767 = CARTESIAN_POINT('',(5.412129683577,6.211180124226E-03));
#6768 = CARTESIAN_POINT('',(5.309926208402,6.211180124223E-03));
#6769 = CARTESIAN_POINT('',(5.209536339856,6.211180124224E-03));
#6770 = CARTESIAN_POINT('',(5.093613896436,6.211180124224E-03));
#6771 = CARTESIAN_POINT('',(5.075325329931,6.211180124224E-03));
#6772 = CARTESIAN_POINT('',(5.057143202888,6.211180124224E-03));
#6773 = CARTESIAN_POINT('',(5.039074407087,6.211180124224E-03));
#6774 = CARTESIAN_POINT('',(5.021123823681,6.211180124224E-03));
#6775 = CARTESIAN_POINT('',(5.0032943232,6.211180124224E-03));
#6776 = CARTESIAN_POINT('',(4.985586765546,6.211180124224E-03));
#6777 = CARTESIAN_POINT('',(4.938,6.211180124224E-03));
#6778 = CARTESIAN_POINT('',(4.908,6.211180124224E-03));
#6779 = CARTESIAN_POINT('',(4.878,6.211180124224E-03));
#6780 = CARTESIAN_POINT('',(4.848,6.211180124224E-03));
#6781 = CARTESIAN_POINT('',(4.818,6.211180124224E-03));
#6782 = CARTESIAN_POINT('',(4.788,6.211180124224E-03));
#6783 = CARTESIAN_POINT('',(4.758,6.211180124224E-03));
#6784 = CARTESIAN_POINT('',(4.695,6.211180124224E-03));
#6785 = CARTESIAN_POINT('',(4.662,6.211180124224E-03));
#6786 = CARTESIAN_POINT('',(4.629,6.211180124224E-03));
#6787 = CARTESIAN_POINT('',(4.596,6.211180124224E-03));
#6788 = CARTESIAN_POINT('',(4.563,6.211180124224E-03));
#6789 = CARTESIAN_POINT('',(4.53,6.211180124224E-03));
#6790 = CARTESIAN_POINT('',(4.497,6.211180124224E-03));
#6791 = CARTESIAN_POINT('',(4.428,6.211180124224E-03));
#6792 = CARTESIAN_POINT('',(4.392,6.211180124224E-03));
#6793 = CARTESIAN_POINT('',(4.356,6.211180124224E-03));
#6794 = CARTESIAN_POINT('',(4.32,6.211180124224E-03));
#6795 = CARTESIAN_POINT('',(4.284,6.211180124224E-03));
#6796 = CARTESIAN_POINT('',(4.248,6.211180124224E-03));
#6797 = CARTESIAN_POINT('',(4.212,6.211180124224E-03));
#6798 = CARTESIAN_POINT('',(4.158,6.211180124224E-03));
#6799 = CARTESIAN_POINT('',(4.14,6.211180124224E-03));
#6800 = CARTESIAN_POINT('',(4.122,6.211180124224E-03));
#6801 = CARTESIAN_POINT('',(4.104,6.211180124224E-03));
#6802 = CARTESIAN_POINT('',(4.086,6.211180124224E-03));
#6803 = CARTESIAN_POINT('',(4.068,6.211180124224E-03));
#6804 = CARTESIAN_POINT('',(4.05,6.211180124224E-03));
#6805 = CARTESIAN_POINT('',(4.011631704127,6.211180124224E-03));
#6806 = CARTESIAN_POINT('',(3.991093195304,6.211180124224E-03));
#6807 = CARTESIAN_POINT('',(3.970376851453,6.211180124223E-03));
#6808 = CARTESIAN_POINT('',(3.949477038581,6.211180124223E-03));
#6809 = CARTESIAN_POINT('',(3.928390110782,6.211180124223E-03));
#6810 = CARTESIAN_POINT('',(3.90711441023,6.211180124223E-03));
#6811 = CARTESIAN_POINT('',(3.885650267187,6.211180124223E-03));
#6812 = CARTESIAN_POINT('',(3.813736904594,6.211180124223E-03));
#6813 = CARTESIAN_POINT('',(3.76245090646,6.211180124223E-03));
#6814 = CARTESIAN_POINT('',(3.710126574654,6.211180124223E-03));
#6815 = CARTESIAN_POINT('',(3.656743549009,6.211180124223E-03));
#6816 = CARTESIAN_POINT('',(3.602275958195,6.211180124223E-03));
#6817 = CARTESIAN_POINT('',(3.546691402307,6.211180124223E-03));
#6818 = CARTESIAN_POINT('',(3.489949499973,6.211180124223E-03));
#6819 = CARTESIAN_POINT('',(3.405,6.211180124223E-03));
#6820 = CARTESIAN_POINT('',(3.378,6.211180124223E-03));
#6821 = CARTESIAN_POINT('',(3.351,6.211180124223E-03));
#6822 = CARTESIAN_POINT('',(3.324,6.211180124223E-03));
#6823 = CARTESIAN_POINT('',(3.297,6.211180124223E-03));
#6824 = CARTESIAN_POINT('',(3.27,6.211180124223E-03));
#6825 = CARTESIAN_POINT('',(3.243,6.211180124223E-03));
#6826 = CARTESIAN_POINT('',(3.186000500443,6.211180124223E-03));
#6827 = CARTESIAN_POINT('',(3.156000981222,6.211180124223E-03));
#6828 = CARTESIAN_POINT('',(3.125998887205,6.211180124223E-03));
#6829 = CARTESIAN_POINT('',(3.095998477057,6.211180124224E-03));
#6830 = CARTESIAN_POINT('',(3.066000885765,6.211180124223E-03));
#6831 = CARTESIAN_POINT('',(3.036002014565,6.211180124223E-03));
#6832 = CARTESIAN_POINT('',(3.00599824827,6.211180124224E-03));
#6833 = CARTESIAN_POINT('',(2.93612179863,6.211180124224E-03));
#6834 = CARTESIAN_POINT('',(2.895638450175,6.211180124224E-03));
#6835 = CARTESIAN_POINT('',(2.854527395752,6.211180124224E-03));
#6836 = CARTESIAN_POINT('',(2.812781613258,6.211180124224E-03));
#6837 = CARTESIAN_POINT('',(2.770412130077,6.211180124224E-03));
#6838 = CARTESIAN_POINT('',(2.727450946621,6.211180124224E-03));
#6839 = CARTESIAN_POINT('',(2.683953525356,6.211180124224E-03));
#6840 = CARTESIAN_POINT('',(2.598243070436,6.211180124224E-03));
#6841 = CARTESIAN_POINT('',(2.556063921284,6.211180124224E-03));
#6842 = CARTESIAN_POINT('',(2.513585743803,6.211180124224E-03));
#6843 = CARTESIAN_POINT('',(2.470979610174,6.211180124224E-03));
#6844 = CARTESIAN_POINT('',(2.428461529179,6.211180124224E-03));
#6845 = CARTESIAN_POINT('',(2.386280005023,6.211180124224E-03));
#6846 = CARTESIAN_POINT('',(2.344701349784,6.211180124224E-03));
#6847 = CARTESIAN_POINT('',(2.286,6.211180124224E-03));
#6848 = CARTESIAN_POINT('',(2.268,6.211180124224E-03));
#6849 = CARTESIAN_POINT('',(2.25,6.211180124224E-03));
#6850 = CARTESIAN_POINT('',(2.232,6.211180124224E-03));
#6851 = CARTESIAN_POINT('',(2.214,6.211180124224E-03));
#6852 = CARTESIAN_POINT('',(2.196,6.211180124224E-03));
#6853 = CARTESIAN_POINT('',(2.178,6.211180124224E-03));
#6854 = CARTESIAN_POINT('',(2.12615564679,6.211180124224E-03));
#6855 = CARTESIAN_POINT('',(2.093411432995,6.211180124224E-03));
#6856 = CARTESIAN_POINT('',(2.061771865867,6.211180124224E-03));
#6857 = CARTESIAN_POINT('',(2.03129941577,6.211180124224E-03));
#6858 = CARTESIAN_POINT('',(2.001998452627,6.211180124224E-03));
#6859 = CARTESIAN_POINT('',(1.973775634405,6.211180124224E-03));
#6860 = CARTESIAN_POINT('',(1.94647674764,6.211180124224E-03));
#6861 = CARTESIAN_POINT('',(1.89,6.211180124224E-03));
#6862 = CARTESIAN_POINT('',(1.86,6.211180124224E-03));
#6863 = CARTESIAN_POINT('',(1.83,6.211180124224E-03));
#6864 = CARTESIAN_POINT('',(1.8,6.211180124224E-03));
#6865 = CARTESIAN_POINT('',(1.77,6.211180124224E-03));
#6866 = CARTESIAN_POINT('',(1.74,6.211180124224E-03));
#6867 = CARTESIAN_POINT('',(1.71,6.211180124224E-03));
#6868 = CARTESIAN_POINT('',(1.647,6.211180124224E-03));
#6869 = CARTESIAN_POINT('',(1.614,6.211180124224E-03));
#6870 = CARTESIAN_POINT('',(1.581,6.211180124224E-03));
#6871 = CARTESIAN_POINT('',(1.548,6.211180124224E-03));
#6872 = CARTESIAN_POINT('',(1.515,6.211180124224E-03));
#6873 = CARTESIAN_POINT('',(1.482,6.211180124224E-03));
#6874 = CARTESIAN_POINT('',(1.449,6.211180124224E-03));
#6875 = CARTESIAN_POINT('',(1.38,6.211180124224E-03));
#6876 = CARTESIAN_POINT('',(1.344,6.211180124224E-03));
#6877 = CARTESIAN_POINT('',(1.308,6.211180124224E-03));
#6878 = CARTESIAN_POINT('',(1.272,6.211180124224E-03));
#6879 = CARTESIAN_POINT('',(1.236,6.211180124224E-03));
#6880 = CARTESIAN_POINT('',(1.2,6.211180124224E-03));
#6881 = CARTESIAN_POINT('',(1.164,6.211180124224E-03));
#6882 = CARTESIAN_POINT('',(1.103834261667,6.211180124224E-03));
#6883 = CARTESIAN_POINT('',(1.079752795287,6.211180124224E-03));
#6884 = CARTESIAN_POINT('',(1.055732646499,6.211180124224E-03));
#6885 = CARTESIAN_POINT('',(1.031754457171,6.211180124224E-03));
#6886 = CARTESIAN_POINT('',(1.007802465408,6.211180124224E-03));
#6887 = CARTESIAN_POINT('',(0.983864505542,6.211180124224E-03));
#6888 = CARTESIAN_POINT('',(0.95993200814,6.211180124224E-03));
#6889 = CARTESIAN_POINT('',(0.912,6.211180124224E-03));
#6890 = CARTESIAN_POINT('',(0.888,6.211180124224E-03));
#6891 = CARTESIAN_POINT('',(0.864,6.211180124224E-03));
#6892 = CARTESIAN_POINT('',(0.84,6.211180124224E-03));
#6893 = CARTESIAN_POINT('',(0.816,6.211180124224E-03));
#6894 = CARTESIAN_POINT('',(0.792,6.211180124224E-03));
#6895 = CARTESIAN_POINT('',(0.768,6.211180124224E-03));
#6896 = CARTESIAN_POINT('',(0.653698224857,6.211180124224E-03));
#6897 = CARTESIAN_POINT('',(0.563059106272,6.211180124224E-03));
#6898 = CARTESIAN_POINT('',(0.471747183673,6.211180124224E-03));
#6899 = CARTESIAN_POINT('',(0.379532950011,6.211180124223E-03));
#6900 = CARTESIAN_POINT('',(0.286272545037,6.211180124224E-03));
#6901 = CARTESIAN_POINT('',(0.19190225088,6.211180124223E-03));
#6902 = CARTESIAN_POINT('',(9.643775014501E-02,6.211180124224E-03));
#6903 = CARTESIAN_POINT('',(0.,6.211180124224E-03));
#6904 = ( GEOMETRIC_REPRESENTATION_CONTEXT(2) 
PARAMETRIC_REPRESENTATION_CONTEXT() REPRESENTATION_CONTEXT('2D SPACE',''
  ) );
#6905 = PCURVE('',#656,#6906);
#6906 = DEFINITIONAL_REPRESENTATION('',(#6907),#7498);
#6907 = B_SPLINE_CURVE_WITH_KNOTS('',8,(#6908,#6909,#6910,#6911,#6912,
    #6913,#6914,#6915,#6916,#6917,#6918,#6919,#6920,#6921,#6922,#6923,
    #6924,#6925,#6926,#6927,#6928,#6929,#6930,#6931,#6932,#6933,#6934,
    #6935,#6936,#6937,#6938,#6939,#6940,#6941,#6942,#6943,#6944,#6945,
    #6946,#6947,#6948,#6949,#6950,#6951,#6952,#6953,#6954,#6955,#6956,
    #6957,#6958,#6959,#6960,#6961,#6962,#6963,#6964,#6965,#6966,#6967,
    #6968,#6969,#6970,#6971,#6972,#6973,#6974,#6975,#6976,#6977,#6978,
    #6979,#6980,#6981,#6982,#6983,#6984,#6985,#6986,#6987,#6988,#6989,
    #6990,#6991,#6992,#6993,#6994,#6995,#6996,#6997,#6998,#6999,#7000,
    #7001,#7002,#7003,#7004,#7005,#7006,#7007,#7008,#7009,#7010,#7011,
    #7012,#7013,#7014,#7015,#7016,#7017,#7018,#7019,#7020,#7021,#7022,
    #7023,#7024,#7025,#7026,#7027,#7028,#7029,#7030,#7031,#7032,#7033,
    #7034,#7035,#7036,#7037,#7038,#7039,#7040,#7041,#7042,#7043,#7044,
    #7045,#7046,#7047,#7048,#7049,#7050,#7051,#7052,#7053,#7054,#7055,
    #7056,#7057,#7058,#7059,#7060,#7061,#7062,#7063,#7064,#7065,#7066,
    #7067,#7068,#7069,#7070,#7071,#7072,#7073,#7074,#7075,#7076,#7077,
    #7078,#7079,#7080,#7081,#7082,#7083,#7084,#7085,#7086,#7087,#7088,
    #7089,#7090,#7091,#7092,#7093,#7094,#7095,#7096,#7097,#7098,#7099,
    #7100,#7101,#7102,#7103,#7104,#7105,#7106,#7107,#7108,#7109,#7110,
    #7111,#7112,#7113,#7114,#7115,#7116,#7117,#7118,#7119,#7120,#7121,
    #7122,#7123,#7124,#7125,#7126,#7127,#7128,#7129,#7130,#7131,#7132,
    #7133,#7134,#7135,#7136,#7137,#7138,#7139,#7140,#7141,#7142,#7143,
    #7144,#7145,#7146,#7147,#7148,#7149,#7150,#7151,#7152,#7153,#7154,
    #7155,#7156,#7157,#7158,#7159,#7160,#7161,#7162,#7163,#7164,#7165,
    #7166,#7167,#7168,#7169,#7170,#7171,#7172,#7173,#7174,#7175,#7176,
    #7177,#7178,#7179,#7180,#7181,#7182,#7183,#7184,#7185,#7186,#7187,
    #7188,#7189,#7190,#7191,#7192,#7193,#7194,#7195,#7196,#7197,#7198,
    #7199,#7200,#7201,#7202,#7203,#7204,#7205,#7206,#7207,#7208,#7209,
    #7210,#7211,#7212,#7213,#7214,#7215,#7216,#7217,#7218,#7219,#7220,
    #7221,#7222,#7223,#7224,#7225,#7226,#7227,#7228,#7229,#7230,#7231,
    #7232,#7233,#7234,#7235,#7236,#7237,#7238,#7239,#7240,#7241,#7242,
    #7243,#7244,#7245,#7246,#7247,#7248,#7249,#7250,#7251,#7252,#7253,
    #7254,#7255,#7256,#7257,#7258,#7259,#7260,#7261,#7262,#7263,#7264,
    #7265,#7266,#7267,#7268,#7269,#7270,#7271,#7272,#7273,#7274,#7275,
    #7276,#7277,#7278,#7279,#7280,#7281,#7282,#7283,#7284,#7285,#7286,
    #7287,#7288,#7289,#7290,#7291,#7292,#7293,#7294,#7295,#7296,#7297,
    #7298,#7299,#7300,#7301,#7302,#7303,#7304,#7305,#7306,#7307,#7308,
    #7309,#7310,#7311,#7312,#7313,#7314,#7315,#7316,#7317,#7318,#7319,
    #7320,#7321,#7322,#7323,#7324,#7325,#7326,#7327,#7328,#7329,#7330,
    #7331,#7332,#7333,#7334,#7335,#7336,#7337,#7338,#7339,#7340,#7341,
    #7342,#7343,#7344,#7345,#7346,#7347,#7348,#7349,#7350,#7351,#7352,
    #7353,#7354,#7355,#7356,#7357,#7358,#7359,#7360,#7361,#7362,#7363,
    #7364,#7365,#7366,#7367,#7368,#7369,#7370,#7371,#7372,#7373,#7374,
    #7375,#7376,#7377,#7378,#7379,#7380,#7381,#7382,#7383,#7384,#7385,
    #7386,#7387,#7388,#7389,#7390,#7391,#7392,#7393,#7394,#7395,#7396,
    #7397,#7398,#7399,#7400,#7401,#7402,#7403,#7404,#7405,#7406,#7407,
    #7408,#7409,#7410,#7411,#7412,#7413,#7414,#7415,#7416,#7417,#7418,
    #7419,#7420,#7421,#7422,#7423,#7424,#7425,#7426,#7427,#7428,#7429,
    #7430,#7431,#7432,#7433,#7434,#7435,#7436,#7437,#7438,#7439,#7440,
    #7441,#7442,#7443,#7444,#7445,#7446,#7447,#7448,#7449,#7450,#7451,
    #7452,#7453,#7454,#7455,#7456,#7457,#7458,#7459,#7460,#7461,#7462,
    #7463,#7464,#7465,#7466,#7467,#7468,#7469,#7470,#7471,#7472,#7473,
    #7474,#7475,#7476,#7477,#7478,#7479,#7480,#7481,#7482,#7483,#7484,
    #7485,#7486,#7487,#7488,#7489,#7490,#7491,#7492,#7493,#7494,#7495,
    #7496,#7497),.UNSPECIFIED.,.T.,.F.,(9,7,7,7,7,7,7,7,7,7,7,7,7,7,7,7,
    7,7,7,7,7,7,7,7,7,7,7,7,7,7,7,7,7,7,7,7,7,7,7,7,7,7,7,7,7,7,7,7,7,7,
    7,7,7,7,7,7,7,7,7,7,7,7,7,7,7,7,7,7,7,7,7,7,7,7,7,7,7,7,7,7,7,7,7,7,
    9),(0.,2.152186142708E-02,3.858700587844E-02,4.736150820047E-02,
    5.60901088688E-02,7.090412985702E-02,8.571815084524E-02,
    9.435966308837E-02,0.107946740332,0.121511840914,0.136310132458,
    0.151108424002,0.165906715545,0.182730086475,0.193374448824,
    0.205031750994,0.236115125904,0.249038539003,0.254946078436,
    0.261838207829,0.292015441337,0.300767671516,0.328004102767,
    0.342961964661,0.349963604278,0.357569896856,0.36970623791,
    0.374576442875,0.380258348667,0.386748339998,0.398409644387,
    0.411131067356,0.430021403256,0.473589490401,0.483299633674,
    0.493804696926,0.513754665907,0.520482101326,0.531055063296,
    0.541628025266,0.553162165597,0.558483059263,0.564229235319,
    0.575314108122,0.586960561627,0.593958599117,0.600956949445,
    0.619853339237,0.625983892316,0.636199323302,0.647437071768,
    0.660511075132,0.667355167181,0.674016134573,0.691906946617,
    0.699818784839,0.705972436789,0.714763515371,0.724433677659,
    0.73678069421,0.742968738083,0.750038947257,0.765884211186,
    0.773770228605,0.782533011165,0.812522163222,0.818175273195,
    0.827818507405,0.838426065037,0.84999794609,0.855783886617,
    0.862331094869,0.877531043683,0.884613048155,0.892481810748,
    0.902942158179,0.912879745377,0.917274601335,0.925537993408,
    0.934900992428,0.945200291351,0.956435890175,0.963978016319,
    0.971541569967,1.),.UNSPECIFIED.);
#6908 = CARTESIAN_POINT('',(3.427366701427,0.72409817963));
#6909 = CARTESIAN_POINT('',(1.377613220174,3.319704585166));
#6910 = CARTESIAN_POINT('',(-0.443438622432,6.085932144323));
#6911 = CARTESIAN_POINT('',(-2.067236268378,8.977287309718));
#6912 = CARTESIAN_POINT('',(-3.522972131343,11.956924269204));
#6913 = CARTESIAN_POINT('',(-4.836320803193,14.997351347619));
#6914 = CARTESIAN_POINT('',(-6.029911876352,18.080217867603));
#6915 = CARTESIAN_POINT('',(-7.123662718411,21.196204831611));
#6916 = CARTESIAN_POINT('',(-8.937810535441,26.841197647746));
#6917 = CARTESIAN_POINT('',(-9.687412533757,29.354380720311));
#6918 = CARTESIAN_POINT('',(-10.39248937109,31.880644429225));
#6919 = CARTESIAN_POINT('',(-11.05986686529,34.41711105639));
#6920 = CARTESIAN_POINT('',(-11.69550844015,36.961492421649));
#6921 = CARTESIAN_POINT('',(-12.30478197666,39.512020056096));
#6922 = CARTESIAN_POINT('',(-12.89262340037,42.067402898669));
#6923 = CARTESIAN_POINT('',(-13.75736514452,45.942750611407));
#6924 = CARTESIAN_POINT('',(-14.04725699553,47.262798626779));
#6925 = CARTESIAN_POINT('',(-14.33386366457,48.586215378969));
#6926 = CARTESIAN_POINT('',(-14.61765293928,49.912293429221));
#6927 = CARTESIAN_POINT('',(-14.8990926073,51.24032533878));
#6928 = CARTESIAN_POINT('',(-15.1786504563,52.569603668888));
#6929 = CARTESIAN_POINT('',(-15.4567942739,53.89942098079));
#6930 = CARTESIAN_POINT('',(-16.0097393306,56.551762959275));
#6931 = CARTESIAN_POINT('',(-16.28493123897,57.874571974652));
#6932 = CARTESIAN_POINT('',(-16.55941008015,59.197529563853));
#6933 = CARTESIAN_POINT('',(-16.8329719346,60.520677185645));
#6934 = CARTESIAN_POINT('',(-17.10536645602,61.844065075565));
#6935 = CARTESIAN_POINT('',(-17.37629687132,63.16775224593));
#6936 = CARTESIAN_POINT('',(-17.64541998063,64.491806485825));
#6937 = CARTESIAN_POINT('',(-18.36536836938,68.064217866255));
#6938 = CARTESIAN_POINT('',(-18.80888479555,70.296999448255));
#6939 = CARTESIAN_POINT('',(-19.24052368509,72.510402097479));
#6940 = CARTESIAN_POINT('',(-19.65791328729,74.700178804295));
#6941 = CARTESIAN_POINT('',(-20.05868185143,76.862082559069));
#6942 = CARTESIAN_POINT('',(-20.44045762682,78.991866352168));
#6943 = CARTESIAN_POINT('',(-20.80086886274,81.08528317396));
#6944 = CARTESIAN_POINT('',(-21.47421875422,85.190888855662));
#6945 = CARTESIAN_POINT('',(-21.78715740978,87.203077715572));
#6946 = CARTESIAN_POINT('',(-22.07398802445,89.170405584909));
#6947 = CARTESIAN_POINT('',(-22.33233884752,91.088625454039));
#6948 = CARTESIAN_POINT('',(-22.55983812829,92.95349031333));
#6949 = CARTESIAN_POINT('',(-22.75411411604,94.760753153148));
#6950 = CARTESIAN_POINT('',(-22.91279506007,96.506166963861));
#6951 = CARTESIAN_POINT('',(-23.10392579692,99.165086769487));
#6952 = CARTESIAN_POINT('',(-23.16142312774,100.12219778995));
#6953 = CARTESIAN_POINT('',(-23.20553042059,101.05597478549));
#6954 = CARTESIAN_POINT('',(-23.23577689393,101.96557474435));
#6955 = CARTESIAN_POINT('',(-23.25169176622,102.85015465477));
#6956 = CARTESIAN_POINT('',(-23.25280425593,103.70887150501));
#6957 = CARTESIAN_POINT('',(-23.23864358152,104.54088228332));
#6958 = CARTESIAN_POINT('',(-23.16171983202,106.61020166455));
#6959 = CARTESIAN_POINT('',(-23.07525579236,107.80677690661));
#6960 = CARTESIAN_POINT('',(-22.95060632431,108.93021383976));
#6961 = CARTESIAN_POINT('',(-22.78011417346,109.97699892588));
#6962 = CARTESIAN_POINT('',(-22.56448787641,110.94886295112));
#6963 = CARTESIAN_POINT('',(-22.30780602792,111.85046424349));
#6964 = CARTESIAN_POINT('',(-22.00844684313,112.68692395186));
#6965 = CARTESIAN_POINT('',(-21.32040319229,114.24638229657));
#6966 = CARTESIAN_POINT('',(-20.93330710317,114.96603663527));
#6967 = CARTESIAN_POINT('',(-20.50281518559,115.63073462646));
#6968 = CARTESIAN_POINT('',(-20.02888432211,116.24496365241));
#6969 = CARTESIAN_POINT('',(-19.51147139529,116.81321109541));
#6970 = CARTESIAN_POINT('',(-18.95053328769,117.33996433772));
#6971 = CARTESIAN_POINT('',(-18.34602688189,117.82971076162));
#6972 = CARTESIAN_POINT('',(-16.99087143703,118.78573082696));
#6973 = CARTESIAN_POINT('',(-16.23193262475,119.24582308796));
#6974 = CARTESIAN_POINT('',(-15.42103664544,119.67304037507));
#6975 = CARTESIAN_POINT('',(-14.55812752094,120.07320853092));
#6976 = CARTESIAN_POINT('',(-13.64314927309,120.45215339818));
#6977 = CARTESIAN_POINT('',(-12.67604592372,120.81570081949));
#6978 = CARTESIAN_POINT('',(-11.65676149468,121.1696766375));
#6979 = CARTESIAN_POINT('',(-9.513718520939,121.87013675226));
#6980 = CARTESIAN_POINT('',(-8.389959976231,122.216621049));
#6981 = CARTESIAN_POINT('',(-7.213908395529,122.56518542776));
#6982 = CARTESIAN_POINT('',(-5.985507800672,122.92165573118));
#6983 = CARTESIAN_POINT('',(-4.7047022135,123.29185780192));
#6984 = CARTESIAN_POINT('',(-3.371435655853,123.68161748264));
#6985 = CARTESIAN_POINT('',(-1.98565214957,124.09676061598));
#6986 = CARTESIAN_POINT('',(0.89106071659,124.98946547322));
#6987 = CARTESIAN_POINT('',(2.381990076465,125.46702719712));
#6988 = CARTESIAN_POINT('',(3.921565050694,125.97362050757));
#6989 = CARTESIAN_POINT('',(5.505858326832,126.50706769584));
#6990 = CARTESIAN_POINT('',(7.130942592435,127.0651910532));
#6991 = CARTESIAN_POINT('',(8.79289053506,127.64581287092));
#6992 = CARTESIAN_POINT('',(10.487774842263,128.24675544027));
#6993 = CARTESIAN_POINT('',(14.171468584104,129.56964573574));
#6994 = CARTESIAN_POINT('',(16.128098974788,130.28229599638));
#6995 = CARTESIAN_POINT('',(18.082115782786,131.00214128423));
#6996 = CARTESIAN_POINT('',(20.033935314017,131.72794802109));
#6997 = CARTESIAN_POINT('',(21.9839056696,132.45870432605));
#6998 = CARTESIAN_POINT('',(23.932337527828,133.19353673892));
#6999 = CARTESIAN_POINT('',(25.879517280165,133.93167480638));
#7000 = CARTESIAN_POINT('',(29.057117180659,135.141065334));
#7001 = CARTESIAN_POINT('',(30.290055712389,135.61150368862));
#7002 = CARTESIAN_POINT('',(31.523377938766,136.08306921228));
#7003 = CARTESIAN_POINT('',(32.755920211658,136.55511665795));
#7004 = CARTESIAN_POINT('',(33.986518882934,137.0270007786));
#7005 = CARTESIAN_POINT('',(35.214010304463,137.49807632719));
#7006 = CARTESIAN_POINT('',(36.437230828113,137.96769805669));
#7007 = CARTESIAN_POINT('',(38.98868984835,138.94723381959));
#7008 = CARTESIAN_POINT('',(40.322367578115,139.45922610537));
#7009 = CARTESIAN_POINT('',(41.656132292243,139.97098417916));
#7010 = CARTESIAN_POINT('',(42.990074665864,140.48227038205));
#7011 = CARTESIAN_POINT('',(44.324293752048,140.99282279445));
#7012 = CARTESIAN_POINT('',(45.658896981799,141.50235523613));
#7013 = CARTESIAN_POINT('',(46.99400016406,142.01055726619));
#7014 = CARTESIAN_POINT('',(51.891350278887,143.86773918332));
#7015 = CARTESIAN_POINT('',(55.457264060613,145.2069606412));
#7016 = CARTESIAN_POINT('',(59.027267848025,146.53509079485));
#7017 = CARTESIAN_POINT('',(62.601020984397,147.85290115628));
#7018 = CARTESIAN_POINT('',(66.177992363681,149.16174225446));
#7019 = CARTESIAN_POINT('',(69.757349891874,150.46384807625));
#7020 = CARTESIAN_POINT('',(73.337919760427,151.76244800038));
#7021 = CARTESIAN_POINT('',(78.40696453626,153.60135969552));
#7022 = CARTESIAN_POINT('',(79.8955583803,154.14143904509));
#7023 = CARTESIAN_POINT('',(81.384029958141,154.68183853386));
#7024 = CARTESIAN_POINT('',(82.872275271313,155.22284780196));
#7025 = CARTESIAN_POINT('',(84.360185711406,155.76476714852));
#7026 = CARTESIAN_POINT('',(85.847650767751,156.30790001643));
#7027 = CARTESIAN_POINT('',(87.334560735107,156.85254547711));
#7028 = CARTESIAN_POINT('',(89.500202137031,157.6487812906));
#7029 = CARTESIAN_POINT('',(90.1793713783,157.89893285769));
#7030 = CARTESIAN_POINT('',(90.858510869023,158.14948758656));
#7031 = CARTESIAN_POINT('',(91.537814645102,158.40048680194));
#7032 = CARTESIAN_POINT('',(92.21747705447,158.65197098328));
#7033 = CARTESIAN_POINT('',(92.8976927571,158.9039797648));
#7034 = CARTESIAN_POINT('',(93.578656724997,159.15655193543));
#7035 = CARTESIAN_POINT('',(95.056123018546,159.70509452857));
#7036 = CARTESIAN_POINT('',(95.852965503915,160.00128365885));
#7037 = CARTESIAN_POINT('',(96.651400857407,160.29835565532));
#7038 = CARTESIAN_POINT('',(97.451738238118,160.59637334355));
#7039 = CARTESIAN_POINT('',(98.254286805142,160.89539954914));
#7040 = CARTESIAN_POINT('',(99.059355717576,161.19549709766));
#7041 = CARTESIAN_POINT('',(99.867254134516,161.49672881471));
#7042 = CARTESIAN_POINT('',(104.22942236308,163.12334361059));
#7043 = CARTESIAN_POINT('',(107.7804218581,164.44799069301));
#7044 = CARTESIAN_POINT('',(111.3327571268,165.76921377423));
#7045 = CARTESIAN_POINT('',(114.88768030387,167.08365016618));
#7046 = CARTESIAN_POINT('',(118.44604766837,168.38894325223));
#7047 = CARTESIAN_POINT('',(122.00835638618,169.6836433377));
#7048 = CARTESIAN_POINT('',(125.57486014708,170.96689702433));
#7049 = CARTESIAN_POINT('',(130.18124567735,172.60703747494));
#7050 = CARTESIAN_POINT('',(131.21725205186,172.97470696993));
#7051 = CARTESIAN_POINT('',(132.25359659234,173.3414352371));
#7052 = CARTESIAN_POINT('',(133.29023101647,173.70735473476));
#7053 = CARTESIAN_POINT('',(134.32710657575,174.07260016961));
#7054 = CARTESIAN_POINT('',(135.36417405557,174.43730849674));
#7055 = CARTESIAN_POINT('',(136.40138377513,174.80161891963));
#7056 = CARTESIAN_POINT('',(140.66670849357,176.29858767143));
#7057 = CARTESIAN_POINT('',(143.89562315301,177.42884570346));
#7058 = CARTESIAN_POINT('',(147.12421773065,178.56008145071));
#7059 = CARTESIAN_POINT('',(150.35145425995,179.69530741135));
#7060 = CARTESIAN_POINT('',(153.57626091989,180.83750270336));
#7061 = CARTESIAN_POINT('',(156.79738426238,181.99002499971));
#7062 = CARTESIAN_POINT('',(160.01332941736,183.1567834655));
#7063 = CARTESIAN_POINT('',(164.98380793922,184.99580418409));
#7064 = CARTESIAN_POINT('',(166.71715998691,185.64409364396));
#7065 = CARTESIAN_POINT('',(168.41735058053,186.28787001766));
#7066 = CARTESIAN_POINT('',(170.07989908433,186.926262949));
#7067 = CARTESIAN_POINT('',(171.70032486254,187.55840208181));
#7068 = CARTESIAN_POINT('',(173.2741472794,188.18341705988));
#7069 = CARTESIAN_POINT('',(174.79688569915,188.80043752705));
#7070 = CARTESIAN_POINT('',(176.95083024135,189.6932652529));
#7071 = CARTESIAN_POINT('',(177.63658640791,189.98041228434));
#7072 = CARTESIAN_POINT('',(178.32102835463,190.27066618217));
#7073 = CARTESIAN_POINT('',(179.00399508003,190.56434609176));
#7074 = CARTESIAN_POINT('',(179.68546421223,190.86145834309));
#7075 = CARTESIAN_POINT('',(180.36555200891,191.16169645074));
#7076 = CARTESIAN_POINT('',(181.04451335736,191.4644411139));
#7077 = CARTESIAN_POINT('',(182.45954116114,192.09935994117));
#7078 = CARTESIAN_POINT('',(183.17772780578,192.42401877665));
#7079 = CARTESIAN_POINT('',(183.87811635045,192.74185140192));
#7080 = CARTESIAN_POINT('',(184.56152143721,193.05197249609));
#7081 = CARTESIAN_POINT('',(185.22875770815,193.35349673829));
#7082 = CARTESIAN_POINT('',(185.88063980534,193.64553880763));
#7083 = CARTESIAN_POINT('',(186.51798237085,193.92721338324));
#7084 = CARTESIAN_POINT('',(188.13662314429,194.62911088432));
#7085 = CARTESIAN_POINT('',(189.13425830583,195.04822347615));
#7086 = CARTESIAN_POINT('',(190.13977797981,195.45044324321));
#7087 = CARTESIAN_POINT('',(191.15685723228,195.82837102868));
#7088 = CARTESIAN_POINT('',(192.18788888119,196.17090567375));
#7089 = CARTESIAN_POINT('',(193.23423585303,196.4626132699));
#7090 = CARTESIAN_POINT('',(194.2966046829,196.68288552286));
#7091 = CARTESIAN_POINT('',(195.80572113747,196.86250972535));
#7092 = CARTESIAN_POINT('',(196.23447594731,196.89843400261));
#7093 = CARTESIAN_POINT('',(196.66032931534,196.91828562788));
#7094 = CARTESIAN_POINT('',(197.0837942523,196.92150708133));
#7095 = CARTESIAN_POINT('',(197.50538376895,196.90754084309));
#7096 = CARTESIAN_POINT('',(197.92561087603,196.8758293933));
#7097 = CARTESIAN_POINT('',(198.34498858431,196.82581521212));
#7098 = CARTESIAN_POINT('',(199.25291144478,196.67658727518));
#7099 = CARTESIAN_POINT('',(199.74133512351,196.57056287313));
#7100 = CARTESIAN_POINT('',(200.23011558279,196.43798225267));
#7101 = CARTESIAN_POINT('',(200.72006746471,196.27796009291));
#7102 = CARTESIAN_POINT('',(201.21200541132,196.08961107296));
#7103 = CARTESIAN_POINT('',(201.70674406472,195.87204987195));
#7104 = CARTESIAN_POINT('',(202.20509806697,195.624391169));
#7105 = CARTESIAN_POINT('',(203.28217242616,195.02747947951));
#7106 = CARTESIAN_POINT('',(203.84048212918,194.6808192638));
#7107 = CARTESIAN_POINT('',(204.38337783064,194.30988428868));
#7108 = CARTESIAN_POINT('',(204.91160356107,193.91830148819));
#7109 = CARTESIAN_POINT('',(205.42608072011,193.5092094379));
#7110 = CARTESIAN_POINT('',(205.92790807653,193.08525835487));
#7111 = CARTESIAN_POINT('',(206.41836176822,192.64861009768));
#7112 = CARTESIAN_POINT('',(207.76232446911,191.39655517247));
#7113 = CARTESIAN_POINT('',(208.64447667424,190.50916315677));
#7114 = CARTESIAN_POINT('',(209.54379814565,189.54260512454));
#7115 = CARTESIAN_POINT('',(210.45873511141,188.50072408104));
#7116 = CARTESIAN_POINT('',(211.38773379961,187.38736303153));
#7117 = CARTESIAN_POINT('',(212.32924043833,186.20636498126));
#7118 = CARTESIAN_POINT('',(213.28170125567,184.96157293549));
#7119 = CARTESIAN_POINT('',(215.29286563318,182.23347386018));
#7120 = CARTESIAN_POINT('',(216.35335604753,180.73877118787));
#7121 = CARTESIAN_POINT('',(217.4230165042,179.17771114857));
#7122 = CARTESIAN_POINT('',(218.49982978466,177.5552830083));
#7123 = CARTESIAN_POINT('',(219.58177867038,175.8764760331));
#7124 = CARTESIAN_POINT('',(220.66684594282,174.14627948899));
#7125 = CARTESIAN_POINT('',(221.75301438345,172.369682642));
#7126 = CARTESIAN_POINT('',(224.44978320837,167.85207270304));
#7127 = CARTESIAN_POINT('',(226.01955865893,165.1277010189));
#7128 = CARTESIAN_POINT('',(227.55320259945,162.3825948444));
#7129 = CARTESIAN_POINT('',(229.05402231217,159.61935673413));
#7130 = CARTESIAN_POINT('',(230.52437607086,156.83990386461));
#7131 = CARTESIAN_POINT('',(231.96580069318,154.04553721633));
#7132 = CARTESIAN_POINT('',(233.37927257492,151.23709032931));
#7133 = CARTESIAN_POINT('',(237.96146262472,141.9058679807));
#7134 = CARTESIAN_POINT('',(241.01008905574,135.32545895694));
#7135 = CARTESIAN_POINT('',(243.90550502259,128.67443300291));
#7136 = CARTESIAN_POINT('',(246.64016359941,121.9540376285));
#7137 = CARTESIAN_POINT('',(249.20436476511,115.16595979073));
#7138 = CARTESIAN_POINT('',(251.58570722271,108.31213558408));
#7139 = CARTESIAN_POINT('',(253.76855837025,101.39455506989));
#7140 = CARTESIAN_POINT('',(256.16897800193,92.858617531901));
#7141 = CARTESIAN_POINT('',(256.59533181284,91.299797069555));
#7142 = CARTESIAN_POINT('',(257.01098029461,89.738071438214));
#7143 = CARTESIAN_POINT('',(257.41702128983,88.173822228723));
#7144 = CARTESIAN_POINT('',(257.81465419416,86.607433693334));
#7145 = CARTESIAN_POINT('',(258.20493907442,85.03922202068));
#7146 = CARTESIAN_POINT('',(258.58888548684,83.469461902497));
#7147 = CARTESIAN_POINT('',(259.37788211666,80.198953081653));
#7148 = CARTESIAN_POINT('',(259.78018012632,78.505707301918));
#7149 = CARTESIAN_POINT('',(260.17657178545,76.818550843407));
#7150 = CARTESIAN_POINT('',(260.56886385552,75.137261496629));
#7151 = CARTESIAN_POINT('',(260.95886309802,73.461617052094));
#7152 = CARTESIAN_POINT('',(261.34837627443,71.791395300313));
#7153 = CARTESIAN_POINT('',(261.73921014622,70.126374031797));
#7154 = CARTESIAN_POINT('',(262.88133605965,65.313774459791));
#7155 = CARTESIAN_POINT('',(263.64414919724,62.164973549265));
#7156 = CARTESIAN_POINT('',(264.43330633552,59.022306977677));
#7157 = CARTESIAN_POINT('',(265.26066268837,55.888955208961));
#7158 = CARTESIAN_POINT('',(266.13794654607,52.768820679005));
#7159 = CARTESIAN_POINT('',(267.07622939205,49.666381470611));
#7160 = CARTESIAN_POINT('',(268.08531186846,46.586523387518));
#7161 = CARTESIAN_POINT('',(269.5400320085,42.505170955367));
#7162 = CARTESIAN_POINT('',(269.91606120618,41.479227231019));
#7163 = CARTESIAN_POINT('',(270.30055534526,40.456405860817));
#7164 = CARTESIAN_POINT('',(270.69281972984,39.436536458965));
#7165 = CARTESIAN_POINT('',(271.09218184874,38.419436551824));
#7166 = CARTESIAN_POINT('',(271.49799137544,37.404911577913));
#7167 = CARTESIAN_POINT('',(271.90962016813,36.39275488791));
#7168 = CARTESIAN_POINT('',(272.98157902862,33.795401831933));
#7169 = CARTESIAN_POINT('',(273.64836737698,32.216348158601));
#7170 = CARTESIAN_POINT('',(274.3233953145,30.647209135567));
#7171 = CARTESIAN_POINT('',(275.0032308409,29.089607173742));
#7172 = CARTESIAN_POINT('',(275.68444195589,27.545164684036));
#7173 = CARTESIAN_POINT('',(276.3635966592,26.015504077361));
#7174 = CARTESIAN_POINT('',(277.03726295053,24.502247764627));
#7175 = CARTESIAN_POINT('',(278.36675470868,21.511788548863));
#7176 = CARTESIAN_POINT('',(279.02258017549,20.034585645833));
#7177 = CARTESIAN_POINT('',(279.66605322977,18.577031858566));
#7178 = CARTESIAN_POINT('',(280.29374187123,17.140749597972));
#7179 = CARTESIAN_POINT('',(280.90221409959,15.727361274963));
#7180 = CARTESIAN_POINT('',(281.48803791455,14.338489300449));
#7181 = CARTESIAN_POINT('',(282.04778131585,12.975756085342));
#7182 = CARTESIAN_POINT('',(283.15644610756,10.184450900779));
#7183 = CARTESIAN_POINT('',(283.69975770029,8.761155847996));
#7184 = CARTESIAN_POINT('',(284.20349141158,7.373005212821));
#7185 = CARTESIAN_POINT('',(284.66319157164,6.022105325872));
#7186 = CARTESIAN_POINT('',(285.07440251069,4.71056251777));
#7187 = CARTESIAN_POINT('',(285.43266855894,3.440483119132));
#7188 = CARTESIAN_POINT('',(285.73353404659,2.213973460577));
#7189 = CARTESIAN_POINT('',(286.08280230945,0.48840140259));
#7190 = CARTESIAN_POINT('',(286.18209914328,-5.850661380631E-02));
#7191 = CARTESIAN_POINT('',(286.2694016919,-0.607555291577));
#7192 = CARTESIAN_POINT('',(286.34374163763,-1.158605779659));
#7193 = CARTESIAN_POINT('',(286.40421445861,-1.711409260814));
#7194 = CARTESIAN_POINT('',(286.44997942875,-2.265606951624));
#7195 = CARTESIAN_POINT('',(286.48025961781,-2.820730102497));
#7196 = CARTESIAN_POINT('',(286.50954971688,-3.976066864364));
#7197 = CARTESIAN_POINT('',(286.50544916609,-4.562542255649));
#7198 = CARTESIAN_POINT('',(286.48262310725,-5.136211708728));
#7199 = CARTESIAN_POINT('',(286.44165440863,-5.697660760807));
#7200 = CARTESIAN_POINT('',(286.38312593852,-6.247474949095));
#7201 = CARTESIAN_POINT('',(286.30762056523,-6.786239810798));
#7202 = CARTESIAN_POINT('',(286.21572115705,-7.314540883124));
#7203 = CARTESIAN_POINT('',(285.90022752629,-8.833046360589));
#7204 = CARTESIAN_POINT('',(285.62861879983,-9.82036621541));
#7205 = CARTESIAN_POINT('',(285.29394800974,-10.78873358469));
#7206 = CARTESIAN_POINT('',(284.900004013,-11.73442734771));
#7207 = CARTESIAN_POINT('',(284.45318140259,-12.65596993127));
#7208 = CARTESIAN_POINT('',(283.96136709227,-13.55360636987));
#7209 = CARTESIAN_POINT('',(283.43271811142,-14.42875348796));
#7210 = CARTESIAN_POINT('',(282.28885400186,-16.1819294815));
#7211 = CARTESIAN_POINT('',(281.6703545526,-17.05824979445));
#7212 = CARTESIAN_POINT('',(281.02720188492,-17.91689520382));
#7213 = CARTESIAN_POINT('',(280.36671340984,-18.7623010813));
#7214 = CARTESIAN_POINT('',(279.69536470215,-19.59879962675));
#7215 = CARTESIAN_POINT('',(279.01867210557,-20.4305320668));
#7216 = CARTESIAN_POINT('',(278.34123868201,-21.26148862762));
#7217 = CARTESIAN_POINT('',(277.26165939456,-22.59679858664));
#7218 = CARTESIAN_POINT('',(276.85427530788,-23.10373811182));
#7219 = CARTESIAN_POINT('',(276.44530656529,-23.61694882501));
#7220 = CARTESIAN_POINT('',(276.03524709585,-24.13685108695));
#7221 = CARTESIAN_POINT('',(275.62449544123,-24.66375769637));
#7222 = CARTESIAN_POINT('',(275.21335475565,-25.19787389002));
#7223 = CARTESIAN_POINT('',(274.80203280597,-25.73929734267));
#7224 = CARTESIAN_POINT('',(273.97923274658,-26.83676352127));
#7225 = CARTESIAN_POINT('',(273.56785390437,-27.39295648181));
#7226 = CARTESIAN_POINT('',(273.15678397087,-27.9567870417));
#7227 = CARTESIAN_POINT('',(272.74630147201,-28.52844519393));
#7228 = CARTESIAN_POINT('',(272.3366849337,-29.10812093149));
#7229 = CARTESIAN_POINT('',(271.92821288188,-29.69600424738));
#7230 = CARTESIAN_POINT('',(271.52116384244,-30.29228513459));
#7231 = CARTESIAN_POINT('',(270.02132920874,-32.53037134443));
#7232 = CARTESIAN_POINT('',(268.96425179653,-34.18888606072));
#7233 = CARTESIAN_POINT('',(267.94789451283,-35.87319255143));
#7234 = CARTESIAN_POINT('',(266.97487536325,-37.58323165838));
#7235 = CARTESIAN_POINT('',(266.04725382596,-39.31846668323));
#7236 = CARTESIAN_POINT('',(265.16660494039,-41.07792563168));
#7237 = CARTESIAN_POINT('',(264.33406068301,-42.8602249257));
#7238 = CARTESIAN_POINT('',(263.29608516397,-45.24865579806));
#7239 = CARTESIAN_POINT('',(263.04513180152,-45.84015492457));
#7240 = CARTESIAN_POINT('',(262.79760311994,-46.4381677752));
#7241 = CARTESIAN_POINT('',(262.55361662236,-47.04277450323));
#7242 = CARTESIAN_POINT('',(262.3132898119,-47.65405526197));
#7243 = CARTESIAN_POINT('',(262.07674019168,-48.2720902047));
#7244 = CARTESIAN_POINT('',(261.84408526482,-48.89695948472));
#7245 = CARTESIAN_POINT('',(261.23445178167,-50.58149386746));
#7246 = CARTESIAN_POINT('',(260.86445113566,-51.65428103803));
#7247 = CARTESIAN_POINT('',(260.50674799285,-52.74646613259));
#7248 = CARTESIAN_POINT('',(260.15939612578,-53.85613960872));
#7249 = CARTESIAN_POINT('',(259.82021331296,-54.98123019795));
#7250 = CARTESIAN_POINT('',(259.48807984983,-56.11998349048));
#7251 = CARTESIAN_POINT('',(259.16251794073,-57.27080992261));
#7252 = CARTESIAN_POINT('',(258.48846507528,-59.70835162219));
#7253 = CARTESIAN_POINT('',(258.14110299964,-60.99739660662));
#7254 = CARTESIAN_POINT('',(257.79771268232,-62.29622472561));
#7255 = CARTESIAN_POINT('',(257.45654106064,-63.6024235845));
#7256 = CARTESIAN_POINT('',(257.11583507196,-64.91358078866));
#7257 = CARTESIAN_POINT('',(256.77384165361,-66.22728394342));
#7258 = CARTESIAN_POINT('',(256.42880774294,-67.54112065415));
#7259 = CARTESIAN_POINT('',(255.67199079214,-70.37854574785));
#7260 = CARTESIAN_POINT('',(255.25821945319,-71.90243043786));
#7261 = CARTESIAN_POINT('',(254.83407986586,-73.42355823479));
#7262 = CARTESIAN_POINT('',(254.39595125042,-74.94090277952));
#7263 = CARTESIAN_POINT('',(253.94003330917,-76.45314259167));
#7264 = CARTESIAN_POINT('',(253.46222797779,-77.9586262061));
#7265 = CARTESIAN_POINT('',(252.95798037495,-79.45532472758));
#7266 = CARTESIAN_POINT('',(252.141437531,-81.71835469932));
#7267 = CARTESIAN_POINT('',(251.85388864267,-82.4881083494));
#7268 = CARTESIAN_POINT('',(251.55891283314,-83.24939023556));
#7269 = CARTESIAN_POINT('',(251.25605833646,-84.00157868136));
#7270 = CARTESIAN_POINT('',(250.94487338668,-84.74405201033));
#7271 = CARTESIAN_POINT('',(250.62490621783,-85.47618854601));
#7272 = CARTESIAN_POINT('',(250.29570506395,-86.19736661196));
#7273 = CARTESIAN_POINT('',(249.62699871678,-87.59757602123));
#7274 = CARTESIAN_POINT('',(249.28529950858,-88.28247975091));
#7275 = CARTESIAN_POINT('',(248.93098948409,-88.96102516771));
#7276 = CARTESIAN_POINT('',(248.56359798054,-89.63265190026));
#7277 = CARTESIAN_POINT('',(248.18291472283,-90.2968897588));
#7278 = CARTESIAN_POINT('',(247.7889898235,-90.95335873521));
#7279 = CARTESIAN_POINT('',(247.38213378271,-91.60176900298));
#7280 = CARTESIAN_POINT('',(245.83693690809,-93.96131644995));
#7281 = CARTESIAN_POINT('',(244.61952001631,-95.62152592235));
#7282 = CARTESIAN_POINT('',(243.31487240074,-97.21584801222));
#7283 = CARTESIAN_POINT('',(241.92887074616,-98.74032941261));
#7284 = CARTESIAN_POINT('',(240.46869662901,-100.1934067175));
#7285 = CARTESIAN_POINT('',(238.94238020226,-101.5754676505));
#7286 = CARTESIAN_POINT('',(237.35833531638,-102.888407571));
#7287 = CARTESIAN_POINT('',(235.00264485054,-104.6866504193));
#7288 = CARTESIAN_POINT('',(234.27079764871,-105.225025847));
#7289 = CARTESIAN_POINT('',(233.52989203304,-105.7508566759));
#7290 = CARTESIAN_POINT('',(232.78039401948,-106.2646161029));
#7291 = CARTESIAN_POINT('',(232.02276962401,-106.7667773248));
#7292 = CARTESIAN_POINT('',(231.25748486257,-107.2578135384));
#7293 = CARTESIAN_POINT('',(230.48500575113,-107.7381979406));
#7294 = CARTESIAN_POINT('',(229.09974807028,-108.5741193406));
#7295 = CARTESIAN_POINT('',(228.48962760813,-108.9336775196));
#7296 = CARTESIAN_POINT('',(227.87565618325,-109.2873009077));
#7297 = CARTESIAN_POINT('',(227.25805305965,-109.6352121476));
#7298 = CARTESIAN_POINT('',(226.63703750136,-109.9776338821));
#7299 = CARTESIAN_POINT('',(226.01282877239,-110.3147887536));
#7300 = CARTESIAN_POINT('',(225.38564613679,-110.646899405));
#7301 = CARTESIAN_POINT('',(223.85578338991,-111.4417521293));
#7302 = CARTESIAN_POINT('',(222.95034874598,-111.8994819059));
#7303 = CARTESIAN_POINT('',(222.03972117458,-112.3479642759));
#7304 = CARTESIAN_POINT('',(221.12413278927,-112.7876372097));
#7305 = CARTESIAN_POINT('',(220.20381046872,-113.2189328326));
#7306 = CARTESIAN_POINT('',(219.2790086313,-113.642336796));
#7307 = CARTESIAN_POINT('',(218.34999588483,-114.0583643684));
#7308 = CARTESIAN_POINT('',(216.39069774833,-114.9174498867));
#7309 = CARTESIAN_POINT('',(215.3595865624,-115.3590601603));
#7310 = CARTESIAN_POINT('',(214.32399189538,-115.7929137794));
#7311 = CARTESIAN_POINT('',(213.28424364889,-116.2196404567));
#7312 = CARTESIAN_POINT('',(212.24067172458,-116.639869905));
#7313 = CARTESIAN_POINT('',(211.19360602407,-117.0542318372));
#7314 = CARTESIAN_POINT('',(210.143376449,-117.463355966));
#7315 = CARTESIAN_POINT('',(207.74574466419,-118.3843644965));
#7316 = CARTESIAN_POINT('',(206.39808011024,-118.89275908));
#7317 = CARTESIAN_POINT('',(205.04789576493,-119.3944462977));
#7318 = CARTESIAN_POINT('',(203.69574447064,-119.890804689));
#7319 = CARTESIAN_POINT('',(202.34215654441,-120.3832039825));
#7320 = CARTESIAN_POINT('',(200.98764093588,-120.8730082899));
#7321 = CARTESIAN_POINT('',(199.63268638526,-121.3615792985));
#7322 = CARTESIAN_POINT('',(197.59870558732,-122.0952048737));
#7323 = CARTESIAN_POINT('',(196.91952114308,-122.3402115272));
#7324 = CARTESIAN_POINT('',(196.24029426456,-122.5854617033));
#7325 = CARTESIAN_POINT('',(195.56110996774,-122.8311176797));
#7326 = CARTESIAN_POINT('',(194.88205326859,-123.0773417339));
#7327 = CARTESIAN_POINT('',(194.20320918308,-123.3242961435));
#7328 = CARTESIAN_POINT('',(193.52466272718,-123.5721431862));
#7329 = CARTESIAN_POINT('',(192.07165631867,-124.1054304654));
#7330 = CARTESIAN_POINT('',(191.29735803255,-124.3912960907));
#7331 = CARTESIAN_POINT('',(190.52351812972,-124.6784011304));
#7332 = CARTESIAN_POINT('',(189.750048043,-124.9665005263));
#7333 = CARTESIAN_POINT('',(188.97685656677,-125.2553450472));
#7334 = CARTESIAN_POINT('',(188.20384985706,-125.5446812885));
#7335 = CARTESIAN_POINT('',(187.43093143146,-125.8342516724));
#7336 = CARTESIAN_POINT('',(184.92576655071,-126.7726976961));
#7337 = CARTESIAN_POINT('',(183.19353880757,-127.4214723845));
#7338 = CARTESIAN_POINT('',(181.46017937675,-128.0672851695));
#7339 = CARTESIAN_POINT('',(179.72460684392,-128.7072662583));
#7340 = CARTESIAN_POINT('',(177.98579213971,-129.3384936477));
#7341 = CARTESIAN_POINT('',(176.24275448681,-129.9579821531));
#7342 = CARTESIAN_POINT('',(174.49455909771,-130.5626772281));
#7343 = CARTESIAN_POINT('',(171.86724901304,-131.4414858506));
#7344 = CARTESIAN_POINT('',(170.99337727886,-131.7288477167));
#7345 = CARTESIAN_POINT('',(170.11861511335,-132.0111598355));
#7346 = CARTESIAN_POINT('',(169.24287620922,-132.2880428694));
#7347 = CARTESIAN_POINT('',(168.36607425914,-132.5591174809));
#7348 = CARTESIAN_POINT('',(167.48812295582,-132.8240043325));
#7349 = CARTESIAN_POINT('',(166.60893599194,-133.0823240867));
#7350 = CARTESIAN_POINT('',(164.75002339959,-133.6130183386));
#7351 = CARTESIAN_POINT('',(163.77011472245,-133.8837439027));
#7352 = CARTESIAN_POINT('',(162.7884492478,-134.1453452309));
#7353 = CARTESIAN_POINT('',(161.80483378633,-134.3973266722));
#7354 = CARTESIAN_POINT('',(160.81916468404,-134.6392354714));
#7355 = CARTESIAN_POINT('',(159.83141749428,-134.8705795703));
#7356 = CARTESIAN_POINT('',(158.84159537844,-135.0906535289));
#7357 = CARTESIAN_POINT('',(154.45482261498,-136.0088138712));
#7358 = CARTESIAN_POINT('',(151.02368954232,-136.5767717183));
#7359 = CARTESIAN_POINT('',(147.55973474396,-136.9634821482));
#7360 = CARTESIAN_POINT('',(144.07378358851,-137.1278251226));
#7361 = CARTESIAN_POINT('',(140.58375783362,-137.0294100239));
#7362 = CARTESIAN_POINT('',(137.11452667769,-136.6349685872));
#7363 = CARTESIAN_POINT('',(133.69772572153,-135.9293927561));
#7364 = CARTESIAN_POINT('',(129.74488060401,-134.736403231));
#7365 = CARTESIAN_POINT('',(129.12103431974,-134.53667459));
#7366 = CARTESIAN_POINT('',(128.50060840952,-134.3263501335));
#7367 = CARTESIAN_POINT('',(127.88385506684,-134.1054582787));
#7368 = CARTESIAN_POINT('',(127.27096067289,-133.8741394478));
#7369 = CARTESIAN_POINT('',(126.66204579655,-133.6326460679));
#7370 = CARTESIAN_POINT('',(126.05716519442,-133.381342571));
#7371 = CARTESIAN_POINT('',(124.43134836274,-132.6761031567));
#7372 = CARTESIAN_POINT('',(123.40610626271,-132.1997556192));
#7373 = CARTESIAN_POINT('',(122.38074452611,-131.6939063497));
#7374 = CARTESIAN_POINT('',(121.3554261683,-131.1607989162));
#7375 = CARTESIAN_POINT('',(120.33031420464,-130.6026768867));
#7376 = CARTESIAN_POINT('',(119.3055716505,-130.0217838295));
#7377 = CARTESIAN_POINT('',(118.28136152125,-129.4203633124));
#7378 = CARTESIAN_POINT('',(116.13198067433,-128.118984054));
#7379 = CARTESIAN_POINT('',(115.00695599913,-127.4151856954));
#7380 = CARTESIAN_POINT('',(113.88298978007,-126.6922500169));
#7381 = CARTESIAN_POINT('',(112.76029899062,-125.9531632076));
#7382 = CARTESIAN_POINT('',(111.63910060422,-125.2009114567));
#7383 = CARTESIAN_POINT('',(110.51961159432,-124.4384809532));
#7384 = CARTESIAN_POINT('',(109.40204893437,-123.6688578863));
#7385 = CARTESIAN_POINT('',(107.06980850343,-122.0508508726));
#7386 = CARTESIAN_POINT('',(105.85553814101,-121.2016673671));
#7387 = CARTESIAN_POINT('',(104.64410020113,-120.3513548141));
#7388 = CARTESIAN_POINT('',(103.43577637433,-119.5037900992));
#7389 = CARTESIAN_POINT('',(102.23084835117,-118.662850108));
#7390 = CARTESIAN_POINT('',(101.0295978222,-117.8324117262));
#7391 = CARTESIAN_POINT('',(99.832306477974,-117.0163518394));
#7392 = CARTESIAN_POINT('',(98.042730774559,-115.8196450801));
#7393 = CARTESIAN_POINT('',(97.447265758909,-115.4253066721));
#7394 = CARTESIAN_POINT('',(96.852896173401,-115.03601672));
#7395 = CARTESIAN_POINT('',(96.259657229352,-114.6522598345));
#7396 = CARTESIAN_POINT('',(95.667584138082,-114.2745206262));
#7397 = CARTESIAN_POINT('',(95.07671211091,-113.9032837059));
#7398 = CARTESIAN_POINT('',(94.487076359155,-113.5390336842));
#7399 = CARTESIAN_POINT('',(93.23293557019,-112.7785345997));
#7400 = CARTESIAN_POINT('',(92.563217607357,-112.3813558706));
#7401 = CARTESIAN_POINT('',(91.88941581273,-111.9911098586));
#7402 = CARTESIAN_POINT('',(91.21146115045,-111.6080862317));
#7403 = CARTESIAN_POINT('',(90.52935794171,-111.2324734523));
#7404 = CARTESIAN_POINT('',(89.843183864746,-110.8643587767));
#7405 = CARTESIAN_POINT('',(89.153089954844,-110.5037282554));
#7406 = CARTESIAN_POINT('',(86.848604532333,-109.3303374739));
#7407 = CARTESIAN_POINT('',(85.21733992977,-108.550412049));
#7408 = CARTESIAN_POINT('',(83.566831344981,-107.8113374288));
#7409 = CARTESIAN_POINT('',(81.898458077641,-107.11335088));
#7410 = CARTESIAN_POINT('',(80.213660340207,-106.4562650941));
#7411 = CARTESIAN_POINT('',(78.51395323847,-105.83943257));
#7412 = CARTESIAN_POINT('',(76.800948571231,-105.2616892488));
#7413 = CARTESIAN_POINT('',(74.272870504749,-104.4694871392));
#7414 = CARTESIAN_POINT('',(73.474648808426,-104.2282455639));
#7415 = CARTESIAN_POINT('',(72.681866768027,-103.9970636317));
#7416 = CARTESIAN_POINT('',(71.894671791445,-103.7754522978));
#7417 = CARTESIAN_POINT('',(71.113211286567,-103.5629225174));
#7418 = CARTESIAN_POINT('',(70.337632661283,-103.3589852457));
#7419 = CARTESIAN_POINT('',(69.568083323484,-103.1631514378));
#7420 = CARTESIAN_POINT('',(67.95653300519,-102.7658028835));
#7421 = CARTESIAN_POINT('',(67.115971498813,-102.5659807198));
#7422 = CARTESIAN_POINT('',(66.283190198678,-102.3751398738));
#7423 = CARTESIAN_POINT('',(65.458473577038,-102.1922266713));
#7424 = CARTESIAN_POINT('',(64.642044857166,-102.0164654964));
#7425 = CARTESIAN_POINT('',(63.834028048049,-101.8475717247));
#7426 = CARTESIAN_POINT('',(63.034553698255,-101.6851715411));
#7427 = CARTESIAN_POINT('',(61.193096144085,-101.3177329638));
#7428 = CARTESIAN_POINT('',(60.141728871761,-101.1126603771));
#7429 = CARTESIAN_POINT('',(59.090332337742,-100.9071800326));
#7430 = CARTESIAN_POINT('',(58.039832464684,-100.6956976549));
#7431 = CARTESIAN_POINT('',(56.991678777344,-100.471935421));
#7432 = CARTESIAN_POINT('',(55.947849703545,-100.2288947626));
#7433 = CARTESIAN_POINT('',(54.910818867616,-99.95900260366));
#7434 = CARTESIAN_POINT('',(52.907446810325,-99.36529604615));
#7435 = CARTESIAN_POINT('',(51.939916275419,-99.04477747501));
#7436 = CARTESIAN_POINT('',(50.984623501988,-98.68671869401));
#7437 = CARTESIAN_POINT('',(50.046172758325,-98.28512706544));
#7438 = CARTESIAN_POINT('',(49.129721906211,-97.83489471571));
#7439 = CARTESIAN_POINT('',(48.24050053628,-97.3328453862));
#7440 = CARTESIAN_POINT('',(47.383372054259,-96.77871897871));
#7441 = CARTESIAN_POINT('',(46.199715722871,-95.90886583587));
#7442 = CARTESIAN_POINT('',(45.840427137199,-95.63001117118));
#7443 = CARTESIAN_POINT('',(45.484820807874,-95.33854106379));
#7444 = CARTESIAN_POINT('',(45.132914867254,-95.0339656634));
#7445 = CARTESIAN_POINT('',(44.784727447694,-94.71579511968));
#7446 = CARTESIAN_POINT('',(44.440276681552,-94.38353958231));
#7447 = CARTESIAN_POINT('',(44.099580701184,-94.03670920099));
#7448 = CARTESIAN_POINT('',(43.129160798774,-92.99436386076));
#7449 = CARTESIAN_POINT('',(42.529679770744,-92.28233260118));
#7450 = CARTESIAN_POINT('',(41.962601530609,-91.54319142211));
#7451 = CARTESIAN_POINT('',(41.427939837822,-90.78043167857));
#7452 = CARTESIAN_POINT('',(40.92458874163,-89.99732795118));
#7453 = CARTESIAN_POINT('',(40.449355876932,-89.19728819188));
#7454 = CARTESIAN_POINT('',(39.99777554991,-88.38379106919));
#7455 = CARTESIAN_POINT('',(39.078264805758,-86.62639643427));
#7456 = CARTESIAN_POINT('',(38.599077543727,-85.64616616721));
#7457 = CARTESIAN_POINT('',(38.128356543888,-84.62132045533));
#7458 = CARTESIAN_POINT('',(37.665318522798,-83.55396004207));
#7459 = CARTESIAN_POINT('',(37.209180197011,-82.44618567088));
#7460 = CARTESIAN_POINT('',(36.759158283086,-81.30009808517));
#7461 = CARTESIAN_POINT('',(36.314469497579,-80.11779802839));
#7462 = CARTESIAN_POINT('',(35.390177722459,-77.56333328112));
#7463 = CARTESIAN_POINT('',(34.911530200291,-76.18400512783));
#7464 = CARTESIAN_POINT('',(34.437345440279,-74.7661978736));
#7465 = CARTESIAN_POINT('',(33.966580892159,-73.31270760796));
#7466 = CARTESIAN_POINT('',(33.498194005668,-71.82633042042));
#7467 = CARTESIAN_POINT('',(33.031142230543,-70.30986240049));
#7468 = CARTESIAN_POINT('',(32.564383016519,-68.76609963768));
#7469 = CARTESIAN_POINT('',(31.586863773498,-65.48700758568));
#7470 = CARTESIAN_POINT('',(31.075961184577,-63.74702152767));
#7471 = CARTESIAN_POINT('',(30.562812532781,-61.98151013212));
#7472 = CARTESIAN_POINT('',(30.046064304321,-60.19410348371));
#7473 = CARTESIAN_POINT('',(29.524362985405,-58.38843166707));
#7474 = CARTESIAN_POINT('',(28.996355062244,-56.56812476687));
#7475 = CARTESIAN_POINT('',(28.460687021047,-54.73681286777));
#7476 = CARTESIAN_POINT('',(27.550376603999,-51.66386982089));
#7477 = CARTESIAN_POINT('',(27.18200050092,-50.43042029144));
#7478 = CARTESIAN_POINT('',(26.810106905148,-49.19801797281));
#7479 = CARTESIAN_POINT('',(26.43400782229,-47.96688614966));
#7480 = CARTESIAN_POINT('',(26.053097397198,-46.73723088457));
#7481 = CARTESIAN_POINT('',(25.666851913969,-45.50924101803));
#7482 = CARTESIAN_POINT('',(25.274829795942,-44.28308816845));
#7483 = CARTESIAN_POINT('',(24.477382230994,-41.83128740082));
#7484 = CARTESIAN_POINT('',(24.071934277541,-40.60554569517));
#7485 = CARTESIAN_POINT('',(23.660053567516,-39.38213813663));
#7486 = CARTESIAN_POINT('',(23.241465923086,-38.16150124661));
#7487 = CARTESIAN_POINT('',(22.815897166422,-36.94407154651));
#7488 = CARTESIAN_POINT('',(22.383073119693,-35.73028555773));
#7489 = CARTESIAN_POINT('',(21.942719605069,-34.5205798017));
#7490 = CARTESIAN_POINT('',(19.808337981281,-28.78077803926));
#7491 = CARTESIAN_POINT('',(18.005338578407,-24.29316844183));
#7492 = CARTESIAN_POINT('',(16.063249007369,-19.85980642649));
#7493 = CARTESIAN_POINT('',(13.958978384612,-15.49531254616));
#7494 = CARTESIAN_POINT('',(11.668193455428,-11.22188585642));
#7495 = CARTESIAN_POINT('',(9.165697061712,-7.069048629304));
#7496 = CARTESIAN_POINT('',(6.426126797967,-3.073236956733));
#7497 = CARTESIAN_POINT('',(3.427366701427,0.72409817963));
#7498 = ( GEOMETRIC_REPRESENTATION_CONTEXT(2) 
PARAMETRIC_REPRESENTATION_CONTEXT() REPRESENTATION_CONTEXT('2D SPACE',''
  ) );
#7499 = ORIENTED_EDGE('',*,*,#667,.T.);
#7500 = ORIENTED_EDGE('',*,*,#1022,.F.);
#7501 = ORIENTED_EDGE('',*,*,#7502,.F.);
#7502 = EDGE_CURVE('',#7503,#984,#7505,.T.);
#7503 = VERTEX_POINT('',#7504);
#7504 = CARTESIAN_POINT('',(102.,-40.63007755677,13.));
#7505 = SURFACE_CURVE('',#7506,(#7512,#7521),.PCURVE_S1.);
#7506 = B_SPLINE_CURVE_WITH_KNOTS('',4,(#7507,#7508,#7509,#7510,#7511),
  .UNSPECIFIED.,.F.,.F.,(5,5),(0.,1.),.PIECEWISE_BEZIER_KNOTS.);
#7507 = CARTESIAN_POINT('',(102.,-40.63007755677,13.));
#7508 = CARTESIAN_POINT('',(102.,-40.41835891967,14.250052908197));
#7509 = CARTESIAN_POINT('',(102.,-40.20645294939,15.500074013649));
#7510 = CARTESIAN_POINT('',(102.,-39.99433036437,16.750058327009));
#7511 = CARTESIAN_POINT('',(102.,-39.78195710797,18.));
#7512 = PCURVE('',#705,#7513);
#7513 = DEFINITIONAL_REPRESENTATION('',(#7514),#7520);
#7514 = B_SPLINE_CURVE_WITH_KNOTS('',4,(#7515,#7516,#7517,#7518,#7519),
  .UNSPECIFIED.,.F.,.F.,(5,5),(0.,1.),.PIECEWISE_BEZIER_KNOTS.);
#7515 = CARTESIAN_POINT('',(21.208577737239,0.689440993789));
#7516 = CARTESIAN_POINT('',(21.213374727946,0.767084031565));
#7517 = CARTESIAN_POINT('',(21.218222950884,0.844725094015));
#7518 = CARTESIAN_POINT('',(21.223123826867,0.922363871243));
#7519 = CARTESIAN_POINT('',(21.228078885016,1.));
#7520 = ( GEOMETRIC_REPRESENTATION_CONTEXT(2) 
PARAMETRIC_REPRESENTATION_CONTEXT() REPRESENTATION_CONTEXT('2D SPACE',''
  ) );
#7521 = PCURVE('',#1007,#7522);
#7522 = DEFINITIONAL_REPRESENTATION('',(#7523),#7529);
#7523 = B_SPLINE_CURVE_WITH_KNOTS('',4,(#7524,#7525,#7526,#7527,#7528),
  .UNSPECIFIED.,.F.,.F.,(5,5),(0.,1.),.PIECEWISE_BEZIER_KNOTS.);
#7524 = CARTESIAN_POINT('',(0.,-3.369922443226));
#7525 = CARTESIAN_POINT('',(1.250052908197,-3.581641080326));
#7526 = CARTESIAN_POINT('',(2.500074013649,-3.793547050606));
#7527 = CARTESIAN_POINT('',(3.750058327009,-4.005669635626));
#7528 = CARTESIAN_POINT('',(5.,-4.218042892025));
#7529 = ( GEOMETRIC_REPRESENTATION_CONTEXT(2) 
PARAMETRIC_REPRESENTATION_CONTEXT() REPRESENTATION_CONTEXT('2D SPACE',''
  ) );
#7530 = ORIENTED_EDGE('',*,*,#7531,.T.);
#7531 = EDGE_CURVE('',#7503,#7532,#7534,.T.);
#7532 = VERTEX_POINT('',#7533);
#7533 = CARTESIAN_POINT('',(89.,-39.93639473578,13.));
#7534 = SURFACE_CURVE('',#7535,(#7580,#7628),.PCURVE_S1.);
#7535 = B_SPLINE_CURVE_WITH_KNOTS('',7,(#7536,#7537,#7538,#7539,#7540,
    #7541,#7542,#7543,#7544,#7545,#7546,#7547,#7548,#7549,#7550,#7551,
    #7552,#7553,#7554,#7555,#7556,#7557,#7558,#7559,#7560,#7561,#7562,
    #7563,#7564,#7565,#7566,#7567,#7568,#7569,#7570,#7571,#7572,#7573,
    #7574,#7575,#7576,#7577,#7578,#7579),.UNSPECIFIED.,.F.,.F.,(8,6,6,6,
    6,6,6,8),(0.,8.185156070131E-02,0.143489610911,0.202062087246,
    0.402110498829,0.681989015305,0.820865510512,1.),.UNSPECIFIED.);
#7536 = CARTESIAN_POINT('',(102.,-40.63007755677,13.));
#7537 = CARTESIAN_POINT('',(101.36960243674,-40.59195069157,13.));
#7538 = CARTESIAN_POINT('',(100.73935521217,-40.55123517989,13.));
#7539 = CARTESIAN_POINT('',(100.10919608132,-40.50898107509,13.));
#7540 = CARTESIAN_POINT('',(99.479073250903,-40.46603996649,13.));
#7541 = CARTESIAN_POINT('',(98.848941902146,-40.42311654688,13.));
#7542 = CARTESIAN_POINT('',(98.21876178536,-40.38080416708,13.));
#7543 = CARTESIAN_POINT('',(97.113876210846,-40.30857901089,13.));
#7544 = CARTESIAN_POINT('',(96.639210618785,-40.27818489085,13.));
#7545 = CARTESIAN_POINT('',(96.164486215745,-40.24863615137,13.));
#7546 = CARTESIAN_POINT('',(95.68969348841,-40.22011883802,13.));
#7547 = CARTESIAN_POINT('',(95.214826063131,-40.1927948622,13.));
#7548 = CARTESIAN_POINT('',(94.739880464857,-40.16680595545,13.));
#7549 = CARTESIAN_POINT('',(93.81345667716,-40.11896921049,13.));
#7550 = CARTESIAN_POINT('',(93.361985845422,-40.09698848491,13.));
#7551 = CARTESIAN_POINT('',(92.910452301378,-40.07625177629,13.));
#7552 = CARTESIAN_POINT('',(92.458863931444,-40.05668233686,13.));
#7553 = CARTESIAN_POINT('',(92.007227364116,-40.03821275796,13.));
#7554 = CARTESIAN_POINT('',(91.555548015002,-40.02078387042,13.));
#7555 = CARTESIAN_POINT('',(89.561034246348,-39.94817818154,13.));
#7556 = CARTESIAN_POINT('',(88.017808617519,-39.903510153,13.));
#7557 = CARTESIAN_POINT('',(86.474307747105,-39.86815491093,13.));
#7558 = CARTESIAN_POINT('',(84.930638726457,-39.84068448087,13.));
#7559 = CARTESIAN_POINT('',(83.386872535856,-39.8199665361,13.));
#7560 = CARTESIAN_POINT('',(81.843044949467,-39.80511088873,13.));
#7561 = CARTESIAN_POINT('',(78.139179787028,-39.78174480621,13.));
#7562 = CARTESIAN_POINT('',(75.979128033412,-39.77813271328,13.));
#7563 = CARTESIAN_POINT('',(73.819057977235,-39.78249742501,13.));
#7564 = CARTESIAN_POINT('',(71.659006569138,-39.79337708227,13.));
#7565 = CARTESIAN_POINT('',(69.498993360718,-39.80955065479,13.));
#7566 = CARTESIAN_POINT('',(67.339020273767,-39.82997263868,13.));
#7567 = CARTESIAN_POINT('',(64.107299043555,-39.86544351908,13.));
#7568 = CARTESIAN_POINT('',(63.035534860009,-39.87801602476,13.));
#7569 = CARTESIAN_POINT('',(61.963778606252,-39.8912799184,13.));
#7570 = CARTESIAN_POINT('',(60.892029678973,-39.90512283965,13.));
#7571 = CARTESIAN_POINT('',(59.820287266263,-39.91943556504,13.));
#7572 = CARTESIAN_POINT('',(58.748550326585,-39.93410999961,13.));
#7573 = CARTESIAN_POINT('',(56.294407244527,-39.96829147658,13.));
#7574 = CARTESIAN_POINT('',(54.91200427074,-39.98796651581,13.));
#7575 = CARTESIAN_POINT('',(53.529605675622,-40.007827638,13.));
#7576 = CARTESIAN_POINT('',(52.147208676058,-40.02763948787,13.));
#7577 = CARTESIAN_POINT('',(50.764810570181,-40.04715667218,13.));
#7578 = CARTESIAN_POINT('',(49.382408630997,-40.06611442868,13.));
#7579 = CARTESIAN_POINT('',(48.,-40.0842192951,13.));
#7580 = PCURVE('',#705,#7581);
#7581 = DEFINITIONAL_REPRESENTATION('',(#7582),#7627);
#7582 = B_SPLINE_CURVE_WITH_KNOTS('',7,(#7583,#7584,#7585,#7586,#7587,
    #7588,#7589,#7590,#7591,#7592,#7593,#7594,#7595,#7596,#7597,#7598,
    #7599,#7600,#7601,#7602,#7603,#7604,#7605,#7606,#7607,#7608,#7609,
    #7610,#7611,#7612,#7613,#7614,#7615,#7616,#7617,#7618,#7619,#7620,
    #7621,#7622,#7623,#7624,#7625,#7626),.UNSPECIFIED.,.F.,.F.,(8,6,6,6,
    6,6,6,8),(0.,8.185156070131E-02,0.143489610911,0.202062087246,
    0.402110498829,0.681989015305,0.820865510512,1.),.UNSPECIFIED.);
#7583 = CARTESIAN_POINT('',(21.20857773645,0.689440993789));
#7584 = CARTESIAN_POINT('',(21.189749023359,0.689440993789));
#7585 = CARTESIAN_POINT('',(21.171345585421,0.689440993789));
#7586 = CARTESIAN_POINT('',(21.153340671433,0.689440993789));
#7587 = CARTESIAN_POINT('',(21.135710683737,0.689440993789));
#7588 = CARTESIAN_POINT('',(21.118434536346,0.689440993789));
#7589 = CARTESIAN_POINT('',(21.101493186302,0.689440993789));
#7590 = CARTESIAN_POINT('',(21.072350803886,0.689440993789));
#7591 = CARTESIAN_POINT('',(21.060012388862,0.689440993789));
#7592 = CARTESIAN_POINT('',(21.04784678374,0.689440993789));
#7593 = CARTESIAN_POINT('',(21.035847283248,0.689440993789));
#7594 = CARTESIAN_POINT('',(21.024007719554,0.689440993789));
#7595 = CARTESIAN_POINT('',(21.012322395495,0.689440993789));
#7596 = CARTESIAN_POINT('',(20.989823402906,0.689440993789));
#7597 = CARTESIAN_POINT('',(20.978995497167,0.689440993789));
#7598 = CARTESIAN_POINT('',(20.968293317441,0.689440993789));
#7599 = CARTESIAN_POINT('',(20.957708901107,0.689440993789));
#7600 = CARTESIAN_POINT('',(20.947235168152,0.689440993789));
#7601 = CARTESIAN_POINT('',(20.936865759658,0.689440993789));
#7602 = CARTESIAN_POINT('',(20.891515601294,0.689440993789));
#7603 = CARTESIAN_POINT('',(20.857585757647,0.689440993789));
#7604 = CARTESIAN_POINT('',(20.824573681945,0.689440993789));
#7605 = CARTESIAN_POINT('',(20.792327006194,0.689440993789));
#7606 = CARTESIAN_POINT('',(20.760723945935,0.689440993789));
#7607 = CARTESIAN_POINT('',(20.72966756988,0.689440993789));
#7608 = CARTESIAN_POINT('',(20.656275015797,0.689440993789));
#7609 = CARTESIAN_POINT('',(20.614383988522,0.689440993789));
#7610 = CARTESIAN_POINT('',(20.573177562742,0.689440993789));
#7611 = CARTESIAN_POINT('',(20.532490729457,0.689440993789));
#7612 = CARTESIAN_POINT('',(20.492182031853,0.689440993789));
#7613 = CARTESIAN_POINT('',(20.452126131604,0.689440993789));
#7614 = CARTESIAN_POINT('',(20.392392694153,0.689440993789));
#7615 = CARTESIAN_POINT('',(20.372615295391,0.689440993789));
#7616 = CARTESIAN_POINT('',(20.352855928959,0.689440993789));
#7617 = CARTESIAN_POINT('',(20.333100297245,0.689440993789));
#7618 = CARTESIAN_POINT('',(20.313334191942,0.689440993789));
#7619 = CARTESIAN_POINT('',(20.293543231676,0.689440993789));
#7620 = CARTESIAN_POINT('',(20.248133396039,0.689440993789));
#7621 = CARTESIAN_POINT('',(20.222488233723,0.689440993789));
#7622 = CARTESIAN_POINT('',(20.196745153695,0.689440993789));
#7623 = CARTESIAN_POINT('',(20.170871289113,0.689440993789));
#7624 = CARTESIAN_POINT('',(20.14483144363,0.689440993789));
#7625 = CARTESIAN_POINT('',(20.118586669731,0.689440993789));
#7626 = CARTESIAN_POINT('',(20.09209284707,0.689440993789));
#7627 = ( GEOMETRIC_REPRESENTATION_CONTEXT(2) 
PARAMETRIC_REPRESENTATION_CONTEXT() REPRESENTATION_CONTEXT('2D SPACE',''
  ) );
#7628 = PCURVE('',#5490,#7629);
#7629 = DEFINITIONAL_REPRESENTATION('',(#7630),#7675);
#7630 = B_SPLINE_CURVE_WITH_KNOTS('',7,(#7631,#7632,#7633,#7634,#7635,
    #7636,#7637,#7638,#7639,#7640,#7641,#7642,#7643,#7644,#7645,#7646,
    #7647,#7648,#7649,#7650,#7651,#7652,#7653,#7654,#7655,#7656,#7657,
    #7658,#7659,#7660,#7661,#7662,#7663,#7664,#7665,#7666,#7667,#7668,
    #7669,#7670,#7671,#7672,#7673,#7674),.UNSPECIFIED.,.F.,.F.,(8,6,6,6,
    6,6,6,8),(0.,8.185156070131E-02,0.143489610911,0.202062087246,
    0.402110498829,0.681989015305,0.820865510512,1.),.UNSPECIFIED.);
#7631 = CARTESIAN_POINT('',(54.,3.369922443226));
#7632 = CARTESIAN_POINT('',(53.369602436747,3.408049308426));
#7633 = CARTESIAN_POINT('',(52.739355212174,3.448764820102));
#7634 = CARTESIAN_POINT('',(52.109196081329,3.491018924909));
#7635 = CARTESIAN_POINT('',(51.479073250903,3.533960033506));
#7636 = CARTESIAN_POINT('',(50.848941902146,3.576883453112));
#7637 = CARTESIAN_POINT('',(50.21876178536,3.619195832917));
#7638 = CARTESIAN_POINT('',(49.113876210846,3.691420989102));
#7639 = CARTESIAN_POINT('',(48.639210618785,3.72181510915));
#7640 = CARTESIAN_POINT('',(48.164486215745,3.751363848623));
#7641 = CARTESIAN_POINT('',(47.68969348841,3.779881161979));
#7642 = CARTESIAN_POINT('',(47.214826063131,3.807205137793));
#7643 = CARTESIAN_POINT('',(46.739880464857,3.833194044545));
#7644 = CARTESIAN_POINT('',(45.81345667716,3.881030789509));
#7645 = CARTESIAN_POINT('',(45.361985845422,3.903011515086));
#7646 = CARTESIAN_POINT('',(44.910452301378,3.923748223703));
#7647 = CARTESIAN_POINT('',(44.458863931444,3.943317663131));
#7648 = CARTESIAN_POINT('',(44.007227364116,3.961787242035));
#7649 = CARTESIAN_POINT('',(43.555548015002,3.979216129578));
#7650 = CARTESIAN_POINT('',(41.561034246348,4.051821818457));
#7651 = CARTESIAN_POINT('',(40.017808617519,4.096489846998));
#7652 = CARTESIAN_POINT('',(38.474307747105,4.131845089068));
#7653 = CARTESIAN_POINT('',(36.930638726457,4.159315519123));
#7654 = CARTESIAN_POINT('',(35.386872535856,4.1800334639));
#7655 = CARTESIAN_POINT('',(33.843044949467,4.194889111269));
#7656 = CARTESIAN_POINT('',(30.139179787028,4.218255193787));
#7657 = CARTESIAN_POINT('',(27.979128033412,4.221867286714));
#7658 = CARTESIAN_POINT('',(25.819057977235,4.217502574982));
#7659 = CARTESIAN_POINT('',(23.659006569138,4.206622917729));
#7660 = CARTESIAN_POINT('',(21.498993360718,4.190449345201));
#7661 = CARTESIAN_POINT('',(19.339020273767,4.170027361314));
#7662 = CARTESIAN_POINT('',(16.107299043555,4.134556480913));
#7663 = CARTESIAN_POINT('',(15.035534860009,4.121983975232));
#7664 = CARTESIAN_POINT('',(13.963778606252,4.108720081593));
#7665 = CARTESIAN_POINT('',(12.892029678973,4.094877160343));
#7666 = CARTESIAN_POINT('',(11.820287266263,4.08056443496));
#7667 = CARTESIAN_POINT('',(10.748550326585,4.065890000384));
#7668 = CARTESIAN_POINT('',(8.294407244527,4.031708523415));
#7669 = CARTESIAN_POINT('',(6.91200427074,4.012033484184));
#7670 = CARTESIAN_POINT('',(5.529605675622,3.992172361996));
#7671 = CARTESIAN_POINT('',(4.147208676058,3.972360512126));
#7672 = CARTESIAN_POINT('',(2.764810570181,3.952843327818));
#7673 = CARTESIAN_POINT('',(1.382408630997,3.933885571314));
#7674 = CARTESIAN_POINT('',(0.,3.915780704891));
#7675 = ( GEOMETRIC_REPRESENTATION_CONTEXT(2) 
PARAMETRIC_REPRESENTATION_CONTEXT() REPRESENTATION_CONTEXT('2D SPACE',''
  ) );
#7676 = ORIENTED_EDGE('',*,*,#7677,.F.);
#7677 = EDGE_CURVE('',#7678,#7532,#7680,.T.);
#7678 = VERTEX_POINT('',#7679);
#7679 = CARTESIAN_POINT('',(89.,-40.45582154265,10.));
#7680 = SURFACE_CURVE('',#7681,(#7687,#7696),.PCURVE_S1.);
#7681 = B_SPLINE_CURVE_WITH_KNOTS('',4,(#7682,#7683,#7684,#7685,#7686),
  .UNSPECIFIED.,.F.,.F.,(5,5),(0.,1.),.PIECEWISE_BEZIER_KNOTS.);
#7682 = CARTESIAN_POINT('',(89.,-40.45582154265,10.));
#7683 = CARTESIAN_POINT('',(89.,-40.10941963475,11.99994206694));
#7684 = CARTESIAN_POINT('',(89.,-39.76323486442,13.999921466511));
#7685 = CARTESIAN_POINT('',(89.,-39.41727828083,15.999940062169));
#7686 = CARTESIAN_POINT('',(89.,-39.07156265303,18.));
#7687 = PCURVE('',#705,#7688);
#7688 = DEFINITIONAL_REPRESENTATION('',(#7689),#7695);
#7689 = B_SPLINE_CURVE_WITH_KNOTS('',4,(#7690,#7691,#7692,#7693,#7694),
  .UNSPECIFIED.,.F.,.F.,(5,5),(0.,1.),.PIECEWISE_BEZIER_KNOTS.);
#7690 = CARTESIAN_POINT('',(20.872294026979,0.503105590062));
#7691 = CARTESIAN_POINT('',(20.877150609258,0.62732559422));
#7692 = CARTESIAN_POINT('',(20.882061865327,0.751547917175));
#7693 = CARTESIAN_POINT('',(20.887029815938,0.875772674669));
#7694 = CARTESIAN_POINT('',(20.892056758208,1.));
#7695 = ( GEOMETRIC_REPRESENTATION_CONTEXT(2) 
PARAMETRIC_REPRESENTATION_CONTEXT() REPRESENTATION_CONTEXT('2D SPACE',''
  ) );
#7696 = PCURVE('',#7697,#7702);
#7697 = PLANE('',#7698);
#7698 = AXIS2_PLACEMENT_3D('',#7699,#7700,#7701);
#7699 = CARTESIAN_POINT('',(89.,-41.,10.));
#7700 = DIRECTION('',(1.,0.,0.));
#7701 = DIRECTION('',(0.,0.,1.));
#7702 = DEFINITIONAL_REPRESENTATION('',(#7703),#7709);
#7703 = B_SPLINE_CURVE_WITH_KNOTS('',4,(#7704,#7705,#7706,#7707,#7708),
  .UNSPECIFIED.,.F.,.F.,(5,5),(0.,1.),.PIECEWISE_BEZIER_KNOTS.);
#7704 = CARTESIAN_POINT('',(0.,-0.544178457341));
#7705 = CARTESIAN_POINT('',(1.99994206694,-0.890580365244));
#7706 = CARTESIAN_POINT('',(3.999921466511,-1.236765135571));
#7707 = CARTESIAN_POINT('',(5.999940062169,-1.582721719166));
#7708 = CARTESIAN_POINT('',(8.,-1.928437346966));
#7709 = ( GEOMETRIC_REPRESENTATION_CONTEXT(2) 
PARAMETRIC_REPRESENTATION_CONTEXT() REPRESENTATION_CONTEXT('2D SPACE',''
  ) );
#7710 = ORIENTED_EDGE('',*,*,#7711,.T.);
#7711 = EDGE_CURVE('',#7678,#7712,#7714,.T.);
#7712 = VERTEX_POINT('',#7713);
#7713 = CARTESIAN_POINT('',(-89.,-40.4418995677,10.));
#7714 = SURFACE_CURVE('',#7715,(#7802,#7892),.PCURVE_S1.);
#7715 = B_SPLINE_CURVE_WITH_KNOTS('',8,(#7716,#7717,#7718,#7719,#7720,
    #7721,#7722,#7723,#7724,#7725,#7726,#7727,#7728,#7729,#7730,#7731,
    #7732,#7733,#7734,#7735,#7736,#7737,#7738,#7739,#7740,#7741,#7742,
    #7743,#7744,#7745,#7746,#7747,#7748,#7749,#7750,#7751,#7752,#7753,
    #7754,#7755,#7756,#7757,#7758,#7759,#7760,#7761,#7762,#7763,#7764,
    #7765,#7766,#7767,#7768,#7769,#7770,#7771,#7772,#7773,#7774,#7775,
    #7776,#7777,#7778,#7779,#7780,#7781,#7782,#7783,#7784,#7785,#7786,
    #7787,#7788,#7789,#7790,#7791,#7792,#7793,#7794,#7795,#7796,#7797,
    #7798,#7799,#7800,#7801),.UNSPECIFIED.,.F.,.F.,(9,7,7,7,7,7,7,7,7,7,
    7,7,9),(0.,8.589799949243E-02,0.180700156602,0.234565327351,
    0.310839723253,0.383048262298,0.464887654046,0.505012513598,
    0.545137386479,0.739924636328,0.803998376604,0.904525548376,1.),
  .UNSPECIFIED.);
#7716 = CARTESIAN_POINT('',(89.,-40.45582154265,10.));
#7717 = CARTESIAN_POINT('',(86.941400573864,-40.39966148961,10.));
#7718 = CARTESIAN_POINT('',(84.882357614842,-40.35976912888,10.));
#7719 = CARTESIAN_POINT('',(82.823055958893,-40.33257701127,10.));
#7720 = CARTESIAN_POINT('',(80.763626286586,-40.31583947217,10.));
#7721 = CARTESIAN_POINT('',(78.704156802164,-40.30778644178,10.));
#7722 = CARTESIAN_POINT('',(76.644693241388,-40.30704751184,10.));
#7723 = CARTESIAN_POINT('',(74.585242191811,-40.31246141704,10.));
#7724 = CARTESIAN_POINT('',(70.252815722938,-40.3347015995,10.));
#7725 = CARTESIAN_POINT('',(67.979889301385,-40.35265205563,10.));
#7726 = CARTESIAN_POINT('',(65.706998727521,-40.37554506431,10.));
#7727 = CARTESIAN_POINT('',(63.434147412576,-40.40227194807,10.));
#7728 = CARTESIAN_POINT('',(61.161334061389,-40.43183849508,10.));
#7729 = CARTESIAN_POINT('',(58.888552058165,-40.46330399516,10.));
#7730 = CARTESIAN_POINT('',(56.615788983115,-40.49573448016,10.));
#7731 = CARTESIAN_POINT('',(53.051675802983,-40.54653448743,10.));
#7732 = CARTESIAN_POINT('',(51.766092895659,-40.56484643398,10.));
#7733 = CARTESIAN_POINT('',(50.487578915772,-40.58286240842,10.));
#7734 = CARTESIAN_POINT('',(49.21743562285,-40.60038035908,10.));
#7735 = CARTESIAN_POINT('',(47.956964776422,-40.61719823432,10.));
#7736 = CARTESIAN_POINT('',(46.707468136014,-40.63311398247,10.));
#7737 = CARTESIAN_POINT('',(45.470247461155,-40.64792555189,10.));
#7738 = CARTESIAN_POINT('',(42.513896241868,-40.68055478044,10.));
#7739 = CARTESIAN_POINT('',(40.781173567132,-40.69731505733,10.));
#7740 = CARTESIAN_POINT('',(39.048433818328,-40.71111592264,10.));
#7741 = CARTESIAN_POINT('',(37.315693534729,-40.72298987896,10.));
#7742 = CARTESIAN_POINT('',(35.58294504149,-40.73193036113,10.));
#7743 = CARTESIAN_POINT('',(33.850202797268,-40.73884475162,10.));
#7744 = CARTESIAN_POINT('',(32.117465114048,-40.74345073366,10.));
#7745 = CARTESIAN_POINT('',(28.744375272635,-40.74847993603,10.));
#7746 = CARTESIAN_POINT('',(27.127340144588,-40.74906256119,10.));
#7747 = CARTESIAN_POINT('',(25.532099795634,-40.74801204448,10.));
#7748 = CARTESIAN_POINT('',(23.957121288503,-40.74555836358,10.));
#7749 = CARTESIAN_POINT('',(22.400871685925,-40.74193149619,10.));
#7750 = CARTESIAN_POINT('',(20.861818050631,-40.73736142001,10.));
#7751 = CARTESIAN_POINT('',(19.33842744535,-40.73207811273,10.));
#7752 = CARTESIAN_POINT('',(16.11860798827,-40.71977587321,10.));
#7753 = CARTESIAN_POINT('',(14.40806277918,-40.7125501784,10.));
#7754 = CARTESIAN_POINT('',(12.697528582966,-40.70495202019,10.));
#7755 = CARTESIAN_POINT('',(10.987002699512,-40.697333077,10.));
#7756 = CARTESIAN_POINT('',(9.276482472468,-40.69007451712,10.));
#7757 = CARTESIAN_POINT('',(7.565965342014,-40.68357901133,10.));
#7758 = CARTESIAN_POINT('',(5.855448929064,-40.67825939422,10.));
#7759 = CARTESIAN_POINT('',(3.306285064457,-40.67269254281,10.));
#7760 = CARTESIAN_POINT('',(2.468792939278,-40.67121620063,10.));
#7761 = CARTESIAN_POINT('',(1.632153684212,-40.67018876022,10.));
#7762 = CARTESIAN_POINT('',(0.796064441049,-40.669672701,10.));
#7763 = CARTESIAN_POINT('',(-3.977941544774E-02,-40.66969916896,10.));
#7764 = CARTESIAN_POINT('',(-0.875684277547,-40.67026797673,10.));
#7765 = CARTESIAN_POINT('',(-1.711958304543,-40.67134760351,10.));
#7766 = CARTESIAN_POINT('',(-3.385864819002,-40.67440278727,10.));
#7767 = CARTESIAN_POINT('',(-4.223497329727,-40.67637531308,10.));
#7768 = CARTESIAN_POINT('',(-5.062117704477,-40.67874553336,10.));
#7769 = CARTESIAN_POINT('',(-5.902034692795,-40.68146620892,10.));
#7770 = CARTESIAN_POINT('',(-6.743557044222,-40.68449010053,10.));
#7771 = CARTESIAN_POINT('',(-7.586993508301,-40.68776996901,10.));
#7772 = CARTESIAN_POINT('',(-8.432652834574,-40.69125857513,10.));
#7773 = CARTESIAN_POINT('',(-13.39840897088,-40.71262820826,10.));
#7774 = CARTESIAN_POINT('',(-17.51598790486,-40.7338957738,10.));
#7775 = CARTESIAN_POINT('',(-21.63364236839,-40.75298457069,10.));
#7776 = CARTESIAN_POINT('',(-25.75140498974,-40.76464806872,10.));
#7777 = CARTESIAN_POINT('',(-29.86927293683,-40.76521964902,10.));
#7778 = CARTESIAN_POINT('',(-33.98720779499,-40.75252605506,10.));
#7779 = CARTESIAN_POINT('',(-38.10513808277,-40.72534641647,10.));
#7780 = CARTESIAN_POINT('',(-43.57748642639,-40.66926796289,10.));
#7781 = CARTESIAN_POINT('',(-44.95121526555,-40.6534714641,10.));
#7782 = CARTESIAN_POINT('',(-46.342410953,-40.63588817962,10.));
#7783 = CARTESIAN_POINT('',(-47.74928840808,-40.61677728171,10.));
#7784 = CARTESIAN_POINT('',(-49.17001356493,-40.5964737292,10.));
#7785 = CARTESIAN_POINT('',(-50.60270303262,-40.57533395457,10.));
#7786 = CARTESIAN_POINT('',(-52.0454237553,-40.55368155113,10.));
#7787 = CARTESIAN_POINT('',(-55.77234660839,-40.49734855009,10.));
#7788 = CARTESIAN_POINT('',(-58.04849674119,-40.46263072891,10.));
#7789 = CARTESIAN_POINT('',(-60.32466436712,-40.42867530362,10.));
#7790 = CARTESIAN_POINT('',(-62.60086393512,-40.39647267155,10.));
#7791 = CARTESIAN_POINT('',(-64.87710397506,-40.36701033199,10.));
#7792 = CARTESIAN_POINT('',(-67.15338768621,-40.34132351014,10.));
#7793 = CARTESIAN_POINT('',(-69.42971364705,-40.3205575145,10.));
#7794 = CARTESIAN_POINT('',(-73.86802545835,-40.29234078218,10.));
#7795 = CARTESIAN_POINT('',(-76.02994811886,-40.28427408134,10.));
#7796 = CARTESIAN_POINT('',(-78.19189406738,-40.28305812667,10.));
#7797 = CARTESIAN_POINT('',(-80.35386056254,-40.29006750263,10.));
#7798 = CARTESIAN_POINT('',(-82.51579369139,-40.30692188899,10.));
#7799 = CARTESIAN_POINT('',(-84.67758342601,-40.33575099781,10.));
#7800 = CARTESIAN_POINT('',(-86.83906454089,-40.3792556488,10.));
#7801 = CARTESIAN_POINT('',(-89.,-40.4418995677,10.));
#7802 = PCURVE('',#705,#7803);
#7803 = DEFINITIONAL_REPRESENTATION('',(#7804),#7891);
#7804 = B_SPLINE_CURVE_WITH_KNOTS('',8,(#7805,#7806,#7807,#7808,#7809,
    #7810,#7811,#7812,#7813,#7814,#7815,#7816,#7817,#7818,#7819,#7820,
    #7821,#7822,#7823,#7824,#7825,#7826,#7827,#7828,#7829,#7830,#7831,
    #7832,#7833,#7834,#7835,#7836,#7837,#7838,#7839,#7840,#7841,#7842,
    #7843,#7844,#7845,#7846,#7847,#7848,#7849,#7850,#7851,#7852,#7853,
    #7854,#7855,#7856,#7857,#7858,#7859,#7860,#7861,#7862,#7863,#7864,
    #7865,#7866,#7867,#7868,#7869,#7870,#7871,#7872,#7873,#7874,#7875,
    #7876,#7877,#7878,#7879,#7880,#7881,#7882,#7883,#7884,#7885,#7886,
    #7887,#7888,#7889,#7890),.UNSPECIFIED.,.F.,.F.,(9,7,7,7,7,7,7,7,7,7,
    7,7,9),(0.,8.589799949243E-02,0.180700156602,0.234565327351,
    0.310839723253,0.383048262298,0.464887654046,0.505012513598,
    0.545137386479,0.739924636328,0.803998376604,0.904525548376,1.),
  .UNSPECIFIED.);
#7805 = CARTESIAN_POINT('',(20.872294026979,0.503105590062));
#7806 = CARTESIAN_POINT('',(20.827533107124,0.503105590062));
#7807 = CARTESIAN_POINT('',(20.784370152731,0.503105590062));
#7808 = CARTESIAN_POINT('',(20.742424992026,0.503105590062));
#7809 = CARTESIAN_POINT('',(20.701456252316,0.503105590062));
#7810 = CARTESIAN_POINT('',(20.661271472643,0.503105590062));
#7811 = CARTESIAN_POINT('',(20.62171890253,0.503105590062));
#7812 = CARTESIAN_POINT('',(20.582667089866,0.503105590062));
#7813 = CARTESIAN_POINT('',(20.501324692657,0.503105590062));
#7814 = CARTESIAN_POINT('',(20.459118967146,0.503105590062));
#7815 = CARTESIAN_POINT('',(20.417227524144,0.503105590062));
#7816 = CARTESIAN_POINT('',(20.375517355298,0.503105590062));
#7817 = CARTESIAN_POINT('',(20.333864627015,0.503105590062));
#7818 = CARTESIAN_POINT('',(20.292147504222,0.503105590062));
#7819 = CARTESIAN_POINT('',(20.250239757881,0.503105590062));
#7820 = CARTESIAN_POINT('',(20.184,0.503105590062));
#7821 = CARTESIAN_POINT('',(20.16,0.503105590062));
#7822 = CARTESIAN_POINT('',(20.136,0.503105590062));
#7823 = CARTESIAN_POINT('',(20.112,0.503105590062));
#7824 = CARTESIAN_POINT('',(20.088,0.503105590062));
#7825 = CARTESIAN_POINT('',(20.064,0.503105590062));
#7826 = CARTESIAN_POINT('',(20.04,0.503105590062));
#7827 = CARTESIAN_POINT('',(19.982015414484,0.503105590062));
#7828 = CARTESIAN_POINT('',(19.947490431513,0.503105590062));
#7829 = CARTESIAN_POINT('',(19.912331352312,0.503105590062));
#7830 = CARTESIAN_POINT('',(19.876667699076,0.503105590062));
#7831 = CARTESIAN_POINT('',(19.840348509595,0.503105590062));
#7832 = CARTESIAN_POINT('',(19.803485515927,0.503105590062));
#7833 = CARTESIAN_POINT('',(19.766027057309,0.503105590062));
#7834 = CARTESIAN_POINT('',(19.692,0.503105590062));
#7835 = CARTESIAN_POINT('',(19.656,0.503105590062));
#7836 = CARTESIAN_POINT('',(19.62,0.503105590062));
#7837 = CARTESIAN_POINT('',(19.584,0.503105590062));
#7838 = CARTESIAN_POINT('',(19.548,0.503105590062));
#7839 = CARTESIAN_POINT('',(19.512,0.503105590062));
#7840 = CARTESIAN_POINT('',(19.476,0.503105590062));
#7841 = CARTESIAN_POINT('',(19.399198480652,0.503105590062));
#7842 = CARTESIAN_POINT('',(19.357964347208,0.503105590062));
#7843 = CARTESIAN_POINT('',(19.316334696326,0.503105590062));
#7844 = CARTESIAN_POINT('',(19.274353339095,0.503105590062));
#7845 = CARTESIAN_POINT('',(19.23207074062,0.503105590062));
#7846 = CARTESIAN_POINT('',(19.189543292097,0.503105590062));
#7847 = CARTESIAN_POINT('',(19.146831915375,0.503105590062));
#7848 = CARTESIAN_POINT('',(19.083000032233,0.503105590062));
#7849 = CARTESIAN_POINT('',(19.062000027805,0.503105590062));
#7850 = CARTESIAN_POINT('',(19.041000008566,0.503105590062));
#7851 = CARTESIAN_POINT('',(19.019999989867,0.503105590062));
#7852 = CARTESIAN_POINT('',(18.998999980559,0.503105590062));
#7853 = CARTESIAN_POINT('',(18.977999982994,0.503105590062));
#7854 = CARTESIAN_POINT('',(18.956999993024,0.503105590062));
#7855 = CARTESIAN_POINT('',(18.915,0.503105590062));
#7856 = CARTESIAN_POINT('',(18.894,0.503105590062));
#7857 = CARTESIAN_POINT('',(18.873,0.503105590062));
#7858 = CARTESIAN_POINT('',(18.852,0.503105590062));
#7859 = CARTESIAN_POINT('',(18.831,0.503105590062));
#7860 = CARTESIAN_POINT('',(18.81,0.503105590062));
#7861 = CARTESIAN_POINT('',(18.789,0.503105590062));
#7862 = CARTESIAN_POINT('',(18.666054948138,0.503105590062));
#7863 = CARTESIAN_POINT('',(18.565586630085,0.503105590062));
#7864 = CARTESIAN_POINT('',(18.467393213122,0.503105590062));
#7865 = CARTESIAN_POINT('',(18.372105046439,0.503105590062));
#7866 = CARTESIAN_POINT('',(18.280063703653,0.503105590062));
#7867 = CARTESIAN_POINT('',(18.191382291837,0.503105590062));
#7868 = CARTESIAN_POINT('',(18.106057017509,0.503105590062));
#7869 = CARTESIAN_POINT('',(17.997007986756,0.503105590062));
#7870 = CARTESIAN_POINT('',(17.969999365995,0.503105590062));
#7871 = CARTESIAN_POINT('',(17.942994421799,0.503105590062));
#7872 = CARTESIAN_POINT('',(17.915997159204,0.503105590062));
#7873 = CARTESIAN_POINT('',(17.889002531721,0.503105590062));
#7874 = CARTESIAN_POINT('',(17.862003668851,0.503105590062));
#7875 = CARTESIAN_POINT('',(17.8349991036,0.503105590062));
#7876 = CARTESIAN_POINT('',(17.765640313901,0.503105590062));
#7877 = CARTESIAN_POINT('',(17.723653874472,0.503105590062));
#7878 = CARTESIAN_POINT('',(17.681893534862,0.503105590062));
#7879 = CARTESIAN_POINT('',(17.640229641694,0.503105590062));
#7880 = CARTESIAN_POINT('',(17.598538367084,0.503105590062));
#7881 = CARTESIAN_POINT('',(17.556694973299,0.503105590062));
#7882 = CARTESIAN_POINT('',(17.514566704494,0.503105590062));
#7883 = CARTESIAN_POINT('',(17.431572793131,0.503105590062));
#7884 = CARTESIAN_POINT('',(17.390751185606,0.503105590062));
#7885 = CARTESIAN_POINT('',(17.349402955085,0.503105590062));
#7886 = CARTESIAN_POINT('',(17.307378291694,0.503105590062));
#7887 = CARTESIAN_POINT('',(17.264504871262,0.503105590062));
#7888 = CARTESIAN_POINT('',(17.220560643521,0.503105590062));
#7889 = CARTESIAN_POINT('',(17.175267421666,0.503105590062));
#7890 = CARTESIAN_POINT('',(17.128169496111,0.503105590062));
#7891 = ( GEOMETRIC_REPRESENTATION_CONTEXT(2) 
PARAMETRIC_REPRESENTATION_CONTEXT() REPRESENTATION_CONTEXT('2D SPACE',''
  ) );
#7892 = PCURVE('',#7893,#7898);
#7893 = PLANE('',#7894);
#7894 = AXIS2_PLACEMENT_3D('',#7895,#7896,#7897);
#7895 = CARTESIAN_POINT('',(-89.,-41.,10.));
#7896 = DIRECTION('',(0.,0.,1.));
#7897 = DIRECTION('',(1.,0.,0.));
#7898 = DEFINITIONAL_REPRESENTATION('',(#7899),#7986);
#7899 = B_SPLINE_CURVE_WITH_KNOTS('',8,(#7900,#7901,#7902,#7903,#7904,
    #7905,#7906,#7907,#7908,#7909,#7910,#7911,#7912,#7913,#7914,#7915,
    #7916,#7917,#7918,#7919,#7920,#7921,#7922,#7923,#7924,#7925,#7926,
    #7927,#7928,#7929,#7930,#7931,#7932,#7933,#7934,#7935,#7936,#7937,
    #7938,#7939,#7940,#7941,#7942,#7943,#7944,#7945,#7946,#7947,#7948,
    #7949,#7950,#7951,#7952,#7953,#7954,#7955,#7956,#7957,#7958,#7959,
    #7960,#7961,#7962,#7963,#7964,#7965,#7966,#7967,#7968,#7969,#7970,
    #7971,#7972,#7973,#7974,#7975,#7976,#7977,#7978,#7979,#7980,#7981,
    #7982,#7983,#7984,#7985),.UNSPECIFIED.,.F.,.F.,(9,7,7,7,7,7,7,7,7,7,
    7,7,9),(0.,8.589799949243E-02,0.180700156602,0.234565327351,
    0.310839723253,0.383048262298,0.464887654046,0.505012513598,
    0.545137386479,0.739924636328,0.803998376604,0.904525548376,1.),
  .UNSPECIFIED.);
#7900 = CARTESIAN_POINT('',(178.,0.544178457341));
#7901 = CARTESIAN_POINT('',(175.94140057386,0.60033851039));
#7902 = CARTESIAN_POINT('',(173.88235761484,0.640230871112));
#7903 = CARTESIAN_POINT('',(171.82305595889,0.667422988725));
#7904 = CARTESIAN_POINT('',(169.76362628658,0.684160527829));
#7905 = CARTESIAN_POINT('',(167.70415680216,0.692213558216));
#7906 = CARTESIAN_POINT('',(165.64469324138,0.692952488156));
#7907 = CARTESIAN_POINT('',(163.58524219181,0.687538582955));
#7908 = CARTESIAN_POINT('',(159.25281572293,0.665298400498));
#7909 = CARTESIAN_POINT('',(156.97988930138,0.647347944361));
#7910 = CARTESIAN_POINT('',(154.70699872752,0.624454935685));
#7911 = CARTESIAN_POINT('',(152.43414741257,0.597728051929));
#7912 = CARTESIAN_POINT('',(150.16133406138,0.568161504911));
#7913 = CARTESIAN_POINT('',(147.88855205816,0.536696004836));
#7914 = CARTESIAN_POINT('',(145.61578898311,0.504265519832));
#7915 = CARTESIAN_POINT('',(142.05167580298,0.453465512566));
#7916 = CARTESIAN_POINT('',(140.76609289565,0.435153566015));
#7917 = CARTESIAN_POINT('',(139.48757891577,0.417137591579));
#7918 = CARTESIAN_POINT('',(138.21743562285,0.399619640915));
#7919 = CARTESIAN_POINT('',(136.95696477642,0.382801765678));
#7920 = CARTESIAN_POINT('',(135.70746813601,0.366886017524));
#7921 = CARTESIAN_POINT('',(134.47024746115,0.352074448109));
#7922 = CARTESIAN_POINT('',(131.51389624186,0.319445219554));
#7923 = CARTESIAN_POINT('',(129.78117356713,0.302684942665));
#7924 = CARTESIAN_POINT('',(128.04843381832,0.288884077354));
#7925 = CARTESIAN_POINT('',(126.31569353472,0.277010121031));
#7926 = CARTESIAN_POINT('',(124.58294504149,0.26806963887));
#7927 = CARTESIAN_POINT('',(122.85020279726,0.261155248376));
#7928 = CARTESIAN_POINT('',(121.11746511404,0.256549266331));
#7929 = CARTESIAN_POINT('',(117.74437527263,0.251520063961));
#7930 = CARTESIAN_POINT('',(116.12734014458,0.250937438801));
#7931 = CARTESIAN_POINT('',(114.53209979563,0.251987955517));
#7932 = CARTESIAN_POINT('',(112.9571212885,0.254441636416));
#7933 = CARTESIAN_POINT('',(111.40087168592,0.258068503804));
#7934 = CARTESIAN_POINT('',(109.86181805063,0.262638579986));
#7935 = CARTESIAN_POINT('',(108.33842744535,0.26792188727));
#7936 = CARTESIAN_POINT('',(105.11860798827,0.280224126783));
#7937 = CARTESIAN_POINT('',(103.40806277918,0.287449821599));
#7938 = CARTESIAN_POINT('',(101.69752858296,0.295047979807));
#7939 = CARTESIAN_POINT('',(99.987002699512,0.302666922994));
#7940 = CARTESIAN_POINT('',(98.276482472468,0.309925482879));
#7941 = CARTESIAN_POINT('',(96.565965342014,0.316420988662));
#7942 = CARTESIAN_POINT('',(94.855448929064,0.321740605772));
#7943 = CARTESIAN_POINT('',(92.306285064457,0.327307457181));
#7944 = CARTESIAN_POINT('',(91.468792939278,0.328783799367));
#7945 = CARTESIAN_POINT('',(90.632153684212,0.329811239773));
#7946 = CARTESIAN_POINT('',(89.796064441049,0.330327298997));
#7947 = CARTESIAN_POINT('',(88.960220584552,0.330300831032));
#7948 = CARTESIAN_POINT('',(88.124315722453,0.329732023265));
#7949 = CARTESIAN_POINT('',(87.288041695457,0.328652396481));
#7950 = CARTESIAN_POINT('',(85.614135180998,0.325597212728));
#7951 = CARTESIAN_POINT('',(84.776502670273,0.323624686917));
#7952 = CARTESIAN_POINT('',(83.937882295523,0.321254466632));
#7953 = CARTESIAN_POINT('',(83.097965307205,0.318533791078));
#7954 = CARTESIAN_POINT('',(82.256442955778,0.315509899461));
#7955 = CARTESIAN_POINT('',(81.413006491699,0.312230030987));
#7956 = CARTESIAN_POINT('',(80.567347165426,0.308741424861));
#7957 = CARTESIAN_POINT('',(75.601591029112,0.287371791732));
#7958 = CARTESIAN_POINT('',(71.484012095134,0.266104226194));
#7959 = CARTESIAN_POINT('',(67.366357631608,0.247015429308));
#7960 = CARTESIAN_POINT('',(63.248595010252,0.235351931273));
#7961 = CARTESIAN_POINT('',(59.130727063169,0.234780350974));
#7962 = CARTESIAN_POINT('',(55.012792205008,0.247473944933));
#7963 = CARTESIAN_POINT('',(50.894861917228,0.274653583525));
#7964 = CARTESIAN_POINT('',(45.422513573605,0.330732037106));
#7965 = CARTESIAN_POINT('',(44.048784734447,0.346528535894));
#7966 = CARTESIAN_POINT('',(42.657589047,0.36411182038));
#7967 = CARTESIAN_POINT('',(41.250711591916,0.383222718286));
#7968 = CARTESIAN_POINT('',(39.829986435062,0.403526270798));
#7969 = CARTESIAN_POINT('',(38.397296967374,0.424666045427));
#7970 = CARTESIAN_POINT('',(36.954576244697,0.446318448868));
#7971 = CARTESIAN_POINT('',(33.227653391601,0.502651449907));
#7972 = CARTESIAN_POINT('',(30.951503258805,0.537369271086));
#7973 = CARTESIAN_POINT('',(28.675335632871,0.571324696377));
#7974 = CARTESIAN_POINT('',(26.39913606488,0.603527328448));
#7975 = CARTESIAN_POINT('',(24.122896024935,0.632989668004));
#7976 = CARTESIAN_POINT('',(21.846612313783,0.658676489859));
#7977 = CARTESIAN_POINT('',(19.570286352941,0.679442485492));
#7978 = CARTESIAN_POINT('',(15.131974541643,0.707659217815));
#7979 = CARTESIAN_POINT('',(12.970051881131,0.715725918652));
#7980 = CARTESIAN_POINT('',(10.808105932611,0.716941873326));
#7981 = CARTESIAN_POINT('',(8.646139437455,0.709932497364));
#7982 = CARTESIAN_POINT('',(6.484206308601,0.69307811101));
#7983 = CARTESIAN_POINT('',(4.322416573985,0.664249002184));
#7984 = CARTESIAN_POINT('',(2.160935459106,0.620744351194));
#7985 = CARTESIAN_POINT('',(0.,0.558100432291));
#7986 = ( GEOMETRIC_REPRESENTATION_CONTEXT(2) 
PARAMETRIC_REPRESENTATION_CONTEXT() REPRESENTATION_CONTEXT('2D SPACE',''
  ) );
#7987 = ORIENTED_EDGE('',*,*,#7988,.T.);
#7988 = EDGE_CURVE('',#7712,#1538,#7989,.T.);
#7989 = SURFACE_CURVE('',#7990,(#7996,#8005),.PCURVE_S1.);
#7990 = B_SPLINE_CURVE_WITH_KNOTS('',4,(#7991,#7992,#7993,#7994,#7995),
  .UNSPECIFIED.,.F.,.F.,(5,5),(0.,1.),.PIECEWISE_BEZIER_KNOTS.);
#7991 = CARTESIAN_POINT('',(-89.,-40.4418995677,10.));
#7992 = CARTESIAN_POINT('',(-89.,-40.09591489187,11.999938178942));
#7993 = CARTESIAN_POINT('',(-89.,-39.75016209458,13.999916183913));
#7994 = CARTESIAN_POINT('',(-89.,-39.40465309007,15.999936019953));
#7995 = CARTESIAN_POINT('',(-89.,-39.059401673,18.));
#7996 = PCURVE('',#705,#7997);
#7997 = DEFINITIONAL_REPRESENTATION('',(#7998),#8004);
#7998 = B_SPLINE_CURVE_WITH_KNOTS('',4,(#7999,#8000,#8001,#8002,#8003),
  .UNSPECIFIED.,.F.,.F.,(5,5),(0.,1.),.PIECEWISE_BEZIER_KNOTS.);
#7999 = CARTESIAN_POINT('',(17.128169496111,0.503105590062));
#8000 = CARTESIAN_POINT('',(17.123301359759,0.627325352729));
#8001 = CARTESIAN_POINT('',(17.118377902752,0.751547589063));
#8002 = CARTESIAN_POINT('',(17.113397053267,0.8757724236));
#8003 = CARTESIAN_POINT('',(17.108356451617,1.));
#8004 = ( GEOMETRIC_REPRESENTATION_CONTEXT(2) 
PARAMETRIC_REPRESENTATION_CONTEXT() REPRESENTATION_CONTEXT('2D SPACE',''
  ) );
#8005 = PCURVE('',#1604,#8006);
#8006 = DEFINITIONAL_REPRESENTATION('',(#8007),#8013);
#8007 = B_SPLINE_CURVE_WITH_KNOTS('',4,(#8008,#8009,#8010,#8011,#8012),
  .UNSPECIFIED.,.F.,.F.,(5,5),(0.,1.),.PIECEWISE_BEZIER_KNOTS.);
#8008 = CARTESIAN_POINT('',(0.,-0.558100432291));
#8009 = CARTESIAN_POINT('',(1.999938178942,-0.904085108121));
#8010 = CARTESIAN_POINT('',(3.999916183913,-1.249837905417));
#8011 = CARTESIAN_POINT('',(5.999936019953,-1.595346909926));
#8012 = CARTESIAN_POINT('',(8.,-1.940598327));
#8013 = ( GEOMETRIC_REPRESENTATION_CONTEXT(2) 
PARAMETRIC_REPRESENTATION_CONTEXT() REPRESENTATION_CONTEXT('2D SPACE',''
  ) );
#8014 = ORIENTED_EDGE('',*,*,#1537,.F.);
#8015 = ORIENTED_EDGE('',*,*,#8016,.F.);
#8016 = EDGE_CURVE('',#5717,#1477,#8017,.T.);
#8017 = SURFACE_CURVE('',#8018,(#8033,#8051),.PCURVE_S1.);
#8018 = B_SPLINE_CURVE_WITH_KNOTS('',4,(#8019,#8020,#8021,#8022,#8023,
    #8024,#8025,#8026,#8027,#8028,#8029,#8030,#8031,#8032),
  .UNSPECIFIED.,.F.,.F.,(5,3,3,3,5),(0.,0.249810427324,0.499734356833,
    0.749790234238,1.),.UNSPECIFIED.);
#8019 = CARTESIAN_POINT('',(-109.,-42.79898368686,1.99999034));
#8020 = CARTESIAN_POINT('',(-109.,-42.61834186787,3.000195843835));
#8021 = CARTESIAN_POINT('',(-109.,-42.4369780921,4.000271225315));
#8022 = CARTESIAN_POINT('',(-109.,-42.25484280836,5.000206768825));
#8023 = CARTESIAN_POINT('',(-109.,-41.88883439337,7.000229962521));
#8024 = CARTESIAN_POINT('',(-109.,-41.7049604832,8.00031746402));
#8025 = CARTESIAN_POINT('',(-109.,-41.52020251513,9.000242495426));
#8026 = CARTESIAN_POINT('',(-109.,-41.1486943192,11.000269341108));
#8027 = CARTESIAN_POINT('',(-109.,-40.96194306093,12.000370956101));
#8028 = CARTESIAN_POINT('',(-109.,-40.77418052136,13.000283789782));
#8029 = CARTESIAN_POINT('',(-109.,-40.39637424906,15.00031672257));
#8030 = CARTESIAN_POINT('',(-109.,-40.20632915014,16.000436553506));
#8031 = CARTESIAN_POINT('',(-109.,-40.01512886756,17.000336905175));
#8032 = CARTESIAN_POINT('',(-109.,-39.82269296526,18.));
#8033 = PCURVE('',#705,#8034);
#8034 = DEFINITIONAL_REPRESENTATION('',(#8035),#8050);
#8035 = B_SPLINE_CURVE_WITH_KNOTS('',4,(#8036,#8037,#8038,#8039,#8040,
    #8041,#8042,#8043,#8044,#8045,#8046,#8047,#8048,#8049),
  .UNSPECIFIED.,.F.,.F.,(5,3,3,3,5),(0.,0.249810427324,0.499734356833,
    0.749790234238,1.),.UNSPECIFIED.);
#8036 = CARTESIAN_POINT('',(16.607381953314,6.210580124221E-03));
#8037 = CARTESIAN_POINT('',(16.602517633495,6.83351455798E-02));
#8038 = CARTESIAN_POINT('',(16.597605470385,0.130451628902));
#8039 = CARTESIAN_POINT('',(16.592644327241,0.192559426635));
#8040 = CARTESIAN_POINT('',(16.582619403013,0.316784469722));
#8041 = CARTESIAN_POINT('',(16.577555576298,0.37890170584));
#8042 = CARTESIAN_POINT('',(16.572440321245,0.441008850648));
#8043 = CARTESIAN_POINT('',(16.562101691986,0.565234120566));
#8044 = CARTESIAN_POINT('',(16.556878262145,0.627352233298));
#8045 = CARTESIAN_POINT('',(16.551600812169,0.689458620483));
#8046 = CARTESIAN_POINT('',(16.540931922192,0.813684268483));
#8047 = CARTESIAN_POINT('',(16.535540414119,0.87580351264));
#8048 = CARTESIAN_POINT('',(16.53009214736,0.937909124545));
#8049 = CARTESIAN_POINT('',(16.524585722221,1.));
#8050 = ( GEOMETRIC_REPRESENTATION_CONTEXT(2) 
PARAMETRIC_REPRESENTATION_CONTEXT() REPRESENTATION_CONTEXT('2D SPACE',''
  ) );
#8051 = PCURVE('',#1514,#8052);
#8052 = DEFINITIONAL_REPRESENTATION('',(#8053),#8068);
#8053 = B_SPLINE_CURVE_WITH_KNOTS('',4,(#8054,#8055,#8056,#8057,#8058,
    #8059,#8060,#8061,#8062,#8063,#8064,#8065,#8066,#8067),
  .UNSPECIFIED.,.F.,.F.,(5,3,3,3,5),(0.,0.249810427324,0.499734356833,
    0.749790234238,1.),.UNSPECIFIED.);
#8054 = CARTESIAN_POINT('',(0.99999034,-0.20101631314));
#8055 = CARTESIAN_POINT('',(2.000195843835,-0.381658132127));
#8056 = CARTESIAN_POINT('',(3.000271225315,-0.5630219079));
#8057 = CARTESIAN_POINT('',(4.000206768825,-0.745157191631));
#8058 = CARTESIAN_POINT('',(6.000229962521,-1.111165606623));
#8059 = CARTESIAN_POINT('',(7.00031746402,-1.295039516794));
#8060 = CARTESIAN_POINT('',(8.000242495426,-1.479797484869));
#8061 = CARTESIAN_POINT('',(10.000269341108,-1.851305680798));
#8062 = CARTESIAN_POINT('',(11.000370956101,-2.038056939068));
#8063 = CARTESIAN_POINT('',(12.000283789782,-2.225819478635));
#8064 = CARTESIAN_POINT('',(14.00031672257,-2.603625750938));
#8065 = CARTESIAN_POINT('',(15.000436553506,-2.793670849859));
#8066 = CARTESIAN_POINT('',(16.000336905175,-2.984871132435));
#8067 = CARTESIAN_POINT('',(17.,-3.177307034731));
#8068 = ( GEOMETRIC_REPRESENTATION_CONTEXT(2) 
PARAMETRIC_REPRESENTATION_CONTEXT() REPRESENTATION_CONTEXT('2D SPACE',''
  ) );
#8069 = ADVANCED_FACE('',(#8070),#656,.F.);
#8070 = FACE_BOUND('',#8071,.F.);
#8071 = EDGE_LOOP('',(#8072,#8100,#8169,#8170,#8171,#8172,#8193,#8214,
    #8285,#8306,#8377,#8403,#8474,#8500));
#8072 = ORIENTED_EDGE('',*,*,#8073,.F.);
#8073 = EDGE_CURVE('',#8074,#8076,#8078,.T.);
#8074 = VERTEX_POINT('',#8075);
#8075 = CARTESIAN_POINT('',(116.89863923877,-45.,2.));
#8076 = VERTEX_POINT('',#8077);
#8077 = CARTESIAN_POINT('',(98.,-45.,2.));
#8078 = SURFACE_CURVE('',#8079,(#8083,#8089),.PCURVE_S1.);
#8079 = LINE('',#8080,#8081);
#8080 = CARTESIAN_POINT('',(-81.,-45.,2.));
#8081 = VECTOR('',#8082,1.);
#8082 = DIRECTION('',(-1.,0.,-4.399158488766E-19));
#8083 = PCURVE('',#656,#8084);
#8084 = DEFINITIONAL_REPRESENTATION('',(#8085),#8088);
#8085 = B_SPLINE_CURVE_WITH_KNOTS('',1,(#8086,#8087),.UNSPECIFIED.,.F.,
  .F.,(2,2),(-209.7262479591,59.227453295463),.PIECEWISE_BEZIER_KNOTS.);
#8086 = CARTESIAN_POINT('',(-32.70373258063,115.82947963368));
#8087 = CARTESIAN_POINT('',(219.73044327346,208.63616193298));
#8088 = ( GEOMETRIC_REPRESENTATION_CONTEXT(2) 
PARAMETRIC_REPRESENTATION_CONTEXT() REPRESENTATION_CONTEXT('2D SPACE',''
  ) );
#8089 = PCURVE('',#8090,#8095);
#8090 = PLANE('',#8091);
#8091 = AXIS2_PLACEMENT_3D('',#8092,#8093,#8094);
#8092 = CARTESIAN_POINT('',(-300.,-45.,0.));
#8093 = DIRECTION('',(0.,1.,0.));
#8094 = DIRECTION('',(0.,0.,1.));
#8095 = DEFINITIONAL_REPRESENTATION('',(#8096),#8099);
#8096 = B_SPLINE_CURVE_WITH_KNOTS('',1,(#8097,#8098),.UNSPECIFIED.,.F.,
  .F.,(2,2),(-209.7262479591,59.227453295463),.PIECEWISE_BEZIER_KNOTS.);
#8097 = CARTESIAN_POINT('',(2.,428.72624795912));
#8098 = CARTESIAN_POINT('',(2.,159.77254670453));
#8099 = ( GEOMETRIC_REPRESENTATION_CONTEXT(2) 
PARAMETRIC_REPRESENTATION_CONTEXT() REPRESENTATION_CONTEXT('2D SPACE',''
  ) );
#8100 = ORIENTED_EDGE('',*,*,#8101,.T.);
#8101 = EDGE_CURVE('',#8074,#4925,#8102,.T.);
#8102 = SURFACE_CURVE('',#8103,(#8131,#8162),.PCURVE_S1.);
#8103 = B_SPLINE_CURVE_WITH_KNOTS('',3,(#8104,#8105,#8106,#8107,#8108,
    #8109,#8110,#8111,#8112,#8113,#8114,#8115,#8116,#8117,#8118,#8119,
    #8120,#8121,#8122,#8123,#8124,#8125,#8126,#8127,#8128,#8129,#8130),
  .UNSPECIFIED.,.T.,.F.,(1,1,2,1,1,1,1,1,1,1,1,1,1,1,1,1,1,1,1,1,1,1,1,1
    ,1,1,2,1,1),(-2.,-1.,0.,1.,2.,3.,4.,5.,6.,7.,8.,9.,10.,11.,12.,13.,
    14.,15.,16.,17.,18.,19.,20.,21.,22.,23.,24.,25.,26.),.UNSPECIFIED.);
#8104 = CARTESIAN_POINT('',(143.33333333333,58.777777777778,2.));
#8105 = CARTESIAN_POINT('',(132.66666666666,91.222222222222,2.));
#8106 = CARTESIAN_POINT('',(131.54065872839,128.25172700605,2.));
#8107 = CARTESIAN_POINT('',(138.6076944506,182.28562214547,2.));
#8108 = CARTESIAN_POINT('',(118.02856346917,192.60578441203,2.));
#8109 = CARTESIAN_POINT('',(91.278051672701,211.29124020637,2.));
#8110 = CARTESIAN_POINT('',(68.859229840023,252.22925476248,2.));
#8111 = CARTESIAN_POINT('',(35.285028967207,261.7917407437,2.));
#8112 = CARTESIAN_POINT('',(6.542911472914E-04,260.60378226269,2.));
#8113 = CARTESIAN_POINT('',(-35.28764613179,261.79313020551,2.));
#8114 = CARTESIAN_POINT('',(-68.85006976396,252.22369691526,2.));
#8115 = CARTESIAN_POINT('',(-91.31207481236,211.31208213343,2.));
#8116 = CARTESIAN_POINT('',(-117.9016309865,192.527974551,2.));
#8117 = CARTESIAN_POINT('',(-139.0814012412,182.57601966254,2.));
#8118 = CARTESIAN_POINT('',(-129.7727640484,127.1679467988,2.));
#8119 = CARTESIAN_POINT('',(-139.827542565,76.752193142242,2.));
#8120 = CARTESIAN_POINT('',(-138.9170656912,15.823280632231,2.));
#8121 = CARTESIAN_POINT('',(-126.5041946698,-50.04531567116,2.));
#8122 = CARTESIAN_POINT('',(-105.0661556291,-43.64201794756,2.));
#8123 = CARTESIAN_POINT('',(-41.23118281336,-45.38661253857,2.));
#8124 = CARTESIAN_POINT('',(-9.113117367284E-03,-44.81153189812,2.));
#8125 = CARTESIAN_POINT('',(41.26763528283,-45.36725986891,2.));
#8126 = CARTESIAN_POINT('',(104.93857198604,-43.7194286262,2.));
#8127 = CARTESIAN_POINT('',(126.97807677298,-49.75502562627,2.));
#8128 = CARTESIAN_POINT('',(137.149120922,14.739531131318,2.));
#8129 = CARTESIAN_POINT('',(143.33333333333,58.777777777778,2.));
#8130 = CARTESIAN_POINT('',(132.66666666666,91.222222222222,2.));
#8131 = PCURVE('',#656,#8132);
#8132 = DEFINITIONAL_REPRESENTATION('',(#8133),#8161);
#8133 = B_SPLINE_CURVE_WITH_KNOTS('',3,(#8134,#8135,#8136,#8137,#8138,
    #8139,#8140,#8141,#8142,#8143,#8144,#8145,#8146,#8147,#8148,#8149,
    #8150,#8151,#8152,#8153,#8154,#8155,#8156,#8157,#8158,#8159,#8160),
  .UNSPECIFIED.,.T.,.F.,(1,1,2,1,1,1,1,1,1,1,1,1,1,1,1,1,1,1,1,1,1,1,1,1
    ,1,1,2,1,1),(-2.,-1.,0.,1.,2.,3.,4.,5.,6.,7.,8.,9.,10.,11.,12.,13.,
    14.,15.,16.,17.,18.,19.,20.,21.,22.,23.,24.,25.,26.),.UNSPECIFIED.);
#8134 = CARTESIAN_POINT('',(-10.60348385323,13.385479761507));
#8135 = CARTESIAN_POINT('',(10.603483853238,-13.3854797615));
#8136 = CARTESIAN_POINT('',(24.43794069365,-47.75203213941));
#8137 = CARTESIAN_POINT('',(36.450213386906,-100.9056785108));
#8138 = CARTESIAN_POINT('',(59.32647781882,-103.4908103837));
#8139 = CARTESIAN_POINT('',(90.881643332257,-111.7978958555));
#8140 = CARTESIAN_POINT('',(126.04977107953,-142.4854731289));
#8141 = CARTESIAN_POINT('',(160.86148135556,-139.8753141209));
#8142 = CARTESIAN_POINT('',(193.56871503746,-126.5848962753));
#8143 = CARTESIAN_POINT('',(227.09996011482,-115.5244126135));
#8144 = CARTESIAN_POINT('',(255.29884846892,-94.9615084132));
#8145 = CARTESIAN_POINT('',(262.26401194604,-48.81187794243));
#8146 = CARTESIAN_POINT('',(280.73864892376,-22.00637507916));
#8147 = CARTESIAN_POINT('',(297.1834493217,-5.357272580437));
#8148 = CARTESIAN_POINT('',(269.32713971068,43.435465400913));
#8149 = CARTESIAN_POINT('',(261.36759465051,94.224169166744));
#8150 = CARTESIAN_POINT('',(239.48856611145,151.096565441));
#8151 = CARTESIAN_POINT('',(205.10912194035,208.63616193298));
#8152 = CARTESIAN_POINT('',(187.19739632663,195.22863325739));
#8153 = CARTESIAN_POINT('',(126.6812602279,174.83881628019));
#8154 = CARTESIAN_POINT('',(88.189550256547,160.07473787192));
#8155 = CARTESIAN_POINT('',(49.256316823707,146.35314443184));
#8156 = CARTESIAN_POINT('',(-9.935248890569,122.83587255006));
#8157 = CARTESIAN_POINT('',(-32.70373258063,120.89567852462));
#8158 = CARTESIAN_POINT('',(-19.99520068179,56.8527928353));
#8159 = CARTESIAN_POINT('',(-10.60348385323,13.385479761507));
#8160 = CARTESIAN_POINT('',(10.603483853238,-13.3854797615));
#8161 = ( GEOMETRIC_REPRESENTATION_CONTEXT(2) 
PARAMETRIC_REPRESENTATION_CONTEXT() REPRESENTATION_CONTEXT('2D SPACE',''
  ) );
#8162 = PCURVE('',#5099,#8163);
#8163 = DEFINITIONAL_REPRESENTATION('',(#8164),#8168);
#8164 = LINE('',#8165,#8166);
#8165 = CARTESIAN_POINT('',(0.,0.));
#8166 = VECTOR('',#8167,1.);
#8167 = DIRECTION('',(1.,0.));
#8168 = ( GEOMETRIC_REPRESENTATION_CONTEXT(2) 
PARAMETRIC_REPRESENTATION_CONTEXT() REPRESENTATION_CONTEXT('2D SPACE',''
  ) );
#8169 = ORIENTED_EDGE('',*,*,#4924,.T.);
#8170 = ORIENTED_EDGE('',*,*,#641,.T.);
#8171 = ORIENTED_EDGE('',*,*,#5716,.T.);
#8172 = ORIENTED_EDGE('',*,*,#8173,.F.);
#8173 = EDGE_CURVE('',#8174,#5717,#8176,.T.);
#8174 = VERTEX_POINT('',#8175);
#8175 = CARTESIAN_POINT('',(-109.,-43.,2.));
#8176 = SURFACE_CURVE('',#8177,(#8181,#8187),.PCURVE_S1.);
#8177 = LINE('',#8178,#8179);
#8178 = CARTESIAN_POINT('',(-109.,16.,2.));
#8179 = VECTOR('',#8180,1.);
#8180 = DIRECTION('',(0.,1.,-1.023874940306E-18));
#8181 = PCURVE('',#656,#8182);
#8182 = DEFINITIONAL_REPRESENTATION('',(#8183),#8186);
#8183 = B_SPLINE_CURVE_WITH_KNOTS('',1,(#8184,#8185),.UNSPECIFIED.,.F.,
  .F.,(2,2),(-59.,84.),.PIECEWISE_BEZIER_KNOTS.);
#8184 = CARTESIAN_POINT('',(191.11115662242,195.9834835246));
#8185 = CARTESIAN_POINT('',(240.45554380465,61.766750388945));
#8186 = ( GEOMETRIC_REPRESENTATION_CONTEXT(2) 
PARAMETRIC_REPRESENTATION_CONTEXT() REPRESENTATION_CONTEXT('2D SPACE',''
  ) );
#8187 = PCURVE('',#1514,#8188);
#8188 = DEFINITIONAL_REPRESENTATION('',(#8189),#8192);
#8189 = B_SPLINE_CURVE_WITH_KNOTS('',1,(#8190,#8191),.UNSPECIFIED.,.F.,
  .F.,(2,2),(-59.,84.),.PIECEWISE_BEZIER_KNOTS.);
#8190 = CARTESIAN_POINT('',(1.,0.));
#8191 = CARTESIAN_POINT('',(1.,-143.));
#8192 = ( GEOMETRIC_REPRESENTATION_CONTEXT(2) 
PARAMETRIC_REPRESENTATION_CONTEXT() REPRESENTATION_CONTEXT('2D SPACE',''
  ) );
#8193 = ORIENTED_EDGE('',*,*,#8194,.T.);
#8194 = EDGE_CURVE('',#8174,#8195,#8197,.T.);
#8195 = VERTEX_POINT('',#8196);
#8196 = CARTESIAN_POINT('',(-120.9167110153,-43.,2.));
#8197 = SURFACE_CURVE('',#8198,(#8202,#8208),.PCURVE_S1.);
#8198 = LINE('',#8199,#8200);
#8199 = CARTESIAN_POINT('',(-6.,-43.,2.));
#8200 = VECTOR('',#8201,1.);
#8201 = DIRECTION('',(-1.,0.,-4.399158488766E-19));
#8202 = PCURVE('',#656,#8203);
#8203 = DEFINITIONAL_REPRESENTATION('',(#8204),#8207);
#8204 = B_SPLINE_CURVE_WITH_KNOTS('',1,(#8205,#8206),.UNSPECIFIED.,.F.,
  .F.,(2,2),(103.,117.03472771721),.PIECEWISE_BEZIER_KNOTS.);
#8205 = CARTESIAN_POINT('',(191.11115662242,195.9834835246));
#8206 = CARTESIAN_POINT('',(204.28385106055,200.82638589157));
#8207 = ( GEOMETRIC_REPRESENTATION_CONTEXT(2) 
PARAMETRIC_REPRESENTATION_CONTEXT() REPRESENTATION_CONTEXT('2D SPACE',''
  ) );
#8208 = PCURVE('',#5672,#8209);
#8209 = DEFINITIONAL_REPRESENTATION('',(#8210),#8213);
#8210 = B_SPLINE_CURVE_WITH_KNOTS('',1,(#8211,#8212),.UNSPECIFIED.,.F.,
  .F.,(2,2),(103.,117.03472771721),.PIECEWISE_BEZIER_KNOTS.);
#8211 = CARTESIAN_POINT('',(1.,41.));
#8212 = CARTESIAN_POINT('',(1.,26.965272282784));
#8213 = ( GEOMETRIC_REPRESENTATION_CONTEXT(2) 
PARAMETRIC_REPRESENTATION_CONTEXT() REPRESENTATION_CONTEXT('2D SPACE',''
  ) );
#8214 = ORIENTED_EDGE('',*,*,#8215,.T.);
#8215 = EDGE_CURVE('',#8195,#8216,#8218,.T.);
#8216 = VERTEX_POINT('',#8217);
#8217 = CARTESIAN_POINT('',(-117.0517067042,-45.,2.));
#8218 = SURFACE_CURVE('',#8219,(#8247,#8278),.PCURVE_S1.);
#8219 = B_SPLINE_CURVE_WITH_KNOTS('',3,(#8220,#8221,#8222,#8223,#8224,
    #8225,#8226,#8227,#8228,#8229,#8230,#8231,#8232,#8233,#8234,#8235,
    #8236,#8237,#8238,#8239,#8240,#8241,#8242,#8243,#8244,#8245,#8246),
  .UNSPECIFIED.,.T.,.F.,(1,1,2,1,1,1,1,1,1,1,1,1,1,1,1,1,1,1,1,1,1,1,1,1
    ,1,1,2,1,1),(-2.,-1.,0.,1.,2.,3.,4.,5.,6.,7.,8.,9.,10.,11.,12.,13.,
    14.,15.,16.,17.,18.,19.,20.,21.,22.,23.,24.,25.,26.),.UNSPECIFIED.);
#8220 = CARTESIAN_POINT('',(143.33333333333,58.777777777778,2.));
#8221 = CARTESIAN_POINT('',(132.66666666666,91.222222222222,2.));
#8222 = CARTESIAN_POINT('',(131.54065872839,128.25172700605,2.));
#8223 = CARTESIAN_POINT('',(138.6076944506,182.28562214547,2.));
#8224 = CARTESIAN_POINT('',(118.02856346917,192.60578441203,2.));
#8225 = CARTESIAN_POINT('',(91.278051672701,211.29124020637,2.));
#8226 = CARTESIAN_POINT('',(68.859229840023,252.22925476248,2.));
#8227 = CARTESIAN_POINT('',(35.285028967207,261.7917407437,2.));
#8228 = CARTESIAN_POINT('',(6.542911472914E-04,260.60378226269,2.));
#8229 = CARTESIAN_POINT('',(-35.28764613179,261.79313020551,2.));
#8230 = CARTESIAN_POINT('',(-68.85006976396,252.22369691526,2.));
#8231 = CARTESIAN_POINT('',(-91.31207481236,211.31208213343,2.));
#8232 = CARTESIAN_POINT('',(-117.9016309865,192.527974551,2.));
#8233 = CARTESIAN_POINT('',(-139.0814012412,182.57601966254,2.));
#8234 = CARTESIAN_POINT('',(-129.7727640484,127.1679467988,2.));
#8235 = CARTESIAN_POINT('',(-139.827542565,76.752193142242,2.));
#8236 = CARTESIAN_POINT('',(-138.9170656912,15.823280632231,2.));
#8237 = CARTESIAN_POINT('',(-126.5041946698,-50.04531567116,2.));
#8238 = CARTESIAN_POINT('',(-105.0661556291,-43.64201794756,2.));
#8239 = CARTESIAN_POINT('',(-41.23118281336,-45.38661253857,2.));
#8240 = CARTESIAN_POINT('',(-9.113117367284E-03,-44.81153189812,2.));
#8241 = CARTESIAN_POINT('',(41.26763528283,-45.36725986891,2.));
#8242 = CARTESIAN_POINT('',(104.93857198604,-43.7194286262,2.));
#8243 = CARTESIAN_POINT('',(126.97807677298,-49.75502562627,2.));
#8244 = CARTESIAN_POINT('',(137.149120922,14.739531131318,2.));
#8245 = CARTESIAN_POINT('',(143.33333333333,58.777777777778,2.));
#8246 = CARTESIAN_POINT('',(132.66666666666,91.222222222222,2.));
#8247 = PCURVE('',#656,#8248);
#8248 = DEFINITIONAL_REPRESENTATION('',(#8249),#8277);
#8249 = B_SPLINE_CURVE_WITH_KNOTS('',3,(#8250,#8251,#8252,#8253,#8254,
    #8255,#8256,#8257,#8258,#8259,#8260,#8261,#8262,#8263,#8264,#8265,
    #8266,#8267,#8268,#8269,#8270,#8271,#8272,#8273,#8274,#8275,#8276),
  .UNSPECIFIED.,.T.,.F.,(1,1,2,1,1,1,1,1,1,1,1,1,1,1,1,1,1,1,1,1,1,1,1,1
    ,1,1,2,1,1),(-2.,-1.,0.,1.,2.,3.,4.,5.,6.,7.,8.,9.,10.,11.,12.,13.,
    14.,15.,16.,17.,18.,19.,20.,21.,22.,23.,24.,25.,26.),.UNSPECIFIED.);
#8250 = CARTESIAN_POINT('',(-10.60348385323,13.385479761507));
#8251 = CARTESIAN_POINT('',(10.603483853238,-13.3854797615));
#8252 = CARTESIAN_POINT('',(24.43794069365,-47.75203213941));
#8253 = CARTESIAN_POINT('',(36.450213386906,-100.9056785108));
#8254 = CARTESIAN_POINT('',(59.32647781882,-103.4908103837));
#8255 = CARTESIAN_POINT('',(90.881643332257,-111.7978958555));
#8256 = CARTESIAN_POINT('',(126.04977107953,-142.4854731289));
#8257 = CARTESIAN_POINT('',(160.86148135556,-139.8753141209));
#8258 = CARTESIAN_POINT('',(193.56871503746,-126.5848962753));
#8259 = CARTESIAN_POINT('',(227.09996011482,-115.5244126135));
#8260 = CARTESIAN_POINT('',(255.29884846892,-94.9615084132));
#8261 = CARTESIAN_POINT('',(262.26401194604,-48.81187794243));
#8262 = CARTESIAN_POINT('',(280.73864892376,-22.00637507916));
#8263 = CARTESIAN_POINT('',(297.1834493217,-5.357272580437));
#8264 = CARTESIAN_POINT('',(269.32713971068,43.435465400913));
#8265 = CARTESIAN_POINT('',(261.36759465051,94.224169166744));
#8266 = CARTESIAN_POINT('',(239.48856611145,151.096565441));
#8267 = CARTESIAN_POINT('',(205.10912194035,208.63616193298));
#8268 = CARTESIAN_POINT('',(187.19739632663,195.22863325739));
#8269 = CARTESIAN_POINT('',(126.6812602279,174.83881628019));
#8270 = CARTESIAN_POINT('',(88.189550256547,160.07473787192));
#8271 = CARTESIAN_POINT('',(49.256316823707,146.35314443184));
#8272 = CARTESIAN_POINT('',(-9.935248890569,122.83587255006));
#8273 = CARTESIAN_POINT('',(-32.70373258063,120.89567852462));
#8274 = CARTESIAN_POINT('',(-19.99520068179,56.8527928353));
#8275 = CARTESIAN_POINT('',(-10.60348385323,13.385479761507));
#8276 = CARTESIAN_POINT('',(10.603483853238,-13.3854797615));
#8277 = ( GEOMETRIC_REPRESENTATION_CONTEXT(2) 
PARAMETRIC_REPRESENTATION_CONTEXT() REPRESENTATION_CONTEXT('2D SPACE',''
  ) );
#8278 = PCURVE('',#5213,#8279);
#8279 = DEFINITIONAL_REPRESENTATION('',(#8280),#8284);
#8280 = LINE('',#8281,#8282);
#8281 = CARTESIAN_POINT('',(0.,0.));
#8282 = VECTOR('',#8283,1.);
#8283 = DIRECTION('',(1.,0.));
#8284 = ( GEOMETRIC_REPRESENTATION_CONTEXT(2) 
PARAMETRIC_REPRESENTATION_CONTEXT() REPRESENTATION_CONTEXT('2D SPACE',''
  ) );
#8285 = ORIENTED_EDGE('',*,*,#8286,.F.);
#8286 = EDGE_CURVE('',#8287,#8216,#8289,.T.);
#8287 = VERTEX_POINT('',#8288);
#8288 = CARTESIAN_POINT('',(-98.,-45.,2.));
#8289 = SURFACE_CURVE('',#8290,(#8294,#8300),.PCURVE_S1.);
#8290 = LINE('',#8291,#8292);
#8291 = CARTESIAN_POINT('',(-81.,-45.,2.));
#8292 = VECTOR('',#8293,1.);
#8293 = DIRECTION('',(-1.,0.,-4.399158488766E-19));
#8294 = PCURVE('',#656,#8295);
#8295 = DEFINITIONAL_REPRESENTATION('',(#8296),#8299);
#8296 = B_SPLINE_CURVE_WITH_KNOTS('',1,(#8297,#8298),.UNSPECIFIED.,.F.,
  .F.,(2,2),(-209.7262479591,59.227453295463),.PIECEWISE_BEZIER_KNOTS.);
#8297 = CARTESIAN_POINT('',(-32.70373258063,115.82947963368));
#8298 = CARTESIAN_POINT('',(219.73044327346,208.63616193298));
#8299 = ( GEOMETRIC_REPRESENTATION_CONTEXT(2) 
PARAMETRIC_REPRESENTATION_CONTEXT() REPRESENTATION_CONTEXT('2D SPACE',''
  ) );
#8300 = PCURVE('',#5299,#8301);
#8301 = DEFINITIONAL_REPRESENTATION('',(#8302),#8305);
#8302 = B_SPLINE_CURVE_WITH_KNOTS('',1,(#8303,#8304),.UNSPECIFIED.,.F.,
  .F.,(2,2),(-209.7262479591,59.227453295463),.PIECEWISE_BEZIER_KNOTS.);
#8303 = CARTESIAN_POINT('',(2.,428.72624795912));
#8304 = CARTESIAN_POINT('',(2.,159.77254670453));
#8305 = ( GEOMETRIC_REPRESENTATION_CONTEXT(2) 
PARAMETRIC_REPRESENTATION_CONTEXT() REPRESENTATION_CONTEXT('2D SPACE',''
  ) );
#8306 = ORIENTED_EDGE('',*,*,#8307,.T.);
#8307 = EDGE_CURVE('',#8287,#8308,#8310,.T.);
#8308 = VERTEX_POINT('',#8309);
#8309 = CARTESIAN_POINT('',(-44.99999999999,-45.,2.));
#8310 = SURFACE_CURVE('',#8311,(#8339,#8370),.PCURVE_S1.);
#8311 = B_SPLINE_CURVE_WITH_KNOTS('',3,(#8312,#8313,#8314,#8315,#8316,
    #8317,#8318,#8319,#8320,#8321,#8322,#8323,#8324,#8325,#8326,#8327,
    #8328,#8329,#8330,#8331,#8332,#8333,#8334,#8335,#8336,#8337,#8338),
  .UNSPECIFIED.,.T.,.F.,(1,1,2,1,1,1,1,1,1,1,1,1,1,1,1,1,1,1,1,1,1,1,1,1
    ,1,1,2,1,1),(-2.,-1.,0.,1.,2.,3.,4.,5.,6.,7.,8.,9.,10.,11.,12.,13.,
    14.,15.,16.,17.,18.,19.,20.,21.,22.,23.,24.,25.,26.),.UNSPECIFIED.);
#8312 = CARTESIAN_POINT('',(143.33333333333,58.777777777778,2.));
#8313 = CARTESIAN_POINT('',(132.66666666666,91.222222222222,2.));
#8314 = CARTESIAN_POINT('',(131.54065872839,128.25172700605,2.));
#8315 = CARTESIAN_POINT('',(138.6076944506,182.28562214547,2.));
#8316 = CARTESIAN_POINT('',(118.02856346917,192.60578441203,2.));
#8317 = CARTESIAN_POINT('',(91.278051672701,211.29124020637,2.));
#8318 = CARTESIAN_POINT('',(68.859229840023,252.22925476248,2.));
#8319 = CARTESIAN_POINT('',(35.285028967207,261.7917407437,2.));
#8320 = CARTESIAN_POINT('',(6.542911472914E-04,260.60378226269,2.));
#8321 = CARTESIAN_POINT('',(-35.28764613179,261.79313020551,2.));
#8322 = CARTESIAN_POINT('',(-68.85006976396,252.22369691526,2.));
#8323 = CARTESIAN_POINT('',(-91.31207481236,211.31208213343,2.));
#8324 = CARTESIAN_POINT('',(-117.9016309865,192.527974551,2.));
#8325 = CARTESIAN_POINT('',(-139.0814012412,182.57601966254,2.));
#8326 = CARTESIAN_POINT('',(-129.7727640484,127.1679467988,2.));
#8327 = CARTESIAN_POINT('',(-139.827542565,76.752193142242,2.));
#8328 = CARTESIAN_POINT('',(-138.9170656912,15.823280632231,2.));
#8329 = CARTESIAN_POINT('',(-126.5041946698,-50.04531567116,2.));
#8330 = CARTESIAN_POINT('',(-105.0661556291,-43.64201794756,2.));
#8331 = CARTESIAN_POINT('',(-41.23118281336,-45.38661253857,2.));
#8332 = CARTESIAN_POINT('',(-9.113117367284E-03,-44.81153189812,2.));
#8333 = CARTESIAN_POINT('',(41.26763528283,-45.36725986891,2.));
#8334 = CARTESIAN_POINT('',(104.93857198604,-43.7194286262,2.));
#8335 = CARTESIAN_POINT('',(126.97807677298,-49.75502562627,2.));
#8336 = CARTESIAN_POINT('',(137.149120922,14.739531131318,2.));
#8337 = CARTESIAN_POINT('',(143.33333333333,58.777777777778,2.));
#8338 = CARTESIAN_POINT('',(132.66666666666,91.222222222222,2.));
#8339 = PCURVE('',#656,#8340);
#8340 = DEFINITIONAL_REPRESENTATION('',(#8341),#8369);
#8341 = B_SPLINE_CURVE_WITH_KNOTS('',3,(#8342,#8343,#8344,#8345,#8346,
    #8347,#8348,#8349,#8350,#8351,#8352,#8353,#8354,#8355,#8356,#8357,
    #8358,#8359,#8360,#8361,#8362,#8363,#8364,#8365,#8366,#8367,#8368),
  .UNSPECIFIED.,.T.,.F.,(1,1,2,1,1,1,1,1,1,1,1,1,1,1,1,1,1,1,1,1,1,1,1,1
    ,1,1,2,1,1),(-2.,-1.,0.,1.,2.,3.,4.,5.,6.,7.,8.,9.,10.,11.,12.,13.,
    14.,15.,16.,17.,18.,19.,20.,21.,22.,23.,24.,25.,26.),.UNSPECIFIED.);
#8342 = CARTESIAN_POINT('',(-10.60348385323,13.385479761507));
#8343 = CARTESIAN_POINT('',(10.603483853238,-13.3854797615));
#8344 = CARTESIAN_POINT('',(24.43794069365,-47.75203213941));
#8345 = CARTESIAN_POINT('',(36.450213386906,-100.9056785108));
#8346 = CARTESIAN_POINT('',(59.32647781882,-103.4908103837));
#8347 = CARTESIAN_POINT('',(90.881643332257,-111.7978958555));
#8348 = CARTESIAN_POINT('',(126.04977107953,-142.4854731289));
#8349 = CARTESIAN_POINT('',(160.86148135556,-139.8753141209));
#8350 = CARTESIAN_POINT('',(193.56871503746,-126.5848962753));
#8351 = CARTESIAN_POINT('',(227.09996011482,-115.5244126135));
#8352 = CARTESIAN_POINT('',(255.29884846892,-94.9615084132));
#8353 = CARTESIAN_POINT('',(262.26401194604,-48.81187794243));
#8354 = CARTESIAN_POINT('',(280.73864892376,-22.00637507916));
#8355 = CARTESIAN_POINT('',(297.1834493217,-5.357272580437));
#8356 = CARTESIAN_POINT('',(269.32713971068,43.435465400913));
#8357 = CARTESIAN_POINT('',(261.36759465051,94.224169166744));
#8358 = CARTESIAN_POINT('',(239.48856611145,151.096565441));
#8359 = CARTESIAN_POINT('',(205.10912194035,208.63616193298));
#8360 = CARTESIAN_POINT('',(187.19739632663,195.22863325739));
#8361 = CARTESIAN_POINT('',(126.6812602279,174.83881628019));
#8362 = CARTESIAN_POINT('',(88.189550256547,160.07473787192));
#8363 = CARTESIAN_POINT('',(49.256316823707,146.35314443184));
#8364 = CARTESIAN_POINT('',(-9.935248890569,122.83587255006));
#8365 = CARTESIAN_POINT('',(-32.70373258063,120.89567852462));
#8366 = CARTESIAN_POINT('',(-19.99520068179,56.8527928353));
#8367 = CARTESIAN_POINT('',(-10.60348385323,13.385479761507));
#8368 = CARTESIAN_POINT('',(10.603483853238,-13.3854797615));
#8369 = ( GEOMETRIC_REPRESENTATION_CONTEXT(2) 
PARAMETRIC_REPRESENTATION_CONTEXT() REPRESENTATION_CONTEXT('2D SPACE',''
  ) );
#8370 = PCURVE('',#5099,#8371);
#8371 = DEFINITIONAL_REPRESENTATION('',(#8372),#8376);
#8372 = LINE('',#8373,#8374);
#8373 = CARTESIAN_POINT('',(0.,0.));
#8374 = VECTOR('',#8375,1.);
#8375 = DIRECTION('',(1.,0.));
#8376 = ( GEOMETRIC_REPRESENTATION_CONTEXT(2) 
PARAMETRIC_REPRESENTATION_CONTEXT() REPRESENTATION_CONTEXT('2D SPACE',''
  ) );
#8377 = ORIENTED_EDGE('',*,*,#8378,.F.);
#8378 = EDGE_CURVE('',#8379,#8308,#8381,.T.);
#8379 = VERTEX_POINT('',#8380);
#8380 = CARTESIAN_POINT('',(-1.024702958303E-07,-45.00000000002,2.));
#8381 = SURFACE_CURVE('',#8382,(#8386,#8392),.PCURVE_S1.);
#8382 = LINE('',#8383,#8384);
#8383 = CARTESIAN_POINT('',(-81.,-45.,2.));
#8384 = VECTOR('',#8385,1.);
#8385 = DIRECTION('',(-1.,0.,-4.399158488766E-19));
#8386 = PCURVE('',#656,#8387);
#8387 = DEFINITIONAL_REPRESENTATION('',(#8388),#8391);
#8388 = B_SPLINE_CURVE_WITH_KNOTS('',1,(#8389,#8390),.UNSPECIFIED.,.F.,
  .F.,(2,2),(-209.7262479591,59.227453295463),.PIECEWISE_BEZIER_KNOTS.);
#8389 = CARTESIAN_POINT('',(-32.70373258063,115.82947963368));
#8390 = CARTESIAN_POINT('',(219.73044327346,208.63616193298));
#8391 = ( GEOMETRIC_REPRESENTATION_CONTEXT(2) 
PARAMETRIC_REPRESENTATION_CONTEXT() REPRESENTATION_CONTEXT('2D SPACE',''
  ) );
#8392 = PCURVE('',#8393,#8398);
#8393 = PLANE('',#8394);
#8394 = AXIS2_PLACEMENT_3D('',#8395,#8396,#8397);
#8395 = CARTESIAN_POINT('',(-300.,-45.,0.));
#8396 = DIRECTION('',(0.,1.,0.));
#8397 = DIRECTION('',(0.,0.,1.));
#8398 = DEFINITIONAL_REPRESENTATION('',(#8399),#8402);
#8399 = B_SPLINE_CURVE_WITH_KNOTS('',1,(#8400,#8401),.UNSPECIFIED.,.F.,
  .F.,(2,2),(-209.7262479591,59.227453295463),.PIECEWISE_BEZIER_KNOTS.);
#8400 = CARTESIAN_POINT('',(2.,428.72624795912));
#8401 = CARTESIAN_POINT('',(2.,159.77254670453));
#8402 = ( GEOMETRIC_REPRESENTATION_CONTEXT(2) 
PARAMETRIC_REPRESENTATION_CONTEXT() REPRESENTATION_CONTEXT('2D SPACE',''
  ) );
#8403 = ORIENTED_EDGE('',*,*,#8404,.T.);
#8404 = EDGE_CURVE('',#8379,#8405,#8407,.T.);
#8405 = VERTEX_POINT('',#8406);
#8406 = CARTESIAN_POINT('',(0.718262763233,-45.00000000003,2.));
#8407 = SURFACE_CURVE('',#8408,(#8436,#8467),.PCURVE_S1.);
#8408 = B_SPLINE_CURVE_WITH_KNOTS('',3,(#8409,#8410,#8411,#8412,#8413,
    #8414,#8415,#8416,#8417,#8418,#8419,#8420,#8421,#8422,#8423,#8424,
    #8425,#8426,#8427,#8428,#8429,#8430,#8431,#8432,#8433,#8434,#8435),
  .UNSPECIFIED.,.T.,.F.,(1,1,2,1,1,1,1,1,1,1,1,1,1,1,1,1,1,1,1,1,1,1,1,1
    ,1,1,2,1,1),(-2.,-1.,0.,1.,2.,3.,4.,5.,6.,7.,8.,9.,10.,11.,12.,13.,
    14.,15.,16.,17.,18.,19.,20.,21.,22.,23.,24.,25.,26.),.UNSPECIFIED.);
#8409 = CARTESIAN_POINT('',(143.33333333333,58.777777777778,2.));
#8410 = CARTESIAN_POINT('',(132.66666666666,91.222222222222,2.));
#8411 = CARTESIAN_POINT('',(131.54065872839,128.25172700605,2.));
#8412 = CARTESIAN_POINT('',(138.6076944506,182.28562214547,2.));
#8413 = CARTESIAN_POINT('',(118.02856346917,192.60578441203,2.));
#8414 = CARTESIAN_POINT('',(91.278051672701,211.29124020637,2.));
#8415 = CARTESIAN_POINT('',(68.859229840023,252.22925476248,2.));
#8416 = CARTESIAN_POINT('',(35.285028967207,261.7917407437,2.));
#8417 = CARTESIAN_POINT('',(6.542911472914E-04,260.60378226269,2.));
#8418 = CARTESIAN_POINT('',(-35.28764613179,261.79313020551,2.));
#8419 = CARTESIAN_POINT('',(-68.85006976396,252.22369691526,2.));
#8420 = CARTESIAN_POINT('',(-91.31207481236,211.31208213343,2.));
#8421 = CARTESIAN_POINT('',(-117.9016309865,192.527974551,2.));
#8422 = CARTESIAN_POINT('',(-139.0814012412,182.57601966254,2.));
#8423 = CARTESIAN_POINT('',(-129.7727640484,127.1679467988,2.));
#8424 = CARTESIAN_POINT('',(-139.827542565,76.752193142242,2.));
#8425 = CARTESIAN_POINT('',(-138.9170656912,15.823280632231,2.));
#8426 = CARTESIAN_POINT('',(-126.5041946698,-50.04531567116,2.));
#8427 = CARTESIAN_POINT('',(-105.0661556291,-43.64201794756,2.));
#8428 = CARTESIAN_POINT('',(-41.23118281336,-45.38661253857,2.));
#8429 = CARTESIAN_POINT('',(-9.113117367284E-03,-44.81153189812,2.));
#8430 = CARTESIAN_POINT('',(41.26763528283,-45.36725986891,2.));
#8431 = CARTESIAN_POINT('',(104.93857198604,-43.7194286262,2.));
#8432 = CARTESIAN_POINT('',(126.97807677298,-49.75502562627,2.));
#8433 = CARTESIAN_POINT('',(137.149120922,14.739531131318,2.));
#8434 = CARTESIAN_POINT('',(143.33333333333,58.777777777778,2.));
#8435 = CARTESIAN_POINT('',(132.66666666666,91.222222222222,2.));
#8436 = PCURVE('',#656,#8437);
#8437 = DEFINITIONAL_REPRESENTATION('',(#8438),#8466);
#8438 = B_SPLINE_CURVE_WITH_KNOTS('',3,(#8439,#8440,#8441,#8442,#8443,
    #8444,#8445,#8446,#8447,#8448,#8449,#8450,#8451,#8452,#8453,#8454,
    #8455,#8456,#8457,#8458,#8459,#8460,#8461,#8462,#8463,#8464,#8465),
  .UNSPECIFIED.,.T.,.F.,(1,1,2,1,1,1,1,1,1,1,1,1,1,1,1,1,1,1,1,1,1,1,1,1
    ,1,1,2,1,1),(-2.,-1.,0.,1.,2.,3.,4.,5.,6.,7.,8.,9.,10.,11.,12.,13.,
    14.,15.,16.,17.,18.,19.,20.,21.,22.,23.,24.,25.,26.),.UNSPECIFIED.);
#8439 = CARTESIAN_POINT('',(-10.60348385323,13.385479761507));
#8440 = CARTESIAN_POINT('',(10.603483853238,-13.3854797615));
#8441 = CARTESIAN_POINT('',(24.43794069365,-47.75203213941));
#8442 = CARTESIAN_POINT('',(36.450213386906,-100.9056785108));
#8443 = CARTESIAN_POINT('',(59.32647781882,-103.4908103837));
#8444 = CARTESIAN_POINT('',(90.881643332257,-111.7978958555));
#8445 = CARTESIAN_POINT('',(126.04977107953,-142.4854731289));
#8446 = CARTESIAN_POINT('',(160.86148135556,-139.8753141209));
#8447 = CARTESIAN_POINT('',(193.56871503746,-126.5848962753));
#8448 = CARTESIAN_POINT('',(227.09996011482,-115.5244126135));
#8449 = CARTESIAN_POINT('',(255.29884846892,-94.9615084132));
#8450 = CARTESIAN_POINT('',(262.26401194604,-48.81187794243));
#8451 = CARTESIAN_POINT('',(280.73864892376,-22.00637507916));
#8452 = CARTESIAN_POINT('',(297.1834493217,-5.357272580437));
#8453 = CARTESIAN_POINT('',(269.32713971068,43.435465400913));
#8454 = CARTESIAN_POINT('',(261.36759465051,94.224169166744));
#8455 = CARTESIAN_POINT('',(239.48856611145,151.096565441));
#8456 = CARTESIAN_POINT('',(205.10912194035,208.63616193298));
#8457 = CARTESIAN_POINT('',(187.19739632663,195.22863325739));
#8458 = CARTESIAN_POINT('',(126.6812602279,174.83881628019));
#8459 = CARTESIAN_POINT('',(88.189550256547,160.07473787192));
#8460 = CARTESIAN_POINT('',(49.256316823707,146.35314443184));
#8461 = CARTESIAN_POINT('',(-9.935248890569,122.83587255006));
#8462 = CARTESIAN_POINT('',(-32.70373258063,120.89567852462));
#8463 = CARTESIAN_POINT('',(-19.99520068179,56.8527928353));
#8464 = CARTESIAN_POINT('',(-10.60348385323,13.385479761507));
#8465 = CARTESIAN_POINT('',(10.603483853238,-13.3854797615));
#8466 = ( GEOMETRIC_REPRESENTATION_CONTEXT(2) 
PARAMETRIC_REPRESENTATION_CONTEXT() REPRESENTATION_CONTEXT('2D SPACE',''
  ) );
#8467 = PCURVE('',#5099,#8468);
#8468 = DEFINITIONAL_REPRESENTATION('',(#8469),#8473);
#8469 = LINE('',#8470,#8471);
#8470 = CARTESIAN_POINT('',(0.,0.));
#8471 = VECTOR('',#8472,1.);
#8472 = DIRECTION('',(1.,0.));
#8473 = ( GEOMETRIC_REPRESENTATION_CONTEXT(2) 
PARAMETRIC_REPRESENTATION_CONTEXT() REPRESENTATION_CONTEXT('2D SPACE',''
  ) );
#8474 = ORIENTED_EDGE('',*,*,#8475,.F.);
#8475 = EDGE_CURVE('',#8476,#8405,#8478,.T.);
#8476 = VERTEX_POINT('',#8477);
#8477 = CARTESIAN_POINT('',(44.999999999999,-45.,2.));
#8478 = SURFACE_CURVE('',#8479,(#8483,#8489),.PCURVE_S1.);
#8479 = LINE('',#8480,#8481);
#8480 = CARTESIAN_POINT('',(-81.,-45.,2.));
#8481 = VECTOR('',#8482,1.);
#8482 = DIRECTION('',(-1.,0.,-4.399158488766E-19));
#8483 = PCURVE('',#656,#8484);
#8484 = DEFINITIONAL_REPRESENTATION('',(#8485),#8488);
#8485 = B_SPLINE_CURVE_WITH_KNOTS('',1,(#8486,#8487),.UNSPECIFIED.,.F.,
  .F.,(2,2),(-209.7262479591,59.227453295463),.PIECEWISE_BEZIER_KNOTS.);
#8486 = CARTESIAN_POINT('',(-32.70373258063,115.82947963368));
#8487 = CARTESIAN_POINT('',(219.73044327346,208.63616193298));
#8488 = ( GEOMETRIC_REPRESENTATION_CONTEXT(2) 
PARAMETRIC_REPRESENTATION_CONTEXT() REPRESENTATION_CONTEXT('2D SPACE',''
  ) );
#8489 = PCURVE('',#8490,#8495);
#8490 = PLANE('',#8491);
#8491 = AXIS2_PLACEMENT_3D('',#8492,#8493,#8494);
#8492 = CARTESIAN_POINT('',(-300.,-45.,0.));
#8493 = DIRECTION('',(0.,1.,0.));
#8494 = DIRECTION('',(0.,0.,1.));
#8495 = DEFINITIONAL_REPRESENTATION('',(#8496),#8499);
#8496 = B_SPLINE_CURVE_WITH_KNOTS('',1,(#8497,#8498),.UNSPECIFIED.,.F.,
  .F.,(2,2),(-209.7262479591,59.227453295463),.PIECEWISE_BEZIER_KNOTS.);
#8497 = CARTESIAN_POINT('',(2.,428.72624795912));
#8498 = CARTESIAN_POINT('',(2.,159.77254670453));
#8499 = ( GEOMETRIC_REPRESENTATION_CONTEXT(2) 
PARAMETRIC_REPRESENTATION_CONTEXT() REPRESENTATION_CONTEXT('2D SPACE',''
  ) );
#8500 = ORIENTED_EDGE('',*,*,#8501,.T.);
#8501 = EDGE_CURVE('',#8476,#8076,#8502,.T.);
#8502 = SURFACE_CURVE('',#8503,(#8531,#8562),.PCURVE_S1.);
#8503 = B_SPLINE_CURVE_WITH_KNOTS('',3,(#8504,#8505,#8506,#8507,#8508,
    #8509,#8510,#8511,#8512,#8513,#8514,#8515,#8516,#8517,#8518,#8519,
    #8520,#8521,#8522,#8523,#8524,#8525,#8526,#8527,#8528,#8529,#8530),
  .UNSPECIFIED.,.T.,.F.,(1,1,2,1,1,1,1,1,1,1,1,1,1,1,1,1,1,1,1,1,1,1,1,1
    ,1,1,2,1,1),(-2.,-1.,0.,1.,2.,3.,4.,5.,6.,7.,8.,9.,10.,11.,12.,13.,
    14.,15.,16.,17.,18.,19.,20.,21.,22.,23.,24.,25.,26.),.UNSPECIFIED.);
#8504 = CARTESIAN_POINT('',(143.33333333333,58.777777777778,2.));
#8505 = CARTESIAN_POINT('',(132.66666666666,91.222222222222,2.));
#8506 = CARTESIAN_POINT('',(131.54065872839,128.25172700605,2.));
#8507 = CARTESIAN_POINT('',(138.6076944506,182.28562214547,2.));
#8508 = CARTESIAN_POINT('',(118.02856346917,192.60578441203,2.));
#8509 = CARTESIAN_POINT('',(91.278051672701,211.29124020637,2.));
#8510 = CARTESIAN_POINT('',(68.859229840023,252.22925476248,2.));
#8511 = CARTESIAN_POINT('',(35.285028967207,261.7917407437,2.));
#8512 = CARTESIAN_POINT('',(6.542911472914E-04,260.60378226269,2.));
#8513 = CARTESIAN_POINT('',(-35.28764613179,261.79313020551,2.));
#8514 = CARTESIAN_POINT('',(-68.85006976396,252.22369691526,2.));
#8515 = CARTESIAN_POINT('',(-91.31207481236,211.31208213343,2.));
#8516 = CARTESIAN_POINT('',(-117.9016309865,192.527974551,2.));
#8517 = CARTESIAN_POINT('',(-139.0814012412,182.57601966254,2.));
#8518 = CARTESIAN_POINT('',(-129.7727640484,127.1679467988,2.));
#8519 = CARTESIAN_POINT('',(-139.827542565,76.752193142242,2.));
#8520 = CARTESIAN_POINT('',(-138.9170656912,15.823280632231,2.));
#8521 = CARTESIAN_POINT('',(-126.5041946698,-50.04531567116,2.));
#8522 = CARTESIAN_POINT('',(-105.0661556291,-43.64201794756,2.));
#8523 = CARTESIAN_POINT('',(-41.23118281336,-45.38661253857,2.));
#8524 = CARTESIAN_POINT('',(-9.113117367284E-03,-44.81153189812,2.));
#8525 = CARTESIAN_POINT('',(41.26763528283,-45.36725986891,2.));
#8526 = CARTESIAN_POINT('',(104.93857198604,-43.7194286262,2.));
#8527 = CARTESIAN_POINT('',(126.97807677298,-49.75502562627,2.));
#8528 = CARTESIAN_POINT('',(137.149120922,14.739531131318,2.));
#8529 = CARTESIAN_POINT('',(143.33333333333,58.777777777778,2.));
#8530 = CARTESIAN_POINT('',(132.66666666666,91.222222222222,2.));
#8531 = PCURVE('',#656,#8532);
#8532 = DEFINITIONAL_REPRESENTATION('',(#8533),#8561);
#8533 = B_SPLINE_CURVE_WITH_KNOTS('',3,(#8534,#8535,#8536,#8537,#8538,
    #8539,#8540,#8541,#8542,#8543,#8544,#8545,#8546,#8547,#8548,#8549,
    #8550,#8551,#8552,#8553,#8554,#8555,#8556,#8557,#8558,#8559,#8560),
  .UNSPECIFIED.,.T.,.F.,(1,1,2,1,1,1,1,1,1,1,1,1,1,1,1,1,1,1,1,1,1,1,1,1
    ,1,1,2,1,1),(-2.,-1.,0.,1.,2.,3.,4.,5.,6.,7.,8.,9.,10.,11.,12.,13.,
    14.,15.,16.,17.,18.,19.,20.,21.,22.,23.,24.,25.,26.),.UNSPECIFIED.);
#8534 = CARTESIAN_POINT('',(-10.60348385323,13.385479761507));
#8535 = CARTESIAN_POINT('',(10.603483853238,-13.3854797615));
#8536 = CARTESIAN_POINT('',(24.43794069365,-47.75203213941));
#8537 = CARTESIAN_POINT('',(36.450213386906,-100.9056785108));
#8538 = CARTESIAN_POINT('',(59.32647781882,-103.4908103837));
#8539 = CARTESIAN_POINT('',(90.881643332257,-111.7978958555));
#8540 = CARTESIAN_POINT('',(126.04977107953,-142.4854731289));
#8541 = CARTESIAN_POINT('',(160.86148135556,-139.8753141209));
#8542 = CARTESIAN_POINT('',(193.56871503746,-126.5848962753));
#8543 = CARTESIAN_POINT('',(227.09996011482,-115.5244126135));
#8544 = CARTESIAN_POINT('',(255.29884846892,-94.9615084132));
#8545 = CARTESIAN_POINT('',(262.26401194604,-48.81187794243));
#8546 = CARTESIAN_POINT('',(280.73864892376,-22.00637507916));
#8547 = CARTESIAN_POINT('',(297.1834493217,-5.357272580437));
#8548 = CARTESIAN_POINT('',(269.32713971068,43.435465400913));
#8549 = CARTESIAN_POINT('',(261.36759465051,94.224169166744));
#8550 = CARTESIAN_POINT('',(239.48856611145,151.096565441));
#8551 = CARTESIAN_POINT('',(205.10912194035,208.63616193298));
#8552 = CARTESIAN_POINT('',(187.19739632663,195.22863325739));
#8553 = CARTESIAN_POINT('',(126.6812602279,174.83881628019));
#8554 = CARTESIAN_POINT('',(88.189550256547,160.07473787192));
#8555 = CARTESIAN_POINT('',(49.256316823707,146.35314443184));
#8556 = CARTESIAN_POINT('',(-9.935248890569,122.83587255006));
#8557 = CARTESIAN_POINT('',(-32.70373258063,120.89567852462));
#8558 = CARTESIAN_POINT('',(-19.99520068179,56.8527928353));
#8559 = CARTESIAN_POINT('',(-10.60348385323,13.385479761507));
#8560 = CARTESIAN_POINT('',(10.603483853238,-13.3854797615));
#8561 = ( GEOMETRIC_REPRESENTATION_CONTEXT(2) 
PARAMETRIC_REPRESENTATION_CONTEXT() REPRESENTATION_CONTEXT('2D SPACE',''
  ) );
#8562 = PCURVE('',#5099,#8563);
#8563 = DEFINITIONAL_REPRESENTATION('',(#8564),#8568);
#8564 = LINE('',#8565,#8566);
#8565 = CARTESIAN_POINT('',(0.,0.));
#8566 = VECTOR('',#8567,1.);
#8567 = DIRECTION('',(1.,0.));
#8568 = ( GEOMETRIC_REPRESENTATION_CONTEXT(2) 
PARAMETRIC_REPRESENTATION_CONTEXT() REPRESENTATION_CONTEXT('2D SPACE',''
  ) );
#8569 = ADVANCED_FACE('',(#8570),#1007,.F.);
#8570 = FACE_BOUND('',#8571,.F.);
#8571 = EDGE_LOOP('',(#8572,#8573,#8594,#8595,#8596,#8617));
#8572 = ORIENTED_EDGE('',*,*,#5363,.F.);
#8573 = ORIENTED_EDGE('',*,*,#8574,.T.);
#8574 = EDGE_CURVE('',#5364,#7503,#8575,.T.);
#8575 = SURFACE_CURVE('',#8576,(#8580,#8587),.PCURVE_S1.);
#8576 = LINE('',#8577,#8578);
#8577 = CARTESIAN_POINT('',(102.,-44.,13.));
#8578 = VECTOR('',#8579,1.);
#8579 = DIRECTION('',(0.,1.,0.));
#8580 = PCURVE('',#1007,#8581);
#8581 = DEFINITIONAL_REPRESENTATION('',(#8582),#8586);
#8582 = LINE('',#8583,#8584);
#8583 = CARTESIAN_POINT('',(0.,0.));
#8584 = VECTOR('',#8585,1.);
#8585 = DIRECTION('',(0.,-1.));
#8586 = ( GEOMETRIC_REPRESENTATION_CONTEXT(2) 
PARAMETRIC_REPRESENTATION_CONTEXT() REPRESENTATION_CONTEXT('2D SPACE',''
  ) );
#8587 = PCURVE('',#5490,#8588);
#8588 = DEFINITIONAL_REPRESENTATION('',(#8589),#8593);
#8589 = LINE('',#8590,#8591);
#8590 = CARTESIAN_POINT('',(54.,0.));
#8591 = VECTOR('',#8592,1.);
#8592 = DIRECTION('',(0.,1.));
#8593 = ( GEOMETRIC_REPRESENTATION_CONTEXT(2) 
PARAMETRIC_REPRESENTATION_CONTEXT() REPRESENTATION_CONTEXT('2D SPACE',''
  ) );
#8594 = ORIENTED_EDGE('',*,*,#7502,.T.);
#8595 = ORIENTED_EDGE('',*,*,#983,.T.);
#8596 = ORIENTED_EDGE('',*,*,#8597,.T.);
#8597 = EDGE_CURVE('',#986,#4686,#8598,.T.);
#8598 = SURFACE_CURVE('',#8599,(#8603,#8610),.PCURVE_S1.);
#8599 = LINE('',#8600,#8601);
#8600 = CARTESIAN_POINT('',(102.,-37.,13.));
#8601 = VECTOR('',#8602,1.);
#8602 = DIRECTION('',(0.,0.,1.));
#8603 = PCURVE('',#1007,#8604);
#8604 = DEFINITIONAL_REPRESENTATION('',(#8605),#8609);
#8605 = LINE('',#8606,#8607);
#8606 = CARTESIAN_POINT('',(0.,-7.));
#8607 = VECTOR('',#8608,1.);
#8608 = DIRECTION('',(1.,0.));
#8609 = ( GEOMETRIC_REPRESENTATION_CONTEXT(2) 
PARAMETRIC_REPRESENTATION_CONTEXT() REPRESENTATION_CONTEXT('2D SPACE',''
  ) );
#8610 = PCURVE('',#2039,#8611);
#8611 = DEFINITIONAL_REPRESENTATION('',(#8612),#8616);
#8612 = LINE('',#8613,#8614);
#8613 = CARTESIAN_POINT('',(0.,54.));
#8614 = VECTOR('',#8615,1.);
#8615 = DIRECTION('',(1.,0.));
#8616 = ( GEOMETRIC_REPRESENTATION_CONTEXT(2) 
PARAMETRIC_REPRESENTATION_CONTEXT() REPRESENTATION_CONTEXT('2D SPACE',''
  ) );
#8617 = ORIENTED_EDGE('',*,*,#4831,.F.);
#8618 = ADVANCED_FACE('',(#8619),#2039,.F.);
#8619 = FACE_BOUND('',#8620,.F.);
#8620 = EDGE_LOOP('',(#8621,#8622,#8623,#8644));
#8621 = ORIENTED_EDGE('',*,*,#8597,.F.);
#8622 = ORIENTED_EDGE('',*,*,#1929,.F.);
#8623 = ORIENTED_EDGE('',*,*,#8624,.T.);
#8624 = EDGE_CURVE('',#1896,#4657,#8625,.T.);
#8625 = SURFACE_CURVE('',#8626,(#8630,#8637),.PCURVE_S1.);
#8626 = LINE('',#8627,#8628);
#8627 = CARTESIAN_POINT('',(48.,-37.,13.));
#8628 = VECTOR('',#8629,1.);
#8629 = DIRECTION('',(0.,0.,1.));
#8630 = PCURVE('',#2039,#8631);
#8631 = DEFINITIONAL_REPRESENTATION('',(#8632),#8636);
#8632 = LINE('',#8633,#8634);
#8633 = CARTESIAN_POINT('',(0.,0.));
#8634 = VECTOR('',#8635,1.);
#8635 = DIRECTION('',(1.,0.));
#8636 = ( GEOMETRIC_REPRESENTATION_CONTEXT(2) 
PARAMETRIC_REPRESENTATION_CONTEXT() REPRESENTATION_CONTEXT('2D SPACE',''
  ) );
#8637 = PCURVE('',#1915,#8638);
#8638 = DEFINITIONAL_REPRESENTATION('',(#8639),#8643);
#8639 = LINE('',#8640,#8641);
#8640 = CARTESIAN_POINT('',(0.,-7.));
#8641 = VECTOR('',#8642,1.);
#8642 = DIRECTION('',(1.,0.));
#8643 = ( GEOMETRIC_REPRESENTATION_CONTEXT(2) 
PARAMETRIC_REPRESENTATION_CONTEXT() REPRESENTATION_CONTEXT('2D SPACE',''
  ) );
#8644 = ORIENTED_EDGE('',*,*,#4685,.T.);
#8645 = ADVANCED_FACE('',(#8646),#1915,.T.);
#8646 = FACE_BOUND('',#8647,.T.);
#8647 = EDGE_LOOP('',(#8648,#8649,#8672,#8698,#8717,#8718,#8719));
#8648 = ORIENTED_EDGE('',*,*,#5543,.F.);
#8649 = ORIENTED_EDGE('',*,*,#8650,.T.);
#8650 = EDGE_CURVE('',#5393,#8651,#8653,.T.);
#8651 = VERTEX_POINT('',#8652);
#8652 = CARTESIAN_POINT('',(48.,-41.,13.));
#8653 = SURFACE_CURVE('',#8654,(#8658,#8665),.PCURVE_S1.);
#8654 = LINE('',#8655,#8656);
#8655 = CARTESIAN_POINT('',(48.,-44.,13.));
#8656 = VECTOR('',#8657,1.);
#8657 = DIRECTION('',(0.,1.,0.));
#8658 = PCURVE('',#1915,#8659);
#8659 = DEFINITIONAL_REPRESENTATION('',(#8660),#8664);
#8660 = LINE('',#8661,#8662);
#8661 = CARTESIAN_POINT('',(0.,0.));
#8662 = VECTOR('',#8663,1.);
#8663 = DIRECTION('',(0.,-1.));
#8664 = ( GEOMETRIC_REPRESENTATION_CONTEXT(2) 
PARAMETRIC_REPRESENTATION_CONTEXT() REPRESENTATION_CONTEXT('2D SPACE',''
  ) );
#8665 = PCURVE('',#5490,#8666);
#8666 = DEFINITIONAL_REPRESENTATION('',(#8667),#8671);
#8667 = LINE('',#8668,#8669);
#8668 = CARTESIAN_POINT('',(0.,0.));
#8669 = VECTOR('',#8670,1.);
#8670 = DIRECTION('',(0.,1.));
#8671 = ( GEOMETRIC_REPRESENTATION_CONTEXT(2) 
PARAMETRIC_REPRESENTATION_CONTEXT() REPRESENTATION_CONTEXT('2D SPACE',''
  ) );
#8672 = ORIENTED_EDGE('',*,*,#8673,.F.);
#8673 = EDGE_CURVE('',#8674,#8651,#8676,.T.);
#8674 = VERTEX_POINT('',#8675);
#8675 = CARTESIAN_POINT('',(48.,-41.,19.));
#8676 = SURFACE_CURVE('',#8677,(#8681,#8687),.PCURVE_S1.);
#8677 = LINE('',#8678,#8679);
#8678 = CARTESIAN_POINT('',(48.,-41.,11.5));
#8679 = VECTOR('',#8680,1.);
#8680 = DIRECTION('',(0.,0.,-1.));
#8681 = PCURVE('',#1915,#8682);
#8682 = DEFINITIONAL_REPRESENTATION('',(#8683),#8686);
#8683 = B_SPLINE_CURVE_WITH_KNOTS('',1,(#8684,#8685),.UNSPECIFIED.,.F.,
  .F.,(2,2),(-7.5,-1.5),.PIECEWISE_BEZIER_KNOTS.);
#8684 = CARTESIAN_POINT('',(6.,-3.));
#8685 = CARTESIAN_POINT('',(0.,-3.));
#8686 = ( GEOMETRIC_REPRESENTATION_CONTEXT(2) 
PARAMETRIC_REPRESENTATION_CONTEXT() REPRESENTATION_CONTEXT('2D SPACE',''
  ) );
#8687 = PCURVE('',#8688,#8693);
#8688 = PLANE('',#8689);
#8689 = AXIS2_PLACEMENT_3D('',#8690,#8691,#8692);
#8690 = CARTESIAN_POINT('',(-89.,-41.,10.));
#8691 = DIRECTION('',(0.,1.,0.));
#8692 = DIRECTION('',(0.,0.,1.));
#8693 = DEFINITIONAL_REPRESENTATION('',(#8694),#8697);
#8694 = B_SPLINE_CURVE_WITH_KNOTS('',1,(#8695,#8696),.UNSPECIFIED.,.F.,
  .F.,(2,2),(-7.5,-1.5),.PIECEWISE_BEZIER_KNOTS.);
#8695 = CARTESIAN_POINT('',(9.,137.));
#8696 = CARTESIAN_POINT('',(3.,137.));
#8697 = ( GEOMETRIC_REPRESENTATION_CONTEXT(2) 
PARAMETRIC_REPRESENTATION_CONTEXT() REPRESENTATION_CONTEXT('2D SPACE',''
  ) );
#8698 = ORIENTED_EDGE('',*,*,#8699,.T.);
#8699 = EDGE_CURVE('',#8674,#1619,#8700,.T.);
#8700 = SURFACE_CURVE('',#8701,(#8705,#8711),.PCURVE_S1.);
#8701 = LINE('',#8702,#8703);
#8702 = CARTESIAN_POINT('',(48.,-42.5,19.));
#8703 = VECTOR('',#8704,1.);
#8704 = DIRECTION('',(0.,1.,0.));
#8705 = PCURVE('',#1915,#8706);
#8706 = DEFINITIONAL_REPRESENTATION('',(#8707),#8710);
#8707 = B_SPLINE_CURVE_WITH_KNOTS('',1,(#8708,#8709),.UNSPECIFIED.,.F.,
  .F.,(2,2),(1.5,4.333153713985),.PIECEWISE_BEZIER_KNOTS.);
#8708 = CARTESIAN_POINT('',(6.,-3.));
#8709 = CARTESIAN_POINT('',(6.,-5.833153713985));
#8710 = ( GEOMETRIC_REPRESENTATION_CONTEXT(2) 
PARAMETRIC_REPRESENTATION_CONTEXT() REPRESENTATION_CONTEXT('2D SPACE',''
  ) );
#8711 = PCURVE('',#1800,#8712);
#8712 = DEFINITIONAL_REPRESENTATION('',(#8713),#8716);
#8713 = B_SPLINE_CURVE_WITH_KNOTS('',1,(#8714,#8715),.UNSPECIFIED.,.F.,
  .F.,(2,2),(1.5,4.333153713985),.PIECEWISE_BEZIER_KNOTS.);
#8714 = CARTESIAN_POINT('',(137.,0.));
#8715 = CARTESIAN_POINT('',(137.,2.833153713985));
#8716 = ( GEOMETRIC_REPRESENTATION_CONTEXT(2) 
PARAMETRIC_REPRESENTATION_CONTEXT() REPRESENTATION_CONTEXT('2D SPACE',''
  ) );
#8717 = ORIENTED_EDGE('',*,*,#1895,.T.);
#8718 = ORIENTED_EDGE('',*,*,#8624,.T.);
#8719 = ORIENTED_EDGE('',*,*,#4656,.F.);
#8720 = ADVANCED_FACE('',(#8721),#1800,.F.);
#8721 = FACE_BOUND('',#8722,.F.);
#8722 = EDGE_LOOP('',(#8723,#8746,#8767,#8768));
#8723 = ORIENTED_EDGE('',*,*,#8724,.F.);
#8724 = EDGE_CURVE('',#8725,#1585,#8727,.T.);
#8725 = VERTEX_POINT('',#8726);
#8726 = CARTESIAN_POINT('',(-89.,-41.,19.));
#8727 = SURFACE_CURVE('',#8728,(#8732,#8739),.PCURVE_S1.);
#8728 = LINE('',#8729,#8730);
#8729 = CARTESIAN_POINT('',(-89.,-41.,19.));
#8730 = VECTOR('',#8731,1.);
#8731 = DIRECTION('',(0.,1.,0.));
#8732 = PCURVE('',#1800,#8733);
#8733 = DEFINITIONAL_REPRESENTATION('',(#8734),#8738);
#8734 = LINE('',#8735,#8736);
#8735 = CARTESIAN_POINT('',(0.,0.));
#8736 = VECTOR('',#8737,1.);
#8737 = DIRECTION('',(0.,1.));
#8738 = ( GEOMETRIC_REPRESENTATION_CONTEXT(2) 
PARAMETRIC_REPRESENTATION_CONTEXT() REPRESENTATION_CONTEXT('2D SPACE',''
  ) );
#8739 = PCURVE('',#1604,#8740);
#8740 = DEFINITIONAL_REPRESENTATION('',(#8741),#8745);
#8741 = LINE('',#8742,#8743);
#8742 = CARTESIAN_POINT('',(9.,0.));
#8743 = VECTOR('',#8744,1.);
#8744 = DIRECTION('',(0.,-1.));
#8745 = ( GEOMETRIC_REPRESENTATION_CONTEXT(2) 
PARAMETRIC_REPRESENTATION_CONTEXT() REPRESENTATION_CONTEXT('2D SPACE',''
  ) );
#8746 = ORIENTED_EDGE('',*,*,#8747,.T.);
#8747 = EDGE_CURVE('',#8725,#8674,#8748,.T.);
#8748 = SURFACE_CURVE('',#8749,(#8753,#8760),.PCURVE_S1.);
#8749 = LINE('',#8750,#8751);
#8750 = CARTESIAN_POINT('',(-89.,-41.,19.));
#8751 = VECTOR('',#8752,1.);
#8752 = DIRECTION('',(1.,0.,0.));
#8753 = PCURVE('',#1800,#8754);
#8754 = DEFINITIONAL_REPRESENTATION('',(#8755),#8759);
#8755 = LINE('',#8756,#8757);
#8756 = CARTESIAN_POINT('',(0.,0.));
#8757 = VECTOR('',#8758,1.);
#8758 = DIRECTION('',(1.,0.));
#8759 = ( GEOMETRIC_REPRESENTATION_CONTEXT(2) 
PARAMETRIC_REPRESENTATION_CONTEXT() REPRESENTATION_CONTEXT('2D SPACE',''
  ) );
#8760 = PCURVE('',#8688,#8761);
#8761 = DEFINITIONAL_REPRESENTATION('',(#8762),#8766);
#8762 = LINE('',#8763,#8764);
#8763 = CARTESIAN_POINT('',(9.,0.));
#8764 = VECTOR('',#8765,1.);
#8765 = DIRECTION('',(0.,1.));
#8766 = ( GEOMETRIC_REPRESENTATION_CONTEXT(2) 
PARAMETRIC_REPRESENTATION_CONTEXT() REPRESENTATION_CONTEXT('2D SPACE',''
  ) );
#8767 = ORIENTED_EDGE('',*,*,#8699,.T.);
#8768 = ORIENTED_EDGE('',*,*,#1618,.T.);
#8769 = ADVANCED_FACE('',(#8770),#1604,.T.);
#8770 = FACE_BOUND('',#8771,.T.);
#8771 = EDGE_LOOP('',(#8772,#8773,#8796,#8817,#8818));
#8772 = ORIENTED_EDGE('',*,*,#8724,.F.);
#8773 = ORIENTED_EDGE('',*,*,#8774,.F.);
#8774 = EDGE_CURVE('',#8775,#8725,#8777,.T.);
#8775 = VERTEX_POINT('',#8776);
#8776 = CARTESIAN_POINT('',(-89.,-41.,10.));
#8777 = SURFACE_CURVE('',#8778,(#8782,#8789),.PCURVE_S1.);
#8778 = LINE('',#8779,#8780);
#8779 = CARTESIAN_POINT('',(-89.,-41.,10.));
#8780 = VECTOR('',#8781,1.);
#8781 = DIRECTION('',(0.,0.,1.));
#8782 = PCURVE('',#1604,#8783);
#8783 = DEFINITIONAL_REPRESENTATION('',(#8784),#8788);
#8784 = LINE('',#8785,#8786);
#8785 = CARTESIAN_POINT('',(0.,0.));
#8786 = VECTOR('',#8787,1.);
#8787 = DIRECTION('',(1.,0.));
#8788 = ( GEOMETRIC_REPRESENTATION_CONTEXT(2) 
PARAMETRIC_REPRESENTATION_CONTEXT() REPRESENTATION_CONTEXT('2D SPACE',''
  ) );
#8789 = PCURVE('',#8688,#8790);
#8790 = DEFINITIONAL_REPRESENTATION('',(#8791),#8795);
#8791 = LINE('',#8792,#8793);
#8792 = CARTESIAN_POINT('',(0.,0.));
#8793 = VECTOR('',#8794,1.);
#8794 = DIRECTION('',(1.,0.));
#8795 = ( GEOMETRIC_REPRESENTATION_CONTEXT(2) 
PARAMETRIC_REPRESENTATION_CONTEXT() REPRESENTATION_CONTEXT('2D SPACE',''
  ) );
#8796 = ORIENTED_EDGE('',*,*,#8797,.T.);
#8797 = EDGE_CURVE('',#8775,#7712,#8798,.T.);
#8798 = SURFACE_CURVE('',#8799,(#8803,#8810),.PCURVE_S1.);
#8799 = LINE('',#8800,#8801);
#8800 = CARTESIAN_POINT('',(-89.,-41.,10.));
#8801 = VECTOR('',#8802,1.);
#8802 = DIRECTION('',(0.,1.,0.));
#8803 = PCURVE('',#1604,#8804);
#8804 = DEFINITIONAL_REPRESENTATION('',(#8805),#8809);
#8805 = LINE('',#8806,#8807);
#8806 = CARTESIAN_POINT('',(0.,0.));
#8807 = VECTOR('',#8808,1.);
#8808 = DIRECTION('',(0.,-1.));
#8809 = ( GEOMETRIC_REPRESENTATION_CONTEXT(2) 
PARAMETRIC_REPRESENTATION_CONTEXT() REPRESENTATION_CONTEXT('2D SPACE',''
  ) );
#8810 = PCURVE('',#7893,#8811);
#8811 = DEFINITIONAL_REPRESENTATION('',(#8812),#8816);
#8812 = LINE('',#8813,#8814);
#8813 = CARTESIAN_POINT('',(0.,0.));
#8814 = VECTOR('',#8815,1.);
#8815 = DIRECTION('',(0.,1.));
#8816 = ( GEOMETRIC_REPRESENTATION_CONTEXT(2) 
PARAMETRIC_REPRESENTATION_CONTEXT() REPRESENTATION_CONTEXT('2D SPACE',''
  ) );
#8817 = ORIENTED_EDGE('',*,*,#7988,.T.);
#8818 = ORIENTED_EDGE('',*,*,#1584,.T.);
#8819 = ADVANCED_FACE('',(#8820),#1514,.F.);
#8820 = FACE_BOUND('',#8821,.F.);
#8821 = EDGE_LOOP('',(#8822,#8843,#8844,#8845,#8846,#8867,#8868));
#8822 = ORIENTED_EDGE('',*,*,#8823,.F.);
#8823 = EDGE_CURVE('',#8174,#5572,#8824,.T.);
#8824 = SURFACE_CURVE('',#8825,(#8829,#8836),.PCURVE_S1.);
#8825 = LINE('',#8826,#8827);
#8826 = CARTESIAN_POINT('',(-109.,-43.,1.));
#8827 = VECTOR('',#8828,1.);
#8828 = DIRECTION('',(0.,0.,1.));
#8829 = PCURVE('',#1514,#8830);
#8830 = DEFINITIONAL_REPRESENTATION('',(#8831),#8835);
#8831 = LINE('',#8832,#8833);
#8832 = CARTESIAN_POINT('',(0.,0.));
#8833 = VECTOR('',#8834,1.);
#8834 = DIRECTION('',(1.,0.));
#8835 = ( GEOMETRIC_REPRESENTATION_CONTEXT(2) 
PARAMETRIC_REPRESENTATION_CONTEXT() REPRESENTATION_CONTEXT('2D SPACE',''
  ) );
#8836 = PCURVE('',#5672,#8837);
#8837 = DEFINITIONAL_REPRESENTATION('',(#8838),#8842);
#8838 = LINE('',#8839,#8840);
#8839 = CARTESIAN_POINT('',(0.,41.));
#8840 = VECTOR('',#8841,1.);
#8841 = DIRECTION('',(1.,0.));
#8842 = ( GEOMETRIC_REPRESENTATION_CONTEXT(2) 
PARAMETRIC_REPRESENTATION_CONTEXT() REPRESENTATION_CONTEXT('2D SPACE',''
  ) );
#8843 = ORIENTED_EDGE('',*,*,#8173,.T.);
#8844 = ORIENTED_EDGE('',*,*,#8016,.T.);
#8845 = ORIENTED_EDGE('',*,*,#1476,.T.);
#8846 = ORIENTED_EDGE('',*,*,#8847,.F.);
#8847 = EDGE_CURVE('',#4336,#1284,#8848,.T.);
#8848 = SURFACE_CURVE('',#8849,(#8853,#8860),.PCURVE_S1.);
#8849 = LINE('',#8850,#8851);
#8850 = CARTESIAN_POINT('',(-109.,-43.,31.));
#8851 = VECTOR('',#8852,1.);
#8852 = DIRECTION('',(0.,1.,0.));
#8853 = PCURVE('',#1514,#8854);
#8854 = DEFINITIONAL_REPRESENTATION('',(#8855),#8859);
#8855 = LINE('',#8856,#8857);
#8856 = CARTESIAN_POINT('',(30.,0.));
#8857 = VECTOR('',#8858,1.);
#8858 = DIRECTION('',(0.,-1.));
#8859 = ( GEOMETRIC_REPRESENTATION_CONTEXT(2) 
PARAMETRIC_REPRESENTATION_CONTEXT() REPRESENTATION_CONTEXT('2D SPACE',''
  ) );
#8860 = PCURVE('',#1409,#8861);
#8861 = DEFINITIONAL_REPRESENTATION('',(#8862),#8866);
#8862 = LINE('',#8863,#8864);
#8863 = CARTESIAN_POINT('',(41.,0.));
#8864 = VECTOR('',#8865,1.);
#8865 = DIRECTION('',(0.,1.));
#8866 = ( GEOMETRIC_REPRESENTATION_CONTEXT(2) 
PARAMETRIC_REPRESENTATION_CONTEXT() REPRESENTATION_CONTEXT('2D SPACE',''
  ) );
#8867 = ORIENTED_EDGE('',*,*,#4544,.F.);
#8868 = ORIENTED_EDGE('',*,*,#5571,.F.);
#8869 = ADVANCED_FACE('',(#8870),#1409,.F.);
#8870 = FACE_BOUND('',#8871,.F.);
#8871 = EDGE_LOOP('',(#8872,#8873,#8874,#8875));
#8872 = ORIENTED_EDGE('',*,*,#3219,.T.);
#8873 = ORIENTED_EDGE('',*,*,#4335,.F.);
#8874 = ORIENTED_EDGE('',*,*,#8847,.T.);
#8875 = ORIENTED_EDGE('',*,*,#1283,.T.);
#8876 = ADVANCED_FACE('',(#8877,#8927,#9289),#1165,.F.);
#8877 = FACE_BOUND('',#8878,.F.);
#8878 = EDGE_LOOP('',(#8879,#8880,#8881,#8882));
#8879 = ORIENTED_EDGE('',*,*,#2927,.F.);
#8880 = ORIENTED_EDGE('',*,*,#1125,.T.);
#8881 = ORIENTED_EDGE('',*,*,#2160,.T.);
#8882 = ORIENTED_EDGE('',*,*,#8883,.F.);
#8883 = EDGE_CURVE('',#2538,#2161,#8884,.T.);
#8884 = SURFACE_CURVE('',#8885,(#8913,#8920),.PCURVE_S1.);
#8885 = B_SPLINE_CURVE_WITH_KNOTS('',3,(#8886,#8887,#8888,#8889,#8890,
    #8891,#8892,#8893,#8894,#8895,#8896,#8897,#8898,#8899,#8900,#8901,
    #8902,#8903,#8904,#8905,#8906,#8907,#8908,#8909,#8910,#8911,#8912),
  .UNSPECIFIED.,.T.,.F.,(1,1,2,1,1,1,1,1,1,1,1,1,1,1,1,1,1,1,1,1,1,1,1,1
    ,1,1,2,1,1),(-2.,-1.,0.,1.,2.,3.,4.,5.,6.,7.,8.,9.,10.,11.,12.,13.,
    14.,15.,16.,17.,18.,19.,20.,21.,22.,23.,24.,25.,26.),.UNSPECIFIED.);
#8886 = CARTESIAN_POINT('',(79.008018086774,89.290281729612,46.));
#8887 = CARTESIAN_POINT('',(89.732872263821,107.34411377012,46.));
#8888 = CARTESIAN_POINT('',(93.918032414991,129.71254412343,46.));
#8889 = CARTESIAN_POINT('',(87.924619943347,165.977449029,46.));
#8890 = CARTESIAN_POINT('',(83.32038320912,174.26927032695,46.));
#8891 = CARTESIAN_POINT('',(71.672253950084,195.49099100561,46.));
#8892 = CARTESIAN_POINT('',(46.532849224797,215.97741628906,46.));
#8893 = CARTESIAN_POINT('',(25.575769242969,224.30822518635,46.));
#8894 = CARTESIAN_POINT('',(-2.073096478041E-04,228.34582184774,46.));
#8895 = CARTESIAN_POINT('',(-25.57494000437,224.30848742267,46.));
#8896 = CARTESIAN_POINT('',(-46.53575155986,215.97636734379,46.));
#8897 = CARTESIAN_POINT('',(-71.66147384839,195.49492455037,46.));
#8898 = CARTESIAN_POINT('',(-83.36060128079,174.25458509317,46.));
#8899 = CARTESIAN_POINT('',(-87.77452775833,166.03225641936,46.));
#8900 = CARTESIAN_POINT('',(-94.47818308335,129.50799979577,46.));
#8901 = CARTESIAN_POINT('',(-85.54978169977,96.923268513769,46.));
#8902 = CARTESIAN_POINT('',(-69.54536116931,72.702112648372,46.));
#8903 = CARTESIAN_POINT('',(-51.50329826239,58.559208215871,46.));
#8904 = CARTESIAN_POINT('',(-47.72665244118,55.63432847062,46.));
#8905 = CARTESIAN_POINT('',(-21.53897500881,44.099407019316,46.));
#8906 = CARTESIAN_POINT('',(2.887456386403E-03,42.449383371894,46.));
#8907 = CARTESIAN_POINT('',(21.527425183269,44.103059493108,46.));
#8908 = CARTESIAN_POINT('',(47.767076830592,55.61971857545,46.));
#8909 = CARTESIAN_POINT('',(51.353150530298,58.61399532276,46.));
#8910 = CARTESIAN_POINT('',(70.105527708276,72.497574115986,46.));
#8911 = CARTESIAN_POINT('',(79.008018086774,89.290281729612,46.));
#8912 = CARTESIAN_POINT('',(89.732872263821,107.34411377012,46.));
#8913 = PCURVE('',#1165,#8914);
#8914 = DEFINITIONAL_REPRESENTATION('',(#8915),#8919);
#8915 = LINE('',#8916,#8917);
#8916 = CARTESIAN_POINT('',(0.,1.));
#8917 = VECTOR('',#8918,1.);
#8918 = DIRECTION('',(1.,0.));
#8919 = ( GEOMETRIC_REPRESENTATION_CONTEXT(2) 
PARAMETRIC_REPRESENTATION_CONTEXT() REPRESENTATION_CONTEXT('2D SPACE',''
  ) );
#8920 = PCURVE('',#2761,#8921);
#8921 = DEFINITIONAL_REPRESENTATION('',(#8922),#8926);
#8922 = LINE('',#8923,#8924);
#8923 = CARTESIAN_POINT('',(0.,0.));
#8924 = VECTOR('',#8925,1.);
#8925 = DIRECTION('',(1.,0.));
#8926 = ( GEOMETRIC_REPRESENTATION_CONTEXT(2) 
PARAMETRIC_REPRESENTATION_CONTEXT() REPRESENTATION_CONTEXT('2D SPACE',''
  ) );
#8927 = FACE_BOUND('',#8928,.F.);
#8928 = EDGE_LOOP('',(#8929,#9124));
#8929 = ORIENTED_EDGE('',*,*,#8930,.T.);
#8930 = EDGE_CURVE('',#8931,#8933,#8935,.T.);
#8931 = VERTEX_POINT('',#8932);
#8932 = CARTESIAN_POINT('',(-95.,35.,39.159220013755));
#8933 = VERTEX_POINT('',#8934);
#8934 = CARTESIAN_POINT('',(-104.8139569116,36.351228645507,
    37.478596543864));
#8935 = SURFACE_CURVE('',#8936,(#8995,#9057),.PCURVE_S1.);
#8936 = B_SPLINE_CURVE_WITH_KNOTS('',8,(#8937,#8938,#8939,#8940,#8941,
    #8942,#8943,#8944,#8945,#8946,#8947,#8948,#8949,#8950,#8951,#8952,
    #8953,#8954,#8955,#8956,#8957,#8958,#8959,#8960,#8961,#8962,#8963,
    #8964,#8965,#8966,#8967,#8968,#8969,#8970,#8971,#8972,#8973,#8974,
    #8975,#8976,#8977,#8978,#8979,#8980,#8981,#8982,#8983,#8984,#8985,
    #8986,#8987,#8988,#8989,#8990,#8991,#8992,#8993,#8994),
  .UNSPECIFIED.,.F.,.F.,(9,7,7,7,7,7,7,7,9),(0.,0.156634823955,
    0.231470444337,0.314467969943,0.396382966129,0.48679953465,
    0.575917336513,0.741213745677,1.),.UNSPECIFIED.);
#8937 = CARTESIAN_POINT('',(-95.,35.,39.159220013755));
#8938 = CARTESIAN_POINT('',(-95.,34.661825050951,39.141393057789));
#8939 = CARTESIAN_POINT('',(-95.02614048719,34.324036532779,
    39.11930623544));
#8940 = CARTESIAN_POINT('',(-95.07831431125,33.989173009243,
    39.09315088836));
#8941 = CARTESIAN_POINT('',(-95.15608869938,33.659632685859,
    39.063152975889));
#8942 = CARTESIAN_POINT('',(-95.25877227663,33.33768859257,
    39.029560608138));
#8943 = CARTESIAN_POINT('',(-95.38545179875,33.025495366886,
    38.992637620239));
#8944 = CARTESIAN_POINT('',(-95.53499859751,32.725087637528,
    38.952663187767));
#8945 = CARTESIAN_POINT('',(-95.78776567242,32.301384559865,
    38.889524368848));
#8946 = CARTESIAN_POINT('',(-95.87440229945,32.167510667546,
    38.86848120818));
#8947 = CARTESIAN_POINT('',(-95.96581103184,32.036950316653,
    38.846839533345));
#8948 = CARTESIAN_POINT('',(-96.06184006799,31.909895530662,
    38.824631094569));
#8949 = CARTESIAN_POINT('',(-96.16232983452,31.786528639675,
    38.801887867337));
#8950 = CARTESIAN_POINT('',(-96.26711342813,31.667022548618,
    38.778642059424));
#8951 = CARTESIAN_POINT('',(-96.37601705749,31.551541005447,
    38.754926117924));
#8952 = CARTESIAN_POINT('',(-96.61401111834,31.316797627823,
    38.703985079538));
#8953 = CARTESIAN_POINT('',(-96.74400911557,31.198495898784,
    38.676659081636));
#8954 = CARTESIAN_POINT('',(-96.87860845457,31.085544732328,
    38.648839366055));
#8955 = CARTESIAN_POINT('',(-97.01755519351,30.978140031747,
    38.620570548458));
#8956 = CARTESIAN_POINT('',(-97.16058787064,30.876462920642,
    38.591897325563));
#8957 = CARTESIAN_POINT('',(-97.30743790393,30.780680110026,
    38.562864564014));
#8958 = CARTESIAN_POINT('',(-97.45782999063,30.690944265429,
    38.533517389253));
#8959 = CARTESIAN_POINT('',(-97.76313094709,30.52493421645,
    38.474671439904));
#8960 = CARTESIAN_POINT('',(-97.91795671051,30.44849892848,
    38.445179367858));
#8961 = CARTESIAN_POINT('',(-98.07568928964,30.378221717238,
    38.415468714604));
#8962 = CARTESIAN_POINT('',(-98.23605388499,30.314221937615,
    38.385583146733));
#8963 = CARTESIAN_POINT('',(-98.3987715629,30.256605246694,
    38.355566448141));
#8964 = CARTESIAN_POINT('',(-98.5635594131,30.205463758196,38.3254626271
    ));
#8965 = CARTESIAN_POINT('',(-98.73013070638,30.160876196931,
    38.295316023324));
#8966 = CARTESIAN_POINT('',(-99.0837020064,30.080999374432,
    38.231898239594));
#8967 = CARTESIAN_POINT('',(-99.27102981925,30.047155038685,
    38.198627174683));
#8968 = CARTESIAN_POINT('',(-99.45978775296,30.02146278815,
    38.165418443528));
#8969 = CARTESIAN_POINT('',(-99.64958200613,30.003990261059,
    38.132332509313));
#8970 = CARTESIAN_POINT('',(-99.84001584552,29.994784746876,
    38.099430210074));
#8971 = CARTESIAN_POINT('',(-100.0306897377,29.993872941448,
    38.066772893583));
#8972 = CARTESIAN_POINT('',(-100.2212014811,30.001260702152,
    38.034422552241));
#8973 = CARTESIAN_POINT('',(-100.5983627769,30.032379785877,
    37.970920741093));
#8974 = CARTESIAN_POINT('',(-100.7850306997,30.055875014006,
    37.939758356621));
#8975 = CARTESIAN_POINT('',(-100.9707620973,30.087403433848,
    37.90901493732));
#8976 = CARTESIAN_POINT('',(-101.1551691114,30.126930235439,
    37.878750929872));
#8977 = CARTESIAN_POINT('',(-101.3378643378,30.174400077866,
    37.84902709817));
#8978 = CARTESIAN_POINT('',(-101.5184611298,30.229736314695,
    37.819904526616));
#8979 = CARTESIAN_POINT('',(-101.696573903,30.292840219409,
    37.79144462343));
#8980 = CARTESIAN_POINT('',(-102.1968633997,30.494817858802,
    37.712265098451));
#8981 = CARTESIAN_POINT('',(-102.5121091474,30.652377685564,
    37.663302386336));
#8982 = CARTESIAN_POINT('',(-102.8150256938,30.835480655601,
    37.617227709199));
#8983 = CARTESIAN_POINT('',(-103.103192607,31.0430604269,37.574435090437
    ));
#8984 = CARTESIAN_POINT('',(-103.3742975226,31.27378682245,
    37.535307008144));
#8985 = CARTESIAN_POINT('',(-103.6261406944,31.526063155736,
    37.500212746019));
#8986 = CARTESIAN_POINT('',(-103.8566627951,31.797993274553,
    37.469499804445));
#8987 = CARTESIAN_POINT('',(-104.3886386722,32.540246195489,
    37.402728884689));
#8988 = CARTESIAN_POINT('',(-104.6574596688,33.037172497138,
    37.373348211181));
#8989 = CARTESIAN_POINT('',(-104.8616885143,33.568295533578,
    37.356764309573));
#8990 = CARTESIAN_POINT('',(-104.9963769847,34.122927797996,
    37.353760897718));
#8991 = CARTESIAN_POINT('',(-105.0584980559,34.690042000693,
    37.364768517783));
#8992 = CARTESIAN_POINT('',(-105.0473609971,35.258252019677,
    37.389730789636));
#8993 = CARTESIAN_POINT('',(-104.9642060878,35.815943175892,
    37.428123175608));
#8994 = CARTESIAN_POINT('',(-104.8139569116,36.351228645507,
    37.478596543864));
#8995 = PCURVE('',#1165,#8996);
#8996 = DEFINITIONAL_REPRESENTATION('',(#8997),#9056);
#8997 = B_SPLINE_CURVE_WITH_KNOTS('',8,(#8998,#8999,#9000,#9001,#9002,
    #9003,#9004,#9005,#9006,#9007,#9008,#9009,#9010,#9011,#9012,#9013,
    #9014,#9015,#9016,#9017,#9018,#9019,#9020,#9021,#9022,#9023,#9024,
    #9025,#9026,#9027,#9028,#9029,#9030,#9031,#9032,#9033,#9034,#9035,
    #9036,#9037,#9038,#9039,#9040,#9041,#9042,#9043,#9044,#9045,#9046,
    #9047,#9048,#9049,#9050,#9051,#9052,#9053,#9054,#9055),
  .UNSPECIFIED.,.F.,.F.,(9,7,7,7,7,7,7,7,9),(0.,0.156634823955,
    0.231470444337,0.314467969943,0.396382966129,0.48679953465,
    0.575917336513,0.741213745677,1.),.UNSPECIFIED.);
#8998 = CARTESIAN_POINT('',(15.286041887173,0.429935001146));
#8999 = CARTESIAN_POINT('',(15.292590506061,0.428449421482));
#9000 = CARTESIAN_POINT('',(15.298561056708,0.426608852953));
#9001 = CARTESIAN_POINT('',(15.30390133597,0.424429240697));
#9002 = CARTESIAN_POINT('',(15.308570498433,0.421929414657));
#9003 = CARTESIAN_POINT('',(15.312537784574,0.419130050678));
#9004 = CARTESIAN_POINT('',(15.315781787459,0.41605313502));
#9005 = CARTESIAN_POINT('',(15.31829025797,0.412721932314));
#9006 = CARTESIAN_POINT('',(15.320906194776,0.407460364071));
#9007 = CARTESIAN_POINT('',(15.321583497773,0.405706767348));
#9008 = CARTESIAN_POINT('',(15.32209204379,0.403903294445));
#9009 = CARTESIAN_POINT('',(15.322431985285,0.402052591214));
#9010 = CARTESIAN_POINT('',(15.322603913982,0.400157322278));
#9011 = CARTESIAN_POINT('',(15.322608833921,0.398220171619));
#9012 = CARTESIAN_POINT('',(15.322448134508,0.39624384316));
#9013 = CARTESIAN_POINT('',(15.321763593484,0.391998756628));
#9014 = CARTESIAN_POINT('',(15.32120205265,0.389721590136));
#9015 = CARTESIAN_POINT('',(15.320441330516,0.387403280505));
#9016 = CARTESIAN_POINT('',(15.319484349448,0.385047545705));
#9017 = CARTESIAN_POINT('',(15.318334523369,0.382658110464));
#9018 = CARTESIAN_POINT('',(15.316995716395,0.380238713668));
#9019 = CARTESIAN_POINT('',(15.315472201478,0.377793115771));
#9020 = CARTESIAN_POINT('',(15.312087256278,0.372889286659));
#9021 = CARTESIAN_POINT('',(15.310230476991,0.370431613988));
#9022 = CARTESIAN_POINT('',(15.308202746326,0.367955726217));
#9023 = CARTESIAN_POINT('',(15.306008856111,0.365465262228));
#9024 = CARTESIAN_POINT('',(15.303653897347,0.362963870678));
#9025 = CARTESIAN_POINT('',(15.301143232688,0.360455218925));
#9026 = CARTESIAN_POINT('',(15.298482468923,0.357943001944));
#9027 = CARTESIAN_POINT('',(15.292581268151,0.352658186633));
#9028 = CARTESIAN_POINT('',(15.289309298137,0.34988559789));
#9029 = CARTESIAN_POINT('',(15.285869367605,0.347118203627));
#9030 = CARTESIAN_POINT('',(15.282269602425,0.344361042443));
#9031 = CARTESIAN_POINT('',(15.278518387215,0.341619184173));
#9032 = CARTESIAN_POINT('',(15.274624346396,0.338897741132));
#9033 = CARTESIAN_POINT('',(15.270596325251,0.336201879353));
#9034 = CARTESIAN_POINT('',(15.262350070811,0.330910061758));
#9035 = CARTESIAN_POINT('',(15.258135352533,0.328313196385));
#9036 = CARTESIAN_POINT('',(15.253807905507,0.325751244777));
#9037 = CARTESIAN_POINT('',(15.249376554768,0.323229244156));
#9038 = CARTESIAN_POINT('',(15.244850267435,0.320752258181));
#9039 = CARTESIAN_POINT('',(15.240238159116,0.318325377218));
#9040 = CARTESIAN_POINT('',(15.23554950031,0.315953718619));
#9041 = CARTESIAN_POINT('',(15.221972668803,0.309355424871));
#9042 = CARTESIAN_POINT('',(15.212918859596,0.305275198861));
#9043 = CARTESIAN_POINT('',(15.203694334197,0.301435642433));
#9044 = CARTESIAN_POINT('',(15.194361325545,0.29786959087));
#9045 = CARTESIAN_POINT('',(15.184982315494,0.294608917345));
#9046 = CARTESIAN_POINT('',(15.17562044826,0.291684395502));
#9047 = CARTESIAN_POINT('',(15.166340211501,0.289124983704));
#9048 = CARTESIAN_POINT('',(15.142911464227,0.283560740391));
#9049 = CARTESIAN_POINT('',(15.128934532111,0.281112350932));
#9050 = CARTESIAN_POINT('',(15.115585075919,0.279730359131));
#9051 = CARTESIAN_POINT('',(15.103108551611,0.27948007481));
#9052 = CARTESIAN_POINT('',(15.091726241887,0.280397376482));
#9053 = CARTESIAN_POINT('',(15.081633606372,0.282477565803));
#9054 = CARTESIAN_POINT('',(15.073009473482,0.285676931301));
#9055 = CARTESIAN_POINT('',(15.065983489921,0.289883045322));
#9056 = ( GEOMETRIC_REPRESENTATION_CONTEXT(2) 
PARAMETRIC_REPRESENTATION_CONTEXT() REPRESENTATION_CONTEXT('2D SPACE',''
  ) );
#9057 = PCURVE('',#9058,#9063);
#9058 = CYLINDRICAL_SURFACE('',#9059,5.);
#9059 = AXIS2_PLACEMENT_3D('',#9060,#9061,#9062);
#9060 = CARTESIAN_POINT('',(-100.,35.,24.));
#9061 = DIRECTION('',(0.,0.,1.));
#9062 = DIRECTION('',(1.,0.,-0.));
#9063 = DEFINITIONAL_REPRESENTATION('',(#9064),#9123);
#9064 = B_SPLINE_CURVE_WITH_KNOTS('',8,(#9065,#9066,#9067,#9068,#9069,
    #9070,#9071,#9072,#9073,#9074,#9075,#9076,#9077,#9078,#9079,#9080,
    #9081,#9082,#9083,#9084,#9085,#9086,#9087,#9088,#9089,#9090,#9091,
    #9092,#9093,#9094,#9095,#9096,#9097,#9098,#9099,#9100,#9101,#9102,
    #9103,#9104,#9105,#9106,#9107,#9108,#9109,#9110,#9111,#9112,#9113,
    #9114,#9115,#9116,#9117,#9118,#9119,#9120,#9121,#9122),
  .UNSPECIFIED.,.F.,.F.,(9,7,7,7,7,7,7,7,9),(0.,0.156634823955,
    0.231470444337,0.314467969943,0.396382966129,0.48679953465,
    0.575917336513,0.741213745677,1.),.UNSPECIFIED.);
#9065 = CARTESIAN_POINT('',(6.28318530718,15.159220013755));
#9066 = CARTESIAN_POINT('',(6.21555031737,15.141393057789));
#9067 = CARTESIAN_POINT('',(6.147992810869,15.11930623544));
#9068 = CARTESIAN_POINT('',(6.080548142262,15.09315088836));
#9069 = CARTESIAN_POINT('',(6.013230571402,15.063152975889));
#9070 = CARTESIAN_POINT('',(5.946043403255,15.029560608138));
#9071 = CARTESIAN_POINT('',(5.878987280015,14.992637620239));
#9072 = CARTESIAN_POINT('',(5.812066625465,14.952663187767));
#9073 = CARTESIAN_POINT('',(5.713392314283,14.889524368848));
#9074 = CARTESIAN_POINT('',(5.681521139265,14.86848120818));
#9075 = CARTESIAN_POINT('',(5.649680632574,14.846839533345));
#9076 = CARTESIAN_POINT('',(5.617870270292,14.824631094569));
#9077 = CARTESIAN_POINT('',(5.586089205807,14.801887867337));
#9078 = CARTESIAN_POINT('',(5.554336387056,14.778642059424));
#9079 = CARTESIAN_POINT('',(5.522610673777,14.754926117924));
#9080 = CARTESIAN_POINT('',(5.45575392353,14.703985079538));
#9081 = CARTESIAN_POINT('',(5.42062849976,14.676659081636));
#9082 = CARTESIAN_POINT('',(5.385533124838,14.648839366055));
#9083 = CARTESIAN_POINT('',(5.350465770623,14.620570548458));
#9084 = CARTESIAN_POINT('',(5.31542408607,14.591897325563));
#9085 = CARTESIAN_POINT('',(5.280405543857,14.562864564014));
#9086 = CARTESIAN_POINT('',(5.24540758703,14.533517389253));
#9087 = CARTESIAN_POINT('',(5.175904202833,14.474671439904));
#9088 = CARTESIAN_POINT('',(5.141397982128,14.445179367858));
#9089 = CARTESIAN_POINT('',(5.10690666377,14.415468714604));
#9090 = CARTESIAN_POINT('',(5.072427504594,14.385583146733));
#9091 = CARTESIAN_POINT('',(5.03795757865,14.355566448141));
#9092 = CARTESIAN_POINT('',(5.00349388784,14.3254626271));
#9093 = CARTESIAN_POINT('',(4.969033472554,14.295316023324));
#9094 = CARTESIAN_POINT('',(4.896537135828,14.231898239594));
#9095 = CARTESIAN_POINT('',(4.858500938732,14.198627174683));
#9096 = CARTESIAN_POINT('',(4.820461180627,14.165418443528));
#9097 = CARTESIAN_POINT('',(4.78241381377,14.132332509313));
#9098 = CARTESIAN_POINT('',(4.744354669234,14.099430210073));
#9099 = CARTESIAN_POINT('',(4.706279633085,14.066772893583));
#9100 = CARTESIAN_POINT('',(4.668184822556,14.034422552241));
#9101 = CARTESIAN_POINT('',(4.592496239422,13.970920741093));
#9102 = CARTESIAN_POINT('',(4.554902677695,13.939758356621));
#9103 = CARTESIAN_POINT('',(4.517282883349,13.90901493732));
#9104 = CARTESIAN_POINT('',(4.479633493642,13.878750929872));
#9105 = CARTESIAN_POINT('',(4.441951185773,13.84902709817));
#9106 = CARTESIAN_POINT('',(4.404232885886,13.819904526616));
#9107 = CARTESIAN_POINT('',(4.366475978064,13.79144462343));
#9108 = CARTESIAN_POINT('',(4.25857147449,13.712265098451));
#9109 = CARTESIAN_POINT('',(4.188310180563,13.663302386336));
#9110 = CARTESIAN_POINT('',(4.117897959305,13.617227709199));
#9111 = CARTESIAN_POINT('',(4.047328474867,13.574435090437));
#9112 = CARTESIAN_POINT('',(3.976594700401,13.535307008144));
#9113 = CARTESIAN_POINT('',(3.905693017505,13.500212746019));
#9114 = CARTESIAN_POINT('',(3.834630297478,13.469499804445));
#9115 = CARTESIAN_POINT('',(3.651989915031,13.402728884689));
#9116 = CARTESIAN_POINT('',(3.539889907288,13.373348211181));
#9117 = CARTESIAN_POINT('',(3.427644293423,13.356764309573));
#9118 = CARTESIAN_POINT('',(3.315365769698,13.353760897718));
#9119 = CARTESIAN_POINT('',(3.203133594802,13.364768517783));
#9120 = CARTESIAN_POINT('',(3.091021063238,13.389730789636));
#9121 = CARTESIAN_POINT('',(2.979138892643,13.428123175608));
#9122 = CARTESIAN_POINT('',(2.867944405564,13.478596543864));
#9123 = ( GEOMETRIC_REPRESENTATION_CONTEXT(2) 
PARAMETRIC_REPRESENTATION_CONTEXT() REPRESENTATION_CONTEXT('2D SPACE',''
  ) );
#9124 = ORIENTED_EDGE('',*,*,#9125,.T.);
#9125 = EDGE_CURVE('',#8933,#8931,#9126,.T.);
#9126 = SURFACE_CURVE('',#9127,(#9179,#9234),.PCURVE_S1.);
#9127 = B_SPLINE_CURVE_WITH_KNOTS('',8,(#9128,#9129,#9130,#9131,#9132,
    #9133,#9134,#9135,#9136,#9137,#9138,#9139,#9140,#9141,#9142,#9143,
    #9144,#9145,#9146,#9147,#9148,#9149,#9150,#9151,#9152,#9153,#9154,
    #9155,#9156,#9157,#9158,#9159,#9160,#9161,#9162,#9163,#9164,#9165,
    #9166,#9167,#9168,#9169,#9170,#9171,#9172,#9173,#9174,#9175,#9176,
    #9177,#9178),.UNSPECIFIED.,.F.,.F.,(9,7,7,7,7,7,7,9),(0.,
    0.137980109681,0.252320803213,0.355393001021,0.481591168623,
    0.623998240613,0.7181089785,1.),.UNSPECIFIED.);
#9128 = CARTESIAN_POINT('',(-104.8139569116,36.351228645507,
    37.478596543864));
#9129 = CARTESIAN_POINT('',(-104.7464603449,36.591695397906,
    37.501270738544));
#9130 = CARTESIAN_POINT('',(-104.6653494353,36.827904512533,
    37.526407878117));
#9131 = CARTESIAN_POINT('',(-104.5709770209,37.058910960555,
    37.55390905376));
#9132 = CARTESIAN_POINT('',(-104.463772817,37.28383745608,
    37.583659104537));
#9133 = CARTESIAN_POINT('',(-104.3442293464,37.501867735991,
    37.615528853013));
#9134 = CARTESIAN_POINT('',(-104.2128925027,37.712242068735,
    37.649376812894));
#9135 = CARTESIAN_POINT('',(-104.0703567476,37.914254992079,
    37.68505036869));
#9136 = CARTESIAN_POINT('',(-103.7904015609,38.267189829837,
    37.753325892925));
#9137 = CARTESIAN_POINT('',(-103.6562825767,38.420943444261,
    37.785408619179));
#9138 = CARTESIAN_POINT('',(-103.5152673761,38.568151886669,
    37.818543318976));
#9139 = CARTESIAN_POINT('',(-103.3677295957,38.708480908892,
    37.852635530867));
#9140 = CARTESIAN_POINT('',(-103.214055571,38.841624551272,
    37.887588134707));
#9141 = CARTESIAN_POINT('',(-103.0546427842,38.967303442911,
    37.923301867222));
#9142 = CARTESIAN_POINT('',(-102.8898983136,39.085263101922,
    37.959675837578));
#9143 = CARTESIAN_POINT('',(-102.5672966713,39.294439757275,
    38.02990050829));
#9144 = CARTESIAN_POINT('',(-102.4103596548,39.3871474673,
    38.063646863111));
#9145 = CARTESIAN_POINT('',(-102.2497292419,39.473227208604,
    38.097772664182));
#9146 = CARTESIAN_POINT('',(-102.0857130605,39.552526416218,
    38.132202895027));
#9147 = CARTESIAN_POINT('',(-101.9186231873,39.624907689183,
    38.166862181672));
#9148 = CARTESIAN_POINT('',(-101.748775978,39.690248362382,
    38.20167500841));
#9149 = CARTESIAN_POINT('',(-101.576491898,39.748440078371,
    38.236565933562));
#9150 = CARTESIAN_POINT('',(-101.1885700279,39.861767738148,
    38.314182700056));
#9151 = CARTESIAN_POINT('',(-100.9718770903,39.913288790834,
    38.356910187587));
#9152 = CARTESIAN_POINT('',(-100.752612558,39.953778981114,
    38.399504236643));
#9153 = CARTESIAN_POINT('',(-100.5313817406,39.983096519428,
    38.441827402831));
#9154 = CARTESIAN_POINT('',(-100.3087993997,40.001131924561,
    38.483743389007));
#9155 = CARTESIAN_POINT('',(-100.0854899096,40.007809585391,
    38.525117605731));
#9156 = CARTESIAN_POINT('',(-99.86208741764,40.003089322632,
    38.565817731723));
#9157 = CARTESIAN_POINT('',(-99.38776153687,39.968775948009,
    38.650735132562));
#9158 = CARTESIAN_POINT('',(-99.13697960848,39.936065757933,
    38.694734376776));
#9159 = CARTESIAN_POINT('',(-98.88782681182,39.888832756066,
    38.737523846327));
#9160 = CARTESIAN_POINT('',(-98.64124694387,39.82713830952,
    38.778921808412));
#9161 = CARTESIAN_POINT('',(-98.39819087777,39.751110944446,
    38.818753843704));
#9162 = CARTESIAN_POINT('',(-98.15961510891,39.660951501294,
    38.856853927585));
#9163 = CARTESIAN_POINT('',(-97.92647897619,39.556942277679,
    38.893065706967));
#9164 = CARTESIAN_POINT('',(-97.54989884431,39.361821255568,
    38.949830925459));
#9165 = CARTESIAN_POINT('',(-97.40284783097,39.27829646038,
    38.971530288598));
#9166 = CARTESIAN_POINT('',(-97.25886425467,39.188994592475,
    38.992300086535));
#9167 = CARTESIAN_POINT('',(-97.11822059502,39.094040008744,
    39.012101084762));
#9168 = CARTESIAN_POINT('',(-96.98118438335,38.993573443261,
    39.030896895863));
#9169 = CARTESIAN_POINT('',(-96.84801751095,38.887752846753,
    39.048654085527));
#9170 = CARTESIAN_POINT('',(-96.71897553726,38.776754226073,
    39.065342278569));
#9171 = CARTESIAN_POINT('',(-96.22088582828,38.31337098012,
    39.127637128669));
#9172 = CARTESIAN_POINT('',(-95.88648874663,37.921064128081,
    39.164531723624));
#9173 = CARTESIAN_POINT('',(-95.59822282108,37.48933998904,
    39.190823683093));
#9174 = CARTESIAN_POINT('',(-95.36163166476,37.024793030012,
    39.206126506596));
#9175 = CARTESIAN_POINT('',(-95.18119880501,36.534813318584,
    39.210319748226));
#9176 = CARTESIAN_POINT('',(-95.06006161587,36.027700343106,
    39.203560999708));
#9177 = CARTESIAN_POINT('',(-95.,35.512608124208,39.186242247316));
#9178 = CARTESIAN_POINT('',(-95.,35.,39.159220013755));
#9179 = PCURVE('',#1165,#9180);
#9180 = DEFINITIONAL_REPRESENTATION('',(#9181),#9233);
#9181 = B_SPLINE_CURVE_WITH_KNOTS('',8,(#9182,#9183,#9184,#9185,#9186,
    #9187,#9188,#9189,#9190,#9191,#9192,#9193,#9194,#9195,#9196,#9197,
    #9198,#9199,#9200,#9201,#9202,#9203,#9204,#9205,#9206,#9207,#9208,
    #9209,#9210,#9211,#9212,#9213,#9214,#9215,#9216,#9217,#9218,#9219,
    #9220,#9221,#9222,#9223,#9224,#9225,#9226,#9227,#9228,#9229,#9230,
    #9231,#9232),.UNSPECIFIED.,.F.,.F.,(9,7,7,7,7,7,7,9),(0.,
    0.137980109681,0.252320803213,0.355393001021,0.481591168623,
    0.623998240613,0.7181089785,1.),.UNSPECIFIED.);
#9182 = CARTESIAN_POINT('',(15.065983489921,0.289883045322));
#9183 = CARTESIAN_POINT('',(15.062827201277,0.291772561545));
#9184 = CARTESIAN_POINT('',(15.059989968497,0.293867323176));
#9185 = CARTESIAN_POINT('',(15.057482803959,0.296159087813));
#9186 = CARTESIAN_POINT('',(15.055314595055,0.298638258711));
#9187 = CARTESIAN_POINT('',(15.05349243789,0.301294071084));
#9188 = CARTESIAN_POINT('',(15.052021830806,0.304114734408));
#9189 = CARTESIAN_POINT('',(15.050906727755,0.307087530724));
#9190 = CARTESIAN_POINT('',(15.049521915471,0.312777157744));
#9191 = CARTESIAN_POINT('',(15.049140074547,0.315450718265));
#9192 = CARTESIAN_POINT('',(15.049005252124,0.318211943248));
#9193 = CARTESIAN_POINT('',(15.049118078374,0.321052960906));
#9194 = CARTESIAN_POINT('',(15.049478517847,0.323965677892));
#9195 = CARTESIAN_POINT('',(15.050085897063,0.326941822269));
#9196 = CARTESIAN_POINT('',(15.050938932104,0.329972986465));
#9197 = CARTESIAN_POINT('',(15.053024486188,0.335825042358));
#9198 = CARTESIAN_POINT('',(15.05421132703,0.338637238593));
#9199 = CARTESIAN_POINT('',(15.055594908816,0.341481055349));
#9200 = CARTESIAN_POINT('',(15.057173484733,0.344350241252));
#9201 = CARTESIAN_POINT('',(15.058944925185,0.347238515139));
#9202 = CARTESIAN_POINT('',(15.060906711917,0.350139584034));
#9203 = CARTESIAN_POINT('',(15.063055932121,0.35304716113));
#9204 = CARTESIAN_POINT('',(15.068246136915,0.359515225005));
#9205 = CARTESIAN_POINT('',(15.071379025264,0.363075848966));
#9206 = CARTESIAN_POINT('',(15.074781830855,0.366625353054));
#9207 = CARTESIAN_POINT('',(15.078447547306,0.370152283569));
#9208 = CARTESIAN_POINT('',(15.082368193686,0.373645282417));
#9209 = CARTESIAN_POINT('',(15.086534739602,0.377093133811));
#9210 = CARTESIAN_POINT('',(15.090937030287,0.380484810977));
#9211 = CARTESIAN_POINT('',(15.100784644468,0.387561261047));
#9212 = CARTESIAN_POINT('',(15.106291495362,0.391227864731));
#9213 = CARTESIAN_POINT('',(15.112067738999,0.394793653861));
#9214 = CARTESIAN_POINT('',(15.118094964446,0.398243484034));
#9215 = CARTESIAN_POINT('',(15.12435278414,0.401562820309));
#9216 = CARTESIAN_POINT('',(15.130818707286,0.404737827299));
#9217 = CARTESIAN_POINT('',(15.137467977717,0.407755475581));
#9218 = CARTESIAN_POINT('',(15.148770772748,0.412485910455));
#9219 = CARTESIAN_POINT('',(15.153336458331,0.414294190717));
#9220 = CARTESIAN_POINT('',(15.157962574961,0.416025007211));
#9221 = CARTESIAN_POINT('',(15.162640920594,0.417675090397));
#9222 = CARTESIAN_POINT('',(15.167362950758,0.419241407989));
#9223 = CARTESIAN_POINT('',(15.172119780178,0.420721173794));
#9224 = CARTESIAN_POINT('',(15.176902184407,0.422111856547));
#9225 = CARTESIAN_POINT('',(15.196073357534,0.427303094056));
#9226 = CARTESIAN_POINT('',(15.210597985266,0.430377643635));
#9227 = CARTESIAN_POINT('',(15.22500412729,0.432568640258));
#9228 = CARTESIAN_POINT('',(15.239022514448,0.43384387555));
#9229 = CARTESIAN_POINT('',(15.252384447812,0.434193312352));
#9230 = CARTESIAN_POINT('',(15.264829887935,0.433630083309));
#9231 = CARTESIAN_POINT('',(15.276115441544,0.432186853943));
#9232 = CARTESIAN_POINT('',(15.286041887173,0.429935001146));
#9233 = ( GEOMETRIC_REPRESENTATION_CONTEXT(2) 
PARAMETRIC_REPRESENTATION_CONTEXT() REPRESENTATION_CONTEXT('2D SPACE',''
  ) );
#9234 = PCURVE('',#9058,#9235);
#9235 = DEFINITIONAL_REPRESENTATION('',(#9236),#9288);
#9236 = B_SPLINE_CURVE_WITH_KNOTS('',8,(#9237,#9238,#9239,#9240,#9241,
    #9242,#9243,#9244,#9245,#9246,#9247,#9248,#9249,#9250,#9251,#9252,
    #9253,#9254,#9255,#9256,#9257,#9258,#9259,#9260,#9261,#9262,#9263,
    #9264,#9265,#9266,#9267,#9268,#9269,#9270,#9271,#9272,#9273,#9274,
    #9275,#9276,#9277,#9278,#9279,#9280,#9281,#9282,#9283,#9284,#9285,
    #9286,#9287),.UNSPECIFIED.,.F.,.F.,(9,7,7,7,7,7,7,9),(0.,
    0.137980109681,0.252320803213,0.355393001021,0.481591168623,
    0.623998240613,0.7181089785,1.),.UNSPECIFIED.);
#9237 = CARTESIAN_POINT('',(2.867944405564,13.478596543864));
#9238 = CARTESIAN_POINT('',(2.817992410395,13.501270738544));
#9239 = CARTESIAN_POINT('',(2.768124437634,13.526407878117));
#9240 = CARTESIAN_POINT('',(2.718351498229,13.55390905376));
#9241 = CARTESIAN_POINT('',(2.668678685757,13.583659104537));
#9242 = CARTESIAN_POINT('',(2.619107492069,13.615528853013));
#9243 = CARTESIAN_POINT('',(2.569637624151,13.649376812894));
#9244 = CARTESIAN_POINT('',(2.520268322199,13.68505036869));
#9245 = CARTESIAN_POINT('',(2.430171062254,13.753325892925));
#9246 = CARTESIAN_POINT('',(2.389409663812,13.785408619179));
#9247 = CARTESIAN_POINT('',(2.34871293572,13.818543318976));
#9248 = CARTESIAN_POINT('',(2.308077483616,13.852635530867));
#9249 = CARTESIAN_POINT('',(2.267498858501,13.887588134707));
#9250 = CARTESIAN_POINT('',(2.226971848601,13.923301867222));
#9251 = CARTESIAN_POINT('',(2.186490771235,13.959675837578));
#9252 = CARTESIAN_POINT('',(2.109594297253,14.02990050829));
#9253 = CARTESIAN_POINT('',(2.073171081672,14.063646863111));
#9254 = CARTESIAN_POINT('',(2.036775423324,14.097772664182));
#9255 = CARTESIAN_POINT('',(2.00040228053,14.132202895027));
#9256 = CARTESIAN_POINT('',(1.964046355819,14.166862181672));
#9257 = CARTESIAN_POINT('',(1.927702187213,14.20167500841));
#9258 = CARTESIAN_POINT('',(1.891364239512,14.236565933562));
#9259 = CARTESIAN_POINT('',(1.810536883814,14.314182700056));
#9260 = CARTESIAN_POINT('',(1.766047618699,14.356910187587));
#9261 = CARTESIAN_POINT('',(1.721549183856,14.399504236643));
#9262 = CARTESIAN_POINT('',(1.677031523323,14.441827402831));
#9263 = CARTESIAN_POINT('',(1.632484803276,14.483743389007));
#9264 = CARTESIAN_POINT('',(1.587899673739,14.525117605731));
#9265 = CARTESIAN_POINT('',(1.543267530304,14.565817731723));
#9266 = CARTESIAN_POINT('',(1.44815445048,14.650735132562));
#9267 = CARTESIAN_POINT('',(1.397656785502,14.694734376776));
#9268 = CARTESIAN_POINT('',(1.34707906833,14.737523846327));
#9269 = CARTESIAN_POINT('',(1.296412878471,14.778921808412));
#9270 = CARTESIAN_POINT('',(1.245650528968,14.818753843704));
#9271 = CARTESIAN_POINT('',(1.194785963665,14.856853927585));
#9272 = CARTESIAN_POINT('',(1.143816110282,14.893065706967));
#9273 = CARTESIAN_POINT('',(1.058990451664,14.949830925459));
#9274 = CARTESIAN_POINT('',(1.025192206633,14.971530288598));
#9275 = CARTESIAN_POINT('',(0.99134855519,14.992300086535));
#9276 = CARTESIAN_POINT('',(0.957460039696,15.012101084762));
#9277 = CARTESIAN_POINT('',(0.923527385776,15.030896895863));
#9278 = CARTESIAN_POINT('',(0.889551744194,15.048654085527));
#9279 = CARTESIAN_POINT('',(0.855534932737,15.065342278569));
#9280 = CARTESIAN_POINT('',(0.719473565579,15.127637128669));
#9281 = CARTESIAN_POINT('',(0.617064550453,15.164531723624));
#9282 = CARTESIAN_POINT('',(0.514422566429,15.190823683093));
#9283 = CARTESIAN_POINT('',(0.411590998593,15.206126506596));
#9284 = CARTESIAN_POINT('',(0.308605640534,15.210319748226));
#9285 = CARTESIAN_POINT('',(0.205539876624,15.203560999708));
#9286 = CARTESIAN_POINT('',(0.102521624842,15.186242247316));
#9287 = CARTESIAN_POINT('',(0.,15.159220013755));
#9288 = ( GEOMETRIC_REPRESENTATION_CONTEXT(2) 
PARAMETRIC_REPRESENTATION_CONTEXT() REPRESENTATION_CONTEXT('2D SPACE',''
  ) );
#9289 = FACE_BOUND('',#9290,.F.);
#9290 = EDGE_LOOP('',(#9291,#9339));
#9291 = ORIENTED_EDGE('',*,*,#9292,.T.);
#9292 = EDGE_CURVE('',#9293,#9295,#9297,.T.);
#9293 = VERTEX_POINT('',#9294);
#9294 = CARTESIAN_POINT('',(105.,35.,37.369466136427));
#9295 = VERTEX_POINT('',#9296);
#9296 = CARTESIAN_POINT('',(103.48345083599,31.413139217478,
    37.490909090909));
#9297 = SURFACE_CURVE('',#9298,(#9308,#9321),.PCURVE_S1.);
#9298 = B_SPLINE_CURVE_WITH_KNOTS('',8,(#9299,#9300,#9301,#9302,#9303,
    #9304,#9305,#9306,#9307),.UNSPECIFIED.,.F.,.F.,(9,9),(0.,1.),
  .PIECEWISE_BEZIER_KNOTS.);
#9299 = CARTESIAN_POINT('',(105.,35.,37.369466136427));
#9300 = CARTESIAN_POINT('',(105.,34.499804201754,37.347559057705));
#9301 = CARTESIAN_POINT('',(104.94281210618,33.997954084245,
    37.3363673492));
#9302 = CARTESIAN_POINT('',(104.82777670884,33.50375949226,
    37.336319378112));
#9303 = CARTESIAN_POINT('',(104.65651592922,33.025513099166,
    37.347325391388));
#9304 = CARTESIAN_POINT('',(104.43184861096,32.570814709652,
    37.369016636183));
#9305 = CARTESIAN_POINT('',(104.15781532828,32.146540097574,
    37.400767275851));
#9306 = CARTESIAN_POINT('',(103.83947628987,31.75890038306,
    37.441761097424));
#9307 = CARTESIAN_POINT('',(103.48345083599,31.413139217478,
    37.490909090909));
#9308 = PCURVE('',#1165,#9309);
#9309 = DEFINITIONAL_REPRESENTATION('',(#9310),#9320);
#9310 = B_SPLINE_CURVE_WITH_KNOTS('',8,(#9311,#9312,#9313,#9314,#9315,
    #9316,#9317,#9318,#9319),.UNSPECIFIED.,.F.,.F.,(9,9),(0.,1.),
  .PIECEWISE_BEZIER_KNOTS.);
#9311 = CARTESIAN_POINT('',(22.916701954354,0.280788844702));
#9312 = CARTESIAN_POINT('',(22.907988376156,0.278963254809));
#9313 = CARTESIAN_POINT('',(22.898243448197,0.278030612433));
#9314 = CARTESIAN_POINT('',(22.887600822068,0.278026614843));
#9315 = CARTESIAN_POINT('',(22.876208829554,0.278943782616));
#9316 = CARTESIAN_POINT('',(22.864220321609,0.280751386349));
#9317 = CARTESIAN_POINT('',(22.851797291236,0.283397272988));
#9318 = CARTESIAN_POINT('',(22.839112849984,0.286813424785));
#9319 = CARTESIAN_POINT('',(22.82636131927,0.290909090909));
#9320 = ( GEOMETRIC_REPRESENTATION_CONTEXT(2) 
PARAMETRIC_REPRESENTATION_CONTEXT() REPRESENTATION_CONTEXT('2D SPACE',''
  ) );
#9321 = PCURVE('',#9322,#9327);
#9322 = CYLINDRICAL_SURFACE('',#9323,5.);
#9323 = AXIS2_PLACEMENT_3D('',#9324,#9325,#9326);
#9324 = CARTESIAN_POINT('',(100.,35.,24.));
#9325 = DIRECTION('',(0.,0.,1.));
#9326 = DIRECTION('',(1.,0.,-0.));
#9327 = DEFINITIONAL_REPRESENTATION('',(#9328),#9338);
#9328 = B_SPLINE_CURVE_WITH_KNOTS('',8,(#9329,#9330,#9331,#9332,#9333,
    #9334,#9335,#9336,#9337),.UNSPECIFIED.,.F.,.F.,(9,9),(0.,1.),
  .PIECEWISE_BEZIER_KNOTS.);
#9329 = CARTESIAN_POINT('',(6.28318530718,13.369466136427));
#9330 = CARTESIAN_POINT('',(6.18314614753,13.347559057705));
#9331 = CARTESIAN_POINT('',(6.082776270203,13.3363673492));
#9332 = CARTESIAN_POINT('',(5.982410889353,13.336319378112));
#9333 = CARTESIAN_POINT('',(5.882145043354,13.347325391388));
#9334 = CARTESIAN_POINT('',(5.782032038258,13.369016636183));
#9335 = CARTESIAN_POINT('',(5.682106836645,13.400767275851));
#9336 = CARTESIAN_POINT('',(5.58242047793,13.441761097424));
#9337 = CARTESIAN_POINT('',(5.483162247554,13.490909090909));
#9338 = ( GEOMETRIC_REPRESENTATION_CONTEXT(2) 
PARAMETRIC_REPRESENTATION_CONTEXT() REPRESENTATION_CONTEXT('2D SPACE',''
  ) );
#9339 = ORIENTED_EDGE('',*,*,#9340,.T.);
#9340 = EDGE_CURVE('',#9295,#9293,#9341,.T.);
#9341 = SURFACE_CURVE('',#9342,(#9436,#9533),.PCURVE_S1.);
#9342 = B_SPLINE_CURVE_WITH_KNOTS('',8,(#9343,#9344,#9345,#9346,#9347,
    #9348,#9349,#9350,#9351,#9352,#9353,#9354,#9355,#9356,#9357,#9358,
    #9359,#9360,#9361,#9362,#9363,#9364,#9365,#9366,#9367,#9368,#9369,
    #9370,#9371,#9372,#9373,#9374,#9375,#9376,#9377,#9378,#9379,#9380,
    #9381,#9382,#9383,#9384,#9385,#9386,#9387,#9388,#9389,#9390,#9391,
    #9392,#9393,#9394,#9395,#9396,#9397,#9398,#9399,#9400,#9401,#9402,
    #9403,#9404,#9405,#9406,#9407,#9408,#9409,#9410,#9411,#9412,#9413,
    #9414,#9415,#9416,#9417,#9418,#9419,#9420,#9421,#9422,#9423,#9424,
    #9425,#9426,#9427,#9428,#9429,#9430,#9431,#9432,#9433,#9434,#9435),
  .UNSPECIFIED.,.F.,.F.,(9,7,7,7,7,7,7,7,7,7,7,7,7,9),(0.,0.120362088651
    ,0.227343663351,0.294042508972,0.365926933657,0.434830195856,
    0.489303502231,0.611306109882,0.680466437981,0.745135237071,
    0.800230985486,0.853077550341,0.913581473215,1.),.UNSPECIFIED.);
#9343 = CARTESIAN_POINT('',(103.48345083599,31.413139217478,
    37.490909090909));
#9344 = CARTESIAN_POINT('',(103.24391042365,31.180504805318,
    37.523976756429));
#9345 = CARTESIAN_POINT('',(102.98711132676,30.966635860404,
    37.560763139562));
#9346 = CARTESIAN_POINT('',(102.71486959279,30.773035122532,
    37.60096790145));
#9347 = CARTESIAN_POINT('',(102.42909677989,30.600921684423,
    37.644270533146));
#9348 = CARTESIAN_POINT('',(102.13177090388,30.451278700187,
    37.690339818086));
#9349 = CARTESIAN_POINT('',(101.82491879341,30.32488120311,
    37.738839466275));
#9350 = CARTESIAN_POINT('',(101.51060985309,30.222304032753,
    37.78942992018));
#9351 = CARTESIAN_POINT('',(100.90684758306,30.074230698115,
    37.888284566202));
#9352 = CARTESIAN_POINT('',(100.61847683421,30.023647369073,
    37.936188483905));
#9353 = CARTESIAN_POINT('',(100.32730912158,29.992417912624,
    37.985240622213));
#9354 = CARTESIAN_POINT('',(100.0347953428,29.980670112275,
    38.03520706984));
#9355 = CARTESIAN_POINT('',(99.74237607766,29.98841539328,
    38.085857744471));
#9356 = CARTESIAN_POINT('',(99.451480506036,30.015555705653,
    38.136966031708));
#9357 = CARTESIAN_POINT('',(99.163525326074,30.0618834036,
    38.188307785961));
#9358 = CARTESIAN_POINT('',(98.703092851134,30.167717995135,
    38.271675607655));
#9359 = CARTESIAN_POINT('',(98.527955873889,30.215695125549,
    38.303696290472));
#9360 = CARTESIAN_POINT('',(98.354840881918,30.270927761048,
    38.335667975906));
#9361 = CARTESIAN_POINT('',(98.18408152063,30.333322060823,
    38.367537525307));
#9362 = CARTESIAN_POINT('',(98.016006722983,30.40276787273,
    38.399252295294));
#9363 = CARTESIAN_POINT('',(97.850940492839,30.479138511221,
    38.430760005857));
#9364 = CARTESIAN_POINT('',(97.689201688322,30.562290535273,
    38.462008608471));
#9365 = CARTESIAN_POINT('',(97.360714418841,30.748816022612,
    38.52628897528));
#9366 = CARTESIAN_POINT('',(97.194551771501,30.853260401559,
    38.55927094735));
#9367 = CARTESIAN_POINT('',(97.033009009597,30.965194929515,
    38.591826871382));
#9368 = CARTESIAN_POINT('',(96.876469075675,31.08439656005,
    38.62389224271));
#9369 = CARTESIAN_POINT('',(96.725303910712,31.210620250122,
    38.655403106347));
#9370 = CARTESIAN_POINT('',(96.579873656448,31.343598276248,
    38.686295912301));
#9371 = CARTESIAN_POINT('',(96.440525857721,31.483039550681,
    38.716507370886));
#9372 = CARTESIAN_POINT('',(96.180176341836,31.76818049888,
    38.774219204018));
#9373 = CARTESIAN_POINT('',(96.058651885962,31.913382477411,
    38.8017803923));
#9374 = CARTESIAN_POINT('',(95.943315084957,32.063956943203,
    38.828602320594));
#9375 = CARTESIAN_POINT('',(95.834445813643,32.219608517704,
    38.854630092916));
#9376 = CARTESIAN_POINT('',(95.732308768224,32.380023725581,
    38.879809499557));
#9377 = CARTESIAN_POINT('',(95.637152200635,32.544870346546,
    38.904087047049));
#9378 = CARTESIAN_POINT('',(95.549206652886,32.713796767166,
    38.927409988136));
#9379 = CARTESIAN_POINT('',(95.405024122744,33.022912179572,
    38.967369146467));
#9380 = CARTESIAN_POINT('',(95.343697895187,33.166654297854,
    38.985021877055));
#9381 = CARTESIAN_POINT('',(95.285323127001,33.31792400482,
    39.002599607171));
#9382 = CARTESIAN_POINT('',(95.230281436738,33.477653360037,
    39.02009121642));
#9383 = CARTESIAN_POINT('',(95.178915071465,33.647513358773,
    39.037531475276));
#9384 = CARTESIAN_POINT('',(95.13185021591,33.830008771583,
    39.054952659468));
#9385 = CARTESIAN_POINT('',(95.090262608489,34.028570414536,
    39.072347540889));
#9386 = CARTESIAN_POINT('',(94.982167938547,34.738964502743,
    39.127957612382));
#9387 = CARTESIAN_POINT('',(94.96295149875,35.240221955565,
    39.157909442942));
#9388 = CARTESIAN_POINT('',(95.001156936524,35.74350120844,
    39.178561194619));
#9389 = CARTESIAN_POINT('',(95.096932444316,36.240828309209,
    39.189343476586));
#9390 = CARTESIAN_POINT('',(95.249206713471,36.724305566667,
    39.189840609188));
#9391 = CARTESIAN_POINT('',(95.455480552913,37.186214114739,
    39.179856982139));
#9392 = CARTESIAN_POINT('',(95.711854287934,37.619038052884,
    39.1594495999));
#9393 = CARTESIAN_POINT('',(96.182088722634,38.240849348462,
    39.112021867418));
#9394 = CARTESIAN_POINT('',(96.366500488394,38.45455917847,
    39.091670653958));
#9395 = CARTESIAN_POINT('',(96.564242124235,38.655885332148,
    39.068200716584));
#9396 = CARTESIAN_POINT('',(96.774270048937,38.843850096536,
    39.04171290903));
#9397 = CARTESIAN_POINT('',(96.995473662416,39.017606988895,
    39.012332297824));
#9398 = CARTESIAN_POINT('',(97.226687335329,39.176428400925,
    38.980206540057));
#9399 = CARTESIAN_POINT('',(97.466694861089,39.319702002039,
    38.945505543005));
#9400 = CARTESIAN_POINT('',(97.945682262323,39.56590675851,
    38.873747585137));
#9401 = CARTESIAN_POINT('',(98.183744802237,39.67086793757,
    38.836985757012));
#9402 = CARTESIAN_POINT('',(98.427400016025,39.76142246121,
    38.798290695598));
#9403 = CARTESIAN_POINT('',(98.675632446161,39.83727491067,
    38.757827360621));
#9404 = CARTESIAN_POINT('',(98.927429475457,39.898217198876,
    38.715770186274));
#9405 = CARTESIAN_POINT('',(99.181784231634,39.944118805867,
    38.672301660492));
#9406 = CARTESIAN_POINT('',(99.437697072567,39.974921476843,
    38.627611194395));
#9407 = CARTESIAN_POINT('',(99.912687198713,40.004028684055,
    38.542944934712));
#9408 = CARTESIAN_POINT('',(100.13161685139,40.006469170145,
    38.503249201313));
#9409 = CARTESIAN_POINT('',(100.35035813814,39.997967735119,
    38.462926642971));
#9410 = CARTESIAN_POINT('',(100.56831368694,39.9785665158,
    38.422098914555));
#9411 = CARTESIAN_POINT('',(100.78489511535,39.948340566055,
    38.380889351094));
#9412 = CARTESIAN_POINT('',(100.99952292003,39.907396531019,
    38.339422554347));
#9413 = CARTESIAN_POINT('',(101.21162636632,39.85587132132,
    38.297823979354));
#9414 = CARTESIAN_POINT('',(101.62112765032,39.734518862747,
    38.216313488877));
#9415 = CARTESIAN_POINT('',(101.8187734877,39.665524323447,
    38.176401814743));
#9416 = CARTESIAN_POINT('',(102.01308532616,39.587094353531,
    38.13659555488));
#9417 = CARTESIAN_POINT('',(102.2035749548,39.499400656991,
    38.097006123203));
#9418 = CARTESIAN_POINT('',(102.38976195933,39.402640317545,
    38.057744958935));
#9419 = CARTESIAN_POINT('',(102.57117416596,39.29703665851,
    38.018923194267));
#9420 = CARTESIAN_POINT('',(102.74734808526,39.182840102668,
    37.980651322025));
#9421 = CARTESIAN_POINT('',(103.11301301054,38.920066360687,
    37.899976437112));
#9422 = CARTESIAN_POINT('',(103.3007392649,38.768902217878,
    37.857777396317));
#9423 = CARTESIAN_POINT('',(103.48032081457,38.607257893627,
    37.816607289789));
#9424 = CARTESIAN_POINT('',(103.6510925352,38.435603233421,
    37.776628838059));
#9425 = CARTESIAN_POINT('',(103.81241243717,38.254457546089,
    37.738001236059));
#9426 = CARTESIAN_POINT('',(103.96366479679,38.064392476145,
    37.700879193993));
#9427 = CARTESIAN_POINT('',(104.10426546406,37.866036840724,
    37.665411716363));
#9428 = CARTESIAN_POINT('',(104.41849856784,37.365917542295,
    37.583647760389));
#9429 = CARTESIAN_POINT('',(104.58054015936,37.056164533293,
    37.539205425913));
#9430 = CARTESIAN_POINT('',(104.71812430277,36.732922227979,
    37.498845859002));
#9431 = CARTESIAN_POINT('',(104.82985589426,36.39846767169,
    37.462946246594));
#9432 = CARTESIAN_POINT('',(104.91460200441,36.055245225237,
    37.431828577221));
#9433 = CARTESIAN_POINT('',(104.9714984049,35.705866013735,
    37.405757441671));
#9434 = CARTESIAN_POINT('',(105.,35.35311975597,37.384931724741));
#9435 = CARTESIAN_POINT('',(105.,35.,37.369466136427));
#9436 = PCURVE('',#1165,#9437);
#9437 = DEFINITIONAL_REPRESENTATION('',(#9438),#9532);
#9438 = B_SPLINE_CURVE_WITH_KNOTS('',8,(#9439,#9440,#9441,#9442,#9443,
    #9444,#9445,#9446,#9447,#9448,#9449,#9450,#9451,#9452,#9453,#9454,
    #9455,#9456,#9457,#9458,#9459,#9460,#9461,#9462,#9463,#9464,#9465,
    #9466,#9467,#9468,#9469,#9470,#9471,#9472,#9473,#9474,#9475,#9476,
    #9477,#9478,#9479,#9480,#9481,#9482,#9483,#9484,#9485,#9486,#9487,
    #9488,#9489,#9490,#9491,#9492,#9493,#9494,#9495,#9496,#9497,#9498,
    #9499,#9500,#9501,#9502,#9503,#9504,#9505,#9506,#9507,#9508,#9509,
    #9510,#9511,#9512,#9513,#9514,#9515,#9516,#9517,#9518,#9519,#9520,
    #9521,#9522,#9523,#9524,#9525,#9526,#9527,#9528,#9529,#9530,#9531),
  .UNSPECIFIED.,.F.,.F.,(9,7,7,7,7,7,7,7,7,7,7,7,7,9),(0.,0.120362088651
    ,0.227343663351,0.294042508972,0.365926933657,0.434830195856,
    0.489303502231,0.611306109882,0.680466437981,0.745135237071,
    0.800230985486,0.853077550341,0.913581473215,1.),.UNSPECIFIED.);
#9439 = CARTESIAN_POINT('',(22.82636131927,0.290909090909));
#9440 = CARTESIAN_POINT('',(22.817781857066,0.293664729702));
#9441 = CARTESIAN_POINT('',(22.809164921092,0.29673026163));
#9442 = CARTESIAN_POINT('',(22.800564162483,0.300080658454));
#9443 = CARTESIAN_POINT('',(22.792031681716,0.303689211096));
#9444 = CARTESIAN_POINT('',(22.783618719471,0.307528318174));
#9445 = CARTESIAN_POINT('',(22.775376063248,0.311569955523));
#9446 = CARTESIAN_POINT('',(22.767354169735,0.315785826682));
#9447 = CARTESIAN_POINT('',(22.752713524373,0.32402371385));
#9448 = CARTESIAN_POINT('',(22.746036992845,0.328015706992));
#9449 = CARTESIAN_POINT('',(22.739608005177,0.332103385184));
#9450 = CARTESIAN_POINT('',(22.733460093589,0.33626725582));
#9451 = CARTESIAN_POINT('',(22.727625878124,0.340488145373));
#9452 = CARTESIAN_POINT('',(22.722137024781,0.344747169309));
#9453 = CARTESIAN_POINT('',(22.717024009372,0.34902564883));
#9454 = CARTESIAN_POINT('',(22.709380231476,0.355972967305));
#9455 = CARTESIAN_POINT('',(22.706602009146,0.358641357539));
#9456 = CARTESIAN_POINT('',(22.703987986419,0.361305664659));
#9457 = CARTESIAN_POINT('',(22.70154486475,0.363961460442));
#9458 = CARTESIAN_POINT('',(22.699279041254,0.366604357941));
#9459 = CARTESIAN_POINT('',(22.697196569258,0.369230000488));
#9460 = CARTESIAN_POINT('',(22.695303118838,0.371834050706));
#9461 = CARTESIAN_POINT('',(22.691772651071,0.37719074794));
#9462 = CARTESIAN_POINT('',(22.69016699062,0.379939245612));
#9463 = CARTESIAN_POINT('',(22.688793522057,0.382652239282));
#9464 = CARTESIAN_POINT('',(22.687658202879,0.385324353559));
#9465 = CARTESIAN_POINT('',(22.686766304617,0.387950258862));
#9466 = CARTESIAN_POINT('',(22.686122335409,0.390524659358));
#9467 = CARTESIAN_POINT('',(22.685729962571,0.393042280907));
#9468 = CARTESIAN_POINT('',(22.685459631992,0.397851600335));
#9469 = CARTESIAN_POINT('',(22.685561012504,0.400148366025));
#9470 = CARTESIAN_POINT('',(22.68589848589,0.402383526716));
#9471 = CARTESIAN_POINT('',(22.686473678929,0.404552507743));
#9472 = CARTESIAN_POINT('',(22.687287371668,0.40665079163));
#9473 = CARTESIAN_POINT('',(22.688339433079,0.408673920587));
#9474 = CARTESIAN_POINT('',(22.689628756732,0.410617499011));
#9475 = CARTESIAN_POINT('',(22.692358382815,0.413947428872));
#9476 = CARTESIAN_POINT('',(22.693754175313,0.415418489755));
#9477 = CARTESIAN_POINT('',(22.695359491284,0.416883300598));
#9478 = CARTESIAN_POINT('',(22.69720070017,0.418340934702));
#9479 = CARTESIAN_POINT('',(22.699317409854,0.419794289606));
#9480 = CARTESIAN_POINT('',(22.701771228153,0.421246054956));
#9481 = CARTESIAN_POINT('',(22.704653575494,0.422695628407));
#9482 = CARTESIAN_POINT('',(22.715859215627,0.427329801032));
#9483 = CARTESIAN_POINT('',(22.725018682439,0.429825786912));
#9484 = CARTESIAN_POINT('',(22.735464343281,0.431546766218));
#9485 = CARTESIAN_POINT('',(22.747024105142,0.432445289715));
#9486 = CARTESIAN_POINT('',(22.759493212577,0.432486717432));
#9487 = CARTESIAN_POINT('',(22.772637346541,0.431654748512));
#9488 = CARTESIAN_POINT('',(22.786199295159,0.429954133325));
#9489 = CARTESIAN_POINT('',(22.807654642662,0.426001822285));
#9490 = CARTESIAN_POINT('',(22.815469657124,0.42430588783));
#9491 = CARTESIAN_POINT('',(22.823291589319,0.422350059715));
#9492 = CARTESIAN_POINT('',(22.831076523251,0.420142742419));
#9493 = CARTESIAN_POINT('',(22.838782651275,0.417694358152));
#9494 = CARTESIAN_POINT('',(22.84637041955,0.415017211671));
#9495 = CARTESIAN_POINT('',(22.853802618455,0.412125461917));
#9496 = CARTESIAN_POINT('',(22.86781590805,0.406145632095));
#9497 = CARTESIAN_POINT('',(22.874421748651,0.403082146418));
#9498 = CARTESIAN_POINT('',(22.880834022997,0.399857557966));
#9499 = CARTESIAN_POINT('',(22.887027578055,0.396485613385));
#9500 = CARTESIAN_POINT('',(22.892979799251,0.392980848856));
#9501 = CARTESIAN_POINT('',(22.898670418341,0.389358471708));
#9502 = CARTESIAN_POINT('',(22.904081354413,0.3856342662));
#9503 = CARTESIAN_POINT('',(22.913554603465,0.378578744559));
#9504 = CARTESIAN_POINT('',(22.917698127814,0.375270766776));
#9505 = CARTESIAN_POINT('',(22.921617382176,0.371910553581));
#9506 = CARTESIAN_POINT('',(22.925303711201,0.36850824288));
#9507 = CARTESIAN_POINT('',(22.928749502432,0.365074112591));
#9508 = CARTESIAN_POINT('',(22.931948105635,0.361618546196));
#9509 = CARTESIAN_POINT('',(22.934893752139,0.35815199828));
#9510 = CARTESIAN_POINT('',(22.940159474851,0.351359457406));
#9511 = CARTESIAN_POINT('',(22.942500194944,0.348033484562));
#9512 = CARTESIAN_POINT('',(22.944599272423,0.34471629624));
#9513 = CARTESIAN_POINT('',(22.946453023056,0.341417176934));
#9514 = CARTESIAN_POINT('',(22.948058417699,0.338145413245));
#9515 = CARTESIAN_POINT('',(22.949413059588,0.334910266189));
#9516 = CARTESIAN_POINT('',(22.950515161635,0.331720943502));
#9517 = CARTESIAN_POINT('',(22.952334811702,0.324998036426));
#9518 = CARTESIAN_POINT('',(22.952973527961,0.321481449693));
#9519 = CARTESIAN_POINT('',(22.9532778368,0.318050607482));
#9520 = CARTESIAN_POINT('',(22.953247038656,0.314719069838));
#9521 = CARTESIAN_POINT('',(22.952881509067,0.311500103005));
#9522 = CARTESIAN_POINT('',(22.95218271826,0.308406599499));
#9523 = CARTESIAN_POINT('',(22.951153331325,0.305450976364));
#9524 = CARTESIAN_POINT('',(22.947860679239,0.298637313366));
#9525 = CARTESIAN_POINT('',(22.945257197229,0.294933785493));
#9526 = CARTESIAN_POINT('',(22.94199869283,0.29157048825));
#9527 = CARTESIAN_POINT('',(22.938103070299,0.288578853883));
#9528 = CARTESIAN_POINT('',(22.933593582602,0.285985714768));
#9529 = CARTESIAN_POINT('',(22.928498729317,0.283813120139));
#9530 = CARTESIAN_POINT('',(22.922853418677,0.282077643728));
#9531 = CARTESIAN_POINT('',(22.916701954354,0.280788844702));
#9532 = ( GEOMETRIC_REPRESENTATION_CONTEXT(2) 
PARAMETRIC_REPRESENTATION_CONTEXT() REPRESENTATION_CONTEXT('2D SPACE',''
  ) );
#9533 = PCURVE('',#9322,#9534);
#9534 = DEFINITIONAL_REPRESENTATION('',(#9535),#9629);
#9535 = B_SPLINE_CURVE_WITH_KNOTS('',8,(#9536,#9537,#9538,#9539,#9540,
    #9541,#9542,#9543,#9544,#9545,#9546,#9547,#9548,#9549,#9550,#9551,
    #9552,#9553,#9554,#9555,#9556,#9557,#9558,#9559,#9560,#9561,#9562,
    #9563,#9564,#9565,#9566,#9567,#9568,#9569,#9570,#9571,#9572,#9573,
    #9574,#9575,#9576,#9577,#9578,#9579,#9580,#9581,#9582,#9583,#9584,
    #9585,#9586,#9587,#9588,#9589,#9590,#9591,#9592,#9593,#9594,#9595,
    #9596,#9597,#9598,#9599,#9600,#9601,#9602,#9603,#9604,#9605,#9606,
    #9607,#9608,#9609,#9610,#9611,#9612,#9613,#9614,#9615,#9616,#9617,
    #9618,#9619,#9620,#9621,#9622,#9623,#9624,#9625,#9626,#9627,#9628),
  .UNSPECIFIED.,.F.,.F.,(9,7,7,7,7,7,7,7,7,7,7,7,7,9),(0.,0.120362088651
    ,0.227343663351,0.294042508972,0.365926933657,0.434830195856,
    0.489303502231,0.611306109882,0.680466437981,0.745135237071,
    0.800230985486,0.853077550341,0.913581473215,1.),.UNSPECIFIED.);
#9536 = CARTESIAN_POINT('',(5.483162247554,13.490909090909));
#9537 = CARTESIAN_POINT('',(5.416379501619,13.523976756429));
#9538 = CARTESIAN_POINT('',(5.349735449114,13.560763139562));
#9539 = CARTESIAN_POINT('',(5.283245569147,13.60096790145));
#9540 = CARTESIAN_POINT('',(5.216909112998,13.644270533146));
#9541 = CARTESIAN_POINT('',(5.150716725224,13.690339818086));
#9542 = CARTESIAN_POINT('',(5.084656340462,13.738839466275));
#9543 = CARTESIAN_POINT('',(5.018717355932,13.78942992018));
#9544 = CARTESIAN_POINT('',(4.894386411892,13.888284566202));
#9545 = CARTESIAN_POINT('',(4.835962559749,13.936188483905));
#9546 = CARTESIAN_POINT('',(4.777612110087,13.985240622213));
#9547 = CARTESIAN_POINT('',(4.719321698898,14.03520706984));
#9548 = CARTESIAN_POINT('',(4.661075904985,14.085857744471));
#9549 = CARTESIAN_POINT('',(4.602858911453,14.136966031708));
#9550 = CARTESIAN_POINT('',(4.544655935015,14.188307785961));
#9551 = CARTESIAN_POINT('',(4.450168046956,14.271675607655));
#9552 = CARTESIAN_POINT('',(4.413881321149,14.303696290472));
#9553 = CARTESIAN_POINT('',(4.377590845915,14.335667975906));
#9554 = CARTESIAN_POINT('',(4.341293043346,14.367537525307));
#9555 = CARTESIAN_POINT('',(4.304984296349,14.399252295294));
#9556 = CARTESIAN_POINT('',(4.268661087633,14.430760005857));
#9557 = CARTESIAN_POINT('',(4.232320138682,14.462008608471));
#9558 = CARTESIAN_POINT('',(4.15676998484,14.52628897528));
#9559 = CARTESIAN_POINT('',(4.117556892293,14.55927094735));
#9560 = CARTESIAN_POINT('',(4.078315901528,14.591826871382));
#9561 = CARTESIAN_POINT('',(4.039043427894,14.62389224271));
#9562 = CARTESIAN_POINT('',(3.999735932715,14.655403106347));
#9563 = CARTESIAN_POINT('',(3.960390184347,14.686295912301));
#9564 = CARTESIAN_POINT('',(3.921003519242,14.716507370886));
#9565 = CARTESIAN_POINT('',(3.843779887946,14.774219204018));
#9566 = CARTESIAN_POINT('',(3.80594592892,14.8017803923));
#9567 = CARTESIAN_POINT('',(3.768070680445,14.828602320594));
#9568 = CARTESIAN_POINT('',(3.730152487736,14.854630092916));
#9569 = CARTESIAN_POINT('',(3.692189889511,14.879809499557));
#9570 = CARTESIAN_POINT('',(3.654181920806,14.904087047049));
#9571 = CARTESIAN_POINT('',(3.616128415788,14.927409988136));
#9572 = CARTESIAN_POINT('',(3.547910840286,14.967369146467));
#9573 = CARTESIAN_POINT('',(3.516672473733,14.985021877055));
#9574 = CARTESIAN_POINT('',(3.484277861252,15.002599607171));
#9575 = CARTESIAN_POINT('',(3.450534573708,15.02009121642));
#9576 = CARTESIAN_POINT('',(3.415100758677,15.037531475276));
#9577 = CARTESIAN_POINT('',(3.377468247269,15.054952659467));
#9578 = CARTESIAN_POINT('',(3.33695657441,15.072347540889));
#9579 = CARTESIAN_POINT('',(3.193242383291,15.127957612382));
#9580 = CARTESIAN_POINT('',(3.093553658569,15.157909442942));
#9581 = CARTESIAN_POINT('',(2.993697487238,15.178561194619));
#9582 = CARTESIAN_POINT('',(2.893722007475,15.189343476586));
#9583 = CARTESIAN_POINT('',(2.793666555742,15.189840609188));
#9584 = CARTESIAN_POINT('',(2.693596055809,15.179856982139));
#9585 = CARTESIAN_POINT('',(2.593623718409,15.1594495999));
#9586 = CARTESIAN_POINT('',(2.437704545644,15.112021867418));
#9587 = CARTESIAN_POINT('',(2.381366711184,15.091670653958));
#9588 = CARTESIAN_POINT('',(2.325122548464,15.068200716584));
#9589 = CARTESIAN_POINT('',(2.268983793277,15.04171290903));
#9590 = CARTESIAN_POINT('',(2.212956483275,15.012332297824));
#9591 = CARTESIAN_POINT('',(2.157044638465,14.980206540057));
#9592 = CARTESIAN_POINT('',(2.10125313114,14.945505543005));
#9593 = CARTESIAN_POINT('',(1.993541346706,14.873747585137));
#9594 = CARTESIAN_POINT('',(1.941598712539,14.836985757012));
#9595 = CARTESIAN_POINT('',(1.889763550198,14.798290695598));
#9596 = CARTESIAN_POINT('',(1.838032472333,14.757827360621));
#9597 = CARTESIAN_POINT('',(1.786398964242,14.715770186274));
#9598 = CARTESIAN_POINT('',(1.734854861351,14.672301660492));
#9599 = CARTESIAN_POINT('',(1.683391336697,14.627611194395));
#9600 = CARTESIAN_POINT('',(1.58821511079,14.542944934712));
#9601 = CARTESIAN_POINT('',(1.544481319598,14.503249201313));
#9602 = CARTESIAN_POINT('',(1.500791047097,14.462926642971));
#9603 = CARTESIAN_POINT('',(1.457136411777,14.422098914555));
#9604 = CARTESIAN_POINT('',(1.413508875146,14.380889351094));
#9605 = CARTESIAN_POINT('',(1.369899488501,14.339422554347));
#9606 = CARTESIAN_POINT('',(1.326299139689,14.297823979354));
#9607 = CARTESIAN_POINT('',(1.240878364511,14.216313488877));
#9608 = CARTESIAN_POINT('',(1.199057665776,14.176401814743));
#9609 = CARTESIAN_POINT('',(1.157228685092,14.13659555488));
#9610 = CARTESIAN_POINT('',(1.115383313699,14.097006123203));
#9611 = CARTESIAN_POINT('',(1.073513546012,14.057744958935));
#9612 = CARTESIAN_POINT('',(1.031611672971,14.018923194267));
#9613 = CARTESIAN_POINT('',(0.9896704754,13.980651322025));
#9614 = CARTESIAN_POINT('',(0.899612521381,13.899976437112));
#9615 = CARTESIAN_POINT('',(0.851480472319,13.857777396317));
#9616 = CARTESIAN_POINT('',(0.803278742997,13.816607289789));
#9617 = CARTESIAN_POINT('',(0.754999208117,13.776628838059));
#9618 = CARTESIAN_POINT('',(0.706634434592,13.738001236059));
#9619 = CARTESIAN_POINT('',(0.658178317615,13.700879193993));
#9620 = CARTESIAN_POINT('',(0.60962706245,13.665411716363));
#9621 = CARTESIAN_POINT('',(0.491498021791,13.583647760389));
#9622 = CARTESIAN_POINT('',(0.421800561741,13.539205425913));
#9623 = CARTESIAN_POINT('',(0.35191003276,13.498845859002));
#9624 = CARTESIAN_POINT('',(0.281835726899,13.462946246594));
#9625 = CARTESIAN_POINT('',(0.211585870322,13.431828577221));
#9626 = CARTESIAN_POINT('',(0.141173186887,13.405757441671));
#9627 = CARTESIAN_POINT('',(7.062395119395E-02,13.384931724741));
#9628 = CARTESIAN_POINT('',(0.,13.369466136427));
#9629 = ( GEOMETRIC_REPRESENTATION_CONTEXT(2) 
PARAMETRIC_REPRESENTATION_CONTEXT() REPRESENTATION_CONTEXT('2D SPACE',''
  ) );
#9630 = ADVANCED_FACE('',(#9631,#9681,#10051),#3502,.T.);
#9631 = FACE_BOUND('',#9632,.T.);
#9632 = EDGE_LOOP('',(#9633,#9634,#9635,#9636));
#9633 = ORIENTED_EDGE('',*,*,#3296,.F.);
#9634 = ORIENTED_EDGE('',*,*,#4289,.T.);
#9635 = ORIENTED_EDGE('',*,*,#4014,.T.);
#9636 = ORIENTED_EDGE('',*,*,#9637,.F.);
#9637 = EDGE_CURVE('',#3297,#3887,#9638,.T.);
#9638 = SURFACE_CURVE('',#9639,(#9667,#9674),.PCURVE_S1.);
#9639 = B_SPLINE_CURVE_WITH_KNOTS('',3,(#9640,#9641,#9642,#9643,#9644,
    #9645,#9646,#9647,#9648,#9649,#9650,#9651,#9652,#9653,#9654,#9655,
    #9656,#9657,#9658,#9659,#9660,#9661,#9662,#9663,#9664,#9665,#9666),
  .UNSPECIFIED.,.T.,.F.,(1,1,2,1,1,1,1,1,1,1,1,1,1,1,1,1,1,1,1,1,1,1,1,1
    ,1,1,2,1,1),(-2.,-1.,0.,1.,2.,3.,4.,5.,6.,7.,8.,9.,10.,11.,12.,13.,
    14.,15.,16.,17.,18.,19.,20.,21.,22.,23.,24.,25.,26.),.UNSPECIFIED.);
#9640 = CARTESIAN_POINT('',(81.584366502647,87.799747438187,49.));
#9641 = CARTESIAN_POINT('',(92.658944185467,106.44229139306,49.));
#9642 = CARTESIAN_POINT('',(96.980576950262,129.54012708398,49.));
#9643 = CARTESIAN_POINT('',(90.791727115412,166.98758323647,49.));
#9644 = CARTESIAN_POINT('',(86.037352226809,175.54979001152,49.));
#9645 = CARTESIAN_POINT('',(74.009392665848,197.46352332101,49.));
#9646 = CARTESIAN_POINT('',(48.050224742997,218.61798421153,49.));
#9647 = CARTESIAN_POINT('',(26.409761718283,227.22044992069,49.));
#9648 = CARTESIAN_POINT('',(-2.140697450134E-04,231.38970734277,49.));
#9649 = CARTESIAN_POINT('',(-26.4089054393,227.22072070819,49.));
#9650 = CARTESIAN_POINT('',(-48.05322171942,218.61690106152,49.));
#9651 = CARTESIAN_POINT('',(-73.9982610391,197.46758513354,49.));
#9652 = CARTESIAN_POINT('',(-86.07888175734,175.53462591142,49.));
#9653 = CARTESIAN_POINT('',(-90.63674062002,167.04417782434,49.));
#9654 = CARTESIAN_POINT('',(-97.55899340129,129.32891283259,49.));
#9655 = CARTESIAN_POINT('',(-88.33944849433,95.681635965305,49.));
#9656 = CARTESIAN_POINT('',(-71.8131446857,70.67065979995,49.));
#9657 = CARTESIAN_POINT('',(-53.18275364051,56.066573701171,49.));
#9658 = CARTESIAN_POINT('',(-49.28295632513,53.046317442488,49.));
#9659 = CARTESIAN_POINT('',(-22.24133288953,41.135257248206,49.));
#9660 = CARTESIAN_POINT('',(2.981612572915E-03,39.431428481847,49.));
#9661 = CARTESIAN_POINT('',(22.229406439245,41.139028824405,49.));
#9662 = CARTESIAN_POINT('',(49.324698901155,53.031231137693,49.));
#9663 = CARTESIAN_POINT('',(53.027709786721,56.123147344154,49.));
#9664 = CARTESIAN_POINT('',(72.391577524851,70.459451532812,49.));
#9665 = CARTESIAN_POINT('',(81.584366502647,87.799747438187,49.));
#9666 = CARTESIAN_POINT('',(92.658944185467,106.44229139306,49.));
#9667 = PCURVE('',#3502,#9668);
#9668 = DEFINITIONAL_REPRESENTATION('',(#9669),#9673);
#9669 = LINE('',#9670,#9671);
#9670 = CARTESIAN_POINT('',(0.,1.));
#9671 = VECTOR('',#9672,1.);
#9672 = DIRECTION('',(1.,0.));
#9673 = ( GEOMETRIC_REPRESENTATION_CONTEXT(2) 
PARAMETRIC_REPRESENTATION_CONTEXT() REPRESENTATION_CONTEXT('2D SPACE',''
  ) );
#9674 = PCURVE('',#3757,#9675);
#9675 = DEFINITIONAL_REPRESENTATION('',(#9676),#9680);
#9676 = LINE('',#9677,#9678);
#9677 = CARTESIAN_POINT('',(0.,0.));
#9678 = VECTOR('',#9679,1.);
#9679 = DIRECTION('',(1.,0.));
#9680 = ( GEOMETRIC_REPRESENTATION_CONTEXT(2) 
PARAMETRIC_REPRESENTATION_CONTEXT() REPRESENTATION_CONTEXT('2D SPACE',''
  ) );
#9681 = FACE_BOUND('',#9682,.T.);
#9682 = EDGE_LOOP('',(#9683,#9886));
#9683 = ORIENTED_EDGE('',*,*,#9684,.T.);
#9684 = EDGE_CURVE('',#9685,#9687,#9689,.T.);
#9685 = VERTEX_POINT('',#9686);
#9686 = CARTESIAN_POINT('',(-95.,35.,42.685436601587));
#9687 = VERTEX_POINT('',#9688);
#9688 = CARTESIAN_POINT('',(-104.9037318641,34.023570891304,
    40.959291701558));
#9689 = SURFACE_CURVE('',#9690,(#9735,#9783),.PCURVE_S1.);
#9690 = B_SPLINE_CURVE_WITH_KNOTS('',8,(#9691,#9692,#9693,#9694,#9695,
    #9696,#9697,#9698,#9699,#9700,#9701,#9702,#9703,#9704,#9705,#9706,
    #9707,#9708,#9709,#9710,#9711,#9712,#9713,#9714,#9715,#9716,#9717,
    #9718,#9719,#9720,#9721,#9722,#9723,#9724,#9725,#9726,#9727,#9728,
    #9729,#9730,#9731,#9732,#9733,#9734),.UNSPECIFIED.,.F.,.F.,(9,7,7,7,
    7,7,9),(0.,0.174922215026,0.321936536162,0.45028988841,
    0.594643069443,0.749120640619,1.),.UNSPECIFIED.);
#9691 = CARTESIAN_POINT('',(-95.,35.,42.685436601587));
#9692 = CARTESIAN_POINT('',(-95.,34.674098596612,42.667353079231));
#9693 = CARTESIAN_POINT('',(-95.0242773575,34.348557953873,
    42.645483569758));
#9694 = CARTESIAN_POINT('',(-95.07273609833,34.025636003787,
    42.620002539952));
#9695 = CARTESIAN_POINT('',(-95.14500430639,33.707475073505,
    42.59111163038));
#9696 = CARTESIAN_POINT('',(-95.2404879188,33.396113246804,
    42.559030073178));
#9697 = CARTESIAN_POINT('',(-95.35840046979,33.09348949744,
    42.523989717866));
#9698 = CARTESIAN_POINT('',(-95.49776878312,32.80144259436,
    42.486234665193));
#9699 = CARTESIAN_POINT('',(-95.79158981441,32.286595779119,
    42.412231506344));
#9700 = CARTESIAN_POINT('',(-95.9401097975,32.060144560414,
    42.376698619772));
#9701 = CARTESIAN_POINT('',(-96.10229559912,31.843360670674,
    42.339577409154));
#9702 = CARTESIAN_POINT('',(-96.27739685053,31.637167379395,
    42.301019928816));
#9703 = CARTESIAN_POINT('',(-96.46460281812,31.442409474386,
    42.261179215982));
#9704 = CARTESIAN_POINT('',(-96.66304909509,31.259858167483,
    42.2202094061));
#9705 = CARTESIAN_POINT('',(-96.87181994482,31.090212109144,
    42.178266475052));
#9706 = CARTESIAN_POINT('',(-97.28038521436,30.797793389729,
    42.098179998841));
#9707 = CARTESIAN_POINT('',(-97.47796539564,30.671797124408,
    42.060227998052));
#9708 = CARTESIAN_POINT('',(-97.68204789303,30.556519084462,
    42.021758517448));
#9709 = CARTESIAN_POINT('',(-97.89197437801,30.452323013028,
    41.982876169969));
#9710 = CARTESIAN_POINT('',(-98.10706919944,30.359526475293,
    41.943685704363));
#9711 = CARTESIAN_POINT('',(-98.32664059682,30.278402518568,
    41.904292476548));
#9712 = CARTESIAN_POINT('',(-98.54998106756,30.209179545018,
    41.864802957909));
#9713 = CARTESIAN_POINT('',(-99.03097273037,30.087776469926,
    41.780926531186));
#9714 = CARTESIAN_POINT('',(-99.28944142974,30.038793712218,
    41.73654084889));
#9715 = CARTESIAN_POINT('',(-99.55074260745,30.005352491145,
    41.692322310152));
#9716 = CARTESIAN_POINT('',(-99.8138349598,29.987635403103,
    41.648424995405));
#9717 = CARTESIAN_POINT('',(-100.0776671257,29.985750548368,
    41.605004016773));
#9718 = CARTESIAN_POINT('',(-100.3411783823,29.999731833539,
    41.56221627176));
#9719 = CARTESIAN_POINT('',(-100.6032991684,30.029535301737,
    41.520220922855));
#9720 = CARTESIAN_POINT('',(-101.1408147388,30.123718611231,
    41.435259799166));
#9721 = CARTESIAN_POINT('',(-101.4158731124,30.190380661423,
    41.392429057889));
#9722 = CARTESIAN_POINT('',(-101.6867938028,30.274862155069,
    41.350887484544));
#9723 = CARTESIAN_POINT('',(-101.9522614377,30.376895359339,
    41.310833692183));
#9724 = CARTESIAN_POINT('',(-102.2109769779,30.496104716288,
    41.272465909262));
#9725 = CARTESIAN_POINT('',(-102.4616599585,30.632003560598,
    41.235981849247));
#9726 = CARTESIAN_POINT('',(-102.7030540197,30.783983133417,
    41.201577342128));
#9727 = CARTESIAN_POINT('',(-103.3088992545,31.223014995095,
    41.117257119137));
#9728 = CARTESIAN_POINT('',(-103.6564618121,31.535408376649,
    41.071014713761));
#9729 = CARTESIAN_POINT('',(-103.9709309894,31.88511685482,
    41.031605306589));
#9730 = CARTESIAN_POINT('',(-104.2474971861,32.267933706915,
    40.999783471824));
#9731 = CARTESIAN_POINT('',(-104.4820170534,32.679023322116,
    40.976205533212));
#9732 = CARTESIAN_POINT('',(-104.6711009952,33.112902165814,
    40.961397054434));
#9733 = CARTESIAN_POINT('',(-104.812111687,33.563444520818,
    40.95573219185));
#9734 = CARTESIAN_POINT('',(-104.9037318641,34.023570891304,
    40.959291701558));
#9735 = PCURVE('',#3502,#9736);
#9736 = DEFINITIONAL_REPRESENTATION('',(#9737),#9782);
#9737 = B_SPLINE_CURVE_WITH_KNOTS('',8,(#9738,#9739,#9740,#9741,#9742,
    #9743,#9744,#9745,#9746,#9747,#9748,#9749,#9750,#9751,#9752,#9753,
    #9754,#9755,#9756,#9757,#9758,#9759,#9760,#9761,#9762,#9763,#9764,
    #9765,#9766,#9767,#9768,#9769,#9770,#9771,#9772,#9773,#9774,#9775,
    #9776,#9777,#9778,#9779,#9780,#9781),.UNSPECIFIED.,.F.,.F.,(9,7,7,7,
    7,7,9),(0.,0.174922215026,0.321936536162,0.45028988841,
    0.594643069443,0.749120640619,1.),.UNSPECIFIED.);
#9738 = CARTESIAN_POINT('',(15.303555946688,0.473786383466));
#9739 = CARTESIAN_POINT('',(15.309911799219,0.472279423269));
#9740 = CARTESIAN_POINT('',(15.315734537999,0.470456964146));
#9741 = CARTESIAN_POINT('',(15.320977162804,0.468333544996));
#9742 = CARTESIAN_POINT('',(15.325602229611,0.465925969198));
#9743 = CARTESIAN_POINT('',(15.329580883543,0.463252506098));
#9744 = CARTESIAN_POINT('',(15.332892304864,0.460332476489));
#9745 = CARTESIAN_POINT('',(15.335523568024,0.457186222099));
#9746 = CARTESIAN_POINT('',(15.339105730543,0.451019292195));
#9747 = CARTESIAN_POINT('',(15.340258000702,0.448058218314));
#9748 = CARTESIAN_POINT('',(15.340923781619,0.444964784096));
#9749 = CARTESIAN_POINT('',(15.341104192693,0.441751660735));
#9750 = CARTESIAN_POINT('',(15.340803876796,0.438431601332));
#9751 = CARTESIAN_POINT('',(15.340030592625,0.435017450508));
#9752 = CARTESIAN_POINT('',(15.338794937928,0.431522206254));
#9753 = CARTESIAN_POINT('',(15.335639317697,0.424848333237));
#9754 = CARTESIAN_POINT('',(15.333826044497,0.421685666504));
#9755 = CARTESIAN_POINT('',(15.331679129938,0.418479876454));
#9756 = CARTESIAN_POINT('',(15.329208755123,0.415239680831));
#9757 = CARTESIAN_POINT('',(15.326426310218,0.411973808697));
#9758 = CARTESIAN_POINT('',(15.323344227235,0.408691039712));
#9759 = CARTESIAN_POINT('',(15.319975871745,0.405400246492));
#9760 = CARTESIAN_POINT('',(15.312241325559,0.398410544265));
#9761 = CARTESIAN_POINT('',(15.307802914327,0.394711737407));
#9762 = CARTESIAN_POINT('',(15.30304050202,0.391026859179));
#9763 = CARTESIAN_POINT('',(15.297975516562,0.387368749617));
#9764 = CARTESIAN_POINT('',(15.292630317143,0.383750334731));
#9765 = CARTESIAN_POINT('',(15.287028055011,0.380184689313));
#9766 = CARTESIAN_POINT('',(15.281192649498,0.376685076905));
#9767 = CARTESIAN_POINT('',(15.268681221713,0.369604983264));
#9768 = CARTESIAN_POINT('',(15.261974436316,0.366035754824));
#9769 = CARTESIAN_POINT('',(15.255059074069,0.362573957045));
#9770 = CARTESIAN_POINT('',(15.247966235042,0.359236141015));
#9771 = CARTESIAN_POINT('',(15.240727480761,0.356038825772));
#9772 = CARTESIAN_POINT('',(15.233374883395,0.352998487437));
#9773 = CARTESIAN_POINT('',(15.225941211801,0.350131445177));
#9774 = CARTESIAN_POINT('',(15.206310802602,0.343104759928));
#9775 = CARTESIAN_POINT('',(15.194026084194,0.339251226147));
#9776 = CARTESIAN_POINT('',(15.18176241517,0.335967108882));
#9777 = CARTESIAN_POINT('',(15.169667744332,0.333315289319));
#9778 = CARTESIAN_POINT('',(15.15788464855,0.331350461101));
#9779 = CARTESIAN_POINT('',(15.146552180498,0.330116421203));
#9780 = CARTESIAN_POINT('',(15.135808851819,0.329644349321));
#9781 = CARTESIAN_POINT('',(15.1257906495,0.32994097513));
#9782 = ( GEOMETRIC_REPRESENTATION_CONTEXT(2) 
PARAMETRIC_REPRESENTATION_CONTEXT() REPRESENTATION_CONTEXT('2D SPACE',''
  ) );
#9783 = PCURVE('',#9784,#9839);
#9784 = B_SPLINE_SURFACE_WITH_KNOTS('',3,1,(
    (#9785,#9786)
    ,(#9787,#9788)
    ,(#9789,#9790)
    ,(#9791,#9792)
    ,(#9793,#9794)
    ,(#9795,#9796)
    ,(#9797,#9798)
    ,(#9799,#9800)
    ,(#9801,#9802)
    ,(#9803,#9804)
    ,(#9805,#9806)
    ,(#9807,#9808)
    ,(#9809,#9810)
    ,(#9811,#9812)
    ,(#9813,#9814)
    ,(#9815,#9816)
    ,(#9817,#9818)
    ,(#9819,#9820)
    ,(#9821,#9822)
    ,(#9823,#9824)
    ,(#9825,#9826)
    ,(#9827,#9828)
    ,(#9829,#9830)
    ,(#9831,#9832)
    ,(#9833,#9834)
    ,(#9835,#9836)
    ,(#9837,#9838
    )),.UNSPECIFIED.,.T.,.F.,.F.,(1,1,2,1,1,1,1,1,1,1,1,1,1,1,1,1,1,1,1,
    1,1,1,1,1,1,1,2,1,1),(2,2),(-2.,-1.,0.,1.,2.,3.,4.,5.,6.,7.,8.,9.,
    10.,11.,12.,13.,14.,15.,16.,17.,18.,19.,20.,21.,22.,23.,24.,25.,26.)
  ,(0.,1.),.UNSPECIFIED.);
#9785 = CARTESIAN_POINT('',(129.,62.9,37.));
#9786 = CARTESIAN_POINT('',(81.584366502647,87.799747438187,49.));
#9787 = CARTESIAN_POINT('',(119.4,92.1,37.));
#9788 = CARTESIAN_POINT('',(92.658944185467,106.44229139306,49.));
#9789 = CARTESIAN_POINT('',(118.38659285555,125.42655430544,37.));
#9790 = CARTESIAN_POINT('',(96.980576950262,129.54012708398,49.));
#9791 = CARTESIAN_POINT('',(124.74692500554,174.05705993092,37.));
#9792 = CARTESIAN_POINT('',(90.791727115412,166.98758323647,49.));
#9793 = CARTESIAN_POINT('',(106.22570712225,183.34520597083,37.));
#9794 = CARTESIAN_POINT('',(86.037352226809,175.54979001152,49.));
#9795 = CARTESIAN_POINT('',(82.150246505431,200.16211618573,37.));
#9796 = CARTESIAN_POINT('',(74.009392665848,197.46352332101,49.));
#9797 = CARTESIAN_POINT('',(61.973306856021,237.00632928623,37.));
#9798 = CARTESIAN_POINT('',(48.050224742997,218.61798421153,49.));
#9799 = CARTESIAN_POINT('',(31.756526070487,245.61256666933,37.));
#9800 = CARTESIAN_POINT('',(26.409761718283,227.22044992069,49.));
#9801 = CARTESIAN_POINT('',(5.888620325629E-04,244.54340403642,37.));
#9802 = CARTESIAN_POINT('',(-2.140697450134E-04,231.38970734277,49.));
#9803 = CARTESIAN_POINT('',(-31.75888151861,245.61381718495,37.));
#9804 = CARTESIAN_POINT('',(-26.4089054393,227.22072070819,49.));
#9805 = CARTESIAN_POINT('',(-61.96506278756,237.00132722373,37.));
#9806 = CARTESIAN_POINT('',(-48.05322171942,218.61690106152,49.));
#9807 = CARTESIAN_POINT('',(-82.18086733112,200.18087392008,37.));
#9808 = CARTESIAN_POINT('',(-73.9982610391,197.46758513354,49.));
#9809 = CARTESIAN_POINT('',(-106.1114678879,183.2751770959,37.));
#9810 = CARTESIAN_POINT('',(-86.07888175734,175.53462591142,49.));
#9811 = CARTESIAN_POINT('',(-125.1732611171,174.31841769629,37.));
#9812 = CARTESIAN_POINT('',(-90.63674062002,167.04417782434,49.));
#9813 = CARTESIAN_POINT('',(-116.7954876435,124.45115211892,37.));
#9814 = CARTESIAN_POINT('',(-97.55899340129,129.32891283259,49.));
#9815 = CARTESIAN_POINT('',(-125.8447883085,79.076973828017,37.));
#9816 = CARTESIAN_POINT('',(-88.33944849433,95.681635965305,49.));
#9817 = CARTESIAN_POINT('',(-125.0253591221,24.240952569008,37.));
#9818 = CARTESIAN_POINT('',(-71.8131446857,70.67065979995,49.));
#9819 = CARTESIAN_POINT('',(-113.8537752029,-35.04078410405,37.));
#9820 = CARTESIAN_POINT('',(-53.18275364051,56.066573701171,49.));
#9821 = CARTESIAN_POINT('',(-94.55954006626,-29.2778161528,37.));
#9822 = CARTESIAN_POINT('',(-49.28295632513,53.046317442488,49.));
#9823 = CARTESIAN_POINT('',(-37.10806453202,-30.84795128472,37.));
#9824 = CARTESIAN_POINT('',(-22.24133288953,41.135257248206,49.));
#9825 = CARTESIAN_POINT('',(-8.201805630555E-03,-30.33037870831,37.));
#9826 = CARTESIAN_POINT('',(2.981612572915E-03,39.431428481847,49.));
#9827 = CARTESIAN_POINT('',(37.140871754547,-30.83053388202,37.));
#9828 = CARTESIAN_POINT('',(22.229406439245,41.139028824405,49.));
#9829 = CARTESIAN_POINT('',(94.444714787441,-29.34748576358,37.));
#9830 = CARTESIAN_POINT('',(49.324698901155,53.031231137693,49.));
#9831 = CARTESIAN_POINT('',(114.28026909568,-34.77952306365,37.));
#9832 = CARTESIAN_POINT('',(53.027709786721,56.123147344154,49.));
#9833 = CARTESIAN_POINT('',(123.4342088298,23.265578018186,37.));
#9834 = CARTESIAN_POINT('',(72.391577524851,70.459451532812,49.));
#9835 = CARTESIAN_POINT('',(129.,62.9,37.));
#9836 = CARTESIAN_POINT('',(81.584366502647,87.799747438187,49.));
#9837 = CARTESIAN_POINT('',(119.4,92.1,37.));
#9838 = CARTESIAN_POINT('',(92.658944185467,106.44229139306,49.));
#9839 = DEFINITIONAL_REPRESENTATION('',(#9840),#9885);
#9840 = B_SPLINE_CURVE_WITH_KNOTS('',8,(#9841,#9842,#9843,#9844,#9845,
    #9846,#9847,#9848,#9849,#9850,#9851,#9852,#9853,#9854,#9855,#9856,
    #9857,#9858,#9859,#9860,#9861,#9862,#9863,#9864,#9865,#9866,#9867,
    #9868,#9869,#9870,#9871,#9872,#9873,#9874,#9875,#9876,#9877,#9878,
    #9879,#9880,#9881,#9882,#9883,#9884),.UNSPECIFIED.,.F.,.F.,(9,7,7,7,
    7,7,9),(0.,0.174922215026,0.321936536162,0.45028988841,
    0.594643069443,0.749120640619,1.),.UNSPECIFIED.);
#9841 = CARTESIAN_POINT('',(15.303555946688,0.473786383466));
#9842 = CARTESIAN_POINT('',(15.309911799219,0.472279423269));
#9843 = CARTESIAN_POINT('',(15.315734537999,0.470456964146));
#9844 = CARTESIAN_POINT('',(15.320977162804,0.468333544996));
#9845 = CARTESIAN_POINT('',(15.325602229611,0.465925969198));
#9846 = CARTESIAN_POINT('',(15.329580883543,0.463252506098));
#9847 = CARTESIAN_POINT('',(15.332892304864,0.460332476489));
#9848 = CARTESIAN_POINT('',(15.335523568024,0.457186222099));
#9849 = CARTESIAN_POINT('',(15.339105730543,0.451019292195));
#9850 = CARTESIAN_POINT('',(15.340258000702,0.448058218314));
#9851 = CARTESIAN_POINT('',(15.340923781619,0.444964784096));
#9852 = CARTESIAN_POINT('',(15.341104192693,0.441751660735));
#9853 = CARTESIAN_POINT('',(15.340803876796,0.438431601332));
#9854 = CARTESIAN_POINT('',(15.340030592625,0.435017450508));
#9855 = CARTESIAN_POINT('',(15.338794937928,0.431522206254));
#9856 = CARTESIAN_POINT('',(15.335639317697,0.424848333237));
#9857 = CARTESIAN_POINT('',(15.333826044497,0.421685666504));
#9858 = CARTESIAN_POINT('',(15.331679129938,0.418479876454));
#9859 = CARTESIAN_POINT('',(15.329208755123,0.415239680831));
#9860 = CARTESIAN_POINT('',(15.326426310218,0.411973808697));
#9861 = CARTESIAN_POINT('',(15.323344227235,0.408691039712));
#9862 = CARTESIAN_POINT('',(15.319975871745,0.405400246492));
#9863 = CARTESIAN_POINT('',(15.312241325559,0.398410544265));
#9864 = CARTESIAN_POINT('',(15.307802914327,0.394711737407));
#9865 = CARTESIAN_POINT('',(15.30304050202,0.391026859179));
#9866 = CARTESIAN_POINT('',(15.297975516562,0.387368749617));
#9867 = CARTESIAN_POINT('',(15.292630317143,0.383750334731));
#9868 = CARTESIAN_POINT('',(15.287028055011,0.380184689313));
#9869 = CARTESIAN_POINT('',(15.281192649498,0.376685076905));
#9870 = CARTESIAN_POINT('',(15.268681221713,0.369604983264));
#9871 = CARTESIAN_POINT('',(15.261974436316,0.366035754824));
#9872 = CARTESIAN_POINT('',(15.255059074069,0.362573957045));
#9873 = CARTESIAN_POINT('',(15.247966235042,0.359236141015));
#9874 = CARTESIAN_POINT('',(15.240727480761,0.356038825772));
#9875 = CARTESIAN_POINT('',(15.233374883395,0.352998487437));
#9876 = CARTESIAN_POINT('',(15.225941211801,0.350131445177));
#9877 = CARTESIAN_POINT('',(15.206310802602,0.343104759928));
#9878 = CARTESIAN_POINT('',(15.194026084194,0.339251226147));
#9879 = CARTESIAN_POINT('',(15.18176241517,0.335967108882));
#9880 = CARTESIAN_POINT('',(15.169667744332,0.333315289319));
#9881 = CARTESIAN_POINT('',(15.15788464855,0.331350461101));
#9882 = CARTESIAN_POINT('',(15.146552180498,0.330116421203));
#9883 = CARTESIAN_POINT('',(15.135808851819,0.329644349321));
#9884 = CARTESIAN_POINT('',(15.1257906495,0.32994097513));
#9885 = ( GEOMETRIC_REPRESENTATION_CONTEXT(2) 
PARAMETRIC_REPRESENTATION_CONTEXT() REPRESENTATION_CONTEXT('2D SPACE',''
  ) );
#9886 = ORIENTED_EDGE('',*,*,#9887,.T.);
#9887 = EDGE_CURVE('',#9687,#9685,#9888,.T.);
#9888 = SURFACE_CURVE('',#9889,(#9941,#9996),.PCURVE_S1.);
#9889 = B_SPLINE_CURVE_WITH_KNOTS('',8,(#9890,#9891,#9892,#9893,#9894,
    #9895,#9896,#9897,#9898,#9899,#9900,#9901,#9902,#9903,#9904,#9905,
    #9906,#9907,#9908,#9909,#9910,#9911,#9912,#9913,#9914,#9915,#9916,
    #9917,#9918,#9919,#9920,#9921,#9922,#9923,#9924,#9925,#9926,#9927,
    #9928,#9929,#9930,#9931,#9932,#9933,#9934,#9935,#9936,#9937,#9938,
    #9939,#9940),.UNSPECIFIED.,.F.,.F.,(9,7,7,7,7,7,7,9),(0.,
    0.219836430075,0.338101613192,0.438003209008,0.541852060438,
    0.667672866733,0.759733923766,1.),.UNSPECIFIED.);
#9890 = CARTESIAN_POINT('',(-104.9037318641,34.023570891304,
    40.959291701558));
#9891 = CARTESIAN_POINT('',(-104.9950273722,34.482066739336,
    40.962838597643));
#9892 = CARTESIAN_POINT('',(-105.0370854758,34.949099424144,
    40.975537218496));
#9893 = CARTESIAN_POINT('',(-105.0291198452,35.41830312138,
    40.997403064474));
#9894 = CARTESIAN_POINT('',(-104.9714073113,35.883484487013,
    41.028249607627));
#9895 = CARTESIAN_POINT('',(-104.8650776234,36.338643546681,
    41.067706923791));
#9896 = CARTESIAN_POINT('',(-104.7120678856,36.7779781516,
    41.115215293097));
#9897 = CARTESIAN_POINT('',(-104.5152139817,37.19594393243,
    41.170005673806));
#9898 = CARTESIAN_POINT('',(-104.1510803207,37.798055333189,
    41.263934485715));
#9899 = CARTESIAN_POINT('',(-104.0121023075,38.001103155972,
    41.298623062911));
#9900 = CARTESIAN_POINT('',(-103.8620681919,38.195852579065,
    41.335003315125));
#9901 = CARTESIAN_POINT('',(-103.7015718768,38.381638198216,
    41.372925019867));
#9902 = CARTESIAN_POINT('',(-103.5312419481,38.557854437549,
    41.41223071754));
#9903 = CARTESIAN_POINT('',(-103.3517359473,38.723950371662,
    41.452757091507));
#9904 = CARTESIAN_POINT('',(-103.1637372068,38.879426708946,
    41.494336113692));
#9905 = CARTESIAN_POINT('',(-102.8025714199,39.145820223503,
    41.572662859771));
#9906 = CARTESIAN_POINT('',(-102.6316300323,39.259910481039,
    41.609159145237));
#9907 = CARTESIAN_POINT('',(-102.4555531523,39.365837855052,
    41.646182089949));
#9908 = CARTESIAN_POINT('',(-102.2747726653,39.463360284096,
    41.683627736751));
#9909 = CARTESIAN_POINT('',(-102.0897288761,39.552260697121,
    41.721391290647));
#9910 = CARTESIAN_POINT('',(-101.9008701126,39.632346211622,
    41.759367515943));
#9911 = CARTESIAN_POINT('',(-101.7086523286,39.703447331775,
    41.797451133403));
#9912 = CARTESIAN_POINT('',(-101.3107158667,39.82983547783,
    41.875128137289));
#9913 = CARTESIAN_POINT('',(-101.104762631,39.884387018269,
    41.914721961503));
#9914 = CARTESIAN_POINT('',(-100.8961997292,39.92890759926,
    41.954200778223));
#9915 = CARTESIAN_POINT('',(-100.6855561707,39.963259447094,
    41.993447149229));
#9916 = CARTESIAN_POINT('',(-100.4733693945,39.987332330509,
    42.032344559932));
#9917 = CARTESIAN_POINT('',(-100.260185417,40.001044708205,
    42.070777869407));
#9918 = CARTESIAN_POINT('',(-100.0465589807,40.004344876359,
    42.108633760433));
#9919 = CARTESIAN_POINT('',(-99.57437576866,39.988570232959,
    42.190832365425));
#9920 = CARTESIAN_POINT('',(-99.31586468838,39.964613677037,
    42.234854857885));
#9921 = CARTESIAN_POINT('',(-99.05853505365,39.925304712242,
    42.277668927984));
#9922 = CARTESIAN_POINT('',(-98.80340995493,39.87067931069,
    42.319081891787));
#9923 = CARTESIAN_POINT('',(-98.55152101176,39.80084777249,
    42.358909102555));
#9924 = CARTESIAN_POINT('',(-98.30390701625,39.71600006013,
    42.396975147712));
#9925 = CARTESIAN_POINT('',(-98.06161118898,39.616415847496,
    42.433115260583));
#9926 = CARTESIAN_POINT('',(-97.65304783713,39.419113735149,
    42.492099334047));
#9927 = CARTESIAN_POINT('',(-97.48381850298,39.328061420508,
    42.51590986747));
#9928 = CARTESIAN_POINT('',(-97.31839897021,39.229473253061,
    42.538548578723));
#9929 = CARTESIAN_POINT('',(-97.15719185399,39.123525784794,
    42.559960116201));
#9930 = CARTESIAN_POINT('',(-97.00059122738,39.010422648441,
    42.580093915947));
#9931 = CARTESIAN_POINT('',(-96.84898138917,38.890395999706,
    42.598904372482));
#9932 = CARTESIAN_POINT('',(-96.70273563165,38.763707959473,
    42.61635100962));
#9933 = CARTESIAN_POINT('',(-96.19547645633,38.283395345424,
    42.674280680707));
#9934 = CARTESIAN_POINT('',(-95.86728651792,37.892343937864,
    42.706684790936));
#9935 = CARTESIAN_POINT('',(-95.58476194188,37.463057439683,
    42.728884800453));
#9936 = CARTESIAN_POINT('',(-95.35326147359,37.002179667911,
    42.740581285772));
#9937 = CARTESIAN_POINT('',(-95.17696762897,36.517043105444,
    42.741742325723));
#9938 = CARTESIAN_POINT('',(-95.05870392632,36.01568131771,
    42.732591346448));
#9939 = CARTESIAN_POINT('',(-95.,35.506782730734,42.713556814466));
#9940 = CARTESIAN_POINT('',(-95.,35.,42.685436601587));
#9941 = PCURVE('',#3502,#9942);
#9942 = DEFINITIONAL_REPRESENTATION('',(#9943),#9995);
#9943 = B_SPLINE_CURVE_WITH_KNOTS('',8,(#9944,#9945,#9946,#9947,#9948,
    #9949,#9950,#9951,#9952,#9953,#9954,#9955,#9956,#9957,#9958,#9959,
    #9960,#9961,#9962,#9963,#9964,#9965,#9966,#9967,#9968,#9969,#9970,
    #9971,#9972,#9973,#9974,#9975,#9976,#9977,#9978,#9979,#9980,#9981,
    #9982,#9983,#9984,#9985,#9986,#9987,#9988,#9989,#9990,#9991,#9992,
    #9993,#9994),.UNSPECIFIED.,.F.,.F.,(9,7,7,7,7,7,7,9),(0.,
    0.219836430075,0.338101613192,0.438003209008,0.541852060438,
    0.667672866733,0.759733923766,1.),.UNSPECIFIED.);
#9944 = CARTESIAN_POINT('',(15.1257906495,0.32994097513));
#9945 = CARTESIAN_POINT('',(15.115807948088,0.330236549804));
#9946 = CARTESIAN_POINT('',(15.106566595903,0.331294768208));
#9947 = CARTESIAN_POINT('',(15.098180112265,0.33311692204));
#9948 = CARTESIAN_POINT('',(15.090744050581,0.335687467302));
#9949 = CARTESIAN_POINT('',(15.084341198275,0.338975576983));
#9950 = CARTESIAN_POINT('',(15.079042859428,0.342934607758));
#9951 = CARTESIAN_POINT('',(15.074905485949,0.347500472817));
#9952 = CARTESIAN_POINT('',(15.070378377558,0.35532787381));
#9953 = CARTESIAN_POINT('',(15.069139623899,0.358218588576));
#9954 = CARTESIAN_POINT('',(15.068250752197,0.36125027626));
#9955 = CARTESIAN_POINT('',(15.067715207437,0.364410418322));
#9956 = CARTESIAN_POINT('',(15.067534997131,0.367685893128));
#9957 = CARTESIAN_POINT('',(15.067710810596,0.371063090959));
#9958 = CARTESIAN_POINT('',(15.068242049911,0.374528009474));
#9959 = CARTESIAN_POINT('',(15.069874120155,0.381055238314));
#9960 = CARTESIAN_POINT('',(15.070873722291,0.384096595436));
#9961 = CARTESIAN_POINT('',(15.07212443582,0.387181840829));
#9962 = CARTESIAN_POINT('',(15.073624507131,0.390302311396));
#9963 = CARTESIAN_POINT('',(15.075371561358,0.393449274221));
#9964 = CARTESIAN_POINT('',(15.077362591608,0.396613959662));
#9965 = CARTESIAN_POINT('',(15.079593948189,0.39978759445));
#9966 = CARTESIAN_POINT('',(15.084626197196,0.406260678107));
#9967 = CARTESIAN_POINT('',(15.087446125108,0.409560163459));
#9968 = CARTESIAN_POINT('',(15.090516255178,0.412850064852));
#9969 = CARTESIAN_POINT('',(15.093830970896,0.416120595769));
#9970 = CARTESIAN_POINT('',(15.097383834183,0.419362046661));
#9971 = CARTESIAN_POINT('',(15.101167523942,0.422564822451));
#9972 = CARTESIAN_POINT('',(15.10517377461,0.425719480036));
#9973 = CARTESIAN_POINT('',(15.114505609454,0.432569363785));
#9974 = CARTESIAN_POINT('',(15.119931206268,0.436237904824));
#9975 = CARTESIAN_POINT('',(15.125653403462,0.439805743999));
#9976 = CARTESIAN_POINT('',(15.131653402522,0.443256824316));
#9977 = CARTESIAN_POINT('',(15.137910206092,0.446575758546));
#9978 = CARTESIAN_POINT('',(15.144400468615,0.449747928976));
#9979 = CARTESIAN_POINT('',(15.151098299616,0.452759605049));
#9980 = CARTESIAN_POINT('',(15.163006604913,0.457674944504));
#9981 = CARTESIAN_POINT('',(15.168134136038,0.459659155622));
#9982 = CARTESIAN_POINT('',(15.173346353831,0.461545714894));
#9983 = CARTESIAN_POINT('',(15.17863142249,0.463330009683));
#9984 = CARTESIAN_POINT('',(15.183976933157,0.465007826329));
#9985 = CARTESIAN_POINT('',(15.189369907467,0.466575364373));
#9986 = CARTESIAN_POINT('',(15.194796801104,0.468029250802));
#9987 = CARTESIAN_POINT('',(15.214458624791,0.472856723392));
#9988 = CARTESIAN_POINT('',(15.228825989855,0.475557065911));
#9989 = CARTESIAN_POINT('',(15.243074418957,0.477407066705));
#9990 = CARTESIAN_POINT('',(15.256937611154,0.478381773814));
#9991 = CARTESIAN_POINT('',(15.270154156939,0.478478527144));
#9992 = CARTESIAN_POINT('',(15.282475659894,0.477715945537));
#9993 = CARTESIAN_POINT('',(15.293672478042,0.476129734539));
#9994 = CARTESIAN_POINT('',(15.303555946688,0.473786383466));
#9995 = ( GEOMETRIC_REPRESENTATION_CONTEXT(2) 
PARAMETRIC_REPRESENTATION_CONTEXT() REPRESENTATION_CONTEXT('2D SPACE',''
  ) );
#9996 = PCURVE('',#9784,#9997);
#9997 = DEFINITIONAL_REPRESENTATION('',(#9998),#10050);
#9998 = B_SPLINE_CURVE_WITH_KNOTS('',8,(#9999,#10000,#10001,#10002,
    #10003,#10004,#10005,#10006,#10007,#10008,#10009,#10010,#10011,
    #10012,#10013,#10014,#10015,#10016,#10017,#10018,#10019,#10020,
    #10021,#10022,#10023,#10024,#10025,#10026,#10027,#10028,#10029,
    #10030,#10031,#10032,#10033,#10034,#10035,#10036,#10037,#10038,
    #10039,#10040,#10041,#10042,#10043,#10044,#10045,#10046,#10047,
    #10048,#10049),.UNSPECIFIED.,.F.,.F.,(9,7,7,7,7,7,7,9),(0.,
    0.219836430075,0.338101613192,0.438003209008,0.541852060438,
    0.667672866733,0.759733923766,1.),.UNSPECIFIED.);
#9999 = CARTESIAN_POINT('',(15.1257906495,0.32994097513));
#10000 = CARTESIAN_POINT('',(15.115807948088,0.330236549804));
#10001 = CARTESIAN_POINT('',(15.106566595903,0.331294768208));
#10002 = CARTESIAN_POINT('',(15.098180112265,0.33311692204));
#10003 = CARTESIAN_POINT('',(15.090744050581,0.335687467302));
#10004 = CARTESIAN_POINT('',(15.084341198275,0.338975576983));
#10005 = CARTESIAN_POINT('',(15.079042859428,0.342934607758));
#10006 = CARTESIAN_POINT('',(15.074905485949,0.347500472817));
#10007 = CARTESIAN_POINT('',(15.070378377558,0.35532787381));
#10008 = CARTESIAN_POINT('',(15.069139623899,0.358218588576));
#10009 = CARTESIAN_POINT('',(15.068250752197,0.36125027626));
#10010 = CARTESIAN_POINT('',(15.067715207437,0.364410418322));
#10011 = CARTESIAN_POINT('',(15.067534997131,0.367685893128));
#10012 = CARTESIAN_POINT('',(15.067710810596,0.371063090959));
#10013 = CARTESIAN_POINT('',(15.068242049911,0.374528009474));
#10014 = CARTESIAN_POINT('',(15.069874120155,0.381055238314));
#10015 = CARTESIAN_POINT('',(15.070873722291,0.384096595436));
#10016 = CARTESIAN_POINT('',(15.07212443582,0.387181840829));
#10017 = CARTESIAN_POINT('',(15.073624507131,0.390302311396));
#10018 = CARTESIAN_POINT('',(15.075371561358,0.393449274221));
#10019 = CARTESIAN_POINT('',(15.077362591608,0.396613959662));
#10020 = CARTESIAN_POINT('',(15.079593948189,0.39978759445));
#10021 = CARTESIAN_POINT('',(15.084626197196,0.406260678107));
#10022 = CARTESIAN_POINT('',(15.087446125108,0.409560163459));
#10023 = CARTESIAN_POINT('',(15.090516255178,0.412850064852));
#10024 = CARTESIAN_POINT('',(15.093830970896,0.416120595769));
#10025 = CARTESIAN_POINT('',(15.097383834183,0.419362046661));
#10026 = CARTESIAN_POINT('',(15.101167523942,0.422564822451));
#10027 = CARTESIAN_POINT('',(15.10517377461,0.425719480036));
#10028 = CARTESIAN_POINT('',(15.114505609454,0.432569363785));
#10029 = CARTESIAN_POINT('',(15.119931206268,0.436237904824));
#10030 = CARTESIAN_POINT('',(15.125653403462,0.439805743999));
#10031 = CARTESIAN_POINT('',(15.131653402522,0.443256824316));
#10032 = CARTESIAN_POINT('',(15.137910206092,0.446575758546));
#10033 = CARTESIAN_POINT('',(15.144400468615,0.449747928976));
#10034 = CARTESIAN_POINT('',(15.151098299616,0.452759605049));
#10035 = CARTESIAN_POINT('',(15.163006604913,0.457674944504));
#10036 = CARTESIAN_POINT('',(15.168134136038,0.459659155622));
#10037 = CARTESIAN_POINT('',(15.173346353831,0.461545714894));
#10038 = CARTESIAN_POINT('',(15.17863142249,0.463330009683));
#10039 = CARTESIAN_POINT('',(15.183976933157,0.465007826329));
#10040 = CARTESIAN_POINT('',(15.189369907467,0.466575364373));
#10041 = CARTESIAN_POINT('',(15.194796801104,0.468029250802));
#10042 = CARTESIAN_POINT('',(15.214458624791,0.472856723392));
#10043 = CARTESIAN_POINT('',(15.228825989855,0.475557065911));
#10044 = CARTESIAN_POINT('',(15.243074418957,0.477407066705));
#10045 = CARTESIAN_POINT('',(15.256937611154,0.478381773814));
#10046 = CARTESIAN_POINT('',(15.270154156939,0.478478527144));
#10047 = CARTESIAN_POINT('',(15.282475659894,0.477715945537));
#10048 = CARTESIAN_POINT('',(15.293672478042,0.476129734539));
#10049 = CARTESIAN_POINT('',(15.303555946688,0.473786383466));
#10050 = ( GEOMETRIC_REPRESENTATION_CONTEXT(2) 
PARAMETRIC_REPRESENTATION_CONTEXT() REPRESENTATION_CONTEXT('2D SPACE',''
  ) );
#10051 = FACE_BOUND('',#10052,.T.);
#10052 = EDGE_LOOP('',(#10053,#10172));
#10053 = ORIENTED_EDGE('',*,*,#10054,.T.);
#10054 = EDGE_CURVE('',#10055,#10057,#10059,.T.);
#10055 = VERTEX_POINT('',#10056);
#10056 = CARTESIAN_POINT('',(105.,35.,40.965646351126));
#10057 = VERTEX_POINT('',#10058);
#10058 = CARTESIAN_POINT('',(100.06576114984,30.000432471586,
    41.581818181818));
#10059 = SURFACE_CURVE('',#10060,(#10077,#10097),.PCURVE_S1.);
#10060 = B_SPLINE_CURVE_WITH_KNOTS('',8,(#10061,#10062,#10063,#10064,
    #10065,#10066,#10067,#10068,#10069,#10070,#10071,#10072,#10073,
    #10074,#10075,#10076),.UNSPECIFIED.,.F.,.F.,(9,7,9),(0.,
    0.581993263523,1.),.UNSPECIFIED.);
#10061 = CARTESIAN_POINT('',(105.,35.,40.965646351126));
#10062 = CARTESIAN_POINT('',(105.,34.429104874718,40.939183008018));
#10063 = CARTESIAN_POINT('',(104.92550279913,33.855707304394,
    40.926183047929));
#10064 = CARTESIAN_POINT('',(104.7753735145,33.293978410162,
    40.927351948547));
#10065 = CARTESIAN_POINT('',(104.55256608149,32.756092167489,
    40.942482320375));
#10066 = CARTESIAN_POINT('',(104.26176332027,32.25305298015,
    40.970964447924));
#10067 = CARTESIAN_POINT('',(103.90966134413,31.794535013294,
    41.011784038401));
#10068 = CARTESIAN_POINT('',(103.50444194818,31.389089765812,
    41.063676156988));
#10069 = CARTESIAN_POINT('',(102.73554290111,30.795030389114,
    41.16892929556));
#10070 = CARTESIAN_POINT('',(102.39186093376,30.577147674669,
    41.217820832381));
#10071 = CARTESIAN_POINT('',(102.02942018901,30.39201566458,
    41.271052163793));
#10072 = CARTESIAN_POINT('',(101.65187383988,30.241317465447,
    41.328040643808));
#10073 = CARTESIAN_POINT('',(101.26294443656,30.126253609737,
    41.388198208402));
#10074 = CARTESIAN_POINT('',(100.86640086866,30.047598673942,
    41.450938684692));
#10075 = CARTESIAN_POINT('',(100.46605575639,30.005697693718,
    41.515675911704));
#10076 = CARTESIAN_POINT('',(100.06576114984,30.000432471586,
    41.581818181818));
#10077 = PCURVE('',#3502,#10078);
#10078 = DEFINITIONAL_REPRESENTATION('',(#10079),#10096);
#10079 = B_SPLINE_CURVE_WITH_KNOTS('',8,(#10080,#10081,#10082,#10083,
    #10084,#10085,#10086,#10087,#10088,#10089,#10090,#10091,#10092,
    #10093,#10094,#10095),.UNSPECIFIED.,.F.,.F.,(9,7,9),(0.,
    0.581993263523,1.),.UNSPECIFIED.);
#10080 = CARTESIAN_POINT('',(22.897956877062,0.330470529261));
#10081 = CARTESIAN_POINT('',(22.887927715943,0.328265250668));
#10082 = CARTESIAN_POINT('',(22.876554339864,0.327181920661));
#10083 = CARTESIAN_POINT('',(22.864040141351,0.327279329046));
#10084 = CARTESIAN_POINT('',(22.850611743359,0.328540193365));
#10085 = CARTESIAN_POINT('',(22.836498937683,0.330913703994));
#10086 = CARTESIAN_POINT('',(22.821946351398,0.334315336533));
#10087 = CARTESIAN_POINT('',(22.807216332221,0.338639679749));
#10088 = CARTESIAN_POINT('',(22.782112959457,0.34741077463));
#10089 = CARTESIAN_POINT('',(22.77166618541,0.351485069365));
#10090 = CARTESIAN_POINT('',(22.761363830847,0.355921013649));
#10091 = CARTESIAN_POINT('',(22.75129950354,0.360670053651));
#10092 = CARTESIAN_POINT('',(22.74156471625,0.365683184034));
#10093 = CARTESIAN_POINT('',(22.732249720206,0.370911557058));
#10094 = CARTESIAN_POINT('',(22.72344313334,0.376306325975));
#10095 = CARTESIAN_POINT('',(22.715230436351,0.381818181818));
#10096 = ( GEOMETRIC_REPRESENTATION_CONTEXT(2) 
PARAMETRIC_REPRESENTATION_CONTEXT() REPRESENTATION_CONTEXT('2D SPACE',''
  ) );
#10097 = PCURVE('',#10098,#10153);
#10098 = B_SPLINE_SURFACE_WITH_KNOTS('',3,1,(
    (#10099,#10100)
    ,(#10101,#10102)
    ,(#10103,#10104)
    ,(#10105,#10106)
    ,(#10107,#10108)
    ,(#10109,#10110)
    ,(#10111,#10112)
    ,(#10113,#10114)
    ,(#10115,#10116)
    ,(#10117,#10118)
    ,(#10119,#10120)
    ,(#10121,#10122)
    ,(#10123,#10124)
    ,(#10125,#10126)
    ,(#10127,#10128)
    ,(#10129,#10130)
    ,(#10131,#10132)
    ,(#10133,#10134)
    ,(#10135,#10136)
    ,(#10137,#10138)
    ,(#10139,#10140)
    ,(#10141,#10142)
    ,(#10143,#10144)
    ,(#10145,#10146)
    ,(#10147,#10148)
    ,(#10149,#10150)
    ,(#10151,#10152
    )),.UNSPECIFIED.,.T.,.F.,.F.,(1,1,2,1,1,1,1,1,1,1,1,1,1,1,1,1,1,1,1,
    1,1,1,1,1,1,1,2,1,1),(2,2),(-2.,-1.,0.,1.,2.,3.,4.,5.,6.,7.,8.,9.,
    10.,11.,12.,13.,14.,15.,16.,17.,18.,19.,20.,21.,22.,23.,24.,25.,26.)
  ,(0.,1.),.UNSPECIFIED.);
#10099 = CARTESIAN_POINT('',(129.,62.9,37.));
#10100 = CARTESIAN_POINT('',(81.584366502647,87.799747438187,49.));
#10101 = CARTESIAN_POINT('',(119.4,92.1,37.));
#10102 = CARTESIAN_POINT('',(92.658944185467,106.44229139306,49.));
#10103 = CARTESIAN_POINT('',(118.38659285555,125.42655430544,37.));
#10104 = CARTESIAN_POINT('',(96.980576950262,129.54012708398,49.));
#10105 = CARTESIAN_POINT('',(124.74692500554,174.05705993092,37.));
#10106 = CARTESIAN_POINT('',(90.791727115412,166.98758323647,49.));
#10107 = CARTESIAN_POINT('',(106.22570712225,183.34520597083,37.));
#10108 = CARTESIAN_POINT('',(86.037352226809,175.54979001152,49.));
#10109 = CARTESIAN_POINT('',(82.150246505431,200.16211618573,37.));
#10110 = CARTESIAN_POINT('',(74.009392665848,197.46352332101,49.));
#10111 = CARTESIAN_POINT('',(61.973306856021,237.00632928623,37.));
#10112 = CARTESIAN_POINT('',(48.050224742997,218.61798421153,49.));
#10113 = CARTESIAN_POINT('',(31.756526070487,245.61256666933,37.));
#10114 = CARTESIAN_POINT('',(26.409761718283,227.22044992069,49.));
#10115 = CARTESIAN_POINT('',(5.888620325629E-04,244.54340403642,37.));
#10116 = CARTESIAN_POINT('',(-2.140697450134E-04,231.38970734277,49.));
#10117 = CARTESIAN_POINT('',(-31.75888151861,245.61381718495,37.));
#10118 = CARTESIAN_POINT('',(-26.4089054393,227.22072070819,49.));
#10119 = CARTESIAN_POINT('',(-61.96506278756,237.00132722373,37.));
#10120 = CARTESIAN_POINT('',(-48.05322171942,218.61690106152,49.));
#10121 = CARTESIAN_POINT('',(-82.18086733112,200.18087392008,37.));
#10122 = CARTESIAN_POINT('',(-73.9982610391,197.46758513354,49.));
#10123 = CARTESIAN_POINT('',(-106.1114678879,183.2751770959,37.));
#10124 = CARTESIAN_POINT('',(-86.07888175734,175.53462591142,49.));
#10125 = CARTESIAN_POINT('',(-125.1732611171,174.31841769629,37.));
#10126 = CARTESIAN_POINT('',(-90.63674062002,167.04417782434,49.));
#10127 = CARTESIAN_POINT('',(-116.7954876435,124.45115211892,37.));
#10128 = CARTESIAN_POINT('',(-97.55899340129,129.32891283259,49.));
#10129 = CARTESIAN_POINT('',(-125.8447883085,79.076973828017,37.));
#10130 = CARTESIAN_POINT('',(-88.33944849433,95.681635965305,49.));
#10131 = CARTESIAN_POINT('',(-125.0253591221,24.240952569008,37.));
#10132 = CARTESIAN_POINT('',(-71.8131446857,70.67065979995,49.));
#10133 = CARTESIAN_POINT('',(-113.8537752029,-35.04078410405,37.));
#10134 = CARTESIAN_POINT('',(-53.18275364051,56.066573701171,49.));
#10135 = CARTESIAN_POINT('',(-94.55954006626,-29.2778161528,37.));
#10136 = CARTESIAN_POINT('',(-49.28295632513,53.046317442488,49.));
#10137 = CARTESIAN_POINT('',(-37.10806453202,-30.84795128472,37.));
#10138 = CARTESIAN_POINT('',(-22.24133288953,41.135257248206,49.));
#10139 = CARTESIAN_POINT('',(-8.201805630555E-03,-30.33037870831,37.));
#10140 = CARTESIAN_POINT('',(2.981612572915E-03,39.431428481847,49.));
#10141 = CARTESIAN_POINT('',(37.140871754547,-30.83053388202,37.));
#10142 = CARTESIAN_POINT('',(22.229406439245,41.139028824405,49.));
#10143 = CARTESIAN_POINT('',(94.444714787441,-29.34748576358,37.));
#10144 = CARTESIAN_POINT('',(49.324698901155,53.031231137693,49.));
#10145 = CARTESIAN_POINT('',(114.28026909568,-34.77952306365,37.));
#10146 = CARTESIAN_POINT('',(53.027709786721,56.123147344154,49.));
#10147 = CARTESIAN_POINT('',(123.4342088298,23.265578018186,37.));
#10148 = CARTESIAN_POINT('',(72.391577524851,70.459451532812,49.));
#10149 = CARTESIAN_POINT('',(129.,62.9,37.));
#10150 = CARTESIAN_POINT('',(81.584366502647,87.799747438187,49.));
#10151 = CARTESIAN_POINT('',(119.4,92.1,37.));
#10152 = CARTESIAN_POINT('',(92.658944185467,106.44229139306,49.));
#10153 = DEFINITIONAL_REPRESENTATION('',(#10154),#10171);
#10154 = B_SPLINE_CURVE_WITH_KNOTS('',8,(#10155,#10156,#10157,#10158,
    #10159,#10160,#10161,#10162,#10163,#10164,#10165,#10166,#10167,
    #10168,#10169,#10170),.UNSPECIFIED.,.F.,.F.,(9,7,9),(0.,
    0.581993263523,1.),.UNSPECIFIED.);
#10155 = CARTESIAN_POINT('',(22.897956877062,0.330470529261));
#10156 = CARTESIAN_POINT('',(22.887927715943,0.328265250668));
#10157 = CARTESIAN_POINT('',(22.876554339864,0.327181920661));
#10158 = CARTESIAN_POINT('',(22.864040141351,0.327279329046));
#10159 = CARTESIAN_POINT('',(22.850611743359,0.328540193365));
#10160 = CARTESIAN_POINT('',(22.836498937683,0.330913703994));
#10161 = CARTESIAN_POINT('',(22.821946351398,0.334315336533));
#10162 = CARTESIAN_POINT('',(22.807216332221,0.338639679749));
#10163 = CARTESIAN_POINT('',(22.782112959457,0.34741077463));
#10164 = CARTESIAN_POINT('',(22.77166618541,0.351485069365));
#10165 = CARTESIAN_POINT('',(22.761363830847,0.355921013649));
#10166 = CARTESIAN_POINT('',(22.75129950354,0.360670053651));
#10167 = CARTESIAN_POINT('',(22.74156471625,0.365683184034));
#10168 = CARTESIAN_POINT('',(22.732249720206,0.370911557058));
#10169 = CARTESIAN_POINT('',(22.72344313334,0.376306325975));
#10170 = CARTESIAN_POINT('',(22.715230436351,0.381818181818));
#10171 = ( GEOMETRIC_REPRESENTATION_CONTEXT(2) 
PARAMETRIC_REPRESENTATION_CONTEXT() REPRESENTATION_CONTEXT('2D SPACE',''
  ) );
#10172 = ORIENTED_EDGE('',*,*,#10173,.T.);
#10173 = EDGE_CURVE('',#10057,#10055,#10174,.T.);
#10174 = SURFACE_CURVE('',#10175,(#10255,#10338),.PCURVE_S1.);
#10175 = B_SPLINE_CURVE_WITH_KNOTS('',8,(#10176,#10177,#10178,#10179,
    #10180,#10181,#10182,#10183,#10184,#10185,#10186,#10187,#10188,
    #10189,#10190,#10191,#10192,#10193,#10194,#10195,#10196,#10197,
    #10198,#10199,#10200,#10201,#10202,#10203,#10204,#10205,#10206,
    #10207,#10208,#10209,#10210,#10211,#10212,#10213,#10214,#10215,
    #10216,#10217,#10218,#10219,#10220,#10221,#10222,#10223,#10224,
    #10225,#10226,#10227,#10228,#10229,#10230,#10231,#10232,#10233,
    #10234,#10235,#10236,#10237,#10238,#10239,#10240,#10241,#10242,
    #10243,#10244,#10245,#10246,#10247,#10248,#10249,#10250,#10251,
    #10252,#10253,#10254),.UNSPECIFIED.,.F.,.F.,(9,7,7,7,7,7,7,7,7,7,7,9
    ),(0.,7.213286113423E-02,0.1897270924,0.328246688786,0.396869059594,
    0.541200625261,0.621691047729,0.698577107978,0.76630976299,
    0.828772420204,0.898179078321,1.),.UNSPECIFIED.);
#10176 = CARTESIAN_POINT('',(100.06576114984,30.000432471586,
    41.581818181818));
#10177 = CARTESIAN_POINT('',(99.904813836799,29.998315472404,
    41.608412146562));
#10178 = CARTESIAN_POINT('',(99.743859536935,30.002120975807,
    41.635235695633));
#10179 = CARTESIAN_POINT('',(99.583142077361,30.011842727377,
    41.662251633635));
#10180 = CARTESIAN_POINT('',(99.422903472302,30.027463972436,
    41.689423033339));
#10181 = CARTESIAN_POINT('',(99.263383923089,30.048957456051,
    41.716713235687));
#10182 = CARTESIAN_POINT('',(99.104821818168,30.076285423028,
    41.744085849791));
#10183 = CARTESIAN_POINT('',(98.947453733095,30.109399617919,
    41.771504752934));
#10184 = CARTESIAN_POINT('',(98.53729517291,30.211562715941,
    41.843650629223));
#10185 = CARTESIAN_POINT('',(98.286865132051,30.290108125663,
    41.888396138745));
#10186 = CARTESIAN_POINT('',(98.041247454499,30.383623275721,
    41.933013691006));
#10187 = CARTESIAN_POINT('',(97.80143899218,30.491780229173,
    41.977349496754));
#10188 = CARTESIAN_POINT('',(97.568411363254,30.61418104942,
    42.021251953747));
#10189 = CARTESIAN_POINT('',(97.34311026123,30.750358021412,
    42.064570759843));
#10190 = CARTESIAN_POINT('',(97.126453012351,30.899770395258,
    42.107156091051));
#10191 = CARTESIAN_POINT('',(96.675338140822,31.252656931615,
    42.197980237675));
#10192 = CARTESIAN_POINT('',(96.444545471257,31.46104172241,
    42.245882233993));
#10193 = CARTESIAN_POINT('',(96.228415556749,31.685931072651,
    42.292314421636));
#10194 = CARTESIAN_POINT('',(96.028311123312,31.926171475089,
    42.337035085777));
#10195 = CARTESIAN_POINT('',(95.84549517082,32.180484252742,
    42.37980693787));
#10196 = CARTESIAN_POINT('',(95.681126095182,32.447464155145,
    42.420395665573));
#10197 = CARTESIAN_POINT('',(95.536241200645,32.725569165305,
    42.458570303314));
#10198 = CARTESIAN_POINT('',(95.350045274223,33.15554455209,
    42.511709461201));
#10199 = CARTESIAN_POINT('',(95.2910082804,33.305736370258,
    42.529337384993));
#10200 = CARTESIAN_POINT('',(95.235350803956,33.463872784474,
    42.546887170807));
#10201 = CARTESIAN_POINT('',(95.183525802488,33.63095100944,
    42.564345061008));
#10202 = CARTESIAN_POINT('',(95.135944729566,33.808851542534,
    42.581753341548));
#10203 = CARTESIAN_POINT('',(95.093391240115,34.000441761224,
    42.599150234141));
#10204 = CARTESIAN_POINT('',(95.05732815976,34.209674331407,
    42.616529453713));
#10205 = CARTESIAN_POINT('',(94.976377798989,34.930403211247,
    42.669626409144));
#10206 = CARTESIAN_POINT('',(94.976209269807,35.426711955434,
    42.697497972566));
#10207 = CARTESIAN_POINT('',(95.032302574186,35.922806294502,
    42.716486734107));
#10208 = CARTESIAN_POINT('',(95.144466771297,36.4108998404,
    42.726060601364));
#10209 = CARTESIAN_POINT('',(95.311319664511,36.883399423313,
    42.725840768343));
#10210 = CARTESIAN_POINT('',(95.530157319625,37.33298717215,
    42.715653714612));
#10211 = CARTESIAN_POINT('',(95.796993776773,37.752628454836,
    42.695559509549));
#10212 = CARTESIAN_POINT('',(96.277818543898,38.349731038417,
    42.649613366655));
#10213 = CARTESIAN_POINT('',(96.463169447907,38.552451091103,
    42.630221171124));
#10214 = CARTESIAN_POINT('',(96.660819934584,38.743106136411,
    42.607952070079));
#10215 = CARTESIAN_POINT('',(96.869789099291,38.920820487356,
    42.582895568505));
#10216 = CARTESIAN_POINT('',(97.08903825679,39.084835961762,
    42.555162658428));
#10217 = CARTESIAN_POINT('',(97.31748071793,39.234501333522,
    42.524884553066));
#10218 = CARTESIAN_POINT('',(97.553985396581,39.369269354632,
    42.492212450484));
#10219 = CARTESIAN_POINT('',(98.029864141037,39.602785175058,
    42.423986762344));
#10220 = CARTESIAN_POINT('',(98.268661861856,39.702888513745,
    42.388623935753));
#10221 = CARTESIAN_POINT('',(98.512761931164,39.78863285052,
    42.351376240348));
#10222 = CARTESIAN_POINT('',(98.761158087082,39.859739464476,
    42.312401313052));
#10223 = CARTESIAN_POINT('',(99.012847246255,39.916015597977,
    42.271866391216));
#10224 = CARTESIAN_POINT('',(99.266832144186,39.957345086121,
    42.229946943184));
#10225 = CARTESIAN_POINT('',(99.522122653626,39.983683445004,
    42.186825572543));
#10226 = CARTESIAN_POINT('',(100.00291776745,40.005077303272,
    42.103811085864));
#10227 = CARTESIAN_POINT('',(100.22835839269,40.003483807701,
    42.064143371804));
#10228 = CARTESIAN_POINT('',(100.45339341197,39.99029487402,
    42.023815809687));
#10229 = CARTESIAN_POINT('',(100.67736942863,39.965567338757,
    41.982958614171));
#10230 = CARTESIAN_POINT('',(100.89964376172,39.929395460452,
    41.941703958938));
#10231 = CARTESIAN_POINT('',(101.11958431363,39.881909447082,
    41.900185476858));
#10232 = CARTESIAN_POINT('',(101.33656943775,39.823273983492,
    41.858537760159));
#10233 = CARTESIAN_POINT('',(101.74680097371,39.689513828341,
    41.778493945017));
#10234 = CARTESIAN_POINT('',(101.94058234292,39.616026630717,
    41.740096680309));
#10235 = CARTESIAN_POINT('',(102.13085296049,39.533381020074,
    41.701809939844));
#10236 = CARTESIAN_POINT('',(102.31714181432,39.441756661372,
    41.663739827627));
#10237 = CARTESIAN_POINT('',(102.49898628129,39.341357831106,
    41.625992351244));
#10238 = CARTESIAN_POINT('',(102.67593257494,39.232414218003,
    41.58867309483));
#10239 = CARTESIAN_POINT('',(102.84753619335,39.115181723723,
    41.551886892038));
#10240 = CARTESIAN_POINT('',(103.19762350841,38.850781989031,
    41.475569362133));
#10241 = CARTESIAN_POINT('',(103.37475537169,38.701732941562,
    41.4361866124));
#10242 = CARTESIAN_POINT('',(103.54415698958,38.543187341728,
    41.397732569905));
#10243 = CARTESIAN_POINT('',(103.7052483242,38.375577364827,
    41.360347831252));
#10244 = CARTESIAN_POINT('',(103.85747086245,38.199376793666,
    41.32416972557));
#10245 = CARTESIAN_POINT('',(104.00029001774,38.015103229628,
    41.289331571547));
#10246 = CARTESIAN_POINT('',(104.13319933778,37.82332186204,
    41.25596173548));
#10247 = CARTESIAN_POINT('',(104.4354762832,37.33319646532,
    41.177561717618));
#10248 = CARTESIAN_POINT('',(104.59293143884,37.026834524212,
    41.13435134437));
#10249 = CARTESIAN_POINT('',(104.72652827872,36.707587658405,
    41.094954094768));
#10250 = CARTESIAN_POINT('',(104.83496159619,36.377642138594,
    41.05972223812));
#10251 = CARTESIAN_POINT('',(104.91717276506,36.039336743499,
    41.028957461126));
#10252 = CARTESIAN_POINT('',(104.97235536353,35.695162038962,
    41.002909049848));
#10253 = CARTESIAN_POINT('',(105.,35.347770754629,40.981766959615));
#10254 = CARTESIAN_POINT('',(105.,35.,40.965646351126));
#10255 = PCURVE('',#3502,#10256);
#10256 = DEFINITIONAL_REPRESENTATION('',(#10257),#10337);
#10257 = B_SPLINE_CURVE_WITH_KNOTS('',8,(#10258,#10259,#10260,#10261,
    #10262,#10263,#10264,#10265,#10266,#10267,#10268,#10269,#10270,
    #10271,#10272,#10273,#10274,#10275,#10276,#10277,#10278,#10279,
    #10280,#10281,#10282,#10283,#10284,#10285,#10286,#10287,#10288,
    #10289,#10290,#10291,#10292,#10293,#10294,#10295,#10296,#10297,
    #10298,#10299,#10300,#10301,#10302,#10303,#10304,#10305,#10306,
    #10307,#10308,#10309,#10310,#10311,#10312,#10313,#10314,#10315,
    #10316,#10317,#10318,#10319,#10320,#10321,#10322,#10323,#10324,
    #10325,#10326,#10327,#10328,#10329,#10330,#10331,#10332,#10333,
    #10334,#10335,#10336),.UNSPECIFIED.,.F.,.F.,(9,7,7,7,7,7,7,7,7,7,7,9
    ),(0.,7.213286113423E-02,0.1897270924,0.328246688786,0.396869059594,
    0.541200625261,0.621691047729,0.698577107978,0.76630976299,
    0.828772420204,0.898179078321,1.),.UNSPECIFIED.);
#10258 = CARTESIAN_POINT('',(22.715230436351,0.381818181818));
#10259 = CARTESIAN_POINT('',(22.711928339616,0.384034345547));
#10260 = CARTESIAN_POINT('',(22.708721930946,0.386269641303));
#10261 = CARTESIAN_POINT('',(22.705616679376,0.38852096947));
#10262 = CARTESIAN_POINT('',(22.702617918355,0.390785252778));
#10263 = CARTESIAN_POINT('',(22.699730845746,0.393059436307));
#10264 = CARTESIAN_POINT('',(22.696960523827,0.395340487483));
#10265 = CARTESIAN_POINT('',(22.69431187929,0.397625396078));
#10266 = CARTESIAN_POINT('',(22.687677938523,0.403637552435));
#10267 = CARTESIAN_POINT('',(22.68390212611,0.407366344895));
#10268 = CARTESIAN_POINT('',(22.68048303734,0.411084474251));
#10269 = CARTESIAN_POINT('',(22.677440030084,0.41477912473));
#10270 = CARTESIAN_POINT('',(22.674790947974,0.418437662812));
#10271 = CARTESIAN_POINT('',(22.672551908605,0.42204756332));
#10272 = CARTESIAN_POINT('',(22.670736980698,0.425596340921));
#10273 = CARTESIAN_POINT('',(22.667733091921,0.433165019806));
#10274 = CARTESIAN_POINT('',(22.66671280066,0.437156852833));
#10275 = CARTESIAN_POINT('',(22.666316173305,0.441026201803));
#10276 = CARTESIAN_POINT('',(22.666557221988,0.444752923815));
#10277 = CARTESIAN_POINT('',(22.667444431805,0.448317244822));
#10278 = CARTESIAN_POINT('',(22.668980227201,0.451699638798));
#10279 = CARTESIAN_POINT('',(22.671160147056,0.45488085861));
#10280 = CARTESIAN_POINT('',(22.675364581097,0.459309121767));
#10281 = CARTESIAN_POINT('',(22.676965606058,0.460778115416));
#10282 = CARTESIAN_POINT('',(22.678794863699,0.462240597567));
#10283 = CARTESIAN_POINT('',(22.680881621772,0.463695421751));
#10284 = CARTESIAN_POINT('',(22.683271258982,0.465146111796));
#10285 = CARTESIAN_POINT('',(22.6860360668,0.466595852845));
#10286 = CARTESIAN_POINT('',(22.689284185467,0.468044121143));
#10287 = CARTESIAN_POINT('',(22.70141618495,0.472468867429));
#10288 = CARTESIAN_POINT('',(22.710982156779,0.474791497714));
#10289 = CARTESIAN_POINT('',(22.721755269023,0.476373894509));
#10290 = CARTESIAN_POINT('',(22.733556969887,0.47717171678));
#10291 = CARTESIAN_POINT('',(22.7461803916,0.477153397362));
#10292 = CARTESIAN_POINT('',(22.759394695516,0.476304476218));
#10293 = CARTESIAN_POINT('',(22.772951227256,0.474629959129));
#10294 = CARTESIAN_POINT('',(22.794179142619,0.470801113888));
#10295 = CARTESIAN_POINT('',(22.801809854807,0.469185097594));
#10296 = CARTESIAN_POINT('',(22.809429256882,0.467329339173));
#10297 = CARTESIAN_POINT('',(22.816997170568,0.465241297375));
#10298 = CARTESIAN_POINT('',(22.824475416151,0.462930221536));
#10299 = CARTESIAN_POINT('',(22.831827915979,0.460407046089));
#10300 = CARTESIAN_POINT('',(22.839020761318,0.457684370874));
#10301 = CARTESIAN_POINT('',(22.852710197347,0.451998896862));
#10302 = CARTESIAN_POINT('',(22.859224299903,0.449051994646));
#10303 = CARTESIAN_POINT('',(22.865537387448,0.445948020029));
#10304 = CARTESIAN_POINT('',(22.871625044888,0.442700109421));
#10305 = CARTESIAN_POINT('',(22.877465373523,0.439322199268));
#10306 = CARTESIAN_POINT('',(22.883038796543,0.435828911932));
#10307 = CARTESIAN_POINT('',(22.888327901284,0.432235464379));
#10308 = CARTESIAN_POINT('',(22.897712737367,0.425317590489));
#10309 = CARTESIAN_POINT('',(22.901875733487,0.42201194765));
#10310 = CARTESIAN_POINT('',(22.905795934757,0.418651317474));
#10311 = CARTESIAN_POINT('',(22.909464248923,0.415246551181));
#10312 = CARTESIAN_POINT('',(22.912872768676,0.411808663245));
#10313 = CARTESIAN_POINT('',(22.91601467701,0.408348789738));
#10314 = CARTESIAN_POINT('',(22.918884152568,0.40487814668));
#10315 = CARTESIAN_POINT('',(22.923866715086,0.398207828751));
#10316 = CARTESIAN_POINT('',(22.926021301802,0.395008056692));
#10317 = CARTESIAN_POINT('',(22.927936199074,0.391817494987));
#10318 = CARTESIAN_POINT('',(22.929608228771,0.388644985636));
#10319 = CARTESIAN_POINT('',(22.931034848563,0.385499362604));
#10320 = CARTESIAN_POINT('',(22.932214129789,0.382389424569));
#10321 = CARTESIAN_POINT('',(22.933144735322,0.37932390767));
#10322 = CARTESIAN_POINT('',(22.934582784639,0.372964113511));
#10323 = CARTESIAN_POINT('',(22.935031706914,0.3696822177));
#10324 = CARTESIAN_POINT('',(22.935171586955,0.366477714159));
#10325 = CARTESIAN_POINT('',(22.935002322165,0.363362319271));
#10326 = CARTESIAN_POINT('',(22.934524729942,0.360347477131));
#10327 = CARTESIAN_POINT('',(22.933740559496,0.357444297629));
#10328 = CARTESIAN_POINT('',(22.932652570187,0.354663477957));
#10329 = CARTESIAN_POINT('',(22.929228609116,0.348130143135));
#10330 = CARTESIAN_POINT('',(22.92654654384,0.344529278698));
#10331 = CARTESIAN_POINT('',(22.923230848028,0.341246174564));
#10332 = CARTESIAN_POINT('',(22.919299536157,0.33831018651));
#10333 = CARTESIAN_POINT('',(22.914775532792,0.335746455094));
#10334 = CARTESIAN_POINT('',(22.909686586257,0.333575754154));
#10335 = CARTESIAN_POINT('',(22.90406631604,0.331813913301));
#10336 = CARTESIAN_POINT('',(22.897956877062,0.330470529261));
#10337 = ( GEOMETRIC_REPRESENTATION_CONTEXT(2) 
PARAMETRIC_REPRESENTATION_CONTEXT() REPRESENTATION_CONTEXT('2D SPACE',''
  ) );
#10338 = PCURVE('',#10098,#10339);
#10339 = DEFINITIONAL_REPRESENTATION('',(#10340),#10420);
#10340 = B_SPLINE_CURVE_WITH_KNOTS('',8,(#10341,#10342,#10343,#10344,
    #10345,#10346,#10347,#10348,#10349,#10350,#10351,#10352,#10353,
    #10354,#10355,#10356,#10357,#10358,#10359,#10360,#10361,#10362,
    #10363,#10364,#10365,#10366,#10367,#10368,#10369,#10370,#10371,
    #10372,#10373,#10374,#10375,#10376,#10377,#10378,#10379,#10380,
    #10381,#10382,#10383,#10384,#10385,#10386,#10387,#10388,#10389,
    #10390,#10391,#10392,#10393,#10394,#10395,#10396,#10397,#10398,
    #10399,#10400,#10401,#10402,#10403,#10404,#10405,#10406,#10407,
    #10408,#10409,#10410,#10411,#10412,#10413,#10414,#10415,#10416,
    #10417,#10418,#10419),.UNSPECIFIED.,.F.,.F.,(9,7,7,7,7,7,7,7,7,7,7,9
    ),(0.,7.213286113423E-02,0.1897270924,0.328246688786,0.396869059594,
    0.541200625261,0.621691047729,0.698577107978,0.76630976299,
    0.828772420204,0.898179078321,1.),.UNSPECIFIED.);
#10341 = CARTESIAN_POINT('',(22.715230436351,0.381818181818));
#10342 = CARTESIAN_POINT('',(22.711928339616,0.384034345547));
#10343 = CARTESIAN_POINT('',(22.708721930946,0.386269641303));
#10344 = CARTESIAN_POINT('',(22.705616679376,0.38852096947));
#10345 = CARTESIAN_POINT('',(22.702617918355,0.390785252778));
#10346 = CARTESIAN_POINT('',(22.699730845746,0.393059436307));
#10347 = CARTESIAN_POINT('',(22.696960523827,0.395340487483));
#10348 = CARTESIAN_POINT('',(22.69431187929,0.397625396078));
#10349 = CARTESIAN_POINT('',(22.687677938523,0.403637552435));
#10350 = CARTESIAN_POINT('',(22.68390212611,0.407366344895));
#10351 = CARTESIAN_POINT('',(22.68048303734,0.411084474251));
#10352 = CARTESIAN_POINT('',(22.677440030084,0.41477912473));
#10353 = CARTESIAN_POINT('',(22.674790947974,0.418437662812));
#10354 = CARTESIAN_POINT('',(22.672551908605,0.42204756332));
#10355 = CARTESIAN_POINT('',(22.670736980698,0.425596340921));
#10356 = CARTESIAN_POINT('',(22.667733091921,0.433165019806));
#10357 = CARTESIAN_POINT('',(22.66671280066,0.437156852833));
#10358 = CARTESIAN_POINT('',(22.666316173305,0.441026201803));
#10359 = CARTESIAN_POINT('',(22.666557221988,0.444752923815));
#10360 = CARTESIAN_POINT('',(22.667444431805,0.448317244822));
#10361 = CARTESIAN_POINT('',(22.668980227201,0.451699638798));
#10362 = CARTESIAN_POINT('',(22.671160147056,0.45488085861));
#10363 = CARTESIAN_POINT('',(22.675364581097,0.459309121767));
#10364 = CARTESIAN_POINT('',(22.676965606058,0.460778115416));
#10365 = CARTESIAN_POINT('',(22.678794863699,0.462240597567));
#10366 = CARTESIAN_POINT('',(22.680881621772,0.463695421751));
#10367 = CARTESIAN_POINT('',(22.683271258982,0.465146111796));
#10368 = CARTESIAN_POINT('',(22.6860360668,0.466595852845));
#10369 = CARTESIAN_POINT('',(22.689284185467,0.468044121143));
#10370 = CARTESIAN_POINT('',(22.70141618495,0.472468867429));
#10371 = CARTESIAN_POINT('',(22.710982156779,0.474791497714));
#10372 = CARTESIAN_POINT('',(22.721755269023,0.476373894509));
#10373 = CARTESIAN_POINT('',(22.733556969887,0.47717171678));
#10374 = CARTESIAN_POINT('',(22.7461803916,0.477153397362));
#10375 = CARTESIAN_POINT('',(22.759394695516,0.476304476218));
#10376 = CARTESIAN_POINT('',(22.772951227256,0.474629959129));
#10377 = CARTESIAN_POINT('',(22.794179142619,0.470801113888));
#10378 = CARTESIAN_POINT('',(22.801809854807,0.469185097594));
#10379 = CARTESIAN_POINT('',(22.809429256882,0.467329339173));
#10380 = CARTESIAN_POINT('',(22.816997170568,0.465241297375));
#10381 = CARTESIAN_POINT('',(22.824475416151,0.462930221536));
#10382 = CARTESIAN_POINT('',(22.831827915979,0.460407046089));
#10383 = CARTESIAN_POINT('',(22.839020761318,0.457684370874));
#10384 = CARTESIAN_POINT('',(22.852710197347,0.451998896862));
#10385 = CARTESIAN_POINT('',(22.859224299903,0.449051994646));
#10386 = CARTESIAN_POINT('',(22.865537387448,0.445948020029));
#10387 = CARTESIAN_POINT('',(22.871625044888,0.442700109421));
#10388 = CARTESIAN_POINT('',(22.877465373523,0.439322199268));
#10389 = CARTESIAN_POINT('',(22.883038796543,0.435828911932));
#10390 = CARTESIAN_POINT('',(22.888327901284,0.432235464379));
#10391 = CARTESIAN_POINT('',(22.897712737367,0.425317590489));
#10392 = CARTESIAN_POINT('',(22.901875733487,0.42201194765));
#10393 = CARTESIAN_POINT('',(22.905795934757,0.418651317474));
#10394 = CARTESIAN_POINT('',(22.909464248923,0.415246551181));
#10395 = CARTESIAN_POINT('',(22.912872768676,0.411808663245));
#10396 = CARTESIAN_POINT('',(22.91601467701,0.408348789738));
#10397 = CARTESIAN_POINT('',(22.918884152568,0.40487814668));
#10398 = CARTESIAN_POINT('',(22.923866715086,0.398207828751));
#10399 = CARTESIAN_POINT('',(22.926021301802,0.395008056692));
#10400 = CARTESIAN_POINT('',(22.927936199074,0.391817494987));
#10401 = CARTESIAN_POINT('',(22.929608228771,0.388644985636));
#10402 = CARTESIAN_POINT('',(22.931034848563,0.385499362604));
#10403 = CARTESIAN_POINT('',(22.932214129789,0.382389424569));
#10404 = CARTESIAN_POINT('',(22.933144735322,0.37932390767));
#10405 = CARTESIAN_POINT('',(22.934582784639,0.372964113511));
#10406 = CARTESIAN_POINT('',(22.935031706914,0.3696822177));
#10407 = CARTESIAN_POINT('',(22.935171586955,0.366477714159));
#10408 = CARTESIAN_POINT('',(22.935002322165,0.363362319271));
#10409 = CARTESIAN_POINT('',(22.934524729942,0.360347477131));
#10410 = CARTESIAN_POINT('',(22.933740559496,0.357444297629));
#10411 = CARTESIAN_POINT('',(22.932652570187,0.354663477957));
#10412 = CARTESIAN_POINT('',(22.929228609116,0.348130143135));
#10413 = CARTESIAN_POINT('',(22.92654654384,0.344529278698));
#10414 = CARTESIAN_POINT('',(22.923230848028,0.341246174564));
#10415 = CARTESIAN_POINT('',(22.919299536157,0.33831018651));
#10416 = CARTESIAN_POINT('',(22.914775532792,0.335746455094));
#10417 = CARTESIAN_POINT('',(22.909686586257,0.333575754154));
#10418 = CARTESIAN_POINT('',(22.90406631604,0.331813913301));
#10419 = CARTESIAN_POINT('',(22.897956877062,0.330470529261));
#10420 = ( GEOMETRIC_REPRESENTATION_CONTEXT(2) 
PARAMETRIC_REPRESENTATION_CONTEXT() REPRESENTATION_CONTEXT('2D SPACE',''
  ) );
#10421 = ADVANCED_FACE('',(#10422),#3757,.T.);
#10422 = FACE_BOUND('',#10423,.T.);
#10423 = EDGE_LOOP('',(#10424,#10425,#10426,#10427));
#10424 = ORIENTED_EDGE('',*,*,#3659,.F.);
#10425 = ORIENTED_EDGE('',*,*,#9637,.T.);
#10426 = ORIENTED_EDGE('',*,*,#3886,.T.);
#10427 = ORIENTED_EDGE('',*,*,#10428,.F.);
#10428 = EDGE_CURVE('',#3660,#3861,#10429,.T.);
#10429 = SURFACE_CURVE('',#10430,(#10458,#10465),.PCURVE_S1.);
#10430 = B_SPLINE_CURVE_WITH_KNOTS('',3,(#10431,#10432,#10433,#10434,
    #10435,#10436,#10437,#10438,#10439,#10440,#10441,#10442,#10443,
    #10444,#10445,#10446,#10447,#10448,#10449,#10450,#10451,#10452,
    #10453,#10454,#10455,#10456,#10457),.UNSPECIFIED.,.T.,.F.,(1,1,2,1,1
    ,1,1,1,1,1,1,1,1,1,1,1,1,1,1,1,1,1,1,1,1,1,2,1,1),(-2.,-1.,0.,1.,2.,
    3.,4.,5.,6.,7.,8.,9.,10.,11.,12.,13.,14.,15.,16.,17.,18.,19.,20.,21.
    ,22.,23.,24.,25.,26.),.UNSPECIFIED.);
#10431 = CARTESIAN_POINT('',(75.57288686561,91.277660784847,53.));
#10432 = CARTESIAN_POINT('',(85.831443034959,108.54654360621,53.));
#10433 = CARTESIAN_POINT('',(89.834639701295,129.94243350937,53.));
#10434 = CARTESIAN_POINT('',(84.101810380592,164.63060341905,53.));
#10435 = CARTESIAN_POINT('',(79.697757852202,172.56191074752,53.));
#10436 = CARTESIAN_POINT('',(68.556068995733,192.86094791841,53.));
#10437 = CARTESIAN_POINT('',(44.509681867197,212.4566590591,53.));
#10438 = CARTESIAN_POINT('',(24.463779275883,220.4252588739,53.));
#10439 = CARTESIAN_POINT('',(-1.982961848565E-04,224.28730785436,53.));
#10440 = CARTESIAN_POINT('',(-24.46298609114,220.42550970864,53.));
#10441 = CARTESIAN_POINT('',(-44.51245801378,212.45565572015,53.));
#10442 = CARTESIAN_POINT('',(-68.54575759412,192.86471043949,53.));
#10443 = CARTESIAN_POINT('',(-79.73622731206,172.54786400216,53.));
#10444 = CARTESIAN_POINT('',(-83.95824394275,164.68302787939,53.));
#10445 = CARTESIAN_POINT('',(-90.37043599277,129.74678241334,53.));
#10446 = CARTESIAN_POINT('',(-81.8302259737,98.578778578388,53.));
#10447 = CARTESIAN_POINT('',(-66.52164981412,75.410716446269,53.));
#10448 = CARTESIAN_POINT('',(-49.26402442489,61.882720902137,53.));
#10449 = CARTESIAN_POINT('',(-45.65158059591,59.085009841463,53.));
#10450 = CARTESIAN_POINT('',(-20.60249783451,48.051606714128,53.));
#10451 = CARTESIAN_POINT('',(2.761914804386E-03,46.47332322529,53.));
#10452 = CARTESIAN_POINT('',(20.591450175301,48.055100384712,53.));
#10453 = CARTESIAN_POINT('',(45.690247403175,59.071035159126,53.));
#10454 = CARTESIAN_POINT('',(49.120404855068,61.935125960901,53.));
#10455 = CARTESIAN_POINT('',(67.057461286178,75.215070893552,53.));
#10456 = CARTESIAN_POINT('',(75.57288686561,91.277660784847,53.));
#10457 = CARTESIAN_POINT('',(85.831443034959,108.54654360621,53.));
#10458 = PCURVE('',#3757,#10459);
#10459 = DEFINITIONAL_REPRESENTATION('',(#10460),#10464);
#10460 = LINE('',#10461,#10462);
#10461 = CARTESIAN_POINT('',(0.,1.));
#10462 = VECTOR('',#10463,1.);
#10463 = DIRECTION('',(1.,0.));
#10464 = ( GEOMETRIC_REPRESENTATION_CONTEXT(2) 
PARAMETRIC_REPRESENTATION_CONTEXT() REPRESENTATION_CONTEXT('2D SPACE',''
  ) );
#10465 = PCURVE('',#3875,#10466);
#10466 = DEFINITIONAL_REPRESENTATION('',(#10467),#10495);
#10467 = B_SPLINE_CURVE_WITH_KNOTS('',3,(#10468,#10469,#10470,#10471,
    #10472,#10473,#10474,#10475,#10476,#10477,#10478,#10479,#10480,
    #10481,#10482,#10483,#10484,#10485,#10486,#10487,#10488,#10489,
    #10490,#10491,#10492,#10493,#10494),.UNSPECIFIED.,.T.,.F.,(1,1,2,1,1
    ,1,1,1,1,1,1,1,1,1,1,1,1,1,1,1,1,1,1,1,1,1,2,1,1),(-2.,-1.,0.,1.,2.,
    3.,4.,5.,6.,7.,8.,9.,10.,11.,12.,13.,14.,15.,16.,17.,18.,19.,20.,21.
    ,22.,23.,24.,25.,26.),.UNSPECIFIED.);
#10468 = CARTESIAN_POINT('',(0.977028520872,9.995423323393));
#10469 = CARTESIAN_POINT('',(-0.977028520872,-9.995423323393));
#10470 = CARTESIAN_POINT('',(4.484805424608,-31.06621016797));
#10471 = CARTESIAN_POINT('',(24.405938806216,-60.03659001523));
#10472 = CARTESIAN_POINT('',(31.761310125903,-65.34694097925));
#10473 = CARTESIAN_POINT('',(50.468763952974,-78.99316067365));
#10474 = CARTESIAN_POINT('',(80.560802669398,-86.52242590566));
#10475 = CARTESIAN_POINT('',(102.09335450578,-85.22396330614));
#10476 = CARTESIAN_POINT('',(125.88189272414,-78.33142600789));
#10477 = CARTESIAN_POINT('',(146.38929140165,-64.44661160146));
#10478 = CARTESIAN_POINT('',(161.15654063045,-48.71675949823));
#10479 = CARTESIAN_POINT('',(174.59545381689,-20.77395652368));
#10480 = CARTESIAN_POINT('',(176.09884914892,2.372115802781));
#10481 = CARTESIAN_POINT('',(176.5813147291,11.285493312558));
#10482 = CARTESIAN_POINT('',(167.55032282971,45.638057110085));
#10483 = CARTESIAN_POINT('',(146.5824263762,70.229254082604));
#10484 = CARTESIAN_POINT('',(122.88410255105,84.703405348551));
#10485 = CARTESIAN_POINT('',(101.51502506427,89.622228874665));
#10486 = CARTESIAN_POINT('',(97.056404931373,90.621050233586));
#10487 = CARTESIAN_POINT('',(69.692705044764,89.972621152562));
#10488 = CARTESIAN_POINT('',(50.367495353432,82.651147360063));
#10489 = CARTESIAN_POINT('',(32.399261879211,72.475751098203));
#10490 = CARTESIAN_POINT('',(14.354177451828,51.843849362089));
#10491 = CARTESIAN_POINT('',(12.464970192038,47.794171326103));
#10492 = CARTESIAN_POINT('',(1.865215580553,28.153903176117));
#10493 = CARTESIAN_POINT('',(0.977028520872,9.995423323393));
#10494 = CARTESIAN_POINT('',(-0.977028520872,-9.995423323393));
#10495 = ( GEOMETRIC_REPRESENTATION_CONTEXT(2) 
PARAMETRIC_REPRESENTATION_CONTEXT() REPRESENTATION_CONTEXT('2D SPACE',''
  ) );
#10496 = ADVANCED_FACE('',(#10497),#3875,.T.);
#10497 = FACE_BOUND('',#10498,.T.);
#10498 = EDGE_LOOP('',(#10499,#10500));
#10499 = ORIENTED_EDGE('',*,*,#3860,.T.);
#10500 = ORIENTED_EDGE('',*,*,#10428,.T.);
#10501 = ADVANCED_FACE('',(#10502),#2761,.F.);
#10502 = FACE_BOUND('',#10503,.F.);
#10503 = EDGE_LOOP('',(#10504,#10505));
#10504 = ORIENTED_EDGE('',*,*,#2537,.F.);
#10505 = ORIENTED_EDGE('',*,*,#8883,.T.);
#10506 = ADVANCED_FACE('',(#10507),#5099,.T.);
#10507 = FACE_BOUND('',#10508,.T.);
#10508 = EDGE_LOOP('',(#10509,#10815,#10816,#10817,#10818,#10971,#10972,
    #11095,#11096,#11186));
#10509 = ORIENTED_EDGE('',*,*,#10510,.T.);
#10510 = EDGE_CURVE('',#8076,#8074,#10511,.T.);
#10511 = SURFACE_CURVE('',#10512,(#10611,#10713),.PCURVE_S1.);
#10512 = B_SPLINE_CURVE_WITH_KNOTS('',7,(#10513,#10514,#10515,#10516,
    #10517,#10518,#10519,#10520,#10521,#10522,#10523,#10524,#10525,
    #10526,#10527,#10528,#10529,#10530,#10531,#10532,#10533,#10534,
    #10535,#10536,#10537,#10538,#10539,#10540,#10541,#10542,#10543,
    #10544,#10545,#10546,#10547,#10548,#10549,#10550,#10551,#10552,
    #10553,#10554,#10555,#10556,#10557,#10558,#10559,#10560,#10561,
    #10562,#10563,#10564,#10565,#10566,#10567,#10568,#10569,#10570,
    #10571,#10572,#10573,#10574,#10575,#10576,#10577,#10578,#10579,
    #10580,#10581,#10582,#10583,#10584,#10585,#10586,#10587,#10588,
    #10589,#10590,#10591,#10592,#10593,#10594,#10595,#10596,#10597,
    #10598,#10599,#10600,#10601,#10602,#10603,#10604,#10605,#10606,
    #10607,#10608,#10609,#10610),.UNSPECIFIED.,.F.,.F.,(8,6,6,6,6,6,6,6,
    6,6,6,6,6,6,6,6,8),(0.,0.177565112369,0.227798867638,0.243537526733,
    0.259264187637,0.278161543992,0.326426448578,0.423389932612,
    0.536260941813,0.576092935072,0.647735013309,0.699808342873,
    0.726461350763,0.77790920761,0.880896510981,0.972752421462,1.),
  .UNSPECIFIED.);
#10513 = CARTESIAN_POINT('',(98.,-45.,2.));
#10514 = CARTESIAN_POINT('',(98.528975003471,-45.,2.232140279779));
#10515 = CARTESIAN_POINT('',(99.051881768941,-45.,2.477663561226));
#10516 = CARTESIAN_POINT('',(99.569101997742,-45.,2.734730850649));
#10517 = CARTESIAN_POINT('',(100.08118779,-45.,3.001509896706));
#10518 = CARTESIAN_POINT('',(100.58884836568,-45.,3.276200515525));
#10519 = CARTESIAN_POINT('',(101.09296704106,-45.,3.557004472622));
#10520 = CARTESIAN_POINT('',(101.73657578719,-45.,3.922677389197));
#10521 = CARTESIAN_POINT('',(101.87830577767,-45.,4.003652051124));
#10522 = CARTESIAN_POINT('',(102.01986232909,-45.,4.084920945455));
#10523 = CARTESIAN_POINT('',(102.16127048102,-45.,4.166439935148));
#10524 = CARTESIAN_POINT('',(102.30255641579,-45.,4.248163708081));
#10525 = CARTESIAN_POINT('',(102.44374745845,-45.,4.330045777053));
#10526 = CARTESIAN_POINT('',(102.62908760964,-45.,4.437727484906));
#10527 = CARTESIAN_POINT('',(102.67329662176,-45.,4.46342733335));
#10528 = CARTESIAN_POINT('',(102.71749998984,-45.,4.489136549246));
#10529 = CARTESIAN_POINT('',(102.76169860259,-45.,4.514853639141));
#10530 = CARTESIAN_POINT('',(102.80589336076,-45.,4.540577092001));
#10531 = CARTESIAN_POINT('',(102.85008517707,-45.,4.566305379211));
#10532 = CARTESIAN_POINT('',(102.93843108791,-45.,4.617748913757));
#10533 = CARTESIAN_POINT('',(102.9825851855,-45.,4.643464154716));
#10534 = CARTESIAN_POINT('',(103.02673819169,-45.,4.66918113495));
#10535 = CARTESIAN_POINT('',(103.07089104168,-45.,4.694898290694));
#10536 = CARTESIAN_POINT('',(103.11504468323,-45.,4.720614036926));
#10537 = CARTESIAN_POINT('',(103.15920007668,-45.,4.746326767357));
#10538 = CARTESIAN_POINT('',(103.25641915308,-45.,4.802926019816));
#10539 = CARTESIAN_POINT('',(103.30948404542,-45.,4.833810477573));
#10540 = CARTESIAN_POINT('',(103.36255455973,-45.,4.864685405782));
#10541 = CARTESIAN_POINT('',(103.41563241147,-45.,4.89554792818));
#10542 = CARTESIAN_POINT('',(103.46871934373,-45.,4.926395114169));
#10543 = CARTESIAN_POINT('',(103.52181712722,-45.,4.957223978817));
#10544 = CARTESIAN_POINT('',(103.71057457554,-45.,5.06671557047));
#10545 = CARTESIAN_POINT('',(103.84630393485,-45.,5.145260214929));
#10546 = CARTESIAN_POINT('',(103.98214590253,-45.,5.223614831779));
#10547 = CARTESIAN_POINT('',(104.11813161728,-45.,5.301726149002));
#10548 = CARTESIAN_POINT('',(104.25429336441,-45.,5.379537744688));
#10549 = CARTESIAN_POINT('',(104.39066484808,-45.,5.456989584721));
#10550 = CARTESIAN_POINT('',(104.80174223644,-45.,5.688765631711));
#10551 = CARTESIAN_POINT('',(105.07717553175,-45.,5.84179333631));
#10552 = CARTESIAN_POINT('',(105.35389082879,-45.,5.992594263211));
#10553 = CARTESIAN_POINT('',(105.63219531694,-45.,6.140574626359));
#10554 = CARTESIAN_POINT('',(105.91240211958,-45.,6.285038326711));
#10555 = CARTESIAN_POINT('',(106.19484515745,-45.,6.425159524283));
#10556 = CARTESIAN_POINT('',(106.81172145569,-45.,6.716838024701));
#10557 = CARTESIAN_POINT('',(107.14691544103,-45.,6.866421081807));
#10558 = CARTESIAN_POINT('',(107.48624979964,-45.,7.007219463746));
#10559 = CARTESIAN_POINT('',(107.83024228346,-45.,7.137266623565));
#10560 = CARTESIAN_POINT('',(108.17917704587,-45.,7.254067454321));
#10561 = CARTESIAN_POINT('',(108.5331173619,-45.,7.354567885824));
#10562 = CARTESIAN_POINT('',(109.0184469514,-45.,7.463806725945));
#10563 = CARTESIAN_POINT('',(109.14561238679,-45.,7.489834525021));
#10564 = CARTESIAN_POINT('',(109.27332146974,-45.,7.51324261486));
#10565 = CARTESIAN_POINT('',(109.40153472202,-45.,7.53387089519));
#10566 = CARTESIAN_POINT('',(109.53019787132,-45.,7.551556862993));
#10567 = CARTESIAN_POINT('',(109.65924111194,-45.,7.566140334728));
#10568 = CARTESIAN_POINT('',(110.02120517803,-45.,7.597842483053));
#10569 = CARTESIAN_POINT('',(110.25487552029,-45.,7.607693376542));
#10570 = CARTESIAN_POINT('',(110.48895462781,-45.,7.606106143842));
#10571 = CARTESIAN_POINT('',(110.72270614607,-45.,7.592288178365));
#10572 = CARTESIAN_POINT('',(110.95529978204,-45.,7.56567869684));
#10573 = CARTESIAN_POINT('',(111.18581895589,-45.,7.526058464034));
#10574 = CARTESIAN_POINT('',(111.57859102406,-45.,7.435573134714));
#10575 = CARTESIAN_POINT('',(111.7423302331,-45.,7.390726549205));
#10576 = CARTESIAN_POINT('',(111.90411441719,-45.,7.339199112311));
#10577 = CARTESIAN_POINT('',(112.06363721533,-45.,7.281172137494));
#10578 = CARTESIAN_POINT('',(112.22065003494,-45.,7.216909203602));
#10579 = CARTESIAN_POINT('',(112.37495451872,-45.,7.146736458166));
#10580 = CARTESIAN_POINT('',(112.60390771698,-45.,7.032270001906));
#10581 = CARTESIAN_POINT('',(112.68067431349,-45.,6.992063415226));
#10582 = CARTESIAN_POINT('',(112.75667691657,-45.,6.950450839123));
#10583 = CARTESIAN_POINT('',(112.83190215299,-45.,6.907481585669));
#10584 = CARTESIAN_POINT('',(112.90634070798,-45.,6.863205820497));
#10585 = CARTESIAN_POINT('',(112.97998687225,-45.,6.817673782756));
#10586 = CARTESIAN_POINT('',(113.19346157881,-45.,6.680715921577));
#10587 = CARTESIAN_POINT('',(113.33111904207,-45.,6.586003159305));
#10588 = CARTESIAN_POINT('',(113.46579966786,-45.,6.487149281854));
#10589 = CARTESIAN_POINT('',(113.59753128499,-45.,6.384499410267));
#10590 = CARTESIAN_POINT('',(113.72636981379,-45.,6.278377778211));
#10591 = CARTESIAN_POINT('',(113.8523921535,-45.,6.169078694152));
#10592 = CARTESIAN_POINT('',(114.22251271429,-45.,5.832228570186));
#10593 = CARTESIAN_POINT('',(114.45834032933,-45.,5.595980819854));
#10594 = CARTESIAN_POINT('',(114.68404765394,-45.,5.350123439916));
#10595 = CARTESIAN_POINT('',(114.90046486076,-45.,5.09632062027));
#10596 = CARTESIAN_POINT('',(115.10838147039,-45.,4.835895761644));
#10597 = CARTESIAN_POINT('',(115.30855497969,-45.,4.569838298028));
#10598 = CARTESIAN_POINT('',(115.67401932218,-45.,4.057090087885));
#10599 = CARTESIAN_POINT('',(115.84069517869,-45.,3.811479792895));
#10600 = CARTESIAN_POINT('',(116.00224463904,-45.,3.562521048524));
#10601 = CARTESIAN_POINT('',(116.15908134316,-45.,3.31065196867));
#10602 = CARTESIAN_POINT('',(116.31156710632,-45.,3.056229851209));
#10603 = CARTESIAN_POINT('',(116.46002781745,-45.,2.799540964804));
#10604 = CARTESIAN_POINT('',(116.64769282534,-45.,2.464054695342));
#10605 = CARTESIAN_POINT('',(116.69029674293,-45.,2.387125654253));
#10606 = CARTESIAN_POINT('',(116.73257950135,-45.,2.310023729808));
#10607 = CARTESIAN_POINT('',(116.77454831383,-45.,2.232754799436));
#10608 = CARTESIAN_POINT('',(116.816210129,-45.,2.155324424094));
#10609 = CARTESIAN_POINT('',(116.85757163084,-45.,2.077737848274));
#10610 = CARTESIAN_POINT('',(116.89863923877,-45.,2.));
#10611 = PCURVE('',#5099,#10612);
#10612 = DEFINITIONAL_REPRESENTATION('',(#10613),#10712);
#10613 = B_SPLINE_CURVE_WITH_KNOTS('',7,(#10614,#10615,#10616,#10617,
    #10618,#10619,#10620,#10621,#10622,#10623,#10624,#10625,#10626,
    #10627,#10628,#10629,#10630,#10631,#10632,#10633,#10634,#10635,
    #10636,#10637,#10638,#10639,#10640,#10641,#10642,#10643,#10644,
    #10645,#10646,#10647,#10648,#10649,#10650,#10651,#10652,#10653,
    #10654,#10655,#10656,#10657,#10658,#10659,#10660,#10661,#10662,
    #10663,#10664,#10665,#10666,#10667,#10668,#10669,#10670,#10671,
    #10672,#10673,#10674,#10675,#10676,#10677,#10678,#10679,#10680,
    #10681,#10682,#10683,#10684,#10685,#10686,#10687,#10688,#10689,
    #10690,#10691,#10692,#10693,#10694,#10695,#10696,#10697,#10698,
    #10699,#10700,#10701,#10702,#10703,#10704,#10705,#10706,#10707,
    #10708,#10709,#10710,#10711),.UNSPECIFIED.,.F.,.F.,(8,6,6,6,6,6,6,6,
    6,6,6,6,6,6,6,6,8),(0.,0.177565112369,0.227798867638,0.243537526733,
    0.259264187637,0.278161543992,0.326426448578,0.423389932612,
    0.536260941813,0.576092935072,0.647735013309,0.699808342873,
    0.726461350763,0.77790920761,0.880896510981,0.972752421462,1.),
  .UNSPECIFIED.);
#10614 = CARTESIAN_POINT('',(21.,0.));
#10615 = CARTESIAN_POINT('',(21.012785679709,3.869004662978E-02));
#10616 = CARTESIAN_POINT('',(21.025646311009,7.961059353773E-02));
#10617 = CARTESIAN_POINT('',(21.038589329501,0.122455141775));
#10618 = CARTESIAN_POINT('',(21.051626620687,0.166918316118));
#10619 = CARTESIAN_POINT('',(21.064774772913,0.212700085921));
#10620 = CARTESIAN_POINT('',(21.078056260619,0.259500745437));
#10621 = CARTESIAN_POINT('',(21.095305276764,0.320446231533));
#10622 = CARTESIAN_POINT('',(21.099122045969,0.333942008521));
#10623 = CARTESIAN_POINT('',(21.102952523234,0.347486824242));
#10624 = CARTESIAN_POINT('',(21.106797411543,0.361073322525));
#10625 = CARTESIAN_POINT('',(21.110657459126,0.374693951347));
#10626 = CARTESIAN_POINT('',(21.114533459455,0.388340962842));
#10627 = CARTESIAN_POINT('',(21.119645895737,0.406287914151));
#10628 = CARTESIAN_POINT('',(21.12086718857,0.410571222225));
#10629 = CARTESIAN_POINT('',(21.122090155614,0.414856091541));
#10630 = CARTESIAN_POINT('',(21.123314823227,0.41914227319));
#10631 = CARTESIAN_POINT('',(21.124541218257,0.423429515333));
#10632 = CARTESIAN_POINT('',(21.125769368039,0.427717563202));
#10633 = CARTESIAN_POINT('',(21.12822829513,0.436291485626));
#10634 = CARTESIAN_POINT('',(21.129459069726,0.440577359119));
#10635 = CARTESIAN_POINT('',(21.130691651945,0.444863522492));
#10636 = CARTESIAN_POINT('',(21.131926070064,0.449149715116));
#10637 = CARTESIAN_POINT('',(21.133162352873,0.453435672821));
#10638 = CARTESIAN_POINT('',(21.134400529681,0.457721127893));
#10639 = CARTESIAN_POINT('',(21.137130751047,0.467154336636));
#10640 = CARTESIAN_POINT('',(21.138623649544,0.472301746262));
#10641 = CARTESIAN_POINT('',(21.140119377536,0.47744756763));
#10642 = CARTESIAN_POINT('',(21.141617987902,0.482591321363));
#10643 = CARTESIAN_POINT('',(21.143119534667,0.487732519028));
#10644 = CARTESIAN_POINT('',(21.144624072996,0.492870663136));
#10645 = CARTESIAN_POINT('',(21.149982118657,0.511119261745));
#10646 = CARTESIAN_POINT('',(21.153852455152,0.524210035821));
#10647 = CARTESIAN_POINT('',(21.157743615728,0.53726913863));
#10648 = CARTESIAN_POINT('',(21.161656588139,0.5502876915));
#10649 = CARTESIAN_POINT('',(21.165592409753,0.563256290781));
#10650 = CARTESIAN_POINT('',(21.169552176452,0.576164930787));
#10651 = CARTESIAN_POINT('',(21.181542607026,0.614794271952));
#10652 = CARTESIAN_POINT('',(21.189649009832,0.640298889385));
#10653 = CARTESIAN_POINT('',(21.197866331995,0.665432377202));
#10654 = CARTESIAN_POINT('',(21.206204917812,0.69009577106));
#10655 = CARTESIAN_POINT('',(21.214675580379,0.714173054452));
#10656 = CARTESIAN_POINT('',(21.22329003827,0.73752658738));
#10657 = CARTESIAN_POINT('',(21.242272180087,0.786139670784));
#10658 = CARTESIAN_POINT('',(21.252690506102,0.811070180301));
#10659 = CARTESIAN_POINT('',(21.263342710935,0.834536577291));
#10660 = CARTESIAN_POINT('',(21.274248107714,0.856211103928));
#10661 = CARTESIAN_POINT('',(21.285418697258,0.875677909053));
#10662 = CARTESIAN_POINT('',(21.296858544793,0.892427980971));
#10663 = CARTESIAN_POINT('',(21.31269056047,0.910634454324));
#10664 = CARTESIAN_POINT('',(21.31685205784,0.914972420837));
#10665 = CARTESIAN_POINT('',(21.321044498065,0.918873769143));
#10666 = CARTESIAN_POINT('',(21.325266549225,0.922311815865));
#10667 = CARTESIAN_POINT('',(21.329516342304,0.925259477165));
#10668 = CARTESIAN_POINT('',(21.333791432146,0.927690055788));
#10669 = CARTESIAN_POINT('',(21.34581795697,0.932973747176));
#10670 = CARTESIAN_POINT('',(21.353622144651,0.934615562757));
#10671 = CARTESIAN_POINT('',(21.361479183905,0.934351023974));
#10672 = CARTESIAN_POINT('',(21.369362529199,0.932048029728));
#10673 = CARTESIAN_POINT('',(21.37724156945,0.92761311614));
#10674 = CARTESIAN_POINT('',(21.385081970461,0.921009744006));
#10675 = CARTESIAN_POINT('',(21.398489345719,0.905928855786));
#10676 = CARTESIAN_POINT('',(21.404093654718,0.898454424867));
#10677 = CARTESIAN_POINT('',(21.409644837522,0.889866518719));
#10678 = CARTESIAN_POINT('',(21.415130881063,0.880195356249));
#10679 = CARTESIAN_POINT('',(21.420541693746,0.869484867267));
#10680 = CARTESIAN_POINT('',(21.425868933155,0.857789409694));
#10681 = CARTESIAN_POINT('',(21.433786268349,0.838711666984));
#10682 = CARTESIAN_POINT('',(21.43644318045,0.832010569204));
#10683 = CARTESIAN_POINT('',(21.439075764857,0.825075139854));
#10684 = CARTESIAN_POINT('',(21.441683378479,0.817913597611));
#10685 = CARTESIAN_POINT('',(21.444265525903,0.810534303416));
#10686 = CARTESIAN_POINT('',(21.446821844941,0.802945630459));
#10687 = CARTESIAN_POINT('',(21.454236186254,0.780119320263));
#10688 = CARTESIAN_POINT('',(21.459022995953,0.764333859884));
#10689 = CARTESIAN_POINT('',(21.463711030971,0.747858213642));
#10690 = CARTESIAN_POINT('',(21.468300269632,0.730749901711));
#10691 = CARTESIAN_POINT('',(21.472791798783,0.713062963035));
#10692 = CARTESIAN_POINT('',(21.477187559982,0.694846449025));
#10693 = CARTESIAN_POINT('',(21.490103145706,0.638704761698));
#10694 = CARTESIAN_POINT('',(21.49833997414,0.599330136642));
#10695 = CARTESIAN_POINT('',(21.506226003685,0.558353906653));
#10696 = CARTESIAN_POINT('',(21.513786794455,0.516053436712));
#10697 = CARTESIAN_POINT('',(21.521047601762,0.472649293607));
#10698 = CARTESIAN_POINT('',(21.528033260789,0.428306383005));
#10699 = CARTESIAN_POINT('',(21.540775768597,0.342848347981));
#10700 = CARTESIAN_POINT('',(21.546582192829,0.301913298816));
#10701 = CARTESIAN_POINT('',(21.552204091748,0.260420174754));
#10702 = CARTESIAN_POINT('',(21.557655392637,0.218441994778));
#10703 = CARTESIAN_POINT('',(21.562948397397,0.176038308535));
#10704 = CARTESIAN_POINT('',(21.568094266612,0.133256827467));
#10705 = CARTESIAN_POINT('',(21.574589052894,7.734244922372E-02));
#10706 = CARTESIAN_POINT('',(21.576062812938,6.452094237548E-02));
#10707 = CARTESIAN_POINT('',(21.57752476354,5.167062163474E-02));
#10708 = CARTESIAN_POINT('',(21.578975153669,3.87924665726E-02));
#10709 = CARTESIAN_POINT('',(21.580414223587,2.588740401558E-02));
#10710 = CARTESIAN_POINT('',(21.58184220485,1.295630804561E-02));
#10711 = CARTESIAN_POINT('',(21.583259320306,0.));
#10712 = ( GEOMETRIC_REPRESENTATION_CONTEXT(2) 
PARAMETRIC_REPRESENTATION_CONTEXT() REPRESENTATION_CONTEXT('2D SPACE',''
  ) );
#10713 = PCURVE('',#8090,#10714);
#10714 = DEFINITIONAL_REPRESENTATION('',(#10715),#10814);
#10715 = B_SPLINE_CURVE_WITH_KNOTS('',7,(#10716,#10717,#10718,#10719,
    #10720,#10721,#10722,#10723,#10724,#10725,#10726,#10727,#10728,
    #10729,#10730,#10731,#10732,#10733,#10734,#10735,#10736,#10737,
    #10738,#10739,#10740,#10741,#10742,#10743,#10744,#10745,#10746,
    #10747,#10748,#10749,#10750,#10751,#10752,#10753,#10754,#10755,
    #10756,#10757,#10758,#10759,#10760,#10761,#10762,#10763,#10764,
    #10765,#10766,#10767,#10768,#10769,#10770,#10771,#10772,#10773,
    #10774,#10775,#10776,#10777,#10778,#10779,#10780,#10781,#10782,
    #10783,#10784,#10785,#10786,#10787,#10788,#10789,#10790,#10791,
    #10792,#10793,#10794,#10795,#10796,#10797,#10798,#10799,#10800,
    #10801,#10802,#10803,#10804,#10805,#10806,#10807,#10808,#10809,
    #10810,#10811,#10812,#10813),.UNSPECIFIED.,.F.,.F.,(8,6,6,6,6,6,6,6,
    6,6,6,6,6,6,6,6,8),(0.,0.177565112369,0.227798867638,0.243537526733,
    0.259264187637,0.278161543992,0.326426448578,0.423389932612,
    0.536260941813,0.576092935072,0.647735013309,0.699808342873,
    0.726461350763,0.77790920761,0.880896510981,0.972752421462,1.),
  .UNSPECIFIED.);
#10716 = CARTESIAN_POINT('',(2.,398.));
#10717 = CARTESIAN_POINT('',(2.232140279779,398.52897500347));
#10718 = CARTESIAN_POINT('',(2.477663561226,399.05188176894));
#10719 = CARTESIAN_POINT('',(2.734730850649,399.56910199774));
#10720 = CARTESIAN_POINT('',(3.001509896706,400.08118779));
#10721 = CARTESIAN_POINT('',(3.276200515525,400.58884836568));
#10722 = CARTESIAN_POINT('',(3.557004472622,401.09296704106));
#10723 = CARTESIAN_POINT('',(3.922677389197,401.73657578719));
#10724 = CARTESIAN_POINT('',(4.003652051124,401.87830577767));
#10725 = CARTESIAN_POINT('',(4.084920945455,402.01986232909));
#10726 = CARTESIAN_POINT('',(4.166439935148,402.16127048102));
#10727 = CARTESIAN_POINT('',(4.248163708081,402.30255641579));
#10728 = CARTESIAN_POINT('',(4.330045777053,402.44374745845));
#10729 = CARTESIAN_POINT('',(4.437727484906,402.62908760964));
#10730 = CARTESIAN_POINT('',(4.46342733335,402.67329662176));
#10731 = CARTESIAN_POINT('',(4.489136549246,402.71749998984));
#10732 = CARTESIAN_POINT('',(4.514853639141,402.76169860259));
#10733 = CARTESIAN_POINT('',(4.540577092001,402.80589336076));
#10734 = CARTESIAN_POINT('',(4.566305379211,402.85008517707));
#10735 = CARTESIAN_POINT('',(4.617748913757,402.93843108791));
#10736 = CARTESIAN_POINT('',(4.643464154716,402.9825851855));
#10737 = CARTESIAN_POINT('',(4.66918113495,403.02673819169));
#10738 = CARTESIAN_POINT('',(4.694898290694,403.07089104168));
#10739 = CARTESIAN_POINT('',(4.720614036926,403.11504468323));
#10740 = CARTESIAN_POINT('',(4.746326767357,403.15920007668));
#10741 = CARTESIAN_POINT('',(4.802926019816,403.25641915308));
#10742 = CARTESIAN_POINT('',(4.833810477573,403.30948404542));
#10743 = CARTESIAN_POINT('',(4.864685405782,403.36255455973));
#10744 = CARTESIAN_POINT('',(4.89554792818,403.41563241147));
#10745 = CARTESIAN_POINT('',(4.926395114169,403.46871934373));
#10746 = CARTESIAN_POINT('',(4.957223978817,403.52181712722));
#10747 = CARTESIAN_POINT('',(5.06671557047,403.71057457554));
#10748 = CARTESIAN_POINT('',(5.145260214929,403.84630393485));
#10749 = CARTESIAN_POINT('',(5.223614831779,403.98214590253));
#10750 = CARTESIAN_POINT('',(5.301726149002,404.11813161728));
#10751 = CARTESIAN_POINT('',(5.379537744688,404.25429336441));
#10752 = CARTESIAN_POINT('',(5.456989584721,404.39066484808));
#10753 = CARTESIAN_POINT('',(5.688765631711,404.80174223644));
#10754 = CARTESIAN_POINT('',(5.84179333631,405.07717553175));
#10755 = CARTESIAN_POINT('',(5.992594263211,405.35389082879));
#10756 = CARTESIAN_POINT('',(6.140574626359,405.63219531694));
#10757 = CARTESIAN_POINT('',(6.285038326711,405.91240211958));
#10758 = CARTESIAN_POINT('',(6.425159524283,406.19484515745));
#10759 = CARTESIAN_POINT('',(6.716838024701,406.81172145569));
#10760 = CARTESIAN_POINT('',(6.866421081807,407.14691544103));
#10761 = CARTESIAN_POINT('',(7.007219463746,407.48624979964));
#10762 = CARTESIAN_POINT('',(7.137266623565,407.83024228346));
#10763 = CARTESIAN_POINT('',(7.254067454321,408.17917704587));
#10764 = CARTESIAN_POINT('',(7.354567885824,408.5331173619));
#10765 = CARTESIAN_POINT('',(7.463806725945,409.0184469514));
#10766 = CARTESIAN_POINT('',(7.489834525021,409.14561238679));
#10767 = CARTESIAN_POINT('',(7.51324261486,409.27332146974));
#10768 = CARTESIAN_POINT('',(7.53387089519,409.40153472202));
#10769 = CARTESIAN_POINT('',(7.551556862993,409.53019787132));
#10770 = CARTESIAN_POINT('',(7.566140334728,409.65924111194));
#10771 = CARTESIAN_POINT('',(7.597842483053,410.02120517803));
#10772 = CARTESIAN_POINT('',(7.607693376542,410.25487552029));
#10773 = CARTESIAN_POINT('',(7.606106143842,410.48895462781));
#10774 = CARTESIAN_POINT('',(7.592288178365,410.72270614607));
#10775 = CARTESIAN_POINT('',(7.56567869684,410.95529978204));
#10776 = CARTESIAN_POINT('',(7.526058464034,411.18581895589));
#10777 = CARTESIAN_POINT('',(7.435573134714,411.57859102406));
#10778 = CARTESIAN_POINT('',(7.390726549205,411.7423302331));
#10779 = CARTESIAN_POINT('',(7.339199112311,411.90411441719));
#10780 = CARTESIAN_POINT('',(7.281172137494,412.06363721533));
#10781 = CARTESIAN_POINT('',(7.216909203602,412.22065003494));
#10782 = CARTESIAN_POINT('',(7.146736458166,412.37495451872));
#10783 = CARTESIAN_POINT('',(7.032270001906,412.60390771698));
#10784 = CARTESIAN_POINT('',(6.992063415226,412.68067431349));
#10785 = CARTESIAN_POINT('',(6.950450839123,412.75667691657));
#10786 = CARTESIAN_POINT('',(6.907481585669,412.83190215299));
#10787 = CARTESIAN_POINT('',(6.863205820497,412.90634070798));
#10788 = CARTESIAN_POINT('',(6.817673782756,412.97998687225));
#10789 = CARTESIAN_POINT('',(6.680715921577,413.19346157881));
#10790 = CARTESIAN_POINT('',(6.586003159305,413.33111904207));
#10791 = CARTESIAN_POINT('',(6.487149281854,413.46579966786));
#10792 = CARTESIAN_POINT('',(6.384499410267,413.59753128499));
#10793 = CARTESIAN_POINT('',(6.278377778211,413.72636981379));
#10794 = CARTESIAN_POINT('',(6.169078694152,413.8523921535));
#10795 = CARTESIAN_POINT('',(5.832228570186,414.22251271429));
#10796 = CARTESIAN_POINT('',(5.595980819854,414.45834032933));
#10797 = CARTESIAN_POINT('',(5.350123439916,414.68404765394));
#10798 = CARTESIAN_POINT('',(5.09632062027,414.90046486076));
#10799 = CARTESIAN_POINT('',(4.835895761644,415.10838147039));
#10800 = CARTESIAN_POINT('',(4.569838298028,415.30855497969));
#10801 = CARTESIAN_POINT('',(4.057090087885,415.67401932218));
#10802 = CARTESIAN_POINT('',(3.811479792895,415.84069517869));
#10803 = CARTESIAN_POINT('',(3.562521048524,416.00224463904));
#10804 = CARTESIAN_POINT('',(3.31065196867,416.15908134316));
#10805 = CARTESIAN_POINT('',(3.056229851209,416.31156710632));
#10806 = CARTESIAN_POINT('',(2.799540964804,416.46002781745));
#10807 = CARTESIAN_POINT('',(2.464054695342,416.64769282534));
#10808 = CARTESIAN_POINT('',(2.387125654253,416.69029674293));
#10809 = CARTESIAN_POINT('',(2.310023729808,416.73257950135));
#10810 = CARTESIAN_POINT('',(2.232754799436,416.77454831383));
#10811 = CARTESIAN_POINT('',(2.155324424094,416.816210129));
#10812 = CARTESIAN_POINT('',(2.077737848274,416.85757163084));
#10813 = CARTESIAN_POINT('',(2.,416.89863923877));
#10814 = ( GEOMETRIC_REPRESENTATION_CONTEXT(2) 
PARAMETRIC_REPRESENTATION_CONTEXT() REPRESENTATION_CONTEXT('2D SPACE',''
  ) );
#10815 = ORIENTED_EDGE('',*,*,#8101,.T.);
#10816 = ORIENTED_EDGE('',*,*,#5071,.T.);
#10817 = ORIENTED_EDGE('',*,*,#5315,.F.);
#10818 = ORIENTED_EDGE('',*,*,#10819,.F.);
#10819 = EDGE_CURVE('',#8287,#5276,#10820,.T.);
#10820 = SURFACE_CURVE('',#10821,(#10869,#10920),.PCURVE_S1.);
#10821 = B_SPLINE_CURVE_WITH_KNOTS('',6,(#10822,#10823,#10824,#10825,
    #10826,#10827,#10828,#10829,#10830,#10831,#10832,#10833,#10834,
    #10835,#10836,#10837,#10838,#10839,#10840,#10841,#10842,#10843,
    #10844,#10845,#10846,#10847,#10848,#10849,#10850,#10851,#10852,
    #10853,#10854,#10855,#10856,#10857,#10858,#10859,#10860,#10861,
    #10862,#10863,#10864,#10865,#10866,#10867,#10868),.UNSPECIFIED.,.F.,
  .F.,(7,5,5,5,5,5,5,5,5,7),(0.,0.326681076904,0.42028769218,
    0.44919773841,0.477210141574,0.509637428237,0.592766474436,
    0.759569811105,0.943182842639,1.),.UNSPECIFIED.);
#10822 = CARTESIAN_POINT('',(-98.,-45.,2.));
#10823 = CARTESIAN_POINT('',(-98.63425658468,-45.,2.297763326963));
#10824 = CARTESIAN_POINT('',(-99.25833671807,-45.,2.616493123231));
#10825 = CARTESIAN_POINT('',(-99.87307248473,-45.,2.952462475322));
#10826 = CARTESIAN_POINT('',(-100.4797550608,-45.,3.302029417534));
#10827 = CARTESIAN_POINT('',(-101.0800685262,-45.,3.661754004534));
#10828 = CARTESIAN_POINT('',(-101.8471500953,-45.,4.132990535234));
#10829 = CARTESIAN_POINT('',(-102.0176557864,-45.,4.238480264044));
#10830 = CARTESIAN_POINT('',(-102.1878742692,-45.,4.344419514251));
#10831 = CARTESIAN_POINT('',(-102.3578599576,-45.,4.450720013724));
#10832 = CARTESIAN_POINT('',(-102.5276706002,-45.,4.557290400765));
#10833 = CARTESIAN_POINT('',(-102.7497783492,-45.,4.697002867795));
#10834 = CARTESIAN_POINT('',(-102.8021779165,-45.,4.729987201516));
#10835 = CARTESIAN_POINT('',(-102.8545684785,-45.,4.762985340758));
#10836 = CARTESIAN_POINT('',(-102.9069518811,-45.,4.795994421917));
#10837 = CARTESIAN_POINT('',(-102.9593300042,-45.,4.829011535056));
#10838 = CARTESIAN_POINT('',(-103.0624533096,-45.,4.894030589627));
#10839 = CARTESIAN_POINT('',(-103.1131986976,-45.,4.926032218613));
#10840 = CARTESIAN_POINT('',(-103.1639426682,-45.,4.958035921644));
#10841 = CARTESIAN_POINT('',(-103.2146869951,-45.,4.990038959194));
#10842 = CARTESIAN_POINT('',(-103.2654334844,-45.,5.022038541425));
#10843 = CARTESIAN_POINT('',(-103.3749329756,-45.,5.091067403999));
#10844 = CARTESIAN_POINT('',(-103.433687338,-45.,5.128094539402));
#10845 = CARTESIAN_POINT('',(-103.4924499136,-45.,5.165108831138));
#10846 = CARTESIAN_POINT('',(-103.551223616,-45.,5.202105764426));
#10847 = CARTESIAN_POINT('',(-103.6100114214,-45.,5.239080712957));
#10848 = CARTESIAN_POINT('',(-103.8195659261,-45.,5.370747649499));
#10849 = CARTESIAN_POINT('',(-103.970427929,-45.,5.465290611458));
#10850 = CARTESIAN_POINT('',(-104.121454027,-45.,5.559578090977));
#10851 = CARTESIAN_POINT('',(-104.2726979864,-45.,5.653524740927));
#10852 = CARTESIAN_POINT('',(-104.4242166298,-45.,5.74703812704));
#10853 = CARTESIAN_POINT('',(-104.8807750852,-45.,6.02658535934));
#10854 = CARTESIAN_POINT('',(-105.1868101271,-45.,6.210989865803));
#10855 = CARTESIAN_POINT('',(-105.4947007123,-45.,6.392436526978));
#10856 = CARTESIAN_POINT('',(-105.8049781516,-45.,6.569947015062));
#10857 = CARTESIAN_POINT('',(-106.1182082947,-45.,6.742312285068));
#10858 = CARTESIAN_POINT('',(-106.7838658573,-45.,7.090295572271));
#10859 = CARTESIAN_POINT('',(-107.1368952791,-45.,7.264403685576));
#10860 = CARTESIAN_POINT('',(-107.4952719305,-45.,7.428303418428));
#10861 = CARTESIAN_POINT('',(-107.8597603919,-45.,7.579180690183));
#10862 = CARTESIAN_POINT('',(-108.2308525827,-45.,7.713215036539));
#10863 = CARTESIAN_POINT('',(-108.7257124312,-45.,7.8603629922));
#10864 = CARTESIAN_POINT('',(-108.843288824,-45.,7.893056361512));
#10865 = CARTESIAN_POINT('',(-108.9614932079,-45.,7.923525232706));
#10866 = CARTESIAN_POINT('',(-109.0803070239,-45.,7.951614049077));
#10867 = CARTESIAN_POINT('',(-109.1996979338,-45.,7.977160556239));
#10868 = CARTESIAN_POINT('',(-109.319618794,-45.,8.));
#10869 = PCURVE('',#5099,#10870);
#10870 = DEFINITIONAL_REPRESENTATION('',(#10871),#10919);
#10871 = B_SPLINE_CURVE_WITH_KNOTS('',6,(#10872,#10873,#10874,#10875,
    #10876,#10877,#10878,#10879,#10880,#10881,#10882,#10883,#10884,
    #10885,#10886,#10887,#10888,#10889,#10890,#10891,#10892,#10893,
    #10894,#10895,#10896,#10897,#10898,#10899,#10900,#10901,#10902,
    #10903,#10904,#10905,#10906,#10907,#10908,#10909,#10910,#10911,
    #10912,#10913,#10914,#10915,#10916,#10917,#10918),.UNSPECIFIED.,.F.,
  .F.,(7,5,5,5,5,5,5,5,5,7),(0.,0.326681076904,0.42028769218,
    0.44919773841,0.477210141574,0.509637428237,0.592766474436,
    0.759569811105,0.943182842639,1.),.UNSPECIFIED.);
#10872 = CARTESIAN_POINT('',(17.,0.));
#10873 = CARTESIAN_POINT('',(16.984553754847,4.962722116049E-02));
#10874 = CARTESIAN_POINT('',(16.969012130414,0.102748853872));
#10875 = CARTESIAN_POINT('',(16.953360382474,0.158743745887));
#10876 = CARTESIAN_POINT('',(16.937571523153,0.217004902922));
#10877 = CARTESIAN_POINT('',(16.921605466368,0.276959000756));
#10878 = CARTESIAN_POINT('',(16.900755894183,0.355498422539));
#10879 = CARTESIAN_POINT('',(16.896092690153,0.373080044007));
#10880 = CARTESIAN_POINT('',(16.891408491651,0.390736585708));
#10881 = CARTESIAN_POINT('',(16.886701773828,0.408453335621));
#10882 = CARTESIAN_POINT('',(16.881970876152,0.426215066794));
#10883 = CARTESIAN_POINT('',(16.875744827408,0.449500477966));
#10884 = CARTESIAN_POINT('',(16.874273197565,0.454997866919));
#10885 = CARTESIAN_POINT('',(16.872799034493,0.460497556793));
#10886 = CARTESIAN_POINT('',(16.871322283357,0.46599907032));
#10887 = CARTESIAN_POINT('',(16.869842887904,0.471501922509));
#10888 = CARTESIAN_POINT('',(16.866924711432,0.482338431605));
#10889 = CARTESIAN_POINT('',(16.86548609559,0.487672036435));
#10890 = CARTESIAN_POINT('',(16.864044890469,0.493005986941));
#10891 = CARTESIAN_POINT('',(16.862601042262,0.498339826532));
#10892 = CARTESIAN_POINT('',(16.861154495823,0.503673090237));
#10893 = CARTESIAN_POINT('',(16.858027476984,0.515177900667));
#10894 = CARTESIAN_POINT('',(16.85634606783,0.5213490899));
#10895 = CARTESIAN_POINT('',(16.854660879593,0.527518138523));
#10896 = CARTESIAN_POINT('',(16.852971822073,0.533684294071));
#10897 = CARTESIAN_POINT('',(16.851278802473,0.539846785493));
#10898 = CARTESIAN_POINT('',(16.845231179545,0.561791274917));
#10899 = CARTESIAN_POINT('',(16.840853974727,0.577548435243));
#10900 = CARTESIAN_POINT('',(16.836448490135,0.593263015163));
#10901 = CARTESIAN_POINT('',(16.832013008333,0.608920790154));
#10902 = CARTESIAN_POINT('',(16.827545684001,0.624506354507));
#10903 = CARTESIAN_POINT('',(16.81401264681,0.67109755989));
#10904 = CARTESIAN_POINT('',(16.804845098764,0.701831644301));
#10905 = CARTESIAN_POINT('',(16.795524707612,0.732072754496));
#10906 = CARTESIAN_POINT('',(16.78603336918,0.761657835844));
#10907 = CARTESIAN_POINT('',(16.776351318767,0.790385380845));
#10908 = CARTESIAN_POINT('',(16.755560414939,0.848382595378));
#10909 = CARTESIAN_POINT('',(16.744411320459,0.877400614263));
#10910 = CARTESIAN_POINT('',(16.732969020293,0.904717236405));
#10911 = CARTESIAN_POINT('',(16.721204659012,0.929863448364));
#10912 = CARTESIAN_POINT('',(16.709098380882,0.95220250609));
#10913 = CARTESIAN_POINT('',(16.692786891454,0.976727165367));
#10914 = CARTESIAN_POINT('',(16.688899330893,0.982176060252));
#10915 = CARTESIAN_POINT('',(16.684979011288,0.987254205451));
#10916 = CARTESIAN_POINT('',(16.681026541136,0.991935674846));
#10917 = CARTESIAN_POINT('',(16.67704303154,0.99619342604));
#10918 = CARTESIAN_POINT('',(16.673030149193,1.));
#10919 = ( GEOMETRIC_REPRESENTATION_CONTEXT(2) 
PARAMETRIC_REPRESENTATION_CONTEXT() REPRESENTATION_CONTEXT('2D SPACE',''
  ) );
#10920 = PCURVE('',#5299,#10921);
#10921 = DEFINITIONAL_REPRESENTATION('',(#10922),#10970);
#10922 = B_SPLINE_CURVE_WITH_KNOTS('',6,(#10923,#10924,#10925,#10926,
    #10927,#10928,#10929,#10930,#10931,#10932,#10933,#10934,#10935,
    #10936,#10937,#10938,#10939,#10940,#10941,#10942,#10943,#10944,
    #10945,#10946,#10947,#10948,#10949,#10950,#10951,#10952,#10953,
    #10954,#10955,#10956,#10957,#10958,#10959,#10960,#10961,#10962,
    #10963,#10964,#10965,#10966,#10967,#10968,#10969),.UNSPECIFIED.,.F.,
  .F.,(7,5,5,5,5,5,5,5,5,7),(0.,0.326681076904,0.42028769218,
    0.44919773841,0.477210141574,0.509637428237,0.592766474436,
    0.759569811105,0.943182842639,1.),.UNSPECIFIED.);
#10923 = CARTESIAN_POINT('',(2.,202.));
#10924 = CARTESIAN_POINT('',(2.297763326963,201.36574341531));
#10925 = CARTESIAN_POINT('',(2.616493123231,200.74166328192));
#10926 = CARTESIAN_POINT('',(2.952462475322,200.12692751526));
#10927 = CARTESIAN_POINT('',(3.302029417534,199.52024493911));
#10928 = CARTESIAN_POINT('',(3.661754004534,198.91993147379));
#10929 = CARTESIAN_POINT('',(4.132990535234,198.15284990468));
#10930 = CARTESIAN_POINT('',(4.238480264044,197.98234421355));
#10931 = CARTESIAN_POINT('',(4.344419514251,197.81212573075));
#10932 = CARTESIAN_POINT('',(4.450720013724,197.64214004236));
#10933 = CARTESIAN_POINT('',(4.557290400765,197.47232939975));
#10934 = CARTESIAN_POINT('',(4.697002867795,197.25022165071));
#10935 = CARTESIAN_POINT('',(4.729987201516,197.1978220834));
#10936 = CARTESIAN_POINT('',(4.762985340758,197.1454315214));
#10937 = CARTESIAN_POINT('',(4.795994421917,197.09304811889));
#10938 = CARTESIAN_POINT('',(4.829011535056,197.04066999572));
#10939 = CARTESIAN_POINT('',(4.894030589627,196.93754669034));
#10940 = CARTESIAN_POINT('',(4.926032218613,196.8868013023));
#10941 = CARTESIAN_POINT('',(4.958035921644,196.83605733176));
#10942 = CARTESIAN_POINT('',(4.990038959194,196.78531300489));
#10943 = CARTESIAN_POINT('',(5.022038541425,196.73456651552));
#10944 = CARTESIAN_POINT('',(5.091067403999,196.62506702437));
#10945 = CARTESIAN_POINT('',(5.128094539402,196.56631266193));
#10946 = CARTESIAN_POINT('',(5.165108831138,196.50755008639));
#10947 = CARTESIAN_POINT('',(5.202105764426,196.44877638394));
#10948 = CARTESIAN_POINT('',(5.239080712957,196.38998857853));
#10949 = CARTESIAN_POINT('',(5.370747649499,196.18043407383));
#10950 = CARTESIAN_POINT('',(5.465290611458,196.02957207098));
#10951 = CARTESIAN_POINT('',(5.559578090977,195.87854597291));
#10952 = CARTESIAN_POINT('',(5.653524740927,195.72730201353));
#10953 = CARTESIAN_POINT('',(5.74703812704,195.57578337019));
#10954 = CARTESIAN_POINT('',(6.02658535934,195.1192249147));
#10955 = CARTESIAN_POINT('',(6.210989865803,194.81318987289));
#10956 = CARTESIAN_POINT('',(6.392436526978,194.50529928766));
#10957 = CARTESIAN_POINT('',(6.569947015062,194.19502184832));
#10958 = CARTESIAN_POINT('',(6.742312285068,193.88179170522));
#10959 = CARTESIAN_POINT('',(7.090295572271,193.21613414262));
#10960 = CARTESIAN_POINT('',(7.264403685576,192.86310472087));
#10961 = CARTESIAN_POINT('',(7.428303418428,192.5047280694));
#10962 = CARTESIAN_POINT('',(7.579180690183,192.14023960802));
#10963 = CARTESIAN_POINT('',(7.713215036539,191.7691474173));
#10964 = CARTESIAN_POINT('',(7.8603629922,191.27428756871));
#10965 = CARTESIAN_POINT('',(7.893056361512,191.15671117599));
#10966 = CARTESIAN_POINT('',(7.923525232706,191.03850679202));
#10967 = CARTESIAN_POINT('',(7.951614049077,190.91969297609));
#10968 = CARTESIAN_POINT('',(7.977160556239,190.80030206614));
#10969 = CARTESIAN_POINT('',(8.,190.68038120596));
#10970 = ( GEOMETRIC_REPRESENTATION_CONTEXT(2) 
PARAMETRIC_REPRESENTATION_CONTEXT() REPRESENTATION_CONTEXT('2D SPACE',''
  ) );
#10971 = ORIENTED_EDGE('',*,*,#8307,.T.);
#10972 = ORIENTED_EDGE('',*,*,#10973,.T.);
#10973 = EDGE_CURVE('',#8308,#8379,#10974,.T.);
#10974 = SURFACE_CURVE('',#10975,(#11013,#11054),.PCURVE_S1.);
#10975 = B_SPLINE_CURVE_WITH_KNOTS('',8,(#10976,#10977,#10978,#10979,
    #10980,#10981,#10982,#10983,#10984,#10985,#10986,#10987,#10988,
    #10989,#10990,#10991,#10992,#10993,#10994,#10995,#10996,#10997,
    #10998,#10999,#11000,#11001,#11002,#11003,#11004,#11005,#11006,
    #11007,#11008,#11009,#11010,#11011,#11012),.UNSPECIFIED.,.F.,.F.,(9,
    7,7,7,7,9),(0.,0.581072403064,0.668133658853,0.763545616195,
    0.873801996232,1.),.UNSPECIFIED.);
#10976 = CARTESIAN_POINT('',(-45.,-45.,2.));
#10977 = CARTESIAN_POINT('',(-41.74300945874,-45.,2.299028206486));
#10978 = CARTESIAN_POINT('',(-38.47858245746,-45.,2.524318727058));
#10979 = CARTESIAN_POINT('',(-35.20956669405,-45.,2.676279769852));
#10980 = CARTESIAN_POINT('',(-31.93822836046,-45.,2.757622534557));
#10981 = CARTESIAN_POINT('',(-28.66626493874,-45.,2.773993760773));
#10982 = CARTESIAN_POINT('',(-25.39482072092,-45.,2.734810174308));
#10983 = CARTESIAN_POINT('',(-22.12451244179,-45.,2.653864908912));
#10984 = CARTESIAN_POINT('',(-18.36562814555,-45.,2.532651135258));
#10985 = CARTESIAN_POINT('',(-17.87584521572,-45.,2.516306615804));
#10986 = CARTESIAN_POINT('',(-17.38608004107,-45.,2.499470573671));
#10987 = CARTESIAN_POINT('',(-16.89633106793,-45.,2.48220285762));
#10988 = CARTESIAN_POINT('',(-16.40659648121,-45.,2.464564947201));
#10989 = CARTESIAN_POINT('',(-15.9168742044,-45.,2.446619952756));
#10990 = CARTESIAN_POINT('',(-15.42716189957,-45.,2.428432615414));
#10991 = CARTESIAN_POINT('',(-14.40078074238,-45.,2.389944635403));
#10992 = CARTESIAN_POINT('',(-13.86411360331,-45.,2.36960853465));
#10993 = CARTESIAN_POINT('',(-13.32745205142,-45.,2.349148130085));
#10994 = CARTESIAN_POINT('',(-12.79079254665,-45.,2.328652695153));
#10995 = CARTESIAN_POINT('',(-12.25413151508,-45.,2.308213462039));
#10996 = CARTESIAN_POINT('',(-11.71746535643,-45.,2.287923432204));
#10997 = CARTESIAN_POINT('',(-11.18079045157,-45.,2.267877186925));
#10998 = CARTESIAN_POINT('',(-10.02391678533,-45.,2.225398225587));
#10999 = CARTESIAN_POINT('',(-9.403714452238,-45.,2.203079478824));
#11000 = CARTESIAN_POINT('',(-8.783490392222,-45.,2.181362484453));
#11001 = CARTESIAN_POINT('',(-8.163239697782,-45.,2.160397793191));
#11002 = CARTESIAN_POINT('',(-7.542958351028,-45.,2.140337934917));
#11003 = CARTESIAN_POINT('',(-6.922643242293,-45.,2.121336874023));
#11004 = CARTESIAN_POINT('',(-6.302292188742,-45.,2.103549464761));
#11005 = CARTESIAN_POINT('',(-4.971815730548,-45.,2.068338440663));
#11006 = CARTESIAN_POINT('',(-4.261679960321,-45.,2.051339304884));
#11007 = CARTESIAN_POINT('',(-3.551494697635,-45.,2.036366123437));
#11008 = CARTESIAN_POINT('',(-2.841261437276,-45.,2.023652134219));
#11009 = CARTESIAN_POINT('',(-2.130985136778,-45.,2.013429861389));
#11010 = CARTESIAN_POINT('',(-1.420674239707,-45.,2.0059297879));
#11011 = CARTESIAN_POINT('',(-0.71034069895,-45.,2.001379028046));
#11012 = CARTESIAN_POINT('',(9.094947017729E-13,-45.,2.));
#11013 = PCURVE('',#5099,#11014);
#11014 = DEFINITIONAL_REPRESENTATION('',(#11015),#11053);
#11015 = B_SPLINE_CURVE_WITH_KNOTS('',8,(#11016,#11017,#11018,#11019,
    #11020,#11021,#11022,#11023,#11024,#11025,#11026,#11027,#11028,
    #11029,#11030,#11031,#11032,#11033,#11034,#11035,#11036,#11037,
    #11038,#11039,#11040,#11041,#11042,#11043,#11044,#11045,#11046,
    #11047,#11048,#11049,#11050,#11051,#11052),.UNSPECIFIED.,.F.,.F.,(9,
    7,7,7,7,9),(0.,0.581072403064,0.668133658853,0.763545616195,
    0.873801996232,1.),.UNSPECIFIED.);
#11016 = CARTESIAN_POINT('',(18.,0.));
#11017 = CARTESIAN_POINT('',(18.061790754925,4.983803441437E-02));
#11018 = CARTESIAN_POINT('',(18.125689365772,8.738645450967E-02));
#11019 = CARTESIAN_POINT('',(18.191695526039,0.112713294975));
#11020 = CARTESIAN_POINT('',(18.259784358065,0.126270422426));
#11021 = CARTESIAN_POINT('',(18.329894128667,0.128998960129));
#11022 = CARTESIAN_POINT('',(18.401909536176,0.122468362385));
#11023 = CARTESIAN_POINT('',(18.475643942039,0.108977484819));
#11024 = CARTESIAN_POINT('',(18.562115950361,8.877518920964E-02));
#11025 = CARTESIAN_POINT('',(18.573416890118,8.605110263397E-02));
#11026 = CARTESIAN_POINT('',(18.584750220711,8.324509561181E-02));
#11027 = CARTESIAN_POINT('',(18.596115111387,8.036714293664E-02));
#11028 = CARTESIAN_POINT('',(18.607510701649,7.742749120022E-02));
#11029 = CARTESIAN_POINT('',(18.61893610126,7.443665879266E-02));
#11030 = CARTESIAN_POINT('',(18.630390390244,7.140543590235E-02));
#11031 = CARTESIAN_POINT('',(18.654456194651,6.499077256723E-02));
#11032 = CARTESIAN_POINT('',(18.667073322543,6.160142244175E-02));
#11033 = CARTESIAN_POINT('',(18.679722757213,5.819135501412E-02));
#11034 = CARTESIAN_POINT('',(18.692403205024,5.47754491921E-02));
#11035 = CARTESIAN_POINT('',(18.705113326425,5.136891033977E-02));
#11036 = CARTESIAN_POINT('',(18.717851738345,4.798723870064E-02));
#11037 = CARTESIAN_POINT('',(18.730617016577,4.464619782085E-02));
#11038 = CARTESIAN_POINT('',(18.758188384888,3.756637093117E-02));
#11039 = CARTESIAN_POINT('',(18.773002980609,3.384657980407E-02));
#11040 = CARTESIAN_POINT('',(18.787849233223,3.022708074214E-02));
#11041 = CARTESIAN_POINT('',(18.802724799999,2.673296553179E-02));
#11042 = CARTESIAN_POINT('',(18.817627255163,2.338965581957E-02));
#11043 = CARTESIAN_POINT('',(18.83255409747,2.022281233724E-02));
#11044 = CARTESIAN_POINT('',(18.847502757776,1.725824412682E-02));
#11045 = CARTESIAN_POINT('',(18.879602609722,1.138974011054E-02));
#11046 = CARTESIAN_POINT('',(18.896759723228,8.556550814056E-03));
#11047 = CARTESIAN_POINT('',(18.913938008584,6.06102057282E-03));
#11048 = CARTESIAN_POINT('',(18.931133380001,3.942022369904E-03));
#11049 = CARTESIAN_POINT('',(18.948341624858,2.238310231441E-03));
#11050 = CARTESIAN_POINT('',(18.965558424114,9.882979832902E-04));
#11051 = CARTESIAN_POINT('',(18.982779372715,2.298380077055E-04));
#11052 = CARTESIAN_POINT('',(19.,0.));
#11053 = ( GEOMETRIC_REPRESENTATION_CONTEXT(2) 
PARAMETRIC_REPRESENTATION_CONTEXT() REPRESENTATION_CONTEXT('2D SPACE',''
  ) );
#11054 = PCURVE('',#8393,#11055);
#11055 = DEFINITIONAL_REPRESENTATION('',(#11056),#11094);
#11056 = B_SPLINE_CURVE_WITH_KNOTS('',8,(#11057,#11058,#11059,#11060,
    #11061,#11062,#11063,#11064,#11065,#11066,#11067,#11068,#11069,
    #11070,#11071,#11072,#11073,#11074,#11075,#11076,#11077,#11078,
    #11079,#11080,#11081,#11082,#11083,#11084,#11085,#11086,#11087,
    #11088,#11089,#11090,#11091,#11092,#11093),.UNSPECIFIED.,.F.,.F.,(9,
    7,7,7,7,9),(0.,0.581072403064,0.668133658853,0.763545616195,
    0.873801996232,1.),.UNSPECIFIED.);
#11057 = CARTESIAN_POINT('',(2.,255.));
#11058 = CARTESIAN_POINT('',(2.299028206486,258.25699054125));
#11059 = CARTESIAN_POINT('',(2.524318727058,261.52141754253));
#11060 = CARTESIAN_POINT('',(2.676279769852,264.79043330594));
#11061 = CARTESIAN_POINT('',(2.757622534557,268.06177163953));
#11062 = CARTESIAN_POINT('',(2.773993760773,271.33373506125));
#11063 = CARTESIAN_POINT('',(2.734810174308,274.60517927907));
#11064 = CARTESIAN_POINT('',(2.653864908912,277.8754875582));
#11065 = CARTESIAN_POINT('',(2.532651135258,281.63437185444));
#11066 = CARTESIAN_POINT('',(2.516306615804,282.12415478428));
#11067 = CARTESIAN_POINT('',(2.499470573671,282.61391995892));
#11068 = CARTESIAN_POINT('',(2.48220285762,283.10366893206));
#11069 = CARTESIAN_POINT('',(2.464564947201,283.59340351878));
#11070 = CARTESIAN_POINT('',(2.446619952756,284.08312579559));
#11071 = CARTESIAN_POINT('',(2.428432615414,284.57283810042));
#11072 = CARTESIAN_POINT('',(2.389944635403,285.59921925761));
#11073 = CARTESIAN_POINT('',(2.36960853465,286.13588639668));
#11074 = CARTESIAN_POINT('',(2.349148130085,286.67254794857));
#11075 = CARTESIAN_POINT('',(2.328652695153,287.20920745334));
#11076 = CARTESIAN_POINT('',(2.308213462039,287.74586848491));
#11077 = CARTESIAN_POINT('',(2.287923432204,288.28253464356));
#11078 = CARTESIAN_POINT('',(2.267877186925,288.81920954842));
#11079 = CARTESIAN_POINT('',(2.225398225587,289.97608321466));
#11080 = CARTESIAN_POINT('',(2.203079478824,290.59628554776));
#11081 = CARTESIAN_POINT('',(2.181362484453,291.21650960777));
#11082 = CARTESIAN_POINT('',(2.160397793191,291.83676030221));
#11083 = CARTESIAN_POINT('',(2.140337934917,292.45704164897));
#11084 = CARTESIAN_POINT('',(2.121336874023,293.0773567577));
#11085 = CARTESIAN_POINT('',(2.103549464761,293.69770781125));
#11086 = CARTESIAN_POINT('',(2.068338440663,295.02818426945));
#11087 = CARTESIAN_POINT('',(2.051339304884,295.73832003967));
#11088 = CARTESIAN_POINT('',(2.036366123437,296.44850530236));
#11089 = CARTESIAN_POINT('',(2.023652134219,297.15873856272));
#11090 = CARTESIAN_POINT('',(2.013429861389,297.86901486322));
#11091 = CARTESIAN_POINT('',(2.0059297879,298.57932576029));
#11092 = CARTESIAN_POINT('',(2.001379028046,299.28965930105));
#11093 = CARTESIAN_POINT('',(2.,300.));
#11094 = ( GEOMETRIC_REPRESENTATION_CONTEXT(2) 
PARAMETRIC_REPRESENTATION_CONTEXT() REPRESENTATION_CONTEXT('2D SPACE',''
  ) );
#11095 = ORIENTED_EDGE('',*,*,#8404,.T.);
#11096 = ORIENTED_EDGE('',*,*,#11097,.T.);
#11097 = EDGE_CURVE('',#8405,#8476,#11098,.T.);
#11098 = SURFACE_CURVE('',#11099,(#11126,#11156),.PCURVE_S1.);
#11099 = B_SPLINE_CURVE_WITH_KNOTS('',7,(#11100,#11101,#11102,#11103,
    #11104,#11105,#11106,#11107,#11108,#11109,#11110,#11111,#11112,
    #11113,#11114,#11115,#11116,#11117,#11118,#11119,#11120,#11121,
    #11122,#11123,#11124,#11125),.UNSPECIFIED.,.F.,.F.,(8,6,6,6,8),(0.,
    0.202086518277,0.312033146871,0.499696289999,1.),.UNSPECIFIED.);
#11100 = CARTESIAN_POINT('',(0.718262609439,-45.,2.));
#11101 = CARTESIAN_POINT('',(1.997409203962,-45.,2.002439793087));
#11102 = CARTESIAN_POINT('',(3.276524084049,-45.,2.014836949336));
#11103 = CARTESIAN_POINT('',(4.555532419203,-45.,2.035829953939));
#11104 = CARTESIAN_POINT('',(5.83439176912,-45.,2.064011052524));
#11105 = CARTESIAN_POINT('',(7.113091339632,-45.,2.097956718393));
#11106 = CARTESIAN_POINT('',(8.39165123865,-45.,2.136258119752));
#11107 = CARTESIAN_POINT('',(10.365682829944,-45.,2.200017595755));
#11108 = CARTESIAN_POINT('',(11.061215094512,-45.,2.223369092505));
#11109 = CARTESIAN_POINT('',(11.756725212878,-45.,2.247386140148));
#11110 = CARTESIAN_POINT('',(12.45222022446,-45.,2.271852503922));
#11111 = CARTESIAN_POINT('',(13.147707485975,-45.,2.296556616032));
#11112 = CARTESIAN_POINT('',(13.843194636392,-45.,2.32129254034));
#11113 = CARTESIAN_POINT('',(15.725799757235,-45.,2.387795670371));
#11114 = CARTESIAN_POINT('',(16.912928668148,-45.,2.429242487788));
#11115 = CARTESIAN_POINT('',(18.100117782591,-45.,2.469208636956));
#11116 = CARTESIAN_POINT('',(19.287397524465,-45.,2.506758737859));
#11117 = CARTESIAN_POINT('',(20.474787019175,-45.,2.541021314822));
#11118 = CARTESIAN_POINT('',(21.662293859192,-45.,2.571195328532));
#11119 = CARTESIAN_POINT('',(26.016069393743,-45.,2.664169303934));
#11120 = CARTESIAN_POINT('',(29.183274122522,-45.,2.697580005146));
#11121 = CARTESIAN_POINT('',(32.350963072549,-45.,2.683019816332));
#11122 = CARTESIAN_POINT('',(35.518144199118,-45.,2.610503894941));
#11123 = CARTESIAN_POINT('',(38.683388644142,-45.,2.474110681742));
#11124 = CARTESIAN_POINT('',(41.844800876358,-45.,2.270851077002));
#11125 = CARTESIAN_POINT('',(44.999999999999,-45.,2.));
#11126 = PCURVE('',#5099,#11127);
#11127 = DEFINITIONAL_REPRESENTATION('',(#11128),#11155);
#11128 = B_SPLINE_CURVE_WITH_KNOTS('',7,(#11129,#11130,#11131,#11132,
    #11133,#11134,#11135,#11136,#11137,#11138,#11139,#11140,#11141,
    #11142,#11143,#11144,#11145,#11146,#11147,#11148,#11149,#11150,
    #11151,#11152,#11153,#11154),.UNSPECIFIED.,.F.,.F.,(8,6,6,6,8),(0.,
    0.202086518277,0.312033146871,0.499696289999,1.),.UNSPECIFIED.);
#11129 = CARTESIAN_POINT('',(19.017411998924,0.));
#11130 = CARTESIAN_POINT('',(19.04841883179,4.066321811059E-04));
#11131 = CARTESIAN_POINT('',(19.079413134678,2.472824889377E-03));
#11132 = CARTESIAN_POINT('',(19.110367770752,5.971658989807E-03));
#11133 = CARTESIAN_POINT('',(19.14125636936,1.0668508754E-02));
#11134 = CARTESIAN_POINT('',(19.17205377959,1.632611973219E-02));
#11135 = CARTESIAN_POINT('',(19.202736523837,2.270968662535E-02));
#11136 = CARTESIAN_POINT('',(19.249902418907,3.333626595925E-02));
#11137 = CARTESIAN_POINT('',(19.266481266872,3.722818208411E-02));
#11138 = CARTESIAN_POINT('',(19.28301631688,4.1231023358E-02));
#11139 = CARTESIAN_POINT('',(19.299504217841,4.530875065371E-02));
#11140 = CARTESIAN_POINT('',(19.315941758247,4.942610267206E-02));
#11141 = CARTESIAN_POINT('',(19.332325878469,5.35487567234E-02));
#11142 = CARTESIAN_POINT('',(19.376522906215,6.463261172854E-02));
#11143 = CARTESIAN_POINT('',(19.404227974537,7.154041463131E-02));
#11144 = CARTESIAN_POINT('',(19.431754515177,7.820143949272E-02));
#11145 = CARTESIAN_POINT('',(19.459089270717,8.445978964315E-02));
#11146 = CARTESIAN_POINT('',(19.486220155885,9.017021913707E-02));
#11147 = CARTESIAN_POINT('',(19.513136314284,9.519922142193E-02));
#11148 = CARTESIAN_POINT('',(19.610987790052,0.110694883989));
#11149 = CARTESIAN_POINT('',(19.680558710809,0.116263334191));
#11150 = CARTESIAN_POINT('',(19.748347656926,0.113836636055));
#11151 = CARTESIAN_POINT('',(19.814229279402,0.101750649157));
#11152 = CARTESIAN_POINT('',(19.878142308792,7.901844695702E-02));
#11153 = CARTESIAN_POINT('',(19.940064572074,4.5141846167E-02));
#11154 = CARTESIAN_POINT('',(20.,0.));
#11155 = ( GEOMETRIC_REPRESENTATION_CONTEXT(2) 
PARAMETRIC_REPRESENTATION_CONTEXT() REPRESENTATION_CONTEXT('2D SPACE',''
  ) );
#11156 = PCURVE('',#8490,#11157);
#11157 = DEFINITIONAL_REPRESENTATION('',(#11158),#11185);
#11158 = B_SPLINE_CURVE_WITH_KNOTS('',7,(#11159,#11160,#11161,#11162,
    #11163,#11164,#11165,#11166,#11167,#11168,#11169,#11170,#11171,
    #11172,#11173,#11174,#11175,#11176,#11177,#11178,#11179,#11180,
    #11181,#11182,#11183,#11184),.UNSPECIFIED.,.F.,.F.,(8,6,6,6,8),(0.,
    0.202086518277,0.312033146871,0.499696289999,1.),.UNSPECIFIED.);
#11159 = CARTESIAN_POINT('',(2.,300.71826260943));
#11160 = CARTESIAN_POINT('',(2.002439793087,301.99740920396));
#11161 = CARTESIAN_POINT('',(2.014836949336,303.27652408404));
#11162 = CARTESIAN_POINT('',(2.035829953939,304.5555324192));
#11163 = CARTESIAN_POINT('',(2.064011052524,305.83439176912));
#11164 = CARTESIAN_POINT('',(2.097956718393,307.11309133963));
#11165 = CARTESIAN_POINT('',(2.136258119752,308.39165123865));
#11166 = CARTESIAN_POINT('',(2.200017595755,310.36568282994));
#11167 = CARTESIAN_POINT('',(2.223369092505,311.06121509451));
#11168 = CARTESIAN_POINT('',(2.247386140148,311.75672521287));
#11169 = CARTESIAN_POINT('',(2.271852503922,312.45222022446));
#11170 = CARTESIAN_POINT('',(2.296556616032,313.14770748597));
#11171 = CARTESIAN_POINT('',(2.32129254034,313.84319463639));
#11172 = CARTESIAN_POINT('',(2.387795670371,315.72579975723));
#11173 = CARTESIAN_POINT('',(2.429242487788,316.91292866814));
#11174 = CARTESIAN_POINT('',(2.469208636956,318.10011778259));
#11175 = CARTESIAN_POINT('',(2.506758737859,319.28739752446));
#11176 = CARTESIAN_POINT('',(2.541021314822,320.47478701917));
#11177 = CARTESIAN_POINT('',(2.571195328532,321.66229385919));
#11178 = CARTESIAN_POINT('',(2.664169303934,326.01606939374));
#11179 = CARTESIAN_POINT('',(2.697580005146,329.18327412252));
#11180 = CARTESIAN_POINT('',(2.683019816332,332.35096307254));
#11181 = CARTESIAN_POINT('',(2.610503894941,335.51814419911));
#11182 = CARTESIAN_POINT('',(2.474110681742,338.68338864414));
#11183 = CARTESIAN_POINT('',(2.270851077002,341.84480087635));
#11184 = CARTESIAN_POINT('',(2.,344.99999999999));
#11185 = ( GEOMETRIC_REPRESENTATION_CONTEXT(2) 
PARAMETRIC_REPRESENTATION_CONTEXT() REPRESENTATION_CONTEXT('2D SPACE',''
  ) );
#11186 = ORIENTED_EDGE('',*,*,#8501,.T.);
#11187 = ADVANCED_FACE('',(#11188),#5213,.T.);
#11188 = FACE_BOUND('',#11189,.T.);
#11189 = EDGE_LOOP('',(#11190,#11232,#11233,#11323));
#11190 = ORIENTED_EDGE('',*,*,#11191,.F.);
#11191 = EDGE_CURVE('',#8195,#5172,#11192,.T.);
#11192 = SURFACE_CURVE('',#11193,(#11204,#11218),.PCURVE_S1.);
#11193 = B_SPLINE_CURVE_WITH_KNOTS('',5,(#11194,#11195,#11196,#11197,
    #11198,#11199,#11200,#11201,#11202,#11203),.UNSPECIFIED.,.F.,.F.,(6,
    4,6),(0.,0.581816404292,1.),.UNSPECIFIED.);
#11194 = CARTESIAN_POINT('',(-120.9167110153,-43.,2.));
#11195 = CARTESIAN_POINT('',(-120.7397480483,-43.,2.701202124253));
#11196 = CARTESIAN_POINT('',(-120.5598800182,-43.,3.401689337338));
#11197 = CARTESIAN_POINT('',(-120.3768620221,-43.,4.101386400554));
#11198 = CARTESIAN_POINT('',(-120.1904059536,-43.,4.800197908988));
#11199 = CARTESIAN_POINT('',(-119.8633944237,-43.,5.999547616035));
#11200 = CARTESIAN_POINT('',(-119.7246781774,-43.,6.500573660187));
#11201 = CARTESIAN_POINT('',(-119.5838600419,-43.,7.001031010409));
#11202 = CARTESIAN_POINT('',(-119.4407831639,-43.,7.500863166596));
#11203 = CARTESIAN_POINT('',(-119.2952576636,-43.,8.));
#11204 = PCURVE('',#5213,#11205);
#11205 = DEFINITIONAL_REPRESENTATION('',(#11206),#11217);
#11206 = B_SPLINE_CURVE_WITH_KNOTS('',5,(#11207,#11208,#11209,#11210,
    #11211,#11212,#11213,#11214,#11215,#11216),.UNSPECIFIED.,.F.,.F.,(6,
    4,6),(0.,0.581816404292,1.),.UNSPECIFIED.);
#11207 = CARTESIAN_POINT('',(16.224154173014,0.));
#11208 = CARTESIAN_POINT('',(16.229526781198,0.116867020709));
#11209 = CARTESIAN_POINT('',(16.235027600033,0.233614889556));
#11210 = CARTESIAN_POINT('',(16.240666409034,0.350231066759));
#11211 = CARTESIAN_POINT('',(16.24645465381,0.466699651498));
#11212 = CARTESIAN_POINT('',(16.256684837921,0.666591269339));
#11213 = CARTESIAN_POINT('',(16.261047573333,0.750095610031));
#11214 = CARTESIAN_POINT('',(16.2655003135,0.833505168401));
#11215 = CARTESIAN_POINT('',(16.270049196075,0.916810527766));
#11216 = CARTESIAN_POINT('',(16.274701593535,1.));
#11217 = ( GEOMETRIC_REPRESENTATION_CONTEXT(2) 
PARAMETRIC_REPRESENTATION_CONTEXT() REPRESENTATION_CONTEXT('2D SPACE',''
  ) );
#11218 = PCURVE('',#5672,#11219);
#11219 = DEFINITIONAL_REPRESENTATION('',(#11220),#11231);
#11220 = B_SPLINE_CURVE_WITH_KNOTS('',5,(#11221,#11222,#11223,#11224,
    #11225,#11226,#11227,#11228,#11229,#11230),.UNSPECIFIED.,.F.,.F.,(6,
    4,6),(0.,0.581816404292,1.),.UNSPECIFIED.);
#11221 = CARTESIAN_POINT('',(1.,29.083288984624));
#11222 = CARTESIAN_POINT('',(1.701202124253,29.260251951601));
#11223 = CARTESIAN_POINT('',(2.401689337338,29.44011998172));
#11224 = CARTESIAN_POINT('',(3.101386400554,29.623137977877));
#11225 = CARTESIAN_POINT('',(3.800197908988,29.809594046317));
#11226 = CARTESIAN_POINT('',(4.999547616035,30.136605576275));
#11227 = CARTESIAN_POINT('',(5.500573660187,30.27532182258));
#11228 = CARTESIAN_POINT('',(6.001031010409,30.416139958064));
#11229 = CARTESIAN_POINT('',(6.500863166596,30.55921683601));
#11230 = CARTESIAN_POINT('',(7.,30.704742336309));
#11231 = ( GEOMETRIC_REPRESENTATION_CONTEXT(2) 
PARAMETRIC_REPRESENTATION_CONTEXT() REPRESENTATION_CONTEXT('2D SPACE',''
  ) );
#11232 = ORIENTED_EDGE('',*,*,#8215,.T.);
#11233 = ORIENTED_EDGE('',*,*,#11234,.T.);
#11234 = EDGE_CURVE('',#8216,#5174,#11235,.T.);
#11235 = SURFACE_CURVE('',#11236,(#11263,#11293),.PCURVE_S1.);
#11236 = B_SPLINE_CURVE_WITH_KNOTS('',7,(#11237,#11238,#11239,#11240,
    #11241,#11242,#11243,#11244,#11245,#11246,#11247,#11248,#11249,
    #11250,#11251,#11252,#11253,#11254,#11255,#11256,#11257,#11258,
    #11259,#11260,#11261,#11262),.UNSPECIFIED.,.F.,.F.,(8,6,6,6,8),(0.,
    0.262018399137,0.54547670885,0.755404343785,1.),.UNSPECIFIED.);
#11237 = CARTESIAN_POINT('',(-117.0517067042,-45.,2.));
#11238 = CARTESIAN_POINT('',(-116.9103826008,-45.,2.285547505348));
#11239 = CARTESIAN_POINT('',(-116.7656398105,-45.,2.569435053759));
#11240 = CARTESIAN_POINT('',(-116.6172058221,-45.,2.851489757348));
#11241 = CARTESIAN_POINT('',(-116.4647762661,-45.,3.131486901863));
#11242 = CARTESIAN_POINT('',(-116.3080079134,-45.,3.40914627026));
#11243 = CARTESIAN_POINT('',(-116.1465011687,-45.,3.68412272838));
#11244 = CARTESIAN_POINT('',(-115.7994001752,-45.,4.250105309028));
#11245 = CARTESIAN_POINT('',(-115.6129564028,-45.,4.540515861617));
#11246 = CARTESIAN_POINT('',(-115.4197942805,-45.,4.826751965333));
#11247 = CARTESIAN_POINT('',(-115.2192104529,-45.,5.108108887522));
#11248 = CARTESIAN_POINT('',(-115.0104294271,-45.,5.383637793807));
#11249 = CARTESIAN_POINT('',(-114.7925552858,-45.,5.652111329484));
#11250 = CARTESIAN_POINT('',(-114.3955867445,-45.,6.104411026218));
#11251 = CARTESIAN_POINT('',(-114.2211443391,-45.,6.292071667632));
#11252 = CARTESIAN_POINT('',(-114.0407137472,-45.,6.474323853372));
#11253 = CARTESIAN_POINT('',(-113.8538771357,-45.,6.650341854474));
#11254 = CARTESIAN_POINT('',(-113.6602491168,-45.,6.819097448076));
#11255 = CARTESIAN_POINT('',(-113.4595027721,-45.,6.979388096749));
#11256 = CARTESIAN_POINT('',(-113.0089756307,-45.,7.305252821613));
#11257 = CARTESIAN_POINT('',(-112.756427455,-45.,7.467433289916));
#11258 = CARTESIAN_POINT('',(-112.4937588431,-45.,7.614066754796));
#11259 = CARTESIAN_POINT('',(-112.2213030644,-45.,7.742647896817));
#11260 = CARTESIAN_POINT('',(-111.9398663074,-45.,7.850784394362));
#11261 = CARTESIAN_POINT('',(-111.6509757025,-45.,7.936735004367));
#11262 = CARTESIAN_POINT('',(-111.3571767827,-45.,8.));
#11263 = PCURVE('',#5213,#11264);
#11264 = DEFINITIONAL_REPRESENTATION('',(#11265),#11292);
#11265 = B_SPLINE_CURVE_WITH_KNOTS('',7,(#11266,#11267,#11268,#11269,
    #11270,#11271,#11272,#11273,#11274,#11275,#11276,#11277,#11278,
    #11279,#11280,#11281,#11282,#11283,#11284,#11285,#11286,#11287,
    #11288,#11289,#11290,#11291),.UNSPECIFIED.,.F.,.F.,(8,6,6,6,8),(0.,
    0.262018399137,0.54547670885,0.755404343785,1.),.UNSPECIFIED.);
#11266 = CARTESIAN_POINT('',(16.404306111903,0.));
#11267 = CARTESIAN_POINT('',(16.409175707662,4.759125089138E-02));
#11268 = CARTESIAN_POINT('',(16.414174933802,9.490584229315E-02));
#11269 = CARTESIAN_POINT('',(16.419313509105,0.141914959558));
#11270 = CARTESIAN_POINT('',(16.424602248178,0.188581150311));
#11271 = CARTESIAN_POINT('',(16.430053289342,0.23485771171));
#11272 = CARTESIAN_POINT('',(16.435680665944,0.280687121397));
#11273 = CARTESIAN_POINT('',(16.447798048801,0.375017551505));
#11274 = CARTESIAN_POINT('',(16.454319561369,0.423419310269));
#11275 = CARTESIAN_POINT('',(16.461088255666,0.471125327556));
#11276 = CARTESIAN_POINT('',(16.468128418158,0.51801814792));
#11277 = CARTESIAN_POINT('',(16.47546655226,0.563939632301));
#11278 = CARTESIAN_POINT('',(16.483132770071,0.608685221581));
#11279 = CARTESIAN_POINT('',(16.497110401646,0.68406850437));
#11280 = CARTESIAN_POINT('',(16.503255605912,0.715345277939));
#11281 = CARTESIAN_POINT('',(16.509613529177,0.745720642229));
#11282 = CARTESIAN_POINT('',(16.516197488801,0.775056975746));
#11283 = CARTESIAN_POINT('',(16.523019146903,0.803182908013));
#11284 = CARTESIAN_POINT('',(16.530087424888,0.829898016125));
#11285 = CARTESIAN_POINT('',(16.545934347562,0.884208803602));
#11286 = CARTESIAN_POINT('',(16.554807763033,0.911238881653));
#11287 = CARTESIAN_POINT('',(16.564021959387,0.935677792466));
#11288 = CARTESIAN_POINT('',(16.573558298987,0.957107982803));
#11289 = CARTESIAN_POINT('',(16.583379976433,0.975130732394));
#11290 = CARTESIAN_POINT('',(16.593423865441,0.989455834061));
#11291 = CARTESIAN_POINT('',(16.603593434165,1.));
#11292 = ( GEOMETRIC_REPRESENTATION_CONTEXT(2) 
PARAMETRIC_REPRESENTATION_CONTEXT() REPRESENTATION_CONTEXT('2D SPACE',''
  ) );
#11293 = PCURVE('',#5299,#11294);
#11294 = DEFINITIONAL_REPRESENTATION('',(#11295),#11322);
#11295 = B_SPLINE_CURVE_WITH_KNOTS('',7,(#11296,#11297,#11298,#11299,
    #11300,#11301,#11302,#11303,#11304,#11305,#11306,#11307,#11308,
    #11309,#11310,#11311,#11312,#11313,#11314,#11315,#11316,#11317,
    #11318,#11319,#11320,#11321),.UNSPECIFIED.,.F.,.F.,(8,6,6,6,8),(0.,
    0.262018399137,0.54547670885,0.755404343785,1.),.UNSPECIFIED.);
#11296 = CARTESIAN_POINT('',(2.,182.94829329572));
#11297 = CARTESIAN_POINT('',(2.285547505348,183.0896173991));
#11298 = CARTESIAN_POINT('',(2.569435053759,183.23436018941));
#11299 = CARTESIAN_POINT('',(2.851489757348,183.38279417783));
#11300 = CARTESIAN_POINT('',(3.131486901863,183.53522373388));
#11301 = CARTESIAN_POINT('',(3.40914627026,183.69199208659));
#11302 = CARTESIAN_POINT('',(3.68412272838,183.85349883127));
#11303 = CARTESIAN_POINT('',(4.250105309028,184.20059982476));
#11304 = CARTESIAN_POINT('',(4.540515861617,184.38704359716));
#11305 = CARTESIAN_POINT('',(4.826751965333,184.58020571942));
#11306 = CARTESIAN_POINT('',(5.108108887522,184.78078954703));
#11307 = CARTESIAN_POINT('',(5.383637793807,184.9895705728));
#11308 = CARTESIAN_POINT('',(5.652111329484,185.20744471417));
#11309 = CARTESIAN_POINT('',(6.104411026218,185.60441325545));
#11310 = CARTESIAN_POINT('',(6.292071667632,185.77885566083));
#11311 = CARTESIAN_POINT('',(6.474323853372,185.9592862527));
#11312 = CARTESIAN_POINT('',(6.650341854474,186.14612286427));
#11313 = CARTESIAN_POINT('',(6.819097448076,186.33975088318));
#11314 = CARTESIAN_POINT('',(6.979388096749,186.54049722781));
#11315 = CARTESIAN_POINT('',(7.305252821613,186.99102436924));
#11316 = CARTESIAN_POINT('',(7.467433289916,187.24357254498));
#11317 = CARTESIAN_POINT('',(7.614066754796,187.50624115686));
#11318 = CARTESIAN_POINT('',(7.742647896817,187.77869693554));
#11319 = CARTESIAN_POINT('',(7.850784394362,188.06013369256));
#11320 = CARTESIAN_POINT('',(7.936735004367,188.34902429741));
#11321 = CARTESIAN_POINT('',(8.,188.64282321724));
#11322 = ( GEOMETRIC_REPRESENTATION_CONTEXT(2) 
PARAMETRIC_REPRESENTATION_CONTEXT() REPRESENTATION_CONTEXT('2D SPACE',''
  ) );
#11323 = ORIENTED_EDGE('',*,*,#5171,.F.);
#11324 = ADVANCED_FACE('',(#11325),#5672,.T.);
#11325 = FACE_BOUND('',#11326,.T.);
#11326 = EDGE_LOOP('',(#11327,#11328,#11329,#11330));
#11327 = ORIENTED_EDGE('',*,*,#8823,.F.);
#11328 = ORIENTED_EDGE('',*,*,#8194,.T.);
#11329 = ORIENTED_EDGE('',*,*,#11191,.T.);
#11330 = ORIENTED_EDGE('',*,*,#5600,.T.);
#11331 = ADVANCED_FACE('',(#11332),#5490,.T.);
#11332 = FACE_BOUND('',#11333,.T.);
#11333 = EDGE_LOOP('',(#11334,#11335,#11336,#11337,#11338,#11359));
#11334 = ORIENTED_EDGE('',*,*,#8650,.F.);
#11335 = ORIENTED_EDGE('',*,*,#5392,.F.);
#11336 = ORIENTED_EDGE('',*,*,#8574,.T.);
#11337 = ORIENTED_EDGE('',*,*,#7531,.T.);
#11338 = ORIENTED_EDGE('',*,*,#11339,.T.);
#11339 = EDGE_CURVE('',#7532,#11340,#11342,.T.);
#11340 = VERTEX_POINT('',#11341);
#11341 = CARTESIAN_POINT('',(89.,-41.,13.));
#11342 = SURFACE_CURVE('',#11343,(#11347,#11353),.PCURVE_S1.);
#11343 = LINE('',#11344,#11345);
#11344 = CARTESIAN_POINT('',(89.,-42.5,13.));
#11345 = VECTOR('',#11346,1.);
#11346 = DIRECTION('',(0.,-1.,0.));
#11347 = PCURVE('',#5490,#11348);
#11348 = DEFINITIONAL_REPRESENTATION('',(#11349),#11352);
#11349 = B_SPLINE_CURVE_WITH_KNOTS('',1,(#11350,#11351),.UNSPECIFIED.,
  .F.,.F.,(2,2),(-4.123785565514,-1.5),.PIECEWISE_BEZIER_KNOTS.);
#11350 = CARTESIAN_POINT('',(41.,5.623785565514));
#11351 = CARTESIAN_POINT('',(41.,3.));
#11352 = ( GEOMETRIC_REPRESENTATION_CONTEXT(2) 
PARAMETRIC_REPRESENTATION_CONTEXT() REPRESENTATION_CONTEXT('2D SPACE',''
  ) );
#11353 = PCURVE('',#7697,#11354);
#11354 = DEFINITIONAL_REPRESENTATION('',(#11355),#11358);
#11355 = B_SPLINE_CURVE_WITH_KNOTS('',1,(#11356,#11357),.UNSPECIFIED.,
  .F.,.F.,(2,2),(-4.123785565514,-1.5),.PIECEWISE_BEZIER_KNOTS.);
#11356 = CARTESIAN_POINT('',(3.,-2.623785565514));
#11357 = CARTESIAN_POINT('',(3.,0.));
#11358 = ( GEOMETRIC_REPRESENTATION_CONTEXT(2) 
PARAMETRIC_REPRESENTATION_CONTEXT() REPRESENTATION_CONTEXT('2D SPACE',''
  ) );
#11359 = ORIENTED_EDGE('',*,*,#11360,.F.);
#11360 = EDGE_CURVE('',#8651,#11340,#11361,.T.);
#11361 = SURFACE_CURVE('',#11362,(#11366,#11372),.PCURVE_S1.);
#11362 = LINE('',#11363,#11364);
#11363 = CARTESIAN_POINT('',(-20.5,-41.,13.));
#11364 = VECTOR('',#11365,1.);
#11365 = DIRECTION('',(1.,0.,0.));
#11366 = PCURVE('',#5490,#11367);
#11367 = DEFINITIONAL_REPRESENTATION('',(#11368),#11371);
#11368 = B_SPLINE_CURVE_WITH_KNOTS('',1,(#11369,#11370),.UNSPECIFIED.,
  .F.,.F.,(2,2),(68.5,109.5),.PIECEWISE_BEZIER_KNOTS.);
#11369 = CARTESIAN_POINT('',(0.,3.));
#11370 = CARTESIAN_POINT('',(41.,3.));
#11371 = ( GEOMETRIC_REPRESENTATION_CONTEXT(2) 
PARAMETRIC_REPRESENTATION_CONTEXT() REPRESENTATION_CONTEXT('2D SPACE',''
  ) );
#11372 = PCURVE('',#8688,#11373);
#11373 = DEFINITIONAL_REPRESENTATION('',(#11374),#11377);
#11374 = B_SPLINE_CURVE_WITH_KNOTS('',1,(#11375,#11376),.UNSPECIFIED.,
  .F.,.F.,(2,2),(68.5,109.5),.PIECEWISE_BEZIER_KNOTS.);
#11375 = CARTESIAN_POINT('',(3.,137.));
#11376 = CARTESIAN_POINT('',(3.,178.));
#11377 = ( GEOMETRIC_REPRESENTATION_CONTEXT(2) 
PARAMETRIC_REPRESENTATION_CONTEXT() REPRESENTATION_CONTEXT('2D SPACE',''
  ) );
#11378 = ADVANCED_FACE('',(#11379),#5299,.F.);
#11379 = FACE_BOUND('',#11380,.F.);
#11380 = EDGE_LOOP('',(#11381,#11382,#11383,#11384));
#11381 = ORIENTED_EDGE('',*,*,#8286,.T.);
#11382 = ORIENTED_EDGE('',*,*,#11234,.T.);
#11383 = ORIENTED_EDGE('',*,*,#5275,.T.);
#11384 = ORIENTED_EDGE('',*,*,#10819,.F.);
#11385 = ADVANCED_FACE('',(#11386),#7893,.T.);
#11386 = FACE_BOUND('',#11387,.T.);
#11387 = EDGE_LOOP('',(#11388,#11389,#11412,#11433));
#11388 = ORIENTED_EDGE('',*,*,#8797,.F.);
#11389 = ORIENTED_EDGE('',*,*,#11390,.T.);
#11390 = EDGE_CURVE('',#8775,#11391,#11393,.T.);
#11391 = VERTEX_POINT('',#11392);
#11392 = CARTESIAN_POINT('',(89.,-41.,10.));
#11393 = SURFACE_CURVE('',#11394,(#11398,#11405),.PCURVE_S1.);
#11394 = LINE('',#11395,#11396);
#11395 = CARTESIAN_POINT('',(-89.,-41.,10.));
#11396 = VECTOR('',#11397,1.);
#11397 = DIRECTION('',(1.,0.,0.));
#11398 = PCURVE('',#7893,#11399);
#11399 = DEFINITIONAL_REPRESENTATION('',(#11400),#11404);
#11400 = LINE('',#11401,#11402);
#11401 = CARTESIAN_POINT('',(0.,0.));
#11402 = VECTOR('',#11403,1.);
#11403 = DIRECTION('',(1.,0.));
#11404 = ( GEOMETRIC_REPRESENTATION_CONTEXT(2) 
PARAMETRIC_REPRESENTATION_CONTEXT() REPRESENTATION_CONTEXT('2D SPACE',''
  ) );
#11405 = PCURVE('',#8688,#11406);
#11406 = DEFINITIONAL_REPRESENTATION('',(#11407),#11411);
#11407 = LINE('',#11408,#11409);
#11408 = CARTESIAN_POINT('',(0.,0.));
#11409 = VECTOR('',#11410,1.);
#11410 = DIRECTION('',(0.,1.));
#11411 = ( GEOMETRIC_REPRESENTATION_CONTEXT(2) 
PARAMETRIC_REPRESENTATION_CONTEXT() REPRESENTATION_CONTEXT('2D SPACE',''
  ) );
#11412 = ORIENTED_EDGE('',*,*,#11413,.T.);
#11413 = EDGE_CURVE('',#11391,#7678,#11414,.T.);
#11414 = SURFACE_CURVE('',#11415,(#11419,#11426),.PCURVE_S1.);
#11415 = LINE('',#11416,#11417);
#11416 = CARTESIAN_POINT('',(89.,-41.,10.));
#11417 = VECTOR('',#11418,1.);
#11418 = DIRECTION('',(0.,1.,0.));
#11419 = PCURVE('',#7893,#11420);
#11420 = DEFINITIONAL_REPRESENTATION('',(#11421),#11425);
#11421 = LINE('',#11422,#11423);
#11422 = CARTESIAN_POINT('',(178.,0.));
#11423 = VECTOR('',#11424,1.);
#11424 = DIRECTION('',(0.,1.));
#11425 = ( GEOMETRIC_REPRESENTATION_CONTEXT(2) 
PARAMETRIC_REPRESENTATION_CONTEXT() REPRESENTATION_CONTEXT('2D SPACE',''
  ) );
#11426 = PCURVE('',#7697,#11427);
#11427 = DEFINITIONAL_REPRESENTATION('',(#11428),#11432);
#11428 = LINE('',#11429,#11430);
#11429 = CARTESIAN_POINT('',(0.,0.));
#11430 = VECTOR('',#11431,1.);
#11431 = DIRECTION('',(0.,-1.));
#11432 = ( GEOMETRIC_REPRESENTATION_CONTEXT(2) 
PARAMETRIC_REPRESENTATION_CONTEXT() REPRESENTATION_CONTEXT('2D SPACE',''
  ) );
#11433 = ORIENTED_EDGE('',*,*,#7711,.T.);
#11434 = ADVANCED_FACE('',(#11435),#7697,.F.);
#11435 = FACE_BOUND('',#11436,.F.);
#11436 = EDGE_LOOP('',(#11437,#11438,#11459,#11460));
#11437 = ORIENTED_EDGE('',*,*,#11339,.T.);
#11438 = ORIENTED_EDGE('',*,*,#11439,.F.);
#11439 = EDGE_CURVE('',#11391,#11340,#11440,.T.);
#11440 = SURFACE_CURVE('',#11441,(#11445,#11452),.PCURVE_S1.);
#11441 = LINE('',#11442,#11443);
#11442 = CARTESIAN_POINT('',(89.,-41.,10.));
#11443 = VECTOR('',#11444,1.);
#11444 = DIRECTION('',(0.,0.,1.));
#11445 = PCURVE('',#7697,#11446);
#11446 = DEFINITIONAL_REPRESENTATION('',(#11447),#11451);
#11447 = LINE('',#11448,#11449);
#11448 = CARTESIAN_POINT('',(0.,0.));
#11449 = VECTOR('',#11450,1.);
#11450 = DIRECTION('',(1.,0.));
#11451 = ( GEOMETRIC_REPRESENTATION_CONTEXT(2) 
PARAMETRIC_REPRESENTATION_CONTEXT() REPRESENTATION_CONTEXT('2D SPACE',''
  ) );
#11452 = PCURVE('',#8688,#11453);
#11453 = DEFINITIONAL_REPRESENTATION('',(#11454),#11458);
#11454 = LINE('',#11455,#11456);
#11455 = CARTESIAN_POINT('',(0.,178.));
#11456 = VECTOR('',#11457,1.);
#11457 = DIRECTION('',(1.,0.));
#11458 = ( GEOMETRIC_REPRESENTATION_CONTEXT(2) 
PARAMETRIC_REPRESENTATION_CONTEXT() REPRESENTATION_CONTEXT('2D SPACE',''
  ) );
#11459 = ORIENTED_EDGE('',*,*,#11413,.T.);
#11460 = ORIENTED_EDGE('',*,*,#7677,.T.);
#11461 = ADVANCED_FACE('',(#11462),#8090,.F.);
#11462 = FACE_BOUND('',#11463,.F.);
#11463 = EDGE_LOOP('',(#11464,#11465));
#11464 = ORIENTED_EDGE('',*,*,#8073,.T.);
#11465 = ORIENTED_EDGE('',*,*,#10510,.T.);
#11466 = ADVANCED_FACE('',(#11467),#8490,.F.);
#11467 = FACE_BOUND('',#11468,.F.);
#11468 = EDGE_LOOP('',(#11469,#11470));
#11469 = ORIENTED_EDGE('',*,*,#8475,.T.);
#11470 = ORIENTED_EDGE('',*,*,#11097,.T.);
#11471 = ADVANCED_FACE('',(#11472),#8393,.F.);
#11472 = FACE_BOUND('',#11473,.F.);
#11473 = EDGE_LOOP('',(#11474,#11475));
#11474 = ORIENTED_EDGE('',*,*,#8378,.T.);
#11475 = ORIENTED_EDGE('',*,*,#10973,.T.);
#11476 = ADVANCED_FACE('',(#11477),#8688,.T.);
#11477 = FACE_BOUND('',#11478,.T.);
#11478 = EDGE_LOOP('',(#11479,#11480,#11481,#11482,#11483,#11484));
#11479 = ORIENTED_EDGE('',*,*,#11439,.F.);
#11480 = ORIENTED_EDGE('',*,*,#11390,.F.);
#11481 = ORIENTED_EDGE('',*,*,#8774,.T.);
#11482 = ORIENTED_EDGE('',*,*,#8747,.T.);
#11483 = ORIENTED_EDGE('',*,*,#8673,.T.);
#11484 = ORIENTED_EDGE('',*,*,#11360,.T.);
#11485 = ADVANCED_FACE('',(#11486),#9058,.T.);
#11486 = FACE_BOUND('',#11487,.T.);
#11487 = EDGE_LOOP('',(#11488,#11489,#11512,#11539,#11540));
#11488 = ORIENTED_EDGE('',*,*,#9125,.T.);
#11489 = ORIENTED_EDGE('',*,*,#11490,.F.);
#11490 = EDGE_CURVE('',#11491,#8931,#11493,.T.);
#11491 = VERTEX_POINT('',#11492);
#11492 = CARTESIAN_POINT('',(-95.,35.,24.));
#11493 = SEAM_CURVE('',#11494,(#11498,#11505),.PCURVE_S1.);
#11494 = LINE('',#11495,#11496);
#11495 = CARTESIAN_POINT('',(-95.,35.,24.));
#11496 = VECTOR('',#11497,1.);
#11497 = DIRECTION('',(0.,0.,1.));
#11498 = PCURVE('',#9058,#11499);
#11499 = DEFINITIONAL_REPRESENTATION('',(#11500),#11504);
#11500 = LINE('',#11501,#11502);
#11501 = CARTESIAN_POINT('',(6.28318530718,-0.));
#11502 = VECTOR('',#11503,1.);
#11503 = DIRECTION('',(0.,1.));
#11504 = ( GEOMETRIC_REPRESENTATION_CONTEXT(2) 
PARAMETRIC_REPRESENTATION_CONTEXT() REPRESENTATION_CONTEXT('2D SPACE',''
  ) );
#11505 = PCURVE('',#9058,#11506);
#11506 = DEFINITIONAL_REPRESENTATION('',(#11507),#11511);
#11507 = LINE('',#11508,#11509);
#11508 = CARTESIAN_POINT('',(0.,-0.));
#11509 = VECTOR('',#11510,1.);
#11510 = DIRECTION('',(0.,1.));
#11511 = ( GEOMETRIC_REPRESENTATION_CONTEXT(2) 
PARAMETRIC_REPRESENTATION_CONTEXT() REPRESENTATION_CONTEXT('2D SPACE',''
  ) );
#11512 = ORIENTED_EDGE('',*,*,#11513,.T.);
#11513 = EDGE_CURVE('',#11491,#11491,#11514,.T.);
#11514 = SURFACE_CURVE('',#11515,(#11520,#11527),.PCURVE_S1.);
#11515 = CIRCLE('',#11516,5.);
#11516 = AXIS2_PLACEMENT_3D('',#11517,#11518,#11519);
#11517 = CARTESIAN_POINT('',(-100.,35.,24.));
#11518 = DIRECTION('',(0.,0.,1.));
#11519 = DIRECTION('',(1.,0.,-0.));
#11520 = PCURVE('',#9058,#11521);
#11521 = DEFINITIONAL_REPRESENTATION('',(#11522),#11526);
#11522 = LINE('',#11523,#11524);
#11523 = CARTESIAN_POINT('',(0.,0.));
#11524 = VECTOR('',#11525,1.);
#11525 = DIRECTION('',(1.,0.));
#11526 = ( GEOMETRIC_REPRESENTATION_CONTEXT(2) 
PARAMETRIC_REPRESENTATION_CONTEXT() REPRESENTATION_CONTEXT('2D SPACE',''
  ) );
#11527 = PCURVE('',#11528,#11533);
#11528 = PLANE('',#11529);
#11529 = AXIS2_PLACEMENT_3D('',#11530,#11531,#11532);
#11530 = CARTESIAN_POINT('',(-100.,35.,24.));
#11531 = DIRECTION('',(0.,0.,1.));
#11532 = DIRECTION('',(1.,0.,-0.));
#11533 = DEFINITIONAL_REPRESENTATION('',(#11534),#11538);
#11534 = CIRCLE('',#11535,5.);
#11535 = AXIS2_PLACEMENT_2D('',#11536,#11537);
#11536 = CARTESIAN_POINT('',(0.,0.));
#11537 = DIRECTION('',(1.,0.));
#11538 = ( GEOMETRIC_REPRESENTATION_CONTEXT(2) 
PARAMETRIC_REPRESENTATION_CONTEXT() REPRESENTATION_CONTEXT('2D SPACE',''
  ) );
#11539 = ORIENTED_EDGE('',*,*,#11490,.T.);
#11540 = ORIENTED_EDGE('',*,*,#8930,.T.);
#11541 = ADVANCED_FACE('',(#11542),#9322,.T.);
#11542 = FACE_BOUND('',#11543,.T.);
#11543 = EDGE_LOOP('',(#11544,#11545,#11568,#11595,#11596));
#11544 = ORIENTED_EDGE('',*,*,#9340,.T.);
#11545 = ORIENTED_EDGE('',*,*,#11546,.F.);
#11546 = EDGE_CURVE('',#11547,#9293,#11549,.T.);
#11547 = VERTEX_POINT('',#11548);
#11548 = CARTESIAN_POINT('',(105.,35.,24.));
#11549 = SEAM_CURVE('',#11550,(#11554,#11561),.PCURVE_S1.);
#11550 = LINE('',#11551,#11552);
#11551 = CARTESIAN_POINT('',(105.,35.,24.));
#11552 = VECTOR('',#11553,1.);
#11553 = DIRECTION('',(0.,0.,1.));
#11554 = PCURVE('',#9322,#11555);
#11555 = DEFINITIONAL_REPRESENTATION('',(#11556),#11560);
#11556 = LINE('',#11557,#11558);
#11557 = CARTESIAN_POINT('',(6.28318530718,-0.));
#11558 = VECTOR('',#11559,1.);
#11559 = DIRECTION('',(0.,1.));
#11560 = ( GEOMETRIC_REPRESENTATION_CONTEXT(2) 
PARAMETRIC_REPRESENTATION_CONTEXT() REPRESENTATION_CONTEXT('2D SPACE',''
  ) );
#11561 = PCURVE('',#9322,#11562);
#11562 = DEFINITIONAL_REPRESENTATION('',(#11563),#11567);
#11563 = LINE('',#11564,#11565);
#11564 = CARTESIAN_POINT('',(0.,-0.));
#11565 = VECTOR('',#11566,1.);
#11566 = DIRECTION('',(0.,1.));
#11567 = ( GEOMETRIC_REPRESENTATION_CONTEXT(2) 
PARAMETRIC_REPRESENTATION_CONTEXT() REPRESENTATION_CONTEXT('2D SPACE',''
  ) );
#11568 = ORIENTED_EDGE('',*,*,#11569,.T.);
#11569 = EDGE_CURVE('',#11547,#11547,#11570,.T.);
#11570 = SURFACE_CURVE('',#11571,(#11576,#11583),.PCURVE_S1.);
#11571 = CIRCLE('',#11572,5.);
#11572 = AXIS2_PLACEMENT_3D('',#11573,#11574,#11575);
#11573 = CARTESIAN_POINT('',(100.,35.,24.));
#11574 = DIRECTION('',(0.,0.,1.));
#11575 = DIRECTION('',(1.,0.,-0.));
#11576 = PCURVE('',#9322,#11577);
#11577 = DEFINITIONAL_REPRESENTATION('',(#11578),#11582);
#11578 = LINE('',#11579,#11580);
#11579 = CARTESIAN_POINT('',(0.,0.));
#11580 = VECTOR('',#11581,1.);
#11581 = DIRECTION('',(1.,0.));
#11582 = ( GEOMETRIC_REPRESENTATION_CONTEXT(2) 
PARAMETRIC_REPRESENTATION_CONTEXT() REPRESENTATION_CONTEXT('2D SPACE',''
  ) );
#11583 = PCURVE('',#11584,#11589);
#11584 = PLANE('',#11585);
#11585 = AXIS2_PLACEMENT_3D('',#11586,#11587,#11588);
#11586 = CARTESIAN_POINT('',(100.,35.,24.));
#11587 = DIRECTION('',(0.,0.,1.));
#11588 = DIRECTION('',(1.,0.,-0.));
#11589 = DEFINITIONAL_REPRESENTATION('',(#11590),#11594);
#11590 = CIRCLE('',#11591,5.);
#11591 = AXIS2_PLACEMENT_2D('',#11592,#11593);
#11592 = CARTESIAN_POINT('',(0.,0.));
#11593 = DIRECTION('',(1.,0.));
#11594 = ( GEOMETRIC_REPRESENTATION_CONTEXT(2) 
PARAMETRIC_REPRESENTATION_CONTEXT() REPRESENTATION_CONTEXT('2D SPACE',''
  ) );
#11595 = ORIENTED_EDGE('',*,*,#11546,.T.);
#11596 = ORIENTED_EDGE('',*,*,#9292,.T.);
#11597 = ADVANCED_FACE('',(#11598,#11602),#9784,.T.);
#11598 = FACE_BOUND('',#11599,.T.);
#11599 = EDGE_LOOP('',(#11600,#11601));
#11600 = ORIENTED_EDGE('',*,*,#9887,.F.);
#11601 = ORIENTED_EDGE('',*,*,#9684,.F.);
#11602 = FACE_BOUND('',#11603,.T.);
#11603 = EDGE_LOOP('',(#11604,#11841));
#11604 = ORIENTED_EDGE('',*,*,#11605,.T.);
#11605 = EDGE_CURVE('',#11606,#11608,#11610,.T.);
#11606 = VERTEX_POINT('',#11607);
#11607 = CARTESIAN_POINT('',(-96.,35.,42.526812478844));
#11608 = VERTEX_POINT('',#11609);
#11609 = CARTESIAN_POINT('',(-103.7706792827,36.334907392427,
    41.267599847994));
#11610 = SURFACE_CURVE('',#11611,(#11684,#11760),.PCURVE_S1.);
#11611 = B_SPLINE_CURVE_WITH_KNOTS('',6,(#11612,#11613,#11614,#11615,
    #11616,#11617,#11618,#11619,#11620,#11621,#11622,#11623,#11624,
    #11625,#11626,#11627,#11628,#11629,#11630,#11631,#11632,#11633,
    #11634,#11635,#11636,#11637,#11638,#11639,#11640,#11641,#11642,
    #11643,#11644,#11645,#11646,#11647,#11648,#11649,#11650,#11651,
    #11652,#11653,#11654,#11655,#11656,#11657,#11658,#11659,#11660,
    #11661,#11662,#11663,#11664,#11665,#11666,#11667,#11668,#11669,
    #11670,#11671,#11672,#11673,#11674,#11675,#11676,#11677,#11678,
    #11679,#11680,#11681,#11682,#11683),.UNSPECIFIED.,.F.,.F.,(7,5,5,5,5
    ,5,5,5,5,5,5,5,5,5,7),(0.,0.146323623767,0.22095059607,
    0.269302995438,0.3794170212,0.462610570774,0.497979063055,
    0.54918569938,0.628351316956,0.703195559365,0.748423971383,
    0.844526517388,0.917801118995,0.950184023052,1.),.UNSPECIFIED.);
#11612 = CARTESIAN_POINT('',(-96.,35.,42.526812478844));
#11613 = CARTESIAN_POINT('',(-96.,34.656771545772,42.508149562288));
#11614 = CARTESIAN_POINT('',(-96.03534219688,34.314053640494,
    42.483877554291));
#11615 = CARTESIAN_POINT('',(-96.10582592039,33.976714322183,
    42.454353198339));
#11616 = CARTESIAN_POINT('',(-96.21026924658,33.649223370357,
    42.420040943422));
#11617 = CARTESIAN_POINT('',(-96.34688006101,33.335720504657,
    42.381446588196));
#11618 = CARTESIAN_POINT('',(-96.59792086091,32.889123503452,
    42.317569307099));
#11619 = CARTESIAN_POINT('',(-96.69043099145,32.742881405527,
    42.295027347096));
#11620 = CARTESIAN_POINT('',(-96.79033744952,32.601722662931,
    42.271591859604));
#11621 = CARTESIAN_POINT('',(-96.89728232918,32.466094563543,
    42.24733787944));
#11622 = CARTESIAN_POINT('',(-97.01087694273,32.336408082379,
    42.222341822732));
#11623 = CARTESIAN_POINT('',(-97.20834447847,32.13310680646,
    42.180055552451));
#11624 = CARTESIAN_POINT('',(-97.28860114453,32.055825765222,
    42.163150681938));
#11625 = CARTESIAN_POINT('',(-97.37136221266,31.98129849337,
    42.145987900814));
#11626 = CARTESIAN_POINT('',(-97.45651082262,31.909620236547,
    42.128588387722));
#11627 = CARTESIAN_POINT('',(-97.54392624379,31.840879629639,
    42.110973439183));
#11628 = CARTESIAN_POINT('',(-97.83743551895,31.625490912134,
    42.052607695525));
#11629 = CARTESIAN_POINT('',(-98.05250151212,31.491480906132,
    42.011043891376));
#11630 = CARTESIAN_POINT('',(-98.27720627156,31.374104345614,
    41.96872738675));
#11631 = CARTESIAN_POINT('',(-98.50999694738,31.274143181662,
    41.925912130952));
#11632 = CARTESIAN_POINT('',(-98.74926029987,31.192212883436,
    41.882854132572));
#11633 = CARTESIAN_POINT('',(-99.17771087778,31.080798544034,
    41.807297947753));
#11634 = CARTESIAN_POINT('',(-99.36484427652,31.043388483153,
    41.774790922649));
#11635 = CARTESIAN_POINT('',(-99.55399865191,31.016704630883,
    41.742406239997));
#11636 = CARTESIAN_POINT('',(-99.74444207493,31.000875322916,
    41.710256533533));
#11637 = CARTESIAN_POINT('',(-99.93543203553,30.995968803137,
    41.678455318156));
#11638 = CARTESIAN_POINT('',(-100.2073251325,31.004552401013,
    41.633794809958));
#11639 = CARTESIAN_POINT('',(-100.2883971325,31.009088366997,
    41.620555774357));
#11640 = CARTESIAN_POINT('',(-100.3693744418,31.01560022803,
    41.607409281943));
#11641 = CARTESIAN_POINT('',(-100.4501992427,31.024086424942,
    41.594364160895));
#11642 = CARTESIAN_POINT('',(-100.5308135879,31.034543319182,
    41.581429258992));
#11643 = CARTESIAN_POINT('',(-100.7274843711,31.064949628232,
    41.55005865785));
#11644 = CARTESIAN_POINT('',(-100.843246715,31.087052857589,
    41.531753458777));
#11645 = CARTESIAN_POINT('',(-100.9582698734,31.113257641177,
    41.513724805504));
#11646 = CARTESIAN_POINT('',(-101.0723776542,31.143537058646,
    41.495999635835));
#11647 = CARTESIAN_POINT('',(-101.1853942314,31.177854509007,
    41.478604866269));
#11648 = CARTESIAN_POINT('',(-101.469909858,31.275389854399,
    41.435227404279));
#11649 = CARTESIAN_POINT('',(-101.6396503071,31.344157436085,
    41.409741074886));
#11650 = CARTESIAN_POINT('',(-101.8057147806,31.422293150283,
    41.3852081222));
#11651 = CARTESIAN_POINT('',(-101.9674629294,31.509568471317,
    41.361727015021));
#11652 = CARTESIAN_POINT('',(-102.1242679795,31.605694664846,
    41.339394217351));
#11653 = CARTESIAN_POINT('',(-102.4185155924,31.809229921771,
    41.298363921392));
#11654 = CARTESIAN_POINT('',(-102.556550814,31.91573871057,
    41.279534116641));
#11655 = CARTESIAN_POINT('',(-102.689109117,32.029543703693,
    41.261893267753));
#11656 = CARTESIAN_POINT('',(-102.8156970504,32.150298359234,
    41.245517052202));
#11657 = CARTESIAN_POINT('',(-102.9358481891,32.277606501789,
    41.230476405713));
#11658 = CARTESIAN_POINT('',(-103.1175816302,32.491639866357,
    41.20859366072));
#11659 = CARTESIAN_POINT('',(-103.1835272512,32.574490695408,
    41.200862333491));
#11660 = CARTESIAN_POINT('',(-103.246868026,32.659472481005,
    41.193656736878));
#11661 = CARTESIAN_POINT('',(-103.307513679,32.746480459909,
    41.186990176849));
#11662 = CARTESIAN_POINT('',(-103.3653796139,32.835403880492,
    41.180874898653));
#11663 = CARTESIAN_POINT('',(-103.5372679051,33.118894807505,
    41.163523322929));
#11664 = CARTESIAN_POINT('',(-103.6412501902,33.319796502422,
    41.154263175509));
#11665 = CARTESIAN_POINT('',(-103.7315637227,33.527691633149,
    41.147650034857));
#11666 = CARTESIAN_POINT('',(-103.8076022606,33.741357312674,
    41.143763052462));
#11667 = CARTESIAN_POINT('',(-103.8689068749,33.959496896912,
    41.142652822935));
#11668 = CARTESIAN_POINT('',(-103.9504979722,34.349411628498,
    41.145612267766));
#11669 = CARTESIAN_POINT('',(-103.9770707035,34.519901857968,
    41.14851426542));
#11670 = CARTESIAN_POINT('',(-103.9947960432,34.691593754454,
    41.153043832675));
#11671 = CARTESIAN_POINT('',(-104.0036144289,34.863879228992,
    41.159194857121));
#11672 = CARTESIAN_POINT('',(-104.0035279644,35.036149976138,
    41.166948979568));
#11673 = CARTESIAN_POINT('',(-103.9906526836,35.283656836016,
    41.1803969982));
#11674 = CARTESIAN_POINT('',(-103.9849794604,35.359394298358,
    41.184825780593));
#11675 = CARTESIAN_POINT('',(-103.9775845405,35.434959103856,
    41.189559030745));
#11676 = CARTESIAN_POINT('',(-103.9684754915,35.510299995775,
    41.19459367434));
#11677 = CARTESIAN_POINT('',(-103.9576620587,35.585366354273,
    41.199926202397));
#11678 = CARTESIAN_POINT('',(-103.9259178259,35.775086701054,
    41.2142081039));
#11679 = CARTESIAN_POINT('',(-103.9026740106,35.889297669516,
    41.223559207167));
#11680 = CARTESIAN_POINT('',(-103.8754685176,36.002558882154,
    41.233591545134));
#11681 = CARTESIAN_POINT('',(-103.844355767,36.114693826245,
    41.244288564536));
#11682 = CARTESIAN_POINT('',(-103.8094008007,36.225531695972,
    41.255631594789));
#11683 = CARTESIAN_POINT('',(-103.7706792827,36.334907392427,
    41.267599847994));
#11684 = PCURVE('',#9784,#11685);
#11685 = DEFINITIONAL_REPRESENTATION('',(#11686),#11759);
#11686 = B_SPLINE_CURVE_WITH_KNOTS('',6,(#11687,#11688,#11689,#11690,
    #11691,#11692,#11693,#11694,#11695,#11696,#11697,#11698,#11699,
    #11700,#11701,#11702,#11703,#11704,#11705,#11706,#11707,#11708,
    #11709,#11710,#11711,#11712,#11713,#11714,#11715,#11716,#11717,
    #11718,#11719,#11720,#11721,#11722,#11723,#11724,#11725,#11726,
    #11727,#11728,#11729,#11730,#11731,#11732,#11733,#11734,#11735,
    #11736,#11737,#11738,#11739,#11740,#11741,#11742,#11743,#11744,
    #11745,#11746,#11747,#11748,#11749,#11750,#11751,#11752,#11753,
    #11754,#11755,#11756,#11757,#11758),.UNSPECIFIED.,.F.,.F.,(7,5,5,5,5
    ,5,5,5,5,5,5,5,5,5,7),(0.,0.146323623767,0.22095059607,
    0.269302995438,0.3794170212,0.462610570774,0.497979063055,
    0.54918569938,0.628351316956,0.703195559365,0.748423971383,
    0.844526517388,0.917801118995,0.950184023052,1.),.UNSPECIFIED.);
#11687 = CARTESIAN_POINT('',(15.282241097472,0.46056770657));
#11688 = CARTESIAN_POINT('',(15.288878205697,0.459012463524));
#11689 = CARTESIAN_POINT('',(15.294754099994,0.456989796191));
#11690 = CARTESIAN_POINT('',(15.299770577503,0.454529433195));
#11691 = CARTESIAN_POINT('',(15.30386176786,0.451670078618));
#11692 = CARTESIAN_POINT('',(15.306987062107,0.44845388235));
#11693 = CARTESIAN_POINT('',(15.310227897697,0.443130775592));
#11694 = CARTESIAN_POINT('',(15.311067963462,0.441252278925));
#11695 = CARTESIAN_POINT('',(15.311651743327,0.439299321634));
#11696 = CARTESIAN_POINT('',(15.311979262227,0.43727815662));
#11697 = CARTESIAN_POINT('',(15.312052137193,0.435195151894));
#11698 = CARTESIAN_POINT('',(15.311757589751,0.431671296038));
#11699 = CARTESIAN_POINT('',(15.311536149209,0.430262556828));
#11700 = CARTESIAN_POINT('',(15.311209913401,0.428832325068));
#11701 = CARTESIAN_POINT('',(15.310779946515,0.427382365643));
#11702 = CARTESIAN_POINT('',(15.310247540303,0.425914453265));
#11703 = CARTESIAN_POINT('',(15.308171925785,0.421050641294));
#11704 = CARTESIAN_POINT('',(15.306206196633,0.417586990948));
#11705 = CARTESIAN_POINT('',(15.303734846202,0.414060615563));
#11706 = CARTESIAN_POINT('',(15.300781267162,0.410492677579));
#11707 = CARTESIAN_POINT('',(15.297372859443,0.406904511048));
#11708 = CARTESIAN_POINT('',(15.290645571601,0.400608162313));
#11709 = CARTESIAN_POINT('',(15.287508451972,0.397899243554));
#11710 = CARTESIAN_POINT('',(15.28414282353,0.39520052));
#11711 = CARTESIAN_POINT('',(15.280563096633,0.392521377794));
#11712 = CARTESIAN_POINT('',(15.27678460129,0.389871276513));
#11713 = CARTESIAN_POINT('',(15.271139486329,0.386149567496));
#11714 = CARTESIAN_POINT('',(15.269422470989,0.38504631453));
#11715 = CARTESIAN_POINT('',(15.267673686043,0.383950773495));
#11716 = CARTESIAN_POINT('',(15.265894395006,0.382863680075));
#11717 = CARTESIAN_POINT('',(15.264085885291,0.381785771583));
#11718 = CARTESIAN_POINT('',(15.259590696662,0.379171554821));
#11719 = CARTESIAN_POINT('',(15.256873423055,0.377646121565));
#11720 = CARTESIAN_POINT('',(15.254101630832,0.376143733792));
#11721 = CARTESIAN_POINT('',(15.25127939442,0.37466663632));
#11722 = CARTESIAN_POINT('',(15.248410879236,0.373217072189));
#11723 = CARTESIAN_POINT('',(15.24100064167,0.36960228369));
#11724 = CARTESIAN_POINT('',(15.236400445792,0.367478422907));
#11725 = CARTESIAN_POINT('',(15.231715573612,0.365434010183));
#11726 = CARTESIAN_POINT('',(15.226962183344,0.363477251252));
#11727 = CARTESIAN_POINT('',(15.222156841337,0.361616184779));
#11728 = CARTESIAN_POINT('',(15.212740554148,0.358196993449));
#11729 = CARTESIAN_POINT('',(15.208133221583,0.356627843053));
#11730 = CARTESIAN_POINT('',(15.20350904817,0.355157772313));
#11731 = CARTESIAN_POINT('',(15.19888257537,0.353793087684));
#11732 = CARTESIAN_POINT('',(15.194268495612,0.352539700476));
#11733 = CARTESIAN_POINT('',(15.186909923047,0.350716138393));
#11734 = CARTESIAN_POINT('',(15.184148076424,0.350071861124));
#11735 = CARTESIAN_POINT('',(15.181399452141,0.34947139474));
#11736 = CARTESIAN_POINT('',(15.178667313952,0.348915848071));
#11737 = CARTESIAN_POINT('',(15.175954913475,0.348406241554));
#11738 = CARTESIAN_POINT('',(15.167550931284,0.346960276911));
#11739 = CARTESIAN_POINT('',(15.161939755997,0.346188597959));
#11740 = CARTESIAN_POINT('',(15.156463689979,0.345637502905));
#11741 = CARTESIAN_POINT('',(15.15115275843,0.345313587705));
#11742 = CARTESIAN_POINT('',(15.146035812147,0.345221068578));
#11743 = CARTESIAN_POINT('',(15.137407763423,0.34546768898));
#11744 = CARTESIAN_POINT('',(15.133803711571,0.345709522118));
#11745 = CARTESIAN_POINT('',(15.130340303521,0.346086986056));
#11746 = CARTESIAN_POINT('',(15.127028667351,0.346599571427));
#11747 = CARTESIAN_POINT('',(15.123879021061,0.347245748297));
#11748 = CARTESIAN_POINT('',(15.119584509759,0.348366416517));
#11749 = CARTESIAN_POINT('',(15.118301742139,0.348735481716));
#11750 = CARTESIAN_POINT('',(15.117053226907,0.349129919229));
#11751 = CARTESIAN_POINT('',(15.11583972047,0.349549472862));
#11752 = CARTESIAN_POINT('',(15.114661937766,0.3499938502));
#11753 = CARTESIAN_POINT('',(15.111764711174,0.351184008658));
#11754 = CARTESIAN_POINT('',(15.110095000868,0.351963267264));
#11755 = CARTESIAN_POINT('',(15.108513871845,0.352799295428));
#11756 = CARTESIAN_POINT('',(15.107023532069,0.353690713711));
#11757 = CARTESIAN_POINT('',(15.105625946972,0.354635966232));
#11758 = CARTESIAN_POINT('',(15.104322839456,0.355633320666));
#11759 = ( GEOMETRIC_REPRESENTATION_CONTEXT(2) 
PARAMETRIC_REPRESENTATION_CONTEXT() REPRESENTATION_CONTEXT('2D SPACE',''
  ) );
#11760 = PCURVE('',#11761,#11766);
#11761 = CYLINDRICAL_SURFACE('',#11762,4.);
#11762 = AXIS2_PLACEMENT_3D('',#11763,#11764,#11765);
#11763 = CARTESIAN_POINT('',(-100.,35.,27.));
#11764 = DIRECTION('',(0.,0.,1.));
#11765 = DIRECTION('',(1.,0.,-0.));
#11766 = DEFINITIONAL_REPRESENTATION('',(#11767),#11840);
#11767 = B_SPLINE_CURVE_WITH_KNOTS('',6,(#11768,#11769,#11770,#11771,
    #11772,#11773,#11774,#11775,#11776,#11777,#11778,#11779,#11780,
    #11781,#11782,#11783,#11784,#11785,#11786,#11787,#11788,#11789,
    #11790,#11791,#11792,#11793,#11794,#11795,#11796,#11797,#11798,
    #11799,#11800,#11801,#11802,#11803,#11804,#11805,#11806,#11807,
    #11808,#11809,#11810,#11811,#11812,#11813,#11814,#11815,#11816,
    #11817,#11818,#11819,#11820,#11821,#11822,#11823,#11824,#11825,
    #11826,#11827,#11828,#11829,#11830,#11831,#11832,#11833,#11834,
    #11835,#11836,#11837,#11838,#11839),.UNSPECIFIED.,.F.,.F.,(7,5,5,5,5
    ,5,5,5,5,5,5,5,5,5,7),(0.,0.146323623767,0.22095059607,
    0.269302995438,0.3794170212,0.462610570774,0.497979063055,
    0.54918569938,0.628351316956,0.703195559365,0.748423971383,
    0.844526517388,0.917801118995,0.950184023052,1.),.UNSPECIFIED.);
#11768 = CARTESIAN_POINT('',(6.28318530718,15.526812478844));
#11769 = CARTESIAN_POINT('',(6.197378193623,15.508149562288));
#11770 = CARTESIAN_POINT('',(6.111698949166,15.483877554291));
#11771 = CARTESIAN_POINT('',(6.026225731101,15.454353198339));
#11772 = CARTESIAN_POINT('',(5.940961656288,15.420040943422));
#11773 = CARTESIAN_POINT('',(5.855905304104,15.381446588196));
#11774 = CARTESIAN_POINT('',(5.727825650007,15.317569307099));
#11775 = CARTESIAN_POINT('',(5.684622513625,15.295027347096));
#11776 = CARTESIAN_POINT('',(5.64147537245,15.271591859604));
#11777 = CARTESIAN_POINT('',(5.598381817592,15.24733787944));
#11778 = CARTESIAN_POINT('',(5.555338531252,15.222341822732));
#11779 = CARTESIAN_POINT('',(5.484484439778,15.180055552451));
#11780 = CARTESIAN_POINT('',(5.456646074271,15.163150681938));
#11781 = CARTESIAN_POINT('',(5.428826351718,15.145987900814));
#11782 = CARTESIAN_POINT('',(5.401024117909,15.128588387722));
#11783 = CARTESIAN_POINT('',(5.373238104681,15.110973439183));
#11784 = CARTESIAN_POINT('',(5.282222998024,15.052607695525));
#11785 = CARTESIAN_POINT('',(5.219054854641,15.011043891376));
#11786 = CARTESIAN_POINT('',(5.155948776998,14.96872738675));
#11787 = CARTESIAN_POINT('',(5.092883899442,14.925912130952));
#11788 = CARTESIAN_POINT('',(5.029838512251,14.882854132572));
#11789 = CARTESIAN_POINT('',(4.919163579245,14.807297947753));
#11790 = CARTESIAN_POINT('',(4.871532287866,14.774790922649));
#11791 = CARTESIAN_POINT('',(4.823892387564,14.742406239997));
#11792 = CARTESIAN_POINT('',(4.776234503533,14.710256533533));
#11793 = CARTESIAN_POINT('',(4.728549495174,14.678455318156));
#11794 = CARTESIAN_POINT('',(4.660542356587,14.633794809958));
#11795 = CARTESIAN_POINT('',(4.64024867166,14.620555774357));
#11796 = CARTESIAN_POINT('',(4.619948022043,14.607409281943));
#11797 = CARTESIAN_POINT('',(4.599639799508,14.594364160895));
#11798 = CARTESIAN_POINT('',(4.579323420037,14.581429258992));
#11799 = CARTESIAN_POINT('',(4.529571572953,14.55005865785));
#11800 = CARTESIAN_POINT('',(4.500126533726,14.531753458777));
#11801 = CARTESIAN_POINT('',(4.470661518734,14.513724805504));
#11802 = CARTESIAN_POINT('',(4.441174997635,14.495999635835));
#11803 = CARTESIAN_POINT('',(4.411665597138,14.478604866269));
#11804 = CARTESIAN_POINT('',(4.336473224956,14.435227404279));
#11805 = CARTESIAN_POINT('',(4.290756236366,14.409741074886));
#11806 = CARTESIAN_POINT('',(4.244977815185,14.3852081222));
#11807 = CARTESIAN_POINT('',(4.199134279676,14.361727015021));
#11808 = CARTESIAN_POINT('',(4.153223301043,14.339394217351));
#11809 = CARTESIAN_POINT('',(4.063777696585,14.298363921392));
#11810 = CARTESIAN_POINT('',(4.020249250766,14.279534116641));
#11811 = CARTESIAN_POINT('',(3.976661440091,14.261893267753));
#11812 = CARTESIAN_POINT('',(3.933014998302,14.245517052202));
#11813 = CARTESIAN_POINT('',(3.889312024769,14.230476405713));
#11814 = CARTESIAN_POINT('',(3.819117061995,14.20859366072));
#11815 = CARTESIAN_POINT('',(3.792657433281,14.200862333491));
#11816 = CARTESIAN_POINT('',(3.766179850685,14.193656736878));
#11817 = CARTESIAN_POINT('',(3.739685449461,14.186990176849));
#11818 = CARTESIAN_POINT('',(3.713175539142,14.180874898653));
#11819 = CARTESIAN_POINT('',(3.630292831976,14.163523322929));
#11820 = CARTESIAN_POINT('',(3.573867369458,14.154263175509));
#11821 = CARTESIAN_POINT('',(3.517396267034,14.147650034857));
#11822 = CARTESIAN_POINT('',(3.460893915236,14.143763052462));
#11823 = CARTESIAN_POINT('',(3.404376102042,14.142652822935));
#11824 = CARTESIAN_POINT('',(3.304786128568,14.145612267766));
#11825 = CARTESIAN_POINT('',(3.261706523273,14.14851426542));
#11826 = CARTESIAN_POINT('',(3.218641932846,14.153043832675));
#11827 = CARTESIAN_POINT('',(3.175600449309,14.159194857121));
#11828 = CARTESIAN_POINT('',(3.132589786883,14.166948979568));
#11829 = CARTESIAN_POINT('',(3.070629407132,14.1803969982));
#11830 = CARTESIAN_POINT('',(3.051646935771,14.184825780593));
#11831 = CARTESIAN_POINT('',(3.032672867147,14.189559030745));
#11832 = CARTESIAN_POINT('',(3.013707835676,14.19459367434));
#11833 = CARTESIAN_POINT('',(2.994752434846,14.199926202397));
#11834 = CARTESIAN_POINT('',(2.94666299584,14.2142081039));
#11835 = CARTESIAN_POINT('',(2.917542832805,14.223559207167));
#11836 = CARTESIAN_POINT('',(2.888448730345,14.233591545134));
#11837 = CARTESIAN_POINT('',(2.859382391967,14.244288564536));
#11838 = CARTESIAN_POINT('',(2.830345222457,14.25563159479));
#11839 = CARTESIAN_POINT('',(2.801338327875,14.267599847994));
#11840 = ( GEOMETRIC_REPRESENTATION_CONTEXT(2) 
PARAMETRIC_REPRESENTATION_CONTEXT() REPRESENTATION_CONTEXT('2D SPACE',''
  ) );
#11841 = ORIENTED_EDGE('',*,*,#11842,.T.);
#11842 = EDGE_CURVE('',#11608,#11606,#11843,.T.);
#11843 = SURFACE_CURVE('',#11844,(#11907,#11973),.PCURVE_S1.);
#11844 = B_SPLINE_CURVE_WITH_KNOTS('',6,(#11845,#11846,#11847,#11848,
    #11849,#11850,#11851,#11852,#11853,#11854,#11855,#11856,#11857,
    #11858,#11859,#11860,#11861,#11862,#11863,#11864,#11865,#11866,
    #11867,#11868,#11869,#11870,#11871,#11872,#11873,#11874,#11875,
    #11876,#11877,#11878,#11879,#11880,#11881,#11882,#11883,#11884,
    #11885,#11886,#11887,#11888,#11889,#11890,#11891,#11892,#11893,
    #11894,#11895,#11896,#11897,#11898,#11899,#11900,#11901,#11902,
    #11903,#11904,#11905,#11906),.UNSPECIFIED.,.F.,.F.,(7,5,5,5,5,5,5,5,
    5,5,5,5,7),(0.,0.119061415128,0.187287839608,0.232188245009,
    0.334457295838,0.458990002801,0.514118528676,0.604102735097,
    0.693703945565,0.749091570168,0.786408093072,0.873930045356,1.),
  .UNSPECIFIED.);
#11845 = CARTESIAN_POINT('',(-103.7706792827,36.334907392427,
    41.267599847994));
#11846 = CARTESIAN_POINT('',(-103.695994751,36.545866907766,
    41.290683741191));
#11847 = CARTESIAN_POINT('',(-103.6072949923,36.751392775416,
    41.316094342779));
#11848 = CARTESIAN_POINT('',(-103.5051232496,36.950294505896,
    41.343682208026));
#11849 = CARTESIAN_POINT('',(-103.390142482,37.141496784089,
    41.373274605859));
#11850 = CARTESIAN_POINT('',(-103.2631148329,37.324030178675,
    41.404679613649));
#11851 = CARTESIAN_POINT('',(-103.0456682515,37.596152231401,
    41.456606458641));
#11852 = CARTESIAN_POINT('',(-102.9627740595,37.692151281772,
    41.476050338654));
#11853 = CARTESIAN_POINT('',(-102.8763559321,37.784857078384,
    41.495983106776));
#11854 = CARTESIAN_POINT('',(-102.7865773872,37.874119170204,
    41.516365002292));
#11855 = CARTESIAN_POINT('',(-102.6936080499,37.959798579458,
    41.537155249029));
#11856 = CARTESIAN_POINT('',(-102.5344554831,38.095712462136,
    41.572235534244));
#11857 = CARTESIAN_POINT('',(-102.4699812887,38.148050222439,
    41.586317818255));
#11858 = CARTESIAN_POINT('',(-102.4042509695,38.198744745389,
    41.600547039617));
#11859 = CARTESIAN_POINT('',(-102.3373152449,38.247761716799,
    41.614911229365));
#11860 = CARTESIAN_POINT('',(-102.2692256532,38.295068845452,
    41.62939831734));
#11861 = CARTESIAN_POINT('',(-102.0424389093,38.444423247681,
    41.677245379162));
#11862 = CARTESIAN_POINT('',(-101.8791284999,38.539183135979,
    41.711069127166));
#11863 = CARTESIAN_POINT('',(-101.7107219133,38.62455766395,
    41.745323675553));
#11864 = CARTESIAN_POINT('',(-101.5378557113,38.700241463238,
    41.779863652785));
#11865 = CARTESIAN_POINT('',(-101.3611832982,38.765979447067,
    41.814543129196));
#11866 = CARTESIAN_POINT('',(-100.9624203133,38.88925046028,
    41.891438665919));
#11867 = CARTESIAN_POINT('',(-100.7388131645,38.941882294903,
    41.933652279874));
#11868 = CARTESIAN_POINT('',(-100.5117620022,38.979087728999,
    41.975594852996));
#11869 = CARTESIAN_POINT('',(-100.2825077036,39.000600209253,
    42.017005576017));
#11870 = CARTESIAN_POINT('',(-100.05232284,39.006267522418,
    42.057628409358));
#11871 = CARTESIAN_POINT('',(-99.72077883778,38.99154176059,
    42.114739233465));
#11872 = CARTESIAN_POINT('',(-99.61911870227,38.983912424218,
    42.132060478868));
#11873 = CARTESIAN_POINT('',(-99.51764494624,38.973169708508,
    42.149157100871));
#11874 = CARTESIAN_POINT('',(-99.4164716297,38.95931619293,
    42.166007931568));
#11875 = CARTESIAN_POINT('',(-99.31571366887,38.942359636505,
    42.182592213958));
#11876 = CARTESIAN_POINT('',(-99.05189037037,38.889591575476,
    42.225491211578));
#11877 = CARTESIAN_POINT('',(-98.8897075691,38.848637102482,
    42.251328709251));
#11878 = CARTESIAN_POINT('',(-98.72944383823,38.799507292931,
    42.276313413321));
#11879 = CARTESIAN_POINT('',(-98.57160607336,38.7422981351,
    42.300360698776));
#11880 = CARTESIAN_POINT('',(-98.41670083353,38.677148532634,
    42.323390715806));
#11881 = CARTESIAN_POINT('',(-98.1144088847,38.531651695212,
    42.36717412548));
#11882 = CARTESIAN_POINT('',(-97.96699031563,38.45136902115,
    42.387937176478));
#11883 = CARTESIAN_POINT('',(-97.82347637565,38.363582215982,
    42.407544595796));
#11884 = CARTESIAN_POINT('',(-97.68435553358,38.268519557028,
    42.425929464183));
#11885 = CARTESIAN_POINT('',(-97.55010192737,38.166456394599,
    42.443032181978));
#11886 = CARTESIAN_POINT('',(-97.34147326383,37.990502563397,
    42.468548675472));
#11887 = CARTESIAN_POINT('',(-97.26380796996,37.920735158409,
    42.477786706764));
#11888 = CARTESIAN_POINT('',(-97.18828393637,37.848493771394,
    42.486502949896));
#11889 = CARTESIAN_POINT('',(-97.11500460335,37.773861791406,
    42.494686556514));
#11890 = CARTESIAN_POINT('',(-97.04406916574,37.696929230281,
    42.502328016292));
#11891 = CARTESIAN_POINT('',(-96.92942409322,37.564475771041,
    42.514196699103));
#11892 = CARTESIAN_POINT('',(-96.88438252701,37.510158340363,
    42.518724452526));
#11893 = CARTESIAN_POINT('',(-96.84047683292,37.454869971461,
    42.522999926743));
#11894 = CARTESIAN_POINT('',(-96.79773481055,37.398641428963,
    42.527020929317));
#11895 = CARTESIAN_POINT('',(-96.75618310049,37.341504701268,
    42.530785565834));
#11896 = CARTESIAN_POINT('',(-96.62124356504,37.147432700517,
    42.542516772538));
#11897 = CARTESIAN_POINT('',(-96.53332627626,37.006556852769,
    42.549322409218));
#11898 = CARTESIAN_POINT('',(-96.45242646609,36.861298126894,
    42.554688321582));
#11899 = CARTESIAN_POINT('',(-96.37883187881,36.712116673299,
    42.558603324968));
#11900 = CARTESIAN_POINT('',(-96.31278548324,36.559499938766,
    42.561065454921));
#11901 = CARTESIAN_POINT('',(-96.17050456893,36.179920403361,
    42.563545156701));
#11902 = CARTESIAN_POINT('',(-96.10258754459,35.949799379126,
    42.562008599828));
#11903 = CARTESIAN_POINT('',(-96.05133038626,35.715151843898,
    42.557491595241));
#11904 = CARTESIAN_POINT('',(-96.01708428532,35.477562816875,
    42.550054948956));
#11905 = CARTESIAN_POINT('',(-96.,35.23863703376,42.539788276723));
#11906 = CARTESIAN_POINT('',(-96.,35.,42.526812478844));
#11907 = PCURVE('',#9784,#11908);
#11908 = DEFINITIONAL_REPRESENTATION('',(#11909),#11972);
#11909 = B_SPLINE_CURVE_WITH_KNOTS('',6,(#11910,#11911,#11912,#11913,
    #11914,#11915,#11916,#11917,#11918,#11919,#11920,#11921,#11922,
    #11923,#11924,#11925,#11926,#11927,#11928,#11929,#11930,#11931,
    #11932,#11933,#11934,#11935,#11936,#11937,#11938,#11939,#11940,
    #11941,#11942,#11943,#11944,#11945,#11946,#11947,#11948,#11949,
    #11950,#11951,#11952,#11953,#11954,#11955,#11956,#11957,#11958,
    #11959,#11960,#11961,#11962,#11963,#11964,#11965,#11966,#11967,
    #11968,#11969,#11970,#11971),.UNSPECIFIED.,.F.,.F.,(7,5,5,5,5,5,5,5,
    5,5,5,5,7),(0.,0.119061415128,0.187287839608,0.232188245009,
    0.334457295838,0.458990002801,0.514118528676,0.604102735097,
    0.693703945565,0.749091570168,0.786408093072,0.873930045356,1.),
  .UNSPECIFIED.);
#11910 = CARTESIAN_POINT('',(15.104322839456,0.355633320666));
#11911 = CARTESIAN_POINT('',(15.101809457242,0.357556978433));
#11912 = CARTESIAN_POINT('',(15.099647494829,0.359674528565));
#11913 = CARTESIAN_POINT('',(15.097849397875,0.361973517335));
#11914 = CARTESIAN_POINT('',(15.096424079794,0.364439550488));
#11915 = CARTESIAN_POINT('',(15.095377296713,0.367056634471));
#11916 = CARTESIAN_POINT('',(15.094330796625,0.371383871553));
#11917 = CARTESIAN_POINT('',(15.094074838212,0.373004194888));
#11918 = CARTESIAN_POINT('',(15.093944685412,0.374665258898));
#11919 = CARTESIAN_POINT('',(15.093940585035,0.376363750191));
#11920 = CARTESIAN_POINT('',(15.094062492489,0.378096270752));
#11921 = CARTESIAN_POINT('',(15.094473005877,0.381019627854));
#11922 = CARTESIAN_POINT('',(15.094690371012,0.382193151521));
#11923 = CARTESIAN_POINT('',(15.094962073486,0.383378919968));
#11924 = CARTESIAN_POINT('',(15.09528796911,0.38457593578));
#11925 = CARTESIAN_POINT('',(15.095667863209,0.385783193112));
#11926 = CARTESIAN_POINT('',(15.097089223522,0.389770448263));
#11927 = CARTESIAN_POINT('',(15.098355805446,0.392589093931));
#11928 = CARTESIAN_POINT('',(15.099898353425,0.395443639629));
#11929 = CARTESIAN_POINT('',(15.101712670992,0.398321971065));
#11930 = CARTESIAN_POINT('',(15.103793231773,0.401211927433));
#11931 = CARTESIAN_POINT('',(15.108982445822,0.407619888827));
#11932 = CARTESIAN_POINT('',(15.11221633939,0.411137689989));
#11933 = CARTESIAN_POINT('',(15.11582232694,0.414632904416));
#11934 = CARTESIAN_POINT('',(15.11978496484,0.418083798001));
#11935 = CARTESIAN_POINT('',(15.124085454176,0.421469034113));
#11936 = CARTESIAN_POINT('',(15.130744559257,0.426228269455));
#11937 = CARTESIAN_POINT('',(15.132849672845,0.427671706572));
#11938 = CARTESIAN_POINT('',(15.135014618653,0.429096425073));
#11939 = CARTESIAN_POINT('',(15.137237293198,0.430500660964));
#11940 = CARTESIAN_POINT('',(15.139515443884,0.431882684497));
#11941 = CARTESIAN_POINT('',(15.145651839548,0.435457600965));
#11942 = CARTESIAN_POINT('',(15.149598443923,0.437610725771));
#11943 = CARTESIAN_POINT('',(15.153675965437,0.439692784443));
#11944 = CARTESIAN_POINT('',(15.15787286226,0.441696724898));
#11945 = CARTESIAN_POINT('',(15.162176492556,0.443615892984));
#11946 = CARTESIAN_POINT('',(15.17095087381,0.447264510457));
#11947 = CARTESIAN_POINT('',(15.175420913106,0.448994764706));
#11948 = CARTESIAN_POINT('',(15.179969467383,0.450628716316));
#11949 = CARTESIAN_POINT('',(15.184581938355,0.452160788682));
#11950 = CARTESIAN_POINT('',(15.18924281956,0.453586015165));
#11951 = CARTESIAN_POINT('',(15.196836631473,0.455712389623));
#11952 = CARTESIAN_POINT('',(15.199749818252,0.456482225564));
#11953 = CARTESIAN_POINT('',(15.202671387596,0.457208579158));
#11954 = CARTESIAN_POINT('',(15.205597393193,0.457890546376));
#11955 = CARTESIAN_POINT('',(15.208523811519,0.458527334691));
#11956 = CARTESIAN_POINT('',(15.213415684457,0.459516391592));
#11957 = CARTESIAN_POINT('',(15.215383157421,0.459893704377));
#11958 = CARTESIAN_POINT('',(15.217347708809,0.460249993895));
#11959 = CARTESIAN_POINT('',(15.219308081186,0.460585077443));
#11960 = CARTESIAN_POINT('',(15.221263011588,0.460898797153));
#11961 = CARTESIAN_POINT('',(15.227780575058,0.461876397711));
#11962 = CARTESIAN_POINT('',(15.232313085778,0.462443534101));
#11963 = CARTESIAN_POINT('',(15.236792276593,0.462890693465));
#11964 = CARTESIAN_POINT('',(15.241201872659,0.463216943747));
#11965 = CARTESIAN_POINT('',(15.245525925225,0.463422121243));
#11966 = CARTESIAN_POINT('',(15.255831895916,0.463628763058));
#11967 = CARTESIAN_POINT('',(15.261705714194,0.463500716652));
#11968 = CARTESIAN_POINT('',(15.267323561869,0.463124299603));
#11969 = CARTESIAN_POINT('',(15.27264313086,0.46250457908));
#11970 = CARTESIAN_POINT('',(15.277626503897,0.46164902306));
#11971 = CARTESIAN_POINT('',(15.282241097472,0.46056770657));
#11972 = ( GEOMETRIC_REPRESENTATION_CONTEXT(2) 
PARAMETRIC_REPRESENTATION_CONTEXT() REPRESENTATION_CONTEXT('2D SPACE',''
  ) );
#11973 = PCURVE('',#11761,#11974);
#11974 = DEFINITIONAL_REPRESENTATION('',(#11975),#12038);
#11975 = B_SPLINE_CURVE_WITH_KNOTS('',6,(#11976,#11977,#11978,#11979,
    #11980,#11981,#11982,#11983,#11984,#11985,#11986,#11987,#11988,
    #11989,#11990,#11991,#11992,#11993,#11994,#11995,#11996,#11997,
    #11998,#11999,#12000,#12001,#12002,#12003,#12004,#12005,#12006,
    #12007,#12008,#12009,#12010,#12011,#12012,#12013,#12014,#12015,
    #12016,#12017,#12018,#12019,#12020,#12021,#12022,#12023,#12024,
    #12025,#12026,#12027,#12028,#12029,#12030,#12031,#12032,#12033,
    #12034,#12035,#12036,#12037),.UNSPECIFIED.,.F.,.F.,(7,5,5,5,5,5,5,5,
    5,5,5,5,7),(0.,0.119061415128,0.187287839608,0.232188245009,
    0.334457295838,0.458990002801,0.514118528676,0.604102735097,
    0.693703945565,0.749091570168,0.786408093072,0.873930045356,1.),
  .UNSPECIFIED.);
#11976 = CARTESIAN_POINT('',(2.801338327875,14.267599847994));
#11977 = CARTESIAN_POINT('',(2.745390977407,14.290683741191));
#11978 = CARTESIAN_POINT('',(2.689554907912,14.316094342779));
#11979 = CARTESIAN_POINT('',(2.633840469046,14.343682208026));
#11980 = CARTESIAN_POINT('',(2.578248172506,14.373274605859));
#11981 = CARTESIAN_POINT('',(2.52277396942,14.404679613649));
#11982 = CARTESIAN_POINT('',(2.435691599165,14.456606458641));
#11983 = CARTESIAN_POINT('',(2.404005750563,14.476050338654));
#11984 = CARTESIAN_POINT('',(2.372355584385,14.495983106776));
#11985 = CARTESIAN_POINT('',(2.340739307009,14.516365002292));
#11986 = CARTESIAN_POINT('',(2.30915472873,14.537155249029));
#11987 = CARTESIAN_POINT('',(2.256832336864,14.572235534244));
#11988 = CARTESIAN_POINT('',(2.236078007327,14.586317818255));
#11989 = CARTESIAN_POINT('',(2.21533552872,14.600547039617));
#11990 = CARTESIAN_POINT('',(2.194604099504,14.614911229365));
#11991 = CARTESIAN_POINT('',(2.17388286304,14.62939831734));
#11992 = CARTESIAN_POINT('',(2.105995564592,14.677245379162));
#11993 = CARTESIAN_POINT('',(2.058868341401,14.711069127166));
#11994 = CARTESIAN_POINT('',(2.011778595866,14.745323675553));
#11995 = CARTESIAN_POINT('',(1.964714233677,14.779863652785));
#11996 = CARTESIAN_POINT('',(1.917662589781,14.814543129196));
#11997 = CARTESIAN_POINT('',(1.813317111662,14.891438665919));
#11998 = CARTESIAN_POINT('',(1.756022887531,14.933652279874));
#11999 = CARTESIAN_POINT('',(1.698706673078,14.975594852996));
#12000 = CARTESIAN_POINT('',(1.641345756765,15.017005576017));
#12001 = CARTESIAN_POINT('',(1.583919105564,15.057628409358));
#12002 = CARTESIAN_POINT('',(1.500951388376,15.114739233465));
#12003 = CARTESIAN_POINT('',(1.475476767994,15.132060478868));
#12004 = CARTESIAN_POINT('',(1.449984432306,15.149157100871));
#12005 = CARTESIAN_POINT('',(1.424473031368,15.166007931568));
#12006 = CARTESIAN_POINT('',(1.39894136252,15.182592213958));
#12007 = CARTESIAN_POINT('',(1.331679188392,15.225491211578));
#12008 = CARTESIAN_POINT('',(1.289912860794,15.251328709251));
#12009 = CARTESIAN_POINT('',(1.248085569322,15.276313413321));
#12010 = CARTESIAN_POINT('',(1.206193781391,15.300360698776));
#12011 = CARTESIAN_POINT('',(1.164235301505,15.323390715806));
#12012 = CARTESIAN_POINT('',(1.08036421291,15.36717412548));
#12013 = CARTESIAN_POINT('',(1.03845142321,15.387937176478));
#12014 = CARTESIAN_POINT('',(0.996472743195,15.407544595796));
#12015 = CARTESIAN_POINT('',(0.954428850932,15.425929464183));
#12016 = CARTESIAN_POINT('',(0.912321789077,15.443032181978));
#12017 = CARTESIAN_POINT('',(0.844091631722,15.468548675472));
#12018 = CARTESIAN_POINT('',(0.818004369123,15.477786706763));
#12019 = CARTESIAN_POINT('',(0.791895622469,15.486502949896));
#12020 = CARTESIAN_POINT('',(0.765766521159,15.494686556514));
#12021 = CARTESIAN_POINT('',(0.73961835479,15.502328016292));
#12022 = CARTESIAN_POINT('',(0.695823797824,15.514196699103));
#12023 = CARTESIAN_POINT('',(0.678187015145,15.518724452526));
#12024 = CARTESIAN_POINT('',(0.660542669163,15.522999926743));
#12025 = CARTESIAN_POINT('',(0.642891228138,15.527020929317));
#12026 = CARTESIAN_POINT('',(0.625233184529,15.530785565834));
#12027 = CARTESIAN_POINT('',(0.566139710003,15.542516772538));
#12028 = CARTESIAN_POINT('',(0.524676185176,15.549322409218));
#12029 = CARTESIAN_POINT('',(0.48318657226,15.554688321582));
#12030 = CARTESIAN_POINT('',(0.441677322784,15.558603324968));
#12031 = CARTESIAN_POINT('',(0.400155131709,15.561065454921));
#12032 = CARTESIAN_POINT('',(0.298812741062,15.563545156701));
#12033 = CARTESIAN_POINT('',(0.238983083752,15.562008599828));
#12034 = CARTESIAN_POINT('',(0.179170275817,15.557491595241));
#12035 = CARTESIAN_POINT('',(0.119390677617,15.550054948956));
#12036 = CARTESIAN_POINT('',(5.965925843996E-02,15.539788276723));
#12037 = CARTESIAN_POINT('',(0.,15.526812478844));
#12038 = ( GEOMETRIC_REPRESENTATION_CONTEXT(2) 
PARAMETRIC_REPRESENTATION_CONTEXT() REPRESENTATION_CONTEXT('2D SPACE',''
  ) );
#12039 = ADVANCED_FACE('',(#12040,#12044),#10098,.T.);
#12040 = FACE_BOUND('',#12041,.T.);
#12041 = EDGE_LOOP('',(#12042,#12043));
#12042 = ORIENTED_EDGE('',*,*,#10173,.F.);
#12043 = ORIENTED_EDGE('',*,*,#10054,.F.);
#12044 = FACE_BOUND('',#12045,.T.);
#12045 = EDGE_LOOP('',(#12046,#12148));
#12046 = ORIENTED_EDGE('',*,*,#12047,.T.);
#12047 = EDGE_CURVE('',#12048,#12050,#12052,.T.);
#12048 = VERTEX_POINT('',#12049);
#12049 = CARTESIAN_POINT('',(104.,35.,41.145968696502));
#12050 = VERTEX_POINT('',#12051);
#12051 = CARTESIAN_POINT('',(101.20434963129,31.185613815357,
    41.449780779837));
#12052 = SURFACE_CURVE('',#12053,(#12081,#12112),.PCURVE_S1.);
#12053 = B_SPLINE_CURVE_WITH_KNOTS('',6,(#12054,#12055,#12056,#12057,
    #12058,#12059,#12060,#12061,#12062,#12063,#12064,#12065,#12066,
    #12067,#12068,#12069,#12070,#12071,#12072,#12073,#12074,#12075,
    #12076,#12077,#12078,#12079,#12080),.UNSPECIFIED.,.F.,.F.,(7,5,5,5,5
    ,7),(0.,0.177711187257,0.406504577055,0.510246689612,0.675089967023,
    1.),.UNSPECIFIED.);
#12054 = CARTESIAN_POINT('',(104.,35.,41.145968696502));
#12055 = CARTESIAN_POINT('',(104.,34.84945919624,41.138852097678));
#12056 = CARTESIAN_POINT('',(103.99320116536,34.698809762772,
    41.132954430776));
#12057 = CARTESIAN_POINT('',(103.97958545333,34.548461198511,
    41.128293976306));
#12058 = CARTESIAN_POINT('',(103.95917038381,34.398821797024,
    41.124881712831));
#12059 = CARTESIAN_POINT('',(103.93200974655,34.25029808942,
    41.122721405961));
#12060 = CARTESIAN_POINT('',(103.85465878926,33.914034968582,
    41.120635922616));
#12061 = CARTESIAN_POINT('',(103.80009073389,33.727286689681,
    41.121531705383));
#12062 = CARTESIAN_POINT('',(103.73468535286,33.543916447216,
    41.124489841839));
#12063 = CARTESIAN_POINT('',(103.65873122444,33.364749177181,
    41.129483366129));
#12064 = CARTESIAN_POINT('',(103.57260619908,33.190567317245,
    41.136467354202));
#12065 = CARTESIAN_POINT('',(103.43331965805,32.945726695248,
    41.149422331265));
#12066 = CARTESIAN_POINT('',(103.38786943428,32.870518871768,
    41.15386067702));
#12067 = CARTESIAN_POINT('',(103.34046540486,32.796554923496,
    41.158690085415));
#12068 = CARTESIAN_POINT('',(103.29115323123,32.72390015694,
    41.163904296027));
#12069 = CARTESIAN_POINT('',(103.23998146413,32.65261716031,
    41.16949646751));
#12070 = CARTESIAN_POINT('',(103.10281795119,32.471773976762,
    41.184933754959));
#12071 = CARTESIAN_POINT('',(103.01406839112,32.364396068337,
    41.195343975492));
#12072 = CARTESIAN_POINT('',(102.92095945731,32.260872990701,
    41.20666009856));
#12073 = CARTESIAN_POINT('',(102.82371230646,32.161424956204,
    41.218849327249));
#12074 = CARTESIAN_POINT('',(102.72256127936,32.066252545834,
    41.231876247874));
#12075 = CARTESIAN_POINT('',(102.41117196099,31.796736805953,
    41.272956659048));
#12076 = CARTESIAN_POINT('',(102.19037122755,31.635244654537,
    41.303319719885));
#12077 = CARTESIAN_POINT('',(101.95724564594,31.492466911778,
    41.336503284253));
#12078 = CARTESIAN_POINT('',(101.71380624247,31.369457856914,
    41.372192665417));
#12079 = CARTESIAN_POINT('',(101.46212739845,31.267004252457,
    41.410063614319));
#12080 = CARTESIAN_POINT('',(101.20434963129,31.185613815357,
    41.449780779837));
#12081 = PCURVE('',#10098,#12082);
#12082 = DEFINITIONAL_REPRESENTATION('',(#12083),#12111);
#12083 = B_SPLINE_CURVE_WITH_KNOTS('',6,(#12084,#12085,#12086,#12087,
    #12088,#12089,#12090,#12091,#12092,#12093,#12094,#12095,#12096,
    #12097,#12098,#12099,#12100,#12101,#12102,#12103,#12104,#12105,
    #12106,#12107,#12108,#12109,#12110),.UNSPECIFIED.,.F.,.F.,(7,5,5,5,5
    ,7),(0.,0.177711187257,0.406504577055,0.510246689612,0.675089967023,
    1.),.UNSPECIFIED.);
#12084 = CARTESIAN_POINT('',(22.880147572193,0.345497391375));
#12085 = CARTESIAN_POINT('',(22.877480926285,0.344904341473));
#12086 = CARTESIAN_POINT('',(22.874691102189,0.344412869231));
#12087 = CARTESIAN_POINT('',(22.871784322325,0.344024498025));
#12088 = CARTESIAN_POINT('',(22.868767276053,0.343740142736));
#12089 = CARTESIAN_POINT('',(22.86564716171,0.343560117163));
#12090 = CARTESIAN_POINT('',(22.858292035267,0.343386326885));
#12091 = CARTESIAN_POINT('',(22.853994165904,0.343460975449));
#12092 = CARTESIAN_POINT('',(22.849554768193,0.34370748682));
#12093 = CARTESIAN_POINT('',(22.844991226771,0.344123613844));
#12094 = CARTESIAN_POINT('',(22.840321766642,0.34470561285));
#12095 = CARTESIAN_POINT('',(22.833408941405,0.345785194272));
#12096 = CARTESIAN_POINT('',(22.831234458301,0.346155056418));
#12097 = CARTESIAN_POINT('',(22.829043868772,0.346557507118));
#12098 = CARTESIAN_POINT('',(22.82683894857,0.346992024669));
#12099 = CARTESIAN_POINT('',(22.824621487644,0.347458038959));
#12100 = CARTESIAN_POINT('',(22.818852747435,0.34874447958));
#12101 = CARTESIAN_POINT('',(22.815285072726,0.349611997958));
#12102 = CARTESIAN_POINT('',(22.811697528321,0.350555008213));
#12103 = CARTESIAN_POINT('',(22.808097358192,0.351570777271));
#12104 = CARTESIAN_POINT('',(22.804491808008,0.352656353989));
#12105 = CARTESIAN_POINT('',(22.793785239734,0.356079721587));
#12106 = CARTESIAN_POINT('',(22.786689316703,0.358609976657));
#12107 = CARTESIAN_POINT('',(22.7796564241,0.361375273688));
#12108 = CARTESIAN_POINT('',(22.772740471622,0.364349388785));
#12109 = CARTESIAN_POINT('',(22.765994287751,0.367505301193));
#12110 = CARTESIAN_POINT('',(22.759469432837,0.370815064986));
#12111 = ( GEOMETRIC_REPRESENTATION_CONTEXT(2) 
PARAMETRIC_REPRESENTATION_CONTEXT() REPRESENTATION_CONTEXT('2D SPACE',''
  ) );
#12112 = PCURVE('',#12113,#12118);
#12113 = CYLINDRICAL_SURFACE('',#12114,4.);
#12114 = AXIS2_PLACEMENT_3D('',#12115,#12116,#12117);
#12115 = CARTESIAN_POINT('',(100.,35.,27.));
#12116 = DIRECTION('',(0.,0.,1.));
#12117 = DIRECTION('',(1.,0.,-0.));
#12118 = DEFINITIONAL_REPRESENTATION('',(#12119),#12147);
#12119 = B_SPLINE_CURVE_WITH_KNOTS('',6,(#12120,#12121,#12122,#12123,
    #12124,#12125,#12126,#12127,#12128,#12129,#12130,#12131,#12132,
    #12133,#12134,#12135,#12136,#12137,#12138,#12139,#12140,#12141,
    #12142,#12143,#12144,#12145,#12146),.UNSPECIFIED.,.F.,.F.,(7,5,5,5,5
    ,7),(0.,0.177711187257,0.406504577055,0.510246689612,0.675089967023,
    1.),.UNSPECIFIED.);
#12120 = CARTESIAN_POINT('',(6.28318530718,14.145968696502));
#12121 = CARTESIAN_POINT('',(6.24555010624,14.138852097678));
#12122 = CARTESIAN_POINT('',(6.207887745166,14.132954430776));
#12123 = CARTESIAN_POINT('',(6.170204657096,14.128293976306));
#12124 = CARTESIAN_POINT('',(6.132506261209,14.124881712831));
#12125 = CARTESIAN_POINT('',(6.094798176168,14.122721405961));
#12126 = CARTESIAN_POINT('',(6.008536924355,14.120635922616));
#12127 = CARTESIAN_POINT('',(5.959979894083,14.121531705383));
#12128 = CARTESIAN_POINT('',(5.911432485227,14.124489841839));
#12129 = CARTESIAN_POINT('',(5.862905721838,14.129483366129));
#12130 = CARTESIAN_POINT('',(5.814409665476,14.136467354202));
#12131 = CARTESIAN_POINT('',(5.743987869005,14.149422331265));
#12132 = CARTESIAN_POINT('',(5.722026879422,14.15386067702));
#12133 = CARTESIAN_POINT('',(5.700075537722,14.158690085415));
#12134 = CARTESIAN_POINT('',(5.678134699983,14.163904296027));
#12135 = CARTESIAN_POINT('',(5.656205143033,14.16949646751));
#12136 = CARTESIAN_POINT('',(5.599461153088,14.184933754959));
#12137 = CARTESIAN_POINT('',(5.564664779145,14.195343975492));
#12138 = CARTESIAN_POINT('',(5.529901593053,14.20666009856));
#12139 = CARTESIAN_POINT('',(5.495173529237,14.218849327249));
#12140 = CARTESIAN_POINT('',(5.460481945378,14.231876247874));
#12141 = CARTESIAN_POINT('',(5.35752502428,14.272956659048));
#12142 = CARTESIAN_POINT('',(5.289365690442,14.303319719885));
#12143 = CARTESIAN_POINT('',(5.221364641703,14.336503284253));
#12144 = CARTESIAN_POINT('',(5.153514006365,14.372192665417));
#12145 = CARTESIAN_POINT('',(5.085802158218,14.410063614319));
#12146 = CARTESIAN_POINT('',(5.018221752175,14.449780779837));
#12147 = ( GEOMETRIC_REPRESENTATION_CONTEXT(2) 
PARAMETRIC_REPRESENTATION_CONTEXT() REPRESENTATION_CONTEXT('2D SPACE',''
  ) );
#12148 = ORIENTED_EDGE('',*,*,#12149,.T.);
#12149 = EDGE_CURVE('',#12050,#12048,#12150,.T.);
#12150 = SURFACE_CURVE('',#12151,(#12264,#12380),.PCURVE_S1.);
#12151 = B_SPLINE_CURVE_WITH_KNOTS('',6,(#12152,#12153,#12154,#12155,
    #12156,#12157,#12158,#12159,#12160,#12161,#12162,#12163,#12164,
    #12165,#12166,#12167,#12168,#12169,#12170,#12171,#12172,#12173,
    #12174,#12175,#12176,#12177,#12178,#12179,#12180,#12181,#12182,
    #12183,#12184,#12185,#12186,#12187,#12188,#12189,#12190,#12191,
    #12192,#12193,#12194,#12195,#12196,#12197,#12198,#12199,#12200,
    #12201,#12202,#12203,#12204,#12205,#12206,#12207,#12208,#12209,
    #12210,#12211,#12212,#12213,#12214,#12215,#12216,#12217,#12218,
    #12219,#12220,#12221,#12222,#12223,#12224,#12225,#12226,#12227,
    #12228,#12229,#12230,#12231,#12232,#12233,#12234,#12235,#12236,
    #12237,#12238,#12239,#12240,#12241,#12242,#12243,#12244,#12245,
    #12246,#12247,#12248,#12249,#12250,#12251,#12252,#12253,#12254,
    #12255,#12256,#12257,#12258,#12259,#12260,#12261,#12262,#12263),
  .UNSPECIFIED.,.F.,.F.,(7,5,5,5,5,5,5,5,5,5,5,5,5,5,5,5,5,5,5,5,5,5,7),
  (0.,3.427164629408E-02,5.757892567485E-02,0.113022118304,0.16998446901
    ,0.194331956141,0.230619339114,0.287472796283,0.341915979814,
    0.375002627282,0.444989135338,0.494158344777,0.514918076527,
    0.545754291889,0.595701369032,0.646064080921,0.677210763395,
    0.698478238711,0.747474619788,0.816054757388,0.84597241983,
    0.893342901703,1.),.UNSPECIFIED.);
#12152 = CARTESIAN_POINT('',(101.20434963129,31.185613815357,
    41.449780779837));
#12153 = CARTESIAN_POINT('',(101.09538101388,31.151208197296,
    41.466570143256));
#12154 = CARTESIAN_POINT('',(100.98531940469,31.120565568318,
    41.483689901901));
#12155 = CARTESIAN_POINT('',(100.87432424435,31.093723750692,
    41.501115087223));
#12156 = CARTESIAN_POINT('',(100.76255508221,31.070712155145,
    41.518820717871));
#12157 = CARTESIAN_POINT('',(100.6501715763,31.051551780859,
    41.536781799691));
#12158 = CARTESIAN_POINT('',(100.46059516863,31.025852408439,
    41.567344922231));
#12159 = CARTESIAN_POINT('',(100.38364650733,31.017236649085,
    41.579823113702));
#12160 = CARTESIAN_POINT('',(100.30653768255,31.010411930367,
    41.592400048148));
#12161 = CARTESIAN_POINT('',(100.22931873199,31.005380549066,
    41.605067892264));
#12162 = CARTESIAN_POINT('',(100.15203955801,31.002143105784,
    41.617818831432));
#12163 = CARTESIAN_POINT('',(99.890893897314,30.997262098621,
    41.661156035335));
#12164 = CARTESIAN_POINT('',(99.706977807411,31.003970895567,
    41.692093244366));
#12165 = CARTESIAN_POINT('',(99.523672854558,31.020810160155,
    41.723351483145));
#12166 = CARTESIAN_POINT('',(99.341641287294,31.04771268252,
    41.754826866768));
#12167 = CARTESIAN_POINT('',(99.161535889682,31.084559941421,
    41.786416408186));
#12168 = CARTESIAN_POINT('',(98.801598495361,31.179084084195,
    41.850484647058));
#12169 = CARTESIAN_POINT('',(98.621907175625,31.237304587148,
    41.882964352198));
#12170 = CARTESIAN_POINT('',(98.445622693762,31.305661214011,
    41.915345451577));
#12171 = CARTESIAN_POINT('',(98.273424912005,31.383916139373,
    41.947518301243));
#12172 = CARTESIAN_POINT('',(98.105974955524,31.471776049332,
    41.979374193626));
#12173 = CARTESIAN_POINT('',(97.874643804052,31.61040084275,
    42.02423906075));
#12174 = CARTESIAN_POINT('',(97.806358140675,31.653601701587,
    42.037595747007));
#12175 = CARTESIAN_POINT('',(97.739106762607,31.698466222006,
    42.050866304164));
#12176 = CARTESIAN_POINT('',(97.672938740043,31.744965275595,
    42.064042322493));
#12177 = CARTESIAN_POINT('',(97.607902261818,31.793067876511,
    42.077115423847));
#12178 = CARTESIAN_POINT('',(97.448871522339,31.916774047025,
    42.109395525193));
#12179 = CARTESIAN_POINT('',(97.356316671639,31.994295963564,
    42.128466670399));
#12180 = CARTESIAN_POINT('',(97.266537083799,32.075198124961,
    42.147263027261));
#12181 = CARTESIAN_POINT('',(97.179684130232,32.159362579288,
    42.165757139466));
#12182 = CARTESIAN_POINT('',(97.095903553272,32.24666222883,
    42.183921764406));
#12183 = CARTESIAN_POINT('',(96.889104971883,32.478436661025,
    42.229630825683));
#12184 = CARTESIAN_POINT('',(96.770758272127,32.627276132151,
    42.256657010224));
#12185 = CARTESIAN_POINT('',(96.660835429705,32.782951480001,
    42.282703906126));
#12186 = CARTESIAN_POINT('',(96.559833518537,32.944885304941,
    42.30766945458));
#12187 = CARTESIAN_POINT('',(96.468200566245,33.112447671629,
    42.331454258651));
#12188 = CARTESIAN_POINT('',(96.307929309884,33.450145462053,
    42.375515112796));
#12189 = CARTESIAN_POINT('',(96.238478888524,33.619874771724,
    42.395897703848));
#12190 = CARTESIAN_POINT('',(96.178323425018,33.793537379949,
    42.41502471649));
#12191 = CARTESIAN_POINT('',(96.127754930148,33.970495930043,
    42.432815494929));
#12192 = CARTESIAN_POINT('',(96.087006078382,34.150078428434,
    42.449194406037));
#12193 = CARTESIAN_POINT('',(96.037549108827,34.441879096406,
    42.473145167153));
#12194 = CARTESIAN_POINT('',(96.0225422765,34.552889928566,
    42.481651568667));
#12195 = CARTESIAN_POINT('',(96.011261160018,34.664451411036,
    42.489595232096));
#12196 = CARTESIAN_POINT('',(96.003733492529,34.776402649654,
    42.496961619362));
#12197 = CARTESIAN_POINT('',(95.999977136477,34.888580147473,
    42.503737304585));
#12198 = CARTESIAN_POINT('',(96.000048622487,35.238228431311,
    42.522966708973));
#12199 = CARTESIAN_POINT('',(96.017006358124,35.475926141252,
    42.533326470605));
#12200 = CARTESIAN_POINT('',(96.050950573218,35.712309714778,
    42.540871031199));
#12201 = CARTESIAN_POINT('',(96.101734625561,35.945797986533,
    42.545513314757));
#12202 = CARTESIAN_POINT('',(96.169014986136,36.174828846765,
    42.547194922998));
#12203 = CARTESIAN_POINT('',(96.310653269187,36.554571130131,
    42.544986731287));
#12204 = CARTESIAN_POINT('',(96.376956927607,36.708324171874,
    42.542605276659));
#12205 = CARTESIAN_POINT('',(96.450917872229,36.858604961666,
    42.538747122249));
#12206 = CARTESIAN_POINT('',(96.532288790451,37.004915452115,
    42.533414933052));
#12207 = CARTESIAN_POINT('',(96.620776303368,37.146785638859,
    42.526620876834));
#12208 = CARTESIAN_POINT('',(96.756264705425,37.341611491518,
    42.514910594539));
#12209 = CARTESIAN_POINT('',(96.797695660207,37.398579401542,
    42.51117749077));
#12210 = CARTESIAN_POINT('',(96.840310017612,37.454644551257,
    42.507189345153));
#12211 = CARTESIAN_POINT('',(96.884081381111,37.50977522758,
    42.502948093313));
#12212 = CARTESIAN_POINT('',(96.928982209368,37.56394092724,
    42.498455963858));
#12213 = CARTESIAN_POINT('',(97.043313960065,37.696092454965,
    42.486674027512));
#12214 = CARTESIAN_POINT('',(97.114073092716,37.772878973713,
    42.479084586278));
#12215 = CARTESIAN_POINT('',(97.187166946859,37.84737587162,
    42.470955448894));
#12216 = CARTESIAN_POINT('',(97.262497045075,37.919493667453,
    42.462296219371));
#12217 = CARTESIAN_POINT('',(97.339960699854,37.989149440145,
    42.453117811512));
#12218 = CARTESIAN_POINT('',(97.548205751689,38.16498047439,
    42.427744546005));
#12219 = CARTESIAN_POINT('',(97.682279581103,38.267035670292,
    42.410726361223));
#12220 = CARTESIAN_POINT('',(97.821217553204,38.362106427902,
    42.392429940655));
#12221 = CARTESIAN_POINT('',(97.964547149633,38.449917629808,
    42.372915046036));
#12222 = CARTESIAN_POINT('',(98.111781476725,38.530241004636,
    42.352248537685));
#12223 = CARTESIAN_POINT('',(98.414317002521,38.676145757188,
    42.308578027942));
#12224 = CARTESIAN_POINT('',(98.569677831122,38.741600218097,
    42.285555616962));
#12225 = CARTESIAN_POINT('',(98.727995916868,38.799065545664,
    42.26151146425));
#12226 = CARTESIAN_POINT('',(98.888759879974,38.848400940553,
    42.2365258304));
#12227 = CARTESIAN_POINT('',(99.051457826922,38.889509078902,
    42.210683561929));
#12228 = CARTESIAN_POINT('',(99.317079597736,38.942630353326,
    42.167616346947));
#12229 = CARTESIAN_POINT('',(99.419124980079,38.959760209326,
    42.150865520782));
#12230 = CARTESIAN_POINT('',(99.521595023969,38.973707527697,
    42.133841811103));
#12231 = CARTESIAN_POINT('',(99.624370300997,38.984464282013,
    42.116566548127));
#12232 = CARTESIAN_POINT('',(99.727332265046,38.992027907872,
    42.099061459045));
#12233 = CARTESIAN_POINT('',(99.900714532243,38.999387530115,
    42.069254078304));
#12234 = CARTESIAN_POINT('',(99.97109804058,39.000886311861,
    42.057062635889));
#12235 = CARTESIAN_POINT('',(100.04147636547,39.000898533214,
    42.044781371157));
#12236 = CARTESIAN_POINT('',(100.1118123533,38.999426156625,
    42.032417371371));
#12237 = CARTESIAN_POINT('',(100.18206910872,38.996472221924,
    42.019977780688));
#12238 = CARTESIAN_POINT('',(100.41380179241,38.981831765789,
    41.978653696157));
#12239 = CARTESIAN_POINT('',(100.57477864501,38.963780768619,
    41.94947450632));
#12240 = CARTESIAN_POINT('',(100.73469260236,38.937938737608,
    41.92002048589));
#12241 = CARTESIAN_POINT('',(100.89310385625,38.904384292449,
    41.89038068958));
#12242 = CARTESIAN_POINT('',(101.04958074026,38.863223789716,
    41.860644971578));
#12243 = CARTESIAN_POINT('',(101.41941977432,38.746520555299,
    41.789275586261));
#12244 = CARTESIAN_POINT('',(101.63052203201,38.663809881205,
    41.747636359299));
#12245 = CARTESIAN_POINT('',(101.83584461783,38.566826911958,
    41.706234371611));
#12246 = CARTESIAN_POINT('',(102.03425958033,38.456039192468,
    41.66531849787));
#12247 = CARTESIAN_POINT('',(102.2246767345,38.332020215761,
    41.625136059566));
#12248 = CARTESIAN_POINT('',(102.48516937117,38.13587989458,
    41.568827264679));
#12249 = CARTESIAN_POINT('',(102.56256980519,38.073916793807,
    41.551909933143));
#12250 = CARTESIAN_POINT('',(102.6381617216,38.009623005119,
    41.535198697545));
#12251 = CARTESIAN_POINT('',(102.71186001499,37.94305961022,
    41.51871354179));
#12252 = CARTESIAN_POINT('',(102.78358154964,37.874291902651,
    41.502474205646));
#12253 = CARTESIAN_POINT('',(102.9635478537,37.691125058912,
    41.461207531328));
#12254 = CARTESIAN_POINT('',(103.06869201084,37.573508063696,
    41.436579851428));
#12255 = CARTESIAN_POINT('',(103.16835502608,37.450815892175,
    41.412694625245));
#12256 = CARTESIAN_POINT('',(103.26222990475,37.323351675688,
    41.389626988825));
#12257 = CARTESIAN_POINT('',(103.35002830939,37.191446393813,
    41.367449067883));
#12258 = CARTESIAN_POINT('',(103.61488443593,36.749283093018,
    41.29845192917));
#12259 = CARTESIAN_POINT('',(103.76619251093,36.422316680108,
    41.255515477171));
#12260 = CARTESIAN_POINT('',(103.88221349802,36.078841791457,
    41.218236177389));
#12261 = CARTESIAN_POINT('',(103.96066303478,35.723675519608,
    41.187261660859));
#12262 = CARTESIAN_POINT('',(104.,35.362105643963,41.163086717236));
#12263 = CARTESIAN_POINT('',(104.,35.,41.145968696502));
#12264 = PCURVE('',#10098,#12265);
#12265 = DEFINITIONAL_REPRESENTATION('',(#12266),#12379);
#12266 = B_SPLINE_CURVE_WITH_KNOTS('',6,(#12267,#12268,#12269,#12270,
    #12271,#12272,#12273,#12274,#12275,#12276,#12277,#12278,#12279,
    #12280,#12281,#12282,#12283,#12284,#12285,#12286,#12287,#12288,
    #12289,#12290,#12291,#12292,#12293,#12294,#12295,#12296,#12297,
    #12298,#12299,#12300,#12301,#12302,#12303,#12304,#12305,#12306,
    #12307,#12308,#12309,#12310,#12311,#12312,#12313,#12314,#12315,
    #12316,#12317,#12318,#12319,#12320,#12321,#12322,#12323,#12324,
    #12325,#12326,#12327,#12328,#12329,#12330,#12331,#12332,#12333,
    #12334,#12335,#12336,#12337,#12338,#12339,#12340,#12341,#12342,
    #12343,#12344,#12345,#12346,#12347,#12348,#12349,#12350,#12351,
    #12352,#12353,#12354,#12355,#12356,#12357,#12358,#12359,#12360,
    #12361,#12362,#12363,#12364,#12365,#12366,#12367,#12368,#12369,
    #12370,#12371,#12372,#12373,#12374,#12375,#12376,#12377,#12378),
  .UNSPECIFIED.,.F.,.F.,(7,5,5,5,5,5,5,5,5,5,5,5,5,5,5,5,5,5,5,5,5,5,7),
  (0.,3.427164629408E-02,5.757892567485E-02,0.113022118304,0.16998446901
    ,0.194331956141,0.230619339114,0.287472796283,0.341915979814,
    0.375002627282,0.444989135338,0.494158344777,0.514918076527,
    0.545754291889,0.595701369032,0.646064080921,0.677210763395,
    0.698478238711,0.747474619788,0.816054757388,0.84597241983,
    0.893342901703,1.),.UNSPECIFIED.);
#12267 = CARTESIAN_POINT('',(22.759469432837,0.370815064986));
#12268 = CARTESIAN_POINT('',(22.756711225926,0.372214178605));
#12269 = CARTESIAN_POINT('',(22.753992490989,0.373640825158));
#12270 = CARTESIAN_POINT('',(22.751317070123,0.375092923935));
#12271 = CARTESIAN_POINT('',(22.748688731122,0.376568393156));
#12272 = CARTESIAN_POINT('',(22.74611116747,0.378065149974));
#12273 = CARTESIAN_POINT('',(22.741872054878,0.380612076853));
#12274 = CARTESIAN_POINT('',(22.740181267132,0.381651926142));
#12275 = CARTESIAN_POINT('',(22.738516772323,0.382700004012));
#12276 = CARTESIAN_POINT('',(22.736879688769,0.383755657689));
#12277 = CARTESIAN_POINT('',(22.735271115892,0.384818235953));
#12278 = CARTESIAN_POINT('',(22.729936063701,0.388429669611));
#12279 = CARTESIAN_POINT('',(22.726347423602,0.391007770364));
#12280 = CARTESIAN_POINT('',(22.722940773898,0.393612623595));
#12281 = CARTESIAN_POINT('',(22.719729989301,0.396235572231));
#12282 = CARTESIAN_POINT('',(22.716728163497,0.398868034016));
#12283 = CARTESIAN_POINT('',(22.711090672745,0.404207053922));
#12284 = CARTESIAN_POINT('',(22.708467262484,0.406913696017));
#12285 = CARTESIAN_POINT('',(22.706090516139,0.409612120965));
#12286 = CARTESIAN_POINT('',(22.703972588935,0.41229319177));
#12287 = CARTESIAN_POINT('',(22.702124344292,0.414947849469));
#12288 = CARTESIAN_POINT('',(22.699884413563,0.418686588396));
#12289 = CARTESIAN_POINT('',(22.699264663806,0.419799645584));
#12290 = CARTESIAN_POINT('',(22.698696622203,0.420905525347));
#12291 = CARTESIAN_POINT('',(22.698180963443,0.422003526874));
#12292 = CARTESIAN_POINT('',(22.697718305756,0.423092951987));
#12293 = CARTESIAN_POINT('',(22.696699497841,0.425782960433));
#12294 = CARTESIAN_POINT('',(22.696208753722,0.427372222533));
#12295 = CARTESIAN_POINT('',(22.695838850184,0.428938585605));
#12296 = CARTESIAN_POINT('',(22.695591325394,0.430479761622));
#12297 = CARTESIAN_POINT('',(22.695467384066,0.431993480367));
#12298 = CARTESIAN_POINT('',(22.695468701817,0.435802568807));
#12299 = CARTESIAN_POINT('',(22.695774995731,0.438054750852));
#12300 = CARTESIAN_POINT('',(22.696390053376,0.440225325511));
#12301 = CARTESIAN_POINT('',(22.697314940989,0.442305787882));
#12302 = CARTESIAN_POINT('',(22.698548233564,0.444287854888));
#12303 = CARTESIAN_POINT('',(22.701558048099,0.447959592733));
#12304 = CARTESIAN_POINT('',(22.703309360122,0.449658141987));
#12305 = CARTESIAN_POINT('',(22.705335959549,0.451252059707));
#12306 = CARTESIAN_POINT('',(22.707631903692,0.452734624577));
#12307 = CARTESIAN_POINT('',(22.710188871316,0.454099533836));
#12308 = CARTESIAN_POINT('',(22.714702000784,0.456095430596));
#12309 = CARTESIAN_POINT('',(22.716500399762,0.456804297389));
#12310 = CARTESIAN_POINT('',(22.718388791487,0.457466269341));
#12311 = CARTESIAN_POINT('',(22.720364440031,0.458080134947));
#12312 = CARTESIAN_POINT('',(22.722424297686,0.458644775382));
#12313 = CARTESIAN_POINT('',(22.72909313454,0.460247225748));
#12314 = CARTESIAN_POINT('',(22.733983346308,0.461110539217));
#12315 = CARTESIAN_POINT('',(22.739203366555,0.4617392526));
#12316 = CARTESIAN_POINT('',(22.744715658344,0.462126109563));
#12317 = CARTESIAN_POINT('',(22.7504783926,0.462266243583));
#12318 = CARTESIAN_POINT('',(22.760637563656,0.462082227607));
#12319 = CARTESIAN_POINT('',(22.764930793463,0.461883773055));
#12320 = CARTESIAN_POINT('',(22.769309253426,0.461562260187));
#12321 = CARTESIAN_POINT('',(22.773756656052,0.461117911088));
#12322 = CARTESIAN_POINT('',(22.778256407077,0.460551739736));
#12323 = CARTESIAN_POINT('',(22.784706595192,0.459575882878));
#12324 = CARTESIAN_POINT('',(22.786627812378,0.459264790898));
#12325 = CARTESIAN_POINT('',(22.788554133124,0.458932445429));
#12326 = CARTESIAN_POINT('',(22.790484311136,0.458579007776));
#12327 = CARTESIAN_POINT('',(22.792417106837,0.458204663655));
#12328 = CARTESIAN_POINT('',(22.797224292094,0.457222835626));
#12329 = CARTESIAN_POINT('',(22.800100361835,0.45659038219));
#12330 = CARTESIAN_POINT('',(22.802975449097,0.455912954075));
#12331 = CARTESIAN_POINT('',(22.805845589325,0.455191351614));
#12332 = CARTESIAN_POINT('',(22.808706900905,0.454426484293));
#12333 = CARTESIAN_POINT('',(22.816169752327,0.4523120455));
#12334 = CARTESIAN_POINT('',(22.82075085598,0.450893863435));
#12335 = CARTESIAN_POINT('',(22.825282720292,0.449369161721));
#12336 = CARTESIAN_POINT('',(22.829750115278,0.447742920503));
#12337 = CARTESIAN_POINT('',(22.83413875652,0.446020711474));
#12338 = CARTESIAN_POINT('',(22.842767606992,0.442381502329));
#12339 = CARTESIAN_POINT('',(22.847006354266,0.44046296808));
#12340 = CARTESIAN_POINT('',(22.851137919047,0.438459288687));
#12341 = CARTESIAN_POINT('',(22.855149899386,0.436377152533));
#12342 = CARTESIAN_POINT('',(22.859031036756,0.434223630161));
#12343 = CARTESIAN_POINT('',(22.865084186601,0.430634695579));
#12344 = CARTESIAN_POINT('',(22.867343305391,0.429238793398));
#12345 = CARTESIAN_POINT('',(22.869546095555,0.427820150925));
#12346 = CARTESIAN_POINT('',(22.871690321431,0.426380545677));
#12347 = CARTESIAN_POINT('',(22.873773906265,0.424921788254));
#12348 = CARTESIAN_POINT('',(22.87717492251,0.422437839859));
#12349 = CARTESIAN_POINT('',(22.878525745046,0.421421886324));
#12350 = CARTESIAN_POINT('',(22.879846789019,0.420398447596));
#12351 = CARTESIAN_POINT('',(22.881137475544,0.419368114281));
#12352 = CARTESIAN_POINT('',(22.882397257647,0.418331481724));
#12353 = CARTESIAN_POINT('',(22.886455543548,0.414887808013));
#12354 = CARTESIAN_POINT('',(22.889118689082,0.41245620886));
#12355 = CARTESIAN_POINT('',(22.891608796938,0.410001707157));
#12356 = CARTESIAN_POINT('',(22.893920396584,0.407531724132));
#12357 = CARTESIAN_POINT('',(22.896048806894,0.405053747631));
#12358 = CARTESIAN_POINT('',(22.900707410852,0.399106298855));
#12359 = CARTESIAN_POINT('',(22.903058152468,0.395636363275));
#12360 = CARTESIAN_POINT('',(22.905031585253,0.392186197634));
#12361 = CARTESIAN_POINT('',(22.906619676995,0.388776541489));
#12362 = CARTESIAN_POINT('',(22.907817007686,0.385428004964));
#12363 = CARTESIAN_POINT('',(22.908971217051,0.38073560539));
#12364 = CARTESIAN_POINT('',(22.909246873724,0.379325827762));
#12365 = CARTESIAN_POINT('',(22.909447366032,0.377933224795));
#12366 = CARTESIAN_POINT('',(22.909572548205,0.376559461816));
#12367 = CARTESIAN_POINT('',(22.909622370878,0.375206183804));
#12368 = CARTESIAN_POINT('',(22.909556521539,0.371767294277));
#12369 = CARTESIAN_POINT('',(22.909327350701,0.369714987619));
#12370 = CARTESIAN_POINT('',(22.9089095663,0.367724552104));
#12371 = CARTESIAN_POINT('',(22.908303984047,0.365802249069));
#12372 = CARTESIAN_POINT('',(22.907512092749,0.36395408899));
#12373 = CARTESIAN_POINT('',(22.904338632297,0.358204327431));
#12374 = CARTESIAN_POINT('',(22.901207168332,0.354626289764));
#12375 = CARTESIAN_POINT('',(22.897167181263,0.351519681449));
#12376 = CARTESIAN_POINT('',(22.892265040387,0.348938471738));
#12377 = CARTESIAN_POINT('',(22.886561830051,0.346923893103));
#12378 = CARTESIAN_POINT('',(22.880147572193,0.345497391375));
#12379 = ( GEOMETRIC_REPRESENTATION_CONTEXT(2) 
PARAMETRIC_REPRESENTATION_CONTEXT() REPRESENTATION_CONTEXT('2D SPACE',''
  ) );
#12380 = PCURVE('',#12113,#12381);
#12381 = DEFINITIONAL_REPRESENTATION('',(#12382),#12495);
#12382 = B_SPLINE_CURVE_WITH_KNOTS('',6,(#12383,#12384,#12385,#12386,
    #12387,#12388,#12389,#12390,#12391,#12392,#12393,#12394,#12395,
    #12396,#12397,#12398,#12399,#12400,#12401,#12402,#12403,#12404,
    #12405,#12406,#12407,#12408,#12409,#12410,#12411,#12412,#12413,
    #12414,#12415,#12416,#12417,#12418,#12419,#12420,#12421,#12422,
    #12423,#12424,#12425,#12426,#12427,#12428,#12429,#12430,#12431,
    #12432,#12433,#12434,#12435,#12436,#12437,#12438,#12439,#12440,
    #12441,#12442,#12443,#12444,#12445,#12446,#12447,#12448,#12449,
    #12450,#12451,#12452,#12453,#12454,#12455,#12456,#12457,#12458,
    #12459,#12460,#12461,#12462,#12463,#12464,#12465,#12466,#12467,
    #12468,#12469,#12470,#12471,#12472,#12473,#12474,#12475,#12476,
    #12477,#12478,#12479,#12480,#12481,#12482,#12483,#12484,#12485,
    #12486,#12487,#12488,#12489,#12490,#12491,#12492,#12493,#12494),
  .UNSPECIFIED.,.F.,.F.,(7,5,5,5,5,5,5,5,5,5,5,5,5,5,5,5,5,5,5,5,5,5,7),
  (0.,3.427164629408E-02,5.757892567485E-02,0.113022118304,0.16998446901
    ,0.194331956141,0.230619339114,0.287472796283,0.341915979814,
    0.375002627282,0.444989135338,0.494158344777,0.514918076527,
    0.545754291889,0.595701369032,0.646064080921,0.677210763395,
    0.698478238711,0.747474619788,0.816054757388,0.84597241983,
    0.893342901703,1.),.UNSPECIFIED.);
#12383 = CARTESIAN_POINT('',(5.018221752175,14.449780779837));
#12384 = CARTESIAN_POINT('',(4.989653953285,14.466570143256));
#12385 = CARTESIAN_POINT('',(4.961108858872,14.483689901901));
#12386 = CARTESIAN_POINT('',(4.932585281884,14.501115087223));
#12387 = CARTESIAN_POINT('',(4.904081895475,14.518820717871));
#12388 = CARTESIAN_POINT('',(4.875597233003,14.536781799691));
#12389 = CARTESIAN_POINT('',(4.827769631082,14.567344922231));
#12390 = CARTESIAN_POINT('',(4.808417484983,14.579823113702));
#12391 = CARTESIAN_POINT('',(4.789072741851,14.592400048148));
#12392 = CARTESIAN_POINT('',(4.769734873717,14.605067892264));
#12393 = CARTESIAN_POINT('',(4.750403332528,14.617818831432));
#12394 = CARTESIAN_POINT('',(4.685105514641,14.661156035335));
#12395 = CARTESIAN_POINT('',(4.639165864534,14.692093244366));
#12396 = CARTESIAN_POINT('',(4.593251409249,14.723351483145));
#12397 = CARTESIAN_POINT('',(4.547353743101,14.754826866768));
#12398 = CARTESIAN_POINT('',(4.501464263187,14.786416408186));
#12399 = CARTESIAN_POINT('',(4.408428738589,14.850484647058));
#12400 = CARTESIAN_POINT('',(4.361282179247,14.882964352198));
#12401 = CARTESIAN_POINT('',(4.314127139356,14.915345451577));
#12402 = CARTESIAN_POINT('',(4.26695444129,14.947518301243));
#12403 = CARTESIAN_POINT('',(4.219755279876,14.979374193626));
#12404 = CARTESIAN_POINT('',(4.152333596146,15.024239060751));
#12405 = CARTESIAN_POINT('',(4.132138585104,15.037595747007));
#12406 = CARTESIAN_POINT('',(4.111936760495,15.050866304164));
#12407 = CARTESIAN_POINT('',(4.091727539806,15.064042322493));
#12408 = CARTESIAN_POINT('',(4.071510366967,15.077115423847));
#12409 = CARTESIAN_POINT('',(4.021140489608,15.109395525193));
#12410 = CARTESIAN_POINT('',(3.990977404513,15.128466670399));
#12411 = CARTESIAN_POINT('',(3.960793719211,15.147263027261));
#12412 = CARTESIAN_POINT('',(3.930587868378,15.165757139466));
#12413 = CARTESIAN_POINT('',(3.900358459211,15.183921764406));
#12414 = CARTESIAN_POINT('',(3.822703356077,15.229630825683));
#12415 = CARTESIAN_POINT('',(3.775240974206,15.256657010224));
#12416 = CARTESIAN_POINT('',(3.727713849738,15.282703906126));
#12417 = CARTESIAN_POINT('',(3.680118087815,15.30766945458));
#12418 = CARTESIAN_POINT('',(3.632451227993,15.331454258651));
#12419 = CARTESIAN_POINT('',(3.539001149986,15.375515112796));
#12420 = CARTESIAN_POINT('',(3.493222598656,15.395897703848));
#12421 = CARTESIAN_POINT('',(3.447380142971,15.41502471649));
#12422 = CARTESIAN_POINT('',(3.401474491567,15.432815494929));
#12423 = CARTESIAN_POINT('',(3.355507816768,15.449194406037));
#12424 = CARTESIAN_POINT('',(3.281517267681,15.473145167153));
#12425 = CARTESIAN_POINT('',(3.253527910276,15.481651568667));
#12426 = CARTESIAN_POINT('',(3.225518991282,15.489595232096));
#12427 = CARTESIAN_POINT('',(3.197491751326,15.496961619362));
#12428 = CARTESIAN_POINT('',(3.169447617307,15.503737304585));
#12429 = CARTESIAN_POINT('',(3.08203554452,15.522966708973));
#12430 = CARTESIAN_POINT('',(3.022610277253,15.533326470605));
#12431 = CARTESIAN_POINT('',(2.963136175421,15.540871031199));
#12432 = CARTESIAN_POINT('',(2.903628184533,15.545513314757));
#12433 = CARTESIAN_POINT('',(2.844102605917,15.547194922998));
#12434 = CARTESIAN_POINT('',(2.742778372327,15.544986731287));
#12435 = CARTESIAN_POINT('',(2.700970958673,15.542605276659));
#12436 = CARTESIAN_POINT('',(2.65917630693,15.538747122249));
#12437 = CARTESIAN_POINT('',(2.61740127187,15.533414933052));
#12438 = CARTESIAN_POINT('',(2.575652446122,15.526620876834));
#12439 = CARTESIAN_POINT('',(2.51632590276,15.514910594539));
#12440 = CARTESIAN_POINT('',(2.498719712613,15.51117749077));
#12441 = CARTESIAN_POINT('',(2.481120053287,15.507189345153));
#12442 = CARTESIAN_POINT('',(2.463527412461,15.502948093313));
#12443 = CARTESIAN_POINT('',(2.4459422535,15.498455963858));
#12444 = CARTESIAN_POINT('',(2.402256031775,15.486674027512));
#12445 = CARTESIAN_POINT('',(2.376164499865,15.479084586278));
#12446 = CARTESIAN_POINT('',(2.350091856085,15.470955448894));
#12447 = CARTESIAN_POINT('',(2.324039377175,15.462296219371));
#12448 = CARTESIAN_POINT('',(2.298008180264,15.453117811512));
#12449 = CARTESIAN_POINT('',(2.229871115178,15.427744546005));
#12450 = CARTESIAN_POINT('',(2.187800886296,15.410726361223));
#12451 = CARTESIAN_POINT('',(2.14579337943,15.392429940655));
#12452 = CARTESIAN_POINT('',(2.103850616338,15.372915046036));
#12453 = CARTESIAN_POINT('',(2.061973268603,15.352248537685));
#12454 = CARTESIAN_POINT('',(1.97800305767,15.308578027942));
#12455 = CARTESIAN_POINT('',(1.935910546191,15.285555616962));
#12456 = CARTESIAN_POINT('',(1.893884804761,15.26151146425));
#12457 = CARTESIAN_POINT('',(1.85192364377,15.2365258304));
#12458 = CARTESIAN_POINT('',(1.810023545862,15.210683561929));
#12459 = CARTESIAN_POINT('',(1.742303167224,15.167616346947));
#12460 = CARTESIAN_POINT('',(1.716447378815,15.150865520782));
#12461 = CARTESIAN_POINT('',(1.690612295012,15.133841811103));
#12462 = CARTESIAN_POINT('',(1.664796687538,15.116566548127));
#12463 = CARTESIAN_POINT('',(1.638999177713,15.099061459045));
#12464 = CARTESIAN_POINT('',(1.595614578906,15.069254078304));
#12465 = CARTESIAN_POINT('',(1.578018643452,15.057062635889));
#12466 = CARTESIAN_POINT('',(1.560429941067,15.044781371157));
#12467 = CARTESIAN_POINT('',(1.54284795822,15.032417371371));
#12468 = CARTESIAN_POINT('',(1.525272156869,15.019977780689));
#12469 = CARTESIAN_POINT('',(1.467223481363,14.978653696157));
#12470 = CARTESIAN_POINT('',(1.42677488734,14.94947450632));
#12471 = CARTESIAN_POINT('',(1.386349126232,14.92002048589));
#12472 = CARTESIAN_POINT('',(1.345938848766,14.89038068958));
#12473 = CARTESIAN_POINT('',(1.305536422555,14.860644971578));
#12474 = CARTESIAN_POINT('',(1.208582646187,14.789275586261));
#12475 = CARTESIAN_POINT('',(1.15203088911,14.747636359299));
#12476 = CARTESIAN_POINT('',(1.09545791291,14.706234371611));
#12477 = CARTESIAN_POINT('',(1.038842057069,14.66531849787));
#12478 = CARTESIAN_POINT('',(0.982163003839,14.625136059566));
#12479 = CARTESIAN_POINT('',(0.900643282547,14.568827264679));
#12480 = CARTESIAN_POINT('',(0.875867306619,14.551909933143));
#12481 = CARTESIAN_POINT('',(0.851074688536,14.535198697545));
#12482 = CARTESIAN_POINT('',(0.826264137835,14.51871354179));
#12483 = CARTESIAN_POINT('',(0.801434490853,14.502474205646));
#12484 = CARTESIAN_POINT('',(0.737238519775,14.461207531328));
#12485 = CARTESIAN_POINT('',(0.697841627116,14.436579851428));
#12486 = CARTESIAN_POINT('',(0.658390440494,14.412694625245));
#12487 = CARTESIAN_POINT('',(0.618881675395,14.389626988825));
#12488 = CARTESIAN_POINT('',(0.579313119419,14.367449067883));
#12489 = CARTESIAN_POINT('',(0.450458270767,14.29845192917));
#12490 = CARTESIAN_POINT('',(0.360896930381,14.255515477171));
#12491 = CARTESIAN_POINT('',(0.271047309565,14.218236177389));
#12492 = CARTESIAN_POINT('',(0.180918509202,14.187261660859));
#12493 = CARTESIAN_POINT('',(9.052641099085E-02,14.163086717236));
#12494 = CARTESIAN_POINT('',(0.,14.145968696502));
#12495 = ( GEOMETRIC_REPRESENTATION_CONTEXT(2) 
PARAMETRIC_REPRESENTATION_CONTEXT() REPRESENTATION_CONTEXT('2D SPACE',''
  ) );
#12496 = ADVANCED_FACE('',(#12497,#12500),#11528,.F.);
#12497 = FACE_BOUND('',#12498,.F.);
#12498 = EDGE_LOOP('',(#12499));
#12499 = ORIENTED_EDGE('',*,*,#11513,.T.);
#12500 = FACE_BOUND('',#12501,.F.);
#12501 = EDGE_LOOP('',(#12502));
#12502 = ORIENTED_EDGE('',*,*,#12503,.F.);
#12503 = EDGE_CURVE('',#12504,#12504,#12506,.T.);
#12504 = VERTEX_POINT('',#12505);
#12505 = CARTESIAN_POINT('',(-98.3,35.,24.));
#12506 = SURFACE_CURVE('',#12507,(#12512,#12519),.PCURVE_S1.);
#12507 = CIRCLE('',#12508,1.7);
#12508 = AXIS2_PLACEMENT_3D('',#12509,#12510,#12511);
#12509 = CARTESIAN_POINT('',(-100.,35.,24.));
#12510 = DIRECTION('',(0.,0.,1.));
#12511 = DIRECTION('',(1.,0.,-0.));
#12512 = PCURVE('',#11528,#12513);
#12513 = DEFINITIONAL_REPRESENTATION('',(#12514),#12518);
#12514 = CIRCLE('',#12515,1.7);
#12515 = AXIS2_PLACEMENT_2D('',#12516,#12517);
#12516 = CARTESIAN_POINT('',(0.,0.));
#12517 = DIRECTION('',(1.,0.));
#12518 = ( GEOMETRIC_REPRESENTATION_CONTEXT(2) 
PARAMETRIC_REPRESENTATION_CONTEXT() REPRESENTATION_CONTEXT('2D SPACE',''
  ) );
#12519 = PCURVE('',#12520,#12525);
#12520 = CYLINDRICAL_SURFACE('',#12521,1.7);
#12521 = AXIS2_PLACEMENT_3D('',#12522,#12523,#12524);
#12522 = CARTESIAN_POINT('',(-100.,35.,24.));
#12523 = DIRECTION('',(0.,0.,1.));
#12524 = DIRECTION('',(1.,0.,-0.));
#12525 = DEFINITIONAL_REPRESENTATION('',(#12526),#12530);
#12526 = LINE('',#12527,#12528);
#12527 = CARTESIAN_POINT('',(0.,0.));
#12528 = VECTOR('',#12529,1.);
#12529 = DIRECTION('',(1.,0.));
#12530 = ( GEOMETRIC_REPRESENTATION_CONTEXT(2) 
PARAMETRIC_REPRESENTATION_CONTEXT() REPRESENTATION_CONTEXT('2D SPACE',''
  ) );
#12531 = ADVANCED_FACE('',(#12532,#12535),#11584,.F.);
#12532 = FACE_BOUND('',#12533,.F.);
#12533 = EDGE_LOOP('',(#12534));
#12534 = ORIENTED_EDGE('',*,*,#11569,.T.);
#12535 = FACE_BOUND('',#12536,.F.);
#12536 = EDGE_LOOP('',(#12537));
#12537 = ORIENTED_EDGE('',*,*,#12538,.F.);
#12538 = EDGE_CURVE('',#12539,#12539,#12541,.T.);
#12539 = VERTEX_POINT('',#12540);
#12540 = CARTESIAN_POINT('',(101.7,35.,24.));
#12541 = SURFACE_CURVE('',#12542,(#12547,#12554),.PCURVE_S1.);
#12542 = CIRCLE('',#12543,1.7);
#12543 = AXIS2_PLACEMENT_3D('',#12544,#12545,#12546);
#12544 = CARTESIAN_POINT('',(100.,35.,24.));
#12545 = DIRECTION('',(0.,0.,1.));
#12546 = DIRECTION('',(1.,0.,-0.));
#12547 = PCURVE('',#11584,#12548);
#12548 = DEFINITIONAL_REPRESENTATION('',(#12549),#12553);
#12549 = CIRCLE('',#12550,1.7);
#12550 = AXIS2_PLACEMENT_2D('',#12551,#12552);
#12551 = CARTESIAN_POINT('',(0.,0.));
#12552 = DIRECTION('',(1.,0.));
#12553 = ( GEOMETRIC_REPRESENTATION_CONTEXT(2) 
PARAMETRIC_REPRESENTATION_CONTEXT() REPRESENTATION_CONTEXT('2D SPACE',''
  ) );
#12554 = PCURVE('',#12555,#12560);
#12555 = CYLINDRICAL_SURFACE('',#12556,1.7);
#12556 = AXIS2_PLACEMENT_3D('',#12557,#12558,#12559);
#12557 = CARTESIAN_POINT('',(100.,35.,24.));
#12558 = DIRECTION('',(0.,0.,1.));
#12559 = DIRECTION('',(1.,0.,-0.));
#12560 = DEFINITIONAL_REPRESENTATION('',(#12561),#12565);
#12561 = LINE('',#12562,#12563);
#12562 = CARTESIAN_POINT('',(0.,0.));
#12563 = VECTOR('',#12564,1.);
#12564 = DIRECTION('',(1.,0.));
#12565 = ( GEOMETRIC_REPRESENTATION_CONTEXT(2) 
PARAMETRIC_REPRESENTATION_CONTEXT() REPRESENTATION_CONTEXT('2D SPACE',''
  ) );
#12566 = ADVANCED_FACE('',(#12567),#11761,.F.);
#12567 = FACE_BOUND('',#12568,.F.);
#12568 = EDGE_LOOP('',(#12569,#12570,#12593,#12620,#12621));
#12569 = ORIENTED_EDGE('',*,*,#11842,.T.);
#12570 = ORIENTED_EDGE('',*,*,#12571,.F.);
#12571 = EDGE_CURVE('',#12572,#11606,#12574,.T.);
#12572 = VERTEX_POINT('',#12573);
#12573 = CARTESIAN_POINT('',(-96.,35.,27.));
#12574 = SEAM_CURVE('',#12575,(#12579,#12586),.PCURVE_S1.);
#12575 = LINE('',#12576,#12577);
#12576 = CARTESIAN_POINT('',(-96.,35.,27.));
#12577 = VECTOR('',#12578,1.);
#12578 = DIRECTION('',(0.,0.,1.));
#12579 = PCURVE('',#11761,#12580);
#12580 = DEFINITIONAL_REPRESENTATION('',(#12581),#12585);
#12581 = LINE('',#12582,#12583);
#12582 = CARTESIAN_POINT('',(6.28318530718,-0.));
#12583 = VECTOR('',#12584,1.);
#12584 = DIRECTION('',(0.,1.));
#12585 = ( GEOMETRIC_REPRESENTATION_CONTEXT(2) 
PARAMETRIC_REPRESENTATION_CONTEXT() REPRESENTATION_CONTEXT('2D SPACE',''
  ) );
#12586 = PCURVE('',#11761,#12587);
#12587 = DEFINITIONAL_REPRESENTATION('',(#12588),#12592);
#12588 = LINE('',#12589,#12590);
#12589 = CARTESIAN_POINT('',(0.,-0.));
#12590 = VECTOR('',#12591,1.);
#12591 = DIRECTION('',(0.,1.));
#12592 = ( GEOMETRIC_REPRESENTATION_CONTEXT(2) 
PARAMETRIC_REPRESENTATION_CONTEXT() REPRESENTATION_CONTEXT('2D SPACE',''
  ) );
#12593 = ORIENTED_EDGE('',*,*,#12594,.T.);
#12594 = EDGE_CURVE('',#12572,#12572,#12595,.T.);
#12595 = SURFACE_CURVE('',#12596,(#12601,#12608),.PCURVE_S1.);
#12596 = CIRCLE('',#12597,4.);
#12597 = AXIS2_PLACEMENT_3D('',#12598,#12599,#12600);
#12598 = CARTESIAN_POINT('',(-100.,35.,27.));
#12599 = DIRECTION('',(0.,0.,1.));
#12600 = DIRECTION('',(1.,0.,-0.));
#12601 = PCURVE('',#11761,#12602);
#12602 = DEFINITIONAL_REPRESENTATION('',(#12603),#12607);
#12603 = LINE('',#12604,#12605);
#12604 = CARTESIAN_POINT('',(0.,0.));
#12605 = VECTOR('',#12606,1.);
#12606 = DIRECTION('',(1.,0.));
#12607 = ( GEOMETRIC_REPRESENTATION_CONTEXT(2) 
PARAMETRIC_REPRESENTATION_CONTEXT() REPRESENTATION_CONTEXT('2D SPACE',''
  ) );
#12608 = PCURVE('',#12609,#12614);
#12609 = PLANE('',#12610);
#12610 = AXIS2_PLACEMENT_3D('',#12611,#12612,#12613);
#12611 = CARTESIAN_POINT('',(-100.,35.,27.));
#12612 = DIRECTION('',(0.,0.,1.));
#12613 = DIRECTION('',(1.,0.,-0.));
#12614 = DEFINITIONAL_REPRESENTATION('',(#12615),#12619);
#12615 = CIRCLE('',#12616,4.);
#12616 = AXIS2_PLACEMENT_2D('',#12617,#12618);
#12617 = CARTESIAN_POINT('',(0.,0.));
#12618 = DIRECTION('',(1.,0.));
#12619 = ( GEOMETRIC_REPRESENTATION_CONTEXT(2) 
PARAMETRIC_REPRESENTATION_CONTEXT() REPRESENTATION_CONTEXT('2D SPACE',''
  ) );
#12620 = ORIENTED_EDGE('',*,*,#12571,.T.);
#12621 = ORIENTED_EDGE('',*,*,#11605,.T.);
#12622 = ADVANCED_FACE('',(#12623),#12113,.F.);
#12623 = FACE_BOUND('',#12624,.F.);
#12624 = EDGE_LOOP('',(#12625,#12626,#12649,#12676,#12677));
#12625 = ORIENTED_EDGE('',*,*,#12149,.T.);
#12626 = ORIENTED_EDGE('',*,*,#12627,.F.);
#12627 = EDGE_CURVE('',#12628,#12048,#12630,.T.);
#12628 = VERTEX_POINT('',#12629);
#12629 = CARTESIAN_POINT('',(104.,35.,27.));
#12630 = SEAM_CURVE('',#12631,(#12635,#12642),.PCURVE_S1.);
#12631 = LINE('',#12632,#12633);
#12632 = CARTESIAN_POINT('',(104.,35.,27.));
#12633 = VECTOR('',#12634,1.);
#12634 = DIRECTION('',(0.,0.,1.));
#12635 = PCURVE('',#12113,#12636);
#12636 = DEFINITIONAL_REPRESENTATION('',(#12637),#12641);
#12637 = LINE('',#12638,#12639);
#12638 = CARTESIAN_POINT('',(6.28318530718,-0.));
#12639 = VECTOR('',#12640,1.);
#12640 = DIRECTION('',(0.,1.));
#12641 = ( GEOMETRIC_REPRESENTATION_CONTEXT(2) 
PARAMETRIC_REPRESENTATION_CONTEXT() REPRESENTATION_CONTEXT('2D SPACE',''
  ) );
#12642 = PCURVE('',#12113,#12643);
#12643 = DEFINITIONAL_REPRESENTATION('',(#12644),#12648);
#12644 = LINE('',#12645,#12646);
#12645 = CARTESIAN_POINT('',(0.,-0.));
#12646 = VECTOR('',#12647,1.);
#12647 = DIRECTION('',(0.,1.));
#12648 = ( GEOMETRIC_REPRESENTATION_CONTEXT(2) 
PARAMETRIC_REPRESENTATION_CONTEXT() REPRESENTATION_CONTEXT('2D SPACE',''
  ) );
#12649 = ORIENTED_EDGE('',*,*,#12650,.T.);
#12650 = EDGE_CURVE('',#12628,#12628,#12651,.T.);
#12651 = SURFACE_CURVE('',#12652,(#12657,#12664),.PCURVE_S1.);
#12652 = CIRCLE('',#12653,4.);
#12653 = AXIS2_PLACEMENT_3D('',#12654,#12655,#12656);
#12654 = CARTESIAN_POINT('',(100.,35.,27.));
#12655 = DIRECTION('',(0.,0.,1.));
#12656 = DIRECTION('',(1.,0.,-0.));
#12657 = PCURVE('',#12113,#12658);
#12658 = DEFINITIONAL_REPRESENTATION('',(#12659),#12663);
#12659 = LINE('',#12660,#12661);
#12660 = CARTESIAN_POINT('',(0.,0.));
#12661 = VECTOR('',#12662,1.);
#12662 = DIRECTION('',(1.,0.));
#12663 = ( GEOMETRIC_REPRESENTATION_CONTEXT(2) 
PARAMETRIC_REPRESENTATION_CONTEXT() REPRESENTATION_CONTEXT('2D SPACE',''
  ) );
#12664 = PCURVE('',#12665,#12670);
#12665 = PLANE('',#12666);
#12666 = AXIS2_PLACEMENT_3D('',#12667,#12668,#12669);
#12667 = CARTESIAN_POINT('',(100.,35.,27.));
#12668 = DIRECTION('',(0.,0.,1.));
#12669 = DIRECTION('',(1.,0.,-0.));
#12670 = DEFINITIONAL_REPRESENTATION('',(#12671),#12675);
#12671 = CIRCLE('',#12672,4.);
#12672 = AXIS2_PLACEMENT_2D('',#12673,#12674);
#12673 = CARTESIAN_POINT('',(0.,0.));
#12674 = DIRECTION('',(1.,0.));
#12675 = ( GEOMETRIC_REPRESENTATION_CONTEXT(2) 
PARAMETRIC_REPRESENTATION_CONTEXT() REPRESENTATION_CONTEXT('2D SPACE',''
  ) );
#12676 = ORIENTED_EDGE('',*,*,#12627,.T.);
#12677 = ORIENTED_EDGE('',*,*,#12047,.T.);
#12678 = ADVANCED_FACE('',(#12679),#12520,.F.);
#12679 = FACE_BOUND('',#12680,.F.);
#12680 = EDGE_LOOP('',(#12681,#12705,#12726,#12727));
#12681 = ORIENTED_EDGE('',*,*,#12682,.F.);
#12682 = EDGE_CURVE('',#12683,#12683,#12685,.T.);
#12683 = VERTEX_POINT('',#12684);
#12684 = CARTESIAN_POINT('',(-98.3,35.,27.));
#12685 = SURFACE_CURVE('',#12686,(#12691,#12698),.PCURVE_S1.);
#12686 = CIRCLE('',#12687,1.7);
#12687 = AXIS2_PLACEMENT_3D('',#12688,#12689,#12690);
#12688 = CARTESIAN_POINT('',(-100.,35.,27.));
#12689 = DIRECTION('',(0.,0.,1.));
#12690 = DIRECTION('',(1.,0.,-0.));
#12691 = PCURVE('',#12520,#12692);
#12692 = DEFINITIONAL_REPRESENTATION('',(#12693),#12697);
#12693 = LINE('',#12694,#12695);
#12694 = CARTESIAN_POINT('',(0.,3.));
#12695 = VECTOR('',#12696,1.);
#12696 = DIRECTION('',(1.,0.));
#12697 = ( GEOMETRIC_REPRESENTATION_CONTEXT(2) 
PARAMETRIC_REPRESENTATION_CONTEXT() REPRESENTATION_CONTEXT('2D SPACE',''
  ) );
#12698 = PCURVE('',#12609,#12699);
#12699 = DEFINITIONAL_REPRESENTATION('',(#12700),#12704);
#12700 = CIRCLE('',#12701,1.7);
#12701 = AXIS2_PLACEMENT_2D('',#12702,#12703);
#12702 = CARTESIAN_POINT('',(0.,0.));
#12703 = DIRECTION('',(1.,0.));
#12704 = ( GEOMETRIC_REPRESENTATION_CONTEXT(2) 
PARAMETRIC_REPRESENTATION_CONTEXT() REPRESENTATION_CONTEXT('2D SPACE',''
  ) );
#12705 = ORIENTED_EDGE('',*,*,#12706,.F.);
#12706 = EDGE_CURVE('',#12504,#12683,#12707,.T.);
#12707 = SEAM_CURVE('',#12708,(#12712,#12719),.PCURVE_S1.);
#12708 = LINE('',#12709,#12710);
#12709 = CARTESIAN_POINT('',(-98.3,35.,24.));
#12710 = VECTOR('',#12711,1.);
#12711 = DIRECTION('',(0.,0.,1.));
#12712 = PCURVE('',#12520,#12713);
#12713 = DEFINITIONAL_REPRESENTATION('',(#12714),#12718);
#12714 = LINE('',#12715,#12716);
#12715 = CARTESIAN_POINT('',(6.28318530718,-0.));
#12716 = VECTOR('',#12717,1.);
#12717 = DIRECTION('',(0.,1.));
#12718 = ( GEOMETRIC_REPRESENTATION_CONTEXT(2) 
PARAMETRIC_REPRESENTATION_CONTEXT() REPRESENTATION_CONTEXT('2D SPACE',''
  ) );
#12719 = PCURVE('',#12520,#12720);
#12720 = DEFINITIONAL_REPRESENTATION('',(#12721),#12725);
#12721 = LINE('',#12722,#12723);
#12722 = CARTESIAN_POINT('',(0.,-0.));
#12723 = VECTOR('',#12724,1.);
#12724 = DIRECTION('',(0.,1.));
#12725 = ( GEOMETRIC_REPRESENTATION_CONTEXT(2) 
PARAMETRIC_REPRESENTATION_CONTEXT() REPRESENTATION_CONTEXT('2D SPACE',''
  ) );
#12726 = ORIENTED_EDGE('',*,*,#12503,.T.);
#12727 = ORIENTED_EDGE('',*,*,#12706,.T.);
#12728 = ADVANCED_FACE('',(#12729),#12555,.F.);
#12729 = FACE_BOUND('',#12730,.F.);
#12730 = EDGE_LOOP('',(#12731,#12755,#12776,#12777));
#12731 = ORIENTED_EDGE('',*,*,#12732,.F.);
#12732 = EDGE_CURVE('',#12733,#12733,#12735,.T.);
#12733 = VERTEX_POINT('',#12734);
#12734 = CARTESIAN_POINT('',(101.7,35.,27.));
#12735 = SURFACE_CURVE('',#12736,(#12741,#12748),.PCURVE_S1.);
#12736 = CIRCLE('',#12737,1.7);
#12737 = AXIS2_PLACEMENT_3D('',#12738,#12739,#12740);
#12738 = CARTESIAN_POINT('',(100.,35.,27.));
#12739 = DIRECTION('',(0.,0.,1.));
#12740 = DIRECTION('',(1.,0.,-0.));
#12741 = PCURVE('',#12555,#12742);
#12742 = DEFINITIONAL_REPRESENTATION('',(#12743),#12747);
#12743 = LINE('',#12744,#12745);
#12744 = CARTESIAN_POINT('',(0.,3.));
#12745 = VECTOR('',#12746,1.);
#12746 = DIRECTION('',(1.,0.));
#12747 = ( GEOMETRIC_REPRESENTATION_CONTEXT(2) 
PARAMETRIC_REPRESENTATION_CONTEXT() REPRESENTATION_CONTEXT('2D SPACE',''
  ) );
#12748 = PCURVE('',#12665,#12749);
#12749 = DEFINITIONAL_REPRESENTATION('',(#12750),#12754);
#12750 = CIRCLE('',#12751,1.7);
#12751 = AXIS2_PLACEMENT_2D('',#12752,#12753);
#12752 = CARTESIAN_POINT('',(0.,0.));
#12753 = DIRECTION('',(1.,0.));
#12754 = ( GEOMETRIC_REPRESENTATION_CONTEXT(2) 
PARAMETRIC_REPRESENTATION_CONTEXT() REPRESENTATION_CONTEXT('2D SPACE',''
  ) );
#12755 = ORIENTED_EDGE('',*,*,#12756,.F.);
#12756 = EDGE_CURVE('',#12539,#12733,#12757,.T.);
#12757 = SEAM_CURVE('',#12758,(#12762,#12769),.PCURVE_S1.);
#12758 = LINE('',#12759,#12760);
#12759 = CARTESIAN_POINT('',(101.7,35.,24.));
#12760 = VECTOR('',#12761,1.);
#12761 = DIRECTION('',(0.,0.,1.));
#12762 = PCURVE('',#12555,#12763);
#12763 = DEFINITIONAL_REPRESENTATION('',(#12764),#12768);
#12764 = LINE('',#12765,#12766);
#12765 = CARTESIAN_POINT('',(6.28318530718,-0.));
#12766 = VECTOR('',#12767,1.);
#12767 = DIRECTION('',(0.,1.));
#12768 = ( GEOMETRIC_REPRESENTATION_CONTEXT(2) 
PARAMETRIC_REPRESENTATION_CONTEXT() REPRESENTATION_CONTEXT('2D SPACE',''
  ) );
#12769 = PCURVE('',#12555,#12770);
#12770 = DEFINITIONAL_REPRESENTATION('',(#12771),#12775);
#12771 = LINE('',#12772,#12773);
#12772 = CARTESIAN_POINT('',(0.,-0.));
#12773 = VECTOR('',#12774,1.);
#12774 = DIRECTION('',(0.,1.));
#12775 = ( GEOMETRIC_REPRESENTATION_CONTEXT(2) 
PARAMETRIC_REPRESENTATION_CONTEXT() REPRESENTATION_CONTEXT('2D SPACE',''
  ) );
#12776 = ORIENTED_EDGE('',*,*,#12538,.T.);
#12777 = ORIENTED_EDGE('',*,*,#12756,.T.);
#12778 = ADVANCED_FACE('',(#12779,#12782),#12609,.T.);
#12779 = FACE_BOUND('',#12780,.T.);
#12780 = EDGE_LOOP('',(#12781));
#12781 = ORIENTED_EDGE('',*,*,#12594,.T.);
#12782 = FACE_BOUND('',#12783,.T.);
#12783 = EDGE_LOOP('',(#12784));
#12784 = ORIENTED_EDGE('',*,*,#12682,.F.);
#12785 = ADVANCED_FACE('',(#12786,#12789),#12665,.T.);
#12786 = FACE_BOUND('',#12787,.T.);
#12787 = EDGE_LOOP('',(#12788));
#12788 = ORIENTED_EDGE('',*,*,#12650,.T.);
#12789 = FACE_BOUND('',#12790,.T.);
#12790 = EDGE_LOOP('',(#12791));
#12791 = ORIENTED_EDGE('',*,*,#12732,.F.);
#12792 = ( GEOMETRIC_REPRESENTATION_CONTEXT(3) 
GLOBAL_UNCERTAINTY_ASSIGNED_CONTEXT((#12796)) 
GLOBAL_UNIT_ASSIGNED_CONTEXT((#12793,#12794,#12795)) 
REPRESENTATION_CONTEXT('Context #1',
  '3D Context with UNIT and UNCERTAINTY') );
#12793 = ( LENGTH_UNIT() NAMED_UNIT(*) SI_UNIT(.MILLI.,.METRE.) );
#12794 = ( NAMED_UNIT(*) PLANE_ANGLE_UNIT() SI_UNIT($,.RADIAN.) );
#12795 = ( NAMED_UNIT(*) SI_UNIT($,.STERADIAN.) SOLID_ANGLE_UNIT() );
#12796 = UNCERTAINTY_MEASURE_WITH_UNIT(LENGTH_MEASURE(2.E-05),#12793,
  'distance_accuracy_value','confusion accuracy');
#12797 = PRODUCT_RELATED_PRODUCT_CATEGORY('part',$,(#7));
ENDSEC;
END-ISO-10303-21;
