ISO-10303-21;
HEADER;
FILE_DESCRIPTION(('Open CASCADE Model'),'2;1');
FILE_NAME('Open CASCADE Shape Model','2026-09-27T16:10:33',('Author'),(
    'Open CASCADE'),'Open CASCADE STEP processor 7.9','Open CASCADE 7.9'
  ,'Unknown');
FILE_SCHEMA(('AUTOMOTIVE_DESIGN { 1 0 10303 214 1 1 1 1 }'));
ENDSEC;
DATA;
#1 = APPLICATION_PROTOCOL_DEFINITION('international standard',
  'automotive_design',2000,#2);
#2 = APPLICATION_CONTEXT(
  'core data for automotive mechanical design processes');
#3 = SHAPE_DEFINITION_REPRESENTATION(#4,#10);
#4 = PRODUCT_DEFINITION_SHAPE('','',#5);
#5 = PRODUCT_DEFINITION('design','',#6,#9);
#6 = PRODUCT_DEFINITION_FORMATION('','',#7);
#7 = PRODUCT('Open CASCADE STEP translator 7.9 4',
  'Open CASCADE STEP translator 7.9 4','',(#8));
#8 = PRODUCT_CONTEXT('',#2,'mechanical');
#9 = PRODUCT_DEFINITION_CONTEXT('part definition',#2,'design');
#10 = SHAPE_REPRESENTATION('',(#11,#15,#19,#23),#27);
#11 = AXIS2_PLACEMENT_3D('',#12,#13,#14);
#12 = CARTESIAN_POINT('',(0.,0.,0.));
#13 = DIRECTION('',(0.,0.,1.));
#14 = DIRECTION('',(1.,0.,-0.));
#15 = AXIS2_PLACEMENT_3D('',#16,#17,#18);
#16 = CARTESIAN_POINT('',(0.,0.,0.));
#17 = DIRECTION('',(0.,0.,1.));
#18 = DIRECTION('',(1.,0.,0.));
#19 = AXIS2_PLACEMENT_3D('',#20,#21,#22);
#20 = CARTESIAN_POINT('',(0.,0.,0.));
#21 = DIRECTION('',(0.,0.,1.));
#22 = DIRECTION('',(1.,0.,-0.));
#23 = AXIS2_PLACEMENT_3D('',#24,#25,#26);
#24 = CARTESIAN_POINT('',(0.,0.,170.));
#25 = DIRECTION('',(-0.,1.,0.));
#26 = DIRECTION('',(1.,0.,0.));
#27 = ( GEOMETRIC_REPRESENTATION_CONTEXT(3) 
GLOBAL_UNCERTAINTY_ASSIGNED_CONTEXT((#31)) GLOBAL_UNIT_ASSIGNED_CONTEXT(
(#28,#29,#30)) REPRESENTATION_CONTEXT('Context #1',
  '3D Context with UNIT and UNCERTAINTY') );
#28 = ( LENGTH_UNIT() NAMED_UNIT(*) SI_UNIT(.MILLI.,.METRE.) );
#29 = ( NAMED_UNIT(*) PLANE_ANGLE_UNIT() SI_UNIT($,.RADIAN.) );
#30 = ( NAMED_UNIT(*) SI_UNIT($,.STERADIAN.) SOLID_ANGLE_UNIT() );
#31 = UNCERTAINTY_MEASURE_WITH_UNIT(LENGTH_MEASURE(1.E-07),#28,
  'distance_accuracy_value','confusion accuracy');
#32 = PRODUCT_RELATED_PRODUCT_CATEGORY('part',$,(#7));
#33 = SHAPE_DEFINITION_REPRESENTATION(#34,#40);
#34 = PRODUCT_DEFINITION_SHAPE('','',#35);
#35 = PRODUCT_DEFINITION('design','',#36,#39);
#36 = PRODUCT_DEFINITION_FORMATION('','',#37);
#37 = PRODUCT('Open CASCADE STEP translator 7.9 4.1',
  'Open CASCADE STEP translator 7.9 4.1','',(#38));
#38 = PRODUCT_CONTEXT('',#2,'mechanical');
#39 = PRODUCT_DEFINITION_CONTEXT('part definition',#2,'design');
#40 = ADVANCED_BREP_SHAPE_REPRESENTATION('',(#11,#41),#8824);
#41 = MANIFOLD_SOLID_BREP('',#42);
#42 = CLOSED_SHELL('',(#43,#1295,#1689,#1737,#1791,#1942,#2009,#2370,
    #2418,#2554,#2608,#2801,#2828,#2905,#2954,#3003,#3030,#3085,#3140,
    #3195,#3250,#3305,#3360,#3419,#3474,#3529,#3584,#3639,#3968,#4016,
    #4070,#4191,#4258,#4605,#4658,#4788,#4842,#5276,#5303,#5433,#5472,
    #5679,#5709,#5717,#5770,#5795,#5822,#5936,#5965,#6004,#6057,#6096,
    #6103,#6830,#6864,#6898,#6932,#6966,#7000,#7034,#7064,#7098,#7132,
    #7166,#7200,#7248,#7282,#7373,#7380,#7436,#7483,#7537,#7735,#7769,
    #7795,#7851,#7905,#7939,#7945,#7972,#7978,#8005,#8032,#8067,#8094,
    #8121,#8156,#8183,#8210,#8237,#8264,#8291,#8318,#8372,#8399,#8453,
    #8480,#8507,#8534,#8561,#8588,#8615,#8642,#8669,#8696,#8723,#8749,
    #8757,#8783,#8810,#8816));
#43 = ADVANCED_FACE('',(#44,#436,#551,#586,#621,#656,#691,#726,#761,#796
    ,#831,#866,#901,#936),#59,.T.);
#44 = FACE_BOUND('',#45,.T.);
#45 = EDGE_LOOP('',(#46,#86,#114,#143,#171,#199,#232,#260,#293,#321,#349
    ,#382,#410));
#46 = ORIENTED_EDGE('',*,*,#47,.T.);
#47 = EDGE_CURVE('',#48,#50,#52,.T.);
#48 = VERTEX_POINT('',#49);
#49 = CARTESIAN_POINT('',(-17.4342622,-32.0483893,111.2));
#50 = VERTEX_POINT('',#51);
#51 = CARTESIAN_POINT('',(-24.52736918413,-34.28760072099,111.2));
#52 = SURFACE_CURVE('',#53,(#58,#74),.PCURVE_S1.);
#53 = CIRCLE('',#54,3.9);
#54 = AXIS2_PLACEMENT_3D('',#55,#56,#57);
#55 = CARTESIAN_POINT('',(-21.3342622,-32.0483893,111.2));
#56 = DIRECTION('',(0.,0.,-1.));
#57 = DIRECTION('',(1.,0.,0.));
#58 = PCURVE('',#59,#64);
#59 = PLANE('',#60);
#60 = AXIS2_PLACEMENT_3D('',#61,#62,#63);
#61 = CARTESIAN_POINT('',(-3.978007658297E-15,2.609787252938E-15,111.2)
  );
#62 = DIRECTION('',(0.,0.,1.));
#63 = DIRECTION('',(1.,0.,0.));
#64 = DEFINITIONAL_REPRESENTATION('',(#65),#73);
#65 = ( BOUNDED_CURVE() B_SPLINE_CURVE(2,(#66,#67,#68,#69,#70,#71,#72),
.UNSPECIFIED.,.T.,.F.) B_SPLINE_CURVE_WITH_KNOTS((1,2,2,2,2,1),(
    -2.094395102393,0.,2.094395102393,4.188790204786,6.28318530718,
8.377580409573),.UNSPECIFIED.) CURVE() GEOMETRIC_REPRESENTATION_ITEM() 
RATIONAL_B_SPLINE_CURVE((1.,0.5,1.,0.5,1.,0.5,1.)) REPRESENTATION_ITEM(
  '') );
#66 = CARTESIAN_POINT('',(-17.4342622,-32.0483893));
#67 = CARTESIAN_POINT('',(-17.4342622,-38.80338744951));
#68 = CARTESIAN_POINT('',(-23.2842622,-35.42588837475));
#69 = CARTESIAN_POINT('',(-29.1342622,-32.0483893));
#70 = CARTESIAN_POINT('',(-23.2842622,-28.67089022524));
#71 = CARTESIAN_POINT('',(-17.4342622,-25.29339115048));
#72 = CARTESIAN_POINT('',(-17.4342622,-32.0483893));
#73 = ( GEOMETRIC_REPRESENTATION_CONTEXT(2) 
PARAMETRIC_REPRESENTATION_CONTEXT() REPRESENTATION_CONTEXT('2D SPACE',''
  ) );
#74 = PCURVE('',#75,#80);
#75 = CYLINDRICAL_SURFACE('',#76,3.9);
#76 = AXIS2_PLACEMENT_3D('',#77,#78,#79);
#77 = CARTESIAN_POINT('',(-21.3342622,-32.0483893,109.2));
#78 = DIRECTION('',(-0.,-0.,-1.));
#79 = DIRECTION('',(1.,0.,0.));
#80 = DEFINITIONAL_REPRESENTATION('',(#81),#85);
#81 = LINE('',#82,#83);
#82 = CARTESIAN_POINT('',(-6.28318530718,-2.));
#83 = VECTOR('',#84,1.);
#84 = DIRECTION('',(1.,-0.));
#85 = ( GEOMETRIC_REPRESENTATION_CONTEXT(2) 
PARAMETRIC_REPRESENTATION_CONTEXT() REPRESENTATION_CONTEXT('2D SPACE',''
  ) );
#86 = ORIENTED_EDGE('',*,*,#87,.F.);
#87 = EDGE_CURVE('',#88,#50,#90,.T.);
#88 = VERTEX_POINT('',#89);
#89 = CARTESIAN_POINT('',(-51.0691345098,-58.50114101809,111.2));
#90 = SURFACE_CURVE('',#91,(#95,#102),.PCURVE_S1.);
#91 = LINE('',#92,#93);
#92 = CARTESIAN_POINT('',(-51.0691345098,-58.50114101809,111.2));
#93 = VECTOR('',#94,1.);
#94 = DIRECTION('',(0.738766024784,0.673961987522,-0.));
#95 = PCURVE('',#59,#96);
#96 = DEFINITIONAL_REPRESENTATION('',(#97),#101);
#97 = LINE('',#98,#99);
#98 = CARTESIAN_POINT('',(-51.0691345098,-58.50114101809));
#99 = VECTOR('',#100,1.);
#100 = DIRECTION('',(0.738766024784,0.673961987522));
#101 = ( GEOMETRIC_REPRESENTATION_CONTEXT(2) 
PARAMETRIC_REPRESENTATION_CONTEXT() REPRESENTATION_CONTEXT('2D SPACE',''
  ) );
#102 = PCURVE('',#103,#108);
#103 = CYLINDRICAL_SURFACE('',#104,0.8);
#104 = AXIS2_PLACEMENT_3D('',#105,#106,#107);
#105 = CARTESIAN_POINT('',(-51.0691345098,-58.50114101809,112.));
#106 = DIRECTION('',(0.738766024784,0.673961987522,-0.));
#107 = DIRECTION('',(0.,-0.,-1.));
#108 = DEFINITIONAL_REPRESENTATION('',(#109),#113);
#109 = LINE('',#110,#111);
#110 = CARTESIAN_POINT('',(0.,0.));
#111 = VECTOR('',#112,1.);
#112 = DIRECTION('',(0.,1.));
#113 = ( GEOMETRIC_REPRESENTATION_CONTEXT(2) 
PARAMETRIC_REPRESENTATION_CONTEXT() REPRESENTATION_CONTEXT('2D SPACE',''
  ) );
#114 = ORIENTED_EDGE('',*,*,#115,.F.);
#115 = EDGE_CURVE('',#116,#88,#118,.T.);
#116 = VERTEX_POINT('',#117);
#117 = CARTESIAN_POINT('',(-62.93086549019,-45.4988589819,111.2));
#118 = SURFACE_CURVE('',#119,(#124,#131),.PCURVE_S1.);
#119 = CIRCLE('',#120,8.8);
#120 = AXIS2_PLACEMENT_3D('',#121,#122,#123);
#121 = CARTESIAN_POINT('',(-57.,-52.,111.2));
#122 = DIRECTION('',(0.,0.,1.));
#123 = DIRECTION('',(-0.673961987522,0.738766024784,0.));
#124 = PCURVE('',#59,#125);
#125 = DEFINITIONAL_REPRESENTATION('',(#126),#130);
#126 = CIRCLE('',#127,8.8);
#127 = AXIS2_PLACEMENT_2D('',#128,#129);
#128 = CARTESIAN_POINT('',(-57.,-52.));
#129 = DIRECTION('',(-0.673961987522,0.738766024784));
#130 = ( GEOMETRIC_REPRESENTATION_CONTEXT(2) 
PARAMETRIC_REPRESENTATION_CONTEXT() REPRESENTATION_CONTEXT('2D SPACE',''
  ) );
#131 = PCURVE('',#132,#137);
#132 = TOROIDAL_SURFACE('',#133,8.8,0.8);
#133 = AXIS2_PLACEMENT_3D('',#134,#135,#136);
#134 = CARTESIAN_POINT('',(-57.,-52.,112.));
#135 = DIRECTION('',(-0.,-0.,-1.));
#136 = DIRECTION('',(-0.673961987522,0.738766024784,0.));
#137 = DEFINITIONAL_REPRESENTATION('',(#138),#142);
#138 = LINE('',#139,#140);
#139 = CARTESIAN_POINT('',(-0.,1.570796326795));
#140 = VECTOR('',#141,1.);
#141 = DIRECTION('',(-1.,0.));
#142 = ( GEOMETRIC_REPRESENTATION_CONTEXT(2) 
PARAMETRIC_REPRESENTATION_CONTEXT() REPRESENTATION_CONTEXT('2D SPACE',''
  ) );
#143 = ORIENTED_EDGE('',*,*,#144,.F.);
#144 = EDGE_CURVE('',#145,#116,#147,.T.);
#145 = VERTEX_POINT('',#146);
#146 = CARTESIAN_POINT('',(-47.31878705046,-31.25626110705,111.2));
#147 = SURFACE_CURVE('',#148,(#152,#159),.PCURVE_S1.);
#148 = LINE('',#149,#150);
#149 = CARTESIAN_POINT('',(-43.5562487268,-27.82377000477,111.2));
#150 = VECTOR('',#151,1.);
#151 = DIRECTION('',(-0.738766024784,-0.673961987522,0.));
#152 = PCURVE('',#59,#153);
#153 = DEFINITIONAL_REPRESENTATION('',(#154),#158);
#154 = LINE('',#155,#156);
#155 = CARTESIAN_POINT('',(-43.5562487268,-27.82377000477));
#156 = VECTOR('',#157,1.);
#157 = DIRECTION('',(-0.738766024784,-0.673961987522));
#158 = ( GEOMETRIC_REPRESENTATION_CONTEXT(2) 
PARAMETRIC_REPRESENTATION_CONTEXT() REPRESENTATION_CONTEXT('2D SPACE',''
  ) );
#159 = PCURVE('',#160,#165);
#160 = CYLINDRICAL_SURFACE('',#161,0.8);
#161 = AXIS2_PLACEMENT_3D('',#162,#163,#164);
#162 = CARTESIAN_POINT('',(-43.5562487268,-27.82377000477,112.));
#163 = DIRECTION('',(-0.738766024784,-0.673961987522,0.));
#164 = DIRECTION('',(-0.,0.,-1.));
#165 = DEFINITIONAL_REPRESENTATION('',(#166),#170);
#166 = LINE('',#167,#168);
#167 = CARTESIAN_POINT('',(0.,0.));
#168 = VECTOR('',#169,1.);
#169 = DIRECTION('',(0.,1.));
#170 = ( GEOMETRIC_REPRESENTATION_CONTEXT(2) 
PARAMETRIC_REPRESENTATION_CONTEXT() REPRESENTATION_CONTEXT('2D SPACE',''
  ) );
#171 = ORIENTED_EDGE('',*,*,#172,.T.);
#172 = EDGE_CURVE('',#145,#173,#175,.T.);
#173 = VERTEX_POINT('',#174);
#174 = CARTESIAN_POINT('',(-53.34795441667,-34.00640762497,111.2));
#175 = SURFACE_CURVE('',#176,(#180,#187),.PCURVE_S1.);
#176 = LINE('',#177,#178);
#177 = CARTESIAN_POINT('',(-42.68507499284,-29.14263806323,111.2));
#178 = VECTOR('',#179,1.);
#179 = DIRECTION('',(-0.909819048293,-0.415005179923,0.));
#180 = PCURVE('',#59,#181);
#181 = DEFINITIONAL_REPRESENTATION('',(#182),#186);
#182 = LINE('',#183,#184);
#183 = CARTESIAN_POINT('',(-42.68507499284,-29.14263806323));
#184 = VECTOR('',#185,1.);
#185 = DIRECTION('',(-0.909819048293,-0.415005179923));
#186 = ( GEOMETRIC_REPRESENTATION_CONTEXT(2) 
PARAMETRIC_REPRESENTATION_CONTEXT() REPRESENTATION_CONTEXT('2D SPACE',''
  ) );
#187 = PCURVE('',#188,#193);
#188 = CYLINDRICAL_SURFACE('',#189,0.8);
#189 = AXIS2_PLACEMENT_3D('',#190,#191,#192);
#190 = CARTESIAN_POINT('',(-42.68507499284,-29.14263806323,112.));
#191 = DIRECTION('',(-0.909819048293,-0.415005179923,0.));
#192 = DIRECTION('',(-0.,0.,-1.));
#193 = DEFINITIONAL_REPRESENTATION('',(#194),#198);
#194 = LINE('',#195,#196);
#195 = CARTESIAN_POINT('',(-0.,0.));
#196 = VECTOR('',#197,1.);
#197 = DIRECTION('',(-0.,1.));
#198 = ( GEOMETRIC_REPRESENTATION_CONTEXT(2) 
PARAMETRIC_REPRESENTATION_CONTEXT() REPRESENTATION_CONTEXT('2D SPACE',''
  ) );
#199 = ORIENTED_EDGE('',*,*,#200,.T.);
#200 = EDGE_CURVE('',#173,#201,#203,.T.);
#201 = VERTEX_POINT('',#202);
#202 = CARTESIAN_POINT('',(-60.65204558332,-17.99359237502,111.2));
#203 = SURFACE_CURVE('',#204,(#209,#220),.PCURVE_S1.);
#204 = CIRCLE('',#205,8.8);
#205 = AXIS2_PLACEMENT_3D('',#206,#207,#208);
#206 = CARTESIAN_POINT('',(-57.,-26.,111.2));
#207 = DIRECTION('',(0.,-0.,-1.));
#208 = DIRECTION('',(0.415005179923,-0.909819048293,0.));
#209 = PCURVE('',#59,#210);
#210 = DEFINITIONAL_REPRESENTATION('',(#211),#219);
#211 = ( BOUNDED_CURVE() B_SPLINE_CURVE(2,(#212,#213,#214,#215,#216,#217
,#218),.UNSPECIFIED.,.T.,.F.) B_SPLINE_CURVE_WITH_KNOTS((1,2,2,2,2,1),(
    -2.094395102393,0.,2.094395102393,4.188790204786,6.28318530718,
8.377580409573),.UNSPECIFIED.) CURVE() GEOMETRIC_REPRESENTATION_ITEM() 
RATIONAL_B_SPLINE_CURVE((1.,0.5,1.,0.5,1.,0.5,1.)) REPRESENTATION_ITEM(
  '') );
#212 = CARTESIAN_POINT('',(-53.34795441667,-34.00640762497));
#213 = CARTESIAN_POINT('',(-67.21545920924,-40.33193612685));
#214 = CARTESIAN_POINT('',(-65.75977518794,-25.15956043844));
#215 = CARTESIAN_POINT('',(-64.30409116664,-9.987184750042));
#216 = CARTESIAN_POINT('',(-51.89227039537,-18.83403193657));
#217 = CARTESIAN_POINT('',(-39.4804496241,-27.6808791231));
#218 = CARTESIAN_POINT('',(-53.34795441667,-34.00640762497));
#219 = ( GEOMETRIC_REPRESENTATION_CONTEXT(2) 
PARAMETRIC_REPRESENTATION_CONTEXT() REPRESENTATION_CONTEXT('2D SPACE',''
  ) );
#220 = PCURVE('',#221,#226);
#221 = TOROIDAL_SURFACE('',#222,8.8,0.8);
#222 = AXIS2_PLACEMENT_3D('',#223,#224,#225);
#223 = CARTESIAN_POINT('',(-57.,-26.,112.));
#224 = DIRECTION('',(-0.,-0.,-1.));
#225 = DIRECTION('',(0.415005179923,-0.909819048293,0.));
#226 = DEFINITIONAL_REPRESENTATION('',(#227),#231);
#227 = LINE('',#228,#229);
#228 = CARTESIAN_POINT('',(0.,1.570796326795));
#229 = VECTOR('',#230,1.);
#230 = DIRECTION('',(1.,0.));
#231 = ( GEOMETRIC_REPRESENTATION_CONTEXT(2) 
PARAMETRIC_REPRESENTATION_CONTEXT() REPRESENTATION_CONTEXT('2D SPACE',''
  ) );
#232 = ORIENTED_EDGE('',*,*,#233,.T.);
#233 = EDGE_CURVE('',#201,#234,#236,.T.);
#234 = VERTEX_POINT('',#235);
#235 = CARTESIAN_POINT('',(-41.30686175654,-9.169473436492,111.2));
#236 = SURFACE_CURVE('',#237,(#241,#248),.PCURVE_S1.);
#237 = LINE('',#238,#239);
#238 = CARTESIAN_POINT('',(-60.65204558332,-17.99359237502,111.2));
#239 = VECTOR('',#240,1.);
#240 = DIRECTION('',(0.909819048293,0.415005179923,-0.));
#241 = PCURVE('',#59,#242);
#242 = DEFINITIONAL_REPRESENTATION('',(#243),#247);
#243 = LINE('',#244,#245);
#244 = CARTESIAN_POINT('',(-60.65204558332,-17.99359237502));
#245 = VECTOR('',#246,1.);
#246 = DIRECTION('',(0.909819048293,0.415005179923));
#247 = ( GEOMETRIC_REPRESENTATION_CONTEXT(2) 
PARAMETRIC_REPRESENTATION_CONTEXT() REPRESENTATION_CONTEXT('2D SPACE',''
  ) );
#248 = PCURVE('',#249,#254);
#249 = CYLINDRICAL_SURFACE('',#250,0.8);
#250 = AXIS2_PLACEMENT_3D('',#251,#252,#253);
#251 = CARTESIAN_POINT('',(-60.65204558332,-17.99359237502,112.));
#252 = DIRECTION('',(0.909819048293,0.415005179923,-0.));
#253 = DIRECTION('',(0.,-0.,-1.));
#254 = DEFINITIONAL_REPRESENTATION('',(#255),#259);
#255 = LINE('',#256,#257);
#256 = CARTESIAN_POINT('',(-0.,0.));
#257 = VECTOR('',#258,1.);
#258 = DIRECTION('',(-0.,1.));
#259 = ( GEOMETRIC_REPRESENTATION_CONTEXT(2) 
PARAMETRIC_REPRESENTATION_CONTEXT() REPRESENTATION_CONTEXT('2D SPACE',''
  ) );
#260 = ORIENTED_EDGE('',*,*,#261,.T.);
#261 = EDGE_CURVE('',#234,#262,#264,.T.);
#262 = VERTEX_POINT('',#263);
#263 = CARTESIAN_POINT('',(-33.8472348,-7.5760319,111.2));
#264 = SURFACE_CURVE('',#265,(#270,#281),.PCURVE_S1.);
#265 = CIRCLE('',#266,3.9);
#266 = AXIS2_PLACEMENT_3D('',#267,#268,#269);
#267 = CARTESIAN_POINT('',(-37.7472348,-7.5760319,111.2));
#268 = DIRECTION('',(0.,0.,-1.));
#269 = DIRECTION('',(1.,0.,0.));
#270 = PCURVE('',#59,#271);
#271 = DEFINITIONAL_REPRESENTATION('',(#272),#280);
#272 = ( BOUNDED_CURVE() B_SPLINE_CURVE(2,(#273,#274,#275,#276,#277,#278
,#279),.UNSPECIFIED.,.T.,.F.) B_SPLINE_CURVE_WITH_KNOTS((1,2,2,2,2,1),(
    -2.094395102393,0.,2.094395102393,4.188790204786,6.28318530718,
8.377580409573),.UNSPECIFIED.) CURVE() GEOMETRIC_REPRESENTATION_ITEM() 
RATIONAL_B_SPLINE_CURVE((1.,0.5,1.,0.5,1.,0.5,1.)) REPRESENTATION_ITEM(
  '') );
#273 = CARTESIAN_POINT('',(-33.8472348,-7.5760319));
#274 = CARTESIAN_POINT('',(-33.8472348,-14.33103004951));
#275 = CARTESIAN_POINT('',(-39.6972348,-10.95353097475));
#276 = CARTESIAN_POINT('',(-45.5472348,-7.5760319));
#277 = CARTESIAN_POINT('',(-39.6972348,-4.198532825241));
#278 = CARTESIAN_POINT('',(-33.8472348,-0.821033750481));
#279 = CARTESIAN_POINT('',(-33.8472348,-7.5760319));
#280 = ( GEOMETRIC_REPRESENTATION_CONTEXT(2) 
PARAMETRIC_REPRESENTATION_CONTEXT() REPRESENTATION_CONTEXT('2D SPACE',''
  ) );
#281 = PCURVE('',#282,#287);
#282 = CYLINDRICAL_SURFACE('',#283,3.9);
#283 = AXIS2_PLACEMENT_3D('',#284,#285,#286);
#284 = CARTESIAN_POINT('',(-37.7472348,-7.5760319,109.2));
#285 = DIRECTION('',(-0.,-0.,-1.));
#286 = DIRECTION('',(1.,0.,0.));
#287 = DEFINITIONAL_REPRESENTATION('',(#288),#292);
#288 = LINE('',#289,#290);
#289 = CARTESIAN_POINT('',(-6.28318530718,-2.));
#290 = VECTOR('',#291,1.);
#291 = DIRECTION('',(1.,-0.));
#292 = ( GEOMETRIC_REPRESENTATION_CONTEXT(2) 
PARAMETRIC_REPRESENTATION_CONTEXT() REPRESENTATION_CONTEXT('2D SPACE',''
  ) );
#293 = ORIENTED_EDGE('',*,*,#294,.T.);
#294 = EDGE_CURVE('',#262,#295,#297,.T.);
#295 = VERTEX_POINT('',#296);
#296 = CARTESIAN_POINT('',(-33.88551667503,-8.121131086666,111.2));
#297 = SURFACE_CURVE('',#298,(#303,#314),.PCURVE_S1.);
#298 = CIRCLE('',#299,3.9);
#299 = AXIS2_PLACEMENT_3D('',#300,#301,#302);
#300 = CARTESIAN_POINT('',(-37.7472348,-7.5760319,111.2));
#301 = DIRECTION('',(0.,0.,-1.));
#302 = DIRECTION('',(1.,0.,0.));
#303 = PCURVE('',#59,#304);
#304 = DEFINITIONAL_REPRESENTATION('',(#305),#313);
#305 = ( BOUNDED_CURVE() B_SPLINE_CURVE(2,(#306,#307,#308,#309,#310,#311
,#312),.UNSPECIFIED.,.T.,.F.) B_SPLINE_CURVE_WITH_KNOTS((1,2,2,2,2,1),(
    -2.094395102393,0.,2.094395102393,4.188790204786,6.28318530718,
8.377580409573),.UNSPECIFIED.) CURVE() GEOMETRIC_REPRESENTATION_ITEM() 
RATIONAL_B_SPLINE_CURVE((1.,0.5,1.,0.5,1.,0.5,1.)) REPRESENTATION_ITEM(
  '') );
#306 = CARTESIAN_POINT('',(-33.8472348,-7.5760319));
#307 = CARTESIAN_POINT('',(-33.8472348,-14.33103004951));
#308 = CARTESIAN_POINT('',(-39.6972348,-10.95353097475));
#309 = CARTESIAN_POINT('',(-45.5472348,-7.5760319));
#310 = CARTESIAN_POINT('',(-39.6972348,-4.198532825241));
#311 = CARTESIAN_POINT('',(-33.8472348,-0.821033750481));
#312 = CARTESIAN_POINT('',(-33.8472348,-7.5760319));
#313 = ( GEOMETRIC_REPRESENTATION_CONTEXT(2) 
PARAMETRIC_REPRESENTATION_CONTEXT() REPRESENTATION_CONTEXT('2D SPACE',''
  ) );
#314 = PCURVE('',#282,#315);
#315 = DEFINITIONAL_REPRESENTATION('',(#316),#320);
#316 = LINE('',#317,#318);
#317 = CARTESIAN_POINT('',(-6.28318530718,-2.));
#318 = VECTOR('',#319,1.);
#319 = DIRECTION('',(1.,-0.));
#320 = ( GEOMETRIC_REPRESENTATION_CONTEXT(2) 
PARAMETRIC_REPRESENTATION_CONTEXT() REPRESENTATION_CONTEXT('2D SPACE',''
  ) );
#321 = ORIENTED_EDGE('',*,*,#322,.T.);
#322 = EDGE_CURVE('',#295,#323,#325,.T.);
#323 = VERTEX_POINT('',#324);
#324 = CARTESIAN_POINT('',(-28.90610280537,-19.03753841629,111.2));
#325 = SURFACE_CURVE('',#326,(#330,#337),.PCURVE_S1.);
#326 = LINE('',#327,#328);
#327 = CARTESIAN_POINT('',(-33.509788598,-8.944842640145,111.2));
#328 = VECTOR('',#329,1.);
#329 = DIRECTION('',(0.415005179923,-0.909819048293,0.));
#330 = PCURVE('',#59,#331);
#331 = DEFINITIONAL_REPRESENTATION('',(#332),#336);
#332 = LINE('',#333,#334);
#333 = CARTESIAN_POINT('',(-33.509788598,-8.944842640145));
#334 = VECTOR('',#335,1.);
#335 = DIRECTION('',(0.415005179923,-0.909819048293));
#336 = ( GEOMETRIC_REPRESENTATION_CONTEXT(2) 
PARAMETRIC_REPRESENTATION_CONTEXT() REPRESENTATION_CONTEXT('2D SPACE',''
  ) );
#337 = PCURVE('',#338,#343);
#338 = CYLINDRICAL_SURFACE('',#339,0.8);
#339 = AXIS2_PLACEMENT_3D('',#340,#341,#342);
#340 = CARTESIAN_POINT('',(-33.509788598,-8.944842640145,112.));
#341 = DIRECTION('',(0.415005179923,-0.909819048293,0.));
#342 = DIRECTION('',(0.,-0.,-1.));
#343 = DEFINITIONAL_REPRESENTATION('',(#344),#348);
#344 = LINE('',#345,#346);
#345 = CARTESIAN_POINT('',(-0.,0.));
#346 = VECTOR('',#347,1.);
#347 = DIRECTION('',(-0.,1.));
#348 = ( GEOMETRIC_REPRESENTATION_CONTEXT(2) 
PARAMETRIC_REPRESENTATION_CONTEXT() REPRESENTATION_CONTEXT('2D SPACE',''
  ) );
#349 = ORIENTED_EDGE('',*,*,#350,.T.);
#350 = EDGE_CURVE('',#323,#351,#353,.T.);
#351 = VERTEX_POINT('',#352);
#352 = CARTESIAN_POINT('',(-28.8129488816,-19.16127694369,111.2));
#353 = SURFACE_CURVE('',#354,(#359,#370),.PCURVE_S1.);
#354 = CIRCLE('',#355,3.9);
#355 = AXIS2_PLACEMENT_3D('',#356,#357,#358);
#356 = CARTESIAN_POINT('',(-31.9746758,-21.4445822,111.2));
#357 = DIRECTION('',(0.,0.,-1.));
#358 = DIRECTION('',(1.,0.,0.));
#359 = PCURVE('',#59,#360);
#360 = DEFINITIONAL_REPRESENTATION('',(#361),#369);
#361 = ( BOUNDED_CURVE() B_SPLINE_CURVE(2,(#362,#363,#364,#365,#366,#367
,#368),.UNSPECIFIED.,.T.,.F.) B_SPLINE_CURVE_WITH_KNOTS((1,2,2,2,2,1),(
    -2.094395102393,0.,2.094395102393,4.188790204786,6.28318530718,
8.377580409573),.UNSPECIFIED.) CURVE() GEOMETRIC_REPRESENTATION_ITEM() 
RATIONAL_B_SPLINE_CURVE((1.,0.5,1.,0.5,1.,0.5,1.)) REPRESENTATION_ITEM(
  '') );
#362 = CARTESIAN_POINT('',(-28.0746758,-21.4445822));
#363 = CARTESIAN_POINT('',(-28.0746758,-28.19958034951));
#364 = CARTESIAN_POINT('',(-33.9246758,-24.82208127475));
#365 = CARTESIAN_POINT('',(-39.7746758,-21.4445822));
#366 = CARTESIAN_POINT('',(-33.9246758,-18.06708312524));
#367 = CARTESIAN_POINT('',(-28.0746758,-14.68958405048));
#368 = CARTESIAN_POINT('',(-28.0746758,-21.4445822));
#369 = ( GEOMETRIC_REPRESENTATION_CONTEXT(2) 
PARAMETRIC_REPRESENTATION_CONTEXT() REPRESENTATION_CONTEXT('2D SPACE',''
  ) );
#370 = PCURVE('',#371,#376);
#371 = CYLINDRICAL_SURFACE('',#372,3.9);
#372 = AXIS2_PLACEMENT_3D('',#373,#374,#375);
#373 = CARTESIAN_POINT('',(-31.9746758,-21.4445822,109.2));
#374 = DIRECTION('',(-0.,-0.,-1.));
#375 = DIRECTION('',(1.,0.,0.));
#376 = DEFINITIONAL_REPRESENTATION('',(#377),#381);
#377 = LINE('',#378,#379);
#378 = CARTESIAN_POINT('',(-6.28318530718,-2.));
#379 = VECTOR('',#380,1.);
#380 = DIRECTION('',(1.,-0.));
#381 = ( GEOMETRIC_REPRESENTATION_CONTEXT(2) 
PARAMETRIC_REPRESENTATION_CONTEXT() REPRESENTATION_CONTEXT('2D SPACE',''
  ) );
#382 = ORIENTED_EDGE('',*,*,#383,.T.);
#383 = EDGE_CURVE('',#351,#384,#386,.T.);
#384 = VERTEX_POINT('',#385);
#385 = CARTESIAN_POINT('',(-20.53952410678,-28.23022333147,111.2));
#386 = SURFACE_CURVE('',#387,(#391,#398),.PCURVE_S1.);
#387 = LINE('',#388,#389);
#388 = CARTESIAN_POINT('',(-27.49519333525,-20.60573975411,111.2));
#389 = VECTOR('',#390,1.);
#390 = DIRECTION('',(0.673961987522,-0.738766024784,0.));
#391 = PCURVE('',#59,#392);
#392 = DEFINITIONAL_REPRESENTATION('',(#393),#397);
#393 = LINE('',#394,#395);
#394 = CARTESIAN_POINT('',(-27.49519333525,-20.60573975411));
#395 = VECTOR('',#396,1.);
#396 = DIRECTION('',(0.673961987522,-0.738766024784));
#397 = ( GEOMETRIC_REPRESENTATION_CONTEXT(2) 
PARAMETRIC_REPRESENTATION_CONTEXT() REPRESENTATION_CONTEXT('2D SPACE',''
  ) );
#398 = PCURVE('',#399,#404);
#399 = CYLINDRICAL_SURFACE('',#400,0.8);
#400 = AXIS2_PLACEMENT_3D('',#401,#402,#403);
#401 = CARTESIAN_POINT('',(-27.49519333525,-20.60573975411,112.));
#402 = DIRECTION('',(0.673961987522,-0.738766024784,0.));
#403 = DIRECTION('',(0.,-0.,-1.));
#404 = DEFINITIONAL_REPRESENTATION('',(#405),#409);
#405 = LINE('',#406,#407);
#406 = CARTESIAN_POINT('',(-0.,0.));
#407 = VECTOR('',#408,1.);
#408 = DIRECTION('',(-0.,1.));
#409 = ( GEOMETRIC_REPRESENTATION_CONTEXT(2) 
PARAMETRIC_REPRESENTATION_CONTEXT() REPRESENTATION_CONTEXT('2D SPACE',''
  ) );
#410 = ORIENTED_EDGE('',*,*,#411,.T.);
#411 = EDGE_CURVE('',#384,#48,#412,.T.);
#412 = SURFACE_CURVE('',#413,(#418,#429),.PCURVE_S1.);
#413 = CIRCLE('',#414,3.9);
#414 = AXIS2_PLACEMENT_3D('',#415,#416,#417);
#415 = CARTESIAN_POINT('',(-21.3342622,-32.0483893,111.2));
#416 = DIRECTION('',(0.,0.,-1.));
#417 = DIRECTION('',(1.,0.,0.));
#418 = PCURVE('',#59,#419);
#419 = DEFINITIONAL_REPRESENTATION('',(#420),#428);
#420 = ( BOUNDED_CURVE() B_SPLINE_CURVE(2,(#421,#422,#423,#424,#425,#426
,#427),.UNSPECIFIED.,.T.,.F.) B_SPLINE_CURVE_WITH_KNOTS((1,2,2,2,2,1),(
    -2.094395102393,0.,2.094395102393,4.188790204786,6.28318530718,
8.377580409573),.UNSPECIFIED.) CURVE() GEOMETRIC_REPRESENTATION_ITEM() 
RATIONAL_B_SPLINE_CURVE((1.,0.5,1.,0.5,1.,0.5,1.)) REPRESENTATION_ITEM(
  '') );
#421 = CARTESIAN_POINT('',(-17.4342622,-32.0483893));
#422 = CARTESIAN_POINT('',(-17.4342622,-38.80338744951));
#423 = CARTESIAN_POINT('',(-23.2842622,-35.42588837475));
#424 = CARTESIAN_POINT('',(-29.1342622,-32.0483893));
#425 = CARTESIAN_POINT('',(-23.2842622,-28.67089022524));
#426 = CARTESIAN_POINT('',(-17.4342622,-25.29339115048));
#427 = CARTESIAN_POINT('',(-17.4342622,-32.0483893));
#428 = ( GEOMETRIC_REPRESENTATION_CONTEXT(2) 
PARAMETRIC_REPRESENTATION_CONTEXT() REPRESENTATION_CONTEXT('2D SPACE',''
  ) );
#429 = PCURVE('',#75,#430);
#430 = DEFINITIONAL_REPRESENTATION('',(#431),#435);
#431 = LINE('',#432,#433);
#432 = CARTESIAN_POINT('',(-6.28318530718,-2.));
#433 = VECTOR('',#434,1.);
#434 = DIRECTION('',(1.,-0.));
#435 = ( GEOMETRIC_REPRESENTATION_CONTEXT(2) 
PARAMETRIC_REPRESENTATION_CONTEXT() REPRESENTATION_CONTEXT('2D SPACE',''
  ) );
#436 = FACE_BOUND('',#437,.T.);
#437 = EDGE_LOOP('',(#438,#469,#497,#525));
#438 = ORIENTED_EDGE('',*,*,#439,.T.);
#439 = EDGE_CURVE('',#440,#442,#444,.T.);
#440 = VERTEX_POINT('',#441);
#441 = CARTESIAN_POINT('',(66.,0.,111.2));
#442 = VERTEX_POINT('',#443);
#443 = CARTESIAN_POINT('',(-66.,0.,111.2));
#444 = SURFACE_CURVE('',#445,(#450,#457),.PCURVE_S1.);
#445 = CIRCLE('',#446,66.);
#446 = AXIS2_PLACEMENT_3D('',#447,#448,#449);
#447 = CARTESIAN_POINT('',(0.,0.,111.2));
#448 = DIRECTION('',(0.,0.,1.));
#449 = DIRECTION('',(1.,0.,0.));
#450 = PCURVE('',#59,#451);
#451 = DEFINITIONAL_REPRESENTATION('',(#452),#456);
#452 = CIRCLE('',#453,66.);
#453 = AXIS2_PLACEMENT_2D('',#454,#455);
#454 = CARTESIAN_POINT('',(3.978007658297E-15,-2.609787252938E-15));
#455 = DIRECTION('',(1.,0.));
#456 = ( GEOMETRIC_REPRESENTATION_CONTEXT(2) 
PARAMETRIC_REPRESENTATION_CONTEXT() REPRESENTATION_CONTEXT('2D SPACE',''
  ) );
#457 = PCURVE('',#458,#463);
#458 = CYLINDRICAL_SURFACE('',#459,66.);
#459 = AXIS2_PLACEMENT_3D('',#460,#461,#462);
#460 = CARTESIAN_POINT('',(0.,0.,105.2));
#461 = DIRECTION('',(-0.,-0.,-1.));
#462 = DIRECTION('',(1.,0.,0.));
#463 = DEFINITIONAL_REPRESENTATION('',(#464),#468);
#464 = LINE('',#465,#466);
#465 = CARTESIAN_POINT('',(-0.,-6.));
#466 = VECTOR('',#467,1.);
#467 = DIRECTION('',(-1.,0.));
#468 = ( GEOMETRIC_REPRESENTATION_CONTEXT(2) 
PARAMETRIC_REPRESENTATION_CONTEXT() REPRESENTATION_CONTEXT('2D SPACE',''
  ) );
#469 = ORIENTED_EDGE('',*,*,#470,.T.);
#470 = EDGE_CURVE('',#442,#471,#473,.T.);
#471 = VERTEX_POINT('',#472);
#472 = CARTESIAN_POINT('',(-66.,-66.,111.2));
#473 = SURFACE_CURVE('',#474,(#478,#485),.PCURVE_S1.);
#474 = LINE('',#475,#476);
#475 = CARTESIAN_POINT('',(-66.,0.,111.2));
#476 = VECTOR('',#477,1.);
#477 = DIRECTION('',(0.,-1.,0.));
#478 = PCURVE('',#59,#479);
#479 = DEFINITIONAL_REPRESENTATION('',(#480),#484);
#480 = LINE('',#481,#482);
#481 = CARTESIAN_POINT('',(-66.,-2.609787252938E-15));
#482 = VECTOR('',#483,1.);
#483 = DIRECTION('',(0.,-1.));
#484 = ( GEOMETRIC_REPRESENTATION_CONTEXT(2) 
PARAMETRIC_REPRESENTATION_CONTEXT() REPRESENTATION_CONTEXT('2D SPACE',''
  ) );
#485 = PCURVE('',#486,#491);
#486 = PLANE('',#487);
#487 = AXIS2_PLACEMENT_3D('',#488,#489,#490);
#488 = CARTESIAN_POINT('',(-66.,0.,105.2));
#489 = DIRECTION('',(1.,0.,0.));
#490 = DIRECTION('',(0.,-1.,0.));
#491 = DEFINITIONAL_REPRESENTATION('',(#492),#496);
#492 = LINE('',#493,#494);
#493 = CARTESIAN_POINT('',(0.,-6.));
#494 = VECTOR('',#495,1.);
#495 = DIRECTION('',(1.,0.));
#496 = ( GEOMETRIC_REPRESENTATION_CONTEXT(2) 
PARAMETRIC_REPRESENTATION_CONTEXT() REPRESENTATION_CONTEXT('2D SPACE',''
  ) );
#497 = ORIENTED_EDGE('',*,*,#498,.T.);
#498 = EDGE_CURVE('',#471,#499,#501,.T.);
#499 = VERTEX_POINT('',#500);
#500 = CARTESIAN_POINT('',(66.,-66.,111.2));
#501 = SURFACE_CURVE('',#502,(#506,#513),.PCURVE_S1.);
#502 = LINE('',#503,#504);
#503 = CARTESIAN_POINT('',(-66.,-66.,111.2));
#504 = VECTOR('',#505,1.);
#505 = DIRECTION('',(1.,0.,0.));
#506 = PCURVE('',#59,#507);
#507 = DEFINITIONAL_REPRESENTATION('',(#508),#512);
#508 = LINE('',#509,#510);
#509 = CARTESIAN_POINT('',(-66.,-66.));
#510 = VECTOR('',#511,1.);
#511 = DIRECTION('',(1.,0.));
#512 = ( GEOMETRIC_REPRESENTATION_CONTEXT(2) 
PARAMETRIC_REPRESENTATION_CONTEXT() REPRESENTATION_CONTEXT('2D SPACE',''
  ) );
#513 = PCURVE('',#514,#519);
#514 = PLANE('',#515);
#515 = AXIS2_PLACEMENT_3D('',#516,#517,#518);
#516 = CARTESIAN_POINT('',(-66.,-66.,105.2));
#517 = DIRECTION('',(0.,1.,0.));
#518 = DIRECTION('',(1.,0.,0.));
#519 = DEFINITIONAL_REPRESENTATION('',(#520),#524);
#520 = LINE('',#521,#522);
#521 = CARTESIAN_POINT('',(0.,-6.));
#522 = VECTOR('',#523,1.);
#523 = DIRECTION('',(1.,0.));
#524 = ( GEOMETRIC_REPRESENTATION_CONTEXT(2) 
PARAMETRIC_REPRESENTATION_CONTEXT() REPRESENTATION_CONTEXT('2D SPACE',''
  ) );
#525 = ORIENTED_EDGE('',*,*,#526,.T.);
#526 = EDGE_CURVE('',#499,#440,#527,.T.);
#527 = SURFACE_CURVE('',#528,(#532,#539),.PCURVE_S1.);
#528 = LINE('',#529,#530);
#529 = CARTESIAN_POINT('',(66.,-66.,111.2));
#530 = VECTOR('',#531,1.);
#531 = DIRECTION('',(0.,1.,0.));
#532 = PCURVE('',#59,#533);
#533 = DEFINITIONAL_REPRESENTATION('',(#534),#538);
#534 = LINE('',#535,#536);
#535 = CARTESIAN_POINT('',(66.,-66.));
#536 = VECTOR('',#537,1.);
#537 = DIRECTION('',(0.,1.));
#538 = ( GEOMETRIC_REPRESENTATION_CONTEXT(2) 
PARAMETRIC_REPRESENTATION_CONTEXT() REPRESENTATION_CONTEXT('2D SPACE',''
  ) );
#539 = PCURVE('',#540,#545);
#540 = PLANE('',#541);
#541 = AXIS2_PLACEMENT_3D('',#542,#543,#544);
#542 = CARTESIAN_POINT('',(66.,-66.,105.2));
#543 = DIRECTION('',(-1.,0.,0.));
#544 = DIRECTION('',(0.,1.,0.));
#545 = DEFINITIONAL_REPRESENTATION('',(#546),#550);
#546 = LINE('',#547,#548);
#547 = CARTESIAN_POINT('',(0.,-6.));
#548 = VECTOR('',#549,1.);
#549 = DIRECTION('',(1.,0.));
#550 = ( GEOMETRIC_REPRESENTATION_CONTEXT(2) 
PARAMETRIC_REPRESENTATION_CONTEXT() REPRESENTATION_CONTEXT('2D SPACE',''
  ) );
#551 = FACE_BOUND('',#552,.T.);
#552 = EDGE_LOOP('',(#553));
#553 = ORIENTED_EDGE('',*,*,#554,.T.);
#554 = EDGE_CURVE('',#555,#555,#557,.T.);
#555 = VERTEX_POINT('',#556);
#556 = CARTESIAN_POINT('',(-3.5459006,-37.7731196,111.2));
#557 = SURFACE_CURVE('',#558,(#563,#574),.PCURVE_S1.);
#558 = CIRCLE('',#559,3.9);
#559 = AXIS2_PLACEMENT_3D('',#560,#561,#562);
#560 = CARTESIAN_POINT('',(-7.4459006,-37.7731196,111.2));
#561 = DIRECTION('',(0.,0.,-1.));
#562 = DIRECTION('',(1.,0.,0.));
#563 = PCURVE('',#59,#564);
#564 = DEFINITIONAL_REPRESENTATION('',(#565),#573);
#565 = ( BOUNDED_CURVE() B_SPLINE_CURVE(2,(#566,#567,#568,#569,#570,#571
,#572),.UNSPECIFIED.,.T.,.F.) B_SPLINE_CURVE_WITH_KNOTS((1,2,2,2,2,1),(
    -2.094395102393,0.,2.094395102393,4.188790204786,6.28318530718,
8.377580409573),.UNSPECIFIED.) CURVE() GEOMETRIC_REPRESENTATION_ITEM() 
RATIONAL_B_SPLINE_CURVE((1.,0.5,1.,0.5,1.,0.5,1.)) REPRESENTATION_ITEM(
  '') );
#566 = CARTESIAN_POINT('',(-3.5459006,-37.7731196));
#567 = CARTESIAN_POINT('',(-3.5459006,-44.52811774951));
#568 = CARTESIAN_POINT('',(-9.3959006,-41.15061867475));
#569 = CARTESIAN_POINT('',(-15.2459006,-37.7731196));
#570 = CARTESIAN_POINT('',(-9.3959006,-34.39562052524));
#571 = CARTESIAN_POINT('',(-3.5459006,-31.01812145048));
#572 = CARTESIAN_POINT('',(-3.5459006,-37.7731196));
#573 = ( GEOMETRIC_REPRESENTATION_CONTEXT(2) 
PARAMETRIC_REPRESENTATION_CONTEXT() REPRESENTATION_CONTEXT('2D SPACE',''
  ) );
#574 = PCURVE('',#575,#580);
#575 = CYLINDRICAL_SURFACE('',#576,3.9);
#576 = AXIS2_PLACEMENT_3D('',#577,#578,#579);
#577 = CARTESIAN_POINT('',(-7.4459006,-37.7731196,109.2));
#578 = DIRECTION('',(-0.,-0.,-1.));
#579 = DIRECTION('',(1.,0.,0.));
#580 = DEFINITIONAL_REPRESENTATION('',(#581),#585);
#581 = LINE('',#582,#583);
#582 = CARTESIAN_POINT('',(-6.28318530718,-2.));
#583 = VECTOR('',#584,1.);
#584 = DIRECTION('',(1.,-0.));
#585 = ( GEOMETRIC_REPRESENTATION_CONTEXT(2) 
PARAMETRIC_REPRESENTATION_CONTEXT() REPRESENTATION_CONTEXT('2D SPACE',''
  ) );
#586 = FACE_BOUND('',#587,.T.);
#587 = EDGE_LOOP('',(#588));
#588 = ORIENTED_EDGE('',*,*,#589,.T.);
#589 = EDGE_CURVE('',#590,#590,#592,.T.);
#590 = VERTEX_POINT('',#591);
#591 = CARTESIAN_POINT('',(11.4760319,-37.7472349,111.2));
#592 = SURFACE_CURVE('',#593,(#598,#609),.PCURVE_S1.);
#593 = CIRCLE('',#594,3.9);
#594 = AXIS2_PLACEMENT_3D('',#595,#596,#597);
#595 = CARTESIAN_POINT('',(7.5760319,-37.7472349,111.2));
#596 = DIRECTION('',(0.,0.,-1.));
#597 = DIRECTION('',(1.,0.,0.));
#598 = PCURVE('',#59,#599);
#599 = DEFINITIONAL_REPRESENTATION('',(#600),#608);
#600 = ( BOUNDED_CURVE() B_SPLINE_CURVE(2,(#601,#602,#603,#604,#605,#606
,#607),.UNSPECIFIED.,.T.,.F.) B_SPLINE_CURVE_WITH_KNOTS((1,2,2,2,2,1),(
    -2.094395102393,0.,2.094395102393,4.188790204786,6.28318530718,
8.377580409573),.UNSPECIFIED.) CURVE() GEOMETRIC_REPRESENTATION_ITEM() 
RATIONAL_B_SPLINE_CURVE((1.,0.5,1.,0.5,1.,0.5,1.)) REPRESENTATION_ITEM(
  '') );
#601 = CARTESIAN_POINT('',(11.4760319,-37.7472349));
#602 = CARTESIAN_POINT('',(11.4760319,-44.50223304951));
#603 = CARTESIAN_POINT('',(5.6260319,-41.12473397475));
#604 = CARTESIAN_POINT('',(-0.2239681,-37.7472349));
#605 = CARTESIAN_POINT('',(5.6260319,-34.36973582524));
#606 = CARTESIAN_POINT('',(11.4760319,-30.99223675048));
#607 = CARTESIAN_POINT('',(11.4760319,-37.7472349));
#608 = ( GEOMETRIC_REPRESENTATION_CONTEXT(2) 
PARAMETRIC_REPRESENTATION_CONTEXT() REPRESENTATION_CONTEXT('2D SPACE',''
  ) );
#609 = PCURVE('',#610,#615);
#610 = CYLINDRICAL_SURFACE('',#611,3.9);
#611 = AXIS2_PLACEMENT_3D('',#612,#613,#614);
#612 = CARTESIAN_POINT('',(7.5760319,-37.7472349,109.2));
#613 = DIRECTION('',(-0.,-0.,-1.));
#614 = DIRECTION('',(1.,0.,0.));
#615 = DEFINITIONAL_REPRESENTATION('',(#616),#620);
#616 = LINE('',#617,#618);
#617 = CARTESIAN_POINT('',(-6.28318530718,-2.));
#618 = VECTOR('',#619,1.);
#619 = DIRECTION('',(1.,-0.));
#620 = ( GEOMETRIC_REPRESENTATION_CONTEXT(2) 
PARAMETRIC_REPRESENTATION_CONTEXT() REPRESENTATION_CONTEXT('2D SPACE',''
  ) );
#621 = FACE_BOUND('',#622,.T.);
#622 = EDGE_LOOP('',(#623));
#623 = ORIENTED_EDGE('',*,*,#624,.T.);
#624 = EDGE_CURVE('',#625,#625,#627,.T.);
#625 = VERTEX_POINT('',#626);
#626 = CARTESIAN_POINT('',(-33.8731195,7.4459006,111.2));
#627 = SURFACE_CURVE('',#628,(#633,#644),.PCURVE_S1.);
#628 = CIRCLE('',#629,3.9);
#629 = AXIS2_PLACEMENT_3D('',#630,#631,#632);
#630 = CARTESIAN_POINT('',(-37.7731195,7.4459006,111.2));
#631 = DIRECTION('',(0.,0.,-1.));
#632 = DIRECTION('',(1.,0.,0.));
#633 = PCURVE('',#59,#634);
#634 = DEFINITIONAL_REPRESENTATION('',(#635),#643);
#635 = ( BOUNDED_CURVE() B_SPLINE_CURVE(2,(#636,#637,#638,#639,#640,#641
,#642),.UNSPECIFIED.,.T.,.F.) B_SPLINE_CURVE_WITH_KNOTS((1,2,2,2,2,1),(
    -2.094395102393,0.,2.094395102393,4.188790204786,6.28318530718,
8.377580409573),.UNSPECIFIED.) CURVE() GEOMETRIC_REPRESENTATION_ITEM() 
RATIONAL_B_SPLINE_CURVE((1.,0.5,1.,0.5,1.,0.5,1.)) REPRESENTATION_ITEM(
  '') );
#636 = CARTESIAN_POINT('',(-33.8731195,7.4459006));
#637 = CARTESIAN_POINT('',(-33.8731195,0.690902450481));
#638 = CARTESIAN_POINT('',(-39.7231195,4.068401525241));
#639 = CARTESIAN_POINT('',(-45.5731195,7.4459006));
#640 = CARTESIAN_POINT('',(-39.7231195,10.823399674759));
#641 = CARTESIAN_POINT('',(-33.8731195,14.200898749519));
#642 = CARTESIAN_POINT('',(-33.8731195,7.4459006));
#643 = ( GEOMETRIC_REPRESENTATION_CONTEXT(2) 
PARAMETRIC_REPRESENTATION_CONTEXT() REPRESENTATION_CONTEXT('2D SPACE',''
  ) );
#644 = PCURVE('',#645,#650);
#645 = CYLINDRICAL_SURFACE('',#646,3.9);
#646 = AXIS2_PLACEMENT_3D('',#647,#648,#649);
#647 = CARTESIAN_POINT('',(-37.7731195,7.4459006,109.2));
#648 = DIRECTION('',(-0.,-0.,-1.));
#649 = DIRECTION('',(1.,0.,0.));
#650 = DEFINITIONAL_REPRESENTATION('',(#651),#655);
#651 = LINE('',#652,#653);
#652 = CARTESIAN_POINT('',(-6.28318530718,-2.));
#653 = VECTOR('',#654,1.);
#654 = DIRECTION('',(1.,-0.));
#655 = ( GEOMETRIC_REPRESENTATION_CONTEXT(2) 
PARAMETRIC_REPRESENTATION_CONTEXT() REPRESENTATION_CONTEXT('2D SPACE',''
  ) );
#656 = FACE_BOUND('',#657,.T.);
#657 = EDGE_LOOP('',(#658));
#658 = ORIENTED_EDGE('',*,*,#659,.T.);
#659 = EDGE_CURVE('',#660,#660,#662,.T.);
#660 = VERTEX_POINT('',#661);
#661 = CARTESIAN_POINT('',(-28.1483892,21.3342622,111.2));
#662 = SURFACE_CURVE('',#663,(#668,#679),.PCURVE_S1.);
#663 = CIRCLE('',#664,3.9);
#664 = AXIS2_PLACEMENT_3D('',#665,#666,#667);
#665 = CARTESIAN_POINT('',(-32.0483892,21.3342622,111.2));
#666 = DIRECTION('',(0.,0.,-1.));
#667 = DIRECTION('',(1.,0.,0.));
#668 = PCURVE('',#59,#669);
#669 = DEFINITIONAL_REPRESENTATION('',(#670),#678);
#670 = ( BOUNDED_CURVE() B_SPLINE_CURVE(2,(#671,#672,#673,#674,#675,#676
,#677),.UNSPECIFIED.,.T.,.F.) B_SPLINE_CURVE_WITH_KNOTS((1,2,2,2,2,1),(
    -2.094395102393,0.,2.094395102393,4.188790204786,6.28318530718,
8.377580409573),.UNSPECIFIED.) CURVE() GEOMETRIC_REPRESENTATION_ITEM() 
RATIONAL_B_SPLINE_CURVE((1.,0.5,1.,0.5,1.,0.5,1.)) REPRESENTATION_ITEM(
  '') );
#671 = CARTESIAN_POINT('',(-28.1483892,21.3342622));
#672 = CARTESIAN_POINT('',(-28.1483892,14.579264050481));
#673 = CARTESIAN_POINT('',(-33.9983892,17.956763125241));
#674 = CARTESIAN_POINT('',(-39.8483892,21.3342622));
#675 = CARTESIAN_POINT('',(-33.9983892,24.711761274759));
#676 = CARTESIAN_POINT('',(-28.1483892,28.089260349519));
#677 = CARTESIAN_POINT('',(-28.1483892,21.3342622));
#678 = ( GEOMETRIC_REPRESENTATION_CONTEXT(2) 
PARAMETRIC_REPRESENTATION_CONTEXT() REPRESENTATION_CONTEXT('2D SPACE',''
  ) );
#679 = PCURVE('',#680,#685);
#680 = CYLINDRICAL_SURFACE('',#681,3.9);
#681 = AXIS2_PLACEMENT_3D('',#682,#683,#684);
#682 = CARTESIAN_POINT('',(-32.0483892,21.3342622,109.2));
#683 = DIRECTION('',(-0.,-0.,-1.));
#684 = DIRECTION('',(1.,0.,0.));
#685 = DEFINITIONAL_REPRESENTATION('',(#686),#690);
#686 = LINE('',#687,#688);
#687 = CARTESIAN_POINT('',(-6.28318530718,-2.));
#688 = VECTOR('',#689,1.);
#689 = DIRECTION('',(1.,-0.));
#690 = ( GEOMETRIC_REPRESENTATION_CONTEXT(2) 
PARAMETRIC_REPRESENTATION_CONTEXT() REPRESENTATION_CONTEXT('2D SPACE',''
  ) );
#691 = FACE_BOUND('',#692,.T.);
#692 = EDGE_LOOP('',(#693));
#693 = ORIENTED_EDGE('',*,*,#694,.T.);
#694 = EDGE_CURVE('',#695,#695,#697,.T.);
#695 = VERTEX_POINT('',#696);
#696 = CARTESIAN_POINT('',(-17.5445821,31.9746758,111.2));
#697 = SURFACE_CURVE('',#698,(#703,#714),.PCURVE_S1.);
#698 = CIRCLE('',#699,3.9);
#699 = AXIS2_PLACEMENT_3D('',#700,#701,#702);
#700 = CARTESIAN_POINT('',(-21.4445821,31.9746758,111.2));
#701 = DIRECTION('',(0.,0.,-1.));
#702 = DIRECTION('',(1.,0.,0.));
#703 = PCURVE('',#59,#704);
#704 = DEFINITIONAL_REPRESENTATION('',(#705),#713);
#705 = ( BOUNDED_CURVE() B_SPLINE_CURVE(2,(#706,#707,#708,#709,#710,#711
,#712),.UNSPECIFIED.,.T.,.F.) B_SPLINE_CURVE_WITH_KNOTS((1,2,2,2,2,1),(
    -2.094395102393,0.,2.094395102393,4.188790204786,6.28318530718,
8.377580409573),.UNSPECIFIED.) CURVE() GEOMETRIC_REPRESENTATION_ITEM() 
RATIONAL_B_SPLINE_CURVE((1.,0.5,1.,0.5,1.,0.5,1.)) REPRESENTATION_ITEM(
  '') );
#706 = CARTESIAN_POINT('',(-17.5445821,31.9746758));
#707 = CARTESIAN_POINT('',(-17.5445821,25.219677650481));
#708 = CARTESIAN_POINT('',(-23.3945821,28.597176725241));
#709 = CARTESIAN_POINT('',(-29.2445821,31.9746758));
#710 = CARTESIAN_POINT('',(-23.3945821,35.352174874759));
#711 = CARTESIAN_POINT('',(-17.5445821,38.729673949519));
#712 = CARTESIAN_POINT('',(-17.5445821,31.9746758));
#713 = ( GEOMETRIC_REPRESENTATION_CONTEXT(2) 
PARAMETRIC_REPRESENTATION_CONTEXT() REPRESENTATION_CONTEXT('2D SPACE',''
  ) );
#714 = PCURVE('',#715,#720);
#715 = CYLINDRICAL_SURFACE('',#716,3.9);
#716 = AXIS2_PLACEMENT_3D('',#717,#718,#719);
#717 = CARTESIAN_POINT('',(-21.4445821,31.9746758,109.2));
#718 = DIRECTION('',(-0.,-0.,-1.));
#719 = DIRECTION('',(1.,0.,0.));
#720 = DEFINITIONAL_REPRESENTATION('',(#721),#725);
#721 = LINE('',#722,#723);
#722 = CARTESIAN_POINT('',(-6.28318530718,-2.));
#723 = VECTOR('',#724,1.);
#724 = DIRECTION('',(1.,-0.));
#725 = ( GEOMETRIC_REPRESENTATION_CONTEXT(2) 
PARAMETRIC_REPRESENTATION_CONTEXT() REPRESENTATION_CONTEXT('2D SPACE',''
  ) );
#726 = FACE_BOUND('',#727,.T.);
#727 = EDGE_LOOP('',(#728));
#728 = ORIENTED_EDGE('',*,*,#729,.T.);
#729 = EDGE_CURVE('',#730,#730,#732,.T.);
#730 = VERTEX_POINT('',#731);
#731 = CARTESIAN_POINT('',(-3.6760318,37.7472348,111.2));
#732 = SURFACE_CURVE('',#733,(#738,#749),.PCURVE_S1.);
#733 = CIRCLE('',#734,3.9);
#734 = AXIS2_PLACEMENT_3D('',#735,#736,#737);
#735 = CARTESIAN_POINT('',(-7.5760318,37.7472348,111.2));
#736 = DIRECTION('',(0.,0.,-1.));
#737 = DIRECTION('',(1.,0.,0.));
#738 = PCURVE('',#59,#739);
#739 = DEFINITIONAL_REPRESENTATION('',(#740),#748);
#740 = ( BOUNDED_CURVE() B_SPLINE_CURVE(2,(#741,#742,#743,#744,#745,#746
,#747),.UNSPECIFIED.,.T.,.F.) B_SPLINE_CURVE_WITH_KNOTS((1,2,2,2,2,1),(
    -2.094395102393,0.,2.094395102393,4.188790204786,6.28318530718,
8.377580409573),.UNSPECIFIED.) CURVE() GEOMETRIC_REPRESENTATION_ITEM() 
RATIONAL_B_SPLINE_CURVE((1.,0.5,1.,0.5,1.,0.5,1.)) REPRESENTATION_ITEM(
  '') );
#741 = CARTESIAN_POINT('',(-3.6760318,37.7472348));
#742 = CARTESIAN_POINT('',(-3.6760318,30.992236650481));
#743 = CARTESIAN_POINT('',(-9.5260318,34.369735725241));
#744 = CARTESIAN_POINT('',(-15.3760318,37.7472348));
#745 = CARTESIAN_POINT('',(-9.5260318,41.124733874759));
#746 = CARTESIAN_POINT('',(-3.6760318,44.502232949519));
#747 = CARTESIAN_POINT('',(-3.6760318,37.7472348));
#748 = ( GEOMETRIC_REPRESENTATION_CONTEXT(2) 
PARAMETRIC_REPRESENTATION_CONTEXT() REPRESENTATION_CONTEXT('2D SPACE',''
  ) );
#749 = PCURVE('',#750,#755);
#750 = CYLINDRICAL_SURFACE('',#751,3.9);
#751 = AXIS2_PLACEMENT_3D('',#752,#753,#754);
#752 = CARTESIAN_POINT('',(-7.5760318,37.7472348,109.2));
#753 = DIRECTION('',(-0.,-0.,-1.));
#754 = DIRECTION('',(1.,0.,0.));
#755 = DEFINITIONAL_REPRESENTATION('',(#756),#760);
#756 = LINE('',#757,#758);
#757 = CARTESIAN_POINT('',(-6.28318530718,-2.));
#758 = VECTOR('',#759,1.);
#759 = DIRECTION('',(1.,-0.));
#760 = ( GEOMETRIC_REPRESENTATION_CONTEXT(2) 
PARAMETRIC_REPRESENTATION_CONTEXT() REPRESENTATION_CONTEXT('2D SPACE',''
  ) );
#761 = FACE_BOUND('',#762,.T.);
#762 = EDGE_LOOP('',(#763));
#763 = ORIENTED_EDGE('',*,*,#764,.T.);
#764 = EDGE_CURVE('',#765,#765,#767,.T.);
#765 = VERTEX_POINT('',#766);
#766 = CARTESIAN_POINT('',(33.,-3.665729356347E-15,111.2));
#767 = SURFACE_CURVE('',#768,(#773,#784),.PCURVE_S1.);
#768 = CIRCLE('',#769,33.);
#769 = AXIS2_PLACEMENT_3D('',#770,#771,#772);
#770 = CARTESIAN_POINT('',(0.,0.,111.2));
#771 = DIRECTION('',(0.,0.,-1.));
#772 = DIRECTION('',(1.,0.,0.));
#773 = PCURVE('',#59,#774);
#774 = DEFINITIONAL_REPRESENTATION('',(#775),#783);
#775 = ( BOUNDED_CURVE() B_SPLINE_CURVE(2,(#776,#777,#778,#779,#780,#781
,#782),.UNSPECIFIED.,.T.,.F.) B_SPLINE_CURVE_WITH_KNOTS((1,2,2,2,2,1),(
    -2.094395102393,0.,2.094395102393,4.188790204786,6.28318530718,
8.377580409573),.UNSPECIFIED.) CURVE() GEOMETRIC_REPRESENTATION_ITEM() 
RATIONAL_B_SPLINE_CURVE((1.,0.5,1.,0.5,1.,0.5,1.)) REPRESENTATION_ITEM(
  '') );
#776 = CARTESIAN_POINT('',(33.,-2.609787252938E-15));
#777 = CARTESIAN_POINT('',(33.,-57.15767664977));
#778 = CARTESIAN_POINT('',(-16.5,-28.57883832488));
#779 = CARTESIAN_POINT('',(-66.,-1.069245612731E-14));
#780 = CARTESIAN_POINT('',(-16.5,28.578838324886));
#781 = CARTESIAN_POINT('',(33.,57.157676649773));
#782 = CARTESIAN_POINT('',(33.,-2.609787252938E-15));
#783 = ( GEOMETRIC_REPRESENTATION_CONTEXT(2) 
PARAMETRIC_REPRESENTATION_CONTEXT() REPRESENTATION_CONTEXT('2D SPACE',''
  ) );
#784 = PCURVE('',#785,#790);
#785 = CYLINDRICAL_SURFACE('',#786,33.);
#786 = AXIS2_PLACEMENT_3D('',#787,#788,#789);
#787 = CARTESIAN_POINT('',(3.145548581495E-13,-3.665729356347E-15,105.2)
  );
#788 = DIRECTION('',(-0.,-0.,-1.));
#789 = DIRECTION('',(1.,0.,0.));
#790 = DEFINITIONAL_REPRESENTATION('',(#791),#795);
#791 = LINE('',#792,#793);
#792 = CARTESIAN_POINT('',(-6.28318530718,-6.));
#793 = VECTOR('',#794,1.);
#794 = DIRECTION('',(1.,-0.));
#795 = ( GEOMETRIC_REPRESENTATION_CONTEXT(2) 
PARAMETRIC_REPRESENTATION_CONTEXT() REPRESENTATION_CONTEXT('2D SPACE',''
  ) );
#796 = FACE_BOUND('',#797,.T.);
#797 = EDGE_LOOP('',(#798));
#798 = ORIENTED_EDGE('',*,*,#799,.T.);
#799 = EDGE_CURVE('',#800,#800,#802,.T.);
#800 = VERTEX_POINT('',#801);
#801 = CARTESIAN_POINT('',(41.6472349,7.5760318,111.2));
#802 = SURFACE_CURVE('',#803,(#808,#819),.PCURVE_S1.);
#803 = CIRCLE('',#804,3.9);
#804 = AXIS2_PLACEMENT_3D('',#805,#806,#807);
#805 = CARTESIAN_POINT('',(37.7472349,7.5760318,111.2));
#806 = DIRECTION('',(0.,0.,-1.));
#807 = DIRECTION('',(1.,0.,0.));
#808 = PCURVE('',#59,#809);
#809 = DEFINITIONAL_REPRESENTATION('',(#810),#818);
#810 = ( BOUNDED_CURVE() B_SPLINE_CURVE(2,(#811,#812,#813,#814,#815,#816
,#817),.UNSPECIFIED.,.T.,.F.) B_SPLINE_CURVE_WITH_KNOTS((1,2,2,2,2,1),(
    -2.094395102393,0.,2.094395102393,4.188790204786,6.28318530718,
8.377580409573),.UNSPECIFIED.) CURVE() GEOMETRIC_REPRESENTATION_ITEM() 
RATIONAL_B_SPLINE_CURVE((1.,0.5,1.,0.5,1.,0.5,1.)) REPRESENTATION_ITEM(
  '') );
#811 = CARTESIAN_POINT('',(41.6472349,7.5760318));
#812 = CARTESIAN_POINT('',(41.6472349,0.821033650481));
#813 = CARTESIAN_POINT('',(35.7972349,4.198532725241));
#814 = CARTESIAN_POINT('',(29.9472349,7.5760318));
#815 = CARTESIAN_POINT('',(35.7972349,10.953530874759));
#816 = CARTESIAN_POINT('',(41.6472349,14.331029949519));
#817 = CARTESIAN_POINT('',(41.6472349,7.5760318));
#818 = ( GEOMETRIC_REPRESENTATION_CONTEXT(2) 
PARAMETRIC_REPRESENTATION_CONTEXT() REPRESENTATION_CONTEXT('2D SPACE',''
  ) );
#819 = PCURVE('',#820,#825);
#820 = CYLINDRICAL_SURFACE('',#821,3.9);
#821 = AXIS2_PLACEMENT_3D('',#822,#823,#824);
#822 = CARTESIAN_POINT('',(37.7472349,7.5760318,109.2));
#823 = DIRECTION('',(-0.,-0.,-1.));
#824 = DIRECTION('',(1.,0.,0.));
#825 = DEFINITIONAL_REPRESENTATION('',(#826),#830);
#826 = LINE('',#827,#828);
#827 = CARTESIAN_POINT('',(-6.28318530718,-2.));
#828 = VECTOR('',#829,1.);
#829 = DIRECTION('',(1.,-0.));
#830 = ( GEOMETRIC_REPRESENTATION_CONTEXT(2) 
PARAMETRIC_REPRESENTATION_CONTEXT() REPRESENTATION_CONTEXT('2D SPACE',''
  ) );
#831 = FACE_BOUND('',#832,.T.);
#832 = EDGE_LOOP('',(#833));
#833 = ORIENTED_EDGE('',*,*,#834,.T.);
#834 = EDGE_CURVE('',#835,#835,#837,.T.);
#835 = VERTEX_POINT('',#836);
#836 = CARTESIAN_POINT('',(35.8746759,21.4445821,111.2));
#837 = SURFACE_CURVE('',#838,(#843,#854),.PCURVE_S1.);
#838 = CIRCLE('',#839,3.9);
#839 = AXIS2_PLACEMENT_3D('',#840,#841,#842);
#840 = CARTESIAN_POINT('',(31.9746759,21.4445821,111.2));
#841 = DIRECTION('',(0.,0.,-1.));
#842 = DIRECTION('',(1.,0.,0.));
#843 = PCURVE('',#59,#844);
#844 = DEFINITIONAL_REPRESENTATION('',(#845),#853);
#845 = ( BOUNDED_CURVE() B_SPLINE_CURVE(2,(#846,#847,#848,#849,#850,#851
,#852),.UNSPECIFIED.,.T.,.F.) B_SPLINE_CURVE_WITH_KNOTS((1,2,2,2,2,1),(
    -2.094395102393,0.,2.094395102393,4.188790204786,6.28318530718,
8.377580409573),.UNSPECIFIED.) CURVE() GEOMETRIC_REPRESENTATION_ITEM() 
RATIONAL_B_SPLINE_CURVE((1.,0.5,1.,0.5,1.,0.5,1.)) REPRESENTATION_ITEM(
  '') );
#846 = CARTESIAN_POINT('',(35.8746759,21.4445821));
#847 = CARTESIAN_POINT('',(35.8746759,14.689583950481));
#848 = CARTESIAN_POINT('',(30.0246759,18.067083025241));
#849 = CARTESIAN_POINT('',(24.1746759,21.4445821));
#850 = CARTESIAN_POINT('',(30.0246759,24.822081174759));
#851 = CARTESIAN_POINT('',(35.8746759,28.199580249519));
#852 = CARTESIAN_POINT('',(35.8746759,21.4445821));
#853 = ( GEOMETRIC_REPRESENTATION_CONTEXT(2) 
PARAMETRIC_REPRESENTATION_CONTEXT() REPRESENTATION_CONTEXT('2D SPACE',''
  ) );
#854 = PCURVE('',#855,#860);
#855 = CYLINDRICAL_SURFACE('',#856,3.9);
#856 = AXIS2_PLACEMENT_3D('',#857,#858,#859);
#857 = CARTESIAN_POINT('',(31.9746759,21.4445821,109.2));
#858 = DIRECTION('',(-0.,-0.,-1.));
#859 = DIRECTION('',(1.,0.,0.));
#860 = DEFINITIONAL_REPRESENTATION('',(#861),#865);
#861 = LINE('',#862,#863);
#862 = CARTESIAN_POINT('',(-6.28318530718,-2.));
#863 = VECTOR('',#864,1.);
#864 = DIRECTION('',(1.,-0.));
#865 = ( GEOMETRIC_REPRESENTATION_CONTEXT(2) 
PARAMETRIC_REPRESENTATION_CONTEXT() REPRESENTATION_CONTEXT('2D SPACE',''
  ) );
#866 = FACE_BOUND('',#867,.T.);
#867 = EDGE_LOOP('',(#868));
#868 = ORIENTED_EDGE('',*,*,#869,.T.);
#869 = EDGE_CURVE('',#870,#870,#872,.T.);
#870 = VERTEX_POINT('',#871);
#871 = CARTESIAN_POINT('',(11.3459007,37.7731195,111.2));
#872 = SURFACE_CURVE('',#873,(#878,#889),.PCURVE_S1.);
#873 = CIRCLE('',#874,3.9);
#874 = AXIS2_PLACEMENT_3D('',#875,#876,#877);
#875 = CARTESIAN_POINT('',(7.4459007,37.7731195,111.2));
#876 = DIRECTION('',(0.,0.,-1.));
#877 = DIRECTION('',(1.,0.,0.));
#878 = PCURVE('',#59,#879);
#879 = DEFINITIONAL_REPRESENTATION('',(#880),#888);
#880 = ( BOUNDED_CURVE() B_SPLINE_CURVE(2,(#881,#882,#883,#884,#885,#886
,#887),.UNSPECIFIED.,.T.,.F.) B_SPLINE_CURVE_WITH_KNOTS((1,2,2,2,2,1),(
    -2.094395102393,0.,2.094395102393,4.188790204786,6.28318530718,
8.377580409573),.UNSPECIFIED.) CURVE() GEOMETRIC_REPRESENTATION_ITEM() 
RATIONAL_B_SPLINE_CURVE((1.,0.5,1.,0.5,1.,0.5,1.)) REPRESENTATION_ITEM(
  '') );
#881 = CARTESIAN_POINT('',(11.3459007,37.7731195));
#882 = CARTESIAN_POINT('',(11.3459007,31.018121350481));
#883 = CARTESIAN_POINT('',(5.4959007,34.395620425241));
#884 = CARTESIAN_POINT('',(-0.3540993,37.7731195));
#885 = CARTESIAN_POINT('',(5.4959007,41.150618574759));
#886 = CARTESIAN_POINT('',(11.3459007,44.528117649519));
#887 = CARTESIAN_POINT('',(11.3459007,37.7731195));
#888 = ( GEOMETRIC_REPRESENTATION_CONTEXT(2) 
PARAMETRIC_REPRESENTATION_CONTEXT() REPRESENTATION_CONTEXT('2D SPACE',''
  ) );
#889 = PCURVE('',#890,#895);
#890 = CYLINDRICAL_SURFACE('',#891,3.9);
#891 = AXIS2_PLACEMENT_3D('',#892,#893,#894);
#892 = CARTESIAN_POINT('',(7.4459007,37.7731195,109.2));
#893 = DIRECTION('',(-0.,-0.,-1.));
#894 = DIRECTION('',(1.,0.,0.));
#895 = DEFINITIONAL_REPRESENTATION('',(#896),#900);
#896 = LINE('',#897,#898);
#897 = CARTESIAN_POINT('',(-6.28318530718,-2.));
#898 = VECTOR('',#899,1.);
#899 = DIRECTION('',(1.,-0.));
#900 = ( GEOMETRIC_REPRESENTATION_CONTEXT(2) 
PARAMETRIC_REPRESENTATION_CONTEXT() REPRESENTATION_CONTEXT('2D SPACE',''
  ) );
#901 = FACE_BOUND('',#902,.T.);
#902 = EDGE_LOOP('',(#903));
#903 = ORIENTED_EDGE('',*,*,#904,.T.);
#904 = EDGE_CURVE('',#905,#905,#907,.T.);
#905 = VERTEX_POINT('',#906);
#906 = CARTESIAN_POINT('',(25.2342623,32.0483892,111.2));
#907 = SURFACE_CURVE('',#908,(#913,#924),.PCURVE_S1.);
#908 = CIRCLE('',#909,3.9);
#909 = AXIS2_PLACEMENT_3D('',#910,#911,#912);
#910 = CARTESIAN_POINT('',(21.3342623,32.0483892,111.2));
#911 = DIRECTION('',(0.,0.,-1.));
#912 = DIRECTION('',(1.,0.,0.));
#913 = PCURVE('',#59,#914);
#914 = DEFINITIONAL_REPRESENTATION('',(#915),#923);
#915 = ( BOUNDED_CURVE() B_SPLINE_CURVE(2,(#916,#917,#918,#919,#920,#921
,#922),.UNSPECIFIED.,.T.,.F.) B_SPLINE_CURVE_WITH_KNOTS((1,2,2,2,2,1),(
    -2.094395102393,0.,2.094395102393,4.188790204786,6.28318530718,
8.377580409573),.UNSPECIFIED.) CURVE() GEOMETRIC_REPRESENTATION_ITEM() 
RATIONAL_B_SPLINE_CURVE((1.,0.5,1.,0.5,1.,0.5,1.)) REPRESENTATION_ITEM(
  '') );
#916 = CARTESIAN_POINT('',(25.2342623,32.0483892));
#917 = CARTESIAN_POINT('',(25.2342623,25.293391050481));
#918 = CARTESIAN_POINT('',(19.3842623,28.670890125241));
#919 = CARTESIAN_POINT('',(13.5342623,32.0483892));
#920 = CARTESIAN_POINT('',(19.3842623,35.425888274759));
#921 = CARTESIAN_POINT('',(25.2342623,38.803387349519));
#922 = CARTESIAN_POINT('',(25.2342623,32.0483892));
#923 = ( GEOMETRIC_REPRESENTATION_CONTEXT(2) 
PARAMETRIC_REPRESENTATION_CONTEXT() REPRESENTATION_CONTEXT('2D SPACE',''
  ) );
#924 = PCURVE('',#925,#930);
#925 = CYLINDRICAL_SURFACE('',#926,3.9);
#926 = AXIS2_PLACEMENT_3D('',#927,#928,#929);
#927 = CARTESIAN_POINT('',(21.3342623,32.0483892,109.2));
#928 = DIRECTION('',(-0.,-0.,-1.));
#929 = DIRECTION('',(1.,0.,0.));
#930 = DEFINITIONAL_REPRESENTATION('',(#931),#935);
#931 = LINE('',#932,#933);
#932 = CARTESIAN_POINT('',(-6.28318530718,-2.));
#933 = VECTOR('',#934,1.);
#934 = DIRECTION('',(1.,-0.));
#935 = ( GEOMETRIC_REPRESENTATION_CONTEXT(2) 
PARAMETRIC_REPRESENTATION_CONTEXT() REPRESENTATION_CONTEXT('2D SPACE',''
  ) );
#936 = FACE_BOUND('',#937,.T.);
#937 = EDGE_LOOP('',(#938,#973,#1001,#1030,#1058,#1086,#1119,#1147,#1180
    ,#1208,#1241,#1269));
#938 = ORIENTED_EDGE('',*,*,#939,.T.);
#939 = EDGE_CURVE('',#940,#942,#944,.T.);
#940 = VERTEX_POINT('',#941);
#941 = CARTESIAN_POINT('',(41.6731196,-7.4459007,111.2));
#942 = VERTEX_POINT('',#943);
#943 = CARTESIAN_POINT('',(41.278037198397,-9.156325392423,111.2));
#944 = SURFACE_CURVE('',#945,(#950,#961),.PCURVE_S1.);
#945 = CIRCLE('',#946,3.9);
#946 = AXIS2_PLACEMENT_3D('',#947,#948,#949);
#947 = CARTESIAN_POINT('',(37.7731196,-7.4459007,111.2));
#948 = DIRECTION('',(0.,0.,-1.));
#949 = DIRECTION('',(1.,0.,0.));
#950 = PCURVE('',#59,#951);
#951 = DEFINITIONAL_REPRESENTATION('',(#952),#960);
#952 = ( BOUNDED_CURVE() B_SPLINE_CURVE(2,(#953,#954,#955,#956,#957,#958
,#959),.UNSPECIFIED.,.T.,.F.) B_SPLINE_CURVE_WITH_KNOTS((1,2,2,2,2,1),(
    -2.094395102393,0.,2.094395102393,4.188790204786,6.28318530718,
8.377580409573),.UNSPECIFIED.) CURVE() GEOMETRIC_REPRESENTATION_ITEM() 
RATIONAL_B_SPLINE_CURVE((1.,0.5,1.,0.5,1.,0.5,1.)) REPRESENTATION_ITEM(
  '') );
#953 = CARTESIAN_POINT('',(41.6731196,-7.4459007));
#954 = CARTESIAN_POINT('',(41.6731196,-14.20089884951));
#955 = CARTESIAN_POINT('',(35.8231196,-10.82339977475));
#956 = CARTESIAN_POINT('',(29.9731196,-7.4459007));
#957 = CARTESIAN_POINT('',(35.8231196,-4.068401625241));
#958 = CARTESIAN_POINT('',(41.6731196,-0.690902550481));
#959 = CARTESIAN_POINT('',(41.6731196,-7.4459007));
#960 = ( GEOMETRIC_REPRESENTATION_CONTEXT(2) 
PARAMETRIC_REPRESENTATION_CONTEXT() REPRESENTATION_CONTEXT('2D SPACE',''
  ) );
#961 = PCURVE('',#962,#967);
#962 = CYLINDRICAL_SURFACE('',#963,3.9);
#963 = AXIS2_PLACEMENT_3D('',#964,#965,#966);
#964 = CARTESIAN_POINT('',(37.7731196,-7.4459007,109.2));
#965 = DIRECTION('',(-0.,-0.,-1.));
#966 = DIRECTION('',(1.,0.,0.));
#967 = DEFINITIONAL_REPRESENTATION('',(#968),#972);
#968 = LINE('',#969,#970);
#969 = CARTESIAN_POINT('',(-6.28318530718,-2.));
#970 = VECTOR('',#971,1.);
#971 = DIRECTION('',(1.,-0.));
#972 = ( GEOMETRIC_REPRESENTATION_CONTEXT(2) 
PARAMETRIC_REPRESENTATION_CONTEXT() REPRESENTATION_CONTEXT('2D SPACE',''
  ) );
#973 = ORIENTED_EDGE('',*,*,#974,.F.);
#974 = EDGE_CURVE('',#975,#942,#977,.T.);
#975 = VERTEX_POINT('',#976);
#976 = CARTESIAN_POINT('',(60.652045583324,-17.99359237502,111.2));
#977 = SURFACE_CURVE('',#978,(#982,#989),.PCURVE_S1.);
#978 = LINE('',#979,#980);
#979 = CARTESIAN_POINT('',(60.652045583324,-17.99359237502,111.2));
#980 = VECTOR('',#981,1.);
#981 = DIRECTION('',(-0.909819048293,0.415005179923,-0.));
#982 = PCURVE('',#59,#983);
#983 = DEFINITIONAL_REPRESENTATION('',(#984),#988);
#984 = LINE('',#985,#986);
#985 = CARTESIAN_POINT('',(60.652045583324,-17.99359237502));
#986 = VECTOR('',#987,1.);
#987 = DIRECTION('',(-0.909819048293,0.415005179923));
#988 = ( GEOMETRIC_REPRESENTATION_CONTEXT(2) 
PARAMETRIC_REPRESENTATION_CONTEXT() REPRESENTATION_CONTEXT('2D SPACE',''
  ) );
#989 = PCURVE('',#990,#995);
#990 = CYLINDRICAL_SURFACE('',#991,0.8);
#991 = AXIS2_PLACEMENT_3D('',#992,#993,#994);
#992 = CARTESIAN_POINT('',(60.652045583324,-17.99359237502,112.));
#993 = DIRECTION('',(-0.909819048293,0.415005179923,-0.));
#994 = DIRECTION('',(0.,-0.,-1.));
#995 = DEFINITIONAL_REPRESENTATION('',(#996),#1000);
#996 = LINE('',#997,#998);
#997 = CARTESIAN_POINT('',(0.,0.));
#998 = VECTOR('',#999,1.);
#999 = DIRECTION('',(0.,1.));
#1000 = ( GEOMETRIC_REPRESENTATION_CONTEXT(2) 
PARAMETRIC_REPRESENTATION_CONTEXT() REPRESENTATION_CONTEXT('2D SPACE',''
  ) );
#1001 = ORIENTED_EDGE('',*,*,#1002,.F.);
#1002 = EDGE_CURVE('',#1003,#975,#1005,.T.);
#1003 = VERTEX_POINT('',#1004);
#1004 = CARTESIAN_POINT('',(53.347954416676,-34.00640762497,111.2));
#1005 = SURFACE_CURVE('',#1006,(#1011,#1018),.PCURVE_S1.);
#1006 = CIRCLE('',#1007,8.8);
#1007 = AXIS2_PLACEMENT_3D('',#1008,#1009,#1010);
#1008 = CARTESIAN_POINT('',(57.,-26.,111.2));
#1009 = DIRECTION('',(0.,0.,1.));
#1010 = DIRECTION('',(-0.415005179923,-0.909819048293,0.));
#1011 = PCURVE('',#59,#1012);
#1012 = DEFINITIONAL_REPRESENTATION('',(#1013),#1017);
#1013 = CIRCLE('',#1014,8.8);
#1014 = AXIS2_PLACEMENT_2D('',#1015,#1016);
#1015 = CARTESIAN_POINT('',(57.,-26.));
#1016 = DIRECTION('',(-0.415005179923,-0.909819048293));
#1017 = ( GEOMETRIC_REPRESENTATION_CONTEXT(2) 
PARAMETRIC_REPRESENTATION_CONTEXT() REPRESENTATION_CONTEXT('2D SPACE',''
  ) );
#1018 = PCURVE('',#1019,#1024);
#1019 = TOROIDAL_SURFACE('',#1020,8.8,0.8);
#1020 = AXIS2_PLACEMENT_3D('',#1021,#1022,#1023);
#1021 = CARTESIAN_POINT('',(57.,-26.,112.));
#1022 = DIRECTION('',(-0.,-0.,-1.));
#1023 = DIRECTION('',(-0.415005179923,-0.909819048293,0.));
#1024 = DEFINITIONAL_REPRESENTATION('',(#1025),#1029);
#1025 = LINE('',#1026,#1027);
#1026 = CARTESIAN_POINT('',(-0.,1.570796326795));
#1027 = VECTOR('',#1028,1.);
#1028 = DIRECTION('',(-1.,0.));
#1029 = ( GEOMETRIC_REPRESENTATION_CONTEXT(2) 
PARAMETRIC_REPRESENTATION_CONTEXT() REPRESENTATION_CONTEXT('2D SPACE',''
  ) );
#1030 = ORIENTED_EDGE('',*,*,#1031,.F.);
#1031 = EDGE_CURVE('',#1032,#1003,#1034,.T.);
#1032 = VERTEX_POINT('',#1033);
#1033 = CARTESIAN_POINT('',(47.318787050463,-31.25626110705,111.2));
#1034 = SURFACE_CURVE('',#1035,(#1039,#1046),.PCURVE_S1.);
#1035 = LINE('',#1036,#1037);
#1036 = CARTESIAN_POINT('',(42.685074992846,-29.14263806323,111.2));
#1037 = VECTOR('',#1038,1.);
#1038 = DIRECTION('',(0.909819048293,-0.415005179923,0.));
#1039 = PCURVE('',#59,#1040);
#1040 = DEFINITIONAL_REPRESENTATION('',(#1041),#1045);
#1041 = LINE('',#1042,#1043);
#1042 = CARTESIAN_POINT('',(42.685074992846,-29.14263806323));
#1043 = VECTOR('',#1044,1.);
#1044 = DIRECTION('',(0.909819048293,-0.415005179923));
#1045 = ( GEOMETRIC_REPRESENTATION_CONTEXT(2) 
PARAMETRIC_REPRESENTATION_CONTEXT() REPRESENTATION_CONTEXT('2D SPACE',''
  ) );
#1046 = PCURVE('',#1047,#1052);
#1047 = CYLINDRICAL_SURFACE('',#1048,0.8);
#1048 = AXIS2_PLACEMENT_3D('',#1049,#1050,#1051);
#1049 = CARTESIAN_POINT('',(42.685074992846,-29.14263806323,112.));
#1050 = DIRECTION('',(0.909819048293,-0.415005179923,0.));
#1051 = DIRECTION('',(0.,-0.,-1.));
#1052 = DEFINITIONAL_REPRESENTATION('',(#1053),#1057);
#1053 = LINE('',#1054,#1055);
#1054 = CARTESIAN_POINT('',(0.,0.));
#1055 = VECTOR('',#1056,1.);
#1056 = DIRECTION('',(0.,1.));
#1057 = ( GEOMETRIC_REPRESENTATION_CONTEXT(2) 
PARAMETRIC_REPRESENTATION_CONTEXT() REPRESENTATION_CONTEXT('2D SPACE',''
  ) );
#1058 = ORIENTED_EDGE('',*,*,#1059,.T.);
#1059 = EDGE_CURVE('',#1032,#1060,#1062,.T.);
#1060 = VERTEX_POINT('',#1061);
#1061 = CARTESIAN_POINT('',(62.930865490196,-45.4988589819,111.2));
#1062 = SURFACE_CURVE('',#1063,(#1067,#1074),.PCURVE_S1.);
#1063 = LINE('',#1064,#1065);
#1064 = CARTESIAN_POINT('',(43.556248726802,-27.82377000477,111.2));
#1065 = VECTOR('',#1066,1.);
#1066 = DIRECTION('',(0.738766024784,-0.673961987522,0.));
#1067 = PCURVE('',#59,#1068);
#1068 = DEFINITIONAL_REPRESENTATION('',(#1069),#1073);
#1069 = LINE('',#1070,#1071);
#1070 = CARTESIAN_POINT('',(43.556248726802,-27.82377000477));
#1071 = VECTOR('',#1072,1.);
#1072 = DIRECTION('',(0.738766024784,-0.673961987522));
#1073 = ( GEOMETRIC_REPRESENTATION_CONTEXT(2) 
PARAMETRIC_REPRESENTATION_CONTEXT() REPRESENTATION_CONTEXT('2D SPACE',''
  ) );
#1074 = PCURVE('',#1075,#1080);
#1075 = CYLINDRICAL_SURFACE('',#1076,0.8);
#1076 = AXIS2_PLACEMENT_3D('',#1077,#1078,#1079);
#1077 = CARTESIAN_POINT('',(43.556248726802,-27.82377000477,112.));
#1078 = DIRECTION('',(0.738766024784,-0.673961987522,0.));
#1079 = DIRECTION('',(0.,-0.,-1.));
#1080 = DEFINITIONAL_REPRESENTATION('',(#1081),#1085);
#1081 = LINE('',#1082,#1083);
#1082 = CARTESIAN_POINT('',(-0.,0.));
#1083 = VECTOR('',#1084,1.);
#1084 = DIRECTION('',(-0.,1.));
#1085 = ( GEOMETRIC_REPRESENTATION_CONTEXT(2) 
PARAMETRIC_REPRESENTATION_CONTEXT() REPRESENTATION_CONTEXT('2D SPACE',''
  ) );
#1086 = ORIENTED_EDGE('',*,*,#1087,.T.);
#1087 = EDGE_CURVE('',#1060,#1088,#1090,.T.);
#1088 = VERTEX_POINT('',#1089);
#1089 = CARTESIAN_POINT('',(51.069134509805,-58.50114101809,111.2));
#1090 = SURFACE_CURVE('',#1091,(#1096,#1107),.PCURVE_S1.);
#1091 = CIRCLE('',#1092,8.8);
#1092 = AXIS2_PLACEMENT_3D('',#1093,#1094,#1095);
#1093 = CARTESIAN_POINT('',(57.,-52.,111.2));
#1094 = DIRECTION('',(0.,-0.,-1.));
#1095 = DIRECTION('',(0.673961987522,0.738766024784,-0.));
#1096 = PCURVE('',#59,#1097);
#1097 = DEFINITIONAL_REPRESENTATION('',(#1098),#1106);
#1098 = ( BOUNDED_CURVE() B_SPLINE_CURVE(2,(#1099,#1100,#1101,#1102,
#1103,#1104,#1105),.UNSPECIFIED.,.T.,.F.) B_SPLINE_CURVE_WITH_KNOTS((1,2
    ,2,2,2,1),(-2.094395102393,0.,2.094395102393,4.188790204786,
6.28318530718,8.377580409573),.UNSPECIFIED.) CURVE() 
GEOMETRIC_REPRESENTATION_ITEM() RATIONAL_B_SPLINE_CURVE((1.,0.5,1.,0.5,
1.,0.5,1.)) REPRESENTATION_ITEM('') );
#1099 = CARTESIAN_POINT('',(62.930865490196,-45.4988589819));
#1100 = CARTESIAN_POINT('',(74.191172040713,-55.77141934377));
#1101 = CARTESIAN_POINT('',(59.664720530161,-60.38685068998));
#1102 = CARTESIAN_POINT('',(45.138269019609,-65.00228203619));
#1103 = CARTESIAN_POINT('',(48.404413979644,-50.11429032811));
#1104 = CARTESIAN_POINT('',(51.670558939678,-35.22629862002));
#1105 = CARTESIAN_POINT('',(62.930865490196,-45.4988589819));
#1106 = ( GEOMETRIC_REPRESENTATION_CONTEXT(2) 
PARAMETRIC_REPRESENTATION_CONTEXT() REPRESENTATION_CONTEXT('2D SPACE',''
  ) );
#1107 = PCURVE('',#1108,#1113);
#1108 = TOROIDAL_SURFACE('',#1109,8.8,0.8);
#1109 = AXIS2_PLACEMENT_3D('',#1110,#1111,#1112);
#1110 = CARTESIAN_POINT('',(57.,-52.,112.));
#1111 = DIRECTION('',(-0.,-0.,-1.));
#1112 = DIRECTION('',(0.673961987522,0.738766024784,-0.));
#1113 = DEFINITIONAL_REPRESENTATION('',(#1114),#1118);
#1114 = LINE('',#1115,#1116);
#1115 = CARTESIAN_POINT('',(0.,1.570796326795));
#1116 = VECTOR('',#1117,1.);
#1117 = DIRECTION('',(1.,0.));
#1118 = ( GEOMETRIC_REPRESENTATION_CONTEXT(2) 
PARAMETRIC_REPRESENTATION_CONTEXT() REPRESENTATION_CONTEXT('2D SPACE',''
  ) );
#1119 = ORIENTED_EDGE('',*,*,#1120,.T.);
#1120 = EDGE_CURVE('',#1088,#1121,#1123,.T.);
#1121 = VERTEX_POINT('',#1122);
#1122 = CARTESIAN_POINT('',(24.561518851945,-34.31875480391,111.2));
#1123 = SURFACE_CURVE('',#1124,(#1128,#1135),.PCURVE_S1.);
#1124 = LINE('',#1125,#1126);
#1125 = CARTESIAN_POINT('',(51.069134509805,-58.50114101809,111.2));
#1126 = VECTOR('',#1127,1.);
#1127 = DIRECTION('',(-0.738766024784,0.673961987522,-0.));
#1128 = PCURVE('',#59,#1129);
#1129 = DEFINITIONAL_REPRESENTATION('',(#1130),#1134);
#1130 = LINE('',#1131,#1132);
#1131 = CARTESIAN_POINT('',(51.069134509805,-58.50114101809));
#1132 = VECTOR('',#1133,1.);
#1133 = DIRECTION('',(-0.738766024784,0.673961987522));
#1134 = ( GEOMETRIC_REPRESENTATION_CONTEXT(2) 
PARAMETRIC_REPRESENTATION_CONTEXT() REPRESENTATION_CONTEXT('2D SPACE',''
  ) );
#1135 = PCURVE('',#1136,#1141);
#1136 = CYLINDRICAL_SURFACE('',#1137,0.8);
#1137 = AXIS2_PLACEMENT_3D('',#1138,#1139,#1140);
#1138 = CARTESIAN_POINT('',(51.069134509805,-58.50114101809,112.));
#1139 = DIRECTION('',(-0.738766024784,0.673961987522,-0.));
#1140 = DIRECTION('',(0.,-0.,-1.));
#1141 = DEFINITIONAL_REPRESENTATION('',(#1142),#1146);
#1142 = LINE('',#1143,#1144);
#1143 = CARTESIAN_POINT('',(-0.,0.));
#1144 = VECTOR('',#1145,1.);
#1145 = DIRECTION('',(-0.,1.));
#1146 = ( GEOMETRIC_REPRESENTATION_CONTEXT(2) 
PARAMETRIC_REPRESENTATION_CONTEXT() REPRESENTATION_CONTEXT('2D SPACE',''
  ) );
#1147 = ORIENTED_EDGE('',*,*,#1148,.T.);
#1148 = EDGE_CURVE('',#1121,#1149,#1151,.T.);
#1149 = VERTEX_POINT('',#1150);
#1150 = CARTESIAN_POINT('',(20.596231746073,-28.16806303456,111.2));
#1151 = SURFACE_CURVE('',#1152,(#1157,#1168),.PCURVE_S1.);
#1152 = CIRCLE('',#1153,3.9);
#1153 = AXIS2_PLACEMENT_3D('',#1154,#1155,#1156);
#1154 = CARTESIAN_POINT('',(21.4445822,-31.9746759,111.2));
#1155 = DIRECTION('',(0.,0.,-1.));
#1156 = DIRECTION('',(1.,0.,0.));
#1157 = PCURVE('',#59,#1158);
#1158 = DEFINITIONAL_REPRESENTATION('',(#1159),#1167);
#1159 = ( BOUNDED_CURVE() B_SPLINE_CURVE(2,(#1160,#1161,#1162,#1163,
#1164,#1165,#1166),.UNSPECIFIED.,.T.,.F.) B_SPLINE_CURVE_WITH_KNOTS((1,2
    ,2,2,2,1),(-2.094395102393,0.,2.094395102393,4.188790204786,
6.28318530718,8.377580409573),.UNSPECIFIED.) CURVE() 
GEOMETRIC_REPRESENTATION_ITEM() RATIONAL_B_SPLINE_CURVE((1.,0.5,1.,0.5,
1.,0.5,1.)) REPRESENTATION_ITEM('') );
#1160 = CARTESIAN_POINT('',(25.3445822,-31.9746759));
#1161 = CARTESIAN_POINT('',(25.3445822,-38.72967404951));
#1162 = CARTESIAN_POINT('',(19.4945822,-35.35217497475));
#1163 = CARTESIAN_POINT('',(13.6445822,-31.9746759));
#1164 = CARTESIAN_POINT('',(19.4945822,-28.59717682524));
#1165 = CARTESIAN_POINT('',(25.3445822,-25.21967775048));
#1166 = CARTESIAN_POINT('',(25.3445822,-31.9746759));
#1167 = ( GEOMETRIC_REPRESENTATION_CONTEXT(2) 
PARAMETRIC_REPRESENTATION_CONTEXT() REPRESENTATION_CONTEXT('2D SPACE',''
  ) );
#1168 = PCURVE('',#1169,#1174);
#1169 = CYLINDRICAL_SURFACE('',#1170,3.9);
#1170 = AXIS2_PLACEMENT_3D('',#1171,#1172,#1173);
#1171 = CARTESIAN_POINT('',(21.4445822,-31.9746759,109.2));
#1172 = DIRECTION('',(-0.,-0.,-1.));
#1173 = DIRECTION('',(1.,0.,0.));
#1174 = DEFINITIONAL_REPRESENTATION('',(#1175),#1179);
#1175 = LINE('',#1176,#1177);
#1176 = CARTESIAN_POINT('',(-6.28318530718,-2.));
#1177 = VECTOR('',#1178,1.);
#1178 = DIRECTION('',(1.,-0.));
#1179 = ( GEOMETRIC_REPRESENTATION_CONTEXT(2) 
PARAMETRIC_REPRESENTATION_CONTEXT() REPRESENTATION_CONTEXT('2D SPACE',''
  ) );
#1180 = ORIENTED_EDGE('',*,*,#1181,.T.);
#1181 = EDGE_CURVE('',#1149,#1182,#1184,.T.);
#1182 = VERTEX_POINT('',#1183);
#1183 = CARTESIAN_POINT('',(28.801370399278,-19.17396874162,111.2));
#1184 = SURFACE_CURVE('',#1185,(#1189,#1196),.PCURVE_S1.);
#1185 = LINE('',#1186,#1187);
#1186 = CARTESIAN_POINT('',(21.162146714983,-27.54773316479,111.2));
#1187 = VECTOR('',#1188,1.);
#1188 = DIRECTION('',(0.673961987522,0.738766024784,0.));
#1189 = PCURVE('',#59,#1190);
#1190 = DEFINITIONAL_REPRESENTATION('',(#1191),#1195);
#1191 = LINE('',#1192,#1193);
#1192 = CARTESIAN_POINT('',(21.162146714983,-27.54773316479));
#1193 = VECTOR('',#1194,1.);
#1194 = DIRECTION('',(0.673961987522,0.738766024784));
#1195 = ( GEOMETRIC_REPRESENTATION_CONTEXT(2) 
PARAMETRIC_REPRESENTATION_CONTEXT() REPRESENTATION_CONTEXT('2D SPACE',''
  ) );
#1196 = PCURVE('',#1197,#1202);
#1197 = CYLINDRICAL_SURFACE('',#1198,0.8);
#1198 = AXIS2_PLACEMENT_3D('',#1199,#1200,#1201);
#1199 = CARTESIAN_POINT('',(21.162146714983,-27.54773316479,112.));
#1200 = DIRECTION('',(0.673961987522,0.738766024784,0.));
#1201 = DIRECTION('',(0.,0.,-1.));
#1202 = DEFINITIONAL_REPRESENTATION('',(#1203),#1207);
#1203 = LINE('',#1204,#1205);
#1204 = CARTESIAN_POINT('',(-0.,0.));
#1205 = VECTOR('',#1206,1.);
#1206 = DIRECTION('',(-0.,1.));
#1207 = ( GEOMETRIC_REPRESENTATION_CONTEXT(2) 
PARAMETRIC_REPRESENTATION_CONTEXT() REPRESENTATION_CONTEXT('2D SPACE',''
  ) );
#1208 = ORIENTED_EDGE('',*,*,#1209,.T.);
#1209 = EDGE_CURVE('',#1182,#1210,#1212,.T.);
#1210 = VERTEX_POINT('',#1211);
#1211 = CARTESIAN_POINT('',(28.921860429525,-19.00299285566,111.2));
#1212 = SURFACE_CURVE('',#1213,(#1218,#1229),.PCURVE_S1.);
#1213 = CIRCLE('',#1214,3.9);
#1214 = AXIS2_PLACEMENT_3D('',#1215,#1216,#1217);
#1215 = CARTESIAN_POINT('',(32.0483893,-21.3342623,111.2));
#1216 = DIRECTION('',(0.,0.,-1.));
#1217 = DIRECTION('',(1.,0.,0.));
#1218 = PCURVE('',#59,#1219);
#1219 = DEFINITIONAL_REPRESENTATION('',(#1220),#1228);
#1220 = ( BOUNDED_CURVE() B_SPLINE_CURVE(2,(#1221,#1222,#1223,#1224,
#1225,#1226,#1227),.UNSPECIFIED.,.T.,.F.) B_SPLINE_CURVE_WITH_KNOTS((1,2
    ,2,2,2,1),(-2.094395102393,0.,2.094395102393,4.188790204786,
6.28318530718,8.377580409573),.UNSPECIFIED.) CURVE() 
GEOMETRIC_REPRESENTATION_ITEM() RATIONAL_B_SPLINE_CURVE((1.,0.5,1.,0.5,
1.,0.5,1.)) REPRESENTATION_ITEM('') );
#1221 = CARTESIAN_POINT('',(35.9483893,-21.3342623));
#1222 = CARTESIAN_POINT('',(35.9483893,-28.08926044951));
#1223 = CARTESIAN_POINT('',(30.0983893,-24.71176137475));
#1224 = CARTESIAN_POINT('',(24.2483893,-21.3342623));
#1225 = CARTESIAN_POINT('',(30.0983893,-17.95676322524));
#1226 = CARTESIAN_POINT('',(35.9483893,-14.57926415048));
#1227 = CARTESIAN_POINT('',(35.9483893,-21.3342623));
#1228 = ( GEOMETRIC_REPRESENTATION_CONTEXT(2) 
PARAMETRIC_REPRESENTATION_CONTEXT() REPRESENTATION_CONTEXT('2D SPACE',''
  ) );
#1229 = PCURVE('',#1230,#1235);
#1230 = CYLINDRICAL_SURFACE('',#1231,3.9);
#1231 = AXIS2_PLACEMENT_3D('',#1232,#1233,#1234);
#1232 = CARTESIAN_POINT('',(32.0483893,-21.3342623,109.2));
#1233 = DIRECTION('',(-0.,-0.,-1.));
#1234 = DIRECTION('',(1.,0.,0.));
#1235 = DEFINITIONAL_REPRESENTATION('',(#1236),#1240);
#1236 = LINE('',#1237,#1238);
#1237 = CARTESIAN_POINT('',(-6.28318530718,-2.));
#1238 = VECTOR('',#1239,1.);
#1239 = DIRECTION('',(1.,-0.));
#1240 = ( GEOMETRIC_REPRESENTATION_CONTEXT(2) 
PARAMETRIC_REPRESENTATION_CONTEXT() REPRESENTATION_CONTEXT('2D SPACE',''
  ) );
#1241 = ORIENTED_EDGE('',*,*,#1242,.T.);
#1242 = EDGE_CURVE('',#1210,#1243,#1245,.T.);
#1243 = VERTEX_POINT('',#1244);
#1244 = CARTESIAN_POINT('',(33.919621728255,-8.046362316141,111.2));
#1245 = SURFACE_CURVE('',#1246,(#1250,#1257),.PCURVE_S1.);
#1246 = LINE('',#1247,#1248);
#1247 = CARTESIAN_POINT('',(29.608230727536,-17.49825797156,111.2));
#1248 = VECTOR('',#1249,1.);
#1249 = DIRECTION('',(0.415005179923,0.909819048293,0.));
#1250 = PCURVE('',#59,#1251);
#1251 = DEFINITIONAL_REPRESENTATION('',(#1252),#1256);
#1252 = LINE('',#1253,#1254);
#1253 = CARTESIAN_POINT('',(29.608230727536,-17.49825797156));
#1254 = VECTOR('',#1255,1.);
#1255 = DIRECTION('',(0.415005179923,0.909819048293));
#1256 = ( GEOMETRIC_REPRESENTATION_CONTEXT(2) 
PARAMETRIC_REPRESENTATION_CONTEXT() REPRESENTATION_CONTEXT('2D SPACE',''
  ) );
#1257 = PCURVE('',#1258,#1263);
#1258 = CYLINDRICAL_SURFACE('',#1259,0.8);
#1259 = AXIS2_PLACEMENT_3D('',#1260,#1261,#1262);
#1260 = CARTESIAN_POINT('',(29.608230727536,-17.49825797156,112.));
#1261 = DIRECTION('',(0.415005179923,0.909819048293,0.));
#1262 = DIRECTION('',(0.,0.,-1.));
#1263 = DEFINITIONAL_REPRESENTATION('',(#1264),#1268);
#1264 = LINE('',#1265,#1266);
#1265 = CARTESIAN_POINT('',(-0.,0.));
#1266 = VECTOR('',#1267,1.);
#1267 = DIRECTION('',(-0.,1.));
#1268 = ( GEOMETRIC_REPRESENTATION_CONTEXT(2) 
PARAMETRIC_REPRESENTATION_CONTEXT() REPRESENTATION_CONTEXT('2D SPACE',''
  ) );
#1269 = ORIENTED_EDGE('',*,*,#1270,.T.);
#1270 = EDGE_CURVE('',#1243,#940,#1271,.T.);
#1271 = SURFACE_CURVE('',#1272,(#1277,#1288),.PCURVE_S1.);
#1272 = CIRCLE('',#1273,3.9);
#1273 = AXIS2_PLACEMENT_3D('',#1274,#1275,#1276);
#1274 = CARTESIAN_POINT('',(37.7731196,-7.4459007,111.2));
#1275 = DIRECTION('',(0.,0.,-1.));
#1276 = DIRECTION('',(1.,0.,0.));
#1277 = PCURVE('',#59,#1278);
#1278 = DEFINITIONAL_REPRESENTATION('',(#1279),#1287);
#1279 = ( BOUNDED_CURVE() B_SPLINE_CURVE(2,(#1280,#1281,#1282,#1283,
#1284,#1285,#1286),.UNSPECIFIED.,.T.,.F.) B_SPLINE_CURVE_WITH_KNOTS((1,2
    ,2,2,2,1),(-2.094395102393,0.,2.094395102393,4.188790204786,
6.28318530718,8.377580409573),.UNSPECIFIED.) CURVE() 
GEOMETRIC_REPRESENTATION_ITEM() RATIONAL_B_SPLINE_CURVE((1.,0.5,1.,0.5,
1.,0.5,1.)) REPRESENTATION_ITEM('') );
#1280 = CARTESIAN_POINT('',(41.6731196,-7.4459007));
#1281 = CARTESIAN_POINT('',(41.6731196,-14.20089884951));
#1282 = CARTESIAN_POINT('',(35.8231196,-10.82339977475));
#1283 = CARTESIAN_POINT('',(29.9731196,-7.4459007));
#1284 = CARTESIAN_POINT('',(35.8231196,-4.068401625241));
#1285 = CARTESIAN_POINT('',(41.6731196,-0.690902550481));
#1286 = CARTESIAN_POINT('',(41.6731196,-7.4459007));
#1287 = ( GEOMETRIC_REPRESENTATION_CONTEXT(2) 
PARAMETRIC_REPRESENTATION_CONTEXT() REPRESENTATION_CONTEXT('2D SPACE',''
  ) );
#1288 = PCURVE('',#962,#1289);
#1289 = DEFINITIONAL_REPRESENTATION('',(#1290),#1294);
#1290 = LINE('',#1291,#1292);
#1291 = CARTESIAN_POINT('',(-6.28318530718,-2.));
#1292 = VECTOR('',#1293,1.);
#1293 = DIRECTION('',(1.,-0.));
#1294 = ( GEOMETRIC_REPRESENTATION_CONTEXT(2) 
PARAMETRIC_REPRESENTATION_CONTEXT() REPRESENTATION_CONTEXT('2D SPACE',''
  ) );
#1295 = ADVANCED_FACE('',(#1296),#75,.F.);
#1296 = FACE_BOUND('',#1297,.T.);
#1297 = EDGE_LOOP('',(#1298,#1299,#1322,#1349,#1350,#1351,#1443,#1469,
    #1569,#1609,#1635));
#1298 = ORIENTED_EDGE('',*,*,#47,.F.);
#1299 = ORIENTED_EDGE('',*,*,#1300,.F.);
#1300 = EDGE_CURVE('',#1301,#48,#1303,.T.);
#1301 = VERTEX_POINT('',#1302);
#1302 = CARTESIAN_POINT('',(-17.4342622,-32.0483893,109.2));
#1303 = SEAM_CURVE('',#1304,(#1308,#1315),.PCURVE_S1.);
#1304 = LINE('',#1305,#1306);
#1305 = CARTESIAN_POINT('',(-17.4342622,-32.0483893,109.2));
#1306 = VECTOR('',#1307,1.);
#1307 = DIRECTION('',(0.,0.,1.));
#1308 = PCURVE('',#75,#1309);
#1309 = DEFINITIONAL_REPRESENTATION('',(#1310),#1314);
#1310 = LINE('',#1311,#1312);
#1311 = CARTESIAN_POINT('',(-6.28318530718,0.));
#1312 = VECTOR('',#1313,1.);
#1313 = DIRECTION('',(-0.,-1.));
#1314 = ( GEOMETRIC_REPRESENTATION_CONTEXT(2) 
PARAMETRIC_REPRESENTATION_CONTEXT() REPRESENTATION_CONTEXT('2D SPACE',''
  ) );
#1315 = PCURVE('',#75,#1316);
#1316 = DEFINITIONAL_REPRESENTATION('',(#1317),#1321);
#1317 = LINE('',#1318,#1319);
#1318 = CARTESIAN_POINT('',(-0.,0.));
#1319 = VECTOR('',#1320,1.);
#1320 = DIRECTION('',(-0.,-1.));
#1321 = ( GEOMETRIC_REPRESENTATION_CONTEXT(2) 
PARAMETRIC_REPRESENTATION_CONTEXT() REPRESENTATION_CONTEXT('2D SPACE',''
  ) );
#1322 = ORIENTED_EDGE('',*,*,#1323,.F.);
#1323 = EDGE_CURVE('',#1301,#1301,#1324,.T.);
#1324 = SURFACE_CURVE('',#1325,(#1330,#1337),.PCURVE_S1.);
#1325 = CIRCLE('',#1326,3.9);
#1326 = AXIS2_PLACEMENT_3D('',#1327,#1328,#1329);
#1327 = CARTESIAN_POINT('',(-21.3342622,-32.0483893,109.2));
#1328 = DIRECTION('',(0.,0.,1.));
#1329 = DIRECTION('',(1.,0.,0.));
#1330 = PCURVE('',#75,#1331);
#1331 = DEFINITIONAL_REPRESENTATION('',(#1332),#1336);
#1332 = LINE('',#1333,#1334);
#1333 = CARTESIAN_POINT('',(-0.,0.));
#1334 = VECTOR('',#1335,1.);
#1335 = DIRECTION('',(-1.,0.));
#1336 = ( GEOMETRIC_REPRESENTATION_CONTEXT(2) 
PARAMETRIC_REPRESENTATION_CONTEXT() REPRESENTATION_CONTEXT('2D SPACE',''
  ) );
#1337 = PCURVE('',#1338,#1343);
#1338 = PLANE('',#1339);
#1339 = AXIS2_PLACEMENT_3D('',#1340,#1341,#1342);
#1340 = CARTESIAN_POINT('',(37.7472349,7.5760318,109.2));
#1341 = DIRECTION('',(0.,0.,1.));
#1342 = DIRECTION('',(1.,0.,0.));
#1343 = DEFINITIONAL_REPRESENTATION('',(#1344),#1348);
#1344 = CIRCLE('',#1345,3.9);
#1345 = AXIS2_PLACEMENT_2D('',#1346,#1347);
#1346 = CARTESIAN_POINT('',(-59.0814971,-39.6244211));
#1347 = DIRECTION('',(1.,0.));
#1348 = ( GEOMETRIC_REPRESENTATION_CONTEXT(2) 
PARAMETRIC_REPRESENTATION_CONTEXT() REPRESENTATION_CONTEXT('2D SPACE',''
  ) );
#1349 = ORIENTED_EDGE('',*,*,#1300,.T.);
#1350 = ORIENTED_EDGE('',*,*,#411,.F.);
#1351 = ORIENTED_EDGE('',*,*,#1352,.T.);
#1352 = EDGE_CURVE('',#384,#1353,#1355,.T.);
#1353 = VERTEX_POINT('',#1354);
#1354 = CARTESIAN_POINT('',(-21.68282776716,-28.16399719242,112.));
#1355 = SURFACE_CURVE('',#1356,(#1383,#1413),.PCURVE_S1.);
#1356 = B_SPLINE_CURVE_WITH_KNOTS('',5,(#1357,#1358,#1359,#1360,#1361,
    #1362,#1363,#1364,#1365,#1366,#1367,#1368,#1369,#1370,#1371,#1372,
    #1373,#1374,#1375,#1376,#1377,#1378,#1379,#1380,#1381,#1382),
  .UNSPECIFIED.,.F.,.F.,(6,4,4,4,4,4,6),(0.,0.233253353064,
    0.353638580158,0.431850323478,0.617239190888,0.79810356357,1.),
  .UNSPECIFIED.);
#1357 = CARTESIAN_POINT('',(-20.53952410678,-28.23022333147,111.2));
#1358 = CARTESIAN_POINT('',(-20.61837687385,-28.21381039965,111.2));
#1359 = CARTESIAN_POINT('',(-20.69740944735,-28.19948367745,
    111.20348039263));
#1360 = CARTESIAN_POINT('',(-20.7762502816,-28.1872950885,
    111.21089159598));
#1361 = CARTESIAN_POINT('',(-20.85429756362,-28.17727342281,
    111.22273808894));
#1362 = CARTESIAN_POINT('',(-20.97016846985,-28.16521939989,
    111.24799618673));
#1363 = CARTESIAN_POINT('',(-21.00917961188,-28.16166786598,
    111.25787611039));
#1364 = CARTESIAN_POINT('',(-21.04764113649,-28.15865540753,
    111.26908815484));
#1365 = CARTESIAN_POINT('',(-21.08542054285,-28.15616018472,
    111.28167193255));
#1366 = CARTESIAN_POINT('',(-21.14638311412,-28.15284318203,
    111.30472201445));
#1367 = CARTESIAN_POINT('',(-21.17004336202,-28.15174139568,
    111.31438575823));
#1368 = CARTESIAN_POINT('',(-21.19331604088,-28.15083514782,
    111.32464048228));
#1369 = CARTESIAN_POINT('',(-21.21616108675,-28.15011363669,
    111.33548664151));
#1370 = CARTESIAN_POINT('',(-21.29157841795,-28.14826198214,
    111.37402199911));
#1371 = CARTESIAN_POINT('',(-21.34199476675,-28.14792660181,
    111.40442758079));
#1372 = CARTESIAN_POINT('',(-21.38923041298,-28.14839209647,
    111.4380753858));
#1373 = CARTESIAN_POINT('',(-21.43278466208,-28.14943386817,
    111.47476352155));
#1374 = CARTESIAN_POINT('',(-21.51076890483,-28.15219496504,
    111.55256212607));
#1375 = CARTESIAN_POINT('',(-21.54540152524,-28.15389754253,
    111.59354885822));
#1376 = CARTESIAN_POINT('',(-21.57579002517,-28.15573429598,
    111.63678738487));
#1377 = CARTESIAN_POINT('',(-21.60170092728,-28.15751122541,
    111.68188157375));
#1378 = CARTESIAN_POINT('',(-21.64675182553,-28.16085563006,
    111.78033856632));
#1379 = CARTESIAN_POINT('',(-21.66475481045,-28.16237479262,
    111.83405520531));
#1380 = CARTESIAN_POINT('',(-21.67680275114,-28.16345672795,
    111.88897377935));
#1381 = CARTESIAN_POINT('',(-21.68282776716,-28.16399719242,
    111.944486523));
#1382 = CARTESIAN_POINT('',(-21.68282776716,-28.16399719242,112.));
#1383 = PCURVE('',#75,#1384);
#1384 = DEFINITIONAL_REPRESENTATION('',(#1385),#1412);
#1385 = B_SPLINE_CURVE_WITH_KNOTS('',5,(#1386,#1387,#1388,#1389,#1390,
    #1391,#1392,#1393,#1394,#1395,#1396,#1397,#1398,#1399,#1400,#1401,
    #1402,#1403,#1404,#1405,#1406,#1407,#1408,#1409,#1410,#1411),
  .UNSPECIFIED.,.F.,.F.,(6,4,4,4,4,4,6),(0.,0.233253353064,
    0.353638580158,0.431850323478,0.617239190888,0.79810356357,1.),
  .UNSPECIFIED.);
#1386 = CARTESIAN_POINT('',(-1.365579953018,-2.));
#1387 = CARTESIAN_POINT('',(-1.386231953931,-2.));
#1388 = CARTESIAN_POINT('',(-1.406820111025,-2.003480392638));
#1389 = CARTESIAN_POINT('',(-1.427266623026,-2.010891595988));
#1390 = CARTESIAN_POINT('',(-1.447437189951,-2.022738088944));
#1391 = CARTESIAN_POINT('',(-1.477308012405,-2.047996186737));
#1392 = CARTESIAN_POINT('',(-1.487351404417,-2.057876110391));
#1393 = CARTESIAN_POINT('',(-1.49724251391,-2.06908815484));
#1394 = CARTESIAN_POINT('',(-1.506949994207,-2.081671932553));
#1395 = CARTESIAN_POINT('',(-1.52260454406,-2.104722014456));
#1396 = CARTESIAN_POINT('',(-1.528677661343,-2.114385758236));
#1397 = CARTESIAN_POINT('',(-1.534649316999,-2.124640482288));
#1398 = CARTESIAN_POINT('',(-1.540509795855,-2.13548664151));
#1399 = CARTESIAN_POINT('',(-1.559853400672,-2.174021999111));
#1400 = CARTESIAN_POINT('',(-1.572778869449,-2.204427580794));
#1401 = CARTESIAN_POINT('',(-1.584889312687,-2.238075385805));
#1402 = CARTESIAN_POINT('',(-1.596059542108,-2.274763521555));
#1403 = CARTESIAN_POINT('',(-1.616068031058,-2.352562126078));
#1404 = CARTESIAN_POINT('',(-1.624958072738,-2.393548858228));
#1405 = CARTESIAN_POINT('',(-1.632763809493,-2.436787384873));
#1406 = CARTESIAN_POINT('',(-1.639423132973,-2.481881573751));
#1407 = CARTESIAN_POINT('',(-1.651006431828,-2.580338566328));
#1408 = CARTESIAN_POINT('',(-1.65563876386,-2.634055205317));
#1409 = CARTESIAN_POINT('',(-1.658740465554,-2.688973779357));
#1410 = CARTESIAN_POINT('',(-1.660291532442,-2.744486523009));
#1411 = CARTESIAN_POINT('',(-1.660291532442,-2.8));
#1412 = ( GEOMETRIC_REPRESENTATION_CONTEXT(2) 
PARAMETRIC_REPRESENTATION_CONTEXT() REPRESENTATION_CONTEXT('2D SPACE',''
  ) );
#1413 = PCURVE('',#399,#1414);
#1414 = DEFINITIONAL_REPRESENTATION('',(#1415),#1442);
#1415 = B_SPLINE_CURVE_WITH_KNOTS('',5,(#1416,#1417,#1418,#1419,#1420,
    #1421,#1422,#1423,#1424,#1425,#1426,#1427,#1428,#1429,#1430,#1431,
    #1432,#1433,#1434,#1435,#1436,#1437,#1438,#1439,#1440,#1441),
  .UNSPECIFIED.,.F.,.F.,(6,4,4,4,4,4,6),(0.,0.233253353064,
    0.353638580158,0.431850323478,0.617239190888,0.79810356357,1.),
  .UNSPECIFIED.);
#1416 = CARTESIAN_POINT('',(0.,10.320566081247));
#1417 = CARTESIAN_POINT('',(-5.899006639409E-02,10.255296997232));
#1418 = CARTESIAN_POINT('',(-0.119904260388,10.191447951312));
#1419 = CARTESIAN_POINT('',(-0.182867506186,10.129307710555));
#1420 = CARTESIAN_POINT('',(-0.247953818174,10.069303143117));
#1421 = CARTESIAN_POINT('',(-0.349817237899,9.982305454268));
#1422 = CARTESIAN_POINT('',(-0.385051460838,9.953389674853));
#1423 = CARTESIAN_POINT('',(-0.420837761648,9.925242567338));
#1424 = CARTESIAN_POINT('',(-0.457161843748,9.897937297702));
#1425 = CARTESIAN_POINT('',(-0.51792879526,9.854400353113));
#1426 = CARTESIAN_POINT('',(-0.542076138589,9.83764028309));
#1427 = CARTESIAN_POINT('',(-0.56643232239,9.82128587706));
#1428 = CARTESIAN_POINT('',(-0.590988505929,9.805356156631));
#1429 = CARTESIAN_POINT('',(-0.674389990616,9.753159802734));
#1430 = CARTESIAN_POINT('',(-0.734117873937,9.718933332501));
#1431 = CARTESIAN_POINT('',(-0.794758695928,9.687442194126));
#1432 = CARTESIAN_POINT('',(-0.856152139899,9.658857911374));
#1433 = CARTESIAN_POINT('',(-0.978560642804,9.608339300689));
#1434 = CARTESIAN_POINT('',(-1.039557532959,9.586256037412));
#1435 = CARTESIAN_POINT('',(-1.100939877963,9.567132274643));
#1436 = CARTESIAN_POINT('',(-1.162591450353,9.550982046654));
#1437 = CARTESIAN_POINT('',(-1.293433626196,9.523090186257));
#1438 = CARTESIAN_POINT('',(-1.362669897467,9.512079164447));
#1439 = CARTESIAN_POINT('',(-1.432013336203,9.504758607457));
#1440 = CARTESIAN_POINT('',(-1.501404480556,9.501097252471));
#1441 = CARTESIAN_POINT('',(-1.570796326795,9.501097252471));
#1442 = ( GEOMETRIC_REPRESENTATION_CONTEXT(2) 
PARAMETRIC_REPRESENTATION_CONTEXT() REPRESENTATION_CONTEXT('2D SPACE',''
  ) );
#1443 = ORIENTED_EDGE('',*,*,#1444,.F.);
#1444 = EDGE_CURVE('',#1445,#1353,#1447,.T.);
#1445 = VERTEX_POINT('',#1446);
#1446 = CARTESIAN_POINT('',(-21.68282776716,-28.16399719242,
    118.91081347271));
#1447 = SURFACE_CURVE('',#1448,(#1452,#1458),.PCURVE_S1.);
#1448 = LINE('',#1449,#1450);
#1449 = CARTESIAN_POINT('',(-21.68282776716,-28.16399719242,109.2));
#1450 = VECTOR('',#1451,1.);
#1451 = DIRECTION('',(-0.,-0.,-1.));
#1452 = PCURVE('',#75,#1453);
#1453 = DEFINITIONAL_REPRESENTATION('',(#1454),#1457);
#1454 = B_SPLINE_CURVE_WITH_KNOTS('',1,(#1455,#1456),.UNSPECIFIED.,.F.,
  .F.,(2,2),(-10.8,-1.2),.PIECEWISE_BEZIER_KNOTS.);
#1455 = CARTESIAN_POINT('',(-1.660291532442,-10.8));
#1456 = CARTESIAN_POINT('',(-1.660291532442,-1.2));
#1457 = ( GEOMETRIC_REPRESENTATION_CONTEXT(2) 
PARAMETRIC_REPRESENTATION_CONTEXT() REPRESENTATION_CONTEXT('2D SPACE',''
  ) );
#1458 = PCURVE('',#1459,#1464);
#1459 = PLANE('',#1460);
#1460 = AXIS2_PLACEMENT_3D('',#1461,#1462,#1463);
#1461 = CARTESIAN_POINT('',(-25.85681086743,-23.58866956327,119.2));
#1462 = DIRECTION('',(-0.738766024784,-0.673961987522,0.));
#1463 = DIRECTION('',(0.,-0.,-1.));
#1464 = DEFINITIONAL_REPRESENTATION('',(#1465),#1468);
#1465 = B_SPLINE_CURVE_WITH_KNOTS('',1,(#1466,#1467),.UNSPECIFIED.,.F.,
  .F.,(2,2),(-10.8,-1.2),.PIECEWISE_BEZIER_KNOTS.);
#1466 = CARTESIAN_POINT('',(-0.8,6.193202550815));
#1467 = CARTESIAN_POINT('',(8.8,6.193202550815));
#1468 = ( GEOMETRIC_REPRESENTATION_CONTEXT(2) 
PARAMETRIC_REPRESENTATION_CONTEXT() REPRESENTATION_CONTEXT('2D SPACE',''
  ) );
#1469 = ORIENTED_EDGE('',*,*,#1470,.T.);
#1470 = EDGE_CURVE('',#1445,#1471,#1473,.T.);
#1471 = VERTEX_POINT('',#1472);
#1472 = CARTESIAN_POINT('',(-22.7678942494,-28.42144855787,
    119.38505169964));
#1473 = SURFACE_CURVE('',#1474,(#1502,#1533),.PCURVE_S1.);
#1474 = B_SPLINE_CURVE_WITH_KNOTS('',6,(#1475,#1476,#1477,#1478,#1479,
    #1480,#1481,#1482,#1483,#1484,#1485,#1486,#1487,#1488,#1489,#1490,
    #1491,#1492,#1493,#1494,#1495,#1496,#1497,#1498,#1499,#1500,#1501),
  .UNSPECIFIED.,.F.,.F.,(7,5,5,5,5,7),(0.,0.238373865433,0.411707415068,
    0.558463525059,0.763844526724,1.),.UNSPECIFIED.);
#1475 = CARTESIAN_POINT('',(-17.4342622,-32.0483893,117.3094268247));
#1476 = CARTESIAN_POINT('',(-17.4342622,-31.67650305297,117.3094268247)
  );
#1477 = CARTESIAN_POINT('',(-17.47681651187,-31.30448233806,
    117.32350709899));
#1478 = CARTESIAN_POINT('',(-17.56197886895,-30.93618370231,
    117.35168612188));
#1479 = CARTESIAN_POINT('',(-17.69035762165,-30.57560300376,
    117.39444873821));
#1480 = CARTESIAN_POINT('',(-17.86290773073,-30.22749169074,
    117.45269203033));
#1481 = CARTESIAN_POINT('',(-18.23900418557,-29.65844233771,
    117.58228567548));
#1482 = CARTESIAN_POINT('',(-18.42151642645,-29.42831555016,
    117.64581639242));
#1483 = CARTESIAN_POINT('',(-18.62811955254,-29.21102751008,
    117.7186598474));
#1484 = CARTESIAN_POINT('',(-18.85823934425,-29.010013453,
    117.80108445643));
#1485 = CARTESIAN_POINT('',(-19.11080589918,-28.82877029413,
    117.89326084316));
#1486 = CARTESIAN_POINT('',(-19.61578912046,-28.53721809538,
    118.08148818133));
#1487 = CARTESIAN_POINT('',(-19.86225523774,-28.42031449018,
    118.17476475378));
#1488 = CARTESIAN_POINT('',(-20.12127541986,-28.32317926409,
    118.2744804364));
#1489 = CARTESIAN_POINT('',(-20.38986537112,-28.24801646378,
    118.37982326934));
#1490 = CARTESIAN_POINT('',(-20.66468112885,-28.19618488266,
    118.48970225155));
#1491 = CARTESIAN_POINT('',(-21.330643043,-28.1289002464,118.76105404806
    ));
#1492 = CARTESIAN_POINT('',(-21.72166019517,-28.13652698756,
    118.92448406474));
#1493 = CARTESIAN_POINT('',(-22.10666540228,-28.19093679033,
    119.08973394765));
#1494 = CARTESIAN_POINT('',(-22.47714117033,-28.28938242274,
    119.25288638065));
#1495 = CARTESIAN_POINT('',(-22.82566941659,-28.42663009955,
    119.40984717021));
#1496 = CARTESIAN_POINT('',(-23.51579662137,-28.78883679806,
    119.72652545935));
#1497 = CARTESIAN_POINT('',(-23.85028721845,-29.02477580477,
    119.88393668323));
#1498 = CARTESIAN_POINT('',(-24.14684729185,-29.29520431319,
    120.02654515266));
#1499 = CARTESIAN_POINT('',(-24.40350949166,-29.59323503371,
    120.1520582616));
#1500 = CARTESIAN_POINT('',(-24.61920037238,-29.91258380612,
    120.25884064557));
#1501 = CARTESIAN_POINT('',(-24.7935136819,-30.24739535637,
    120.34587953346));
#1502 = PCURVE('',#75,#1503);
#1503 = DEFINITIONAL_REPRESENTATION('',(#1504),#1532);
#1504 = B_SPLINE_CURVE_WITH_KNOTS('',6,(#1505,#1506,#1507,#1508,#1509,
    #1510,#1511,#1512,#1513,#1514,#1515,#1516,#1517,#1518,#1519,#1520,
    #1521,#1522,#1523,#1524,#1525,#1526,#1527,#1528,#1529,#1530,#1531),
  .UNSPECIFIED.,.F.,.F.,(7,5,5,5,5,7),(0.,0.238373865433,0.411707415068,
    0.558463525059,0.763844526724,1.),.UNSPECIFIED.);
#1505 = CARTESIAN_POINT('',(0.,-8.1094268247));
#1506 = CARTESIAN_POINT('',(-9.535544795613E-02,-8.1094268247));
#1507 = CARTESIAN_POINT('',(-0.190745829237,-8.123507098995));
#1508 = CARTESIAN_POINT('',(-0.286739926377,-8.151686121881));
#1509 = CARTESIAN_POINT('',(-0.383889372319,-8.194448738215));
#1510 = CARTESIAN_POINT('',(-0.482749835291,-8.252692030331));
#1511 = CARTESIAN_POINT('',(-0.657648267265,-8.382285675486));
#1512 = CARTESIAN_POINT('',(-0.732678518724,-8.445816392425));
#1513 = CARTESIAN_POINT('',(-0.8090866784,-8.518659847403));
#1514 = CARTESIAN_POINT('',(-0.886912698303,-8.601084456433));
#1515 = CARTESIAN_POINT('',(-0.966233413304,-8.693260843166));
#1516 = CARTESIAN_POINT('',(-1.115747361379,-8.881488181338));
#1517 = CARTESIAN_POINT('',(-1.185464690161,-8.974764753787));
#1518 = CARTESIAN_POINT('',(-1.256015356437,-9.0744804364));
#1519 = CARTESIAN_POINT('',(-1.327131927792,-9.179823269343));
#1520 = CARTESIAN_POINT('',(-1.398576508027,-9.289702251554));
#1521 = CARTESIAN_POINT('',(-1.57020530134,-9.561054048067));
#1522 = CARTESIAN_POINT('',(-1.669761448514,-9.724484064745));
#1523 = CARTESIAN_POINT('',(-1.768384940805,-9.889733947659));
#1524 = CARTESIAN_POINT('',(-1.865675214711,-10.05288638065));
#1525 = CARTESIAN_POINT('',(-1.961159320328,-10.20984717021));
#1526 = CARTESIAN_POINT('',(-2.16100627874,-10.52652545935));
#1527 = CARTESIAN_POINT('',(-2.265063755612,-10.68393668323));
#1528 = CARTESIAN_POINT('',(-2.366815535995,-10.82654515266));
#1529 = CARTESIAN_POINT('',(-2.466619115028,-10.9520582616));
#1530 = CARTESIAN_POINT('',(-2.564789425845,-11.05884064557));
#1531 = CARTESIAN_POINT('',(-2.661576708296,-11.14587953346));
#1532 = ( GEOMETRIC_REPRESENTATION_CONTEXT(2) 
PARAMETRIC_REPRESENTATION_CONTEXT() REPRESENTATION_CONTEXT('2D SPACE',''
  ) );
#1533 = PCURVE('',#1534,#1539);
#1534 = CYLINDRICAL_SURFACE('',#1535,55.5);
#1535 = AXIS2_PLACEMENT_3D('',#1536,#1537,#1538);
#1536 = CARTESIAN_POINT('',(0.,-106.,170.));
#1537 = DIRECTION('',(-0.,-1.,0.));
#1538 = DIRECTION('',(1.,0.,0.));
#1539 = DEFINITIONAL_REPRESENTATION('',(#1540),#1568);
#1540 = B_SPLINE_CURVE_WITH_KNOTS('',6,(#1541,#1542,#1543,#1544,#1545,
    #1546,#1547,#1548,#1549,#1550,#1551,#1552,#1553,#1554,#1555,#1556,
    #1557,#1558,#1559,#1560,#1561,#1562,#1563,#1564,#1565,#1566,#1567),
  .UNSPECIFIED.,.F.,.F.,(7,5,5,5,5,7),(0.,0.238373865433,0.411707415068,
    0.558463525059,0.763844526724,1.),.UNSPECIFIED.);
#1541 = CARTESIAN_POINT('',(-1.890337349981,-73.9516107));
#1542 = CARTESIAN_POINT('',(-1.890337349981,-74.32349694702));
#1543 = CARTESIAN_POINT('',(-1.891144976318,-74.69551766194));
#1544 = CARTESIAN_POINT('',(-1.892761251094,-75.06381629768));
#1545 = CARTESIAN_POINT('',(-1.895199330252,-75.42439699623));
#1546 = CARTESIAN_POINT('',(-1.898480614236,-75.77250830925));
#1547 = CARTESIAN_POINT('',(-1.905648141406,-76.34155766228));
#1548 = CARTESIAN_POINT('',(-1.909130167026,-76.57168444983));
#1549 = CARTESIAN_POINT('',(-1.913077297572,-76.78897248992));
#1550 = CARTESIAN_POINT('',(-1.917481448358,-76.98998654699));
#1551 = CARTESIAN_POINT('',(-1.922325680698,-77.17122970587));
#1552 = CARTESIAN_POINT('',(-1.93203599808,-77.46278190461));
#1553 = CARTESIAN_POINT('',(-1.936784158691,-77.57968550981));
#1554 = CARTESIAN_POINT('',(-1.941784953583,-77.67682073591));
#1555 = CARTESIAN_POINT('',(-1.946983154666,-77.75198353621));
#1556 = CARTESIAN_POINT('',(-1.952315797772,-77.80381511733));
#1557 = CARTESIAN_POINT('',(-1.965272958663,-77.8710997536));
#1558 = CARTESIAN_POINT('',(-1.972908632328,-77.86347301243));
#1559 = CARTESIAN_POINT('',(-1.980457130554,-77.80906320966));
#1560 = CARTESIAN_POINT('',(-1.987750596139,-77.71061757725));
#1561 = CARTESIAN_POINT('',(-1.99463766194,-77.57336990044));
#1562 = CARTESIAN_POINT('',(-2.008319030238,-77.21116320194));
#1563 = CARTESIAN_POINT('',(-2.014979594505,-76.97522419522));
#1564 = CARTESIAN_POINT('',(-2.020908476254,-76.7047956868));
#1565 = CARTESIAN_POINT('',(-2.026056273512,-76.40676496628));
#1566 = CARTESIAN_POINT('',(-2.030392755338,-76.08741619387));
#1567 = CARTESIAN_POINT('',(-2.033903306081,-75.75260464362));
#1568 = ( GEOMETRIC_REPRESENTATION_CONTEXT(2) 
PARAMETRIC_REPRESENTATION_CONTEXT() REPRESENTATION_CONTEXT('2D SPACE',''
  ) );
#1569 = ORIENTED_EDGE('',*,*,#1570,.F.);
#1570 = EDGE_CURVE('',#1571,#1471,#1573,.T.);
#1571 = VERTEX_POINT('',#1572);
#1572 = CARTESIAN_POINT('',(-24.92590525847,-33.5682906588,
    120.34587886866));
#1573 = SURFACE_CURVE('',#1574,(#1579,#1597),.PCURVE_S1.);
#1574 = ELLIPSE('',#1575,3.969605552576,3.9);
#1575 = AXIS2_PLACEMENT_3D('',#1576,#1577,#1578);
#1576 = CARTESIAN_POINT('',(-21.3342622,-32.0483893,119.64794416277));
#1577 = DIRECTION('',(-0.137739336036,-0.125656938138,-0.982465373032));
#1578 = DIRECTION('',(0.725812038123,0.66214431548,-0.186445141513));
#1579 = PCURVE('',#75,#1580);
#1580 = DEFINITIONAL_REPRESENTATION('',(#1581),#1596);
#1581 = B_SPLINE_CURVE_WITH_KNOTS('',7,(#1582,#1583,#1584,#1585,#1586,
    #1587,#1588,#1589,#1590,#1591,#1592,#1593,#1594,#1595),
  .UNSPECIFIED.,.F.,.F.,(8,6,8),(3.064022426003,4.712388980385,
    6.360755534766),.UNSPECIFIED.);
#1582 = CARTESIAN_POINT('',(-3.958721618692,-11.18583226421));
#1583 = CARTESIAN_POINT('',(-3.723240682352,-11.19933785611));
#1584 = CARTESIAN_POINT('',(-3.487759746012,-11.16510598641));
#1585 = CARTESIAN_POINT('',(-3.252278809673,-11.08192303051));
#1586 = CARTESIAN_POINT('',(-3.016797873332,-10.95501239403));
#1587 = CARTESIAN_POINT('',(-2.781316936992,-10.79650845349));
#1588 = CARTESIAN_POINT('',(-2.545836000651,-10.62222682255));
#1589 = CARTESIAN_POINT('',(-2.074874127971,-10.273661503));
#1590 = CARTESIAN_POINT('',(-1.839393191631,-10.09937987205));
#1591 = CARTESIAN_POINT('',(-1.60391225529,-9.94087593151));
#1592 = CARTESIAN_POINT('',(-1.368431318951,-9.813965295039));
#1593 = CARTESIAN_POINT('',(-1.13295038261,-9.730782339131));
#1594 = CARTESIAN_POINT('',(-0.89746944627,-9.696550469439));
#1595 = CARTESIAN_POINT('',(-0.66198850993,-9.710056061335));
#1596 = ( GEOMETRIC_REPRESENTATION_CONTEXT(2) 
PARAMETRIC_REPRESENTATION_CONTEXT() REPRESENTATION_CONTEXT('2D SPACE',''
  ) );
#1597 = PCURVE('',#1598,#1603);
#1598 = PLANE('',#1599);
#1599 = AXIS2_PLACEMENT_3D('',#1600,#1601,#1602);
#1600 = CARTESIAN_POINT('',(-57.,-52.,127.2));
#1601 = DIRECTION('',(-0.137739336036,-0.125656938138,-0.982465373032));
#1602 = DIRECTION('',(0.725812038123,0.66214431548,-0.186445141513));
#1603 = DEFINITIONAL_REPRESENTATION('',(#1604),#1608);
#1604 = ELLIPSE('',#1605,3.969605552576,3.9);
#1605 = AXIS2_PLACEMENT_2D('',#1606,#1607);
#1606 = CARTESIAN_POINT('',(40.505511572724,9.297779409258));
#1607 = DIRECTION('',(1.,-4.844955271411E-17));
#1608 = ( GEOMETRIC_REPRESENTATION_CONTEXT(2) 
PARAMETRIC_REPRESENTATION_CONTEXT() REPRESENTATION_CONTEXT('2D SPACE',''
  ) );
#1609 = ORIENTED_EDGE('',*,*,#1610,.T.);
#1610 = EDGE_CURVE('',#1571,#1611,#1613,.T.);
#1611 = VERTEX_POINT('',#1612);
#1612 = CARTESIAN_POINT('',(-24.92590525847,-33.5682906588,112.));
#1613 = SURFACE_CURVE('',#1614,(#1618,#1624),.PCURVE_S1.);
#1614 = LINE('',#1615,#1616);
#1615 = CARTESIAN_POINT('',(-24.92590525847,-33.5682906588,109.2));
#1616 = VECTOR('',#1617,1.);
#1617 = DIRECTION('',(-0.,-0.,-1.));
#1618 = PCURVE('',#75,#1619);
#1619 = DEFINITIONAL_REPRESENTATION('',(#1620),#1623);
#1620 = B_SPLINE_CURVE_WITH_KNOTS('',1,(#1621,#1622),.UNSPECIFIED.,.F.,
  .F.,(2,2),(-19.6,-0.4),.PIECEWISE_BEZIER_KNOTS.);
#1621 = CARTESIAN_POINT('',(-3.541918338294,-19.6));
#1622 = CARTESIAN_POINT('',(-3.541918338294,-0.4));
#1623 = ( GEOMETRIC_REPRESENTATION_CONTEXT(2) 
PARAMETRIC_REPRESENTATION_CONTEXT() REPRESENTATION_CONTEXT('2D SPACE',''
  ) );
#1624 = PCURVE('',#1625,#1630);
#1625 = PLANE('',#1626);
#1626 = AXIS2_PLACEMENT_3D('',#1627,#1628,#1629);
#1627 = CARTESIAN_POINT('',(-37.17891082455,-44.74647117522,
    117.38809422252));
#1628 = DIRECTION('',(-0.673961987522,0.738766024784,-0.));
#1629 = DIRECTION('',(0.,-0.,-1.));
#1630 = DEFINITIONAL_REPRESENTATION('',(#1631),#1634);
#1631 = B_SPLINE_CURVE_WITH_KNOTS('',1,(#1632,#1633),.UNSPECIFIED.,.F.,
  .F.,(2,2),(-19.6,-0.4),.PIECEWISE_BEZIER_KNOTS.);
#1632 = CARTESIAN_POINT('',(-11.41190577747,-16.58577297143));
#1633 = CARTESIAN_POINT('',(7.788094222526,-16.58577297143));
#1634 = ( GEOMETRIC_REPRESENTATION_CONTEXT(2) 
PARAMETRIC_REPRESENTATION_CONTEXT() REPRESENTATION_CONTEXT('2D SPACE',''
  ) );
#1635 = ORIENTED_EDGE('',*,*,#1636,.F.);
#1636 = EDGE_CURVE('',#50,#1611,#1637,.T.);
#1637 = SURFACE_CURVE('',#1638,(#1653,#1671),.PCURVE_S1.);
#1638 = B_SPLINE_CURVE_WITH_KNOTS('',7,(#1639,#1640,#1641,#1642,#1643,
    #1644,#1645,#1646,#1647,#1648,#1649,#1650,#1651,#1652),
  .UNSPECIFIED.,.F.,.F.,(8,6,8),(0.,0.477366766269,1.),.UNSPECIFIED.);
#1639 = CARTESIAN_POINT('',(-24.52736918413,-34.28760072099,111.2));
#1640 = CARTESIAN_POINT('',(-24.58132160815,-34.21066476918,111.2));
#1641 = CARTESIAN_POINT('',(-24.63314041352,-34.1321711964,
    111.21266750881));
#1642 = CARTESIAN_POINT('',(-24.68107409735,-34.05460553933,
    111.23786036191));
#1643 = CARTESIAN_POINT('',(-24.72417052841,-33.98020252344,
    111.27424922687));
#1644 = CARTESIAN_POINT('',(-24.76214357573,-33.91075169268,
    111.32022125783));
#1645 = CARTESIAN_POINT('',(-24.79502027885,-33.84757569866,
    111.37409135041));
#1646 = CARTESIAN_POINT('',(-24.85363010807,-33.7302769365,
    111.50024848763));
#1647 = CARTESIAN_POINT('',(-24.87842755235,-33.67750536911,
    111.57387854571));
#1648 = CARTESIAN_POINT('',(-24.89772240583,-33.63429388853,
    111.65342598093));
#1649 = CARTESIAN_POINT('',(-24.9118898122,-33.60140964271,
    111.7372696246));
#1650 = CARTESIAN_POINT('',(-24.92123129905,-33.57933574822,
    111.82390914667));
#1651 = CARTESIAN_POINT('',(-24.92590525847,-33.5682906588,
    111.91193427575));
#1652 = CARTESIAN_POINT('',(-24.92590525847,-33.5682906588,112.));
#1653 = PCURVE('',#75,#1654);
#1654 = DEFINITIONAL_REPRESENTATION('',(#1655),#1670);
#1655 = B_SPLINE_CURVE_WITH_KNOTS('',7,(#1656,#1657,#1658,#1659,#1660,
    #1661,#1662,#1663,#1664,#1665,#1666,#1667,#1668,#1669),
  .UNSPECIFIED.,.F.,.F.,(8,6,8),(0.,0.477366766269,1.),.UNSPECIFIED.);
#1656 = CARTESIAN_POINT('',(-3.753166529862,-2.));
#1657 = CARTESIAN_POINT('',(-3.72907214399,-2.));
#1658 = CARTESIAN_POINT('',(-3.70496484946,-2.012667508816));
#1659 = CARTESIAN_POINT('',(-3.681601618034,-2.037860361913));
#1660 = CARTESIAN_POINT('',(-3.65956815353,-2.074249226877));
#1661 = CARTESIAN_POINT('',(-3.639279239515,-2.120221257831));
#1662 = CARTESIAN_POINT('',(-3.621020563952,-2.174091350415));
#1663 = CARTESIAN_POINT('',(-3.587398430728,-2.300248487634));
#1664 = CARTESIAN_POINT('',(-3.572452220704,-2.373878545711));
#1665 = CARTESIAN_POINT('',(-3.560320309848,-2.453425980937));
#1666 = CARTESIAN_POINT('',(-3.55113960548,-2.537269624603));
#1667 = CARTESIAN_POINT('',(-3.544993498643,-2.623909146674));
#1668 = CARTESIAN_POINT('',(-3.541918338294,-2.711934275754));
#1669 = CARTESIAN_POINT('',(-3.541918338294,-2.8));
#1670 = ( GEOMETRIC_REPRESENTATION_CONTEXT(2) 
PARAMETRIC_REPRESENTATION_CONTEXT() REPRESENTATION_CONTEXT('2D SPACE',''
  ) );
#1671 = PCURVE('',#103,#1672);
#1672 = DEFINITIONAL_REPRESENTATION('',(#1673),#1688);
#1673 = B_SPLINE_CURVE_WITH_KNOTS('',7,(#1674,#1675,#1676,#1677,#1678,
    #1679,#1680,#1681,#1682,#1683,#1684,#1685,#1686,#1687),
  .UNSPECIFIED.,.F.,.F.,(8,6,8),(0.,0.477366766269,1.),.UNSPECIFIED.);
#1674 = CARTESIAN_POINT('',(0.,35.927160203985));
#1675 = CARTESIAN_POINT('',(0.116499437757,35.939153893151));
#1676 = CARTESIAN_POINT('',(0.232638952924,35.953773604614));
#1677 = CARTESIAN_POINT('',(0.347236689419,35.970638131963));
#1678 = CARTESIAN_POINT('',(0.459912879966,35.988944757373));
#1679 = CARTESIAN_POINT('',(0.570484205272,36.007698780089));
#1680 = CARTESIAN_POINT('',(0.678937537085,36.025988807315));
#1681 = CARTESIAN_POINT('',(0.901953955141,36.06174476365));
#1682 = CARTESIAN_POINT('',(1.016266337192,36.078991284757));
#1683 = CARTESIAN_POINT('',(1.128869684534,36.093859797881));
#1684 = CARTESIAN_POINT('',(1.240206891869,36.105556131068));
#1685 = CARTESIAN_POINT('',(1.350681842323,36.113531923764));
#1686 = CARTESIAN_POINT('',(1.460714171488,36.117522931765));
#1687 = CARTESIAN_POINT('',(1.570796326795,36.117522931765));
#1688 = ( GEOMETRIC_REPRESENTATION_CONTEXT(2) 
PARAMETRIC_REPRESENTATION_CONTEXT() REPRESENTATION_CONTEXT('2D SPACE',''
  ) );
#1689 = ADVANCED_FACE('',(#1690),#103,.F.);
#1690 = FACE_BOUND('',#1691,.F.);
#1691 = EDGE_LOOP('',(#1692,#1714,#1735,#1736));
#1692 = ORIENTED_EDGE('',*,*,#1693,.T.);
#1693 = EDGE_CURVE('',#88,#1694,#1696,.T.);
#1694 = VERTEX_POINT('',#1695);
#1695 = CARTESIAN_POINT('',(-51.60830409982,-57.91012819827,112.));
#1696 = SURFACE_CURVE('',#1697,(#1702,#1708),.PCURVE_S1.);
#1697 = CIRCLE('',#1698,0.8);
#1698 = AXIS2_PLACEMENT_3D('',#1699,#1700,#1701);
#1699 = CARTESIAN_POINT('',(-51.0691345098,-58.50114101809,112.));
#1700 = DIRECTION('',(0.738766024784,0.673961987522,0.));
#1701 = DIRECTION('',(0.673961987522,-0.738766024784,0.));
#1702 = PCURVE('',#103,#1703);
#1703 = DEFINITIONAL_REPRESENTATION('',(#1704),#1707);
#1704 = B_SPLINE_CURVE_WITH_KNOTS('',1,(#1705,#1706),.UNSPECIFIED.,.F.,
  .F.,(2,2),(1.570796326795,3.14159265359),.PIECEWISE_BEZIER_KNOTS.);
#1705 = CARTESIAN_POINT('',(0.,1.42108547152E-14));
#1706 = CARTESIAN_POINT('',(1.570796326795,1.42108547152E-14));
#1707 = ( GEOMETRIC_REPRESENTATION_CONTEXT(2) 
PARAMETRIC_REPRESENTATION_CONTEXT() REPRESENTATION_CONTEXT('2D SPACE',''
  ) );
#1708 = PCURVE('',#132,#1709);
#1709 = DEFINITIONAL_REPRESENTATION('',(#1710),#1713);
#1710 = B_SPLINE_CURVE_WITH_KNOTS('',1,(#1711,#1712),.UNSPECIFIED.,.F.,
  .F.,(2,2),(1.570796326795,3.14159265359),.PIECEWISE_BEZIER_KNOTS.);
#1711 = CARTESIAN_POINT('',(-3.14159265359,1.570796326795));
#1712 = CARTESIAN_POINT('',(-3.14159265359,3.14159265359));
#1713 = ( GEOMETRIC_REPRESENTATION_CONTEXT(2) 
PARAMETRIC_REPRESENTATION_CONTEXT() REPRESENTATION_CONTEXT('2D SPACE',''
  ) );
#1714 = ORIENTED_EDGE('',*,*,#1715,.T.);
#1715 = EDGE_CURVE('',#1694,#1611,#1716,.T.);
#1716 = SURFACE_CURVE('',#1717,(#1721,#1728),.PCURVE_S1.);
#1717 = LINE('',#1718,#1719);
#1718 = CARTESIAN_POINT('',(-51.60830409982,-57.91012819827,112.));
#1719 = VECTOR('',#1720,1.);
#1720 = DIRECTION('',(0.738766024784,0.673961987522,-0.));
#1721 = PCURVE('',#103,#1722);
#1722 = DEFINITIONAL_REPRESENTATION('',(#1723),#1727);
#1723 = LINE('',#1724,#1725);
#1724 = CARTESIAN_POINT('',(1.570796326795,0.));
#1725 = VECTOR('',#1726,1.);
#1726 = DIRECTION('',(0.,1.));
#1727 = ( GEOMETRIC_REPRESENTATION_CONTEXT(2) 
PARAMETRIC_REPRESENTATION_CONTEXT() REPRESENTATION_CONTEXT('2D SPACE',''
  ) );
#1728 = PCURVE('',#1625,#1729);
#1729 = DEFINITIONAL_REPRESENTATION('',(#1730),#1734);
#1730 = LINE('',#1731,#1732);
#1731 = CARTESIAN_POINT('',(5.388094222526,19.531749960326));
#1732 = VECTOR('',#1733,1.);
#1733 = DIRECTION('',(0.,-1.));
#1734 = ( GEOMETRIC_REPRESENTATION_CONTEXT(2) 
PARAMETRIC_REPRESENTATION_CONTEXT() REPRESENTATION_CONTEXT('2D SPACE',''
  ) );
#1735 = ORIENTED_EDGE('',*,*,#1636,.F.);
#1736 = ORIENTED_EDGE('',*,*,#87,.F.);
#1737 = ADVANCED_FACE('',(#1738),#132,.F.);
#1738 = FACE_BOUND('',#1739,.T.);
#1739 = EDGE_LOOP('',(#1740,#1762,#1763,#1764));
#1740 = ORIENTED_EDGE('',*,*,#1741,.F.);
#1741 = EDGE_CURVE('',#116,#1742,#1744,.T.);
#1742 = VERTEX_POINT('',#1743);
#1743 = CARTESIAN_POINT('',(-62.39169590017,-46.08987180172,112.));
#1744 = SURFACE_CURVE('',#1745,(#1750,#1756),.PCURVE_S1.);
#1745 = CIRCLE('',#1746,0.8);
#1746 = AXIS2_PLACEMENT_3D('',#1747,#1748,#1749);
#1747 = CARTESIAN_POINT('',(-62.93086549019,-45.4988589819,112.));
#1748 = DIRECTION('',(-0.738766024784,-0.673961987522,0.));
#1749 = DIRECTION('',(-0.,0.,-1.));
#1750 = PCURVE('',#132,#1751);
#1751 = DEFINITIONAL_REPRESENTATION('',(#1752),#1755);
#1752 = B_SPLINE_CURVE_WITH_KNOTS('',1,(#1753,#1754),.UNSPECIFIED.,.F.,
  .F.,(2,2),(0.,1.570796326795),.PIECEWISE_BEZIER_KNOTS.);
#1753 = CARTESIAN_POINT('',(0.,1.570796326795));
#1754 = CARTESIAN_POINT('',(0.,3.14159265359));
#1755 = ( GEOMETRIC_REPRESENTATION_CONTEXT(2) 
PARAMETRIC_REPRESENTATION_CONTEXT() REPRESENTATION_CONTEXT('2D SPACE',''
  ) );
#1756 = PCURVE('',#160,#1757);
#1757 = DEFINITIONAL_REPRESENTATION('',(#1758),#1761);
#1758 = B_SPLINE_CURVE_WITH_KNOTS('',1,(#1759,#1760),.UNSPECIFIED.,.F.,
  .F.,(2,2),(0.,1.570796326795),.PIECEWISE_BEZIER_KNOTS.);
#1759 = CARTESIAN_POINT('',(0.,26.225646704664));
#1760 = CARTESIAN_POINT('',(1.570796326795,26.225646704664));
#1761 = ( GEOMETRIC_REPRESENTATION_CONTEXT(2) 
PARAMETRIC_REPRESENTATION_CONTEXT() REPRESENTATION_CONTEXT('2D SPACE',''
  ) );
#1762 = ORIENTED_EDGE('',*,*,#115,.T.);
#1763 = ORIENTED_EDGE('',*,*,#1693,.T.);
#1764 = ORIENTED_EDGE('',*,*,#1765,.F.);
#1765 = EDGE_CURVE('',#1742,#1694,#1766,.T.);
#1766 = SURFACE_CURVE('',#1767,(#1772,#1779),.PCURVE_S1.);
#1767 = CIRCLE('',#1768,8.);
#1768 = AXIS2_PLACEMENT_3D('',#1769,#1770,#1771);
#1769 = CARTESIAN_POINT('',(-57.,-52.,112.));
#1770 = DIRECTION('',(0.,0.,1.));
#1771 = DIRECTION('',(-0.673961987522,0.738766024784,0.));
#1772 = PCURVE('',#132,#1773);
#1773 = DEFINITIONAL_REPRESENTATION('',(#1774),#1778);
#1774 = LINE('',#1775,#1776);
#1775 = CARTESIAN_POINT('',(-0.,3.14159265359));
#1776 = VECTOR('',#1777,1.);
#1777 = DIRECTION('',(-1.,0.));
#1778 = ( GEOMETRIC_REPRESENTATION_CONTEXT(2) 
PARAMETRIC_REPRESENTATION_CONTEXT() REPRESENTATION_CONTEXT('2D SPACE',''
  ) );
#1779 = PCURVE('',#1780,#1785);
#1780 = CYLINDRICAL_SURFACE('',#1781,8.);
#1781 = AXIS2_PLACEMENT_3D('',#1782,#1783,#1784);
#1782 = CARTESIAN_POINT('',(-57.,-52.,111.2));
#1783 = DIRECTION('',(-0.,-0.,-1.));
#1784 = DIRECTION('',(1.,0.,0.));
#1785 = DEFINITIONAL_REPRESENTATION('',(#1786),#1790);
#1786 = LINE('',#1787,#1788);
#1787 = CARTESIAN_POINT('',(-2.310355064311,-0.8));
#1788 = VECTOR('',#1789,1.);
#1789 = DIRECTION('',(-1.,0.));
#1790 = ( GEOMETRIC_REPRESENTATION_CONTEXT(2) 
PARAMETRIC_REPRESENTATION_CONTEXT() REPRESENTATION_CONTEXT('2D SPACE',''
  ) );
#1791 = ADVANCED_FACE('',(#1792),#399,.F.);
#1792 = FACE_BOUND('',#1793,.T.);
#1793 = EDGE_LOOP('',(#1794,#1919,#1940,#1941));
#1794 = ORIENTED_EDGE('',*,*,#1795,.T.);
#1795 = EDGE_CURVE('',#351,#1796,#1798,.T.);
#1796 = VERTEX_POINT('',#1797);
#1797 = CARTESIAN_POINT('',(-28.08620615508,-21.14490934413,112.));
#1798 = SURFACE_CURVE('',#1799,(#1837,#1878),.PCURVE_S1.);
#1799 = B_SPLINE_CURVE_WITH_KNOTS('',8,(#1800,#1801,#1802,#1803,#1804,
    #1805,#1806,#1807,#1808,#1809,#1810,#1811,#1812,#1813,#1814,#1815,
    #1816,#1817,#1818,#1819,#1820,#1821,#1822,#1823,#1824,#1825,#1826,
    #1827,#1828,#1829,#1830,#1831,#1832,#1833,#1834,#1835,#1836),
  .UNSPECIFIED.,.F.,.F.,(9,7,7,7,7,9),(0.,0.471545375384,0.616891964649,
    0.741381043552,0.816434561969,1.),.UNSPECIFIED.);
#1800 = CARTESIAN_POINT('',(-28.8129488816,-19.16127694369,111.2));
#1801 = CARTESIAN_POINT('',(-28.71976640003,-19.29030811878,111.2));
#1802 = CARTESIAN_POINT('',(-28.63291743059,-19.42324844475,
    111.20046941122));
#1803 = CARTESIAN_POINT('',(-28.55240817299,-19.55993995205,
    111.2020690586));
#1804 = CARTESIAN_POINT('',(-28.47843700297,-19.70003147306,
    111.20582924053));
#1805 = CARTESIAN_POINT('',(-28.41129703845,-19.84293523143,
    111.21310844596));
#1806 = CARTESIAN_POINT('',(-28.35130672527,-19.98772576046,
    111.22565479742));
#1807 = CARTESIAN_POINT('',(-28.29870111682,-20.13309741899,
    111.24549184573));
#1808 = CARTESIAN_POINT('',(-28.23959069382,-20.32150439606,
    111.28443084026));
#1809 = CARTESIAN_POINT('',(-28.22637909859,-20.36573336118,
    111.29454179666));
#1810 = CARTESIAN_POINT('',(-28.21388680923,-20.40973024615,
    111.30566089243));
#1811 = CARTESIAN_POINT('',(-28.20211752451,-20.4534091261,
    111.31786178151));
#1812 = CARTESIAN_POINT('',(-28.19107343731,-20.49666862706,
    111.33121808165));
#1813 = CARTESIAN_POINT('',(-28.18075385978,-20.53939212992,
    111.34580132608));
#1814 = CARTESIAN_POINT('',(-28.17115384845,-20.58144797447,
    111.3616789153));
#1815 = CARTESIAN_POINT('',(-28.15464768839,-20.65801309209,
    111.39367223228));
#1816 = CARTESIAN_POINT('',(-28.14755323906,-20.69273630161,
    111.4094255641));
#1817 = CARTESIAN_POINT('',(-28.14097385392,-20.72676481203,
    111.42620854382));
#1818 = CARTESIAN_POINT('',(-28.13490097793,-20.75999303581,
    111.44405244947));
#1819 = CARTESIAN_POINT('',(-28.12932296093,-20.79230618943,
    111.46298102439));
#1820 = CARTESIAN_POINT('',(-28.12422489023,-20.8235822049,
    111.48300814413));
#1821 = CARTESIAN_POINT('',(-28.11958842307,-20.85369364135,
    111.50413548328));
#1822 = CARTESIAN_POINT('',(-28.11286139801,-20.89988251671,
    111.53974325538));
#1823 = CARTESIAN_POINT('',(-28.11049103498,-20.91678448758,
    111.55353146135));
#1824 = CARTESIAN_POINT('',(-28.10827585461,-20.93318663214,
    111.56771171175));
#1825 = CARTESIAN_POINT('',(-28.10621071744,-20.94905991988,
    111.58227906432));
#1826 = CARTESIAN_POINT('',(-28.10429011216,-20.9643754221,
    111.59722658797));
#1827 = CARTESIAN_POINT('',(-28.1025082478,-20.97910456714,
    111.61254522776));
#1828 = CARTESIAN_POINT('',(-28.10085914589,-20.99321939561,
    111.62822366983));
#1829 = CARTESIAN_POINT('',(-28.09561322353,-21.03964602437,
    111.68344092025));
#1830 = CARTESIAN_POINT('',(-28.09264538264,-21.0687812017,
    111.72472593277));
#1831 = CARTESIAN_POINT('',(-28.09034914426,-21.09367027862,
    111.76787928808));
#1832 = CARTESIAN_POINT('',(-28.08862981957,-21.11396399546,
    111.81261764577));
#1833 = CARTESIAN_POINT('',(-28.08740231688,-21.12938605591,
    111.85860358966));
#1834 = CARTESIAN_POINT('',(-28.08660485289,-21.13973722114,
    111.90545189637));
#1835 = CARTESIAN_POINT('',(-28.08620615508,-21.14490934413,
    111.95273676391));
#1836 = CARTESIAN_POINT('',(-28.08620615508,-21.14490934413,112.));
#1837 = PCURVE('',#399,#1838);
#1838 = DEFINITIONAL_REPRESENTATION('',(#1839),#1877);
#1839 = B_SPLINE_CURVE_WITH_KNOTS('',8,(#1840,#1841,#1842,#1843,#1844,
    #1845,#1846,#1847,#1848,#1849,#1850,#1851,#1852,#1853,#1854,#1855,
    #1856,#1857,#1858,#1859,#1860,#1861,#1862,#1863,#1864,#1865,#1866,
    #1867,#1868,#1869,#1870,#1871,#1872,#1873,#1874,#1875,#1876),
  .UNSPECIFIED.,.F.,.F.,(9,7,7,7,7,9),(0.,0.471545375384,0.616891964649,
    0.741381043552,0.816434561969,1.),.UNSPECIFIED.);
#1840 = CARTESIAN_POINT('',(0.,-1.955237195487));
#1841 = CARTESIAN_POINT('',(-2.265256965593E-02,-1.797111896714));
#1842 = CARTESIAN_POINT('',(-5.444757997098E-02,-1.640367196501));
#1843 = CARTESIAN_POINT('',(-9.527215487058E-02,-1.485123975768));
#1844 = CARTESIAN_POINT('',(-0.145102841826,-1.331775362917));
#1845 = CARTESIAN_POINT('',(-0.203930748262,-1.180953137496));
#1846 = CARTESIAN_POINT('',(-0.271920222042,-1.033555623235));
#1847 = CARTESIAN_POINT('',(-0.349358849568,-0.89070580052));
#1848 = CARTESIAN_POINT('',(-0.464310352897,-0.711678948856));
#1849 = CARTESIAN_POINT('',(-0.492364954741,-0.670099979136));
#1850 = CARTESIAN_POINT('',(-0.521408036969,-0.629177247159));
#1851 = CARTESIAN_POINT('',(-0.551455494337,-0.588976724125));
#1852 = CARTESIAN_POINT('',(-0.582521097061,-0.549574779612));
#1853 = CARTESIAN_POINT('',(-0.614616199259,-0.51105710426));
#1854 = CARTESIAN_POINT('',(-0.647749447388,-0.473517632442));
#1855 = CARTESIAN_POINT('',(-0.711199059933,-0.405829400419));
#1856 = CARTESIAN_POINT('',(-0.741235003897,-0.375395683781));
#1857 = CARTESIAN_POINT('',(-0.772034957756,-0.345822320928));
#1858 = CARTESIAN_POINT('',(-0.803595295657,-0.317181550555));
#1859 = CARTESIAN_POINT('',(-0.835907452417,-0.28955031909));
#1860 = CARTESIAN_POINT('',(-0.868957247225,-0.263008755611));
#1861 = CARTESIAN_POINT('',(-0.902724207338,-0.237638646785));
#1862 = CARTESIAN_POINT('',(-0.957954564655,-0.198982115763));
#1863 = CARTESIAN_POINT('',(-0.978978793759,-0.18489797935));
#1864 = CARTESIAN_POINT('',(-1.000247125821,-0.171287684855));
#1865 = CARTESIAN_POINT('',(-1.021752368343,-0.158169215218));
#1866 = CARTESIAN_POINT('',(-1.04348651402,-0.145560227575));
#1867 = CARTESIAN_POINT('',(-1.065440665168,-0.133477926802));
#1868 = CARTESIAN_POINT('',(-1.087604958136,-0.121938939076));
#1869 = CARTESIAN_POINT('',(-1.16466507216,-8.410497084152E-02));
#1870 = CARTESIAN_POINT('',(-1.220584072996,-6.058067975846E-02));
#1871 = CARTESIAN_POINT('',(-1.277529646403,-4.064589795953E-02));
#1872 = CARTESIAN_POINT('',(-1.3353103735,-2.449482995853E-02));
#1873 = CARTESIAN_POINT('',(-1.393736455534,-1.227424551464E-02));
#1874 = CARTESIAN_POINT('',(-1.452611269134,-4.089695911726E-03));
#1875 = CARTESIAN_POINT('',(-1.511717281684,1.532107773983E-14));
#1876 = CARTESIAN_POINT('',(-1.570796326795,1.532107773983E-14));
#1877 = ( GEOMETRIC_REPRESENTATION_CONTEXT(2) 
PARAMETRIC_REPRESENTATION_CONTEXT() REPRESENTATION_CONTEXT('2D SPACE',''
  ) );
#1878 = PCURVE('',#371,#1879);
#1879 = DEFINITIONAL_REPRESENTATION('',(#1880),#1918);
#1880 = B_SPLINE_CURVE_WITH_KNOTS('',8,(#1881,#1882,#1883,#1884,#1885,
    #1886,#1887,#1888,#1889,#1890,#1891,#1892,#1893,#1894,#1895,#1896,
    #1897,#1898,#1899,#1900,#1901,#1902,#1903,#1904,#1905,#1906,#1907,
    #1908,#1909,#1910,#1911,#1912,#1913,#1914,#1915,#1916,#1917),
  .UNSPECIFIED.,.F.,.F.,(9,7,7,7,7,9),(0.,0.471545375384,0.616891964649,
    0.741381043552,0.816434561969,1.),.UNSPECIFIED.);
#1881 = CARTESIAN_POINT('',(-0.625450911733,-2.));
#1882 = CARTESIAN_POINT('',(-0.584640563965,-2.));
#1883 = CARTESIAN_POINT('',(-0.543968394872,-2.000469411228));
#1884 = CARTESIAN_POINT('',(-0.50336459029,-2.002069058602));
#1885 = CARTESIAN_POINT('',(-0.462831331299,-2.005829240537));
#1886 = CARTESIAN_POINT('',(-0.422433881381,-2.013108445967));
#1887 = CARTESIAN_POINT('',(-0.382317597752,-2.025654797427));
#1888 = CARTESIAN_POINT('',(-0.342714288488,-2.045491845733));
#1889 = CARTESIAN_POINT('',(-0.292083013141,-2.084430840264));
#1890 = CARTESIAN_POINT('',(-0.280248223823,-2.094541796669));
#1891 = CARTESIAN_POINT('',(-0.268522847981,-2.10566089243));
#1892 = CARTESIAN_POINT('',(-0.256925762013,-2.117861781516));
#1893 = CARTESIAN_POINT('',(-0.245479753127,-2.131218081654));
#1894 = CARTESIAN_POINT('',(-0.234211466488,-2.145801326083));
#1895 = CARTESIAN_POINT('',(-0.223151352352,-2.161678915309));
#1896 = CARTESIAN_POINT('',(-0.203068240106,-2.193672232286));
#1897 = CARTESIAN_POINT('',(-0.19398145301,-2.209425564101));
#1898 = CARTESIAN_POINT('',(-0.18509540617,-2.226208543826));
#1899 = CARTESIAN_POINT('',(-0.176435093194,-2.244052449474));
#1900 = CARTESIAN_POINT('',(-0.168027889808,-2.262981024395));
#1901 = CARTESIAN_POINT('',(-0.15990309659,-2.283008144134));
#1902 = CARTESIAN_POINT('',(-0.152091481711,-2.304135483286));
#1903 = CARTESIAN_POINT('',(-0.140123232368,-2.339743255386));
#1904 = CARTESIAN_POINT('',(-0.135747044379,-2.353531461353));
#1905 = CARTESIAN_POINT('',(-0.131503273826,-2.367711711755));
#1906 = CARTESIAN_POINT('',(-0.127398991206,-2.382279064324));
#1907 = CARTESIAN_POINT('',(-0.123441260281,-2.397226587975));
#1908 = CARTESIAN_POINT('',(-0.119637074957,-2.412545227761));
#1909 = CARTESIAN_POINT('',(-0.115993296169,-2.428223669832));
#1910 = CARTESIAN_POINT('',(-0.10401327895,-2.483440920253));
#1911 = CARTESIAN_POINT('',(-9.650452912373E-02,-2.524725932776));
#1912 = CARTESIAN_POINT('',(-9.009599092283E-02,-2.567879288085));
#1913 = CARTESIAN_POINT('',(-8.487401008112E-02,-2.612617645778));
#1914 = CARTESIAN_POINT('',(-8.090715399891E-02,-2.658603589662));
#1915 = CARTESIAN_POINT('',(-7.82451177529E-02,-2.705451896377));
#1916 = CARTESIAN_POINT('',(-7.69150085375E-02,-2.752736763911));
#1917 = CARTESIAN_POINT('',(-7.69150085375E-02,-2.8));
#1918 = ( GEOMETRIC_REPRESENTATION_CONTEXT(2) 
PARAMETRIC_REPRESENTATION_CONTEXT() REPRESENTATION_CONTEXT('2D SPACE',''
  ) );
#1919 = ORIENTED_EDGE('',*,*,#1920,.T.);
#1920 = EDGE_CURVE('',#1796,#1353,#1921,.T.);
#1921 = SURFACE_CURVE('',#1922,(#1926,#1933),.PCURVE_S1.);
#1922 = LINE('',#1923,#1924);
#1923 = CARTESIAN_POINT('',(-28.08620615508,-21.14490934413,112.));
#1924 = VECTOR('',#1925,1.);
#1925 = DIRECTION('',(0.673961987522,-0.738766024784,0.));
#1926 = PCURVE('',#399,#1927);
#1927 = DEFINITIONAL_REPRESENTATION('',(#1928),#1932);
#1928 = LINE('',#1929,#1930);
#1929 = CARTESIAN_POINT('',(-1.570796326795,0.));
#1930 = VECTOR('',#1931,1.);
#1931 = DIRECTION('',(-0.,1.));
#1932 = ( GEOMETRIC_REPRESENTATION_CONTEXT(2) 
PARAMETRIC_REPRESENTATION_CONTEXT() REPRESENTATION_CONTEXT('2D SPACE',''
  ) );
#1933 = PCURVE('',#1459,#1934);
#1934 = DEFINITIONAL_REPRESENTATION('',(#1935),#1939);
#1935 = LINE('',#1936,#1937);
#1936 = CARTESIAN_POINT('',(7.2,-3.307894701656));
#1937 = VECTOR('',#1938,1.);
#1938 = DIRECTION('',(0.,1.));
#1939 = ( GEOMETRIC_REPRESENTATION_CONTEXT(2) 
PARAMETRIC_REPRESENTATION_CONTEXT() REPRESENTATION_CONTEXT('2D SPACE',''
  ) );
#1940 = ORIENTED_EDGE('',*,*,#1352,.F.);
#1941 = ORIENTED_EDGE('',*,*,#383,.F.);
#1942 = ADVANCED_FACE('',(#1943),#160,.F.);
#1943 = FACE_BOUND('',#1944,.F.);
#1944 = EDGE_LOOP('',(#1945,#1981,#2007,#2008));
#1945 = ORIENTED_EDGE('',*,*,#1946,.T.);
#1946 = EDGE_CURVE('',#145,#1947,#1949,.T.);
#1947 = VERTEX_POINT('',#1948);
#1948 = CARTESIAN_POINT('',(-43.01707913678,-28.41478282459,112.));
#1949 = SURFACE_CURVE('',#1950,(#1955,#1968),.PCURVE_S1.);
#1950 = ELLIPSE('',#1951,5.155452434491,0.8);
#1951 = AXIS2_PLACEMENT_3D('',#1952,#1953,#1954);
#1952 = CARTESIAN_POINT('',(-47.31878705046,-31.25626110705,112.));
#1953 = DIRECTION('',(0.551159829048,-0.834399690103,0.));
#1954 = DIRECTION('',(-0.834399690103,-0.551159829048,0.));
#1955 = PCURVE('',#160,#1956);
#1956 = DEFINITIONAL_REPRESENTATION('',(#1957),#1967);
#1957 = B_SPLINE_CURVE_WITH_KNOTS('',8,(#1958,#1959,#1960,#1961,#1962,
    #1963,#1964,#1965,#1966),.UNSPECIFIED.,.F.,.F.,(9,9),(1.570796284381
    ,3.14159265359),.PIECEWISE_BEZIER_KNOTS.);
#1958 = CARTESIAN_POINT('',(-4.241364859325E-08,5.093004221931));
#1959 = CARTESIAN_POINT('',(0.196349503737,4.092995196823));
#1960 = CARTESIAN_POINT('',(0.392699049888,3.092985924764));
#1961 = CARTESIAN_POINT('',(0.589048596037,2.151726764309));
#1962 = CARTESIAN_POINT('',(0.785398142192,1.327956298538));
#1963 = CARTESIAN_POINT('',(0.981747688338,0.673203255852));
#1964 = CARTESIAN_POINT('',(1.178097234493,0.224401720721));
#1965 = CARTESIAN_POINT('',(1.374446780644,1.224657851716E-16));
#1966 = CARTESIAN_POINT('',(1.570796326795,0.));
#1967 = ( GEOMETRIC_REPRESENTATION_CONTEXT(2) 
PARAMETRIC_REPRESENTATION_CONTEXT() REPRESENTATION_CONTEXT('2D SPACE',''
  ) );
#1968 = PCURVE('',#188,#1969);
#1969 = DEFINITIONAL_REPRESENTATION('',(#1970),#1980);
#1970 = B_SPLINE_CURVE_WITH_KNOTS('',8,(#1971,#1972,#1973,#1974,#1975,
    #1976,#1977,#1978,#1979),.UNSPECIFIED.,.F.,.F.,(9,9),(1.570796284381
    ,3.14159265359),.PIECEWISE_BEZIER_KNOTS.);
#1971 = CARTESIAN_POINT('',(4.241364415236E-08,5.093004221931));
#1972 = CARTESIAN_POINT('',(-0.196349503737,4.092995196823));
#1973 = CARTESIAN_POINT('',(-0.392699049888,3.092985924766));
#1974 = CARTESIAN_POINT('',(-0.58904859604,2.151726764303));
#1975 = CARTESIAN_POINT('',(-0.785398142188,1.327956298547));
#1976 = CARTESIAN_POINT('',(-0.981747688341,0.673203255849));
#1977 = CARTESIAN_POINT('',(-1.178097234492,0.224401720723));
#1978 = CARTESIAN_POINT('',(-1.374446780644,1.433332050037E-14));
#1979 = CARTESIAN_POINT('',(-1.570796326795,1.42108547152E-14));
#1980 = ( GEOMETRIC_REPRESENTATION_CONTEXT(2) 
PARAMETRIC_REPRESENTATION_CONTEXT() REPRESENTATION_CONTEXT('2D SPACE',''
  ) );
#1981 = ORIENTED_EDGE('',*,*,#1982,.T.);
#1982 = EDGE_CURVE('',#1947,#1742,#1983,.T.);
#1983 = SURFACE_CURVE('',#1984,(#1988,#1995),.PCURVE_S1.);
#1984 = LINE('',#1985,#1986);
#1985 = CARTESIAN_POINT('',(-43.01707913678,-28.41478282459,112.));
#1986 = VECTOR('',#1987,1.);
#1987 = DIRECTION('',(-0.738766024784,-0.673961987522,0.));
#1988 = PCURVE('',#160,#1989);
#1989 = DEFINITIONAL_REPRESENTATION('',(#1990),#1994);
#1990 = LINE('',#1991,#1992);
#1991 = CARTESIAN_POINT('',(1.570796326795,0.));
#1992 = VECTOR('',#1993,1.);
#1993 = DIRECTION('',(0.,1.));
#1994 = ( GEOMETRIC_REPRESENTATION_CONTEXT(2) 
PARAMETRIC_REPRESENTATION_CONTEXT() REPRESENTATION_CONTEXT('2D SPACE',''
  ) );
#1995 = PCURVE('',#1996,#2001);
#1996 = PLANE('',#1997);
#1997 = AXIS2_PLACEMENT_3D('',#1998,#1999,#2000);
#1998 = CARTESIAN_POINT('',(-47.96230262491,-32.92621477868,
    117.38809422252));
#1999 = DIRECTION('',(-0.673961987522,0.738766024784,-0.));
#2000 = DIRECTION('',(0.,-0.,-1.));
#2001 = DEFINITIONAL_REPRESENTATION('',(#2002),#2006);
#2002 = LINE('',#2003,#2004);
#2003 = CARTESIAN_POINT('',(5.388094222526,-6.693896744338));
#2004 = VECTOR('',#2005,1.);
#2005 = DIRECTION('',(0.,1.));
#2006 = ( GEOMETRIC_REPRESENTATION_CONTEXT(2) 
PARAMETRIC_REPRESENTATION_CONTEXT() REPRESENTATION_CONTEXT('2D SPACE',''
  ) );
#2007 = ORIENTED_EDGE('',*,*,#1741,.F.);
#2008 = ORIENTED_EDGE('',*,*,#144,.F.);
#2009 = ADVANCED_FACE('',(#2010),#371,.F.);
#2010 = FACE_BOUND('',#2011,.T.);
#2011 = EDGE_LOOP('',(#2012,#2040,#2082,#2108,#2145,#2168,#2195,#2196,
    #2226,#2245,#2246,#2247));
#2012 = ORIENTED_EDGE('',*,*,#2013,.F.);
#2013 = EDGE_CURVE('',#2014,#2016,#2018,.T.);
#2014 = VERTEX_POINT('',#2015);
#2015 = CARTESIAN_POINT('',(-30.29238135656,-17.92607606733,119.2));
#2016 = VERTEX_POINT('',#2017);
#2017 = CARTESIAN_POINT('',(-30.29238135656,-17.92607606733,112.));
#2018 = SURFACE_CURVE('',#2019,(#2023,#2029),.PCURVE_S1.);
#2019 = LINE('',#2020,#2021);
#2020 = CARTESIAN_POINT('',(-30.29238135656,-17.92607606733,109.2));
#2021 = VECTOR('',#2022,1.);
#2022 = DIRECTION('',(-0.,-0.,-1.));
#2023 = PCURVE('',#371,#2024);
#2024 = DEFINITIONAL_REPRESENTATION('',(#2025),#2028);
#2025 = B_SPLINE_CURVE_WITH_KNOTS('',1,(#2026,#2027),.UNSPECIFIED.,.F.,
  .F.,(2,2),(-10.8,-1.2),.PIECEWISE_BEZIER_KNOTS.);
#2026 = CARTESIAN_POINT('',(-1.124799348349,-10.8));
#2027 = CARTESIAN_POINT('',(-1.124799348349,-1.2));
#2028 = ( GEOMETRIC_REPRESENTATION_CONTEXT(2) 
PARAMETRIC_REPRESENTATION_CONTEXT() REPRESENTATION_CONTEXT('2D SPACE',''
  ) );
#2029 = PCURVE('',#2030,#2035);
#2030 = PLANE('',#2031);
#2031 = AXIS2_PLACEMENT_3D('',#2032,#2033,#2034);
#2032 = CARTESIAN_POINT('',(-31.84366669025,-14.52518129731,119.2));
#2033 = DIRECTION('',(-0.909819048293,-0.415005179923,0.));
#2034 = DIRECTION('',(0.,-0.,-1.));
#2035 = DEFINITIONAL_REPRESENTATION('',(#2036),#2039);
#2036 = B_SPLINE_CURVE_WITH_KNOTS('',1,(#2037,#2038),.UNSPECIFIED.,.F.,
  .F.,(2,2),(-10.8,-1.2),.PIECEWISE_BEZIER_KNOTS.);
#2037 = CARTESIAN_POINT('',(-0.8,3.737990292035));
#2038 = CARTESIAN_POINT('',(8.8,3.737990292035));
#2039 = ( GEOMETRIC_REPRESENTATION_CONTEXT(2) 
PARAMETRIC_REPRESENTATION_CONTEXT() REPRESENTATION_CONTEXT('2D SPACE',''
  ) );
#2040 = ORIENTED_EDGE('',*,*,#2041,.F.);
#2041 = EDGE_CURVE('',#2042,#2014,#2044,.T.);
#2042 = VERTEX_POINT('',#2043);
#2043 = CARTESIAN_POINT('',(-34.41160246098,-24.48947767423,
    121.07244369443));
#2044 = SURFACE_CURVE('',#2045,(#2050,#2070),.PCURVE_S1.);
#2045 = ELLIPSE('',#2046,4.059960822113,3.9);
#2046 = AXIS2_PLACEMENT_3D('',#2047,#2048,#2049);
#2047 = CARTESIAN_POINT('',(-31.9746758,-21.4445822,120.06533127623));
#2048 = DIRECTION('',(-0.252868924401,-0.115343719902,-0.960600402535));
#2049 = DIRECTION('',(0.873972544025,0.398654142888,-0.277933205373));
#2050 = PCURVE('',#371,#2051);
#2051 = DEFINITIONAL_REPRESENTATION('',(#2052),#2069);
#2052 = B_SPLINE_CURVE_WITH_KNOTS('',8,(#2053,#2054,#2055,#2056,#2057,
    #2058,#2059,#2060,#2061,#2062,#2063,#2064,#2065,#2066,#2067,#2068),
  .UNSPECIFIED.,.F.,.F.,(9,7,9),(2.103822055301,4.407477929401,
    6.711133803501),.UNSPECIFIED.);
#2053 = CARTESIAN_POINT('',(-4.6073117482,-11.43871725188));
#2054 = CARTESIAN_POINT('',(-4.319354763937,-11.71857091037));
#2055 = CARTESIAN_POINT('',(-4.03139777967,-11.94408766167));
#2056 = CARTESIAN_POINT('',(-3.743440795417,-12.07990743912));
#2057 = CARTESIAN_POINT('',(-3.455483811134,-12.10028350081));
#2058 = CARTESIAN_POINT('',(-3.167526826892,-11.99844131612));
#2059 = CARTESIAN_POINT('',(-2.879569842621,-11.79186859278));
#2060 = CARTESIAN_POINT('',(-2.591612858362,-11.51402796197));
#2061 = CARTESIAN_POINT('',(-2.015698889837,-10.89414350437));
#2062 = CARTESIAN_POINT('',(-1.727741905573,-10.55209770832));
#2063 = CARTESIAN_POINT('',(-1.439784921315,-10.21712492677));
#2064 = CARTESIAN_POINT('',(-1.151827937038,-9.934001855541));
#2065 = CARTESIAN_POINT('',(-0.863870952789,-9.743048705213));
#2066 = CARTESIAN_POINT('',(-0.575913968523,-9.666288511093));
#2067 = CARTESIAN_POINT('',(-0.287956984262,-9.703845690562));
#2068 = CARTESIAN_POINT('',(0.,-9.838693350037));
#2069 = ( GEOMETRIC_REPRESENTATION_CONTEXT(2) 
PARAMETRIC_REPRESENTATION_CONTEXT() REPRESENTATION_CONTEXT('2D SPACE',''
  ) );
#2070 = PCURVE('',#2071,#2076);
#2071 = PLANE('',#2072);
#2072 = AXIS2_PLACEMENT_3D('',#2073,#2074,#2075);
#2073 = CARTESIAN_POINT('',(-57.,-26.,127.2));
#2074 = DIRECTION('',(-0.252868924401,-0.115343719902,-0.960600402535));
#2075 = DIRECTION('',(0.873972544025,0.398654142888,-0.277933205373));
#2076 = DEFINITIONAL_REPRESENTATION('',(#2077),#2081);
#2077 = ELLIPSE('',#2078,4.059960822113,3.9);
#2078 = AXIS2_PLACEMENT_2D('',#2079,#2080);
#2079 = CARTESIAN_POINT('',(25.670443782344,6.241033284883));
#2080 = DIRECTION('',(1.,-2.424185204561E-17));
#2081 = ( GEOMETRIC_REPRESENTATION_CONTEXT(2) 
PARAMETRIC_REPRESENTATION_CONTEXT() REPRESENTATION_CONTEXT('2D SPACE',''
  ) );
#2082 = ORIENTED_EDGE('',*,*,#2083,.T.);
#2083 = EDGE_CURVE('',#2042,#2084,#2086,.T.);
#2084 = VERTEX_POINT('',#2085);
#2085 = CARTESIAN_POINT('',(-34.41160246098,-24.48947767423,
    120.51457467972));
#2086 = SURFACE_CURVE('',#2087,(#2091,#2097),.PCURVE_S1.);
#2087 = LINE('',#2088,#2089);
#2088 = CARTESIAN_POINT('',(-34.41160246098,-24.48947767423,109.2));
#2089 = VECTOR('',#2090,1.);
#2090 = DIRECTION('',(-0.,-0.,-1.));
#2091 = PCURVE('',#371,#2092);
#2092 = DEFINITIONAL_REPRESENTATION('',(#2093),#2096);
#2093 = B_SPLINE_CURVE_WITH_KNOTS('',1,(#2094,#2095),.UNSPECIFIED.,.F.,
  .F.,(2,2),(-19.6,-0.4),.PIECEWISE_BEZIER_KNOTS.);
#2094 = CARTESIAN_POINT('',(-4.037445756778,-19.6));
#2095 = CARTESIAN_POINT('',(-4.037445756778,-0.4));
#2096 = ( GEOMETRIC_REPRESENTATION_CONTEXT(2) 
PARAMETRIC_REPRESENTATION_CONTEXT() REPRESENTATION_CONTEXT('2D SPACE',''
  ) );
#2097 = PCURVE('',#2098,#2103);
#2098 = PLANE('',#2099);
#2099 = AXIS2_PLACEMENT_3D('',#2100,#2101,#2102);
#2100 = CARTESIAN_POINT('',(-42.35282617169,-28.11179024402,
    117.48351846201));
#2101 = DIRECTION('',(-0.415005179923,0.909819048293,-0.));
#2102 = DIRECTION('',(0.,-0.,-1.));
#2103 = DEFINITIONAL_REPRESENTATION('',(#2104),#2107);
#2104 = B_SPLINE_CURVE_WITH_KNOTS('',1,(#2105,#2106),.UNSPECIFIED.,.F.,
  .F.,(2,2),(-19.6,-0.4),.PIECEWISE_BEZIER_KNOTS.);
#2105 = CARTESIAN_POINT('',(-11.31648153798,-8.728355078527));
#2106 = CARTESIAN_POINT('',(7.883518462011,-8.728355078527));
#2107 = ( GEOMETRIC_REPRESENTATION_CONTEXT(2) 
PARAMETRIC_REPRESENTATION_CONTEXT() REPRESENTATION_CONTEXT('2D SPACE',''
  ) );
#2108 = ORIENTED_EDGE('',*,*,#2109,.F.);
#2109 = EDGE_CURVE('',#2110,#2084,#2112,.T.);
#2110 = VERTEX_POINT('',#2111);
#2111 = CARTESIAN_POINT('',(-28.0746758,-21.4445822,119.23671151274));
#2112 = SURFACE_CURVE('',#2113,(#2118,#2138),.PCURVE_S1.);
#2113 = ELLIPSE('',#2114,3.969605552576,3.9);
#2114 = AXIS2_PLACEMENT_3D('',#2115,#2116,#2117);
#2115 = CARTESIAN_POINT('',(-31.9746758,-21.4445822,119.78348234587));
#2116 = DIRECTION('',(-0.137739336036,-0.125656938138,-0.982465373032));
#2117 = DIRECTION('',(0.725812038123,0.66214431548,-0.186445141513));
#2118 = PCURVE('',#371,#2119);
#2119 = DEFINITIONAL_REPRESENTATION('',(#2120),#2137);
#2120 = B_SPLINE_CURVE_WITH_KNOTS('',8,(#2121,#2122,#2123,#2124,#2125,
    #2126,#2127,#2128,#2129,#2130,#2131,#2132,#2133,#2134,#2135,#2136),
  .UNSPECIFIED.,.F.,.F.,(9,7,9),(0.739558737516,2.695613805562,
    4.651668873607),.UNSPECIFIED.);
#2121 = CARTESIAN_POINT('',(-6.28318530718,-10.03671151274));
#2122 = CARTESIAN_POINT('',(-6.038678423674,-10.15867361949));
#2123 = CARTESIAN_POINT('',(-5.794171540168,-10.31799305514));
#2124 = CARTESIAN_POINT('',(-5.549664656663,-10.50356058677));
#2125 = CARTESIAN_POINT('',(-5.305157773157,-10.69950116904));
#2126 = CARTESIAN_POINT('',(-5.060650889651,-10.88728501959));
#2127 = CARTESIAN_POINT('',(-4.816144006146,-11.0494686686));
#2128 = CARTESIAN_POINT('',(-4.57163712264,-11.17314792078));
#2129 = CARTESIAN_POINT('',(-4.082623355629,-11.32926141547));
#2130 = CARTESIAN_POINT('',(-3.838116472124,-11.36169646495));
#2131 = CARTESIAN_POINT('',(-3.593609588619,-11.34140023751));
#2132 = CARTESIAN_POINT('',(-3.349102705111,-11.26707511586));
#2133 = CARTESIAN_POINT('',(-3.104595821608,-11.14462063121));
#2134 = CARTESIAN_POINT('',(-2.860088938102,-10.98658489825));
#2135 = CARTESIAN_POINT('',(-2.615582054595,-10.80902390725));
#2136 = CARTESIAN_POINT('',(-2.371075171089,-10.62839451699));
#2137 = ( GEOMETRIC_REPRESENTATION_CONTEXT(2) 
PARAMETRIC_REPRESENTATION_CONTEXT() REPRESENTATION_CONTEXT('2D SPACE',''
  ) );
#2138 = PCURVE('',#1598,#2139);
#2139 = DEFINITIONAL_REPRESENTATION('',(#2140),#2144);
#2140 = ELLIPSE('',#2141,3.969605552576,3.9);
#2141 = AXIS2_PLACEMENT_2D('',#2142,#2143);
#2142 = CARTESIAN_POINT('',(39.778551449226,-5.707187307499));
#2143 = DIRECTION('',(1.,-4.844955271411E-17));
#2144 = ( GEOMETRIC_REPRESENTATION_CONTEXT(2) 
PARAMETRIC_REPRESENTATION_CONTEXT() REPRESENTATION_CONTEXT('2D SPACE',''
  ) );
#2145 = ORIENTED_EDGE('',*,*,#2146,.F.);
#2146 = EDGE_CURVE('',#2147,#2110,#2149,.T.);
#2147 = VERTEX_POINT('',#2148);
#2148 = CARTESIAN_POINT('',(-28.0746758,-21.4445822,109.2));
#2149 = SEAM_CURVE('',#2150,(#2154,#2161),.PCURVE_S1.);
#2150 = LINE('',#2151,#2152);
#2151 = CARTESIAN_POINT('',(-28.0746758,-21.4445822,109.2));
#2152 = VECTOR('',#2153,1.);
#2153 = DIRECTION('',(0.,0.,1.));
#2154 = PCURVE('',#371,#2155);
#2155 = DEFINITIONAL_REPRESENTATION('',(#2156),#2160);
#2156 = LINE('',#2157,#2158);
#2157 = CARTESIAN_POINT('',(-6.28318530718,0.));
#2158 = VECTOR('',#2159,1.);
#2159 = DIRECTION('',(-0.,-1.));
#2160 = ( GEOMETRIC_REPRESENTATION_CONTEXT(2) 
PARAMETRIC_REPRESENTATION_CONTEXT() REPRESENTATION_CONTEXT('2D SPACE',''
  ) );
#2161 = PCURVE('',#371,#2162);
#2162 = DEFINITIONAL_REPRESENTATION('',(#2163),#2167);
#2163 = LINE('',#2164,#2165);
#2164 = CARTESIAN_POINT('',(-0.,0.));
#2165 = VECTOR('',#2166,1.);
#2166 = DIRECTION('',(-0.,-1.));
#2167 = ( GEOMETRIC_REPRESENTATION_CONTEXT(2) 
PARAMETRIC_REPRESENTATION_CONTEXT() REPRESENTATION_CONTEXT('2D SPACE',''
  ) );
#2168 = ORIENTED_EDGE('',*,*,#2169,.F.);
#2169 = EDGE_CURVE('',#2147,#2147,#2170,.T.);
#2170 = SURFACE_CURVE('',#2171,(#2176,#2183),.PCURVE_S1.);
#2171 = CIRCLE('',#2172,3.9);
#2172 = AXIS2_PLACEMENT_3D('',#2173,#2174,#2175);
#2173 = CARTESIAN_POINT('',(-31.9746758,-21.4445822,109.2));
#2174 = DIRECTION('',(0.,0.,1.));
#2175 = DIRECTION('',(1.,0.,0.));
#2176 = PCURVE('',#371,#2177);
#2177 = DEFINITIONAL_REPRESENTATION('',(#2178),#2182);
#2178 = LINE('',#2179,#2180);
#2179 = CARTESIAN_POINT('',(-0.,0.));
#2180 = VECTOR('',#2181,1.);
#2181 = DIRECTION('',(-1.,0.));
#2182 = ( GEOMETRIC_REPRESENTATION_CONTEXT(2) 
PARAMETRIC_REPRESENTATION_CONTEXT() REPRESENTATION_CONTEXT('2D SPACE',''
  ) );
#2183 = PCURVE('',#2184,#2189);
#2184 = PLANE('',#2185);
#2185 = AXIS2_PLACEMENT_3D('',#2186,#2187,#2188);
#2186 = CARTESIAN_POINT('',(37.7472349,7.5760318,109.2));
#2187 = DIRECTION('',(0.,0.,1.));
#2188 = DIRECTION('',(1.,0.,0.));
#2189 = DEFINITIONAL_REPRESENTATION('',(#2190),#2194);
#2190 = CIRCLE('',#2191,3.9);
#2191 = AXIS2_PLACEMENT_2D('',#2192,#2193);
#2192 = CARTESIAN_POINT('',(-69.7219107,-29.020614));
#2193 = DIRECTION('',(1.,0.));
#2194 = ( GEOMETRIC_REPRESENTATION_CONTEXT(2) 
PARAMETRIC_REPRESENTATION_CONTEXT() REPRESENTATION_CONTEXT('2D SPACE',''
  ) );
#2195 = ORIENTED_EDGE('',*,*,#2146,.T.);
#2196 = ORIENTED_EDGE('',*,*,#2197,.F.);
#2197 = EDGE_CURVE('',#2198,#2110,#2200,.T.);
#2198 = VERTEX_POINT('',#2199);
#2199 = CARTESIAN_POINT('',(-28.08620615508,-21.14490934413,119.2));
#2200 = SURFACE_CURVE('',#2201,(#2206,#2219),.PCURVE_S1.);
#2201 = ELLIPSE('',#2202,3.969605552576,3.9);
#2202 = AXIS2_PLACEMENT_3D('',#2203,#2204,#2205);
#2203 = CARTESIAN_POINT('',(-31.9746758,-21.4445822,119.78348234587));
#2204 = DIRECTION('',(-0.137739336036,-0.125656938138,-0.982465373032));
#2205 = DIRECTION('',(0.725812038123,0.66214431548,-0.186445141513));
#2206 = PCURVE('',#371,#2207);
#2207 = DEFINITIONAL_REPRESENTATION('',(#2208),#2218);
#2208 = B_SPLINE_CURVE_WITH_KNOTS('',8,(#2209,#2210,#2211,#2212,#2213,
    #2214,#2215,#2216,#2217),.UNSPECIFIED.,.F.,.F.,(9,9),(4.773109087163
    ,7.022744044696),.PIECEWISE_BEZIER_KNOTS.);
#2209 = CARTESIAN_POINT('',(-2.249634957533,-10.53857017475));
#2210 = CARTESIAN_POINT('',(-1.968430587842,-10.33083052707));
#2211 = CARTESIAN_POINT('',(-1.687226218149,-10.12714919102));
#2212 = CARTESIAN_POINT('',(-1.406021848459,-9.952562924285));
#2213 = CARTESIAN_POINT('',(-1.12481747876,-9.831396719329));
#2214 = CARTESIAN_POINT('',(-0.843613109075,-9.781048999435));
#2215 = CARTESIAN_POINT('',(-0.562408739382,-9.805590640553));
#2216 = CARTESIAN_POINT('',(-0.281204369692,-9.896444388707));
#2217 = CARTESIAN_POINT('',(0.,-10.03671151274));
#2218 = ( GEOMETRIC_REPRESENTATION_CONTEXT(2) 
PARAMETRIC_REPRESENTATION_CONTEXT() REPRESENTATION_CONTEXT('2D SPACE',''
  ) );
#2219 = PCURVE('',#1598,#2220);
#2220 = DEFINITIONAL_REPRESENTATION('',(#2221),#2225);
#2221 = ELLIPSE('',#2222,3.969605552576,3.9);
#2222 = AXIS2_PLACEMENT_2D('',#2223,#2224);
#2223 = CARTESIAN_POINT('',(39.778551449226,-5.707187307499));
#2224 = DIRECTION('',(1.,-4.844955271411E-17));
#2225 = ( GEOMETRIC_REPRESENTATION_CONTEXT(2) 
PARAMETRIC_REPRESENTATION_CONTEXT() REPRESENTATION_CONTEXT('2D SPACE',''
  ) );
#2226 = ORIENTED_EDGE('',*,*,#2227,.T.);
#2227 = EDGE_CURVE('',#2198,#1796,#2228,.T.);
#2228 = SURFACE_CURVE('',#2229,(#2233,#2239),.PCURVE_S1.);
#2229 = LINE('',#2230,#2231);
#2230 = CARTESIAN_POINT('',(-28.08620615508,-21.14490934413,109.2));
#2231 = VECTOR('',#2232,1.);
#2232 = DIRECTION('',(-0.,-0.,-1.));
#2233 = PCURVE('',#371,#2234);
#2234 = DEFINITIONAL_REPRESENTATION('',(#2235),#2238);
#2235 = B_SPLINE_CURVE_WITH_KNOTS('',1,(#2236,#2237),.UNSPECIFIED.,.F.,
  .F.,(2,2),(-10.8,-1.2),.PIECEWISE_BEZIER_KNOTS.);
#2236 = CARTESIAN_POINT('',(-7.69150085375E-02,-10.8));
#2237 = CARTESIAN_POINT('',(-7.69150085375E-02,-1.2));
#2238 = ( GEOMETRIC_REPRESENTATION_CONTEXT(2) 
PARAMETRIC_REPRESENTATION_CONTEXT() REPRESENTATION_CONTEXT('2D SPACE',''
  ) );
#2239 = PCURVE('',#1459,#2240);
#2240 = DEFINITIONAL_REPRESENTATION('',(#2241),#2244);
#2241 = B_SPLINE_CURVE_WITH_KNOTS('',1,(#2242,#2243),.UNSPECIFIED.,.F.,
  .F.,(2,2),(-10.8,-1.2),.PIECEWISE_BEZIER_KNOTS.);
#2242 = CARTESIAN_POINT('',(-0.8,-3.307894701656));
#2243 = CARTESIAN_POINT('',(8.8,-3.307894701656));
#2244 = ( GEOMETRIC_REPRESENTATION_CONTEXT(2) 
PARAMETRIC_REPRESENTATION_CONTEXT() REPRESENTATION_CONTEXT('2D SPACE',''
  ) );
#2245 = ORIENTED_EDGE('',*,*,#1795,.F.);
#2246 = ORIENTED_EDGE('',*,*,#350,.F.);
#2247 = ORIENTED_EDGE('',*,*,#2248,.T.);
#2248 = EDGE_CURVE('',#323,#2016,#2249,.T.);
#2249 = SURFACE_CURVE('',#2250,(#2288,#2329),.PCURVE_S1.);
#2250 = B_SPLINE_CURVE_WITH_KNOTS('',6,(#2251,#2252,#2253,#2254,#2255,
    #2256,#2257,#2258,#2259,#2260,#2261,#2262,#2263,#2264,#2265,#2266,
    #2267,#2268,#2269,#2270,#2271,#2272,#2273,#2274,#2275,#2276,#2277,
    #2278,#2279,#2280,#2281,#2282,#2283,#2284,#2285,#2286,#2287),
  .UNSPECIFIED.,.F.,.F.,(7,5,5,5,5,5,5,7),(0.,0.143040677165,
    0.184559593309,0.25475701126,0.533401690499,0.675328197384,
    0.763263723074,1.),.UNSPECIFIED.);
#2251 = CARTESIAN_POINT('',(-28.90610280537,-19.03753841629,111.2));
#2252 = CARTESIAN_POINT('',(-28.94075722409,-18.99335990399,111.2));
#2253 = CARTESIAN_POINT('',(-28.97613780743,-18.94982738308,
    111.20026114559));
#2254 = CARTESIAN_POINT('',(-29.01222488761,-18.90695958911,
    111.20085243625));
#2255 = CARTESIAN_POINT('',(-29.04899530026,-18.86477772789,
    111.20185008095));
#2256 = CARTESIAN_POINT('',(-29.08642133874,-18.82330513605,
    111.20333788309));
#2257 = CARTESIAN_POINT('',(-29.13551360939,-18.77074229351,
    111.20600838782));
#2258 = CARTESIAN_POINT('',(-29.14660990105,-18.75897956108,
    111.20665817831));
#2259 = CARTESIAN_POINT('',(-29.15775774827,-18.74727938255,
    111.20735924074));
#2260 = CARTESIAN_POINT('',(-29.16895625418,-18.73564242448,
    111.20811387656));
#2261 = CARTESIAN_POINT('',(-29.18020446027,-18.72406938172,
    111.20892444483));
#2262 = CARTESIAN_POINT('',(-29.21060136873,-18.69310333415,
    111.21126246994));
#2263 = CARTESIAN_POINT('',(-29.22984050607,-18.6738304818,
    111.21289837344));
#2264 = CARTESIAN_POINT('',(-29.24921389376,-18.65474589482,
    111.21471275382));
#2265 = CARTESIAN_POINT('',(-29.26871595285,-18.63585334474,
    111.21671777262));
#2266 = CARTESIAN_POINT('',(-29.28834038994,-18.61715690024,
    111.21892607177));
#2267 = CARTESIAN_POINT('',(-29.38643624546,-18.52524220834,
    111.23097549076));
#2268 = CARTESIAN_POINT('',(-29.46658137699,-18.45500898977,
    111.24400644265));
#2269 = CARTESIAN_POINT('',(-29.54814086768,-18.38816298059,
    111.26126869452));
#2270 = CARTESIAN_POINT('',(-29.63041459316,-18.32512757811,
    111.28370680201));
#2271 = CARTESIAN_POINT('',(-29.71225469432,-18.26642027745,
    111.3123456703));
#2272 = CARTESIAN_POINT('',(-29.83263683668,-18.18512333839,
    111.36624365454));
#2273 = CARTESIAN_POINT('',(-29.87270436012,-18.15895673304,
    111.38625924899));
#2274 = CARTESIAN_POINT('',(-29.9119828316,-18.13413616593,
    111.40820633591));
#2275 = CARTESIAN_POINT('',(-29.95019122174,-18.11074508402,
    111.43216829779));
#2276 = CARTESIAN_POINT('',(-29.98701270654,-18.08886482854,
    111.45818754968));
#2277 = CARTESIAN_POINT('',(-30.04385193714,-18.05599102016,
    111.50362990022));
#2278 = CARTESIAN_POINT('',(-30.06493343292,-18.04402249159,
    111.52179678226));
#2279 = CARTESIAN_POINT('',(-30.08527098263,-18.0326791675,
    111.54074114755));
#2280 = CARTESIAN_POINT('',(-30.10478149578,-18.02197667428,
    111.56044928733));
#2281 = CARTESIAN_POINT('',(-30.12338235228,-18.01192859681,
    111.58089751262));
#2282 = CARTESIAN_POINT('',(-30.18840664657,-17.97728808628,
    111.65899882388));
#2283 = CARTESIAN_POINT('',(-30.22869557543,-17.95683078515,
    111.72111237624));
#2284 = CARTESIAN_POINT('',(-30.26018340991,-17.94146945275,
    111.78761755925));
#2285 = CARTESIAN_POINT('',(-30.28165830591,-17.93120337234,
    111.85731870081));
#2286 = CARTESIAN_POINT('',(-30.29238135656,-17.92607606733,
    111.92868947794));
#2287 = CARTESIAN_POINT('',(-30.29238135656,-17.92607606733,112.));
#2288 = PCURVE('',#371,#2289);
#2289 = DEFINITIONAL_REPRESENTATION('',(#2290),#2328);
#2290 = B_SPLINE_CURVE_WITH_KNOTS('',6,(#2291,#2292,#2293,#2294,#2295,
    #2296,#2297,#2298,#2299,#2300,#2301,#2302,#2303,#2304,#2305,#2306,
    #2307,#2308,#2309,#2310,#2311,#2312,#2313,#2314,#2315,#2316,#2317,
    #2318,#2319,#2320,#2321,#2322,#2323,#2324,#2325,#2326,#2327),
  .UNSPECIFIED.,.F.,.F.,(7,5,5,5,5,5,5,7),(0.,0.143040677165,
    0.184559593309,0.25475701126,0.533401690499,0.675328197384,
    0.763263723074,1.),.UNSPECIFIED.);
#2291 = CARTESIAN_POINT('',(-0.665167221838,-2.));
#2292 = CARTESIAN_POINT('',(-0.679564308816,-2.));
#2293 = CARTESIAN_POINT('',(-0.693945988465,-2.000261145593));
#2294 = CARTESIAN_POINT('',(-0.708310734909,-2.000852436256));
#2295 = CARTESIAN_POINT('',(-0.722655927696,-2.001850080957));
#2296 = CARTESIAN_POINT('',(-0.736977696577,-2.003337883096));
#2297 = CARTESIAN_POINT('',(-0.755419465645,-2.006008387821));
#2298 = CARTESIAN_POINT('',(-0.759565731836,-2.006658178314));
#2299 = CARTESIAN_POINT('',(-0.763709427757,-2.007359240744));
#2300 = CARTESIAN_POINT('',(-0.767850399254,-2.008113876564));
#2301 = CARTESIAN_POINT('',(-0.771988475138,-2.008924444838));
#2302 = CARTESIAN_POINT('',(-0.783114636318,-2.011262469943));
#2303 = CARTESIAN_POINT('',(-0.790096978878,-2.012898373442));
#2304 = CARTESIAN_POINT('',(-0.797069602601,-2.014712753829));
#2305 = CARTESIAN_POINT('',(-0.804031421335,-2.016717772622));
#2306 = CARTESIAN_POINT('',(-0.810981155041,-2.018926071777));
#2307 = CARTESIAN_POINT('',(-0.845450083067,-2.030975490764));
#2308 = CARTESIAN_POINT('',(-0.87275912638,-2.044006442655));
#2309 = CARTESIAN_POINT('',(-0.899776439816,-2.061268694525));
#2310 = CARTESIAN_POINT('',(-0.926331703603,-2.083706802012));
#2311 = CARTESIAN_POINT('',(-0.952146810964,-2.112345670305));
#2312 = CARTESIAN_POINT('',(-0.989393481034,-2.166243654542));
#2313 = CARTESIAN_POINT('',(-1.001662515517,-2.186259248995));
#2314 = CARTESIAN_POINT('',(-1.013574315628,-2.208206335917));
#2315 = CARTESIAN_POINT('',(-1.025059874317,-2.232168297793));
#2316 = CARTESIAN_POINT('',(-1.036041638535,-2.258187549688));
#2317 = CARTESIAN_POINT('',(-1.052877828486,-2.303629900227));
#2318 = CARTESIAN_POINT('',(-1.059093528901,-2.32179678226));
#2319 = CARTESIAN_POINT('',(-1.06506432666,-2.340741147555));
#2320 = CARTESIAN_POINT('',(-1.070770078951,-2.360449287338));
#2321 = CARTESIAN_POINT('',(-1.076190841773,-2.380897512624));
#2322 = CARTESIAN_POINT('',(-1.095082073084,-2.458998823881));
#2323 = CARTESIAN_POINT('',(-1.106665728128,-2.521112376242));
#2324 = CARTESIAN_POINT('',(-1.115648318303,-2.587617559259));
#2325 = CARTESIAN_POINT('',(-1.121751738583,-2.657318700813));
#2326 = CARTESIAN_POINT('',(-1.124799348349,-2.728689477943));
#2327 = CARTESIAN_POINT('',(-1.124799348349,-2.8));
#2328 = ( GEOMETRIC_REPRESENTATION_CONTEXT(2) 
PARAMETRIC_REPRESENTATION_CONTEXT() REPRESENTATION_CONTEXT('2D SPACE',''
  ) );
#2329 = PCURVE('',#338,#2330);
#2330 = DEFINITIONAL_REPRESENTATION('',(#2331),#2369);
#2331 = B_SPLINE_CURVE_WITH_KNOTS('',6,(#2332,#2333,#2334,#2335,#2336,
    #2337,#2338,#2339,#2340,#2341,#2342,#2343,#2344,#2345,#2346,#2347,
    #2348,#2349,#2350,#2351,#2352,#2353,#2354,#2355,#2356,#2357,#2358,
    #2359,#2360,#2361,#2362,#2363,#2364,#2365,#2366,#2367,#2368),
  .UNSPECIFIED.,.F.,.F.,(7,5,5,5,5,5,5,7),(0.,0.143040677165,
    0.184559593309,0.25475701126,0.533401690499,0.675328197384,
    0.763263723074,1.),.UNSPECIFIED.);
#2332 = CARTESIAN_POINT('',(0.,11.093080316446));
#2333 = CARTESIAN_POINT('',(-1.649367350831E-02,11.038504101156));
#2334 = CARTESIAN_POINT('',(-3.414828825524E-02,10.984214259056));
#2335 = CARTESIAN_POINT('',(-5.295936068998E-02,10.930235998346));
#2336 = CARTESIAN_POINT('',(-7.29251465379E-02,10.876598225796));
#2337 = CARTESIAN_POINT('',(-9.404822833347E-02,10.82333367192));
#2338 = CARTESIAN_POINT('',(-0.122806660667,10.755137449936));
#2339 = CARTESIAN_POINT('',(-0.129374415549,10.739830473391));
#2340 = CARTESIAN_POINT('',(-0.13604056129,10.724559013763));
#2341 = CARTESIAN_POINT('',(-0.142805326564,10.709324049676));
#2342 = CARTESIAN_POINT('',(-0.149668975032,10.694126611137));
#2343 = CARTESIAN_POINT('',(-0.168404095045,10.653338236744));
#2344 = CARTESIAN_POINT('',(-0.180459897074,10.62781908691));
#2345 = CARTESIAN_POINT('',(-0.192800665048,10.602415509901));
#2346 = CARTESIAN_POINT('',(-0.205428127666,10.57713325243));
#2347 = CARTESIAN_POINT('',(-0.218344288705,10.551978628045));
#2348 = CARTESIAN_POINT('',(-0.283976415384,10.42764260236));
#2349 = CARTESIAN_POINT('',(-0.340967150523,10.330482437554));
#2350 = CARTESIAN_POINT('',(-0.402707774603,10.235817053987));
#2351 = CARTESIAN_POINT('',(-0.469389316586,10.144322221847));
#2352 = CARTESIAN_POINT('',(-0.541167302828,10.056945135528));
#2353 = CARTESIAN_POINT('',(-0.65741535306,9.933020419157));
#2354 = CARTESIAN_POINT('',(-0.69798848452,9.892585313406));
#2355 = CARTESIAN_POINT('',(-0.739906324204,9.853702319539));
#2356 = CARTESIAN_POINT('',(-0.783152195296,9.816563987828));
#2357 = CARTESIAN_POINT('',(-0.827686377245,9.781375807686));
#2358 = CARTESIAN_POINT('',(-0.901789123347,9.72787801551));
#2359 = CARTESIAN_POINT('',(-0.93060590702,9.708239890288));
#2360 = CARTESIAN_POINT('',(-0.959873513294,9.689479329485));
#2361 = CARTESIAN_POINT('',(-0.98957133406,9.671645033271));
#2362 = CARTESIAN_POINT('',(-1.01967487813,9.654783649185));
#2363 = CARTESIAN_POINT('',(-1.132212738752,9.596281633919));
#2364 = CARTESIAN_POINT('',(-1.217080126098,9.560949077497));
#2365 = CARTESIAN_POINT('',(-1.304042266797,9.533905430256));
#2366 = CARTESIAN_POINT('',(-1.392444955531,9.515652961672));
#2367 = CARTESIAN_POINT('',(-1.481658174223,9.50653792035));
#2368 = CARTESIAN_POINT('',(-1.570796326795,9.50653792035));
#2369 = ( GEOMETRIC_REPRESENTATION_CONTEXT(2) 
PARAMETRIC_REPRESENTATION_CONTEXT() REPRESENTATION_CONTEXT('2D SPACE',''
  ) );
#2370 = ADVANCED_FACE('',(#2371),#188,.F.);
#2371 = FACE_BOUND('',#2372,.T.);
#2372 = EDGE_LOOP('',(#2373,#2374,#2397,#2417));
#2373 = ORIENTED_EDGE('',*,*,#1946,.T.);
#2374 = ORIENTED_EDGE('',*,*,#2375,.T.);
#2375 = EDGE_CURVE('',#1947,#2376,#2378,.T.);
#2376 = VERTEX_POINT('',#2377);
#2377 = CARTESIAN_POINT('',(-53.67995856061,-33.27855238634,112.));
#2378 = SURFACE_CURVE('',#2379,(#2383,#2390),.PCURVE_S1.);
#2379 = LINE('',#2380,#2381);
#2380 = CARTESIAN_POINT('',(-43.01707913678,-28.41478282459,112.));
#2381 = VECTOR('',#2382,1.);
#2382 = DIRECTION('',(-0.909819048293,-0.415005179923,0.));
#2383 = PCURVE('',#188,#2384);
#2384 = DEFINITIONAL_REPRESENTATION('',(#2385),#2389);
#2385 = LINE('',#2386,#2387);
#2386 = CARTESIAN_POINT('',(-1.570796326795,0.));
#2387 = VECTOR('',#2388,1.);
#2388 = DIRECTION('',(-0.,1.));
#2389 = ( GEOMETRIC_REPRESENTATION_CONTEXT(2) 
PARAMETRIC_REPRESENTATION_CONTEXT() REPRESENTATION_CONTEXT('2D SPACE',''
  ) );
#2390 = PCURVE('',#2098,#2391);
#2391 = DEFINITIONAL_REPRESENTATION('',(#2392),#2396);
#2392 = LINE('',#2393,#2394);
#2393 = CARTESIAN_POINT('',(5.483518462011,0.730093490942));
#2394 = VECTOR('',#2395,1.);
#2395 = DIRECTION('',(0.,1.));
#2396 = ( GEOMETRIC_REPRESENTATION_CONTEXT(2) 
PARAMETRIC_REPRESENTATION_CONTEXT() REPRESENTATION_CONTEXT('2D SPACE',''
  ) );
#2397 = ORIENTED_EDGE('',*,*,#2398,.F.);
#2398 = EDGE_CURVE('',#173,#2376,#2399,.T.);
#2399 = SURFACE_CURVE('',#2400,(#2405,#2411),.PCURVE_S1.);
#2400 = CIRCLE('',#2401,0.8);
#2401 = AXIS2_PLACEMENT_3D('',#2402,#2403,#2404);
#2402 = CARTESIAN_POINT('',(-53.34795441667,-34.00640762497,112.));
#2403 = DIRECTION('',(0.909819048293,0.415005179923,0.));
#2404 = DIRECTION('',(-0.,0.,-1.));
#2405 = PCURVE('',#188,#2406);
#2406 = DEFINITIONAL_REPRESENTATION('',(#2407),#2410);
#2407 = B_SPLINE_CURVE_WITH_KNOTS('',1,(#2408,#2409),.UNSPECIFIED.,.F.,
  .F.,(2,2),(0.,1.570796326795),.PIECEWISE_BEZIER_KNOTS.);
#2408 = CARTESIAN_POINT('',(0.,11.719780371531));
#2409 = CARTESIAN_POINT('',(-1.570796326795,11.719780371531));
#2410 = ( GEOMETRIC_REPRESENTATION_CONTEXT(2) 
PARAMETRIC_REPRESENTATION_CONTEXT() REPRESENTATION_CONTEXT('2D SPACE',''
  ) );
#2411 = PCURVE('',#221,#2412);
#2412 = DEFINITIONAL_REPRESENTATION('',(#2413),#2416);
#2413 = B_SPLINE_CURVE_WITH_KNOTS('',1,(#2414,#2415),.UNSPECIFIED.,.F.,
  .F.,(2,2),(0.,1.570796326795),.PIECEWISE_BEZIER_KNOTS.);
#2414 = CARTESIAN_POINT('',(0.,1.570796326795));
#2415 = CARTESIAN_POINT('',(0.,3.14159265359));
#2416 = ( GEOMETRIC_REPRESENTATION_CONTEXT(2) 
PARAMETRIC_REPRESENTATION_CONTEXT() REPRESENTATION_CONTEXT('2D SPACE',''
  ) );
#2417 = ORIENTED_EDGE('',*,*,#172,.F.);
#2418 = ADVANCED_FACE('',(#2419),#338,.F.);
#2419 = FACE_BOUND('',#2420,.T.);
#2420 = EDGE_LOOP('',(#2421,#2531,#2552,#2553));
#2421 = ORIENTED_EDGE('',*,*,#2422,.T.);
#2422 = EDGE_CURVE('',#295,#2423,#2425,.T.);
#2423 = VERTEX_POINT('',#2424);
#2424 = CARTESIAN_POINT('',(-34.23764383664,-9.276846784083,112.));
#2425 = SURFACE_CURVE('',#2426,(#2459,#2495),.PCURVE_S1.);
#2426 = B_SPLINE_CURVE_WITH_KNOTS('',6,(#2427,#2428,#2429,#2430,#2431,
    #2432,#2433,#2434,#2435,#2436,#2437,#2438,#2439,#2440,#2441,#2442,
    #2443,#2444,#2445,#2446,#2447,#2448,#2449,#2450,#2451,#2452,#2453,
    #2454,#2455,#2456,#2457,#2458),.UNSPECIFIED.,.F.,.F.,(7,5,5,5,5,5,7)
  ,(0.,0.271229444985,0.400163836387,0.542410952997,0.691128009526,
    0.835354097127,1.),.UNSPECIFIED.);
#2427 = CARTESIAN_POINT('',(-33.88551667503,-8.121131086666,111.2));
#2428 = CARTESIAN_POINT('',(-33.89681844674,-8.201197719935,111.2));
#2429 = CARTESIAN_POINT('',(-33.91007910737,-8.280747807889,
    111.20283971919));
#2430 = CARTESIAN_POINT('',(-33.92524218596,-8.359541968658,
    111.20890316048));
#2431 = CARTESIAN_POINT('',(-33.9422008548,-8.437209721259,
    111.21860633011));
#2432 = CARTESIAN_POINT('',(-33.96075105698,-8.513251935587,
    111.23237213943));
#2433 = CARTESIAN_POINT('',(-33.98998093023,-8.622150049529,
    111.25917656915));
#2434 = CARTESIAN_POINT('',(-33.99968335217,-8.656730707335,
    111.26880723607));
#2435 = CARTESIAN_POINT('',(-34.00963410355,-8.690737022137,
    111.27946752794));
#2436 = CARTESIAN_POINT('',(-34.01979007388,-8.724095094143,
    111.29118795326));
#2437 = CARTESIAN_POINT('',(-34.0301012817,-8.756726387943,
    111.30399096823));
#2438 = CARTESIAN_POINT('',(-34.05199554984,-8.823658209055,
    111.33321965062));
#2439 = CARTESIAN_POINT('',(-34.06360034089,-8.857784275713,
    111.34988331453));
#2440 = CARTESIAN_POINT('',(-34.07524892646,-8.890816317704,
    111.36789331211));
#2441 = CARTESIAN_POINT('',(-34.086855972,-8.922642881713,
    111.38724841347));
#2442 = CARTESIAN_POINT('',(-34.09833035598,-8.953155524933,
    111.40792813792));
#2443 = CARTESIAN_POINT('',(-34.12133777567,-9.012671877324,
    111.45284910374));
#2444 = CARTESIAN_POINT('',(-34.13285056995,-9.041545870978,
    111.47721108232));
#2445 = CARTESIAN_POINT('',(-34.14400925431,-9.068755972383,
    111.50292545683));
#2446 = CARTESIAN_POINT('',(-34.15470700963,-9.094200113695,
    111.5299210725));
#2447 = CARTESIAN_POINT('',(-34.16484234352,-9.117791833956,
    111.55810650491));
#2448 = CARTESIAN_POINT('',(-34.183519015,-9.160473736769,
    111.61575231789));
#2449 = CARTESIAN_POINT('',(-34.19209977521,-9.179679487677,
    111.64515009892));
#2450 = CARTESIAN_POINT('',(-34.19998290164,-9.197013028866,
    111.67546530569));
#2451 = CARTESIAN_POINT('',(-34.20709595607,-9.212426996777,
    111.70658799409));
#2452 = CARTESIAN_POINT('',(-34.21337876279,-9.225887217205,
    111.73840050219));
#2453 = CARTESIAN_POINT('',(-34.22495642653,-9.250476570324,
    111.80774461756));
#2454 = CARTESIAN_POINT('',(-34.22998555706,-9.261006008629,
    111.84544887674));
#2455 = CARTESIAN_POINT('',(-34.23380327418,-9.26892208809,
    111.88371281883));
#2456 = CARTESIAN_POINT('',(-34.23636366537,-9.274205059566,
    111.92235087134));
#2457 = CARTESIAN_POINT('',(-34.23764383664,-9.276846784083,
    111.9611754162));
#2458 = CARTESIAN_POINT('',(-34.23764383664,-9.276846784083,112.));
#2459 = PCURVE('',#338,#2460);
#2460 = DEFINITIONAL_REPRESENTATION('',(#2461),#2494);
#2461 = B_SPLINE_CURVE_WITH_KNOTS('',6,(#2462,#2463,#2464,#2465,#2466,
    #2467,#2468,#2469,#2470,#2471,#2472,#2473,#2474,#2475,#2476,#2477,
    #2478,#2479,#2480,#2481,#2482,#2483,#2484,#2485,#2486,#2487,#2488,
    #2489,#2490,#2491,#2492,#2493),.UNSPECIFIED.,.F.,.F.,(7,5,5,5,5,5,7)
  ,(0.,0.271229444985,0.400163836387,0.542410952997,0.691128009526,
    0.835354097127,1.),.UNSPECIFIED.);
#2462 = CARTESIAN_POINT('',(0.,-0.905357559862));
#2463 = CARTESIAN_POINT('',(-5.438829341329E-02,-0.837201705585));
#2464 = CARTESIAN_POINT('',(-0.110736304758,-0.77032876312));
#2465 = CARTESIAN_POINT('',(-0.169145958176,-0.704933090918));
#2466 = CARTESIAN_POINT('',(-0.229695165719,-0.641307425574));
#2467 = CARTESIAN_POINT('',(-0.292433332349,-0.579821200498));
#2468 = CARTESIAN_POINT('',(-0.388218542994,-0.492874170919));
#2469 = CARTESIAN_POINT('',(-0.419572427718,-0.465438585109));
#2470 = CARTESIAN_POINT('',(-0.451414772326,-0.438628605505));
#2471 = CARTESIAN_POINT('',(-0.483738674052,-0.412493576475));
#2472 = CARTESIAN_POINT('',(-0.516532450131,-0.387084208461));
#2473 = CARTESIAN_POINT('',(-0.58645771969,-0.335274597364));
#2474 = CARTESIAN_POINT('',(-0.623688595614,-0.309042100274));
#2475 = CARTESIAN_POINT('',(-0.661445938951,-0.283823142616));
#2476 = CARTESIAN_POINT('',(-0.699699671553,-0.259683712463));
#2477 = CARTESIAN_POINT('',(-0.738413634413,-0.236684657235));
#2478 = CARTESIAN_POINT('',(-0.818454535246,-0.192083744492));
#2479 = CARTESIAN_POINT('',(-0.859822958148,-0.170591504326));
#2480 = CARTESIAN_POINT('',(-0.90159833422,-0.150466147573));
#2481 = CARTESIAN_POINT('',(-0.943731292502,-0.131756207011));
#2482 = CARTESIAN_POINT('',(-0.986172606615,-0.114498226601));
#2483 = CARTESIAN_POINT('',(-1.070281154232,-8.341633381231E-02));
#2484 = CARTESIAN_POINT('',(-1.111935341367,-6.950363573441E-02));
#2485 = CARTESIAN_POINT('',(-1.153789728496,-5.700478808878E-02));
#2486 = CARTESIAN_POINT('',(-1.195806557511,-4.593282090666E-02));
#2487 = CARTESIAN_POINT('',(-1.237952931374,-3.629385330017E-02));
#2488 = CARTESIAN_POINT('',(-1.328426364307,-1.872678187249E-02));
#2489 = CARTESIAN_POINT('',(-1.376784449465,-1.12340135524E-02));
#2490 = CARTESIAN_POINT('',(-1.425231672194,-5.616186052929E-03));
#2491 = CARTESIAN_POINT('',(-1.473734875793,-1.872213579028E-03));
#2492 = CARTESIAN_POINT('',(-1.522265597048,5.151434834261E-14));
#2493 = CARTESIAN_POINT('',(-1.570796326795,5.151434834261E-14));
#2494 = ( GEOMETRIC_REPRESENTATION_CONTEXT(2) 
PARAMETRIC_REPRESENTATION_CONTEXT() REPRESENTATION_CONTEXT('2D SPACE',''
  ) );
#2495 = PCURVE('',#282,#2496);
#2496 = DEFINITIONAL_REPRESENTATION('',(#2497),#2530);
#2497 = B_SPLINE_CURVE_WITH_KNOTS('',6,(#2498,#2499,#2500,#2501,#2502,
    #2503,#2504,#2505,#2506,#2507,#2508,#2509,#2510,#2511,#2512,#2513,
    #2514,#2515,#2516,#2517,#2518,#2519,#2520,#2521,#2522,#2523,#2524,
    #2525,#2526,#2527,#2528,#2529),.UNSPECIFIED.,.F.,.F.,(7,5,5,5,5,5,7)
  ,(0.,0.271229444985,0.400163836387,0.542410952997,0.691128009526,
    0.835354097127,1.),.UNSPECIFIED.);
#2498 = CARTESIAN_POINT('',(-6.142957163813,-2.));
#2499 = CARTESIAN_POINT('',(-6.122223741362,-2.));
#2500 = CARTESIAN_POINT('',(-6.101551259855,-2.002839719191));
#2501 = CARTESIAN_POINT('',(-6.080986499079,-2.008903160482));
#2502 = CARTESIAN_POINT('',(-6.060611713352,-2.018606330113));
#2503 = CARTESIAN_POINT('',(-6.040547221056,-2.032372139435));
#2504 = CARTESIAN_POINT('',(-6.011636257155,-2.05917656915));
#2505 = CARTESIAN_POINT('',(-6.0024276158,-2.068807236078));
#2506 = CARTESIAN_POINT('',(-5.993343245075,-2.079467527942));
#2507 = CARTESIAN_POINT('',(-5.984403023481,-2.091187953264));
#2508 = CARTESIAN_POINT('',(-5.975628683292,-2.103990968236));
#2509 = CARTESIAN_POINT('',(-5.957571815613,-2.133219650621));
#2510 = CARTESIAN_POINT('',(-5.948330074495,-2.149883314533));
#2511 = CARTESIAN_POINT('',(-5.939349921738,-2.167893312115));
#2512 = CARTESIAN_POINT('',(-5.930664182383,-2.187248413478));
#2513 = CARTESIAN_POINT('',(-5.922305861914,-2.207928137921));
#2514 = CARTESIAN_POINT('',(-5.905944682168,-2.252849103746));
#2515 = CARTESIAN_POINT('',(-5.897974718427,-2.277211082329));
#2516 = CARTESIAN_POINT('',(-5.890434369185,-2.302925456838));
#2517 = CARTESIAN_POINT('',(-5.883357392546,-2.329921072503));
#2518 = CARTESIAN_POINT('',(-5.876773761814,-2.358106504913));
#2519 = CARTESIAN_POINT('',(-5.864827787425,-2.415752317897));
#2520 = CARTESIAN_POINT('',(-5.859434241387,-2.445150098922));
#2521 = CARTESIAN_POINT('',(-5.854551829405,-2.475465305696));
#2522 = CARTESIAN_POINT('',(-5.850199065701,-2.506587994097));
#2523 = CARTESIAN_POINT('',(-5.846390283541,-2.538400502193));
#2524 = CARTESIAN_POINT('',(-5.83942140096,-2.607744617564));
#2525 = CARTESIAN_POINT('',(-5.836429440107,-2.645448876749));
#2526 = CARTESIAN_POINT('',(-5.834175969965,-2.683712818835));
#2527 = CARTESIAN_POINT('',(-5.832670647159,-2.722350871349));
#2528 = CARTESIAN_POINT('',(-5.831917941168,-2.761175416202));
#2529 = CARTESIAN_POINT('',(-5.831917941168,-2.8));
#2530 = ( GEOMETRIC_REPRESENTATION_CONTEXT(2) 
PARAMETRIC_REPRESENTATION_CONTEXT() REPRESENTATION_CONTEXT('2D SPACE',''
  ) );
#2531 = ORIENTED_EDGE('',*,*,#2532,.T.);
#2532 = EDGE_CURVE('',#2423,#2016,#2533,.T.);
#2533 = SURFACE_CURVE('',#2534,(#2538,#2545),.PCURVE_S1.);
#2534 = LINE('',#2535,#2536);
#2535 = CARTESIAN_POINT('',(-34.23764383664,-9.276846784083,112.));
#2536 = VECTOR('',#2537,1.);
#2537 = DIRECTION('',(0.415005179923,-0.909819048293,0.));
#2538 = PCURVE('',#338,#2539);
#2539 = DEFINITIONAL_REPRESENTATION('',(#2540),#2544);
#2540 = LINE('',#2541,#2542);
#2541 = CARTESIAN_POINT('',(-1.570796326795,0.));
#2542 = VECTOR('',#2543,1.);
#2543 = DIRECTION('',(-0.,1.));
#2544 = ( GEOMETRIC_REPRESENTATION_CONTEXT(2) 
PARAMETRIC_REPRESENTATION_CONTEXT() REPRESENTATION_CONTEXT('2D SPACE',''
  ) );
#2545 = PCURVE('',#2030,#2546);
#2546 = DEFINITIONAL_REPRESENTATION('',(#2547),#2551);
#2547 = LINE('',#2548,#2549);
#2548 = CARTESIAN_POINT('',(7.2,-5.768547628316));
#2549 = VECTOR('',#2550,1.);
#2550 = DIRECTION('',(0.,1.));
#2551 = ( GEOMETRIC_REPRESENTATION_CONTEXT(2) 
PARAMETRIC_REPRESENTATION_CONTEXT() REPRESENTATION_CONTEXT('2D SPACE',''
  ) );
#2552 = ORIENTED_EDGE('',*,*,#2248,.F.);
#2553 = ORIENTED_EDGE('',*,*,#322,.F.);
#2554 = ADVANCED_FACE('',(#2555),#221,.F.);
#2555 = FACE_BOUND('',#2556,.F.);
#2556 = EDGE_LOOP('',(#2557,#2558,#2559,#2581));
#2557 = ORIENTED_EDGE('',*,*,#2398,.F.);
#2558 = ORIENTED_EDGE('',*,*,#200,.T.);
#2559 = ORIENTED_EDGE('',*,*,#2560,.T.);
#2560 = EDGE_CURVE('',#201,#2561,#2563,.T.);
#2561 = VERTEX_POINT('',#2562);
#2562 = CARTESIAN_POINT('',(-60.32004143938,-18.72144761365,112.));
#2563 = SURFACE_CURVE('',#2564,(#2569,#2575),.PCURVE_S1.);
#2564 = CIRCLE('',#2565,0.8);
#2565 = AXIS2_PLACEMENT_3D('',#2566,#2567,#2568);
#2566 = CARTESIAN_POINT('',(-60.65204558332,-17.99359237502,112.));
#2567 = DIRECTION('',(-0.909819048293,-0.415005179923,0.));
#2568 = DIRECTION('',(-0.415005179923,0.909819048293,0.));
#2569 = PCURVE('',#221,#2570);
#2570 = DEFINITIONAL_REPRESENTATION('',(#2571),#2574);
#2571 = B_SPLINE_CURVE_WITH_KNOTS('',1,(#2572,#2573),.UNSPECIFIED.,.F.,
  .F.,(2,2),(1.570796326795,3.14159265359),.PIECEWISE_BEZIER_KNOTS.);
#2572 = CARTESIAN_POINT('',(3.14159265359,1.570796326795));
#2573 = CARTESIAN_POINT('',(3.14159265359,3.14159265359));
#2574 = ( GEOMETRIC_REPRESENTATION_CONTEXT(2) 
PARAMETRIC_REPRESENTATION_CONTEXT() REPRESENTATION_CONTEXT('2D SPACE',''
  ) );
#2575 = PCURVE('',#249,#2576);
#2576 = DEFINITIONAL_REPRESENTATION('',(#2577),#2580);
#2577 = B_SPLINE_CURVE_WITH_KNOTS('',1,(#2578,#2579),.UNSPECIFIED.,.F.,
  .F.,(2,2),(1.570796326795,3.14159265359),.PIECEWISE_BEZIER_KNOTS.);
#2578 = CARTESIAN_POINT('',(0.,0.));
#2579 = CARTESIAN_POINT('',(-1.570796326795,0.));
#2580 = ( GEOMETRIC_REPRESENTATION_CONTEXT(2) 
PARAMETRIC_REPRESENTATION_CONTEXT() REPRESENTATION_CONTEXT('2D SPACE',''
  ) );
#2581 = ORIENTED_EDGE('',*,*,#2582,.F.);
#2582 = EDGE_CURVE('',#2376,#2561,#2583,.T.);
#2583 = SURFACE_CURVE('',#2584,(#2589,#2596),.PCURVE_S1.);
#2584 = CIRCLE('',#2585,8.);
#2585 = AXIS2_PLACEMENT_3D('',#2586,#2587,#2588);
#2586 = CARTESIAN_POINT('',(-57.,-26.,112.));
#2587 = DIRECTION('',(0.,-0.,-1.));
#2588 = DIRECTION('',(0.415005179923,-0.909819048293,0.));
#2589 = PCURVE('',#221,#2590);
#2590 = DEFINITIONAL_REPRESENTATION('',(#2591),#2595);
#2591 = LINE('',#2592,#2593);
#2592 = CARTESIAN_POINT('',(0.,3.14159265359));
#2593 = VECTOR('',#2594,1.);
#2594 = DIRECTION('',(1.,0.));
#2595 = ( GEOMETRIC_REPRESENTATION_CONTEXT(2) 
PARAMETRIC_REPRESENTATION_CONTEXT() REPRESENTATION_CONTEXT('2D SPACE',''
  ) );
#2596 = PCURVE('',#2597,#2602);
#2597 = CYLINDRICAL_SURFACE('',#2598,8.);
#2598 = AXIS2_PLACEMENT_3D('',#2599,#2600,#2601);
#2599 = CARTESIAN_POINT('',(-57.,-26.,111.2));
#2600 = DIRECTION('',(-0.,-0.,-1.));
#2601 = DIRECTION('',(1.,0.,0.));
#2602 = DEFINITIONAL_REPRESENTATION('',(#2603),#2607);
#2603 = LINE('',#2604,#2605);
#2604 = CARTESIAN_POINT('',(-5.140337476706,-0.8));
#2605 = VECTOR('',#2606,1.);
#2606 = DIRECTION('',(1.,-0.));
#2607 = ( GEOMETRIC_REPRESENTATION_CONTEXT(2) 
PARAMETRIC_REPRESENTATION_CONTEXT() REPRESENTATION_CONTEXT('2D SPACE',''
  ) );
#2608 = ADVANCED_FACE('',(#2609),#282,.F.);
#2609 = FACE_BOUND('',#2610,.T.);
#2610 = EDGE_LOOP('',(#2611,#2612,#2635,#2662,#2663,#2664,#2720,#2746,
    #2781,#2800));
#2611 = ORIENTED_EDGE('',*,*,#294,.F.);
#2612 = ORIENTED_EDGE('',*,*,#2613,.F.);
#2613 = EDGE_CURVE('',#2614,#262,#2616,.T.);
#2614 = VERTEX_POINT('',#2615);
#2615 = CARTESIAN_POINT('',(-33.8472348,-7.5760319,109.2));
#2616 = SEAM_CURVE('',#2617,(#2621,#2628),.PCURVE_S1.);
#2617 = LINE('',#2618,#2619);
#2618 = CARTESIAN_POINT('',(-33.8472348,-7.5760319,109.2));
#2619 = VECTOR('',#2620,1.);
#2620 = DIRECTION('',(0.,0.,1.));
#2621 = PCURVE('',#282,#2622);
#2622 = DEFINITIONAL_REPRESENTATION('',(#2623),#2627);
#2623 = LINE('',#2624,#2625);
#2624 = CARTESIAN_POINT('',(-6.28318530718,0.));
#2625 = VECTOR('',#2626,1.);
#2626 = DIRECTION('',(-0.,-1.));
#2627 = ( GEOMETRIC_REPRESENTATION_CONTEXT(2) 
PARAMETRIC_REPRESENTATION_CONTEXT() REPRESENTATION_CONTEXT('2D SPACE',''
  ) );
#2628 = PCURVE('',#282,#2629);
#2629 = DEFINITIONAL_REPRESENTATION('',(#2630),#2634);
#2630 = LINE('',#2631,#2632);
#2631 = CARTESIAN_POINT('',(-0.,0.));
#2632 = VECTOR('',#2633,1.);
#2633 = DIRECTION('',(-0.,-1.));
#2634 = ( GEOMETRIC_REPRESENTATION_CONTEXT(2) 
PARAMETRIC_REPRESENTATION_CONTEXT() REPRESENTATION_CONTEXT('2D SPACE',''
  ) );
#2635 = ORIENTED_EDGE('',*,*,#2636,.F.);
#2636 = EDGE_CURVE('',#2614,#2614,#2637,.T.);
#2637 = SURFACE_CURVE('',#2638,(#2643,#2650),.PCURVE_S1.);
#2638 = CIRCLE('',#2639,3.9);
#2639 = AXIS2_PLACEMENT_3D('',#2640,#2641,#2642);
#2640 = CARTESIAN_POINT('',(-37.7472348,-7.5760319,109.2));
#2641 = DIRECTION('',(0.,0.,1.));
#2642 = DIRECTION('',(1.,0.,0.));
#2643 = PCURVE('',#282,#2644);
#2644 = DEFINITIONAL_REPRESENTATION('',(#2645),#2649);
#2645 = LINE('',#2646,#2647);
#2646 = CARTESIAN_POINT('',(-0.,0.));
#2647 = VECTOR('',#2648,1.);
#2648 = DIRECTION('',(-1.,0.));
#2649 = ( GEOMETRIC_REPRESENTATION_CONTEXT(2) 
PARAMETRIC_REPRESENTATION_CONTEXT() REPRESENTATION_CONTEXT('2D SPACE',''
  ) );
#2650 = PCURVE('',#2651,#2656);
#2651 = PLANE('',#2652);
#2652 = AXIS2_PLACEMENT_3D('',#2653,#2654,#2655);
#2653 = CARTESIAN_POINT('',(37.7472349,7.5760318,109.2));
#2654 = DIRECTION('',(0.,0.,1.));
#2655 = DIRECTION('',(1.,0.,0.));
#2656 = DEFINITIONAL_REPRESENTATION('',(#2657),#2661);
#2657 = CIRCLE('',#2658,3.9);
#2658 = AXIS2_PLACEMENT_2D('',#2659,#2660);
#2659 = CARTESIAN_POINT('',(-75.4944697,-15.1520637));
#2660 = DIRECTION('',(1.,0.));
#2661 = ( GEOMETRIC_REPRESENTATION_CONTEXT(2) 
PARAMETRIC_REPRESENTATION_CONTEXT() REPRESENTATION_CONTEXT('2D SPACE',''
  ) );
#2662 = ORIENTED_EDGE('',*,*,#2613,.T.);
#2663 = ORIENTED_EDGE('',*,*,#261,.F.);
#2664 = ORIENTED_EDGE('',*,*,#2665,.T.);
#2665 = EDGE_CURVE('',#234,#2666,#2668,.T.);
#2666 = VERTEX_POINT('',#2667);
#2667 = CARTESIAN_POINT('',(-40.90464545651,-9.865302077611,112.));
#2668 = SURFACE_CURVE('',#2669,(#2684,#2702),.PCURVE_S1.);
#2669 = B_SPLINE_CURVE_WITH_KNOTS('',7,(#2670,#2671,#2672,#2673,#2674,
    #2675,#2676,#2677,#2678,#2679,#2680,#2681,#2682,#2683),
  .UNSPECIFIED.,.F.,.F.,(8,6,8),(0.,0.475517046666,1.),.UNSPECIFIED.);
#2670 = CARTESIAN_POINT('',(-41.30686175654,-9.169473436492,111.2));
#2671 = CARTESIAN_POINT('',(-41.26895665791,-9.254150538091,111.2));
#2672 = CARTESIAN_POINT('',(-41.22869162979,-9.337798420936,
    111.21255140477));
#2673 = CARTESIAN_POINT('',(-41.18733396679,-9.417575043745,
    111.23767399058));
#2674 = CARTESIAN_POINT('',(-41.14634772216,-9.49146435082,
    111.27410839588));
#2675 = CARTESIAN_POINT('',(-41.10713882052,-9.558297268337,
    111.32019948293));
#2676 = CARTESIAN_POINT('',(-41.07083161424,-9.617451218419,
    111.37416160098));
#2677 = CARTESIAN_POINT('',(-41.00229829579,-9.725229199457,
    111.50066174327));
#2678 = CARTESIAN_POINT('',(-40.97081979138,-9.772231096798,
    111.57464600951));
#2679 = CARTESIAN_POINT('',(-40.94475153364,-9.809628463345,
    111.65438308338));
#2680 = CARTESIAN_POINT('',(-40.92479314628,-9.837512054771,
    111.73819811715));
#2681 = CARTESIAN_POINT('',(-40.91136664681,-9.856032775609,
    111.82460409363));
#2682 = CARTESIAN_POINT('',(-40.90464545651,-9.865302077611,
    111.91227303036));
#2683 = CARTESIAN_POINT('',(-40.90464545651,-9.865302077611,112.));
#2684 = PCURVE('',#282,#2685);
#2685 = DEFINITIONAL_REPRESENTATION('',(#2686),#2701);
#2686 = B_SPLINE_CURVE_WITH_KNOTS('',7,(#2687,#2688,#2689,#2690,#2691,
    #2692,#2693,#2694,#2695,#2696,#2697,#2698,#2699,#2700),
  .UNSPECIFIED.,.F.,.F.,(8,6,8),(0.,0.475517046666,1.),.UNSPECIFIED.);
#2687 = CARTESIAN_POINT('',(-3.562484639216,-2.));
#2688 = CARTESIAN_POINT('',(-3.586272834617,-2.));
#2689 = CARTESIAN_POINT('',(-3.610067415507,-2.012551404774));
#2690 = CARTESIAN_POINT('',(-3.633092294444,-2.037673990582));
#2691 = CARTESIAN_POINT('',(-3.654745041024,-2.074108395888));
#2692 = CARTESIAN_POINT('',(-3.674606622151,-2.120199482939));
#2693 = CARTESIAN_POINT('',(-3.692401148052,-2.174161600986));
#2694 = CARTESIAN_POINT('',(-3.725150378471,-2.300661743276));
#2695 = CARTESIAN_POINT('',(-3.739651174717,-2.374646009516));
#2696 = CARTESIAN_POINT('',(-3.751337931745,-2.454383083384));
#2697 = CARTESIAN_POINT('',(-3.760130064252,-2.538198117151));
#2698 = CARTESIAN_POINT('',(-3.765995683673,-2.624604093638));
#2699 = CARTESIAN_POINT('',(-3.768931455707,-2.712273030367));
#2700 = CARTESIAN_POINT('',(-3.768931455707,-2.8));
#2701 = ( GEOMETRIC_REPRESENTATION_CONTEXT(2) 
PARAMETRIC_REPRESENTATION_CONTEXT() REPRESENTATION_CONTEXT('2D SPACE',''
  ) );
#2702 = PCURVE('',#249,#2703);
#2703 = DEFINITIONAL_REPRESENTATION('',(#2704),#2719);
#2704 = B_SPLINE_CURVE_WITH_KNOTS('',7,(#2705,#2706,#2707,#2708,#2709,
    #2710,#2711,#2712,#2713,#2714,#2715,#2716,#2717,#2718),
  .UNSPECIFIED.,.F.,.F.,(8,6,8),(0.,0.475517046666,1.),.UNSPECIFIED.);
#2705 = CARTESIAN_POINT('',(0.,21.26267180608));
#2706 = CARTESIAN_POINT('',(-0.115964565334,21.262017151057));
#2707 = CARTESIAN_POINT('',(-0.231982113072,21.263936735949));
#2708 = CARTESIAN_POINT('',(-0.346715808924,21.268457013839));
#2709 = CARTESIAN_POINT('',(-0.4596495926,21.275082634744));
#2710 = CARTESIAN_POINT('',(-0.570476648019,21.283019633362));
#2711 = CARTESIAN_POINT('',(-0.679061723724,21.291503425532));
#2712 = CARTESIAN_POINT('',(-0.902684494809,21.309127923688));
#2713 = CARTESIAN_POINT('',(-1.017423994358,21.318261635747));
#2714 = CARTESIAN_POINT('',(-1.13016850555,21.326458932361));
#2715 = CARTESIAN_POINT('',(-1.241393543118,21.333045618475));
#2716 = CARTESIAN_POINT('',(-1.351550184411,21.33757510836));
#2717 = CARTESIAN_POINT('',(-1.461137614754,21.339843366977));
#2718 = CARTESIAN_POINT('',(-1.570796326795,21.339843366977));
#2719 = ( GEOMETRIC_REPRESENTATION_CONTEXT(2) 
PARAMETRIC_REPRESENTATION_CONTEXT() REPRESENTATION_CONTEXT('2D SPACE',''
  ) );
#2720 = ORIENTED_EDGE('',*,*,#2721,.F.);
#2721 = EDGE_CURVE('',#2722,#2666,#2724,.T.);
#2722 = VERTEX_POINT('',#2723);
#2723 = CARTESIAN_POINT('',(-40.90464545651,-9.865302077611,
    121.02568333983));
#2724 = SURFACE_CURVE('',#2725,(#2729,#2735),.PCURVE_S1.);
#2725 = LINE('',#2726,#2727);
#2726 = CARTESIAN_POINT('',(-40.90464545651,-9.865302077611,109.2));
#2727 = VECTOR('',#2728,1.);
#2728 = DIRECTION('',(-0.,-0.,-1.));
#2729 = PCURVE('',#282,#2730);
#2730 = DEFINITIONAL_REPRESENTATION('',(#2731),#2734);
#2731 = B_SPLINE_CURVE_WITH_KNOTS('',1,(#2732,#2733),.UNSPECIFIED.,.F.,
  .F.,(2,2),(-19.6,-0.4),.PIECEWISE_BEZIER_KNOTS.);
#2732 = CARTESIAN_POINT('',(-3.768931455707,-19.6));
#2733 = CARTESIAN_POINT('',(-3.768931455707,-0.4));
#2734 = ( GEOMETRIC_REPRESENTATION_CONTEXT(2) 
PARAMETRIC_REPRESENTATION_CONTEXT() REPRESENTATION_CONTEXT('2D SPACE',''
  ) );
#2735 = PCURVE('',#2736,#2741);
#2736 = PLANE('',#2737);
#2737 = AXIS2_PLACEMENT_3D('',#2738,#2739,#2740);
#2738 = CARTESIAN_POINT('',(-48.99290905046,-13.55468547133,
    117.48351846201));
#2739 = DIRECTION('',(-0.415005179923,0.909819048293,-0.));
#2740 = DIRECTION('',(0.,-0.,-1.));
#2741 = DEFINITIONAL_REPRESENTATION('',(#2742),#2745);
#2742 = B_SPLINE_CURVE_WITH_KNOTS('',1,(#2743,#2744),.UNSPECIFIED.,.F.,
  .F.,(2,2),(-19.6,-0.4),.PIECEWISE_BEZIER_KNOTS.);
#2743 = CARTESIAN_POINT('',(-11.31648153798,-8.889969504504));
#2744 = CARTESIAN_POINT('',(7.883518462011,-8.889969504504));
#2745 = ( GEOMETRIC_REPRESENTATION_CONTEXT(2) 
PARAMETRIC_REPRESENTATION_CONTEXT() REPRESENTATION_CONTEXT('2D SPACE',''
  ) );
#2746 = ORIENTED_EDGE('',*,*,#2747,.F.);
#2747 = EDGE_CURVE('',#2748,#2722,#2750,.T.);
#2748 = VERTEX_POINT('',#2749);
#2749 = CARTESIAN_POINT('',(-34.23764383664,-9.276846784083,119.2));
#2750 = SURFACE_CURVE('',#2751,(#2756,#2774),.PCURVE_S1.);
#2751 = ELLIPSE('',#2752,4.059960822113,3.9);
#2752 = AXIS2_PLACEMENT_3D('',#2753,#2754,#2755);
#2753 = CARTESIAN_POINT('',(-37.7472348,-7.5760319,119.91964177255));
#2754 = DIRECTION('',(-0.252868924401,-0.115343719902,-0.960600402535));
#2755 = DIRECTION('',(0.873972544025,0.398654142888,-0.277933205373));
#2756 = PCURVE('',#282,#2757);
#2757 = DEFINITIONAL_REPRESENTATION('',(#2758),#2773);
#2758 = B_SPLINE_CURVE_WITH_KNOTS('',7,(#2759,#2760,#2761,#2762,#2763,
    #2764,#2765,#2766,#2767,#2768,#2769,#2770,#2771,#2772),
  .UNSPECIFIED.,.F.,.F.,(8,6,8),(0.427948496321,1.89167556557,
    3.355402634819),.UNSPECIFIED.);
#2759 = CARTESIAN_POINT('',(-6.28318530718,-9.693003846356));
#2760 = CARTESIAN_POINT('',(-6.074081440144,-9.790925301983));
#2761 = CARTESIAN_POINT('',(-5.864977573109,-9.941217836293));
#2762 = CARTESIAN_POINT('',(-5.655873706073,-10.13688487298));
#2763 = CARTESIAN_POINT('',(-5.446769839038,-10.36533700559));
#2764 = CARTESIAN_POINT('',(-5.237665972002,-10.60956695949));
#2765 = CARTESIAN_POINT('',(-5.028562104967,-10.85163065537));
#2766 = CARTESIAN_POINT('',(-4.610354370896,-11.29944865578));
#2767 = CARTESIAN_POINT('',(-4.40125050386,-11.50520191112));
#2768 = CARTESIAN_POINT('',(-4.192146636825,-11.67681458016));
#2769 = CARTESIAN_POINT('',(-3.983042769788,-11.80021783142));
#2770 = CARTESIAN_POINT('',(-3.773938902754,-11.86622482578));
#2771 = CARTESIAN_POINT('',(-3.564835035718,-11.87241108662));
#2772 = CARTESIAN_POINT('',(-3.355731168683,-11.82234561393));
#2773 = ( GEOMETRIC_REPRESENTATION_CONTEXT(2) 
PARAMETRIC_REPRESENTATION_CONTEXT() REPRESENTATION_CONTEXT('2D SPACE',''
  ) );
#2774 = PCURVE('',#2071,#2775);
#2775 = DEFINITIONAL_REPRESENTATION('',(#2776),#2780);
#2776 = ELLIPSE('',#2777,4.059960822113,3.9);
#2777 = AXIS2_PLACEMENT_2D('',#2778,#2779);
#2778 = CARTESIAN_POINT('',(26.194632691281,-8.77247983668));
#2779 = DIRECTION('',(1.,-2.424185204561E-17));
#2780 = ( GEOMETRIC_REPRESENTATION_CONTEXT(2) 
PARAMETRIC_REPRESENTATION_CONTEXT() REPRESENTATION_CONTEXT('2D SPACE',''
  ) );
#2781 = ORIENTED_EDGE('',*,*,#2782,.T.);
#2782 = EDGE_CURVE('',#2748,#2423,#2783,.T.);
#2783 = SURFACE_CURVE('',#2784,(#2788,#2794),.PCURVE_S1.);
#2784 = LINE('',#2785,#2786);
#2785 = CARTESIAN_POINT('',(-34.23764383664,-9.276846784083,109.2));
#2786 = VECTOR('',#2787,1.);
#2787 = DIRECTION('',(-0.,-0.,-1.));
#2788 = PCURVE('',#282,#2789);
#2789 = DEFINITIONAL_REPRESENTATION('',(#2790),#2793);
#2790 = B_SPLINE_CURVE_WITH_KNOTS('',1,(#2791,#2792),.UNSPECIFIED.,.F.,
  .F.,(2,2),(-10.8,-1.2),.PIECEWISE_BEZIER_KNOTS.);
#2791 = CARTESIAN_POINT('',(-5.831917941168,-10.8));
#2792 = CARTESIAN_POINT('',(-5.831917941168,-1.2));
#2793 = ( GEOMETRIC_REPRESENTATION_CONTEXT(2) 
PARAMETRIC_REPRESENTATION_CONTEXT() REPRESENTATION_CONTEXT('2D SPACE',''
  ) );
#2794 = PCURVE('',#2030,#2795);
#2795 = DEFINITIONAL_REPRESENTATION('',(#2796),#2799);
#2796 = B_SPLINE_CURVE_WITH_KNOTS('',1,(#2797,#2798),.UNSPECIFIED.,.F.,
  .F.,(2,2),(-10.8,-1.2),.PIECEWISE_BEZIER_KNOTS.);
#2797 = CARTESIAN_POINT('',(-0.8,-5.768547628315));
#2798 = CARTESIAN_POINT('',(8.8,-5.768547628315));
#2799 = ( GEOMETRIC_REPRESENTATION_CONTEXT(2) 
PARAMETRIC_REPRESENTATION_CONTEXT() REPRESENTATION_CONTEXT('2D SPACE',''
  ) );
#2800 = ORIENTED_EDGE('',*,*,#2422,.F.);
#2801 = ADVANCED_FACE('',(#2802),#249,.F.);
#2802 = FACE_BOUND('',#2803,.T.);
#2803 = EDGE_LOOP('',(#2804,#2805,#2826,#2827));
#2804 = ORIENTED_EDGE('',*,*,#2560,.T.);
#2805 = ORIENTED_EDGE('',*,*,#2806,.T.);
#2806 = EDGE_CURVE('',#2561,#2666,#2807,.T.);
#2807 = SURFACE_CURVE('',#2808,(#2812,#2819),.PCURVE_S1.);
#2808 = LINE('',#2809,#2810);
#2809 = CARTESIAN_POINT('',(-60.32004143938,-18.72144761365,112.));
#2810 = VECTOR('',#2811,1.);
#2811 = DIRECTION('',(0.909819048293,0.415005179923,-0.));
#2812 = PCURVE('',#249,#2813);
#2813 = DEFINITIONAL_REPRESENTATION('',(#2814),#2818);
#2814 = LINE('',#2815,#2816);
#2815 = CARTESIAN_POINT('',(-1.570796326795,0.));
#2816 = VECTOR('',#2817,1.);
#2817 = DIRECTION('',(-0.,1.));
#2818 = ( GEOMETRIC_REPRESENTATION_CONTEXT(2) 
PARAMETRIC_REPRESENTATION_CONTEXT() REPRESENTATION_CONTEXT('2D SPACE',''
  ) );
#2819 = PCURVE('',#2736,#2820);
#2820 = DEFINITIONAL_REPRESENTATION('',(#2821),#2825);
#2821 = LINE('',#2822,#2823);
#2822 = CARTESIAN_POINT('',(5.483518462011,12.449873862472));
#2823 = VECTOR('',#2824,1.);
#2824 = DIRECTION('',(0.,-1.));
#2825 = ( GEOMETRIC_REPRESENTATION_CONTEXT(2) 
PARAMETRIC_REPRESENTATION_CONTEXT() REPRESENTATION_CONTEXT('2D SPACE',''
  ) );
#2826 = ORIENTED_EDGE('',*,*,#2665,.F.);
#2827 = ORIENTED_EDGE('',*,*,#233,.F.);
#2828 = ADVANCED_FACE('',(#2829),#458,.T.);
#2829 = FACE_BOUND('',#2830,.F.);
#2830 = EDGE_LOOP('',(#2831,#2862,#2883,#2884));
#2831 = ORIENTED_EDGE('',*,*,#2832,.F.);
#2832 = EDGE_CURVE('',#2833,#2835,#2837,.T.);
#2833 = VERTEX_POINT('',#2834);
#2834 = CARTESIAN_POINT('',(66.,0.,105.2));
#2835 = VERTEX_POINT('',#2836);
#2836 = CARTESIAN_POINT('',(-66.,0.,105.2));
#2837 = SURFACE_CURVE('',#2838,(#2843,#2850),.PCURVE_S1.);
#2838 = CIRCLE('',#2839,66.);
#2839 = AXIS2_PLACEMENT_3D('',#2840,#2841,#2842);
#2840 = CARTESIAN_POINT('',(0.,0.,105.2));
#2841 = DIRECTION('',(0.,0.,1.));
#2842 = DIRECTION('',(1.,0.,0.));
#2843 = PCURVE('',#458,#2844);
#2844 = DEFINITIONAL_REPRESENTATION('',(#2845),#2849);
#2845 = LINE('',#2846,#2847);
#2846 = CARTESIAN_POINT('',(-0.,0.));
#2847 = VECTOR('',#2848,1.);
#2848 = DIRECTION('',(-1.,0.));
#2849 = ( GEOMETRIC_REPRESENTATION_CONTEXT(2) 
PARAMETRIC_REPRESENTATION_CONTEXT() REPRESENTATION_CONTEXT('2D SPACE',''
  ) );
#2850 = PCURVE('',#2851,#2856);
#2851 = PLANE('',#2852);
#2852 = AXIS2_PLACEMENT_3D('',#2853,#2854,#2855);
#2853 = CARTESIAN_POINT('',(-3.978007658297E-15,2.609787252938E-15,105.2
    ));
#2854 = DIRECTION('',(0.,0.,1.));
#2855 = DIRECTION('',(1.,0.,0.));
#2856 = DEFINITIONAL_REPRESENTATION('',(#2857),#2861);
#2857 = CIRCLE('',#2858,66.);
#2858 = AXIS2_PLACEMENT_2D('',#2859,#2860);
#2859 = CARTESIAN_POINT('',(3.978007658297E-15,-2.609787252938E-15));
#2860 = DIRECTION('',(1.,0.));
#2861 = ( GEOMETRIC_REPRESENTATION_CONTEXT(2) 
PARAMETRIC_REPRESENTATION_CONTEXT() REPRESENTATION_CONTEXT('2D SPACE',''
  ) );
#2862 = ORIENTED_EDGE('',*,*,#2863,.T.);
#2863 = EDGE_CURVE('',#2833,#440,#2864,.T.);
#2864 = SURFACE_CURVE('',#2865,(#2869,#2876),.PCURVE_S1.);
#2865 = LINE('',#2866,#2867);
#2866 = CARTESIAN_POINT('',(66.,0.,105.2));
#2867 = VECTOR('',#2868,1.);
#2868 = DIRECTION('',(0.,0.,1.));
#2869 = PCURVE('',#458,#2870);
#2870 = DEFINITIONAL_REPRESENTATION('',(#2871),#2875);
#2871 = LINE('',#2872,#2873);
#2872 = CARTESIAN_POINT('',(-0.,0.));
#2873 = VECTOR('',#2874,1.);
#2874 = DIRECTION('',(-0.,-1.));
#2875 = ( GEOMETRIC_REPRESENTATION_CONTEXT(2) 
PARAMETRIC_REPRESENTATION_CONTEXT() REPRESENTATION_CONTEXT('2D SPACE',''
  ) );
#2876 = PCURVE('',#540,#2877);
#2877 = DEFINITIONAL_REPRESENTATION('',(#2878),#2882);
#2878 = LINE('',#2879,#2880);
#2879 = CARTESIAN_POINT('',(66.,0.));
#2880 = VECTOR('',#2881,1.);
#2881 = DIRECTION('',(0.,-1.));
#2882 = ( GEOMETRIC_REPRESENTATION_CONTEXT(2) 
PARAMETRIC_REPRESENTATION_CONTEXT() REPRESENTATION_CONTEXT('2D SPACE',''
  ) );
#2883 = ORIENTED_EDGE('',*,*,#439,.T.);
#2884 = ORIENTED_EDGE('',*,*,#2885,.F.);
#2885 = EDGE_CURVE('',#2835,#442,#2886,.T.);
#2886 = SURFACE_CURVE('',#2887,(#2891,#2898),.PCURVE_S1.);
#2887 = LINE('',#2888,#2889);
#2888 = CARTESIAN_POINT('',(-66.,0.,105.2));
#2889 = VECTOR('',#2890,1.);
#2890 = DIRECTION('',(0.,0.,1.));
#2891 = PCURVE('',#458,#2892);
#2892 = DEFINITIONAL_REPRESENTATION('',(#2893),#2897);
#2893 = LINE('',#2894,#2895);
#2894 = CARTESIAN_POINT('',(-3.14159265359,0.));
#2895 = VECTOR('',#2896,1.);
#2896 = DIRECTION('',(-0.,-1.));
#2897 = ( GEOMETRIC_REPRESENTATION_CONTEXT(2) 
PARAMETRIC_REPRESENTATION_CONTEXT() REPRESENTATION_CONTEXT('2D SPACE',''
  ) );
#2898 = PCURVE('',#486,#2899);
#2899 = DEFINITIONAL_REPRESENTATION('',(#2900),#2904);
#2900 = LINE('',#2901,#2902);
#2901 = CARTESIAN_POINT('',(0.,0.));
#2902 = VECTOR('',#2903,1.);
#2903 = DIRECTION('',(0.,-1.));
#2904 = ( GEOMETRIC_REPRESENTATION_CONTEXT(2) 
PARAMETRIC_REPRESENTATION_CONTEXT() REPRESENTATION_CONTEXT('2D SPACE',''
  ) );
#2905 = ADVANCED_FACE('',(#2906),#540,.F.);
#2906 = FACE_BOUND('',#2907,.F.);
#2907 = EDGE_LOOP('',(#2908,#2931,#2932,#2933));
#2908 = ORIENTED_EDGE('',*,*,#2909,.T.);
#2909 = EDGE_CURVE('',#2910,#499,#2912,.T.);
#2910 = VERTEX_POINT('',#2911);
#2911 = CARTESIAN_POINT('',(66.,-66.,105.2));
#2912 = SURFACE_CURVE('',#2913,(#2917,#2924),.PCURVE_S1.);
#2913 = LINE('',#2914,#2915);
#2914 = CARTESIAN_POINT('',(66.,-66.,105.2));
#2915 = VECTOR('',#2916,1.);
#2916 = DIRECTION('',(0.,0.,1.));
#2917 = PCURVE('',#540,#2918);
#2918 = DEFINITIONAL_REPRESENTATION('',(#2919),#2923);
#2919 = LINE('',#2920,#2921);
#2920 = CARTESIAN_POINT('',(0.,0.));
#2921 = VECTOR('',#2922,1.);
#2922 = DIRECTION('',(0.,-1.));
#2923 = ( GEOMETRIC_REPRESENTATION_CONTEXT(2) 
PARAMETRIC_REPRESENTATION_CONTEXT() REPRESENTATION_CONTEXT('2D SPACE',''
  ) );
#2924 = PCURVE('',#514,#2925);
#2925 = DEFINITIONAL_REPRESENTATION('',(#2926),#2930);
#2926 = LINE('',#2927,#2928);
#2927 = CARTESIAN_POINT('',(132.,0.));
#2928 = VECTOR('',#2929,1.);
#2929 = DIRECTION('',(0.,-1.));
#2930 = ( GEOMETRIC_REPRESENTATION_CONTEXT(2) 
PARAMETRIC_REPRESENTATION_CONTEXT() REPRESENTATION_CONTEXT('2D SPACE',''
  ) );
#2931 = ORIENTED_EDGE('',*,*,#526,.T.);
#2932 = ORIENTED_EDGE('',*,*,#2863,.F.);
#2933 = ORIENTED_EDGE('',*,*,#2934,.F.);
#2934 = EDGE_CURVE('',#2910,#2833,#2935,.T.);
#2935 = SURFACE_CURVE('',#2936,(#2940,#2947),.PCURVE_S1.);
#2936 = LINE('',#2937,#2938);
#2937 = CARTESIAN_POINT('',(66.,-66.,105.2));
#2938 = VECTOR('',#2939,1.);
#2939 = DIRECTION('',(0.,1.,0.));
#2940 = PCURVE('',#540,#2941);
#2941 = DEFINITIONAL_REPRESENTATION('',(#2942),#2946);
#2942 = LINE('',#2943,#2944);
#2943 = CARTESIAN_POINT('',(0.,0.));
#2944 = VECTOR('',#2945,1.);
#2945 = DIRECTION('',(1.,0.));
#2946 = ( GEOMETRIC_REPRESENTATION_CONTEXT(2) 
PARAMETRIC_REPRESENTATION_CONTEXT() REPRESENTATION_CONTEXT('2D SPACE',''
  ) );
#2947 = PCURVE('',#2851,#2948);
#2948 = DEFINITIONAL_REPRESENTATION('',(#2949),#2953);
#2949 = LINE('',#2950,#2951);
#2950 = CARTESIAN_POINT('',(66.,-66.));
#2951 = VECTOR('',#2952,1.);
#2952 = DIRECTION('',(0.,1.));
#2953 = ( GEOMETRIC_REPRESENTATION_CONTEXT(2) 
PARAMETRIC_REPRESENTATION_CONTEXT() REPRESENTATION_CONTEXT('2D SPACE',''
  ) );
#2954 = ADVANCED_FACE('',(#2955),#486,.F.);
#2955 = FACE_BOUND('',#2956,.F.);
#2956 = EDGE_LOOP('',(#2957,#2958,#2959,#2982));
#2957 = ORIENTED_EDGE('',*,*,#2885,.T.);
#2958 = ORIENTED_EDGE('',*,*,#470,.T.);
#2959 = ORIENTED_EDGE('',*,*,#2960,.F.);
#2960 = EDGE_CURVE('',#2961,#471,#2963,.T.);
#2961 = VERTEX_POINT('',#2962);
#2962 = CARTESIAN_POINT('',(-66.,-66.,105.2));
#2963 = SURFACE_CURVE('',#2964,(#2968,#2975),.PCURVE_S1.);
#2964 = LINE('',#2965,#2966);
#2965 = CARTESIAN_POINT('',(-66.,-66.,105.2));
#2966 = VECTOR('',#2967,1.);
#2967 = DIRECTION('',(0.,0.,1.));
#2968 = PCURVE('',#486,#2969);
#2969 = DEFINITIONAL_REPRESENTATION('',(#2970),#2974);
#2970 = LINE('',#2971,#2972);
#2971 = CARTESIAN_POINT('',(66.,0.));
#2972 = VECTOR('',#2973,1.);
#2973 = DIRECTION('',(0.,-1.));
#2974 = ( GEOMETRIC_REPRESENTATION_CONTEXT(2) 
PARAMETRIC_REPRESENTATION_CONTEXT() REPRESENTATION_CONTEXT('2D SPACE',''
  ) );
#2975 = PCURVE('',#514,#2976);
#2976 = DEFINITIONAL_REPRESENTATION('',(#2977),#2981);
#2977 = LINE('',#2978,#2979);
#2978 = CARTESIAN_POINT('',(0.,0.));
#2979 = VECTOR('',#2980,1.);
#2980 = DIRECTION('',(0.,-1.));
#2981 = ( GEOMETRIC_REPRESENTATION_CONTEXT(2) 
PARAMETRIC_REPRESENTATION_CONTEXT() REPRESENTATION_CONTEXT('2D SPACE',''
  ) );
#2982 = ORIENTED_EDGE('',*,*,#2983,.F.);
#2983 = EDGE_CURVE('',#2835,#2961,#2984,.T.);
#2984 = SURFACE_CURVE('',#2985,(#2989,#2996),.PCURVE_S1.);
#2985 = LINE('',#2986,#2987);
#2986 = CARTESIAN_POINT('',(-66.,0.,105.2));
#2987 = VECTOR('',#2988,1.);
#2988 = DIRECTION('',(0.,-1.,0.));
#2989 = PCURVE('',#486,#2990);
#2990 = DEFINITIONAL_REPRESENTATION('',(#2991),#2995);
#2991 = LINE('',#2992,#2993);
#2992 = CARTESIAN_POINT('',(0.,0.));
#2993 = VECTOR('',#2994,1.);
#2994 = DIRECTION('',(1.,0.));
#2995 = ( GEOMETRIC_REPRESENTATION_CONTEXT(2) 
PARAMETRIC_REPRESENTATION_CONTEXT() REPRESENTATION_CONTEXT('2D SPACE',''
  ) );
#2996 = PCURVE('',#2851,#2997);
#2997 = DEFINITIONAL_REPRESENTATION('',(#2998),#3002);
#2998 = LINE('',#2999,#3000);
#2999 = CARTESIAN_POINT('',(-66.,-2.609787252938E-15));
#3000 = VECTOR('',#3001,1.);
#3001 = DIRECTION('',(0.,-1.));
#3002 = ( GEOMETRIC_REPRESENTATION_CONTEXT(2) 
PARAMETRIC_REPRESENTATION_CONTEXT() REPRESENTATION_CONTEXT('2D SPACE',''
  ) );
#3003 = ADVANCED_FACE('',(#3004),#514,.F.);
#3004 = FACE_BOUND('',#3005,.F.);
#3005 = EDGE_LOOP('',(#3006,#3007,#3008,#3009));
#3006 = ORIENTED_EDGE('',*,*,#2960,.T.);
#3007 = ORIENTED_EDGE('',*,*,#498,.T.);
#3008 = ORIENTED_EDGE('',*,*,#2909,.F.);
#3009 = ORIENTED_EDGE('',*,*,#3010,.T.);
#3010 = EDGE_CURVE('',#2910,#2961,#3011,.T.);
#3011 = SURFACE_CURVE('',#3012,(#3016,#3023),.PCURVE_S1.);
#3012 = LINE('',#3013,#3014);
#3013 = CARTESIAN_POINT('',(66.,-66.,105.2));
#3014 = VECTOR('',#3015,1.);
#3015 = DIRECTION('',(-1.,0.,0.));
#3016 = PCURVE('',#514,#3017);
#3017 = DEFINITIONAL_REPRESENTATION('',(#3018),#3022);
#3018 = LINE('',#3019,#3020);
#3019 = CARTESIAN_POINT('',(132.,0.));
#3020 = VECTOR('',#3021,1.);
#3021 = DIRECTION('',(-1.,0.));
#3022 = ( GEOMETRIC_REPRESENTATION_CONTEXT(2) 
PARAMETRIC_REPRESENTATION_CONTEXT() REPRESENTATION_CONTEXT('2D SPACE',''
  ) );
#3023 = PCURVE('',#2851,#3024);
#3024 = DEFINITIONAL_REPRESENTATION('',(#3025),#3029);
#3025 = LINE('',#3026,#3027);
#3026 = CARTESIAN_POINT('',(66.,-66.));
#3027 = VECTOR('',#3028,1.);
#3028 = DIRECTION('',(-1.,0.));
#3029 = ( GEOMETRIC_REPRESENTATION_CONTEXT(2) 
PARAMETRIC_REPRESENTATION_CONTEXT() REPRESENTATION_CONTEXT('2D SPACE',''
  ) );
#3030 = ADVANCED_FACE('',(#3031),#575,.F.);
#3031 = FACE_BOUND('',#3032,.T.);
#3032 = EDGE_LOOP('',(#3033,#3062,#3083,#3084));
#3033 = ORIENTED_EDGE('',*,*,#3034,.F.);
#3034 = EDGE_CURVE('',#3035,#3035,#3037,.T.);
#3035 = VERTEX_POINT('',#3036);
#3036 = CARTESIAN_POINT('',(-3.5459006,-37.7731196,109.2));
#3037 = SURFACE_CURVE('',#3038,(#3043,#3050),.PCURVE_S1.);
#3038 = CIRCLE('',#3039,3.9);
#3039 = AXIS2_PLACEMENT_3D('',#3040,#3041,#3042);
#3040 = CARTESIAN_POINT('',(-7.4459006,-37.7731196,109.2));
#3041 = DIRECTION('',(0.,0.,1.));
#3042 = DIRECTION('',(1.,0.,0.));
#3043 = PCURVE('',#575,#3044);
#3044 = DEFINITIONAL_REPRESENTATION('',(#3045),#3049);
#3045 = LINE('',#3046,#3047);
#3046 = CARTESIAN_POINT('',(-0.,0.));
#3047 = VECTOR('',#3048,1.);
#3048 = DIRECTION('',(-1.,0.));
#3049 = ( GEOMETRIC_REPRESENTATION_CONTEXT(2) 
PARAMETRIC_REPRESENTATION_CONTEXT() REPRESENTATION_CONTEXT('2D SPACE',''
  ) );
#3050 = PCURVE('',#3051,#3056);
#3051 = PLANE('',#3052);
#3052 = AXIS2_PLACEMENT_3D('',#3053,#3054,#3055);
#3053 = CARTESIAN_POINT('',(37.7472349,7.5760318,109.2));
#3054 = DIRECTION('',(0.,0.,1.));
#3055 = DIRECTION('',(1.,0.,0.));
#3056 = DEFINITIONAL_REPRESENTATION('',(#3057),#3061);
#3057 = CIRCLE('',#3058,3.9);
#3058 = AXIS2_PLACEMENT_2D('',#3059,#3060);
#3059 = CARTESIAN_POINT('',(-45.1931355,-45.3491514));
#3060 = DIRECTION('',(1.,0.));
#3061 = ( GEOMETRIC_REPRESENTATION_CONTEXT(2) 
PARAMETRIC_REPRESENTATION_CONTEXT() REPRESENTATION_CONTEXT('2D SPACE',''
  ) );
#3062 = ORIENTED_EDGE('',*,*,#3063,.T.);
#3063 = EDGE_CURVE('',#3035,#555,#3064,.T.);
#3064 = SEAM_CURVE('',#3065,(#3069,#3076),.PCURVE_S1.);
#3065 = LINE('',#3066,#3067);
#3066 = CARTESIAN_POINT('',(-3.5459006,-37.7731196,109.2));
#3067 = VECTOR('',#3068,1.);
#3068 = DIRECTION('',(0.,0.,1.));
#3069 = PCURVE('',#575,#3070);
#3070 = DEFINITIONAL_REPRESENTATION('',(#3071),#3075);
#3071 = LINE('',#3072,#3073);
#3072 = CARTESIAN_POINT('',(-6.28318530718,0.));
#3073 = VECTOR('',#3074,1.);
#3074 = DIRECTION('',(-0.,-1.));
#3075 = ( GEOMETRIC_REPRESENTATION_CONTEXT(2) 
PARAMETRIC_REPRESENTATION_CONTEXT() REPRESENTATION_CONTEXT('2D SPACE',''
  ) );
#3076 = PCURVE('',#575,#3077);
#3077 = DEFINITIONAL_REPRESENTATION('',(#3078),#3082);
#3078 = LINE('',#3079,#3080);
#3079 = CARTESIAN_POINT('',(-0.,0.));
#3080 = VECTOR('',#3081,1.);
#3081 = DIRECTION('',(-0.,-1.));
#3082 = ( GEOMETRIC_REPRESENTATION_CONTEXT(2) 
PARAMETRIC_REPRESENTATION_CONTEXT() REPRESENTATION_CONTEXT('2D SPACE',''
  ) );
#3083 = ORIENTED_EDGE('',*,*,#554,.F.);
#3084 = ORIENTED_EDGE('',*,*,#3063,.F.);
#3085 = ADVANCED_FACE('',(#3086),#610,.F.);
#3086 = FACE_BOUND('',#3087,.T.);
#3087 = EDGE_LOOP('',(#3088,#3117,#3138,#3139));
#3088 = ORIENTED_EDGE('',*,*,#3089,.F.);
#3089 = EDGE_CURVE('',#3090,#3090,#3092,.T.);
#3090 = VERTEX_POINT('',#3091);
#3091 = CARTESIAN_POINT('',(11.4760319,-37.7472349,109.2));
#3092 = SURFACE_CURVE('',#3093,(#3098,#3105),.PCURVE_S1.);
#3093 = CIRCLE('',#3094,3.9);
#3094 = AXIS2_PLACEMENT_3D('',#3095,#3096,#3097);
#3095 = CARTESIAN_POINT('',(7.5760319,-37.7472349,109.2));
#3096 = DIRECTION('',(0.,0.,1.));
#3097 = DIRECTION('',(1.,0.,0.));
#3098 = PCURVE('',#610,#3099);
#3099 = DEFINITIONAL_REPRESENTATION('',(#3100),#3104);
#3100 = LINE('',#3101,#3102);
#3101 = CARTESIAN_POINT('',(-0.,0.));
#3102 = VECTOR('',#3103,1.);
#3103 = DIRECTION('',(-1.,0.));
#3104 = ( GEOMETRIC_REPRESENTATION_CONTEXT(2) 
PARAMETRIC_REPRESENTATION_CONTEXT() REPRESENTATION_CONTEXT('2D SPACE',''
  ) );
#3105 = PCURVE('',#3106,#3111);
#3106 = PLANE('',#3107);
#3107 = AXIS2_PLACEMENT_3D('',#3108,#3109,#3110);
#3108 = CARTESIAN_POINT('',(37.7472349,7.5760318,109.2));
#3109 = DIRECTION('',(0.,0.,1.));
#3110 = DIRECTION('',(1.,0.,0.));
#3111 = DEFINITIONAL_REPRESENTATION('',(#3112),#3116);
#3112 = CIRCLE('',#3113,3.9);
#3113 = AXIS2_PLACEMENT_2D('',#3114,#3115);
#3114 = CARTESIAN_POINT('',(-30.171203,-45.3232667));
#3115 = DIRECTION('',(1.,0.));
#3116 = ( GEOMETRIC_REPRESENTATION_CONTEXT(2) 
PARAMETRIC_REPRESENTATION_CONTEXT() REPRESENTATION_CONTEXT('2D SPACE',''
  ) );
#3117 = ORIENTED_EDGE('',*,*,#3118,.T.);
#3118 = EDGE_CURVE('',#3090,#590,#3119,.T.);
#3119 = SEAM_CURVE('',#3120,(#3124,#3131),.PCURVE_S1.);
#3120 = LINE('',#3121,#3122);
#3121 = CARTESIAN_POINT('',(11.4760319,-37.7472349,109.2));
#3122 = VECTOR('',#3123,1.);
#3123 = DIRECTION('',(0.,0.,1.));
#3124 = PCURVE('',#610,#3125);
#3125 = DEFINITIONAL_REPRESENTATION('',(#3126),#3130);
#3126 = LINE('',#3127,#3128);
#3127 = CARTESIAN_POINT('',(-6.28318530718,0.));
#3128 = VECTOR('',#3129,1.);
#3129 = DIRECTION('',(-0.,-1.));
#3130 = ( GEOMETRIC_REPRESENTATION_CONTEXT(2) 
PARAMETRIC_REPRESENTATION_CONTEXT() REPRESENTATION_CONTEXT('2D SPACE',''
  ) );
#3131 = PCURVE('',#610,#3132);
#3132 = DEFINITIONAL_REPRESENTATION('',(#3133),#3137);
#3133 = LINE('',#3134,#3135);
#3134 = CARTESIAN_POINT('',(-0.,0.));
#3135 = VECTOR('',#3136,1.);
#3136 = DIRECTION('',(-0.,-1.));
#3137 = ( GEOMETRIC_REPRESENTATION_CONTEXT(2) 
PARAMETRIC_REPRESENTATION_CONTEXT() REPRESENTATION_CONTEXT('2D SPACE',''
  ) );
#3138 = ORIENTED_EDGE('',*,*,#589,.F.);
#3139 = ORIENTED_EDGE('',*,*,#3118,.F.);
#3140 = ADVANCED_FACE('',(#3141),#645,.F.);
#3141 = FACE_BOUND('',#3142,.T.);
#3142 = EDGE_LOOP('',(#3143,#3172,#3193,#3194));
#3143 = ORIENTED_EDGE('',*,*,#3144,.F.);
#3144 = EDGE_CURVE('',#3145,#3145,#3147,.T.);
#3145 = VERTEX_POINT('',#3146);
#3146 = CARTESIAN_POINT('',(-33.8731195,7.4459006,109.2));
#3147 = SURFACE_CURVE('',#3148,(#3153,#3160),.PCURVE_S1.);
#3148 = CIRCLE('',#3149,3.9);
#3149 = AXIS2_PLACEMENT_3D('',#3150,#3151,#3152);
#3150 = CARTESIAN_POINT('',(-37.7731195,7.4459006,109.2));
#3151 = DIRECTION('',(0.,0.,1.));
#3152 = DIRECTION('',(1.,0.,0.));
#3153 = PCURVE('',#645,#3154);
#3154 = DEFINITIONAL_REPRESENTATION('',(#3155),#3159);
#3155 = LINE('',#3156,#3157);
#3156 = CARTESIAN_POINT('',(-0.,0.));
#3157 = VECTOR('',#3158,1.);
#3158 = DIRECTION('',(-1.,0.));
#3159 = ( GEOMETRIC_REPRESENTATION_CONTEXT(2) 
PARAMETRIC_REPRESENTATION_CONTEXT() REPRESENTATION_CONTEXT('2D SPACE',''
  ) );
#3160 = PCURVE('',#3161,#3166);
#3161 = PLANE('',#3162);
#3162 = AXIS2_PLACEMENT_3D('',#3163,#3164,#3165);
#3163 = CARTESIAN_POINT('',(37.7472349,7.5760318,109.2));
#3164 = DIRECTION('',(0.,0.,1.));
#3165 = DIRECTION('',(1.,0.,0.));
#3166 = DEFINITIONAL_REPRESENTATION('',(#3167),#3171);
#3167 = CIRCLE('',#3168,3.9);
#3168 = AXIS2_PLACEMENT_2D('',#3169,#3170);
#3169 = CARTESIAN_POINT('',(-75.5203544,-0.1301312));
#3170 = DIRECTION('',(1.,0.));
#3171 = ( GEOMETRIC_REPRESENTATION_CONTEXT(2) 
PARAMETRIC_REPRESENTATION_CONTEXT() REPRESENTATION_CONTEXT('2D SPACE',''
  ) );
#3172 = ORIENTED_EDGE('',*,*,#3173,.T.);
#3173 = EDGE_CURVE('',#3145,#625,#3174,.T.);
#3174 = SEAM_CURVE('',#3175,(#3179,#3186),.PCURVE_S1.);
#3175 = LINE('',#3176,#3177);
#3176 = CARTESIAN_POINT('',(-33.8731195,7.4459006,109.2));
#3177 = VECTOR('',#3178,1.);
#3178 = DIRECTION('',(0.,0.,1.));
#3179 = PCURVE('',#645,#3180);
#3180 = DEFINITIONAL_REPRESENTATION('',(#3181),#3185);
#3181 = LINE('',#3182,#3183);
#3182 = CARTESIAN_POINT('',(-6.28318530718,0.));
#3183 = VECTOR('',#3184,1.);
#3184 = DIRECTION('',(-0.,-1.));
#3185 = ( GEOMETRIC_REPRESENTATION_CONTEXT(2) 
PARAMETRIC_REPRESENTATION_CONTEXT() REPRESENTATION_CONTEXT('2D SPACE',''
  ) );
#3186 = PCURVE('',#645,#3187);
#3187 = DEFINITIONAL_REPRESENTATION('',(#3188),#3192);
#3188 = LINE('',#3189,#3190);
#3189 = CARTESIAN_POINT('',(-0.,0.));
#3190 = VECTOR('',#3191,1.);
#3191 = DIRECTION('',(-0.,-1.));
#3192 = ( GEOMETRIC_REPRESENTATION_CONTEXT(2) 
PARAMETRIC_REPRESENTATION_CONTEXT() REPRESENTATION_CONTEXT('2D SPACE',''
  ) );
#3193 = ORIENTED_EDGE('',*,*,#624,.F.);
#3194 = ORIENTED_EDGE('',*,*,#3173,.F.);
#3195 = ADVANCED_FACE('',(#3196),#680,.F.);
#3196 = FACE_BOUND('',#3197,.T.);
#3197 = EDGE_LOOP('',(#3198,#3227,#3248,#3249));
#3198 = ORIENTED_EDGE('',*,*,#3199,.F.);
#3199 = EDGE_CURVE('',#3200,#3200,#3202,.T.);
#3200 = VERTEX_POINT('',#3201);
#3201 = CARTESIAN_POINT('',(-28.1483892,21.3342622,109.2));
#3202 = SURFACE_CURVE('',#3203,(#3208,#3215),.PCURVE_S1.);
#3203 = CIRCLE('',#3204,3.9);
#3204 = AXIS2_PLACEMENT_3D('',#3205,#3206,#3207);
#3205 = CARTESIAN_POINT('',(-32.0483892,21.3342622,109.2));
#3206 = DIRECTION('',(0.,0.,1.));
#3207 = DIRECTION('',(1.,0.,0.));
#3208 = PCURVE('',#680,#3209);
#3209 = DEFINITIONAL_REPRESENTATION('',(#3210),#3214);
#3210 = LINE('',#3211,#3212);
#3211 = CARTESIAN_POINT('',(-0.,0.));
#3212 = VECTOR('',#3213,1.);
#3213 = DIRECTION('',(-1.,0.));
#3214 = ( GEOMETRIC_REPRESENTATION_CONTEXT(2) 
PARAMETRIC_REPRESENTATION_CONTEXT() REPRESENTATION_CONTEXT('2D SPACE',''
  ) );
#3215 = PCURVE('',#3216,#3221);
#3216 = PLANE('',#3217);
#3217 = AXIS2_PLACEMENT_3D('',#3218,#3219,#3220);
#3218 = CARTESIAN_POINT('',(37.7472349,7.5760318,109.2));
#3219 = DIRECTION('',(0.,0.,1.));
#3220 = DIRECTION('',(1.,0.,0.));
#3221 = DEFINITIONAL_REPRESENTATION('',(#3222),#3226);
#3222 = CIRCLE('',#3223,3.9);
#3223 = AXIS2_PLACEMENT_2D('',#3224,#3225);
#3224 = CARTESIAN_POINT('',(-69.7956241,13.7582304));
#3225 = DIRECTION('',(1.,0.));
#3226 = ( GEOMETRIC_REPRESENTATION_CONTEXT(2) 
PARAMETRIC_REPRESENTATION_CONTEXT() REPRESENTATION_CONTEXT('2D SPACE',''
  ) );
#3227 = ORIENTED_EDGE('',*,*,#3228,.T.);
#3228 = EDGE_CURVE('',#3200,#660,#3229,.T.);
#3229 = SEAM_CURVE('',#3230,(#3234,#3241),.PCURVE_S1.);
#3230 = LINE('',#3231,#3232);
#3231 = CARTESIAN_POINT('',(-28.1483892,21.3342622,109.2));
#3232 = VECTOR('',#3233,1.);
#3233 = DIRECTION('',(0.,0.,1.));
#3234 = PCURVE('',#680,#3235);
#3235 = DEFINITIONAL_REPRESENTATION('',(#3236),#3240);
#3236 = LINE('',#3237,#3238);
#3237 = CARTESIAN_POINT('',(-6.28318530718,0.));
#3238 = VECTOR('',#3239,1.);
#3239 = DIRECTION('',(-0.,-1.));
#3240 = ( GEOMETRIC_REPRESENTATION_CONTEXT(2) 
PARAMETRIC_REPRESENTATION_CONTEXT() REPRESENTATION_CONTEXT('2D SPACE',''
  ) );
#3241 = PCURVE('',#680,#3242);
#3242 = DEFINITIONAL_REPRESENTATION('',(#3243),#3247);
#3243 = LINE('',#3244,#3245);
#3244 = CARTESIAN_POINT('',(-0.,0.));
#3245 = VECTOR('',#3246,1.);
#3246 = DIRECTION('',(-0.,-1.));
#3247 = ( GEOMETRIC_REPRESENTATION_CONTEXT(2) 
PARAMETRIC_REPRESENTATION_CONTEXT() REPRESENTATION_CONTEXT('2D SPACE',''
  ) );
#3248 = ORIENTED_EDGE('',*,*,#659,.F.);
#3249 = ORIENTED_EDGE('',*,*,#3228,.F.);
#3250 = ADVANCED_FACE('',(#3251),#715,.F.);
#3251 = FACE_BOUND('',#3252,.T.);
#3252 = EDGE_LOOP('',(#3253,#3282,#3303,#3304));
#3253 = ORIENTED_EDGE('',*,*,#3254,.F.);
#3254 = EDGE_CURVE('',#3255,#3255,#3257,.T.);
#3255 = VERTEX_POINT('',#3256);
#3256 = CARTESIAN_POINT('',(-17.5445821,31.9746758,109.2));
#3257 = SURFACE_CURVE('',#3258,(#3263,#3270),.PCURVE_S1.);
#3258 = CIRCLE('',#3259,3.9);
#3259 = AXIS2_PLACEMENT_3D('',#3260,#3261,#3262);
#3260 = CARTESIAN_POINT('',(-21.4445821,31.9746758,109.2));
#3261 = DIRECTION('',(0.,0.,1.));
#3262 = DIRECTION('',(1.,0.,0.));
#3263 = PCURVE('',#715,#3264);
#3264 = DEFINITIONAL_REPRESENTATION('',(#3265),#3269);
#3265 = LINE('',#3266,#3267);
#3266 = CARTESIAN_POINT('',(-0.,0.));
#3267 = VECTOR('',#3268,1.);
#3268 = DIRECTION('',(-1.,0.));
#3269 = ( GEOMETRIC_REPRESENTATION_CONTEXT(2) 
PARAMETRIC_REPRESENTATION_CONTEXT() REPRESENTATION_CONTEXT('2D SPACE',''
  ) );
#3270 = PCURVE('',#3271,#3276);
#3271 = PLANE('',#3272);
#3272 = AXIS2_PLACEMENT_3D('',#3273,#3274,#3275);
#3273 = CARTESIAN_POINT('',(37.7472349,7.5760318,109.2));
#3274 = DIRECTION('',(0.,0.,1.));
#3275 = DIRECTION('',(1.,0.,0.));
#3276 = DEFINITIONAL_REPRESENTATION('',(#3277),#3281);
#3277 = CIRCLE('',#3278,3.9);
#3278 = AXIS2_PLACEMENT_2D('',#3279,#3280);
#3279 = CARTESIAN_POINT('',(-59.191817,24.398644));
#3280 = DIRECTION('',(1.,0.));
#3281 = ( GEOMETRIC_REPRESENTATION_CONTEXT(2) 
PARAMETRIC_REPRESENTATION_CONTEXT() REPRESENTATION_CONTEXT('2D SPACE',''
  ) );
#3282 = ORIENTED_EDGE('',*,*,#3283,.T.);
#3283 = EDGE_CURVE('',#3255,#695,#3284,.T.);
#3284 = SEAM_CURVE('',#3285,(#3289,#3296),.PCURVE_S1.);
#3285 = LINE('',#3286,#3287);
#3286 = CARTESIAN_POINT('',(-17.5445821,31.9746758,109.2));
#3287 = VECTOR('',#3288,1.);
#3288 = DIRECTION('',(0.,0.,1.));
#3289 = PCURVE('',#715,#3290);
#3290 = DEFINITIONAL_REPRESENTATION('',(#3291),#3295);
#3291 = LINE('',#3292,#3293);
#3292 = CARTESIAN_POINT('',(-6.28318530718,0.));
#3293 = VECTOR('',#3294,1.);
#3294 = DIRECTION('',(-0.,-1.));
#3295 = ( GEOMETRIC_REPRESENTATION_CONTEXT(2) 
PARAMETRIC_REPRESENTATION_CONTEXT() REPRESENTATION_CONTEXT('2D SPACE',''
  ) );
#3296 = PCURVE('',#715,#3297);
#3297 = DEFINITIONAL_REPRESENTATION('',(#3298),#3302);
#3298 = LINE('',#3299,#3300);
#3299 = CARTESIAN_POINT('',(-0.,0.));
#3300 = VECTOR('',#3301,1.);
#3301 = DIRECTION('',(-0.,-1.));
#3302 = ( GEOMETRIC_REPRESENTATION_CONTEXT(2) 
PARAMETRIC_REPRESENTATION_CONTEXT() REPRESENTATION_CONTEXT('2D SPACE',''
  ) );
#3303 = ORIENTED_EDGE('',*,*,#694,.F.);
#3304 = ORIENTED_EDGE('',*,*,#3283,.F.);
#3305 = ADVANCED_FACE('',(#3306),#750,.F.);
#3306 = FACE_BOUND('',#3307,.T.);
#3307 = EDGE_LOOP('',(#3308,#3337,#3358,#3359));
#3308 = ORIENTED_EDGE('',*,*,#3309,.F.);
#3309 = EDGE_CURVE('',#3310,#3310,#3312,.T.);
#3310 = VERTEX_POINT('',#3311);
#3311 = CARTESIAN_POINT('',(-3.6760318,37.7472348,109.2));
#3312 = SURFACE_CURVE('',#3313,(#3318,#3325),.PCURVE_S1.);
#3313 = CIRCLE('',#3314,3.9);
#3314 = AXIS2_PLACEMENT_3D('',#3315,#3316,#3317);
#3315 = CARTESIAN_POINT('',(-7.5760318,37.7472348,109.2));
#3316 = DIRECTION('',(0.,0.,1.));
#3317 = DIRECTION('',(1.,0.,0.));
#3318 = PCURVE('',#750,#3319);
#3319 = DEFINITIONAL_REPRESENTATION('',(#3320),#3324);
#3320 = LINE('',#3321,#3322);
#3321 = CARTESIAN_POINT('',(-0.,0.));
#3322 = VECTOR('',#3323,1.);
#3323 = DIRECTION('',(-1.,0.));
#3324 = ( GEOMETRIC_REPRESENTATION_CONTEXT(2) 
PARAMETRIC_REPRESENTATION_CONTEXT() REPRESENTATION_CONTEXT('2D SPACE',''
  ) );
#3325 = PCURVE('',#3326,#3331);
#3326 = PLANE('',#3327);
#3327 = AXIS2_PLACEMENT_3D('',#3328,#3329,#3330);
#3328 = CARTESIAN_POINT('',(37.7472349,7.5760318,109.2));
#3329 = DIRECTION('',(0.,0.,1.));
#3330 = DIRECTION('',(1.,0.,0.));
#3331 = DEFINITIONAL_REPRESENTATION('',(#3332),#3336);
#3332 = CIRCLE('',#3333,3.9);
#3333 = AXIS2_PLACEMENT_2D('',#3334,#3335);
#3334 = CARTESIAN_POINT('',(-45.3232667,30.171203));
#3335 = DIRECTION('',(1.,0.));
#3336 = ( GEOMETRIC_REPRESENTATION_CONTEXT(2) 
PARAMETRIC_REPRESENTATION_CONTEXT() REPRESENTATION_CONTEXT('2D SPACE',''
  ) );
#3337 = ORIENTED_EDGE('',*,*,#3338,.T.);
#3338 = EDGE_CURVE('',#3310,#730,#3339,.T.);
#3339 = SEAM_CURVE('',#3340,(#3344,#3351),.PCURVE_S1.);
#3340 = LINE('',#3341,#3342);
#3341 = CARTESIAN_POINT('',(-3.6760318,37.7472348,109.2));
#3342 = VECTOR('',#3343,1.);
#3343 = DIRECTION('',(0.,0.,1.));
#3344 = PCURVE('',#750,#3345);
#3345 = DEFINITIONAL_REPRESENTATION('',(#3346),#3350);
#3346 = LINE('',#3347,#3348);
#3347 = CARTESIAN_POINT('',(-6.28318530718,0.));
#3348 = VECTOR('',#3349,1.);
#3349 = DIRECTION('',(-0.,-1.));
#3350 = ( GEOMETRIC_REPRESENTATION_CONTEXT(2) 
PARAMETRIC_REPRESENTATION_CONTEXT() REPRESENTATION_CONTEXT('2D SPACE',''
  ) );
#3351 = PCURVE('',#750,#3352);
#3352 = DEFINITIONAL_REPRESENTATION('',(#3353),#3357);
#3353 = LINE('',#3354,#3355);
#3354 = CARTESIAN_POINT('',(-0.,0.));
#3355 = VECTOR('',#3356,1.);
#3356 = DIRECTION('',(-0.,-1.));
#3357 = ( GEOMETRIC_REPRESENTATION_CONTEXT(2) 
PARAMETRIC_REPRESENTATION_CONTEXT() REPRESENTATION_CONTEXT('2D SPACE',''
  ) );
#3358 = ORIENTED_EDGE('',*,*,#729,.F.);
#3359 = ORIENTED_EDGE('',*,*,#3338,.F.);
#3360 = ADVANCED_FACE('',(#3361),#785,.F.);
#3361 = FACE_BOUND('',#3362,.T.);
#3362 = EDGE_LOOP('',(#3363,#3396,#3417,#3418));
#3363 = ORIENTED_EDGE('',*,*,#3364,.T.);
#3364 = EDGE_CURVE('',#3365,#3365,#3367,.T.);
#3365 = VERTEX_POINT('',#3366);
#3366 = CARTESIAN_POINT('',(33.,-3.665729356347E-15,107.7));
#3367 = SURFACE_CURVE('',#3368,(#3373,#3380),.PCURVE_S1.);
#3368 = CIRCLE('',#3369,33.);
#3369 = AXIS2_PLACEMENT_3D('',#3370,#3371,#3372);
#3370 = CARTESIAN_POINT('',(3.145548581495E-13,-3.665729356347E-15,107.7
    ));
#3371 = DIRECTION('',(0.,0.,-1.));
#3372 = DIRECTION('',(1.,0.,0.));
#3373 = PCURVE('',#785,#3374);
#3374 = DEFINITIONAL_REPRESENTATION('',(#3375),#3379);
#3375 = LINE('',#3376,#3377);
#3376 = CARTESIAN_POINT('',(-6.28318530718,-2.5));
#3377 = VECTOR('',#3378,1.);
#3378 = DIRECTION('',(1.,-0.));
#3379 = ( GEOMETRIC_REPRESENTATION_CONTEXT(2) 
PARAMETRIC_REPRESENTATION_CONTEXT() REPRESENTATION_CONTEXT('2D SPACE',''
  ) );
#3380 = PCURVE('',#3381,#3386);
#3381 = PLANE('',#3382);
#3382 = AXIS2_PLACEMENT_3D('',#3383,#3384,#3385);
#3383 = CARTESIAN_POINT('',(-2.514832427659E-15,1.094242140648E-15,107.7
    ));
#3384 = DIRECTION('',(0.,0.,1.));
#3385 = DIRECTION('',(1.,0.,0.));
#3386 = DEFINITIONAL_REPRESENTATION('',(#3387),#3395);
#3387 = ( BOUNDED_CURVE() B_SPLINE_CURVE(2,(#3388,#3389,#3390,#3391,
#3392,#3393,#3394),.UNSPECIFIED.,.T.,.F.) B_SPLINE_CURVE_WITH_KNOTS((1,2
    ,2,2,2,1),(-2.094395102393,0.,2.094395102393,4.188790204786,
6.28318530718,8.377580409573),.UNSPECIFIED.) CURVE() 
GEOMETRIC_REPRESENTATION_ITEM() RATIONAL_B_SPLINE_CURVE((1.,0.5,1.,0.5,
1.,0.5,1.)) REPRESENTATION_ITEM('') );
#3388 = CARTESIAN_POINT('',(33.,-4.759971496994E-15));
#3389 = CARTESIAN_POINT('',(33.,-57.15767664977));
#3390 = CARTESIAN_POINT('',(-16.5,-28.57883832488));
#3391 = CARTESIAN_POINT('',(-66.,-1.284264037137E-14));
#3392 = CARTESIAN_POINT('',(-16.5,28.578838324886));
#3393 = CARTESIAN_POINT('',(33.,57.157676649773));
#3394 = CARTESIAN_POINT('',(33.,-4.759971496994E-15));
#3395 = ( GEOMETRIC_REPRESENTATION_CONTEXT(2) 
PARAMETRIC_REPRESENTATION_CONTEXT() REPRESENTATION_CONTEXT('2D SPACE',''
  ) );
#3396 = ORIENTED_EDGE('',*,*,#3397,.T.);
#3397 = EDGE_CURVE('',#3365,#765,#3398,.T.);
#3398 = SEAM_CURVE('',#3399,(#3403,#3410),.PCURVE_S1.);
#3399 = LINE('',#3400,#3401);
#3400 = CARTESIAN_POINT('',(33.,-3.665729356347E-15,105.2));
#3401 = VECTOR('',#3402,1.);
#3402 = DIRECTION('',(0.,0.,1.));
#3403 = PCURVE('',#785,#3404);
#3404 = DEFINITIONAL_REPRESENTATION('',(#3405),#3409);
#3405 = LINE('',#3406,#3407);
#3406 = CARTESIAN_POINT('',(-6.28318530718,0.));
#3407 = VECTOR('',#3408,1.);
#3408 = DIRECTION('',(-0.,-1.));
#3409 = ( GEOMETRIC_REPRESENTATION_CONTEXT(2) 
PARAMETRIC_REPRESENTATION_CONTEXT() REPRESENTATION_CONTEXT('2D SPACE',''
  ) );
#3410 = PCURVE('',#785,#3411);
#3411 = DEFINITIONAL_REPRESENTATION('',(#3412),#3416);
#3412 = LINE('',#3413,#3414);
#3413 = CARTESIAN_POINT('',(-0.,0.));
#3414 = VECTOR('',#3415,1.);
#3415 = DIRECTION('',(-0.,-1.));
#3416 = ( GEOMETRIC_REPRESENTATION_CONTEXT(2) 
PARAMETRIC_REPRESENTATION_CONTEXT() REPRESENTATION_CONTEXT('2D SPACE',''
  ) );
#3417 = ORIENTED_EDGE('',*,*,#764,.F.);
#3418 = ORIENTED_EDGE('',*,*,#3397,.F.);
#3419 = ADVANCED_FACE('',(#3420),#820,.F.);
#3420 = FACE_BOUND('',#3421,.T.);
#3421 = EDGE_LOOP('',(#3422,#3451,#3472,#3473));
#3422 = ORIENTED_EDGE('',*,*,#3423,.F.);
#3423 = EDGE_CURVE('',#3424,#3424,#3426,.T.);
#3424 = VERTEX_POINT('',#3425);
#3425 = CARTESIAN_POINT('',(41.6472349,7.5760318,109.2));
#3426 = SURFACE_CURVE('',#3427,(#3432,#3439),.PCURVE_S1.);
#3427 = CIRCLE('',#3428,3.9);
#3428 = AXIS2_PLACEMENT_3D('',#3429,#3430,#3431);
#3429 = CARTESIAN_POINT('',(37.7472349,7.5760318,109.2));
#3430 = DIRECTION('',(0.,0.,1.));
#3431 = DIRECTION('',(1.,0.,0.));
#3432 = PCURVE('',#820,#3433);
#3433 = DEFINITIONAL_REPRESENTATION('',(#3434),#3438);
#3434 = LINE('',#3435,#3436);
#3435 = CARTESIAN_POINT('',(-0.,0.));
#3436 = VECTOR('',#3437,1.);
#3437 = DIRECTION('',(-1.,0.));
#3438 = ( GEOMETRIC_REPRESENTATION_CONTEXT(2) 
PARAMETRIC_REPRESENTATION_CONTEXT() REPRESENTATION_CONTEXT('2D SPACE',''
  ) );
#3439 = PCURVE('',#3440,#3445);
#3440 = PLANE('',#3441);
#3441 = AXIS2_PLACEMENT_3D('',#3442,#3443,#3444);
#3442 = CARTESIAN_POINT('',(37.7472349,7.5760318,109.2));
#3443 = DIRECTION('',(0.,0.,1.));
#3444 = DIRECTION('',(1.,0.,0.));
#3445 = DEFINITIONAL_REPRESENTATION('',(#3446),#3450);
#3446 = CIRCLE('',#3447,3.9);
#3447 = AXIS2_PLACEMENT_2D('',#3448,#3449);
#3448 = CARTESIAN_POINT('',(0.,-8.881784197001E-16));
#3449 = DIRECTION('',(1.,0.));
#3450 = ( GEOMETRIC_REPRESENTATION_CONTEXT(2) 
PARAMETRIC_REPRESENTATION_CONTEXT() REPRESENTATION_CONTEXT('2D SPACE',''
  ) );
#3451 = ORIENTED_EDGE('',*,*,#3452,.T.);
#3452 = EDGE_CURVE('',#3424,#800,#3453,.T.);
#3453 = SEAM_CURVE('',#3454,(#3458,#3465),.PCURVE_S1.);
#3454 = LINE('',#3455,#3456);
#3455 = CARTESIAN_POINT('',(41.6472349,7.5760318,109.2));
#3456 = VECTOR('',#3457,1.);
#3457 = DIRECTION('',(0.,0.,1.));
#3458 = PCURVE('',#820,#3459);
#3459 = DEFINITIONAL_REPRESENTATION('',(#3460),#3464);
#3460 = LINE('',#3461,#3462);
#3461 = CARTESIAN_POINT('',(-6.28318530718,0.));
#3462 = VECTOR('',#3463,1.);
#3463 = DIRECTION('',(-0.,-1.));
#3464 = ( GEOMETRIC_REPRESENTATION_CONTEXT(2) 
PARAMETRIC_REPRESENTATION_CONTEXT() REPRESENTATION_CONTEXT('2D SPACE',''
  ) );
#3465 = PCURVE('',#820,#3466);
#3466 = DEFINITIONAL_REPRESENTATION('',(#3467),#3471);
#3467 = LINE('',#3468,#3469);
#3468 = CARTESIAN_POINT('',(-0.,0.));
#3469 = VECTOR('',#3470,1.);
#3470 = DIRECTION('',(-0.,-1.));
#3471 = ( GEOMETRIC_REPRESENTATION_CONTEXT(2) 
PARAMETRIC_REPRESENTATION_CONTEXT() REPRESENTATION_CONTEXT('2D SPACE',''
  ) );
#3472 = ORIENTED_EDGE('',*,*,#799,.F.);
#3473 = ORIENTED_EDGE('',*,*,#3452,.F.);
#3474 = ADVANCED_FACE('',(#3475),#855,.F.);
#3475 = FACE_BOUND('',#3476,.T.);
#3476 = EDGE_LOOP('',(#3477,#3506,#3527,#3528));
#3477 = ORIENTED_EDGE('',*,*,#3478,.F.);
#3478 = EDGE_CURVE('',#3479,#3479,#3481,.T.);
#3479 = VERTEX_POINT('',#3480);
#3480 = CARTESIAN_POINT('',(35.8746759,21.4445821,109.2));
#3481 = SURFACE_CURVE('',#3482,(#3487,#3494),.PCURVE_S1.);
#3482 = CIRCLE('',#3483,3.9);
#3483 = AXIS2_PLACEMENT_3D('',#3484,#3485,#3486);
#3484 = CARTESIAN_POINT('',(31.9746759,21.4445821,109.2));
#3485 = DIRECTION('',(0.,0.,1.));
#3486 = DIRECTION('',(1.,0.,0.));
#3487 = PCURVE('',#855,#3488);
#3488 = DEFINITIONAL_REPRESENTATION('',(#3489),#3493);
#3489 = LINE('',#3490,#3491);
#3490 = CARTESIAN_POINT('',(-0.,0.));
#3491 = VECTOR('',#3492,1.);
#3492 = DIRECTION('',(-1.,0.));
#3493 = ( GEOMETRIC_REPRESENTATION_CONTEXT(2) 
PARAMETRIC_REPRESENTATION_CONTEXT() REPRESENTATION_CONTEXT('2D SPACE',''
  ) );
#3494 = PCURVE('',#3495,#3500);
#3495 = PLANE('',#3496);
#3496 = AXIS2_PLACEMENT_3D('',#3497,#3498,#3499);
#3497 = CARTESIAN_POINT('',(37.7472349,7.5760318,109.2));
#3498 = DIRECTION('',(0.,0.,1.));
#3499 = DIRECTION('',(1.,0.,0.));
#3500 = DEFINITIONAL_REPRESENTATION('',(#3501),#3505);
#3501 = CIRCLE('',#3502,3.9);
#3502 = AXIS2_PLACEMENT_2D('',#3503,#3504);
#3503 = CARTESIAN_POINT('',(-5.772559,13.8685503));
#3504 = DIRECTION('',(1.,0.));
#3505 = ( GEOMETRIC_REPRESENTATION_CONTEXT(2) 
PARAMETRIC_REPRESENTATION_CONTEXT() REPRESENTATION_CONTEXT('2D SPACE',''
  ) );
#3506 = ORIENTED_EDGE('',*,*,#3507,.T.);
#3507 = EDGE_CURVE('',#3479,#835,#3508,.T.);
#3508 = SEAM_CURVE('',#3509,(#3513,#3520),.PCURVE_S1.);
#3509 = LINE('',#3510,#3511);
#3510 = CARTESIAN_POINT('',(35.8746759,21.4445821,109.2));
#3511 = VECTOR('',#3512,1.);
#3512 = DIRECTION('',(0.,0.,1.));
#3513 = PCURVE('',#855,#3514);
#3514 = DEFINITIONAL_REPRESENTATION('',(#3515),#3519);
#3515 = LINE('',#3516,#3517);
#3516 = CARTESIAN_POINT('',(-6.28318530718,0.));
#3517 = VECTOR('',#3518,1.);
#3518 = DIRECTION('',(-0.,-1.));
#3519 = ( GEOMETRIC_REPRESENTATION_CONTEXT(2) 
PARAMETRIC_REPRESENTATION_CONTEXT() REPRESENTATION_CONTEXT('2D SPACE',''
  ) );
#3520 = PCURVE('',#855,#3521);
#3521 = DEFINITIONAL_REPRESENTATION('',(#3522),#3526);
#3522 = LINE('',#3523,#3524);
#3523 = CARTESIAN_POINT('',(-0.,0.));
#3524 = VECTOR('',#3525,1.);
#3525 = DIRECTION('',(-0.,-1.));
#3526 = ( GEOMETRIC_REPRESENTATION_CONTEXT(2) 
PARAMETRIC_REPRESENTATION_CONTEXT() REPRESENTATION_CONTEXT('2D SPACE',''
  ) );
#3527 = ORIENTED_EDGE('',*,*,#834,.F.);
#3528 = ORIENTED_EDGE('',*,*,#3507,.F.);
#3529 = ADVANCED_FACE('',(#3530),#890,.F.);
#3530 = FACE_BOUND('',#3531,.T.);
#3531 = EDGE_LOOP('',(#3532,#3561,#3582,#3583));
#3532 = ORIENTED_EDGE('',*,*,#3533,.F.);
#3533 = EDGE_CURVE('',#3534,#3534,#3536,.T.);
#3534 = VERTEX_POINT('',#3535);
#3535 = CARTESIAN_POINT('',(11.3459007,37.7731195,109.2));
#3536 = SURFACE_CURVE('',#3537,(#3542,#3549),.PCURVE_S1.);
#3537 = CIRCLE('',#3538,3.9);
#3538 = AXIS2_PLACEMENT_3D('',#3539,#3540,#3541);
#3539 = CARTESIAN_POINT('',(7.4459007,37.7731195,109.2));
#3540 = DIRECTION('',(0.,0.,1.));
#3541 = DIRECTION('',(1.,0.,0.));
#3542 = PCURVE('',#890,#3543);
#3543 = DEFINITIONAL_REPRESENTATION('',(#3544),#3548);
#3544 = LINE('',#3545,#3546);
#3545 = CARTESIAN_POINT('',(-0.,0.));
#3546 = VECTOR('',#3547,1.);
#3547 = DIRECTION('',(-1.,0.));
#3548 = ( GEOMETRIC_REPRESENTATION_CONTEXT(2) 
PARAMETRIC_REPRESENTATION_CONTEXT() REPRESENTATION_CONTEXT('2D SPACE',''
  ) );
#3549 = PCURVE('',#3550,#3555);
#3550 = PLANE('',#3551);
#3551 = AXIS2_PLACEMENT_3D('',#3552,#3553,#3554);
#3552 = CARTESIAN_POINT('',(37.7472349,7.5760318,109.2));
#3553 = DIRECTION('',(0.,0.,1.));
#3554 = DIRECTION('',(1.,0.,0.));
#3555 = DEFINITIONAL_REPRESENTATION('',(#3556),#3560);
#3556 = CIRCLE('',#3557,3.9);
#3557 = AXIS2_PLACEMENT_2D('',#3558,#3559);
#3558 = CARTESIAN_POINT('',(-30.3013342,30.1970877));
#3559 = DIRECTION('',(1.,0.));
#3560 = ( GEOMETRIC_REPRESENTATION_CONTEXT(2) 
PARAMETRIC_REPRESENTATION_CONTEXT() REPRESENTATION_CONTEXT('2D SPACE',''
  ) );
#3561 = ORIENTED_EDGE('',*,*,#3562,.T.);
#3562 = EDGE_CURVE('',#3534,#870,#3563,.T.);
#3563 = SEAM_CURVE('',#3564,(#3568,#3575),.PCURVE_S1.);
#3564 = LINE('',#3565,#3566);
#3565 = CARTESIAN_POINT('',(11.3459007,37.7731195,109.2));
#3566 = VECTOR('',#3567,1.);
#3567 = DIRECTION('',(0.,0.,1.));
#3568 = PCURVE('',#890,#3569);
#3569 = DEFINITIONAL_REPRESENTATION('',(#3570),#3574);
#3570 = LINE('',#3571,#3572);
#3571 = CARTESIAN_POINT('',(-6.28318530718,0.));
#3572 = VECTOR('',#3573,1.);
#3573 = DIRECTION('',(-0.,-1.));
#3574 = ( GEOMETRIC_REPRESENTATION_CONTEXT(2) 
PARAMETRIC_REPRESENTATION_CONTEXT() REPRESENTATION_CONTEXT('2D SPACE',''
  ) );
#3575 = PCURVE('',#890,#3576);
#3576 = DEFINITIONAL_REPRESENTATION('',(#3577),#3581);
#3577 = LINE('',#3578,#3579);
#3578 = CARTESIAN_POINT('',(-0.,0.));
#3579 = VECTOR('',#3580,1.);
#3580 = DIRECTION('',(-0.,-1.));
#3581 = ( GEOMETRIC_REPRESENTATION_CONTEXT(2) 
PARAMETRIC_REPRESENTATION_CONTEXT() REPRESENTATION_CONTEXT('2D SPACE',''
  ) );
#3582 = ORIENTED_EDGE('',*,*,#869,.F.);
#3583 = ORIENTED_EDGE('',*,*,#3562,.F.);
#3584 = ADVANCED_FACE('',(#3585),#925,.F.);
#3585 = FACE_BOUND('',#3586,.T.);
#3586 = EDGE_LOOP('',(#3587,#3616,#3637,#3638));
#3587 = ORIENTED_EDGE('',*,*,#3588,.F.);
#3588 = EDGE_CURVE('',#3589,#3589,#3591,.T.);
#3589 = VERTEX_POINT('',#3590);
#3590 = CARTESIAN_POINT('',(25.2342623,32.0483892,109.2));
#3591 = SURFACE_CURVE('',#3592,(#3597,#3604),.PCURVE_S1.);
#3592 = CIRCLE('',#3593,3.9);
#3593 = AXIS2_PLACEMENT_3D('',#3594,#3595,#3596);
#3594 = CARTESIAN_POINT('',(21.3342623,32.0483892,109.2));
#3595 = DIRECTION('',(0.,0.,1.));
#3596 = DIRECTION('',(1.,0.,0.));
#3597 = PCURVE('',#925,#3598);
#3598 = DEFINITIONAL_REPRESENTATION('',(#3599),#3603);
#3599 = LINE('',#3600,#3601);
#3600 = CARTESIAN_POINT('',(-0.,0.));
#3601 = VECTOR('',#3602,1.);
#3602 = DIRECTION('',(-1.,0.));
#3603 = ( GEOMETRIC_REPRESENTATION_CONTEXT(2) 
PARAMETRIC_REPRESENTATION_CONTEXT() REPRESENTATION_CONTEXT('2D SPACE',''
  ) );
#3604 = PCURVE('',#3605,#3610);
#3605 = PLANE('',#3606);
#3606 = AXIS2_PLACEMENT_3D('',#3607,#3608,#3609);
#3607 = CARTESIAN_POINT('',(37.7472349,7.5760318,109.2));
#3608 = DIRECTION('',(0.,0.,1.));
#3609 = DIRECTION('',(1.,0.,0.));
#3610 = DEFINITIONAL_REPRESENTATION('',(#3611),#3615);
#3611 = CIRCLE('',#3612,3.9);
#3612 = AXIS2_PLACEMENT_2D('',#3613,#3614);
#3613 = CARTESIAN_POINT('',(-16.4129726,24.4723574));
#3614 = DIRECTION('',(1.,0.));
#3615 = ( GEOMETRIC_REPRESENTATION_CONTEXT(2) 
PARAMETRIC_REPRESENTATION_CONTEXT() REPRESENTATION_CONTEXT('2D SPACE',''
  ) );
#3616 = ORIENTED_EDGE('',*,*,#3617,.T.);
#3617 = EDGE_CURVE('',#3589,#905,#3618,.T.);
#3618 = SEAM_CURVE('',#3619,(#3623,#3630),.PCURVE_S1.);
#3619 = LINE('',#3620,#3621);
#3620 = CARTESIAN_POINT('',(25.2342623,32.0483892,109.2));
#3621 = VECTOR('',#3622,1.);
#3622 = DIRECTION('',(0.,0.,1.));
#3623 = PCURVE('',#925,#3624);
#3624 = DEFINITIONAL_REPRESENTATION('',(#3625),#3629);
#3625 = LINE('',#3626,#3627);
#3626 = CARTESIAN_POINT('',(-6.28318530718,0.));
#3627 = VECTOR('',#3628,1.);
#3628 = DIRECTION('',(-0.,-1.));
#3629 = ( GEOMETRIC_REPRESENTATION_CONTEXT(2) 
PARAMETRIC_REPRESENTATION_CONTEXT() REPRESENTATION_CONTEXT('2D SPACE',''
  ) );
#3630 = PCURVE('',#925,#3631);
#3631 = DEFINITIONAL_REPRESENTATION('',(#3632),#3636);
#3632 = LINE('',#3633,#3634);
#3633 = CARTESIAN_POINT('',(-0.,0.));
#3634 = VECTOR('',#3635,1.);
#3635 = DIRECTION('',(-0.,-1.));
#3636 = ( GEOMETRIC_REPRESENTATION_CONTEXT(2) 
PARAMETRIC_REPRESENTATION_CONTEXT() REPRESENTATION_CONTEXT('2D SPACE',''
  ) );
#3637 = ORIENTED_EDGE('',*,*,#904,.F.);
#3638 = ORIENTED_EDGE('',*,*,#3617,.F.);
#3639 = ADVANCED_FACE('',(#3640),#962,.F.);
#3640 = FACE_BOUND('',#3641,.T.);
#3641 = EDGE_LOOP('',(#3642,#3643,#3666,#3693,#3694,#3695,#3820,#3846,
    #3888,#3914));
#3642 = ORIENTED_EDGE('',*,*,#939,.F.);
#3643 = ORIENTED_EDGE('',*,*,#3644,.F.);
#3644 = EDGE_CURVE('',#3645,#940,#3647,.T.);
#3645 = VERTEX_POINT('',#3646);
#3646 = CARTESIAN_POINT('',(41.6731196,-7.4459007,109.2));
#3647 = SEAM_CURVE('',#3648,(#3652,#3659),.PCURVE_S1.);
#3648 = LINE('',#3649,#3650);
#3649 = CARTESIAN_POINT('',(41.6731196,-7.4459007,109.2));
#3650 = VECTOR('',#3651,1.);
#3651 = DIRECTION('',(0.,0.,1.));
#3652 = PCURVE('',#962,#3653);
#3653 = DEFINITIONAL_REPRESENTATION('',(#3654),#3658);
#3654 = LINE('',#3655,#3656);
#3655 = CARTESIAN_POINT('',(-6.28318530718,0.));
#3656 = VECTOR('',#3657,1.);
#3657 = DIRECTION('',(-0.,-1.));
#3658 = ( GEOMETRIC_REPRESENTATION_CONTEXT(2) 
PARAMETRIC_REPRESENTATION_CONTEXT() REPRESENTATION_CONTEXT('2D SPACE',''
  ) );
#3659 = PCURVE('',#962,#3660);
#3660 = DEFINITIONAL_REPRESENTATION('',(#3661),#3665);
#3661 = LINE('',#3662,#3663);
#3662 = CARTESIAN_POINT('',(-0.,0.));
#3663 = VECTOR('',#3664,1.);
#3664 = DIRECTION('',(-0.,-1.));
#3665 = ( GEOMETRIC_REPRESENTATION_CONTEXT(2) 
PARAMETRIC_REPRESENTATION_CONTEXT() REPRESENTATION_CONTEXT('2D SPACE',''
  ) );
#3666 = ORIENTED_EDGE('',*,*,#3667,.F.);
#3667 = EDGE_CURVE('',#3645,#3645,#3668,.T.);
#3668 = SURFACE_CURVE('',#3669,(#3674,#3681),.PCURVE_S1.);
#3669 = CIRCLE('',#3670,3.9);
#3670 = AXIS2_PLACEMENT_3D('',#3671,#3672,#3673);
#3671 = CARTESIAN_POINT('',(37.7731196,-7.4459007,109.2));
#3672 = DIRECTION('',(0.,0.,1.));
#3673 = DIRECTION('',(1.,0.,0.));
#3674 = PCURVE('',#962,#3675);
#3675 = DEFINITIONAL_REPRESENTATION('',(#3676),#3680);
#3676 = LINE('',#3677,#3678);
#3677 = CARTESIAN_POINT('',(-0.,0.));
#3678 = VECTOR('',#3679,1.);
#3679 = DIRECTION('',(-1.,0.));
#3680 = ( GEOMETRIC_REPRESENTATION_CONTEXT(2) 
PARAMETRIC_REPRESENTATION_CONTEXT() REPRESENTATION_CONTEXT('2D SPACE',''
  ) );
#3681 = PCURVE('',#3682,#3687);
#3682 = PLANE('',#3683);
#3683 = AXIS2_PLACEMENT_3D('',#3684,#3685,#3686);
#3684 = CARTESIAN_POINT('',(37.7472349,7.5760318,109.2));
#3685 = DIRECTION('',(0.,0.,1.));
#3686 = DIRECTION('',(1.,0.,0.));
#3687 = DEFINITIONAL_REPRESENTATION('',(#3688),#3692);
#3688 = CIRCLE('',#3689,3.9);
#3689 = AXIS2_PLACEMENT_2D('',#3690,#3691);
#3690 = CARTESIAN_POINT('',(2.58847E-02,-15.0219325));
#3691 = DIRECTION('',(1.,0.));
#3692 = ( GEOMETRIC_REPRESENTATION_CONTEXT(2) 
PARAMETRIC_REPRESENTATION_CONTEXT() REPRESENTATION_CONTEXT('2D SPACE',''
  ) );
#3693 = ORIENTED_EDGE('',*,*,#3644,.T.);
#3694 = ORIENTED_EDGE('',*,*,#1270,.F.);
#3695 = ORIENTED_EDGE('',*,*,#3696,.T.);
#3696 = EDGE_CURVE('',#1243,#3697,#3699,.T.);
#3697 = VERTEX_POINT('',#3698);
#3698 = CARTESIAN_POINT('',(34.28087903274,-9.182061931102,112.));
#3699 = SURFACE_CURVE('',#3700,(#3738,#3779),.PCURVE_S1.);
#3700 = B_SPLINE_CURVE_WITH_KNOTS('',6,(#3701,#3702,#3703,#3704,#3705,
    #3706,#3707,#3708,#3709,#3710,#3711,#3712,#3713,#3714,#3715,#3716,
    #3717,#3718,#3719,#3720,#3721,#3722,#3723,#3724,#3725,#3726,#3727,
    #3728,#3729,#3730,#3731,#3732,#3733,#3734,#3735,#3736,#3737),
  .UNSPECIFIED.,.F.,.F.,(7,5,5,5,5,5,5,7),(0.,0.260719885764,
    0.389851250824,0.472176512042,0.527851792567,0.670706971827,
    0.825158497735,1.),.UNSPECIFIED.);
#3701 = CARTESIAN_POINT('',(33.919621728255,-8.046362316141,111.2));
#3702 = CARTESIAN_POINT('',(33.931480564071,-8.12246709511,111.2));
#3703 = CARTESIAN_POINT('',(33.945109843913,-8.19807759221,
    111.20269321032));
#3704 = CARTESIAN_POINT('',(33.96045506263,-8.272969889628,
    111.20841486891));
#3705 = CARTESIAN_POINT('',(33.977415527726,-8.346811433323,
    111.2175255373));
#3706 = CARTESIAN_POINT('',(33.995807268625,-8.41916329682,
    111.23038840527));
#3707 = CARTESIAN_POINT('',(34.025014938962,-8.524334096936,
    111.25566920466));
#3708 = CARTESIAN_POINT('',(34.034968835546,-8.558673041622,
    111.26503455421));
#3709 = CARTESIAN_POINT('',(34.045166258135,-8.592448626643,
    111.2754259909));
#3710 = CARTESIAN_POINT('',(34.055564453476,-8.62558846242,
    111.28687318624));
#3711 = CARTESIAN_POINT('',(34.066113904947,-8.65801573775,
    111.29939788836));
#3712 = CARTESIAN_POINT('',(34.083544725329,-8.709819234029,
    111.32168959296));
#3713 = CARTESIAN_POINT('',(34.090369701455,-8.729665774083,
    111.33081061313));
#3714 = CARTESIAN_POINT('',(34.09721878097,-8.749169685697,
    111.3403768702));
#3715 = CARTESIAN_POINT('',(34.104076524383,-8.76831023621,
    111.35038929872));
#3716 = CARTESIAN_POINT('',(34.110926678703,-8.787066754605,
    111.36084684263));
#3717 = CARTESIAN_POINT('',(34.122368154984,-8.817829717485,
    111.37911769206));
#3718 = CARTESIAN_POINT('',(34.126972886966,-8.830055785815,
    111.38669109982));
#3719 = CARTESIAN_POINT('',(34.131561109286,-8.842090493428,
    111.39446570526));
#3720 = CARTESIAN_POINT('',(34.136127480789,-8.853927643695,
    111.40244008058));
#3721 = CARTESIAN_POINT('',(34.14066658326,-8.865561186438,
    111.41061234352));
#3722 = CARTESIAN_POINT('',(34.15673557079,-8.906297725202,
    111.44045082672));
#3723 = CARTESIAN_POINT('',(34.168082982975,-8.934231995142,
    111.46320969156));
#3724 = CARTESIAN_POINT('',(34.179121860534,-8.960686377182,
    111.48721585141));
#3725 = CARTESIAN_POINT('',(34.189759012936,-8.985571984095,
    111.51241058994));
#3726 = CARTESIAN_POINT('',(34.199905114769,-9.008812569391,
    111.53871819369));
#3727 = CARTESIAN_POINT('',(34.219828934934,-9.053624098458,
    111.59559375969));
#3728 = CARTESIAN_POINT('',(34.229510515091,-9.074907661414,
    111.62633592998));
#3729 = CARTESIAN_POINT('',(34.238420004714,-9.094115164685,
    111.65815837969));
#3730 = CARTESIAN_POINT('',(34.246467384077,-9.11118852979,
    111.69093202038));
#3731 = CARTESIAN_POINT('',(34.25357788229,-9.126086591952,
    111.72451758437));
#3732 = CARTESIAN_POINT('',(34.266617637674,-9.153149481409,
    111.79754347668));
#3733 = CARTESIAN_POINT('',(34.272267156489,-9.164694062677,
    111.83717221682));
#3734 = CARTESIAN_POINT('',(34.276559399944,-9.173373380605,
    111.87744755731));
#3735 = CARTESIAN_POINT('',(34.279439173009,-9.179165536835,
    111.9181548952));
#3736 = CARTESIAN_POINT('',(34.28087903274,-9.182061931102,
    111.95907738433));
#3737 = CARTESIAN_POINT('',(34.28087903274,-9.182061931102,112.));
#3738 = PCURVE('',#962,#3739);
#3739 = DEFINITIONAL_REPRESENTATION('',(#3740),#3778);
#3740 = B_SPLINE_CURVE_WITH_KNOTS('',6,(#3741,#3742,#3743,#3744,#3745,
    #3746,#3747,#3748,#3749,#3750,#3751,#3752,#3753,#3754,#3755,#3756,
    #3757,#3758,#3759,#3760,#3761,#3762,#3763,#3764,#3765,#3766,#3767,
    #3768,#3769,#3770,#3771,#3772,#3773,#3774,#3775,#3776,#3777),
  .UNSPECIFIED.,.F.,.F.,(7,5,5,5,5,5,5,7),(0.,0.260719885764,
    0.389851250824,0.472176512042,0.527851792567,0.670706971827,
    0.825158497735,1.),.UNSPECIFIED.);
#3741 = CARTESIAN_POINT('',(-3.296172042418,-2.));
#3742 = CARTESIAN_POINT('',(-3.315921574272,-2.));
#3743 = CARTESIAN_POINT('',(-3.335615774352,-2.002693210322));
#3744 = CARTESIAN_POINT('',(-3.355209611679,-2.008414868918));
#3745 = CARTESIAN_POINT('',(-3.374628381415,-2.017525537304));
#3746 = CARTESIAN_POINT('',(-3.393765523311,-2.030388405278));
#3747 = CARTESIAN_POINT('',(-3.421753011363,-2.055669204666));
#3748 = CARTESIAN_POINT('',(-3.430919745764,-2.065034554213));
#3749 = CARTESIAN_POINT('',(-3.43996544007,-2.075425990906));
#3750 = CARTESIAN_POINT('',(-3.448870549597,-2.086873186249));
#3751 = CARTESIAN_POINT('',(-3.45761373189,-2.099397888366));
#3752 = CARTESIAN_POINT('',(-3.471628460045,-2.121689592968));
#3753 = CARTESIAN_POINT('',(-3.477009691278,-2.130810613137));
#3754 = CARTESIAN_POINT('',(-3.482309922069,-2.140376870204));
#3755 = CARTESIAN_POINT('',(-3.487523100904,-2.150389298722));
#3756 = CARTESIAN_POINT('',(-3.492643078338,-2.160846842638));
#3757 = CARTESIAN_POINT('',(-3.501058911638,-2.179117692062));
#3758 = CARTESIAN_POINT('',(-3.504408746393,-2.186691099822));
#3759 = CARTESIAN_POINT('',(-3.507711186989,-2.194465705262));
#3760 = CARTESIAN_POINT('',(-3.510964327634,-2.202440080587));
#3761 = CARTESIAN_POINT('',(-3.514166281018,-2.210612343528));
#3762 = CARTESIAN_POINT('',(-3.525394819465,-2.24045082672));
#3763 = CARTESIAN_POINT('',(-3.533125464579,-2.263209691567));
#3764 = CARTESIAN_POINT('',(-3.540475050154,-2.28721585141));
#3765 = CARTESIAN_POINT('',(-3.547414122538,-2.312410589947));
#3766 = CARTESIAN_POINT('',(-3.553916230754,-2.338718193697));
#3767 = CARTESIAN_POINT('',(-3.566490877682,-2.395593759698));
#3768 = CARTESIAN_POINT('',(-3.572486070989,-2.426335929988));
#3769 = CARTESIAN_POINT('',(-3.577914926936,-2.458158379691));
#3770 = CARTESIAN_POINT('',(-3.582754540247,-2.490932020381));
#3771 = CARTESIAN_POINT('',(-3.58698731184,-2.524517584373));
#3772 = CARTESIAN_POINT('',(-3.594690019367,-2.597543476688));
#3773 = CARTESIAN_POINT('',(-3.597985551515,-2.637172216825));
#3774 = CARTESIAN_POINT('',(-3.600468266326,-2.677447557318));
#3775 = CARTESIAN_POINT('',(-3.602126881619,-2.718154895205));
#3776 = CARTESIAN_POINT('',(-3.602956248456,-2.759077384334));
#3777 = CARTESIAN_POINT('',(-3.602956248456,-2.8));
#3778 = ( GEOMETRIC_REPRESENTATION_CONTEXT(2) 
PARAMETRIC_REPRESENTATION_CONTEXT() REPRESENTATION_CONTEXT('2D SPACE',''
  ) );
#3779 = PCURVE('',#1258,#3780);
#3780 = DEFINITIONAL_REPRESENTATION('',(#3781),#3819);
#3781 = B_SPLINE_CURVE_WITH_KNOTS('',6,(#3782,#3783,#3784,#3785,#3786,
    #3787,#3788,#3789,#3790,#3791,#3792,#3793,#3794,#3795,#3796,#3797,
    #3798,#3799,#3800,#3801,#3802,#3803,#3804,#3805,#3806,#3807,#3808,
    #3809,#3810,#3811,#3812,#3813,#3814,#3815,#3816,#3817,#3818),
  .UNSPECIFIED.,.F.,.F.,(7,5,5,5,5,5,5,7),(0.,0.260719885764,
    0.389851250824,0.472176512042,0.527851792567,0.670706971827,
    0.825158497735,1.),.UNSPECIFIED.);
#3782 = CARTESIAN_POINT('',(-8.881784197001E-16,10.388764307755));
#3783 = CARTESIAN_POINT('',(-5.296659025529E-02,10.324444208474));
#3784 = CARTESIAN_POINT('',(-0.10769016964,10.261308559695));
#3785 = CARTESIAN_POINT('',(-0.164260590875,10.199538466188));
#3786 = CARTESIAN_POINT('',(-0.222745276484,10.139394704048));
#3787 = CARTESIAN_POINT('',(-0.283185588649,10.0812002682));
#3788 = CARTESIAN_POINT('',(-0.37647599798,9.997635205413));
#3789 = CARTESIAN_POINT('',(-0.407853011505,9.970523898082));
#3790 = CARTESIAN_POINT('',(-0.439703105923,9.944026210659));
#3791 = CARTESIAN_POINT('',(-0.472019322767,9.918190261741));
#3792 = CARTESIAN_POINT('',(-0.504789973593,9.893065385967));
#3793 = CARTESIAN_POINT('',(-0.559168727004,9.853167459033));
#3794 = CARTESIAN_POINT('',(-0.580517445925,9.837943099294));
#3795 = CARTESIAN_POINT('',(-0.602039394885,9.823040472468));
#3796 = CARTESIAN_POINT('',(-0.623729327075,9.808472034056));
#3797 = CARTESIAN_POINT('',(-0.645581252682,9.794249845867));
#3798 = CARTESIAN_POINT('',(-0.682471553104,9.771009388179));
#3799 = CARTESIAN_POINT('',(-0.697425696665,9.761796865951));
#3800 = CARTESIAN_POINT('',(-0.712448784158,9.752751595754));
#3801 = CARTESIAN_POINT('',(-0.727538621611,9.74387699879));
#3802 = CARTESIAN_POINT('',(-0.742692906485,9.735176331041));
#3803 = CARTESIAN_POINT('',(-0.796952233321,9.704782165173));
#3804 = CARTESIAN_POINT('',(-0.836405107815,9.684076269117));
#3805 = CARTESIAN_POINT('',(-0.87622436024,9.664588759794));
#3806 = CARTESIAN_POINT('',(-0.916367674572,9.646361833943));
#3807 = CARTESIAN_POINT('',(-0.956792671046,9.629427791564));
#3808 = CARTESIAN_POINT('',(-1.041419504774,9.596925897408));
#3809 = CARTESIAN_POINT('',(-1.085664045795,9.58157961233));
#3810 = CARTESIAN_POINT('',(-1.130135588944,9.567801744328));
#3811 = CARTESIAN_POINT('',(-1.174789093998,9.555607775657));
#3812 = CARTESIAN_POINT('',(-1.219585833326,9.54500412851));
#3813 = CARTESIAN_POINT('',(-1.315324430989,9.525793362209));
#3814 = CARTESIAN_POINT('',(-1.366297866738,9.517634461839));
#3815 = CARTESIAN_POINT('',(-1.417364937146,9.51151915633));
#3816 = CARTESIAN_POINT('',(-1.468489886747,9.507444462999));
#3817 = CARTESIAN_POINT('',(-1.519643057213,9.505406817571));
#3818 = CARTESIAN_POINT('',(-1.570796326795,9.505406817571));
#3819 = ( GEOMETRIC_REPRESENTATION_CONTEXT(2) 
PARAMETRIC_REPRESENTATION_CONTEXT() REPRESENTATION_CONTEXT('2D SPACE',''
  ) );
#3820 = ORIENTED_EDGE('',*,*,#3821,.F.);
#3821 = EDGE_CURVE('',#3822,#3697,#3824,.T.);
#3822 = VERTEX_POINT('',#3823);
#3823 = CARTESIAN_POINT('',(34.280879032739,-9.182061931102,119.2));
#3824 = SURFACE_CURVE('',#3825,(#3829,#3835),.PCURVE_S1.);
#3825 = LINE('',#3826,#3827);
#3826 = CARTESIAN_POINT('',(34.280879032739,-9.182061931102,109.2));
#3827 = VECTOR('',#3828,1.);
#3828 = DIRECTION('',(-0.,-0.,-1.));
#3829 = PCURVE('',#962,#3830);
#3830 = DEFINITIONAL_REPRESENTATION('',(#3831),#3834);
#3831 = B_SPLINE_CURVE_WITH_KNOTS('',1,(#3832,#3833),.UNSPECIFIED.,.F.,
  .F.,(2,2),(-10.8,-1.2),.PIECEWISE_BEZIER_KNOTS.);
#3832 = CARTESIAN_POINT('',(-3.602956248456,-10.8));
#3833 = CARTESIAN_POINT('',(-3.602956248456,-1.2));
#3834 = ( GEOMETRIC_REPRESENTATION_CONTEXT(2) 
PARAMETRIC_REPRESENTATION_CONTEXT() REPRESENTATION_CONTEXT('2D SPACE',''
  ) );
#3835 = PCURVE('',#3836,#3841);
#3836 = PLANE('',#3837);
#3837 = AXIS2_PLACEMENT_3D('',#3838,#3839,#3840);
#3838 = CARTESIAN_POINT('',(31.843666690258,-14.52518129731,119.2));
#3839 = DIRECTION('',(0.909819048293,-0.415005179923,0.));
#3840 = DIRECTION('',(0.,0.,-1.));
#3841 = DEFINITIONAL_REPRESENTATION('',(#3842),#3845);
#3842 = B_SPLINE_CURVE_WITH_KNOTS('',1,(#3843,#3844),.UNSPECIFIED.,.F.,
  .F.,(2,2),(-10.8,-1.2),.PIECEWISE_BEZIER_KNOTS.);
#3843 = CARTESIAN_POINT('',(-0.8,5.872727523383));
#3844 = CARTESIAN_POINT('',(8.8,5.872727523383));
#3845 = ( GEOMETRIC_REPRESENTATION_CONTEXT(2) 
PARAMETRIC_REPRESENTATION_CONTEXT() REPRESENTATION_CONTEXT('2D SPACE',''
  ) );
#3846 = ORIENTED_EDGE('',*,*,#3847,.F.);
#3847 = EDGE_CURVE('',#3848,#3822,#3850,.T.);
#3848 = VERTEX_POINT('',#3849);
#3849 = CARTESIAN_POINT('',(40.851114528876,-9.840884461493,
    121.00865989624));
#3850 = SURFACE_CURVE('',#3851,(#3856,#3876),.PCURVE_S1.);
#3851 = ELLIPSE('',#3852,4.059960822113,3.9);
#3852 = AXIS2_PLACEMENT_3D('',#3853,#3854,#3855);
#3853 = CARTESIAN_POINT('',(37.7731196,-7.4459007,119.91083024683));
#3854 = DIRECTION('',(0.252868924401,-0.115343719902,-0.960600402535));
#3855 = DIRECTION('',(-0.873972544025,0.398654142888,-0.277933205373));
#3856 = PCURVE('',#962,#3857);
#3857 = DEFINITIONAL_REPRESENTATION('',(#3858),#3875);
#3858 = B_SPLINE_CURVE_WITH_KNOTS('',8,(#3859,#3860,#3861,#3862,#3863,
    #3864,#3865,#3866,#3867,#3868,#3869,#3870,#3871,#3872,#3873,#3874),
  .UNSPECIFIED.,.F.,.F.,(9,7,9),(2.961549219288,4.712388980385,
    6.463228741482),.UNSPECIFIED.);
#3859 = CARTESIAN_POINT('',(-6.03528024516,-11.82098865278));
#3860 = CARTESIAN_POINT('',(-5.816425275023,-11.86521154256));
#3861 = CARTESIAN_POINT('',(-5.597570304883,-11.84866425225));
#3862 = CARTESIAN_POINT('',(-5.378715334752,-11.76812008708));
#3863 = CARTESIAN_POINT('',(-5.159860364586,-11.62655684943));
#3864 = CARTESIAN_POINT('',(-4.941005394479,-11.43367147556));
#3865 = CARTESIAN_POINT('',(-4.722150424335,-11.20474136319));
#3866 = CARTESIAN_POINT('',(-4.5032954542,-10.95778574101));
#3867 = CARTESIAN_POINT('',(-4.065585513926,-10.46387475266));
#3868 = CARTESIAN_POINT('',(-3.84673054379,-10.21691913046));
#3869 = CARTESIAN_POINT('',(-3.627875573645,-9.987989018145));
#3870 = CARTESIAN_POINT('',(-3.409020603514,-9.795103644136));
#3871 = CARTESIAN_POINT('',(-3.19016563337,-9.653540406594));
#3872 = CARTESIAN_POINT('',(-2.971310663242,-9.572996241401));
#3873 = CARTESIAN_POINT('',(-2.752455693103,-9.556448951115));
#3874 = CARTESIAN_POINT('',(-2.533600722966,-9.600671840892));
#3875 = ( GEOMETRIC_REPRESENTATION_CONTEXT(2) 
PARAMETRIC_REPRESENTATION_CONTEXT() REPRESENTATION_CONTEXT('2D SPACE',''
  ) );
#3876 = PCURVE('',#3877,#3882);
#3877 = PLANE('',#3878);
#3878 = AXIS2_PLACEMENT_3D('',#3879,#3880,#3881);
#3879 = CARTESIAN_POINT('',(57.,-26.,127.2));
#3880 = DIRECTION('',(0.252868924401,-0.115343719902,-0.960600402535));
#3881 = DIRECTION('',(-0.873972544025,0.398654142888,-0.277933205373));
#3882 = DEFINITIONAL_REPRESENTATION('',(#3883),#3887);
#3883 = ELLIPSE('',#3884,4.059960822113,3.9);
#3884 = AXIS2_PLACEMENT_2D('',#3885,#3886);
#3885 = CARTESIAN_POINT('',(26.226336444359,8.901618007298));
#3886 = DIRECTION('',(1.,2.424185204561E-17));
#3887 = ( GEOMETRIC_REPRESENTATION_CONTEXT(2) 
PARAMETRIC_REPRESENTATION_CONTEXT() REPRESENTATION_CONTEXT('2D SPACE',''
  ) );
#3888 = ORIENTED_EDGE('',*,*,#3889,.T.);
#3889 = EDGE_CURVE('',#3848,#3890,#3892,.T.);
#3890 = VERTEX_POINT('',#3891);
#3891 = CARTESIAN_POINT('',(40.851114528876,-9.840884461493,112.));
#3892 = SURFACE_CURVE('',#3893,(#3897,#3903),.PCURVE_S1.);
#3893 = LINE('',#3894,#3895);
#3894 = CARTESIAN_POINT('',(40.851114528876,-9.840884461493,109.2));
#3895 = VECTOR('',#3896,1.);
#3896 = DIRECTION('',(-0.,-0.,-1.));
#3897 = PCURVE('',#962,#3898);
#3898 = DEFINITIONAL_REPRESENTATION('',(#3899),#3902);
#3899 = B_SPLINE_CURVE_WITH_KNOTS('',1,(#3900,#3901),.UNSPECIFIED.,.F.,
  .F.,(2,2),(-19.6,-0.4),.PIECEWISE_BEZIER_KNOTS.);
#3900 = CARTESIAN_POINT('',(-5.621942228665,-19.6));
#3901 = CARTESIAN_POINT('',(-5.621942228665,-0.4));
#3902 = ( GEOMETRIC_REPRESENTATION_CONTEXT(2) 
PARAMETRIC_REPRESENTATION_CONTEXT() REPRESENTATION_CONTEXT('2D SPACE',''
  ) );
#3903 = PCURVE('',#3904,#3909);
#3904 = PLANE('',#3905);
#3905 = AXIS2_PLACEMENT_3D('',#3906,#3907,#3908);
#3906 = CARTESIAN_POINT('',(48.992909050462,-13.55468547133,
    117.48351846201));
#3907 = DIRECTION('',(-0.415005179923,-0.909819048293,-0.));
#3908 = DIRECTION('',(0.,0.,-1.));
#3909 = DEFINITIONAL_REPRESENTATION('',(#3910),#3913);
#3910 = B_SPLINE_CURVE_WITH_KNOTS('',1,(#3911,#3912),.UNSPECIFIED.,.F.,
  .F.,(2,2),(-19.6,-0.4),.PIECEWISE_BEZIER_KNOTS.);
#3911 = CARTESIAN_POINT('',(-11.31648153798,-8.948806399317));
#3912 = CARTESIAN_POINT('',(7.883518462011,-8.948806399317));
#3913 = ( GEOMETRIC_REPRESENTATION_CONTEXT(2) 
PARAMETRIC_REPRESENTATION_CONTEXT() REPRESENTATION_CONTEXT('2D SPACE',''
  ) );
#3914 = ORIENTED_EDGE('',*,*,#3915,.F.);
#3915 = EDGE_CURVE('',#942,#3890,#3916,.T.);
#3916 = SURFACE_CURVE('',#3917,(#3932,#3950),.PCURVE_S1.);
#3917 = B_SPLINE_CURVE_WITH_KNOTS('',7,(#3918,#3919,#3920,#3921,#3922,
    #3923,#3924,#3925,#3926,#3927,#3928,#3929,#3930,#3931),
  .UNSPECIFIED.,.F.,.F.,(8,6,8),(0.,0.475756171797,1.),.UNSPECIFIED.);
#3918 = CARTESIAN_POINT('',(41.278037198397,-9.156325392423,111.2));
#3919 = CARTESIAN_POINT('',(41.237280318483,-9.239842372911,111.2));
#3920 = CARTESIAN_POINT('',(41.194188678802,-9.322253542871,
    111.21258607686));
#3921 = CARTESIAN_POINT('',(41.150117206099,-9.400771010825,
    111.23773885096));
#3922 = CARTESIAN_POINT('',(41.106588150543,-9.473440072402,
    111.27417423328));
#3923 = CARTESIAN_POINT('',(41.065039274513,-9.539143162726,
    111.32024008521));
#3924 = CARTESIAN_POINT('',(41.026616422808,-9.597292085804,
    111.37416997161));
#3925 = CARTESIAN_POINT('',(40.954177291272,-9.703199245739,
    111.50058893788));
#3926 = CARTESIAN_POINT('',(40.920951827356,-9.749377381158,
    111.57450885912));
#3927 = CARTESIAN_POINT('',(40.893444290284,-9.786133874738,
    111.65421014083));
#3928 = CARTESIAN_POINT('',(40.872381215824,-9.813551314133,
    111.73802925905));
#3929 = CARTESIAN_POINT('',(40.858208569601,-9.831767881081,
    111.82447752517));
#3930 = CARTESIAN_POINT('',(40.851114528876,-9.840884461493,
    111.91221154852));
#3931 = CARTESIAN_POINT('',(40.851114528876,-9.840884461493,112.));
#3932 = PCURVE('',#962,#3933);
#3933 = DEFINITIONAL_REPRESENTATION('',(#3934),#3949);
#3934 = B_SPLINE_CURVE_WITH_KNOTS('',7,(#3935,#3936,#3937,#3938,#3939,
    #3940,#3941,#3942,#3943,#3944,#3945,#3946,#3947,#3948),
  .UNSPECIFIED.,.F.,.F.,(8,6,8),(0.,0.475756171797,1.),.UNSPECIFIED.);
#3935 = CARTESIAN_POINT('',(-5.829177962382,-2.));
#3936 = CARTESIAN_POINT('',(-5.80534944769,-2.));
#3937 = CARTESIAN_POINT('',(-5.781513175208,-2.012586076868));
#3938 = CARTESIAN_POINT('',(-5.758442017102,-2.037738850969));
#3939 = CARTESIAN_POINT('',(-5.736734712163,-2.074174233282));
#3940 = CARTESIAN_POINT('',(-5.71680841812,-2.120240085218));
#3941 = CARTESIAN_POINT('',(-5.698939810056,-2.174169971613));
#3942 = CARTESIAN_POINT('',(-5.666039512098,-2.300588937889));
#3943 = CARTESIAN_POINT('',(-5.651456779924,-2.37450885912));
#3944 = CARTESIAN_POINT('',(-5.639687159583,-2.454210140833));
#3945 = CARTESIAN_POINT('',(-5.630822302796,-2.538029259052));
#3946 = CARTESIAN_POINT('',(-5.624904117543,-2.624477525175));
#3947 = CARTESIAN_POINT('',(-5.621942228665,-2.712211548524));
#3948 = CARTESIAN_POINT('',(-5.621942228665,-2.8));
#3949 = ( GEOMETRIC_REPRESENTATION_CONTEXT(2) 
PARAMETRIC_REPRESENTATION_CONTEXT() REPRESENTATION_CONTEXT('2D SPACE',''
  ) );
#3950 = PCURVE('',#990,#3951);
#3951 = DEFINITIONAL_REPRESENTATION('',(#3952),#3967);
#3952 = B_SPLINE_CURVE_WITH_KNOTS('',7,(#3953,#3954,#3955,#3956,#3957,
    #3958,#3959,#3960,#3961,#3962,#3963,#3964,#3965,#3966),
  .UNSPECIFIED.,.F.,.F.,(8,6,8),(0.,0.475756171797,1.),.UNSPECIFIED.);
#3953 = CARTESIAN_POINT('',(0.,21.294353444539));
#3954 = CARTESIAN_POINT('',(0.116124569982,21.296774850719));
#3955 = CARTESIAN_POINT('',(0.232201926409,21.301779382906));
#3956 = CARTESIAN_POINT('',(0.346922174082,21.309291292343));
#3957 = CARTESIAN_POINT('',(0.459798537305,21.318736819266));
#3958 = CARTESIAN_POINT('',(0.570552066467,21.329271655292));
#3959 = CARTESIAN_POINT('',(0.679076521041,21.340097393379));
#3960 = CARTESIAN_POINT('',(0.902555791851,21.362051875129));
#3961 = CARTESIAN_POINT('',(1.01721673173,21.373116869689));
#3962 = CARTESIAN_POINT('',(1.12993367583,21.382889615658));
#3963 = CARTESIAN_POINT('',(1.241177800514,21.390674822648));
#3964 = CARTESIAN_POINT('',(1.351392017194,21.396009396503));
#3965 = CARTESIAN_POINT('',(1.461060762449,21.39868026179));
#3966 = CARTESIAN_POINT('',(1.570796326795,21.39868026179));
#3967 = ( GEOMETRIC_REPRESENTATION_CONTEXT(2) 
PARAMETRIC_REPRESENTATION_CONTEXT() REPRESENTATION_CONTEXT('2D SPACE',''
  ) );
#3968 = ADVANCED_FACE('',(#3969),#990,.F.);
#3969 = FACE_BOUND('',#3970,.F.);
#3970 = EDGE_LOOP('',(#3971,#3993,#4014,#4015));
#3971 = ORIENTED_EDGE('',*,*,#3972,.T.);
#3972 = EDGE_CURVE('',#975,#3973,#3975,.T.);
#3973 = VERTEX_POINT('',#3974);
#3974 = CARTESIAN_POINT('',(60.320041439385,-18.72144761365,112.));
#3975 = SURFACE_CURVE('',#3976,(#3981,#3987),.PCURVE_S1.);
#3976 = CIRCLE('',#3977,0.8);
#3977 = AXIS2_PLACEMENT_3D('',#3978,#3979,#3980);
#3978 = CARTESIAN_POINT('',(60.652045583324,-17.99359237502,112.));
#3979 = DIRECTION('',(-0.909819048293,0.415005179923,0.));
#3980 = DIRECTION('',(0.415005179923,0.909819048293,-0.));
#3981 = PCURVE('',#990,#3982);
#3982 = DEFINITIONAL_REPRESENTATION('',(#3983),#3986);
#3983 = B_SPLINE_CURVE_WITH_KNOTS('',1,(#3984,#3985),.UNSPECIFIED.,.F.,
  .F.,(2,2),(1.570796326795,3.14159265359),.PIECEWISE_BEZIER_KNOTS.);
#3984 = CARTESIAN_POINT('',(0.,0.));
#3985 = CARTESIAN_POINT('',(1.570796326795,0.));
#3986 = ( GEOMETRIC_REPRESENTATION_CONTEXT(2) 
PARAMETRIC_REPRESENTATION_CONTEXT() REPRESENTATION_CONTEXT('2D SPACE',''
  ) );
#3987 = PCURVE('',#1019,#3988);
#3988 = DEFINITIONAL_REPRESENTATION('',(#3989),#3992);
#3989 = B_SPLINE_CURVE_WITH_KNOTS('',1,(#3990,#3991),.UNSPECIFIED.,.F.,
  .F.,(2,2),(1.570796326795,3.14159265359),.PIECEWISE_BEZIER_KNOTS.);
#3990 = CARTESIAN_POINT('',(-3.14159265359,1.570796326795));
#3991 = CARTESIAN_POINT('',(-3.14159265359,3.14159265359));
#3992 = ( GEOMETRIC_REPRESENTATION_CONTEXT(2) 
PARAMETRIC_REPRESENTATION_CONTEXT() REPRESENTATION_CONTEXT('2D SPACE',''
  ) );
#3993 = ORIENTED_EDGE('',*,*,#3994,.T.);
#3994 = EDGE_CURVE('',#3973,#3890,#3995,.T.);
#3995 = SURFACE_CURVE('',#3996,(#4000,#4007),.PCURVE_S1.);
#3996 = LINE('',#3997,#3998);
#3997 = CARTESIAN_POINT('',(60.320041439385,-18.72144761365,112.));
#3998 = VECTOR('',#3999,1.);
#3999 = DIRECTION('',(-0.909819048293,0.415005179923,-0.));
#4000 = PCURVE('',#990,#4001);
#4001 = DEFINITIONAL_REPRESENTATION('',(#4002),#4006);
#4002 = LINE('',#4003,#4004);
#4003 = CARTESIAN_POINT('',(1.570796326795,0.));
#4004 = VECTOR('',#4005,1.);
#4005 = DIRECTION('',(0.,1.));
#4006 = ( GEOMETRIC_REPRESENTATION_CONTEXT(2) 
PARAMETRIC_REPRESENTATION_CONTEXT() REPRESENTATION_CONTEXT('2D SPACE',''
  ) );
#4007 = PCURVE('',#3904,#4008);
#4008 = DEFINITIONAL_REPRESENTATION('',(#4009),#4013);
#4009 = LINE('',#4010,#4011);
#4010 = CARTESIAN_POINT('',(5.483518462011,12.449873862472));
#4011 = VECTOR('',#4012,1.);
#4012 = DIRECTION('',(0.,-1.));
#4013 = ( GEOMETRIC_REPRESENTATION_CONTEXT(2) 
PARAMETRIC_REPRESENTATION_CONTEXT() REPRESENTATION_CONTEXT('2D SPACE',''
  ) );
#4014 = ORIENTED_EDGE('',*,*,#3915,.F.);
#4015 = ORIENTED_EDGE('',*,*,#974,.F.);
#4016 = ADVANCED_FACE('',(#4017),#1019,.F.);
#4017 = FACE_BOUND('',#4018,.T.);
#4018 = EDGE_LOOP('',(#4019,#4041,#4042,#4043));
#4019 = ORIENTED_EDGE('',*,*,#4020,.F.);
#4020 = EDGE_CURVE('',#1003,#4021,#4023,.T.);
#4021 = VERTEX_POINT('',#4022);
#4022 = CARTESIAN_POINT('',(53.679958560615,-33.27855238634,112.));
#4023 = SURFACE_CURVE('',#4024,(#4029,#4035),.PCURVE_S1.);
#4024 = CIRCLE('',#4025,0.8);
#4025 = AXIS2_PLACEMENT_3D('',#4026,#4027,#4028);
#4026 = CARTESIAN_POINT('',(53.347954416676,-34.00640762497,112.));
#4027 = DIRECTION('',(0.909819048293,-0.415005179923,0.));
#4028 = DIRECTION('',(0.,-0.,-1.));
#4029 = PCURVE('',#1019,#4030);
#4030 = DEFINITIONAL_REPRESENTATION('',(#4031),#4034);
#4031 = B_SPLINE_CURVE_WITH_KNOTS('',1,(#4032,#4033),.UNSPECIFIED.,.F.,
  .F.,(2,2),(0.,1.570796326795),.PIECEWISE_BEZIER_KNOTS.);
#4032 = CARTESIAN_POINT('',(0.,1.570796326795));
#4033 = CARTESIAN_POINT('',(0.,3.14159265359));
#4034 = ( GEOMETRIC_REPRESENTATION_CONTEXT(2) 
PARAMETRIC_REPRESENTATION_CONTEXT() REPRESENTATION_CONTEXT('2D SPACE',''
  ) );
#4035 = PCURVE('',#1047,#4036);
#4036 = DEFINITIONAL_REPRESENTATION('',(#4037),#4040);
#4037 = B_SPLINE_CURVE_WITH_KNOTS('',1,(#4038,#4039),.UNSPECIFIED.,.F.,
  .F.,(2,2),(0.,1.570796326795),.PIECEWISE_BEZIER_KNOTS.);
#4038 = CARTESIAN_POINT('',(0.,11.719780371531));
#4039 = CARTESIAN_POINT('',(1.570796326795,11.719780371531));
#4040 = ( GEOMETRIC_REPRESENTATION_CONTEXT(2) 
PARAMETRIC_REPRESENTATION_CONTEXT() REPRESENTATION_CONTEXT('2D SPACE',''
  ) );
#4041 = ORIENTED_EDGE('',*,*,#1002,.T.);
#4042 = ORIENTED_EDGE('',*,*,#3972,.T.);
#4043 = ORIENTED_EDGE('',*,*,#4044,.F.);
#4044 = EDGE_CURVE('',#4021,#3973,#4045,.T.);
#4045 = SURFACE_CURVE('',#4046,(#4051,#4058),.PCURVE_S1.);
#4046 = CIRCLE('',#4047,8.);
#4047 = AXIS2_PLACEMENT_3D('',#4048,#4049,#4050);
#4048 = CARTESIAN_POINT('',(57.,-26.,112.));
#4049 = DIRECTION('',(0.,0.,1.));
#4050 = DIRECTION('',(-0.415005179923,-0.909819048293,0.));
#4051 = PCURVE('',#1019,#4052);
#4052 = DEFINITIONAL_REPRESENTATION('',(#4053),#4057);
#4053 = LINE('',#4054,#4055);
#4054 = CARTESIAN_POINT('',(-0.,3.14159265359));
#4055 = VECTOR('',#4056,1.);
#4056 = DIRECTION('',(-1.,0.));
#4057 = ( GEOMETRIC_REPRESENTATION_CONTEXT(2) 
PARAMETRIC_REPRESENTATION_CONTEXT() REPRESENTATION_CONTEXT('2D SPACE',''
  ) );
#4058 = PCURVE('',#4059,#4064);
#4059 = CYLINDRICAL_SURFACE('',#4060,8.);
#4060 = AXIS2_PLACEMENT_3D('',#4061,#4062,#4063);
#4061 = CARTESIAN_POINT('',(57.,-26.,111.2));
#4062 = DIRECTION('',(-0.,-0.,-1.));
#4063 = DIRECTION('',(1.,0.,0.));
#4064 = DEFINITIONAL_REPRESENTATION('',(#4065),#4069);
#4065 = LINE('',#4066,#4067);
#4066 = CARTESIAN_POINT('',(-4.284440484063,-0.8));
#4067 = VECTOR('',#4068,1.);
#4068 = DIRECTION('',(-1.,0.));
#4069 = ( GEOMETRIC_REPRESENTATION_CONTEXT(2) 
PARAMETRIC_REPRESENTATION_CONTEXT() REPRESENTATION_CONTEXT('2D SPACE',''
  ) );
#4070 = ADVANCED_FACE('',(#4071),#1258,.F.);
#4071 = FACE_BOUND('',#4072,.T.);
#4072 = EDGE_LOOP('',(#4073,#4168,#4189,#4190));
#4073 = ORIENTED_EDGE('',*,*,#4074,.T.);
#4074 = EDGE_CURVE('',#1210,#4075,#4077,.T.);
#4075 = VERTEX_POINT('',#4076);
#4076 = CARTESIAN_POINT('',(30.336085966171,-17.8302621155,112.));
#4077 = SURFACE_CURVE('',#4078,(#4106,#4137),.PCURVE_S1.);
#4078 = B_SPLINE_CURVE_WITH_KNOTS('',6,(#4079,#4080,#4081,#4082,#4083,
    #4084,#4085,#4086,#4087,#4088,#4089,#4090,#4091,#4092,#4093,#4094,
    #4095,#4096,#4097,#4098,#4099,#4100,#4101,#4102,#4103,#4104,#4105),
  .UNSPECIFIED.,.F.,.F.,(7,5,5,5,5,7),(0.,0.254095667659,0.552054332672,
    0.690569397507,0.776274275564,1.),.UNSPECIFIED.);
#4079 = CARTESIAN_POINT('',(28.921860429525,-19.00299285566,111.2));
#4080 = CARTESIAN_POINT('',(28.983035177192,-18.9209497374,111.2));
#4081 = CARTESIAN_POINT('',(29.046677502158,-18.84098835837,
    111.20070051677));
#4082 = CARTESIAN_POINT('',(29.112687324663,-18.76320482093,
    111.20247911764));
#4083 = CARTESIAN_POINT('',(29.180923046436,-18.68773558338,
    111.20579895761));
#4084 = CARTESIAN_POINT('',(29.251182833541,-18.61474701751,
    111.21120182535));
#4085 = CARTESIAN_POINT('',(29.407586668936,-18.46196581512,
    111.2288683935));
#4086 = CARTESIAN_POINT('',(29.494313594421,-18.38323794609,
    111.24214806668));
#4087 = CARTESIAN_POINT('',(29.582946202272,-18.30845445758,
    111.26021218497));
#4088 = CARTESIAN_POINT('',(29.672644574136,-18.23816594418,
    111.28428254248));
#4089 = CARTESIAN_POINT('',(29.761940056509,-18.17306414703,
    111.31572391048));
#4090 = CARTESIAN_POINT('',(29.888944125593,-18.08631233826,
    111.37426988245));
#4091 = CARTESIAN_POINT('',(29.928668461252,-18.06006559409,
    111.39468309576));
#4092 = CARTESIAN_POINT('',(29.967575822094,-18.03518349975,
    111.41703369083));
#4093 = CARTESIAN_POINT('',(30.005379949372,-18.01175262097,
    111.4414036081));
#4094 = CARTESIAN_POINT('',(30.041758495017,-17.98985772473,
    111.46783260113));
#4095 = CARTESIAN_POINT('',(30.097780130705,-17.95702379561,
    111.51391046632));
#4096 = CARTESIAN_POINT('',(30.118515815525,-17.94509043801,
    111.53230252161));
#4097 = CARTESIAN_POINT('',(30.138491667348,-17.9337924076,
    111.55146792147));
#4098 = CARTESIAN_POINT('',(30.157623780328,-17.9231461342,
    111.57139173978));
#4099 = CARTESIAN_POINT('',(30.175828892357,-17.91316601191,
    111.59204887803));
#4100 = CARTESIAN_POINT('',(30.237920881937,-17.87958298625,
    111.66914519952));
#4101 = CARTESIAN_POINT('',(30.275993936747,-17.85990189039,
    111.72968624725));
#4102 = CARTESIAN_POINT('',(30.305714062698,-17.84510280441,
    111.79429152438));
#4103 = CARTESIAN_POINT('',(30.325970402123,-17.8352055813,
    111.86185003348));
#4104 = CARTESIAN_POINT('',(30.336085966171,-17.8302621155,
    111.93095199701));
#4105 = CARTESIAN_POINT('',(30.336085966171,-17.8302621155,112.));
#4106 = PCURVE('',#1258,#4107);
#4107 = DEFINITIONAL_REPRESENTATION('',(#4108),#4136);
#4108 = B_SPLINE_CURVE_WITH_KNOTS('',6,(#4109,#4110,#4111,#4112,#4113,
    #4114,#4115,#4116,#4117,#4118,#4119,#4120,#4121,#4122,#4123,#4124,
    #4125,#4126,#4127,#4128,#4129,#4130,#4131,#4132,#4133,#4134,#4135),
  .UNSPECIFIED.,.F.,.F.,(7,5,5,5,5,7),(0.,0.254095667659,0.552054332672,
    0.690569397507,0.776274275564,1.),.UNSPECIFIED.);
#4109 = CARTESIAN_POINT('',(0.,-1.653883689207));
#4110 = CARTESIAN_POINT('',(-2.701203955725E-02,-1.553851460267));
#4111 = CARTESIAN_POINT('',(-5.791038377087E-02,-1.45468917998));
#4112 = CARTESIAN_POINT('',(-9.266603816941E-02,-1.356525817701));
#4113 = CARTESIAN_POINT('',(-0.131276875657,-1.259544289832));
#4114 = CARTESIAN_POINT('',(-0.173778043518,-1.163979726706));
#4115 = CARTESIAN_POINT('',(-0.274838067086,-0.960068076702));
#4116 = CARTESIAN_POINT('',(-0.334860089864,-0.852447838513));
#4117 = CARTESIAN_POINT('',(-0.400594353999,-0.747625404801));
#4118 = CARTESIAN_POINT('',(-0.472300094519,-0.646450287475));
#4119 = CARTESIAN_POINT('',(-0.550186213964,-0.550161344621));
#4120 = CARTESIAN_POINT('',(-0.673649001209,-0.418525549985));
#4121 = CARTESIAN_POINT('',(-0.714193620738,-0.378159957118));
#4122 = CARTESIAN_POINT('',(-0.756102832625,-0.339374997439));
#4123 = CARTESIAN_POINT('',(-0.799359531298,-0.302368228962));
#4124 = CARTESIAN_POINT('',(-0.84392285393,-0.267350550428));
#4125 = CARTESIAN_POINT('',(-0.91806051895,-0.214228347282));
#4126 = CARTESIAN_POINT('',(-0.946871722273,-0.194765734618));
#4127 = CARTESIAN_POINT('',(-0.97613822921,-0.176196489362));
#4128 = CARTESIAN_POINT('',(-1.005838864061,-0.158570381043));
#4129 = CARTESIAN_POINT('',(-1.035948431629,-0.141935059887));
#4130 = CARTESIAN_POINT('',(-1.146025110849,-8.561208613147E-02));
#4131 = CARTESIAN_POINT('',(-1.228268751823,-5.190533527035E-02));
#4132 = CARTESIAN_POINT('',(-1.312502438554,-2.610683872277E-02));
#4133 = CARTESIAN_POINT('',(-1.398109083309,-8.695670831804E-03));
#4134 = CARTESIAN_POINT('',(-1.484486323067,-6.217248937901E-15));
#4135 = CARTESIAN_POINT('',(-1.570796326795,-6.217248937901E-15));
#4136 = ( GEOMETRIC_REPRESENTATION_CONTEXT(2) 
PARAMETRIC_REPRESENTATION_CONTEXT() REPRESENTATION_CONTEXT('2D SPACE',''
  ) );
#4137 = PCURVE('',#1230,#4138);
#4138 = DEFINITIONAL_REPRESENTATION('',(#4139),#4167);
#4139 = B_SPLINE_CURVE_WITH_KNOTS('',6,(#4140,#4141,#4142,#4143,#4144,
    #4145,#4146,#4147,#4148,#4149,#4150,#4151,#4152,#4153,#4154,#4155,
    #4156,#4157,#4158,#4159,#4160,#4161,#4162,#4163,#4164,#4165,#4166),
  .UNSPECIFIED.,.F.,.F.,(7,5,5,5,5,7),(0.,0.254095667659,0.552054332672,
    0.690569397507,0.776274275564,1.),.UNSPECIFIED.);
#4140 = CARTESIAN_POINT('',(-2.500886873262,-2.));
#4141 = CARTESIAN_POINT('',(-2.474645913507,-2.));
#4142 = CARTESIAN_POINT('',(-2.448454661333,-2.000700516778));
#4143 = CARTESIAN_POINT('',(-2.422315676594,-2.002479117642));
#4144 = CARTESIAN_POINT('',(-2.396246834906,-2.005798957615));
#4145 = CARTESIAN_POINT('',(-2.370282137526,-2.011201825359));
#4146 = CARTESIAN_POINT('',(-2.314220126489,-2.028868393507));
#4147 = CARTESIAN_POINT('',(-2.284206641478,-2.042148066689));
#4148 = CARTESIAN_POINT('',(-2.25450068008,-2.060212184979));
#4149 = CARTESIAN_POINT('',(-2.225308359123,-2.084282542488));
#4150 = CARTESIAN_POINT('',(-2.196986397616,-2.115723910485));
#4151 = CARTESIAN_POINT('',(-2.157549274924,-2.174269882459));
#4152 = CARTESIAN_POINT('',(-2.14534248989,-2.194683095765));
#4153 = CARTESIAN_POINT('',(-2.133502497516,-2.217033690831));
#4154 = CARTESIAN_POINT('',(-2.122099807633,-2.241403608101));
#4155 = CARTESIAN_POINT('',(-2.111213564623,-2.267832601139));
#4156 = CARTESIAN_POINT('',(-2.094563690307,-2.313910466322));
#4157 = CARTESIAN_POINT('',(-2.088429439557,-2.332302521614));
#4158 = CARTESIAN_POINT('',(-2.082545180922,-2.351467921473));
#4159 = CARTESIAN_POINT('',(-2.076931316464,-2.371391739787));
#4160 = CARTESIAN_POINT('',(-2.071608007225,-2.392048878037));
#4161 = CARTESIAN_POINT('',(-2.053507486562,-2.469145199525));
#4162 = CARTESIAN_POINT('',(-2.042519932734,-2.529686247256));
#4163 = CARTESIAN_POINT('',(-2.03400751518,-2.594291524381));
#4164 = CARTESIAN_POINT('',(-2.028226603612,-2.661850033487));
#4165 = CARTESIAN_POINT('',(-2.025339743329,-2.730951997017));
#4166 = CARTESIAN_POINT('',(-2.025339743329,-2.8));
#4167 = ( GEOMETRIC_REPRESENTATION_CONTEXT(2) 
PARAMETRIC_REPRESENTATION_CONTEXT() REPRESENTATION_CONTEXT('2D SPACE',''
  ) );
#4168 = ORIENTED_EDGE('',*,*,#4169,.T.);
#4169 = EDGE_CURVE('',#4075,#3697,#4170,.T.);
#4170 = SURFACE_CURVE('',#4171,(#4175,#4182),.PCURVE_S1.);
#4171 = LINE('',#4172,#4173);
#4172 = CARTESIAN_POINT('',(30.336085966171,-17.8302621155,112.));
#4173 = VECTOR('',#4174,1.);
#4174 = DIRECTION('',(0.415005179923,0.909819048293,0.));
#4175 = PCURVE('',#1258,#4176);
#4176 = DEFINITIONAL_REPRESENTATION('',(#4177),#4181);
#4177 = LINE('',#4178,#4179);
#4178 = CARTESIAN_POINT('',(-1.570796326795,0.));
#4179 = VECTOR('',#4180,1.);
#4180 = DIRECTION('',(-0.,1.));
#4181 = ( GEOMETRIC_REPRESENTATION_CONTEXT(2) 
PARAMETRIC_REPRESENTATION_CONTEXT() REPRESENTATION_CONTEXT('2D SPACE',''
  ) );
#4182 = PCURVE('',#3836,#4183);
#4183 = DEFINITIONAL_REPRESENTATION('',(#4184),#4188);
#4184 = LINE('',#4185,#4186);
#4185 = CARTESIAN_POINT('',(7.2,-3.632679294188));
#4186 = VECTOR('',#4187,1.);
#4187 = DIRECTION('',(0.,1.));
#4188 = ( GEOMETRIC_REPRESENTATION_CONTEXT(2) 
PARAMETRIC_REPRESENTATION_CONTEXT() REPRESENTATION_CONTEXT('2D SPACE',''
  ) );
#4189 = ORIENTED_EDGE('',*,*,#3696,.F.);
#4190 = ORIENTED_EDGE('',*,*,#1242,.F.);
#4191 = ADVANCED_FACE('',(#4192),#1047,.F.);
#4192 = FACE_BOUND('',#4193,.F.);
#4193 = EDGE_LOOP('',(#4194,#4230,#4256,#4257));
#4194 = ORIENTED_EDGE('',*,*,#4195,.T.);
#4195 = EDGE_CURVE('',#1032,#4196,#4198,.T.);
#4196 = VERTEX_POINT('',#4197);
#4197 = CARTESIAN_POINT('',(43.017079136785,-28.41478282459,112.));
#4198 = SURFACE_CURVE('',#4199,(#4204,#4217),.PCURVE_S1.);
#4199 = ELLIPSE('',#4200,5.155452434491,0.8);
#4200 = AXIS2_PLACEMENT_3D('',#4201,#4202,#4203);
#4201 = CARTESIAN_POINT('',(47.318787050463,-31.25626110705,112.));
#4202 = DIRECTION('',(0.551159829048,0.834399690103,0.));
#4203 = DIRECTION('',(0.834399690103,-0.551159829048,0.));
#4204 = PCURVE('',#1047,#4205);
#4205 = DEFINITIONAL_REPRESENTATION('',(#4206),#4216);
#4206 = B_SPLINE_CURVE_WITH_KNOTS('',8,(#4207,#4208,#4209,#4210,#4211,
    #4212,#4213,#4214,#4215),.UNSPECIFIED.,.F.,.F.,(9,9),(1.570796284848
    ,3.14159265359),.PIECEWISE_BEZIER_KNOTS.);
#4207 = CARTESIAN_POINT('',(-4.194737446284E-08,5.093004219556));
#4208 = CARTESIAN_POINT('',(0.196349504145,4.092995194745));
#4209 = CARTESIAN_POINT('',(0.392699050238,3.092985923088));
#4210 = CARTESIAN_POINT('',(0.58904859633,2.15172676309));
#4211 = CARTESIAN_POINT('',(0.785398142425,1.327956297758));
#4212 = CARTESIAN_POINT('',(0.981747688515,0.673203255456));
#4213 = CARTESIAN_POINT('',(1.178097234609,0.224401720587));
#4214 = CARTESIAN_POINT('',(1.374446780702,2.854417521554E-14));
#4215 = CARTESIAN_POINT('',(1.570796326795,2.84217094304E-14));
#4216 = ( GEOMETRIC_REPRESENTATION_CONTEXT(2) 
PARAMETRIC_REPRESENTATION_CONTEXT() REPRESENTATION_CONTEXT('2D SPACE',''
  ) );
#4217 = PCURVE('',#1075,#4218);
#4218 = DEFINITIONAL_REPRESENTATION('',(#4219),#4229);
#4219 = B_SPLINE_CURVE_WITH_KNOTS('',8,(#4220,#4221,#4222,#4223,#4224,
    #4225,#4226,#4227,#4228),.UNSPECIFIED.,.F.,.F.,(9,9),(1.570796284848
    ,3.14159265359),.PIECEWISE_BEZIER_KNOTS.);
#4220 = CARTESIAN_POINT('',(4.194738778551E-08,5.093004219556));
#4221 = CARTESIAN_POINT('',(-0.196349504145,4.092995194745));
#4222 = CARTESIAN_POINT('',(-0.392699050238,3.092985923086));
#4223 = CARTESIAN_POINT('',(-0.589048596328,2.151726763095));
#4224 = CARTESIAN_POINT('',(-0.785398142425,1.327956297745));
#4225 = CARTESIAN_POINT('',(-0.981747688515,0.673203255462));
#4226 = CARTESIAN_POINT('',(-1.178097234609,0.224401720585));
#4227 = CARTESIAN_POINT('',(-1.374446780702,2.854417521554E-14));
#4228 = CARTESIAN_POINT('',(-1.570796326795,2.84217094304E-14));
#4229 = ( GEOMETRIC_REPRESENTATION_CONTEXT(2) 
PARAMETRIC_REPRESENTATION_CONTEXT() REPRESENTATION_CONTEXT('2D SPACE',''
  ) );
#4230 = ORIENTED_EDGE('',*,*,#4231,.T.);
#4231 = EDGE_CURVE('',#4196,#4021,#4232,.T.);
#4232 = SURFACE_CURVE('',#4233,(#4237,#4244),.PCURVE_S1.);
#4233 = LINE('',#4234,#4235);
#4234 = CARTESIAN_POINT('',(43.017079136785,-28.41478282459,112.));
#4235 = VECTOR('',#4236,1.);
#4236 = DIRECTION('',(0.909819048293,-0.415005179923,0.));
#4237 = PCURVE('',#1047,#4238);
#4238 = DEFINITIONAL_REPRESENTATION('',(#4239),#4243);
#4239 = LINE('',#4240,#4241);
#4240 = CARTESIAN_POINT('',(1.570796326795,0.));
#4241 = VECTOR('',#4242,1.);
#4242 = DIRECTION('',(0.,1.));
#4243 = ( GEOMETRIC_REPRESENTATION_CONTEXT(2) 
PARAMETRIC_REPRESENTATION_CONTEXT() REPRESENTATION_CONTEXT('2D SPACE',''
  ) );
#4244 = PCURVE('',#4245,#4250);
#4245 = PLANE('',#4246);
#4246 = AXIS2_PLACEMENT_3D('',#4247,#4248,#4249);
#4247 = CARTESIAN_POINT('',(42.352826171691,-28.11179024402,
    117.48351846201));
#4248 = DIRECTION('',(-0.415005179923,-0.909819048293,-0.));
#4249 = DIRECTION('',(0.,0.,-1.));
#4250 = DEFINITIONAL_REPRESENTATION('',(#4251),#4255);
#4251 = LINE('',#4252,#4253);
#4252 = CARTESIAN_POINT('',(5.483518462011,0.730093490942));
#4253 = VECTOR('',#4254,1.);
#4254 = DIRECTION('',(0.,1.));
#4255 = ( GEOMETRIC_REPRESENTATION_CONTEXT(2) 
PARAMETRIC_REPRESENTATION_CONTEXT() REPRESENTATION_CONTEXT('2D SPACE',''
  ) );
#4256 = ORIENTED_EDGE('',*,*,#4020,.F.);
#4257 = ORIENTED_EDGE('',*,*,#1031,.F.);
#4258 = ADVANCED_FACE('',(#4259),#1230,.F.);
#4259 = FACE_BOUND('',#4260,.T.);
#4260 = EDGE_LOOP('',(#4261,#4289,#4338,#4359,#4388,#4411,#4438,#4439,
    #4476,#4495,#4496,#4497));
#4261 = ORIENTED_EDGE('',*,*,#4262,.F.);
#4262 = EDGE_CURVE('',#4263,#4265,#4267,.T.);
#4263 = VERTEX_POINT('',#4264);
#4264 = CARTESIAN_POINT('',(28.157580172443,-21.06667244048,119.2));
#4265 = VERTEX_POINT('',#4266);
#4266 = CARTESIAN_POINT('',(28.157580172442,-21.06667244048,112.));
#4267 = SURFACE_CURVE('',#4268,(#4272,#4278),.PCURVE_S1.);
#4268 = LINE('',#4269,#4270);
#4269 = CARTESIAN_POINT('',(28.157580172442,-21.06667244048,109.2));
#4270 = VECTOR('',#4271,1.);
#4271 = DIRECTION('',(-0.,-0.,-1.));
#4272 = PCURVE('',#1230,#4273);
#4273 = DEFINITIONAL_REPRESENTATION('',(#4274),#4277);
#4274 = B_SPLINE_CURVE_WITH_KNOTS('',1,(#4275,#4276),.UNSPECIFIED.,.F.,
  .F.,(2,2),(-10.8,-1.2),.PIECEWISE_BEZIER_KNOTS.);
#4275 = CARTESIAN_POINT('',(-3.072925919834,-10.8));
#4276 = CARTESIAN_POINT('',(-3.072925919834,-1.2));
#4277 = ( GEOMETRIC_REPRESENTATION_CONTEXT(2) 
PARAMETRIC_REPRESENTATION_CONTEXT() REPRESENTATION_CONTEXT('2D SPACE',''
  ) );
#4278 = PCURVE('',#4279,#4284);
#4279 = PLANE('',#4280);
#4280 = AXIS2_PLACEMENT_3D('',#4281,#4282,#4283);
#4281 = CARTESIAN_POINT('',(25.856810867439,-23.58866956327,119.2));
#4282 = DIRECTION('',(0.738766024784,-0.673961987522,0.));
#4283 = DIRECTION('',(0.,0.,-1.));
#4284 = DEFINITIONAL_REPRESENTATION('',(#4285),#4288);
#4285 = B_SPLINE_CURVE_WITH_KNOTS('',1,(#4286,#4287),.UNSPECIFIED.,.F.,
  .F.,(2,2),(-10.8,-1.2),.PIECEWISE_BEZIER_KNOTS.);
#4286 = CARTESIAN_POINT('',(-0.8,3.413796842552));
#4287 = CARTESIAN_POINT('',(8.8,3.413796842552));
#4288 = ( GEOMETRIC_REPRESENTATION_CONTEXT(2) 
PARAMETRIC_REPRESENTATION_CONTEXT() REPRESENTATION_CONTEXT('2D SPACE',''
  ) );
#4289 = ORIENTED_EDGE('',*,*,#4290,.F.);
#4290 = EDGE_CURVE('',#4291,#4263,#4293,.T.);
#4291 = VERTEX_POINT('',#4292);
#4292 = CARTESIAN_POINT('',(34.367884488554,-24.46953614294,
    120.50589500866));
#4293 = SURFACE_CURVE('',#4294,(#4299,#4326),.PCURVE_S1.);
#4294 = ELLIPSE('',#4295,3.969605552576,3.9);
#4295 = AXIS2_PLACEMENT_3D('',#4296,#4297,#4298);
#4296 = CARTESIAN_POINT('',(32.0483893,-21.3342623,119.77970693311));
#4297 = DIRECTION('',(0.137739336036,-0.125656938138,-0.982465373032));
#4298 = DIRECTION('',(-0.725812038123,0.66214431548,-0.186445141513));
#4299 = PCURVE('',#1230,#4300);
#4300 = DEFINITIONAL_REPRESENTATION('',(#4301),#4325);
#4301 = B_SPLINE_CURVE_WITH_KNOTS('',8,(#4302,#4303,#4304,#4305,#4306,
    #4307,#4308,#4309,#4310,#4311,#4312,#4313,#4314,#4315,#4316,#4317,
    #4318,#4319,#4320,#4321,#4322,#4323,#4324),.UNSPECIFIED.,.F.,.F.,(9,
    7,7,9),(2.402033916073,3.69822753125,5.642517954014,7.586808376778),
  .UNSPECIFIED.);
#4302 = CARTESIAN_POINT('',(-6.28318530718,-11.12647776625));
#4303 = CARTESIAN_POINT('',(-6.121161105283,-11.20729681202));
#4304 = CARTESIAN_POINT('',(-5.959136903386,-11.27171116874));
#4305 = CARTESIAN_POINT('',(-5.797112701489,-11.31649017542));
#4306 = CARTESIAN_POINT('',(-5.635088499592,-11.33931414573));
#4307 = CARTESIAN_POINT('',(-5.473064297695,-11.33906552938));
#4308 = CARTESIAN_POINT('',(-5.311040095797,-11.3159499428));
#4309 = CARTESIAN_POINT('',(-5.1490158939,-11.27144706903));
#4310 = CARTESIAN_POINT('',(-4.743955389158,-11.11305796389));
#4311 = CARTESIAN_POINT('',(-4.500919086312,-10.97560508987));
#4312 = CARTESIAN_POINT('',(-4.257882783467,-10.80429039583));
#4313 = CARTESIAN_POINT('',(-4.014846480621,-10.61299712327));
#4314 = CARTESIAN_POINT('',(-3.771810177775,-10.41939225042));
#4315 = CARTESIAN_POINT('',(-3.52877387493,-10.24144682787));
#4316 = CARTESIAN_POINT('',(-3.285737572085,-10.09387648095));
#4317 = CARTESIAN_POINT('',(-2.799664966394,-9.878843511311));
#4318 = CARTESIAN_POINT('',(-2.556628663549,-9.811380838142));
#4319 = CARTESIAN_POINT('',(-2.313592360716,-9.793648440398));
#4320 = CARTESIAN_POINT('',(-2.070556057851,-9.830278999308));
#4321 = CARTESIAN_POINT('',(-1.827519755022,-9.919020651092));
#4322 = CARTESIAN_POINT('',(-1.584483452165,-10.05051692981));
#4323 = CARTESIAN_POINT('',(-1.341447149321,-10.21081972511));
#4324 = CARTESIAN_POINT('',(-1.098410846475,-10.38431245257));
#4325 = ( GEOMETRIC_REPRESENTATION_CONTEXT(2) 
PARAMETRIC_REPRESENTATION_CONTEXT() REPRESENTATION_CONTEXT('2D SPACE',''
  ) );
#4326 = PCURVE('',#4327,#4332);
#4327 = PLANE('',#4328);
#4328 = AXIS2_PLACEMENT_3D('',#4329,#4330,#4331);
#4329 = CARTESIAN_POINT('',(57.,-52.,127.2));
#4330 = DIRECTION('',(0.137739336036,-0.125656938138,-0.982465373032));
#4331 = DIRECTION('',(-0.725812038123,0.66214431548,-0.186445141513));
#4332 = DEFINITIONAL_REPRESENTATION('',(#4333),#4337);
#4333 = ELLIPSE('',#4334,3.969605552576,3.9);
#4334 = AXIS2_PLACEMENT_2D('',#4335,#4336);
#4335 = CARTESIAN_POINT('',(39.798800905589,5.838367998444));
#4336 = DIRECTION('',(1.,4.844955271411E-17));
#4337 = ( GEOMETRIC_REPRESENTATION_CONTEXT(2) 
PARAMETRIC_REPRESENTATION_CONTEXT() REPRESENTATION_CONTEXT('2D SPACE',''
  ) );
#4338 = ORIENTED_EDGE('',*,*,#4339,.F.);
#4339 = EDGE_CURVE('',#4340,#4291,#4342,.T.);
#4340 = VERTEX_POINT('',#4341);
#4341 = CARTESIAN_POINT('',(34.367884488553,-24.46953614294,
    121.05854088216));
#4342 = SURFACE_CURVE('',#4343,(#4347,#4353),.PCURVE_S1.);
#4343 = LINE('',#4344,#4345);
#4344 = CARTESIAN_POINT('',(34.367884488554,-24.46953614294,109.2));
#4345 = VECTOR('',#4346,1.);
#4346 = DIRECTION('',(-0.,-0.,-1.));
#4347 = PCURVE('',#1230,#4348);
#4348 = DEFINITIONAL_REPRESENTATION('',(#4349),#4352);
#4349 = B_SPLINE_CURVE_WITH_KNOTS('',1,(#4350,#4351),.UNSPECIFIED.,.F.,
  .F.,(2,2),(-19.6,-0.4),.PIECEWISE_BEZIER_KNOTS.);
#4350 = CARTESIAN_POINT('',(-5.349334105054,-19.6));
#4351 = CARTESIAN_POINT('',(-5.349334105054,-0.4));
#4352 = ( GEOMETRIC_REPRESENTATION_CONTEXT(2) 
PARAMETRIC_REPRESENTATION_CONTEXT() REPRESENTATION_CONTEXT('2D SPACE',''
  ) );
#4353 = PCURVE('',#4245,#4354);
#4354 = DEFINITIONAL_REPRESENTATION('',(#4355),#4358);
#4355 = B_SPLINE_CURVE_WITH_KNOTS('',1,(#4356,#4357),.UNSPECIFIED.,.F.,
  .F.,(2,2),(-19.6,-0.4),.PIECEWISE_BEZIER_KNOTS.);
#4356 = CARTESIAN_POINT('',(-11.31648153798,-8.776406361373));
#4357 = CARTESIAN_POINT('',(7.883518462011,-8.776406361373));
#4358 = ( GEOMETRIC_REPRESENTATION_CONTEXT(2) 
PARAMETRIC_REPRESENTATION_CONTEXT() REPRESENTATION_CONTEXT('2D SPACE',''
  ) );
#4359 = ORIENTED_EDGE('',*,*,#4360,.F.);
#4360 = EDGE_CURVE('',#4361,#4340,#4363,.T.);
#4361 = VERTEX_POINT('',#4362);
#4362 = CARTESIAN_POINT('',(35.9483893,-21.3342623,121.09812696147));
#4363 = SURFACE_CURVE('',#4364,(#4369,#4381),.PCURVE_S1.);
#4364 = ELLIPSE('',#4365,4.059960822113,3.9);
#4365 = AXIS2_PLACEMENT_3D('',#4366,#4367,#4368);
#4366 = CARTESIAN_POINT('',(32.0483893,-21.3342623,120.07148903527));
#4367 = DIRECTION('',(0.252868924401,-0.115343719902,-0.960600402535));
#4368 = DIRECTION('',(-0.873972544025,0.398654142888,-0.277933205373));
#4369 = PCURVE('',#1230,#4370);
#4370 = DEFINITIONAL_REPRESENTATION('',(#4371),#4380);
#4371 = B_SPLINE_CURVE_WITH_KNOTS('',7,(#4372,#4373,#4374,#4375,#4376,
    #4377,#4378,#4379),.UNSPECIFIED.,.F.,.F.,(8,8),(2.713644157268,
    4.249695937608),.PIECEWISE_BEZIER_KNOTS.);
#4372 = CARTESIAN_POINT('',(-6.28318530718,-11.89812696147));
#4373 = CARTESIAN_POINT('',(-6.06374933856,-12.00088684711));
#4374 = CARTESIAN_POINT('',(-5.84431336994,-12.04597153306));
#4375 = CARTESIAN_POINT('',(-5.624877401319,-12.02530931713));
#4376 = CARTESIAN_POINT('',(-5.4054414327,-11.93758186762));
#4377 = CARTESIAN_POINT('',(-5.18600546408,-11.79001548856));
#4378 = CARTESIAN_POINT('',(-4.96656949546,-11.59673598003));
#4379 = CARTESIAN_POINT('',(-4.74713352684,-11.37516028384));
#4380 = ( GEOMETRIC_REPRESENTATION_CONTEXT(2) 
PARAMETRIC_REPRESENTATION_CONTEXT() REPRESENTATION_CONTEXT('2D SPACE',''
  ) );
#4381 = PCURVE('',#3877,#4382);
#4382 = DEFINITIONAL_REPRESENTATION('',(#4383),#4387);
#4383 = ELLIPSE('',#4384,4.059960822113,3.9);
#4384 = AXIS2_PLACEMENT_2D('',#4385,#4386);
#4385 = CARTESIAN_POINT('',(25.64828824669,-6.110070654127));
#4386 = DIRECTION('',(1.,2.424185204561E-17));
#4387 = ( GEOMETRIC_REPRESENTATION_CONTEXT(2) 
PARAMETRIC_REPRESENTATION_CONTEXT() REPRESENTATION_CONTEXT('2D SPACE',''
  ) );
#4388 = ORIENTED_EDGE('',*,*,#4389,.F.);
#4389 = EDGE_CURVE('',#4390,#4361,#4392,.T.);
#4390 = VERTEX_POINT('',#4391);
#4391 = CARTESIAN_POINT('',(35.9483893,-21.3342623,109.2));
#4392 = SEAM_CURVE('',#4393,(#4397,#4404),.PCURVE_S1.);
#4393 = LINE('',#4394,#4395);
#4394 = CARTESIAN_POINT('',(35.9483893,-21.3342623,109.2));
#4395 = VECTOR('',#4396,1.);
#4396 = DIRECTION('',(0.,0.,1.));
#4397 = PCURVE('',#1230,#4398);
#4398 = DEFINITIONAL_REPRESENTATION('',(#4399),#4403);
#4399 = LINE('',#4400,#4401);
#4400 = CARTESIAN_POINT('',(-6.28318530718,0.));
#4401 = VECTOR('',#4402,1.);
#4402 = DIRECTION('',(-0.,-1.));
#4403 = ( GEOMETRIC_REPRESENTATION_CONTEXT(2) 
PARAMETRIC_REPRESENTATION_CONTEXT() REPRESENTATION_CONTEXT('2D SPACE',''
  ) );
#4404 = PCURVE('',#1230,#4405);
#4405 = DEFINITIONAL_REPRESENTATION('',(#4406),#4410);
#4406 = LINE('',#4407,#4408);
#4407 = CARTESIAN_POINT('',(-0.,0.));
#4408 = VECTOR('',#4409,1.);
#4409 = DIRECTION('',(-0.,-1.));
#4410 = ( GEOMETRIC_REPRESENTATION_CONTEXT(2) 
PARAMETRIC_REPRESENTATION_CONTEXT() REPRESENTATION_CONTEXT('2D SPACE',''
  ) );
#4411 = ORIENTED_EDGE('',*,*,#4412,.F.);
#4412 = EDGE_CURVE('',#4390,#4390,#4413,.T.);
#4413 = SURFACE_CURVE('',#4414,(#4419,#4426),.PCURVE_S1.);
#4414 = CIRCLE('',#4415,3.9);
#4415 = AXIS2_PLACEMENT_3D('',#4416,#4417,#4418);
#4416 = CARTESIAN_POINT('',(32.0483893,-21.3342623,109.2));
#4417 = DIRECTION('',(0.,0.,1.));
#4418 = DIRECTION('',(1.,0.,0.));
#4419 = PCURVE('',#1230,#4420);
#4420 = DEFINITIONAL_REPRESENTATION('',(#4421),#4425);
#4421 = LINE('',#4422,#4423);
#4422 = CARTESIAN_POINT('',(-0.,0.));
#4423 = VECTOR('',#4424,1.);
#4424 = DIRECTION('',(-1.,0.));
#4425 = ( GEOMETRIC_REPRESENTATION_CONTEXT(2) 
PARAMETRIC_REPRESENTATION_CONTEXT() REPRESENTATION_CONTEXT('2D SPACE',''
  ) );
#4426 = PCURVE('',#4427,#4432);
#4427 = PLANE('',#4428);
#4428 = AXIS2_PLACEMENT_3D('',#4429,#4430,#4431);
#4429 = CARTESIAN_POINT('',(37.7472349,7.5760318,109.2));
#4430 = DIRECTION('',(0.,0.,1.));
#4431 = DIRECTION('',(1.,0.,0.));
#4432 = DEFINITIONAL_REPRESENTATION('',(#4433),#4437);
#4433 = CIRCLE('',#4434,3.9);
#4434 = AXIS2_PLACEMENT_2D('',#4435,#4436);
#4435 = CARTESIAN_POINT('',(-5.6988456,-28.9102941));
#4436 = DIRECTION('',(1.,0.));
#4437 = ( GEOMETRIC_REPRESENTATION_CONTEXT(2) 
PARAMETRIC_REPRESENTATION_CONTEXT() REPRESENTATION_CONTEXT('2D SPACE',''
  ) );
#4438 = ORIENTED_EDGE('',*,*,#4389,.T.);
#4439 = ORIENTED_EDGE('',*,*,#4440,.F.);
#4440 = EDGE_CURVE('',#4441,#4361,#4443,.T.);
#4441 = VERTEX_POINT('',#4442);
#4442 = CARTESIAN_POINT('',(30.336085966171,-17.8302621155,119.2));
#4443 = SURFACE_CURVE('',#4444,(#4449,#4469),.PCURVE_S1.);
#4444 = ELLIPSE('',#4445,4.059960822113,3.9);
#4445 = AXIS2_PLACEMENT_3D('',#4446,#4447,#4448);
#4446 = CARTESIAN_POINT('',(32.0483893,-21.3342623,120.07148903527));
#4447 = DIRECTION('',(0.252868924401,-0.115343719902,-0.960600402535));
#4448 = DIRECTION('',(-0.873972544025,0.398654142888,-0.277933205373));
#4449 = PCURVE('',#1230,#4450);
#4450 = DEFINITIONAL_REPRESENTATION('',(#4451),#4468);
#4451 = B_SPLINE_CURVE_WITH_KNOTS('',8,(#4452,#4453,#4454,#4455,#4456,
    #4457,#4458,#4459,#4460,#4461,#4462,#4463,#4464,#4465,#4466,#4467),
  .UNSPECIFIED.,.F.,.F.,(9,7,9),(5.175082023161,7.085955743804,
    8.996829464448),.UNSPECIFIED.);
#4452 = CARTESIAN_POINT('',(-3.821747441287,-10.3678177867));
#4453 = CARTESIAN_POINT('',(-3.582888226206,-10.12662944732));
#4454 = CARTESIAN_POINT('',(-3.344029011127,-9.918282529829));
#4455 = CARTESIAN_POINT('',(-3.105169796036,-9.763746569459));
#4456 = CARTESIAN_POINT('',(-2.866310580972,-9.679988775542));
#4457 = CARTESIAN_POINT('',(-2.627451365878,-9.676169155666));
#4458 = CARTESIAN_POINT('',(-2.388592150804,-9.750952516524));
#4459 = CARTESIAN_POINT('',(-2.149732935724,-9.893704988194));
#4460 = CARTESIAN_POINT('',(-1.672014505563,-10.28143943294));
#4461 = CARTESIAN_POINT('',(-1.433155290483,-10.52642073886));
#4462 = CARTESIAN_POINT('',(-1.194296075402,-10.80566484863));
#4463 = CARTESIAN_POINT('',(-0.955436860322,-11.0960910129));
#4464 = CARTESIAN_POINT('',(-0.716577645241,-11.37146751943));
#4465 = CARTESIAN_POINT('',(-0.477718430161,-11.60747314532));
#4466 = CARTESIAN_POINT('',(-0.23885921508,-11.78627134463));
#4467 = CARTESIAN_POINT('',(-9.109522253335E-16,-11.89812696147));
#4468 = ( GEOMETRIC_REPRESENTATION_CONTEXT(2) 
PARAMETRIC_REPRESENTATION_CONTEXT() REPRESENTATION_CONTEXT('2D SPACE',''
  ) );
#4469 = PCURVE('',#3877,#4470);
#4470 = DEFINITIONAL_REPRESENTATION('',(#4471),#4475);
#4471 = ELLIPSE('',#4472,4.059960822113,3.9);
#4472 = AXIS2_PLACEMENT_2D('',#4473,#4474);
#4473 = CARTESIAN_POINT('',(25.64828824669,-6.110070654127));
#4474 = DIRECTION('',(1.,2.424185204561E-17));
#4475 = ( GEOMETRIC_REPRESENTATION_CONTEXT(2) 
PARAMETRIC_REPRESENTATION_CONTEXT() REPRESENTATION_CONTEXT('2D SPACE',''
  ) );
#4476 = ORIENTED_EDGE('',*,*,#4477,.T.);
#4477 = EDGE_CURVE('',#4441,#4075,#4478,.T.);
#4478 = SURFACE_CURVE('',#4479,(#4483,#4489),.PCURVE_S1.);
#4479 = LINE('',#4480,#4481);
#4480 = CARTESIAN_POINT('',(30.336085966171,-17.8302621155,109.2));
#4481 = VECTOR('',#4482,1.);
#4482 = DIRECTION('',(-0.,-0.,-1.));
#4483 = PCURVE('',#1230,#4484);
#4484 = DEFINITIONAL_REPRESENTATION('',(#4485),#4488);
#4485 = B_SPLINE_CURVE_WITH_KNOTS('',1,(#4486,#4487),.UNSPECIFIED.,.F.,
  .F.,(2,2),(-10.8,-1.2),.PIECEWISE_BEZIER_KNOTS.);
#4486 = CARTESIAN_POINT('',(-2.025339743329,-10.8));
#4487 = CARTESIAN_POINT('',(-2.025339743329,-1.2));
#4488 = ( GEOMETRIC_REPRESENTATION_CONTEXT(2) 
PARAMETRIC_REPRESENTATION_CONTEXT() REPRESENTATION_CONTEXT('2D SPACE',''
  ) );
#4489 = PCURVE('',#3836,#4490);
#4490 = DEFINITIONAL_REPRESENTATION('',(#4491),#4494);
#4491 = B_SPLINE_CURVE_WITH_KNOTS('',1,(#4492,#4493),.UNSPECIFIED.,.F.,
  .F.,(2,2),(-10.8,-1.2),.PIECEWISE_BEZIER_KNOTS.);
#4492 = CARTESIAN_POINT('',(-0.8,-3.632679294188));
#4493 = CARTESIAN_POINT('',(8.8,-3.632679294188));
#4494 = ( GEOMETRIC_REPRESENTATION_CONTEXT(2) 
PARAMETRIC_REPRESENTATION_CONTEXT() REPRESENTATION_CONTEXT('2D SPACE',''
  ) );
#4495 = ORIENTED_EDGE('',*,*,#4074,.F.);
#4496 = ORIENTED_EDGE('',*,*,#1209,.F.);
#4497 = ORIENTED_EDGE('',*,*,#4498,.T.);
#4498 = EDGE_CURVE('',#1182,#4265,#4499,.T.);
#4499 = SURFACE_CURVE('',#4500,(#4533,#4569),.PCURVE_S1.);
#4500 = B_SPLINE_CURVE_WITH_KNOTS('',7,(#4501,#4502,#4503,#4504,#4505,
    #4506,#4507,#4508,#4509,#4510,#4511,#4512,#4513,#4514,#4515,#4516,
    #4517,#4518,#4519,#4520,#4521,#4522,#4523,#4524,#4525,#4526,#4527,
    #4528,#4529,#4530,#4531,#4532),.UNSPECIFIED.,.F.,.F.,(8,6,6,6,6,8),(
    0.,0.393601723244,0.59372108395,0.723679427444,0.802144380395,1.),
  .UNSPECIFIED.);
#4501 = CARTESIAN_POINT('',(28.801370399278,-19.17396874162,111.2));
#4502 = CARTESIAN_POINT('',(28.720935256179,-19.29486639875,111.2));
#4503 = CARTESIAN_POINT('',(28.645968466275,-19.41893247348,
    111.20070929053));
#4504 = CARTESIAN_POINT('',(28.576538922884,-19.54595246983,
    111.20284468991));
#4505 = CARTESIAN_POINT('',(28.51283188234,-19.67555390622,
    111.20740185083));
#4506 = CARTESIAN_POINT('',(28.455080538335,-19.80714138604,
    111.21567112184));
#4507 = CARTESIAN_POINT('',(28.403494916548,-19.93985486698,
    111.22918399576));
#4508 = CARTESIAN_POINT('',(28.335120132341,-20.13981441444,
    111.26041966043));
#4509 = CARTESIAN_POINT('',(28.313706327634,-20.20712932189,
    111.27280093772));
#4510 = CARTESIAN_POINT('',(28.293939219441,-20.27417518013,
    111.28728480813));
#4511 = CARTESIAN_POINT('',(28.275840981237,-20.34068654299,
    111.30413703824));
#4512 = CARTESIAN_POINT('',(28.259424605624,-20.40631372246,
    111.32363110803));
#4513 = CARTESIAN_POINT('',(28.244680555556,-20.47062200246,
    111.34603130999));
#4514 = CARTESIAN_POINT('',(28.223051487219,-20.57366447189,
    111.38815065268));
#4515 = CARTESIAN_POINT('',(28.215224967618,-20.61345220141,
    111.40605323196));
#4516 = CARTESIAN_POINT('',(28.208078119188,-20.65230940587,
    111.42533368251));
#4517 = CARTESIAN_POINT('',(28.201595394586,-20.69006613296,
    111.44604046719));
#4518 = CARTESIAN_POINT('',(28.195754862792,-20.72653568359,
    111.46820589271));
#4519 = CARTESIAN_POINT('',(28.190527756937,-20.76151949068,
    111.49184002933));
#4520 = CARTESIAN_POINT('',(28.183070651627,-20.81491301599,
    111.53206996089));
#4521 = CARTESIAN_POINT('',(28.180473816235,-20.83439741558,
    111.54774392451));
#4522 = CARTESIAN_POINT('',(28.178079784118,-20.85321965875,
    111.5639420981));
#4523 = CARTESIAN_POINT('',(28.175879877031,-20.87133388312,
    111.58065643133));
#4524 = CARTESIAN_POINT('',(28.173864711597,-20.8886945535,
    111.59787489162));
#4525 = CARTESIAN_POINT('',(28.172024440573,-20.90525711351,
    111.61558110904));
#4526 = CARTESIAN_POINT('',(28.166124222619,-20.96062170955,
    111.67957846439));
#4527 = CARTESIAN_POINT('',(28.16294439365,-20.99494532967,
    111.72840231304));
#4528 = CARTESIAN_POINT('',(28.160656404466,-21.02320377699,
    111.77984675701));
#4529 = CARTESIAN_POINT('',(28.159082277509,-21.04482570708,
    111.83340075271));
#4530 = CARTESIAN_POINT('',(28.158080871124,-21.05939432331,
    111.88843737782));
#4531 = CARTESIAN_POINT('',(28.157580172442,-21.06667244048,
    111.94423453436));
#4532 = CARTESIAN_POINT('',(28.157580172442,-21.06667244048,112.));
#4533 = PCURVE('',#1230,#4534);
#4534 = DEFINITIONAL_REPRESENTATION('',(#4535),#4568);
#4535 = B_SPLINE_CURVE_WITH_KNOTS('',7,(#4536,#4537,#4538,#4539,#4540,
    #4541,#4542,#4543,#4544,#4545,#4546,#4547,#4548,#4549,#4550,#4551,
    #4552,#4553,#4554,#4555,#4556,#4557,#4558,#4559,#4560,#4561,#4562,
    #4563,#4564,#4565,#4566,#4567),.UNSPECIFIED.,.F.,.F.,(8,6,6,6,6,8),(
    0.,0.393601723244,0.59372108395,0.723679427444,0.802144380395,1.),
  .UNSPECIFIED.);
#4536 = CARTESIAN_POINT('',(-2.554525724608,-2.));
#4537 = CARTESIAN_POINT('',(-2.591759156513,-2.));
#4538 = CARTESIAN_POINT('',(-2.628892308539,-2.000709290533));
#4539 = CARTESIAN_POINT('',(-2.665953877129,-2.002844689919));
#4540 = CARTESIAN_POINT('',(-2.702920428157,-2.007401850835));
#4541 = CARTESIAN_POINT('',(-2.739712816079,-2.015671121849));
#4542 = CARTESIAN_POINT('',(-2.776191145775,-2.029183995764));
#4543 = CARTESIAN_POINT('',(-2.830377453387,-2.060419660432));
#4544 = CARTESIAN_POINT('',(-2.848485801069,-2.072800937728));
#4545 = CARTESIAN_POINT('',(-2.866402196195,-2.087284808133));
#4546 = CARTESIAN_POINT('',(-2.884069632019,-2.104137038248));
#4547 = CARTESIAN_POINT('',(-2.901410078631,-2.123631108033));
#4548 = CARTESIAN_POINT('',(-2.918324332173,-2.146031309994));
#4549 = CARTESIAN_POINT('',(-2.945321260315,-2.188150652689));
#4550 = CARTESIAN_POINT('',(-2.955717904899,-2.206053231967));
#4551 = CARTESIAN_POINT('',(-2.965847214799,-2.225333682512));
#4552 = CARTESIAN_POINT('',(-2.975668920589,-2.246040467191));
#4553 = CARTESIAN_POINT('',(-2.985138383003,-2.268205892719));
#4554 = CARTESIAN_POINT('',(-2.994207756074,-2.291840029336));
#4555 = CARTESIAN_POINT('',(-3.008031282136,-2.332069960895));
#4556 = CARTESIAN_POINT('',(-3.013071359019,-2.347743924516));
#4557 = CARTESIAN_POINT('',(-3.017936323041,-2.363942098107));
#4558 = CARTESIAN_POINT('',(-3.022614998116,-2.380656431331));
#4559 = CARTESIAN_POINT('',(-3.027096251082,-2.397874891623));
#4560 = CARTESIAN_POINT('',(-3.03136915284,-2.415581109046));
#4561 = CARTESIAN_POINT('',(-3.045645589304,-2.479578464393));
#4562 = CARTESIAN_POINT('',(-3.054483343791,-2.52840231304));
#4563 = CARTESIAN_POINT('',(-3.061752286509,-2.579846757011));
#4564 = CARTESIAN_POINT('',(-3.067310927359,-2.63340075271));
#4565 = CARTESIAN_POINT('',(-3.071055342035,-2.68843737782));
#4566 = CARTESIAN_POINT('',(-3.072925919834,-2.744234534363));
#4567 = CARTESIAN_POINT('',(-3.072925919834,-2.8));
#4568 = ( GEOMETRIC_REPRESENTATION_CONTEXT(2) 
PARAMETRIC_REPRESENTATION_CONTEXT() REPRESENTATION_CONTEXT('2D SPACE',''
  ) );
#4569 = PCURVE('',#1197,#4570);
#4570 = DEFINITIONAL_REPRESENTATION('',(#4571),#4604);
#4571 = B_SPLINE_CURVE_WITH_KNOTS('',7,(#4572,#4573,#4574,#4575,#4576,
    #4577,#4578,#4579,#4580,#4581,#4582,#4583,#4584,#4585,#4586,#4587,
    #4588,#4589,#4590,#4591,#4592,#4593,#4594,#4595,#4596,#4597,#4598,
    #4599,#4600,#4601,#4602,#4603),.UNSPECIFIED.,.F.,.F.,(8,6,6,6,6,8),(
    0.,0.393601723244,0.59372108395,0.723679427444,0.802144380395,1.),
  .UNSPECIFIED.);
#4572 = CARTESIAN_POINT('',(0.,11.334799032776));
#4573 = CARTESIAN_POINT('',(-2.757209295905E-02,11.191273722302));
#4574 = CARTESIAN_POINT('',(-6.28627922714E-02,11.049093154741));
#4575 = CARTESIAN_POINT('',(-0.105792198195,10.908462223915));
#4576 = CARTESIAN_POINT('',(-0.156328325093,10.769780962281));
#4577 = CARTESIAN_POINT('',(-0.214531458628,10.633646392316));
#4578 = CARTESIAN_POINT('',(-0.280569385007,10.500835433381));
#4579 = CARTESIAN_POINT('',(-0.392889340297,10.307030107927));
#4580 = CARTESIAN_POINT('',(-0.43290073695,10.242868050962));
#4581 = CARTESIAN_POINT('',(-0.475127833693,10.180014569265));
#4582 = CARTESIAN_POINT('',(-0.519629117013,10.118680709527));
#4583 = CARTESIAN_POINT('',(-0.566454540652,10.059133565902));
#4584 = CARTESIAN_POINT('',(-0.615643765411,10.001687864235));
#4585 = CARTESIAN_POINT('',(-0.700725104555,9.910986418825));
#4586 = CARTESIAN_POINT('',(-0.735226471695,9.87631781935));
#4587 = CARTESIAN_POINT('',(-0.770731711595,9.842794732705));
#4588 = CARTESIAN_POINT('',(-0.807233338381,9.810532235565));
#4589 = CARTESIAN_POINT('',(-0.844713867759,9.779653474201));
#4590 = CARTESIAN_POINT('',(-0.883144073544,9.750285755458));
#4591 = CARTESIAN_POINT('',(-0.946231848907,9.705814627498));
#4592 = CARTESIAN_POINT('',(-0.970312909145,9.689670046725));
#4593 = CARTESIAN_POINT('',(-0.994714356883,9.674151326319));
#4594 = CARTESIAN_POINT('',(-1.019424701211,9.659286499034));
#4595 = CARTESIAN_POINT('',(-1.04443083685,9.645102880685));
#4596 = CARTESIAN_POINT('',(-1.069717852659,9.63162675135));
#4597 = CARTESIAN_POINT('',(-1.159697687306,9.586748746206));
#4598 = CARTESIAN_POINT('',(-1.225849809912,9.559248537957));
#4599 = CARTESIAN_POINT('',(-1.293389556941,9.536830139428));
#4600 = CARTESIAN_POINT('',(-1.361993706928,9.519795690356));
#4601 = CARTESIAN_POINT('',(-1.431343163008,9.508357981819));
#4602 = CARTESIAN_POINT('',(-1.501089494749,9.50264370425));
#4603 = CARTESIAN_POINT('',(-1.570796326795,9.50264370425));
#4604 = ( GEOMETRIC_REPRESENTATION_CONTEXT(2) 
PARAMETRIC_REPRESENTATION_CONTEXT() REPRESENTATION_CONTEXT('2D SPACE',''
  ) );
#4605 = ADVANCED_FACE('',(#4606),#1075,.F.);
#4606 = FACE_BOUND('',#4607,.T.);
#4607 = EDGE_LOOP('',(#4608,#4609,#4637,#4657));
#4608 = ORIENTED_EDGE('',*,*,#4195,.T.);
#4609 = ORIENTED_EDGE('',*,*,#4610,.T.);
#4610 = EDGE_CURVE('',#4196,#4611,#4613,.T.);
#4611 = VERTEX_POINT('',#4612);
#4612 = CARTESIAN_POINT('',(62.391695900178,-46.08987180172,112.));
#4613 = SURFACE_CURVE('',#4614,(#4618,#4625),.PCURVE_S1.);
#4614 = LINE('',#4615,#4616);
#4615 = CARTESIAN_POINT('',(43.017079136785,-28.41478282459,112.));
#4616 = VECTOR('',#4617,1.);
#4617 = DIRECTION('',(0.738766024784,-0.673961987522,0.));
#4618 = PCURVE('',#1075,#4619);
#4619 = DEFINITIONAL_REPRESENTATION('',(#4620),#4624);
#4620 = LINE('',#4621,#4622);
#4621 = CARTESIAN_POINT('',(-1.570796326795,0.));
#4622 = VECTOR('',#4623,1.);
#4623 = DIRECTION('',(-0.,1.));
#4624 = ( GEOMETRIC_REPRESENTATION_CONTEXT(2) 
PARAMETRIC_REPRESENTATION_CONTEXT() REPRESENTATION_CONTEXT('2D SPACE',''
  ) );
#4625 = PCURVE('',#4626,#4631);
#4626 = PLANE('',#4627);
#4627 = AXIS2_PLACEMENT_3D('',#4628,#4629,#4630);
#4628 = CARTESIAN_POINT('',(47.962302624913,-32.92621477868,
    117.38809422252));
#4629 = DIRECTION('',(-0.673961987522,-0.738766024784,-0.));
#4630 = DIRECTION('',(0.,0.,-1.));
#4631 = DEFINITIONAL_REPRESENTATION('',(#4632),#4636);
#4632 = LINE('',#4633,#4634);
#4633 = CARTESIAN_POINT('',(5.388094222526,-6.693896744338));
#4634 = VECTOR('',#4635,1.);
#4635 = DIRECTION('',(0.,1.));
#4636 = ( GEOMETRIC_REPRESENTATION_CONTEXT(2) 
PARAMETRIC_REPRESENTATION_CONTEXT() REPRESENTATION_CONTEXT('2D SPACE',''
  ) );
#4637 = ORIENTED_EDGE('',*,*,#4638,.F.);
#4638 = EDGE_CURVE('',#1060,#4611,#4639,.T.);
#4639 = SURFACE_CURVE('',#4640,(#4645,#4651),.PCURVE_S1.);
#4640 = CIRCLE('',#4641,0.8);
#4641 = AXIS2_PLACEMENT_3D('',#4642,#4643,#4644);
#4642 = CARTESIAN_POINT('',(62.930865490196,-45.4988589819,112.));
#4643 = DIRECTION('',(-0.738766024784,0.673961987522,0.));
#4644 = DIRECTION('',(0.,0.,-1.));
#4645 = PCURVE('',#1075,#4646);
#4646 = DEFINITIONAL_REPRESENTATION('',(#4647),#4650);
#4647 = B_SPLINE_CURVE_WITH_KNOTS('',1,(#4648,#4649),.UNSPECIFIED.,.F.,
  .F.,(2,2),(0.,1.570796326795),.PIECEWISE_BEZIER_KNOTS.);
#4648 = CARTESIAN_POINT('',(0.,26.225646704664));
#4649 = CARTESIAN_POINT('',(-1.570796326795,26.225646704664));
#4650 = ( GEOMETRIC_REPRESENTATION_CONTEXT(2) 
PARAMETRIC_REPRESENTATION_CONTEXT() REPRESENTATION_CONTEXT('2D SPACE',''
  ) );
#4651 = PCURVE('',#1108,#4652);
#4652 = DEFINITIONAL_REPRESENTATION('',(#4653),#4656);
#4653 = B_SPLINE_CURVE_WITH_KNOTS('',1,(#4654,#4655),.UNSPECIFIED.,.F.,
  .F.,(2,2),(0.,1.570796326795),.PIECEWISE_BEZIER_KNOTS.);
#4654 = CARTESIAN_POINT('',(-8.881784197001E-16,1.570796326795));
#4655 = CARTESIAN_POINT('',(-8.881784197001E-16,3.14159265359));
#4656 = ( GEOMETRIC_REPRESENTATION_CONTEXT(2) 
PARAMETRIC_REPRESENTATION_CONTEXT() REPRESENTATION_CONTEXT('2D SPACE',''
  ) );
#4657 = ORIENTED_EDGE('',*,*,#1059,.F.);
#4658 = ADVANCED_FACE('',(#4659),#1197,.F.);
#4659 = FACE_BOUND('',#4660,.T.);
#4660 = EDGE_LOOP('',(#4661,#4765,#4786,#4787));
#4661 = ORIENTED_EDGE('',*,*,#4662,.T.);
#4662 = EDGE_CURVE('',#1149,#4663,#4665,.T.);
#4663 = VERTEX_POINT('',#4664);
#4664 = CARTESIAN_POINT('',(21.75315953481,-28.08690275481,112.));
#4665 = SURFACE_CURVE('',#4666,(#4697,#4731),.PCURVE_S1.);
#4666 = B_SPLINE_CURVE_WITH_KNOTS('',5,(#4667,#4668,#4669,#4670,#4671,
    #4672,#4673,#4674,#4675,#4676,#4677,#4678,#4679,#4680,#4681,#4682,
    #4683,#4684,#4685,#4686,#4687,#4688,#4689,#4690,#4691,#4692,#4693,
    #4694,#4695,#4696),.UNSPECIFIED.,.F.,.F.,(6,4,4,4,4,4,4,6),(0.,
    0.242684033851,0.366766169325,0.444701798541,0.498535064333,
    0.636212931117,0.80670296264,1.),.UNSPECIFIED.);
#4667 = CARTESIAN_POINT('',(20.596231746073,-28.16806303456,111.2));
#4668 = CARTESIAN_POINT('',(20.678706906971,-28.14968243147,111.2));
#4669 = CARTESIAN_POINT('',(20.76141304469,-28.13359478178,
    111.20368248072));
#4670 = CARTESIAN_POINT('',(20.843949766349,-28.11986004777,
    111.21156363931));
#4671 = CARTESIAN_POINT('',(20.925643881939,-28.10851886629,
    111.22422926708));
#4672 = CARTESIAN_POINT('',(21.046407581648,-28.09483729319,
    111.25126727035));
#4673 = CARTESIAN_POINT('',(21.086794442018,-28.09080710345,
    111.26177983747));
#4674 = CARTESIAN_POINT('',(21.126582934406,-28.08736182209,
    111.27371467974));
#4675 = CARTESIAN_POINT('',(21.165624609143,-28.08447764617,
    111.28711641026));
#4676 = CARTESIAN_POINT('',(21.227710962845,-28.08063651101,
    111.31135354021));
#4677 = CARTESIAN_POINT('',(21.251305222582,-28.07936174028,
    111.32128973161));
#4678 = CARTESIAN_POINT('',(21.274501678628,-28.07828507033,
    111.33181646815));
#4679 = CARTESIAN_POINT('',(21.297259713524,-28.07739570445,
    111.34293396882));
#4680 = CARTESIAN_POINT('',(21.334926689772,-28.07618738248,
    111.36272239655));
#4681 = CARTESIAN_POINT('',(21.350086490016,-28.07577709229,
    111.37108663879));
#4682 = CARTESIAN_POINT('',(21.365003974826,-28.07544600927,
    111.37972924894));
#4683 = CARTESIAN_POINT('',(21.379665842743,-28.07518964344,
    111.38864766328));
#4684 = CARTESIAN_POINT('',(21.43086939972,-28.0745262631,
    111.42134289127));
#4685 = CARTESIAN_POINT('',(21.465923838958,-28.07450651003,
    111.44662834402));
#4686 = CARTESIAN_POINT('',(21.499000594063,-28.074863644,
    111.47363087137));
#4687 = CARTESIAN_POINT('',(21.529904942045,-28.07550457248,
    111.5022431294));
#4688 = CARTESIAN_POINT('',(21.593856646502,-28.07737298818,
    111.56955828788));
#4689 = CARTESIAN_POINT('',(21.625662149453,-28.07870405452,
    111.60904391273));
#4690 = CARTESIAN_POINT('',(21.653587819074,-28.08016105989,
    111.65049431831));
#4691 = CARTESIAN_POINT('',(21.677435789783,-28.0815837173,
    111.69356732053));
#4692 = CARTESIAN_POINT('',(21.719353049423,-28.08430327814,
    111.78815436452));
#4693 = CARTESIAN_POINT('',(21.736223087563,-28.08555796324,
    111.84002845549));
#4694 = CARTESIAN_POINT('',(21.747513471429,-28.08645477874,
    111.892992319));
#4695 = CARTESIAN_POINT('',(21.75315953481,-28.08690275481,
    111.94649589572));
#4696 = CARTESIAN_POINT('',(21.75315953481,-28.08690275481,112.));
#4697 = PCURVE('',#1197,#4698);
#4698 = DEFINITIONAL_REPRESENTATION('',(#4699),#4730);
#4699 = B_SPLINE_CURVE_WITH_KNOTS('',5,(#4700,#4701,#4702,#4703,#4704,
    #4705,#4706,#4707,#4708,#4709,#4710,#4711,#4712,#4713,#4714,#4715,
    #4716,#4717,#4718,#4719,#4720,#4721,#4722,#4723,#4724,#4725,#4726,
    #4727,#4728,#4729),.UNSPECIFIED.,.F.,.F.,(6,4,4,4,4,4,4,6),(0.,
    0.242684033851,0.366766169325,0.444701798541,0.498535064333,
    0.636212931117,0.80670296264,1.),.UNSPECIFIED.);
#4700 = CARTESIAN_POINT('',(0.,-0.839683809157));
#4701 = CARTESIAN_POINT('',(-6.067752371417E-02,-0.770519720722));
#4702 = CARTESIAN_POINT('',(-0.123500705738,-0.702893918758));
#4703 = CARTESIAN_POINT('',(-0.18861173683,-0.637120550935));
#4704 = CARTESIAN_POINT('',(-0.25609839396,-0.573683342865));
#4705 = CARTESIAN_POINT('',(-0.361649736259,-0.482185718417));
#4706 = CARTESIAN_POINT('',(-0.397972879045,-0.45198914248));
#4707 = CARTESIAN_POINT('',(-0.434903314309,-0.422627954257));
#4708 = CARTESIAN_POINT('',(-0.472425156722,-0.394184618377));
#4709 = CARTESIAN_POINT('',(-0.534429035935,-0.349503075882));
#4710 = CARTESIAN_POINT('',(-0.558570993247,-0.332659684394));
#4711 = CARTESIAN_POINT('',(-0.582927348929,-0.316230747588));
#4712 = CARTESIAN_POINT('',(-0.607489090365,-0.300235663862));
#4713 = CARTESIAN_POINT('',(-0.649345781745,-0.27395688647));
#4714 = CARTESIAN_POINT('',(-0.666538956155,-0.263436648912));
#4715 = CARTESIAN_POINT('',(-0.683821516091,-0.253138238316));
#4716 = CARTESIAN_POINT('',(-0.701189661211,-0.243067302312));
#4717 = CARTESIAN_POINT('',(-0.76326659031,-0.208067968421));
#4718 = CARTESIAN_POINT('',(-0.808428729455,-0.184428015985));
#4719 = CARTESIAN_POINT('',(-0.854053280301,-0.162399378816));
#4720 = CARTESIAN_POINT('',(-0.900069913295,-0.142044519212));
#4721 = CARTESIAN_POINT('',(-1.003782448569,-0.100323823412));
#4722 = CARTESIAN_POINT('',(-1.061652618763,-7.987147001882E-02));
#4723 = CARTESIAN_POINT('',(-1.119876877985,-6.212701628539E-02));
#4724 = CARTESIAN_POINT('',(-1.178354441013,-4.710540150248E-02));
#4725 = CARTESIAN_POINT('',(-1.303495262698,-2.086388103562E-02));
#4726 = CARTESIAN_POINT('',(-1.370209187048,-1.042103532938E-02));
#4727 = CARTESIAN_POINT('',(-1.437036560506,-3.474282600698E-03));
#4728 = CARTESIAN_POINT('',(-1.503916196448,5.329070518201E-15));
#4729 = CARTESIAN_POINT('',(-1.570796326795,5.329070518201E-15));
#4730 = ( GEOMETRIC_REPRESENTATION_CONTEXT(2) 
PARAMETRIC_REPRESENTATION_CONTEXT() REPRESENTATION_CONTEXT('2D SPACE',''
  ) );
#4731 = PCURVE('',#1169,#4732);
#4732 = DEFINITIONAL_REPRESENTATION('',(#4733),#4764);
#4733 = B_SPLINE_CURVE_WITH_KNOTS('',5,(#4734,#4735,#4736,#4737,#4738,
    #4739,#4740,#4741,#4742,#4743,#4744,#4745,#4746,#4747,#4748,#4749,
    #4750,#4751,#4752,#4753,#4754,#4755,#4756,#4757,#4758,#4759,#4760,
    #4761,#4762,#4763),.UNSPECIFIED.,.F.,.F.,(6,4,4,4,4,4,4,6),(0.,
    0.242684033851,0.366766169325,0.444701798541,0.498535064333,
    0.636212931117,0.80670296264,1.),.UNSPECIFIED.);
#4734 = CARTESIAN_POINT('',(-1.790075135267,-2.));
#4735 = CARTESIAN_POINT('',(-1.768408849829,-2.));
#4736 = CARTESIAN_POINT('',(-1.746812614947,-2.003682480722));
#4737 = CARTESIAN_POINT('',(-1.725369015422,-2.011563639316));
#4738 = CARTESIAN_POINT('',(-1.704227631398,-2.02422926708));
#4739 = CARTESIAN_POINT('',(-1.673064494017,-2.051267270351));
#4740 = CARTESIAN_POINT('',(-1.662658383741,-2.061779837478));
#4741 = CARTESIAN_POINT('',(-1.652419166988,-2.073714679741));
#4742 = CARTESIAN_POINT('',(-1.64238191894,-2.087116410268));
#4743 = CARTESIAN_POINT('',(-1.626431903255,-2.111353540219));
#4744 = CARTESIAN_POINT('',(-1.620373455636,-2.121289731618));
#4745 = CARTESIAN_POINT('',(-1.614419461497,-2.131816468153));
#4746 = CARTESIAN_POINT('',(-1.608579757782,-2.14293396882));
#4747 = CARTESIAN_POINT('',(-1.598916590553,-2.162722396551));
#4748 = CARTESIAN_POINT('',(-1.595028087833,-2.171086638793));
#4749 = CARTESIAN_POINT('',(-1.591202208004,-2.179729248941));
#4750 = CARTESIAN_POINT('',(-1.5874422187,-2.188647663285));
#4751 = CARTESIAN_POINT('',(-1.574311999703,-2.221342891273));
#4752 = CARTESIAN_POINT('',(-1.56532437328,-2.246628344022));
#4753 = CARTESIAN_POINT('',(-1.556843287807,-2.273630871377));
#4754 = CARTESIAN_POINT('',(-1.548917673961,-2.302243129406));
#4755 = CARTESIAN_POINT('',(-1.532512804091,-2.369558287881));
#4756 = CARTESIAN_POINT('',(-1.524351060387,-2.409043912739));
#4757 = CARTESIAN_POINT('',(-1.517181206786,-2.450494318315));
#4758 = CARTESIAN_POINT('',(-1.511055552473,-2.493567320537));
#4759 = CARTESIAN_POINT('',(-1.500284940026,-2.588154364527));
#4760 = CARTESIAN_POINT('',(-1.495947526109,-2.640028455499));
#4761 = CARTESIAN_POINT('',(-1.493043392419,-2.692992319001));
#4762 = CARTESIAN_POINT('',(-1.491591144123,-2.746495895723));
#4763 = CARTESIAN_POINT('',(-1.491591144123,-2.8));
#4764 = ( GEOMETRIC_REPRESENTATION_CONTEXT(2) 
PARAMETRIC_REPRESENTATION_CONTEXT() REPRESENTATION_CONTEXT('2D SPACE',''
  ) );
#4765 = ORIENTED_EDGE('',*,*,#4766,.T.);
#4766 = EDGE_CURVE('',#4663,#4265,#4767,.T.);
#4767 = SURFACE_CURVE('',#4768,(#4772,#4779),.PCURVE_S1.);
#4768 = LINE('',#4769,#4770);
#4769 = CARTESIAN_POINT('',(21.75315953481,-28.08690275481,112.));
#4770 = VECTOR('',#4771,1.);
#4771 = DIRECTION('',(0.673961987522,0.738766024784,0.));
#4772 = PCURVE('',#1197,#4773);
#4773 = DEFINITIONAL_REPRESENTATION('',(#4774),#4778);
#4774 = LINE('',#4775,#4776);
#4775 = CARTESIAN_POINT('',(-1.570796326795,0.));
#4776 = VECTOR('',#4777,1.);
#4777 = DIRECTION('',(-0.,1.));
#4778 = ( GEOMETRIC_REPRESENTATION_CONTEXT(2) 
PARAMETRIC_REPRESENTATION_CONTEXT() REPRESENTATION_CONTEXT('2D SPACE',''
  ) );
#4779 = PCURVE('',#4279,#4780);
#4780 = DEFINITIONAL_REPRESENTATION('',(#4781),#4785);
#4781 = LINE('',#4782,#4783);
#4782 = CARTESIAN_POINT('',(7.2,-6.088846861698));
#4783 = VECTOR('',#4784,1.);
#4784 = DIRECTION('',(0.,1.));
#4785 = ( GEOMETRIC_REPRESENTATION_CONTEXT(2) 
PARAMETRIC_REPRESENTATION_CONTEXT() REPRESENTATION_CONTEXT('2D SPACE',''
  ) );
#4786 = ORIENTED_EDGE('',*,*,#4498,.F.);
#4787 = ORIENTED_EDGE('',*,*,#1181,.F.);
#4788 = ADVANCED_FACE('',(#4789),#1108,.F.);
#4789 = FACE_BOUND('',#4790,.F.);
#4790 = EDGE_LOOP('',(#4791,#4792,#4793,#4815));
#4791 = ORIENTED_EDGE('',*,*,#4638,.F.);
#4792 = ORIENTED_EDGE('',*,*,#1087,.T.);
#4793 = ORIENTED_EDGE('',*,*,#4794,.T.);
#4794 = EDGE_CURVE('',#1088,#4795,#4797,.T.);
#4795 = VERTEX_POINT('',#4796);
#4796 = CARTESIAN_POINT('',(51.608304099822,-57.91012819827,112.));
#4797 = SURFACE_CURVE('',#4798,(#4803,#4809),.PCURVE_S1.);
#4798 = CIRCLE('',#4799,0.8);
#4799 = AXIS2_PLACEMENT_3D('',#4800,#4801,#4802);
#4800 = CARTESIAN_POINT('',(51.069134509805,-58.50114101809,112.));
#4801 = DIRECTION('',(0.738766024784,-0.673961987522,0.));
#4802 = DIRECTION('',(-0.673961987522,-0.738766024784,0.));
#4803 = PCURVE('',#1108,#4804);
#4804 = DEFINITIONAL_REPRESENTATION('',(#4805),#4808);
#4805 = B_SPLINE_CURVE_WITH_KNOTS('',1,(#4806,#4807),.UNSPECIFIED.,.F.,
  .F.,(2,2),(1.570796326795,3.14159265359),.PIECEWISE_BEZIER_KNOTS.);
#4806 = CARTESIAN_POINT('',(3.14159265359,1.570796326795));
#4807 = CARTESIAN_POINT('',(3.14159265359,3.14159265359));
#4808 = ( GEOMETRIC_REPRESENTATION_CONTEXT(2) 
PARAMETRIC_REPRESENTATION_CONTEXT() REPRESENTATION_CONTEXT('2D SPACE',''
  ) );
#4809 = PCURVE('',#1136,#4810);
#4810 = DEFINITIONAL_REPRESENTATION('',(#4811),#4814);
#4811 = B_SPLINE_CURVE_WITH_KNOTS('',1,(#4812,#4813),.UNSPECIFIED.,.F.,
  .F.,(2,2),(1.570796326795,3.14159265359),.PIECEWISE_BEZIER_KNOTS.);
#4812 = CARTESIAN_POINT('',(0.,1.42108547152E-14));
#4813 = CARTESIAN_POINT('',(-1.570796326795,1.42108547152E-14));
#4814 = ( GEOMETRIC_REPRESENTATION_CONTEXT(2) 
PARAMETRIC_REPRESENTATION_CONTEXT() REPRESENTATION_CONTEXT('2D SPACE',''
  ) );
#4815 = ORIENTED_EDGE('',*,*,#4816,.F.);
#4816 = EDGE_CURVE('',#4611,#4795,#4817,.T.);
#4817 = SURFACE_CURVE('',#4818,(#4823,#4830),.PCURVE_S1.);
#4818 = CIRCLE('',#4819,8.);
#4819 = AXIS2_PLACEMENT_3D('',#4820,#4821,#4822);
#4820 = CARTESIAN_POINT('',(57.,-52.,112.));
#4821 = DIRECTION('',(0.,-0.,-1.));
#4822 = DIRECTION('',(0.673961987522,0.738766024784,-0.));
#4823 = PCURVE('',#1108,#4824);
#4824 = DEFINITIONAL_REPRESENTATION('',(#4825),#4829);
#4825 = LINE('',#4826,#4827);
#4826 = CARTESIAN_POINT('',(0.,3.14159265359));
#4827 = VECTOR('',#4828,1.);
#4828 = DIRECTION('',(1.,0.));
#4829 = ( GEOMETRIC_REPRESENTATION_CONTEXT(2) 
PARAMETRIC_REPRESENTATION_CONTEXT() REPRESENTATION_CONTEXT('2D SPACE',''
  ) );
#4830 = PCURVE('',#4831,#4836);
#4831 = CYLINDRICAL_SURFACE('',#4832,8.);
#4832 = AXIS2_PLACEMENT_3D('',#4833,#4834,#4835);
#4833 = CARTESIAN_POINT('',(57.,-52.,111.2));
#4834 = DIRECTION('',(-0.,-0.,-1.));
#4835 = DIRECTION('',(1.,0.,0.));
#4836 = DEFINITIONAL_REPRESENTATION('',(#4837),#4841);
#4837 = LINE('',#4838,#4839);
#4838 = CARTESIAN_POINT('',(-7.114422896458,-0.8));
#4839 = VECTOR('',#4840,1.);
#4840 = DIRECTION('',(1.,-0.));
#4841 = ( GEOMETRIC_REPRESENTATION_CONTEXT(2) 
PARAMETRIC_REPRESENTATION_CONTEXT() REPRESENTATION_CONTEXT('2D SPACE',''
  ) );
#4842 = ADVANCED_FACE('',(#4843),#1169,.F.);
#4843 = FACE_BOUND('',#4844,.T.);
#4844 = EDGE_LOOP('',(#4845,#4873,#4901,#4924,#4951,#4952,#4987,#5201,
    #5220,#5221,#5222));
#4845 = ORIENTED_EDGE('',*,*,#4846,.F.);
#4846 = EDGE_CURVE('',#4847,#4849,#4851,.T.);
#4847 = VERTEX_POINT('',#4848);
#4848 = CARTESIAN_POINT('',(24.981140857017,-33.61868102939,
    120.36006767849));
#4849 = VERTEX_POINT('',#4850);
#4850 = CARTESIAN_POINT('',(24.981140857017,-33.61868102939,112.));
#4851 = SURFACE_CURVE('',#4852,(#4856,#4862),.PCURVE_S1.);
#4852 = LINE('',#4853,#4854);
#4853 = CARTESIAN_POINT('',(24.981140857017,-33.61868102939,109.2));
#4854 = VECTOR('',#4855,1.);
#4855 = DIRECTION('',(-0.,-0.,-1.));
#4856 = PCURVE('',#1169,#4857);
#4857 = DEFINITIONAL_REPRESENTATION('',(#4858),#4861);
#4858 = B_SPLINE_CURVE_WITH_KNOTS('',1,(#4859,#4860),.UNSPECIFIED.,.F.,
  .F.,(2,2),(-19.6,-0.4),.PIECEWISE_BEZIER_KNOTS.);
#4859 = CARTESIAN_POINT('',(-5.848042640993,-19.6));
#4860 = CARTESIAN_POINT('',(-5.848042640993,-0.4));
#4861 = ( GEOMETRIC_REPRESENTATION_CONTEXT(2) 
PARAMETRIC_REPRESENTATION_CONTEXT() REPRESENTATION_CONTEXT('2D SPACE',''
  ) );
#4862 = PCURVE('',#4863,#4868);
#4863 = PLANE('',#4864);
#4864 = AXIS2_PLACEMENT_3D('',#4865,#4866,#4867);
#4865 = CARTESIAN_POINT('',(37.178910824558,-44.74647117522,
    117.38809422252));
#4866 = DIRECTION('',(-0.673961987522,-0.738766024784,-0.));
#4867 = DIRECTION('',(0.,0.,-1.));
#4868 = DEFINITIONAL_REPRESENTATION('',(#4869),#4872);
#4869 = B_SPLINE_CURVE_WITH_KNOTS('',1,(#4870,#4871),.UNSPECIFIED.,.F.,
  .F.,(2,2),(-19.6,-0.4),.PIECEWISE_BEZIER_KNOTS.);
#4870 = CARTESIAN_POINT('',(-11.41190577747,-16.51100559356));
#4871 = CARTESIAN_POINT('',(7.788094222526,-16.51100559356));
#4872 = ( GEOMETRIC_REPRESENTATION_CONTEXT(2) 
PARAMETRIC_REPRESENTATION_CONTEXT() REPRESENTATION_CONTEXT('2D SPACE',''
  ) );
#4873 = ORIENTED_EDGE('',*,*,#4874,.F.);
#4874 = EDGE_CURVE('',#4875,#4847,#4877,.T.);
#4875 = VERTEX_POINT('',#4876);
#4876 = CARTESIAN_POINT('',(25.3445822,-31.9746759,120.20075368548));
#4877 = SURFACE_CURVE('',#4878,(#4883,#4894),.PCURVE_S1.);
#4878 = ELLIPSE('',#4879,3.969605552576,3.9);
#4879 = AXIS2_PLACEMENT_3D('',#4880,#4881,#4882);
#4880 = CARTESIAN_POINT('',(21.4445822,-31.9746759,119.65398285235));
#4881 = DIRECTION('',(0.137739336036,-0.125656938138,-0.982465373032));
#4882 = DIRECTION('',(-0.725812038123,0.66214431548,-0.186445141513));
#4883 = PCURVE('',#1169,#4884);
#4884 = DEFINITIONAL_REPRESENTATION('',(#4885),#4893);
#4885 = B_SPLINE_CURVE_WITH_KNOTS('',6,(#4886,#4887,#4888,#4889,#4890,
    #4891,#4892),.UNSPECIFIED.,.F.,.F.,(7,7),(2.402033916073,
    3.252339160015),.PIECEWISE_BEZIER_KNOTS.);
#4886 = CARTESIAN_POINT('',(-6.28318530718,-11.00075368548));
#4887 = CARTESIAN_POINT('',(-6.141467766523,-11.07144359644));
#4888 = CARTESIAN_POINT('',(-5.999750225866,-11.12895588999));
#4889 = CARTESIAN_POINT('',(-5.858032685209,-11.17073577408));
#4890 = CARTESIAN_POINT('',(-5.716315144552,-11.19501892569));
#4891 = CARTESIAN_POINT('',(-5.574597603895,-11.20115463824));
#4892 = CARTESIAN_POINT('',(-5.432880063238,-11.18956248939));
#4893 = ( GEOMETRIC_REPRESENTATION_CONTEXT(2) 
PARAMETRIC_REPRESENTATION_CONTEXT() REPRESENTATION_CONTEXT('2D SPACE',''
  ) );
#4894 = PCURVE('',#4327,#4895);
#4895 = DEFINITIONAL_REPRESENTATION('',(#4896),#4900);
#4896 = ELLIPSE('',#4897,3.969605552576,3.9);
#4897 = AXIS2_PLACEMENT_2D('',#4898,#4899);
#4898 = CARTESIAN_POINT('',(40.47312301313,-9.168970967303));
#4899 = DIRECTION('',(1.,4.844955271411E-17));
#4900 = ( GEOMETRIC_REPRESENTATION_CONTEXT(2) 
PARAMETRIC_REPRESENTATION_CONTEXT() REPRESENTATION_CONTEXT('2D SPACE',''
  ) );
#4901 = ORIENTED_EDGE('',*,*,#4902,.F.);
#4902 = EDGE_CURVE('',#4903,#4875,#4905,.T.);
#4903 = VERTEX_POINT('',#4904);
#4904 = CARTESIAN_POINT('',(25.3445822,-31.9746759,109.2));
#4905 = SEAM_CURVE('',#4906,(#4910,#4917),.PCURVE_S1.);
#4906 = LINE('',#4907,#4908);
#4907 = CARTESIAN_POINT('',(25.3445822,-31.9746759,109.2));
#4908 = VECTOR('',#4909,1.);
#4909 = DIRECTION('',(0.,0.,1.));
#4910 = PCURVE('',#1169,#4911);
#4911 = DEFINITIONAL_REPRESENTATION('',(#4912),#4916);
#4912 = LINE('',#4913,#4914);
#4913 = CARTESIAN_POINT('',(-6.28318530718,0.));
#4914 = VECTOR('',#4915,1.);
#4915 = DIRECTION('',(-0.,-1.));
#4916 = ( GEOMETRIC_REPRESENTATION_CONTEXT(2) 
PARAMETRIC_REPRESENTATION_CONTEXT() REPRESENTATION_CONTEXT('2D SPACE',''
  ) );
#4917 = PCURVE('',#1169,#4918);
#4918 = DEFINITIONAL_REPRESENTATION('',(#4919),#4923);
#4919 = LINE('',#4920,#4921);
#4920 = CARTESIAN_POINT('',(-0.,0.));
#4921 = VECTOR('',#4922,1.);
#4922 = DIRECTION('',(-0.,-1.));
#4923 = ( GEOMETRIC_REPRESENTATION_CONTEXT(2) 
PARAMETRIC_REPRESENTATION_CONTEXT() REPRESENTATION_CONTEXT('2D SPACE',''
  ) );
#4924 = ORIENTED_EDGE('',*,*,#4925,.F.);
#4925 = EDGE_CURVE('',#4903,#4903,#4926,.T.);
#4926 = SURFACE_CURVE('',#4927,(#4932,#4939),.PCURVE_S1.);
#4927 = CIRCLE('',#4928,3.9);
#4928 = AXIS2_PLACEMENT_3D('',#4929,#4930,#4931);
#4929 = CARTESIAN_POINT('',(21.4445822,-31.9746759,109.2));
#4930 = DIRECTION('',(0.,0.,1.));
#4931 = DIRECTION('',(1.,0.,0.));
#4932 = PCURVE('',#1169,#4933);
#4933 = DEFINITIONAL_REPRESENTATION('',(#4934),#4938);
#4934 = LINE('',#4935,#4936);
#4935 = CARTESIAN_POINT('',(-0.,0.));
#4936 = VECTOR('',#4937,1.);
#4937 = DIRECTION('',(-1.,0.));
#4938 = ( GEOMETRIC_REPRESENTATION_CONTEXT(2) 
PARAMETRIC_REPRESENTATION_CONTEXT() REPRESENTATION_CONTEXT('2D SPACE',''
  ) );
#4939 = PCURVE('',#4940,#4945);
#4940 = PLANE('',#4941);
#4941 = AXIS2_PLACEMENT_3D('',#4942,#4943,#4944);
#4942 = CARTESIAN_POINT('',(37.7472349,7.5760318,109.2));
#4943 = DIRECTION('',(0.,0.,1.));
#4944 = DIRECTION('',(1.,0.,0.));
#4945 = DEFINITIONAL_REPRESENTATION('',(#4946),#4950);
#4946 = CIRCLE('',#4947,3.9);
#4947 = AXIS2_PLACEMENT_2D('',#4948,#4949);
#4948 = CARTESIAN_POINT('',(-16.3026527,-39.5507077));
#4949 = DIRECTION('',(1.,0.));
#4950 = ( GEOMETRIC_REPRESENTATION_CONTEXT(2) 
PARAMETRIC_REPRESENTATION_CONTEXT() REPRESENTATION_CONTEXT('2D SPACE',''
  ) );
#4951 = ORIENTED_EDGE('',*,*,#4902,.T.);
#4952 = ORIENTED_EDGE('',*,*,#4953,.F.);
#4953 = EDGE_CURVE('',#4954,#4875,#4956,.T.);
#4954 = VERTEX_POINT('',#4955);
#4955 = CARTESIAN_POINT('',(22.711969496081,-28.2863525083,
    119.35993244861));
#4956 = SURFACE_CURVE('',#4957,(#4962,#4980),.PCURVE_S1.);
#4957 = ELLIPSE('',#4958,3.969605552576,3.9);
#4958 = AXIS2_PLACEMENT_3D('',#4959,#4960,#4961);
#4959 = CARTESIAN_POINT('',(21.4445822,-31.9746759,119.65398285235));
#4960 = DIRECTION('',(0.137739336036,-0.125656938138,-0.982465373032));
#4961 = DIRECTION('',(-0.725812038123,0.66214431548,-0.186445141513));
#4962 = PCURVE('',#1169,#4963);
#4963 = DEFINITIONAL_REPRESENTATION('',(#4964),#4979);
#4964 = B_SPLINE_CURVE_WITH_KNOTS('',7,(#4965,#4966,#4967,#4968,#4969,
    #4970,#4971,#4972,#4973,#4974,#4975,#4976,#4977,#4978),
  .UNSPECIFIED.,.F.,.F.,(8,6,8),(6.172438800754,7.428829012003,
    8.685219223253),.UNSPECIFIED.);
#4965 = CARTESIAN_POINT('',(-2.512780422499,-9.718403215307));
#4966 = CARTESIAN_POINT('',(-2.333296106606,-9.703721836447));
#4967 = CARTESIAN_POINT('',(-2.153811790713,-9.716686431871));
#4968 = CARTESIAN_POINT('',(-1.974327474822,-9.758068237355));
#4969 = CARTESIAN_POINT('',(-1.794843158928,-9.826462776307));
#4970 = CARTESIAN_POINT('',(-1.615358843035,-9.918163067223));
#4971 = CARTESIAN_POINT('',(-1.435874527142,-10.02770277342));
#4972 = CARTESIAN_POINT('',(-1.076905895357,-10.26972862771));
#4973 = CARTESIAN_POINT('',(-0.897421579464,-10.40221460439));
#4974 = CARTESIAN_POINT('',(-0.717937263571,-10.53980646114));
#4975 = CARTESIAN_POINT('',(-0.538452947678,-10.67523071012));
#4976 = CARTESIAN_POINT('',(-0.358968631786,-10.80114736203));
#4977 = CARTESIAN_POINT('',(-0.179484315893,-10.91122538681));
#4978 = CARTESIAN_POINT('',(0.,-11.00075368548));
#4979 = ( GEOMETRIC_REPRESENTATION_CONTEXT(2) 
PARAMETRIC_REPRESENTATION_CONTEXT() REPRESENTATION_CONTEXT('2D SPACE',''
  ) );
#4980 = PCURVE('',#4327,#4981);
#4981 = DEFINITIONAL_REPRESENTATION('',(#4982),#4986);
#4982 = ELLIPSE('',#4983,3.969605552576,3.9);
#4983 = AXIS2_PLACEMENT_2D('',#4984,#4985);
#4984 = CARTESIAN_POINT('',(40.47312301313,-9.168970967303));
#4985 = DIRECTION('',(1.,4.844955271411E-17));
#4986 = ( GEOMETRIC_REPRESENTATION_CONTEXT(2) 
PARAMETRIC_REPRESENTATION_CONTEXT() REPRESENTATION_CONTEXT('2D SPACE',''
  ) );
#4987 = ORIENTED_EDGE('',*,*,#4988,.T.);
#4988 = EDGE_CURVE('',#4954,#4989,#4991,.T.);
#4989 = VERTEX_POINT('',#4990);
#4990 = CARTESIAN_POINT('',(21.75315953481,-28.08690275481,
    118.9407202337));
#4991 = SURFACE_CURVE('',#4992,(#5058,#5127),.PCURVE_S1.);
#4992 = B_SPLINE_CURVE_WITH_KNOTS('',8,(#4993,#4994,#4995,#4996,#4997,
    #4998,#4999,#5000,#5001,#5002,#5003,#5004,#5005,#5006,#5007,#5008,
    #5009,#5010,#5011,#5012,#5013,#5014,#5015,#5016,#5017,#5018,#5019,
    #5020,#5021,#5022,#5023,#5024,#5025,#5026,#5027,#5028,#5029,#5030,
    #5031,#5032,#5033,#5034,#5035,#5036,#5037,#5038,#5039,#5040,#5041,
    #5042,#5043,#5044,#5045,#5046,#5047,#5048,#5049,#5050,#5051,#5052,
    #5053,#5054,#5055,#5056,#5057),.UNSPECIFIED.,.F.,.F.,(9,7,7,7,7,7,7,
    7,7,9),(0.,0.11460503314,0.215170815478,0.289712052625,
    0.377694513784,0.498635555715,0.619576597647,0.707559058823,
    0.782100296002,1.),.UNSPECIFIED.);
#4993 = CARTESIAN_POINT('',(24.82190924737,-30.02437797016,
    120.36006827849));
#4994 = CARTESIAN_POINT('',(24.685772792484,-29.78863074191,
    120.29199472135));
#4995 = CARTESIAN_POINT('',(24.52939583297,-29.5612614522,
    120.21433347848));
#4996 = CARTESIAN_POINT('',(24.352956315618,-29.34417602989,
    120.1274482409));
#4997 = CARTESIAN_POINT('',(24.156772424319,-29.1393539499,
    120.03182285805));
#4998 = CARTESIAN_POINT('',(23.941321515853,-28.94886065234,
    119.92806182772));
#4999 = CARTESIAN_POINT('',(23.707265152515,-28.7748614861,
    119.81688666614));
#5000 = CARTESIAN_POINT('',(23.45548023157,-28.61963717682,
    119.69912815842));
#5001 = CARTESIAN_POINT('',(22.951589548364,-28.36798407236,
    119.46741913898));
#5002 = CARTESIAN_POINT('',(22.702714590551,-28.26638977874,
    119.35449960264));
#5003 = CARTESIAN_POINT('',(22.442334966639,-28.18319585997,
    119.23810132678));
#5004 = CARTESIAN_POINT('',(22.172650590256,-28.1203333648,
    119.11947796144));
#5005 = CARTESIAN_POINT('',(21.896128522262,-28.0792734653,
    118.99991890179));
#5006 = CARTESIAN_POINT('',(21.615426128615,-28.06101374632,
    118.88068909152));
#5007 = CARTESIAN_POINT('',(21.33330653397,-28.0660637883,118.7629810879
    ));
#5008 = CARTESIAN_POINT('',(20.844441691631,-28.1154556415,118.562563858
    ));
#5009 = CARTESIAN_POINT('',(20.637784993172,-28.14922067784,
    118.47896772414));
#5010 = CARTESIAN_POINT('',(20.433823889646,-28.19556431185,
    118.39756773659));
#5011 = CARTESIAN_POINT('',(20.233773667844,-28.25413317136,
    118.31879006849));
#5012 = CARTESIAN_POINT('',(20.03879512278,-28.32438719494,
    118.24300565119));
#5013 = CARTESIAN_POINT('',(19.849971233635,-28.40560528995,
    118.17052723382));
#5014 = CARTESIAN_POINT('',(19.668282680233,-28.49689080622,
    118.10160816771));
#5015 = CARTESIAN_POINT('',(19.289560170043,-28.71554634942,
    117.95952711091));
#5016 = CARTESIAN_POINT('',(19.09569794081,-28.8464368041,
    117.88785258429));
#5017 = CARTESIAN_POINT('',(18.91355713887,-28.9885706383,
    117.82142290508));
#5018 = CARTESIAN_POINT('',(18.743595200394,-29.14068891358,
    117.76020464482));
#5019 = CARTESIAN_POINT('',(18.586164201187,-29.30154788168,
    117.70413515017));
#5020 = CARTESIAN_POINT('',(18.441510066602,-29.4699161981,
    117.65312856889));
#5021 = CARTESIAN_POINT('',(18.309772161342,-29.64457277168,
    117.6070801292));
#5022 = CARTESIAN_POINT('',(18.027695560505,-30.07136623157,
    117.50921923986));
#5023 = CARTESIAN_POINT('',(17.888604400393,-30.32842672576,
    117.46161546469));
#5024 = CARTESIAN_POINT('',(17.773348484147,-30.59328492812,
    117.42259124995));
#5025 = CARTESIAN_POINT('',(17.68158220278,-30.86404032586,
    117.39176832256));
#5026 = CARTESIAN_POINT('',(17.613004039842,-31.13902337116,
    117.36885635891));
#5027 = CARTESIAN_POINT('',(17.567382877239,-31.41672677487,
    117.35365499778));
#5028 = CARTESIAN_POINT('',(17.5445822,-31.69573842071,117.34605774087)
  );
#5029 = CARTESIAN_POINT('',(17.5445822,-32.25361337928,117.34605774087)
  );
#5030 = CARTESIAN_POINT('',(17.567382877239,-32.53262502512,
    117.35365499778));
#5031 = CARTESIAN_POINT('',(17.613004039842,-32.81032842883,
    117.36885635891));
#5032 = CARTESIAN_POINT('',(17.68158220278,-33.08531147413,
    117.39176832256));
#5033 = CARTESIAN_POINT('',(17.773348484147,-33.35606687188,
    117.42259124995));
#5034 = CARTESIAN_POINT('',(17.888604400393,-33.62092507424,
    117.46161546469));
#5035 = CARTESIAN_POINT('',(18.027695560505,-33.87798556842,
    117.50921923986));
#5036 = CARTESIAN_POINT('',(18.309772161366,-34.30477902835,
    117.60708012921));
#5037 = CARTESIAN_POINT('',(18.441510066615,-34.4794356019,
    117.65312856889));
#5038 = CARTESIAN_POINT('',(18.586164201174,-34.64780391829,
    117.70413515016));
#5039 = CARTESIAN_POINT('',(18.743595200365,-34.80866288639,
    117.76020464481));
#5040 = CARTESIAN_POINT('',(18.91355713885,-34.96078116168,
    117.82142290507));
#5041 = CARTESIAN_POINT('',(19.095697940822,-35.1029149959,
    117.8878525843));
#5042 = CARTESIAN_POINT('',(19.289560170081,-35.23380545059,
    117.95952711092));
#5043 = CARTESIAN_POINT('',(19.668282680239,-35.45246099378,
    118.10160816771));
#5044 = CARTESIAN_POINT('',(19.849971233658,-35.54374651006,
    118.17052723382));
#5045 = CARTESIAN_POINT('',(20.038795122788,-35.62496460505,
    118.2430056512));
#5046 = CARTESIAN_POINT('',(20.233773667818,-35.69521862862,
    118.31879006848));
#5047 = CARTESIAN_POINT('',(20.433823889604,-35.75378748813,
    118.39756773657));
#5048 = CARTESIAN_POINT('',(20.637784993167,-35.80013112216,
    118.47896772414));
#5049 = CARTESIAN_POINT('',(20.84444169169,-35.8338961585,
    118.56256385803));
#5050 = CARTESIAN_POINT('',(21.660880089876,-35.91638399975,
    118.89727461646));
#5051 = CARTESIAN_POINT('',(22.26313578834,-35.86712255967,
    119.15379842592));
#5052 = CARTESIAN_POINT('',(22.83818065681,-35.71582470715,
    119.40863684419));
#5053 = CARTESIAN_POINT('',(23.368423562404,-35.4741375792,
    119.6525645592));
#5054 = CARTESIAN_POINT('',(23.839698901101,-35.15653284756,
    119.87632178365));
#5055 = CARTESIAN_POINT('',(24.241802233663,-34.77983536958,
    120.0718305997));
#5056 = CARTESIAN_POINT('',(24.569146003128,-34.36268343732,
    120.23367676078));
#5057 = CARTESIAN_POINT('',(24.82190924737,-33.92497382983,
    120.36006827849));
#5058 = PCURVE('',#1169,#5059);
#5059 = DEFINITIONAL_REPRESENTATION('',(#5060),#5126);
#5060 = B_SPLINE_CURVE_WITH_KNOTS('',8,(#5061,#5062,#5063,#5064,#5065,
    #5066,#5067,#5068,#5069,#5070,#5071,#5072,#5073,#5074,#5075,#5076,
    #5077,#5078,#5079,#5080,#5081,#5082,#5083,#5084,#5085,#5086,#5087,
    #5088,#5089,#5090,#5091,#5092,#5093,#5094,#5095,#5096,#5097,#5098,
    #5099,#5100,#5101,#5102,#5103,#5104,#5105,#5106,#5107,#5108,#5109,
    #5110,#5111,#5112,#5113,#5114,#5115,#5116,#5117,#5118,#5119,#5120,
    #5121,#5122,#5123,#5124,#5125),.UNSPECIFIED.,.F.,.F.,(9,7,7,7,7,7,7,
    7,7,9),(0.,0.11460503314,0.215170815478,0.289712052625,
    0.377694513784,0.498635555715,0.619576597647,0.707559058823,
    0.782100296002,1.),.UNSPECIFIED.);
#5061 = CARTESIAN_POINT('',(-0.523686988034,-11.16006827849));
#5062 = CARTESIAN_POINT('',(-0.593489889838,-11.09199472135));
#5063 = CARTESIAN_POINT('',(-0.664027953503,-11.01433347848));
#5064 = CARTESIAN_POINT('',(-0.735372904186,-10.9274482409));
#5065 = CARTESIAN_POINT('',(-0.807609248766,-10.83182285805));
#5066 = CARTESIAN_POINT('',(-0.880832335899,-10.72806182772));
#5067 = CARTESIAN_POINT('',(-0.95515053634,-10.61688666614));
#5068 = CARTESIAN_POINT('',(-1.030691543545,-10.49912815842));
#5069 = CARTESIAN_POINT('',(-1.175111102177,-10.26741913898));
#5070 = CARTESIAN_POINT('',(-1.24384035027,-10.15449960264));
#5071 = CARTESIAN_POINT('',(-1.313569533988,-10.03810132678));
#5072 = CARTESIAN_POINT('',(-1.38411262861,-9.919477961448));
#5073 = CARTESIAN_POINT('',(-1.455312827589,-9.799918901797));
#5074 = CARTESIAN_POINT('',(-1.527030107109,-9.680689091525));
#5075 = CARTESIAN_POINT('',(-1.599132117147,-9.562981087909));
#5076 = CARTESIAN_POINT('',(-1.725120227279,-9.362563858008));
#5077 = CARTESIAN_POINT('',(-1.778710999497,-9.278967724148));
#5078 = CARTESIAN_POINT('',(-1.832173440777,-9.197567736595));
#5079 = CARTESIAN_POINT('',(-1.885421819418,-9.118790068496));
#5080 = CARTESIAN_POINT('',(-1.938368048346,-9.043005651196));
#5081 = CARTESIAN_POINT('',(-1.990917762859,-8.970527233821));
#5082 = CARTESIAN_POINT('',(-2.04296637469,-8.901608167715));
#5083 = CARTESIAN_POINT('',(-2.155097422488,-8.75952711091));
#5084 = CARTESIAN_POINT('',(-2.214926890266,-8.687852584299));
#5085 = CARTESIAN_POINT('',(-2.273935732103,-8.621422905082));
#5086 = CARTESIAN_POINT('',(-2.332160871908,-8.560204644823));
#5087 = CARTESIAN_POINT('',(-2.389627629916,-8.504135150172));
#5088 = CARTESIAN_POINT('',(-2.446351428612,-8.45312856889));
#5089 = CARTESIAN_POINT('',(-2.502337505776,-8.407080129208));
#5090 = CARTESIAN_POINT('',(-2.633513310677,-8.309219239866));
#5091 = CARTESIAN_POINT('',(-2.708166346633,-8.261615464699));
#5092 = CARTESIAN_POINT('',(-2.781783950014,-8.222591249953));
#5093 = CARTESIAN_POINT('',(-2.854583076998,-8.191768322567));
#5094 = CARTESIAN_POINT('',(-2.926765604607,-8.168856358919));
#5095 = CARTESIAN_POINT('',(-2.998528533728,-8.153654997787));
#5096 = CARTESIAN_POINT('',(-3.070070223003,-8.146057740873));
#5097 = CARTESIAN_POINT('',(-3.213115084176,-8.146057740873));
#5098 = CARTESIAN_POINT('',(-3.284656773452,-8.153654997787));
#5099 = CARTESIAN_POINT('',(-3.356419702573,-8.168856358919));
#5100 = CARTESIAN_POINT('',(-3.428602230182,-8.191768322567));
#5101 = CARTESIAN_POINT('',(-3.501401357166,-8.222591249953));
#5102 = CARTESIAN_POINT('',(-3.575018960546,-8.261615464699));
#5103 = CARTESIAN_POINT('',(-3.649671996503,-8.309219239866));
#5104 = CARTESIAN_POINT('',(-3.780847801415,-8.407080129217));
#5105 = CARTESIAN_POINT('',(-3.836833878571,-8.453128568895));
#5106 = CARTESIAN_POINT('',(-3.893557677257,-8.504135150168));
#5107 = CARTESIAN_POINT('',(-3.951024435261,-8.560204644812));
#5108 = CARTESIAN_POINT('',(-4.009249575071,-8.621422905074));
#5109 = CARTESIAN_POINT('',(-4.068258416918,-8.687852584303));
#5110 = CARTESIAN_POINT('',(-4.128087884703,-8.759527110925));
#5111 = CARTESIAN_POINT('',(-4.240218932491,-8.901608167718));
#5112 = CARTESIAN_POINT('',(-4.292267544327,-8.970527233829));
#5113 = CARTESIAN_POINT('',(-4.344817258835,-9.0430056512));
#5114 = CARTESIAN_POINT('',(-4.397763487754,-9.118790068486));
#5115 = CARTESIAN_POINT('',(-4.451011866392,-9.197567736578));
#5116 = CARTESIAN_POINT('',(-4.504474307682,-9.278967724145));
#5117 = CARTESIAN_POINT('',(-4.558065079916,-9.362563858032));
#5118 = CARTESIAN_POINT('',(-4.768474014898,-9.697274616462));
#5119 = CARTESIAN_POINT('',(-4.92084680167,-9.953798425925));
#5120 = CARTESIAN_POINT('',(-5.069518627696,-10.20863684419));
#5121 = CARTESIAN_POINT('',(-5.214793811007,-10.4525645592));
#5122 = CARTESIAN_POINT('',(-5.356774934378,-10.67632178365));
#5123 = CARTESIAN_POINT('',(-5.495295091028,-10.8718305997));
#5124 = CARTESIAN_POINT('',(-5.62989594385,-11.03367676078));
#5125 = CARTESIAN_POINT('',(-5.759498319146,-11.16006827849));
#5126 = ( GEOMETRIC_REPRESENTATION_CONTEXT(2) 
PARAMETRIC_REPRESENTATION_CONTEXT() REPRESENTATION_CONTEXT('2D SPACE',''
  ) );
#5127 = PCURVE('',#5128,#5133);
#5128 = CYLINDRICAL_SURFACE('',#5129,55.5);
#5129 = AXIS2_PLACEMENT_3D('',#5130,#5131,#5132);
#5130 = CARTESIAN_POINT('',(0.,-106.,170.));
#5131 = DIRECTION('',(-0.,-1.,0.));
#5132 = DIRECTION('',(1.,0.,0.));
#5133 = DEFINITIONAL_REPRESENTATION('',(#5134),#5200);
#5134 = B_SPLINE_CURVE_WITH_KNOTS('',8,(#5135,#5136,#5137,#5138,#5139,
    #5140,#5141,#5142,#5143,#5144,#5145,#5146,#5147,#5148,#5149,#5150,
    #5151,#5152,#5153,#5154,#5155,#5156,#5157,#5158,#5159,#5160,#5161,
    #5162,#5163,#5164,#5165,#5166,#5167,#5168,#5169,#5170,#5171,#5172,
    #5173,#5174,#5175,#5176,#5177,#5178,#5179,#5180,#5181,#5182,#5183,
    #5184,#5185,#5186,#5187,#5188,#5189,#5190,#5191,#5192,#5193,#5194,
    #5195,#5196,#5197,#5198,#5199),.UNSPECIFIED.,.F.,.F.,(9,7,7,7,7,7,7,
    7,7,9),(0.,0.11460503314,0.215170815478,0.289712052625,
    0.377694513784,0.498635555715,0.619576597647,0.707559058823,
    0.782100296002,1.),.UNSPECIFIED.);
#5135 = CARTESIAN_POINT('',(-1.107117398554,-75.97562202983));
#5136 = CARTESIAN_POINT('',(-1.109859877243,-76.21136925808));
#5137 = CARTESIAN_POINT('',(-1.113005803871,-76.43873854779));
#5138 = CARTESIAN_POINT('',(-1.116549413473,-76.6558239701));
#5139 = CARTESIAN_POINT('',(-1.120481746155,-76.86064605009));
#5140 = CARTESIAN_POINT('',(-1.124790371946,-77.05113934765));
#5141 = CARTESIAN_POINT('',(-1.129459040304,-77.22513851389));
#5142 = CARTESIAN_POINT('',(-1.134467254286,-77.38036282317));
#5143 = CARTESIAN_POINT('',(-1.144460270113,-77.63201592763));
#5144 = CARTESIAN_POINT('',(-1.149384422456,-77.73361022125));
#5145 = CARTESIAN_POINT('',(-1.154523248021,-77.81680414002));
#5146 = CARTESIAN_POINT('',(-1.159831527594,-77.87966663519));
#5147 = CARTESIAN_POINT('',(-1.165259454137,-77.9207265347));
#5148 = CARTESIAN_POINT('',(-1.170754305355,-77.93898625367));
#5149 = CARTESIAN_POINT('',(-1.176262135826,-77.93393621169));
#5150 = CARTESIAN_POINT('',(-1.185781992777,-77.88454435849));
#5151 = CARTESIAN_POINT('',(-1.189798605505,-77.85077932215));
#5152 = CARTESIAN_POINT('',(-1.193755370087,-77.80443568814));
#5153 = CARTESIAN_POINT('',(-1.197629207595,-77.74586682863));
#5154 = CARTESIAN_POINT('',(-1.201398304314,-77.67561280506));
#5155 = CARTESIAN_POINT('',(-1.205042512526,-77.59439471004));
#5156 = CARTESIAN_POINT('',(-1.208543764724,-77.50310919378));
#5157 = CARTESIAN_POINT('',(-1.215831997698,-77.28445365057));
#5158 = CARTESIAN_POINT('',(-1.219556057648,-77.15356319589));
#5159 = CARTESIAN_POINT('',(-1.223049277969,-77.01142936169));
#5160 = CARTESIAN_POINT('',(-1.226304201986,-76.85931108641));
#5161 = CARTESIAN_POINT('',(-1.2293152987,-76.69845211831));
#5162 = CARTESIAN_POINT('',(-1.232078947447,-76.53008380189));
#5163 = CARTESIAN_POINT('',(-1.234593428004,-76.35542722832));
#5164 = CARTESIAN_POINT('',(-1.239973065154,-75.92863376842));
#5165 = CARTESIAN_POINT('',(-1.242621903435,-75.67157327424));
#5166 = CARTESIAN_POINT('',(-1.244814379094,-75.40671507188));
#5167 = CARTESIAN_POINT('',(-1.246558598834,-75.13595967413));
#5168 = CARTESIAN_POINT('',(-1.247861380063,-74.86097662883));
#5169 = CARTESIAN_POINT('',(-1.248727814482,-74.58327322512));
#5170 = CARTESIAN_POINT('',(-1.249160843176,-74.30426157928));
#5171 = CARTESIAN_POINT('',(-1.249160843176,-73.74638662071));
#5172 = CARTESIAN_POINT('',(-1.248727814482,-73.46737497487));
#5173 = CARTESIAN_POINT('',(-1.247861380063,-73.18967157116));
#5174 = CARTESIAN_POINT('',(-1.246558598834,-72.91468852586));
#5175 = CARTESIAN_POINT('',(-1.244814379094,-72.64393312812));
#5176 = CARTESIAN_POINT('',(-1.242621903435,-72.37907492576));
#5177 = CARTESIAN_POINT('',(-1.239973065154,-72.12201443157));
#5178 = CARTESIAN_POINT('',(-1.234593428004,-71.69522097164));
#5179 = CARTESIAN_POINT('',(-1.232078947447,-71.52056439809));
#5180 = CARTESIAN_POINT('',(-1.2293152987,-71.3521960817));
#5181 = CARTESIAN_POINT('',(-1.226304201987,-71.19133711361));
#5182 = CARTESIAN_POINT('',(-1.223049277969,-71.03921883831));
#5183 = CARTESIAN_POINT('',(-1.219556057648,-70.89708500409));
#5184 = CARTESIAN_POINT('',(-1.215831997697,-70.7661945494));
#5185 = CARTESIAN_POINT('',(-1.208543764723,-70.54753900621));
#5186 = CARTESIAN_POINT('',(-1.205042512526,-70.45625348994));
#5187 = CARTESIAN_POINT('',(-1.201398304314,-70.37503539494));
#5188 = CARTESIAN_POINT('',(-1.197629207596,-70.30478137137));
#5189 = CARTESIAN_POINT('',(-1.193755370087,-70.24621251186));
#5190 = CARTESIAN_POINT('',(-1.189798605505,-70.19986887783));
#5191 = CARTESIAN_POINT('',(-1.185781992776,-70.1661038415));
#5192 = CARTESIAN_POINT('',(-1.169883167402,-70.08361600024));
#5193 = CARTESIAN_POINT('',(-1.158089453054,-70.13287744032));
#5194 = CARTESIAN_POINT('',(-1.146758371673,-70.28417529284));
#5195 = CARTESIAN_POINT('',(-1.1362437891,-70.52586242078));
#5196 = CARTESIAN_POINT('',(-1.126844684301,-70.84346715243));
#5197 = CARTESIAN_POINT('',(-1.118788881281,-71.22016463041));
#5198 = CARTESIAN_POINT('',(-1.112209332315,-71.63731656267));
#5199 = CARTESIAN_POINT('',(-1.107117398554,-72.07502617016));
#5200 = ( GEOMETRIC_REPRESENTATION_CONTEXT(2) 
PARAMETRIC_REPRESENTATION_CONTEXT() REPRESENTATION_CONTEXT('2D SPACE',''
  ) );
#5201 = ORIENTED_EDGE('',*,*,#5202,.T.);
#5202 = EDGE_CURVE('',#4989,#4663,#5203,.T.);
#5203 = SURFACE_CURVE('',#5204,(#5208,#5214),.PCURVE_S1.);
#5204 = LINE('',#5205,#5206);
#5205 = CARTESIAN_POINT('',(21.75315953481,-28.08690275481,109.2));
#5206 = VECTOR('',#5207,1.);
#5207 = DIRECTION('',(-0.,-0.,-1.));
#5208 = PCURVE('',#1169,#5209);
#5209 = DEFINITIONAL_REPRESENTATION('',(#5210),#5213);
#5210 = B_SPLINE_CURVE_WITH_KNOTS('',1,(#5211,#5212),.UNSPECIFIED.,.F.,
  .F.,(2,2),(-10.8,-1.2),.PIECEWISE_BEZIER_KNOTS.);
#5211 = CARTESIAN_POINT('',(-1.491591144123,-10.8));
#5212 = CARTESIAN_POINT('',(-1.491591144123,-1.2));
#5213 = ( GEOMETRIC_REPRESENTATION_CONTEXT(2) 
PARAMETRIC_REPRESENTATION_CONTEXT() REPRESENTATION_CONTEXT('2D SPACE',''
  ) );
#5214 = PCURVE('',#4279,#5215);
#5215 = DEFINITIONAL_REPRESENTATION('',(#5216),#5219);
#5216 = B_SPLINE_CURVE_WITH_KNOTS('',1,(#5217,#5218),.UNSPECIFIED.,.F.,
  .F.,(2,2),(-10.8,-1.2),.PIECEWISE_BEZIER_KNOTS.);
#5217 = CARTESIAN_POINT('',(-0.8,-6.088846861698));
#5218 = CARTESIAN_POINT('',(8.8,-6.088846861698));
#5219 = ( GEOMETRIC_REPRESENTATION_CONTEXT(2) 
PARAMETRIC_REPRESENTATION_CONTEXT() REPRESENTATION_CONTEXT('2D SPACE',''
  ) );
#5220 = ORIENTED_EDGE('',*,*,#4662,.F.);
#5221 = ORIENTED_EDGE('',*,*,#1148,.F.);
#5222 = ORIENTED_EDGE('',*,*,#5223,.T.);
#5223 = EDGE_CURVE('',#1121,#4849,#5224,.T.);
#5224 = SURFACE_CURVE('',#5225,(#5240,#5258),.PCURVE_S1.);
#5225 = B_SPLINE_CURVE_WITH_KNOTS('',7,(#5226,#5227,#5228,#5229,#5230,
    #5231,#5232,#5233,#5234,#5235,#5236,#5237,#5238,#5239),
  .UNSPECIFIED.,.F.,.F.,(8,6,8),(0.,0.357738221996,1.),.UNSPECIFIED.);
#5226 = CARTESIAN_POINT('',(24.561518851945,-34.31875480391,111.2));
#5227 = CARTESIAN_POINT('',(24.603695950451,-34.26267164733,111.2));
#5228 = CARTESIAN_POINT('',(24.644726871431,-34.20566231442,
    111.2071172184));
#5229 = CARTESIAN_POINT('',(24.683830307789,-34.14875604194,
    111.22131734031));
#5230 = CARTESIAN_POINT('',(24.720473449058,-34.0929277304,
    111.24218569191));
#5231 = CARTESIAN_POINT('',(24.754344128509,-34.0390381344,
    111.26911044518));
#5232 = CARTESIAN_POINT('',(24.785302373693,-33.98780248754,
    111.30140014237));
#5233 = CARTESIAN_POINT('',(24.863597017555,-33.8535844403,
    111.40464714237));
#5234 = CARTESIAN_POINT('',(24.904327502551,-33.77784852268,
    111.48586803247));
#5235 = CARTESIAN_POINT('',(24.935748970007,-33.71511343276,
    111.57833379083));
#5236 = CARTESIAN_POINT('',(24.958629379075,-33.66710622099,
    111.67873577648));
#5237 = CARTESIAN_POINT('',(24.973626040207,-33.63484699885,
    111.78415051188));
#5238 = CARTESIAN_POINT('',(24.981140857017,-33.61868102939,
    111.89200743942));
#5239 = CARTESIAN_POINT('',(24.981140857017,-33.61868102939,112.));
#5240 = PCURVE('',#1169,#5241);
#5241 = DEFINITIONAL_REPRESENTATION('',(#5242),#5257);
#5242 = B_SPLINE_CURVE_WITH_KNOTS('',7,(#5243,#5244,#5245,#5246,#5247,
    #5248,#5249,#5250,#5251,#5252,#5253,#5254,#5255,#5256),
  .UNSPECIFIED.,.F.,.F.,(8,6,8),(0.,0.357738221996,1.),.UNSPECIFIED.);
#5243 = CARTESIAN_POINT('',(-5.638376215459,-2.));
#5244 = CARTESIAN_POINT('',(-5.656369252483,-2.));
#5245 = CARTESIAN_POINT('',(-5.674375443258,-2.007117218408));
#5246 = CARTESIAN_POINT('',(-5.692072978163,-2.021317340312));
#5247 = CARTESIAN_POINT('',(-5.709189567254,-2.042185691918));
#5248 = CARTESIAN_POINT('',(-5.725505881954,-2.06911044518));
#5249 = CARTESIAN_POINT('',(-5.740853378944,-2.101400142371));
#5250 = CARTESIAN_POINT('',(-5.780695717361,-2.204647142379));
#5251 = CARTESIAN_POINT('',(-5.802732083435,-2.285868032472));
#5252 = CARTESIAN_POINT('',(-5.820713927928,-2.378333790833));
#5253 = CARTESIAN_POINT('',(-5.834350012262,-2.478735776488));
#5254 = CARTESIAN_POINT('',(-5.843471510127,-2.584150511889));
#5255 = CARTESIAN_POINT('',(-5.848042640993,-2.692007439423));
#5256 = CARTESIAN_POINT('',(-5.848042640993,-2.8));
#5257 = ( GEOMETRIC_REPRESENTATION_CONTEXT(2) 
PARAMETRIC_REPRESENTATION_CONTEXT() REPRESENTATION_CONTEXT('2D SPACE',''
  ) );
#5258 = PCURVE('',#1136,#5259);
#5259 = DEFINITIONAL_REPRESENTATION('',(#5260),#5275);
#5260 = B_SPLINE_CURVE_WITH_KNOTS('',7,(#5261,#5262,#5263,#5264,#5265,
    #5266,#5267,#5268,#5269,#5270,#5271,#5272,#5273,#5274),
  .UNSPECIFIED.,.F.,.F.,(8,6,8),(0.,0.357738221996,1.),.UNSPECIFIED.);
#5261 = CARTESIAN_POINT('',(0.,35.880934922002));
#5262 = CARTESIAN_POINT('',(-8.732261472748E-02,35.887573830277));
#5263 = CARTESIAN_POINT('',(-0.174534019456,35.895683703204));
#5264 = CARTESIAN_POINT('',(-0.261118204103,35.905148077475));
#5265 = CARTESIAN_POINT('',(-0.346788294322,35.915703529471));
#5266 = CARTESIAN_POINT('',(-0.431373732685,35.927000561482));
#5267 = CARTESIAN_POINT('',(-0.514763103922,35.938660540139));
#5268 = CARTESIAN_POINT('',(-0.744370943426,35.971276979211));
#5269 = CARTESIAN_POINT('',(-0.887661704379,35.992229810289));
#5270 = CARTESIAN_POINT('',(-1.027678498908,36.011297763577));
#5271 = CARTESIAN_POINT('',(-1.165201657245,36.026749530581));
#5272 = CARTESIAN_POINT('',(-1.300983726559,36.037411996324));
#5273 = CARTESIAN_POINT('',(-1.435805626074,36.042755553888));
#5274 = CARTESIAN_POINT('',(-1.570796326795,36.042755553888));
#5275 = ( GEOMETRIC_REPRESENTATION_CONTEXT(2) 
PARAMETRIC_REPRESENTATION_CONTEXT() REPRESENTATION_CONTEXT('2D SPACE',''
  ) );
#5276 = ADVANCED_FACE('',(#5277),#1136,.F.);
#5277 = FACE_BOUND('',#5278,.T.);
#5278 = EDGE_LOOP('',(#5279,#5280,#5301,#5302));
#5279 = ORIENTED_EDGE('',*,*,#4794,.T.);
#5280 = ORIENTED_EDGE('',*,*,#5281,.T.);
#5281 = EDGE_CURVE('',#4795,#4849,#5282,.T.);
#5282 = SURFACE_CURVE('',#5283,(#5287,#5294),.PCURVE_S1.);
#5283 = LINE('',#5284,#5285);
#5284 = CARTESIAN_POINT('',(51.608304099822,-57.91012819827,112.));
#5285 = VECTOR('',#5286,1.);
#5286 = DIRECTION('',(-0.738766024784,0.673961987522,-0.));
#5287 = PCURVE('',#1136,#5288);
#5288 = DEFINITIONAL_REPRESENTATION('',(#5289),#5293);
#5289 = LINE('',#5290,#5291);
#5290 = CARTESIAN_POINT('',(-1.570796326795,0.));
#5291 = VECTOR('',#5292,1.);
#5292 = DIRECTION('',(-0.,1.));
#5293 = ( GEOMETRIC_REPRESENTATION_CONTEXT(2) 
PARAMETRIC_REPRESENTATION_CONTEXT() REPRESENTATION_CONTEXT('2D SPACE',''
  ) );
#5294 = PCURVE('',#4863,#5295);
#5295 = DEFINITIONAL_REPRESENTATION('',(#5296),#5300);
#5296 = LINE('',#5297,#5298);
#5297 = CARTESIAN_POINT('',(5.388094222526,19.531749960326));
#5298 = VECTOR('',#5299,1.);
#5299 = DIRECTION('',(0.,-1.));
#5300 = ( GEOMETRIC_REPRESENTATION_CONTEXT(2) 
PARAMETRIC_REPRESENTATION_CONTEXT() REPRESENTATION_CONTEXT('2D SPACE',''
  ) );
#5301 = ORIENTED_EDGE('',*,*,#5223,.F.);
#5302 = ORIENTED_EDGE('',*,*,#1120,.F.);
#5303 = ADVANCED_FACE('',(#5304),#1625,.F.);
#5304 = FACE_BOUND('',#5305,.F.);
#5305 = EDGE_LOOP('',(#5306,#5329,#5352,#5384,#5410,#5431,#5432));
#5306 = ORIENTED_EDGE('',*,*,#5307,.T.);
#5307 = EDGE_CURVE('',#1694,#5308,#5310,.T.);
#5308 = VERTEX_POINT('',#5309);
#5309 = CARTESIAN_POINT('',(-51.60830409982,-57.91012819827,127.2));
#5310 = SURFACE_CURVE('',#5311,(#5315,#5322),.PCURVE_S1.);
#5311 = LINE('',#5312,#5313);
#5312 = CARTESIAN_POINT('',(-51.60830409982,-57.91012819827,111.2));
#5313 = VECTOR('',#5314,1.);
#5314 = DIRECTION('',(0.,0.,1.));
#5315 = PCURVE('',#1625,#5316);
#5316 = DEFINITIONAL_REPRESENTATION('',(#5317),#5321);
#5317 = LINE('',#5318,#5319);
#5318 = CARTESIAN_POINT('',(6.188094222526,19.531749960326));
#5319 = VECTOR('',#5320,1.);
#5320 = DIRECTION('',(-1.,0.));
#5321 = ( GEOMETRIC_REPRESENTATION_CONTEXT(2) 
PARAMETRIC_REPRESENTATION_CONTEXT() REPRESENTATION_CONTEXT('2D SPACE',''
  ) );
#5322 = PCURVE('',#1780,#5323);
#5323 = DEFINITIONAL_REPRESENTATION('',(#5324),#5328);
#5324 = LINE('',#5325,#5326);
#5325 = CARTESIAN_POINT('',(-5.451947717901,0.));
#5326 = VECTOR('',#5327,1.);
#5327 = DIRECTION('',(-0.,-1.));
#5328 = ( GEOMETRIC_REPRESENTATION_CONTEXT(2) 
PARAMETRIC_REPRESENTATION_CONTEXT() REPRESENTATION_CONTEXT('2D SPACE',''
  ) );
#5329 = ORIENTED_EDGE('',*,*,#5330,.T.);
#5330 = EDGE_CURVE('',#5308,#5331,#5333,.T.);
#5331 = VERTEX_POINT('',#5332);
#5332 = CARTESIAN_POINT('',(-47.23276383981,-53.91840725931,
    126.07601998847));
#5333 = SURFACE_CURVE('',#5334,(#5338,#5345),.PCURVE_S1.);
#5334 = LINE('',#5335,#5336);
#5335 = CARTESIAN_POINT('',(-51.60830409982,-57.91012819827,127.2));
#5336 = VECTOR('',#5337,1.);
#5337 = DIRECTION('',(0.725812038123,0.66214431548,-0.186445141513));
#5338 = PCURVE('',#1625,#5339);
#5339 = DEFINITIONAL_REPRESENTATION('',(#5340),#5344);
#5340 = LINE('',#5341,#5342);
#5341 = CARTESIAN_POINT('',(-9.811905777474,19.531749960326));
#5342 = VECTOR('',#5343,1.);
#5343 = DIRECTION('',(0.186445141513,-0.982465373032));
#5344 = ( GEOMETRIC_REPRESENTATION_CONTEXT(2) 
PARAMETRIC_REPRESENTATION_CONTEXT() REPRESENTATION_CONTEXT('2D SPACE',''
  ) );
#5345 = PCURVE('',#1598,#5346);
#5346 = DEFINITIONAL_REPRESENTATION('',(#5347),#5351);
#5347 = LINE('',#5348,#5349);
#5348 = CARTESIAN_POINT('',(0.,8.));
#5349 = VECTOR('',#5350,1.);
#5350 = DIRECTION('',(1.,0.));
#5351 = ( GEOMETRIC_REPRESENTATION_CONTEXT(2) 
PARAMETRIC_REPRESENTATION_CONTEXT() REPRESENTATION_CONTEXT('2D SPACE',''
  ) );
#5352 = ORIENTED_EDGE('',*,*,#5353,.F.);
#5353 = EDGE_CURVE('',#5354,#5331,#5356,.T.);
#5354 = VERTEX_POINT('',#5355);
#5355 = CARTESIAN_POINT('',(-37.67604819017,-45.2,117.64768015864));
#5356 = SURFACE_CURVE('',#5357,(#5362,#5369),.PCURVE_S1.);
#5357 = ELLIPSE('',#5358,87.307750811715,64.5);
#5358 = AXIS2_PLACEMENT_3D('',#5359,#5360,#5361);
#5359 = CARTESIAN_POINT('',(0.,-10.82886831773,170.));
#5360 = DIRECTION('',(-0.673961987522,0.738766024784,0.));
#5361 = DIRECTION('',(-0.738766024784,-0.673961987522,0.));
#5362 = PCURVE('',#1625,#5363);
#5363 = DEFINITIONAL_REPRESENTATION('',(#5364),#5368);
#5364 = ELLIPSE('',#5365,87.307750811715,64.5);
#5365 = AXIS2_PLACEMENT_2D('',#5366,#5367);
#5366 = CARTESIAN_POINT('',(-52.61190577747,-50.32569118948));
#5367 = DIRECTION('',(0.,1.));
#5368 = ( GEOMETRIC_REPRESENTATION_CONTEXT(2) 
PARAMETRIC_REPRESENTATION_CONTEXT() REPRESENTATION_CONTEXT('2D SPACE',''
  ) );
#5369 = PCURVE('',#5370,#5375);
#5370 = CYLINDRICAL_SURFACE('',#5371,64.5);
#5371 = AXIS2_PLACEMENT_3D('',#5372,#5373,#5374);
#5372 = CARTESIAN_POINT('',(0.,-60.2,170.));
#5373 = DIRECTION('',(-0.,-1.,0.));
#5374 = DIRECTION('',(1.,0.,0.));
#5375 = DEFINITIONAL_REPRESENTATION('',(#5376),#5383);
#5376 = B_SPLINE_CURVE_WITH_KNOTS('',5,(#5377,#5378,#5379,#5380,#5381,
    #5382),.UNSPECIFIED.,.F.,.F.,(6,6),(5.336190300863,5.590300157645),
  .PIECEWISE_BEZIER_KNOTS.);
#5377 = CARTESIAN_POINT('',(-2.194597647273,-15.0000006));
#5378 = CARTESIAN_POINT('',(-2.245419618629,-12.57274266279));
#5379 = CARTESIAN_POINT('',(-2.296241589986,-10.25645472558));
#5380 = CARTESIAN_POINT('',(-2.347063561342,-8.064199933617));
#5381 = CARTESIAN_POINT('',(-2.397885532699,-6.007837864821));
#5382 = CARTESIAN_POINT('',(-2.448707504055,-4.097645032647));
#5383 = ( GEOMETRIC_REPRESENTATION_CONTEXT(2) 
PARAMETRIC_REPRESENTATION_CONTEXT() REPRESENTATION_CONTEXT('2D SPACE',''
  ) );
#5384 = ORIENTED_EDGE('',*,*,#5385,.F.);
#5385 = EDGE_CURVE('',#5386,#5354,#5388,.T.);
#5386 = VERTEX_POINT('',#5387);
#5387 = CARTESIAN_POINT('',(-37.67604819017,-45.2,123.62111002817));
#5388 = SURFACE_CURVE('',#5389,(#5393,#5399),.PCURVE_S1.);
#5389 = LINE('',#5390,#5391);
#5390 = CARTESIAN_POINT('',(-37.67604819017,-45.2,143.69404711126));
#5391 = VECTOR('',#5392,1.);
#5392 = DIRECTION('',(0.,0.,-1.));
#5393 = PCURVE('',#1625,#5394);
#5394 = DEFINITIONAL_REPRESENTATION('',(#5395),#5398);
#5395 = B_SPLINE_CURVE_WITH_KNOTS('',1,(#5396,#5397),.UNSPECIFIED.,.F.,
  .F.,(2,2),(16.494047111263,32.494047111263),.PIECEWISE_BEZIER_KNOTS.);
#5396 = CARTESIAN_POINT('',(-9.811905777474,0.672929383516));
#5397 = CARTESIAN_POINT('',(6.188094222526,0.672929383516));
#5398 = ( GEOMETRIC_REPRESENTATION_CONTEXT(2) 
PARAMETRIC_REPRESENTATION_CONTEXT() REPRESENTATION_CONTEXT('2D SPACE',''
  ) );
#5399 = PCURVE('',#5400,#5405);
#5400 = PLANE('',#5401);
#5401 = AXIS2_PLACEMENT_3D('',#5402,#5403,#5404);
#5402 = CARTESIAN_POINT('',(-1.356839821434E-15,-45.2,170.));
#5403 = DIRECTION('',(0.,1.,0.));
#5404 = DIRECTION('',(1.,0.,0.));
#5405 = DEFINITIONAL_REPRESENTATION('',(#5406),#5409);
#5406 = B_SPLINE_CURVE_WITH_KNOTS('',1,(#5407,#5408),.UNSPECIFIED.,.F.,
  .F.,(2,2),(16.494047111263,32.494047111263),.PIECEWISE_BEZIER_KNOTS.);
#5407 = CARTESIAN_POINT('',(-37.67604819017,42.8));
#5408 = CARTESIAN_POINT('',(-37.67604819017,58.8));
#5409 = ( GEOMETRIC_REPRESENTATION_CONTEXT(2) 
PARAMETRIC_REPRESENTATION_CONTEXT() REPRESENTATION_CONTEXT('2D SPACE',''
  ) );
#5410 = ORIENTED_EDGE('',*,*,#5411,.T.);
#5411 = EDGE_CURVE('',#5386,#1571,#5412,.T.);
#5412 = SURFACE_CURVE('',#5413,(#5417,#5424),.PCURVE_S1.);
#5413 = LINE('',#5414,#5415);
#5414 = CARTESIAN_POINT('',(-51.60830409982,-57.91012819827,127.2));
#5415 = VECTOR('',#5416,1.);
#5416 = DIRECTION('',(0.725812038123,0.66214431548,-0.186445141513));
#5417 = PCURVE('',#1625,#5418);
#5418 = DEFINITIONAL_REPRESENTATION('',(#5419),#5423);
#5419 = LINE('',#5420,#5421);
#5420 = CARTESIAN_POINT('',(-9.811905777474,19.531749960326));
#5421 = VECTOR('',#5422,1.);
#5422 = DIRECTION('',(0.186445141513,-0.982465373032));
#5423 = ( GEOMETRIC_REPRESENTATION_CONTEXT(2) 
PARAMETRIC_REPRESENTATION_CONTEXT() REPRESENTATION_CONTEXT('2D SPACE',''
  ) );
#5424 = PCURVE('',#1598,#5425);
#5425 = DEFINITIONAL_REPRESENTATION('',(#5426),#5430);
#5426 = LINE('',#5427,#5428);
#5427 = CARTESIAN_POINT('',(0.,8.));
#5428 = VECTOR('',#5429,1.);
#5429 = DIRECTION('',(1.,0.));
#5430 = ( GEOMETRIC_REPRESENTATION_CONTEXT(2) 
PARAMETRIC_REPRESENTATION_CONTEXT() REPRESENTATION_CONTEXT('2D SPACE',''
  ) );
#5431 = ORIENTED_EDGE('',*,*,#1610,.T.);
#5432 = ORIENTED_EDGE('',*,*,#1715,.F.);
#5433 = ADVANCED_FACE('',(#5434,#5437),#1338,.T.);
#5434 = FACE_BOUND('',#5435,.T.);
#5435 = EDGE_LOOP('',(#5436));
#5436 = ORIENTED_EDGE('',*,*,#1323,.T.);
#5437 = FACE_BOUND('',#5438,.T.);
#5438 = EDGE_LOOP('',(#5439));
#5439 = ORIENTED_EDGE('',*,*,#5440,.T.);
#5440 = EDGE_CURVE('',#5441,#5441,#5443,.T.);
#5441 = VERTEX_POINT('',#5442);
#5442 = CARTESIAN_POINT('',(-19.0842622,-32.0483893,109.2));
#5443 = SURFACE_CURVE('',#5444,(#5449,#5460),.PCURVE_S1.);
#5444 = CIRCLE('',#5445,2.25);
#5445 = AXIS2_PLACEMENT_3D('',#5446,#5447,#5448);
#5446 = CARTESIAN_POINT('',(-21.3342622,-32.0483893,109.2));
#5447 = DIRECTION('',(0.,0.,-1.));
#5448 = DIRECTION('',(1.,0.,0.));
#5449 = PCURVE('',#1338,#5450);
#5450 = DEFINITIONAL_REPRESENTATION('',(#5451),#5459);
#5451 = ( BOUNDED_CURVE() B_SPLINE_CURVE(2,(#5452,#5453,#5454,#5455,
#5456,#5457,#5458),.UNSPECIFIED.,.T.,.F.) B_SPLINE_CURVE_WITH_KNOTS((1,2
    ,2,2,2,1),(-2.094395102393,0.,2.094395102393,4.188790204786,
6.28318530718,8.377580409573),.UNSPECIFIED.) CURVE() 
GEOMETRIC_REPRESENTATION_ITEM() RATIONAL_B_SPLINE_CURVE((1.,0.5,1.,0.5,
1.,0.5,1.)) REPRESENTATION_ITEM('') );
#5452 = CARTESIAN_POINT('',(-56.8314971,-39.6244211));
#5453 = CARTESIAN_POINT('',(-56.8314971,-43.52153541703));
#5454 = CARTESIAN_POINT('',(-60.2064971,-41.57297825851));
#5455 = CARTESIAN_POINT('',(-63.5814971,-39.6244211));
#5456 = CARTESIAN_POINT('',(-60.2064971,-37.67586394148));
#5457 = CARTESIAN_POINT('',(-56.8314971,-35.72730678297));
#5458 = CARTESIAN_POINT('',(-56.8314971,-39.6244211));
#5459 = ( GEOMETRIC_REPRESENTATION_CONTEXT(2) 
PARAMETRIC_REPRESENTATION_CONTEXT() REPRESENTATION_CONTEXT('2D SPACE',''
  ) );
#5460 = PCURVE('',#5461,#5466);
#5461 = CYLINDRICAL_SURFACE('',#5462,2.25);
#5462 = AXIS2_PLACEMENT_3D('',#5463,#5464,#5465);
#5463 = CARTESIAN_POINT('',(-21.3342622,-32.0483893,104.2));
#5464 = DIRECTION('',(-0.,-0.,-1.));
#5465 = DIRECTION('',(1.,0.,0.));
#5466 = DEFINITIONAL_REPRESENTATION('',(#5467),#5471);
#5467 = LINE('',#5468,#5469);
#5468 = CARTESIAN_POINT('',(-6.28318530718,-5.));
#5469 = VECTOR('',#5470,1.);
#5470 = DIRECTION('',(1.,-0.));
#5471 = ( GEOMETRIC_REPRESENTATION_CONTEXT(2) 
PARAMETRIC_REPRESENTATION_CONTEXT() REPRESENTATION_CONTEXT('2D SPACE',''
  ) );
#5472 = ADVANCED_FACE('',(#5473),#1598,.F.);
#5473 = FACE_BOUND('',#5474,.F.);
#5474 = EDGE_LOOP('',(#5475,#5512,#5535,#5554,#5555,#5556,#5579,#5604,
    #5605,#5606,#5627,#5652,#5653));
#5475 = ORIENTED_EDGE('',*,*,#5476,.F.);
#5476 = EDGE_CURVE('',#5477,#5479,#5481,.T.);
#5477 = VERTEX_POINT('',#5478);
#5478 = CARTESIAN_POINT('',(-62.39169590017,-46.08987180172,127.2));
#5479 = VERTEX_POINT('',#5480);
#5480 = CARTESIAN_POINT('',(-49.,-52.,126.07841880382));
#5481 = SURFACE_CURVE('',#5482,(#5487,#5494),.PCURVE_S1.);
#5482 = ELLIPSE('',#5483,8.142780620668,8.);
#5483 = AXIS2_PLACEMENT_3D('',#5484,#5485,#5486);
#5484 = CARTESIAN_POINT('',(-57.,-52.,127.2));
#5485 = DIRECTION('',(-0.137739336036,-0.125656938138,-0.982465373032));
#5486 = DIRECTION('',(0.725812038123,0.66214431548,-0.186445141513));
#5487 = PCURVE('',#1598,#5488);
#5488 = DEFINITIONAL_REPRESENTATION('',(#5489),#5493);
#5489 = ELLIPSE('',#5490,8.142780620668,8.);
#5490 = AXIS2_PLACEMENT_2D('',#5491,#5492);
#5491 = CARTESIAN_POINT('',(9.862023046045E-15,-4.604603792426E-16));
#5492 = DIRECTION('',(1.,-4.844955271411E-17));
#5493 = ( GEOMETRIC_REPRESENTATION_CONTEXT(2) 
PARAMETRIC_REPRESENTATION_CONTEXT() REPRESENTATION_CONTEXT('2D SPACE',''
  ) );
#5494 = PCURVE('',#5495,#5500);
#5495 = CYLINDRICAL_SURFACE('',#5496,8.);
#5496 = AXIS2_PLACEMENT_3D('',#5497,#5498,#5499);
#5497 = CARTESIAN_POINT('',(-57.,-52.,111.2));
#5498 = DIRECTION('',(-0.,-0.,-1.));
#5499 = DIRECTION('',(1.,0.,0.));
#5500 = DEFINITIONAL_REPRESENTATION('',(#5501),#5511);
#5501 = B_SPLINE_CURVE_WITH_KNOTS('',8,(#5502,#5503,#5504,#5505,#5506,
    #5507,#5508,#5509,#5510),.UNSPECIFIED.,.F.,.F.,(9,9),(4.712388980385
    ,7.022744044696),.PIECEWISE_BEZIER_KNOTS.);
#5502 = CARTESIAN_POINT('',(-8.593540371491,-16.));
#5503 = CARTESIAN_POINT('',(-8.304745988452,-15.56155759914));
#5504 = CARTESIAN_POINT('',(-8.015951605412,-15.12311378133));
#5505 = CARTESIAN_POINT('',(-7.727157222374,-14.74040314334));
#5506 = CARTESIAN_POINT('',(-7.438362839332,-14.46908569638));
#5507 = CARTESIAN_POINT('',(-7.149568456296,-14.350203364));
#5508 = CARTESIAN_POINT('',(-6.860774073257,-14.39433830591));
#5509 = CARTESIAN_POINT('',(-6.571979690218,-14.58292529193));
#5510 = CARTESIAN_POINT('',(-6.28318530718,-14.87841880382));
#5511 = ( GEOMETRIC_REPRESENTATION_CONTEXT(2) 
PARAMETRIC_REPRESENTATION_CONTEXT() REPRESENTATION_CONTEXT('2D SPACE',''
  ) );
#5512 = ORIENTED_EDGE('',*,*,#5513,.T.);
#5513 = EDGE_CURVE('',#5477,#5514,#5516,.T.);
#5514 = VERTEX_POINT('',#5515);
#5515 = CARTESIAN_POINT('',(-43.01707913678,-28.41478282459,
    122.2230872809));
#5516 = SURFACE_CURVE('',#5517,(#5521,#5528),.PCURVE_S1.);
#5517 = LINE('',#5518,#5519);
#5518 = CARTESIAN_POINT('',(-62.39169590017,-46.08987180172,127.2));
#5519 = VECTOR('',#5520,1.);
#5520 = DIRECTION('',(0.725812038123,0.66214431548,-0.186445141513));
#5521 = PCURVE('',#1598,#5522);
#5522 = DEFINITIONAL_REPRESENTATION('',(#5523),#5527);
#5523 = LINE('',#5524,#5525);
#5524 = CARTESIAN_POINT('',(-0.,-8.));
#5525 = VECTOR('',#5526,1.);
#5526 = DIRECTION('',(1.,0.));
#5527 = ( GEOMETRIC_REPRESENTATION_CONTEXT(2) 
PARAMETRIC_REPRESENTATION_CONTEXT() REPRESENTATION_CONTEXT('2D SPACE',''
  ) );
#5528 = PCURVE('',#1996,#5529);
#5529 = DEFINITIONAL_REPRESENTATION('',(#5530),#5534);
#5530 = LINE('',#5531,#5532);
#5531 = CARTESIAN_POINT('',(-9.811905777474,19.531749960326));
#5532 = VECTOR('',#5533,1.);
#5533 = DIRECTION('',(0.186445141513,-0.982465373032));
#5534 = ( GEOMETRIC_REPRESENTATION_CONTEXT(2) 
PARAMETRIC_REPRESENTATION_CONTEXT() REPRESENTATION_CONTEXT('2D SPACE',''
  ) );
#5535 = ORIENTED_EDGE('',*,*,#5536,.T.);
#5536 = EDGE_CURVE('',#5514,#2084,#5537,.T.);
#5537 = SURFACE_CURVE('',#5538,(#5542,#5548),.PCURVE_S1.);
#5538 = LINE('',#5539,#5540);
#5539 = CARTESIAN_POINT('',(-52.63075109774,-32.79996652609,
    124.13176477869));
#5540 = VECTOR('',#5541,1.);
#5541 = DIRECTION('',(0.895329677364,0.408395993184,-0.177756804604));
#5542 = PCURVE('',#1598,#5543);
#5543 = DEFINITIONAL_REPRESENTATION('',(#5544),#5547);
#5544 = B_SPLINE_CURVE_WITH_KNOTS('',1,(#5545,#5546),.UNSPECIFIED.,.F.,
  .F.,(2,2),(10.737577681183,26.925418040261),.PIECEWISE_BEZIER_KNOTS.);
#5545 = CARTESIAN_POINT('',(26.693710968904,-8.));
#5546 = CARTESIAN_POINT('',(42.12719854774,-3.115981506495));
#5547 = ( GEOMETRIC_REPRESENTATION_CONTEXT(2) 
PARAMETRIC_REPRESENTATION_CONTEXT() REPRESENTATION_CONTEXT('2D SPACE',''
  ) );
#5548 = PCURVE('',#2098,#5549);
#5549 = DEFINITIONAL_REPRESENTATION('',(#5550),#5553);
#5550 = B_SPLINE_CURVE_WITH_KNOTS('',1,(#5551,#5552),.UNSPECIFIED.,.F.,
  .F.,(2,2),(10.737577681183,26.925418040261),.PIECEWISE_BEZIER_KNOTS.);
#5551 = CARTESIAN_POINT('',(-4.73956881889,0.730093490942));
#5552 = CARTESIAN_POINT('',(-1.862070043218,-15.19994656823));
#5553 = ( GEOMETRIC_REPRESENTATION_CONTEXT(2) 
PARAMETRIC_REPRESENTATION_CONTEXT() REPRESENTATION_CONTEXT('2D SPACE',''
  ) );
#5554 = ORIENTED_EDGE('',*,*,#2109,.F.);
#5555 = ORIENTED_EDGE('',*,*,#2197,.F.);
#5556 = ORIENTED_EDGE('',*,*,#5557,.T.);
#5557 = EDGE_CURVE('',#2198,#5558,#5560,.T.);
#5558 = VERTEX_POINT('',#5559);
#5559 = CARTESIAN_POINT('',(-22.35195740869,-27.43052816228,119.2));
#5560 = SURFACE_CURVE('',#5561,(#5565,#5572),.PCURVE_S1.);
#5561 = LINE('',#5562,#5563);
#5562 = CARTESIAN_POINT('',(-31.24850676761,-17.678541365,119.2));
#5563 = VECTOR('',#5564,1.);
#5564 = DIRECTION('',(0.673961987522,-0.738766024784,0.));
#5565 = PCURVE('',#1598,#5566);
#5566 = DEFINITIONAL_REPRESENTATION('',(#5567),#5571);
#5567 = LINE('',#5568,#5569);
#5568 = CARTESIAN_POINT('',(42.908063653946,-8.));
#5569 = VECTOR('',#5570,1.);
#5570 = DIRECTION('',(0.,1.));
#5571 = ( GEOMETRIC_REPRESENTATION_CONTEXT(2) 
PARAMETRIC_REPRESENTATION_CONTEXT() REPRESENTATION_CONTEXT('2D SPACE',''
  ) );
#5572 = PCURVE('',#1459,#5573);
#5573 = DEFINITIONAL_REPRESENTATION('',(#5574),#5578);
#5574 = LINE('',#5575,#5576);
#5575 = CARTESIAN_POINT('',(0.,-8.));
#5576 = VECTOR('',#5577,1.);
#5577 = DIRECTION('',(0.,1.));
#5578 = ( GEOMETRIC_REPRESENTATION_CONTEXT(2) 
PARAMETRIC_REPRESENTATION_CONTEXT() REPRESENTATION_CONTEXT('2D SPACE',''
  ) );
#5579 = ORIENTED_EDGE('',*,*,#5580,.F.);
#5580 = EDGE_CURVE('',#1471,#5558,#5581,.T.);
#5581 = SURFACE_CURVE('',#5582,(#5587,#5594),.PCURVE_S1.);
#5582 = ELLIPSE('',#5583,441.67875504913,55.5);
#5583 = AXIS2_PLACEMENT_3D('',#5584,#5585,#5586);
#5584 = CARTESIAN_POINT('',(0.,-449.1182241052,170.));
#5585 = DIRECTION('',(-0.137739336036,-0.125656938138,-0.982465373032));
#5586 = DIRECTION('',(1.744618598467E-02,-0.992073754263,0.124439932083)
  );
#5587 = PCURVE('',#1598,#5588);
#5588 = DEFINITIONAL_REPRESENTATION('',(#5589),#5593);
#5589 = ELLIPSE('',#5590,441.67875504913,55.5);
#5590 = AXIS2_PLACEMENT_2D('',#5591,#5592);
#5591 = CARTESIAN_POINT('',(-229.5581405486,331.79328508023));
#5592 = DIRECTION('',(-0.667434565862,0.74466844991));
#5593 = ( GEOMETRIC_REPRESENTATION_CONTEXT(2) 
PARAMETRIC_REPRESENTATION_CONTEXT() REPRESENTATION_CONTEXT('2D SPACE',''
  ) );
#5594 = PCURVE('',#1534,#5595);
#5595 = DEFINITIONAL_REPRESENTATION('',(#5596),#5603);
#5596 = B_SPLINE_CURVE_WITH_KNOTS('',5,(#5597,#5598,#5599,#5600,#5601,
    #5602),.UNSPECIFIED.,.F.,.F.,(6,6),(2.798457861153,2.903764330014),
  .PIECEWISE_BEZIER_KNOTS.);
#5597 = CARTESIAN_POINT('',(-2.053220905511,-69.51593034781));
#5598 = CARTESIAN_POINT('',(-2.032159611739,-72.62080562257));
#5599 = CARTESIAN_POINT('',(-2.011098317967,-75.49688657432));
#5600 = CARTESIAN_POINT('',(-1.990037024195,-78.14130380851));
#5601 = CARTESIAN_POINT('',(-1.968975730423,-80.55161130759));
#5602 = CARTESIAN_POINT('',(-1.947914436651,-82.72579997271));
#5603 = ( GEOMETRIC_REPRESENTATION_CONTEXT(2) 
PARAMETRIC_REPRESENTATION_CONTEXT() REPRESENTATION_CONTEXT('2D SPACE',''
  ) );
#5604 = ORIENTED_EDGE('',*,*,#1570,.F.);
#5605 = ORIENTED_EDGE('',*,*,#5411,.F.);
#5606 = ORIENTED_EDGE('',*,*,#5607,.F.);
#5607 = EDGE_CURVE('',#5608,#5386,#5610,.T.);
#5608 = VERTEX_POINT('',#5609);
#5609 = CARTESIAN_POINT('',(-46.0017002003,-45.2,124.78834687073));
#5610 = SURFACE_CURVE('',#5611,(#5615,#5621),.PCURVE_S1.);
#5611 = LINE('',#5612,#5613);
#5612 = CARTESIAN_POINT('',(-32.11135777165,-45.2,122.84095351118));
#5613 = VECTOR('',#5614,1.);
#5614 = DIRECTION('',(0.990314851905,0.,-0.138839814524));
#5615 = PCURVE('',#1598,#5616);
#5616 = DEFINITIONAL_REPRESENTATION('',(#5617),#5620);
#5617 = B_SPLINE_CURVE_WITH_KNOTS('',1,(#5618,#5619),.UNSPECIFIED.,.F.,
  .F.,(2,2),(-29.59149978828,-5.619112353832),.PIECEWISE_BEZIER_KNOTS.);
#5618 = CARTESIAN_POINT('',(1.343924248724,-8.));
#5619 = CARTESIAN_POINT('',(19.195404840189,8.));
#5620 = ( GEOMETRIC_REPRESENTATION_CONTEXT(2) 
PARAMETRIC_REPRESENTATION_CONTEXT() REPRESENTATION_CONTEXT('2D SPACE',''
  ) );
#5621 = PCURVE('',#5400,#5622);
#5622 = DEFINITIONAL_REPRESENTATION('',(#5623),#5626);
#5623 = B_SPLINE_CURVE_WITH_KNOTS('',1,(#5624,#5625),.UNSPECIFIED.,.F.,
  .F.,(2,2),(-29.59149978828,-5.619112353832),.PIECEWISE_BEZIER_KNOTS.);
#5624 = CARTESIAN_POINT('',(-61.41625950212,43.050568146736));
#5625 = CARTESIAN_POINT('',(-37.67604819017,46.378889971824));
#5626 = ( GEOMETRIC_REPRESENTATION_CONTEXT(2) 
PARAMETRIC_REPRESENTATION_CONTEXT() REPRESENTATION_CONTEXT('2D SPACE',''
  ) );
#5627 = ORIENTED_EDGE('',*,*,#5628,.F.);
#5628 = EDGE_CURVE('',#5331,#5608,#5629,.T.);
#5629 = SURFACE_CURVE('',#5630,(#5635,#5642),.PCURVE_S1.);
#5630 = ELLIPSE('',#5631,513.30233694899,64.5);
#5631 = AXIS2_PLACEMENT_3D('',#5632,#5633,#5634);
#5632 = CARTESIAN_POINT('',(0.,-449.1182241052,170.));
#5633 = DIRECTION('',(-0.137739336036,-0.125656938138,-0.982465373032));
#5634 = DIRECTION('',(1.744618598467E-02,-0.992073754263,0.124439932083)
  );
#5635 = PCURVE('',#1598,#5636);
#5636 = DEFINITIONAL_REPRESENTATION('',(#5637),#5641);
#5637 = ELLIPSE('',#5638,513.30233694899,64.5);
#5638 = AXIS2_PLACEMENT_2D('',#5639,#5640);
#5639 = CARTESIAN_POINT('',(-229.5581405486,331.79328508023));
#5640 = DIRECTION('',(-0.667434565862,0.74466844991));
#5641 = ( GEOMETRIC_REPRESENTATION_CONTEXT(2) 
PARAMETRIC_REPRESENTATION_CONTEXT() REPRESENTATION_CONTEXT('2D SPACE',''
  ) );
#5642 = PCURVE('',#5370,#5643);
#5643 = DEFINITIONAL_REPRESENTATION('',(#5644),#5651);
#5644 = B_SPLINE_CURVE_WITH_KNOTS('',5,(#5645,#5646,#5647,#5648,#5649,
    #5650),.UNSPECIFIED.,.F.,.F.,(6,6),(2.451542867962,2.486822966372),
  .PIECEWISE_BEZIER_KNOTS.);
#5645 = CARTESIAN_POINT('',(-2.400135898702,-3.810158403402));
#5646 = CARTESIAN_POINT('',(-2.39307987902,-6.097478568305));
#5647 = CARTESIAN_POINT('',(-2.386023859338,-8.360357570141));
#5648 = CARTESIAN_POINT('',(-2.378967839656,-10.59855815926));
#5649 = CARTESIAN_POINT('',(-2.371911819974,-12.81184815698));
#5650 = CARTESIAN_POINT('',(-2.364855800292,-15.0000006));
#5651 = ( GEOMETRIC_REPRESENTATION_CONTEXT(2) 
PARAMETRIC_REPRESENTATION_CONTEXT() REPRESENTATION_CONTEXT('2D SPACE',''
  ) );
#5652 = ORIENTED_EDGE('',*,*,#5330,.F.);
#5653 = ORIENTED_EDGE('',*,*,#5654,.F.);
#5654 = EDGE_CURVE('',#5479,#5308,#5655,.T.);
#5655 = SURFACE_CURVE('',#5656,(#5661,#5668),.PCURVE_S1.);
#5656 = ELLIPSE('',#5657,8.142780620668,8.);
#5657 = AXIS2_PLACEMENT_3D('',#5658,#5659,#5660);
#5658 = CARTESIAN_POINT('',(-57.,-52.,127.2));
#5659 = DIRECTION('',(-0.137739336036,-0.125656938138,-0.982465373032));
#5660 = DIRECTION('',(0.725812038123,0.66214431548,-0.186445141513));
#5661 = PCURVE('',#1598,#5662);
#5662 = DEFINITIONAL_REPRESENTATION('',(#5663),#5667);
#5663 = ELLIPSE('',#5664,8.142780620668,8.);
#5664 = AXIS2_PLACEMENT_2D('',#5665,#5666);
#5665 = CARTESIAN_POINT('',(9.862023046045E-15,-4.604603792426E-16));
#5666 = DIRECTION('',(1.,-4.844955271411E-17));
#5667 = ( GEOMETRIC_REPRESENTATION_CONTEXT(2) 
PARAMETRIC_REPRESENTATION_CONTEXT() REPRESENTATION_CONTEXT('2D SPACE',''
  ) );
#5668 = PCURVE('',#5495,#5669);
#5669 = DEFINITIONAL_REPRESENTATION('',(#5670),#5678);
#5670 = B_SPLINE_CURVE_WITH_KNOTS('',6,(#5671,#5672,#5673,#5674,#5675,
    #5676,#5677),.UNSPECIFIED.,.F.,.F.,(7,7),(0.739558737516,
    1.570796326795),.PIECEWISE_BEZIER_KNOTS.);
#5671 = CARTESIAN_POINT('',(-6.28318530718,-14.87841880382));
#5672 = CARTESIAN_POINT('',(-6.144645708966,-15.02017208857));
#5673 = CARTESIAN_POINT('',(-6.006106110753,-15.18775705194));
#5674 = CARTESIAN_POINT('',(-5.86756651254,-15.37627953067));
#5675 = CARTESIAN_POINT('',(-5.729026914327,-15.57934382506));
#5676 = CARTESIAN_POINT('',(-5.590487316114,-15.78967169162));
#5677 = CARTESIAN_POINT('',(-5.451947717901,-16.));
#5678 = ( GEOMETRIC_REPRESENTATION_CONTEXT(2) 
PARAMETRIC_REPRESENTATION_CONTEXT() REPRESENTATION_CONTEXT('2D SPACE',''
  ) );
#5679 = ADVANCED_FACE('',(#5680),#1534,.F.);
#5680 = FACE_BOUND('',#5681,.T.);
#5681 = EDGE_LOOP('',(#5682,#5683,#5708));
#5682 = ORIENTED_EDGE('',*,*,#1470,.F.);
#5683 = ORIENTED_EDGE('',*,*,#5684,.F.);
#5684 = EDGE_CURVE('',#5558,#1445,#5685,.T.);
#5685 = SURFACE_CURVE('',#5686,(#5691,#5701),.PCURVE_S1.);
#5686 = ELLIPSE('',#5687,82.348857988331,55.5);
#5687 = AXIS2_PLACEMENT_3D('',#5688,#5689,#5690);
#5688 = CARTESIAN_POINT('',(0.,-51.93171224489,170.));
#5689 = DIRECTION('',(-0.738766024784,-0.673961987522,0.));
#5690 = DIRECTION('',(0.673961987522,-0.738766024784,0.));
#5691 = PCURVE('',#1534,#5692);
#5692 = DEFINITIONAL_REPRESENTATION('',(#5693),#5700);
#5693 = B_SPLINE_CURVE_WITH_KNOTS('',5,(#5694,#5695,#5696,#5697,#5698,
    #5699),.UNSPECIFIED.,.F.,.F.,(6,6),(4.263433407383,4.323517967461),
  .PIECEWISE_BEZIER_KNOTS.);
#5694 = CARTESIAN_POINT('',(-2.019751899797,-80.47285697877));
#5695 = CARTESIAN_POINT('',(-2.007734987781,-79.81423776253));
#5696 = CARTESIAN_POINT('',(-1.995718075765,-79.15085231779));
#5697 = CARTESIAN_POINT('',(-1.98370116375,-78.4828987874));
#5698 = CARTESIAN_POINT('',(-1.971684251734,-77.81057818308));
#5699 = CARTESIAN_POINT('',(-1.959667339719,-77.13409402274));
#5700 = ( GEOMETRIC_REPRESENTATION_CONTEXT(2) 
PARAMETRIC_REPRESENTATION_CONTEXT() REPRESENTATION_CONTEXT('2D SPACE',''
  ) );
#5701 = PCURVE('',#1459,#5702);
#5702 = DEFINITIONAL_REPRESENTATION('',(#5703),#5707);
#5703 = ELLIPSE('',#5704,82.348857988331,55.5);
#5704 = AXIS2_PLACEMENT_2D('',#5705,#5706);
#5705 = CARTESIAN_POINT('',(-50.8,38.365384615385));
#5706 = DIRECTION('',(0.,1.));
#5707 = ( GEOMETRIC_REPRESENTATION_CONTEXT(2) 
PARAMETRIC_REPRESENTATION_CONTEXT() REPRESENTATION_CONTEXT('2D SPACE',''
  ) );
#5708 = ORIENTED_EDGE('',*,*,#5580,.F.);
#5709 = ADVANCED_FACE('',(#5710),#1459,.F.);
#5710 = FACE_BOUND('',#5711,.F.);
#5711 = EDGE_LOOP('',(#5712,#5713,#5714,#5715,#5716));
#5712 = ORIENTED_EDGE('',*,*,#1444,.F.);
#5713 = ORIENTED_EDGE('',*,*,#5684,.F.);
#5714 = ORIENTED_EDGE('',*,*,#5557,.F.);
#5715 = ORIENTED_EDGE('',*,*,#2227,.T.);
#5716 = ORIENTED_EDGE('',*,*,#1920,.T.);
#5717 = ADVANCED_FACE('',(#5718),#1780,.T.);
#5718 = FACE_BOUND('',#5719,.F.);
#5719 = EDGE_LOOP('',(#5720,#5721,#5722,#5743));
#5720 = ORIENTED_EDGE('',*,*,#5307,.F.);
#5721 = ORIENTED_EDGE('',*,*,#1765,.F.);
#5722 = ORIENTED_EDGE('',*,*,#5723,.T.);
#5723 = EDGE_CURVE('',#1742,#5477,#5724,.T.);
#5724 = SURFACE_CURVE('',#5725,(#5729,#5736),.PCURVE_S1.);
#5725 = LINE('',#5726,#5727);
#5726 = CARTESIAN_POINT('',(-62.39169590017,-46.08987180172,111.2));
#5727 = VECTOR('',#5728,1.);
#5728 = DIRECTION('',(0.,0.,1.));
#5729 = PCURVE('',#1780,#5730);
#5730 = DEFINITIONAL_REPRESENTATION('',(#5731),#5735);
#5731 = LINE('',#5732,#5733);
#5732 = CARTESIAN_POINT('',(-2.310355064311,0.));
#5733 = VECTOR('',#5734,1.);
#5734 = DIRECTION('',(-0.,-1.));
#5735 = ( GEOMETRIC_REPRESENTATION_CONTEXT(2) 
PARAMETRIC_REPRESENTATION_CONTEXT() REPRESENTATION_CONTEXT('2D SPACE',''
  ) );
#5736 = PCURVE('',#1996,#5737);
#5737 = DEFINITIONAL_REPRESENTATION('',(#5738),#5742);
#5738 = LINE('',#5739,#5740);
#5739 = CARTESIAN_POINT('',(6.188094222526,19.531749960326));
#5740 = VECTOR('',#5741,1.);
#5741 = DIRECTION('',(-1.,0.));
#5742 = ( GEOMETRIC_REPRESENTATION_CONTEXT(2) 
PARAMETRIC_REPRESENTATION_CONTEXT() REPRESENTATION_CONTEXT('2D SPACE',''
  ) );
#5743 = ORIENTED_EDGE('',*,*,#5744,.T.);
#5744 = EDGE_CURVE('',#5477,#5308,#5745,.T.);
#5745 = SURFACE_CURVE('',#5746,(#5751,#5758),.PCURVE_S1.);
#5746 = CIRCLE('',#5747,8.);
#5747 = AXIS2_PLACEMENT_3D('',#5748,#5749,#5750);
#5748 = CARTESIAN_POINT('',(-57.,-52.,127.2));
#5749 = DIRECTION('',(0.,0.,1.));
#5750 = DIRECTION('',(1.,0.,0.));
#5751 = PCURVE('',#1780,#5752);
#5752 = DEFINITIONAL_REPRESENTATION('',(#5753),#5757);
#5753 = LINE('',#5754,#5755);
#5754 = CARTESIAN_POINT('',(-0.,-16.));
#5755 = VECTOR('',#5756,1.);
#5756 = DIRECTION('',(-1.,0.));
#5757 = ( GEOMETRIC_REPRESENTATION_CONTEXT(2) 
PARAMETRIC_REPRESENTATION_CONTEXT() REPRESENTATION_CONTEXT('2D SPACE',''
  ) );
#5758 = PCURVE('',#5759,#5764);
#5759 = PLANE('',#5760);
#5760 = AXIS2_PLACEMENT_3D('',#5761,#5762,#5763);
#5761 = CARTESIAN_POINT('',(57.,-52.,127.2));
#5762 = DIRECTION('',(0.,0.,1.));
#5763 = DIRECTION('',(1.,0.,0.));
#5764 = DEFINITIONAL_REPRESENTATION('',(#5765),#5769);
#5765 = CIRCLE('',#5766,8.);
#5766 = AXIS2_PLACEMENT_2D('',#5767,#5768);
#5767 = CARTESIAN_POINT('',(-114.,0.));
#5768 = DIRECTION('',(1.,0.));
#5769 = ( GEOMETRIC_REPRESENTATION_CONTEXT(2) 
PARAMETRIC_REPRESENTATION_CONTEXT() REPRESENTATION_CONTEXT('2D SPACE',''
  ) );
#5770 = ADVANCED_FACE('',(#5771),#1996,.T.);
#5771 = FACE_BOUND('',#5772,.T.);
#5772 = EDGE_LOOP('',(#5773,#5792,#5793,#5794));
#5773 = ORIENTED_EDGE('',*,*,#5774,.T.);
#5774 = EDGE_CURVE('',#5514,#1947,#5775,.T.);
#5775 = SURFACE_CURVE('',#5776,(#5780,#5786),.PCURVE_S1.);
#5776 = LINE('',#5777,#5778);
#5777 = CARTESIAN_POINT('',(-43.01707913678,-28.41478282459,
    117.43580634226));
#5778 = VECTOR('',#5779,1.);
#5779 = DIRECTION('',(0.,0.,-1.));
#5780 = PCURVE('',#1996,#5781);
#5781 = DEFINITIONAL_REPRESENTATION('',(#5782),#5785);
#5782 = B_SPLINE_CURVE_WITH_KNOTS('',1,(#5783,#5784),.UNSPECIFIED.,.F.,
  .F.,(2,2),(-9.764193657731,6.235806342269),.PIECEWISE_BEZIER_KNOTS.);
#5783 = CARTESIAN_POINT('',(-9.811905777474,-6.693896744338));
#5784 = CARTESIAN_POINT('',(6.188094222526,-6.693896744338));
#5785 = ( GEOMETRIC_REPRESENTATION_CONTEXT(2) 
PARAMETRIC_REPRESENTATION_CONTEXT() REPRESENTATION_CONTEXT('2D SPACE',''
  ) );
#5786 = PCURVE('',#2098,#5787);
#5787 = DEFINITIONAL_REPRESENTATION('',(#5788),#5791);
#5788 = B_SPLINE_CURVE_WITH_KNOTS('',1,(#5789,#5790),.UNSPECIFIED.,.F.,
  .F.,(2,2),(-9.764193657731,6.235806342269),.PIECEWISE_BEZIER_KNOTS.);
#5789 = CARTESIAN_POINT('',(-9.716481537989,0.730093490942));
#5790 = CARTESIAN_POINT('',(6.283518462011,0.730093490942));
#5791 = ( GEOMETRIC_REPRESENTATION_CONTEXT(2) 
PARAMETRIC_REPRESENTATION_CONTEXT() REPRESENTATION_CONTEXT('2D SPACE',''
  ) );
#5792 = ORIENTED_EDGE('',*,*,#1982,.T.);
#5793 = ORIENTED_EDGE('',*,*,#5723,.T.);
#5794 = ORIENTED_EDGE('',*,*,#5513,.T.);
#5795 = ADVANCED_FACE('',(#5796),#2030,.F.);
#5796 = FACE_BOUND('',#5797,.F.);
#5797 = EDGE_LOOP('',(#5798,#5799,#5820,#5821));
#5798 = ORIENTED_EDGE('',*,*,#2013,.F.);
#5799 = ORIENTED_EDGE('',*,*,#5800,.F.);
#5800 = EDGE_CURVE('',#2748,#2014,#5801,.T.);
#5801 = SURFACE_CURVE('',#5802,(#5806,#5813),.PCURVE_S1.);
#5802 = LINE('',#5803,#5804);
#5803 = CARTESIAN_POINT('',(-35.16370812964,-7.246628910966,119.2));
#5804 = VECTOR('',#5805,1.);
#5805 = DIRECTION('',(0.415005179923,-0.909819048293,0.));
#5806 = PCURVE('',#2030,#5807);
#5807 = DEFINITIONAL_REPRESENTATION('',(#5808),#5812);
#5808 = LINE('',#5809,#5810);
#5809 = CARTESIAN_POINT('',(0.,-8.));
#5810 = VECTOR('',#5811,1.);
#5811 = DIRECTION('',(0.,1.));
#5812 = ( GEOMETRIC_REPRESENTATION_CONTEXT(2) 
PARAMETRIC_REPRESENTATION_CONTEXT() REPRESENTATION_CONTEXT('2D SPACE',''
  ) );
#5813 = PCURVE('',#2071,#5814);
#5814 = DEFINITIONAL_REPRESENTATION('',(#5815),#5819);
#5815 = LINE('',#5816,#5817);
#5816 = CARTESIAN_POINT('',(28.783894278753,-8.));
#5817 = VECTOR('',#5818,1.);
#5818 = DIRECTION('',(0.,1.));
#5819 = ( GEOMETRIC_REPRESENTATION_CONTEXT(2) 
PARAMETRIC_REPRESENTATION_CONTEXT() REPRESENTATION_CONTEXT('2D SPACE',''
  ) );
#5820 = ORIENTED_EDGE('',*,*,#2782,.T.);
#5821 = ORIENTED_EDGE('',*,*,#2532,.T.);
#5822 = ADVANCED_FACE('',(#5823),#2071,.F.);
#5823 = FACE_BOUND('',#5824,.F.);
#5824 = EDGE_LOOP('',(#5825,#5862,#5883,#5884,#5885,#5886,#5909));
#5825 = ORIENTED_EDGE('',*,*,#5826,.F.);
#5826 = EDGE_CURVE('',#5827,#5829,#5831,.T.);
#5827 = VERTEX_POINT('',#5828);
#5828 = CARTESIAN_POINT('',(-60.32004143938,-18.72144761365,127.2));
#5829 = VERTEX_POINT('',#5830);
#5830 = CARTESIAN_POINT('',(-49.,-26.,125.09407604882));
#5831 = SURFACE_CURVE('',#5832,(#5837,#5844),.PCURVE_S1.);
#5832 = ELLIPSE('',#5833,8.328124763309,8.);
#5833 = AXIS2_PLACEMENT_3D('',#5834,#5835,#5836);
#5834 = CARTESIAN_POINT('',(-57.,-26.,127.2));
#5835 = DIRECTION('',(-0.252868924401,-0.115343719902,-0.960600402535));
#5836 = DIRECTION('',(0.873972544025,0.398654142888,-0.277933205373));
#5837 = PCURVE('',#2071,#5838);
#5838 = DEFINITIONAL_REPRESENTATION('',(#5839),#5843);
#5839 = ELLIPSE('',#5840,8.328124763309,8.);
#5840 = AXIS2_PLACEMENT_2D('',#5841,#5842);
#5841 = CARTESIAN_POINT('',(0.,0.));
#5842 = DIRECTION('',(1.,-2.424185204561E-17));
#5843 = ( GEOMETRIC_REPRESENTATION_CONTEXT(2) 
PARAMETRIC_REPRESENTATION_CONTEXT() REPRESENTATION_CONTEXT('2D SPACE',''
  ) );
#5844 = PCURVE('',#5845,#5850);
#5845 = CYLINDRICAL_SURFACE('',#5846,8.);
#5846 = AXIS2_PLACEMENT_3D('',#5847,#5848,#5849);
#5847 = CARTESIAN_POINT('',(-57.,-26.,111.2));
#5848 = DIRECTION('',(-0.,-0.,-1.));
#5849 = DIRECTION('',(1.,0.,0.));
#5850 = DEFINITIONAL_REPRESENTATION('',(#5851),#5861);
#5851 = B_SPLINE_CURVE_WITH_KNOTS('',8,(#5852,#5853,#5854,#5855,#5856,
    #5857,#5858,#5859,#5860),.UNSPECIFIED.,.F.,.F.,(9,9),(4.712388980385
    ,6.711133803501),.PIECEWISE_BEZIER_KNOTS.);
#5852 = CARTESIAN_POINT('',(-8.281930130296,-16.));
#5853 = CARTESIAN_POINT('',(-8.032087027406,-15.42169756129));
#5854 = CARTESIAN_POINT('',(-7.782243924516,-14.84339437567));
#5855 = CARTESIAN_POINT('',(-7.532400821628,-14.32010469675));
#5856 = CARTESIAN_POINT('',(-7.282557718734,-13.90680473491));
#5857 = CARTESIAN_POINT('',(-7.03271461585,-13.64760853148));
#5858 = CARTESIAN_POINT('',(-6.782871512958,-13.56431403308));
#5859 = CARTESIAN_POINT('',(-6.533028410069,-13.65407754119));
#5860 = CARTESIAN_POINT('',(-6.28318530718,-13.89407604882));
#5861 = ( GEOMETRIC_REPRESENTATION_CONTEXT(2) 
PARAMETRIC_REPRESENTATION_CONTEXT() REPRESENTATION_CONTEXT('2D SPACE',''
  ) );
#5862 = ORIENTED_EDGE('',*,*,#5863,.T.);
#5863 = EDGE_CURVE('',#5827,#2722,#5864,.T.);
#5864 = SURFACE_CURVE('',#5865,(#5869,#5876),.PCURVE_S1.);
#5865 = LINE('',#5866,#5867);
#5866 = CARTESIAN_POINT('',(-60.32004143938,-18.72144761365,127.2));
#5867 = VECTOR('',#5868,1.);
#5868 = DIRECTION('',(0.873972544025,0.398654142888,-0.277933205373));
#5869 = PCURVE('',#2071,#5870);
#5870 = DEFINITIONAL_REPRESENTATION('',(#5871),#5875);
#5871 = LINE('',#5872,#5873);
#5872 = CARTESIAN_POINT('',(-0.,-8.));
#5873 = VECTOR('',#5874,1.);
#5874 = DIRECTION('',(1.,0.));
#5875 = ( GEOMETRIC_REPRESENTATION_CONTEXT(2) 
PARAMETRIC_REPRESENTATION_CONTEXT() REPRESENTATION_CONTEXT('2D SPACE',''
  ) );
#5876 = PCURVE('',#2736,#5877);
#5877 = DEFINITIONAL_REPRESENTATION('',(#5878),#5882);
#5878 = LINE('',#5879,#5880);
#5879 = CARTESIAN_POINT('',(-9.716481537989,12.449873862472));
#5880 = VECTOR('',#5881,1.);
#5881 = DIRECTION('',(0.277933205373,-0.960600402535));
#5882 = ( GEOMETRIC_REPRESENTATION_CONTEXT(2) 
PARAMETRIC_REPRESENTATION_CONTEXT() REPRESENTATION_CONTEXT('2D SPACE',''
  ) );
#5883 = ORIENTED_EDGE('',*,*,#2747,.F.);
#5884 = ORIENTED_EDGE('',*,*,#5800,.T.);
#5885 = ORIENTED_EDGE('',*,*,#2041,.F.);
#5886 = ORIENTED_EDGE('',*,*,#5887,.F.);
#5887 = EDGE_CURVE('',#5888,#2042,#5890,.T.);
#5888 = VERTEX_POINT('',#5889);
#5889 = CARTESIAN_POINT('',(-53.67995856061,-33.27855238634,127.2));
#5890 = SURFACE_CURVE('',#5891,(#5895,#5902),.PCURVE_S1.);
#5891 = LINE('',#5892,#5893);
#5892 = CARTESIAN_POINT('',(-53.67995856061,-33.27855238634,127.2));
#5893 = VECTOR('',#5894,1.);
#5894 = DIRECTION('',(0.873972544025,0.398654142888,-0.277933205373));
#5895 = PCURVE('',#2071,#5896);
#5896 = DEFINITIONAL_REPRESENTATION('',(#5897),#5901);
#5897 = LINE('',#5898,#5899);
#5898 = CARTESIAN_POINT('',(0.,8.));
#5899 = VECTOR('',#5900,1.);
#5900 = DIRECTION('',(1.,0.));
#5901 = ( GEOMETRIC_REPRESENTATION_CONTEXT(2) 
PARAMETRIC_REPRESENTATION_CONTEXT() REPRESENTATION_CONTEXT('2D SPACE',''
  ) );
#5902 = PCURVE('',#2098,#5903);
#5903 = DEFINITIONAL_REPRESENTATION('',(#5904),#5908);
#5904 = LINE('',#5905,#5906);
#5905 = CARTESIAN_POINT('',(-9.716481537989,12.449873862472));
#5906 = VECTOR('',#5907,1.);
#5907 = DIRECTION('',(0.277933205373,-0.960600402535));
#5908 = ( GEOMETRIC_REPRESENTATION_CONTEXT(2) 
PARAMETRIC_REPRESENTATION_CONTEXT() REPRESENTATION_CONTEXT('2D SPACE',''
  ) );
#5909 = ORIENTED_EDGE('',*,*,#5910,.F.);
#5910 = EDGE_CURVE('',#5829,#5888,#5911,.T.);
#5911 = SURFACE_CURVE('',#5912,(#5917,#5924),.PCURVE_S1.);
#5912 = ELLIPSE('',#5913,8.328124763309,8.);
#5913 = AXIS2_PLACEMENT_3D('',#5914,#5915,#5916);
#5914 = CARTESIAN_POINT('',(-57.,-26.,127.2));
#5915 = DIRECTION('',(-0.252868924401,-0.115343719902,-0.960600402535));
#5916 = DIRECTION('',(0.873972544025,0.398654142888,-0.277933205373));
#5917 = PCURVE('',#2071,#5918);
#5918 = DEFINITIONAL_REPRESENTATION('',(#5919),#5923);
#5919 = ELLIPSE('',#5920,8.328124763309,8.);
#5920 = AXIS2_PLACEMENT_2D('',#5921,#5922);
#5921 = CARTESIAN_POINT('',(0.,0.));
#5922 = DIRECTION('',(1.,-2.424185204561E-17));
#5923 = ( GEOMETRIC_REPRESENTATION_CONTEXT(2) 
PARAMETRIC_REPRESENTATION_CONTEXT() REPRESENTATION_CONTEXT('2D SPACE',''
  ) );
#5924 = PCURVE('',#5845,#5925);
#5925 = DEFINITIONAL_REPRESENTATION('',(#5926),#5935);
#5926 = B_SPLINE_CURVE_WITH_KNOTS('',7,(#5927,#5928,#5929,#5930,#5931,
    #5932,#5933,#5934),.UNSPECIFIED.,.F.,.F.,(8,8),(0.427948496321,
    1.570796326795),.PIECEWISE_BEZIER_KNOTS.);
#5927 = CARTESIAN_POINT('',(-6.28318530718,-13.89407604882));
#5928 = CARTESIAN_POINT('',(-6.119921331398,-14.05090691621));
#5929 = CARTESIAN_POINT('',(-5.956657355616,-14.27322720817));
#5930 = CARTESIAN_POINT('',(-5.793393379834,-14.55420781471));
#5931 = CARTESIAN_POINT('',(-5.630129404052,-14.88274897334));
#5932 = CARTESIAN_POINT('',(-5.46686542827,-15.24419815164));
#5933 = CARTESIAN_POINT('',(-5.303601452488,-15.62209901231));
#5934 = CARTESIAN_POINT('',(-5.140337476706,-16.));
#5935 = ( GEOMETRIC_REPRESENTATION_CONTEXT(2) 
PARAMETRIC_REPRESENTATION_CONTEXT() REPRESENTATION_CONTEXT('2D SPACE',''
  ) );
#5936 = ADVANCED_FACE('',(#5937),#2098,.F.);
#5937 = FACE_BOUND('',#5938,.F.);
#5938 = EDGE_LOOP('',(#5939,#5960,#5961,#5962,#5963,#5964));
#5939 = ORIENTED_EDGE('',*,*,#5940,.T.);
#5940 = EDGE_CURVE('',#2376,#5888,#5941,.T.);
#5941 = SURFACE_CURVE('',#5942,(#5946,#5953),.PCURVE_S1.);
#5942 = LINE('',#5943,#5944);
#5943 = CARTESIAN_POINT('',(-53.67995856061,-33.27855238634,111.2));
#5944 = VECTOR('',#5945,1.);
#5945 = DIRECTION('',(0.,0.,1.));
#5946 = PCURVE('',#2098,#5947);
#5947 = DEFINITIONAL_REPRESENTATION('',(#5948),#5952);
#5948 = LINE('',#5949,#5950);
#5949 = CARTESIAN_POINT('',(6.283518462011,12.449873862472));
#5950 = VECTOR('',#5951,1.);
#5951 = DIRECTION('',(-1.,0.));
#5952 = ( GEOMETRIC_REPRESENTATION_CONTEXT(2) 
PARAMETRIC_REPRESENTATION_CONTEXT() REPRESENTATION_CONTEXT('2D SPACE',''
  ) );
#5953 = PCURVE('',#2597,#5954);
#5954 = DEFINITIONAL_REPRESENTATION('',(#5955),#5959);
#5955 = LINE('',#5956,#5957);
#5956 = CARTESIAN_POINT('',(-5.140337476706,0.));
#5957 = VECTOR('',#5958,1.);
#5958 = DIRECTION('',(-0.,-1.));
#5959 = ( GEOMETRIC_REPRESENTATION_CONTEXT(2) 
PARAMETRIC_REPRESENTATION_CONTEXT() REPRESENTATION_CONTEXT('2D SPACE',''
  ) );
#5960 = ORIENTED_EDGE('',*,*,#5887,.T.);
#5961 = ORIENTED_EDGE('',*,*,#2083,.T.);
#5962 = ORIENTED_EDGE('',*,*,#5536,.F.);
#5963 = ORIENTED_EDGE('',*,*,#5774,.T.);
#5964 = ORIENTED_EDGE('',*,*,#2375,.T.);
#5965 = ADVANCED_FACE('',(#5966,#5969),#2184,.T.);
#5966 = FACE_BOUND('',#5967,.T.);
#5967 = EDGE_LOOP('',(#5968));
#5968 = ORIENTED_EDGE('',*,*,#2169,.T.);
#5969 = FACE_BOUND('',#5970,.T.);
#5970 = EDGE_LOOP('',(#5971));
#5971 = ORIENTED_EDGE('',*,*,#5972,.T.);
#5972 = EDGE_CURVE('',#5973,#5973,#5975,.T.);
#5973 = VERTEX_POINT('',#5974);
#5974 = CARTESIAN_POINT('',(-29.7246758,-21.4445822,109.2));
#5975 = SURFACE_CURVE('',#5976,(#5981,#5992),.PCURVE_S1.);
#5976 = CIRCLE('',#5977,2.25);
#5977 = AXIS2_PLACEMENT_3D('',#5978,#5979,#5980);
#5978 = CARTESIAN_POINT('',(-31.9746758,-21.4445822,109.2));
#5979 = DIRECTION('',(0.,0.,-1.));
#5980 = DIRECTION('',(1.,0.,0.));
#5981 = PCURVE('',#2184,#5982);
#5982 = DEFINITIONAL_REPRESENTATION('',(#5983),#5991);
#5983 = ( BOUNDED_CURVE() B_SPLINE_CURVE(2,(#5984,#5985,#5986,#5987,
#5988,#5989,#5990),.UNSPECIFIED.,.T.,.F.) B_SPLINE_CURVE_WITH_KNOTS((1,2
    ,2,2,2,1),(-2.094395102393,0.,2.094395102393,4.188790204786,
6.28318530718,8.377580409573),.UNSPECIFIED.) CURVE() 
GEOMETRIC_REPRESENTATION_ITEM() RATIONAL_B_SPLINE_CURVE((1.,0.5,1.,0.5,
1.,0.5,1.)) REPRESENTATION_ITEM('') );
#5984 = CARTESIAN_POINT('',(-67.4719107,-29.020614));
#5985 = CARTESIAN_POINT('',(-67.4719107,-32.91772831703));
#5986 = CARTESIAN_POINT('',(-70.8469107,-30.96917115851));
#5987 = CARTESIAN_POINT('',(-74.2219107,-29.020614));
#5988 = CARTESIAN_POINT('',(-70.8469107,-27.07205684148));
#5989 = CARTESIAN_POINT('',(-67.4719107,-25.12349968297));
#5990 = CARTESIAN_POINT('',(-67.4719107,-29.020614));
#5991 = ( GEOMETRIC_REPRESENTATION_CONTEXT(2) 
PARAMETRIC_REPRESENTATION_CONTEXT() REPRESENTATION_CONTEXT('2D SPACE',''
  ) );
#5992 = PCURVE('',#5993,#5998);
#5993 = CYLINDRICAL_SURFACE('',#5994,2.25);
#5994 = AXIS2_PLACEMENT_3D('',#5995,#5996,#5997);
#5995 = CARTESIAN_POINT('',(-31.9746758,-21.4445822,104.2));
#5996 = DIRECTION('',(-0.,-0.,-1.));
#5997 = DIRECTION('',(1.,0.,0.));
#5998 = DEFINITIONAL_REPRESENTATION('',(#5999),#6003);
#5999 = LINE('',#6000,#6001);
#6000 = CARTESIAN_POINT('',(-6.28318530718,-5.));
#6001 = VECTOR('',#6002,1.);
#6002 = DIRECTION('',(1.,-0.));
#6003 = ( GEOMETRIC_REPRESENTATION_CONTEXT(2) 
PARAMETRIC_REPRESENTATION_CONTEXT() REPRESENTATION_CONTEXT('2D SPACE',''
  ) );
#6004 = ADVANCED_FACE('',(#6005),#2597,.T.);
#6005 = FACE_BOUND('',#6006,.F.);
#6006 = EDGE_LOOP('',(#6007,#6008,#6009,#6030));
#6007 = ORIENTED_EDGE('',*,*,#5940,.F.);
#6008 = ORIENTED_EDGE('',*,*,#2582,.T.);
#6009 = ORIENTED_EDGE('',*,*,#6010,.T.);
#6010 = EDGE_CURVE('',#2561,#5827,#6011,.T.);
#6011 = SURFACE_CURVE('',#6012,(#6016,#6023),.PCURVE_S1.);
#6012 = LINE('',#6013,#6014);
#6013 = CARTESIAN_POINT('',(-60.32004143938,-18.72144761365,111.2));
#6014 = VECTOR('',#6015,1.);
#6015 = DIRECTION('',(0.,0.,1.));
#6016 = PCURVE('',#2597,#6017);
#6017 = DEFINITIONAL_REPRESENTATION('',(#6018),#6022);
#6018 = LINE('',#6019,#6020);
#6019 = CARTESIAN_POINT('',(-1.998744823116,0.));
#6020 = VECTOR('',#6021,1.);
#6021 = DIRECTION('',(-0.,-1.));
#6022 = ( GEOMETRIC_REPRESENTATION_CONTEXT(2) 
PARAMETRIC_REPRESENTATION_CONTEXT() REPRESENTATION_CONTEXT('2D SPACE',''
  ) );
#6023 = PCURVE('',#2736,#6024);
#6024 = DEFINITIONAL_REPRESENTATION('',(#6025),#6029);
#6025 = LINE('',#6026,#6027);
#6026 = CARTESIAN_POINT('',(6.283518462011,12.449873862472));
#6027 = VECTOR('',#6028,1.);
#6028 = DIRECTION('',(-1.,0.));
#6029 = ( GEOMETRIC_REPRESENTATION_CONTEXT(2) 
PARAMETRIC_REPRESENTATION_CONTEXT() REPRESENTATION_CONTEXT('2D SPACE',''
  ) );
#6030 = ORIENTED_EDGE('',*,*,#6031,.T.);
#6031 = EDGE_CURVE('',#5827,#5888,#6032,.T.);
#6032 = SURFACE_CURVE('',#6033,(#6038,#6045),.PCURVE_S1.);
#6033 = CIRCLE('',#6034,8.);
#6034 = AXIS2_PLACEMENT_3D('',#6035,#6036,#6037);
#6035 = CARTESIAN_POINT('',(-57.,-26.,127.2));
#6036 = DIRECTION('',(0.,0.,1.));
#6037 = DIRECTION('',(1.,0.,0.));
#6038 = PCURVE('',#2597,#6039);
#6039 = DEFINITIONAL_REPRESENTATION('',(#6040),#6044);
#6040 = LINE('',#6041,#6042);
#6041 = CARTESIAN_POINT('',(-0.,-16.));
#6042 = VECTOR('',#6043,1.);
#6043 = DIRECTION('',(-1.,0.));
#6044 = ( GEOMETRIC_REPRESENTATION_CONTEXT(2) 
PARAMETRIC_REPRESENTATION_CONTEXT() REPRESENTATION_CONTEXT('2D SPACE',''
  ) );
#6045 = PCURVE('',#6046,#6051);
#6046 = PLANE('',#6047);
#6047 = AXIS2_PLACEMENT_3D('',#6048,#6049,#6050);
#6048 = CARTESIAN_POINT('',(57.,-52.,127.2));
#6049 = DIRECTION('',(0.,0.,1.));
#6050 = DIRECTION('',(1.,0.,0.));
#6051 = DEFINITIONAL_REPRESENTATION('',(#6052),#6056);
#6052 = CIRCLE('',#6053,8.);
#6053 = AXIS2_PLACEMENT_2D('',#6054,#6055);
#6054 = CARTESIAN_POINT('',(-114.,26.));
#6055 = DIRECTION('',(1.,0.));
#6056 = ( GEOMETRIC_REPRESENTATION_CONTEXT(2) 
PARAMETRIC_REPRESENTATION_CONTEXT() REPRESENTATION_CONTEXT('2D SPACE',''
  ) );
#6057 = ADVANCED_FACE('',(#6058,#6061),#2651,.T.);
#6058 = FACE_BOUND('',#6059,.T.);
#6059 = EDGE_LOOP('',(#6060));
#6060 = ORIENTED_EDGE('',*,*,#2636,.T.);
#6061 = FACE_BOUND('',#6062,.T.);
#6062 = EDGE_LOOP('',(#6063));
#6063 = ORIENTED_EDGE('',*,*,#6064,.T.);
#6064 = EDGE_CURVE('',#6065,#6065,#6067,.T.);
#6065 = VERTEX_POINT('',#6066);
#6066 = CARTESIAN_POINT('',(-35.4972348,-7.5760319,109.2));
#6067 = SURFACE_CURVE('',#6068,(#6073,#6084),.PCURVE_S1.);
#6068 = CIRCLE('',#6069,2.25);
#6069 = AXIS2_PLACEMENT_3D('',#6070,#6071,#6072);
#6070 = CARTESIAN_POINT('',(-37.7472348,-7.5760319,109.2));
#6071 = DIRECTION('',(0.,0.,-1.));
#6072 = DIRECTION('',(1.,0.,0.));
#6073 = PCURVE('',#2651,#6074);
#6074 = DEFINITIONAL_REPRESENTATION('',(#6075),#6083);
#6075 = ( BOUNDED_CURVE() B_SPLINE_CURVE(2,(#6076,#6077,#6078,#6079,
#6080,#6081,#6082),.UNSPECIFIED.,.T.,.F.) B_SPLINE_CURVE_WITH_KNOTS((1,2
    ,2,2,2,1),(-2.094395102393,0.,2.094395102393,4.188790204786,
6.28318530718,8.377580409573),.UNSPECIFIED.) CURVE() 
GEOMETRIC_REPRESENTATION_ITEM() RATIONAL_B_SPLINE_CURVE((1.,0.5,1.,0.5,
1.,0.5,1.)) REPRESENTATION_ITEM('') );
#6076 = CARTESIAN_POINT('',(-73.2444697,-15.1520637));
#6077 = CARTESIAN_POINT('',(-73.2444697,-19.04917801703));
#6078 = CARTESIAN_POINT('',(-76.6194697,-17.10062085851));
#6079 = CARTESIAN_POINT('',(-79.9944697,-15.1520637));
#6080 = CARTESIAN_POINT('',(-76.6194697,-13.20350654148));
#6081 = CARTESIAN_POINT('',(-73.2444697,-11.25494938297));
#6082 = CARTESIAN_POINT('',(-73.2444697,-15.1520637));
#6083 = ( GEOMETRIC_REPRESENTATION_CONTEXT(2) 
PARAMETRIC_REPRESENTATION_CONTEXT() REPRESENTATION_CONTEXT('2D SPACE',''
  ) );
#6084 = PCURVE('',#6085,#6090);
#6085 = CYLINDRICAL_SURFACE('',#6086,2.25);
#6086 = AXIS2_PLACEMENT_3D('',#6087,#6088,#6089);
#6087 = CARTESIAN_POINT('',(-37.7472348,-7.5760319,104.2));
#6088 = DIRECTION('',(-0.,-0.,-1.));
#6089 = DIRECTION('',(1.,0.,0.));
#6090 = DEFINITIONAL_REPRESENTATION('',(#6091),#6095);
#6091 = LINE('',#6092,#6093);
#6092 = CARTESIAN_POINT('',(-6.28318530718,-5.));
#6093 = VECTOR('',#6094,1.);
#6094 = DIRECTION('',(1.,-0.));
#6095 = ( GEOMETRIC_REPRESENTATION_CONTEXT(2) 
PARAMETRIC_REPRESENTATION_CONTEXT() REPRESENTATION_CONTEXT('2D SPACE',''
  ) );
#6096 = ADVANCED_FACE('',(#6097),#2736,.T.);
#6097 = FACE_BOUND('',#6098,.T.);
#6098 = EDGE_LOOP('',(#6099,#6100,#6101,#6102));
#6099 = ORIENTED_EDGE('',*,*,#6010,.T.);
#6100 = ORIENTED_EDGE('',*,*,#5863,.T.);
#6101 = ORIENTED_EDGE('',*,*,#2721,.T.);
#6102 = ORIENTED_EDGE('',*,*,#2806,.F.);
#6103 = ADVANCED_FACE('',(#6104,#6110,#6145,#6175,#6210,#6245,#6275,
    #6310,#6345,#6380,#6415,#6450,#6480,#6515,#6550,#6585,#6620,#6655,
    #6690,#6725,#6760,#6795),#2851,.F.);
#6104 = FACE_BOUND('',#6105,.F.);
#6105 = EDGE_LOOP('',(#6106,#6107,#6108,#6109));
#6106 = ORIENTED_EDGE('',*,*,#2832,.T.);
#6107 = ORIENTED_EDGE('',*,*,#2983,.T.);
#6108 = ORIENTED_EDGE('',*,*,#3010,.F.);
#6109 = ORIENTED_EDGE('',*,*,#2934,.T.);
#6110 = FACE_BOUND('',#6111,.F.);
#6111 = EDGE_LOOP('',(#6112));
#6112 = ORIENTED_EDGE('',*,*,#6113,.T.);
#6113 = EDGE_CURVE('',#6114,#6114,#6116,.T.);
#6114 = VERTEX_POINT('',#6115);
#6115 = CARTESIAN_POINT('',(-53.7,-52.,105.2));
#6116 = SURFACE_CURVE('',#6117,(#6122,#6133),.PCURVE_S1.);
#6117 = CIRCLE('',#6118,3.3);
#6118 = AXIS2_PLACEMENT_3D('',#6119,#6120,#6121);
#6119 = CARTESIAN_POINT('',(-57.,-52.,105.2));
#6120 = DIRECTION('',(0.,0.,-1.));
#6121 = DIRECTION('',(1.,0.,0.));
#6122 = PCURVE('',#2851,#6123);
#6123 = DEFINITIONAL_REPRESENTATION('',(#6124),#6132);
#6124 = ( BOUNDED_CURVE() B_SPLINE_CURVE(2,(#6125,#6126,#6127,#6128,
#6129,#6130,#6131),.UNSPECIFIED.,.T.,.F.) B_SPLINE_CURVE_WITH_KNOTS((1,2
    ,2,2,2,1),(-2.094395102393,0.,2.094395102393,4.188790204786,
6.28318530718,8.377580409573),.UNSPECIFIED.) CURVE() 
GEOMETRIC_REPRESENTATION_ITEM() RATIONAL_B_SPLINE_CURVE((1.,0.5,1.,0.5,
1.,0.5,1.)) REPRESENTATION_ITEM('') );
#6125 = CARTESIAN_POINT('',(-53.7,-52.));
#6126 = CARTESIAN_POINT('',(-53.7,-57.71576766497));
#6127 = CARTESIAN_POINT('',(-58.65,-54.85788383248));
#6128 = CARTESIAN_POINT('',(-63.6,-52.));
#6129 = CARTESIAN_POINT('',(-58.65,-49.14211616751));
#6130 = CARTESIAN_POINT('',(-53.7,-46.28423233502));
#6131 = CARTESIAN_POINT('',(-53.7,-52.));
#6132 = ( GEOMETRIC_REPRESENTATION_CONTEXT(2) 
PARAMETRIC_REPRESENTATION_CONTEXT() REPRESENTATION_CONTEXT('2D SPACE',''
  ) );
#6133 = PCURVE('',#6134,#6139);
#6134 = CYLINDRICAL_SURFACE('',#6135,3.3);
#6135 = AXIS2_PLACEMENT_3D('',#6136,#6137,#6138);
#6136 = CARTESIAN_POINT('',(-57.,-52.,104.2));
#6137 = DIRECTION('',(-0.,-0.,-1.));
#6138 = DIRECTION('',(1.,0.,0.));
#6139 = DEFINITIONAL_REPRESENTATION('',(#6140),#6144);
#6140 = LINE('',#6141,#6142);
#6141 = CARTESIAN_POINT('',(-6.28318530718,-1.));
#6142 = VECTOR('',#6143,1.);
#6143 = DIRECTION('',(1.,-0.));
#6144 = ( GEOMETRIC_REPRESENTATION_CONTEXT(2) 
PARAMETRIC_REPRESENTATION_CONTEXT() REPRESENTATION_CONTEXT('2D SPACE',''
  ) );
#6145 = FACE_BOUND('',#6146,.F.);
#6146 = EDGE_LOOP('',(#6147));
#6147 = ORIENTED_EDGE('',*,*,#6148,.T.);
#6148 = EDGE_CURVE('',#6149,#6149,#6151,.T.);
#6149 = VERTEX_POINT('',#6150);
#6150 = CARTESIAN_POINT('',(-19.0842622,-32.0483893,105.2));
#6151 = SURFACE_CURVE('',#6152,(#6157,#6168),.PCURVE_S1.);
#6152 = CIRCLE('',#6153,2.25);
#6153 = AXIS2_PLACEMENT_3D('',#6154,#6155,#6156);
#6154 = CARTESIAN_POINT('',(-21.3342622,-32.0483893,105.2));
#6155 = DIRECTION('',(0.,0.,-1.));
#6156 = DIRECTION('',(1.,0.,0.));
#6157 = PCURVE('',#2851,#6158);
#6158 = DEFINITIONAL_REPRESENTATION('',(#6159),#6167);
#6159 = ( BOUNDED_CURVE() B_SPLINE_CURVE(2,(#6160,#6161,#6162,#6163,
#6164,#6165,#6166),.UNSPECIFIED.,.T.,.F.) B_SPLINE_CURVE_WITH_KNOTS((1,2
    ,2,2,2,1),(-2.094395102393,0.,2.094395102393,4.188790204786,
6.28318530718,8.377580409573),.UNSPECIFIED.) CURVE() 
GEOMETRIC_REPRESENTATION_ITEM() RATIONAL_B_SPLINE_CURVE((1.,0.5,1.,0.5,
1.,0.5,1.)) REPRESENTATION_ITEM('') );
#6160 = CARTESIAN_POINT('',(-19.0842622,-32.0483893));
#6161 = CARTESIAN_POINT('',(-19.0842622,-35.94550361703));
#6162 = CARTESIAN_POINT('',(-22.4592622,-33.99694645851));
#6163 = CARTESIAN_POINT('',(-25.8342622,-32.0483893));
#6164 = CARTESIAN_POINT('',(-22.4592622,-30.09983214148));
#6165 = CARTESIAN_POINT('',(-19.0842622,-28.15127498297));
#6166 = CARTESIAN_POINT('',(-19.0842622,-32.0483893));
#6167 = ( GEOMETRIC_REPRESENTATION_CONTEXT(2) 
PARAMETRIC_REPRESENTATION_CONTEXT() REPRESENTATION_CONTEXT('2D SPACE',''
  ) );
#6168 = PCURVE('',#5461,#6169);
#6169 = DEFINITIONAL_REPRESENTATION('',(#6170),#6174);
#6170 = LINE('',#6171,#6172);
#6171 = CARTESIAN_POINT('',(-6.28318530718,-1.));
#6172 = VECTOR('',#6173,1.);
#6173 = DIRECTION('',(1.,-0.));
#6174 = ( GEOMETRIC_REPRESENTATION_CONTEXT(2) 
PARAMETRIC_REPRESENTATION_CONTEXT() REPRESENTATION_CONTEXT('2D SPACE',''
  ) );
#6175 = FACE_BOUND('',#6176,.F.);
#6176 = EDGE_LOOP('',(#6177));
#6177 = ORIENTED_EDGE('',*,*,#6178,.T.);
#6178 = EDGE_CURVE('',#6179,#6179,#6181,.T.);
#6179 = VERTEX_POINT('',#6180);
#6180 = CARTESIAN_POINT('',(-5.1959006,-37.7731196,105.2));
#6181 = SURFACE_CURVE('',#6182,(#6187,#6198),.PCURVE_S1.);
#6182 = CIRCLE('',#6183,2.25);
#6183 = AXIS2_PLACEMENT_3D('',#6184,#6185,#6186);
#6184 = CARTESIAN_POINT('',(-7.4459006,-37.7731196,105.2));
#6185 = DIRECTION('',(0.,0.,-1.));
#6186 = DIRECTION('',(1.,0.,0.));
#6187 = PCURVE('',#2851,#6188);
#6188 = DEFINITIONAL_REPRESENTATION('',(#6189),#6197);
#6189 = ( BOUNDED_CURVE() B_SPLINE_CURVE(2,(#6190,#6191,#6192,#6193,
#6194,#6195,#6196),.UNSPECIFIED.,.T.,.F.) B_SPLINE_CURVE_WITH_KNOTS((1,2
    ,2,2,2,1),(-2.094395102393,0.,2.094395102393,4.188790204786,
6.28318530718,8.377580409573),.UNSPECIFIED.) CURVE() 
GEOMETRIC_REPRESENTATION_ITEM() RATIONAL_B_SPLINE_CURVE((1.,0.5,1.,0.5,
1.,0.5,1.)) REPRESENTATION_ITEM('') );
#6190 = CARTESIAN_POINT('',(-5.1959006,-37.7731196));
#6191 = CARTESIAN_POINT('',(-5.1959006,-41.67023391703));
#6192 = CARTESIAN_POINT('',(-8.5709006,-39.72167675851));
#6193 = CARTESIAN_POINT('',(-11.9459006,-37.7731196));
#6194 = CARTESIAN_POINT('',(-8.5709006,-35.82456244148));
#6195 = CARTESIAN_POINT('',(-5.1959006,-33.87600528297));
#6196 = CARTESIAN_POINT('',(-5.1959006,-37.7731196));
#6197 = ( GEOMETRIC_REPRESENTATION_CONTEXT(2) 
PARAMETRIC_REPRESENTATION_CONTEXT() REPRESENTATION_CONTEXT('2D SPACE',''
  ) );
#6198 = PCURVE('',#6199,#6204);
#6199 = CYLINDRICAL_SURFACE('',#6200,2.25);
#6200 = AXIS2_PLACEMENT_3D('',#6201,#6202,#6203);
#6201 = CARTESIAN_POINT('',(-7.4459006,-37.7731196,104.2));
#6202 = DIRECTION('',(-0.,-0.,-1.));
#6203 = DIRECTION('',(1.,0.,0.));
#6204 = DEFINITIONAL_REPRESENTATION('',(#6205),#6209);
#6205 = LINE('',#6206,#6207);
#6206 = CARTESIAN_POINT('',(-6.28318530718,-1.));
#6207 = VECTOR('',#6208,1.);
#6208 = DIRECTION('',(1.,-0.));
#6209 = ( GEOMETRIC_REPRESENTATION_CONTEXT(2) 
PARAMETRIC_REPRESENTATION_CONTEXT() REPRESENTATION_CONTEXT('2D SPACE',''
  ) );
#6210 = FACE_BOUND('',#6211,.F.);
#6211 = EDGE_LOOP('',(#6212));
#6212 = ORIENTED_EDGE('',*,*,#6213,.T.);
#6213 = EDGE_CURVE('',#6214,#6214,#6216,.T.);
#6214 = VERTEX_POINT('',#6215);
#6215 = CARTESIAN_POINT('',(-53.7,-26.,105.2));
#6216 = SURFACE_CURVE('',#6217,(#6222,#6233),.PCURVE_S1.);
#6217 = CIRCLE('',#6218,3.3);
#6218 = AXIS2_PLACEMENT_3D('',#6219,#6220,#6221);
#6219 = CARTESIAN_POINT('',(-57.,-26.,105.2));
#6220 = DIRECTION('',(0.,0.,-1.));
#6221 = DIRECTION('',(1.,0.,0.));
#6222 = PCURVE('',#2851,#6223);
#6223 = DEFINITIONAL_REPRESENTATION('',(#6224),#6232);
#6224 = ( BOUNDED_CURVE() B_SPLINE_CURVE(2,(#6225,#6226,#6227,#6228,
#6229,#6230,#6231),.UNSPECIFIED.,.T.,.F.) B_SPLINE_CURVE_WITH_KNOTS((1,2
    ,2,2,2,1),(-2.094395102393,0.,2.094395102393,4.188790204786,
6.28318530718,8.377580409573),.UNSPECIFIED.) CURVE() 
GEOMETRIC_REPRESENTATION_ITEM() RATIONAL_B_SPLINE_CURVE((1.,0.5,1.,0.5,
1.,0.5,1.)) REPRESENTATION_ITEM('') );
#6225 = CARTESIAN_POINT('',(-53.7,-26.));
#6226 = CARTESIAN_POINT('',(-53.7,-31.71576766497));
#6227 = CARTESIAN_POINT('',(-58.65,-28.85788383248));
#6228 = CARTESIAN_POINT('',(-63.6,-26.));
#6229 = CARTESIAN_POINT('',(-58.65,-23.14211616751));
#6230 = CARTESIAN_POINT('',(-53.7,-20.28423233502));
#6231 = CARTESIAN_POINT('',(-53.7,-26.));
#6232 = ( GEOMETRIC_REPRESENTATION_CONTEXT(2) 
PARAMETRIC_REPRESENTATION_CONTEXT() REPRESENTATION_CONTEXT('2D SPACE',''
  ) );
#6233 = PCURVE('',#6234,#6239);
#6234 = CYLINDRICAL_SURFACE('',#6235,3.3);
#6235 = AXIS2_PLACEMENT_3D('',#6236,#6237,#6238);
#6236 = CARTESIAN_POINT('',(-57.,-26.,104.2));
#6237 = DIRECTION('',(-0.,-0.,-1.));
#6238 = DIRECTION('',(1.,0.,0.));
#6239 = DEFINITIONAL_REPRESENTATION('',(#6240),#6244);
#6240 = LINE('',#6241,#6242);
#6241 = CARTESIAN_POINT('',(-6.28318530718,-1.));
#6242 = VECTOR('',#6243,1.);
#6243 = DIRECTION('',(1.,-0.));
#6244 = ( GEOMETRIC_REPRESENTATION_CONTEXT(2) 
PARAMETRIC_REPRESENTATION_CONTEXT() REPRESENTATION_CONTEXT('2D SPACE',''
  ) );
#6245 = FACE_BOUND('',#6246,.F.);
#6246 = EDGE_LOOP('',(#6247));
#6247 = ORIENTED_EDGE('',*,*,#6248,.T.);
#6248 = EDGE_CURVE('',#6249,#6249,#6251,.T.);
#6249 = VERTEX_POINT('',#6250);
#6250 = CARTESIAN_POINT('',(-29.7246758,-21.4445822,105.2));
#6251 = SURFACE_CURVE('',#6252,(#6257,#6268),.PCURVE_S1.);
#6252 = CIRCLE('',#6253,2.25);
#6253 = AXIS2_PLACEMENT_3D('',#6254,#6255,#6256);
#6254 = CARTESIAN_POINT('',(-31.9746758,-21.4445822,105.2));
#6255 = DIRECTION('',(0.,0.,-1.));
#6256 = DIRECTION('',(1.,0.,0.));
#6257 = PCURVE('',#2851,#6258);
#6258 = DEFINITIONAL_REPRESENTATION('',(#6259),#6267);
#6259 = ( BOUNDED_CURVE() B_SPLINE_CURVE(2,(#6260,#6261,#6262,#6263,
#6264,#6265,#6266),.UNSPECIFIED.,.T.,.F.) B_SPLINE_CURVE_WITH_KNOTS((1,2
    ,2,2,2,1),(-2.094395102393,0.,2.094395102393,4.188790204786,
6.28318530718,8.377580409573),.UNSPECIFIED.) CURVE() 
GEOMETRIC_REPRESENTATION_ITEM() RATIONAL_B_SPLINE_CURVE((1.,0.5,1.,0.5,
1.,0.5,1.)) REPRESENTATION_ITEM('') );
#6260 = CARTESIAN_POINT('',(-29.7246758,-21.4445822));
#6261 = CARTESIAN_POINT('',(-29.7246758,-25.34169651703));
#6262 = CARTESIAN_POINT('',(-33.0996758,-23.39313935851));
#6263 = CARTESIAN_POINT('',(-36.4746758,-21.4445822));
#6264 = CARTESIAN_POINT('',(-33.0996758,-19.49602504148));
#6265 = CARTESIAN_POINT('',(-29.7246758,-17.54746788297));
#6266 = CARTESIAN_POINT('',(-29.7246758,-21.4445822));
#6267 = ( GEOMETRIC_REPRESENTATION_CONTEXT(2) 
PARAMETRIC_REPRESENTATION_CONTEXT() REPRESENTATION_CONTEXT('2D SPACE',''
  ) );
#6268 = PCURVE('',#5993,#6269);
#6269 = DEFINITIONAL_REPRESENTATION('',(#6270),#6274);
#6270 = LINE('',#6271,#6272);
#6271 = CARTESIAN_POINT('',(-6.28318530718,-1.));
#6272 = VECTOR('',#6273,1.);
#6273 = DIRECTION('',(1.,-0.));
#6274 = ( GEOMETRIC_REPRESENTATION_CONTEXT(2) 
PARAMETRIC_REPRESENTATION_CONTEXT() REPRESENTATION_CONTEXT('2D SPACE',''
  ) );
#6275 = FACE_BOUND('',#6276,.F.);
#6276 = EDGE_LOOP('',(#6277));
#6277 = ORIENTED_EDGE('',*,*,#6278,.T.);
#6278 = EDGE_CURVE('',#6279,#6279,#6281,.T.);
#6279 = VERTEX_POINT('',#6280);
#6280 = CARTESIAN_POINT('',(9.8260319,-37.7472349,105.2));
#6281 = SURFACE_CURVE('',#6282,(#6287,#6298),.PCURVE_S1.);
#6282 = CIRCLE('',#6283,2.25);
#6283 = AXIS2_PLACEMENT_3D('',#6284,#6285,#6286);
#6284 = CARTESIAN_POINT('',(7.5760319,-37.7472349,105.2));
#6285 = DIRECTION('',(0.,0.,-1.));
#6286 = DIRECTION('',(1.,0.,0.));
#6287 = PCURVE('',#2851,#6288);
#6288 = DEFINITIONAL_REPRESENTATION('',(#6289),#6297);
#6289 = ( BOUNDED_CURVE() B_SPLINE_CURVE(2,(#6290,#6291,#6292,#6293,
#6294,#6295,#6296),.UNSPECIFIED.,.T.,.F.) B_SPLINE_CURVE_WITH_KNOTS((1,2
    ,2,2,2,1),(-2.094395102393,0.,2.094395102393,4.188790204786,
6.28318530718,8.377580409573),.UNSPECIFIED.) CURVE() 
GEOMETRIC_REPRESENTATION_ITEM() RATIONAL_B_SPLINE_CURVE((1.,0.5,1.,0.5,
1.,0.5,1.)) REPRESENTATION_ITEM('') );
#6290 = CARTESIAN_POINT('',(9.8260319,-37.7472349));
#6291 = CARTESIAN_POINT('',(9.8260319,-41.64434921703));
#6292 = CARTESIAN_POINT('',(6.4510319,-39.69579205851));
#6293 = CARTESIAN_POINT('',(3.0760319,-37.7472349));
#6294 = CARTESIAN_POINT('',(6.4510319,-35.79867774148));
#6295 = CARTESIAN_POINT('',(9.8260319,-33.85012058297));
#6296 = CARTESIAN_POINT('',(9.8260319,-37.7472349));
#6297 = ( GEOMETRIC_REPRESENTATION_CONTEXT(2) 
PARAMETRIC_REPRESENTATION_CONTEXT() REPRESENTATION_CONTEXT('2D SPACE',''
  ) );
#6298 = PCURVE('',#6299,#6304);
#6299 = CYLINDRICAL_SURFACE('',#6300,2.25);
#6300 = AXIS2_PLACEMENT_3D('',#6301,#6302,#6303);
#6301 = CARTESIAN_POINT('',(7.5760319,-37.7472349,104.2));
#6302 = DIRECTION('',(-0.,-0.,-1.));
#6303 = DIRECTION('',(1.,0.,0.));
#6304 = DEFINITIONAL_REPRESENTATION('',(#6305),#6309);
#6305 = LINE('',#6306,#6307);
#6306 = CARTESIAN_POINT('',(-6.28318530718,-1.));
#6307 = VECTOR('',#6308,1.);
#6308 = DIRECTION('',(1.,-0.));
#6309 = ( GEOMETRIC_REPRESENTATION_CONTEXT(2) 
PARAMETRIC_REPRESENTATION_CONTEXT() REPRESENTATION_CONTEXT('2D SPACE',''
  ) );
#6310 = FACE_BOUND('',#6311,.F.);
#6311 = EDGE_LOOP('',(#6312));
#6312 = ORIENTED_EDGE('',*,*,#6313,.T.);
#6313 = EDGE_CURVE('',#6314,#6314,#6316,.T.);
#6314 = VERTEX_POINT('',#6315);
#6315 = CARTESIAN_POINT('',(23.6945822,-31.9746759,105.2));
#6316 = SURFACE_CURVE('',#6317,(#6322,#6333),.PCURVE_S1.);
#6317 = CIRCLE('',#6318,2.25);
#6318 = AXIS2_PLACEMENT_3D('',#6319,#6320,#6321);
#6319 = CARTESIAN_POINT('',(21.4445822,-31.9746759,105.2));
#6320 = DIRECTION('',(0.,0.,-1.));
#6321 = DIRECTION('',(1.,0.,0.));
#6322 = PCURVE('',#2851,#6323);
#6323 = DEFINITIONAL_REPRESENTATION('',(#6324),#6332);
#6324 = ( BOUNDED_CURVE() B_SPLINE_CURVE(2,(#6325,#6326,#6327,#6328,
#6329,#6330,#6331),.UNSPECIFIED.,.T.,.F.) B_SPLINE_CURVE_WITH_KNOTS((1,2
    ,2,2,2,1),(-2.094395102393,0.,2.094395102393,4.188790204786,
6.28318530718,8.377580409573),.UNSPECIFIED.) CURVE() 
GEOMETRIC_REPRESENTATION_ITEM() RATIONAL_B_SPLINE_CURVE((1.,0.5,1.,0.5,
1.,0.5,1.)) REPRESENTATION_ITEM('') );
#6325 = CARTESIAN_POINT('',(23.6945822,-31.9746759));
#6326 = CARTESIAN_POINT('',(23.6945822,-35.87179021703));
#6327 = CARTESIAN_POINT('',(20.3195822,-33.92323305851));
#6328 = CARTESIAN_POINT('',(16.9445822,-31.9746759));
#6329 = CARTESIAN_POINT('',(20.3195822,-30.02611874148));
#6330 = CARTESIAN_POINT('',(23.6945822,-28.07756158297));
#6331 = CARTESIAN_POINT('',(23.6945822,-31.9746759));
#6332 = ( GEOMETRIC_REPRESENTATION_CONTEXT(2) 
PARAMETRIC_REPRESENTATION_CONTEXT() REPRESENTATION_CONTEXT('2D SPACE',''
  ) );
#6333 = PCURVE('',#6334,#6339);
#6334 = CYLINDRICAL_SURFACE('',#6335,2.25);
#6335 = AXIS2_PLACEMENT_3D('',#6336,#6337,#6338);
#6336 = CARTESIAN_POINT('',(21.4445822,-31.9746759,104.2));
#6337 = DIRECTION('',(-0.,-0.,-1.));
#6338 = DIRECTION('',(1.,0.,0.));
#6339 = DEFINITIONAL_REPRESENTATION('',(#6340),#6344);
#6340 = LINE('',#6341,#6342);
#6341 = CARTESIAN_POINT('',(-6.28318530718,-1.));
#6342 = VECTOR('',#6343,1.);
#6343 = DIRECTION('',(1.,-0.));
#6344 = ( GEOMETRIC_REPRESENTATION_CONTEXT(2) 
PARAMETRIC_REPRESENTATION_CONTEXT() REPRESENTATION_CONTEXT('2D SPACE',''
  ) );
#6345 = FACE_BOUND('',#6346,.F.);
#6346 = EDGE_LOOP('',(#6347));
#6347 = ORIENTED_EDGE('',*,*,#6348,.T.);
#6348 = EDGE_CURVE('',#6349,#6349,#6351,.T.);
#6349 = VERTEX_POINT('',#6350);
#6350 = CARTESIAN_POINT('',(60.3,-52.,105.2));
#6351 = SURFACE_CURVE('',#6352,(#6357,#6368),.PCURVE_S1.);
#6352 = CIRCLE('',#6353,3.3);
#6353 = AXIS2_PLACEMENT_3D('',#6354,#6355,#6356);
#6354 = CARTESIAN_POINT('',(57.,-52.,105.2));
#6355 = DIRECTION('',(0.,0.,-1.));
#6356 = DIRECTION('',(1.,0.,0.));
#6357 = PCURVE('',#2851,#6358);
#6358 = DEFINITIONAL_REPRESENTATION('',(#6359),#6367);
#6359 = ( BOUNDED_CURVE() B_SPLINE_CURVE(2,(#6360,#6361,#6362,#6363,
#6364,#6365,#6366),.UNSPECIFIED.,.T.,.F.) B_SPLINE_CURVE_WITH_KNOTS((1,2
    ,2,2,2,1),(-2.094395102393,0.,2.094395102393,4.188790204786,
6.28318530718,8.377580409573),.UNSPECIFIED.) CURVE() 
GEOMETRIC_REPRESENTATION_ITEM() RATIONAL_B_SPLINE_CURVE((1.,0.5,1.,0.5,
1.,0.5,1.)) REPRESENTATION_ITEM('') );
#6360 = CARTESIAN_POINT('',(60.3,-52.));
#6361 = CARTESIAN_POINT('',(60.3,-57.71576766497));
#6362 = CARTESIAN_POINT('',(55.35,-54.85788383248));
#6363 = CARTESIAN_POINT('',(50.4,-52.));
#6364 = CARTESIAN_POINT('',(55.35,-49.14211616751));
#6365 = CARTESIAN_POINT('',(60.3,-46.28423233502));
#6366 = CARTESIAN_POINT('',(60.3,-52.));
#6367 = ( GEOMETRIC_REPRESENTATION_CONTEXT(2) 
PARAMETRIC_REPRESENTATION_CONTEXT() REPRESENTATION_CONTEXT('2D SPACE',''
  ) );
#6368 = PCURVE('',#6369,#6374);
#6369 = CYLINDRICAL_SURFACE('',#6370,3.3);
#6370 = AXIS2_PLACEMENT_3D('',#6371,#6372,#6373);
#6371 = CARTESIAN_POINT('',(57.,-52.,104.2));
#6372 = DIRECTION('',(-0.,-0.,-1.));
#6373 = DIRECTION('',(1.,0.,0.));
#6374 = DEFINITIONAL_REPRESENTATION('',(#6375),#6379);
#6375 = LINE('',#6376,#6377);
#6376 = CARTESIAN_POINT('',(-6.28318530718,-1.));
#6377 = VECTOR('',#6378,1.);
#6378 = DIRECTION('',(1.,-0.));
#6379 = ( GEOMETRIC_REPRESENTATION_CONTEXT(2) 
PARAMETRIC_REPRESENTATION_CONTEXT() REPRESENTATION_CONTEXT('2D SPACE',''
  ) );
#6380 = FACE_BOUND('',#6381,.F.);
#6381 = EDGE_LOOP('',(#6382));
#6382 = ORIENTED_EDGE('',*,*,#6383,.T.);
#6383 = EDGE_CURVE('',#6384,#6384,#6386,.T.);
#6384 = VERTEX_POINT('',#6385);
#6385 = CARTESIAN_POINT('',(34.2983893,-21.3342623,105.2));
#6386 = SURFACE_CURVE('',#6387,(#6392,#6403),.PCURVE_S1.);
#6387 = CIRCLE('',#6388,2.25);
#6388 = AXIS2_PLACEMENT_3D('',#6389,#6390,#6391);
#6389 = CARTESIAN_POINT('',(32.0483893,-21.3342623,105.2));
#6390 = DIRECTION('',(0.,0.,-1.));
#6391 = DIRECTION('',(1.,0.,0.));
#6392 = PCURVE('',#2851,#6393);
#6393 = DEFINITIONAL_REPRESENTATION('',(#6394),#6402);
#6394 = ( BOUNDED_CURVE() B_SPLINE_CURVE(2,(#6395,#6396,#6397,#6398,
#6399,#6400,#6401),.UNSPECIFIED.,.T.,.F.) B_SPLINE_CURVE_WITH_KNOTS((1,2
    ,2,2,2,1),(-2.094395102393,0.,2.094395102393,4.188790204786,
6.28318530718,8.377580409573),.UNSPECIFIED.) CURVE() 
GEOMETRIC_REPRESENTATION_ITEM() RATIONAL_B_SPLINE_CURVE((1.,0.5,1.,0.5,
1.,0.5,1.)) REPRESENTATION_ITEM('') );
#6395 = CARTESIAN_POINT('',(34.2983893,-21.3342623));
#6396 = CARTESIAN_POINT('',(34.2983893,-25.23137661703));
#6397 = CARTESIAN_POINT('',(30.9233893,-23.28281945851));
#6398 = CARTESIAN_POINT('',(27.5483893,-21.3342623));
#6399 = CARTESIAN_POINT('',(30.9233893,-19.38570514148));
#6400 = CARTESIAN_POINT('',(34.2983893,-17.43714798297));
#6401 = CARTESIAN_POINT('',(34.2983893,-21.3342623));
#6402 = ( GEOMETRIC_REPRESENTATION_CONTEXT(2) 
PARAMETRIC_REPRESENTATION_CONTEXT() REPRESENTATION_CONTEXT('2D SPACE',''
  ) );
#6403 = PCURVE('',#6404,#6409);
#6404 = CYLINDRICAL_SURFACE('',#6405,2.25);
#6405 = AXIS2_PLACEMENT_3D('',#6406,#6407,#6408);
#6406 = CARTESIAN_POINT('',(32.0483893,-21.3342623,104.2));
#6407 = DIRECTION('',(-0.,-0.,-1.));
#6408 = DIRECTION('',(1.,0.,0.));
#6409 = DEFINITIONAL_REPRESENTATION('',(#6410),#6414);
#6410 = LINE('',#6411,#6412);
#6411 = CARTESIAN_POINT('',(-6.28318530718,-1.));
#6412 = VECTOR('',#6413,1.);
#6413 = DIRECTION('',(1.,-0.));
#6414 = ( GEOMETRIC_REPRESENTATION_CONTEXT(2) 
PARAMETRIC_REPRESENTATION_CONTEXT() REPRESENTATION_CONTEXT('2D SPACE',''
  ) );
#6415 = FACE_BOUND('',#6416,.F.);
#6416 = EDGE_LOOP('',(#6417));
#6417 = ORIENTED_EDGE('',*,*,#6418,.T.);
#6418 = EDGE_CURVE('',#6419,#6419,#6421,.T.);
#6419 = VERTEX_POINT('',#6420);
#6420 = CARTESIAN_POINT('',(60.3,-26.,105.2));
#6421 = SURFACE_CURVE('',#6422,(#6427,#6438),.PCURVE_S1.);
#6422 = CIRCLE('',#6423,3.3);
#6423 = AXIS2_PLACEMENT_3D('',#6424,#6425,#6426);
#6424 = CARTESIAN_POINT('',(57.,-26.,105.2));
#6425 = DIRECTION('',(0.,0.,-1.));
#6426 = DIRECTION('',(1.,0.,0.));
#6427 = PCURVE('',#2851,#6428);
#6428 = DEFINITIONAL_REPRESENTATION('',(#6429),#6437);
#6429 = ( BOUNDED_CURVE() B_SPLINE_CURVE(2,(#6430,#6431,#6432,#6433,
#6434,#6435,#6436),.UNSPECIFIED.,.T.,.F.) B_SPLINE_CURVE_WITH_KNOTS((1,2
    ,2,2,2,1),(-2.094395102393,0.,2.094395102393,4.188790204786,
6.28318530718,8.377580409573),.UNSPECIFIED.) CURVE() 
GEOMETRIC_REPRESENTATION_ITEM() RATIONAL_B_SPLINE_CURVE((1.,0.5,1.,0.5,
1.,0.5,1.)) REPRESENTATION_ITEM('') );
#6430 = CARTESIAN_POINT('',(60.3,-26.));
#6431 = CARTESIAN_POINT('',(60.3,-31.71576766497));
#6432 = CARTESIAN_POINT('',(55.35,-28.85788383248));
#6433 = CARTESIAN_POINT('',(50.4,-26.));
#6434 = CARTESIAN_POINT('',(55.35,-23.14211616751));
#6435 = CARTESIAN_POINT('',(60.3,-20.28423233502));
#6436 = CARTESIAN_POINT('',(60.3,-26.));
#6437 = ( GEOMETRIC_REPRESENTATION_CONTEXT(2) 
PARAMETRIC_REPRESENTATION_CONTEXT() REPRESENTATION_CONTEXT('2D SPACE',''
  ) );
#6438 = PCURVE('',#6439,#6444);
#6439 = CYLINDRICAL_SURFACE('',#6440,3.3);
#6440 = AXIS2_PLACEMENT_3D('',#6441,#6442,#6443);
#6441 = CARTESIAN_POINT('',(57.,-26.,104.2));
#6442 = DIRECTION('',(-0.,-0.,-1.));
#6443 = DIRECTION('',(1.,0.,0.));
#6444 = DEFINITIONAL_REPRESENTATION('',(#6445),#6449);
#6445 = LINE('',#6446,#6447);
#6446 = CARTESIAN_POINT('',(-6.28318530718,-1.));
#6447 = VECTOR('',#6448,1.);
#6448 = DIRECTION('',(1.,-0.));
#6449 = ( GEOMETRIC_REPRESENTATION_CONTEXT(2) 
PARAMETRIC_REPRESENTATION_CONTEXT() REPRESENTATION_CONTEXT('2D SPACE',''
  ) );
#6450 = FACE_BOUND('',#6451,.F.);
#6451 = EDGE_LOOP('',(#6452));
#6452 = ORIENTED_EDGE('',*,*,#6453,.T.);
#6453 = EDGE_CURVE('',#6454,#6454,#6456,.T.);
#6454 = VERTEX_POINT('',#6455);
#6455 = CARTESIAN_POINT('',(-35.4972348,-7.5760319,105.2));
#6456 = SURFACE_CURVE('',#6457,(#6462,#6473),.PCURVE_S1.);
#6457 = CIRCLE('',#6458,2.25);
#6458 = AXIS2_PLACEMENT_3D('',#6459,#6460,#6461);
#6459 = CARTESIAN_POINT('',(-37.7472348,-7.5760319,105.2));
#6460 = DIRECTION('',(0.,0.,-1.));
#6461 = DIRECTION('',(1.,0.,0.));
#6462 = PCURVE('',#2851,#6463);
#6463 = DEFINITIONAL_REPRESENTATION('',(#6464),#6472);
#6464 = ( BOUNDED_CURVE() B_SPLINE_CURVE(2,(#6465,#6466,#6467,#6468,
#6469,#6470,#6471),.UNSPECIFIED.,.T.,.F.) B_SPLINE_CURVE_WITH_KNOTS((1,2
    ,2,2,2,1),(-2.094395102393,0.,2.094395102393,4.188790204786,
6.28318530718,8.377580409573),.UNSPECIFIED.) CURVE() 
GEOMETRIC_REPRESENTATION_ITEM() RATIONAL_B_SPLINE_CURVE((1.,0.5,1.,0.5,
1.,0.5,1.)) REPRESENTATION_ITEM('') );
#6465 = CARTESIAN_POINT('',(-35.4972348,-7.5760319));
#6466 = CARTESIAN_POINT('',(-35.4972348,-11.47314621703));
#6467 = CARTESIAN_POINT('',(-38.8722348,-9.524589058515));
#6468 = CARTESIAN_POINT('',(-42.2472348,-7.5760319));
#6469 = CARTESIAN_POINT('',(-38.8722348,-5.627474741485));
#6470 = CARTESIAN_POINT('',(-35.4972348,-3.67891758297));
#6471 = CARTESIAN_POINT('',(-35.4972348,-7.5760319));
#6472 = ( GEOMETRIC_REPRESENTATION_CONTEXT(2) 
PARAMETRIC_REPRESENTATION_CONTEXT() REPRESENTATION_CONTEXT('2D SPACE',''
  ) );
#6473 = PCURVE('',#6085,#6474);
#6474 = DEFINITIONAL_REPRESENTATION('',(#6475),#6479);
#6475 = LINE('',#6476,#6477);
#6476 = CARTESIAN_POINT('',(-6.28318530718,-1.));
#6477 = VECTOR('',#6478,1.);
#6478 = DIRECTION('',(1.,-0.));
#6479 = ( GEOMETRIC_REPRESENTATION_CONTEXT(2) 
PARAMETRIC_REPRESENTATION_CONTEXT() REPRESENTATION_CONTEXT('2D SPACE',''
  ) );
#6480 = FACE_BOUND('',#6481,.F.);
#6481 = EDGE_LOOP('',(#6482));
#6482 = ORIENTED_EDGE('',*,*,#6483,.T.);
#6483 = EDGE_CURVE('',#6484,#6484,#6486,.T.);
#6484 = VERTEX_POINT('',#6485);
#6485 = CARTESIAN_POINT('',(-35.5231195,7.4459006,105.2));
#6486 = SURFACE_CURVE('',#6487,(#6492,#6503),.PCURVE_S1.);
#6487 = CIRCLE('',#6488,2.25);
#6488 = AXIS2_PLACEMENT_3D('',#6489,#6490,#6491);
#6489 = CARTESIAN_POINT('',(-37.7731195,7.4459006,105.2));
#6490 = DIRECTION('',(0.,0.,-1.));
#6491 = DIRECTION('',(1.,0.,0.));
#6492 = PCURVE('',#2851,#6493);
#6493 = DEFINITIONAL_REPRESENTATION('',(#6494),#6502);
#6494 = ( BOUNDED_CURVE() B_SPLINE_CURVE(2,(#6495,#6496,#6497,#6498,
#6499,#6500,#6501),.UNSPECIFIED.,.T.,.F.) B_SPLINE_CURVE_WITH_KNOTS((1,2
    ,2,2,2,1),(-2.094395102393,0.,2.094395102393,4.188790204786,
6.28318530718,8.377580409573),.UNSPECIFIED.) CURVE() 
GEOMETRIC_REPRESENTATION_ITEM() RATIONAL_B_SPLINE_CURVE((1.,0.5,1.,0.5,
1.,0.5,1.)) REPRESENTATION_ITEM('') );
#6495 = CARTESIAN_POINT('',(-35.5231195,7.4459006));
#6496 = CARTESIAN_POINT('',(-35.5231195,3.54878628297));
#6497 = CARTESIAN_POINT('',(-38.8981195,5.497343441485));
#6498 = CARTESIAN_POINT('',(-42.2731195,7.4459006));
#6499 = CARTESIAN_POINT('',(-38.8981195,9.394457758515));
#6500 = CARTESIAN_POINT('',(-35.5231195,11.34301491703));
#6501 = CARTESIAN_POINT('',(-35.5231195,7.4459006));
#6502 = ( GEOMETRIC_REPRESENTATION_CONTEXT(2) 
PARAMETRIC_REPRESENTATION_CONTEXT() REPRESENTATION_CONTEXT('2D SPACE',''
  ) );
#6503 = PCURVE('',#6504,#6509);
#6504 = CYLINDRICAL_SURFACE('',#6505,2.25);
#6505 = AXIS2_PLACEMENT_3D('',#6506,#6507,#6508);
#6506 = CARTESIAN_POINT('',(-37.7731195,7.4459006,104.2));
#6507 = DIRECTION('',(-0.,-0.,-1.));
#6508 = DIRECTION('',(1.,0.,0.));
#6509 = DEFINITIONAL_REPRESENTATION('',(#6510),#6514);
#6510 = LINE('',#6511,#6512);
#6511 = CARTESIAN_POINT('',(-6.28318530718,-1.));
#6512 = VECTOR('',#6513,1.);
#6513 = DIRECTION('',(1.,-0.));
#6514 = ( GEOMETRIC_REPRESENTATION_CONTEXT(2) 
PARAMETRIC_REPRESENTATION_CONTEXT() REPRESENTATION_CONTEXT('2D SPACE',''
  ) );
#6515 = FACE_BOUND('',#6516,.F.);
#6516 = EDGE_LOOP('',(#6517));
#6517 = ORIENTED_EDGE('',*,*,#6518,.T.);
#6518 = EDGE_CURVE('',#6519,#6519,#6521,.T.);
#6519 = VERTEX_POINT('',#6520);
#6520 = CARTESIAN_POINT('',(-29.7983892,21.3342622,105.2));
#6521 = SURFACE_CURVE('',#6522,(#6527,#6538),.PCURVE_S1.);
#6522 = CIRCLE('',#6523,2.25);
#6523 = AXIS2_PLACEMENT_3D('',#6524,#6525,#6526);
#6524 = CARTESIAN_POINT('',(-32.0483892,21.3342622,105.2));
#6525 = DIRECTION('',(0.,0.,-1.));
#6526 = DIRECTION('',(1.,0.,0.));
#6527 = PCURVE('',#2851,#6528);
#6528 = DEFINITIONAL_REPRESENTATION('',(#6529),#6537);
#6529 = ( BOUNDED_CURVE() B_SPLINE_CURVE(2,(#6530,#6531,#6532,#6533,
#6534,#6535,#6536),.UNSPECIFIED.,.T.,.F.) B_SPLINE_CURVE_WITH_KNOTS((1,2
    ,2,2,2,1),(-2.094395102393,0.,2.094395102393,4.188790204786,
6.28318530718,8.377580409573),.UNSPECIFIED.) CURVE() 
GEOMETRIC_REPRESENTATION_ITEM() RATIONAL_B_SPLINE_CURVE((1.,0.5,1.,0.5,
1.,0.5,1.)) REPRESENTATION_ITEM('') );
#6530 = CARTESIAN_POINT('',(-29.7983892,21.3342622));
#6531 = CARTESIAN_POINT('',(-29.7983892,17.43714788297));
#6532 = CARTESIAN_POINT('',(-33.1733892,19.385705041485));
#6533 = CARTESIAN_POINT('',(-36.5483892,21.3342622));
#6534 = CARTESIAN_POINT('',(-33.1733892,23.282819358515));
#6535 = CARTESIAN_POINT('',(-29.7983892,25.23137651703));
#6536 = CARTESIAN_POINT('',(-29.7983892,21.3342622));
#6537 = ( GEOMETRIC_REPRESENTATION_CONTEXT(2) 
PARAMETRIC_REPRESENTATION_CONTEXT() REPRESENTATION_CONTEXT('2D SPACE',''
  ) );
#6538 = PCURVE('',#6539,#6544);
#6539 = CYLINDRICAL_SURFACE('',#6540,2.25);
#6540 = AXIS2_PLACEMENT_3D('',#6541,#6542,#6543);
#6541 = CARTESIAN_POINT('',(-32.0483892,21.3342622,104.2));
#6542 = DIRECTION('',(-0.,-0.,-1.));
#6543 = DIRECTION('',(1.,0.,0.));
#6544 = DEFINITIONAL_REPRESENTATION('',(#6545),#6549);
#6545 = LINE('',#6546,#6547);
#6546 = CARTESIAN_POINT('',(-6.28318530718,-1.));
#6547 = VECTOR('',#6548,1.);
#6548 = DIRECTION('',(1.,-0.));
#6549 = ( GEOMETRIC_REPRESENTATION_CONTEXT(2) 
PARAMETRIC_REPRESENTATION_CONTEXT() REPRESENTATION_CONTEXT('2D SPACE',''
  ) );
#6550 = FACE_BOUND('',#6551,.F.);
#6551 = EDGE_LOOP('',(#6552));
#6552 = ORIENTED_EDGE('',*,*,#6553,.T.);
#6553 = EDGE_CURVE('',#6554,#6554,#6556,.T.);
#6554 = VERTEX_POINT('',#6555);
#6555 = CARTESIAN_POINT('',(-19.1945821,31.9746758,105.2));
#6556 = SURFACE_CURVE('',#6557,(#6562,#6573),.PCURVE_S1.);
#6557 = CIRCLE('',#6558,2.25);
#6558 = AXIS2_PLACEMENT_3D('',#6559,#6560,#6561);
#6559 = CARTESIAN_POINT('',(-21.4445821,31.9746758,105.2));
#6560 = DIRECTION('',(0.,0.,-1.));
#6561 = DIRECTION('',(1.,0.,0.));
#6562 = PCURVE('',#2851,#6563);
#6563 = DEFINITIONAL_REPRESENTATION('',(#6564),#6572);
#6564 = ( BOUNDED_CURVE() B_SPLINE_CURVE(2,(#6565,#6566,#6567,#6568,
#6569,#6570,#6571),.UNSPECIFIED.,.T.,.F.) B_SPLINE_CURVE_WITH_KNOTS((1,2
    ,2,2,2,1),(-2.094395102393,0.,2.094395102393,4.188790204786,
6.28318530718,8.377580409573),.UNSPECIFIED.) CURVE() 
GEOMETRIC_REPRESENTATION_ITEM() RATIONAL_B_SPLINE_CURVE((1.,0.5,1.,0.5,
1.,0.5,1.)) REPRESENTATION_ITEM('') );
#6565 = CARTESIAN_POINT('',(-19.1945821,31.9746758));
#6566 = CARTESIAN_POINT('',(-19.1945821,28.07756148297));
#6567 = CARTESIAN_POINT('',(-22.5695821,30.026118641485));
#6568 = CARTESIAN_POINT('',(-25.9445821,31.9746758));
#6569 = CARTESIAN_POINT('',(-22.5695821,33.923232958515));
#6570 = CARTESIAN_POINT('',(-19.1945821,35.87179011703));
#6571 = CARTESIAN_POINT('',(-19.1945821,31.9746758));
#6572 = ( GEOMETRIC_REPRESENTATION_CONTEXT(2) 
PARAMETRIC_REPRESENTATION_CONTEXT() REPRESENTATION_CONTEXT('2D SPACE',''
  ) );
#6573 = PCURVE('',#6574,#6579);
#6574 = CYLINDRICAL_SURFACE('',#6575,2.25);
#6575 = AXIS2_PLACEMENT_3D('',#6576,#6577,#6578);
#6576 = CARTESIAN_POINT('',(-21.4445821,31.9746758,104.2));
#6577 = DIRECTION('',(-0.,-0.,-1.));
#6578 = DIRECTION('',(1.,0.,0.));
#6579 = DEFINITIONAL_REPRESENTATION('',(#6580),#6584);
#6580 = LINE('',#6581,#6582);
#6581 = CARTESIAN_POINT('',(-6.28318530718,-1.));
#6582 = VECTOR('',#6583,1.);
#6583 = DIRECTION('',(1.,-0.));
#6584 = ( GEOMETRIC_REPRESENTATION_CONTEXT(2) 
PARAMETRIC_REPRESENTATION_CONTEXT() REPRESENTATION_CONTEXT('2D SPACE',''
  ) );
#6585 = FACE_BOUND('',#6586,.F.);
#6586 = EDGE_LOOP('',(#6587));
#6587 = ORIENTED_EDGE('',*,*,#6588,.T.);
#6588 = EDGE_CURVE('',#6589,#6589,#6591,.T.);
#6589 = VERTEX_POINT('',#6590);
#6590 = CARTESIAN_POINT('',(-5.3260318,37.7472348,105.2));
#6591 = SURFACE_CURVE('',#6592,(#6597,#6608),.PCURVE_S1.);
#6592 = CIRCLE('',#6593,2.25);
#6593 = AXIS2_PLACEMENT_3D('',#6594,#6595,#6596);
#6594 = CARTESIAN_POINT('',(-7.5760318,37.7472348,105.2));
#6595 = DIRECTION('',(0.,0.,-1.));
#6596 = DIRECTION('',(1.,0.,0.));
#6597 = PCURVE('',#2851,#6598);
#6598 = DEFINITIONAL_REPRESENTATION('',(#6599),#6607);
#6599 = ( BOUNDED_CURVE() B_SPLINE_CURVE(2,(#6600,#6601,#6602,#6603,
#6604,#6605,#6606),.UNSPECIFIED.,.T.,.F.) B_SPLINE_CURVE_WITH_KNOTS((1,2
    ,2,2,2,1),(-2.094395102393,0.,2.094395102393,4.188790204786,
6.28318530718,8.377580409573),.UNSPECIFIED.) CURVE() 
GEOMETRIC_REPRESENTATION_ITEM() RATIONAL_B_SPLINE_CURVE((1.,0.5,1.,0.5,
1.,0.5,1.)) REPRESENTATION_ITEM('') );
#6600 = CARTESIAN_POINT('',(-5.3260318,37.7472348));
#6601 = CARTESIAN_POINT('',(-5.3260318,33.85012048297));
#6602 = CARTESIAN_POINT('',(-8.7010318,35.798677641485));
#6603 = CARTESIAN_POINT('',(-12.0760318,37.7472348));
#6604 = CARTESIAN_POINT('',(-8.7010318,39.695791958515));
#6605 = CARTESIAN_POINT('',(-5.3260318,41.64434911703));
#6606 = CARTESIAN_POINT('',(-5.3260318,37.7472348));
#6607 = ( GEOMETRIC_REPRESENTATION_CONTEXT(2) 
PARAMETRIC_REPRESENTATION_CONTEXT() REPRESENTATION_CONTEXT('2D SPACE',''
  ) );
#6608 = PCURVE('',#6609,#6614);
#6609 = CYLINDRICAL_SURFACE('',#6610,2.25);
#6610 = AXIS2_PLACEMENT_3D('',#6611,#6612,#6613);
#6611 = CARTESIAN_POINT('',(-7.5760318,37.7472348,104.2));
#6612 = DIRECTION('',(-0.,-0.,-1.));
#6613 = DIRECTION('',(1.,0.,0.));
#6614 = DEFINITIONAL_REPRESENTATION('',(#6615),#6619);
#6615 = LINE('',#6616,#6617);
#6616 = CARTESIAN_POINT('',(-6.28318530718,-1.));
#6617 = VECTOR('',#6618,1.);
#6618 = DIRECTION('',(1.,-0.));
#6619 = ( GEOMETRIC_REPRESENTATION_CONTEXT(2) 
PARAMETRIC_REPRESENTATION_CONTEXT() REPRESENTATION_CONTEXT('2D SPACE',''
  ) );
#6620 = FACE_BOUND('',#6621,.F.);
#6621 = EDGE_LOOP('',(#6622));
#6622 = ORIENTED_EDGE('',*,*,#6623,.T.);
#6623 = EDGE_CURVE('',#6624,#6624,#6626,.T.);
#6624 = VERTEX_POINT('',#6625);
#6625 = CARTESIAN_POINT('',(34.8,0.,105.2));
#6626 = SURFACE_CURVE('',#6627,(#6632,#6643),.PCURVE_S1.);
#6627 = CIRCLE('',#6628,34.8);
#6628 = AXIS2_PLACEMENT_3D('',#6629,#6630,#6631);
#6629 = CARTESIAN_POINT('',(0.,0.,105.2));
#6630 = DIRECTION('',(0.,0.,-1.));
#6631 = DIRECTION('',(1.,0.,0.));
#6632 = PCURVE('',#2851,#6633);
#6633 = DEFINITIONAL_REPRESENTATION('',(#6634),#6642);
#6634 = ( BOUNDED_CURVE() B_SPLINE_CURVE(2,(#6635,#6636,#6637,#6638,
#6639,#6640,#6641),.UNSPECIFIED.,.T.,.F.) B_SPLINE_CURVE_WITH_KNOTS((1,2
    ,2,2,2,1),(-2.094395102393,0.,2.094395102393,4.188790204786,
6.28318530718,8.377580409573),.UNSPECIFIED.) CURVE() 
GEOMETRIC_REPRESENTATION_ITEM() RATIONAL_B_SPLINE_CURVE((1.,0.5,1.,0.5,
1.,0.5,1.)) REPRESENTATION_ITEM('') );
#6635 = CARTESIAN_POINT('',(34.8,-2.609787252938E-15));
#6636 = CARTESIAN_POINT('',(34.8,-60.27536810339));
#6637 = CARTESIAN_POINT('',(-17.4,-30.13768405169));
#6638 = CARTESIAN_POINT('',(-69.6,-1.1133328975E-14));
#6639 = CARTESIAN_POINT('',(-17.4,30.137684051698));
#6640 = CARTESIAN_POINT('',(34.8,60.275368103397));
#6641 = CARTESIAN_POINT('',(34.8,-2.609787252938E-15));
#6642 = ( GEOMETRIC_REPRESENTATION_CONTEXT(2) 
PARAMETRIC_REPRESENTATION_CONTEXT() REPRESENTATION_CONTEXT('2D SPACE',''
  ) );
#6643 = PCURVE('',#6644,#6649);
#6644 = CYLINDRICAL_SURFACE('',#6645,34.8);
#6645 = AXIS2_PLACEMENT_3D('',#6646,#6647,#6648);
#6646 = CARTESIAN_POINT('',(0.,0.,104.2));
#6647 = DIRECTION('',(-0.,-0.,-1.));
#6648 = DIRECTION('',(1.,0.,0.));
#6649 = DEFINITIONAL_REPRESENTATION('',(#6650),#6654);
#6650 = LINE('',#6651,#6652);
#6651 = CARTESIAN_POINT('',(-6.28318530718,-1.));
#6652 = VECTOR('',#6653,1.);
#6653 = DIRECTION('',(1.,-0.));
#6654 = ( GEOMETRIC_REPRESENTATION_CONTEXT(2) 
PARAMETRIC_REPRESENTATION_CONTEXT() REPRESENTATION_CONTEXT('2D SPACE',''
  ) );
#6655 = FACE_BOUND('',#6656,.F.);
#6656 = EDGE_LOOP('',(#6657));
#6657 = ORIENTED_EDGE('',*,*,#6658,.T.);
#6658 = EDGE_CURVE('',#6659,#6659,#6661,.T.);
#6659 = VERTEX_POINT('',#6660);
#6660 = CARTESIAN_POINT('',(40.0231196,-7.4459007,105.2));
#6661 = SURFACE_CURVE('',#6662,(#6667,#6678),.PCURVE_S1.);
#6662 = CIRCLE('',#6663,2.25);
#6663 = AXIS2_PLACEMENT_3D('',#6664,#6665,#6666);
#6664 = CARTESIAN_POINT('',(37.7731196,-7.4459007,105.2));
#6665 = DIRECTION('',(0.,0.,-1.));
#6666 = DIRECTION('',(1.,0.,0.));
#6667 = PCURVE('',#2851,#6668);
#6668 = DEFINITIONAL_REPRESENTATION('',(#6669),#6677);
#6669 = ( BOUNDED_CURVE() B_SPLINE_CURVE(2,(#6670,#6671,#6672,#6673,
#6674,#6675,#6676),.UNSPECIFIED.,.T.,.F.) B_SPLINE_CURVE_WITH_KNOTS((1,2
    ,2,2,2,1),(-2.094395102393,0.,2.094395102393,4.188790204786,
6.28318530718,8.377580409573),.UNSPECIFIED.) CURVE() 
GEOMETRIC_REPRESENTATION_ITEM() RATIONAL_B_SPLINE_CURVE((1.,0.5,1.,0.5,
1.,0.5,1.)) REPRESENTATION_ITEM('') );
#6670 = CARTESIAN_POINT('',(40.0231196,-7.4459007));
#6671 = CARTESIAN_POINT('',(40.0231196,-11.34301501703));
#6672 = CARTESIAN_POINT('',(36.6481196,-9.394457858515));
#6673 = CARTESIAN_POINT('',(33.2731196,-7.4459007));
#6674 = CARTESIAN_POINT('',(36.6481196,-5.497343541485));
#6675 = CARTESIAN_POINT('',(40.0231196,-3.54878638297));
#6676 = CARTESIAN_POINT('',(40.0231196,-7.4459007));
#6677 = ( GEOMETRIC_REPRESENTATION_CONTEXT(2) 
PARAMETRIC_REPRESENTATION_CONTEXT() REPRESENTATION_CONTEXT('2D SPACE',''
  ) );
#6678 = PCURVE('',#6679,#6684);
#6679 = CYLINDRICAL_SURFACE('',#6680,2.25);
#6680 = AXIS2_PLACEMENT_3D('',#6681,#6682,#6683);
#6681 = CARTESIAN_POINT('',(37.7731196,-7.4459007,104.2));
#6682 = DIRECTION('',(-0.,-0.,-1.));
#6683 = DIRECTION('',(1.,0.,0.));
#6684 = DEFINITIONAL_REPRESENTATION('',(#6685),#6689);
#6685 = LINE('',#6686,#6687);
#6686 = CARTESIAN_POINT('',(-6.28318530718,-1.));
#6687 = VECTOR('',#6688,1.);
#6688 = DIRECTION('',(1.,-0.));
#6689 = ( GEOMETRIC_REPRESENTATION_CONTEXT(2) 
PARAMETRIC_REPRESENTATION_CONTEXT() REPRESENTATION_CONTEXT('2D SPACE',''
  ) );
#6690 = FACE_BOUND('',#6691,.F.);
#6691 = EDGE_LOOP('',(#6692));
#6692 = ORIENTED_EDGE('',*,*,#6693,.T.);
#6693 = EDGE_CURVE('',#6694,#6694,#6696,.T.);
#6694 = VERTEX_POINT('',#6695);
#6695 = CARTESIAN_POINT('',(39.9972349,7.5760318,105.2));
#6696 = SURFACE_CURVE('',#6697,(#6702,#6713),.PCURVE_S1.);
#6697 = CIRCLE('',#6698,2.25);
#6698 = AXIS2_PLACEMENT_3D('',#6699,#6700,#6701);
#6699 = CARTESIAN_POINT('',(37.7472349,7.5760318,105.2));
#6700 = DIRECTION('',(0.,0.,-1.));
#6701 = DIRECTION('',(1.,0.,0.));
#6702 = PCURVE('',#2851,#6703);
#6703 = DEFINITIONAL_REPRESENTATION('',(#6704),#6712);
#6704 = ( BOUNDED_CURVE() B_SPLINE_CURVE(2,(#6705,#6706,#6707,#6708,
#6709,#6710,#6711),.UNSPECIFIED.,.T.,.F.) B_SPLINE_CURVE_WITH_KNOTS((1,2
    ,2,2,2,1),(-2.094395102393,0.,2.094395102393,4.188790204786,
6.28318530718,8.377580409573),.UNSPECIFIED.) CURVE() 
GEOMETRIC_REPRESENTATION_ITEM() RATIONAL_B_SPLINE_CURVE((1.,0.5,1.,0.5,
1.,0.5,1.)) REPRESENTATION_ITEM('') );
#6705 = CARTESIAN_POINT('',(39.9972349,7.5760318));
#6706 = CARTESIAN_POINT('',(39.9972349,3.67891748297));
#6707 = CARTESIAN_POINT('',(36.6222349,5.627474641485));
#6708 = CARTESIAN_POINT('',(33.2472349,7.5760318));
#6709 = CARTESIAN_POINT('',(36.6222349,9.524588958515));
#6710 = CARTESIAN_POINT('',(39.9972349,11.47314611703));
#6711 = CARTESIAN_POINT('',(39.9972349,7.5760318));
#6712 = ( GEOMETRIC_REPRESENTATION_CONTEXT(2) 
PARAMETRIC_REPRESENTATION_CONTEXT() REPRESENTATION_CONTEXT('2D SPACE',''
  ) );
#6713 = PCURVE('',#6714,#6719);
#6714 = CYLINDRICAL_SURFACE('',#6715,2.25);
#6715 = AXIS2_PLACEMENT_3D('',#6716,#6717,#6718);
#6716 = CARTESIAN_POINT('',(37.7472349,7.5760318,104.2));
#6717 = DIRECTION('',(-0.,-0.,-1.));
#6718 = DIRECTION('',(1.,0.,0.));
#6719 = DEFINITIONAL_REPRESENTATION('',(#6720),#6724);
#6720 = LINE('',#6721,#6722);
#6721 = CARTESIAN_POINT('',(-6.28318530718,-1.));
#6722 = VECTOR('',#6723,1.);
#6723 = DIRECTION('',(1.,-0.));
#6724 = ( GEOMETRIC_REPRESENTATION_CONTEXT(2) 
PARAMETRIC_REPRESENTATION_CONTEXT() REPRESENTATION_CONTEXT('2D SPACE',''
  ) );
#6725 = FACE_BOUND('',#6726,.F.);
#6726 = EDGE_LOOP('',(#6727));
#6727 = ORIENTED_EDGE('',*,*,#6728,.T.);
#6728 = EDGE_CURVE('',#6729,#6729,#6731,.T.);
#6729 = VERTEX_POINT('',#6730);
#6730 = CARTESIAN_POINT('',(9.6959007,37.7731195,105.2));
#6731 = SURFACE_CURVE('',#6732,(#6737,#6748),.PCURVE_S1.);
#6732 = CIRCLE('',#6733,2.25);
#6733 = AXIS2_PLACEMENT_3D('',#6734,#6735,#6736);
#6734 = CARTESIAN_POINT('',(7.4459007,37.7731195,105.2));
#6735 = DIRECTION('',(0.,0.,-1.));
#6736 = DIRECTION('',(1.,0.,0.));
#6737 = PCURVE('',#2851,#6738);
#6738 = DEFINITIONAL_REPRESENTATION('',(#6739),#6747);
#6739 = ( BOUNDED_CURVE() B_SPLINE_CURVE(2,(#6740,#6741,#6742,#6743,
#6744,#6745,#6746),.UNSPECIFIED.,.T.,.F.) B_SPLINE_CURVE_WITH_KNOTS((1,2
    ,2,2,2,1),(-2.094395102393,0.,2.094395102393,4.188790204786,
6.28318530718,8.377580409573),.UNSPECIFIED.) CURVE() 
GEOMETRIC_REPRESENTATION_ITEM() RATIONAL_B_SPLINE_CURVE((1.,0.5,1.,0.5,
1.,0.5,1.)) REPRESENTATION_ITEM('') );
#6740 = CARTESIAN_POINT('',(9.6959007,37.7731195));
#6741 = CARTESIAN_POINT('',(9.6959007,33.87600518297));
#6742 = CARTESIAN_POINT('',(6.3209007,35.824562341485));
#6743 = CARTESIAN_POINT('',(2.9459007,37.7731195));
#6744 = CARTESIAN_POINT('',(6.3209007,39.721676658515));
#6745 = CARTESIAN_POINT('',(9.6959007,41.67023381703));
#6746 = CARTESIAN_POINT('',(9.6959007,37.7731195));
#6747 = ( GEOMETRIC_REPRESENTATION_CONTEXT(2) 
PARAMETRIC_REPRESENTATION_CONTEXT() REPRESENTATION_CONTEXT('2D SPACE',''
  ) );
#6748 = PCURVE('',#6749,#6754);
#6749 = CYLINDRICAL_SURFACE('',#6750,2.25);
#6750 = AXIS2_PLACEMENT_3D('',#6751,#6752,#6753);
#6751 = CARTESIAN_POINT('',(7.4459007,37.7731195,104.2));
#6752 = DIRECTION('',(-0.,-0.,-1.));
#6753 = DIRECTION('',(1.,0.,0.));
#6754 = DEFINITIONAL_REPRESENTATION('',(#6755),#6759);
#6755 = LINE('',#6756,#6757);
#6756 = CARTESIAN_POINT('',(-6.28318530718,-1.));
#6757 = VECTOR('',#6758,1.);
#6758 = DIRECTION('',(1.,-0.));
#6759 = ( GEOMETRIC_REPRESENTATION_CONTEXT(2) 
PARAMETRIC_REPRESENTATION_CONTEXT() REPRESENTATION_CONTEXT('2D SPACE',''
  ) );
#6760 = FACE_BOUND('',#6761,.F.);
#6761 = EDGE_LOOP('',(#6762));
#6762 = ORIENTED_EDGE('',*,*,#6763,.T.);
#6763 = EDGE_CURVE('',#6764,#6764,#6766,.T.);
#6764 = VERTEX_POINT('',#6765);
#6765 = CARTESIAN_POINT('',(23.5842623,32.0483892,105.2));
#6766 = SURFACE_CURVE('',#6767,(#6772,#6783),.PCURVE_S1.);
#6767 = CIRCLE('',#6768,2.25);
#6768 = AXIS2_PLACEMENT_3D('',#6769,#6770,#6771);
#6769 = CARTESIAN_POINT('',(21.3342623,32.0483892,105.2));
#6770 = DIRECTION('',(0.,0.,-1.));
#6771 = DIRECTION('',(1.,0.,0.));
#6772 = PCURVE('',#2851,#6773);
#6773 = DEFINITIONAL_REPRESENTATION('',(#6774),#6782);
#6774 = ( BOUNDED_CURVE() B_SPLINE_CURVE(2,(#6775,#6776,#6777,#6778,
#6779,#6780,#6781),.UNSPECIFIED.,.T.,.F.) B_SPLINE_CURVE_WITH_KNOTS((1,2
    ,2,2,2,1),(-2.094395102393,0.,2.094395102393,4.188790204786,
6.28318530718,8.377580409573),.UNSPECIFIED.) CURVE() 
GEOMETRIC_REPRESENTATION_ITEM() RATIONAL_B_SPLINE_CURVE((1.,0.5,1.,0.5,
1.,0.5,1.)) REPRESENTATION_ITEM('') );
#6775 = CARTESIAN_POINT('',(23.5842623,32.0483892));
#6776 = CARTESIAN_POINT('',(23.5842623,28.15127488297));
#6777 = CARTESIAN_POINT('',(20.2092623,30.099832041485));
#6778 = CARTESIAN_POINT('',(16.8342623,32.0483892));
#6779 = CARTESIAN_POINT('',(20.2092623,33.996946358515));
#6780 = CARTESIAN_POINT('',(23.5842623,35.94550351703));
#6781 = CARTESIAN_POINT('',(23.5842623,32.0483892));
#6782 = ( GEOMETRIC_REPRESENTATION_CONTEXT(2) 
PARAMETRIC_REPRESENTATION_CONTEXT() REPRESENTATION_CONTEXT('2D SPACE',''
  ) );
#6783 = PCURVE('',#6784,#6789);
#6784 = CYLINDRICAL_SURFACE('',#6785,2.25);
#6785 = AXIS2_PLACEMENT_3D('',#6786,#6787,#6788);
#6786 = CARTESIAN_POINT('',(21.3342623,32.0483892,104.2));
#6787 = DIRECTION('',(-0.,-0.,-1.));
#6788 = DIRECTION('',(1.,0.,0.));
#6789 = DEFINITIONAL_REPRESENTATION('',(#6790),#6794);
#6790 = LINE('',#6791,#6792);
#6791 = CARTESIAN_POINT('',(-6.28318530718,-1.));
#6792 = VECTOR('',#6793,1.);
#6793 = DIRECTION('',(1.,-0.));
#6794 = ( GEOMETRIC_REPRESENTATION_CONTEXT(2) 
PARAMETRIC_REPRESENTATION_CONTEXT() REPRESENTATION_CONTEXT('2D SPACE',''
  ) );
#6795 = FACE_BOUND('',#6796,.F.);
#6796 = EDGE_LOOP('',(#6797));
#6797 = ORIENTED_EDGE('',*,*,#6798,.T.);
#6798 = EDGE_CURVE('',#6799,#6799,#6801,.T.);
#6799 = VERTEX_POINT('',#6800);
#6800 = CARTESIAN_POINT('',(34.2246759,21.4445821,105.2));
#6801 = SURFACE_CURVE('',#6802,(#6807,#6818),.PCURVE_S1.);
#6802 = CIRCLE('',#6803,2.25);
#6803 = AXIS2_PLACEMENT_3D('',#6804,#6805,#6806);
#6804 = CARTESIAN_POINT('',(31.9746759,21.4445821,105.2));
#6805 = DIRECTION('',(0.,0.,-1.));
#6806 = DIRECTION('',(1.,0.,0.));
#6807 = PCURVE('',#2851,#6808);
#6808 = DEFINITIONAL_REPRESENTATION('',(#6809),#6817);
#6809 = ( BOUNDED_CURVE() B_SPLINE_CURVE(2,(#6810,#6811,#6812,#6813,
#6814,#6815,#6816),.UNSPECIFIED.,.T.,.F.) B_SPLINE_CURVE_WITH_KNOTS((1,2
    ,2,2,2,1),(-2.094395102393,0.,2.094395102393,4.188790204786,
6.28318530718,8.377580409573),.UNSPECIFIED.) CURVE() 
GEOMETRIC_REPRESENTATION_ITEM() RATIONAL_B_SPLINE_CURVE((1.,0.5,1.,0.5,
1.,0.5,1.)) REPRESENTATION_ITEM('') );
#6810 = CARTESIAN_POINT('',(34.2246759,21.4445821));
#6811 = CARTESIAN_POINT('',(34.2246759,17.54746778297));
#6812 = CARTESIAN_POINT('',(30.8496759,19.496024941485));
#6813 = CARTESIAN_POINT('',(27.4746759,21.4445821));
#6814 = CARTESIAN_POINT('',(30.8496759,23.393139258515));
#6815 = CARTESIAN_POINT('',(34.2246759,25.34169641703));
#6816 = CARTESIAN_POINT('',(34.2246759,21.4445821));
#6817 = ( GEOMETRIC_REPRESENTATION_CONTEXT(2) 
PARAMETRIC_REPRESENTATION_CONTEXT() REPRESENTATION_CONTEXT('2D SPACE',''
  ) );
#6818 = PCURVE('',#6819,#6824);
#6819 = CYLINDRICAL_SURFACE('',#6820,2.25);
#6820 = AXIS2_PLACEMENT_3D('',#6821,#6822,#6823);
#6821 = CARTESIAN_POINT('',(31.9746759,21.4445821,104.2));
#6822 = DIRECTION('',(-0.,-0.,-1.));
#6823 = DIRECTION('',(1.,0.,0.));
#6824 = DEFINITIONAL_REPRESENTATION('',(#6825),#6829);
#6825 = LINE('',#6826,#6827);
#6826 = CARTESIAN_POINT('',(-6.28318530718,-1.));
#6827 = VECTOR('',#6828,1.);
#6828 = DIRECTION('',(1.,-0.));
#6829 = ( GEOMETRIC_REPRESENTATION_CONTEXT(2) 
PARAMETRIC_REPRESENTATION_CONTEXT() REPRESENTATION_CONTEXT('2D SPACE',''
  ) );
#6830 = ADVANCED_FACE('',(#6831,#6834),#3051,.T.);
#6831 = FACE_BOUND('',#6832,.T.);
#6832 = EDGE_LOOP('',(#6833));
#6833 = ORIENTED_EDGE('',*,*,#3034,.T.);
#6834 = FACE_BOUND('',#6835,.T.);
#6835 = EDGE_LOOP('',(#6836));
#6836 = ORIENTED_EDGE('',*,*,#6837,.T.);
#6837 = EDGE_CURVE('',#6838,#6838,#6840,.T.);
#6838 = VERTEX_POINT('',#6839);
#6839 = CARTESIAN_POINT('',(-5.1959006,-37.7731196,109.2));
#6840 = SURFACE_CURVE('',#6841,(#6846,#6857),.PCURVE_S1.);
#6841 = CIRCLE('',#6842,2.25);
#6842 = AXIS2_PLACEMENT_3D('',#6843,#6844,#6845);
#6843 = CARTESIAN_POINT('',(-7.4459006,-37.7731196,109.2));
#6844 = DIRECTION('',(0.,0.,-1.));
#6845 = DIRECTION('',(1.,0.,0.));
#6846 = PCURVE('',#3051,#6847);
#6847 = DEFINITIONAL_REPRESENTATION('',(#6848),#6856);
#6848 = ( BOUNDED_CURVE() B_SPLINE_CURVE(2,(#6849,#6850,#6851,#6852,
#6853,#6854,#6855),.UNSPECIFIED.,.T.,.F.) B_SPLINE_CURVE_WITH_KNOTS((1,2
    ,2,2,2,1),(-2.094395102393,0.,2.094395102393,4.188790204786,
6.28318530718,8.377580409573),.UNSPECIFIED.) CURVE() 
GEOMETRIC_REPRESENTATION_ITEM() RATIONAL_B_SPLINE_CURVE((1.,0.5,1.,0.5,
1.,0.5,1.)) REPRESENTATION_ITEM('') );
#6849 = CARTESIAN_POINT('',(-42.9431355,-45.3491514));
#6850 = CARTESIAN_POINT('',(-42.9431355,-49.24626571703));
#6851 = CARTESIAN_POINT('',(-46.3181355,-47.29770855851));
#6852 = CARTESIAN_POINT('',(-49.6931355,-45.3491514));
#6853 = CARTESIAN_POINT('',(-46.3181355,-43.40059424148));
#6854 = CARTESIAN_POINT('',(-42.9431355,-41.45203708297));
#6855 = CARTESIAN_POINT('',(-42.9431355,-45.3491514));
#6856 = ( GEOMETRIC_REPRESENTATION_CONTEXT(2) 
PARAMETRIC_REPRESENTATION_CONTEXT() REPRESENTATION_CONTEXT('2D SPACE',''
  ) );
#6857 = PCURVE('',#6199,#6858);
#6858 = DEFINITIONAL_REPRESENTATION('',(#6859),#6863);
#6859 = LINE('',#6860,#6861);
#6860 = CARTESIAN_POINT('',(-6.28318530718,-5.));
#6861 = VECTOR('',#6862,1.);
#6862 = DIRECTION('',(1.,-0.));
#6863 = ( GEOMETRIC_REPRESENTATION_CONTEXT(2) 
PARAMETRIC_REPRESENTATION_CONTEXT() REPRESENTATION_CONTEXT('2D SPACE',''
  ) );
#6864 = ADVANCED_FACE('',(#6865,#6868),#3106,.T.);
#6865 = FACE_BOUND('',#6866,.T.);
#6866 = EDGE_LOOP('',(#6867));
#6867 = ORIENTED_EDGE('',*,*,#3089,.T.);
#6868 = FACE_BOUND('',#6869,.T.);
#6869 = EDGE_LOOP('',(#6870));
#6870 = ORIENTED_EDGE('',*,*,#6871,.T.);
#6871 = EDGE_CURVE('',#6872,#6872,#6874,.T.);
#6872 = VERTEX_POINT('',#6873);
#6873 = CARTESIAN_POINT('',(9.8260319,-37.7472349,109.2));
#6874 = SURFACE_CURVE('',#6875,(#6880,#6891),.PCURVE_S1.);
#6875 = CIRCLE('',#6876,2.25);
#6876 = AXIS2_PLACEMENT_3D('',#6877,#6878,#6879);
#6877 = CARTESIAN_POINT('',(7.5760319,-37.7472349,109.2));
#6878 = DIRECTION('',(0.,0.,-1.));
#6879 = DIRECTION('',(1.,0.,0.));
#6880 = PCURVE('',#3106,#6881);
#6881 = DEFINITIONAL_REPRESENTATION('',(#6882),#6890);
#6882 = ( BOUNDED_CURVE() B_SPLINE_CURVE(2,(#6883,#6884,#6885,#6886,
#6887,#6888,#6889),.UNSPECIFIED.,.T.,.F.) B_SPLINE_CURVE_WITH_KNOTS((1,2
    ,2,2,2,1),(-2.094395102393,0.,2.094395102393,4.188790204786,
6.28318530718,8.377580409573),.UNSPECIFIED.) CURVE() 
GEOMETRIC_REPRESENTATION_ITEM() RATIONAL_B_SPLINE_CURVE((1.,0.5,1.,0.5,
1.,0.5,1.)) REPRESENTATION_ITEM('') );
#6883 = CARTESIAN_POINT('',(-27.921203,-45.3232667));
#6884 = CARTESIAN_POINT('',(-27.921203,-49.22038101703));
#6885 = CARTESIAN_POINT('',(-31.296203,-47.27182385851));
#6886 = CARTESIAN_POINT('',(-34.671203,-45.3232667));
#6887 = CARTESIAN_POINT('',(-31.296203,-43.37470954148));
#6888 = CARTESIAN_POINT('',(-27.921203,-41.42615238297));
#6889 = CARTESIAN_POINT('',(-27.921203,-45.3232667));
#6890 = ( GEOMETRIC_REPRESENTATION_CONTEXT(2) 
PARAMETRIC_REPRESENTATION_CONTEXT() REPRESENTATION_CONTEXT('2D SPACE',''
  ) );
#6891 = PCURVE('',#6299,#6892);
#6892 = DEFINITIONAL_REPRESENTATION('',(#6893),#6897);
#6893 = LINE('',#6894,#6895);
#6894 = CARTESIAN_POINT('',(-6.28318530718,-5.));
#6895 = VECTOR('',#6896,1.);
#6896 = DIRECTION('',(1.,-0.));
#6897 = ( GEOMETRIC_REPRESENTATION_CONTEXT(2) 
PARAMETRIC_REPRESENTATION_CONTEXT() REPRESENTATION_CONTEXT('2D SPACE',''
  ) );
#6898 = ADVANCED_FACE('',(#6899,#6902),#3161,.T.);
#6899 = FACE_BOUND('',#6900,.T.);
#6900 = EDGE_LOOP('',(#6901));
#6901 = ORIENTED_EDGE('',*,*,#3144,.T.);
#6902 = FACE_BOUND('',#6903,.T.);
#6903 = EDGE_LOOP('',(#6904));
#6904 = ORIENTED_EDGE('',*,*,#6905,.T.);
#6905 = EDGE_CURVE('',#6906,#6906,#6908,.T.);
#6906 = VERTEX_POINT('',#6907);
#6907 = CARTESIAN_POINT('',(-35.5231195,7.4459006,109.2));
#6908 = SURFACE_CURVE('',#6909,(#6914,#6925),.PCURVE_S1.);
#6909 = CIRCLE('',#6910,2.25);
#6910 = AXIS2_PLACEMENT_3D('',#6911,#6912,#6913);
#6911 = CARTESIAN_POINT('',(-37.7731195,7.4459006,109.2));
#6912 = DIRECTION('',(0.,0.,-1.));
#6913 = DIRECTION('',(1.,0.,0.));
#6914 = PCURVE('',#3161,#6915);
#6915 = DEFINITIONAL_REPRESENTATION('',(#6916),#6924);
#6916 = ( BOUNDED_CURVE() B_SPLINE_CURVE(2,(#6917,#6918,#6919,#6920,
#6921,#6922,#6923),.UNSPECIFIED.,.T.,.F.) B_SPLINE_CURVE_WITH_KNOTS((1,2
    ,2,2,2,1),(-2.094395102393,0.,2.094395102393,4.188790204786,
6.28318530718,8.377580409573),.UNSPECIFIED.) CURVE() 
GEOMETRIC_REPRESENTATION_ITEM() RATIONAL_B_SPLINE_CURVE((1.,0.5,1.,0.5,
1.,0.5,1.)) REPRESENTATION_ITEM('') );
#6917 = CARTESIAN_POINT('',(-73.2703544,-0.1301312));
#6918 = CARTESIAN_POINT('',(-73.2703544,-4.02724551703));
#6919 = CARTESIAN_POINT('',(-76.6453544,-2.078688358515));
#6920 = CARTESIAN_POINT('',(-80.0203544,-0.1301312));
#6921 = CARTESIAN_POINT('',(-76.6453544,1.818425958515));
#6922 = CARTESIAN_POINT('',(-73.2703544,3.76698311703));
#6923 = CARTESIAN_POINT('',(-73.2703544,-0.1301312));
#6924 = ( GEOMETRIC_REPRESENTATION_CONTEXT(2) 
PARAMETRIC_REPRESENTATION_CONTEXT() REPRESENTATION_CONTEXT('2D SPACE',''
  ) );
#6925 = PCURVE('',#6504,#6926);
#6926 = DEFINITIONAL_REPRESENTATION('',(#6927),#6931);
#6927 = LINE('',#6928,#6929);
#6928 = CARTESIAN_POINT('',(-6.28318530718,-5.));
#6929 = VECTOR('',#6930,1.);
#6930 = DIRECTION('',(1.,-0.));
#6931 = ( GEOMETRIC_REPRESENTATION_CONTEXT(2) 
PARAMETRIC_REPRESENTATION_CONTEXT() REPRESENTATION_CONTEXT('2D SPACE',''
  ) );
#6932 = ADVANCED_FACE('',(#6933,#6936),#3216,.T.);
#6933 = FACE_BOUND('',#6934,.T.);
#6934 = EDGE_LOOP('',(#6935));
#6935 = ORIENTED_EDGE('',*,*,#3199,.T.);
#6936 = FACE_BOUND('',#6937,.T.);
#6937 = EDGE_LOOP('',(#6938));
#6938 = ORIENTED_EDGE('',*,*,#6939,.T.);
#6939 = EDGE_CURVE('',#6940,#6940,#6942,.T.);
#6940 = VERTEX_POINT('',#6941);
#6941 = CARTESIAN_POINT('',(-29.7983892,21.3342622,109.2));
#6942 = SURFACE_CURVE('',#6943,(#6948,#6959),.PCURVE_S1.);
#6943 = CIRCLE('',#6944,2.25);
#6944 = AXIS2_PLACEMENT_3D('',#6945,#6946,#6947);
#6945 = CARTESIAN_POINT('',(-32.0483892,21.3342622,109.2));
#6946 = DIRECTION('',(0.,0.,-1.));
#6947 = DIRECTION('',(1.,0.,0.));
#6948 = PCURVE('',#3216,#6949);
#6949 = DEFINITIONAL_REPRESENTATION('',(#6950),#6958);
#6950 = ( BOUNDED_CURVE() B_SPLINE_CURVE(2,(#6951,#6952,#6953,#6954,
#6955,#6956,#6957),.UNSPECIFIED.,.T.,.F.) B_SPLINE_CURVE_WITH_KNOTS((1,2
    ,2,2,2,1),(-2.094395102393,0.,2.094395102393,4.188790204786,
6.28318530718,8.377580409573),.UNSPECIFIED.) CURVE() 
GEOMETRIC_REPRESENTATION_ITEM() RATIONAL_B_SPLINE_CURVE((1.,0.5,1.,0.5,
1.,0.5,1.)) REPRESENTATION_ITEM('') );
#6951 = CARTESIAN_POINT('',(-67.5456241,13.7582304));
#6952 = CARTESIAN_POINT('',(-67.5456241,9.86111608297));
#6953 = CARTESIAN_POINT('',(-70.9206241,11.809673241485));
#6954 = CARTESIAN_POINT('',(-74.2956241,13.7582304));
#6955 = CARTESIAN_POINT('',(-70.9206241,15.706787558515));
#6956 = CARTESIAN_POINT('',(-67.5456241,17.65534471703));
#6957 = CARTESIAN_POINT('',(-67.5456241,13.7582304));
#6958 = ( GEOMETRIC_REPRESENTATION_CONTEXT(2) 
PARAMETRIC_REPRESENTATION_CONTEXT() REPRESENTATION_CONTEXT('2D SPACE',''
  ) );
#6959 = PCURVE('',#6539,#6960);
#6960 = DEFINITIONAL_REPRESENTATION('',(#6961),#6965);
#6961 = LINE('',#6962,#6963);
#6962 = CARTESIAN_POINT('',(-6.28318530718,-5.));
#6963 = VECTOR('',#6964,1.);
#6964 = DIRECTION('',(1.,-0.));
#6965 = ( GEOMETRIC_REPRESENTATION_CONTEXT(2) 
PARAMETRIC_REPRESENTATION_CONTEXT() REPRESENTATION_CONTEXT('2D SPACE',''
  ) );
#6966 = ADVANCED_FACE('',(#6967,#6970),#3271,.T.);
#6967 = FACE_BOUND('',#6968,.T.);
#6968 = EDGE_LOOP('',(#6969));
#6969 = ORIENTED_EDGE('',*,*,#3254,.T.);
#6970 = FACE_BOUND('',#6971,.T.);
#6971 = EDGE_LOOP('',(#6972));
#6972 = ORIENTED_EDGE('',*,*,#6973,.T.);
#6973 = EDGE_CURVE('',#6974,#6974,#6976,.T.);
#6974 = VERTEX_POINT('',#6975);
#6975 = CARTESIAN_POINT('',(-19.1945821,31.9746758,109.2));
#6976 = SURFACE_CURVE('',#6977,(#6982,#6993),.PCURVE_S1.);
#6977 = CIRCLE('',#6978,2.25);
#6978 = AXIS2_PLACEMENT_3D('',#6979,#6980,#6981);
#6979 = CARTESIAN_POINT('',(-21.4445821,31.9746758,109.2));
#6980 = DIRECTION('',(0.,0.,-1.));
#6981 = DIRECTION('',(1.,0.,0.));
#6982 = PCURVE('',#3271,#6983);
#6983 = DEFINITIONAL_REPRESENTATION('',(#6984),#6992);
#6984 = ( BOUNDED_CURVE() B_SPLINE_CURVE(2,(#6985,#6986,#6987,#6988,
#6989,#6990,#6991),.UNSPECIFIED.,.T.,.F.) B_SPLINE_CURVE_WITH_KNOTS((1,2
    ,2,2,2,1),(-2.094395102393,0.,2.094395102393,4.188790204786,
6.28318530718,8.377580409573),.UNSPECIFIED.) CURVE() 
GEOMETRIC_REPRESENTATION_ITEM() RATIONAL_B_SPLINE_CURVE((1.,0.5,1.,0.5,
1.,0.5,1.)) REPRESENTATION_ITEM('') );
#6985 = CARTESIAN_POINT('',(-56.941817,24.398644));
#6986 = CARTESIAN_POINT('',(-56.941817,20.50152968297));
#6987 = CARTESIAN_POINT('',(-60.316817,22.450086841485));
#6988 = CARTESIAN_POINT('',(-63.691817,24.398644));
#6989 = CARTESIAN_POINT('',(-60.316817,26.347201158515));
#6990 = CARTESIAN_POINT('',(-56.941817,28.29575831703));
#6991 = CARTESIAN_POINT('',(-56.941817,24.398644));
#6992 = ( GEOMETRIC_REPRESENTATION_CONTEXT(2) 
PARAMETRIC_REPRESENTATION_CONTEXT() REPRESENTATION_CONTEXT('2D SPACE',''
  ) );
#6993 = PCURVE('',#6574,#6994);
#6994 = DEFINITIONAL_REPRESENTATION('',(#6995),#6999);
#6995 = LINE('',#6996,#6997);
#6996 = CARTESIAN_POINT('',(-6.28318530718,-5.));
#6997 = VECTOR('',#6998,1.);
#6998 = DIRECTION('',(1.,-0.));
#6999 = ( GEOMETRIC_REPRESENTATION_CONTEXT(2) 
PARAMETRIC_REPRESENTATION_CONTEXT() REPRESENTATION_CONTEXT('2D SPACE',''
  ) );
#7000 = ADVANCED_FACE('',(#7001,#7004),#3326,.T.);
#7001 = FACE_BOUND('',#7002,.T.);
#7002 = EDGE_LOOP('',(#7003));
#7003 = ORIENTED_EDGE('',*,*,#3309,.T.);
#7004 = FACE_BOUND('',#7005,.T.);
#7005 = EDGE_LOOP('',(#7006));
#7006 = ORIENTED_EDGE('',*,*,#7007,.T.);
#7007 = EDGE_CURVE('',#7008,#7008,#7010,.T.);
#7008 = VERTEX_POINT('',#7009);
#7009 = CARTESIAN_POINT('',(-5.3260318,37.7472348,109.2));
#7010 = SURFACE_CURVE('',#7011,(#7016,#7027),.PCURVE_S1.);
#7011 = CIRCLE('',#7012,2.25);
#7012 = AXIS2_PLACEMENT_3D('',#7013,#7014,#7015);
#7013 = CARTESIAN_POINT('',(-7.5760318,37.7472348,109.2));
#7014 = DIRECTION('',(0.,0.,-1.));
#7015 = DIRECTION('',(1.,0.,0.));
#7016 = PCURVE('',#3326,#7017);
#7017 = DEFINITIONAL_REPRESENTATION('',(#7018),#7026);
#7018 = ( BOUNDED_CURVE() B_SPLINE_CURVE(2,(#7019,#7020,#7021,#7022,
#7023,#7024,#7025),.UNSPECIFIED.,.T.,.F.) B_SPLINE_CURVE_WITH_KNOTS((1,2
    ,2,2,2,1),(-2.094395102393,0.,2.094395102393,4.188790204786,
6.28318530718,8.377580409573),.UNSPECIFIED.) CURVE() 
GEOMETRIC_REPRESENTATION_ITEM() RATIONAL_B_SPLINE_CURVE((1.,0.5,1.,0.5,
1.,0.5,1.)) REPRESENTATION_ITEM('') );
#7019 = CARTESIAN_POINT('',(-43.0732667,30.171203));
#7020 = CARTESIAN_POINT('',(-43.0732667,26.27408868297));
#7021 = CARTESIAN_POINT('',(-46.4482667,28.222645841485));
#7022 = CARTESIAN_POINT('',(-49.8232667,30.171203));
#7023 = CARTESIAN_POINT('',(-46.4482667,32.119760158515));
#7024 = CARTESIAN_POINT('',(-43.0732667,34.06831731703));
#7025 = CARTESIAN_POINT('',(-43.0732667,30.171203));
#7026 = ( GEOMETRIC_REPRESENTATION_CONTEXT(2) 
PARAMETRIC_REPRESENTATION_CONTEXT() REPRESENTATION_CONTEXT('2D SPACE',''
  ) );
#7027 = PCURVE('',#6609,#7028);
#7028 = DEFINITIONAL_REPRESENTATION('',(#7029),#7033);
#7029 = LINE('',#7030,#7031);
#7030 = CARTESIAN_POINT('',(-6.28318530718,-5.));
#7031 = VECTOR('',#7032,1.);
#7032 = DIRECTION('',(1.,-0.));
#7033 = ( GEOMETRIC_REPRESENTATION_CONTEXT(2) 
PARAMETRIC_REPRESENTATION_CONTEXT() REPRESENTATION_CONTEXT('2D SPACE',''
  ) );
#7034 = ADVANCED_FACE('',(#7035,#7061),#3381,.F.);
#7035 = FACE_BOUND('',#7036,.F.);
#7036 = EDGE_LOOP('',(#7037));
#7037 = ORIENTED_EDGE('',*,*,#7038,.T.);
#7038 = EDGE_CURVE('',#7039,#7039,#7041,.T.);
#7039 = VERTEX_POINT('',#7040);
#7040 = CARTESIAN_POINT('',(34.8,0.,107.7));
#7041 = SURFACE_CURVE('',#7042,(#7047,#7054),.PCURVE_S1.);
#7042 = CIRCLE('',#7043,34.8);
#7043 = AXIS2_PLACEMENT_3D('',#7044,#7045,#7046);
#7044 = CARTESIAN_POINT('',(0.,0.,107.7));
#7045 = DIRECTION('',(0.,0.,1.));
#7046 = DIRECTION('',(1.,0.,0.));
#7047 = PCURVE('',#3381,#7048);
#7048 = DEFINITIONAL_REPRESENTATION('',(#7049),#7053);
#7049 = CIRCLE('',#7050,34.8);
#7050 = AXIS2_PLACEMENT_2D('',#7051,#7052);
#7051 = CARTESIAN_POINT('',(2.514832427659E-15,-1.094242140648E-15));
#7052 = DIRECTION('',(1.,0.));
#7053 = ( GEOMETRIC_REPRESENTATION_CONTEXT(2) 
PARAMETRIC_REPRESENTATION_CONTEXT() REPRESENTATION_CONTEXT('2D SPACE',''
  ) );
#7054 = PCURVE('',#6644,#7055);
#7055 = DEFINITIONAL_REPRESENTATION('',(#7056),#7060);
#7056 = LINE('',#7057,#7058);
#7057 = CARTESIAN_POINT('',(-0.,-3.5));
#7058 = VECTOR('',#7059,1.);
#7059 = DIRECTION('',(-1.,0.));
#7060 = ( GEOMETRIC_REPRESENTATION_CONTEXT(2) 
PARAMETRIC_REPRESENTATION_CONTEXT() REPRESENTATION_CONTEXT('2D SPACE',''
  ) );
#7061 = FACE_BOUND('',#7062,.F.);
#7062 = EDGE_LOOP('',(#7063));
#7063 = ORIENTED_EDGE('',*,*,#3364,.T.);
#7064 = ADVANCED_FACE('',(#7065,#7068),#3440,.T.);
#7065 = FACE_BOUND('',#7066,.T.);
#7066 = EDGE_LOOP('',(#7067));
#7067 = ORIENTED_EDGE('',*,*,#3423,.T.);
#7068 = FACE_BOUND('',#7069,.T.);
#7069 = EDGE_LOOP('',(#7070));
#7070 = ORIENTED_EDGE('',*,*,#7071,.T.);
#7071 = EDGE_CURVE('',#7072,#7072,#7074,.T.);
#7072 = VERTEX_POINT('',#7073);
#7073 = CARTESIAN_POINT('',(39.9972349,7.5760318,109.2));
#7074 = SURFACE_CURVE('',#7075,(#7080,#7091),.PCURVE_S1.);
#7075 = CIRCLE('',#7076,2.25);
#7076 = AXIS2_PLACEMENT_3D('',#7077,#7078,#7079);
#7077 = CARTESIAN_POINT('',(37.7472349,7.5760318,109.2));
#7078 = DIRECTION('',(0.,0.,-1.));
#7079 = DIRECTION('',(1.,0.,0.));
#7080 = PCURVE('',#3440,#7081);
#7081 = DEFINITIONAL_REPRESENTATION('',(#7082),#7090);
#7082 = ( BOUNDED_CURVE() B_SPLINE_CURVE(2,(#7083,#7084,#7085,#7086,
#7087,#7088,#7089),.UNSPECIFIED.,.T.,.F.) B_SPLINE_CURVE_WITH_KNOTS((1,2
    ,2,2,2,1),(-2.094395102393,0.,2.094395102393,4.188790204786,
6.28318530718,8.377580409573),.UNSPECIFIED.) CURVE() 
GEOMETRIC_REPRESENTATION_ITEM() RATIONAL_B_SPLINE_CURVE((1.,0.5,1.,0.5,
1.,0.5,1.)) REPRESENTATION_ITEM('') );
#7083 = CARTESIAN_POINT('',(2.25,-8.881784197001E-16));
#7084 = CARTESIAN_POINT('',(2.25,-3.89711431703));
#7085 = CARTESIAN_POINT('',(-1.125,-1.948557158515));
#7086 = CARTESIAN_POINT('',(-4.5,-1.439269479316E-15));
#7087 = CARTESIAN_POINT('',(-1.125,1.948557158515));
#7088 = CARTESIAN_POINT('',(2.25,3.89711431703));
#7089 = CARTESIAN_POINT('',(2.25,-8.881784197001E-16));
#7090 = ( GEOMETRIC_REPRESENTATION_CONTEXT(2) 
PARAMETRIC_REPRESENTATION_CONTEXT() REPRESENTATION_CONTEXT('2D SPACE',''
  ) );
#7091 = PCURVE('',#6714,#7092);
#7092 = DEFINITIONAL_REPRESENTATION('',(#7093),#7097);
#7093 = LINE('',#7094,#7095);
#7094 = CARTESIAN_POINT('',(-6.28318530718,-5.));
#7095 = VECTOR('',#7096,1.);
#7096 = DIRECTION('',(1.,-0.));
#7097 = ( GEOMETRIC_REPRESENTATION_CONTEXT(2) 
PARAMETRIC_REPRESENTATION_CONTEXT() REPRESENTATION_CONTEXT('2D SPACE',''
  ) );
#7098 = ADVANCED_FACE('',(#7099,#7102),#3495,.T.);
#7099 = FACE_BOUND('',#7100,.T.);
#7100 = EDGE_LOOP('',(#7101));
#7101 = ORIENTED_EDGE('',*,*,#3478,.T.);
#7102 = FACE_BOUND('',#7103,.T.);
#7103 = EDGE_LOOP('',(#7104));
#7104 = ORIENTED_EDGE('',*,*,#7105,.T.);
#7105 = EDGE_CURVE('',#7106,#7106,#7108,.T.);
#7106 = VERTEX_POINT('',#7107);
#7107 = CARTESIAN_POINT('',(34.2246759,21.4445821,109.2));
#7108 = SURFACE_CURVE('',#7109,(#7114,#7125),.PCURVE_S1.);
#7109 = CIRCLE('',#7110,2.25);
#7110 = AXIS2_PLACEMENT_3D('',#7111,#7112,#7113);
#7111 = CARTESIAN_POINT('',(31.9746759,21.4445821,109.2));
#7112 = DIRECTION('',(0.,0.,-1.));
#7113 = DIRECTION('',(1.,0.,0.));
#7114 = PCURVE('',#3495,#7115);
#7115 = DEFINITIONAL_REPRESENTATION('',(#7116),#7124);
#7116 = ( BOUNDED_CURVE() B_SPLINE_CURVE(2,(#7117,#7118,#7119,#7120,
#7121,#7122,#7123),.UNSPECIFIED.,.T.,.F.) B_SPLINE_CURVE_WITH_KNOTS((1,2
    ,2,2,2,1),(-2.094395102393,0.,2.094395102393,4.188790204786,
6.28318530718,8.377580409573),.UNSPECIFIED.) CURVE() 
GEOMETRIC_REPRESENTATION_ITEM() RATIONAL_B_SPLINE_CURVE((1.,0.5,1.,0.5,
1.,0.5,1.)) REPRESENTATION_ITEM('') );
#7117 = CARTESIAN_POINT('',(-3.522559,13.8685503));
#7118 = CARTESIAN_POINT('',(-3.522559,9.97143598297));
#7119 = CARTESIAN_POINT('',(-6.897559,11.919993141485));
#7120 = CARTESIAN_POINT('',(-10.272559,13.8685503));
#7121 = CARTESIAN_POINT('',(-6.897559,15.817107458515));
#7122 = CARTESIAN_POINT('',(-3.522559,17.76566461703));
#7123 = CARTESIAN_POINT('',(-3.522559,13.8685503));
#7124 = ( GEOMETRIC_REPRESENTATION_CONTEXT(2) 
PARAMETRIC_REPRESENTATION_CONTEXT() REPRESENTATION_CONTEXT('2D SPACE',''
  ) );
#7125 = PCURVE('',#6819,#7126);
#7126 = DEFINITIONAL_REPRESENTATION('',(#7127),#7131);
#7127 = LINE('',#7128,#7129);
#7128 = CARTESIAN_POINT('',(-6.28318530718,-5.));
#7129 = VECTOR('',#7130,1.);
#7130 = DIRECTION('',(1.,-0.));
#7131 = ( GEOMETRIC_REPRESENTATION_CONTEXT(2) 
PARAMETRIC_REPRESENTATION_CONTEXT() REPRESENTATION_CONTEXT('2D SPACE',''
  ) );
#7132 = ADVANCED_FACE('',(#7133,#7136),#3550,.T.);
#7133 = FACE_BOUND('',#7134,.T.);
#7134 = EDGE_LOOP('',(#7135));
#7135 = ORIENTED_EDGE('',*,*,#3533,.T.);
#7136 = FACE_BOUND('',#7137,.T.);
#7137 = EDGE_LOOP('',(#7138));
#7138 = ORIENTED_EDGE('',*,*,#7139,.T.);
#7139 = EDGE_CURVE('',#7140,#7140,#7142,.T.);
#7140 = VERTEX_POINT('',#7141);
#7141 = CARTESIAN_POINT('',(9.6959007,37.7731195,109.2));
#7142 = SURFACE_CURVE('',#7143,(#7148,#7159),.PCURVE_S1.);
#7143 = CIRCLE('',#7144,2.25);
#7144 = AXIS2_PLACEMENT_3D('',#7145,#7146,#7147);
#7145 = CARTESIAN_POINT('',(7.4459007,37.7731195,109.2));
#7146 = DIRECTION('',(0.,0.,-1.));
#7147 = DIRECTION('',(1.,0.,0.));
#7148 = PCURVE('',#3550,#7149);
#7149 = DEFINITIONAL_REPRESENTATION('',(#7150),#7158);
#7150 = ( BOUNDED_CURVE() B_SPLINE_CURVE(2,(#7151,#7152,#7153,#7154,
#7155,#7156,#7157),.UNSPECIFIED.,.T.,.F.) B_SPLINE_CURVE_WITH_KNOTS((1,2
    ,2,2,2,1),(-2.094395102393,0.,2.094395102393,4.188790204786,
6.28318530718,8.377580409573),.UNSPECIFIED.) CURVE() 
GEOMETRIC_REPRESENTATION_ITEM() RATIONAL_B_SPLINE_CURVE((1.,0.5,1.,0.5,
1.,0.5,1.)) REPRESENTATION_ITEM('') );
#7151 = CARTESIAN_POINT('',(-28.0513342,30.1970877));
#7152 = CARTESIAN_POINT('',(-28.0513342,26.29997338297));
#7153 = CARTESIAN_POINT('',(-31.4263342,28.248530541485));
#7154 = CARTESIAN_POINT('',(-34.8013342,30.1970877));
#7155 = CARTESIAN_POINT('',(-31.4263342,32.145644858515));
#7156 = CARTESIAN_POINT('',(-28.0513342,34.09420201703));
#7157 = CARTESIAN_POINT('',(-28.0513342,30.1970877));
#7158 = ( GEOMETRIC_REPRESENTATION_CONTEXT(2) 
PARAMETRIC_REPRESENTATION_CONTEXT() REPRESENTATION_CONTEXT('2D SPACE',''
  ) );
#7159 = PCURVE('',#6749,#7160);
#7160 = DEFINITIONAL_REPRESENTATION('',(#7161),#7165);
#7161 = LINE('',#7162,#7163);
#7162 = CARTESIAN_POINT('',(-6.28318530718,-5.));
#7163 = VECTOR('',#7164,1.);
#7164 = DIRECTION('',(1.,-0.));
#7165 = ( GEOMETRIC_REPRESENTATION_CONTEXT(2) 
PARAMETRIC_REPRESENTATION_CONTEXT() REPRESENTATION_CONTEXT('2D SPACE',''
  ) );
#7166 = ADVANCED_FACE('',(#7167,#7170),#3605,.T.);
#7167 = FACE_BOUND('',#7168,.T.);
#7168 = EDGE_LOOP('',(#7169));
#7169 = ORIENTED_EDGE('',*,*,#3588,.T.);
#7170 = FACE_BOUND('',#7171,.T.);
#7171 = EDGE_LOOP('',(#7172));
#7172 = ORIENTED_EDGE('',*,*,#7173,.T.);
#7173 = EDGE_CURVE('',#7174,#7174,#7176,.T.);
#7174 = VERTEX_POINT('',#7175);
#7175 = CARTESIAN_POINT('',(23.5842623,32.0483892,109.2));
#7176 = SURFACE_CURVE('',#7177,(#7182,#7193),.PCURVE_S1.);
#7177 = CIRCLE('',#7178,2.25);
#7178 = AXIS2_PLACEMENT_3D('',#7179,#7180,#7181);
#7179 = CARTESIAN_POINT('',(21.3342623,32.0483892,109.2));
#7180 = DIRECTION('',(0.,0.,-1.));
#7181 = DIRECTION('',(1.,0.,0.));
#7182 = PCURVE('',#3605,#7183);
#7183 = DEFINITIONAL_REPRESENTATION('',(#7184),#7192);
#7184 = ( BOUNDED_CURVE() B_SPLINE_CURVE(2,(#7185,#7186,#7187,#7188,
#7189,#7190,#7191),.UNSPECIFIED.,.T.,.F.) B_SPLINE_CURVE_WITH_KNOTS((1,2
    ,2,2,2,1),(-2.094395102393,0.,2.094395102393,4.188790204786,
6.28318530718,8.377580409573),.UNSPECIFIED.) CURVE() 
GEOMETRIC_REPRESENTATION_ITEM() RATIONAL_B_SPLINE_CURVE((1.,0.5,1.,0.5,
1.,0.5,1.)) REPRESENTATION_ITEM('') );
#7185 = CARTESIAN_POINT('',(-14.1629726,24.4723574));
#7186 = CARTESIAN_POINT('',(-14.1629726,20.57524308297));
#7187 = CARTESIAN_POINT('',(-17.5379726,22.523800241485));
#7188 = CARTESIAN_POINT('',(-20.9129726,24.4723574));
#7189 = CARTESIAN_POINT('',(-17.5379726,26.420914558515));
#7190 = CARTESIAN_POINT('',(-14.1629726,28.36947171703));
#7191 = CARTESIAN_POINT('',(-14.1629726,24.4723574));
#7192 = ( GEOMETRIC_REPRESENTATION_CONTEXT(2) 
PARAMETRIC_REPRESENTATION_CONTEXT() REPRESENTATION_CONTEXT('2D SPACE',''
  ) );
#7193 = PCURVE('',#6784,#7194);
#7194 = DEFINITIONAL_REPRESENTATION('',(#7195),#7199);
#7195 = LINE('',#7196,#7197);
#7196 = CARTESIAN_POINT('',(-6.28318530718,-5.));
#7197 = VECTOR('',#7198,1.);
#7198 = DIRECTION('',(1.,-0.));
#7199 = ( GEOMETRIC_REPRESENTATION_CONTEXT(2) 
PARAMETRIC_REPRESENTATION_CONTEXT() REPRESENTATION_CONTEXT('2D SPACE',''
  ) );
#7200 = ADVANCED_FACE('',(#7201),#3904,.F.);
#7201 = FACE_BOUND('',#7202,.F.);
#7202 = EDGE_LOOP('',(#7203,#7225,#7246,#7247));
#7203 = ORIENTED_EDGE('',*,*,#7204,.T.);
#7204 = EDGE_CURVE('',#3973,#7205,#7207,.T.);
#7205 = VERTEX_POINT('',#7206);
#7206 = CARTESIAN_POINT('',(60.320041439385,-18.72144761365,127.2));
#7207 = SURFACE_CURVE('',#7208,(#7212,#7219),.PCURVE_S1.);
#7208 = LINE('',#7209,#7210);
#7209 = CARTESIAN_POINT('',(60.320041439385,-18.72144761365,111.2));
#7210 = VECTOR('',#7211,1.);
#7211 = DIRECTION('',(0.,0.,1.));
#7212 = PCURVE('',#3904,#7213);
#7213 = DEFINITIONAL_REPRESENTATION('',(#7214),#7218);
#7214 = LINE('',#7215,#7216);
#7215 = CARTESIAN_POINT('',(6.283518462011,12.449873862472));
#7216 = VECTOR('',#7217,1.);
#7217 = DIRECTION('',(-1.,0.));
#7218 = ( GEOMETRIC_REPRESENTATION_CONTEXT(2) 
PARAMETRIC_REPRESENTATION_CONTEXT() REPRESENTATION_CONTEXT('2D SPACE',''
  ) );
#7219 = PCURVE('',#4059,#7220);
#7220 = DEFINITIONAL_REPRESENTATION('',(#7221),#7224);
#7221 = B_SPLINE_CURVE_WITH_KNOTS('',1,(#7222,#7223),.UNSPECIFIED.,.F.,
  .F.,(2,2),(0.,16.),.PIECEWISE_BEZIER_KNOTS.);
#7222 = CARTESIAN_POINT('',(-7.426033137653,0.));
#7223 = CARTESIAN_POINT('',(-7.426033137653,-16.));
#7224 = ( GEOMETRIC_REPRESENTATION_CONTEXT(2) 
PARAMETRIC_REPRESENTATION_CONTEXT() REPRESENTATION_CONTEXT('2D SPACE',''
  ) );
#7225 = ORIENTED_EDGE('',*,*,#7226,.T.);
#7226 = EDGE_CURVE('',#7205,#3848,#7227,.T.);
#7227 = SURFACE_CURVE('',#7228,(#7232,#7239),.PCURVE_S1.);
#7228 = LINE('',#7229,#7230);
#7229 = CARTESIAN_POINT('',(60.320041439385,-18.72144761365,127.2));
#7230 = VECTOR('',#7231,1.);
#7231 = DIRECTION('',(-0.873972544025,0.398654142888,-0.277933205373));
#7232 = PCURVE('',#3904,#7233);
#7233 = DEFINITIONAL_REPRESENTATION('',(#7234),#7238);
#7234 = LINE('',#7235,#7236);
#7235 = CARTESIAN_POINT('',(-9.716481537989,12.449873862472));
#7236 = VECTOR('',#7237,1.);
#7237 = DIRECTION('',(0.277933205373,-0.960600402535));
#7238 = ( GEOMETRIC_REPRESENTATION_CONTEXT(2) 
PARAMETRIC_REPRESENTATION_CONTEXT() REPRESENTATION_CONTEXT('2D SPACE',''
  ) );
#7239 = PCURVE('',#3877,#7240);
#7240 = DEFINITIONAL_REPRESENTATION('',(#7241),#7245);
#7241 = LINE('',#7242,#7243);
#7242 = CARTESIAN_POINT('',(0.,8.));
#7243 = VECTOR('',#7244,1.);
#7244 = DIRECTION('',(1.,0.));
#7245 = ( GEOMETRIC_REPRESENTATION_CONTEXT(2) 
PARAMETRIC_REPRESENTATION_CONTEXT() REPRESENTATION_CONTEXT('2D SPACE',''
  ) );
#7246 = ORIENTED_EDGE('',*,*,#3889,.T.);
#7247 = ORIENTED_EDGE('',*,*,#3994,.F.);
#7248 = ADVANCED_FACE('',(#7249,#7252),#3682,.T.);
#7249 = FACE_BOUND('',#7250,.T.);
#7250 = EDGE_LOOP('',(#7251));
#7251 = ORIENTED_EDGE('',*,*,#3667,.T.);
#7252 = FACE_BOUND('',#7253,.T.);
#7253 = EDGE_LOOP('',(#7254));
#7254 = ORIENTED_EDGE('',*,*,#7255,.T.);
#7255 = EDGE_CURVE('',#7256,#7256,#7258,.T.);
#7256 = VERTEX_POINT('',#7257);
#7257 = CARTESIAN_POINT('',(40.0231196,-7.4459007,109.2));
#7258 = SURFACE_CURVE('',#7259,(#7264,#7275),.PCURVE_S1.);
#7259 = CIRCLE('',#7260,2.25);
#7260 = AXIS2_PLACEMENT_3D('',#7261,#7262,#7263);
#7261 = CARTESIAN_POINT('',(37.7731196,-7.4459007,109.2));
#7262 = DIRECTION('',(0.,0.,-1.));
#7263 = DIRECTION('',(1.,0.,0.));
#7264 = PCURVE('',#3682,#7265);
#7265 = DEFINITIONAL_REPRESENTATION('',(#7266),#7274);
#7266 = ( BOUNDED_CURVE() B_SPLINE_CURVE(2,(#7267,#7268,#7269,#7270,
#7271,#7272,#7273),.UNSPECIFIED.,.T.,.F.) B_SPLINE_CURVE_WITH_KNOTS((1,2
    ,2,2,2,1),(-2.094395102393,0.,2.094395102393,4.188790204786,
6.28318530718,8.377580409573),.UNSPECIFIED.) CURVE() 
GEOMETRIC_REPRESENTATION_ITEM() RATIONAL_B_SPLINE_CURVE((1.,0.5,1.,0.5,
1.,0.5,1.)) REPRESENTATION_ITEM('') );
#7267 = CARTESIAN_POINT('',(2.2758847,-15.0219325));
#7268 = CARTESIAN_POINT('',(2.2758847,-18.91904681703));
#7269 = CARTESIAN_POINT('',(-1.0991153,-16.97048965851));
#7270 = CARTESIAN_POINT('',(-4.4741153,-15.0219325));
#7271 = CARTESIAN_POINT('',(-1.0991153,-13.07337534148));
#7272 = CARTESIAN_POINT('',(2.2758847,-11.12481818297));
#7273 = CARTESIAN_POINT('',(2.2758847,-15.0219325));
#7274 = ( GEOMETRIC_REPRESENTATION_CONTEXT(2) 
PARAMETRIC_REPRESENTATION_CONTEXT() REPRESENTATION_CONTEXT('2D SPACE',''
  ) );
#7275 = PCURVE('',#6679,#7276);
#7276 = DEFINITIONAL_REPRESENTATION('',(#7277),#7281);
#7277 = LINE('',#7278,#7279);
#7278 = CARTESIAN_POINT('',(-6.28318530718,-5.));
#7279 = VECTOR('',#7280,1.);
#7280 = DIRECTION('',(1.,-0.));
#7281 = ( GEOMETRIC_REPRESENTATION_CONTEXT(2) 
PARAMETRIC_REPRESENTATION_CONTEXT() REPRESENTATION_CONTEXT('2D SPACE',''
  ) );
#7282 = ADVANCED_FACE('',(#7283),#3877,.F.);
#7283 = FACE_BOUND('',#7284,.F.);
#7284 = EDGE_LOOP('',(#7285,#7327,#7348,#7349,#7350,#7371,#7372));
#7285 = ORIENTED_EDGE('',*,*,#7286,.F.);
#7286 = EDGE_CURVE('',#7287,#7205,#7289,.T.);
#7287 = VERTEX_POINT('',#7288);
#7288 = CARTESIAN_POINT('',(53.679958560615,-33.27855238634,127.2));
#7289 = SURFACE_CURVE('',#7290,(#7295,#7302),.PCURVE_S1.);
#7290 = ELLIPSE('',#7291,8.328124763309,8.);
#7291 = AXIS2_PLACEMENT_3D('',#7292,#7293,#7294);
#7292 = CARTESIAN_POINT('',(57.,-26.,127.2));
#7293 = DIRECTION('',(0.252868924401,-0.115343719902,-0.960600402535));
#7294 = DIRECTION('',(-0.873972544025,0.398654142888,-0.277933205373));
#7295 = PCURVE('',#3877,#7296);
#7296 = DEFINITIONAL_REPRESENTATION('',(#7297),#7301);
#7297 = ELLIPSE('',#7298,8.328124763309,8.);
#7298 = AXIS2_PLACEMENT_2D('',#7299,#7300);
#7299 = CARTESIAN_POINT('',(0.,0.));
#7300 = DIRECTION('',(1.,2.424185204561E-17));
#7301 = ( GEOMETRIC_REPRESENTATION_CONTEXT(2) 
PARAMETRIC_REPRESENTATION_CONTEXT() REPRESENTATION_CONTEXT('2D SPACE',''
  ) );
#7302 = PCURVE('',#7303,#7308);
#7303 = CYLINDRICAL_SURFACE('',#7304,8.);
#7304 = AXIS2_PLACEMENT_3D('',#7305,#7306,#7307);
#7305 = CARTESIAN_POINT('',(57.,-26.,111.2));
#7306 = DIRECTION('',(-0.,-0.,-1.));
#7307 = DIRECTION('',(1.,0.,0.));
#7308 = DEFINITIONAL_REPRESENTATION('',(#7309),#7326);
#7309 = B_SPLINE_CURVE_WITH_KNOTS('',8,(#7310,#7311,#7312,#7313,#7314,
    #7315,#7316,#7317,#7318,#7319,#7320,#7321,#7322,#7323,#7324,#7325),
  .UNSPECIFIED.,.F.,.F.,(9,7,9),(4.712388721168,6.28318530718,
    7.853981893192),.UNSPECIFIED.);
#7310 = CARTESIAN_POINT('',(-4.28444074328,-16.0000006));
#7311 = CARTESIAN_POINT('',(-4.088091170029,-15.54551762353));
#7312 = CARTESIAN_POINT('',(-3.891741596773,-15.09103451272));
#7313 = CARTESIAN_POINT('',(-3.69539202353,-14.66325207176));
#7314 = CARTESIAN_POINT('',(-3.499042450257,-14.28886575506));
#7315 = CARTESIAN_POINT('',(-3.30269287702,-13.99129429018));
#7316 = CARTESIAN_POINT('',(-3.106343303768,-13.78732344539));
#7317 = CARTESIAN_POINT('',(-2.90999373052,-13.68533758979));
#7318 = CARTESIAN_POINT('',(-2.517294584017,-13.68533758979));
#7319 = CARTESIAN_POINT('',(-2.320945010765,-13.78732344538));
#7320 = CARTESIAN_POINT('',(-2.124595437511,-13.99129429019));
#7321 = CARTESIAN_POINT('',(-1.92824586426,-14.28886575498));
#7322 = CARTESIAN_POINT('',(-1.731896291005,-14.66325207178));
#7323 = CARTESIAN_POINT('',(-1.53554671776,-15.09103451271));
#7324 = CARTESIAN_POINT('',(-1.339197144508,-15.54551762353));
#7325 = CARTESIAN_POINT('',(-1.142847571256,-16.0000006));
#7326 = ( GEOMETRIC_REPRESENTATION_CONTEXT(2) 
PARAMETRIC_REPRESENTATION_CONTEXT() REPRESENTATION_CONTEXT('2D SPACE',''
  ) );
#7327 = ORIENTED_EDGE('',*,*,#7328,.T.);
#7328 = EDGE_CURVE('',#7287,#4340,#7329,.T.);
#7329 = SURFACE_CURVE('',#7330,(#7334,#7341),.PCURVE_S1.);
#7330 = LINE('',#7331,#7332);
#7331 = CARTESIAN_POINT('',(53.679958560615,-33.27855238634,127.2));
#7332 = VECTOR('',#7333,1.);
#7333 = DIRECTION('',(-0.873972544025,0.398654142888,-0.277933205373));
#7334 = PCURVE('',#3877,#7335);
#7335 = DEFINITIONAL_REPRESENTATION('',(#7336),#7340);
#7336 = LINE('',#7337,#7338);
#7337 = CARTESIAN_POINT('',(-0.,-8.));
#7338 = VECTOR('',#7339,1.);
#7339 = DIRECTION('',(1.,0.));
#7340 = ( GEOMETRIC_REPRESENTATION_CONTEXT(2) 
PARAMETRIC_REPRESENTATION_CONTEXT() REPRESENTATION_CONTEXT('2D SPACE',''
  ) );
#7341 = PCURVE('',#4245,#7342);
#7342 = DEFINITIONAL_REPRESENTATION('',(#7343),#7347);
#7343 = LINE('',#7344,#7345);
#7344 = CARTESIAN_POINT('',(-9.716481537989,12.449873862472));
#7345 = VECTOR('',#7346,1.);
#7346 = DIRECTION('',(0.277933205373,-0.960600402535));
#7347 = ( GEOMETRIC_REPRESENTATION_CONTEXT(2) 
PARAMETRIC_REPRESENTATION_CONTEXT() REPRESENTATION_CONTEXT('2D SPACE',''
  ) );
#7348 = ORIENTED_EDGE('',*,*,#4360,.F.);
#7349 = ORIENTED_EDGE('',*,*,#4440,.F.);
#7350 = ORIENTED_EDGE('',*,*,#7351,.T.);
#7351 = EDGE_CURVE('',#4441,#3822,#7352,.T.);
#7352 = SURFACE_CURVE('',#7353,(#7357,#7364),.PCURVE_S1.);
#7353 = LINE('',#7354,#7355);
#7354 = CARTESIAN_POINT('',(28.523625250873,-21.80373368365,119.2));
#7355 = VECTOR('',#7356,1.);
#7356 = DIRECTION('',(0.415005179923,0.909819048293,0.));
#7357 = PCURVE('',#3877,#7358);
#7358 = DEFINITIONAL_REPRESENTATION('',(#7359),#7363);
#7359 = LINE('',#7360,#7361);
#7360 = CARTESIAN_POINT('',(28.783894278753,-8.));
#7361 = VECTOR('',#7362,1.);
#7362 = DIRECTION('',(0.,1.));
#7363 = ( GEOMETRIC_REPRESENTATION_CONTEXT(2) 
PARAMETRIC_REPRESENTATION_CONTEXT() REPRESENTATION_CONTEXT('2D SPACE',''
  ) );
#7364 = PCURVE('',#3836,#7365);
#7365 = DEFINITIONAL_REPRESENTATION('',(#7366),#7370);
#7366 = LINE('',#7367,#7368);
#7367 = CARTESIAN_POINT('',(0.,-8.));
#7368 = VECTOR('',#7369,1.);
#7369 = DIRECTION('',(0.,1.));
#7370 = ( GEOMETRIC_REPRESENTATION_CONTEXT(2) 
PARAMETRIC_REPRESENTATION_CONTEXT() REPRESENTATION_CONTEXT('2D SPACE',''
  ) );
#7371 = ORIENTED_EDGE('',*,*,#3847,.F.);
#7372 = ORIENTED_EDGE('',*,*,#7226,.F.);
#7373 = ADVANCED_FACE('',(#7374),#3836,.F.);
#7374 = FACE_BOUND('',#7375,.F.);
#7375 = EDGE_LOOP('',(#7376,#7377,#7378,#7379));
#7376 = ORIENTED_EDGE('',*,*,#3821,.F.);
#7377 = ORIENTED_EDGE('',*,*,#7351,.F.);
#7378 = ORIENTED_EDGE('',*,*,#4477,.T.);
#7379 = ORIENTED_EDGE('',*,*,#4169,.T.);
#7380 = ADVANCED_FACE('',(#7381),#4059,.T.);
#7381 = FACE_BOUND('',#7382,.F.);
#7382 = EDGE_LOOP('',(#7383,#7384,#7385,#7405));
#7383 = ORIENTED_EDGE('',*,*,#7204,.F.);
#7384 = ORIENTED_EDGE('',*,*,#4044,.F.);
#7385 = ORIENTED_EDGE('',*,*,#7386,.T.);
#7386 = EDGE_CURVE('',#4021,#7287,#7387,.T.);
#7387 = SURFACE_CURVE('',#7388,(#7392,#7398),.PCURVE_S1.);
#7388 = LINE('',#7389,#7390);
#7389 = CARTESIAN_POINT('',(53.679958560615,-33.27855238634,111.2));
#7390 = VECTOR('',#7391,1.);
#7391 = DIRECTION('',(0.,0.,1.));
#7392 = PCURVE('',#4059,#7393);
#7393 = DEFINITIONAL_REPRESENTATION('',(#7394),#7397);
#7394 = B_SPLINE_CURVE_WITH_KNOTS('',1,(#7395,#7396),.UNSPECIFIED.,.F.,
  .F.,(2,2),(0.,16.),.PIECEWISE_BEZIER_KNOTS.);
#7395 = CARTESIAN_POINT('',(-4.284440484063,0.));
#7396 = CARTESIAN_POINT('',(-4.284440484063,-16.));
#7397 = ( GEOMETRIC_REPRESENTATION_CONTEXT(2) 
PARAMETRIC_REPRESENTATION_CONTEXT() REPRESENTATION_CONTEXT('2D SPACE',''
  ) );
#7398 = PCURVE('',#4245,#7399);
#7399 = DEFINITIONAL_REPRESENTATION('',(#7400),#7404);
#7400 = LINE('',#7401,#7402);
#7401 = CARTESIAN_POINT('',(6.283518462011,12.449873862472));
#7402 = VECTOR('',#7403,1.);
#7403 = DIRECTION('',(-1.,0.));
#7404 = ( GEOMETRIC_REPRESENTATION_CONTEXT(2) 
PARAMETRIC_REPRESENTATION_CONTEXT() REPRESENTATION_CONTEXT('2D SPACE',''
  ) );
#7405 = ORIENTED_EDGE('',*,*,#7406,.F.);
#7406 = EDGE_CURVE('',#7205,#7287,#7407,.T.);
#7407 = SURFACE_CURVE('',#7408,(#7413,#7420),.PCURVE_S1.);
#7408 = CIRCLE('',#7409,8.);
#7409 = AXIS2_PLACEMENT_3D('',#7410,#7411,#7412);
#7410 = CARTESIAN_POINT('',(57.,-26.,127.2));
#7411 = DIRECTION('',(0.,0.,-1.));
#7412 = DIRECTION('',(0.415005179923,0.909819048293,0.));
#7413 = PCURVE('',#4059,#7414);
#7414 = DEFINITIONAL_REPRESENTATION('',(#7415),#7419);
#7415 = LINE('',#7416,#7417);
#7416 = CARTESIAN_POINT('',(-7.426033137653,-16.));
#7417 = VECTOR('',#7418,1.);
#7418 = DIRECTION('',(1.,-0.));
#7419 = ( GEOMETRIC_REPRESENTATION_CONTEXT(2) 
PARAMETRIC_REPRESENTATION_CONTEXT() REPRESENTATION_CONTEXT('2D SPACE',''
  ) );
#7420 = PCURVE('',#7421,#7426);
#7421 = PLANE('',#7422);
#7422 = AXIS2_PLACEMENT_3D('',#7423,#7424,#7425);
#7423 = CARTESIAN_POINT('',(57.,-52.,127.2));
#7424 = DIRECTION('',(0.,0.,1.));
#7425 = DIRECTION('',(1.,0.,0.));
#7426 = DEFINITIONAL_REPRESENTATION('',(#7427),#7435);
#7427 = ( BOUNDED_CURVE() B_SPLINE_CURVE(2,(#7428,#7429,#7430,#7431,
#7432,#7433,#7434),.UNSPECIFIED.,.T.,.F.) B_SPLINE_CURVE_WITH_KNOTS((1,2
    ,2,2,2,1),(-2.094395102393,0.,2.094395102393,4.188790204786,
6.28318530718,8.377580409573),.UNSPECIFIED.) CURVE() 
GEOMETRIC_REPRESENTATION_ITEM() RATIONAL_B_SPLINE_CURVE((1.,0.5,1.,0.5,
1.,0.5,1.)) REPRESENTATION_ITEM('') );
#7428 = CARTESIAN_POINT('',(3.320041439385,33.278552386345));
#7429 = CARTESIAN_POINT('',(15.926863978086,27.528071930095));
#7430 = CARTESIAN_POINT('',(4.643390549658,19.485483578703));
#7431 = CARTESIAN_POINT('',(-6.640082878771,11.442895227311));
#7432 = CARTESIAN_POINT('',(-7.963431989043,25.235964034952));
#7433 = CARTESIAN_POINT('',(-9.286781099315,39.029032842594));
#7434 = CARTESIAN_POINT('',(3.320041439385,33.278552386345));
#7435 = ( GEOMETRIC_REPRESENTATION_CONTEXT(2) 
PARAMETRIC_REPRESENTATION_CONTEXT() REPRESENTATION_CONTEXT('2D SPACE',''
  ) );
#7436 = ADVANCED_FACE('',(#7437),#4245,.T.);
#7437 = FACE_BOUND('',#7438,.T.);
#7438 = EDGE_LOOP('',(#7439,#7460,#7461,#7462,#7463,#7464));
#7439 = ORIENTED_EDGE('',*,*,#7440,.F.);
#7440 = EDGE_CURVE('',#4196,#7441,#7443,.T.);
#7441 = VERTEX_POINT('',#7442);
#7442 = CARTESIAN_POINT('',(43.017079136785,-28.41478282459,
    122.2230872809));
#7443 = SURFACE_CURVE('',#7444,(#7448,#7454),.PCURVE_S1.);
#7444 = LINE('',#7445,#7446);
#7445 = CARTESIAN_POINT('',(43.017079136785,-28.41478282459,
    117.43580634226));
#7446 = VECTOR('',#7447,1.);
#7447 = DIRECTION('',(0.,0.,1.));
#7448 = PCURVE('',#4245,#7449);
#7449 = DEFINITIONAL_REPRESENTATION('',(#7450),#7453);
#7450 = B_SPLINE_CURVE_WITH_KNOTS('',1,(#7451,#7452),.UNSPECIFIED.,.F.,
  .F.,(2,2),(-6.235806342269,9.764193657731),.PIECEWISE_BEZIER_KNOTS.);
#7451 = CARTESIAN_POINT('',(6.283518462011,0.730093490942));
#7452 = CARTESIAN_POINT('',(-9.716481537989,0.730093490942));
#7453 = ( GEOMETRIC_REPRESENTATION_CONTEXT(2) 
PARAMETRIC_REPRESENTATION_CONTEXT() REPRESENTATION_CONTEXT('2D SPACE',''
  ) );
#7454 = PCURVE('',#4626,#7455);
#7455 = DEFINITIONAL_REPRESENTATION('',(#7456),#7459);
#7456 = B_SPLINE_CURVE_WITH_KNOTS('',1,(#7457,#7458),.UNSPECIFIED.,.F.,
  .F.,(2,2),(-6.235806342269,9.764193657731),.PIECEWISE_BEZIER_KNOTS.);
#7457 = CARTESIAN_POINT('',(6.188094222526,-6.693896744338));
#7458 = CARTESIAN_POINT('',(-9.811905777474,-6.693896744338));
#7459 = ( GEOMETRIC_REPRESENTATION_CONTEXT(2) 
PARAMETRIC_REPRESENTATION_CONTEXT() REPRESENTATION_CONTEXT('2D SPACE',''
  ) );
#7460 = ORIENTED_EDGE('',*,*,#4231,.T.);
#7461 = ORIENTED_EDGE('',*,*,#7386,.T.);
#7462 = ORIENTED_EDGE('',*,*,#7328,.T.);
#7463 = ORIENTED_EDGE('',*,*,#4339,.T.);
#7464 = ORIENTED_EDGE('',*,*,#7465,.F.);
#7465 = EDGE_CURVE('',#7441,#4291,#7466,.T.);
#7466 = SURFACE_CURVE('',#7467,(#7471,#7477),.PCURVE_S1.);
#7467 = LINE('',#7468,#7469);
#7468 = CARTESIAN_POINT('',(52.630751097748,-32.79996652609,
    124.13176477869));
#7469 = VECTOR('',#7470,1.);
#7470 = DIRECTION('',(-0.895329677364,0.408395993184,-0.177756804604));
#7471 = PCURVE('',#4245,#7472);
#7472 = DEFINITIONAL_REPRESENTATION('',(#7473),#7476);
#7473 = B_SPLINE_CURVE_WITH_KNOTS('',1,(#7474,#7475),.UNSPECIFIED.,.F.,
  .F.,(2,2),(10.737577681183,26.925418040261),.PIECEWISE_BEZIER_KNOTS.);
#7474 = CARTESIAN_POINT('',(-4.73956881889,0.730093490942));
#7475 = CARTESIAN_POINT('',(-1.862070043218,-15.19994656823));
#7476 = ( GEOMETRIC_REPRESENTATION_CONTEXT(2) 
PARAMETRIC_REPRESENTATION_CONTEXT() REPRESENTATION_CONTEXT('2D SPACE',''
  ) );
#7477 = PCURVE('',#4327,#7478);
#7478 = DEFINITIONAL_REPRESENTATION('',(#7479),#7482);
#7479 = B_SPLINE_CURVE_WITH_KNOTS('',1,(#7480,#7481),.UNSPECIFIED.,.F.,
  .F.,(2,2),(10.737577681183,26.925418040261),.PIECEWISE_BEZIER_KNOTS.);
#7480 = CARTESIAN_POINT('',(26.693710968904,8.));
#7481 = CARTESIAN_POINT('',(42.12719854774,3.115981506495));
#7482 = ( GEOMETRIC_REPRESENTATION_CONTEXT(2) 
PARAMETRIC_REPRESENTATION_CONTEXT() REPRESENTATION_CONTEXT('2D SPACE',''
  ) );
#7483 = ADVANCED_FACE('',(#7484),#4279,.F.);
#7484 = FACE_BOUND('',#7485,.F.);
#7485 = EDGE_LOOP('',(#7486,#7487,#7510,#7535,#7536));
#7486 = ORIENTED_EDGE('',*,*,#4262,.F.);
#7487 = ORIENTED_EDGE('',*,*,#7488,.F.);
#7488 = EDGE_CURVE('',#7489,#4263,#7491,.T.);
#7489 = VERTEX_POINT('',#7490);
#7490 = CARTESIAN_POINT('',(22.351957408692,-27.43052816228,119.2));
#7491 = SURFACE_CURVE('',#7492,(#7496,#7503),.PCURVE_S1.);
#7492 = LINE('',#7493,#7494);
#7493 = CARTESIAN_POINT('',(20.465114967261,-29.49879776154,119.2));
#7494 = VECTOR('',#7495,1.);
#7495 = DIRECTION('',(0.673961987522,0.738766024784,0.));
#7496 = PCURVE('',#4279,#7497);
#7497 = DEFINITIONAL_REPRESENTATION('',(#7498),#7502);
#7498 = LINE('',#7499,#7500);
#7499 = CARTESIAN_POINT('',(0.,-8.));
#7500 = VECTOR('',#7501,1.);
#7501 = DIRECTION('',(0.,1.));
#7502 = ( GEOMETRIC_REPRESENTATION_CONTEXT(2) 
PARAMETRIC_REPRESENTATION_CONTEXT() REPRESENTATION_CONTEXT('2D SPACE',''
  ) );
#7503 = PCURVE('',#4327,#7504);
#7504 = DEFINITIONAL_REPRESENTATION('',(#7505),#7509);
#7505 = LINE('',#7506,#7507);
#7506 = CARTESIAN_POINT('',(42.908063653946,-8.));
#7507 = VECTOR('',#7508,1.);
#7508 = DIRECTION('',(0.,1.));
#7509 = ( GEOMETRIC_REPRESENTATION_CONTEXT(2) 
PARAMETRIC_REPRESENTATION_CONTEXT() REPRESENTATION_CONTEXT('2D SPACE',''
  ) );
#7510 = ORIENTED_EDGE('',*,*,#7511,.F.);
#7511 = EDGE_CURVE('',#4989,#7489,#7512,.T.);
#7512 = SURFACE_CURVE('',#7513,(#7518,#7525),.PCURVE_S1.);
#7513 = ELLIPSE('',#7514,82.348857988331,55.5);
#7514 = AXIS2_PLACEMENT_3D('',#7515,#7516,#7517);
#7515 = CARTESIAN_POINT('',(0.,-51.93171224489,170.));
#7516 = DIRECTION('',(0.738766024784,-0.673961987522,0.));
#7517 = DIRECTION('',(-0.673961987522,-0.738766024784,0.));
#7518 = PCURVE('',#4279,#7519);
#7519 = DEFINITIONAL_REPRESENTATION('',(#7520),#7524);
#7520 = ELLIPSE('',#7521,82.348857988331,55.5);
#7521 = AXIS2_PLACEMENT_2D('',#7522,#7523);
#7522 = CARTESIAN_POINT('',(-50.8,-38.36538461538));
#7523 = DIRECTION('',(-0.,-1.));
#7524 = ( GEOMETRIC_REPRESENTATION_CONTEXT(2) 
PARAMETRIC_REPRESENTATION_CONTEXT() REPRESENTATION_CONTEXT('2D SPACE',''
  ) );
#7525 = PCURVE('',#5128,#7526);
#7526 = DEFINITIONAL_REPRESENTATION('',(#7527),#7534);
#7527 = B_SPLINE_CURVE_WITH_KNOTS('',5,(#7528,#7529,#7530,#7531,#7532,
    #7533),.UNSPECIFIED.,.F.,.F.,(6,6),(1.961035182199,2.019751899797),
  .PIECEWISE_BEZIER_KNOTS.);
#7528 = CARTESIAN_POINT('',(-1.180557471391,-77.21107421375));
#7529 = CARTESIAN_POINT('',(-1.168814127872,-77.8717868901));
#7530 = CARTESIAN_POINT('',(-1.157070784352,-78.52851015171));
#7531 = CARTESIAN_POINT('',(-1.145327440832,-79.18105417271));
#7532 = CARTESIAN_POINT('',(-1.133584097313,-79.82923142048));
#7533 = CARTESIAN_POINT('',(-1.121840753793,-80.47285697877));
#7534 = ( GEOMETRIC_REPRESENTATION_CONTEXT(2) 
PARAMETRIC_REPRESENTATION_CONTEXT() REPRESENTATION_CONTEXT('2D SPACE',''
  ) );
#7535 = ORIENTED_EDGE('',*,*,#5202,.T.);
#7536 = ORIENTED_EDGE('',*,*,#4766,.T.);
#7537 = ADVANCED_FACE('',(#7538),#4327,.F.);
#7538 = FACE_BOUND('',#7539,.F.);
#7539 = EDGE_LOOP('',(#7540,#7582,#7605,#7637,#7663,#7684,#7685,#7686,
    #7711,#7712,#7713,#7714));
#7540 = ORIENTED_EDGE('',*,*,#7541,.F.);
#7541 = EDGE_CURVE('',#7542,#7544,#7546,.T.);
#7542 = VERTEX_POINT('',#7543);
#7543 = CARTESIAN_POINT('',(51.608304099822,-57.91012819827,127.2));
#7544 = VERTEX_POINT('',#7545);
#7545 = CARTESIAN_POINT('',(62.391695900178,-46.08987180172,127.2));
#7546 = SURFACE_CURVE('',#7547,(#7552,#7559),.PCURVE_S1.);
#7547 = ELLIPSE('',#7548,8.142780620668,8.);
#7548 = AXIS2_PLACEMENT_3D('',#7549,#7550,#7551);
#7549 = CARTESIAN_POINT('',(57.,-52.,127.2));
#7550 = DIRECTION('',(0.137739336036,-0.125656938138,-0.982465373032));
#7551 = DIRECTION('',(-0.725812038123,0.66214431548,-0.186445141513));
#7552 = PCURVE('',#4327,#7553);
#7553 = DEFINITIONAL_REPRESENTATION('',(#7554),#7558);
#7554 = ELLIPSE('',#7555,8.142780620668,8.);
#7555 = AXIS2_PLACEMENT_2D('',#7556,#7557);
#7556 = CARTESIAN_POINT('',(9.862023046045E-15,4.604603792426E-16));
#7557 = DIRECTION('',(1.,4.844955271411E-17));
#7558 = ( GEOMETRIC_REPRESENTATION_CONTEXT(2) 
PARAMETRIC_REPRESENTATION_CONTEXT() REPRESENTATION_CONTEXT('2D SPACE',''
  ) );
#7559 = PCURVE('',#7560,#7565);
#7560 = CYLINDRICAL_SURFACE('',#7561,8.);
#7561 = AXIS2_PLACEMENT_3D('',#7562,#7563,#7564);
#7562 = CARTESIAN_POINT('',(57.,-52.,111.2));
#7563 = DIRECTION('',(-0.,-0.,-1.));
#7564 = DIRECTION('',(1.,0.,0.));
#7565 = DEFINITIONAL_REPRESENTATION('',(#7566),#7581);
#7566 = B_SPLINE_CURVE_WITH_KNOTS('',7,(#7567,#7568,#7569,#7570,#7571,
    #7572,#7573,#7574,#7575,#7576,#7577,#7578,#7579,#7580),
  .UNSPECIFIED.,.F.,.F.,(8,6,8),(4.712388585175,6.28318530718,
    7.853982029184),.UNSPECIFIED.);
#7567 = CARTESIAN_POINT('',(-3.972830638078,-16.0000006));
#7568 = CARTESIAN_POINT('',(-3.748431106363,-15.65932129591));
#7569 = CARTESIAN_POINT('',(-3.524031574648,-15.31864333995));
#7570 = CARTESIAN_POINT('',(-3.299632042935,-15.005975488));
#7571 = CARTESIAN_POINT('',(-3.075232511217,-14.74937882246));
#7572 = CARTESIAN_POINT('',(-2.850832979504,-14.57100933028));
#7573 = CARTESIAN_POINT('',(-2.626433447788,-14.48181811487));
#7574 = CARTESIAN_POINT('',(-2.177634384359,-14.48181811487));
#7575 = CARTESIAN_POINT('',(-1.953234852644,-14.57100933028));
#7576 = CARTESIAN_POINT('',(-1.728835320928,-14.74937882245));
#7577 = CARTESIAN_POINT('',(-1.504435789214,-15.00597548801));
#7578 = CARTESIAN_POINT('',(-1.280036257499,-15.31864333994));
#7579 = CARTESIAN_POINT('',(-1.055636725784,-15.65932129591));
#7580 = CARTESIAN_POINT('',(-0.831237194069,-16.0000006));
#7581 = ( GEOMETRIC_REPRESENTATION_CONTEXT(2) 
PARAMETRIC_REPRESENTATION_CONTEXT() REPRESENTATION_CONTEXT('2D SPACE',''
  ) );
#7582 = ORIENTED_EDGE('',*,*,#7583,.T.);
#7583 = EDGE_CURVE('',#7542,#7584,#7586,.T.);
#7584 = VERTEX_POINT('',#7585);
#7585 = CARTESIAN_POINT('',(47.23276383981,-53.91840725931,
    126.07601998847));
#7586 = SURFACE_CURVE('',#7587,(#7591,#7598),.PCURVE_S1.);
#7587 = LINE('',#7588,#7589);
#7588 = CARTESIAN_POINT('',(51.608304099822,-57.91012819827,127.2));
#7589 = VECTOR('',#7590,1.);
#7590 = DIRECTION('',(-0.725812038123,0.66214431548,-0.186445141513));
#7591 = PCURVE('',#4327,#7592);
#7592 = DEFINITIONAL_REPRESENTATION('',(#7593),#7597);
#7593 = LINE('',#7594,#7595);
#7594 = CARTESIAN_POINT('',(-0.,-8.));
#7595 = VECTOR('',#7596,1.);
#7596 = DIRECTION('',(1.,0.));
#7597 = ( GEOMETRIC_REPRESENTATION_CONTEXT(2) 
PARAMETRIC_REPRESENTATION_CONTEXT() REPRESENTATION_CONTEXT('2D SPACE',''
  ) );
#7598 = PCURVE('',#4863,#7599);
#7599 = DEFINITIONAL_REPRESENTATION('',(#7600),#7604);
#7600 = LINE('',#7601,#7602);
#7601 = CARTESIAN_POINT('',(-9.811905777474,19.531749960326));
#7602 = VECTOR('',#7603,1.);
#7603 = DIRECTION('',(0.186445141513,-0.982465373032));
#7604 = ( GEOMETRIC_REPRESENTATION_CONTEXT(2) 
PARAMETRIC_REPRESENTATION_CONTEXT() REPRESENTATION_CONTEXT('2D SPACE',''
  ) );
#7605 = ORIENTED_EDGE('',*,*,#7606,.F.);
#7606 = EDGE_CURVE('',#7607,#7584,#7609,.T.);
#7607 = VERTEX_POINT('',#7608);
#7608 = CARTESIAN_POINT('',(46.001700200306,-45.2,124.78834687073));
#7609 = SURFACE_CURVE('',#7610,(#7615,#7622),.PCURVE_S1.);
#7610 = ELLIPSE('',#7611,513.30233694899,64.5);
#7611 = AXIS2_PLACEMENT_3D('',#7612,#7613,#7614);
#7612 = CARTESIAN_POINT('',(0.,-449.1182241052,170.));
#7613 = DIRECTION('',(0.137739336036,-0.125656938138,-0.982465373032));
#7614 = DIRECTION('',(-1.744618598467E-02,-0.992073754263,0.124439932083
    ));
#7615 = PCURVE('',#4327,#7616);
#7616 = DEFINITIONAL_REPRESENTATION('',(#7617),#7621);
#7617 = ELLIPSE('',#7618,513.30233694899,64.5);
#7618 = AXIS2_PLACEMENT_2D('',#7619,#7620);
#7619 = CARTESIAN_POINT('',(-229.5581405486,-331.7932850802));
#7620 = DIRECTION('',(-0.667434565862,-0.74466844991));
#7621 = ( GEOMETRIC_REPRESENTATION_CONTEXT(2) 
PARAMETRIC_REPRESENTATION_CONTEXT() REPRESENTATION_CONTEXT('2D SPACE',''
  ) );
#7622 = PCURVE('',#7623,#7628);
#7623 = CYLINDRICAL_SURFACE('',#7624,64.5);
#7624 = AXIS2_PLACEMENT_3D('',#7625,#7626,#7627);
#7625 = CARTESIAN_POINT('',(0.,-60.2,170.));
#7626 = DIRECTION('',(-0.,-1.,0.));
#7627 = DIRECTION('',(1.,0.,0.));
#7628 = DEFINITIONAL_REPRESENTATION('',(#7629),#7636);
#7629 = B_SPLINE_CURVE_WITH_KNOTS('',5,(#7630,#7631,#7632,#7633,#7634,
    #7635),.UNSPECIFIED.,.F.,.F.,(6,6),(3.796362340808,3.831642439218),
  .PIECEWISE_BEZIER_KNOTS.);
#7630 = CARTESIAN_POINT('',(-0.776736853297,-15.0000006));
#7631 = CARTESIAN_POINT('',(-0.769680833615,-12.81184815698));
#7632 = CARTESIAN_POINT('',(-0.762624813933,-10.59855815926));
#7633 = CARTESIAN_POINT('',(-0.755568794251,-8.360357570141));
#7634 = CARTESIAN_POINT('',(-0.748512774569,-6.097478568305));
#7635 = CARTESIAN_POINT('',(-0.741456754887,-3.810158403402));
#7636 = ( GEOMETRIC_REPRESENTATION_CONTEXT(2) 
PARAMETRIC_REPRESENTATION_CONTEXT() REPRESENTATION_CONTEXT('2D SPACE',''
  ) );
#7637 = ORIENTED_EDGE('',*,*,#7638,.F.);
#7638 = EDGE_CURVE('',#7639,#7607,#7641,.T.);
#7639 = VERTEX_POINT('',#7640);
#7640 = CARTESIAN_POINT('',(37.676048190178,-45.2,123.62111002817));
#7641 = SURFACE_CURVE('',#7642,(#7646,#7652),.PCURVE_S1.);
#7642 = LINE('',#7643,#7644);
#7643 = CARTESIAN_POINT('',(32.111357771657,-45.2,122.84095351118));
#7644 = VECTOR('',#7645,1.);
#7645 = DIRECTION('',(0.990314851905,-0.,0.138839814524));
#7646 = PCURVE('',#4327,#7647);
#7647 = DEFINITIONAL_REPRESENTATION('',(#7648),#7651);
#7648 = B_SPLINE_CURVE_WITH_KNOTS('',1,(#7649,#7650),.UNSPECIFIED.,.F.,
  .F.,(2,2),(5.619112353832,29.591499788283),.PIECEWISE_BEZIER_KNOTS.);
#7649 = CARTESIAN_POINT('',(19.195404840189,-8.));
#7650 = CARTESIAN_POINT('',(1.343924248724,8.));
#7651 = ( GEOMETRIC_REPRESENTATION_CONTEXT(2) 
PARAMETRIC_REPRESENTATION_CONTEXT() REPRESENTATION_CONTEXT('2D SPACE',''
  ) );
#7652 = PCURVE('',#7653,#7658);
#7653 = PLANE('',#7654);
#7654 = AXIS2_PLACEMENT_3D('',#7655,#7656,#7657);
#7655 = CARTESIAN_POINT('',(-1.356839821434E-15,-45.2,170.));
#7656 = DIRECTION('',(0.,1.,0.));
#7657 = DIRECTION('',(1.,0.,0.));
#7658 = DEFINITIONAL_REPRESENTATION('',(#7659),#7662);
#7659 = B_SPLINE_CURVE_WITH_KNOTS('',1,(#7660,#7661),.UNSPECIFIED.,.F.,
  .F.,(2,2),(5.619112353832,29.591499788283),.PIECEWISE_BEZIER_KNOTS.);
#7660 = CARTESIAN_POINT('',(37.676048190178,46.378889971824));
#7661 = CARTESIAN_POINT('',(61.416259502129,43.050568146736));
#7662 = ( GEOMETRIC_REPRESENTATION_CONTEXT(2) 
PARAMETRIC_REPRESENTATION_CONTEXT() REPRESENTATION_CONTEXT('2D SPACE',''
  ) );
#7663 = ORIENTED_EDGE('',*,*,#7664,.T.);
#7664 = EDGE_CURVE('',#7639,#4847,#7665,.T.);
#7665 = SURFACE_CURVE('',#7666,(#7670,#7677),.PCURVE_S1.);
#7666 = LINE('',#7667,#7668);
#7667 = CARTESIAN_POINT('',(51.608304099822,-57.91012819827,127.2));
#7668 = VECTOR('',#7669,1.);
#7669 = DIRECTION('',(-0.725812038123,0.66214431548,-0.186445141513));
#7670 = PCURVE('',#4327,#7671);
#7671 = DEFINITIONAL_REPRESENTATION('',(#7672),#7676);
#7672 = LINE('',#7673,#7674);
#7673 = CARTESIAN_POINT('',(-0.,-8.));
#7674 = VECTOR('',#7675,1.);
#7675 = DIRECTION('',(1.,0.));
#7676 = ( GEOMETRIC_REPRESENTATION_CONTEXT(2) 
PARAMETRIC_REPRESENTATION_CONTEXT() REPRESENTATION_CONTEXT('2D SPACE',''
  ) );
#7677 = PCURVE('',#4863,#7678);
#7678 = DEFINITIONAL_REPRESENTATION('',(#7679),#7683);
#7679 = LINE('',#7680,#7681);
#7680 = CARTESIAN_POINT('',(-9.811905777474,19.531749960326));
#7681 = VECTOR('',#7682,1.);
#7682 = DIRECTION('',(0.186445141513,-0.982465373032));
#7683 = ( GEOMETRIC_REPRESENTATION_CONTEXT(2) 
PARAMETRIC_REPRESENTATION_CONTEXT() REPRESENTATION_CONTEXT('2D SPACE',''
  ) );
#7684 = ORIENTED_EDGE('',*,*,#4874,.F.);
#7685 = ORIENTED_EDGE('',*,*,#4953,.F.);
#7686 = ORIENTED_EDGE('',*,*,#7687,.F.);
#7687 = EDGE_CURVE('',#7489,#4954,#7688,.T.);
#7688 = SURFACE_CURVE('',#7689,(#7694,#7701),.PCURVE_S1.);
#7689 = ELLIPSE('',#7690,441.67875504913,55.5);
#7690 = AXIS2_PLACEMENT_3D('',#7691,#7692,#7693);
#7691 = CARTESIAN_POINT('',(0.,-449.1182241052,170.));
#7692 = DIRECTION('',(0.137739336036,-0.125656938138,-0.982465373032));
#7693 = DIRECTION('',(-1.744618598467E-02,-0.992073754263,0.124439932083
    ));
#7694 = PCURVE('',#4327,#7695);
#7695 = DEFINITIONAL_REPRESENTATION('',(#7696),#7700);
#7696 = ELLIPSE('',#7697,441.67875504913,55.5);
#7697 = AXIS2_PLACEMENT_2D('',#7698,#7699);
#7698 = CARTESIAN_POINT('',(-229.5581405486,-331.7932850802));
#7699 = DIRECTION('',(-0.667434565862,-0.74466844991));
#7700 = ( GEOMETRIC_REPRESENTATION_CONTEXT(2) 
PARAMETRIC_REPRESENTATION_CONTEXT() REPRESENTATION_CONTEXT('2D SPACE',''
  ) );
#7701 = PCURVE('',#5128,#7702);
#7702 = DEFINITIONAL_REPRESENTATION('',(#7703),#7710);
#7703 = B_SPLINE_CURVE_WITH_KNOTS('',5,(#7704,#7705,#7706,#7707,#7708,
    #7709),.UNSPECIFIED.,.F.,.F.,(6,6),(3.379420977166,3.484727446026),
  .PIECEWISE_BEZIER_KNOTS.);
#7704 = CARTESIAN_POINT('',(-1.193678216939,-82.72579997271));
#7705 = CARTESIAN_POINT('',(-1.172616923167,-80.55161130759));
#7706 = CARTESIAN_POINT('',(-1.151555629395,-78.14130380851));
#7707 = CARTESIAN_POINT('',(-1.130494335623,-75.49688657432));
#7708 = CARTESIAN_POINT('',(-1.109433041851,-72.62080562257));
#7709 = CARTESIAN_POINT('',(-1.088371748079,-69.51593034781));
#7710 = ( GEOMETRIC_REPRESENTATION_CONTEXT(2) 
PARAMETRIC_REPRESENTATION_CONTEXT() REPRESENTATION_CONTEXT('2D SPACE',''
  ) );
#7711 = ORIENTED_EDGE('',*,*,#7488,.T.);
#7712 = ORIENTED_EDGE('',*,*,#4290,.F.);
#7713 = ORIENTED_EDGE('',*,*,#7465,.F.);
#7714 = ORIENTED_EDGE('',*,*,#7715,.F.);
#7715 = EDGE_CURVE('',#7544,#7441,#7716,.T.);
#7716 = SURFACE_CURVE('',#7717,(#7721,#7728),.PCURVE_S1.);
#7717 = LINE('',#7718,#7719);
#7718 = CARTESIAN_POINT('',(62.391695900178,-46.08987180172,127.2));
#7719 = VECTOR('',#7720,1.);
#7720 = DIRECTION('',(-0.725812038123,0.66214431548,-0.186445141513));
#7721 = PCURVE('',#4327,#7722);
#7722 = DEFINITIONAL_REPRESENTATION('',(#7723),#7727);
#7723 = LINE('',#7724,#7725);
#7724 = CARTESIAN_POINT('',(0.,8.));
#7725 = VECTOR('',#7726,1.);
#7726 = DIRECTION('',(1.,0.));
#7727 = ( GEOMETRIC_REPRESENTATION_CONTEXT(2) 
PARAMETRIC_REPRESENTATION_CONTEXT() REPRESENTATION_CONTEXT('2D SPACE',''
  ) );
#7728 = PCURVE('',#4626,#7729);
#7729 = DEFINITIONAL_REPRESENTATION('',(#7730),#7734);
#7730 = LINE('',#7731,#7732);
#7731 = CARTESIAN_POINT('',(-9.811905777474,19.531749960326));
#7732 = VECTOR('',#7733,1.);
#7733 = DIRECTION('',(0.186445141513,-0.982465373032));
#7734 = ( GEOMETRIC_REPRESENTATION_CONTEXT(2) 
PARAMETRIC_REPRESENTATION_CONTEXT() REPRESENTATION_CONTEXT('2D SPACE',''
  ) );
#7735 = ADVANCED_FACE('',(#7736,#7739),#4427,.T.);
#7736 = FACE_BOUND('',#7737,.T.);
#7737 = EDGE_LOOP('',(#7738));
#7738 = ORIENTED_EDGE('',*,*,#4412,.T.);
#7739 = FACE_BOUND('',#7740,.T.);
#7740 = EDGE_LOOP('',(#7741));
#7741 = ORIENTED_EDGE('',*,*,#7742,.T.);
#7742 = EDGE_CURVE('',#7743,#7743,#7745,.T.);
#7743 = VERTEX_POINT('',#7744);
#7744 = CARTESIAN_POINT('',(34.2983893,-21.3342623,109.2));
#7745 = SURFACE_CURVE('',#7746,(#7751,#7762),.PCURVE_S1.);
#7746 = CIRCLE('',#7747,2.25);
#7747 = AXIS2_PLACEMENT_3D('',#7748,#7749,#7750);
#7748 = CARTESIAN_POINT('',(32.0483893,-21.3342623,109.2));
#7749 = DIRECTION('',(0.,0.,-1.));
#7750 = DIRECTION('',(1.,0.,0.));
#7751 = PCURVE('',#4427,#7752);
#7752 = DEFINITIONAL_REPRESENTATION('',(#7753),#7761);
#7753 = ( BOUNDED_CURVE() B_SPLINE_CURVE(2,(#7754,#7755,#7756,#7757,
#7758,#7759,#7760),.UNSPECIFIED.,.T.,.F.) B_SPLINE_CURVE_WITH_KNOTS((1,2
    ,2,2,2,1),(-2.094395102393,0.,2.094395102393,4.188790204786,
6.28318530718,8.377580409573),.UNSPECIFIED.) CURVE() 
GEOMETRIC_REPRESENTATION_ITEM() RATIONAL_B_SPLINE_CURVE((1.,0.5,1.,0.5,
1.,0.5,1.)) REPRESENTATION_ITEM('') );
#7754 = CARTESIAN_POINT('',(-3.4488456,-28.9102941));
#7755 = CARTESIAN_POINT('',(-3.4488456,-32.80740841703));
#7756 = CARTESIAN_POINT('',(-6.8238456,-30.85885125851));
#7757 = CARTESIAN_POINT('',(-10.1988456,-28.9102941));
#7758 = CARTESIAN_POINT('',(-6.8238456,-26.96173694148));
#7759 = CARTESIAN_POINT('',(-3.4488456,-25.01317978297));
#7760 = CARTESIAN_POINT('',(-3.4488456,-28.9102941));
#7761 = ( GEOMETRIC_REPRESENTATION_CONTEXT(2) 
PARAMETRIC_REPRESENTATION_CONTEXT() REPRESENTATION_CONTEXT('2D SPACE',''
  ) );
#7762 = PCURVE('',#6404,#7763);
#7763 = DEFINITIONAL_REPRESENTATION('',(#7764),#7768);
#7764 = LINE('',#7765,#7766);
#7765 = CARTESIAN_POINT('',(-6.28318530718,-5.));
#7766 = VECTOR('',#7767,1.);
#7767 = DIRECTION('',(1.,-0.));
#7768 = ( GEOMETRIC_REPRESENTATION_CONTEXT(2) 
PARAMETRIC_REPRESENTATION_CONTEXT() REPRESENTATION_CONTEXT('2D SPACE',''
  ) );
#7769 = ADVANCED_FACE('',(#7770),#4626,.F.);
#7770 = FACE_BOUND('',#7771,.F.);
#7771 = EDGE_LOOP('',(#7772,#7773,#7774,#7794));
#7772 = ORIENTED_EDGE('',*,*,#7440,.F.);
#7773 = ORIENTED_EDGE('',*,*,#4610,.T.);
#7774 = ORIENTED_EDGE('',*,*,#7775,.T.);
#7775 = EDGE_CURVE('',#4611,#7544,#7776,.T.);
#7776 = SURFACE_CURVE('',#7777,(#7781,#7788),.PCURVE_S1.);
#7777 = LINE('',#7778,#7779);
#7778 = CARTESIAN_POINT('',(62.391695900178,-46.08987180172,111.2));
#7779 = VECTOR('',#7780,1.);
#7780 = DIRECTION('',(0.,0.,1.));
#7781 = PCURVE('',#4626,#7782);
#7782 = DEFINITIONAL_REPRESENTATION('',(#7783),#7787);
#7783 = LINE('',#7784,#7785);
#7784 = CARTESIAN_POINT('',(6.188094222526,19.531749960326));
#7785 = VECTOR('',#7786,1.);
#7786 = DIRECTION('',(-1.,0.));
#7787 = ( GEOMETRIC_REPRESENTATION_CONTEXT(2) 
PARAMETRIC_REPRESENTATION_CONTEXT() REPRESENTATION_CONTEXT('2D SPACE',''
  ) );
#7788 = PCURVE('',#4831,#7789);
#7789 = DEFINITIONAL_REPRESENTATION('',(#7790),#7793);
#7790 = B_SPLINE_CURVE_WITH_KNOTS('',1,(#7791,#7792),.UNSPECIFIED.,.F.,
  .F.,(2,2),(0.,16.),.PIECEWISE_BEZIER_KNOTS.);
#7791 = CARTESIAN_POINT('',(-7.114422896458,0.));
#7792 = CARTESIAN_POINT('',(-7.114422896458,-16.));
#7793 = ( GEOMETRIC_REPRESENTATION_CONTEXT(2) 
PARAMETRIC_REPRESENTATION_CONTEXT() REPRESENTATION_CONTEXT('2D SPACE',''
  ) );
#7794 = ORIENTED_EDGE('',*,*,#7715,.T.);
#7795 = ADVANCED_FACE('',(#7796),#4831,.T.);
#7796 = FACE_BOUND('',#7797,.F.);
#7797 = EDGE_LOOP('',(#7798,#7818,#7849,#7850));
#7798 = ORIENTED_EDGE('',*,*,#7799,.T.);
#7799 = EDGE_CURVE('',#4795,#7542,#7800,.T.);
#7800 = SURFACE_CURVE('',#7801,(#7805,#7811),.PCURVE_S1.);
#7801 = LINE('',#7802,#7803);
#7802 = CARTESIAN_POINT('',(51.608304099822,-57.91012819827,111.2));
#7803 = VECTOR('',#7804,1.);
#7804 = DIRECTION('',(0.,0.,1.));
#7805 = PCURVE('',#4831,#7806);
#7806 = DEFINITIONAL_REPRESENTATION('',(#7807),#7810);
#7807 = B_SPLINE_CURVE_WITH_KNOTS('',1,(#7808,#7809),.UNSPECIFIED.,.F.,
  .F.,(2,2),(0.,16.),.PIECEWISE_BEZIER_KNOTS.);
#7808 = CARTESIAN_POINT('',(-3.972830242868,0.));
#7809 = CARTESIAN_POINT('',(-3.972830242868,-16.));
#7810 = ( GEOMETRIC_REPRESENTATION_CONTEXT(2) 
PARAMETRIC_REPRESENTATION_CONTEXT() REPRESENTATION_CONTEXT('2D SPACE',''
  ) );
#7811 = PCURVE('',#4863,#7812);
#7812 = DEFINITIONAL_REPRESENTATION('',(#7813),#7817);
#7813 = LINE('',#7814,#7815);
#7814 = CARTESIAN_POINT('',(6.188094222526,19.531749960326));
#7815 = VECTOR('',#7816,1.);
#7816 = DIRECTION('',(-1.,0.));
#7817 = ( GEOMETRIC_REPRESENTATION_CONTEXT(2) 
PARAMETRIC_REPRESENTATION_CONTEXT() REPRESENTATION_CONTEXT('2D SPACE',''
  ) );
#7818 = ORIENTED_EDGE('',*,*,#7819,.F.);
#7819 = EDGE_CURVE('',#7544,#7542,#7820,.T.);
#7820 = SURFACE_CURVE('',#7821,(#7826,#7833),.PCURVE_S1.);
#7821 = CIRCLE('',#7822,8.);
#7822 = AXIS2_PLACEMENT_3D('',#7823,#7824,#7825);
#7823 = CARTESIAN_POINT('',(57.,-52.,127.2));
#7824 = DIRECTION('',(0.,0.,-1.));
#7825 = DIRECTION('',(0.673961987522,0.738766024784,0.));
#7826 = PCURVE('',#4831,#7827);
#7827 = DEFINITIONAL_REPRESENTATION('',(#7828),#7832);
#7828 = LINE('',#7829,#7830);
#7829 = CARTESIAN_POINT('',(-7.114422896458,-16.));
#7830 = VECTOR('',#7831,1.);
#7831 = DIRECTION('',(1.,-0.));
#7832 = ( GEOMETRIC_REPRESENTATION_CONTEXT(2) 
PARAMETRIC_REPRESENTATION_CONTEXT() REPRESENTATION_CONTEXT('2D SPACE',''
  ) );
#7833 = PCURVE('',#7834,#7839);
#7834 = PLANE('',#7835);
#7835 = AXIS2_PLACEMENT_3D('',#7836,#7837,#7838);
#7836 = CARTESIAN_POINT('',(57.,-52.,127.2));
#7837 = DIRECTION('',(0.,0.,1.));
#7838 = DIRECTION('',(1.,0.,0.));
#7839 = DEFINITIONAL_REPRESENTATION('',(#7840),#7848);
#7840 = ( BOUNDED_CURVE() B_SPLINE_CURVE(2,(#7841,#7842,#7843,#7844,
#7845,#7846,#7847),.UNSPECIFIED.,.T.,.F.) B_SPLINE_CURVE_WITH_KNOTS((1,2
    ,2,2,2,1),(-2.094395102393,0.,2.094395102393,4.188790204786,
6.28318530718,8.377580409573),.UNSPECIFIED.) CURVE() 
GEOMETRIC_REPRESENTATION_ITEM() RATIONAL_B_SPLINE_CURVE((1.,0.5,1.,0.5,
1.,0.5,1.)) REPRESENTATION_ITEM('') );
#7841 = CARTESIAN_POINT('',(5.391695900178,5.910128198272));
#7842 = CARTESIAN_POINT('',(15.62833821883,-3.428563039797));
#7843 = CARTESIAN_POINT('',(2.422473209237,-7.62440971817));
#7844 = CARTESIAN_POINT('',(-10.78339180035,-11.82025639654));
#7845 = CARTESIAN_POINT('',(-7.814169109415,1.714281519898));
#7846 = CARTESIAN_POINT('',(-4.844946418474,15.24881943634));
#7847 = CARTESIAN_POINT('',(5.391695900178,5.910128198272));
#7848 = ( GEOMETRIC_REPRESENTATION_CONTEXT(2) 
PARAMETRIC_REPRESENTATION_CONTEXT() REPRESENTATION_CONTEXT('2D SPACE',''
  ) );
#7849 = ORIENTED_EDGE('',*,*,#7775,.F.);
#7850 = ORIENTED_EDGE('',*,*,#4816,.T.);
#7851 = ADVANCED_FACE('',(#7852),#4863,.T.);
#7852 = FACE_BOUND('',#7853,.T.);
#7853 = EDGE_LOOP('',(#7854,#7855,#7856,#7883,#7902,#7903,#7904));
#7854 = ORIENTED_EDGE('',*,*,#7799,.T.);
#7855 = ORIENTED_EDGE('',*,*,#7583,.T.);
#7856 = ORIENTED_EDGE('',*,*,#7857,.F.);
#7857 = EDGE_CURVE('',#7858,#7584,#7860,.T.);
#7858 = VERTEX_POINT('',#7859);
#7859 = CARTESIAN_POINT('',(37.676048190178,-45.2,117.64768015864));
#7860 = SURFACE_CURVE('',#7861,(#7866,#7873),.PCURVE_S1.);
#7861 = ELLIPSE('',#7862,87.307750811715,64.5);
#7862 = AXIS2_PLACEMENT_3D('',#7863,#7864,#7865);
#7863 = CARTESIAN_POINT('',(0.,-10.82886831773,170.));
#7864 = DIRECTION('',(-0.673961987522,-0.738766024784,0.));
#7865 = DIRECTION('',(0.738766024784,-0.673961987522,0.));
#7866 = PCURVE('',#4863,#7867);
#7867 = DEFINITIONAL_REPRESENTATION('',(#7868),#7872);
#7868 = ELLIPSE('',#7869,87.307750811715,64.5);
#7869 = AXIS2_PLACEMENT_2D('',#7870,#7871);
#7870 = CARTESIAN_POINT('',(-52.61190577747,-50.32569118948));
#7871 = DIRECTION('',(0.,1.));
#7872 = ( GEOMETRIC_REPRESENTATION_CONTEXT(2) 
PARAMETRIC_REPRESENTATION_CONTEXT() REPRESENTATION_CONTEXT('2D SPACE',''
  ) );
#7873 = PCURVE('',#7623,#7874);
#7874 = DEFINITIONAL_REPRESENTATION('',(#7875),#7882);
#7875 = B_SPLINE_CURVE_WITH_KNOTS('',5,(#7876,#7877,#7878,#7879,#7880,
    #7881),.UNSPECIFIED.,.F.,.F.,(6,6),(5.336190300863,5.590300157645),
  .PIECEWISE_BEZIER_KNOTS.);
#7876 = CARTESIAN_POINT('',(-0.946995006317,-15.0000006));
#7877 = CARTESIAN_POINT('',(-0.89617303496,-12.57274266279));
#7878 = CARTESIAN_POINT('',(-0.845351063604,-10.25645472558));
#7879 = CARTESIAN_POINT('',(-0.794529092248,-8.064199933617));
#7880 = CARTESIAN_POINT('',(-0.743707120891,-6.007837864821));
#7881 = CARTESIAN_POINT('',(-0.692885149535,-4.097645032647));
#7882 = ( GEOMETRIC_REPRESENTATION_CONTEXT(2) 
PARAMETRIC_REPRESENTATION_CONTEXT() REPRESENTATION_CONTEXT('2D SPACE',''
  ) );
#7883 = ORIENTED_EDGE('',*,*,#7884,.F.);
#7884 = EDGE_CURVE('',#7639,#7858,#7885,.T.);
#7885 = SURFACE_CURVE('',#7886,(#7890,#7896),.PCURVE_S1.);
#7886 = LINE('',#7887,#7888);
#7887 = CARTESIAN_POINT('',(37.676048190178,-45.2,143.69404711126));
#7888 = VECTOR('',#7889,1.);
#7889 = DIRECTION('',(0.,0.,-1.));
#7890 = PCURVE('',#4863,#7891);
#7891 = DEFINITIONAL_REPRESENTATION('',(#7892),#7895);
#7892 = B_SPLINE_CURVE_WITH_KNOTS('',1,(#7893,#7894),.UNSPECIFIED.,.F.,
  .F.,(2,2),(16.494047111263,32.494047111263),.PIECEWISE_BEZIER_KNOTS.);
#7893 = CARTESIAN_POINT('',(-9.811905777474,0.672929383516));
#7894 = CARTESIAN_POINT('',(6.188094222526,0.672929383516));
#7895 = ( GEOMETRIC_REPRESENTATION_CONTEXT(2) 
PARAMETRIC_REPRESENTATION_CONTEXT() REPRESENTATION_CONTEXT('2D SPACE',''
  ) );
#7896 = PCURVE('',#7653,#7897);
#7897 = DEFINITIONAL_REPRESENTATION('',(#7898),#7901);
#7898 = B_SPLINE_CURVE_WITH_KNOTS('',1,(#7899,#7900),.UNSPECIFIED.,.F.,
  .F.,(2,2),(16.494047111263,32.494047111263),.PIECEWISE_BEZIER_KNOTS.);
#7899 = CARTESIAN_POINT('',(37.676048190178,42.8));
#7900 = CARTESIAN_POINT('',(37.676048190178,58.8));
#7901 = ( GEOMETRIC_REPRESENTATION_CONTEXT(2) 
PARAMETRIC_REPRESENTATION_CONTEXT() REPRESENTATION_CONTEXT('2D SPACE',''
  ) );
#7902 = ORIENTED_EDGE('',*,*,#7664,.T.);
#7903 = ORIENTED_EDGE('',*,*,#4846,.T.);
#7904 = ORIENTED_EDGE('',*,*,#5281,.F.);
#7905 = ADVANCED_FACE('',(#7906,#7909),#4940,.T.);
#7906 = FACE_BOUND('',#7907,.T.);
#7907 = EDGE_LOOP('',(#7908));
#7908 = ORIENTED_EDGE('',*,*,#4925,.T.);
#7909 = FACE_BOUND('',#7910,.T.);
#7910 = EDGE_LOOP('',(#7911));
#7911 = ORIENTED_EDGE('',*,*,#7912,.T.);
#7912 = EDGE_CURVE('',#7913,#7913,#7915,.T.);
#7913 = VERTEX_POINT('',#7914);
#7914 = CARTESIAN_POINT('',(23.6945822,-31.9746759,109.2));
#7915 = SURFACE_CURVE('',#7916,(#7921,#7932),.PCURVE_S1.);
#7916 = CIRCLE('',#7917,2.25);
#7917 = AXIS2_PLACEMENT_3D('',#7918,#7919,#7920);
#7918 = CARTESIAN_POINT('',(21.4445822,-31.9746759,109.2));
#7919 = DIRECTION('',(0.,0.,-1.));
#7920 = DIRECTION('',(1.,0.,0.));
#7921 = PCURVE('',#4940,#7922);
#7922 = DEFINITIONAL_REPRESENTATION('',(#7923),#7931);
#7923 = ( BOUNDED_CURVE() B_SPLINE_CURVE(2,(#7924,#7925,#7926,#7927,
#7928,#7929,#7930),.UNSPECIFIED.,.T.,.F.) B_SPLINE_CURVE_WITH_KNOTS((1,2
    ,2,2,2,1),(-2.094395102393,0.,2.094395102393,4.188790204786,
6.28318530718,8.377580409573),.UNSPECIFIED.) CURVE() 
GEOMETRIC_REPRESENTATION_ITEM() RATIONAL_B_SPLINE_CURVE((1.,0.5,1.,0.5,
1.,0.5,1.)) REPRESENTATION_ITEM('') );
#7924 = CARTESIAN_POINT('',(-14.0526527,-39.5507077));
#7925 = CARTESIAN_POINT('',(-14.0526527,-43.44782201703));
#7926 = CARTESIAN_POINT('',(-17.4276527,-41.49926485851));
#7927 = CARTESIAN_POINT('',(-20.8026527,-39.5507077));
#7928 = CARTESIAN_POINT('',(-17.4276527,-37.60215054148));
#7929 = CARTESIAN_POINT('',(-14.0526527,-35.65359338297));
#7930 = CARTESIAN_POINT('',(-14.0526527,-39.5507077));
#7931 = ( GEOMETRIC_REPRESENTATION_CONTEXT(2) 
PARAMETRIC_REPRESENTATION_CONTEXT() REPRESENTATION_CONTEXT('2D SPACE',''
  ) );
#7932 = PCURVE('',#6334,#7933);
#7933 = DEFINITIONAL_REPRESENTATION('',(#7934),#7938);
#7934 = LINE('',#7935,#7936);
#7935 = CARTESIAN_POINT('',(-6.28318530718,-5.));
#7936 = VECTOR('',#7937,1.);
#7937 = DIRECTION('',(1.,-0.));
#7938 = ( GEOMETRIC_REPRESENTATION_CONTEXT(2) 
PARAMETRIC_REPRESENTATION_CONTEXT() REPRESENTATION_CONTEXT('2D SPACE',''
  ) );
#7939 = ADVANCED_FACE('',(#7940),#5128,.F.);
#7940 = FACE_BOUND('',#7941,.T.);
#7941 = EDGE_LOOP('',(#7942,#7943,#7944));
#7942 = ORIENTED_EDGE('',*,*,#4988,.F.);
#7943 = ORIENTED_EDGE('',*,*,#7687,.F.);
#7944 = ORIENTED_EDGE('',*,*,#7511,.F.);
#7945 = ADVANCED_FACE('',(#7946),#5370,.F.);
#7946 = FACE_BOUND('',#7947,.T.);
#7947 = EDGE_LOOP('',(#7948,#7970,#7971));
#7948 = ORIENTED_EDGE('',*,*,#7949,.T.);
#7949 = EDGE_CURVE('',#5354,#5608,#7950,.T.);
#7950 = SURFACE_CURVE('',#7951,(#7956,#7963),.PCURVE_S1.);
#7951 = CIRCLE('',#7952,64.5);
#7952 = AXIS2_PLACEMENT_3D('',#7953,#7954,#7955);
#7953 = CARTESIAN_POINT('',(0.,-45.2,170.));
#7954 = DIRECTION('',(-0.,1.,0.));
#7955 = DIRECTION('',(1.,0.,0.));
#7956 = PCURVE('',#5370,#7957);
#7957 = DEFINITIONAL_REPRESENTATION('',(#7958),#7962);
#7958 = LINE('',#7959,#7960);
#7959 = CARTESIAN_POINT('',(-0.,-15.));
#7960 = VECTOR('',#7961,1.);
#7961 = DIRECTION('',(-1.,0.));
#7962 = ( GEOMETRIC_REPRESENTATION_CONTEXT(2) 
PARAMETRIC_REPRESENTATION_CONTEXT() REPRESENTATION_CONTEXT('2D SPACE',''
  ) );
#7963 = PCURVE('',#5400,#7964);
#7964 = DEFINITIONAL_REPRESENTATION('',(#7965),#7969);
#7965 = CIRCLE('',#7966,64.5);
#7966 = AXIS2_PLACEMENT_2D('',#7967,#7968);
#7967 = CARTESIAN_POINT('',(1.356839821434E-15,-2.794368667571E-15));
#7968 = DIRECTION('',(1.,0.));
#7969 = ( GEOMETRIC_REPRESENTATION_CONTEXT(2) 
PARAMETRIC_REPRESENTATION_CONTEXT() REPRESENTATION_CONTEXT('2D SPACE',''
  ) );
#7970 = ORIENTED_EDGE('',*,*,#5628,.F.);
#7971 = ORIENTED_EDGE('',*,*,#5353,.F.);
#7972 = ADVANCED_FACE('',(#7973),#5400,.F.);
#7973 = FACE_BOUND('',#7974,.F.);
#7974 = EDGE_LOOP('',(#7975,#7976,#7977));
#7975 = ORIENTED_EDGE('',*,*,#5385,.T.);
#7976 = ORIENTED_EDGE('',*,*,#7949,.T.);
#7977 = ORIENTED_EDGE('',*,*,#5607,.T.);
#7978 = ADVANCED_FACE('',(#7979),#5461,.F.);
#7979 = FACE_BOUND('',#7980,.T.);
#7980 = EDGE_LOOP('',(#7981,#8002,#8003,#8004));
#7981 = ORIENTED_EDGE('',*,*,#7982,.F.);
#7982 = EDGE_CURVE('',#6149,#5441,#7983,.T.);
#7983 = SEAM_CURVE('',#7984,(#7988,#7995),.PCURVE_S1.);
#7984 = LINE('',#7985,#7986);
#7985 = CARTESIAN_POINT('',(-19.0842622,-32.0483893,104.2));
#7986 = VECTOR('',#7987,1.);
#7987 = DIRECTION('',(0.,0.,1.));
#7988 = PCURVE('',#5461,#7989);
#7989 = DEFINITIONAL_REPRESENTATION('',(#7990),#7994);
#7990 = LINE('',#7991,#7992);
#7991 = CARTESIAN_POINT('',(-6.28318530718,0.));
#7992 = VECTOR('',#7993,1.);
#7993 = DIRECTION('',(-0.,-1.));
#7994 = ( GEOMETRIC_REPRESENTATION_CONTEXT(2) 
PARAMETRIC_REPRESENTATION_CONTEXT() REPRESENTATION_CONTEXT('2D SPACE',''
  ) );
#7995 = PCURVE('',#5461,#7996);
#7996 = DEFINITIONAL_REPRESENTATION('',(#7997),#8001);
#7997 = LINE('',#7998,#7999);
#7998 = CARTESIAN_POINT('',(-0.,0.));
#7999 = VECTOR('',#8000,1.);
#8000 = DIRECTION('',(-0.,-1.));
#8001 = ( GEOMETRIC_REPRESENTATION_CONTEXT(2) 
PARAMETRIC_REPRESENTATION_CONTEXT() REPRESENTATION_CONTEXT('2D SPACE',''
  ) );
#8002 = ORIENTED_EDGE('',*,*,#6148,.T.);
#8003 = ORIENTED_EDGE('',*,*,#7982,.T.);
#8004 = ORIENTED_EDGE('',*,*,#5440,.F.);
#8005 = ADVANCED_FACE('',(#8006),#5495,.T.);
#8006 = FACE_BOUND('',#8007,.F.);
#8007 = EDGE_LOOP('',(#8008,#8009,#8010));
#8008 = ORIENTED_EDGE('',*,*,#5476,.T.);
#8009 = ORIENTED_EDGE('',*,*,#5654,.T.);
#8010 = ORIENTED_EDGE('',*,*,#8011,.T.);
#8011 = EDGE_CURVE('',#5308,#5477,#8012,.T.);
#8012 = SURFACE_CURVE('',#8013,(#8018,#8025),.PCURVE_S1.);
#8013 = CIRCLE('',#8014,8.);
#8014 = AXIS2_PLACEMENT_3D('',#8015,#8016,#8017);
#8015 = CARTESIAN_POINT('',(-57.,-52.,127.2));
#8016 = DIRECTION('',(-0.,0.,1.));
#8017 = DIRECTION('',(0.673961987522,-0.738766024784,0.));
#8018 = PCURVE('',#5495,#8019);
#8019 = DEFINITIONAL_REPRESENTATION('',(#8020),#8024);
#8020 = LINE('',#8021,#8022);
#8021 = CARTESIAN_POINT('',(-5.451947717901,-16.));
#8022 = VECTOR('',#8023,1.);
#8023 = DIRECTION('',(-1.,0.));
#8024 = ( GEOMETRIC_REPRESENTATION_CONTEXT(2) 
PARAMETRIC_REPRESENTATION_CONTEXT() REPRESENTATION_CONTEXT('2D SPACE',''
  ) );
#8025 = PCURVE('',#5759,#8026);
#8026 = DEFINITIONAL_REPRESENTATION('',(#8027),#8031);
#8027 = CIRCLE('',#8028,8.);
#8028 = AXIS2_PLACEMENT_2D('',#8029,#8030);
#8029 = CARTESIAN_POINT('',(-114.,0.));
#8030 = DIRECTION('',(0.673961987522,-0.738766024784));
#8031 = ( GEOMETRIC_REPRESENTATION_CONTEXT(2) 
PARAMETRIC_REPRESENTATION_CONTEXT() REPRESENTATION_CONTEXT('2D SPACE',''
  ) );
#8032 = ADVANCED_FACE('',(#8033,#8037),#5759,.T.);
#8033 = FACE_BOUND('',#8034,.T.);
#8034 = EDGE_LOOP('',(#8035,#8036));
#8035 = ORIENTED_EDGE('',*,*,#5744,.T.);
#8036 = ORIENTED_EDGE('',*,*,#8011,.T.);
#8037 = FACE_BOUND('',#8038,.T.);
#8038 = EDGE_LOOP('',(#8039));
#8039 = ORIENTED_EDGE('',*,*,#8040,.T.);
#8040 = EDGE_CURVE('',#8041,#8041,#8043,.T.);
#8041 = VERTEX_POINT('',#8042);
#8042 = CARTESIAN_POINT('',(-53.7,-52.,127.2));
#8043 = SURFACE_CURVE('',#8044,(#8049,#8060),.PCURVE_S1.);
#8044 = CIRCLE('',#8045,3.3);
#8045 = AXIS2_PLACEMENT_3D('',#8046,#8047,#8048);
#8046 = CARTESIAN_POINT('',(-57.,-52.,127.2));
#8047 = DIRECTION('',(0.,0.,-1.));
#8048 = DIRECTION('',(1.,0.,0.));
#8049 = PCURVE('',#5759,#8050);
#8050 = DEFINITIONAL_REPRESENTATION('',(#8051),#8059);
#8051 = ( BOUNDED_CURVE() B_SPLINE_CURVE(2,(#8052,#8053,#8054,#8055,
#8056,#8057,#8058),.UNSPECIFIED.,.T.,.F.) B_SPLINE_CURVE_WITH_KNOTS((1,2
    ,2,2,2,1),(-2.094395102393,0.,2.094395102393,4.188790204786,
6.28318530718,8.377580409573),.UNSPECIFIED.) CURVE() 
GEOMETRIC_REPRESENTATION_ITEM() RATIONAL_B_SPLINE_CURVE((1.,0.5,1.,0.5,
1.,0.5,1.)) REPRESENTATION_ITEM('') );
#8052 = CARTESIAN_POINT('',(-110.7,0.));
#8053 = CARTESIAN_POINT('',(-110.7,-5.715767664977));
#8054 = CARTESIAN_POINT('',(-115.65,-2.857883832489));
#8055 = CARTESIAN_POINT('',(-120.6,-8.082668874373E-16));
#8056 = CARTESIAN_POINT('',(-115.65,2.857883832489));
#8057 = CARTESIAN_POINT('',(-110.7,5.715767664977));
#8058 = CARTESIAN_POINT('',(-110.7,0.));
#8059 = ( GEOMETRIC_REPRESENTATION_CONTEXT(2) 
PARAMETRIC_REPRESENTATION_CONTEXT() REPRESENTATION_CONTEXT('2D SPACE',''
  ) );
#8060 = PCURVE('',#6134,#8061);
#8061 = DEFINITIONAL_REPRESENTATION('',(#8062),#8066);
#8062 = LINE('',#8063,#8064);
#8063 = CARTESIAN_POINT('',(-6.28318530718,-23.));
#8064 = VECTOR('',#8065,1.);
#8065 = DIRECTION('',(1.,-0.));
#8066 = ( GEOMETRIC_REPRESENTATION_CONTEXT(2) 
PARAMETRIC_REPRESENTATION_CONTEXT() REPRESENTATION_CONTEXT('2D SPACE',''
  ) );
#8067 = ADVANCED_FACE('',(#8068),#5845,.T.);
#8068 = FACE_BOUND('',#8069,.F.);
#8069 = EDGE_LOOP('',(#8070,#8071,#8072));
#8070 = ORIENTED_EDGE('',*,*,#5826,.T.);
#8071 = ORIENTED_EDGE('',*,*,#5910,.T.);
#8072 = ORIENTED_EDGE('',*,*,#8073,.T.);
#8073 = EDGE_CURVE('',#5888,#5827,#8074,.T.);
#8074 = SURFACE_CURVE('',#8075,(#8080,#8087),.PCURVE_S1.);
#8075 = CIRCLE('',#8076,8.);
#8076 = AXIS2_PLACEMENT_3D('',#8077,#8078,#8079);
#8077 = CARTESIAN_POINT('',(-57.,-26.,127.2));
#8078 = DIRECTION('',(-0.,0.,1.));
#8079 = DIRECTION('',(0.415005179923,-0.909819048293,0.));
#8080 = PCURVE('',#5845,#8081);
#8081 = DEFINITIONAL_REPRESENTATION('',(#8082),#8086);
#8082 = LINE('',#8083,#8084);
#8083 = CARTESIAN_POINT('',(-5.140337476706,-16.));
#8084 = VECTOR('',#8085,1.);
#8085 = DIRECTION('',(-1.,0.));
#8086 = ( GEOMETRIC_REPRESENTATION_CONTEXT(2) 
PARAMETRIC_REPRESENTATION_CONTEXT() REPRESENTATION_CONTEXT('2D SPACE',''
  ) );
#8087 = PCURVE('',#6046,#8088);
#8088 = DEFINITIONAL_REPRESENTATION('',(#8089),#8093);
#8089 = CIRCLE('',#8090,8.);
#8090 = AXIS2_PLACEMENT_2D('',#8091,#8092);
#8091 = CARTESIAN_POINT('',(-114.,26.));
#8092 = DIRECTION('',(0.415005179923,-0.909819048293));
#8093 = ( GEOMETRIC_REPRESENTATION_CONTEXT(2) 
PARAMETRIC_REPRESENTATION_CONTEXT() REPRESENTATION_CONTEXT('2D SPACE',''
  ) );
#8094 = ADVANCED_FACE('',(#8095),#5993,.F.);
#8095 = FACE_BOUND('',#8096,.T.);
#8096 = EDGE_LOOP('',(#8097,#8118,#8119,#8120));
#8097 = ORIENTED_EDGE('',*,*,#8098,.F.);
#8098 = EDGE_CURVE('',#6249,#5973,#8099,.T.);
#8099 = SEAM_CURVE('',#8100,(#8104,#8111),.PCURVE_S1.);
#8100 = LINE('',#8101,#8102);
#8101 = CARTESIAN_POINT('',(-29.7246758,-21.4445822,104.2));
#8102 = VECTOR('',#8103,1.);
#8103 = DIRECTION('',(0.,0.,1.));
#8104 = PCURVE('',#5993,#8105);
#8105 = DEFINITIONAL_REPRESENTATION('',(#8106),#8110);
#8106 = LINE('',#8107,#8108);
#8107 = CARTESIAN_POINT('',(-6.28318530718,0.));
#8108 = VECTOR('',#8109,1.);
#8109 = DIRECTION('',(-0.,-1.));
#8110 = ( GEOMETRIC_REPRESENTATION_CONTEXT(2) 
PARAMETRIC_REPRESENTATION_CONTEXT() REPRESENTATION_CONTEXT('2D SPACE',''
  ) );
#8111 = PCURVE('',#5993,#8112);
#8112 = DEFINITIONAL_REPRESENTATION('',(#8113),#8117);
#8113 = LINE('',#8114,#8115);
#8114 = CARTESIAN_POINT('',(-0.,0.));
#8115 = VECTOR('',#8116,1.);
#8116 = DIRECTION('',(-0.,-1.));
#8117 = ( GEOMETRIC_REPRESENTATION_CONTEXT(2) 
PARAMETRIC_REPRESENTATION_CONTEXT() REPRESENTATION_CONTEXT('2D SPACE',''
  ) );
#8118 = ORIENTED_EDGE('',*,*,#6248,.T.);
#8119 = ORIENTED_EDGE('',*,*,#8098,.T.);
#8120 = ORIENTED_EDGE('',*,*,#5972,.F.);
#8121 = ADVANCED_FACE('',(#8122,#8126),#6046,.T.);
#8122 = FACE_BOUND('',#8123,.T.);
#8123 = EDGE_LOOP('',(#8124,#8125));
#8124 = ORIENTED_EDGE('',*,*,#6031,.T.);
#8125 = ORIENTED_EDGE('',*,*,#8073,.T.);
#8126 = FACE_BOUND('',#8127,.T.);
#8127 = EDGE_LOOP('',(#8128));
#8128 = ORIENTED_EDGE('',*,*,#8129,.T.);
#8129 = EDGE_CURVE('',#8130,#8130,#8132,.T.);
#8130 = VERTEX_POINT('',#8131);
#8131 = CARTESIAN_POINT('',(-53.7,-26.,127.2));
#8132 = SURFACE_CURVE('',#8133,(#8138,#8149),.PCURVE_S1.);
#8133 = CIRCLE('',#8134,3.3);
#8134 = AXIS2_PLACEMENT_3D('',#8135,#8136,#8137);
#8135 = CARTESIAN_POINT('',(-57.,-26.,127.2));
#8136 = DIRECTION('',(0.,0.,-1.));
#8137 = DIRECTION('',(1.,0.,0.));
#8138 = PCURVE('',#6046,#8139);
#8139 = DEFINITIONAL_REPRESENTATION('',(#8140),#8148);
#8140 = ( BOUNDED_CURVE() B_SPLINE_CURVE(2,(#8141,#8142,#8143,#8144,
#8145,#8146,#8147),.UNSPECIFIED.,.T.,.F.) B_SPLINE_CURVE_WITH_KNOTS((1,2
    ,2,2,2,1),(-2.094395102393,0.,2.094395102393,4.188790204786,
6.28318530718,8.377580409573),.UNSPECIFIED.) CURVE() 
GEOMETRIC_REPRESENTATION_ITEM() RATIONAL_B_SPLINE_CURVE((1.,0.5,1.,0.5,
1.,0.5,1.)) REPRESENTATION_ITEM('') );
#8141 = CARTESIAN_POINT('',(-110.7,26.));
#8142 = CARTESIAN_POINT('',(-110.7,20.284232335023));
#8143 = CARTESIAN_POINT('',(-115.65,23.142116167511));
#8144 = CARTESIAN_POINT('',(-120.6,26.));
#8145 = CARTESIAN_POINT('',(-115.65,28.857883832489));
#8146 = CARTESIAN_POINT('',(-110.7,31.715767664977));
#8147 = CARTESIAN_POINT('',(-110.7,26.));
#8148 = ( GEOMETRIC_REPRESENTATION_CONTEXT(2) 
PARAMETRIC_REPRESENTATION_CONTEXT() REPRESENTATION_CONTEXT('2D SPACE',''
  ) );
#8149 = PCURVE('',#6234,#8150);
#8150 = DEFINITIONAL_REPRESENTATION('',(#8151),#8155);
#8151 = LINE('',#8152,#8153);
#8152 = CARTESIAN_POINT('',(-6.28318530718,-23.));
#8153 = VECTOR('',#8154,1.);
#8154 = DIRECTION('',(1.,-0.));
#8155 = ( GEOMETRIC_REPRESENTATION_CONTEXT(2) 
PARAMETRIC_REPRESENTATION_CONTEXT() REPRESENTATION_CONTEXT('2D SPACE',''
  ) );
#8156 = ADVANCED_FACE('',(#8157),#6085,.F.);
#8157 = FACE_BOUND('',#8158,.T.);
#8158 = EDGE_LOOP('',(#8159,#8180,#8181,#8182));
#8159 = ORIENTED_EDGE('',*,*,#8160,.F.);
#8160 = EDGE_CURVE('',#6454,#6065,#8161,.T.);
#8161 = SEAM_CURVE('',#8162,(#8166,#8173),.PCURVE_S1.);
#8162 = LINE('',#8163,#8164);
#8163 = CARTESIAN_POINT('',(-35.4972348,-7.5760319,104.2));
#8164 = VECTOR('',#8165,1.);
#8165 = DIRECTION('',(0.,0.,1.));
#8166 = PCURVE('',#6085,#8167);
#8167 = DEFINITIONAL_REPRESENTATION('',(#8168),#8172);
#8168 = LINE('',#8169,#8170);
#8169 = CARTESIAN_POINT('',(-6.28318530718,0.));
#8170 = VECTOR('',#8171,1.);
#8171 = DIRECTION('',(-0.,-1.));
#8172 = ( GEOMETRIC_REPRESENTATION_CONTEXT(2) 
PARAMETRIC_REPRESENTATION_CONTEXT() REPRESENTATION_CONTEXT('2D SPACE',''
  ) );
#8173 = PCURVE('',#6085,#8174);
#8174 = DEFINITIONAL_REPRESENTATION('',(#8175),#8179);
#8175 = LINE('',#8176,#8177);
#8176 = CARTESIAN_POINT('',(-0.,0.));
#8177 = VECTOR('',#8178,1.);
#8178 = DIRECTION('',(-0.,-1.));
#8179 = ( GEOMETRIC_REPRESENTATION_CONTEXT(2) 
PARAMETRIC_REPRESENTATION_CONTEXT() REPRESENTATION_CONTEXT('2D SPACE',''
  ) );
#8180 = ORIENTED_EDGE('',*,*,#6453,.T.);
#8181 = ORIENTED_EDGE('',*,*,#8160,.T.);
#8182 = ORIENTED_EDGE('',*,*,#6064,.F.);
#8183 = ADVANCED_FACE('',(#8184),#6134,.F.);
#8184 = FACE_BOUND('',#8185,.T.);
#8185 = EDGE_LOOP('',(#8186,#8187,#8208,#8209));
#8186 = ORIENTED_EDGE('',*,*,#6113,.T.);
#8187 = ORIENTED_EDGE('',*,*,#8188,.T.);
#8188 = EDGE_CURVE('',#6114,#8041,#8189,.T.);
#8189 = SEAM_CURVE('',#8190,(#8194,#8201),.PCURVE_S1.);
#8190 = LINE('',#8191,#8192);
#8191 = CARTESIAN_POINT('',(-53.7,-52.,104.2));
#8192 = VECTOR('',#8193,1.);
#8193 = DIRECTION('',(0.,0.,1.));
#8194 = PCURVE('',#6134,#8195);
#8195 = DEFINITIONAL_REPRESENTATION('',(#8196),#8200);
#8196 = LINE('',#8197,#8198);
#8197 = CARTESIAN_POINT('',(-6.28318530718,0.));
#8198 = VECTOR('',#8199,1.);
#8199 = DIRECTION('',(-0.,-1.));
#8200 = ( GEOMETRIC_REPRESENTATION_CONTEXT(2) 
PARAMETRIC_REPRESENTATION_CONTEXT() REPRESENTATION_CONTEXT('2D SPACE',''
  ) );
#8201 = PCURVE('',#6134,#8202);
#8202 = DEFINITIONAL_REPRESENTATION('',(#8203),#8207);
#8203 = LINE('',#8204,#8205);
#8204 = CARTESIAN_POINT('',(-0.,0.));
#8205 = VECTOR('',#8206,1.);
#8206 = DIRECTION('',(-0.,-1.));
#8207 = ( GEOMETRIC_REPRESENTATION_CONTEXT(2) 
PARAMETRIC_REPRESENTATION_CONTEXT() REPRESENTATION_CONTEXT('2D SPACE',''
  ) );
#8208 = ORIENTED_EDGE('',*,*,#8040,.F.);
#8209 = ORIENTED_EDGE('',*,*,#8188,.F.);
#8210 = ADVANCED_FACE('',(#8211),#6199,.F.);
#8211 = FACE_BOUND('',#8212,.T.);
#8212 = EDGE_LOOP('',(#8213,#8234,#8235,#8236));
#8213 = ORIENTED_EDGE('',*,*,#8214,.F.);
#8214 = EDGE_CURVE('',#6179,#6838,#8215,.T.);
#8215 = SEAM_CURVE('',#8216,(#8220,#8227),.PCURVE_S1.);
#8216 = LINE('',#8217,#8218);
#8217 = CARTESIAN_POINT('',(-5.1959006,-37.7731196,104.2));
#8218 = VECTOR('',#8219,1.);
#8219 = DIRECTION('',(0.,0.,1.));
#8220 = PCURVE('',#6199,#8221);
#8221 = DEFINITIONAL_REPRESENTATION('',(#8222),#8226);
#8222 = LINE('',#8223,#8224);
#8223 = CARTESIAN_POINT('',(-6.28318530718,0.));
#8224 = VECTOR('',#8225,1.);
#8225 = DIRECTION('',(-0.,-1.));
#8226 = ( GEOMETRIC_REPRESENTATION_CONTEXT(2) 
PARAMETRIC_REPRESENTATION_CONTEXT() REPRESENTATION_CONTEXT('2D SPACE',''
  ) );
#8227 = PCURVE('',#6199,#8228);
#8228 = DEFINITIONAL_REPRESENTATION('',(#8229),#8233);
#8229 = LINE('',#8230,#8231);
#8230 = CARTESIAN_POINT('',(-0.,0.));
#8231 = VECTOR('',#8232,1.);
#8232 = DIRECTION('',(-0.,-1.));
#8233 = ( GEOMETRIC_REPRESENTATION_CONTEXT(2) 
PARAMETRIC_REPRESENTATION_CONTEXT() REPRESENTATION_CONTEXT('2D SPACE',''
  ) );
#8234 = ORIENTED_EDGE('',*,*,#6178,.T.);
#8235 = ORIENTED_EDGE('',*,*,#8214,.T.);
#8236 = ORIENTED_EDGE('',*,*,#6837,.F.);
#8237 = ADVANCED_FACE('',(#8238),#6234,.F.);
#8238 = FACE_BOUND('',#8239,.T.);
#8239 = EDGE_LOOP('',(#8240,#8241,#8262,#8263));
#8240 = ORIENTED_EDGE('',*,*,#6213,.T.);
#8241 = ORIENTED_EDGE('',*,*,#8242,.T.);
#8242 = EDGE_CURVE('',#6214,#8130,#8243,.T.);
#8243 = SEAM_CURVE('',#8244,(#8248,#8255),.PCURVE_S1.);
#8244 = LINE('',#8245,#8246);
#8245 = CARTESIAN_POINT('',(-53.7,-26.,104.2));
#8246 = VECTOR('',#8247,1.);
#8247 = DIRECTION('',(0.,0.,1.));
#8248 = PCURVE('',#6234,#8249);
#8249 = DEFINITIONAL_REPRESENTATION('',(#8250),#8254);
#8250 = LINE('',#8251,#8252);
#8251 = CARTESIAN_POINT('',(-6.28318530718,0.));
#8252 = VECTOR('',#8253,1.);
#8253 = DIRECTION('',(-0.,-1.));
#8254 = ( GEOMETRIC_REPRESENTATION_CONTEXT(2) 
PARAMETRIC_REPRESENTATION_CONTEXT() REPRESENTATION_CONTEXT('2D SPACE',''
  ) );
#8255 = PCURVE('',#6234,#8256);
#8256 = DEFINITIONAL_REPRESENTATION('',(#8257),#8261);
#8257 = LINE('',#8258,#8259);
#8258 = CARTESIAN_POINT('',(-0.,0.));
#8259 = VECTOR('',#8260,1.);
#8260 = DIRECTION('',(-0.,-1.));
#8261 = ( GEOMETRIC_REPRESENTATION_CONTEXT(2) 
PARAMETRIC_REPRESENTATION_CONTEXT() REPRESENTATION_CONTEXT('2D SPACE',''
  ) );
#8262 = ORIENTED_EDGE('',*,*,#8129,.F.);
#8263 = ORIENTED_EDGE('',*,*,#8242,.F.);
#8264 = ADVANCED_FACE('',(#8265),#6299,.F.);
#8265 = FACE_BOUND('',#8266,.T.);
#8266 = EDGE_LOOP('',(#8267,#8288,#8289,#8290));
#8267 = ORIENTED_EDGE('',*,*,#8268,.F.);
#8268 = EDGE_CURVE('',#6279,#6872,#8269,.T.);
#8269 = SEAM_CURVE('',#8270,(#8274,#8281),.PCURVE_S1.);
#8270 = LINE('',#8271,#8272);
#8271 = CARTESIAN_POINT('',(9.8260319,-37.7472349,104.2));
#8272 = VECTOR('',#8273,1.);
#8273 = DIRECTION('',(0.,0.,1.));
#8274 = PCURVE('',#6299,#8275);
#8275 = DEFINITIONAL_REPRESENTATION('',(#8276),#8280);
#8276 = LINE('',#8277,#8278);
#8277 = CARTESIAN_POINT('',(-6.28318530718,0.));
#8278 = VECTOR('',#8279,1.);
#8279 = DIRECTION('',(-0.,-1.));
#8280 = ( GEOMETRIC_REPRESENTATION_CONTEXT(2) 
PARAMETRIC_REPRESENTATION_CONTEXT() REPRESENTATION_CONTEXT('2D SPACE',''
  ) );
#8281 = PCURVE('',#6299,#8282);
#8282 = DEFINITIONAL_REPRESENTATION('',(#8283),#8287);
#8283 = LINE('',#8284,#8285);
#8284 = CARTESIAN_POINT('',(-0.,0.));
#8285 = VECTOR('',#8286,1.);
#8286 = DIRECTION('',(-0.,-1.));
#8287 = ( GEOMETRIC_REPRESENTATION_CONTEXT(2) 
PARAMETRIC_REPRESENTATION_CONTEXT() REPRESENTATION_CONTEXT('2D SPACE',''
  ) );
#8288 = ORIENTED_EDGE('',*,*,#6278,.T.);
#8289 = ORIENTED_EDGE('',*,*,#8268,.T.);
#8290 = ORIENTED_EDGE('',*,*,#6871,.F.);
#8291 = ADVANCED_FACE('',(#8292),#6334,.F.);
#8292 = FACE_BOUND('',#8293,.T.);
#8293 = EDGE_LOOP('',(#8294,#8315,#8316,#8317));
#8294 = ORIENTED_EDGE('',*,*,#8295,.F.);
#8295 = EDGE_CURVE('',#6314,#7913,#8296,.T.);
#8296 = SEAM_CURVE('',#8297,(#8301,#8308),.PCURVE_S1.);
#8297 = LINE('',#8298,#8299);
#8298 = CARTESIAN_POINT('',(23.6945822,-31.9746759,104.2));
#8299 = VECTOR('',#8300,1.);
#8300 = DIRECTION('',(0.,0.,1.));
#8301 = PCURVE('',#6334,#8302);
#8302 = DEFINITIONAL_REPRESENTATION('',(#8303),#8307);
#8303 = LINE('',#8304,#8305);
#8304 = CARTESIAN_POINT('',(-6.28318530718,0.));
#8305 = VECTOR('',#8306,1.);
#8306 = DIRECTION('',(-0.,-1.));
#8307 = ( GEOMETRIC_REPRESENTATION_CONTEXT(2) 
PARAMETRIC_REPRESENTATION_CONTEXT() REPRESENTATION_CONTEXT('2D SPACE',''
  ) );
#8308 = PCURVE('',#6334,#8309);
#8309 = DEFINITIONAL_REPRESENTATION('',(#8310),#8314);
#8310 = LINE('',#8311,#8312);
#8311 = CARTESIAN_POINT('',(-0.,0.));
#8312 = VECTOR('',#8313,1.);
#8313 = DIRECTION('',(-0.,-1.));
#8314 = ( GEOMETRIC_REPRESENTATION_CONTEXT(2) 
PARAMETRIC_REPRESENTATION_CONTEXT() REPRESENTATION_CONTEXT('2D SPACE',''
  ) );
#8315 = ORIENTED_EDGE('',*,*,#6313,.T.);
#8316 = ORIENTED_EDGE('',*,*,#8295,.T.);
#8317 = ORIENTED_EDGE('',*,*,#7912,.F.);
#8318 = ADVANCED_FACE('',(#8319),#6369,.F.);
#8319 = FACE_BOUND('',#8320,.T.);
#8320 = EDGE_LOOP('',(#8321,#8322,#8345,#8371));
#8321 = ORIENTED_EDGE('',*,*,#6348,.T.);
#8322 = ORIENTED_EDGE('',*,*,#8323,.T.);
#8323 = EDGE_CURVE('',#6349,#8324,#8326,.T.);
#8324 = VERTEX_POINT('',#8325);
#8325 = CARTESIAN_POINT('',(60.3,-52.,127.2));
#8326 = SEAM_CURVE('',#8327,(#8331,#8338),.PCURVE_S1.);
#8327 = LINE('',#8328,#8329);
#8328 = CARTESIAN_POINT('',(60.3,-52.,104.2));
#8329 = VECTOR('',#8330,1.);
#8330 = DIRECTION('',(0.,0.,1.));
#8331 = PCURVE('',#6369,#8332);
#8332 = DEFINITIONAL_REPRESENTATION('',(#8333),#8337);
#8333 = LINE('',#8334,#8335);
#8334 = CARTESIAN_POINT('',(-6.28318530718,0.));
#8335 = VECTOR('',#8336,1.);
#8336 = DIRECTION('',(-0.,-1.));
#8337 = ( GEOMETRIC_REPRESENTATION_CONTEXT(2) 
PARAMETRIC_REPRESENTATION_CONTEXT() REPRESENTATION_CONTEXT('2D SPACE',''
  ) );
#8338 = PCURVE('',#6369,#8339);
#8339 = DEFINITIONAL_REPRESENTATION('',(#8340),#8344);
#8340 = LINE('',#8341,#8342);
#8341 = CARTESIAN_POINT('',(-0.,0.));
#8342 = VECTOR('',#8343,1.);
#8343 = DIRECTION('',(-0.,-1.));
#8344 = ( GEOMETRIC_REPRESENTATION_CONTEXT(2) 
PARAMETRIC_REPRESENTATION_CONTEXT() REPRESENTATION_CONTEXT('2D SPACE',''
  ) );
#8345 = ORIENTED_EDGE('',*,*,#8346,.F.);
#8346 = EDGE_CURVE('',#8324,#8324,#8347,.T.);
#8347 = SURFACE_CURVE('',#8348,(#8353,#8360),.PCURVE_S1.);
#8348 = CIRCLE('',#8349,3.3);
#8349 = AXIS2_PLACEMENT_3D('',#8350,#8351,#8352);
#8350 = CARTESIAN_POINT('',(57.,-52.,127.2));
#8351 = DIRECTION('',(0.,0.,-1.));
#8352 = DIRECTION('',(1.,0.,0.));
#8353 = PCURVE('',#6369,#8354);
#8354 = DEFINITIONAL_REPRESENTATION('',(#8355),#8359);
#8355 = LINE('',#8356,#8357);
#8356 = CARTESIAN_POINT('',(-6.28318530718,-23.));
#8357 = VECTOR('',#8358,1.);
#8358 = DIRECTION('',(1.,-0.));
#8359 = ( GEOMETRIC_REPRESENTATION_CONTEXT(2) 
PARAMETRIC_REPRESENTATION_CONTEXT() REPRESENTATION_CONTEXT('2D SPACE',''
  ) );
#8360 = PCURVE('',#7834,#8361);
#8361 = DEFINITIONAL_REPRESENTATION('',(#8362),#8370);
#8362 = ( BOUNDED_CURVE() B_SPLINE_CURVE(2,(#8363,#8364,#8365,#8366,
#8367,#8368,#8369),.UNSPECIFIED.,.T.,.F.) B_SPLINE_CURVE_WITH_KNOTS((1,2
    ,2,2,2,1),(-2.094395102393,0.,2.094395102393,4.188790204786,
6.28318530718,8.377580409573),.UNSPECIFIED.) CURVE() 
GEOMETRIC_REPRESENTATION_ITEM() RATIONAL_B_SPLINE_CURVE((1.,0.5,1.,0.5,
1.,0.5,1.)) REPRESENTATION_ITEM('') );
#8363 = CARTESIAN_POINT('',(3.3,0.));
#8364 = CARTESIAN_POINT('',(3.3,-5.715767664977));
#8365 = CARTESIAN_POINT('',(-1.65,-2.857883832489));
#8366 = CARTESIAN_POINT('',(-6.6,-8.082668874373E-16));
#8367 = CARTESIAN_POINT('',(-1.65,2.857883832489));
#8368 = CARTESIAN_POINT('',(3.3,5.715767664977));
#8369 = CARTESIAN_POINT('',(3.3,0.));
#8370 = ( GEOMETRIC_REPRESENTATION_CONTEXT(2) 
PARAMETRIC_REPRESENTATION_CONTEXT() REPRESENTATION_CONTEXT('2D SPACE',''
  ) );
#8371 = ORIENTED_EDGE('',*,*,#8323,.F.);
#8372 = ADVANCED_FACE('',(#8373),#6404,.F.);
#8373 = FACE_BOUND('',#8374,.T.);
#8374 = EDGE_LOOP('',(#8375,#8396,#8397,#8398));
#8375 = ORIENTED_EDGE('',*,*,#8376,.F.);
#8376 = EDGE_CURVE('',#6384,#7743,#8377,.T.);
#8377 = SEAM_CURVE('',#8378,(#8382,#8389),.PCURVE_S1.);
#8378 = LINE('',#8379,#8380);
#8379 = CARTESIAN_POINT('',(34.2983893,-21.3342623,104.2));
#8380 = VECTOR('',#8381,1.);
#8381 = DIRECTION('',(0.,0.,1.));
#8382 = PCURVE('',#6404,#8383);
#8383 = DEFINITIONAL_REPRESENTATION('',(#8384),#8388);
#8384 = LINE('',#8385,#8386);
#8385 = CARTESIAN_POINT('',(-6.28318530718,0.));
#8386 = VECTOR('',#8387,1.);
#8387 = DIRECTION('',(-0.,-1.));
#8388 = ( GEOMETRIC_REPRESENTATION_CONTEXT(2) 
PARAMETRIC_REPRESENTATION_CONTEXT() REPRESENTATION_CONTEXT('2D SPACE',''
  ) );
#8389 = PCURVE('',#6404,#8390);
#8390 = DEFINITIONAL_REPRESENTATION('',(#8391),#8395);
#8391 = LINE('',#8392,#8393);
#8392 = CARTESIAN_POINT('',(-0.,0.));
#8393 = VECTOR('',#8394,1.);
#8394 = DIRECTION('',(-0.,-1.));
#8395 = ( GEOMETRIC_REPRESENTATION_CONTEXT(2) 
PARAMETRIC_REPRESENTATION_CONTEXT() REPRESENTATION_CONTEXT('2D SPACE',''
  ) );
#8396 = ORIENTED_EDGE('',*,*,#6383,.T.);
#8397 = ORIENTED_EDGE('',*,*,#8376,.T.);
#8398 = ORIENTED_EDGE('',*,*,#7742,.F.);
#8399 = ADVANCED_FACE('',(#8400),#6439,.F.);
#8400 = FACE_BOUND('',#8401,.T.);
#8401 = EDGE_LOOP('',(#8402,#8403,#8426,#8452));
#8402 = ORIENTED_EDGE('',*,*,#6418,.T.);
#8403 = ORIENTED_EDGE('',*,*,#8404,.T.);
#8404 = EDGE_CURVE('',#6419,#8405,#8407,.T.);
#8405 = VERTEX_POINT('',#8406);
#8406 = CARTESIAN_POINT('',(60.3,-26.,127.2));
#8407 = SEAM_CURVE('',#8408,(#8412,#8419),.PCURVE_S1.);
#8408 = LINE('',#8409,#8410);
#8409 = CARTESIAN_POINT('',(60.3,-26.,104.2));
#8410 = VECTOR('',#8411,1.);
#8411 = DIRECTION('',(0.,0.,1.));
#8412 = PCURVE('',#6439,#8413);
#8413 = DEFINITIONAL_REPRESENTATION('',(#8414),#8418);
#8414 = LINE('',#8415,#8416);
#8415 = CARTESIAN_POINT('',(-6.28318530718,0.));
#8416 = VECTOR('',#8417,1.);
#8417 = DIRECTION('',(-0.,-1.));
#8418 = ( GEOMETRIC_REPRESENTATION_CONTEXT(2) 
PARAMETRIC_REPRESENTATION_CONTEXT() REPRESENTATION_CONTEXT('2D SPACE',''
  ) );
#8419 = PCURVE('',#6439,#8420);
#8420 = DEFINITIONAL_REPRESENTATION('',(#8421),#8425);
#8421 = LINE('',#8422,#8423);
#8422 = CARTESIAN_POINT('',(-0.,0.));
#8423 = VECTOR('',#8424,1.);
#8424 = DIRECTION('',(-0.,-1.));
#8425 = ( GEOMETRIC_REPRESENTATION_CONTEXT(2) 
PARAMETRIC_REPRESENTATION_CONTEXT() REPRESENTATION_CONTEXT('2D SPACE',''
  ) );
#8426 = ORIENTED_EDGE('',*,*,#8427,.F.);
#8427 = EDGE_CURVE('',#8405,#8405,#8428,.T.);
#8428 = SURFACE_CURVE('',#8429,(#8434,#8441),.PCURVE_S1.);
#8429 = CIRCLE('',#8430,3.3);
#8430 = AXIS2_PLACEMENT_3D('',#8431,#8432,#8433);
#8431 = CARTESIAN_POINT('',(57.,-26.,127.2));
#8432 = DIRECTION('',(0.,0.,-1.));
#8433 = DIRECTION('',(1.,0.,0.));
#8434 = PCURVE('',#6439,#8435);
#8435 = DEFINITIONAL_REPRESENTATION('',(#8436),#8440);
#8436 = LINE('',#8437,#8438);
#8437 = CARTESIAN_POINT('',(-6.28318530718,-23.));
#8438 = VECTOR('',#8439,1.);
#8439 = DIRECTION('',(1.,-0.));
#8440 = ( GEOMETRIC_REPRESENTATION_CONTEXT(2) 
PARAMETRIC_REPRESENTATION_CONTEXT() REPRESENTATION_CONTEXT('2D SPACE',''
  ) );
#8441 = PCURVE('',#7421,#8442);
#8442 = DEFINITIONAL_REPRESENTATION('',(#8443),#8451);
#8443 = ( BOUNDED_CURVE() B_SPLINE_CURVE(2,(#8444,#8445,#8446,#8447,
#8448,#8449,#8450),.UNSPECIFIED.,.T.,.F.) B_SPLINE_CURVE_WITH_KNOTS((1,2
    ,2,2,2,1),(-2.094395102393,0.,2.094395102393,4.188790204786,
6.28318530718,8.377580409573),.UNSPECIFIED.) CURVE() 
GEOMETRIC_REPRESENTATION_ITEM() RATIONAL_B_SPLINE_CURVE((1.,0.5,1.,0.5,
1.,0.5,1.)) REPRESENTATION_ITEM('') );
#8444 = CARTESIAN_POINT('',(3.3,26.));
#8445 = CARTESIAN_POINT('',(3.3,20.284232335023));
#8446 = CARTESIAN_POINT('',(-1.65,23.142116167511));
#8447 = CARTESIAN_POINT('',(-6.6,26.));
#8448 = CARTESIAN_POINT('',(-1.65,28.857883832489));
#8449 = CARTESIAN_POINT('',(3.3,31.715767664977));
#8450 = CARTESIAN_POINT('',(3.3,26.));
#8451 = ( GEOMETRIC_REPRESENTATION_CONTEXT(2) 
PARAMETRIC_REPRESENTATION_CONTEXT() REPRESENTATION_CONTEXT('2D SPACE',''
  ) );
#8452 = ORIENTED_EDGE('',*,*,#8404,.F.);
#8453 = ADVANCED_FACE('',(#8454),#6504,.F.);
#8454 = FACE_BOUND('',#8455,.T.);
#8455 = EDGE_LOOP('',(#8456,#8477,#8478,#8479));
#8456 = ORIENTED_EDGE('',*,*,#8457,.F.);
#8457 = EDGE_CURVE('',#6484,#6906,#8458,.T.);
#8458 = SEAM_CURVE('',#8459,(#8463,#8470),.PCURVE_S1.);
#8459 = LINE('',#8460,#8461);
#8460 = CARTESIAN_POINT('',(-35.5231195,7.4459006,104.2));
#8461 = VECTOR('',#8462,1.);
#8462 = DIRECTION('',(0.,0.,1.));
#8463 = PCURVE('',#6504,#8464);
#8464 = DEFINITIONAL_REPRESENTATION('',(#8465),#8469);
#8465 = LINE('',#8466,#8467);
#8466 = CARTESIAN_POINT('',(-6.28318530718,0.));
#8467 = VECTOR('',#8468,1.);
#8468 = DIRECTION('',(-0.,-1.));
#8469 = ( GEOMETRIC_REPRESENTATION_CONTEXT(2) 
PARAMETRIC_REPRESENTATION_CONTEXT() REPRESENTATION_CONTEXT('2D SPACE',''
  ) );
#8470 = PCURVE('',#6504,#8471);
#8471 = DEFINITIONAL_REPRESENTATION('',(#8472),#8476);
#8472 = LINE('',#8473,#8474);
#8473 = CARTESIAN_POINT('',(-0.,0.));
#8474 = VECTOR('',#8475,1.);
#8475 = DIRECTION('',(-0.,-1.));
#8476 = ( GEOMETRIC_REPRESENTATION_CONTEXT(2) 
PARAMETRIC_REPRESENTATION_CONTEXT() REPRESENTATION_CONTEXT('2D SPACE',''
  ) );
#8477 = ORIENTED_EDGE('',*,*,#6483,.T.);
#8478 = ORIENTED_EDGE('',*,*,#8457,.T.);
#8479 = ORIENTED_EDGE('',*,*,#6905,.F.);
#8480 = ADVANCED_FACE('',(#8481),#6539,.F.);
#8481 = FACE_BOUND('',#8482,.T.);
#8482 = EDGE_LOOP('',(#8483,#8504,#8505,#8506));
#8483 = ORIENTED_EDGE('',*,*,#8484,.F.);
#8484 = EDGE_CURVE('',#6519,#6940,#8485,.T.);
#8485 = SEAM_CURVE('',#8486,(#8490,#8497),.PCURVE_S1.);
#8486 = LINE('',#8487,#8488);
#8487 = CARTESIAN_POINT('',(-29.7983892,21.3342622,104.2));
#8488 = VECTOR('',#8489,1.);
#8489 = DIRECTION('',(0.,0.,1.));
#8490 = PCURVE('',#6539,#8491);
#8491 = DEFINITIONAL_REPRESENTATION('',(#8492),#8496);
#8492 = LINE('',#8493,#8494);
#8493 = CARTESIAN_POINT('',(-6.28318530718,0.));
#8494 = VECTOR('',#8495,1.);
#8495 = DIRECTION('',(-0.,-1.));
#8496 = ( GEOMETRIC_REPRESENTATION_CONTEXT(2) 
PARAMETRIC_REPRESENTATION_CONTEXT() REPRESENTATION_CONTEXT('2D SPACE',''
  ) );
#8497 = PCURVE('',#6539,#8498);
#8498 = DEFINITIONAL_REPRESENTATION('',(#8499),#8503);
#8499 = LINE('',#8500,#8501);
#8500 = CARTESIAN_POINT('',(-0.,0.));
#8501 = VECTOR('',#8502,1.);
#8502 = DIRECTION('',(-0.,-1.));
#8503 = ( GEOMETRIC_REPRESENTATION_CONTEXT(2) 
PARAMETRIC_REPRESENTATION_CONTEXT() REPRESENTATION_CONTEXT('2D SPACE',''
  ) );
#8504 = ORIENTED_EDGE('',*,*,#6518,.T.);
#8505 = ORIENTED_EDGE('',*,*,#8484,.T.);
#8506 = ORIENTED_EDGE('',*,*,#6939,.F.);
#8507 = ADVANCED_FACE('',(#8508),#6574,.F.);
#8508 = FACE_BOUND('',#8509,.T.);
#8509 = EDGE_LOOP('',(#8510,#8531,#8532,#8533));
#8510 = ORIENTED_EDGE('',*,*,#8511,.F.);
#8511 = EDGE_CURVE('',#6554,#6974,#8512,.T.);
#8512 = SEAM_CURVE('',#8513,(#8517,#8524),.PCURVE_S1.);
#8513 = LINE('',#8514,#8515);
#8514 = CARTESIAN_POINT('',(-19.1945821,31.9746758,104.2));
#8515 = VECTOR('',#8516,1.);
#8516 = DIRECTION('',(0.,0.,1.));
#8517 = PCURVE('',#6574,#8518);
#8518 = DEFINITIONAL_REPRESENTATION('',(#8519),#8523);
#8519 = LINE('',#8520,#8521);
#8520 = CARTESIAN_POINT('',(-6.28318530718,0.));
#8521 = VECTOR('',#8522,1.);
#8522 = DIRECTION('',(-0.,-1.));
#8523 = ( GEOMETRIC_REPRESENTATION_CONTEXT(2) 
PARAMETRIC_REPRESENTATION_CONTEXT() REPRESENTATION_CONTEXT('2D SPACE',''
  ) );
#8524 = PCURVE('',#6574,#8525);
#8525 = DEFINITIONAL_REPRESENTATION('',(#8526),#8530);
#8526 = LINE('',#8527,#8528);
#8527 = CARTESIAN_POINT('',(-0.,0.));
#8528 = VECTOR('',#8529,1.);
#8529 = DIRECTION('',(-0.,-1.));
#8530 = ( GEOMETRIC_REPRESENTATION_CONTEXT(2) 
PARAMETRIC_REPRESENTATION_CONTEXT() REPRESENTATION_CONTEXT('2D SPACE',''
  ) );
#8531 = ORIENTED_EDGE('',*,*,#6553,.T.);
#8532 = ORIENTED_EDGE('',*,*,#8511,.T.);
#8533 = ORIENTED_EDGE('',*,*,#6973,.F.);
#8534 = ADVANCED_FACE('',(#8535),#6609,.F.);
#8535 = FACE_BOUND('',#8536,.T.);
#8536 = EDGE_LOOP('',(#8537,#8558,#8559,#8560));
#8537 = ORIENTED_EDGE('',*,*,#8538,.F.);
#8538 = EDGE_CURVE('',#6589,#7008,#8539,.T.);
#8539 = SEAM_CURVE('',#8540,(#8544,#8551),.PCURVE_S1.);
#8540 = LINE('',#8541,#8542);
#8541 = CARTESIAN_POINT('',(-5.3260318,37.7472348,104.2));
#8542 = VECTOR('',#8543,1.);
#8543 = DIRECTION('',(0.,0.,1.));
#8544 = PCURVE('',#6609,#8545);
#8545 = DEFINITIONAL_REPRESENTATION('',(#8546),#8550);
#8546 = LINE('',#8547,#8548);
#8547 = CARTESIAN_POINT('',(-6.28318530718,0.));
#8548 = VECTOR('',#8549,1.);
#8549 = DIRECTION('',(-0.,-1.));
#8550 = ( GEOMETRIC_REPRESENTATION_CONTEXT(2) 
PARAMETRIC_REPRESENTATION_CONTEXT() REPRESENTATION_CONTEXT('2D SPACE',''
  ) );
#8551 = PCURVE('',#6609,#8552);
#8552 = DEFINITIONAL_REPRESENTATION('',(#8553),#8557);
#8553 = LINE('',#8554,#8555);
#8554 = CARTESIAN_POINT('',(-0.,0.));
#8555 = VECTOR('',#8556,1.);
#8556 = DIRECTION('',(-0.,-1.));
#8557 = ( GEOMETRIC_REPRESENTATION_CONTEXT(2) 
PARAMETRIC_REPRESENTATION_CONTEXT() REPRESENTATION_CONTEXT('2D SPACE',''
  ) );
#8558 = ORIENTED_EDGE('',*,*,#6588,.T.);
#8559 = ORIENTED_EDGE('',*,*,#8538,.T.);
#8560 = ORIENTED_EDGE('',*,*,#7007,.F.);
#8561 = ADVANCED_FACE('',(#8562),#6644,.F.);
#8562 = FACE_BOUND('',#8563,.T.);
#8563 = EDGE_LOOP('',(#8564,#8565,#8586,#8587));
#8564 = ORIENTED_EDGE('',*,*,#6623,.T.);
#8565 = ORIENTED_EDGE('',*,*,#8566,.T.);
#8566 = EDGE_CURVE('',#6624,#7039,#8567,.T.);
#8567 = SEAM_CURVE('',#8568,(#8572,#8579),.PCURVE_S1.);
#8568 = LINE('',#8569,#8570);
#8569 = CARTESIAN_POINT('',(34.8,0.,104.2));
#8570 = VECTOR('',#8571,1.);
#8571 = DIRECTION('',(0.,0.,1.));
#8572 = PCURVE('',#6644,#8573);
#8573 = DEFINITIONAL_REPRESENTATION('',(#8574),#8578);
#8574 = LINE('',#8575,#8576);
#8575 = CARTESIAN_POINT('',(-6.28318530718,0.));
#8576 = VECTOR('',#8577,1.);
#8577 = DIRECTION('',(-0.,-1.));
#8578 = ( GEOMETRIC_REPRESENTATION_CONTEXT(2) 
PARAMETRIC_REPRESENTATION_CONTEXT() REPRESENTATION_CONTEXT('2D SPACE',''
  ) );
#8579 = PCURVE('',#6644,#8580);
#8580 = DEFINITIONAL_REPRESENTATION('',(#8581),#8585);
#8581 = LINE('',#8582,#8583);
#8582 = CARTESIAN_POINT('',(-0.,0.));
#8583 = VECTOR('',#8584,1.);
#8584 = DIRECTION('',(-0.,-1.));
#8585 = ( GEOMETRIC_REPRESENTATION_CONTEXT(2) 
PARAMETRIC_REPRESENTATION_CONTEXT() REPRESENTATION_CONTEXT('2D SPACE',''
  ) );
#8586 = ORIENTED_EDGE('',*,*,#7038,.T.);
#8587 = ORIENTED_EDGE('',*,*,#8566,.F.);
#8588 = ADVANCED_FACE('',(#8589),#6679,.F.);
#8589 = FACE_BOUND('',#8590,.T.);
#8590 = EDGE_LOOP('',(#8591,#8612,#8613,#8614));
#8591 = ORIENTED_EDGE('',*,*,#8592,.F.);
#8592 = EDGE_CURVE('',#6659,#7256,#8593,.T.);
#8593 = SEAM_CURVE('',#8594,(#8598,#8605),.PCURVE_S1.);
#8594 = LINE('',#8595,#8596);
#8595 = CARTESIAN_POINT('',(40.0231196,-7.4459007,104.2));
#8596 = VECTOR('',#8597,1.);
#8597 = DIRECTION('',(0.,0.,1.));
#8598 = PCURVE('',#6679,#8599);
#8599 = DEFINITIONAL_REPRESENTATION('',(#8600),#8604);
#8600 = LINE('',#8601,#8602);
#8601 = CARTESIAN_POINT('',(-6.28318530718,0.));
#8602 = VECTOR('',#8603,1.);
#8603 = DIRECTION('',(-0.,-1.));
#8604 = ( GEOMETRIC_REPRESENTATION_CONTEXT(2) 
PARAMETRIC_REPRESENTATION_CONTEXT() REPRESENTATION_CONTEXT('2D SPACE',''
  ) );
#8605 = PCURVE('',#6679,#8606);
#8606 = DEFINITIONAL_REPRESENTATION('',(#8607),#8611);
#8607 = LINE('',#8608,#8609);
#8608 = CARTESIAN_POINT('',(-0.,0.));
#8609 = VECTOR('',#8610,1.);
#8610 = DIRECTION('',(-0.,-1.));
#8611 = ( GEOMETRIC_REPRESENTATION_CONTEXT(2) 
PARAMETRIC_REPRESENTATION_CONTEXT() REPRESENTATION_CONTEXT('2D SPACE',''
  ) );
#8612 = ORIENTED_EDGE('',*,*,#6658,.T.);
#8613 = ORIENTED_EDGE('',*,*,#8592,.T.);
#8614 = ORIENTED_EDGE('',*,*,#7255,.F.);
#8615 = ADVANCED_FACE('',(#8616),#6714,.F.);
#8616 = FACE_BOUND('',#8617,.T.);
#8617 = EDGE_LOOP('',(#8618,#8639,#8640,#8641));
#8618 = ORIENTED_EDGE('',*,*,#8619,.F.);
#8619 = EDGE_CURVE('',#6694,#7072,#8620,.T.);
#8620 = SEAM_CURVE('',#8621,(#8625,#8632),.PCURVE_S1.);
#8621 = LINE('',#8622,#8623);
#8622 = CARTESIAN_POINT('',(39.9972349,7.5760318,104.2));
#8623 = VECTOR('',#8624,1.);
#8624 = DIRECTION('',(0.,0.,1.));
#8625 = PCURVE('',#6714,#8626);
#8626 = DEFINITIONAL_REPRESENTATION('',(#8627),#8631);
#8627 = LINE('',#8628,#8629);
#8628 = CARTESIAN_POINT('',(-6.28318530718,0.));
#8629 = VECTOR('',#8630,1.);
#8630 = DIRECTION('',(-0.,-1.));
#8631 = ( GEOMETRIC_REPRESENTATION_CONTEXT(2) 
PARAMETRIC_REPRESENTATION_CONTEXT() REPRESENTATION_CONTEXT('2D SPACE',''
  ) );
#8632 = PCURVE('',#6714,#8633);
#8633 = DEFINITIONAL_REPRESENTATION('',(#8634),#8638);
#8634 = LINE('',#8635,#8636);
#8635 = CARTESIAN_POINT('',(-0.,0.));
#8636 = VECTOR('',#8637,1.);
#8637 = DIRECTION('',(-0.,-1.));
#8638 = ( GEOMETRIC_REPRESENTATION_CONTEXT(2) 
PARAMETRIC_REPRESENTATION_CONTEXT() REPRESENTATION_CONTEXT('2D SPACE',''
  ) );
#8639 = ORIENTED_EDGE('',*,*,#6693,.T.);
#8640 = ORIENTED_EDGE('',*,*,#8619,.T.);
#8641 = ORIENTED_EDGE('',*,*,#7071,.F.);
#8642 = ADVANCED_FACE('',(#8643),#6749,.F.);
#8643 = FACE_BOUND('',#8644,.T.);
#8644 = EDGE_LOOP('',(#8645,#8666,#8667,#8668));
#8645 = ORIENTED_EDGE('',*,*,#8646,.F.);
#8646 = EDGE_CURVE('',#6729,#7140,#8647,.T.);
#8647 = SEAM_CURVE('',#8648,(#8652,#8659),.PCURVE_S1.);
#8648 = LINE('',#8649,#8650);
#8649 = CARTESIAN_POINT('',(9.6959007,37.7731195,104.2));
#8650 = VECTOR('',#8651,1.);
#8651 = DIRECTION('',(0.,0.,1.));
#8652 = PCURVE('',#6749,#8653);
#8653 = DEFINITIONAL_REPRESENTATION('',(#8654),#8658);
#8654 = LINE('',#8655,#8656);
#8655 = CARTESIAN_POINT('',(-6.28318530718,0.));
#8656 = VECTOR('',#8657,1.);
#8657 = DIRECTION('',(-0.,-1.));
#8658 = ( GEOMETRIC_REPRESENTATION_CONTEXT(2) 
PARAMETRIC_REPRESENTATION_CONTEXT() REPRESENTATION_CONTEXT('2D SPACE',''
  ) );
#8659 = PCURVE('',#6749,#8660);
#8660 = DEFINITIONAL_REPRESENTATION('',(#8661),#8665);
#8661 = LINE('',#8662,#8663);
#8662 = CARTESIAN_POINT('',(-0.,0.));
#8663 = VECTOR('',#8664,1.);
#8664 = DIRECTION('',(-0.,-1.));
#8665 = ( GEOMETRIC_REPRESENTATION_CONTEXT(2) 
PARAMETRIC_REPRESENTATION_CONTEXT() REPRESENTATION_CONTEXT('2D SPACE',''
  ) );
#8666 = ORIENTED_EDGE('',*,*,#6728,.T.);
#8667 = ORIENTED_EDGE('',*,*,#8646,.T.);
#8668 = ORIENTED_EDGE('',*,*,#7139,.F.);
#8669 = ADVANCED_FACE('',(#8670),#6784,.F.);
#8670 = FACE_BOUND('',#8671,.T.);
#8671 = EDGE_LOOP('',(#8672,#8693,#8694,#8695));
#8672 = ORIENTED_EDGE('',*,*,#8673,.F.);
#8673 = EDGE_CURVE('',#6764,#7174,#8674,.T.);
#8674 = SEAM_CURVE('',#8675,(#8679,#8686),.PCURVE_S1.);
#8675 = LINE('',#8676,#8677);
#8676 = CARTESIAN_POINT('',(23.5842623,32.0483892,104.2));
#8677 = VECTOR('',#8678,1.);
#8678 = DIRECTION('',(0.,0.,1.));
#8679 = PCURVE('',#6784,#8680);
#8680 = DEFINITIONAL_REPRESENTATION('',(#8681),#8685);
#8681 = LINE('',#8682,#8683);
#8682 = CARTESIAN_POINT('',(-6.28318530718,0.));
#8683 = VECTOR('',#8684,1.);
#8684 = DIRECTION('',(-0.,-1.));
#8685 = ( GEOMETRIC_REPRESENTATION_CONTEXT(2) 
PARAMETRIC_REPRESENTATION_CONTEXT() REPRESENTATION_CONTEXT('2D SPACE',''
  ) );
#8686 = PCURVE('',#6784,#8687);
#8687 = DEFINITIONAL_REPRESENTATION('',(#8688),#8692);
#8688 = LINE('',#8689,#8690);
#8689 = CARTESIAN_POINT('',(-0.,0.));
#8690 = VECTOR('',#8691,1.);
#8691 = DIRECTION('',(-0.,-1.));
#8692 = ( GEOMETRIC_REPRESENTATION_CONTEXT(2) 
PARAMETRIC_REPRESENTATION_CONTEXT() REPRESENTATION_CONTEXT('2D SPACE',''
  ) );
#8693 = ORIENTED_EDGE('',*,*,#6763,.T.);
#8694 = ORIENTED_EDGE('',*,*,#8673,.T.);
#8695 = ORIENTED_EDGE('',*,*,#7173,.F.);
#8696 = ADVANCED_FACE('',(#8697),#6819,.F.);
#8697 = FACE_BOUND('',#8698,.T.);
#8698 = EDGE_LOOP('',(#8699,#8720,#8721,#8722));
#8699 = ORIENTED_EDGE('',*,*,#8700,.F.);
#8700 = EDGE_CURVE('',#6799,#7106,#8701,.T.);
#8701 = SEAM_CURVE('',#8702,(#8706,#8713),.PCURVE_S1.);
#8702 = LINE('',#8703,#8704);
#8703 = CARTESIAN_POINT('',(34.2246759,21.4445821,104.2));
#8704 = VECTOR('',#8705,1.);
#8705 = DIRECTION('',(0.,0.,1.));
#8706 = PCURVE('',#6819,#8707);
#8707 = DEFINITIONAL_REPRESENTATION('',(#8708),#8712);
#8708 = LINE('',#8709,#8710);
#8709 = CARTESIAN_POINT('',(-6.28318530718,0.));
#8710 = VECTOR('',#8711,1.);
#8711 = DIRECTION('',(-0.,-1.));
#8712 = ( GEOMETRIC_REPRESENTATION_CONTEXT(2) 
PARAMETRIC_REPRESENTATION_CONTEXT() REPRESENTATION_CONTEXT('2D SPACE',''
  ) );
#8713 = PCURVE('',#6819,#8714);
#8714 = DEFINITIONAL_REPRESENTATION('',(#8715),#8719);
#8715 = LINE('',#8716,#8717);
#8716 = CARTESIAN_POINT('',(-0.,0.));
#8717 = VECTOR('',#8718,1.);
#8718 = DIRECTION('',(-0.,-1.));
#8719 = ( GEOMETRIC_REPRESENTATION_CONTEXT(2) 
PARAMETRIC_REPRESENTATION_CONTEXT() REPRESENTATION_CONTEXT('2D SPACE',''
  ) );
#8720 = ORIENTED_EDGE('',*,*,#6798,.T.);
#8721 = ORIENTED_EDGE('',*,*,#8700,.T.);
#8722 = ORIENTED_EDGE('',*,*,#7105,.F.);
#8723 = ADVANCED_FACE('',(#8724),#7303,.T.);
#8724 = FACE_BOUND('',#8725,.F.);
#8725 = EDGE_LOOP('',(#8726,#8727));
#8726 = ORIENTED_EDGE('',*,*,#7286,.T.);
#8727 = ORIENTED_EDGE('',*,*,#8728,.T.);
#8728 = EDGE_CURVE('',#7205,#7287,#8729,.T.);
#8729 = SURFACE_CURVE('',#8730,(#8735,#8742),.PCURVE_S1.);
#8730 = CIRCLE('',#8731,8.);
#8731 = AXIS2_PLACEMENT_3D('',#8732,#8733,#8734);
#8732 = CARTESIAN_POINT('',(57.,-26.,127.2));
#8733 = DIRECTION('',(0.,0.,1.));
#8734 = DIRECTION('',(1.,0.,0.));
#8735 = PCURVE('',#7303,#8736);
#8736 = DEFINITIONAL_REPRESENTATION('',(#8737),#8741);
#8737 = LINE('',#8738,#8739);
#8738 = CARTESIAN_POINT('',(-0.,-16.));
#8739 = VECTOR('',#8740,1.);
#8740 = DIRECTION('',(-1.,0.));
#8741 = ( GEOMETRIC_REPRESENTATION_CONTEXT(2) 
PARAMETRIC_REPRESENTATION_CONTEXT() REPRESENTATION_CONTEXT('2D SPACE',''
  ) );
#8742 = PCURVE('',#7421,#8743);
#8743 = DEFINITIONAL_REPRESENTATION('',(#8744),#8748);
#8744 = CIRCLE('',#8745,8.);
#8745 = AXIS2_PLACEMENT_2D('',#8746,#8747);
#8746 = CARTESIAN_POINT('',(0.,26.));
#8747 = DIRECTION('',(1.,0.));
#8748 = ( GEOMETRIC_REPRESENTATION_CONTEXT(2) 
PARAMETRIC_REPRESENTATION_CONTEXT() REPRESENTATION_CONTEXT('2D SPACE',''
  ) );
#8749 = ADVANCED_FACE('',(#8750,#8754),#7421,.T.);
#8750 = FACE_BOUND('',#8751,.T.);
#8751 = EDGE_LOOP('',(#8752,#8753));
#8752 = ORIENTED_EDGE('',*,*,#7406,.F.);
#8753 = ORIENTED_EDGE('',*,*,#8728,.T.);
#8754 = FACE_BOUND('',#8755,.T.);
#8755 = EDGE_LOOP('',(#8756));
#8756 = ORIENTED_EDGE('',*,*,#8427,.T.);
#8757 = ADVANCED_FACE('',(#8758),#7560,.T.);
#8758 = FACE_BOUND('',#8759,.F.);
#8759 = EDGE_LOOP('',(#8760,#8761));
#8760 = ORIENTED_EDGE('',*,*,#7541,.T.);
#8761 = ORIENTED_EDGE('',*,*,#8762,.T.);
#8762 = EDGE_CURVE('',#7544,#7542,#8763,.T.);
#8763 = SURFACE_CURVE('',#8764,(#8769,#8776),.PCURVE_S1.);
#8764 = CIRCLE('',#8765,8.);
#8765 = AXIS2_PLACEMENT_3D('',#8766,#8767,#8768);
#8766 = CARTESIAN_POINT('',(57.,-52.,127.2));
#8767 = DIRECTION('',(0.,0.,1.));
#8768 = DIRECTION('',(1.,0.,0.));
#8769 = PCURVE('',#7560,#8770);
#8770 = DEFINITIONAL_REPRESENTATION('',(#8771),#8775);
#8771 = LINE('',#8772,#8773);
#8772 = CARTESIAN_POINT('',(-0.,-16.));
#8773 = VECTOR('',#8774,1.);
#8774 = DIRECTION('',(-1.,0.));
#8775 = ( GEOMETRIC_REPRESENTATION_CONTEXT(2) 
PARAMETRIC_REPRESENTATION_CONTEXT() REPRESENTATION_CONTEXT('2D SPACE',''
  ) );
#8776 = PCURVE('',#7834,#8777);
#8777 = DEFINITIONAL_REPRESENTATION('',(#8778),#8782);
#8778 = CIRCLE('',#8779,8.);
#8779 = AXIS2_PLACEMENT_2D('',#8780,#8781);
#8780 = CARTESIAN_POINT('',(0.,0.));
#8781 = DIRECTION('',(1.,0.));
#8782 = ( GEOMETRIC_REPRESENTATION_CONTEXT(2) 
PARAMETRIC_REPRESENTATION_CONTEXT() REPRESENTATION_CONTEXT('2D SPACE',''
  ) );
#8783 = ADVANCED_FACE('',(#8784),#7653,.F.);
#8784 = FACE_BOUND('',#8785,.F.);
#8785 = EDGE_LOOP('',(#8786,#8808,#8809));
#8786 = ORIENTED_EDGE('',*,*,#8787,.T.);
#8787 = EDGE_CURVE('',#7607,#7858,#8788,.T.);
#8788 = SURFACE_CURVE('',#8789,(#8794,#8801),.PCURVE_S1.);
#8789 = CIRCLE('',#8790,64.5);
#8790 = AXIS2_PLACEMENT_3D('',#8791,#8792,#8793);
#8791 = CARTESIAN_POINT('',(0.,-45.2,170.));
#8792 = DIRECTION('',(-0.,1.,0.));
#8793 = DIRECTION('',(1.,0.,0.));
#8794 = PCURVE('',#7653,#8795);
#8795 = DEFINITIONAL_REPRESENTATION('',(#8796),#8800);
#8796 = CIRCLE('',#8797,64.5);
#8797 = AXIS2_PLACEMENT_2D('',#8798,#8799);
#8798 = CARTESIAN_POINT('',(1.356839821434E-15,-2.794368667571E-15));
#8799 = DIRECTION('',(1.,0.));
#8800 = ( GEOMETRIC_REPRESENTATION_CONTEXT(2) 
PARAMETRIC_REPRESENTATION_CONTEXT() REPRESENTATION_CONTEXT('2D SPACE',''
  ) );
#8801 = PCURVE('',#7623,#8802);
#8802 = DEFINITIONAL_REPRESENTATION('',(#8803),#8807);
#8803 = LINE('',#8804,#8805);
#8804 = CARTESIAN_POINT('',(-0.,-15.));
#8805 = VECTOR('',#8806,1.);
#8806 = DIRECTION('',(-1.,0.));
#8807 = ( GEOMETRIC_REPRESENTATION_CONTEXT(2) 
PARAMETRIC_REPRESENTATION_CONTEXT() REPRESENTATION_CONTEXT('2D SPACE',''
  ) );
#8808 = ORIENTED_EDGE('',*,*,#7884,.F.);
#8809 = ORIENTED_EDGE('',*,*,#7638,.T.);
#8810 = ADVANCED_FACE('',(#8811),#7623,.F.);
#8811 = FACE_BOUND('',#8812,.T.);
#8812 = EDGE_LOOP('',(#8813,#8814,#8815));
#8813 = ORIENTED_EDGE('',*,*,#7606,.F.);
#8814 = ORIENTED_EDGE('',*,*,#8787,.T.);
#8815 = ORIENTED_EDGE('',*,*,#7857,.T.);
#8816 = ADVANCED_FACE('',(#8817,#8821),#7834,.T.);
#8817 = FACE_BOUND('',#8818,.T.);
#8818 = EDGE_LOOP('',(#8819,#8820));
#8819 = ORIENTED_EDGE('',*,*,#7819,.F.);
#8820 = ORIENTED_EDGE('',*,*,#8762,.T.);
#8821 = FACE_BOUND('',#8822,.T.);
#8822 = EDGE_LOOP('',(#8823));
#8823 = ORIENTED_EDGE('',*,*,#8346,.T.);
#8824 = ( GEOMETRIC_REPRESENTATION_CONTEXT(3) 
GLOBAL_UNCERTAINTY_ASSIGNED_CONTEXT((#8828)) 
GLOBAL_UNIT_ASSIGNED_CONTEXT((#8825,#8826,#8827)) REPRESENTATION_CONTEXT
('Context #1','3D Context with UNIT and UNCERTAINTY') );
#8825 = ( LENGTH_UNIT() NAMED_UNIT(*) SI_UNIT(.MILLI.,.METRE.) );
#8826 = ( NAMED_UNIT(*) PLANE_ANGLE_UNIT() SI_UNIT($,.RADIAN.) );
#8827 = ( NAMED_UNIT(*) SI_UNIT($,.STERADIAN.) SOLID_ANGLE_UNIT() );
#8828 = UNCERTAINTY_MEASURE_WITH_UNIT(LENGTH_MEASURE(1.E-07),#8825,
  'distance_accuracy_value','confusion accuracy');
#8829 = CONTEXT_DEPENDENT_SHAPE_REPRESENTATION(#8830,#8832);
#8830 = ( REPRESENTATION_RELATIONSHIP('','',#40,#10) 
REPRESENTATION_RELATIONSHIP_WITH_TRANSFORMATION(#8831) 
SHAPE_REPRESENTATION_RELATIONSHIP() );
#8831 = ITEM_DEFINED_TRANSFORMATION('','',#11,#15);
#8832 = PRODUCT_DEFINITION_SHAPE('Placement','Placement of an item',
  #8833);
#8833 = NEXT_ASSEMBLY_USAGE_OCCURRENCE('1','','',#5,#35,$);
#8834 = PRODUCT_RELATED_PRODUCT_CATEGORY('part',$,(#37));
#8835 = SHAPE_DEFINITION_REPRESENTATION(#8836,#8842);
#8836 = PRODUCT_DEFINITION_SHAPE('','',#8837);
#8837 = PRODUCT_DEFINITION('design','',#8838,#8841);
#8838 = PRODUCT_DEFINITION_FORMATION('','',#8839);
#8839 = PRODUCT('Open CASCADE STEP translator 7.9 4.2',
  'Open CASCADE STEP translator 7.9 4.2','',(#8840));
#8840 = PRODUCT_CONTEXT('',#2,'mechanical');
#8841 = PRODUCT_DEFINITION_CONTEXT('part definition',#2,'design');
#8842 = ADVANCED_BREP_SHAPE_REPRESENTATION('',(#11,#8843),#11651);
#8843 = MANIFOLD_SOLID_BREP('',#8844);
#8844 = CLOSED_SHELL('',(#8845,#9247,#9738,#9982,#10066,#10071,#10472,
    #10668,#10775,#10781,#10824,#10849,#10874,#10949,#11024,#11051,
    #11078,#11105,#11132,#11159,#11186,#11213,#11240,#11267,#11316,
    #11365,#11392,#11446,#11459,#11508,#11557,#11584,#11638));
#8845 = ADVANCED_FACE('',(#8846),#8861,.T.);
#8846 = FACE_BOUND('',#8847,.F.);
#8847 = EDGE_LOOP('',(#8848,#8884,#8910,#8959,#8985,#9029,#9050,#9083,
    #9109,#9158,#9184,#9228));
#8848 = ORIENTED_EDGE('',*,*,#8849,.F.);
#8849 = EDGE_CURVE('',#8850,#8852,#8854,.T.);
#8850 = VERTEX_POINT('',#8851);
#8851 = CARTESIAN_POINT('',(-57.15382751837,-59.7,141.2));
#8852 = VERTEX_POINT('',#8853);
#8853 = CARTESIAN_POINT('',(57.153827518374,-59.7,141.2));
#8854 = SURFACE_CURVE('',#8855,(#8860,#8872),.PCURVE_S1.);
#8855 = CIRCLE('',#8856,64.);
#8856 = AXIS2_PLACEMENT_3D('',#8857,#8858,#8859);
#8857 = CARTESIAN_POINT('',(0.,-59.7,170.));
#8858 = DIRECTION('',(0.,1.,0.));
#8859 = DIRECTION('',(-0.893028554975,0.,-0.45));
#8860 = PCURVE('',#8861,#8866);
#8861 = CYLINDRICAL_SURFACE('',#8862,64.);
#8862 = AXIS2_PLACEMENT_3D('',#8863,#8864,#8865);
#8863 = CARTESIAN_POINT('',(0.,-59.7,170.));
#8864 = DIRECTION('',(-0.,-1.,0.));
#8865 = DIRECTION('',(1.,0.,0.));
#8866 = DEFINITIONAL_REPRESENTATION('',(#8867),#8871);
#8867 = LINE('',#8868,#8869);
#8868 = CARTESIAN_POINT('',(-2.674827314542,0.));
#8869 = VECTOR('',#8870,1.);
#8870 = DIRECTION('',(-1.,0.));
#8871 = ( GEOMETRIC_REPRESENTATION_CONTEXT(2) 
PARAMETRIC_REPRESENTATION_CONTEXT() REPRESENTATION_CONTEXT('2D SPACE',''
  ) );
#8872 = PCURVE('',#8873,#8878);
#8873 = PLANE('',#8874);
#8874 = AXIS2_PLACEMENT_3D('',#8875,#8876,#8877);
#8875 = CARTESIAN_POINT('',(-4.102320397618E-15,-59.7,170.));
#8876 = DIRECTION('',(0.,1.,0.));
#8877 = DIRECTION('',(1.,0.,0.));
#8878 = DEFINITIONAL_REPRESENTATION('',(#8879),#8883);
#8879 = CIRCLE('',#8880,64.);
#8880 = AXIS2_PLACEMENT_2D('',#8881,#8882);
#8881 = CARTESIAN_POINT('',(4.102320397618E-15,-5.592060957056E-15));
#8882 = DIRECTION('',(-0.893028554975,0.45));
#8883 = ( GEOMETRIC_REPRESENTATION_CONTEXT(2) 
PARAMETRIC_REPRESENTATION_CONTEXT() REPRESENTATION_CONTEXT('2D SPACE',''
  ) );
#8884 = ORIENTED_EDGE('',*,*,#8885,.F.);
#8885 = EDGE_CURVE('',#8886,#8850,#8888,.T.);
#8886 = VERTEX_POINT('',#8887);
#8887 = CARTESIAN_POINT('',(-57.15382751837,-54.49526293095,141.2));
#8888 = SURFACE_CURVE('',#8889,(#8893,#8899),.PCURVE_S1.);
#8889 = LINE('',#8890,#8891);
#8890 = CARTESIAN_POINT('',(-57.15382751837,-59.7,141.2));
#8891 = VECTOR('',#8892,1.);
#8892 = DIRECTION('',(-0.,-1.,0.));
#8893 = PCURVE('',#8861,#8894);
#8894 = DEFINITIONAL_REPRESENTATION('',(#8895),#8898);
#8895 = B_SPLINE_CURVE_WITH_KNOTS('',1,(#8896,#8897),.UNSPECIFIED.,.F.,
  .F.,(2,2),(-14.,0.),.PIECEWISE_BEZIER_KNOTS.);
#8896 = CARTESIAN_POINT('',(-2.674827314542,-14.));
#8897 = CARTESIAN_POINT('',(-2.674827314542,0.));
#8898 = ( GEOMETRIC_REPRESENTATION_CONTEXT(2) 
PARAMETRIC_REPRESENTATION_CONTEXT() REPRESENTATION_CONTEXT('2D SPACE',''
  ) );
#8899 = PCURVE('',#8900,#8905);
#8900 = PLANE('',#8901);
#8901 = AXIS2_PLACEMENT_3D('',#8902,#8903,#8904);
#8902 = CARTESIAN_POINT('',(-65.,-60.,141.2));
#8903 = DIRECTION('',(0.,0.,1.));
#8904 = DIRECTION('',(1.,0.,0.));
#8905 = DEFINITIONAL_REPRESENTATION('',(#8906),#8909);
#8906 = B_SPLINE_CURVE_WITH_KNOTS('',1,(#8907,#8908),.UNSPECIFIED.,.F.,
  .F.,(2,2),(-14.0000006,5.999999999062E-07),.PIECEWISE_BEZIER_KNOTS.);
#8907 = CARTESIAN_POINT('',(7.846172481626,14.3000006));
#8908 = CARTESIAN_POINT('',(7.846172481626,0.2999994));
#8909 = ( GEOMETRIC_REPRESENTATION_CONTEXT(2) 
PARAMETRIC_REPRESENTATION_CONTEXT() REPRESENTATION_CONTEXT('2D SPACE',''
  ) );
#8910 = ORIENTED_EDGE('',*,*,#8911,.F.);
#8911 = EDGE_CURVE('',#8912,#8886,#8914,.T.);
#8912 = VERTEX_POINT('',#8913);
#8913 = CARTESIAN_POINT('',(-57.64685594202,-54.41486591558,142.2));
#8914 = SURFACE_CURVE('',#8915,(#8926,#8940),.PCURVE_S1.);
#8915 = B_SPLINE_CURVE_WITH_KNOTS('',5,(#8916,#8917,#8918,#8919,#8920,
    #8921,#8922,#8923,#8924,#8925),.UNSPECIFIED.,.F.,.F.,(6,4,6),(0.,
    8.718725260504E-02,1.),.UNSPECIFIED.);
#8916 = CARTESIAN_POINT('',(-57.64685623136,-54.41486583808,142.2000006)
  );
#8917 = CARTESIAN_POINT('',(-57.63846192979,-54.41711437139,
    142.18259394148));
#8918 = CARTESIAN_POINT('',(-57.6300583235,-54.41932630581,
    142.16518478056));
#8919 = CARTESIAN_POINT('',(-57.62164545192,-54.42150163941,
    142.14777322083));
#8920 = CARTESIAN_POINT('',(-57.61322335454,-54.42364036582,
    142.13035936534));
#8921 = CARTESIAN_POINT('',(-57.51652018612,-54.44775063726,
    141.93060483504));
#8922 = CARTESIAN_POINT('',(-57.42723991838,-54.46574548759,
    141.74802292101));
#8923 = CARTESIAN_POINT('',(-57.33699821562,-54.47971329757,
    141.56531846674));
#8924 = CARTESIAN_POINT('',(-57.24584378374,-54.48959032885,
    141.38260700554));
#8925 = CARTESIAN_POINT('',(-57.15382751837,-54.49526293095,141.2));
#8926 = PCURVE('',#8861,#8927);
#8927 = DEFINITIONAL_REPRESENTATION('',(#8928),#8939);
#8928 = B_SPLINE_CURVE_WITH_KNOTS('',5,(#8929,#8930,#8931,#8932,#8933,
    #8934,#8935,#8936,#8937,#8938),.UNSPECIFIED.,.F.,.F.,(6,4,6),(0.,
    8.718725260504E-02,1.),.UNSPECIFIED.);
#8929 = CARTESIAN_POINT('',(-2.692248383408,-5.285134161917));
#8930 = CARTESIAN_POINT('',(-2.691946430108,-5.282885628604));
#8931 = CARTESIAN_POINT('',(-2.691644378436,-5.28067369419));
#8932 = CARTESIAN_POINT('',(-2.691342230062,-5.278498360583));
#8933 = CARTESIAN_POINT('',(-2.691039986646,-5.276359634178));
#8934 = CARTESIAN_POINT('',(-2.687572314546,-5.252249362737));
#8935 = CARTESIAN_POINT('',(-2.684396690259,-5.23425451241));
#8936 = CARTESIAN_POINT('',(-2.681212730734,-5.220286702428));
#8937 = CARTESIAN_POINT('',(-2.678022323757,-5.21040967115));
#8938 = CARTESIAN_POINT('',(-2.674827314542,-5.204737069046));
#8939 = ( GEOMETRIC_REPRESENTATION_CONTEXT(2) 
PARAMETRIC_REPRESENTATION_CONTEXT() REPRESENTATION_CONTEXT('2D SPACE',''
  ) );
#8940 = PCURVE('',#8941,#8946);
#8941 = CYLINDRICAL_SURFACE('',#8942,2.5);
#8942 = AXIS2_PLACEMENT_3D('',#8943,#8944,#8945);
#8943 = CARTESIAN_POINT('',(-57.,-52.,126.2));
#8944 = DIRECTION('',(-0.,-0.,-1.));
#8945 = DIRECTION('',(1.,0.,0.));
#8946 = DEFINITIONAL_REPRESENTATION('',(#8947),#8958);
#8947 = B_SPLINE_CURVE_WITH_KNOTS('',5,(#8948,#8949,#8950,#8951,#8952,
    #8953,#8954,#8955,#8956,#8957),.UNSPECIFIED.,.F.,.F.,(6,4,6),(0.,
    8.718725260504E-02,1.),.UNSPECIFIED.);
#8948 = CARTESIAN_POINT('',(-4.450668844781,-16.0000006));
#8949 = CARTESIAN_POINT('',(-4.454144939165,-15.98259394148));
#8950 = CARTESIAN_POINT('',(-4.457620840816,-15.96518478056));
#8951 = CARTESIAN_POINT('',(-4.461096621797,-15.94777322083));
#8952 = CARTESIAN_POINT('',(-4.464572353659,-15.93035936534));
#8953 = CARTESIAN_POINT('',(-4.504437743102,-15.73060483504));
#8954 = CARTESIAN_POINT('',(-4.54083039146,-15.54802292101));
#8955 = CARTESIAN_POINT('',(-4.577306916243,-15.36531846674));
#8956 = CARTESIAN_POINT('',(-4.613942699473,-15.18260700554));
#8957 = CARTESIAN_POINT('',(-4.650819080005,-15.));
#8958 = ( GEOMETRIC_REPRESENTATION_CONTEXT(2) 
PARAMETRIC_REPRESENTATION_CONTEXT() REPRESENTATION_CONTEXT('2D SPACE',''
  ) );
#8959 = ORIENTED_EDGE('',*,*,#8960,.F.);
#8960 = EDGE_CURVE('',#8961,#8912,#8963,.T.);
#8961 = VERTEX_POINT('',#8962);
#8962 = CARTESIAN_POINT('',(-57.64685594202,-49.58513408441,142.2));
#8963 = SURFACE_CURVE('',#8964,(#8968,#8974),.PCURVE_S1.);
#8964 = LINE('',#8965,#8966);
#8965 = CARTESIAN_POINT('',(-57.64685594202,-59.7,142.2));
#8966 = VECTOR('',#8967,1.);
#8967 = DIRECTION('',(-0.,-1.,0.));
#8968 = PCURVE('',#8861,#8969);
#8969 = DEFINITIONAL_REPRESENTATION('',(#8970),#8973);
#8970 = B_SPLINE_CURVE_WITH_KNOTS('',1,(#8971,#8972),.UNSPECIFIED.,.F.,
  .F.,(2,2),(-10.7,-4.7),.PIECEWISE_BEZIER_KNOTS.);
#8971 = CARTESIAN_POINT('',(-2.692248373,-10.7));
#8972 = CARTESIAN_POINT('',(-2.692248373,-4.7));
#8973 = ( GEOMETRIC_REPRESENTATION_CONTEXT(2) 
PARAMETRIC_REPRESENTATION_CONTEXT() REPRESENTATION_CONTEXT('2D SPACE',''
  ) );
#8974 = PCURVE('',#8975,#8980);
#8975 = PLANE('',#8976);
#8976 = AXIS2_PLACEMENT_3D('',#8977,#8978,#8979);
#8977 = CARTESIAN_POINT('',(57.,-52.,142.2));
#8978 = DIRECTION('',(0.,0.,1.));
#8979 = DIRECTION('',(1.,0.,-0.));
#8980 = DEFINITIONAL_REPRESENTATION('',(#8981),#8984);
#8981 = B_SPLINE_CURVE_WITH_KNOTS('',1,(#8982,#8983),.UNSPECIFIED.,.F.,
  .F.,(2,2),(-10.7,-4.7),.PIECEWISE_BEZIER_KNOTS.);
#8982 = CARTESIAN_POINT('',(-114.646855942,3.));
#8983 = CARTESIAN_POINT('',(-114.646855942,-3.));
#8984 = ( GEOMETRIC_REPRESENTATION_CONTEXT(2) 
PARAMETRIC_REPRESENTATION_CONTEXT() REPRESENTATION_CONTEXT('2D SPACE',''
  ) );
#8985 = ORIENTED_EDGE('',*,*,#8986,.F.);
#8986 = EDGE_CURVE('',#8987,#8961,#8989,.T.);
#8987 = VERTEX_POINT('',#8988);
#8988 = CARTESIAN_POINT('',(-57.15382751837,-49.50473706904,141.2));
#8989 = SURFACE_CURVE('',#8990,(#9001,#9015),.PCURVE_S1.);
#8990 = B_SPLINE_CURVE_WITH_KNOTS('',5,(#8991,#8992,#8993,#8994,#8995,
    #8996,#8997,#8998,#8999,#9000),.UNSPECIFIED.,.F.,.F.,(6,4,6),(0.,
    0.910362297113,1.),.UNSPECIFIED.);
#8991 = CARTESIAN_POINT('',(-57.15382751837,-49.50473706904,141.2));
#8992 = CARTESIAN_POINT('',(-57.24559675645,-49.51039444245,
    141.38211677794));
#8993 = CARTESIAN_POINT('',(-57.33650880946,-49.52023370355,
    141.56433750554));
#8994 = CARTESIAN_POINT('',(-57.42651314781,-49.53414211228,
    141.74655153281));
#8995 = CARTESIAN_POINT('',(-57.51556144853,-49.55205630836,
    141.92864425597));
#8996 = CARTESIAN_POINT('',(-57.61227647336,-49.57611936564,
    142.12840163659));
#8997 = CARTESIAN_POINT('',(-57.62093607972,-49.57831502915,
    142.1463051202));
#8998 = CARTESIAN_POINT('',(-57.62958593679,-49.58054938693,
    142.16420618344));
#8999 = CARTESIAN_POINT('',(-57.63822600165,-49.58282243188,
    142.18210471429));
#9000 = CARTESIAN_POINT('',(-57.64685623136,-49.58513416191,142.2000006)
  );
#9001 = PCURVE('',#8861,#9002);
#9002 = DEFINITIONAL_REPRESENTATION('',(#9003),#9014);
#9003 = B_SPLINE_CURVE_WITH_KNOTS('',5,(#9004,#9005,#9006,#9007,#9008,
    #9009,#9010,#9011,#9012,#9013),.UNSPECIFIED.,.F.,.F.,(6,4,6),(0.,
    0.910362297113,1.),.UNSPECIFIED.);
#9004 = CARTESIAN_POINT('',(-2.674827314542,-10.19526293095));
#9005 = CARTESIAN_POINT('',(-2.67801374642,-10.18960555754));
#9006 = CARTESIAN_POINT('',(-2.681195601685,-10.17976629645));
#9007 = CARTESIAN_POINT('',(-2.684371048488,-10.16585788771));
#9008 = CARTESIAN_POINT('',(-2.687538214172,-10.14794369164));
#9009 = CARTESIAN_POINT('',(-2.691006007084,-10.12388063435));
#9010 = CARTESIAN_POINT('',(-2.691316753511,-10.12168497084));
#9011 = CARTESIAN_POINT('',(-2.691627399579,-10.11945061306));
#9012 = CARTESIAN_POINT('',(-2.691937943484,-10.11717756811));
#9013 = CARTESIAN_POINT('',(-2.692248383408,-10.11486583808));
#9014 = ( GEOMETRIC_REPRESENTATION_CONTEXT(2) 
PARAMETRIC_REPRESENTATION_CONTEXT() REPRESENTATION_CONTEXT('2D SPACE',''
  ) );
#9015 = PCURVE('',#8941,#9016);
#9016 = DEFINITIONAL_REPRESENTATION('',(#9017),#9028);
#9017 = B_SPLINE_CURVE_WITH_KNOTS('',5,(#9018,#9019,#9020,#9021,#9022,
    #9023,#9024,#9025,#9026,#9027),.UNSPECIFIED.,.F.,.F.,(6,4,6),(0.,
    0.910362297113,1.),.UNSPECIFIED.);
#9018 = CARTESIAN_POINT('',(-1.632366227175,-15.));
#9019 = CARTESIAN_POINT('',(-1.669143609207,-15.18211677794));
#9020 = CARTESIAN_POINT('',(-1.705681694962,-15.36433750554));
#9021 = CARTESIAN_POINT('',(-1.742061152912,-15.54655153281));
#9022 = CARTESIAN_POINT('',(-1.778356774408,-15.72864425597));
#9023 = CARTESIAN_POINT('',(-1.818222201543,-15.92840163659));
#9024 = CARTESIAN_POINT('',(-1.821795617352,-15.9463051202));
#9025 = CARTESIAN_POINT('',(-1.825369080851,-15.96420618344));
#9026 = CARTESIAN_POINT('',(-1.828942669775,-15.98210471429));
#9027 = CARTESIAN_POINT('',(-1.832516462398,-16.0000006));
#9028 = ( GEOMETRIC_REPRESENTATION_CONTEXT(2) 
PARAMETRIC_REPRESENTATION_CONTEXT() REPRESENTATION_CONTEXT('2D SPACE',''
  ) );
#9029 = ORIENTED_EDGE('',*,*,#9030,.F.);
#9030 = EDGE_CURVE('',#9031,#8987,#9033,.T.);
#9031 = VERTEX_POINT('',#9032);
#9032 = CARTESIAN_POINT('',(-57.15382751837,-45.7,141.2));
#9033 = SURFACE_CURVE('',#9034,(#9038,#9044),.PCURVE_S1.);
#9034 = LINE('',#9035,#9036);
#9035 = CARTESIAN_POINT('',(-57.15382751837,-59.7,141.2));
#9036 = VECTOR('',#9037,1.);
#9037 = DIRECTION('',(-0.,-1.,0.));
#9038 = PCURVE('',#8861,#9039);
#9039 = DEFINITIONAL_REPRESENTATION('',(#9040),#9043);
#9040 = B_SPLINE_CURVE_WITH_KNOTS('',1,(#9041,#9042),.UNSPECIFIED.,.F.,
  .F.,(2,2),(-14.,0.),.PIECEWISE_BEZIER_KNOTS.);
#9041 = CARTESIAN_POINT('',(-2.674827314542,-14.));
#9042 = CARTESIAN_POINT('',(-2.674827314542,0.));
#9043 = ( GEOMETRIC_REPRESENTATION_CONTEXT(2) 
PARAMETRIC_REPRESENTATION_CONTEXT() REPRESENTATION_CONTEXT('2D SPACE',''
  ) );
#9044 = PCURVE('',#8900,#9045);
#9045 = DEFINITIONAL_REPRESENTATION('',(#9046),#9049);
#9046 = B_SPLINE_CURVE_WITH_KNOTS('',1,(#9047,#9048),.UNSPECIFIED.,.F.,
  .F.,(2,2),(-14.0000006,5.999999999062E-07),.PIECEWISE_BEZIER_KNOTS.);
#9047 = CARTESIAN_POINT('',(7.846172481626,14.3000006));
#9048 = CARTESIAN_POINT('',(7.846172481626,0.2999994));
#9049 = ( GEOMETRIC_REPRESENTATION_CONTEXT(2) 
PARAMETRIC_REPRESENTATION_CONTEXT() REPRESENTATION_CONTEXT('2D SPACE',''
  ) );
#9050 = ORIENTED_EDGE('',*,*,#9051,.F.);
#9051 = EDGE_CURVE('',#9052,#9031,#9054,.T.);
#9052 = VERTEX_POINT('',#9053);
#9053 = CARTESIAN_POINT('',(57.153827518374,-45.7,141.2));
#9054 = SURFACE_CURVE('',#9055,(#9060,#9067),.PCURVE_S1.);
#9055 = CIRCLE('',#9056,64.);
#9056 = AXIS2_PLACEMENT_3D('',#9057,#9058,#9059);
#9057 = CARTESIAN_POINT('',(0.,-45.7,170.));
#9058 = DIRECTION('',(0.,-1.,0.));
#9059 = DIRECTION('',(0.893028554975,0.,-0.45));
#9060 = PCURVE('',#8861,#9061);
#9061 = DEFINITIONAL_REPRESENTATION('',(#9062),#9066);
#9062 = LINE('',#9063,#9064);
#9063 = CARTESIAN_POINT('',(-6.749950646227,-14.));
#9064 = VECTOR('',#9065,1.);
#9065 = DIRECTION('',(1.,-0.));
#9066 = ( GEOMETRIC_REPRESENTATION_CONTEXT(2) 
PARAMETRIC_REPRESENTATION_CONTEXT() REPRESENTATION_CONTEXT('2D SPACE',''
  ) );
#9067 = PCURVE('',#9068,#9073);
#9068 = PLANE('',#9069);
#9069 = AXIS2_PLACEMENT_3D('',#9070,#9071,#9072);
#9070 = CARTESIAN_POINT('',(-4.102320397618E-15,-45.7,170.));
#9071 = DIRECTION('',(0.,1.,0.));
#9072 = DIRECTION('',(1.,0.,0.));
#9073 = DEFINITIONAL_REPRESENTATION('',(#9074),#9082);
#9074 = ( BOUNDED_CURVE() B_SPLINE_CURVE(2,(#9075,#9076,#9077,#9078,
#9079,#9080,#9081),.UNSPECIFIED.,.T.,.F.) B_SPLINE_CURVE_WITH_KNOTS((1,2
    ,2,2,2,1),(-2.094395102393,0.,2.094395102393,4.188790204786,
6.28318530718,8.377580409573),.UNSPECIFIED.) CURVE() 
GEOMETRIC_REPRESENTATION_ITEM() RATIONAL_B_SPLINE_CURVE((1.,0.5,1.,0.5,
1.,0.5,1.)) REPRESENTATION_ITEM('') );
#9075 = CARTESIAN_POINT('',(57.153827518374,28.8));
#9076 = CARTESIAN_POINT('',(107.03689077635,-70.19333310885));
#9077 = CARTESIAN_POINT('',(-3.635382130195,-63.89666655442));
#9078 = CARTESIAN_POINT('',(-114.3076550367,-57.6));
#9079 = CARTESIAN_POINT('',(-53.51844538817,35.096666554426));
#9080 = CARTESIAN_POINT('',(7.27076426039,127.79333310885));
#9081 = CARTESIAN_POINT('',(57.153827518374,28.8));
#9082 = ( GEOMETRIC_REPRESENTATION_CONTEXT(2) 
PARAMETRIC_REPRESENTATION_CONTEXT() REPRESENTATION_CONTEXT('2D SPACE',''
  ) );
#9083 = ORIENTED_EDGE('',*,*,#9084,.T.);
#9084 = EDGE_CURVE('',#9052,#9085,#9087,.T.);
#9085 = VERTEX_POINT('',#9086);
#9086 = CARTESIAN_POINT('',(57.153827518374,-49.50473706904,141.2));
#9087 = SURFACE_CURVE('',#9088,(#9092,#9098),.PCURVE_S1.);
#9088 = LINE('',#9089,#9090);
#9089 = CARTESIAN_POINT('',(57.153827518374,-59.7,141.2));
#9090 = VECTOR('',#9091,1.);
#9091 = DIRECTION('',(-0.,-1.,0.));
#9092 = PCURVE('',#8861,#9093);
#9093 = DEFINITIONAL_REPRESENTATION('',(#9094),#9097);
#9094 = B_SPLINE_CURVE_WITH_KNOTS('',1,(#9095,#9096),.UNSPECIFIED.,.F.,
  .F.,(2,2),(-14.,0.),.PIECEWISE_BEZIER_KNOTS.);
#9095 = CARTESIAN_POINT('',(-6.749950646227,-14.));
#9096 = CARTESIAN_POINT('',(-6.749950646227,0.));
#9097 = ( GEOMETRIC_REPRESENTATION_CONTEXT(2) 
PARAMETRIC_REPRESENTATION_CONTEXT() REPRESENTATION_CONTEXT('2D SPACE',''
  ) );
#9098 = PCURVE('',#9099,#9104);
#9099 = PLANE('',#9100);
#9100 = AXIS2_PLACEMENT_3D('',#9101,#9102,#9103);
#9101 = CARTESIAN_POINT('',(49.,-60.,141.2));
#9102 = DIRECTION('',(0.,0.,1.));
#9103 = DIRECTION('',(1.,0.,0.));
#9104 = DEFINITIONAL_REPRESENTATION('',(#9105),#9108);
#9105 = B_SPLINE_CURVE_WITH_KNOTS('',1,(#9106,#9107),.UNSPECIFIED.,.F.,
  .F.,(2,2),(-14.0000006,5.999999999062E-07),.PIECEWISE_BEZIER_KNOTS.);
#9106 = CARTESIAN_POINT('',(8.153827518374,14.3000006));
#9107 = CARTESIAN_POINT('',(8.153827518374,0.2999994));
#9108 = ( GEOMETRIC_REPRESENTATION_CONTEXT(2) 
PARAMETRIC_REPRESENTATION_CONTEXT() REPRESENTATION_CONTEXT('2D SPACE',''
  ) );
#9109 = ORIENTED_EDGE('',*,*,#9110,.F.);
#9110 = EDGE_CURVE('',#9111,#9085,#9113,.T.);
#9111 = VERTEX_POINT('',#9112);
#9112 = CARTESIAN_POINT('',(57.64685594202,-49.58513408441,142.2));
#9113 = SURFACE_CURVE('',#9114,(#9125,#9139),.PCURVE_S1.);
#9114 = B_SPLINE_CURVE_WITH_KNOTS('',5,(#9115,#9116,#9117,#9118,#9119,
    #9120,#9121,#9122,#9123,#9124),.UNSPECIFIED.,.F.,.F.,(6,4,6),(0.,
    8.718725260512E-02,1.),.UNSPECIFIED.);
#9115 = CARTESIAN_POINT('',(57.646856231368,-49.58513416191,142.2000006)
  );
#9116 = CARTESIAN_POINT('',(57.63846192979,-49.5828856286,
    142.18259394148));
#9117 = CARTESIAN_POINT('',(57.630058323507,-49.58067369419,
    142.16518478056));
#9118 = CARTESIAN_POINT('',(57.621645451924,-49.57849836058,
    142.14777322083));
#9119 = CARTESIAN_POINT('',(57.613223354545,-49.57635963417,
    142.13035936534));
#9120 = CARTESIAN_POINT('',(57.516520186126,-49.55224936273,
    141.93060483504));
#9121 = CARTESIAN_POINT('',(57.427239918383,-49.53425451241,
    141.74802292101));
#9122 = CARTESIAN_POINT('',(57.336998215625,-49.52028670242,
    141.56531846674));
#9123 = CARTESIAN_POINT('',(57.245843783742,-49.51040967115,
    141.38260700554));
#9124 = CARTESIAN_POINT('',(57.153827518374,-49.50473706904,141.2));
#9125 = PCURVE('',#8861,#9126);
#9126 = DEFINITIONAL_REPRESENTATION('',(#9127),#9138);
#9127 = B_SPLINE_CURVE_WITH_KNOTS('',5,(#9128,#9129,#9130,#9131,#9132,
    #9133,#9134,#9135,#9136,#9137),.UNSPECIFIED.,.F.,.F.,(6,4,6),(0.,
    8.718725260512E-02,1.),.UNSPECIFIED.);
#9128 = CARTESIAN_POINT('',(-6.732529577361,-10.11486583808));
#9129 = CARTESIAN_POINT('',(-6.732831530662,-10.11711437139));
#9130 = CARTESIAN_POINT('',(-6.733133582333,-10.11932630581));
#9131 = CARTESIAN_POINT('',(-6.733435730707,-10.12150163941));
#9132 = CARTESIAN_POINT('',(-6.733737974123,-10.12364036582));
#9133 = CARTESIAN_POINT('',(-6.737205646224,-10.14775063726));
#9134 = CARTESIAN_POINT('',(-6.740381270511,-10.16574548759));
#9135 = CARTESIAN_POINT('',(-6.743565230036,-10.17971329757));
#9136 = CARTESIAN_POINT('',(-6.746755637013,-10.18959032885));
#9137 = CARTESIAN_POINT('',(-6.749950646227,-10.19526293095));
#9138 = ( GEOMETRIC_REPRESENTATION_CONTEXT(2) 
PARAMETRIC_REPRESENTATION_CONTEXT() REPRESENTATION_CONTEXT('2D SPACE',''
  ) );
#9139 = PCURVE('',#9140,#9145);
#9140 = CYLINDRICAL_SURFACE('',#9141,2.5);
#9141 = AXIS2_PLACEMENT_3D('',#9142,#9143,#9144);
#9142 = CARTESIAN_POINT('',(57.,-52.,126.2));
#9143 = DIRECTION('',(-0.,-0.,-1.));
#9144 = DIRECTION('',(1.,0.,0.));
#9145 = DEFINITIONAL_REPRESENTATION('',(#9146),#9157);
#9146 = B_SPLINE_CURVE_WITH_KNOTS('',5,(#9147,#9148,#9149,#9150,#9151,
    #9152,#9153,#9154,#9155,#9156),.UNSPECIFIED.,.F.,.F.,(6,4,6),(0.,
    8.718725260512E-02,1.),.UNSPECIFIED.);
#9147 = CARTESIAN_POINT('',(-1.309076191191,-16.0000006));
#9148 = CARTESIAN_POINT('',(-1.312552285576,-15.98259394148));
#9149 = CARTESIAN_POINT('',(-1.316028187226,-15.96518478056));
#9150 = CARTESIAN_POINT('',(-1.319503968207,-15.94777322083));
#9151 = CARTESIAN_POINT('',(-1.322979700069,-15.93035936534));
#9152 = CARTESIAN_POINT('',(-1.362845089512,-15.73060483504));
#9153 = CARTESIAN_POINT('',(-1.39923773787,-15.54802292101));
#9154 = CARTESIAN_POINT('',(-1.435714262654,-15.36531846674));
#9155 = CARTESIAN_POINT('',(-1.472350045883,-15.18260700554));
#9156 = CARTESIAN_POINT('',(-1.509226426415,-15.));
#9157 = ( GEOMETRIC_REPRESENTATION_CONTEXT(2) 
PARAMETRIC_REPRESENTATION_CONTEXT() REPRESENTATION_CONTEXT('2D SPACE',''
  ) );
#9158 = ORIENTED_EDGE('',*,*,#9159,.T.);
#9159 = EDGE_CURVE('',#9111,#9160,#9162,.T.);
#9160 = VERTEX_POINT('',#9161);
#9161 = CARTESIAN_POINT('',(57.64685594202,-54.41486591558,142.2));
#9162 = SURFACE_CURVE('',#9163,(#9167,#9173),.PCURVE_S1.);
#9163 = LINE('',#9164,#9165);
#9164 = CARTESIAN_POINT('',(57.64685594202,-59.7,142.2));
#9165 = VECTOR('',#9166,1.);
#9166 = DIRECTION('',(-0.,-1.,0.));
#9167 = PCURVE('',#8861,#9168);
#9168 = DEFINITIONAL_REPRESENTATION('',(#9169),#9172);
#9169 = B_SPLINE_CURVE_WITH_KNOTS('',1,(#9170,#9171),.UNSPECIFIED.,.F.,
  .F.,(2,2),(-10.7,-4.7),.PIECEWISE_BEZIER_KNOTS.);
#9170 = CARTESIAN_POINT('',(-6.732529587769,-10.7));
#9171 = CARTESIAN_POINT('',(-6.732529587769,-4.7));
#9172 = ( GEOMETRIC_REPRESENTATION_CONTEXT(2) 
PARAMETRIC_REPRESENTATION_CONTEXT() REPRESENTATION_CONTEXT('2D SPACE',''
  ) );
#9173 = PCURVE('',#9174,#9179);
#9174 = PLANE('',#9175);
#9175 = AXIS2_PLACEMENT_3D('',#9176,#9177,#9178);
#9176 = CARTESIAN_POINT('',(57.,-52.,142.2));
#9177 = DIRECTION('',(0.,0.,1.));
#9178 = DIRECTION('',(1.,0.,-0.));
#9179 = DEFINITIONAL_REPRESENTATION('',(#9180),#9183);
#9180 = B_SPLINE_CURVE_WITH_KNOTS('',1,(#9181,#9182),.UNSPECIFIED.,.F.,
  .F.,(2,2),(-10.7,-4.7),.PIECEWISE_BEZIER_KNOTS.);
#9181 = CARTESIAN_POINT('',(0.64685594202,3.));
#9182 = CARTESIAN_POINT('',(0.64685594202,-3.));
#9183 = ( GEOMETRIC_REPRESENTATION_CONTEXT(2) 
PARAMETRIC_REPRESENTATION_CONTEXT() REPRESENTATION_CONTEXT('2D SPACE',''
  ) );
#9184 = ORIENTED_EDGE('',*,*,#9185,.F.);
#9185 = EDGE_CURVE('',#9186,#9160,#9188,.T.);
#9186 = VERTEX_POINT('',#9187);
#9187 = CARTESIAN_POINT('',(57.153827518374,-54.49526293095,141.2));
#9188 = SURFACE_CURVE('',#9189,(#9200,#9214),.PCURVE_S1.);
#9189 = B_SPLINE_CURVE_WITH_KNOTS('',5,(#9190,#9191,#9192,#9193,#9194,
    #9195,#9196,#9197,#9198,#9199),.UNSPECIFIED.,.F.,.F.,(6,4,6),(0.,
    0.910362297113,1.),.UNSPECIFIED.);
#9190 = CARTESIAN_POINT('',(57.153827518374,-54.49526293095,141.2));
#9191 = CARTESIAN_POINT('',(57.245596756456,-54.48960555754,
    141.38211677794));
#9192 = CARTESIAN_POINT('',(57.336508809462,-54.47976629645,
    141.56433750554));
#9193 = CARTESIAN_POINT('',(57.426513147817,-54.46585788771,
    141.74655153281));
#9194 = CARTESIAN_POINT('',(57.515561448531,-54.44794369164,
    141.92864425597));
#9195 = CARTESIAN_POINT('',(57.612276473363,-54.42388063435,
    142.12840163659));
#9196 = CARTESIAN_POINT('',(57.620936079721,-54.42168497084,
    142.1463051202));
#9197 = CARTESIAN_POINT('',(57.629585936798,-54.41945061306,
    142.16420618344));
#9198 = CARTESIAN_POINT('',(57.63822600165,-54.41717756811,
    142.18210471429));
#9199 = CARTESIAN_POINT('',(57.646856231368,-54.41486583808,142.2000006)
  );
#9200 = PCURVE('',#8861,#9201);
#9201 = DEFINITIONAL_REPRESENTATION('',(#9202),#9213);
#9202 = B_SPLINE_CURVE_WITH_KNOTS('',5,(#9203,#9204,#9205,#9206,#9207,
    #9208,#9209,#9210,#9211,#9212),.UNSPECIFIED.,.F.,.F.,(6,4,6),(0.,
    0.910362297113,1.),.UNSPECIFIED.);
#9203 = CARTESIAN_POINT('',(-6.749950646227,-5.204737069046));
#9204 = CARTESIAN_POINT('',(-6.746764214349,-5.210394442457));
#9205 = CARTESIAN_POINT('',(-6.743582359085,-5.22023370355));
#9206 = CARTESIAN_POINT('',(-6.740406912282,-5.234142112282));
#9207 = CARTESIAN_POINT('',(-6.737239746597,-5.25205630836));
#9208 = CARTESIAN_POINT('',(-6.733771953685,-5.276119365643));
#9209 = CARTESIAN_POINT('',(-6.733461207258,-5.278315029159));
#9210 = CARTESIAN_POINT('',(-6.73315056119,-5.280549386937));
#9211 = CARTESIAN_POINT('',(-6.732840017286,-5.282822431889));
#9212 = CARTESIAN_POINT('',(-6.732529577361,-5.285134161917));
#9213 = ( GEOMETRIC_REPRESENTATION_CONTEXT(2) 
PARAMETRIC_REPRESENTATION_CONTEXT() REPRESENTATION_CONTEXT('2D SPACE',''
  ) );
#9214 = PCURVE('',#9140,#9215);
#9215 = DEFINITIONAL_REPRESENTATION('',(#9216),#9227);
#9216 = B_SPLINE_CURVE_WITH_KNOTS('',5,(#9217,#9218,#9219,#9220,#9221,
    #9222,#9223,#9224,#9225,#9226),.UNSPECIFIED.,.F.,.F.,(6,4,6),(0.,
    0.910362297113,1.),.UNSPECIFIED.);
#9217 = CARTESIAN_POINT('',(-4.773958880765,-15.));
#9218 = CARTESIAN_POINT('',(-4.810736262797,-15.18211677794));
#9219 = CARTESIAN_POINT('',(-4.847274348552,-15.36433750554));
#9220 = CARTESIAN_POINT('',(-4.883653806502,-15.54655153281));
#9221 = CARTESIAN_POINT('',(-4.919949427997,-15.72864425597));
#9222 = CARTESIAN_POINT('',(-4.959814855132,-15.92840163659));
#9223 = CARTESIAN_POINT('',(-4.963388270941,-15.9463051202));
#9224 = CARTESIAN_POINT('',(-4.966961734441,-15.96420618344));
#9225 = CARTESIAN_POINT('',(-4.970535323365,-15.98210471429));
#9226 = CARTESIAN_POINT('',(-4.974109115988,-16.0000006));
#9227 = ( GEOMETRIC_REPRESENTATION_CONTEXT(2) 
PARAMETRIC_REPRESENTATION_CONTEXT() REPRESENTATION_CONTEXT('2D SPACE',''
  ) );
#9228 = ORIENTED_EDGE('',*,*,#9229,.T.);
#9229 = EDGE_CURVE('',#9186,#8852,#9230,.T.);
#9230 = SURFACE_CURVE('',#9231,(#9235,#9241),.PCURVE_S1.);
#9231 = LINE('',#9232,#9233);
#9232 = CARTESIAN_POINT('',(57.153827518374,-59.7,141.2));
#9233 = VECTOR('',#9234,1.);
#9234 = DIRECTION('',(-0.,-1.,0.));
#9235 = PCURVE('',#8861,#9236);
#9236 = DEFINITIONAL_REPRESENTATION('',(#9237),#9240);
#9237 = B_SPLINE_CURVE_WITH_KNOTS('',1,(#9238,#9239),.UNSPECIFIED.,.F.,
  .F.,(2,2),(-14.,0.),.PIECEWISE_BEZIER_KNOTS.);
#9238 = CARTESIAN_POINT('',(-6.749950646227,-14.));
#9239 = CARTESIAN_POINT('',(-6.749950646227,0.));
#9240 = ( GEOMETRIC_REPRESENTATION_CONTEXT(2) 
PARAMETRIC_REPRESENTATION_CONTEXT() REPRESENTATION_CONTEXT('2D SPACE',''
  ) );
#9241 = PCURVE('',#9099,#9242);
#9242 = DEFINITIONAL_REPRESENTATION('',(#9243),#9246);
#9243 = B_SPLINE_CURVE_WITH_KNOTS('',1,(#9244,#9245),.UNSPECIFIED.,.F.,
  .F.,(2,2),(-14.0000006,5.999999999062E-07),.PIECEWISE_BEZIER_KNOTS.);
#9244 = CARTESIAN_POINT('',(8.153827518374,14.3000006));
#9245 = CARTESIAN_POINT('',(8.153827518374,0.2999994));
#9246 = ( GEOMETRIC_REPRESENTATION_CONTEXT(2) 
PARAMETRIC_REPRESENTATION_CONTEXT() REPRESENTATION_CONTEXT('2D SPACE',''
  ) );
#9247 = ADVANCED_FACE('',(#9248,#9427,#9462,#9497,#9532,#9567,#9602,
    #9637,#9668,#9703),#8873,.F.);
#9248 = FACE_BOUND('',#9249,.F.);
#9249 = EDGE_LOOP('',(#9250,#9278,#9307,#9333,#9352,#9353,#9374,#9400));
#9250 = ORIENTED_EDGE('',*,*,#9251,.F.);
#9251 = EDGE_CURVE('',#9252,#9254,#9256,.T.);
#9252 = VERTEX_POINT('',#9253);
#9253 = CARTESIAN_POINT('',(-29.49169374586,-59.7,113.2));
#9254 = VERTEX_POINT('',#9255);
#9255 = CARTESIAN_POINT('',(29.491693745867,-59.7,113.2));
#9256 = SURFACE_CURVE('',#9257,(#9261,#9267),.PCURVE_S1.);
#9257 = LINE('',#9258,#9259);
#9258 = CARTESIAN_POINT('',(-50.,-59.7,113.2));
#9259 = VECTOR('',#9260,1.);
#9260 = DIRECTION('',(1.,0.,0.));
#9261 = PCURVE('',#8873,#9262);
#9262 = DEFINITIONAL_REPRESENTATION('',(#9263),#9266);
#9263 = B_SPLINE_CURVE_WITH_KNOTS('',1,(#9264,#9265),.UNSPECIFIED.,.F.,
  .F.,(2,2),(-14.,114.),.PIECEWISE_BEZIER_KNOTS.);
#9264 = CARTESIAN_POINT('',(-64.,56.8));
#9265 = CARTESIAN_POINT('',(64.,56.8));
#9266 = ( GEOMETRIC_REPRESENTATION_CONTEXT(2) 
PARAMETRIC_REPRESENTATION_CONTEXT() REPRESENTATION_CONTEXT('2D SPACE',''
  ) );
#9267 = PCURVE('',#9268,#9273);
#9268 = PLANE('',#9269);
#9269 = AXIS2_PLACEMENT_3D('',#9270,#9271,#9272);
#9270 = CARTESIAN_POINT('',(-100.,-145.,113.2));
#9271 = DIRECTION('',(0.,0.,1.));
#9272 = DIRECTION('',(1.,0.,0.));
#9273 = DEFINITIONAL_REPRESENTATION('',(#9274),#9277);
#9274 = B_SPLINE_CURVE_WITH_KNOTS('',1,(#9275,#9276),.UNSPECIFIED.,.F.,
  .F.,(2,2),(-14.,114.),.PIECEWISE_BEZIER_KNOTS.);
#9275 = CARTESIAN_POINT('',(36.,85.3));
#9276 = CARTESIAN_POINT('',(164.,85.3));
#9277 = ( GEOMETRIC_REPRESENTATION_CONTEXT(2) 
PARAMETRIC_REPRESENTATION_CONTEXT() REPRESENTATION_CONTEXT('2D SPACE',''
  ) );
#9278 = ORIENTED_EDGE('',*,*,#9279,.T.);
#9279 = EDGE_CURVE('',#9252,#9280,#9282,.T.);
#9280 = VERTEX_POINT('',#9281);
#9281 = CARTESIAN_POINT('',(-49.,-59.7,128.82962229952));
#9282 = SURFACE_CURVE('',#9283,(#9288,#9295),.PCURVE_S1.);
#9283 = CIRCLE('',#9284,64.);
#9284 = AXIS2_PLACEMENT_3D('',#9285,#9286,#9287);
#9285 = CARTESIAN_POINT('',(0.,-59.7,170.));
#9286 = DIRECTION('',(-0.,1.,0.));
#9287 = DIRECTION('',(1.,0.,0.));
#9288 = PCURVE('',#8873,#9289);
#9289 = DEFINITIONAL_REPRESENTATION('',(#9290),#9294);
#9290 = CIRCLE('',#9291,64.);
#9291 = AXIS2_PLACEMENT_2D('',#9292,#9293);
#9292 = CARTESIAN_POINT('',(4.102320397618E-15,-5.592060957056E-15));
#9293 = DIRECTION('',(1.,0.));
#9294 = ( GEOMETRIC_REPRESENTATION_CONTEXT(2) 
PARAMETRIC_REPRESENTATION_CONTEXT() REPRESENTATION_CONTEXT('2D SPACE',''
  ) );
#9295 = PCURVE('',#9296,#9301);
#9296 = CYLINDRICAL_SURFACE('',#9297,64.);
#9297 = AXIS2_PLACEMENT_3D('',#9298,#9299,#9300);
#9298 = CARTESIAN_POINT('',(0.,-59.7,170.));
#9299 = DIRECTION('',(-0.,-1.,0.));
#9300 = DIRECTION('',(1.,0.,0.));
#9301 = DEFINITIONAL_REPRESENTATION('',(#9302),#9306);
#9302 = LINE('',#9303,#9304);
#9303 = CARTESIAN_POINT('',(-0.,0.));
#9304 = VECTOR('',#9305,1.);
#9305 = DIRECTION('',(-1.,0.));
#9306 = ( GEOMETRIC_REPRESENTATION_CONTEXT(2) 
PARAMETRIC_REPRESENTATION_CONTEXT() REPRESENTATION_CONTEXT('2D SPACE',''
  ) );
#9307 = ORIENTED_EDGE('',*,*,#9308,.F.);
#9308 = EDGE_CURVE('',#9309,#9280,#9311,.T.);
#9309 = VERTEX_POINT('',#9310);
#9310 = CARTESIAN_POINT('',(-49.,-59.7,141.2));
#9311 = SURFACE_CURVE('',#9312,(#9316,#9322),.PCURVE_S1.);
#9312 = LINE('',#9313,#9314);
#9313 = CARTESIAN_POINT('',(-49.,-59.7,148.6));
#9314 = VECTOR('',#9315,1.);
#9315 = DIRECTION('',(0.,0.,-1.));
#9316 = PCURVE('',#8873,#9317);
#9317 = DEFINITIONAL_REPRESENTATION('',(#9318),#9321);
#9318 = B_SPLINE_CURVE_WITH_KNOTS('',1,(#9319,#9320),.UNSPECIFIED.,.F.,
  .F.,(2,2),(7.4,21.4),.PIECEWISE_BEZIER_KNOTS.);
#9319 = CARTESIAN_POINT('',(-49.,28.8));
#9320 = CARTESIAN_POINT('',(-49.,42.8));
#9321 = ( GEOMETRIC_REPRESENTATION_CONTEXT(2) 
PARAMETRIC_REPRESENTATION_CONTEXT() REPRESENTATION_CONTEXT('2D SPACE',''
  ) );
#9322 = PCURVE('',#9323,#9328);
#9323 = PLANE('',#9324);
#9324 = AXIS2_PLACEMENT_3D('',#9325,#9326,#9327);
#9325 = CARTESIAN_POINT('',(-49.,-60.,127.2));
#9326 = DIRECTION('',(1.,0.,0.));
#9327 = DIRECTION('',(0.,0.,1.));
#9328 = DEFINITIONAL_REPRESENTATION('',(#9329),#9332);
#9329 = B_SPLINE_CURVE_WITH_KNOTS('',1,(#9330,#9331),.UNSPECIFIED.,.F.,
  .F.,(2,2),(7.4,21.4),.PIECEWISE_BEZIER_KNOTS.);
#9330 = CARTESIAN_POINT('',(14.,-0.3));
#9331 = CARTESIAN_POINT('',(0.,-0.3));
#9332 = ( GEOMETRIC_REPRESENTATION_CONTEXT(2) 
PARAMETRIC_REPRESENTATION_CONTEXT() REPRESENTATION_CONTEXT('2D SPACE',''
  ) );
#9333 = ORIENTED_EDGE('',*,*,#9334,.F.);
#9334 = EDGE_CURVE('',#8850,#9309,#9335,.T.);
#9335 = SURFACE_CURVE('',#9336,(#9340,#9346),.PCURVE_S1.);
#9336 = LINE('',#9337,#9338);
#9337 = CARTESIAN_POINT('',(-32.5,-59.7,141.2));
#9338 = VECTOR('',#9339,1.);
#9339 = DIRECTION('',(1.,0.,0.));
#9340 = PCURVE('',#8873,#9341);
#9341 = DEFINITIONAL_REPRESENTATION('',(#9342),#9345);
#9342 = B_SPLINE_CURVE_WITH_KNOTS('',1,(#9343,#9344),.UNSPECIFIED.,.F.,
  .F.,(2,2),(-31.5,-16.5),.PIECEWISE_BEZIER_KNOTS.);
#9343 = CARTESIAN_POINT('',(-64.,28.8));
#9344 = CARTESIAN_POINT('',(-49.,28.8));
#9345 = ( GEOMETRIC_REPRESENTATION_CONTEXT(2) 
PARAMETRIC_REPRESENTATION_CONTEXT() REPRESENTATION_CONTEXT('2D SPACE',''
  ) );
#9346 = PCURVE('',#8900,#9347);
#9347 = DEFINITIONAL_REPRESENTATION('',(#9348),#9351);
#9348 = B_SPLINE_CURVE_WITH_KNOTS('',1,(#9349,#9350),.UNSPECIFIED.,.F.,
  .F.,(2,2),(-31.5,-16.5),.PIECEWISE_BEZIER_KNOTS.);
#9349 = CARTESIAN_POINT('',(1.,0.3));
#9350 = CARTESIAN_POINT('',(16.,0.3));
#9351 = ( GEOMETRIC_REPRESENTATION_CONTEXT(2) 
PARAMETRIC_REPRESENTATION_CONTEXT() REPRESENTATION_CONTEXT('2D SPACE',''
  ) );
#9352 = ORIENTED_EDGE('',*,*,#8849,.T.);
#9353 = ORIENTED_EDGE('',*,*,#9354,.F.);
#9354 = EDGE_CURVE('',#9355,#8852,#9357,.T.);
#9355 = VERTEX_POINT('',#9356);
#9356 = CARTESIAN_POINT('',(49.,-59.7,141.2));
#9357 = SURFACE_CURVE('',#9358,(#9362,#9368),.PCURVE_S1.);
#9358 = LINE('',#9359,#9360);
#9359 = CARTESIAN_POINT('',(24.5,-59.7,141.2));
#9360 = VECTOR('',#9361,1.);
#9361 = DIRECTION('',(1.,0.,0.));
#9362 = PCURVE('',#8873,#9363);
#9363 = DEFINITIONAL_REPRESENTATION('',(#9364),#9367);
#9364 = B_SPLINE_CURVE_WITH_KNOTS('',1,(#9365,#9366),.UNSPECIFIED.,.F.,
  .F.,(2,2),(24.5,39.5),.PIECEWISE_BEZIER_KNOTS.);
#9365 = CARTESIAN_POINT('',(49.,28.8));
#9366 = CARTESIAN_POINT('',(64.,28.8));
#9367 = ( GEOMETRIC_REPRESENTATION_CONTEXT(2) 
PARAMETRIC_REPRESENTATION_CONTEXT() REPRESENTATION_CONTEXT('2D SPACE',''
  ) );
#9368 = PCURVE('',#9099,#9369);
#9369 = DEFINITIONAL_REPRESENTATION('',(#9370),#9373);
#9370 = B_SPLINE_CURVE_WITH_KNOTS('',1,(#9371,#9372),.UNSPECIFIED.,.F.,
  .F.,(2,2),(24.5,39.5),.PIECEWISE_BEZIER_KNOTS.);
#9371 = CARTESIAN_POINT('',(0.,0.3));
#9372 = CARTESIAN_POINT('',(15.,0.3));
#9373 = ( GEOMETRIC_REPRESENTATION_CONTEXT(2) 
PARAMETRIC_REPRESENTATION_CONTEXT() REPRESENTATION_CONTEXT('2D SPACE',''
  ) );
#9374 = ORIENTED_EDGE('',*,*,#9375,.T.);
#9375 = EDGE_CURVE('',#9355,#9376,#9378,.T.);
#9376 = VERTEX_POINT('',#9377);
#9377 = CARTESIAN_POINT('',(49.,-59.7,128.82962229952));
#9378 = SURFACE_CURVE('',#9379,(#9383,#9389),.PCURVE_S1.);
#9379 = LINE('',#9380,#9381);
#9380 = CARTESIAN_POINT('',(49.,-59.7,148.6));
#9381 = VECTOR('',#9382,1.);
#9382 = DIRECTION('',(0.,0.,-1.));
#9383 = PCURVE('',#8873,#9384);
#9384 = DEFINITIONAL_REPRESENTATION('',(#9385),#9388);
#9385 = B_SPLINE_CURVE_WITH_KNOTS('',1,(#9386,#9387),.UNSPECIFIED.,.F.,
  .F.,(2,2),(7.4,21.4),.PIECEWISE_BEZIER_KNOTS.);
#9386 = CARTESIAN_POINT('',(49.,28.8));
#9387 = CARTESIAN_POINT('',(49.,42.8));
#9388 = ( GEOMETRIC_REPRESENTATION_CONTEXT(2) 
PARAMETRIC_REPRESENTATION_CONTEXT() REPRESENTATION_CONTEXT('2D SPACE',''
  ) );
#9389 = PCURVE('',#9390,#9395);
#9390 = PLANE('',#9391);
#9391 = AXIS2_PLACEMENT_3D('',#9392,#9393,#9394);
#9392 = CARTESIAN_POINT('',(49.,-60.,127.2));
#9393 = DIRECTION('',(1.,0.,0.));
#9394 = DIRECTION('',(0.,0.,1.));
#9395 = DEFINITIONAL_REPRESENTATION('',(#9396),#9399);
#9396 = B_SPLINE_CURVE_WITH_KNOTS('',1,(#9397,#9398),.UNSPECIFIED.,.F.,
  .F.,(2,2),(7.4,21.4),.PIECEWISE_BEZIER_KNOTS.);
#9397 = CARTESIAN_POINT('',(14.,-0.3));
#9398 = CARTESIAN_POINT('',(0.,-0.3));
#9399 = ( GEOMETRIC_REPRESENTATION_CONTEXT(2) 
PARAMETRIC_REPRESENTATION_CONTEXT() REPRESENTATION_CONTEXT('2D SPACE',''
  ) );
#9400 = ORIENTED_EDGE('',*,*,#9401,.T.);
#9401 = EDGE_CURVE('',#9376,#9254,#9402,.T.);
#9402 = SURFACE_CURVE('',#9403,(#9408,#9415),.PCURVE_S1.);
#9403 = CIRCLE('',#9404,64.);
#9404 = AXIS2_PLACEMENT_3D('',#9405,#9406,#9407);
#9405 = CARTESIAN_POINT('',(0.,-59.7,170.));
#9406 = DIRECTION('',(-0.,1.,0.));
#9407 = DIRECTION('',(1.,0.,0.));
#9408 = PCURVE('',#8873,#9409);
#9409 = DEFINITIONAL_REPRESENTATION('',(#9410),#9414);
#9410 = CIRCLE('',#9411,64.);
#9411 = AXIS2_PLACEMENT_2D('',#9412,#9413);
#9412 = CARTESIAN_POINT('',(4.102320397618E-15,-5.592060957056E-15));
#9413 = DIRECTION('',(1.,0.));
#9414 = ( GEOMETRIC_REPRESENTATION_CONTEXT(2) 
PARAMETRIC_REPRESENTATION_CONTEXT() REPRESENTATION_CONTEXT('2D SPACE',''
  ) );
#9415 = PCURVE('',#9416,#9421);
#9416 = CYLINDRICAL_SURFACE('',#9417,64.);
#9417 = AXIS2_PLACEMENT_3D('',#9418,#9419,#9420);
#9418 = CARTESIAN_POINT('',(0.,-59.7,170.));
#9419 = DIRECTION('',(-0.,-1.,0.));
#9420 = DIRECTION('',(1.,0.,0.));
#9421 = DEFINITIONAL_REPRESENTATION('',(#9422),#9426);
#9422 = LINE('',#9423,#9424);
#9423 = CARTESIAN_POINT('',(-0.,0.));
#9424 = VECTOR('',#9425,1.);
#9425 = DIRECTION('',(-1.,0.));
#9426 = ( GEOMETRIC_REPRESENTATION_CONTEXT(2) 
PARAMETRIC_REPRESENTATION_CONTEXT() REPRESENTATION_CONTEXT('2D SPACE',''
  ) );
#9427 = FACE_BOUND('',#9428,.F.);
#9428 = EDGE_LOOP('',(#9429));
#9429 = ORIENTED_EDGE('',*,*,#9430,.T.);
#9430 = EDGE_CURVE('',#9431,#9431,#9433,.T.);
#9431 = VERTEX_POINT('',#9432);
#9432 = CARTESIAN_POINT('',(-23.8500003,-59.7,214.1672955));
#9433 = SURFACE_CURVE('',#9434,(#9439,#9450),.PCURVE_S1.);
#9434 = CIRCLE('',#9435,1.65);
#9435 = AXIS2_PLACEMENT_3D('',#9436,#9437,#9438);
#9436 = CARTESIAN_POINT('',(-25.5000003,-59.7,214.1672955));
#9437 = DIRECTION('',(0.,-1.,0.));
#9438 = DIRECTION('',(1.,0.,0.));
#9439 = PCURVE('',#8873,#9440);
#9440 = DEFINITIONAL_REPRESENTATION('',(#9441),#9449);
#9441 = ( BOUNDED_CURVE() B_SPLINE_CURVE(2,(#9442,#9443,#9444,#9445,
#9446,#9447,#9448),.UNSPECIFIED.,.T.,.F.) B_SPLINE_CURVE_WITH_KNOTS((1,2
    ,2,2,2,1),(-2.094395102393,0.,2.094395102393,4.188790204786,
6.28318530718,8.377580409573),.UNSPECIFIED.) CURVE() 
GEOMETRIC_REPRESENTATION_ITEM() RATIONAL_B_SPLINE_CURVE((1.,0.5,1.,0.5,
1.,0.5,1.)) REPRESENTATION_ITEM('') );
#9442 = CARTESIAN_POINT('',(-23.8500003,-44.1672955));
#9443 = CARTESIAN_POINT('',(-23.8500003,-47.02517933248));
#9444 = CARTESIAN_POINT('',(-26.3250003,-45.59623741624));
#9445 = CARTESIAN_POINT('',(-28.8000003,-44.1672955));
#9446 = CARTESIAN_POINT('',(-26.3250003,-42.73835358375));
#9447 = CARTESIAN_POINT('',(-23.8500003,-41.30941166751));
#9448 = CARTESIAN_POINT('',(-23.8500003,-44.1672955));
#9449 = ( GEOMETRIC_REPRESENTATION_CONTEXT(2) 
PARAMETRIC_REPRESENTATION_CONTEXT() REPRESENTATION_CONTEXT('2D SPACE',''
  ) );
#9450 = PCURVE('',#9451,#9456);
#9451 = CYLINDRICAL_SURFACE('',#9452,1.65);
#9452 = AXIS2_PLACEMENT_3D('',#9453,#9454,#9455);
#9453 = CARTESIAN_POINT('',(-25.5000003,-60.,214.1672955));
#9454 = DIRECTION('',(-0.,-1.,0.));
#9455 = DIRECTION('',(1.,0.,0.));
#9456 = DEFINITIONAL_REPRESENTATION('',(#9457),#9461);
#9457 = LINE('',#9458,#9459);
#9458 = CARTESIAN_POINT('',(-6.28318530718,-0.3));
#9459 = VECTOR('',#9460,1.);
#9460 = DIRECTION('',(1.,-0.));
#9461 = ( GEOMETRIC_REPRESENTATION_CONTEXT(2) 
PARAMETRIC_REPRESENTATION_CONTEXT() REPRESENTATION_CONTEXT('2D SPACE',''
  ) );
#9462 = FACE_BOUND('',#9463,.F.);
#9463 = EDGE_LOOP('',(#9464));
#9464 = ORIENTED_EDGE('',*,*,#9465,.T.);
#9465 = EDGE_CURVE('',#9466,#9466,#9468,.T.);
#9466 = VERTEX_POINT('',#9467);
#9467 = CARTESIAN_POINT('',(-42.5172957,-59.7,195.4999997));
#9468 = SURFACE_CURVE('',#9469,(#9474,#9485),.PCURVE_S1.);
#9469 = CIRCLE('',#9470,1.65);
#9470 = AXIS2_PLACEMENT_3D('',#9471,#9472,#9473);
#9471 = CARTESIAN_POINT('',(-44.1672957,-59.7,195.4999997));
#9472 = DIRECTION('',(0.,-1.,0.));
#9473 = DIRECTION('',(1.,0.,0.));
#9474 = PCURVE('',#8873,#9475);
#9475 = DEFINITIONAL_REPRESENTATION('',(#9476),#9484);
#9476 = ( BOUNDED_CURVE() B_SPLINE_CURVE(2,(#9477,#9478,#9479,#9480,
#9481,#9482,#9483),.UNSPECIFIED.,.T.,.F.) B_SPLINE_CURVE_WITH_KNOTS((1,2
    ,2,2,2,1),(-2.094395102393,0.,2.094395102393,4.188790204786,
6.28318530718,8.377580409573),.UNSPECIFIED.) CURVE() 
GEOMETRIC_REPRESENTATION_ITEM() RATIONAL_B_SPLINE_CURVE((1.,0.5,1.,0.5,
1.,0.5,1.)) REPRESENTATION_ITEM('') );
#9477 = CARTESIAN_POINT('',(-42.5172957,-25.4999997));
#9478 = CARTESIAN_POINT('',(-42.5172957,-28.35788353248));
#9479 = CARTESIAN_POINT('',(-44.9922957,-26.92894161624));
#9480 = CARTESIAN_POINT('',(-47.4672957,-25.4999997));
#9481 = CARTESIAN_POINT('',(-44.9922957,-24.07105778375));
#9482 = CARTESIAN_POINT('',(-42.5172957,-22.64211586751));
#9483 = CARTESIAN_POINT('',(-42.5172957,-25.4999997));
#9484 = ( GEOMETRIC_REPRESENTATION_CONTEXT(2) 
PARAMETRIC_REPRESENTATION_CONTEXT() REPRESENTATION_CONTEXT('2D SPACE',''
  ) );
#9485 = PCURVE('',#9486,#9491);
#9486 = CYLINDRICAL_SURFACE('',#9487,1.65);
#9487 = AXIS2_PLACEMENT_3D('',#9488,#9489,#9490);
#9488 = CARTESIAN_POINT('',(-44.1672957,-60.,195.4999997));
#9489 = DIRECTION('',(-0.,-1.,0.));
#9490 = DIRECTION('',(1.,0.,0.));
#9491 = DEFINITIONAL_REPRESENTATION('',(#9492),#9496);
#9492 = LINE('',#9493,#9494);
#9493 = CARTESIAN_POINT('',(-6.28318530718,-0.3));
#9494 = VECTOR('',#9495,1.);
#9495 = DIRECTION('',(1.,-0.));
#9496 = ( GEOMETRIC_REPRESENTATION_CONTEXT(2) 
PARAMETRIC_REPRESENTATION_CONTEXT() REPRESENTATION_CONTEXT('2D SPACE',''
  ) );
#9497 = FACE_BOUND('',#9498,.F.);
#9498 = EDGE_LOOP('',(#9499));
#9499 = ORIENTED_EDGE('',*,*,#9500,.T.);
#9500 = EDGE_CURVE('',#9501,#9501,#9503,.T.);
#9501 = VERTEX_POINT('',#9502);
#9502 = CARTESIAN_POINT('',(27.1499997,-59.7,214.1672958));
#9503 = SURFACE_CURVE('',#9504,(#9509,#9520),.PCURVE_S1.);
#9504 = CIRCLE('',#9505,1.65);
#9505 = AXIS2_PLACEMENT_3D('',#9506,#9507,#9508);
#9506 = CARTESIAN_POINT('',(25.4999997,-59.7,214.1672958));
#9507 = DIRECTION('',(0.,-1.,0.));
#9508 = DIRECTION('',(1.,0.,0.));
#9509 = PCURVE('',#8873,#9510);
#9510 = DEFINITIONAL_REPRESENTATION('',(#9511),#9519);
#9511 = ( BOUNDED_CURVE() B_SPLINE_CURVE(2,(#9512,#9513,#9514,#9515,
#9516,#9517,#9518),.UNSPECIFIED.,.T.,.F.) B_SPLINE_CURVE_WITH_KNOTS((1,2
    ,2,2,2,1),(-2.094395102393,0.,2.094395102393,4.188790204786,
6.28318530718,8.377580409573),.UNSPECIFIED.) CURVE() 
GEOMETRIC_REPRESENTATION_ITEM() RATIONAL_B_SPLINE_CURVE((1.,0.5,1.,0.5,
1.,0.5,1.)) REPRESENTATION_ITEM('') );
#9512 = CARTESIAN_POINT('',(27.1499997,-44.1672958));
#9513 = CARTESIAN_POINT('',(27.1499997,-47.02517963248));
#9514 = CARTESIAN_POINT('',(24.6749997,-45.59623771624));
#9515 = CARTESIAN_POINT('',(22.1999997,-44.1672958));
#9516 = CARTESIAN_POINT('',(24.6749997,-42.73835388375));
#9517 = CARTESIAN_POINT('',(27.1499997,-41.30941196751));
#9518 = CARTESIAN_POINT('',(27.1499997,-44.1672958));
#9519 = ( GEOMETRIC_REPRESENTATION_CONTEXT(2) 
PARAMETRIC_REPRESENTATION_CONTEXT() REPRESENTATION_CONTEXT('2D SPACE',''
  ) );
#9520 = PCURVE('',#9521,#9526);
#9521 = CYLINDRICAL_SURFACE('',#9522,1.65);
#9522 = AXIS2_PLACEMENT_3D('',#9523,#9524,#9525);
#9523 = CARTESIAN_POINT('',(25.4999997,-60.,214.1672958));
#9524 = DIRECTION('',(-0.,-1.,0.));
#9525 = DIRECTION('',(1.,0.,0.));
#9526 = DEFINITIONAL_REPRESENTATION('',(#9527),#9531);
#9527 = LINE('',#9528,#9529);
#9528 = CARTESIAN_POINT('',(-6.28318530718,-0.3));
#9529 = VECTOR('',#9530,1.);
#9530 = DIRECTION('',(1.,-0.));
#9531 = ( GEOMETRIC_REPRESENTATION_CONTEXT(2) 
PARAMETRIC_REPRESENTATION_CONTEXT() REPRESENTATION_CONTEXT('2D SPACE',''
  ) );
#9532 = FACE_BOUND('',#9533,.F.);
#9533 = EDGE_LOOP('',(#9534));
#9534 = ORIENTED_EDGE('',*,*,#9535,.T.);
#9535 = EDGE_CURVE('',#9536,#9536,#9538,.T.);
#9536 = VERTEX_POINT('',#9537);
#9537 = CARTESIAN_POINT('',(45.8172955,-59.7,195.5000004));
#9538 = SURFACE_CURVE('',#9539,(#9544,#9555),.PCURVE_S1.);
#9539 = CIRCLE('',#9540,1.65);
#9540 = AXIS2_PLACEMENT_3D('',#9541,#9542,#9543);
#9541 = CARTESIAN_POINT('',(44.1672955,-59.7,195.5000004));
#9542 = DIRECTION('',(0.,-1.,0.));
#9543 = DIRECTION('',(1.,0.,0.));
#9544 = PCURVE('',#8873,#9545);
#9545 = DEFINITIONAL_REPRESENTATION('',(#9546),#9554);
#9546 = ( BOUNDED_CURVE() B_SPLINE_CURVE(2,(#9547,#9548,#9549,#9550,
#9551,#9552,#9553),.UNSPECIFIED.,.T.,.F.) B_SPLINE_CURVE_WITH_KNOTS((1,2
    ,2,2,2,1),(-2.094395102393,0.,2.094395102393,4.188790204786,
6.28318530718,8.377580409573),.UNSPECIFIED.) CURVE() 
GEOMETRIC_REPRESENTATION_ITEM() RATIONAL_B_SPLINE_CURVE((1.,0.5,1.,0.5,
1.,0.5,1.)) REPRESENTATION_ITEM('') );
#9547 = CARTESIAN_POINT('',(45.8172955,-25.5000004));
#9548 = CARTESIAN_POINT('',(45.8172955,-28.35788423248));
#9549 = CARTESIAN_POINT('',(43.3422955,-26.92894231624));
#9550 = CARTESIAN_POINT('',(40.8672955,-25.5000004));
#9551 = CARTESIAN_POINT('',(43.3422955,-24.07105848375));
#9552 = CARTESIAN_POINT('',(45.8172955,-22.64211656751));
#9553 = CARTESIAN_POINT('',(45.8172955,-25.5000004));
#9554 = ( GEOMETRIC_REPRESENTATION_CONTEXT(2) 
PARAMETRIC_REPRESENTATION_CONTEXT() REPRESENTATION_CONTEXT('2D SPACE',''
  ) );
#9555 = PCURVE('',#9556,#9561);
#9556 = CYLINDRICAL_SURFACE('',#9557,1.65);
#9557 = AXIS2_PLACEMENT_3D('',#9558,#9559,#9560);
#9558 = CARTESIAN_POINT('',(44.1672955,-60.,195.5000004));
#9559 = DIRECTION('',(-0.,-1.,0.));
#9560 = DIRECTION('',(1.,0.,0.));
#9561 = DEFINITIONAL_REPRESENTATION('',(#9562),#9566);
#9562 = LINE('',#9563,#9564);
#9563 = CARTESIAN_POINT('',(-6.28318530718,-0.3));
#9564 = VECTOR('',#9565,1.);
#9565 = DIRECTION('',(1.,-0.));
#9566 = ( GEOMETRIC_REPRESENTATION_CONTEXT(2) 
PARAMETRIC_REPRESENTATION_CONTEXT() REPRESENTATION_CONTEXT('2D SPACE',''
  ) );
#9567 = FACE_BOUND('',#9568,.F.);
#9568 = EDGE_LOOP('',(#9569));
#9569 = ORIENTED_EDGE('',*,*,#9570,.T.);
#9570 = EDGE_CURVE('',#9571,#9571,#9573,.T.);
#9571 = VERTEX_POINT('',#9572);
#9572 = CARTESIAN_POINT('',(-42.5172954,-59.7,144.4999997));
#9573 = SURFACE_CURVE('',#9574,(#9579,#9590),.PCURVE_S1.);
#9574 = CIRCLE('',#9575,1.65);
#9575 = AXIS2_PLACEMENT_3D('',#9576,#9577,#9578);
#9576 = CARTESIAN_POINT('',(-44.1672954,-59.7,144.4999997));
#9577 = DIRECTION('',(0.,-1.,0.));
#9578 = DIRECTION('',(1.,0.,0.));
#9579 = PCURVE('',#8873,#9580);
#9580 = DEFINITIONAL_REPRESENTATION('',(#9581),#9589);
#9581 = ( BOUNDED_CURVE() B_SPLINE_CURVE(2,(#9582,#9583,#9584,#9585,
#9586,#9587,#9588),.UNSPECIFIED.,.T.,.F.) B_SPLINE_CURVE_WITH_KNOTS((1,2
    ,2,2,2,1),(-2.094395102393,0.,2.094395102393,4.188790204786,
6.28318530718,8.377580409573),.UNSPECIFIED.) CURVE() 
GEOMETRIC_REPRESENTATION_ITEM() RATIONAL_B_SPLINE_CURVE((1.,0.5,1.,0.5,
1.,0.5,1.)) REPRESENTATION_ITEM('') );
#9582 = CARTESIAN_POINT('',(-42.5172954,25.5000003));
#9583 = CARTESIAN_POINT('',(-42.5172954,22.642116467511));
#9584 = CARTESIAN_POINT('',(-44.9922954,24.071058383756));
#9585 = CARTESIAN_POINT('',(-47.4672954,25.5000003));
#9586 = CARTESIAN_POINT('',(-44.9922954,26.928942216244));
#9587 = CARTESIAN_POINT('',(-42.5172954,28.357884132489));
#9588 = CARTESIAN_POINT('',(-42.5172954,25.5000003));
#9589 = ( GEOMETRIC_REPRESENTATION_CONTEXT(2) 
PARAMETRIC_REPRESENTATION_CONTEXT() REPRESENTATION_CONTEXT('2D SPACE',''
  ) );
#9590 = PCURVE('',#9591,#9596);
#9591 = CYLINDRICAL_SURFACE('',#9592,1.65);
#9592 = AXIS2_PLACEMENT_3D('',#9593,#9594,#9595);
#9593 = CARTESIAN_POINT('',(-44.1672954,-60.,144.4999997));
#9594 = DIRECTION('',(-0.,-1.,0.));
#9595 = DIRECTION('',(1.,0.,0.));
#9596 = DEFINITIONAL_REPRESENTATION('',(#9597),#9601);
#9597 = LINE('',#9598,#9599);
#9598 = CARTESIAN_POINT('',(-6.28318530718,-0.3));
#9599 = VECTOR('',#9600,1.);
#9600 = DIRECTION('',(1.,-0.));
#9601 = ( GEOMETRIC_REPRESENTATION_CONTEXT(2) 
PARAMETRIC_REPRESENTATION_CONTEXT() REPRESENTATION_CONTEXT('2D SPACE',''
  ) );
#9602 = FACE_BOUND('',#9603,.F.);
#9603 = EDGE_LOOP('',(#9604));
#9604 = ORIENTED_EDGE('',*,*,#9605,.T.);
#9605 = EDGE_CURVE('',#9606,#9606,#9608,.T.);
#9606 = VERTEX_POINT('',#9607);
#9607 = CARTESIAN_POINT('',(-23.8499996,-59.7,125.8327043));
#9608 = SURFACE_CURVE('',#9609,(#9614,#9625),.PCURVE_S1.);
#9609 = CIRCLE('',#9610,1.65);
#9610 = AXIS2_PLACEMENT_3D('',#9611,#9612,#9613);
#9611 = CARTESIAN_POINT('',(-25.4999996,-59.7,125.8327043));
#9612 = DIRECTION('',(0.,-1.,0.));
#9613 = DIRECTION('',(1.,0.,0.));
#9614 = PCURVE('',#8873,#9615);
#9615 = DEFINITIONAL_REPRESENTATION('',(#9616),#9624);
#9616 = ( BOUNDED_CURVE() B_SPLINE_CURVE(2,(#9617,#9618,#9619,#9620,
#9621,#9622,#9623),.UNSPECIFIED.,.T.,.F.) B_SPLINE_CURVE_WITH_KNOTS((1,2
    ,2,2,2,1),(-2.094395102393,0.,2.094395102393,4.188790204786,
6.28318530718,8.377580409573),.UNSPECIFIED.) CURVE() 
GEOMETRIC_REPRESENTATION_ITEM() RATIONAL_B_SPLINE_CURVE((1.,0.5,1.,0.5,
1.,0.5,1.)) REPRESENTATION_ITEM('') );
#9617 = CARTESIAN_POINT('',(-23.8499996,44.1672957));
#9618 = CARTESIAN_POINT('',(-23.8499996,41.309411867511));
#9619 = CARTESIAN_POINT('',(-26.3249996,42.738353783756));
#9620 = CARTESIAN_POINT('',(-28.7999996,44.1672957));
#9621 = CARTESIAN_POINT('',(-26.3249996,45.596237616244));
#9622 = CARTESIAN_POINT('',(-23.8499996,47.025179532489));
#9623 = CARTESIAN_POINT('',(-23.8499996,44.1672957));
#9624 = ( GEOMETRIC_REPRESENTATION_CONTEXT(2) 
PARAMETRIC_REPRESENTATION_CONTEXT() REPRESENTATION_CONTEXT('2D SPACE',''
  ) );
#9625 = PCURVE('',#9626,#9631);
#9626 = CYLINDRICAL_SURFACE('',#9627,1.65);
#9627 = AXIS2_PLACEMENT_3D('',#9628,#9629,#9630);
#9628 = CARTESIAN_POINT('',(-25.4999996,-60.,125.8327043));
#9629 = DIRECTION('',(-0.,-1.,0.));
#9630 = DIRECTION('',(1.,0.,0.));
#9631 = DEFINITIONAL_REPRESENTATION('',(#9632),#9636);
#9632 = LINE('',#9633,#9634);
#9633 = CARTESIAN_POINT('',(-6.28318530718,-0.3));
#9634 = VECTOR('',#9635,1.);
#9635 = DIRECTION('',(1.,-0.));
#9636 = ( GEOMETRIC_REPRESENTATION_CONTEXT(2) 
PARAMETRIC_REPRESENTATION_CONTEXT() REPRESENTATION_CONTEXT('2D SPACE',''
  ) );
#9637 = FACE_BOUND('',#9638,.F.);
#9638 = EDGE_LOOP('',(#9639));
#9639 = ORIENTED_EDGE('',*,*,#9640,.F.);
#9640 = EDGE_CURVE('',#9641,#9641,#9643,.T.);
#9641 = VERTEX_POINT('',#9642);
#9642 = CARTESIAN_POINT('',(47.7,-59.7,170.));
#9643 = SURFACE_CURVE('',#9644,(#9649,#9656),.PCURVE_S1.);
#9644 = CIRCLE('',#9645,47.7);
#9645 = AXIS2_PLACEMENT_3D('',#9646,#9647,#9648);
#9646 = CARTESIAN_POINT('',(3.020920100002E-13,-59.7,170.));
#9647 = DIRECTION('',(-0.,1.,0.));
#9648 = DIRECTION('',(1.,0.,0.));
#9649 = PCURVE('',#8873,#9650);
#9650 = DEFINITIONAL_REPRESENTATION('',(#9651),#9655);
#9651 = CIRCLE('',#9652,47.7);
#9652 = AXIS2_PLACEMENT_2D('',#9653,#9654);
#9653 = CARTESIAN_POINT('',(3.061943303979E-13,-7.843552182114E-15));
#9654 = DIRECTION('',(1.,0.));
#9655 = ( GEOMETRIC_REPRESENTATION_CONTEXT(2) 
PARAMETRIC_REPRESENTATION_CONTEXT() REPRESENTATION_CONTEXT('2D SPACE',''
  ) );
#9656 = PCURVE('',#9657,#9662);
#9657 = CYLINDRICAL_SURFACE('',#9658,47.7);
#9658 = AXIS2_PLACEMENT_3D('',#9659,#9660,#9661);
#9659 = CARTESIAN_POINT('',(3.020920100002E-13,-59.7,170.));
#9660 = DIRECTION('',(-0.,-1.,0.));
#9661 = DIRECTION('',(1.,0.,0.));
#9662 = DEFINITIONAL_REPRESENTATION('',(#9663),#9667);
#9663 = LINE('',#9664,#9665);
#9664 = CARTESIAN_POINT('',(-0.,0.));
#9665 = VECTOR('',#9666,1.);
#9666 = DIRECTION('',(-1.,0.));
#9667 = ( GEOMETRIC_REPRESENTATION_CONTEXT(2) 
PARAMETRIC_REPRESENTATION_CONTEXT() REPRESENTATION_CONTEXT('2D SPACE',''
  ) );
#9668 = FACE_BOUND('',#9669,.F.);
#9669 = EDGE_LOOP('',(#9670));
#9670 = ORIENTED_EDGE('',*,*,#9671,.T.);
#9671 = EDGE_CURVE('',#9672,#9672,#9674,.T.);
#9672 = VERTEX_POINT('',#9673);
#9673 = CARTESIAN_POINT('',(45.8172958,-59.7,144.5000004));
#9674 = SURFACE_CURVE('',#9675,(#9680,#9691),.PCURVE_S1.);
#9675 = CIRCLE('',#9676,1.65);
#9676 = AXIS2_PLACEMENT_3D('',#9677,#9678,#9679);
#9677 = CARTESIAN_POINT('',(44.1672958,-59.7,144.5000004));
#9678 = DIRECTION('',(0.,-1.,0.));
#9679 = DIRECTION('',(1.,0.,0.));
#9680 = PCURVE('',#8873,#9681);
#9681 = DEFINITIONAL_REPRESENTATION('',(#9682),#9690);
#9682 = ( BOUNDED_CURVE() B_SPLINE_CURVE(2,(#9683,#9684,#9685,#9686,
#9687,#9688,#9689),.UNSPECIFIED.,.T.,.F.) B_SPLINE_CURVE_WITH_KNOTS((1,2
    ,2,2,2,1),(-2.094395102393,0.,2.094395102393,4.188790204786,
6.28318530718,8.377580409573),.UNSPECIFIED.) CURVE() 
GEOMETRIC_REPRESENTATION_ITEM() RATIONAL_B_SPLINE_CURVE((1.,0.5,1.,0.5,
1.,0.5,1.)) REPRESENTATION_ITEM('') );
#9683 = CARTESIAN_POINT('',(45.8172958,25.4999996));
#9684 = CARTESIAN_POINT('',(45.8172958,22.642115767511));
#9685 = CARTESIAN_POINT('',(43.3422958,24.071057683756));
#9686 = CARTESIAN_POINT('',(40.8672958,25.4999996));
#9687 = CARTESIAN_POINT('',(43.3422958,26.928941516244));
#9688 = CARTESIAN_POINT('',(45.8172958,28.357883432489));
#9689 = CARTESIAN_POINT('',(45.8172958,25.4999996));
#9690 = ( GEOMETRIC_REPRESENTATION_CONTEXT(2) 
PARAMETRIC_REPRESENTATION_CONTEXT() REPRESENTATION_CONTEXT('2D SPACE',''
  ) );
#9691 = PCURVE('',#9692,#9697);
#9692 = CYLINDRICAL_SURFACE('',#9693,1.65);
#9693 = AXIS2_PLACEMENT_3D('',#9694,#9695,#9696);
#9694 = CARTESIAN_POINT('',(44.1672958,-60.,144.5000004));
#9695 = DIRECTION('',(-0.,-1.,0.));
#9696 = DIRECTION('',(1.,0.,0.));
#9697 = DEFINITIONAL_REPRESENTATION('',(#9698),#9702);
#9698 = LINE('',#9699,#9700);
#9699 = CARTESIAN_POINT('',(-6.28318530718,-0.3));
#9700 = VECTOR('',#9701,1.);
#9701 = DIRECTION('',(1.,-0.));
#9702 = ( GEOMETRIC_REPRESENTATION_CONTEXT(2) 
PARAMETRIC_REPRESENTATION_CONTEXT() REPRESENTATION_CONTEXT('2D SPACE',''
  ) );
#9703 = FACE_BOUND('',#9704,.F.);
#9704 = EDGE_LOOP('',(#9705));
#9705 = ORIENTED_EDGE('',*,*,#9706,.T.);
#9706 = EDGE_CURVE('',#9707,#9707,#9709,.T.);
#9707 = VERTEX_POINT('',#9708);
#9708 = CARTESIAN_POINT('',(27.1500004,-59.7,125.8327046));
#9709 = SURFACE_CURVE('',#9710,(#9715,#9726),.PCURVE_S1.);
#9710 = CIRCLE('',#9711,1.65);
#9711 = AXIS2_PLACEMENT_3D('',#9712,#9713,#9714);
#9712 = CARTESIAN_POINT('',(25.5000004,-59.7,125.8327046));
#9713 = DIRECTION('',(0.,-1.,0.));
#9714 = DIRECTION('',(1.,0.,0.));
#9715 = PCURVE('',#8873,#9716);
#9716 = DEFINITIONAL_REPRESENTATION('',(#9717),#9725);
#9717 = ( BOUNDED_CURVE() B_SPLINE_CURVE(2,(#9718,#9719,#9720,#9721,
#9722,#9723,#9724),.UNSPECIFIED.,.T.,.F.) B_SPLINE_CURVE_WITH_KNOTS((1,2
    ,2,2,2,1),(-2.094395102393,0.,2.094395102393,4.188790204786,
6.28318530718,8.377580409573),.UNSPECIFIED.) CURVE() 
GEOMETRIC_REPRESENTATION_ITEM() RATIONAL_B_SPLINE_CURVE((1.,0.5,1.,0.5,
1.,0.5,1.)) REPRESENTATION_ITEM('') );
#9718 = CARTESIAN_POINT('',(27.1500004,44.1672954));
#9719 = CARTESIAN_POINT('',(27.1500004,41.309411567511));
#9720 = CARTESIAN_POINT('',(24.6750004,42.738353483756));
#9721 = CARTESIAN_POINT('',(22.2000004,44.1672954));
#9722 = CARTESIAN_POINT('',(24.6750004,45.596237316244));
#9723 = CARTESIAN_POINT('',(27.1500004,47.025179232489));
#9724 = CARTESIAN_POINT('',(27.1500004,44.1672954));
#9725 = ( GEOMETRIC_REPRESENTATION_CONTEXT(2) 
PARAMETRIC_REPRESENTATION_CONTEXT() REPRESENTATION_CONTEXT('2D SPACE',''
  ) );
#9726 = PCURVE('',#9727,#9732);
#9727 = CYLINDRICAL_SURFACE('',#9728,1.65);
#9728 = AXIS2_PLACEMENT_3D('',#9729,#9730,#9731);
#9729 = CARTESIAN_POINT('',(25.5000004,-60.,125.8327046));
#9730 = DIRECTION('',(-0.,-1.,0.));
#9731 = DIRECTION('',(1.,0.,0.));
#9732 = DEFINITIONAL_REPRESENTATION('',(#9733),#9737);
#9733 = LINE('',#9734,#9735);
#9734 = CARTESIAN_POINT('',(-6.28318530718,-0.3));
#9735 = VECTOR('',#9736,1.);
#9736 = DIRECTION('',(1.,-0.));
#9737 = ( GEOMETRIC_REPRESENTATION_CONTEXT(2) 
PARAMETRIC_REPRESENTATION_CONTEXT() REPRESENTATION_CONTEXT('2D SPACE',''
  ) );
#9738 = ADVANCED_FACE('',(#9739,#9947),#9099,.T.);
#9739 = FACE_BOUND('',#9740,.T.);
#9740 = EDGE_LOOP('',(#9741,#9764,#9792,#9820,#9848,#9871,#9890,#9891,
    #9919,#9945,#9946));
#9741 = ORIENTED_EDGE('',*,*,#9742,.F.);
#9742 = EDGE_CURVE('',#9743,#9355,#9745,.T.);
#9743 = VERTEX_POINT('',#9744);
#9744 = CARTESIAN_POINT('',(49.,-60.,141.2));
#9745 = SURFACE_CURVE('',#9746,(#9750,#9757),.PCURVE_S1.);
#9746 = LINE('',#9747,#9748);
#9747 = CARTESIAN_POINT('',(49.,-60.,141.2));
#9748 = VECTOR('',#9749,1.);
#9749 = DIRECTION('',(0.,1.,0.));
#9750 = PCURVE('',#9099,#9751);
#9751 = DEFINITIONAL_REPRESENTATION('',(#9752),#9756);
#9752 = LINE('',#9753,#9754);
#9753 = CARTESIAN_POINT('',(0.,0.));
#9754 = VECTOR('',#9755,1.);
#9755 = DIRECTION('',(0.,1.));
#9756 = ( GEOMETRIC_REPRESENTATION_CONTEXT(2) 
PARAMETRIC_REPRESENTATION_CONTEXT() REPRESENTATION_CONTEXT('2D SPACE',''
  ) );
#9757 = PCURVE('',#9390,#9758);
#9758 = DEFINITIONAL_REPRESENTATION('',(#9759),#9763);
#9759 = LINE('',#9760,#9761);
#9760 = CARTESIAN_POINT('',(14.,0.));
#9761 = VECTOR('',#9762,1.);
#9762 = DIRECTION('',(0.,-1.));
#9763 = ( GEOMETRIC_REPRESENTATION_CONTEXT(2) 
PARAMETRIC_REPRESENTATION_CONTEXT() REPRESENTATION_CONTEXT('2D SPACE',''
  ) );
#9764 = ORIENTED_EDGE('',*,*,#9765,.T.);
#9765 = EDGE_CURVE('',#9743,#9766,#9768,.T.);
#9766 = VERTEX_POINT('',#9767);
#9767 = CARTESIAN_POINT('',(65.,-60.,141.2));
#9768 = SURFACE_CURVE('',#9769,(#9773,#9780),.PCURVE_S1.);
#9769 = LINE('',#9770,#9771);
#9770 = CARTESIAN_POINT('',(49.,-60.,141.2));
#9771 = VECTOR('',#9772,1.);
#9772 = DIRECTION('',(1.,0.,0.));
#9773 = PCURVE('',#9099,#9774);
#9774 = DEFINITIONAL_REPRESENTATION('',(#9775),#9779);
#9775 = LINE('',#9776,#9777);
#9776 = CARTESIAN_POINT('',(0.,0.));
#9777 = VECTOR('',#9778,1.);
#9778 = DIRECTION('',(1.,0.));
#9779 = ( GEOMETRIC_REPRESENTATION_CONTEXT(2) 
PARAMETRIC_REPRESENTATION_CONTEXT() REPRESENTATION_CONTEXT('2D SPACE',''
  ) );
#9780 = PCURVE('',#9781,#9786);
#9781 = PLANE('',#9782);
#9782 = AXIS2_PLACEMENT_3D('',#9783,#9784,#9785);
#9783 = CARTESIAN_POINT('',(49.,-60.,127.2));
#9784 = DIRECTION('',(0.,1.,0.));
#9785 = DIRECTION('',(0.,0.,1.));
#9786 = DEFINITIONAL_REPRESENTATION('',(#9787),#9791);
#9787 = LINE('',#9788,#9789);
#9788 = CARTESIAN_POINT('',(14.,0.));
#9789 = VECTOR('',#9790,1.);
#9790 = DIRECTION('',(0.,1.));
#9791 = ( GEOMETRIC_REPRESENTATION_CONTEXT(2) 
PARAMETRIC_REPRESENTATION_CONTEXT() REPRESENTATION_CONTEXT('2D SPACE',''
  ) );
#9792 = ORIENTED_EDGE('',*,*,#9793,.T.);
#9793 = EDGE_CURVE('',#9766,#9794,#9796,.T.);
#9794 = VERTEX_POINT('',#9795);
#9795 = CARTESIAN_POINT('',(65.,-18.,141.2));
#9796 = SURFACE_CURVE('',#9797,(#9801,#9808),.PCURVE_S1.);
#9797 = LINE('',#9798,#9799);
#9798 = CARTESIAN_POINT('',(65.,-60.,141.2));
#9799 = VECTOR('',#9800,1.);
#9800 = DIRECTION('',(0.,1.,0.));
#9801 = PCURVE('',#9099,#9802);
#9802 = DEFINITIONAL_REPRESENTATION('',(#9803),#9807);
#9803 = LINE('',#9804,#9805);
#9804 = CARTESIAN_POINT('',(16.,0.));
#9805 = VECTOR('',#9806,1.);
#9806 = DIRECTION('',(0.,1.));
#9807 = ( GEOMETRIC_REPRESENTATION_CONTEXT(2) 
PARAMETRIC_REPRESENTATION_CONTEXT() REPRESENTATION_CONTEXT('2D SPACE',''
  ) );
#9808 = PCURVE('',#9809,#9814);
#9809 = PLANE('',#9810);
#9810 = AXIS2_PLACEMENT_3D('',#9811,#9812,#9813);
#9811 = CARTESIAN_POINT('',(65.,-60.,127.2));
#9812 = DIRECTION('',(1.,0.,0.));
#9813 = DIRECTION('',(0.,0.,1.));
#9814 = DEFINITIONAL_REPRESENTATION('',(#9815),#9819);
#9815 = LINE('',#9816,#9817);
#9816 = CARTESIAN_POINT('',(14.,0.));
#9817 = VECTOR('',#9818,1.);
#9818 = DIRECTION('',(0.,-1.));
#9819 = ( GEOMETRIC_REPRESENTATION_CONTEXT(2) 
PARAMETRIC_REPRESENTATION_CONTEXT() REPRESENTATION_CONTEXT('2D SPACE',''
  ) );
#9820 = ORIENTED_EDGE('',*,*,#9821,.F.);
#9821 = EDGE_CURVE('',#9822,#9794,#9824,.T.);
#9822 = VERTEX_POINT('',#9823);
#9823 = CARTESIAN_POINT('',(49.,-18.,141.2));
#9824 = SURFACE_CURVE('',#9825,(#9829,#9836),.PCURVE_S1.);
#9825 = LINE('',#9826,#9827);
#9826 = CARTESIAN_POINT('',(49.,-18.,141.2));
#9827 = VECTOR('',#9828,1.);
#9828 = DIRECTION('',(1.,0.,0.));
#9829 = PCURVE('',#9099,#9830);
#9830 = DEFINITIONAL_REPRESENTATION('',(#9831),#9835);
#9831 = LINE('',#9832,#9833);
#9832 = CARTESIAN_POINT('',(0.,42.));
#9833 = VECTOR('',#9834,1.);
#9834 = DIRECTION('',(1.,0.));
#9835 = ( GEOMETRIC_REPRESENTATION_CONTEXT(2) 
PARAMETRIC_REPRESENTATION_CONTEXT() REPRESENTATION_CONTEXT('2D SPACE',''
  ) );
#9836 = PCURVE('',#9837,#9842);
#9837 = PLANE('',#9838);
#9838 = AXIS2_PLACEMENT_3D('',#9839,#9840,#9841);
#9839 = CARTESIAN_POINT('',(49.,-18.,127.2));
#9840 = DIRECTION('',(0.,1.,0.));
#9841 = DIRECTION('',(0.,0.,1.));
#9842 = DEFINITIONAL_REPRESENTATION('',(#9843),#9847);
#9843 = LINE('',#9844,#9845);
#9844 = CARTESIAN_POINT('',(14.,0.));
#9845 = VECTOR('',#9846,1.);
#9846 = DIRECTION('',(0.,1.));
#9847 = ( GEOMETRIC_REPRESENTATION_CONTEXT(2) 
PARAMETRIC_REPRESENTATION_CONTEXT() REPRESENTATION_CONTEXT('2D SPACE',''
  ) );
#9848 = ORIENTED_EDGE('',*,*,#9849,.F.);
#9849 = EDGE_CURVE('',#9850,#9822,#9852,.T.);
#9850 = VERTEX_POINT('',#9851);
#9851 = CARTESIAN_POINT('',(49.,-45.7,141.2));
#9852 = SURFACE_CURVE('',#9853,(#9857,#9864),.PCURVE_S1.);
#9853 = LINE('',#9854,#9855);
#9854 = CARTESIAN_POINT('',(49.,-60.,141.2));
#9855 = VECTOR('',#9856,1.);
#9856 = DIRECTION('',(0.,1.,0.));
#9857 = PCURVE('',#9099,#9858);
#9858 = DEFINITIONAL_REPRESENTATION('',(#9859),#9863);
#9859 = LINE('',#9860,#9861);
#9860 = CARTESIAN_POINT('',(0.,0.));
#9861 = VECTOR('',#9862,1.);
#9862 = DIRECTION('',(0.,1.));
#9863 = ( GEOMETRIC_REPRESENTATION_CONTEXT(2) 
PARAMETRIC_REPRESENTATION_CONTEXT() REPRESENTATION_CONTEXT('2D SPACE',''
  ) );
#9864 = PCURVE('',#9390,#9865);
#9865 = DEFINITIONAL_REPRESENTATION('',(#9866),#9870);
#9866 = LINE('',#9867,#9868);
#9867 = CARTESIAN_POINT('',(14.,0.));
#9868 = VECTOR('',#9869,1.);
#9869 = DIRECTION('',(0.,-1.));
#9870 = ( GEOMETRIC_REPRESENTATION_CONTEXT(2) 
PARAMETRIC_REPRESENTATION_CONTEXT() REPRESENTATION_CONTEXT('2D SPACE',''
  ) );
#9871 = ORIENTED_EDGE('',*,*,#9872,.T.);
#9872 = EDGE_CURVE('',#9850,#9052,#9873,.T.);
#9873 = SURFACE_CURVE('',#9874,(#9878,#9884),.PCURVE_S1.);
#9874 = LINE('',#9875,#9876);
#9875 = CARTESIAN_POINT('',(24.5,-45.7,141.2));
#9876 = VECTOR('',#9877,1.);
#9877 = DIRECTION('',(1.,0.,0.));
#9878 = PCURVE('',#9099,#9879);
#9879 = DEFINITIONAL_REPRESENTATION('',(#9880),#9883);
#9880 = B_SPLINE_CURVE_WITH_KNOTS('',1,(#9881,#9882),.UNSPECIFIED.,.F.,
  .F.,(2,2),(24.5,39.5),.PIECEWISE_BEZIER_KNOTS.);
#9881 = CARTESIAN_POINT('',(0.,14.3));
#9882 = CARTESIAN_POINT('',(15.,14.3));
#9883 = ( GEOMETRIC_REPRESENTATION_CONTEXT(2) 
PARAMETRIC_REPRESENTATION_CONTEXT() REPRESENTATION_CONTEXT('2D SPACE',''
  ) );
#9884 = PCURVE('',#9068,#9885);
#9885 = DEFINITIONAL_REPRESENTATION('',(#9886),#9889);
#9886 = B_SPLINE_CURVE_WITH_KNOTS('',1,(#9887,#9888),.UNSPECIFIED.,.F.,
  .F.,(2,2),(24.5,39.5),.PIECEWISE_BEZIER_KNOTS.);
#9887 = CARTESIAN_POINT('',(49.,28.8));
#9888 = CARTESIAN_POINT('',(64.,28.8));
#9889 = ( GEOMETRIC_REPRESENTATION_CONTEXT(2) 
PARAMETRIC_REPRESENTATION_CONTEXT() REPRESENTATION_CONTEXT('2D SPACE',''
  ) );
#9890 = ORIENTED_EDGE('',*,*,#9084,.T.);
#9891 = ORIENTED_EDGE('',*,*,#9892,.T.);
#9892 = EDGE_CURVE('',#9085,#9893,#9895,.T.);
#9893 = VERTEX_POINT('',#9894);
#9894 = CARTESIAN_POINT('',(59.5,-52.,141.2));
#9895 = SURFACE_CURVE('',#9896,(#9901,#9912),.PCURVE_S1.);
#9896 = CIRCLE('',#9897,2.5);
#9897 = AXIS2_PLACEMENT_3D('',#9898,#9899,#9900);
#9898 = CARTESIAN_POINT('',(57.,-52.,141.2));
#9899 = DIRECTION('',(0.,0.,-1.));
#9900 = DIRECTION('',(1.,0.,0.));
#9901 = PCURVE('',#9099,#9902);
#9902 = DEFINITIONAL_REPRESENTATION('',(#9903),#9911);
#9903 = ( BOUNDED_CURVE() B_SPLINE_CURVE(2,(#9904,#9905,#9906,#9907,
#9908,#9909,#9910),.UNSPECIFIED.,.T.,.F.) B_SPLINE_CURVE_WITH_KNOTS((1,2
    ,2,2,2,1),(-2.094395102393,0.,2.094395102393,4.188790204786,
6.28318530718,8.377580409573),.UNSPECIFIED.) CURVE() 
GEOMETRIC_REPRESENTATION_ITEM() RATIONAL_B_SPLINE_CURVE((1.,0.5,1.,0.5,
1.,0.5,1.)) REPRESENTATION_ITEM('') );
#9904 = CARTESIAN_POINT('',(10.5,8.));
#9905 = CARTESIAN_POINT('',(10.5,3.669872981078));
#9906 = CARTESIAN_POINT('',(6.75,5.834936490539));
#9907 = CARTESIAN_POINT('',(3.,8.));
#9908 = CARTESIAN_POINT('',(6.75,10.165063509461));
#9909 = CARTESIAN_POINT('',(10.5,12.330127018922));
#9910 = CARTESIAN_POINT('',(10.5,8.));
#9911 = ( GEOMETRIC_REPRESENTATION_CONTEXT(2) 
PARAMETRIC_REPRESENTATION_CONTEXT() REPRESENTATION_CONTEXT('2D SPACE',''
  ) );
#9912 = PCURVE('',#9140,#9913);
#9913 = DEFINITIONAL_REPRESENTATION('',(#9914),#9918);
#9914 = LINE('',#9915,#9916);
#9915 = CARTESIAN_POINT('',(-6.28318530718,-15.));
#9916 = VECTOR('',#9917,1.);
#9917 = DIRECTION('',(1.,-0.));
#9918 = ( GEOMETRIC_REPRESENTATION_CONTEXT(2) 
PARAMETRIC_REPRESENTATION_CONTEXT() REPRESENTATION_CONTEXT('2D SPACE',''
  ) );
#9919 = ORIENTED_EDGE('',*,*,#9920,.T.);
#9920 = EDGE_CURVE('',#9893,#9186,#9921,.T.);
#9921 = SURFACE_CURVE('',#9922,(#9927,#9938),.PCURVE_S1.);
#9922 = CIRCLE('',#9923,2.5);
#9923 = AXIS2_PLACEMENT_3D('',#9924,#9925,#9926);
#9924 = CARTESIAN_POINT('',(57.,-52.,141.2));
#9925 = DIRECTION('',(0.,0.,-1.));
#9926 = DIRECTION('',(1.,0.,0.));
#9927 = PCURVE('',#9099,#9928);
#9928 = DEFINITIONAL_REPRESENTATION('',(#9929),#9937);
#9929 = ( BOUNDED_CURVE() B_SPLINE_CURVE(2,(#9930,#9931,#9932,#9933,
#9934,#9935,#9936),.UNSPECIFIED.,.T.,.F.) B_SPLINE_CURVE_WITH_KNOTS((1,2
    ,2,2,2,1),(-2.094395102393,0.,2.094395102393,4.188790204786,
6.28318530718,8.377580409573),.UNSPECIFIED.) CURVE() 
GEOMETRIC_REPRESENTATION_ITEM() RATIONAL_B_SPLINE_CURVE((1.,0.5,1.,0.5,
1.,0.5,1.)) REPRESENTATION_ITEM('') );
#9930 = CARTESIAN_POINT('',(10.5,8.));
#9931 = CARTESIAN_POINT('',(10.5,3.669872981078));
#9932 = CARTESIAN_POINT('',(6.75,5.834936490539));
#9933 = CARTESIAN_POINT('',(3.,8.));
#9934 = CARTESIAN_POINT('',(6.75,10.165063509461));
#9935 = CARTESIAN_POINT('',(10.5,12.330127018922));
#9936 = CARTESIAN_POINT('',(10.5,8.));
#9937 = ( GEOMETRIC_REPRESENTATION_CONTEXT(2) 
PARAMETRIC_REPRESENTATION_CONTEXT() REPRESENTATION_CONTEXT('2D SPACE',''
  ) );
#9938 = PCURVE('',#9140,#9939);
#9939 = DEFINITIONAL_REPRESENTATION('',(#9940),#9944);
#9940 = LINE('',#9941,#9942);
#9941 = CARTESIAN_POINT('',(-6.28318530718,-15.));
#9942 = VECTOR('',#9943,1.);
#9943 = DIRECTION('',(1.,-0.));
#9944 = ( GEOMETRIC_REPRESENTATION_CONTEXT(2) 
PARAMETRIC_REPRESENTATION_CONTEXT() REPRESENTATION_CONTEXT('2D SPACE',''
  ) );
#9945 = ORIENTED_EDGE('',*,*,#9229,.T.);
#9946 = ORIENTED_EDGE('',*,*,#9354,.F.);
#9947 = FACE_BOUND('',#9948,.T.);
#9948 = EDGE_LOOP('',(#9949));
#9949 = ORIENTED_EDGE('',*,*,#9950,.T.);
#9950 = EDGE_CURVE('',#9951,#9951,#9953,.T.);
#9951 = VERTEX_POINT('',#9952);
#9952 = CARTESIAN_POINT('',(59.5,-26.,141.2));
#9953 = SURFACE_CURVE('',#9954,(#9959,#9970),.PCURVE_S1.);
#9954 = CIRCLE('',#9955,2.5);
#9955 = AXIS2_PLACEMENT_3D('',#9956,#9957,#9958);
#9956 = CARTESIAN_POINT('',(57.,-26.,141.2));
#9957 = DIRECTION('',(0.,0.,-1.));
#9958 = DIRECTION('',(1.,0.,0.));
#9959 = PCURVE('',#9099,#9960);
#9960 = DEFINITIONAL_REPRESENTATION('',(#9961),#9969);
#9961 = ( BOUNDED_CURVE() B_SPLINE_CURVE(2,(#9962,#9963,#9964,#9965,
#9966,#9967,#9968),.UNSPECIFIED.,.T.,.F.) B_SPLINE_CURVE_WITH_KNOTS((1,2
    ,2,2,2,1),(-2.094395102393,0.,2.094395102393,4.188790204786,
6.28318530718,8.377580409573),.UNSPECIFIED.) CURVE() 
GEOMETRIC_REPRESENTATION_ITEM() RATIONAL_B_SPLINE_CURVE((1.,0.5,1.,0.5,
1.,0.5,1.)) REPRESENTATION_ITEM('') );
#9962 = CARTESIAN_POINT('',(10.5,34.));
#9963 = CARTESIAN_POINT('',(10.5,29.669872981078));
#9964 = CARTESIAN_POINT('',(6.75,31.834936490539));
#9965 = CARTESIAN_POINT('',(3.,34.));
#9966 = CARTESIAN_POINT('',(6.75,36.165063509461));
#9967 = CARTESIAN_POINT('',(10.5,38.330127018922));
#9968 = CARTESIAN_POINT('',(10.5,34.));
#9969 = ( GEOMETRIC_REPRESENTATION_CONTEXT(2) 
PARAMETRIC_REPRESENTATION_CONTEXT() REPRESENTATION_CONTEXT('2D SPACE',''
  ) );
#9970 = PCURVE('',#9971,#9976);
#9971 = CYLINDRICAL_SURFACE('',#9972,2.5);
#9972 = AXIS2_PLACEMENT_3D('',#9973,#9974,#9975);
#9973 = CARTESIAN_POINT('',(57.,-26.,126.2));
#9974 = DIRECTION('',(-0.,-0.,-1.));
#9975 = DIRECTION('',(1.,0.,0.));
#9976 = DEFINITIONAL_REPRESENTATION('',(#9977),#9981);
#9977 = LINE('',#9978,#9979);
#9978 = CARTESIAN_POINT('',(-6.28318530718,-15.));
#9979 = VECTOR('',#9980,1.);
#9980 = DIRECTION('',(1.,-0.));
#9981 = ( GEOMETRIC_REPRESENTATION_CONTEXT(2) 
PARAMETRIC_REPRESENTATION_CONTEXT() REPRESENTATION_CONTEXT('2D SPACE',''
  ) );
#9982 = ADVANCED_FACE('',(#9983),#9140,.F.);
#9983 = FACE_BOUND('',#9984,.T.);
#9984 = EDGE_LOOP('',(#9985,#10018,#10039,#10040,#10041,#10063,#10064,
    #10065));
#9985 = ORIENTED_EDGE('',*,*,#9986,.T.);
#9986 = EDGE_CURVE('',#9987,#9987,#9989,.T.);
#9987 = VERTEX_POINT('',#9988);
#9988 = CARTESIAN_POINT('',(59.5,-52.,127.2));
#9989 = SURFACE_CURVE('',#9990,(#9995,#10002),.PCURVE_S1.);
#9990 = CIRCLE('',#9991,2.5);
#9991 = AXIS2_PLACEMENT_3D('',#9992,#9993,#9994);
#9992 = CARTESIAN_POINT('',(57.,-52.,127.2));
#9993 = DIRECTION('',(0.,0.,-1.));
#9994 = DIRECTION('',(1.,0.,0.));
#9995 = PCURVE('',#9140,#9996);
#9996 = DEFINITIONAL_REPRESENTATION('',(#9997),#10001);
#9997 = LINE('',#9998,#9999);
#9998 = CARTESIAN_POINT('',(-6.28318530718,-1.));
#9999 = VECTOR('',#10000,1.);
#10000 = DIRECTION('',(1.,-0.));
#10001 = ( GEOMETRIC_REPRESENTATION_CONTEXT(2) 
PARAMETRIC_REPRESENTATION_CONTEXT() REPRESENTATION_CONTEXT('2D SPACE',''
  ) );
#10002 = PCURVE('',#10003,#10008);
#10003 = PLANE('',#10004);
#10004 = AXIS2_PLACEMENT_3D('',#10005,#10006,#10007);
#10005 = CARTESIAN_POINT('',(49.,-60.,127.2));
#10006 = DIRECTION('',(0.,0.,1.));
#10007 = DIRECTION('',(1.,0.,0.));
#10008 = DEFINITIONAL_REPRESENTATION('',(#10009),#10017);
#10009 = ( BOUNDED_CURVE() B_SPLINE_CURVE(2,(#10010,#10011,#10012,#10013
    ,#10014,#10015,#10016),.UNSPECIFIED.,.T.,.F.) 
B_SPLINE_CURVE_WITH_KNOTS((1,2,2,2,2,1),(-2.094395102393,0.,
    2.094395102393,4.188790204786,6.28318530718,8.377580409573),
.UNSPECIFIED.) CURVE() GEOMETRIC_REPRESENTATION_ITEM() 
RATIONAL_B_SPLINE_CURVE((1.,0.5,1.,0.5,1.,0.5,1.)) REPRESENTATION_ITEM(
  '') );
#10010 = CARTESIAN_POINT('',(10.5,8.));
#10011 = CARTESIAN_POINT('',(10.5,3.669872981078));
#10012 = CARTESIAN_POINT('',(6.75,5.834936490539));
#10013 = CARTESIAN_POINT('',(3.,8.));
#10014 = CARTESIAN_POINT('',(6.75,10.165063509461));
#10015 = CARTESIAN_POINT('',(10.5,12.330127018922));
#10016 = CARTESIAN_POINT('',(10.5,8.));
#10017 = ( GEOMETRIC_REPRESENTATION_CONTEXT(2) 
PARAMETRIC_REPRESENTATION_CONTEXT() REPRESENTATION_CONTEXT('2D SPACE',''
  ) );
#10018 = ORIENTED_EDGE('',*,*,#10019,.T.);
#10019 = EDGE_CURVE('',#9987,#9893,#10020,.T.);
#10020 = SEAM_CURVE('',#10021,(#10025,#10032),.PCURVE_S1.);
#10021 = LINE('',#10022,#10023);
#10022 = CARTESIAN_POINT('',(59.5,-52.,126.2));
#10023 = VECTOR('',#10024,1.);
#10024 = DIRECTION('',(0.,0.,1.));
#10025 = PCURVE('',#9140,#10026);
#10026 = DEFINITIONAL_REPRESENTATION('',(#10027),#10031);
#10027 = LINE('',#10028,#10029);
#10028 = CARTESIAN_POINT('',(-6.28318530718,0.));
#10029 = VECTOR('',#10030,1.);
#10030 = DIRECTION('',(-0.,-1.));
#10031 = ( GEOMETRIC_REPRESENTATION_CONTEXT(2) 
PARAMETRIC_REPRESENTATION_CONTEXT() REPRESENTATION_CONTEXT('2D SPACE',''
  ) );
#10032 = PCURVE('',#9140,#10033);
#10033 = DEFINITIONAL_REPRESENTATION('',(#10034),#10038);
#10034 = LINE('',#10035,#10036);
#10035 = CARTESIAN_POINT('',(-0.,0.));
#10036 = VECTOR('',#10037,1.);
#10037 = DIRECTION('',(-0.,-1.));
#10038 = ( GEOMETRIC_REPRESENTATION_CONTEXT(2) 
PARAMETRIC_REPRESENTATION_CONTEXT() REPRESENTATION_CONTEXT('2D SPACE',''
  ) );
#10039 = ORIENTED_EDGE('',*,*,#9892,.F.);
#10040 = ORIENTED_EDGE('',*,*,#9110,.F.);
#10041 = ORIENTED_EDGE('',*,*,#10042,.T.);
#10042 = EDGE_CURVE('',#9111,#9160,#10043,.T.);
#10043 = SURFACE_CURVE('',#10044,(#10049,#10056),.PCURVE_S1.);
#10044 = CIRCLE('',#10045,2.5);
#10045 = AXIS2_PLACEMENT_3D('',#10046,#10047,#10048);
#10046 = CARTESIAN_POINT('',(57.,-52.,142.2));
#10047 = DIRECTION('',(0.,0.,1.));
#10048 = DIRECTION('',(1.,0.,0.));
#10049 = PCURVE('',#9140,#10050);
#10050 = DEFINITIONAL_REPRESENTATION('',(#10051),#10055);
#10051 = LINE('',#10052,#10053);
#10052 = CARTESIAN_POINT('',(-0.,-16.));
#10053 = VECTOR('',#10054,1.);
#10054 = DIRECTION('',(-1.,0.));
#10055 = ( GEOMETRIC_REPRESENTATION_CONTEXT(2) 
PARAMETRIC_REPRESENTATION_CONTEXT() REPRESENTATION_CONTEXT('2D SPACE',''
  ) );
#10056 = PCURVE('',#9174,#10057);
#10057 = DEFINITIONAL_REPRESENTATION('',(#10058),#10062);
#10058 = CIRCLE('',#10059,2.5);
#10059 = AXIS2_PLACEMENT_2D('',#10060,#10061);
#10060 = CARTESIAN_POINT('',(0.,0.));
#10061 = DIRECTION('',(1.,0.));
#10062 = ( GEOMETRIC_REPRESENTATION_CONTEXT(2) 
PARAMETRIC_REPRESENTATION_CONTEXT() REPRESENTATION_CONTEXT('2D SPACE',''
  ) );
#10063 = ORIENTED_EDGE('',*,*,#9185,.F.);
#10064 = ORIENTED_EDGE('',*,*,#9920,.F.);
#10065 = ORIENTED_EDGE('',*,*,#10019,.F.);
#10066 = ADVANCED_FACE('',(#10067),#9174,.F.);
#10067 = FACE_BOUND('',#10068,.F.);
#10068 = EDGE_LOOP('',(#10069,#10070));
#10069 = ORIENTED_EDGE('',*,*,#9159,.F.);
#10070 = ORIENTED_EDGE('',*,*,#10042,.T.);
#10071 = ADVANCED_FACE('',(#10072,#10206,#10236,#10266,#10296,#10326,
    #10356,#10386,#10412,#10442),#9068,.T.);
#10072 = FACE_BOUND('',#10073,.T.);
#10073 = EDGE_LOOP('',(#10074,#10097,#10121,#10142,#10161,#10162,#10163,
    #10184));
#10074 = ORIENTED_EDGE('',*,*,#10075,.F.);
#10075 = EDGE_CURVE('',#10076,#10078,#10080,.T.);
#10076 = VERTEX_POINT('',#10077);
#10077 = CARTESIAN_POINT('',(-29.49169374586,-45.7,113.2));
#10078 = VERTEX_POINT('',#10079);
#10079 = CARTESIAN_POINT('',(29.491693745867,-45.7,113.2));
#10080 = SURFACE_CURVE('',#10081,(#10085,#10091),.PCURVE_S1.);
#10081 = LINE('',#10082,#10083);
#10082 = CARTESIAN_POINT('',(-50.,-45.7,113.2));
#10083 = VECTOR('',#10084,1.);
#10084 = DIRECTION('',(1.,0.,0.));
#10085 = PCURVE('',#9068,#10086);
#10086 = DEFINITIONAL_REPRESENTATION('',(#10087),#10090);
#10087 = B_SPLINE_CURVE_WITH_KNOTS('',1,(#10088,#10089),.UNSPECIFIED.,
  .F.,.F.,(2,2),(-14.,114.),.PIECEWISE_BEZIER_KNOTS.);
#10088 = CARTESIAN_POINT('',(-64.,56.8));
#10089 = CARTESIAN_POINT('',(64.,56.8));
#10090 = ( GEOMETRIC_REPRESENTATION_CONTEXT(2) 
PARAMETRIC_REPRESENTATION_CONTEXT() REPRESENTATION_CONTEXT('2D SPACE',''
  ) );
#10091 = PCURVE('',#9268,#10092);
#10092 = DEFINITIONAL_REPRESENTATION('',(#10093),#10096);
#10093 = B_SPLINE_CURVE_WITH_KNOTS('',1,(#10094,#10095),.UNSPECIFIED.,
  .F.,.F.,(2,2),(-14.,114.),.PIECEWISE_BEZIER_KNOTS.);
#10094 = CARTESIAN_POINT('',(36.,99.3));
#10095 = CARTESIAN_POINT('',(164.,99.3));
#10096 = ( GEOMETRIC_REPRESENTATION_CONTEXT(2) 
PARAMETRIC_REPRESENTATION_CONTEXT() REPRESENTATION_CONTEXT('2D SPACE',''
  ) );
#10097 = ORIENTED_EDGE('',*,*,#10098,.T.);
#10098 = EDGE_CURVE('',#10076,#10099,#10101,.T.);
#10099 = VERTEX_POINT('',#10100);
#10100 = CARTESIAN_POINT('',(-49.,-45.7,128.82962229952));
#10101 = SURFACE_CURVE('',#10102,(#10107,#10114),.PCURVE_S1.);
#10102 = CIRCLE('',#10103,64.);
#10103 = AXIS2_PLACEMENT_3D('',#10104,#10105,#10106);
#10104 = CARTESIAN_POINT('',(0.,-45.7,170.));
#10105 = DIRECTION('',(-0.,1.,0.));
#10106 = DIRECTION('',(1.,0.,0.));
#10107 = PCURVE('',#9068,#10108);
#10108 = DEFINITIONAL_REPRESENTATION('',(#10109),#10113);
#10109 = CIRCLE('',#10110,64.);
#10110 = AXIS2_PLACEMENT_2D('',#10111,#10112);
#10111 = CARTESIAN_POINT('',(4.102320397618E-15,-5.592060957056E-15));
#10112 = DIRECTION('',(1.,0.));
#10113 = ( GEOMETRIC_REPRESENTATION_CONTEXT(2) 
PARAMETRIC_REPRESENTATION_CONTEXT() REPRESENTATION_CONTEXT('2D SPACE',''
  ) );
#10114 = PCURVE('',#9296,#10115);
#10115 = DEFINITIONAL_REPRESENTATION('',(#10116),#10120);
#10116 = LINE('',#10117,#10118);
#10117 = CARTESIAN_POINT('',(-0.,-14.));
#10118 = VECTOR('',#10119,1.);
#10119 = DIRECTION('',(-1.,0.));
#10120 = ( GEOMETRIC_REPRESENTATION_CONTEXT(2) 
PARAMETRIC_REPRESENTATION_CONTEXT() REPRESENTATION_CONTEXT('2D SPACE',''
  ) );
#10121 = ORIENTED_EDGE('',*,*,#10122,.F.);
#10122 = EDGE_CURVE('',#10123,#10099,#10125,.T.);
#10123 = VERTEX_POINT('',#10124);
#10124 = CARTESIAN_POINT('',(-49.,-45.7,141.2));
#10125 = SURFACE_CURVE('',#10126,(#10130,#10136),.PCURVE_S1.);
#10126 = LINE('',#10127,#10128);
#10127 = CARTESIAN_POINT('',(-49.,-45.7,148.6));
#10128 = VECTOR('',#10129,1.);
#10129 = DIRECTION('',(0.,0.,-1.));
#10130 = PCURVE('',#9068,#10131);
#10131 = DEFINITIONAL_REPRESENTATION('',(#10132),#10135);
#10132 = B_SPLINE_CURVE_WITH_KNOTS('',1,(#10133,#10134),.UNSPECIFIED.,
  .F.,.F.,(2,2),(7.4,21.4),.PIECEWISE_BEZIER_KNOTS.);
#10133 = CARTESIAN_POINT('',(-49.,28.8));
#10134 = CARTESIAN_POINT('',(-49.,42.8));
#10135 = ( GEOMETRIC_REPRESENTATION_CONTEXT(2) 
PARAMETRIC_REPRESENTATION_CONTEXT() REPRESENTATION_CONTEXT('2D SPACE',''
  ) );
#10136 = PCURVE('',#9323,#10137);
#10137 = DEFINITIONAL_REPRESENTATION('',(#10138),#10141);
#10138 = B_SPLINE_CURVE_WITH_KNOTS('',1,(#10139,#10140),.UNSPECIFIED.,
  .F.,.F.,(2,2),(7.4,21.4),.PIECEWISE_BEZIER_KNOTS.);
#10139 = CARTESIAN_POINT('',(14.,-14.3));
#10140 = CARTESIAN_POINT('',(0.,-14.3));
#10141 = ( GEOMETRIC_REPRESENTATION_CONTEXT(2) 
PARAMETRIC_REPRESENTATION_CONTEXT() REPRESENTATION_CONTEXT('2D SPACE',''
  ) );
#10142 = ORIENTED_EDGE('',*,*,#10143,.F.);
#10143 = EDGE_CURVE('',#9031,#10123,#10144,.T.);
#10144 = SURFACE_CURVE('',#10145,(#10149,#10155),.PCURVE_S1.);
#10145 = LINE('',#10146,#10147);
#10146 = CARTESIAN_POINT('',(-32.5,-45.7,141.2));
#10147 = VECTOR('',#10148,1.);
#10148 = DIRECTION('',(1.,0.,0.));
#10149 = PCURVE('',#9068,#10150);
#10150 = DEFINITIONAL_REPRESENTATION('',(#10151),#10154);
#10151 = B_SPLINE_CURVE_WITH_KNOTS('',1,(#10152,#10153),.UNSPECIFIED.,
  .F.,.F.,(2,2),(-31.5,-16.5),.PIECEWISE_BEZIER_KNOTS.);
#10152 = CARTESIAN_POINT('',(-64.,28.8));
#10153 = CARTESIAN_POINT('',(-49.,28.8));
#10154 = ( GEOMETRIC_REPRESENTATION_CONTEXT(2) 
PARAMETRIC_REPRESENTATION_CONTEXT() REPRESENTATION_CONTEXT('2D SPACE',''
  ) );
#10155 = PCURVE('',#8900,#10156);
#10156 = DEFINITIONAL_REPRESENTATION('',(#10157),#10160);
#10157 = B_SPLINE_CURVE_WITH_KNOTS('',1,(#10158,#10159),.UNSPECIFIED.,
  .F.,.F.,(2,2),(-31.5,-16.5),.PIECEWISE_BEZIER_KNOTS.);
#10158 = CARTESIAN_POINT('',(1.,14.3));
#10159 = CARTESIAN_POINT('',(16.,14.3));
#10160 = ( GEOMETRIC_REPRESENTATION_CONTEXT(2) 
PARAMETRIC_REPRESENTATION_CONTEXT() REPRESENTATION_CONTEXT('2D SPACE',''
  ) );
#10161 = ORIENTED_EDGE('',*,*,#9051,.F.);
#10162 = ORIENTED_EDGE('',*,*,#9872,.F.);
#10163 = ORIENTED_EDGE('',*,*,#10164,.T.);
#10164 = EDGE_CURVE('',#9850,#10165,#10167,.T.);
#10165 = VERTEX_POINT('',#10166);
#10166 = CARTESIAN_POINT('',(49.,-45.7,128.82962229952));
#10167 = SURFACE_CURVE('',#10168,(#10172,#10178),.PCURVE_S1.);
#10168 = LINE('',#10169,#10170);
#10169 = CARTESIAN_POINT('',(49.,-45.7,148.6));
#10170 = VECTOR('',#10171,1.);
#10171 = DIRECTION('',(0.,0.,-1.));
#10172 = PCURVE('',#9068,#10173);
#10173 = DEFINITIONAL_REPRESENTATION('',(#10174),#10177);
#10174 = B_SPLINE_CURVE_WITH_KNOTS('',1,(#10175,#10176),.UNSPECIFIED.,
  .F.,.F.,(2,2),(7.4,21.4),.PIECEWISE_BEZIER_KNOTS.);
#10175 = CARTESIAN_POINT('',(49.,28.8));
#10176 = CARTESIAN_POINT('',(49.,42.8));
#10177 = ( GEOMETRIC_REPRESENTATION_CONTEXT(2) 
PARAMETRIC_REPRESENTATION_CONTEXT() REPRESENTATION_CONTEXT('2D SPACE',''
  ) );
#10178 = PCURVE('',#9390,#10179);
#10179 = DEFINITIONAL_REPRESENTATION('',(#10180),#10183);
#10180 = B_SPLINE_CURVE_WITH_KNOTS('',1,(#10181,#10182),.UNSPECIFIED.,
  .F.,.F.,(2,2),(7.4,21.4),.PIECEWISE_BEZIER_KNOTS.);
#10181 = CARTESIAN_POINT('',(14.,-14.3));
#10182 = CARTESIAN_POINT('',(0.,-14.3));
#10183 = ( GEOMETRIC_REPRESENTATION_CONTEXT(2) 
PARAMETRIC_REPRESENTATION_CONTEXT() REPRESENTATION_CONTEXT('2D SPACE',''
  ) );
#10184 = ORIENTED_EDGE('',*,*,#10185,.T.);
#10185 = EDGE_CURVE('',#10165,#10078,#10186,.T.);
#10186 = SURFACE_CURVE('',#10187,(#10192,#10199),.PCURVE_S1.);
#10187 = CIRCLE('',#10188,64.);
#10188 = AXIS2_PLACEMENT_3D('',#10189,#10190,#10191);
#10189 = CARTESIAN_POINT('',(0.,-45.7,170.));
#10190 = DIRECTION('',(-0.,1.,0.));
#10191 = DIRECTION('',(1.,0.,0.));
#10192 = PCURVE('',#9068,#10193);
#10193 = DEFINITIONAL_REPRESENTATION('',(#10194),#10198);
#10194 = CIRCLE('',#10195,64.);
#10195 = AXIS2_PLACEMENT_2D('',#10196,#10197);
#10196 = CARTESIAN_POINT('',(4.102320397618E-15,-5.592060957056E-15));
#10197 = DIRECTION('',(1.,0.));
#10198 = ( GEOMETRIC_REPRESENTATION_CONTEXT(2) 
PARAMETRIC_REPRESENTATION_CONTEXT() REPRESENTATION_CONTEXT('2D SPACE',''
  ) );
#10199 = PCURVE('',#9416,#10200);
#10200 = DEFINITIONAL_REPRESENTATION('',(#10201),#10205);
#10201 = LINE('',#10202,#10203);
#10202 = CARTESIAN_POINT('',(-0.,-14.));
#10203 = VECTOR('',#10204,1.);
#10204 = DIRECTION('',(-1.,0.));
#10205 = ( GEOMETRIC_REPRESENTATION_CONTEXT(2) 
PARAMETRIC_REPRESENTATION_CONTEXT() REPRESENTATION_CONTEXT('2D SPACE',''
  ) );
#10206 = FACE_BOUND('',#10207,.T.);
#10207 = EDGE_LOOP('',(#10208));
#10208 = ORIENTED_EDGE('',*,*,#10209,.T.);
#10209 = EDGE_CURVE('',#10210,#10210,#10212,.T.);
#10210 = VERTEX_POINT('',#10211);
#10211 = CARTESIAN_POINT('',(-23.8500003,-45.7,214.1672955));
#10212 = SURFACE_CURVE('',#10213,(#10218,#10229),.PCURVE_S1.);
#10213 = CIRCLE('',#10214,1.65);
#10214 = AXIS2_PLACEMENT_3D('',#10215,#10216,#10217);
#10215 = CARTESIAN_POINT('',(-25.5000003,-45.7,214.1672955));
#10216 = DIRECTION('',(0.,-1.,0.));
#10217 = DIRECTION('',(1.,0.,0.));
#10218 = PCURVE('',#9068,#10219);
#10219 = DEFINITIONAL_REPRESENTATION('',(#10220),#10228);
#10220 = ( BOUNDED_CURVE() B_SPLINE_CURVE(2,(#10221,#10222,#10223,#10224
    ,#10225,#10226,#10227),.UNSPECIFIED.,.T.,.F.) 
B_SPLINE_CURVE_WITH_KNOTS((1,2,2,2,2,1),(-2.094395102393,0.,
    2.094395102393,4.188790204786,6.28318530718,8.377580409573),
.UNSPECIFIED.) CURVE() GEOMETRIC_REPRESENTATION_ITEM() 
RATIONAL_B_SPLINE_CURVE((1.,0.5,1.,0.5,1.,0.5,1.)) REPRESENTATION_ITEM(
  '') );
#10221 = CARTESIAN_POINT('',(-23.8500003,-44.1672955));
#10222 = CARTESIAN_POINT('',(-23.8500003,-47.02517933248));
#10223 = CARTESIAN_POINT('',(-26.3250003,-45.59623741624));
#10224 = CARTESIAN_POINT('',(-28.8000003,-44.1672955));
#10225 = CARTESIAN_POINT('',(-26.3250003,-42.73835358375));
#10226 = CARTESIAN_POINT('',(-23.8500003,-41.30941166751));
#10227 = CARTESIAN_POINT('',(-23.8500003,-44.1672955));
#10228 = ( GEOMETRIC_REPRESENTATION_CONTEXT(2) 
PARAMETRIC_REPRESENTATION_CONTEXT() REPRESENTATION_CONTEXT('2D SPACE',''
  ) );
#10229 = PCURVE('',#9451,#10230);
#10230 = DEFINITIONAL_REPRESENTATION('',(#10231),#10235);
#10231 = LINE('',#10232,#10233);
#10232 = CARTESIAN_POINT('',(-6.28318530718,-14.3));
#10233 = VECTOR('',#10234,1.);
#10234 = DIRECTION('',(1.,-0.));
#10235 = ( GEOMETRIC_REPRESENTATION_CONTEXT(2) 
PARAMETRIC_REPRESENTATION_CONTEXT() REPRESENTATION_CONTEXT('2D SPACE',''
  ) );
#10236 = FACE_BOUND('',#10237,.T.);
#10237 = EDGE_LOOP('',(#10238));
#10238 = ORIENTED_EDGE('',*,*,#10239,.T.);
#10239 = EDGE_CURVE('',#10240,#10240,#10242,.T.);
#10240 = VERTEX_POINT('',#10241);
#10241 = CARTESIAN_POINT('',(-42.5172957,-45.7,195.4999997));
#10242 = SURFACE_CURVE('',#10243,(#10248,#10259),.PCURVE_S1.);
#10243 = CIRCLE('',#10244,1.65);
#10244 = AXIS2_PLACEMENT_3D('',#10245,#10246,#10247);
#10245 = CARTESIAN_POINT('',(-44.1672957,-45.7,195.4999997));
#10246 = DIRECTION('',(0.,-1.,0.));
#10247 = DIRECTION('',(1.,0.,0.));
#10248 = PCURVE('',#9068,#10249);
#10249 = DEFINITIONAL_REPRESENTATION('',(#10250),#10258);
#10250 = ( BOUNDED_CURVE() B_SPLINE_CURVE(2,(#10251,#10252,#10253,#10254
    ,#10255,#10256,#10257),.UNSPECIFIED.,.T.,.F.) 
B_SPLINE_CURVE_WITH_KNOTS((1,2,2,2,2,1),(-2.094395102393,0.,
    2.094395102393,4.188790204786,6.28318530718,8.377580409573),
.UNSPECIFIED.) CURVE() GEOMETRIC_REPRESENTATION_ITEM() 
RATIONAL_B_SPLINE_CURVE((1.,0.5,1.,0.5,1.,0.5,1.)) REPRESENTATION_ITEM(
  '') );
#10251 = CARTESIAN_POINT('',(-42.5172957,-25.4999997));
#10252 = CARTESIAN_POINT('',(-42.5172957,-28.35788353248));
#10253 = CARTESIAN_POINT('',(-44.9922957,-26.92894161624));
#10254 = CARTESIAN_POINT('',(-47.4672957,-25.4999997));
#10255 = CARTESIAN_POINT('',(-44.9922957,-24.07105778375));
#10256 = CARTESIAN_POINT('',(-42.5172957,-22.64211586751));
#10257 = CARTESIAN_POINT('',(-42.5172957,-25.4999997));
#10258 = ( GEOMETRIC_REPRESENTATION_CONTEXT(2) 
PARAMETRIC_REPRESENTATION_CONTEXT() REPRESENTATION_CONTEXT('2D SPACE',''
  ) );
#10259 = PCURVE('',#9486,#10260);
#10260 = DEFINITIONAL_REPRESENTATION('',(#10261),#10265);
#10261 = LINE('',#10262,#10263);
#10262 = CARTESIAN_POINT('',(-6.28318530718,-14.3));
#10263 = VECTOR('',#10264,1.);
#10264 = DIRECTION('',(1.,-0.));
#10265 = ( GEOMETRIC_REPRESENTATION_CONTEXT(2) 
PARAMETRIC_REPRESENTATION_CONTEXT() REPRESENTATION_CONTEXT('2D SPACE',''
  ) );
#10266 = FACE_BOUND('',#10267,.T.);
#10267 = EDGE_LOOP('',(#10268));
#10268 = ORIENTED_EDGE('',*,*,#10269,.T.);
#10269 = EDGE_CURVE('',#10270,#10270,#10272,.T.);
#10270 = VERTEX_POINT('',#10271);
#10271 = CARTESIAN_POINT('',(27.1499997,-45.7,214.1672958));
#10272 = SURFACE_CURVE('',#10273,(#10278,#10289),.PCURVE_S1.);
#10273 = CIRCLE('',#10274,1.65);
#10274 = AXIS2_PLACEMENT_3D('',#10275,#10276,#10277);
#10275 = CARTESIAN_POINT('',(25.4999997,-45.7,214.1672958));
#10276 = DIRECTION('',(0.,-1.,0.));
#10277 = DIRECTION('',(1.,0.,0.));
#10278 = PCURVE('',#9068,#10279);
#10279 = DEFINITIONAL_REPRESENTATION('',(#10280),#10288);
#10280 = ( BOUNDED_CURVE() B_SPLINE_CURVE(2,(#10281,#10282,#10283,#10284
    ,#10285,#10286,#10287),.UNSPECIFIED.,.T.,.F.) 
B_SPLINE_CURVE_WITH_KNOTS((1,2,2,2,2,1),(-2.094395102393,0.,
    2.094395102393,4.188790204786,6.28318530718,8.377580409573),
.UNSPECIFIED.) CURVE() GEOMETRIC_REPRESENTATION_ITEM() 
RATIONAL_B_SPLINE_CURVE((1.,0.5,1.,0.5,1.,0.5,1.)) REPRESENTATION_ITEM(
  '') );
#10281 = CARTESIAN_POINT('',(27.1499997,-44.1672958));
#10282 = CARTESIAN_POINT('',(27.1499997,-47.02517963248));
#10283 = CARTESIAN_POINT('',(24.6749997,-45.59623771624));
#10284 = CARTESIAN_POINT('',(22.1999997,-44.1672958));
#10285 = CARTESIAN_POINT('',(24.6749997,-42.73835388375));
#10286 = CARTESIAN_POINT('',(27.1499997,-41.30941196751));
#10287 = CARTESIAN_POINT('',(27.1499997,-44.1672958));
#10288 = ( GEOMETRIC_REPRESENTATION_CONTEXT(2) 
PARAMETRIC_REPRESENTATION_CONTEXT() REPRESENTATION_CONTEXT('2D SPACE',''
  ) );
#10289 = PCURVE('',#9521,#10290);
#10290 = DEFINITIONAL_REPRESENTATION('',(#10291),#10295);
#10291 = LINE('',#10292,#10293);
#10292 = CARTESIAN_POINT('',(-6.28318530718,-14.3));
#10293 = VECTOR('',#10294,1.);
#10294 = DIRECTION('',(1.,-0.));
#10295 = ( GEOMETRIC_REPRESENTATION_CONTEXT(2) 
PARAMETRIC_REPRESENTATION_CONTEXT() REPRESENTATION_CONTEXT('2D SPACE',''
  ) );
#10296 = FACE_BOUND('',#10297,.T.);
#10297 = EDGE_LOOP('',(#10298));
#10298 = ORIENTED_EDGE('',*,*,#10299,.T.);
#10299 = EDGE_CURVE('',#10300,#10300,#10302,.T.);
#10300 = VERTEX_POINT('',#10301);
#10301 = CARTESIAN_POINT('',(45.8172955,-45.7,195.5000004));
#10302 = SURFACE_CURVE('',#10303,(#10308,#10319),.PCURVE_S1.);
#10303 = CIRCLE('',#10304,1.65);
#10304 = AXIS2_PLACEMENT_3D('',#10305,#10306,#10307);
#10305 = CARTESIAN_POINT('',(44.1672955,-45.7,195.5000004));
#10306 = DIRECTION('',(0.,-1.,0.));
#10307 = DIRECTION('',(1.,0.,0.));
#10308 = PCURVE('',#9068,#10309);
#10309 = DEFINITIONAL_REPRESENTATION('',(#10310),#10318);
#10310 = ( BOUNDED_CURVE() B_SPLINE_CURVE(2,(#10311,#10312,#10313,#10314
    ,#10315,#10316,#10317),.UNSPECIFIED.,.T.,.F.) 
B_SPLINE_CURVE_WITH_KNOTS((1,2,2,2,2,1),(-2.094395102393,0.,
    2.094395102393,4.188790204786,6.28318530718,8.377580409573),
.UNSPECIFIED.) CURVE() GEOMETRIC_REPRESENTATION_ITEM() 
RATIONAL_B_SPLINE_CURVE((1.,0.5,1.,0.5,1.,0.5,1.)) REPRESENTATION_ITEM(
  '') );
#10311 = CARTESIAN_POINT('',(45.8172955,-25.5000004));
#10312 = CARTESIAN_POINT('',(45.8172955,-28.35788423248));
#10313 = CARTESIAN_POINT('',(43.3422955,-26.92894231624));
#10314 = CARTESIAN_POINT('',(40.8672955,-25.5000004));
#10315 = CARTESIAN_POINT('',(43.3422955,-24.07105848375));
#10316 = CARTESIAN_POINT('',(45.8172955,-22.64211656751));
#10317 = CARTESIAN_POINT('',(45.8172955,-25.5000004));
#10318 = ( GEOMETRIC_REPRESENTATION_CONTEXT(2) 
PARAMETRIC_REPRESENTATION_CONTEXT() REPRESENTATION_CONTEXT('2D SPACE',''
  ) );
#10319 = PCURVE('',#9556,#10320);
#10320 = DEFINITIONAL_REPRESENTATION('',(#10321),#10325);
#10321 = LINE('',#10322,#10323);
#10322 = CARTESIAN_POINT('',(-6.28318530718,-14.3));
#10323 = VECTOR('',#10324,1.);
#10324 = DIRECTION('',(1.,-0.));
#10325 = ( GEOMETRIC_REPRESENTATION_CONTEXT(2) 
PARAMETRIC_REPRESENTATION_CONTEXT() REPRESENTATION_CONTEXT('2D SPACE',''
  ) );
#10326 = FACE_BOUND('',#10327,.T.);
#10327 = EDGE_LOOP('',(#10328));
#10328 = ORIENTED_EDGE('',*,*,#10329,.T.);
#10329 = EDGE_CURVE('',#10330,#10330,#10332,.T.);
#10330 = VERTEX_POINT('',#10331);
#10331 = CARTESIAN_POINT('',(-42.5172954,-45.7,144.4999997));
#10332 = SURFACE_CURVE('',#10333,(#10338,#10349),.PCURVE_S1.);
#10333 = CIRCLE('',#10334,1.65);
#10334 = AXIS2_PLACEMENT_3D('',#10335,#10336,#10337);
#10335 = CARTESIAN_POINT('',(-44.1672954,-45.7,144.4999997));
#10336 = DIRECTION('',(0.,-1.,0.));
#10337 = DIRECTION('',(1.,0.,0.));
#10338 = PCURVE('',#9068,#10339);
#10339 = DEFINITIONAL_REPRESENTATION('',(#10340),#10348);
#10340 = ( BOUNDED_CURVE() B_SPLINE_CURVE(2,(#10341,#10342,#10343,#10344
    ,#10345,#10346,#10347),.UNSPECIFIED.,.T.,.F.) 
B_SPLINE_CURVE_WITH_KNOTS((1,2,2,2,2,1),(-2.094395102393,0.,
    2.094395102393,4.188790204786,6.28318530718,8.377580409573),
.UNSPECIFIED.) CURVE() GEOMETRIC_REPRESENTATION_ITEM() 
RATIONAL_B_SPLINE_CURVE((1.,0.5,1.,0.5,1.,0.5,1.)) REPRESENTATION_ITEM(
  '') );
#10341 = CARTESIAN_POINT('',(-42.5172954,25.5000003));
#10342 = CARTESIAN_POINT('',(-42.5172954,22.642116467511));
#10343 = CARTESIAN_POINT('',(-44.9922954,24.071058383756));
#10344 = CARTESIAN_POINT('',(-47.4672954,25.5000003));
#10345 = CARTESIAN_POINT('',(-44.9922954,26.928942216244));
#10346 = CARTESIAN_POINT('',(-42.5172954,28.357884132489));
#10347 = CARTESIAN_POINT('',(-42.5172954,25.5000003));
#10348 = ( GEOMETRIC_REPRESENTATION_CONTEXT(2) 
PARAMETRIC_REPRESENTATION_CONTEXT() REPRESENTATION_CONTEXT('2D SPACE',''
  ) );
#10349 = PCURVE('',#9591,#10350);
#10350 = DEFINITIONAL_REPRESENTATION('',(#10351),#10355);
#10351 = LINE('',#10352,#10353);
#10352 = CARTESIAN_POINT('',(-6.28318530718,-14.3));
#10353 = VECTOR('',#10354,1.);
#10354 = DIRECTION('',(1.,-0.));
#10355 = ( GEOMETRIC_REPRESENTATION_CONTEXT(2) 
PARAMETRIC_REPRESENTATION_CONTEXT() REPRESENTATION_CONTEXT('2D SPACE',''
  ) );
#10356 = FACE_BOUND('',#10357,.T.);
#10357 = EDGE_LOOP('',(#10358));
#10358 = ORIENTED_EDGE('',*,*,#10359,.T.);
#10359 = EDGE_CURVE('',#10360,#10360,#10362,.T.);
#10360 = VERTEX_POINT('',#10361);
#10361 = CARTESIAN_POINT('',(-23.8499996,-45.7,125.8327043));
#10362 = SURFACE_CURVE('',#10363,(#10368,#10379),.PCURVE_S1.);
#10363 = CIRCLE('',#10364,1.65);
#10364 = AXIS2_PLACEMENT_3D('',#10365,#10366,#10367);
#10365 = CARTESIAN_POINT('',(-25.4999996,-45.7,125.8327043));
#10366 = DIRECTION('',(0.,-1.,0.));
#10367 = DIRECTION('',(1.,0.,0.));
#10368 = PCURVE('',#9068,#10369);
#10369 = DEFINITIONAL_REPRESENTATION('',(#10370),#10378);
#10370 = ( BOUNDED_CURVE() B_SPLINE_CURVE(2,(#10371,#10372,#10373,#10374
    ,#10375,#10376,#10377),.UNSPECIFIED.,.T.,.F.) 
B_SPLINE_CURVE_WITH_KNOTS((1,2,2,2,2,1),(-2.094395102393,0.,
    2.094395102393,4.188790204786,6.28318530718,8.377580409573),
.UNSPECIFIED.) CURVE() GEOMETRIC_REPRESENTATION_ITEM() 
RATIONAL_B_SPLINE_CURVE((1.,0.5,1.,0.5,1.,0.5,1.)) REPRESENTATION_ITEM(
  '') );
#10371 = CARTESIAN_POINT('',(-23.8499996,44.1672957));
#10372 = CARTESIAN_POINT('',(-23.8499996,41.309411867511));
#10373 = CARTESIAN_POINT('',(-26.3249996,42.738353783756));
#10374 = CARTESIAN_POINT('',(-28.7999996,44.1672957));
#10375 = CARTESIAN_POINT('',(-26.3249996,45.596237616244));
#10376 = CARTESIAN_POINT('',(-23.8499996,47.025179532489));
#10377 = CARTESIAN_POINT('',(-23.8499996,44.1672957));
#10378 = ( GEOMETRIC_REPRESENTATION_CONTEXT(2) 
PARAMETRIC_REPRESENTATION_CONTEXT() REPRESENTATION_CONTEXT('2D SPACE',''
  ) );
#10379 = PCURVE('',#9626,#10380);
#10380 = DEFINITIONAL_REPRESENTATION('',(#10381),#10385);
#10381 = LINE('',#10382,#10383);
#10382 = CARTESIAN_POINT('',(-6.28318530718,-14.3));
#10383 = VECTOR('',#10384,1.);
#10384 = DIRECTION('',(1.,-0.));
#10385 = ( GEOMETRIC_REPRESENTATION_CONTEXT(2) 
PARAMETRIC_REPRESENTATION_CONTEXT() REPRESENTATION_CONTEXT('2D SPACE',''
  ) );
#10386 = FACE_BOUND('',#10387,.T.);
#10387 = EDGE_LOOP('',(#10388));
#10388 = ORIENTED_EDGE('',*,*,#10389,.F.);
#10389 = EDGE_CURVE('',#10390,#10390,#10392,.T.);
#10390 = VERTEX_POINT('',#10391);
#10391 = CARTESIAN_POINT('',(47.7,-45.7,170.));
#10392 = SURFACE_CURVE('',#10393,(#10398,#10405),.PCURVE_S1.);
#10393 = CIRCLE('',#10394,47.7);
#10394 = AXIS2_PLACEMENT_3D('',#10395,#10396,#10397);
#10395 = CARTESIAN_POINT('',(3.020920100002E-13,-45.7,170.));
#10396 = DIRECTION('',(-0.,1.,0.));
#10397 = DIRECTION('',(1.,0.,0.));
#10398 = PCURVE('',#9068,#10399);
#10399 = DEFINITIONAL_REPRESENTATION('',(#10400),#10404);
#10400 = CIRCLE('',#10401,47.7);
#10401 = AXIS2_PLACEMENT_2D('',#10402,#10403);
#10402 = CARTESIAN_POINT('',(3.061943303979E-13,-7.843552182114E-15));
#10403 = DIRECTION('',(1.,0.));
#10404 = ( GEOMETRIC_REPRESENTATION_CONTEXT(2) 
PARAMETRIC_REPRESENTATION_CONTEXT() REPRESENTATION_CONTEXT('2D SPACE',''
  ) );
#10405 = PCURVE('',#9657,#10406);
#10406 = DEFINITIONAL_REPRESENTATION('',(#10407),#10411);
#10407 = LINE('',#10408,#10409);
#10408 = CARTESIAN_POINT('',(-0.,-14.));
#10409 = VECTOR('',#10410,1.);
#10410 = DIRECTION('',(-1.,0.));
#10411 = ( GEOMETRIC_REPRESENTATION_CONTEXT(2) 
PARAMETRIC_REPRESENTATION_CONTEXT() REPRESENTATION_CONTEXT('2D SPACE',''
  ) );
#10412 = FACE_BOUND('',#10413,.T.);
#10413 = EDGE_LOOP('',(#10414));
#10414 = ORIENTED_EDGE('',*,*,#10415,.T.);
#10415 = EDGE_CURVE('',#10416,#10416,#10418,.T.);
#10416 = VERTEX_POINT('',#10417);
#10417 = CARTESIAN_POINT('',(45.8172958,-45.7,144.5000004));
#10418 = SURFACE_CURVE('',#10419,(#10424,#10435),.PCURVE_S1.);
#10419 = CIRCLE('',#10420,1.65);
#10420 = AXIS2_PLACEMENT_3D('',#10421,#10422,#10423);
#10421 = CARTESIAN_POINT('',(44.1672958,-45.7,144.5000004));
#10422 = DIRECTION('',(0.,-1.,0.));
#10423 = DIRECTION('',(1.,0.,0.));
#10424 = PCURVE('',#9068,#10425);
#10425 = DEFINITIONAL_REPRESENTATION('',(#10426),#10434);
#10426 = ( BOUNDED_CURVE() B_SPLINE_CURVE(2,(#10427,#10428,#10429,#10430
    ,#10431,#10432,#10433),.UNSPECIFIED.,.T.,.F.) 
B_SPLINE_CURVE_WITH_KNOTS((1,2,2,2,2,1),(-2.094395102393,0.,
    2.094395102393,4.188790204786,6.28318530718,8.377580409573),
.UNSPECIFIED.) CURVE() GEOMETRIC_REPRESENTATION_ITEM() 
RATIONAL_B_SPLINE_CURVE((1.,0.5,1.,0.5,1.,0.5,1.)) REPRESENTATION_ITEM(
  '') );
#10427 = CARTESIAN_POINT('',(45.8172958,25.4999996));
#10428 = CARTESIAN_POINT('',(45.8172958,22.642115767511));
#10429 = CARTESIAN_POINT('',(43.3422958,24.071057683756));
#10430 = CARTESIAN_POINT('',(40.8672958,25.4999996));
#10431 = CARTESIAN_POINT('',(43.3422958,26.928941516244));
#10432 = CARTESIAN_POINT('',(45.8172958,28.357883432489));
#10433 = CARTESIAN_POINT('',(45.8172958,25.4999996));
#10434 = ( GEOMETRIC_REPRESENTATION_CONTEXT(2) 
PARAMETRIC_REPRESENTATION_CONTEXT() REPRESENTATION_CONTEXT('2D SPACE',''
  ) );
#10435 = PCURVE('',#9692,#10436);
#10436 = DEFINITIONAL_REPRESENTATION('',(#10437),#10441);
#10437 = LINE('',#10438,#10439);
#10438 = CARTESIAN_POINT('',(-6.28318530718,-14.3));
#10439 = VECTOR('',#10440,1.);
#10440 = DIRECTION('',(1.,-0.));
#10441 = ( GEOMETRIC_REPRESENTATION_CONTEXT(2) 
PARAMETRIC_REPRESENTATION_CONTEXT() REPRESENTATION_CONTEXT('2D SPACE',''
  ) );
#10442 = FACE_BOUND('',#10443,.T.);
#10443 = EDGE_LOOP('',(#10444));
#10444 = ORIENTED_EDGE('',*,*,#10445,.T.);
#10445 = EDGE_CURVE('',#10446,#10446,#10448,.T.);
#10446 = VERTEX_POINT('',#10447);
#10447 = CARTESIAN_POINT('',(27.1500004,-45.7,125.8327046));
#10448 = SURFACE_CURVE('',#10449,(#10454,#10465),.PCURVE_S1.);
#10449 = CIRCLE('',#10450,1.65);
#10450 = AXIS2_PLACEMENT_3D('',#10451,#10452,#10453);
#10451 = CARTESIAN_POINT('',(25.5000004,-45.7,125.8327046));
#10452 = DIRECTION('',(0.,-1.,0.));
#10453 = DIRECTION('',(1.,0.,0.));
#10454 = PCURVE('',#9068,#10455);
#10455 = DEFINITIONAL_REPRESENTATION('',(#10456),#10464);
#10456 = ( BOUNDED_CURVE() B_SPLINE_CURVE(2,(#10457,#10458,#10459,#10460
    ,#10461,#10462,#10463),.UNSPECIFIED.,.T.,.F.) 
B_SPLINE_CURVE_WITH_KNOTS((1,2,2,2,2,1),(-2.094395102393,0.,
    2.094395102393,4.188790204786,6.28318530718,8.377580409573),
.UNSPECIFIED.) CURVE() GEOMETRIC_REPRESENTATION_ITEM() 
RATIONAL_B_SPLINE_CURVE((1.,0.5,1.,0.5,1.,0.5,1.)) REPRESENTATION_ITEM(
  '') );
#10457 = CARTESIAN_POINT('',(27.1500004,44.1672954));
#10458 = CARTESIAN_POINT('',(27.1500004,41.309411567511));
#10459 = CARTESIAN_POINT('',(24.6750004,42.738353483756));
#10460 = CARTESIAN_POINT('',(22.2000004,44.1672954));
#10461 = CARTESIAN_POINT('',(24.6750004,45.596237316244));
#10462 = CARTESIAN_POINT('',(27.1500004,47.025179232489));
#10463 = CARTESIAN_POINT('',(27.1500004,44.1672954));
#10464 = ( GEOMETRIC_REPRESENTATION_CONTEXT(2) 
PARAMETRIC_REPRESENTATION_CONTEXT() REPRESENTATION_CONTEXT('2D SPACE',''
  ) );
#10465 = PCURVE('',#9727,#10466);
#10466 = DEFINITIONAL_REPRESENTATION('',(#10467),#10471);
#10467 = LINE('',#10468,#10469);
#10468 = CARTESIAN_POINT('',(-6.28318530718,-14.3));
#10469 = VECTOR('',#10470,1.);
#10470 = DIRECTION('',(1.,-0.));
#10471 = ( GEOMETRIC_REPRESENTATION_CONTEXT(2) 
PARAMETRIC_REPRESENTATION_CONTEXT() REPRESENTATION_CONTEXT('2D SPACE',''
  ) );
#10472 = ADVANCED_FACE('',(#10473,#10633),#8900,.T.);
#10473 = FACE_BOUND('',#10474,.T.);
#10474 = EDGE_LOOP('',(#10475,#10498,#10526,#10554,#10582,#10603,#10604,
    #10605,#10631,#10632));
#10475 = ORIENTED_EDGE('',*,*,#10476,.T.);
#10476 = EDGE_CURVE('',#10123,#10477,#10479,.T.);
#10477 = VERTEX_POINT('',#10478);
#10478 = CARTESIAN_POINT('',(-49.,-18.,141.2));
#10479 = SURFACE_CURVE('',#10480,(#10484,#10491),.PCURVE_S1.);
#10480 = LINE('',#10481,#10482);
#10481 = CARTESIAN_POINT('',(-49.,-60.,141.2));
#10482 = VECTOR('',#10483,1.);
#10483 = DIRECTION('',(0.,1.,0.));
#10484 = PCURVE('',#8900,#10485);
#10485 = DEFINITIONAL_REPRESENTATION('',(#10486),#10490);
#10486 = LINE('',#10487,#10488);
#10487 = CARTESIAN_POINT('',(16.,0.));
#10488 = VECTOR('',#10489,1.);
#10489 = DIRECTION('',(0.,1.));
#10490 = ( GEOMETRIC_REPRESENTATION_CONTEXT(2) 
PARAMETRIC_REPRESENTATION_CONTEXT() REPRESENTATION_CONTEXT('2D SPACE',''
  ) );
#10491 = PCURVE('',#9323,#10492);
#10492 = DEFINITIONAL_REPRESENTATION('',(#10493),#10497);
#10493 = LINE('',#10494,#10495);
#10494 = CARTESIAN_POINT('',(14.,0.));
#10495 = VECTOR('',#10496,1.);
#10496 = DIRECTION('',(0.,-1.));
#10497 = ( GEOMETRIC_REPRESENTATION_CONTEXT(2) 
PARAMETRIC_REPRESENTATION_CONTEXT() REPRESENTATION_CONTEXT('2D SPACE',''
  ) );
#10498 = ORIENTED_EDGE('',*,*,#10499,.F.);
#10499 = EDGE_CURVE('',#10500,#10477,#10502,.T.);
#10500 = VERTEX_POINT('',#10501);
#10501 = CARTESIAN_POINT('',(-65.,-18.,141.2));
#10502 = SURFACE_CURVE('',#10503,(#10507,#10514),.PCURVE_S1.);
#10503 = LINE('',#10504,#10505);
#10504 = CARTESIAN_POINT('',(-65.,-18.,141.2));
#10505 = VECTOR('',#10506,1.);
#10506 = DIRECTION('',(1.,0.,0.));
#10507 = PCURVE('',#8900,#10508);
#10508 = DEFINITIONAL_REPRESENTATION('',(#10509),#10513);
#10509 = LINE('',#10510,#10511);
#10510 = CARTESIAN_POINT('',(0.,42.));
#10511 = VECTOR('',#10512,1.);
#10512 = DIRECTION('',(1.,0.));
#10513 = ( GEOMETRIC_REPRESENTATION_CONTEXT(2) 
PARAMETRIC_REPRESENTATION_CONTEXT() REPRESENTATION_CONTEXT('2D SPACE',''
  ) );
#10514 = PCURVE('',#10515,#10520);
#10515 = PLANE('',#10516);
#10516 = AXIS2_PLACEMENT_3D('',#10517,#10518,#10519);
#10517 = CARTESIAN_POINT('',(-65.,-18.,127.2));
#10518 = DIRECTION('',(0.,1.,0.));
#10519 = DIRECTION('',(0.,0.,1.));
#10520 = DEFINITIONAL_REPRESENTATION('',(#10521),#10525);
#10521 = LINE('',#10522,#10523);
#10522 = CARTESIAN_POINT('',(14.,0.));
#10523 = VECTOR('',#10524,1.);
#10524 = DIRECTION('',(0.,1.));
#10525 = ( GEOMETRIC_REPRESENTATION_CONTEXT(2) 
PARAMETRIC_REPRESENTATION_CONTEXT() REPRESENTATION_CONTEXT('2D SPACE',''
  ) );
#10526 = ORIENTED_EDGE('',*,*,#10527,.F.);
#10527 = EDGE_CURVE('',#10528,#10500,#10530,.T.);
#10528 = VERTEX_POINT('',#10529);
#10529 = CARTESIAN_POINT('',(-65.,-60.,141.2));
#10530 = SURFACE_CURVE('',#10531,(#10535,#10542),.PCURVE_S1.);
#10531 = LINE('',#10532,#10533);
#10532 = CARTESIAN_POINT('',(-65.,-60.,141.2));
#10533 = VECTOR('',#10534,1.);
#10534 = DIRECTION('',(0.,1.,0.));
#10535 = PCURVE('',#8900,#10536);
#10536 = DEFINITIONAL_REPRESENTATION('',(#10537),#10541);
#10537 = LINE('',#10538,#10539);
#10538 = CARTESIAN_POINT('',(0.,0.));
#10539 = VECTOR('',#10540,1.);
#10540 = DIRECTION('',(0.,1.));
#10541 = ( GEOMETRIC_REPRESENTATION_CONTEXT(2) 
PARAMETRIC_REPRESENTATION_CONTEXT() REPRESENTATION_CONTEXT('2D SPACE',''
  ) );
#10542 = PCURVE('',#10543,#10548);
#10543 = PLANE('',#10544);
#10544 = AXIS2_PLACEMENT_3D('',#10545,#10546,#10547);
#10545 = CARTESIAN_POINT('',(-65.,-60.,127.2));
#10546 = DIRECTION('',(1.,0.,0.));
#10547 = DIRECTION('',(0.,0.,1.));
#10548 = DEFINITIONAL_REPRESENTATION('',(#10549),#10553);
#10549 = LINE('',#10550,#10551);
#10550 = CARTESIAN_POINT('',(14.,0.));
#10551 = VECTOR('',#10552,1.);
#10552 = DIRECTION('',(0.,-1.));
#10553 = ( GEOMETRIC_REPRESENTATION_CONTEXT(2) 
PARAMETRIC_REPRESENTATION_CONTEXT() REPRESENTATION_CONTEXT('2D SPACE',''
  ) );
#10554 = ORIENTED_EDGE('',*,*,#10555,.T.);
#10555 = EDGE_CURVE('',#10528,#10556,#10558,.T.);
#10556 = VERTEX_POINT('',#10557);
#10557 = CARTESIAN_POINT('',(-49.,-60.,141.2));
#10558 = SURFACE_CURVE('',#10559,(#10563,#10570),.PCURVE_S1.);
#10559 = LINE('',#10560,#10561);
#10560 = CARTESIAN_POINT('',(-65.,-60.,141.2));
#10561 = VECTOR('',#10562,1.);
#10562 = DIRECTION('',(1.,0.,0.));
#10563 = PCURVE('',#8900,#10564);
#10564 = DEFINITIONAL_REPRESENTATION('',(#10565),#10569);
#10565 = LINE('',#10566,#10567);
#10566 = CARTESIAN_POINT('',(0.,0.));
#10567 = VECTOR('',#10568,1.);
#10568 = DIRECTION('',(1.,0.));
#10569 = ( GEOMETRIC_REPRESENTATION_CONTEXT(2) 
PARAMETRIC_REPRESENTATION_CONTEXT() REPRESENTATION_CONTEXT('2D SPACE',''
  ) );
#10570 = PCURVE('',#10571,#10576);
#10571 = PLANE('',#10572);
#10572 = AXIS2_PLACEMENT_3D('',#10573,#10574,#10575);
#10573 = CARTESIAN_POINT('',(-65.,-60.,127.2));
#10574 = DIRECTION('',(0.,1.,0.));
#10575 = DIRECTION('',(0.,0.,1.));
#10576 = DEFINITIONAL_REPRESENTATION('',(#10577),#10581);
#10577 = LINE('',#10578,#10579);
#10578 = CARTESIAN_POINT('',(14.,0.));
#10579 = VECTOR('',#10580,1.);
#10580 = DIRECTION('',(0.,1.));
#10581 = ( GEOMETRIC_REPRESENTATION_CONTEXT(2) 
PARAMETRIC_REPRESENTATION_CONTEXT() REPRESENTATION_CONTEXT('2D SPACE',''
  ) );
#10582 = ORIENTED_EDGE('',*,*,#10583,.T.);
#10583 = EDGE_CURVE('',#10556,#9309,#10584,.T.);
#10584 = SURFACE_CURVE('',#10585,(#10589,#10596),.PCURVE_S1.);
#10585 = LINE('',#10586,#10587);
#10586 = CARTESIAN_POINT('',(-49.,-60.,141.2));
#10587 = VECTOR('',#10588,1.);
#10588 = DIRECTION('',(0.,1.,0.));
#10589 = PCURVE('',#8900,#10590);
#10590 = DEFINITIONAL_REPRESENTATION('',(#10591),#10595);
#10591 = LINE('',#10592,#10593);
#10592 = CARTESIAN_POINT('',(16.,0.));
#10593 = VECTOR('',#10594,1.);
#10594 = DIRECTION('',(0.,1.));
#10595 = ( GEOMETRIC_REPRESENTATION_CONTEXT(2) 
PARAMETRIC_REPRESENTATION_CONTEXT() REPRESENTATION_CONTEXT('2D SPACE',''
  ) );
#10596 = PCURVE('',#9323,#10597);
#10597 = DEFINITIONAL_REPRESENTATION('',(#10598),#10602);
#10598 = LINE('',#10599,#10600);
#10599 = CARTESIAN_POINT('',(14.,0.));
#10600 = VECTOR('',#10601,1.);
#10601 = DIRECTION('',(0.,-1.));
#10602 = ( GEOMETRIC_REPRESENTATION_CONTEXT(2) 
PARAMETRIC_REPRESENTATION_CONTEXT() REPRESENTATION_CONTEXT('2D SPACE',''
  ) );
#10603 = ORIENTED_EDGE('',*,*,#9334,.F.);
#10604 = ORIENTED_EDGE('',*,*,#8885,.F.);
#10605 = ORIENTED_EDGE('',*,*,#10606,.T.);
#10606 = EDGE_CURVE('',#8886,#8987,#10607,.T.);
#10607 = SURFACE_CURVE('',#10608,(#10613,#10624),.PCURVE_S1.);
#10608 = CIRCLE('',#10609,2.5);
#10609 = AXIS2_PLACEMENT_3D('',#10610,#10611,#10612);
#10610 = CARTESIAN_POINT('',(-57.,-52.,141.2));
#10611 = DIRECTION('',(0.,0.,-1.));
#10612 = DIRECTION('',(1.,0.,0.));
#10613 = PCURVE('',#8900,#10614);
#10614 = DEFINITIONAL_REPRESENTATION('',(#10615),#10623);
#10615 = ( BOUNDED_CURVE() B_SPLINE_CURVE(2,(#10616,#10617,#10618,#10619
    ,#10620,#10621,#10622),.UNSPECIFIED.,.T.,.F.) 
B_SPLINE_CURVE_WITH_KNOTS((1,2,2,2,2,1),(-2.094395102393,0.,
    2.094395102393,4.188790204786,6.28318530718,8.377580409573),
.UNSPECIFIED.) CURVE() GEOMETRIC_REPRESENTATION_ITEM() 
RATIONAL_B_SPLINE_CURVE((1.,0.5,1.,0.5,1.,0.5,1.)) REPRESENTATION_ITEM(
  '') );
#10616 = CARTESIAN_POINT('',(10.5,8.));
#10617 = CARTESIAN_POINT('',(10.5,3.669872981078));
#10618 = CARTESIAN_POINT('',(6.75,5.834936490539));
#10619 = CARTESIAN_POINT('',(3.,8.));
#10620 = CARTESIAN_POINT('',(6.75,10.165063509461));
#10621 = CARTESIAN_POINT('',(10.5,12.330127018922));
#10622 = CARTESIAN_POINT('',(10.5,8.));
#10623 = ( GEOMETRIC_REPRESENTATION_CONTEXT(2) 
PARAMETRIC_REPRESENTATION_CONTEXT() REPRESENTATION_CONTEXT('2D SPACE',''
  ) );
#10624 = PCURVE('',#8941,#10625);
#10625 = DEFINITIONAL_REPRESENTATION('',(#10626),#10630);
#10626 = LINE('',#10627,#10628);
#10627 = CARTESIAN_POINT('',(-6.28318530718,-15.));
#10628 = VECTOR('',#10629,1.);
#10629 = DIRECTION('',(1.,-0.));
#10630 = ( GEOMETRIC_REPRESENTATION_CONTEXT(2) 
PARAMETRIC_REPRESENTATION_CONTEXT() REPRESENTATION_CONTEXT('2D SPACE',''
  ) );
#10631 = ORIENTED_EDGE('',*,*,#9030,.F.);
#10632 = ORIENTED_EDGE('',*,*,#10143,.T.);
#10633 = FACE_BOUND('',#10634,.T.);
#10634 = EDGE_LOOP('',(#10635));
#10635 = ORIENTED_EDGE('',*,*,#10636,.T.);
#10636 = EDGE_CURVE('',#10637,#10637,#10639,.T.);
#10637 = VERTEX_POINT('',#10638);
#10638 = CARTESIAN_POINT('',(-54.5,-26.,141.2));
#10639 = SURFACE_CURVE('',#10640,(#10645,#10656),.PCURVE_S1.);
#10640 = CIRCLE('',#10641,2.5);
#10641 = AXIS2_PLACEMENT_3D('',#10642,#10643,#10644);
#10642 = CARTESIAN_POINT('',(-57.,-26.,141.2));
#10643 = DIRECTION('',(0.,0.,-1.));
#10644 = DIRECTION('',(1.,0.,0.));
#10645 = PCURVE('',#8900,#10646);
#10646 = DEFINITIONAL_REPRESENTATION('',(#10647),#10655);
#10647 = ( BOUNDED_CURVE() B_SPLINE_CURVE(2,(#10648,#10649,#10650,#10651
    ,#10652,#10653,#10654),.UNSPECIFIED.,.T.,.F.) 
B_SPLINE_CURVE_WITH_KNOTS((1,2,2,2,2,1),(-2.094395102393,0.,
    2.094395102393,4.188790204786,6.28318530718,8.377580409573),
.UNSPECIFIED.) CURVE() GEOMETRIC_REPRESENTATION_ITEM() 
RATIONAL_B_SPLINE_CURVE((1.,0.5,1.,0.5,1.,0.5,1.)) REPRESENTATION_ITEM(
  '') );
#10648 = CARTESIAN_POINT('',(10.5,34.));
#10649 = CARTESIAN_POINT('',(10.5,29.669872981078));
#10650 = CARTESIAN_POINT('',(6.75,31.834936490539));
#10651 = CARTESIAN_POINT('',(3.,34.));
#10652 = CARTESIAN_POINT('',(6.75,36.165063509461));
#10653 = CARTESIAN_POINT('',(10.5,38.330127018922));
#10654 = CARTESIAN_POINT('',(10.5,34.));
#10655 = ( GEOMETRIC_REPRESENTATION_CONTEXT(2) 
PARAMETRIC_REPRESENTATION_CONTEXT() REPRESENTATION_CONTEXT('2D SPACE',''
  ) );
#10656 = PCURVE('',#10657,#10662);
#10657 = CYLINDRICAL_SURFACE('',#10658,2.5);
#10658 = AXIS2_PLACEMENT_3D('',#10659,#10660,#10661);
#10659 = CARTESIAN_POINT('',(-57.,-26.,126.2));
#10660 = DIRECTION('',(-0.,-0.,-1.));
#10661 = DIRECTION('',(1.,0.,0.));
#10662 = DEFINITIONAL_REPRESENTATION('',(#10663),#10667);
#10663 = LINE('',#10664,#10665);
#10664 = CARTESIAN_POINT('',(-6.28318530718,-15.));
#10665 = VECTOR('',#10666,1.);
#10666 = DIRECTION('',(1.,-0.));
#10667 = ( GEOMETRIC_REPRESENTATION_CONTEXT(2) 
PARAMETRIC_REPRESENTATION_CONTEXT() REPRESENTATION_CONTEXT('2D SPACE',''
  ) );
#10668 = ADVANCED_FACE('',(#10669),#8941,.F.);
#10669 = FACE_BOUND('',#10670,.T.);
#10670 = EDGE_LOOP('',(#10671,#10704,#10727,#10749,#10750,#10751,#10752,
    #10774));
#10671 = ORIENTED_EDGE('',*,*,#10672,.T.);
#10672 = EDGE_CURVE('',#10673,#10673,#10675,.T.);
#10673 = VERTEX_POINT('',#10674);
#10674 = CARTESIAN_POINT('',(-54.5,-52.,127.2));
#10675 = SURFACE_CURVE('',#10676,(#10681,#10688),.PCURVE_S1.);
#10676 = CIRCLE('',#10677,2.5);
#10677 = AXIS2_PLACEMENT_3D('',#10678,#10679,#10680);
#10678 = CARTESIAN_POINT('',(-57.,-52.,127.2));
#10679 = DIRECTION('',(0.,0.,-1.));
#10680 = DIRECTION('',(1.,0.,0.));
#10681 = PCURVE('',#8941,#10682);
#10682 = DEFINITIONAL_REPRESENTATION('',(#10683),#10687);
#10683 = LINE('',#10684,#10685);
#10684 = CARTESIAN_POINT('',(-6.28318530718,-1.));
#10685 = VECTOR('',#10686,1.);
#10686 = DIRECTION('',(1.,-0.));
#10687 = ( GEOMETRIC_REPRESENTATION_CONTEXT(2) 
PARAMETRIC_REPRESENTATION_CONTEXT() REPRESENTATION_CONTEXT('2D SPACE',''
  ) );
#10688 = PCURVE('',#10689,#10694);
#10689 = PLANE('',#10690);
#10690 = AXIS2_PLACEMENT_3D('',#10691,#10692,#10693);
#10691 = CARTESIAN_POINT('',(-65.,-60.,127.2));
#10692 = DIRECTION('',(0.,0.,1.));
#10693 = DIRECTION('',(1.,0.,0.));
#10694 = DEFINITIONAL_REPRESENTATION('',(#10695),#10703);
#10695 = ( BOUNDED_CURVE() B_SPLINE_CURVE(2,(#10696,#10697,#10698,#10699
    ,#10700,#10701,#10702),.UNSPECIFIED.,.T.,.F.) 
B_SPLINE_CURVE_WITH_KNOTS((1,2,2,2,2,1),(-2.094395102393,0.,
    2.094395102393,4.188790204786,6.28318530718,8.377580409573),
.UNSPECIFIED.) CURVE() GEOMETRIC_REPRESENTATION_ITEM() 
RATIONAL_B_SPLINE_CURVE((1.,0.5,1.,0.5,1.,0.5,1.)) REPRESENTATION_ITEM(
  '') );
#10696 = CARTESIAN_POINT('',(10.5,8.));
#10697 = CARTESIAN_POINT('',(10.5,3.669872981078));
#10698 = CARTESIAN_POINT('',(6.75,5.834936490539));
#10699 = CARTESIAN_POINT('',(3.,8.));
#10700 = CARTESIAN_POINT('',(6.75,10.165063509461));
#10701 = CARTESIAN_POINT('',(10.5,12.330127018922));
#10702 = CARTESIAN_POINT('',(10.5,8.));
#10703 = ( GEOMETRIC_REPRESENTATION_CONTEXT(2) 
PARAMETRIC_REPRESENTATION_CONTEXT() REPRESENTATION_CONTEXT('2D SPACE',''
  ) );
#10704 = ORIENTED_EDGE('',*,*,#10705,.T.);
#10705 = EDGE_CURVE('',#10673,#10706,#10708,.T.);
#10706 = VERTEX_POINT('',#10707);
#10707 = CARTESIAN_POINT('',(-54.5,-52.,142.2));
#10708 = SEAM_CURVE('',#10709,(#10713,#10720),.PCURVE_S1.);
#10709 = LINE('',#10710,#10711);
#10710 = CARTESIAN_POINT('',(-54.5,-52.,126.2));
#10711 = VECTOR('',#10712,1.);
#10712 = DIRECTION('',(0.,0.,1.));
#10713 = PCURVE('',#8941,#10714);
#10714 = DEFINITIONAL_REPRESENTATION('',(#10715),#10719);
#10715 = LINE('',#10716,#10717);
#10716 = CARTESIAN_POINT('',(-6.28318530718,0.));
#10717 = VECTOR('',#10718,1.);
#10718 = DIRECTION('',(-0.,-1.));
#10719 = ( GEOMETRIC_REPRESENTATION_CONTEXT(2) 
PARAMETRIC_REPRESENTATION_CONTEXT() REPRESENTATION_CONTEXT('2D SPACE',''
  ) );
#10720 = PCURVE('',#8941,#10721);
#10721 = DEFINITIONAL_REPRESENTATION('',(#10722),#10726);
#10722 = LINE('',#10723,#10724);
#10723 = CARTESIAN_POINT('',(-0.,0.));
#10724 = VECTOR('',#10725,1.);
#10725 = DIRECTION('',(-0.,-1.));
#10726 = ( GEOMETRIC_REPRESENTATION_CONTEXT(2) 
PARAMETRIC_REPRESENTATION_CONTEXT() REPRESENTATION_CONTEXT('2D SPACE',''
  ) );
#10727 = ORIENTED_EDGE('',*,*,#10728,.T.);
#10728 = EDGE_CURVE('',#10706,#8961,#10729,.T.);
#10729 = SURFACE_CURVE('',#10730,(#10735,#10742),.PCURVE_S1.);
#10730 = CIRCLE('',#10731,2.5);
#10731 = AXIS2_PLACEMENT_3D('',#10732,#10733,#10734);
#10732 = CARTESIAN_POINT('',(-57.,-52.,142.2));
#10733 = DIRECTION('',(0.,0.,1.));
#10734 = DIRECTION('',(1.,0.,0.));
#10735 = PCURVE('',#8941,#10736);
#10736 = DEFINITIONAL_REPRESENTATION('',(#10737),#10741);
#10737 = LINE('',#10738,#10739);
#10738 = CARTESIAN_POINT('',(-0.,-16.));
#10739 = VECTOR('',#10740,1.);
#10740 = DIRECTION('',(-1.,0.));
#10741 = ( GEOMETRIC_REPRESENTATION_CONTEXT(2) 
PARAMETRIC_REPRESENTATION_CONTEXT() REPRESENTATION_CONTEXT('2D SPACE',''
  ) );
#10742 = PCURVE('',#8975,#10743);
#10743 = DEFINITIONAL_REPRESENTATION('',(#10744),#10748);
#10744 = CIRCLE('',#10745,2.5);
#10745 = AXIS2_PLACEMENT_2D('',#10746,#10747);
#10746 = CARTESIAN_POINT('',(-114.,0.));
#10747 = DIRECTION('',(1.,0.));
#10748 = ( GEOMETRIC_REPRESENTATION_CONTEXT(2) 
PARAMETRIC_REPRESENTATION_CONTEXT() REPRESENTATION_CONTEXT('2D SPACE',''
  ) );
#10749 = ORIENTED_EDGE('',*,*,#8986,.F.);
#10750 = ORIENTED_EDGE('',*,*,#10606,.F.);
#10751 = ORIENTED_EDGE('',*,*,#8911,.F.);
#10752 = ORIENTED_EDGE('',*,*,#10753,.T.);
#10753 = EDGE_CURVE('',#8912,#10706,#10754,.T.);
#10754 = SURFACE_CURVE('',#10755,(#10760,#10767),.PCURVE_S1.);
#10755 = CIRCLE('',#10756,2.5);
#10756 = AXIS2_PLACEMENT_3D('',#10757,#10758,#10759);
#10757 = CARTESIAN_POINT('',(-57.,-52.,142.2));
#10758 = DIRECTION('',(0.,0.,1.));
#10759 = DIRECTION('',(1.,0.,0.));
#10760 = PCURVE('',#8941,#10761);
#10761 = DEFINITIONAL_REPRESENTATION('',(#10762),#10766);
#10762 = LINE('',#10763,#10764);
#10763 = CARTESIAN_POINT('',(-0.,-16.));
#10764 = VECTOR('',#10765,1.);
#10765 = DIRECTION('',(-1.,0.));
#10766 = ( GEOMETRIC_REPRESENTATION_CONTEXT(2) 
PARAMETRIC_REPRESENTATION_CONTEXT() REPRESENTATION_CONTEXT('2D SPACE',''
  ) );
#10767 = PCURVE('',#8975,#10768);
#10768 = DEFINITIONAL_REPRESENTATION('',(#10769),#10773);
#10769 = CIRCLE('',#10770,2.5);
#10770 = AXIS2_PLACEMENT_2D('',#10771,#10772);
#10771 = CARTESIAN_POINT('',(-114.,0.));
#10772 = DIRECTION('',(1.,0.));
#10773 = ( GEOMETRIC_REPRESENTATION_CONTEXT(2) 
PARAMETRIC_REPRESENTATION_CONTEXT() REPRESENTATION_CONTEXT('2D SPACE',''
  ) );
#10774 = ORIENTED_EDGE('',*,*,#10705,.F.);
#10775 = ADVANCED_FACE('',(#10776),#8975,.F.);
#10776 = FACE_BOUND('',#10777,.F.);
#10777 = EDGE_LOOP('',(#10778,#10779,#10780));
#10778 = ORIENTED_EDGE('',*,*,#10753,.T.);
#10779 = ORIENTED_EDGE('',*,*,#10728,.T.);
#10780 = ORIENTED_EDGE('',*,*,#8960,.T.);
#10781 = ADVANCED_FACE('',(#10782),#9268,.F.);
#10782 = FACE_BOUND('',#10783,.F.);
#10783 = EDGE_LOOP('',(#10784,#10803,#10804,#10823));
#10784 = ORIENTED_EDGE('',*,*,#10785,.F.);
#10785 = EDGE_CURVE('',#10078,#9254,#10786,.T.);
#10786 = SURFACE_CURVE('',#10787,(#10791,#10797),.PCURVE_S1.);
#10787 = LINE('',#10788,#10789);
#10788 = CARTESIAN_POINT('',(29.491693745867,-59.7,113.2));
#10789 = VECTOR('',#10790,1.);
#10790 = DIRECTION('',(-0.,-1.,0.));
#10791 = PCURVE('',#9268,#10792);
#10792 = DEFINITIONAL_REPRESENTATION('',(#10793),#10796);
#10793 = B_SPLINE_CURVE_WITH_KNOTS('',1,(#10794,#10795),.UNSPECIFIED.,
  .F.,.F.,(2,2),(-14.0000006,5.999999999062E-07),
  .PIECEWISE_BEZIER_KNOTS.);
#10794 = CARTESIAN_POINT('',(129.49169374586,99.3000006));
#10795 = CARTESIAN_POINT('',(129.49169374586,85.2999994));
#10796 = ( GEOMETRIC_REPRESENTATION_CONTEXT(2) 
PARAMETRIC_REPRESENTATION_CONTEXT() REPRESENTATION_CONTEXT('2D SPACE',''
  ) );
#10797 = PCURVE('',#9416,#10798);
#10798 = DEFINITIONAL_REPRESENTATION('',(#10799),#10802);
#10799 = B_SPLINE_CURVE_WITH_KNOTS('',1,(#10800,#10801),.UNSPECIFIED.,
  .F.,.F.,(2,2),(-14.0000006,5.999999999062E-07),
  .PIECEWISE_BEZIER_KNOTS.);
#10800 = CARTESIAN_POINT('',(-1.09189124192,-14.0000006));
#10801 = CARTESIAN_POINT('',(-1.09189124192,5.999999999062E-07));
#10802 = ( GEOMETRIC_REPRESENTATION_CONTEXT(2) 
PARAMETRIC_REPRESENTATION_CONTEXT() REPRESENTATION_CONTEXT('2D SPACE',''
  ) );
#10803 = ORIENTED_EDGE('',*,*,#10075,.F.);
#10804 = ORIENTED_EDGE('',*,*,#10805,.T.);
#10805 = EDGE_CURVE('',#10076,#9252,#10806,.T.);
#10806 = SURFACE_CURVE('',#10807,(#10811,#10817),.PCURVE_S1.);
#10807 = LINE('',#10808,#10809);
#10808 = CARTESIAN_POINT('',(-29.49169374586,-59.7,113.2));
#10809 = VECTOR('',#10810,1.);
#10810 = DIRECTION('',(-0.,-1.,0.));
#10811 = PCURVE('',#9268,#10812);
#10812 = DEFINITIONAL_REPRESENTATION('',(#10813),#10816);
#10813 = B_SPLINE_CURVE_WITH_KNOTS('',1,(#10814,#10815),.UNSPECIFIED.,
  .F.,.F.,(2,2),(-14.0000006,5.999999999062E-07),
  .PIECEWISE_BEZIER_KNOTS.);
#10814 = CARTESIAN_POINT('',(70.508306254133,99.3000006));
#10815 = CARTESIAN_POINT('',(70.508306254133,85.2999994));
#10816 = ( GEOMETRIC_REPRESENTATION_CONTEXT(2) 
PARAMETRIC_REPRESENTATION_CONTEXT() REPRESENTATION_CONTEXT('2D SPACE',''
  ) );
#10817 = PCURVE('',#9296,#10818);
#10818 = DEFINITIONAL_REPRESENTATION('',(#10819),#10822);
#10819 = B_SPLINE_CURVE_WITH_KNOTS('',1,(#10820,#10821),.UNSPECIFIED.,
  .F.,.F.,(2,2),(-14.0000006,5.999999999062E-07),
  .PIECEWISE_BEZIER_KNOTS.);
#10820 = CARTESIAN_POINT('',(-2.04970141167,-14.0000006));
#10821 = CARTESIAN_POINT('',(-2.04970141167,5.999999999062E-07));
#10822 = ( GEOMETRIC_REPRESENTATION_CONTEXT(2) 
PARAMETRIC_REPRESENTATION_CONTEXT() REPRESENTATION_CONTEXT('2D SPACE',''
  ) );
#10823 = ORIENTED_EDGE('',*,*,#9251,.T.);
#10824 = ADVANCED_FACE('',(#10825),#9296,.T.);
#10825 = FACE_BOUND('',#10826,.F.);
#10826 = EDGE_LOOP('',(#10827,#10846,#10847,#10848));
#10827 = ORIENTED_EDGE('',*,*,#10828,.T.);
#10828 = EDGE_CURVE('',#10099,#9280,#10829,.T.);
#10829 = SURFACE_CURVE('',#10830,(#10834,#10840),.PCURVE_S1.);
#10830 = LINE('',#10831,#10832);
#10831 = CARTESIAN_POINT('',(-49.,-59.7,128.82962229952));
#10832 = VECTOR('',#10833,1.);
#10833 = DIRECTION('',(-0.,-1.,0.));
#10834 = PCURVE('',#9296,#10835);
#10835 = DEFINITIONAL_REPRESENTATION('',(#10836),#10839);
#10836 = B_SPLINE_CURVE_WITH_KNOTS('',1,(#10837,#10838),.UNSPECIFIED.,
  .F.,.F.,(2,2),(-14.0000006,5.999999999062E-07),
  .PIECEWISE_BEZIER_KNOTS.);
#10837 = CARTESIAN_POINT('',(-2.442808668622,-14.0000006));
#10838 = CARTESIAN_POINT('',(-2.442808668622,5.999999999062E-07));
#10839 = ( GEOMETRIC_REPRESENTATION_CONTEXT(2) 
PARAMETRIC_REPRESENTATION_CONTEXT() REPRESENTATION_CONTEXT('2D SPACE',''
  ) );
#10840 = PCURVE('',#9323,#10841);
#10841 = DEFINITIONAL_REPRESENTATION('',(#10842),#10845);
#10842 = B_SPLINE_CURVE_WITH_KNOTS('',1,(#10843,#10844),.UNSPECIFIED.,
  .F.,.F.,(2,2),(-14.0000006,5.999999999062E-07),
  .PIECEWISE_BEZIER_KNOTS.);
#10843 = CARTESIAN_POINT('',(1.629622299522,-14.3000006));
#10844 = CARTESIAN_POINT('',(1.629622299522,-0.2999994));
#10845 = ( GEOMETRIC_REPRESENTATION_CONTEXT(2) 
PARAMETRIC_REPRESENTATION_CONTEXT() REPRESENTATION_CONTEXT('2D SPACE',''
  ) );
#10846 = ORIENTED_EDGE('',*,*,#9279,.F.);
#10847 = ORIENTED_EDGE('',*,*,#10805,.F.);
#10848 = ORIENTED_EDGE('',*,*,#10098,.T.);
#10849 = ADVANCED_FACE('',(#10850),#9416,.T.);
#10850 = FACE_BOUND('',#10851,.F.);
#10851 = EDGE_LOOP('',(#10852,#10853,#10872,#10873));
#10852 = ORIENTED_EDGE('',*,*,#9401,.F.);
#10853 = ORIENTED_EDGE('',*,*,#10854,.F.);
#10854 = EDGE_CURVE('',#10165,#9376,#10855,.T.);
#10855 = SURFACE_CURVE('',#10856,(#10860,#10866),.PCURVE_S1.);
#10856 = LINE('',#10857,#10858);
#10857 = CARTESIAN_POINT('',(49.,-59.7,128.82962229952));
#10858 = VECTOR('',#10859,1.);
#10859 = DIRECTION('',(-0.,-1.,0.));
#10860 = PCURVE('',#9416,#10861);
#10861 = DEFINITIONAL_REPRESENTATION('',(#10862),#10865);
#10862 = B_SPLINE_CURVE_WITH_KNOTS('',1,(#10863,#10864),.UNSPECIFIED.,
  .F.,.F.,(2,2),(-14.0000006,5.999999999062E-07),
  .PIECEWISE_BEZIER_KNOTS.);
#10863 = CARTESIAN_POINT('',(-0.698783984968,-14.0000006));
#10864 = CARTESIAN_POINT('',(-0.698783984968,5.999999999062E-07));
#10865 = ( GEOMETRIC_REPRESENTATION_CONTEXT(2) 
PARAMETRIC_REPRESENTATION_CONTEXT() REPRESENTATION_CONTEXT('2D SPACE',''
  ) );
#10866 = PCURVE('',#9390,#10867);
#10867 = DEFINITIONAL_REPRESENTATION('',(#10868),#10871);
#10868 = B_SPLINE_CURVE_WITH_KNOTS('',1,(#10869,#10870),.UNSPECIFIED.,
  .F.,.F.,(2,2),(-14.0000006,5.999999999062E-07),
  .PIECEWISE_BEZIER_KNOTS.);
#10869 = CARTESIAN_POINT('',(1.629622299522,-14.3000006));
#10870 = CARTESIAN_POINT('',(1.629622299522,-0.2999994));
#10871 = ( GEOMETRIC_REPRESENTATION_CONTEXT(2) 
PARAMETRIC_REPRESENTATION_CONTEXT() REPRESENTATION_CONTEXT('2D SPACE',''
  ) );
#10872 = ORIENTED_EDGE('',*,*,#10185,.T.);
#10873 = ORIENTED_EDGE('',*,*,#10785,.T.);
#10874 = ADVANCED_FACE('',(#10875),#9323,.T.);
#10875 = FACE_BOUND('',#10876,.T.);
#10876 = EDGE_LOOP('',(#10877,#10878,#10901,#10924,#10945,#10946,#10947,
    #10948));
#10877 = ORIENTED_EDGE('',*,*,#10583,.F.);
#10878 = ORIENTED_EDGE('',*,*,#10879,.F.);
#10879 = EDGE_CURVE('',#10880,#10556,#10882,.T.);
#10880 = VERTEX_POINT('',#10881);
#10881 = CARTESIAN_POINT('',(-49.,-60.,127.2));
#10882 = SURFACE_CURVE('',#10883,(#10887,#10894),.PCURVE_S1.);
#10883 = LINE('',#10884,#10885);
#10884 = CARTESIAN_POINT('',(-49.,-60.,127.2));
#10885 = VECTOR('',#10886,1.);
#10886 = DIRECTION('',(0.,0.,1.));
#10887 = PCURVE('',#9323,#10888);
#10888 = DEFINITIONAL_REPRESENTATION('',(#10889),#10893);
#10889 = LINE('',#10890,#10891);
#10890 = CARTESIAN_POINT('',(0.,0.));
#10891 = VECTOR('',#10892,1.);
#10892 = DIRECTION('',(1.,0.));
#10893 = ( GEOMETRIC_REPRESENTATION_CONTEXT(2) 
PARAMETRIC_REPRESENTATION_CONTEXT() REPRESENTATION_CONTEXT('2D SPACE',''
  ) );
#10894 = PCURVE('',#10571,#10895);
#10895 = DEFINITIONAL_REPRESENTATION('',(#10896),#10900);
#10896 = LINE('',#10897,#10898);
#10897 = CARTESIAN_POINT('',(0.,16.));
#10898 = VECTOR('',#10899,1.);
#10899 = DIRECTION('',(1.,0.));
#10900 = ( GEOMETRIC_REPRESENTATION_CONTEXT(2) 
PARAMETRIC_REPRESENTATION_CONTEXT() REPRESENTATION_CONTEXT('2D SPACE',''
  ) );
#10901 = ORIENTED_EDGE('',*,*,#10902,.T.);
#10902 = EDGE_CURVE('',#10880,#10903,#10905,.T.);
#10903 = VERTEX_POINT('',#10904);
#10904 = CARTESIAN_POINT('',(-49.,-18.,127.2));
#10905 = SURFACE_CURVE('',#10906,(#10910,#10917),.PCURVE_S1.);
#10906 = LINE('',#10907,#10908);
#10907 = CARTESIAN_POINT('',(-49.,-60.,127.2));
#10908 = VECTOR('',#10909,1.);
#10909 = DIRECTION('',(0.,1.,0.));
#10910 = PCURVE('',#9323,#10911);
#10911 = DEFINITIONAL_REPRESENTATION('',(#10912),#10916);
#10912 = LINE('',#10913,#10914);
#10913 = CARTESIAN_POINT('',(0.,0.));
#10914 = VECTOR('',#10915,1.);
#10915 = DIRECTION('',(0.,-1.));
#10916 = ( GEOMETRIC_REPRESENTATION_CONTEXT(2) 
PARAMETRIC_REPRESENTATION_CONTEXT() REPRESENTATION_CONTEXT('2D SPACE',''
  ) );
#10917 = PCURVE('',#10689,#10918);
#10918 = DEFINITIONAL_REPRESENTATION('',(#10919),#10923);
#10919 = LINE('',#10920,#10921);
#10920 = CARTESIAN_POINT('',(16.,0.));
#10921 = VECTOR('',#10922,1.);
#10922 = DIRECTION('',(0.,1.));
#10923 = ( GEOMETRIC_REPRESENTATION_CONTEXT(2) 
PARAMETRIC_REPRESENTATION_CONTEXT() REPRESENTATION_CONTEXT('2D SPACE',''
  ) );
#10924 = ORIENTED_EDGE('',*,*,#10925,.T.);
#10925 = EDGE_CURVE('',#10903,#10477,#10926,.T.);
#10926 = SURFACE_CURVE('',#10927,(#10931,#10938),.PCURVE_S1.);
#10927 = LINE('',#10928,#10929);
#10928 = CARTESIAN_POINT('',(-49.,-18.,127.2));
#10929 = VECTOR('',#10930,1.);
#10930 = DIRECTION('',(0.,0.,1.));
#10931 = PCURVE('',#9323,#10932);
#10932 = DEFINITIONAL_REPRESENTATION('',(#10933),#10937);
#10933 = LINE('',#10934,#10935);
#10934 = CARTESIAN_POINT('',(0.,-42.));
#10935 = VECTOR('',#10936,1.);
#10936 = DIRECTION('',(1.,0.));
#10937 = ( GEOMETRIC_REPRESENTATION_CONTEXT(2) 
PARAMETRIC_REPRESENTATION_CONTEXT() REPRESENTATION_CONTEXT('2D SPACE',''
  ) );
#10938 = PCURVE('',#10515,#10939);
#10939 = DEFINITIONAL_REPRESENTATION('',(#10940),#10944);
#10940 = LINE('',#10941,#10942);
#10941 = CARTESIAN_POINT('',(0.,16.));
#10942 = VECTOR('',#10943,1.);
#10943 = DIRECTION('',(1.,0.));
#10944 = ( GEOMETRIC_REPRESENTATION_CONTEXT(2) 
PARAMETRIC_REPRESENTATION_CONTEXT() REPRESENTATION_CONTEXT('2D SPACE',''
  ) );
#10945 = ORIENTED_EDGE('',*,*,#10476,.F.);
#10946 = ORIENTED_EDGE('',*,*,#10122,.T.);
#10947 = ORIENTED_EDGE('',*,*,#10828,.T.);
#10948 = ORIENTED_EDGE('',*,*,#9308,.F.);
#10949 = ADVANCED_FACE('',(#10950),#9390,.F.);
#10950 = FACE_BOUND('',#10951,.F.);
#10951 = EDGE_LOOP('',(#10952,#10953,#10976,#10999,#11020,#11021,#11022,
    #11023));
#10952 = ORIENTED_EDGE('',*,*,#9742,.F.);
#10953 = ORIENTED_EDGE('',*,*,#10954,.F.);
#10954 = EDGE_CURVE('',#10955,#9743,#10957,.T.);
#10955 = VERTEX_POINT('',#10956);
#10956 = CARTESIAN_POINT('',(49.,-60.,127.2));
#10957 = SURFACE_CURVE('',#10958,(#10962,#10969),.PCURVE_S1.);
#10958 = LINE('',#10959,#10960);
#10959 = CARTESIAN_POINT('',(49.,-60.,127.2));
#10960 = VECTOR('',#10961,1.);
#10961 = DIRECTION('',(0.,0.,1.));
#10962 = PCURVE('',#9390,#10963);
#10963 = DEFINITIONAL_REPRESENTATION('',(#10964),#10968);
#10964 = LINE('',#10965,#10966);
#10965 = CARTESIAN_POINT('',(0.,0.));
#10966 = VECTOR('',#10967,1.);
#10967 = DIRECTION('',(1.,0.));
#10968 = ( GEOMETRIC_REPRESENTATION_CONTEXT(2) 
PARAMETRIC_REPRESENTATION_CONTEXT() REPRESENTATION_CONTEXT('2D SPACE',''
  ) );
#10969 = PCURVE('',#9781,#10970);
#10970 = DEFINITIONAL_REPRESENTATION('',(#10971),#10975);
#10971 = LINE('',#10972,#10973);
#10972 = CARTESIAN_POINT('',(0.,0.));
#10973 = VECTOR('',#10974,1.);
#10974 = DIRECTION('',(1.,0.));
#10975 = ( GEOMETRIC_REPRESENTATION_CONTEXT(2) 
PARAMETRIC_REPRESENTATION_CONTEXT() REPRESENTATION_CONTEXT('2D SPACE',''
  ) );
#10976 = ORIENTED_EDGE('',*,*,#10977,.T.);
#10977 = EDGE_CURVE('',#10955,#10978,#10980,.T.);
#10978 = VERTEX_POINT('',#10979);
#10979 = CARTESIAN_POINT('',(49.,-18.,127.2));
#10980 = SURFACE_CURVE('',#10981,(#10985,#10992),.PCURVE_S1.);
#10981 = LINE('',#10982,#10983);
#10982 = CARTESIAN_POINT('',(49.,-60.,127.2));
#10983 = VECTOR('',#10984,1.);
#10984 = DIRECTION('',(0.,1.,0.));
#10985 = PCURVE('',#9390,#10986);
#10986 = DEFINITIONAL_REPRESENTATION('',(#10987),#10991);
#10987 = LINE('',#10988,#10989);
#10988 = CARTESIAN_POINT('',(0.,0.));
#10989 = VECTOR('',#10990,1.);
#10990 = DIRECTION('',(0.,-1.));
#10991 = ( GEOMETRIC_REPRESENTATION_CONTEXT(2) 
PARAMETRIC_REPRESENTATION_CONTEXT() REPRESENTATION_CONTEXT('2D SPACE',''
  ) );
#10992 = PCURVE('',#10003,#10993);
#10993 = DEFINITIONAL_REPRESENTATION('',(#10994),#10998);
#10994 = LINE('',#10995,#10996);
#10995 = CARTESIAN_POINT('',(0.,0.));
#10996 = VECTOR('',#10997,1.);
#10997 = DIRECTION('',(0.,1.));
#10998 = ( GEOMETRIC_REPRESENTATION_CONTEXT(2) 
PARAMETRIC_REPRESENTATION_CONTEXT() REPRESENTATION_CONTEXT('2D SPACE',''
  ) );
#10999 = ORIENTED_EDGE('',*,*,#11000,.T.);
#11000 = EDGE_CURVE('',#10978,#9822,#11001,.T.);
#11001 = SURFACE_CURVE('',#11002,(#11006,#11013),.PCURVE_S1.);
#11002 = LINE('',#11003,#11004);
#11003 = CARTESIAN_POINT('',(49.,-18.,127.2));
#11004 = VECTOR('',#11005,1.);
#11005 = DIRECTION('',(0.,0.,1.));
#11006 = PCURVE('',#9390,#11007);
#11007 = DEFINITIONAL_REPRESENTATION('',(#11008),#11012);
#11008 = LINE('',#11009,#11010);
#11009 = CARTESIAN_POINT('',(0.,-42.));
#11010 = VECTOR('',#11011,1.);
#11011 = DIRECTION('',(1.,0.));
#11012 = ( GEOMETRIC_REPRESENTATION_CONTEXT(2) 
PARAMETRIC_REPRESENTATION_CONTEXT() REPRESENTATION_CONTEXT('2D SPACE',''
  ) );
#11013 = PCURVE('',#9837,#11014);
#11014 = DEFINITIONAL_REPRESENTATION('',(#11015),#11019);
#11015 = LINE('',#11016,#11017);
#11016 = CARTESIAN_POINT('',(0.,0.));
#11017 = VECTOR('',#11018,1.);
#11018 = DIRECTION('',(1.,0.));
#11019 = ( GEOMETRIC_REPRESENTATION_CONTEXT(2) 
PARAMETRIC_REPRESENTATION_CONTEXT() REPRESENTATION_CONTEXT('2D SPACE',''
  ) );
#11020 = ORIENTED_EDGE('',*,*,#9849,.F.);
#11021 = ORIENTED_EDGE('',*,*,#10164,.T.);
#11022 = ORIENTED_EDGE('',*,*,#10854,.T.);
#11023 = ORIENTED_EDGE('',*,*,#9375,.F.);
#11024 = ADVANCED_FACE('',(#11025),#9451,.F.);
#11025 = FACE_BOUND('',#11026,.T.);
#11026 = EDGE_LOOP('',(#11027,#11028,#11049,#11050));
#11027 = ORIENTED_EDGE('',*,*,#9430,.T.);
#11028 = ORIENTED_EDGE('',*,*,#11029,.T.);
#11029 = EDGE_CURVE('',#9431,#10210,#11030,.T.);
#11030 = SEAM_CURVE('',#11031,(#11035,#11042),.PCURVE_S1.);
#11031 = LINE('',#11032,#11033);
#11032 = CARTESIAN_POINT('',(-23.8500003,-60.,214.1672955));
#11033 = VECTOR('',#11034,1.);
#11034 = DIRECTION('',(0.,1.,0.));
#11035 = PCURVE('',#9451,#11036);
#11036 = DEFINITIONAL_REPRESENTATION('',(#11037),#11041);
#11037 = LINE('',#11038,#11039);
#11038 = CARTESIAN_POINT('',(-6.28318530718,0.));
#11039 = VECTOR('',#11040,1.);
#11040 = DIRECTION('',(-0.,-1.));
#11041 = ( GEOMETRIC_REPRESENTATION_CONTEXT(2) 
PARAMETRIC_REPRESENTATION_CONTEXT() REPRESENTATION_CONTEXT('2D SPACE',''
  ) );
#11042 = PCURVE('',#9451,#11043);
#11043 = DEFINITIONAL_REPRESENTATION('',(#11044),#11048);
#11044 = LINE('',#11045,#11046);
#11045 = CARTESIAN_POINT('',(-0.,0.));
#11046 = VECTOR('',#11047,1.);
#11047 = DIRECTION('',(-0.,-1.));
#11048 = ( GEOMETRIC_REPRESENTATION_CONTEXT(2) 
PARAMETRIC_REPRESENTATION_CONTEXT() REPRESENTATION_CONTEXT('2D SPACE',''
  ) );
#11049 = ORIENTED_EDGE('',*,*,#10209,.F.);
#11050 = ORIENTED_EDGE('',*,*,#11029,.F.);
#11051 = ADVANCED_FACE('',(#11052),#9486,.F.);
#11052 = FACE_BOUND('',#11053,.T.);
#11053 = EDGE_LOOP('',(#11054,#11055,#11076,#11077));
#11054 = ORIENTED_EDGE('',*,*,#9465,.T.);
#11055 = ORIENTED_EDGE('',*,*,#11056,.T.);
#11056 = EDGE_CURVE('',#9466,#10240,#11057,.T.);
#11057 = SEAM_CURVE('',#11058,(#11062,#11069),.PCURVE_S1.);
#11058 = LINE('',#11059,#11060);
#11059 = CARTESIAN_POINT('',(-42.5172957,-60.,195.4999997));
#11060 = VECTOR('',#11061,1.);
#11061 = DIRECTION('',(0.,1.,0.));
#11062 = PCURVE('',#9486,#11063);
#11063 = DEFINITIONAL_REPRESENTATION('',(#11064),#11068);
#11064 = LINE('',#11065,#11066);
#11065 = CARTESIAN_POINT('',(-6.28318530718,0.));
#11066 = VECTOR('',#11067,1.);
#11067 = DIRECTION('',(-0.,-1.));
#11068 = ( GEOMETRIC_REPRESENTATION_CONTEXT(2) 
PARAMETRIC_REPRESENTATION_CONTEXT() REPRESENTATION_CONTEXT('2D SPACE',''
  ) );
#11069 = PCURVE('',#9486,#11070);
#11070 = DEFINITIONAL_REPRESENTATION('',(#11071),#11075);
#11071 = LINE('',#11072,#11073);
#11072 = CARTESIAN_POINT('',(-0.,0.));
#11073 = VECTOR('',#11074,1.);
#11074 = DIRECTION('',(-0.,-1.));
#11075 = ( GEOMETRIC_REPRESENTATION_CONTEXT(2) 
PARAMETRIC_REPRESENTATION_CONTEXT() REPRESENTATION_CONTEXT('2D SPACE',''
  ) );
#11076 = ORIENTED_EDGE('',*,*,#10239,.F.);
#11077 = ORIENTED_EDGE('',*,*,#11056,.F.);
#11078 = ADVANCED_FACE('',(#11079),#9521,.F.);
#11079 = FACE_BOUND('',#11080,.T.);
#11080 = EDGE_LOOP('',(#11081,#11082,#11103,#11104));
#11081 = ORIENTED_EDGE('',*,*,#9500,.T.);
#11082 = ORIENTED_EDGE('',*,*,#11083,.T.);
#11083 = EDGE_CURVE('',#9501,#10270,#11084,.T.);
#11084 = SEAM_CURVE('',#11085,(#11089,#11096),.PCURVE_S1.);
#11085 = LINE('',#11086,#11087);
#11086 = CARTESIAN_POINT('',(27.1499997,-60.,214.1672958));
#11087 = VECTOR('',#11088,1.);
#11088 = DIRECTION('',(0.,1.,0.));
#11089 = PCURVE('',#9521,#11090);
#11090 = DEFINITIONAL_REPRESENTATION('',(#11091),#11095);
#11091 = LINE('',#11092,#11093);
#11092 = CARTESIAN_POINT('',(-6.28318530718,0.));
#11093 = VECTOR('',#11094,1.);
#11094 = DIRECTION('',(-0.,-1.));
#11095 = ( GEOMETRIC_REPRESENTATION_CONTEXT(2) 
PARAMETRIC_REPRESENTATION_CONTEXT() REPRESENTATION_CONTEXT('2D SPACE',''
  ) );
#11096 = PCURVE('',#9521,#11097);
#11097 = DEFINITIONAL_REPRESENTATION('',(#11098),#11102);
#11098 = LINE('',#11099,#11100);
#11099 = CARTESIAN_POINT('',(-0.,0.));
#11100 = VECTOR('',#11101,1.);
#11101 = DIRECTION('',(-0.,-1.));
#11102 = ( GEOMETRIC_REPRESENTATION_CONTEXT(2) 
PARAMETRIC_REPRESENTATION_CONTEXT() REPRESENTATION_CONTEXT('2D SPACE',''
  ) );
#11103 = ORIENTED_EDGE('',*,*,#10269,.F.);
#11104 = ORIENTED_EDGE('',*,*,#11083,.F.);
#11105 = ADVANCED_FACE('',(#11106),#9556,.F.);
#11106 = FACE_BOUND('',#11107,.T.);
#11107 = EDGE_LOOP('',(#11108,#11109,#11130,#11131));
#11108 = ORIENTED_EDGE('',*,*,#9535,.T.);
#11109 = ORIENTED_EDGE('',*,*,#11110,.T.);
#11110 = EDGE_CURVE('',#9536,#10300,#11111,.T.);
#11111 = SEAM_CURVE('',#11112,(#11116,#11123),.PCURVE_S1.);
#11112 = LINE('',#11113,#11114);
#11113 = CARTESIAN_POINT('',(45.8172955,-60.,195.5000004));
#11114 = VECTOR('',#11115,1.);
#11115 = DIRECTION('',(0.,1.,0.));
#11116 = PCURVE('',#9556,#11117);
#11117 = DEFINITIONAL_REPRESENTATION('',(#11118),#11122);
#11118 = LINE('',#11119,#11120);
#11119 = CARTESIAN_POINT('',(-6.28318530718,0.));
#11120 = VECTOR('',#11121,1.);
#11121 = DIRECTION('',(-0.,-1.));
#11122 = ( GEOMETRIC_REPRESENTATION_CONTEXT(2) 
PARAMETRIC_REPRESENTATION_CONTEXT() REPRESENTATION_CONTEXT('2D SPACE',''
  ) );
#11123 = PCURVE('',#9556,#11124);
#11124 = DEFINITIONAL_REPRESENTATION('',(#11125),#11129);
#11125 = LINE('',#11126,#11127);
#11126 = CARTESIAN_POINT('',(-0.,0.));
#11127 = VECTOR('',#11128,1.);
#11128 = DIRECTION('',(-0.,-1.));
#11129 = ( GEOMETRIC_REPRESENTATION_CONTEXT(2) 
PARAMETRIC_REPRESENTATION_CONTEXT() REPRESENTATION_CONTEXT('2D SPACE',''
  ) );
#11130 = ORIENTED_EDGE('',*,*,#10299,.F.);
#11131 = ORIENTED_EDGE('',*,*,#11110,.F.);
#11132 = ADVANCED_FACE('',(#11133),#9591,.F.);
#11133 = FACE_BOUND('',#11134,.T.);
#11134 = EDGE_LOOP('',(#11135,#11136,#11157,#11158));
#11135 = ORIENTED_EDGE('',*,*,#9570,.T.);
#11136 = ORIENTED_EDGE('',*,*,#11137,.T.);
#11137 = EDGE_CURVE('',#9571,#10330,#11138,.T.);
#11138 = SEAM_CURVE('',#11139,(#11143,#11150),.PCURVE_S1.);
#11139 = LINE('',#11140,#11141);
#11140 = CARTESIAN_POINT('',(-42.5172954,-60.,144.4999997));
#11141 = VECTOR('',#11142,1.);
#11142 = DIRECTION('',(0.,1.,0.));
#11143 = PCURVE('',#9591,#11144);
#11144 = DEFINITIONAL_REPRESENTATION('',(#11145),#11149);
#11145 = LINE('',#11146,#11147);
#11146 = CARTESIAN_POINT('',(-6.28318530718,0.));
#11147 = VECTOR('',#11148,1.);
#11148 = DIRECTION('',(-0.,-1.));
#11149 = ( GEOMETRIC_REPRESENTATION_CONTEXT(2) 
PARAMETRIC_REPRESENTATION_CONTEXT() REPRESENTATION_CONTEXT('2D SPACE',''
  ) );
#11150 = PCURVE('',#9591,#11151);
#11151 = DEFINITIONAL_REPRESENTATION('',(#11152),#11156);
#11152 = LINE('',#11153,#11154);
#11153 = CARTESIAN_POINT('',(-0.,0.));
#11154 = VECTOR('',#11155,1.);
#11155 = DIRECTION('',(-0.,-1.));
#11156 = ( GEOMETRIC_REPRESENTATION_CONTEXT(2) 
PARAMETRIC_REPRESENTATION_CONTEXT() REPRESENTATION_CONTEXT('2D SPACE',''
  ) );
#11157 = ORIENTED_EDGE('',*,*,#10329,.F.);
#11158 = ORIENTED_EDGE('',*,*,#11137,.F.);
#11159 = ADVANCED_FACE('',(#11160),#9626,.F.);
#11160 = FACE_BOUND('',#11161,.T.);
#11161 = EDGE_LOOP('',(#11162,#11163,#11184,#11185));
#11162 = ORIENTED_EDGE('',*,*,#9605,.T.);
#11163 = ORIENTED_EDGE('',*,*,#11164,.T.);
#11164 = EDGE_CURVE('',#9606,#10360,#11165,.T.);
#11165 = SEAM_CURVE('',#11166,(#11170,#11177),.PCURVE_S1.);
#11166 = LINE('',#11167,#11168);
#11167 = CARTESIAN_POINT('',(-23.8499996,-60.,125.8327043));
#11168 = VECTOR('',#11169,1.);
#11169 = DIRECTION('',(0.,1.,0.));
#11170 = PCURVE('',#9626,#11171);
#11171 = DEFINITIONAL_REPRESENTATION('',(#11172),#11176);
#11172 = LINE('',#11173,#11174);
#11173 = CARTESIAN_POINT('',(-6.28318530718,0.));
#11174 = VECTOR('',#11175,1.);
#11175 = DIRECTION('',(-0.,-1.));
#11176 = ( GEOMETRIC_REPRESENTATION_CONTEXT(2) 
PARAMETRIC_REPRESENTATION_CONTEXT() REPRESENTATION_CONTEXT('2D SPACE',''
  ) );
#11177 = PCURVE('',#9626,#11178);
#11178 = DEFINITIONAL_REPRESENTATION('',(#11179),#11183);
#11179 = LINE('',#11180,#11181);
#11180 = CARTESIAN_POINT('',(-0.,0.));
#11181 = VECTOR('',#11182,1.);
#11182 = DIRECTION('',(-0.,-1.));
#11183 = ( GEOMETRIC_REPRESENTATION_CONTEXT(2) 
PARAMETRIC_REPRESENTATION_CONTEXT() REPRESENTATION_CONTEXT('2D SPACE',''
  ) );
#11184 = ORIENTED_EDGE('',*,*,#10359,.F.);
#11185 = ORIENTED_EDGE('',*,*,#11164,.F.);
#11186 = ADVANCED_FACE('',(#11187),#9657,.F.);
#11187 = FACE_BOUND('',#11188,.T.);
#11188 = EDGE_LOOP('',(#11189,#11210,#11211,#11212));
#11189 = ORIENTED_EDGE('',*,*,#11190,.T.);
#11190 = EDGE_CURVE('',#9641,#10390,#11191,.T.);
#11191 = SEAM_CURVE('',#11192,(#11196,#11203),.PCURVE_S1.);
#11192 = LINE('',#11193,#11194);
#11193 = CARTESIAN_POINT('',(47.7,-59.7,170.));
#11194 = VECTOR('',#11195,1.);
#11195 = DIRECTION('',(0.,1.,0.));
#11196 = PCURVE('',#9657,#11197);
#11197 = DEFINITIONAL_REPRESENTATION('',(#11198),#11202);
#11198 = LINE('',#11199,#11200);
#11199 = CARTESIAN_POINT('',(-0.,0.));
#11200 = VECTOR('',#11201,1.);
#11201 = DIRECTION('',(-0.,-1.));
#11202 = ( GEOMETRIC_REPRESENTATION_CONTEXT(2) 
PARAMETRIC_REPRESENTATION_CONTEXT() REPRESENTATION_CONTEXT('2D SPACE',''
  ) );
#11203 = PCURVE('',#9657,#11204);
#11204 = DEFINITIONAL_REPRESENTATION('',(#11205),#11209);
#11205 = LINE('',#11206,#11207);
#11206 = CARTESIAN_POINT('',(-6.28318530718,0.));
#11207 = VECTOR('',#11208,1.);
#11208 = DIRECTION('',(-0.,-1.));
#11209 = ( GEOMETRIC_REPRESENTATION_CONTEXT(2) 
PARAMETRIC_REPRESENTATION_CONTEXT() REPRESENTATION_CONTEXT('2D SPACE',''
  ) );
#11210 = ORIENTED_EDGE('',*,*,#10389,.T.);
#11211 = ORIENTED_EDGE('',*,*,#11190,.F.);
#11212 = ORIENTED_EDGE('',*,*,#9640,.F.);
#11213 = ADVANCED_FACE('',(#11214),#9692,.F.);
#11214 = FACE_BOUND('',#11215,.T.);
#11215 = EDGE_LOOP('',(#11216,#11217,#11238,#11239));
#11216 = ORIENTED_EDGE('',*,*,#9671,.T.);
#11217 = ORIENTED_EDGE('',*,*,#11218,.T.);
#11218 = EDGE_CURVE('',#9672,#10416,#11219,.T.);
#11219 = SEAM_CURVE('',#11220,(#11224,#11231),.PCURVE_S1.);
#11220 = LINE('',#11221,#11222);
#11221 = CARTESIAN_POINT('',(45.8172958,-60.,144.5000004));
#11222 = VECTOR('',#11223,1.);
#11223 = DIRECTION('',(0.,1.,0.));
#11224 = PCURVE('',#9692,#11225);
#11225 = DEFINITIONAL_REPRESENTATION('',(#11226),#11230);
#11226 = LINE('',#11227,#11228);
#11227 = CARTESIAN_POINT('',(-6.28318530718,0.));
#11228 = VECTOR('',#11229,1.);
#11229 = DIRECTION('',(-0.,-1.));
#11230 = ( GEOMETRIC_REPRESENTATION_CONTEXT(2) 
PARAMETRIC_REPRESENTATION_CONTEXT() REPRESENTATION_CONTEXT('2D SPACE',''
  ) );
#11231 = PCURVE('',#9692,#11232);
#11232 = DEFINITIONAL_REPRESENTATION('',(#11233),#11237);
#11233 = LINE('',#11234,#11235);
#11234 = CARTESIAN_POINT('',(-0.,0.));
#11235 = VECTOR('',#11236,1.);
#11236 = DIRECTION('',(-0.,-1.));
#11237 = ( GEOMETRIC_REPRESENTATION_CONTEXT(2) 
PARAMETRIC_REPRESENTATION_CONTEXT() REPRESENTATION_CONTEXT('2D SPACE',''
  ) );
#11238 = ORIENTED_EDGE('',*,*,#10415,.F.);
#11239 = ORIENTED_EDGE('',*,*,#11218,.F.);
#11240 = ADVANCED_FACE('',(#11241),#9727,.F.);
#11241 = FACE_BOUND('',#11242,.T.);
#11242 = EDGE_LOOP('',(#11243,#11244,#11265,#11266));
#11243 = ORIENTED_EDGE('',*,*,#9706,.T.);
#11244 = ORIENTED_EDGE('',*,*,#11245,.T.);
#11245 = EDGE_CURVE('',#9707,#10446,#11246,.T.);
#11246 = SEAM_CURVE('',#11247,(#11251,#11258),.PCURVE_S1.);
#11247 = LINE('',#11248,#11249);
#11248 = CARTESIAN_POINT('',(27.1500004,-60.,125.8327046));
#11249 = VECTOR('',#11250,1.);
#11250 = DIRECTION('',(0.,1.,0.));
#11251 = PCURVE('',#9727,#11252);
#11252 = DEFINITIONAL_REPRESENTATION('',(#11253),#11257);
#11253 = LINE('',#11254,#11255);
#11254 = CARTESIAN_POINT('',(-6.28318530718,0.));
#11255 = VECTOR('',#11256,1.);
#11256 = DIRECTION('',(-0.,-1.));
#11257 = ( GEOMETRIC_REPRESENTATION_CONTEXT(2) 
PARAMETRIC_REPRESENTATION_CONTEXT() REPRESENTATION_CONTEXT('2D SPACE',''
  ) );
#11258 = PCURVE('',#9727,#11259);
#11259 = DEFINITIONAL_REPRESENTATION('',(#11260),#11264);
#11260 = LINE('',#11261,#11262);
#11261 = CARTESIAN_POINT('',(-0.,0.));
#11262 = VECTOR('',#11263,1.);
#11263 = DIRECTION('',(-0.,-1.));
#11264 = ( GEOMETRIC_REPRESENTATION_CONTEXT(2) 
PARAMETRIC_REPRESENTATION_CONTEXT() REPRESENTATION_CONTEXT('2D SPACE',''
  ) );
#11265 = ORIENTED_EDGE('',*,*,#10445,.F.);
#11266 = ORIENTED_EDGE('',*,*,#11245,.F.);
#11267 = ADVANCED_FACE('',(#11268),#9837,.T.);
#11268 = FACE_BOUND('',#11269,.T.);
#11269 = EDGE_LOOP('',(#11270,#11293,#11294,#11295));
#11270 = ORIENTED_EDGE('',*,*,#11271,.F.);
#11271 = EDGE_CURVE('',#10978,#11272,#11274,.T.);
#11272 = VERTEX_POINT('',#11273);
#11273 = CARTESIAN_POINT('',(65.,-18.,127.2));
#11274 = SURFACE_CURVE('',#11275,(#11279,#11286),.PCURVE_S1.);
#11275 = LINE('',#11276,#11277);
#11276 = CARTESIAN_POINT('',(49.,-18.,127.2));
#11277 = VECTOR('',#11278,1.);
#11278 = DIRECTION('',(1.,0.,0.));
#11279 = PCURVE('',#9837,#11280);
#11280 = DEFINITIONAL_REPRESENTATION('',(#11281),#11285);
#11281 = LINE('',#11282,#11283);
#11282 = CARTESIAN_POINT('',(0.,0.));
#11283 = VECTOR('',#11284,1.);
#11284 = DIRECTION('',(0.,1.));
#11285 = ( GEOMETRIC_REPRESENTATION_CONTEXT(2) 
PARAMETRIC_REPRESENTATION_CONTEXT() REPRESENTATION_CONTEXT('2D SPACE',''
  ) );
#11286 = PCURVE('',#10003,#11287);
#11287 = DEFINITIONAL_REPRESENTATION('',(#11288),#11292);
#11288 = LINE('',#11289,#11290);
#11289 = CARTESIAN_POINT('',(0.,42.));
#11290 = VECTOR('',#11291,1.);
#11291 = DIRECTION('',(1.,0.));
#11292 = ( GEOMETRIC_REPRESENTATION_CONTEXT(2) 
PARAMETRIC_REPRESENTATION_CONTEXT() REPRESENTATION_CONTEXT('2D SPACE',''
  ) );
#11293 = ORIENTED_EDGE('',*,*,#11000,.T.);
#11294 = ORIENTED_EDGE('',*,*,#9821,.T.);
#11295 = ORIENTED_EDGE('',*,*,#11296,.F.);
#11296 = EDGE_CURVE('',#11272,#9794,#11297,.T.);
#11297 = SURFACE_CURVE('',#11298,(#11302,#11309),.PCURVE_S1.);
#11298 = LINE('',#11299,#11300);
#11299 = CARTESIAN_POINT('',(65.,-18.,127.2));
#11300 = VECTOR('',#11301,1.);
#11301 = DIRECTION('',(0.,0.,1.));
#11302 = PCURVE('',#9837,#11303);
#11303 = DEFINITIONAL_REPRESENTATION('',(#11304),#11308);
#11304 = LINE('',#11305,#11306);
#11305 = CARTESIAN_POINT('',(0.,16.));
#11306 = VECTOR('',#11307,1.);
#11307 = DIRECTION('',(1.,0.));
#11308 = ( GEOMETRIC_REPRESENTATION_CONTEXT(2) 
PARAMETRIC_REPRESENTATION_CONTEXT() REPRESENTATION_CONTEXT('2D SPACE',''
  ) );
#11309 = PCURVE('',#9809,#11310);
#11310 = DEFINITIONAL_REPRESENTATION('',(#11311),#11315);
#11311 = LINE('',#11312,#11313);
#11312 = CARTESIAN_POINT('',(0.,-42.));
#11313 = VECTOR('',#11314,1.);
#11314 = DIRECTION('',(1.,0.));
#11315 = ( GEOMETRIC_REPRESENTATION_CONTEXT(2) 
PARAMETRIC_REPRESENTATION_CONTEXT() REPRESENTATION_CONTEXT('2D SPACE',''
  ) );
#11316 = ADVANCED_FACE('',(#11317),#9809,.T.);
#11317 = FACE_BOUND('',#11318,.T.);
#11318 = EDGE_LOOP('',(#11319,#11342,#11363,#11364));
#11319 = ORIENTED_EDGE('',*,*,#11320,.F.);
#11320 = EDGE_CURVE('',#11321,#9766,#11323,.T.);
#11321 = VERTEX_POINT('',#11322);
#11322 = CARTESIAN_POINT('',(65.,-60.,127.2));
#11323 = SURFACE_CURVE('',#11324,(#11328,#11335),.PCURVE_S1.);
#11324 = LINE('',#11325,#11326);
#11325 = CARTESIAN_POINT('',(65.,-60.,127.2));
#11326 = VECTOR('',#11327,1.);
#11327 = DIRECTION('',(0.,0.,1.));
#11328 = PCURVE('',#9809,#11329);
#11329 = DEFINITIONAL_REPRESENTATION('',(#11330),#11334);
#11330 = LINE('',#11331,#11332);
#11331 = CARTESIAN_POINT('',(0.,0.));
#11332 = VECTOR('',#11333,1.);
#11333 = DIRECTION('',(1.,0.));
#11334 = ( GEOMETRIC_REPRESENTATION_CONTEXT(2) 
PARAMETRIC_REPRESENTATION_CONTEXT() REPRESENTATION_CONTEXT('2D SPACE',''
  ) );
#11335 = PCURVE('',#9781,#11336);
#11336 = DEFINITIONAL_REPRESENTATION('',(#11337),#11341);
#11337 = LINE('',#11338,#11339);
#11338 = CARTESIAN_POINT('',(0.,16.));
#11339 = VECTOR('',#11340,1.);
#11340 = DIRECTION('',(1.,0.));
#11341 = ( GEOMETRIC_REPRESENTATION_CONTEXT(2) 
PARAMETRIC_REPRESENTATION_CONTEXT() REPRESENTATION_CONTEXT('2D SPACE',''
  ) );
#11342 = ORIENTED_EDGE('',*,*,#11343,.T.);
#11343 = EDGE_CURVE('',#11321,#11272,#11344,.T.);
#11344 = SURFACE_CURVE('',#11345,(#11349,#11356),.PCURVE_S1.);
#11345 = LINE('',#11346,#11347);
#11346 = CARTESIAN_POINT('',(65.,-60.,127.2));
#11347 = VECTOR('',#11348,1.);
#11348 = DIRECTION('',(0.,1.,0.));
#11349 = PCURVE('',#9809,#11350);
#11350 = DEFINITIONAL_REPRESENTATION('',(#11351),#11355);
#11351 = LINE('',#11352,#11353);
#11352 = CARTESIAN_POINT('',(0.,0.));
#11353 = VECTOR('',#11354,1.);
#11354 = DIRECTION('',(0.,-1.));
#11355 = ( GEOMETRIC_REPRESENTATION_CONTEXT(2) 
PARAMETRIC_REPRESENTATION_CONTEXT() REPRESENTATION_CONTEXT('2D SPACE',''
  ) );
#11356 = PCURVE('',#10003,#11357);
#11357 = DEFINITIONAL_REPRESENTATION('',(#11358),#11362);
#11358 = LINE('',#11359,#11360);
#11359 = CARTESIAN_POINT('',(16.,0.));
#11360 = VECTOR('',#11361,1.);
#11361 = DIRECTION('',(0.,1.));
#11362 = ( GEOMETRIC_REPRESENTATION_CONTEXT(2) 
PARAMETRIC_REPRESENTATION_CONTEXT() REPRESENTATION_CONTEXT('2D SPACE',''
  ) );
#11363 = ORIENTED_EDGE('',*,*,#11296,.T.);
#11364 = ORIENTED_EDGE('',*,*,#9793,.F.);
#11365 = ADVANCED_FACE('',(#11366),#9781,.F.);
#11366 = FACE_BOUND('',#11367,.F.);
#11367 = EDGE_LOOP('',(#11368,#11389,#11390,#11391));
#11368 = ORIENTED_EDGE('',*,*,#11369,.F.);
#11369 = EDGE_CURVE('',#10955,#11321,#11370,.T.);
#11370 = SURFACE_CURVE('',#11371,(#11375,#11382),.PCURVE_S1.);
#11371 = LINE('',#11372,#11373);
#11372 = CARTESIAN_POINT('',(49.,-60.,127.2));
#11373 = VECTOR('',#11374,1.);
#11374 = DIRECTION('',(1.,0.,0.));
#11375 = PCURVE('',#9781,#11376);
#11376 = DEFINITIONAL_REPRESENTATION('',(#11377),#11381);
#11377 = LINE('',#11378,#11379);
#11378 = CARTESIAN_POINT('',(0.,0.));
#11379 = VECTOR('',#11380,1.);
#11380 = DIRECTION('',(0.,1.));
#11381 = ( GEOMETRIC_REPRESENTATION_CONTEXT(2) 
PARAMETRIC_REPRESENTATION_CONTEXT() REPRESENTATION_CONTEXT('2D SPACE',''
  ) );
#11382 = PCURVE('',#10003,#11383);
#11383 = DEFINITIONAL_REPRESENTATION('',(#11384),#11388);
#11384 = LINE('',#11385,#11386);
#11385 = CARTESIAN_POINT('',(0.,0.));
#11386 = VECTOR('',#11387,1.);
#11387 = DIRECTION('',(1.,0.));
#11388 = ( GEOMETRIC_REPRESENTATION_CONTEXT(2) 
PARAMETRIC_REPRESENTATION_CONTEXT() REPRESENTATION_CONTEXT('2D SPACE',''
  ) );
#11389 = ORIENTED_EDGE('',*,*,#10954,.T.);
#11390 = ORIENTED_EDGE('',*,*,#9765,.T.);
#11391 = ORIENTED_EDGE('',*,*,#11320,.F.);
#11392 = ADVANCED_FACE('',(#11393),#9971,.F.);
#11393 = FACE_BOUND('',#11394,.T.);
#11394 = EDGE_LOOP('',(#11395,#11423,#11444,#11445));
#11395 = ORIENTED_EDGE('',*,*,#11396,.T.);
#11396 = EDGE_CURVE('',#11397,#11397,#11399,.T.);
#11397 = VERTEX_POINT('',#11398);
#11398 = CARTESIAN_POINT('',(59.5,-26.,127.2));
#11399 = SURFACE_CURVE('',#11400,(#11405,#11412),.PCURVE_S1.);
#11400 = CIRCLE('',#11401,2.5);
#11401 = AXIS2_PLACEMENT_3D('',#11402,#11403,#11404);
#11402 = CARTESIAN_POINT('',(57.,-26.,127.2));
#11403 = DIRECTION('',(0.,0.,-1.));
#11404 = DIRECTION('',(1.,0.,0.));
#11405 = PCURVE('',#9971,#11406);
#11406 = DEFINITIONAL_REPRESENTATION('',(#11407),#11411);
#11407 = LINE('',#11408,#11409);
#11408 = CARTESIAN_POINT('',(-6.28318530718,-1.));
#11409 = VECTOR('',#11410,1.);
#11410 = DIRECTION('',(1.,-0.));
#11411 = ( GEOMETRIC_REPRESENTATION_CONTEXT(2) 
PARAMETRIC_REPRESENTATION_CONTEXT() REPRESENTATION_CONTEXT('2D SPACE',''
  ) );
#11412 = PCURVE('',#10003,#11413);
#11413 = DEFINITIONAL_REPRESENTATION('',(#11414),#11422);
#11414 = ( BOUNDED_CURVE() B_SPLINE_CURVE(2,(#11415,#11416,#11417,#11418
    ,#11419,#11420,#11421),.UNSPECIFIED.,.T.,.F.) 
B_SPLINE_CURVE_WITH_KNOTS((1,2,2,2,2,1),(-2.094395102393,0.,
    2.094395102393,4.188790204786,6.28318530718,8.377580409573),
.UNSPECIFIED.) CURVE() GEOMETRIC_REPRESENTATION_ITEM() 
RATIONAL_B_SPLINE_CURVE((1.,0.5,1.,0.5,1.,0.5,1.)) REPRESENTATION_ITEM(
  '') );
#11415 = CARTESIAN_POINT('',(10.5,34.));
#11416 = CARTESIAN_POINT('',(10.5,29.669872981078));
#11417 = CARTESIAN_POINT('',(6.75,31.834936490539));
#11418 = CARTESIAN_POINT('',(3.,34.));
#11419 = CARTESIAN_POINT('',(6.75,36.165063509461));
#11420 = CARTESIAN_POINT('',(10.5,38.330127018922));
#11421 = CARTESIAN_POINT('',(10.5,34.));
#11422 = ( GEOMETRIC_REPRESENTATION_CONTEXT(2) 
PARAMETRIC_REPRESENTATION_CONTEXT() REPRESENTATION_CONTEXT('2D SPACE',''
  ) );
#11423 = ORIENTED_EDGE('',*,*,#11424,.T.);
#11424 = EDGE_CURVE('',#11397,#9951,#11425,.T.);
#11425 = SEAM_CURVE('',#11426,(#11430,#11437),.PCURVE_S1.);
#11426 = LINE('',#11427,#11428);
#11427 = CARTESIAN_POINT('',(59.5,-26.,126.2));
#11428 = VECTOR('',#11429,1.);
#11429 = DIRECTION('',(0.,0.,1.));
#11430 = PCURVE('',#9971,#11431);
#11431 = DEFINITIONAL_REPRESENTATION('',(#11432),#11436);
#11432 = LINE('',#11433,#11434);
#11433 = CARTESIAN_POINT('',(-6.28318530718,0.));
#11434 = VECTOR('',#11435,1.);
#11435 = DIRECTION('',(-0.,-1.));
#11436 = ( GEOMETRIC_REPRESENTATION_CONTEXT(2) 
PARAMETRIC_REPRESENTATION_CONTEXT() REPRESENTATION_CONTEXT('2D SPACE',''
  ) );
#11437 = PCURVE('',#9971,#11438);
#11438 = DEFINITIONAL_REPRESENTATION('',(#11439),#11443);
#11439 = LINE('',#11440,#11441);
#11440 = CARTESIAN_POINT('',(-0.,0.));
#11441 = VECTOR('',#11442,1.);
#11442 = DIRECTION('',(-0.,-1.));
#11443 = ( GEOMETRIC_REPRESENTATION_CONTEXT(2) 
PARAMETRIC_REPRESENTATION_CONTEXT() REPRESENTATION_CONTEXT('2D SPACE',''
  ) );
#11444 = ORIENTED_EDGE('',*,*,#9950,.F.);
#11445 = ORIENTED_EDGE('',*,*,#11424,.F.);
#11446 = ADVANCED_FACE('',(#11447,#11453,#11456),#10003,.F.);
#11447 = FACE_BOUND('',#11448,.F.);
#11448 = EDGE_LOOP('',(#11449,#11450,#11451,#11452));
#11449 = ORIENTED_EDGE('',*,*,#10977,.F.);
#11450 = ORIENTED_EDGE('',*,*,#11369,.T.);
#11451 = ORIENTED_EDGE('',*,*,#11343,.T.);
#11452 = ORIENTED_EDGE('',*,*,#11271,.F.);
#11453 = FACE_BOUND('',#11454,.F.);
#11454 = EDGE_LOOP('',(#11455));
#11455 = ORIENTED_EDGE('',*,*,#9986,.T.);
#11456 = FACE_BOUND('',#11457,.F.);
#11457 = EDGE_LOOP('',(#11458));
#11458 = ORIENTED_EDGE('',*,*,#11396,.T.);
#11459 = ADVANCED_FACE('',(#11460),#10571,.F.);
#11460 = FACE_BOUND('',#11461,.F.);
#11461 = EDGE_LOOP('',(#11462,#11485,#11506,#11507));
#11462 = ORIENTED_EDGE('',*,*,#11463,.F.);
#11463 = EDGE_CURVE('',#11464,#10880,#11466,.T.);
#11464 = VERTEX_POINT('',#11465);
#11465 = CARTESIAN_POINT('',(-65.,-60.,127.2));
#11466 = SURFACE_CURVE('',#11467,(#11471,#11478),.PCURVE_S1.);
#11467 = LINE('',#11468,#11469);
#11468 = CARTESIAN_POINT('',(-65.,-60.,127.2));
#11469 = VECTOR('',#11470,1.);
#11470 = DIRECTION('',(1.,0.,0.));
#11471 = PCURVE('',#10571,#11472);
#11472 = DEFINITIONAL_REPRESENTATION('',(#11473),#11477);
#11473 = LINE('',#11474,#11475);
#11474 = CARTESIAN_POINT('',(0.,0.));
#11475 = VECTOR('',#11476,1.);
#11476 = DIRECTION('',(0.,1.));
#11477 = ( GEOMETRIC_REPRESENTATION_CONTEXT(2) 
PARAMETRIC_REPRESENTATION_CONTEXT() REPRESENTATION_CONTEXT('2D SPACE',''
  ) );
#11478 = PCURVE('',#10689,#11479);
#11479 = DEFINITIONAL_REPRESENTATION('',(#11480),#11484);
#11480 = LINE('',#11481,#11482);
#11481 = CARTESIAN_POINT('',(0.,0.));
#11482 = VECTOR('',#11483,1.);
#11483 = DIRECTION('',(1.,0.));
#11484 = ( GEOMETRIC_REPRESENTATION_CONTEXT(2) 
PARAMETRIC_REPRESENTATION_CONTEXT() REPRESENTATION_CONTEXT('2D SPACE',''
  ) );
#11485 = ORIENTED_EDGE('',*,*,#11486,.T.);
#11486 = EDGE_CURVE('',#11464,#10528,#11487,.T.);
#11487 = SURFACE_CURVE('',#11488,(#11492,#11499),.PCURVE_S1.);
#11488 = LINE('',#11489,#11490);
#11489 = CARTESIAN_POINT('',(-65.,-60.,127.2));
#11490 = VECTOR('',#11491,1.);
#11491 = DIRECTION('',(0.,0.,1.));
#11492 = PCURVE('',#10571,#11493);
#11493 = DEFINITIONAL_REPRESENTATION('',(#11494),#11498);
#11494 = LINE('',#11495,#11496);
#11495 = CARTESIAN_POINT('',(0.,0.));
#11496 = VECTOR('',#11497,1.);
#11497 = DIRECTION('',(1.,0.));
#11498 = ( GEOMETRIC_REPRESENTATION_CONTEXT(2) 
PARAMETRIC_REPRESENTATION_CONTEXT() REPRESENTATION_CONTEXT('2D SPACE',''
  ) );
#11499 = PCURVE('',#10543,#11500);
#11500 = DEFINITIONAL_REPRESENTATION('',(#11501),#11505);
#11501 = LINE('',#11502,#11503);
#11502 = CARTESIAN_POINT('',(0.,0.));
#11503 = VECTOR('',#11504,1.);
#11504 = DIRECTION('',(1.,0.));
#11505 = ( GEOMETRIC_REPRESENTATION_CONTEXT(2) 
PARAMETRIC_REPRESENTATION_CONTEXT() REPRESENTATION_CONTEXT('2D SPACE',''
  ) );
#11506 = ORIENTED_EDGE('',*,*,#10555,.T.);
#11507 = ORIENTED_EDGE('',*,*,#10879,.F.);
#11508 = ADVANCED_FACE('',(#11509),#10543,.F.);
#11509 = FACE_BOUND('',#11510,.F.);
#11510 = EDGE_LOOP('',(#11511,#11512,#11535,#11556));
#11511 = ORIENTED_EDGE('',*,*,#11486,.F.);
#11512 = ORIENTED_EDGE('',*,*,#11513,.T.);
#11513 = EDGE_CURVE('',#11464,#11514,#11516,.T.);
#11514 = VERTEX_POINT('',#11515);
#11515 = CARTESIAN_POINT('',(-65.,-18.,127.2));
#11516 = SURFACE_CURVE('',#11517,(#11521,#11528),.PCURVE_S1.);
#11517 = LINE('',#11518,#11519);
#11518 = CARTESIAN_POINT('',(-65.,-60.,127.2));
#11519 = VECTOR('',#11520,1.);
#11520 = DIRECTION('',(0.,1.,0.));
#11521 = PCURVE('',#10543,#11522);
#11522 = DEFINITIONAL_REPRESENTATION('',(#11523),#11527);
#11523 = LINE('',#11524,#11525);
#11524 = CARTESIAN_POINT('',(0.,0.));
#11525 = VECTOR('',#11526,1.);
#11526 = DIRECTION('',(0.,-1.));
#11527 = ( GEOMETRIC_REPRESENTATION_CONTEXT(2) 
PARAMETRIC_REPRESENTATION_CONTEXT() REPRESENTATION_CONTEXT('2D SPACE',''
  ) );
#11528 = PCURVE('',#10689,#11529);
#11529 = DEFINITIONAL_REPRESENTATION('',(#11530),#11534);
#11530 = LINE('',#11531,#11532);
#11531 = CARTESIAN_POINT('',(0.,0.));
#11532 = VECTOR('',#11533,1.);
#11533 = DIRECTION('',(0.,1.));
#11534 = ( GEOMETRIC_REPRESENTATION_CONTEXT(2) 
PARAMETRIC_REPRESENTATION_CONTEXT() REPRESENTATION_CONTEXT('2D SPACE',''
  ) );
#11535 = ORIENTED_EDGE('',*,*,#11536,.T.);
#11536 = EDGE_CURVE('',#11514,#10500,#11537,.T.);
#11537 = SURFACE_CURVE('',#11538,(#11542,#11549),.PCURVE_S1.);
#11538 = LINE('',#11539,#11540);
#11539 = CARTESIAN_POINT('',(-65.,-18.,127.2));
#11540 = VECTOR('',#11541,1.);
#11541 = DIRECTION('',(0.,0.,1.));
#11542 = PCURVE('',#10543,#11543);
#11543 = DEFINITIONAL_REPRESENTATION('',(#11544),#11548);
#11544 = LINE('',#11545,#11546);
#11545 = CARTESIAN_POINT('',(0.,-42.));
#11546 = VECTOR('',#11547,1.);
#11547 = DIRECTION('',(1.,0.));
#11548 = ( GEOMETRIC_REPRESENTATION_CONTEXT(2) 
PARAMETRIC_REPRESENTATION_CONTEXT() REPRESENTATION_CONTEXT('2D SPACE',''
  ) );
#11549 = PCURVE('',#10515,#11550);
#11550 = DEFINITIONAL_REPRESENTATION('',(#11551),#11555);
#11551 = LINE('',#11552,#11553);
#11552 = CARTESIAN_POINT('',(0.,0.));
#11553 = VECTOR('',#11554,1.);
#11554 = DIRECTION('',(1.,0.));
#11555 = ( GEOMETRIC_REPRESENTATION_CONTEXT(2) 
PARAMETRIC_REPRESENTATION_CONTEXT() REPRESENTATION_CONTEXT('2D SPACE',''
  ) );
#11556 = ORIENTED_EDGE('',*,*,#10527,.F.);
#11557 = ADVANCED_FACE('',(#11558),#10515,.T.);
#11558 = FACE_BOUND('',#11559,.T.);
#11559 = EDGE_LOOP('',(#11560,#11581,#11582,#11583));
#11560 = ORIENTED_EDGE('',*,*,#11561,.F.);
#11561 = EDGE_CURVE('',#11514,#10903,#11562,.T.);
#11562 = SURFACE_CURVE('',#11563,(#11567,#11574),.PCURVE_S1.);
#11563 = LINE('',#11564,#11565);
#11564 = CARTESIAN_POINT('',(-65.,-18.,127.2));
#11565 = VECTOR('',#11566,1.);
#11566 = DIRECTION('',(1.,0.,0.));
#11567 = PCURVE('',#10515,#11568);
#11568 = DEFINITIONAL_REPRESENTATION('',(#11569),#11573);
#11569 = LINE('',#11570,#11571);
#11570 = CARTESIAN_POINT('',(0.,0.));
#11571 = VECTOR('',#11572,1.);
#11572 = DIRECTION('',(0.,1.));
#11573 = ( GEOMETRIC_REPRESENTATION_CONTEXT(2) 
PARAMETRIC_REPRESENTATION_CONTEXT() REPRESENTATION_CONTEXT('2D SPACE',''
  ) );
#11574 = PCURVE('',#10689,#11575);
#11575 = DEFINITIONAL_REPRESENTATION('',(#11576),#11580);
#11576 = LINE('',#11577,#11578);
#11577 = CARTESIAN_POINT('',(0.,42.));
#11578 = VECTOR('',#11579,1.);
#11579 = DIRECTION('',(1.,0.));
#11580 = ( GEOMETRIC_REPRESENTATION_CONTEXT(2) 
PARAMETRIC_REPRESENTATION_CONTEXT() REPRESENTATION_CONTEXT('2D SPACE',''
  ) );
#11581 = ORIENTED_EDGE('',*,*,#11536,.T.);
#11582 = ORIENTED_EDGE('',*,*,#10499,.T.);
#11583 = ORIENTED_EDGE('',*,*,#10925,.F.);
#11584 = ADVANCED_FACE('',(#11585),#10657,.F.);
#11585 = FACE_BOUND('',#11586,.T.);
#11586 = EDGE_LOOP('',(#11587,#11615,#11636,#11637));
#11587 = ORIENTED_EDGE('',*,*,#11588,.T.);
#11588 = EDGE_CURVE('',#11589,#11589,#11591,.T.);
#11589 = VERTEX_POINT('',#11590);
#11590 = CARTESIAN_POINT('',(-54.5,-26.,127.2));
#11591 = SURFACE_CURVE('',#11592,(#11597,#11604),.PCURVE_S1.);
#11592 = CIRCLE('',#11593,2.5);
#11593 = AXIS2_PLACEMENT_3D('',#11594,#11595,#11596);
#11594 = CARTESIAN_POINT('',(-57.,-26.,127.2));
#11595 = DIRECTION('',(0.,0.,-1.));
#11596 = DIRECTION('',(1.,0.,0.));
#11597 = PCURVE('',#10657,#11598);
#11598 = DEFINITIONAL_REPRESENTATION('',(#11599),#11603);
#11599 = LINE('',#11600,#11601);
#11600 = CARTESIAN_POINT('',(-6.28318530718,-1.));
#11601 = VECTOR('',#11602,1.);
#11602 = DIRECTION('',(1.,-0.));
#11603 = ( GEOMETRIC_REPRESENTATION_CONTEXT(2) 
PARAMETRIC_REPRESENTATION_CONTEXT() REPRESENTATION_CONTEXT('2D SPACE',''
  ) );
#11604 = PCURVE('',#10689,#11605);
#11605 = DEFINITIONAL_REPRESENTATION('',(#11606),#11614);
#11606 = ( BOUNDED_CURVE() B_SPLINE_CURVE(2,(#11607,#11608,#11609,#11610
    ,#11611,#11612,#11613),.UNSPECIFIED.,.T.,.F.) 
B_SPLINE_CURVE_WITH_KNOTS((1,2,2,2,2,1),(-2.094395102393,0.,
    2.094395102393,4.188790204786,6.28318530718,8.377580409573),
.UNSPECIFIED.) CURVE() GEOMETRIC_REPRESENTATION_ITEM() 
RATIONAL_B_SPLINE_CURVE((1.,0.5,1.,0.5,1.,0.5,1.)) REPRESENTATION_ITEM(
  '') );
#11607 = CARTESIAN_POINT('',(10.5,34.));
#11608 = CARTESIAN_POINT('',(10.5,29.669872981078));
#11609 = CARTESIAN_POINT('',(6.75,31.834936490539));
#11610 = CARTESIAN_POINT('',(3.,34.));
#11611 = CARTESIAN_POINT('',(6.75,36.165063509461));
#11612 = CARTESIAN_POINT('',(10.5,38.330127018922));
#11613 = CARTESIAN_POINT('',(10.5,34.));
#11614 = ( GEOMETRIC_REPRESENTATION_CONTEXT(2) 
PARAMETRIC_REPRESENTATION_CONTEXT() REPRESENTATION_CONTEXT('2D SPACE',''
  ) );
#11615 = ORIENTED_EDGE('',*,*,#11616,.T.);
#11616 = EDGE_CURVE('',#11589,#10637,#11617,.T.);
#11617 = SEAM_CURVE('',#11618,(#11622,#11629),.PCURVE_S1.);
#11618 = LINE('',#11619,#11620);
#11619 = CARTESIAN_POINT('',(-54.5,-26.,126.2));
#11620 = VECTOR('',#11621,1.);
#11621 = DIRECTION('',(0.,0.,1.));
#11622 = PCURVE('',#10657,#11623);
#11623 = DEFINITIONAL_REPRESENTATION('',(#11624),#11628);
#11624 = LINE('',#11625,#11626);
#11625 = CARTESIAN_POINT('',(-6.28318530718,0.));
#11626 = VECTOR('',#11627,1.);
#11627 = DIRECTION('',(-0.,-1.));
#11628 = ( GEOMETRIC_REPRESENTATION_CONTEXT(2) 
PARAMETRIC_REPRESENTATION_CONTEXT() REPRESENTATION_CONTEXT('2D SPACE',''
  ) );
#11629 = PCURVE('',#10657,#11630);
#11630 = DEFINITIONAL_REPRESENTATION('',(#11631),#11635);
#11631 = LINE('',#11632,#11633);
#11632 = CARTESIAN_POINT('',(-0.,0.));
#11633 = VECTOR('',#11634,1.);
#11634 = DIRECTION('',(-0.,-1.));
#11635 = ( GEOMETRIC_REPRESENTATION_CONTEXT(2) 
PARAMETRIC_REPRESENTATION_CONTEXT() REPRESENTATION_CONTEXT('2D SPACE',''
  ) );
#11636 = ORIENTED_EDGE('',*,*,#10636,.F.);
#11637 = ORIENTED_EDGE('',*,*,#11616,.F.);
#11638 = ADVANCED_FACE('',(#11639,#11645,#11648),#10689,.F.);
#11639 = FACE_BOUND('',#11640,.F.);
#11640 = EDGE_LOOP('',(#11641,#11642,#11643,#11644));
#11641 = ORIENTED_EDGE('',*,*,#11513,.F.);
#11642 = ORIENTED_EDGE('',*,*,#11463,.T.);
#11643 = ORIENTED_EDGE('',*,*,#10902,.T.);
#11644 = ORIENTED_EDGE('',*,*,#11561,.F.);
#11645 = FACE_BOUND('',#11646,.F.);
#11646 = EDGE_LOOP('',(#11647));
#11647 = ORIENTED_EDGE('',*,*,#10672,.T.);
#11648 = FACE_BOUND('',#11649,.F.);
#11649 = EDGE_LOOP('',(#11650));
#11650 = ORIENTED_EDGE('',*,*,#11588,.T.);
#11651 = ( GEOMETRIC_REPRESENTATION_CONTEXT(3) 
GLOBAL_UNCERTAINTY_ASSIGNED_CONTEXT((#11655)) 
GLOBAL_UNIT_ASSIGNED_CONTEXT((#11652,#11653,#11654)) 
REPRESENTATION_CONTEXT('Context #1',
  '3D Context with UNIT and UNCERTAINTY') );
#11652 = ( LENGTH_UNIT() NAMED_UNIT(*) SI_UNIT(.MILLI.,.METRE.) );
#11653 = ( NAMED_UNIT(*) PLANE_ANGLE_UNIT() SI_UNIT($,.RADIAN.) );
#11654 = ( NAMED_UNIT(*) SI_UNIT($,.STERADIAN.) SOLID_ANGLE_UNIT() );
#11655 = UNCERTAINTY_MEASURE_WITH_UNIT(LENGTH_MEASURE(1.E-07),#11652,
  'distance_accuracy_value','confusion accuracy');
#11656 = CONTEXT_DEPENDENT_SHAPE_REPRESENTATION(#11657,#11659);
#11657 = ( REPRESENTATION_RELATIONSHIP('','',#8842,#10) 
REPRESENTATION_RELATIONSHIP_WITH_TRANSFORMATION(#11658) 
SHAPE_REPRESENTATION_RELATIONSHIP() );
#11658 = ITEM_DEFINED_TRANSFORMATION('','',#11,#19);
#11659 = PRODUCT_DEFINITION_SHAPE('Placement','Placement of an item',
  #11660);
#11660 = NEXT_ASSEMBLY_USAGE_OCCURRENCE('2','','',#5,#8837,$);
#11661 = PRODUCT_RELATED_PRODUCT_CATEGORY('part',$,(#8839));
#11662 = SHAPE_DEFINITION_REPRESENTATION(#11663,#11669);
#11663 = PRODUCT_DEFINITION_SHAPE('','',#11664);
#11664 = PRODUCT_DEFINITION('design','',#11665,#11668);
#11665 = PRODUCT_DEFINITION_FORMATION('','',#11666);
#11666 = PRODUCT('Open CASCADE STEP translator 7.9 4.3',
  'Open CASCADE STEP translator 7.9 4.3','',(#11667));
#11667 = PRODUCT_CONTEXT('',#2,'mechanical');
#11668 = PRODUCT_DEFINITION_CONTEXT('part definition',#2,'design');
#11669 = ADVANCED_BREP_SHAPE_REPRESENTATION('',(#11,#11670),#12956);
#11670 = MANIFOLD_SOLID_BREP('',#11671);
#11671 = CLOSED_SHELL('',(#11672,#11760,#12215,#12605,#12632,#12659,
    #12686,#12713,#12740,#12767,#12794,#12821,#12848,#12875,#12902,
    #12929));
#11672 = ADVANCED_FACE('',(#11673),#11687,.T.);
#11673 = FACE_BOUND('',#11674,.F.);
#11674 = EDGE_LOOP('',(#11675,#11705,#11732,#11733));
#11675 = ORIENTED_EDGE('',*,*,#11676,.T.);
#11676 = EDGE_CURVE('',#11677,#11679,#11681,.T.);
#11677 = VERTEX_POINT('',#11678);
#11678 = CARTESIAN_POINT('',(56.,0.,-15.5));
#11679 = VERTEX_POINT('',#11680);
#11680 = CARTESIAN_POINT('',(56.,0.,-11.5));
#11681 = SEAM_CURVE('',#11682,(#11686,#11698),.PCURVE_S1.);
#11682 = LINE('',#11683,#11684);
#11683 = CARTESIAN_POINT('',(56.,0.,-15.5));
#11684 = VECTOR('',#11685,1.);
#11685 = DIRECTION('',(0.,0.,1.));
#11686 = PCURVE('',#11687,#11692);
#11687 = CYLINDRICAL_SURFACE('',#11688,56.);
#11688 = AXIS2_PLACEMENT_3D('',#11689,#11690,#11691);
#11689 = CARTESIAN_POINT('',(0.,0.,-15.5));
#11690 = DIRECTION('',(-0.,-0.,-1.));
#11691 = DIRECTION('',(1.,0.,0.));
#11692 = DEFINITIONAL_REPRESENTATION('',(#11693),#11697);
#11693 = LINE('',#11694,#11695);
#11694 = CARTESIAN_POINT('',(-0.,0.));
#11695 = VECTOR('',#11696,1.);
#11696 = DIRECTION('',(-0.,-1.));
#11697 = ( GEOMETRIC_REPRESENTATION_CONTEXT(2) 
PARAMETRIC_REPRESENTATION_CONTEXT() REPRESENTATION_CONTEXT('2D SPACE',''
  ) );
#11698 = PCURVE('',#11687,#11699);
#11699 = DEFINITIONAL_REPRESENTATION('',(#11700),#11704);
#11700 = LINE('',#11701,#11702);
#11701 = CARTESIAN_POINT('',(-6.28318530718,0.));
#11702 = VECTOR('',#11703,1.);
#11703 = DIRECTION('',(-0.,-1.));
#11704 = ( GEOMETRIC_REPRESENTATION_CONTEXT(2) 
PARAMETRIC_REPRESENTATION_CONTEXT() REPRESENTATION_CONTEXT('2D SPACE',''
  ) );
#11705 = ORIENTED_EDGE('',*,*,#11706,.T.);
#11706 = EDGE_CURVE('',#11679,#11679,#11707,.T.);
#11707 = SURFACE_CURVE('',#11708,(#11713,#11720),.PCURVE_S1.);
#11708 = CIRCLE('',#11709,56.);
#11709 = AXIS2_PLACEMENT_3D('',#11710,#11711,#11712);
#11710 = CARTESIAN_POINT('',(0.,0.,-11.5));
#11711 = DIRECTION('',(0.,0.,1.));
#11712 = DIRECTION('',(1.,0.,0.));
#11713 = PCURVE('',#11687,#11714);
#11714 = DEFINITIONAL_REPRESENTATION('',(#11715),#11719);
#11715 = LINE('',#11716,#11717);
#11716 = CARTESIAN_POINT('',(-0.,-4.));
#11717 = VECTOR('',#11718,1.);
#11718 = DIRECTION('',(-1.,0.));
#11719 = ( GEOMETRIC_REPRESENTATION_CONTEXT(2) 
PARAMETRIC_REPRESENTATION_CONTEXT() REPRESENTATION_CONTEXT('2D SPACE',''
  ) );
#11720 = PCURVE('',#11721,#11726);
#11721 = PLANE('',#11722);
#11722 = AXIS2_PLACEMENT_3D('',#11723,#11724,#11725);
#11723 = CARTESIAN_POINT('',(-3.125577445804E-15,3.9651475332E-15,-11.5)
  );
#11724 = DIRECTION('',(0.,0.,1.));
#11725 = DIRECTION('',(1.,0.,-0.));
#11726 = DEFINITIONAL_REPRESENTATION('',(#11727),#11731);
#11727 = CIRCLE('',#11728,56.);
#11728 = AXIS2_PLACEMENT_2D('',#11729,#11730);
#11729 = CARTESIAN_POINT('',(3.125577445804E-15,-3.9651475332E-15));
#11730 = DIRECTION('',(1.,0.));
#11731 = ( GEOMETRIC_REPRESENTATION_CONTEXT(2) 
PARAMETRIC_REPRESENTATION_CONTEXT() REPRESENTATION_CONTEXT('2D SPACE',''
  ) );
#11732 = ORIENTED_EDGE('',*,*,#11676,.F.);
#11733 = ORIENTED_EDGE('',*,*,#11734,.F.);
#11734 = EDGE_CURVE('',#11677,#11677,#11735,.T.);
#11735 = SURFACE_CURVE('',#11736,(#11741,#11748),.PCURVE_S1.);
#11736 = CIRCLE('',#11737,56.);
#11737 = AXIS2_PLACEMENT_3D('',#11738,#11739,#11740);
#11738 = CARTESIAN_POINT('',(0.,0.,-15.5));
#11739 = DIRECTION('',(0.,0.,1.));
#11740 = DIRECTION('',(1.,0.,0.));
#11741 = PCURVE('',#11687,#11742);
#11742 = DEFINITIONAL_REPRESENTATION('',(#11743),#11747);
#11743 = LINE('',#11744,#11745);
#11744 = CARTESIAN_POINT('',(-0.,0.));
#11745 = VECTOR('',#11746,1.);
#11746 = DIRECTION('',(-1.,0.));
#11747 = ( GEOMETRIC_REPRESENTATION_CONTEXT(2) 
PARAMETRIC_REPRESENTATION_CONTEXT() REPRESENTATION_CONTEXT('2D SPACE',''
  ) );
#11748 = PCURVE('',#11749,#11754);
#11749 = PLANE('',#11750);
#11750 = AXIS2_PLACEMENT_3D('',#11751,#11752,#11753);
#11751 = CARTESIAN_POINT('',(-3.125577445804E-15,3.9651475332E-15,-15.5)
  );
#11752 = DIRECTION('',(0.,0.,1.));
#11753 = DIRECTION('',(1.,0.,-0.));
#11754 = DEFINITIONAL_REPRESENTATION('',(#11755),#11759);
#11755 = CIRCLE('',#11756,56.);
#11756 = AXIS2_PLACEMENT_2D('',#11757,#11758);
#11757 = CARTESIAN_POINT('',(3.125577445804E-15,-3.9651475332E-15));
#11758 = DIRECTION('',(1.,0.));
#11759 = ( GEOMETRIC_REPRESENTATION_CONTEXT(2) 
PARAMETRIC_REPRESENTATION_CONTEXT() REPRESENTATION_CONTEXT('2D SPACE',''
  ) );
#11760 = ADVANCED_FACE('',(#11761,#11764,#11799,#11834,#11869,#11904,
    #11939,#11974,#12009,#12044,#12075,#12110,#12145,#12180),#11749,.F.
  );
#11761 = FACE_BOUND('',#11762,.F.);
#11762 = EDGE_LOOP('',(#11763));
#11763 = ORIENTED_EDGE('',*,*,#11734,.T.);
#11764 = FACE_BOUND('',#11765,.F.);
#11765 = EDGE_LOOP('',(#11766));
#11766 = ORIENTED_EDGE('',*,*,#11767,.T.);
#11767 = EDGE_CURVE('',#11768,#11768,#11770,.T.);
#11768 = VERTEX_POINT('',#11769);
#11769 = CARTESIAN_POINT('',(-23.2500003,-44.1672955,-15.5));
#11770 = SURFACE_CURVE('',#11771,(#11776,#11787),.PCURVE_S1.);
#11771 = CIRCLE('',#11772,2.25);
#11772 = AXIS2_PLACEMENT_3D('',#11773,#11774,#11775);
#11773 = CARTESIAN_POINT('',(-25.5000003,-44.1672955,-15.5));
#11774 = DIRECTION('',(0.,0.,-1.));
#11775 = DIRECTION('',(1.,0.,0.));
#11776 = PCURVE('',#11749,#11777);
#11777 = DEFINITIONAL_REPRESENTATION('',(#11778),#11786);
#11778 = ( BOUNDED_CURVE() B_SPLINE_CURVE(2,(#11779,#11780,#11781,#11782
    ,#11783,#11784,#11785),.UNSPECIFIED.,.T.,.F.) 
B_SPLINE_CURVE_WITH_KNOTS((1,2,2,2,2,1),(-2.094395102393,0.,
    2.094395102393,4.188790204786,6.28318530718,8.377580409573),
.UNSPECIFIED.) CURVE() GEOMETRIC_REPRESENTATION_ITEM() 
RATIONAL_B_SPLINE_CURVE((1.,0.5,1.,0.5,1.,0.5,1.)) REPRESENTATION_ITEM(
  '') );
#11779 = CARTESIAN_POINT('',(-23.2500003,-44.1672955));
#11780 = CARTESIAN_POINT('',(-23.2500003,-48.06440981703));
#11781 = CARTESIAN_POINT('',(-26.6250003,-46.11585265851));
#11782 = CARTESIAN_POINT('',(-30.0000003,-44.1672955));
#11783 = CARTESIAN_POINT('',(-26.6250003,-42.21873834148));
#11784 = CARTESIAN_POINT('',(-23.2500003,-40.27018118297));
#11785 = CARTESIAN_POINT('',(-23.2500003,-44.1672955));
#11786 = ( GEOMETRIC_REPRESENTATION_CONTEXT(2) 
PARAMETRIC_REPRESENTATION_CONTEXT() REPRESENTATION_CONTEXT('2D SPACE',''
  ) );
#11787 = PCURVE('',#11788,#11793);
#11788 = CYLINDRICAL_SURFACE('',#11789,2.25);
#11789 = AXIS2_PLACEMENT_3D('',#11790,#11791,#11792);
#11790 = CARTESIAN_POINT('',(-25.5000003,-44.1672955,-16.));
#11791 = DIRECTION('',(-0.,-0.,-1.));
#11792 = DIRECTION('',(1.,0.,0.));
#11793 = DEFINITIONAL_REPRESENTATION('',(#11794),#11798);
#11794 = LINE('',#11795,#11796);
#11795 = CARTESIAN_POINT('',(-6.28318530718,-0.5));
#11796 = VECTOR('',#11797,1.);
#11797 = DIRECTION('',(1.,-0.));
#11798 = ( GEOMETRIC_REPRESENTATION_CONTEXT(2) 
PARAMETRIC_REPRESENTATION_CONTEXT() REPRESENTATION_CONTEXT('2D SPACE',''
  ) );
#11799 = FACE_BOUND('',#11800,.F.);
#11800 = EDGE_LOOP('',(#11801));
#11801 = ORIENTED_EDGE('',*,*,#11802,.T.);
#11802 = EDGE_CURVE('',#11803,#11803,#11805,.T.);
#11803 = VERTEX_POINT('',#11804);
#11804 = CARTESIAN_POINT('',(-41.9172957,-25.4999997,-15.5));
#11805 = SURFACE_CURVE('',#11806,(#11811,#11822),.PCURVE_S1.);
#11806 = CIRCLE('',#11807,2.25);
#11807 = AXIS2_PLACEMENT_3D('',#11808,#11809,#11810);
#11808 = CARTESIAN_POINT('',(-44.1672957,-25.4999997,-15.5));
#11809 = DIRECTION('',(0.,0.,-1.));
#11810 = DIRECTION('',(1.,0.,0.));
#11811 = PCURVE('',#11749,#11812);
#11812 = DEFINITIONAL_REPRESENTATION('',(#11813),#11821);
#11813 = ( BOUNDED_CURVE() B_SPLINE_CURVE(2,(#11814,#11815,#11816,#11817
    ,#11818,#11819,#11820),.UNSPECIFIED.,.T.,.F.) 
B_SPLINE_CURVE_WITH_KNOTS((1,2,2,2,2,1),(-2.094395102393,0.,
    2.094395102393,4.188790204786,6.28318530718,8.377580409573),
.UNSPECIFIED.) CURVE() GEOMETRIC_REPRESENTATION_ITEM() 
RATIONAL_B_SPLINE_CURVE((1.,0.5,1.,0.5,1.,0.5,1.)) REPRESENTATION_ITEM(
  '') );
#11814 = CARTESIAN_POINT('',(-41.9172957,-25.4999997));
#11815 = CARTESIAN_POINT('',(-41.9172957,-29.39711401703));
#11816 = CARTESIAN_POINT('',(-45.2922957,-27.44855685851));
#11817 = CARTESIAN_POINT('',(-48.6672957,-25.4999997));
#11818 = CARTESIAN_POINT('',(-45.2922957,-23.55144254148));
#11819 = CARTESIAN_POINT('',(-41.9172957,-21.60288538297));
#11820 = CARTESIAN_POINT('',(-41.9172957,-25.4999997));
#11821 = ( GEOMETRIC_REPRESENTATION_CONTEXT(2) 
PARAMETRIC_REPRESENTATION_CONTEXT() REPRESENTATION_CONTEXT('2D SPACE',''
  ) );
#11822 = PCURVE('',#11823,#11828);
#11823 = CYLINDRICAL_SURFACE('',#11824,2.25);
#11824 = AXIS2_PLACEMENT_3D('',#11825,#11826,#11827);
#11825 = CARTESIAN_POINT('',(-44.1672957,-25.4999997,-16.));
#11826 = DIRECTION('',(-0.,-0.,-1.));
#11827 = DIRECTION('',(1.,0.,0.));
#11828 = DEFINITIONAL_REPRESENTATION('',(#11829),#11833);
#11829 = LINE('',#11830,#11831);
#11830 = CARTESIAN_POINT('',(-6.28318530718,-0.5));
#11831 = VECTOR('',#11832,1.);
#11832 = DIRECTION('',(1.,-0.));
#11833 = ( GEOMETRIC_REPRESENTATION_CONTEXT(2) 
PARAMETRIC_REPRESENTATION_CONTEXT() REPRESENTATION_CONTEXT('2D SPACE',''
  ) );
#11834 = FACE_BOUND('',#11835,.F.);
#11835 = EDGE_LOOP('',(#11836));
#11836 = ORIENTED_EDGE('',*,*,#11837,.T.);
#11837 = EDGE_CURVE('',#11838,#11838,#11840,.T.);
#11838 = VERTEX_POINT('',#11839);
#11839 = CARTESIAN_POINT('',(3.8,-51.,-15.5));
#11840 = SURFACE_CURVE('',#11841,(#11846,#11857),.PCURVE_S1.);
#11841 = CIRCLE('',#11842,3.8);
#11842 = AXIS2_PLACEMENT_3D('',#11843,#11844,#11845);
#11843 = CARTESIAN_POINT('',(0.,-51.,-15.5));
#11844 = DIRECTION('',(0.,0.,-1.));
#11845 = DIRECTION('',(1.,0.,0.));
#11846 = PCURVE('',#11749,#11847);
#11847 = DEFINITIONAL_REPRESENTATION('',(#11848),#11856);
#11848 = ( BOUNDED_CURVE() B_SPLINE_CURVE(2,(#11849,#11850,#11851,#11852
    ,#11853,#11854,#11855),.UNSPECIFIED.,.T.,.F.) 
B_SPLINE_CURVE_WITH_KNOTS((1,2,2,2,2,1),(-2.094395102393,0.,
    2.094395102393,4.188790204786,6.28318530718,8.377580409573),
.UNSPECIFIED.) CURVE() GEOMETRIC_REPRESENTATION_ITEM() 
RATIONAL_B_SPLINE_CURVE((1.,0.5,1.,0.5,1.,0.5,1.)) REPRESENTATION_ITEM(
  '') );
#11849 = CARTESIAN_POINT('',(3.8,-51.));
#11850 = CARTESIAN_POINT('',(3.8,-57.58179306876));
#11851 = CARTESIAN_POINT('',(-1.9,-54.29089653438));
#11852 = CARTESIAN_POINT('',(-7.6,-51.));
#11853 = CARTESIAN_POINT('',(-1.9,-47.70910346561));
#11854 = CARTESIAN_POINT('',(3.8,-44.41820693123));
#11855 = CARTESIAN_POINT('',(3.8,-51.));
#11856 = ( GEOMETRIC_REPRESENTATION_CONTEXT(2) 
PARAMETRIC_REPRESENTATION_CONTEXT() REPRESENTATION_CONTEXT('2D SPACE',''
  ) );
#11857 = PCURVE('',#11858,#11863);
#11858 = CYLINDRICAL_SURFACE('',#11859,3.8);
#11859 = AXIS2_PLACEMENT_3D('',#11860,#11861,#11862);
#11860 = CARTESIAN_POINT('',(0.,-51.,-16.));
#11861 = DIRECTION('',(-0.,-0.,-1.));
#11862 = DIRECTION('',(1.,0.,0.));
#11863 = DEFINITIONAL_REPRESENTATION('',(#11864),#11868);
#11864 = LINE('',#11865,#11866);
#11865 = CARTESIAN_POINT('',(-6.28318530718,-0.5));
#11866 = VECTOR('',#11867,1.);
#11867 = DIRECTION('',(1.,-0.));
#11868 = ( GEOMETRIC_REPRESENTATION_CONTEXT(2) 
PARAMETRIC_REPRESENTATION_CONTEXT() REPRESENTATION_CONTEXT('2D SPACE',''
  ) );
#11869 = FACE_BOUND('',#11870,.F.);
#11870 = EDGE_LOOP('',(#11871));
#11871 = ORIENTED_EDGE('',*,*,#11872,.T.);
#11872 = EDGE_CURVE('',#11873,#11873,#11875,.T.);
#11873 = VERTEX_POINT('',#11874);
#11874 = CARTESIAN_POINT('',(27.7499997,-44.1672958,-15.5));
#11875 = SURFACE_CURVE('',#11876,(#11881,#11892),.PCURVE_S1.);
#11876 = CIRCLE('',#11877,2.25);
#11877 = AXIS2_PLACEMENT_3D('',#11878,#11879,#11880);
#11878 = CARTESIAN_POINT('',(25.4999997,-44.1672958,-15.5));
#11879 = DIRECTION('',(0.,0.,-1.));
#11880 = DIRECTION('',(1.,0.,0.));
#11881 = PCURVE('',#11749,#11882);
#11882 = DEFINITIONAL_REPRESENTATION('',(#11883),#11891);
#11883 = ( BOUNDED_CURVE() B_SPLINE_CURVE(2,(#11884,#11885,#11886,#11887
    ,#11888,#11889,#11890),.UNSPECIFIED.,.T.,.F.) 
B_SPLINE_CURVE_WITH_KNOTS((1,2,2,2,2,1),(-2.094395102393,0.,
    2.094395102393,4.188790204786,6.28318530718,8.377580409573),
.UNSPECIFIED.) CURVE() GEOMETRIC_REPRESENTATION_ITEM() 
RATIONAL_B_SPLINE_CURVE((1.,0.5,1.,0.5,1.,0.5,1.)) REPRESENTATION_ITEM(
  '') );
#11884 = CARTESIAN_POINT('',(27.7499997,-44.1672958));
#11885 = CARTESIAN_POINT('',(27.7499997,-48.06441011703));
#11886 = CARTESIAN_POINT('',(24.3749997,-46.11585295851));
#11887 = CARTESIAN_POINT('',(20.9999997,-44.1672958));
#11888 = CARTESIAN_POINT('',(24.3749997,-42.21873864148));
#11889 = CARTESIAN_POINT('',(27.7499997,-40.27018148297));
#11890 = CARTESIAN_POINT('',(27.7499997,-44.1672958));
#11891 = ( GEOMETRIC_REPRESENTATION_CONTEXT(2) 
PARAMETRIC_REPRESENTATION_CONTEXT() REPRESENTATION_CONTEXT('2D SPACE',''
  ) );
#11892 = PCURVE('',#11893,#11898);
#11893 = CYLINDRICAL_SURFACE('',#11894,2.25);
#11894 = AXIS2_PLACEMENT_3D('',#11895,#11896,#11897);
#11895 = CARTESIAN_POINT('',(25.4999997,-44.1672958,-16.));
#11896 = DIRECTION('',(-0.,-0.,-1.));
#11897 = DIRECTION('',(1.,0.,0.));
#11898 = DEFINITIONAL_REPRESENTATION('',(#11899),#11903);
#11899 = LINE('',#11900,#11901);
#11900 = CARTESIAN_POINT('',(-6.28318530718,-0.5));
#11901 = VECTOR('',#11902,1.);
#11902 = DIRECTION('',(1.,-0.));
#11903 = ( GEOMETRIC_REPRESENTATION_CONTEXT(2) 
PARAMETRIC_REPRESENTATION_CONTEXT() REPRESENTATION_CONTEXT('2D SPACE',''
  ) );
#11904 = FACE_BOUND('',#11905,.F.);
#11905 = EDGE_LOOP('',(#11906));
#11906 = ORIENTED_EDGE('',*,*,#11907,.T.);
#11907 = EDGE_CURVE('',#11908,#11908,#11910,.T.);
#11908 = VERTEX_POINT('',#11909);
#11909 = CARTESIAN_POINT('',(46.4172955,-25.5000004,-15.5));
#11910 = SURFACE_CURVE('',#11911,(#11916,#11927),.PCURVE_S1.);
#11911 = CIRCLE('',#11912,2.25);
#11912 = AXIS2_PLACEMENT_3D('',#11913,#11914,#11915);
#11913 = CARTESIAN_POINT('',(44.1672955,-25.5000004,-15.5));
#11914 = DIRECTION('',(0.,0.,-1.));
#11915 = DIRECTION('',(1.,0.,0.));
#11916 = PCURVE('',#11749,#11917);
#11917 = DEFINITIONAL_REPRESENTATION('',(#11918),#11926);
#11918 = ( BOUNDED_CURVE() B_SPLINE_CURVE(2,(#11919,#11920,#11921,#11922
    ,#11923,#11924,#11925),.UNSPECIFIED.,.T.,.F.) 
B_SPLINE_CURVE_WITH_KNOTS((1,2,2,2,2,1),(-2.094395102393,0.,
    2.094395102393,4.188790204786,6.28318530718,8.377580409573),
.UNSPECIFIED.) CURVE() GEOMETRIC_REPRESENTATION_ITEM() 
RATIONAL_B_SPLINE_CURVE((1.,0.5,1.,0.5,1.,0.5,1.)) REPRESENTATION_ITEM(
  '') );
#11919 = CARTESIAN_POINT('',(46.4172955,-25.5000004));
#11920 = CARTESIAN_POINT('',(46.4172955,-29.39711471703));
#11921 = CARTESIAN_POINT('',(43.0422955,-27.44855755851));
#11922 = CARTESIAN_POINT('',(39.6672955,-25.5000004));
#11923 = CARTESIAN_POINT('',(43.0422955,-23.55144324148));
#11924 = CARTESIAN_POINT('',(46.4172955,-21.60288608297));
#11925 = CARTESIAN_POINT('',(46.4172955,-25.5000004));
#11926 = ( GEOMETRIC_REPRESENTATION_CONTEXT(2) 
PARAMETRIC_REPRESENTATION_CONTEXT() REPRESENTATION_CONTEXT('2D SPACE',''
  ) );
#11927 = PCURVE('',#11928,#11933);
#11928 = CYLINDRICAL_SURFACE('',#11929,2.25);
#11929 = AXIS2_PLACEMENT_3D('',#11930,#11931,#11932);
#11930 = CARTESIAN_POINT('',(44.1672955,-25.5000004,-16.));
#11931 = DIRECTION('',(-0.,-0.,-1.));
#11932 = DIRECTION('',(1.,0.,0.));
#11933 = DEFINITIONAL_REPRESENTATION('',(#11934),#11938);
#11934 = LINE('',#11935,#11936);
#11935 = CARTESIAN_POINT('',(-6.28318530718,-0.5));
#11936 = VECTOR('',#11937,1.);
#11937 = DIRECTION('',(1.,-0.));
#11938 = ( GEOMETRIC_REPRESENTATION_CONTEXT(2) 
PARAMETRIC_REPRESENTATION_CONTEXT() REPRESENTATION_CONTEXT('2D SPACE',''
  ) );
#11939 = FACE_BOUND('',#11940,.F.);
#11940 = EDGE_LOOP('',(#11941));
#11941 = ORIENTED_EDGE('',*,*,#11942,.T.);
#11942 = EDGE_CURVE('',#11943,#11943,#11945,.T.);
#11943 = VERTEX_POINT('',#11944);
#11944 = CARTESIAN_POINT('',(-47.2,0.,-15.5));
#11945 = SURFACE_CURVE('',#11946,(#11951,#11962),.PCURVE_S1.);
#11946 = CIRCLE('',#11947,3.8);
#11947 = AXIS2_PLACEMENT_3D('',#11948,#11949,#11950);
#11948 = CARTESIAN_POINT('',(-51.,0.,-15.5));
#11949 = DIRECTION('',(0.,0.,-1.));
#11950 = DIRECTION('',(1.,0.,0.));
#11951 = PCURVE('',#11749,#11952);
#11952 = DEFINITIONAL_REPRESENTATION('',(#11953),#11961);
#11953 = ( BOUNDED_CURVE() B_SPLINE_CURVE(2,(#11954,#11955,#11956,#11957
    ,#11958,#11959,#11960),.UNSPECIFIED.,.T.,.F.) 
B_SPLINE_CURVE_WITH_KNOTS((1,2,2,2,2,1),(-2.094395102393,0.,
    2.094395102393,4.188790204786,6.28318530718,8.377580409573),
.UNSPECIFIED.) CURVE() GEOMETRIC_REPRESENTATION_ITEM() 
RATIONAL_B_SPLINE_CURVE((1.,0.5,1.,0.5,1.,0.5,1.)) REPRESENTATION_ITEM(
  '') );
#11954 = CARTESIAN_POINT('',(-47.2,-3.9651475332E-15));
#11955 = CARTESIAN_POINT('',(-47.2,-6.581793068762));
#11956 = CARTESIAN_POINT('',(-52.9,-3.290896534381));
#11957 = CARTESIAN_POINT('',(-58.6,-4.895879100552E-15));
#11958 = CARTESIAN_POINT('',(-52.9,3.290896534381));
#11959 = CARTESIAN_POINT('',(-47.2,6.581793068762));
#11960 = CARTESIAN_POINT('',(-47.2,-3.9651475332E-15));
#11961 = ( GEOMETRIC_REPRESENTATION_CONTEXT(2) 
PARAMETRIC_REPRESENTATION_CONTEXT() REPRESENTATION_CONTEXT('2D SPACE',''
  ) );
#11962 = PCURVE('',#11963,#11968);
#11963 = CYLINDRICAL_SURFACE('',#11964,3.8);
#11964 = AXIS2_PLACEMENT_3D('',#11965,#11966,#11967);
#11965 = CARTESIAN_POINT('',(-51.,0.,-16.));
#11966 = DIRECTION('',(-0.,-0.,-1.));
#11967 = DIRECTION('',(1.,0.,0.));
#11968 = DEFINITIONAL_REPRESENTATION('',(#11969),#11973);
#11969 = LINE('',#11970,#11971);
#11970 = CARTESIAN_POINT('',(-6.28318530718,-0.5));
#11971 = VECTOR('',#11972,1.);
#11972 = DIRECTION('',(1.,-0.));
#11973 = ( GEOMETRIC_REPRESENTATION_CONTEXT(2) 
PARAMETRIC_REPRESENTATION_CONTEXT() REPRESENTATION_CONTEXT('2D SPACE',''
  ) );
#11974 = FACE_BOUND('',#11975,.F.);
#11975 = EDGE_LOOP('',(#11976));
#11976 = ORIENTED_EDGE('',*,*,#11977,.T.);
#11977 = EDGE_CURVE('',#11978,#11978,#11980,.T.);
#11978 = VERTEX_POINT('',#11979);
#11979 = CARTESIAN_POINT('',(-41.9172954,25.5000003,-15.5));
#11980 = SURFACE_CURVE('',#11981,(#11986,#11997),.PCURVE_S1.);
#11981 = CIRCLE('',#11982,2.25);
#11982 = AXIS2_PLACEMENT_3D('',#11983,#11984,#11985);
#11983 = CARTESIAN_POINT('',(-44.1672954,25.5000003,-15.5));
#11984 = DIRECTION('',(0.,0.,-1.));
#11985 = DIRECTION('',(1.,0.,0.));
#11986 = PCURVE('',#11749,#11987);
#11987 = DEFINITIONAL_REPRESENTATION('',(#11988),#11996);
#11988 = ( BOUNDED_CURVE() B_SPLINE_CURVE(2,(#11989,#11990,#11991,#11992
    ,#11993,#11994,#11995),.UNSPECIFIED.,.T.,.F.) 
B_SPLINE_CURVE_WITH_KNOTS((1,2,2,2,2,1),(-2.094395102393,0.,
    2.094395102393,4.188790204786,6.28318530718,8.377580409573),
.UNSPECIFIED.) CURVE() GEOMETRIC_REPRESENTATION_ITEM() 
RATIONAL_B_SPLINE_CURVE((1.,0.5,1.,0.5,1.,0.5,1.)) REPRESENTATION_ITEM(
  '') );
#11989 = CARTESIAN_POINT('',(-41.9172954,25.5000003));
#11990 = CARTESIAN_POINT('',(-41.9172954,21.60288598297));
#11991 = CARTESIAN_POINT('',(-45.2922954,23.551443141485));
#11992 = CARTESIAN_POINT('',(-48.6672954,25.5000003));
#11993 = CARTESIAN_POINT('',(-45.2922954,27.448557458515));
#11994 = CARTESIAN_POINT('',(-41.9172954,29.39711461703));
#11995 = CARTESIAN_POINT('',(-41.9172954,25.5000003));
#11996 = ( GEOMETRIC_REPRESENTATION_CONTEXT(2) 
PARAMETRIC_REPRESENTATION_CONTEXT() REPRESENTATION_CONTEXT('2D SPACE',''
  ) );
#11997 = PCURVE('',#11998,#12003);
#11998 = CYLINDRICAL_SURFACE('',#11999,2.25);
#11999 = AXIS2_PLACEMENT_3D('',#12000,#12001,#12002);
#12000 = CARTESIAN_POINT('',(-44.1672954,25.5000003,-16.));
#12001 = DIRECTION('',(-0.,-0.,-1.));
#12002 = DIRECTION('',(1.,0.,0.));
#12003 = DEFINITIONAL_REPRESENTATION('',(#12004),#12008);
#12004 = LINE('',#12005,#12006);
#12005 = CARTESIAN_POINT('',(-6.28318530718,-0.5));
#12006 = VECTOR('',#12007,1.);
#12007 = DIRECTION('',(1.,-0.));
#12008 = ( GEOMETRIC_REPRESENTATION_CONTEXT(2) 
PARAMETRIC_REPRESENTATION_CONTEXT() REPRESENTATION_CONTEXT('2D SPACE',''
  ) );
#12009 = FACE_BOUND('',#12010,.F.);
#12010 = EDGE_LOOP('',(#12011));
#12011 = ORIENTED_EDGE('',*,*,#12012,.T.);
#12012 = EDGE_CURVE('',#12013,#12013,#12015,.T.);
#12013 = VERTEX_POINT('',#12014);
#12014 = CARTESIAN_POINT('',(-23.2499996,44.1672957,-15.5));
#12015 = SURFACE_CURVE('',#12016,(#12021,#12032),.PCURVE_S1.);
#12016 = CIRCLE('',#12017,2.25);
#12017 = AXIS2_PLACEMENT_3D('',#12018,#12019,#12020);
#12018 = CARTESIAN_POINT('',(-25.4999996,44.1672957,-15.5));
#12019 = DIRECTION('',(0.,0.,-1.));
#12020 = DIRECTION('',(1.,0.,0.));
#12021 = PCURVE('',#11749,#12022);
#12022 = DEFINITIONAL_REPRESENTATION('',(#12023),#12031);
#12023 = ( BOUNDED_CURVE() B_SPLINE_CURVE(2,(#12024,#12025,#12026,#12027
    ,#12028,#12029,#12030),.UNSPECIFIED.,.T.,.F.) 
B_SPLINE_CURVE_WITH_KNOTS((1,2,2,2,2,1),(-2.094395102393,0.,
    2.094395102393,4.188790204786,6.28318530718,8.377580409573),
.UNSPECIFIED.) CURVE() GEOMETRIC_REPRESENTATION_ITEM() 
RATIONAL_B_SPLINE_CURVE((1.,0.5,1.,0.5,1.,0.5,1.)) REPRESENTATION_ITEM(
  '') );
#12024 = CARTESIAN_POINT('',(-23.2499996,44.1672957));
#12025 = CARTESIAN_POINT('',(-23.2499996,40.27018138297));
#12026 = CARTESIAN_POINT('',(-26.6249996,42.218738541485));
#12027 = CARTESIAN_POINT('',(-29.9999996,44.1672957));
#12028 = CARTESIAN_POINT('',(-26.6249996,46.115852858515));
#12029 = CARTESIAN_POINT('',(-23.2499996,48.06441001703));
#12030 = CARTESIAN_POINT('',(-23.2499996,44.1672957));
#12031 = ( GEOMETRIC_REPRESENTATION_CONTEXT(2) 
PARAMETRIC_REPRESENTATION_CONTEXT() REPRESENTATION_CONTEXT('2D SPACE',''
  ) );
#12032 = PCURVE('',#12033,#12038);
#12033 = CYLINDRICAL_SURFACE('',#12034,2.25);
#12034 = AXIS2_PLACEMENT_3D('',#12035,#12036,#12037);
#12035 = CARTESIAN_POINT('',(-25.4999996,44.1672957,-16.));
#12036 = DIRECTION('',(-0.,-0.,-1.));
#12037 = DIRECTION('',(1.,0.,0.));
#12038 = DEFINITIONAL_REPRESENTATION('',(#12039),#12043);
#12039 = LINE('',#12040,#12041);
#12040 = CARTESIAN_POINT('',(-6.28318530718,-0.5));
#12041 = VECTOR('',#12042,1.);
#12042 = DIRECTION('',(1.,-0.));
#12043 = ( GEOMETRIC_REPRESENTATION_CONTEXT(2) 
PARAMETRIC_REPRESENTATION_CONTEXT() REPRESENTATION_CONTEXT('2D SPACE',''
  ) );
#12044 = FACE_BOUND('',#12045,.F.);
#12045 = EDGE_LOOP('',(#12046));
#12046 = ORIENTED_EDGE('',*,*,#12047,.F.);
#12047 = EDGE_CURVE('',#12048,#12048,#12050,.T.);
#12048 = VERTEX_POINT('',#12049);
#12049 = CARTESIAN_POINT('',(45.,1.195571954346E-15,-15.5));
#12050 = SURFACE_CURVE('',#12051,(#12056,#12063),.PCURVE_S1.);
#12051 = CIRCLE('',#12052,45.);
#12052 = AXIS2_PLACEMENT_3D('',#12053,#12054,#12055);
#12053 = CARTESIAN_POINT('',(2.635918275226E-13,1.195571954346E-15,-15.5
    ));
#12054 = DIRECTION('',(0.,0.,1.));
#12055 = DIRECTION('',(1.,0.,0.));
#12056 = PCURVE('',#11749,#12057);
#12057 = DEFINITIONAL_REPRESENTATION('',(#12058),#12062);
#12058 = CIRCLE('',#12059,45.);
#12059 = AXIS2_PLACEMENT_2D('',#12060,#12061);
#12060 = CARTESIAN_POINT('',(2.667174049684E-13,-2.769575578854E-15));
#12061 = DIRECTION('',(1.,0.));
#12062 = ( GEOMETRIC_REPRESENTATION_CONTEXT(2) 
PARAMETRIC_REPRESENTATION_CONTEXT() REPRESENTATION_CONTEXT('2D SPACE',''
  ) );
#12063 = PCURVE('',#12064,#12069);
#12064 = CYLINDRICAL_SURFACE('',#12065,45.);
#12065 = AXIS2_PLACEMENT_3D('',#12066,#12067,#12068);
#12066 = CARTESIAN_POINT('',(2.635918275226E-13,1.195571954346E-15,-15.5
    ));
#12067 = DIRECTION('',(-0.,-0.,-1.));
#12068 = DIRECTION('',(1.,0.,0.));
#12069 = DEFINITIONAL_REPRESENTATION('',(#12070),#12074);
#12070 = LINE('',#12071,#12072);
#12071 = CARTESIAN_POINT('',(-0.,0.));
#12072 = VECTOR('',#12073,1.);
#12073 = DIRECTION('',(-1.,0.));
#12074 = ( GEOMETRIC_REPRESENTATION_CONTEXT(2) 
PARAMETRIC_REPRESENTATION_CONTEXT() REPRESENTATION_CONTEXT('2D SPACE',''
  ) );
#12075 = FACE_BOUND('',#12076,.F.);
#12076 = EDGE_LOOP('',(#12077));
#12077 = ORIENTED_EDGE('',*,*,#12078,.T.);
#12078 = EDGE_CURVE('',#12079,#12079,#12081,.T.);
#12079 = VERTEX_POINT('',#12080);
#12080 = CARTESIAN_POINT('',(54.8,0.,-15.5));
#12081 = SURFACE_CURVE('',#12082,(#12087,#12098),.PCURVE_S1.);
#12082 = CIRCLE('',#12083,3.8);
#12083 = AXIS2_PLACEMENT_3D('',#12084,#12085,#12086);
#12084 = CARTESIAN_POINT('',(51.,0.,-15.5));
#12085 = DIRECTION('',(0.,0.,-1.));
#12086 = DIRECTION('',(1.,0.,0.));
#12087 = PCURVE('',#11749,#12088);
#12088 = DEFINITIONAL_REPRESENTATION('',(#12089),#12097);
#12089 = ( BOUNDED_CURVE() B_SPLINE_CURVE(2,(#12090,#12091,#12092,#12093
    ,#12094,#12095,#12096),.UNSPECIFIED.,.T.,.F.) 
B_SPLINE_CURVE_WITH_KNOTS((1,2,2,2,2,1),(-2.094395102393,0.,
    2.094395102393,4.188790204786,6.28318530718,8.377580409573),
.UNSPECIFIED.) CURVE() GEOMETRIC_REPRESENTATION_ITEM() 
RATIONAL_B_SPLINE_CURVE((1.,0.5,1.,0.5,1.,0.5,1.)) REPRESENTATION_ITEM(
  '') );
#12090 = CARTESIAN_POINT('',(54.8,-3.9651475332E-15));
#12091 = CARTESIAN_POINT('',(54.8,-6.581793068762));
#12092 = CARTESIAN_POINT('',(49.1,-3.290896534381));
#12093 = CARTESIAN_POINT('',(43.4,-4.895879100552E-15));
#12094 = CARTESIAN_POINT('',(49.1,3.290896534381));
#12095 = CARTESIAN_POINT('',(54.8,6.581793068762));
#12096 = CARTESIAN_POINT('',(54.8,-3.9651475332E-15));
#12097 = ( GEOMETRIC_REPRESENTATION_CONTEXT(2) 
PARAMETRIC_REPRESENTATION_CONTEXT() REPRESENTATION_CONTEXT('2D SPACE',''
  ) );
#12098 = PCURVE('',#12099,#12104);
#12099 = CYLINDRICAL_SURFACE('',#12100,3.8);
#12100 = AXIS2_PLACEMENT_3D('',#12101,#12102,#12103);
#12101 = CARTESIAN_POINT('',(51.,0.,-16.));
#12102 = DIRECTION('',(-0.,-0.,-1.));
#12103 = DIRECTION('',(1.,0.,0.));
#12104 = DEFINITIONAL_REPRESENTATION('',(#12105),#12109);
#12105 = LINE('',#12106,#12107);
#12106 = CARTESIAN_POINT('',(-6.28318530718,-0.5));
#12107 = VECTOR('',#12108,1.);
#12108 = DIRECTION('',(1.,-0.));
#12109 = ( GEOMETRIC_REPRESENTATION_CONTEXT(2) 
PARAMETRIC_REPRESENTATION_CONTEXT() REPRESENTATION_CONTEXT('2D SPACE',''
  ) );
#12110 = FACE_BOUND('',#12111,.F.);
#12111 = EDGE_LOOP('',(#12112));
#12112 = ORIENTED_EDGE('',*,*,#12113,.T.);
#12113 = EDGE_CURVE('',#12114,#12114,#12116,.T.);
#12114 = VERTEX_POINT('',#12115);
#12115 = CARTESIAN_POINT('',(46.4172958,25.4999996,-15.5));
#12116 = SURFACE_CURVE('',#12117,(#12122,#12133),.PCURVE_S1.);
#12117 = CIRCLE('',#12118,2.25);
#12118 = AXIS2_PLACEMENT_3D('',#12119,#12120,#12121);
#12119 = CARTESIAN_POINT('',(44.1672958,25.4999996,-15.5));
#12120 = DIRECTION('',(0.,0.,-1.));
#12121 = DIRECTION('',(1.,0.,0.));
#12122 = PCURVE('',#11749,#12123);
#12123 = DEFINITIONAL_REPRESENTATION('',(#12124),#12132);
#12124 = ( BOUNDED_CURVE() B_SPLINE_CURVE(2,(#12125,#12126,#12127,#12128
    ,#12129,#12130,#12131),.UNSPECIFIED.,.T.,.F.) 
B_SPLINE_CURVE_WITH_KNOTS((1,2,2,2,2,1),(-2.094395102393,0.,
    2.094395102393,4.188790204786,6.28318530718,8.377580409573),
.UNSPECIFIED.) CURVE() GEOMETRIC_REPRESENTATION_ITEM() 
RATIONAL_B_SPLINE_CURVE((1.,0.5,1.,0.5,1.,0.5,1.)) REPRESENTATION_ITEM(
  '') );
#12125 = CARTESIAN_POINT('',(46.4172958,25.4999996));
#12126 = CARTESIAN_POINT('',(46.4172958,21.60288528297));
#12127 = CARTESIAN_POINT('',(43.0422958,23.551442441485));
#12128 = CARTESIAN_POINT('',(39.6672958,25.4999996));
#12129 = CARTESIAN_POINT('',(43.0422958,27.448556758515));
#12130 = CARTESIAN_POINT('',(46.4172958,29.39711391703));
#12131 = CARTESIAN_POINT('',(46.4172958,25.4999996));
#12132 = ( GEOMETRIC_REPRESENTATION_CONTEXT(2) 
PARAMETRIC_REPRESENTATION_CONTEXT() REPRESENTATION_CONTEXT('2D SPACE',''
  ) );
#12133 = PCURVE('',#12134,#12139);
#12134 = CYLINDRICAL_SURFACE('',#12135,2.25);
#12135 = AXIS2_PLACEMENT_3D('',#12136,#12137,#12138);
#12136 = CARTESIAN_POINT('',(44.1672958,25.4999996,-16.));
#12137 = DIRECTION('',(-0.,-0.,-1.));
#12138 = DIRECTION('',(1.,0.,0.));
#12139 = DEFINITIONAL_REPRESENTATION('',(#12140),#12144);
#12140 = LINE('',#12141,#12142);
#12141 = CARTESIAN_POINT('',(-6.28318530718,-0.5));
#12142 = VECTOR('',#12143,1.);
#12143 = DIRECTION('',(1.,-0.));
#12144 = ( GEOMETRIC_REPRESENTATION_CONTEXT(2) 
PARAMETRIC_REPRESENTATION_CONTEXT() REPRESENTATION_CONTEXT('2D SPACE',''
  ) );
#12145 = FACE_BOUND('',#12146,.F.);
#12146 = EDGE_LOOP('',(#12147));
#12147 = ORIENTED_EDGE('',*,*,#12148,.T.);
#12148 = EDGE_CURVE('',#12149,#12149,#12151,.T.);
#12149 = VERTEX_POINT('',#12150);
#12150 = CARTESIAN_POINT('',(3.8,51.,-15.5));
#12151 = SURFACE_CURVE('',#12152,(#12157,#12168),.PCURVE_S1.);
#12152 = CIRCLE('',#12153,3.8);
#12153 = AXIS2_PLACEMENT_3D('',#12154,#12155,#12156);
#12154 = CARTESIAN_POINT('',(0.,51.,-15.5));
#12155 = DIRECTION('',(0.,0.,-1.));
#12156 = DIRECTION('',(1.,0.,0.));
#12157 = PCURVE('',#11749,#12158);
#12158 = DEFINITIONAL_REPRESENTATION('',(#12159),#12167);
#12159 = ( BOUNDED_CURVE() B_SPLINE_CURVE(2,(#12160,#12161,#12162,#12163
    ,#12164,#12165,#12166),.UNSPECIFIED.,.T.,.F.) 
B_SPLINE_CURVE_WITH_KNOTS((1,2,2,2,2,1),(-2.094395102393,0.,
    2.094395102393,4.188790204786,6.28318530718,8.377580409573),
.UNSPECIFIED.) CURVE() GEOMETRIC_REPRESENTATION_ITEM() 
RATIONAL_B_SPLINE_CURVE((1.,0.5,1.,0.5,1.,0.5,1.)) REPRESENTATION_ITEM(
  '') );
#12160 = CARTESIAN_POINT('',(3.8,51.));
#12161 = CARTESIAN_POINT('',(3.8,44.418206931238));
#12162 = CARTESIAN_POINT('',(-1.9,47.709103465619));
#12163 = CARTESIAN_POINT('',(-7.6,51.));
#12164 = CARTESIAN_POINT('',(-1.9,54.290896534381));
#12165 = CARTESIAN_POINT('',(3.8,57.581793068762));
#12166 = CARTESIAN_POINT('',(3.8,51.));
#12167 = ( GEOMETRIC_REPRESENTATION_CONTEXT(2) 
PARAMETRIC_REPRESENTATION_CONTEXT() REPRESENTATION_CONTEXT('2D SPACE',''
  ) );
#12168 = PCURVE('',#12169,#12174);
#12169 = CYLINDRICAL_SURFACE('',#12170,3.8);
#12170 = AXIS2_PLACEMENT_3D('',#12171,#12172,#12173);
#12171 = CARTESIAN_POINT('',(0.,51.,-16.));
#12172 = DIRECTION('',(-0.,-0.,-1.));
#12173 = DIRECTION('',(1.,0.,0.));
#12174 = DEFINITIONAL_REPRESENTATION('',(#12175),#12179);
#12175 = LINE('',#12176,#12177);
#12176 = CARTESIAN_POINT('',(-6.28318530718,-0.5));
#12177 = VECTOR('',#12178,1.);
#12178 = DIRECTION('',(1.,-0.));
#12179 = ( GEOMETRIC_REPRESENTATION_CONTEXT(2) 
PARAMETRIC_REPRESENTATION_CONTEXT() REPRESENTATION_CONTEXT('2D SPACE',''
  ) );
#12180 = FACE_BOUND('',#12181,.F.);
#12181 = EDGE_LOOP('',(#12182));
#12182 = ORIENTED_EDGE('',*,*,#12183,.T.);
#12183 = EDGE_CURVE('',#12184,#12184,#12186,.T.);
#12184 = VERTEX_POINT('',#12185);
#12185 = CARTESIAN_POINT('',(27.7500004,44.1672954,-15.5));
#12186 = SURFACE_CURVE('',#12187,(#12192,#12203),.PCURVE_S1.);
#12187 = CIRCLE('',#12188,2.25);
#12188 = AXIS2_PLACEMENT_3D('',#12189,#12190,#12191);
#12189 = CARTESIAN_POINT('',(25.5000004,44.1672954,-15.5));
#12190 = DIRECTION('',(0.,0.,-1.));
#12191 = DIRECTION('',(1.,0.,0.));
#12192 = PCURVE('',#11749,#12193);
#12193 = DEFINITIONAL_REPRESENTATION('',(#12194),#12202);
#12194 = ( BOUNDED_CURVE() B_SPLINE_CURVE(2,(#12195,#12196,#12197,#12198
    ,#12199,#12200,#12201),.UNSPECIFIED.,.T.,.F.) 
B_SPLINE_CURVE_WITH_KNOTS((1,2,2,2,2,1),(-2.094395102393,0.,
    2.094395102393,4.188790204786,6.28318530718,8.377580409573),
.UNSPECIFIED.) CURVE() GEOMETRIC_REPRESENTATION_ITEM() 
RATIONAL_B_SPLINE_CURVE((1.,0.5,1.,0.5,1.,0.5,1.)) REPRESENTATION_ITEM(
  '') );
#12195 = CARTESIAN_POINT('',(27.7500004,44.1672954));
#12196 = CARTESIAN_POINT('',(27.7500004,40.27018108297));
#12197 = CARTESIAN_POINT('',(24.3750004,42.218738241485));
#12198 = CARTESIAN_POINT('',(21.0000004,44.1672954));
#12199 = CARTESIAN_POINT('',(24.3750004,46.115852558515));
#12200 = CARTESIAN_POINT('',(27.7500004,48.06440971703));
#12201 = CARTESIAN_POINT('',(27.7500004,44.1672954));
#12202 = ( GEOMETRIC_REPRESENTATION_CONTEXT(2) 
PARAMETRIC_REPRESENTATION_CONTEXT() REPRESENTATION_CONTEXT('2D SPACE',''
  ) );
#12203 = PCURVE('',#12204,#12209);
#12204 = CYLINDRICAL_SURFACE('',#12205,2.25);
#12205 = AXIS2_PLACEMENT_3D('',#12206,#12207,#12208);
#12206 = CARTESIAN_POINT('',(25.5000004,44.1672954,-16.));
#12207 = DIRECTION('',(-0.,-0.,-1.));
#12208 = DIRECTION('',(1.,0.,0.));
#12209 = DEFINITIONAL_REPRESENTATION('',(#12210),#12214);
#12210 = LINE('',#12211,#12212);
#12211 = CARTESIAN_POINT('',(-6.28318530718,-0.5));
#12212 = VECTOR('',#12213,1.);
#12213 = DIRECTION('',(1.,-0.));
#12214 = ( GEOMETRIC_REPRESENTATION_CONTEXT(2) 
PARAMETRIC_REPRESENTATION_CONTEXT() REPRESENTATION_CONTEXT('2D SPACE',''
  ) );
#12215 = ADVANCED_FACE('',(#12216,#12219,#12249,#12279,#12309,#12339,
    #12369,#12399,#12429,#12459,#12485,#12515,#12545,#12575),#11721,.T.
  );
#12216 = FACE_BOUND('',#12217,.T.);
#12217 = EDGE_LOOP('',(#12218));
#12218 = ORIENTED_EDGE('',*,*,#11706,.T.);
#12219 = FACE_BOUND('',#12220,.T.);
#12220 = EDGE_LOOP('',(#12221));
#12221 = ORIENTED_EDGE('',*,*,#12222,.T.);
#12222 = EDGE_CURVE('',#12223,#12223,#12225,.T.);
#12223 = VERTEX_POINT('',#12224);
#12224 = CARTESIAN_POINT('',(-23.2500003,-44.1672955,-11.5));
#12225 = SURFACE_CURVE('',#12226,(#12231,#12242),.PCURVE_S1.);
#12226 = CIRCLE('',#12227,2.25);
#12227 = AXIS2_PLACEMENT_3D('',#12228,#12229,#12230);
#12228 = CARTESIAN_POINT('',(-25.5000003,-44.1672955,-11.5));
#12229 = DIRECTION('',(0.,0.,-1.));
#12230 = DIRECTION('',(1.,0.,0.));
#12231 = PCURVE('',#11721,#12232);
#12232 = DEFINITIONAL_REPRESENTATION('',(#12233),#12241);
#12233 = ( BOUNDED_CURVE() B_SPLINE_CURVE(2,(#12234,#12235,#12236,#12237
    ,#12238,#12239,#12240),.UNSPECIFIED.,.T.,.F.) 
B_SPLINE_CURVE_WITH_KNOTS((1,2,2,2,2,1),(-2.094395102393,0.,
    2.094395102393,4.188790204786,6.28318530718,8.377580409573),
.UNSPECIFIED.) CURVE() GEOMETRIC_REPRESENTATION_ITEM() 
RATIONAL_B_SPLINE_CURVE((1.,0.5,1.,0.5,1.,0.5,1.)) REPRESENTATION_ITEM(
  '') );
#12234 = CARTESIAN_POINT('',(-23.2500003,-44.1672955));
#12235 = CARTESIAN_POINT('',(-23.2500003,-48.06440981703));
#12236 = CARTESIAN_POINT('',(-26.6250003,-46.11585265851));
#12237 = CARTESIAN_POINT('',(-30.0000003,-44.1672955));
#12238 = CARTESIAN_POINT('',(-26.6250003,-42.21873834148));
#12239 = CARTESIAN_POINT('',(-23.2500003,-40.27018118297));
#12240 = CARTESIAN_POINT('',(-23.2500003,-44.1672955));
#12241 = ( GEOMETRIC_REPRESENTATION_CONTEXT(2) 
PARAMETRIC_REPRESENTATION_CONTEXT() REPRESENTATION_CONTEXT('2D SPACE',''
  ) );
#12242 = PCURVE('',#11788,#12243);
#12243 = DEFINITIONAL_REPRESENTATION('',(#12244),#12248);
#12244 = LINE('',#12245,#12246);
#12245 = CARTESIAN_POINT('',(-6.28318530718,-4.5));
#12246 = VECTOR('',#12247,1.);
#12247 = DIRECTION('',(1.,-0.));
#12248 = ( GEOMETRIC_REPRESENTATION_CONTEXT(2) 
PARAMETRIC_REPRESENTATION_CONTEXT() REPRESENTATION_CONTEXT('2D SPACE',''
  ) );
#12249 = FACE_BOUND('',#12250,.T.);
#12250 = EDGE_LOOP('',(#12251));
#12251 = ORIENTED_EDGE('',*,*,#12252,.T.);
#12252 = EDGE_CURVE('',#12253,#12253,#12255,.T.);
#12253 = VERTEX_POINT('',#12254);
#12254 = CARTESIAN_POINT('',(-41.9172957,-25.4999997,-11.5));
#12255 = SURFACE_CURVE('',#12256,(#12261,#12272),.PCURVE_S1.);
#12256 = CIRCLE('',#12257,2.25);
#12257 = AXIS2_PLACEMENT_3D('',#12258,#12259,#12260);
#12258 = CARTESIAN_POINT('',(-44.1672957,-25.4999997,-11.5));
#12259 = DIRECTION('',(0.,0.,-1.));
#12260 = DIRECTION('',(1.,0.,0.));
#12261 = PCURVE('',#11721,#12262);
#12262 = DEFINITIONAL_REPRESENTATION('',(#12263),#12271);
#12263 = ( BOUNDED_CURVE() B_SPLINE_CURVE(2,(#12264,#12265,#12266,#12267
    ,#12268,#12269,#12270),.UNSPECIFIED.,.T.,.F.) 
B_SPLINE_CURVE_WITH_KNOTS((1,2,2,2,2,1),(-2.094395102393,0.,
    2.094395102393,4.188790204786,6.28318530718,8.377580409573),
.UNSPECIFIED.) CURVE() GEOMETRIC_REPRESENTATION_ITEM() 
RATIONAL_B_SPLINE_CURVE((1.,0.5,1.,0.5,1.,0.5,1.)) REPRESENTATION_ITEM(
  '') );
#12264 = CARTESIAN_POINT('',(-41.9172957,-25.4999997));
#12265 = CARTESIAN_POINT('',(-41.9172957,-29.39711401703));
#12266 = CARTESIAN_POINT('',(-45.2922957,-27.44855685851));
#12267 = CARTESIAN_POINT('',(-48.6672957,-25.4999997));
#12268 = CARTESIAN_POINT('',(-45.2922957,-23.55144254148));
#12269 = CARTESIAN_POINT('',(-41.9172957,-21.60288538297));
#12270 = CARTESIAN_POINT('',(-41.9172957,-25.4999997));
#12271 = ( GEOMETRIC_REPRESENTATION_CONTEXT(2) 
PARAMETRIC_REPRESENTATION_CONTEXT() REPRESENTATION_CONTEXT('2D SPACE',''
  ) );
#12272 = PCURVE('',#11823,#12273);
#12273 = DEFINITIONAL_REPRESENTATION('',(#12274),#12278);
#12274 = LINE('',#12275,#12276);
#12275 = CARTESIAN_POINT('',(-6.28318530718,-4.5));
#12276 = VECTOR('',#12277,1.);
#12277 = DIRECTION('',(1.,-0.));
#12278 = ( GEOMETRIC_REPRESENTATION_CONTEXT(2) 
PARAMETRIC_REPRESENTATION_CONTEXT() REPRESENTATION_CONTEXT('2D SPACE',''
  ) );
#12279 = FACE_BOUND('',#12280,.T.);
#12280 = EDGE_LOOP('',(#12281));
#12281 = ORIENTED_EDGE('',*,*,#12282,.T.);
#12282 = EDGE_CURVE('',#12283,#12283,#12285,.T.);
#12283 = VERTEX_POINT('',#12284);
#12284 = CARTESIAN_POINT('',(3.8,-51.,-11.5));
#12285 = SURFACE_CURVE('',#12286,(#12291,#12302),.PCURVE_S1.);
#12286 = CIRCLE('',#12287,3.8);
#12287 = AXIS2_PLACEMENT_3D('',#12288,#12289,#12290);
#12288 = CARTESIAN_POINT('',(0.,-51.,-11.5));
#12289 = DIRECTION('',(0.,0.,-1.));
#12290 = DIRECTION('',(1.,0.,0.));
#12291 = PCURVE('',#11721,#12292);
#12292 = DEFINITIONAL_REPRESENTATION('',(#12293),#12301);
#12293 = ( BOUNDED_CURVE() B_SPLINE_CURVE(2,(#12294,#12295,#12296,#12297
    ,#12298,#12299,#12300),.UNSPECIFIED.,.T.,.F.) 
B_SPLINE_CURVE_WITH_KNOTS((1,2,2,2,2,1),(-2.094395102393,0.,
    2.094395102393,4.188790204786,6.28318530718,8.377580409573),
.UNSPECIFIED.) CURVE() GEOMETRIC_REPRESENTATION_ITEM() 
RATIONAL_B_SPLINE_CURVE((1.,0.5,1.,0.5,1.,0.5,1.)) REPRESENTATION_ITEM(
  '') );
#12294 = CARTESIAN_POINT('',(3.8,-51.));
#12295 = CARTESIAN_POINT('',(3.8,-57.58179306876));
#12296 = CARTESIAN_POINT('',(-1.9,-54.29089653438));
#12297 = CARTESIAN_POINT('',(-7.6,-51.));
#12298 = CARTESIAN_POINT('',(-1.9,-47.70910346561));
#12299 = CARTESIAN_POINT('',(3.8,-44.41820693123));
#12300 = CARTESIAN_POINT('',(3.8,-51.));
#12301 = ( GEOMETRIC_REPRESENTATION_CONTEXT(2) 
PARAMETRIC_REPRESENTATION_CONTEXT() REPRESENTATION_CONTEXT('2D SPACE',''
  ) );
#12302 = PCURVE('',#11858,#12303);
#12303 = DEFINITIONAL_REPRESENTATION('',(#12304),#12308);
#12304 = LINE('',#12305,#12306);
#12305 = CARTESIAN_POINT('',(-6.28318530718,-4.5));
#12306 = VECTOR('',#12307,1.);
#12307 = DIRECTION('',(1.,-0.));
#12308 = ( GEOMETRIC_REPRESENTATION_CONTEXT(2) 
PARAMETRIC_REPRESENTATION_CONTEXT() REPRESENTATION_CONTEXT('2D SPACE',''
  ) );
#12309 = FACE_BOUND('',#12310,.T.);
#12310 = EDGE_LOOP('',(#12311));
#12311 = ORIENTED_EDGE('',*,*,#12312,.T.);
#12312 = EDGE_CURVE('',#12313,#12313,#12315,.T.);
#12313 = VERTEX_POINT('',#12314);
#12314 = CARTESIAN_POINT('',(27.7499997,-44.1672958,-11.5));
#12315 = SURFACE_CURVE('',#12316,(#12321,#12332),.PCURVE_S1.);
#12316 = CIRCLE('',#12317,2.25);
#12317 = AXIS2_PLACEMENT_3D('',#12318,#12319,#12320);
#12318 = CARTESIAN_POINT('',(25.4999997,-44.1672958,-11.5));
#12319 = DIRECTION('',(0.,0.,-1.));
#12320 = DIRECTION('',(1.,0.,0.));
#12321 = PCURVE('',#11721,#12322);
#12322 = DEFINITIONAL_REPRESENTATION('',(#12323),#12331);
#12323 = ( BOUNDED_CURVE() B_SPLINE_CURVE(2,(#12324,#12325,#12326,#12327
    ,#12328,#12329,#12330),.UNSPECIFIED.,.T.,.F.) 
B_SPLINE_CURVE_WITH_KNOTS((1,2,2,2,2,1),(-2.094395102393,0.,
    2.094395102393,4.188790204786,6.28318530718,8.377580409573),
.UNSPECIFIED.) CURVE() GEOMETRIC_REPRESENTATION_ITEM() 
RATIONAL_B_SPLINE_CURVE((1.,0.5,1.,0.5,1.,0.5,1.)) REPRESENTATION_ITEM(
  '') );
#12324 = CARTESIAN_POINT('',(27.7499997,-44.1672958));
#12325 = CARTESIAN_POINT('',(27.7499997,-48.06441011703));
#12326 = CARTESIAN_POINT('',(24.3749997,-46.11585295851));
#12327 = CARTESIAN_POINT('',(20.9999997,-44.1672958));
#12328 = CARTESIAN_POINT('',(24.3749997,-42.21873864148));
#12329 = CARTESIAN_POINT('',(27.7499997,-40.27018148297));
#12330 = CARTESIAN_POINT('',(27.7499997,-44.1672958));
#12331 = ( GEOMETRIC_REPRESENTATION_CONTEXT(2) 
PARAMETRIC_REPRESENTATION_CONTEXT() REPRESENTATION_CONTEXT('2D SPACE',''
  ) );
#12332 = PCURVE('',#11893,#12333);
#12333 = DEFINITIONAL_REPRESENTATION('',(#12334),#12338);
#12334 = LINE('',#12335,#12336);
#12335 = CARTESIAN_POINT('',(-6.28318530718,-4.5));
#12336 = VECTOR('',#12337,1.);
#12337 = DIRECTION('',(1.,-0.));
#12338 = ( GEOMETRIC_REPRESENTATION_CONTEXT(2) 
PARAMETRIC_REPRESENTATION_CONTEXT() REPRESENTATION_CONTEXT('2D SPACE',''
  ) );
#12339 = FACE_BOUND('',#12340,.T.);
#12340 = EDGE_LOOP('',(#12341));
#12341 = ORIENTED_EDGE('',*,*,#12342,.T.);
#12342 = EDGE_CURVE('',#12343,#12343,#12345,.T.);
#12343 = VERTEX_POINT('',#12344);
#12344 = CARTESIAN_POINT('',(46.4172955,-25.5000004,-11.5));
#12345 = SURFACE_CURVE('',#12346,(#12351,#12362),.PCURVE_S1.);
#12346 = CIRCLE('',#12347,2.25);
#12347 = AXIS2_PLACEMENT_3D('',#12348,#12349,#12350);
#12348 = CARTESIAN_POINT('',(44.1672955,-25.5000004,-11.5));
#12349 = DIRECTION('',(0.,0.,-1.));
#12350 = DIRECTION('',(1.,0.,0.));
#12351 = PCURVE('',#11721,#12352);
#12352 = DEFINITIONAL_REPRESENTATION('',(#12353),#12361);
#12353 = ( BOUNDED_CURVE() B_SPLINE_CURVE(2,(#12354,#12355,#12356,#12357
    ,#12358,#12359,#12360),.UNSPECIFIED.,.T.,.F.) 
B_SPLINE_CURVE_WITH_KNOTS((1,2,2,2,2,1),(-2.094395102393,0.,
    2.094395102393,4.188790204786,6.28318530718,8.377580409573),
.UNSPECIFIED.) CURVE() GEOMETRIC_REPRESENTATION_ITEM() 
RATIONAL_B_SPLINE_CURVE((1.,0.5,1.,0.5,1.,0.5,1.)) REPRESENTATION_ITEM(
  '') );
#12354 = CARTESIAN_POINT('',(46.4172955,-25.5000004));
#12355 = CARTESIAN_POINT('',(46.4172955,-29.39711471703));
#12356 = CARTESIAN_POINT('',(43.0422955,-27.44855755851));
#12357 = CARTESIAN_POINT('',(39.6672955,-25.5000004));
#12358 = CARTESIAN_POINT('',(43.0422955,-23.55144324148));
#12359 = CARTESIAN_POINT('',(46.4172955,-21.60288608297));
#12360 = CARTESIAN_POINT('',(46.4172955,-25.5000004));
#12361 = ( GEOMETRIC_REPRESENTATION_CONTEXT(2) 
PARAMETRIC_REPRESENTATION_CONTEXT() REPRESENTATION_CONTEXT('2D SPACE',''
  ) );
#12362 = PCURVE('',#11928,#12363);
#12363 = DEFINITIONAL_REPRESENTATION('',(#12364),#12368);
#12364 = LINE('',#12365,#12366);
#12365 = CARTESIAN_POINT('',(-6.28318530718,-4.5));
#12366 = VECTOR('',#12367,1.);
#12367 = DIRECTION('',(1.,-0.));
#12368 = ( GEOMETRIC_REPRESENTATION_CONTEXT(2) 
PARAMETRIC_REPRESENTATION_CONTEXT() REPRESENTATION_CONTEXT('2D SPACE',''
  ) );
#12369 = FACE_BOUND('',#12370,.T.);
#12370 = EDGE_LOOP('',(#12371));
#12371 = ORIENTED_EDGE('',*,*,#12372,.T.);
#12372 = EDGE_CURVE('',#12373,#12373,#12375,.T.);
#12373 = VERTEX_POINT('',#12374);
#12374 = CARTESIAN_POINT('',(-47.2,0.,-11.5));
#12375 = SURFACE_CURVE('',#12376,(#12381,#12392),.PCURVE_S1.);
#12376 = CIRCLE('',#12377,3.8);
#12377 = AXIS2_PLACEMENT_3D('',#12378,#12379,#12380);
#12378 = CARTESIAN_POINT('',(-51.,0.,-11.5));
#12379 = DIRECTION('',(0.,0.,-1.));
#12380 = DIRECTION('',(1.,0.,0.));
#12381 = PCURVE('',#11721,#12382);
#12382 = DEFINITIONAL_REPRESENTATION('',(#12383),#12391);
#12383 = ( BOUNDED_CURVE() B_SPLINE_CURVE(2,(#12384,#12385,#12386,#12387
    ,#12388,#12389,#12390),.UNSPECIFIED.,.T.,.F.) 
B_SPLINE_CURVE_WITH_KNOTS((1,2,2,2,2,1),(-2.094395102393,0.,
    2.094395102393,4.188790204786,6.28318530718,8.377580409573),
.UNSPECIFIED.) CURVE() GEOMETRIC_REPRESENTATION_ITEM() 
RATIONAL_B_SPLINE_CURVE((1.,0.5,1.,0.5,1.,0.5,1.)) REPRESENTATION_ITEM(
  '') );
#12384 = CARTESIAN_POINT('',(-47.2,-3.9651475332E-15));
#12385 = CARTESIAN_POINT('',(-47.2,-6.581793068762));
#12386 = CARTESIAN_POINT('',(-52.9,-3.290896534381));
#12387 = CARTESIAN_POINT('',(-58.6,-4.895879100552E-15));
#12388 = CARTESIAN_POINT('',(-52.9,3.290896534381));
#12389 = CARTESIAN_POINT('',(-47.2,6.581793068762));
#12390 = CARTESIAN_POINT('',(-47.2,-3.9651475332E-15));
#12391 = ( GEOMETRIC_REPRESENTATION_CONTEXT(2) 
PARAMETRIC_REPRESENTATION_CONTEXT() REPRESENTATION_CONTEXT('2D SPACE',''
  ) );
#12392 = PCURVE('',#11963,#12393);
#12393 = DEFINITIONAL_REPRESENTATION('',(#12394),#12398);
#12394 = LINE('',#12395,#12396);
#12395 = CARTESIAN_POINT('',(-6.28318530718,-4.5));
#12396 = VECTOR('',#12397,1.);
#12397 = DIRECTION('',(1.,-0.));
#12398 = ( GEOMETRIC_REPRESENTATION_CONTEXT(2) 
PARAMETRIC_REPRESENTATION_CONTEXT() REPRESENTATION_CONTEXT('2D SPACE',''
  ) );
#12399 = FACE_BOUND('',#12400,.T.);
#12400 = EDGE_LOOP('',(#12401));
#12401 = ORIENTED_EDGE('',*,*,#12402,.T.);
#12402 = EDGE_CURVE('',#12403,#12403,#12405,.T.);
#12403 = VERTEX_POINT('',#12404);
#12404 = CARTESIAN_POINT('',(-41.9172954,25.5000003,-11.5));
#12405 = SURFACE_CURVE('',#12406,(#12411,#12422),.PCURVE_S1.);
#12406 = CIRCLE('',#12407,2.25);
#12407 = AXIS2_PLACEMENT_3D('',#12408,#12409,#12410);
#12408 = CARTESIAN_POINT('',(-44.1672954,25.5000003,-11.5));
#12409 = DIRECTION('',(0.,0.,-1.));
#12410 = DIRECTION('',(1.,0.,0.));
#12411 = PCURVE('',#11721,#12412);
#12412 = DEFINITIONAL_REPRESENTATION('',(#12413),#12421);
#12413 = ( BOUNDED_CURVE() B_SPLINE_CURVE(2,(#12414,#12415,#12416,#12417
    ,#12418,#12419,#12420),.UNSPECIFIED.,.T.,.F.) 
B_SPLINE_CURVE_WITH_KNOTS((1,2,2,2,2,1),(-2.094395102393,0.,
    2.094395102393,4.188790204786,6.28318530718,8.377580409573),
.UNSPECIFIED.) CURVE() GEOMETRIC_REPRESENTATION_ITEM() 
RATIONAL_B_SPLINE_CURVE((1.,0.5,1.,0.5,1.,0.5,1.)) REPRESENTATION_ITEM(
  '') );
#12414 = CARTESIAN_POINT('',(-41.9172954,25.5000003));
#12415 = CARTESIAN_POINT('',(-41.9172954,21.60288598297));
#12416 = CARTESIAN_POINT('',(-45.2922954,23.551443141485));
#12417 = CARTESIAN_POINT('',(-48.6672954,25.5000003));
#12418 = CARTESIAN_POINT('',(-45.2922954,27.448557458515));
#12419 = CARTESIAN_POINT('',(-41.9172954,29.39711461703));
#12420 = CARTESIAN_POINT('',(-41.9172954,25.5000003));
#12421 = ( GEOMETRIC_REPRESENTATION_CONTEXT(2) 
PARAMETRIC_REPRESENTATION_CONTEXT() REPRESENTATION_CONTEXT('2D SPACE',''
  ) );
#12422 = PCURVE('',#11998,#12423);
#12423 = DEFINITIONAL_REPRESENTATION('',(#12424),#12428);
#12424 = LINE('',#12425,#12426);
#12425 = CARTESIAN_POINT('',(-6.28318530718,-4.5));
#12426 = VECTOR('',#12427,1.);
#12427 = DIRECTION('',(1.,-0.));
#12428 = ( GEOMETRIC_REPRESENTATION_CONTEXT(2) 
PARAMETRIC_REPRESENTATION_CONTEXT() REPRESENTATION_CONTEXT('2D SPACE',''
  ) );
#12429 = FACE_BOUND('',#12430,.T.);
#12430 = EDGE_LOOP('',(#12431));
#12431 = ORIENTED_EDGE('',*,*,#12432,.T.);
#12432 = EDGE_CURVE('',#12433,#12433,#12435,.T.);
#12433 = VERTEX_POINT('',#12434);
#12434 = CARTESIAN_POINT('',(-23.2499996,44.1672957,-11.5));
#12435 = SURFACE_CURVE('',#12436,(#12441,#12452),.PCURVE_S1.);
#12436 = CIRCLE('',#12437,2.25);
#12437 = AXIS2_PLACEMENT_3D('',#12438,#12439,#12440);
#12438 = CARTESIAN_POINT('',(-25.4999996,44.1672957,-11.5));
#12439 = DIRECTION('',(0.,0.,-1.));
#12440 = DIRECTION('',(1.,0.,0.));
#12441 = PCURVE('',#11721,#12442);
#12442 = DEFINITIONAL_REPRESENTATION('',(#12443),#12451);
#12443 = ( BOUNDED_CURVE() B_SPLINE_CURVE(2,(#12444,#12445,#12446,#12447
    ,#12448,#12449,#12450),.UNSPECIFIED.,.T.,.F.) 
B_SPLINE_CURVE_WITH_KNOTS((1,2,2,2,2,1),(-2.094395102393,0.,
    2.094395102393,4.188790204786,6.28318530718,8.377580409573),
.UNSPECIFIED.) CURVE() GEOMETRIC_REPRESENTATION_ITEM() 
RATIONAL_B_SPLINE_CURVE((1.,0.5,1.,0.5,1.,0.5,1.)) REPRESENTATION_ITEM(
  '') );
#12444 = CARTESIAN_POINT('',(-23.2499996,44.1672957));
#12445 = CARTESIAN_POINT('',(-23.2499996,40.27018138297));
#12446 = CARTESIAN_POINT('',(-26.6249996,42.218738541485));
#12447 = CARTESIAN_POINT('',(-29.9999996,44.1672957));
#12448 = CARTESIAN_POINT('',(-26.6249996,46.115852858515));
#12449 = CARTESIAN_POINT('',(-23.2499996,48.06441001703));
#12450 = CARTESIAN_POINT('',(-23.2499996,44.1672957));
#12451 = ( GEOMETRIC_REPRESENTATION_CONTEXT(2) 
PARAMETRIC_REPRESENTATION_CONTEXT() REPRESENTATION_CONTEXT('2D SPACE',''
  ) );
#12452 = PCURVE('',#12033,#12453);
#12453 = DEFINITIONAL_REPRESENTATION('',(#12454),#12458);
#12454 = LINE('',#12455,#12456);
#12455 = CARTESIAN_POINT('',(-6.28318530718,-4.5));
#12456 = VECTOR('',#12457,1.);
#12457 = DIRECTION('',(1.,-0.));
#12458 = ( GEOMETRIC_REPRESENTATION_CONTEXT(2) 
PARAMETRIC_REPRESENTATION_CONTEXT() REPRESENTATION_CONTEXT('2D SPACE',''
  ) );
#12459 = FACE_BOUND('',#12460,.T.);
#12460 = EDGE_LOOP('',(#12461));
#12461 = ORIENTED_EDGE('',*,*,#12462,.F.);
#12462 = EDGE_CURVE('',#12463,#12463,#12465,.T.);
#12463 = VERTEX_POINT('',#12464);
#12464 = CARTESIAN_POINT('',(45.,1.195571954346E-15,-11.5));
#12465 = SURFACE_CURVE('',#12466,(#12471,#12478),.PCURVE_S1.);
#12466 = CIRCLE('',#12467,45.);
#12467 = AXIS2_PLACEMENT_3D('',#12468,#12469,#12470);
#12468 = CARTESIAN_POINT('',(2.635918275226E-13,1.195571954346E-15,-11.5
    ));
#12469 = DIRECTION('',(0.,0.,1.));
#12470 = DIRECTION('',(1.,0.,0.));
#12471 = PCURVE('',#11721,#12472);
#12472 = DEFINITIONAL_REPRESENTATION('',(#12473),#12477);
#12473 = CIRCLE('',#12474,45.);
#12474 = AXIS2_PLACEMENT_2D('',#12475,#12476);
#12475 = CARTESIAN_POINT('',(2.667174049684E-13,-2.769575578854E-15));
#12476 = DIRECTION('',(1.,0.));
#12477 = ( GEOMETRIC_REPRESENTATION_CONTEXT(2) 
PARAMETRIC_REPRESENTATION_CONTEXT() REPRESENTATION_CONTEXT('2D SPACE',''
  ) );
#12478 = PCURVE('',#12064,#12479);
#12479 = DEFINITIONAL_REPRESENTATION('',(#12480),#12484);
#12480 = LINE('',#12481,#12482);
#12481 = CARTESIAN_POINT('',(-0.,-4.));
#12482 = VECTOR('',#12483,1.);
#12483 = DIRECTION('',(-1.,0.));
#12484 = ( GEOMETRIC_REPRESENTATION_CONTEXT(2) 
PARAMETRIC_REPRESENTATION_CONTEXT() REPRESENTATION_CONTEXT('2D SPACE',''
  ) );
#12485 = FACE_BOUND('',#12486,.T.);
#12486 = EDGE_LOOP('',(#12487));
#12487 = ORIENTED_EDGE('',*,*,#12488,.T.);
#12488 = EDGE_CURVE('',#12489,#12489,#12491,.T.);
#12489 = VERTEX_POINT('',#12490);
#12490 = CARTESIAN_POINT('',(54.8,0.,-11.5));
#12491 = SURFACE_CURVE('',#12492,(#12497,#12508),.PCURVE_S1.);
#12492 = CIRCLE('',#12493,3.8);
#12493 = AXIS2_PLACEMENT_3D('',#12494,#12495,#12496);
#12494 = CARTESIAN_POINT('',(51.,0.,-11.5));
#12495 = DIRECTION('',(0.,0.,-1.));
#12496 = DIRECTION('',(1.,0.,0.));
#12497 = PCURVE('',#11721,#12498);
#12498 = DEFINITIONAL_REPRESENTATION('',(#12499),#12507);
#12499 = ( BOUNDED_CURVE() B_SPLINE_CURVE(2,(#12500,#12501,#12502,#12503
    ,#12504,#12505,#12506),.UNSPECIFIED.,.T.,.F.) 
B_SPLINE_CURVE_WITH_KNOTS((1,2,2,2,2,1),(-2.094395102393,0.,
    2.094395102393,4.188790204786,6.28318530718,8.377580409573),
.UNSPECIFIED.) CURVE() GEOMETRIC_REPRESENTATION_ITEM() 
RATIONAL_B_SPLINE_CURVE((1.,0.5,1.,0.5,1.,0.5,1.)) REPRESENTATION_ITEM(
  '') );
#12500 = CARTESIAN_POINT('',(54.8,-3.9651475332E-15));
#12501 = CARTESIAN_POINT('',(54.8,-6.581793068762));
#12502 = CARTESIAN_POINT('',(49.1,-3.290896534381));
#12503 = CARTESIAN_POINT('',(43.4,-4.895879100552E-15));
#12504 = CARTESIAN_POINT('',(49.1,3.290896534381));
#12505 = CARTESIAN_POINT('',(54.8,6.581793068762));
#12506 = CARTESIAN_POINT('',(54.8,-3.9651475332E-15));
#12507 = ( GEOMETRIC_REPRESENTATION_CONTEXT(2) 
PARAMETRIC_REPRESENTATION_CONTEXT() REPRESENTATION_CONTEXT('2D SPACE',''
  ) );
#12508 = PCURVE('',#12099,#12509);
#12509 = DEFINITIONAL_REPRESENTATION('',(#12510),#12514);
#12510 = LINE('',#12511,#12512);
#12511 = CARTESIAN_POINT('',(-6.28318530718,-4.5));
#12512 = VECTOR('',#12513,1.);
#12513 = DIRECTION('',(1.,-0.));
#12514 = ( GEOMETRIC_REPRESENTATION_CONTEXT(2) 
PARAMETRIC_REPRESENTATION_CONTEXT() REPRESENTATION_CONTEXT('2D SPACE',''
  ) );
#12515 = FACE_BOUND('',#12516,.T.);
#12516 = EDGE_LOOP('',(#12517));
#12517 = ORIENTED_EDGE('',*,*,#12518,.T.);
#12518 = EDGE_CURVE('',#12519,#12519,#12521,.T.);
#12519 = VERTEX_POINT('',#12520);
#12520 = CARTESIAN_POINT('',(46.4172958,25.4999996,-11.5));
#12521 = SURFACE_CURVE('',#12522,(#12527,#12538),.PCURVE_S1.);
#12522 = CIRCLE('',#12523,2.25);
#12523 = AXIS2_PLACEMENT_3D('',#12524,#12525,#12526);
#12524 = CARTESIAN_POINT('',(44.1672958,25.4999996,-11.5));
#12525 = DIRECTION('',(0.,0.,-1.));
#12526 = DIRECTION('',(1.,0.,0.));
#12527 = PCURVE('',#11721,#12528);
#12528 = DEFINITIONAL_REPRESENTATION('',(#12529),#12537);
#12529 = ( BOUNDED_CURVE() B_SPLINE_CURVE(2,(#12530,#12531,#12532,#12533
    ,#12534,#12535,#12536),.UNSPECIFIED.,.T.,.F.) 
B_SPLINE_CURVE_WITH_KNOTS((1,2,2,2,2,1),(-2.094395102393,0.,
    2.094395102393,4.188790204786,6.28318530718,8.377580409573),
.UNSPECIFIED.) CURVE() GEOMETRIC_REPRESENTATION_ITEM() 
RATIONAL_B_SPLINE_CURVE((1.,0.5,1.,0.5,1.,0.5,1.)) REPRESENTATION_ITEM(
  '') );
#12530 = CARTESIAN_POINT('',(46.4172958,25.4999996));
#12531 = CARTESIAN_POINT('',(46.4172958,21.60288528297));
#12532 = CARTESIAN_POINT('',(43.0422958,23.551442441485));
#12533 = CARTESIAN_POINT('',(39.6672958,25.4999996));
#12534 = CARTESIAN_POINT('',(43.0422958,27.448556758515));
#12535 = CARTESIAN_POINT('',(46.4172958,29.39711391703));
#12536 = CARTESIAN_POINT('',(46.4172958,25.4999996));
#12537 = ( GEOMETRIC_REPRESENTATION_CONTEXT(2) 
PARAMETRIC_REPRESENTATION_CONTEXT() REPRESENTATION_CONTEXT('2D SPACE',''
  ) );
#12538 = PCURVE('',#12134,#12539);
#12539 = DEFINITIONAL_REPRESENTATION('',(#12540),#12544);
#12540 = LINE('',#12541,#12542);
#12541 = CARTESIAN_POINT('',(-6.28318530718,-4.5));
#12542 = VECTOR('',#12543,1.);
#12543 = DIRECTION('',(1.,-0.));
#12544 = ( GEOMETRIC_REPRESENTATION_CONTEXT(2) 
PARAMETRIC_REPRESENTATION_CONTEXT() REPRESENTATION_CONTEXT('2D SPACE',''
  ) );
#12545 = FACE_BOUND('',#12546,.T.);
#12546 = EDGE_LOOP('',(#12547));
#12547 = ORIENTED_EDGE('',*,*,#12548,.T.);
#12548 = EDGE_CURVE('',#12549,#12549,#12551,.T.);
#12549 = VERTEX_POINT('',#12550);
#12550 = CARTESIAN_POINT('',(3.8,51.,-11.5));
#12551 = SURFACE_CURVE('',#12552,(#12557,#12568),.PCURVE_S1.);
#12552 = CIRCLE('',#12553,3.8);
#12553 = AXIS2_PLACEMENT_3D('',#12554,#12555,#12556);
#12554 = CARTESIAN_POINT('',(0.,51.,-11.5));
#12555 = DIRECTION('',(0.,0.,-1.));
#12556 = DIRECTION('',(1.,0.,0.));
#12557 = PCURVE('',#11721,#12558);
#12558 = DEFINITIONAL_REPRESENTATION('',(#12559),#12567);
#12559 = ( BOUNDED_CURVE() B_SPLINE_CURVE(2,(#12560,#12561,#12562,#12563
    ,#12564,#12565,#12566),.UNSPECIFIED.,.T.,.F.) 
B_SPLINE_CURVE_WITH_KNOTS((1,2,2,2,2,1),(-2.094395102393,0.,
    2.094395102393,4.188790204786,6.28318530718,8.377580409573),
.UNSPECIFIED.) CURVE() GEOMETRIC_REPRESENTATION_ITEM() 
RATIONAL_B_SPLINE_CURVE((1.,0.5,1.,0.5,1.,0.5,1.)) REPRESENTATION_ITEM(
  '') );
#12560 = CARTESIAN_POINT('',(3.8,51.));
#12561 = CARTESIAN_POINT('',(3.8,44.418206931238));
#12562 = CARTESIAN_POINT('',(-1.9,47.709103465619));
#12563 = CARTESIAN_POINT('',(-7.6,51.));
#12564 = CARTESIAN_POINT('',(-1.9,54.290896534381));
#12565 = CARTESIAN_POINT('',(3.8,57.581793068762));
#12566 = CARTESIAN_POINT('',(3.8,51.));
#12567 = ( GEOMETRIC_REPRESENTATION_CONTEXT(2) 
PARAMETRIC_REPRESENTATION_CONTEXT() REPRESENTATION_CONTEXT('2D SPACE',''
  ) );
#12568 = PCURVE('',#12169,#12569);
#12569 = DEFINITIONAL_REPRESENTATION('',(#12570),#12574);
#12570 = LINE('',#12571,#12572);
#12571 = CARTESIAN_POINT('',(-6.28318530718,-4.5));
#12572 = VECTOR('',#12573,1.);
#12573 = DIRECTION('',(1.,-0.));
#12574 = ( GEOMETRIC_REPRESENTATION_CONTEXT(2) 
PARAMETRIC_REPRESENTATION_CONTEXT() REPRESENTATION_CONTEXT('2D SPACE',''
  ) );
#12575 = FACE_BOUND('',#12576,.T.);
#12576 = EDGE_LOOP('',(#12577));
#12577 = ORIENTED_EDGE('',*,*,#12578,.T.);
#12578 = EDGE_CURVE('',#12579,#12579,#12581,.T.);
#12579 = VERTEX_POINT('',#12580);
#12580 = CARTESIAN_POINT('',(27.7500004,44.1672954,-11.5));
#12581 = SURFACE_CURVE('',#12582,(#12587,#12598),.PCURVE_S1.);
#12582 = CIRCLE('',#12583,2.25);
#12583 = AXIS2_PLACEMENT_3D('',#12584,#12585,#12586);
#12584 = CARTESIAN_POINT('',(25.5000004,44.1672954,-11.5));
#12585 = DIRECTION('',(0.,0.,-1.));
#12586 = DIRECTION('',(1.,0.,0.));
#12587 = PCURVE('',#11721,#12588);
#12588 = DEFINITIONAL_REPRESENTATION('',(#12589),#12597);
#12589 = ( BOUNDED_CURVE() B_SPLINE_CURVE(2,(#12590,#12591,#12592,#12593
    ,#12594,#12595,#12596),.UNSPECIFIED.,.T.,.F.) 
B_SPLINE_CURVE_WITH_KNOTS((1,2,2,2,2,1),(-2.094395102393,0.,
    2.094395102393,4.188790204786,6.28318530718,8.377580409573),
.UNSPECIFIED.) CURVE() GEOMETRIC_REPRESENTATION_ITEM() 
RATIONAL_B_SPLINE_CURVE((1.,0.5,1.,0.5,1.,0.5,1.)) REPRESENTATION_ITEM(
  '') );
#12590 = CARTESIAN_POINT('',(27.7500004,44.1672954));
#12591 = CARTESIAN_POINT('',(27.7500004,40.27018108297));
#12592 = CARTESIAN_POINT('',(24.3750004,42.218738241485));
#12593 = CARTESIAN_POINT('',(21.0000004,44.1672954));
#12594 = CARTESIAN_POINT('',(24.3750004,46.115852558515));
#12595 = CARTESIAN_POINT('',(27.7500004,48.06440971703));
#12596 = CARTESIAN_POINT('',(27.7500004,44.1672954));
#12597 = ( GEOMETRIC_REPRESENTATION_CONTEXT(2) 
PARAMETRIC_REPRESENTATION_CONTEXT() REPRESENTATION_CONTEXT('2D SPACE',''
  ) );
#12598 = PCURVE('',#12204,#12599);
#12599 = DEFINITIONAL_REPRESENTATION('',(#12600),#12604);
#12600 = LINE('',#12601,#12602);
#12601 = CARTESIAN_POINT('',(-6.28318530718,-4.5));
#12602 = VECTOR('',#12603,1.);
#12603 = DIRECTION('',(1.,-0.));
#12604 = ( GEOMETRIC_REPRESENTATION_CONTEXT(2) 
PARAMETRIC_REPRESENTATION_CONTEXT() REPRESENTATION_CONTEXT('2D SPACE',''
  ) );
#12605 = ADVANCED_FACE('',(#12606),#11788,.F.);
#12606 = FACE_BOUND('',#12607,.T.);
#12607 = EDGE_LOOP('',(#12608,#12609,#12630,#12631));
#12608 = ORIENTED_EDGE('',*,*,#11767,.T.);
#12609 = ORIENTED_EDGE('',*,*,#12610,.T.);
#12610 = EDGE_CURVE('',#11768,#12223,#12611,.T.);
#12611 = SEAM_CURVE('',#12612,(#12616,#12623),.PCURVE_S1.);
#12612 = LINE('',#12613,#12614);
#12613 = CARTESIAN_POINT('',(-23.2500003,-44.1672955,-16.));
#12614 = VECTOR('',#12615,1.);
#12615 = DIRECTION('',(0.,0.,1.));
#12616 = PCURVE('',#11788,#12617);
#12617 = DEFINITIONAL_REPRESENTATION('',(#12618),#12622);
#12618 = LINE('',#12619,#12620);
#12619 = CARTESIAN_POINT('',(-6.28318530718,0.));
#12620 = VECTOR('',#12621,1.);
#12621 = DIRECTION('',(-0.,-1.));
#12622 = ( GEOMETRIC_REPRESENTATION_CONTEXT(2) 
PARAMETRIC_REPRESENTATION_CONTEXT() REPRESENTATION_CONTEXT('2D SPACE',''
  ) );
#12623 = PCURVE('',#11788,#12624);
#12624 = DEFINITIONAL_REPRESENTATION('',(#12625),#12629);
#12625 = LINE('',#12626,#12627);
#12626 = CARTESIAN_POINT('',(-0.,0.));
#12627 = VECTOR('',#12628,1.);
#12628 = DIRECTION('',(-0.,-1.));
#12629 = ( GEOMETRIC_REPRESENTATION_CONTEXT(2) 
PARAMETRIC_REPRESENTATION_CONTEXT() REPRESENTATION_CONTEXT('2D SPACE',''
  ) );
#12630 = ORIENTED_EDGE('',*,*,#12222,.F.);
#12631 = ORIENTED_EDGE('',*,*,#12610,.F.);
#12632 = ADVANCED_FACE('',(#12633),#11823,.F.);
#12633 = FACE_BOUND('',#12634,.T.);
#12634 = EDGE_LOOP('',(#12635,#12636,#12657,#12658));
#12635 = ORIENTED_EDGE('',*,*,#11802,.T.);
#12636 = ORIENTED_EDGE('',*,*,#12637,.T.);
#12637 = EDGE_CURVE('',#11803,#12253,#12638,.T.);
#12638 = SEAM_CURVE('',#12639,(#12643,#12650),.PCURVE_S1.);
#12639 = LINE('',#12640,#12641);
#12640 = CARTESIAN_POINT('',(-41.9172957,-25.4999997,-16.));
#12641 = VECTOR('',#12642,1.);
#12642 = DIRECTION('',(0.,0.,1.));
#12643 = PCURVE('',#11823,#12644);
#12644 = DEFINITIONAL_REPRESENTATION('',(#12645),#12649);
#12645 = LINE('',#12646,#12647);
#12646 = CARTESIAN_POINT('',(-6.28318530718,0.));
#12647 = VECTOR('',#12648,1.);
#12648 = DIRECTION('',(-0.,-1.));
#12649 = ( GEOMETRIC_REPRESENTATION_CONTEXT(2) 
PARAMETRIC_REPRESENTATION_CONTEXT() REPRESENTATION_CONTEXT('2D SPACE',''
  ) );
#12650 = PCURVE('',#11823,#12651);
#12651 = DEFINITIONAL_REPRESENTATION('',(#12652),#12656);
#12652 = LINE('',#12653,#12654);
#12653 = CARTESIAN_POINT('',(-0.,0.));
#12654 = VECTOR('',#12655,1.);
#12655 = DIRECTION('',(-0.,-1.));
#12656 = ( GEOMETRIC_REPRESENTATION_CONTEXT(2) 
PARAMETRIC_REPRESENTATION_CONTEXT() REPRESENTATION_CONTEXT('2D SPACE',''
  ) );
#12657 = ORIENTED_EDGE('',*,*,#12252,.F.);
#12658 = ORIENTED_EDGE('',*,*,#12637,.F.);
#12659 = ADVANCED_FACE('',(#12660),#11858,.F.);
#12660 = FACE_BOUND('',#12661,.T.);
#12661 = EDGE_LOOP('',(#12662,#12663,#12684,#12685));
#12662 = ORIENTED_EDGE('',*,*,#11837,.T.);
#12663 = ORIENTED_EDGE('',*,*,#12664,.T.);
#12664 = EDGE_CURVE('',#11838,#12283,#12665,.T.);
#12665 = SEAM_CURVE('',#12666,(#12670,#12677),.PCURVE_S1.);
#12666 = LINE('',#12667,#12668);
#12667 = CARTESIAN_POINT('',(3.8,-51.,-16.));
#12668 = VECTOR('',#12669,1.);
#12669 = DIRECTION('',(0.,0.,1.));
#12670 = PCURVE('',#11858,#12671);
#12671 = DEFINITIONAL_REPRESENTATION('',(#12672),#12676);
#12672 = LINE('',#12673,#12674);
#12673 = CARTESIAN_POINT('',(-6.28318530718,0.));
#12674 = VECTOR('',#12675,1.);
#12675 = DIRECTION('',(-0.,-1.));
#12676 = ( GEOMETRIC_REPRESENTATION_CONTEXT(2) 
PARAMETRIC_REPRESENTATION_CONTEXT() REPRESENTATION_CONTEXT('2D SPACE',''
  ) );
#12677 = PCURVE('',#11858,#12678);
#12678 = DEFINITIONAL_REPRESENTATION('',(#12679),#12683);
#12679 = LINE('',#12680,#12681);
#12680 = CARTESIAN_POINT('',(-0.,0.));
#12681 = VECTOR('',#12682,1.);
#12682 = DIRECTION('',(-0.,-1.));
#12683 = ( GEOMETRIC_REPRESENTATION_CONTEXT(2) 
PARAMETRIC_REPRESENTATION_CONTEXT() REPRESENTATION_CONTEXT('2D SPACE',''
  ) );
#12684 = ORIENTED_EDGE('',*,*,#12282,.F.);
#12685 = ORIENTED_EDGE('',*,*,#12664,.F.);
#12686 = ADVANCED_FACE('',(#12687),#11893,.F.);
#12687 = FACE_BOUND('',#12688,.T.);
#12688 = EDGE_LOOP('',(#12689,#12690,#12711,#12712));
#12689 = ORIENTED_EDGE('',*,*,#11872,.T.);
#12690 = ORIENTED_EDGE('',*,*,#12691,.T.);
#12691 = EDGE_CURVE('',#11873,#12313,#12692,.T.);
#12692 = SEAM_CURVE('',#12693,(#12697,#12704),.PCURVE_S1.);
#12693 = LINE('',#12694,#12695);
#12694 = CARTESIAN_POINT('',(27.7499997,-44.1672958,-16.));
#12695 = VECTOR('',#12696,1.);
#12696 = DIRECTION('',(0.,0.,1.));
#12697 = PCURVE('',#11893,#12698);
#12698 = DEFINITIONAL_REPRESENTATION('',(#12699),#12703);
#12699 = LINE('',#12700,#12701);
#12700 = CARTESIAN_POINT('',(-6.28318530718,0.));
#12701 = VECTOR('',#12702,1.);
#12702 = DIRECTION('',(-0.,-1.));
#12703 = ( GEOMETRIC_REPRESENTATION_CONTEXT(2) 
PARAMETRIC_REPRESENTATION_CONTEXT() REPRESENTATION_CONTEXT('2D SPACE',''
  ) );
#12704 = PCURVE('',#11893,#12705);
#12705 = DEFINITIONAL_REPRESENTATION('',(#12706),#12710);
#12706 = LINE('',#12707,#12708);
#12707 = CARTESIAN_POINT('',(-0.,0.));
#12708 = VECTOR('',#12709,1.);
#12709 = DIRECTION('',(-0.,-1.));
#12710 = ( GEOMETRIC_REPRESENTATION_CONTEXT(2) 
PARAMETRIC_REPRESENTATION_CONTEXT() REPRESENTATION_CONTEXT('2D SPACE',''
  ) );
#12711 = ORIENTED_EDGE('',*,*,#12312,.F.);
#12712 = ORIENTED_EDGE('',*,*,#12691,.F.);
#12713 = ADVANCED_FACE('',(#12714),#11928,.F.);
#12714 = FACE_BOUND('',#12715,.T.);
#12715 = EDGE_LOOP('',(#12716,#12717,#12738,#12739));
#12716 = ORIENTED_EDGE('',*,*,#11907,.T.);
#12717 = ORIENTED_EDGE('',*,*,#12718,.T.);
#12718 = EDGE_CURVE('',#11908,#12343,#12719,.T.);
#12719 = SEAM_CURVE('',#12720,(#12724,#12731),.PCURVE_S1.);
#12720 = LINE('',#12721,#12722);
#12721 = CARTESIAN_POINT('',(46.4172955,-25.5000004,-16.));
#12722 = VECTOR('',#12723,1.);
#12723 = DIRECTION('',(0.,0.,1.));
#12724 = PCURVE('',#11928,#12725);
#12725 = DEFINITIONAL_REPRESENTATION('',(#12726),#12730);
#12726 = LINE('',#12727,#12728);
#12727 = CARTESIAN_POINT('',(-6.28318530718,0.));
#12728 = VECTOR('',#12729,1.);
#12729 = DIRECTION('',(-0.,-1.));
#12730 = ( GEOMETRIC_REPRESENTATION_CONTEXT(2) 
PARAMETRIC_REPRESENTATION_CONTEXT() REPRESENTATION_CONTEXT('2D SPACE',''
  ) );
#12731 = PCURVE('',#11928,#12732);
#12732 = DEFINITIONAL_REPRESENTATION('',(#12733),#12737);
#12733 = LINE('',#12734,#12735);
#12734 = CARTESIAN_POINT('',(-0.,0.));
#12735 = VECTOR('',#12736,1.);
#12736 = DIRECTION('',(-0.,-1.));
#12737 = ( GEOMETRIC_REPRESENTATION_CONTEXT(2) 
PARAMETRIC_REPRESENTATION_CONTEXT() REPRESENTATION_CONTEXT('2D SPACE',''
  ) );
#12738 = ORIENTED_EDGE('',*,*,#12342,.F.);
#12739 = ORIENTED_EDGE('',*,*,#12718,.F.);
#12740 = ADVANCED_FACE('',(#12741),#11963,.F.);
#12741 = FACE_BOUND('',#12742,.T.);
#12742 = EDGE_LOOP('',(#12743,#12744,#12765,#12766));
#12743 = ORIENTED_EDGE('',*,*,#11942,.T.);
#12744 = ORIENTED_EDGE('',*,*,#12745,.T.);
#12745 = EDGE_CURVE('',#11943,#12373,#12746,.T.);
#12746 = SEAM_CURVE('',#12747,(#12751,#12758),.PCURVE_S1.);
#12747 = LINE('',#12748,#12749);
#12748 = CARTESIAN_POINT('',(-47.2,0.,-16.));
#12749 = VECTOR('',#12750,1.);
#12750 = DIRECTION('',(0.,0.,1.));
#12751 = PCURVE('',#11963,#12752);
#12752 = DEFINITIONAL_REPRESENTATION('',(#12753),#12757);
#12753 = LINE('',#12754,#12755);
#12754 = CARTESIAN_POINT('',(-6.28318530718,0.));
#12755 = VECTOR('',#12756,1.);
#12756 = DIRECTION('',(-0.,-1.));
#12757 = ( GEOMETRIC_REPRESENTATION_CONTEXT(2) 
PARAMETRIC_REPRESENTATION_CONTEXT() REPRESENTATION_CONTEXT('2D SPACE',''
  ) );
#12758 = PCURVE('',#11963,#12759);
#12759 = DEFINITIONAL_REPRESENTATION('',(#12760),#12764);
#12760 = LINE('',#12761,#12762);
#12761 = CARTESIAN_POINT('',(-0.,0.));
#12762 = VECTOR('',#12763,1.);
#12763 = DIRECTION('',(-0.,-1.));
#12764 = ( GEOMETRIC_REPRESENTATION_CONTEXT(2) 
PARAMETRIC_REPRESENTATION_CONTEXT() REPRESENTATION_CONTEXT('2D SPACE',''
  ) );
#12765 = ORIENTED_EDGE('',*,*,#12372,.F.);
#12766 = ORIENTED_EDGE('',*,*,#12745,.F.);
#12767 = ADVANCED_FACE('',(#12768),#11998,.F.);
#12768 = FACE_BOUND('',#12769,.T.);
#12769 = EDGE_LOOP('',(#12770,#12771,#12792,#12793));
#12770 = ORIENTED_EDGE('',*,*,#11977,.T.);
#12771 = ORIENTED_EDGE('',*,*,#12772,.T.);
#12772 = EDGE_CURVE('',#11978,#12403,#12773,.T.);
#12773 = SEAM_CURVE('',#12774,(#12778,#12785),.PCURVE_S1.);
#12774 = LINE('',#12775,#12776);
#12775 = CARTESIAN_POINT('',(-41.9172954,25.5000003,-16.));
#12776 = VECTOR('',#12777,1.);
#12777 = DIRECTION('',(0.,0.,1.));
#12778 = PCURVE('',#11998,#12779);
#12779 = DEFINITIONAL_REPRESENTATION('',(#12780),#12784);
#12780 = LINE('',#12781,#12782);
#12781 = CARTESIAN_POINT('',(-6.28318530718,0.));
#12782 = VECTOR('',#12783,1.);
#12783 = DIRECTION('',(-0.,-1.));
#12784 = ( GEOMETRIC_REPRESENTATION_CONTEXT(2) 
PARAMETRIC_REPRESENTATION_CONTEXT() REPRESENTATION_CONTEXT('2D SPACE',''
  ) );
#12785 = PCURVE('',#11998,#12786);
#12786 = DEFINITIONAL_REPRESENTATION('',(#12787),#12791);
#12787 = LINE('',#12788,#12789);
#12788 = CARTESIAN_POINT('',(-0.,0.));
#12789 = VECTOR('',#12790,1.);
#12790 = DIRECTION('',(-0.,-1.));
#12791 = ( GEOMETRIC_REPRESENTATION_CONTEXT(2) 
PARAMETRIC_REPRESENTATION_CONTEXT() REPRESENTATION_CONTEXT('2D SPACE',''
  ) );
#12792 = ORIENTED_EDGE('',*,*,#12402,.F.);
#12793 = ORIENTED_EDGE('',*,*,#12772,.F.);
#12794 = ADVANCED_FACE('',(#12795),#12033,.F.);
#12795 = FACE_BOUND('',#12796,.T.);
#12796 = EDGE_LOOP('',(#12797,#12798,#12819,#12820));
#12797 = ORIENTED_EDGE('',*,*,#12012,.T.);
#12798 = ORIENTED_EDGE('',*,*,#12799,.T.);
#12799 = EDGE_CURVE('',#12013,#12433,#12800,.T.);
#12800 = SEAM_CURVE('',#12801,(#12805,#12812),.PCURVE_S1.);
#12801 = LINE('',#12802,#12803);
#12802 = CARTESIAN_POINT('',(-23.2499996,44.1672957,-16.));
#12803 = VECTOR('',#12804,1.);
#12804 = DIRECTION('',(0.,0.,1.));
#12805 = PCURVE('',#12033,#12806);
#12806 = DEFINITIONAL_REPRESENTATION('',(#12807),#12811);
#12807 = LINE('',#12808,#12809);
#12808 = CARTESIAN_POINT('',(-6.28318530718,0.));
#12809 = VECTOR('',#12810,1.);
#12810 = DIRECTION('',(-0.,-1.));
#12811 = ( GEOMETRIC_REPRESENTATION_CONTEXT(2) 
PARAMETRIC_REPRESENTATION_CONTEXT() REPRESENTATION_CONTEXT('2D SPACE',''
  ) );
#12812 = PCURVE('',#12033,#12813);
#12813 = DEFINITIONAL_REPRESENTATION('',(#12814),#12818);
#12814 = LINE('',#12815,#12816);
#12815 = CARTESIAN_POINT('',(-0.,0.));
#12816 = VECTOR('',#12817,1.);
#12817 = DIRECTION('',(-0.,-1.));
#12818 = ( GEOMETRIC_REPRESENTATION_CONTEXT(2) 
PARAMETRIC_REPRESENTATION_CONTEXT() REPRESENTATION_CONTEXT('2D SPACE',''
  ) );
#12819 = ORIENTED_EDGE('',*,*,#12432,.F.);
#12820 = ORIENTED_EDGE('',*,*,#12799,.F.);
#12821 = ADVANCED_FACE('',(#12822),#12064,.F.);
#12822 = FACE_BOUND('',#12823,.T.);
#12823 = EDGE_LOOP('',(#12824,#12845,#12846,#12847));
#12824 = ORIENTED_EDGE('',*,*,#12825,.T.);
#12825 = EDGE_CURVE('',#12048,#12463,#12826,.T.);
#12826 = SEAM_CURVE('',#12827,(#12831,#12838),.PCURVE_S1.);
#12827 = LINE('',#12828,#12829);
#12828 = CARTESIAN_POINT('',(45.,1.195571954346E-15,-15.5));
#12829 = VECTOR('',#12830,1.);
#12830 = DIRECTION('',(0.,0.,1.));
#12831 = PCURVE('',#12064,#12832);
#12832 = DEFINITIONAL_REPRESENTATION('',(#12833),#12837);
#12833 = LINE('',#12834,#12835);
#12834 = CARTESIAN_POINT('',(-0.,0.));
#12835 = VECTOR('',#12836,1.);
#12836 = DIRECTION('',(-0.,-1.));
#12837 = ( GEOMETRIC_REPRESENTATION_CONTEXT(2) 
PARAMETRIC_REPRESENTATION_CONTEXT() REPRESENTATION_CONTEXT('2D SPACE',''
  ) );
#12838 = PCURVE('',#12064,#12839);
#12839 = DEFINITIONAL_REPRESENTATION('',(#12840),#12844);
#12840 = LINE('',#12841,#12842);
#12841 = CARTESIAN_POINT('',(-6.28318530718,0.));
#12842 = VECTOR('',#12843,1.);
#12843 = DIRECTION('',(-0.,-1.));
#12844 = ( GEOMETRIC_REPRESENTATION_CONTEXT(2) 
PARAMETRIC_REPRESENTATION_CONTEXT() REPRESENTATION_CONTEXT('2D SPACE',''
  ) );
#12845 = ORIENTED_EDGE('',*,*,#12462,.T.);
#12846 = ORIENTED_EDGE('',*,*,#12825,.F.);
#12847 = ORIENTED_EDGE('',*,*,#12047,.F.);
#12848 = ADVANCED_FACE('',(#12849),#12099,.F.);
#12849 = FACE_BOUND('',#12850,.T.);
#12850 = EDGE_LOOP('',(#12851,#12852,#12873,#12874));
#12851 = ORIENTED_EDGE('',*,*,#12078,.T.);
#12852 = ORIENTED_EDGE('',*,*,#12853,.T.);
#12853 = EDGE_CURVE('',#12079,#12489,#12854,.T.);
#12854 = SEAM_CURVE('',#12855,(#12859,#12866),.PCURVE_S1.);
#12855 = LINE('',#12856,#12857);
#12856 = CARTESIAN_POINT('',(54.8,0.,-16.));
#12857 = VECTOR('',#12858,1.);
#12858 = DIRECTION('',(0.,0.,1.));
#12859 = PCURVE('',#12099,#12860);
#12860 = DEFINITIONAL_REPRESENTATION('',(#12861),#12865);
#12861 = LINE('',#12862,#12863);
#12862 = CARTESIAN_POINT('',(-6.28318530718,0.));
#12863 = VECTOR('',#12864,1.);
#12864 = DIRECTION('',(-0.,-1.));
#12865 = ( GEOMETRIC_REPRESENTATION_CONTEXT(2) 
PARAMETRIC_REPRESENTATION_CONTEXT() REPRESENTATION_CONTEXT('2D SPACE',''
  ) );
#12866 = PCURVE('',#12099,#12867);
#12867 = DEFINITIONAL_REPRESENTATION('',(#12868),#12872);
#12868 = LINE('',#12869,#12870);
#12869 = CARTESIAN_POINT('',(-0.,0.));
#12870 = VECTOR('',#12871,1.);
#12871 = DIRECTION('',(-0.,-1.));
#12872 = ( GEOMETRIC_REPRESENTATION_CONTEXT(2) 
PARAMETRIC_REPRESENTATION_CONTEXT() REPRESENTATION_CONTEXT('2D SPACE',''
  ) );
#12873 = ORIENTED_EDGE('',*,*,#12488,.F.);
#12874 = ORIENTED_EDGE('',*,*,#12853,.F.);
#12875 = ADVANCED_FACE('',(#12876),#12134,.F.);
#12876 = FACE_BOUND('',#12877,.T.);
#12877 = EDGE_LOOP('',(#12878,#12879,#12900,#12901));
#12878 = ORIENTED_EDGE('',*,*,#12113,.T.);
#12879 = ORIENTED_EDGE('',*,*,#12880,.T.);
#12880 = EDGE_CURVE('',#12114,#12519,#12881,.T.);
#12881 = SEAM_CURVE('',#12882,(#12886,#12893),.PCURVE_S1.);
#12882 = LINE('',#12883,#12884);
#12883 = CARTESIAN_POINT('',(46.4172958,25.4999996,-16.));
#12884 = VECTOR('',#12885,1.);
#12885 = DIRECTION('',(0.,0.,1.));
#12886 = PCURVE('',#12134,#12887);
#12887 = DEFINITIONAL_REPRESENTATION('',(#12888),#12892);
#12888 = LINE('',#12889,#12890);
#12889 = CARTESIAN_POINT('',(-6.28318530718,0.));
#12890 = VECTOR('',#12891,1.);
#12891 = DIRECTION('',(-0.,-1.));
#12892 = ( GEOMETRIC_REPRESENTATION_CONTEXT(2) 
PARAMETRIC_REPRESENTATION_CONTEXT() REPRESENTATION_CONTEXT('2D SPACE',''
  ) );
#12893 = PCURVE('',#12134,#12894);
#12894 = DEFINITIONAL_REPRESENTATION('',(#12895),#12899);
#12895 = LINE('',#12896,#12897);
#12896 = CARTESIAN_POINT('',(-0.,0.));
#12897 = VECTOR('',#12898,1.);
#12898 = DIRECTION('',(-0.,-1.));
#12899 = ( GEOMETRIC_REPRESENTATION_CONTEXT(2) 
PARAMETRIC_REPRESENTATION_CONTEXT() REPRESENTATION_CONTEXT('2D SPACE',''
  ) );
#12900 = ORIENTED_EDGE('',*,*,#12518,.F.);
#12901 = ORIENTED_EDGE('',*,*,#12880,.F.);
#12902 = ADVANCED_FACE('',(#12903),#12169,.F.);
#12903 = FACE_BOUND('',#12904,.T.);
#12904 = EDGE_LOOP('',(#12905,#12906,#12927,#12928));
#12905 = ORIENTED_EDGE('',*,*,#12148,.T.);
#12906 = ORIENTED_EDGE('',*,*,#12907,.T.);
#12907 = EDGE_CURVE('',#12149,#12549,#12908,.T.);
#12908 = SEAM_CURVE('',#12909,(#12913,#12920),.PCURVE_S1.);
#12909 = LINE('',#12910,#12911);
#12910 = CARTESIAN_POINT('',(3.8,51.,-16.));
#12911 = VECTOR('',#12912,1.);
#12912 = DIRECTION('',(0.,0.,1.));
#12913 = PCURVE('',#12169,#12914);
#12914 = DEFINITIONAL_REPRESENTATION('',(#12915),#12919);
#12915 = LINE('',#12916,#12917);
#12916 = CARTESIAN_POINT('',(-6.28318530718,0.));
#12917 = VECTOR('',#12918,1.);
#12918 = DIRECTION('',(-0.,-1.));
#12919 = ( GEOMETRIC_REPRESENTATION_CONTEXT(2) 
PARAMETRIC_REPRESENTATION_CONTEXT() REPRESENTATION_CONTEXT('2D SPACE',''
  ) );
#12920 = PCURVE('',#12169,#12921);
#12921 = DEFINITIONAL_REPRESENTATION('',(#12922),#12926);
#12922 = LINE('',#12923,#12924);
#12923 = CARTESIAN_POINT('',(-0.,0.));
#12924 = VECTOR('',#12925,1.);
#12925 = DIRECTION('',(-0.,-1.));
#12926 = ( GEOMETRIC_REPRESENTATION_CONTEXT(2) 
PARAMETRIC_REPRESENTATION_CONTEXT() REPRESENTATION_CONTEXT('2D SPACE',''
  ) );
#12927 = ORIENTED_EDGE('',*,*,#12548,.F.);
#12928 = ORIENTED_EDGE('',*,*,#12907,.F.);
#12929 = ADVANCED_FACE('',(#12930),#12204,.F.);
#12930 = FACE_BOUND('',#12931,.T.);
#12931 = EDGE_LOOP('',(#12932,#12933,#12954,#12955));
#12932 = ORIENTED_EDGE('',*,*,#12183,.T.);
#12933 = ORIENTED_EDGE('',*,*,#12934,.T.);
#12934 = EDGE_CURVE('',#12184,#12579,#12935,.T.);
#12935 = SEAM_CURVE('',#12936,(#12940,#12947),.PCURVE_S1.);
#12936 = LINE('',#12937,#12938);
#12937 = CARTESIAN_POINT('',(27.7500004,44.1672954,-16.));
#12938 = VECTOR('',#12939,1.);
#12939 = DIRECTION('',(0.,0.,1.));
#12940 = PCURVE('',#12204,#12941);
#12941 = DEFINITIONAL_REPRESENTATION('',(#12942),#12946);
#12942 = LINE('',#12943,#12944);
#12943 = CARTESIAN_POINT('',(-6.28318530718,0.));
#12944 = VECTOR('',#12945,1.);
#12945 = DIRECTION('',(-0.,-1.));
#12946 = ( GEOMETRIC_REPRESENTATION_CONTEXT(2) 
PARAMETRIC_REPRESENTATION_CONTEXT() REPRESENTATION_CONTEXT('2D SPACE',''
  ) );
#12947 = PCURVE('',#12204,#12948);
#12948 = DEFINITIONAL_REPRESENTATION('',(#12949),#12953);
#12949 = LINE('',#12950,#12951);
#12950 = CARTESIAN_POINT('',(-0.,0.));
#12951 = VECTOR('',#12952,1.);
#12952 = DIRECTION('',(-0.,-1.));
#12953 = ( GEOMETRIC_REPRESENTATION_CONTEXT(2) 
PARAMETRIC_REPRESENTATION_CONTEXT() REPRESENTATION_CONTEXT('2D SPACE',''
  ) );
#12954 = ORIENTED_EDGE('',*,*,#12578,.F.);
#12955 = ORIENTED_EDGE('',*,*,#12934,.F.);
#12956 = ( GEOMETRIC_REPRESENTATION_CONTEXT(3) 
GLOBAL_UNCERTAINTY_ASSIGNED_CONTEXT((#12960)) 
GLOBAL_UNIT_ASSIGNED_CONTEXT((#12957,#12958,#12959)) 
REPRESENTATION_CONTEXT('Context #1',
  '3D Context with UNIT and UNCERTAINTY') );
#12957 = ( LENGTH_UNIT() NAMED_UNIT(*) SI_UNIT(.MILLI.,.METRE.) );
#12958 = ( NAMED_UNIT(*) PLANE_ANGLE_UNIT() SI_UNIT($,.RADIAN.) );
#12959 = ( NAMED_UNIT(*) SI_UNIT($,.STERADIAN.) SOLID_ANGLE_UNIT() );
#12960 = UNCERTAINTY_MEASURE_WITH_UNIT(LENGTH_MEASURE(1.E-07),#12957,
  'distance_accuracy_value','confusion accuracy');
#12961 = CONTEXT_DEPENDENT_SHAPE_REPRESENTATION(#12962,#12964);
#12962 = ( REPRESENTATION_RELATIONSHIP('','',#11669,#10) 
REPRESENTATION_RELATIONSHIP_WITH_TRANSFORMATION(#12963) 
SHAPE_REPRESENTATION_RELATIONSHIP() );
#12963 = ITEM_DEFINED_TRANSFORMATION('','',#11,#23);
#12964 = PRODUCT_DEFINITION_SHAPE('Placement','Placement of an item',
  #12965);
#12965 = NEXT_ASSEMBLY_USAGE_OCCURRENCE('3','','',#5,#11664,$);
#12966 = PRODUCT_RELATED_PRODUCT_CATEGORY('part',$,(#11666));
ENDSEC;
END-ISO-10303-21;
