wire,area_mm2,one_way_m,conductor_C,other_loop_ohm,copper_loop_ohm,loop_ohm,source_V,efficiency_assumed,motor_current_assumed_A,LED_load,auxiliary_output_W,converter_loss_W,head_V,trunk_A,line_loss_W,source_W,motor_at_head_W,aux_at_head_W,energy_residual_W,kcl_residual_A
LAPP0028170_2x1,1,1,20,0.04,0.039,0.079,11.88,0.8,0.0,baseline,7.074,1.7684999999999995,11.820904904859457,0.7480391789942354,0.04420544645151922,8.886705446451518,0.0,8.8425,0.0,-1.3100631690576847e-14
LAPP0028170_2x1,1,1,20,0.04,0.039,0.079,11.88,0.8,0.0,budget,13.2,3.299999999999997,11.769245234161968,1.4019590612409296,0.15527364754224834,16.655273647542245,0.0,16.499999999999996,0.0,-5.551115123125783e-15
LAPP0028170_2x1,1,1,20,0.04,0.039,0.079,11.88,0.8,6,baseline,7.074,1.7684999999999995,11.344422825848104,6.7794579006569196,3.6309229047155824,80.53995985980421,68.06653695508862,8.8425,0.0,-2.6645352591003757e-15
LAPP0028170_2x1,1,1,20,0.04,0.039,0.079,11.88,0.8,6,budget,13.2,3.299999999999997,11.290549462868317,7.461399204198539,4.398125768668753,88.64142254587865,67.7432967772099,16.499999999999996,0.0,-4.440892098500626e-15
LAPP0028170_2x1,1,1,20,0.04,0.039,0.079,11.88,0.9,0.0,baseline,7.074,0.7859999999999996,11.82750031847133,0.6645529307426712,0.03488881722293521,7.894888817222935,0.0,7.859999999999999,0.0,-1.5543122344752192e-15
LAPP0028170_2x1,1,1,20,0.04,0.039,0.079,11.88,0.9,0.0,budget,13.2,1.4666666666666668,11.781655016631275,1.2448732071990598,0.1224270348581638,14.789093701524832,0.0,14.666666666666666,1.7763568394002505e-15,3.3306690738754696e-15
LAPP0028170_2x1,1,1,20,0.04,0.039,0.079,11.88,0.9,6,baseline,7.074,0.7859999999999996,11.351297885204001,6.692431832860736,3.538302863161529,79.50609017438555,68.107787311224,7.859999999999999,1.4210854715202004e-14,1.5987211554602254e-14
LAPP0028170_2x1,1,1,20,0.04,0.039,0.079,11.88,0.9,6,budget,13.2,1.4666666666666668,11.30349482932833,7.297533805970536,4.207065972293343,86.69470161492997,67.82096897596998,14.666666666666666,-1.4210854715202004e-14,-1.0658141036401503e-14
LAPP0028170_2x1,1,1,20,0.04,0.039,0.079,11.88,0.95,0.0,baseline,7.074,0.37231578947368416,11.830275125376708,0.6294287926999139,0.03129826780129403,7.477614057274978,0.0,7.446315789473684,0.0,-1.0880185641326534e-14
LAPP0028170_2x1,1,1,20,0.04,0.039,0.079,11.88,0.95,0.0,budget,13.2,0.6947368421052644,11.78687230829216,1.1788315406055772,0.10978186028899496,14.004518702394257,0.0,13.894736842105264,-1.7763568394002505e-15,-3.774758283725532e-15
LAPP0028170_2x1,1,1,20,0.04,0.039,0.079,11.88,0.95,6,baseline,7.074,0.37231578947368416,11.354190144795306,6.655820951958166,3.499696251017499,79.07115290926302,68.12514086877184,7.446315789473684,0.0,1.7763568394002505e-15
LAPP0028170_2x1,1,1,20,0.04,0.039,0.079,11.88,0.95,6,budget,13.2,0.6947368421052644,11.30893656666517,7.228651054871254,4.128018289774213,85.87637453187051,67.85361939999103,13.894736842105264,0.0,9.769962616701378e-15
LAPP0028170_2x1,1,1,20,0.04,0.039,0.079,12.0,0.8,0.0,baseline,7.074,1.7684999999999995,11.941501704114877,0.7404847580395182,0.043317096474218664,8.885817096474218,0.0,8.8425,0.0,1.0769163338864018e-14
LAPP0028170_2x1,1,1,20,0.04,0.039,0.079,12.0,0.8,0.0,budget,13.2,3.299999999999997,11.89037350258878,1.387677182420519,0.15212618904623348,16.65212618904623,0.0,16.499999999999996,0.0,-9.992007221626409e-15
LAPP0028170_2x1,1,1,20,0.04,0.039,0.079,12.0,0.8,6,baseline,7.074,1.7684999999999995,11.465070808048598,6.771255594321534,3.622142283566823,81.25506713185841,68.7904248482916,8.8425,0.0,1.4210854715202004e-14
LAPP0028170_2x1,1,1,20,0.04,0.039,0.079,12.0,0.8,6,budget,13.2,3.299999999999997,11.411775885092272,7.4458748722497,4.379843156442759,89.3504984669964,68.47065531055364,16.499999999999996,0.0,2.220446049250313e-14
LAPP0028170_2x1,1,1,20,0.04,0.039,0.079,12.0,0.9,0.0,baseline,7.074,0.7859999999999996,11.948029925950273,0.6578490386041499,0.03418846324979994,7.894188463249799,0.0,7.859999999999999,0.0,-9.547918011776346e-15
LAPP0028170_2x1,1,1,20,0.04,0.039,0.079,12.0,0.9,0.0,budget,13.2,1.4666666666666668,11.90265476996015,1.2322181017702296,0.119950554576088,14.786617221242755,0.0,14.666666666666666,1.7763568394002505e-15,1.3322676295501878e-14
LAPP0028170_2x1,1,1,20,0.04,0.039,0.079,12.0,0.9,6,baseline,7.074,0.7859999999999996,11.471872830953584,6.6851540385622155,3.5306114770250714,80.22184846274658,68.8312369857215,7.859999999999999,0.0,6.217248937900877e-15
LAPP0028170_2x1,1,1,20,0.04,0.039,0.079,12.0,0.9,6,budget,13.2,1.4666666666666668,11.424581257328498,7.283781552803826,4.19122442300826,87.40537863364591,68.54748754397099,14.666666666666666,-1.4210854715202004e-14,-2.6645352591003757e-15
LAPP0028170_2x1,1,1,20,0.04,0.039,0.079,12.0,0.95,0.0,baseline,7.074,0.37231578947368416,11.95077650837532,0.623082172464289,0.030670280097782616,7.476986069571468,0.0,7.446315789473684,8.881784197001252e-16,1.5987211554602254e-14
LAPP0028170_2x1,1,1,20,0.04,0.039,0.079,12.0,0.95,0.0,budget,13.2,0.6947368421052644,11.907818191978633,1.1668583293843924,0.10756311050744508,14.00229995261271,0.0,13.894736842105264,0.0,2.6645352591003757e-15
LAPP0028170_2x1,1,1,20,0.04,0.039,0.079,12.0,0.95,6,baseline,7.074,0.37231578947368416,11.474734417200398,6.648931427843054,3.4924548414405665,79.78717713411665,68.8484065032024,7.446315789473684,0.0,4.440892098500626e-15
LAPP0028170_2x1,1,1,20,0.04,0.039,0.079,12.0,0.95,6,budget,13.2,0.6947368421052644,11.42996433635096,7.215641312013156,4.113172883946844,86.58769574415788,68.57978601810575,13.894736842105264,2.842170943040401e-14,1.4210854715202004e-14
LAPP0028170_2x1,1,1,20,0.04,0.039,0.079,12.12,0.8,0.0,baseline,7.074,1.7684999999999995,12.062086512205568,0.7330821239801518,0.042455342639440806,8.88495534263944,0.0,8.8425,0.0,-4.773959005888173e-15
LAPP0028170_2x1,1,1,20,0.04,0.039,0.079,12.12,0.8,0.0,budget,13.2,3.299999999999997,12.011478807825831,1.3736859768881882,0.14907403988484122,16.64907403988484,0.0,16.499999999999996,3.552713678800501e-15,1.1546319456101628e-14
LAPP0028170_2x1,1,1,20,0.04,0.039,0.079,12.12,0.8,6,baseline,7.074,1.7684999999999995,11.585705224111328,6.763225011249003,3.6135557916699423,81.97028713633792,69.51423134466796,8.8425,1.4210854715202004e-14,4.440892098500626e-15
LAPP0028170_2x1,1,1,20,0.04,0.039,0.079,12.12,0.8,6,budget,13.2,3.299999999999997,11.532976269652966,7.430680130975115,4.361985569500599,90.05984318741838,69.1978576179178,16.499999999999996,-2.842170943040401e-14,-1.509903313490213e-14
LAPP0028170_2x1,1,1,20,0.04,0.039,0.079,12.12,0.9,0.0,baseline,7.074,0.7859999999999996,12.068548909678608,0.6512796243214062,0.03350904677544233,7.893509046775442,0.0,7.859999999999999,0.0,3.774758283725532e-15
LAPP0028170_2x1,1,1,20,0.04,0.039,0.079,12.12,0.9,0.0,budget,13.2,1.4666666666666668,12.023634238728372,1.2198197629319956,0.11754886006911812,14.784215526735785,0.0,14.666666666666666,1.7763568394002505e-15,-1.3322676295501878e-15
LAPP0028170_2x1,1,1,20,0.04,0.039,0.079,12.12,0.9,6,baseline,7.074,0.7859999999999996,11.592435760973512,6.678028342107451,3.523088940501241,80.9377035063423,69.55461456584106,7.859999999999999,0.0,-1.5987211554602254e-14
LAPP0028170_2x1,1,1,20,0.04,0.039,0.079,12.12,0.9,6,budget,13.2,1.4666666666666668,11.545644697457053,7.270320285353751,4.175747007078474,88.11628185848745,69.27386818474233,14.666666666666666,-1.4210854715202004e-14,-4.440892098500626e-15
LAPP0028170_2x1,1,1,20,0.04,0.039,0.079,12.12,0.95,0.0,baseline,7.074,0.37231578947368416,12.071267840699795,0.6168627759519589,0.03006105506405738,7.476376844537742,0.0,7.446315789473684,8.881784197001252e-16,-4.9960036108132044e-15
LAPP0028170_2x1,1,1,20,0.04,0.039,0.079,12.12,0.95,0.0,budget,13.2,0.6947368421052644,12.028744909063686,1.1551277333710477,0.1054112863518318,14.000148128457097,0.0,13.894736842105264,1.7763568394002505e-15,3.1086244689504383e-15
LAPP0028170_2x1,1,1,20,0.04,0.039,0.079,12.12,0.95,6,baseline,7.074,0.37231578947368416,11.595267323386155,6.642185779922075,3.485371922864923,80.50329165265555,69.57160394031693,7.446315789473684,0.0,4.440892098500626e-15
LAPP0028170_2x1,1,1,20,0.04,0.039,0.079,12.12,0.95,6,budget,13.2,0.6947368421052644,11.550970390066073,7.202906454859831,4.0986670503994524,87.29922623290115,69.30582234039645,13.894736842105264,-1.4210854715202004e-14,-7.993605777301127e-15
LAPP0028170_2x1,1,1,20,0.1,0.039,0.139,11.88,0.8,0.0,baseline,7.074,1.7684999999999995,11.77562271741414,0.7509157020565416,0.07837854043171455,8.920878540431714,0.0,8.8425,0.0,4.9960036108132044e-15
LAPP0028170_2x1,1,1,20,0.1,0.039,0.139,11.88,0.8,0.0,budget,13.2,3.299999999999997,11.683700897505023,1.4122237589566728,0.2772182564052784,16.777218256405273,0.0,16.499999999999996,0.0,4.440892098500626e-16
LAPP0028170_2x1,1,1,20,0.1,0.039,0.139,11.88,0.8,6,baseline,7.074,1.7684999999999995,10.933584210600554,6.808746686326963,6.443905369961008,80.88791063356432,65.60150526360331,8.8425,0.0,-5.329070518200751e-15
LAPP0028170_2x1,1,1,20,0.1,0.039,0.139,11.88,0.8,6,budget,13.2,3.299999999999997,10.834311419979063,7.522939424611065,7.866651844505077,89.37252036437945,65.00586851987438,16.499999999999996,0.0,0.0
LAPP0028170_2x1,1,1,20,0.1,0.039,0.139,11.88,0.9,0.0,baseline,7.074,0.7859999999999996,11.78731220305535,0.6668186830550424,0.061805954693905304,7.921805954693904,0.0,7.859999999999999,0.0,-3.219646771412954e-15
LAPP0028170_2x1,1,1,20,0.1,0.039,0.139,11.88,0.9,0.0,budget,13.2,1.4666666666666668,11.705841944879634,1.2529356483479734,0.21820883570726077,14.884875502373925,0.0,14.666666666666666,-1.7763568394002505e-15,-8.215650382226158e-15
LAPP0028170_2x1,1,1,20,0.1,0.039,0.139,11.88,0.9,6,baseline,7.074,0.7859999999999996,10.946189928446174,6.718058068732573,6.273390285865933,79.81052985654297,65.67713957067704,7.859999999999999,0.0,-4.440892098500626e-15
LAPP0028170_2x1,1,1,20,0.1,0.039,0.139,11.88,0.9,6,budget,13.2,1.4666666666666668,10.858247167032971,7.3507398055182005,7.510639220691736,87.32678888955623,65.14948300219783,14.666666666666666,-1.4210854715202004e-14,-8.881784197001252e-16
LAPP0028170_2x1,1,1,20,0.1,0.039,0.139,11.88,0.95,0.0,baseline,7.074,0.37231578947368416,11.792227106432488,0.6314596659533318,0.05542504205189919,7.5017408315255825,0.0,7.446315789473684,-8.881784197001252e-16,-3.774758283725532e-15
LAPP0028170_2x1,1,1,20,0.1,0.039,0.139,11.88,0.95,0.0,budget,13.2,0.6947368421052644,11.715139096069235,1.1860496685666624,0.19553322046668548,14.09027006257195,0.0,13.894736842105264,0.0,-1.9984014443252818e-15
LAPP0028170_2x1,1,1,20,0.1,0.039,0.139,11.88,0.95,6,baseline,7.074,0.37231578947368416,10.951488841773848,6.679936390116212,6.2023954744638345,79.3576443145806,65.70893305064308,7.446315789473684,0.0,-7.105427357601002e-15
LAPP0028170_2x1,1,1,20,0.1,0.039,0.139,11.88,0.95,6,budget,13.2,0.6947368421052644,10.868293310843416,7.278465389615712,7.363672121468898,86.46816882863466,65.2097598650605,13.894736842105264,0.0,2.6645352591003757e-15
LAPP0028170_2x1,1,1,20,0.1,0.039,0.139,12.0,0.8,0.0,baseline,7.074,1.7684999999999995,11.89668487372354,0.7432742897587055,0.07679147710446682,8.919291477104466,0.0,8.8425,0.0,-2.1094237467877974e-15
LAPP0028170_2x1,1,1,20,0.1,0.039,0.139,12.0,0.8,0.0,budget,13.2,3.299999999999997,11.805729928269141,1.3976264153299236,0.27151698395908813,16.77151698395908,0.0,16.499999999999996,-3.552713678800501e-15,-3.1086244689504383e-15
LAPP0028170_2x1,1,1,20,0.1,0.039,0.139,12.0,0.8,6,baseline,7.074,1.7684999999999995,11.05481701996695,6.7998775541946,6.427128530533496,81.59853065033519,66.32890211980171,8.8425,-1.4210854715202004e-14,-8.881784197001252e-16
LAPP0028170_2x1,1,1,20,0.1,0.039,0.139,12.0,0.8,6,budget,13.2,3.299999999999997,10.956675557753744,7.505931239181705,7.831121523658009,90.07117487018046,65.74005334652247,16.499999999999996,-2.842170943040401e-14,-9.769962616701378e-15
LAPP0028170_2x1,1,1,20,0.1,0.039,0.139,12.0,0.9,0.0,baseline,7.074,0.7859999999999996,11.908253549061685,0.6600464096281634,0.06055691553796108,7.920556915537961,0.0,7.859999999999999,8.881784197001252e-16,5.551115123125783e-16
LAPP0028170_2x1,1,1,20,0.1,0.039,0.139,12.0,0.9,0.0,budget,13.2,1.4666666666666668,11.827635312314364,1.2400337243570945,0.2137380256184668,14.880404692285133,0.0,14.666666666666666,0.0,1.7763568394002505e-15
LAPP0028170_2x1,1,1,20,0.1,0.039,0.139,12.0,0.9,6,baseline,7.074,0.7859999999999996,11.067281994937897,6.710201475266928,6.25872573357575,80.52241770320313,66.40369196962737,7.859999999999999,1.4210854715202004e-14,8.881784197001252e-16
LAPP0028170_2x1,1,1,20,0.1,0.039,0.139,12.0,0.9,6,budget,13.2,1.4666666666666668,10.980334743494545,7.335721269823412,7.4799801102470065,88.02865523788094,65.88200846096727,14.666666666666666,-1.4210854715202004e-14,4.440892098500626e-15
LAPP0028170_2x1,1,1,20,0.1,0.039,0.139,12.0,0.95,0.0,baseline,7.074,0.37231578947368416,11.913117799034884,0.6250518055044273,0.05430587657944388,7.500621666053128,0.0,7.446315789473684,0.0,2.7755575615628914e-15
LAPP0028170_2x1,1,1,20,0.1,0.039,0.139,12.0,0.95,0.0,budget,13.2,0.6947368421052644,11.836834037296878,1.1738558467850528,0.19153331931537204,14.086270161420634,0.0,13.894736842105264,-1.7763568394002505e-15,-3.3306690738754696e-15
LAPP0028170_2x1,1,1,20,0.1,0.039,0.139,12.0,0.95,6,baseline,7.074,0.37231578947368416,11.07252193777046,6.672504044816827,6.188601121705472,80.07004853780192,66.43513162662276,7.446315789473684,0.0,3.552713678800501e-15
LAPP0028170_2x1,1,1,20,0.1,0.039,0.139,12.0,0.95,6,budget,13.2,0.6947368421052644,10.990265536197327,7.26427671800484,7.334990556768858,87.17132061605808,65.94159321718396,13.894736842105264,0.0,-1.7763568394002505e-15
LAPP0028170_2x1,1,1,20,0.1,0.039,0.139,12.12,0.8,0.0,baseline,7.074,1.7684999999999995,12.017725446846304,0.7357881521848588,0.07525240448048966,8.917752404480488,0.0,8.8425,0.0,-3.9968028886505635e-15
LAPP0028170_2x1,1,1,20,0.1,0.039,0.139,12.12,0.8,0.0,budget,13.2,3.299999999999997,11.92771676208046,1.3833326469031637,0.26599168046634775,16.765991680466342,0.0,16.499999999999996,0.0,4.440892098500626e-16
LAPP0028170_2x1,1,1,20,0.1,0.039,0.139,12.12,0.8,6,baseline,7.074,1.7684999999999995,11.176022817592568,6.791202751132604,6.410740438171757,82.30937734372716,67.0561369055554,8.8425,0.0,-2.6645352591003757e-15
LAPP0028170_2x1,1,1,20,0.1,0.039,0.139,12.12,0.8,6,budget,13.2,3.299999999999997,11.078986479011881,7.489305906389337,7.796468711367471,90.77038758543875,66.47391887407129,16.499999999999996,0.0,0.0
LAPP0028170_2x1,1,1,20,0.1,0.039,0.139,12.12,0.9,0.0,baseline,7.074,0.7859999999999996,12.029175822506822,0.6534113488717811,0.05934554832598722,7.919345548325986,0.0,7.859999999999999,0.0,-3.774758283725532e-15
LAPP0028170_2x1,1,1,20,0.1,0.039,0.139,12.12,0.9,0.0,budget,13.2,1.4666666666666668,11.949391592799152,1.2273986129557406,0.20940452235690898,14.876071189023575,0.0,14.666666666666666,0.0,-7.549516567451064e-15
LAPP0028170_2x1,1,1,20,0.1,0.039,0.139,12.12,0.9,6,baseline,7.074,0.7859999999999996,11.188350214368791,6.702516443389991,6.2443980076739365,81.23449929388669,67.13010128621275,7.859999999999999,0.0,-3.552713678800501e-15
LAPP0028170_2x1,1,1,20,0.1,0.039,0.139,12.12,0.9,6,budget,13.2,1.4666666666666668,11.1023756358519,7.321038590993528,7.450067241063493,88.73098772284155,66.6142538151114,14.666666666666666,-1.4210854715202004e-14,-4.440892098500626e-15
LAPP0028170_2x1,1,1,20,0.1,0.039,0.139,12.12,0.95,0.0,baseline,7.074,0.37231578947368416,12.033990467456668,0.6187736154196432,0.05322042941239001,7.499536218886075,0.0,7.446315789473684,8.881784197001252e-16,4.218847493575595e-15
LAPP0028170_2x1,1,1,20,0.1,0.039,0.139,12.12,0.95,0.0,budget,13.2,0.6947368421052644,11.958494009401669,1.1619136014268467,0.18765600718811806,14.082392849293381,0.0,13.894736842105264,0.0,-8.881784197001252e-15
LAPP0028170_2x1,1,1,20,0.1,0.039,0.139,12.12,0.95,6,baseline,7.074,0.37231578947368416,11.193532506459462,6.66523376647869,6.175122421491272,80.78263324972171,67.16119503875677,7.446315789473684,-1.4210854715202004e-14,-7.105427357601002e-15
LAPP0028170_2x1,1,1,20,0.1,0.039,0.139,12.12,0.95,6,budget,13.2,0.6947368421052644,11.112193777783647,7.2504044763766355,7.307002744877668,87.87490225368482,66.67316266670188,13.894736842105264,1.4210854715202004e-14,0.0
LAPP0028170_2x1,1,1,70,0.04,0.0466635,0.0866635,11.88,0.8,0.0,baseline,7.074,1.7684999999999995,11.815140679273135,0.7484041231529364,0.048540983056884104,8.891040983056884,0.0,8.8425,0.0,1.4210854715202004e-14
LAPP0028170_2x1,1,1,70,0.04,0.0466635,0.0866635,11.88,0.8,0.0,budget,13.2,3.299999999999997,11.758389145631291,1.4032534385146116,0.17065084955359347,16.67065084955359,0.0,16.499999999999996,0.0,-1.7319479184152442e-14
LAPP0028170_2x1,1,1,70,0.04,0.0466635,0.0866635,11.88,0.8,6,baseline,7.074,1.7684999999999995,11.292155784741716,6.783065711150411,3.9873859400165856,80.58282064846689,67.7529347084503,8.8425,1.4210854715202004e-14,9.769962616701378e-15
LAPP0028170_2x1,1,1,70,0.04,0.0466635,0.0866635,11.88,0.8,6,budget,13.2,3.299999999999997,11.232716963039113,7.468923329439592,4.8345073755076875,88.73080915374236,67.39630177823469,16.499999999999996,-1.4210854715202004e-14,-7.105427357601002e-15
LAPP0028170_2x1,1,1,70,0.04,0.0466635,0.0866635,11.88,0.9,0.0,baseline,7.074,0.7859999999999996,11.822382586163537,0.6648406057505737,0.038306396316816774,7.898306396316816,0.0,7.859999999999999,-8.881784197001252e-16,-6.994405055138486e-15
LAPP0028170_2x1,1,1,70,0.04,0.0466635,0.0866635,11.88,0.9,0.0,budget,13.2,1.4666666666666668,11.772026691754192,1.2458913873292563,0.13452301480490042,14.801189681471566,0.0,14.666666666666666,0.0,-2.886579864025407e-15
LAPP0028170_2x1,1,1,70,0.04,0.0466635,0.0866635,11.88,0.9,6,baseline,7.074,0.7859999999999996,11.299736611710163,6.695591434569768,3.8852065724278653,79.54362624268884,67.79841967026098,7.859999999999999,0.0,1.0658141036401503e-14
LAPP0028170_2x1,1,1,70,0.04,0.0466635,0.0866635,11.88,0.9,6,budget,13.2,1.4666666666666668,11.247005391270587,7.304050825658025,4.623424794527157,86.77212380881734,67.48203234762352,14.666666666666666,0.0,-7.993605777301127e-15
LAPP0028170_2x1,1,1,70,0.04,0.0466635,0.0866635,11.88,0.95,0.0,baseline,7.074,0.37231578947368416,11.82542914421531,0.6296867283768917,0.034362543643789094,7.480678333117473,0.0,7.446315789473684,0.0,4.218847493575595e-15
LAPP0028170_2x1,1,1,70,0.04,0.0466635,0.0866635,11.88,0.95,0.0,budget,13.2,0.6947368421052644,11.777759285349493,1.179743659678043,0.12061783486988893,14.015354676975152,0.0,13.894736842105264,0.0,-3.774758283725532e-15
LAPP0028170_2x1,1,1,70,0.04,0.0466635,0.0866635,11.88,0.95,6,baseline,7.074,0.37231578947368416,11.302925481203099,6.658795442105409,3.842621175519984,79.10648985221226,67.8175528872186,7.446315789473684,0.0,-1.7763568394002505e-15
LAPP0028170_2x1,1,1,70,0.04,0.0466635,0.0866635,11.88,0.95,6,budget,13.2,0.6947368421052644,11.253010611948074,7.234757285961527,4.536116043429236,85.94891655722294,67.51806367168845,13.894736842105264,0.0,-1.7763568394002505e-15
LAPP0028170_2x1,1,1,70,0.04,0.0466635,0.0866635,12.0,0.8,0.0,baseline,7.074,1.7684999999999995,11.93579632410429,0.740838714057361,0.04756456868833347,8.890064568688333,0.0,8.8425,0.0,-3.3306690738754696e-16
LAPP0028170_2x1,1,1,70,0.04,0.0466635,0.0866635,12.0,0.8,0.0,budget,13.2,3.299999999999997,11.879630281743914,1.3889321139359412,0.1671853672313012,16.667185367231294,0.0,16.499999999999996,-3.552713678800501e-15,-1.7985612998927536e-14
LAPP0028170_2x1,1,1,70,0.04,0.0466635,0.0866635,12.0,0.8,6,baseline,7.074,1.7684999999999995,11.412873596850925,6.774782961097532,3.9776539520648404,81.29739553317039,68.47724158110555,8.8425,0.0,-1.5987211554602254e-14
LAPP0028170_2x1,1,1,70,0.04,0.0466635,0.0866635,12.0,0.8,6,budget,13.2,3.299999999999997,11.354077660442146,7.453222401101444,4.814202850564459,89.43866881321733,68.12446596265288,16.499999999999996,0.0,-7.105427357601002e-15
LAPP0028170_2x1,1,1,70,0.04,0.0466635,0.0866635,12.0,0.9,0.0,baseline,7.074,0.7859999999999996,11.94296431841888,0.6581280652306746,0.037536782768094384,7.8975367827680945,0.0,7.859999999999999,8.881784197001252e-16,1.0658141036401503e-14
LAPP0028170_2x1,1,1,70,0.04,0.0466635,0.0866635,12.0,0.9,0.0,budget,13.2,1.4666666666666668,11.89312610872475,1.2332053433711812,0.13179745378750693,14.798464120454174,0.0,14.666666666666666,0.0,1.176836406102666e-14
LAPP0028170_2x1,1,1,70,0.04,0.0466635,0.0866635,12.0,0.9,6,baseline,7.074,0.7859999999999996,11.420373392400755,6.688243696587901,3.8766840046502833,80.25892435905482,68.52224035440453,7.859999999999999,0.0,-7.993605777301127e-15
LAPP0028170_2x1,1,1,70,0.04,0.0466635,0.0866635,12.0,0.9,6,budget,13.2,1.4666666666666668,11.368210313174988,7.290147372596458,4.605839925440908,87.4817684711575,68.20926187904993,14.666666666666666,-1.4210854715202004e-14,-8.881784197001252e-15
LAPP0028170_2x1,1,1,70,0.04,0.0466635,0.0866635,12.0,0.95,0.0,baseline,7.074,0.37231578947368416,11.945979836122802,0.6233323588038524,0.033672516172544284,7.479988305646229,0.0,7.446315789473684,8.881784197001252e-16,-1.3322676295501878e-15
LAPP0028170_2x1,1,1,70,0.04,0.0466635,0.0866635,12.0,0.95,0.0,budget,13.2,0.6947368421052644,11.898799324751115,1.1677427665497584,0.11817635649183661,14.0129131985971,0.0,13.894736842105264,0.0,-2.6645352591003757e-15
LAPP0028170_2x1,1,1,70,0.04,0.0466635,0.0866635,12.0,0.95,6,baseline,7.074,0.37231578947368416,11.423528240328846,6.651840274984896,3.834598068371993,79.82208329981876,68.54116944197307,7.446315789473684,1.4210854715202004e-14,7.105427357601002e-15
LAPP0028170_2x1,1,1,70,0.04,0.0466635,0.0866635,12.0,0.95,6,budget,13.2,0.6947368421052644,11.374150298185157,7.221606579642462,4.519640324493355,86.65927895570955,68.24490178911094,13.894736842105264,0.0,-1.509903313490213e-14
LAPP0028170_2x1,1,1,70,0.04,0.0466635,0.0866635,12.12,0.8,0.0,baseline,7.074,1.7684999999999995,12.056438776578144,0.7334255300311553,0.04661742397760271,8.889117423977602,0.0,8.8425,0.0,2.1094237467877974e-15
LAPP0028170_2x1,1,1,70,0.04,0.0466635,0.0866635,12.12,0.8,0.0,budget,13.2,3.299999999999997,12.000846088731805,1.3749030591678593,0.16382507711445526,16.663825077114453,0.0,16.499999999999996,0.0,3.552713678800501e-15
LAPP0028170_2x1,1,1,70,0.04,0.0466635,0.0866635,12.12,0.8,6,baseline,7.074,1.7684999999999995,11.53357629575116,6.766674600596996,3.9681383847286154,82.01209615923558,69.20145777450696,8.8425,0.0,1.0658141036401503e-14
LAPP0028170_2x1,1,1,70,0.04,0.0466635,0.0866635,12.12,0.8,6,budget,13.2,3.299999999999997,11.475409261258253,7.437857214879917,4.794373876795069,90.14682944434459,68.85245556754953,16.499999999999996,0.0,3.552713678800501e-15
LAPP0028170_2x1,1,1,70,0.04,0.0466635,0.0866635,12.12,0.9,0.0,baseline,7.074,0.7859999999999996,12.063534366521107,0.6515503467883494,0.036790203074795996,7.8967902030747945,0.0,7.859999999999999,-8.881784197001252e-16,-3.9968028886505635e-15
LAPP0028170_2x1,1,1,70,0.04,0.0466635,0.0866635,12.12,0.9,0.0,budget,13.2,1.4666666666666668,12.014203165271852,1.22077731372664,0.12915437570021063,14.795821042366876,0.0,14.666666666666666,0.0,-1.1102230246251565e-14
LAPP0028170_2x1,1,1,70,0.04,0.0466635,0.0866635,12.12,0.9,6,baseline,7.074,0.7859999999999996,11.540996792277369,6.681050358254973,3.8683495883860552,80.97433034205027,69.24598075366421,7.859999999999999,0.0,5.329070518200751e-15
LAPP0028170_2x1,1,1,70,0.04,0.0466635,0.0866635,12.12,0.9,6,budget,13.2,1.4666666666666668,11.489389565826468,7.276540114044923,4.588662120598992,88.19166618222445,68.9363373949588,14.666666666666666,-1.4210854715202004e-14,-5.329070518200751e-15
LAPP0028170_2x1,1,1,70,0.04,0.0466635,0.0866635,12.12,0.95,0.0,baseline,7.074,0.37231578947368416,12.066519475667995,0.6171055211479249,0.03300312683916511,7.47931891631285,0.0,7.446315789473684,8.881784197001252e-16,9.43689570931383e-15
LAPP0028170_2x1,1,1,70,0.04,0.0466635,0.0866635,12.12,0.95,0.0,budget,13.2,0.6947368421052644,12.01981824166511,1.1559856033380769,0.11580867035222657,14.01054551245749,0.0,13.894736842105264,0.0,-2.886579864025407e-15
LAPP0028170_2x1,1,1,70,0.04,0.0466635,0.0866635,12.12,0.95,6,baseline,7.074,0.37231578947368416,11.544118343995663,6.645031137726223,3.8267515357941577,80.53777738924181,69.26471006397398,7.446315789473684,-1.4210854715202004e-14,-5.329070518200751e-15
LAPP0028170_2x1,1,1,70,0.04,0.0466635,0.0866635,12.12,0.95,6,budget,13.2,0.6947368421052644,11.495265743030199,7.208735591913559,4.503544073705874,87.36987537399233,68.97159445818119,13.894736842105264,1.4210854715202004e-14,-6.217248937900877e-15
LAPP0028170_2x1,1,1,70,0.1,0.0466635,0.1466635,11.88,0.8,0.0,baseline,7.074,1.7684999999999995,11.769813719258105,0.7512863169220468,0.08278144503391817,8.925281445033917,0.0,8.8425,0.0,-3.774758283725532e-15
LAPP0028170_2x1,1,1,70,0.1,0.0466635,0.1466635,11.88,0.8,0.0,budget,13.2,3.299999999999997,11.6726828143549,1.4135567857381106,0.2930546145687607,16.793054614568756,0.0,16.499999999999996,0.0,-3.774758283725532e-15
LAPP0028170_2x1,1,1,70,0.1,0.0466635,0.1466635,11.88,0.8,6,baseline,7.074,1.7684999999999995,10.880830301823849,6.812667761073143,6.807011190605847,80.93449300154894,65.2849818109431,8.8425,0.0,5.329070518200751e-15
LAPP0028170_2x1,1,1,70,0.1,0.0466635,0.1466635,11.88,0.8,6,budget,13.2,3.299999999999997,10.775439032283627,7.531260113909546,8.318735959543648,89.47137015324542,64.65263419370176,16.499999999999996,1.4210854715202004e-14,7.993605777301127e-15
LAPP0028170_2x1,1,1,70,0.1,0.0466635,0.1466635,11.88,0.9,0.0,baseline,7.074,0.7859999999999996,11.782159266059082,0.6671103167517295,0.06527056301054701,7.925270563010547,0.0,7.859999999999999,8.881784197001252e-16,7.771561172376096e-15
LAPP0028170_2x1,1,1,70,0.1,0.0466635,0.1466635,11.88,0.9,0.0,budget,13.2,1.4666666666666668,11.696086807313918,1.253980661078469,0.230623586945545,14.897290253612212,0.0,14.666666666666666,1.7763568394002505e-15,4.218847493575595e-15
LAPP0028170_2x1,1,1,70,0.1,0.0466635,0.1466635,11.88,0.9,6,baseline,7.074,0.7859999999999996,10.894203544534388,6.721484592046506,6.626015686306177,79.8512369535125,65.36522126720632,7.859999999999999,0.0,-2.6645352591003757e-15
LAPP0028170_2x1,1,1,70,0.1,0.0466635,0.1466635,11.88,0.9,6,budget,13.2,1.4666666666666668,10.800862245872459,7.357916278607434,7.940205247954904,87.41204538985633,64.80517347523475,14.666666666666666,0.0,3.552713678800501e-15
LAPP0028170_2x1,1,1,70,0.1,0.0466635,0.1466635,11.88,0.95,0.0,baseline,7.074,0.37231578947368416,11.787349593124269,0.6317209590370704,0.058529203886713066,7.504844993360397,0.0,7.446315789473684,0.0,-8.548717289613705e-15
LAPP0028170_2x1,1,1,70,0.1,0.0466635,0.1466635,11.88,0.95,0.0,budget,13.2,0.6947368421052644,11.70591269992513,1.186984492221109,0.20663892548151414,14.101375767586775,0.0,13.894736842105264,-1.7763568394002505e-15,-4.6629367034256575e-15
LAPP0028170_2x1,1,1,70,0.1,0.0466635,0.1466635,11.88,0.95,6,baseline,7.074,0.37231578947368416,10.89982447500616,6.68315923862338,6.550669115335103,79.39593175484575,65.39894685003696,7.446315789473684,0.0,8.881784197001252e-15
LAPP0028170_2x1,1,1,70,0.1,0.0466635,0.1466635,11.88,0.95,6,budget,13.2,0.6947368421052644,10.811530352189902,7.285177619585635,7.7839911654326706,86.54791012067736,64.8691821131394,13.894736842105264,2.842170943040401e-14,9.769962616701378e-15
LAPP0028170_2x1,1,1,70,0.1,0.0466635,0.1466635,12.0,0.8,0.0,baseline,7.074,1.7684999999999995,11.890936088708653,0.7436336327126192,0.08110359255143137,8.92360359255143,0.0,8.8425,0.0,-3.3306690738754696e-16
LAPP0028170_2x1,1,1,70,0.1,0.0466635,0.1466635,12.0,0.8,0.0,budget,13.2,3.299999999999997,11.794829786111064,1.3989180258819403,0.2870163105832857,16.787016310583283,0.0,16.499999999999996,0.0,-1.3322676295501878e-15
LAPP0028170_2x1,1,1,70,0.1,0.0466635,0.1466635,12.0,0.8,6,baseline,7.074,1.7684999999999995,11.002144526011413,6.803706948140378,6.789116221616054,81.64448337768454,66.01286715606848,8.8425,0.0,1.7763568394002505e-15
LAPP0028170_2x1,1,1,70,0.1,0.0466635,0.1466635,12.0,0.8,6,budget,13.2,3.299999999999997,10.897963966843104,7.514044279298501,8.280747550523385,90.168531351582,65.38778380105862,16.499999999999996,0.0,1.7763568394002505e-15
LAPP0028170_2x1,1,1,70,0.1,0.0466635,0.1466635,12.0,0.9,0.0,baseline,7.074,0.7859999999999996,11.903153808770359,0.6603291973097647,0.0639503677171766,7.923950367717176,0.0,7.859999999999999,0.0,3.6637359812630166e-15
LAPP0028170_2x1,1,1,70,0.1,0.0466635,0.1466635,12.0,0.9,0.0,budget,13.2,1.4666666666666668,11.817983785929052,1.2410464367136267,0.22589057389685593,14.89255724056352,0.0,14.666666666666666,-1.7763568394002505e-15,-3.552713678800501e-15
LAPP0028170_2x1,1,1,70,0.1,0.0466635,0.1466635,12.0,0.9,6,baseline,7.074,0.7859999999999996,11.015367465348401,6.713548596969243,6.61037837154051,80.56258316363092,66.0922047920904,7.859999999999999,1.4210854715202004e-14,2.6645352591003757e-15
LAPP0028170_2x1,1,1,70,0.1,0.0466635,0.1466635,12.0,0.9,6,budget,13.2,1.4666666666666668,10.923090794687186,7.342721299524517,7.907444159504421,88.11265559429421,65.53854476812312,14.666666666666666,0.0,2.6645352591003757e-15
LAPP0028170_2x1,1,1,70,0.1,0.0466635,0.1466635,12.0,0.95,0.0,baseline,7.074,0.37231578947368416,11.908290553468959,0.6253051818008023,0.057346392135944155,7.503662181609627,0.0,7.446315789473684,-8.881784197001252e-16,-4.551914400963142e-15
LAPP0028170_2x1,1,1,70,0.1,0.0466635,0.1466635,12.0,0.95,0.0,budget,13.2,0.6947368421052644,11.827705317117356,1.174761838375906,0.20240521840560943,14.097142060510873,0.0,13.894736842105264,0.0,-6.661338147750939e-15
LAPP0028170_2x1,1,1,70,0.1,0.0466635,0.1466635,12.0,0.95,6,baseline,7.074,0.37231578947368416,11.020925440050787,6.675652496696264,6.535961530576756,80.10782996035516,66.12555264030472,7.446315789473684,0.0,3.552713678800501e-15
LAPP0028170_2x1,1,1,70,0.1,0.0466635,0.1466635,12.0,0.95,6,budget,13.2,0.6947368421052644,10.933635361859768,7.270824971040723,7.753350639224796,87.24989965248866,65.6018121711586,13.894736842105264,1.4210854715202004e-14,8.881784197001252e-15
LAPP0028170_2x1,1,1,70,0.1,0.0466635,0.1466635,12.12,0.8,0.0,baseline,7.074,1.7684999999999995,12.012035618278002,0.736136678328267,0.07947654133859652,8.921976541338596,0.0,8.8425,0.0,-4.884981308350689e-15
LAPP0028170_2x1,1,1,70,0.1,0.0466635,0.1466635,12.12,0.8,0.0,budget,13.2,3.299999999999997,11.916931982702206,1.384584557833363,0.28116484094036304,16.78116484094036,0.0,16.499999999999996,0.0,0.0
LAPP0028170_2x1,1,1,70,0.1,0.0466635,0.1466635,12.12,0.8,6,baseline,7.074,1.7684999999999995,11.123429780274826,6.794943661682515,6.771638497943119,82.35471717959207,66.74057868164896,8.8425,0.0,-1.7763568394002505e-15
LAPP0028170_2x1,1,1,70,0.1,0.0466635,0.1466635,12.12,0.8,6,budget,13.2,3.299999999999997,11.020431615917442,7.497219035973881,8.243705020498773,90.86629471600344,66.12258969550464,16.499999999999996,2.842170943040401e-14,1.4210854715202004e-14
LAPP0028170_2x1,1,1,70,0.1,0.0466635,0.1466635,12.12,0.9,0.0,baseline,7.074,0.7859999999999996,12.024128175182017,0.6536856465172385,0.06267003578892934,7.92267003578893,0.0,7.859999999999999,1.7763568394002505e-15,4.884981308350689e-15
LAPP0028170_2x1,1,1,70,0.1,0.0466635,0.1466635,12.12,0.9,0.0,budget,13.2,1.4666666666666668,11.939841437771374,1.2283803552255772,0.22130323866732943,14.887969905333994,0.0,14.666666666666666,-1.7763568394002505e-15,-9.547918011776346e-15
LAPP0028170_2x1,1,1,70,0.1,0.0466635,0.1466635,12.12,0.9,6,baseline,7.074,0.7859999999999996,11.136505821950212,6.70578690710221,6.595102382377498,81.27413731407879,66.81903493170128,7.859999999999999,0.0,1.2434497875801753e-14
LAPP0028170_2x1,1,1,70,0.1,0.0466635,0.1466635,12.12,0.9,6,budget,13.2,1.4666666666666668,11.045269135577229,7.327868654592107,7.875486613526292,88.81376809365634,66.27161481346337,14.666666666666666,0.0,6.217248937900877e-15
LAPP0028170_2x1,1,1,70,0.1,0.0466635,0.1466635,12.12,0.95,0.0,baseline,7.074,0.37231578947368416,12.029212449244081,0.6190193930727038,0.056199254567485965,7.50251504404117,0.0,7.446315789473684,0.0,-3.885780586188048e-15
LAPP0028170_2x1,1,1,70,0.1,0.0466635,0.1466635,12.12,0.95,0.0,budget,13.2,0.6947368421052644,11.94946086353903,1.1627919452417963,0.1983015342253077,14.09303837633057,0.0,13.894736842105264,-1.7763568394002505e-15,-1.1324274851176597e-14
LAPP0028170_2x1,1,1,70,0.1,0.0466635,0.1466635,12.12,0.95,6,baseline,7.074,0.37231578947368416,11.142002260254287,6.668310382240377,6.521592481753951,80.81992183275337,66.85201356152572,7.446315789473684,0.0,3.552713678800501e-15
LAPP0028170_2x1,1,1,70,0.1,0.0466635,0.1466635,12.12,0.95,6,budget,13.2,0.6947368421052644,11.055693085644783,7.256794733217298,7.7234568106196795,87.95235216659364,66.3341585138687,13.894736842105264,0.0,3.552713678800501e-15
LAPP0028170_2x1,1,2,20,0.04,0.078,0.118,11.88,0.8,0.0,baseline,7.074,1.7684999999999995,11.791511343234328,0.7499038708955322,0.06635798623892417,8.908857986238923,0.0,8.8425,0.0,4.440892098500626e-16
LAPP0028170_2x1,1,2,20,0.04,0.078,0.118,11.88,0.8,0.0,budget,13.2,3.299999999999997,11.71378558659741,1.4085967237507608,0.2341290781590425,16.73412907815904,0.0,16.499999999999996,0.0,5.995204332975845e-15
LAPP0028170_2x1,1,2,20,0.04,0.078,0.118,11.88,0.8,6,baseline,7.074,1.7684999999999995,11.077810357250149,6.798217311439422,5.453459516399447,80.76282165990034,66.46686214350089,8.8425,0.0,8.881784197001252e-16
LAPP0028170_2x1,1,2,20,0.04,0.078,0.118,11.88,0.8,6,budget,13.2,3.299999999999997,10.994918191283727,7.500693294205722,6.638727187461637,89.10823633516398,65.96950914770235,16.499999999999996,-1.4210854715202004e-14,-9.769962616701378e-15
LAPP0028170_2x1,1,2,20,0.04,0.078,0.118,11.88,0.9,0.0,baseline,7.074,0.7859999999999996,11.801409386828393,0.6660221455220917,0.05234308880245033,7.91234308880245,0.0,7.859999999999999,0.0,8.881784197001252e-15
LAPP0028170_2x1,1,2,20,0.04,0.078,0.118,11.88,0.9,0.0,budget,13.2,1.4666666666666668,11.732489390006108,1.2500899152024743,0.18440152593872963,14.851068192605394,0.0,14.666666666666666,-1.7763568394002505e-15,3.1086244689504383e-15
LAPP0028170_2x1,1,2,20,0.04,0.078,0.118,11.88,0.9,6,baseline,7.074,0.7859999999999996,11.088355495603679,6.708851732172218,5.31102560458388,79.70115857820596,66.53013297362207,7.859999999999999,1.4210854715202004e-14,8.881784197001252e-16
LAPP0028170_2x1,1,2,20,0.04,0.078,0.118,11.88,0.9,6,budget,13.2,1.4666666666666668,11.014879196789458,7.331532230597826,6.342661052098779,87.09860289950218,66.08927518073675,14.666666666666666,-1.4210854715202004e-14,-7.105427357601002e-15
LAPP0028170_2x1,1,2,20,0.04,0.078,0.118,11.88,0.95,0.0,baseline,7.074,0.37231578947368416,11.80557198718438,0.6307458713188216,0.046945161793917264,7.493260951267602,0.0,7.446315789473684,8.881784197001252e-16,5.662137425588298e-15
LAPP0028170_2x1,1,2,20,0.04,0.078,0.118,11.88,0.95,0.0,budget,13.2,0.6947368421052644,11.740346632110153,1.183503117710579,0.16528019629641796,14.06001703840168,0.0,13.894736842105264,-1.7763568394002505e-15,-6.8833827526759706e-15
LAPP0028170_2x1,1,2,20,0.04,0.078,0.118,11.88,0.95,6,baseline,7.074,0.37231578947368416,11.092789512669075,6.671275316363774,5.2516978929135,79.25475075840164,66.55673707601446,7.446315789473684,0.0,4.440892098500626e-15
LAPP0028170_2x1,1,2,20,0.04,0.078,0.118,11.88,0.95,6,budget,13.2,0.6947368421052644,11.023261907672978,7.260492307856128,6.220340329187685,86.25464861733082,66.13957144603788,13.894736842105264,0.0,-5.329070518200751e-15
LAPP0028170_2x1,1,2,20,0.04,0.078,0.118,12.0,0.8,0.0,baseline,7.074,1.7684999999999995,11.912409407339787,0.7422931581374064,0.06501789764887733,8.907517897648876,0.0,8.8425,0.0,-8.326672684688674e-15
LAPP0028170_2x1,1,2,20,0.04,0.078,0.118,12.0,0.8,0.0,budget,13.2,3.299999999999997,11.835494837629454,1.3941115455131068,0.2293385461572873,16.72933854615728,0.0,16.499999999999996,-3.552713678800501e-15,-8.659739592076221e-15
LAPP0028170_2x1,1,2,20,0.04,0.078,0.118,12.0,0.8,6,baseline,7.074,1.7684999999999995,11.1988281983148,6.789591539705075,5.439629286572098,81.4750984764609,67.1929691898888,8.8425,0.0,1.0658141036401503e-14
LAPP0028170_2x1,1,2,20,0.04,0.078,0.118,12.0,0.8,6,budget,13.2,3.299999999999997,11.116860626994622,7.484231974621839,6.609619933494324,89.81078369546206,66.70116376196773,16.499999999999996,0.0,5.329070518200751e-15
LAPP0028170_2x1,1,2,20,0.04,0.078,0.118,12.0,0.9,0.0,baseline,7.074,0.7859999999999996,11.922205670187417,0.6592739814625628,0.05128777755075295,7.911287777550753,0.0,7.859999999999999,8.881784197001252e-16,8.326672684688674e-15
LAPP0028170_2x1,1,2,20,0.04,0.078,0.118,12.0,0.9,0.0,budget,13.2,1.4666666666666668,11.854001480469009,1.2372755892456977,0.18064040428170802,14.847307070948371,0.0,14.666666666666666,-3.552713678800501e-15,-9.547918011776346e-15
LAPP0028170_2x1,1,2,20,0.04,0.078,0.118,12.0,0.9,6,baseline,7.074,0.7859999999999996,11.209257678734646,6.701206112418255,5.298927276611191,80.41447334901906,67.25554607240788,7.859999999999999,-1.4210854715202004e-14,-2.6645352591003757e-15
LAPP0028170_2x1,1,2,20,0.04,0.078,0.118,12.0,0.9,6,budget,13.2,1.4666666666666668,11.136596446046033,7.316979270796327,6.31750590661305,87.80375124955592,66.8195786762762,14.666666666666666,0.0,4.440892098500626e-15
LAPP0028170_2x1,1,2,20,0.04,0.078,0.118,12.0,0.95,0.0,baseline,7.074,0.37231578947368416,11.926325567908172,0.6243595939985509,0.045999338508928164,7.492315127982611,0.0,7.446315789473684,-1.7763568394002505e-15,-1.1324274851176597e-14
LAPP0028170_2x1,1,2,20,0.04,0.078,0.118,12.0,0.95,0.0,budget,13.2,0.6947368421052644,11.861776271117108,1.1713875329058703,0.16191355276518155,14.056650394870443,0.0,13.894736842105264,-1.7763568394002505e-15,-7.549516567451064e-15
LAPP0028170_2x1,1,2,20,0.04,0.078,0.118,12.0,0.95,6,baseline,7.074,0.37231578947368416,11.213643194103058,6.664040727940184,5.2403137811901725,79.96848873528221,67.28185916461835,7.446315789473684,0.0,0.0
LAPP0028170_2x1,1,2,20,0.04,0.078,0.118,12.0,0.95,6,budget,13.2,0.6947368421052644,11.144885073597337,7.246736664429356,6.196792689462995,86.96083997315228,66.86931044158402,13.894736842105264,0.0,-5.329070518200751e-15
LAPP0028170_2x1,1,2,20,0.04,0.078,0.118,12.12,0.8,0.0,baseline,7.074,1.7684999999999995,12.033289294852544,0.7348364843004762,0.06371818972177191,8.906218189721772,0.0,8.8425,0.0,-8.770761894538737e-15
LAPP0028170_2x1,1,2,20,0.04,0.078,0.118,12.12,0.8,0.0,budget,13.2,3.299999999999997,11.95716881223524,1.3799253200403325,0.22469487888883286,16.72469487888883,0.0,16.499999999999996,0.0,-1.7763568394002505e-15
LAPP0028170_2x1,1,2,20,0.04,0.078,0.118,12.12,0.8,6,baseline,7.074,1.7684999999999995,11.319824097707372,6.781151714344297,5.426114191608642,82.18755877785287,67.91894458624424,8.8425,-1.4210854715202004e-14,5.329070518200751e-15
LAPP0028170_2x1,1,2,20,0.04,0.078,0.118,12.12,0.8,6,budget,13.2,3.299999999999997,11.238760251447733,7.468133462307334,6.581216054478473,90.51377756316488,67.4325615086864,16.499999999999996,0.0,7.993605777301127e-15
LAPP0028170_2x1,1,2,20,0.04,0.078,0.118,12.12,0.9,0.0,baseline,7.074,0.7859999999999996,12.04298587663384,0.652662062425084,0.050264196592017765,7.910264196592017,0.0,7.859999999999999,0.0,1.5543122344752192e-15
LAPP0028170_2x1,1,2,20,0.04,0.078,0.118,12.12,0.9,0.0,budget,13.2,1.4666666666666668,11.975482510610046,1.224724486355542,0.17699410796250384,14.843660774629168,0.0,14.666666666666666,-1.7763568394002505e-15,-7.993605777301127e-15
LAPP0028170_2x1,1,2,20,0.04,0.078,0.118,12.12,0.9,6,baseline,7.074,0.7859999999999996,11.330140467662591,6.693724850317016,5.287102379866685,81.12794518584224,67.98084280597556,7.859999999999999,0.0,-8.881784197001252e-16
LAPP0028170_2x1,1,2,20,0.04,0.078,0.118,12.12,0.9,6,budget,13.2,1.4666666666666668,11.258276049813563,7.3027453405630025,6.292950562075528,88.50927352762359,67.54965629888139,14.666666666666666,0.0,1.3322676295501878e-14
LAPP0028170_2x1,1,2,20,0.04,0.078,0.118,12.12,0.95,0.0,baseline,7.074,0.37231578947368416,12.047063949620224,0.6181021218625161,0.04508192750001147,7.491397716973695,0.0,7.446315789473684,-8.881784197001252e-16,-1.3100631690576847e-14
LAPP0028170_2x1,1,2,20,0.04,0.078,0.118,12.12,0.95,0.0,budget,13.2,0.6947368421052644,11.983176601506287,1.159520326217899,0.15864951165567062,14.053386353760935,0.0,13.894736842105264,0.0,2.6645352591003757e-15
LAPP0028170_2x1,1,2,20,0.04,0.078,0.118,12.12,0.95,6,baseline,7.074,0.37231578947368416,11.33447854547231,6.656961479048209,5.229186063756742,80.68237312606429,68.00687127283386,7.446315789473684,0.0,6.217248937900877e-15
LAPP0028170_2x1,1,2,20,0.04,0.078,0.118,12.12,0.95,6,budget,13.2,0.6947368421052644,11.266472736434517,7.233281894622728,6.173803302115081,87.66737656282746,67.5988364186071,13.894736842105264,1.4210854715202004e-14,1.7763568394002505e-15
LAPP0028170_2x1,1,2,20,0.1,0.078,0.178,11.88,0.8,0.0,baseline,7.074,1.7684999999999995,11.74599991388219,0.7528094725719651,0.10087653415494628,8.943376534154945,0.0,8.8425,0.0,1.887379141862766e-15
LAPP0028170_2x1,1,2,20,0.1,0.078,0.178,11.88,0.8,0.0,budget,13.2,3.299999999999997,11.627407142099115,1.4190609994431849,0.35844467338504293,16.858444673385037,0.0,16.499999999999996,-3.552713678800501e-15,-3.552713678800501e-15
LAPP0028170_2x1,1,2,20,0.1,0.078,0.178,11.88,0.8,6,baseline,7.074,1.7684999999999995,10.66440955042492,6.829159829073488,8.301461466843522,81.13041876939305,63.986457302549525,8.8425,0.0,-4.440892098500626e-15
LAPP0028170_2x1,1,2,20,0.1,0.078,0.178,11.88,0.8,6,budget,13.2,3.299999999999997,10.533166468918287,7.5664805116950244,10.190789665427186,89.8897884789369,63.19899881350972,16.499999999999996,-1.4210854715202004e-14,-2.6645352591003757e-15
LAPP0028170_2x1,1,2,20,0.1,0.078,0.178,11.88,0.9,0.0,baseline,7.074,0.7859999999999996,11.761041143987905,0.6683081798432388,0.07950117653767813,7.939501176537677,0.0,7.859999999999999,-8.881784197001252e-16,-2.7755575615628914e-15
LAPP0028170_2x1,1,2,20,0.1,0.078,0.178,11.88,0.9,0.0,budget,13.2,1.4666666666666668,11.656024259337372,1.2582906778799416,0.2818265865470422,14.948493253213707,0.0,14.666666666666666,-1.7763568394002505e-15,-1.9984014443252818e-15
LAPP0028170_2x1,1,2,20,0.1,0.078,0.178,11.88,0.9,6,baseline,7.074,0.7859999999999996,10.681012417046997,6.735885297488782,8.076242831884745,80.02231733416673,64.08607450228197,7.859999999999999,1.4210854715202004e-14,4.440892098500626e-15
LAPP0028170_2x1,1,2,20,0.1,0.078,0.178,11.88,0.9,6,budget,13.2,1.4666666666666668,10.564892258356764,7.3882457395687515,9.716339169269533,87.77235938607677,63.389353550140584,14.666666666666666,-1.4210854715202004e-14,-4.440892098500626e-15
LAPP0028170_2x1,1,2,20,0.1,0.078,0.178,11.88,0.95,0.0,baseline,7.074,0.37231578947368416,11.76736267873158,0.6327939397102302,0.07127621428385102,7.517592003757536,0.0,7.446315789473684,8.881784197001252e-16,5.551115123125783e-16
LAPP0028170_2x1,1,2,20,0.1,0.078,0.178,11.88,0.95,0.0,budget,13.2,0.6947368421052644,11.66803079968197,1.1908382040338792,0.252421021817221,14.147157863922486,0.0,13.894736842105264,0.0,-2.220446049250313e-16
LAPP0028170_2x1,1,2,20,0.1,0.078,0.178,11.88,0.95,6,baseline,7.074,0.37231578947368416,10.687987484789574,6.696699523654082,7.982549642799367,79.5567903410105,64.12792490873744,7.446315789473684,0.0,4.440892098500626e-15
LAPP0028170_2x1,1,2,20,0.1,0.078,0.178,11.88,0.95,6,budget,13.2,0.6947368421052644,10.578192266544747,7.313526592445254,9.520805476875893,86.88469591824962,63.46915359926848,13.894736842105264,-1.4210854715202004e-14,-6.217248937900877e-15
LAPP0028170_2x1,1,2,20,0.1,0.078,0.178,12.0,0.8,0.0,baseline,7.074,1.7684999999999995,11.867370364993164,0.7451103090271753,0.09882370832610594,8.941323708326104,0.0,8.8425,-1.7763568394002505e-15,-6.106226635438361e-15
LAPP0028170_2x1,1,2,20,0.1,0.078,0.178,12.0,0.8,0.0,budget,13.2,3.299999999999997,11.750043478096492,1.4042501230534168,0.3510014766410054,16.851001476641002,0.0,16.499999999999996,0.0,-8.881784197001252e-16
LAPP0028170_2x1,1,2,20,0.1,0.078,0.178,12.0,0.8,6,baseline,7.074,1.7684999999999995,10.78607434158584,6.819807069742477,8.278738787394683,81.83768483690972,64.71644604951504,8.8425,-1.4210854715202004e-14,-3.552713678800501e-15
LAPP0028170_2x1,1,2,20,0.1,0.078,0.178,12.0,0.8,6,budget,13.2,3.299999999999997,10.656390736736494,7.548366647547789,10.142055350154509,90.58039977057348,63.938344420418964,16.499999999999996,1.4210854715202004e-14,-2.6645352591003757e-15
LAPP0028170_2x1,1,2,20,0.1,0.078,0.178,12.0,0.9,0.0,baseline,7.074,0.7859999999999996,11.882254669767367,0.6614906192844531,0.07788743141343661,7.9378874314134364,0.0,7.859999999999999,0.0,4.551914400963142e-15
LAPP0028170_2x1,1,2,20,0.1,0.078,0.178,12.0,0.9,0.0,budget,13.2,1.4666666666666668,11.778350398974895,1.2452224776691267,0.2760030653628541,14.942669732029522,0.0,14.666666666666666,1.7763568394002505e-15,0.0
LAPP0028170_2x1,1,2,20,0.1,0.078,0.178,12.0,0.9,6,baseline,7.074,0.7859999999999996,10.802485360234769,6.727610335759731,8.056411867708167,80.73132402911678,64.81491216140861,7.859999999999999,0.0,-6.217248937900877e-15
LAPP0028170_2x1,1,2,20,0.1,0.078,0.178,12.0,0.9,6,budget,13.2,1.4666666666666668,10.687732407289111,7.3722898466903874,9.674417049883324,88.46747816028466,64.12639444373467,14.666666666666666,0.0,-1.7763568394002505e-15
LAPP0028170_2x1,1,2,20,0.1,0.078,0.178,12.0,0.95,0.0,baseline,7.074,0.37231578947368416,11.88851048988398,0.6263455624495439,0.06983095992084191,7.516146749394526,0.0,7.446315789473684,0.0,3.219646771412954e-15
LAPP0028170_2x1,1,2,20,0.1,0.078,0.178,12.0,0.95,0.0,budget,13.2,0.6947368421052644,11.790227702094734,1.178496055647562,0.2472158256654814,14.141952667770745,0.0,13.894736842105264,0.0,-1.1102230246251565e-15
LAPP0028170_2x1,1,2,20,0.1,0.078,0.178,12.0,0.95,6,baseline,7.074,0.37231578947368416,10.809380183879274,6.688875371464763,7.963907564827841,80.26650445757716,64.85628110327565,7.446315789473684,-1.4210854715202004e-14,-7.993605777301127e-15
LAPP0028170_2x1,1,2,20,0.1,0.078,0.178,12.0,0.95,6,budget,13.2,0.6947368421052644,10.700872762742687,7.298467625041079,9.481638081931552,87.58161150049295,64.20523657645612,13.894736842105264,2.842170943040401e-14,4.440892098500626e-15
LAPP0028170_2x1,1,2,20,0.1,0.078,0.178,12.12,0.8,0.0,baseline,7.074,1.7684999999999995,11.988712760793863,0.7375687595850341,0.09683336617061343,8.939333366170613,0.0,8.8425,0.0,5.551115123125783e-16
LAPP0028170_2x1,1,2,20,0.1,0.078,0.178,12.12,0.8,0.0,budget,13.2,3.299999999999997,11.872624192221616,1.3897517290920418,0.3437909565955489,16.843790956595544,0.0,16.499999999999996,0.0,-3.774758283725532e-15
LAPP0028170_2x1,1,2,20,0.1,0.078,0.178,12.12,0.8,6,baseline,7.074,1.7684999999999995,10.90770149673874,6.810665748658761,8.25655989331174,82.54526887374418,65.44620898043244,8.8425,-1.4210854715202004e-14,-2.6645352591003757e-15
LAPP0028170_2x1,1,2,20,0.1,0.078,0.178,12.12,0.8,6,budget,13.2,3.299999999999997,10.779539378361982,7.530677649651786,10.094576843607761,91.27181311377964,64.67723627017189,16.499999999999996,0.0,-8.881784197001252e-16
LAPP0028170_2x1,1,2,20,0.1,0.078,0.178,12.12,0.9,0.0,baseline,7.074,0.7859999999999996,12.0034434463533,0.6548120991387603,0.0763226415617747,7.936322641561774,0.0,7.859999999999999,0.0,-3.3306690738754696e-16
LAPP0028170_2x1,1,2,20,0.1,0.078,0.178,12.12,0.9,0.0,budget,13.2,1.4666666666666668,11.900627820134863,1.232427976770427,0.27036041179090775,14.937027078457573,0.0,14.666666666666666,0.0,2.220446049250313e-16
LAPP0028170_2x1,1,2,20,0.1,0.078,0.178,12.12,0.9,6,baseline,7.074,0.7859999999999996,10.92392515694688,6.719521590186067,8.037050731373851,81.44060167305513,65.54355094168127,7.859999999999999,0.0,8.881784197001252e-16
LAPP0028170_2x1,1,2,20,0.1,0.078,0.178,12.12,0.9,6,budget,13.2,1.4666666666666668,10.810506536407475,7.356704851643396,9.633556916806441,89.16326280191795,64.86303921844485,14.666666666666666,-1.4210854715202004e-14,-1.7763568394002505e-15
LAPP0028170_2x1,1,2,20,0.1,0.078,0.178,12.12,0.95,0.0,baseline,7.074,0.37231578947368416,12.009634929092178,0.6200284882461918,0.06842948807016073,7.514745277543844,0.0,7.446315789473684,0.0,-2.6645352591003757e-15
LAPP0028170_2x1,1,2,20,0.1,0.078,0.178,12.12,0.95,0.0,budget,13.2,0.6947368421052644,11.912378733652261,1.166411608695153,0.24217185527998902,14.136908697385254,0.0,13.894736842105264,0.0,5.10702591327572e-15
LAPP0028170_2x1,1,2,20,0.1,0.078,0.178,12.12,0.95,6,baseline,7.074,0.37231578947368416,10.930741602470341,6.681226952413807,7.945705258959602,80.97647066325534,65.58444961482205,7.446315789473684,0.0,8.881784197001252e-16
LAPP0028170_2x1,1,2,20,0.1,0.078,0.178,12.12,0.95,6,budget,13.2,0.6947368421052644,10.823491183768525,7.28375739455884,9.443455677336724,88.27913962205314,64.94094710261115,13.894736842105264,0.0,6.217248937900877e-15
LAPP0028170_2x1,1,2,70,0.04,0.093327,0.133327,11.88,0.8,0.0,baseline,7.074,1.7684999999999995,11.779919177736968,0.7506418224593223,0.07512485081675141,8.91762485081675,0.0,8.8425,0.0,-8.43769498715119e-15
LAPP0028170_2x1,1,2,70,0.04,0.093327,0.133327,11.88,0.8,0.0,budget,13.2,3.299999999999997,11.691843574020421,1.4112402287577148,0.2655339176416563,16.765533917641655,0.0,16.499999999999996,3.552713678800501e-15,-2.220446049250313e-16
LAPP0028170_2x1,1,2,70,0.04,0.093327,0.133327,11.88,0.8,6,baseline,7.074,1.7684999999999995,10.972593575913432,6.805871459543592,6.175691483897286,80.85375293937788,65.83556145548059,8.8425,1.4210854715202004e-14,-8.881784197001252e-16
LAPP0028170_2x1,1,2,70,0.04,0.093327,0.133327,11.88,0.8,6,budget,13.2,3.299999999999997,10.877800844583103,7.5168507160357345,7.533381439005906,89.30018650650453,65.26680506749861,16.499999999999996,1.4210854715202004e-14,1.2434497875801753e-14
LAPP0028170_2x1,1,2,70,0.04,0.093327,0.133327,11.88,0.9,0.0,baseline,7.074,0.7859999999999996,11.791123804877145,0.6666031270699473,0.05924514959097385,7.919245149590974,0.0,7.859999999999999,8.881784197001252e-16,5.551115123125783e-15
LAPP0028170_2x1,1,2,70,0.04,0.093327,0.133327,11.88,0.9,0.0,budget,13.2,1.4666666666666668,11.713052687559099,1.252164321112012,0.20904546814403602,14.875712134810703,0.0,14.666666666666666,1.7763568394002505e-15,5.773159728050814e-15
LAPP0028170_2x1,1,2,70,0.04,0.093327,0.133327,11.88,0.9,6,baseline,7.074,0.7859999999999996,10.984636553176806,6.715544839553827,6.012853374838622,79.78067269389946,65.90781931906083,7.859999999999999,0.0,1.4210854715202004e-14
LAPP0028170_2x1,1,2,70,0.04,0.093327,0.133327,11.88,0.9,6,budget,13.2,1.4666666666666668,10.900648427007088,7.345485708017976,7.1938129825443635,87.26437021125356,65.40389056204253,14.666666666666666,0.0,2.6645352591003757e-15
LAPP0028170_2x1,1,2,70,0.04,0.093327,0.133327,11.88,0.95,0.0,baseline,7.074,0.37231578947368416,11.795835128718778,0.63126651976887,0.05313046538049328,7.499446254854177,0.0,7.446315789473684,-8.881784197001252e-16,-1.1324274851176597e-14
LAPP0028170_2x1,1,2,70,0.04,0.093327,0.133327,11.88,0.95,0.0,budget,13.2,0.6947368421052644,11.7219595658438,1.1853595607506309,0.1873347396122315,14.082071581717496,0.0,13.894736842105264,1.7763568394002505e-15,8.659739592076221e-15
LAPP0028170_2x1,1,2,70,0.04,0.093327,0.133327,11.88,0.95,6,baseline,7.074,0.37231578947368416,10.98969931861483,6.677572295072786,5.94504716430203,79.3295588654647,65.93819591168898,7.446315789473684,1.4210854715202004e-14,7.105427357601002e-15
LAPP0028170_2x1,1,2,70,0.04,0.093327,0.133327,11.88,0.95,6,budget,13.2,0.6947368421052644,10.91023938108434,7.273550135498888,7.053602481115486,86.4097756097268,65.46143628650604,13.894736842105264,0.0,5.329070518200751e-15
LAPP0028170_2x1,1,2,70,0.04,0.093327,0.133327,12.0,0.8,0.0,baseline,7.074,1.7684999999999995,11.900936874980108,0.7430087305638935,0.0736047667667224,8.916104766766722,0.0,8.8425,0.0,8.881784197001252e-16
LAPP0028170_2x1,1,2,70,0.04,0.093327,0.133327,12.0,0.8,0.0,budget,13.2,3.299999999999997,11.813785728765724,1.3966733762424415,0.260080514909302,16.760080514909298,0.0,16.499999999999996,0.0,-3.1086244689504383e-15
LAPP0028170_2x1,1,2,70,0.04,0.093327,0.133327,12.0,0.8,6,baseline,7.074,1.7684999999999995,11.093767156119007,6.797069189893961,6.159727342013475,81.56483027872753,66.56260293671404,8.8425,1.4210854715202004e-14,5.329070518200751e-15
LAPP0028170_2x1,1,2,70,0.04,0.093327,0.133327,12.0,0.8,6,budget,13.2,3.299999999999997,11.000048379583133,7.499993402813134,7.499630556258803,89.99992083375761,66.00029027749879,16.499999999999996,1.4210854715202004e-14,5.329070518200751e-15
LAPP0028170_2x1,1,2,70,0.04,0.093327,0.133327,12.0,0.9,0.0,baseline,7.074,0.7859999999999996,11.912025860904198,0.6598373854943408,0.058048625932090765,7.918048625932089,0.0,7.859999999999999,-8.881784197001252e-16,-1.1546319456101628e-14
LAPP0028170_2x1,1,2,70,0.04,0.093327,0.133327,12.0,0.9,0.0,budget,13.2,1.4666666666666668,11.834769689827812,1.2392861923855534,0.20476764195997568,14.87143430862664,0.0,14.666666666666666,-1.7763568394002505e-15,-7.327471962526033e-15
LAPP0028170_2x1,1,2,70,0.04,0.093327,0.133327,12.0,0.9,6,baseline,7.074,0.7859999999999996,11.105676325003163,6.707746180419837,5.998896215019055,80.49295416503804,66.63405795001898,7.859999999999999,0.0,1.1546319456101628e-14
LAPP0028170_2x1,1,2,70,0.04,0.093327,0.133327,12.0,0.9,6,budget,13.2,1.4666666666666668,11.022633695300996,7.330595488528221,7.1646770238660045,87.96714586233865,66.13580217180598,14.666666666666666,0.0,1.2434497875801753e-14
LAPP0028170_2x1,1,2,70,0.04,0.093327,0.133327,12.0,0.95,0.0,baseline,7.074,0.37231578947368416,11.91668869003067,0.6248645058340044,0.05205828053436915,7.498374070008053,0.0,7.446315789473684,0.0,2.220446049250313e-16
LAPP0028170_2x1,1,2,70,0.04,0.093327,0.133327,12.0,0.95,0.0,budget,13.2,0.6947368421052644,11.843582498865967,1.1731869848870218,0.18350697653899725,14.07824381864426,0.0,13.894736842105264,0.0,9.325873406851315e-15
LAPP0028170_2x1,1,2,70,0.04,0.093327,0.133327,12.0,0.95,6,baseline,7.074,0.37231578947368416,11.110683012176558,6.670194242902351,5.931917052295181,80.04233091482821,66.66409807305935,7.446315789473684,0.0,-8.881784197001252e-16
LAPP0028170_2x1,1,2,70,0.04,0.093327,0.133327,12.0,0.95,6,budget,13.2,0.6947368421052644,11.032115208777384,7.259480759505695,7.026341019298766,87.11376911406833,66.1926912526643,13.894736842105264,0.0,1.7763568394002505e-15
LAPP0028170_2x1,1,2,70,0.04,0.093327,0.133327,12.12,0.8,0.0,baseline,7.074,1.7684999999999995,12.021933914637096,0.7355305779242363,0.07213060444174474,8.914630604441744,0.0,8.8425,0.0,-7.66053886991358e-15
LAPP0028170_2x1,1,2,70,0.04,0.093327,0.133327,12.12,0.8,0.0,budget,13.2,3.299999999999997,11.935687576786226,1.38240883852313,0.25479512290033596,16.754795122900333,0.0,16.499999999999996,0.0,1.9984014443252818e-15
LAPP0028170_2x1,1,2,70,0.04,0.093327,0.133327,12.12,0.8,6,baseline,7.074,1.7684999999999995,11.214915136100204,6.788458931047678,6.144131427696628,82.27612224429785,67.28949081660123,8.8425,0.0,7.105427357601002e-15
LAPP0028170_2x1,1,2,70,0.04,0.093327,0.133327,12.12,0.8,6,budget,13.2,3.299999999999997,11.122245613786816,7.483513363483636,7.4667082827007665,90.70018196542166,66.7334736827209,16.499999999999996,0.0,0.0
LAPP0028170_2x1,1,2,70,0.04,0.093327,0.133327,12.12,0.9,0.0,baseline,7.074,0.7859999999999996,12.032909657779866,0.6532085940592203,0.056888159997749856,7.916888159997749,0.0,7.859999999999999,0.0,-4.884981308350689e-15
LAPP0028170_2x1,1,2,70,0.04,0.093327,0.133327,12.12,0.9,0.0,budget,13.2,1.4666666666666668,11.956451249127166,1.2266738985564256,0.20062098383721114,14.867287650503878,0.0,14.666666666666666,0.0,1.9984014443252818e-15
LAPP0028170_2x1,1,2,70,0.04,0.093327,0.133327,12.12,0.9,6,baseline,7.074,0.7859999999999996,11.226693488450081,6.700117092186252,5.985258226596871,81.20541915729737,67.36016093070049,7.859999999999999,1.4210854715202004e-14,1.0658141036401503e-14
LAPP0028170_2x1,1,2,70,0.04,0.093327,0.133327,12.12,0.9,6,budget,13.2,1.4666666666666668,11.144574808239561,7.316036449934645,7.136246257103843,88.67036177320789,66.86744884943737,14.666666666666666,0.0,1.3322676295501878e-14
LAPP0028170_2x1,1,2,70,0.04,0.093327,0.133327,12.12,0.95,0.0,baseline,7.074,0.37231578947368416,12.037524994070441,0.6185919275882427,0.051018372895816795,7.4973341623695005,0.0,7.446315789473684,0.0,1.3322676295501878e-15
LAPP0028170_2x1,1,2,70,0.04,0.093327,0.133327,12.12,0.95,0.0,budget,13.2,0.6947368421052644,11.965172006051358,1.1612651147077562,0.17979634815274037,14.074533190258004,0.0,13.894736842105264,0.0,4.884981308350689e-15
LAPP0028170_2x1,1,2,70,0.04,0.093327,0.133327,12.12,0.95,6,baseline,7.074,0.37231578947368416,11.231645345610215,6.6629763993023525,5.919086096409534,80.75527395954451,67.38987207366128,7.446315789473684,1.4210854715202004e-14,-8.881784197001252e-16
LAPP0028170_2x1,1,2,70,0.04,0.093327,0.133327,12.12,0.95,6,budget,13.2,0.6947368421052644,11.153949423787111,7.245723493462602,6.99973535593881,87.81816874076674,66.92369654272267,13.894736842105264,0.0,-1.7763568394002505e-15
LAPP0028170_2x1,1,2,70,0.1,0.093327,0.193327,11.88,0.8,0.0,baseline,7.074,1.7684999999999995,11.734316698498626,0.753559003664131,0.10978096352987768,8.952280963529876,0.0,8.8425,0.0,-2.4424906541753444e-15
LAPP0028170_2x1,1,2,70,0.1,0.093327,0.193327,11.88,0.8,0.0,budget,13.2,3.299999999999997,11.605130581019296,1.4217849497520068,0.39080520305384664,16.89080520305384,0.0,16.499999999999996,-3.552713678800501e-15,-5.995204332975845e-15
LAPP0028170_2x1,1,2,70,0.1,0.093327,0.193327,11.88,0.8,6,baseline,7.074,1.7684999999999995,10.558125355478023,6.8375066313653985,9.038326647752806,81.22957878062094,63.348752132868135,8.8425,0.0,-8.881784197001252e-16
LAPP0028170_2x1,1,2,70,0.1,0.093327,0.193327,11.88,0.8,6,budget,13.2,3.299999999999997,10.413721423012362,7.584447992197881,11.12091360923667,90.10324214731084,62.48232853807417,16.499999999999996,0.0,-4.440892098500626e-15
LAPP0028170_2x1,1,2,70,0.1,0.093327,0.193327,11.88,0.9,0.0,baseline,7.074,0.7859999999999996,11.750684106024007,0.6688972258194361,0.0864990427349028,7.946499042734901,0.0,7.859999999999999,-8.881784197001252e-16,-1.9984014443252818e-15
LAPP0028170_2x1,1,2,70,0.1,0.093327,0.193327,11.88,0.9,0.0,budget,13.2,1.4666666666666668,11.636326652618628,1.2604206726498257,0.3071309244132646,14.973797591079931,0.0,14.666666666666666,0.0,-2.220446049250313e-16
LAPP0028170_2x1,1,2,70,0.1,0.093327,0.193327,11.88,0.9,6,baseline,7.074,0.7859999999999996,10.576363837178711,6.7431665666010865,8.790635788148641,80.10881881122091,63.458183023072266,7.859999999999999,0.0,7.993605777301127e-15
LAPP0028170_2x1,1,2,70,0.1,0.093327,0.193327,11.88,0.9,6,budget,13.2,1.4666666666666668,10.448667250144073,7.403687792475584,10.597140807078839,87.95581097460995,62.69200350086444,14.666666666666666,0.0,2.6645352591003757e-15
LAPP0028170_2x1,1,2,70,0.1,0.093327,0.193327,11.88,0.95,0.0,baseline,7.074,0.37231578947368416,11.757561869663995,0.6333214208879586,0.07754269067526463,7.523858480148949,0.0,7.446315789473684,0.0,-2.886579864025407e-15
LAPP0028170_2x1,1,2,70,0.1,0.093327,0.193327,11.88,0.95,0.0,budget,13.2,0.6947368421052644,11.649410846184248,1.1927415923060583,0.2750332744907082,14.169770116595974,0.0,13.894736842105264,1.7763568394002505e-15,-6.661338147750939e-16
LAPP0028170_2x1,1,2,70,0.1,0.093327,0.193327,11.88,0.95,6,baseline,7.074,0.37231578947368416,10.584024148133894,6.70354297054269,8.687629811770114,79.63809049004716,63.50414488880337,7.446315789473684,0.0,8.881784197001252e-16
LAPP0028170_2x1,1,2,70,0.1,0.093327,0.193327,11.88,0.95,6,budget,13.2,0.6947368421052644,10.463309692375589,7.3279485411991665,10.381433673087303,87.0560286694461,62.77985815425353,13.894736842105264,1.4210854715202004e-14,4.440892098500626e-15
LAPP0028170_2x1,1,2,70,0.1,0.093327,0.193327,12.0,0.8,0.0,baseline,7.074,1.7684999999999995,11.8558095941125,0.745836876833035,0.10754252199642078,8.95004252199642,0.0,8.8425,0.0,-2.6645352591003757e-15
LAPP0028170_2x1,1,2,70,0.1,0.093327,0.193327,12.0,0.8,0.0,budget,13.2,3.299999999999997,11.728010518495928,1.406888233428704,0.3826588011444517,16.882658801144448,0.0,16.499999999999996,0.0,3.552713678800501e-15
LAPP0028170_2x1,1,2,70,0.1,0.093327,0.193327,12.0,0.8,6,baseline,7.074,1.7684999999999995,10.679972608432397,6.82795156169393,9.013083089732776,81.93541874032717,64.07983565059439,8.8425,0.0,1.7763568394002505e-15
LAPP0028170_2x1,1,2,70,0.1,0.093327,0.193327,12.0,0.8,6,budget,13.2,3.299999999999997,10.537314228962366,7.565863904357039,11.066481478510275,90.79036685228448,63.223885373774195,16.499999999999996,1.4210854715202004e-14,4.440892098500626e-15
LAPP0028170_2x1,1,2,70,0.1,0.093327,0.193327,12.0,0.9,0.0,baseline,7.074,0.7859999999999996,11.872005601155367,0.6620616822514871,0.08474018701784568,7.944740187017845,0.0,7.859999999999999,0.0,-1.1102230246251565e-15
LAPP0028170_2x1,1,2,70,0.1,0.093327,0.193327,12.0,0.9,0.0,budget,13.2,1.4666666666666668,11.758865976330178,1.2472858093790422,0.30076304588183916,14.967429712548507,0.0,14.666666666666666,1.7763568394002505e-15,8.881784197001252e-16
LAPP0028170_2x1,1,2,70,0.1,0.093327,0.193327,12.0,0.9,6,baseline,7.074,0.7859999999999996,10.697997376268795,6.734716949682164,8.768619138573186,80.81660339618597,64.18798425761277,7.859999999999999,1.4210854715202004e-14,7.993605777301127e-15
LAPP0028170_2x1,1,2,70,0.1,0.093327,0.193327,12.0,0.9,6,budget,13.2,1.4666666666666668,10.571828710547774,7.387334875378124,10.550379574584179,88.64801850453749,63.43097226328664,14.666666666666666,0.0,0.0
LAPP0028170_2x1,1,2,70,0.1,0.093327,0.193327,12.0,0.95,0.0,baseline,7.074,0.37231578947368416,11.878811623735569,0.6268569639234683,0.07596777760793699,7.522283567081621,0.0,7.446315789473684,0.0,-5.773159728050814e-15
LAPP0028170_2x1,1,2,70,0.1,0.093327,0.193327,12.0,0.95,0.0,budget,13.2,0.6947368421052644,11.771808400365202,1.1803400437331448,0.2693436826924734,14.164080524797738,0.0,13.894736842105264,0.0,-2.220446049250313e-16
LAPP0028170_2x1,1,2,70,0.1,0.093327,0.193327,12.0,0.95,6,baseline,7.074,0.37231578947368416,10.705568362907268,6.69555539108729,8.666938726130192,80.34666469304749,64.2334101774436,7.446315789473684,0.0,-3.552713678800501e-15
LAPP0028170_2x1,1,2,70,0.1,0.093327,0.193327,12.0,0.95,6,budget,13.2,0.6947368421052644,10.586292141335765,7.312521575694211,10.337769218210678,87.75025890833052,63.51775284801459,13.894736842105264,-1.4210854715202004e-14,3.552713678800501e-15
LAPP0028170_2x1,1,2,70,0.1,0.093327,0.193327,12.12,0.8,0.0,baseline,7.074,1.7684999999999995,11.977271837806676,0.738273299608041,0.10537239124945676,8.947872391249456,0.0,8.8425,0.0,-5.551115123125783e-16
LAPP0028170_2x1,1,2,70,0.1,0.093327,0.193327,12.12,0.8,0.0,budget,13.2,3.299999999999997,11.850829344748469,1.392307619998911,0.3747683543868044,16.874768354386802,0.0,16.499999999999996,0.0,4.218847493575595e-15
LAPP0028170_2x1,1,2,70,0.1,0.093327,0.193327,12.12,0.8,6,baseline,7.074,1.7684999999999995,10.80177756675789,6.818615264510954,8.988451605325418,82.64161700587276,64.81066540054734,8.8425,0.0,8.881784197001252e-16
LAPP0028170_2x1,1,2,70,0.1,0.093327,0.193327,12.12,0.8,6,budget,13.2,3.299999999999997,10.66082132592993,7.547723153362269,11.013476663171105,91.4784046187507,63.96492795557958,16.499999999999996,1.4210854715202004e-14,7.105427357601002e-15
LAPP0028170_2x1,1,2,70,0.1,0.093327,0.193327,12.12,0.9,0.0,baseline,7.074,0.7859999999999996,11.99330007500042,0.6553659085362061,0.08303481145881834,7.943034811458817,0.0,7.859999999999999,0.0,1.887379141862766e-15
LAPP0028170_2x1,1,2,70,0.1,0.093327,0.193327,12.12,0.9,0.0,budget,13.2,1.4666666666666668,11.88135184758088,1.2344274334113667,0.2945938262790981,14.961260492945764,0.0,14.666666666666666,0.0,-3.3306690738754696e-15
LAPP0028170_2x1,1,2,70,0.1,0.093327,0.193327,12.12,0.9,6,baseline,7.074,0.7859999999999996,10.819593704071568,6.726459811244314,8.74713068785166,81.52469291228108,64.91756222442942,7.859999999999999,0.0,7.105427357601002e-15
LAPP0028170_2x1,1,2,70,0.1,0.093327,0.193327,12.12,0.9,6,budget,13.2,1.4666666666666668,10.694915506518065,7.3713681662775175,10.504822469508445,89.3409821752835,64.16949303910839,14.666666666666666,0.0,4.440892098500626e-15
LAPP0028170_2x1,1,2,70,0.1,0.093327,0.193327,12.12,0.95,0.0,baseline,7.074,0.37231578947368416,12.000035867515315,0.6205244610669227,0.07444067865742006,7.520756468131103,0.0,7.446315789473684,-8.881784197001252e-16,-4.6629367034256575e-15
LAPP0028170_2x1,1,2,70,0.1,0.093327,0.193327,12.12,0.95,0.0,budget,13.2,0.6947368421052644,11.894155655322054,1.1681986720838018,0.26383106355041197,14.158567905655676,0.0,13.894736842105264,0.0,4.440892098500626e-16
LAPP0028170_2x1,1,2,70,0.1,0.093327,0.193327,12.12,0.95,6,baseline,7.074,0.37231578947368416,10.827077476183836,6.687749377045951,8.64674180322022,81.05552244979692,64.96246485710301,7.446315789473684,0.0,8.881784197001252e-16
LAPP0028170_2x1,1,2,70,0.1,0.093327,0.193327,12.12,0.95,6,budget,13.2,0.6947368421052644,10.709204448125483,7.29745742640457,10.295220477165223,88.44518400802338,64.2552266887529,13.894736842105264,0.0,-8.881784197001252e-16
LAPP0028170_2x1,1,3,20,0.04,0.11699999999999999,0.157,11.88,0.8,0.0,baseline,7.074,1.7684999999999995,11.761969383292909,0.7517873675610973,0.08873392662583778,8.931233926625836,0.0,8.8425,0.0,-3.774758283725532e-15
LAPP0028170_2x1,1,3,20,0.04,0.11699999999999999,0.157,11.88,0.8,0.0,budget,13.2,3.299999999999997,11.657788033846657,1.4153628417410486,0.31451055988366355,16.814510559883658,0.0,16.499999999999996,-3.552713678800501e-15,-5.995204332975845e-15
LAPP0028170_2x1,1,3,20,0.04,0.11699999999999999,0.157,11.88,0.8,6,baseline,7.074,1.7684999999999995,10.809570053842567,6.8180251347607195,7.298218277901942,80.99813860095735,64.85742032305541,8.8425,0.0,7.105427357601002e-15
LAPP0028170_2x1,1,3,20,0.04,0.11699999999999999,0.157,11.88,0.8,6,budget,13.2,3.299999999999997,10.695802177239923,7.542661291465458,8.932003079170105,89.60681614260965,64.17481306343953,16.499999999999996,1.4210854715202004e-14,7.105427357601002e-15
LAPP0028170_2x1,1,3,20,0.04,0.11699999999999999,0.157,11.88,0.9,0.0,baseline,7.074,0.7859999999999996,11.775201795996434,0.6675044840991513,0.06995327109791845,7.929953271097918,0.0,7.859999999999999,0.0,-6.661338147750939e-16
LAPP0028170_2x1,1,3,20,0.04,0.11699999999999999,0.157,11.88,0.9,0.0,budget,13.2,1.4666666666666668,11.682902866437264,1.255395755176668,0.24743490483214864,14.914101571498815,0.0,14.666666666666666,0.0,1.9984014443252818e-15
LAPP0028170_2x1,1,3,20,0.04,0.11699999999999999,0.157,11.88,0.9,6,baseline,7.074,0.7859999999999996,10.823992156857003,6.7261646060063605,7.102882578213554,79.90683551935557,64.94395294114202,7.859999999999999,0.0,-2.6645352591003757e-15
LAPP0028170_2x1,1,3,20,0.04,0.11699999999999999,0.157,11.88,0.9,6,budget,13.2,1.4666666666666668,10.723264395073143,7.367742706540495,8.522530316595564,87.52878335370109,64.33958637043885,14.666666666666666,0.0,2.6645352591003757e-15
LAPP0028170_2x1,1,3,20,0.04,0.11699999999999999,0.157,11.88,0.95,0.0,baseline,7.074,0.37231578947368416,11.780764369588336,0.632074079055185,0.06272426970191326,7.509040059175598,0.0,7.446315789473684,8.881784197001252e-16,2.220446049250313e-15
LAPP0028170_2x1,1,3,20,0.04,0.11699999999999999,0.157,11.88,0.95,0.0,budget,13.2,0.6947368421052644,11.693444734747132,1.1882500971520378,0.22167431206094687,14.11641115416621,0.0,13.894736842105264,0.0,-7.105427357601002e-15
LAPP0028170_2x1,1,3,20,0.04,0.11699999999999999,0.157,11.88,0.95,6,baseline,7.074,0.37231578947368416,10.830053014199041,6.687560419114384,7.0215839044109405,79.44821777907889,64.98031808519426,7.446315789473684,0.0,7.105427357601002e-15
LAPP0028170_2x1,1,3,20,0.04,0.11699999999999999,0.157,11.88,0.95,6,budget,13.2,0.6947368421052644,10.7347845869148,7.294365688440763,8.353620015082196,86.65706437867627,64.40870752148881,13.894736842105264,0.0,1.7763568394002505e-15
LAPP0028170_2x1,1,3,20,0.04,0.11699999999999999,0.157,12.0,0.8,0.0,baseline,7.074,1.7684999999999995,11.883173250891053,0.744119421076096,0.086933052913152,8.92943305291315,0.0,8.8425,0.0,-6.661338147750939e-16
LAPP0028170_2x1,1,3,20,0.04,0.11699999999999999,0.157,12.0,0.8,0.0,budget,13.2,3.299999999999997,11.780095154926084,1.4006678030185682,0.3080136362228194,16.808013636222817,0.0,16.499999999999996,0.0,6.8833827526759706e-15
LAPP0028170_2x1,1,3,20,0.04,0.11699999999999999,0.157,12.0,0.8,6,baseline,7.074,1.7684999999999995,10.930996714178935,6.808938126248828,7.278777229912329,81.70725751498594,65.58598028507362,8.8425,0.0,-6.217248937900877e-15
LAPP0028170_2x1,1,3,20,0.04,0.11699999999999999,0.157,12.0,0.8,6,budget,13.2,3.299999999999997,10.81855016991048,7.525158153436426,8.890596821774222,90.3018978412371,64.91130101946288,16.499999999999996,0.0,4.440892098500626e-15
LAPP0028170_2x1,1,3,20,0.04,0.11699999999999999,0.157,12.0,0.9,0.0,baseline,7.074,0.7859999999999996,11.89626831139832,0.6607113923673863,0.06853670840863589,7.928536708408636,0.0,7.859999999999999,8.881784197001252e-16,4.551914400963142e-15
LAPP0028170_2x1,1,3,20,0.04,0.11699999999999999,0.157,12.0,0.9,0.0,budget,13.2,1.4666666666666668,11.80494042461534,1.2424176776092941,0.24234546464486328,14.90901213131153,0.0,14.666666666666666,0.0,2.4424906541753444e-15
LAPP0028170_2x1,1,3,20,0.04,0.11699999999999999,0.157,12.0,0.9,6,baseline,7.074,0.7859999999999996,10.945255256171002,6.718119387445851,7.085901112324204,80.6174326493502,65.67153153702601,7.859999999999999,-1.4210854715202004e-14,-5.329070518200751e-15
LAPP0028170_2x1,1,3,20,0.04,0.11699999999999999,0.157,12.0,0.9,6,budget,13.2,1.4666666666666668,10.845688286267432,7.352303909124631,8.486850525224305,88.22764690949558,65.07412971760459,14.666666666666666,0.0,6.217248937900877e-15
LAPP0028170_2x1,1,3,20,0.04,0.11699999999999999,0.157,12.0,0.95,0.0,baseline,7.074,0.37231578947368416,11.90177332850497,0.625647589140319,0.061455280210143674,7.5077710696838285,0.0,7.446315789473684,8.881784197001252e-16,3.3306690738754696e-15
LAPP0028170_2x1,1,3,20,0.04,0.11699999999999999,0.157,12.0,0.95,0.0,budget,13.2,0.6947368421052644,11.815369834824736,1.175988313218244,0.2171229165136649,14.111859758618928,0.0,13.894736842105264,0.0,-2.220446049250313e-15
LAPP0028170_2x1,1,3,20,0.04,0.11699999999999999,0.157,12.0,0.95,6,baseline,7.074,0.37231578947368416,10.951247635533868,6.679951366026313,7.005614789638859,80.15941639231576,65.7074858132032,7.446315789473684,1.4210854715202004e-14,7.105427357601002e-15
LAPP0028170_2x1,1,3,20,0.04,0.11699999999999999,0.157,12.0,0.95,6,budget,13.2,0.6947368421052644,10.857073508857537,7.279786567786385,8.320260918186122,87.35743881343662,65.14244105314522,13.894736842105264,1.4210854715202004e-14,2.6645352591003757e-15
LAPP0028170_2x1,1,3,20,0.04,0.11699999999999999,0.157,12.12,0.8,0.0,baseline,7.074,1.7684999999999995,12.00435257197956,0.7366078217862473,0.08518680004931874,8.927686800049317,0.0,8.8425,-1.7763568394002505e-15,-7.882583474838611e-15
LAPP0028170_2x1,1,3,20,0.04,0.11699999999999999,0.157,12.12,0.8,0.0,budget,13.2,3.299999999999997,11.902353977636068,1.3862803972224886,0.30171841433656454,16.801718414336563,0.0,16.499999999999996,0.0,4.218847493575595e-15
LAPP0028170_2x1,1,3,20,0.04,0.11699999999999999,0.157,12.12,0.8,6,baseline,7.074,1.7684999999999995,11.052391666355248,6.800053080539806,7.259793338010949,82.41664333614244,66.31434999813149,8.8425,0.0,7.993605777301127e-15
LAPP0028170_2x1,1,3,20,0.04,0.11699999999999999,0.157,12.12,0.8,6,budget,13.2,3.299999999999997,10.941235140574449,7.508056429462103,8.850233081633995,90.99764392508068,65.64741084344669,16.499999999999996,-1.4210854715202004e-14,1.7763568394002505e-15
LAPP0028170_2x1,1,3,20,0.04,0.11699999999999999,0.157,12.12,0.9,0.0,baseline,7.074,0.7859999999999996,12.01731315275603,0.6540563518724151,0.06716298469367044,7.92716298469367,0.0,7.859999999999999,0.0,1.9984014443252818e-15
LAPP0028170_2x1,1,3,20,0.04,0.11699999999999999,0.157,12.12,0.9,0.0,budget,13.2,1.4666666666666668,11.926935599896536,1.2297095547991301,0.23741313749879114,14.904079804165455,0.0,14.666666666666666,-1.7763568394002505e-15,-3.1086244689504383e-15
LAPP0028170_2x1,1,3,20,0.04,0.11699999999999999,0.157,12.12,0.9,6,baseline,7.074,0.7859999999999996,11.066490392506406,6.710252277029251,7.06931524255607,81.32825759759452,66.39894235503843,7.859999999999999,1.4210854715202004e-14,5.329070518200751e-15
LAPP0028170_2x1,1,3,20,0.04,0.11699999999999999,0.157,12.12,0.9,6,budget,13.2,1.4666666666666668,10.968057011534022,7.33721648704444,8.45205508710781,88.92706382297861,65.80834206920413,14.666666666666666,0.0,2.6645352591003757e-15
LAPP0028170_2x1,1,3,20,0.04,0.11699999999999999,0.157,12.12,0.95,0.0,baseline,7.074,0.37231578947368416,12.022761811531016,0.6193515189107325,0.060224619724393934,7.506540409198077,0.0,7.446315789473684,-8.881784197001252e-16,-9.769962616701378e-15
LAPP0028170_2x1,1,3,20,0.04,0.11699999999999999,0.157,12.12,0.95,0.0,budget,13.2,0.6947368421052644,11.937254998363562,1.163980902142917,0.21271169186688996,14.107448533972153,0.0,13.894736842105264,0.0,-3.9968028886505635e-15
LAPP0028170_2x1,1,3,20,0.04,0.11699999999999999,0.157,12.12,0.95,6,baseline,7.074,0.37231578947368416,11.07241585337576,6.672510488052474,6.990016205467731,80.87082711519598,66.43449512025457,7.446315789473684,0.0,8.881784197001252e-16
LAPP0028170_2x1,1,3,20,0.04,0.11699999999999999,0.157,12.12,0.95,6,budget,13.2,0.6947368421052644,10.979310502725188,7.265538199202622,8.287723115879379,88.05832297433577,65.87586301635113,13.894736842105264,0.0,0.0
LAPP0028170_2x1,1,3,20,0.1,0.11699999999999999,0.217,11.88,0.8,0.0,baseline,7.074,1.7684999999999995,11.716225194709779,0.7547226050240694,0.12360454768594689,8.966104547685944,0.0,8.8425,-1.7763568394002505e-15,-4.218847493575595e-15
LAPP0028170_2x1,1,3,20,0.1,0.11699999999999999,0.217,11.88,0.8,0.0,budget,13.2,3.299999999999997,11.570550594746486,1.426034125592233,0.44128541203573224,16.94128541203573,0.0,16.499999999999996,0.0,2.220446049250313e-15
LAPP0028170_2x1,1,3,20,0.1,0.11699999999999999,0.217,11.88,0.8,6,baseline,7.074,1.7684999999999995,10.393380324779885,6.850781913456753,10.18450718318692,81.38728913186624,62.360281948679315,8.8425,0.0,0.0
LAPP0028170_2x1,1,3,20,0.1,0.11699999999999999,0.217,11.88,0.8,6,budget,13.2,3.299999999999997,10.227929134944134,7.61322979288418,12.577595129799267,90.44516993946407,61.3675748096648,16.499999999999996,0.0,0.0
LAPP0028170_2x1,1,3,20,0.1,0.11699999999999999,0.217,11.88,0.9,0.0,baseline,7.074,0.7859999999999996,11.734650981724439,0.669811144127011,0.09735639222889161,7.957356392228892,0.0,7.859999999999999,8.881784197001252e-16,2.3314683517128287e-15
LAPP0028170_2x1,1,3,20,0.1,0.11699999999999999,0.217,11.88,0.9,0.0,budget,13.2,1.4666666666666668,11.605768556280193,1.263739371980681,0.3465570724638254,15.013223739130492,0.0,14.666666666666666,0.0,4.440892098500626e-16
LAPP0028170_2x1,1,3,20,0.1,0.11699999999999999,0.217,11.88,0.9,6,baseline,7.074,0.7859999999999996,10.414222043970389,6.754737124560425,9.90094477595552,80.24627703977785,62.48533226382233,7.859999999999999,0.0,-8.881784197001252e-16
LAPP0028170_2x1,1,3,20,0.1,0.11699999999999999,0.217,11.88,0.9,6,budget,13.2,1.4666666666666668,10.268041507492516,7.428380149804079,11.97424046805071,88.24915617967247,61.608249044955095,14.666666666666666,0.0,-8.881784197001252e-16
LAPP0028170_2x1,1,3,20,0.1,0.11699999999999999,0.217,11.88,0.95,0.0,baseline,7.074,0.37231578947368416,11.742391702882891,0.6341396180511956,0.0872628729745192,7.533578662448204,0.0,7.446315789473684,8.881784197001252e-16,1.4432899320127035e-15
LAPP0028170_2x1,1,3,20,0.1,0.11699999999999999,0.217,11.88,0.95,0.0,budget,13.2,0.6947368421052644,11.620531850563218,1.195705757773197,0.3102475602403187,14.204984402345582,0.0,13.894736842105264,0.0,-3.552713678800501e-15
LAPP0028170_2x1,1,3,20,0.1,0.11699999999999999,0.217,11.88,0.95,6,baseline,7.074,0.37231578947368416,10.422972192531258,6.714413859302959,9.783087703857925,79.76723664851916,62.53783315518755,7.446315789473684,0.0,2.6645352591003757e-15
LAPP0028170_2x1,1,3,20,0.1,0.11699999999999999,0.217,11.88,0.95,6,budget,13.2,0.6947368421052644,10.284834575450148,7.35099273986107,11.726049454743364,87.32979374954952,61.70900745270089,13.894736842105264,1.4210854715202004e-14,2.6645352591003757e-15
LAPP0028170_2x1,1,3,20,0.1,0.11699999999999999,0.217,12.0,0.8,0.0,baseline,7.074,1.7684999999999995,11.837908658072685,0.7469647093424723,0.12107651210966926,8.963576512109668,0.0,8.8425,0.0,-6.328271240363392e-15
LAPP0028170_2x1,1,3,20,0.1,0.11699999999999999,0.217,12.0,0.8,0.0,budget,13.2,3.299999999999997,11.6938124310518,1.4110026218811091,0.43203146257331404,16.93203146257331,0.0,16.499999999999996,0.0,-2.6645352591003757e-15
LAPP0028170_2x1,1,3,20,0.1,0.11699999999999999,0.217,12.0,0.8,6,baseline,7.074,1.7684999999999995,10.515524799127554,6.840899543191001,10.155145723526694,82.09079451829201,63.09314879476533,8.8425,-1.4210854715202004e-14,-7.105427357601002e-15
LAPP0028170_2x1,1,3,20,0.1,0.11699999999999999,0.217,12.0,0.8,6,budget,13.2,3.299999999999997,10.352129120860265,7.593875019077123,12.513725503763895,91.12650022892547,62.11277472516159,16.499999999999996,-1.4210854715202004e-14,-5.329070518200751e-15
LAPP0028170_2x1,1,3,20,0.1,0.11699999999999999,0.217,12.0,0.9,0.0,baseline,7.074,0.7859999999999996,11.856140367170173,0.6629476167273166,0.0953714007278011,7.955371400727799,0.0,7.859999999999999,-1.7763568394002505e-15,-4.551914400963142e-15
LAPP0028170_2x1,1,3,20,0.1,0.11699999999999999,0.217,12.0,0.9,0.0,budget,13.2,1.4666666666666668,11.728641491080877,1.2505000411019493,0.339333826556727,15.006000493223393,0.0,14.666666666666666,0.0,2.220446049250313e-16
LAPP0028170_2x1,1,3,20,0.1,0.11699999999999999,0.217,12.0,0.9,6,baseline,7.074,0.7859999999999996,10.536116829222184,6.746005395289476,9.875363768140614,80.95206474347371,63.216700975333104,7.859999999999999,0.0,-1.7763568394002505e-15
LAPP0028170_2x1,1,3,20,0.1,0.11699999999999999,0.217,12.0,0.9,6,budget,13.2,1.4666666666666668,10.391730840857296,7.4113786135608475,11.919491650919722,88.93654336273016,62.350385045143774,14.666666666666666,0.0,1.7763568394002505e-15
LAPP0028170_2x1,1,3,20,0.1,0.11699999999999999,0.217,12.0,0.95,0.0,baseline,7.074,0.37231578947368416,11.863799917603277,0.6276501492936496,0.08548600205010992,7.531801791523796,0.0,7.446315789473684,1.7763568394002505e-15,4.218847493575595e-15
LAPP0028170_2x1,1,3,20,0.1,0.11699999999999999,0.217,12.0,0.95,0.0,budget,13.2,0.6947368421052644,11.743243169609237,1.1832111999574322,0.30379755738392134,14.198534399489187,0.0,13.894736842105264,1.7763568394002505e-15,3.1086244689504383e-15
LAPP0028170_2x1,1,3,20,0.1,0.11699999999999999,0.217,12.0,0.95,6,baseline,7.074,0.37231578947368416,10.544762742243357,6.706162478141211,9.759057494760707,80.47394973769454,63.26857645346014,7.446315789473684,0.0,8.881784197001252e-16
LAPP0028170_2x1,1,3,20,0.1,0.11699999999999999,0.217,12.0,0.95,6,budget,13.2,0.6947368421052644,10.40831251310523,7.334965377395253,11.6749726080064,88.01958452874304,62.44987507863138,13.894736842105264,0.0,8.881784197001252e-16
LAPP0028170_2x1,1,3,20,0.1,0.11699999999999999,0.217,12.12,0.8,0.0,baseline,7.074,1.7684999999999995,11.959557398652885,0.7393668264843991,0.11862593699091771,8.961125936990916,0.0,8.8425,-1.7763568394002505e-15,-2.4424906541753444e-15
LAPP0028170_2x1,1,3,20,0.1,0.11699999999999999,0.217,12.12,0.8,0.0,budget,13.2,3.299999999999997,11.817004429388604,1.3962929521262508,0.4230705797701646,16.923070579770158,0.0,16.499999999999996,-3.552713678800501e-15,-3.774758283725532e-15
LAPP0028170_2x1,1,3,20,0.1,0.11699999999999999,0.217,12.12,0.8,6,baseline,7.074,1.7684999999999995,10.637619177182442,6.831248031417316,10.126511077683222,82.79472614077787,63.82571506309465,8.8425,0.0,-1.7763568394002505e-15
LAPP0028170_2x1,1,3,20,0.1,0.11699999999999999,0.217,12.12,0.8,6,budget,13.2,3.299999999999997,10.47622616428357,7.574994634637918,12.451577986110133,91.80893497181155,62.85735698570142,16.499999999999996,0.0,3.552713678800501e-15
LAPP0028170_2x1,1,3,20,0.1,0.11699999999999999,0.217,12.12,0.9,0.0,baseline,7.074,0.7859999999999996,11.977599175341297,0.656224998427202,0.09344698093768955,7.953446980937688,0.0,7.859999999999999,-8.881784197001252e-16,-1.5543122344752192e-15
LAPP0028170_2x1,1,3,20,0.1,0.11699999999999999,0.217,12.12,0.9,0.0,budget,13.2,1.4666666666666668,11.851453473294361,1.2375415977218327,0.3323374977219437,14.99900416438861,0.0,14.666666666666666,0.0,1.1102230246251565e-15
LAPP0028170_2x1,1,3,20,0.1,0.11699999999999999,0.217,12.12,0.9,6,baseline,7.074,0.7859999999999996,10.657967612778727,6.737476438807713,9.850408761677127,81.65821443834948,63.94780567667236,7.859999999999999,-1.4210854715202004e-14,-5.329070518200751e-15
LAPP0028170_2x1,1,3,20,0.1,0.11699999999999999,0.217,12.12,0.9,6,budget,13.2,1.4666666666666668,10.515330809234095,7.39478889753873,11.866189916098167,89.6248414381694,63.091984855404576,14.666666666666666,-1.4210854715202004e-14,-1.7763568394002505e-15
LAPP0028170_2x1,1,3,20,0.1,0.11699999999999999,0.217,12.12,0.95,0.0,baseline,7.074,0.37231578947368416,11.9851792777674,0.6212936508414736,0.08376325872497613,7.530079048198659,0.0,7.446315789473684,-8.881784197001252e-16,-5.551115123125783e-15
LAPP0028170_2x1,1,3,20,0.1,0.11699999999999999,0.217,12.12,0.95,0.0,budget,13.2,0.6947368421052644,11.865897183490521,1.1709807212418413,0.2975494993458536,14.192286341451116,0.0,13.894736842105264,-1.7763568394002505e-15,-5.773159728050814e-15
LAPP0028170_2x1,1,3,20,0.1,0.11699999999999999,0.217,12.12,0.95,6,baseline,7.074,0.37231578947368416,10.666511813936722,6.698102239922936,9.735612474771962,81.18099914786598,63.999070883620334,7.446315789473684,0.0,-8.881784197001252e-16
LAPP0028170_2x1,1,3,20,0.1,0.11699999999999999,0.217,12.12,0.95,6,budget,13.2,0.6947368421052644,10.531706619089478,7.319324335993185,11.625234395595271,88.7102109522374,63.19023971453687,13.894736842105264,0.0,-8.881784197001252e-16
LAPP0028170_2x1,1,3,70,0.04,0.1399905,0.1799905,11.88,0.8,0.0,baseline,7.074,1.7684999999999995,11.744483956713982,0.7529066438840847,0.10203092934292643,8.944530929342926,0.0,8.8425,0.0,4.6629367034256575e-15
LAPP0028170_2x1,1,3,70,0.04,0.1399905,0.1799905,11.88,0.8,0.0,budget,13.2,3.299999999999997,11.624519042979802,1.4194135636058474,0.36263313563747196,16.862633135637466,0.0,16.499999999999996,-3.552713678800501e-15,1.7763568394002505e-15
LAPP0028170_2x1,1,3,70,0.04,0.1399905,0.1799905,11.88,0.8,6,baseline,7.074,1.7684999999999995,10.650622923925948,6.830233129382122,8.396932033503921,81.14316957705961,63.903737543555685,8.8425,1.4210854715202004e-14,2.6645352591003757e-15
LAPP0028170_2x1,1,3,70,0.04,0.1399905,0.1799905,11.88,0.8,6,budget,13.2,3.299999999999997,10.517690519986495,7.568785463752282,10.311028189458147,89.91717130937711,63.10614311991897,16.499999999999996,0.0,5.329070518200751e-15
LAPP0028170_2x1,1,3,70,0.04,0.1399905,0.1799905,11.88,0.9,0.0,baseline,7.074,0.7859999999999996,11.759697128717267,0.6683845607558907,0.08040858177998204,7.940408581779982,0.0,7.859999999999999,8.881784197001252e-16,2.7755575615628914e-15
LAPP0028170_2x1,1,3,70,0.04,0.1399905,0.1799905,11.88,0.9,0.0,budget,13.2,1.4666666666666668,11.653469990586574,1.2585664766386397,0.28510307580037486,14.951769742467041,0.0,14.666666666666666,0.0,-1.3322676295501878e-15
LAPP0028170_2x1,1,3,70,0.04,0.1399905,0.1799905,11.88,0.9,6,baseline,7.074,0.7859999999999996,10.667436066423189,6.736821852135597,8.168827204831764,80.0334436033709,64.00461639853913,7.859999999999999,0.0,-2.6645352591003757e-15
LAPP0028170_2x1,1,3,70,0.04,0.1399905,0.1799905,11.88,0.9,6,budget,13.2,1.4666666666666668,10.549829188778702,7.390227879923101,9.83026541414757,87.79590721348644,63.29897513267221,14.666666666666666,-1.4210854715202004e-14,0.0
LAPP0028170_2x1,1,3,70,0.04,0.1399905,0.1799905,11.88,0.95,0.0,baseline,7.074,0.37231578947368416,11.766090790392367,0.6328623433327569,0.07208884931946981,7.518404638793153,0.0,7.446315789473684,-8.881784197001252e-16,-3.552713678800501e-15
LAPP0028170_2x1,1,3,70,0.04,0.1399905,0.1799905,11.88,0.95,0.0,budget,13.2,0.6947368421052644,11.665616068897831,1.1910847022602244,0.25534942074620337,14.150086262851467,0.0,13.894736842105264,0.0,2.4424906541753444e-15
LAPP0028170_2x1,1,3,70,0.04,0.1399905,0.1799905,11.88,0.95,6,baseline,7.074,0.37231578947368416,10.674499250578393,6.697579869057577,8.073937551459982,79.56724884440402,64.04699550347036,7.446315789473684,0.0,1.7763568394002505e-15
LAPP0028170_2x1,1,3,70,0.04,0.1399905,0.1799905,11.88,0.95,6,budget,13.2,0.6947368421052644,10.563301412526831,7.315378242035936,9.632148198120673,86.90669351538693,63.379808475160985,13.894736842105264,1.4210854715202004e-14,8.881784197001252e-16
LAPP0028170_2x1,1,3,70,0.04,0.1399905,0.1799905,12.0,0.8,0.0,baseline,7.074,1.7684999999999995,11.865870268233863,0.7452045067163989,0.09995408059678779,8.942454080596788,0.0,8.8425,0.0,-4.551914400963142e-15
LAPP0028170_2x1,1,3,70,0.04,0.1399905,0.1799905,12.0,0.8,0.0,budget,13.2,3.299999999999997,11.747186855323221,1.4045916016499767,0.35509921979972586,16.85509921979972,0.0,16.499999999999996,-3.552713678800501e-15,-7.771561172376096e-15
LAPP0028170_2x1,1,3,70,0.04,0.1399905,0.1799905,12.0,0.8,6,baseline,7.074,1.7684999999999995,10.772310987270632,6.82085450470646,8.373888132853738,81.85025405647752,64.6338659236238,8.8425,-1.4210854715202004e-14,-2.6645352591003757e-15
LAPP0028170_2x1,1,3,70,0.04,0.1399905,0.1799905,12.0,0.8,6,budget,13.2,3.299999999999997,10.640961617770605,7.550611739116198,10.261571162770752,90.60734086939438,63.84576970662363,16.499999999999996,0.0,3.552713678800501e-15
LAPP0028170_2x1,1,3,70,0.04,0.1399905,0.1799905,12.0,0.9,0.0,baseline,7.074,0.7859999999999996,11.880924644135478,0.6615646707160759,0.07877604859291197,7.938776048592912,0.0,7.859999999999999,0.0,2.6645352591003757e-15
LAPP0028170_2x1,1,3,70,0.04,0.1399905,0.1799905,12.0,0.9,0.0,budget,13.2,1.4666666666666668,11.775823693061739,1.245489661611374,0.2792092726698234,14.945875939336489,0.0,14.666666666666666,0.0,-3.3306690738754696e-15
LAPP0028170_2x1,1,3,70,0.04,0.1399905,0.1799905,12.0,0.9,6,baseline,7.074,0.7859999999999996,10.7889295021591,6.72852454902287,8.14871757531985,80.74229458827443,64.7335770129546,7.859999999999999,-1.4210854715202004e-14,-2.6645352591003757e-15
LAPP0028170_2x1,1,3,70,0.04,0.1399905,0.1799905,12.0,0.9,6,budget,13.2,1.4666666666666668,10.672710204664652,7.374221391325364,9.787728801249786,88.49065669590436,64.03626122798791,14.666666666666666,0.0,1.7763568394002505e-15
LAPP0028170_2x1,1,3,70,0.04,0.1399905,0.1799905,12.0,0.95,0.0,baseline,7.074,0.37231578947368416,11.887251811999784,0.6264118828505741,0.07062680473320598,7.51694259420689,0.0,7.446315789473684,0.0,-7.771561172376096e-16
LAPP0028170_2x1,1,3,70,0.04,0.1399905,0.1799905,12.0,0.95,0.0,budget,13.2,0.6947368421052644,11.787838920393437,1.1787348754882294,0.2500816637534917,14.144818505858753,0.0,13.894736842105264,-1.7763568394002505e-15,-5.551115123125783e-15
LAPP0028170_2x1,1,3,70,0.04,0.1399905,0.1799905,12.0,0.95,6,baseline,7.074,0.37231578947368416,10.795911287197164,6.68973480713057,8.055034172910169,80.27681768556684,64.77546772318298,7.446315789473684,0.0,6.217248937900877e-15
LAPP0028170_2x1,1,3,70,0.04,0.1399905,0.1799905,12.0,0.95,6,budget,13.2,0.6947368421052644,10.686020328278467,7.300272357271823,9.592409475485821,87.60326828726188,64.1161219696708,13.894736842105264,0.0,-4.440892098500626e-15
LAPP0028170_2x1,1,3,70,0.04,0.1399905,0.1799905,12.12,0.8,0.0,baseline,7.074,1.7684999999999995,11.987228188938738,0.7376601046236403,0.09794046803852023,8.94044046803852,0.0,8.8425,1.7763568394002505e-15,-2.9976021664879227e-15
LAPP0028170_2x1,1,3,70,0.04,0.1399905,0.1799905,12.12,0.8,0.0,budget,13.2,3.299999999999997,11.869798339873768,1.3900825883934496,0.3478009713286096,16.847800971328606,0.0,16.499999999999996,0.0,2.220446049250313e-15
LAPP0028170_2x1,1,3,70,0.04,0.1399905,0.1799905,12.12,0.8,6,baseline,7.074,1.7684999999999995,10.893960826012512,6.81168825014369,8.351396635666445,82.55766159174152,65.36376495607507,8.8425,0.0,-8.881784197001252e-16
LAPP0028170_2x1,1,3,70,0.04,0.1399905,0.1799905,12.12,0.8,6,budget,13.2,3.299999999999997,10.764155824046608,7.532865212071697,10.213391426029315,91.29832637030897,64.58493494427964,16.499999999999996,1.4210854715202004e-14,5.329070518200751e-15
LAPP0028170_2x1,1,3,70,0.04,0.1399905,0.1799905,12.12,0.9,0.0,baseline,7.074,0.7859999999999996,12.002127116614048,0.6548839154619289,0.0771930553985785,7.937193055398578,0.0,7.859999999999999,0.0,5.218048215738236e-15
LAPP0028170_2x1,1,3,70,0.04,0.1399905,0.1799905,12.12,0.9,0.0,budget,13.2,1.4666666666666668,11.89812806756869,1.2326869053161662,0.27349862576526834,14.940165292431933,0.0,14.666666666666666,-1.7763568394002505e-15,-1.1102230246251565e-15
LAPP0028170_2x1,1,3,70,0.04,0.1399905,0.1799905,12.12,0.9,6,baseline,7.074,0.7859999999999996,10.910389277425963,6.7204142583860556,8.129085147083206,81.45142081163898,65.46233566455578,7.859999999999999,0.0,2.6645352591003757e-15
LAPP0028170_2x1,1,3,70,0.04,0.1399905,0.1799905,12.12,0.9,6,budget,13.2,1.4666666666666668,10.795524114076992,7.358587736147228,9.746272010975778,89.1860833621044,64.77314468446195,14.666666666666666,0.0,-8.881784197001252e-16
LAPP0028170_2x1,1,3,70,0.04,0.1399905,0.1799905,12.12,0.95,0.0,baseline,7.074,0.37231578947368416,12.008389185140356,0.6200928096740937,0.06920906377633233,7.515524853250016,0.0,7.446315789473684,-8.881784197001252e-16,-7.993605777301127e-15
LAPP0028170_2x1,1,3,70,0.04,0.1399905,0.1799905,12.12,0.95,0.0,budget,13.2,0.6947368421052644,11.91001533061419,1.1666430694164962,0.24497715922266938,14.139714001327933,0.0,13.894736842105264,0.0,-2.6645352591003757e-15
LAPP0028170_2x1,1,3,70,0.04,0.1399905,0.1799905,12.12,0.95,6,baseline,7.074,0.37231578947368416,10.917291559987625,6.682066220230371,8.036577439792653,80.98664258919209,65.50374935992575,7.446315789473684,0.0,-8.881784197001252e-16
LAPP0028170_2x1,1,3,70,0.04,0.1399905,0.1799905,12.12,0.95,6,budget,13.2,0.6947368421052644,10.8086761541015,7.285516990610613,9.553672159486373,88.30046592620063,64.852056924609,13.894736842105264,0.0,-8.881784197001252e-16
LAPP0028170_2x1,1,3,70,0.1,0.1399905,0.2399905,11.88,0.8,0.0,baseline,7.074,1.7684999999999995,11.698600872065192,0.7558596191716218,0.1371122757588676,8.979612275758868,0.0,8.8425,0.0,5.329070518200751e-15
LAPP0028170_2x1,1,3,70,0.1,0.1399905,0.2399905,11.88,0.8,0.0,budget,13.2,3.299999999999997,11.536763060019606,1.430210529085093,0.4909010855309105,16.990901085530908,0.0,16.499999999999996,0.0,-4.440892098500626e-15
LAPP0028170_2x1,1,3,70,0.1,0.1399905,0.2399905,11.88,0.8,6,baseline,7.074,1.7684999999999995,10.232670672004925,6.864143905675746,11.307505567398318,81.54602959942787,61.39602403202955,8.8425,0.0,1.7763568394002505e-15
LAPP0028170_2x1,1,3,70,0.1,0.1399905,0.2399905,11.88,0.8,6,budget,13.2,3.299999999999997,10.045881200902947,7.642464177111405,14.01718721866583,90.7924744240835,60.27528720541768,16.499999999999996,-1.4210854715202004e-14,-4.440892098500626e-15
LAPP0028170_2x1,1,3,70,0.1,0.1399905,0.2399905,11.88,0.9,0.0,baseline,7.074,0.7859999999999996,11.719037521075634,0.6707035442001527,0.10795810509781514,7.967958105097814,0.0,7.859999999999999,0.0,-1.2212453270876722e-15
LAPP0028170_2x1,1,3,70,0.1,0.1399905,0.2399905,11.88,0.9,0.0,budget,13.2,1.4666666666666668,11.575932871613478,1.266996520222771,0.3852519935798551,15.051918660246521,0.0,14.666666666666666,0.0,-1.3322676295501878e-15
LAPP0028170_2x1,1,3,70,0.1,0.1399905,0.2399905,11.88,0.9,6,baseline,7.074,0.7859999999999996,10.256135350615093,6.766370541271046,10.987669926609483,80.38448203030003,61.53681210369056,7.859999999999999,-1.4210854715202004e-14,-4.440892098500626e-15
LAPP0028170_2x1,1,3,70,0.1,0.1399905,0.2399905,11.88,0.9,6,budget,13.2,1.4666666666666668,10.091253897592026,7.45340379059994,13.332246980108469,88.54643703232729,60.547523385552154,14.666666666666666,0.0,8.881784197001252e-16
LAPP0028170_2x1,1,3,70,0.1,0.1399905,0.2399905,11.88,0.95,0.0,baseline,7.074,0.37231578947368416,11.727620836796959,0.6349383129875656,0.09675136881859667,7.54306715829228,0.0,7.446315789473684,0.0,-1.4432899320127035e-15
LAPP0028170_2x1,1,3,70,0.1,0.1399905,0.2399905,11.88,0.95,0.0,budget,13.2,0.6947368421052644,11.592344217923635,1.1986132037575072,0.34478801853392443,14.239524860639188,0.0,13.894736842105264,0.0,-2.4424906541753444e-15
LAPP0028170_2x1,1,3,70,0.1,0.1399905,0.2399905,11.88,0.95,6,baseline,7.074,0.37231578947368416,10.265982571465432,6.725338830222731,10.854814084779774,79.89702530304605,61.595895428792595,7.446315789473684,0.0,0.0
LAPP0028170_2x1,1,3,70,0.1,0.1399905,0.2399905,11.88,0.95,6,budget,13.2,0.6947368421052644,10.110232248179312,7.374324199585769,13.050841159897804,87.60697149107894,60.66139348907587,13.894736842105264,0.0,2.6645352591003757e-15
LAPP0028170_2x1,1,3,70,0.1,0.1399905,0.2399905,12.0,0.8,0.0,baseline,7.074,1.7684999999999995,11.820471115274948,0.7480666306585124,0.13429956790214992,8.976799567902148,0.0,8.8425,-1.7763568394002505e-15,3.3306690738754696e-16
LAPP0028170_2x1,1,3,70,0.1,0.1399905,0.2399905,12.0,0.8,0.0,budget,13.2,3.299999999999997,11.660402525439334,1.4150454895533993,0.4805458746407943,16.98054587464079,0.0,16.499999999999996,0.0,3.1086244689504383e-15
LAPP0028170_2x1,1,3,70,0.1,0.1399905,0.2399905,12.0,0.8,6,baseline,7.074,1.7684999999999995,10.355123076908125,6.853925147419902,11.273863307590082,82.24710176903884,62.13073846144875,8.8425,1.4210854715202004e-14,-4.440892098500626e-15
LAPP0028170_2x1,1,3,70,0.1,0.1399905,0.2399905,12.0,0.8,6,budget,13.2,3.299999999999997,10.170719423664288,7.622304117603454,13.943332869255713,91.46764941124144,61.024316541985726,16.499999999999996,0.0,2.6645352591003757e-15
LAPP0028170_2x1,1,3,70,0.1,0.1399905,0.2399905,12.0,0.9,0.0,baseline,7.074,0.7859999999999996,11.840691283572518,0.6638125943630309,0.10575113235637053,7.96575113235637,0.0,7.859999999999999,0.0,4.440892098500626e-15
LAPP0028170_2x1,1,3,70,0.1,0.1399905,0.2399905,12.0,0.9,0.0,budget,13.2,1.4666666666666668,11.699134963600471,1.25365394213325,0.37718063893233417,15.043847305599,0.0,14.666666666666666,0.0,-4.440892098500626e-15
LAPP0028170_2x1,1,3,70,0.1,0.1399905,0.2399905,12.0,0.9,6,baseline,7.074,0.7859999999999996,10.378300327866013,6.757349445640505,10.95839138048999,81.08819334768606,62.269801967196074,7.859999999999999,0.0,-2.6645352591003757e-15
LAPP0028170_2x1,1,3,70,0.1,0.1399905,0.2399905,12.0,0.9,6,budget,13.2,1.4666666666666668,10.2154960861711,7.435727305159579,13.26908447822169,89.22872766191495,61.2929765170266,14.666666666666666,-1.4210854715202004e-14,-1.7763568394002505e-15
LAPP0028170_2x1,1,3,70,0.1,0.1399905,0.2399905,12.0,0.95,0.0,baseline,7.074,0.37231578947368416,11.8491841269126,0.628424346327875,0.09477636646081704,7.5410921559345,0.0,7.446315789473684,-8.881784197001252e-16,-1.9984014443252818e-15
LAPP0028170_2x1,1,3,70,0.1,0.1399905,0.2399905,12.0,0.95,0.0,budget,13.2,0.6947368421052644,11.715364831565413,1.1860268153722227,0.3375849423614099,14.232321784466672,0.0,13.894736842105264,-1.7763568394002505e-15,-1.9984014443252818e-15
LAPP0028170_2x1,1,3,70,0.1,0.1399905,0.2399905,12.0,0.95,6,baseline,7.074,0.37231578947368416,10.3880277082359,6.716817089693556,10.827323037433603,80.60180507632268,62.328166249415396,7.446315789473684,0.0,-3.552713678800501e-15
LAPP0028170_2x1,1,3,70,0.1,0.1399905,0.2399905,12.0,0.95,6,budget,13.2,0.6947368421052644,10.23422834646431,7.357673130960144,12.991970650630615,88.29207757152173,61.40537007878586,13.894736842105264,-1.4210854715202004e-14,0.0
LAPP0028170_2x1,1,3,70,0.1,0.1399905,0.2399905,12.12,0.8,0.0,baseline,7.074,1.7684999999999995,11.942302610691666,0.7404350976740043,0.1315733838089312,8.974073383808932,0.0,8.8425,1.7763568394002505e-15,8.881784197001252e-16
LAPP0028170_2x1,1,3,70,0.1,0.1399905,0.2399905,12.12,0.8,0.0,budget,13.2,3.299999999999997,11.783963377765446,1.400208017544674,0.4705211726414549,16.970521172641448,0.0,16.499999999999996,-3.552713678800501e-15,-5.995204332975845e-15
LAPP0028170_2x1,1,3,70,0.1,0.1399905,0.2399905,12.12,0.8,6,baseline,7.074,1.7684999999999995,10.477517028898362,6.843949952609118,11.241071252232341,82.9486734256225,62.86510217339017,8.8425,-1.4210854715202004e-14,-4.440892098500626e-15
LAPP0028170_2x1,1,3,70,0.1,0.1399905,0.2399905,12.12,0.8,6,budget,13.2,3.299999999999997,10.295435761851667,7.602651930590301,13.871526827644434,92.14414139875444,61.772614571110005,16.499999999999996,1.4210854715202004e-14,8.881784197001252e-16
LAPP0028170_2x1,1,3,70,0.1,0.1399905,0.2399905,12.12,0.9,0.0,baseline,7.074,0.7859999999999996,11.962310960124007,0.6570636749204285,0.1036117400355927,7.963611740035593,0.0,7.859999999999999,8.881784197001252e-16,2.9976021664879227e-15
LAPP0028170_2x1,1,3,70,0.1,0.1399905,0.2399905,12.12,0.9,0.0,budget,13.2,1.4666666666666668,11.822268592605983,1.2405966377586497,0.36936458296816854,15.036031249634833,0.0,14.666666666666666,-1.7763568394002505e-15,-4.884981308350689e-15
LAPP0028170_2x1,1,3,70,0.1,0.1399905,0.2399905,12.12,0.9,6,baseline,7.074,0.7859999999999996,10.500414052535028,6.748541910888021,10.929843644752646,81.79232795996282,63.00248431521017,7.859999999999999,0.0,-1.7763568394002505e-15
LAPP0028170_2x1,1,3,70,0.1,0.1399905,0.2399905,12.12,0.9,6,budget,13.2,1.4666666666666668,10.33963285576112,7.41849008289444,13.207636003447211,89.91209980468061,62.03779713456672,14.666666666666666,1.4210854715202004e-14,2.6645352591003757e-15
LAPP0028170_2x1,1,3,70,0.1,0.1399905,0.2399905,12.12,0.95,0.0,baseline,7.074,0.37231578947368416,11.970715265560194,0.6220443494213558,0.09286172551314892,7.539177514986831,0.0,7.446315789473684,-1.7763568394002505e-15,-4.773959005888173e-15
LAPP0028170_2x1,1,3,70,0.1,0.1399905,0.2399905,12.12,0.95,0.0,budget,13.2,0.6947368421052644,11.838321136618728,1.1737083900457435,0.33060884524914885,14.22534568735441,0.0,13.894736842105264,-1.7763568394002505e-15,-5.551115123125783e-15
LAPP0028170_2x1,1,3,70,0.1,0.1399905,0.2399905,12.12,0.95,6,baseline,7.074,0.37231578947368416,10.5100245668591,6.708496516074177,10.800514584190742,81.30697777481903,63.060147401154595,7.446315789473684,1.4210854715202004e-14,-8.881784197001252e-16
LAPP0028170_2x1,1,3,70,0.1,0.1399905,0.2399905,12.12,0.95,6,budget,13.2,0.6947368421052644,10.358125702995075,7.341433502596669,12.934682991395915,88.97817405147161,62.14875421797045,13.894736842105264,-1.4210854715202004e-14,-6.217248937900877e-15
LAPP0028181_3G2p5,2.5,1,20,0.04,0.01596,0.055959999999999996,11.88,0.8,0.0,baseline,7.074,1.7684999999999995,11.838200886711135,0.7469462703514406,0.03122169177511625,8.873721691775115,0.0,8.8425,0.0,-1.9095836023552692e-14
LAPP0028181_3G2p5,2.5,1,20,0.04,0.01596,0.055959999999999996,11.88,0.8,0.0,budget,13.2,3.299999999999997,11.801762533572987,1.3980962549502016,0.1093835088083994,16.609383508808396,0.0,16.499999999999996,0.0,1.3100631690576847e-14
LAPP0028181_3G2p5,2.5,1,20,0.04,0.01596,0.055959999999999996,11.88,0.8,6,baseline,7.074,1.7684999999999995,11.501216176047318,6.768831736109402,2.5639239686957915,80.41372102497971,69.0072970562839,8.8425,1.4210854715202004e-14,4.440892098500626e-15
LAPP0028181_3G2p5,2.5,1,20,0.04,0.01596,0.055959999999999996,11.88,0.8,6,budget,13.2,3.299999999999997,11.463695291112295,7.4393264633256875,3.0970266376354036,88.37919838430918,68.78217174667377,16.499999999999996,0.0,1.1546319456101628e-14
LAPP0028181_3G2p5,2.5,1,20,0.04,0.01596,0.055959999999999996,11.88,0.9,0.0,baseline,7.074,0.7859999999999996,11.842859849259511,0.6636910425391427,0.024649585365017,7.884649585365016,0.0,7.859999999999999,-8.881784197001252e-16,-1.8762769116165146e-14
LAPP0028181_3G2p5,2.5,1,20,0.04,0.01596,0.055959999999999996,11.88,0.9,0.0,budget,13.2,1.4666666666666668,11.810507076337899,1.2418320883149059,0.08629854251441663,14.752965209181083,0.0,14.666666666666666,0.0,-5.773159728050814e-15
LAPP0028181_3G2p5,2.5,1,20,0.04,0.01596,0.055959999999999996,11.88,0.9,6,baseline,7.074,0.7859999999999996,11.506012542976368,6.683121104782559,2.4994034669585954,79.39547872481681,69.03607525785822,7.859999999999999,0.0,1.4210854715202004e-14
LAPP0028181_3G2p5,2.5,1,20,0.04,0.01596,0.055959999999999996,11.88,0.9,6,budget,13.2,1.4666666666666668,11.472700902656618,7.2783970218617355,2.9644845371110495,86.46735661971742,68.8362054159397,14.666666666666666,0.0,8.881784197001252e-15
LAPP0028181_3G2p5,2.5,1,20,0.04,0.01596,0.055959999999999996,11.88,0.95,0.0,baseline,7.074,0.37231578947368416,11.844820417965398,0.628655861947863,0.02211585046692854,7.468431639940613,0.0,7.446315789473684,8.881784197001252e-16,1.099120794378905e-14
LAPP0028181_3G2p5,2.5,1,20,0.04,0.01596,0.055959999999999996,11.88,0.95,0.0,budget,13.2,0.6947368421052644,11.814185094659155,1.1761062426884326,0.0774053210333157,13.97214216313858,0.0,13.894736842105264,0.0,1.354472090042691e-14
LAPP0028181_3G2p5,2.5,1,20,0.04,0.01596,0.055959999999999996,11.88,0.95,6,baseline,7.074,0.37231578947368416,11.508030866010825,6.647053859706486,2.4724988677744246,78.96699985331306,69.04818519606495,7.446315789473684,0.0,6.217248937900877e-15
LAPP0028181_3G2p5,2.5,1,20,0.04,0.01596,0.055959999999999996,11.88,0.95,6,budget,13.2,0.6947368421052644,11.476488485706003,7.210713264724763,2.909605828588905,85.6632735849302,68.85893091423603,13.894736842105264,0.0,-2.6645352591003757e-15
LAPP0028181_3G2p5,2.5,1,20,0.04,0.01596,0.055959999999999996,12.0,0.8,0.0,baseline,7.074,1.7684999999999995,11.958621795348318,0.7394246721172809,0.030596065407372475,8.87309606540737,0.0,8.8425,-1.7763568394002505e-15,-1.532107773982716e-14
LAPP0028181_3G2p5,2.5,1,20,0.04,0.01596,0.055959999999999996,12.0,0.8,0.0,budget,13.2,3.299999999999997,11.922555191806996,1.3839315259650509,0.10717831158061504,16.60717831158061,0.0,16.499999999999996,0.0,-5.773159728050814e-15
LAPP0028181_3G2p5,2.5,1,20,0.04,0.01596,0.055959999999999996,12.0,0.8,6,baseline,7.074,1.7684999999999995,11.621662071217722,6.760863630848412,2.557891142874614,81.13036357018095,69.72997242730634,8.8425,0.0,1.4210854715202004e-14
LAPP0028181_3G2p5,2.5,1,20,0.04,0.01596,0.055959999999999996,12.0,0.8,6,budget,13.2,3.299999999999997,11.584535466080315,7.424312614719186,3.084538580148349,89.09175137663024,69.5072127964819,16.499999999999996,0.0,-3.552713678800501e-15
LAPP0028181_3G2p5,2.5,1,20,0.04,0.01596,0.055959999999999996,12.0,0.9,0.0,baseline,7.074,0.7859999999999996,11.963233552360666,0.6570130028472955,0.024156034167547115,7.884156034167546,0.0,7.859999999999999,-8.881784197001252e-16,-1.7430501486614958e-14
LAPP0028181_3G2p5,2.5,1,20,0.04,0.01596,0.055959999999999996,12.0,0.9,0.0,budget,13.2,1.4666666666666668,11.931210106996154,1.2292689957799428,0.08456128269264698,14.751227949359313,0.0,14.666666666666666,0.0,2.886579864025407e-15
LAPP0028181_3G2p5,2.5,1,20,0.04,0.01596,0.055959999999999996,12.0,0.9,6,baseline,7.074,0.7859999999999996,11.626408402763534,6.676047127170564,2.494115109465563,80.11256552604678,69.75845041658121,7.859999999999999,0.0,1.9539925233402755e-14
LAPP0028181_3G2p5,2.5,1,20,0.04,0.01596,0.055959999999999996,12.0,0.9,6,budget,13.2,1.4666666666666668,11.59344597825651,7.2650825901266955,2.953648545314618,87.18099108152035,69.56067586953905,14.666666666666666,0.0,9.769962616701378e-15
LAPP0028181_3G2p5,2.5,1,20,0.04,0.01596,0.055959999999999996,12.0,0.95,0.0,baseline,7.074,0.37231578947368416,11.965174278126419,0.6223324137523281,0.02167317555425246,7.467988965027937,0.0,7.446315789473684,0.0,1.3211653993039363e-14
LAPP0028181_3G2p5,2.5,1,20,0.04,0.01596,0.055959999999999996,12.0,0.95,0.0,budget,13.2,0.6947368421052644,11.934850505810218,1.1642154072513031,0.07584804491037453,13.970584887015637,0.0,13.894736842105264,-1.7763568394002505e-15,-1.0436096431476471e-14
LAPP0028181_3G2p5,2.5,1,20,0.04,0.01596,0.055959999999999996,12.0,0.95,6,baseline,7.074,0.37231578947368416,11.628405695410557,6.6403556931637295,2.46751835602772,79.68426831796475,69.77043417246334,7.446315789473684,0.0,2.042810365310288e-14
LAPP0028181_3G2p5,2.5,1,20,0.04,0.01596,0.055959999999999996,12.0,0.95,6,budget,13.2,0.6947368421052644,11.597193652670517,7.198111996595459,2.8994452010171408,86.37734395914552,69.5831619160231,13.894736842105264,1.4210854715202004e-14,1.1546319456101628e-14
LAPP0028181_3G2p5,2.5,1,20,0.04,0.01596,0.055959999999999996,12.12,0.8,0.0,baseline,7.074,1.7684999999999995,12.079034283005871,0.7320535560065933,0.029989098799911833,8.87248909879991,0.0,8.8425,0.0,-1.7319479184152442e-14
LAPP0028181_3G2p5,2.5,1,20,0.04,0.01596,0.055959999999999996,12.12,0.8,0.0,budget,13.2,3.299999999999997,12.043331847724978,1.370052756880306,0.10503941338931289,16.605039413389306,0.0,16.499999999999996,-3.552713678800501e-15,-2.042810365310288e-14
LAPP0028181_3G2p5,2.5,1,20,0.04,0.01596,0.055959999999999996,12.12,0.8,6,baseline,7.074,1.7684999999999995,11.742098785807688,6.753059581706777,2.551989415440013,81.84708213028614,70.45259271484613,8.8425,-1.4210854715202004e-14,4.440892098500626e-15
LAPP0028181_3G2p5,2.5,1,20,0.04,0.01596,0.055959999999999996,12.12,0.8,6,budget,13.2,3.299999999999997,11.70535817630071,7.40961085952985,3.072334559697523,89.80448361750177,70.23214905780426,16.499999999999996,-1.4210854715202004e-14,-1.1546319456101628e-14
LAPP0028181_3G2p5,2.5,1,20,0.04,0.01596,0.055959999999999996,12.12,0.9,0.0,baseline,7.074,0.7859999999999996,12.083599787502486,0.6504684148948096,0.02367718852509187,7.883677188525091,0.0,7.859999999999999,0.0,-3.3306690738754696e-15
LAPP0028181_3G2p5,2.5,1,20,0.04,0.01596,0.055959999999999996,12.12,0.9,0.0,budget,13.2,1.4666666666666668,12.051898975561365,1.216958978531722,0.08287615313780529,14.749542819804471,0.0,14.666666666666666,0.0,-9.325873406851315e-15
LAPP0028181_3G2p5,2.5,1,20,0.04,0.01596,0.055959999999999996,12.12,0.9,6,baseline,7.074,0.7859999999999996,11.746796122075413,6.669118619095545,2.4889409309855215,80.829717663438,70.48077673245248,7.859999999999999,0.0,-1.7763568394002505e-15
LAPP0028181_3G2p5,2.5,1,20,0.04,0.01596,0.055959999999999996,12.12,0.9,6,budget,13.2,1.4666666666666668,11.714175601566627,7.252044289374079,2.9430565111474167,87.89477678721383,70.28505360939977,14.666666666666666,-2.842170943040401e-14,-1.687538997430238e-14
LAPP0028181_3G2p5,2.5,1,20,0.04,0.01596,0.055959999999999996,12.12,0.95,0.0,baseline,7.074,0.37231578947368416,12.085521070282724,0.6161352701443338,0.02124368467564191,7.467559474149325,0.0,7.446315789473684,-8.881784197001252e-16,-2.3203661214665772e-14
LAPP0028181_3G2p5,2.5,1,20,0.04,0.01596,0.055959999999999996,12.12,0.95,0.0,budget,13.2,0.6947368421052644,12.055502524919474,1.1525638863567884,0.07433746053901102,13.969074302644275,0.0,13.894736842105264,0.0,-8.659739592076221e-15
LAPP0028181_3G2p5,2.5,1,20,0.04,0.01596,0.055959999999999996,12.12,0.95,6,baseline,7.074,0.37231578947368416,11.748772820751888,6.633795197428725,2.462645078851134,80.40159779283614,70.49263692451133,7.446315789473684,-1.4210854715202004e-14,-1.1546319456101628e-14
LAPP0028181_3G2p5,2.5,1,20,0.04,0.01596,0.055959999999999996,12.12,0.95,6,budget,13.2,0.6947368421052644,11.717884209158811,7.185771816318598,2.8895123167232786,87.09155441378141,70.30730525495287,13.894736842105264,0.0,-7.993605777301127e-15
LAPP0028181_3G2p5,2.5,1,20,0.1,0.01596,0.11596000000000001,11.88,0.8,0.0,baseline,7.074,1.7684999999999995,11.793052511296992,0.7498058701535882,0.06519373742462978,8.907693737424628,0.0,8.8425,-1.7763568394002505e-15,-8.992806499463768e-15
LAPP0028181_3G2p5,2.5,1,20,0.1,0.01596,0.11596000000000001,11.88,0.8,0.0,budget,13.2,3.299999999999997,11.716699749857181,1.408246379293036,0.22996698600127402,16.72996698600127,0.0,16.499999999999996,0.0,-5.773159728050814e-15
LAPP0028181_3G2p5,2.5,1,20,0.1,0.01596,0.11596000000000001,11.88,0.8,6,baseline,7.074,1.7684999999999995,11.091795426277447,6.79721088067053,5.357592704701226,80.7508652623659,66.55077255766469,8.8425,-1.4210854715202004e-14,-3.552713678800501e-15
LAPP0028181_3G2p5,2.5,1,20,0.1,0.01596,0.11596000000000001,11.88,0.8,6,budget,13.2,3.299999999999997,11.010465328086795,7.498574266240125,6.520270314411908,89.08306228293269,66.06279196852077,16.499999999999996,1.4210854715202004e-14,7.105427357601002e-15
LAPP0028181_3G2p5,2.5,1,20,0.1,0.01596,0.11596000000000001,11.88,0.9,0.0,baseline,7.074,0.7859999999999996,11.8027770211735,0.6659449709080849,0.051426254388050215,7.911426254388049,0.0,7.859999999999999,-8.881784197001252e-16,0.0
LAPP0028181_3G2p5,2.5,1,20,0.1,0.01596,0.11596000000000001,11.88,0.9,0.0,budget,13.2,1.4666666666666668,11.73507146921704,1.2498148567002483,0.1811338309322837,14.84780049759895,0.0,14.666666666666666,0.0,4.440892098500626e-16
LAPP0028181_3G2p5,2.5,1,20,0.1,0.01596,0.11596000000000001,11.88,0.9,6,baseline,7.074,0.7859999999999996,11.102143638279603,6.707971384273856,5.217838215495793,79.69070004517341,66.61286182967763,7.859999999999999,0.0,9.769962616701378e-15
LAPP0028181_3G2p5,2.5,1,20,0.1,0.01596,0.11596000000000001,11.88,0.9,6,budget,13.2,1.4666666666666668,11.030047861578648,7.329701090215173,6.2298951156176985,87.07684895175626,66.18028716947188,14.666666666666666,1.4210854715202004e-14,9.769962616701378e-15
LAPP0028181_3G2p5,2.5,1,20,0.1,0.01596,0.11596000000000001,11.88,0.95,0.0,baseline,7.074,0.37231578947368416,11.806866729443634,0.6306767036595975,0.04612345000233499,7.492439239476019,0.0,7.446315789473684,0.0,4.440892098500626e-16
LAPP0028181_3G2p5,2.5,1,20,0.1,0.01596,0.11596000000000001,11.88,0.95,0.0,budget,13.2,0.6947368421052644,11.742789528820555,1.1832569091018061,0.16235523802419308,14.057092080129458,0.0,13.894736842105264,0.0,-1.3322676295501878e-15
LAPP0028181_3G2p5,2.5,1,20,0.1,0.01596,0.11596000000000001,11.88,0.95,6,baseline,7.074,0.37231578947368416,11.106494970515937,6.6704469600212475,5.15962427248312,79.24490988505242,66.63896982309562,7.446315789473684,0.0,-5.329070518200751e-15
LAPP0028181_3G2p5,2.5,1,20,0.1,0.01596,0.11596000000000001,11.88,0.95,6,budget,13.2,0.6947368421052644,11.038272073729624,7.258778253452716,6.109916366535264,86.23428565101827,66.22963244237775,13.894736842105264,0.0,-4.440892098500626e-15
LAPP0028181_3G2p5,2.5,1,20,0.1,0.01596,0.11596000000000001,12.0,0.8,0.0,baseline,7.074,1.7684999999999995,11.91393470542244,0.7421981250220782,0.063877500264938,8.906377500264938,0.0,8.8425,0.0,-1.1102230246251565e-16
LAPP0028181_3G2p5,2.5,1,20,0.1,0.01596,0.11596000000000001,12.0,0.8,0.0,budget,13.2,3.299999999999997,11.838378199466014,1.3937719949464236,0.2252639393570884,16.725263939357085,0.0,16.499999999999996,0.0,-1.1102230246251565e-14
LAPP0028181_3G2p5,2.5,1,20,0.1,0.01596,0.11596000000000001,12.0,0.8,6,baseline,7.074,1.7684999999999995,11.212792998333924,6.788608155105858,5.34403987126675,81.46329786127029,67.27675799000355,8.8425,0.0,3.552713678800501e-15
LAPP0028181_3G2p5,2.5,1,20,0.1,0.01596,0.11596000000000001,12.0,0.8,6,budget,13.2,3.299999999999997,11.132368214670574,7.482164412982297,6.491763667764137,89.78597295578757,66.79420928802344,16.499999999999996,0.0,-1.3322676295501878e-14
LAPP0028181_3G2p5,2.5,1,20,0.1,0.01596,0.11596000000000001,12.0,0.9,0.0,baseline,7.074,0.7859999999999996,11.923559267872653,0.659199138731865,0.05038966478238039,7.91038966478238,0.0,7.859999999999999,0.0,-3.3306690738754696e-16
LAPP0028181_3G2p5,2.5,1,20,0.1,0.01596,0.11596000000000001,12.0,0.9,0.0,budget,13.2,1.4666666666666668,11.85655643986578,1.237008969767338,0.17744097054139135,14.844107637208058,0.0,14.666666666666666,0.0,-9.547918011776346e-15
LAPP0028181_3G2p5,2.5,1,20,0.1,0.01596,0.11596000000000001,12.0,0.9,6,baseline,7.074,0.7859999999999996,11.22302790575468,6.700345759273193,5.2059816767502385,80.40414911127831,67.33816743452809,7.859999999999999,-1.4210854715202004e-14,1.7763568394002505e-15
LAPP0028181_3G2p5,2.5,1,20,0.1,0.01596,0.11596000000000001,12.0,0.9,6,budget,13.2,1.4666666666666668,11.151730334172171,7.3151920130030135,6.205255484336474,87.78230415603616,66.91038200503303,14.666666666666666,-1.4210854715202004e-14,-7.993605777301127e-15
LAPP0028181_3G2p5,2.5,1,20,0.1,0.01596,0.11596000000000001,12.0,0.95,0.0,baseline,7.074,0.37231578947368416,11.927607040033324,0.6242925143728477,0.045194383000488704,7.491510172474173,0.0,7.446315789473684,0.0,2.55351295663786e-15
LAPP0028181_3G2p5,2.5,1,20,0.1,0.01596,0.11596000000000001,12.0,0.95,0.0,budget,13.2,0.6947368421052644,11.864193577619133,1.1711488649609183,0.15904953742575673,14.053786379531019,0.0,13.894736842105264,-1.7763568394002505e-15,-1.1102230246251565e-14
LAPP0028181_3G2p5,2.5,1,20,0.1,0.01596,0.11596000000000001,12.0,0.95,6,baseline,7.074,0.37231578947368416,11.227331719338794,6.66323111987932,5.148467333045397,79.95877343855184,67.36399031603277,7.446315789473684,-1.4210854715202004e-14,-2.6645352591003757e-15
LAPP0028181_3G2p5,2.5,1,20,0.1,0.01596,0.11596000000000001,12.0,0.95,6,budget,13.2,0.6947368421052644,11.159862442252495,7.24506345073737,6.086849913228209,86.94076140884845,66.95917465351496,13.894736842105264,1.4210854715202004e-14,-8.881784197001252e-16
LAPP0028181_3G2p5,2.5,1,20,0.1,0.01596,0.11596000000000001,12.12,0.8,0.0,baseline,7.074,1.7684999999999995,12.034799051014184,0.7347442996362148,0.06260091159092385,8.905100911590923,0.0,8.8425,0.0,-6.106226635438361e-15
LAPP0028181_3G2p5,2.5,1,20,0.1,0.01596,0.11596000000000001,12.12,0.8,0.0,budget,13.2,3.299999999999997,11.960022033857161,1.379596120583289,0.22070498146946432,16.72070498146946,0.0,16.499999999999996,0.0,2.220446049250313e-16
LAPP0028181_3G2p5,2.5,1,20,0.1,0.01596,0.11596000000000001,12.12,0.8,6,baseline,7.074,1.7684999999999995,11.333769099187888,6.780190589963016,5.330795355224423,82.17590995035175,68.00261459512733,8.8425,0.0,-4.440892098500626e-15
LAPP0028181_3G2p5,2.5,1,20,0.1,0.01596,0.11596000000000001,12.12,0.8,6,budget,13.2,3.299999999999997,11.254229245982074,7.466115505501254,6.463944450782745,90.4893199266752,67.52537547589245,16.499999999999996,0.0,-4.440892098500626e-15
LAPP0028181_3G2p5,2.5,1,20,0.1,0.01596,0.11596000000000001,12.12,0.9,0.0,baseline,7.074,0.7859999999999996,12.044325726429001,0.6525894581838411,0.04938423318815349,7.909384233188153,0.0,7.859999999999999,8.881784197001252e-16,-9.992007221626409e-16
LAPP0028181_3G2p5,2.5,1,20,0.1,0.01596,0.11596000000000001,12.12,0.9,0.0,budget,13.2,1.4666666666666668,11.978010927104927,1.2244659614959614,0.17386078666438412,14.84052745333105,0.0,14.666666666666666,0.0,1.7763568394002505e-15
LAPP0028181_3G2p5,2.5,1,20,0.1,0.01596,0.11596000000000001,12.12,0.9,6,baseline,7.074,0.7859999999999996,11.343893192734239,6.692883815675762,5.194392689584802,81.11775184599023,68.06335915640543,7.859999999999999,0.0,-7.993605777301127e-15
LAPP0028181_3G2p5,2.5,1,20,0.1,0.01596,0.11596000000000001,12.12,0.9,6,budget,13.2,1.4666666666666668,11.273375993724198,7.3010003990669246,6.1812022076792585,88.48812483669111,67.64025596234518,14.666666666666666,0.0,7.105427357601002e-15
LAPP0028181_3G2p5,2.5,1,20,0.1,0.01596,0.11596000000000001,12.12,0.95,0.0,baseline,7.074,0.37231578947368416,12.048332424060359,0.6180370467371477,0.04429321698054515,7.490609006454229,0.0,7.446315789473684,0.0,7.993605777301127e-15
LAPP0028181_3G2p5,2.5,1,20,0.1,0.01596,0.11596000000000001,12.12,0.95,0.0,budget,13.2,0.6947368421052644,11.985568860100223,1.1592888918573263,0.15584452720552802,14.050581369310795,0.0,13.894736842105264,3.552713678800501e-15,7.105427357601002e-15
LAPP0028181_3G2p5,2.5,1,20,0.1,0.01596,0.11596000000000001,12.12,0.95,6,baseline,7.074,0.37231578947368416,11.348150528257687,6.656169987429391,5.137561288624409,80.67278024764421,68.08890316954611,7.446315789473684,0.0,8.881784197001252e-16
LAPP0028181_3G2p5,2.5,1,20,0.1,0.01596,0.11596000000000001,12.12,0.95,6,budget,13.2,0.6947368421052644,11.281418089543195,7.231648072238753,6.06432925616925,87.64757463553367,67.68850853725917,13.894736842105264,0.0,-9.769962616701378e-15
LAPP0028181_3G2p5,2.5,1,70,0.04,0.019096139999999998,0.05909614,11.88,0.8,0.0,baseline,7.074,1.7684999999999995,11.83584958950362,0.7470946578977979,0.03298453582584064,8.87548453582584,0.0,8.8425,0.0,-3.9968028886505635e-15
LAPP0028181_3G2p5,2.5,1,70,0.04,0.019096139999999998,0.05909614,11.88,0.8,0.0,budget,13.2,3.299999999999997,11.797346983916867,1.3986195389941638,0.11560012325067087,16.615600123250665,0.0,16.499999999999996,-3.552713678800501e-15,-1.6653345369377348e-14
LAPP0028181_3G2p5,2.5,1,70,0.04,0.019096139999999998,0.05909614,11.88,0.8,6,baseline,7.074,1.7684999999999995,11.47990382237878,6.770259066348844,2.7087547739515863,80.43067770822427,68.87942293427268,8.8425,0.0,-2.6645352591003757e-15
LAPP0028181_3G2p5,2.5,1,70,0.04,0.019096139999999998,0.05909614,11.88,0.8,6,budget,13.2,3.299999999999997,11.440189756467621,7.442283768997088,3.273192636879685,88.4143311756854,68.64113853880573,16.499999999999996,-1.4210854715202004e-14,8.881784197001252e-16
LAPP0028181_3G2p5,2.5,1,70,0.04,0.019096139999999998,0.05909614,11.88,0.9,0.0,baseline,7.074,0.7859999999999996,11.840771503761182,0.6638080970909114,0.026040193440027812,7.886040193440028,0.0,7.859999999999999,8.881784197001252e-16,7.327471962526033e-15
LAPP0028181_3G2p5,2.5,1,70,0.04,0.019096139999999998,0.05909614,11.88,0.9,0.0,budget,13.2,1.4666666666666668,11.806588157808024,1.2422442851931947,0.09119544142848804,14.757862108095155,0.0,14.666666666666666,1.7763568394002505e-15,-4.218847493575595e-15
LAPP0028181_3G2p5,2.5,1,70,0.04,0.019096139999999998,0.05909614,11.88,0.9,6,baseline,7.074,0.7859999999999996,11.484979407869131,6.684372145640469,2.640464642993989,79.41034109020877,68.90987644721478,7.859999999999999,0.0,-2.6645352591003757e-15
LAPP0028181_3G2p5,2.5,1,70,0.04,0.019096139999999998,0.05909614,11.88,0.9,6,budget,13.2,1.4666666666666668,11.449723217723228,7.2809625514758185,3.1328291385266924,86.49783511153272,68.69833930633936,14.666666666666666,0.0,3.552713678800501e-15
LAPP0028181_3G2p5,2.5,1,70,0.04,0.019096139999999998,0.05909614,11.88,0.95,0.0,baseline,7.074,0.37231578947368416,11.842842660923724,0.628760847599818,0.023363080012154085,7.469678869485838,0.0,7.446315789473684,0.0,-9.547918011776346e-15
LAPP0028181_3G2p5,2.5,1,70,0.04,0.019096139999999998,0.05909614,11.88,0.95,0.0,budget,13.2,0.6947368421052644,11.810474826307988,1.1764757172298064,0.08179467858483791,13.9765315206901,0.0,13.894736842105264,-1.7763568394002505e-15,-1.1102230246251565e-14
LAPP0028181_3G2p5,2.5,1,70,0.04,0.019096139999999998,0.05909614,11.88,0.95,6,baseline,7.074,0.37231578947368416,11.487115150144856,6.648232014056182,2.6119896366446387,78.98099632698745,68.92269090086913,7.446315789473684,0.0,-1.9539925233402755e-14
LAPP0028181_3G2p5,2.5,1,70,0.04,0.019096139999999998,0.05909614,11.88,0.95,6,budget,13.2,0.6947368421052644,11.453732528879199,7.213118676123383,3.0747178569653424,85.6918498723458,68.72239517327519,13.894736842105264,1.4210854715202004e-14,8.881784197001252e-16
LAPP0028181_3G2p5,2.5,1,70,0.04,0.019096139999999998,0.05909614,12.0,0.8,0.0,baseline,7.074,1.7684999999999995,11.956294349849578,0.7395686105796857,0.03232332695622986,8.874823326956228,0.0,8.8425,0.0,-1.6653345369377348e-14
LAPP0028181_3G2p5,2.5,1,70,0.04,0.019096139999999998,0.05909614,12.0,0.8,0.0,budget,13.2,3.299999999999997,11.91818499964305,1.3844389897030607,0.11326787643673228,16.61326787643673,0.0,16.499999999999996,0.0,4.440892098500626e-16
LAPP0028181_3G2p5,2.5,1,70,0.04,0.019096139999999998,0.05909614,12.0,0.8,6,baseline,7.074,1.7684999999999995,11.600376551761178,6.762259738771801,2.7023575546945415,81.14711686526161,69.60225931056706,8.8425,0.0,5.329070518200751e-15
LAPP0028181_3G2p5,2.5,1,70,0.04,0.019096139999999998,0.05909614,12.0,0.8,6,budget,13.2,3.299999999999997,11.56108102034332,7.427202176938815,3.2599400012058646,89.12642612326579,69.36648612205991,16.499999999999996,1.4210854715202004e-14,-1.0658141036401503e-14
LAPP0028181_3G2p5,2.5,1,70,0.04,0.019096139999999998,0.05909614,12.0,0.9,0.0,baseline,7.074,0.7859999999999996,11.961166357316326,0.6571265514748273,0.025518617697928094,7.885518617697928,0.0,7.859999999999999,0.0,2.220446049250313e-15
LAPP0028181_3G2p5,2.5,1,70,0.04,0.019096139999999998,0.05909614,12.0,0.9,0.0,budget,13.2,1.4666666666666668,11.927331323060432,1.229668755684683,0.08935840154953059,14.756025068216196,0.0,14.666666666666666,0.0,-2.220446049250313e-15
LAPP0028181_3G2p5,2.5,1,70,0.04,0.019096139999999998,0.05909614,12.0,0.9,6,baseline,7.074,0.7859999999999996,11.605399059318426,6.677270980500141,2.6348574100911284,80.12725176600169,69.63239435591055,7.859999999999999,1.4210854715202004e-14,7.993605777301127e-15
LAPP0028181_3G2p5,2.5,1,70,0.04,0.019096139999999998,0.05909614,12.0,0.9,6,budget,13.2,1.4666666666666668,11.570513486572583,7.267589954731665,3.121331870677816,87.21107945677998,69.4230809194355,14.666666666666666,-1.4210854715202004e-14,1.1546319456101628e-14
LAPP0028181_3G2p5,2.5,1,70,0.04,0.019096139999999998,0.05909614,12.0,0.95,0.0,baseline,7.074,0.37231578947368416,11.963216538045643,0.6224342563551176,0.022895286787727533,7.469211076261411,0.0,7.446315789473684,-8.881784197001252e-16,-1.176836406102666e-14
LAPP0028181_3G2p5,2.5,1,70,0.04,0.019096139999999998,0.05909614,12.0,0.95,0.0,budget,13.2,0.6947368421052644,11.931178187031291,1.1645737432040266,0.08014807634305711,13.97488491844832,0.0,13.894736842105264,-1.7763568394002505e-15,-2.886579864025407e-15
LAPP0028181_3G2p5,2.5,1,70,0.04,0.019096139999999998,0.05909614,12.0,0.95,6,baseline,7.074,0.37231578947368416,11.60751249476683,6.641508315655987,2.6067090297971736,79.69809978787184,69.64507496860098,7.446315789473684,0.0,-6.217248937900877e-15
LAPP0028181_3G2p5,2.5,1,70,0.04,0.019096139999999998,0.05909614,12.0,0.95,6,budget,13.2,0.6947368421052644,11.574480423597757,7.200463116579905,3.063938015267051,86.40555739895886,69.44688254158655,13.894736842105264,0.0,7.105427357601002e-15
LAPP0028181_3G2p5,2.5,1,70,0.04,0.019096139999999998,0.05909614,12.12,0.8,0.0,baseline,7.074,1.7684999999999995,12.076730206852389,0.7321932218857325,0.031681849255077985,8.874181849255077,0.0,8.8425,0.0,-8.881784197001252e-16
LAPP0028181_3G2p5,2.5,1,70,0.04,0.019096139999999998,0.05909614,12.12,0.8,0.0,budget,13.2,3.299999999999997,12.039006078772625,1.3705450343689976,0.11100581655225267,16.61100581655225,0.0,16.499999999999996,0.0,-6.661338147750939e-15
LAPP0028181_3G2p5,2.5,1,70,0.04,0.019096139999999998,0.05909614,12.12,0.8,6,baseline,7.074,1.7684999999999995,11.720839526141305,6.754425481236078,2.6960996757334343,81.86363683258126,70.32503715684783,8.8425,0.0,8.881784197001252e-16
LAPP0028181_3G2p5,2.5,1,70,0.04,0.019096139999999998,0.05909614,12.12,0.8,6,budget,13.2,3.299999999999997,11.681953704921677,7.412434975927738,3.246989678714118,89.83871190824418,70.09172222953006,16.499999999999996,0.0,6.217248937900877e-15
LAPP0028181_3G2p5,2.5,1,70,0.04,0.019096139999999998,0.05909614,12.12,0.9,0.0,baseline,7.074,0.7859999999999996,12.081553316180136,0.6505785965016228,0.025012589599668386,7.885012589599667,0.0,7.859999999999999,0.0,-4.440892098500626e-16
LAPP0028181_3G2p5,2.5,1,70,0.04,0.019096139999999998,0.05909614,12.12,0.9,0.0,budget,13.2,1.4666666666666668,12.048059503155702,1.2173467986960955,0.08757653353001063,14.754243200196676,0.0,14.666666666666666,0.0,1.1102230246251565e-14
LAPP0028181_3G2p5,2.5,1,70,0.04,0.019096139999999998,0.05909614,12.12,0.9,6,baseline,7.074,0.7859999999999996,11.725810062232359,6.670316162233965,2.6293715128814967,80.84423188627565,70.35486037339416,7.859999999999999,0.0,-1.2434497875801753e-14
LAPP0028181_3G2p5,2.5,1,70,0.04,0.019096139999999998,0.05909614,12.12,0.9,6,budget,13.2,1.4666666666666668,11.691287321677077,7.2544954428989925,3.110094171206651,87.92448476793578,70.14772393006245,14.666666666666666,0.0,2.398081733190338e-14
LAPP0028181_3G2p5,2.5,1,70,0.04,0.019096139999999998,0.05909614,12.12,0.95,0.0,baseline,7.074,0.37231578947368416,12.08358294369896,0.6162340941563693,0.02244143170151164,7.468757221175196,0.0,7.446315789473684,0.0,1.1213252548714081e-14
LAPP0028181_3G2p5,2.5,1,70,0.04,0.019096139999999998,0.05909614,12.12,0.95,0.0,budget,13.2,0.6947368421052644,12.05186737889915,1.1529115285845808,0.07855088433985317,13.973287726445118,0.0,13.894736842105264,1.7763568394002505e-15,1.509903313490213e-14
LAPP0028181_3G2p5,2.5,1,70,0.04,0.019096139999999998,0.05909614,12.12,0.95,6,baseline,7.074,0.37231578947368416,11.727901655017845,6.634923109735299,2.601542370411048,80.41526808999181,70.36740993010707,7.446315789473684,0.0,2.042810365310288e-14
LAPP0028181_3G2p5,2.5,1,70,0.04,0.019096139999999998,0.05909614,12.12,0.95,6,budget,13.2,0.6947368421052644,11.695212781701542,7.188070461090295,3.0534004560998502,87.11941398841437,70.17127669020925,13.894736842105264,0.0,5.329070518200751e-15
LAPP0028181_3G2p5,2.5,1,70,0.1,0.019096139999999998,0.11909614,11.88,0.8,0.0,baseline,7.074,1.7684999999999995,11.79068306969793,0.7499565502464598,0.06698381692794346,8.909483816927944,0.0,8.8425,1.7763568394002505e-15,6.772360450213455e-15
LAPP0028181_3G2p5,2.5,1,70,0.1,0.019096139999999998,0.11909614,11.88,0.8,0.0,budget,13.2,3.299999999999997,11.712219130455809,1.4087851171683003,0.23636719195941427,16.73636719195941,0.0,16.499999999999996,0.0,-4.218847493575595e-15
LAPP0028181_3G2p5,2.5,1,70,0.1,0.019096139999999998,0.11909614,11.88,0.8,6,baseline,7.074,1.7684999999999995,11.070294013778659,6.798759273149762,5.504996082347224,80.76926016501918,66.42176408267196,8.8425,0.0,-1.7763568394002505e-15
LAPP0028181_3G2p5,2.5,1,70,0.1,0.019096139999999998,0.11909614,11.88,0.8,6,budget,13.2,3.299999999999997,10.986560419065182,7.501834911986398,6.702436240007328,89.12179875439841,65.91936251439108,16.499999999999996,0.0,-4.440892098500626e-15
LAPP0028181_3G2p5,2.5,1,70,0.1,0.019096139999999998,0.11909614,11.88,0.9,0.0,baseline,7.074,0.7859999999999996,11.800674392900532,0.666063628086264,0.05283590166481824,7.912835901664816,0.0,7.859999999999999,-1.7763568394002505e-15,-1.0769163338864018e-14
LAPP0028181_3G2p5,2.5,1,70,0.1,0.019096139999999998,0.11909614,11.88,0.9,0.0,budget,13.2,1.4666666666666668,11.731101502592866,1.250237811293762,0.18615853150322695,14.852825198169894,0.0,14.666666666666666,1.7763568394002505e-15,-3.774758283725532e-15
LAPP0028181_3G2p5,2.5,1,70,0.1,0.019096139999999998,0.11909614,11.88,0.9,6,baseline,7.074,0.7859999999999996,11.080945198632998,6.709325771322256,5.361118971510422,79.7067901633084,66.48567119179799,7.859999999999999,-1.4210854715202004e-14,-3.552713678800501e-15
LAPP0028181_3G2p5,2.5,1,70,0.1,0.019096139999999998,0.11909614,11.88,0.9,6,budget,13.2,1.4666666666666668,11.006725333559208,7.33251863948566,6.403302769067743,87.11032143708965,66.04035200135525,14.666666666666666,0.0,-8.881784197001252e-15
LAPP0028181_3G2p5,2.5,1,70,0.1,0.019096139999999998,0.11909614,11.88,0.95,0.0,baseline,7.074,0.37231578947368416,11.804876173650442,0.6307830493041967,0.04738683626017411,7.4937026257338575,0.0,7.446315789473684,-8.881784197001252e-16,-3.885780586188048e-15
LAPP0028181_3G2p5,2.5,1,70,0.1,0.019096139999999998,0.11909614,11.88,0.95,0.0,budget,13.2,0.6947368421052644,11.73903358119174,1.1836354965682514,0.16685285712556527,14.061589699230828,0.0,13.894736842105264,-1.7763568394002505e-15,-3.774758283725532e-15
LAPP0028181_3G2p5,2.5,1,70,0.1,0.019096139999999998,0.11909614,11.88,0.95,6,baseline,7.074,0.37231578947368416,11.085423740173267,6.67172134904401,5.301191396129564,79.26004962664285,66.5125424410396,7.446315789473684,0.0,-6.217248937900877e-15
LAPP0028181_3G2p5,2.5,1,70,0.1,0.019096139999999998,0.11909614,11.88,0.95,6,budget,13.2,0.6947368421052644,11.015193430982624,7.2614156010209765,6.279719912128216,86.26561734012921,66.09116058589575,13.894736842105264,-1.4210854715202004e-14,-1.1546319456101628e-14
LAPP0028181_3G2p5,2.5,1,70,0.1,0.019096139999999998,0.11909614,12.0,0.8,0.0,baseline,7.074,1.7684999999999995,11.911589666244605,0.7423442418486025,0.06563090218323062,8.90813090218323,0.0,8.8425,0.0,-4.107825191113079e-15
LAPP0028181_3G2p5,2.5,1,70,0.1,0.019096139999999998,0.11909614,12.0,0.8,0.0,budget,13.2,3.299999999999997,11.833944950888721,1.3942941317097184,0.2315295805166255,16.73152958051662,0.0,16.499999999999996,0.0,-3.3306690738754696e-15
LAPP0028181_3G2p5,2.5,1,70,0.1,0.019096139999999998,0.11909614,12.0,0.8,6,baseline,7.074,1.7684999999999995,11.191322789763763,6.790121075596878,5.491016168579956,81.48145290716253,67.14793673858259,8.8425,-1.4210854715202004e-14,2.6645352591003757e-15
LAPP0028181_3G2p5,2.5,1,70,0.1,0.019096139999999998,0.11909614,12.0,0.8,6,budget,13.2,3.299999999999997,11.108524206230989,7.48534582035162,6.673004606833512,89.82414984421945,66.65114523738593,16.499999999999996,0.0,-1.7763568394002505e-15
LAPP0028181_3G2p5,2.5,1,70,0.1,0.019096139999999998,0.11909614,12.0,0.9,0.0,baseline,7.074,0.7859999999999996,11.921478222504918,0.6593142103101096,0.0517705237213163,7.911770523721316,0.0,7.859999999999999,0.0,-2.7755575615628914e-15
LAPP0028181_3G2p5,2.5,1,70,0.1,0.019096139999999998,0.11909614,12.0,0.9,0.0,budget,13.2,1.4666666666666668,11.852628180000275,1.2374189457334623,0.1823606821348811,14.849027348801549,0.0,14.666666666666666,1.7763568394002505e-15,-1.1102230246251565e-15
LAPP0028181_3G2p5,2.5,1,70,0.1,0.019096139999999998,0.11909614,12.0,0.9,6,baseline,7.074,0.7859999999999996,11.20185704622645,6.701669372101814,5.348890187863073,80.42003246522177,67.2111422773587,7.859999999999999,-1.4210854715202004e-14,-3.552713678800501e-15
LAPP0028181_3G2p5,2.5,1,70,0.1,0.019096139999999998,0.11909614,12.0,0.9,6,budget,13.2,1.4666666666666668,11.128461354497507,7.317942004690452,6.377869262633728,87.81530405628543,66.77076812698505,14.666666666666666,-1.4210854715202004e-14,-1.1546319456101628e-14
LAPP0028181_3G2p5,2.5,1,70,0.1,0.019096139999999998,0.11909614,12.0,0.95,0.0,baseline,7.074,0.37231578947368416,11.92563688832286,0.6243956494067701,0.04643200340755575,7.492747792881241,0.0,7.446315789473684,1.7763568394002505e-15,6.5503158452884236e-15
LAPP0028181_3G2p5,2.5,1,70,0.1,0.019096139999999998,0.11909614,12.0,0.95,0.0,budget,13.2,0.6947368421052644,11.860476983641304,1.1715158556666596,0.16345342589465142,14.058190267999915,0.0,13.894736842105264,0.0,-4.440892098500626e-16
LAPP0028181_3G2p5,2.5,1,70,0.1,0.019096139999999998,0.11909614,12.0,0.95,6,baseline,7.074,0.37231578947368416,11.206286555437892,6.664476653585155,5.289684720920833,79.97371984302187,67.23771933262735,7.446315789473684,0.0,-7.105427357601002e-15
LAPP0028181_3G2p5,2.5,1,70,0.1,0.019096139999999998,0.11909614,12.0,0.95,6,budget,13.2,0.6947368421052644,11.136834298947546,7.247637925565467,6.2559124709950735,86.9716551067856,66.82100579368527,13.894736842105264,0.0,-5.329070518200751e-15
LAPP0028181_3G2p5,2.5,1,70,0.1,0.019096139999999998,0.11909614,12.12,0.8,0.0,baseline,7.074,1.7684999999999995,12.032477909716368,0.7348860364713053,0.06431876203222184,8.90681876203222,0.0,8.8425,-1.7763568394002505e-15,-4.773959005888173e-15
LAPP0028181_3G2p5,2.5,1,70,0.1,0.019096139999999998,0.11909614,12.12,0.8,0.0,budget,13.2,3.299999999999997,11.955635138812442,1.3801023373852264,0.2268403291089473,16.726840329108942,0.0,16.499999999999996,0.0,-4.218847493575595e-15
LAPP0028181_3G2p5,2.5,1,70,0.1,0.019096139999999998,0.11909614,12.12,0.8,6,baseline,7.074,1.7684999999999995,11.312329369717592,6.781669248746489,5.477355076501893,82.19383129480744,67.87397621830556,8.8425,-1.4210854715202004e-14,6.217248937900877e-15
LAPP0028181_3G2p5,2.5,1,70,0.1,0.019096139999999998,0.11909614,12.12,0.8,6,budget,13.2,3.299999999999997,11.230444664607658,7.469220542263937,6.644284984592964,90.5269529722389,67.38266798764595,16.499999999999996,-1.4210854715202004e-14,-5.329070518200751e-15
LAPP0028181_3G2p5,2.5,1,70,0.1,0.019096139999999998,0.11909614,12.12,0.9,0.0,baseline,7.074,0.7859999999999996,12.042265819871263,0.6527010877828328,0.050737183927933006,7.910737183927933,0.0,7.859999999999999,0.0,-1.6653345369377348e-15
LAPP0028181_3G2p5,2.5,1,70,0.1,0.019096139999999998,0.11909614,12.12,0.9,0.0,budget,13.2,1.4666666666666668,11.974123486479915,1.2248634886074896,0.17867881525611015,14.845345481922774,0.0,14.666666666666666,-1.7763568394002505e-15,-1.199040866595169e-14
LAPP0028181_3G2p5,2.5,1,70,0.1,0.019096139999999998,0.11909614,12.12,0.9,6,baseline,7.074,0.7859999999999996,11.32274927598266,6.694177695577196,5.3369380144996414,81.1334336703956,67.93649565589597,7.859999999999999,0.0,-4.440892098500626e-15
LAPP0028181_3G2p5,2.5,1,70,0.1,0.019096139999999998,0.11909614,12.12,0.9,6,budget,13.2,1.4666666666666668,11.250159279437952,7.3036852459034165,6.353042837055025,88.5206651803494,67.50095567662771,14.666666666666666,-1.4210854715202004e-14,-3.552713678800501e-15
LAPP0028181_3G2p5,2.5,1,70,0.1,0.019096139999999998,0.11909614,12.12,0.95,0.0,baseline,7.074,0.37231578947368416,12.046382257445028,0.6181370996152505,0.045505857863152484,7.491821647336836,0.0,7.446315789473684,0.0,-7.882583474838611e-15
LAPP0028181_3G2p5,2.5,1,70,0.1,0.019096139999999998,0.11909614,12.12,0.95,0.0,budget,13.2,0.6947368421052644,11.981890785533743,1.1596447581445979,0.16015762660726088,14.054894468712526,0.0,13.894736842105264,1.7763568394002505e-15,9.769962616701378e-15
LAPP0028181_3G2p5,2.5,1,70,0.1,0.019096139999999998,0.11909614,12.12,0.95,6,baseline,7.074,0.37231578947368416,11.327130829746476,6.657387638705357,5.278437413156375,80.68753818110892,67.96278497847885,7.446315789473684,0.0,1.7763568394002505e-15
LAPP0028181_3G2p5,2.5,1,70,0.1,0.019096139999999998,0.11909614,12.12,0.95,6,budget,13.2,0.6947368421052644,11.25843924075296,7.234161906901759,6.2326700250262865,87.67804231164932,67.55063544451775,13.894736842105264,2.842170943040401e-14,3.552713678800501e-15
LAPP0028181_3G2p5,2.5,2,20,0.04,0.03192,0.07192,11.88,0.8,0.0,baseline,7.074,1.7684999999999995,11.826225225048734,0.7477026550509959,0.04020754200583258,8.882707542005832,0.0,8.8425,0.0,-1.587618925213974e-14
LAPP0028181_3G2p5,2.5,2,20,0.04,0.03192,0.07192,11.88,0.8,0.0,budget,13.2,3.299999999999997,11.779256802025408,1.4007674913041093,0.14111779669282182,16.641117796692818,0.0,16.499999999999996,0.0,1.687538997430238e-14
LAPP0028181_3G2p5,2.5,2,20,0.04,0.03192,0.07192,11.88,0.8,6,baseline,7.074,1.7684999999999995,11.392658736967126,6.776157717364752,3.3023012604904878,80.50075368229327,68.35595242180275,8.8425,2.842170943040401e-14,2.042810365310288e-14
LAPP0028181_3G2p5,2.5,2,20,0.04,0.03192,0.07192,11.88,0.8,6,budget,13.2,3.299999999999997,11.343870199363655,7.454530042218359,3.9965957053721684,88.5598169015541,68.06322119618193,16.499999999999996,0.0,1.5987211554602254e-14
LAPP0028181_3G2p5,2.5,2,20,0.04,0.03192,0.07192,11.88,0.9,0.0,baseline,7.074,0.7859999999999996,11.83222443564398,0.6642876022806113,0.0317367150936646,7.891736715093663,0.0,7.859999999999999,-8.881784197001252e-16,-5.773159728050814e-15
LAPP0028181_3G2p5,2.5,2,20,0.04,0.03192,0.07192,11.88,0.9,0.0,budget,13.2,1.4666666666666668,11.790536157766512,1.243935514926149,0.11128725065598645,14.777953917322652,0.0,14.666666666666666,0.0,-8.881784197001252e-16
LAPP0028181_3G2p5,2.5,2,20,0.04,0.03192,0.07192,11.88,0.9,6,baseline,7.074,0.7859999999999996,11.398888216198076,6.689540931617415,3.2184169704264423,79.4717462676149,68.39332929718846,7.859999999999999,0.0,7.105427357601002e-15
LAPP0028181_3G2p5,2.5,2,20,0.04,0.03192,0.07192,11.88,0.9,6,budget,13.2,1.4666666666666668,11.355589475119913,7.291581269189179,3.8237819605812993,86.62398547796745,68.13353685071948,14.666666666666666,0.0,2.3092638912203256e-14
LAPP0028181_3G2p5,2.5,2,20,0.04,0.03192,0.07192,11.88,0.95,0.0,baseline,7.074,0.37231578947368416,11.834748592469492,0.629190872226201,0.028471772573583843,7.4747875620472675,0.0,7.446315789473684,0.0,1.2434497875801753e-14
LAPP0028181_3G2p5,2.5,2,20,0.04,0.03192,0.07192,11.88,0.95,0.0,budget,13.2,0.6947368421052644,11.795278859825192,1.1779913817409473,0.09980077297719166,13.994537615082455,0.0,13.894736842105264,0.0,-3.3306690738754696e-15
LAPP0028181_3G2p5,2.5,2,20,0.04,0.03192,0.07192,11.88,0.95,6,baseline,7.074,0.37231578947368416,11.40150910988206,6.6530991395708945,3.1834473293361696,79.03881777810223,68.40905465929237,7.446315789473684,0.0,3.197442310920451e-14
LAPP0028181_3G2p5,2.5,2,20,0.04,0.03192,0.07192,11.88,0.95,6,budget,13.2,0.6947368421052644,11.360516617050994,7.223072621649147,3.7522662007806495,85.81010274519188,68.16309970230597,13.894736842105264,0.0,2.6645352591003757e-15
LAPP0028181_3G2p5,2.5,2,20,0.04,0.03192,0.07192,12.0,0.8,0.0,baseline,7.074,1.7684999999999995,11.946767811172721,0.7401583541056532,0.03940024926783986,8.881900249267838,0.0,8.8425,-1.7763568394002505e-15,9.992007221626409e-16
LAPP0028181_3G2p5,2.5,2,20,0.04,0.03192,0.07192,12.0,0.8,0.0,budget,13.2,3.299999999999997,11.900281349223949,1.3865218406013575,0.13826208721629232,16.63826208721629,0.0,16.499999999999996,0.0,1.9317880628477724e-14
LAPP0028181_3G2p5,2.5,2,20,0.04,0.03192,0.07192,12.0,0.8,6,baseline,7.074,1.7684999999999995,11.513243384324362,6.768028582809197,3.294382687764185,81.21634299371036,69.07946030594617,8.8425,0.0,1.1546319456101628e-14
LAPP0028181_3G2p5,2.5,2,20,0.04,0.03192,0.07192,12.0,0.8,6,budget,13.2,3.299999999999997,11.464975196926538,7.439165782445235,3.980138207783593,89.26998938934281,68.78985118155923,16.499999999999996,-1.4210854715202004e-14,8.881784197001252e-15
LAPP0028181_3G2p5,2.5,2,20,0.04,0.03192,0.07192,12.0,0.9,0.0,baseline,7.074,0.7859999999999996,11.95270600651502,0.6575916780447688,0.031100136537226212,7.891100136537226,0.0,7.859999999999999,0.0,-4.884981308350689e-15
LAPP0028181_3G2p5,2.5,2,20,0.04,0.03192,0.07192,12.0,0.9,0.0,budget,13.2,1.4666666666666668,11.91144426797152,1.2313088435550688,0.10903945599416094,14.775706122660825,0.0,14.666666666666666,-1.7763568394002505e-15,-7.549516567451064e-15
LAPP0028181_3G2p5,2.5,2,20,0.04,0.03192,0.07192,12.0,0.9,6,baseline,7.074,0.7859999999999996,11.51940705751454,6.682326786505268,3.211479092975967,80.18792143806321,69.11644234508724,7.859999999999999,1.4210854715202004e-14,1.687538997430238e-14
LAPP0028181_3G2p5,2.5,2,20,0.04,0.03192,0.07192,12.0,0.9,6,budget,13.2,1.4666666666666668,11.476568672075544,7.277966183599212,3.809515504070616,87.33559420319055,68.85941203245326,14.666666666666666,0.0,9.769962616701378e-15
LAPP0028181_3G2p5,2.5,2,20,0.04,0.03192,0.07192,12.0,0.95,0.0,baseline,7.074,0.37231578947368416,11.95520452784126,0.6228513926409804,0.027900922218081048,7.474216711691765,0.0,7.446315789473684,0.0,6.661338147750939e-16
LAPP0028181_3G2p5,2.5,2,20,0.04,0.03192,0.07192,12.0,0.95,0.0,budget,13.2,0.6947368421052644,11.916138142937147,1.1660436187827228,0.09778658328740905,13.992523425392672,0.0,13.894736842105264,0.0,-1.3322676295501878e-15
LAPP0028181_3G2p5,2.5,2,20,0.04,0.03192,0.07192,12.0,0.95,6,baseline,7.074,0.37231578947368416,11.52200030747373,6.646269362156121,3.176914711557383,79.75523234587345,69.13200184484238,7.446315789473684,0.0,2.042810365310288e-14
LAPP0028181_3G2p5,2.5,2,20,0.04,0.03192,0.07192,12.0,0.95,6,budget,13.2,0.6947368421052644,11.481443077292909,7.210190805159778,3.7388943560546184,86.52228966191734,68.88865846375745,13.894736842105264,1.4210854715202004e-14,2.6645352591003757e-15
LAPP0028181_3G2p5,2.5,2,20,0.04,0.03192,0.07192,12.12,0.8,0.0,baseline,7.074,1.7684999999999995,12.0672995097631,0.7327654371092669,0.03861709776431356,8.881117097764314,0.0,8.8425,0.0,1.7208456881689926e-14
LAPP0028181_3G2p5,2.5,2,20,0.04,0.03192,0.07192,12.12,0.8,0.0,budget,13.2,3.299999999999997,12.021285096352965,1.372565401098905,0.13549266131872995,16.63549266131873,0.0,16.499999999999996,3.552713678800501e-15,8.215650382226158e-15
LAPP0028181_3G2p5,2.5,2,20,0.04,0.03192,0.07192,12.12,0.8,6,baseline,7.074,1.7684999999999995,11.633815854723728,6.760068760793531,3.286638252475221,81.93203338081759,69.80289512834237,8.8425,0.0,0.0
LAPP0028181_3G2p5,2.5,2,20,0.04,0.03192,0.07192,12.12,0.8,6,budget,13.2,3.299999999999997,11.586056888198367,7.424125581224015,3.964060715244844,89.98040204443505,69.5163413291902,16.499999999999996,1.4210854715202004e-14,8.881784197001252e-15
LAPP0028181_3G2p5,2.5,2,20,0.04,0.03192,0.07192,12.12,0.9,0.0,baseline,7.074,0.7859999999999996,12.073177928516667,0.6510299149517871,0.03048256921566047,7.890482569215659,0.0,7.859999999999999,-8.881784197001252e-16,-9.547918011776346e-15
LAPP0028181_3G2p5,2.5,2,20,0.04,0.03192,0.07192,12.12,0.9,0.0,budget,13.2,1.4666666666666668,12.032333993786125,1.2189377949648832,0.10685940830771781,14.773526074974383,0.0,14.666666666666666,-1.7763568394002505e-15,-8.881784197001252e-16
LAPP0028181_3G2p5,2.5,2,20,0.04,0.03192,0.07192,12.12,0.9,6,baseline,7.074,0.7859999999999996,11.639915109734844,6.675262656634533,3.204692740001481,80.90418339841054,69.83949065840906,7.859999999999999,0.0,-8.881784197001252e-16
LAPP0028181_3G2p5,2.5,2,20,0.04,0.03192,0.07192,12.12,0.9,6,budget,13.2,1.4666666666666668,11.59752727867237,7.264637393320763,3.795574868346754,88.04740520704765,69.58516367203421,14.666666666666666,1.4210854715202004e-14,-8.881784197001252e-16
LAPP0028181_3G2p5,2.5,2,20,0.04,0.03192,0.07192,12.12,0.95,0.0,baseline,7.074,0.37231578947368416,12.075651333681254,0.61663885315275,0.02734711073764539,7.4736629002113295,0.0,7.446315789473684,0.0,-6.106226635438361e-15
LAPP0028181_3G2p5,2.5,2,20,0.04,0.03192,0.07192,12.12,0.95,0.0,budget,13.2,0.6947368421052644,12.036980050687452,1.1543374487284053,0.09583303648300691,13.990569878588271,0.0,13.894736842105264,0.0,8.881784197001252e-16
LAPP0028181_3G2p5,2.5,2,20,0.04,0.03192,0.07192,12.12,0.95,6,baseline,7.074,0.37231578947368416,11.642481297671306,6.639581511800502,3.1705243475205513,80.47172792302209,69.85488778602783,7.446315789473684,1.4210854715202004e-14,1.0658141036401503e-14
LAPP0028181_3G2p5,2.5,2,20,0.04,0.03192,0.07192,12.12,0.95,6,budget,13.2,0.6947368421052644,11.602350080913336,7.1975795201149,3.725826456207305,87.23466378379258,69.61410048548001,13.894736842105264,1.4210854715202004e-14,-4.440892098500626e-15
LAPP0028181_3G2p5,2.5,2,20,0.1,0.03192,0.13192,11.88,0.8,0.0,baseline,7.074,1.7684999999999995,11.780984283491954,0.7505739577626387,0.0743186182201485,8.916818618220148,0.0,8.8425,0.0,-8.881784197001252e-16
LAPP0028181_3G2p5,2.5,2,20,0.1,0.03192,0.13192,11.88,0.8,0.0,budget,13.2,3.299999999999997,11.693861312197228,1.4109967237929997,0.26264107866084,16.762641078660838,0.0,16.499999999999996,0.0,8.881784197001252e-16
LAPP0028181_3G2p5,2.5,2,20,0.1,0.03192,0.13192,11.88,0.8,6,baseline,7.074,1.7684999999999995,10.98226303945101,6.805161920474455,6.109245378530466,80.84532361523652,65.89357823670605,8.8425,1.4210854715202004e-14,1.0658141036401503e-14
LAPP0028181_3G2p5,2.5,2,20,0.1,0.03192,0.13192,11.88,0.8,6,budget,13.2,3.299999999999997,10.888575054765933,7.515349797104805,7.4509052610094795,89.28235558960509,65.3314503285956,16.499999999999996,1.4210854715202004e-14,1.0658141036401503e-14
LAPP0028181_3G2p5,2.5,2,20,0.1,0.03192,0.13192,11.88,0.9,0.0,baseline,7.074,0.7859999999999996,11.792068762412145,0.6665497088224395,0.05861054081058231,7.918610540810581,0.0,7.859999999999999,0.0,3.3306690738754696e-16
LAPP0028181_3G2p5,2.5,2,20,0.1,0.03192,0.13192,11.88,0.9,0.0,budget,13.2,1.4666666666666668,11.714839680314366,1.2519733147789085,0.20677631290676696,14.873442979573435,0.0,14.666666666666666,1.7763568394002505e-15,7.549516567451064e-15
LAPP0028181_3G2p5,2.5,2,20,0.1,0.03192,0.13192,11.88,0.9,6,baseline,7.074,0.7859999999999996,10.994167153421412,6.714924549564807,5.948300728301445,79.77330364882991,65.96500292052846,7.859999999999999,0.0,-1.7763568394002505e-15
LAPP0028181_3G2p5,2.5,2,20,0.1,0.03192,0.13192,11.88,0.9,6,budget,13.2,1.4666666666666668,10.911154431117133,7.3441901825566065,7.115386115403027,87.2489793687725,65.4669265867028,14.666666666666666,0.0,1.7763568394002505e-15
LAPP0028181_3G2p5,2.5,2,20,0.1,0.03192,0.13192,11.88,0.95,0.0,baseline,7.074,0.37231578947368416,11.796729635304384,0.63121865293826,0.05256180743284391,7.498877596906529,0.0,7.446315789473684,8.881784197001252e-16,9.769962616701378e-15
LAPP0028181_3G2p5,2.5,2,20,0.1,0.03192,0.13192,11.88,0.95,0.0,budget,13.2,0.6947368421052644,11.723649912969274,1.1851886524463877,0.18530434895782333,14.080041191063087,0.0,13.894736842105264,0.0,-1.5543122344752192e-15
LAPP0028181_3G2p5,2.5,2,20,0.1,0.03192,0.13192,11.88,0.95,6,baseline,7.074,0.37231578947368416,10.999171640144782,6.676988779981951,5.8812810758432015,79.32262670618557,65.9950298408687,7.446315789473684,-1.4210854715202004e-14,-2.6645352591003757e-15
LAPP0028181_3G2p5,2.5,2,20,0.1,0.03192,0.13192,11.88,0.95,6,budget,13.2,0.6947368421052644,10.920633167671937,7.27233802553111,6.976839895172709,86.3953757433096,65.52379900603162,13.894736842105264,1.4210854715202004e-14,-4.440892098500626e-15
LAPP0028181_3G2p5,2.5,2,20,0.1,0.03192,0.13192,12.0,0.8,0.0,baseline,7.074,1.7684999999999995,11.901990969156087,0.7429429263486476,0.07281511618377202,8.91531511618377,0.0,8.8425,-1.7763568394002505e-15,-1.2212453270876722e-15
LAPP0028181_3G2p5,2.5,2,20,0.1,0.03192,0.13192,12.0,0.8,0.0,budget,13.2,3.299999999999997,11.815781976656279,1.3964374116413152,0.25724893969578694,16.75724893969578,0.0,16.499999999999996,-3.552713678800501e-15,-8.659739592076221e-15
LAPP0028181_3G2p5,2.5,2,20,0.1,0.03192,0.13192,12.0,0.8,6,baseline,7.074,1.7684999999999995,11.103422064416488,6.796376103574218,6.093480856391678,81.55651324289062,66.62053238649892,8.8425,1.4210854715202004e-14,6.217248937900877e-15
LAPP0028181_3G2p5,2.5,2,20,0.1,0.03192,0.13192,12.0,0.8,6,budget,13.2,3.299999999999997,11.010793983601754,7.498529536069174,7.417590531219572,89.98235443283009,66.06476390161052,16.499999999999996,0.0,8.881784197001252e-16
LAPP0028181_3G2p5,2.5,2,20,0.1,0.03192,0.13192,12.0,0.9,0.0,baseline,7.074,0.7859999999999996,11.912961085615226,0.6597855850877299,0.0574270210527585,7.917427021052759,0.0,7.859999999999999,8.881784197001252e-16,3.885780586188048e-15
LAPP0028181_3G2p5,2.5,2,20,0.1,0.03192,0.13192,12.0,0.9,0.0,budget,13.2,1.4666666666666668,11.836537786507797,1.2391010725606662,0.20254620406132945,14.869212870727994,0.0,14.666666666666666,-1.7763568394002505e-15,-3.774758283725532e-15
LAPP0028181_3G2p5,2.5,2,20,0.1,0.03192,0.13192,12.0,0.9,6,baseline,7.074,0.7859999999999996,11.115194071447156,6.707140149733495,5.934517368118997,80.48568179680194,66.69116442868294,7.859999999999999,0.0,6.217248937900877e-15
LAPP0028181_3G2p5,2.5,2,20,0.1,0.03192,0.13192,12.0,0.9,6,budget,13.2,1.4666666666666668,11.03311458972238,7.329331490885541,7.086623685625551,87.9519778906265,66.19868753833428,14.666666666666666,-1.4210854715202004e-14,-8.881784197001252e-15
LAPP0028181_3G2p5,2.5,2,20,0.1,0.03192,0.13192,12.0,0.95,0.0,baseline,7.074,0.37231578947368416,11.917573997936369,0.6248180872015628,0.051501256945069476,7.497817046418755,0.0,7.446315789473684,8.881784197001252e-16,5.773159728050814e-15
LAPP0028181_3G2p5,2.5,2,20,0.1,0.03192,0.13192,12.0,0.95,0.0,budget,13.2,0.6947368421052644,11.845255025727234,1.1730213331774344,0.18151915602394914,14.076255998129213,0.0,13.894736842105264,0.0,-5.329070518200751e-15
LAPP0028181_3G2p5,2.5,2,20,0.1,0.03192,0.13192,12.0,0.95,6,baseline,7.074,0.37231578947368416,11.12014318974623,6.6696240922814605,5.868314179426465,80.03548910737753,66.72085913847738,7.446315789473684,0.0,-1.7763568394002505e-15
LAPP0028181_3G2p5,2.5,2,20,0.1,0.03192,0.13192,12.0,0.95,6,budget,13.2,0.6947368421052644,11.042485332217872,7.25829796681419,6.949926766357785,87.09957560177028,66.25491199330723,13.894736842105264,0.0,0.0
LAPP0028181_3G2p5,2.5,2,20,0.1,0.03192,0.13192,12.12,0.8,0.0,baseline,7.074,1.7684999999999995,12.022977226184919,0.7354667511755626,0.07135702424781849,8.913857024247818,0.0,8.8425,0.0,1.3322676295501878e-15
LAPP0028181_3G2p5,2.5,2,20,0.1,0.03192,0.13192,12.12,0.8,0.0,budget,13.2,3.299999999999997,11.937662800807818,1.3821801030335223,0.2520228487662944,16.75202284876629,0.0,16.499999999999996,0.0,-6.8833827526759706e-15
LAPP0028181_3G2p5,2.5,2,20,0.1,0.03192,0.13192,12.12,0.8,6,baseline,7.074,1.7684999999999995,11.224555834338908,6.787781728783283,6.078079546819944,82.26791455285338,67.34733500603345,8.8425,-1.4210854715202004e-14,4.440892098500626e-15
LAPP0028181_3G2p5,2.5,2,20,0.1,0.03192,0.13192,12.12,0.8,6,budget,13.2,3.299999999999997,11.132963322458359,7.482085184518195,7.38509250161037,90.68287243636051,66.79777993475015,16.499999999999996,-1.4210854715202004e-14,0.0
LAPP0028181_3G2p5,2.5,2,20,0.1,0.03192,0.13192,12.12,0.9,0.0,baseline,7.074,0.7859999999999996,12.033835350928246,0.6531583465111734,0.05627915971542236,7.916279159715422,0.0,7.859999999999999,0.0,-8.215650382226158e-15
LAPP0028181_3G2p5,2.5,2,20,0.1,0.03192,0.13192,12.12,0.9,0.0,budget,13.2,1.4666666666666668,11.958200855628208,1.2264944236794366,0.1984457483281061,14.86511241499477,0.0,14.666666666666666,-1.7763568394002505e-15,-6.661338147750939e-16
LAPP0028181_3G2p5,2.5,2,20,0.1,0.03192,0.13192,12.12,0.9,6,baseline,7.074,0.7859999999999996,11.236198684125359,6.699524832281998,5.921048862505666,81.19824096725782,67.41719210475216,7.859999999999999,-1.4210854715202004e-14,-7.105427357601002e-15
LAPP0028181_3G2p5,2.5,2,20,0.1,0.03192,0.13192,12.12,0.9,6,budget,13.2,1.4666666666666668,11.155031209919873,7.314802835658943,7.058556442000499,88.65541036818638,66.93018725951924,14.666666666666666,-2.842170943040401e-14,-1.0658141036401503e-14
LAPP0028181_3G2p5,2.5,2,20,0.1,0.03192,0.13192,12.12,0.95,0.0,baseline,7.074,0.37231578947368416,12.038401293075985,0.6185468990601362,0.050472627135165204,7.49678841660885,0.0,7.446315789473684,8.881784197001252e-16,6.661338147750939e-15
LAPP0028181_3G2p5,2.5,2,20,0.1,0.03192,0.13192,12.12,0.95,0.0,budget,13.2,0.6947368421052644,11.966827093777967,1.1611045044120085,0.1778497513682797,14.072586593473542,0.0,13.894736842105264,-1.7763568394002505e-15,0.0
LAPP0028181_3G2p5,2.5,2,20,0.1,0.03192,0.13192,12.12,0.95,6,baseline,7.074,0.37231578947368416,11.241093664805328,6.66241915702449,5.855642404831162,80.74852018313682,67.44656198883197,7.446315789473684,0.0,8.881784197001252e-16
LAPP0028181_3G2p5,2.5,2,20,0.1,0.03192,0.13192,12.12,0.95,6,budget,13.2,0.6947368421052644,11.164296462745583,7.24456896038823,6.923660181326575,87.80417579990535,66.9857787764735,13.894736842105264,2.842170943040401e-14,9.769962616701378e-15
LAPP0028181_3G2p5,2.5,2,70,0.04,0.038192279999999995,0.07819228,11.88,0.8,0.0,baseline,7.074,1.7684999999999995,11.821512115442763,0.7480007560495413,0.04374898186855189,8.886248981868551,0.0,8.8425,0.0,2.6645352591003757e-15
LAPP0028181_3G2p5,2.5,2,70,0.04,0.038192279999999995,0.07819228,11.88,0.8,0.0,budget,13.2,3.299999999999997,11.77038827008974,1.401822915385798,0.15365623478328502,16.65365623478328,0.0,16.499999999999996,0.0,-1.7541523789077473e-14
LAPP0028181_3G2p5,2.5,2,70,0.04,0.038192279999999995,0.07819228,11.88,0.8,6,baseline,7.074,1.7684999999999995,11.349928293203831,6.779079811922227,3.5933984064130744,80.53546816563606,68.09956975922299,8.8425,0.0,-7.105427357601002e-15
LAPP0028181_3G2p5,2.5,2,70,0.04,0.038192279999999995,0.07819228,11.88,0.8,6,budget,13.2,3.299999999999997,11.296637769963063,7.460611585145475,4.3522390117498855,88.63206563152825,67.77982661977838,16.499999999999996,-1.4210854715202004e-14,-9.769962616701378e-15
LAPP0028181_3G2p5,2.5,2,70,0.04,0.038192279999999995,0.07819228,11.88,0.9,0.0,baseline,7.074,0.7859999999999996,11.82803945971832,0.664522639340872,0.03452895536956001,7.89452895536956,0.0,7.859999999999999,0.0,-5.218048215738236e-15
LAPP0028181_3G2p5,2.5,2,70,0.04,0.038192279999999995,0.07819228,11.88,0.9,0.0,budget,13.2,1.4666666666666668,11.782668901566591,1.2447660873095252,0.12115445057049506,14.78782111723716,0.0,14.666666666666666,-1.7763568394002505e-15,-1.7541523789077473e-14
LAPP0028181_3G2p5,2.5,2,70,0.04,0.038192279999999995,0.07819228,11.88,0.9,6,baseline,7.074,0.7859999999999996,11.356729390763327,6.692100668207583,3.5017795937261385,79.5021559383061,68.14037634457996,7.859999999999999,0.0,-1.0658141036401503e-14
LAPP0028181_3G2p5,2.5,2,70,0.04,0.038192279999999995,0.07819228,11.88,0.9,6,budget,13.2,1.4666666666666668,11.309442550401656,7.296851423162831,4.163272938097851,86.68659490717444,67.85665530240993,14.666666666666666,-1.4210854715202004e-14,-1.7763568394002505e-14
LAPP0028181_3G2p5,2.5,2,70,0.04,0.038192279999999995,0.07819228,11.88,0.95,0.0,baseline,7.074,0.37231578947368416,11.83078565140687,0.6294016313775576,0.03097559129170031,7.477291380765385,0.0,7.446315789473684,0.0,-3.9968028886505635e-15
LAPP0028181_3G2p5,2.5,2,70,0.04,0.038192279999999995,0.07819228,11.88,0.95,0.0,budget,13.2,0.6947368421052644,11.787831978290399,1.1787355696700752,0.1086417255752316,14.003378567680494,0.0,13.894736842105264,-1.7763568394002505e-15,1.3322676295501878e-15
LAPP0028181_3G2p5,2.5,2,70,0.04,0.038192279999999995,0.07819228,11.88,0.95,6,baseline,7.074,0.37231578947368416,11.359590563383584,6.6555091706805065,3.4635897779092457,79.06744894768443,68.1575433803015,7.446315789473684,-1.4210854715202004e-14,-1.5987211554602254e-14
LAPP0028181_3G2p5,2.5,2,70,0.04,0.038192279999999995,0.07819228,11.88,0.95,6,budget,13.2,0.6947368421052644,11.31482529222231,7.2280116116027315,4.085089350401339,85.86877794584045,67.88895175333386,13.894736842105264,0.0,-7.993605777301127e-15
LAPP0028181_3G2p5,2.5,2,70,0.04,0.038192279999999995,0.07819228,12.0,0.8,0.0,baseline,7.074,1.7684999999999995,11.942102722445986,0.7404474911591512,0.04286989390981461,8.885369893909814,0.0,8.8425,0.0,2.55351295663786e-15
LAPP0028181_3G2p5,2.5,2,70,0.04,0.038192279999999995,0.07819228,12.0,0.8,0.0,budget,13.2,3.299999999999997,11.891504678772648,1.387545180001813,0.1505421600217609,16.650542160021757,0.0,16.499999999999996,0.0,-4.218847493575595e-15
LAPP0028181_3G2p5,2.5,2,70,0.04,0.038192279999999995,0.07819228,12.0,0.8,6,baseline,7.074,1.7684999999999995,11.470568993189927,6.770885908558659,3.5847169435643473,81.2506309027039,68.82341395913956,8.8425,0.0,8.881784197001252e-16
LAPP0028181_3G2p5,2.5,2,70,0.04,0.038192279999999995,0.07819228,12.0,0.8,6,budget,13.2,3.299999999999997,11.417850213387279,7.445105662767757,4.334166672889419,89.34126795321308,68.50710128032367,16.499999999999996,-1.4210854715202004e-14,-1.3322676295501878e-14
LAPP0028181_3G2p5,2.5,2,70,0.04,0.038192279999999995,0.07819228,12.0,0.9,0.0,baseline,7.074,0.7859999999999996,11.948563581168145,0.6578196572839905,0.03383588740788588,7.893835887407886,0.0,7.859999999999999,8.881784197001252e-16,1.7985612998927536e-14
LAPP0028181_3G2p5,2.5,2,70,0.04,0.038192279999999995,0.07819228,12.0,0.9,0.0,budget,13.2,1.4666666666666668,11.903658178903427,1.2321142329725205,0.1187041290035793,14.785370795670246,0.0,14.666666666666666,1.7763568394002505e-15,2.220446049250313e-15
LAPP0028181_3G2p5,2.5,2,70,0.04,0.038192279999999995,0.07819228,12.0,0.9,6,baseline,7.074,0.7859999999999996,11.477297886660624,6.684830181948593,3.4941748634193703,80.21796218338312,68.86378731996375,7.859999999999999,0.0,7.105427357601002e-15
LAPP0028181_3G2p5,2.5,2,70,0.04,0.038192279999999995,0.07819228,12.0,0.9,6,budget,13.2,1.4666666666666668,11.430516637357432,7.283114939768583,4.147612786411738,87.397379277223,68.5830998241446,14.666666666666666,-1.4210854715202004e-14,1.7763568394002505e-15
LAPP0028181_3G2p5,2.5,2,70,0.04,0.038192279999999995,0.07819228,12.0,0.95,0.0,baseline,7.074,0.37231578947368416,11.951281844344212,0.6230558266850309,0.030354130746686636,7.47666992022037,0.0,7.446315789473684,0.0,5.662137425588298e-15
LAPP0028181_3G2p5,2.5,2,70,0.04,0.038192279999999995,0.07819228,12.0,0.95,0.0,budget,13.2,0.6947368421052644,11.908767963485772,1.1667652678017404,0.10644637151562217,14.001183213620884,0.0,13.894736842105264,-1.7763568394002505e-15,-1.0658141036401503e-14
LAPP0028181_3G2p5,2.5,2,70,0.04,0.038192279999999995,0.07819228,12.0,0.95,6,baseline,7.074,0.37231578947368416,11.480128734628096,6.648626505991434,3.4564298746549467,79.7835180718972,68.88077240776857,7.446315789473684,0.0,4.440892098500626e-15
LAPP0028181_3G2p5,2.5,2,70,0.04,0.038192279999999995,0.07819228,12.0,0.95,6,budget,13.2,0.6947368421052644,11.435841403849405,7.215016573894438,4.070413621531559,86.58019888673326,68.61504842309643,13.894736842105264,1.4210854715202004e-14,0.0
LAPP0028181_3G2p5,2.5,2,70,0.04,0.038192279999999995,0.07819228,12.12,0.8,0.0,baseline,7.074,1.7684999999999995,12.06268146448735,0.7330459671037824,0.04201712129784283,8.884517121297844,0.0,8.8425,1.7763568394002505e-15,1.1102230246251565e-16
LAPP0028181_3G2p5,2.5,2,70,0.04,0.038192279999999995,0.07819228,12.12,0.8,0.0,budget,13.2,3.299999999999997,12.012598372139681,1.3735579504820339,0.14752235984225157,16.64752235984225,0.0,16.499999999999996,0.0,6.217248937900877e-15
LAPP0028181_3G2p5,2.5,2,70,0.04,0.038192279999999995,0.07819228,12.12,0.8,6,baseline,7.074,1.7684999999999995,11.591196287444781,6.76286345090868,3.5762273003445015,81.96590502501319,69.54717772466869,8.8425,0.0,7.105427357601002e-15
LAPP0028181_3G2p5,2.5,2,70,0.04,0.038192279999999995,0.07819228,12.12,0.8,6,budget,13.2,3.299999999999997,11.539036935279562,7.429928692710285,4.316514143971274,90.05073575564865,69.23422161167737,16.499999999999996,0.0,1.2434497875801753e-14
LAPP0028181_3G2p5,2.5,2,70,0.04,0.038192279999999995,0.07819228,12.12,0.9,0.0,baseline,7.074,0.7859999999999996,12.069077190317994,0.6512511168878277,0.03316353668047253,7.893163536680471,0.0,7.859999999999999,-8.881784197001252e-16,-1.0769163338864018e-14
LAPP0028181_3G2p5,2.5,2,70,0.04,0.038192279999999995,0.07819228,12.12,0.9,0.0,budget,13.2,1.4666666666666668,12.024627389312204,1.2197190143041583,0.11632778669973126,14.782994453366397,0.0,14.666666666666666,0.0,4.440892098500626e-16
LAPP0028181_3G2p5,2.5,2,70,0.04,0.038192279999999995,0.07819228,12.12,0.9,6,baseline,7.074,0.7859999999999996,11.597854508423676,6.677711553830165,3.4867369818795457,80.9338640324216,69.58712705054205,7.859999999999999,0.0,-7.105427357601002e-15
LAPP0028181_3G2p5,2.5,2,70,0.04,0.038192279999999995,0.07819228,12.12,0.9,6,budget,13.2,1.4666666666666668,11.551568013773585,7.269668901155131,4.132312332692006,88.10838708200018,69.30940808264151,14.666666666666666,-1.4210854715202004e-14,3.552713678800501e-15
LAPP0028181_3G2p5,2.5,2,70,0.04,0.038192279999999995,0.07819228,12.12,0.95,0.0,baseline,7.074,0.37231578947368416,12.071768091902834,0.6168372133050102,0.029751235783038666,7.4760670252567225,0.0,7.446315789473684,0.0,-1.887379141862766e-15
LAPP0028181_3G2p5,2.5,2,70,0.04,0.038192279999999995,0.07819228,12.12,0.95,0.0,budget,13.2,0.6947368421052644,12.029684987192857,1.1550374641478969,0.1043172233672465,13.999054065472508,0.0,13.894736842105264,-1.7763568394002505e-15,8.881784197001252e-16
LAPP0028181_3G2p5,2.5,2,70,0.04,0.038192279999999995,0.07819228,12.12,0.95,6,baseline,7.074,0.37231578947368416,11.600655673404585,6.641887493182385,3.4494265874693157,80.49967641737051,69.6039340404275,7.446315789473684,0.0,-1.4210854715202004e-14
LAPP0028181_3G2p5,2.5,2,70,0.04,0.038192279999999995,0.07819228,12.12,0.95,6,budget,13.2,0.6947368421052644,11.556836060793326,7.202295919835991,4.056073341546988,87.2918265484122,69.34101636475995,13.894736842105264,0.0,-7.993605777301127e-15
LAPP0028181_3G2p5,2.5,2,70,0.1,0.038192279999999995,0.13819228,11.88,0.8,0.0,baseline,7.074,1.7684999999999995,11.776234639225878,0.7508766826491553,0.07791498987196642,8.920414989871965,0.0,8.8425,0.0,-3.774758283725532e-15
LAPP0028181_3G2p5,2.5,2,70,0.1,0.038192279999999995,0.13819228,11.88,0.8,0.0,budget,13.2,3.299999999999997,11.684860953930915,1.412083555384475,0.27555263796757107,16.775552637967564,0.0,16.499999999999996,-3.552713678800501e-15,-9.325873406851315e-15
LAPP0028181_3G2p5,2.5,2,70,0.1,0.038192279999999995,0.13819228,11.88,0.8,6,baseline,7.074,1.7684999999999995,10.939140539136485,6.808335898818063,6.4056872431396945,80.8830304779586,65.6348432348189,8.8425,0.0,-1.1546319456101628e-14
LAPP0028181_3G2p5,2.5,2,70,0.1,0.038192279999999995,0.13819228,11.88,0.8,6,budget,13.2,3.299999999999997,10.840508152459144,7.522068870568305,7.81912926759663,89.36217818235147,65.04304891475486,16.499999999999996,-2.842170943040401e-14,-1.509903313490213e-14
LAPP0028181_3G2p5,2.5,2,70,0.1,0.038192279999999995,0.13819228,11.88,0.9,0.0,baseline,7.074,0.7859999999999996,11.787855049434793,0.6667879751691443,0.06144114500943557,7.921441145009435,0.0,7.859999999999999,0.0,4.773959005888173e-15
LAPP0028181_3G2p5,2.5,2,70,0.1,0.038192279999999995,0.13819228,11.88,0.9,0.0,budget,13.2,1.4666666666666668,11.706869158679893,1.252825710091094,0.21690276921553195,14.883569435882197,0.0,14.666666666666666,0.0,4.440892098500626e-16
LAPP0028181_3G2p5,2.5,2,70,0.1,0.038192279999999995,0.13819228,11.88,0.9,6,baseline,7.074,0.7859999999999996,10.951665854191294,6.71769903361249,6.236269394168626,79.80626451931639,65.70999512514777,7.859999999999999,-1.4210854715202004e-14,1.7763568394002505e-15
LAPP0028181_3G2p5,2.5,2,70,0.1,0.038192279999999995,0.13819228,11.88,0.9,6,budget,13.2,1.4666666666666668,10.864288300682777,7.349988720912803,7.465469533680772,87.3178660044441,65.18572980409667,14.666666666666666,-1.4210854715202004e-14,1.7763568394002505e-15
LAPP0028181_3G2p5,2.5,2,70,0.1,0.038192279999999995,0.13819228,11.88,0.95,0.0,baseline,7.074,0.37231578947368416,11.792740951336617,0.6314321513718744,0.05509816882418392,7.501413958297868,0.0,7.446315789473684,0.0,-3.4416913763379853e-15
LAPP0028181_3G2p5,2.5,2,70,0.1,0.038192279999999995,0.13819228,11.88,0.95,0.0,budget,13.2,0.6947368421052644,11.716110684170577,1.1859513123991043,0.19436474919609728,14.089101591301361,0.0,13.894736842105264,0.0,-2.6645352591003757e-15
LAPP0028181_3G2p5,2.5,2,70,0.1,0.038192279999999995,0.13819228,11.88,0.95,6,baseline,7.074,0.37231578947368416,10.956931029875275,6.679598673129409,6.165730268052061,79.35363223677737,65.74158617925164,7.446315789473684,-1.4210854715202004e-14,-1.1546319456101628e-14
LAPP0028181_3G2p5,2.5,2,70,0.1,0.038192279999999995,0.13819228,11.88,0.95,6,budget,13.2,0.6947368421052644,10.874269365758199,7.277762797182325,7.3194689938715785,86.45982203052603,65.2456161945492,13.894736842105264,-1.4210854715202004e-14,-7.993605777301127e-15
LAPP0028181_3G2p5,2.5,2,70,0.1,0.038192279999999995,0.13819228,12.0,0.8,0.0,baseline,7.074,1.7684999999999995,11.897290459533089,0.7432364562398878,0.07633747487865378,8.918837474878654,0.0,8.8425,0.0,6.106226635438361e-15
LAPP0028181_3G2p5,2.5,2,70,0.1,0.038192279999999995,0.13819228,12.0,0.8,0.0,budget,13.2,3.299999999999997,11.80687759299264,1.3974905617546773,0.2698867410561305,16.769886741056126,0.0,16.499999999999996,0.0,2.886579864025407e-15
LAPP0028181_3G2p5,2.5,2,70,0.1,0.038192279999999995,0.13819228,12.0,0.8,6,baseline,7.074,1.7684999999999995,11.060364862006004,6.799476338287474,6.38902688741367,81.59371605944969,66.36218917203603,8.8425,0.0,-1.0658141036401503e-14
LAPP0028181_3G2p5,2.5,2,70,0.1,0.038192279999999995,0.13819228,12.0,0.8,6,budget,13.2,3.299999999999997,10.962855563690855,7.5050823121895585,7.7838543641295885,90.0609877462747,65.77713338214514,16.499999999999996,-1.4210854715202004e-14,-1.4210854715202004e-14
LAPP0028181_3G2p5,2.5,2,70,0.1,0.038192279999999995,0.13819228,12.0,0.9,0.0,baseline,7.074,0.7859999999999996,11.908790796702824,0.660016632601875,0.060199591222501576,7.9201995912225005,0.0,7.859999999999999,-8.881784197001252e-16,1.3322676295501878e-15
LAPP0028181_3G2p5,2.5,2,70,0.1,0.038192279999999995,0.13819228,12.0,0.9,0.0,budget,13.2,1.4666666666666668,11.828651635956067,1.2399271800417015,0.212459493833753,14.87912616050042,0.0,14.666666666666666,0.0,-2.886579864025407e-15
LAPP0028181_3G2p5,2.5,2,70,0.1,0.038192279999999995,0.13819228,12.0,0.9,6,baseline,7.074,0.7859999999999996,11.072750428849963,6.70985073225536,6.2217062139645485,80.51820878706431,66.43650257309977,7.859999999999999,-1.4210854715202004e-14,-3.552713678800501e-15
LAPP0028181_3G2p5,2.5,2,70,0.1,0.038192279999999995,0.13819228,12.0,0.9,6,budget,13.2,1.4666666666666668,10.98636120533969,7.334988572880549,7.4350289758617825,88.0198628745666,65.91816723203814,14.666666666666666,0.0,8.881784197001252e-16
LAPP0028181_3G2p5,2.5,2,70,0.1,0.038192279999999995,0.13819228,12.0,0.95,0.0,baseline,7.074,0.37231578947368416,11.913626353047057,0.6250251240730911,0.05398569940340878,7.500301488877093,0.0,7.446315789473684,0.0,-3.885780586188048e-15
LAPP0028181_3G2p5,2.5,2,70,0.1,0.038192279999999995,0.13819228,12.0,0.95,0.0,budget,13.2,0.6947368421052644,11.837795357477809,1.1737605206469552,0.19038940565819876,14.085126247763462,0.0,13.894736842105264,0.0,8.659739592076221e-15
LAPP0028181_3G2p5,2.5,2,70,0.1,0.038192279999999995,0.13819228,12.0,0.95,6,baseline,7.074,0.37231578947368416,11.077957048809155,6.672174098226364,6.152031096387753,80.06608917871637,66.46774229285494,7.446315789473684,-1.4210854715202004e-14,-4.440892098500626e-15
LAPP0028181_3G2p5,2.5,2,70,0.1,0.038192279999999995,0.13819228,12.0,0.95,6,budget,13.2,0.6947368421052644,10.99622776856367,7.2635912182383064,7.290991165372389,87.16309461885967,65.97736661138202,13.894736842105264,0.0,8.881784197001252e-16
LAPP0028181_3G2p5,2.5,2,70,0.1,0.038192279999999995,0.13819228,12.12,0.8,0.0,baseline,7.074,1.7684999999999995,12.018324828682974,0.7357514567168678,0.07480765540843845,8.917307655408438,0.0,8.8425,0.0,-3.885780586188048e-15
LAPP0028181_3G2p5,2.5,2,70,0.1,0.038192279999999995,0.13819228,12.12,0.8,0.0,budget,13.2,3.299999999999997,11.928852305178584,1.3832009633346685,0.2643956756161814,16.764395675616182,0.0,16.499999999999996,3.552713678800501e-15,8.881784197001252e-15
LAPP0028181_3G2p5,2.5,2,70,0.1,0.038192279999999995,0.13819228,12.12,0.8,6,baseline,7.074,1.7684999999999995,11.181562376057016,6.790810774255874,6.372752327639102,82.30462658398119,67.0893742563421,8.8425,-1.4210854715202004e-14,-1.0658141036401503e-14
LAPP0028181_3G2p5,2.5,2,70,0.1,0.038192279999999995,0.13819228,12.12,0.8,6,budget,13.2,3.299999999999997,11.085150178469252,7.488477804481895,7.749449919505051,90.76035099032056,66.51090107081552,16.499999999999996,-1.4210854715202004e-14,-2.6645352591003757e-15
LAPP0028181_3G2p5,2.5,2,70,0.1,0.038192279999999995,0.13819228,12.12,0.9,0.0,baseline,7.074,0.7859999999999996,12.02970758741163,0.653382465274968,0.05899547913261287,7.918995479132612,0.0,7.859999999999999,-8.881784197001252e-16,-2.220446049250313e-16
LAPP0028181_3G2p5,2.5,2,70,0.1,0.038192279999999995,0.13819228,12.12,0.9,0.0,budget,13.2,1.4666666666666668,11.950397261079537,1.2272953230126975,0.20815264824722557,14.874819314913893,0.0,14.666666666666666,1.7763568394002505e-15,5.995204332975845e-15
LAPP0028181_3G2p5,2.5,2,70,0.1,0.038192279999999995,0.13819228,12.12,0.9,6,baseline,7.074,0.7859999999999996,11.193811334475933,6.702173706983242,6.207477321781292,81.23034532863689,67.1628680068556,7.859999999999999,-1.4210854715202004e-14,-1.7763568394002505e-15
LAPP0028181_3G2p5,2.5,2,70,0.1,0.038192279999999995,0.13819228,12.12,0.9,6,budget,13.2,1.4666666666666668,11.108387790015255,7.3203236098626085,7.405328744776615,88.72232215153481,66.65032674009153,14.666666666666666,0.0,-4.440892098500626e-15
LAPP0028181_3G2p5,2.5,2,70,0.1,0.038192279999999995,0.13819228,12.12,0.95,0.0,baseline,7.074,0.37231578947368416,12.034493839937625,0.6187477336821902,0.05290674275446092,7.499222532228144,0.0,7.446315789473684,-8.881784197001252e-16,-7.771561172376096e-16
LAPP0028181_3G2p5,2.5,2,70,0.1,0.038192279999999995,0.13819228,12.12,0.95,0.0,budget,13.2,0.6947368421052644,11.959445282040463,1.16182118103513,0.18653587204051192,14.081272714145774,0.0,13.894736842105264,-1.7763568394002505e-15,-5.773159728050814e-15
LAPP0028181_3G2p5,2.5,2,70,0.1,0.038192279999999995,0.13819228,12.12,0.95,6,baseline,7.074,0.37231578947368416,11.198960708168466,6.664911323784034,6.138645205778018,80.77872524426249,67.1937642490108,7.446315789473684,-1.4210854715202004e-14,-2.6645352591003757e-15
LAPP0028181_3G2p5,2.5,2,70,0.1,0.038192279999999995,0.13819228,12.12,0.95,6,budget,13.2,0.6947368421052644,11.118142528947567,7.249735448698239,7.263201622431991,87.86679363822265,66.70885517368541,13.894736842105264,-1.4210854715202004e-14,-5.329070518200751e-15
LAPP0028181_3G2p5,2.5,3,20,0.04,0.04787999999999999,0.08787999999999999,11.88,0.8,0.0,baseline,7.074,1.7684999999999995,11.81422514890262,0.748462119906471,0.049229984488878005,8.891729984488876,0.0,8.8425,-1.7763568394002505e-15,-3.552713678800501e-15
LAPP0028181_3G2p5,2.5,3,20,0.04,0.04787999999999999,0.08787999999999999,11.88,0.8,0.0,budget,13.2,3.299999999999997,11.756663992358508,1.4034593495845862,0.1730970730648899,16.673097073064884,0.0,16.499999999999996,-3.552713678800501e-15,-5.995204332975845e-15
LAPP0028181_3G2p5,2.5,3,20,0.04,0.04787999999999999,0.08787999999999999,11.88,0.8,6,baseline,7.074,1.7684999999999995,11.283853553237492,6.783641861202901,4.044043991665536,80.58966531109047,67.70312131942495,8.8425,-1.4210854715202004e-14,-2.3092638912203256e-14
LAPP0028181_3G2p5,2.5,3,20,0.04,0.04787999999999999,0.08787999999999999,11.88,0.8,6,budget,13.2,3.299999999999997,11.223525298564667,7.470126324935546,4.9039489488463035,88.74510074023429,67.341151791388,16.499999999999996,-1.4210854715202004e-14,-1.865174681370263e-14
LAPP0028181_3G2p5,2.5,3,20,0.04,0.04787999999999999,0.08787999999999999,11.88,0.9,0.0,baseline,7.074,0.7859999999999996,11.821569790455607,0.6648863170732144,0.03884944682978836,7.898849446829788,0.0,7.859999999999999,0.0,-2.886579864025407e-15
LAPP0028181_3G2p5,2.5,3,20,0.04,0.04787999999999999,0.08787999999999999,11.88,0.9,0.0,budget,13.2,1.4666666666666668,11.770496834175741,1.2460533207130111,0.13644678340390592,14.803113450070573,0.0,14.666666666666666,0.0,-6.661338147750939e-16
LAPP0028181_3G2p5,2.5,3,20,0.04,0.04787999999999999,0.08787999999999999,11.88,0.9,6,baseline,7.074,0.7859999999999996,11.291547089456595,6.696095932446601,3.940337140726073,79.54961967746563,67.74928253673957,7.859999999999999,-1.4210854715202004e-14,-1.1546319456101628e-14
LAPP0028181_3G2p5,2.5,3,20,0.04,0.04787999999999999,0.08787999999999999,11.88,0.9,6,budget,13.2,1.4666666666666668,11.238028471145448,7.305092499482852,4.6896614003169335,86.78449889385628,67.42817082687269,14.666666666666666,-1.4210854715202004e-14,0.0
LAPP0028181_3G2p5,2.5,3,20,0.04,0.04787999999999999,0.08787999999999999,11.88,0.95,0.0,baseline,7.074,0.37231578947368416,11.824659528674626,0.6297277119410057,0.0348494283854656,7.481165217859148,0.0,7.446315789473684,-8.881784197001252e-16,-1.27675647831893e-14
LAPP0028181_3G2p5,2.5,3,20,0.04,0.04787999999999999,0.08787999999999999,11.88,0.95,0.0,budget,13.2,0.6947368421052644,11.776311380171196,1.1798887099317912,0.1223410318844176,14.01707787398968,0.0,13.894736842105264,-1.7763568394002505e-15,-7.105427357601002e-15
LAPP0028181_3G2p5,2.5,3,20,0.04,0.04787999999999999,0.08787999999999999,11.88,0.95,6,baseline,7.074,0.37231578947368416,11.294783321361702,6.6592703531895605,3.8971160782480836,79.11213179589198,67.76869992817021,7.446315789473684,0.0,-8.881784197001252e-16
LAPP0028181_3G2p5,2.5,3,20,0.04,0.04787999999999999,0.08787999999999999,11.88,0.95,6,budget,13.2,0.6947368421052644,11.244123767969668,7.235733181956446,4.601030751719312,85.96051020164259,67.46474260781801,13.894736842105264,1.4210854715202004e-14,0.0
LAPP0028181_3G2p5,2.5,3,20,0.04,0.04787999999999999,0.08787999999999999,12.0,0.8,0.0,baseline,7.074,1.7684999999999995,11.93489015062621,0.7408949632884593,0.0482395594615111,8.890739559461512,0.0,8.8425,1.7763568394002505e-15,7.993605777301127e-15
LAPP0028181_3G2p5,2.5,3,20,0.04,0.04787999999999999,0.08787999999999999,12.0,0.8,0.0,budget,13.2,3.299999999999997,11.877923102593297,1.3891317410867532,0.16958089304104346,16.669580893041037,0.0,16.499999999999996,-3.552713678800501e-15,-4.440892098500626e-15
LAPP0028181_3G2p5,2.5,3,20,0.04,0.04787999999999999,0.08787999999999999,12.0,0.8,6,baseline,7.074,1.7684999999999995,11.404582574105572,6.775346220919751,4.034159206403576,81.30415465103701,68.42749544463342,8.8425,1.4210854715202004e-14,9.769962616701378e-15
LAPP0028181_3G2p5,2.5,3,20,0.04,0.04787999999999999,0.08787999999999999,12.0,0.8,6,budget,13.2,3.299999999999997,11.344907588244215,7.454397038641159,4.883318934228618,89.45276446369391,68.0694455294653,16.499999999999996,0.0,-1.7763568394002505e-15
LAPP0028181_3G2p5,2.5,3,20,0.04,0.04787999999999999,0.08787999999999999,12.0,0.9,0.0,baseline,7.074,0.7859999999999996,11.942159809362249,0.6581724014309394,0.03806881717127187,7.898068817171272,0.0,7.859999999999999,8.881784197001252e-16,6.106226635438361e-15
LAPP0028181_3G2p5,2.5,3,20,0.04,0.04787999999999999,0.08787999999999999,12.0,0.9,0.0,budget,13.2,1.4666666666666668,11.891612116673443,1.2333623500973656,0.13368153450172077,14.800348201168386,0.0,14.666666666666666,0.0,8.881784197001252e-15
LAPP0028181_3G2p5,2.5,3,20,0.04,0.04787999999999999,0.08787999999999999,12.0,0.9,6,baseline,7.074,0.7859999999999996,11.412193793338208,6.688736989779145,3.9316811173204873,80.26484387734975,68.47316276002925,7.859999999999999,0.0,1.1546319456101628e-14
LAPP0028181_3G2p5,2.5,3,20,0.04,0.04787999999999999,0.08787999999999999,12.0,0.9,6,budget,13.2,1.4666666666666668,11.359252439210742,7.291164779122184,4.671796047535084,87.4939773494662,68.15551463526445,14.666666666666666,0.0,5.329070518200751e-15
LAPP0028181_3G2p5,2.5,3,20,0.04,0.04787999999999999,0.08787999999999999,12.0,0.95,0.0,baseline,7.074,0.37231578947368416,11.945218058946287,0.6233721103062508,0.03414953420132591,7.48046532367501,0.0,7.446315789473684,0.0,5.551115123125783e-16
LAPP0028181_3G2p5,2.5,3,20,0.04,0.04787999999999999,0.08787999999999999,12.0,0.95,0.0,budget,13.2,0.6947368421052644,11.89736640597443,1.167883409485298,0.11986407171831022,14.014600913823575,0.0,13.894736842105264,0.0,1.354472090042691e-14
LAPP0028181_3G2p5,2.5,3,20,0.04,0.04787999999999999,0.08787999999999999,12.0,0.95,6,baseline,7.074,0.37231578947368416,11.415395465466037,6.652304671528932,3.8889674760772754,79.82765605834719,68.49237279279623,7.446315789473684,0.0,8.881784197001252e-16
LAPP0028181_3G2p5,2.5,3,20,0.04,0.04787999999999999,0.08787999999999999,12.0,0.95,6,budget,13.2,0.6947368421052644,11.365281439842255,7.2225598561418565,4.584292792543498,86.67071827370228,68.19168863905352,13.894736842105264,0.0,-9.769962616701378e-15
LAPP0028181_3G2p5,2.5,3,20,0.04,0.04787999999999999,0.08787999999999999,12.12,0.8,0.0,baseline,7.074,1.7684999999999995,12.055541768681124,0.7334801014892397,0.04727883004958486,8.889778830049584,0.0,8.8425,0.0,1.0436096431476471e-14
LAPP0028181_3G2p5,2.5,3,20,0.04,0.04787999999999999,0.08787999999999999,12.12,0.8,0.0,budget,13.2,3.299999999999997,11.999156505767463,1.3750966571749588,0.16617148496050077,16.6661714849605,0.0,16.499999999999996,3.552713678800501e-15,1.2878587085651816e-14
LAPP0028181_3G2p5,2.5,3,20,0.04,0.04787999999999999,0.08787999999999999,12.12,0.8,6,baseline,7.074,1.7684999999999995,11.525296231936956,6.7672253989877635,4.024494444109964,82.01877183573168,69.15177739162174,8.8425,-1.4210854715202004e-14,-1.3322676295501878e-14
LAPP0028181_3G2p5,2.5,3,20,0.04,0.04787999999999999,0.08787999999999999,12.12,0.8,6,budget,13.2,3.299999999999997,11.466260285684044,7.4390044869817515,4.863172668114567,90.16073438221882,68.79756171410426,16.499999999999996,-1.4210854715202004e-14,-7.105427357601002e-15
LAPP0028181_3G2p5,2.5,3,20,0.04,0.04787999999999999,0.08787999999999999,12.12,0.9,0.0,baseline,7.074,0.7859999999999996,12.062737975290942,0.6515933626428974,0.03731155523191566,7.897311555231916,0.0,7.859999999999999,8.881784197001252e-16,-2.220446049250313e-15
LAPP0028181_3G2p5,2.5,3,20,0.04,0.04787999999999999,0.08787999999999999,12.12,0.9,0.0,budget,13.2,1.4666666666666668,12.012704707385822,1.220929592787634,0.13099999791945746,14.797666664586123,0.0,14.666666666666666,-1.7763568394002505e-15,-2.6645352591003757e-15
LAPP0028181_3G2p5,2.5,3,20,0.04,0.04787999999999999,0.08787999999999999,12.12,0.9,6,baseline,7.074,0.7859999999999996,11.532826896060676,6.681532816787945,3.9232163631058357,80.98017773946988,69.19696137636406,7.859999999999999,-1.4210854715202004e-14,-1.865174681370263e-14
LAPP0028181_3G2p5,2.5,3,20,0.04,0.04787999999999999,0.08787999999999999,12.12,0.9,6,budget,13.2,1.4666666666666668,11.480450303903812,7.277534093038094,4.654344717532157,88.20371320762169,68.88270182342288,14.666666666666666,-1.4210854715202004e-14,-8.881784197001252e-16
LAPP0028181_3G2p5,2.5,3,20,0.04,0.04787999999999999,0.08787999999999999,12.12,0.95,0.0,baseline,7.074,0.37231578947368416,12.065765377403704,0.6171440896255826,0.03347057678837827,7.479786366262061,0.0,7.446315789473684,-8.881784197001252e-16,-7.66053886991358e-15
LAPP0028181_3G2p5,2.5,3,20,0.04,0.04787999999999999,0.08787999999999999,12.12,0.95,0.0,budget,13.2,0.6947368421052644,12.018399997173384,1.1561220166888417,0.1174620001634986,14.012198842268761,0.0,13.894736842105264,-1.7763568394002505e-15,-6.217248937900877e-15
LAPP0028181_3G2p5,2.5,3,20,0.04,0.04787999999999999,0.08787999999999999,12.12,0.95,6,baseline,7.074,0.37231578947368416,11.535994746046219,6.645485365882799,3.8809983687485143,80.54328263449952,69.21596847627731,7.446315789473684,0.0,-1.7763568394002505e-15
LAPP0028181_3G2p5,2.5,3,20,0.04,0.04787999999999999,0.08787999999999999,12.12,0.95,6,budget,13.2,0.6947368421052644,11.48641446159488,7.209667027823405,4.567940765545139,87.38116437721966,68.91848676956928,13.894736842105264,-2.842170943040401e-14,-1.2434497875801753e-14
LAPP0028181_3G2p5,2.5,3,20,0.1,0.04787999999999999,0.14788,11.88,0.8,0.0,baseline,7.074,1.7684999999999995,11.768891069491694,0.751345215771626,0.08348116336691934,8.925981163366918,0.0,8.8425,0.0,-9.880984919163893e-15
LAPP0028181_3G2p5,2.5,3,20,0.1,0.04787999999999999,0.14788,11.88,0.8,0.0,budget,13.2,3.299999999999997,11.670931861399158,1.4137688571872025,0.2955740233839702,16.795574023383967,0.0,16.499999999999996,0.0,-3.1086244689504383e-15
LAPP0028181_3G2p5,2.5,3,20,0.1,0.04787999999999999,0.14788,11.88,0.8,6,baseline,7.074,1.7684999999999995,10.872450061522407,6.8132941471300565,6.864734098770632,80.94193446790507,65.23470036913444,8.8425,0.0,4.440892098500626e-15
LAPP0028181_3G2p5,2.5,3,20,0.1,0.04787999999999999,0.14788,11.88,0.8,6,budget,13.2,3.299999999999997,10.766080414746877,7.532591190513408,8.390700854818022,89.4871833432993,64.59648248848126,16.499999999999996,1.4210854715202004e-14,3.552713678800501e-15
LAPP0028181_3G2p5,2.5,3,20,0.1,0.04787999999999999,0.14788,11.88,0.9,0.0,baseline,7.074,0.7859999999999996,11.7813408734639,0.6671566576690549,0.06582109310837272,7.925821093108373,0.0,7.859999999999999,0.0,3.219646771412954e-15
LAPP0028181_3G2p5,2.5,3,20,0.1,0.04787999999999999,0.14788,11.88,0.9,0.0,budget,13.2,1.4666666666666668,11.69453676096811,1.254146869298696,0.23259814060184203,14.899264807268509,0.0,14.666666666666666,0.0,2.6645352591003757e-15
LAPP0028181_3G2p5,2.5,3,20,0.1,0.04787999999999999,0.14788,11.88,0.9,6,baseline,7.074,0.7859999999999996,10.885945925616179,6.722031879793221,6.68206317824639,79.85773873194347,65.31567555369708,7.859999999999999,0.0,2.6645352591003757e-15
LAPP0028181_3G2p5,2.5,3,20,0.1,0.04787999999999999,0.14788,11.88,0.9,6,budget,13.2,1.4666666666666668,10.791741627695338,7.359063918749401,8.008562921904186,87.42567935474288,64.75044976617203,14.666666666666666,0.0,1.2434497875801753e-14
LAPP0028181_3G2p5,2.5,3,20,0.1,0.04787999999999999,0.14788,11.88,0.95,0.0,baseline,7.074,0.37231578947368416,11.786574964973308,0.6317624765126624,0.05902243149674549,7.50533822097043,0.0,7.446315789473684,0.0,0.0
LAPP0028181_3G2p5,2.5,3,20,0.1,0.04787999999999999,0.14788,11.88,0.95,0.0,budget,13.2,0.6947368421052644,11.704446748456395,1.1871331589370278,0.2084050860666296,14.10314192817189,0.0,13.894736842105264,-3.552713678800501e-15,-9.769962616701378e-15
LAPP0028181_3G2p5,2.5,3,20,0.1,0.04787999999999999,0.14788,11.88,0.95,6,baseline,7.074,0.37231578947368416,10.89161829508214,6.683673958059648,6.606021061782102,79.40204662174862,65.34970977049284,7.446315789473684,0.0,3.552713678800501e-15
LAPP0028181_3G2p5,2.5,3,20,0.1,0.04787999999999999,0.14788,11.88,0.95,6,budget,13.2,0.6947368421052644,10.802509221930107,7.286250866039313,7.850868114861136,86.56066028854704,64.81505533158064,13.894736842105264,0.0,1.7763568394002505e-15
LAPP0028181_3G2p5,2.5,3,20,0.1,0.04787999999999999,0.14788,12.0,0.8,0.0,baseline,7.074,1.7684999999999995,11.890023013537384,0.7436907388599981,0.08178886631997931,8.924288866319978,0.0,8.8425,0.0,-2.886579864025407e-15
LAPP0028181_3G2p5,2.5,3,20,0.1,0.04787999999999999,0.14788,12.0,0.8,0.0,budget,13.2,3.299999999999997,11.793097616992139,1.3991234988359544,0.28948198603145514,16.789481986031454,0.0,16.499999999999996,3.552713678800501e-15,2.6645352591003757e-15
LAPP0028181_3G2p5,2.5,3,20,0.1,0.04787999999999999,0.14788,12.0,0.8,6,baseline,7.074,1.7684999999999995,10.993777360254775,6.80431863500964,6.84665945858703,81.65182362011568,65.96266416152865,8.8425,0.0,-4.440892098500626e-15
LAPP0028181_3G2p5,2.5,3,20,0.1,0.04787999999999999,0.14788,12.0,0.8,6,budget,13.2,3.299999999999997,10.888631228060326,7.515341979575817,8.35231638654784,90.18410375490981,65.33178736836196,16.499999999999996,1.4210854715202004e-14,1.1546319456101628e-14
LAPP0028181_3G2p5,2.5,3,20,0.1,0.04787999999999999,0.14788,12.0,0.9,0.0,baseline,7.074,0.7859999999999996,11.902343873411647,0.6603741316496711,0.06448957979605421,7.924489579796052,0.0,7.859999999999999,-8.881784197001252e-16,-3.3306690738754696e-15
LAPP0028181_3G2p5,2.5,3,20,0.1,0.04787999999999999,0.14788,12.0,0.9,0.0,budget,13.2,1.4666666666666668,11.81645023475086,1.241207501008521,0.22782334543558588,14.894490012102253,0.0,14.666666666666666,0.0,-2.220446049250313e-15
LAPP0028181_3G2p5,2.5,3,20,0.1,0.04787999999999999,0.14788,12.0,0.9,6,baseline,7.074,0.7859999999999996,11.00712138255932,6.714083158240999,6.666269603536072,80.568997898892,66.04272829535593,7.859999999999999,0.0,8.881784197001252e-16
LAPP0028181_3G2p5,2.5,3,20,0.1,0.04787999999999999,0.14788,12.0,0.9,6,budget,13.2,1.4666666666666668,10.913992852569624,7.3438405966349425,7.975463377534901,88.12608715961932,65.48395711541775,14.666666666666666,0.0,3.552713678800501e-15
LAPP0028181_3G2p5,2.5,3,20,0.1,0.04787999999999999,0.14788,12.0,0.95,0.0,baseline,7.074,0.37231578947368416,11.907523916248891,0.6253454405674141,0.05782949733528647,7.50414528680897,0.0,7.446315789473684,-8.881784197001252e-16,-3.3306690738754696e-15
LAPP0028181_3G2p5,2.5,3,20,0.1,0.04787999999999999,0.14788,12.0,0.95,0.0,budget,13.2,0.6947368421052644,11.826254913389,1.1749059143291802,0.20413412984489862,14.098870971950163,0.0,13.894736842105264,0.0,2.220446049250313e-15
LAPP0028181_3G2p5,2.5,3,20,0.1,0.04787999999999999,0.14788,12.0,0.95,6,baseline,7.074,0.37231578947368416,11.012730155208738,6.67615529342211,6.591166800339207,80.11386352106533,66.07638093125243,7.446315789473684,0.0,3.552713678800501e-15
LAPP0028181_3G2p5,2.5,3,20,0.1,0.04787999999999999,0.14788,12.0,0.95,6,budget,13.2,0.6947368421052644,10.924635585827303,7.271871883775338,7.819912248234973,87.26246260530405,65.54781351496382,13.894736842105264,0.0,-3.552713678800501e-15
LAPP0028181_3G2p5,2.5,3,20,0.1,0.04787999999999999,0.14788,12.12,0.8,0.0,baseline,7.074,1.7684999999999995,12.011131917543082,0.7361920642204355,0.08014781835167906,8.922647818351678,0.0,8.8425,0.0,-6.5503158452884236e-15
LAPP0028181_3G2p5,2.5,3,20,0.1,0.04787999999999999,0.14788,12.12,0.8,0.0,budget,13.2,3.299999999999997,11.915218185516231,1.384783706273787,0.28357852003830286,16.783578520038297,0.0,16.499999999999996,-3.552713678800501e-15,2.886579864025407e-15
LAPP0028181_3G2p5,2.5,3,20,0.1,0.04787999999999999,0.14788,12.12,0.8,6,baseline,7.074,1.7684999999999995,11.115075372666599,6.795541164007295,6.829006671768803,82.36195890776841,66.6904522359996,8.8425,0.0,9.769962616701378e-15
LAPP0028181_3G2p5,2.5,3,20,0.1,0.04787999999999999,0.14788,12.12,0.8,6,budget,13.2,3.299999999999997,11.011124095824766,7.498484610327525,8.314888902221016,90.8816334771696,66.06674457494859,16.499999999999996,0.0,-5.329070518200751e-15
LAPP0028181_3G2p5,2.5,3,20,0.1,0.04787999999999999,0.14788,12.12,0.9,0.0,baseline,7.074,0.7859999999999996,12.023326521330187,0.6537292309292135,0.063198278862068,7.923198278862068,0.0,7.859999999999999,0.0,8.881784197001252e-16
LAPP0028181_3G2p5,2.5,3,20,0.1,0.04787999999999999,0.14788,12.12,0.9,0.0,budget,13.2,1.4666666666666668,11.93832402418694,1.2285364877810425,0.22319556523957107,14.889862231906234,0.0,14.666666666666666,-3.552713678800501e-15,-1.0436096431476471e-14
LAPP0028181_3G2p5,2.5,3,20,0.1,0.04787999999999999,0.14788,12.12,0.9,6,baseline,7.074,0.7859999999999996,11.128270997975202,6.706309183289132,6.650841313613062,81.28046730146428,66.76962598785121,7.859999999999999,1.4210854715202004e-14,3.552713678800501e-15
LAPP0028181_3G2p5,2.5,3,20,0.1,0.04787999999999999,0.14788,12.12,0.9,6,budget,13.2,1.4666666666666668,11.03619329844501,7.32896065428042,7.943176672541954,88.82700312987869,66.21715979067005,14.666666666666666,1.4210854715202004e-14,4.440892098500626e-15
LAPP0028181_3G2p5,2.5,3,20,0.1,0.04787999999999999,0.14788,12.12,0.95,0.0,baseline,7.074,0.37231578947368416,12.02845363733795,0.619058443752014,0.056672548800724816,7.50298833827441,0.0,7.446315789473684,8.881784197001252e-16,7.549516567451064e-15
LAPP0028181_3G2p5,2.5,3,20,0.1,0.04787999999999999,0.14788,12.12,0.95,0.0,budget,13.2,0.6947368421052644,11.94802567214083,1.1629316192802945,0.1999943835719048,14.094731225677169,0.0,13.894736842105264,0.0,-1.9984014443252818e-15
LAPP0028181_3G2p5,2.5,3,20,0.1,0.04787999999999999,0.14788,12.12,0.95,6,baseline,7.074,0.37231578947368416,11.133817609320857,6.668801668103479,6.576654772015343,80.82587621741416,66.80290565592514,7.446315789473684,-1.4210854715202004e-14,-5.329070518200751e-15
LAPP0028181_3G2p5,2.5,3,20,0.1,0.04787999999999999,0.14788,12.12,0.95,6,budget,13.2,0.6947368421052644,11.046714128911802,7.257816277307252,7.789711665387805,87.96473328096388,66.28028477347081,13.894736842105264,1.4210854715202004e-14,6.217248937900877e-15
LAPP0028181_3G2p5,2.5,3,70,0.04,0.057288419999999986,0.09728841999999999,11.88,0.8,0.0,baseline,7.074,1.7684999999999995,11.80713960513554,0.7489112770508732,0.054565971364374896,8.897065971364375,0.0,8.8425,1.7763568394002505e-15,-2.1094237467877974e-15
LAPP0028181_3G2p5,2.5,3,70,0.04,0.057288419999999986,0.09728841999999999,11.88,0.8,0.0,budget,13.2,3.299999999999997,11.743304323400594,1.4050559830184126,0.19206507825874847,16.692065078258743,0.0,16.499999999999996,-3.552713678800501e-15,-1.021405182655144e-14
LAPP0028181_3G2p5,2.5,3,70,0.04,0.057288419999999986,0.09728841999999999,11.88,0.8,6,baseline,7.074,1.7684999999999995,11.21959354244527,6.788130155209955,4.482924989222654,80.64298624389427,67.31756125467163,8.8425,-1.4210854715202004e-14,-1.0658141036401503e-14
LAPP0028181_3G2p5,2.5,3,70,0.04,0.057288419999999986,0.09728841999999999,11.88,0.8,6,budget,13.2,3.299999999999997,11.152330149975455,7.47951143645405,5.442614965221387,88.85659586507413,66.91398089985273,16.499999999999996,1.4210854715202004e-14,7.105427357601002e-15
LAPP0028181_3G2p5,2.5,3,70,0.04,0.057288419999999986,0.09728841999999999,11.88,0.9,0.0,baseline,7.074,0.7859999999999996,11.815279824723245,0.6652402750168558,0.043054467200247845,7.903054467200247,0.0,7.859999999999999,0.0,7.66053886991358e-15
LAPP0028181_3G2p5,2.5,3,70,0.04,0.057288419999999986,0.09728841999999999,11.88,0.9,0.0,budget,13.2,1.4666666666666668,11.758651319105944,1.247308578904424,0.15135925071789233,14.818025917384558,0.0,14.666666666666666,0.0,1.9984014443252818e-15
LAPP0028181_3G2p5,2.5,3,70,0.04,0.057288419999999986,0.09728841999999999,11.88,0.9,6,baseline,7.074,0.7859999999999996,11.22816512163726,6.7000253304837285,4.367310196323135,79.5963009261467,67.36899072982357,7.859999999999999,0.0,1.7763568394002505e-15
LAPP0028181_3G2p5,2.5,3,70,0.04,0.057288419999999986,0.09728841999999999,11.88,0.9,6,budget,13.2,1.4666666666666668,11.168508750384461,7.31321620410261,5.203289335765585,86.88100850473901,67.01105250230677,14.666666666666666,-1.4210854715202004e-14,-9.769962616701378e-15
LAPP0028181_3G2p5,2.5,3,70,0.04,0.057288419999999986,0.09728841999999999,11.88,0.95,0.0,baseline,7.074,0.37231578947368416,11.818703913450742,0.630045040810195,0.038619295351433366,7.484935084825117,0.0,7.446315789473684,-8.881784197001252e-16,-5.10702591327572e-15
LAPP0028181_3G2p5,2.5,3,70,0.04,0.057288419999999986,0.09728841999999999,11.88,0.95,0.0,budget,13.2,0.6947368421052644,11.76510111554433,1.1810129556597868,0.135697071133004,14.030433913238268,0.0,13.894736842105264,0.0,8.659739592076221e-15
LAPP0028181_3G2p5,2.5,3,70,0.04,0.057288419999999986,0.09728841999999999,11.88,0.95,6,baseline,7.074,0.37231578947368416,11.231770271015248,6.662969025344978,4.319134605533177,79.15607202109834,67.39062162609149,7.446315789473684,-1.4210854715202004e-14,-5.329070518200751e-15
LAPP0028181_3G2p5,2.5,3,70,0.04,0.057288419999999986,0.09728841999999999,11.88,0.95,6,budget,13.2,0.6947368421052644,11.175306625106403,7.243342783176025,5.104335671387499,86.05091226413118,67.05183975063842,13.894736842105264,0.0,-1.7763568394002505e-15
LAPP0028181_3G2p5,2.5,3,70,0.04,0.057288419999999986,0.09728841999999999,12.0,0.8,0.0,baseline,7.074,1.7684999999999995,11.92787711969049,0.7413305746923597,0.05346689630831855,8.895966896308316,0.0,8.8425,-1.7763568394002505e-15,-8.215650382226158e-15
LAPP0028181_3G2p5,2.5,3,70,0.04,0.057288419999999986,0.09728841999999999,12.0,0.8,0.0,budget,13.2,3.299999999999997,11.864702982248973,1.3906795664995564,0.18815479799468066,16.688154797994677,0.0,16.499999999999996,0.0,1.3322676295501878e-15
LAPP0028181_3G2p5,2.5,3,70,0.04,0.057288419999999986,0.09728841999999999,12.0,0.8,6,baseline,7.074,1.7684999999999995,11.340410421831002,6.779733684327477,4.471841680943713,81.35680421192973,68.04246253098601,8.8425,0.0,-1.3322676295501878e-14
LAPP0028181_3G2p5,2.5,3,70,0.04,0.057288419999999986,0.09728841999999999,12.0,0.8,6,budget,13.2,3.299999999999997,11.273882064483466,7.463559748596321,5.419424596255056,89.56271698315585,67.6432923869008,16.499999999999996,0.0,7.105427357601002e-15
LAPP0028181_3G2p5,2.5,3,70,0.04,0.057288419999999986,0.09728841999999999,12.0,0.9,0.0,baseline,7.074,0.7859999999999996,11.935934047713133,0.6585157029672041,0.04218843560645062,7.902188435606449,0.0,7.859999999999999,-8.881784197001252e-16,-1.2212453270876722e-14
LAPP0028181_3G2p5,2.5,3,70,0.04,0.057288419999999986,0.09728841999999999,12.0,0.9,0.0,budget,13.2,1.4666666666666668,11.879889724589514,1.2345793611458329,0.14828566708332966,14.814952333749995,0.0,14.666666666666666,-1.7763568394002505e-15,-1.5765166949677223e-14
LAPP0028181_3G2p5,2.5,3,70,0.04,0.057288419999999986,0.09728841999999999,12.0,0.9,6,baseline,7.074,0.7859999999999996,11.348889585656286,6.692578770872363,4.35760773653065,80.31094525046836,68.09333751393771,7.859999999999999,0.0,-8.881784197001252e-16
LAPP0028181_3G2p5,2.5,3,70,0.04,0.057288419999999986,0.09728841999999999,12.0,0.9,6,budget,13.2,1.4666666666666668,11.289882260564523,7.299098283593021,5.1832191730624455,87.58917940311625,67.73929356338714,14.666666666666666,0.0,-8.881784197001252e-16
LAPP0028181_3G2p5,2.5,3,70,0.04,0.057288419999999986,0.09728841999999999,12.0,0.95,0.0,baseline,7.074,0.37231578947368416,11.93932316868017,0.6236798924253287,0.03784291963026151,7.484158709103944,0.0,7.446315789473684,-8.881784197001252e-16,-3.885780586188048e-15
LAPP0028181_3G2p5,2.5,3,70,0.04,0.057288419999999986,0.09728841999999999,12.0,0.95,0.0,budget,13.2,0.6947368421052644,11.886272420328147,1.1689734469102524,0.13294452081776556,14.02768136292303,0.0,13.894736842105264,0.0,3.3306690738754696e-15
LAPP0028181_3G2p5,2.5,3,70,0.04,0.057288419999999986,0.09728841999999999,12.0,0.95,6,baseline,7.074,0.37231578947368416,11.35245594914605,6.655921134847813,4.310002133823777,79.87105361817376,68.1147356948763,7.446315789473684,0.0,-3.552713678800501e-15
LAPP0028181_3G2p5,2.5,3,70,0.04,0.057288419999999986,0.09728841999999999,12.0,0.95,6,budget,13.2,0.6947368421052644,11.296605480400334,7.22999221900886,5.08553690359906,86.75990662810632,67.77963288240201,13.894736842105264,-1.4210854715202004e-14,-8.881784197001252e-16
LAPP0028181_3G2p5,2.5,3,70,0.04,0.057288419999999986,0.09728841999999999,12.12,0.8,0.0,baseline,7.074,1.7684999999999995,12.048599765066122,0.7339027083992007,0.05240082579831298,8.894900825798311,0.0,8.8425,-1.7763568394002505e-15,-1.63202784619898e-14
LAPP0028181_3G2p5,2.5,3,70,0.04,0.057288419999999986,0.09728841999999999,12.12,0.8,0.0,budget,13.2,3.299999999999997,11.986072988919389,1.3765976575692087,0.18436360973881227,16.68436360973881,0.0,16.499999999999996,0.0,7.993605777301127e-15
LAPP0028181_3G2p5,2.5,3,70,0.04,0.057288419999999986,0.09728841999999999,12.12,0.8,6,baseline,7.074,1.7684999999999995,11.46120996565308,6.771515400773494,4.461006863456268,82.07076665737475,68.76725979391847,8.8425,1.4210854715202004e-14,-1.7763568394002505e-15
LAPP0028181_3G2p5,2.5,3,70,0.04,0.057288419999999986,0.09728841999999999,12.12,0.8,6,budget,13.2,3.299999999999997,11.395400456917486,7.44795262460336,5.396783068687805,90.26918581019272,68.37240274150491,16.499999999999996,0.0,-3.552713678800501e-15
LAPP0028181_3G2p5,2.5,3,70,0.04,0.057288419999999986,0.09728841999999999,12.12,0.9,0.0,baseline,7.074,0.7859999999999996,12.056575107409227,0.6519264326707283,0.04134836396922578,7.901348363969226,0.0,7.859999999999999,8.881784197001252e-16,8.326672684688674e-15
LAPP0028181_3G2p5,2.5,3,70,0.04,0.057288419999999986,0.09728841999999999,12.12,0.9,0.0,budget,13.2,1.4666666666666668,12.001102858336433,1.2221099043808819,0.1453053744296221,14.811972041096286,0.0,14.666666666666666,-1.7763568394002505e-15,-3.774758283725532e-15
LAPP0028181_3G2p5,2.5,3,70,0.04,0.057288419999999986,0.09728841999999999,12.12,0.9,6,baseline,7.074,0.7859999999999996,11.469598709683126,6.685289886677923,4.34812116843767,81.02571342653643,68.81759225809876,7.859999999999999,0.0,-8.881784197001252e-15
LAPP0028181_3G2p5,2.5,3,70,0.04,0.057288419999999986,0.09728841999999999,12.12,0.9,6,budget,13.2,1.4666666666666668,11.411226228902887,7.285284015272456,5.163618225018176,88.29764226510216,68.46735737341731,14.666666666666666,0.0,-7.993605777301127e-15
LAPP0028181_3G2p5,2.5,3,70,0.04,0.057288419999999986,0.09728841999999999,12.12,0.95,0.0,baseline,7.074,0.37231578947368416,12.059929974759793,0.6174427053107328,0.03708979889239728,7.483405588366081,0.0,7.446315789473684,-8.881784197001252e-16,-8.215650382226158e-15
LAPP0028181_3G2p5,2.5,3,70,0.04,0.057288419999999986,0.09728841999999999,12.12,0.95,0.0,budget,13.2,0.6947368421052644,12.007419861277306,1.1571792277302104,0.13027539798488508,14.025012240090149,0.0,13.894736842105264,0.0,9.103828801926284e-15
LAPP0028181_3G2p5,2.5,3,70,0.04,0.057288419999999986,0.09728841999999999,12.12,0.95,6,baseline,7.074,0.37231578947368416,11.47312712218737,6.6490223380401305,4.301072214448482,80.58615073704638,68.83876273312421,7.446315789473684,0.0,-2.6645352591003757e-15
LAPP0028181_3G2p5,2.5,3,70,0.04,0.057288419999999986,0.09728841999999999,12.12,0.95,6,budget,13.2,0.6947368421052644,11.41787644959263,7.216928288149501,5.067175312710908,87.46917085237195,68.50725869755578,13.894736842105264,0.0,1.7763568394002505e-15
LAPP0028181_3G2p5,2.5,3,70,0.1,0.057288419999999986,0.15728841999999998,11.88,0.8,0.0,baseline,7.074,1.7684999999999995,11.76175035072357,0.7518013676813008,0.08890024805385485,8.931400248053855,0.0,8.8425,0.0,-2.55351295663786e-15
LAPP0028181_3G2p5,2.5,3,70,0.1,0.057288419999999986,0.15728841999999998,11.88,0.8,0.0,budget,13.2,3.299999999999997,11.657371867388022,1.415413369986028,0.3151108354340158,16.815110835434016,0.0,16.499999999999996,3.552713678800501e-15,5.10702591327572e-15
LAPP0028181_3G2p5,2.5,3,70,0.1,0.057288419999999986,0.15728841999999998,11.88,0.8,6,baseline,7.074,1.7684999999999995,10.807579906020985,6.818175768940998,7.311948698893144,80.99992813501906,64.84547943612591,8.8425,0.0,7.993605777301127e-15
LAPP0028181_3G2p5,2.5,3,70,0.1,0.057288419999999986,0.15728841999999998,11.88,0.8,6,budget,13.2,3.299999999999997,10.693576214631102,7.5429824100776,8.949173743935276,89.6106310317219,64.16145728778662,16.499999999999996,0.0,4.440892098500626e-15
LAPP0028181_3G2p5,2.5,3,70,0.1,0.057288419999999986,0.15728841999999998,11.88,0.9,0.0,baseline,7.074,0.7859999999999996,11.775007542308751,0.6675154959993234,0.07008409247196264,7.930084092471962,0.0,7.859999999999999,0.0,-2.220446049250313e-15
LAPP0028181_3G2p5,2.5,3,70,0.1,0.057288419999999986,0.15728841999999998,11.88,0.9,0.0,budget,13.2,1.4666666666666668,11.682534560046927,1.2554353330847543,0.24790509038021588,14.914571757046883,0.0,14.666666666666666,0.0,-3.3306690738754696e-15
LAPP0028181_3G2p5,2.5,3,70,0.1,0.057288419999999986,0.15728841999999998,11.88,0.9,6,baseline,7.074,0.7859999999999996,10.822031503442012,6.7262961669904655,7.116209443194649,79.90839846384674,64.93218902065207,7.859999999999999,1.4210854715202004e-14,1.2434497875801753e-14
LAPP0028181_3G2p5,2.5,3,70,0.1,0.057288419999999986,0.15728841999999998,11.88,0.9,6,budget,13.2,1.4666666666666668,10.721095877123346,7.36801935499545,8.538828007939207,87.53206993734595,64.32657526274008,14.666666666666666,0.0,6.217248937900877e-15
LAPP0028181_3G2p5,2.5,3,70,0.1,0.057288419999999986,0.15728841999999998,11.88,0.95,0.0,baseline,7.074,0.37231578947368416,11.780580515210165,0.6320839435594522,0.06284146001260814,7.509157249486292,0.0,7.446315789473684,0.0,3.6637359812630166e-15
LAPP0028181_3G2p5,2.5,3,70,0.1,0.057288419999999986,0.15728841999999998,11.88,0.95,0.0,budget,13.2,0.6947368421052644,11.693096452849499,1.1882854894880512,0.22209477301278754,14.11683161511805,0.0,13.894736842105264,-1.7763568394002505e-15,-2.220446049250313e-15
LAPP0028181_3G2p5,2.5,3,70,0.1,0.057288419999999986,0.15728841999999998,11.88,0.95,6,baseline,7.074,0.37231578947368416,10.828104729603254,6.68768413082633,7.034743307123595,79.4496874742168,64.96862837761952,7.446315789473684,0.0,8.881784197001252e-16
LAPP0028181_3G2p5,2.5,3,70,0.1,0.057288419999999986,0.15728841999999998,11.88,0.95,6,budget,13.2,0.6947368421052644,10.732640066294612,7.2946243194851075,8.369559675610141,86.66013691548308,64.39584039776767,13.894736842105264,1.4210854715202004e-14,4.440892098500626e-15
LAPP0028181_3G2p5,2.5,3,70,0.1,0.057288419999999986,0.15728841999999998,12.0,0.8,0.0,baseline,7.074,1.7684999999999995,11.882956497047212,0.7441329943602222,0.08709593232266782,8.929595932322666,0.0,8.8425,-1.7763568394002505e-15,-3.774758283725532e-15
LAPP0028181_3G2p5,2.5,3,70,0.1,0.057288419999999986,0.15728841999999998,12.0,0.8,0.0,budget,13.2,3.299999999999997,11.779683474897219,1.400716753991046,0.3086010478925532,16.80860104789255,0.0,16.499999999999996,3.552713678800501e-15,5.995204332975845e-15
LAPP0028181_3G2p5,2.5,3,70,0.1,0.057288419999999986,0.15728841999999998,12.0,0.8,6,baseline,7.074,1.7684999999999995,10.929009747787616,6.809085196560467,7.292463871999913,81.7090223587256,65.57405848672569,8.8425,0.0,-5.329070518200751e-15
LAPP0028181_3G2p5,2.5,3,70,0.1,0.057288419999999986,0.15728841999999998,12.0,0.8,6,budget,13.2,3.299999999999997,10.816330535693922,7.525471133260023,8.907670384956749,90.30565359912028,64.89798321416353,16.499999999999996,0.0,-1.7763568394002505e-15
LAPP0028181_3G2p5,2.5,3,70,0.1,0.057288419999999986,0.15728841999999998,12.0,0.9,0.0,baseline,7.074,0.7859999999999996,11.89607606962461,0.6607220695292702,0.06866483435124282,7.928664834351242,0.0,7.859999999999999,0.0,7.771561172376096e-16
LAPP0028181_3G2p5,2.5,3,70,0.1,0.057288419999999986,0.15728841999999998,12.0,0.9,0.0,budget,13.2,1.4666666666666668,11.804576054573953,1.2424560271254916,0.24280565883923363,14.909472325505899,0.0,14.666666666666666,-1.7763568394002505e-15,6.217248937900877e-15
LAPP0028181_3G2p5,2.5,3,70,0.1,0.057288419999999986,0.15728841999999998,12.0,0.9,6,baseline,7.074,0.7859999999999996,10.943297408137946,6.718247865049792,7.099189931769831,80.6189743805975,65.65978444882768,7.859999999999999,0.0,-5.329070518200751e-15
LAPP0028181_3G2p5,2.5,3,70,0.1,0.057288419999999986,0.15728841999999998,12.0,0.9,6,budget,13.2,1.4666666666666668,10.843525306734321,7.352573655871675,8.50306536338751,88.2308838704601,65.06115184040593,14.666666666666666,0.0,-2.6645352591003757e-15
LAPP0028181_3G2p5,2.5,3,70,0.1,0.057288419999999986,0.15728841999999998,12.0,0.95,0.0,baseline,7.074,0.37231578947368416,11.901591374760933,0.625657154157106,0.0615700604115882,7.507885849885271,0.0,7.446315789473684,-8.881784197001252e-16,-5.218048215738236e-15
LAPP0028181_3G2p5,2.5,3,70,0.1,0.057288419999999986,0.15728841999999998,12.0,0.95,0.0,budget,13.2,0.6947368421052644,11.815025261835881,1.1760226097008128,0.21753447430449002,14.112271316409753,0.0,13.894736842105264,0.0,7.549516567451064e-15
LAPP0028181_3G2p5,2.5,3,70,0.1,0.057288419999999986,0.15728841999999998,12.0,0.95,6,baseline,7.074,0.37231578947368416,10.949301999755736,6.680072189956931,7.018738491475078,80.16086627948317,65.69581199853442,7.446315789473684,-1.4210854715202004e-14,-9.769962616701378e-15
LAPP0028181_3G2p5,2.5,3,70,0.1,0.057288419999999986,0.15728841999999998,12.0,0.95,6,budget,13.2,0.6947368421052644,10.854934201157175,7.280038790159044,8.336123432860237,87.36046548190853,65.12960520694304,13.894736842105264,0.0,-1.3322676295501878e-14
LAPP0028181_3G2p5,2.5,3,70,0.1,0.057288419999999986,0.15728841999999998,12.12,0.8,0.0,baseline,7.074,1.7684999999999995,12.004138049048827,0.7366209855192938,0.08534634449384083,8.92784634449384,0.0,8.8425,0.0,6.661338147750939e-16
LAPP0028181_3G2p5,2.5,3,70,0.1,0.057288419999999986,0.15728841999999998,12.12,0.8,0.0,budget,13.2,3.299999999999997,11.901946684967264,1.3863278366756842,0.3022933805092949,16.80229338050929,0.0,16.499999999999996,0.0,-7.105427357601002e-15
LAPP0028181_3G2p5,2.5,3,70,0.1,0.057288419999999986,0.15728841999999998,12.12,0.8,6,baseline,7.074,1.7684999999999995,11.050407803345044,6.800196712860073,7.273437339793806,82.41838415986408,66.30244682007026,8.8425,1.4210854715202004e-14,7.105427357601002e-15
LAPP0028181_3G2p5,2.5,3,70,0.1,0.057288419999999986,0.15728841999999998,12.12,0.8,6,budget,13.2,3.299999999999997,10.939021670443854,7.508361579041511,8.867212315319977,91.0013423379831,65.63413002266313,16.499999999999996,0.0,8.881784197001252e-15
LAPP0028181_3G2p5,2.5,3,70,0.1,0.057288419999999986,0.15728841999999998,12.12,0.9,0.0,baseline,7.074,0.7859999999999996,12.0171228809552,0.6540667078021286,0.06728849856179901,7.927288498561798,0.0,7.859999999999999,-8.881784197001252e-16,-7.771561172376096e-16
LAPP0028181_3G2p5,2.5,3,70,0.1,0.057288419999999986,0.15728841999999998,12.12,0.9,0.0,budget,13.2,1.4666666666666668,11.926575080345714,1.229746726772924,0.2378636618211727,14.904530328487839,0.0,14.666666666666666,0.0,3.3306690738754696e-15
LAPP0028181_3G2p5,2.5,3,70,0.1,0.057288419999999986,0.15728841999999998,12.12,0.9,6,baseline,7.074,0.7859999999999996,11.064535281523131,6.710377779094397,7.0825669934852895,81.3297786826241,66.38721168913878,7.859999999999999,2.842170943040401e-14,7.993605777301127e-15
LAPP0028181_3G2p5,2.5,3,70,0.1,0.057288419999999986,0.15728841999999998,12.12,0.9,6,budget,13.2,1.4666666666666668,10.965899428579093,7.3374795895394325,8.468189387076691,88.93025262521792,65.79539657147456,14.666666666666666,0.0,6.217248937900877e-15
LAPP0028181_3G2p5,2.5,3,70,0.1,0.057288419999999986,0.15728841999999998,12.12,0.95,0.0,baseline,7.074,0.37231578947368416,12.022581718907727,0.6193607965053778,0.060337064171494606,7.506652853645178,0.0,7.446315789473684,0.0,-2.220446049250313e-16
LAPP0028181_3G2p5,2.5,3,70,0.1,0.057288419999999986,0.15728841999999998,12.12,0.95,0.0,budget,13.2,0.6947368421052644,11.936914053803193,1.1640141480015342,0.21311463167333158,14.107851473778593,0.0,13.894736842105264,-1.7763568394002505e-15,-6.661338147750939e-15
LAPP0028181_3G2p5,2.5,3,70,0.1,0.057288419999999986,0.15728841999999998,12.12,0.95,6,baseline,7.074,0.37231578947368416,11.070472802090615,6.6726285247787676,7.0031051183012805,80.87225772031866,66.4228368125437,7.446315789473684,0.0,7.993605777301127e-15
LAPP0028181_3G2p5,2.5,3,70,0.1,0.057288419999999986,0.15728841999999998,12.12,0.95,6,budget,13.2,0.6947368421052644,10.977176275206824,7.265784250316548,8.303510620490338,88.06130511383655,65.86305765124095,13.894736842105264,0.0,3.552713678800501e-15
