q5_deg,q6_deg,q7_deg,J4_moment_Nm,J4_axis_gravity_bound_Nm
-90.0,-100.0,-90,12.077723635398758,11.7415249752357
-90.0,-100.0,0,12.077714156938121,11.741516073528496
-90.0,-100.0,90,12.077687205276375,11.741489198304741
-90.0,-95.0,-90,12.60242648229516,12.262799431333866
-90.0,-95.0,0,12.602416661800294,12.262789757425411
-90.0,-95.0,90,12.602390095602827,12.26276287402908
-90.0,-90.0,-90,13.124625125846789,12.793056569372018
-90.0,-90.0,0,13.124615121679867,12.793046305918365
-90.0,-90.0,90,13.124589038084434,12.793019546289681
-90.0,-85.0,-90,13.640859830403969,13.327722014494684
-90.0,-85.0,0,13.640849784301126,13.327711347229275
-90.0,-85.0,90,13.640824267292903,13.327684845562445
-90.0,-80.0,-90,14.148067433862904,13.862173439924288
-90.0,-80.0,0,14.14805747292462,13.862162555149995
-90.0,-80.0,90,14.14803259571392,13.862136446464426
-90.0,-75.0,-90,14.643523506912471,14.391794455783248
-90.0,-75.0,0,14.643513745397843,14.391783538205598
-90.0,-75.0,90,14.643489572297044,14.391757956960019
-90.0,-70.0,-90,15.124794135507315,14.912023255749894
-90.0,-70.0,0,15.124784676405147,14.912012486606244
-90.0,-70.0,90,15.124761264295135,14.911987565359578
-90.0,-65.0,-90,15.589696236279764,15.418396641638207
-90.0,-65.0,0,15.58968717265895,15.418386197076924
-90.0,-65.0,90,15.589664572126559,15.418362065198643
-90.0,-60.0,-90,16.03626516433312,15.906590023029823
-90.0,-60.0,0,16.03625658048962,15.90658007269784
-90.0,-60.0,90,16.036234836704928,15.906556855130471
-90.0,-55.0,-90,16.46272841363675,16.372453900304755
-90.0,-55.0,0,16.4627203860604,16.372444606108914
-90.0,-55.0,90,16.462699539450202,16.372422422185863
-90.0,-50.0,-90,16.86748433569671,16.812047226485486
-90.0,-50.0,0,16.867476933882386,16.812038741500288
-90.0,-50.0,90,16.867457020644636,16.8120177038229
-90.0,-45.0,-90,17.249084954942596,17.22166793082147
-90.0,-45.0,0,17.24907824206904,17.221660398322935
-90.0,-45.0,90,17.24905929456362,17.221640611701112
-90.0,-40.0,-90,17.606222110506767,17.597880787702938
-90.0,-40.0,0,17.606216144004097,17.597874340314142
-90.0,-40.0,90,17.606198191047472,17.59785590077516
-90.0,-35.0,-90,17.93771629083994,17.937542733462273
-90.0,-35.0,0,17.937711122864023,17.937537492401027
-90.0,-35.0,90,17.937694189949116,17.937520486271453
-90.0,-30.0,-90,18.242507645452392,18.237825671684607
-90.0,-30.0,0,18.24250332328182,18.23782174610747
-90.0,-30.0,90,18.24248743273973,18.237806249172795
-90.0,-25.0,-90,18.51964875679379,18.49623676333033
-90.0,-25.0,0,18.519645323162585,18.49623424976996
-90.0,-25.0,90,18.5196304942788,18.496220326516404
-90.0,-20.0,-90,18.768298836616236,18.71063616882961
-90.0,-20.0,0,18.768296329993333,18.710635150724375
-90.0,-20.0,90,18.76828257908835,18.710622853666965
-90.0,-15.0,-90,18.987719077533917,18.879252192665678
-90.0,-15.0,0,18.98771753235855,18.87925273998179
-90.0,-15.0,90,18.98770487284038,18.879242109082167
-90.0,-10.0,-90,19.17726894441124,19.00069377428174
-90.0,-10.0,0,19.177268391291854,19.00069594322881
-90.0,-10.0,90,19.17725683368616,19.00068700540581
-90.0,-5.0,-90,19.336403233996414,19.07396027018111
-90.0,-5.0,0,19.336403699879327,19.0739641030225
-90.0,-5.0,90,19.336393251841614,19.07395687175785
-90.0,0.0,-90,19.464669766885926,19.098448478925647
-90.0,0.0,0,19.464671275198853,19.098454003884935
-90.0,0.0,90,19.464661941511828,19.098448478925647
-90.0,5.0,-90,19.56170760516086,19.07395687175785
-90.0,5.0,0,19.56171017593552,19.0739641030225
-90.0,5.0,90,19.561701958494048,19.07396027018111
-90.0,10.0,-90,19.62724571329574,19.00068700540581
-90.0,10.0,0,19.62724936327287,19.00069594322881
-90.0,10.0,90,19.627242261058065,19.00069377428174
-90.0,15.0,-90,19.661102000378715,18.879242109082167
-90.0,15.0,0,19.66110674309821,18.87925273998179
-90.0,15.0,90,19.661100752141706,18.879252192665678
-90.0,20.0,-90,19.663182699275545,18.710622853666965
-90.0,20.0,0,19.663188545153833,18.710635150724375
-90.0,20.0,90,19.663183658492542,18.71063616882961
-90.0,25.0,-90,19.63348205394733,18.496220326516404
-90.0,25.0,0,19.633489010343528,18.49623424976996
-90.0,25.0,90,19.633485217964935,18.49623676333033
-90.0,30.0,-90,19.57208230041049,18.237806249172795
-90.0,30.0,0,19.572090371682386,18.23782174610747
-90.0,30.0,90,19.57208766045979,18.237825671684607
-90.0,35.0,-90,19.479153940455074,17.937520486271453
-90.0,35.0,0,19.479163128005567,17.937537492401027
-90.0,35.0,90,19.479161481622246,17.937542733462273
-90.0,40.0,-90,19.354956320825423,17.59785590077516
-90.0,40.0,0,19.354966623139525,17.597874340314142
-90.0,40.0,90,19.354966022000383,17.597880787702938
-90.0,45.0,-90,19.19983854472503,17.221640611701112
-90.0,45.0,0,19.19984995739713,17.221660398322935
-90.0,45.0,90,19.199850378525753,17.22166793082147
-90.0,50.0,-90,19.01424075787579,16.8120177038229
-90.0,50.0,0,19.01425327362617,16.812038741500288
-90.0,50.0,90,19.014254690544714,16.812047226485483
-90.0,55.0,-90,18.798695868647187,16.372422422185863
-90.0,55.0,0,18.7987094773264,16.372444606108914
-90.0,55.0,90,18.798711859915013,16.372453900304755
-90.0,60.0,-90,18.553831781785146,15.906556855130471
-90.0,60.0,0,18.55384647036394,15.90658007269784
-90.0,60.0,90,18.553849784695675,15.906590023029823
-90.0,65.0,-90,18.280374248967302,15.418362065198643
-90.0,65.0,0,18.28039000150906,15.418386197076924
-90.0,65.0,90,18.280394209655253,15.418396641638209
-90.0,70.0,-90,17.97915046793851,14.911987565359578
-90.0,70.0,0,17.97916726554995,14.912012486606244
-90.0,70.0,90,17.97917232535,14.912023255749894
-90.0,75.0,-90,17.651093596718894,14.391757956960019
-90.0,75.0,0,17.651111417473526,14.391783538205598
-90.0,75.0,90,17.65111728226168,14.391794455783248
-90.0,80.0,-90,17.29724839199152,13.862136446464426
-90.0,80.0,0,17.297267210818603,13.862162555149995
-90.0,80.0,90,17.29727382909881,13.86217343992429
-90.0,85.0,-90,16.91877823324334,13.327684845562445
-90.0,85.0,0,16.918798021772766,13.327711347229279
-90.0,85.0,90,16.918805336830815,13.327722014494684
-90.0,90.0,-90,16.516973858831232,12.793019546289681
-90.0,90.0,0,16.516994585182136,12.793046305918365
-90.0,90.0,90,16.517002534622225,12.793056569372018
-90.0,95.0,-90,16.093264219374344,12.262762874029082
-90.0,95.0,0,16.093285847871332,12.262789757425411
-90.0,95.0,90,16.09329436306178,12.262799431333866
-90.0,100.0,-90,15.649229950198546,11.741489198304743
-90.0,100.0,0,15.64925244099493,11.741516073528498
-90.0,100.0,90,15.649261446405056,11.7415249752357
-85.0,-100.0,-90,11.943581572116823,11.490470258336146
-85.0,-100.0,0,11.943571427231428,11.490460206690772
-85.0,-100.0,90,11.943544724408095,11.49043394596669
-85.0,-95.0,-90,12.47401556530533,12.020089324064791
-85.0,-95.0,0,12.474005109567498,12.020078471611964
-85.0,-95.0,90,12.47397879998758,12.020052146571869
-85.0,-90.0,-90,13.001400838524853,12.559783532491494
-85.0,-90.0,0,13.00139022900243,12.559772077433038
-85.0,-90.0,90,13.001364408730035,12.559745821776882
-85.0,-85.0,-90,13.522313703413326,13.104750070004664
-85.0,-85.0,0,13.522303080236096,13.10473821119506
-85.0,-85.0,90,13.522277832265992,13.104712160440952
-85.0,-80.0,-90,14.03372881555618,13.650177879839479
-85.0,-80.0,0,14.033718304065163,13.65016581445144
-85.0,-80.0,90,14.033693700737604,13.650140104556481
-85.0,-75.0,-90,14.532959109282737,14.191297777143014
-85.0,-75.0,0,14.532948821930242,14.191285698734209
-85.0,-75.0,90,14.532924926820138,14.191260464767062
-85.0,-70.0,-90,15.017606279751364,14.723426672324807
-85.0,-70.0,0,15.017596317739995,14.723414769224195
-85.0,-70.0,90,15.017573187121652,14.723390144085077
-85.0,-65.0,-90,15.485520403446394,15.24200704715275
-85.0,-65.0,0,15.485510858121183,15.241995501096332
-85.0,-65.0,90,15.485488542096775,15.241971614282459
-85.0,-60.0,-90,15.934767236719512,15.742642605386607
-85.0,-60.0,0,15.934758190738792,15.742631590346368
-85.0,-60.0,90,15.934736734103629,15.742608566763305
-85.0,-55.0,-90,16.36360184472114,16.22113078436374
-85.0,-55.0,0,16.363593373035393,16.221120465527278
-85.0,-55.0,90,16.363572815938504,16.221098424348884
-85.0,-50.0,-90,16.770447388902088,16.6734926008636
-85.0,-50.0,0,16.770439559569393,16.67348313373399
-85.0,-50.0,90,16.770419938015692,16.673462187315085
-85.0,-45.0,-90,17.153878088415322,17.096000128241773
-85.0,-45.0,0,17.153870963279548,17.095991657837132
-85.0,-45.0,90,17.15385230950944,17.095971910684003
-85.0,-40.0,-90,17.5126055450142,17.485201764909018
-85.0,-40.0,0,17.51259918026887,17.485194425048896
-85.0,-40.0,90,17.51258152304317,17.485175972853302
-85.0,-35.0,-90,17.8454677730146,17.837945353479967
-85.0,-35.0,0,17.84546221967194,17.837939266151384
-85.0,-35.0,90,17.845445584483496,17.837922194893856
-85.0,-30.0,-90,18.151420403639303,18.15139913970674
-85.0,-30.0,0,18.151415707921018,18.151394414506836
-85.0,-30.0,90,18.151400117149574,18.15137879963492
-85.0,-25.0,-90,18.429529638155355,18.423070514596237
-85.0,-25.0,0,18.429525841818844,18.42306724825124
-85.0,-25.0,90,18.429511314841676,18.423053153938017
-85.0,-20.0,-90,18.67896660957584,18.650822456345917
-85.0,-20.0,0,18.678963750187215,18.650820732307963
-85.0,-20.0,90,18.67895030345533,18.65080821079566
-85.0,-15.0,-90,18.899002881562556,18.832887576238804
-85.0,-15.0,0,18.899000992725878,18.832887464363175
-85.0,-15.0,90,18.8989886398131,18.832876555396155
-85.0,-10.0,-90,19.089006868582754,18.967879670633895
-85.0,-10.0,0,19.08900598013314,18.967881226939607
-85.0,-10.0,90,19.088994731763773,18.967871957290463
-85.0,-5.0,-90,19.248441006012595,19.054802686697656
-85.0,-5.0,0,19.248441144179562,19.054805953214572
-85.0,-5.0,90,19.248431008238803,19.054798336306266
-85.0,0.0,-90,19.376859534991084,19.093057020229324
-85.0,0.0,0,19.37686072253724,19.093062024934518
-85.0,0.0,90,19.376851704067537,19.093056060561004
-85.0,5.0,-90,19.47390679626671,19.082443078024365
-85.0,5.0,0,19.473909052606043,19.082449834870214
-85.0,5.0,90,19.473901153791637,19.082445509017237
-85.0,10.0,-90,19.53931595155985,19.023162053251458
-85.0,10.0,0,19.5393192928589,19.023170562287252
-85.0,10.0,90,19.539312513000084,19.023167847054577
-85.0,15.0,-90,19.572908071324896,18.915813879092692
-85.0,15.0,0,19.57291251058959,18.915824126680885
-85.0,15.0,90,19.572906846067617,18.915822980306572
-85.0,20.0,-90,19.574591545255398,18.76139234236809
-85.0,20.0,0,19.574597092405554,18.76140430149573
-85.0,20.0,90,19.574592536638587,18.761404668482722
-85.0,25.0,-90,19.544361787286725,18.561277354063286
-85.0,25.0,0,19.544368449219828,18.561290984748254
-85.0,25.0,90,19.54436499260982,18.56129279609334
-85.0,30.0,-90,19.482301220948948,18.317224386637545
-85.0,30.0,0,19.48230900159421,18.317239636428635
-85.0,30.0,90,19.482306631464247,18.3172428099537
-85.0,35.0,-90,19.388579544367275,18.031351097702863
-85.0,35.0,0,19.388588444730644,18.031367902272017
-85.0,35.0,90,19.388587145251595,18.03137234305765
-85.0,40.0,-90,19.263454287619545,17.706121165051286
-85.0,40.0,0,19.263464305819745,17.706139448875618
-85.0,40.0,90,19.26346405792484,17.706145049797655
-85.0,45.0,-90,19.1072716891595,17.344325357895503
-85.0,45.0,0,19.1072828204548,17.344345035026194
-85.0,45.0,90,19.107283601740072,17.344351677396556
-85.0,50.0,-90,18.920467933254248,16.949059862339556
-85.0,50.0,0,18.920480170059054,16.949080837254158
-85.0,50.0,90,18.92048195466702,16.949088391568544
-85.0,55.0,-90,18.703570807589735,16.523701864284316
-85.0,55.0,0,18.703584139479585,16.52372403281861
-85.0,55.0,90,18.703586897962882,16.523732359615504
-85.0,60.0,-90,18.45720186020827,16.071882369149108
-85.0,60.0,0,18.45721627391103,16.071905619504335
-85.0,60.0,90,18.45721997307189,16.071914570341868
-85.0,65.0,-90,18.182079158755524,15.59745620439768
-85.0,65.0,0,18.182094638125726,15.59748041821874
-85.0,65.0,90,18.18209924082629,15.597489836779038
-85.0,70.0,-90,17.879020783842687,15.104469108353076
-85.0,70.0,0,17.879037309814944,15.104494161873069
-85.0,70.0,90,17.879042774752172,15.104503885207018
-85.0,75.0,-90,17.54894922365583,14.597121759474108
-85.0,75.0,0,17.548966774171813,14.59714752472052
-85.0,75.0,90,17.548973055609515,14.597157384649558
-85.0,80.0,-90,17.192896880585664,14.079730549527685
-85.0,80.0,0,17.19291543048749,14.079756895585275
-85.0,80.0,90,17.192922477936214,14.079766720280478
-85.0,85.0,-90,16.812012954812438,13.556684862085303
-85.0,85.0,0,16.812032475693044,13.5567116564101
-85.0,85.0,90,16.81204023352672,13.556721272171671
-85.0,90.0,-90,16.407572037089036,13.032400601581001
-85.0,90.0,0,16.40759249708725,13.032427711358745
-85.0,90.0,90,16.407600904083104,13.032436944619818
-85.0,95.0,-90,15.980984826434849,12.511269754120548
-85.0,95.0,0,15.981006189959105,12.511297047660527
-85.0,95.0,90,15.981015178744704,12.511305727236476
-85.0,100.0,-90,15.533811491314324,11.99760588671266
-85.0,100.0,0,15.533833718674225,11.99763323486372
-85.0,100.0,90,15.53384321506235,11.997641194459412
-80.0,-100.0,-90,11.824898649544046,11.252693272871547
-80.0,-100.0,0,11.824887833040814,11.252681889077598
-80.0,-100.0,90,11.824861406534614,11.252656374410057
-80.0,-95.0,-90,12.36069053981321,11.79112974085435
-80.0,-95.0,0,12.360679449185547,11.791117554702536
-80.0,-95.0,90,12.360653425193789,11.791091927733975
-80.0,-90.0,-90,12.892796767404482,12.340247512598202
-80.0,-90.0,0,12.89278555759075,12.34023473601248
-80.0,-90.0,90,12.8927600307379,12.34020913099869
-80.0,-85.0,-90,13.417845351945862,12.895063770267038
-80.0,-85.0,0,13.417834160763963,12.895050612892561
-80.0,-85.0,90,13.417809212779126,12.895025165356312
-80.0,-80.0,-90,13.932861557066701,13.450634162194238
-80.0,-80.0,0,13.932850507504604,13.450620829435701
-80.0,-80.0,90,13.932826209649724,13.450595674900136
-80.0,-75.0,-90,14.435206161439442,14.00209578791423
-80.0,-75.0,0,14.435195363643158,14.002082479393044
-80.0,-75.0,90,14.435171778596109,14.00205775216022
-80.0,-70.0,-90,14.922525117936376,14.544704436141137
-80.0,-70.0,0,14.922514670900672,14.54469134445665
-80.0,-70.0,90,14.922491854204392,14.544667176421584
-80.0,-65.0,-90,15.39270887077413,15.073867631915405
-80.0,-65.0,0,15.3926988637623,15.073854941621851
-80.0,-65.0,90,15.392676864934076,15.073831461118472
-80.0,-60.0,-90,15.843859658635292,15.585174604151112
-80.0,-60.0,0,15.843850172362094,15.585162490886106
-80.0,-60.0,90,15.84382903573921,15.585139821566052
-80.0,-55.0,-90,16.27426532011636,16.074423908196415
-80.0,-55.0,0,16.274256427729128,16.074412537917077
-80.0,-55.0,90,16.2742361931112,16.074390797665483
-80.0,-50.0,-90,16.6823783443092,16.537649143208125
-80.0,-50.0,0,16.682370112199596,16.53763867150666
-80.0,-50.0,90,16.68235081533448,16.53761797140096
-80.0,-45.0,-90,17.066799129606157,16.971142986316885
-80.0,-45.0,0,17.06679161808129,16.971133557799188
-80.0,-45.0,90,17.066773291030767,16.97111400111792
-80.0,-40.0,-90,17.426262609390797,17.371479612458042
-80.0,-40.0,0,17.426255873228243,17.371471360177228
-80.0,-40.0,90,17.426238544641205,17.371453041466214
-80.0,-35.0,-90,17.759627568723623,17.73553546654325
-80.0,-35.0,0,17.759621657630948,17.735528511485743
-80.0,-35.0,90,17.759605352945407,17.735511515688938
-80.0,-30.0,-90,18.065868112260393,18.060508290739197
-80.0,-30.0,0,18.065863071256366,18.060502741364754
-80.0,-30.0,90,18.065847812846464,18.060487143026634
-80.0,-25.0,-90,18.344066853826636,18.343934273595984
-80.0,-25.0,0,18.344062723558253,18.34393022543529
-80.0,-25.0,90,18.34404853083868,18.343916087981203
-80.0,-20.0,-90,18.593409486438023,18.583703171532733
-80.0,-20.0,0,18.59340630344486,18.583700706847406
-80.0,-20.0,90,18.5933931929422,18.583688081947567
-80.0,-15.0,-90,18.813180462109823,18.778071250669377
-80.0,-15.0,0,18.813178259045316,18.77807043817974
-80.0,-15.0,90,18.813166244443455,18.778059365201965
-80.0,-10.0,-90,19.002759567087143,18.92567190374093
-80.0,-10.0,0,19.002758372904477,18.925672798426934
-80.0,-10.0,90,19.002747465069557,18.925663303982436
-80.0,-5.0,-90,19.16161922313867,19.025523809622843
-80.0,-5.0,0,19.16161906324762,19.02552645260304
-80.0,-5.0,90,19.16160927023665,19.02551855018902
-80.0,0.0,-90,19.289322381741133,19.077036519503437
-80.0,0.0,0,19.289323278140976,19.077040937996507
-80.0,0.0,90,19.28931460519709,19.077034627738453
-80.0,5.0,-90,19.385520907321588,19.080013372260513
-80.0,5.0,0,19.385522878714188,19.08001957963294
-80.0,5.0,90,19.385515328250804,19.08001484812918
-80.0,10.0,-90,19.449954369812502,19.03465166085515
-80.0,10.0,0,19.449957431699055,19.034659656758016
-80.0,10.0,90,19.449951003274247,19.034656477028264
-80.0,15.0,-90,19.482449186898013,18.941539990545284
-80.0,15.0,0,19.482453351661913,18.941549761142202
-80.0,15.0,90,19.48244804194404,18.94154809268158
-80.0,20.0,-90,19.48291807353299,18.801652787609214
-80.0,20.0,0,19.482923350511,18.801664305896622
-80.0,20.0,90,19.482919153235798,18.80166409483624
-80.0,25.0,-90,19.451359771472937,18.616341933315603
-80.0,25.0,0,19.451366167016086,18.61635515953576
-80.0,25.0,90,19.451363072935212,18.6163563389107
-80.0,30.0,-90,19.38785904540588,18.387325511385455
-80.0,30.0,0,19.3878665629312,18.3873403935318
-80.0,30.0,90,19.38786455975159,18.387342883657332
-80.0,35.0,-90,19.292586945494403,18.116673667492396
-80.0,35.0,0,19.29259558552806,18.11669014190601
-80.0,35.0,90,19.292594657841114,18.1166938508631
-80.0,40.0,-90,19.165801349343877,17.806791585791157
-80.0,40.0,0,19.165811109555822,17.806809577846458
-80.0,40.0,90,19.165811238754863,17.80681440207793
-80.0,45.0,-90,19.007847810238456,17.460399589465965
-80.0,45.0,0,19.007858685468282,17.46041901434319
-80.0,45.0,90,19.00785984965231,17.46042483936262
-80.0,50.0,-90,18.81916075359407,17.08051036940264
-80.0,50.0,0,18.819172735867202,17.080531132943854
-80.0,50.0,90,18.81917490972828,17.08053783416033
-80.0,55.0,-90,18.600265080710106,16.670403337148887
-80.0,55.0,0,18.600278159242862,16.670425336793997
-80.0,55.0,90,18.600281313933866,16.670432780456963
-80.0,60.0,-90,18.351778258924767,16.233596085690884
-80.0,60.0,0,18.3517924201162,16.23361921148934
-80.0,60.0,90,18.351796523094738,16.233627255759433
-80.0,65.0,-90,18.074413001234518,15.77381292546593
-80.0,65.0,0,18.074428228641978,15.773837061159629
-80.0,65.0,90,18.074433243485434,15.773845557313008
-80.0,70.0,-90,17.768980667602943,15.294950446065327
-80.0,70.0,0,17.76899694189733,15.294975470237217
-80.0,70.0,90,17.769002828082762,15.294984264012694
-80.0,75.0,-90,17.4363955561427,14.801040040964198
-80.0,75.0,0,17.436412855038004,14.80106582824668
-80.0,75.0,90,17.43641956767912,14.801074761346264
-80.0,80.0,-90,17.077680297074362,14.29620733104903
-80.0,80.0,0,17.077698595224327,14.296233753384936
-80.0,80.0,90,17.07770608475619,14.29624266513905
-80.0,85.0,-90,16.693972618284803,13.784628444440896
-80.0,85.0,0,16.69399188713729,13.784655372388048
-80.0,85.0,90,16.694000098937206,13.784664101595736
-80.0,90.0,-90,16.286533821395974,13.270483171924225
-80.0,90.0,0,16.28655402899284,13.270510475992012
-80.0,90.0,90,16.286562902923308,13.270518862943028
-80.0,95.0,-90,15.8567593950446,12.757905141630498
-80.0,95.0,0,15.856780505750818,12.757932693632625
-80.0,95.0,90,15.856789975607612,12.75794058231094
-80.0,100.0,-90,15.40619230156119,12.250929371109223
-80.0,100.0,0,15.406214275702263,12.250957045510694
-80.0,100.0,90,15.406224268547051,12.250964285966486
-75.0,-100.0,-90,11.723060136694428,11.036499419822018
-75.0,-100.0,0,11.723048651611832,11.036486559095994
-75.0,-100.0,90,11.72302252755112,11.036461906089173
-75.0,-95.0,-90,12.2637429592173,11.583888807532036
-75.0,-95.0,0,12.2637312417753,11.583875172213713
-75.0,-95.0,90,12.263705530758157,11.58385036848247
-75.0,-90.0,-90,12.800021152917742,12.142035689472449
-75.0,-90.0,0,12.800009355093682,12.142021502282077
-75.0,-90.0,90,12.79998414997999,12.141996681313167
-75.0,-85.0,-90,13.32858935282082,12.705841575841077
-75.0,-85.0,0,13.328577609435374,12.70582705398101
-75.0,-85.0,90,13.32855299045116,12.705802349902136
-75.0,-80.0,-90,13.846535345208435,13.270296729508079
-75.0,-80.0,0,13.846523776332187,13.270282083270919
-75.0,-80.0,90,13.846499813485995,13.270257629754045
-75.0,-75.0,-90,14.351277336079587,13.830512918562812
-75.0,-75.0,0,14.351266049086265,13.83049835031784
-75.0,-75.0,90,14.351242804027448,13.83047427950389
-75.0,-70.0,-90,14.840513321178912,14.38175153692281
-75.0,-70.0,0,14.840502412468483,14.381737240344211
-75.0,-70.0,90,14.840479939907132,14.381713681778887
-75.0,-65.0,-90,15.312180519998249,14.919448828890669
-75.0,-65.0,0,15.312170076428421,14.919434988332643
-75.0,-65.0,90,15.312148425215685,14.91941206791203
-75.0,-60.0,-90,15.764423009216321,15.439239311074937
-75.0,-60.0,0,15.764413109284686,15.439226101031796
-75.0,-60.0,90,15.764392323231933,15.43920393996211
-75.0,-55.0,-90,16.19556595484571,15.93697800749975
-75.0,-55.0,0,16.19555666966279,15.936965592113692
-75.0,-55.0,90,16.19553678816079,15.936944305892899
-75.0,-50.0,-90,16.604095117035964,16.40876177853285
-75.0,-50.0,0,16.60408651112514,16.40875031112948
-75.0,-50.0,90,16.604067569610383,16.408730008560006
-75.0,-45.0,-90,16.98864055192878,16.85094980082278
-75.0,-45.0,0,16.98863268388383,16.850939423466357
-75.0,-45.0,90,16.988614714187904,16.85092020570872
-75.0,-40.0,-90,17.34796364901746,17.26018311455084
-75.0,-40.0,0,17.34795657204364,17.260173957618864
-75.0,-40.0,90,17.34793960265317,17.260155917295773
-75.0,-35.0,-90,17.680946818980647,17.63340307183803
-75.0,-35.0,0,17.680940581340675,17.63339525361947
-75.0,-35.0,90,17.680924637588564,17.633378473979512
-75.0,-30.0,-90,17.98658528951983,17.967868477666283
-75.0,-30.0,0,17.986579934902338,17.967862103990495
-75.0,-30.0,90,17.986565039106292,17.967846658139678
-75.0,-25.0,-90,18.263980580488052,18.261171198777205
-75.0,-25.0,0,18.263976148312835,18.261166362681685
-75.0,-25.0,90,18.263962319873105,18.26115231289033
-75.0,-20.0,-90,18.512335319797682,18.5112500172912
-75.0,-20.0,0,18.512331845469447,18.511246798736785
-75.0,-20.0,90,18.51231910093505,18.511234195828333
-75.0,-15.0,-90,18.730949132949775,18.716402517797846
-75.0,-15.0,0,18.73094664806984,18.7164009834397
-75.0,-15.0,90,18.73093500118012,18.716389866267242
-75.0,-10.0,-90,18.91921539551738,18.87529481506159
-75.0,-10.0,0,18.91921392806105,18.875295018083584
-75.0,-10.0,90,18.919203389767908,18.875285413099135
-75.0,-5.0,-90,19.076618682795253,18.986968951369978
-75.0,-5.0,0,19.076618257261106,18.986970931389386
-75.0,-5.0,90,19.07660883573576,18.986962852310022
-75.0,0.0,-90,19.20273278670997,19.05084781599869
-75.0,0.0,0,19.202733424246134,19.05085159904701
-75.0,0.0,90,19.20272512487335,19.050845046621475
-75.0,5.0,-90,19.29721919904442,19.066737462983365
-75.0,5.0,0,19.29722091755584,19.06674306156814
-75.0,5.0,90,19.297213742917656,19.066738023446888
-75.0,10.0,-90,19.35982598371714,19.03482672647907
-75.0,10.0,0,19.359828797957228,19.03483413973059
-75.0,10.0,90,19.359822747807577,19.034830590441544
-75.0,15.0,-90,19.390386980586896,18.955684054808156
-75.0,15.0,0,19.39039090223598,18.955693268713777
-75.0,15.0,90,19.390385973467026,18.955691169745847
-75.0,20.0,-90,19.388821300087375,18.83025150434861
-75.0,20.0,0,19.388826337820046,18.83026249207656
-75.0,20.0,90,19.3888225244205,18.830261792072495
-75.0,25.0,-90,19.355133082815904,18.659835852295096
-75.0,25.0,0,19.355139242358714,18.659848574608652
-75.0,25.0,90,19.355136535364007,18.659849209668593
-75.0,30.0,-90,19.28941151175105,18.446096802696726
-75.0,30.0,0,19.289418795931507,18.446111208458774
-75.0,30.0,90,19.28941718336524,18.44611310255585
-75.0,35.0,-90,19.19183107772577,18.191032272775843
-75.0,35.0,0,19.19183948651322,18.191048299542945
-75.0,35.0,90,19.191838953318793,18.191051365052257
-75.0,40.0,-90,19.062652111764695,17.89696075620139
-75.0,40.0,0,19.062661642303254,17.89697833090576
-75.0,40.0,90,19.062662170264193,17.896982469248396
-75.0,45.0,-90,18.902221611538813,17.566500766742116
-75.0,45.0,0,18.902232258171853,17.566519806459088
-75.0,45.0,90,18.902233825818833,17.5665249088631
-75.0,50.0,-90,18.71097440417088,17.202547369852095
-75.0,50.0,0,18.710986158456386,17.20256778264997
-75.0,50.0,90,18.71098874095819,17.202573731030864
-75.0,55.0,-90,18.48943470470104,16.808245811983667
-75.0,55.0,0,18.48944755541624,16.808267497852107
-75.0,55.0,90,18.489451124451502,16.80827416581589
-75.0,60.0,-90,18.23821814958692,16.386962259195286
-75.0,60.0,0,18.238232082720153,16.3869851110476
-75.0,60.0,90,18.238236606325533,16.386992365020213
-75.0,65.0,-90,17.958034408750184,15.942251660326875
-75.0,65.0,0,17.958049407477017,15.94227556507073
-75.0,65.0,90,17.958054849866816,15.942283265557956
-75.0,70.0,-90,17.64969050923773,15.47782275944222
-75.0,70.0,0,17.649706553877216,15.477847599112122
-75.0,70.0,90,17.64971287522789,15.477855602094476
-75.0,75.0,-90,17.31409504022429,14.997500303032977
-75.0,75.0,0,17.31411210817003,14.99752595597653
-75.0,75.0,90,17.31411926436195,14.997534114442717
-75.0,80.0,-90,16.952263454970705,14.505184527644682
-75.0,80.0,0,16.95228152058956,14.50521086975262
-75.0,80.0,90,16.9522894628961,14.505219035373685
-75.0,85.0,-90,16.565324743135506,14.004808083899569
-75.0,85.0,0,16.565343777624555,14.004834989866817
-75.0,85.0,90,16.565352452336803,14.004843014809536
-75.0,90.0,-90,16.15452981984148,13.500290667042176
-75.0,90.0,0,16.15454979103083,13.500318011643351
-75.0,90.0,90,16.15455913900315,13.500325750515385
-75.0,95.0,-90,15.721262070176193,12.995491798253699
-75.0,95.0,0,15.721282942261363,12.995519457611204
-75.0,95.0,90,15.721292898360005,12.995526769521355
-75.0,100.0,-90,15.267050604133816,12.49416245210265
-75.0,100.0,0,15.267072337316268,12.494190304918318
-75.0,100.0,90,15.267082829749155,12.49419705562182
-70.0,-100.0,-90,11.63929226222916,10.849929206993215
-70.0,-100.0,0,11.639280120272884,10.84991477419848
-70.0,-100.0,90,11.639254322798301,10.849891075691447
-70.0,-95.0,-90,12.184309385690794,11.406005251014323
-70.0,-95.0,0,12.184297057510976,11.40599010121711
-70.0,-95.0,90,12.184271684639825,11.405966224433486
-70.0,-90.0,-90,12.72413313344276,11.972367125378295
-70.0,-90.0,0,12.724120767262106,11.972351488118619
-70.0,-90.0,90,12.724095909815093,11.972327564406019
-70.0,-85.0,-90,13.255538362363714,12.54387843945794
-70.0,-85.0,0,13.255526089368052,12.543862535491577
-70.0,-85.0,90,13.255501825873866,12.543838696175861
-70.0,-80.0,-90,13.775686011063636,13.115541172174494
-70.0,-80.0,0,13.775673947892862,13.11552521280963
-70.0,-80.0,90,13.775650346967339,13.115501588314423
-70.0,-75.0,-90,14.282060095524734,13.682515856532417
-70.0,-75.0,0,14.282048346364874,13.682500043239052
-70.0,-75.0,90,14.282025468526326,13.682476762186782
-70.0,-70.0,-90,14.772417353724117,14.240139228479576
-70.0,-70.0,0,14.772406012041419,14.240123752632918
-70.0,-70.0,90,14.772383911088719,14.240100940922146
-70.0,-65.0,-90,15.244747224591888,14.783940932733579
-70.0,-65.0,0,15.24473637455912,14.78392597540559
-70.0,-65.0,90,15.244715098614245,14.783903755269561
-70.0,-60.0,-90,15.697240133607743,15.309660117576485
-70.0,-60.0,0,15.697229851272258,15.30964584932752
-70.0,-60.0,90,15.697209443566955,15.309624338384458
-70.0,-55.0,-90,16.128262392228525,15.81326224427853
-70.0,-55.0,0,16.128252746467002,15.813248824926387
-70.0,-55.0,90,16.12823324593476,15.813228135234374
-70.0,-50.0,-90,16.536336336240872,16.290956118712437
-70.0,-50.0,0,16.53632738953938,16.29094369707248
-70.0,-50.0,90,16.536308831259397,16.29092393420249
-70.0,-45.0,-90,16.920124604196236,16.739210965863553
-70.0,-45.0,0,16.920116413288053,16.739199679463617
-70.0,-45.0,90,16.92009882881657,16.73918094160372
-70.0,-40.0,-90,17.278417685874086,17.154773268546087
-70.0,-40.0,0,17.27841030226208,17.15476324332533
-70.0,-40.0,90,17.278393719877833,17.15474562042821
-70.0,-35.0,-90,17.61012405536195,17.53468304832659
-70.0,-35.0,0,17.610117525747278,17.534674398330388
-70.0,-35.0,90,17.61010197063131,17.53465797131508
-70.0,-30.0,-90,17.91426235008833,17.87628925798499
-70.0,-30.0,0,17.914256716723273,17.87628208506892
-70.0,-30.0,90,17.914242211088506,17.876266925086476
-70.0,-25.0,-90,18.18995517279241,18.177263966657268
-70.0,-25.0,0,18.189950473771653,18.177258360212996
-70.0,-25.0,90,18.189937036953737,18.177244527984545
-70.0,-20.0,-90,18.43642418420277,18.43561504203224
-70.0,-20.0,0,18.436420453704724,18.43561107874764
-70.0,-20.0,90,18.43640810222302,18.435598623982283
-70.0,-15.0,-90,18.652986225433008,18.649697062954598
-70.0,-15.0,0,18.65298349392061,18.649694806619035
-70.0,-15.0,90,18.652972241515915,18.649683767517942
-70.0,-10.0,-90,18.839050265117763,18.818220227068416
-70.0,-10.0,0,18.839048559506228,18.81821972843297
-70.0,-10.0,90,18.839038417160285,18.818210131285163
-70.0,-5.0,-90,18.994115010565423,18.9402570496753
-70.0,-5.0,0,18.994114354363152,18.940258346376435
-70.0,-5.0,90,18.994105330303643,18.940250205250862
-70.0,0.0,-90,19.117767057418614,19.01524668059726
-70.0,0.0,0,19.117767470846115,19.015249797150958
-70.0,0.0,90,19.117759570539913,19.015243113688825
-70.0,5.0,-90,19.209679480627308,19.04299669486347
-70.0,5.0,0,19.209680980718097,19.04300164273561
-70.0,5.0,90,19.209674206854704,19.04299640604621
-70.0,10.0,-90,19.26961079262984,19.02368224011835
-70.0,10.0,0,19.269613393316536,19.023689017875903
-70.0,10.0,90,19.269607745782963,19.02368520453867
-70.0,15.0,-90,19.2974042138327,18.957842448585637
-70.0,15.0,0,19.297407926020643,18.957851042132
-70.0,15.0,90,19.297403401868554,18.957848616306947
-70.0,20.0,-90,19.29298721684423,18.846374044124513
-70.0,20.0,0,19.292992048474726,18.84638442702126
-70.0,20.0,90,19.29298864188,18.84638334066975
-70.0,25.0,-90,19.256371320328785,18.69052209535839
-70.0,25.0,0,19.25637727643321,18.690534229234625
-70.0,25.0,90,19.256374978647795,18.690534422451908
-70.0,30.0,-90,19.18765212154922,18.49186788408883
-70.0,30.0,0,19.187659204294995,18.491881719138316
-70.0,30.0,90,19.187658003590432,18.49188312059929
-70.0,35.0,-90,19.08700956932429,18.25231387437035
-70.0,35.0,0,19.087017778053248,18.252329349935778
-70.0,35.0,90,19.08701765965473,18.25233187745507
-70.0,40.0,-90,18.954708491871312,17.97406578200627
-70.0,40.0,0,18.954717823130476,17.97408282724893
-70.0,40.0,90,18.954718769140026,17.9740863884566
-70.0,45.0,-90,18.791099407469208,17.659611757350987
-70.0,45.0,0,18.791109855033667,17.659630292003445
-70.0,45.0,90,18.791111844340257,17.659634785137378
-70.0,50.0,-90,18.596619660744807,17.311698707027737
-70.0,50.0,0,18.59663121563173,17.311718642225962
-70.0,50.0,90,18.596634223805776,17.31172395704227
-70.0,55.0,-90,18.37179494443209,16.933305793838393
-70.0,55.0,0,18.3718075949045,16.933327033029045
-70.0,55.0,90,18.37181159407335,16.93333305183147
-70.0,60.0,-90,18.117241286601857,16.527615170770655
-70.0,60.0,0,18.11725501815993,16.527637610688082
-70.0,60.0,90,18.117259976860158,16.527644209477398
-70.0,65.0,-90,17.833667607736682,16.097980027508804
-70.0,65.0,0,17.833682403093714,16.09800355921496
-70.0,65.0,90,17.83368828609493,16.098010608958564
-70.0,70.0,-90,17.52187898204791,15.647890060275206
-70.0,70.0,0,17.521894821086736,15.647914570254306
-70.0,70.0,90,17.521901589180533,15.647921938275184
-70.0,75.0,-90,17.182780774889068,15.180934523589187
-70.0,75.0,0,17.182797634593648,15.18095989488675
-70.0,75.0,90,17.18280524433959,15.180967446368985
-70.0,80.0,-90,16.81738387529893,14.700763092575436
-70.0,80.0,0,16.817401729653874,14.700789205968873
-70.0,80.0,90,16.817410133072606,14.70079680557353
-70.0,85.0,-90,16.426811302517578,14.211044865248505
-70.0,85.0,0,16.42683012236609,14.211071600432907
-70.0,85.0,90,16.426839266567267,14.211079114013453
-70.0,90.0,-90,16.012306541444183,13.71542597536974
-70.0,90.0,0,16.012326294291963,13.715453212138057
-70.0,90.0,90,16.012336121021782,13.715460508537426
-70.0,95.0,-90,15.575244059039841,13.217486477911342
-70.0,95.0,0,15.575264708788339,13.21751409730227
-70.0,95.0,90,15.575275153877914,13.21752105020428
-70.0,100.0,-90,15.117142577198168,12.72069741932908
-70.0,100.0,0,15.117164083785374,12.720725304708703
-70.0,100.0,90,15.11717507647678,12.720731794504369
-65.0,-100.0,-90,11.574630807325818,10.70033222136033
-65.0,-100.0,0,11.574618029071116,10.70031618211988
-65.0,-100.0,90,11.57459257965667,10.700293500970346
-65.0,-95.0,-90,12.12334367630829,11.264387525707766
-65.0,-95.0,0,12.12333076153401,11.264370855179221
-65.0,-95.0,90,12.123305749108708,11.264347980310609
-65.0,-90.0,-90,12.666018218105714,11.837721790811099
-65.0,-90.0,0,12.666005310559168,11.837704720567322
-65.0,-90.0,90,12.665980823686066,11.837681779860498
-65.0,-85.0,-90,13.19952132000826,12.415246925152475
-65.0,-85.0,0,13.199508546677158,12.415229675010345
-65.0,-85.0,90,13.199484662038772,12.4152067956532
-65.0,-80.0,-90,13.721096066629615,12.992057762015362
-65.0,-80.0,0,13.721083540281093,12.992040540185025
-65.0,-80.0,90,13.721060324997103,12.992017848040227
-65.0,-75.0,-90,14.228299220957641,13.56343854627959
-65.0,-75.0,0,14.228287042240394,13.563421549623687
-65.0,-75.0,90,14.228264555623458,13.563399168525677
-65.0,-70.0,-90,14.71895170685287,14.124869764394694
-65.0,-70.0,0,14.718939966020006,14.12485317867991
-65.0,-70.0,90,14.718918260900761,14.124831229666446
-65.0,-65.0,-90,15.191099546680679,14.672036421004593
-65.0,-65.0,0,15.191088324993798,14.672020421084934
-65.0,-65.0,90,15.191067448718236,14.67199902157776
-65.0,-60.0,-90,15.642983100981063,15.200838108055576
-65.0,-60.0,0,15.642972471851346,15.200822857963395
-65.0,-60.0,90,15.642952467030058,15.200802120916446
-65.0,-55.0,-90,16.073012854770095,15.707400765730556
-65.0,-55.0,0,16.073002884684925,15.70738641867341
-65.0,-55.0,90,16.072983789754716,15.707366451707653
-65.0,-50.0,-90,16.47975034892793,16.188089793515005
-65.0,-50.0,0,16.479741098203732,16.188076491788948
-65.0,-50.0,90,16.47972294784724,16.18805739633209
-65.0,-45.0,-90,16.86189315099935,16.63952405766001
-65.0,-45.0,0,16.86188467439412,16.639511932496152
-65.0,-45.0,90,16.86186749985181,16.639493802943672
-65.0,-40.0,-90,17.21826299882651,17.05859030650235
-65.0,-40.0,0,17.218255346039243,17.058579477866132
-65.0,-40.0,90,17.21823917533969,17.058562400778197
-65.0,-35.0,-90,17.547796439918258,17.44245751411641
-65.0,-35.0,0,17.547789655997168,17.442448090479225
-65.0,-35.0,90,17.547774514125067,17.442432143826267
-65.0,-30.0,-90,17.849537437997764,17.78859070486662
-65.0,-30.0,0,17.84953156367508,17.788582782968444
-65.0,-30.0,90,17.84951747269165,17.7885680354363
-65.0,-25.0,-90,18.122631533973486,18.094763854193364
-65.0,-25.0,0,18.12262660594086,18.094757518813548
-65.0,-25.0,90,18.122613585067786,18.094744029177576
-65.0,-20.0,-90,18.366321238704643,18.35907150727645
-65.0,-20.0,0,18.366317289840694,18.359066831027857
-65.0,-20.0,90,18.366305355515905,18.359054647604093
-65.0,-15.0,-90,18.579942405151307,18.5799388031946
-65.0,-15.0,0,18.579939464710396,18.579935846354328
-65.0,-15.0,90,18.57992863062204,18.579925006534573
-65.0,-10.0,-90,18.762921382395042,18.756129635885053
-65.0,-10.0,0,18.76291947616457,18.756128446273205
-65.0,-10.0,90,18.762909753267945,18.7561189761498
-65.0,-5.0,-90,18.914772797178003,18.886752723758818
-65.0,-5.0,0,18.914771947610294,18.886753336674836
-65.0,-5.0,90,18.914763344131178,18.886745250760146
-65.0,0.0,-90,19.03509784282342,18.971265397005983
-65.0,0.0,0,19.035098069146773,18.971267835230496
-65.0,0.0,90,19.035090590573837,18.97126113627511
-65.0,5.0,-90,19.12358298282874,19.00947494550644
-65.0,5.0,0,19.123584301141573,19.00947921937501
-65.0,5.0,90,19.123577950209604,19.009473898288235
-65.0,10.0,-90,19.179998998746655,19.00153740106587
-65.0,10.0,0,19.180001422097675,19.001543508619587
-65.0,10.0,90,19.179996198762858,19.00153954449484
-65.0,15.0,-90,19.204200330509078,18.94795365570814
-65.0,15.0,0,19.204203868965855,18.947961582924716
-65.0,15.0,90,19.204199770373776,18.947958943172274
-65.0,20.0,-90,19.196124673159932,18.849562843284744
-65.0,20.0,0,19.196129333867713,18.849572564392517
-65.0,20.0,90,19.196126354314206,18.8495712049813
-65.0,25.0,-90,19.155792807909595,18.707532935048977
-65.0,25.0,0,19.155798595141633,18.70754441292518
-65.0,25.0,90,19.15579672602636,18.70754427873492
-65.0,30.0,-90,19.08330865824203,18.523348521476063
-65.0,30.0,0,19.0833155734423,18.523361708129446
-65.0,30.0,90,19.083314803214314,18.523362733414363
-65.0,35.0,-90,18.978859574153947,18.29879577297292
-65.0,35.0,0,18.978867615972714,18.298810610110056
-65.0,35.0,90,18.978867930066947,18.298812719074526
-65.0,40.0,-90,18.842716860109423,18.035944591847162
-65.0,40.0,0,18.842726024431663,18.0359610115204
-65.0,40.0,90,18.842727405194818,18.03596411900706
-65.0,45.0,-90,18.675236575590496,17.737127987856812
-65.0,45.0,0,18.67524685555676,17.7371459131912
-65.0,45.0,90,18.67524928216047,17.73714992548131
-65.0,50.0,-90,18.476860651904783,17.404918731027642
-65.0,50.0,0,18.47687203792353,17.404938077022674
-65.0,50.0,90,18.47687548626219,17.404942892748284
-65.0,55.0,-90,18.248118385969008,17.042103359823745
-65.0,55.0,0,18.24813086571904,17.042124034224912
-65.0,55.0,90,18.248135308288862,17.04212954539145
-65.0,60.0,-90,17.989628392074103,16.65165365236891
-65.0,60.0,0,17.989641950494786,16.6516755566025
-65.0,60.0,90,17.989647356249865,16.651681649719755
-65.0,65.0,-90,17.702101117329807,16.236695706101546
-65.0,65.0,0,17.702115736596127,16.236718736264603
-65.0,65.0,90,17.702122070776205,16.236725293582456
-65.0,70.0,-90,17.386342057073698,15.800476820656506
-65.0,70.0,0,17.386357716552062,15.800500868551987
-65.0,70.0,90,17.3863649404754,15.800507769395324
-65.0,75.0,-90,17.043255844915418,15.346330444400492
-65.0,75.0,0,17.0432725210947,15.346355398605164
-65.0,75.0,90,17.043280591907845,15.346362520799563
-65.0,80.0,-90,16.67385144072534,14.877639532198552
-65.0,80.0,0,16.673869107115884,14.877665279148188
-65.0,80.0,90,16.673877977490154,14.877672500524104
-65.0,85.0,-90,16.279248701933085,14.397798776525724
-65.0,85.0,0,16.279267328924067,14.397825201598334
-65.0,85.0,90,16.279276946685993,14.39783240155618
-65.0,90.0,-90,15.860686703036803,13.910176321899792
-65.0,90.0,0,15.860706257699196,13.910203310472928
-65.0,90.0,90,15.860716565379104,13.91021037158476
-65.0,95.0,-90,15.419534270396161,13.418075758927609
-65.0,95.0,0,15.419554716214348,13.418103197379786
-65.0,95.0,90,15.41956565049345,13.418110006994763
-65.0,100.0,-90,14.957303330600597,12.924699421967835
-65.0,100.0,0,14.957324627110252,12.92472719858709
-65.0,100.0,90,14.95733611814165,12.92473365039773
-60.0,-100.0,-90,11.52989265848547,10.593899762262323
-60.0,-100.0,0,11.52987927330917,10.59388215100407
-60.0,-100.0,90,11.52985419007643,10.593860513314231
-60.0,-95.0,-90,12.081592189774861,11.164785794974717
-60.0,-95.0,0,12.081578720443865,11.164767662195803
-60.0,-95.0,90,12.081554087243347,11.164745828609007
-60.0,-90.0,-90,12.626366533027895,11.74345301422906
-60.0,-90.0,0,12.626353118198459,11.743434588364535
-60.0,-90.0,90,12.626329021174927,11.743412682095563
-60.0,-85.0,-90,13.161184215486335,12.324949095571249
-60.0,-85.0,0,13.161170977482533,12.324930590922596
-60.0,-85.0,90,13.161147491367974,12.324908733827682
-60.0,-80.0,-90,13.6833775629067,12.904540459086247
-60.0,-80.0,0,13.683364610268889,12.904522076769728
-60.0,-80.0,90,13.68334180061694,12.90450038897963
-60.0,-75.0,-90,14.190581408625395,13.477705345697922
-60.0,-75.0,0,14.190568838193201,13.477687274505216
-60.0,-75.0,90,14.190546763061187,13.477665873928586
-60.0,-70.0,-90,14.680684945704588,14.040130513787412
-60.0,-70.0,0,14.680672844306732,14.040112930883616
-60.0,-70.0,90,14.680651555518379,14.040091932600447
-60.0,-65.0,-90,15.151794001123166,14.587711889184074
-60.0,-65.0,0,15.151782446943203,14.587694960619974
-60.0,-65.0,90,15.151761991034961,14.58767447619135
-60.0,-60.0,-90,15.602201496902332,15.116558878709064
-60.0,-60.0,0,15.602190560580874,15.116542759754072
-60.0,-60.0,90,15.602170979510124,15.116522896475322
-60.0,-55.0,-90,16.03036431203109,15.623001752122677
-60.0,-55.0,0,16.03035405755559,15.622986587439895
-60.0,-55.0,90,16.03033538922967,15.622967447562733
-60.0,-50.0,-90,16.43488513993994,16.103601379979875
-60.0,-50.0,0,16.43487562536387,16.103587303671304
-60.0,-50.0,90,16.434857904034082,16.10356898361765
-60.0,-45.0,-90,16.81449824533221,16.555160602302006
-60.0,-45.0,0,16.81448952335754,16.555147737853506
-60.0,-45.0,90,16.814472779911124,16.555130327440736
-60.0,-40.0,-90,17.16805826880642,16.974736544278716
-60.0,-40.0,0,17.1680503872566,16.97472500443325
-60.0,-40.0,90,17.168034649431537,16.974708586127697
-60.0,-35.0,-90,17.49453141863545,17.359653260726326
-60.0,-35.0,0,17.49452442084063,17.359643147311626
-60.0,-35.0,90,17.4945097133817,17.35962779552463
-60.0,-30.0,-90,17.792988537002813,17.707514164230187
-60.0,-30.0,0,17.792982462114615,17.707505567964077
-60.0,-30.0,90,17.792968806884765,17.707491348402606
-60.0,-25.0,-90,18.06259964227335,18.016213764172154
-60.0,-25.0,0,18.062594525523092,18.016206764465824
-60.0,-25.0,90,18.06258194158054,18.01619373354779
-60.0,-20.0,-90,18.302629637161214,18.283948311145238
-60.0,-20.0,0,18.302625510072566,18.283942975921825
-60.0,-20.0,90,18.302614013721577,18.28393118026477
-60.0,-15.0,-90,18.512434941032083,18.509225002076505
-60.0,-15.0,0,18.51243183159705,18.5092213876198
-60.0,-15.0,90,18.512421436418336,18.509210863610022
-60.0,-10.0,-90,18.691460857771848,18.690869455541367
-60.0,-10.0,0,18.691458790597103,18.69086760638697
-60.0,-10.0,90,18.691449507462323,18.690858379835266
-60.0,-5.0,-90,18.83923953231664,18.82803121472515
-60.0,-5.0,0,18.83923852874589,18.828031163604365
-60.0,-5.0,90,18.83923036581952,18.828023249493377
-60.0,0.0,-90,18.955388381866918,18.920187078000694
-60.0,0.0,0,18.95538846008383,18.920188845845484
-60.0,0.0,90,18.95538142281486,18.920182248172882
-60.0,5.0,-90,19.039608914150666,18.967142094936495
-60.0,5.0,0,19.039610089265967,18.967145690952137
-60.0,5.0,90,19.039604180371043,18.96714040267298
-60.0,10.0,-90,19.09168586651747,18.96902809949389
-60.0,10.0,0,19.091688150643016,18.969033521304382
-60.0,10.0,90,19.091683370082226,18.969029524375483
-60.0,15.0,-90,19.111486617434263,18.926299682923155
-60.0,15.0,0,19.1114900197464,18.92630691679311
-60.0,15.0,90,19.111486364692173,18.92630418232138
-60.0,20.0,-90,19.098960837146898,18.839727537083107
-60.0,20.0,0,19.09896536394071,18.839736558218476
-60.0,20.0,90,19.098962828740053,18.839735046714825
-60.0,25.0,-90,19.05414035771568,18.71038912522114
-60.0,25.0,0,19.054146012451383,18.710399898149923
-60.0,25.0,90,19.05414458858113,18.71039955988959
-60.0,30.0,-90,18.977139255047955,18.539656662308026
-60.0,30.0,0,18.97714603839018,18.539669141341037
-60.0,30.0,90,18.977145714404617,18.53966991683081
-60.0,35.0,-90,18.868154147584818,18.329182411540348
-60.0,35.0,0,18.86816205743522,18.329196541310854
-60.0,35.0,90,18.868162818904896,18.32919836186285
-60.0,40.0,-90,18.727464728573622,18.080881328439933
-60.0,40.0,0,18.727473760096682,18.08089704451998
-60.0,40.0,90,18.727475589536937,18.08089983293131
-60.0,45.0,-90,18.555434562010568,17.796911110122466
-60.0,45.0,0,18.55544470765219,17.796928339712437
-60.0,45.0,90,18.555447584439193,17.796932011049094
-60.0,50.0,-90,18.352512187068974,17.479649736059596
-60.0,50.0,0,18.35252343656682,17.47966839874642
-60.0,50.0,90,18.352527336838506,17.479672861228998
-60.0,55.0,-90,18.119232592951203,17.13167061963609
-60.0,55.0,0,18.119244933335303,17.13169062821403
-60.0,55.0,90,18.119249829873752,17.13169578420173
-60.0,60.0,-90,17.856219146600136,16.755715529015944
-60.0,60.0,0,17.85623256218148,16.755736790362445
-60.0,60.0,90,17.8562384242724,16.755742537430354
-60.0,65.0,-90,17.56418608080946,16.35466548373829
-60.0,65.0,0,17.56420055315354,16.35468789973548
-60.0,65.0,90,17.564207346417554,16.354694131838276
-60.0,70.0,-90,17.24394168155007,15.931509892991903
-60.0,70.0,0,17.243957189431125,15.93153336148218
-60.0,70.0,90,17.24396487562006,15.931539970194972
-60.0,75.0,-90,16.896392352807872,15.48931427602231
-60.0,75.0,0,16.896408872138352,15.489338691783841
-60.0,75.0,90,16.896417408888137,15.48934556760771
-60.0,80.0,-90,16.522547787543957,15.031186998266932
-60.0,80.0,0,16.52256529127167,15.031212253991683
-60.0,80.0,90,16.522574631801422,15.031219287707442
-60.0,85.0,-90,16.123527537975118,14.560245572294384
-60.0,85.0,0,16.123545995938287,14.560271559547317
-60.0,85.0,90,16.12355608868231,14.560278643596135
-60.0,90.0,-90,15.700569361698445,14.079583213758173
-60.0,90.0,0,15.700588740425617,14.07960982389161
-60.0,90.0,90,15.700599528581913,14.079616853755065
-60.0,95.0,-90,15.25503982800124,13.592236511633448
-60.0,95.0,0,15.255060090438553,13.592263636624915
-60.0,95.0,90,15.255071511413156,13.592270512169984
-60.0,100.0,-90,14.788447808299978,13.101155269307851
-60.0,100.0,0,14.788468913442681,13.101182802482956
-60.0,100.0,90,14.78848089816395,13.10118942922951
-55.0,-100.0,-90,11.505652100798038,10.535209286640546
-55.0,-100.0,0,11.505638146520072,10.535190209586013
-55.0,-100.0,90,11.505613443586693,10.535169599516292
-55.0,-95.0,-90,12.059573386335396,11.111385189490823
-55.0,-95.0,0,12.059559401958333,11.111365718564363
-55.0,-95.0,90,12.059535162635411,11.11134492466794
-55.0,-90.0,-90,12.605655061838906,11.693426053133313
-55.0,-90.0,0,12.605641180443806,11.69340640862297
-55.0,-90.0,90,12.60561748835265,11.69338554844978
-55.0,-85.0,-90,13.140974436084266,12.276595897313074
-55.0,-85.0,0,13.14096077498172,12.276576283798907
-55.0,-85.0,90,13.14093770283999,12.276555472881986
-55.0,-80.0,-90,13.662958120329515,12.85640238850697
-55.0,-80.0,0,13.662944783579139,12.856382996497562
-55.0,-80.0,90,13.662922395333732,12.856362348255082
-55.0,-75.0,-90,14.169322649456472,13.428578101215788
-55.0,-75.0,0,14.169309729902896,13.428559108496579
-55.0,-75.0,90,14.169288082326753,13.428538733944697
-55.0,-70.0,-90,14.658028175739052,13.989068599827592
-55.0,-70.0,0,14.6580157566487,13.989050172502111
-55.0,-70.0,90,14.657994900534272,13.989030179814844
-55.0,-65.0,-90,15.127242403309795,14.534026760507256
-55.0,-65.0,0,15.127230559683946,14.534009053750934
-55.0,-65.0,90,15.12721054073432,14.533989547705207
-55.0,-60.0,-90,15.575312491870019,15.059812369040285
-55.0,-60.0,0,15.575301291497953,15.05979552760425
-55.0,-60.0,90,15.575282150991644,15.059776608945725
-55.0,-55.0,-90,16.000743144758868,15.562995918305322
-55.0,-55.0,0,16.00073264906349,15.562980076813691
-55.0,-55.0,90,16.00071442434963,15.562961841574724
-55.0,-50.0,-90,16.402179494550538,16.04036555713495
-55.0,-50.0,0,16.402169759268723,16.04035084021884
-55.0,-50.0,90,16.402152484134817,16.040333379015383
-55.0,-45.0,-90,16.778393714692715,16.488936234950778
-55.0,-45.0,0,16.77838479042403,16.488922757258972
-55.0,-45.0,90,16.77836849536779,16.488906154588864
-55.0,-40.0,-90,17.128274531079487,16.905960202113047
-55.0,-40.0,0,17.128266463730146,16.905948068234828
-55.0,-40.0,90,17.128251176158784,16.905932401796235
-55.0,-35.0,-90,17.450818996557317,17.288938142996244
-55.0,-35.0,0,17.45081182770046,17.28892744732714
-55.0,-35.0,90,17.450797572075036,17.288912787372677
-55.0,-30.0,-90,17.745126036454888,17.635630327436505
-55.0,-30.0,0,17.745119803624103,17.635621154013116
-55.0,-30.0,90,17.745106601562053,17.63560756275258
-55.0,-25.0,-90,18.01039138444964,17.944067262659495
-55.0,-25.0,0,18.01038612137904,17.944059684985692
-55.0,-25.0,90,18.010373991724684,17.944047216048137
-55.0,-20.0,-90,18.24590361348249,18.21255941154916
-55.0,-20.0,0,18.24589935030385,18.212553492432125
-55.0,-20.0,90,18.245888309174457,18.212542190396245
-55.0,-15.0,-90,18.451041032246046,18.439705615114516
-55.0,-15.0,0,18.4510377956516,18.439701406526073
-55.0,-15.0,90,18.451027856464425,18.4396913065263
-55.0,-10.0,-90,18.625269268775835,18.624399918798314
-55.0,-10.0,0,18.625267082153307,18.62439746177439
-55.0,-10.0,90,18.625258255637878,18.624388589188918
-55.0,-5.0,-90,18.768139402500914,18.765836555512397
-55.0,-5.0,0,18.768138286046202,18.765835880100884
-55.0,-5.0,90,18.76813058024492,18.7658282503267
-55.0,0.0,-90,18.879286537521214,18.863512884545898
-55.0,0.0,0,18.879286508333063,18.863514009811343
-55.0,0.0,90,18.87927992859233,18.86350762813035
-55.0,5.0,-90,18.958428734978703,18.91723012616345
-55.0,5.0,0,18.958429807138653,18.91723306025516
-55.0,5.0,90,18.9584243560921,18.91722792179467
-55.0,10.0,-90,19.00536624279465,18.927091767987744
-55.0,10.0,0,19.00536842743502,18.927096508276087
-55.0,10.0,90,19.0053641049798,18.927092598066267
-55.0,15.0,-90,19.019980978015532,18.893499552176195
-55.0,15.0,0,19.019984283377436,18.893506085460768
-55.0,15.0,90,19.019981086644176,18.893503378590637
-55.0,20.0,-90,19.00223623154517,18.817146982860496
-55.0,20.0,0,19.002240663028193,18.817155285652174
-55.0,20.0,90,19.002238586344554,18.81715374752532
-55.0,25.0,-90,18.95217657796109,18.699010322150382
-55.0,25.0,0,18.952182138165668,18.69902036102819
-55.0,25.0,90,18.952181173013308,18.6990199477185
-55.0,30.0,-90,18.869927985120245,18.54033707101174
-55.0,30.0,0,18.869934673883446,18.54034880305417
-55.0,30.0,90,18.869934808847614,18.540349461761213
-55.0,35.0,-90,18.75569812998859,18.34263195934296
-55.0,35.0,0,18.755705944413602,18.342645332632255
-55.0,35.0,90,18.7557071651242,18.34264700223512
-55.0,40.0,-90,18.609776939196102,18.107640498498743
-55.0,40.0,0,18.60978587367526,18.107655452695408
-55.0,40.0,90,18.60978816273783,18.107658064403047
-55.0,45.0,-90,18.432537385863263,17.837330180379904
-55.0,45.0,0,18.432547432094143,17.837346647363425
-55.0,45.0,90,18.43255076900859,17.837350125458496
-55.0,50.0,-90,18.224436588977607,17.533869441228134
-55.0,50.0,0,18.22444773597102,17.53388734579863
-55.0,50.0,90,18.224452097035403,17.533891608470608
-55.0,55.0,-90,17.98601727885396,17.19960454685906
-55.0,55.0,0,17.986029512932376,17.199623807492994
-55.0,55.0,90,17.986034871128236,17.19962876775516
-55.0,60.0,-90,17.717909713012066,16.837034600902214
-55.0,60.0,0,17.717923017796018,16.83705513055366
-55.0,60.0,90,17.717929342650912,16.83706069723666
-55.0,65.0,-90,17.420834152437653,16.448784930616405
-55.0,65.0,0,17.420848508817073,16.448806637553474
-55.0,65.0,90,17.420855766238798,16.44881271636611
-55.0,70.0,-90,17.095604040317625,16.037579168177604
-55.0,70.0,0,17.095619426403708,16.03760195684124
-55.0,70.0,90,17.09562757847938,16.03760845148681
-55.0,75.0,-90,16.74313006611526,15.606210421337883
-55.0,75.0,0,16.743146457167168,15.606234193207673
-55.0,75.0,90,16.743155461918512,15.606241006540797
-55.0,80.0,-90,16.364425350113628,15.157512018440043
-55.0,80.0,0,16.364442718432443,15.157536672888318
-55.0,80.0,90,16.36445252951644,15.157543708093797
-55.0,85.0,-90,15.960612051034602,14.694328421235342
-55.0,85.0,0,15.960630365814273,14.694353856347206
-55.0,85.0,90,15.960640932155576,14.694361018117863
-55.0,90.0,-90,15.53292978693894,14.21948702669128
-55.0,90.0,0,15.532949014060838,14.21951314002345
-55.0,90.0,90,15.532960279398699,14.219520335709088
-55.0,95.0,-90,15.082746373728481,13.735771727129187
-55.0,95.0,0,15.08276647548142,13.73579841637535
-55.0,95.0,90,15.082778377809518,13.735805557069165
-55.0,100.0,-90,14.61157153444357,13.245899266495213
-55.0,100.0,0,14.611592469145243,13.245926430019145
-55.0,100.0,90,14.611604940016955,13.245933431541944
-50.0,-100.0,-90,11.502223467227713,10.526849309976246
-50.0,-100.0,0,11.502208989463313,10.526828941681746
-50.0,-100.0,90,11.502184676369884,10.526809299051166
-50.0,-95.0,-90,12.057563130433511,11.106479526997717
-50.0,-95.0,0,12.057548677330283,11.106458902816039
-50.0,-95.0,90,12.057524841888977,11.106439103306771
-50.0,-90.0,-90,12.604134951647556,11.689732878459331
-50.0,-90.0,0,12.604120650376675,11.68971220622608
-50.0,-90.0,90,12.604097373629767,11.689692360978981
-50.0,-85.0,-90,13.139129579380443,12.272155896436535
-50.0,-85.0,0,13.139115542015594,12.272135367579192
-50.0,-85.0,90,13.139092894637065,12.272115585062423
-50.0,-80.0,-90,13.66007087148356,12.849552439802157
-50.0,-80.0,0,13.660057197455842,12.84953223148232
-50.0,-80.0,90,13.660035241768508,12.849512617654456
-50.0,-75.0,-90,14.164759017196438,13.417955644840985
-50.0,-75.0,0,14.164745795258563,13.417935921636829
-50.0,-75.0,90,14.164724586737412,13.417916579866407
-50.0,-70.0,-90,14.651226462314106,13.973609384637479
-50.0,-70.0,0,14.65121377210696,13.973590299805544
-50.0,-70.0,90,14.651193360498695,13.973571330599356
-50.0,-65.0,-90,15.117703760108332,14.512957766331157
-50.0,-65.0,0,15.117691673409555,14.51293946270704
-50.0,-65.0,90,15.11767210356609,14.512920963296159
-50.0,-60.0,-90,15.562593084739966,15.03264110128968
-50.0,-60.0,0,15.562581666459893,15.032623711891505
-50.0,-60.0,90,15.562562978958573,15.032605775717856
-50.0,-55.0,-90,15.984447653442253,15.529496875552912
-50.0,-55.0,0,15.984436962419874,15.529480523948376
-50.0,-55.0,90,15.98441919402437,15.52946324008801
-50.0,-50.0,-90,16.38195570902693,16.000564415492292
-50.0,-50.0,0,16.3819457986676,16.00054921598349
-50.0,-50.0,90,16.3819289826695,16.00053266853651
-50.0,-45.0,-90,16.753928029212563,16.44309212928063
-50.0,-45.0,0,16.753918948000464,16.443078186953414
-50.0,-45.0,90,16.753903114471104,16.44306245442518
-50.0,-40.0,-90,17.099288170962584,16.854546381445786
-50.0,-40.0,0,17.099279962873926,16.854533792123366
-50.0,-40.0,90,17.09926513884861,16.854518946817066
-50.0,-35.0,-90,17.41706484234546,17.23262121462163
-50.0,-35.0,0,17.417057547182768,17.232610064755406
-50.0,-35.0,90,17.41704375679371,17.232596172192554
-50.0,-30.0,-90,17.70638593472008,17.57524826694207
-50.0,-30.0,0,17.706379588383744,17.57523863346735
-50.0,-30.0,90,17.706366852954133,17.57522575184978
-50.0,-25.0,-90,17.96647385491538,17.880606346515215
-50.0,-25.0,0,17.966468489625154,17.880598296694576
-50.0,-25.0,90,17.966456827733456,17.880586476418973
-50.0,-20.0,-90,18.196641878720563,18.147130218767167
-50.0,-20.0,0,18.196637523197012,18.147123810040075
-50.0,-20.0,90,18.19662695071856,18.147113093274406
-50.0,-15.0,-90,18.39629130968081,18.37351824124554
-50.0,-15.0,0,18.396287989294766,18.373513521099813
-50.0,-15.0,90,18.39627851942575,18.373503941429053
-50.0,-10.0,-90,18.564909275623698,18.558738546661914
-50.0,-10.0,0,18.564907012519996,18.55873555253936
-50.0,-10.0,90,18.56489865578776,18.558727134686873
-50.0,-5.0,-90,18.702067033079516,18.702033531110022
-50.0,-5.0,0,18.702065846280053,18.702032290356506
-50.0,-5.0,90,18.702058610542608,18.70202504998596
-50.0,0.0,-90,18.807418679485693,18.802922452699224
-50.0,0.0,0,18.80741858497587,18.802922982567054
-50.0,0.0,90,18.80741247541259,18.802916926168933
-50.0,5.0,-90,18.880700196815102,18.86120198808738
-50.0,5.0,0,18.880701207616745,18.861204295796295
-50.0,5.0,90,18.880696226711763,18.86119942066204
-50.0,10.0,-90,18.921728769594207,18.876944632062198
-50.0,10.0,0,18.921730895827466,18.87694871492347
-50.0,10.0,90,18.921727043346632,18.876945009209415
-50.0,15.0,-90,18.930402336390205,18.850494859633237
-50.0,15.0,0,18.930405585326383,18.85050070524007
-50.0,15.0,90,18.93040285828819,18.8504981481225
-50.0,20.0,-90,18.906699347704613,18.782463002100048
-50.0,20.0,0,18.90670372381123,18.78247058858596
-50.0,20.0,90,18.906702116451775,18.78246915050787
-50.0,25.0,-90,18.850678715605806,18.673716819178292
-50.0,25.0,0,18.85068422058503,18.673726115543996
-50.0,25.0,90,18.85068372431658,18.67372575855322
-50.0,30.0,-90,18.76247995204329,18.525370779348922
-50.0,30.0,0,18.76248658486415,18.525381745856997
-50.0,30.0,90,18.762487188226643,18.525382424034603
-50.0,35.0,-90,18.642323504234245,18.338773090985992
-50.0,35.0,0,18.642331261158947,18.33878567962131
-50.0,35.0,90,18.64233294976314,18.33878733959816
-50.0,40.0,-90,18.49051130740765,18.115490558382348
-50.0,40.0,0,18.49052018201172,18.115504713375067
-50.0,40.0,90,18.490522938472463,18.115507294933504
-50.0,45.0,-90,18.307427588175972,17.857291370463486
-50.0,45.0,0,18.307437571361596,17.857307028870103
-50.0,45.0,90,18.30744137521895,17.857310465626576
-50.0,50.0,-90,18.093539966602513,17.566125966789194
-50.0,50.0,0,18.093551046603977,17.5661430591257
-50.0,50.0,90,18.093555874229533,17.566147279288806
-50.0,55.0,-90,17.849400922505012,17.24410616654483
-50.0,55.0,0,17.849413084884457,17.244124617464518
-50.0,55.0,90,17.849418909369213,17.24412954466152
-50.0,60.0,-90,17.575649712747126,16.893482792910852
-50.0,60.0,0,17.57566294037834,16.89350252191757
-50.0,60.0,90,17.57566973139772,16.89350807608066
-50.0,65.0,-90,17.273014852575535,16.516622078901943
-50.0,65.0,0,17.273029125612332,16.51664300108773
-50.0,65.0,90,17.273036849262777,16.516649099389237
-50.0,70.0,-90,16.942317307218804,16.115981203044218
-50.0,70.0,0,16.942332603043628,16.116003229837798
-50.0,70.0,90,16.942341221643645,16.116009787661206
-50.0,75.0,-90,16.584474582286,15.694083375762018
-50.0,75.0,0,16.584490875432795,15.694106415672131
-50.0,75.0,90,16.584500347279622,15.694113347602975
-50.0,80.0,-90,16.20050595604316,15.253492981770073
-50.0,80.0,0,16.20052321808658,15.253516941104499
-50.0,80.0,90,16.200533497157295,15.253524161921977
-50.0,85.0,-90,15.79153916746066,14.79679138177177
-50.0,85.0,0,15.791557366861053,14.796816165309195
-50.0,85.0,90,15.791568402443877,14.796823590955674
-50.0,90.0,-90,15.358818966394848,14.326554089880855
-50.0,90.0,0,15.358838068285017,14.326579601468307
-50.0,90.0,90,15.358849804522892,14.326587149969965
-50.0,95.0,-90,14.903718053495362,13.845330172692963
-50.0,95.0,0,14.903738019390206,13.845356315736659
-50.0,95.0,90,14.903750394713795,13.845363908043831
-50.0,100.0,-90,14.427751096684478,13.355624862719903
-50.0,100.0,0,14.42777188408826,13.355651540530975
-50.0,100.0,90,14.427784830509367,13.355659101242255
-45.0,-100.0,-90,11.51965139921294,10.569192365945279
-45.0,-100.0,0,11.519636450459709,10.569170939203387
-45.0,-100.0,90,11.519612531716723,10.569152160754907
-45.0,-95.0,-90,12.075586692427942,11.150281320149395
-45.0,-95.0,0,12.075571822846909,11.15025977795089
-45.0,-95.0,90,12.075548396237716,11.150240884477334
-45.0,-90.0,-90,12.621824689844376,11.732529069778202
-45.0,-90.0,0,12.621810020519517,11.732507604311559
-45.0,-90.0,90,12.621787164493082,11.732488700092057
-45.0,-85.0,-90,13.155671395290305,12.31181110043726
-45.0,-85.0,0,13.15565703296421,12.311789887584823
-45.0,-85.0,90,13.155634816148378,12.311771073569602
-45.0,-80.0,-90,13.674748873947205,12.884264095470316
-45.0,-80.0,0,13.674734913380755,12.884243297243964
-45.0,-80.0,90,13.674713396473885,12.884224671460432
-45.0,-75.0,-90,14.176941342426792,13.446251444821685
-45.0,-75.0,0,14.176927868271141,13.446231211218294
-45.0,-75.0,90,14.176907105446857,13.446212868888775
-45.0,-70.0,-90,14.660353618540274,13.994340152953727
-45.0,-70.0,0,14.660340706819744,13.99432062331884
-45.0,-70.0,90,14.660320746770132,13.9943026567561
-45.0,-65.0,-90,15.123279069997608,14.525286948888319
-45.0,-65.0,0,15.12326678928493,14.525268252878236
-45.0,-65.0,90,15.123247675995488,14.525250751216399
-45.0,-60.0,-90,15.5641748473323,15.036031587050815
-45.0,-60.0,0,15.564163259681662,15.036013845275496
-45.0,-60.0,90,15.564145033006833,15.035996894084587
-45.0,-55.0,-90,15.981642704553131,15.523695598985313
-45.0,-55.0,0,15.98163186624281,15.52367892340352
-45.0,-55.0,90,15.98161456233295,15.523662604227086
-45.0,-50.0,-90,16.374414114208037,15.985585035536992
-45.0,-50.0,0,16.374404076333246,15.985569529663815
-45.0,-50.0,90,16.374387727950502,15.98555391951178
-45.0,-45.0,-90,16.741338692092217,16.41919599342712
-45.0,-45.0,0,16.741329501039953,16.41918175240363
-45.0,-45.0,90,16.741314137790706,16.419166923226236
-45.0,-40.0,-90,17.081375180968042,16.822221938293534
-45.0,-40.0,0,17.08136687879878,16.82220904885948
-45.0,-40.0,90,17.08135252730329,16.822195067023383
-45.0,-35.0,-90,17.39358441972991,17.1925620177539
-45.0,-35.0,0,17.393577044485564,17.192550558156807
-45.0,-35.0,90,17.39356372850005,17.19253748394038
-45.0,-30.0,-90,17.677123858344917,17.528329706766897
-45.0,-30.0,0,17.67711744429832,17.528319746634885
-45.0,-30.0,90,17.67710518480101,17.528307633756665
-45.0,-25.0,-90,17.931243280388003,17.827861248769327
-45.0,-25.0,0,17.931237858245918,17.82785284896984
-45.0,-25.0,90,17.931226673495512,17.827841744161407
-45.0,-20.0,-90,18.155281472230747,18.089723454973246
-45.0,-20.0,0,18.155277069299736,18.089716667475745
-45.0,-20.0,90,18.155266974872887,18.089706610108482
-45.0,-15.0,-90,18.348663637066643,18.312720505441753
-45.0,-15.0,0,18.348660277389442,18.312715373199154
-45.0,-15.0,90,18.348651286201946,18.312706394972267
-45.0,-10.0,-90,18.51089939754581,18.495899462999116
-45.0,-10.0,0,18.510897102013985,18.49589601985968
-45.0,-10.0,90,18.51088922432931,18.495888144555828
-45.0,-5.0,-90,18.64158126627337,18.638554267819675
-45.0,-5.0,0,18.64158005272101,18.638552538478926
-45.0,-5.0,90,18.64157329614888,18.638545781792207
-45.0,0.0,-90,18.74038349136703,18.740228029199734
-45.0,0.0,0,18.740383374649195,18.740228029199734
-45.0,0.0,90,18.740377744135994,18.74022239863986
-45.0,5.0,-90,18.80706120660882,18.800713473552786
-45.0,5.0,0,18.80706219866764,18.800715209334502
-45.0,5.0,90,18.807057696480058,18.800710704209948
-45.0,10.0,-90,18.84144983394338,18.820051445683628
-45.0,10.0,0,18.841451943864097,18.82005491469634
-45.0,10.0,90,18.84144856956675,18.820051526178332
-45.0,15.0,-90,18.843464701319906,18.79852739518849
-45.0,15.0,0,18.843467935378612,18.79853258605898
-45.0,15.0,90,18.843465685806002,18.798530297327215
-45.0,20.0,-90,18.813100852061513,18.73666581247155
-45.0,20.0,0,18.813105213765812,18.73667270523437
-45.0,20.0,90,18.813104082988556,18.736671491704513
-45.0,25.0,-90,18.75043303383054,18.63522261028558
-45.0,25.0,0,18.750438523954028,18.635231176674385
-45.0,25.0,90,18.750438503239028,18.635231006306576
-45.0,30.0,-90,18.655615866498138,18.495175477720842
-45.0,30.0,0,18.65562248310915,18.49518568151972
-45.0,30.0,90,18.65562356087278,18.495186515206186
-45.0,35.0,-90,18.52888419942862,18.317712264959056
-45.0,35.0,0,18.528891937913322,18.317724062411447
-45.0,35.0,90,18.528894099666516,18.31772585444054
-45.0,40.0,-90,18.370553680459388,18.104217489642867
-45.0,40.0,0,18.37056253353894,18.104230829914364
-45.0,40.0,90,18.370565761822444,18.10423352850711
-45.0,45.0,-90,18.181021571843452,17.856257090172747
-45.0,45.0,0,18.18103152958447,17.856271915863008
-45.0,45.0,90,18.181035803892087,17.85627546377717
-45.0,50.0,-90,17.960767863364033,17.575561588466915
-45.0,50.0,0,17.960778913181134,17.5755778361642
-45.0,50.0,90,17.960784209868105,17.575582171359496
-45.0,55.0,-90,17.710356750621415,17.264007865607198
-45.0,55.0,0,17.71036887727005,17.264025466477804
-45.0,55.0,90,17.710375169443,17.264030522834535
-45.0,60.0,-90,17.430438568246224,16.92359979933405
-45.0,60.0,0,17.430451753803215,16.923618679737057
-45.0,60.0,90,17.43045901118704,16.923624387818577
-45.0,65.0,-90,17.12175229494251,16.556448063633223
-45.0,65.0,0,17.12176651877089,16.556468145749154
-45.0,65.0,90,17.121774707546887,16.556474433596946
-45.0,70.0,-90,16.78512878168246,16.164749448877142
-45.0,70.0,0,16.785144020375867,16.16477065133687
-45.0,70.0,90,16.78515310298385,16.164777445284688
-45.0,75.0,-90,16.421494898540168,15.750766127473968
-45.0,75.0,0,16.4215111258407,15.750788365971763
-45.0,75.0,90,16.421521060735895,15.750795591462982
-45.0,80.0,-90,16.031878852869422,15.31680536621864
-45.0,80.0,0,16.03189603955056,15.316828554090197
-45.0,80.0,90,16.031906780903682,15.316836136479818
-45.0,85.0,-90,15.617417006218654,14.86520027420234
-45.0,85.0,0,15.617435119922302,14.865224322945151
-45.0,85.0,90,15.617446617248001,14.865232188264859
-45.0,90.0,-90,15.17936261544948,14.398292276134699
-45.0,90.0,0,15.179381620462339,14.398317095843932
-45.0,90.0,90,15.179393818157166,14.398325171505286
-45.0,95.0,-90,14.71909705286336,13.918416117505805
-45.0,95.0,0,14.719116909812765,13.918441617193848
-45.0,95.0,90,14.719129746578599,13.918449832601071
-45.0,100.0,-90,14.238144231147192,13.427888342816177
-45.0,100.0,0,14.238164896589806,13.42791443057775
-45.0,100.0,90,14.23817830471188,13.427922717617584
-40.0,-100.0,-90,11.557709449464602,10.66036142680309
-40.0,-100.0,0,11.557694087970223,10.660339217160594
-40.0,-100.0,90,11.557670562759693,10.660321161701773
-40.0,-95.0,-90,12.11341800969195,11.240903767711142
-40.0,-95.0,0,12.113402780753766,11.240881578297767
-40.0,-95.0,90,12.113379762615324,11.240863463766173
-40.0,-90.0,-90,12.658509598011527,11.820021436186519
-40.0,-90.0,0,12.658494616603814,11.819999441645182
-40.0,-90.0,90,12.658472181410646,11.819981365319746
-40.0,-85.0,-90,13.190405227449183,12.393943367710435
-40.0,-85.0,0,13.19039059501346,12.393921727103193
-40.0,-85.0,90,13.19036880936397,12.393903782281642
-40.0,-80.0,-90,13.706824312068694,12.95915626710559
-40.0,-80.0,0,13.706810118753978,12.95913512644292
-40.0,-80.0,90,13.70678904173246,12.959117403063566
-40.0,-75.0,-90,14.205734056428184,13.51236640688851
-40.0,-75.0,0,14.205720382855606,13.512345901017014
-40.0,-75.0,90,14.205700067336227,13.512328485959838
-40.0,-70.0,-90,14.685310621072706,14.050473824614091
-40.0,-70.0,0,14.685297539725322,14.05045407858502
-40.0,-70.0,90,14.685278033338559,14.050437055728557
-40.0,-65.0,-90,15.143909274388102,14.57055624008704
-40.0,-65.0,0,15.14389685070722,14.570537370114334
-40.0,-65.0,90,15.143878196556647,14.570520820211808
-40.0,-60.0,-90,15.58004139858214,15.069860423711802
-40.0,-60.0,0,15.58002969183421,15.06984253781128
-40.0,-60.0,90,15.580011929028148,15.069826538237452
-40.0,-55.0,-90,15.992356731485826,15.545799149295929
-40.0,-55.0,0,15.992345795450019,15.545782347681028
-40.0,-55.0,90,15.992328959495465,15.545766972091023
-40.0,-50.0,-90,16.379629618894942,15.995952217762108
-40.0,-50.0,0,16.37961950241035,15.995936593057387
-40.0,-50.0,90,16.37960362550401,15.995921910990518
-40.0,-45.0,-90,16.740748349311495,16.4180703325052
-40.0,-45.0,0,16.740739096714154,16.418055969826902
-40.0,-45.0,90,16.74072420795629,16.418042046281936
-40.0,-40.0,-90,17.074706866429988,16.81008084582392
-40.0,-40.0,0,17.074698517903247,16.81006782276732
-40.0,-40.0,90,17.07468464345344,16.81005471777044
-40.0,-35.0,-90,17.3805983226066,17.17009458697731
-40.0,-35.0,0,17.38059091446308,17.17008297354272
-40.0,-35.0,90,17.380578077652068,17.170070741725393
-40.0,-30.0,-90,17.65761006287631,17.496413134830277
-40.0,-30.0,0,17.657603627785814,17.49640299331354
-40.0,-30.0,90,17.65759184919395,17.49639168351416
-40.0,-25.0,-90,17.905019724470918,17.78753601986871
-40.0,-25.0,0,17.905014291645383,17.78752740473698
-40.0,-25.0,90,17.905003589155733,17.787517059637658
-40.0,-20.0,-90,18.122192209186185,18.042167438411663
-40.0,-20.0,0,18.122187804530554,18.042160396181163
-40.0,-20.0,90,18.12217819336255,18.042151051988935
-40.0,-15.0,-90,18.30857734125301,18.259222141635338
-40.0,-15.0,0,18.308573987488998,18.259216710764722
-40.0,-15.0,90,18.308565480217066,18.259208396944572
-40.0,-10.0,-90,18.463708065964926,18.437830227894555
-40.0,-10.0,0,18.463705782733058,18.437826438704647
-40.0,-10.0,90,18.463698389293615,18.43781917777039
-40.0,-5.0,-90,18.5871990774549,18.57734062216311
-40.0,-5.0,0,18.587197881399277,18.577338496791633
-40.0,-5.0,90,18.587191609088467,18.577332304159334
-40.0,0.0,-90,18.678745790128847,18.677323073836792
-40.0,0.0,0,18.678745694967972,18.67732262623469
-40.0,0.0,90,18.678740548431914,18.677317510142235
-40.0,5.0,-90,18.738123589178663,18.737568545686262
-40.0,5.0,0,18.73812460576508,18.73756978166068
-40.0,5.0,90,18.73812058698377,18.737565743155915
-40.0,10.0,-90,18.765187312709497,18.75808790400388
-40.0,10.0,0,18.76518944908025,18.75809082131117
-40.0,10.0,90,18.76518655734586,18.758087854310304
-40.0,15.0,-90,18.75987093240822,18.73910885422253
-40.0,15.0,0,18.75987419382778,18.73911344271357
-40.0,15.0,90,18.759872425717557,18.73911153413025
-40.0,20.0,-90,18.722187412218794,18.681071098519787
-40.0,20.0,0,18.722191801215487,18.681077340338298
-40.0,20.0,90,18.722191150559237,18.681076470283216
-40.0,25.0,-90,18.65222873589754,18.584619723014676
-40.0,25.0,0,18.652234252294246,18.584627592848403
-40.0,25.0,90,18.65223471013586,18.58462773489802
-40.0,30.0,-90,18.5501661052298,18.45059685286129
-40.0,30.0,0,18.550172746169295,18.45060631824438
-40.0,30.0,90,18.55017430072152,18.450607439776654
-40.0,35.0,-90,18.4162503216955,18.280031644520225
-40.0,35.0,0,18.41625808166037,18.28004266618423
-40.0,35.0,90,18.416260718251507,18.280044728778037
-40.0,40.0,-90,18.25081237607649,18.074128716390756
-40.0,40.0,0,18.25082124690323,18.074141248660283
-40.0,40.0,90,18.2508249479141,18.074144208554326
-40.0,45.0,-90,18.0542642835607,17.83425515245826
-40.0,45.0,0,18.054274254447186,17.834269143686246
-40.0,45.0,90,18.054278999236033,17.83427295229198
-40.0,50.0,-90,17.82710021707858,17.561926249324358
-40.0,50.0,0,17.82711127458351,17.56194164236041
-40.0,50.0,90,17.827117039396004,17.561946246822295
-40.0,55.0,-90,17.5698980098354,17.258790215666362
-40.0,55.0,0,17.569910137867762,17.25880694835031
-40.0,55.0,90,17.56991689572835,17.258812292145446
-40.0,60.0,-90,17.28332112045305,16.92661207562798
-40.0,60.0,0,17.283334300249006,16.926630081299074
-40.0,60.0,90,17.283342020828925,16.92663610486661
-40.0,65.0,-90,16.968121182329217,16.567257074803173
-40.0,65.0,0,16.968135392412613,16.56727628281364
-40.0,65.0,90,16.96814404186867,16.567282924202836
-40.0,70.0,-90,16.625141294764045,16.182673940437546
-40.0,70.0,0,16.625156510885734,16.18269427665706
-40.0,70.0,90,16.625166051662326,16.182701472180995
-40.0,75.0,-90,16.25532025976772,15.774878407569346
-40.0,75.0,0,16.25533645481713,15.774899794864638
-40.0,75.0,90,16.255346845401977,15.774907479744497
-40.0,80.0,-90,15.859698028831072,15.34593749172831
-40.0,80.0,0,15.859715172711272,15.345959850399248
-40.0,80.0,90,15.859726367332746,15.345967959381838
-40.0,85.0,-90,15.43942270314607,14.89795506863269
-40.0,85.0,0,15.439440762600725,14.897978316782714
-40.0,85.0,90,15.439452710851283,14.897986784711344
-40.0,90.0,-90,14.995759535315363,14.433059414845404
-40.0,90.0,0,14.995778473691928,14.43308346866009
-40.0,90.0,90,14.995791120057797,14.433092230976015
-40.0,95.0,-90,14.53010251924028,13.953393474221729
-40.0,95.0,0,14.530122296168413,13.953418248124057
-40.0,95.0,90,14.530135579440053,13.953427241272514
-40.0,100.0,-90,14.043989339287972,13.461108748009524
-40.0,100.0,0,14.044009910244778,13.46113415465395
-40.0,100.0,90,14.0440237627752,13.46114331636503
-35.0,-100.0,-90,11.615907133339505,10.796396774193962
-35.0,-100.0,0,11.615891421812867,10.796374081493276
-35.0,-100.0,90,11.615868283867705,10.796356578317997
-35.0,-95.0,-90,12.170586259496753,11.374518229775413
-35.0,-95.0,0,12.170570732017005,11.374495682522523
-35.0,-95.0,90,12.170548116582363,11.374478188563804
-35.0,-90.0,-90,12.713747676409566,11.948608602676257
-35.0,-90.0,0,12.713732441961659,11.948586357322807
-35.0,-90.0,90,12.71371042237501,11.948568963040987
-35.0,-85.0,-90,13.242924988424074,12.515253687124925
-35.0,-85.0,0,13.242910143290839,12.515231885665163
-35.0,-85.0,90,13.242888784149924,12.5152146769045
-35.0,-80.0,-90,13.755932533739728,13.071289119701458
-35.0,-80.0,0,13.755918163605813,13.071267892137106
-35.0,-80.0,90,13.75589752239676,13.071250950928128
-35.0,-75.0,-90,14.250818267291814,13.61376073416833
-35.0,-75.0,0,14.250804448891229,13.61374020032438
-35.0,-75.0,90,14.250784577192153,13.613723605346786
-35.0,-70.0,-90,14.725827733870053,14.139897500652413
-35.0,-70.0,0,14.725814536277753,14.139877771483414
-35.0,-70.0,90,14.725795480649651,14.139861598272471
-35.0,-65.0,-90,15.179376457017103,14.64709414320148
-35.0,-65.0,0,15.17936394266386,14.647075321703495
-35.0,-65.0,90,15.179345745310705,14.647059642666289
-35.0,-60.0,-90,15.6100287200571,15.132901089491277
-35.0,-60.0,0,15.610016945529383,15.132883271312117
-35.0,-60.0,90,15.609999644787354,15.132868155606271
-35.0,-55.0,-90,16.016481214429778,15.595019884396667
-35.0,-55.0,0,16.016470231102318,15.595003158218248
-35.0,-55.0,90,16.016453861801974,15.594988671534546
-35.0,-50.0,-90,16.39755040692043,16.031302587531616
-35.0,-50.0,0,16.397540261458342,16.03128703528276
-35.0,-50.0,90,16.39752485519196,16.03127323956455
-35.0,-45.0,-90,16.75216275928058,16.439753982668645
-35.0,-45.0,0,16.752153494039398,16.439739679614615
-35.0,-45.0,90,16.75213907935716,16.439726632739955
-35.0,-40.0,-90,17.079347144312425,16.81853566808313
-35.0,-40.0,0,17.079338797658068,16.818522682828654
-35.0,-40.0,90,17.079325400210717,16.818510438276174
-35.0,-35.0,-90,17.378228959893185,17.165971285195265
-35.0,-35.0,0,17.378221566458922,17.165959679630188
-35.0,-35.0,90,17.37820920909993,17.16594828614536
-35.0,-30.0,-90,17.6480255604124,17.480552290392957
-35.0,-30.0,0,17.648019151306038,17.480542119604028
-35.0,-30.0,90,17.648007854163033,17.480531620879443
-35.0,-25.0,-90,17.888042713955972,17.760943791325012
-35.0,-25.0,0,17.88803731692774,17.7609351034925
-35.0,-25.0,90,17.88802709745055,17.760925537873202
-35.0,-20.0,-90,18.097671860890568,18.005990061850408
-35.0,-20.0,0,18.09766750046973,18.005982898144634
-35.0,-20.0,90,18.097658373460533,18.005974298367384
-35.0,-15.0,-90,18.27638800087655,18.214719425045786
-35.0,-15.0,0,18.27638469848329,18.214713819535646
-35.0,-15.0,90,18.27637667611291,18.214706212509387
-35.0,-10.0,-90,18.423748074894757,18.38634825563803
-35.0,-10.0,0,18.4237458489323,18.386344235221156
-35.0,-10.0,90,18.423738940745768,18.386337641854347
-35.0,-5.0,-90,18.53938973966435,18.520283905294914
-35.0,-5.0,0,18.53938860559533,18.52028148965696
-35.0,-5.0,90,18.53938281850892,18.520275924736314
-35.0,0.0,-90,18.6230304561295,18.616126398914314
-35.0,0.0,0,18.62303042653971,18.61612560052327
-35.0,0.0,90,18.623025764831038,18.616121072647154
-35.0,5.0,-90,18.674466833210413,18.67366878933633
-35.0,5.0,0,18.67446791786243,18.673669613476065
-35.0,5.0,90,18.674464383154614,18.67366612504487
-35.0,10.0,-90,18.69357418405378,18.692896093248606
-35.0,10.0,0,18.693576389932222,18.692898538094585
-35.0,10.0,90,18.693573981172797,18.69289608535938
-35.0,15.0,-90,18.680306265595423,18.673982763624064
-35.0,15.0,0,18.680309596945353,18.673986820362874
-35.0,15.0,90,18.68030831038004,18.67398539353264
-35.0,20.0,-90,18.63469518418103,18.617288684743528
-35.0,20.0,0,18.634699642540436,18.6172943377367
-35.0,20.0,90,18.63469947168168,18.61729392114369
-35.0,25.0,-90,18.556851460967007,18.523353705471322
-35.0,25.0,0,18.556857045193926,18.52336093246283
-35.0,25.0,90,18.556857980783636,18.52336150478451
-35.0,30.0,-90,18.44696426145326,18.392890755612136
-35.0,30.0,0,18.44697096774781,18.39289952797785
-35.0,30.0,90,18.4469729977134,18.392901062513044
-35.0,35.0,-90,18.3053018043697,18.22677761945726
-35.0,35.0,0,18.305309626290896,18.226787902493502
-35.0,35.0,90,18.3053127356933,18.226790367489357
-35.0,40.0,-90,18.132211976850627,18.026047470568045
-35.0,40.0,0,18.132220905327404,18.026059223815356
-35.0,40.0,90,18.13222507629935,18.026062582840854
-35.0,45.0,-90,17.928123196056543,17.79187830298624
-35.0,45.0,0,17.928133219392105,17.791891480583217
-35.0,45.0,90,17.928138431064184,17.791895692943765
-35.0,50.0,-90,17.693545572929867,17.52558142697859
-35.0,50.0,0,17.693556676797783,17.525595978039465
-35.0,50.0,90,17.69356290520946,17.52560099922604
-35.0,55.0,-90,17.429072452574772,17.22858923276409
-35.0,55.0,0,17.42908462000481,17.22860510177237
-35.0,55.0,90,17.429091837996477,17.22861088393752
-35.0,60.0,-90,17.1353824290762,16.902442464200018
-35.0,60.0,0,17.135395640426967,16.902459591408956
-35.0,60.0,90,17.135403817508163,16.902466083860627
-35.0,65.0,-90,16.81324196204491,16.548777287059387
-35.0,65.0,0,16.813256194959393,16.548795608888415
-35.0,65.0,90,16.813265297147158,16.548802758591133
-35.0,70.0,-90,16.4635087599515,16.16931248452123
-35.0,70.0,0,16.463523989290337,16.16933193393553
-35.0,70.0,90,16.463533978909773,16.169339686006822
-35.0,75.0,-90,16.08713614428592,15.765837167394517
-35.0,75.0,0,16.08715234203141,15.765857674252485
-35.0,75.0,90,16.087163177468625,15.765865972440803
-35.0,80.0,-90,15.68517867265722,15.340199450517675
-35.0,80.0,0,15.68519580777884,15.340220941868377
-35.0,80.0,90,15.68520744317348,15.340229728996624
-35.0,85.0,-90,15.258799383427819,14.89429662257946
-35.0,85.0,0,15.258817421696861,14.894319022888633
-35.0,85.0,90,15.258829806557968,14.894328241245109
-35.0,90.0,-90,14.80927913654607,14.430067428189439
-35.0,90.0,0,14.809298040282673,14.430090659468345
-35.0,90.0,90,14.809311119006901,14.43010025112426
-35.0,95.0,-90,14.33802867463033,13.949487193691795
-35.0,95.0,0,14.338048402360522,13.949511175497717
-35.0,95.0,90,14.338062113625556,13.949521082527145
-35.0,100.0,-90,13.846604228140171,13.454566669118572
-35.0,100.0,0,13.846624734132442,13.454591318388774
-35.0,100.0,90,13.846639010130477,13.45460148296296
-30.0,-100.0,-90,11.693504895827573,10.971589279503274
-30.0,-100.0,0,11.693488900066138,10.971566409266472
-30.0,-100.0,90,11.69346613773591,10.971549268622725
-30.0,-95.0,-90,12.246389281324351,11.545657260853524
-30.0,-95.0,0,12.246373518576265,11.545634646891747
-30.0,-95.0,90,12.246351294749632,11.545617593430588
-30.0,-90.0,-90,12.786881415620545,12.113149688212795
-30.0,-90.0,0,12.786865989125356,12.113127469182974
-30.0,-90.0,90,12.78684437465864,12.113110587031187
-30.0,-85.0,-90,13.31262336376254,12.670994688844054
-30.0,-85.0,0,13.312608364882237,12.670972990254285
-30.0,-85.0,90,13.312587422407734,12.670956358326404
-30.0,-80.0,-90,13.821520690539511,13.216360211436857
-30.0,-80.0,0,13.821506200716495,13.2163391479418
-30.0,-80.0,90,13.821485986139736,13.216322840882212
-30.0,-75.0,-90,14.311698902842355,13.746614622104248
-30.0,-75.0,0,14.311684995125614,13.746594299184814
-30.0,-75.0,90,14.311665558731034,13.746578387964876
-30.0,-70.0,-90,14.781470232751591,14.25929943406188
-30.0,-70.0,0,14.781456972988709,14.259279949231278
-30.0,-70.0,90,14.781438360257486,14.259264501486948
-30.0,-65.0,-90,15.22930823459037,14.752111254729249
-30.0,-65.0,0,15.229295682361322,14.752092698377563
-30.0,-65.0,90,15.229277934577082,14.752077778554327
-30.0,-60.0,-90,15.653828298800331,15.222890669189763
-30.0,-60.0,0,15.653816508151532,15.222873125154656
-30.0,-60.0,90,15.653799662849048,15.22285879451146
-30.0,-55.0,-90,16.053772660915428,15.669616284417527
-30.0,-55.0,0,16.05376168093892,15.669599830349222
-30.0,-55.0,90,16.05374577223614,15.669586146861802
-30.0,-50.0,-90,16.42799883902212,16.090402551055345
-30.0,-50.0,0,16.42798871431429,16.09038725862893
-30.0,-50.0,90,16.427973773157262,16.090374276824132
-30.0,-45.0,-90,16.775470697152443,16.483500280673393
-30.0,-45.0,0,16.775461468178786,16.483486215690018
-30.0,-45.0,90,16.775447522521187,16.483473986435946
-30.0,-40.0,-90,17.09525152830535,16.847299006886235
-30.0,-40.0,0,17.095243231691676,16.84728622929581
-30.0,-40.0,90,17.09523030662511,16.847274799567696
-30.0,-35.0,-90,17.38649869695545,17.180330515570343
-30.0,-35.0,0,17.386491365721223,17.180319079441553
-30.0,-35.0,90,17.386479483568362,17.18030849207914
-30.0,-30.0,-90,17.64845949020561,17.481273006172927
-30.0,-30.0,0,17.648453153951838,17.481262959631085
-30.0,-30.0,90,17.64844233433129,17.48125325310048
-30.0,-25.0,-90,17.880467908914696,17.748955453013686
-30.0,-25.0,0,17.880462593975842,17.748946838162833
-30.0,-25.0,90,17.88045285384546,17.748938046333073
-30.0,-20.0,-90,18.08194219232978,17.982361820268412
-30.0,-20.0,0,18.0819379218972,17.982354673110827
-30.0,-20.0,90,18.081929275580965,17.982346825053593
-30.0,-15.0,-90,18.25238291720925,18.180634852727234
-30.0,-15.0,0,18.25237971143211,18.18062920309072
-30.0,-15.0,90,18.252372170634285,18.180622322909997
-30.0,-10.0,-90,18.391371548982743,18.343079220696552
-30.0,-10.0,0,18.391369425051003,18.34307509217791
-30.0,-10.0,90,18.39136299886035,18.343069198874833
-30.0,-5.0,-90,18.49856935099236,18.46916384472085
-30.0,-5.0,0,18.49856832320547,18.469161254651947
-30.0,-5.0,90,18.49856301809164,18.46915636202914
-30.0,0.0,-90,18.57371658040558,18.55852326648891
-30.0,0.0,0,18.57371666022978,18.558522225930353
-30.0,0.0,90,18.5737124800332,18.55851834253861
-30.0,5.0,-90,18.616631917569805,18.610957968120022
-30.0,5.0,0,18.616633113686188,18.61095848188598
-30.0,5.0,90,18.616630059602496,18.610955611015495
-30.0,10.0,-90,18.627212090603127,18.626433574333046
-30.0,10.0,0,18.627214408948205,18.626435641049557
-30.0,10.0,90,18.62721247950761,18.62643378076676
-30.0,15.0,-90,18.605431669836356,18.6050789018088
-30.0,15.0,0,18.605435113636318,18.605082514006856
-30.0,15.0,90,18.605434304678106,18.605081657237143
-30.0,20.0,-90,18.551343018105207,18.54718284816819
-30.0,20.0,0,18.551347587904708,18.547187992411775
-30.0,20.0,90,18.551347892546644,18.54718812706743
-30.0,25.0,-90,18.465076393495245,18.453190140055362
-30.0,25.0,0,18.46508208718121,18.45319679710361
-30.0,25.0,90,18.465083495783205,18.453197906255564
-30.0,30.0,-90,18.34684021155698,18.323695986387282
-30.0,30.0,0,18.346847024377503,18.323704131389043
-30.0,30.0,90,18.34684952449862,18.32370619348005
-30.0,35.0,-90,18.196921484813018,18.159439709401145
-30.0,35.0,0,18.19692940939115,18.15944931211907
-30.0,35.0,90,18.196932985738535,18.159452301215122
-30.0,40.0,-90,18.015686469181848,17.96129745317189
-30.0,40.0,0,18.01569549552354,17.96130847823232
-30.0,40.0,90,18.0157001298915,17.961312364308295
-30.0,45.0,-90,17.80358156043134,17.730274097276755
-30.0,45.0,0,17.803591675926597,17.730286504440542
-30.0,45.0,90,17.80359734712327,17.730291253694936
-30.0,50.0,-90,17.561134499773306,17.46749453280234
-30.0,50.0,0,17.561145689188738,17.467508277250623
-30.0,50.0,90,17.561152372947394,17.467513852443464
-30.0,55.0,-90,17.288955967247688,17.174194489582934
-30.0,55.0,0,17.288968212708333,17.17420952221062
-30.0,55.0,90,17.288975881579244,17.17421588301749
-30.0,60.0,-90,16.987741665949265,16.851711138257684
-30.0,60.0,0,16.98775494690653,16.85172740596608
-30.0,60.0,90,16.987763570124407,16.851734509339973
-30.0,65.0,-90,16.658275031168166,16.501473729524047
-30.0,65.0,0,16.658289324349663,16.50149117550233
-30.0,65.0,90,16.658298867670222,16.50149897603403
-30.0,70.0,-90,16.30143073848173,16.124994577301184
-30.0,70.0,0,16.301446017817497,16.125013141284676
-30.0,70.0,90,16.301456443315082,16.1250215915506
-30.0,75.0,-90,15.918179236899151,15.72386074437802
-30.0,75.0,0,15.918195473416823,15.723880362868845
-30.0,75.0,90,15.918206739232545,15.723889413753984
-30.0,80.0,-90,15.509592601596346,15.299726851225754
-30.0,80.0,0,15.509609763275337,15.299747457658622
-30.0,80.0,90,15.509621823302433,15.299757058640038
-30.0,85.0,-90,15.076852091418138,14.85430950475143
-30.0,85.0,0,15.076870142989542,14.854331029583808
-30.0,85.0,90,15.076882946478673,14.854341128958001
-30.0,90.0,-90,14.621257917125098,14.389383939028976
-30.0,90.0,0,14.62127681979945,14.389406309730216
-30.0,90.0,90,14.621290310861626,14.389416854764749
-30.0,95.0,-90,14.144241888162089,13.906783581564538
-30.0,95.0,0,14.144261599260776,13.906806722472629
-30.0,95.0,90,14.14427571623895,13.906817659458833
-30.0,100.0,-90,13.647383823181045,13.408403416095828
-30.0,100.0,0,13.647404295638458,13.408427248102475
-30.0,100.0,90,13.64741897031004,13.408438522281578
-25.0,-100.0,-90,11.78953589549525,11.178917471962247
-25.0,-100.0,0,11.789519683003318,11.178894719028468
-25.0,-100.0,90,11.789497279500168,11.178877743141884
-25.0,-95.0,-90,12.339912931166044,11.747610101688442
-25.0,-95.0,0,12.339896997645102,11.747587699246575
-25.0,-95.0,90,12.339875149242385,11.747570894852885
-25.0,-90.0,-90,12.87705482135466,12.307317073019979
-25.0,-90.0,0,12.877039264642248,12.307295143085186
-25.0,-90.0,90,12.877018039778099,12.307278588723273
-25.0,-85.0,-90,13.398706634965558,12.855280732857407
-25.0,-85.0,0,13.398691541816202,12.855259385626413
-25.0,-85.0,90,13.398671001195291,12.855243154091056
-25.0,-80.0,-90,13.902860496602035,13.38897275674084
-25.0,-80.0,0,13.902845944496303,13.388952092661967
-25.0,-80.0,90,13.902826142460558,13.388936252042452
-25.0,-75.0,-90,14.387715543676798,13.90605612895394
-25.0,-75.0,0,14.387701602226477,13.906036240240226
-25.0,-75.0,90,14.387682587766841,13.906020854619703
-25.0,-70.0,-90,14.851647446505403,14.404358382150713
-25.0,-70.0,0,14.851634178547993,14.404339353870299
-25.0,-70.0,90,14.851615996052649,14.404324483770877
-25.0,-65.0,-90,15.293185133185014,14.881853324053232
-25.0,-65.0,0,15.293172595639199,14.881835234900052
-25.0,-65.0,90,15.293155285447668,14.881820937538539
-25.0,-60.0,-90,15.71099295877174,15.336649130209114
-25.0,-60.0,0,15.710981203308528,15.336632053032645
-25.0,-60.0,90,15.710964802122122,15.336618382436521
-25.0,-55.0,-90,16.10385700455765,15.766981179078455
-25.0,-55.0,0,16.103846078129006,15.766965181232894
-25.0,-55.0,90,16.10383061931443,15.766952188254708
-25.0,-50.0,-90,16.4706745240928,16.171208380661138
-25.0,-50.0,0,16.470664469349636,16.171193524220428
-25.0,-50.0,90,16.470649983162808,16.171181256480157
-25.0,-45.0,-90,16.81044579734025,16.547812031500175
-25.0,-45.0,0,16.810436652964277,16.54779837337485
-25.0,-45.0,90,16.810423166714234,16.547786875153353
-25.0,-40.0,-90,17.122267835605125,16.89539644085972
-25.0,-40.0,0,17.122259636573336,16.895384032843634
-25.0,-40.0,90,17.12224717474102,16.895373344945522
-25.0,-35.0,-90,17.40532951455812,17.21269073343821
-25.0,-35.0,0,17.40532229235446,17.21267962220725
-25.0,-35.0,90,17.405310876677316,17.21266978180767
-25.0,-30.0,-90,17.65890781323876,17.49855135683373
-25.0,-30.0,0,17.658901596024233,17.498541583913966
-25.0,-30.0,90,17.658891245554944,17.498532624401083
-25.0,-25.0,-90,17.88236491247982,17.751964917240944
-25.0,-25.0,0,17.88235972522986,17.751956518960128
-25.0,-25.0,90,17.88235045637525,17.751948469782718
-25.0,-20.0,-90,18.07514596337948,17.9720510419318
-25.0,-20.0,0,18.075141827995424,17.972044049365262
-25.0,-20.0,90,18.075133654540245,17.97203693589299
-25.0,-15.0,-90,18.236777380106304,18.158065027359438
-25.0,-15.0,0,18.23677431550638,18.158059466279298
-25.0,-15.0,90,18.23676724862543,18.158053309681815
-25.0,-10.0,-90,18.366865545000003,18.3094000811708
-25.0,-10.0,0,18.3668635671941,18.309395972005294
-25.0,-10.0,90,18.366857615455153,18.309390789155007
-25.0,-5.0,-90,18.465095840242178,18.425589007902897
-25.0,-5.0,0,18.465094962393632,18.42558636571142
-25.0,-5.0,90,18.465090131753154,18.425582169113582
-25.0,0.0,-90,18.5312319412581,18.506305223791806
-25.0,0.0,0,18.5312321737352,18.506304058259598
-25.0,0.0,90,18.531228467528017,18.506300856012523
-25.0,5.0,-90,18.565115323936705,18.55136301751121
-25.0,5.0,0,18.565116674355867,18.551363332966737
-25.0,5.0,90,18.565114093279647,18.551361128753936
-25.0,10.0,-90,18.566664951843364,18.56071700195369
-25.0,10.0,0,18.566667425105397,18.560718797410516
-25.0,10.0,90,18.566665967200418,18.560717590525776
-25.0,15.0,-90,18.53587712173363,18.534460728266726
-25.0,15.0,0,18.535880720054273,18.53446399749082
-25.0,15.0,90,18.53588038067841,18.534463782896438
-25.0,20.0,-90,18.472825456579997,18.47282445795253
-25.0,20.0,0,18.472830179515405,18.472829189555057
-25.0,20.0,90,18.47283095131409,18.472829957972653
-25.0,25.0,-90,18.377661045623626,18.376172112502257
-25.0,25.0,0,18.377666890091074,18.376178290056927
-25.0,25.0,90,18.37766876296161,18.376180028089582
-25.0,30.0,-90,18.25061274123514,18.24499744324324
-25.0,30.0,0,18.25061970152899,18.24500504542658
-25.0,30.0,90,18.250622662578106,18.245007735710193
-25.0,35.0,-90,18.091987633188957,18.079919487280428
-25.0,35.0,0,18.091995700991504,18.079928488032323
-25.0,35.0,90,18.091999734484727,18.079932109413388
-25.0,40.0,-90,17.902171732941767,17.881677399059434
-25.0,40.0,0,17.902180897328172,17.88168776776051
-25.0,40.0,90,17.902185984629135,17.881692295496794
-25.0,45.0,-90,17.681630914371024,17.651124771665696
-25.0,45.0,0,17.681641161807132,17.65113647332717
-25.0,45.0,90,17.68164728130417,17.651141879306774
-25.0,50.0,-90,17.430912174038998,17.389223588092424
-25.0,50.0,0,17.43092348837021,17.389236583552844
-25.0,50.0,90,17.430930615387094,17.389242836526535
-25.0,55.0,-90,17.150645294498425,17.097037971104662
-25.0,55.0,0,17.15065765692715,17.097052217227123
-25.0,55.0,90,17.150665763613805,17.097059283047646
-25.0,60.0,-90,16.841545019871905,16.775727931976096
-25.0,60.0,0,16.8415584089203,16.775743381837927
-25.0,60.0,90,16.84156746411816,16.775751223699135
-25.0,65.0,-90,16.5044138858086,16.426543354592837
-25.0,65.0,0,16.504428277261965,16.426559957658373
-25.0,65.0,90,16.504438246337397,16.42656853632582
-25.0,70.0,-90,16.140145888487265,16.05081849399912
-25.0,70.0,0,16.140161255312247,16.050836196264193
-25.0,70.0,90,16.140172099949258,16.050845470287417
-25.0,75.0,-90,15.749731233038133,15.649967319872857
-25.0,75.0,0,15.749747545267649,15.649986063967475
-25.0,75.0,90,15.749759223209072,15.649995989862619
-25.0,80.0,-90,15.334262475297441,15.225480099080553
-25.0,80.0,0,15.334279699871654,15.225499824313076
-25.0,80.0,90,15.334292164594498,15.225510356702525
-25.0,85.0,-90,14.894942468627637,14.77892169210248
-25.0,85.0,0,14.894960569176677,14.778942334424968
-25.0,85.0,90,14.894973769483325,14.778953426118099
-25.0,90.0,-90,14.43309465846853,14.311932142291155
-25.0,90.0,0,14.433113595017549,14.311953634160446
-25.0,90.0,90,14.433127474519008,14.311965236156402
-25.0,95.0,-90,13.950176443422357,13.826230273664171
-25.0,95.0,0,13.950196171992761,13.826252543766588
-25.0,95.0,90,13.950210668452808,13.82626460515582
-25.0,100.0,-90,13.44779655945571,13.323621194608489
-25.0,100.0,0,13.447817031526766,13.323644167407164
-25.0,100.0,90,13.447832076026286,13.32365663514278
-20.0,-100.0,-90,11.902833087373713,11.410517884432412
-20.0,-100.0,0,11.902816726040339,11.410495520316514
-20.0,-100.0,90,11.902794659845314,11.410478513638383
-20.0,-95.0,-90,12.450055109477718,11.972850811252604
-20.0,-95.0,0,12.450039069724626,11.972828874357088
-20.0,-95.0,90,12.450017575859734,11.972812126152572
-20.0,-90.0,-90,12.983234615866607,12.523982958960925
-20.0,-90.0,0,12.983218990546254,12.523961556286899
-20.0,-90.0,90,12.98319813509885,12.523945140447594
-20.0,-85.0,-90,13.500213273507814,13.061433726782308
-20.0,-85.0,0,13.500198145135357,13.061412954764323
-20.0,-85.0,90,13.500177986920946,13.06139693899641
-20.0,-80.0,-90,13.999064418705899,13.58294164733246
-20.0,-80.0,0,13.999049861122012,13.582921593664516
-20.0,-80.0,90,13.999030452934665,13.582906040581511
-20.0,-75.0,-90,14.47805639520553,14.086428471181197
-20.0,-75.0,0,14.478042474864889,14.086409216156277
-20.0,-75.0,90,14.478023864400178,14.086394184046867
-20.0,-70.0,-90,14.93562467952826,14.569973410607297
-20.0,-70.0,0,14.935611456501226,14.569955028090918
-20.0,-70.0,90,14.935593687038926,14.569940571443837
-20.0,-65.0,-90,15.370350614285787,15.031795004315093
-20.0,-65.0,0,15.370338143040152,15.031777562443544
-20.0,-65.0,90,15.370321253949893,15.031763732291182
-20.0,-60.0,-90,15.780945129001424,15.47023869213678
-20.0,-60.0,0,15.780933459014888,15.470222253808455
-20.0,-60.0,90,15.78091748613073,15.470209097935696
-20.0,-55.0,-90,16.166236241800583,15.88376865542527
-20.0,-55.0,0,16.16622541804259,15.88375327863678
-20.0,-55.0,90,16.16621039394004,15.883740841690436
-20.0,-50.0,-90,16.52515944047325,16.270962824177396
-20.0,-50.0,0,16.525149503785556,16.27094856224395
-20.0,-50.0,90,16.52513545798566,16.27093688576986
-20.0,-45.0,-90,16.8567502663556,16.630510207580212
-20.0,-45.0,0,16.85674125375404,16.630497109270568
-20.0,-45.0,90,16.856728212872632,16.630486231699358
-20.0,-40.0,-90,17.160138590705266,16.961209894822495
-20.0,-40.0,0,17.160130535620013,16.961198004431953
-20.0,-40.0,90,17.16011852347571,16.96118796102996
-20.0,-35.0,-90,17.434544196608396,17.26197121559385
-20.0,-35.0,0,17.434537129075995,17.26196057297369
-20.0,-35.0,90,17.43452616676681,17.261951395771973
-20.0,-30.0,-90,17.679273371526907,17.53181465780102
-20.0,-30.0,0,17.679267318344422,17.531805298358773
-20.0,-30.0,90,17.679257424300705,17.53179701607061
-20.0,-25.0,-90,17.893716284777945,17.769873223152757
-20.0,-25.0,0,17.893711269627357,17.769865177834863
-20.0,-25.0,90,17.893702459646526,17.76985781577002
-20.0,-20.0,-90,18.077344976637825,17.975393966252526
-20.0,-20.0,0,18.0773410201868,17.975387261518318
-20.0,-20.0,90,18.077333307454204,17.97538084150076
-20.0,-15.0,-90,18.229711825821674,18.147739514637767
-20.0,-15.0,0,18.22970894580579,18.147734172432124
-20.0,-15.0,90,18.229702340904808,18.147728712726416
-20.0,-10.0,-90,18.350448393056887,18.286389409393944
-20.0,-10.0,0,18.350446604347148,18.28638544712417
-20.0,-10.0,90,18.35044111526087,18.286380962374842
-20.0,-5.0,-90,18.439264562736057,18.390941141147856
-20.0,-5.0,0,18.439263877394623,18.390938571669196
-20.0,-5.0,90,18.439259509500804,18.390935072856205
-20.0,0.0,-90,18.495947923984403,18.461110786304165
-20.0,0.0,0,18.495948351311007,18.46110961791726
-20.0,0.0,90,18.49594510737137,18.461107112329998
-20.0,5.0,-90,18.52036334825357,18.49673317472813
-20.0,5.0,0,18.520364894824343,18.49673341119071
-20.0,5.0,90,18.520362774969033,18.496731902422084
-20.0,10.0,-90,18.512452733794294,18.49776154373539
-20.0,10.0,0,18.512455403494346,18.497763184289692
-20.0,10.0,90,18.512454405201794,18.49776267225125
-20.0,15.0,-90,18.47223489888995,18.464266655020126
-20.0,15.0,0,18.472238692940614,18.464269694436688
-20.0,15.0,90,18.472238811012758,18.46427017539493
-20.0,20.0,-90,18.399805616233646,18.396435371654615
-20.0,20.0,0,18.399810533214946,18.396439800292384
-20.0,20.0,90,18.399811759747475,18.396441266925958
-20.0,25.0,-90,18.29533779090479,18.29456871204181
-20.0,25.0,0,18.295343826773376,18.294574515923724
-20.0,25.0,90,18.295346151120224,18.294576957400356
-20.0,30.0,-90,18.159081794611556,18.15907941714992
-20.0,30.0,0,18.159088942713925,18.159086578052506
-20.0,30.0,90,18.159092351444958,18.15908998012406
-20.0,35.0,-90,17.991365979790977,17.990489086945992
-20.0,35.0,0,17.991374230871518,17.990497582500655
-20.0,35.0,90,17.99137870772178,17.99050192761396
-20.0,40.0,-90,17.792597409432517,17.789424962141855
-20.0,40.0,0,17.79260675163544,17.789434765944804
-20.0,40.0,90,17.792612277443983,17.78944003336535
-20.0,45.0,-90,17.563262852858525,17.556616448717048
-20.0,45.0,0,17.5632732717223,17.556627530444096
-20.0,45.0,90,17.56327982435794,17.55663369638887
-20.0,50.0,-90,17.303930115073854,17.292891505865658
-20.0,50.0,0,17.303941593516196,17.29290383138693
-20.0,50.0,90,17.30394914778673,17.29291086916196
-20.0,55.0,-90,17.01524978886139,16.99917304390592
-20.0,55.0,0,17.015262307152064,16.99918657539475
-20.0,55.0,90,17.01527083469262,16.99919445553211
-20.0,60.0,-90,16.697957546090436,16.67647550846662
-20.0,60.0,0,16.697971081808216,16.67649020449537
-20.0,60.0,90,16.697980550943203,16.676498894883352
-20.0,65.0,-90,16.352877119775492,16.325901862513554
-20.0,65.0,0,16.35289164774445,16.325917678127823
-20.0,65.0,90,16.352902023316013,16.325927144126894
-20.0,70.0,-90,15.980924174050607,15.948641220687517
-20.0,70.0,0,15.980939666249228,15.948658107448054
-20.0,70.0,90,15.980950909403045,15.948668311983749
-20.0,75.0,-90,15.583111319192255,15.545967444005216
-20.0,75.0,0,15.583127744626685,15.545985349984601
-20.0,75.0,90,15.583139812543534,15.545996253606841
-20.0,80.0,-90,15.16055460831894,15.119239071402227
-20.0,80.0,0,15.160571932848843,15.119257941120116
-20.0,80.0,90,15.160584778406696,15.119269502016135
-20.0,85.0,-90,14.714481958555885,14.669901053669436
-20.0,85.0,0,14.71450014465731,14.6699208279461
-20.0,85.0,90,14.714513716004433,14.669933001891252
-20.0,90.0,-90,14.246244082110273,14.19948887310215
-20.0,90.0,0,14.246263088554441,14.199509488804328
-20.0,90.0,90,14.246277328567793,14.199522229031315
-20.0,95.0,-90,13.757328705366545,13.709635789801192
-20.0,95.0,0,13.757348486786016,13.709657179446914
-20.0,95.0,90,13.757363332381464,13.70967043640871
-20.0,100.0,-90,13.249379115212207,13.202084168416738
-20.0,100.0,0,13.24939962151529,13.202106259595437
-20.0,100.0,90,13.249415002765474,13.20211998059031
-15.0,-100.0,-90,12.032059856475836,11.658129168694149
-15.0,-100.0,0,12.03204341336897,11.658107433091555
-15.0,-100.0,90,12.032021658768622,11.658090210870604
-15.0,-95.0,-90,12.575553010403226,12.213447639538936
-15.0,-95.0,0,12.575536927931667,12.213426390406243
-15.0,-95.0,90,12.575515763521894,12.213409512639625
-15.0,-90.0,-90,13.104234410696673,12.755595272176226
-15.0,-90.0,0,13.104218777192852,12.755574603372375
-15.0,-90.0,90,13.104198266780157,12.755558140362254
-15.0,-85.0,-90,13.616035308031774,13.282326329164498
-15.0,-85.0,0,13.616020202174328,13.282306325112298
-15.0,-85.0,90,13.616000402723785,13.282290340648025
-15.0,-80.0,-90,14.109104474831586,13.791604375468156
-15.0,-80.0,0,14.109089967169046,13.791585112741
-15.0,-80.0,90,14.10907092994188,13.791569665207478
-15.0,-75.0,-90,14.58177472464983,14.281568897272663
-15.0,-75.0,0,14.581760878779562,14.281550445766827
-15.0,-75.0,90,14.581742650173156,14.28153558894761
-15.0,-70.0,-90,15.032537468892041,14.750510910909835
-15.0,-70.0,0,15.03252434237581,14.750493334706736
-15.0,-70.0,90,15.032506964545291,14.750479118359415
-15.0,-65.0,-90,15.460023312177434,15.196855296363303
-15.0,-65.0,0,15.460010957255308,15.196838654359249
-15.0,-65.0,90,15.459994468574111,15.19682512462067
-15.0,-60.0,-90,15.862987203778882,15.619148169331357
-15.0,-60.0,0,15.862975667928193,15.619132515692595
-15.0,-60.0,90,15.86296010332922,15.619119715356883
-15.0,-55.0,-90,16.24029704265117,16.01604803033771
-15.0,-55.0,0,16.24028636902593,16.0160334148242
-15.0,-55.0,90,16.24027176025382,16.01602138352591
-15.0,-50.0,-90,16.590924912827717,16.38631973992455
-15.0,-50.0,0,16.590915140605446,16.386306208115233
-15.0,-50.0,90,16.590901516402234,16.38629498244209
-15.0,-45.0,-90,16.913940331417265,16.728830596761867
-15.0,-45.0,0,16.913931496073864,16.728818190206475
-15.0,-45.0,90,16.913918882314604,16.728807803760546
-15.0,-40.0,-90,17.20850504310095,17.04254796359221
-15.0,-40.0,0,17.20849717662931,17.04253671990884
-15.0,-40.0,90,17.208485596419884,17.042527203330607
-15.0,-35.0,-90,17.47386900756064,17.326538011004498
-15.0,-35.0,0,17.473862138645345,17.326527963937863
-15.0,-35.0,90,17.473851612391627,17.326519344904625
-15.0,-30.0,-90,17.709367310285455,17.579965243114366
-15.0,-30.0,0,17.709361464442853,17.57995642256642
-15.0,-30.0,90,17.709352009898147,17.579948725773917
-15.0,-25.0,-90,17.914417790390583,17.802092540940553
-15.0,-25.0,0,17.914412990081768,17.802084972982644
-15.0,-25.0,90,17.914404622377536,17.802078220117046
-15.0,-20.0,-90,18.08851922701027,17.99228151479063
-15.0,-20.0,0,18.08851549173258,17.992275221664414
-15.0,-20.0,90,18.088508223396477,17.99226943137023
-15.0,-15.0,-90,18.23124996254217,18.14999300074728
-15.0,-15.0,0,18.23124730890379,18.149988000860084
-15.0,-15.0,90,18.231241149867795,18.14998318870853
-15.0,-10.0,-90,18.342266869483147,18.27478757158532
-15.0,-10.0,0,18.342265311264335,18.274783879504398
-15.0,-10.0,90,18.34226026886507,18.27478005796561
-15.0,-5.0,-90,18.421304589989663,18.36632596147358
-15.0,-5.0,0,18.42130413819331,18.36632358792265
-15.0,-5.0,90,18.421300217166134,18.36632076634458
-15.0,0.0,-90,18.468174995246898,18.424369328324495
-15.0,0.0,0,18.468175658140574,18.424368280185206
-15.0,0.0,90,18.46817286060841,18.42436646478093
-15.0,5.0,-90,18.4827668264744,18.44877929890194
-15.0,5.0,0,18.482768609625495,18.448779579221902
-15.0,5.0,90,18.482766935082957,18.448778773066962
-15.0,10.0,-90,18.46504549189024,18.439517760726456
-15.0,10.0,0,18.46504839819531,18.439519368735077
-15.0,10.0,90,18.46504784348846,18.43951957177539
-15.0,15.0,-90,18.415053004970225,18.39664638215344
-15.0,15.0,0,18.415057034679414,18.396649313285923
-15.0,15.0,90,18.41505759398086,18.396650522356687
-15.0,20.0,-90,18.332908059520506,18.320325858325734
-15.0,20.0,0,18.33291321025739,18.320330104255262
-15.0,20.0,90,18.33291487503642,18.320332313110434
-15.0,25.0,-90,18.218806247011493,18.21081489651639
-15.0,25.0,0,18.21881251378851,18.210820445193622
-15.0,25.0,90,18.21881527277534,18.210823644545318
-15.0,30.0,-90,18.073020431857497,18.068468970139033
-15.0,30.0,0,18.073027807086625,18.068475805837775
-15.0,30.0,90,18.07303164622963,18.0684799834042
-15.0,35.0,-90,17.89590131145433,17.893738886882264
-15.0,35.0,0,17.89590978495247,17.893746990249287
-15.0,35.0,90,17.895914687366652,17.893752130809414
-15.0,40.0,-90,17.687878200463327,17.687169233540914
-15.0,40.0,0,17.687887759451264,17.687178581647416
-15.0,40.0,90,17.687893705355908,17.687184667100055
-15.0,45.0,-90,17.44946009383888,17.44939677879865
-15.0,45.0,0,17.449470722932322,17.449407345189975
-15.0,45.0,90,17.4494776895749,17.449414354614156
-15.0,50.0,-90,17.181237081418622,17.18114893625552
-15.0,50.0,0,17.181248762609087,17.181160690994968
-15.0,50.0,90,17.18125672417188,17.181168600707974
-15.0,55.0,-90,16.88388220979768,16.88324241443253
-15.0,55.0,0,16.883894922420303,16.883255324134062
-15.0,55.0,90,16.883903849905124,16.883264107742548
-15.0,60.0,-90,16.558153916364837,16.55658220971947
-15.0,60.0,0,16.558167637049113,16.55659623756284
-15.0,60.0,90,16.55817749813416,16.55660586600152
-15.0,65.0,-90,16.20489919803564,16.20216113416164
-15.0,65.0,0,16.204913900633798,16.202176239881926
-15.0,65.0,90,16.204924659495223,16.20218668143308
-15.0,70.0,-90,15.825057726425737,15.821060115213477
-15.0,70.0,0,15.825073381911722,15.821076255055004
-15.0,70.0,90,15.825084999000103,15.821087475340496
-15.0,75.0,-90,15.419667186140483,15.414449562726292
-15.0,75.0,0,15.419683762470067,15.414466689348286
-15.0,75.0,90,15.419696194229378,15.414478651283869
-15.0,80.0,-90,14.989870199258537,14.98359217448367
-15.0,80.0,0,14.989887661178036,14.983610236801663
-15.0,80.0,90,14.98990085969081,14.98362290050062
-15.0,85.0,-90,14.536923314889394,14.529847652516937
-15.0,85.0,0,14.536941623675874,14.529866595459172
-15.0,85.0,90,14.536955536213515,14.529879918068977
-15.0,90.0,-90,14.062208698847762,14.054679937934123
-15.0,90.0,0,14.062227811957797,14.054699702086127
-15.0,90.0,90,14.062242380408337,14.054713637537073
-15.0,95.0,-90,13.567249370114359,13.55966775560979
-15.0,95.0,0,13.567269240709928,13.559688276711743
-15.0,95.0,90,13.56728440084685,13.559702775350177
-15.0,100.0,-90,13.053729118482726,13.046519510573354
-15.0,100.0,0,13.053749694791263,13.046540718823247
-15.0,100.0,90,13.053765375335406,13.046555726893384
-10.0,-100.0,-90,12.175742419481413,11.913471779571228
-10.0,-100.0,0,12.175725959798973,11.913450875630932
-10.0,-100.0,90,12.175704487515917,11.913433270406228
-10.0,-95.0,-90,12.715012099296608,12.461419315604822
-10.0,-95.0,0,12.714996035659196,12.461398940398421
-10.0,-95.0,90,12.71497517201776,12.4613817612283
-10.0,-90.0,-90,13.238740597356903,12.994511734800447
-10.0,-90.0,0,13.238725014067251,12.994491970996267
-10.0,-90.0,90,13.238704820665166,12.994475285692141
-10.0,-85.0,-90,13.744941411879804,13.510694141681013
-10.0,-85.0,0,13.744926384199937,13.510675063519564
-10.0,-85.0,90,13.7449069161916,13.510658933184626
-10.0,-80.0,-90,14.23183275800944,14.008111085119847
-10.0,-80.0,0,14.23181835355543,14.008092759778043
-10.0,-80.0,90,14.231799660684969,14.008077239898192
-10.0,-75.0,-90,14.697807024732304,14.485075960810754
-10.0,-75.0,0,14.697793304552812,14.485058449418863
-10.0,-75.0,90,14.697775431917359,14.48504359067055
-10.0,-70.0,-90,15.141407562382067,14.940048277557928
-10.0,-70.0,0,15.141394581795668,14.940031635957489
-10.0,-70.0,90,15.141377570410512,14.940017484804716
-10.0,-65.0,-90,15.561310977477298,15.371616796938808
-10.0,-65.0,0,15.561298786725292,15.3716010762466
-10.0,-65.0,90,15.561282673942717,15.371587675380214
-10.0,-60.0,-90,15.956313584045278,15.77848707664401
-10.0,-60.0,0,15.956302228802725,15.778472323670172
-10.0,-60.0,90,15.956287048622272,15.778459712328782
-10.0,-55.0,-90,16.32532100719873,16.15947232602551
-10.0,-55.0,0,16.325310528976157,16.159458583581742
-10.0,-55.0,90,16.325296312273924,16.15944679778367
-10.0,-50.0,-90,16.667340188920623,16.513486757387472
-10.0,-50.0,0,16.66733062538105,16.51347406451223
-10.0,-50.0,90,16.667317400078236,16.51346313722052
-10.0,-45.0,-90,16.98147323285893,16.839540817309498
-10.0,-45.0,0,16.981464618069044,16.839529209430566
-10.0,-45.0,90,16.98145240925482,16.83951917066779
-10.0,-40.0,-90,17.266912662866496,17.13673782975848
-10.0,-40.0,0,17.266905027496424,17.136727338808516
-10.0,-40.0,90,17.26689385751625,17.136718215734124
-10.0,-35.0,-90,17.52293777242195,17.404271691939666
-10.0,-35.0,0,17.522931143904835,17.4042623464366
-10.0,-35.0,90,17.52292103242256,17.40425416339678
-10.0,-30.0,-90,17.748911818604693,17.641425345481803
-10.0,-30.0,0,17.748906221264647,17.641417170583445
-10.0,-30.0,90,17.748897185304703,17.64140994914103
-10.0,-25.0,-90,17.944279871950297,17.847569807300953
-10.0,-25.0,0,17.944275327105576,17.84756282484097
-10.0,-25.0,90,17.944267381079907,17.847556583791473
-10.0,-20.0,-90,18.108567177334308,18.022163591822363
-10.0,-20.0,0,18.108563703380906,18.022157820333206
-10.0,-20.0,90,18.108556859104162,18.02215257571163
-10.0,-15.0,-90,18.24137791469364,18.164752393098755
-10.0,-15.0,0,18.241375527173435,18.164747847826014
-10.0,-15.0,90,18.241369793869094,18.164743612908055
-10.0,-10.0,-90,18.342394274583604,18.27496892459477
-10.0,-10.0,0,18.34239298624029,18.274965617506254
-10.0,-10.0,90,18.342388370539584,18.274962402806842
-10.0,-5.0,-90,18.41137578427061,18.352532838085963
-10.0,-5.0,0,18.411375605095934,18.352530777878147
-10.0,-5.0,90,18.411372111030893,18.352528591149323
-10.0,0.0,-90,18.448158836761856,18.397250662774432
-10.0,0.0,0,18.448159774034004,18.397249854878098
-10.0,0.0,90,18.448157403025565,18.397248701107962
-10.0,5.0,-90,18.45265638900718,18.40901572249334
-10.0,5.0,0,18.452658447322825,18.409016169079834
-10.0,5.0,90,18.452657198164445,18.40901605049352
-10.0,10.0,-90,18.424857807361292,18.387808003630884
-10.0,10.0,0,18.424860988662292,18.387809703619673
-10.0,10.0,90,18.424860857499187,18.387810619683073
-10.0,15.0,-90,18.364828848988548,18.333693959839653
-10.0,15.0,0,18.364833152583937,18.333696908907548
-10.0,15.0,90,18.36483413288776,18.333698856333935
-10.0,20.0,-90,18.27271177784326,18.246826252280766
-10.0,20.0,0,18.27271720042686,18.246830442872643
-10.0,20.0,90,18.27271928296521,18.246833415632043
-10.0,25.0,-90,18.148725623733043,18.12744343659269
-10.0,25.0,0,18.14873215939664,18.127448857933114
-10.0,25.0,90,18.148735332196576,18.12745284726378
-10.0,30.0,-90,17.993166603328355,17.975869620462536
-10.0,30.0,0,17.99317424357008,17.975876258567173
-10.0,30.0,90,17.99317849187423,17.975881252988195
-10.0,35.0,-90,17.80640873341684,17.792514129132833
-10.0,35.0,0,17.80641746714401,17.792521966818008
-10.0,35.0,90,17.806422773357593,17.79252795214159
-10.0,40.0,-90,17.588904679902907,17.57787123099412
-10.0,40.0,0,17.58891449342807,17.57788024788239
-10.0,40.0,90,17.58892083705441,17.577887207223736
-10.0,45.0,-90,17.341186901854034,17.332519992319945
-10.0,45.0,0,17.341197778882556,17.33253016483874
-10.0,45.0,90,17.341205136444174,17.332538078621116
-10.0,50.0,-90,17.06386916935159,17.05712435012444
-10.0,50.0,0,17.063881090958258,17.057135651494068
-10.0,50.0,90,17.06388943589962,17.057144497445687
-10.0,55.0,-90,16.75764855838974,16.752433516285116
-10.0,55.0,0,16.75766150298126,16.752445916491453
-10.0,55.0,90,16.75767080554835,16.752455669630105
-10.0,60.0,-90,16.423308057411518,16.419282856116983
-10.0,60.0,0,16.423322000670517,16.41929632186283
-10.0,60.0,90,16.423332227760824,16.419306954463117
-10.0,65.0,-90,16.06171996074252,16.058595422741423
-10.0,65.0,0,16.06173487554726,16.058609917368976
-10.0,65.0,90,16.061745990522226,16.058621398905565
-10.0,70.0,-90,15.67385027754525,15.671384377935128
-10.0,70.0,0,15.673866133857382,15.671399861309665
-10.0,70.0,90,15.673878096306815,15.671412158368302
-10.0,75.0,-90,15.260764455589017,15.258756594920222
-10.0,75.0,0,15.260781220299053,15.258773023262608
-10.0,75.0,90,15.260793985744137,15.258786099408221
-10.0,80.0,-90,14.823634813489695,14.82191782468286
-10.0,80.0,0,14.82365245020643,14.821935150334426
-10.0,80.0,90,14.823665969723802,14.821948965922562
-10.0,85.0,-90,14.363750201949477,14.362179923150872
-10.0,85.0,0,14.363768670714682,14.362198094249196
-10.0,85.0,90,14.363782890458719,14.362212606162824
-10.0,90.0,-90,13.882528586145853,13.880970793500161
-10.0,90.0,0,13.88254784304897,13.880989753537433
-10.0,90.0,90,13.882562703642273,13.88100491482541
-10.0,95.0,-90,13.381533474652832,13.37984791220147
-10.0,95.0,0,13.381553471311099,13.379867599427461
-10.0,95.0,90,13.38156890706359,13.379883358813162
-10.0,100.0,-90,12.862495438184308,12.860516601745728
-10.0,100.0,0,12.862516121040878,12.860536948364347
-10.0,100.0,90,12.862532058945078,12.860553249582141
-5.0,-100.0,-90,12.332302349258187,12.168547224203753
-5.0,-100.0,0,12.33228593545963,12.168527316759123
-5.0,-100.0,90,12.332264713338786,12.168509182781857
-5.0,-95.0,-90,12.866935421424065,12.709022317264422
-5.0,-95.0,0,12.866919435436145,12.709002964521808
-5.0,-95.0,90,12.866898840918136,12.708985330920155
-5.0,-90.0,-90,13.38533876416285,13.233275989039969
-5.0,-90.0,0,13.385323286754964,13.23325726440429
-5.0,-90.0,90,13.385303379303657,13.233240197574405
-5.0,-85.0,-90,13.885600691846241,13.73940060310216
-5.0,-85.0,0,13.885585795286092,13.73938257246193
-5.0,-85.0,90,13.885566628287442,13.739366132039635
-5.0,-80.0,-90,14.366002813743856,14.225677474766599
-5.0,-80.0,0,14.365988563075291,14.225660197656472
-5.0,-80.0,90,14.365970184774598,14.225644437563822
-5.0,-75.0,-90,14.824992159803928,14.690549205839444
-5.0,-75.0,0,14.82497861383535,14.690532736314163
-5.0,-75.0,90,14.824961068030229,14.690517705545268
-5.0,-70.0,-90,15.261159984669504,15.132598869788483
-5.0,-70.0,0,15.261147196741515,15.13258325708176
-5.0,-70.0,90,15.261130523295252,15.13256900029444
-5.0,-65.0,-90,15.673225592242366,15.550534312668141
-5.0,-65.0,0,15.673213610826505,15.550519601690537
-5.0,-65.0,90,15.673197846048598,15.550506159652594
-5.0,-60.0,-90,16.0600239527163,15.943176294276823
-5.0,-60.0,0,16.060012821883994,15.94316252599234
-5.0,-60.0,90,16.059997998811966,15.943149935918399
-5.0,-55.0,-90,16.42049619860525,16.309449526305716
-5.0,-55.0,0,16.420485958396572,16.309436738016725
-5.0,-55.0,90,16.420472107004038,16.309425033822393
-5.0,-50.0,-90,16.753682316857706,16.648375905336543
-5.0,-50.0,0,16.75367300357254,16.64836413089906
-5.0,-50.0,90,16.75366015092192,16.648353343392323
-5.0,-45.0,-90,17.058715523669907,16.959069414317966
-5.0,-45.0,0,17.058707170098693,16.95905868430393
-5.0,-45.0,90,17.058695340452196,16.95904884132875
-5.0,-40.0,-90,17.334817933860506,17.240732295104266
-5.0,-40.0,0,17.33481056946785,17.240722636923376
-5.0,-40.0,90,17.334799784366883,17.24071376346697
-5.0,-35.0,-90,17.581297229778265,17.4926521899559
-5.0,-35.0,0,17.581290880849654,17.492643627946563
-5.0,-35.0,90,17.58128115917024,17.49263574621893
-5.0,-30.0,-90,17.79754410442877,17.714200020960337
-5.0,-30.0,0,17.797538794188267,17.714192576457176
-5.0,-30.0,90,17.79753015217827,17.714185705949603
-5.0,-25.0,-90,17.98303030613472,17.904828429825134
-5.0,-25.0,0,17.983026054839943,17.90482212120864
-5.0,-25.0,90,17.983018506142226,17.904816278736302
-5.0,-20.0,-90,18.137307152154253,18.064070641217516
-5.0,-20.0,0,18.137303977173353,18.06406548395023
-5.0,-20.0,90,18.13729753283824,18.0640606836828
-5.0,-15.0,-90,18.260004409595187,18.191539644231923
-5.0,-15.0,0,18.260002325469685,18.191535650884543
-5.0,-15.0,90,18.259996993958957,18.19153190436788
-5.0,-10.0,-90,18.35082946611733,18.286927611169883
-5.0,-10.0,0,18.350828484613743,18.286924791439777
-5.0,-10.0,90,18.350824271798025,18.286922107611034
-5.0,-5.0,-90,18.409566732115202,18.350005492458074
-5.0,-5.0,0,18.409566862267724,18.350003853182226
-5.0,-5.0,90,18.409563771418313,18.350002238380068
-5.0,0.0,-90,18.43607723167754,18.380622742583046
-5.0,0.0,0,18.436078479823482,18.38062228774668
-5.0,0.0,90,18.43607651159951,18.380621745717907
-5.0,5.0,-90,18.430298352669837,18.37870714542493
-5.0,5.0,0,18.430300722479238,18.378707876166903
-5.0,5.0,90,18.43029987491039,18.378708408070292
-5.0,10.0,-90,18.392243737605945,18.344264719141336
-5.0,10.0,0,18.392247230106054,18.34426663375669
-5.0,10.0,90,18.39224749857101,18.344268238164528
-5.0,15.0,-90,18.322003307244,18.277379691447027
-5.0,15.0,0,18.322007920839297,18.277382785386926
-5.0,15.0,90,18.322009298039475,18.2773854582844
-5.0,20.0,-90,18.21974341865353,18.1782145463233
-5.0,20.0,0,18.219749149141432,18.178218812192135
-5.0,20.0,90,18.219751625069442,18.178222546974297
-5.0,25.0,-90,18.08570716941163,18.047010153400414
-5.0,25.0,0,18.085714009993744,18.04701558094943
-5.0,25.0,90,18.085717571895493,18.047020368415268
-5.0,30.0,-90,17.920214870159402,17.88408600201482
-5.0,30.0,0,17.920222811447758,17.884092578131348
-5.0,30.0,90,17.920227443776824,17.884098406473978
-5.0,35.0,-90,17.723664719604535,17.689840573827667
-5.0,35.0,0,17.723673749622066,17.689848282518415
-5.0,35.0,90,17.723679433984337,17.68985513731008
-5.0,40.0,-90,17.496533729915907,17.464751901576786
-5.0,40.0,0,17.496543834089614,17.46476072394324
-5.0,40.0,90,17.496550549175765,17.464768588113266
-5.0,45.0,-90,17.23937896721292,17.209378377855916
-5.0,45.0,0,17.239390128357904,17.20938829205924
-5.0,45.0,90,17.23939784986047,17.209397145862525
-5.0,50.0,-90,16.95283919264964,16.92435989784506
-5.0,50.0,0,16.952851390941316,16.92437087905694
-5.0,50.0,90,16.952860091452205,16.92438070002979
-5.0,55.0,-90,16.637637015930988,16.610419445071575
-5.0,55.0,0,16.637650228861926,16.610431465406577
-5.0,55.0,90,16.637659877745143,16.610442228305825
-5.0,60.0,-90,16.294581706983248,16.268365261470237
-5.0,60.0,0,16.2945959092999,16.268378289893867
-5.0,60.0,90,16.294606472532628,16.268389966613906
-5.0,65.0,-90,15.924572855653313,15.899093784832667
-5.0,65.0,0,15.924588019266318,15.899107787037547
-5.0,65.0,90,15.924599459239769,15.899120346498433
-5.0,70.0,-90,15.52860512745141,15.50359359177488
-5.0,70.0,0,15.528621221310978,15.503608530015184
-5.0,70.0,90,15.528633496579737,15.503621938012808
-5.0,75.0,-90,15.107774440603716,15.082950657579927
-5.0,75.0,0,15.107791430528904,15.082966490451216
-5.0,75.0,90,15.107804495494214,15.082980709457754
-5.0,80.0,-90,14.663285993135105,14.638355342635746
-5.0,80.0,0,14.663303841581767,14.638372024783017
-5.0,80.0,90,14.663317646089855,14.638387013682228
-5.0,85.0,-90,14.19646470819034,14.17111164842482
-5.0,85.0,0,14.196483373937282,14.17112913015615
-5.0,85.0,90,14.196497862767794,14.171144843892769
-5.0,90.0,-90,13.708768854955226,13.682649467816754
-5.0,90.0,0,13.708788292680621,13.682667694592075
-5.0,90.0,90,13.708803404892535,13.68268408370773
-5.0,95.0,-90,13.201807860160299,13.174540803975232
-5.0,95.0,0,13.201828019870248,13.174559715729163
-5.0,95.0,90,13.201843687961965,13.174576725747547
-5.0,100.0,-90,12.677365676886295,12.648521276327326
-5.0,100.0,0,12.677386503142987,12.648540806570352
-5.0,100.0,90,12.677402651969308,12.648558377181123
0.0,-100.0,-90,12.500087838733474,12.415857885566451
0.0,-100.0,0,12.500071529859355,12.415839101409599
0.0,-100.0,90,12.50005052357356,12.415820317257404
0.0,-95.0,-90,13.029752043283594,12.948967888136227
0.0,-95.0,0,13.02973619041132,12.948949669073762
0.0,-95.0,90,13.029715831080857,12.948931450017383
0.0,-90.0,-90,13.542539594622223,13.464832332058235
0.0,-90.0,0,13.542524275475294,13.46481474407757
0.0,-90.0,90,13.542504620509012,13.464797156104437
0.0,-85.0,-90,14.036606264681625,13.961649132112925
0.0,-85.0,0,14.036591548946665,13.96163223453662
0.0,-85.0,90,14.036572650008464,13.961615336969277
0.0,-80.0,-90,14.510291071392297,14.437793392172408
0.0,-80.0,0,14.510277021892966,14.43777723863913
0.0,-80.0,90,14.510258925752021,14.43776108511622
0.0,-75.0,-90,14.962090795252358,14.89179277400493
0.0,-75.0,0,14.96207746885825,14.891777413210512
0.0,-75.0,90,14.96206021801808,14.891762052427824
0.0,-70.0,-90,15.390640582302014,15.322308853176532
0.0,-70.0,0,15.390628030635304,15.322294329436055
0.0,-70.0,90,15.390611663799978,15.322279805708614
0.0,-65.0,-90,15.794699128520433,15.728122952819712
0.0,-65.0,0,15.794687398507623,15.728109306495378
0.0,-65.0,90,15.794671950927317,15.72809566018532
0.0,-60.0,-90,16.173137329766156,16.10812534548964
0.0,-60.0,0,16.17312646407065,16.10811261331735
0.0,-60.0,90,16.173111967797432,16.108099881160488
0.0,-55.0,-90,16.52492956617921,16.46130700235294
0.0,-55.0,0,16.524919603541825,16.461295217692072
0.0,-55.0,90,16.524906087618206,16.46128343304772
0.0,-50.0,-90,16.84914699877966,16.78675327885103
0.0,-50.0,0,16.84913797428773,16.78674247187571
0.0,-50.0,90,16.849125464884736,16.786731664917905
0.0,-45.0,-90,17.144952409699158,17.08363907922955
0.0,-45.0,0,17.144944355000018,17.083629277075115
0.0,-45.0,90,17.14493287551713,17.08361947493909
0.0,-40.0,-90,17.411596231224497,17.3512251549486
0.0,-40.0,0,17.411589174695504,17.351216381823626
0.0,-40.0,90,17.411578745831733,17.351207608717885
0.0,-35.0,-90,17.648413493553406,17.58885527537162
0.0,-35.0,0,17.648407460437937,17.588847552643482
0.0,-35.0,90,17.648398100240946,17.588839829935296
0.0,-30.0,-90,17.85482148474477,17.79595407137908
0.0,-30.0,0,17.854816497261492,17.795947417639
0.0,-30.0,90,17.854808221159985,17.79594076391951
0.0,-25.0,-90,18.030317964475234,17.97202539945369
0.0,-25.0,0,18.030314041906333,17.97201983056595
0.0,-25.0,90,18.030306862729606,17.97201426169934
0.0,-20.0,-90,18.174479810014287,18.11665110949447
0.0,-20.0,0,18.174476968777142,18.116646638633267
0.0,-20.0,90,18.174470896764724,18.11664216779363
0.0,-15.0,-90,18.286962001304484,18.2294901271452
0.0,-15.0,0,18.286960255010257,18.229486764821875
0.0,-15.0,90,18.286955297813765,18.229483402520465
0.0,-10.0,-90,18.367496874392536,18.31027778296522
0.0,-10.0,0,18.367496233894382,18.310275537047914
0.0,-10.0,90,18.36749239657314,18.310273291152765
0.0,-5.0,-90,18.41589359034408,18.358825337951398
0.0,-5.0,0,18.415894063777053,18.358824213678552
0.0,-5.0,90,18.41589134878855,18.35882308942801
0.0,0.0,-90,18.432037781433145,18.375019668961144
0.0,0.0,0,18.43203937424742,18.375019668949967
0.0,0.0,90,18.432037781433145,18.375019668961144
0.0,5.0,-90,18.41589134878855,18.35882308942801
0.0,5.0,0,18.415894063777053,18.358824213678552
0.0,5.0,90,18.41589359034408,18.358825337951398
0.0,10.0,-90,18.36749239657314,18.310273291152765
0.0,10.0,0,18.367496233894382,18.310275537047914
0.0,10.0,90,18.367496874392536,18.31027778296522
0.0,15.0,-90,18.286955297813765,18.229483402520465
0.0,15.0,0,18.286960255010257,18.229486764821875
0.0,15.0,90,18.286962001304484,18.2294901271452
0.0,20.0,-90,18.174470896764724,18.11664216779363
0.0,20.0,0,18.174476968777142,18.116646638633267
0.0,20.0,90,18.174479810014287,18.11665110949447
0.0,25.0,-90,18.030306862729606,17.97201426169934
0.0,25.0,0,18.030314041906333,17.97201983056595
0.0,25.0,90,18.030317964475234,17.97202539945369
0.0,30.0,-90,17.854808221159985,17.79594076391951
0.0,30.0,0,17.854816497261492,17.795947417639
0.0,30.0,90,17.85482148474477,17.79595407137908
0.0,35.0,-90,17.648398100240946,17.588839829935296
0.0,35.0,0,17.648407460437937,17.588847552643482
0.0,35.0,90,17.648413493553406,17.58885527537162
0.0,40.0,-90,17.411578745831733,17.351207608717885
0.0,40.0,0,17.411589174695504,17.351216381823626
0.0,40.0,90,17.411596231224497,17.351225154948608
0.0,45.0,-90,17.14493287551713,17.08361947493909
0.0,45.0,0,17.144944355000018,17.083629277075115
0.0,45.0,90,17.144952409699158,17.08363907922955
0.0,50.0,-90,16.849125464884732,16.7867316649179
0.0,50.0,0,16.84913797428773,16.78674247187571
0.0,50.0,90,16.84914699877966,16.786753278851027
0.0,55.0,-90,16.524906087618206,16.46128343304772
0.0,55.0,0,16.524919603541825,16.461295217692072
0.0,55.0,90,16.52492956617921,16.461307002352942
0.0,60.0,-90,16.173111967797432,16.108099881160488
0.0,60.0,0,16.17312646407065,16.10811261331735
0.0,60.0,90,16.173137329766156,16.10812534548964
0.0,65.0,-90,15.794671950927317,15.72809566018532
0.0,65.0,0,15.794687398507623,15.728109306495378
0.0,65.0,90,15.794699128520433,15.728122952819712
0.0,70.0,-90,15.390611663799975,15.322279805708614
0.0,70.0,0,15.390628030635304,15.322294329436051
0.0,70.0,90,15.390640582302014,15.32230885317653
0.0,75.0,-90,14.96206021801808,14.891762052427824
0.0,75.0,0,14.96207746885825,14.891777413210512
0.0,75.0,90,14.962090795252358,14.89179277400493
0.0,80.0,-90,14.510258925752021,14.43776108511622
0.0,80.0,0,14.510277021892966,14.43777723863913
0.0,80.0,90,14.510291071392297,14.437793392172408
0.0,85.0,-90,14.036572650008464,13.961615336969277
0.0,85.0,0,14.036591548946665,13.96163223453662
0.0,85.0,90,14.036606264681625,13.961649132112925
0.0,90.0,-90,13.542504620509012,13.464797156104437
0.0,90.0,0,13.542524275475294,13.46481474407757
0.0,90.0,90,13.542539594622223,13.464832332058235
0.0,95.0,-90,13.029715831080857,12.948931450017383
0.0,95.0,0,13.02973619041132,12.948949669073762
0.0,95.0,90,13.029752043283594,12.948967888136227
0.0,100.0,-90,12.50005052357356,12.415820317257404
0.0,100.0,0,12.500071529859355,12.415839101409599
0.0,100.0,90,12.500087838733474,12.415857885566451
5.0,-100.0,-90,12.677402651969308,12.648558377181123
5.0,-100.0,0,12.677386503142987,12.648540806570352
5.0,-100.0,90,12.677365676886295,12.648521276327326
5.0,-95.0,-90,13.201843687961965,13.174576725747547
5.0,-95.0,0,13.201828019870248,13.174559715729163
5.0,-95.0,90,13.201807860160299,13.174540803975232
5.0,-90.0,-90,13.708803404892535,13.68268408370773
5.0,-90.0,0,13.708788292680621,13.682667694592075
5.0,-90.0,90,13.708768854955226,13.682649467816754
5.0,-85.0,-90,14.196497862767794,14.171144843892769
5.0,-85.0,0,14.196483373937282,14.17112913015615
5.0,-85.0,90,14.19646470819034,14.17111164842482
5.0,-80.0,-90,14.663317646089855,14.638387013682228
5.0,-80.0,0,14.663303841581767,14.638372024783017
5.0,-80.0,90,14.663285993135105,14.638355342635746
5.0,-75.0,-90,15.107804495494214,15.082980709457754
5.0,-75.0,0,15.107791430528904,15.082966490451216
5.0,-75.0,90,15.107774440603716,15.082950657579927
5.0,-70.0,-90,15.528633496579737,15.503621938012808
5.0,-70.0,0,15.528621221310978,15.503608530015184
5.0,-70.0,90,15.52860512745141,15.50359359177488
5.0,-65.0,-90,15.924599459239769,15.899120346498433
5.0,-65.0,0,15.924588019266318,15.899107787037547
5.0,-65.0,90,15.924572855653313,15.899093784832667
5.0,-60.0,-90,16.294606472532628,16.268389966613906
5.0,-60.0,0,16.2945959092999,16.268378289893867
5.0,-60.0,90,16.294581706983248,16.268365261470237
5.0,-55.0,-90,16.637659877745143,16.610442228305825
5.0,-55.0,0,16.637650228861926,16.610431465406577
5.0,-55.0,90,16.637637015930988,16.610419445071575
5.0,-50.0,-90,16.95286009145221,16.92438070002979
5.0,-50.0,0,16.952851390941316,16.924370879056948
5.0,-50.0,90,16.952839192649645,16.92435989784506
5.0,-45.0,-90,17.23939784986047,17.209397145862525
5.0,-45.0,0,17.239390128357904,17.20938829205924
5.0,-45.0,90,17.23937896721292,17.209378377855916
5.0,-40.0,-90,17.496550549175765,17.464768588113266
5.0,-40.0,0,17.496543834089614,17.46476072394324
5.0,-40.0,90,17.496533729915907,17.464751901576786
5.0,-35.0,-90,17.723679433984337,17.68985513731008
5.0,-35.0,0,17.723673749622066,17.689848282518415
5.0,-35.0,90,17.723664719604535,17.689840573827667
5.0,-30.0,-90,17.920227443776827,17.884098406473978
5.0,-30.0,0,17.920222811447758,17.884092578131348
5.0,-30.0,90,17.920214870159402,17.88408600201482
5.0,-25.0,-90,18.085717571895493,18.047020368415268
5.0,-25.0,0,18.085714009993744,18.04701558094943
5.0,-25.0,90,18.08570716941163,18.047010153400414
5.0,-20.0,-90,18.219751625069442,18.178222546974297
5.0,-20.0,0,18.219749149141432,18.178218812192135
5.0,-20.0,90,18.21974341865353,18.1782145463233
5.0,-15.0,-90,18.322009298039475,18.2773854582844
5.0,-15.0,0,18.322007920839297,18.277382785386926
5.0,-15.0,90,18.322003307244,18.277379691447027
5.0,-10.0,-90,18.39224749857101,18.344268238164528
5.0,-10.0,0,18.392247230106054,18.34426663375669
5.0,-10.0,90,18.392243737605945,18.344264719141336
5.0,-5.0,-90,18.43029987491039,18.378708408070292
5.0,-5.0,0,18.430300722479238,18.378707876166903
5.0,-5.0,90,18.430298352669837,18.37870714542493
5.0,0.0,-90,18.43607651159951,18.380621745717907
5.0,0.0,0,18.436078479823482,18.38062228774668
5.0,0.0,90,18.43607723167754,18.380622742583046
5.0,5.0,-90,18.409563771418313,18.350002238380068
5.0,5.0,0,18.409566862267724,18.350003853182226
5.0,5.0,90,18.409566732115202,18.350005492458074
5.0,10.0,-90,18.350824271798025,18.286922107611034
5.0,10.0,0,18.350828484613743,18.286924791439777
5.0,10.0,90,18.35082946611733,18.286927611169883
5.0,15.0,-90,18.259996993958957,18.19153190436788
5.0,15.0,0,18.260002325469685,18.191535650884543
5.0,15.0,90,18.260004409595187,18.191539644231923
5.0,20.0,-90,18.13729753283824,18.0640606836828
5.0,20.0,0,18.137303977173353,18.06406548395023
5.0,20.0,90,18.137307152154253,18.064070641217516
5.0,25.0,-90,17.983018506142226,17.904816278736302
5.0,25.0,0,17.983026054839943,17.90482212120864
5.0,25.0,90,17.98303030613472,17.904828429825134
5.0,30.0,-90,17.79753015217827,17.714185705949603
5.0,30.0,0,17.797538794188267,17.714192576457176
5.0,30.0,90,17.79754410442877,17.714200020960337
5.0,35.0,-90,17.58128115917024,17.49263574621893
5.0,35.0,0,17.581290880849654,17.492643627946563
5.0,35.0,90,17.581297229778265,17.4926521899559
5.0,40.0,-90,17.334799784366883,17.24071376346697
5.0,40.0,0,17.33481056946785,17.240722636923376
5.0,40.0,90,17.334817933860506,17.240732295104266
5.0,45.0,-90,17.058695340452196,16.95904884132875
5.0,45.0,0,17.058707170098693,16.95905868430393
5.0,45.0,90,17.058715523669907,16.959069414317966
5.0,50.0,-90,16.753660150921917,16.64835334339232
5.0,50.0,0,16.753673003572537,16.648364130899058
5.0,50.0,90,16.753682316857702,16.648375905336543
5.0,55.0,-90,16.420472107004038,16.309425033822393
5.0,55.0,0,16.420485958396572,16.309436738016725
5.0,55.0,90,16.42049619860525,16.309449526305716
5.0,60.0,-90,16.059997998811966,15.943149935918399
5.0,60.0,0,16.060012821883994,15.94316252599234
5.0,60.0,90,16.0600239527163,15.943176294276823
5.0,65.0,-90,15.673197846048598,15.550506159652594
5.0,65.0,0,15.673213610826508,15.550519601690537
5.0,65.0,90,15.673225592242366,15.550534312668141
5.0,70.0,-90,15.261130523295252,15.13256900029444
5.0,70.0,0,15.261147196741515,15.13258325708176
5.0,70.0,90,15.261159984669504,15.132598869788483
5.0,75.0,-90,14.824961068030229,14.690517705545268
5.0,75.0,0,14.82497861383535,14.690532736314163
5.0,75.0,90,14.824992159803928,14.690549205839444
5.0,80.0,-90,14.365970184774598,14.225644437563822
5.0,80.0,0,14.365988563075291,14.225660197656472
5.0,80.0,90,14.366002813743856,14.225677474766599
5.0,85.0,-90,13.885566628287442,13.739366132039635
5.0,85.0,0,13.885585795286092,13.73938257246193
5.0,85.0,90,13.885600691846241,13.73940060310216
5.0,90.0,-90,13.385303379303657,13.233240197574405
5.0,90.0,0,13.385323286754964,13.23325726440429
5.0,90.0,90,13.38533876416285,13.233275989039969
5.0,95.0,-90,12.866898840918136,12.708985330920155
5.0,95.0,0,12.866919435436145,12.709002964521808
5.0,95.0,90,12.866935421424065,12.709022317264422
5.0,100.0,-90,12.332264713338786,12.168509182781857
5.0,100.0,0,12.33228593545963,12.168527316759123
5.0,100.0,90,12.332302349258187,12.168547224203753
10.0,-100.0,-90,12.862532058945078,12.860553249582141
10.0,-100.0,0,12.862516121040878,12.860536948364347
10.0,-100.0,90,12.862495438184308,12.860516601745728
10.0,-95.0,-90,13.38156890706359,13.379883358813162
10.0,-95.0,0,13.381553471311099,13.379867599427461
10.0,-95.0,90,13.381533474652832,13.37984791220147
10.0,-90.0,-90,13.882562703642273,13.88100491482541
10.0,-90.0,0,13.88254784304897,13.880989753537433
10.0,-90.0,90,13.882528586145853,13.880970793500161
10.0,-85.0,-90,14.363782890458719,14.362212606162824
10.0,-85.0,0,14.363768670714682,14.362198094249196
10.0,-85.0,90,14.363750201949477,14.362179923150872
10.0,-80.0,-90,14.823665969723802,14.821948965922562
10.0,-80.0,0,14.82365245020643,14.821935150334426
10.0,-80.0,90,14.823634813489695,14.82191782468286
10.0,-75.0,-90,15.260793985744137,15.258786099408221
10.0,-75.0,0,15.260781220299053,15.258773023262608
10.0,-75.0,90,15.260764455589017,15.258756594920222
10.0,-70.0,-90,15.673878096306815,15.671412158368302
10.0,-70.0,0,15.673866133857382,15.671399861309665
10.0,-70.0,90,15.673850277545247,15.671384377935128
10.0,-65.0,-90,16.061745990522226,16.05862139890556
10.0,-65.0,0,16.06173487554726,16.058609917368976
10.0,-65.0,90,16.06171996074252,16.058595422741423
10.0,-60.0,-90,16.423332227760824,16.419306954463117
10.0,-60.0,0,16.423322000670517,16.41929632186283
10.0,-60.0,90,16.423308057411518,16.419282856116983
10.0,-55.0,-90,16.75767080554835,16.752455669630105
10.0,-55.0,0,16.75766150298126,16.752445916491453
10.0,-55.0,90,16.75764855838974,16.752433516285116
10.0,-50.0,-90,17.06388943589962,17.057144497445687
10.0,-50.0,0,17.063881090958258,17.05713565149407
10.0,-50.0,90,17.063869169351594,17.05712435012444
10.0,-45.0,-90,17.341205136444174,17.332538078621116
10.0,-45.0,0,17.341197778882556,17.33253016483874
10.0,-45.0,90,17.341186901854034,17.332519992319945
10.0,-40.0,-90,17.58892083705441,17.577887207223736
10.0,-40.0,0,17.58891449342807,17.57788024788239
10.0,-40.0,90,17.588904679902907,17.57787123099412
10.0,-35.0,-90,17.806422773357593,17.79252795214159
10.0,-35.0,0,17.80641746714401,17.792521966818008
10.0,-35.0,90,17.80640873341684,17.792514129132833
10.0,-30.0,-90,17.99317849187423,17.975881252988195
10.0,-30.0,0,17.99317424357008,17.975876258567173
10.0,-30.0,90,17.993166603328355,17.975869620462536
10.0,-25.0,-90,18.148735332196576,18.12745284726378
10.0,-25.0,0,18.14873215939664,18.127448857933114
10.0,-25.0,90,18.148725623733043,18.12744343659269
10.0,-20.0,-90,18.27271928296521,18.246833415632043
10.0,-20.0,0,18.27271720042686,18.246830442872643
10.0,-20.0,90,18.27271177784326,18.246826252280766
10.0,-15.0,-90,18.36483413288776,18.333698856333935
10.0,-15.0,0,18.364833152583937,18.333696908907548
10.0,-15.0,90,18.364828848988548,18.333693959839653
10.0,-10.0,-90,18.424860857499187,18.387810619683073
10.0,-10.0,0,18.424860988662292,18.387809703619673
10.0,-10.0,90,18.424857807361292,18.387808003630884
10.0,-5.0,-90,18.452657198164445,18.40901605049352
10.0,-5.0,0,18.452658447322825,18.409016169079834
10.0,-5.0,90,18.45265638900718,18.40901572249334
10.0,0.0,-90,18.448157403025565,18.397248701107962
10.0,0.0,0,18.448159774034004,18.397249854878098
10.0,0.0,90,18.448158836761856,18.397250662774432
10.0,5.0,-90,18.411372111030893,18.352528591149323
10.0,5.0,0,18.411375605095934,18.352530777878147
10.0,5.0,90,18.41137578427061,18.352532838085963
10.0,10.0,-90,18.342388370539584,18.274962402806842
10.0,10.0,0,18.34239298624029,18.274965617506254
10.0,10.0,90,18.342394274583604,18.27496892459477
10.0,15.0,-90,18.241369793869094,18.164743612908055
10.0,15.0,0,18.241375527173435,18.164747847826014
10.0,15.0,90,18.24137791469364,18.164752393098755
10.0,20.0,-90,18.108556859104162,18.02215257571163
10.0,20.0,0,18.108563703380906,18.022157820333206
10.0,20.0,90,18.108567177334308,18.022163591822363
10.0,25.0,-90,17.944267381079907,17.847556583791473
10.0,25.0,0,17.944275327105576,17.84756282484097
10.0,25.0,90,17.944279871950297,17.847569807300953
10.0,30.0,-90,17.748897185304703,17.64140994914103
10.0,30.0,0,17.748906221264647,17.641417170583445
10.0,30.0,90,17.748911818604693,17.641425345481803
10.0,35.0,-90,17.52292103242256,17.40425416339678
10.0,35.0,0,17.522931143904835,17.4042623464366
10.0,35.0,90,17.52293777242195,17.404271691939666
10.0,40.0,-90,17.26689385751625,17.136718215734124
10.0,40.0,0,17.266905027496424,17.136727338808516
10.0,40.0,90,17.266912662866496,17.13673782975848
10.0,45.0,-90,16.98145240925482,16.83951917066779
10.0,45.0,0,16.981464618069044,16.839529209430566
10.0,45.0,90,16.98147323285893,16.839540817309498
10.0,50.0,-90,16.667317400078232,16.51346313722052
10.0,50.0,0,16.66733062538105,16.51347406451223
10.0,50.0,90,16.66734018892062,16.513486757387472
10.0,55.0,-90,16.325296312273924,16.15944679778367
10.0,55.0,0,16.325310528976157,16.159458583581742
10.0,55.0,90,16.32532100719873,16.15947232602551
10.0,60.0,-90,15.956287048622272,15.778459712328782
10.0,60.0,0,15.956302228802725,15.778472323670174
10.0,60.0,90,15.956313584045278,15.778487076644012
10.0,65.0,-90,15.561282673942717,15.371587675380214
10.0,65.0,0,15.561298786725292,15.3716010762466
10.0,65.0,90,15.561310977477298,15.371616796938808
10.0,70.0,-90,15.141377570410512,14.940017484804716
10.0,70.0,0,15.141394581795668,14.940031635957489
10.0,70.0,90,15.141407562382067,14.940048277557928
10.0,75.0,-90,14.697775431917359,14.48504359067055
10.0,75.0,0,14.697793304552812,14.485058449418863
10.0,75.0,90,14.697807024732304,14.485075960810754
10.0,80.0,-90,14.231799660684969,14.008077239898192
10.0,80.0,0,14.23181835355543,14.008092759778043
10.0,80.0,90,14.23183275800944,14.008111085119847
10.0,85.0,-90,13.7449069161916,13.510658933184626
10.0,85.0,0,13.744926384199937,13.510675063519564
10.0,85.0,90,13.744941411879804,13.510694141681013
10.0,90.0,-90,13.238704820665166,12.994475285692141
10.0,90.0,0,13.238725014067251,12.994491970996267
10.0,90.0,90,13.238740597356903,12.994511734800447
10.0,95.0,-90,12.71497517201776,12.4613817612283
10.0,95.0,0,12.714996035659196,12.461398940398421
10.0,95.0,90,12.715012099296608,12.461419315604822
10.0,100.0,-90,12.175704487515917,11.913433270406228
10.0,100.0,0,12.175725959798973,11.913450875630932
10.0,100.0,90,12.175742419481413,11.913471779571228
15.0,-100.0,-90,13.053765375335406,13.046555726893384
15.0,-100.0,0,13.053749694791263,13.046540718823247
15.0,-100.0,90,13.053729118482726,13.046519510573354
15.0,-95.0,-90,13.56728440084685,13.559702775350177
15.0,-95.0,0,13.567269240709928,13.559688276711743
15.0,-95.0,90,13.567249370114359,13.55966775560979
15.0,-90.0,-90,14.062242380408337,14.054713637537073
15.0,-90.0,0,14.062227811957797,14.054699702086127
15.0,-90.0,90,14.062208698847762,14.054679937934123
15.0,-85.0,-90,14.536955536213515,14.529879918068977
15.0,-85.0,0,14.536941623675874,14.529866595459172
15.0,-85.0,90,14.536923314889394,14.529847652516937
15.0,-80.0,-90,14.98990085969081,14.98362290050062
15.0,-80.0,0,14.989887661178036,14.983610236801663
15.0,-80.0,90,14.989870199258537,14.98359217448367
15.0,-75.0,-90,15.419696194229378,15.414478651283869
15.0,-75.0,0,15.419683762470067,15.414466689348286
15.0,-75.0,90,15.419667186140483,15.414449562726292
15.0,-70.0,-90,15.825084999000103,15.821087475340496
15.0,-70.0,0,15.825073381911722,15.821076255055004
15.0,-70.0,90,15.825057726425737,15.821060115213477
15.0,-65.0,-90,16.204924659495223,16.20218668143308
15.0,-65.0,0,16.204913900633798,16.202176239881926
15.0,-65.0,90,16.20489919803564,16.20216113416164
15.0,-60.0,-90,16.55817749813416,16.55660586600152
15.0,-60.0,0,16.558167637049113,16.55659623756284
15.0,-60.0,90,16.558153916364837,16.55658220971947
15.0,-55.0,-90,16.883903849905124,16.883264107742548
15.0,-55.0,0,16.883894922420303,16.883255324134062
15.0,-55.0,90,16.88388220979768,16.88324241443253
15.0,-50.0,-90,17.181256724171885,17.181168600707977
15.0,-50.0,0,17.181248762609087,17.18116069099497
15.0,-50.0,90,17.181237081418622,17.181148936255525
15.0,-45.0,-90,17.4494776895749,17.449414354614156
15.0,-45.0,0,17.449470722932322,17.449407345189975
15.0,-45.0,90,17.44946009383888,17.44939677879865
15.0,-40.0,-90,17.687893705355908,17.687184667100055
15.0,-40.0,0,17.687887759451264,17.687178581647416
15.0,-40.0,90,17.687878200463327,17.687169233540914
15.0,-35.0,-90,17.895914687366652,17.893752130809414
15.0,-35.0,0,17.89590978495247,17.893746990249287
15.0,-35.0,90,17.89590131145433,17.893738886882264
15.0,-30.0,-90,18.07303164622963,18.0684799834042
15.0,-30.0,0,18.073027807086625,18.068475805837775
15.0,-30.0,90,18.073020431857497,18.068468970139033
15.0,-25.0,-90,18.21881527277534,18.210823644545318
15.0,-25.0,0,18.21881251378851,18.210820445193622
15.0,-25.0,90,18.218806247011493,18.21081489651639
15.0,-20.0,-90,18.33291487503642,18.320332313110434
15.0,-20.0,0,18.33291321025739,18.320330104255262
15.0,-20.0,90,18.332908059520506,18.320325858325734
15.0,-15.0,-90,18.41505759398086,18.396650522356687
15.0,-15.0,0,18.415057034679414,18.396649313285923
15.0,-15.0,90,18.415053004970225,18.39664638215344
15.0,-10.0,-90,18.46504784348846,18.43951957177539
15.0,-10.0,0,18.46504839819531,18.439519368735077
15.0,-10.0,90,18.46504549189024,18.439517760726456
15.0,-5.0,-90,18.482766935082957,18.448778773066962
15.0,-5.0,0,18.4827686096255,18.448779579221902
15.0,-5.0,90,18.4827668264744,18.44877929890194
15.0,0.0,-90,18.46817286060841,18.42436646478093
15.0,0.0,0,18.468175658140574,18.424368280185206
15.0,0.0,90,18.468174995246898,18.424369328324495
15.0,5.0,-90,18.421300217166134,18.36632076634458
15.0,5.0,0,18.42130413819331,18.36632358792265
15.0,5.0,90,18.421304589989663,18.36632596147358
15.0,10.0,-90,18.34226026886507,18.27478005796561
15.0,10.0,0,18.342265311264335,18.274783879504398
15.0,10.0,90,18.342266869483147,18.27478757158532
15.0,15.0,-90,18.231241149867795,18.14998318870853
15.0,15.0,0,18.23124730890379,18.149988000860084
15.0,15.0,90,18.23124996254217,18.14999300074728
15.0,20.0,-90,18.088508223396477,17.99226943137023
15.0,20.0,0,18.08851549173258,17.992275221664414
15.0,20.0,90,18.08851922701027,17.99228151479063
15.0,25.0,-90,17.914404622377536,17.802078220117046
15.0,25.0,0,17.914412990081768,17.802084972982644
15.0,25.0,90,17.914417790390583,17.802092540940553
15.0,30.0,-90,17.709352009898147,17.579948725773917
15.0,30.0,0,17.709361464442857,17.57995642256642
15.0,30.0,90,17.709367310285455,17.579965243114366
15.0,35.0,-90,17.473851612391627,17.326519344904625
15.0,35.0,0,17.473862138645345,17.326527963937863
15.0,35.0,90,17.47386900756064,17.3265380110045
15.0,40.0,-90,17.208485596419884,17.042527203330607
15.0,40.0,0,17.20849717662931,17.04253671990884
15.0,40.0,90,17.20850504310095,17.04254796359221
15.0,45.0,-90,16.913918882314604,16.728807803760546
15.0,45.0,0,16.913931496073864,16.728818190206475
15.0,45.0,90,16.913940331417265,16.728830596761867
15.0,50.0,-90,16.590901516402234,16.38629498244209
15.0,50.0,0,16.590915140605443,16.386306208115226
15.0,50.0,90,16.590924912827717,16.38631973992455
15.0,55.0,-90,16.24027176025382,16.01602138352591
15.0,55.0,0,16.24028636902593,16.0160334148242
15.0,55.0,90,16.24029704265117,16.01604803033771
15.0,60.0,-90,15.86296010332922,15.619119715356883
15.0,60.0,0,15.862975667928193,15.619132515692595
15.0,60.0,90,15.862987203778882,15.619148169331357
15.0,65.0,-90,15.459994468574111,15.19682512462067
15.0,65.0,0,15.460010957255308,15.196838654359249
15.0,65.0,90,15.460023312177434,15.196855296363303
15.0,70.0,-90,15.032506964545291,14.750479118359415
15.0,70.0,0,15.03252434237581,14.750493334706736
15.0,70.0,90,15.032537468892041,14.750510910909835
15.0,75.0,-90,14.581742650173156,14.28153558894761
15.0,75.0,0,14.581760878779562,14.281550445766827
15.0,75.0,90,14.58177472464983,14.281568897272663
15.0,80.0,-90,14.10907092994188,13.791569665207478
15.0,80.0,0,14.109089967169046,13.791585112741
15.0,80.0,90,14.109104474831586,13.791604375468156
15.0,85.0,-90,13.616000402723785,13.282290340648025
15.0,85.0,0,13.616020202174328,13.282306325112298
15.0,85.0,90,13.616035308031774,13.282326329164498
15.0,90.0,-90,13.104198266780157,12.755558140362254
15.0,90.0,0,13.104218777192852,12.755574603372375
15.0,90.0,90,13.104234410696673,12.755595272176226
15.0,95.0,-90,12.575515763521894,12.213409512639625
15.0,95.0,0,12.575536927931667,12.213426390406243
15.0,95.0,90,12.575553010403226,12.213447639538936
15.0,100.0,-90,12.032021658768622,11.658090210870604
15.0,100.0,0,12.032043413368969,11.658107433091555
15.0,100.0,90,12.032059856475836,11.658129168694149
20.0,-100.0,-90,13.249415002765474,13.20211998059031
20.0,-100.0,0,13.24939962151529,13.202106259595437
20.0,-100.0,90,13.249379115212207,13.202084168416738
20.0,-95.0,-90,13.757363332381464,13.70967043640871
20.0,-95.0,0,13.757348486786016,13.709657179446914
20.0,-95.0,90,13.757328705366545,13.709635789801192
20.0,-90.0,-90,14.246277328567793,14.199522229031315
20.0,-90.0,0,14.246263088554441,14.199509488804328
20.0,-90.0,90,14.246244082110273,14.19948887310215
20.0,-85.0,-90,14.714513716004433,14.669933001891252
20.0,-85.0,0,14.71450014465731,14.6699208279461
20.0,-85.0,90,14.714481958555885,14.669901053669436
20.0,-80.0,-90,15.160584778406696,15.119269502016135
20.0,-80.0,0,15.160571932848843,15.119257941120116
20.0,-80.0,90,15.16055460831894,15.119239071402227
20.0,-75.0,-90,15.583139812543534,15.545996253606841
20.0,-75.0,0,15.583127744626685,15.545985349984601
20.0,-75.0,90,15.583111319192255,15.545967444005216
20.0,-70.0,-90,15.980950909403045,15.948668311983749
20.0,-70.0,0,15.980939666249228,15.948658107448054
20.0,-70.0,90,15.980924174050607,15.948641220687517
20.0,-65.0,-90,16.352902023316013,16.325927144126894
20.0,-65.0,0,16.35289164774445,16.325917678127823
20.0,-65.0,90,16.352877119775492,16.325901862513554
20.0,-60.0,-90,16.697980550943203,16.676498894883352
20.0,-60.0,0,16.697971081808216,16.67649020449537
20.0,-60.0,90,16.697957546090436,16.67647550846662
20.0,-55.0,-90,17.01527083469262,16.99919445553211
20.0,-55.0,0,17.015262307152064,16.99918657539475
20.0,-55.0,90,17.01524978886139,16.99917304390592
20.0,-50.0,-90,17.303949147786735,17.29291086916196
20.0,-50.0,0,17.3039415935162,17.292903831386933
20.0,-50.0,90,17.303930115073854,17.292891505865658
20.0,-45.0,-90,17.56327982435794,17.55663369638887
20.0,-45.0,0,17.5632732717223,17.556627530444096
20.0,-45.0,90,17.563262852858525,17.556616448717048
20.0,-40.0,-90,17.792612277443983,17.78944003336535
20.0,-40.0,0,17.79260675163544,17.789434765944804
20.0,-40.0,90,17.792597409432517,17.789424962141855
20.0,-35.0,-90,17.99137870772178,17.99050192761396
20.0,-35.0,0,17.991374230871518,17.990497582500655
20.0,-35.0,90,17.991365979790977,17.990489086945992
20.0,-30.0,-90,18.159092351444958,18.159089980124058
20.0,-30.0,0,18.159088942713925,18.159086578052506
20.0,-30.0,90,18.159081794611556,18.15907941714992
20.0,-25.0,-90,18.295346151120224,18.294576957400356
20.0,-25.0,0,18.295343826773376,18.294574515923724
20.0,-25.0,90,18.29533779090479,18.29456871204181
20.0,-20.0,-90,18.399811759747475,18.396441266925958
20.0,-20.0,0,18.399810533214946,18.396439800292384
20.0,-20.0,90,18.399805616233646,18.396435371654615
20.0,-15.0,-90,18.472238811012758,18.46427017539493
20.0,-15.0,0,18.472238692940614,18.464269694436688
20.0,-15.0,90,18.47223489888995,18.464266655020126
20.0,-10.0,-90,18.512454405201794,18.49776267225125
20.0,-10.0,0,18.512455403494346,18.497763184289692
20.0,-10.0,90,18.512452733794294,18.49776154373539
20.0,-5.0,-90,18.520362774969033,18.496731902422084
20.0,-5.0,0,18.520364894824343,18.49673341119071
20.0,-5.0,90,18.52036334825357,18.49673317472813
20.0,0.0,-90,18.49594510737137,18.461107112329998
20.0,0.0,0,18.495948351311007,18.46110961791726
20.0,0.0,90,18.495947923984403,18.461110786304165
20.0,5.0,-90,18.439259509500804,18.390935072856205
20.0,5.0,0,18.439263877394623,18.390938571669196
20.0,5.0,90,18.439264562736057,18.390941141147856
20.0,10.0,-90,18.35044111526087,18.286380962374842
20.0,10.0,0,18.350446604347148,18.28638544712417
20.0,10.0,90,18.350448393056887,18.286389409393944
20.0,15.0,-90,18.229702340904808,18.147728712726416
20.0,15.0,0,18.22970894580579,18.147734172432124
20.0,15.0,90,18.229711825821674,18.147739514637767
20.0,20.0,-90,18.077333307454204,17.97538084150076
20.0,20.0,0,18.0773410201868,17.975387261518318
20.0,20.0,90,18.077344976637825,17.975393966252526
20.0,25.0,-90,17.893702459646526,17.76985781577002
20.0,25.0,0,17.893711269627357,17.769865177834863
20.0,25.0,90,17.893716284777945,17.769873223152757
20.0,30.0,-90,17.679257424300705,17.53179701607061
20.0,30.0,0,17.679267318344422,17.531805298358773
20.0,30.0,90,17.679273371526907,17.53181465780102
20.0,35.0,-90,17.43452616676681,17.261951395771973
20.0,35.0,0,17.434537129075995,17.26196057297369
20.0,35.0,90,17.434544196608396,17.26197121559385
20.0,40.0,-90,17.16011852347571,16.96118796102996
20.0,40.0,0,17.160130535620013,16.961198004431953
20.0,40.0,90,17.160138590705266,16.961209894822495
20.0,45.0,-90,16.856728212872632,16.630486231699358
20.0,45.0,0,16.85674125375404,16.630497109270568
20.0,45.0,90,16.8567502663556,16.630510207580212
20.0,50.0,-90,16.525135457985655,16.270936885769856
20.0,50.0,0,16.525149503785553,16.270948562243948
20.0,50.0,90,16.52515944047325,16.270962824177396
20.0,55.0,-90,16.16621039394004,15.883740841690436
20.0,55.0,0,16.16622541804259,15.88375327863678
20.0,55.0,90,16.166236241800583,15.88376865542527
20.0,60.0,-90,15.78091748613073,15.470209097935696
20.0,60.0,0,15.780933459014888,15.470222253808455
20.0,60.0,90,15.780945129001424,15.47023869213678
20.0,65.0,-90,15.370321253949893,15.031763732291182
20.0,65.0,0,15.370338143040152,15.031777562443544
20.0,65.0,90,15.370350614285787,15.031795004315093
20.0,70.0,-90,14.935593687038926,14.569940571443837
20.0,70.0,0,14.935611456501226,14.569955028090918
20.0,70.0,90,14.93562467952826,14.569973410607297
20.0,75.0,-90,14.478023864400178,14.086394184046867
20.0,75.0,0,14.478042474864889,14.086409216156277
20.0,75.0,90,14.47805639520553,14.086428471181197
20.0,80.0,-90,13.999030452934665,13.582906040581511
20.0,80.0,0,13.999049861122012,13.582921593664516
20.0,80.0,90,13.999064418705899,13.58294164733246
20.0,85.0,-90,13.500177986920946,13.06139693899641
20.0,85.0,0,13.500198145135357,13.061412954764323
20.0,85.0,90,13.500213273507814,13.061433726782308
20.0,90.0,-90,12.98319813509885,12.523945140447594
20.0,90.0,0,12.983218990546254,12.523961556286899
20.0,90.0,90,12.983234615866607,12.523982958960925
20.0,95.0,-90,12.450017575859734,11.972812126152572
20.0,95.0,0,12.450039069724626,11.972828874357088
20.0,95.0,90,12.450055109477718,11.972850811252604
20.0,100.0,-90,11.902794659845314,11.410478513638383
20.0,100.0,0,11.902816726040339,11.410495520316514
20.0,100.0,90,11.902833087373713,11.410517884432412
25.0,-100.0,-90,13.447832076026286,13.32365663514278
25.0,-100.0,0,13.447817031526766,13.323644167407164
25.0,-100.0,90,13.44779655945571,13.323621194608489
25.0,-95.0,-90,13.950210668452808,13.82626460515582
25.0,-95.0,0,13.950196171992761,13.826252543766588
25.0,-95.0,90,13.950176443422357,13.826230273664171
25.0,-90.0,-90,14.433127474519008,14.311965236156402
25.0,-90.0,0,14.433113595017549,14.311953634160446
25.0,-90.0,90,14.43309465846853,14.311932142291155
25.0,-85.0,-90,14.894973769483325,14.778953426118099
25.0,-85.0,0,14.894960569176677,14.778942334424968
25.0,-85.0,90,14.894942468627637,14.77892169210248
25.0,-80.0,-90,15.334292164594498,15.225510356702525
25.0,-80.0,0,15.334279699871654,15.225499824313076
25.0,-80.0,90,15.334262475297441,15.225480099080553
25.0,-75.0,-90,15.749759223209072,15.649995989862619
25.0,-75.0,0,15.749747545267649,15.649986063967475
25.0,-75.0,90,15.749731233038133,15.649967319872857
25.0,-70.0,-90,16.140172099949258,16.050845470287417
25.0,-70.0,0,16.140161255312243,16.050836196264193
25.0,-70.0,90,16.140145888487265,16.05081849399912
25.0,-65.0,-90,16.504438246337397,16.42656853632582
25.0,-65.0,0,16.504428277261965,16.426559957658373
25.0,-65.0,90,16.5044138858086,16.426543354592837
25.0,-60.0,-90,16.84156746411816,16.775751223699135
25.0,-60.0,0,16.8415584089203,16.775743381837927
25.0,-60.0,90,16.841545019871905,16.775727931976096
25.0,-55.0,-90,17.150665763613805,17.097059283047646
25.0,-55.0,0,17.15065765692715,17.097052217227123
25.0,-55.0,90,17.150645294498425,17.097037971104662
25.0,-50.0,-90,17.430930615387094,17.389242836526535
25.0,-50.0,0,17.43092348837021,17.389236583552844
25.0,-50.0,90,17.430912174039,17.389223588092428
25.0,-45.0,-90,17.68164728130417,17.651141879306774
25.0,-45.0,0,17.681641161807132,17.65113647332717
25.0,-45.0,90,17.681630914371024,17.651124771665696
25.0,-40.0,-90,17.902185984629135,17.881692295496794
25.0,-40.0,0,17.902180897328172,17.88168776776051
25.0,-40.0,90,17.902171732941767,17.881677399059434
25.0,-35.0,-90,18.091999734484727,18.079932109413388
25.0,-35.0,0,18.091995700991504,18.079928488032323
25.0,-35.0,90,18.091987633188957,18.079919487280428
25.0,-30.0,-90,18.250622662578106,18.245007735710193
25.0,-30.0,0,18.25061970152899,18.24500504542658
25.0,-30.0,90,18.25061274123514,18.24499744324324
25.0,-25.0,-90,18.377668762961612,18.376180028089582
25.0,-25.0,0,18.377666890091074,18.376178290056927
25.0,-25.0,90,18.377661045623626,18.376172112502257
25.0,-20.0,-90,18.47283095131409,18.472829957972653
25.0,-20.0,0,18.472830179515405,18.472829189555057
25.0,-20.0,90,18.472825456579997,18.47282445795253
25.0,-15.0,-90,18.53588038067841,18.534463782896438
25.0,-15.0,0,18.535880720054273,18.53446399749082
25.0,-15.0,90,18.53587712173363,18.534460728266726
25.0,-10.0,-90,18.566665967200418,18.560717590525776
25.0,-10.0,0,18.566667425105397,18.560718797410516
25.0,-10.0,90,18.566664951843364,18.56071700195369
25.0,-5.0,-90,18.565114093279647,18.551361128753936
25.0,-5.0,0,18.565116674355867,18.551363332966737
25.0,-5.0,90,18.565115323936705,18.551363017511207
25.0,0.0,-90,18.531228467528017,18.506300856012523
25.0,0.0,0,18.5312321737352,18.506304058259598
25.0,0.0,90,18.5312319412581,18.506305223791806
25.0,5.0,-90,18.465090131753154,18.425582169113582
25.0,5.0,0,18.465094962393632,18.42558636571142
25.0,5.0,90,18.465095840242178,18.425589007902897
25.0,10.0,-90,18.366857615455153,18.309390789155007
25.0,10.0,0,18.3668635671941,18.309395972005294
25.0,10.0,90,18.366865545000003,18.3094000811708
25.0,15.0,-90,18.23676724862543,18.158053309681815
25.0,15.0,0,18.23677431550638,18.158059466279298
25.0,15.0,90,18.236777380106304,18.158065027359438
25.0,20.0,-90,18.075133654540245,17.97203693589299
25.0,20.0,0,18.075141827995424,17.972044049365262
25.0,20.0,90,18.07514596337948,17.9720510419318
25.0,25.0,-90,17.88235045637525,17.751948469782718
25.0,25.0,0,17.88235972522986,17.751956518960128
25.0,25.0,90,17.88236491247982,17.751964917240944
25.0,30.0,-90,17.658891245554944,17.498532624401083
25.0,30.0,0,17.658901596024233,17.498541583913966
25.0,30.0,90,17.65890781323876,17.49855135683373
25.0,35.0,-90,17.405310876677316,17.21266978180767
25.0,35.0,0,17.40532229235446,17.21267962220725
25.0,35.0,90,17.40532951455812,17.21269073343821
25.0,40.0,-90,17.12224717474102,16.895373344945522
25.0,40.0,0,17.122259636573336,16.895384032843634
25.0,40.0,90,17.12226783560513,16.89539644085972
25.0,45.0,-90,16.810423166714234,16.547786875153353
25.0,45.0,0,16.810436652964277,16.54779837337485
25.0,45.0,90,16.81044579734025,16.547812031500175
25.0,50.0,-90,16.4706499831628,16.17118125648015
25.0,50.0,0,16.470664469349632,16.171193524220428
25.0,50.0,90,16.470674524092793,16.171208380661138
25.0,55.0,-90,16.10383061931443,15.766952188254708
25.0,55.0,0,16.103846078129006,15.766965181232894
25.0,55.0,90,16.10385700455765,15.766981179078455
25.0,60.0,-90,15.710964802122122,15.336618382436521
25.0,60.0,0,15.710981203308528,15.336632053032645
25.0,60.0,90,15.71099295877174,15.336649130209114
25.0,65.0,-90,15.293155285447668,14.881820937538539
25.0,65.0,0,15.293172595639199,14.881835234900052
25.0,65.0,90,15.293185133185014,14.881853324053232
25.0,70.0,-90,14.851615996052649,14.404324483770877
25.0,70.0,0,14.851634178547993,14.404339353870299
25.0,70.0,90,14.851647446505403,14.404358382150713
25.0,75.0,-90,14.387682587766841,13.906020854619703
25.0,75.0,0,14.387701602226477,13.906036240240226
25.0,75.0,90,14.387715543676798,13.90605612895394
25.0,80.0,-90,13.902826142460558,13.388936252042452
25.0,80.0,0,13.902845944496303,13.388952092661967
25.0,80.0,90,13.902860496602035,13.38897275674084
25.0,85.0,-90,13.398671001195291,12.855243154091056
25.0,85.0,0,13.398691541816202,12.855259385626413
25.0,85.0,90,13.398706634965558,12.855280732857407
25.0,90.0,-90,12.877018039778099,12.307278588723273
25.0,90.0,0,12.877039264642248,12.307295143085186
25.0,90.0,90,12.87705482135466,12.307317073019979
25.0,95.0,-90,12.339875149242385,11.747570894852885
25.0,95.0,0,12.339896997645102,11.747587699246575
25.0,95.0,90,12.339912931166044,11.747610101688442
25.0,100.0,-90,11.789497279500168,11.178877743141884
25.0,100.0,0,11.789519683003318,11.178894719028468
25.0,100.0,90,11.78953589549525,11.178917471962247
30.0,-100.0,-90,13.64741897031004,13.408438522281578
30.0,-100.0,0,13.647404295638458,13.408427248102475
30.0,-100.0,90,13.647383823181045,13.408403416095828
30.0,-95.0,-90,14.14427571623895,13.906817659458833
30.0,-95.0,0,14.144261599260776,13.906806722472629
30.0,-95.0,90,14.144241888162089,13.906783581564538
30.0,-90.0,-90,14.621290310861626,14.389416854764749
30.0,-90.0,0,14.62127681979945,14.389406309730216
30.0,-90.0,90,14.621257917125098,14.389383939028976
30.0,-85.0,-90,15.076882946478673,14.854341128958001
30.0,-85.0,0,15.076870142989542,14.854331029583808
30.0,-85.0,90,15.076852091418138,14.85430950475143
30.0,-80.0,-90,15.509621823302433,15.299757058640038
30.0,-80.0,0,15.509609763275337,15.299747457658622
30.0,-80.0,90,15.509592601596346,15.299726851225754
30.0,-75.0,-90,15.918206739232545,15.723889413753984
30.0,-75.0,0,15.918195473416825,15.723880362868845
30.0,-75.0,90,15.918179236899151,15.72386074437802
30.0,-70.0,-90,16.301456443315082,16.1250215915506
30.0,-70.0,0,16.301446017817497,16.125013141284676
30.0,-70.0,90,16.30143073848173,16.124994577301184
30.0,-65.0,-90,16.658298867670222,16.50149897603403
30.0,-65.0,0,16.658289324349663,16.50149117550233
30.0,-65.0,90,16.658275031168166,16.501473729524047
30.0,-60.0,-90,16.987763570124407,16.851734509339973
30.0,-60.0,0,16.98775494690653,16.85172740596608
30.0,-60.0,90,16.987741665949265,16.851711138257684
30.0,-55.0,-90,17.288975881579244,17.17421588301749
30.0,-55.0,0,17.288968212708333,17.17420952221062
30.0,-55.0,90,17.288955967247688,17.174194489582934
30.0,-50.0,-90,17.561152372947397,17.467513852443467
30.0,-50.0,0,17.561145689188738,17.467508277250623
30.0,-50.0,90,17.56113449977331,17.467494532802345
30.0,-45.0,-90,17.80359734712327,17.730291253694936
30.0,-45.0,0,17.803591675926597,17.730286504440542
30.0,-45.0,90,17.80358156043134,17.730274097276755
30.0,-40.0,-90,18.0157001298915,17.961312364308295
30.0,-40.0,0,18.01569549552354,17.96130847823232
30.0,-40.0,90,18.015686469181848,17.96129745317189
30.0,-35.0,-90,18.196932985738535,18.159452301215122
30.0,-35.0,0,18.19692940939115,18.15944931211907
30.0,-35.0,90,18.196921484813018,18.159439709401145
30.0,-30.0,-90,18.34684952449862,18.32370619348005
30.0,-30.0,0,18.346847024377503,18.323704131389043
30.0,-30.0,90,18.34684021155698,18.323695986387282
30.0,-25.0,-90,18.465083495783205,18.453197906255564
30.0,-25.0,0,18.46508208718121,18.45319679710361
30.0,-25.0,90,18.465076393495245,18.453190140055362
30.0,-20.0,-90,18.551347892546644,18.54718812706743
30.0,-20.0,0,18.551347587904708,18.547187992411775
30.0,-20.0,90,18.551343018105207,18.54718284816819
30.0,-15.0,-90,18.605434304678106,18.605081657237143
30.0,-15.0,0,18.605435113636318,18.605082514006856
30.0,-15.0,90,18.605431669836356,18.6050789018088
30.0,-10.0,-90,18.62721247950761,18.62643378076676
30.0,-10.0,0,18.627214408948205,18.626435641049557
30.0,-10.0,90,18.627212090603127,18.626433574333046
30.0,-5.0,-90,18.616630059602496,18.610955611015495
30.0,-5.0,0,18.616633113686188,18.61095848188598
30.0,-5.0,90,18.616631917569805,18.610957968120022
30.0,0.0,-90,18.5737124800332,18.55851834253861
30.0,0.0,0,18.57371666022978,18.558522225930353
30.0,0.0,90,18.57371658040558,18.55852326648891
30.0,5.0,-90,18.49856301809164,18.46915636202914
30.0,5.0,0,18.49856832320547,18.469161254651947
30.0,5.0,90,18.49856935099236,18.46916384472085
30.0,10.0,-90,18.39136299886035,18.343069198874833
30.0,10.0,0,18.391369425051003,18.34307509217791
30.0,10.0,90,18.391371548982743,18.343079220696552
30.0,15.0,-90,18.252372170634285,18.180622322909997
30.0,15.0,0,18.25237971143211,18.18062920309072
30.0,15.0,90,18.25238291720925,18.180634852727234
30.0,20.0,-90,18.081929275580965,17.982346825053593
30.0,20.0,0,18.0819379218972,17.982354673110827
30.0,20.0,90,18.08194219232978,17.982361820268412
30.0,25.0,-90,17.88045285384546,17.748938046333073
30.0,25.0,0,17.880462593975842,17.748946838162833
30.0,25.0,90,17.880467908914696,17.748955453013686
30.0,30.0,-90,17.64844233433129,17.48125325310048
30.0,30.0,0,17.648453153951838,17.481262959631085
30.0,30.0,90,17.64845949020561,17.481273006172927
30.0,35.0,-90,17.386479483568362,17.18030849207914
30.0,35.0,0,17.386491365721223,17.180319079441553
30.0,35.0,90,17.38649869695545,17.180330515570343
30.0,40.0,-90,17.09523030662511,16.847274799567696
30.0,40.0,0,17.095243231691676,16.84728622929581
30.0,40.0,90,17.09525152830535,16.847299006886235
30.0,45.0,-90,16.775447522521187,16.483473986435946
30.0,45.0,0,16.775461468178786,16.483486215690018
30.0,45.0,90,16.775470697152443,16.483500280673393
30.0,50.0,-90,16.427973773157262,16.09037427682413
30.0,50.0,0,16.427988714314285,16.090387258628926
30.0,50.0,90,16.427998839022116,16.09040255105534
30.0,55.0,-90,16.05374577223614,15.669586146861802
30.0,55.0,0,16.05376168093892,15.669599830349222
30.0,55.0,90,16.053772660915428,15.669616284417527
30.0,60.0,-90,15.653799662849048,15.22285879451146
30.0,60.0,0,15.653816508151532,15.222873125154656
30.0,60.0,90,15.653828298800331,15.222890669189763
30.0,65.0,-90,15.229277934577082,14.752077778554327
30.0,65.0,0,15.229295682361322,14.752092698377563
30.0,65.0,90,15.22930823459037,14.752111254729249
30.0,70.0,-90,14.781438360257486,14.259264501486948
30.0,70.0,0,14.781456972988709,14.259279949231278
30.0,70.0,90,14.781470232751591,14.25929943406188
30.0,75.0,-90,14.311665558731034,13.746578387964876
30.0,75.0,0,14.311684995125614,13.746594299184814
30.0,75.0,90,14.311698902842355,13.746614622104248
30.0,80.0,-90,13.821485986139736,13.216322840882212
30.0,80.0,0,13.821506200716495,13.2163391479418
30.0,80.0,90,13.821520690539511,13.216360211436857
30.0,85.0,-90,13.312587422407734,12.670956358326404
30.0,85.0,0,13.312608364882237,12.670972990254285
30.0,85.0,90,13.31262336376254,12.670994688844054
30.0,90.0,-90,12.78684437465864,12.113110587031187
30.0,90.0,0,12.786865989125356,12.113127469182974
30.0,90.0,90,12.786881415620545,12.113149688212795
30.0,95.0,-90,12.246351294749632,11.545617593430588
30.0,95.0,0,12.246373518576265,11.545634646891747
30.0,95.0,90,12.246389281324351,11.545657260853524
30.0,100.0,-90,11.69346613773591,10.971549268622725
30.0,100.0,0,11.693488900066138,10.971566409266472
30.0,100.0,90,11.693504895827573,10.971589279503274
35.0,-100.0,-90,13.846639010130477,13.45460148296296
35.0,-100.0,0,13.846624734132442,13.454591318388774
35.0,-100.0,90,13.846604228140171,13.454566669118572
35.0,-95.0,-90,14.338062113625556,13.949521082527145
35.0,-95.0,0,14.338048402360522,13.949511175497717
35.0,-95.0,90,14.33802867463033,13.949487193691795
35.0,-90.0,-90,14.809311119006901,14.43010025112426
35.0,-90.0,0,14.809298040282673,14.430090659468345
35.0,-90.0,90,14.80927913654607,14.430067428189439
35.0,-85.0,-90,15.258829806557968,14.894328241245109
35.0,-85.0,0,15.258817421696861,14.894319022888633
35.0,-85.0,90,15.258799383427819,14.89429662257946
35.0,-80.0,-90,15.68520744317348,15.340229728996624
35.0,-80.0,0,15.68519580777884,15.340220941868377
35.0,-80.0,90,15.68517867265722,15.340199450517675
35.0,-75.0,-90,16.087163177468625,15.765865972440803
35.0,-75.0,0,16.08715234203141,15.765857674252485
35.0,-75.0,90,16.08713614428592,15.765837167394517
35.0,-70.0,-90,16.463533978909773,16.169339686006822
35.0,-70.0,0,16.463523989290337,16.16933193393553
35.0,-70.0,90,16.4635087599515,16.16931248452123
35.0,-65.0,-90,16.813265297147158,16.548802758591133
35.0,-65.0,0,16.813256194959393,16.548795608888415
35.0,-65.0,90,16.81324196204491,16.548777287059387
35.0,-60.0,-90,17.135403817508163,16.902466083860627
35.0,-60.0,0,17.135395640426967,16.902459591408956
35.0,-60.0,90,17.1353824290762,16.902442464200018
35.0,-55.0,-90,17.429091837996477,17.22861088393752
35.0,-55.0,0,17.42908462000481,17.22860510177237
35.0,-55.0,90,17.429072452574772,17.22858923276409
35.0,-50.0,-90,17.69356290520946,17.52560099922604
35.0,-50.0,0,17.693556676797783,17.52559597803947
35.0,-50.0,90,17.693545572929867,17.52558142697859
35.0,-45.0,-90,17.928138431064184,17.791895692943765
35.0,-45.0,0,17.928133219392105,17.791891480583217
35.0,-45.0,90,17.928123196056543,17.79187830298624
35.0,-40.0,-90,18.13222507629935,18.026062582840854
35.0,-40.0,0,18.132220905327404,18.026059223815356
35.0,-40.0,90,18.132211976850627,18.026047470568045
35.0,-35.0,-90,18.3053127356933,18.226790367489357
35.0,-35.0,0,18.305309626290896,18.226787902493502
35.0,-35.0,90,18.3053018043697,18.22677761945726
35.0,-30.0,-90,18.4469729977134,18.392901062513044
35.0,-30.0,0,18.44697096774781,18.39289952797785
35.0,-30.0,90,18.44696426145326,18.392890755612136
35.0,-25.0,-90,18.556857980783636,18.52336150478451
35.0,-25.0,0,18.556857045193926,18.52336093246283
35.0,-25.0,90,18.556851460967007,18.523353705471322
35.0,-20.0,-90,18.63469947168168,18.61729392114369
35.0,-20.0,0,18.634699642540436,18.6172943377367
35.0,-20.0,90,18.63469518418103,18.617288684743528
35.0,-15.0,-90,18.68030831038004,18.673985393532636
35.0,-15.0,0,18.680309596945353,18.673986820362874
35.0,-15.0,90,18.680306265595423,18.673982763624064
35.0,-10.0,-90,18.693573981172797,18.69289608535938
35.0,-10.0,0,18.693576389932222,18.692898538094585
35.0,-10.0,90,18.69357418405378,18.692896093248606
35.0,-5.0,-90,18.674464383154614,18.67366612504487
35.0,-5.0,0,18.67446791786243,18.673669613476065
35.0,-5.0,90,18.674466833210413,18.67366878933633
35.0,0.0,-90,18.623025764831038,18.616121072647154
35.0,0.0,0,18.62303042653971,18.61612560052327
35.0,0.0,90,18.6230304561295,18.616126398914314
35.0,5.0,-90,18.53938281850892,18.520275924736314
35.0,5.0,0,18.53938860559533,18.52028148965696
35.0,5.0,90,18.53938973966435,18.520283905294914
35.0,10.0,-90,18.423738940745768,18.386337641854347
35.0,10.0,0,18.4237458489323,18.386344235221156
35.0,10.0,90,18.423748074894757,18.38634825563803
35.0,15.0,-90,18.27637667611291,18.214706212509387
35.0,15.0,0,18.27638469848329,18.214713819535646
35.0,15.0,90,18.27638800087655,18.214719425045786
35.0,20.0,-90,18.097658373460533,18.005974298367384
35.0,20.0,0,18.09766750046973,18.005982898144634
35.0,20.0,90,18.097671860890568,18.005990061850408
35.0,25.0,-90,17.88802709745055,17.760925537873202
35.0,25.0,0,17.88803731692774,17.7609351034925
35.0,25.0,90,17.888042713955972,17.760943791325012
35.0,30.0,-90,17.648007854163033,17.480531620879443
35.0,30.0,0,17.648019151306038,17.480542119604028
35.0,30.0,90,17.6480255604124,17.480552290392957
35.0,35.0,-90,17.37820920909993,17.16594828614536
35.0,35.0,0,17.378221566458922,17.165959679630188
35.0,35.0,90,17.378228959893185,17.165971285195265
35.0,40.0,-90,17.079325400210717,16.818510438276174
35.0,40.0,0,17.079338797658068,16.818522682828654
35.0,40.0,90,17.079347144312425,16.81853566808313
35.0,45.0,-90,16.75213907935716,16.439726632739955
35.0,45.0,0,16.752153494039398,16.439739679614615
35.0,45.0,90,16.75216275928058,16.439753982668645
35.0,50.0,-90,16.397524855191957,16.031273239564545
35.0,50.0,0,16.397540261458342,16.03128703528276
35.0,50.0,90,16.39755040692043,16.031302587531616
35.0,55.0,-90,16.016453861801974,15.594988671534546
35.0,55.0,0,16.016470231102318,15.595003158218248
35.0,55.0,90,16.016481214429778,15.595019884396667
35.0,60.0,-90,15.609999644787354,15.132868155606271
35.0,60.0,0,15.610016945529383,15.132883271312117
35.0,60.0,90,15.6100287200571,15.132901089491277
35.0,65.0,-90,15.179345745310705,14.647059642666289
35.0,65.0,0,15.17936394266386,14.647075321703495
35.0,65.0,90,15.179376457017103,14.64709414320148
35.0,70.0,-90,14.725795480649651,14.139861598272471
35.0,70.0,0,14.725814536277753,14.139877771483414
35.0,70.0,90,14.725827733870053,14.139897500652413
35.0,75.0,-90,14.250784577192153,13.613723605346786
35.0,75.0,0,14.250804448891229,13.61374020032438
35.0,75.0,90,14.250818267291814,13.61376073416833
35.0,80.0,-90,13.75589752239676,13.071250950928128
35.0,80.0,0,13.755918163605813,13.071267892137106
35.0,80.0,90,13.755932533739728,13.071289119701458
35.0,85.0,-90,13.242888784149924,12.5152146769045
35.0,85.0,0,13.242910143290839,12.515231885665163
35.0,85.0,90,13.242924988424074,12.515253687124925
35.0,90.0,-90,12.71371042237501,11.948568963040987
35.0,90.0,0,12.713732441961659,11.948586357322807
35.0,90.0,90,12.713747676409566,11.948608602676257
35.0,95.0,-90,12.170548116582363,11.374478188563804
35.0,95.0,0,12.170570732017005,11.374495682522523
35.0,95.0,90,12.170586259496753,11.374518229775413
35.0,100.0,-90,11.615868283867705,10.796356578317997
35.0,100.0,0,11.615891421812867,10.796374081493276
35.0,100.0,90,11.615907133339505,10.796396774193962
40.0,-100.0,-90,14.0440237627752,13.46114331636503
40.0,-100.0,0,14.044009910244778,13.46113415465395
40.0,-100.0,90,14.043989339287972,13.461108748009524
40.0,-95.0,-90,14.530135579440053,13.953427241272514
40.0,-95.0,0,14.530122296168413,13.953418248124057
40.0,-95.0,90,14.53010251924028,13.953393474221729
40.0,-90.0,-90,14.995791120057797,14.433092230976015
40.0,-90.0,0,14.995778473691928,14.43308346866009
40.0,-90.0,90,14.995759535315363,14.433059414845404
40.0,-85.0,-90,15.439452710851283,14.897986784711344
40.0,-85.0,0,15.439440762600725,14.897978316782714
40.0,-85.0,90,15.43942270314607,14.89795506863269
40.0,-80.0,-90,15.859726367332746,15.345967959381838
40.0,-80.0,0,15.859715172711272,15.345959850399248
40.0,-80.0,90,15.859698028831072,15.34593749172831
40.0,-75.0,-90,16.255346845401977,15.774907479744497
40.0,-75.0,0,16.25533645481713,15.774899794864638
40.0,-75.0,90,16.25532025976772,15.774878407569346
40.0,-70.0,-90,16.625166051662326,16.182701472180995
40.0,-70.0,0,16.625156510885734,16.18269427665706
40.0,-70.0,90,16.625141294764045,16.182673940437546
40.0,-65.0,-90,16.96814404186867,16.567282924202836
40.0,-65.0,0,16.968135392412613,16.56727628281364
40.0,-65.0,90,16.968121182329217,16.567257074803173
40.0,-60.0,-90,17.283342020828925,16.92663610486661
40.0,-60.0,0,17.283334300249006,16.926630081299074
40.0,-60.0,90,17.28332112045305,16.92661207562798
40.0,-55.0,-90,17.56991689572835,17.258812292145446
40.0,-55.0,0,17.569910137867762,17.25880694835031
40.0,-55.0,90,17.5698980098354,17.258790215666362
40.0,-50.0,-90,17.827117039396004,17.561946246822295
40.0,-50.0,0,17.827111274583512,17.56194164236041
40.0,-50.0,90,17.827100217078584,17.561926249324358
40.0,-45.0,-90,18.054278999236033,17.83427295229198
40.0,-45.0,0,18.054274254447186,17.834269143686246
40.0,-45.0,90,18.0542642835607,17.83425515245826
40.0,-40.0,-90,18.2508249479141,18.074144208554326
40.0,-40.0,0,18.25082124690323,18.074141248660283
40.0,-40.0,90,18.25081237607649,18.074128716390756
40.0,-35.0,-90,18.416260718251507,18.280044728778037
40.0,-35.0,0,18.41625808166037,18.28004266618423
40.0,-35.0,90,18.4162503216955,18.280031644520225
40.0,-30.0,-90,18.55017430072152,18.450607439776654
40.0,-30.0,0,18.550172746169295,18.45060631824438
40.0,-30.0,90,18.5501661052298,18.45059685286129
40.0,-25.0,-90,18.65223471013586,18.58462773489802
40.0,-25.0,0,18.652234252294246,18.584627592848403
40.0,-25.0,90,18.65222873589754,18.584619723014676
40.0,-20.0,-90,18.722191150559237,18.681076470283216
40.0,-20.0,0,18.722191801215487,18.681077340338298
40.0,-20.0,90,18.722187412218794,18.681071098519787
40.0,-15.0,-90,18.759872425717557,18.73911153413025
40.0,-15.0,0,18.75987419382778,18.73911344271357
40.0,-15.0,90,18.75987093240822,18.73910885422253
40.0,-10.0,-90,18.76518655734586,18.758087854310304
40.0,-10.0,0,18.76518944908025,18.75809082131117
40.0,-10.0,90,18.765187312709497,18.75808790400388
40.0,-5.0,-90,18.73812058698377,18.737565743155915
40.0,-5.0,0,18.73812460576508,18.73756978166068
40.0,-5.0,90,18.738123589178663,18.737568545686262
40.0,0.0,-90,18.678740548431914,18.677317510142235
40.0,0.0,0,18.678745694967972,18.67732262623469
40.0,0.0,90,18.678745790128847,18.677323073836792
40.0,5.0,-90,18.587191609088467,18.577332304159334
40.0,5.0,0,18.587197881399277,18.577338496791633
40.0,5.0,90,18.587199077454898,18.57734062216311
40.0,10.0,-90,18.463698389293615,18.43781917777039
40.0,10.0,0,18.463705782733058,18.437826438704647
40.0,10.0,90,18.463708065964926,18.437830227894555
40.0,15.0,-90,18.308565480217066,18.259208396944572
40.0,15.0,0,18.308573987488998,18.259216710764722
40.0,15.0,90,18.30857734125301,18.259222141635338
40.0,20.0,-90,18.12217819336255,18.042151051988935
40.0,20.0,0,18.122187804530554,18.042160396181163
40.0,20.0,90,18.122192209186185,18.042167438411663
40.0,25.0,-90,17.905003589155733,17.787517059637658
40.0,25.0,0,17.905014291645383,17.78752740473698
40.0,25.0,90,17.905019724470918,17.78753601986871
40.0,30.0,-90,17.65759184919395,17.49639168351416
40.0,30.0,0,17.657603627785814,17.49640299331354
40.0,30.0,90,17.65761006287631,17.496413134830277
40.0,35.0,-90,17.380578077652068,17.170070741725393
40.0,35.0,0,17.38059091446308,17.17008297354272
40.0,35.0,90,17.3805983226066,17.17009458697731
40.0,40.0,-90,17.07468464345344,16.81005471777044
40.0,40.0,0,17.074698517903247,16.81006782276732
40.0,40.0,90,17.074706866429988,16.81008084582392
40.0,45.0,-90,16.74072420795629,16.418042046281936
40.0,45.0,0,16.740739096714154,16.418055969826902
40.0,45.0,90,16.740748349311495,16.4180703325052
40.0,50.0,-90,16.37960362550401,15.995921910990512
40.0,50.0,0,16.37961950241035,15.995936593057383
40.0,50.0,90,16.379629618894942,15.995952217762108
40.0,55.0,-90,15.992328959495465,15.545766972091023
40.0,55.0,0,15.992345795450019,15.545782347681028
40.0,55.0,90,15.992356731485826,15.545799149295929
40.0,60.0,-90,15.580011929028148,15.069826538237452
40.0,60.0,0,15.58002969183421,15.06984253781128
40.0,60.0,90,15.58004139858214,15.069860423711802
40.0,65.0,-90,15.143878196556647,14.570520820211808
40.0,65.0,0,15.14389685070722,14.570537370114334
40.0,65.0,90,15.143909274388102,14.57055624008704
40.0,70.0,-90,14.685278033338559,14.050437055728557
40.0,70.0,0,14.685297539725322,14.05045407858502
40.0,70.0,90,14.685310621072706,14.050473824614091
40.0,75.0,-90,14.205700067336227,13.512328485959838
40.0,75.0,0,14.205720382855606,13.512345901017014
40.0,75.0,90,14.205734056428184,13.51236640688851
40.0,80.0,-90,13.70678904173246,12.959117403063566
40.0,80.0,0,13.706810118753978,12.95913512644292
40.0,80.0,90,13.706824312068694,12.95915626710559
40.0,85.0,-90,13.19036880936397,12.393903782281642
40.0,85.0,0,13.19039059501346,12.393921727103193
40.0,85.0,90,13.190405227449183,12.393943367710435
40.0,90.0,-90,12.658472181410646,11.819981365319746
40.0,90.0,0,12.658494616603814,11.819999441645182
40.0,90.0,90,12.658509598011527,11.820021436186519
40.0,95.0,-90,12.113379762615324,11.240863463766173
40.0,95.0,0,12.113402780753766,11.240881578297767
40.0,95.0,90,12.11341800969195,11.240903767711142
40.0,100.0,-90,11.557670562759693,10.660321161701773
40.0,100.0,0,11.557694087970223,10.660339217160594
40.0,100.0,90,11.557709449464602,10.66036142680309
45.0,-100.0,-90,14.23817830471188,13.427922717617584
45.0,-100.0,0,14.23816489658981,13.42791443057775
45.0,-100.0,90,14.238144231147192,13.427888342816177
45.0,-95.0,-90,14.719129746578599,13.918449832601071
45.0,-95.0,0,14.719116909812765,13.918441617193848
45.0,-95.0,90,14.71909705286336,13.918416117505805
45.0,-90.0,-90,15.179393818157166,14.398325171505286
45.0,-90.0,0,15.179381620462339,14.398317095843932
45.0,-90.0,90,15.17936261544948,14.398292276134699
45.0,-85.0,-90,15.617446617248001,14.865232188264859
45.0,-85.0,0,15.617435119922302,14.865224322945151
45.0,-85.0,90,15.617417006218654,14.86520027420234
45.0,-80.0,-90,16.031906780903686,15.316836136479818
45.0,-80.0,0,16.03189603955056,15.316828554090199
45.0,-80.0,90,16.031878852869426,15.31680536621864
45.0,-75.0,-90,16.421521060735895,15.750795591462982
45.0,-75.0,0,16.4215111258407,15.750788365971763
45.0,-75.0,90,16.421494898540168,15.750766127473968
45.0,-70.0,-90,16.78515310298385,16.164777445284688
45.0,-70.0,0,16.785144020375867,16.16477065133687
45.0,-70.0,90,16.78512878168246,16.164749448877142
45.0,-65.0,-90,17.121774707546887,16.556474433596946
45.0,-65.0,0,17.12176651877089,16.556468145749154
45.0,-65.0,90,17.12175229494251,16.556448063633223
45.0,-60.0,-90,17.43045901118704,16.923624387818577
45.0,-60.0,0,17.430451753803215,16.923618679737057
45.0,-60.0,90,17.430438568246224,16.92359979933405
45.0,-55.0,-90,17.710375169443,17.264030522834535
45.0,-55.0,0,17.71036887727005,17.264025466477804
45.0,-55.0,90,17.710356750621415,17.264007865607198
45.0,-50.0,-90,17.960784209868105,17.575582171359496
45.0,-50.0,0,17.960778913181137,17.575577836164204
45.0,-50.0,90,17.960767863364037,17.575561588466915
45.0,-45.0,-90,18.181035803892087,17.85627546377717
45.0,-45.0,0,18.18103152958447,17.856271915863008
45.0,-45.0,90,18.181021571843452,17.856257090172747
45.0,-40.0,-90,18.370565761822444,18.10423352850711
45.0,-40.0,0,18.37056253353894,18.104230829914364
45.0,-40.0,90,18.370553680459388,18.104217489642867
45.0,-35.0,-90,18.528894099666516,18.31772585444054
45.0,-35.0,0,18.528891937913322,18.317724062411447
45.0,-35.0,90,18.52888419942862,18.317712264959056
45.0,-30.0,-90,18.65562356087278,18.495186515206186
45.0,-30.0,0,18.65562248310915,18.49518568151972
45.0,-30.0,90,18.655615866498138,18.495175477720842
45.0,-25.0,-90,18.750438503239028,18.635231006306576
45.0,-25.0,0,18.750438523954028,18.635231176674385
45.0,-25.0,90,18.75043303383054,18.63522261028558
45.0,-20.0,-90,18.813104082988556,18.736671491704513
45.0,-20.0,0,18.813105213765812,18.73667270523437
45.0,-20.0,90,18.813100852061513,18.73666581247155
45.0,-15.0,-90,18.843465685806002,18.798530297327215
45.0,-15.0,0,18.843467935378612,18.79853258605898
45.0,-15.0,90,18.843464701319906,18.79852739518849
45.0,-10.0,-90,18.84144856956675,18.820051526178332
45.0,-10.0,0,18.841451943864097,18.82005491469634
45.0,-10.0,90,18.84144983394338,18.820051445683628
45.0,-5.0,-90,18.807057696480058,18.800710704209948
45.0,-5.0,0,18.80706219866764,18.800715209334502
45.0,-5.0,90,18.80706120660882,18.800713473552786
45.0,0.0,-90,18.740377744135994,18.74022239863986
45.0,0.0,0,18.740383374649195,18.740228029199734
45.0,0.0,90,18.74038349136703,18.740228029199734
45.0,5.0,-90,18.64157329614888,18.638545781792207
45.0,5.0,0,18.64158005272101,18.638552538478926
45.0,5.0,90,18.64158126627337,18.63855426781968
45.0,10.0,-90,18.51088922432931,18.495888144555828
45.0,10.0,0,18.510897102013985,18.49589601985968
45.0,10.0,90,18.51089939754581,18.495899462999116
45.0,15.0,-90,18.348651286201946,18.312706394972267
45.0,15.0,0,18.348660277389442,18.312715373199154
45.0,15.0,90,18.348663637066643,18.312720505441753
45.0,20.0,-90,18.155266974872887,18.089706610108482
45.0,20.0,0,18.155277069299736,18.089716667475745
45.0,20.0,90,18.155281472230747,18.089723454973246
45.0,25.0,-90,17.931226673495512,17.827841744161407
45.0,25.0,0,17.931237858245918,17.82785284896984
45.0,25.0,90,17.931243280388003,17.827861248769327
45.0,30.0,-90,17.67710518480101,17.528307633756665
45.0,30.0,0,17.67711744429832,17.528319746634885
45.0,30.0,90,17.677123858344917,17.528329706766897
45.0,35.0,-90,17.39356372850005,17.19253748394038
45.0,35.0,0,17.393577044485564,17.192550558156807
45.0,35.0,90,17.39358441972991,17.1925620177539
45.0,40.0,-90,17.08135252730329,16.822195067023383
45.0,40.0,0,17.08136687879878,16.82220904885948
45.0,40.0,90,17.081375180968042,16.822221938293534
45.0,45.0,-90,16.741314137790706,16.419166923226236
45.0,45.0,0,16.741329501039953,16.41918175240363
45.0,45.0,90,16.741338692092217,16.41919599342712
45.0,50.0,-90,16.374387727950502,15.985553919511778
45.0,50.0,0,16.374404076333246,15.985569529663811
45.0,50.0,90,16.374414114208033,15.98558503553699
45.0,55.0,-90,15.98161456233295,15.523662604227086
45.0,55.0,0,15.98163186624281,15.52367892340352
45.0,55.0,90,15.981642704553131,15.523695598985313
45.0,60.0,-90,15.564145033006833,15.035996894084587
45.0,60.0,0,15.564163259681662,15.036013845275496
45.0,60.0,90,15.5641748473323,15.036031587050815
45.0,65.0,-90,15.123247675995488,14.525250751216399
45.0,65.0,0,15.12326678928493,14.525268252878236
45.0,65.0,90,15.123279069997608,14.525286948888319
45.0,70.0,-90,14.660320746770132,13.9943026567561
45.0,70.0,0,14.660340706819744,13.99432062331884
45.0,70.0,90,14.660353618540274,13.994340152953727
45.0,75.0,-90,14.176907105446857,13.446212868888775
45.0,75.0,0,14.176927868271141,13.446231211218294
45.0,75.0,90,14.176941342426792,13.446251444821685
45.0,80.0,-90,13.674713396473885,12.884224671460432
45.0,80.0,0,13.674734913380755,12.884243297243964
45.0,80.0,90,13.674748873947205,12.884264095470316
45.0,85.0,-90,13.155634816148378,12.311771073569602
45.0,85.0,0,13.15565703296421,12.311789887584823
45.0,85.0,90,13.155671395290305,12.31181110043726
45.0,90.0,-90,12.621787164493082,11.732488700092057
45.0,90.0,0,12.621810020519517,11.732507604311559
45.0,90.0,90,12.621824689844376,11.732529069778202
45.0,95.0,-90,12.075548396237716,11.150240884477334
45.0,95.0,0,12.075571822846909,11.15025977795089
45.0,95.0,90,12.075586692427942,11.150281320149395
45.0,100.0,-90,11.519612531716723,10.569152160754907
45.0,100.0,0,11.519636450459709,10.569170939203387
45.0,100.0,90,11.51965139921294,10.569192365945279
50.0,-100.0,-90,14.427784830509367,13.355659101242255
50.0,-100.0,0,14.42777188408826,13.355651540530975
50.0,-100.0,90,14.427751096684478,13.355624862719903
50.0,-95.0,-90,14.903750394713795,13.845363908043831
50.0,-95.0,0,14.903738019390206,13.845356315736659
50.0,-95.0,90,14.903718053495362,13.845330172692963
50.0,-90.0,-90,15.358849804522892,14.326587149969965
50.0,-90.0,0,15.358838068285017,14.326579601468307
50.0,-90.0,90,15.358818966394848,14.326554089880855
50.0,-85.0,-90,15.791568402443877,14.796823590955674
50.0,-85.0,0,15.791557366861053,14.796816165309195
50.0,-85.0,90,15.79153916746066,14.79679138177177
50.0,-80.0,-90,16.200533497157295,15.253524161921977
50.0,-80.0,0,16.20052321808658,15.253516941104499
50.0,-80.0,90,16.20050595604316,15.253492981770073
50.0,-75.0,-90,16.584500347279622,15.694113347602975
50.0,-75.0,0,16.584490875432795,15.694106415672131
50.0,-75.0,90,16.584474582286,15.694083375762018
50.0,-70.0,-90,16.942341221643645,16.116009787661206
50.0,-70.0,0,16.942332603043628,16.116003229837798
50.0,-70.0,90,16.942317307218804,16.115981203044218
50.0,-65.0,-90,17.273036849262777,16.516649099389237
50.0,-65.0,0,17.273029125612332,16.51664300108773
50.0,-65.0,90,17.273014852575535,16.516622078901943
50.0,-60.0,-90,17.57566973139772,16.89350807608066
50.0,-60.0,0,17.57566294037834,16.89350252191757
50.0,-60.0,90,17.575649712747126,16.893482792910852
50.0,-55.0,-90,17.849418909369213,17.24412954466152
50.0,-55.0,0,17.849413084884457,17.244124617464518
50.0,-55.0,90,17.849400922505012,17.24410616654483
50.0,-50.0,-90,18.093555874229533,17.566147279288806
50.0,-50.0,0,18.093551046603977,17.5661430591257
50.0,-50.0,90,18.093539966602517,17.566125966789194
50.0,-45.0,-90,18.30744137521895,17.857310465626576
50.0,-45.0,0,18.307437571361596,17.857307028870103
50.0,-45.0,90,18.307427588175972,17.857291370463486
50.0,-40.0,-90,18.490522938472463,18.115507294933504
50.0,-40.0,0,18.49052018201172,18.115504713375067
50.0,-40.0,90,18.49051130740765,18.115490558382348
50.0,-35.0,-90,18.64233294976314,18.33878733959816
50.0,-35.0,0,18.642331261158947,18.338785679621306
50.0,-35.0,90,18.642323504234245,18.338773090985992
50.0,-30.0,-90,18.762487188226643,18.525382424034603
50.0,-30.0,0,18.76248658486415,18.525381745856997
50.0,-30.0,90,18.76247995204329,18.525370779348922
50.0,-25.0,-90,18.85068372431658,18.67372575855322
50.0,-25.0,0,18.85068422058503,18.673726115543996
50.0,-25.0,90,18.850678715605806,18.673716819178292
50.0,-20.0,-90,18.906702116451775,18.78246915050787
50.0,-20.0,0,18.90670372381123,18.78247058858596
50.0,-20.0,90,18.906699347704613,18.782463002100048
50.0,-15.0,-90,18.93040285828819,18.8504981481225
50.0,-15.0,0,18.930405585326383,18.85050070524007
50.0,-15.0,90,18.930402336390205,18.850494859633237
50.0,-10.0,-90,18.921727043346632,18.876945009209415
50.0,-10.0,0,18.921730895827466,18.87694871492347
50.0,-10.0,90,18.921728769594207,18.876944632062198
50.0,-5.0,-90,18.880696226711763,18.86119942066204
50.0,-5.0,0,18.880701207616745,18.861204295796295
50.0,-5.0,90,18.880700196815102,18.86120198808738
50.0,0.0,-90,18.80741247541259,18.802916926168933
50.0,0.0,0,18.80741858497587,18.802922982567054
50.0,0.0,90,18.807418679485693,18.802922452699224
50.0,5.0,-90,18.702058610542608,18.70202504998596
50.0,5.0,0,18.702065846280053,18.702032290356506
50.0,5.0,90,18.702067033079516,18.702033531110022
50.0,10.0,-90,18.56489865578776,18.558727134686873
50.0,10.0,0,18.564907012519996,18.55873555253936
50.0,10.0,90,18.564909275623698,18.558738546661914
50.0,15.0,-90,18.39627851942575,18.373503941429053
50.0,15.0,0,18.396287989294766,18.373513521099813
50.0,15.0,90,18.39629130968081,18.37351824124554
50.0,20.0,-90,18.19662695071856,18.147113093274406
50.0,20.0,0,18.196637523197012,18.147123810040075
50.0,20.0,90,18.196641878720563,18.147130218767167
50.0,25.0,-90,17.966456827733456,17.880586476418973
50.0,25.0,0,17.966468489625154,17.880598296694576
50.0,25.0,90,17.96647385491538,17.880606346515215
50.0,30.0,-90,17.706366852954133,17.57522575184978
50.0,30.0,0,17.706379588383744,17.57523863346735
50.0,30.0,90,17.70638593472008,17.57524826694207
50.0,35.0,-90,17.41704375679371,17.232596172192554
50.0,35.0,0,17.417057547182765,17.232610064755406
50.0,35.0,90,17.41706484234546,17.23262121462163
50.0,40.0,-90,17.09926513884861,16.854518946817066
50.0,40.0,0,17.099279962873926,16.854533792123366
50.0,40.0,90,17.099288170962584,16.854546381445786
50.0,45.0,-90,16.753903114471104,16.44306245442518
50.0,45.0,0,16.753918948000464,16.443078186953414
50.0,45.0,90,16.753928029212563,16.44309212928063
50.0,50.0,-90,16.381928982669496,16.000532668536508
50.0,50.0,0,16.381945798667598,16.000549215983487
50.0,50.0,90,16.38195570902693,16.000564415492292
50.0,55.0,-90,15.98441919402437,15.52946324008801
50.0,55.0,0,15.984436962419874,15.529480523948376
50.0,55.0,90,15.984447653442253,15.529496875552912
50.0,60.0,-90,15.562562978958573,15.032605775717856
50.0,60.0,0,15.562581666459893,15.032623711891505
50.0,60.0,90,15.562593084739966,15.03264110128968
50.0,65.0,-90,15.11767210356609,14.512920963296159
50.0,65.0,0,15.117691673409555,14.51293946270704
50.0,65.0,90,15.117703760108332,14.512957766331157
50.0,70.0,-90,14.651193360498695,13.973571330599356
50.0,70.0,0,14.65121377210696,13.973590299805544
50.0,70.0,90,14.651226462314106,13.973609384637479
50.0,75.0,-90,14.164724586737412,13.417916579866407
50.0,75.0,0,14.164745795258563,13.417935921636829
50.0,75.0,90,14.164759017196438,13.417955644840985
50.0,80.0,-90,13.660035241768508,12.849512617654456
50.0,80.0,0,13.660057197455842,12.84953223148232
50.0,80.0,90,13.66007087148356,12.849552439802157
50.0,85.0,-90,13.139092894637065,12.272115585062423
50.0,85.0,0,13.139115542015594,12.272135367579192
50.0,85.0,90,13.139129579380443,12.272155896436535
50.0,90.0,-90,12.604097373629767,11.689692360978981
50.0,90.0,0,12.604120650376675,11.68971220622608
50.0,90.0,90,12.604134951647556,11.689732878459331
50.0,95.0,-90,12.057524841888977,11.106439103306771
50.0,95.0,0,12.057548677330283,11.106458902816039
50.0,95.0,90,12.057563130433511,11.106479526997717
50.0,100.0,-90,11.502184676369884,10.526809299051166
50.0,100.0,0,11.502208989463313,10.526828941681746
50.0,100.0,90,11.502223467227713,10.526849309976246
55.0,-100.0,-90,14.611604940016955,13.245933431541944
55.0,-100.0,0,14.611592469145243,13.245926430019145
55.0,-100.0,90,14.61157153444357,13.245899266495213
55.0,-95.0,-90,15.082778377809518,13.735805557069165
55.0,-95.0,0,15.08276647548142,13.73579841637535
55.0,-95.0,90,15.082746373728481,13.735771727129187
55.0,-90.0,-90,15.532960279398699,14.219520335709088
55.0,-90.0,0,15.532949014060838,14.21951314002345
55.0,-90.0,90,15.53292978693894,14.21948702669128
55.0,-85.0,-90,15.960640932155576,14.694361018117863
55.0,-85.0,0,15.960630365814273,14.694353856347206
55.0,-85.0,90,15.960612051034602,14.694328421235342
55.0,-80.0,-90,16.36445252951644,15.157543708093797
55.0,-80.0,0,16.364442718432443,15.157536672888318
55.0,-80.0,90,16.364425350113628,15.157512018440043
55.0,-75.0,-90,16.743155461918512,15.606241006540797
55.0,-75.0,0,16.743146457167168,15.606234193207673
55.0,-75.0,90,16.74313006611526,15.606210421337883
55.0,-70.0,-90,17.09562757847938,16.03760845148681
55.0,-70.0,0,17.095619426403708,16.03760195684124
55.0,-70.0,90,17.095604040317625,16.037579168177604
55.0,-65.0,-90,17.420855766238798,16.44881271636611
55.0,-65.0,0,17.420848508817073,16.448806637553474
55.0,-65.0,90,17.420834152437653,16.448784930616405
55.0,-60.0,-90,17.717929342650912,16.83706069723666
55.0,-60.0,0,17.717923017796018,16.83705513055366
55.0,-60.0,90,17.717909713012066,16.837034600902214
55.0,-55.0,-90,17.986034871128236,17.19962876775516
55.0,-55.0,0,17.986029512932372,17.199623807492994
55.0,-55.0,90,17.98601727885396,17.19960454685906
55.0,-50.0,-90,18.224452097035403,17.53389160847061
55.0,-50.0,0,18.22444773597102,17.533887345798632
55.0,-50.0,90,18.224436588977607,17.533869441228134
55.0,-45.0,-90,18.43255076900859,17.837350125458496
55.0,-45.0,0,18.432547432094143,17.837346647363425
55.0,-45.0,90,18.432537385863263,17.837330180379904
55.0,-40.0,-90,18.60978816273783,18.107658064403047
55.0,-40.0,0,18.60978587367526,18.107655452695408
55.0,-40.0,90,18.609776939196102,18.107640498498743
55.0,-35.0,-90,18.7557071651242,18.34264700223512
55.0,-35.0,0,18.755705944413602,18.342645332632255
55.0,-35.0,90,18.75569812998859,18.34263195934296
55.0,-30.0,-90,18.869934808847614,18.540349461761213
55.0,-30.0,0,18.869934673883446,18.54034880305417
55.0,-30.0,90,18.869927985120245,18.54033707101174
55.0,-25.0,-90,18.952181173013308,18.6990199477185
55.0,-25.0,0,18.952182138165668,18.69902036102819
55.0,-25.0,90,18.95217657796109,18.699010322150382
55.0,-20.0,-90,19.002238586344554,18.81715374752532
55.0,-20.0,0,19.002240663028193,18.817155285652174
55.0,-20.0,90,19.00223623154517,18.817146982860496
55.0,-15.0,-90,19.019981086644176,18.893503378590637
55.0,-15.0,0,19.019984283377436,18.893506085460768
55.0,-15.0,90,19.019980978015532,18.893499552176195
55.0,-10.0,-90,19.0053641049798,18.927092598066267
55.0,-10.0,0,19.00536842743502,18.927096508276087
55.0,-10.0,90,19.00536624279465,18.927091767987744
55.0,-5.0,-90,18.9584243560921,18.91722792179467
55.0,-5.0,0,18.958429807138653,18.91723306025516
55.0,-5.0,90,18.958428734978703,18.91723012616345
55.0,0.0,-90,18.87927992859233,18.86350762813035
55.0,0.0,0,18.879286508333063,18.863514009811343
55.0,0.0,90,18.879286537521214,18.863512884545898
55.0,5.0,-90,18.76813058024492,18.7658282503267
55.0,5.0,0,18.768138286046202,18.765835880100884
55.0,5.0,90,18.768139402500914,18.765836555512397
55.0,10.0,-90,18.625258255637878,18.624388589188918
55.0,10.0,0,18.625267082153307,18.62439746177439
55.0,10.0,90,18.625269268775835,18.624399918798314
55.0,15.0,-90,18.451027856464425,18.4396913065263
55.0,15.0,0,18.4510377956516,18.439701406526073
55.0,15.0,90,18.451041032246046,18.439705615114516
55.0,20.0,-90,18.245888309174457,18.212542190396245
55.0,20.0,0,18.24589935030385,18.212553492432125
55.0,20.0,90,18.24590361348249,18.21255941154916
55.0,25.0,-90,18.010373991724684,17.944047216048137
55.0,25.0,0,18.01038612137904,17.944059684985692
55.0,25.0,90,18.01039138444964,17.944067262659495
55.0,30.0,-90,17.745106601562053,17.63560756275258
55.0,30.0,0,17.745119803624103,17.635621154013116
55.0,30.0,90,17.745126036454888,17.635630327436505
55.0,35.0,-90,17.450797572075036,17.288912787372677
55.0,35.0,0,17.45081182770046,17.28892744732714
55.0,35.0,90,17.450818996557317,17.288938142996244
55.0,40.0,-90,17.128251176158784,16.905932401796235
55.0,40.0,0,17.128266463730146,16.905948068234828
55.0,40.0,90,17.128274531079487,16.905960202113047
55.0,45.0,-90,16.77836849536779,16.488906154588864
55.0,45.0,0,16.77838479042403,16.488922757258972
55.0,45.0,90,16.778393714692715,16.488936234950778
55.0,50.0,-90,16.402152484134817,16.04033337901538
55.0,50.0,0,16.40216975926872,16.04035084021884
55.0,50.0,90,16.402179494550538,16.040365557134947
55.0,55.0,-90,16.00071442434963,15.562961841574724
55.0,55.0,0,16.00073264906349,15.562980076813691
55.0,55.0,90,16.000743144758868,15.562995918305322
55.0,60.0,-90,15.575282150991644,15.059776608945725
55.0,60.0,0,15.575301291497953,15.05979552760425
55.0,60.0,90,15.575312491870019,15.059812369040285
55.0,65.0,-90,15.12721054073432,14.533989547705207
55.0,65.0,0,15.127230559683946,14.534009053750934
55.0,65.0,90,15.127242403309795,14.534026760507256
55.0,70.0,-90,14.657994900534272,13.989030179814844
55.0,70.0,0,14.6580157566487,13.989050172502111
55.0,70.0,90,14.658028175739052,13.989068599827592
55.0,75.0,-90,14.169288082326753,13.428538733944697
55.0,75.0,0,14.169309729902894,13.428559108496579
55.0,75.0,90,14.169322649456472,13.428578101215788
55.0,80.0,-90,13.662922395333732,12.856362348255082
55.0,80.0,0,13.662944783579139,12.856382996497562
55.0,80.0,90,13.662958120329515,12.85640238850697
55.0,85.0,-90,13.14093770283999,12.276555472881986
55.0,85.0,0,13.14096077498172,12.276576283798907
55.0,85.0,90,13.140974436084266,12.276595897313074
55.0,90.0,-90,12.60561748835265,11.69338554844978
55.0,90.0,0,12.605641180443806,11.69340640862297
55.0,90.0,90,12.605655061838906,11.693426053133313
55.0,95.0,-90,12.059535162635411,11.11134492466794
55.0,95.0,0,12.059559401958333,11.111365718564363
55.0,95.0,90,12.059573386335396,11.111385189490823
55.0,100.0,-90,11.505613443586693,10.535169599516292
55.0,100.0,0,11.505638146520072,10.535190209586013
55.0,100.0,90,11.505652100798038,10.535209286640546
60.0,-100.0,-90,14.78848089816395,13.10118942922951
60.0,-100.0,0,14.788468913442681,13.101182802482956
60.0,-100.0,90,14.788447808299978,13.101155269307851
60.0,-95.0,-90,15.255071511413156,13.592270512169984
60.0,-95.0,0,15.255060090438553,13.592263636624915
60.0,-95.0,90,15.25503982800124,13.592236511633448
60.0,-90.0,-90,15.700599528581913,14.079616853755065
60.0,-90.0,0,15.700588740425617,14.07960982389161
60.0,-90.0,90,15.700569361698445,14.079583213758173
60.0,-85.0,-90,16.12355608868231,14.560278643596135
60.0,-85.0,0,16.123545995938287,14.560271559547317
60.0,-85.0,90,16.123527537975118,14.560245572294384
60.0,-80.0,-90,16.522574631801422,15.031219287707442
60.0,-80.0,0,16.52256529127167,15.031212253991683
60.0,-80.0,90,16.522547787543957,15.031186998266932
60.0,-75.0,-90,16.896417408888137,15.48934556760771
60.0,-75.0,0,16.896408872138352,15.489338691783841
60.0,-75.0,90,16.896392352807872,15.48931427602231
60.0,-70.0,-90,17.24396487562006,15.931539970194972
60.0,-70.0,0,17.243957189431125,15.93153336148218
60.0,-70.0,90,17.24394168155007,15.931509892991903
60.0,-65.0,-90,17.564207346417554,16.354694131838276
60.0,-65.0,0,17.56420055315354,16.35468789973548
60.0,-65.0,90,17.56418608080946,16.35466548373829
60.0,-60.0,-90,17.8562384242724,16.755742537430354
60.0,-60.0,0,17.85623256218148,16.755736790362445
60.0,-60.0,90,17.856219146600136,16.755715529015944
60.0,-55.0,-90,18.119249829873752,17.13169578420173
60.0,-55.0,0,18.119244933335303,17.13169062821403
60.0,-55.0,90,18.119232592951203,17.13167061963609
60.0,-50.0,-90,18.352527336838506,17.479672861229
60.0,-50.0,0,18.352523436566823,17.479668398746423
60.0,-50.0,90,18.352512187068978,17.4796497360596
60.0,-45.0,-90,18.555447584439193,17.796932011049094
60.0,-45.0,0,18.55544470765219,17.796928339712437
60.0,-45.0,90,18.555434562010568,17.796911110122466
60.0,-40.0,-90,18.727475589536937,18.08089983293131
60.0,-40.0,0,18.727473760096682,18.08089704451998
60.0,-40.0,90,18.727464728573622,18.080881328439933
60.0,-35.0,-90,18.868162818904896,18.329198361862847
60.0,-35.0,0,18.86816205743522,18.329196541310854
60.0,-35.0,90,18.868154147584818,18.329182411540344
60.0,-30.0,-90,18.977145714404617,18.53966991683081
60.0,-30.0,0,18.97714603839018,18.539669141341037
60.0,-30.0,90,18.977139255047955,18.539656662308026
60.0,-25.0,-90,19.05414458858113,18.71039955988959
60.0,-25.0,0,19.054146012451383,18.710399898149923
60.0,-25.0,90,19.05414035771568,18.71038912522114
60.0,-20.0,-90,19.098962828740053,18.839735046714825
60.0,-20.0,0,19.09896536394071,18.839736558218476
60.0,-20.0,90,19.098960837146898,18.839727537083107
60.0,-15.0,-90,19.111486364692173,18.92630418232138
60.0,-15.0,0,19.1114900197464,18.92630691679311
60.0,-15.0,90,19.111486617434263,18.926299682923155
60.0,-10.0,-90,19.091683370082226,18.969029524375483
60.0,-10.0,0,19.091688150643016,18.969033521304382
60.0,-10.0,90,19.09168586651747,18.96902809949389
60.0,-5.0,-90,19.039604180371043,18.96714040267298
60.0,-5.0,0,19.039610089265967,18.967145690952137
60.0,-5.0,90,19.039608914150666,18.967142094936495
60.0,0.0,-90,18.95538142281486,18.920182248172882
60.0,0.0,0,18.95538846008383,18.920188845845484
60.0,0.0,90,18.955388381866918,18.920187078000694
60.0,5.0,-90,18.83923036581952,18.828023249493377
60.0,5.0,0,18.83923852874589,18.828031163604365
60.0,5.0,90,18.83923953231664,18.82803121472515
60.0,10.0,-90,18.691449507462323,18.690858379835266
60.0,10.0,0,18.691458790597103,18.69086760638697
60.0,10.0,90,18.691460857771848,18.690869455541367
60.0,15.0,-90,18.512421436418336,18.509210863610022
60.0,15.0,0,18.51243183159705,18.5092213876198
60.0,15.0,90,18.512434941032083,18.509225002076505
60.0,20.0,-90,18.302614013721573,18.28393118026477
60.0,20.0,0,18.302625510072566,18.283942975921825
60.0,20.0,90,18.302629637161214,18.283948311145238
60.0,25.0,-90,18.06258194158054,18.01619373354779
60.0,25.0,0,18.062594525523092,18.016206764465824
60.0,25.0,90,18.06259964227335,18.016213764172154
60.0,30.0,-90,17.792968806884765,17.707491348402606
60.0,30.0,0,17.792982462114615,17.707505567964077
60.0,30.0,90,17.792988537002813,17.707514164230187
60.0,35.0,-90,17.4945097133817,17.35962779552463
60.0,35.0,0,17.49452442084063,17.359643147311626
60.0,35.0,90,17.49453141863545,17.359653260726326
60.0,40.0,-90,17.168034649431537,16.974708586127697
60.0,40.0,0,17.1680503872566,16.97472500443325
60.0,40.0,90,17.16805826880642,16.974736544278716
60.0,45.0,-90,16.814472779911124,16.555130327440736
60.0,45.0,0,16.81448952335754,16.555147737853506
60.0,45.0,90,16.81449824533221,16.555160602302006
60.0,50.0,-90,16.43485790403408,16.10356898361765
60.0,50.0,0,16.43487562536387,16.1035873036713
60.0,50.0,90,16.43488513993994,16.10360137997987
60.0,55.0,-90,16.03033538922967,15.622967447562733
60.0,55.0,0,16.03035405755559,15.622986587439895
60.0,55.0,90,16.03036431203109,15.623001752122677
60.0,60.0,-90,15.602170979510124,15.116522896475322
60.0,60.0,0,15.602190560580874,15.116542759754072
60.0,60.0,90,15.602201496902332,15.116558878709064
60.0,65.0,-90,15.151761991034961,14.58767447619135
60.0,65.0,0,15.151782446943203,14.587694960619974
60.0,65.0,90,15.151794001123166,14.587711889184074
60.0,70.0,-90,14.680651555518379,14.040091932600447
60.0,70.0,0,14.680672844306732,14.040112930883616
60.0,70.0,90,14.680684945704588,14.040130513787412
60.0,75.0,-90,14.190546763061187,13.477665873928586
60.0,75.0,0,14.190568838193201,13.477687274505216
60.0,75.0,90,14.190581408625395,13.477705345697922
60.0,80.0,-90,13.68334180061694,12.90450038897963
60.0,80.0,0,13.683364610268889,12.904522076769728
60.0,80.0,90,13.6833775629067,12.904540459086247
60.0,85.0,-90,13.161147491367974,12.324908733827682
60.0,85.0,0,13.161170977482533,12.324930590922596
60.0,85.0,90,13.161184215486335,12.324949095571249
60.0,90.0,-90,12.626329021174927,11.743412682095563
60.0,90.0,0,12.626353118198459,11.743434588364535
60.0,90.0,90,12.626366533027895,11.74345301422906
60.0,95.0,-90,12.081554087243347,11.164745828609007
60.0,95.0,0,12.081578720443865,11.164767662195803
60.0,95.0,90,12.081592189774861,11.164785794974717
60.0,100.0,-90,11.52985419007643,10.593860513314231
60.0,100.0,0,11.52987927330917,10.59388215100407
60.0,100.0,90,11.52989265848547,10.593899762262323
65.0,-100.0,-90,14.95733611814165,12.92473365039773
65.0,-100.0,0,14.957324627110252,12.92472719858709
65.0,-100.0,90,14.957303330600597,12.924699421967835
65.0,-95.0,-90,15.41956565049345,13.418110006994763
65.0,-95.0,0,15.419554716214348,13.418103197379786
65.0,-95.0,90,15.419534270396161,13.418075758927609
65.0,-90.0,-90,15.860716565379104,13.91021037158476
65.0,-90.0,0,15.860706257699196,13.910203310472928
65.0,-90.0,90,15.860686703036803,13.910176321899792
65.0,-85.0,-90,16.279276946685993,14.39783240155618
65.0,-85.0,0,16.279267328924067,14.397825201598334
65.0,-85.0,90,16.279248701933085,14.397798776525724
65.0,-80.0,-90,16.673877977490154,14.877672500524104
65.0,-80.0,0,16.673869107115884,14.877665279148188
65.0,-80.0,90,16.67385144072534,14.877639532198552
65.0,-75.0,-90,17.043280591907845,15.346362520799563
65.0,-75.0,0,17.0432725210947,15.346355398605164
65.0,-75.0,90,17.043255844915418,15.346330444400492
65.0,-70.0,-90,17.3863649404754,15.800507769395324
65.0,-70.0,0,17.386357716552062,15.800500868551987
65.0,-70.0,90,17.386342057073698,15.800476820656506
65.0,-65.0,-90,17.702122070776205,16.236725293582456
65.0,-65.0,0,17.702115736596127,16.236718736264603
65.0,-65.0,90,17.702101117329807,16.236695706101546
65.0,-60.0,-90,17.989647356249865,16.651681649719755
65.0,-60.0,0,17.989641950494786,16.6516755566025
65.0,-60.0,90,17.989628392074103,16.65165365236891
65.0,-55.0,-90,18.248135308288862,17.04212954539145
65.0,-55.0,0,18.24813086571904,17.042124034224912
65.0,-55.0,90,18.248118385969008,17.042103359823745
65.0,-50.0,-90,18.47687548626219,17.404942892748284
65.0,-50.0,0,18.47687203792353,17.404938077022674
65.0,-50.0,90,18.476860651904783,17.404918731027646
65.0,-45.0,-90,18.67524928216047,17.73714992548131
65.0,-45.0,0,18.67524685555676,17.7371459131912
65.0,-45.0,90,18.675236575590496,17.737127987856812
65.0,-40.0,-90,18.842727405194818,18.03596411900706
65.0,-40.0,0,18.842726024431663,18.0359610115204
65.0,-40.0,90,18.842716860109423,18.035944591847162
65.0,-35.0,-90,18.978867930066947,18.298812719074526
65.0,-35.0,0,18.978867615972714,18.298810610110056
65.0,-35.0,90,18.978859574153947,18.29879577297292
65.0,-30.0,-90,19.083314803214314,18.523362733414363
65.0,-30.0,0,19.0833155734423,18.523361708129446
65.0,-30.0,90,19.08330865824203,18.523348521476063
65.0,-25.0,-90,19.15579672602636,18.70754427873492
65.0,-25.0,0,19.155798595141633,18.70754441292518
65.0,-25.0,90,19.155792807909595,18.707532935048977
65.0,-20.0,-90,19.196126354314206,18.8495712049813
65.0,-20.0,0,19.196129333867713,18.849572564392517
65.0,-20.0,90,19.196124673159932,18.849562843284744
65.0,-15.0,-90,19.204199770373776,18.947958943172274
65.0,-15.0,0,19.204203868965855,18.947961582924716
65.0,-15.0,90,19.204200330509078,18.94795365570814
65.0,-10.0,-90,19.179996198762858,19.00153954449484
65.0,-10.0,0,19.180001422097675,19.001543508619587
65.0,-10.0,90,19.17999899874665,19.00153740106587
65.0,-5.0,-90,19.123577950209604,19.009473898288235
65.0,-5.0,0,19.123584301141573,19.00947921937501
65.0,-5.0,90,19.12358298282874,19.00947494550644
65.0,0.0,-90,19.035090590573837,18.97126113627511
65.0,0.0,0,19.035098069146773,18.971267835230496
65.0,0.0,90,19.03509784282342,18.971265397005983
65.0,5.0,-90,18.914763344131178,18.886745250760146
65.0,5.0,0,18.914771947610294,18.886753336674836
65.0,5.0,90,18.914772797178003,18.886752723758818
65.0,10.0,-90,18.762909753267945,18.7561189761498
65.0,10.0,0,18.76291947616457,18.756128446273205
65.0,10.0,90,18.762921382395042,18.756129635885053
65.0,15.0,-90,18.57992863062204,18.579925006534573
65.0,15.0,0,18.579939464710396,18.579935846354328
65.0,15.0,90,18.579942405151307,18.5799388031946
65.0,20.0,-90,18.366305355515905,18.359054647604093
65.0,20.0,0,18.366317289840694,18.359066831027857
65.0,20.0,90,18.366321238704643,18.35907150727645
65.0,25.0,-90,18.122613585067786,18.094744029177576
65.0,25.0,0,18.12262660594086,18.094757518813548
65.0,25.0,90,18.122631533973486,18.094763854193364
65.0,30.0,-90,17.84951747269165,17.7885680354363
65.0,30.0,0,17.84953156367508,17.788582782968444
65.0,30.0,90,17.849537437997764,17.78859070486662
65.0,35.0,-90,17.547774514125067,17.442432143826267
65.0,35.0,0,17.547789655997168,17.442448090479225
65.0,35.0,90,17.547796439918258,17.44245751411641
65.0,40.0,-90,17.21823917533969,17.058562400778197
65.0,40.0,0,17.218255346039243,17.058579477866132
65.0,40.0,90,17.21826299882651,17.05859030650235
65.0,45.0,-90,16.86186749985181,16.639493802943672
65.0,45.0,0,16.86188467439412,16.639511932496152
65.0,45.0,90,16.86189315099935,16.63952405766001
65.0,50.0,-90,16.479722947847236,16.188057396332088
65.0,50.0,0,16.47974109820373,16.188076491788944
65.0,50.0,90,16.479750348927926,16.188089793515
65.0,55.0,-90,16.072983789754716,15.707366451707653
65.0,55.0,0,16.073002884684925,15.70738641867341
65.0,55.0,90,16.073012854770095,15.707400765730556
65.0,60.0,-90,15.642952467030058,15.200802120916446
65.0,60.0,0,15.642972471851346,15.200822857963395
65.0,60.0,90,15.642983100981063,15.200838108055576
65.0,65.0,-90,15.191067448718236,14.67199902157776
65.0,65.0,0,15.191088324993798,14.672020421084934
65.0,65.0,90,15.191099546680679,14.672036421004593
65.0,70.0,-90,14.718918260900761,14.124831229666446
65.0,70.0,0,14.718939966020006,14.12485317867991
65.0,70.0,90,14.71895170685287,14.124869764394694
65.0,75.0,-90,14.228264555623458,13.563399168525677
65.0,75.0,0,14.228287042240392,13.563421549623687
65.0,75.0,90,14.228299220957641,13.56343854627959
65.0,80.0,-90,13.721060324997103,12.992017848040227
65.0,80.0,0,13.721083540281093,12.992040540185025
65.0,80.0,90,13.721096066629615,12.992057762015362
65.0,85.0,-90,13.199484662038772,12.4152067956532
65.0,85.0,0,13.199508546677157,12.415229675010345
65.0,85.0,90,13.19952132000826,12.415246925152475
65.0,90.0,-90,12.665980823686066,11.837681779860498
65.0,90.0,0,12.666005310559168,11.837704720567322
65.0,90.0,90,12.666018218105714,11.837721790811099
65.0,95.0,-90,12.123305749108708,11.264347980310609
65.0,95.0,0,12.12333076153401,11.264370855179221
65.0,95.0,90,12.12334367630829,11.264387525707766
65.0,100.0,-90,11.574592579656668,10.700293500970346
65.0,100.0,0,11.574618029071116,10.70031618211988
65.0,100.0,90,11.574630807325818,10.70033222136033
70.0,-100.0,-90,15.11717507647678,12.720731794504369
70.0,-100.0,0,15.117164083785374,12.720725304708703
70.0,-100.0,90,15.117142577198168,12.72069741932908
70.0,-95.0,-90,15.575275153877914,13.21752105020428
70.0,-95.0,0,15.575264708788339,13.21751409730227
70.0,-95.0,90,15.575244059039841,13.217486477911342
70.0,-90.0,-90,16.012336121021782,13.715460508537426
70.0,-90.0,0,16.012326294291963,13.715453212138057
70.0,-90.0,90,16.012306541444183,13.71542597536974
70.0,-85.0,-90,16.426839266567267,14.211079114013453
70.0,-85.0,0,16.42683012236609,14.211071600432907
70.0,-85.0,90,16.426811302517578,14.211044865248505
70.0,-80.0,-90,16.817410133072606,14.70079680557353
70.0,-80.0,0,16.817401729653874,14.700789205968873
70.0,-80.0,90,16.81738387529893,14.700763092575436
70.0,-75.0,-90,17.18280524433959,15.180967446368985
70.0,-75.0,0,17.182797634593648,15.18095989488675
70.0,-75.0,90,17.182780774889068,15.180934523589187
70.0,-70.0,-90,17.521901589180533,15.647921938275184
70.0,-70.0,0,17.521894821086736,15.647914570254306
70.0,-70.0,90,17.52187898204791,15.647890060275206
70.0,-65.0,-90,17.83368828609493,16.098010608958564
70.0,-65.0,0,17.833682403093714,16.09800355921496
70.0,-65.0,90,17.833667607736682,16.097980027508804
70.0,-60.0,-90,18.117259976860158,16.527644209477398
70.0,-60.0,0,18.11725501815993,16.527637610688082
70.0,-60.0,90,18.117241286601857,16.527615170770655
70.0,-55.0,-90,18.37181159407335,16.93333305183147
70.0,-55.0,0,18.3718075949045,16.933327033029045
70.0,-55.0,90,18.37179494443209,16.933305793838393
70.0,-50.0,-90,18.596634223805776,17.31172395704227
70.0,-50.0,0,18.596631215631735,17.311718642225962
70.0,-50.0,90,18.59661966074481,17.31169870702774
70.0,-45.0,-90,18.791111844340257,17.659634785137378
70.0,-45.0,0,18.791109855033667,17.659630292003445
70.0,-45.0,90,18.791099407469208,17.659611757350987
70.0,-40.0,-90,18.954718769140026,17.9740863884566
70.0,-40.0,0,18.954717823130476,17.97408282724893
70.0,-40.0,90,18.954708491871312,17.97406578200627
70.0,-35.0,-90,19.08701765965473,18.25233187745507
70.0,-35.0,0,19.087017778053248,18.252329349935778
70.0,-35.0,90,19.08700956932429,18.25231387437035
70.0,-30.0,-90,19.187658003590432,18.49188312059929
70.0,-30.0,0,19.187659204294995,18.491881719138316
70.0,-30.0,90,19.18765212154922,18.49186788408883
70.0,-25.0,-90,19.256374978647795,18.690534422451908
70.0,-25.0,0,19.25637727643321,18.690534229234625
70.0,-25.0,90,19.256371320328785,18.69052209535839
70.0,-20.0,-90,19.29298864188,18.84638334066975
70.0,-20.0,0,19.292992048474726,18.84638442702126
70.0,-20.0,90,19.29298721684423,18.846374044124513
70.0,-15.0,-90,19.297403401868554,18.957848616306947
70.0,-15.0,0,19.297407926020643,18.957851042132
70.0,-15.0,90,19.2974042138327,18.957842448585637
70.0,-10.0,-90,19.269607745782963,19.02368520453867
70.0,-10.0,0,19.269613393316536,19.023689017875903
70.0,-10.0,90,19.26961079262984,19.02368224011835
70.0,-5.0,-90,19.209674206854704,19.04299640604621
70.0,-5.0,0,19.209680980718097,19.04300164273561
70.0,-5.0,90,19.209679480627308,19.04299669486347
70.0,0.0,-90,19.117759570539913,19.015243113688825
70.0,0.0,0,19.117767470846115,19.015249797150958
70.0,0.0,90,19.117767057418614,19.01524668059726
70.0,5.0,-90,18.994105330303643,18.940250205250862
70.0,5.0,0,18.994114354363152,18.940258346376435
70.0,5.0,90,18.994115010565423,18.9402570496753
70.0,10.0,-90,18.839038417160285,18.818210131285163
70.0,10.0,0,18.839048559506228,18.81821972843297
70.0,10.0,90,18.839050265117763,18.818220227068416
70.0,15.0,-90,18.652972241515915,18.649683767517942
70.0,15.0,0,18.65298349392061,18.649694806619035
70.0,15.0,90,18.652986225433008,18.649697062954598
70.0,20.0,-90,18.43640810222302,18.435598623982283
70.0,20.0,0,18.436420453704724,18.43561107874764
70.0,20.0,90,18.43642418420277,18.43561504203224
70.0,25.0,-90,18.189937036953737,18.177244527984545
70.0,25.0,0,18.189950473771653,18.177258360212996
70.0,25.0,90,18.18995517279241,18.177263966657268
70.0,30.0,-90,17.914242211088506,17.876266925086476
70.0,30.0,0,17.914256716723273,17.87628208506892
70.0,30.0,90,17.91426235008833,17.87628925798499
70.0,35.0,-90,17.61010197063131,17.53465797131508
70.0,35.0,0,17.610117525747278,17.534674398330388
70.0,35.0,90,17.61012405536195,17.53468304832659
70.0,40.0,-90,17.278393719877833,17.15474562042821
70.0,40.0,0,17.27841030226208,17.15476324332533
70.0,40.0,90,17.278417685874086,17.154773268546087
70.0,45.0,-90,16.92009882881657,16.73918094160372
70.0,45.0,0,16.920116413288053,16.739199679463617
70.0,45.0,90,16.920124604196236,16.739210965863553
70.0,50.0,-90,16.536308831259394,16.29092393420249
70.0,50.0,0,16.536327389539377,16.29094369707248
70.0,50.0,90,16.536336336240872,16.290956118712433
70.0,55.0,-90,16.12823324593476,15.813228135234374
70.0,55.0,0,16.128252746467002,15.813248824926387
70.0,55.0,90,16.128262392228525,15.81326224427853
70.0,60.0,-90,15.697209443566955,15.309624338384458
70.0,60.0,0,15.697229851272258,15.30964584932752
70.0,60.0,90,15.697240133607743,15.309660117576485
70.0,65.0,-90,15.244715098614245,14.783903755269561
70.0,65.0,0,15.24473637455912,14.78392597540559
70.0,65.0,90,15.244747224591888,14.783940932733579
70.0,70.0,-90,14.772383911088719,14.240100940922146
70.0,70.0,0,14.772406012041419,14.240123752632918
70.0,70.0,90,14.772417353724117,14.240139228479576
70.0,75.0,-90,14.282025468526326,13.682476762186782
70.0,75.0,0,14.282048346364874,13.682500043239052
70.0,75.0,90,14.282060095524734,13.682515856532417
70.0,80.0,-90,13.775650346967339,13.115501588314423
70.0,80.0,0,13.775673947892862,13.11552521280963
70.0,80.0,90,13.775686011063636,13.115541172174494
70.0,85.0,-90,13.255501825873866,12.543838696175861
70.0,85.0,0,13.255526089368052,12.543862535491577
70.0,85.0,90,13.255538362363714,12.54387843945794
70.0,90.0,-90,12.724095909815093,11.972327564406019
70.0,90.0,0,12.724120767262106,11.972351488118619
70.0,90.0,90,12.72413313344276,11.972367125378295
70.0,95.0,-90,12.184271684639825,11.405966224433486
70.0,95.0,0,12.184297057510976,11.40599010121711
70.0,95.0,90,12.184309385690794,11.406005251014323
70.0,100.0,-90,11.639254322798301,10.849891075691447
70.0,100.0,0,11.639280120272884,10.84991477419848
70.0,100.0,90,11.63929226222916,10.849929206993215
75.0,-100.0,-90,15.267082829749155,12.49419705562182
75.0,-100.0,0,15.267072337316268,12.494190304918318
75.0,-100.0,90,15.267050604133816,12.49416245210265
75.0,-95.0,-90,15.721292898360005,12.995526769521355
75.0,-95.0,0,15.721282942261363,12.995519457611204
75.0,-95.0,90,15.721262070176193,12.995491798253699
75.0,-90.0,-90,16.15455913900315,13.500325750515385
75.0,-90.0,0,16.15454979103083,13.500318011643351
75.0,-90.0,90,16.15452981984148,13.500290667042176
75.0,-85.0,-90,16.565352452336803,14.004843014809536
75.0,-85.0,0,16.565343777624555,14.004834989866817
75.0,-85.0,90,16.565324743135506,14.004808083899569
75.0,-80.0,-90,16.9522894628961,14.505219035373685
75.0,-80.0,0,16.95228152058956,14.50521086975262
75.0,-80.0,90,16.952263454970705,14.505184527644682
75.0,-75.0,-90,17.31411926436195,14.997534114442717
75.0,-75.0,0,17.31411210817003,14.99752595597653
75.0,-75.0,90,17.31409504022429,14.997500303032977
75.0,-70.0,-90,17.64971287522789,15.477855602094476
75.0,-70.0,0,17.649706553877216,15.477847599112122
75.0,-70.0,90,17.64969050923773,15.47782275944222
75.0,-65.0,-90,17.958054849866816,15.942283265557956
75.0,-65.0,0,17.958049407477017,15.94227556507073
75.0,-65.0,90,17.958034408750184,15.942251660326875
75.0,-60.0,-90,18.238236606325533,16.386992365020213
75.0,-60.0,0,18.238232082720153,16.3869851110476
75.0,-60.0,90,18.23821814958692,16.386962259195286
75.0,-55.0,-90,18.489451124451502,16.80827416581589
75.0,-55.0,0,18.48944755541624,16.808267497852107
75.0,-55.0,90,18.48943470470104,16.808245811983667
75.0,-50.0,-90,18.71098874095819,17.202573731030864
75.0,-50.0,0,18.71098615845639,17.202567782649975
75.0,-50.0,90,18.71097440417088,17.2025473698521
75.0,-45.0,-90,18.902233825818833,17.5665249088631
75.0,-45.0,0,18.902232258171853,17.566519806459088
75.0,-45.0,90,18.902221611538813,17.566500766742116
75.0,-40.0,-90,19.062662170264193,17.896982469248396
75.0,-40.0,0,19.06266164230325,17.89697833090576
75.0,-40.0,90,19.062652111764695,17.89696075620139
75.0,-35.0,-90,19.191838953318793,18.191051365052257
75.0,-35.0,0,19.19183948651322,18.191048299542945
75.0,-35.0,90,19.19183107772577,18.191032272775843
75.0,-30.0,-90,19.28941718336524,18.44611310255585
75.0,-30.0,0,19.289418795931507,18.446111208458774
75.0,-30.0,90,19.28941151175105,18.446096802696726
75.0,-25.0,-90,19.355136535364007,18.659849209668593
75.0,-25.0,0,19.355139242358714,18.659848574608652
75.0,-25.0,90,19.355133082815904,18.659835852295096
75.0,-20.0,-90,19.3888225244205,18.830261792072495
75.0,-20.0,0,19.388826337820046,18.83026249207656
75.0,-20.0,90,19.388821300087375,18.83025150434861
75.0,-15.0,-90,19.390385973467026,18.955691169745847
75.0,-15.0,0,19.39039090223598,18.955693268713777
75.0,-15.0,90,19.390386980586896,18.955684054808156
75.0,-10.0,-90,19.359822747807577,19.034830590441544
75.0,-10.0,0,19.359828797957228,19.03483413973059
75.0,-10.0,90,19.35982598371714,19.03482672647907
75.0,-5.0,-90,19.297213742917656,19.066738023446888
75.0,-5.0,0,19.29722091755584,19.06674306156814
75.0,-5.0,90,19.29721919904442,19.066737462983365
75.0,0.0,-90,19.20272512487335,19.050845046621475
75.0,0.0,0,19.202733424246134,19.05085159904701
75.0,0.0,90,19.20273278670997,19.05084781599869
75.0,5.0,-90,19.07660883573576,18.986962852310022
75.0,5.0,0,19.076618257261106,18.986970931389386
75.0,5.0,90,19.076618682795253,18.986968951369978
75.0,10.0,-90,18.919203389767908,18.875285413099135
75.0,10.0,0,18.91921392806105,18.875295018083584
75.0,10.0,90,18.91921539551738,18.87529481506159
75.0,15.0,-90,18.73093500118012,18.716389866267242
75.0,15.0,0,18.73094664806984,18.7164009834397
75.0,15.0,90,18.730949132949775,18.716402517797846
75.0,20.0,-90,18.51231910093505,18.511234195828333
75.0,20.0,0,18.512331845469447,18.511246798736785
75.0,20.0,90,18.512335319797682,18.5112500172912
75.0,25.0,-90,18.263962319873105,18.26115231289033
75.0,25.0,0,18.263976148312835,18.261166362681685
75.0,25.0,90,18.263980580488052,18.261171198777205
75.0,30.0,-90,17.986565039106292,17.967846658139678
75.0,30.0,0,17.986579934902338,17.967862103990495
75.0,30.0,90,17.98658528951983,17.967868477666283
75.0,35.0,-90,17.680924637588564,17.633378473979512
75.0,35.0,0,17.680940581340675,17.63339525361947
75.0,35.0,90,17.680946818980647,17.63340307183803
75.0,40.0,-90,17.34793960265317,17.260155917295773
75.0,40.0,0,17.34795657204364,17.260173957618864
75.0,40.0,90,17.34796364901746,17.26018311455084
75.0,45.0,-90,16.988614714187904,16.85092020570872
75.0,45.0,0,16.98863268388383,16.850939423466357
75.0,45.0,90,16.98864055192878,16.85094980082278
75.0,50.0,-90,16.60406756961038,16.408730008560003
75.0,50.0,0,16.60408651112514,16.408750311129474
75.0,50.0,90,16.60409511703596,16.408761778532845
75.0,55.0,-90,16.19553678816079,15.936944305892899
75.0,55.0,0,16.19555666966279,15.936965592113692
75.0,55.0,90,16.19556595484571,15.93697800749975
75.0,60.0,-90,15.764392323231933,15.43920393996211
75.0,60.0,0,15.764413109284686,15.439226101031796
75.0,60.0,90,15.764423009216321,15.439239311074937
75.0,65.0,-90,15.312148425215685,14.91941206791203
75.0,65.0,0,15.312170076428421,14.919434988332643
75.0,65.0,90,15.312180519998249,14.919448828890669
75.0,70.0,-90,14.840479939907132,14.381713681778887
75.0,70.0,0,14.840502412468483,14.381737240344211
75.0,70.0,90,14.840513321178912,14.38175153692281
75.0,75.0,-90,14.351242804027448,13.83047427950389
75.0,75.0,0,14.351266049086265,13.83049835031784
75.0,75.0,90,14.351277336079587,13.830512918562812
75.0,80.0,-90,13.846499813485995,13.270257629754045
75.0,80.0,0,13.846523776332187,13.270282083270919
75.0,80.0,90,13.846535345208435,13.270296729508079
75.0,85.0,-90,13.32855299045116,12.705802349902136
75.0,85.0,0,13.328577609435374,12.70582705398101
75.0,85.0,90,13.32858935282082,12.705841575841077
75.0,90.0,-90,12.79998414997999,12.141996681313167
75.0,90.0,0,12.800009355093682,12.142021502282077
75.0,90.0,90,12.800021152917742,12.142035689472449
75.0,95.0,-90,12.263705530758157,11.58385036848247
75.0,95.0,0,12.2637312417753,11.583875172213713
75.0,95.0,90,12.2637429592173,11.583888807532036
75.0,100.0,-90,11.72302252755112,11.036461906089173
75.0,100.0,0,11.723048651611832,11.036486559095994
75.0,100.0,90,11.723060136694428,11.036499419822018
80.0,-100.0,-90,15.406224268547051,12.250964285966486
80.0,-100.0,0,15.406214275702263,12.250957045510694
80.0,-100.0,90,15.40619230156119,12.250929371109223
80.0,-95.0,-90,15.856789975607612,12.75794058231094
80.0,-95.0,0,15.856780505750818,12.757932693632625
80.0,-95.0,90,15.8567593950446,12.757905141630498
80.0,-90.0,-90,16.286562902923308,13.270518862943028
80.0,-90.0,0,16.28655402899284,13.270510475992012
80.0,-90.0,90,16.286533821395974,13.270483171924225
80.0,-85.0,-90,16.694000098937206,13.784664101595736
80.0,-85.0,0,16.69399188713729,13.784655372388048
80.0,-85.0,90,16.693972618284803,13.784628444440896
80.0,-80.0,-90,17.07770608475619,14.29624266513905
80.0,-80.0,0,17.077698595224327,14.296233753384936
80.0,-80.0,90,17.077680297074362,14.29620733104903
80.0,-75.0,-90,17.43641956767912,14.801074761346264
80.0,-75.0,0,17.436412855038004,14.80106582824668
80.0,-75.0,90,17.4363955561427,14.801040040964198
80.0,-70.0,-90,17.769002828082762,15.294984264012694
80.0,-70.0,0,17.76899694189733,15.294975470237217
80.0,-70.0,90,17.768980667602943,15.294950446065327
80.0,-65.0,-90,18.074433243485434,15.773845557313008
80.0,-65.0,0,18.074428228641978,15.773837061159629
80.0,-65.0,90,18.074413001234518,15.77381292546593
80.0,-60.0,-90,18.351796523094738,16.233627255759433
80.0,-60.0,0,18.3517924201162,16.23361921148934
80.0,-60.0,90,18.351778258924767,16.233596085690884
80.0,-55.0,-90,18.600281313933866,16.670432780456963
80.0,-55.0,0,18.600278159242862,16.670425336793997
80.0,-55.0,90,18.600265080710106,16.670403337148887
80.0,-50.0,-90,18.819174909728282,17.080537834160335
80.0,-50.0,0,18.819172735867202,17.080531132943864
80.0,-50.0,90,18.81916075359407,17.08051036940264
80.0,-45.0,-90,19.00785984965231,17.46042483936262
80.0,-45.0,0,19.007858685468282,17.46041901434319
80.0,-45.0,90,19.007847810238456,17.460399589465965
80.0,-40.0,-90,19.165811238754863,17.80681440207793
80.0,-40.0,0,19.165811109555822,17.806809577846458
80.0,-40.0,90,19.165801349343877,17.806791585791157
80.0,-35.0,-90,19.292594657841114,18.1166938508631
80.0,-35.0,0,19.29259558552806,18.11669014190601
80.0,-35.0,90,19.292586945494403,18.116673667492396
80.0,-30.0,-90,19.38786455975159,18.387342883657332
80.0,-30.0,0,19.3878665629312,18.3873403935318
80.0,-30.0,90,19.38785904540588,18.387325511385455
80.0,-25.0,-90,19.451363072935212,18.6163563389107
80.0,-25.0,0,19.451366167016086,18.61635515953576
80.0,-25.0,90,19.451359771472937,18.616341933315603
80.0,-20.0,-90,19.482919153235795,18.80166409483624
80.0,-20.0,0,19.482923350511,18.801664305896622
80.0,-20.0,90,19.48291807353299,18.801652787609214
80.0,-15.0,-90,19.48244804194404,18.94154809268158
80.0,-15.0,0,19.482453351661913,18.941549761142202
80.0,-15.0,90,19.482449186898013,18.941539990545284
80.0,-10.0,-90,19.449951003274247,19.034656477028264
80.0,-10.0,0,19.449957431699055,19.034659656758016
80.0,-10.0,90,19.449954369812502,19.03465166085515
80.0,-5.0,-90,19.385515328250804,19.08001484812918
80.0,-5.0,0,19.385522878714188,19.08001957963294
80.0,-5.0,90,19.385520907321588,19.080013372260513
80.0,0.0,-90,19.28931460519709,19.077034627738453
80.0,0.0,0,19.289323278140976,19.077040937996507
80.0,0.0,90,19.289322381741133,19.077036519503437
80.0,5.0,-90,19.16160927023665,19.02551855018902
80.0,5.0,0,19.16161906324762,19.02552645260304
80.0,5.0,90,19.16161922313867,19.025523809622843
80.0,10.0,-90,19.002747465069557,18.925663303982436
80.0,10.0,0,19.002758372904477,18.925672798426934
80.0,10.0,90,19.002759567087143,18.92567190374093
80.0,15.0,-90,18.813166244443455,18.778059365201965
80.0,15.0,0,18.813178259045316,18.77807043817974
80.0,15.0,90,18.813180462109823,18.778071250669377
80.0,20.0,-90,18.5933931929422,18.583688081947567
80.0,20.0,0,18.59340630344486,18.583700706847406
80.0,20.0,90,18.593409486438023,18.583703171532733
80.0,25.0,-90,18.34404853083868,18.343916087981203
80.0,25.0,0,18.344062723558253,18.34393022543529
80.0,25.0,90,18.344066853826636,18.343934273595984
80.0,30.0,-90,18.065847812846464,18.060487143026634
80.0,30.0,0,18.065863071256366,18.060502741364754
80.0,30.0,90,18.065868112260393,18.060508290739197
80.0,35.0,-90,17.759605352945407,17.735511515688938
80.0,35.0,0,17.759621657630948,17.735528511485743
80.0,35.0,90,17.759627568723623,17.73553546654325
80.0,40.0,-90,17.426238544641205,17.371453041466214
80.0,40.0,0,17.426255873228243,17.371471360177228
80.0,40.0,90,17.426262609390797,17.371479612458042
80.0,45.0,-90,17.066773291030767,16.97111400111792
80.0,45.0,0,17.06679161808129,16.971133557799188
80.0,45.0,90,17.066799129606157,16.971142986316885
80.0,50.0,-90,16.68235081533448,16.537617971400955
80.0,50.0,0,16.682370112199596,16.537638671506656
80.0,50.0,90,16.6823783443092,16.537649143208125
80.0,55.0,-90,16.2742361931112,16.074390797665483
80.0,55.0,0,16.274256427729128,16.074412537917077
80.0,55.0,90,16.27426532011636,16.074423908196415
80.0,60.0,-90,15.84382903573921,15.585139821566052
80.0,60.0,0,15.843850172362094,15.585162490886106
80.0,60.0,90,15.843859658635292,15.585174604151112
80.0,65.0,-90,15.392676864934076,15.073831461118472
80.0,65.0,0,15.3926988637623,15.073854941621851
80.0,65.0,90,15.39270887077413,15.073867631915405
80.0,70.0,-90,14.922491854204392,14.544667176421584
80.0,70.0,0,14.922514670900672,14.54469134445665
80.0,70.0,90,14.922525117936376,14.544704436141137
80.0,75.0,-90,14.435171778596109,14.00205775216022
80.0,75.0,0,14.435195363643158,14.002082479393044
80.0,75.0,90,14.435206161439442,14.00209578791423
80.0,80.0,-90,13.932826209649724,13.450595674900136
80.0,80.0,0,13.932850507504604,13.450620829435701
80.0,80.0,90,13.932861557066701,13.450634162194238
80.0,85.0,-90,13.417809212779126,12.895025165356312
80.0,85.0,0,13.417834160763963,12.895050612892561
80.0,85.0,90,13.417845351945862,12.895063770267038
80.0,90.0,-90,12.8927600307379,12.34020913099869
80.0,90.0,0,12.89278555759075,12.34023473601248
80.0,90.0,90,12.892796767404482,12.340247512598202
80.0,95.0,-90,12.360653425193789,11.791091927733975
80.0,95.0,0,12.360679449185547,11.791117554702536
80.0,95.0,90,12.36069053981321,11.79112974085435
80.0,100.0,-90,11.824861406534614,11.252656374410057
80.0,100.0,0,11.824887833040814,11.252681889077598
80.0,100.0,90,11.824898649544046,11.252693272871547
85.0,-100.0,-90,15.53384321506235,11.997641194459412
85.0,-100.0,0,15.533833718674225,11.99763323486372
85.0,-100.0,90,15.533811491314324,11.99760588671266
85.0,-95.0,-90,15.981015178744704,12.511305727236476
85.0,-95.0,0,15.981006189959105,12.511297047660527
85.0,-95.0,90,15.980984826434849,12.511269754120548
85.0,-90.0,-90,16.407600904083104,13.032436944619818
85.0,-90.0,0,16.40759249708725,13.032427711358745
85.0,-90.0,90,16.407572037089036,13.032400601581001
85.0,-85.0,-90,16.81204023352672,13.556721272171671
85.0,-85.0,0,16.812032475693044,13.5567116564101
85.0,-85.0,90,16.812012954812438,13.556684862085303
85.0,-80.0,-90,17.192922477936214,14.079766720280478
85.0,-80.0,0,17.19291543048749,14.079756895585275
85.0,-80.0,90,17.192896880585664,14.079730549527685
85.0,-75.0,-90,17.548973055609515,14.597157384649558
85.0,-75.0,0,17.548966774171813,14.59714752472052
85.0,-75.0,90,17.54894922365583,14.597121759474108
85.0,-70.0,-90,17.879042774752172,15.104503885207018
85.0,-70.0,0,17.879037309814944,15.104494161873069
85.0,-70.0,90,17.879020783842687,15.104469108353076
85.0,-65.0,-90,18.18209924082629,15.597489836779038
85.0,-65.0,0,18.182094638125726,15.59748041821874
85.0,-65.0,90,18.182079158755524,15.59745620439768
85.0,-60.0,-90,18.45721997307189,16.071914570341868
85.0,-60.0,0,18.45721627391103,16.071905619504335
85.0,-60.0,90,18.45720186020827,16.071882369149108
85.0,-55.0,-90,18.703586897962882,16.523732359615504
85.0,-55.0,0,18.703584139479585,16.52372403281861
85.0,-55.0,90,18.703570807589735,16.523701864284316
85.0,-50.0,-90,18.92048195466702,16.949088391568548
85.0,-50.0,0,18.920480170059054,16.949080837254158
85.0,-50.0,90,18.92046793325425,16.949059862339556
85.0,-45.0,-90,19.107283601740072,17.344351677396556
85.0,-45.0,0,19.1072828204548,17.344345035026194
85.0,-45.0,90,19.1072716891595,17.344325357895503
85.0,-40.0,-90,19.26346405792484,17.706145049797655
85.0,-40.0,0,19.263464305819745,17.706139448875618
85.0,-40.0,90,19.263454287619545,17.706121165051286
85.0,-35.0,-90,19.388587145251595,18.03137234305765
85.0,-35.0,0,19.388588444730644,18.031367902272017
85.0,-35.0,90,19.388579544367275,18.031351097702863
85.0,-30.0,-90,19.482306631464247,18.3172428099537
85.0,-30.0,0,19.48230900159421,18.317239636428635
85.0,-30.0,90,19.482301220948948,18.317224386637545
85.0,-25.0,-90,19.54436499260982,18.56129279609334
85.0,-25.0,0,19.544368449219828,18.561290984748254
85.0,-25.0,90,19.544361787286725,18.561277354063286
85.0,-20.0,-90,19.574592536638587,18.761404668482722
85.0,-20.0,0,19.574597092405554,18.76140430149573
85.0,-20.0,90,19.574591545255398,18.76139234236809
85.0,-15.0,-90,19.572906846067617,18.915822980306572
85.0,-15.0,0,19.57291251058959,18.915824126680885
85.0,-15.0,90,19.572908071324896,18.915813879092692
85.0,-10.0,-90,19.539312513000084,19.023167847054577
85.0,-10.0,0,19.5393192928589,19.023170562287252
85.0,-10.0,90,19.53931595155985,19.023162053251458
85.0,-5.0,-90,19.473901153791637,19.082445509017237
85.0,-5.0,0,19.473909052606043,19.082449834870214
85.0,-5.0,90,19.47390679626671,19.082443078024365
85.0,0.0,-90,19.376851704067537,19.093056060561004
85.0,0.0,0,19.37686072253724,19.093062024934518
85.0,0.0,90,19.37685953499108,19.093057020229324
85.0,5.0,-90,19.248431008238803,19.054798336306266
85.0,5.0,0,19.248441144179562,19.054805953214572
85.0,5.0,90,19.248441006012595,19.054802686697656
85.0,10.0,-90,19.088994731763773,18.967871957290463
85.0,10.0,0,19.08900598013314,18.967881226939607
85.0,10.0,90,19.089006868582754,18.967879670633895
85.0,15.0,-90,18.8989886398131,18.832876555396155
85.0,15.0,0,18.899000992725878,18.832887464363175
85.0,15.0,90,18.899002881562556,18.832887576238804
85.0,20.0,-90,18.67895030345533,18.65080821079566
85.0,20.0,0,18.678963750187215,18.650820732307963
85.0,20.0,90,18.67896660957584,18.650822456345917
85.0,25.0,-90,18.429511314841676,18.423053153938017
85.0,25.0,0,18.429525841818844,18.42306724825124
85.0,25.0,90,18.429529638155355,18.423070514596237
85.0,30.0,-90,18.151400117149574,18.15137879963492
85.0,30.0,0,18.151415707921018,18.151394414506836
85.0,30.0,90,18.151420403639303,18.15139913970674
85.0,35.0,-90,17.845445584483496,17.837922194893856
85.0,35.0,0,17.84546221967194,17.837939266151384
85.0,35.0,90,17.8454677730146,17.837945353479967
85.0,40.0,-90,17.51258152304317,17.485175972853302
85.0,40.0,0,17.51259918026887,17.485194425048896
85.0,40.0,90,17.5126055450142,17.485201764909018
85.0,45.0,-90,17.15385230950944,17.095971910684003
85.0,45.0,0,17.153870963279548,17.095991657837132
85.0,45.0,90,17.153878088415322,17.096000128241773
85.0,50.0,-90,16.77041993801569,16.673462187315085
85.0,50.0,0,16.77043955956939,16.67348313373399
85.0,50.0,90,16.770447388902085,16.673492600863597
85.0,55.0,-90,16.363572815938504,16.221098424348884
85.0,55.0,0,16.363593373035393,16.221120465527278
85.0,55.0,90,16.36360184472114,16.22113078436374
85.0,60.0,-90,15.934736734103629,15.742608566763305
85.0,60.0,0,15.934758190738792,15.742631590346368
85.0,60.0,90,15.934767236719512,15.742642605386607
85.0,65.0,-90,15.485488542096775,15.241971614282459
85.0,65.0,0,15.485510858121183,15.241995501096332
85.0,65.0,90,15.485520403446394,15.24200704715275
85.0,70.0,-90,15.017573187121652,14.723390144085077
85.0,70.0,0,15.017596317739995,14.723414769224195
85.0,70.0,90,15.017606279751364,14.723426672324807
85.0,75.0,-90,14.532924926820138,14.191260464767062
85.0,75.0,0,14.532948821930242,14.191285698734209
85.0,75.0,90,14.532959109282737,14.191297777143014
85.0,80.0,-90,14.033693700737604,13.650140104556481
85.0,80.0,0,14.033718304065163,13.65016581445144
85.0,80.0,90,14.03372881555618,13.650177879839479
85.0,85.0,-90,13.522277832265992,13.104712160440952
85.0,85.0,0,13.522303080236096,13.10473821119506
85.0,85.0,90,13.522313703413326,13.104750070004664
85.0,90.0,-90,13.001364408730035,12.559745821776882
85.0,90.0,0,13.00139022900243,12.559772077433038
85.0,90.0,90,13.001400838524853,12.559783532491494
85.0,95.0,-90,12.47397879998758,12.020052146571869
85.0,95.0,0,12.474005109567498,12.020078471611964
85.0,95.0,90,12.47401556530533,12.020089324064791
85.0,100.0,-90,11.943544724408095,11.49043394596669
85.0,100.0,0,11.943571427231428,11.490460206690772
85.0,100.0,90,11.943581572116823,11.490470258336146
90.0,-100.0,-90,15.649261446405056,11.7415249752357
90.0,-100.0,0,15.64925244099493,11.741516073528498
90.0,-100.0,90,15.649229950198546,11.741489198304743
90.0,-95.0,-90,16.09329436306178,12.262799431333866
90.0,-95.0,0,16.093285847871332,12.262789757425411
90.0,-95.0,90,16.093264219374344,12.262762874029082
90.0,-90.0,-90,16.517002534622225,12.793056569372018
90.0,-90.0,0,16.516994585182136,12.793046305918365
90.0,-90.0,90,16.516973858831232,12.793019546289681
90.0,-85.0,-90,16.918805336830815,13.327722014494684
90.0,-85.0,0,16.918798021772766,13.327711347229279
90.0,-85.0,90,16.91877823324334,13.327684845562445
90.0,-80.0,-90,17.29727382909881,13.86217343992429
90.0,-80.0,0,17.297267210818603,13.862162555149995
90.0,-80.0,90,17.29724839199152,13.862136446464426
90.0,-75.0,-90,17.65111728226168,14.391794455783248
90.0,-75.0,0,17.651111417473526,14.391783538205598
90.0,-75.0,90,17.651093596718894,14.391757956960019
90.0,-70.0,-90,17.97917232535,14.912023255749894
90.0,-70.0,0,17.97916726554995,14.912012486606244
90.0,-70.0,90,17.97915046793851,14.911987565359578
90.0,-65.0,-90,18.280394209655253,15.418396641638209
90.0,-65.0,0,18.28039000150906,15.418386197076924
90.0,-65.0,90,18.280374248967302,15.418362065198643
90.0,-60.0,-90,18.553849784695675,15.906590023029823
90.0,-60.0,0,18.55384647036394,15.90658007269784
90.0,-60.0,90,18.553831781785146,15.906556855130471
90.0,-55.0,-90,18.798711859915013,16.372453900304755
90.0,-55.0,0,18.7987094773264,16.372444606108914
90.0,-55.0,90,18.798695868647187,16.372422422185863
90.0,-50.0,-90,19.014254690544714,16.812047226485486
90.0,-50.0,0,19.014253273626174,16.812038741500288
90.0,-50.0,90,19.014240757875793,16.8120177038229
90.0,-45.0,-90,19.199850378525753,17.22166793082147
90.0,-45.0,0,19.19984995739713,17.221660398322935
90.0,-45.0,90,19.19983854472503,17.221640611701112
90.0,-40.0,-90,19.354966022000383,17.597880787702938
90.0,-40.0,0,19.354966623139525,17.597874340314142
90.0,-40.0,90,19.354956320825423,17.59785590077516
90.0,-35.0,-90,19.479161481622246,17.937542733462273
90.0,-35.0,0,19.479163128005567,17.937537492401027
90.0,-35.0,90,19.479153940455074,17.937520486271453
90.0,-30.0,-90,19.57208766045979,18.237825671684607
90.0,-30.0,0,19.572090371682386,18.23782174610747
90.0,-30.0,90,19.57208230041049,18.237806249172795
90.0,-25.0,-90,19.633485217964935,18.49623676333033
90.0,-25.0,0,19.633489010343528,18.49623424976996
90.0,-25.0,90,19.63348205394733,18.496220326516404
90.0,-20.0,-90,19.663183658492542,18.71063616882961
90.0,-20.0,0,19.663188545153833,18.710635150724375
90.0,-20.0,90,19.663182699275545,18.710622853666965
90.0,-15.0,-90,19.661100752141706,18.879252192665678
90.0,-15.0,0,19.66110674309821,18.87925273998179
90.0,-15.0,90,19.661102000378715,18.879242109082167
90.0,-10.0,-90,19.627242261058065,19.00069377428174
90.0,-10.0,0,19.62724936327287,19.00069594322881
90.0,-10.0,90,19.62724571329574,19.00068700540581
90.0,-5.0,-90,19.561701958494048,19.07396027018111
90.0,-5.0,0,19.56171017593552,19.0739641030225
90.0,-5.0,90,19.56170760516086,19.07395687175785
90.0,0.0,-90,19.464661941511828,19.098448478925647
90.0,0.0,0,19.464671275198853,19.098454003884935
90.0,0.0,90,19.464669766885926,19.098448478925647
90.0,5.0,-90,19.336393251841614,19.07395687175785
90.0,5.0,0,19.336403699879327,19.0739641030225
90.0,5.0,90,19.336403233996414,19.07396027018111
90.0,10.0,-90,19.17725683368616,19.00068700540581
90.0,10.0,0,19.17726839129185,19.00069594322881
90.0,10.0,90,19.17726894441124,19.00069377428174
90.0,15.0,-90,18.98770487284038,18.879242109082167
90.0,15.0,0,18.98771753235855,18.87925273998179
90.0,15.0,90,18.987719077533917,18.879252192665678
90.0,20.0,-90,18.76828257908835,18.710622853666965
90.0,20.0,0,18.768296329993333,18.710635150724375
90.0,20.0,90,18.768298836616236,18.71063616882961
90.0,25.0,-90,18.5196304942788,18.496220326516404
90.0,25.0,0,18.519645323162585,18.49623424976996
90.0,25.0,90,18.51964875679379,18.49623676333033
90.0,30.0,-90,18.24248743273973,18.237806249172795
90.0,30.0,0,18.24250332328182,18.23782174610747
90.0,30.0,90,18.242507645452392,18.237825671684607
90.0,35.0,-90,17.937694189949116,17.937520486271453
90.0,35.0,0,17.937711122864023,17.937537492401027
90.0,35.0,90,17.93771629083994,17.937542733462273
90.0,40.0,-90,17.606198191047472,17.59785590077516
90.0,40.0,0,17.606216144004097,17.597874340314142
90.0,40.0,90,17.606222110506767,17.597880787702938
90.0,45.0,-90,17.24905929456362,17.221640611701112
90.0,45.0,0,17.24907824206904,17.221660398322935
90.0,45.0,90,17.249084954942596,17.22166793082147
90.0,50.0,-90,16.867457020644633,16.8120177038229
90.0,50.0,0,16.867476933882383,16.812038741500288
90.0,50.0,90,16.86748433569671,16.812047226485483
90.0,55.0,-90,16.462699539450202,16.372422422185863
90.0,55.0,0,16.4627203860604,16.372444606108914
90.0,55.0,90,16.46272841363675,16.372453900304755
90.0,60.0,-90,16.036234836704928,15.906556855130471
90.0,60.0,0,16.03625658048962,15.90658007269784
90.0,60.0,90,16.03626516433312,15.906590023029823
90.0,65.0,-90,15.589664572126559,15.418362065198643
90.0,65.0,0,15.58968717265895,15.418386197076924
90.0,65.0,90,15.589696236279764,15.418396641638207
90.0,70.0,-90,15.124761264295135,14.911987565359578
90.0,70.0,0,15.124784676405147,14.912012486606244
90.0,70.0,90,15.124794135507315,14.912023255749894
90.0,75.0,-90,14.643489572297044,14.391757956960019
90.0,75.0,0,14.643513745397845,14.391783538205598
90.0,75.0,90,14.643523506912471,14.391794455783248
90.0,80.0,-90,14.14803259571392,13.862136446464426
90.0,80.0,0,14.14805747292462,13.862162555149995
90.0,80.0,90,14.148067433862904,13.862173439924288
90.0,85.0,-90,13.640824267292903,13.327684845562445
90.0,85.0,0,13.640849784301126,13.327711347229275
90.0,85.0,90,13.640859830403969,13.327722014494684
90.0,90.0,-90,13.124589038084434,12.793019546289681
90.0,90.0,0,13.124615121679867,12.793046305918365
90.0,90.0,90,13.124625125846789,12.793056569372018
90.0,95.0,-90,12.602390095602827,12.26276287402908
90.0,95.0,0,12.602416661800294,12.262789757425411
90.0,95.0,90,12.60242648229516,12.262799431333866
90.0,100.0,-90,12.077687205276375,11.741489198304741
90.0,100.0,0,12.077714156938121,11.741516073528496
90.0,100.0,90,12.077723635398758,11.7415249752357
