t_s,slider_z_mm,motor_rpm,omega_rad_s,alpha_rad_s2,empty_force_minusZ_N,ideal_motor_torque_Nm,estimated_motor_friction_Nm,torque_with_motor_friction_Nm,ideal_shaft_power_W,power_with_motor_friction_W,catalogue_equivalent_current_A
0.0,-40.0,-0.0,-0.0,-0.0,-3.715882082800836,-0.0014785025035609013,0.0,-0.0014785025035609013,0.0,0.0,-0.05261574745768332
0.001,-40.00000319040768,-0.22947932159999998,-0.02403101836297765,-47.96572001908966,-3.8571557054300767,-0.0017653326738375412,-0.0020402120388931587,-0.0038055447127307,4.242274190175439e-05,9.145111487276396e-05,-0.135428637463726
0.002,-40.00002544664576,-0.9142419456,-0.09573919266335332,-95.35469791370129,-3.996692898951249,-0.0020486989647899964,-0.0020408447595577344,-0.00408954372434773,0.00019614078489924196,0.00039152961453053486,-0.1455353638557911
0.003,-40.00008562426624,-2.0487914496000004,-0.2145489388933648,-142.16924991726654,-4.134455822863594,-0.002328597456611744,-0.0020418930832994306,-0.004370490539911174,0.0004995981134258377,0.0009376841077814314,-0.15553347117121616
0.004,-40.00020235026432,-3.6276535295999994,-0.37988698927868136,-188.411692263217,-4.270399345842141,-0.0026050213285694797,-0.0020433519518613507,-0.00464837328043083,0.0009896137095170101,0.0017658565305463357,-0.16542253667013632
0.005,-40.000394024,-5.645376,-0.5911823922784044,-234.08434118498434,-4.404471413481453,-0.002877961005323706,-0.002045216327424,-0.004923177332747706,0.0017013998720112303,0.002910495753184603,-0.17520204031130626
0.006,-40.00067881811968,-8.096528793600003,-0.8478665125850665,-279.1895129160003,-4.536613425569518,-0.003147404307041242,-0.0020474811926052866,-0.005194885499646529,0.0026685787135062758,0.004404569451864033,-0.18487137009418253
0.007,-40.00107467947776,-10.975703961599999,-1.1493730311246315,-323.7295236896963,-4.666760625892107,-0.0034133366044934504,-0.0020501415504605184,-0.005463478154953969,0.003923197039355295,0.006279574447442653,-0.19442982757843305
0.008,-40.00159933005824,-14.277515673600002,-1.4951379450564963,-367.7066897395041,-4.794842507155286,-0.0036757409801697867,-0.0020531924244824064,-0.005728933404652193,0.005495739815651006,0.008565545717997197,-0.20387663361751576
0.009000000000000001,-40.00227026789632,-17.9966002176,-1.884599567773488,-411.1233272988554,-4.920783233189015,-0.003934598396267273,-0.0020566288586010627,-0.0059912272548683365,0.007415142436967562,0.011291064294957607,-0.21321093433695149
0.01,-40.003104768,-22.127616,-2.3171985289018653,-453.9817526011818,-5.044502080156497,-0.00418988787024212,-0.0020604459171840003,-0.006250333787426121,0.00970880200918881,0.014483264257369432,-0.2224318073817125
0.011000000000000001,-40.00411988327168,-26.665243545600003,-2.7923777743013205,-496.2842818799149,-5.165913898040391,-0.004441586658429255,-0.0020646386850361347,-0.006506225343465389,0.012402587867631121,0.018167839043688728,-0.2315382684507256
0.012,-40.00533244542976,-31.6041854976,-3.3095825660649747,-538.0332313684863,-5.28492959320845,-0.004689670448049094,-0.0020692022673997825,-0.006758872715448876,0.0155208515554534,0.022369047305301835,-0.24052927812985325
0.013000000000000001,-40.00675906593024,-36.93916661760001,-3.8682604825193834,-579.2309173003279,-5.401456632378521,-0.0049341135577288375,-0.0020741317899546623,-0.0070082453476835,0.019086436491625586,0.0271097185302444,-0.24940374902788257
0.014,-40.00841613688832,-42.66493378559999,-4.46786141822453,-619.8796559088709,-5.51539956780857,-0.005174889146468944,-0.0020794223988178945,-0.0072543115452868385,0.02312068756109746,0.03241125866896784,-0.25816055321305476
0.015000000000000001,-40.010319832,-48.776256000000004,-5.1078375839738355,-659.981763427547,-5.626660583034918,-0.005411969430785479,-0.002085069260544,-0.007497038691329479,0.027643460861883556,0.03829365599607873,-0.26679852994055087
0.016,-40.01248610746368,-55.2679243776,-5.787643506794147,-699.5395560897883,-5.735140057976155,-0.005645325909557813,-0.0020910675621249025,-0.007736393471682716,0.03267313384418904,0.0447754874423891,-0.2753164936541892
0.017,-40.01493070290176,-62.13475215360002,-6.506736029945746,-738.5553501290261,-5.840737151715777,-0.005874929595910466,-0.0020974125109899265,-0.007972342106900392,0.03822661607510523,0.05187392563002236,-0.2837132422384481
0.018000000000000002,-40.017669142282244,-69.3715746816,-7.264574312922342,-777.0314617786922,-5.943350400781288,-0.0061007512552608,-0.0021040993350057986,-0.008204850590266599,0.04431936085849634,0.05960474683941645,-0.29198756548991456
0.019,-40.02071673484032,-76.97324943359999,-8.060619831451081,-814.970207272218,-6.042878330257714,-0.006322761648473359,-0.0021111232824766466,-0.008433884930950005,0.050965377933222686,0.06798234013059205,-0.3001382537704628
0.02,-40.024088576,-84.93465599999999,-8.894336377492541,-852.3739028430352,-6.139220074616682,-0.006540931778879912,-0.0021184796221440003,-0.008659411401023913,0.0581772474635886,0.07701971783180064,-0.308164106798004
0.021,-40.02779954829568,-93.2506960896,-9.765190059240727,-889.2448647245756,-6.232276004718887,-0.006755233141755809,-0.0021261636431867906,-0.0088813967849426,0.06596613552372732,0.08672852759649403,-0.3160639425246477
0.022000000000000002,-40.031864322293764,-101.91629352960001,-10.672649301123078,-925.5854091502707,-6.321948357062219,-0.006965637974689849,-0.0021341706552213506,-0.0090998086299112,0.07434181126244999,0.09711906621437554,-0.3238366060466619
0.023,-40.036297357514236,-110.92639426559998,-11.616184843800461,-961.3978523535521,-6.408141861013237,-0.007172119507151764,-0.0021424959883014146,-0.009314615495453179,0.08331266591690197,0.10820029534411213,-0.33148097848587826
0.024,-40.04111290335232,-120.27596636159998,-12.595269744167187,-996.6845105678516,-6.49076435948016,-0.00737465220745015,-0.0021511349929181187,-0.009525787200368268,0.09288573382225263,0.1199798593141735,-0.3389959857782302
0.025,-40.046325,-129.96000000000004,-13.609379375350988,-1031.4477000266008,-6.569727418271372,-0.007573212025188509,-0.00216008304,-0.009733295065188509,0.10306671554076058,0.13246410511438203,-0.34638060730208214
0.026000000000000002,-40.05194747936768,-139.97350748160002,-14.657991426713018,-1065.6897369632316,-6.6449469192380075,-0.007767776627269194,-0.0021693355209129986,-0.009937112148182192,0.1138600032071336,0.14565810467434034,-0.3536338842769463
0.027,-40.05799396600576,-150.31152322559996,-15.740585903847881,-1099.4129376111746,-6.716343632232425,-0.007958325625468441,-0.0021788878474604547,-0.010137213472928897,0.12526870815847993,0.15956567949628142,-0.3607549278622383
0.028,-40.06447787802624,-160.96910376959997,-16.85664512858361,-1132.6196182038623,-6.783843760925255,-0.008144840793610091,-0.0021887354518831106,-0.010333576245493203,0.13729469088669663,0.17418942767944032,-0.3677429268858791
0.029,-40.07141242802432,-171.9413277696,-18.005653738981668,-1165.312094974727,-6.847379457619502,-0.008327306272403601,-0.0021988737868591105,-0.010526180059262712,0.1499385933193494,0.18953075334125793,-0.37459715513390435
0.030000000000000002,-40.078810624,-183.223296,-19.18709868933694,-1197.492684157199,-6.906889302377418,-0.00850570876008256,-0.0022092983255040002,-0.01071500708558656,0.1631998734024618,0.2055898984080939,-0.38131697813475307
0.031,-40.08668527027968,-194.81013135359993,-20.40046925017774,-1229.1637019847103,-6.962318742037944,-0.008680037687084202,-0.0022200045613707266,-0.010900042248454929,0.17707684192574516,0.222365976715243,-0.3879018593756203
0.032,-40.09504896843776,-206.6969788416,-21.645257008265848,-1260.3274646906932,-7.013620485041641,-0.008850285373145238,-0.0022309880084496387,-0.011081273381594876,0.1915667014982247,0.23985701032347628,-0.3943513658930561
0.033,-40.10391411821824,-218.8790055936,-22.920955866596433,-1290.9862885085784,-7.060754848396378,-0.009016447165355119,-0.0022422442011684864,-0.011258691366523604,0.20666558755060319,0.25805996792771785,-0.4006651731858934
0.034,-40.113292918456324,-231.3514008576,-24.227062044398117,-1321.1424896717983,-7.103690053599957,-0.009178521555899917,-0.0022537686943924226,-0.01143229025029234,0.2223686112106328,0.2769708052034002,-0.40684306940542136
0.035,-40.123197368,-244.10937600000003,-25.563074077132956,-1350.798384413784,-7.142402468878581,-0.009336510278445932,-0.002265557063424,-0.011602067341869932,0.23866990386982662,0.2965845069081061,-0.4128849587854068
0.036000000000000004,-40.13363926663168,-257.1481645056,-26.92849281649642,-1379.9562889679676,-7.1768767956939525,-0.009490418382348527,-0.0022776049040031743,-0.011768023286351702,0.25556266323461785,0.31689513053088436,-0.41879086428297874
0.037000000000000005,-40.144630215989764,-270.4630219776,-28.32282143041743,-1408.6185195677808,-7.20710619810302,-0.009640254284122721,-0.0022899078323073024,-0.011930162116430023,0.27303920063302445,0.33789585125957844,-0.4245609294103211
0.038,-40.15618162049024,-284.04922613760004,-29.745565403058336,-1436.7873924466544,-7.233092374212651,-0.009786029795874106,-0.0023024614849511426,-0.012088491280825248,0.2910909893294508,0.35957900801808784,-0.4301954192464501
0.039,-40.16830468824832,-297.9020768256,-31.196232534814904,-1464.4652238380208,-7.254845569644263,-0.009927760130656257,-0.0023152615189868547,-0.012243021649643112,0.309708713585817,0.38193615031103967,-0.43569472062786874
0.04,-40.181010432,-312.01689600000003,-32.674332942316354,-1491.6543299753118,-7.272384533595929,-0.0100654638849884,-0.002328303611904,-0.0123937674968924,0.32888231819697206,0.4049580856031211,-0.44105934152641996
0.041,-40.19430967002368,-326.3890277376001,-34.17937905842532,-1518.3570270919583,-7.285736418749706,-0.010199162999029784,-0.0023415834616295427,-0.012540746460659327,0.348601058222505,0.42863492695448085,-0.4462899096320045
0.042,-40.20821302706176,-341.0138382336001,-35.71088563223787,-1544.5756314213922,-7.2949366269078295,-0.010328882695160302,-0.0023550967865278464,-0.01268397948168815,0.3688535486356704,0.45295614063221723,-0.45138717016683805
0.043000000000000003,-40.22273093524224,-355.8867158016001,-37.26836972908351,-1570.3124591970452,-7.300028602839653,-0.010454651395954776,-0.002368839325400679,-0.012823490721355454,0.38962781361312165,0.4779105934209469,-0.4563519829663863
0.044000000000000004,-40.23787363500032,-371.00307087360005,-38.851350730525176,-1595.5698266523493,-7.301063579371213,-0.010576500622757334,-0.0023828068374872067,-0.01295930746024454,0.41091133519636314,0.503486599362672,-0.4611853188699125
0.045000000000000005,-40.253651176,-386.35833600000007,-40.459350334359236,-1620.350050020736,-7.298100277243316,-0.010694464876258714,-0.0023969951024640002,-0.013091459978722714,0.4326911010670511,0.5296719656673854,-0.46588825547055923
0.046,-40.27007341805568,-401.9479658496,-42.09189255461548,-1644.6554455356363,-7.29120456369117,-0.01080858150064943,-0.0024113999204450304,-0.01321998142109446,0.4549536511931403,0.5564540375507209,-0.47046197228094166
0.047,-40.28715003205376,-417.76743720959996,-43.74850372155715,-1668.4883294304827,-7.28044907405515,-0.010918890533063486,-0.0024260171119816704,-0.013344907645045156,0.47768512312100303,0.5838197417730945,-0.47490774537527247
0.048,-40.304890500874244,-433.8122489856,-45.428712481680904,-1691.8510179387063,-7.2659128010126075,-0.011025434540138889,-0.0024408425180626947,-0.013466277058201585,0.5008712957095633,0.6117556286756956,-0.47922694157301016
0.049,-40.32330412031232,-450.07792220159996,-47.13204979771683,-1714.7458272937392,-7.247680656222792,-0.011128258443601723,-0.0024558720001142784,-0.013584130443716001,0.5244976311256992,0.6402479125319038,-0.48342101223188616
0.05,-40.3424,-466.5600000000002,-48.85804894862848,-1737.175073729012,-7.225843009299126,-0.01122740933682902,-0.0024711014400000003,-0.01369851077682902,0.5485493149450806,0.669282510057627,-0.48749148671989395
0.051000000000000004,-40.362187064327685,-483.2540476416,-50.60624552961275,-1759.141073477958,-7.200495209069879,-0.011322936294364476,-0.0024865267400208386,-0.013809463034385315,0.5730112942287722,0.6988450769502144,-0.49143996563648806
0.052000000000000005,-40.38267405336576,-500.15565250560013,-52.376177452100094,-1780.646142774007,-7.171737092056823,-0.011414890176348273,-0.0025021438229151744,-0.013917033999263449,0.5978683134726513,0.7289210423523327,-0.4952681138527918
0.053000000000000005,-40.40386952378624,-517.2604240896002,-54.16738494375429,-1801.692597850592,-7.13967248300248,-0.011503323429783224,-0.002517948631858791,-0.014021272061642016,0.6231049483535758,0.7594956411640704,-0.4989776534392176
0.054,-40.42578184978432,-534.5639940095999,-55.97941054847257,-1822.2827549411438,-7.104408692111555,-0.011588289888493473,-0.0025339371304648707,-0.014122227018958343,0.6487056372226896,0.7905539441530011,-0.5025703565465602
0.055,-40.448419224,-552.0620160000001,-57.8117991263857,-1842.4189302790946,-7.066056013448953,-0.011669844573543421,-0.002550105302784,-0.014219949876327421,0.6746547103218344,0.822080885837514,-0.5060480383034669
0.056,-40.47178965843968,-569.7501659136,-59.66409785385771,-1862.103440097876,-7.024727228663789,-0.01174804349577577,-0.0025664491533041664,-0.014314492649079937,0.7009364167233422,0.8540612901430322,-0.5094125497893216
0.057,-40.49590098539776,-587.6241417216,-61.535856223486206,-1881.3386006309195,-6.980537119893864,-0.011822943462002388,-0.0025829647069507584,-0.014405908168953147,0.7275349490161852,0.8864798938534463,-0.5126657711371226
0.058,-40.52076085837824,-605.6796635136001,-63.42662604410213,-1900.1267281116566,-6.933601995355402,-0.011894601886242449,-0.0025996480090865665,-0.014494249895329015,0.7544344657821715,0.9193213679007999,-0.5158096048159792
0.059000000000000004,-40.54637675301632,-623.9124734976,-65.33596144076989,-1918.4701387735192,-6.884039230749557,-0.011963076607253882,-0.0026164951255117823,-0.014579571732765664,0.7816191119245159,0.9525703365549161,-0.5188459691375681
0.060000000000000005,-40.572755967999996,-642.318336,-67.26341885478735,-1936.3711488499391,-6.8319668292262286,-0.012028425713448549,-0.002633502142464,-0.014661927855912549,0.8090730369273841,0.98621139459092,-0.5217767920253576
0.061000000000000006,-40.59990562599168,-660.8930374656003,-69.20855704368579,-1953.8320745743472,-6.777503002246292,-0.012090707376122608,-0.002650665166618215,-0.014741372542740824,0.836780411138894,1.0202291225265017,-0.5246040050797446
0.062,-40.62783267454976,-679.6323864576,-71.17093708122984,-1970.8552321801753,-6.720765773284074,-0.012149979691774747,-0.0026679803250868224,-0.01481796001686157,0.8647254401815208,1.0546081000322343,-0.5273295379666039
0.063,-40.65654388705024,-698.5322136576,-73.15012235741773,-1987.4429379008561,-6.661872605916446,-0.012206300534127539,-0.0026854437654196227,-0.014891744299547162,0.8928923776028428,1.0893329176272528,-0.5299553131511445
0.064,-40.68604586360832,-717.5883718655999,-75.14567857848098,-2003.59750796982,-6.60094005746419,-0.012259727416315709,-0.0027030516556038144,-0.014962779071919523,0.9212655358862514,1.1243881867792864,-0.5324832409935774
0.065,-40.716345032,-736.7967360000001,-77.15717376688463,-2019.3212586204993,-6.538083458985584,-0.012310317363559644,-0.0027208001840640004,-0.015031117547623644,0.9498292959456685,1.1597585485324662,-0.5349152152179233
0.066,-40.74744764858368,-756.1532030976001,-79.18417826132705,-2034.616506086325,-6.473416622079993,-0.012358126796506228,-0.0027386855596621827,-0.01509681235616841,0.9785681152306317,1.1954286807886443,-0.5372531087604416
0.067,-40.77935979922176,-775.6536923136,-81.22626471674012,-2049.4855666007297,-6.40705157264168,-0.012403211425292873,-0.0027567040116977665,-0.01515991543699064,1.0074665345685343,1.2313833043683966,-0.5394987699996668
0.068,-40.81208740020224,-795.2941449216,-83.28300810428917,-2063.930756397144,-6.339098311414878,-0.01244562615427538,-0.0027748517899075587,-0.01522047794418294,1.0365091838694698,1.2676071879765423,-0.5416540193659409
0.069,-40.84563619916032,-815.0705243136001,-85.3539857113729,-2077.954391709001,-6.269664600942117,-0.01248542499725741,-0.0027931251644657666,-0.015278550161723177,1.065680786816327,1.304085152194214,-0.5437206463246682
0.07,-40.880011775999996,-834.9788160000002,-87.43877714162346,-2091.55878876973,-6.198855778269223,-0.012522661002968127,-0.0028115204259840003,-0.015334181428952126,1.094966164658629,1.3408020726153662,-0.545700406724275
0.07100000000000001,-40.91521954381568,-855.0150276096,-89.53696431490646,-2104.7462638127654,-6.1267745925739145,-0.012557386190456706,-0.0028300338855112707,-0.015387420075967977,1.1243502392234213,1.37774288224042,-0.5475950204970811
0.07200000000000001,-40.95126474981376,-875.1751888896,-91.6481314673209,-2117.5191330715365,-6.053521066718968,-0.012589651494006066,-0.0028486618745339905,-0.015438313368540056,1.1538180352504208,1.4148925732336568,-0.5494061696989344
0.07300000000000001,-40.98815247623424,-895.4553517056002,-93.77186515119926,-2129.879712779477,-5.979192381595186,-0.012619506717114416,-0.0028674007449759746,-0.01548690746209039,1.1833546821519063,1.4522361981442418,-0.5511354968715441
0.07400000000000001,-41.02588764127232,-915.8515900416002,-95.9077542351074,-2141.8303191700165,-5.903882782013176,-0.012647000495050761,-0.0028862468691984388,-0.0155332473642492,1.21294541529061,1.489758870683542,-0.552784603709936
0.075,-41.064475,-936.3599999999998,-98.0553899038446,-2153.373268476588,-5.827683502822724,-0.012672180265458756,-0.0029051966399999997,-0.015577376905458755,1.2425755768613633,1.5274457661439025,-0.5543550500163258
0.076,-41.10391914528768,-956.9766998015998,-100.2143656584437,-2164.510876932622,-5.750682713884854,-0.012695092246461773,-0.0029242464706166786,-0.015619338717078452,1.2722306164545936,1.5652821215363868,-0.5558483529209414
0.077,-41.144224508725756,-977.6978297855999,-102.38427731617081,-2175.2454607715517,-5.672965482489986,-0.012715781421709572,-0.0029433927947218946,-0.015659174216431468,1.3018960913721256,1.6032532355173512,-0.5572659863498743
0.078,-41.18539536154624,-998.5195524095998,-104.56472301052557,-2185.5793362268078,-5.594613751804882,-0.012734291531802597,-0.0029626320664264704,-0.01569692359822907,1.3315576667582198,1.6413444681662048,-0.5586093807198956
0.079,-41.22743581554432,-1019.4380522496,-106.75530319124103,-2195.514819531822,-5.515706333939049,-0.012750665071533192,-0.0029819607602786305,-0.01573262583181182,1.361201115601493,1.6795412406694215,-0.5598799228402783
0.08,-41.270349824,-1040.4495359999996,-108.95562062428361,-2205.0542269200255,-5.436318916243942,-0.01276494329239198,-0.0030013753712639997,-0.01576631866365598,1.3908123186563544,1.717829034958863,-0.5610789560019921
0.081,-41.31414118259968,-1061.5502324736003,-111.16528039185332,-2214.199874624851,-5.356524079496221,-0.012777166209802755,-0.0030208724148056065,-0.015798038624608362,1.4203772643260368,1.7561933933459173,-0.562207780235173
0.082,-41.358813530357764,-1082.7363926016,-113.38388989238337,-2222.9540788797294,-5.276391326663397,-0.012787372614567949,-0.003040448426763879,-0.015827821041331826,1.4498820485430506,1.7946199181867164,-0.5632676527164351
0.083,-41.404370350538244,-1104.0042894336002,-115.6110588405406,-2231.3191559180923,-5.19598712100816,-0.012795600088029876,-0.0030600999634366466,-0.015855700051466522,1.4793128746772484,1.8330942716080587,-0.5642597883084172
0.084,-41.45081497157632,-1125.3502181376002,-117.8463992672252,-2239.297421973372,-5.115374932351369,-0.012801885020478198,-0.0030798236015591425,-0.01588170862203734,1.508656053496383,1.8716021753183452,-0.565185360214852
0.085,-41.498150568,-1146.7704959999999,-120.08952551957077,-2246.8911932789997,-5.034615290383325,-0.01280626263236179,-0.003099615938304,-0.01590587857066579,1.5378980031993368,1.9101294105231634,-0.5660455007354374
0.08600000000000001,-41.54638016135168,-1168.2614624256003,-122.34005426094446,-2254.102786068406,-4.953765843985759,-0.01280876699789222,-0.0031194735912812546,-0.015928240589173474,1.5670252495379287,1.9486618179608606,-0.5668413021058176
0.08700000000000001,-41.59550662110976,-1189.8194789376003,-124.59760447094668,-2260.9345165750246,-4.8728814256017365,-0.012809431070655715,-0.0031393931985383428,-0.015948824269194056,1.5960244260394159,1.9871852980696763,-0.5675738174090411
0.08800000000000001,-41.64553266561024,-1211.4409291776,-126.86179744541137,-2267.3887010322856,-4.792014119766478,-0.012808286710880712,-0.0031593714185601026,-0.015967658129440815,1.6248822743385032,2.025685811294697,-0.5682440615459364
0.08900000000000001,-41.69646086296832,-1233.1222189056002,-129.13225679640595,-2273.4676556736217,-4.711213334987163,-0.012805364714037926,-0.0031794049302687746,-0.0159847696443067,1.653585644624781,2.064149378540008,-0.5688530122529075
0.09000000000000001,-41.748293632,-1254.8597759999998,-131.4086084522311,-2279.173696732463,-4.630525878233674,-0.012800694840479257,-0.0031994904330239996,-0.016000185273503255,1.6821214962090336,2.1025620817689434,-0.5694016111566995
0.091,-41.80103324314368,-1276.6500504576004,-133.6904806574212,-2284.5091404422433,-4.549996031373791,-0.01279430584585042,-0.003219624646622823,-0.016013930492473242,1.7104768982097966,2.1409100647532817,-0.569890764856699
0.092,-41.85468181938176,-1298.4895143936003,-135.97750397274376,-2289.4763030363924,-4.469665628955326,-0.01278622551203944,-0.0032398043112996868,-0.016026029823339127,1.7386390303597405,2.179179533970406,-0.5703213460263035
0.093,-41.90924133716224,-1320.3746620415998,-138.26931127519987,-2294.077500748343,-4.389574136803222,-0.012776480678449465,-0.003260026187726438,-0.016036506866175904,1.766595183930106,2.217356759646156,-0.5706941945258329
0.094,-41.96471362732032,-1342.3020097536,-140.56553775802416,-2298.3150498115256,-4.309758730961375,-0.012765097273408707,-0.0032802870570123265,-0.016045384330421034,1.7943327627701828,2.255428076939807,-0.5710101185203215
0.095,-42.021100376,-1364.2680960000002,-142.86582093068452,-2302.1912664593733,-4.230254376567268,-0.01275210034555368,-0.003300583720704,-0.01605268406625768,1.8218392844579923,2.2933798872668225,-0.5712698955963588
0.096,-42.078403125575676,-1386.2694813696003,-145.16980061888228,-2305.7084669253168,-4.151093906301013,-0.012737514095043052,-0.0033209130007855105,-0.01605842709582856,1.8491023815576024,2.331198659754289,-0.5714742738729025
0.097,-42.13662327557376,-1408.3027485696002,-147.47711896455232,-2308.8689674427874,-4.072308098100489,-0.012721361904479542,-0.0033412717396783106,-0.016062633644157852,1.8761098029780532,2.368870932823488,-0.5716239731017029
0.098,-42.19576208359424,-1430.3645024256002,-149.78742042586285,-2311.675084245218,-3.9939257518796785,-0.012703666369435172,-0.0033616568002412545,-0.016065323169676425,1.902849415428481,2.4063833158936783,-0.5717196857536094
0.099,-42.25582066623232,-1452.4513698816004,-152.10035177721556,-2314.129133566039,-3.9159737650288955,-0.012684449328491838,-0.003382065065770599,-0.01606651439426244,1.9293092049638743,2.4437224912010143,-0.5717620780876312
0.1,-42.3168,-1474.5600000000006,-154.41556210924557,-2316.2334316386828,-3.838477206513306,-0.012663731892724194,-0.0034024934400000008,-0.016066225332724195,1.9554772786157868,2.4808752157264076,-0.5717517912001493
0.101,-42.37870092224768,-1496.6870639616002,-156.73270282882135,-2317.990294696581,-3.7614593894196697,-0.012641534474565067,-0.0034229388471005186,-0.016064473321665586,1.9813418661023068,2.5178283232261407,-0.5716894420521561
0.10200000000000001,-42.44152413208576,-1518.8292550656006,-159.05142765904495,-2319.4020389731645,-3.684941941831603,-0.012617876816005845,-0.003443398231680615,-0.01606127504768646,2.006891321611694,2.5545687263591264,-0.5715756244728277
0.10300000000000001,-42.50527019130624,-1540.9832887296009,-161.37139263925175,-2320.4709807018653,-3.6089448759403338,-0.012592778016094748,-0.003463868558786151,-0.0160566465748809,2.032114125654163,2.5910834189048026,-0.5714109101381103
0.10400000000000001,-42.56993952530432,-1563.1459024896005,-163.69225612501052,-2321.1994361161164,-3.5334866553213002,-0.012566256557705371,-0.003484346813900391,-0.016050603371605764,2.056998886976501,2.627359478065848,-0.5711958495233368
0.10500000000000001,-42.635532424,-1585.3138560000004,-166.01367878812363,-2321.5897214493475,-3.4585842603278114,-0.012538330333555957,-0.0035048300029440005,-0.016043160336499957,2.0815343445343455,2.6633840668500692,-0.5709309728291799
0.10600000000000001,-42.70204904275968,-1607.4839310336004,-168.33532361662668,-2321.644152934991,-3.3842532515705295,-0.01250901667146711,-0.003525315152275047,-0.016034331823742157,2.1057093695171942,2.6991444365260118,-0.5706167908805038
0.10700000000000001,-42.76948940331776,-1629.6529314816005,-170.6568559147889,-2321.3650468064784,-3.3105078314671212,-0.012478332358851608,-0.003545799308688999,-0.016024131667540607,2.129512967421387,2.7346279291470834,-0.5702537959978864
0.108,-42.837853394698236,-1651.8176833536,-172.97794330311268,-2320.754719297241,-3.237360903859325,-0.012446293666435279,-0.003566279539418726,-0.016012573205854006,2.1529342801665323,2.7698219801391555,-0.5698424628417795
0.109,-42.907140774136316,-1673.9750347776003,-175.29825571833425,-2319.815486640712,-3.1648241317058448,-0.012412916371212297,-0.0035867529321345027,-0.0159996693033468,2.1759625882510707,2.80471412094687,-0.5693832492294235
0.11,-42.977351168,-1696.1218560000002,-177.61746541342285,-2318.549665070321,-3.092907992868671,-0.012378215778641809,-0.003607216594944,-0.01598543237358581,2.1985873129427964,2.8392919817339872,-0.5688765969247619
0.111,-43.04848407271168,-1718.2550393855997,-179.93524695758137,-2316.959570819502,-3.02162183401792,-0.012342206744096043,-0.003627667656392294,-0.01596987440048834,2.2207980185004477,2.873543294133426,-0.5683229324017203
0.112,-43.12053885566976,-1740.3714994175998,-182.25127723624615,-2315.0475201216836,-2.9509739226865634,-0.012304903693572174,-0.0036481032654618623,-0.01595300695903404,2.2425844144225318,2.907455894042677,-0.5677226675812825
0.113,-43.193514756170245,-1762.4681726976,-184.56523545108692,-2312.8158292103003,-2.880971497511162,-0.01226632064368253,-0.0036685205915725824,-0.015934841235255112,2.2639363577197944,2.9410177244605484,-0.5670762005428865
0.114,-43.26741088632832,-1784.5420179456003,-186.87680312000674,-2310.266814318781,-2.811620816698644,-0.012226471220938853,-0.003688916824581735,-0.01591538804552059,2.2848438552078183,2.97421683836126,-0.5663839162106972
0.115,-43.342226232,-1806.590016,-189.18566407714223,-2307.4027916805603,-2.74292720476183,-0.012185368680347837,-0.003709289174784,-0.015894657855131836,2.305297065816416,3.007041401602082,-0.5656461870153678
0.116,-43.417959653703676,-1828.6091698176,-191.49150447286345,-2304.226077529068,-2.674895097568589,-0.012143025923335556,-0.0037296348729114626,-0.015872660796247016,2.3252863029125073,3.03947969586078,-0.5648633735319223
0.117,-43.494609887541756,-1850.5965044736006,-193.7940127737738,-2300.738988097736,-2.607528085750685,-0.012099455515019338,-0.003749951170133607,-0.015849406685152945,2.3448020366333653,3.071520121599266,-0.5640358250944109
0.11800000000000001,-43.57217554612224,-1872.5490671616,-196.0928797627101,-2296.9438396199953,-2.540828956519243,-0.012054669700845589,-0.0037702353380573185,-0.01582490503890291,2.3638348962270985,3.1031512010498936,-0.5631638803880039
0.11900000000000001,-43.65065511948032,-1894.4639271936007,-198.3877985387428,-2292.84294832928,-2.474799733933878,-0.012008680422612389,-0.0037904846687268874,-0.015799165091339277,2.3823756723973712,3.1343615812209547,-0.5622478680191914
0.12000000000000001,-43.730046976,-1916.3381760000002,-200.67846451717548,-2288.4386304590184,-2.409441717672534,-0.011961499333895488,-0.0038106964746240004,-0.01577219580851949,2.400415319649364,3.1651400369179226,-0.5612881070647505
0.12100000000000001,-43.81034936333568,-1938.1689271296004,-202.96457542954545,-2283.733202242645,-2.34475552034851,-0.011913137814896323,-0.003830868088667751,-0.015744005903564073,2.417944958634095,3.195475473777139,-0.5602849076001449
0.12200000000000001,-43.89156040933376,-1959.9533162496007,-205.24583132362326,-2278.7289799135892,-2.2807411034204708,-0.011863606986730117,-0.003850996864214631,-0.015714603850944746,2.434955878488168,3.225356931308566,-0.559238571207998
0.12300000000000001,-43.97367812295424,-1981.688501145601,-207.52193456341294,-2273.4282797052847,-2.217397811740285,-0.011812917725172055,-0.003871080175058535,-0.01568399790023059,2.4514395391661363,3.2547735859443585,-0.5581493914672808
0.124,-44.05670039519232,-2003.3716617215991,-209.79258982915175,-2267.8334178511604,-2.154724406782574,-0.011761080673878876,-0.0038911154154307576,-0.015652196089309633,2.4673875737626347,3.283714754089989,-0.5570176544238303
0.125,-44.140625,-2025.0,-212.05750411731103,-2261.946710584651,-2.0927190985985518,-0.011708106257102942,-0.0039111,-0.015619206257102943,2.4827917908215222,3.3121698951747374,-0.5558436390428093
0.126,-44.22544959520768,-2046.5707401216002,-214.31638674059482,-2255.7704741391867,-2.0313795765355134,-0.011654004691915082,-0.003931031363872359,-0.01558503605578744,2.497644176629179,3.340128614698256,-0.5546276176436812
0.127,-44.31117172344576,-2068.0811283456,-216.5689493279409,-2249.3070247481987,-1.9707030387621822,-0.01159878599995239,-0.0039509069625913345,-0.015549692962543726,2.5119368974893197,3.3675806672701714,-0.5533698563182821
0.128,-44.39778881306624,-2089.5284330496006,-218.81490582452057,-2242.5586786451195,-1.9106862206386195,-0.011542460018706254,-0.0039707242721378315,-0.015513184290844086,2.525662301976503,3.3945159596394805,-0.5520706153325298
0.129,-44.48529817906432,-2110.9099447296,-221.05397249173822,-2235.52775206338,-1.851325421968253,-0.011485036412365573,-0.003990480788930151,-0.015475517201295724,2.538812923165671,3.4209245537106465,-0.5507301495123034
0.13,-44.573697024,-2132.222976,-223.28586790723222,-2228.216561236413,-1.7926165331682156,-0.011426524682229619,-0.004010174029824,-0.01543669871205362,2.551381480835051,3.446796669543346,-0.5493487086140079
0.131,-44.662982438919684,-2153.4648615936,-225.5103129648738,-2220.6274223976484,-1.7345550603929853,-0.011366934176704407,-0.004029801532112486,-0.015396735708816892,2.563360883639731,3.4721226883327456,-0.5479265376803164
0.132,-44.75315140427776,-2174.6329583616002,-227.72703087476805,-2212.7626517805193,-1.6771361496450503,-0.011306274100896034,-0.004049360853526119,-0.015355634954422152,2.5747442312533417,3.496893155367361,-0.5464638773815712
0.133,-44.84420079085824,-2195.7246452736003,-229.93574716325327,-2204.624565618457,-1.6203546099051849,-0.011244553525813916,-0.004068849572232807,-0.015313403098046723,2.5855248164752167,3.5210987829614506,-0.5449609643432998
0.134,-44.93612736069632,-2216.7373234176,-232.1361896729011,-2196.215480144893,-1.5642049353137886,-0.011181781397196465,-0.004088265286837862,-0.015270046684034328,2.5956961273005157,3.5447304533590476,-0.5434180314602963
0.135,-45.028927768,-2237.668416000001,-234.32808856251705,-2187.537711593259,-1.5086813264336962,-0.01111796654397129,-0.004107605616384001,-0.015225572160355291,2.605251848950806,3.567779221606729,-0.5418353081976972
0.136,-45.12259856007168,-2258.5153683455997,-236.5111763071394,-2178.5935761969854,-1.453777710623815,-0.011053117686361606,-0.004126868200351334,-0.01517998588671294,2.6141858658626305,3.590236318392252,-0.540213020879464
0.137,-45.21713617822976,-2279.2756478976003,-238.68518769804055,-2169.385390189506,-1.3994877615519785,-0.01098724344365017,-0.004146050698657383,-0.015133294142307553,2.622492263631706,3.612093152846336,-0.5385513929646816
0.138,-45.31253695873024,-2299.946744217601,-240.84985984272592,-2159.9154698042516,-1.3458049178745584,-0.010920352341611638,-0.004165150791657064,-0.015085503133268702,2.6301653309103465,3.6333413153047696,-0.5368506453120534
0.139,-45.40879713368832,-2320.5261689856,-243.0049321649343,-2150.1861312746523,-1.2927224011094545,-0.010852452819624013,-0.004184166180142695,-0.015036618999766709,2.6371995612558834,3.653972580028271,-0.535110996432979
0.14,-45.505912832,-2341.011456,-245.1501464046382,-2140.1996908341425,-1.2402332327282475,-0.010783553237469412,-0.004203094585344,-0.014986647822813412,2.643589654927837,3.6739789078774603,-0.5333326627335734
0.14100000000000001,-45.60388008026368,-2361.4001611776002,-247.28524661804343,-2129.9584647161523,-1.1883302504926703,-0.010713661881834109,-0.0042219337489281025,-0.014935595630762211,2.6493305206316786,3.6933524489404053,-0.5315158587459862
0.14200000000000002,-45.70269480370176,-2381.6898625536005,-249.4099791775892,-2119.464769154113,-1.1370061240596145,-0.010642786972517589,-0.0042406814329995265,-0.014883468405517115,2.6544172772071293,3.7120855451103303,-0.5296607973493636
0.14300000000000002,-45.80235282708224,-2401.8781602816002,-251.52409277194806,-2108.7209203814573,-1.086253369878425,-0.010570936668359999,-0.004259335420100199,-0.014830272088460198,2.658845255258968,3.7301707326110947,-0.5277676899807899
0.14400000000000002,-45.90284987564032,-2421.9626766335996,-253.6273384060263,-2097.7292346316153,-1.0360643654033923,-0.010498119072897102,-0.004277893513209446,-0.014776012586106547,2.662609998728432,3.7476007444681487,-0.5258367468365319
0.14500000000000002,-46.004181576,-2441.9410560000006,-255.71946940096345,-2086.492028138021,-0.9864313626439212,-0.01042434223975174,-0.0042963535357440005,-0.014720695775495741,2.665707266403366,3.764368512922775,-0.5238681770639054
0.14600000000000002,-46.10634345709568,-2461.8109648896,-257.8002413941323,-2075.0116171341037,-0.9373465010740614,-0.010349614177770345,-0.004314713331557991,-0.014664327509328336,2.668133033365329,3.7804671717874596,-0.5218621889440689
0.14700000000000002,-46.20933095109376,-2481.5700919296005,-259.86941233913933,-2063.2903178532956,-0.888801819922737,-0.010273942855913086,-0.004332970764942951,-0.014606913620856038,2.6698834923720325,3.7958900587404285,-0.5198189900660511
0.14800000000000002,-46.31313939431424,-2501.216147865601,-261.92674250582445,-2051.3304465290294,-0.8407892698653081,-0.010197336207905798,-0.004351123720627815,-0.014548459928533614,2.6709550551734624,3.8106307175573293,-0.5177387874922994
0.149,-46.41776402815232,-2520.7468655615994,-263.9719944802606,-2039.134319394736,-0.7933007241366722,-0.010119802136661719,-0.004369170103778918,-0.014488972240440637,2.6713443537601966,3.824682900278245,-0.5156217879160369
0.15,-46.5232,-2540.1599999999994,-266.0049331647549,-2026.7042526838472,-0.7463279890855946,-0.010041348518480955,-0.00438710784,-0.014428456358480954,2.671048241542537,3.8380405693083093,-0.5134681978107101
0.151,-46.62944236416768,-2559.4533282815996,-268.0253257778473,-2014.0425626297942,-0.6998628141894736,-0.0099619832070352,-0.004404934875332198,-0.014366918082367399,2.6700637944590535,3.850697899450167,-0.5112782235717935
0.152,-46.73648608280576,-2578.6246496255994,-270.0329418543113,-2001.1515654660093,-0.6538969015482664,-0.009881714037145276,-0.004422649176254054,-0.01430436321339933,2.668388312013382,3.8626492798668104,-0.5090520716512217
0.153,-46.84432602682624,-2597.6717853695995,-272.02755324515385,-1988.0335774259233,-0.6084219148758978,-0.009800548828358678,-0.0044402487296815105,-0.014240797558040188,2.6660193182380705,3.8738893159732344,-0.5067899486847042
0.154,-46.95295697682432,-2616.5925789696003,-274.0089341176155,-1974.690914742969,-0.5634294880069713,-0.00971849538833431,-0.004457731542967911,-0.01417622693130222,2.662954562584446,3.8844128312555566,-0.5044920616121786
0.155,-47.062373624,-2635.384895999999,-275.97686095516997,-1961.1258936505774,-0.5189112329362034,-0.009635561516041244,-0.004475095643904,-0.014110657159945243,2.659192020737501,3.894214869016282,-0.5021586177916456
0.156,-47.17257057107968,-2654.0466241535996,-277.93111255752467,-1947.3408303821795,-0.4748587474075818,-0.009551755004778376,-0.004492339080717926,-0.014044094085496301,2.6547298953549583,3.903290694044539,-0.49978982510662995
0.157,-47.28354233323776,-2672.5756732415994,-279.8714700406201,-1933.3380411712078,-0.43126362206981494,-0.009467083645021484,-0.004509459922075238,-0.013976543567096721,2.649566616729675,3.911635794210132,-0.497385892067499
0.158,-47.39528333901824,-2690.9699751935996,-281.7977168366307,-1919.1198422510934,-0.38811744721422725,-0.009381555227104137,-0.004526456257078886,-0.013908011484183023,2.6437008433747042,3.919245881980415,-0.4949470279068692
0.159,-47.50778793125632,-2709.2274840575997,-283.70963869396377,-1904.688549855269,-0.34541181911087837,-0.009295177543738783,-0.004543326195269222,-0.013838503739008006,2.637131462530376,3.9261168958590282,-0.4924734426693241
0.16,-47.621050368,-2727.3461759999996,-285.60702367726043,-1890.046480217165,-0.3031383459582353,-0.009207958392384016,-0.004560067866623999,-0.013768026259008016,2.6298575905928505,3.932245001745646,-0.48996534729565894
0.161,-47.73506482343168,-2745.3240493056,-287.4896621673952,-1875.195949570213,-0.26128865346139624,-0.009119905577464102,-0.004576679421558374,-0.013696584999022477,2.6218785734636976,3.9376265942159847,-0.4874229537018675
0.162,-47.84982538878976,-2763.1591243775997,-289.3573468614758,-1860.1392741478462,-0.21985439005338536,-0.00903102691244647,-0.004593159030924903,-0.013624185943371373,2.6131939868200957,3.9422582977213527,-0.48484647485307375
0.163,-47.96532607329024,-2780.8494437376,-291.20987277284354,-1844.878770183495,-0.1788272317737478,-0.008941330221782826,-0.004609504886013542,-0.013550835107796368,2.6038036363053574,3.946136967707162,-0.48223612483261097
0.164,-48.08156080504832,-2798.3930720256,-293.0470372310732,-1829.4167539105902,-0.13819888681821263,-0.008850823342719407,-0.004625715198551654,-0.013476538541271062,2.593707557639546,3.949259691649854,-0.4795921189064435
0.165,-48.198523432,-2815.788096,-294.868639881973,-1813.7555415625654,-0.09796109977284176,-0.008759514126981732,-0.004641788200704,-0.013401302327685733,2.5829060166500315,3.951623790011811,-0.4769146735831222
0.166,-48.316207722823684,-2833.032624537599,-296.67448268758443,-1797.8974493728517,-0.058105655545716284,-0.00866741044233891,-0.004657722145072742,-0.013325132587411652,2.5713995092218638,3.9532268171138254,-0.47420400666945384
0.167,-48.43460736786176,-2850.1247886336,-298.46436992618266,-1781.8447935748795,-0.018624383008795653,-0.008574520174052738,-0.004673515304697447,-0.013248035478750184,2.5591887611679924,3.954066561924887,-0.4714603373220706
0.168,-48.55371598004224,-2867.0627414015994,-300.2381081922759,-1765.5998904020817,0.020490841637716084,-0.008480851226216321,-0.004689165973055078,-0.013170017199271399,2.5462747280193314,3.9541410487689803,-0.46868388609506756
0.169,-48.673527095800324,-2883.8446580735995,-301.9955063966063,-1749.1650560878895,0.05924809176661866,-0.008386411522987023,-0.004704672464060006,-0.013091083987047029,2.5326585947348,3.953448537948771,-0.46587487498388
0.17,-48.794034176,-2900.4687359999994,-303.736375766149,-1732.5426068657343,0.09765538747897365,-0.00829120900971837,-0.004720033112063999,-0.013011242121782368,2.518341775331499,3.9519875262860356,-0.4630335274655647
0.171,-48.91523060685568,-2916.9331946496,-305.46052984411295,-1715.7348589690484,0.13572069300220096,-0.00819525165399529,-0.0047352462718562305,-0.012930497925851521,2.5033259124352445,3.9497567475788093,-0.46016006853564134
0.17200000000000001,-49.03710970085376,-2933.2362756095995,-307.1677844899401,-1698.7441286312624,0.17345191432014248,-0.008098547446577103,-0.00475031031866327,-0.012848857765240373,2.4876128767517502,3.9467551729752484,-0.4572547247416503
0.17300000000000001,-49.159664697674245,-2949.3762425856,-308.85795787930624,-1681.572732085809,0.21085689702459615,-0.008001104402252362,-0.004765223648149094,-0.012766328050401456,2.4712047664587917,3.9429820112642986,-0.45431772421357497
0.17400000000000002,-49.28288876511232,-2965.3513814015987,-310.5308705041203,-1664.2229855661192,0.24794342437817435,-0.007902930560609606,-0.004779984676415078,-0.012682915237024684,2.4541039065197165,3.938436709083246,-0.4513492966912699
0.17500000000000002,-49.406774999999996,-2981.1600000000003,-312.18634517252497,-1646.6972053056252,0.28471921557867486,-0.007804033986727963,-0.004794591840000001,-0.012598625826727964,2.436312847918772,3.933118951042384,-0.4483496735490379
0.17600000000000002,-49.531316429127685,-2996.8004284415997,-313.82420700889577,-1628.997707537758,0.32119192421546855,-0.007704422771791318,-0.004809043595880039,-0.012513466367671356,2.4178343668186892,3.927028659766951,-0.44531908781748597
0.17700000000000002,-49.656506010165764,-3012.2710189055992,-315.4442834538424,-1611.1268084959502,0.3573691369087615,-0.007604105033629745,-0.004823338421468774,-0.012427443455098518,2.398671463641091,3.9201659958566952,-0.4422577742027942
0.17800000000000002,-49.782336632586244,-3027.5701456896,-317.0464042642076,-1593.0868244136323,0.3932583721229283,-0.007503088917191654,-0.004837474814617191,-0.012340563731808845,2.3788273620702407,3.912531357763285,-0.43916596910351763
0.17900000000000002,-49.90880111858432,-3042.6962052096005,-318.6304015130674,-1574.8800715242364,0.4288670791453808,-0.007401382594950103,-0.004851451293613671,-0.012252833888563774,2.3583055079807798,3.9041253815859944,-0.43604391062504533
0.18000000000000002,-50.03589222400001,-3057.6476159999997,-320.19610958973146,-1556.508866061194,0.46420263722278177,-0.007298994267246473,-0.004865266397183999,-0.012164260664430472,2.337109568290073,3.894948940786039,-0.4328918385918317
0.18100000000000002,-50.163602639239684,-3072.4228187136,-321.743365199743,-1537.9755242579374,0.4992723548467496,-0.007195932162574687,-0.004878918684491366,-0.012074850847066053,2.3152434297358435,3.885003145819999,-0.42970999455751074
0.182,-50.29192499019776,-3087.0202761215996,-323.27200736487845,-1519.2823623478978,0.5340834691814288,-0.007092204537808962,-0.004892406735136358,-0.01198461127294532,2.292711197579803,3.8742893436927845,-0.4264986218130007
0.183,-50.42085183917824,-3101.4384731136,-324.7818774231477,-1500.4316965645066,0.5686431456256473,-0.006987819678378034,-0.0049057291491569665,-0.011893548827535,2.269517194238034,3.862809117430694,-0.4232579653927046
0.184,-50.55037568581632,-3115.6759166975994,-326.2728190287941,-1481.425843141195,0.6029584775026653,-0.006882785898388585,-0.004918884547028582,-0.011801670445417167,2.2456659578388747,3.8505642854750635,-0.4199882720789027
0.185,-50.680488968,-3129.731136000001,-327.7446781522947,-1462.2671183113955,0.6370364858707818,-0.006777111540700627,-0.004931871569664001,-0.011708983110364628,2.221162240709129,3.8375569009971096,-0.41668979040443516
0.186,-50.811184062791675,-3143.6026822656,-329.19730308035923,-1442.9578383085402,0.6708841194483492,-0.006670804976957316,-0.004944688878413414,-0.01161549385537073,2.1960110077893864,3.823789251134529,-0.41336277065376265
0.187,-50.942453287349764,-3157.2891288575997,-330.63054441593175,-1423.5003193660593,0.7045082546470256,-0.006563874607571719,-0.004957335155064422,-0.011521209762636141,2.170217434979348,3.809263856150535,-0.4100074648624961
0.188,-51.07428889985024,-3170.7890712576004,-332.04425507818934,-1403.896877717385,0.7379156957073105,-0.006456328861672904,-0.004969809101842023,-0.011426137963514927,2.1437869074139937,3.793983468515933,-0.4066241268154778
0.189,-51.20668310040832,-3184.1011270656,-333.4382903025423,-1384.1498295959495,0.7711131749307525,-0.00634817619701354,-0.004982109441408615,-0.011330285638422154,2.11672501767149,3.7779510719149325,-0.403213012043493
0.19,-51.339628032,-3197.223935999999,-334.8125076406347,-1364.2614912351842,0.804107353003346,-0.006239425099841211,-0.004994234916863999,-0.01123366001670521,2.0890375639137533,3.7611698801754057,-0.39977437781869074
0.191,-51.47311578138368,-3210.1561598976,-336.16676696034403,-1344.2341788685203,0.8369048194049886,-0.006130084084735512,-0.0050061842917453825,-0.011136268376480895,2.060730547960597,3.743643336124302,-0.3963084831487863
0.192,-51.607138380021766,-3222.8964827136006,-337.500930445781,-1324.0702087293894,0.8695120929000177,-0.006020161694412861,-0.005017956350027367,-0.011038118044440229,2.0318101732983904,3.725375110368942,-0.3928155887701149
0.193,-51.74168780500224,-3235.4436105215996,-338.8148625972898,-1303.7718970512242,0.9019356221041169,-0.005909666499500952,-0.005029549896121958,-0.010939216395622911,2.0022828430242217,3.7063691000049963,-0.38929595713960535
0.194,-51.87675597996032,-3247.7962715136005,-340.10843023144827,-1283.341560067455,0.9341817861231132,-0.005798607098284551,-0.005040963754878567,-0.010839570853163118,1.972155157726492,3.6866294272518685,-0.38574985242573373
0.195,-52.012334775999996,-3259.953216000001,-341.3815024810674,-1262.781514011514,0.9662568952593344,-0.005686992116424483,-0.005052196771584001,-0.010739188888008483,1.9414339133029754,3.6661604380163193,-0.38217754049852254
0.196,-52.148416012615684,-3271.9132164096004,-342.6339507951917,-1242.0940751168332,0.998167191781491,-0.005574830206651284,-0.005063247811962471,-0.010638078018613755,1.9101260987173045,3.644966700385116,-0.37857928891863896
0.197,-52.28499145861377,-3283.6750672896005,-343.8656489390993,-1221.2815596168439,1.029918850754175,-0.005462130048435159,-0.005074115762175591,-0.010536245810610748,1.8782388936949097,3.623053003047531,-0.3749553669256494
0.198,-52.42205283303424,-3295.2375853055996,-345.07647299430135,-1200.3462837449777,1.0615179809232966,-0.005348900347633676,-0.005084799528822374,-0.010433699876456051,1.8457796663594215,3.600424353648532,-0.37130604542548223
0.199,-52.55959180607232,-3306.5996092415994,-346.266301358543,-1179.2905637346664,1.0929706256539669,-0.005235149836118601,-0.005095298038939238,-0.010330447875057838,1.8127559708105705,3.5770859770734975,-0.36763159697714726
0.2,-52.6976,-3317.76,-347.43501474580245,-1158.1167158193412,1.1242827639174964,-0.005120887271383173,-0.005105610240000001,-0.010226497511383173,1.7791755446446047,3.5530433136653246,-0.36393229577876063
0.201,-52.83606899008768,-3328.7176406016006,-348.5824961862912,-1136.827056232434,1.1554603113243762,-0.005006121436131107,-0.005115735099915879,-0.010121856536046987,1.7450463064182822,3.5283020173747857,-0.36020841765291767
0.202,-52.97499030552576,-3339.4714361856,-349.70863102645455,-1115.423901207377,1.186509121200265,-0.004890861137848462,-0.005125671607035495,-0.010016532744883956,1.7103763530574734,3.5028679538450236,-0.35646024003145754
0.203,-53.11435543034624,-3350.020314009601,-350.8133069289711,-1093.909566977601,1.2174349857021665,-0.004775115208359529,-0.005135418770144871,-0.0099105339785044,1.6751739572114293,3.476747198431061,-0.35268804193965836
0.20400000000000001,-53.25415580434432,-3360.3632234495994,-351.8964138727526,-1072.2863697765379,1.2482436369721537,-0.004658892503367786,-0.00514497561846743,-0.009803868121835216,1.639447564553775,3.449946034155211,-0.34889210397990095
0.20500000000000002,-53.394382824000004,-3370.4991360000004,-352.95784415294486,-1050.5566258376195,1.2789407483261255,-0.004542201901982899,-0.005154341201664,-0.009696543103646899,1.6032057910312898,3.4224709495993144,-0.3450727083148363
0.20600000000000002,-53.53502784339969,-3380.4270452735996,-353.9974923809264,-1028.7226513942774,1.309531935475248,-0.004425052306234729,-0.005163514589832806,-0.009588566896067536,1.5664574200615293,3.394328636734671,-0.3412301386500902
0.20700000000000002,-53.67608217515777,-3390.1459670016015,-355.0152554843099,-1006.7867626799435,1.3400227577778694,-0.004307452640575215,-0.00517249487350948,-0.009479947514084694,1.5292113996803751,3.3655259886906257,-0.33736468021653715
0.20800000000000002,-53.817537091338245,-3399.6549390336,-356.01103270694045,-984.7512759280487,1.3704187195198172,-0.004189411851368947,-0.005181281163667046,-0.009370693015035993,1.4914768396405542,3.3360700974626774,-0.3334766197521706
0.20900000000000002,-53.95938382437632,-3408.9530213376006,-356.98472560889786,-962.6185073720254,1.4007252712211338,-0.00407093890637325,-0.0051898725917159435,-0.009260811498089194,1.4532630084622415,3.3059682515610973,-0.3295662454836012
0.21000000000000002,-54.101613568,-3418.0392960000004,-357.9362380664943,-940.3907732453048,1.430947810967444,-0.003952042794208436,-0.005198268309504,-0.009150311103712436,1.4145793304367642,3.2752279336009007,-0.3256338471072041
0.21100000000000002,-54.24421747815168,-3426.9128672256006,-358.86547627227606,-918.0703897813187,1.4610916857642202,-0.003832732523818966,-0.005206467489316455,-0.00903920001313542,1.3754353825845358,3.2438568178342067,-0.3216797157699438
0.21200000000000002,-54.38718667390977,-3435.5728613376,-359.7723487350223,-895.6596732134983,1.4911621929123868,-0.003713017123926108,-0.005214469323875943,-0.00892748644780205,1.3358408915682534,3.211862767625825,-0.31770414404989505
0.21300000000000002,-54.53051223841024,-3444.0184267776003,-360.6567662797462,-873.1609397752761,1.521164581403784,-0.003592905642472713,-0.005222273026342502,-0.008815178668815215,1.2958057305624626,3.1792538328730933,-0.31370742593648454
0.21400000000000002,-54.67418521976832,-3452.2487341056003,-361.5186420476939,-850.5765057000831,1.5511040533351175,-0.0034724071460606027,-0.005229877830313575,-0.008702284976374177,1.2553399160805374,3.1460382473708406,-0.30968985681046896
0.215,-54.818196631999996,-3460.262976000001,-362.35789149634525,-827.9086872213517,1.580985765339141,-0.00335153071938114,-0.005237282989824001,-0.00858881370920514,1.214453604760179,3.1122244261224785,-0.30565173342367047
0.216,-54.962537455943675,-3468.0603672576003,-363.17443239941326,-805.1598005725125,1.6108148300319005,-0.00323028546463937,-0.0052444877793460225,-0.008474773243985392,1.173157090108478,3.077820962598129,-0.30159335387848374
0.217,-55.107198640181764,-3475.6401447936005,-363.9681848468447,-782.3321619869973,1.6405963174749834,-0.0031086805009722233,-0.005251491493789287,-0.00836017199476151,1.13146079920764,3.0428366259407715,-0.2975150176071712
0.218,-55.25217110196224,-3483.0015676416006,-364.7390712448195,-759.4280876982382,1.6703352566517875,-0.002986724963861125,-0.005258293448500839,-0.008245018412361964,1.0893752893824238,3.007280358121339,-0.2934170253509596
0.219,-55.397445728120324,-3490.143916953601,-365.48701631575125,-736.4498939396667,1.7000366369569333,-0.0028644280045393732,-0.0052648929792651275,-0.0081293209838045,1.0469112448303768,2.9711612710437345,-0.2892996791389502
0.22,-55.543013376000005,-3497.0664960000004,-366.2119470982867,-713.3998969447143,1.729705409698001,-0.0027417987893946145,-0.005271289442304001,-0.008013088231698615,1.004079473215927,2.934488643600717,-0.2851632822668546
0.221,-55.68886487437568,-3503.7686301696012,-366.9137929473064,-690.2804129468127,1.7593464896089035,-0.002618846499366699,-0.005277482214276711,-0.00789632871364341,0.9608909022294111,2.897271918681628,-0.28100813927556617
0.222,-55.83499102437376,-3510.249666969602,-367.59248553392393,-667.0937581793937,1.7889647563742175,-0.0024955803293411627,-0.005283470692279912,-0.007779051021621075,0.9173565761120864,2.8595207001329013,-0.2768345559295756
0.223,-55.98138260039424,-3516.508976025601,-368.24795884548644,-643.8422488758888,1.8185650561639368,-0.0023720094875385716,-0.005289254293847655,-0.007661263781386226,0.8734876521482073,2.821244749672331,-0.27264283919523935
0.224,-56.12803035103232,-3522.5459490816006,-368.88014918557474,-620.5282012697296,1.8481522031781341,-0.0022481431948999176,-0.005294832456951399,-0.007542975651851316,0.8292953971252163,2.7824539837580713,-0.2684332972189081
0.225,-56.274925,-3528.360000000001,-369.4889951740028,-597.1539315943478,1.877730981201134,-0.002123990684468236,-0.005300204640000001,-0.007424195324468237,0.784791183763111,2.7431584704132987,-0.26420623930491943
0.226,-56.422057247047675,-3533.950564761601,-370.0744377468182,-573.721756083175,1.9073061451648101,-0.001999561200766587,-0.00530537032183972,-0.007304931522606307,0.7399864871140474,2.7033684260075375,-0.25996197589346287
0.227,-56.56941776888576,-3539.3171014656004,-370.6364201563017,-550.233990969643,1.9368824227207502,-0.00187486399917251,-0.005310329001754215,-0.007185193000926725,0.6948928809332265,2.6630942119955963,-0.2557008185383176
0.228,-56.71699722010624,-3544.4590903296007,-371.1748879709678,-526.6929524871832,1.9664645158210337,-0.0017499083452890566,-0.005315080199464551,-0.007064988544753607,0.6495220340221272,2.622346331615091,-0.25142307988447
0.229,-56.86478623410433,-3549.3760336896007,-371.68978907556425,-503.1009568692274,1.9960571023074833,-0.0016247035143124432,-0.005319623455129191,-0.006944326969441634,0.60388570654512,2.5811354265435136,-0.24712907364560976
0.23,-57.012775424,-3554.067456000001,-372.1810736710723,-479.46032034920717,2.025664837509249,-0.0014992587903963931,-0.005323958329344001,-0.006823217119740394,0.5579957463205227,2.539472273515821,-0.24281911458150868
0.231,-57.16095538355968,-3558.532903833601,-372.6486942747065,-455.7733591605542,2.0552923558487177,-0.0013735834660131693,-0.005328084403142247,-0.006701667869155417,0.5118640850871332,2.4973677809035206,-0.23849351847528172
0.232,-57.30931668811776,-3562.7719458816014,-373.092605719915,-432.0423895367,2.0849442724557,-0.0012476868413113034,-0.0053320012779946,-0.006579688119305903,0.4655027347472843,2.4548329852562065,-0.23415260211053035
0.233,-57.45784989549824,-3566.784172953601,-373.51276515637926,-408.2697277110763,2.1146251847900026,-0.001121578223470001,-0.005335708575809128,-0.006457286799279129,0.4189237835874595,2.411879047806533,-0.22979668324836758
0.234,-57.60654554693632,-3570.5691979776007,-373.90913205001436,-384.4576899171148,2.144339674272454,-0.0009952669260501735,-0.005339205938931303,-0.006334472864981476,0.3721393924775062,2.3685172509395915,-0.22542608060432298
0.23500000000000001,-57.755394168,-3574.1266560000004,-374.2816681829685,-360.60859238824713,2.174092307924562,-0.0008687622683420395,-0.005342493030144,-0.00621125529848604,0.32516179104947823,2.324758994627657,-0.22104111382512598
0.23600000000000002,-57.90438626951168,-3577.4562041856007,-374.63033765362366,-336.7247513579048,2.2038876400170055,-0.0007420735747092112,-0.005345569532667495,-0.006087643107376706,0.2780032738571433,2.28061579283129,-0.2166421034653632
0.23700000000000002,-58.053512348469766,-3580.5575218176014,-374.95510687659504,-312.8084830595196,2.233730213727208,-0.0006152101739291678,-0.005348435150159463,-0.005963645324088631,0.23067619651717972,2.236099269867759,-0.2122293709640082
0.23800000000000002,-58.20276288897024,-3583.4303102976,-375.2559445827311,-288.862103726523,2.2636245628063008,-0.0004881813985299896,-0.005351089606714982,-0.005839271005244971,0.18319297183308994,2.1912211567477553,-0.20780323862081748
0.23900000000000002,-58.35212836312833,-3586.0742931456007,-375.5328218191143,-264.8879295923468,2.2935752132558127,-0.0003609965841232268,-0.005353532646866535,-0.005714529230989762,0.13556606590285664,2.1459932874813985,-0.2033640295725894
0.24000000000000002,-58.501599232000004,-3588.4892160000004,-375.78571194905993,-240.8882768904226,2.3235866850144746,-0.00023366506873274083,-0.005355764035584,-0.005589429104316741,0.08780799421135904,2.100427595354463,-0.19891206776927903
0.24100000000000002,-58.65116594650368,-3590.674846617601,-376.0145906521171,-216.86546185418192,2.353663493655576,-0.00010619619211934465,-0.005357783558274663,-0.005463979750394008,0.03993131770856896,2.0545361091758596,-0.1944476779499647
0.24200000000000002,-58.800818948341764,-3592.6309748736003,-376.219435924068,-192.82180071705662,2.3838101520953336,2.1400704898929786e-05,-0.005359591020783207,-0.0053381903158842775,-0.008051361125452803,2.008330949497305,-0.18997118561865756
0.24300000000000002,-58.950548670922245,-3594.3574127616002,-376.40022807692867,-168.75960971247812,2.4140311723127947,0.00014911628113116568,-0.005361186249391719,-0.005212069968260553,-0.056127402227754176,1.9618243248061826,-0.1854829170199485
0.24400000000000002,-59.10034554028032,-3595.8539943936007,-376.5569497389483,-144.68120507387815,2.4443310670818352,0.00027694119570269705,-0.005362569090819687,-0.00508562789511699,-0.10428413191086473,1.9150285276925616,-0.18098319911448363
0.24500000000000002,-59.250199976000005,-3597.1205760000007,-376.68958585460956,-120.58890303468836,2.4747143517158277,0.0004048661087492914,-0.005363739412224001,-0.00495887330347471,-0.1525088468313379,1.867955930991368,-0.17647235955426013
0.24600000000000002,-59.400102392135686,-3598.1570359296006,-376.79812368462865,-96.4850198283404,2.5051855458256287,0.000532881682116631,-0.005364697101198951,-0.00483181541908232,-0.2007888179674553,1.8206189839006757,-0.1719507266577338
0.24700000000000003,-59.550043198133764,-3598.9632746496004,-376.882552805955,-72.37187168826586,2.535749175091558,0.0006609785800653616,-0.005365442065776231,-0.004704463485710869,-0.24911129460508882,1.7730302080771139,-0.16741862938472843
0.248,-59.70001279975424,-3599.5392147456,-376.94286511177165,-48.251774847897074,2.5664097730500703,0.000789147469981981,-0.005365974234424934,-0.004576826764442953,-0.2974635083307137,1.7252021937093664,-0.16287639731113712
0.249,-59.85000159999232,-3599.8848009216003,-376.97905481149513,-24.12704554066436,2.597171882895884,0.0009173790230958986,-0.005366293556051558,-0.00444891453295566,-0.3458326770305846,1.6771475955707489,-0.15832436060340427
0.25,-60.0,-3600.0,-376.99111843077515,-0.0,2.6280400593003432,0.0010456639152029185,-0.0053664,-0.004320736084797082,-0.3942060088950515,1.6288791290518605,-0.15376284999277873
0.251,-60.14999840000768,-3599.8848009216003,-376.97905481149513,24.12704554066436,2.659018870246848,0.0011739928273955466,-0.005366293556051558,-0.004192300728656012,-0.44257070642704793,1.5804095661742856,-0.14919219674932427
0.252,-60.29998720024576,-3599.5392147456,-376.94286511177165,48.251774847897074,2.690112898884214,0.0013023564468004158,-0.005365974234424934,-0.004063617787624518,-0.49091397045373536,1.5317517315863447,-0.14461273265567678
0.253,-60.449956801866236,-3598.9632746495995,-376.8825528059549,72.37187168826652,2.721326745398877,0.001430745467323213,-0.00536544206577623,-0.003934696598453017,-0.5392230041403214,1.4829184985418802,-0.14002478998053441
0.254,-60.59989760786432,-3598.1570359296,-376.79812368462854,96.48501982834105,2.752665028906859,0.0015591505904014678,-0.00536469710119895,-0.0038055465107974824,-0.5874850170050538,1.4339227848630762,-0.1354287014518677
0.255,-60.74980002400001,-3597.120576,-376.6895858546095,120.58890303468903,2.7841323893665093,0.0016875625257656082,-0.005363739412224,-0.0036761768864583917,-0.6356872289344058,1.3847775488882994,-0.130824800229836
0.256,-60.89965445971968,-3595.8539943936003,-376.5569497389482,144.68120507387877,2.8157334895130113,0.0018159719922086772,-0.005362569090819686,-0.003546597098611009,-0.6838168741974605,1.3354957854059653,-0.12621341987939533
0.257,-61.049451329077755,-3594.3574127616002,-376.4002280769286,168.75960971247875,2.847473016815744,0.001944369718365141,-0.005361186249391719,-0.0034168165310265773,-0.7318612054585125,1.2860905215754237,-0.12159489434258282
0.258,-61.19918105165824,-3592.6309748736003,-376.21943592406797,192.82180071705724,2.8793556854595685,0.0020727464434992186,-0.005359591020783207,-0.0032868445772839885,-0.7798074977868941,1.2365748128358638,-0.11696955791046222
0.259,-61.34883405349632,-3590.6748466176,-376.01459065211696,216.86546185418257,2.911386238351197,0.00220109291830319,-0.005357783558274662,-0.0031566906399714723,-0.8276430526630475,1.1869617388042424,-0.11233774519471432
0.26,-61.498400768,-3588.4892160000004,-375.78571194905993,240.88827689042324,2.9435694491518363,0.0023293999057061605,-0.005355764035584,-0.0030263641298778395,-0.8753552019798626,1.1372643991632412,-0.1076997910988555
0.261,-61.647871636871685,-3586.0742931456,-375.53282181911425,264.8879295923474,2.9759101243372856,0.002457658181693746,-0.0053535326468665346,-0.0028958744651727884,-0.9229313120382858,1.0874959095402554,-0.10305603078906721
0.262,-61.79723711102976,-3583.4303102975996,-375.25594458273105,288.8621037265236,3.0084131052868077,0.002585858536139211,-0.005351089606714982,-0.002765231070575771,-0.9703587875362378,1.0376693973784274,-0.09840679966461818
0.263,-61.94648765153025,-3580.5575218176004,-374.955106876595,312.8084830595202,3.041083270402044,0.0027139917736465537,-0.005348435150159463,-0.0026344433765129096,-1.017625075549843,0.9877979978007357,-0.09375243332786155
0.264,-62.095613730488324,-3577.4562041855997,-374.63033765362354,336.7247513579054,3.0739255372573324,0.0028420487144060957,-0.005345569532667494,-0.0025035208182613983,-1.0647176695060023,0.9378948494681435,-0.08909326755378641
0.265,-62.244605832,-3574.1266560000004,-374.2816681829685,360.60859238824776,3.1069448647828435,0.0029700201950631205,-0.005342493030144,-0.00237247283508088,-1.1116241131453302,0.8879730904328483,-0.08442963825910604
0.266,-62.39345445306368,-3570.5691979775997,-373.9091320500142,384.45768991711543,3.1401462554819473,0.003097897069600135,-0.005339205938931302,-0.002241308869331167,-1.158332004474469,0.8380458539876153,-0.07976188147086004
0.267,-62.54215010450176,-3566.784172953599,-373.5127651563791,408.26972771107694,3.1735347576843242,0.0032256702102333593,-0.005335708575809126,-0.0021100383655757666,-1.2048289997068207,0.7881262645122512,-0.07509033329451127
0.268,-62.69068331188224,-3562.7719458815995,-373.09260571991484,432.0423895367006,3.2071154678363456,0.0033533305083240338,-0.005332001277994598,-0.0019786707696705643,-1.2511028171907004,0.7382274333182203,-0.07041532988151475
0.269,-62.83904461644032,-3558.5329038335994,-372.6486942747063,455.77335916055466,3.2408935328303166,0.003480868875305199,-0.005328084403142246,-0.0018472155278370468,-1.2971412413239478,0.6883624544924379,-0.06573720739633618
0.27,-62.987224576,-3554.067456000001,-372.1810736710723,479.4603203492078,3.2748741523742098,0.003608276243624582,-0.005323958329344001,-0.001715682085719419,-1.3429321264540206,0.638544400741278,-0.06105630198289747
0.271,-63.135213765895685,-3549.3760336896007,-371.68978907556425,503.100956869228,3.3090625814035937,0.0037355435677042716,-0.005319623455129191,-0.0015840798874249195,-1.3884634007625816,0.5887863192358119,-0.056372949730424185
0.272,-63.28300277989376,-3544.4590903295993,-371.1748879709677,526.6929524871838,3.343464132537476,0.003862661824917868,-0.00531508019946455,-0.0014524183745466819,-1.4337230701336232,0.5391012274593396,-0.05168748663867195
0.273,-63.43058223111424,-3539.3171014656004,-370.6364201563017,550.2339909696435,3.3780841785798774,0.003989622016585827,-0.005310329001754215,-0.0013207069851683875,-1.4786992220041364,0.489502109058233,-0.04700024858250489
0.274,-63.577942752952325,-3533.9505647615993,-370.07443774681803,573.7217560831756,3.4129281550689847,0.004116415168989737,-0.005305370321839718,-0.0011889551528499812,-1.52338002919635,0.44000190969713887,-0.04231157127580004
0.275,-63.725075000000004,-3528.36,-369.48899517400275,597.1539315943484,3.4480015628757754,0.004243032334406278,-0.00530020464,-0.0010571723055937225,-1.5677537537305788,0.3906135329196083,-0.03762179023465205
0.276,-63.87196964896769,-3522.5459490816006,-368.88014918557474,620.5282012697302,3.483309970854121,0.004369464592161661,-0.005294832456951399,-0.0009253678647897379,-1.61180875061768,0.34134983601517527,-0.03293124073984832
0.277,-64.01861739960577,-3516.5089760255996,-368.2479588454863,643.8422488758894,3.5188590185443505,0.004495703049707348,-0.005289254293847654,-0.000793551244140306,-1.6555334716301588,0.2922236258939639,-0.028240257798587402
0.278,-64.16500897562625,-3510.2496669695993,-367.5924855339237,667.0937581793942,3.5546544189324214,0.0046217388437178875,-0.00528347069227991,-0.0006617318485620223,-1.6989164690509408,0.2432476549698718,-0.023549176105410047
0.279,-64.31113512562433,-3503.7686301696,-366.91379294730626,690.2804129468133,3.5907019612668094,0.004747563141211719,-0.00527748221427671,-0.0005299190730649909,-1.7419463993988196,0.19443461705339654,-0.018858330002312844
0.28,-64.456986624,-3497.066496,-366.21194709828666,713.3998969447148,3.627007513935374,0.004873167140695842,-0.005271289442304,-0.0003981223016081576,-1.7846120271296146,0.14579714325517473,-0.014168053438012727
0.281,-64.60255427187968,-3490.1439169535997,-365.48701631575113,736.4498939396674,3.6635770274044837,0.0049985420733352605,-0.005264892979265126,-0.00026635090592986525,-1.8269022283120528,0.09734779790130375,-0.009478679926329723
0.28200000000000003,-64.74782889803777,-3483.0015676415996,-364.7390712448194,759.4280876982389,3.7004165372227504,0.005123679204148121,-0.005258293448500838,-0.0001346142443527168,-1.8688059942773811,0.049099074461533096,-0.004790542503655402
0.28300000000000003,-64.89280135981825,-3475.6401447935996,-363.96818484684457,782.3321619869979,3.737532167091852,0.005248569833227567,-0.005251491493789286,-2.921660561719386e-06,-1.910312435241743,0.0010633914913876171,-0.00010397368547044077
0.28400000000000003,-65.03746254405632,-3468.0603672575994,-363.17443239941315,805.1598005725128,3.7749301320069044,0.005373205296991241,-0.005244487779346022,0.00012871751764521964,-1.9514107839003143,-0.04674691141066409,0.004580694578121695
0.28500000000000003,-65.181803368,-3460.262976,-362.3578914963452,827.9086872213524,3.812616741469019,0.005497576969459536,-0.005237282989824,0.00026029397963553587,-1.9920903989922247,-0.09431957762992539,0.009263130947883839
0.28600000000000003,-65.32581478023168,-3452.2487341056003,-361.5186420476939,850.5765057000843,3.8505984027726834,0.00562167626356358,-0.005229877830313575,0.00039179843325000494,-2.032340768835259,-0.14164243754495584,0.01394300474199306
0.28700000000000003,-65.46948776158976,-3444.018426777599,-360.6567662797461,873.1609397752774,3.8888816243707396,0.005745494632484141,-0.0052222730263425015,0.0005232216061416394,-2.0721515148293683,-0.1887034125187386,0.018619985983688237
0.28800000000000003,-65.61281332609025,-3435.572861337599,-359.7723487350222,895.6596732134996,3.927473019319783,0.005869023571022492,-0.005214469323875941,0.0006545542471465514,-2.1115123949279697,-0.235490518870399,0.02329374545005521
0.28900000000000003,-65.75578252184832,-3426.9128672256006,-358.86547627227606,918.0703897813199,3.9663793088089165,0.0059922546170044725,-0.005206467489316455,0.0007857871276880177,-2.150413307076055,-0.2819918718263843,0.027963954721993513
0.29000000000000004,-65.89838643200001,-3418.0392960000004,-357.9362380664943,940.390773245306,4.005607325774872,0.0061151793527188785,-0.005198268309504,0.0009169110432148781,-2.188844292614095,-0.32819568944995825,0.03263028623540492
0.29100000000000004,-66.04061617562368,-3408.9530213375997,-356.98472560889775,962.6185073720264,4.04516401860659,0.0062377894063914896,-0.005189872591715942,0.0010479168146755478,-2.226795539646755,-0.3740902965479006,0.03729241333364939
0.29200000000000004,-66.18246290866176,-3399.6549390335995,-356.0110327069404,984.75127592805,4.085056454942493,0.0063600764536959455,-0.005181281163667046,0.0011787952900288992,-2.2642573863753888,-0.41966412855326574,0.04195001032131314
0.29300000000000004,-66.32391782484224,-3390.1459670015993,-355.01525548430965,1006.7867626799446,4.125291825563725,0.006482032219302813,-0.005172494873509478,0.0013095373457933353,-2.301220324393315,-0.4649057353830657,0.04660275251933577
0.29400000000000004,-66.46497215660033,-3380.4270452735996,-353.99749238092636,1028.7226513942787,4.165877448386741,0.0066036484784681975,-0.005163514589832806,0.0014401338886353915,-2.337675001942862,-0.5098037852697208,0.051250316321544184
0.29500000000000004,-66.60561717600001,-3370.4991360000004,-352.95784415294486,1050.556625837621,4.206820772558811,0.006724917058663285,-0.005154341201664,0.0015705758569992843,-2.373612227133156,-0.5543470685651312,0.05589237925264357
0.29600000000000004,-66.74584419565568,-3360.3632234496,-351.89641387275265,1072.2863697765392,4.248129382659984,0.006845829841246247,-0.0051449756184674305,0.0017008542227788161,-2.4090229711176296,-0.5985245015161933,0.060528620027715876
0.29700000000000004,-66.88564456965376,-3350.0203140096,-350.81330692897103,1093.909566977602,4.289811003015267,0.006966378763178014,-0.005135418770144871,0.0018309599930331436,-2.4438983712302345,-0.6423251300106029,0.06515871861327913
0.298,-67.02500969447425,-3339.4714361856,-349.70863102645455,1115.423901207377,4.331873502120816,0.007086555818783389,-0.005125671607035495,0.001960884211747894,-2.4782297340792945,-0.6857381332917444,0.06978235628996064
0.299,-67.16393100991232,-3328.7176406016006,-348.5824961862912,1136.827056232434,4.3743248971881545,0.007206353061559147,-0.005115735099915879,0.002090617961643268,-2.5120085385980095,-0.7287528276415064,0.07439921571684227
0.3,-67.3024,-3317.76,-347.43501474580245,1158.1167158193412,4.417173358810378,0.007325762606030647,-0.005105610240000001,0.0022201523660306463,-2.545226439050506,-0.7713586700297858,0.0790089809975319
0.301,-67.44040819392768,-3306.5996092415994,-346.266301358543,1179.2905637346662,4.4604272157546125,0.0074447766296586925,-0.005095298038939238,0.0023494785907194546,-2.577875267992435,-0.8135452617295076,0.08361133774802329
0.302,-67.57794716696574,-3295.237585305601,-345.07647299430147,1200.3462837449777,4.504094959885018,0.007563387374798335,-0.005084799528822376,0.0024785878459759594,-2.6099470391850383,-0.855302351895927,0.08820597316640424
0.303,-67.71500854138624,-3283.6750672896005,-343.8656489390993,1221.2815596168439,4.5481852512207315,0.007681587150711369,-0.005074115762175591,0.0026074713885357783,-2.6414339504616113,-0.8966198411089897,0.0927925761044761
0.304,-67.85158398738432,-3271.9132164096013,-342.6339507951918,1242.0940751168332,4.592706923133335,0.007799368335634334,-0.005063247811962471,0.0027361205236718627,-2.6723283865453116,-0.9374877848774995,0.09737083714134742
0.305,-67.987665224,-3259.953216000001,-341.3815024810674,1262.781514011514,4.637668987688564,0.007916723378903914,-0.005052196771584001,0.002864526607319913,-2.702622921817211,-0.9778963971038666,0.10194044865907165
0.306,-68.12324402003969,-3247.7962715135995,-340.1084302314482,1283.341560067455,4.683080641137056,0.008033644803141636,-0.005040963754878567,0.0029926810482630694,-2.7323103230335337,-1.0178360535081574,0.10650110492039393
0.307,-68.25831219499777,-3235.4436105215996,-338.8148625972898,1303.7718970512235,4.728951269559084,0.00815012520649984,-0.005029549896121958,0.003120575310377881,-2.761383551990951,-1.0572972950101767,0.11105250214867904
0.308,-68.39286161997825,-3222.8964827136,-337.50093044578097,1324.0702087293896,4.775290454668457,0.008266157264970979,-0.005017956350027367,0.003248200914943612,-2.7898357681388575,-1.096270831068306,0.11559433861009295
0.309,-68.52688421861632,-3210.1561598976,-336.16676696034403,1344.23417886852,4.822107979780713,0.00838173373476228,-0.0050061842917453825,0.003375549443016897,-2.817660331137485,-1.1347475429737803,0.1201263146981102
0.31,-68.66037196799999,-3197.223935999999,-334.8125076406347,1364.2614912351842,4.869413835951125,0.008496847454737989,-0.004994234916863999,0.0035026125378739897,-2.8448508033607705,-1.172718487099118,0.12464813302042668
0.311,-68.79331689959167,-3184.1011270656,-333.4382903025423,1384.1498295959495,4.917218228287912,0.00861149134893131,-0.004982109441408615,0.003629381907522695,-2.87140095234279,-1.2101748980993472,0.12915949848835215
0.312,-68.92571110014975,-3170.7890712576004,-332.04425507818934,1403.896877717385,4.96553158244647,0.00872565842912838,-0.004969809101842023,0.0037558493272863563,-2.8973047531666567,-1.2471081920647167,0.13366011840876713
0.313,-69.05754671265024,-3157.2891288576,-330.6305444159318,1423.5003193660593,5.014364551310352,0.008839341797526554,-0.0049573351550644225,0.0038820066424621316,-2.9225563907947056,-1.2835099696235182,0.13814970257872355
0.314,-69.18881593720833,-3143.6026822656004,-329.1973030803593,1442.95783830854,5.063728021865019,0.008952534649469369,-0.004944688878413415,0.004007845771055954,-2.947150262338786,-1.319372018993643,0.14262796338277417
0.315,-69.31951103200001,-3129.7311359999994,-327.74467815229457,1462.2671183113955,5.113633122270452,0.009065230276260652,-0.004931871569663999,0.004133358706596653,-2.971080979269484,-1.3546863189815046,0.1470946158931193
0.316,-69.44962431418368,-3115.6759166976003,-326.2728190287942,1481.4258431411954,5.1640912291389505,0.009177422068060282,-0.004918884547028582,0.0042585375210317,-2.9943433695630945,-1.3894450419269058,0.15154937797265836
0.317,-69.57914816082176,-3101.4384731136,-324.7818774231477,1500.4316965645066,5.215113975024493,0.009289103516864078,-0.0049057291491569665,0.004383374367707111,-3.016932479785079,-1.4236405565924186,0.155991970381036
0.318,-69.70807500980223,-3087.0202761215996,-323.27200736487845,1519.2823623478978,5.2667132561302274,0.009400268219570535,-0.004892406735136358,0.004507861484434177,-3.038843577108839,-1.457265430995857,0.16042211688377853
0.319,-69.83639736076032,-3072.4228187136,-321.743365199743,1537.9755242579379,5.3189012402408675,0.009510909881137033,-0.004878918684491366,0.004631991196645667,-3.0600721512685163,-1.4903124351843613,0.16483954436461448
0.32,-69.96410777599999,-3057.6476159999997,-320.19610958973146,1556.5088660611948,5.371690374886771,0.00962102231782819,-0.004865266397183999,0.0047557559206441915,-3.0806139164445674,-1.5227745439486018,0.16924398294107443
0.321,-70.09119888141568,-3042.6962052096005,-318.6304015130674,1574.8800715242373,5.425093395746754,0.009730599460559264,-0.004851451293613671,0.004879148166945593,-3.100464813080835,-1.554644939475621,0.17363516608347304
0.322,-70.21766336741376,-3027.5701456896,-317.0464042642076,1593.086824413633,5.479123335296789,0.009839635358337338,-0.004837474814617191,0.005002160543720147,-3.119621009631811,-1.5859170139387662,0.17801283073737179
0.323,-70.34349398983426,-3012.2710189055992,-315.4442834538424,1611.1268084959509,5.533793531711802,0.009948124181803259,-0.004823338421468774,0.005124785760334485,-3.138078904238771,-1.6165843720231665,0.1823767174496258
0.324,-70.46868357087232,-2996.8004284416,-313.8242070088959,1628.9977075377592,5.589117638027996,0.010056060226877182,-0.004809043595880039,0.005247016630997144,-3.155835126333429,-1.646640833385167,0.186726570498119
0.325,-70.593225,-2981.1599999999994,-312.18634517252485,1646.6972053056259,5.645109631573251,0.010163437918510827,-0.004794591839999999,0.005368846078510828,-3.1728865381677487,-1.6760804350441378,0.19106213802529637
0.326,-70.71711123488767,-2965.3513814016005,-310.53087050412046,1664.2229855661205,5.70178382367311,0.010270251814549367,-0.0047799846764150795,0.005490267138134287,-3.1892302362685374,-1.7048974337050062,0.1953831721755974
0.327,-70.84033530232576,-2949.3762425856003,-308.8579578793063,1681.5727320858098,5.759154869640224,0.01037649660970608,-0.004765223648149094,0.0056112729615569856,-3.204863552815365,-1.7330863080098577,0.1996894292369034
0.328,-70.96289029914624,-2933.2362756095995,-307.1677844899401,1698.744128631263,5.81723777905491,0.010482167139652884,-0.00475031031866327,0.0057318568209896135,-3.219784056940429,-1.760641760716931,0.20398066978610724
0.329,-71.08476939314431,-2916.9331946496004,-305.460529844113,1715.734858969049,5.876047926344823,0.010587258385229838,-0.0047352462718562305,0.0058520121133736076,-3.2339895559488347,-1.7875587208052697,0.20825665883891842
0.33,-71.205965824,-2900.468736,-303.7363757661491,1732.542606865735,5.935601061671625,0.010691765476776808,-0.004720033112064,0.005971732364712808,-3.2474780964578205,-1.8138323455032834,0.21251716600401452
0.331,-71.3264729041997,-2883.8446580735995,-301.9955063966063,1749.1650560878898,5.995913322132612,0.010795683698590457,-0.004704672464060006,0.006091011234530451,-3.2602479654534124,-1.8394580222394417,0.21676196564165306
0.332,-71.44628401995777,-2867.0627414016,-300.23810819227594,1765.5998904020819,6.057001243285345,0.010899008493509756,-0.004689165973055078,0.006209842520454678,-3.2722976912629163,-1.8644313705132671,0.22099083702685687
0.333,-71.56539263213824,-2850.1247886336,-298.46436992618266,1781.8447935748804,6.118881771003236,0.011001735467633165,-0.004673515304697447,0.006328220162935719,-3.283626044441669,-1.8887482436847742,0.22520356451728535
0.334,-71.68379227717631,-2833.0326245376,-296.6744826875845,1797.8974493728522,6.181572273670064,0.011103860395170665,-0.0046577221450727424,0.006446138250097923,-3.2942320385724146,-1.9124047306804524,0.22939993772590472
0.335,-71.801476568,-2815.788096,-294.868639881973,1813.7555415625661,6.245090554721296,0.01120537922343382,-0.004641788200704,0.0065635910227298195,-3.3041149309756497,-1.9353971576138702,0.2335797516985701
0.336,-71.91843919495169,-2798.3930720256,-293.0470372310732,1829.4167539105913,6.309454865540015,0.01130628807796688,-0.004625715198551654,0.0066805728794152265,-3.3132742233291994,-1.9577220893188918,0.2377428070966273
0.337,-72.03467392670976,-2780.8494437375994,-291.2098727728435,1844.8787701834951,6.374683918715174,0.011406583267822078,-0.004609504886013542,0.006797078381808536,-3.3217096621953126,-1.9793763307935086,0.2418889103846454
0.338,-72.15017461121025,-2763.1591243775997,-289.3573468614758,1860.1392741478467,6.440796901669559,0.011506261290982034,-0.004593159030924903,0.006913102260057131,-3.3294212394534606,-2.0003569285522036,0.24601787402338546
0.339,-72.26493517656833,-2745.324049305599,-287.4896621673951,1875.1959495702142,6.507813490664807,0.011605318839932157,-0.0045766794215583734,0.007028639418373783,-3.3364091926370016,-2.0206611718847154,0.2501295166681062
0.34,-72.378949632,-2727.3461759999996,-285.60702367726043,1890.0464802171655,6.575753865190416,0.01170375280738586,-0.004560067866623999,0.007143684940761862,-3.342674005171857,-2.040286594019062,0.25422366337230823
0.341,-72.49221206874368,-2709.2274840575997,-283.70963869396377,1904.6885498552695,6.644638722743405,0.011801560292165213,-0.004543326195269222,0.007258234096895991,-3.3482164065152222,-2.05923097318657,0.2583001457970103
0.342,-72.60471666098175,-2690.9699751935996,-281.7977168366307,1919.1198422510947,6.7144892940048635,0.011898738605239476,-0.004526456257078886,0.00737228234816059,-3.3530373721923596,-2.0774923335866484,0.26235880242564374
0.343,-72.71645766676224,-2672.5756732416,-279.8714700406202,1933.3380411712085,6.785327358419108,0.011995285275923856,-0.004509459922075238,0.007485825353848619,-3.357138123729416,-2.0950689462489587,0.26639947878464837
0.34400000000000003,-72.82742942892033,-2654.046624153599,-277.93111255752456,1947.3408303821798,6.8571752601807106,0.012091198058240554,-0.004492339080717925,0.007598858977522629,-3.360520128480178,-2.1119593297905976,0.27042202766984447
0.34500000000000003,-72.93762637600001,-2635.384895999999,-275.97686095516997,1961.1258936505776,6.930055924633871,0.012186474937443868,-0.004475095643904,0.007711379293539869,-3.36318509934461,-2.128162251065829,0.274426309378643
0.34600000000000003,-73.04704302317569,-2616.5925789695993,-274.00893411761547,1974.6909147429697,7.003992875087974,0.012281114136710868,-0.00445773154296791,0.007823382593742958,-3.365134994376924,-2.143676725705814,0.278412191948148
0.34700000000000003,-73.15567397317378,-2597.6717853695995,-272.02755324515385,1988.0335774259242,7.079010250052214,0.012375114123998856,-0.0044402487296815105,0.007934865394317345,-3.366372016280954,-2.1585020185457906,0.2823795513991938
0.34800000000000003,-73.26351391719425,-2578.6246496255994,-270.0329418543113,2001.1515654660097,7.155132820891223,0.012468473619070313,-0.004422649176254054,0.00804582444281626,-3.366898611790428,-2.172637643936999,0.28632827198634375
0.34900000000000003,-73.37055763583233,-2559.4533282815996,-268.0253257778473,2014.0425626297947,7.232386009902571,0.012561191600685714,-0.004404934875332198,0.008156256725353516,-3.3667174709317473,-2.186083365940634,0.2902582464538618
0.35000000000000003,-73.4768,-2540.1599999999994,-266.0049331647549,2026.704252683848,7.3107959088155035,0.012653267313963924,-0.00438710784,0.008266159473963924,-3.365831526166751,-2.198839198400979,0.29416937629764855
0.35100000000000003,-73.58223597184768,-2520.7468655615994,-263.9719944802606,2039.1343193947366,7.3903892977092145,0.01274470027790955,-0.004369170103778918,0.008375530174130633,-3.3642439514129157,-2.2109054048948673,0.2980615720331186
0.35200000000000004,-73.68686060568575,-2501.2161478655994,-261.9267425058243,2051.33044652903,7.47119366434689,0.012835490293105722,-0.0043511237206278145,0.008484366572477907,-3.3619581609383093,-2.222282498554444,0.30193475346896465
0.35300000000000004,-73.79066904890624,-2481.570091929599,-259.8694123391392,2063.2903178532965,7.5532372239202665,0.012925637449570189,-0.0043329707649429495,0.008592666684627239,-3.358977808128575,-2.2329712417601804,0.3057888499867345
0.35400000000000004,-73.89365654290434,-2461.8109648895993,-257.8002413941322,2075.011617134104,7.63654893919718,0.013015142134771777,-0.00431471333155799,0.008700428803213787,-3.355306784123105,-2.242972645700975,0.3096238008261134
0.35500000000000004,-73.995818424,-2441.941055999999,-255.71946940096328,2086.492028138021,7.721158541062364,0.013104005041803311,-0.004296353535743999,0.008807651506059312,-3.35094921631749,-2.252287969798082,0.3134395553757762
0.35600000000000004,-74.09715012435969,-2421.9626766335996,-253.62733840602627,2097.7292346316167,7.807096549439208,0.013192227177706139,-0.004277893513209446,0.008914333664496694,-3.3459094667292515,-2.2609187209895354,0.31723607346963323
0.35700000000000004,-74.19764717291777,-2401.8781602816,-251.52409277194803,2108.7209203814573,7.894394294577101,0.013279809871940051,-0.004259335420100198,0.009020474451839854,-3.3401921302236808,-2.2688666528715546,0.32101332568825103
0.35800000000000004,-74.29730519629823,-2381.689862553599,-249.40997917758904,2119.464769154114,7.98308393868605,0.013366754784991487,-0.004240681432999526,0.009126073351991962,-3.3338020325966653,-2.276133764693465,0.32477129366519436
0.35900000000000004,-74.39611991973632,-2361.400161177599,-247.2852466180433,2129.9584647161532,8.073198497896541,0.013453063917111013,-0.004221933748928102,0.009231130168182913,-3.3267442285110964,-2.282722300202371,0.3285099703979684
0.36000000000000004,-74.49408716800001,-2341.011455999999,-245.15014640463806,2140.199690834143,8.164771864518507,0.013538739617169938,-0.004203094585343999,0.009335645031825938,-3.3190239992834836,-2.2886347463338605,0.3322293605632006
0.36100000000000004,-74.59120286631169,-2320.5261689855993,-243.00493216493416,2150.1861312746532,8.257838829569147,0.013623784591623837,-0.004184166180142694,0.009439618411481143,-3.3106468505172257,-2.293873831744839,0.33592948083562785
0.36200000000000004,-74.68746304126978,-2299.9467442175987,-240.84985984272572,2159.9154698042516,8.352435105534177,0.013708201913568946,-0.004165150791657061,0.009543051121911884,-3.3016185095788653,-2.2984425251844436,0.3396103602103873
0.36300000000000004,-74.78286382177025,-2279.2756478975984,-238.68518769804038,2169.3853901895063,8.448597349321727,0.01379199503187524,-0.004146050698657381,0.00964594433321786,-3.291944922913582,-2.3023440336989536,0.3432720403280377
0.364,-74.87740143992833,-2258.5153683455997,-236.5111763071394,2178.5935761969854,8.546363185362196,0.013875167780377581,-0.004126868200351334,0.009748299580026248,-3.281632253196022,-2.305581800666401,0.3469145758016458
0.365,-74.971072232,-2237.6684159999995,-234.3280885625169,2187.5377115932583,8.645771228800552,0.013957724387103632,-0.004107605616384,0.009850118770719632,-3.2706868763124217,-2.3081595036565,0.3505380345451826
0.366,-75.06387263930367,-2216.7373234176002,-232.13618967290114,2196.215480144893,8.746861108720301,0.014039669483514376,-0.004088265286837863,0.009951404196676512,-3.259115378169935,-2.3100810521114035,0.354142498102367
0.367,-75.15579920914176,-2195.7246452735994,-229.93574716325318,2204.624565618457,8.849673491330236,0.014121008113729837,-0.004068849572232806,0.010052158541497032,-3.2469245513288305,-2.3113505848425975,0.3577280619749833
0.368,-75.24684859572224,-2174.6329583616002,-227.72703087476805,2212.7626517805193,8.954250103036014,0.014201745743708975,-0.004049360853526119,0.010152384890182855,-3.234121391453219,-2.3119724673391997,0.3612948359495678
0.369,-75.33701756108033,-2153.4648615936007,-225.5103129648739,2220.627422397649,9.060633753308968,0.014281888270348883,-0.004029801532112487,0.010252086738236396,-3.220713093575738,-2.3119512888827227,0.36484294442122406
0.37,-75.426302976,-2132.222976,-223.28586790723222,2228.216561236413,9.168868357253203,0.014361442030463956,-0.004010174029824,0.010351268000639957,-3.206707048171548,-2.311291859463253,0.3683725267131657
0.371,-75.51470182093568,-2110.9099447296,-221.05397249173822,2235.52775206338,9.278998957760605,0.014440413809601094,-0.003990480788930151,0.010449933020670942,-3.1921108370368767,-2.3099992064919013,0.37188373739042496
0.372,-75.60221118693377,-2089.5284330495997,-218.81490582452048,2242.5586786451195,9.391071747129704,0.014518810850641571,-0.00397072427213783,0.010548086578503741,-3.1769322289671615,-2.3080785713041845,0.3753767465659694
0.373,-75.68882827655423,-2068.0811283456,-216.5689493279409,2249.3070247481987,9.505134088010161,0.01459664086213457,-0.0039509069625913345,0.010645733899543236,-3.1611791752297735,-2.305535405448922,0.3788517401972682
0.374,-75.77455040479231,-2046.5707401216002,-214.31638674059482,2255.7704741391867,9.621234533518477,0.01467391202630099,-0.003931031363872359,0.01074288066242863,-3.144859804826188,-2.302375366757112,0.3823089203711256
0.375,-75.859375,-2025.0,-212.05750411731103,2261.946710584651,9.739422846353127,0.014750633006639098,-0.0039111,0.010839533006639097,-3.1279824195383146,-2.298604315185099,0.3857485055743451
0.376,-75.94329960480768,-2003.3716617215991,-209.79258982915175,2267.8334178511604,9.859750016718081,0.014826812955056081,-0.0038911154154307576,0.010935697539625323,-3.1105554887536337,-2.2942283084262796,0.3891707309475204
0.377,-76.02632187704577,-1981.6885011455997,-207.5219345634128,2273.428279705284,9.982268278842716,0.014902461518441115,-0.0038710801750585343,0.011031381343382581,-3.0925876440637143,-2.2892535972854926,0.39257584851895305
0.378,-76.10843959066624,-1959.9533162496,-205.2458313236232,2278.7289799135892,10.107031125862779,0.0149775888445863,-0.00385099686421463,0.011126591980371671,-3.0740876736305403,-2.2836866208101427,0.39596412741536197
0.379,-76.18965063666433,-1938.1689271296004,-202.96457542954545,2283.733202242645,10.234093322802247,0.015052205587351982,-0.003830868088667751,0.01122133749868423,-3.055064516315127,-2.2775340011720826,0.39933585404570215
0.38,-76.269953024,-1916.3381759999995,-200.67846451717543,2288.4386304590184,10.363510917367735,0.015126322910961706,-0.0038106964746239995,0.011315626436337708,-3.0355272555627666,-2.270802538294209,0.40269133225401094
0.381,-76.34934488051967,-1894.4639271935998,-198.38779853874271,2292.8429483292794,10.495341248237597,0.015199952493300369,-0.0037904846687268866,0.011409467824573482,-3.0154851130393334,-2.263499204215751,0.40603088343677873
0.382,-76.42782445387776,-1872.5490671615996,-196.09287976271006,2296.9438396199953,10.62964295049433,0.015273106528075668,-0.003770235338057318,0.01150287119001835,-2.9949474420130042,-2.2556311371902096,0.4093548466198701
0.383,-76.50539011245823,-1850.5965044735997,-193.79401277377372,2300.738988097736,10.766475957813244,0.015345797725688982,-0.0037499511701336065,0.011595846555555376,-2.973923720475918,-2.2472056355100185,0.4126635784895152
0.384,-76.58204034629632,-1828.6091698175996,-191.49150447286337,2304.226077529068,10.905901500981333,0.01541803931264601,-0.003729634872911462,0.011688404439734547,-2.952423544000337,-2.238230151052064,0.41595745337133616
0.385,-76.65777376800001,-1806.5900159999999,-189.1856640771422,2307.40279168056,11.047982102277267,0.015489845029320673,-0.003709289174784,0.011780555854536672,-2.930456618324052,-2.228712282538386,0.41923686315077124
0.386,-76.73258911367168,-1784.5420179455994,-186.87680312000666,2310.266814318781,11.192781565197647,0.015561229125867316,-0.003688916824581734,0.011872312301285583,-2.9080327516600195,-2.218659768506579,0.42250221712760083
0.387,-76.80648524382975,-1762.4681726975998,-184.56523545108686,2312.8158292102994,11.340364958964,0.01563220635605622,-0.0036685205915725824,0.011963685764483636,-2.8851618467254925,-2.2080804799847384,0.42575394179657067
0.388,-76.87946114433024,-1740.3714994175998,-182.25127723624615,2315.0475201216836,11.49079859719071,0.01570279196878585,-0.0036481032654618623,0.012054688703323988,-2.8618538924862897,-2.196982412866145,0.4289924805453377
0.389,-76.95151592728831,-1718.2550393855993,-179.9352469575813,2316.959570819502,11.644150010035077,0.01577300169700173,-0.003627667656392294,0.012145334040609435,-2.838118955612355,-2.1853736799793775,0.43221829326012223
0.39,-77.022648832,-1696.1218559999998,-177.61746541342282,2318.549665070321,11.800487909087105,0.0158428517437265,-0.0036072165949439998,0.012235635148782498,-2.813967171641327,-2.173262502850136,0.43543185582855864
0.391,-77.09285922586369,-1673.9750347775998,-175.2982557183342,2319.815486640712,11.959882144187713,0.01591235876487847,-0.0035867529321345023,0.01232560583274397,-2.789408735847543,-2.160657203151744,0.4386336595282551
0.392,-77.16214660530179,-1651.8176833535997,-172.97794330311265,2320.754719297241,12.122403651290401,0.015981539848526405,-0.003566279539418726,0.012415260309107678,-2.764453893814836,-2.147566193842213,0.4418242102885295
0.393,-77.23051059668225,-1629.6529314815998,-170.6568559147888,2321.365046806478,12.288124390401789,0.016050412490196866,-0.0035457993086889985,0.012504613181507867,-2.739112931712453,-2.1339979699867566,0.44500402781166787
0.394,-77.29795095724032,-1607.4839310335997,-168.33532361662662,2321.644152934991,12.457117272551587,0.016118994563816474,-0.003525315152275046,0.012593679411541428,-2.7133961662746913,-2.119961099265874,0.44817364453884084
0.395,-77.36446757600001,-1585.3138559999998,-166.01367878812354,2321.589721449347,12.629456074651369,0.01618730428783529,-0.0035048300029439997,0.01268247428489129,-2.6873139344863026,-2.1054642121705793,0.4513336044445299
0.396,-77.4300604746957,-1563.1459024895994,-163.6922561250104,2321.1994361161164,12.80521534100517,0.016255360186039146,-0.00348434681390039,0.012771013372138755,-2.6608765829774166,-2.09051599188807,0.45448446164194856
0.397,-77.49472980869375,-1540.9832887295993,-161.3713926392516,2320.4709807018653,12.984470270131645,0.016323181042517593,-0.00346386855878615,0.012859312483731443,-2.634094457133695,-2.0751251638830563,0.4576267787804784
0.398,-77.55847586791425,-1518.8292550655997,-159.05142765904486,2319.4020389731645,13.16729658544949,0.01639078585021128,-0.0034433982316806142,0.012947387618530667,-2.6069778899297757,-2.0593004851823435,0.4607611252146145
0.399,-77.62129907775231,-1496.6870639615995,-156.73270282882126,2317.990294696581,13.353770388261793,0.016458193752416268,-0.003422938847100518,0.013035254905315749,-2.5795371904966213,-2.043050733372788,0.46388807492226863
0.4,-77.6832,-1474.5599999999995,-154.41556210924546,2316.2334316386823,13.543967991357524,0.016525423976576182,-0.0034024934399999995,0.013122930536576182,-2.5517826324366135,-2.0263846953259934,0.4670082041486186
0.401,-77.74417933376769,-1452.4513698815995,-152.10035177721548,2314.129133566039,13.737965731419731,0.016592495759641807,-0.0033820650657705982,0.01321043069387121,-2.523724441903475,-2.0093111556663357,0.4701220887498651
0.402,-77.80423791640575,-1430.3645024255993,-149.78742042586276,2311.675084245218,13.935839758303311,0.01665942826422735,-0.0033616568002412537,0.013297771463986096,-2.495372785468323,-1.991838885003126,0.47323030120946963
0.403,-77.86337672442623,-1408.3027485695995,-147.47711896455223,2308.8689674427874,14.137665799109875,0.016726240484738843,-0.00334127173967831,0.013384968745060533,-2.46673775779754,-1.9739766279521056,0.4763334072975279
0.404,-77.92159687442432,-1386.2694813695994,-145.1698006188822,2305.7084669253168,14.343518894851044,0.016792951142595783,-0.0033209130007855097,0.013472038141810274,-2.4378293691732598,-1.9557330909765736,0.47943196234200264
0.405,-77.97889962399996,-1364.2680959999993,-142.86582093068444,2302.1912664593733,14.553473107354655,0.016859578569612815,-0.0033005837207039992,0.013558994848908816,-2.4086575328931095,-1.9371169300842797,0.48252650707860556
0.406,-78.03528637267969,-1342.3020097535991,-140.56553775802408,2298.3150498115256,14.767601193930677,0.01692614057855342,-0.0032802870570123256,0.013645853521541094,-2.379232052592274,-1.9181367384226506,0.4856175630441671
0.40700000000000003,-78.09075866283776,-1320.3746620415993,-138.2693112751998,2294.0775007483426,14.98597424717741,0.01699265431981336,-0.0032600261877264378,0.013732628132086921,-2.349562609538142,-1.8988010338220922,0.4887056274764029
0.40800000000000003,-78.14531818061826,-1298.4895143935992,-135.97750397274362,2289.4763030363924,15.20866129718162,0.017059136123141104,-0.0032398043112996855,0.013819331811841418,-2.3196587499559937,-1.8791182463453286,0.49179116768118925
0.40900000000000003,-78.19896675685635,-1276.6500504575993,-133.6904806574211,2284.5091404422433,15.43572887323975,0.017125601323252304,-0.003219624646622822,0.013905976676629482,-2.289529872452967,-1.8590967059094825,0.49487461482667194
0.41000000000000003,-78.25170636799999,-1254.8597759999996,-131.40860845223105,2279.1736967324637,15.667240522121055,0.01719206406815272,-0.0031994904330239996,0.01399257363512872,-2.2591852156175514,-1.8387446300576413,0.4979563571220185
0.41100000000000003,-78.3035391370317,-1233.1222189055995,-129.13225679640587,2273.4676556736217,15.903256279796004,0.017258537108945676,-0.003179404930268774,0.014079132178676903,-2.228633845882673,-1.818070111967447,0.5010367323372563
0.41200000000000003,-78.35446733438977,-1211.4409291775992,-126.86179744541128,2267.3887010322856,16.143832093478892,0.017325031569870097,-0.0031593714185601017,0.014165660151309996,-2.197884645752216,-1.7970811087960228,0.5041160196195728
0.41300000000000003,-78.40449337889022,-1189.8194789375993,-124.59760447094659,2260.9345165750246,16.389019190789334,0.01739155669729786,-0.003139393198538342,0.014252163498759518,-2.1669463025039613,-1.7757854304737009,0.5071944305608369
0.41400000000000003,-78.45361983864831,-1168.2614624255993,-122.34005426094436,2254.1027860684067,16.63886339281746,0.01745811958641111,-0.003119473591281254,0.014338645995129854,-2.1358272974955903,-1.7541907290726588,0.5102720994708133
0.41500000000000004,-78.50184943199999,-1146.7704959999992,-120.0895255195707,2246.8911932789997,16.89340436790716,0.01752472488429203,-0.0030996159383039996,0.01442510894598803,-2.1045358962156433,-1.732304488891817,0.5133490728109619
0.41600000000000004,-78.5491850284237,-1125.3502181375993,-117.84639926722511,2239.297421973371,17.152674823044755,0.017591374468186653,-0.0030798236015591417,0.014511550866627511,-2.073080139237194,-1.7101340174152322,0.5164252977447513
0.41700000000000004,-78.5956296494618,-1104.0042894335993,-115.61105884054051,2231.3191559180923,17.416699629871506,0.017658067097756275,-0.0030600999634366457,0.014597967134319628,-2.041467834248913,-1.687686437318103,0.5195006097622643
0.41800000000000004,-78.64118646964225,-1082.7363926015994,-113.38388989238328,2222.9540788797294,17.6854948825413,0.017724798040210907,-0.003040448426763878,0.014684349613447029,-2.0097065493560047,-1.6649686797123389,0.5225747193397519
0.41900000000000004,-78.68585881740033,-1061.5502324735992,-111.1652803918532,2214.199874624851,17.95906688492312,0.01779155866732999,-0.0030208724148056056,0.014770686252524383,-1.9778036078618444,-1.6419874788419644,0.5256471975987325
0.42000000000000004,-78.72965017599999,-1040.4495359999992,-108.95562062428354,2205.0542269200255,18.237411065019604,0.017858336023523227,-0.0030013753712639993,0.014856960652259228,-1.9457660847599731,-1.6187493684574645,0.5287174609344921
0.42100000000000004,-78.77256418445566,-1019.4380522495992,-106.75530319124096,2195.514819531821,18.520510814951553,0.017925112364275114,-0.0029819607602786296,0.014943151603996483,-1.9136008051852518,-1.5952606801173232,0.5317847545906221
0.42200000000000004,-78.81460463845376,-998.5195524095991,-104.5647230105255,2185.5793362268078,18.808336255451046,0.01799186466455235,-0.0029626320664264696,0.01502923259812588,-1.8813143450917778,-1.5715275436837932,0.534848135164622
0.42300000000000004,-78.85577549127424,-977.697829785599,-102.38427731617072,2175.2454607715513,19.100842924533094,0.01805856409704286,-0.0029433927947218937,0.015115171302320965,-1.8489130344434803,-1.5475558902982551,0.537906452039892
0.42400000000000004,-78.89608085471232,-956.9766998015991,-100.21436565844361,2164.510876932622,19.39797039089259,0.018125175480443997,-0.0029242464706166777,0.01520092900982732,-1.816402963220671,-1.5233514581388783,0.5409583277518619
0.42500000000000004,-78.93552500000003,-936.3599999999991,-98.05538990384453,2153.373268476588,19.699640793604534,0.01819165669842771,-0.0029051966399999993,0.015286460058427709,-1.783789990561214,-1.498919801278675,0.5440021373105947
0.42600000000000005,-78.9741123587277,-915.8515900415989,-95.90775423510726,2141.8303191700156,20.00575731091719,0.01825795809039267,-0.0028862468691984375,0.015371711221194233,-1.7510797573682686,-1.474266301975337,0.5470359865193677
0.42700000000000005,-79.01184752376578,-895.4553517055991,-93.77186515119915,2129.879712779476,20.316202562325543,0.018324021815669573,-0.0028674007449759737,0.015456621070693599,-1.7182777027265985,-1.4493961867342635,0.5500576893485266
0.42800000000000005,-79.04873525018627,-875.175188889599,-91.6481314673208,2117.5191330715365,20.63083694970154,0.01838978119347775,-0.0028486618745339897,0.01554111931894376,-1.6853890844751123,-1.4243145464918767,0.5530647444463971
0.42900000000000005,-79.08478045618429,-855.0150276095992,-89.53696431490636,2104.7462638127645,20.94949694506112,0.018455160021649368,-0.00283003388551127,0.015625126136138097,-1.6524190042843059,-1.3990263612673075,0.5560543108945942
0.43,-79.11998822399998,-834.9788160000002,-87.43877714162346,2091.5587887697307,21.271993334555127,0.018520071877935612,-0.0028115204259840003,0.015708551451951613,-1.6193724375816598,-1.3735365296249227,0.5590231833434738
0.431,-79.15436380083968,-815.0705243136,-85.35398571137289,2077.9543917090004,21.59810943048199,0.018584419408589098,-0.0027931251644657666,0.01579129424412333,-1.5862542686548748,-1.3478499032769875,0.5619677666947804
0.432,-79.18791259979777,-795.2941449216,-83.28300810428917,2063.930756397144,21.927599265551308,0.01864809360988423,-0.0027748517899075587,0.015873241819976673,-1.5530693312415313,-1.321971327134459,0.5648840505329777
0.433,-79.22064020077823,-775.6536923136001,-81.22626471674013,2049.4855666007297,22.260185786226568,0.018710973109271077,-0.0027567040116977665,0.01595426909757331,-1.5198224548814587,-1.2959056850815964,0.5677675835435342
0.434,-79.25255235141631,-756.1532030976,-79.18417826132703,2034.616506086325,22.59555906475876,0.018772923453966153,-0.0027386855596621823,0.01603423789430397,-1.4865185172651032,-1.2696579517070907,0.5706134481958709
0.435,-79.28365496799996,-736.796736,-77.15717376688461,2019.3212586204993,22.933374552435204,0.018833796415942225,-0.002720800184064,0.016112996231878226,-1.4531625027549828,-1.2432332501681853,0.5734162360099013
0.436,-79.31395413639166,-717.5883718655999,-75.14567857848098,2003.59750796982,23.273251399582996,0.018893429323478907,-0.0027030516556038144,0.01619037766787509,-1.4197595671873933,-1.216636916294358,0.5761700237677968
0.437,-79.34345611294974,-698.5322136576,-73.15012235741773,1987.4429379008561,23.61477087091307,0.01895164443064811,-0.0026854437654196227,0.01626620066522849,-1.3863151089761836,-1.1898745689517736,0.578868351075747
0.438,-79.37216732545026,-679.6323864576,-71.17093708122984,1970.8552321801758,23.95747488782957,0.019008248337317353,-0.0026679803250868224,0.01634026801223053,-1.352834846439605,-1.1629521865888917,0.5815041997235064
0.439,-79.40009437400832,-660.8930374656001,-69.20855704368576,1953.8320745743472,24.300864732239326,0.019063031473411957,-0.0026506651666182144,0.01641236630679374,-1.3193249011532084,-1.1358761897656007,0.5840699753307381
0.44,-79.42724403200002,-642.3183359999998,-67.26341885478733,1936.3711488499382,24.644399949139743,0.019115767662268614,-0.002633502142464,0.016482265519804612,-1.2857918869979725,-1.1086535293344366,0.5865574918079933
0.441,-79.45362324698365,-623.9124734975999,-65.33596144076988,1918.4701387735192,24.98749748765887,0.019166213778866147,-0.0026164951255117823,0.016549718653354365,-1.252243004421551,-1.0812917797911508,0.5889579591941055
0.442,-79.47923914162178,-605.6796635135998,-63.42662604410211,1900.1267281116566,25.32953112224106,0.019214109519522515,-0.0025996480090865665,0.016614461510435947,-1.218686139265177,-1.0537992371465488,0.591261975460354
0.443,-79.5040990146022,-587.6241417215999,-61.53585622348619,1881.3386006309195,25.66983119707529,0.019259177300206154,-0.0025829647069507584,0.016676212593255395,-1.1851299653281149,-1.0261850204908538,0.593459522891651
0.444,-79.5282103415603,-569.7501659136,-59.66409785385771,1862.103440097876,26.00768473763755,0.019301122300917236,-0.0025664491533041664,0.01673467314761307,-1.1515840496512013,-0.9984591762315113,0.5955399696659456
0.445,-79.551580776,-552.0620159999997,-57.81179912638567,1842.4189302790942,26.342335973073112,0.019339632673536982,-0.0025501053027839997,0.016789527370752982,-1.1180589593006052,-0.9706327837849256,0.5974920772509958
0.446,-79.57421815021567,-534.5639940095999,-55.97941054847257,1822.2827549411438,26.672987312097632,0.019374379930126383,-0.0025339371304648707,0.01684044279966151,-1.0845663682306321,-0.9427180613003205,0.5993040142228295
0.447,-79.59613047621379,-517.2604240895998,-54.16738494375426,1801.6925978505913,26.99880081285711,0.01940501952776487,-0.0025179486318587904,0.01688707089590608,-1.0511191626015082,-0.9147284697910136,0.6009633770785081
0.448,-79.61732594663425,-500.15565250559985,-52.37617745210006,1780.6461427740066,27.318900183735384,0.01943119166464636,-0.0025021438229151744,0.016929047841731184,-1.0177315427332851,-0.886678813853604,0.602457218566946
0.449,-79.6378129356723,-483.2540476416,-50.60624552961275,1759.1410734779572,27.63237334729122,0.01945252230023737,-0.0024865267400208386,0.01696599556021653,-0.9844191196960798,-0.8585853369746376,0.6037720839934708
0.45,-79.65759999999999,-466.5599999999997,-48.858048948628436,1737.1750737290117,27.93827559324871,0.019468624409812056,-0.00247110144,0.016997522969812058,-0.9511990043770598,-0.8304658092645137,0.6048940558651978
0.451,-79.67669587968766,-450.07792220159985,-47.13204979771682,1714.7458272937388,28.23563333875019,0.019479099480609323,-0.0024558720001142784,0.017023227480495045,-0.9180898867347584,-0.8023396053285539,0.605808807135055
0.452,-79.69510949912572,-433.81224898559987,-45.42871248168089,1691.8510179387063,28.523448504903424,0.019483539253205583,-0.0024408425180626942,0.017042696735142887,-0.88511210285942,-0.7742277698932878,0.6065016631723448
0.453,-79.71284996794623,-417.76743720959973,-43.74850372155712,1668.488329430482,28.800703508041188,0.01948152770747387,-0.0024260171119816704,0.0170555105954922,-0.8522876874120388,-0.7461530687599475,0.6069576724374448
0.454,-79.72992658194431,-401.94796584959965,-42.09189255461545,1644.6554455356363,29.066366852228043,0.01947264328777161,-0.0024113999204450304,0.01706124336732658,-0.8196404090232363,-0.7181400226656558,0.6071616856699851
0.455,-79.74634882400001,-386.3583359999998,-40.45935033435921,1620.350050020736,29.31939929655334,0.019456461356828457,-0.002396995102464,0.017059466254364455,-0.7871957863028445,-0.6902149217025102,0.607098443215817
0.456,-79.76212636499973,-371.00307087359965,-38.851350730525134,1595.569826652349,29.558760556867085,0.01943255686228235,-0.0023828068374872062,0.017049750024795144,-0.7549810822474046,-0.6624058180810958,0.6067526699215354
0.457,-79.77726906475773,-355.88671580159973,-37.268369729083474,1570.312459197045,29.783416487210978,0.019400507194080097,-0.0023688393254006784,0.017031667868679417,-0.7230252750407209,-0.6347424952328956,0.6061091768213316
0.458,-79.79178697293823,-341.01383823359976,-35.71088563223783,1544.5756314213916,29.99234667162513,0.019359895205161286,-0.0023550967865278464,0.01700479841863344,-0.6913590035236242,-0.6072564115270774,0.605152968634642
0.459,-79.80569032997631,-326.3890277375998,-34.17937905842529,1518.3570270919577,30.18455234264079,0.019310312362126464,-0.0023415834616295423,0.016968728900496922,-0.6600144859617163,-0.5799806172297405,0.6038693558895702
0.46,-79.81898956799999,-312.0168959999997,-32.67433294231632,1491.654329975311,30.359064529247252,0.019251361987210107,-0.002328303611904,0.016923058375306107,-0.6290254111631554,-0.5529496437570064,0.602244070295591
0.461,-79.83169531175166,-297.90207682559964,-31.196232534814865,1464.4652238380204,30.51495232470382,0.01918266254793854,-0.0023152615189868542,0.016867401028951685,-0.5984268014823749,-0.5261993647571523,0.6002633818132272
0.462,-79.84381837950976,-284.04922613759976,-29.74556540305831,1436.7873924466537,30.651331153986305,0.019103850946642336,-0.002302461484951142,0.016801389461691192,-0.568254847783627,-0.49976682909499004,0.5979142157185477
0.463,-79.85536978401025,-270.46302197759974,-28.3228214304174,1408.6185195677797,30.767370912257412,0.019014585758650795,-0.0022899078323073024,0.016724677926343492,-0.5385467170156242,-0.4736900663890703,0.5951842678414054
0.464,-79.86636073336834,-257.14816450559977,-26.92849281649639,1379.9562889679673,30.86230384006215,0.018914550365732676,-0.0022776049040031743,0.016636945461729502,-0.5093403336508915,-0.44800786635462514,0.592062116075783
0.465,-79.87680263200001,-244.10937599999963,-25.563074077132914,1350.7983844137837,30.93543199829395,0.01880345593029065,-0.0022655570634239996,0.01653789886686665,-0.48067413685212407,-0.4227595338138447,0.5885373262230125
0.466,-79.8867070815437,-231.35140085759963,-24.227062044398078,1321.1424896717979,30.986134206729638,0.018681044156116725,-0.002253768694392422,0.016427275461724303,-0.45258681582438004,-0.39798462183161276,0.584600550239299
0.467,-79.8960858817817,-218.87900559359971,-22.9209558665964,1290.986288508578,31.01387231419887,0.018547089783213316,-0.0022422442011684864,0.01630484558204483,-0.42511702637483345,-0.37372264599771887,0.580243615019389
0.468,-79.90495103156223,-206.69697884159967,-21.645257008265816,1260.3274646906923,31.01819667639207,0.01840140276734384,-0.0022309880084496383,0.0161704147588942,-0.3983030922117712,-0.35001278338651964,0.5754595999606477
0.46900000000000003,-79.91331472972031,-194.81013135359967,-20.40046925017771,1229.1637019847096,30.998750728700504,0.01824383009950793,-0.002220004561370726,0.016023825538137203,-0.37218269495047807,-0.3268935601609803,0.5702429017130677
0.47000000000000003,-79.92118937599997,-183.22329599999966,-19.187098689336903,1197.492684157198,30.955274556356578,0.018074257226455125,-0.002209298325504,0.015864958900951125,-0.3467925571404552,-0.30440253213482316,0.5645892847313567
0.47100000000000003,-79.92858757197568,-171.94132776959967,-18.005653738981632,1165.312094974726,30.887607381792023,0.017892609040373274,-0.00219887378685911,0.015693735253514165,-0.3221681228679336,-0.28257596284602515,0.5584959164951661
0.47200000000000003,-79.93552212197378,-160.96910376959966,-16.85664512858358,1132.6196182038616,30.795688909434194,0.017698850413965947,-0.00218873545188311,0.015510114962082837,-0.29834324061210854,-0.26144850381936496,0.5519613865509907
0.47300000000000003,-79.94200603399426,-150.31152322559967,-15.740585903847851,1099.412937611174,30.679559490274066,0.01749298626593199,-0.0021788878474604543,0.015314098418471537,-0.27534985303373316,-0.24105288169593175,0.5449857088424035
0.47400000000000003,-79.94805252063233,-139.97350748159968,-14.657991426712982,1065.6897369632302,30.53935909184713,0.017275061151133926,-0.002169335520912998,0.015105725630220928,-0.2532176982492636,-0.22141959678205692,0.5375703071253
0.47500000000000003,-79.95367499999998,-129.9599999999997,-13.609379375350953,1031.4477000266,30.375325083091784,0.017045158379221128,-0.00216008304,0.014885075339221128,-0.2319740268957625,-0.2025766373221411,0.5297179836021754
0.47600000000000003,-79.95888709664767,-120.27596636159966,-12.595269744167153,996.6845105678505,30.187788867021425,0.016803398674812592,-0.0021511349929181182,0.014652263681894474,-0.21164333892804546,-0.18454921343612468,0.5214328712417963
0.47700000000000004,-79.96370264248577,-110.92639426559968,-11.616184843800431,961.3978523535511,29.97717141658166,0.01654993840127099,-0.002142495988301414,0.014407442412969575,-0.19224714362267478,-0.1673595141954647,0.5127203705683122
0.47800000000000004,-79.96813567770624,-101.91629352959968,-10.672649301123045,925.5854091502695,29.74397778974543,0.016284967378328328,-0.00213417065522135,0.014150796723106977,-0.1738037457091274,-0.15102649075720195,0.5035870719966896
0.47900000000000004,-79.97220045170437,-93.25069608959969,-9.765190059240695,889.2448647245743,29.488790718144728,0.016008706331083596,-0.00212616364318679,0.013882542687896805,-0.1563280599256011,-0.13556566785283447,0.49404066504970834
0.48000000000000004,-79.975911424,-84.93465599999969,-8.89433637749251,852.373902843034,29.21226337886373,0.015721404013990598,-0.002118479622144,0.0136029243918466,-0.13983145562689334,-0.12098898525868138,0.48408983600877575
0.48100000000000004,-79.97928326515971,-76.9732494335997,-8.060619831451051,814.9702072722164,28.915111471048572,0.01542333405824118,-0.002111123282476646,0.013312210775764534,-0.12432163237695328,-0.10730467017958398,0.4737441557211578
0.48200000000000004,-79.98233085771778,-69.3715746815997,-7.26457431292231,777.0314617786906,28.598104727298583,0.015114791594255118,-0.002104099335005798,0.01301069225924932,-0.10980252676079978,-0.09451714077987974,0.4630139594038904
0.48300000000000004,-79.98506929709818,-62.13475215359972,-6.506736029945715,738.5553501290246,28.262057994531652,0.014796089702869178,-0.0020974125109899265,0.01269867719187925,-0.09627424997196768,-0.0826269404170506,0.45191022035157474
0.48400000000000004,-79.9875138925363,-55.267924377599726,-5.787643506794118,699.5395560897867,27.907822019877003,0.014467555749160366,-0.0020910675621249025,0.012376488187035463,-0.0837330550908099,-0.0716307014926099,0.4404444194674542
0.48500000000000004,-79.989680168,-48.77625599999974,-5.107837583973808,659.9817634275453,27.536274074497292,0.014129527651783262,-0.0020850692605439997,0.012044458391239262,-0.07217133238357573,-0.06152113724938061,0.42862841249961786
0.48600000000000004,-79.99158386311169,-42.66493378559975,-4.467861418224504,619.8796559088692,27.148308542332938,0.01378235013835038,-0.002079422398817894,0.011702927739532486,-0.06157763043559682,-0.0522870593277265,0.4164742967805155
0.48700000000000004,-79.99324093406976,-36.93916661759975,-3.8682604825193567,579.2309173003259,26.744827591762565,0.013426371033803775,-0.0020741317899546623,0.011352239243849113,-0.051936700493705704,-0.04391341845508695,0.4039942791405378
0.48800000000000004,-79.99466755457028,-31.60418549759977,-3.3095825660649503,538.0332313684844,26.326732036779987,0.013061937624192915,-0.0020692022673997825,0.010992735356793133,-0.04322956104005671,-0.03638136529020832,0.3912005465050937
0.48900000000000005,-79.99588011672833,-26.66524354559978,-2.7923777743012974,496.284281879913,25.89491248078359,0.012689393132900429,-0.0020646386850361343,0.010624754447864294,-0.035433579353682666,-0.02966832817762511,0.3781051404933913
0.49000000000000005,-79.99689523200001,-22.1276159999998,-2.3171985289018444,453.9817526011799,25.450240821066718,0.012309073340386237,-0.002060445917184,0.010248627423202237,-0.0285225666364879,-0.023748104388307323,0.36471983712463474
0.49100000000000005,-79.99772973210364,-17.996600217599816,-1.8845995677734684,411.12332729885344,24.9935621759914,0.011921303372112037,-0.0020566288586010622,0.009864674513510974,-0.022466883182378737,-0.01859096132438873,0.3510560325092873
0.49200000000000005,-79.99840066994177,-14.277515673599833,-1.4951379450564786,367.706689739502,24.525687280250565,0.011526394672712275,-0.0020531924244824064,0.009473202248229869,-0.017233550044868973,-0.014163744142522819,0.33712463516832275
0.49300000000000005,-79.99892532052222,-10.975703961599846,-1.1493730311246155,323.72952368969413,24.047385376797052,0.011124642177782577,-0.0020501415504605184,0.009074500627322058,-0.012786363700054705,-0.01042998629196738,0.32293596538512664
0.49400000000000005,-79.99932118188032,-8.096528793599866,-0.8478665125850524,279.18951291599797,23.559377617567186,0.010716321688111066,-0.0020474811926052866,0.00866884049550578,-0.009086010297438291,-0.007350019559080563,0.3084996617617715
0.49500000000000005,-79.999605976,-5.645375999999885,-0.5911823922783924,234.08434118498204,23.062330969068896,0.010301687444788932,-0.002045216327424,0.008256471117364932,-0.0060901762281146,-0.004881080346941252,0.2938245949240189
0.496,-79.99979764973565,-3.627653529600006,-0.3798869892786821,188.41169226321716,22.55685260379015,0.00988096989762278,-0.0020433519518613507,0.007837617945761429,-0.0037536519055612052,-0.0029774090845318783,0.27891878810538895
0.497,-79.99991437573378,-2.0487914496000035,-0.21454893889336513,142.16924991726665,22.04348474406092,0.009454373653572415,-0.0020418930832994306,0.007412480570272984,-0.0020284258352753493,-0.0015903398409197547,0.2637893441378286
0.498,-79.99997455335422,-0.9142419456000016,-0.09573919266335348,95.35469791370136,21.522699911756014,0.00902207558666775,-0.0020408447595577344,0.006981230827110016,-0.0008637662328153217,-0.0006683774031840284,0.24844237818896853
0.499,-79.99999680959232,-0.22947932160000048,-0.0240310183629777,47.96572001908971,20.994896524969256,0.008584223085981066,-0.0020402120388931587,0.006544011047087907,-0.0002062876226111081,-0.00015725924964009842,0.23288295541238105
0.5,-80.0,-0.0,-0.0,0.0,20.460394771378514,0.00814093241369115,0.0,0.00814093241369115,-0.0,-0.0,0.2897128972843826
0.501,-79.99999680959232,0.22947932160000037,0.024031018362977687,47.9657200190897,20.994896524969256,0.008584223085981066,0.0020402120388931587,0.010624435124874225,0.000206287622611108,0.00025531599558211766,0.3780937766859155
0.502,-79.99997455335424,0.9142419456000016,0.09573919266335348,95.35469791370137,21.522699911756263,0.009022075586667847,0.0020408447595577344,0.011062920346225582,0.0008637662328153309,0.0010591550624466243,0.3936982329617645
0.503,-79.99991437573377,2.048791449600004,0.21454893889336518,142.16924991726665,22.043484744060674,0.009454373653572316,0.0020418930832994306,0.011496266736871747,0.0020284258352753284,0.002466511829630923,0.4091198127000622
0.504,-79.99979764973568,3.627653529600006,0.3798869892786821,188.41169226321716,22.55685260379053,0.00988096989762293,0.0020433519518613507,0.011924321849484281,0.003753651905561263,0.004529894726590589,0.424353090728978
0.505,-79.999605976,5.6453760000000095,0.5911823922784054,234.08434118498457,23.062330969068924,0.010301687444788956,0.002045216327424,0.012346903772212956,0.0060901762281147485,0.007299272109288124,0.439391593317187
0.506,-79.99932118188032,8.096528793600015,0.8478665125850678,279.18951291600047,23.559377617567215,0.010716321688111086,0.0020474811926052866,0.012763802880716373,0.009086010297438473,0.010822001035796234,0.45422786052371433
0.507,-79.99892532052225,10.975703961600018,1.1493730311246335,323.72952368969663,24.047385376797603,0.011124642177782808,0.0020501415504605184,0.013174783728243326,0.01278636370005517,0.015142741108142531,0.4688535134606166
0.508,-79.99840066994176,14.277515673600025,1.4951379450564988,367.7066897395045,24.525687280250295,0.011526394672712182,0.0020531924244824064,0.013579587097194588,0.017233550044869067,0.020303355947215263,0.4832593273022985
0.509,-79.99772973210368,17.99660021760003,1.884599567773491,411.1233272988557,24.993562175992054,0.011921303372112307,0.0020566288586010627,0.01397793223071337,0.022466883182379514,0.026342805040369566,0.49743531070154345
0.51,-79.996895232,22.127616000000035,2.3171985289018693,453.98175260118217,25.450240821066654,0.012309073340386223,0.0020604459171840003,0.014369519257570223,0.028522566636488174,0.0332970288846688,0.5113707920843495
0.511,-79.99588011672832,26.665243545600045,2.7923777743013254,496.2842818799153,25.894912480783283,0.012689393132900318,0.0020646386850361347,0.014754031817936452,0.035433579353682715,0.04119883052974033,0.5250545130938239
0.512,-79.99466755457024,31.60418549760006,3.309582566064981,538.0332313684868,26.326732036779177,0.013061937624192603,0.0020692022673997825,0.015131139891592385,0.043229561040056076,0.050077756789904525,0.5384747292381632
0.513,-79.99324093406976,36.939166617600065,3.8682604825193896,579.2309173003282,26.744827591762586,0.013426371033803796,0.0020741317899546628,0.015500502823758458,0.05193670049370623,0.059959982532325054,0.5516193175714754
0.514,-79.99158386311169,42.66493378560007,4.467861418224539,619.8796559088712,27.148308542332963,0.0137823501383504,0.0020794223988178945,0.015861772537168292,0.06157763043559738,0.07086820154346776,0.5644758910024303
0.515,-79.989680168,48.77625600000008,5.107837583973844,659.9817634275477,27.53627407449732,0.014129527651783285,0.002085069260544,0.016214596912327284,0.07217133238357636,0.08282152751777155,0.5770319185881596
0.516,-79.98751389253631,55.26792437760009,5.787643506794156,699.539556089789,27.907822019877266,0.01446755574916048,0.0020910675621249025,0.01655862331128538,0.08373305509081111,0.09583540868901118,0.5892748509354228
0.517,-79.98506929709824,62.13475215360012,6.506736029945757,738.5553501290267,28.26205799453286,0.01479608970286967,0.0020974125109899265,0.016893502213859598,0.0962742499719715,0.10992155952688866,0.6011922496035444
0.518,-79.98233085771776,69.37157468160011,7.2645743129223534,777.0314617786927,28.59810472729798,0.015114791594254887,0.0021040993350057986,0.017218890929260686,0.10980252676079875,0.1250879127417189,0.6127719191907718
0.519,-79.97928326515968,76.97324943360013,8.060619831451096,814.9702072722187,28.915111471047965,0.01542333405824095,0.0021111232824766466,0.017534457340717596,0.12432163237695211,0.1413385945743215,0.6240020405949323
0.52,-79.975911424,84.93465600000016,8.894336377492557,852.3739028430359,29.212263378863753,0.015721404013990616,0.0021184796221440003,0.017839883636134615,0.13983145562689425,0.1586739259951063,0.6348713037770325
0.521,-79.97220045170432,93.25069608960014,9.765190059240743,889.2448647245762,29.48879071814378,0.016008706331083228,0.0021261636431867906,0.018134869974270017,0.15632805992559828,0.17709045199836498,0.6453690382302497
0.522,-79.96813567770624,101.91629352960015,10.672649301123094,925.5854091502714,29.743977789745443,0.016284967378328345,0.0021341706552213506,0.018419138033549696,0.1738037457091284,0.19658100066105397,0.6554853392722312
0.523,-79.96370264248576,110.9263942656002,11.616184843800484,961.3978523535529,29.977171416581424,0.016549938401270902,0.0021424959883014146,0.018692434389572316,0.19224714362267467,0.2171347730498849,0.6652111882410077
0.524,-79.95888709664769,120.27596636160018,12.595269744167208,996.6845105678525,30.187788867021787,0.016803398674812745,0.0021511349929181187,0.018954533667730863,0.21164333892804832,0.23873746441996924,0.674538564687931
0.525,-79.953675,129.96000000000024,13.609379375351008,1031.4477000266015,30.375325083092385,0.017045158379221374,0.0021600830400000004,0.019205241419221374,0.2319740268957668,0.2613714164693883,0.6834605487267393
0.526,-79.94805252063232,139.97350748160025,14.657991426713043,1065.6897369632322,30.53935909184674,0.017275061151133784,0.0021693355209129986,0.019444396672046782,0.25321769824926255,0.28501579971646934,0.6919714118166115
0.527,-79.94200603399425,150.31152322560027,15.740585903847911,1099.4129376111755,30.679559490273743,0.01749298626593187,0.0021788878474604547,0.019671874113392322,0.2753498530337323,0.3096468243715338,0.700066694426773
0.528,-79.93552212197376,160.96910376960025,16.85664512858364,1132.6196182038636,30.795688909434002,0.01769885041396588,0.0021887354518831106,0.019887585865848992,0.2983432406121085,0.3352379774048523,0.7077432692472951
0.529,-79.92858757197568,171.94132776960024,18.005653738981696,1165.3120949747276,30.887607381792037,0.017892609040373285,0.002198873786859111,0.020091482827232394,0.32216812286793495,0.3617602828898435,0.7149993888694802
0.53,-79.921189376,183.22329600000032,19.18709868933697,1197.4926841571998,30.95527455635723,0.018074257226455396,0.0022092983255040007,0.020283555551959397,0.3467925571404616,0.38918258214609375,0.72183471715158
0.531,-79.91331472972033,194.81013135360033,20.40046925017778,1229.1637019847115,30.998750728700813,0.01824383009950806,0.002220004561370727,0.02046383466087879,0.372182694950482,0.4174718297399799,0.7282503438035156
0.532,-79.90495103156223,206.69697884160036,21.645257008265887,1260.327464690694,31.018196676392076,0.018401402767343852,0.0022309880084496387,0.020632390775793492,0.3983030922117728,0.44659340103702455,0.734248782056708
0.533,-79.89608588178176,218.87900559360034,22.920955866596472,1290.9862885085795,31.01387231419978,0.018547089783213688,0.002242244201168487,0.020789333984382173,0.4251170263748433,0.47651140675195797,0.7398339496221414
0.534,-79.88670708154368,231.35140085760037,24.227062044398156,1321.142489671799,30.98613420672909,0.01868104415611651,0.002253768694392423,0.02093481285050893,0.45258681582437627,0.5071890098171437,0.7450111334700688
0.535,-79.876802632,244.1093760000004,25.563074077132995,1350.7983844137855,30.93543199829358,0.018803455930290515,0.0022655570634240005,0.021069012993714515,0.4806741368521222,0.5385887398904018,0.7497869392780966
0.536,-79.86636073336832,257.14816450560033,26.92849281649646,1379.956288967969,30.862303840061934,0.018914550365732596,0.0022776049040031747,0.02119215526973577,0.5093403336508907,0.5706728009471572,0.7541692266809882
0.537,-79.85536978401024,270.4630219776004,28.322821430417477,1408.6185195677817,30.767370912257178,0.019014585758650712,0.002289907832307303,0.021304493590958016,0.5385467170156234,0.6034033676421775,0.758167031706691
0.538,-79.84381837950976,284.04922613760044,29.745565403058382,1436.7873924466558,30.651331153986312,0.019103850946642346,0.002302461484951143,0.02140631243159349,0.5682548477836287,0.6367428664722659,0.7617904779926509
0.539,-79.83169531175167,297.90207682560043,31.19623253481495,1464.465223838022,30.51495232470412,0.01918266254793867,0.002315261518986855,0.021497924066925526,0.5984268014823806,0.6706542382076034,0.7650506785382749
0.54,-79.818989568,312.0168960000005,32.674332942316404,1491.6543299753127,30.359064529247515,0.01925136198721022,0.0023283036119040004,0.02157966559911422,0.6290254111631607,0.7051011785693099,0.7679596298617161
0.541,-79.80569032997631,326.3890277376006,34.179379058425376,1518.3570270919593,30.184552342640796,0.01931031236212647,0.002341583461629543,0.021651895823756012,0.6600144859617182,0.7400483546936941,0.7705301004895379
0.542,-79.79178697293824,341.0138382336006,35.710885632237925,1544.5756314213932,29.99234667162541,0.019359895205161404,0.0023550967865278473,0.02171499199168925,0.6913590035236302,0.7754615955201772,0.7727755157184787
0.543,-79.77726906475776,355.8867158016005,37.26836972908355,1570.3124591970463,29.783416487211387,0.019400507194080263,0.002368839325400679,0.021769346519480943,0.7230252750407286,0.811308054848554,0.7747098405509232
0.544,-79.76212636499967,371.0030708736005,38.851350730525226,1595.5698266523505,29.558760556866247,0.01943255686228202,0.002382806837487207,0.021815363699769226,0.7549810822473936,0.8475563464137026,0.7763474626252393
0.545,-79.746348824,386.3583360000006,40.45935033435929,1620.350050020737,29.319399296553158,0.019456461356828388,0.0023969951024640007,0.02185345645929239,0.7871957863028433,0.8841766509031778,0.7777030768431455
0.546,-79.72992658194433,401.9479658496006,42.09189255461555,1644.6554455356375,29.066366852228143,0.01947264328777165,0.0024113999204450312,0.021884043208216682,0.81964040902324,0.9211407953808207,0.7787915732461452
0.547,-79.71284996794624,417.7674372096007,43.74850372155722,1668.4883294304836,28.800703508041316,0.019481527707473932,0.0024260171119816713,0.0219075448194556,0.8522876874120434,0.958422306064135,0.779627929517993
0.548,-79.69510949912576,433.8122489856007,45.42871248168098,1691.8510179387074,28.52344850490401,0.01948353925320582,0.002440842518062695,0.021924381771268514,0.8851121028594325,0.995996435825565,0.7802271092978119
0.549,-79.67669587968768,450.07792220160064,47.1320497977169,1714.74582729374,28.235633338750556,0.019479099480609476,0.0024558720001142792,0.021934971480723753,0.9180898867347672,1.033840168140972,0.7806039672855428
0.55,-79.6576,466.5600000000008,48.85804894862854,1737.1750737290129,27.938275593248942,0.019468624409812153,0.0024711014400000007,0.021939725849812155,0.9511990043770666,1.0719321994896132,0.7807731619150233
0.551,-79.63781293567232,483.2540476416008,50.60624552961283,1759.1410734779583,27.63237334729145,0.019452522300237467,0.002486526740020839,0.021939049040258306,0.9844191196960861,1.1102529024175285,0.780749076165776
0.552,-79.61732594663424,500.15565250560087,52.376177452100166,1780.6461427740076,27.318900183735142,0.01943119166464627,0.0025021438229151753,0.021933335487561444,1.0177315427332827,1.1487842716129641,0.7805457468883076
0.553,-79.59613047621376,517.2604240896009,54.16738494375436,1801.6925978505924,26.99880081285683,0.019405019527764765,0.0025179486318587913,0.021922968159623555,1.0511191626015044,1.1875098554119992,0.7801768028335785
0.554,-79.57421815021569,534.5639940096008,55.97941054847267,1822.2827549411452,26.67298731209782,0.019374379930126466,0.0025339371304648715,0.021908317060591338,1.0845663682306388,1.2264146751609506,0.7796554114089443
0.555,-79.551580776,552.0620160000009,57.811799126385786,1842.4189302790955,26.342335973073112,0.01933963267353699,0.002550105302784001,0.02188973797632099,1.1180589593006076,1.2654851348162874,0.7789942340327753
0.556,-79.52821034156032,569.7501659136009,59.66409785385781,1862.1034400978772,26.007684737637852,0.019301122300917364,0.0025664491533041673,0.02186757145422153,1.1515840496512109,1.3047089230709012,0.7782053898299477
0.557,-79.50409901460223,587.624141721601,61.53585622348629,1881.3386006309204,25.66983119707559,0.01925917730020628,0.0025829647069507593,0.021842142007157037,1.1851299653281244,1.3440749101653857,0.7773004273009622
0.558,-79.47923914162176,605.679663513601,63.42662604410222,1900.1267281116575,25.329531122240944,0.019214109519522474,0.0025996480090865674,0.02181375752860904,1.2186861392651764,1.3835730413838052,0.7762903035092186
0.559,-79.45362324698368,623.912473497601,65.33596144076999,1918.4701387735201,24.987497487659123,0.01916621377886625,0.002616495125511783,0.021782708904378036,1.2522430044215598,1.4231942290519606,0.7751853702625635
0.56,-79.427244032,642.318336000001,67.26341885478745,1936.3711488499393,24.644399949139594,0.019115767662268558,0.002633502142464001,0.02174926980473256,1.285791886997971,1.4629302446615073,0.7739953667164612
0.561,-79.40009437400832,660.8930374656009,69.20855704368586,1953.8320745743476,24.30086473223932,0.019063031473411953,0.0026506651666182153,0.02171369664003017,1.31932490115321,1.502773612540818,0.772729417794668
0.562,-79.37216732545023,679.632386457601,71.17093708122995,1970.855232180176,23.957474887829324,0.019008248337317256,0.0026679803250868233,0.02167622866240408,1.3528348464396003,1.542717506290314,0.7713960378079743
0.5630000000000001,-79.34345611294975,698.5322136576011,73.15012235741784,1987.442937900857,23.614770870913173,0.018951644430648156,0.0026854437654196235,0.02163708819606778,1.386315108976189,1.5827556490005994,0.7700031386500988
0.5640000000000001,-79.31395413639167,717.5883718656011,75.1456785784811,2003.5975079698208,23.273251399583053,0.018893429323478934,0.0027030516556038157,0.02159648097908275,1.4197595671873975,1.622882218080433,0.7685580419602402
0.5650000000000001,-79.283654968,736.7967360000014,77.15717376688474,2019.3212586205,22.93337455243539,0.0188337964159423,0.0027208001840640012,0.021554596600006304,1.4531625027549913,1.6630917553417894,0.7670674946621461
0.5660000000000001,-79.25255235141631,756.1532030976011,79.18417826132715,2034.616506086326,22.595559064758753,0.018772923453966153,0.0027386855596621836,0.021511609013628336,1.4865185172651052,1.703379082823118,0.7655376873177344
0.5670000000000001,-79.22064020077823,775.6536923136013,81.22626471674025,2049.48556660073,22.260185786226558,0.018710973109271077,0.0027567040116977678,0.021467677120968844,1.5198224548814607,1.7437392246813235,0.7639742747675745
0.5680000000000001,-79.18791259979776,795.2941449216012,83.2830081042893,2063.9307563971447,21.927599265551205,0.018648093609884196,0.0027748517899075596,0.021422945399791754,1.553069331241531,1.7841673353486036,0.7623823985691016
0.5690000000000001,-79.15436380083968,815.0705243136014,85.35398571137303,2077.954391709002,21.598109430481983,0.0185844194085891,0.002793125164465768,0.02137754457305487,1.5862542686548777,1.8246586340327653,0.7607667107848708
0.5700000000000001,-79.119988224,834.9788160000013,87.43877714162359,2091.558788769731,21.271993334555184,0.018520071877935636,0.002811520425984001,0.021331592303919636,1.6193724375816645,1.8652083455384019,0.7591313987160013
0.5710000000000001,-79.08478045618432,855.015027609601,89.53696431490656,2104.7462638127663,20.949496945061245,0.018455160021649424,0.0028300338855112715,0.021285193907160695,1.6524190042843145,1.9058116473013136,0.7574802102192418
0.5720000000000001,-79.04873525018624,875.1751888896014,91.64813146732104,2117.5191330715375,20.63083694970138,0.018389781193477693,0.002848661874533992,0.021238443068011686,1.6853890844751116,1.946463622458348,0.7558164792886721
0.5730000000000001,-79.01184752376575,895.4553517056013,93.77186515119938,2129.8797127794774,20.31620256232543,0.018324021815669535,0.002867400744975976,0.02119142256064551,1.7182777027265992,1.987159218718935,0.7541431516243954
0.5740000000000001,-78.97411235872768,915.8515900416014,95.90775423510753,2141.830319170017,20.00575731091712,0.01825795809039265,0.00288624686919844,0.02114420495959109,1.7510797573682715,2.027893212761204,0.7524628099498609
0.5750000000000001,-78.935525,936.3600000000014,98.05538990384477,2153.3732684765882,19.699640793604395,0.018191656698427656,0.0029051966400000014,0.02109685333842766,1.7837899905612133,2.068660179843753,0.7507776988764292
0.5760000000000001,-78.89608085471232,956.9766998016013,100.21436565844385,2164.510876932623,19.39797039089257,0.018125175480443997,0.0029242464706166794,0.021049421951060677,1.8164029632206755,2.109454468302469,0.7490897491480668
0.5770000000000001,-78.85577549127424,977.6978297856016,102.384277316171,2175.2454607715526,19.100842924533076,0.01805856409704286,0.002943392794721896,0.021001956891764754,1.8489130344434852,2.1502701785887113,0.7474006011304183
0.5780000000000001,-78.81460463845376,998.5195524096013,104.56472301052573,2185.5793362268087,18.80833625545103,0.01799186466455235,0.0029626320664264717,0.020954496730978822,1.881314345091782,2.191101146499767,0.7457116274369687
0.5790000000000001,-78.77256418445567,1019.4380522496015,106.75530319124118,2195.5148195318225,18.520510814951585,0.01792511236427513,0.002981960760278632,0.02090707312455376,1.9136008051852575,2.2319409302531867,0.7440239546104541
0.5800000000000001,-78.72965017599999,1040.4495360000014,108.95562062428378,2205.0542269200264,18.237411065019586,0.017858336023523224,0.0030013753712640014,0.020859711394787227,1.945766084759977,2.2727828010624864,0.7423384838002571
0.5810000000000001,-78.68585881740032,1061.5502324736017,111.16528039185347,2214.1998746248523,17.959066884923068,0.017791558667329975,0.0030208724148056082,0.020812431082135582,1.9778036078618475,2.313619736881728,0.7406559103962841
0.5820000000000001,-78.64118646964224,1082.7363926016017,113.38388989238352,2222.9540788797303,17.685494882541235,0.017724798040210887,0.0030404484267638797,0.020765246466974766,2.0097065493560065,2.3544444189996727,0.7389767425969668
0.5830000000000001,-78.59562964946176,1104.0042894336013,115.61105884054072,2231.3191559180927,17.41669962987137,0.017658067097756223,0.0030600999634366475,0.02071816706119287,2.0414678342489108,2.3952492311797213,0.7373013189036608
0.5840000000000001,-78.54918502842368,1125.3502181376018,117.84639926722535,2239.297421973373,17.152674823044695,0.01759137446818664,0.0030798236015591443,0.020671198069745784,2.0730801392371965,2.4360262610591596,0.7356298245461133
0.5850000000000001,-78.501849432,1146.7704960000015,120.08952551957094,2246.891193279,16.893404367907177,0.01752472488429204,0.0030996159383040013,0.02062434082259604,2.104535896215649,2.476767303539476,0.7339623068539517
0.5860000000000001,-78.45361983864832,1168.2614624256016,122.34005426094461,2254.1027860684076,16.63886339281746,0.017458119586411112,0.003119473591281256,0.020577593177692366,2.135827297495595,2.5174638659185278,0.7322986895975931
0.5870000000000001,-78.40449337889024,1189.8194789376016,124.59760447094683,2260.934516575025,16.389019190789337,0.017391556697297868,0.003139393198538344,0.02053094989583621,2.166946302503966,2.558107174534227,0.7306387863286907
0.5880000000000001,-78.35446733438975,1211.4409291776017,126.86179744541153,2267.388701032287,16.143832093478853,0.017325031569870086,0.0031593714185601043,0.02048440298843019,2.197884645752219,2.5986881827084134,0.7289823127555228
0.5890000000000001,-78.30353913703168,1233.1222189056018,129.13225679640612,2273.4676556736226,15.903256279795938,0.017258537108945652,0.0031794049302687763,0.020437942039214427,2.2286338458826744,2.639197579797902,0.7273288981926842
0.5900000000000001,-78.251706368,1254.8597760000018,131.4086084522313,2279.1736967324646,15.667240522121059,0.017192064068152726,0.003199490433024002,0.020391554501176728,2.2591852156175567,2.6796258011774676,0.7256780961272857
0.5910000000000001,-78.19896675685632,1276.6500504576018,133.69048065742135,2284.5091404422437,15.43572887323969,0.01712560132325228,0.0032196246466228242,0.020345225969875105,2.2895298724529685,2.7199630389964544,0.7240293939457333
0.5920000000000001,-78.14531818061823,1298.489514393602,135.97750397274393,2289.4763030363933,15.208661297181564,0.01705913612314109,0.003239804311299688,0.020298940434440776,2.3196587499559973,2.7601992535666633,0.7223822218662198
0.5930000000000001,-78.09075866283776,1320.374662041602,138.2693112752001,2294.0775007483435,14.985974247177394,0.016992654319813352,0.0032600261877264404,0.020252680507539794,2.349562609538146,2.800324185254197,0.7207359611224126
0.5940000000000001,-78.03528637267968,1342.302009753602,140.56553775802436,2298.315049811526,14.767601193930634,0.01692614057855341,0.0032802870570123287,0.020206427635565738,2.3792320525922777,2.840327366761903,0.7190899514436205
0.595,-77.97889962400001,1364.2680959999993,142.86582093068444,2302.1912664593733,14.553473107354701,0.016859578569612836,0.0033005837207039992,0.020160162290316835,2.408657532893112,2.880198135701942,0.717443497876044
0.596,-77.92159687442432,1386.2694813695994,145.1698006188822,2305.708466925316,14.343518894851044,0.01679295114259578,0.0033209130007855097,0.020113864143381288,2.4378293691732593,2.9199256473699453,0.715795876988658
0.597,-77.86337672442625,1408.3027485695998,147.47711896455226,2308.8689674427874,14.1376657991099,0.01672624048473885,0.00334127173967831,0.02006751222441716,2.466737757797542,2.9594988876429764,0.7141463425059488
0.598,-77.80423791640577,1430.3645024255995,149.7874204258628,2311.675084245218,13.935839758303324,0.016659428264227352,0.003361656800241254,0.020021085064468605,2.495372785468324,2.9989066859335214,0.7124941304081354
0.599,-77.74417933376768,1452.4513698815995,152.10035177721548,2314.129133566039,13.737965731419706,0.016592495759641796,0.0033820650657705982,0.019974560825412394,2.5237244419034734,3.0381377281406126,0.7108384635378076
0.6,-77.6832,1474.5599999999995,154.41556210924546,2316.2334316386823,13.543967991357524,0.016525423976576182,0.0034024934399999995,0.01992791741657618,2.5517826324366135,3.077180569547233,0.709178555750042
0.601,-77.62129907775233,1496.6870639615995,156.73270282882126,2317.990294696581,13.353770388261818,0.016458193752416278,0.003422938847100518,0.019881132599516797,2.579537190496623,3.1160236476204566,0.7075136156411671
0.602,-77.55847586791424,1518.8292550655997,159.05142765904486,2319.4020389731645,13.16729658544947,0.01639078585021127,0.0034433982316806142,0.019834184081891887,2.606977889929774,3.1546552946772066,0.7058428498893909
0.603,-77.49472980869376,1540.9832887295997,161.37139263925164,2320.4709807018653,12.98447027013167,0.016323181042517603,0.0034638685587861503,0.019787049601303754,2.634094457133697,3.1930637503843355,0.7041654662385678
0.604,-77.43006047469568,1563.1459024895998,163.69225612501046,2321.1994361161155,12.805215341005152,0.016255360186039135,0.0034843468139003904,0.019739706999939526,2.6608765829774157,3.231237174066763,0.7024806761544315
0.605,-77.364467576,1585.3138559999998,166.01367878812354,2321.589721449347,12.629456074651365,0.016187304287835286,0.0035048300029439997,0.019692134290779286,2.687313934486302,3.2691636568020255,0.7007876971807575
0.606,-77.29795095724032,1607.4839310336,168.33532361662665,2321.644152934991,12.457117272551585,0.016118994563816474,0.003525315152275046,0.019644309716091518,2.7133961662746917,3.306831233283509,0.6990857550210504
0.607,-77.23051059668224,1629.6529314815998,170.6568559147888,2321.365046806478,12.28812439040178,0.016050412490196862,0.0035457993086889985,0.019596211798885863,2.7391129317124525,3.344227893438149,0.6973740853696037
0.608,-77.16214660530176,1651.8176833536,172.97794330311268,2320.754719297241,12.122403651290377,0.015981539848526398,0.003566279539418726,0.019547819387945125,2.764453893814835,3.3813415937874587,0.6956519355140613
0.609,-77.09285922586368,1673.9750347775998,175.2982557183342,2319.815486640712,11.959882144187693,0.015912358764878464,0.0035867529321345023,0.019499111697012968,2.7894087358475415,3.4181602685433408,0.6939185657299989
0.61,-77.022648832,1696.1218559999998,177.61746541342282,2318.549665070321,11.800487909087105,0.0158428517437265,0.0036072165949439998,0.0194500683386705,2.813967171641327,3.4546718404325176,0.6921732504864946
0.611,-76.95151592728833,1718.2550393855997,179.93524695758137,2316.959570819502,11.644150010035089,0.015773001697001736,0.003627667656392294,0.01940066935339403,2.8381189556123574,3.4908642312453355,0.6904152794802146
0.612,-76.87946114433024,1740.3714994175994,182.2512772362461,2315.0475201216836,11.490798597190711,0.01570279196878585,0.003648103265461862,0.01935089523424771,2.861853892486289,3.526725372106433,0.6886439585141534
0.613,-76.80648524382975,1762.4681726975998,184.56523545108686,2312.8158292102994,11.340364958964,0.01563220635605622,0.0036685205915725824,0.0193007269476288,2.8851618467254925,3.5622432134662465,0.6868586102359003
0.614,-76.73258911367168,1784.5420179456,186.8768031200067,2310.266814318781,11.192781565197643,0.015561229125867316,0.0036889168245817345,0.01925014595044905,2.9080327516600204,3.5974057348134614,0.6850585747490765
0.615,-76.657773768,1806.5900159999999,189.1856640771422,2307.40279168056,11.04798210227726,0.01548984502932067,0.003709289174784,0.01919913420410467,2.930456618324051,3.632200954109717,0.6832432101104865
0.616,-76.58204034629632,1828.6091698175996,191.49150447286337,2304.226077529068,10.905901500981333,0.01541803931264601,0.003729634872911462,0.019147674185557472,2.952423544000337,3.6666169369486092,0.6814118927244652
0.617,-76.50539011245824,1850.5965044736,193.79401277377374,2300.738988097736,10.766475957813247,0.015345797725688982,0.0037499511701336065,0.01909574889582259,2.9739237204759186,3.7006418054418186,0.679564017644932
0.618,-76.42782445387776,1872.5490671615996,196.09287976271006,2296.9438396199953,10.62964295049433,0.015273106528075668,0.003770235338057318,0.019043341866132987,2.9949474420130042,3.7342637468357984,0.6776989987947682
0.619,-76.34934488051968,1894.4639271936003,198.38779853874277,2292.8429483292794,10.495341248237601,0.015199952493300369,0.0037904846687268866,0.018990437162027255,3.0154851130393343,3.7674710218629173,0.6758162691112902
0.62,-76.269953024,1916.3381759999995,200.67846451717543,2288.4386304590184,10.363510917367735,0.015126322910961706,0.0038106964746239995,0.018937019385585705,3.0355272555627666,3.800251972831324,0.6739152806258258
0.621,-76.18965063666433,1938.1689271296,202.9645754295454,2283.7332022426444,10.234093322802247,0.015052205587351979,0.0038308680886677505,0.01888307367601973,3.055064516315125,3.8325950314581694,0.6719955044846879
0.622,-76.10843959066624,1959.9533162496,205.2458313236232,2278.7289799135892,10.107031125862779,0.0149775888445863,0.00385099686421463,0.01882858570880093,3.0740876736305403,3.864488726450938,0.6700564309181826
0.623,-76.02632187704576,1981.6885011455997,207.5219345634128,2273.428279705284,9.982268278842708,0.014902461518441112,0.0038710801750585343,0.018773541693499644,3.092587644063714,3.895921690841935,0.6680975691636885
0.624,-75.94329960480768,2003.3716617215991,209.79258982915175,2267.8334178511604,9.859750016718081,0.014826812955056081,0.0038911154154307576,0.018717928370486837,3.1105554887536337,3.926882669080988,0.6661184473482861
0.625,-75.859375,2025.0,212.05750411731103,2261.946710584651,9.739422846353127,0.014750633006639098,0.0039111,0.0186617330066391,3.1279824195383146,3.9573605238915297,0.664118612335911
0.626,-75.77455040479232,2046.5707401216002,214.31638674059482,2255.7704741391867,9.621234533518487,0.014673912026300993,0.003931031363872359,0.01860494339017335,3.144859804826189,3.987344242895265,0.6620976295435356
0.627,-75.68882827655423,2068.0811283456,216.5689493279409,2249.3070247481987,9.505134088010161,0.01459664086213457,0.0039509069625913345,0.018547547824725903,3.1611791752297735,4.016822945010625,0.6600550827304592
0.628,-75.60221118693376,2089.5284330496006,218.81490582452057,2242.5586786451195,9.391071747129704,0.014518810850641571,0.0039707242721378315,0.018489535122779403,3.176932228967163,4.04578588663014,0.6579905737643915
0.629,-75.51470182093568,2110.9099447296,221.05397249173822,2235.52775206338,9.278998957760605,0.014440413809601094,0.003990480788930151,0.018430894598531245,3.1921108370368767,4.074222467581852,0.6559037223676599
0.63,-75.426302976,2132.222976,223.28586790723222,2228.216561236413,9.168868357253203,0.014361442030463956,0.004010174029824,0.018371616060287956,3.206707048171548,4.1021222368798425,0.6537941658465465
0.631,-75.33701756108032,2153.4648615936,225.5103129648738,2220.6274223976484,9.060633753308968,0.014281888270348882,0.004029801532112486,0.018311689802461367,3.2207130935757364,4.129474898268751,0.6516615588064544
0.632,-75.24684859572224,2174.6329583616002,227.72703087476805,2212.7626517805193,8.954250103036014,0.014201745743708975,0.004049360853526119,0.018251106597235094,3.234121391453219,4.156270315567239,0.6495055728553414
0.633,-75.15579920914176,2195.7246452736003,229.93574716325327,2204.624565618457,8.849673491330234,0.014121008113729837,0.004068849572232807,0.018189857685962645,3.246924551328832,4.182498517815066,0.6473258962976031
0.634,-75.06387263930368,2216.7373234176,232.1361896729011,2196.215480144893,8.746861108720308,0.014039669483514379,0.004088265286837862,0.018127934770352242,3.2591153781699354,4.208149704228467,0.6451222338203645
0.635,-74.971072232,2237.668416000001,234.32808856251705,2187.537711593259,8.645771228800552,0.013957724387103633,0.004107605616384001,0.018065330003487635,3.2706868763124244,4.233214248968347,0.6428943061739372
0.636,-74.87740143992832,2258.5153683455997,236.5111763071394,2178.5935761969854,8.546363185362194,0.013875167780377581,0.004126868200351334,0.018002035980728914,3.281632253196022,4.257682705725643,0.6406418498480041
0.637,-74.78286382177023,2279.2756478976003,238.68518769804055,2169.385390189506,8.448597349321712,0.013791995031875233,0.004146050698657383,0.017938045730532617,3.291944922913583,4.281545812128212,0.638364616744933
0.638,-74.68746304126975,2299.946744217601,240.84985984272592,2159.9154698042516,8.352435105534157,0.013708201913568937,0.004165150791657064,0.017873352705226,3.3016185095788657,4.304794493973288,0.6360623738514591
0.639,-74.59120286631168,2320.5261689856,243.0049321649343,2150.1861312746523,8.257838829569138,0.013623784591623828,0.004184166180142695,0.01780795077176652,3.3106468505172253,4.327419869289613,0.6337349029098406
0.64,-74.494087168,2341.011456,245.1501464046382,2140.1996908341425,8.1647718645185,0.013538739617169934,0.004203094585344,0.017741834202513934,3.319023999283485,4.349413252233108,0.6313820000894639
0.641,-74.39611991973632,2361.4001611776002,247.28524661804343,2129.9584647161523,8.073198497896538,0.013453063917111008,0.0042219337489281025,0.01767499766603911,3.326744228511097,4.3707661568198235,0.6290034756597548
0.642,-74.29730519629824,2381.6898625536005,249.4099791775892,2119.464769154113,7.98308393868605,0.013366754784991483,0.0042406814329995265,0.01760743621799101,3.3338020325966666,4.3914703004998685,0.6265991536651605
0.643,-74.19764717291775,2401.8781602816002,251.52409277194806,2108.7209203814573,7.8943942945770935,0.01327980987194005,0.004259335420100199,0.01753914529204025,3.3401921302236808,4.411517607575807,0.6241688716028558
0.644,-74.09715012435967,2421.9626766335996,253.6273384060263,2097.7292346316153,7.807096549439205,0.01319222717770613,0.004277893513209446,0.017470120690915577,3.3459094667292497,4.430900212468967,0.6217124801037572
0.645,-73.99581842399999,2441.9410560000006,255.71946940096345,2086.492028138021,7.721158541062355,0.013104005041803308,0.0042963535357440005,0.017400358577547306,3.3509492163174914,4.4496104628369,0.6192298426173418
0.646,-73.89365654290432,2461.8109648896,257.8002413941323,2075.0116171341037,7.636548939197175,0.01301514213477177,0.004314713331557991,0.01732985546632976,3.355306784123105,4.467640922545235,0.6167208351007032
0.647,-73.79066904890624,2481.5700919296005,259.86941233913933,2063.2903178532956,7.553237223920264,0.012925637449570185,0.004332970764942951,0.017258608214513138,3.3589778081285755,4.484984374496972,0.6141853457122113
0.648,-73.68686060568575,2501.216147865601,261.92674250582445,2051.3304465290294,7.471193664346886,0.012835490293105718,0.004351123720627815,0.017186614013733535,3.3619581609383107,4.5016338233221775,0.6116232745100902
0.649,-73.58223597184768,2520.7468655616008,263.9719944802608,2039.134319394736,7.390389297709211,0.012744700277909546,0.004369170103778919,0.017113870381688465,3.3642439514129165,4.517582497930966,0.6090345331561732
0.65,-73.4768,2540.1600000000003,266.004933164755,2026.704252683847,7.3107959088155,0.012653267313963917,0.0043871078400000004,0.017040375153963918,3.365831526166751,4.532823853932524,0.6064190446250505
0.651,-73.37055763583231,2559.4533282816,268.02532577784734,2014.0425626297942,7.232386009902561,0.012561191600685705,0.004404934875332198,0.016966126476017904,3.366717470931746,4.5473515759228595,0.6037767429187866
0.652,-73.26351391719425,2578.6246496256003,270.03294185431133,2001.151565466009,7.15513282089122,0.01246847361907031,0.004422649176254055,0.016891122795324363,3.3668986117904276,4.561159579643856,0.601107572787344
0.653,-73.15567397317376,2597.6717853696005,272.02755324515397,1988.0335774259233,7.079010250052206,0.012375114123998845,0.0044402487296815105,0.016815362853680356,3.3663720162809527,4.574242014016117,0.5984114894548169
0.654,-73.04704302317568,2616.5925789696007,274.0089341176156,1974.6909147429687,7.003992875087965,0.012281114136710859,0.0044577315429679115,0.01673884567967877,3.365134994376923,4.586593263048035,0.5956884583515577
0.655,-72.937626376,2635.384896,275.97686095517,1961.1258936505767,6.930055924633864,0.01218647493744386,0.004475095643904,0.01666157058134786,3.363185099344608,4.59820794762339,0.592938454852237
0.656,-72.82742942892031,2654.0466241536,277.9311125575247,1947.340830382179,6.857175260180704,0.01209119805824055,0.004492339080717927,0.01658353713895848,3.3605201284801787,4.609080927169761,0.5901614640198747
0.657,-72.71645766676224,2672.5756732416007,279.87147004062024,1933.3380411712074,6.7853273584191065,0.01199528527592385,0.0045094599220752395,0.01650474519799909,3.3571381237294147,4.619207301209873,0.5873574803558396
0.658,-72.60471666098175,2690.969975193601,281.7977168366308,1919.1198422510934,6.71448929400486,0.011898738605239467,0.004526456257078888,0.016425194862318353,3.3530373721923588,4.62858241079807,0.5845265075558133
0.659,-72.49221206874367,2709.227484057601,283.70963869396394,1904.6885498552685,6.644638722743402,0.011801560292165208,0.004543326195269223,0.01634488648743443,3.3482164065152227,4.6372018398438755,0.5816685582716878
0.66,-72.378949632,2727.3461760000005,285.60702367726054,1890.0464802171643,6.575753865190412,0.011703752807385854,0.004560067866624001,0.016263820674009853,3.342674005171856,4.645061416324651,0.5787836538793542
0.661,-72.26493517656832,2745.3240493056005,287.48966216739524,1875.195949570213,6.5078134906648,0.011605318839932148,0.004576679421558375,0.016181998261490523,3.3364091926370003,4.6521572133892874,0.5758718242523317
0.662,-72.15017461121023,2763.159124377601,289.3573468614759,1860.139274147846,6.44079690166955,0.011506261290982027,0.004593159030924904,0.01609942032190693,3.3294212394534597,4.658485550354718,0.5729331075411719
0.663,-72.03467392670976,2780.8494437376003,291.2098727728436,1844.8787701834945,6.3746839187151725,0.011406583267822075,0.004609504886013542,0.016016088153835616,3.321709662195313,4.664042993597117,0.5699675499585628
0.664,-71.91843919495167,2798.3930720256003,293.0470372310733,1829.4167539105902,6.309454865540012,0.011306288077966874,0.004625715198551655,0.01593200327651853,3.313274223329199,4.6688263573395075,0.5669752055700544
0.665,-71.801476568,2815.788096000001,294.86863988197314,1813.7555415625654,6.245090554721293,0.011205379223433818,0.004641788200704001,0.015847167424137817,3.30411493097565,4.67283270433743,0.5639561360903138
0.666,-71.68379227717631,2833.032624537601,296.6744826875846,1797.897449372851,6.181572273670061,0.01110386039517066,0.004657722145072743,0.015761582540243402,3.294232038572414,4.676059346464377,0.5609104106848186
0.667,-71.56539263213824,2850.124788633601,298.4643699261827,1781.8447935748795,6.118881771003235,0.011001735467633162,0.0046735153046974474,0.01567525077233061,3.283626044441669,4.6785038451985645,0.5578381057768901
0.668,-71.44628401995776,2867.0627414016008,300.23810819227606,1765.5998904020807,6.05700124328534,0.010899008493509749,0.00468916597305508,0.015588174466564828,3.272297691262916,4.680164012012566,0.5547393048599583
0.669,-71.32647290419968,2883.8446580736013,301.99550639660646,1749.1650560878888,5.995913322132606,0.010795683698590451,0.0047046724640600075,0.015500356162650459,3.260247965453413,4.681037908667385,0.551614098314963
0.67,-71.20596582399999,2900.4687360000007,303.7363757661492,1732.542606865734,5.93560106167162,0.010691765476776801,0.004720033112064001,0.015411798588840802,3.2474780964578196,4.6811238474123575,0.5484625832327688
0.671,-71.08476939314431,2916.933194649601,305.46052984411307,1715.7348589690478,5.876047926344821,0.010587258385229833,0.004735246271856231,0.015322504657086063,3.233989555948834,4.680420391092399,0.5452848632414969
0.672,-70.96289029914624,2933.2362756096004,307.16778448994023,1698.7441286312624,5.81723777905491,0.01048216713965288,0.004750310318663271,0.01523247745831615,3.219784056940429,4.678926353163928,0.542081048338653
0.673,-70.84033530232576,2949.3762425856007,308.85795787930635,1681.572732085809,5.7591548696402235,0.010376496609706075,0.004765223648149095,0.015141720257855169,3.204863552815364,4.6766407976208715,0.5388512547279419
0.674,-70.71711123488768,2965.3513814016014,310.5308705041205,1664.2229855661192,5.701783823673112,0.010270251814549361,0.0047799846764150795,0.01505023649096444,3.1892302362685365,4.673563038832068,0.5355956046606563
0.675,-70.59322499999999,2981.1600000000003,312.18634517252497,1646.6972053056252,5.645109631573246,0.010163437918510822,0.004794591840000001,0.014958029758510823,3.1728865381677482,4.66969264129136,0.5323142262815239
0.676,-70.46868357087232,2996.8004284416,313.8242070088959,1628.9977075377578,5.589117638027994,0.010056060226877174,0.004809043595880039,0.014865103822757212,3.1558351263334266,4.665029419281689,0.5290072534789043
0.677,-70.34349398983423,3012.2710189056006,315.4442834538425,1611.1268084959502,5.533793531711796,0.009948124181803252,0.004823338421468775,0.014771462603272027,3.1380789042387702,4.659573436454376,0.5256748257392181
0.678,-70.21766336741375,3027.570145689601,317.0464042642077,1593.0868244136323,5.4791233352967845,0.009839635358337333,0.004837474814617191,0.014677110172954524,3.1196210096318104,4.653325005324855,0.522317088005499
0.679,-70.09119888141568,3042.6962052096005,318.6304015130674,1574.8800715242357,5.425093395746751,0.009730599460559255,0.004851451293613671,0.014582050754172926,3.1004648130808325,4.646284686686047,0.5189341905399618
0.68,-69.96410777599999,3057.647616000001,320.1961095897316,1556.5088660611937,5.371690374886769,0.009621022317828184,0.004865266397184001,0.014486288715012185,3.0806139164445665,4.638453288940533,0.5155262887904692
0.681,-69.83639736076032,3072.4228187136005,321.7433651997431,1537.975524257937,5.318901240240866,0.009510909881137028,0.004878918684491367,0.014389828565628395,3.060072151268516,4.629831867352672,0.512093543260797
0.682,-69.70807500980223,3087.0202761216005,323.2720073648785,1519.2823623478969,5.266713256130226,0.009400268219570532,0.004892406735136359,0.014292674954706892,3.0388435771088385,4.6204217232218205,0.5086361193845869
0.683,-69.57914816082175,3101.438473113601,324.7818774231478,1500.4316965645055,5.215113975024489,0.009289103516864069,0.004905729149156967,0.014194832666021036,3.016932479785077,4.610224402977739,0.5051541874028839
0.684,-69.44962431418367,3115.6759166976008,326.27281902879423,1481.4258431411943,5.164091229138946,0.009177422068060274,0.004918884547028583,0.014096306615088858,2.9943433695630923,4.5992416971992816,0.5016479222451551
0.685,-69.319511032,3129.731136000001,327.7446781522947,1462.2671183113948,5.11363312227045,0.009065230276260649,0.004931871569664001,0.01399710184592465,2.9710809792694834,4.587475639557464,0.4981175034136886
0.686,-69.18881593720832,3143.6026822656004,329.1973030803593,1442.957838308539,5.063728021865017,0.008952534649469364,0.004944688878413415,0.01389722352788278,2.947150262338784,4.5749285056839275,0.4945631148712733
0.687,-69.05754671265024,3157.2891288576016,330.6305444159319,1423.5003193660577,5.01436455131035,0.008839341797526545,0.004957335155064423,0.013796676952590969,2.922556390794704,4.5616028119658925,0.49098494493206296
0.6880000000000001,-68.92571110014975,3170.7890712576004,332.04425507818934,1403.8968777173839,4.965531582446468,0.008725658429128374,0.004969809101842023,0.013695467530970397,2.897304753166655,4.547501314268595,0.48738318615553017
0.6890000000000001,-68.79331689959167,3184.1011270656013,333.43829030254244,1384.1498295959482,4.9172182282879096,0.008611491348931301,0.004982109441408616,0.013593600790339916,2.871400952342788,4.532627006586231,0.4837580352434134
0.6900000000000001,-68.66037196799999,3197.223936000001,334.81250764063486,1364.261491235183,4.869413835951122,0.008496847454737982,0.004994234916864001,0.013491082371601983,2.8448508033607696,4.516983119622424,0.48010969293957234
0.6910000000000001,-68.52688421861632,3210.156159897601,336.16676696034415,1344.2341788685192,4.822107979780712,0.008381733734762274,0.005006184291745383,0.013387918026507658,2.8176603311374846,4.50057311930119,0.47643836393265687
0.6920000000000001,-68.39286161997823,3222.8964827136006,337.500930445781,1324.0702087293882,4.775290454668452,0.00826615726497097,0.005017956350027367,0.013284113614998337,2.789835768138855,4.483400705209407,0.47274425676150666
0.6930000000000001,-68.25831219499776,3235.443610521601,338.8148625972899,1303.771897051223,4.728951269559081,0.008150125206499836,0.005029549896121959,0.013179675102621795,2.7613835519909506,4.465469808971726,0.46902758372319553
0.6940000000000001,-68.12324402003966,3247.796271513601,340.1084302314483,1283.3415600674539,4.68308064113705,0.008033644803141629,0.005040963754878567,0.013074608558020196,2.7323103230335324,4.446784592558909,0.46528856078363684
0.6950000000000001,-67.987665224,3259.953216000001,341.3815024810674,1262.781514011513,4.6376689876885635,0.007916723378903909,0.005052196771584001,0.012968920150487909,2.702622921817209,4.427349446530553,0.4615274074906729
0.6960000000000001,-67.85158398738432,3271.9132164096013,342.6339507951918,1242.094075116832,4.592706923133333,0.007799368335634328,0.005063247811962471,0.0128626161475968,2.6723283865453094,4.4071689882131215,0.45774434688956583
0.6970000000000001,-67.71500854138623,3283.675067289601,343.86564893909934,1221.2815596168425,4.548185251220728,0.00768158715071136,0.0050741157621755914,0.01275570291288695,2.641433950461609,4.386248059814231,0.45393960544081674
0.6980000000000001,-67.57794716696574,3295.237585305601,345.07647299430147,1200.3462837449765,4.504094959885017,0.007563387374798329,0.005084799528822376,0.012648186903620705,2.609947039185036,4.364591726474147,0.4501134129402386
0.6990000000000001,-67.44040819392767,3306.5996092416012,346.26630135854316,1179.2905637346648,4.460427215754608,0.007444776629658684,0.00509529803893924,0.012540074668597924,2.5778752679924333,4.342205274255362,0.44626600244120723
0.7000000000000001,-67.30239999999999,3317.76,347.43501474580245,1158.1167158193398,4.417173358810374,0.007325762606030639,0.005105610240000001,0.012431372846030641,2.5452264390505035,4.319094208071224,0.44239761017902635
0.7010000000000001,-67.16393100991232,3328.7176406016006,348.5824961862912,1136.8270562324328,4.374324897188153,0.00720635306155914,0.005115735099915879,0.01232208816147502,2.512008538598007,4.29526424955451,0.43850847549733163
0.7020000000000001,-67.02500969447422,3339.4714361856004,349.7086310264546,1115.4239012073758,4.3318735021208115,0.007086555818783382,0.005125671607035495,0.012212227425818876,2.4782297340792927,4.270721334866843,0.43459884077647243
0.7030000000000001,-66.88564456965375,3350.0203140096,350.81330692897103,1093.9095669775995,4.289811003015263,0.0069663787631780005,0.005135418770144871,0.012101797533322871,2.4438983712302296,4.245471612449861,0.43066895136380323
0.7040000000000001,-66.74584419565566,3360.363223449601,351.8964138727527,1072.2863697765367,4.248129382659981,0.006845829841246234,0.005144975618467431,0.011990805459713665,2.4090229711176256,4.219521440719062,0.4267190555058244
0.7050000000000001,-66.605617176,3370.499136000002,352.95784415294503,1050.5566258376184,4.206820772558807,0.00672491705866327,0.005154341201664002,0.011879258260327272,2.373612227133152,4.192877385701178,0.42274940428210933
0.7060000000000001,-66.46497215660031,3380.4270452736005,353.9974923809265,1028.7226513942767,4.165877448386737,0.006603648478468186,0.005163514589832807,0.011767163068300994,2.3376750019428583,4.165546218616001,0.41876025154096064
0.7070000000000001,-66.32391782484223,3390.1459670016015,355.0152554843099,1006.7867626799423,4.12529182556372,0.0064820322193028,0.00517249487350948,0.01165452709281228,2.3012203243933116,4.137534913403563,0.41475185383673596
0.7080000000000001,-66.18246290866175,3399.6549390336,356.01103270694045,984.7512759280477,4.08505645494249,0.0063600764536959325,0.005181281163667046,0.011541357617362979,2.2642573863753843,4.108850644197508,0.4107244703687893
0.7090000000000001,-66.04061617562367,3408.9530213376006,356.98472560889786,962.6185073720242,4.045164018606586,0.006237789406391477,0.0051898725917159435,0.011427661998107422,2.2267955396467514,4.079500782745607,0.4066783629219723
0.7100000000000001,-65.89838643199998,3418.0392960000004,357.9362380664943,940.3907732453035,4.005607325774865,0.006115179352718865,0.005198268309504,0.011313447662222864,2.18884429261409,4.049492895778227,0.40261379580864287
0.7110000000000001,-65.75578252184832,3426.9128672256006,358.86547627227606,918.0703897813172,3.9663793088089143,0.005992254617004459,0.005206467489316455,0.011198722106320913,2.1504133070760503,4.018834742325721,0.3985310358121322
0.7120000000000001,-65.61281332609023,3435.5728613376,359.7723487350223,895.6596732134972,3.9274730193197795,0.005869023571022479,0.005214469323875943,0.011083492894898423,2.1115123949279657,3.9875342709855377,0.3944303521316165
0.7130000000000001,-65.46948776158975,3444.018426777601,360.65676627974625,873.1609397752749,3.8888816243707365,0.005745494632484128,0.005222273026342503,0.010967767658826632,2.0721515148293648,3.9555996171399963,0.3903120163283499
0.7140000000000001,-65.32581478023167,3452.2487341056003,361.5186420476939,850.5765057000818,3.85059840277268,0.005621676263563566,0.005229877830313575,0.010851554093877142,2.032340768835254,3.923039100125558,0.38617630227320787
0.7150000000000001,-65.18180336799999,3460.262976000001,362.35789149634525,827.9086872213497,3.812616741469016,0.005497576969459521,0.005237282989824001,0.010734859959283522,1.9920903989922196,3.8898612203545198,0.382023486095499
0.7160000000000001,-65.03746254405631,3468.0603672576003,363.17443239941326,805.1598005725104,3.7749301320069013,0.005373205296991229,0.0052444877793460225,0.010617693076337252,1.9514107839003105,3.8560746563899615,0.3778538461329983
0.7170000000000001,-64.89280135981822,3475.6401447936,363.9681848468446,782.3321619869955,3.737532167091846,0.005248569833227553,0.005251491493789286,0.010500061327016839,1.9103124352417384,3.8216882619748693,0.3736676628831615
0.7180000000000001,-64.74782889803775,3483.001567641601,364.73907124481957,759.4280876982363,3.700416537222747,0.005123679204148107,0.00525829344850084,0.010381972652648947,1.868805994277377,3.7867110630162926,0.3694652189554785
0.7190000000000001,-64.60255427187967,3490.1439169535997,365.48701631575113,736.4498939396645,3.6635770274044788,0.004998542073335245,0.005264892979265126,0.01026343505260037,1.826902228312047,3.7511522545254037,0.3652467990249242
0.7200000000000001,-64.456986624,3497.0664960000004,366.2119470982867,713.3998969447122,3.6270075139353715,0.0048731671406958285,0.005271289442304001,0.010144456582999829,1.78461202712961,3.7150211975143996,0.3610126897864708
0.7210000000000001,-64.3111351256243,3503.7686301696003,366.9137929473063,690.2804129468108,3.590701961266804,0.0047475631412117044,0.005277482214276711,0.010025045355488416,1.7419463993988145,3.6783274158510317,0.3567631799106198
0.7220000000000001,-64.16500897562622,3510.2496669696,367.59248553392376,667.0937581793918,3.554654418932417,0.004621738843717874,0.005283470692279911,0.009905209535997784,1.698916469050936,3.641080593071749,0.35249855999992113
0.7230000000000001,-64.01861739960574,3516.508976025601,368.24795884548644,643.8422488758868,3.5188590185443447,0.004495703049707334,0.005289254293847655,0.009784957343554989,1.6555334716301542,3.603290569154278,0.3482191225464409
0.7240000000000001,-63.871969648967664,3522.5459490816006,368.88014918557474,620.5282012697277,3.4833099708541164,0.004369464592161647,0.005294832456951399,0.009664297049113046,1.6118087506176748,3.56496733725053,0.343925161890144
0.7250000000000001,-63.72507499999999,3528.360000000001,369.4889951740028,597.1539315943457,3.4480015628757723,0.004243032334406264,0.005300204640000001,0.009543236974406264,1.567753753730574,3.5261210403807612,0.33961697417815884
0.7260000000000001,-63.57794275295231,3533.9505647616006,370.07443774681815,573.7217560831731,3.4129281550689807,0.004116415168989724,0.005305370321839719,0.009421785490829443,1.5233800291963455,3.4867619680898354,0.3352948573248912
0.727,-63.43058223111424,3539.3171014656,370.63642015630165,550.2339909696435,3.3780841785798774,0.003989622016585827,0.005310329001754214,0.009299951018340042,1.4786992220041362,3.4469005530665053,0.3309591109729552
0.728,-63.28300277989376,3544.4590903296003,371.17488797096775,526.6929524871839,3.343464132537476,0.0038626618249178687,0.005315080199464551,0.009177742024382419,1.4337230701336237,3.406547367726587,0.32661003645489034
0.729,-63.135213765895685,3549.376033689599,371.6897890755641,503.100956869228,3.3090625814035945,0.0037355435677042716,0.005319623455129189,0.00905516702283346,1.388463400762581,3.3657131207609723,0.3222479367556392
0.73,-62.987224576,3554.0674559999998,372.18107367107217,479.4603203492078,3.2748741523742098,0.003608276243624582,0.005323958329344,0.008932234572968583,1.3429321264540202,3.3244086536493183,0.3178731164757503
0.731,-62.83904461644032,3558.5329038335994,372.6486942747063,455.77335916055466,3.2408935328303166,0.003480868875305199,0.005328084403142246,0.008808953278447443,1.2971412413239478,3.2826449371403332,0.3134858817952827
0.732,-62.690683311882246,3562.7719458815995,373.09260571991484,432.0423895367006,3.207115467836347,0.003353330508324034,0.005332001277994598,0.008685331786318633,1.2511028171907006,3.2404330676996214,0.3090865404383855
0.733,-62.542150104501765,3566.7841729536003,373.5127651563792,408.26972771107694,3.173534757684325,0.0032256702102333593,0.005335708575809127,0.008561378786042486,1.2048289997068211,3.197784263925894,0.30467540163852264
0.734,-62.39345445306368,3570.5691979775997,373.9091320500142,384.45768991711543,3.1401462554819473,0.003097897069600135,0.005339205938931302,0.008437103008531437,1.158332004474469,3.1547098629365533,0.3002527761043216
0.735,-62.244605832000005,3574.1266560000004,374.2816681829685,360.60859238824776,3.1069448647828435,0.0029700201950631205,0.005342493030144,0.00831251322520712,1.1116241131453302,3.1112213167235088,0.29581897598601853
0.736,-62.095613730488324,3577.4562041855997,374.63033765362354,336.7247513579056,3.0739255372573324,0.0028420487144060966,0.005345569532667494,0.008187618247073591,1.0647176695060028,3.067330188480149,0.29137431484247656
0.737,-61.94648765153024,3580.5575218176004,374.955106876595,312.8084830595202,3.041083270402043,0.0027139917736465537,0.005348435150159463,0.008062426923806017,1.017625075549843,3.023048148900422,0.28691910760875505
0.738,-61.79723711102976,3583.4303102976,375.2559445827311,288.8621037265236,3.0084131052868073,0.002585858536139211,0.005351089606714982,0.007936948142854193,0.9703587875362379,2.978386972450904,0.28245367056420617
0.739,-61.647871636871685,3586.0742931456,375.53282181911425,264.8879295923474,2.9759101243372856,0.002457658181693746,0.0053535326468665346,0.00781119082856028,0.9229313120382858,2.9333585336168273,0.2779783213010776
0.74,-61.49840076800001,3588.489216,375.7857119490599,240.88827689042319,2.9435694491518376,0.002329399905706161,0.005355764035584,0.0076851639412901605,0.8753552019798626,2.8879748031229657,0.2734933786936
0.741,-61.34883405349632,3590.6748466176,376.01459065211696,216.86546185418257,2.911386238351197,0.00220109291830319,0.005357783558274662,0.007558876476577853,0.8276430526630475,2.8422478441303376,0.2689991628675392
0.742,-61.19918105165824,3592.6309748736003,376.21943592406797,192.82180071705724,2.8793556854595685,0.0020727464434992186,0.005359591020783207,0.007432337464282426,0.7798074977868941,2.7961898084096517,0.26449599517019307
0.743,-61.049451329077755,3594.3574127615993,376.4002280769285,168.75960971247875,2.847473016815744,0.001944369718365141,0.005361186249391718,0.007305555967756859,0.7318612054585123,2.749812932492448,0.25998419814081347
0.744,-60.89965445971968,3595.8539943936003,376.5569497389482,144.6812050738788,2.8157334895130113,0.0018159719922086774,0.005362569090819686,0.007178541083028364,0.6838168741974606,2.7031295338008867,0.25546409548143645
0.745,-60.749800023999995,3597.120576,376.6895858546095,120.58890303468903,2.784132389366508,0.0016875625257656078,0.005363739412224,0.007051301937989607,0.6356872289344055,2.6561520067571105,0.2509360120280999
0.746,-60.59989760786432,3598.1570359296,376.79812368462854,96.48501982834105,2.752665028906859,0.0015591505904014678,0.00536469710119895,0.006923847691600418,0.5874850170050538,2.608892818873184,0.2464002737224348
0.747,-60.449956801866236,3598.9632746495995,376.8825528059549,72.37187168826652,2.721326745398877,0.001430745467323213,0.00536544206577623,0.006796187533099443,0.5392230041403214,2.5613645068225233,0.24185720758361007
0.748,-60.299987200245766,3599.5392147456,376.94286511177165,48.251774847897074,2.6901128988842147,0.0013023564468004163,0.005365974234424934,0.0066683306812253505,0.4909139704537355,2.5135796724938158,0.23730714168061745
0.749,-60.14999840000768,3599.8848009216003,376.97905481149513,24.12704554066436,2.659018870246848,0.0011739928273955466,0.005366293556051558,0.006540286383447105,0.44257070642704793,2.4655509790283814,0.23275040510487918
0.75,-60.0,3600.0,376.99111843077515,0.0,2.6280400593003432,0.0010456639152029185,0.0053664,0.006412063915202919,0.3942060088950515,2.417291146841963,0.22818732794316438
0.751,-59.85000159999232,3599.8848009216003,376.97905481149513,-24.12704554066436,2.597171882895884,0.0009173790230958986,0.005366293556051558,0.006283672579147457,0.3458326770305846,2.368812949631918,0.22361824125079918
0.752,-59.70001279975424,3599.5392147456,376.94286511177165,-48.251774847897074,2.5664097730500703,0.000789147469981981,0.005365974234424934,0.006155121704406915,0.2974635083307137,2.320129210370794,0.2190434770251571
0.753,-59.550043198133764,3598.9632746495995,376.8825528059549,-72.37187168826652,2.5357491750915573,0.0006609785800653579,0.00536544206577623,0.006026420645841588,0.24911129460508735,2.271252797287289,0.21446336817941594
0.754,-59.40010239213568,3598.1570359296,376.79812368462854,-96.48501982834105,2.505185545825628,0.0005328816821166277,0.00536469710119895,0.005897578783315578,0.20078881796745401,2.222196619835584,0.2098782485165686
0.755,-59.25019997599999,3597.120576,376.6895858546095,-120.58890303468903,2.4747143517158263,0.0004048661087492877,0.005363739412224,0.0057686055209732875,0.15250884683133648,2.1729736246540416,0.2052884527036757
0.756,-59.10034554028032,3595.8539943936003,376.5569497389482,-144.68120507387877,2.444331067081835,0.0002769411957026939,0.005362569090819686,0.00563951028652238,0.10428413191086354,2.1235967915142893,0.20069431624634804
0.757,-58.950548670922245,3594.3574127616002,376.4002280769286,-168.75960971247875,2.4140311723127943,0.00014911628113116254,0.005361186249391719,0.005510302530522881,0.05612740222775298,2.074079129261689,0.1960961754634477
0.758,-58.80081894834176,3592.6309748736003,376.21943592406797,-192.82180071705724,2.3838101520953328,2.1400704898926425e-05,0.005359591020783207,0.005380991725682133,0.008051361125451538,2.024433671748209,0.19149436746199763
0.759,-58.65116594650368,3590.6748466176,376.01459065211696,-216.86546185418257,2.353663493655575,-0.00010619619211934834,0.005357783558274662,0.005251587366155314,-0.039931317708570335,1.9746734737587195,0.18688923011228875
0.76,-58.501599232,3588.4892160000004,375.78571194905993,-240.88827689042324,2.3235866850144733,-0.0002336650687327444,0.005355764035584,0.005122098966851256,-0.08780799421136039,1.9248116069317434,0.18228110202317635
0.761,-58.352128363128315,3586.0742931456,375.53282181911425,-264.8879295923474,2.2935752132558114,-0.0003609965841232304,0.0053535326468665346,0.004992536062743304,-0.13556606590285797,1.8748611556756833,0.1776703225175553
0.762,-58.20276288897024,3583.4303102975996,375.25594458273105,-288.8621037265236,2.2636245628063003,-0.0004881813985299927,0.005351089606714982,0.004862908208184989,-0.18319297183309108,1.8248352130815741,0.17305723160800673
0.763,-58.05351234846975,3580.5575218176004,374.955106876595,-312.8084830595202,2.233730213727206,-0.0006152101739291715,0.005348435150159463,0.004733224976230292,-0.23067619651718108,1.774746876833398,0.16844216997260827
0.764,-57.904386269511676,3577.4562041855997,374.63033765362354,-336.7247513579054,2.2038876400170038,-0.000742073574709215,0.005345569532667494,0.004603495957958279,-0.27800327385714463,1.7246092451170012,0.1638254789308996
0.765,-57.755394168,3574.1266560000004,374.2816681829685,-360.60859238824776,2.1740923079245618,-0.0008687622683420427,0.005342493030144,0.004473730761801958,-0.32516179104947945,1.674435412528699,0.1592075004199985
0.766,-57.60654554693632,3570.5691979775997,373.9091320500142,-384.45768991711543,2.1443396742724534,-0.000995266926050177,0.005339205938931302,0.004343939012881125,-0.3721393924775073,1.6242384659845768,0.15458857697085854
0.767,-57.45784989549824,3566.784172953599,373.5127651563791,-408.26972771107694,2.114625184790002,-0.0011215782234700045,0.005335708575809126,0.004214130352339121,-0.41892378358746063,1.5740314806316114,0.14996905168466623
0.768,-57.30931668811776,3562.7719458815995,373.09260571991484,-432.0423895367006,2.0849442724556995,-0.0012476868413113067,0.005332001277994598,0.0040843144366832914,-0.4655027347472853,1.5238275157616354,0.1453492682093698
0.769,-57.16095538355968,3558.5329038335994,372.6486942747063,-455.77335916055466,2.0552923558487173,-0.0013735834660131717,0.005328084403142246,0.003954500937129074,-0.5118640850871339,1.4736396107292518,0.14072957071633715
0.77,-57.012775424,3554.067456000001,372.1810736710723,-479.4603203492078,2.0256648375092485,-0.0014992587903963964,0.005323958329344001,0.0038246995389476044,-0.557995746320524,1.4234807808747745,0.13611030387713896
0.771,-56.864786234104315,3549.3760336896007,371.68978907556425,-503.100956869228,1.9960571023074825,-0.0016247035143124458,0.005319623455129191,0.0036949199408167453,-0.603885706545121,1.3733640134532723,0.13149181284045358
0.772,-56.71699722010624,3544.4590903295993,371.1748879709677,-526.6929524871838,1.9664645158210332,-0.0017499083452890596,0.00531508019946455,0.00356517185417549,-0.6495220340221282,1.3233022635708347,0.12687444320909216
0.773,-56.56941776888576,3539.3171014656004,370.6364201563017,-550.2339909696435,1.9368824227207497,-0.0018748639991725128,0.005310329001754215,0.0034354650025817017,-0.6948928809332275,1.2733084501291418,0.12225854101714241
0.774,-56.422057247047675,3533.9505647615993,370.07443774681803,-573.7217560831756,1.9073061451648097,-0.0019995612007665895,0.005305370321839718,0.003305809121073129,-0.7399864871140479,1.2233954517794408,0.11764445270722879
0.775,-56.274924999999996,3528.36,369.48899517400275,-597.1539315943484,1.8777309812011336,-0.002123990684468239,0.00530020464,0.003176213955531761,-0.784791183763112,1.173576102887075,0.11303252510789186
0.776,-56.12803035103231,3522.5459490816006,368.88014918557474,-620.5282012697302,1.8481522031781328,-0.002248143194899921,0.005294832456951399,0.0030466892620514777,-0.8292953971252175,1.1238631895076376,0.10842310541108462
0.777,-55.981382600394234,3516.5089760255996,368.2479588454863,-643.8422488758894,1.8185650561639357,-0.0023720094875385746,0.005289254293847654,0.0029172448063090792,-0.8734876521482081,1.0742694453759145,0.10381654114978929
0.778,-55.83499102437376,3510.2496669695993,367.5924855339237,-667.0937581793942,1.788964756374217,-0.0024955803293411653,0.00528347069227991,0.0027878903629387445,-0.9173565761120869,1.0248075479087257,0.09921318017575603
0.779,-55.68886487437567,3503.7686301696,366.91379294730626,-690.2804129468133,1.759346489608902,-0.002618846499366702,0.00527748221427671,0.0026586357149100083,-0.9608909022294119,0.9754901142228043,0.09461337063736684
0.78,-55.543013376,3497.066496,366.21194709828666,-713.3998969447148,1.729705409698,-0.002741798789394617,0.005271289442304,0.002529490652909383,-1.004079473215928,0.9263296971688615,0.09001746095762929
0.781,-55.397445728120324,3490.1439169535997,365.48701631575113,-736.4498939396674,1.7000366369569329,-0.0028644280045393767,0.005264892979265126,0.002400464974725749,-1.0469112448303777,0.8773387813829789,0.08542579981230423
0.782,-55.25217110196223,3483.0015676415996,364.7390712448194,-759.4280876982389,1.670335256651787,-0.0029867249638611286,0.005258293448500838,0.0022715684846397093,-1.089375289382425,0.8285297793564894,0.08083873610817471
0.783,-55.10719864018175,3475.6401447935996,363.96818484684457,-782.3321619869979,1.6405963174749822,-0.0031086805009722263,0.005251491493789286,0.0021428109928170597,-1.1314607992076406,0.7799150275254901,0.0762566189614612
0.784,-54.962537455943675,3468.0603672575994,363.17443239941315,-805.1598005725128,1.6108148300319,-0.0032302854646393715,0.005244487779346022,0.00201420231470665,-1.1731570901084782,0.7315067823811718,0.07167979767639325
0.785,-54.818196631999996,3460.262976,362.3578914963452,-827.9086872213524,1.5809857653391406,-0.0033515307193811438,0.005237282989824,0.0018857522704428561,-1.2144536047601802,0.6833172166021191,0.06710862172394506
0.786,-54.67418521976832,3452.2487341056003,361.5186420476939,-850.5765057000843,1.5511040533351166,-0.003472407146060609,0.005229877830313575,0.0017574706842529656,-1.2553399160805396,0.6353584152097635,0.06254344072074611
0.787,-54.53051223841024,3444.018426777599,360.6567662797461,-873.1609397752774,1.521164581403783,-0.0035929056424727195,0.0052222730263425015,0.001629367383869782,-1.2958057305624646,0.5876423717481652,0.05798460440817729
0.788,-54.38718667390976,3435.572861337599,359.7723487350222,-895.6596732134996,1.4911621929123857,-0.0037130171239261145,0.005214469323875941,0.0015014521999498266,-1.3358408915682551,0.5401809844893153,0.05343246263166643
0.789,-54.244217478151675,3426.9128672256006,358.86547627227606,-918.0703897813199,1.4610916857642189,-0.003832732523818972,0.005206467489316455,0.001373734965497483,-1.375435382584538,0.4929860526651329,0.04888736532019512
0.79,-54.10161356799999,3418.0392960000004,357.9362380664943,-940.390773245306,1.4309478109674418,-0.003952042794208443,0.005198268309504,0.0012462255152955572,-1.4145793304367666,0.44606927272737007,0.044349662466034064
0.791,-53.95938382437632,3408.9530213375997,356.98472560889775,-962.6185073720264,1.4007252712211329,-0.004070938906373256,0.005189872591715942,0.0011189336853426862,-1.4532630084622429,0.39944223463661155,0.03981970410472193
0.792,-53.81753709133824,3399.6549390335995,356.0110327069404,-984.75127592805,1.3704187195198156,-0.004189411851368954,0.005181281163667046,0.0009918693122980922,-1.4914768396405564,0.3531164181815666,0.03529784029530577
0.793,-53.67608217515776,3390.1459670015993,355.01525548430965,-1006.7867626799446,1.3400227577778683,-0.004307452640575221,0.005172494873509478,0.0008650422329342568,-1.5292113996803764,0.3071031893298729,0.030784421100863234
0.794,-53.53502784339967,3380.4270452735996,353.99749238092636,-1028.7226513942787,1.309531935475246,-0.004425052306234737,0.005163514589832806,0.0007384622835980691,-1.5664574200615318,0.26141379661160896,0.026279796569326302
0.795,-53.39438282399999,3370.4991360000004,352.95784415294486,-1050.556625837621,1.2789407483261233,-0.004542201901982907,0.005154341201664,0.0006121392996810936,-1.6032057910312925,0.21605936753673224,0.021784316714629666
0.796,-53.25415580434432,3360.3632234496,351.89641387275265,-1072.2863697765392,1.248243636972153,-0.004658892503367792,0.0051449756184674305,0.00048608311509963815,-1.6394475645537774,0.17105090504765913,0.017298331498207763
0.797,-53.11435543034624,3350.0203140096,350.81330692897103,-1093.909566977602,1.2174349857021654,-0.004775115208359534,0.005135418770144871,0.0003603035617853363,-1.6751739572114308,0.12639928400820066,0.01282219081086606
0.798,-52.97499030552575,3339.4714361856,349.70863102645455,-1115.423901207378,1.1865091212002628,-0.004890861137848468,0.005125671607035495,0.00023481046918702713,-1.7103763530574754,0.08211524773007475,0.008356244455054347
0.799,-52.83606899008767,3328.717640601599,348.5824961862911,-1136.827056232435,1.1554603113243742,-0.005006121436131113,0.005115735099915877,0.00010961366378476473,-1.7450463064182837,0.038209404538218146,0.0039008421275716983
0.8,-52.69759999999998,3317.7599999999993,347.43501474580233,-1158.1167158193423,1.1242827639174935,-0.005120887271383179,0.005105610239999999,-1.527703138318008e-05,-1.7791755446446063,-0.005307775623887257,-0.0005436665972661951
0.801,-52.55959180607232,3306.5996092415994,346.266301358543,-1179.290563734667,1.092970625653966,-0.005235149836118605,0.005095298038939238,-0.00013985179717936665,-1.8127559708105716,-0.048425964547644404,-0.004976932283963226
0.802,-52.422052833034236,3295.2375853055996,345.07647299430135,-1200.346283744979,1.0615179809232946,-0.0053489003476336824,0.005084799528822374,-0.00026410081881130844,-1.8457796663594235,-0.09113497907031336,-0.009398605651647986
0.803,-52.284991458613746,3283.6750672895996,343.86564893909923,-1221.2815596168452,1.0299188507541728,-0.0054621300484351655,0.005074115762175591,-0.00038801428625957497,-1.8782388936949117,-0.13342478434229016,-0.013808337589308717
0.804,-52.148416012615684,3271.913216409599,342.6339507951916,-1242.0940751168343,0.9981671917814899,-0.00557483020665129,0.005063247811962469,-0.0005115823946888207,-1.9101260987173059,-0.17528549704949567,-0.018205779170420665
0.805,-52.01233477599999,3259.9532159999994,341.3815024810673,-1262.7815140115151,0.9662568952593316,-0.005686992116424489,0.005052196771584,-0.0006347953448404891,-1.9414339133029768,-0.2167073885896334,-0.022590581666921322
0.806,-51.87675597996032,3247.7962715135995,340.1084302314482,-1283.3415600674562,0.9341817861231121,-0.0057986070982845575,0.005040963754878567,-0.0007576433434059908,-1.9721551577264937,-0.25768088820111756,-0.026962396562490776
0.807,-51.74168780500223,3235.4436105215996,338.8148625972898,-1303.7718970512249,0.9019356221041146,-0.005909666499500956,0.005029549896121958,-0.000880116603378998,-2.002282843024223,-0.2981965860434486,-0.0313208755650889
0.808,-51.60713838002175,3222.896482713599,337.5009304457809,-1324.0702087293907,0.8695120929000152,-0.00602016169441287,0.005017956350027365,-0.0010022053443855044,-2.0318101732983926,-0.338245236227842,-0.035665670618701226
0.809,-51.47311578138368,3210.1561598975986,336.1667669603439,-1344.2341788685212,0.8369048194049877,-0.006130084084735516,0.005006184291745382,-0.0011238997929901347,-2.0607305479605973,-0.3778177597968934,-0.03999643391423967
0.81,-51.33962803199999,3197.2239359999985,334.81250764063464,-1364.261491235185,0.8041073530033437,-0.006239425099841216,0.004994234916863998,-0.0012451901829772178,-2.0890375639137546,-0.41690524765210296,-0.044312817899545116
0.811,-51.20668310040831,3184.1011270656,333.4382903025423,-1384.1498295959507,0.7711131749307505,-0.006348176197013546,0.004982109441408615,-0.001366066755604931,-2.116725017671492,-0.45549896342804913,-0.048614475288431706
0.812,-51.07428889985024,3170.7890712575986,332.04425507818917,-1403.8968777173861,0.7379156957073092,-0.006456328861672911,0.004969809101842021,-0.0014865197598308896,-2.1437869074139946,-0.4935903463120564,-0.05290105906871493
0.8130000000000001,-50.94245328734976,3157.2891288575997,330.63054441593175,-1423.5003193660602,0.7045082546470238,-0.006563874607571724,0.004957335155064422,-0.0016065394525073022,-2.1702174349793495,-0.5311710138081622,-0.05717222250915666
0.8140000000000001,-50.81118406279167,3143.6026822656,329.19730308035923,-1442.957838308541,0.6708841194483484,-0.00667080497695732,0.004944688878413414,-0.0017261160985439063,-2.1960110077893877,-0.5682327644442455,-0.06142761916526357
0.8150000000000001,-50.68048896799999,3129.731135999999,327.74467815229445,-1462.2671183113969,0.6370364858707797,-0.006777111540700634,0.004931871569663999,-0.001845239971036635,-2.2211622407091296,-0.6047675804211511,-0.06566690288386602
0.8160000000000001,-50.550375685816306,3115.6759166975994,326.2728190287941,-1481.4258431411963,0.6029584775026622,-0.0068827858983885925,0.004918884547028582,-0.00196390135136001,-2.2456659578388773,-0.6407676302026888,-0.06988972780640605
0.8170000000000001,-50.42085183917824,3101.4384731135992,324.7818774231476,-1500.4316965645073,0.5686431456256462,-0.006987819678378036,0.004905729149156966,-0.0020820905292210706,-2.269517194238034,-0.6762252710453742,-0.0740957483708566
0.8180000000000001,-50.29192499019776,3087.0202761215996,323.27200736487845,-1519.2823623478992,0.5340834691814281,-0.00709220453780897,0.004892406735136358,-0.0021997978026726114,-2.2927111975798056,-0.7111330514668238,-0.07828461931219258
0.8190000000000001,-50.16360263923967,3072.4228187135986,321.74336519974287,-1537.9755242579388,0.4992723548467468,-0.007195932162574694,0.004878918684491366,-0.002317013478083328,-2.3152434297358453,-0.7454837136516905,-0.0824559956613284
0.8200000000000001,-50.035892223999994,3057.6476159999993,320.1961095897314,-1556.5088660611962,0.4642026372227778,-0.007298994267246484,0.004865266397183999,-0.002433727870062485,-2.3371095682900767,-0.7792701957941109,-0.08660953274243718
0.8210000000000001,-49.908801118584314,3042.696205209599,318.6304015130673,-1574.8800715242382,0.42886707914537775,-0.007401382594950113,0.0048514512936136695,-0.0025499313013364437,-2.3583055079807824,-0.8124856343755692,-0.09074488616855672
0.8220000000000001,-49.78233663258623,3027.5701456895986,317.0464042642074,-1593.0868244136338,0.39325837212292597,-0.007503088917191663,0.004837474814617189,-0.0026656141025744734,-2.378827362070242,-0.845123366377199,-0.09486171183539051
0.8230000000000001,-49.65650601016575,3012.2710189055992,315.4442834538424,-1611.126808495952,0.35736913690875843,-0.007604105033629754,0.004823338421468774,-0.0027807666121609804,-2.3986714636410937,-0.8771769314254892,-0.09895966591320215
0.8240000000000001,-49.53131642912767,2996.8004284415997,313.82420700889577,-1628.9977075377603,0.3211919242154651,-0.0077044227717913295,0.004809043595880039,-0.0028953791759112908,-2.417834366818693,-0.908640073870431,-0.10303840483670074
0.8250000000000001,-49.406774999999996,2981.159999999999,312.1863451725248,-1646.697205305627,0.2847192155786731,-0.007804033986727973,0.004794591839999999,-0.0030094421467279737,-2.436312847918774,-0.9395067447951632,-0.10709758529281045
0.8260000000000001,-49.28288876511232,2965.3513814015987,310.5308705041203,-1664.222985566121,0.24794342437817246,-0.007902930560609617,0.004779984676415078,-0.003122945884194539,-2.4541039065197197,-0.9697711039561898,-0.11113686420621136
0.8270000000000001,-49.15966469767423,2949.3762425855994,308.8579578793062,-1681.572732085811,0.2108568970245924,-0.008001104402252372,0.004765223648149094,-0.003235880754103278,-2.4712047664587944,-0.9994275216532877,-0.11515589872253659
0.8280000000000001,-49.03710970085376,2933.236275609598,307.16778448994,-1698.7441286312642,0.1734519143201407,-0.008098547446577113,0.004750310318663268,-0.003348237127913845,-2.4876128767517525,-1.0284705805282557,-0.1191543461891048
0.8290000000000001,-48.91523060685567,2916.933194649599,305.4605298441129,-1715.73485896905,0.13572069300219888,-0.0081952516539953,0.00473524627185623,-0.00346000538213907,-2.5033259124352467,-1.0568950772916825,-0.12313186413306298
0.8300000000000001,-48.794034176,2900.468735999999,303.73637576614897,-1732.5426068657357,0.09765538747897198,-0.008291209009718376,0.004720033112063999,-0.0035711758976543773,-2.5183417753315007,-1.0846960243769643,-0.12708811023681058
0.8310000000000001,-48.67352709580031,2883.844658073598,301.9955063966062,-1749.165056087891,0.059248091766614885,-0.008386411522987032,0.004704672464060005,-0.003681739058927027,-2.532658594734802,-1.1118686515208318,-0.13102274231057037
0.8320000000000001,-48.55371598004223,2867.0627414015994,300.2381081922759,-1765.5998904020832,0.02049084163771303,-0.008480851226216328,0.004689165973055078,-0.00379168525316125,-2.5462747280193336,-1.1384084072696845,-0.1349354182619662
0.8330000000000001,-48.43460736786176,2850.1247886335987,298.4643699261825,-1781.8447935748807,-0.018624383008796985,-0.008574520174052745,0.004673515304697446,-0.003901004869355299,-2.559188761167993,-1.1643109604110993,-0.13882579606246617
0.8340000000000001,-48.31620772282366,2833.0326245375986,296.6744826875844,-1797.8974493728533,-0.058105655545719365,-0.008667410442338921,0.004657722145072742,-0.0040096882972661795,-2.5713995092218664,-1.1895722013299048,-0.1426935337105402
0.8350000000000001,-48.19852343199999,2815.7880959999984,294.86863988197285,-1813.7555415625673,-0.0979610997728463,-0.008759514126981742,0.0046417882007039986,-0.004117725926277744,-2.5829060166500333,-1.2141882432882551,-0.1465382891913788
0.8360000000000001,-48.08156080504832,2798.393072025599,293.04703723107315,-1829.4167539105918,-0.13819888681821463,-0.008850823342719416,0.004625715198551653,-0.004225108144167763,-2.593707557639548,-1.2381554236292407,-0.15035972043301646
0.8370000000000001,-47.965326073290235,2780.8494437375994,291.2098727728435,-1844.8787701834963,-0.1788272317737502,-0.008941330221782832,0.004609504886013542,-0.00433182533576929,-2.603803636305359,-1.261470304903555,-0.1541574852586936
0.8380000000000001,-47.84982538878975,2763.159124377599,289.35734686147566,-1860.1392741478478,-0.21985439005338803,-0.009031026912446479,0.004593159030924901,-0.004437867881521578,-2.6131939868200975,-1.2841296759188414,-0.15793124133528746
0.8390000000000001,-47.735064823431664,2745.3240493055987,287.48966216739507,-1875.195949570215,-0.26128865346140095,-0.009119905577464112,0.0045766794215583734,-0.004543226155905739,-2.6218785734637,-1.3061305527114138,-0.16168064611764196
0.8400000000000001,-47.621050367999985,2727.346175999998,285.6070236772603,-1890.0464802171662,-0.3031383459582394,-0.009207958392384023,0.004560067866623998,-0.004647890525760025,-2.6298575905928514,-1.3274701794400574,-0.16540535678861298
0.8410000000000001,-47.50778793125631,2709.2274840575983,283.70963869396365,-1904.6885498552704,-0.3454118191108808,-0.009295177543738792,0.004543326195269221,-0.0047518513484695706,-2.6371314625303772,-1.3481460292017258,-0.16910503019464665
0.8420000000000001,-47.39528333901823,2690.969975193599,281.7977168366306,-1919.1198422510947,-0.3881174472142308,-0.009381555227104146,0.004526456257078886,-0.00485509897002526,-2.643700843374706,-1.3681558047689952,-0.17277932277669966
0.8430000000000001,-47.28354233323775,2672.575673241599,279.87147004062007,-1933.3380411712087,-0.4312636220698187,-0.009467083645021489,0.004509459922075238,-0.004957623722946251,-2.649566616729676,-1.387497439249219,-0.17642789049630786
0.8440000000000001,-47.17257057107968,2654.0466241535987,277.9311125575245,-1947.3408303821805,-0.4748587474075838,-0.009551755004778381,0.004492339080717925,-0.005059415924060456,-2.6547298953549583,-1.4061690966653784,-0.18005038875659987
0.8450000000000001,-47.062373623999996,2635.384895999998,275.97686095516985,-1961.1258936505787,-0.5189112329362073,-0.009635561516041252,0.004475095643903998,-0.005160465872137254,-2.6591920207375024,-1.4241691724587224,-0.18364647231805176
0.8460000000000001,-46.95295697682432,2616.5925789695984,274.00893411761535,-1974.69091474297,-0.5634294880069738,-0.009718495388334315,0.004457731542967909,-0.005260763845366406,-2.6629545625844457,-1.4414962939133364,-0.1872157952087689
0.8470000000000001,-46.84432602682622,2597.6717853695977,272.0275532451537,-1988.0335774259242,-0.6084219148759044,-0.009800548828358686,0.004440248729681509,-0.005360300098677178,-2.666019318238071,-1.4581493205029086,-0.19075801062908104
0.8480000000000001,-46.73648608280574,2578.6246496255985,270.03294185431116,-2001.1515654660109,-0.653896901548271,-0.009881714037145285,0.004422649176254053,-0.005459064860891232,-2.6683883120133833,-1.4741273441599554,-0.1942727708502218
0.8490000000000001,-46.62944236416767,2559.453328281598,268.0253257778471,-2014.0425626297954,-0.6998628141894763,-0.009961983207035206,0.004404934875332197,-0.005557048331703009,-2.670063794459053,-1.4894296894679409,-0.19775972710686865
0.8500000000000001,-46.523199999999996,2540.159999999999,266.00493316475485,-2026.7042526838484,-0.7463279890855977,-0.010041348518480962,0.00438710784,-0.005654240678480962,-2.6710482415425383,-1.5040559137767664,-0.20121852948330826
0.8510000000000001,-46.41776402815231,2520.746865561599,263.97199448026055,-2039.1343193947378,-0.7933007241366756,-0.01011980213666173,0.004369170103778918,-0.005750632032882811,-2.671344353760199,-1.518005807242151,-0.2046488267929826
0.8520000000000001,-46.313139394314234,2501.2161478655976,261.9267425058241,-2051.3304465290307,-0.8407892698653122,-0.010197336207905807,0.004351123720627813,-0.005846212487277994,-2.670955055173461,-1.5312793927895967,-0.20805026645117417
0.8530000000000001,-46.20933095109376,2481.570091929598,259.8694123391391,-2063.290317853297,-0.8888018199227399,-0.010273942855913095,0.004332970764942949,-0.0059409720909701464,-2.6698834923720325,-1.5438769260036385,-0.2114224943405746
0.8540000000000001,-46.106343457095676,2461.810964889598,257.80024139413206,-2075.0116171341047,-0.9373465010740666,-0.010349614177770352,0.004314713331557989,-0.006034900846212363,-2.6681330333653284,-1.5557988949431991,-0.21476515466947912
0.8550000000000001,-46.004181575999986,2441.9410559999983,255.7194694009632,-2086.492028138022,-0.9864313626439258,-0.010424342239751746,0.004296353535743999,-0.006127988704007747,-2.6657072664033645,-1.567046019883957,-0.21807788982233975
0.8560000000000001,-45.9028498756403,2421.9626766335987,253.62733840602618,-2097.7292346316167,-1.0360643654034012,-0.010498119072897112,0.004277893513209445,-0.006220225559687667,-2.6626099987284335,-1.5776192529887176,-0.22136034020240808
0.8570000000000001,-45.80235282708224,2401.8781602815984,251.52409277194792,-2108.720920381458,-1.0862533698784274,-0.010570936668360002,0.004259335420100197,-0.006311601248259805,-2.658845255258967,-1.5875197779068415,-0.22461214406618524
0.8580000000000001,-45.70269480370176,2381.6898625535982,249.40997917758892,-2119.464769154114,-1.1370061240596183,-0.010642786972517594,0.004240681432999525,-0.006402105539518069,-2.6544172772071275,-1.5967490093039283,-0.22783293734939747
0.859,-45.60388008026368,2361.4001611776002,247.28524661804343,-2129.9584647161523,-1.1883302504926703,-0.010713661881834109,0.0042219337489281025,-0.006491728132906006,-2.6493305206316786,-1.6053085923229524,-0.2310223534841995
0.86,-45.505912832,2341.011456,245.1501464046382,-2140.1996908341425,-1.2402332327282475,-0.010783553237469412,0.004203094585344,-0.006580458652125412,-2.643589654927837,-1.613200401978213,-0.23418002320731002
0.861,-45.40879713368832,2320.526168985601,243.00493216493436,-2150.186131274653,-1.2927224011094545,-0.010852452819624017,0.0041841661801426955,-0.006668286639481321,-2.6371995612558847,-1.6204265424834965,-0.23730557435876587
0.862,-45.31253695873024,2299.946744217599,240.84985984272578,-2159.915469804251,-1.3458049178745592,-0.010920352341611638,0.004165150791657062,-0.0067552015499545755,-2.630165330910345,-1.6269893465159235,-0.24039863167098133
0.863,-45.21713617822976,2279.2756478976007,238.6851876980406,-2169.385390189506,-1.3994877615519785,-0.01098724344365017,0.004146050698657384,-0.006841192744992786,-2.6224922636317065,-1.6328913744170768,-0.24345881654778598
0.864,-45.12259856007167,2258.5153683455997,236.5111763071394,-2178.5935761969854,-1.453777710623815,-0.011053117686361606,0.004126868200351334,-0.006926249486010272,-2.6141858658626305,-1.638135413333009,-0.24648574683310576
0.865,-45.02892776800001,2237.6684159999995,234.3280885625169,-2187.5377115932583,-1.5086813264336951,-0.011117966543971288,0.004107605616384,-0.007010360927587288,-2.605251848950804,-1.6427244762948823,-0.24947903656894266
0.866,-44.93612736069633,2216.7373234176002,232.13618967290114,-2196.215480144893,-1.5642049353137852,-0.011181781397196463,0.004088265286837863,-0.0070935161103586,-2.5956961273005157,-1.646661801241984,-0.2524382957422989
0.867,-44.84420079085824,2195.7246452735994,229.93574716325318,-2204.624565618457,-1.6203546099051858,-0.011244553525813916,0.004068849572232806,-0.00717570395358111,-2.585524816475216,-1.6499508499889823,-0.25536313002068006
0.868,-44.75315140427775,2174.6329583616002,227.72703087476805,-2212.7626517805193,-1.6771361496450545,-0.011306274100896036,0.004049360853526119,-0.007256913247369917,-2.574744231253342,-1.6525953071393225,-0.2582531404757978
0.869,-44.66298243891967,2153.4648615936007,225.5103129648739,-2220.627422397649,-1.7345550603929891,-0.01136693417670441,0.004029801532112487,-0.007337132644591923,-2.563360883639733,-1.6545990789467173,-0.26110792329508625
0.87,-44.573697024000005,2132.222976,223.28586790723222,-2228.216561236413,-1.7926165331682127,-0.011426524682229617,0.004010174029824,-0.007416350652405617,-2.551381480835051,-1.655966292126756,-0.26392706948062694
0.871,-44.485298179064316,2110.9099447296,221.05397249173822,-2235.52775206338,-1.8513254219682542,-0.011485036412365573,0.003990480788930151,-0.007494555623435422,-2.538812923165671,-1.6567012926206959,-0.2667101645350684
0.872,-44.397788813066235,2089.5284330495997,218.81490582452048,-2242.5586786451195,-1.9106862206386226,-0.011542460018706256,0.00397072427213783,-0.0075717357465684264,-2.5256623019765025,-1.6568086443135255,-0.2694567881341077
0.873,-44.311171723445774,2068.0811283456,216.5689493279409,-2249.3070247481987,-1.9707030387621793,-0.01159878599995239,0.0039509069625913345,-0.007647879037361056,-2.5119368974893197,-1.656293127708468,-0.27216651378509094
0.874,-44.22544959520769,2046.5707401216002,214.31638674059482,-2255.7704741391867,-2.0313795765355107,-0.01165400469191508,0.003931031363872359,-0.007722973328042721,-2.497644176629179,-1.6551597385601025,-0.2748389084712712
0.875,-44.140625,2025.0,212.05750411731103,-2261.946710584651,-2.0927190985985518,-0.011708106257102942,0.0039111,-0.007797006257102943,-2.4827917908215222,-1.653413686468307,-0.2774735322812435
0.876,-44.056700395192316,2003.3716617215991,209.79258982915175,-2267.8334178511604,-2.1547244067825777,-0.011761080673878878,0.0038911154154307576,-0.00786996525844812,-2.467387573762635,-1.6510603934352808,-0.2800699380230648
0.877,-43.973678122954226,1981.6885011455997,207.5219345634128,-2273.428279705284,-2.2173978117402893,-0.011812917725172052,0.0038710801750585343,-0.007941837550113517,-2.4514395391661337,-1.648105492387912,-0.2826276708225451
0.878,-43.89156040933377,1959.9533162496,205.2458313236232,-2278.7289799135892,-2.2807411034204708,-0.011863606986730117,0.00385099686421463,-0.008012610122515487,-2.434955878488167,-1.6445548256677696,-0.2851462677051775
0.879,-43.810349363335675,1938.1689271296004,202.96457542954545,-2283.733202242645,-2.3447555203485138,-0.011913137814896325,0.003830868088667751,-0.008082269726228573,-2.4179449586340955,-1.6404144434910508,-0.2876252571611592
0.88,-43.730046976,1916.3381759999995,200.67846451717543,-2288.4386304590184,-2.4094417176725345,-0.01196149933389549,0.0038106964746239995,-0.00815080285927149,-2.4004153196493636,-1.6356906023808055,-0.29006415869293556
0.881,-43.650655119480334,1894.4639271935998,198.38779853874271,-2292.8429483292794,-2.4747997339338705,-0.012008680422612383,0.0037904846687268866,-0.008218195753885497,-2.382375672397369,-1.6303897635737867,-0.2924624823446796
0.882,-43.572175546122246,1872.5490671615996,196.09287976271006,-2296.9438396199953,-2.54082895651924,-0.012054669700845587,0.003770235338057318,-0.008284434362788268,-2.3638348962270976,-1.6245185914043034,-0.29481972821310565
0.883,-43.49460988754176,1850.5965044735997,193.79401277377372,-2300.738988097736,-2.6075280857506833,-0.012099455515019338,0.0037499511701336065,-0.008349504344885732,-2.3448020366333644,-1.6180839516674645,-0.297135385938994
0.884,-43.417959653703676,1828.6091698175996,191.49150447286337,-2304.226077529068,-2.6748950975685895,-0.012143025923335556,0.003729634872911462,-0.008413391050424093,-2.3252863029125064,-1.611092909964234,-0.29940893417879333
0.885,-43.34222623199999,1806.5900159999999,189.1856640771422,-2307.40279168056,-2.742927204761835,-0.012185368680347836,0.003709289174784,-0.008476079505563835,-2.3052970658164154,-1.6035527300307493,-0.3016398400556525
0.886,-43.26741088632833,1784.5420179455994,186.87680312000666,-2310.266814318781,-2.8116208166986416,-0.012226471220938851,0.003688916824581734,-0.008537554396357117,-2.284843855207817,-1.5954708720543762,-0.3038275585892212
0.887,-43.193514756170245,1762.4681726975998,184.56523545108686,-2312.8158292102994,-2.8809714975111618,-0.012266320643682525,0.0036685205915725824,-0.008597800052109942,-2.2639363577197926,-1.5868549909790384,-0.30597153210355665
0.888,-43.12053885566976,1740.3714994175998,182.25127723624615,-2315.0475201216836,-2.9509739226865634,-0.012304903693572174,0.0036481032654618623,-0.008656800428110312,-2.2425844144225318,-1.5777129348023868,-0.3080711896124666
0.889,-43.04848407271169,1718.2550393855993,179.9352469575813,-2316.959570819502,-3.0216218340179184,-0.012342206744096043,0.003627667656392294,-0.008714539087703749,-2.2207980185004472,-1.5680527428674695,-0.3101259461816281
0.89,-42.97735116799999,1696.1218559999998,177.61746541342282,-2318.549665070321,-3.0929079928686747,-0.01237821577864181,0.0036072165949439998,-0.00877099918369781,-2.1985873129427964,-1.5578826441516056,-0.312135202266826
0.891,-42.90714077413631,1673.9750347775998,175.2982557183342,-2319.815486640712,-3.164824131705849,-0.012412916371212298,0.0035867529321345023,-0.008826163439077796,-2.1759625882510703,-1.5472110555552714,-0.3140983430276796
0.892,-42.83785339469822,1651.8176833535997,172.97794330311265,-2320.754719297241,-3.237360903859332,-0.012446293666435283,0.003566279539418726,-0.008880014127016556,-2.1529342801665323,-1.5360465801939092,-0.31601473761624754
0.893,-42.76948940331775,1629.6529314815998,170.6568559147888,-2321.365046806478,-3.3105078314671283,-0.012478332358851608,0.0035457993086889985,-0.00893253305016261,-2.1295129674213853,-1.5243980056956894,-0.31788373843995055
0.894,-42.702049042759676,1607.4839310335997,168.33532361662662,-2321.644152934991,-3.384253251570533,-0.012509016671467112,0.003525315152275046,-0.008983701519192066,-2.105709369517194,-1.5122743025083767,-0.3197046803982942
0.895,-42.63553242399999,1585.3138559999998,166.01367878812354,-2321.589721449347,-3.458584260327813,-0.012538330333555957,0.0035048300029439997,-0.009033500330611958,-2.0815343445343446,-1.4996846222186213,-0.3214768800929522
0.896,-42.5699395253043,1563.1459024895994,163.6922561250104,-2321.1994361161164,-3.5334866553213145,-0.012566256557705376,0.00348434681390039,-0.009081909743804985,-2.0569988869765,-1.4866382958871533,-0.3231996350108536
0.897,-42.50527019130625,1540.9832887295993,161.3713926392516,-2320.4709807018653,-3.608944875940325,-0.012592778016094744,0.00346386855878615,-0.009128909457308595,-2.032114125654161,-1.4731448324035226,-0.3248722226800212
0.898,-42.441524132085746,1518.8292550655997,159.05142765904486,-2319.4020389731645,-3.684941941831619,-0.01261787681600585,0.0034433982316806142,-0.009174478584325236,-2.0068913216116937,-1.4592139168642615,-0.3264938997980511
0.899,-42.37870092224768,1496.6870639615995,156.73270282882126,-2317.990294696581,-3.76145938941967,-0.012641534474565069,0.003422938847100518,-0.00921859562746455,-1.9813418661023061,-1.4448554089784724,-0.328063901333258
0.9,-42.31679999999999,1474.5599999999995,154.41556210924546,-2316.2334316386823,-3.838477206513313,-0.012663731892724194,0.0034024934399999995,-0.009261238452724195,-1.9554772786157852,-1.4300793415051651,-0.32958143959872577
0.901,-42.25582066623231,1452.4513698815995,152.10035177721548,-2314.129133566039,-3.9159737650289053,-0.012684449328491844,0.0033820650657705982,-0.009302384262721244,-1.929309204963874,-1.4148959187267345,-0.3310457032996884
0.902,-42.19576208359424,1430.3645024255993,149.78742042586276,-2311.675084245218,-3.9939257518796794,-0.012703666369435172,0.0033616568002412537,-0.00934200956919392,-1.9028494154284799,-1.3993155149632828,-0.33245585655494375
0.903,-42.13662327557377,1408.3027485695995,147.47711896455223,-2308.8689674427874,-4.072308098100485,-0.01272136190447954,0.00334127173967831,-0.00938009016480123,-1.8761098029780519,-1.3833486731326174,-0.3338110378932822
0.904,-42.078403125575676,1386.2694813695994,145.1698006188822,-2305.7084669253168,-4.151093906301014,-0.012737514095043052,0.0033209130007855097,-0.009416601094257543,-1.8491023815576015,-1.3670061033609153,-0.3351103592262471
0.905,-42.021100376000035,1364.2680959999993,142.86582093068444,-2302.1912664593733,-4.230254376567241,-0.01275210034555367,0.0033005837207039992,-0.00945151662484967,-1.8218392844579896,-1.35029868164916,-0.33635290479892066
0.906,-41.964713627320315,1342.3020097535991,140.56553775802408,-2298.3150498115256,-4.309758730961385,-0.012765097273408712,0.0032802870570123256,-0.009484810216396387,-1.7943327627701826,-1.333237448600559,-0.33753773012086785
0.907,-41.90924133716224,1320.3746620415993,138.2693112751998,-2294.0775007483426,-4.389574136803222,-0.012776480678449463,0.0032600261877264378,-0.009516454490723025,-1.7665951839301048,-1.3158336082140552,-0.338663860879823
0.908,-41.85468181938174,1298.4895143935992,135.97750397274362,-2289.4763030363924,-4.469665628955348,-0.012786225512039449,0.0032398043112996855,-0.009546421200739764,-1.73863903035974,-1.2980985267490752,-0.33973029184127274
0.909,-41.80103324314366,1276.6500504575993,133.6904806574211,-2284.5091404422433,-4.549996031373809,-0.012794305845850429,0.003219624646622822,-0.009574681199227606,-1.7104768982097962,-1.2800437316663118,-0.34073598573763725
0.91,-41.74829363200001,1254.8597759999996,131.40860845223105,-2279.1736967324637,-4.630525878233668,-0.012800694840479257,0.0031994904330239996,-0.009601204407455257,-1.682121496209033,-1.261680910649123,-0.34167987215143264
0.911,-41.6964608629683,1233.1222189055995,129.13225679640587,-2273.4676556736217,-4.711213334987184,-0.012805364714037934,0.003179404930268774,-0.00962595978376916,-1.653585644624781,-1.2430219107095548,-0.342560846397479
0.912,-41.64553266561023,1211.4409291775992,126.86179744541128,-2267.3887010322856,-4.7920141197664865,-0.012808286710880714,0.0031593714185601017,-0.009648915292320613,-1.6248822743385023,-1.224078737382309,-0.34337776840998624
0.913,-41.59550662110978,1189.8194789375993,124.59760447094659,-2260.9345165750246,-4.872881425601722,-0.012809431070655708,0.003139393198538342,-0.009670037872117367,-1.5960244260394139,-1.2048635540091537,-0.34412946164118746
0.914,-41.54638016135169,1168.2614624255993,122.34005426094436,-2254.1027860684067,-4.9537658439857495,-0.012808766997892218,0.003119473591281254,-0.009689293406610964,-1.5670252495379273,-1.1853886811149956,-0.34481471197903785
0.915,-41.498150568000014,1146.7704959999992,120.0895255195707,-2246.8911932789997,-5.03461529038331,-0.012806262632361785,0.0030996159383039996,-0.009706646694057786,-1.5378980031993352,-1.165666595875509,-0.3454322666924479
0.916,-41.45081497157631,1125.3502181375993,117.84639926722511,-2239.297421973371,-5.115374932351381,-0.012801885020478198,0.0030798236015591417,-0.009722061418919056,-1.508656053496382,-1.1457099316744201,-0.34598083341348956
0.917,-41.40437035053821,1104.0042894335993,115.61105884054051,-2231.3191559180923,-5.195987121008202,-0.012795600088029891,0.0030600999634366457,-0.009735500124593247,-1.479312874677249,-1.1255314777464394,-0.34645907916701946
0.918,-41.35881353035776,1082.7363926015994,113.38388989238328,-2222.9540788797294,-5.276391326663413,-0.012787372614567954,0.003040448426763878,-0.009746924187804075,-1.4498820485430501,-1.1051441788993845,-0.3468656294592197
0.919,-41.31414118259967,1061.5502324735992,111.1652803918532,-2214.199874624851,-5.356524079496236,-0.012777166209802761,0.0030208724148056056,-0.009756293794997156,-1.4203772643260362,-1.0845611353061564,-0.3471990674376212
0.92,-41.27034982400001,1040.4495359999992,108.95562062428354,-2205.0542269200255,-5.436318916243939,-0.01276494329239198,0.0030013753712639993,-0.00976356792112798,-1.3908123186563535,-1.0637956023538448,-0.3474579331362271
0.921,-41.22743581554434,1019.4380522495992,106.75530319124096,-2195.514819531821,-5.515706333939018,-0.012750665071533175,0.0029819607602786296,-0.009768704311254546,-1.36120111560149,-1.0428609905335617,-0.3476407228204465
0.922,-41.18539536154624,998.5195524095991,104.5647230105255,-2185.5793362268078,-5.594613751804884,-0.012734291531802597,0.0029626320664264696,-0.009771659465376127,-1.331557666758219,-1.0217708653502344,-0.347745888447549
0.923,-41.144224508725756,977.697829785599,102.38427731617072,-2175.2454607715513,-5.672965482489988,-0.012715781421709572,0.0029433927947218937,-0.009772388626987679,-1.3018960913721245,-1.0005389472268993,-0.347771837259348
0.924,-41.103919145287676,956.9766998015991,100.21436565844361,-2164.510876932622,-5.7506827138848635,-0.012695092246461776,0.0029242464706166777,-0.009770845775845098,-1.2722306164545927,-0.9791791113727999,-0.3477169315247366
0.925,-41.06447499999997,936.3599999999991,98.05538990384453,-2153.373268476588,-5.8276835028227705,-0.012672180265458775,0.0029051966399999993,-0.009766983625458775,-1.2425755768613642,-0.9577053875788252,-0.3475794884504902
0.926,-41.02588764127231,915.8515900415989,95.90775423510726,-2141.8303191700156,-5.903882782013185,-0.01264700049505076,0.0028862468691984375,-0.009760753625852322,-1.212945415290608,-0.9361319598976766,-0.3473577802794421
0.927,-40.98815247623421,895.4553517055991,93.77186515119915,-2129.879712779476,-5.979192381595229,-0.01261950671711443,0.0028674007449759737,-0.009752105972138455,-1.183354682151906,-0.9144731661595711,-0.3470500345956746
0.928,-40.95126474981374,875.175188889599,91.6481314673208,-2117.5191330715365,-6.053521066719001,-0.01258965149400608,0.0028486618745339897,-0.00974098961947209,-1.1538180352504208,-0.8927434972671853,-0.34665443485665803
0.929,-40.9152195438157,855.0150276095992,89.53696431490636,-2104.7462638127645,-6.126774592573893,-0.012557386190456692,0.00283003388551127,-0.009727352304945423,-1.1243502392234188,-0.8709575962064204,-0.346169121172435
0.93,-40.880011776,834.9788159999989,87.43877714162335,-2091.5587887697297,-6.19885577826922,-0.012522661002968123,0.002811520425983999,-0.009711140576984124,-1.0949661646586273,-0.8491302567018904,-0.3455921913517482
0.931,-40.84563619916031,815.0705243135991,85.3539857113728,-2077.954391709,-6.269664600942127,-0.012485424997257409,0.0027931251644657657,-0.009692299832791643,-1.0656807868163256,-0.8272764214384388,-0.344921702234578
0.932,-40.812087400202216,795.2941449215988,83.28300810428904,-2063.9307563971433,-6.339098311414918,-0.012445626154275394,0.0027748517899075574,-0.009670774364367836,-1.0365091838694693,-0.8054111797623972,-0.3441556713298162
0.933,-40.77935979922174,775.6536923135991,81.22626471674002,-2049.4855666007293,-6.407051572641717,-0.012403211425292885,0.0027567040116977656,-0.009646507413595119,-1.007466534568534,-0.7835497647686722,-0.343292078775627
0.934,-40.74744764858367,756.153203097599,79.18417826132692,-2034.6165060863243,-6.473416622080002,-0.01235812679650623,0.0027386855596621814,-0.009619441236844047,-0.9785681152306303,-0.7617075496726181,-0.34232886963857817
0.935,-40.716345032000014,736.7967359999989,77.15717376688448,-2019.3212586204982,-6.5380834589855645,-0.012310317363559631,0.002720800184063999,-0.009589517179495632,-0.9498292959456658,-0.7399000433588685,-0.34126395656568087
0.936,-40.68604586360833,717.5883718655989,75.14567857848087,-2003.597507969819,-6.600940057464179,-0.012259727416315699,0.0027030516556038136,-0.009556675760711885,-0.9212655358862492,-0.7181428849932144,-0.3400952228011347
0.937,-40.65654388705025,698.5322136575991,73.15012235741763,-1987.442937900855,-6.661872605916432,-0.012206300534127528,0.002685443765419622,-0.009520856768707908,-0.8928923776028409,-0.6964518375784313,-0.3388205255767939
0.9380000000000001,-40.62783267454978,679.632386457599,71.17093708122974,-1970.8552321801747,-6.720765773284035,-0.012149979691774726,0.0026679803250868215,-0.009481999366687904,-0.8647254401815181,-0.674842780330805,-0.3374376998821318
0.9390000000000001,-40.59990562599167,660.893037465599,69.20855704368566,-1953.8320745743463,-6.777503002246318,-0.012090707376122615,0.0026506651666182135,-0.0094400422095044,-0.8367804111388929,-0.6533316997512857,-0.33594456261581496
0.9400000000000001,-40.57275596799997,642.3183359999988,67.26341885478722,-1936.3711488499373,-6.831966829226284,-0.012028425713448563,0.002633502142463999,-0.009394923570984565,-0.8090730369273834,-0.631934679263848,-0.3343389171168884
0.9410000000000001,-40.54637675301628,623.912473497599,65.33596144076978,-1918.470138773518,-6.88403923074964,-0.01196307660725391,0.0026164951255117815,-0.009346581481742128,-0.7816191119245164,-0.6106678872941166,-0.3326185580691149
0.9420000000000001,-40.52076085837826,605.6796635135989,63.426626044102015,-1900.1267281116554,-6.93360199535535,-0.011894601886242421,0.0025996480090865657,-0.009294953877155855,-0.7544344657821684,-0.5895475636635406,-0.3307812767671123
0.9430000000000001,-40.49590098539774,587.6241417215989,61.53585622348609,-1881.3386006309183,-6.980537119893916,-0.011822943462002404,0.0025829647069507576,-0.009239978755051646,-0.7275349490161849,-0.5685900041789241,-0.3288248667278166
0.9440000000000001,-40.47178965843968,569.7501659135991,59.66409785385761,-1862.1034400978747,-7.024727228663787,-0.011748043495775764,0.0025664491533041655,-0.009181594342471597,-0.7009364167233406,-0.5478115433036508,-0.32674712962532376
0.9450000000000001,-40.44841922400004,552.062015999999,57.81179912638559,-1842.4189302790935,-7.066056013448858,-0.011669844573543376,0.0025501053027839993,-0.009119739270759377,-0.6746547103218306,-0.5272285348061513,-0.324545881521686
0.9460000000000001,-40.42578184978431,534.5639940095989,55.97941054847247,-1822.2827549411427,-7.10440869211159,-0.011588289888493482,0.0025339371304648694,-0.009054352758028612,-0.6487056372226889,-0.5068573302923777,-0.3222189593604488
0.9470000000000001,-40.40386952378624,517.260424089599,54.16738494375417,-1801.69259785059,-7.139672483002478,-0.011503323429783212,0.0025179486318587896,-0.008985374797924422,-0.6231049483535738,-0.4867142555430795,-0.31976422768414314
0.9480000000000001,-40.38267405336573,500.1556525055989,52.37617745209996,-1780.646142774005,-7.171737092056883,-0.011414890176348287,0.0025021438229151736,-0.008912746353433114,-0.5978683134726505,-0.46681558459296957,-0.31717958553142755
0.9490000000000001,-40.362187064327635,483.25404764159885,50.60624552961262,-1759.141073477956,-7.2004952090700005,-0.011322936294364516,0.0024865267400208373,-0.008836409554343679,-0.5730112942287728,-0.44717751150733104,-0.31446297346418783
0.9500000000000001,-40.3424,466.55999999999887,48.858048948628344,-1737.1750737290104,-7.225843009299123,-0.011227409336829012,0.002471101439999999,-0.008756307896829012,-0.5485493149450787,-0.42781611983253276,-0.3116123806700716
0.9510000000000001,-40.32330412031232,450.0779222015988,47.13204979771671,-1714.7458272937374,-7.24768065622279,-0.011128258443601713,0.0024558720001142775,-0.008672386443487435,-0.5244976311256974,-0.4087473497194931,-0.30862585208140336
0.9520000000000001,-40.30489050087421,433.81224898559896,45.4287124816808,-1691.851017938705,-7.265912801012705,-0.011025434540138922,0.002440842518062694,-0.008584592022076228,-0.5008712957095637,-0.38998696274343175,-0.3055014954475526
0.9530000000000001,-40.28715003205381,417.76743720959894,43.74850372155704,-1668.4883294304811,-7.280449074055004,-0.01091889053306342,0.0024260171119816695,-0.00849287342108175,-0.47768512312099903,-0.37155050446890786,-0.30223748829472424
0.9540000000000001,-40.270073418055716,401.947965849599,42.09189255461537,-1644.655445535635,-7.291204563691068,-0.010808581500649382,0.0024113999204450295,-0.008397181580204353,-0.4549536511931372,-0.35345326483555695,-0.2988320847047813
0.9550000000000001,-40.253651175999984,386.3583359999988,40.45935033435911,-1620.350050020734,-7.298100277243361,-0.010694464876258723,0.002396995102463999,-0.008297469773794725,-0.4326911010670501,-0.33571023646671616,-0.29528362184322865
0.9560000000000001,-40.23787363500031,371.00307087359886,38.85135073052505,-1595.5698266523477,-7.301063579371233,-0.010576500622757334,0.0023828068374872054,-0.008193693785270129,-0.4109113351963618,-0.3183360710300532,-0.29159052616619674
0.9570000000000001,-40.222730935242204,355.88671580159894,37.26836972908339,-1570.3124591970438,-7.300028602839747,-0.01045465139595481,0.0023688393254006775,-0.008085812070554131,-0.3896278136131216,-0.3013450338052967,-0.2877513192368018
0.9580000000000001,-40.20821302706175,341.0138382335989,35.71088563223775,-1544.5756314213902,-7.294936626907843,-0.010328882695160297,0.0023550967865278456,-0.007973785908632451,-0.36885354863566894,-0.2847509566391224,-0.2837646230830054
0.9590000000000001,-40.19430967002367,326.389027737599,34.179379058425205,-1518.3570270919563,-7.285736418749722,-0.01019916299902978,0.0023415834616295414,-0.007857579537400239,-0.3486010582225037,-0.26856718949052816,-0.279629165032037
0.9600000000000001,-40.181010431999994,312.01689599999895,32.67433294231624,-1491.6543299753096,-7.272384533595949,-0.010065463884988397,0.002328303611903999,-0.007737160273084398,-0.3288823181969708,-0.25280655079082204,-0.27534378196029885
0.9610000000000001,-40.168304688248334,297.90207682559895,31.196232534814794,-1464.4652238380188,-7.254845569644211,-0.009927760130656228,0.0023152615189868534,-0.0076124986116693745,-0.309708713585815,-0.2374812768605926,-0.27090742390282474
0.9620000000000001,-40.15618162049022,284.04922613759896,29.745565403058226,-1436.7873924466523,-7.233092374212693,-0.009786029795874115,0.0023024614849511417,-0.007483568310922973,-0.29109098932945005,-0.22260297064081325,-0.26631915697234776
0.9630000000000001,-40.144630215989736,270.46302197759894,28.322821430417317,-1408.6185195677783,-7.2071061981031,-0.009640254284122742,0.0022899078323073015,-0.00735034645181544,-0.27303920063302395,-0.20818255000647024,-0.26157816554503344
0.9640000000000001,-40.133639266631654,257.14816450559886,26.928492816496302,-1379.9562889679655,-7.176876795694052,-0.009490418382348556,0.0022776049040031734,-0.007212813478345383,-0.25556266323461757,-0.19423019593835134,-0.25668375367777163
0.9650000000000001,-40.123197367999985,244.10937599999892,25.56307407713284,-1350.7983844137816,-7.142402468878622,-0.009336510278445937,0.002265557063423999,-0.007070953215021938,-0.23866990386982564,-0.18075530083154642,-0.2516353457303181
0.9660000000000001,-40.11329291845633,231.351400857599,24.22706204439801,-1321.1424896717958,-7.103690053599923,-0.009178521555899892,0.0022537686943924218,-0.0069247528615074706,-0.22236861121063126,-0.16776641721786414,-0.24643248617464308
0.9670000000000001,-40.10391411821823,218.879005593599,22.92095586659633,-1290.9862885085759,-7.060754848396422,-0.009016447165355126,0.0022422442011684855,-0.00677420296418664,-0.2066655875506024,-0.15527120717348802,-0.24107483858315445
0.9680000000000001,-40.09504896843774,206.69697884159902,21.645257008265745,-1260.3274646906905,-7.013620485041699,-0.008850285373145247,0.0022309880084496374,-0.006619297364695609,-0.19156670149822397,-0.14327639267297262,-0.23556218379699678
0.9690000000000001,-40.08668527027972,194.810131353599,20.40046925017764,-1229.1637019847078,-6.96231874203781,-0.008680037687084136,0.0022200045613707258,-0.006460033125713411,-0.17707684192574297,-0.13178770713624538,-0.22989441728517476
0.9700000000000001,-40.07881062400001,183.22329599999907,19.18709868933684,-1197.4926841571964,-6.906889302377382,-0.008505708760082532,0.0022092983255039994,-0.006296410434578533,-0.16319987340246042,-0.12080984839682858,-0.22407154571453855
0.9710000000000001,-40.0714124280243,171.94132776959904,18.005653738981568,-1165.3120949747242,-6.847379457619541,-0.008327306272403603,0.0021988737868591096,-0.006128432485544493,-0.14993859331934858,-0.1103464332974403,-0.2180936827595905
0.9720000000000001,-40.06447787802621,160.9691037695991,16.85664512858352,-1132.6196182038598,-6.783843760925334,-0.00814484079361011,0.0021887354518831097,-0.005956105341727001,-0.13729469088669619,-0.10039995409395272,-0.21196104418957298
0.9730000000000001,-40.05799396600573,150.31152322559907,15.740585903847789,-1099.412937611172,-6.716343632232499,-0.007958325625468459,0.002178887847460454,-0.005779437778008005,-0.12526870815847946,-0.09097173682067819,-0.20567394227786495
0.9740000000000001,-40.05194747936772,139.97350748159909,14.657991426712922,-1065.6897369632284,-6.644946919237895,-0.007767776627269133,0.0021693355209129977,-0.005598441106356135,-0.11386000320713197,-0.08206190173992543,-0.19923277958562757
0.9750000000000001,-40.04632500000001,129.95999999999913,13.609379375350894,-1031.447700026598,-6.569727418271329,-0.007573212025188479,0.002160083039999999,-0.00541312898518848,-0.10306671554075947,-0.07366932596713821,-0.19263804217752598
0.9760000000000001,-40.04111290335231,120.27596636159915,12.595269744167098,-996.6845105678485,-6.490764359480192,-0.007374652207450148,0.002151134992918118,-0.00522351721453203,-0.09288573382225195,-0.06579160833033126,-0.1858902923321007
0.9770000000000001,-40.03629735751428,110.92639426559919,11.616184843800378,-961.397852353549,-6.408141861013103,-0.007172119507151695,0.0021424959883014137,-0.005029623518850281,-0.08331266591690055,-0.05842503648969056,-0.17899016081317726
0.9780000000000001,-40.03186432229375,101.9162935295992,10.672649301122993,-925.5854091502675,-6.321948357062257,-0.006965637974689848,0.0021341706552213497,-0.004831467319468498,-0.07434181126244939,-0.05156455631052405,-0.17193833877112094
0.9790000000000001,-40.02779954829569,93.25069608959922,9.765190059240645,-889.2448647245722,-6.232276004718864,-0.006755233141755783,0.0021261636431867898,-0.004629069498568993,-0.06596613552372652,-0.04520374345096,-0.16473556934409228
0.9800000000000001,-40.024088575999976,84.93465599999924,8.894336377492461,-852.3739028430318,-6.139220074616732,-0.006540931778879916,0.0021184796221439994,-0.004422452156735916,-0.058177247463588114,-0.03933477709537625,-0.15738263902974792
0.9810000000000001,-40.02071673484029,76.97324943359928,8.060619831451007,-814.9702072722145,-6.042878330257778,-0.006322761648473368,0.0021111232824766457,-0.004211638365996723,-0.05096537793322229,-0.033948415735853096,-0.14988036889668052
0.9820000000000001,-40.017669142282266,69.3715746815993,7.264574312922268,-777.0314617786886,-5.943350400781221,-0.006100751255260757,0.0021040993350057977,-0.003996651920254959,-0.044319360858495575,-0.029033974877575634,-0.14222960570302345
0.9830000000000001,-40.014930702901744,62.134752153599315,6.506736029945673,-738.5553501290224,-5.840737151715805,-0.005874929595910459,0.002097412510989926,-0.003777517084920533,-0.038226616075104754,-0.02457930652018778,-0.13443121298649585
0.9840000000000001,-40.01248610746369,55.26792437759936,5.78764350679408,-699.5395560897846,-5.7351400579761105,-0.005645325909557778,0.002091067562124902,-0.0035542583474328757,-0.032673133844188455,-0.02057078024598854,-0.12648606218622332
0.9850000000000001,-40.01031983200005,48.77625599999938,5.107837583973771,-659.9817634275432,-5.626660583034764,-0.0054119694307853995,0.0020850692605439997,-0.0033269001702414,-0.0276434608618828,-0.016993265727687758,-0.1183950238520071
0.9860000000000001,-40.008416136888364,42.66493378559941,4.467861418224469,-619.8796559088669,-5.51539956780844,-0.005174889146468874,0.002079422398817894,-0.0030954667476509796,-0.023120687561096837,-0.013830116453226592,-0.11015895899113806
0.9870000000000001,-40.006759065930225,36.939166617599454,3.8682604825193256,-579.2309173003237,-5.401456632378546,-0.004934113557728827,0.002074131789954662,-0.002859981767774165,-0.01908643649162526,-0.011063154453006567,-0.10177871059694538
0.9880000000000001,-40.00533244542977,31.604185497599484,3.3095825660649205,-538.0332313684821,-5.284929593208406,-0.004689670448049056,0.002069202267399782,-0.002620468180649274,-0.01552085155545302,-0.008672655805604699,-0.09325509539677132
0.9890000000000001,-40.00411988327166,26.665243545599516,2.79237777430127,-496.2842818799106,-5.165913898040406,-0.004441586658429241,0.0020646386850361343,-0.0023769479733931065,-0.012402587867630857,-0.0066373366915733565,-0.08458889585028849
0.9900000000000001,-40.003104768000036,22.127615999999563,2.3171985289018195,-453.9817526011774,-5.044502080156402,-0.0041898878702420605,0.002060445917184,-0.0021294419530580606,-0.00970880200918848,-0.004934339761007956,-0.07578085242199503
0.991,-40.002270267896314,17.99660021760003,1.884599567773491,-411.1233272988558,-4.9207832331890335,-0.003934598396267282,0.0020566288586010627,-0.0018779695376662194,-0.007415142436967591,-0.00353922057897754,-0.06683165614470532
0.992,-40.00159933005825,14.277515673600025,1.4951379450564988,-367.7066897395045,-4.794842507155271,-0.0036757409801697824,0.0020531924244824064,-0.001622548555687376,-0.005495739815651009,-0.0024259339133048136,-0.057741941483536514
0.993,-40.00107467947773,10.975703961600018,1.1493730311246335,-323.7295236896966,-4.666760625892172,-0.0034133366044934773,0.0020501415504605184,-0.0013631950540329589,-0.003923197039355332,-0.0015668196312679705,-0.048512279502952275
0.994,-40.00067881811963,8.096528793600015,0.8478665125850678,-279.18951291600047,-4.5366134255696196,-0.0031474043070412834,0.0020474811926052866,-0.0010999231144359967,-0.0026685787135063152,-0.000932587975148555,-0.03914317133224188
0.995,-40.00039402400001,5.6453760000000095,0.5911823922784054,-234.08434118498457,-4.404471413481439,-0.0028779610053237016,0.002045216327424,-0.0008327446778997015,-0.0017013998720112305,-0.0004923039908378557,-0.029635041918138844
0.996,-40.00020235026434,3.627653529600006,0.3798869892786821,-188.41169226321716,-4.270399345842102,-0.0026050213285694654,0.0020433519518613507,-0.0005616693767081147,-0.0009896137095170066,-0.0002133708884876796,-0.019988234046552124
0.997,-40.00008562426621,2.0487914496000035,0.21454893889336513,-142.16924991726665,-4.1344558228636386,-0.0023285974566117622,0.0020418930832994306,-0.0002867043733123316,-0.0004995981134258425,-6.151211907024798e-05,-0.010203002608979772
0.998,-40.00002544664577,0.9142419456000016,0.09573919266335348,-95.35469791370136,-3.9966928989512205,-0.0020486989647899856,0.0020408447595577344,-7.85420523225118e-06,-0.00019614078489924125,-7.519552679480147e-07,-0.0002795090829982626
0.999,-40.00000319040768,0.22947932160000048,0.0240310183629777,-47.96572001908971,-3.8571557054300776,-0.0017653326738375419,0.0020402120388931587,0.0002748793650556168,-4.2422741901754496e-05,6.605631069255179e-06,0.009782183809808428
1.0,-40.0,0.0,0.0,-0.0,-3.715882082800836,-0.0014785025035609013,0.0,-0.0014785025035609013,-0.0,-0.0,-0.05261574745768332
